source_id,field,id,ra,dec,grizliv,pixscale,f_r02,f_r05,ratio_r05_r02,measurable,reason
1513,primer-uds-north,78467,34.202284004467685,-5.095347047843544,1.12.10,0.049999999999996804,39.92081365803194,52.675857017919334,1.3195086019325442,True,
2387,primer-uds-north,68278,34.20511692921506,-5.1097009040359325,1.12.10,0.049999999999996804,1.243656035595067,3.222519191940399,2.5911659652730923,True,
2583,primer-uds-north,74752,34.205808284634855,-5.100499778536657,1.12.10,0.049999999999996804,16.20131776518553,20.471931689731647,1.263596701604304,True,
3384,primer-uds-north,67083,34.208561247564006,-5.111142873470747,1.12.10,0.049999999999996804,6.643096148610899,7.91323004161737,1.1911960725229098,True,
3913,primer-uds-north,57780,34.21037929204147,-5.12466446200946,1.12.10,0.049999999999996804,2.4472498609617777,6.5511284021675245,2.6769348347589275,True,
3938,primer-uds-north,79413,34.21047694195797,-5.093208225991601,1.12.10,0.049999999999996804,16.675380211949935,35.239512769473585,2.113265923869022,True,
4531,primer-uds-north,59159,34.21236614893534,-5.122698666059626,1.12.10,0.049999999999996804,3.616333974216628,5.2885834379747525,1.4624156606333263,True,
4752,primer-uds-north,64438,34.21313276413496,-5.115335470803979,1.12.10,0.049999999999996804,1.1551232993140768,5.22662539248992,4.524733762701818,True,
5003,primer-uds-north,82791,34.213812850547654,-5.0870495031759395,1.12.10,0.049999999999996804,27.456684675354172,35.52342830483169,1.2937988954186606,True,
5765,primer-uds-south,48053,34.21606585099479,-5.241695565131261,1.12.10,0.049999999999996804,56.54063007987454,112.07497500212949,1.9822024417450246,True,
6341,primer-uds-north,56576,34.21765875158523,-5.12654959210229,1.12.10,0.049999999999996804,60.60710464167317,114.17530380695676,1.8838600603344173,True,
6636,primer-uds-north,40279,34.218345079845356,-5.149103880897524,1.12.10,0.049999999999996804,3.370208025375493,8.676687762024073,2.574525873979947,True,
6660,primer-uds-north,61449,34.218376243324194,-5.120628521864397,1.12.10,0.049999999999996804,6.691471475553156,18.85148106603383,2.8172399949557367,True,
6680,primer-uds-north,69961,34.21842685035793,-5.107163946153368,1.12.10,0.049999999999996804,8.448170502364864,9.981583546640186,1.1815082974291393,True,
7064,primer-uds-north,55500,34.21947312165382,-5.127735463201623,1.12.10,0.049999999999996804,4.932326770712223,5.420775386326084,1.0990300599129466,True,
7881,primer-uds-south,61263,34.22145526063376,-5.218897610511571,1.12.10,0.049999999999996804,12.219442161713047,24.683993581843,2.0200589564706073,True,
7890,primer-uds-north,83461,34.22146766439741,-5.085879148870657,1.12.10,0.049999999999996804,21.36805257037423,29.334234790230283,1.3728080597714731,True,
7969,primer-uds-north,30660,34.221652434878045,-5.162252178532786,1.12.10,0.049999999999996804,22.45716468920943,31.00195628467372,1.3804928945268868,True,
8880,primer-uds-south,36210,34.22375691512629,-5.260244247471578,1.12.10,0.049999999999996804,28.808459357370342,39.35032233252823,1.365929425256157,True,
10031,primer-uds-north,82275,34.22631161643675,-5.088099887284117,1.12.10,0.049999999999996804,16.99815357543114,19.69724787702478,1.158787499454933,True,
10777,primer-uds-north,76292,34.228100221315735,-5.098144040937109,1.12.10,0.049999999999996804,19.439673963249447,23.046081000610826,1.1855178766978944,True,
11017,primer-uds-south,32841,34.228676230211654,-5.265635232596268,1.12.10,0.049999999999996804,5.385837789417124,14.284658136286065,2.652262970926201,True,
11213,primer-uds-north,76768,34.229106229648664,-5.097388577588927,1.12.10,0.049999999999996804,10.476671048036087,10.968387548827454,1.0469344220637282,True,
11220,primer-uds-north,38348,34.22911475669836,-5.153371910826787,1.12.10,0.049999999999996804,37.37594686821688,73.04713965492569,1.954389006183072,True,
11305,primer-uds-north,28375,34.22927114073307,-5.165375152059147,1.12.10,0.049999999999996804,8.323148067465945,12.814989936925388,1.5396806392304183,True,
11723,primer-uds-north,85954,34.23019989917035,-5.080011395358681,1.12.10,0.049999999999996804,36.76280792564737,52.246899862365666,1.4211890443198683,True,
12019,primer-uds-south,43007,34.23089955977779,-5.249565895642767,1.12.10,0.049999999999996804,25.517432359897178,43.91525814203051,1.7209904790831183,True,
12260,primer-uds-south,35182,34.23139124865825,-5.261849167810831,1.12.10,0.049999999999996804,33.3956576722299,54.73125803437088,1.6388734898274682,True,
12608,primer-uds-north,46416,34.232229096999795,-5.140504091929434,1.12.10,0.049999999999996804,11.683523013000018,12.577577789652432,1.0765227042954097,True,
15034,primer-uds-north,39149,34.23776587761752,-5.151917645833718,1.12.10,0.049999999999996804,97.28043831582217,176.87945869140256,1.818242822027191,True,
16088,primer-uds-south,15920,34.240012511231996,-5.293800498124154,1.12.10,0.049999999999996804,34.87317006542451,41.2981876475086,1.1842395621054898,True,
17313,primer-uds-south,39748,34.242658722707425,-5.254388408205944,1.12.10,0.049999999999996804,6.965849317164511,6.93680122775962,0.9958299285439158,True,
17602,primer-uds-south,17641,34.24334205222971,-5.291224638893522,1.12.10,0.049999999999996804,295.1192126092874,708.5565401565686,2.4009163412028918,True,
18296,primer-uds-north,6771,34.2448179898586,-5.198787907564988,1.12.10,0.049999999999996804,6.379099183777922,4.812883962532028,0.7544770544987314,True,
18955,primer-uds-south,2966,34.24619586909063,-5.3184266256548005,1.12.10,0.049999999999996804,64.15814125537838,130.30909916408405,2.0310610097851023,True,
19063,primer-uds-south,10247,34.24644671968737,-5.303397230681752,1.12.10,0.049999999999996804,14.433124328623684,16.252671635873952,1.1260674588413093,True,
19293,primer-uds-north,470,34.24695308807694,-5.211322381337674,1.12.10,0.049999999999996804,4.6229304662410176,12.27501076240578,2.6552445147172627,True,
19571,primer-uds-north,17429,34.247581899023096,-5.182148495068171,1.12.10,0.049999999999996804,328.56420049519573,976.381755636716,2.971662019675794,True,
19679,primer-uds-north,38196,34.24782820081633,-5.15199712284704,1.12.10,0.049999999999996804,12.162273273714618,14.494006585639761,1.1917185430263715,True,
19973,primer-uds-south,15448,34.24848378199178,-5.294949497506063,1.12.10,0.049999999999996804,107.67197142973038,253.80782633188085,2.3572320907816073,True,
20120,primer-uds-north,1081,34.248840632599325,-5.210542054734934,1.12.10,0.049999999999996804,6.7974960015815915,19.357910437158214,2.847800194756151,True,
22039,primer-uds-south,29472,34.25355439259177,-5.271096745902806,1.12.10,0.049999999999996804,11.48681054529112,25.213173497854633,2.1949672973574437,True,
22278,primer-uds-north,67011,34.254162241534516,-5.1112229904364295,1.12.10,0.049999999999996804,0.728027236511733,2.170179496226214,2.980904267571642,True,
22324,primer-uds-north,74397,34.254269493710254,-5.1010074967266155,1.12.10,0.049999999999996804,11.049033487136613,20.491840704749983,1.854627441269571,True,
22834,primer-uds-south,38388,34.255568304593545,-5.256575780395725,1.12.10,0.049999999999996804,14.971152177374101,20.11475054978296,1.343567302734547,True,
23281,primer-uds-north,5507,34.256870968899605,-5.201541924545604,1.12.10,0.049999999999996804,2810.345011726366,3777.4739414530864,1.3441317438575355,True,
23295,primer-uds-north,999,34.256919999331494,-5.21014534894938,1.12.10,0.049999999999996804,5.280927706814437,6.862357567049306,1.2994606152616355,True,
23755,primer-uds-south,74843,34.25818313759509,-5.1933599907623105,1.12.10,0.049999999999996804,124.7107289341483,360.36921579359847,2.889640842239694,True,
23814,primer-uds-north,37126,34.25830285869423,-5.153389804464066,1.12.10,0.049999999999996804,16.56691155311006,28.66239996892552,1.7300991725005501,True,
24186,primer-uds-south,13983,34.25929665030667,-5.296922300485377,1.12.10,0.049999999999996804,15.388023958281108,19.78878212573155,1.2859859186196654,True,
24676,primer-uds-south,66202,34.26054863236043,-5.209164266430288,1.12.10,0.049999999999996804,8.859950896904888,8.942729613532517,1.0093430220540553,True,
25027,primer-uds-north,63102,34.26141677453426,-5.116835182091728,1.12.10,0.049999999999996804,3.164358600942549,12.963784754366882,4.096812779217069,True,
25117,primer-uds-north,81606,34.2616243186711,-5.089359979422734,1.12.10,0.049999999999996804,29.03692660509057,34.218118829798115,1.1784345945138426,True,
25129,primer-uds-south,30218,34.26164728355698,-5.270053167526197,1.12.10,0.049999999999996804,11.607786247115452,23.342270357987072,2.0109149032432994,True,
25252,primer-uds-north,71609,34.261899166352485,-5.105204769792637,1.12.10,0.049999999999996804,13.743081921690226,18.605202266764977,1.3537867541487207,True,
25674,primer-uds-north,37430,34.26285006146046,-5.153011976371578,1.12.10,0.049999999999996804,7.133651342290884,9.549025719177683,1.338588790086723,True,
25677,primer-uds-north,51076,34.262853956303886,-5.133834939976499,1.12.10,0.049999999999996804,8.351030399265092,14.511092393737664,1.7376409496742666,True,
25880,primer-uds-north,78102,34.263323953783164,-5.09513861291507,1.12.10,0.049999999999996804,6.545115515546544,6.9973060367623985,1.0690882414743896,True,
25923,primer-uds-south,8537,34.263425734677,-5.306566772212965,1.12.10,0.049999999999996804,1.1191964895806363,-0.540561474270826,-0.4829906806385488,True,
26309,primer-uds-south,33719,34.264386774587095,-5.2643060562400015,1.12.10,0.049999999999996804,81.70592135582811,186.14988261568658,2.278291212273423,True,
26404,primer-uds-north,77609,34.26459757762013,-5.095980973089792,1.12.10,0.049999999999996804,3.485646084298289,11.206407400649628,3.2150158477450934,True,
26406,primer-uds-south,53274,34.2646015217422,-5.23258503671963,1.12.10,0.049999999999996804,30.385554328446005,40.68192800991797,1.338857523222238,True,
26631,primer-uds-south,31014,34.26512443990419,-5.2685223413374365,1.12.10,0.049999999999996804,18.95582955530328,25.28749733970527,1.334022194382444,True,
26665,primer-uds-south,40088,34.26518594251812,-5.254110399959984,1.12.10,0.049999999999996804,38.4732675749267,71.07509030558889,1.8473889738419054,True,
27215,primer-uds-north,32238,34.26653228881208,-5.1600144825026435,1.12.10,0.049999999999996804,9.254858875189525,11.035070344198093,1.1923542533728924,True,
27439,primer-uds-north,60926,34.26703383884025,-5.120075180805958,1.12.10,0.049999999999996804,23.066133369431085,28.096387765430926,1.2180796545062165,True,
27645,primer-uds-south,57470,34.26748140700109,-5.226217999034251,1.12.10,0.049999999999996804,145.86401318263935,326.548864302399,2.2387212388947533,True,
28266,primer-uds-north,19957,34.26890764112112,-5.176721840771617,1.12.10,0.049999999999996804,17.876352113353597,20.76815819163002,1.1617671245195629,True,
28284,primer-uds-north,39845,34.268956100464564,-5.14996369566879,1.12.10,0.049999999999996804,47.68580463660461,136.06605554249631,2.8533870106503185,True,
28615,primer-uds-south,38789,34.269790122576,-5.2561001656545665,1.12.10,0.049999999999996804,4.98665345180279,25.71406704786274,5.156577912701455,True,
28616,primer-uds-south,38790,34.269791520090905,-5.255947199368877,1.12.10,0.049999999999996804,4.330848480819748,24.75937216570155,5.7169795423124725,True,
28804,primer-uds-south,11720,34.27028403200208,-5.300719385607075,1.12.10,0.049999999999996804,14.648853951439703,15.458521677663144,1.0552717454148601,True,
28846,primer-uds-north,45669,34.27040148342137,-5.1420192956500195,1.12.10,0.049999999999996804,586.6387550697967,1821.9701906025432,3.1057787690582597,True,
28999,primer-uds-south,61912,34.270711414980035,-5.217679394593591,1.12.10,0.049999999999996804,53.568878483850455,67.56655483744927,1.2613023970217845,True,
29281,primer-uds-south,52141,34.2713525801,-5.234485688619888,1.12.10,0.049999999999996804,-0.4963809433410276,-0.2993337187308184,,False,non-positive inner flux
31057,primer-uds-south,22017,34.275579204632564,-5.283320743953938,1.12.10,0.049999999999996804,,,,False,aperture leaves valid footprint
31230,primer-uds-north,41054,34.27604134585089,-5.148030771580588,1.12.10,0.049999999999996804,5.530853967696986,6.151808003150778,1.112270914958247,True,
31270,primer-uds-north,29904,34.276131813025955,-5.163512265097287,1.12.10,0.049999999999996804,26.25769517228036,76.69429023916055,2.9208310072898147,True,
31317,primer-uds-north,29903,34.27622702822528,-5.163441526254621,1.12.10,0.049999999999996804,7.130554423037351,50.623759621212514,7.099554483120918,True,
32113,primer-uds-south,56999,34.278240968215236,-5.22654930110205,1.12.10,0.049999999999996804,213.2954356488948,508.40714489125673,2.3835819240320957,True,
33595,primer-uds-north,73106,34.281439519455695,-5.10285414889866,1.12.10,0.049999999999996804,10.099992816771698,11.871032882830786,1.1753506263012545,True,
33676,primer-uds-south,50411,34.28161037441549,-5.237581626884259,1.12.10,0.049999999999996804,21.417312228346656,29.306583070216114,1.3683595195212075,True,
34567,primer-uds-north,13532,34.283378084067564,-5.186577226602265,1.12.10,0.049999999999996804,11.867683134207407,13.69748093635998,1.154183237069952,True,
34571,primer-uds-south,14355,34.28338871433949,-5.296289485237822,1.12.10,0.049999999999996804,7.611974097250697,11.150097176353357,1.4648101837840677,True,
34701,primer-uds-south,46624,34.283659501121896,-5.243940019535215,1.12.10,0.049999999999996804,11.362824012194752,12.832170554801667,1.1293117398482975,True,
35087,primer-uds-south,21864,34.284434370000085,-5.283591486530724,1.12.10,0.049999999999996804,5.773463084602361,7.22721313620563,1.2517986224732904,True,
35666,primer-uds-north,9832,34.28551446596275,-5.1936176413615325,1.12.10,0.049999999999996804,241.49052573491986,723.3074399752944,2.995179366867821,True,
35729,primer-uds-south,61731,34.285616738664324,-5.217977765963797,1.12.10,0.049999999999996804,0.12667253952172114,1.0774778009858843,8.506009313890198,True,
35957,primer-uds-south,25643,34.28604026574282,-5.277035573753161,1.12.10,0.049999999999996804,4.985973099123251,6.846452037212515,1.3731425944549152,True,
37442,primer-uds-south,25922,34.28885560322785,-5.276621299394126,1.12.10,0.049999999999996804,8.011612413688136,11.32002211365919,1.4129517916166932,True,
38930,primer-uds-north,37216,34.29141201832419,-5.1533767054644475,1.12.10,0.049999999999996804,9.219167179579996,12.494838160762185,1.3553109426671035,True,
39553,primer-uds-north,6354,34.292457448950756,-5.199668489007562,1.12.10,0.049999999999996804,21.34130599874882,45.01408870775969,2.1092471430941826,True,
39621,primer-uds-north,81646,34.292566214443305,-5.089317324662564,1.12.10,0.049999999999996804,16.73677417355071,19.48965380740067,1.1644808972926435,True,
39916,primer-uds-south,33867,34.29312131027567,-5.264070075554663,1.12.10,0.049999999999996804,19.406041988319583,30.062006703434854,1.5491055168039445,True,
40226,primer-uds-north,8040,34.29368694276033,-5.196476740906108,1.12.10,0.049999999999996804,104.41216306563248,126.05430914184164,1.2072761011818625,True,
40620,primer-uds-north,66675,34.294317186468675,-5.11195693601894,1.12.10,0.049999999999996804,84.53247513163848,195.26961294067686,2.309995213515192,True,
41565,primer-uds-south,64760,34.29599576324584,-5.212596471468038,1.12.10,0.049999999999996804,96.2435858471984,262.3627860703778,2.7260287920580946,True,
41569,primer-uds-north,39709,34.296002174241615,-5.14989519964438,1.12.10,0.049999999999996804,33.79010937261355,42.28732577256865,1.2514705207448067,True,
41752,primer-uds-south,4232,34.29634912070809,-5.315580630240632,1.12.10,0.049999999999996804,24.4723733492868,31.08551179970447,1.270228733275287,True,
42744,primer-uds-south,5327,34.297952180400536,-5.313280770537458,1.12.10,0.049999999999996804,10.106857318379191,15.448026085453645,1.5284697902444517,True,
43584,primer-uds-south,9685,34.29940896832767,-5.30439848541944,1.12.10,0.049999999999996804,6.767285407181883,8.443924951817051,1.2477565883146895,True,
44401,primer-uds-south,19737,34.300841085797124,-5.287936273938699,1.12.10,0.049999999999996804,4.974182514585395,17.434665886691977,3.5050313967309625,True,
44567,primer-uds-south,19735,34.301094234086115,-5.287985321873537,1.12.10,0.049999999999996804,41.394100093776565,72.65477929711119,1.7551964925560621,True,
45387,primer-uds-south,8040,34.302358582369585,-5.307640815904736,1.12.10,0.049999999999996804,26.639246787426863,97.02739332726564,3.642272399873574,True,
46202,primer-uds-south,47387,34.30364758550147,-5.242665051611594,1.12.10,0.049999999999996804,10.400539868040038,12.275227947904067,1.180249112416249,True,
46539,primer-uds-south,3872,34.30420729948399,-5.316234381209646,1.12.10,0.049999999999996804,6.171430209439629,8.557431344674963,1.386620451704336,True,
46874,primer-uds-south,986,34.3046767903644,-5.326141984698574,1.12.10,0.049999999999996804,11.434895017924461,15.818157682539853,1.3833233849322208,True,
47257,primer-uds-south,35581,34.305247784584985,-5.26120299514948,1.12.10,0.049999999999996804,62.840233547394426,119.03503028669725,1.8942486933458071,True,
48046,primer-uds-south,973,34.30663234404272,-5.326280289044397,1.12.10,0.049999999999996804,5.836092305438559,6.334532257400424,1.085406454503363,True,
48181,primer-uds-south,60825,34.30686613643846,-5.219620807070633,1.12.10,0.049999999999996804,5.952341335994905,12.985509291998952,2.18158008067736,True,
49013,primer-uds-south,34686,34.308284783825464,-5.262666007487658,1.12.10,0.049999999999996804,41.49970009175707,51.631730173015995,1.2441470675416137,True,
50498,primer-uds-north,29341,34.31066951937631,-5.164491810894612,1.12.10,0.049999999999996804,2.7906985751326436,8.230542250540644,2.949276687880719,True,
51026,primer-uds-south,17604,34.31148794947745,-5.290995621288485,1.12.10,0.049999999999996804,11.428069950678092,16.89173421591439,1.478091601540478,True,
52014,primer-uds-south,56686,34.31315438357064,-5.226780756897352,1.12.10,0.049999999999996804,11.931018885674128,13.919607630667656,1.1666738410230224,True,
52413,primer-uds-north,3070,34.31378885598914,-5.205761977582542,1.12.10,0.049999999999996804,5.39805746322307,7.029792996648443,1.302281986537264,True,
52961,primer-uds-south,47484,34.31472540171579,-5.242527652091045,1.12.10,0.049999999999996804,5.1932581215380145,11.154696037890016,2.147918662395792,True,
53023,primer-uds-south,54712,34.31482955462781,-5.230115074157596,1.12.10,0.049999999999996804,44.716649306352195,60.93565839102202,1.3627062701758792,True,
53304,primer-uds-north,44705,34.31531804208794,-5.143149756340716,1.12.10,0.049999999999996804,4.101640153109338,9.418362559354701,2.296243016885551,True,
53915,primer-uds-south,64267,34.316357925151344,-5.213130805888844,1.12.10,0.049999999999996804,45.660853674803,106.63183312340774,2.335300909677261,True,
54379,primer-uds-south,63091,34.3170829066307,-5.2153669680283254,1.12.10,0.049999999999996804,3.242562332907897,7.7784357759412375,2.3988546641031308,True,
55008,primer-uds-south,45984,34.31817496933703,-5.245328219787515,1.12.10,0.049999999999996804,1390.0256385901168,1759.4563314368086,1.265772574685313,True,
55742,primer-uds-north,39055,34.319426441198445,-5.150907482185287,1.12.10,0.049999999999996804,30.397457747766595,54.4792581356961,1.7922307381017373,True,
56620,primer-uds-south,47739,34.3209627577016,-5.242245585291102,1.12.10,0.049999999999996804,189.30589770424234,499.6179964976168,2.6392098849354566,True,
57251,primer-uds-south,12175,34.32206819080671,-5.300236472122145,1.12.10,0.049999999999996804,333.97775012765135,794.2097476123489,2.3780319117330118,True,
57652,primer-uds-north,11406,34.322772250937504,-5.190467003029825,1.12.10,0.049999999999996804,59.87744435056394,165.73561693405844,2.7679140072132604,True,
59771,primer-uds-north,48866,34.326433493636785,-5.1373818601875225,1.12.10,0.049999999999996804,54.90916507923052,156.53299279224908,2.8507625742693716,True,
60513,primer-uds-north,22671,34.32771433090502,-5.173116620576559,1.12.10,0.049999999999996804,22.057832282025824,31.208152134481395,1.4148331411474124,True,
61676,primer-uds-south,11440,34.32987529053261,-5.301205812951435,1.12.10,0.049999999999996804,23.859705741003648,37.28209330094835,1.5625546142791655,True,
61893,primer-uds-north,42930,34.33029938243387,-5.145571941049561,1.12.10,0.049999999999996804,10.960890209529882,14.445852402436266,1.3179451783830847,True,
62285,primer-uds-north,46995,34.33104327439097,-5.139963399665946,1.12.10,0.049999999999996804,92.63835052135985,139.31874777580023,1.5038992705691274,True,
62532,primer-uds-north,21486,34.33151581256949,-5.174648150406686,1.12.10,0.049999999999996804,15.963738142104102,22.54967107406904,1.412555810759301,True,
62593,primer-uds-north,32850,34.33164289088879,-5.1592333753619,1.12.10,0.049999999999996804,28.88569509475921,40.84193316466262,1.413915539531976,True,
62882,primer-uds-south,19425,34.33218794426851,-5.288072351352796,1.12.10,0.049999999999996804,55.2947414263495,149.55700876275435,2.7047239014935736,True,
62890,primer-uds-south,48302,34.332211806977384,-5.2413675382356075,1.12.10,0.049999999999996804,371.35457914680745,705.7707487051632,1.9005306204293528,True,
63016,primer-uds-south,37362,34.33242925162568,-5.258098654942638,1.12.10,0.049999999999996804,14.278281130198238,14.84698777397276,1.0398301895437345,True,
63957,primer-uds-south,68967,34.33421283357198,-5.203653866061524,1.12.10,0.049999999999996804,3.714683184485146,4.845679229500837,1.304466353884348,True,
63978,primer-uds-north,6880,34.334217809561174,-5.198691424291373,1.12.10,0.049999999999996804,42.16256695340878,82.39090929452024,1.9541246002779027,True,
64120,primer-uds-north,82920,34.33451563910108,-5.087032825536183,1.12.10,0.049999999999996804,16.14637468364303,27.135596102836757,1.6805999262686675,True,
64163,primer-uds-north,67741,34.33460340027518,-5.110269315245688,1.12.10,0.049999999999996804,32.24133322061474,45.01509659690558,1.3961921577152225,True,
64461,primer-uds-south,19173,34.33512007478283,-5.288414443618985,1.12.10,0.049999999999996804,6.1904026451803915,9.763873544085099,1.5772598494359449,True,
64917,primer-uds-south,68500,34.33606301672525,-5.204496543838533,1.12.10,0.049999999999996804,,,,False,aperture leaves valid footprint
65919,primer-uds-north,79088,34.338000142935606,-5.093883453070141,1.12.10,0.049999999999996804,1899.0205288225952,2428.213128417398,1.2786660763077193,True,
66039,primer-uds-south,23438,34.33827056315519,-5.28089510517798,1.12.10,0.049999999999996804,30.758221352833623,39.65077777541241,1.2891115295832785,True,
67056,primer-uds-north,62121,34.34025110793169,-5.118708071473001,1.12.10,0.049999999999996804,9.136715482947395,14.568587414295928,1.5945103512839471,True,
67461,primer-uds-north,20805,34.340991180180374,-5.175487084106893,1.12.10,0.049999999999996804,5.235326219831647,6.514557824367442,1.244346111554617,True,
68748,primer-uds-north,7080,34.34368218126512,-5.198183146170062,1.12.10,0.049999999999996804,10.374441594771488,13.647989311317286,1.3155396545097522,True,
68913,primer-uds-south,51180,34.34400324664571,-5.236179148111437,1.12.10,0.049999999999996804,35.900916104890726,45.86996179701572,1.2776822090834312,True,
69526,primer-uds-south,43443,34.34522594391597,-5.249071479768907,1.12.10,0.049999999999996804,68.31271467788983,167.07771143883105,2.445777659790581,True,
69994,primer-uds-north,26300,34.34620661874796,-5.1681970166968965,1.12.10,0.049999999999996804,29.11890156054441,36.80520376321937,1.2639626425019328,True,
71313,primer-uds-south,14947,34.348917391432074,-5.295288607881234,1.12.10,0.049999999999996804,8.203959626542906,9.374218342745392,1.1426455966965339,True,
71487,primer-uds-south,44427,34.34928123071394,-5.2473507431253825,1.12.10,0.049999999999996804,14.165322453452916,17.729579664387924,1.2516185016364516,True,
72088,primer-uds-north,71170,34.3504970738406,-5.105633668180403,1.12.10,0.049999999999996804,15.256819733823077,20.93182161456165,1.3719649297656427,True,
72581,primer-uds-south,26767,34.3514645140503,-5.275295914730117,1.12.10,0.049999999999996804,8.092823037332364,12.312217431415704,1.5213748496191235,True,
72701,primer-uds-south,34411,34.351684333994825,-5.263106986481096,1.12.10,0.049999999999996804,5.404412566307761,6.656191462267799,1.2316216389111168,True,
73068,primer-uds-south,33451,34.35246119249341,-5.264609978933602,1.12.10,0.049999999999996804,4.859519297575209,8.115166842983358,1.6699525912023119,True,
73447,primer-uds-north,66271,34.35325601301024,-5.112266650412405,1.12.10,0.049999999999996804,18.107150285921485,20.878429859060944,1.1530489077176413,True,
74887,primer-uds-north,84281,34.356131029452385,-5.084246196341168,1.12.10,0.049999999999996804,8.367682587108666,8.756398118952937,1.046454383014376,True,
75276,primer-uds-north,24047,34.35690842937952,-5.172631591762171,1.12.10,0.049999999999996804,977.2923449536157,2471.440142289718,2.5288647302430447,True,
75507,primer-uds-north,3592,34.35740045609836,-5.204713786796969,1.12.10,0.049999999999996804,11.982119675956977,11.712426911336845,0.9774920655181495,True,
76000,primer-uds-north,21012,34.35844757094199,-5.175669982459419,1.12.10,0.049999999999996804,366.50807312322155,1439.4468358470144,3.9274628348038227,True,
76077,primer-uds-north,21011,34.35859154171494,-5.175604036558627,1.12.10,0.049999999999996804,249.28670816603392,872.2406770875887,3.4989457861774365,True,
76294,primer-uds-north,1052,34.359117980415924,-5.210103076797338,1.12.10,0.049999999999996804,25.837954738889156,29.752259466040947,1.1514943720084896,True,
77044,primer-uds-north,20893,34.36069906752236,-5.175408781798984,1.12.10,0.049999999999996804,14.187220680290642,16.112423748811903,1.135699804204485,True,
77053,primer-uds-north,47411,34.36071825381506,-5.139081331508376,1.12.10,0.049999999999996804,7.266214501146176,9.578389143751464,1.3182089714307998,True,
77292,primer-uds-north,33441,34.36116941124546,-5.158392750458221,1.12.10,0.049999999999996804,4.1415129129662285,7.078462786022753,1.70914903195437,True,
77405,primer-uds-south,8988,34.36136583286787,-5.305676719641683,1.12.10,0.049999999999996804,0.32035556551031324,-4.892025611821179,-15.270612214988002,True,
78147,primer-uds-north,22589,34.36296361800562,-5.173199939908805,1.12.10,0.049999999999996804,13.85988518674111,15.741716616047679,1.1357753981329368,True,
78262,primer-uds-north,77228,34.363192454988365,-5.096644361438184,1.12.10,0.049999999999996804,9.295662808300694,12.565606545482073,1.3517709069934676,True,
78416,primer-uds-north,19857,34.36351523371202,-5.176964032563154,1.12.10,0.049999999999996804,47.359325508911965,61.67142212507257,1.3022022898841197,True,
78556,primer-uds-north,66691,34.36378033630739,-5.111914020303261,1.12.10,0.049999999999996804,90.6341090352267,301.3226533297675,3.3246054552448085,True,
79721,primer-uds-south,4571,34.36638487929739,-5.314873427009349,1.12.10,0.049999999999996804,2.1261252749404242,8.15174393230124,3.834084486169169,True,
79744,primer-uds-north,57203,34.366448560193724,-5.125502461430989,1.12.10,0.049999999999996804,16.224047800050727,27.198526885769347,1.676432861944866,True,
79978,primer-uds-south,21873,34.36690223771161,-5.2841879323627,1.12.10,0.049999999999996804,74.78327445946873,133.58746525486822,1.7863281090649537,True,
80171,primer-uds-north,3900,34.36730369460666,-5.204195908211041,1.12.10,0.049999999999996804,43.71311146561192,56.751174602240454,1.298264358209442,True,
80612,primer-uds-north,20027,34.368282751548655,-5.176824954929395,1.12.10,0.049999999999996804,130.74755926115708,282.6749684296759,2.1619904036989084,True,
80849,primer-uds-south,63669,34.368777483636876,-5.214285158661206,1.12.10,0.049999999999996804,125.20393119809967,154.7837353295693,1.2362529981959431,True,
80916,primer-uds-north,72350,34.36895117186716,-5.103941474589491,1.12.10,0.049999999999996804,35.770781401995244,44.40408185603024,1.2413506251656399,True,
80921,primer-uds-south,44674,34.368957907033234,-5.24694755601995,1.12.10,0.049999999999996804,6.987426903276428,10.65333686771794,1.5246437658936445,True,
81505,primer-uds-south,49802,34.37030711631371,-5.238639608737726,1.12.10,0.049999999999996804,12.1504266924216,14.284412438441644,1.1756305189965914,True,
81840,primer-uds-south,49390,34.37108054169985,-5.2394990382100115,1.12.10,0.049999999999996804,253.09726865307874,336.5153555338002,1.3295890442621208,True,
82319,primer-uds-north,1071,34.37223637642018,-5.2100336743586455,1.12.10,0.049999999999996804,12.360308022341998,14.275509277884861,1.1549476964555432,True,
82833,primer-uds-north,82876,34.37331728483924,-5.086965771616053,1.12.10,0.049999999999996804,14.146893768143283,33.26400087345641,2.3513289502718986,True,
82968,primer-uds-south,57632,34.373598400282525,-5.225203276738599,1.12.10,0.049999999999996804,29.237915292418464,36.63901482810968,1.25313362671963,True,
83534,primer-uds-south,51997,34.37475138929169,-5.23485934487428,1.12.10,0.049999999999996804,18.213060707128204,40.17987049842007,2.2061020464668264,True,
83568,primer-uds-south,51998,34.37482790450814,-5.234776131145743,1.12.10,0.049999999999996804,15.366118073959651,36.82663006640699,2.396612461856298,True,
83600,primer-uds-north,69240,34.37488218832681,-5.1081690593660385,1.12.10,0.049999999999996804,15.277408314163376,16.775193150388553,1.0980391965328709,True,
84530,primer-uds-south,1619,34.37683874619228,-5.32291127308357,1.12.10,0.049999999999996804,66.26607423872107,231.02619309215862,3.4863419290524944,True,
84788,primer-uds-north,70327,34.37738836612688,-5.106742879208021,1.12.10,0.049999999999996804,16.43132625289573,34.50700743513859,2.1000743886426907,True,
84852,primer-uds-north,46701,34.37750103696107,-5.140505075292735,1.12.10,0.049999999999996804,202.6838891017861,534.6044157134686,2.637626592239874,True,
85889,primer-uds-north,29221,34.3797663076075,-5.1642622672993355,1.12.10,0.049999999999996804,24.692332030120657,40.66220206899661,1.6467542239183928,True,
85910,primer-uds-south,4087,34.37980550015839,-5.315951131765721,1.12.10,0.049999999999996804,209.50002293574897,476.7572452729112,2.275690659084685,True,
86375,primer-uds-north,70708,34.38074900094328,-5.106218396213569,1.12.10,0.049999999999996804,11.088412593093922,18.625371940919408,1.6797149082024283,True,
86564,primer-uds-north,80785,34.381127372756424,-5.090904618525153,1.12.10,0.049999999999996804,11.777170364380934,37.67235211178125,3.198760903189286,True,
86644,primer-uds-north,79896,34.38128682531315,-5.092511972302827,1.12.10,0.049999999999996804,39.751836023233714,90.05698298276832,2.265479836708242,True,
86655,primer-uds-north,80262,34.381307693193676,-5.091908782992024,1.12.10,0.049999999999996804,,,,False,aperture leaves valid footprint
87479,primer-uds-north,83929,34.38306607163067,-5.084962881173991,1.12.10,0.049999999999996804,3.660042942268519,4.699489543090223,1.2839984713888215,True,
87716,primer-uds-south,57778,34.38356351109113,-5.225602387284951,1.12.10,0.049999999999996804,3615.650116069663,6317.310948990393,1.7472130173528873,True,
87734,primer-uds-north,24169,34.38359977346555,-5.171058448236316,1.12.10,0.049999999999996804,6.453457273921079,6.8991847490162534,1.0690680136515962,True,
88442,primer-uds-north,34986,34.38505620809159,-5.156394024917764,1.12.10,0.049999999999996804,82.6787460341118,139.33314419344543,1.6852353340719395,True,
88566,primer-uds-north,65914,34.38530795565108,-5.112852996180755,1.12.10,0.049999999999996804,14.386029073607999,33.921626813113406,2.3579562254148776,True,
89236,primer-uds-north,49501,34.386713011080914,-5.136107513326662,1.12.10,0.049999999999996804,19.322666648620945,24.6760662981493,1.277052838869444,True,
89725,primer-uds-south,3216,34.387746290638844,-5.317765754275737,1.12.10,0.049999999999996804,11.871918413079355,20.214652593155297,1.7027283956807442,True,
90008,primer-uds-north,41126,34.38830497035532,-5.148019575475407,1.12.10,0.049999999999996804,23.864796337245046,33.343961850870926,1.3972028665014016,True,
90373,primer-uds-south,36315,34.38906345918434,-5.259906088217185,1.12.10,0.049999999999996804,18.231312149564804,21.254810302179372,1.1658409514252512,True,
90395,primer-uds-north,83450,34.389100455836086,-5.085868313811052,1.12.10,0.049999999999996804,1.150079004176559,2.21098308276057,1.9224619132523022,True,
90518,primer-uds-south,24447,34.38935947731812,-5.2790924363053096,1.12.10,0.049999999999996804,19.496219968471244,26.9265269634316,1.3811152627009977,True,
91520,primer-uds-south,22377,34.39149142530542,-5.282773352870081,1.12.10,0.049999999999996804,18.602179438801322,22.503503568403318,1.209724034887247,True,
91549,primer-uds-north,970,34.391557266829714,-5.210227403404383,1.12.10,0.049999999999996804,8.330833287603866,10.56993022804281,1.268772266007373,True,
91622,primer-uds-north,44677,34.39171298924969,-5.142972797579933,1.12.10,0.049999999999996804,5.9169747713363865,6.624592739845014,1.1195911755339136,True,
91734,primer-uds-south,25765,34.391940861282926,-5.276929606803577,1.12.10,0.049999999999996804,96.41072612818307,119.01337536825577,1.234441230221846,True,
92181,primer-uds-south,34966,34.39279319355788,-5.262176303394369,1.12.10,0.049999999999996804,11.720133384529765,14.489837894249806,1.2363202208411699,True,
92465,primer-uds-south,51447,34.393331154679494,-5.235614206262572,1.12.10,0.049999999999996804,11.084558010886129,14.176657307601706,1.2789555788944251,True,
92807,primer-uds-south,8808,34.394035147072415,-5.306027948621165,1.12.10,0.049999999999996804,-0.9963536112765301,-2.2066291436401215,,False,non-positive inner flux
93008,primer-uds-north,70315,34.394404933215085,-5.106746622789906,1.12.10,0.049999999999996804,24.315040549716446,28.029509768117187,1.152764261725406,True,
93076,primer-uds-north,86616,34.39453756425567,-5.077665890402645,1.12.10,0.049999999999996804,260.5571750363319,495.19143110348017,1.9005096713780039,True,
93301,primer-uds-south,48022,34.39504147949531,-5.241935606459546,1.12.10,0.049999999999996804,372.40136873796087,962.8356816564703,2.585478364162423,True,
94014,primer-uds-south,27429,34.39650771008642,-5.274230821987227,1.12.10,0.049999999999996804,7.610207362990624,8.745557249051794,1.1491877726725972,True,
94141,primer-uds-north,72022,34.396792291581896,-5.104411340935203,1.12.10,0.049999999999996804,26.144427925492813,31.37430078277653,1.2000377622408862,True,
94325,primer-uds-south,50975,34.3971460093391,-5.236514451571767,1.12.10,0.049999999999996804,6.460836909925693,9.36427924678246,1.4493910583621525,True,
94749,primer-uds-north,44157,34.397987500828364,-5.144405712129424,1.12.10,0.049999999999996804,327.7559983794584,647.4772544367149,1.9754855979389288,True,
95201,primer-uds-north,50969,34.39889778157658,-5.13396375177312,1.12.10,0.049999999999996804,5.767065564302807,6.569439284822705,1.1391303274730324,True,
95213,primer-uds-south,25373,34.39891384392801,-5.277540738099741,1.12.10,0.049999999999996804,22.949307397691534,28.955247406746032,1.261704630339242,True,
95346,primer-uds-north,14892,34.39917766880316,-5.184322740136537,1.12.10,0.049999999999996804,21.472578965795126,26.049251150709505,1.2131403122188917,True,
95590,primer-uds-south,74486,34.39968614102121,-5.193675867221756,1.12.10,0.049999999999996804,9.199480025420735,11.958004847643522,1.2998566021775375,True,
96024,primer-uds-south,60228,34.40058527853454,-5.220705488741068,1.12.10,0.049999999999996804,41.16015638354467,50.59368455474092,1.2291907757417477,True,
96497,primer-uds-north,53878,34.40153043711736,-5.13174131679432,1.12.10,0.049999999999996804,94.47791013942224,187.05404165095297,1.9798706530967396,True,
96626,primer-uds-south,42658,34.401815967653775,-5.250166460999582,1.12.10,0.049999999999996804,10.979238551821824,13.195833785844137,1.2018897051521396,True,
96848,primer-uds-north,51027,34.40225795269833,-5.1339038172159865,1.12.10,0.049999999999996804,5.482079643342324,9.056098849742625,1.651945874361885,True,
97282,primer-uds-north,1951,34.40309797177373,-5.208186345137336,1.12.10,0.049999999999996804,25.081874212059795,32.015787363797536,1.2764511572426194,True,
98426,primer-uds-south,58651,34.40539081940699,-5.223527080391804,1.13.5,0.049999999999996804,,,,False,aperture leaves valid footprint
99286,primer-uds-south,41571,34.407090962321334,-5.251665166486301,1.12.10,0.049999999999996804,17.649445250905128,22.37246956746818,1.2676018565694487,True,
99489,primer-uds-south,28106,34.40754191212048,-5.27313381667564,1.12.10,0.049999999999996804,5.645610834729675,5.54100518629771,0.9814713320676532,True,
99606,primer-uds-south,1627,34.407796925895134,-5.322632601378895,1.12.10,0.049999999999996804,111.22972793570646,432.0336908809612,3.884156680943132,True,
100460,primer-uds-south,1693,34.40956879909452,-5.3220408282699125,1.12.10,0.049999999999996804,17.54183481987257,22.748439613234996,1.2968107297113547,True,
101042,primer-uds-north,32375,34.41070765995882,-5.159882289495752,1.12.10,0.049999999999996804,15.588844647812337,25.672494035612804,1.6468503353271633,True,
101153,primer-uds-north,5921,34.41091393869603,-5.20068210124296,1.12.10,0.049999999999996804,120.14675580916216,411.16110108403115,3.4221573301330603,True,
101272,primer-uds-north,34141,34.41116679540113,-5.15741072282598,1.12.10,0.049999999999996804,4.964565765672059,13.491086627298461,2.717475659318244,True,
101821,primer-uds-south,66085,34.41230669076741,-5.209510270880231,1.12.10,0.049999999999996804,22.430979923267667,35.62772070470964,1.5883265388576708,True,
102480,primer-uds-north,80939,34.413608672631064,-5.090538672267459,1.12.10,0.049999999999996804,3.923132448481393,14.386420115290843,3.6670747939850177,True,
102518,primer-uds-north,41052,34.4136820137667,-5.148074600046551,1.12.10,0.049999999999996804,16.655644494767653,19.782575287157933,1.1877400057003258,True,
102975,primer-uds-north,20085,34.414625375022744,-5.1771595422799095,1.12.10,0.049999999999996804,174.77722029315348,328.3783895685063,1.8788397539319934,True,
103621,primer-uds-north,49566,34.4160262997987,-5.136410176684039,1.12.10,0.049999999999996804,1.256247876354809,10.917013679114538,8.690174833004999,True,
103656,primer-uds-south,7262,34.41611059268221,-5.30915440162195,1.12.10,0.049999999999996804,3.7385301551891237,8.85792972037899,2.3693615813380777,True,
104474,primer-uds-north,50323,34.41782166721476,-5.134841864807843,1.12.10,0.049999999999996804,20.309653308606485,25.225997725687932,1.2420693422175788,True,
104810,primer-uds-north,44502,34.418497012975436,-5.143248766545703,1.12.10,0.049999999999996804,16.107857345114365,19.794928428750026,1.2288989158917514,True,
105391,primer-uds-south,11577,34.41970190413583,-5.300940260702541,1.12.10,0.049999999999996804,10.415908450417444,12.123773216684555,1.1639669525127847,True,
105398,primer-uds-south,44593,34.41973730372904,-5.247059231404082,1.12.10,0.049999999999996804,6.2695747766986525,7.275937717462872,1.1605153422054146,True,
105423,primer-uds-south,61623,34.41979376731837,-5.218201846318005,1.12.10,0.049999999999996804,,,,False,aperture leaves valid footprint
105458,primer-uds-north,36534,34.41985962412056,-5.154215088740647,1.12.10,0.049999999999996804,58.20029067670844,74.93691855168736,1.2875694894368777,True,
106001,primer-uds-south,14535,34.42092793073686,-5.29616535780565,1.12.10,0.049999999999996804,64.74628500837417,81.17204026109995,1.253694173350661,True,
106197,primer-uds-south,60260,34.42133495434082,-5.2208726846260545,1.12.10,0.049999999999996804,358.13890883746853,889.0958380286729,2.482544666578421,True,
106360,primer-uds-north,75140,34.42165533640381,-5.100073376171914,1.12.10,0.049999999999996804,20.871721621951437,56.74712992482621,2.7188523760849463,True,
106664,primer-uds-south,42310,34.42231108764973,-5.250702316556367,1.12.10,0.049999999999996804,53.31741821243444,65.68036522434879,1.2318744497840506,True,
106791,primer-uds-south,24557,34.422575757740205,-5.279004873023262,1.12.10,0.049999999999996804,90.61261822644562,260.8302340234549,2.8785200022763573,True,
106887,primer-uds-south,24556,34.42277875146811,-5.278996375833584,1.12.10,0.049999999999996804,65.34841186635899,205.89831254797275,3.150777603731914,True,
107613,primer-uds-north,49298,34.42431077485901,-5.136491239839027,1.12.10,0.049999999999996804,48.96260740205748,94.77002076962806,1.9355591092488609,True,
107774,primer-uds-north,81683,34.42458944368483,-5.089205467555474,1.12.10,0.049999999999996804,16.839955134423754,17.63363006513767,1.0471304658699183,True,
108041,primer-uds-south,8579,34.42513349964331,-5.306607963195884,1.12.10,0.049999999999996804,63.12833311602633,134.62212814290993,2.132515171840226,True,
108276,primer-uds-south,73933,34.42570129088322,-5.194656419162188,1.12.10,0.049999999999996804,23.99339935791776,29.832298491266354,1.2433543928581245,True,
108397,primer-uds-north,32858,34.42591529014293,-5.159179447563612,1.12.10,0.049999999999996804,13.258103295236522,15.298211224939525,1.1538763037421793,True,
108706,primer-uds-north,61298,34.42653752181112,-5.119519460404055,1.12.10,0.049999999999996804,5.603586213019103,8.285762899736648,1.4786535951719464,True,
108882,primer-uds-north,78225,34.42692563642995,-5.0960543016264905,1.12.10,0.049999999999996804,283.3001089963352,591.3215396734608,2.087261956122686,True,
109054,primer-uds-north,86955,34.427270037165435,-5.076068663499999,1.12.10,0.049999999999996804,14.437023428925423,69.1373487597037,4.788892190974974,True,
109157,primer-uds-north,45763,34.42748298355191,-5.141674525013087,1.12.10,0.049999999999996804,196.860867431607,415.39875066572256,2.1101133815233215,True,
109293,primer-uds-north,19392,34.427708959998704,-5.177581216011069,1.12.10,0.049999999999996804,7.4319090618908685,16.316986970415144,2.19553103173516,True,
109866,primer-uds-south,34668,34.428902424135835,-5.262665525246181,1.12.10,0.049999999999996804,6.3429504779582455,9.36326454145497,1.4761686338230635,True,
110142,primer-uds-north,54684,34.429483849403695,-5.128837853424645,1.12.10,0.049999999999996804,8.196805742870588,11.466055731124122,1.3988443902183556,True,
110205,primer-uds-north,66283,34.42961707031422,-5.11229603358418,1.12.10,0.049999999999996804,33.46420885437321,44.236257847393944,1.3218976142510241,True,
110482,primer-uds-north,65675,34.43021826213349,-5.113187339514086,1.12.10,0.049999999999996804,31.24070305781888,38.35986111986016,1.2278808530289944,True,
110826,primer-uds-north,34592,34.43097901099138,-5.157725259293786,1.12.10,0.049999999999996804,3469.320210953606,6019.827436179454,1.7351605127636214,True,
111026,primer-uds-north,40036,34.431397790896476,-5.14949340408396,1.12.10,0.049999999999996804,8.127809150781378,17.439884653571255,2.145705482257128,True,
111233,primer-uds-south,49049,34.431862916931614,-5.239957655123563,1.12.10,0.049999999999996804,57.29779210036683,99.49290290948241,1.7364177442510118,True,
111235,primer-uds-north,15825,34.43186512690106,-5.182780341052433,1.12.10,0.049999999999996804,11.238880407414086,13.189332131161052,1.1735450198811874,True,
113447,primer-uds-north,58213,34.43683451482589,-5.124719093644052,1.12.10,0.049999999999996804,213.60748432894428,639.7688512211563,2.9950675802910816,True,
113511,primer-uds-north,82541,34.43696805422405,-5.087556613418794,1.12.10,0.049999999999996804,11.54580874558688,12.975341116630053,1.1238139659631534,True,
113519,primer-uds-north,58214,34.43697999886613,-5.1245691137507405,1.12.10,0.049999999999996804,194.01303116388237,516.7661851853181,2.6635643084654808,True,
113669,primer-uds-north,6054,34.4373661651913,-5.200392647531022,1.12.10,0.049999999999996804,51.31573761146521,121.88638662293062,2.375224293681363,True,
113909,primer-uds-south,12676,34.43793297070579,-5.2994734345260035,1.12.10,0.049999999999996804,4.469447712884576,11.471833649931924,2.5667228675392684,True,
114106,primer-uds-south,15714,34.43830556908938,-5.294297491845391,1.12.10,0.049999999999996804,63.391089374486555,149.10188759733683,2.3520953665350146,True,
114374,primer-uds-north,24564,34.43898599483391,-5.1705432974252155,1.12.10,0.049999999999996804,26.242347919645006,31.269966005785207,1.1915841563237766,True,
114984,primer-uds-north,1035,34.44041831211307,-5.210205761455757,1.12.10,0.049999999999996804,62.49600115419214,108.83039936779255,1.741397807185818,True,
115235,primer-uds-south,66107,34.440988098201736,-5.20933689180298,1.12.10,0.049999999999996804,8.384077005155207,7.076463458357417,0.8440360762438414,True,
115567,primer-uds-north,79077,34.44168309700992,-5.093647557574641,1.12.10,0.049999999999996804,73.6837095775852,93.93704002767612,1.2748684962551347,True,
115618,primer-uds-south,29677,34.441829254341975,-5.270732206678464,1.12.10,0.049999999999996804,11.705314689955193,20.964641153033924,1.7910360984164344,True,
115719,primer-uds-south,64263,34.442066213644104,-5.2132936586032965,1.12.10,0.049999999999996804,27.05172471885059,68.94604517705864,2.5486746554468156,True,
116090,primer-uds-north,26315,34.442882842872606,-5.168180183311331,1.12.10,0.049999999999996804,34.752933477598134,43.43554228922626,1.2498381558847391,True,
116101,primer-uds-south,8519,34.44290741575809,-5.306637215075089,1.12.10,0.049999999999996804,5.341621736869433,10.788013032937004,2.0196138110033117,True,
116379,primer-uds-north,37041,34.44352100177103,-5.153568118054408,1.12.10,0.049999999999996804,6.03451395035978,10.625005930742912,1.760706167579486,True,
116734,primer-uds-south,63661,34.44432486242283,-5.214329531180085,1.12.10,0.049999999999996804,191.2229659641067,456.543814271702,2.3874946817705833,True,
116742,primer-uds-south,48841,34.44434079551378,-5.240367663844263,1.12.10,0.049999999999996804,26.767261736652642,49.66853620112498,1.8555703115912459,True,
117503,primer-uds-north,28557,34.446134186940895,-5.165098940589375,1.12.10,0.049999999999996804,12.647544271800017,15.559958291245213,1.2302750602691266,True,
117603,primer-uds-north,48423,34.446345737041995,-5.137747004918753,1.12.10,0.049999999999996804,16.833353768821244,36.094784045277045,2.144241993662121,True,
117860,primer-uds-north,83035,34.446952754702465,-5.086685679404299,1.12.10,0.049999999999996804,33.2562144604688,43.15644283080511,1.2976955895597972,True,
117932,primer-uds-north,58960,34.44713024954284,-5.1229909177057085,1.12.10,0.049999999999996804,12.7657356843973,18.04615600487415,1.4136401106072367,True,
118031,primer-uds-north,49635,34.44735784357335,-5.135860137742044,1.12.10,0.049999999999996804,15.586040423519082,22.165368641318413,1.4221295492004007,True,
119031,primer-uds-south,5890,34.44956330074984,-5.312065057115034,1.12.10,0.049999999999996804,2.4972724508695796,3.738287231640782,1.4969480924434442,True,
119051,primer-uds-north,40460,34.4495995441322,-5.149376496443437,1.12.10,0.049999999999996804,1476.2746357046208,2393.256148782027,1.6211456126791302,True,
119055,primer-uds-south,6528,34.44960380368159,-5.310658096951086,1.12.10,0.049999999999996804,4.08484297793441,6.455162373838974,1.5802718510132714,True,
119348,primer-uds-south,64181,34.45021517407202,-5.213214069693952,1.12.10,0.049999999999996804,5.743746867470553,5.139284400875415,0.8947616459181925,True,
119657,primer-uds-south,4067,34.45090603577286,-5.315883817627007,1.12.10,0.049999999999996804,28.71821082494678,50.30561725882348,1.7516974704818404,True,
120328,primer-uds-north,31469,34.45238162323515,-5.161139248538976,1.12.10,0.049999999999996804,53.9316970118447,73.89776369527095,1.3702102435056183,True,
120496,primer-uds-south,70527,34.452751966233734,-5.201877650027051,1.12.10,0.049999999999996804,45.651477719162926,87.43358121247385,1.9152409862906197,True,
120751,primer-uds-south,29813,34.453354870970635,-5.270716907932999,1.12.10,0.049999999999996804,11.195132599359178,19.26055364338108,1.720439974465651,True,
120945,primer-uds-north,16334,34.453802060401465,-5.181931352459606,1.12.10,0.049999999999996804,38.356134406092174,48.518620238155684,1.2649507305524872,True,
120972,primer-uds-north,19101,34.453863289564,-5.178415957339219,1.12.10,0.049999999999996804,259.5099843209284,766.8963286811613,2.955170802726276,True,
121440,primer-uds-north,51909,34.45493133035537,-5.132707954818829,1.12.10,0.049999999999996804,52.14475954187901,63.61264420482798,1.2199240108440574,True,
122018,primer-uds-south,18934,34.45631206088567,-5.2887978966980675,1.12.10,0.049999999999996804,7.6148261846462635,9.787476056806316,1.2853183801543304,True,
122345,primer-uds-south,24109,34.45704572219832,-5.279695505460582,1.12.10,0.049999999999996804,4.028554483473141,6.346935753253146,1.5754871329880233,True,
122806,primer-uds-north,82886,34.45808354798872,-5.086833858646408,1.12.10,0.049999999999996804,2.00263542830431,3.1369416816260065,1.5664067644514543,True,
122866,primer-uds-north,14885,34.45823170316882,-5.184332478664208,1.12.10,0.049999999999996804,34.00032985654686,41.014461374682924,1.2062959844133827,True,
122963,primer-uds-north,50940,34.45844108140036,-5.134158169073449,1.12.10,0.049999999999996804,40.06756333325739,78.83945961147961,1.9676629436070618,True,
123490,primer-uds-north,48325,34.45960716854885,-5.137797332333455,1.12.10,0.049999999999996804,20.382799202154587,22.879982154330968,1.1225142301314734,True,
123862,primer-uds-north,52827,34.46035723648151,-5.131556800189909,1.12.10,0.049999999999996804,110.04107857285638,141.24943652207844,1.2836064345603404,True,
123935,primer-uds-north,85516,34.460498344634615,-5.081330275670838,1.12.10,0.049999999999996804,3.7081504168489268,7.41323718563535,1.999173806960855,True,
124052,primer-uds-north,20578,34.46076236343465,-5.175813266156922,1.12.10,0.049999999999996804,8.636736908770148,11.308738151053582,1.309376245972036,True,
124093,primer-uds-south,16699,34.46085721774769,-5.29246771494597,1.12.10,0.049999999999996804,5.0125640682263075,7.603572453226764,1.5169027965995223,True,
124152,primer-uds-north,8484,34.46098876067622,-5.195687688742544,1.12.10,0.049999999999996804,113.40484309031432,245.25379355934123,2.1626395035353467,True,
125040,primer-uds-south,75481,34.46287218983697,-5.191959391243991,1.12.10,0.049999999999996804,57.55353380990195,70.49144366375155,1.2247978359866352,True,
125817,primer-uds-north,45714,34.46456596035297,-5.141841748279391,1.12.10,0.049999999999996804,200.080545282232,555.7056166629591,2.777409547135556,True,
126052,primer-uds-south,41599,34.465097589115025,-5.2519307514510265,1.12.10,0.049999999999996804,300.0784600184611,575.9947517256093,1.919480497501132,True,
126215,primer-uds-north,8615,34.465425706631684,-5.195331799885152,1.12.10,0.049999999999996804,18.736867274060764,22.089840779784137,1.1789505927901414,True,
126397,primer-uds-south,50338,34.46583179362359,-5.237649773874874,1.12.10,0.049999999999996804,4.158438610169205,4.392897880035347,1.0563815633331188,True,
126500,primer-uds-south,33372,34.46608591788974,-5.264767832881138,1.12.10,0.049999999999996804,40.92926054227305,50.78660900512512,1.240838664863517,True,
126695,primer-uds-south,6723,34.46652991962465,-5.3103081109867825,1.12.10,0.049999999999996804,40.364325548482114,47.46047508583051,1.1758025048337577,True,
126856,primer-uds-south,54098,34.46687611783184,-5.231150902529542,1.12.10,0.049999999999996804,42.844031492341315,53.330786094257554,1.2447658223711002,True,
126889,primer-uds-north,61531,34.466942857250615,-5.119225803383441,1.12.10,0.049999999999996804,12.0355705459284,14.288483747139049,1.1871879021117784,True,
126912,primer-uds-north,70752,34.467008191890216,-5.106498694053376,1.12.10,0.049999999999996804,18.686989477041024,39.79735999158859,2.1296827956415307,True,
127958,primer-uds-north,5778,34.469348940394674,-5.2009854167936975,1.12.10,0.049999999999996804,334.1469198884548,1071.3364278275542,3.2061837594827702,True,
128283,primer-uds-south,50431,34.47004102798784,-5.238068116366967,1.12.10,0.049999999999996804,57.35791946614651,181.33158538711987,3.161404511789247,True,
128401,primer-uds-north,26156,34.47029850195267,-5.168360094032398,1.12.10,0.049999999999996804,4.812371510790079,9.080245667866961,1.8868546718613992,True,
128569,primer-uds-south,8303,34.47066538454591,-5.307043118792189,1.12.10,0.049999999999996804,10.028658172073724,16.121614080890502,1.6075544508819246,True,
128688,primer-uds-north,70278,34.47092599205968,-5.106758961388486,1.12.10,0.049999999999996804,8.162417394759787,9.923882023185538,1.2158018321332842,True,
128779,primer-uds-north,11352,34.47112739763726,-5.190443445892024,1.12.10,0.049999999999996804,58.91457050884466,73.54002534345699,1.2482485182916958,True,
128975,primer-uds-south,42528,34.471594490977715,-5.250576039072156,1.12.10,0.049999999999996804,161.8417930164635,394.9035497673902,2.4400591615246023,True,
129175,primer-uds-north,53364,34.47199490509634,-5.130668083967125,1.12.10,0.049999999999996804,15.018120788885973,36.58858075093699,2.4362955435818603,True,
130014,primer-uds-north,11427,34.473730209744055,-5.190281885980348,1.12.10,0.049999999999996804,12.502424238196738,21.739241357877667,1.7388020869953444,True,
130172,primer-uds-north,15699,34.474104761778676,-5.182996004279392,1.12.10,0.049999999999996804,16.792827103276313,38.94095493499182,2.318904059185744,True,
130274,primer-uds-north,61896,34.47431864485633,-5.118682382629522,1.12.10,0.049999999999996804,5.5955047870652805,7.359645435393552,1.315278194812076,True,
131543,primer-uds-south,15803,34.47679886298039,-5.2941888023791135,1.12.10,0.049999999999996804,111.74383527344753,270.0518016128202,2.416704249965812,True,
131564,primer-uds-south,5857,34.47685186485686,-5.312181396242291,1.12.10,0.049999999999996804,56.40711863876136,77.32204496587498,1.3707852276776549,True,
132251,primer-uds-north,32047,34.47827115407714,-5.160778589005591,1.12.10,0.049999999999996804,16.784967277153417,63.3034905227968,3.771439614836861,True,
133255,primer-uds-south,17487,34.48021448454331,-5.291289882496262,1.12.10,0.049999999999996804,3.3190004692494637,13.312197209207024,4.010905491742022,True,
133603,primer-uds-south,616,34.480915885584,-5.330219272922779,1.12.10,0.049999999999996804,8.890649633127179,12.500412448053426,1.4060178911421748,True,
134414,primer-uds-north,57689,34.48264037794416,-5.124888489952329,1.12.10,0.049999999999996804,150.0231019458406,397.61876345645885,2.6503835629262085,True,
134898,primer-uds-north,25768,34.483605309671916,-5.168929334327156,1.12.10,0.049999999999996804,34.20063589476232,43.72097117628984,1.278367200856213,True,
135036,primer-uds-north,35498,34.48387409935213,-5.155888509958744,1.12.10,0.049999999999996804,182.9596604543064,478.48003863551395,2.6152215053711956,True,
135364,primer-uds-south,63474,34.484574819262846,-5.21462548595415,1.12.10,0.049999999999996804,6.058655142896163,7.813280083535155,1.2896063398981055,True,
135465,primer-uds-north,5204,34.48475687388109,-5.201704527786051,1.12.10,0.049999999999996804,33.41102927140943,54.533331038218975,1.6321954823727736,True,
135503,primer-uds-south,3572,34.48483422460613,-5.317168077058021,1.12.10,0.049999999999996804,177.0555356989604,534.6861975269651,3.019878454611372,True,
135738,primer-uds-south,3042,34.48539570858701,-5.318502650510154,1.12.10,0.049999999999996804,1757.6995124402747,2346.298780231633,1.3348691079592925,True,
135801,primer-uds-south,21159,34.48551239352186,-5.2849570523630325,1.12.10,0.049999999999996804,4.048936177112778,8.185984813525296,2.0217618790332654,True,
135872,primer-uds-south,76220,34.485659312957374,-5.190670979105039,1.12.10,0.049999999999996804,4.792575105990624,7.457359471887097,1.5560234961295747,True,
135918,primer-uds-north,85279,34.48575947602628,-5.082030153354635,1.12.10,0.049999999999996804,133.95187224157837,216.00702830835962,1.6125719237339,True,
136211,primer-uds-north,41725,34.48635114440084,-5.147174282032194,1.12.10,0.049999999999996804,3.1300003554356834,6.224908993714227,1.988788590040829,True,
136735,primer-uds-south,37283,34.48739919674753,-5.258817996906587,1.12.10,0.049999999999996804,2886.197786289116,4209.475826949885,1.4584848782529745,True,
136803,primer-uds-north,61491,34.48753758454746,-5.119268609418039,1.12.10,0.049999999999996804,5.0691925389366554,5.114970887298606,1.0090306982838637,True,
136853,primer-uds-south,7901,34.48762977643765,-5.307837775610674,1.12.10,0.049999999999996804,3.385512409353878,11.996573145208021,3.543502930918973,True,
136897,primer-uds-north,14813,34.487720340280006,-5.1845620899042775,1.12.10,0.049999999999996804,73.9452835437107,242.62390174955937,3.281127478619228,True,
137438,primer-uds-north,60706,34.48877356587128,-5.135722214940955,1.12.10,0.049999999999996804,3929.6368566932124,5789.599584092239,1.473316694450027,True,
137562,primer-uds-south,65201,34.48903004857275,-5.211335321018007,1.12.10,0.049999999999996804,10.765107781792144,12.96202683121089,1.2040777569486638,True,
137945,primer-uds-south,48295,34.489780759196016,-5.2411564410335565,1.12.10,0.049999999999996804,15.674951875278014,22.288169134185182,1.4218971331795476,True,
139956,primer-uds-north,16625,34.49378687603665,-5.181714693273728,1.12.10,0.049999999999996804,318.32304283306604,835.7833639358889,2.6255823533773763,True,
141205,primer-uds-north,68077,34.49620192683707,-5.109687841576989,1.12.10,0.049999999999996804,4.177302402561237,5.453159746244003,1.3054261388642818,True,
141644,primer-uds-south,19486,34.49700523563342,-5.287915917232205,1.12.10,0.049999999999996804,23.40020406408087,80.63501653102506,3.445910826683737,True,
141918,primer-uds-south,228,34.49752553293257,-5.335606925248516,1.12.10,0.049999999999996804,3.461126342237775,10.161067928860628,2.9357691468410936,True,
142423,primer-uds-north,36443,34.49856842923535,-5.154175735282453,1.12.10,0.049999999999996804,6.617487535357882,7.438159258207324,1.1240156053886785,True,
142985,primer-uds-north,26035,34.499690147068414,-5.168761031099453,1.12.10,0.049999999999996804,36.2385462805124,87.54201313018892,2.4157153670721447,True,
144625,primer-uds-north,56444,34.50310033190201,-5.126617601848766,1.12.10,0.049999999999996804,104.54656603825681,230.10061394107382,2.2009389945612647,True,
145365,primer-uds-south,55184,34.5047344370313,-5.2293682842100795,1.12.10,0.049999999999996804,57.00419552091816,91.12121765874984,1.5985001950481375,True,
145455,primer-uds-south,37427,34.50493770078176,-5.257979528161563,1.12.10,0.049999999999996804,12.480512129042657,17.305498490463158,1.386601632331462,True,
145955,primer-uds-south,2286,34.50599124869733,-5.320300711584633,1.12.10,0.049999999999996804,209.6217831789923,603.3890563450858,2.878465430426487,True,
146206,primer-uds-south,72461,34.50657609506122,-5.197362327095342,1.12.10,0.049999999999996804,4.980862854791406,7.99978501734552,1.6061042535331047,True,
147032,primer-uds-south,54494,34.50868738309476,-5.230432231757958,1.12.10,0.049999999999996804,10.193864919463087,12.800466322698298,1.2557029570068603,True,
147593,primer-uds-south,12528,34.51039682702882,-5.29937910631622,1.12.10,0.049999999999996804,14.9984502410512,20.3853511580182,1.359163835622356,True,
148199,primer-uds-north,42054,34.51225389129376,-5.147221150418501,1.12.10,0.049999999999996804,374.2340005649749,986.3972846112788,2.6357767683378075,True,
148231,primer-uds-south,6878,34.51237948824162,-5.3100001363116265,1.12.10,0.049999999999996804,58.54850142145018,81.12500569375541,1.3856034522522205,True,
148479,primer-uds-south,2703,34.5132215410949,-5.319188599587272,1.12.10,0.049999999999996804,131.4991288641086,292.7264836350281,2.226071656623156,True,
148563,primer-uds-south,2620,34.51352733705633,-5.31922820222281,1.12.10,0.049999999999996804,4.079673432463168,12.649293150674621,3.1005651212228056,True,
148737,primer-uds-north,35833,34.51417935283128,-5.155045961692878,1.12.10,0.049999999999996804,18.364054645243588,20.453028404802314,1.1137534057654193,True,
148750,primer-uds-south,42517,34.51422031369364,-5.250364634933587,1.12.10,0.049999999999996804,46.71092495516958,56.369120145239286,1.206765231031907,True,
148975,primer-uds-south,47932,34.51504888566612,-5.241741510481938,1.12.10,0.049999999999996804,5.346931420790147,8.032019348138997,1.502173623717818,True,
149119,primer-uds-south,25048,34.51560946639968,-5.278927002663479,1.12.10,0.049999999999996804,2.3702942920712817,13.744539954504873,5.7986639045121295,True,
149161,primer-uds-north,8768,34.515777719738026,-5.19516160998345,1.12.10,0.049999999999996804,19.271741303980686,36.38097499732889,1.887788675837725,True,
149251,primer-uds-north,14035,34.51611319766606,-5.185680142574385,1.12.10,0.049999999999996804,14.567407646980511,19.55136686010656,1.3421308261500535,True,
150190,primer-uds-south,22655,34.520167293437524,-5.2821850680351154,1.12.10,0.049999999999996804,6.563119000464806,32.916710792928995,5.0154066672564985,True,
150601,primer-uds-south,19615,34.5223364923024,-5.28795551590413,1.12.10,0.049999999999996804,420.8154506852874,896.7842239809196,2.1310629695761625,True,
150639,primer-uds-south,31897,34.522479215225026,-5.2673666015416885,1.12.10,0.049999999999996804,135.89561207434946,298.1811231361564,2.1941924289138885,True,
150813,primer-uds-north,17413,34.52346424514958,-5.180470964401321,1.12.10,0.049999999999996804,44.58412497978131,141.62201250588103,3.176512100890305,True,
150831,primer-uds-north,17414,34.52355156045164,-5.180396410210852,1.12.10,0.049999999999996804,38.40618807647901,155.7430898895488,4.055156152946355,True,
150844,primer-uds-south,3875,34.52366890330545,-5.3161839782797085,1.12.10,0.049999999999996804,5.5014804367354175,9.468203812153426,1.721028352465044,True,
150853,primer-uds-north,17415,34.523699115833836,-5.1804784181958885,1.12.10,0.049999999999996804,56.3254613591893,152.768812246737,2.712251414551677,True,
151606,primer-uds-north,9974,34.53126289621551,-5.192838097714156,1.12.10,0.049999999999996804,21.465740890366355,23.909395381944787,1.1138397460427338,True,
151805,gds-sw,6388,53.00305410738228,-27.92407857623444,1.12.10,0.049999999999996804,12.879615604308054,19.98884527530231,1.5519752987516426,True,
151994,gds-sw,7937,53.005827038833985,-27.918719505470598,1.12.10,0.049999999999996804,46.12029113432084,105.8591047684035,2.295282665499643,True,
152390,gds-sw,19663,53.01105385984067,-27.88879338726297,1.12.10,0.049999999999996804,14.725088324358751,19.03263964333603,1.2925314418557055,True,
155775,gds-sw,41796,53.030431278951866,-27.855750259597322,1.12.10,0.049999999999996804,264.8992203514748,1430.3404405675205,5.399564553907368,True,
157134,gds-sw,43476,53.03490293102044,-27.852180251203606,1.12.10,0.049999999999996804,20.163825371479554,24.54079241750994,1.217070271408982,True,
157620,gds-sw,46383,53.036387572876066,-27.846563563386713,1.12.10,0.049999999999996804,21.21790869491668,25.69526328207362,1.2110177139290645,True,
157945,gds-sw,35305,53.03740009862235,-27.865590147015894,1.12.10,0.049999999999996804,48.98511310103401,61.19568631540368,1.2492711038389317,True,
158443,gds-sw,16973,53.03878747818675,-27.893355145262685,1.12.10,0.049999999999996804,1.1231022781010993,2.703190908662292,2.40689647004612,True,
159272,gds-sw,42114,53.04105359377501,-27.854471723535745,1.12.10,0.049999999999996804,21.052032656769043,26.06687531670557,1.2382118031877583,True,
159640,gds-sw,48395,53.042077465192655,-27.84262971544884,1.12.10,0.049999999999996804,29.107755030257163,60.99315828901022,2.0954263984154244,True,
159758,gds-sw,48833,53.04242601978916,-27.841809596709137,1.12.10,0.049999999999996804,82.0605821291815,103.74708659749899,1.2642743191143604,True,
160972,gds-sw,42382,53.04601373417316,-27.853986000927193,1.12.10,0.049999999999996804,7.06121214756842,7.777578539149154,1.10145090908045,True,
161363,gds-sw,32759,53.04720095738094,-27.870026393820968,1.12.10,0.049999999999996804,84.86570989328425,266.4417524803813,3.13956900632096,True,
162448,gds-sw,14285,53.050309153772304,-27.900048049607086,1.12.10,0.049999999999996804,27.49758901775474,34.84387713235034,1.2671611721977598,True,
165070,gds-sw,29489,53.05703122594667,-27.874368763116628,1.12.10,0.049999999999996804,22.913315346530382,27.240430371566575,1.1888471816319421,True,
168348,gds,18256,53.06379006058622,-27.84226127876387,1.12.10,0.049999999999996804,303.38002641161995,770.5514043261915,2.539888381711467,True,
168556,gds,3327,53.06411375991559,-27.87092905358485,1.12.10,0.049999999999996804,13.227457648807952,16.289828221135302,1.2315161880411183,True,
170694,gds-sw,62395,53.06767519160437,-27.812326847778333,1.12.10,0.049999999999996804,63.84640939751671,79.3305040516274,1.2425209937446058,True,
171525,gds-sw,65036,53.069007325205234,-27.807140728920164,1.12.10,0.049999999999996804,37.494202730596825,120.18306471895518,3.205377257452145,True,
174011,gds-sw,52928,53.07315233033157,-27.833124148211006,1.12.10,0.049999999999996804,4.909696157558723,7.045289509396877,1.4349746467610427,True,
174247,gds-sw,61346,53.073521909703324,-27.81486676301623,1.12.10,0.049999999999996804,4.800780902119127,7.572978122704679,1.5774471439348272,True,
175104,gds,1026,53.07486760151162,-27.8759001025789,1.12.10,0.049999999999996804,42.125109558100604,103.49639474244704,2.4568813191975383,True,
175542,gds-sw,14028,53.075499248933866,-27.898726554460232,1.12.10,0.049999999999996804,235.6625345598884,528.1846396448104,2.2412753925065845,True,
176040,gds-sw,9371,53.07634093685138,-27.909917193982597,1.12.10,0.049999999999996804,17.940372425251123,21.695566701548124,1.209315291081224,True,
176194,gds-sw,30515,53.07661510576126,-27.873381386635437,1.12.10,0.049999999999996804,100.88439570796811,336.2492037637255,3.333014996066113,True,
176345,gds-sw,1272,53.07683558482503,-27.94412424870228,1.12.10,0.049999999999996804,7.714177004561372,15.5314122154173,2.013359585375552,True,
177631,gds-sw,22988,53.07885863476961,-27.884150308040176,1.12.10,0.049999999999996804,195.6842777179037,250.8226644043218,1.2817721859387445,True,
177977,gds,4646,53.079400221645656,-27.87082876027629,1.12.10,0.049999999999996804,77.16151781656528,290.1269249216854,3.759995048456654,True,
178638,gds-sw,33004,53.080364348046686,-27.869457425818986,1.12.10,0.049999999999996804,48.79030022212716,104.452587584374,2.14084740427572,True,
181098,gds-sw,49899,53.08403543631125,-27.839345833404042,1.12.10,0.049999999999996804,44.30804352977916,54.37337247088553,1.2271670816234872,True,
182436,gds,45431,53.0860450771494,-27.78741708407485,1.12.10,0.049999999999996804,19.40363305218644,41.537338961948976,2.140699056214551,True,
182887,gds,45374,53.086749004591155,-27.78743142193239,1.12.10,0.049999999999996804,9.41625313437608,12.016125572549914,1.276104773424414,True,
182945,gds,2393,53.08682708840999,-27.87305218696879,1.12.10,0.049999999999996804,143.14089820799276,207.81154003158872,1.4517970938649933,True,
183031,gds-sw,53518,53.0869690849623,-27.831897750458214,1.12.10,0.049999999999996804,8.787294987779331,11.00541184267039,1.2524231698123074,True,
183340,gds-sw,61301,53.08745362255662,-27.814918167128017,1.12.10,0.049999999999996804,11.454834040553727,14.763318178254227,1.2888286400298268,True,
183628,gds-sw,4131,53.087867892621176,-27.93220227357779,1.12.10,0.049999999999996804,5.9778872042046345,7.7968241766038915,1.304277566682737,True,
184813,gds,17145,53.089729489902346,-27.845222951700286,1.12.10,0.049999999999996804,21.84214307316406,30.035606793263256,1.3751217860195204,True,
186225,gds-sw,11577,53.092002693610276,-27.90312923919297,1.12.10,0.049999999999996804,29.056989511422742,35.90741235110778,1.2357581757391636,True,
187344,gds,38325,53.09375254297302,-27.801842667750524,1.12.10,0.049999999999996804,3.146123784980019,9.481393631964513,3.013674693039686,True,
187377,gds-sw,1175,53.093803132852834,-27.94430625570115,1.12.10,0.049999999999996804,10.695308681308967,14.785098646648798,1.3823910171463414,True,
189514,gds-sw,12551,53.09751840702867,-27.9012472968684,1.12.10,0.049999999999996804,44.613486618123574,85.52994236507928,1.9171319896422083,True,
190599,gds-sw,7615,53.099370947946746,-27.91994147956829,1.12.10,0.049999999999996804,9.608370387320193,10.583759099927523,1.1015144788646485,True,
192103,gds-sw,62953,53.10187331566648,-27.810942103532497,1.12.10,0.049999999999996804,7.979286492559102,9.938258056250554,1.2455071096291936,True,
192644,gds-sw,18317,53.10282982126792,-27.890966632617555,1.12.10,0.049999999999996804,12.544170037303854,16.414189854925887,1.3085114285053032,True,
192766,gds,19450,53.10304216033498,-27.839509639676614,1.12.10,0.049999999999996804,9.387333698601202,17.35292749016613,1.848546993993819,True,
193416,gds,53601,53.104228968657736,-27.7721243703052,1.12.10,0.049999999999996804,175.35868602524698,400.9875203267093,2.2866704205857116,True,
194114,gds,23872,53.105475460924616,-27.830681026935462,1.12.10,0.049999999999996804,31.51582554141626,52.187884162822236,1.655926293101222,True,
194864,gds,9562,53.106896512218604,-27.859417698294347,1.12.10,0.049999999999996804,44.54335717179115,110.0052092692209,2.469620977264059,True,
195041,gds-sw,18538,53.10722426668577,-27.89059472303409,1.12.10,0.049999999999996804,7.151037027726656,8.5442408784674,1.1948254281636197,True,
195252,gds-sw,8018,53.10762684390791,-27.91888951540199,1.12.10,0.049999999999996804,188.29612685957548,292.37166006256155,1.5527226445852595,True,
195873,gds,4348,53.10880044698534,-27.86904074926277,1.12.10,0.049999999999996804,33.67970187916792,89.54183977776682,2.6586292271533316,True,
197338,gds,40175,53.11154117008917,-27.798073590862895,1.12.10,0.049999999999996804,5.07504851227844,6.026616537902564,1.1874992964740978,True,
197418,gds,56575,53.11170585830399,-27.76507853581672,1.12.10,0.049999999999996804,14.475612728128354,18.409257671838976,1.2717428973536258,True,
197978,gds,66859,53.112654903704374,-27.74120758091971,1.12.10,0.049999999999996804,4.127068252979121,8.91837290824325,2.1609463089944123,True,
198010,gds,20056,53.112710909078196,-27.838269062704104,1.12.10,0.049999999999996804,5.529127167071424,7.126498518646557,1.2889011779450898,True,
198116,gds,3941,53.11288975255133,-27.869978515828745,1.12.10,0.049999999999996804,5.8216742386394476,15.23505220232754,2.6169537452318945,True,
198512,gds,42609,53.11353797575195,-27.793496263763785,1.12.10,0.049999999999996804,8.718576413254123,14.170620403726065,1.6253364921116773,True,
198576,gds,4917,53.11366577410748,-27.86786012918301,1.12.10,0.049999999999996804,82.59480708881267,147.76904111444918,1.7890839185029617,True,
198940,gds,31610,53.11440170571138,-27.815374092871444,1.12.10,0.049999999999996804,0.7241456144181956,4.774189114703017,6.592857872292399,True,
199185,gds-sw,18685,53.11474438705978,-27.89042056618819,1.12.10,0.049999999999996804,32.02970627362011,50.461911157531254,1.5754721796837718,True,
199509,gds,9565,53.1153139456601,-27.85921671103464,1.12.10,0.049999999999996804,17.62533485162267,21.165364182763554,1.2008489121450632,True,
200038,gds,44423,53.116294044040956,-27.78944199385321,1.12.10,0.049999999999996804,19.004352332468347,26.710365609375685,1.4054867612479407,True,
200250,gds,19528,53.11668254248728,-27.83979284318243,1.12.10,0.049999999999996804,30.709536802301056,38.36693900973334,1.2493493228741412,True,
200294,gds,47169,53.11674562050395,-27.783976648541074,1.12.10,0.049999999999996804,17.195767500530746,20.8821701164675,1.214378486788855,True,
201550,gds-sw,17377,53.11906564232893,-27.89254821470951,1.12.10,0.049999999999996804,7.359217951296781,9.274607088492257,1.2602707447817822,True,
202947,gds,41877,53.121424834404465,-27.79491259974065,1.12.10,0.049999999999996804,10.639023598954362,13.770793389737612,1.2943662791659802,True,
204900,gds,5731,53.124767798685085,-27.866299028812378,1.12.10,0.049999999999996804,43.9835138335316,73.96003067363009,1.6815398368023375,True,
205010,gds,60027,53.124946017070116,-27.758381448800474,1.12.10,0.049999999999996804,3336.7946245451476,5273.097071757167,1.5802881702603933,True,
205277,gds,19200,53.12539986599142,-27.839967619304478,1.12.10,0.049999999999996804,6.498047240495974,7.9522884522379185,1.223796651196852,True,
205297,gds,45393,53.12543075072962,-27.787438124199536,1.12.10,0.049999999999996804,12.781126060032667,15.416110060266368,1.2061621165347434,True,
205668,gds-sw,10042,53.12608291617269,-27.906891744098182,1.12.10,0.049999999999996804,5.056012815875554,6.4684871909226285,1.2793652679463146,True,
205934,gds,30367,53.12653936355704,-27.818090433946182,1.12.10,0.049999999999996804,9.639968800746896,13.127292036851763,1.3617566932202803,True,
206125,gds,46061,53.12690220614058,-27.786152083012336,1.12.10,0.049999999999996804,17.95464708976233,21.409675270412315,1.1924308600094975,True,
206765,gds,24555,53.12805111955162,-27.82917122164247,1.12.10,0.049999999999996804,5.483588576874221,6.566969903499643,1.1975679450486738,True,
208234,gds-sw,46371,53.13081092690183,-27.8468823013621,1.12.10,0.049999999999996804,24.621638056575815,42.65646155919971,1.7324786214947732,True,
209219,gds,62641,53.13260445704167,-27.752411599308875,1.12.10,0.049999999999996804,42.90276919066749,56.13503241704688,1.3084244554838143,True,
210911,gds,2947,53.13586408202085,-27.87164251860678,1.12.10,0.049999999999996804,10.963677790279714,13.785354555475763,1.2573658966608559,True,
212842,gds,47103,53.13904119249008,-27.784441828666363,1.12.10,0.049999999999996804,17.396188128689946,25.69835083730555,1.477240338354562,True,
213008,gds-sw,18590,53.139275884331006,-27.89070941231038,1.12.10,0.049999999999996804,190.3673706753918,392.35004556954243,2.0610152053765813,True,
214024,gds-sw,24788,53.14063412565426,-27.881374820164417,1.12.10,0.049999999999996804,27.409409829544053,34.04666045435455,1.2421522632587418,True,
215737,gds,25907,53.142815577384795,-27.8279015781256,1.12.10,0.049999999999996804,186.59908134323004,376.6599698053471,2.01855211233607,True,
215810,gds-sw,68652,53.14290460918657,-27.79809209800573,1.12.10,0.049999999999996804,19.059521534299233,39.09909282735774,2.051420480676579,True,
219079,gds,62202,53.147382206263416,-27.753579609844934,1.12.10,0.049999999999996804,185.69450411437043,537.840171290791,2.896370971536841,True,
219585,gds,8086,53.14808259942663,-27.86191409850182,1.12.10,0.049999999999996804,25.49527302582338,37.55433840486822,1.472992203959949,True,
224834,gds,36050,53.15477105316318,-27.806518903585005,1.12.10,0.049999999999996804,43.16565202677482,53.20918311286219,1.2326741428545447,True,
225133,gds,70263,53.155125075297036,-27.727775122679432,1.12.10,0.049999999999996804,25.07605513779518,65.59069601588556,2.6156704336251764,True,
227476,gds,67525,53.15818309706171,-27.739131367890362,1.12.10,0.049999999999996804,12.88444687038192,16.07902166282916,1.2479403908126439,True,
228370,gds-sw,62593,53.159333284632474,-27.811749371919966,1.12.10,0.049999999999996804,5.017002720340955,5.986700738060106,1.1932823384343811,True,
229158,gds-sw,65228,53.16038343218379,-27.806012309731834,1.12.10,0.049999999999996804,13.12389808085991,16.340952091611484,1.2451294570355873,True,
229350,gds,52507,53.16061646311052,-27.77624542617092,1.12.10,0.049999999999996804,177.89346257780767,466.36441390549453,2.62159388629312,True,
229919,gds,67995,53.161376256557986,-27.737668118586065,1.12.10,0.049999999999996804,22.115198285651953,28.340134117857588,1.2814777309161316,True,
230871,gds,2965,53.162637948398135,-27.873131344278693,1.12.10,0.049999999999996804,74.2866422338767,102.3605884276316,1.377913785702814,True,
232484,gds,20835,53.16480437798905,-27.836966463814456,1.12.10,0.049999999999996804,193.72872431665735,244.99059841703144,1.2646064711425267,True,
233452,gds,53198,53.16611546488844,-27.77204343776549,1.12.10,0.049999999999996804,7.853644027247869,10.501857609807551,1.3371955201142072,True,
233637,gds,955,53.16634941337236,-27.87700665749418,1.12.10,0.049999999999996804,3.7176138850607785,12.873468989482745,3.462831102825053,True,
242268,gds,3855,53.17832087916748,-27.87028356272391,1.12.10,0.049999999999996804,85.18357313277967,254.96945111188683,2.993176286635146,True,
242763,gds,59698,53.179225704888864,-27.758719481786507,1.12.10,0.049999999999996804,6.54388828512247,9.036799640518941,1.3809526151392446,True,
243035,gds,51941,53.17975620705561,-27.774648062373693,1.12.10,0.049999999999996804,5.907313954117193,7.4827656475441415,1.266695101303853,True,
244790,gds,21000,53.18370944923582,-27.836479741086887,1.12.10,0.049999999999996804,19.208881334721273,40.48422010072402,2.1075782288032685,True,
247241,gds,38915,53.189697444371184,-27.80075459161798,1.12.10,0.049999999999996804,11.076851500290232,13.79983618845387,1.2458265950475451,True,
247864,gds,21299,53.19120546759014,-27.835791409579294,1.12.10,0.049999999999996804,31.013689947430194,37.83217418426402,1.2198540144172303,True,
248244,gds,62554,53.192118516701655,-27.752516638792436,1.12.10,0.049999999999996804,5.767641990950491,11.90803450750499,2.064627888864957,True,
249451,gds,21463,53.19538226355647,-27.835478980552985,1.12.10,0.049999999999996804,24.445986325479694,42.60225678740875,1.7427096710352423,True,
251875,gds,53152,53.20399376641212,-27.772100026665946,1.12.10,0.049999999999996804,9.198481600261832,11.886194850921346,1.292190968842402,True,
252329,gds,52273,53.20632662177949,-27.775726541188305,1.12.10,0.049999999999996804,19.806953233573466,45.19799877379438,2.281925859105994,True,
253976,gds,54568,53.218917741611,-27.769554671905762,1.12.10,0.049999999999996804,112.29192643811602,236.36760025941976,2.104938509445572,True,
254697,ngdeep,21261,53.224510743263444,-27.81722914867752,1.12.10,0.049999999999996804,207.37540548511217,485.25592516789743,2.3399878304408417,True,
255234,ngdeep,18383,53.22737819746009,-27.828791531109793,1.12.10,0.049999999999996804,14.554586239964221,18.779074102289385,1.2902513195961212,True,
258427,ngdeep,19912,53.239620662370776,-27.821687351474964,1.12.10,0.049999999999996804,18.93245223252872,29.781481424933176,1.5730387727462074,True,
259633,ngdeep,11114,53.24315051968178,-27.862037865592328,1.12.10,0.049999999999996804,11.602685410782566,16.474130837921287,1.4198549951730661,True,
259763,ngdeep,15105,53.24353319391656,-27.84850975060793,1.12.10,0.049999999999996804,49.23732383856154,61.93679937159119,1.2579237566742756,True,
260073,ngdeep,11893,53.244388138349294,-27.860043193758774,1.12.10,0.049999999999996804,260.1839665001784,611.1382994866663,2.3488699465508653,True,
260133,ngdeep,24554,53.24454090973143,-27.79991859621834,1.12.10,0.049999999999996804,55.11330548330894,67.82807717319389,1.2307023971504598,True,
261180,ngdeep,21376,53.24720660282421,-27.816365928781863,1.12.10,0.049999999999996804,1866.0303625296876,3700.8603823426156,1.983279831162842,True,
261310,ngdeep,23844,53.247551133566425,-27.80349616937701,1.12.10,0.049999999999996804,11.898616887303929,14.855854024852455,1.2485362093390837,True,
261970,ngdeep,15730,53.24922273018259,-27.846415216440946,1.12.10,0.049999999999996804,622.3492167018418,1728.9358550119155,2.7780799085350547,True,
263735,ngdeep,19674,53.25350816889138,-27.82338646103283,1.12.10,0.049999999999996804,315.75295229724975,655.8283864552864,2.0770301011719114,True,
266730,ngdeep,12493,53.261123665048835,-27.85832170185317,1.12.10,0.049999999999996804,315.7773094199817,598.2571921941334,1.8945540871603772,True,
267154,ngdeep,10991,53.26243688041706,-27.863034257653826,1.12.10,0.049999999999996804,255.87723879061573,399.45916728329,1.5611359930695803,True,
267182,ngdeep,20078,53.26251947350699,-27.820979734312832,1.12.10,0.049999999999996804,79.52666242172704,98.62167109321523,1.2401082616824537,True,
268042,ngdeep,13208,53.26558350127924,-27.855510458008894,1.12.10,0.049999999999996804,10.072669992768773,21.043360827802346,2.089154200714358,True,
268094,ngdeep,9021,53.26578878144288,-27.86775450223582,1.12.10,0.049999999999996804,7.743579821650339,11.61568042242499,1.500040122263428,True,
268547,ngdeep,8019,53.26769013605213,-27.869336173750686,1.12.10,0.049999999999996804,9.170571983077904,11.182972261921465,1.2194410863964609,True,
270390,ngdeep,16983,53.27624731873853,-27.839020576159477,1.12.10,0.049999999999996804,25.04644901313627,30.89541795592502,1.2335248777070595,True,
271966,ngdeep,13251,53.283769455540344,-27.85880810302109,1.12.10,0.049999999999996804,227.00073997050555,614.6903988424665,2.7078783924771956,True,
272700,ngdeep,9892,53.28811907377079,-27.865473032982425,1.12.10,0.049999999999996804,9.615864836641617,12.963079740023929,1.348092965141068,True,
279171,primer-cosmos-west,115392,150.0227037172432,2.5010682120076533,1.12.11.dev3+gee60973,0.049999999999996804,91.03569828193494,238.65742706230606,2.621580671828219,True,
280576,primer-cosmos-west,107060,150.02543413573335,2.4561380707957814,1.12.11.dev3+gee60973,0.049999999999996804,17.44570824743208,32.206456173577486,1.846096227037278,True,
283546,primer-cosmos-west,106723,150.03114316791027,2.4545160014789094,1.12.11.dev3+gee60973,0.049999999999996804,,,,False,aperture leaves valid footprint
288649,primer-cosmos-west,99397,150.03918365098616,2.4207742074423866,1.12.11.dev3+gee60973,0.049999999999996804,191.86081374548016,433.4974897664848,2.2594373561948737,True,
289047,primer-cosmos-west,114800,150.0396266253301,2.4977943479841307,1.12.11.dev3+gee60973,0.049999999999996804,9.692757562983495,14.013794883639912,1.4458006189238033,True,
289178,primer-cosmos-west,106525,150.03978979747438,2.4535817566156606,1.12.11.dev3+gee60973,0.049999999999996804,19.694694145891972,21.133277977639672,1.0730442331874328,True,
296662,primer-cosmos-west,56867,150.05015934314022,2.2796453190373964,1.12.10,0.049999999999996804,4.528068362809755,2.8490652203778852,0.6292010173207687,True,
298386,primer-cosmos-west,96731,150.05215316672107,2.4093351560438228,1.12.11.dev3+gee60973,0.049999999999996804,79.4785880395544,143.04691168419157,1.7998169722517077,True,
299832,primer-cosmos-west,95890,150.0536796698253,2.405778721465156,1.12.11.dev3+gee60973,0.049999999999996804,80.55483738435514,113.63849691772586,1.4106973660131306,True,
299954,primer-cosmos-west,53627,150.05380538800276,2.269355037064856,1.12.10,0.049999999999996804,1.371842490827525,2.8468662736364205,2.0752136580338236,True,
300110,primer-cosmos-west,4807,150.05396510433025,2.1502753935141,1.12.10,0.049999999999996804,73.9763658908574,213.11738597560174,2.8808847719017314,True,
300194,primer-cosmos-west,42096,150.05404595027397,2.246305766493016,1.12.10,0.049999999999996804,113.01908128350728,233.49776599453924,2.0660030442895954,True,
300670,primer-cosmos-west,39083,150.0545763492524,2.240183527285537,1.12.10,0.049999999999996804,19.277286911964158,21.972992005460004,1.1398384070230754,True,
301324,primer-cosmos-west,62385,150.05536538772682,2.291590045339835,1.12.11.dev3+gee60973,0.049999999999996804,36.31393598971145,49.62180072403193,1.3664671529434564,True,
301428,primer-cosmos-west,23068,150.05549399289202,2.19371352670653,1.12.11.dev3+gee60973,0.049999999999996804,66.98612827306134,139.88233126121588,2.0882283372312767,True,
301464,primer-cosmos-west,114845,150.05552715513835,2.4980427095872093,1.12.11.dev3+gee60973,0.049999999999996804,31.646914605425028,37.7794779620351,1.1937807660895576,True,
302081,primer-cosmos-west,109973,150.05628529270015,2.471275354815928,1.12.11.dev3+gee60973,0.049999999999996804,53.760063057268646,87.63360753612993,1.6300875138999935,True,
302087,primer-cosmos-west,110095,150.05637068406097,2.471878779647746,1.12.11.dev3+gee60973,0.049999999999996804,12.776138822726136,25.26964096070553,1.9778777697496532,True,
302643,primer-cosmos-west,45861,150.05688890459015,2.2537212887902376,1.12.10,0.049999999999996804,6.653272483785034,10.505881305986083,1.5790547180489605,True,
303820,primer-cosmos-west,12311,150.05827880817208,2.1613472191669976,1.12.10,0.049999999999996804,5.791390676204463,10.332237180490536,1.784068414334989,True,
303931,primer-cosmos-west,116230,150.05839579803123,2.5063554794948235,1.12.11.dev3+gee60973,0.049999999999996804,29.82404952807888,38.96320597344945,1.3064357989603723,True,
304156,primer-cosmos-west,94552,150.05865495434043,2.399346264189326,1.12.11.dev3+gee60973,0.049999999999996804,150.24555198926498,206.80518896469212,1.3764479961407996,True,
304377,primer-cosmos-west,115653,150.05891809247836,2.502702266872215,1.12.11.dev3+gee60973,0.049999999999996804,10.524020280633684,10.920709487448622,1.037693694637298,True,
305022,primer-cosmos-west,89655,150.0596221734279,2.3792301461300305,1.12.11.dev3+gee60973,0.049999999999996804,13.706589892853978,22.63303629583693,1.6512521694135471,True,
305050,primer-cosmos-west,63169,150.05966042062315,2.293435909931349,1.12.10,0.049999999999996804,20.566371461574096,38.616712005471136,1.8776628671529165,True,
305142,primer-cosmos-west,29305,150.05977723669184,2.21053899196692,1.12.11.dev3+gee60973,0.049999999999996804,25.296360593133457,29.62454024226046,1.1710989070222955,True,
305195,primer-cosmos-west,111429,150.05983360057374,2.478842430184127,1.12.11.dev3+gee60973,0.049999999999996804,16.170280036350462,37.183358066602594,2.29948757739601,True,
305664,primer-cosmos-west,113862,150.06037039922919,2.4926551490609685,1.12.11.dev3+gee60973,0.049999999999996804,14.560696403362428,18.379335829243782,1.2622566476284427,True,
305768,primer-cosmos-west,108271,150.0605106507698,2.462189684697419,1.12.11.dev3+gee60973,0.049999999999996804,4.015021411520882,7.4443900989011365,1.8541345950335084,True,
305821,primer-cosmos-west,69048,150.0605715630276,2.305958926825972,1.12.11.dev3+gee60973,0.049999999999996804,9.621087387152935,11.309013191702107,1.1754402321304205,True,
306417,primer-cosmos-west,115422,150.06129978967897,2.501281722929625,1.12.11.dev3+gee60973,0.049999999999996804,70.01164808708411,124.90707612617739,1.7840899270191655,True,
306584,primer-cosmos-west,67379,150.0615225969502,2.3026526098666342,1.12.11.dev3+gee60973,0.049999999999996804,28.03696056930683,44.22689326900709,1.5774496368705537,True,
306788,primer-cosmos-west,22129,150.06174689417875,2.191221224190757,1.12.10,0.049999999999996804,5.456267280354604,8.43108983622666,1.5452120292169267,True,
307045,primer-cosmos-west,20825,150.06205505125297,2.187002069139882,1.12.10,0.049999999999996804,61.178582310070965,77.59988567964919,1.2684158859116783,True,
307528,primer-cosmos-west,33765,150.062554439085,2.2257254143801872,1.12.11.dev3+gee60973,0.049999999999996804,12.179243189785366,15.98576879197389,1.312542047389367,True,
307558,primer-cosmos-west,65240,150.06263531357013,2.2979307970936396,1.12.10,0.049999999999996804,4.661308263967037,4.370629578796542,0.9376401068735346,True,
308098,primer-cosmos-west,31756,150.06314577219092,2.218326661552256,1.12.11.dev3+gee60973,0.049999999999996804,6.148300548097513,11.042251496347046,1.7959843390811274,True,
308696,primer-cosmos-west,42234,150.06376458795197,2.2468026511924113,1.12.10,0.049999999999996804,141.10918118705126,172.52025633578617,1.2226012147791934,True,
309000,primer-cosmos-west,97668,150.06408037748648,2.41339092480559,1.12.11.dev3+gee60973,0.049999999999996804,372.611718189374,515.2689310973424,1.382857559072968,True,
309455,primer-cosmos-west,22583,150.06462845922331,2.1909197449253157,1.12.10,0.049999999999996804,2664.0109227684884,3432.9558253034975,1.2886417979607634,True,
309757,primer-cosmos-west,37991,150.06494683179272,2.237829916896919,1.12.10,0.049999999999996804,14.65243077561884,19.955538771069662,1.3619268418094164,True,
309896,primer-cosmos-west,51666,150.06509856344414,2.2636296568676557,1.12.10,0.049999999999996804,37.49902305086712,137.0449967970431,3.654628458217236,True,
310968,primer-cosmos-west,97500,150.06620895209872,2.4127474719424633,1.12.11.dev3+gee60973,0.049999999999996804,76.7109896633516,168.55111085274683,2.197222478714435,True,
311205,primer-cosmos-west,106447,150.06642206776857,2.4532171479246223,1.12.11.dev3+gee60973,0.049999999999996804,46.02543892470899,54.20433124724151,1.1777037332748095,True,
311351,primer-cosmos-west,39120,150.06657200286287,2.2401822748663447,1.12.10,0.049999999999996804,15.161141427034506,19.98748745323762,1.3183365876131885,True,
311537,primer-cosmos-west,113353,150.06674726415264,2.4897036581301233,1.12.11.dev3+gee60973,0.049999999999996804,28.982487971764463,33.90299328765556,1.1697751180190186,True,
312410,primer-cosmos-west,62867,150.06764234758234,2.29249610132804,1.12.10,0.049999999999996804,266.5336751463517,693.1920022376746,2.6007670582602667,True,
312610,primer-cosmos-west,67730,150.06783844986984,2.3033032831501887,1.12.10,0.049999999999996804,11.352503620528951,14.13478180991361,1.2450805815514925,True,
313750,primer-cosmos-west,106763,150.06885646520934,2.4546837090047826,1.12.11.dev3+gee60973,0.049999999999996804,8.94117943139551,11.592035136385816,1.2964771846186482,True,
314223,primer-cosmos-west,15611,150.06924578151757,2.1678600244473007,1.12.10,0.049999999999996804,62.31835216670022,80.98677330069216,1.2995653845925568,True,
314652,primer-cosmos-west,30102,150.06959132964346,2.2126332812860205,1.12.10,0.049999999999996804,164.334686479332,386.0658930144199,2.3492660088104684,True,
316329,primer-cosmos-west,45444,150.0709255122591,2.251693424506193,1.12.10,0.049999999999996804,12.242364157745552,26.149426917767784,2.1359785234964974,True,
316534,primer-cosmos-west,89216,150.07110972708492,2.3774776968246316,1.12.11.dev3+gee60973,0.049999999999996804,13.513766964936528,20.95892866644016,1.550931632965198,True,
316592,primer-cosmos-west,35161,150.07115830931937,2.230793549533556,1.12.10,0.049999999999996804,10.127986690865177,12.584859285085464,1.2425825259462708,True,
317222,primer-cosmos-west,25560,150.0716706821496,2.200408702767232,1.12.10,0.049999999999996804,82.89152854491016,104.07257794452099,1.2555273110705765,True,
318663,primer-cosmos-west,102553,150.07284205297813,2.4349711386929602,1.12.11.dev3+gee60973,0.049999999999996804,6.802312144741038,20.339089345057754,2.990025878301128,True,
318715,primer-cosmos-west,40475,150.07288754364617,2.242520438080829,1.12.10,0.049999999999996804,119.12337610500292,229.5477037537091,1.926974463445119,True,
318732,primer-cosmos-west,75011,150.0729025195731,2.3236213045710437,1.12.10,0.049999999999996804,8.031994047342879,9.326367222606272,1.1611521581856243,True,
319586,primer-cosmos-west,81285,150.0735553804918,2.3468071032352187,1.12.10,0.049999999999996804,1383.9519165138254,2076.862612576204,1.5006754120532022,True,
319941,primer-cosmos-west,113090,150.07382842605458,2.4873346578823434,1.12.11.dev3+gee60973,0.049999999999996804,514.6971486741915,1257.2278967886186,2.4426556471647696,True,
320478,primer-cosmos-west,88282,150.07423242477125,2.373890590864809,1.12.10,0.049999999999996804,41.041823005550654,49.48711466676467,1.2057728200833535,True,
320483,primer-cosmos-west,95929,150.07423685805583,2.406047856478975,1.12.11.dev3+gee60973,0.049999999999996804,43.17892891831191,54.311379799789975,1.2578213763138728,True,
321791,primer-cosmos-west,41188,150.07522152984626,2.244680318881772,1.12.10,0.049999999999996804,15.98451736161616,19.934714752838442,1.2471264725645046,True,
321851,primer-cosmos-west,22321,150.07525896841827,2.1918045860316533,1.12.10,0.049999999999996804,7.388654748950115,8.72724575570957,1.1811684335297519,True,
322026,primer-cosmos-west,97070,150.07540745222053,2.4110463827699697,1.12.11.dev3+gee60973,0.049999999999996804,9.927348003060814,15.889574015176212,1.6005859782770904,True,
322055,primer-cosmos-west,97844,150.0754418497993,2.4138090931818783,1.12.11.dev3+gee60973,0.049999999999996804,115.90319721639706,206.41012220500681,1.7808837647474798,True,
322065,primer-cosmos-west,33298,150.0754505288907,2.223580091116348,1.12.10,0.049999999999996804,30.994412458288224,112.13482682420275,3.617904581192238,True,
322149,primer-cosmos-west,93376,150.07552001371315,2.395047583151165,1.12.10,0.049999999999996804,153.47082501091975,309.59770991259836,2.0173066111462545,True,
322482,primer-cosmos-west,115330,150.07578620639924,2.500852433452383,1.12.11.dev3+gee60973,0.049999999999996804,12.858664557807916,12.58679723648046,0.978857266234356,True,
322775,primer-cosmos-west,63236,150.07601499891896,2.2937609313211675,1.12.10,0.049999999999996804,12.404150206051067,16.24703073798169,1.3098060300862824,True,
323428,primer-cosmos-west,109416,150.07651791768734,2.4683956320111293,1.12.11.dev3+gee60973,0.049999999999996804,,,,False,aperture leaves valid footprint
323652,primer-cosmos-west,82167,150.07671272605424,2.3509239895803695,1.12.10,0.049999999999996804,9.231081160752252,10.784353019283062,1.168265431912228,True,
323830,primer-cosmos-west,96787,150.07685900399295,2.4097825543344986,1.12.11.dev3+gee60973,0.049999999999996804,6.344395845220443,8.761184754478316,1.3809328686636984,True,
324234,primer-cosmos-west,105321,150.0771847306088,2.4478458795492575,1.12.11.dev3+gee60973,0.049999999999996804,112.73686373617606,278.54996029356346,2.4707974930491146,True,
324337,primer-cosmos-west,83727,150.07727241479543,2.356654447976271,1.12.10,0.049999999999996804,192.58597376926878,444.3705007760765,2.3073876673306586,True,
325003,primer-cosmos-west,82031,150.07778470829567,2.350373469786269,1.12.10,0.049999999999996804,23.814151155950892,29.57320610490926,1.2418333079035337,True,
325315,primer-cosmos-west,56136,150.07802090994636,2.2776244238370533,1.12.10,0.049999999999996804,36.27431792091227,47.69440644039512,1.3148257272371517,True,
325486,primer-cosmos-west,108297,150.0781554622376,2.4622864599183476,1.12.11.dev3+gee60973,0.049999999999996804,43.26232163618374,52.58610236613809,1.2155173457486417,True,
326056,primer-cosmos-west,82612,150.07860713919,2.352338169212535,1.12.10,0.049999999999996804,46.52066839641717,129.98296508916704,2.794090660554176,True,
326751,primer-cosmos-west,59476,150.07916583420396,2.2857372304276518,1.12.10,0.049999999999996804,14.110982859960103,16.89514887033803,1.197304896335605,True,
326862,primer-cosmos-west,19500,150.07924982105416,2.182294683832262,1.12.10,0.049999999999996804,18.014193969994277,31.501619716900745,1.7487110313884753,True,
327430,primer-cosmos-west,34250,150.07970526916048,2.227344307364027,1.12.10,0.049999999999996804,36.81848135741344,63.6710750436609,1.7293237715477003,True,
327699,primer-cosmos-west,57503,150.07992115327082,2.2811883498292125,1.12.10,0.049999999999996804,3.97109985486331,6.64329978127064,1.6729117937275617,True,
327743,primer-cosmos-west,107535,150.07994804292397,2.458442415690202,1.12.11.dev3+gee60973,0.049999999999996804,43.750382724841344,168.03288525457793,3.8407180643740824,True,
327877,primer-cosmos-west,107536,150.08005029998327,2.458515146207155,1.12.11.dev3+gee60973,0.049999999999996804,32.291278510074385,132.21983116442533,4.094598828695332,True,
330672,primer-cosmos-west,39968,150.0820748167592,2.240946126168851,1.12.10,0.049999999999996804,62.36887651405426,153.06952792547344,2.454261427829001,True,
331636,primer-cosmos-west,56169,150.08281657289598,2.2777267489780777,1.12.10,0.049999999999996804,22.298447241217495,30.00449363847963,1.3455866820635796,True,
332370,primer-cosmos-west,99929,150.08333884236475,2.423155519929148,1.12.11.dev3+gee60973,0.049999999999996804,8.274712850350214,11.446483125862796,1.3833088027191591,True,
334256,primer-cosmos-west,46021,150.08471200273806,2.2540160824369924,1.12.10,0.049999999999996804,8.71828424109024,11.126104957488424,1.2761805706046907,True,
334579,primer-cosmos-west,113139,150.08497347422505,2.488504727605161,1.12.11.dev3+gee60973,0.049999999999996804,8.807100314385092,6.954596739025191,0.7896579453813973,True,
335238,primer-cosmos-west,101672,150.0855501234183,2.4310494629702326,1.12.11.dev3+gee60973,0.049999999999996804,4.226891992035728,12.51251202686677,2.960215697595948,True,
335553,primer-cosmos-west,113932,150.08580349282528,2.4931225477453016,1.12.11.dev3+gee60973,0.049999999999996804,11.724142789601764,13.607723283130852,1.16065826963483,True,
335644,primer-cosmos-west,21733,150.0858784389957,2.189930999999925,1.12.10,0.049999999999996804,5.219851494845177,8.415586025304274,1.6122270975745228,True,
336309,primer-cosmos-west,111540,150.08638501148,2.4795564690132204,1.12.11.dev3+gee60973,0.049999999999996804,11.934013676766284,14.251493379107504,1.1941911384644215,True,
336345,primer-cosmos-west,46186,150.0864079865116,2.2543486322524804,1.12.10,0.049999999999996804,7.663742923659707,12.146291055500239,1.5849032485160603,True,
336452,primer-cosmos-west,51669,150.08648120179868,2.264299657686942,1.12.10,0.049999999999996804,241.86401661406342,387.5360191293865,1.6022888586513817,True,
337129,primer-cosmos-west,107174,150.08698108313854,2.4567446578053,1.12.11.dev3+gee60973,0.049999999999996804,30.524623567814373,49.88697427936945,1.6343190660005724,True,
339332,primer-cosmos-west,72680,150.0887145601044,2.3153933926253973,1.12.10,0.049999999999996804,4.06117265301197,6.584198013531019,1.6212553801788867,True,
339522,primer-cosmos-west,28061,150.0888626956852,2.20702767143995,1.12.10,0.049999999999996804,10.844312456254885,15.590217679553108,1.4376400295032845,True,
340061,primer-cosmos-west,110847,150.08932293859485,2.4757354983952933,1.12.10,0.049999999999996804,12.371314492289489,22.812070789726523,1.8439488224104488,True,
340611,primer-cosmos-west,50246,150.08980929412544,2.261682511174039,1.12.10,0.049999999999996804,18.803116275977846,26.04688187810209,1.3852428233600091,True,
343138,primer-cosmos-west,61511,150.09176348465337,2.289651738417471,1.12.10,0.049999999999996804,4.944229760672922,10.433308859907644,2.1101990330011775,True,
343601,primer-cosmos-west,74396,150.09211023036102,2.3212215633851323,1.12.10,0.049999999999996804,7.819167984009235,12.298737393122021,1.5728959165826633,True,
345190,primer-cosmos-west,100206,150.09321138406904,2.4242930385624732,1.12.11.dev3+gee60973,0.049999999999996804,16.20563038013059,20.052960770692287,1.2374070184445793,True,
346105,primer-cosmos-west,103340,150.09381767845608,2.43855329615662,1.12.11.dev3+gee60973,0.049999999999996804,15.673108087416981,20.48615630428354,1.307089582361183,True,
346377,primer-cosmos-west,42228,150.09401898377988,2.245856359670891,1.12.10,0.049999999999996804,530.2410077830536,1191.984718698891,2.2480055318290044,True,
346507,primer-cosmos-west,88228,150.09411830391483,2.373683552807172,1.12.10,0.049999999999996804,16.948471131540394,22.48423297902047,1.326623080307123,True,
350505,primer-cosmos-west,115780,150.09708281029424,2.5035886320079306,1.12.10,0.049999999999996804,34.49503294064655,44.75284671218844,1.2973707486869739,True,
351731,primer-cosmos-west,30865,150.09797688214746,2.215170311447781,1.12.10,0.049999999999996804,104.25633285818779,193.89077459978776,1.8597505713492062,True,
352155,primer-cosmos-west,22506,150.0982909102475,2.192191661775698,1.12.10,0.049999999999996804,16.36764955590651,20.553801737855252,1.255757686383144,True,
353084,primer-cosmos-west,80254,150.0990013908452,2.3436237099263497,1.12.10,0.049999999999996804,63.98843619856196,90.89407187165959,1.4204765309407934,True,
353115,primer-cosmos-west,53907,150.09902639052297,2.2704005760004766,1.12.10,0.049999999999996804,5.41559919116606,6.390620853219101,1.1800394799606844,True,
354224,primer-cosmos-west,108477,150.0998942931779,2.4632158939692106,1.12.11.dev3+gee60973,0.049999999999996804,10.173396813351603,14.653822781616617,1.4404060954729383,True,
355771,primer-cosmos-west,115942,150.1011520271973,2.5044432011922284,1.12.10,0.049999999999996804,41.84586140777459,75.38518988344025,1.8014969066793867,True,
356749,primer-cosmos-west,85794,150.1019392378639,2.3648554710047796,1.12.10,0.049999999999996804,5.021595113926952,5.086120292587978,1.0128495382835767,True,
357556,primer-cosmos-west,43711,150.10263669718276,2.249597725072027,1.12.10,0.049999999999996804,30.053959136770874,49.73228620758246,1.6547665477702487,True,
358778,primer-cosmos-west,55614,150.10357276272956,2.2760745230018378,1.12.10,0.049999999999996804,7.352566675949632,11.23090482849032,1.527480854437784,True,
360302,primer-cosmos-west,21041,150.1048614529811,2.187229113163153,1.12.10,0.049999999999996804,5.456054516872688,20.50099325423946,3.7574758813059406,True,
361345,primer-cosmos-west,102677,150.10573269800832,2.434822811509273,1.12.11.dev3+gee60973,0.049999999999996804,28.57243665362118,74.6651780308238,2.613189030252377,True,
361493,primer-cosmos-west,105065,150.10584949560592,2.446822718491724,1.12.11.dev3+gee60973,0.049999999999996804,22.543293362080068,27.50620468813557,1.2201502347657678,True,
362149,primer-cosmos-west,40347,150.10641620298173,2.2427325466477694,1.12.10,0.049999999999996804,26.047897874591133,56.29295895064681,2.1611325114092503,True,
362544,primer-cosmos-west,102819,150.10675131546938,2.436182653787922,1.12.11.dev3+gee60973,0.049999999999996804,25.76330335525744,54.211639505286946,2.104219274902267,True,
362724,primer-cosmos-west,84507,150.10690198647086,2.360047161871554,1.12.10,0.049999999999996804,17.870498412603556,21.900618009992066,1.2255180300145507,True,
362902,primer-cosmos-west,83852,150.10705983249056,2.357608346540669,1.12.10,0.049999999999996804,24.0734206957892,32.47404249421251,1.348958376318024,True,
363311,primer-cosmos-west,3000,150.1074326874541,2.1488230065044585,1.12.10,0.049999999999996804,31.056084585992505,40.56435226303789,1.3061644055842758,True,
363595,primer-cosmos-west,100033,150.10767835649807,2.423455981034135,1.12.11.dev3+gee60973,0.049999999999996804,30.67843230951487,69.37348216904206,2.2613111866060374,True,
364120,primer-cosmos-west,11613,150.10814213940034,2.161254337030787,1.12.10,0.049999999999996804,12.803124280695277,33.80490521438864,2.640363748195441,True,
364794,primer-cosmos-west,100988,150.10867402061785,2.427678197530413,1.12.11.dev3+gee60973,0.049999999999996804,6.584920080316241,8.762465595559513,1.330686703662878,True,
366007,primer-cosmos-west,48142,150.10980851432092,2.2577941276745723,1.12.10,0.049999999999996804,7.535265971886387,22.416010364155674,2.9748134236785306,True,
366014,primer-cosmos-west,48143,150.10981364794432,2.2574017726761437,1.12.10,0.049999999999996804,8.040045523710267,20.997070289777838,2.61156111963011,True,
366094,primer-cosmos-west,48141,150.10988184954343,2.257712285351445,1.12.10,0.049999999999996804,3.932606656916615,18.38741511152108,4.675630368265167,True,
366199,primer-cosmos-west,70828,150.10997847216194,2.3095243856841954,1.12.10,0.049999999999996804,312.60624213739135,815.7920526039441,2.6096473538919325,True,
366504,primer-cosmos-west,95058,150.11024264306758,2.4022085137786235,1.12.11.dev3+gee60973,0.049999999999996804,44.037394926246485,56.14059477117881,1.274839142170028,True,
366626,primer-cosmos-west,115901,150.1103722649113,2.5043341289330616,1.12.10,0.049999999999996804,31.105464583507775,45.50718006975032,1.4629963152480412,True,
367417,primer-cosmos-west,41431,150.11107267406152,2.2452714380733645,1.12.10,0.049999999999996804,19.595016790215148,24.75043086956702,1.2630982220911517,True,
367936,primer-cosmos-west,59349,150.1115469337835,2.2855251789980704,1.12.10,0.049999999999996804,5.865881656143285,5.863963312612082,0.9996729658653795,True,
368717,primer-cosmos-west,13682,150.11225272835227,2.164543493853472,1.12.10,0.049999999999996804,43.47027928897443,92.94253848802899,2.1380708844813525,True,
368760,primer-cosmos-west,95810,150.11228026272016,2.405532221830058,1.12.11.dev3+gee60973,0.049999999999996804,8.18776505898889,9.568339403951882,1.1686143086686807,True,
369771,primer-cosmos-west,8280,150.11315761489112,2.156826121416652,1.12.10,0.049999999999996804,16.514232126009084,39.77171998075574,2.4083299591094693,True,
369810,primer-cosmos-west,101076,150.11319712775986,2.428098970991499,1.12.11.dev3+gee60973,0.049999999999996804,14.280816416626125,18.98719250995766,1.3295593162203414,True,
369937,primer-cosmos-west,8281,150.11330062412642,2.1568645153128454,1.12.10,0.049999999999996804,5.8757502342216705,21.345175702292295,3.632757495029871,True,
372139,primer-cosmos-east,30115,150.11521791783167,2.2829867709510547,1.12.10,0.049999999999996804,8.349928920817407,11.01814584648824,1.3195496573651828,True,
372674,primer-cosmos-east,71270,150.11575300378058,2.4311232901736934,1.12.11.dev3+gee60973,0.049999999999996804,37.559481188965776,88.95963541139992,2.3685001122309024,True,
373484,primer-cosmos-east,4659,150.1164263573161,2.166555013786285,1.12.10,0.049999999999996804,39.23287257913724,68.58326675832164,1.7481071930173162,True,
373664,primer-cosmos-east,78415,150.11659399737212,2.460722597903882,1.12.10,0.049999999999996804,15.579036811442597,23.064377901071826,1.4804752168074566,True,
375091,primer-cosmos-east,33914,150.11792390332008,2.2960207350310102,1.12.10,0.049999999999996804,0.10693657402384932,0.5374548097643186,5.025921343285729,True,
375512,primer-cosmos-east,22203,150.11832686162856,2.2522572305304767,1.12.10,0.049999999999996804,22.46727360220771,31.320381722556714,1.394044612492682,True,
376107,primer-cosmos-east,9809,150.11893668218536,2.194977951232032,1.12.10,0.049999999999996804,40.92324831691747,51.805849513814195,1.265927110981508,True,
376655,primer-cosmos-east,2016,150.1194656262385,2.1534802595893656,1.12.10,0.049999999999996804,19.47078905532498,41.56006713622088,2.1344829435587154,True,
376733,primer-cosmos-west,6040,150.11954091504322,2.15356095557948,1.12.10,0.049999999999996804,16.645615530736336,39.10770822374523,2.349429983621354,True,
376885,primer-cosmos-east,25997,150.1196981338589,2.267013073366229,1.12.10,0.049999999999996804,41.72767841943802,51.59863369780267,1.2365565411797856,True,
377825,primer-cosmos-east,85246,150.12056303719245,2.4940371065802354,1.12.10,0.049999999999996804,9.631221984669343,30.54771019878769,3.1717377345691453,True,
378189,primer-cosmos-east,40812,150.12091825524493,2.3179323730169585,1.12.10,0.049999999999996804,24.559960799504253,29.445477798068058,1.1989220193976213,True,
379199,primer-cosmos-west,26562,150.12193746086842,2.203104128218499,1.12.10,0.049999999999996804,15.120326947380896,17.648649945251513,1.1672135137467095,True,
380200,primer-cosmos-east,11378,150.12294537746482,2.203298938467002,1.12.10,0.049999999999996804,24.814637429158168,30.265987089236894,1.219682825334098,True,
380394,primer-cosmos-east,45475,150.1231372357041,2.3343834716981187,1.12.10,0.049999999999996804,38.60781227554424,93.22137649059925,2.414572880361042,True,
380525,primer-cosmos-east,45476,150.123251550885,2.334490650971063,1.12.10,0.049999999999996804,29.10579084074317,75.2400602661434,2.5850546606972826,True,
381016,primer-cosmos-west,1471,150.12373224570342,2.146253234266652,1.12.10,0.049999999999996804,24.961815188098043,27.622059306942415,1.1065725428538864,True,
381318,primer-cosmos-east,37681,150.12402581622078,2.3068371759540702,1.12.10,0.049999999999996804,8.487649902732851,9.35493933870161,1.1021825176471416,True,
381923,primer-cosmos-east,74609,150.12466597337055,2.4444681254090774,1.12.11.dev3+gee60973,0.049999999999996804,232.52100686180097,657.7417861004208,2.8287413467607685,True,
381948,primer-cosmos-east,56058,150.12469174277265,2.3727580313442163,1.12.10,0.049999999999996804,4.083667951320872,5.801366119229238,1.4206263066400324,True,
381986,primer-cosmos-west,50723,150.12472668266082,2.2627933749768436,1.12.10,0.049999999999996804,33.32194129245027,41.21707066538917,1.236934856335267,True,
382174,primer-cosmos-east,13939,150.1249226745866,2.214571788512799,1.12.10,0.049999999999996804,42.32292614037938,54.60778940367989,1.290264978904183,True,
383096,primer-cosmos-east,60812,150.1258251730518,2.3897109270010923,1.12.10,0.049999999999996804,5.983559356147404,6.031492629361058,1.0080108294011336,True,
383217,primer-cosmos-east,62704,150.12594158495676,2.3967259402855317,1.12.10,0.049999999999996804,40.79515988886102,72.09635320285176,1.767277132857553,True,
384811,primer-cosmos-west,75799,150.12755463058488,2.326076755178206,1.12.10,0.049999999999996804,13.245847642777527,42.55778607059199,3.2129152635842964,True,
384909,primer-cosmos-west,111092,150.12764336192345,2.4772479508011416,1.12.10,0.049999999999996804,6.459833978706492,6.725070897727601,1.0410594018198314,True,
384988,primer-cosmos-west,75801,150.12771926636526,2.325943325092115,1.12.10,0.049999999999996804,2.108106391311917,7.549660031255863,3.5812519056770937,True,
385932,primer-cosmos-west,92104,150.12867707780407,2.3887315803863127,1.12.10,0.049999999999996804,11.833129198440592,27.40366633292177,2.31584273892092,True,
385954,primer-cosmos-west,98319,150.12873065703704,2.4163333433591903,1.12.11.dev3+gee60973,0.049999999999996804,18.657405333323425,28.72863095404511,1.5397977607708278,True,
386395,primer-cosmos-east,40550,150.12914696464858,2.315813884940691,1.12.10,0.049999999999996804,24.922670754696014,36.25469740969899,1.4546874918237949,True,
386450,primer-cosmos-west,90926,150.12923296918464,2.384295828764708,1.12.10,0.049999999999996804,5.187375454586931,7.433432824754101,1.4329853101689596,True,
386471,primer-cosmos-west,66991,150.1292324417169,2.301743214972546,1.12.10,0.049999999999996804,6.164608619559789,6.323255913874992,1.0257351770576042,True,
386527,primer-cosmos-west,57916,150.12927946654452,2.282167759647546,1.12.10,0.049999999999996804,31.30365090930369,38.4201591710935,1.2273379639457558,True,
387773,primer-cosmos-west,113000,150.13050382837494,2.4874188183694534,1.12.10,0.049999999999996804,56.126186668036524,139.140890373432,2.479072579728132,True,
388953,primer-cosmos-west,102740,150.13169253578647,2.4356825515025977,1.12.11.dev3+gee60973,0.049999999999996804,62.80895273281423,78.88566072461018,1.2559620450954718,True,
389576,primer-cosmos-west,15989,150.1323023483862,2.169690377649035,1.12.10,0.049999999999996804,10.482807785794117,12.652088886517816,1.2069370291863428,True,
389817,primer-cosmos-west,29909,150.13254983424318,2.2121069093670815,1.12.10,0.049999999999996804,586.8207878635584,1035.99654203166,1.7654394040869246,True,
389871,primer-cosmos-east,30744,150.13260517225677,2.2854210064716836,1.12.10,0.049999999999996804,12.753205673248303,15.906137242543108,1.2472265914999345,True,
390443,primer-cosmos-west,98668,150.13316513216267,2.416921779444869,1.12.10,0.049999999999996804,69.37811055540438,135.8330019015282,1.957865396075523,True,
390726,primer-cosmos-west,57866,150.13343497567104,2.2820757674788847,1.12.10,0.049999999999996804,7.595983781796585,9.046375186976235,1.1909418775558005,True,
392218,primer-cosmos-west,94514,150.13500723702666,2.399291301341279,1.12.10,0.049999999999996804,496.03578828500565,1303.6682720563665,2.6281738189973547,True,
393440,primer-cosmos-east,38011,150.13625999903627,2.308028977479908,1.12.10,0.049999999999996804,8.365664304563007,9.54045210558352,1.140429708658012,True,
394309,primer-cosmos-east,63790,150.13711245535063,2.401208978647881,1.12.10,0.049999999999996804,8.87933609317697,10.258202976015193,1.1552894122228088,True,
394678,primer-cosmos-east,80740,150.13748339631832,2.4716760913489817,1.12.10,0.049999999999996804,3.7718690063876106,7.350390401479216,1.9487395742088145,True,
394701,primer-cosmos-east,40389,150.1375007117897,2.3164408388860456,1.12.10,0.049999999999996804,13.842305266162935,16.24547367437527,1.1736104183518334,True,
395844,primer-cosmos-east,6477,150.13865985856987,2.1762092457737094,1.12.10,0.049999999999996804,14.324386210565512,20.17049761463843,1.4081229951591845,True,
396041,primer-cosmos-east,56489,150.13887142574245,2.373376973026852,1.12.10,0.049999999999996804,287.1973274602627,460.75976179870145,1.6043316484637316,True,
397217,primer-cosmos-east,76633,150.14000144906015,2.452695913457027,1.12.11.dev3+gee60973,0.049999999999996804,288.9139646659541,657.3367523142618,2.2751989613042163,True,
397524,primer-cosmos-east,755,150.1403342513679,2.1471466144002083,1.12.10,0.049999999999996804,138.4027505251072,397.0327815203341,2.8686769591931602,True,
398252,primer-cosmos-east,46428,150.14109611698672,2.3383772347804532,1.12.10,0.049999999999996804,54.22542861997966,65.54780727370166,1.2088020130384034,True,
398714,primer-cosmos-east,70104,150.14156970004012,2.4263262971596022,1.12.10,0.049999999999996804,7.66383165070054,10.667359997079206,1.3919094890483559,True,
401609,primer-cosmos-east,48066,150.1444482541484,2.3443950536441704,1.12.10,0.049999999999996804,61.35410441267884,76.76907986170673,1.2512460347451895,True,
403326,primer-cosmos-east,9707,150.1462258592088,2.194294243920142,1.12.10,0.049999999999996804,35.148322629569385,71.80334974656077,2.0428670381600074,True,
403568,primer-cosmos-east,8905,150.1464694000683,2.1899585939973663,1.12.10,0.049999999999996804,61.712611141597485,146.501023833594,2.373923597195594,True,
404579,primer-cosmos-east,16114,150.1475246527112,2.224618826595821,1.12.10,0.049999999999996804,31.430125524992924,54.90864182365952,1.7470067620314376,True,
405260,primer-cosmos-east,9422,150.14822323181647,2.192938011399046,1.12.10,0.049999999999996804,11.846832028677577,12.40682279853457,1.0472692419797482,True,
406158,primer-cosmos-east,7798,150.14914835538573,2.1839510400646986,1.12.11.dev3+gee60973,0.049999999999996804,36.73871343620848,44.145277069516524,1.2016010616748594,True,
406228,primer-cosmos-east,77283,150.14924059401096,2.455867556441103,1.12.10,0.049999999999996804,4.725786874237884,8.288302651649365,1.753846051930981,True,
406496,primer-cosmos-east,16930,150.14951316860166,2.2286540994826676,1.12.10,0.049999999999996804,12.96380959090687,15.362756462558604,1.185049529988038,True,
407424,primer-cosmos-east,57507,150.1504715699428,2.377868226513393,1.12.10,0.049999999999996804,8.954187298525108,10.185347799357295,1.1374955045931392,True,
407583,primer-cosmos-east,80537,150.1506297246015,2.470722767111104,1.12.11.dev3+gee60973,0.049999999999996804,24.22407524949037,30.827841673475238,1.2726117036861417,True,
407754,primer-cosmos-east,25265,150.1507924737205,2.264094467385455,1.12.10,0.049999999999996804,22.076725250507113,27.50281583030018,1.2457833088115469,True,
408048,primer-cosmos-east,76953,150.15107469713848,2.454345424535248,1.12.10,0.049999999999996804,12.496860629156352,17.297791332717686,1.3841709406889209,True,
408562,primer-cosmos-east,42977,150.15162212724675,2.325441803932048,1.12.10,0.049999999999996804,6.13596929942219,8.726859187969996,1.4222462274691927,True,
409554,primer-cosmos-east,27812,150.15276486187557,2.2731898644252793,1.12.10,0.049999999999996804,7.339195924615103,10.805512260404765,1.4723019212723156,True,
411632,primer-cosmos-east,65108,150.15525401762375,2.4066699789114403,1.12.10,0.049999999999996804,8.55218875730965,18.122423619648984,2.1190392464337915,True,
412211,primer-cosmos-east,64252,150.1558299538678,2.4031070187366423,1.12.10,0.049999999999996804,21.454709175528173,24.03168673720407,1.1201124443399713,True,
412503,primer-cosmos-east,25768,150.15615264093393,2.2660563133716938,1.12.10,0.049999999999996804,21.576442986782066,25.744851621779024,1.1931925775509227,True,
412525,primer-cosmos-east,47421,150.15617270745642,2.3421669610871385,1.12.10,0.049999999999996804,4.708451034300199,5.1821299874065065,1.100601864531593,True,
413150,primer-cosmos-east,57962,150.15685041839853,2.3794561043099196,1.12.10,0.049999999999996804,13.82698762017518,17.830260135827814,1.2895260070828005,True,
413334,primer-cosmos-east,29770,150.1570438176686,2.2815435585602324,1.12.10,0.049999999999996804,62.64755358152451,103.28191721031658,1.6486185222845735,True,
414497,primer-cosmos-east,41480,150.15835950693037,2.320201331907754,1.12.11.dev3+gee60973,0.049999999999996804,20.14552951420018,24.9339831428725,1.2376931132684814,True,
415054,primer-cosmos-east,62051,150.15898597838367,2.3943757953538483,1.12.10,0.049999999999996804,17.21259452424489,19.41171075780729,1.127762042524433,True,
416108,primer-cosmos-east,31027,150.16025161750707,2.2865426955385466,1.12.10,0.049999999999996804,29.880244837388826,37.851355247906426,1.2667685774965083,True,
416779,primer-cosmos-east,79519,150.16103046975013,2.465802504619987,1.12.10,0.049999999999996804,15.369109054098724,22.238702662251896,1.4469740948530228,True,
417067,primer-cosmos-east,14571,150.16140954042237,2.217056681543518,1.12.11.dev3+gee60973,0.049999999999996804,681.6539326178856,1053.6622102686688,1.5457436095499204,True,
417412,primer-cosmos-east,73500,150.1617960380489,2.440279161484559,1.12.10,0.049999999999996804,24.116713601963273,40.28848595095027,1.6705628559469436,True,
417589,primer-cosmos-east,57013,150.16200110166704,2.3760700312811345,1.12.11.dev3+gee60973,0.049999999999996804,11.37562469338719,14.990709792813806,1.317792226525205,True,
418152,primer-cosmos-east,67777,150.16267260134214,2.4168552442823805,1.12.10,0.049999999999996804,10.069367369620599,9.86571065392727,0.9797746265264128,True,
418420,primer-cosmos-east,33475,150.1630098798179,2.2946746386475687,1.12.10,0.049999999999996804,10.990627167818735,13.704724654389455,1.2469465522875502,True,
418731,primer-cosmos-east,73202,150.16342282123952,2.4391527546149314,1.12.10,0.049999999999996804,56.03656767158062,69.20350259142535,1.2349704035588611,True,
418830,primer-cosmos-east,56160,150.16353021774694,2.372476780380171,1.12.11.dev3+gee60973,0.049999999999996804,413.7311239015941,1945.6750446898259,4.702752421286546,True,
420403,primer-cosmos-east,78039,150.16553713967423,2.459116304271191,1.12.10,0.049999999999996804,52.80022681468886,66.75127562758612,1.2642232743026043,True,
423605,primer-cosmos-east,79339,150.16967384097205,2.464828028407868,1.12.10,0.049999999999996804,66.61721819763424,98.3072924646321,1.4757039564903844,True,
423681,primer-cosmos-east,66949,150.16985095014036,2.4135603031484143,1.12.10,0.049999999999996804,27.204956086702786,110.3697891875168,4.056973620386149,True,
423744,primer-cosmos-east,38461,150.16984894892929,2.3089273558314436,1.12.10,0.049999999999996804,136.15043534263637,208.86118462192846,1.5340471302666652,True,
423850,primer-cosmos-east,66951,150.16998247514644,2.4135632872948505,1.12.10,0.049999999999996804,54.01573054388571,101.12121791195139,1.8720698006628695,True,
423870,primer-cosmos-east,74321,150.17001005963783,2.4437140684700185,1.12.10,0.049999999999996804,33.337714805619164,40.90991625527313,1.2271361877622653,True,
423881,primer-cosmos-east,82150,150.17002310623795,2.478403456840281,1.12.10,0.049999999999996804,6.180615695167728,7.564298547524877,1.2238745977102203,True,
423988,primer-cosmos-east,60474,150.17017435801785,2.3883868006431777,1.12.11.dev3+gee60973,0.049999999999996804,66.47893631417685,87.16934245926252,1.3112325090056138,True,
426949,primer-cosmos-east,70933,150.1742854414958,2.4297293531250626,1.12.10,0.049999999999996804,50.417431556502784,108.63002667046698,2.1546124686801105,True,
428074,primer-cosmos-east,46579,150.17577440266217,2.3387872467733084,1.12.11.dev3+gee60973,0.049999999999996804,97.02650770712039,121.31025486913313,1.2502795136697542,True,
428125,primer-cosmos-east,57753,150.17583929898242,2.3787269338888017,1.12.11.dev3+gee60973,0.049999999999996804,10.673823917808196,13.34489643010895,1.2502451354705542,True,
428171,primer-cosmos-east,57198,150.17590688111324,2.3767540950394292,1.12.11.dev3+gee60973,0.049999999999996804,11.890706822005368,14.902051673462545,1.2532519636161807,True,
428195,primer-cosmos-east,71672,150.17594315935176,2.4324318893423937,1.12.10,0.049999999999996804,96.96113234030426,120.92326932675923,1.2471313649922642,True,
428620,primer-cosmos-east,78224,150.17651828811188,2.45991495497332,1.12.10,0.049999999999996804,15.10777336543835,42.062454710975985,2.784159762894057,True,
429476,primer-cosmos-east,68491,150.1776871178977,2.4195596756529976,1.12.10,0.049999999999996804,6.175076509195631,7.190138871707795,1.1643805321279146,True,
431143,primer-cosmos-east,17565,150.18000889763712,2.2312702163129856,1.12.11.dev3+gee60973,0.049999999999996804,893.9166874351259,1238.1815123880028,1.3851195864132038,True,
431365,primer-cosmos-east,57696,150.18030428723404,2.3782899900569863,1.12.11.dev3+gee60973,0.049999999999996804,11.472121124167701,46.455639804999336,4.049437702251394,True,
432273,primer-cosmos-east,27688,150.18158252933736,2.2736627025905327,1.12.11.dev3+gee60973,0.049999999999996804,6.500995462251428,8.587606272966738,1.3209678921991854,True,
433618,primer-cosmos-east,61125,150.18366248526092,2.3905078101460058,1.12.11.dev3+gee60973,0.049999999999996804,319.65281457768623,968.0074505355196,3.028308860081261,True,
433829,primer-cosmos-east,30593,150.18398825256216,2.2848960936071183,1.12.11.dev3+gee60973,0.049999999999996804,7.024195955833161,10.589754264912873,1.5076108826546526,True,
433989,primer-cosmos-east,22204,150.1842285462574,2.2520976170236167,1.12.11.dev3+gee60973,0.049999999999996804,38.768037658137594,85.53905958565953,2.2064325344490188,True,
434688,primer-cosmos-east,22273,150.1852521885333,2.252499392800741,1.12.11.dev3+gee60973,0.049999999999996804,4.43360566081455,10.703907610231246,2.4142669486452943,True,
435554,primer-cosmos-east,77245,150.186556485585,2.45531508457343,1.12.10,0.049999999999996804,1404.3824359965342,2099.466992982787,1.4949396540216828,True,
436347,primer-cosmos-east,66286,150.18779370852513,2.4112909221484355,1.12.11.dev3+gee60973,0.049999999999996804,16.395766130078584,17.9241896635197,1.0932206230142045,True,
437755,primer-cosmos-east,34598,150.19005248546475,2.298023118088542,1.12.11.dev3+gee60973,0.049999999999996804,7.279357053562187,12.515256140644485,1.7192804321255388,True,
438407,primer-cosmos-east,54430,150.19109376177906,2.367294145759583,1.12.11.dev3+gee60973,0.049999999999996804,19.88422775092808,35.272093958841864,1.7738729610555566,True,
439101,primer-cosmos-east,27523,150.192268335514,2.2729630651968376,1.12.11.dev3+gee60973,0.049999999999996804,13.595290915225172,25.108368389229607,1.846843038946015,True,
439963,primer-cosmos-east,79076,150.19371181894098,2.463636251608311,1.12.10,0.049999999999996804,20.047824029550423,31.191430670942815,1.5558511799069443,True,
440941,primer-cosmos-east,52202,150.19528832076912,2.3589623089940543,1.12.11.dev3+gee60973,0.049999999999996804,4.910894050588186,4.873472844299158,0.9923799605726485,True,
442935,primer-cosmos-east,62817,150.19853320387153,2.3971172445786157,1.12.11.dev3+gee60973,0.049999999999996804,49.08190189227942,76.89805229721875,1.5667292694970896,True,
444823,primer-cosmos-east,73242,150.20165298208946,2.4393695491327896,1.12.11.dev3+gee60973,0.049999999999996804,38.153023551385616,49.60530545833329,1.3001670861425545,True,
445143,primer-cosmos-east,79065,150.20222131436785,2.463547257477521,1.12.11.dev3+gee60973,0.049999999999996804,28.5582746189272,41.998225232110364,1.4706149370899229,True,
448291,primer-cosmos-east,73479,150.20799690386167,2.4403766636936353,1.12.11.dev3+gee60973,0.049999999999996804,5.528192422112303,8.793454567984,1.5906563839585113,True,
460346,gdn,51093,189.0192388811752,62.24353025570838,1.12.10,0.049999999999996804,55.51039392593694,68.74890958483927,1.238487150290546,True,
461751,gdn,63070,189.03434602073344,62.26473173349359,1.12.10,0.049999999999996804,126.13541733567322,302.501826986934,2.3982306744339077,True,
462468,gdn,65161,189.04091130205413,62.26930166719726,1.12.10,0.049999999999996804,10.580855182597649,20.897877214073535,1.9750650446898008,True,
462685,gdn,42566,189.04280780280223,62.22900736223018,1.12.10,0.049999999999996804,11.727155928993271,13.968532322540533,1.1911270223674493,True,
462955,gdn,57401,189.04513622932902,62.2545336787619,1.12.10,0.049999999999996804,6.298945021403525,9.056101944829242,1.4377172548826866,True,
464480,gdn,63958,189.05684990940068,62.267142482498684,1.12.10,0.049999999999996804,6.8667045429002425,8.635694103133426,1.2576184178569634,True,
464522,gdn,64877,189.05709797030312,62.268940256878416,1.12.10,0.049999999999996804,16.978756481426824,19.744254461845493,1.1628798895516208,True,
464597,gdn,72803,189.05773374365208,62.28357157332836,1.12.10,0.049999999999996804,33.36289010195428,40.528571881961106,1.2147800073107902,True,
465019,gdn,73092,189.0611858481668,62.28412300132678,1.12.10,0.049999999999996804,19.70997227894325,25.85142039603908,1.3115909058713857,True,
465618,gdn,67103,189.06589003676035,62.27325112736845,,,,,,False,error TypeError
466492,gdn,67188,189.07208397049874,62.27342944761371,1.12.10,0.049999999999996804,16.629367326898354,19.678457812542895,1.1833557720931795,True,
467808,gdn,79132,189.08108879684875,62.29506069465394,1.12.10,0.049999999999996804,11.813980856190637,14.6771218039567,1.2423519203745577,True,
468748,gdn,76836,189.0869903131379,62.290803319757,1.12.10,0.049999999999996804,52.543245853409616,65.70546112952047,1.2505025158291918,True,
469836,gdn,74222,189.09436729899465,62.27493324098894,1.12.10,0.049999999999996804,715.3085645975773,1684.0028898647588,2.354232806945567,True,
470144,gdn,48455,189.0962946991319,62.23914276198563,1.12.10,0.049999999999996804,6.694658128638472,7.843188681601687,1.1715592537952042,True,
470549,gdn,67358,189.09900069492724,62.27360759818236,1.12.10,0.049999999999996804,10.876633557001465,17.337835435900836,1.5940442734452693,True,
472125,gdn,42221,189.10955870950846,62.22845938445554,1.12.10,0.049999999999996804,16.30691982505947,19.678102414972102,1.206733253494753,True,
474717,gdn,74877,189.1257530027301,62.28740274656907,1.12.10,0.049999999999996804,13.211751161901146,17.684392493275013,1.3385350871784254,True,
476338,gdn,51768,189.13523095983186,62.244671481018955,1.12.10,0.049999999999996804,8.262387890017742,13.429721969964879,1.6254044410321242,True,
477072,gdn,46602,189.13922264091605,62.23570600565895,1.12.10,0.049999999999996804,20.329181846558054,67.47388667748496,3.31906552790805,True,
477497,gdn,86813,189.14157893939307,62.31392078706026,1.12.10,0.049999999999996804,203.27173766418724,625.1324414466307,3.075353458528374,True,
478144,gdn,86725,189.14525615736738,62.31364147390682,1.12.10,0.049999999999996804,199.0740849276841,391.94644565357015,1.9688471545452493,True,
478740,gdn,49399,189.14828888923392,62.24000639667406,1.12.10,0.049999999999996804,4691.734604934438,7137.909112544293,1.521379556515652,True,
478939,gdn,31477,189.14931945046862,62.20747682232171,1.12.10,0.049999999999996804,44.28022605636199,55.412375917767704,1.2514022816242216,True,
479449,gdn,60096,189.15196680152673,62.25963917786711,1.12.10,0.049999999999996804,20.465342095740073,26.040216337169586,1.2724056219216555,True,
480165,gdn,80792,189.15574606828477,62.29764058355268,1.12.10,0.049999999999996804,1.6462176229722343,6.625572794657938,4.024724740034985,True,
480569,gdn,82544,189.15779854357697,62.302344455746685,1.12.10,0.049999999999996804,15.151688762556367,42.31863917112629,2.792998182203049,True,
480816,gdn,60409,189.15901196078735,62.26022012275316,1.12.10,0.049999999999996804,31.42100910866494,41.96212979125691,1.335480017402912,True,
481416,gdn,55476,189.1618384060865,62.251057894094146,1.12.10,0.049999999999996804,27.588998446472566,33.645392103908186,1.2195220558363535,True,
482712,gdn,36091,189.16802156337064,62.21701376522342,1.12.10,0.049999999999996804,6.984728010442322,8.517984771799668,1.2195156001873078,True,
483475,gdn,34916,189.1712147056074,62.21475242422605,1.12.10,0.049999999999996804,7.912022999978736,9.186429153550568,1.1610720992058867,True,
484810,gdn,77190,189.17717095155305,62.29151659050095,1.12.10,0.049999999999996804,21.308157308444002,47.93975138590275,2.249830930565975,True,
485284,gdn,77943,189.17930587283507,62.29253343321359,1.12.10,0.049999999999996804,29.761232678250597,37.61437219871864,1.2638714466355787,True,
485397,gdn,72104,189.1797919626304,62.28239481745326,1.12.10,0.049999999999996804,6.124912179135227,10.897471884165565,1.7792045935431149,True,
486991,gdn,25709,189.18710354927745,62.19594828149869,1.12.10,0.049999999999996804,33.257048784065056,60.89505915742305,1.8310421815480094,True,
487238,gdn,83559,189.18821717743796,62.304485857896424,1.12.10,0.049999999999996804,309.55084475291,775.7611508696059,2.5060863635789294,True,
487790,gdn,53149,189.19044898220181,62.24683454943812,1.12.10,0.049999999999996804,114.38142038973805,251.65860657694188,2.2001703224129563,True,
488557,gdn,15600,189.19395225184067,62.17535787845711,1.12.10,0.049999999999996804,6.186382741827337,7.357846718606148,1.1893617038690987,True,
489368,gdn,16455,189.19739709076848,62.17723261609704,1.12.10,0.049999999999996804,23.126144333514517,28.46918075097671,1.231038790574313,True,
489441,gdn,58657,189.1977224750413,62.25696621650951,1.12.10,0.049999999999996804,5.555804647441586,7.463575757554185,1.3433834036967294,True,
489501,gdn,16334,189.19796925671014,62.17701586127133,1.12.10,0.049999999999996804,6.445828552953977,7.797308376556154,1.209667355018747,True,
489605,gdn,80028,189.19835094318756,62.29703800461596,1.12.10,0.049999999999996804,6.422986947095447,16.24097259475738,2.5285700762791907,True,
489665,gdn,80029,189.19859521662164,62.2970374728049,1.12.10,0.049999999999996804,6.788385771609888,18.43334420253089,2.715423787437372,True,
490982,gdn,64586,189.2037705291708,62.26842763632252,1.12.10,0.049999999999996804,6.5137812013537415,7.866738004003887,1.2077068235526494,True,
491652,gdn,5086,189.20623580813523,62.1505337172241,1.12.10,0.049999999999996804,5.900669528019274,8.455325456555183,1.4329434001353827,True,
492994,gdn,54976,189.21109023596298,62.25027266855563,1.12.10,0.049999999999996804,19.612401567654945,24.004208363442025,1.2239300873295451,True,
493123,gdn,57809,189.2115251301608,62.255334225513366,1.12.10,0.049999999999996804,5.845345397087902,6.581555427377575,1.125948080100869,True,
493448,gdn,41698,189.21258236678057,62.22743352936158,1.12.10,0.049999999999996804,31.820208351082233,39.707877092289905,1.247882372553334,True,
493932,gdn,4640,189.214322702813,62.149051155359345,1.12.10,0.049999999999996804,16.208529234759634,39.753981898148766,2.4526581852285068,True,
496363,gdn,36341,189.22247440117332,62.21749894990227,1.12.10,0.049999999999996804,6.35009264237338,7.298167205377785,1.1493009025849514,True,
496836,gdn,88847,189.22413358492585,62.320770939338594,1.12.10,0.049999999999996804,7.451160382615958,8.462075575226347,1.135672182680287,True,
498369,gdn,4064,189.22916096322732,62.14618167914405,1.12.10,0.049999999999996804,266.1898378024251,404.70508773498034,1.5203626519933713,True,
499315,gdn,41250,189.23222023620067,62.226758210180904,1.12.10,0.049999999999996804,5.670297601935625,6.070242477604172,1.0705333130190593,True,
499617,gdn,7113,189.23314894465418,62.155063764885895,1.12.10,0.049999999999996804,561.4015732292992,1123.5504164212828,2.001331079210174,True,
500172,gdn,27731,189.23478134498782,62.199952732437694,1.12.10,0.049999999999996804,8.846875954505542,10.979640813543607,1.241075479073705,True,
500951,gdn,13970,189.23713322283433,62.17174922756439,1.12.10,0.049999999999996804,8.677760822826832,13.948631557401235,1.6073998629588164,True,
502626,gdn,92374,189.2424085684856,62.33413652429269,1.12.10,0.049999999999996804,20.114754114015515,23.146477488814753,1.1507213738539712,True,
502852,gdn,13202,189.24314832144537,62.16987752386137,1.12.10,0.049999999999996804,9.248329527836006,26.080264569649408,2.8199973293719633,True,
502983,gdn,6667,189.24355450926444,62.15485457055774,1.12.10,0.049999999999996804,16.56430739025427,20.697281369001466,1.24951082356627,True,
503638,gdn,14672,189.2455303972336,62.172477880443836,1.12.10,0.049999999999996804,25.642229308020532,44.871094900307725,1.7498905559772322,True,
504716,gdn,3891,189.24857853257308,62.146499464478005,1.12.10,0.049999999999996804,220.94083609511978,739.6907609504011,3.3479132876637996,True,
504756,gdn,38879,189.2487095214217,62.222297428439084,1.12.10,0.049999999999996804,6.06019040723472,7.425806346690038,1.2253420846026606,True,
504775,gdn,2763,189.24875839441964,62.14275628556159,1.12.10,0.049999999999996804,16.716372133847855,27.48940172751416,1.6444597851379918,True,
504833,gdn,11718,189.24897297876305,62.16654548140045,1.12.10,0.049999999999996804,26.14551396707571,32.22463448730811,1.2325110352731126,True,
505587,gdn,39622,189.25119316224152,62.2232287856594,1.12.10,0.049999999999996804,183.56445348143518,550.2941294446985,2.997825118142236,True,
506943,gdn,15595,189.25492917992494,62.174886755970654,1.12.10,0.049999999999996804,219.96919428752196,376.6130698229514,1.712117330987175,True,
508809,gdn,36370,189.26058025425056,62.21730097972465,1.12.10,0.049999999999996804,183.15521897124935,323.0782312908242,1.7639586417766187,True,
509059,gdn,44253,189.26132288039057,62.23196382273444,1.12.10,0.049999999999996804,13.42335565561834,16.87772306734301,1.2573400795112541,True,
509308,gdn,45989,189.2620940304539,62.23461193220642,1.12.10,0.049999999999996804,299.7503800162043,843.1234477133429,2.812751889314583,True,
509653,gdn,5343,189.26313559951862,62.15122680026045,1.12.10,0.049999999999996804,6.913980413705603,8.462361134866125,1.223949248987047,True,
510951,gdn,87753,189.2669011427191,62.317079571540326,1.12.10,0.049999999999996804,5.980351248943433,8.2446021227549,1.3786150310504754,True,
511849,gdn,15869,189.26964155312186,62.17592088279645,1.12.10,0.049999999999996804,9.233151596402497,11.563576593976642,1.252397566880863,True,
511912,gdn,24803,189.26977299109456,62.19420506121332,1.12.10,0.049999999999996804,20.951610074576312,26.96429853699679,1.2869797806000869,True,
512000,gdn,75578,189.27001478019343,62.28854831835284,1.12.10,0.049999999999996804,25.650770738559146,35.225721897191136,1.3732812263702698,True,
512221,gdn,4389,189.27068209600876,62.14841854485464,1.12.10,0.049999999999996804,26.482584806378917,33.025836839599236,1.2470775447736595,True,
513542,gdn,17857,189.27492861148846,62.180166150140785,1.12.10,0.049999999999996804,13.73584195893791,16.288791358448037,1.1858604232009908,True,
514031,gdn,84807,189.27660907409185,62.308166179094925,1.12.10,0.049999999999996804,17.861194818191095,21.416518610245824,1.1990529652828006,True,
514889,gdn,5122,189.27930110499923,62.15006742240723,1.12.10,0.049999999999996804,22.192784861294395,30.48636647268338,1.3737062141242808,True,
515467,gdn,2868,189.2810867637307,62.14274409258835,1.12.10,0.049999999999996804,211.0327620404438,546.2863959286278,2.5886331138666216,True,
515647,gdn,35693,189.2816486447382,62.21611878095708,1.12.10,0.049999999999996804,14.210451795710958,20.4952430898096,1.442265410308456,True,
516103,gdn,88870,189.28314899356258,62.32082102640795,1.12.10,0.049999999999996804,4.566360586154838,6.696877307812585,1.4665677800648187,True,
517089,gdn,47886,189.28651194820048,62.238138637143344,1.12.10,0.049999999999996804,30.38812551786409,36.9884739177545,1.2172015643416472,True,
517177,gdn,85646,189.28677391020284,62.310523907231676,1.12.10,0.049999999999996804,8.040543836596397,9.358026733904762,1.1638549486306964,True,
517482,gdn,36415,189.28790858980426,62.2174580826015,1.12.10,0.049999999999996804,51.880573475678915,63.21740044373888,1.2185177651009305,True,
518555,gdn,12978,189.29130312426253,62.16871657007462,1.12.10,0.049999999999996804,121.4688514472665,364.46722085048407,3.0004994408686816,True,
519106,gdn,90738,189.29304427287275,62.32721128763905,1.12.10,0.049999999999996804,20.962901986882468,27.70396568292211,1.321571111683767,True,
519153,gdn,27348,189.29322467412425,62.19900029201744,1.12.10,0.049999999999996804,6.1762256867255285,15.570155536025023,2.5209822836444804,True,
519381,gdn,6046,189.29394907991042,62.1530917151787,1.12.10,0.049999999999996804,9.234459506309497,11.125170449992535,1.204745165907241,True,
522469,gdn,23785,189.30313889508633,62.19220794074441,1.12.10,0.049999999999996804,11.03092707051718,39.664050538718385,3.5957132419749334,True,
522841,gdn,92185,189.3042945696787,62.33270354779695,1.12.10,0.049999999999996804,62.48074806149791,79.07065148906776,1.265520243311442,True,
523061,gdn,25819,189.30498653171838,62.1959794476513,1.12.10,0.049999999999996804,176.10366425994147,356.26335855540503,2.0230320592848945,True,
523308,gdn,47199,189.30570963963595,62.23694365673433,1.12.10,0.049999999999996804,13.657450170783047,16.55003915935229,1.2117956831178684,True,
523896,gdn,17669,189.3074947717663,62.17800902040839,1.12.10,0.049999999999996804,22.29831792714223,45.176217399658945,2.0259921643985983,True,
526573,gdn,64378,189.3154447979807,62.267474864835975,1.12.10,0.049999999999996804,32.9756378018544,74.0886699825972,2.246769885931692,True,
527272,gdn,92523,189.31764296106408,62.33449882952371,1.12.10,0.049999999999996804,26.762652373377634,54.38310463274448,2.0320521252535686,True,
528524,gdn,9984,189.3216324405688,62.16274897245887,1.12.10,0.049999999999996804,11.065061741193839,13.408062573129047,1.2117476510060952,True,
531216,gdn,36499,189.33045576433634,62.21770829038034,1.12.10,0.049999999999996804,30.750975745516268,37.04423482137945,1.204652337797144,True,
531478,gdn,21948,189.33131053259257,62.18784648340637,1.12.10,0.049999999999996804,4.942974978081258,8.866722174972434,1.7938027633743512,True,
533119,gdn,82142,189.3368937103718,62.301121708576474,1.12.10,0.049999999999996804,89.94240131281083,127.21290791983506,1.4143819384741694,True,
533837,gdn,20181,189.3394557589252,62.18476372783921,1.12.10,0.049999999999996804,32.46895639883075,42.783634038714,1.3176781388715868,True,
536305,gdn,75268,189.3479497982806,62.287496136331015,1.12.10,0.049999999999996804,146.94162160799928,384.02963028106774,2.613484362555597,True,
537246,gdn,71181,189.35124030004891,62.28060358905779,1.12.10,0.049999999999996804,10.155210434078132,14.10320678359087,1.3887655873938696,True,
541965,gdn,76400,189.36873822009647,62.289968398702946,1.12.10,0.049999999999996804,13.869348219274206,17.62295818042398,1.2706406892238373,True,
543309,gdn,71316,189.37383998562217,62.28083730706247,1.12.10,0.049999999999996804,10.952534884124187,12.853147935802504,1.1735317962267597,True,
547963,gdn,58274,189.39268348090206,62.25608329650444,1.12.10,0.049999999999996804,14.974464869907644,19.024044317567686,1.2704323314950632,True,
550123,ceers-full,60084,214.70387534549687,52.754912765188045,1.12.10,0.049999999999996804,4.2926699440264375,6.918314347373516,1.6116576484061753,True,
550686,ceers-full,59200,214.71890114322449,52.764389655533556,1.12.10,0.049999999999996804,16.574706302001633,22.362714239983603,1.3492072699522275,True,
550908,ceers-full,47040,214.7230124246472,52.739762140216214,1.12.10,0.049999999999996804,81.58450517146248,140.10917829786942,1.7173503473902092,True,
551531,ceers-full,42562,214.7325473586708,52.73575243250666,1.12.10,0.049999999999996804,20.59498174924061,26.03144830804755,1.2639704479955365,True,
551732,ceers-full,81671,214.73544444868529,52.83148255924197,1.12.10,0.049999999999996804,,,,False,aperture leaves valid footprint
553543,ceers-full,79735,214.7579765724041,52.83970589238904,1.12.10,0.049999999999996804,12.498791946825715,25.002424054107095,2.0003872502619657,True,
553613,ceers-full,40558,214.7587055309498,52.749720842331946,1.12.10,0.049999999999996804,13.536937381501565,16.075992811760358,1.1875649830314243,True,
554402,ceers-full,68820,214.76518047558105,52.81841269059685,1.12.10,0.049999999999996804,155.74442855511134,352.534478422452,2.2635447167710723,True,
554575,ceers-full,73887,214.76658198669276,52.831522824153375,1.12.10,0.049999999999996804,17.98130858978132,21.44970679298242,1.1928890873477456,True,
554761,ceers-full,67075,214.76802362371637,52.81640243933742,1.12.10,0.049999999999996804,57.42117484548948,169.21779542006914,2.946958084285199,True,
555623,ceers-full,31988,214.77391525160635,52.741350136295296,1.12.10,0.049999999999996804,8.416741778817865,9.927713742880046,1.1795198193990926,True,
558817,ceers-full,66323,214.79296061955992,52.83248545752471,1.12.10,0.049999999999996804,770.9183066920057,2673.5773727638007,3.4680423976907035,True,
559075,ceers-full,67721,214.79440467191807,52.837397468256505,1.12.10,0.049999999999996804,23.979135251378846,31.95588576489629,1.332653802144878,True,
559252,ceers-full,45658,214.79536727592395,52.78884670441831,1.12.10,0.049999999999996804,131.3659761829274,161.78919350489107,1.2315913009286308,True,
559649,ceers-full,57736,214.7975382343117,52.81874663745569,1.12.10,0.049999999999996804,11.718537787527676,13.668188736295832,1.1663732271139848,True,
559829,ceers-full,39584,214.7985157466541,52.776435993137575,1.12.10,0.049999999999996804,7.884047345510575,12.26394650288187,1.555539428598859,True,
560003,ceers-full,38175,214.79932818631917,52.774004101124284,1.12.10,0.049999999999996804,8.597996964016875,10.378789203050985,1.2071171048892935,True,
560155,ceers-full,59454,214.80018174695005,52.823395126755024,1.12.10,0.049999999999996804,172.74203298927657,540.8067869806489,3.130719128529771,True,
561318,ceers-full,81124,214.80574962290623,52.8780463134583,1.12.10,0.049999999999996804,9.312823758790591,12.530139179960795,1.345471524480779,True,
561514,ceers-full,64026,214.80666971294343,52.837802523319155,1.12.10,0.049999999999996804,19.509447453342663,23.25866468379853,1.1921744446849258,True,
562006,ceers-full,76469,214.8091456528529,52.8684792798485,1.12.10,0.049999999999996804,9.426038847488948,12.620588334806799,1.3389068875065016,True,
562381,ceers-full,71895,214.81117645602356,52.85864781983573,1.12.10,0.049999999999996804,112.5629402896646,266.24856377599787,2.365330570530988,True,
562449,ceers-full,47720,214.81152548810937,52.805272967612886,1.12.10,0.049999999999996804,16.98311652154425,57.96709580710046,3.4132189891981968,True,
562471,ceers-full,62193,214.8116285181082,52.83668123279461,1.12.10,0.049999999999996804,2.6232893057638997,10.003218334398088,3.8132349003287533,True,
563101,ceers-full,20143,214.81478404764275,52.74894908307823,1.12.10,0.049999999999996804,18.41502711504189,22.922624543647586,1.244778212947825,True,
563405,ceers-full,38641,214.8164025741959,52.78664521443233,1.12.10,0.049999999999996804,345.019802331114,985.2039392623903,2.8554996919188262,True,
563665,ceers-full,77817,214.81768024988554,52.87786035361988,1.12.10,0.049999999999996804,15.50603352675405,19.450439289175677,1.2543787716965762,True,
564842,ceers-full,54373,214.82345374671925,52.83027670970119,1.12.10,0.049999999999996804,27.242496539351162,33.658677066782666,1.2355210183531997,True,
564866,ceers-full,43776,214.82357633676986,52.804716813037274,1.12.10,0.049999999999996804,7.58716222784783,12.063181665251427,1.589946452044332,True,
565973,ceers-full,64015,214.82843054162956,52.853444169477974,1.12.10,0.049999999999996804,9.931343995344346,12.651728888431112,1.273919108467297,True,
566311,ceers-full,52656,214.82982627128717,52.830768882017715,1.12.10,0.049999999999996804,5.653681082550999,7.115509945525676,1.2585623139384943,True,
568204,ceers-full,65374,214.83799160348096,52.86345578586593,1.12.10,0.049999999999996804,4.9533396912373275,6.48007955705302,1.3082243417540211,True,
568326,ceers-full,74688,214.8384757261928,52.8852006131113,1.12.10,0.049999999999996804,31.656521991442872,90.2476140376948,2.850837943033975,True,
568695,ceers-full,63478,214.8400401322637,52.86065052801385,1.12.10,0.049999999999996804,18.736254332010063,23.47428852110413,1.2528805440583364,True,
568814,ceers-full,44194,214.8405401201694,52.81794432303965,1.12.10,0.049999999999996804,8.19722010474093,10.945046860097058,1.335214465421869,True,
569398,ceers-full,77292,214.8432282139769,52.89395196968554,1.12.10,0.049999999999996804,571.5266355910321,1069.9007826539496,1.8720051105711537,True,
569736,ceers-full,75617,214.84477061277795,52.89211063891606,1.12.10,0.049999999999996804,13.738554305188648,19.631386773891382,1.4289266787319232,True,
570764,ceers-full,40179,214.84938773131412,52.811823634246345,1.12.10,0.049999999999996804,18.527618211222833,27.670419076876346,1.4934687643830762,True,
571039,ceers-full,21384,214.850622202182,52.77671742558274,1.12.10,0.049999999999996804,8.429101107037079,38.235241383605896,4.5360995078923665,True,
571046,ceers-full,21385,214.85065135572592,52.77700948338474,1.12.10,0.049999999999996804,3.87578414088191,8.099112019676195,2.0896705609186204,True,
571634,ceers-full,18885,214.853245024555,52.7736770996124,1.12.10,0.049999999999996804,3.0074756032425074,9.787829443913807,3.2545000309764998,True,
573097,ceers-full,64511,214.85907429224793,52.87660797203007,1.12.10,0.049999999999996804,54.59408477718383,75.10923493132023,1.3757760614151768,True,
573394,ceers-full,64493,214.86015646477736,52.87743335318375,1.12.10,0.049999999999996804,17.62391117377597,22.789048157264354,1.293075522939199,True,
573574,ceers-full,11286,214.8609058539606,52.766028785580204,1.12.10,0.049999999999996804,15.412341980207545,28.768578477944644,1.8665935725335652,True,
573607,ceers-full,64903,214.86103765148948,52.87903005562814,1.12.10,0.049999999999996804,6.213640638329959,8.347138419553753,1.3433571243343119,True,
574865,ceers-full,11693,214.86580843125046,52.770194845818196,1.12.10,0.049999999999996804,38.81983607018308,98.07597219696099,2.5264396279172243,True,
576007,ceers-full,30183,214.87003661907795,52.80704060499517,1.12.10,0.049999999999996804,19.088817075541698,29.266976697801763,1.5332001235058843,True,
577519,ceers-full,27302,214.87604270037335,52.80611209853857,1.12.10,0.049999999999996804,18.706555604697275,22.10405719637672,1.181620906781274,True,
577548,ceers-full,60925,214.8761439086176,52.88083153718594,1.12.10,0.049999999999996804,13.070727602276357,16.6836447774011,1.2764128581866803,True,
578059,ceers-full,50794,214.87816996609493,52.86091863841172,1.12.10,0.049999999999996804,24.832903924596422,55.12252313831584,2.2197373011908708,True,
578604,ceers-full,29185,214.88017666222984,52.81256424456366,1.12.10,0.049999999999996804,21.47244156914817,28.599957200328298,1.3319378286920578,True,
579889,ceers-full,11902,214.88472536815922,52.78347878893746,1.12.10,0.049999999999996804,432.66350127269993,1257.8846291362047,2.9073046962271563,True,
580427,ceers-full,45873,214.8867923313792,52.85538114310341,1.12.10,0.049999999999996804,34.38573584527084,45.60735563688418,1.3263451985471086,True,
581943,ceers-full,78941,214.89188230093728,52.93387045977935,1.12.10,0.049999999999996804,22.415602028104193,61.120122236587434,2.726677702430493,True,
582061,ceers-full,53527,214.89224285864432,52.877409803779095,1.12.10,0.049999999999996804,62.62740661962713,78.26257882609374,1.249653834485406,True,
582122,ceers-full,44889,214.89247943623846,52.85689047675586,1.12.10,0.049999999999996804,15.175059312749992,17.858887251262786,1.1768578219828016,True,
582732,ceers-full,23359,214.89456729902804,52.812164756259136,1.12.10,0.049999999999996804,20.31546899883809,35.29531893775368,1.7373617581643002,True,
583031,ceers-full,66131,214.89554481105398,52.90672157885425,1.12.10,0.049999999999996804,12.646887892407726,19.333674905611314,1.528729840106976,True,
583182,ceers-full,55679,214.89600596775153,52.885279250652324,1.12.10,0.049999999999996804,173.01240803121493,375.02661531907,2.1676284353628996,True,
583327,ceers-full,9057,214.89647552807537,52.787691584508174,1.12.10,0.049999999999996804,17.013331595073407,20.708406089632703,1.2171870026696763,True,
583872,ceers-full,40058,214.8983003215419,52.84902340876445,1.12.10,0.049999999999996804,143.87354990026606,385.2867228689669,2.6779538222004655,True,
584154,ceers-full,77503,214.899309867363,52.93582117276985,1.12.10,0.049999999999996804,2.3316360514867687,6.382128561449884,2.7371890039958497,True,
584284,ceers-full,22050,214.89970861897189,52.81284286054932,1.12.10,0.049999999999996804,16.512767263495554,21.86830999929782,1.3243273916687277,True,
584349,ceers-full,21995,214.8998910328864,52.81362395515658,1.12.10,0.049999999999996804,3.883689728809565,5.351031931418886,1.3778216863526564,True,
584698,ceers-full,34168,214.90114431752608,52.838105123556836,1.12.10,0.049999999999996804,173.1517343305964,368.44574329385375,2.1278778680344312,True,
585139,ceers-full,79997,214.90270797827966,52.94467329140729,1.12.10,0.049999999999996804,3.2359904823785715,7.381121924003913,2.2809467346079826,True,
585239,ceers-full,80378,214.9031005135404,52.945729522766705,1.12.10,0.049999999999996804,82.55447062781606,152.57478707806854,1.8481711034878794,True,
585816,ceers-full,54926,214.90500437339557,52.89038975108365,1.12.10,0.049999999999996804,35.493548863543744,77.42760100424638,2.1814556020284037,True,
587010,ceers-full,75214,214.90911216689315,52.93721279377089,1.12.10,0.049999999999996804,10.752523360524425,29.304274127813066,2.7253392664458094,True,
587728,ceers-full,14764,214.91179298858623,52.80906267869206,1.12.10,0.049999999999996804,27.897328048328095,34.68278526905084,1.2432296458272964,True,
587771,ceers-full,51086,214.91193446040478,52.885751125320056,1.12.10,0.049999999999996804,44.519881048437554,126.93587708813607,2.851217795259382,True,
587929,ceers-full,79129,214.9125030019929,52.94943955491056,1.12.10,0.049999999999996804,6.220890238328834,10.242424730900028,1.6464564296269484,True,
588265,ceers-full,76255,214.91378824499452,52.94301832648383,1.12.10,0.049999999999996804,55.209458202340315,188.61326596167953,3.4163216250088877,True,
588741,ceers-full,80644,214.9155458282899,52.94901815694666,1.12.10,0.049999999999996804,172.77837250885216,268.2043713467298,1.5523029153025998,True,
590767,ceers-full,65670,214.9233736861408,52.9255927656013,1.12.10,0.049999999999996804,25.222878660202067,34.18861089748857,1.355460308796279,True,
590918,ceers-full,75356,214.9239439777828,52.948390135876856,1.12.10,0.049999999999996804,12.409461417305177,17.79153764926565,1.43370747939593,True,
590975,ceers-full,31636,214.92414888944103,52.84905031797728,1.12.10,0.049999999999996804,34.34346273686281,49.16869402760091,1.4316754954014967,True,
591545,ceers-full,73485,214.9261896432525,52.94555574407461,1.12.10,0.049999999999996804,12.305113881999874,19.251206196501258,1.5644882591994733,True,
591800,ceers-full,68061,214.9272396812169,52.933896872623244,1.12.10,0.049999999999996804,32.5209698300919,39.520842239315996,1.2152418100012214,True,
591916,ceers-full,30759,214.9278205439982,52.84999968834927,1.12.10,0.049999999999996804,5.706400056323594,4.751609534224008,0.8326807597302038,True,
593790,ceers-full,16663,214.9349726248649,52.829366964517035,1.12.10,0.049999999999996804,7.00983351342163,8.63463536660637,1.2317889362241992,True,
594309,ceers-full,53800,214.9370013818248,52.910654245636096,1.12.10,0.049999999999996804,10.767371943612906,13.163880479585426,1.2225713524639692,True,
594613,ceers-full,38631,214.9382936565461,52.874235334172354,1.12.10,0.049999999999996804,541.103159391434,1987.9557651864336,3.67389421163654,True,
594623,ceers-full,38634,214.93833666640663,52.87406004902903,1.12.10,0.049999999999996804,197.2650648419792,709.5159980100539,3.5967645795692076,True,
595077,ceers-full,57596,214.94017158138854,52.92061911309845,1.12.10,0.049999999999996804,286.39390377143275,749.5182578480384,2.61708872981535,True,
595220,ceers-full,65731,214.9407112085223,52.93799830392624,1.12.10,0.049999999999996804,32.58690512713072,68.42966806129834,2.0999130722704376,True,
596051,ceers-full,16851,214.9438366002935,52.83581550885024,1.12.10,0.049999999999996804,38.27737170160739,63.79815460419018,1.666732896436332,True,
597487,ceers-full,23633,214.94901851044662,52.851746544320925,1.12.10,0.049999999999996804,50.20926239534195,61.296272360437904,1.220816029476755,True,
597534,ceers-full,74332,214.94918820232184,52.96414299435205,1.12.10,0.049999999999996804,12.740104395356449,16.577510352750146,1.3012067906439109,True,
598023,ceers-full,75010,214.95083931422818,52.96686530517533,1.12.10,0.049999999999996804,18.529365536496964,32.36512690513831,1.7466937462801568,True,
599271,ceers-full,16309,214.95519332295783,52.84302050545201,1.12.10,0.049999999999996804,22.128960453157525,37.61363070552779,1.6997468446449682,True,
599723,ceers-full,75809,214.95683755263494,52.97315297298809,1.12.10,0.049999999999996804,11.731334617232868,14.615286669137813,1.2458332445541647,True,
600963,ceers-full,21752,214.96137026352903,52.85739929582941,1.12.10,0.049999999999996804,12.203332418148353,21.422440823391938,1.7554582706878705,True,
602037,ceers-full,54557,214.96591450040307,52.93323991681983,1.12.10,0.049999999999996804,10.314759859515975,14.960487007262387,1.4503960548786266,True,
604428,ceers-full,48350,214.9755285162651,52.92526791329146,1.12.10,0.049999999999996804,6.594037135523845,8.406803836661007,1.2749099927525889,True,
604768,ceers-full,5467,214.97701884534013,52.83842112571442,1.12.10,0.049999999999996804,5.21857438648312,7.416241539639987,1.4211240446910463,True,
605299,ceers-full,19184,214.97918410095284,52.86575685047244,1.12.10,0.049999999999996804,15.400790407995276,17.893091377246357,1.1618294193496206,True,
605465,ceers-full,16428,214.97996072075725,52.86107198108588,1.12.10,0.049999999999996804,55.33954258114213,74.3019234221863,1.3426551784962877,True,
606156,ceers-full,60195,214.98302640903486,52.956001632315704,1.12.10,0.049999999999996804,63.81180560641326,88.3447694741657,1.384458073778229,True,
606709,ceers-full,58886,214.98567217390013,52.956230280245926,1.12.10,0.049999999999996804,13.995947031300839,16.790855175206914,1.199694106990794,True,
607038,ceers-full,21063,214.9871974947847,52.87458343566287,1.12.10,0.049999999999996804,46.276577368454845,89.15635562471223,1.9265978750945194,True,
607094,ceers-full,19938,214.9874858022962,52.873115747949726,1.12.10,0.049999999999996804,10.257258691547792,13.086245968032355,1.275803444327256,True,
607730,ceers-full,80809,214.9903833102113,53.009365611788176,1.12.10,0.049999999999996804,229.6052126575113,416.2174508104418,1.812752619999482,True,
607861,ceers-full,40268,214.99097764774052,52.91652349593111,1.12.10,0.049999999999996804,21.873426733689747,27.856992199096425,1.2735540954902467,True,
608285,ceers-full,6127,214.9927793513192,52.85074532108128,1.12.10,0.049999999999996804,677.1249452592318,1150.1437223667374,1.6985694153187845,True,
609517,ceers-full,76531,214.99840335988904,53.00462417020744,1.12.10,0.049999999999996804,28.622939265999914,34.421606105415336,1.2025880985012407,True,
609680,ceers-full,65017,214.99913935339512,52.978358825449035,1.12.10,0.049999999999996804,26.08146320652987,45.649932700024195,1.7502826562504772,True,
609918,ceers-full,33413,215.0001757385007,52.9077437660452,1.12.10,0.049999999999996804,15.052127223064213,19.668886277065912,1.3067180462657457,True,
610558,ceers-full,76411,215.00284068344885,53.00759252896108,1.12.10,0.049999999999996804,7.521303359276248,8.941564133892195,1.1888317365718664,True,
611670,ceers-full,12781,215.0076822737143,52.874100559640716,1.12.10,0.049999999999996804,29.189518649275897,73.90596990151816,2.531935205562273,True,
611831,ceers-full,76764,215.00834171975458,53.010824517671594,1.12.10,0.049999999999996804,1173.7045089608273,2986.599277032235,2.5445921475384856,True,
611866,ceers-full,61870,215.00849034389321,52.977973642932014,1.12.10,0.049999999999996804,17.188866003773764,22.448887066461385,1.3060132682128536,True,
611914,ceers-full,61102,215.00865098580456,52.976512777902165,1.12.10,0.049999999999996804,19.885450457245852,24.23305066182044,1.2186322212776632,True,
612580,ceers-full,76772,215.01125491814653,53.01365551530983,1.12.10,0.049999999999996804,39.848590300981385,134.10734766449508,3.365422632308082,True,
613918,ceers-full,11930,215.01676154913255,52.87938469936288,1.12.10,0.049999999999996804,7.033556605469281,10.019720256918696,1.4245595534309596,True,
614051,ceers-full,12189,215.01729887249255,52.88015944871767,1.12.10,0.049999999999996804,116.6116843690361,160.08398784030885,1.3727954338923514,True,
615242,ceers-full,32314,215.02207041000383,52.92078606320471,1.12.10,0.049999999999996804,11.805183918521665,13.49965000633852,1.1435357635689465,True,
616987,ceers-full,3065,215.0297194776913,52.86788420983066,1.12.10,0.049999999999996804,157.1360233361012,445.280246110479,2.8337247987882495,True,
617087,ceers-full,2311,215.03014284587607,52.864988464029565,1.12.10,0.049999999999996804,23.042790815244807,29.357083274199063,1.2740246400525757,True,
617190,ceers-full,10614,215.03070672242757,52.88257781112272,1.12.10,0.049999999999996804,185.9400918874137,395.19128896772554,2.125368902189276,True,
618330,ceers-full,4745,215.03612163401021,52.87835344298263,1.12.10,0.049999999999996804,159.0560881434387,468.13487762743864,2.943206280826352,True,
618527,ceers-full,10855,215.03706547342054,52.89190476660595,1.12.10,0.049999999999996804,15.623816992782194,40.97235929474619,2.622429545460906,True,
618550,ceers-full,18848,215.0371962722903,52.90671428152801,1.12.10,0.049999999999996804,15.210456155203834,19.5772961869251,1.2870946135449903,True,
618553,ceers-full,10854,215.03721164271238,52.89182894029587,1.12.10,0.049999999999996804,11.415647757317627,37.188655247439826,3.2576912005366716,True,
619862,ceers-full,11968,215.0441282330538,52.898738901419506,1.12.10,0.049999999999996804,88.47536942927603,176.83636188742943,1.9987072450574614,True,
619924,ceers-full,11967,215.04444232373754,52.898821630989666,1.12.10,0.049999999999996804,5.336680221933158,24.364931292104163,4.565559538674815,True,
620376,ceers-full,9887,215.0470494532079,52.89748224947375,1.12.10,0.049999999999996804,4.383336915689219,6.128371289444113,1.3981063758774546,True,
620947,ceers-full,5139,215.0506755197006,52.88993183496591,1.12.10,0.049999999999996804,17.784844817591424,44.00707924812861,2.4744145759765157,True,
623964,ceers-full,25272,215.07458774136398,52.94465025447146,1.12.10,0.049999999999996804,11.584649455237974,26.300942530255554,2.2703270074662156,True,
624014,ceers-full,24581,215.07505226354112,52.94382524515356,1.12.10,0.049999999999996804,13.400989401316423,17.833968111401273,1.3307948821785789,True,
624109,ceers-full,11660,215.07599885263022,52.92133295704912,1.12.10,0.049999999999996804,24.42665028277839,31.61094085890531,1.2941168966254897,True,
624327,ceers-full,25868,215.07826029734858,52.948496803812056,1.12.10,0.049999999999996804,8.060694683326183,9.286165138148405,1.1520303774012368,True,
624538,ceers-full,3902,215.08027261865803,52.90790010828056,1.12.10,0.049999999999996804,80.11095907547754,108.87717875813968,1.3590797066298967,True,
624674,ceers-full,4973,215.08172194878534,52.91225590826809,1.12.10,0.049999999999996804,5.382180886978546,6.256835472479082,1.1625093254700236,True,
624924,ceers-full,11449,215.08432498955762,52.926156858528614,1.12.10,0.049999999999996804,95.87043333245092,195.53193947420536,2.039543712044747,True,
625410,ceers-full,6664,215.08992749732596,52.922059746121946,1.12.10,0.049999999999996804,6.838451216574462,8.23753418131205,1.2045906186106303,True,
625542,ceers-full,5521,215.09143517843142,52.91999490278335,1.12.10,0.049999999999996804,837.881168895475,1356.3869880712518,1.6188297797160065,True,
628482,ceers-full,7652,215.1290140084181,52.95185386691881,1.12.10,0.049999999999996804,6.21801715378932,9.849030533149362,1.5839503638466594,True,
628553,ceers-full,6342,215.12988381863707,52.94994604459909,1.12.10,0.049999999999996804,11.13160801289871,16.044765003637984,1.4413699247266138,True,
629133,ceers-full,24827,215.1370819232807,52.988554568670516,1.12.10,0.049999999999996804,18.68427228859108,22.133886107078666,1.1846266081550296,True,
629495,ceers-full,3761,215.1416433592717,52.95101212068185,1.12.10,0.049999999999996804,336.2318923555308,795.8921532500054,2.3670929835782233,True,
629645,ceers-full,3336,215.14361955603863,52.951321718422555,1.12.10,0.049999999999996804,276.84344584547415,601.5999821290598,2.1730692604688033,True,
