rank,tier,status,ranking_score,score_std,score_percentile,field,id,source_id,ra,dec,sky_group,sky_group_size,mag_f444w,snr_f444w,r_h_arcsec,z_phot,ood_flag,n_features_outside_positive_range,disagreement_flag,nearest_list,nearest_list_sep_arcsec,n_archive_records,n_eligible_records,n_secure_lowz_records,n_secure_highz_records,archive_best_grade,archive_z_best_grade3,archive_gratings,archive_files,in_census,spec_tested,spec_vshaped,sel_labbe23,sel_kokorev24,sel_kocevski24,sel_perezgonzalez24,sel_barro23,sel_greene24,sel_akins24,m_f090w,m_f115w,m_f150w,m_f200w,m_f277w,m_f356w,m_f444w,asnr_f090w,asnr_f115w,asnr_f150w,asnr_f200w,asnr_f277w,asnr_f356w,asnr_f444w,c_f090w_f115w,c_f115w_f150w,c_f150w_f200w,c_f200w_f277w,c_f277w_f356w,c_f356w_f444w,c_f115w_f200w,c_f200w_f356w,c_f277w_f444w,slope_blue,slope_red,v_curv,log_rh,log_rh_over_rstar,n_snr_ge1,n_snr_ge3,archive_verdict,compactness_f444w,labbe_compactness,flux_d020,flux_d040,flux_d050,compactness_measurable,compactness_reason,compactness_mosaic,compactness_pixscale,compact_akins,compact_labbe,followup_tier
1,equal_burden,untested,0.9897657,0.00087220076,99.9837,ceers-full,67721,559075,214.79440467191807,52.837397468256505,522768,1,25.201894457553124,72.65121448914378,0.0998710400917814,5.400762557983398,False,0,False,,,0,0,0,0,,,,,False,False,False,False,False,False,False,False,False,False,3.536754,3.2701714,3.087316,2.9972174,2.200414,1.6752665,1.3017588,3.2446492,3.6062443,3.5408456,3.8393145,4.650107,5.119315,4.9788647,0.26658267,0.1828552,0.09009862,0.79680353,0.5251474,0.3735078,0.27295384,1.3219509,0.8986552,-1.4097611,-4.422824,-3.0130627,-1.0005604,0.09798125,7.0,7.0,,0.5236641580135944,1.7290136612960725,14.232160970165094,24.60760074718021,27.178031477563188,True,,ceers-full-grizli-v7.4-f444w-clear_drc_sci.fits,0.0399999999999993,True,False,False
2,equal_burden,untested,0.98819923,0.0013969468,99.96076,primer-uds-south,2558,17468,34.24302589785728,-5.319390777549782,16567,1,26.018424630504235,15.839596024563852,0.081263121391171,17.914907455444336,False,1,False,,,0,0,0,0,,,,,False,False,False,False,False,False,False,False,False,False,5.697741,7.650515,4.749152,6.621253,3.1095645,2.1893995,2.1178143,0.0905181,-1.1793095,1.0386679,-0.38187894,2.9965382,3.8718698,3.456655,-1.952774,2.901363,-1.8721008,3.5116885,0.92016494,0.07158527,1.0292621,4.4318533,0.99175024,-3.934897,-3.9625692,-0.0276723,-1.0901065,0.020591797,4.0,3.0,,0.6583754113695178,1.4222588623833743,8.228001332477056,11.702347814817708,12.497431086257611,True,,primer-uds-south-grizli-v7.2-f444w-clear_drc_sci.fits,0.0399999999999996,True,True,True
3,equal_burden,secure z>3 (V untested),0.9873022,0.0015841139,99.95047,gdn,44253,509059,189.26132288039057,62.23196382273444,475668,1,25.85667205448021,96.95627278932052,0.1047731674117134,5.5485124588012695,False,0,False,,,1,0,0,1,3.0,5.536202,G395M,gdn-pah123-v4_g395m-f290lp_2674_934.spec.fits,False,False,False,False,False,False,False,False,False,False,2.9689076,3.1588767,3.1903017,3.0137606,2.8232079,1.9786068,1.9562188,4.5365863,4.018301,3.7895582,4.476458,4.245381,5.1813035,5.2674336,-0.18996914,-0.03142491,0.17654106,0.1905527,0.8446011,0.022387946,0.14511615,1.0351537,0.866989,0.12195048,-2.468246,-2.5901964,-0.9797499,0.12759905,7.0,7.0,,0.5264814308209333,1.744844494647554,7.626161371360123,13.30646568411155,14.485147860711407,True,,gdn-grizli-v7.4-f444w-clear_drc_sci.fits,0.0399999999999996,True,False,False
4,equal_burden,untested,0.9872666,0.0008251091,99.949615,gdn,71316,543309,189.37383998562217,62.28083730706247,507828,1,26.215408505598333,66.71343802715097,0.0795622308678745,5.176219463348389,False,0,False,,,0,0,0,0,,,,,False,False,False,False,False,False,False,False,False,False,4.108007,4.107151,4.3750095,4.0261583,3.1356382,3.412318,2.3145316,3.04057,3.1166818,2.92031,3.1692228,4.3623366,4.0613937,4.8936095,0.0008558462,-0.26785815,0.34885103,0.89052016,-0.2766798,1.0977865,0.080992855,0.6138403,0.82110673,-0.08238442,-4.564976,-4.4825916,-1.099293,0.008055918,7.0,7.0,,0.640940444052612,1.454353066447227,7.510135942586205,10.922389237535782,11.717369394105097,True,,gdn-grizli-v7.4-f444w-clear_drc_sci.fits,0.0399999999999996,True,True,True
5,equal_burden,untested,0.9871089,0.0014009926,99.94811,gdn,27731,500172,189.23478134498785,62.199952732437694,467390,1,26.416280900999944,55.818974924955576,0.0862875550561481,4.085123538970947,False,0,False,,,0,0,0,0,,,,,False,False,False,False,False,False,False,False,False,False,4.099157,4.2495565,4.45287,3.6711533,3.068737,2.4883742,2.5150118,3.3183782,2.9522219,2.525754,3.795906,4.223176,4.812345,4.715341,-0.15039992,-0.20331323,0.7817165,0.6024162,0.58036274,-0.02663755,0.5784033,1.182779,0.5537252,-1.4175572,-2.1602545,-0.7426971,-1.0640519,0.04329713,7.0,7.0,,0.5890785181312099,1.5696534737863148,5.596069989351538,8.783890698336988,9.499701342198806,True,,gdn-grizli-v7.4-f444w-clear_drc_sci.fits,0.0399999999999996,True,True,True
6,equal_burden,untested,0.98695415,0.0014401925,99.947044,primer-cosmos-west,20773,372736,150.1158055128171,2.186890119591165,346231,1,26.535964417850145,22.599303407182283,0.0700220650782565,5.315845966339111,False,0,False,,,0,0,0,0,,,,,False,False,False,False,False,False,False,False,False,False,5.522867,4.7446017,6.2804475,5.445023,4.0349617,3.3405561,2.634383,0.3779038,1.5873331,-0.4137742,0.94724655,3.0243402,3.3391693,3.8115554,0.7782656,-1.5358455,0.83542424,1.4100612,0.6944057,0.7061732,-0.7004213,2.104467,1.4005789,2.1263409,-7.093984,-9.220325,-1.1547651,-0.04741612,5.0,3.0,,0.6628530095310239,1.4594945848262528,6.09133430469617,8.890269432070449,9.189570262351014,True,,primer-cosmos-west-grizli-v7.4-f444w-clear_drc_sci.fits,0.0399999999999996,True,True,True
7,equal_burden,untested,0.9869377,0.0016192481,99.9464,primer-uds-north,15290,122147,34.45662845935476,-5.183603349576064,116849,1,26.330777464387097,14.666868405847486,0.0878800551017983,5.325993537902832,False,1,False,,,0,0,0,0,,,,,False,False,False,False,False,False,False,False,False,False,3.619426,6.92961,5.505048,4.833194,3.914761,3.258575,2.429693,1.8771578,-0.6590269,0.43705487,1.1929644,2.3332288,2.9958913,3.3798983,-3.3101835,1.4245619,0.671854,0.9184326,0.65618604,0.828882,2.0964158,1.5746187,1.4850681,4.216657,-7.921151,-12.137808,-1.0561097,0.051239286,5.0,4.0,,0.5712760173380823,1.586650993776832,5.523666966298379,8.764131681369582,9.668998520253758,True,,primer-uds-north-grizli-v7.2-f444w-clear_drc_sci.fits,0.0399999999999996,True,True,True
8,equal_burden,untested,0.9868878,0.0013524344,99.945755,primer-cosmos-east,7862,407097,150.15014164441573,2.1842397192022447,378582,1,26.346204816589697,18.53314087784225,0.0867617837707866,0.0292544029653072,False,0,False,,,0,0,0,0,,,,,False,False,False,False,False,False,False,False,False,False,5.015023,7.1335115,6.8210535,4.9383783,3.390428,2.4451673,2.445089,0.6610443,-0.92717594,-0.7850227,1.1060798,3.0101652,3.6679487,3.6134348,-2.118488,0.31245798,1.8826753,1.54795,0.9452608,7.805372e-05,2.1951332,2.4932108,0.9453389,-2.6296864,-3.5366993,-0.9070127,-1.0616715,0.047348876,4.0,3.0,,0.6514302587454152,1.4611401242200148,6.063555572979265,8.859704343117887,9.308065585803496,True,,primer-cosmos-east-grizli-v7.4-f444w-clear_drc_sci.fits,0.0399999999999996,True,True,False
9,equal_burden,untested,0.98684096,0.0015982904,99.9449,primer-uds-south,44674,80921,34.368957907033234,-5.24694755601995,77234,1,26.76154336738368,12.61298050655506,0.0905026451500959,5.368458271026611,False,0,False,,,0,0,0,0,,,,,False,False,False,False,False,False,False,False,False,False,3.413089,3.9199076,3.5927248,4.221355,3.6616955,3.230687,2.85915,2.3746183,1.9618806,2.4511693,2.0700486,2.945472,3.3423967,3.2294414,-0.50681865,0.32718286,-0.6286303,0.5596594,0.4310088,0.37153685,-0.30144745,0.99066824,0.8025456,1.7355282,-3.9985929,-5.734121,-1.0433388,0.06735957,7.0,7.0,,0.5271572451201634,1.665035050298199,4.13997964881984,6.893211222806262,7.8534055770705535,True,,primer-uds-south-grizli-v7.2-f444w-clear_drc_sci.fits,0.0399999999999996,True,True,True
10,equal_burden,untested,0.98629,0.0014985071,99.940186,primer-uds-south,18934,122018,34.45631206088567,-5.288797896698068,116724,1,26.426777772671908,14.3482106431663,0.0939135658621222,6.518673896789551,False,0,False,,,0,0,0,0,,,,,False,False,False,False,False,False,False,False,False,False,4.9558864,3.7322044,3.6785095,3.8259501,3.5107796,2.1300843,2.525484,0.9206172,2.1100912,2.339304,2.3967328,2.930884,4.234373,3.3579845,1.223682,0.053695157,-0.1474407,0.31517056,1.3806952,-0.39539975,-0.093745545,1.6958659,0.98529553,-0.5153125,-2.458116,-1.9428036,-1.0272716,0.08342663,7.0,6.0,,0.5030974368348217,1.7750343802860755,4.274770356199089,7.587864350081137,8.49690346882565,True,,primer-uds-south-grizli-v7.2-f444w-clear_drc_sci.fits,0.0399999999999996,True,False,False
11,equal_burden,untested,0.98582506,0.0019933633,99.93718,primer-uds-north,10014,61198,34.32892249221182,-5.192771042583805,58344,1,26.059203500717587,18.13694170518814,0.078155763963186,5.140738487243652,False,0,False,,,0,0,0,0,,,,,False,False,False,False,False,False,False,False,False,False,4.7353663,6.3649654,5.788921,5.456507,2.795887,2.6367671,2.1585455,0.92345417,-0.24322534,0.19564734,0.65631074,3.3511624,3.6080668,3.5918572,-1.6295987,0.57604456,0.33241326,2.6606205,0.15911974,0.47822165,0.9084578,2.8197403,0.6373414,2.0020533,-3.3029711,-5.3050246,-1.107039,0.00030997873,4.0,3.0,,0.6277517196976801,1.5025128379012491,8.607153283765737,12.932358306641914,13.711078781131604,True,,primer-uds-north-grizli-v7.2-f444w-clear_drc_sci.fits,0.0399999999999996,True,True,True
12,equal_burden,untested,0.98553157,0.0013497688,99.9359,gdn,11718,504833,189.24897297876305,62.16654548140045,471727,1,25.20494283924629,153.3585103360981,0.087058473043821,3.334639072418213,False,0,False,,,0,0,0,0,,,,,False,False,False,False,False,False,False,False,False,False,3.668718,3.4583166,3.462127,2.5164309,2.1147113,1.953338,1.3048064,3.7811222,3.9265132,3.7744067,4.9098945,5.250688,5.3968887,5.7259364,0.21040154,-0.0038104148,0.9456963,0.40171936,0.16137333,0.64853173,0.9418859,0.56309265,0.80990505,-3.754372,-4.100878,-0.34650603,-1.060189,0.04716001,7.0,7.0,,0.6085272244865096,1.52842187222892,17.058946828866755,26.073267450430123,28.03316949913213,True,,gdn-grizli-v7.4-f444w-clear_drc_sci.fits,0.0399999999999996,True,True,True
13,equal_burden,untested,0.9852873,0.0017290724,99.934395,primer-cosmos-east,60004,433733,150.18385942655598,2.386703177680204,403985,1,26.755540399105804,15.017469849700255,0.0853774060342691,6.418477535247803,False,0,False,,,0,0,0,0,,,,,False,False,False,False,False,False,False,False,False,False,5.026164,4.360252,3.8311665,3.810799,3.7155044,2.7111382,2.8531733,0.849405,1.6279519,2.3179495,3.236194,2.8992183,3.728631,3.4034681,0.66591215,0.5290856,0.020367574,0.09529453,1.0043662,-0.14203502,0.54945314,1.0996606,0.8623311,-1.9329842,-2.8759704,-0.9429861,-1.068657,0.04036336,6.0,5.0,,0.4720803412391836,1.8207028609194849,3.8358037697176046,6.983858897450586,8.12531985477057,True,,primer-cosmos-east-grizli-v7.4-f444w-clear_drc_sci.fits,0.0399999999999996,False,False,False
14,equal_burden,untested,0.9847808,0.0017717612,99.93096,primer-cosmos-west,89216,316534,150.07110972708492,2.377477696824632,296356,1,26.030533916649688,26.795699075933577,0.0850613616315503,1.5612871646881104,False,0,False,,,0,0,0,0,,,,,False,False,False,False,False,False,False,False,False,False,6.1048374,4.264668,5.0245547,3.545744,3.0729842,2.5605881,2.1299098,-0.31925315,1.7042229,1.1466616,2.6461031,3.4746003,3.8470325,3.9817367,1.8401695,-0.7598866,1.4788108,0.47275975,0.5123961,0.43067822,0.71892416,0.9851559,0.94307435,-4.821408,-4.6856413,0.13576646,-1.0702677,0.037081297,6.0,4.0,,0.6204342823547022,1.4788401567320688,9.151452845965393,13.533535961053596,14.750076045497284,True,,primer-cosmos-west-grizli-v7.4-f444w-clear_drc_sci.fits,0.0399999999999996,True,True,False
15,equal_burden,untested,0.9843657,0.0014269025,99.92818,primer-cosmos-east,19279,429747,150.17801414377487,2.2393609062154263,400170,1,26.620513886623577,14.77079487233148,0.085986808915128,7.1544365882873535,False,0,False,,,3,0,0,0,,,G235H;G395H;PRISM,gto-wide-cos04-v4_g235h-f170lp_1214_4047.spec.fits;gto-wide-cos04-v4_g395h-f290lp_1214_4047.spec.fits;gto-wide-cos04-v4_prism-clear_1214_4047.spec.fits,False,False,False,False,False,False,False,False,False,False,5.8405495,2.7796798,3.4367676,4.0665855,4.0319853,3.3635125,2.7186666,-0.02280474,2.939764,2.5575352,1.852612,2.4813433,2.9789312,3.386943,3.0608697,-0.6570878,-0.6298177,0.03460012,0.66847277,0.6448458,-1.2869055,0.7030729,1.3133185,5.0432205,-6.6401377,-11.683358,-1.0655682,0.043452237,6.0,6.0,,0.6577207396364991,1.465744061463291,4.98452593509721,7.306039288578494,7.578483746539596,True,,primer-cosmos-east-grizli-v7.4-f444w-clear_drc_sci.fits,0.0399999999999996,True,True,True
16,equal_burden,untested,0.9842449,0.0013706884,99.927536,primer-uds-north,52867,66106,34.33838362659736,-5.131370296279152,63050,1,25.039171167354542,87.57947196206317,0.0823512822460081,2.315321207046509,False,0,False,,,0,0,0,0,,,,,False,False,False,False,False,False,False,False,False,False,3.5224984,3.1130757,2.2352548,2.1191034,2.0097659,1.4602355,1.1390706,2.619476,2.9907932,3.9573107,4.2437854,4.7207546,5.2321534,5.165726,0.40942255,0.8778209,0.11615134,0.1093377,0.5495303,0.32116488,0.99397224,0.658868,0.87069523,-2.9705098,-4.1890435,-1.2185336,-1.0843296,0.023019332,7.0,7.0,,0.6097818078598488,1.5305978946215189,19.953926739443773,30.541438256824662,32.72306008845372,True,,primer-uds-north-grizli-v7.2-f444w-clear_drc_sci.fits,0.0399999999999996,True,True,False
17,equal_burden,untested,0.98372227,0.0017192867,99.92453,primer-uds-south,11577,105391,34.41970190413583,-5.300940260702541,100733,1,26.100840735634783,34.03964002478513,0.0975769733677948,7.101882457733154,False,0,False,,,0,0,0,0,,,,,False,False,False,False,False,False,False,False,False,False,6.677392,3.3535454,3.1422613,3.4979675,3.0255523,2.5876758,2.2001305,-0.753659,2.8411787,3.1736808,2.9502385,3.631748,4.1137958,4.2208886,3.3238466,0.21128397,-0.355706,0.47241518,0.43787643,0.38754535,-0.14442202,0.9102916,0.8254218,0.2472867,-4.1200776,-4.3673644,-1.0106527,0.100045644,6.0,6.0,,0.5510052232148205,1.6838394934514311,6.299867229532549,10.607965244587358,11.433407459871608,True,,primer-uds-south-grizli-v7.2-f444w-clear_drc_sci.fits,0.0399999999999996,True,True,True
18,equal_burden,untested,0.98301625,0.0015626043,99.921745,primer-uds-south,44427,71487,34.34928123071394,-5.247350743125383,68193,1,25.799230803809284,43.24803585587903,0.0873384271859182,5.17944860458374,False,0,False,,,0,0,0,0,,,,,False,False,False,False,False,False,False,False,False,False,3.3145006,3.2193694,3.3265722,3.66335,2.4451501,2.8383794,1.8988231,2.9189978,3.0409794,3.134883,3.0234895,4.4093924,4.073153,4.4602327,0.09513125,-0.1072027,-0.336778,1.2182,-0.3932291,0.93955624,-0.44398072,0.82497084,0.5463272,1.073531,-2.7041428,-3.777674,-1.0587946,0.051903665,7.0,7.0,,0.6219147174943283,1.4789252852863006,9.831611197973048,14.540218395786276,15.808616392910348,True,,primer-uds-south-grizli-v7.2-f444w-clear_drc_sci.fits,0.0399999999999996,True,True,True
19,equal_burden,untested,0.98277825,0.0018015342,99.92024,primer-uds-south,60228,96024,34.40058527853454,-5.220705488741068,91745,1,24.624661740948408,130.264652232609,0.1064712060249435,3.5277810096740723,False,0,False,,,0,0,0,0,,,,,False,False,False,False,False,False,False,False,False,False,2.9630916,3.0959074,2.909244,2.3155544,1.5474417,1.3916011,0.72461486,2.7506325,3.1478302,3.475915,4.1402354,5.031783,5.2318034,5.5627303,-0.13281573,0.18666346,0.59368974,0.76811254,0.15584068,0.66698617,0.7803532,0.92395324,0.82282686,-2.9056888,-4.379307,-1.4736179,-0.97276783,0.13793047,7.0,7.0,,0.5175084563210602,1.7682980999013518,23.61829293074181,41.76418251234427,45.63846762745285,True,,primer-uds-south-grizli-v7.2-f444w-clear_drc_sci.fits,0.0399999999999996,True,False,False
20,equal_burden,untested,0.98259974,0.0024494072,99.91939,primer-uds-south,31014,26631,34.26512443990419,-5.2685223413374365,25381,1,25.504966400915965,30.7020921438435,0.0898538848547393,5.205343246459961,False,0,False,,,0,0,0,0,,,,,False,False,False,False,False,False,False,False,False,False,2.738476,2.9253104,3.0997121,3.1473455,2.3311124,2.4334016,1.6047293,2.6315255,2.521388,2.5153778,2.6269975,3.9120383,3.843214,4.117743,-0.18683437,-0.17440179,-0.047633443,0.8162332,-0.10228926,0.8286723,-0.22203523,0.713944,0.72638303,1.2079902,-3.8010182,-5.0090084,-1.0464631,0.06423516,7.0,7.0,,0.5881469217917272,1.5551891016024408,12.342204715932038,19.194462263963757,20.98490064069845,True,,primer-uds-south-grizli-v7.2-f444w-clear_drc_sci.fits,0.0399999999999996,True,True,True
21,equal_burden,untested,0.9824955,0.0020344297,99.919174,gds-sw,18317,192644,53.10282982126792,-27.890966632617555,182891,1,25.94788974331676,74.94159148499382,0.0894500558801115,3.661532640457153,False,0,False,,,0,0,0,0,,,,,False,False,False,False,False,False,False,False,False,False,3.7464283,3.8617158,3.5266778,3.3627794,2.7101226,2.5490408,2.0473537,2.9461029,3.1022,3.4934103,3.7955163,4.653145,4.847296,5.0099006,-0.115287535,0.33503777,0.16389868,0.65265673,0.16108182,0.50168705,0.49893647,0.8137385,0.66276884,-1.4485232,-3.4950008,-2.0464776,-1.0484194,0.05892958,7.0,7.0,,0.5987047918834907,1.5502050793946265,8.329209316093163,12.911982589148662,13.91204718754622,True,,gds-sw-grizli-v7.0-f444w-clear_drc_sci.fits,0.0399999999999996,True,True,True
22,equal_burden,untested,0.9812265,0.0020656409,99.91445,primer-uds-north,22671,60513,34.32771433090502,-5.173116620576559,57695,1,25.176810393334605,30.918299091973505,0.1099887173678316,5.254691123962402,False,0,False,,,0,0,0,0,,,,,False,False,False,False,False,False,False,False,False,False,3.2909498,3.2737954,3.0844376,2.882332,2.1252966,2.0283303,1.2766808,2.0683382,2.1237957,2.2935548,2.8293297,3.7634437,3.9201176,4.124757,0.017154356,0.18935788,0.20210558,0.7570355,0.09696609,0.7516496,0.39146346,0.8540016,0.8486157,-1.3402419,-4.5713773,-3.2311354,-0.95865184,0.14869711,7.0,7.0,,0.6079260389784902,1.5220147058003306,14.205648025082638,21.6212051995992,23.367395232736968,True,,primer-uds-north-grizli-v7.2-f444w-clear_drc_sci.fits,0.0399999999999996,True,True,True
23,equal_burden,untested,0.9807435,0.0041253283,99.91252,ceers-full,4719,630773,215.16774447416665,52.97285128182334,590721,1,25.6868114353504,49.13776548108389,0.0861591406790767,5.705443382263184,False,0,False,,,0,0,0,0,,,,,False,False,False,False,False,False,False,False,False,False,2.1126835,2.2291064,2.4696019,2.3383079,2.249679,1.1830103,1.78648,4.451934,4.631345,4.093163,4.404311,4.659138,5.6694603,4.5878787,-0.11642303,-0.24049528,0.13129395,0.08862873,1.0666687,-0.6034696,-0.109201334,1.1552975,0.46319914,0.7298749,-3.0797634,-3.8096383,-1.0646987,0.033843037,7.0,7.0,,0.5309487151915127,1.697361896985184,9.588728586860142,16.275542543868994,18.059613504105567,True,,ceers-full-grizli-v7.4-f444w-clear_drc_sci.fits,0.0399999999999993,True,True,True
24,equal_burden,untested,0.98071754,0.0026965088,99.91231,gds-sw,12181,167585,53.06240952043809,-27.90183315351425,159711,1,25.82133355038648,72.47052256084392,0.0862221633475233,3.688596725463867,False,0,False,,,0,0,0,0,,,,,False,False,False,False,False,False,False,False,False,False,4.0839195,4.573277,4.1629357,3.2458994,2.4890132,2.306538,1.9209089,2.659936,2.354648,2.732195,3.852286,4.717967,4.915493,4.9763746,-0.48935735,0.41034144,0.9170362,0.75688624,0.18247509,0.38562927,1.3273776,0.93936133,0.5681044,-3.4070294,-2.9170947,0.48993465,-1.0643811,0.042967882,7.0,7.0,,0.5945087759677271,1.5545960144115738,9.422127591872725,14.647602001602657,15.84859294387305,True,,gds-sw-grizli-v7.0-f444w-clear_drc_sci.fits,0.0399999999999996,True,True,True
25,equal_burden,untested,0.98052835,0.0022746786,99.91145,ceers-full,64015,565973,214.8284305416296,52.85344416947797,529344,1,26.17120696886881,33.84361544080218,0.0939872036078738,5.210227489471436,False,0,False,,,0,0,0,0,,,,,False,False,False,False,False,False,False,False,False,False,4.4083424,4.1936216,3.9187348,3.7415469,2.9144356,2.924021,2.2703984,2.260582,2.6499493,2.7343104,3.094618,4.113039,4.1016693,4.2151155,0.21472067,0.2748869,0.177188,0.8271111,-0.009585293,0.65362257,0.45207492,0.8175258,0.64403725,-1.9189708,-3.2495081,-1.3305374,-1.0269313,0.071610406,7.0,7.0,,0.5873730356571889,1.5727391554736625,6.647545093595764,10.45485445647489,11.31741617345114,True,,ceers-full-grizli-v7.4-f444w-clear_drc_sci.fits,0.0399999999999993,True,True,True
26,equal_burden,untested,0.9803713,0.0040490595,99.91124,gds-sw,7615,190599,53.099370947946746,-27.91994147956829,180976,1,26.3008371631662,18.070238190550764,0.0920310734841057,5.651785373687744,False,0,False,,,0,0,0,0,,,,,False,False,False,False,False,False,False,False,False,False,2.8485596,3.1843297,3.4412856,3.4384835,3.0341358,2.3467147,2.3998108,3.445464,2.9758103,3.3161705,3.4328384,3.8555481,4.4380813,3.5881782,-0.33577,-0.2569558,0.0028020034,0.40434763,0.68742114,-0.05309611,-0.2541538,1.0917687,0.634325,1.773315,-3.9258628,-5.6991777,-1.0360655,0.07128345,7.0,7.0,,0.5923838406227948,1.6051158311224707,5.772346084320242,9.265284082660225,9.744266619851688,True,,gds-sw-grizli-v7.0-f444w-clear_drc_sci.fits,0.0399999999999996,True,True,True
27,equal_burden,untested,0.98030865,0.0031362807,99.9106,primer-uds-south,3951,135509,34.48485374293454,-5.316090793696145,129656,2,24.64929369669976,119.4843970560427,0.0911365421987676,3.6921584606170654,False,0,False,,,0,0,0,0,,,,,False,False,False,False,False,False,False,False,False,False,3.188448,4.970996,2.9543355,2.078505,1.3268319,1.1179143,0.74924463,2.2848508,0.72781944,2.631619,3.6301072,5.13817,5.3882995,5.4763503,-1.7825478,2.0166605,0.8758303,0.7516731,0.20891759,0.3686697,2.8924906,0.9605907,0.57758725,-4.0259852,-2.948081,1.0779042,-1.0403074,0.07039084,6.0,6.0,,0.6030190019723913,1.5335789113273206,26.204696171392488,40.1869694261873,43.45583818367344,True,,primer-uds-south-grizli-v7.2-f444w-clear_drc_sci.fits,0.0399999999999996,True,True,True
28,equal_burden,secure z>3 (V untested),0.98029953,0.0021765213,99.91038,gdn,31477,478939,189.14931945046865,62.20747682232171,447352,1,24.628133322157844,169.9119048550928,0.0906691348536571,3.677523374557495,False,0,False,,,2,0,0,2,3.0,3.680841024311184,G140M;G395M,gdn-fujimoto-v4_g140m-f070lp_4762_36344.spec.fits;gdn-fujimoto-v4_g395m-f290lp_4762_36344.spec.fits,False,False,False,False,False,False,False,False,False,False,2.044079,2.1589026,2.1191945,1.9288725,1.0214086,1.0089436,0.7280862,4.6612716,4.8356647,4.5682616,4.9078116,5.73276,5.858847,5.828436,-0.114823565,0.039708175,0.19032204,0.90746385,0.012465067,0.2808574,0.23003021,0.9199289,0.29332247,-0.4722309,-1.4314133,-0.9591823,-1.0425406,0.064808436,7.0,7.0,,0.5821297229326311,1.5821081319615005,27.524731983950737,43.54710230186927,47.282814980289416,True,,gdn-grizli-v7.4-f444w-clear_drc_sci.fits,0.0399999999999996,True,True,True
29,equal_burden,untested,0.98014796,0.0023581856,99.90974,gdn,15600,488557,189.19395225184067,62.17535787845711,456469,1,26.675943442346387,47.36628880987636,0.0947031069638613,5.219507694244385,False,0,False,,,0,0,0,0,,,,,False,False,False,False,False,False,False,False,False,False,4.141877,3.9632802,4.0633826,4.0605664,3.419456,3.490084,2.7738981,2.9525456,3.4762588,3.1868322,3.4068406,4.2051177,4.231047,4.5511694,0.17859708,-0.10010243,0.002816367,0.6411101,-0.07062793,0.7161858,-0.09728607,0.5704822,0.6455579,0.04883394,-3.5327892,-3.5816233,-1.0236357,0.083713196,7.0,7.0,,0.5984989493396877,1.5365727574830534,4.015781933135476,6.170541118448606,6.709756028086616,True,,gdn-grizli-v7.4-f444w-clear_drc_sci.fits,0.0399999999999996,True,True,True
30,equal_burden,untested,0.98014075,0.0024356158,99.90952,primer-cosmos-east,74321,423870,150.17001005963783,2.4437140684700185,394552,1,24.95816490281204,73.22294128152744,0.0834345398311911,5.9280500411987305,False,0,False,,,0,0,0,0,,,,,False,False,False,False,False,False,False,False,False,False,4.6995635,4.7255974,6.552777,3.3429418,1.873151,0.91168946,1.0580783,1.12144,1.4348079,-0.6358019,3.2550378,4.5018,5.444911,4.9867024,-0.026034053,-1.8271791,3.2098348,1.4697908,0.9614615,-0.14638883,1.3826557,2.4312522,0.81507266,-5.722137,-2.665824,3.056313,-1.0786542,0.030366277,6.0,4.0,,0.6131062833381232,1.516683090479345,21.92192673917248,33.2486155960299,35.75550819641937,True,,primer-cosmos-east-grizli-v7.4-f444w-clear_drc_sci.fits,0.0399999999999996,True,True,True
31,equal_burden,untested,0.98010963,0.0019633158,99.909096,gdn,4640,493932,189.214322702813,62.14905115535935,461470,2,25.449772410869567,91.40245465870248,0.1238045441321294,5.45587682723999,False,0,False,,,0,0,0,0,,,,,False,False,False,False,False,False,False,False,False,False,3.202293,2.9066532,2.9341884,2.7900507,2.5288012,1.5298417,1.5495582,3.608018,4.199274,4.0424647,4.3471084,4.7227387,5.4807067,5.2084494,0.29563987,-0.027535161,0.14413762,0.26124948,0.99895954,-0.0197165,0.11660246,1.260209,0.97924304,-0.8239214,-3.822042,-2.9981205,-0.9072634,0.20008555,7.0,7.0,,0.5064949889360947,1.695458178554288,9.529053768547811,16.156112145767946,18.813717759703454,True,,gdn-grizli-v7.4-f444w-clear_drc_sci.fits,0.0399999999999996,True,True,True
32,equal_burden,untested,0.98007435,0.002476389,99.90867,primer-uds-north,41052,102518,34.4136820137667,-5.148074600046551,97962,1,25.67940824732915,49.500918174338686,0.0900712724649136,3.630148649215698,False,0,False,,,0,0,0,0,,,,,False,False,False,False,False,False,False,False,False,False,3.7570274,3.5129526,3.4592032,3.034181,2.3842711,2.271268,1.7790812,2.5102198,2.7685199,2.9931402,3.564767,4.379127,4.535397,4.5952406,0.24407493,0.053749308,0.42502195,0.64991,0.11300323,0.49218675,0.47877127,0.7629132,0.60519,-2.181087,-3.1293645,-0.9482774,-1.0454137,0.061935265,7.0,7.0,,0.6266626382156814,1.513675333137538,11.11701057092945,16.827544679445168,17.74002452513095,True,,primer-uds-north-grizli-v7.2-f444w-clear_drc_sci.fits,0.0399999999999996,True,True,True
33,equal_burden,untested,0.9789762,0.004156049,99.904594,ceers-full,54661,553915,214.76127484660543,52.78617132644899,517893,1,26.67189931368736,18.76320902291344,0.0893190863662314,1.0119035243988037,True,6,False,,,0,0,0,0,,,,,False,False,False,False,False,False,False,False,False,False,6.635979,6.7629023,6.6161027,6.356547,6.7230763,4.4266176,2.7698693,-1.6211358,-1.4309479,-1.1052172,-0.3975001,-0.45912117,2.6326878,3.6257546,-0.12692285,0.1467993,0.25955582,-0.36652926,2.2964585,1.6567485,0.40635508,1.9299293,3.9532073,-0.69021946,-18.343285,-17.653067,-1.0490557,0.04948595,2.0,2.0,,0.6025029448219742,1.5775755135528382,4.331788794578926,6.833723932210279,7.189655804684689,True,,ceers-full-grizli-v7.4-f444w-clear_drc_sci.fits,0.0399999999999993,True,True,False
34,equal_burden,untested,0.9789339,0.0032875892,99.90438,primer-uds-north,25082,142676,34.499051390912705,-5.169836460545705,136535,1,26.87793934772394,12.961038896538415,0.0880682655477494,6.526693820953369,False,0,False,,,0,0,0,0,,,,,False,False,False,False,False,False,False,False,False,False,5.1078057,3.5016437,3.8399048,4.3670764,3.7107468,2.7845871,2.974976,0.79678535,2.3952117,2.2730873,1.9909471,2.9506063,3.86452,3.2565799,1.606162,-0.33826113,-0.5271716,0.6563295,0.92615956,-0.19038872,-0.8654327,1.5824891,0.7357709,2.2075765,-2.7997122,-5.0072885,-1.0551805,0.05216841,6.0,6.0,,0.5323634584327972,1.7068736726087643,3.256470604673466,5.558383940741483,6.117006254073214,True,,primer-uds-north-grizli-v7.2-f444w-clear_drc_sci.fits,0.0399999999999996,True,False,False
35,equal_burden,untested,0.9789295,0.0031626732,99.90417,primer-cosmos-west,114692,384681,150.1274111565892,2.497225144531104,357355,1,26.78432593699476,12.998049925334271,0.0859289948903549,6.538407802581787,False,0,False,,,0,0,0,0,,,,,False,False,False,False,False,False,False,False,False,False,5.567485,6.8163996,4.887631,4.714543,3.627823,2.8775463,2.8818302,0.16556858,-0.7327559,1.1206812,1.517083,2.830776,3.442357,3.259423,-1.2489147,1.9287686,0.17308813,1.0867199,0.7502768,-0.004284096,2.1018567,1.8369967,0.7459927,-5.3976736,-3.0585368,2.3391366,-1.0658603,0.0414887,5.0,3.0,,0.5952836577277925,1.5459512811259473,3.607230493561592,5.5766026028381255,6.059683390823208,True,,primer-cosmos-west-grizli-v7.4-f444w-clear_drc_sci.fits,0.0399999999999996,True,True,True
36,equal_burden,untested,0.9784636,0.0050383057,99.90288,primer-cosmos-west,54568,318835,150.07297668277408,2.272485975542866,298424,1,26.49303254825061,17.683824099577954,0.0962674509349967,5.677339553833008,False,0,False,,,0,0,0,0,,,,,False,False,False,False,False,False,False,False,False,False,3.657543,3.2045426,3.6250608,3.7062118,3.306377,2.5541232,2.591571,2.1588452,2.6696591,2.4945827,2.517879,3.373685,3.9827232,3.566596,0.45300028,-0.420518,-0.08115121,0.39983493,0.7522538,-0.037447948,-0.5016692,1.1520886,0.7148058,1.0309793,-3.2954147,-4.326394,-1.0165205,0.09082844,7.0,7.0,,0.542145636570696,1.6645716752460409,4.412511562510734,7.344941763651018,8.138978283440157,True,,primer-cosmos-west-grizli-v7.4-f444w-clear_drc_sci.fits,0.0399999999999996,True,True,True
37,equal_burden,untested,0.9781697,0.0025431646,99.90224,primer-cosmos-west,11093,303094,150.05741255841144,2.160651167798082,284131,3,26.593388560128908,53.24363671674192,0.0842822873264358,2.3036603927612305,False,0,False,,,0,0,0,0,,,,,False,False,False,False,False,False,False,False,False,False,6.5681615,6.2981076,4.53466,4.0115275,3.251225,2.8389242,2.691631,-1.4227777,-0.72540295,2.9051983,3.623881,4.434127,4.8787494,4.6681137,0.2700534,1.763448,0.5231324,0.7603025,0.41230085,0.14729291,2.2865803,1.1726034,0.55959374,-6.515629,-2.6974022,3.8182266,-1.0742637,0.03308528,5.0,5.0,,0.6252904833675191,1.4897944628511903,4.619076624157627,6.881474778155401,7.387089276141646,True,,primer-cosmos-west-grizli-v7.4-f444w-clear_drc_sci.fits,0.0399999999999996,True,True,False
38,equal_burden,secure low-z,0.9777834,0.0033001476,99.90116,primer-cosmos-west,38542,360340,150.10489409795713,2.239024248679204,335094,1,24.56751040807549,127.58371200770809,0.0941234202264634,2.811148166656494,False,0,False,,,3,0,1,0,3.0,2.71201,G140M;G235H;G235M,cosmos-curti-v4_g140m-f100lp_1879_23412.spec.fits;cosmos-curti-v4_g235h-f170lp_1879_23412.spec.fits;cosmos-curti-v4_g235m-f170lp_1879_23412.spec.fits,False,False,False,False,False,False,False,False,False,False,3.2988203,3.254523,2.6718361,1.9320043,1.4951022,1.1264395,0.6674682,2.689764,2.862954,3.5877368,4.327367,5.1097946,5.3321624,5.5419354,0.04429719,0.5826869,0.7398319,0.43690214,0.36866263,0.4589713,1.3225188,0.80556476,0.8276339,-4.9645395,-4.182309,0.78223085,-1.0263023,0.08104666,7.0,7.0,,0.577687875347415,1.579659297826364,27.65743799867357,43.68932908866089,47.87609222720955,True,,primer-cosmos-west-grizli-v7.4-f444w-clear_drc_sci.fits,0.0399999999999996,True,True,False
39,equal_burden,untested,0.97753125,0.0027018243,99.89987,primer-cosmos-west,8363,300776,150.05469282939964,2.156991532206603,282010,1,25.8686345315294,94.0348775324646,0.0829461538685827,2.4351394176483154,False,0,False,,,0,0,0,0,,,,,False,False,False,False,False,False,False,False,False,False,5.4355187,6.4365582,4.442188,3.5924618,2.73266,2.2060275,1.9681712,0.7962095,-0.9085066,3.008486,3.9878721,4.757684,5.3022275,5.236841,-1.0010394,1.9943707,0.8497259,0.8598016,0.52663267,0.23785616,2.8440967,1.3864343,0.7644889,-7.2496285,-3.5771518,3.6724768,-1.0812037,0.02614522,5.0,5.0,,0.6113335020215817,1.5209257156837748,9.387844571218096,14.278214223207923,15.35633911796753,True,,primer-cosmos-west-grizli-v7.4-f444w-clear_drc_sci.fits,0.0399999999999996,True,True,False
40,equal_burden,untested,0.97736603,0.0029207133,99.89966,primer-uds-south,9685,43584,34.29940896832767,-5.30439848541944,41616,1,26.586746968320973,23.02620049637277,0.109753629921361,8.061873435974121,False,0,False,,,0,0,0,0,,,,,False,False,False,False,False,False,False,False,False,False,6.2025614,4.1121907,3.465122,3.975279,3.5508895,3.3557584,2.685011,-0.3431378,2.088343,2.848971,2.4643314,3.21321,3.4972668,3.830251,2.0903704,0.6470688,-0.5101572,0.42438972,0.19513111,0.67074746,0.13691156,0.61952084,0.8658785,-0.25991678,-4.790955,-4.5310383,-0.95958114,0.15111719,6.0,6.0,,0.4998329731537456,1.8267837833294929,3.818073866934575,6.974795423670209,7.638699469632945,True,,primer-uds-south-grizli-v7.2-f444w-clear_drc_sci.fits,0.0399999999999996,False,False,False
41,equal_burden,untested,0.977013,0.0029973683,99.89859,primer-uds-north,1052,76294,34.359117980415924,-5.210103076797338,72787,1,25.169457816493207,35.0220831266432,0.0850316181242145,3.5219919681549072,False,0,False,,,0,0,0,0,,,,,False,False,False,False,False,False,False,False,False,False,3.0378544,3.2370684,3.2952595,2.4783192,1.836569,1.7077447,1.2693299,2.389298,2.2518744,2.373871,3.3358788,4.16672,4.333151,4.2493296,-0.19921382,-0.058191076,0.8169403,0.6417502,0.12882426,0.43841472,0.75874925,0.77057445,0.567239,-2.233155,-2.840006,-0.606851,-1.0704195,0.03692941,7.0,7.0,,0.609862043068073,1.5077035470770408,17.44320161415504,26.29917694604152,28.60188105231534,True,,primer-uds-north-grizli-v7.2-f444w-clear_drc_sci.fits,0.0399999999999996,True,True,True
42,equal_burden,untested,0.9753885,0.0044061965,99.89602,gdn,41250,499315,189.23222023620067,62.2267582101809,466588,1,26.877125095034355,40.86022385161119,0.0861929570202224,5.138185977935791,False,0,False,,,0,0,0,0,,,,,False,False,False,False,False,False,False,False,False,False,4.5624137,4.3747287,4.7236085,4.3149323,3.341951,3.6690986,2.9741662,2.9201965,2.9426532,2.3269267,3.1935794,3.9552307,3.9455688,4.403454,0.18768488,-0.34887984,0.40867653,0.97298133,-0.32714766,0.6949324,0.05979669,0.6458337,0.36778477,-0.5726058,-2.317649,-1.7450432,-1.0645282,0.042820748,7.0,7.0,,0.6238977420118639,1.5130302761241252,3.682775651286128,5.572151060568655,5.902851386206967,True,,gdn-grizli-v7.4-f444w-clear_drc_sci.fits,0.0399999999999996,True,True,True
43,equal_burden,untested,0.97469634,0.003704645,99.89494,primer-cosmos-west,94026,359132,150.10385498033818,2.397886173268677,333999,1,26.944567374161547,18.044765862825628,0.1141192766779866,5.285484790802002,False,0,False,,,0,0,0,0,,,,,False,False,False,False,False,False,False,False,False,False,4.4426928,5.808048,5.1091304,4.509045,4.0521646,3.6937425,3.0412188,1.1304353,0.26316968,1.1341878,1.8662386,2.9360495,3.2119472,3.5867698,-1.3653553,0.6989175,0.6000853,0.45688036,0.3584222,0.6525237,1.2990029,0.81530255,1.0109459,-1.2530252,-5.3633184,-4.1102934,-0.94264096,0.16470797,6.0,4.0,,0.4664840159538804,1.8021179249553885,3.0951243242405098,5.5777790246792565,6.635006170386154,True,,primer-cosmos-west-grizli-v7.4-f444w-clear_drc_sci.fits,0.0399999999999996,False,False,False
44,equal_burden,untested,0.97441155,0.0047642575,99.894516,ceers-full,29242,626857,215.10797601828213,52.97617601964216,586985,1,27.182008073025763,12.338340752695627,0.0933890764090158,2.436466217041016,False,0,False,,,0,0,0,0,,,,,False,False,False,False,False,False,False,False,False,False,4.6492696,4.3753467,3.8427455,4.3676286,4.0841227,3.3965359,3.2768354,2.0478606,2.690848,2.8614433,2.5449498,3.0091646,3.8034058,3.207497,0.27392262,0.5326011,-0.52488285,0.28350604,0.68758667,0.11970043,0.0077182627,0.9710927,0.8072871,-1.0783308,-3.8220525,-2.7437217,-1.029704,0.06883776,7.0,7.0,,0.6219621348913682,1.4696786396875825,2.5760819755140787,3.786012653497232,4.141863034739272,True,,ceers-full-grizli-v7.4-f444w-clear_drc_sci.fits,0.0399999999999993,True,True,False
45,equal_burden,untested,0.9743485,0.0038285174,99.89409,gdn,36341,496363,189.2224744011733,62.21749894990227,463805,1,26.707080967751523,31.26122751769021,0.0912364114657121,5.16179895401001,False,0,False,,,0,0,0,0,,,,,False,False,False,False,False,False,False,False,False,False,4.0123625,4.049468,3.9729574,3.956987,3.155429,3.4636452,2.8049154,3.5261645,3.3449328,3.1464176,3.6240294,4.101122,4.002065,4.1357813,-0.03710585,0.07651079,0.015970545,0.8015579,-0.30821633,0.6587299,0.09248133,0.49334154,0.35051358,-0.19734898,-1.7040769,-1.5067278,-1.0398318,0.06751716,7.0,7.0,,0.5588322017833068,1.622959731784983,4.023399783853002,6.529815834065826,7.199656302936383,True,,gdn-grizli-v7.4-f444w-clear_drc_sci.fits,0.0399999999999996,True,True,True
46,equal_burden,untested,0.97402143,0.0059913397,99.89344,primer-uds-south,37294,74873,34.35610383699707,-5.258232856146237,71419,1,25.97901964679971,30.09929333176901,0.0959076015672202,6.306696891784668,False,0,False,,,0,0,0,0,,,,,False,False,False,False,False,False,False,False,False,False,3.2684066,2.4871302,2.725825,2.804786,2.5920665,1.6158121,2.0784519,2.735599,3.4875581,3.4611855,3.5789356,4.0854793,4.9495363,4.0979247,0.7812763,-0.23869482,-0.078960955,0.21271941,0.9762546,-0.46263996,-0.31765577,1.188974,0.5136146,0.27012444,-2.836241,-3.1063654,-1.018147,0.09255133,7.0,7.0,,0.5487326098452172,1.6682151533768492,7.356931820907743,12.272945145998634,13.40713434724234,True,,primer-uds-south-grizli-v7.2-f444w-clear_drc_sci.fits,0.0399999999999996,True,True,True
47,equal_burden,secure z>3 (V untested),0.97371936,0.00319262,99.892586,primer-uds-north,61896,130274,34.47431864485633,-5.118682382629522,124621,1,26.83288621377292,15.014629531940743,0.1022505997483802,7.155764579772949,False,0,False,,,1,0,0,1,3.0,7.073036,G395M,rubies-uds32-v4_g395m-f290lp_4233_984252.spec.fits,False,False,False,False,False,False,False,False,False,False,5.948894,3.6790526,3.8511894,4.0944247,3.9218686,3.6930273,2.930158,-0.20782197,2.4332352,2.4369414,2.4068625,2.822119,3.1142654,3.4032793,2.2698414,-0.1721368,-0.24323544,0.17255609,0.22884141,0.7628693,-0.41537225,0.4013975,0.9917107,0.37511653,-5.4534283,-5.8285446,-0.99033415,0.11701483,6.0,6.0,,0.4791848114151393,1.8978360048986909,2.995813012557414,5.685561799175474,6.251894762085868,True,,primer-uds-north-grizli-v7.2-f444w-clear_drc_sci.fits,0.0399999999999996,False,False,False
48,equal_burden,untested,0.9733537,0.0033336976,99.89237,primer-uds-north,69219,134473,34.48275601234495,-5.108217290121113,128630,2,24.622351099808817,85.73526012981937,0.0891322358981039,3.587401390075684,False,0,False,,,0,0,0,0,,,,,False,False,False,False,False,False,False,False,False,False,4.012427,4.207982,3.3548105,2.200182,1.3236004,1.2603084,0.7223044,1.8651036,1.6851554,2.6397176,3.848459,4.8967943,5.0411515,5.1444454,-0.1955553,0.8531715,1.1546285,0.87658167,0.06329206,0.5380039,2.0077999,0.9398737,0.601296,-6.959451,-3.1586401,3.800811,-1.0499651,0.05738377,7.0,6.0,,0.6108749901119889,1.5254200679091392,26.895530400129584,41.02698180941799,44.027879411463466,True,,primer-uds-north-grizli-v7.2-f444w-clear_drc_sci.fits,0.0399999999999996,True,True,True
49,equal_burden,untested,0.9732103,0.004878209,99.89216,ceers-full,14356,574501,214.8645536384853,52.77423618832481,537426,1,26.26902862617704,27.762253449912247,0.0849557951201597,3.4938910007476807,False,0,False,,,0,0,0,0,,,,,False,False,False,False,False,False,False,False,False,False,5.34823,5.4783025,5.251027,3.7371716,2.9954462,2.7781081,2.3680606,1.092269,1.1964908,1.3768964,3.1733687,3.8718636,4.0634775,4.0171485,-0.13007267,0.2272754,1.5138553,0.74172544,0.21733814,0.41004735,1.7411307,0.95906365,0.6273855,-5.8625197,-3.1639564,2.698563,-1.070807,0.027734688,7.0,4.0,,0.6185390409717679,1.5229576143889771,6.473048356172204,9.85817828234051,10.465060291105626,True,,ceers-full-grizli-v7.4-f444w-clear_drc_sci.fits,0.0399999999999993,True,True,True
50,equal_burden,untested,0.9728984,0.0041501247,99.89152,primer-cosmos-west,108587,372754,150.11582040195398,2.4637108713139506,346247,1,24.297222598705904,11.644881587774604,0.0,0.2141525000333786,True,12,False,,,0,0,0,0,,,,,False,False,False,False,False,False,False,False,False,False,-0.63462365,-1.1716442,0.38786787,10.81682,1.1995417,0.27675602,0.39719695,3.4498832,4.432753,2.9722776,-2.4824686,2.4251125,3.70647,3.1498525,0.5370205,-1.559512,-10.428952,9.617278,0.92278564,-0.12044092,-11.988464,10.540064,0.8023447,17.408571,-1.643624,-19.052195,-2.39794,-1.290591,6.0,6.0,,0.1941913107484142,3.3936245906340115,6.853384829889047,23.25781528778956,35.29192322496856,True,,primer-cosmos-west-grizli-v7.4-f444w-clear_drc_sci.fits,0.0399999999999996,False,False,False
51,equal_burden,untested,0.972897,0.005511021,99.8913,primer-cosmos-east,53528,442053,150.19713511186993,2.3641546982449886,411966,1,26.88454243262293,14.929155540174293,0.0743300727245152,0.8001178503036499,True,6,False,,,0,0,0,0,,,,,False,False,False,False,False,False,False,False,False,False,6.9762654,4.491011,5.010108,7.3222046,7.3745255,4.3778625,2.9815428,-1.1588503,1.5348068,1.2187264,-1.2132182,-1.1228621,2.0061994,3.397583,2.4852543,-0.51909655,-2.3120966,-0.05232119,2.996663,1.3963196,-2.8311932,2.944342,4.392983,2.7174947,-18.999893,-21.717388,-1.1288354,-0.019815039,4.0,2.0,,0.6311753075233487,1.473530951802888,4.105010014278052,6.048859313499524,6.503755716277284,True,,primer-cosmos-east-grizli-v7.4-f444w-clear_drc_sci.fits,0.0399999999999996,True,True,False
52,equal_burden,untested,0.972811,0.004938025,99.89108,primer-uds-south,4937,139126,34.49205458521418,-5.31421886849653,133124,1,27.210372866617988,11.836272362874434,0.0990482885091676,6.619633197784424,False,0,False,,,0,0,0,0,,,,,False,False,False,False,False,False,False,False,False,False,5.364546,4.169536,4.7380157,4.7473655,4.214275,3.432755,3.3049247,0.3280963,2.0321345,1.5878568,1.7105758,2.518999,3.1334708,3.1660957,1.1950098,-0.56847936,-0.009350057,0.53309053,0.7815201,0.12783012,-0.5778294,1.3146106,0.9093503,2.018528,-3.756522,-5.77505,-1.004153,0.10654527,6.0,4.0,,0.5856332806420839,1.4970073254028795,2.4348625757209565,3.6450071122035954,4.157657455961846,True,,primer-uds-south-grizli-v7.2-f444w-clear_drc_sci.fits,0.0399999999999996,True,True,True
53,equal_burden,untested,0.9727979,0.0068179397,99.89087,primer-cosmos-east,52995,416294,150.1604542979413,2.362197978924069,387318,1,26.543088489878613,35.48081597001412,0.0918867043174516,5.784018516540527,False,0,False,,,0,0,0,0,,,,,False,False,False,False,False,False,False,False,False,False,2.9283845,2.7916858,3.164946,2.9707956,2.9282029,1.9719465,2.6414862,3.3435688,3.713443,3.488155,4.1855106,4.2278705,5.058357,4.2623377,0.1366987,-0.37326017,0.19415037,0.042592768,0.95625633,-0.6695397,-0.1791098,0.9988491,0.2867166,0.3607318,-1.6072487,-1.9679804,-1.0367473,0.072273076,7.0,7.0,,0.545732382296032,1.6948440331167969,4.393179138835217,7.445753449868055,8.050061314580635,True,,primer-cosmos-east-grizli-v7.4-f444w-clear_drc_sci.fits,0.0399999999999996,True,True,True
54,equal_burden,untested,0.97238135,0.005437845,99.8898,gds-sw,37204,154163,53.02367682767698,-27.862368674881004,147443,1,27.00467311513288,32.472468384305785,0.0880154151591993,6.180553436279297,False,0,False,,,0,0,0,0,,,,,False,False,False,False,False,False,False,False,False,False,4.1500154,3.6913202,3.7719603,4.036848,3.7175589,2.9405131,3.1009345,2.5952842,3.3210588,3.3128784,3.2404466,3.8562932,4.598131,4.1737766,0.45869517,-0.08063998,-0.26488763,0.31928912,0.77704555,-0.16042125,-0.34552762,1.0963347,0.6166243,0.5444503,-2.3976123,-2.9420626,-1.0554413,0.051907707,7.0,7.0,,0.5545440820368104,1.649719267408988,3.0921321889241526,5.101150049443704,5.5759898790496845,True,,gds-sw-grizli-v7.0-f444w-clear_drc_sci.fits,0.0399999999999996,True,True,True
55,equal_burden,untested,0.97235334,0.006327038,99.88959,primer-uds-north,43387,127072,34.46732389874519,-5.144923042418159,121543,1,25.626125626030674,36.65728375894993,0.0980659564940469,2.279502868652344,False,0,False,,,0,0,0,0,,,,,False,False,False,False,False,False,False,False,False,False,2.8657665,2.7659216,1.972104,2.565411,2.471714,1.9619528,1.7258292,2.6867204,2.7338219,3.6316369,3.2991965,3.9627054,4.4675446,4.2949452,0.099844776,0.7938177,-0.5933071,0.09369708,0.50976115,0.23612364,0.2005106,0.6034582,0.7458848,-0.63680154,-3.5711575,-2.934356,-1.0084817,0.09886724,7.0,7.0,,0.5736230168294407,1.5866637911653874,10.574095326226056,16.777534178454037,18.43387558726592,True,,primer-uds-north-grizli-v7.2-f444w-clear_drc_sci.fits,0.0399999999999996,True,True,False
56,equal_burden,untested,0.97217554,0.0042740903,99.88915,primer-cosmos-east,23532,403633,150.14653758269134,2.2573255855768406,375311,1,25.545198882565863,76.33474094588566,0.0833408818135202,1.5218738317489624,False,0,False,,,0,0,0,0,,,,,False,False,False,False,False,False,False,False,False,False,3.5113761,2.2004747,2.4150598,2.7918608,2.2671218,2.2709851,1.6449435,2.7250764,4.250964,4.182799,3.9889786,4.674689,4.7059827,5.0283184,1.3109014,-0.21458526,-0.376801,0.524739,-0.0038632706,0.6260417,-0.59138626,0.52087575,0.62217844,1.7697144,-3.3659334,-5.135648,-1.0791419,0.029878495,7.0,7.0,,0.6295305226218392,1.4984274370679582,12.820873380324157,19.211148440251936,20.365769283002173,True,,primer-cosmos-east-grizli-v7.4-f444w-clear_drc_sci.fits,0.0399999999999996,True,True,False
57,equal_burden,untested,0.9715121,0.005435967,99.8883,primer-uds-north,46416,12608,34.232229096999795,-5.140504091929434,11924,1,26.014622670260685,25.14877409295116,0.0907582741635914,1.6055704355239868,False,0,False,,,0,0,0,0,,,,,False,False,False,False,False,False,False,False,False,False,3.8235168,3.8490138,3.7517536,3.3265462,2.6754282,2.5730667,2.1140165,1.97004,1.9514464,2.237547,2.867134,3.784251,3.926703,3.9183514,-0.02549689,0.097260356,0.42520726,0.651118,0.102361545,0.45905012,0.5224676,0.75347954,0.5614117,-1.7659434,-2.8485515,-1.0826081,-1.0421138,0.0652352,7.0,7.0,,0.5728738263237039,1.6285821338019415,7.590876777134784,12.362366299133772,13.250521193903417,True,,primer-uds-north-grizli-v7.2-f444w-clear_drc_sci.fits,0.0399999999999996,True,True,False
58,equal_burden,untested,0.9714541,0.00461078,99.888084,primer-cosmos-west,85794,356749,150.1019392378639,2.36485547100478,331900,1,26.983553118504886,16.55731707158587,0.088823588841382,5.468484878540039,False,0,False,,,0,0,0,0,,,,,False,False,False,False,False,False,False,False,False,False,4.9132276,4.431628,4.3106136,4.1067553,3.5430522,2.8241959,3.0799565,1.3064215,1.9337246,2.1333828,2.471671,3.5132287,4.164215,3.500886,0.4815994,0.12101429,0.2038587,0.5637028,0.71885645,-0.25576067,0.32487297,1.2825593,0.46309578,-1.8849652,-2.5525453,-0.66758025,-1.0514717,0.055877283,7.0,6.0,,0.6155410858636072,1.577517672548932,3.139864782663923,4.95319218406635,5.100983272722855,True,,primer-cosmos-west-grizli-v7.4-f444w-clear_drc_sci.fits,0.0399999999999996,True,True,True
59,equal_burden,untested,0.9713273,0.006647142,99.88744,ceers-full,77189,572886,214.8582607487604,52.90554171540034,535898,1,24.530572665897783,129.61711528522326,0.1157693021257682,5.473072052001953,False,0,False,,,0,0,0,0,,,,,False,False,False,False,False,False,False,False,False,False,1.8539251,1.6190368,1.6886235,1.5599983,1.4783101,0.6244321,0.6305333,4.6786656,4.8722663,4.672266,5.0121894,5.2213817,5.905312,5.557747,0.23488837,-0.06958679,0.12862532,0.08168812,0.853878,-0.0061011612,0.059038524,0.9355661,0.84777683,-0.65255314,-4.0888257,-3.4362726,-0.9364066,0.1621351,7.0,7.0,,0.5132625285420698,1.7533078939611817,24.11177606801578,42.275367317476366,46.97747200931588,True,,ceers-full-grizli-v7.4-f444w-clear_drc_sci.fits,0.0399999999999993,True,False,False
60,equal_burden,untested,0.97068995,0.004035216,99.886154,primer-uds-south,36315,90373,34.38906345918434,-5.259906088217185,86298,1,25.557446792858293,70.61444745764983,0.093331355825029,5.132378578186035,False,0,False,,,0,0,0,0,,,,,False,False,False,False,False,False,False,False,False,False,2.9310317,2.9505622,2.909567,2.972887,1.8468715,2.1442685,1.6571856,3.1588335,3.493992,3.6853886,3.7642388,5.029933,4.845122,4.9504323,-0.01953055,0.04099511,-0.06331996,1.1260157,-0.29739696,0.48708287,-0.022324847,0.8286187,0.18968591,0.10616746,-0.7895512,-0.89571863,-1.0299724,0.08072587,7.0,7.0,,0.5580979376704177,1.6504382401610114,11.270770456367556,18.60171055726599,20.19496883183872,True,,primer-uds-south-grizli-v7.2-f444w-clear_drc_sci.fits,0.0399999999999996,True,True,True
61,equal_burden,secure z>3 (V untested),0.97062916,0.0070663434,99.88573,ceers-full,51887,576471,214.87199850893109,52.85930972739836,539298,1,27.18040213268586,33.98971036109602,0.1056758360700153,5.321752071380615,False,0,False,,,1,0,0,1,3.0,5.272795,G235M,valentino-egs-v4_g235m-f170lp_3567_47704.spec.fits,False,False,False,False,False,False,False,False,False,False,4.422425,4.777546,4.684556,4.617086,4.1848207,3.8554173,3.2752445,2.9606113,2.777036,2.845433,3.084435,3.8093107,4.1289997,4.2194214,-0.3551209,0.092990056,0.06747001,0.43226516,0.32940343,0.5801726,0.16046007,0.7616686,0.90957606,0.4087894,-4.7296433,-5.138433,-0.9760243,0.12251737,7.0,7.0,,0.3912583968179073,2.0106917770488333,2.030969638810955,4.083653952193027,5.190865308780002,True,,ceers-full-grizli-v7.4-f444w-clear_drc_sci.fits,0.0399999999999993,False,False,False
62,equal_burden,untested,0.96946365,0.008325994,99.88444,primer-uds-north,37282,145345,34.50469923842044,-5.153132815241518,139097,1,26.925177680673208,13.931754030018883,0.079529471264637,0.9371715188026428,True,7,False,,,0,0,0,0,,,,,False,False,False,False,False,False,False,False,False,False,4.449783,5.349651,6.9033656,6.835847,7.541676,5.019678,3.021946,1.7362216,0.8417566,-1.2430466,-1.0045379,-1.3740438,1.886984,3.3286035,-0.89986783,-1.5537146,0.06751842,-0.7058292,2.5219982,1.9977318,-1.4861963,1.816169,4.51973,7.9269586,-22.167662,-30.09462,-1.0994719,0.007877061,3.0,2.0,,0.6471629496450907,1.4889688418840072,3.801312769609128,5.660036272203791,5.873810872043584,True,,primer-uds-north-grizli-v7.2-f444w-clear_drc_sci.fits,0.0399999999999996,True,True,False
63,equal_burden,untested,0.96914244,0.0058889887,99.884224,primer-uds-north,70278,128688,34.47092599205968,-5.106758961388486,123090,1,26.43606474976352,22.73064743468271,0.0883772820478242,3.622483253479004,False,0,False,,,0,0,0,0,,,,,False,False,False,False,False,False,False,False,False,False,3.8570228,4.1316276,4.0183268,3.528509,2.81176,2.9466124,2.5347488,2.4367683,2.1604848,2.4421506,3.097028,3.8913653,3.824911,3.817345,-0.2746048,0.11330076,0.48981786,0.71674895,-0.13485228,0.4118636,0.60311866,0.58189666,0.2770113,-1.3189851,-1.255937,0.06304802,-1.0536593,0.053689606,7.0,7.0,,0.5854577338452873,1.5751562595905195,5.429573903924756,8.552427321676415,9.27406640999224,True,,primer-uds-north-grizli-v7.2-f444w-clear_drc_sci.fits,0.0399999999999996,True,True,True
64,equal_burden,untested,0.9688807,0.00541729,99.883156,primer-uds-south,38388,22834,34.255568304593545,-5.256575780395725,21738,1,25.690989881392404,35.829445346017096,0.1147545452007931,4.86546516418457,False,0,False,,,0,0,0,0,,,,,False,False,False,False,False,False,False,False,False,False,3.4876308,3.1996799,3.392204,3.0789125,2.3217614,1.8033977,1.7906559,2.516307,2.7982683,2.8024929,3.2833016,4.222951,4.7103333,4.272112,0.2879509,-0.19252403,0.31329146,0.75715107,0.51836383,0.012741766,0.120767444,1.2755148,0.5311056,-0.96094996,-2.6702163,-1.7092664,-0.94023013,0.1704682,7.0,7.0,,0.4826517101459473,1.8693766148430508,8.045608484081596,15.040272352324983,16.66959489618034,True,,primer-uds-south-grizli-v7.2-f444w-clear_drc_sci.fits,0.0399999999999996,False,False,False
65,equal_burden,untested,0.9675932,0.0059846314,99.881226,primer-uds-south,48209,30845,34.27509602611143,-5.241288935123387,29429,1,26.917082913940625,11.060039447293883,0.0960344943950481,2.574625253677368,False,0,False,,,0,0,0,0,,,,,False,False,False,False,False,False,False,False,False,False,4.3388815,4.5089636,4.2433906,3.7908223,3.9344864,3.1146605,3.0138988,1.5458697,1.4459932,1.8392528,2.4721525,2.665913,3.4620547,3.0985231,-0.17008197,0.26557314,0.45256808,-0.14366393,0.8198258,0.100761525,0.71814126,0.67616194,0.92058736,-2.0569975,-3.8749936,-1.8179959,-1.0175728,0.09312555,7.0,5.0,,0.5698896040251038,1.6018756978944253,3.2145136973242745,5.149251372292512,5.640590168026076,True,,primer-uds-south-grizli-v7.2-f444w-clear_drc_sci.fits,0.0399999999999996,True,True,False
66,equal_burden,untested,0.96730083,0.004776323,99.88079,primer-cosmos-west,16231,309859,150.0650601431974,2.1703281665083245,290410,1,25.672495652192016,106.3640104349152,0.0817932591780578,2.618987798690796,False,0,False,,,0,0,0,0,,,,,False,False,False,False,False,False,False,False,False,False,4.3213296,4.061898,3.6342351,2.65431,2.9567738,2.2349932,1.7721728,2.243438,2.9007928,3.7682827,4.7916083,4.6299214,5.301306,5.3600364,0.25943163,0.42766312,0.97992516,-0.3024639,0.7217806,0.46282044,1.4075882,0.4193167,1.1846011,-6.6007233,-5.6233845,0.97733897,-1.0872825,0.02006648,7.0,7.0,,0.6274450701592579,1.489623292361168,11.532505066715125,17.179088166652033,18.380103080239277,True,,primer-cosmos-west-grizli-v7.4-f444w-clear_drc_sci.fits,0.0399999999999996,True,True,False
67,equal_burden,untested,0.96690345,0.008474709,99.88015,primer-uds-north,70708,86375,34.38074900094328,-5.106218396213569,82462,1,25.92102611666861,24.53263966029536,0.1135341812790667,5.29209566116333,False,0,False,,,1,0,0,0,,,G395M,rubies-uds31-v4_g395m-f290lp_4233_170708.spec.fits,False,False,False,False,False,False,False,False,False,False,3.4289215,3.8825924,3.2602055,3.423001,2.7519908,2.4779196,2.020516,2.401762,2.0142035,2.7461565,2.7784042,3.583488,3.7089577,3.8935668,-0.45367107,0.6223871,-0.16279562,0.67101026,0.27407125,0.45740357,0.4595915,0.94508153,0.7314748,-0.30096424,-3.7378762,-3.4369118,-0.9448734,0.1624756,7.0,7.0,,0.482140906354188,1.7960003829813598,6.30459866875926,11.323061623635402,13.076257553902316,True,,primer-uds-north-grizli-v7.2-f444w-clear_drc_sci.fits,0.0399999999999996,False,False,False
68,equal_burden,untested,0.96672684,0.0068183276,99.87972,primer-uds-south,71342,146939,34.50845331546876,-5.199434284348946,140597,1,25.052990207485685,38.61030253302879,0.1147519043185018,6.159939289093018,False,0,False,,,0,0,0,0,,,,,False,False,False,False,False,False,False,False,False,False,3.9308543,5.665815,3.1609423,2.9541922,1.8119758,1.2608615,1.152887,1.4840751,0.21789037,2.4095573,2.7773848,4.1020274,4.6669636,4.346834,-1.7349604,2.5048726,0.20675026,1.1422162,0.5511144,0.10797449,2.7116227,1.6933305,0.65908885,-2.6881876,-3.0904107,-0.4022232,-0.9402401,0.1704582,6.0,5.0,,0.494919607840584,1.801720370558084,14.25600591051848,25.68533625177759,28.804690064149582,True,,primer-uds-south-grizli-v7.2-f444w-clear_drc_sci.fits,0.0399999999999996,False,False,False
69,equal_burden,untested,0.96635807,0.004236488,99.87886,gdn,71181,537246,189.3512403000489,62.28060358905779,502110,1,26.06583695503211,94.6418623092874,0.129549158448203,0.7357929348945618,False,0,False,,,0,0,0,0,,,,,False,False,False,False,False,False,False,False,False,False,3.4416003,3.1998928,3.2475357,3.321104,3.0643404,2.6588593,2.165171,3.588996,4.2650847,4.0798573,3.7292655,4.2856236,4.8930664,5.243275,0.24170743,-0.047642797,-0.07356837,0.2567636,0.40548128,0.4936882,-0.121211156,0.66224486,0.8991695,-0.053006046,-4.7389026,-4.6858964,-0.8875654,0.21978356,7.0,7.0,,0.4180311129839035,2.1116099918339666,4.820181967072148,10.178344404127452,11.5306775437496,True,,gdn-grizli-v7.4-f444w-clear_drc_sci.fits,0.0399999999999996,False,False,False
70,equal_burden,untested,0.96627903,0.007956939,99.87843,gds,62239,252219,53.20569457940504,-27.753093598293194,238210,1,26.88250748318112,50.66193218160492,0.094518843864595,6.793665885925293,False,0,False,,,0,0,0,0,,,,,False,False,False,False,False,False,False,False,False,False,4.251331,3.072417,3.1949215,3.3081524,3.287744,2.3264213,2.9795191,3.2275584,4.4820476,4.342893,4.1459,4.6487145,5.1924653,4.618419,1.1789137,-0.12250461,-0.11323094,0.0204085,0.9613228,-0.6530979,-0.23573555,0.9817313,0.3082249,-0.044768307,-1.9934131,-1.9486448,-1.0244817,0.08286737,7.0,7.0,,0.5631540785266215,1.633484921446955,3.361380360900985,5.490764134779683,5.968846695908438,True,,gds-grizli-v7.2-f444w-clear_drc_sci.fits,0.0399999999999996,True,True,True
71,equal_burden,untested,0.96600574,0.0054330686,99.87822,primer-cosmos-west,61801,325956,150.07852407715853,2.290446272803957,304696,1,26.4236301957453,30.848428141589327,0.0946189825872456,2.4912478923797607,False,0,False,,,0,0,0,0,,,,,False,False,False,False,False,False,False,False,False,False,6.8766885,6.124556,4.306803,3.6579628,3.0178375,2.3760366,2.5223439,-1.1750183,-0.17170101,2.2626617,2.9577296,3.9650435,4.493904,4.1224957,0.7521325,1.8177526,0.6488405,0.6401254,0.6418007,-0.14630714,2.466593,1.2819262,0.4954936,-8.229037,-2.2816875,5.9473495,-1.0240217,0.08332724,5.0,5.0,,0.6043676990163134,1.5467912979898095,5.165718134424455,7.9902878581959005,8.547310094222986,True,,primer-cosmos-west-grizli-v7.4-f444w-clear_drc_sci.fits,0.0399999999999996,True,True,False
72,equal_burden,untested,0.96523285,0.0068923905,99.877365,ceers-full,59200,550686,214.71890114322449,52.76438965553356,514823,1,25.55511729500554,53.46379461343567,0.1128261369549282,4.950940608978272,False,0,False,,,0,0,0,0,,,,,False,False,False,False,False,False,False,False,False,False,4.5731864,4.2918596,3.8708684,3.3510969,2.2431772,1.9553255,1.6548572,2.0369484,2.5082371,2.7224934,3.4181037,4.6484976,4.8955083,4.6722393,0.28132692,0.42099106,0.5197716,1.1079196,0.28785172,0.3004683,0.94076264,1.3957714,0.58832,-3.7951665,-2.9289238,0.8662426,-0.9475903,0.1509514,7.0,7.0,,0.4485615046217745,1.9747538820682524,8.684570907771112,17.14989011421801,19.360936723925768,True,,ceers-full-grizli-v7.4-f444w-clear_drc_sci.fits,0.0399999999999993,False,False,False
73,equal_burden,untested,0.9649341,0.0043316674,99.87629,primer-cosmos-west,35161,316592,150.07115830931937,2.230793549533556,296407,1,26.20192167619,34.819878172185284,0.0914193417660932,3.621638536453247,False,0,False,,,0,0,0,0,,,,,False,False,False,False,False,False,False,False,False,False,4.540119,4.0869503,4.482934,3.378153,2.5859203,2.6115754,2.3010662,1.3130648,2.1898744,1.9594808,3.072744,4.2514,4.250833,4.2435417,0.45316908,-0.3959836,1.1047808,0.7922326,-0.02565489,0.3105092,0.7087972,0.76657766,0.2848543,-3.622405,-1.377121,2.245284,-1.0389619,0.068387054,7.0,6.0,,0.5887254102571554,1.5725652324298136,6.419383137646859,10.09489873590966,10.903866260576168,True,,primer-cosmos-west-grizli-v7.4-f444w-clear_drc_sci.fits,0.0399999999999996,True,True,True
74,equal_burden,untested,0.96449655,0.008267716,99.87565,primer-uds-south,43793,70783,34.34783363480596,-5.248313407570916,67523,1,26.84814215520777,14.615918866724051,0.0925809198483925,6.578246116638184,False,0,False,,,0,0,0,0,,,,,False,False,False,False,False,False,False,False,False,False,5.182245,3.6057208,4.3200064,3.6633978,3.3741238,2.3055198,2.9453363,0.9146283,2.5850885,2.0863657,2.9292467,3.4613137,4.4555163,3.3764267,1.5765243,-0.71428585,0.6566087,0.28927404,1.068604,-0.63981664,-0.05767712,1.3578781,0.42878738,-0.77861476,-3.1399016,-2.361287,-1.0334785,0.07721979,7.0,6.0,,0.5644994904894749,1.643432821403067,3.393592759730964,5.577141723817677,6.011684362705793,True,,primer-uds-south-grizli-v7.2-f444w-clear_drc_sci.fits,0.0399999999999996,True,True,True
75,equal_burden,untested,0.9642554,0.0057135164,99.87522,gdn,38879,504756,189.2487095214217,62.22229742843909,471657,2,26.77067516676589,57.056120660538426,0.0955305205436222,1.598494291305542,False,0,False,,,0,0,0,0,,,,,False,False,False,False,False,False,False,False,False,False,4.4210587,4.283665,4.23359,3.8742595,3.2370028,2.9661243,2.8682413,3.1026917,3.1781938,3.0242808,3.7238376,4.3937325,4.7548466,4.7372594,0.13739355,0.050075244,0.3593305,0.6372566,0.2708785,0.09788308,0.40940574,0.9081352,0.36876157,-1.624681,-1.7518653,-0.12718418,-1.0198579,0.08749111,7.0,7.0,,0.5677772369767571,1.6325918380716222,3.7262830321802607,6.08349926468227,6.562931356708832,True,,gdn-grizli-v7.4-f444w-clear_drc_sci.fits,0.0399999999999996,True,True,False
76,equal_burden,secure z>3 (V untested),0.96326125,0.0068178293,99.874146,primer-uds-north,50969,95201,34.39889778157658,-5.13396375177312,90954,1,26.60059660738844,16.98589645999622,0.1256642806841346,8.009771347045898,False,0,False,,,1,0,0,1,3.0,7.88689,G395M,excels-uds01-v4_g395m-f290lp_3543_119809.spec.fits,False,False,False,False,False,False,False,False,False,False,4.52137,4.200263,3.9536502,3.9807637,3.5047832,3.3381853,2.6988158,1.5934459,1.9285853,2.3347135,2.4970133,3.1334536,3.3554232,3.526396,0.32110706,0.24661289,-0.027113602,0.47598052,0.16659795,0.63936955,0.21949929,0.6425785,0.80596745,-1.2456977,-4.3126636,-3.0669656,-0.9007881,0.20656082,7.0,6.0,,0.3757602669531694,2.313821436171866,2.533335490785658,5.86168596359483,6.741892939684826,True,,primer-uds-north-grizli-v7.2-f444w-clear_drc_sci.fits,0.0399999999999996,False,False,False
77,equal_burden,untested,0.963063,0.0050744596,99.87393,primer-cosmos-west,11180,317856,150.0722024561843,2.160749901840963,297552,1,26.656648618691403,45.808173763125495,0.1164900350277307,4.84849739074707,False,0,False,,,0,0,0,0,,,,,False,False,False,False,False,False,False,False,False,False,4.1706915,4.520855,5.0265803,4.9722815,3.3109064,2.8773096,2.7546747,2.4003417,2.4174929,2.3504982,2.6133995,4.1875925,4.7558255,4.517729,-0.3501633,-0.5057256,0.054299083,1.661375,0.43359676,0.12263503,-0.45142654,2.0949717,0.5562318,2.3174713,-2.5839438,-4.901415,-0.93371123,0.17363775,7.0,7.0,,0.3919004563843846,2.2739133105728264,2.861664648235122,6.507177334017548,7.3020191776157,True,,primer-cosmos-west-grizli-v7.4-f444w-clear_drc_sci.fits,0.0399999999999996,False,False,False
78,equal_burden,untested,0.96282613,0.009420118,99.87372,ceers-full,64511,573097,214.85907429224795,52.87660797203007,536095,1,24.12577056588105,242.50541264740653,0.131098685487629,0.0799360200762748,False,0,False,,,0,0,0,0,,,,,False,False,False,False,False,False,False,False,False,False,2.6315088,2.232318,1.9226924,1.799318,1.1194472,0.27845868,0.22575186,3.8186471,4.462033,4.7263365,5.167034,5.6348867,6.252622,6.1841755,0.39919087,0.30962563,0.12337439,0.6798707,0.8409886,0.05270682,0.43300003,1.5208594,0.8936954,-1.9286488,-4.5357647,-2.6071157,-0.88240165,0.21614002,7.0,7.0,,0.478939838982939,1.8852809034252132,29.78038823036275,56.14439722729188,62.17981008554938,True,,ceers-full-grizli-v7.4-f444w-clear_drc_sci.fits,0.0399999999999993,False,False,False
79,equal_burden,untested,0.96272326,0.0062961113,99.873505,primer-uds-north,82541,113511,34.43696805422405,-5.087556613418794,108527,1,25.88249111333243,16.113243523202275,0.1233642906920978,7.119753360748291,False,0,False,,,0,0,0,0,,,,,False,False,False,False,False,False,False,False,False,False,5.119587,3.0394857,3.0667155,3.2057784,2.8358743,2.5672185,1.9820158,0.5149608,2.344169,2.5052135,2.5094836,3.0552378,3.3896298,3.47375,2.0801013,-0.02722965,-0.13906302,0.36990404,0.2686558,0.5852027,-0.16629267,0.6385598,0.85385853,0.24337699,-4.515043,-4.75842,-0.90881056,0.19853844,6.0,6.0,,0.4496722347622469,1.9390033174599492,6.122315177944032,11.87118944056888,13.615061604106057,True,,primer-uds-north-grizli-v7.2-f444w-clear_drc_sci.fits,0.0399999999999996,False,False,False
80,equal_burden,untested,0.9623139,0.007837969,99.87286,primer-uds-north,16334,120945,34.453802060401465,-5.181931352459606,115692,1,24.705159543478764,57.45256572362172,0.1031686518843398,5.343303680419922,False,0,False,,,0,0,0,0,,,,,False,False,False,False,False,False,False,False,False,False,2.6574645,2.4694765,2.0853026,1.9092486,1.4763321,1.1566402,0.80510515,2.7606163,2.9857023,3.5055113,3.8706133,4.4374785,4.783869,4.7441826,0.18798798,0.38417375,0.17605402,0.43291652,0.319692,0.35153496,0.56022775,0.7526085,0.6712269,-2.1369581,-3.3858364,-1.2488782,-0.9864522,0.12089672,7.0,7.0,,0.5002879197358614,1.794112192553838,21.84515646154471,39.192661555903626,43.665168795357616,True,,primer-uds-north-grizli-v7.2-f444w-clear_drc_sci.fits,0.0399999999999996,True,False,False
81,equal_burden,untested,0.9622635,0.007557831,99.87265,ceers-full,50569,598258,214.95161124337173,52.91344907499011,559916,1,27.136846705797176,27.21279906943716,0.0787248345673813,0.9334849715232848,True,5,False,,,0,0,0,0,,,,,False,False,False,False,False,False,False,False,False,False,5.3267403,4.8973165,5.7763934,5.4984617,6.5013304,4.9212933,3.2320843,1.5104694,2.43285,0.7844481,1.8087647,-0.044340964,2.8105302,3.997172,0.4294238,-0.8790769,0.27793184,-1.0028688,1.5800371,1.689209,-0.6011451,0.57716835,3.269246,1.331979,-17.245726,-18.577705,-1.1038883,-0.0053465646,5.0,3.0,,0.6411893602837107,1.4683021903630051,3.0212338578221853,4.436084291039187,4.711921383856655,True,,ceers-full-grizli-v7.4-f444w-clear_drc_sci.fits,0.0399999999999993,True,True,False
82,equal_burden,untested,0.9616806,0.008809743,99.872,gdn,89395,522174,189.302323041649,62.32241076845129,487939,1,27.079743398750395,27.440035114482907,0.1042665218274343,7.098171234130859,False,0,False,,,0,0,0,0,,,,,False,False,False,False,False,False,False,False,False,False,5.2978373,4.0322413,3.9179115,4.061433,4.1553297,3.5788302,3.1754537,1.4448129,3.025025,3.1969588,3.109942,3.4136825,3.7801812,4.005482,1.2655959,0.11432987,-0.14352119,-0.093896806,0.57649934,0.4033767,-0.029191319,0.48260254,0.97987604,-1.1545167,-4.7858996,-3.6313827,-0.9818551,0.12549385,7.0,6.0,,0.5332720992291479,1.7177781935306202,2.48472025775696,4.268198275798688,4.659385445720219,True,,gdn-grizli-v7.4-f444w-clear_drc_sci.fits,0.0399999999999996,True,False,False
83,equal_burden,untested,0.961617,0.008211977,99.871574,primer-uds-north,55802,67054,34.34024350946062,-5.127328449836279,63948,1,27.08451501235831,14.067102712364466,0.0845656574633435,6.504210472106934,False,0,False,,,0,0,0,0,,,,,False,False,False,False,False,False,False,False,False,False,4.8166194,3.8797858,4.00071,3.8565557,3.6341178,2.6037543,3.1801875,1.5070186,2.4535067,2.514627,2.8441591,3.2664149,4.243971,3.338247,0.93683356,-0.12092405,0.14415412,0.22243787,1.0303637,-0.57643336,0.023230067,1.2528015,0.45393032,-1.147406,-2.2394993,-1.0920932,-1.072806,0.034542996,7.0,6.0,,0.5236078547279842,1.7710986104830446,2.555909915577989,4.526768500000013,4.881343724123068,True,,primer-uds-north-grizli-v7.2-f444w-clear_drc_sci.fits,0.0399999999999996,True,False,False
84,equal_burden,untested,0.9609952,0.00711714,99.87115,gdn,74877,474717,189.1257530027301,62.28740274656907,443330,1,25.80583428377104,51.25443295788052,0.1078811165474859,4.57820463180542,False,0,False,,,0,0,0,0,,,,,False,False,False,False,False,False,False,False,False,False,3.633887,3.0748885,3.3960056,3.01251,2.1125722,1.6051695,1.9054216,2.7076888,3.655547,3.048201,3.5783749,4.5852427,5.1289935,4.6300445,0.5589986,-0.32111713,0.38349554,0.89993787,0.5074027,-0.30025208,0.062378388,1.4073406,0.20715065,-0.71834904,-1.0807757,-0.36242664,-0.96705455,0.1402944,7.0,7.0,,0.5054447300881751,1.770734871959562,7.458937177265918,13.207800167540384,14.75717666690224,True,,gdn-grizli-v7.4-f444w-clear_drc_sci.fits,0.0399999999999996,True,False,False
85,equal_burden,secure z>3 (V untested),0.96038973,0.0099244,99.86986,primer-uds-north,55500,7064,34.21947312165382,-5.127735463201623,6671,1,26.977498716141927,31.74814504932825,0.1051618019146605,7.037633895874023,False,0,False,,,1,0,0,1,3.0,6.990467959430704,G395M,rubies-uds21-v4_g395m-f290lp_4233_941203.spec.fits,False,False,False,False,False,False,False,False,False,False,5.7559934,4.0564427,4.0751815,4.1831703,3.8566403,3.333423,3.0739417,0.2554602,2.9728987,2.9668148,2.1281638,3.6123261,4.26485,4.1512294,1.6995504,-0.018738471,-0.107989,0.32652998,0.52321744,0.25948116,-0.12672746,0.8497474,0.78269863,-3.2728508,-3.6504347,-0.37758407,-0.97814196,0.12920699,6.0,6.0,,0.5167963802281056,1.8671511572822752,2.7516769861703056,5.137796869194889,5.324489666424831,True,,primer-uds-north-grizli-v7.2-f444w-clear_drc_sci.fits,0.0399999999999996,True,False,False
86,equal_burden,untested,0.9598384,0.010417306,99.869,primer-cosmos-east,68271,400876,150.1436979181281,2.418759783106138,372704,1,26.62213726731457,21.73280376045833,0.1041129557637854,5.772627353668213,False,0,False,,,0,0,0,0,,,,,False,False,False,False,False,False,False,False,False,False,2.9840503,3.12901,3.0704575,3.3073509,2.9645789,2.1417046,2.7202845,3.0978835,3.0942287,3.205482,3.2641404,3.8848975,4.7408385,3.7724988,-0.1449599,0.05855263,-0.2368935,0.34277207,0.82287437,-0.57858,-0.17834088,1.1656464,0.24429435,0.82576704,-2.1307602,-2.9565272,-0.98249525,0.12652518,7.0,7.0,,0.4735252482712631,1.8579427034623404,3.3254086521078703,6.178418741214354,7.022663869029599,True,,primer-cosmos-east-grizli-v7.4-f444w-clear_drc_sci.fits,0.0399999999999996,False,False,False
87,equal_burden,untested,0.95749867,0.008617246,99.86793,primer-cosmos-east,82733,429864,150.17818060070158,2.4811506568969484,400284,1,27.10555136887389,11.42704556683752,0.0948637965195796,8.05650520324707,False,0,False,,,0,0,0,0,,,,,False,False,False,False,False,False,False,False,False,False,7.3259134,4.353052,4.0094085,4.316191,4.103762,3.885925,3.201054,-1.2355696,1.6116902,1.9798307,1.8477731,2.479513,2.6059475,3.1310391,2.9728613,0.3436437,-0.3067823,0.21242896,0.2178371,0.68487096,0.03686137,0.43026605,0.90270805,-5.1749907,-4.8863564,0.28863454,-1.0228995,0.0861209,6.0,5.0,,0.5751758716931517,1.6563850260977793,2.5785252532411165,4.27103061888357,4.483020551002396,True,,primer-cosmos-east-grizli-v7.4-f444w-clear_drc_sci.fits,0.0399999999999996,True,True,True
88,equal_burden,untested,0.9571787,0.006529339,99.8675,primer-cosmos-east,79065,445143,150.20222131436785,2.463547257477521,414930,1,24.864137405115788,65.86744581337373,0.1231607349530106,6.240936279296875,False,0,False,,,0,0,0,0,,,,,False,False,False,False,False,False,False,False,False,False,4.599166,4.1994185,3.1328716,2.9741607,1.6274501,1.0128497,0.96406454,0.87579954,1.5285022,2.6903367,2.7141442,4.4760303,4.722586,4.8808494,0.39974752,1.0665468,0.15871112,1.3467104,0.61460036,0.04878514,1.2252579,1.9613109,0.6633855,-3.1952562,-2.9942873,0.20096883,-0.9095277,0.19949268,6.0,5.0,,0.4787971457694982,1.8271780672574844,15.649347775850275,28.59414502291832,32.684714004924665,True,,primer-cosmos-east-grizli-v7.4-f444w-clear_drc_sci.fits,0.0399999999999996,False,False,False
89,equal_burden,untested,0.95673543,0.0055610086,99.86729,primer-cosmos-east,72426,395950,150.13878102574157,2.4357223144478426,368034,1,25.36305215414589,135.14325472655608,0.0909003602674427,3.686214447021485,False,0,False,,,0,0,0,0,,,,,False,False,False,False,False,False,False,False,False,False,3.8793406,3.362028,3.445379,2.3964102,1.779748,1.7260989,1.4628695,1.9791695,2.8823366,3.8091266,4.2151914,4.84585,5.049437,5.5994964,0.5173129,-0.083351076,1.0489686,0.6166623,0.053649053,0.2632294,0.9656175,0.6703114,0.31687847,-6.2725296,-1.746507,4.5260224,-1.0414344,0.067586005,7.0,7.0,,0.6090961525488092,1.525879600006513,14.356529280632106,21.90633515621271,23.57021829896005,True,,primer-cosmos-east-grizli-v7.4-f444w-clear_drc_sci.fits,0.0399999999999996,True,True,True
90,equal_burden,secure z>3 (V untested),0.9565927,0.0065045394,99.86686,gdn,20115,511333,189.26808411322247,62.18465736672332,477790,1,23.834597449259057,368.79641700266137,0.0851645805963846,3.530458211898804,False,0,False,,,1,0,0,1,3.0,3.148488,G395M,gdn-pah123-v4_g395m-f290lp_2674_3847.spec.fits,False,False,False,False,False,False,False,False,False,False,3.0670147,2.846718,2.4409356,1.0249287,0.159582,0.058420543,-0.06541349,4.5963025,4.078487,4.285367,6.01376,6.2059693,6.2803383,6.603394,0.2202967,0.4057823,1.4160069,0.8653467,0.10116146,0.12383403,1.8217893,0.96650815,0.2249955,-6.3086414,-1.1178867,5.190755,-1.069741,0.03760798,7.0,7.0,,0.6113727571472357,1.519158567100983,60.27168545306522,91.56224730963972,98.584185749955,True,,gdn-grizli-v7.4-f444w-clear_drc_sci.fits,0.0399999999999996,True,True,True
91,equal_burden,untested,0.95617753,0.009997774,99.866,ceers-full,39079,560029,214.7994741042808,52.77600292799537,523672,1,26.87110619015128,16.85521767303161,0.1050796219574706,6.902496337890625,False,0,False,,,0,0,0,0,,,,,False,False,False,False,False,False,False,False,False,False,4.8914924,3.9193628,3.7521257,3.7266319,3.81378,2.9752216,2.9681797,1.721083,2.917005,2.915983,3.1286535,3.2566288,4.0162277,3.5186863,0.97212976,0.16723701,0.025493832,-0.087148175,0.8385584,0.007041943,0.19273084,0.7514102,0.8456003,-1.5880024,-3.7542787,-2.1662762,-0.9784815,0.12006018,7.0,6.0,,0.5328852456615221,1.7395052493439658,3.037986828596148,5.284594035780826,5.701015093455629,True,,ceers-full-grizli-v7.4-f444w-clear_drc_sci.fits,0.0399999999999993,True,False,False
92,equal_burden,untested,0.95432305,0.007947041,99.86493,gdn,91347,519391,189.29399786977623,62.32987359687676,485327,1,25.5382599259262,102.03071964245632,0.0857397193722038,2.8816487789154053,False,0,False,,,0,0,0,0,,,,,False,False,False,False,False,False,False,False,False,False,4.115597,3.7832706,3.4344509,2.4931755,2.2070045,1.9959015,1.6380078,2.984174,3.2908175,3.6525278,4.488888,5.0594826,5.0754995,5.318445,0.33232626,0.34881973,0.9412752,0.28617114,0.21110304,0.35789368,1.2900949,0.4972742,0.56899667,-5.410265,-2.8879719,2.522293,-1.066818,0.040531024,7.0,7.0,,0.6084972358003921,1.5354879942375994,12.370687701369793,18.99504244591604,20.32989958466763,True,,gdn-grizli-v7.4-f444w-clear_drc_sci.fits,0.0399999999999996,True,True,False
93,equal_burden,untested,0.95424175,0.009274737,99.864716,gdn,52398,474509,189.12432972434328,62.24588615630665,443131,1,26.32110297492054,34.45076650480702,0.0940785728690846,4.427634239196777,False,0,False,,,0,0,0,0,,,,,False,False,False,False,False,False,False,False,False,False,4.041267,3.8002,3.9598935,3.2598429,2.5949376,2.2114227,2.4200377,2.5928311,3.0551276,2.351356,3.1821322,4.28322,4.7896686,4.232889,0.24106684,-0.15969346,0.7000508,0.6649052,0.38351485,-0.20861498,0.5403573,1.0484201,0.17489989,-2.2351782,-1.0684057,1.1667725,-1.0265093,0.080839686,7.0,7.0,,0.544315781056487,1.687348045325404,5.307605557736549,8.955777863205016,9.750967622938983,True,,gdn-grizli-v7.4-f444w-clear_drc_sci.fits,0.0399999999999996,True,True,True
94,equal_burden,untested,0.9539695,0.009992072,99.8645,primer-cosmos-west,22129,306788,150.06174689417875,2.191221224190757,287565,1,26.80939891319213,10.450939748987212,0.1101516424450713,7.12748908996582,False,0,False,,,0,0,0,0,,,,,False,False,False,False,False,False,False,False,False,False,3.9442673,3.9537098,4.860186,4.284586,3.9561436,3.3944485,2.9067857,1.4541678,1.6752151,1.0502975,1.5439494,2.3577027,2.6742816,3.0421202,-0.009442588,-0.90647614,0.5755999,0.32844228,0.5616952,0.48766276,-0.33087623,0.8901375,1.049358,1.405902,-5.227413,-6.633315,-0.958009,0.14933994,7.0,3.0,,0.5676469697521939,1.5854077916774303,3.432758493754462,5.442322062945204,6.047347518217232,True,,primer-cosmos-west-grizli-v7.4-f444w-clear_drc_sci.fits,0.0399999999999996,True,True,True
95,equal_burden,untested,0.95355856,0.007272085,99.86385,primer-cosmos-east,55606,429504,150.17771497017165,2.371247117663372,399939,1,26.692051649838607,20.69408705747012,0.1117842798141005,7.16269063949585,False,0,False,,,0,0,0,0,,,,,False,False,False,False,False,False,False,False,False,False,7.418461,3.707962,3.9019275,3.758835,3.680701,3.478195,2.789945,-1.8183782,2.4401824,2.4389346,3.2674954,3.1732326,3.3087327,3.7235785,3.7104988,-0.19396532,0.14309227,0.07813413,0.20250618,0.6882499,-0.05087304,0.2806403,0.8907561,-4.1552916,-4.8022943,-0.6470026,-0.95161927,0.15740113,6.0,6.0,,0.5137364360576835,1.7436776527116231,3.538697082466586,6.170347022412805,6.888156716354168,True,,primer-cosmos-east-grizli-v7.4-f444w-clear_drc_sci.fits,0.0399999999999996,True,False,False
96,equal_burden,untested,0.9523352,0.009345024,99.86257,primer-cosmos-west,95810,368760,150.11228026272016,2.405532221830058,342647,1,26.450506453892444,24.812774832249502,0.0938083912736702,5.203237056732178,False,0,False,,,0,0,0,0,,,,,False,False,False,False,False,False,False,False,False,False,4.9764156,3.9513333,4.158225,3.658236,3.0175674,3.2454371,2.549155,1.1253502,2.3826194,2.1358256,2.9846766,3.8780956,3.8287733,3.9049115,1.0250825,-0.20689169,0.49998903,0.6406685,-0.22786981,0.69628227,0.29309735,0.41279873,0.46841246,-2.0557437,-2.278095,-0.22235131,-1.0277584,0.079590656,7.0,6.0,,0.5595298805998561,1.640564008973424,4.98541156520549,8.17888678379599,8.910000588102232,True,,primer-cosmos-west-grizli-v7.4-f444w-clear_drc_sci.fits,0.0399999999999996,True,True,True
97,equal_burden,untested,0.9517966,0.0118946005,99.86192,primer-uds-south,39748,17313,34.242658722707425,-5.254388408205944,16416,1,26.499417769784426,13.845419124255937,0.1131275869617065,6.833970546722412,False,0,False,,,0,0,0,0,,,,,False,False,False,False,False,False,False,False,False,False,3.8364055,3.2449903,4.0294113,3.7229736,3.289994,2.2649074,2.597939,1.9892437,2.565476,2.0350828,2.492689,3.1427798,4.0997233,3.3224032,0.5914151,-0.78442067,0.30643758,0.43297952,1.0250865,-0.33303165,-0.4779831,1.4580661,0.69205487,0.89605224,-2.9093156,-3.8053677,-0.94643146,0.16426682,7.0,7.0,,0.5425553653651747,1.7039557240845942,4.2319614188820704,7.211074883809265,7.800054499569252,True,,primer-uds-south-grizli-v7.2-f444w-clear_drc_sci.fits,0.0399999999999996,True,False,False
98,equal_burden,untested,0.95178515,0.0095872665,99.86171,primer-uds-south,46414,95167,34.39883273781745,-5.24425060598968,90920,2,26.43460779863404,24.88181030469738,0.0858420573456801,11.608356475830078,False,1,False,,,0,0,0,0,,,,,False,False,False,False,False,False,False,False,False,False,4.731463,7.32889,6.006008,3.5089183,3.2153926,2.933279,2.5332952,0.9669781,-1.0525144,0.012327937,2.5363185,3.4648964,3.7236965,3.9076877,-2.5974264,1.3228817,2.4970896,0.29352564,0.28211355,0.39998385,3.8199713,0.5756392,0.68209743,-7.9583607,-3.508345,4.4500155,-1.0662999,0.044398416,5.0,4.0,,0.6069091817058547,1.520013422002988,5.402801751363243,8.212331178493379,8.902158534127715,True,,primer-uds-south-grizli-v7.2-f444w-clear_drc_sci.fits,0.0399999999999996,True,True,True
99,equal_burden,untested,0.9512905,0.007895226,99.86128,primer-uds-north,14035,149251,34.51611319766606,-5.185680142574385,142818,1,25.73075268408189,24.440000066167794,0.0927045204600404,3.537627696990967,False,0,False,,,0,0,0,0,,,,,False,False,False,False,False,False,False,False,False,False,4.4420314,3.6603055,3.9362516,2.9125383,2.3086104,2.1338234,1.8303933,1.1302173,1.8471463,1.8033599,2.9189987,3.7845662,4.021892,3.8897865,0.7817257,-0.2759461,1.0237132,0.603928,0.17478706,0.30343008,0.74776715,0.7787151,0.47821712,-4.172255,-2.3978777,1.7743777,-1.0328991,0.074449874,7.0,5.0,,0.5865389324467452,1.5408070271964207,9.381155721587184,14.454550659045443,15.994088717101397,True,,primer-uds-north-grizli-v7.2-f444w-clear_drc_sci.fits,0.0399999999999996,True,True,True
100,equal_burden,untested,0.95128345,0.009714921,99.86107,ceers-full,52656,566311,214.8298262712872,52.83076888201772,529670,1,26.870348894674475,16.827820450444538,0.0882272967359451,5.202724933624268,False,0,False,,,0,0,0,0,,,,,False,False,False,False,False,False,False,False,False,False,4.492858,4.1322484,4.205674,4.3687634,3.5589476,3.9261265,2.9674265,2.3117127,2.7858026,2.5415084,2.5901365,3.448886,3.118368,3.5170624,0.36060968,-0.073425665,-0.16308963,0.809816,-0.36717886,0.95869994,-0.2365153,0.44263718,0.5915211,0.0030900105,-2.9483778,-2.951468,-1.054397,0.044144653,7.0,7.0,,0.5924548499699624,1.5447476850354431,3.759824239897226,5.807979790721385,6.346178514848599,True,,ceers-full-grizli-v7.4-f444w-clear_drc_sci.fits,0.0399999999999993,True,True,True
101,equal_burden,untested,0.95087487,0.011743604,99.860214,primer-uds-south,56716,35639,34.285467462095525,-5.226701049651121,34052,1,26.94453574780718,12.283097810745051,0.0325259578885383,1.2313032150268557,True,13,False,,,0,0,0,0,,,,,False,False,False,False,False,False,False,False,False,False,6.491401,7.85182,6.4296165,6.5202847,6.605767,6.1678386,3.0411873,-0.9181778,-1.9581933,-0.59708667,-0.54113513,-0.1770912,0.5631892,3.2030241,-1.3604184,1.4222032,-0.090668194,-0.0854822,0.4379283,3.1266513,1.331535,0.3524461,3.5645797,-2.4275477,-20.562916,-18.135368,-1.48777,-0.37707162,1.0,1.0,,1.0306698953560909,0.9771269609774638,6.313747523052651,6.169332929579427,6.125867798701238,True,,primer-uds-south-grizli-v7.2-f444w-clear_drc_sci.fits,0.0399999999999996,False,True,False
102,equal_burden,untested,0.94995713,0.0067913174,99.858925,gdn,87753,510951,189.2669011427191,62.317079571540326,477429,1,26.56650663996609,39.86161285907888,0.1300769616716804,7.276764392852783,False,0,False,,,0,0,0,0,,,,,False,False,False,False,False,False,False,False,False,False,5.602811,3.721895,3.8050544,3.9346802,3.6357026,3.560226,2.664834,0.64718544,3.2567115,3.2434242,3.1351142,3.8130918,3.7053971,4.3787184,1.880916,-0.08315933,-0.12962575,0.29897755,0.0754766,0.89539206,-0.21278508,0.37445417,0.97086865,-0.21610945,-5.255381,-5.039272,-0.8857996,0.22154935,6.0,6.0,,0.4503309144032187,1.9493664511283448,3.0450996204138505,5.936015040378417,6.761915567020831,True,,gdn-grizli-v7.4-f444w-clear_drc_sci.fits,0.0399999999999996,False,False,False
103,equal_burden,untested,0.9498278,0.010466309,99.85871,primer-uds-south,26385,45019,34.30177887510615,-5.275981736187234,42959,2,27.04884709414396,10.116774971248592,0.110094523597094,6.374932289123535,False,0,False,,,0,0,0,0,,,,,False,False,False,False,False,False,False,False,False,False,3.9167852,4.677343,4.181986,4.295929,3.9060483,2.8506927,3.1447933,2.212898,1.4787636,2.1319866,2.246849,2.757002,3.7367344,3.0097759,-0.76055753,0.49535683,-0.11394307,0.3898808,1.0553554,-0.29410046,0.38141376,1.4452362,0.76125497,0.91062033,-2.946578,-3.8571982,-0.9582343,0.15246402,7.0,6.0,,0.784837359876749,1.2135049155598994,3.102581521948838,3.764997927810229,3.953152182301908,True,,primer-uds-south-grizli-v7.2-f444w-clear_drc_sci.fits,0.0399999999999996,False,True,True
104,equal_burden,secure low-z,0.94926095,0.008115545,99.858284,primer-uds-north,47619,28039,34.26839208587256,-5.13884924555098,26736,1,24.230080004206147,114.32150589233898,0.0897675084583267,2.431516170501709,False,0,False,,,1,0,1,0,3.0,2.1383934,G235M,excels-uds02-v4_g235m-f170lp_3543_116579.spec.fits,False,False,False,False,False,False,False,False,False,False,3.1229765,2.6256714,1.7689764,1.4442284,0.97199994,0.6006208,0.33005735,2.7566104,3.2407162,4.191918,4.657915,5.2122364,5.5733247,5.432181,0.4973052,0.8566949,0.32474798,0.47222856,0.37137914,0.27056345,1.1814429,0.84360766,0.64194256,-3.9744914,-3.1898756,0.7846158,-1.0468808,0.060468137,7.0,7.0,,0.5814539000351405,1.587750024317408,39.52515479115746,62.75606548080957,67.9764204673298,True,,primer-uds-north-grizli-v7.2-f444w-clear_drc_sci.fits,0.0399999999999996,True,True,False
105,equal_burden,untested,0.94925237,0.012133836,99.85807,gdn,13115,527144,189.3172194196656,62.169752364537054,492628,1,25.83383905203823,86.56669746836391,0.1122803530156457,5.962867259979248,False,0,False,,,0,0,0,0,,,,,False,False,False,False,False,False,False,False,False,False,3.1672595,2.6455412,2.6194813,2.517401,2.211189,1.4999397,1.9334046,4.096173,4.4533477,4.37961,5.0351253,5.142246,5.6736836,5.1540956,0.52171826,0.026060047,0.1020803,0.306212,0.7112493,-0.43346488,0.12814035,1.0174613,0.2777844,-1.2773247,-1.5183058,-0.2409811,-0.94969624,0.15765274,7.0,7.0,,0.4734029144357758,1.8995122792497117,6.749688621403119,12.821116417467282,14.257809606955462,True,,gdn-grizli-v7.4-f444w-clear_drc_sci.fits,0.0399999999999996,False,False,False
106,equal_burden,untested,0.9491976,0.010766094,99.85786,primer-cosmos-west,114702,387738,150.130466649447,2.4972544317952434,360276,1,26.135365312005607,19.4175312615562,0.085947856563736,4.1256866455078125,False,0,False,,,0,0,0,0,,,,,False,False,False,False,False,False,False,False,False,False,3.326855,3.7951534,3.2788477,3.1499887,2.5889802,2.2614486,2.2346084,1.9834577,2.0549672,2.613231,2.9202836,3.6091456,3.9799232,3.659986,-0.46829844,0.5163057,0.1288589,0.5610085,0.3275316,0.026840203,0.64516455,0.88854015,0.35437182,-1.2093073,-1.7772871,-0.56797975,-1.0657649,0.041584015,7.0,7.0,,0.5942890043079373,1.579803396024772,6.781776811651502,10.713874038129092,11.41158049785732,True,,primer-cosmos-west-grizli-v7.4-f444w-clear_drc_sci.fits,0.0399999999999996,True,True,True
107,equal_burden,untested,0.9488352,0.008870791,99.857635,primer-cosmos-east,68399,434707,150.18527874505247,2.4191669952415094,404840,2,26.18680571856085,31.239368876133323,0.1112291136851627,7.161126613616943,False,0,False,,,0,0,0,0,,,,,False,False,False,False,False,False,False,False,False,False,4.456858,2.1491325,2.6996562,3.1383715,3.280488,2.7587893,2.2859735,1.5293213,3.776512,3.4844131,3.184977,3.4756668,3.8798563,4.1350822,2.3077257,-0.5505238,-0.438715,-0.14211667,0.52169883,0.47281557,-0.98923886,0.37958217,0.9945144,3.8309464,-4.9768353,-8.807781,-0.95378155,0.15523888,7.0,6.0,,0.5553856203069635,1.562445379064153,5.616494102647415,8.775465257222521,10.112782717606482,True,,primer-cosmos-east-grizli-v7.4-f444w-clear_drc_sci.fits,0.0399999999999996,True,True,True
108,equal_burden,untested,0.9475186,0.0103547,99.85657,ceers-full,18915,593905,214.9353641246068,52.833772178702255,555781,1,27.320624644092263,14.908770292829123,0.0848701381379313,7.059859752655029,False,0,False,,,0,0,0,0,,,,,False,False,False,False,False,False,False,False,False,False,6.2379637,5.621071,4.9715576,5.0829964,4.2853584,3.9915915,3.413961,-0.79068935,1.2249397,1.711199,1.8684574,2.8553197,3.3346221,3.3962197,0.6168926,0.6495135,-0.11143892,0.7976382,0.29376677,0.5776306,0.53807455,1.0914049,0.8713974,-2.9748847,-4.677827,-1.702942,-1.0712451,0.027296588,6.0,4.0,,0.5923481050406145,1.6288929515524693,2.562107842055948,4.1733994050422405,4.325341501481255,True,,ceers-full-grizli-v7.4-f444w-clear_drc_sci.fits,0.0399999999999993,True,True,True
109,equal_burden,untested,0.9473253,0.0058912067,99.85614,primer-cosmos-east,57013,417589,150.16200110166704,2.3760700312811345,388555,1,25.98602822355192,45.04747383922504,0.0933728243470227,3.620620250701904,False,0,False,,,0,0,0,0,,,,,False,False,False,False,False,False,False,False,False,False,3.7436986,3.6852658,3.5269256,3.1931272,2.1916053,2.423425,2.0854533,2.1177022,2.6488323,2.94295,3.8074956,4.606776,4.45121,4.500987,0.05843278,0.15834025,0.33379838,1.0015218,-0.2318195,0.3379717,0.4921386,0.7697023,0.10615219,-2.015428,-0.38756254,1.6278654,-1.0297796,0.079240896,7.0,7.0,,0.5901482018118147,1.5523608217026217,7.303106819344618,11.337056903059828,12.37503867151224,True,,primer-cosmos-east-grizli-v7.4-f444w-clear_drc_sci.fits,0.0399999999999996,True,True,True
110,equal_burden,untested,0.94717073,0.014364164,99.85571,primer-cosmos-west,112942,385982,150.12872468708906,2.487209611908472,358589,1,24.662743486112404,160.1397262454362,0.1096401314299846,4.756826877593994,False,0,False,,,0,0,0,0,,,,,False,False,False,False,False,False,False,False,False,False,2.524895,2.0718389,2.0479088,1.7488563,0.98174524,0.50607646,0.7626932,2.639831,3.669854,4.9757433,4.2878895,5.002243,5.3797374,5.7692037,0.45305616,0.023930103,0.29905245,0.767111,0.47566882,-0.25661677,0.32298255,1.2427799,0.21905206,-1.9172093,-0.6189171,1.2982922,-0.96003044,0.14731851,7.0,7.0,,0.5164309175510368,1.7593280974206815,22.090527290926374,38.86448534976515,42.77537719019942,True,,primer-cosmos-west-grizli-v7.4-f444w-clear_drc_sci.fits,0.0399999999999996,True,False,False
111,equal_burden,untested,0.94708157,0.011262645,99.85528,gdn,12363,500480,189.2357714072126,62.16814603422415,467683,2,27.041264386975016,19.90718423287966,0.1214197555473003,5.425676345825195,False,0,False,,,0,0,0,0,,,,,False,False,False,False,False,False,False,False,False,False,4.281941,4.448784,4.115392,4.0742044,3.96681,3.4988065,3.1372664,2.852911,2.4850872,2.6643126,3.1979785,3.2825725,3.733411,3.684858,-0.1668427,0.3333913,0.041187968,0.10739438,0.4680034,0.36154005,0.37457928,0.5753978,0.8295435,-0.7394398,-4.098469,-3.359029,-0.9157106,0.19163832,7.0,7.0,,0.5981276071150958,1.5540882356775654,2.407867922377851,3.7420392112328,4.025675948969385,True,,gdn-grizli-v7.4-f444w-clear_drc_sci.fits,0.0399999999999996,True,True,True
112,equal_burden,untested,0.9467473,0.006426861,99.855064,gdn,2763,504775,189.24875839441964,62.14275628556159,471675,3,25.419190900242526,75.697447704322,0.1237234263573883,5.103146553039551,False,0,False,,,0,0,0,0,,,,,False,False,False,False,False,False,False,False,False,False,2.9164743,2.8675835,2.904744,2.86363,2.129766,2.248314,1.5189884,3.498367,3.8962476,3.7269597,3.9448016,4.750057,4.743738,5.019935,0.04889081,-0.037160467,0.04111381,0.7338641,-0.11854795,0.72932553,0.0039533405,0.6153162,0.61077756,-0.08751346,-3.2938879,-3.2063744,-0.90754807,0.19980091,7.0,7.0,,0.5454154659999038,1.6543294090739105,10.098497770293168,16.7062418488633,18.515239115524,True,,gdn-grizli-v7.4-f444w-clear_drc_sci.fits,0.0399999999999996,True,True,True
113,equal_burden,untested,0.9462669,0.009606705,99.85464,primer-uds-north,2511,54919,34.318019696996004,-5.20695167282645,52383,1,25.8187942286324,18.495030988287382,0.1072889289778904,7.30875301361084,False,0,False,,,0,0,0,0,,,,,False,False,False,False,False,False,False,False,False,False,7.055301,4.099493,3.051524,3.105717,2.7989028,2.78686,1.9183716,-0.99047726,1.4484994,2.561774,2.7262466,3.2697477,3.3066194,3.6113794,2.955808,1.0479692,-0.05419294,0.30681422,0.012042726,0.86848843,0.99377626,0.31885695,0.88053113,-4.2381954,-4.740029,-0.501833,-0.9694451,0.13790387,6.0,5.0,,0.4995327231497152,1.7639132974141194,7.532066555681988,13.285912354575624,15.078224521888927,True,,primer-uds-north-grizli-v7.2-f444w-clear_drc_sci.fits,0.0399999999999996,False,False,False
114,equal_burden,untested,0.94565314,0.014750453,99.854,primer-uds-south,27169,80241,34.36744866886588,-5.274649781013279,76585,1,26.01034210643831,21.79941402800401,0.1105969165811474,5.528079986572266,False,0,False,,,1,0,0,0,,,G395M,rubies-uds41-v4_g395m-f290lp_4233_27169.spec.fits,False,False,False,False,False,False,False,False,False,False,2.2237356,2.3091898,2.4152024,2.4034467,2.4355326,1.4126904,2.1097407,3.536398,3.3909628,3.5514913,3.7484367,3.9372258,4.865513,3.7755558,-0.085454285,-0.10601247,0.011755549,-0.032085836,1.0228422,-0.69705033,-0.09425692,0.99075633,0.32579184,0.5258473,-3.1103628,-3.63621,-0.956257,0.15444131,7.0,7.0,,0.4350787653500176,2.0116498421432154,5.619565893175395,11.30459884191968,12.9162035491539,True,,primer-uds-south-grizli-v7.2-f444w-clear_drc_sci.fits,0.0399999999999996,False,False,False
115,equal_burden,untested,0.94561464,0.0129813505,99.85378,gds,56404,234560,53.16758518382344,-27.76549690837628,221716,1,27.11328287202188,50.24028029028192,0.0998565900231529,5.2209577560424805,False,0,False,,,0,0,0,0,,,,,False,False,False,False,False,False,False,False,False,False,4.1742754,3.99235,4.0414386,4.2688007,3.6779187,3.7023735,3.2087214,3.565178,3.9182775,3.82418,3.6402209,4.488119,4.3986335,4.610063,0.18192504,-0.04908826,-0.22736223,0.59088206,-0.024454946,0.49365214,-0.27645048,0.5664271,0.46919718,0.3659697,-2.3792207,-2.7451904,-1.0006232,0.1067257,7.0,7.0,,0.5318001497795397,1.7141855546568592,2.469121359925111,4.2325321678783245,4.642949726412633,True,,gds-grizli-v7.2-f444w-clear_drc_sci.fits,0.0399999999999996,True,False,False
116,equal_burden,untested,0.9454524,0.010926862,99.85335,ceers-full,37018,551939,214.7382571023961,52.72747363729354,516020,1,27.25154045654301,12.907553184715256,0.0795746991693512,0.9852131605148317,False,0,False,,,0,0,0,0,,,,,False,False,False,False,False,False,False,False,False,False,4.3968744,5.217486,4.736849,4.3114424,3.7817018,3.2895296,3.3456666,2.0738342,1.4891226,1.9828401,2.6188796,3.3581064,3.8196945,3.2524571,-0.8206119,0.4806371,0.42540666,0.52974045,0.4921723,-0.056136984,0.90604377,1.0219127,0.4360353,-0.8567785,-2.4334939,-1.5767155,-1.099225,-0.0006833159,7.0,6.0,,0.6959050608370945,1.4060247266284651,2.910078271288602,4.091642005855993,4.18171735637058,True,,ceers-full-grizli-v7.4-f444w-clear_drc_sci.fits,0.0399999999999993,True,True,False
117,equal_burden,untested,0.94473016,0.012218015,99.85271,ceers-full,37847,572098,214.85508473824825,52.813041282743264,535152,1,24.683622034316617,102.50492311970264,0.1044962478487442,3.638756275177002,False,0,False,,,0,0,0,0,,,,,False,False,False,False,False,False,False,False,False,False,3.2686074,3.2435079,2.9176748,1.9267904,1.1804053,0.9994763,0.7835698,3.3561175,3.5013504,3.6034877,4.6645474,5.375812,5.593579,5.323082,0.025099648,0.325833,0.9908844,0.74638516,0.18092893,0.21590653,1.3167174,0.9273141,0.39683548,-4.802258,-1.9664025,2.8358555,-0.9808993,0.11764237,7.0,7.0,,0.5652746724975108,1.6051559722595146,21.73128299243836,34.882098680174046,38.44375849429916,True,,ceers-full-grizli-v7.4-f444w-clear_drc_sci.fits,0.0399999999999993,True,True,True
118,equal_burden,untested,0.94376826,0.010645672,99.85228,primer-cosmos-east,59918,420380,150.16551114198057,2.386308191358374,391223,1,26.396535203305067,33.640745646543046,0.116089209726006,6.330457210540772,False,0,False,,,0,0,0,0,,,,,False,False,False,False,False,False,False,False,False,False,3.47888,3.4979374,3.1645942,3.3733041,3.1253204,2.097095,2.4953115,2.530881,2.857231,3.3212867,3.5823243,3.8688092,4.7626343,4.209106,-0.019057509,0.33334336,-0.20870991,0.2479835,1.0282257,-0.3982165,0.12463344,1.2762091,0.6300091,-0.15942715,-1.8622864,-1.7028593,-0.93520814,0.17381226,7.0,7.0,,0.4394677214276355,2.0481980730975398,3.774265312211134,7.730442939829727,8.588265140270646,True,,primer-cosmos-east-grizli-v7.4-f444w-clear_drc_sci.fits,0.0399999999999996,False,False,False
119,equal_burden,secure z>3 (V untested),0.94244385,0.015217616,99.85142,primer-uds-south,33766,29015,34.2707526231673,-5.264164679030266,27676,1,26.175131932240213,20.55069239864102,0.1077146953415998,6.308979511260986,False,0,False,,,1,0,0,1,3.0,5.6698184,G395M,rubies-uds1-v4_g395m-f290lp_4233_29318.spec.fits,False,False,False,False,False,False,False,False,False,False,2.996986,2.481554,2.8427315,2.795351,2.5985296,1.7150704,2.2743175,2.8657696,3.3512094,3.212533,3.3982513,3.8047132,4.656428,3.7166333,0.51543194,-0.36117765,0.04738057,0.19682144,0.88345927,-0.55924726,-0.3137971,1.0802807,0.32421204,0.31231332,-2.4234047,-2.735718,-0.96772504,0.14297326,7.0,7.0,,0.4636078903877326,1.923788735364764,5.211646693674825,10.026107201992644,11.241496967008327,True,,primer-uds-south-grizli-v7.2-f444w-clear_drc_sci.fits,0.0399999999999996,False,False,False
120,equal_burden,untested,0.94230545,0.011926638,99.851204,primer-uds-south,22707,38156,34.29012768627641,-5.282131850033794,36447,1,26.618497304745446,9.593643540771131,0.0935166640681166,6.581470489501953,False,0,False,,,0,0,0,0,,,,,False,False,False,False,False,False,False,False,False,False,6.887586,3.7072184,4.1756043,4.8453493,3.0894904,2.5036273,2.716657,-0.9692548,1.8900846,1.6221524,1.219537,3.0275462,3.6130862,2.9569533,3.180368,-0.46838605,-0.6697449,1.755859,0.58586305,-0.21302962,-1.138131,2.341722,0.37283343,-1.2589176,-2.1911135,-0.93219584,-1.029111,0.08158731,6.0,4.0,,0.5725868523862845,1.532056697198289,3.9539604163888167,6.057691536385422,6.90543347251249,True,,primer-uds-south-grizli-v7.2-f444w-clear_drc_sci.fits,0.0399999999999996,True,True,True
121,equal_burden,untested,0.9417133,0.01062138,99.85078,primer-cosmos-west,74396,343601,150.09211023036102,2.3212215633851323,320301,1,26.51139700206892,29.60809303424124,0.1158603956378162,5.450637340545654,False,0,False,,,0,0,0,0,,,,,False,False,False,False,False,False,False,False,False,False,4.6359916,3.7273064,3.6040936,3.7445157,2.9094696,2.5699592,2.6098855,1.6786692,2.6575332,2.9713488,2.9781501,4.16389,4.426634,4.08148,0.9086851,0.12321277,-0.14042205,0.8350462,0.33951035,-0.03992627,-0.017209277,1.1745565,0.2995841,-0.7164282,-1.6198864,-0.90345824,-0.936065,0.17128398,7.0,6.0,,0.4190131509886057,2.061807122527777,3.971738479032743,8.18895868488735,9.47879194164182,True,,primer-cosmos-west-grizli-v7.4-f444w-clear_drc_sci.fits,0.0399999999999996,False,False,False
122,equal_burden,untested,0.94121724,0.010036793,99.85056,primer-cosmos-west,48563,321280,150.07484746359117,2.258692310586052,300573,1,25.914864479270424,74.60611557839685,0.1130478286353925,7.170115947723389,False,0,False,,,0,0,0,0,,,,,False,False,False,False,False,False,False,False,False,False,5.4228354,2.9165998,2.7170482,2.971481,2.926972,2.7895224,2.01436,0.84211314,3.9182503,4.4581647,4.4080443,4.5896354,4.7665796,5.0054145,2.5062356,0.1995517,-0.254433,0.04450927,0.1374495,0.7751623,-0.054881297,0.18195876,0.9126118,0.5171101,-4.940745,-5.4578547,-0.94673777,0.1606112,6.0,6.0,,0.4986450924052628,1.7967373915375426,6.579517371977201,11.821664880502263,13.194790186824587,True,,primer-cosmos-west-grizli-v7.4-f444w-clear_drc_sci.fits,0.0399999999999996,False,False,False
123,equal_burden,secure low-z,0.9410298,0.011998644,99.84992,primer-uds-north,3614,25808,34.26318585890345,-5.204746202798916,24589,1,23.875408850177845,109.35286747476484,0.1164443620346949,2.426295042037964,False,0,False,,,5,0,3,0,3.0,2.6686223,G235H;G395H;G395M;PRISM,gto-wide-uds14-v4_g235h-f170lp_1215_3436.spec.fits;gto-wide-uds14-v4_g395h-f290lp_1215_3436.spec.fits;gto-wide-uds14-v4_prism-clear_1215_3436.spec.fits;rubies-uds3-v4_g395m-f290lp_4233_62113.spec.fits;rubies-uds3-v4_prism-clear_4233_62113.spec.fits,False,False,False,False,False,False,False,False,False,False,5.022637,3.5168118,2.2658987,1.6225374,0.779403,0.3034526,-0.02460294,0.56377655,1.8823467,3.1899617,3.9953415,5.107096,5.5357785,5.3877482,1.5058249,1.250913,0.6433614,0.84313434,0.47595036,0.32805553,1.8942745,1.3190848,0.8040059,-6.056649,-3.9699466,2.0867026,-0.9338815,0.17346743,6.0,6.0,,0.4902892085275221,1.8252831925880824,43.62942359890916,79.63605359739473,88.98711788893073,True,,primer-uds-north-grizli-v7.2-f444w-clear_drc_sci.fits,0.0399999999999996,False,False,False
124,equal_burden,secure low-z,0.9404817,0.012396212,99.849495,primer-uds-north,64129,18231,34.244687660718014,-5.115421095570414,17302,1,23.95813164939112,175.67931023147696,0.1156490367710694,2.7806758880615234,False,0,False,,,3,0,3,0,3.0,2.990496,G395M;PRISM,mom-uds02-v4_prism-clear_5224_164129.spec.fits;rubies-uds21-v4_g395m-f290lp_4233_164129.spec.fits;rubies-uds21-v4_prism-clear_4233_164129.spec.fits,False,False,False,False,False,False,False,False,False,False,3.7107391,4.052037,2.4653928,1.6933347,0.81200916,0.44737417,0.05811792,2.3411174,2.0278356,3.6616106,4.5578523,5.5442624,5.896615,5.8618155,-0.34129784,1.586644,0.77205825,0.8813256,0.36463496,0.38925624,2.3587022,1.2459606,0.7538912,-6.4740577,-3.7512772,2.7227802,-0.936858,0.17049098,7.0,7.0,,0.4802104014473795,1.8691321260205311,39.96591889949284,74.70158296097318,83.22585012534807,True,,primer-uds-north-grizli-v7.2-f444w-clear_drc_sci.fits,0.0399999999999996,False,False,False
125,equal_burden,untested,0.94047844,0.011397957,99.84927,primer-uds-south,14232,111339,34.43210622388772,-5.296480510432088,106440,1,23.14420901561222,6.556030455677552,0.0,2.450358629226685,True,19,False,,,0,0,0,0,,,,,False,False,False,False,False,False,False,False,False,False,14.321564,14.564928,14.746677,14.180683,12.671822,0.6853256,-0.75579405,-4.1928883,-4.370383,-4.6505337,-3.9773088,-2.062847,1.7385505,2.5792987,-0.243364,-0.18174946,0.56599444,1.5088613,11.986496,1.4411197,0.38424495,13.4953575,13.427616,0.34949127,-63.99254,-64.342026,-2.39794,-1.2872417,2.0,1.0,,0.171154097409704,3.7713891052937134,24.420446281617483,92.09900505290256,142.68104971603734,True,,primer-uds-south-grizli-v7.2-f444w-clear_drc_sci.fits,0.0399999999999996,False,False,False
126,equal_burden,untested,0.94006866,0.011370385,99.84885,primer-uds-south,29138,49737,34.309459903439446,-5.2714869096429045,47471,1,27.43784608042101,9.98869908001808,0.0234286258536689,6.385199069976807,True,6,False,,,0,0,0,0,,,,,False,False,False,False,False,False,False,False,False,False,6.199276,5.24898,6.3200603,6.386042,7.449731,3.7081068,3.5295944,-0.65229225,1.0111154,-0.49682993,-0.37861586,-1.4827302,3.313931,2.9970977,0.95029604,-1.0710802,-0.06598198,-1.0636885,3.7416239,0.17851235,-1.1370622,2.6779354,3.9201365,1.389451,-7.4339733,-8.823424,-1.6302532,-0.5195549,3.0,2.0,,1.0665843764207164,0.968071256772668,4.119514935790411,3.9879840011844,3.8623432209037536,True,,primer-uds-south-grizli-v7.2-f444w-clear_drc_sci.fits,0.0399999999999996,False,True,False
127,equal_burden,untested,0.93990546,0.01834666,99.84863,ceers-full,22081,619017,215.03972303589384,52.91428551702058,579549,1,27.63176702021956,9.797882047269326,0.0893185599866751,5.647806644439697,False,0,False,,,0,0,0,0,,,,,False,False,False,False,False,False,False,False,False,False,4.1456065,4.658074,4.5767403,6.9472866,4.8847895,3.7934265,3.7200294,2.3919318,2.3396468,2.0798452,-1.3517483,2.220855,3.4748633,2.9779074,-0.5124675,0.0813339,-2.3705463,2.0624971,1.0913628,0.07339734,-2.2892125,3.1538599,1.1647601,5.565887,-3.794561,-9.360448,-1.0490583,0.049483392,6.0,6.0,,0.6583413183286534,1.4033440111724618,1.949929392257058,2.7364217348331,2.9618821392030954,True,,ceers-full-grizli-v7.4-f444w-clear_drc_sci.fits,0.0399999999999993,True,True,True
128,equal_burden,untested,0.9391529,0.009361668,99.84842,gds,51941,243035,53.17975620705561,-27.774648062373693,229623,1,26.666360415123847,67.5318432159533,0.1146968468614575,7.299227237701416,False,0,False,,,0,0,0,0,,,,,False,False,False,False,False,False,False,False,False,False,5.9756575,3.8856518,3.6893623,3.8177347,3.6183233,3.5434616,2.764351,-0.9064567,3.821532,3.972469,3.7652075,4.4635983,4.4502378,4.9058013,2.0900056,0.19628955,-0.12837239,0.19941144,0.074861795,0.7791106,0.06791717,0.27427322,0.8539724,-1.577903,-4.5967326,-3.0188298,-0.9404485,0.16690044,6.0,6.0,,0.4782257532004957,1.9035844315733896,3.122416158186729,5.943782787617452,6.529167735719282,True,,gds-grizli-v7.2-f444w-clear_drc_sci.fits,0.0399999999999996,False,False,False
129,equal_burden,untested,0.9389952,0.019442957,99.848206,primer-uds-south,47932,148975,34.51504888566612,-5.241741510481938,142558,1,26.73221948939173,11.546178941395551,0.1145190623940161,7.952412128448486,False,0,False,,,0,0,0,0,,,,,False,False,False,False,False,False,False,False,False,False,4.7893724,3.5035129,3.3057258,3.8416154,3.5859253,3.4315515,2.8299515,1.0669818,2.2934554,2.671714,2.374893,2.8499558,3.045736,3.1413717,1.2858598,0.19778691,-0.53588957,0.25568998,0.15437403,0.6015998,-0.33810264,0.410064,0.7559739,0.40302044,-3.9659586,-4.368979,-0.94112223,0.16957608,7.0,6.0,,0.4309684426888305,1.989513398641612,2.76471838756702,5.500444275535418,6.415129540153391,True,,primer-uds-south-grizli-v7.2-f444w-clear_drc_sci.fits,0.0399999999999996,False,False,False
130,equal_burden,untested,0.93859553,0.008791245,99.84778,primer-uds-south,15920,16088,34.240012511232,-5.293800498124154,15252,1,24.861555002113207,62.44198857898784,0.086209259095515,3.6321287155151367,False,0,False,,,0,0,0,0,,,,,False,False,False,False,False,False,False,False,False,False,2.8836236,2.7764711,2.537937,2.0444481,1.004879,1.2309722,0.96148247,2.9567158,3.044247,3.4539835,4.1057267,5.214273,5.043224,4.8274493,0.10715236,0.23853418,0.49348873,1.0395693,-0.2260932,0.26948968,0.7320229,0.8134761,0.043396465,-2.8163056,0.16477278,2.9810784,-1.0644461,0.04625221,7.0,7.0,,0.5877867823776239,1.5842620872224704,22.916835012434863,36.30627286933304,38.988346964413246,True,,primer-uds-south-grizli-v7.2-f444w-clear_drc_sci.fits,0.0399999999999996,True,True,True
131,equal_burden,untested,0.93857116,0.011342521,99.847565,ceers-full,19516,625910,215.0960062759441,52.95007843280268,586077,1,24.876780268137708,81.58933852303448,0.0831644169702083,2.735985279083252,False,0,False,,,0,0,0,0,,,,,False,False,False,False,False,False,False,False,False,False,2.6870875,2.6892498,2.6802404,1.8578588,1.3589468,1.1458929,0.9767057,3.6616473,4.1847835,3.8892114,4.8131704,5.257833,5.632454,5.0948834,-0.0021623927,0.009009484,0.8223816,0.49891195,0.21305393,0.1691872,0.8313911,0.71196586,0.38224113,-3.1538365,-1.9151888,1.2386477,-1.0800625,0.018479226,7.0,7.0,,0.6040136824313717,1.5311142969768186,23.228295036049985,35.5651746240918,38.45657095473031,True,,ceers-full-grizli-v7.4-f444w-clear_drc_sci.fits,0.0399999999999993,True,True,False
132,equal_burden,untested,0.9367272,0.013567949,99.846275,ceers-full,17824,564579,214.82223657380047,52.75019610544198,528014,1,27.27228156836817,12.957056380080951,0.0844465306233953,5.891573429107666,False,0,False,,,0,0,0,0,,,,,False,False,False,False,False,False,False,False,False,False,4.742945,4.6249437,4.7677493,4.58694,4.2550364,3.71069,3.366181,2.023275,2.3891518,2.0602558,2.4507718,2.856015,3.455612,3.2562735,0.11800153,-0.14280543,0.18080935,0.33190367,0.54434615,0.3445092,0.03800392,0.8762498,0.88885534,-0.30589464,-4.3162727,-4.0103784,-1.0734181,0.02512349,7.0,7.0,,0.5330007836631189,1.7266522624223577,2.500013198244919,4.316653444835344,4.690449385577345,True,,ceers-full-grizli-v7.4-f444w-clear_drc_sci.fits,0.0399999999999993,True,False,False
133,equal_burden,untested,0.93627995,0.011033242,99.84606,primer-cosmos-west,80414,352553,150.09861341916235,2.344417655718021,328196,1,27.644376133151606,11.643618690254517,0.0828440499318019,6.6009674072265625,False,0,False,,,0,0,0,0,,,,,False,False,False,False,False,False,False,False,False,False,5.999563,4.2806063,4.8593416,5.739715,4.1721325,3.0440261,3.732367,-0.33016202,2.2437284,1.8344142,0.7754747,3.0951202,3.9831762,3.1497445,1.7189566,-0.5787352,-0.8803733,1.5675824,1.1281064,-0.68834096,-1.4591085,2.6956887,0.43976545,2.248139,-2.3017857,-4.549925,-1.0817387,0.025610289,5.0,5.0,,0.6493783301481615,1.4857994277575086,1.680387664812022,2.4967190307884786,2.587686694794121,True,,primer-cosmos-west-grizli-v7.4-f444w-clear_drc_sci.fits,0.0399999999999996,True,True,True
134,equal_burden,untested,0.9360422,0.015685199,99.84585,primer-cosmos-west,54298,351243,150.09761382253703,2.271519271362992,327001,1,25.92928363211716,46.41603883592908,0.0964602130368659,5.549832344055176,False,0,False,,,0,0,0,0,,,,,False,False,False,False,False,False,False,False,False,False,2.7625985,2.3465328,2.4304035,2.3043032,2.3037343,1.5124857,2.0287657,3.5454018,3.97776,4.0887876,4.357664,4.621615,5.2467294,4.530908,0.4160657,-0.083870634,0.12610032,0.0005689387,0.79124856,-0.51627994,0.042229675,0.7918175,0.27496865,-0.80101305,-2.0229862,-1.2219731,-1.0156518,0.091697186,7.0,7.0,,0.5183263471684515,1.741377943173042,7.476519310356945,13.019445818762907,14.424347423587832,True,,primer-cosmos-west-grizli-v7.4-f444w-clear_drc_sci.fits,0.0399999999999996,True,False,False
135,equal_burden,untested,0.93559474,0.014621585,99.84542,primer-uds-south,13983,24186,34.25929665030667,-5.296922300485377,23046,1,25.64663977424922,28.94372788230256,0.1260435186314114,5.661967277526856,False,0,False,,,0,0,0,0,,,,,False,False,False,False,False,False,False,False,False,False,2.6472201,2.4826636,2.5801091,2.8071353,2.425086,1.7648333,1.7463319,3.101765,3.2669451,3.3486102,3.3156247,3.865072,4.52612,4.058799,0.16455652,-0.097445615,-0.22702609,0.38204917,0.66025275,0.01850141,-0.3244717,1.0423019,0.67875415,0.63225996,-3.1532307,-3.7854908,-0.8994795,0.21121882,7.0,7.0,,0.4322295549016378,2.1145211469718337,7.548554268310725,15.961577629407524,17.464225161624,True,,primer-uds-south-grizli-v7.2-f444w-clear_drc_sci.fits,0.0399999999999996,False,False,False
136,equal_burden,untested,0.93489707,0.013089423,99.84456,primer-cosmos-east,79888,445949,150.20360323681334,2.4677673855370568,415702,1,26.837712344204213,15.123767652578929,0.1119981135701212,5.825644493103027,False,0,False,,,0,0,0,0,,,,,False,False,False,False,False,False,False,False,False,False,4.302584,4.565384,3.8904715,3.778365,3.2286773,2.6767607,2.93496,1.2937635,1.3612055,2.1631656,2.1604252,3.3618567,3.5832322,3.410506,-0.2627998,0.67491263,0.11210668,0.5496876,0.5519165,-0.25819913,0.7870193,1.1016041,0.29371735,-1.9644499,-1.4924941,0.47195575,-0.9507893,0.15823111,7.0,5.0,,0.3688288988271098,2.348648867991812,2.380837725574804,5.591751829043464,6.455127928277747,True,,primer-cosmos-east-grizli-v7.4-f444w-clear_drc_sci.fits,0.0399999999999996,False,False,False
137,equal_burden,untested,0.9344492,0.026346624,99.843704,gds-sw,18414,165663,53.05846780934957,-27.89078792356517,157908,1,27.01508801290476,61.1393142277184,0.1031966055897192,5.462001323699951,False,0,False,,,0,0,0,0,,,,,False,False,False,False,False,False,False,False,False,False,4.0093017,3.802177,3.896016,3.8406494,3.6396081,2.8977745,3.1112773,3.8565185,4.196432,4.129314,4.1899285,4.566659,5.0565977,4.8063693,0.20712472,-0.09383873,0.05536639,0.20104122,0.7418338,-0.21350296,-0.03847234,0.942875,0.5283308,-0.2483522,-2.2352111,-1.986859,-0.98633456,0.12101438,7.0,7.0,,0.4662993983249294,1.8904203415811516,2.4754007211998594,4.679547876920867,5.308608010415953,True,,gds-sw-grizli-v7.0-f444w-clear_drc_sci.fits,0.0399999999999996,False,False,False
138,equal_burden,untested,0.93423355,0.015493893,99.84328,primer-uds-south,55141,147562,34.510242021253035,-5.229346241589711,141192,1,26.51453739337192,8.923988778602892,0.0902758430605293,13.136886596679688,False,0,False,,,0,0,0,0,,,,,False,False,False,False,False,False,False,False,False,False,4.795202,5.535315,6.2476754,4.253894,3.312082,3.0562978,2.613017,0.768076,0.30496922,-0.17279159,1.6356161,2.7359798,3.0317438,2.8850148,-0.7401132,-0.71236056,1.9937817,0.9418118,0.25578436,0.4432806,1.2814211,1.1975962,0.69906497,-2.5451465,-3.5275044,-0.98235786,-1.0444285,0.06626985,4.0,3.0,,0.6300379680096573,1.4637547003162514,4.804449600965475,7.032535685845752,7.625650905044871,True,,primer-uds-south-grizli-v7.2-f444w-clear_drc_sci.fits,0.0399999999999996,True,True,True
139,equal_burden,untested,0.93421143,0.012304943,99.84306,gds-sw,54786,161577,53.04781593591634,-27.829177841181536,154171,1,25.27128549447683,130.90892669062634,0.0816230741793737,3.358129978179932,False,0,False,,,0,0,0,0,,,,,False,False,False,False,False,False,False,False,False,False,3.5979366,3.6253662,3.3474042,2.2892323,1.9169776,1.8310931,1.3711313,3.2544916,3.426147,3.7361226,4.808471,5.316055,5.4327116,5.5676637,-0.027429635,0.2779621,1.0581719,0.37225464,0.085884646,0.45996177,1.336134,0.45813927,0.5458464,-5.056929,-2.720853,2.3360763,-1.0881871,0.019161914,7.0,7.0,,0.6139301729221327,1.5178119100759997,16.26193485124686,24.682558398102465,26.48824828700744,True,,gds-sw-grizli-v7.0-f444w-clear_drc_sci.fits,0.0399999999999996,True,True,True
140,equal_burden,untested,0.93396986,0.010800431,99.84263,primer-uds-south,5869,110019,34.42923798302068,-5.312112367235867,105175,1,26.90958359006025,6.93501216249537,0.0917335434350092,6.231497287750244,False,0,False,,,0,0,0,0,,,,,False,False,False,False,False,False,False,False,False,False,3.4251935,3.030624,3.7686543,4.4371448,3.5864992,2.8824556,3.006443,1.9917511,2.362257,1.8599101,1.4056453,2.5426726,3.192403,2.634888,0.39456964,-0.73803043,-0.66849023,0.85064554,0.7040435,-0.123987466,-1.4065207,1.554689,0.5800561,2.8324559,-2.833533,-5.665989,-1.0374718,0.07322647,7.0,6.0,,0.6139779269984524,1.6274417288486074,3.362505064636403,5.472281055654066,5.476589494144597,True,,primer-uds-south-grizli-v7.2-f444w-clear_drc_sci.fits,0.0399999999999996,True,True,True
141,equal_burden,untested,0.93368536,0.012035966,99.842415,primer-cosmos-east,9422,405260,150.14822323181647,2.192938011399046,376843,1,25.907513952797142,25.767333850753023,0.1169951251773751,6.852353096008301,False,0,False,,,0,0,0,0,,,,,False,False,False,False,False,False,False,False,False,False,6.150074,2.7748618,2.8585222,3.031547,2.4237177,1.7603048,2.0070162,-0.2496614,2.7110248,2.8637638,2.6977203,3.8138683,4.209221,3.942631,3.3752122,-0.08366022,-0.17302491,0.60782933,0.6634128,-0.24671145,-0.25668514,1.2712421,0.41670138,0.7488655,-1.9411577,-2.6900232,-0.93183225,0.17718817,6.0,6.0,,0.4786193456911541,1.9168569619005944,6.209313704566377,11.902366203222831,12.973386388299383,True,,primer-cosmos-east-grizli-v7.4-f444w-clear_drc_sci.fits,0.0399999999999996,False,False,False
142,equal_burden,untested,0.9336799,0.012025174,99.8422,gds,64575,250885,53.19980884304859,-27.74741711383302,236965,1,26.32443617228252,77.85359481691933,0.1107131387404944,7.034915924072266,False,0,False,,,0,0,0,0,,,,,False,False,False,False,False,False,False,False,False,False,5.37498,3.3797004,3.2019646,3.2924056,3.0784583,2.765101,2.4233644,1.7241931,4.237775,4.3188496,4.157802,4.7549624,4.846074,5.0480185,1.9952793,0.17773584,-0.09044099,0.21394731,0.31335726,0.3417367,0.08729485,0.5273046,0.65509397,-1.0322849,-3.2915213,-2.2592363,-0.95580083,0.15154813,7.0,6.0,,0.4902099211152466,1.841667727303386,4.722051588160954,8.696450016577728,9.632713220936257,True,,gds-grizli-v7.2-f444w-clear_drc_sci.fits,0.0399999999999996,False,False,False
143,equal_burden,untested,0.9336142,0.020362431,99.84199,primer-cosmos-west,46186,336345,150.0864079865116,2.2543486322524804,313876,2,26.35657020126757,50.04968226701716,0.1112804838056778,7.172435760498047,False,0,False,,,0,0,0,0,,,,,False,False,False,False,False,False,False,False,False,False,6.664687,3.35706,3.5155716,3.6074243,3.2001061,3.2241132,2.4554331,-1.1728982,2.8122597,2.868185,2.9629815,4.358197,4.395407,4.606263,3.3076272,-0.15851144,-0.09185268,0.40731797,-0.024007114,0.7686802,-0.25036412,0.38331085,0.7446731,-0.47516257,-3.93765,-3.4624875,-0.953581,0.15376797,6.0,6.0,,0.5084460873919017,1.7321874885291615,4.445270592985635,7.700042104296324,8.742855345367808,True,,primer-cosmos-west-grizli-v7.4-f444w-clear_drc_sci.fits,0.0399999999999996,True,False,False
144,equal_burden,untested,0.93322706,0.010717423,99.84135,ceers-full,11930,613918,215.01676154913253,52.87938469936288,574692,2,26.363092142521705,42.25821697151034,0.123407877127857,4.547661781311035,False,0,False,,,0,0,0,0,,,,,False,False,False,False,False,False,False,False,False,False,4.4769588,4.4717,3.9475694,3.7310266,2.8229737,2.6050713,2.4619412,2.1291888,2.846007,3.2917008,3.6584928,4.4651213,4.7820406,4.437086,0.0052587776,0.5241308,0.21654254,0.90805304,0.2179024,0.14313,0.74067336,1.1259555,0.3610324,-2.5971568,-1.8120159,0.785141,-0.90865713,0.18988456,7.0,7.0,,0.4242708991280761,2.065553226178882,3.6353265110537833,7.508960403120761,8.568408812682613,True,,ceers-full-grizli-v7.4-f444w-clear_drc_sci.fits,0.0399999999999993,False,False,False
145,equal_burden,untested,0.93317765,0.015879694,99.84113,primer-uds-south,25140,137321,34.488563748802,-5.277912690228562,131384,1,27.18746194524096,13.68580007784558,0.0969828994400494,5.72172737121582,False,0,False,,,0,0,0,0,,,,,False,False,False,False,False,False,False,False,False,False,3.0491061,3.2293437,3.3740177,3.6260026,3.6185312,2.631128,3.2822373,2.8245614,3.063159,3.090217,2.9865444,3.1695597,4.1442456,3.310838,-0.18023741,-0.14467405,-0.25198495,0.0074715205,0.98740304,-0.65110934,-0.39665902,0.9948746,0.33629373,1.636228,-1.2185876,-2.8548155,-1.0133048,0.09739346,7.0,7.0,,0.5901983105883247,1.5702519070838343,2.508031539743844,3.938241308309176,4.249472583619858,True,,primer-uds-south-grizli-v7.2-f444w-clear_drc_sci.fits,0.0399999999999996,True,True,True
146,equal_burden,untested,0.9315592,0.015456401,99.83963,gdn,65939,467752,189.0807686411874,62.27091535006235,436626,2,25.207591830756776,79.9039603040393,0.1026276325071677,2.000966787338257,False,0,False,,,0,0,0,0,,,,,False,False,False,False,False,False,False,False,False,False,2.9779806,2.621877,1.8807182,2.0310903,1.8932525,1.3584025,1.3074547,3.459449,4.062077,4.425304,4.454561,4.7175407,5.274917,5.074012,0.35610372,0.74115884,-0.15037209,0.13783777,0.53485006,0.050947763,0.59078676,0.6726878,0.58579785,-2.3585532,-2.5872717,-0.22871862,-0.9887357,0.11861327,7.0,7.0,,0.5743236647365199,1.5847758083734789,14.161433762516909,22.44269763872021,24.65758357530626,True,,gdn-grizli-v7.4-f444w-clear_drc_sci.fits,0.0399999999999996,True,True,False
147,equal_burden,untested,0.9309895,0.012386242,99.8392,primer-cosmos-west,61528,382280,150.12502258896774,2.289585507371763,355095,1,27.324573200909,14.20586309010094,0.092598689025157,7.019079208374023,False,0,False,,,0,0,0,0,,,,,False,False,False,False,False,False,False,False,False,False,5.995767,5.5013213,4.4408464,4.710629,4.0694637,3.3020077,3.4178612,-0.31693748,0.7706188,2.1436143,2.0195248,3.0896664,3.7921715,3.3480384,0.49444565,1.0604751,-0.26978233,0.64116526,0.76745594,-0.11585366,0.79069275,1.4086212,0.65160227,-2.9461935,-2.7842534,0.16194001,-1.0333952,0.07395381,5.0,5.0,,0.5980174372944043,1.4950652119694845,2.225682466885889,3.3275404291315165,3.7217685105562976,True,,primer-cosmos-west-grizli-v7.4-f444w-clear_drc_sci.fits,0.0399999999999996,True,True,True
148,equal_burden,untested,0.93097687,0.013536162,99.83899,primer-cosmos-west,34897,349550,150.09640181238578,2.229934802739038,325516,1,26.74864355018865,17.741782696979705,0.1000814453040873,5.679089546203613,False,0,False,,,0,0,0,0,,,,,False,False,False,False,False,False,False,False,False,False,3.2675824,3.3458169,3.5404036,3.5274122,3.5330424,2.7789,2.846306,2.700781,2.703011,2.7207873,2.8782763,3.348512,3.9776783,3.5698628,-0.07823427,-0.19458687,0.012991384,-0.005630101,0.7541424,-0.06740625,-0.18159549,0.7485123,0.68673617,0.80936235,-3.0807319,-3.8900943,-0.9996464,0.10770253,7.0,7.0,,0.4914768517726084,1.887941539661032,3.471484928599738,6.553960601010656,7.063374228265566,True,,primer-cosmos-west-grizli-v7.4-f444w-clear_drc_sci.fits,0.0399999999999996,False,False,False
149,equal_burden,untested,0.93089235,0.029666524,99.83877,ceers-full,14280,601408,214.9634240131008,52.84503268955548,562903,1,26.239335081234167,34.06135904207852,0.1147432400336023,6.096400260925293,False,0,False,,,0,0,0,0,,,,,False,False,False,False,False,False,False,False,False,False,3.338735,3.0206811,2.9900424,2.8518484,2.8003633,1.8954798,2.3384185,3.1551108,3.9314632,3.452659,3.836322,3.9704456,4.9613957,4.221526,0.31805396,0.030638691,0.13819394,0.051485073,0.9048836,-0.4429388,0.16883263,0.9563687,0.4619448,-0.9970901,-1.4048414,-0.4077513,-0.94027287,0.1582688,7.0,7.0,,0.4948393392626959,1.7993967525785877,4.581038779156481,8.24310630265075,9.257628518343283,True,,ceers-full-grizli-v7.4-f444w-clear_drc_sci.fits,0.0399999999999993,False,False,False
150,equal_burden,untested,0.93045,0.013910135,99.838554,ceers-full,38405,609693,214.999191332802,52.918315394933465,570780,1,25.2839207395285,86.76736434566196,0.0952580427956112,2.710632562637329,False,0,False,,,0,0,0,0,,,,,False,False,False,False,False,False,False,False,False,False,3.5576248,3.3030095,2.9051015,2.1972861,2.0270085,1.7549214,1.3837628,3.102912,3.6225262,3.650649,4.505958,4.8344135,5.2126126,5.156411,0.2546153,0.3979081,0.70781547,0.17027737,0.27208725,0.3711585,1.1057236,0.44236463,0.64324576,-4.4743986,-3.2863715,1.1880274,-1.0210984,0.07744333,7.0,7.0,,0.5662309170263922,1.6152801546068627,14.175585421737464,22.89754181166688,25.03499013473462,True,,ceers-full-grizli-v7.4-f444w-clear_drc_sci.fits,0.0399999999999993,True,True,False
151,equal_burden,untested,0.9301192,0.019314833,99.83834,primer-uds-north,2565,22104,34.25371072247165,-5.206839437462894,21036,1,25.99145002719016,14.010756560992494,0.1147870521754643,6.349544048309326,False,0,False,,,0,0,0,0,,,,,False,False,False,False,False,False,False,False,False,False,3.0533245,2.2817404,2.7868996,2.7966647,2.3809896,1.7955663,2.0908692,2.3567002,3.1007037,2.8295884,3.0189736,3.560565,4.0830483,3.3342438,0.7715841,-0.5051592,-0.0097650895,0.41567504,0.5854233,-0.2953029,-0.5149243,1.0010984,0.29012042,0.9937163,-2.230947,-3.2246633,-0.9401071,0.16724187,7.0,7.0,,0.4399947790445747,1.9887799935967445,5.614262890669218,11.165533715755569,12.759839793690942,True,,primer-uds-north-grizli-v7.2-f444w-clear_drc_sci.fits,0.0399999999999996,False,False,False
152,equal_burden,untested,0.9295469,0.015396034,99.83749,primer-uds-north,83027,138549,34.49101358920479,-5.086630981780307,132575,1,25.956607179695112,19.305435301542023,0.1037781432390556,6.519639015197754,False,0,False,,,0,0,0,0,,,,,False,False,False,False,False,False,False,False,False,False,3.4572167,2.7841759,2.677513,2.8172853,2.2392173,1.4819031,2.0560625,2.0576665,2.6674602,2.9334192,3.0194595,3.8189104,4.5477242,3.654204,0.6730409,0.10666289,-0.1397724,0.5780681,0.7573142,-0.57415944,-0.033109505,1.3353823,0.1831548,-0.6602186,-1.9763665,-1.3161479,-0.9838941,0.12345486,7.0,7.0,,0.5262203048324319,1.6962105411299109,7.05999159274897,11.97523215990935,13.416418043764264,True,,primer-uds-north-grizli-v7.2-f444w-clear_drc_sci.fits,0.0399999999999996,True,True,True
153,equal_burden,untested,0.9291886,0.012308343,99.83727,primer-uds-south,49248,134155,34.48205578971091,-5.23955343150629,128353,1,27.386296066007432,12.224191092986777,0.0820679876713217,4.857516288757324,False,0,False,,,0,0,0,0,,,,,False,False,False,False,False,False,False,False,False,False,4.833991,4.878543,4.7060223,4.773993,3.7935412,3.4043992,3.4787843,1.0932943,1.5330716,1.8437136,1.9219923,3.100236,3.5736473,3.198233,-0.04455178,0.17252088,-0.067971,0.980452,0.38914195,-0.074385084,0.104549885,1.369594,0.31475687,-0.28292894,-1.5309858,-1.2480569,-1.0858262,0.024872081,7.0,5.0,,0.6058863145642994,1.5238469392547869,2.147775220742151,3.272880696335201,3.544848545203804,True,,primer-uds-south-grizli-v7.2-f444w-clear_drc_sci.fits,0.0399999999999996,True,True,True
154,equal_burden,untested,0.9280127,0.014755583,99.83641,primer-uds-south,16776,136195,34.48631953638294,-5.292315967750305,130311,1,26.62748699914663,24.217537102093345,0.07908911391944,3.4604151248931885,False,0,False,,,0,0,0,0,,,,,False,False,False,False,False,False,False,False,False,False,5.31087,4.9222813,5.0512314,3.559127,3.1517658,3.0510314,2.725616,0.60037214,1.4660703,1.4541835,3.080653,3.7730534,3.952433,3.8806503,0.38858885,-0.12894976,1.4921042,0.4073613,0.100734405,0.3254154,1.3631544,0.5080957,0.42614982,-6.4210434,-2.145344,4.275699,-1.1018833,0.008815007,6.0,4.0,,0.6252510060916044,1.5292200385349235,4.637569409054614,7.09186407042288,7.417132261879434,True,,primer-uds-south-grizli-v7.2-f444w-clear_drc_sci.fits,0.0399999999999996,True,True,True
155,equal_burden,untested,0.9274573,0.011418312,99.83598,primer-uds-north,36443,142423,34.49856842923535,-5.154175735282453,136290,1,26.63996191141512,19.430391969325463,0.0827285511370332,5.166412353515625,False,0,False,,,0,0,0,0,,,,,False,False,False,False,False,False,False,False,False,False,4.3988514,4.59015,4.486265,3.997077,3.1891525,3.7193067,2.7380476,1.7253715,1.5778195,1.8758429,2.5247657,3.5698917,3.150632,3.6606472,-0.19129853,0.103884615,0.48918825,0.80792457,-0.5301543,0.98125935,0.5930729,0.27777025,0.451105,-1.5625832,-2.280415,-0.7178318,-1.0823445,0.025004385,7.0,5.0,,0.574787892277917,1.5674339148826173,4.383952011845364,6.871555064584305,7.627077867753117,True,,primer-uds-north-grizli-v7.2-f444w-clear_drc_sci.fits,0.0399999999999996,True,True,True
156,equal_burden,untested,0.9271606,0.01435263,99.83577,primer-uds-north,5507,23281,34.256870968899605,-5.201541924545604,22165,1,19.90368312057725,2055.9568078402563,0.1176616890374034,0.6642786264419556,True,8,False,,,0,0,0,0,,,,,False,False,False,False,False,False,False,False,False,False,-0.753903,-1.0689305,-1.7531664,-2.3732724,-2.8467143,-3.4233892,-3.996317,5.6585407,5.9908786,6.729061,7.3419704,7.7688575,8.118012,8.321644,0.31502756,0.6842359,0.6201061,0.47344184,0.57667494,0.5729276,1.304342,1.0501168,1.1496025,-4.846605,-5.7247796,-0.87817436,-0.9293649,0.17798404,7.0,7.0,,0.5259043344437788,1.7177794097014794,1663.1291745622875,2856.889051736915,3162.4176977382995,True,,primer-uds-north-grizli-v7.2-f444w-clear_drc_sci.fits,0.0399999999999996,True,False,False
157,equal_burden,untested,0.92667913,0.017139142,99.835556,gds-sw,18871,158064,53.0377668070391,-27.89034144310049,150986,1,26.85715393278597,68.86188481058291,0.0912394195927582,5.461877822875977,False,0,False,,,0,0,0,0,,,,,False,False,False,False,False,False,False,False,False,False,3.5241034,3.2654278,3.3889775,3.2738538,3.2517424,2.4459062,2.9543014,4.2833223,4.6380644,4.5507007,4.665395,4.8609304,5.4011703,4.9253025,0.25867572,-0.1235498,0.11512382,0.02211136,0.80583626,-0.5083953,-0.008425976,0.8279476,0.29744095,-0.41256943,-1.4871904,-1.074621,-1.0398175,0.06753148,7.0,7.0,,0.534838200253842,1.6888994206779968,3.258642143663816,5.503518828630725,6.092762525409025,True,,gds-sw-grizli-v7.0-f444w-clear_drc_sci.fits,0.0399999999999996,True,True,True
158,equal_burden,untested,0.9266408,0.013238592,99.83534,primer-uds-north,39359,89980,34.38823308770491,-5.150353794727621,85915,1,26.89086085459341,14.4558837235188,0.0888459372712895,5.634453773498535,False,0,False,,,0,0,0,0,,,,,False,False,False,False,False,False,False,False,False,False,3.3672812,3.698306,3.8866737,3.6769311,3.6050148,2.891463,2.9878263,2.8196833,2.5332522,2.552591,2.9139163,3.142188,3.8697917,3.365443,-0.33102506,-0.18836765,0.20974262,0.07191629,0.71355194,-0.096363395,0.021374969,0.7854682,0.6171885,0.87441176,-2.7047124,-3.5791242,-1.0513624,0.05598654,7.0,7.0,,0.5842790742479079,1.551775642974064,3.3859497172423647,5.25423429955162,5.795089823473151,True,,primer-uds-north-grizli-v7.2-f444w-clear_drc_sci.fits,0.0399999999999996,True,True,True
159,equal_burden,untested,0.9265483,0.014019462,99.83513,gds-sw,21906,152739,53.01446126329616,-27.885489988330907,146129,1,26.758613532408283,71.71300935247443,0.1044952766677685,7.242180824279785,False,0,False,,,0,0,0,0,,,,,False,False,False,False,False,False,False,False,False,False,5.577021,3.68032,3.4882302,3.7682571,3.738973,3.761191,2.856233,1.4171597,4.1873503,4.3971677,4.1772027,4.4750705,4.4028735,4.965868,1.8967012,0.19208981,-0.28002697,0.02928432,-0.022218078,0.90495795,-0.087937176,0.007066244,0.8827399,-0.6557171,-4.8390465,-4.183329,-0.9809033,0.12644562,7.0,6.0,,0.5422336415043141,1.6466980473784758,3.3197503733079974,5.4666264575102455,6.122361504716016,True,,gds-sw-grizli-v7.0-f444w-clear_drc_sci.fits,0.0399999999999996,True,True,True
160,equal_burden,secure z>3 (V untested),0.9257089,0.014931221,99.83448,primer-cosmos-west,63242,330045,150.08160955879214,2.2937529235410605,308313,1,25.133610297815768,91.9442118023288,0.1226247784730122,5.671898365020752,False,0,False,,,3,0,0,3,3.0,5.733410800000001,G140M;G235M;G395M,bluejay-south-v4_g140m-f100lp_1810_11247.spec.fits;bluejay-south-v4_g235m-f170lp_1810_11247.spec.fits;bluejay-south-v4_g395m-f290lp_1810_11247.spec.fits,False,False,False,False,False,False,False,False,False,False,2.7421618,2.0898046,2.1456776,1.8869281,1.6352723,0.6370996,1.2334906,3.3088298,4.2413297,4.332963,4.641293,5.11438,5.820546,5.214359,0.65235704,-0.055872962,0.25874946,0.25165588,0.9981726,-0.59639096,0.20287651,1.2498285,0.40178162,-1.3844558,-1.8865764,-0.5021206,-0.9114218,0.1959272,7.0,7.0,,0.4349830284146633,2.0421289723934573,11.934359549751823,24.371501403508734,27.436379743935586,True,,primer-cosmos-west-grizli-v7.4-f444w-clear_drc_sci.fits,0.0399999999999996,False,False,False
161,equal_burden,untested,0.9251557,0.017918497,99.83427,ceers-full,75404,574135,214.8632472625013,52.90486028081799,537080,1,25.574921073610792,52.82448427049548,0.0903615844545192,1.1021041870117188,False,0,False,,,0,0,0,0,,,,,False,False,False,False,False,False,False,False,False,False,2.3578799,1.668776,1.8876296,2.4337265,2.4506562,2.0842874,1.6746513,4.1815076,4.9258795,4.578434,4.3399262,4.4725995,4.797123,4.6602116,0.6891038,-0.2188536,-0.5460969,-0.016929692,0.36636883,0.40963614,-0.7649505,0.3494391,0.77600497,1.2231867,-3.8948107,-5.1179976,-1.0440161,0.054525517,7.0,7.0,,0.5676631323845927,1.6229499009866308,11.070826750688475,17.967397178870005,19.502458622216764,True,,ceers-full-grizli-v7.4-f444w-clear_drc_sci.fits,0.0399999999999993,True,True,False
162,equal_burden,secure z>3 (V untested),0.92380446,0.014589233,99.83341,ceers-full,71893,565084,214.8245409893102,52.86885893237702,528503,1,27.032460252614776,21.94610680384598,0.0804163852667768,5.760770320892334,False,0,False,,,3,0,0,3,3.0,6.100539346293438,G140M;G235M;G395M,ceers-v4_g140m-f100lp_1345_428.spec.fits;ceers-v4_g235m-f170lp_1345_428.spec.fits;ceers-v4_g395m-f290lp_1345_428.spec.fits,False,False,False,False,False,False,False,False,False,False,3.1384103,3.7494528,3.934832,3.7181754,3.7232568,2.9260962,3.1285264,3.635247,3.330877,3.0542307,3.3934467,3.630382,4.3624744,3.7822556,-0.61104256,-0.18537936,0.21665668,-0.0050813733,0.7971605,-0.20243005,0.03127734,0.79207915,0.59473044,1.7698314,-2.7128296,-4.4826612,-1.0946554,0.003886226,7.0,7.0,,0.6720714391495906,1.4493425236748336,3.654103920437972,5.296048197817674,5.437076637361221,True,,ceers-full-grizli-v7.4-f444w-clear_drc_sci.fits,0.0399999999999993,True,True,True
163,equal_burden,untested,0.92322755,0.018857192,99.832985,primer-cosmos-west,75343,342909,150.09159388942075,2.324901451177097,319686,1,27.372512684568623,12.783137741986224,0.0988263609625667,7.044177532196045,False,0,False,,,0,0,0,0,,,,,False,False,False,False,False,False,False,False,False,False,5.872949,4.0723195,4.1818438,4.6073704,4.2213964,3.6308746,3.4651873,-0.08443096,2.2135353,2.3073003,1.8664924,2.87771,3.2157369,3.2428005,1.8006296,-0.109524354,-0.4255264,0.3859737,0.5905218,0.16568738,-0.53505075,0.9764955,0.7562092,0.4743297,-3.55781,-4.03214,-1.0051272,0.10222177,6.0,6.0,,0.501481025353247,1.7607664539299932,1.8534337471667932,3.2634639665930543,3.695919991910403,True,,primer-cosmos-west-grizli-v7.4-f444w-clear_drc_sci.fits,0.0399999999999996,True,False,False
164,equal_burden,untested,0.9225541,0.016946284,99.83234,primer-uds-south,63058,101474,34.411595938875365,-5.215910036853007,96974,1,19.87690199828861,1938.780894591752,0.1098054171473619,0.2711286842823028,True,14,False,,,0,0,0,0,,,,,False,False,False,False,False,False,False,False,False,False,-3.3491468,-3.109317,-3.0591176,-3.185086,-3.1844158,-3.6296272,-4.023098,7.8138037,7.670946,7.7454906,7.9061847,8.007966,8.260414,8.262962,-0.23982976,-0.050199565,0.12596843,-0.0006701146,0.44521135,0.39347073,0.07576886,0.44454125,0.83868206,0.45182386,-4.1817865,-4.6336102,-0.9593762,0.15132207,7.0,7.0,,,,,,,False,aperture d020 covers a NaN or non-finite pixel,primer-uds-south-grizli-v7.2-f444w-clear_drc_sci.fits,0.0399999999999996,False,False,False
165,equal_burden,untested,0.9205931,0.01513004,99.831696,primer-uds-north,71451,8043,34.22184427291793,-5.105146888816957,7592,1,24.271817737824293,195.7678650324777,0.0827669515506269,1.0212352275848389,True,10,False,,,0,0,0,0,,,,,False,False,False,False,False,False,False,False,False,False,6.130281,5.0617666,6.5787735,7.5034256,6.806603,7.492498,0.37179327,-1.2565329,0.8067515,-1.3709092,-1.3015726,-0.80337447,-1.1071591,5.970083,1.0685142,-1.5170069,-0.9246518,0.6968223,-0.68589485,7.1207047,-2.4416587,0.010927385,6.4348097,2.871015,-35.50886,-38.37988,-1.0821431,0.025205925,1.0,1.0,,0.6350854570267105,1.5626366748250649,45.3794590803768,70.91160704272009,71.45409893785086,True,,primer-uds-north-grizli-v7.2-f444w-clear_drc_sci.fits,0.0399999999999996,True,True,False
166,equal_burden,untested,0.92048806,0.011939696,99.83148,gdn,77058,473878,189.1206374314361,62.29118433230798,442521,1,24.57603414490236,125.2670691402443,0.1167582342888478,3.983385324478149,False,0,False,,,1,0,0,0,1.0,,PRISM,jades-gdn2-v4_prism-clear_1181_70932.spec.fits,False,False,False,False,False,False,False,False,False,False,5.0821395,5.292775,4.148518,2.4113264,1.3541976,0.91385317,0.6759913,1.1526103,1.3730474,2.34719,4.1101007,5.1489067,5.593708,5.523611,-0.21063532,1.1442567,1.7371919,1.0571288,0.44034442,0.23786187,2.8814485,1.4974732,0.67820626,-10.862722,-3.3312194,7.5315022,-0.9327125,0.17463648,7.0,5.0,,0.4870638902317124,1.840037802521724,21.8983022674408,40.29370398313826,44.95981473195037,True,,gdn-grizli-v7.4-f444w-clear_drc_sci.fits,0.0399999999999996,False,False,False
167,equal_burden,untested,0.9202832,0.01750873,99.831055,gdn,58575,469655,189.0930797571833,62.2567134201719,438477,2,25.22666417983804,73.9792303116498,0.0842947899563409,2.881605386734009,False,0,False,,,0,0,0,0,,,,,False,False,False,False,False,False,False,False,False,False,3.640597,3.610023,3.2891078,2.0097835,1.6040726,1.2884893,1.3265221,3.0357933,3.2361538,3.15282,4.41031,4.875859,5.402468,4.9969773,0.030573998,0.32091525,1.2793243,0.40571102,0.31558317,-0.03803275,1.6002395,0.7212942,0.27755043,-5.838971,-1.3329889,4.5059824,-1.0741993,0.0331497,7.0,7.0,,0.6139285120185678,1.5195907769543333,16.72283360723717,25.411863714099567,27.23905679547817,True,,gdn-grizli-v7.4-f444w-clear_drc_sci.fits,0.0399999999999996,True,True,False
168,equal_burden,untested,0.92022294,0.009504745,99.83084,gdn,33653,509298,189.26206845910136,62.21209231184111,475884,1,26.726442257735936,44.30803152360203,0.1179872116097862,7.20126485824585,False,0,False,,,0,0,0,0,,,,,False,False,False,False,False,False,False,False,False,False,5.7673516,3.8530905,3.6994617,3.6292968,3.775143,3.5680244,2.8241982,0.2565239,3.5306013,3.4710956,3.9191875,3.77441,4.052721,4.4844403,1.9142609,0.15362895,0.070164815,-0.145846,0.20711847,0.7438261,0.22379376,0.061272476,0.95094454,-2.1732414,-5.3206687,-3.1474273,-0.9281651,0.1791839,6.0,6.0,,0.4901314145721654,1.7841658979361523,3.067091916398668,5.472200803074143,6.257692988473153,True,,gdn-grizli-v7.4-f444w-clear_drc_sci.fits,0.0399999999999996,False,False,False
169,equal_burden,untested,0.9201071,0.016511558,99.83063,gdn,11289,531903,189.33268100010804,62.165313651992776,497114,1,21.15706204319933,989.8802036238392,0.115463912734496,2.272526502609253,False,1,False,,,0,0,0,0,,,,,False,False,False,False,False,False,False,False,False,False,0.38059524,-0.100382224,-0.84002745,-1.3408906,-1.6577702,-2.209288,-2.742938,6.1217165,6.29696,6.647283,6.9086013,7.04033,7.3838215,7.590731,0.48097748,0.7396452,0.5008632,0.3168795,0.5515177,0.53365016,1.2405083,0.8683973,1.0851679,-5.1455255,-5.405466,-0.25994024,-0.9375537,0.16979523,7.0,7.0,,0.5229007733812155,1.7343578802304322,537.2640529773233,931.8081440457612,1027.468461182857,True,,gdn-grizli-v7.4-f444w-clear_drc_sci.fits,0.0399999999999996,True,False,False
170,equal_burden,untested,0.9197943,0.014128482,99.83019,primer-cosmos-west,82992,361262,150.10566132461565,2.354010412419116,335924,1,26.73060930149802,6.188221533232118,0.0,0.9650753140449524,True,17,False,,,0,0,0,0,,,,,False,False,False,False,False,False,False,False,False,False,3.8984683,9.777605,10.422065,9.585995,9.573906,4.085224,2.8283482,1.0153939,-2.6458516,-3.4487793,-2.3860428,-2.3112748,1.5743701,2.5222604,-5.879137,-0.6444592,0.83607006,0.012088748,5.488682,1.256876,0.19161084,5.50077,6.745558,2.1708865,-33.410923,-35.58181,-2.39794,-1.290591,3.0,1.0,,0.2785872653950434,2.5579241133051336,1.6561726525158549,4.236363963666829,5.944897194663088,True,,primer-cosmos-west-grizli-v7.4-f444w-clear_drc_sci.fits,0.0399999999999996,False,False,False
171,equal_burden,untested,0.9197429,0.020211568,99.82998,primer-uds-north,68077,141205,34.49620192683707,-5.109687841576989,135126,1,26.93620673459947,10.327246242150451,0.1290017707368148,6.455857753753662,False,0,False,,,0,0,0,0,,,,,False,False,False,False,False,False,False,False,False,False,4.0526867,4.216317,5.88085,4.046042,3.9169118,2.8129473,3.0329092,1.7895218,1.6232567,0.1478842,2.147889,2.5434551,3.622346,3.0302687,-0.16363034,-1.6645328,1.8348079,0.1291303,1.1039644,-0.21996178,0.17027508,1.2330948,0.8840027,-0.10149847,-2.5432909,-2.4417922,-0.88940436,0.21794464,6.0,4.0,,0.4688938311354375,1.8722876520129064,2.369825115964508,4.436994302050402,5.054076122575382,True,,primer-uds-north-grizli-v7.2-f444w-clear_drc_sci.fits,0.0399999999999996,False,False,False
172,equal_burden,untested,0.9196627,0.0149860885,99.829765,primer-uds-south,35440,16383,34.240588205220654,-5.261320026814452,15529,1,26.96932327172457,8.523448289724548,0.1019527604635791,0.7907684445381165,False,1,False,,,0,0,0,0,,,,,False,False,False,False,False,False,False,False,False,False,2.7005613,2.2893326,3.3170009,5.9420023,3.780434,3.2566361,3.0658193,2.7285502,3.0334604,2.3218482,0.19633548,2.6130123,3.1496649,2.8393917,0.41122878,-1.0276685,-2.6250014,2.1615686,0.52379763,0.19081698,-3.65267,2.6853664,0.71461457,2.0777128,-3.4440129,-5.5217257,-0.991601,0.119097285,6.0,6.0,,0.6172230523290145,1.4799280343738743,2.9797617301047654,4.4098329201364415,4.827690279650128,True,,primer-uds-south-grizli-v7.2-f444w-clear_drc_sci.fits,0.0399999999999996,True,True,False
173,equal_burden,untested,0.9195615,0.012272719,99.82955,primer-uds-north,17826,129503,34.47268698787604,-5.179783182731432,123877,1,24.652860088695608,76.30174692959675,0.1515020893746313,3.5274651050567627,False,0,False,,,0,0,0,0,,,,,False,False,False,False,False,False,False,False,False,False,3.9128618,5.1792874,4.257446,3.1624632,1.9949782,1.4873255,0.7528107,1.7175199,0.66820186,1.6439823,2.8590546,4.243139,4.75521,5.027886,-1.2664255,0.9218416,1.0949827,1.167485,0.50765264,0.73451483,2.0168242,1.6751376,1.2421675,-3.0339346,-6.624162,-3.5902274,-0.8195814,0.2877676,6.0,4.0,,0.416161874830091,2.0926363955637304,15.524051229323176,32.48619460907755,37.30291544765189,True,,primer-uds-north-grizli-v7.2-f444w-clear_drc_sci.fits,0.0399999999999996,False,False,False
174,equal_burden,untested,0.9193557,0.009954145,99.82934,gds-sw,10195,181857,53.0851302054818,-27.906353764756886,172891,1,26.48441149369336,28.25657546097308,0.0790627504721582,8.215897560119629,False,0,False,,,0,0,0,0,,,,,False,False,False,False,False,False,False,False,False,False,5.2454433,3.7388432,3.4218159,3.4158254,3.5092423,3.5192208,2.582973,1.0239865,2.6033168,3.4855497,3.6014016,3.6919014,3.7072475,4.034786,1.5066003,0.31702748,0.0059904014,-0.093416914,-0.009978447,0.93624765,0.32301787,-0.103395365,0.9262692,-1.3825929,-4.987689,-3.6050959,-1.1020281,0.0053208848,7.0,6.0,,0.5291157640348577,1.749937153438185,4.898172894544,8.571494732126402,9.25728021632202,True,,gds-sw-grizli-v7.0-f444w-clear_drc_sci.fits,0.0399999999999996,True,False,False
175,equal_burden,untested,0.91924417,0.018116677,99.829124,primer-uds-north,50424,12268,34.231405943522965,-5.134826253123952,11499,3,25.79477017899129,87.8151999906419,0.1012957343936706,4.044164657592773,False,0,False,,,0,0,0,0,,,,,False,False,False,False,False,False,False,False,False,False,2.9945154,3.0195549,3.1352057,2.6195972,2.1767888,1.8862389,1.8943658,4.0974073,3.725263,3.9083135,3.5055845,5.1191645,5.220546,5.168414,-0.025039567,-0.11565096,0.5156087,0.4428082,0.29054993,-0.008126837,0.3999578,0.73335814,0.2824231,-0.4270872,-1.4166754,-0.9895882,-0.99440885,0.112940125,7.0,7.0,,0.5550729114573826,1.6624367276727168,8.476027697427904,14.090859748975356,15.270115911752033,True,,primer-uds-north-grizli-v7.2-f444w-clear_drc_sci.fits,0.0399999999999996,True,True,True
176,equal_burden,untested,0.9189647,0.0153938355,99.82891,gdn,77151,491702,189.2063853759697,62.29153255592713,459426,1,25.15923451438256,71.62078246034126,0.0817257082158976,3.084151268005371,False,0,False,,,0,0,0,0,,,,,False,False,False,False,False,False,False,False,False,False,3.8410113,3.5463889,2.930819,2.0785708,1.6699505,1.2192891,1.259109,3.0065718,3.4661107,3.204315,4.1839223,4.5045924,5.461734,4.964581,0.29462233,0.6155698,0.85224843,0.40862024,0.4506614,-0.039819956,1.4678181,0.85928166,0.41084144,-5.7088046,-1.4650341,4.2437706,-1.0876414,0.01970766,7.0,7.0,,0.6139816118934943,1.5141157027826786,18.08616466299952,27.384545919360765,29.4571764245879,True,,gdn-grizli-v7.4-f444w-clear_drc_sci.fits,0.0399999999999996,True,True,True
177,equal_burden,untested,0.91786575,0.014327676,99.82826,ceers-full,12791,594922,214.93956290655248,52.82553115316325,556758,1,24.42055120046892,163.99646816902376,0.1257803199655101,1.760225772857666,False,0,False,,,0,0,0,0,,,,,False,False,False,False,False,False,False,False,False,False,4.5952344,4.3009295,2.9007287,2.1847663,1.2641752,1.0082195,0.520519,1.6697178,2.701788,3.5329905,4.4454365,5.3081136,5.4997287,5.793001,0.29430452,1.4002012,0.7159623,0.9205911,0.25595573,0.4877004,2.1161635,1.1765468,0.74365616,-7.286754,-3.7115934,3.5751607,-0.9003873,0.19815437,7.0,6.0,,0.4640454637469466,1.9154056007071087,23.94256795006985,45.85972874687433,51.59530653902959,True,,ceers-full-grizli-v7.4-f444w-clear_drc_sci.fits,0.0399999999999993,False,False,False
178,equal_burden,untested,0.9173195,0.007857435,99.827835,gdn,32323,517040,189.28635450650648,62.20923121733335,483106,2,26.91297421920237,33.26748060763514,0.1119812853123817,0.7255398035049438,False,2,False,,,0,0,0,0,,,,,False,False,False,False,False,False,False,False,False,False,2.0535872,4.228987,3.751459,1.7564859,4.2324038,3.9825463,3.009814,5.0416665,2.8794587,3.0974493,5.280733,3.0717983,3.438203,4.197953,-2.1754003,0.47752848,1.994973,-2.4759178,0.24985749,0.9727322,2.4725013,-2.2260604,1.2225897,-0.90682703,-7.197192,-6.290365,-0.95085454,0.15649441,7.0,7.0,,0.2977956790766596,2.588169510326486,2.16625457372458,5.606634039319257,7.274298204867286,True,,gdn-grizli-v7.4-f444w-clear_drc_sci.fits,0.0399999999999996,False,False,False
179,equal_burden,untested,0.91696995,0.01844204,99.82741,primer-uds-north,49454,143370,34.500458446847986,-5.136080842989153,137205,1,27.00680166034046,10.552146271605542,0.0958968328621719,7.153970241546631,False,0,False,,,0,0,0,0,,,,,False,False,False,False,False,False,False,False,False,False,4.767339,3.211363,3.9292812,3.77433,4.167671,3.4824693,3.1030483,1.0624825,2.5664077,2.0803037,2.3929415,2.4178762,3.0988216,3.0517142,1.5559762,-0.71791834,0.15495148,-0.3933415,0.685202,0.37942094,-0.5629668,0.29186046,1.0646229,1.5544571,-4.982894,-6.537351,-1.0181957,0.08915323,7.0,6.0,,0.5346968275738327,1.6795607191479096,2.790046280602861,4.686052137505292,5.217996697797132,True,,primer-uds-north-grizli-v7.2-f444w-clear_drc_sci.fits,0.0399999999999996,True,True,True
180,equal_burden,untested,0.9163508,0.014691577,99.827194,primer-uds-north,11767,150931,34.52420723709553,-5.189736305895687,144404,1,23.12576660603656,218.66215787003003,0.128014068576191,3.485020875930786,False,1,False,,,0,0,0,0,,,,,False,False,False,False,False,False,False,False,False,False,6.297398,4.8960695,3.8581889,1.7555783,0.43344182,-0.2459957,-0.7742364,-0.34006333,0.7208899,1.7586739,3.8710423,5.0294,5.990557,6.0806804,1.4013283,1.0378807,2.1026106,1.3221365,0.6794375,0.5282407,3.1404912,2.001574,1.2076782,-15.114475,-5.979347,9.135128,-0.8927423,0.21460667,5.0,4.0,,0.487237210546912,1.8204455206885972,77.84282016643293,141.70861328975084,159.7637012966564,True,,primer-uds-north-grizli-v7.2-f444w-clear_drc_sci.fits,0.0399999999999996,False,False,False
181,equal_burden,untested,0.9163173,0.014543777,99.82698,gdn,72104,485397,189.1797919626304,62.28239481745326,453402,2,26.41163899894223,21.63440551831778,0.1394402195030512,7.271052837371826,False,0,False,,,4,0,0,0,,,G140M;G235M;G395M;PRISM,jades-gdn2-v4_g140m-f070lp_1181_1129.spec.fits;jades-gdn2-v4_g235m-f170lp_1181_1129.spec.fits;jades-gdn2-v4_g395m-f290lp_1181_1129.spec.fits;jades-gdn2-v4_prism-clear_1181_1129.spec.fits,False,False,False,False,False,False,False,False,False,False,4.662146,3.5467765,3.3404036,4.033806,3.3540394,3.3280513,2.5103807,1.7879896,3.088333,2.7307315,2.3035958,3.1975658,3.5295587,3.7679658,1.1153699,0.20637283,-0.69340205,0.6797662,0.025988188,0.8176706,-0.4870292,0.70575434,0.84365875,-0.44796595,-4.965094,-4.517128,-0.8556119,0.25173703,7.0,6.0,,0.4801840224131991,1.7760194212728513,3.47130740805482,6.165109373913682,7.229118933631978,True,,gdn-grizli-v7.4-f444w-clear_drc_sci.fits,0.0399999999999996,False,False,False
182,equal_burden,untested,0.91617227,0.021624468,99.82634,primer-cosmos-east,84229,414889,150.15880784502008,2.488651118467075,385982,1,27.24473297345022,31.346602433568748,0.0923875513719173,7.181118965148926,False,0,False,,,0,0,0,0,,,,,False,False,False,False,False,False,False,False,False,False,5.3040733,4.1456504,3.8760586,4.5013766,4.052332,3.9826477,3.3389318,0.40344125,1.6776195,3.2747996,1.4689296,2.426835,2.5515213,4.1385074,1.1584228,0.2695918,-0.6253178,0.4490447,0.069684125,0.6437159,-0.35572597,0.5187288,0.71340007,-0.52820706,-4.2446795,-3.7164724,-1.0343865,0.07463386,6.0,4.0,,0.5769839309550573,1.5721782892787264,2.4720324661879856,3.886475773732898,4.284404354374539,True,,primer-cosmos-east-grizli-v7.4-f444w-clear_drc_sci.fits,0.0399999999999996,True,True,True
183,equal_burden,untested,0.9160904,0.017921744,99.82612,ceers-full,59106,597585,214.94935068085712,52.930588522274384,559276,1,27.13820958853844,20.109336478007148,0.0989467807310009,6.407260417938232,False,0,False,,,0,0,0,0,,,,,False,False,False,False,False,False,False,False,False,False,4.868083,4.1819463,3.9705563,3.6219056,3.528646,2.6400611,3.2334352,1.7624018,2.552903,2.583705,3.5428104,3.5240242,4.3939967,3.6949492,0.6861365,0.2113901,0.34865066,0.09325978,0.8885848,-0.5933741,0.5600408,0.9818446,0.2952107,-2.9185529,-0.92823017,1.9903227,-1.0045984,0.09394335,7.0,6.0,,0.5057001216766482,1.824112736373411,2.318757131393375,4.22967441593133,4.585241395049576,True,,ceers-full-grizli-v7.4-f444w-clear_drc_sci.fits,0.0399999999999993,True,False,False
184,equal_burden,untested,0.915829,0.012288582,99.825905,primer-cosmos-east,79076,439963,150.19371181894098,2.463636251608311,409967,1,25.14386447038904,32.53871956790204,0.1569074376538177,5.525169372558594,False,0,False,,,0,0,0,0,,,,,False,False,False,False,False,False,False,False,False,False,3.0109398,4.285104,3.3688457,3.4488955,2.148675,1.5928488,1.2437425,2.2244782,1.4335345,2.2768316,2.232961,3.847274,4.1148357,4.175814,-1.2741638,0.91625786,-0.08004984,1.3002205,0.5558263,0.34910625,0.83620805,1.8560468,0.90493256,1.017199,-4.438686,-5.4558854,-0.80435646,0.30466393,7.0,6.0,,0.3818359884306564,2.171406777236638,9.12793147386531,19.820452264502748,23.90537233376312,True,,primer-cosmos-east-grizli-v7.4-f444w-clear_drc_sci.fits,0.0399999999999996,False,False,False
185,equal_burden,untested,0.91575295,0.015887193,99.82569,gdn,52713,477788,189.14323447654093,62.24641790113604,446263,1,27.548472439529952,10.847603663153008,0.1011667594803249,2.444974899291992,False,0,False,,,0,0,0,0,,,,,False,False,False,False,False,False,False,False,False,False,5.6780896,5.4095373,6.526312,6.395297,4.990002,4.495767,3.6383812,0.3712794,1.3914173,-0.8521236,-0.41661033,2.0961843,2.874404,3.0792093,0.2685521,-1.1167746,0.131015,1.405295,0.49423498,0.85738564,-0.98575956,1.8995299,1.3516207,2.8003192,-7.5734525,-10.373772,-0.99496216,0.11238681,4.0,3.0,,0.5265970002592261,1.623815362951515,1.606088554729166,2.607991269429814,3.0499386702517146,True,,gdn-grizli-v7.4-f444w-clear_drc_sci.fits,0.0399999999999996,True,True,False
186,equal_burden,untested,0.9154911,0.021074558,99.825264,gds,26380,209804,53.13375834904074,-27.82552095023865,198881,1,27.29810804707896,29.06808216384453,0.0856461823088122,7.136090278625488,True,6,False,,,0,0,0,0,,,,,False,False,False,False,False,False,False,False,False,False,5.9056506,5.2363486,5.358441,6.2547636,6.664926,5.545103,3.3917127,-0.38431653,2.1229095,1.7914329,-0.3452199,-0.6572394,2.3585088,4.0630836,0.669302,-0.12209233,-0.8963229,-0.41016215,1.119823,2.1533902,-1.0184152,0.7096608,3.2732131,1.3544806,-18.669651,-20.024132,-1.067292,0.040056974,4.0,3.0,,0.6359518681083873,1.4594761380713284,2.4286442849908325,3.544548381807423,3.8189121013430394,True,,gds-grizli-v7.2-f444w-clear_drc_sci.fits,0.0399999999999996,True,True,False
187,equal_burden,untested,0.91547793,0.0171897,99.82505,primer-cosmos-east,51382,403729,150.1466303626527,2.355852508930649,375400,1,27.0787497121418,18.228884826806933,0.0882086682391953,5.462644577026367,False,0,False,,,0,0,0,0,,,,,False,False,False,False,False,False,False,False,False,False,3.6984005,4.3349643,3.3487663,3.7318246,3.638736,2.8764687,3.1744678,2.599006,2.074176,3.1956506,3.000079,3.4568868,4.151627,3.5969062,-0.6365638,0.98619795,-0.38305822,0.09308864,0.7622673,-0.29799902,0.6031397,0.8553559,0.4642683,-0.21520205,-2.0806262,-1.8654243,-1.0544888,0.054531667,7.0,7.0,,0.6330978236795026,1.5497618101171868,3.135724114528743,4.859625479760178,4.952985142650185,True,,primer-cosmos-east-grizli-v7.4-f444w-clear_drc_sci.fits,0.0399999999999996,True,True,True
188,equal_burden,untested,0.91509956,0.017143607,99.82462,gds,62366,251254,53.201181675788895,-27.7528664925986,237306,1,26.087450607646257,90.56182088082208,0.0977059747785881,2.668238878250122,False,0,False,,,0,0,0,0,,,,,False,False,False,False,False,False,False,False,False,False,4.8484435,4.8448343,3.8823743,3.0187101,2.6739771,2.3093216,2.1867576,2.574729,2.7977462,3.7277043,4.378121,5.087908,5.2141643,5.19921,0.003609099,0.9624602,0.86366403,0.34473294,0.36465567,0.12256402,1.8261242,0.7093886,0.4872197,-6.3781567,-2.4122396,3.9659169,-1.0100789,0.09727009,7.0,7.0,,0.5345914962057502,1.6982703012292504,6.441150049420673,10.938813834692448,12.048732714860927,True,,gds-grizli-v7.2-f444w-clear_drc_sci.fits,0.0399999999999996,True,True,False
189,equal_burden,untested,0.9148677,0.017238745,99.82441,primer-cosmos-east,40865,402905,150.1458035355799,2.3180980804135123,374614,1,24.91102003644444,116.881776422614,0.125723514387151,5.674586296081543,False,0,False,,,0,0,0,0,,,,,False,False,False,False,False,False,False,False,False,False,3.1738298,2.482616,2.2220647,1.9694953,1.5547653,1.0034659,1.0109406,3.0808458,3.779327,4.1984024,4.8940654,5.26395,5.6594563,5.4543285,0.69121397,0.26055115,0.25256938,0.41473,0.55129945,-0.007474689,0.51312053,0.9660294,0.54382473,-2.5179536,-2.6640964,-0.14614259,-0.9005835,0.20843692,7.0,7.0,,0.4233901766119926,2.043123361431027,13.944837259855564,28.49102277696473,32.93613794123294,True,,primer-cosmos-east-grizli-v7.4-f444w-clear_drc_sci.fits,0.0399999999999996,False,False,False
190,equal_burden,untested,0.91458493,0.01751308,99.824196,primer-cosmos-west,3703,307762,150.06280726555343,2.1498824003571886,288463,1,26.070570706936422,81.69271571723574,0.0785085039657954,3.168988943099976,False,0,False,,,0,0,0,0,,,,,False,False,False,False,False,False,False,False,False,False,5.6083755,4.4790573,4.010888,2.8295915,2.8592434,2.326621,2.1698987,0.46467283,2.4792569,3.4231417,4.6346717,4.739396,5.256228,5.0961494,1.1293182,0.4681693,1.1812965,-0.029651713,0.53262216,0.15672228,1.6494658,0.50297046,0.68934447,-8.503148,-3.2001457,5.303002,-1.1050833,0.0022656678,6.0,6.0,,0.6452644169739022,1.47824848732099,8.33524423248383,12.32156217812023,12.917563735458469,True,,primer-cosmos-west-grizli-v7.4-f444w-clear_drc_sci.fits,0.0399999999999996,True,True,True
191,equal_burden,untested,0.9140516,0.011042123,99.82376,ceers-full,33413,609918,215.0001757385007,52.9077437660452,570991,1,25.67123049856257,60.78894401209054,0.0979530056705755,5.176787376403809,False,0,False,,,0,0,0,0,,,,,False,False,False,False,False,False,False,False,False,False,3.3178525,2.943326,3.3085887,3.076051,1.8769473,2.7564516,1.7709084,3.4843218,3.9351995,3.2423837,3.6631908,4.939563,4.3483453,4.800623,0.37452647,-0.36526266,0.23253787,1.1991036,-0.87950426,0.9855432,-0.13272479,0.31959933,0.10603891,-0.16308501,-0.24258056,-0.07949555,-1.0089822,0.08955944,7.0,7.0,,0.5791138896438275,1.572899665153389,9.787791853458192,15.395214528895462,16.901324641821283,True,,ceers-full-grizli-v7.4-f444w-clear_drc_sci.fits,0.0399999999999993,True,True,True
192,equal_burden,untested,0.91375834,0.0160587,99.82333,primer-uds-south,29217,148672,34.51394583163817,-5.271386301585369,142261,1,26.945469806554502,16.942177470219082,0.1271788403363043,4.976034164428711,True,4,False,,,0,0,0,0,,,,,False,False,False,False,False,False,False,False,False,False,3.3177502,7.545341,5.2475786,5.8328743,3.3403068,3.1156712,3.0421157,2.078285,-1.7427704,1.0828103,0.51221776,3.4682555,3.778809,3.5238233,-4.227591,2.2977626,-0.5852958,2.4925675,0.22463563,0.073555514,1.7124668,2.7172031,0.29819113,8.88678,-1.4899402,-10.37672,-0.8955851,0.21511316,5.0,4.0,,0.2966966317577074,2.6998757664686748,2.5643451961902946,6.923413452054535,8.642987218959824,True,,primer-uds-south-grizli-v7.2-f444w-clear_drc_sci.fits,0.0399999999999996,False,False,False
193,equal_burden,untested,0.9133369,0.016135318,99.82291,primer-uds-south,50674,19145,34.24662451243963,-5.237095583610596,18187,1,26.30348968478616,16.63280999309041,0.1070882433591041,0.2098517417907714,False,0,False,,,0,0,0,0,,,,,False,False,False,False,False,False,False,False,False,False,4.492229,4.218611,3.868012,3.0373337,3.395792,2.784494,2.4024584,1.2578893,1.552328,2.0665767,3.0517535,3.0550842,3.626446,3.505427,0.27361813,0.35059863,0.83067834,-0.35845837,0.6112981,0.38203564,1.1812769,0.2528397,0.99333376,-5.0074973,-4.797591,0.20990588,-0.9702582,0.14044009,7.0,5.0,,0.6169371333896195,1.506924419901729,5.58769687480019,8.420236871644981,9.05715764603092,True,,primer-uds-south-grizli-v7.2-f444w-clear_drc_sci.fits,0.0399999999999996,True,True,False
194,equal_burden,untested,0.91307443,0.018884799,99.82269,primer-uds-south,3216,89725,34.387746290638844,-5.317765754275737,85690,1,25.736383949818617,17.04674664572549,0.1306460100418909,4.975265502929688,False,0,False,,,0,0,0,0,,,,,False,False,False,False,False,False,False,False,False,False,3.725956,3.3443418,3.635345,3.396975,2.408604,2.0920703,1.8360208,1.6492281,2.0038757,1.9184818,2.3277402,3.4479947,3.7673912,3.5299659,0.3816143,-0.29100338,0.2383701,0.9883711,0.3165335,0.25604957,-0.052633286,1.3049046,0.5725831,-0.47111785,-2.8543532,-2.3832355,-0.88390386,0.22679445,7.0,6.0,,0.4898237566653406,1.7388951102824213,7.032009048446864,12.227926149805992,14.356202517248056,True,,primer-uds-south-grizli-v7.2-f444w-clear_drc_sci.fits,0.0399999999999996,False,False,False
195,equal_burden,untested,0.91209716,0.015898468,99.822266,primer-uds-north,46636,88077,34.38432865949471,-5.14029921878004,84099,1,23.28400901105873,309.70273969662804,0.1276756038763626,2.349573373794556,False,0,False,,,0,0,0,0,,,,,False,False,False,False,False,False,False,False,False,False,4.779095,3.8647752,2.849869,1.5089325,0.6333999,-0.13776909,-0.61599493,1.2118717,2.1486897,3.2697997,4.637976,5.6625786,6.323791,6.428763,0.91432,1.0149062,1.3409365,0.87553257,0.771169,0.47822586,2.3558428,1.6467016,1.2493949,-10.506941,-6.2531166,4.253824,-0.89389205,0.21345688,7.0,6.0,,0.4524201232767618,1.9624885089000257,66.36019515809753,130.23112044612952,146.6782570975575,True,,primer-uds-north-grizli-v7.2-f444w-clear_drc_sci.fits,0.0399999999999996,False,False,False
196,equal_burden,untested,0.9119922,0.016136847,99.82205,primer-cosmos-east,47421,412525,150.15617270745642,2.3421669610871385,383741,1,26.99052314473261,19.53224283711536,0.0888993445854073,5.161008834838867,False,0,False,,,0,0,0,0,,,,,False,False,False,False,False,False,False,False,False,False,5.0306463,4.884933,3.9238632,4.5522885,3.1785448,4.033471,3.0868802,1.228779,1.5182712,2.6594992,2.88238,3.9276967,3.2052445,3.6658685,0.1457133,0.96106994,-0.6284254,1.3737438,-0.8549263,0.9465909,0.3326445,0.5188175,0.09166462,0.52178717,-0.057039704,-0.5788269,-1.0511014,0.057918962,7.0,5.0,,0.5925504553557891,1.573679839681717,2.999168125675671,4.719730415191807,5.061456114947815,True,,primer-cosmos-east-grizli-v7.4-f444w-clear_drc_sci.fits,0.0399999999999996,True,True,True
197,equal_burden,untested,0.911918,0.021205625,99.82183,primer-uds-south,26587,123217,34.45898801736921,-5.275603969358951,117866,1,26.95215236062373,13.58483609011089,0.0901805930374423,4.544827461242676,False,0,False,,,0,0,0,0,,,,,False,False,False,False,False,False,False,False,False,False,4.1315236,3.9550736,4.167017,3.8260577,3.381888,2.917743,3.0487568,2.1830776,2.3537488,2.323452,2.8470812,3.4168584,3.8995433,3.3034532,0.17644994,-0.21194342,0.34095925,0.44416982,0.4641448,-0.13101387,0.12901585,0.90831465,0.33313093,-0.7955247,-1.9623052,-1.1667805,-1.044887,0.06581138,7.0,7.0,,0.6685171663875026,1.4111869322231445,3.556947594330926,5.019517963722353,5.320652592291339,True,,primer-uds-south-grizli-v7.2-f444w-clear_drc_sci.fits,0.0399999999999996,True,True,True
198,equal_burden,untested,0.9118914,0.018911747,99.82162,ceers-full,80587,597740,214.94986256577693,52.9800462107344,559422,1,26.396243775757192,22.696140253589054,0.1056030409434165,6.777820587158203,False,0,False,,,0,0,0,0,,,,,False,False,False,False,False,False,False,False,False,False,3.6711783,2.8979256,3.1483788,3.0999236,3.0526693,2.1975663,2.4950206,3.0945585,3.80884,3.4410439,3.7502496,3.9265091,4.7219834,3.8158271,0.77325284,-0.25045314,0.048455104,0.04725425,0.8551031,-0.29745433,-0.20199804,0.90235734,0.5576488,-0.26665735,-3.4935114,-3.2268543,-0.9763236,0.1222181,7.0,7.0,,0.5187067912104251,1.7473597314223597,5.024764315015134,8.780070823945502,9.687099533224975,True,,ceers-full-grizli-v7.4-f444w-clear_drc_sci.fits,0.0399999999999993,True,False,False
199,equal_burden,untested,0.91129875,0.019879505,99.82098,primer-cosmos-east,85877,401974,150.14482579520396,2.497429657303354,373727,1,26.717489886285748,45.149929271621865,0.1043802910342496,7.190888404846191,False,0,False,,,0,0,0,0,,,,,False,False,False,False,False,False,False,False,False,False,7.2471323,3.4521167,3.6043599,3.5984912,3.4911652,3.198792,2.8152826,-1.095348,2.077369,3.607566,2.1341777,2.775289,2.8647902,4.5032587,3.7950156,-0.15224312,0.005868669,0.10732603,0.29237315,0.38350952,-0.14637446,0.39969918,0.67588264,-2.7397473,-3.5125613,-0.7728141,-0.9813815,0.1276389,6.0,6.0,,0.5437862269426099,1.6756489909504078,3.550168746840713,5.948836678347314,6.528611007309294,True,,primer-cosmos-east-grizli-v7.4-f444w-clear_drc_sci.fits,0.0399999999999996,True,True,True
200,equal_burden,untested,0.9112347,0.014869399,99.82076,primer-uds-south,9055,92794,34.39401475751669,-5.305541104819099,88625,1,26.640593603944584,9.20178481513227,0.0316240086025553,17.63808250427246,True,5,False,,,0,0,0,0,,,,,False,False,False,False,False,False,False,False,False,False,7.2908487,8.266358,6.8391356,6.7887683,2.8176458,2.9311526,2.738677,-1.3008467,-1.8369963,-0.6891488,-0.5296998,3.2775722,3.1520944,2.9154842,-0.97550994,1.4272231,0.05036708,3.9711227,-0.1135068,0.19247566,1.4775902,3.857616,0.07896887,-1.7675968,-0.15903515,1.6085618,-1.4999831,-0.3892848,3.0,3.0,,0.9699761678348436,1.0675892229854735,7.107392509765247,7.587775646953054,7.327388801345697,True,,primer-uds-south-grizli-v7.2-f444w-clear_drc_sci.fits,0.0399999999999996,False,True,False
201,equal_burden,untested,0.91112995,0.019424228,99.82055,gdn,57074,462945,189.04501285870668,62.253934534158034,432077,1,26.824108890119927,15.468457814694109,0.087499350532735,7.00368070602417,False,0,False,,,0,0,0,0,,,,,False,False,False,False,False,False,False,False,False,False,4.5493135,3.9976988,3.8414185,3.853103,3.3968437,3.0016954,2.9214242,1.8611704,2.5295794,2.1999764,2.3946748,2.8472247,3.8204398,3.4329934,0.55161494,0.15628019,-0.0116843,0.45625916,0.39514837,0.08027113,0.14459589,0.8514075,0.4754195,-1.4781373,-1.8945893,-0.41645205,-1.0579952,0.049353797,7.0,7.0,,0.5884853630852319,1.6344890636126803,3.8589768564364304,6.307455468579787,6.557472961103239,True,,gdn-grizli-v7.4-f444w-clear_drc_sci.fits,0.0399999999999996,True,True,True
202,equal_burden,untested,0.9109006,0.013750637,99.82012,primer-uds-south,29313,58903,34.324922598101104,-5.271315681984029,56166,1,23.945490794397283,151.36054591307254,0.1462823061934505,2.7513911724090576,False,0,False,,,0,0,0,0,,,,,False,False,False,False,False,False,False,False,False,False,4.0099506,5.3158917,3.616659,2.4895794,1.4023153,0.7157192,0.04547738,2.0324974,0.78310364,2.5973306,3.8113122,4.960236,5.5522504,5.712823,-1.3059409,1.6992326,1.1270796,1.0872642,0.686596,0.67024183,2.826312,1.7738602,1.3568379,-5.8811584,-6.8214855,-0.94032735,-0.83480823,0.27589008,6.0,6.0,,0.44546510106283,1.966899457506553,32.644247506619294,64.20795271147914,73.28126811445782,True,,primer-uds-south-grizli-v7.2-f444w-clear_drc_sci.fits,0.0399999999999996,False,False,False
203,equal_burden,untested,0.91068596,0.016474478,99.81969,primer-uds-south,64518,26685,34.26524426408484,-5.212584269217306,25429,1,26.11828883401684,13.063569358779969,0.1264536871177707,6.895554065704346,False,0,False,,,0,0,0,0,,,,,False,False,False,False,False,False,False,False,False,False,3.8733735,2.4450798,2.7843308,2.9315588,3.020427,2.1783483,2.2175553,1.4627279,2.8196554,2.710299,2.7858162,2.9867854,3.7480583,3.2644362,1.4282938,-0.3392511,-0.14722796,-0.088868186,0.8420787,-0.039206948,-0.48647907,0.7532105,0.8028717,1.2849752,-3.4492617,-4.7342367,-0.8980685,0.2126298,7.0,6.0,,0.389877343917585,2.253440291359955,4.486921738704214,10.11101023017494,11.508547005113204,True,,primer-uds-south-grizli-v7.2-f444w-clear_drc_sci.fits,0.0399999999999996,False,False,False
204,equal_burden,untested,0.91017854,0.031647753,99.81947,primer-cosmos-west,28061,339522,150.0888626956852,2.20702767143995,316660,1,26.040025473379075,72.72119304273546,0.1195553890130154,3.978969812393189,False,0,False,,,0,0,0,0,,,,,False,False,False,False,False,False,False,False,False,False,3.3757322,3.6505842,3.7018094,3.1995733,2.622127,2.2555535,2.1393905,3.2370212,3.2531362,3.6200922,4.271589,4.7663665,5.1704063,4.9798274,-0.27485207,-0.05122521,0.5022363,0.57744604,0.36657375,0.11616302,0.45101112,0.9440198,0.4827368,-1.2226485,-2.3306048,-1.1079562,-0.9224308,0.18491812,7.0,7.0,,0.4861511409955654,1.8494199545575587,5.915125894374718,10.93955186277673,12.167257043275509,True,,primer-cosmos-west-grizli-v7.4-f444w-clear_drc_sci.fits,0.0399999999999996,False,False,False
205,equal_burden,untested,0.9101715,0.033909522,99.81926,primer-uds-south,15463,33684,34.281626823505185,-5.294529000813138,32167,1,26.64586216666023,9.793689966487287,0.1041743861698541,6.297310829162598,False,0,False,,,0,0,0,0,,,,,False,False,False,False,False,False,False,False,False,False,3.5463817,2.750696,3.086862,3.3847485,3.077766,2.4147277,2.7439268,2.0122604,2.704764,2.5727818,2.5347922,3.0664365,3.7235835,2.9774818,0.7956858,-0.33616605,-0.2978865,0.30698252,0.6630383,-0.32919922,-0.6340526,0.97002083,0.3338391,1.130593,-2.1618855,-3.2924783,-0.98223907,0.12845924,7.0,7.0,,0.4684604730088669,1.918392321484388,3.0835466285755597,5.915452175198425,6.582298414144313,True,,primer-uds-south-grizli-v7.2-f444w-clear_drc_sci.fits,0.0399999999999996,False,False,False
206,equal_burden,untested,0.91001457,0.021244368,99.819046,primer-cosmos-west,26963,379632,150.12240792271575,2.2042679094023936,352615,1,27.334017989110123,11.00742175325854,0.1080872793903776,8.192423820495605,False,0,False,,,0,0,0,0,,,,,False,False,False,False,False,False,False,False,False,False,6.5275564,5.6931643,4.2876973,6.450595,4.4388514,4.4236846,3.4271894,-0.54680663,0.41936353,1.9961691,-0.3776333,2.3936093,2.373588,3.0937738,0.8343922,1.4054669,-2.1628973,2.0117438,0.015166369,0.99649537,-0.75743055,2.02691,1.0116618,-1.0891426,-5.680819,-4.591676,-0.9662254,0.14112355,4.0,4.0,,0.5187957712402066,1.6782998379583274,1.7747621992120377,2.9785831113521275,3.420926494773429,True,,primer-cosmos-west-grizli-v7.4-f444w-clear_drc_sci.fits,0.0399999999999996,True,True,True
207,equal_burden,untested,0.9093102,0.020314764,99.818405,ceers-full,9887,620376,215.0470494532079,52.89748224947375,580816,1,26.97675193754326,29.069457228194683,0.1325412803819711,7.967041492462158,False,0,False,,,0,0,0,0,,,,,False,False,False,False,False,False,False,False,False,False,6.5028563,4.4995418,3.954152,4.11742,4.0440865,3.7155972,3.0731997,-1.4174294,2.73889,3.1403964,3.1981091,3.5059595,3.854372,4.063131,2.0033145,0.5453895,-0.16326821,0.07333379,0.32848933,0.6423974,0.3821213,0.40182313,0.9708867,-2.6974435,-5.1693845,-2.471941,-0.87764883,0.22089285,6.0,6.0,,0.3454179626897724,2.4730408609775174,1.8191316485189148,4.498786898284668,5.266465108975,True,,ceers-full-grizli-v7.4-f444w-clear_drc_sci.fits,0.0399999999999993,False,False,False
208,equal_burden,untested,0.9087779,0.014859779,99.81798,primer-uds-south,9043,43780,34.299753429609794,-5.305577264411743,41799,1,27.46677716959828,10.273076843906647,0.0891187247009368,4.8545098304748535,False,0,False,,,0,0,0,0,,,,,False,False,False,False,False,False,False,False,False,False,4.140708,4.5702295,4.8783507,5.248902,4.1919394,3.581665,3.5580792,1.5087342,1.6866357,1.5002967,1.2242538,2.6307943,3.3069594,3.0250342,-0.42952147,-0.30812123,-0.3705513,1.0569626,0.61027414,0.02358592,-0.6786725,1.6672367,0.63386005,3.1403327,-2.676447,-5.8167796,-1.0500311,0.06066726,7.0,3.0,,0.6078853432623658,1.5398224462422485,2.116492369797656,3.259022458314881,3.481729561760744,True,,primer-uds-south-grizli-v7.2-f444w-clear_drc_sci.fits,0.0399999999999996,True,True,True
209,equal_burden,untested,0.90841067,0.0122177815,99.81733,primer-cosmos-east,29422,377172,150.11996703682797,2.2806836092868283,350247,2,26.57556126879333,28.341041938257323,0.11100586253014,7.350825786590576,False,0,False,,,0,0,0,0,,,,,False,False,False,False,False,False,False,False,False,False,6.041084,3.736692,3.5018482,3.6399453,3.6053507,3.6419158,2.6738605,-0.39926305,2.6380258,3.0405746,3.0465217,3.5443995,3.5215952,4.0377693,2.3043919,0.23484373,-0.13809706,0.034594595,-0.036564976,0.96805525,0.096746676,-0.001970379,0.93149024,-1.0825797,-5.1596813,-4.0771017,-0.9546541,0.15436631,6.0,6.0,,0.5375795324615512,1.7207682632309471,3.75051314558614,6.453763991755099,6.976666556505078,True,,primer-cosmos-east-grizli-v7.4-f444w-clear_drc_sci.fits,0.0399999999999996,True,False,False
210,equal_burden,untested,0.9082403,0.016834296,99.817116,gds,62117,253188,53.21165886160462,-27.75383111361005,239123,1,22.959703803930704,597.63427259329,0.1297130880517517,2.059286594390869,False,0,False,,,0,0,0,0,,,,,False,False,False,False,False,False,False,False,False,False,5.2680817,4.297162,2.7267256,1.5104476,0.30608085,-0.45481226,-0.9402984,1.9232041,3.3239422,4.6778913,5.563083,6.4886894,6.851149,7.086127,0.9709194,1.5704365,1.2162781,1.2043668,0.7608931,0.48548612,2.7867146,1.9652599,1.2463793,-10.452035,-6.236195,4.2158403,-0.8870162,0.22033277,7.0,7.0,,0.4367633467186519,2.0287752667593404,86.38993073375266,175.26575476969,197.79574312448452,True,,gds-grizli-v7.2-f444w-clear_drc_sci.fits,0.0399999999999996,False,False,False
211,equal_burden,untested,0.9073444,0.018777058,99.81669,primer-cosmos-west,96787,323830,150.07685900399295,2.4097825543344986,302825,1,26.59901485799596,14.39121485525344,0.1236989119527095,7.030199527740479,False,0,False,,,0,0,0,0,,,,,False,False,False,False,False,False,False,False,False,False,5.202315,4.3045015,4.362379,3.716551,3.4773605,2.9041216,2.6972392,0.40817854,1.4676013,1.4406712,2.5527673,2.900221,3.5074174,3.36097,0.8978133,-0.057877645,0.64582795,0.23919055,0.57323897,0.20688236,0.58795035,0.8124295,0.78012127,-3.2424428,-3.573414,-0.33097136,-0.90763414,0.19971484,6.0,4.0,,0.468391136225337,1.8998885224876103,3.3391374244794734,6.343988867777391,7.1289509263323385,True,,primer-cosmos-west-grizli-v7.4-f444w-clear_drc_sci.fits,0.0399999999999996,False,False,False
212,equal_burden,untested,0.90706986,0.013733848,99.816475,primer-uds-south,56362,116525,34.443864201033065,-5.2273749989851215,111423,1,26.74984918934096,17.294501813190422,0.1201547655588898,10.472740173339844,False,0,False,,,0,0,0,0,,,,,False,False,False,False,False,False,False,False,False,False,5.6128182,7.1265674,4.430595,3.9139254,3.9439833,3.662457,2.8475065,0.3224405,-1.3631144,2.0351481,2.7267087,2.9770632,3.263281,3.5443707,-1.5137492,2.6959727,0.5166695,-0.03005786,0.28152618,0.81495047,3.2126422,0.2514683,1.0964766,-7.708291,-5.9649906,1.7433004,-0.920259,0.1904393,5.0,5.0,,0.3956965222376731,2.1829723340492158,2.7697768244154566,6.046346179189633,6.999750234731161,True,,primer-uds-south-grizli-v7.2-f444w-clear_drc_sci.fits,0.0399999999999996,False,False,False
213,equal_burden,untested,0.90696454,0.015866913,99.81626,primer-uds-south,17287,56998,34.32164253471564,-5.291484690447464,54369,1,26.98891858375742,16.3503619563046,0.0936937299098881,5.719809532165527,False,0,False,,,0,0,0,0,,,,,False,False,False,False,False,False,False,False,False,False,3.5888858,3.7031267,3.962486,3.762997,3.1682687,2.6838984,3.0852864,2.291146,2.6533844,2.551241,2.853045,3.6500878,4.190104,3.488331,-0.1142409,-0.25935927,0.1994891,0.5947282,0.4843704,-0.40138802,-0.059870176,1.0790986,0.08298239,0.43956417,-1.0282718,-1.4678359,-1.0282894,0.08240882,7.0,7.0,,0.5424163773727203,1.7310329728349478,2.8749544949475028,4.976641026154172,5.300272290583851,True,,primer-uds-south-grizli-v7.2-f444w-clear_drc_sci.fits,0.0399999999999996,True,False,False
214,equal_burden,untested,0.90694535,0.020442737,99.81605,primer-cosmos-east,68789,434757,150.1853512977053,2.420286824244783,404963,1,21.26305240701201,752.4461998911806,0.1062932892963058,0.5171523094177246,True,5,False,,,0,0,0,0,,,,,False,False,False,False,False,False,False,False,False,False,-1.2777202,-1.3044126,-1.6020877,-1.6550715,-1.9197272,-2.2379267,-2.6369476,6.3060083,6.459871,6.7661443,6.792489,6.978792,7.0073447,7.3164773,0.026692318,0.29767513,0.05298375,0.2646557,0.31819955,0.399021,0.35065886,0.5828552,0.71722054,-1.2467746,-3.5625706,-2.315796,-0.9734942,0.13552625,7.0,7.0,,0.5775611434461994,1.586926699608835,544.0036488609196,863.2939150620227,941.897935887708,True,,primer-cosmos-east-grizli-v7.4-f444w-clear_drc_sci.fits,0.0399999999999996,True,True,False
215,equal_burden,untested,0.9067471,0.020275287,99.815834,primer-uds-south,19173,64461,34.33512007478283,-5.288414443618985,61466,1,26.69743684226969,11.233264218546443,0.1093045329739736,8.105244636535645,False,0,False,,,0,0,0,0,,,,,False,False,False,False,False,False,False,False,False,False,5.0792136,4.0440335,3.0493386,3.8308048,3.4119196,3.2140806,2.7953093,0.79260147,1.8096936,2.9050953,2.3900313,2.9975789,3.204736,3.114002,1.03518,0.9946949,-0.78146625,0.41888535,0.19783911,0.4187712,0.21322866,0.61672443,0.61661035,0.27505124,-3.100103,-3.375154,-0.9613618,0.14933647,6.0,5.0,,0.4567280067739576,1.996473554130434,3.277309304379856,6.543061354899991,7.175625877486098,True,,primer-uds-south-grizli-v7.2-f444w-clear_drc_sci.fits,0.0399999999999996,False,False,False
216,equal_burden,secure z>3 (V untested),0.9066284,0.023078175,99.81561,ceers-full,46333,589472,214.9183185472611,52.8793652883359,551583,1,26.09758721122976,50.56952654553927,0.096889224098025,5.681485652923584,False,0,False,,,1,0,0,1,3.0,5.66226,G395M,rubies-egs62-v4_g395m-f290lp_4233_42630.spec.fits,False,False,False,False,False,False,False,False,False,False,2.2899423,2.363845,2.4548533,2.6025505,2.610594,2.1519341,2.196881,4.637405,4.692942,4.468808,4.502859,4.586913,5.0433593,4.6165943,-0.07390282,-0.09100823,-0.1476971,-0.008043524,0.45865977,-0.044946965,-0.23870534,0.45061627,0.41371283,0.89596146,-2.109886,-3.0058472,-1.0137246,0.084817156,7.0,7.0,,0.5443719153472482,1.68193999208681,6.494551484596636,10.923445872609848,11.930357355878364,True,,ceers-full-grizli-v7.4-f444w-clear_drc_sci.fits,0.0399999999999993,True,True,True
217,equal_burden,untested,0.9065185,0.017764946,99.8154,ceers-full,37530,583677,214.89764344030672,52.84371987458453,546111,1,27.210102156091008,13.913772213315042,0.1020655034471395,5.4313483238220215,False,0,False,,,0,0,0,0,,,,,False,False,False,False,False,False,False,False,False,False,4.0537815,3.9939086,3.9778173,4.5706506,3.481638,3.0827858,3.3046567,2.9059398,3.1162264,3.0331237,2.5604422,3.6433995,3.9734201,3.327315,0.059872784,0.016091203,-0.5928334,1.0890129,0.3988522,-0.22187102,-0.5767422,1.487865,0.17698118,0.9852445,-1.5178388,-2.5030832,-0.991121,0.10742066,7.0,7.0,,0.4919943343762357,1.94485554961917,2.033949709186593,3.9557383795578422,4.134091730477531,True,,ceers-full-grizli-v7.4-f444w-clear_drc_sci.fits,0.0399999999999993,False,False,False
218,equal_burden,untested,0.9063497,0.020915434,99.815186,primer-uds-north,37041,116379,34.44352100177103,-5.153568118054408,111283,2,26.70769538597081,16.726611858966983,0.1135015238415751,5.171557903289795,False,0,False,,,0,0,0,0,,,,,False,False,False,False,False,False,False,False,False,False,4.7534995,3.8250554,4.2651134,3.977012,3.1507547,3.5762691,2.8055272,1.3004135,2.2723634,2.0283325,2.4661765,3.5272362,3.1269937,3.5110404,0.928444,-0.44005787,0.28810135,0.8262572,-0.42551446,0.77074176,-0.15195656,0.40074274,0.3452273,-0.4332408,-1.6285733,-1.1953325,-0.9449983,0.16235065,7.0,6.0,,0.5284786050069742,1.714859506268822,3.687098990647749,6.322856754666471,6.976817898993454,True,,primer-uds-north-grizli-v7.2-f444w-clear_drc_sci.fits,0.0399999999999996,True,False,False
219,equal_burden,untested,0.9058546,0.017721355,99.81476,gds-sw,66327,174603,53.07408074801353,-27.80400586758836,166223,1,26.18781257188072,48.00436105179522,0.1059025309297131,5.4605889320373535,False,0,False,,,0,0,0,0,,,,,False,False,False,False,False,False,False,False,False,False,3.187749,2.868242,2.9941967,2.8245294,2.7032528,1.9917277,2.286979,3.419166,3.838376,3.758194,4.0568967,4.374549,4.9938807,4.5645475,0.31950676,-0.1259544,0.16966705,0.12127671,0.7115251,-0.29525125,0.043712653,0.83280176,0.41627383,-0.6653434,-1.7189145,-1.0535711,-0.97509366,0.1322553,7.0,7.0,,0.4961025537027766,1.7409154579772288,5.438587638034772,9.4681212886186,10.96262778218457,True,,gds-sw-grizli-v7.0-f444w-clear_drc_sci.fits,0.0399999999999996,False,False,False
220,equal_burden,untested,0.90492356,0.017769344,99.81412,gdn,47401,465304,189.06331392841145,62.23729373276733,434329,1,27.13016359969935,16.65778618333648,0.1101197397303679,5.158478736877441,False,0,False,,,0,0,0,0,,,,,False,False,False,False,False,False,False,False,False,False,4.7221193,4.9027534,4.147648,4.661824,3.6046395,3.78319,3.225459,1.7137638,1.6806132,2.1276214,1.8445477,3.4360433,3.4948323,3.5069246,-0.18063422,0.7551056,-0.5141764,1.0571847,-0.17855053,0.5577311,0.24092917,0.87863415,0.37918055,-0.94290733,-1.8963412,-0.9534339,-0.95813483,0.14921415,7.0,5.0,,0.515706558228193,1.7952519562117577,2.325821058613589,4.175434805274547,4.509969907313929,True,,gdn-grizli-v7.4-f444w-clear_drc_sci.fits,0.0399999999999996,True,False,False
221,equal_burden,untested,0.9035231,0.014831533,99.81369,gds,17145,184813,53.089729489902346,-27.845222951700286,175614,1,25.109174814975525,195.30084614121165,0.1386435800638042,4.931926727294922,False,0,False,,,0,0,0,0,,,,,False,False,False,False,False,False,False,False,False,False,2.7544403,2.764133,2.596881,2.5693235,1.5327792,1.1063406,1.2090604,4.765662,4.855191,5.01026,5.0068245,5.824862,6.0699944,5.9676948,-0.00969267,0.16725197,0.027557384,1.0365444,0.4264385,-0.10271974,0.19480936,1.462983,0.32371876,-0.64078313,-1.6694424,-1.0286593,-0.85810024,0.24924873,7.0,7.0,,0.3663058454547769,2.4306600567156824,9.326000238716125,22.6683362691682,25.45959982467024,True,,gds-grizli-v7.2-f444w-clear_drc_sci.fits,0.0399999999999996,False,False,False
222,equal_burden,untested,0.90291035,0.020949565,99.813255,ceers-full,43601,599540,214.9562273671616,52.89981787238062,561130,1,27.291430413722203,18.543676375852296,0.1193923260034452,4.429160118103027,False,0,False,,,0,0,0,0,,,,,False,False,False,False,False,False,False,False,False,False,4.732216,5.575597,4.8476586,4.878735,4.208578,3.3953192,3.3851125,1.7248938,1.0914354,1.7807485,1.9637469,3.255364,4.09439,3.6140022,-0.84338135,0.7279383,-0.031076133,0.67015666,0.8132589,0.01020672,0.69686216,1.4834156,0.82346565,-0.30201825,-3.4430351,-3.141017,-0.9230236,0.1755181,7.0,4.0,,0.3781503699600202,2.221790116719132,1.8954974179253237,4.211397429413117,5.012549420818296,True,,ceers-full-grizli-v7.4-f444w-clear_drc_sci.fits,0.0399999999999993,False,False,False
223,equal_burden,secure z>3 (V untested),0.9024998,0.019816104,99.81283,gds,66962,227532,53.15825454994965,-27.740911563355365,215234,3,27.55719615608172,27.8891487496568,0.0956888839921987,5.9661149978637695,False,0,False,,,2,0,0,1,3.0,5.74706,G140M;G235M,gds-rieke-v4_g140m-f100lp_1207_218515.spec.fits;gds-rieke-v4_g235m-f170lp_1207_218515.spec.fits,False,False,False,False,False,False,False,False,False,False,4.721234,4.1753864,4.408246,4.606961,4.406099,3.9834268,3.6469438,2.7110622,3.4836936,3.217331,2.9084594,3.6495907,3.7903285,4.021706,0.5458474,-0.23285949,-0.19871478,0.20086192,0.4226721,0.33648288,-0.43157429,0.623534,0.759155,0.35573527,-3.769675,-4.12541,-1.0191385,0.088210456,7.0,7.0,,0.5595480984661345,1.6046112450602843,1.873133731137629,3.005651448485167,3.347583051881279,True,,gds-grizli-v7.2-f444w-clear_drc_sci.fits,0.0399999999999996,True,True,True
224,equal_burden,untested,0.9022207,0.027181301,99.812614,gdn,88945,512152,189.270454869318,62.32102485941621,478553,1,26.983883189914422,32.72483895767238,0.1070646626519286,7.112341403961182,False,0,False,,,0,0,0,0,,,,,False,False,False,False,False,False,False,False,False,False,6.3716044,4.0118246,4.034994,3.863819,3.878996,3.4929407,3.0802844,-1.5249306,3.0903182,3.1379974,3.3088949,3.7554696,3.9277415,4.1815147,2.3597798,-0.023169436,0.17117527,-0.015176934,0.38605502,0.41265643,0.14800583,0.37087807,0.7987115,-2.6146157,-4.026415,-1.4117996,-0.97035384,0.13699512,6.0,6.0,,0.503470460060243,1.7961991182921373,2.638944165853913,4.740069183928979,5.241507447205839,True,,gdn-grizli-v7.4-f444w-clear_drc_sci.fits,0.0399999999999996,True,False,False
225,equal_burden,secure z>3 (V untested),0.90216243,0.021323211,99.8124,ceers-full,44782,557952,214.78802142339043,52.78154329807045,521704,1,26.98818803959016,14.772462977471504,0.0890001128888921,5.694694995880127,False,0,False,,,1,0,0,1,3.0,5.6874,G395M,rubies-egs53-v4_g395m-f290lp_4233_41260.spec.fits,False,False,False,False,False,False,False,False,False,False,3.0825267,3.1420975,3.4227648,3.3930185,3.3794277,2.5706253,3.0845606,3.5306153,3.6272988,3.2181902,3.4424531,3.5904899,4.354639,3.3870556,-0.059570953,-0.2806672,0.029746275,0.013590858,0.8088023,-0.5139354,-0.2509209,0.8223931,0.2948669,1.026626,-2.7244585,-3.7510843,-1.0506095,0.047932237,7.0,7.0,,0.6184372532703605,1.566883306648305,2.782191740789135,4.359369794537284,4.498745387792562,True,,ceers-full-grizli-v7.4-f444w-clear_drc_sci.fits,0.0399999999999993,True,True,True
226,equal_burden,secure z>3 (V untested),0.90137506,0.023849366,99.81176,gdn,83894,483678,189.17219372996968,62.30563966124714,451840,2,27.11351773502172,15.619376115778136,0.0968027860090539,5.646497249603272,False,0,False,,,3,0,0,2,3.0,5.5874897,G235H;G395H;PRISM,gdn-chisholm-v4_g235h-f170lp_1871_63.spec.fits;gdn-chisholm-v4_g395h-f290lp_1871_63.spec.fits;goodsn-wide1-v4_prism-clear_1211_2586.spec.fits,False,False,False,False,False,False,False,False,False,False,3.420831,3.0930872,3.4243023,3.5421128,3.4102633,2.5295136,3.2089543,3.0615637,3.6022763,2.9968414,3.0959034,3.451494,4.3795514,3.4426825,0.32774356,-0.331215,-0.11781054,0.13184954,0.8807498,-0.6794408,-0.4490255,1.0125993,0.20130898,0.8939819,-1.4298095,-2.3237913,-1.0141121,0.09323683,7.0,7.0,,0.6056002103955395,1.6121717539399694,2.6798694838490693,4.3204098861071545,4.425146223279462,True,,gdn-grizli-v7.4-f444w-clear_drc_sci.fits,0.0399999999999996,True,True,True
227,equal_burden,secure low-z,0.90059155,0.017903784,99.81155,primer-cosmos-west,87440,317972,150.0722911758689,2.370852915962518,297653,1,25.64842764143977,38.56268164118063,0.0777443441434132,3.633253812789917,False,0,False,,,1,0,1,0,3.0,2.9895852,G235M,valentino-cosmos04-v4_g235m-f170lp_3567_51372.spec.fits,False,False,False,False,False,False,False,False,False,False,4.0607133,3.9413812,3.6000729,2.6908076,1.9332299,1.9782704,1.7481188,1.8013297,2.0363572,2.5386167,3.4506135,4.467458,4.3247614,4.3456,0.11933231,0.3413082,0.9092654,0.7575776,-0.04504047,0.23015162,1.2505736,0.7125371,0.18511115,-5.066396,-0.8434456,4.2229505,-1.1093313,-0.0019822298,7.0,6.0,,0.6302124456954051,1.487627806172637,11.860803817268684,17.64446156212745,18.820326222185173,True,,primer-cosmos-west-grizli-v7.4-f444w-clear_drc_sci.fits,0.0399999999999996,True,True,False
228,equal_burden,untested,0.8992168,0.014857298,99.810684,primer-uds-south,8988,77405,34.36136583286787,-5.305676719641683,73857,1,26.705407473707275,9.11151344829558,0.0259733378029616,5.141359806060791,False,2,False,,,0,0,0,0,,,,,False,False,False,False,False,False,False,False,False,False,6.0954027,5.1866717,6.444455,5.0975614,2.8882182,2.9137564,2.8032484,-0.25368357,0.62989587,-0.3804587,0.9653749,3.2693067,3.2492404,2.9056838,0.90873086,-1.2577837,1.3468939,2.2093432,-0.025538025,0.110507764,0.089110255,2.1838052,0.08496974,-2.05908,-0.30223098,1.7568488,-1.5854722,-0.47477394,4.0,3.0,,0.9224671122158944,1.0444119823322535,7.317388839963191,7.642368583841866,7.93241161995012,True,,primer-uds-south-grizli-v7.2-f444w-clear_drc_sci.fits,0.0399999999999996,False,True,True
229,equal_burden,untested,0.89920694,0.020104341,99.81047,gdn,35685,508857,189.26069827875708,62.21626142480983,475475,1,27.2769536765126,31.11272168609253,0.0840317067680233,5.402204990386963,False,0,False,,,0,0,0,0,,,,,False,False,False,False,False,False,False,False,False,False,4.2018642,3.9367285,3.8372257,3.9303863,3.6354623,2.6151037,3.3708007,3.336798,3.4407263,3.3354142,3.7010658,4.0189805,4.9222336,4.131022,0.26513553,0.09950281,-0.093160436,0.2949239,1.0203586,-0.75569695,0.006342378,1.3152825,0.26466164,-0.6406185,-1.016875,-0.3762565,-1.0755569,0.03179215,7.0,7.0,,0.6127434866047743,1.5083958540634026,2.542297678083326,3.834791277415904,4.149040722032405,True,,gdn-grizli-v7.4-f444w-clear_drc_sci.fits,0.0399999999999996,True,True,True
230,equal_burden,untested,0.8990885,0.019093106,99.81026,primer-uds-south,17838,93880,34.396229088847484,-5.2905973346194415,89673,1,27.35219598707033,12.32485127773374,0.0898616172631379,5.2185163497924805,False,0,False,,,0,0,0,0,,,,,False,False,False,False,False,False,False,False,False,False,5.368335,4.578635,4.839161,4.637569,3.67238,3.6154995,3.445137,0.63267803,1.5837919,1.4885783,1.8840007,3.2211835,3.3529077,3.2064066,0.7896999,-0.26052597,0.20159216,0.96518886,0.05688046,0.17036244,-0.05893383,1.0220693,0.2272429,-1.0386779,-1.1132897,-0.0746118,-1.0464258,0.06427253,6.0,4.0,,0.5667896656125645,1.5819841219324675,2.2782585630919905,3.604168872468208,4.019583809153853,True,,primer-uds-south-grizli-v7.2-f444w-clear_drc_sci.fits,0.0399999999999996,True,True,True
231,equal_burden,untested,0.89898247,0.019158503,99.81004,gds,62191,248418,53.19252706704505,-27.753150760747573,234657,1,27.87566593231436,22.92317949804149,0.0848042160945835,5.947229862213135,False,0,False,,,0,0,0,0,,,,,False,False,False,False,False,False,False,False,False,False,4.9644537,4.885052,4.7387867,5.0399437,4.682428,3.8205664,3.9574351,2.4090116,2.805195,2.9172242,2.512678,3.4657419,4.046798,3.825771,0.07940127,0.14626543,-0.3011568,0.35751554,0.8618617,-0.13686876,-0.15489134,1.2193773,0.724993,-0.05292189,-2.9968758,-2.943954,-1.0715826,0.03576641,7.0,7.0,,0.5809853179464334,1.558585268942107,1.4157187296223686,2.206518356954857,2.436754743865829,True,,gds-grizli-v7.2-f444w-clear_drc_sci.fits,0.0399999999999996,True,True,True
232,equal_burden,untested,0.89890504,0.018759884,99.80983,primer-uds-south,10215,77860,34.362352970805546,-5.3034498797621685,74253,2,27.127507470102547,5.132924326591518,0.0847459967470294,1.5656845569610596,True,3,False,,,0,0,0,0,,,,,False,False,False,False,False,False,False,False,False,False,4.177734,3.6583858,7.652444,5.1708717,4.459407,3.6817505,3.2228258,1.3910116,1.8218874,-1.3725241,0.8362369,1.7378567,1.7618796,2.338179,0.519348,-3.9940581,2.4815722,0.7114649,0.77765626,0.45892486,-1.5124859,1.4891212,1.2365811,9.581149,-6.0321093,-15.613258,-1.0718808,0.03881749,5.0,2.0,,0.4802099498718825,1.8276948892449696,2.5424432258986323,4.646810490170424,5.294440955621479,True,,primer-uds-south-grizli-v7.2-f444w-clear_drc_sci.fits,0.0399999999999996,False,False,False
233,equal_burden,untested,0.8988356,0.022704802,99.8094,ceers-full,18582,629266,215.1386054959897,52.97871692814771,589281,1,26.2083469019502,30.12740391692648,0.1016457533438891,6.495645999908447,False,0,False,,,0,0,0,0,,,,,False,False,False,False,False,False,False,False,False,False,4.0184164,2.6882174,2.63723,2.588693,2.6120348,1.767786,2.3074813,2.5310495,4.1976576,3.9061859,4.114768,4.3392253,5.2273035,4.098858,1.3301988,0.050987378,0.04853707,-0.023341835,0.8442487,-0.53969514,0.099524446,0.8209069,0.3045536,-0.8246164,-3.1023822,-2.2777658,-0.99291074,0.10563092,7.0,7.0,,0.4417046212694658,2.0237941036104257,4.978193233367663,10.074838112322796,11.270412383416456,True,,ceers-full-grizli-v7.4-f444w-clear_drc_sci.fits,0.0399999999999993,False,False,False
234,equal_burden,untested,0.8982726,0.017972795,99.80897,primer-cosmos-east,5652,400229,150.14303897550968,2.1718309534617464,372088,1,26.62067349281352,26.284630399631748,0.0921112003122334,8.038455963134766,False,0,False,,,0,0,0,0,,,,,False,False,False,False,False,False,False,False,False,False,3.9409242,3.4899728,3.16819,3.4940639,3.5260303,3.450073,2.7188258,1.568714,2.7538824,3.2043679,2.9715796,3.4131947,3.4393935,3.9624932,0.45095146,0.32178292,-0.3258739,-0.031966537,0.07595732,0.73124725,-0.004090979,0.043990787,0.8072046,-0.024067499,-4.426747,-4.402679,-1.0356876,0.073332846,7.0,6.0,,0.54804438510636,1.7370565188285991,4.180434578251447,7.261651135688162,7.627912431654859,True,,primer-cosmos-east-grizli-v7.4-f444w-clear_drc_sci.fits,0.0399999999999996,True,False,False
235,equal_burden,untested,0.8978555,0.017246032,99.80854,primer-cosmos-east,41023,425191,150.17186263662268,2.3187270577462176,395825,1,26.424587528004228,32.194403702103074,0.080851554152564,7.214940547943115,False,0,False,,,0,0,0,0,,,,,False,False,False,False,False,False,False,False,False,False,4.609562,2.262969,2.7886198,3.0528777,3.5850167,3.1194227,2.523299,1.5773339,3.8891995,3.6207979,4.015268,3.471224,3.8686373,4.165181,2.346593,-0.5256508,-0.26425797,-0.53213906,0.465594,0.5961239,-0.78990877,-0.06654507,1.0617179,3.0277562,-5.5164437,-8.5442,-1.0923116,0.016708776,7.0,6.0,,0.659841361019469,1.4298865171535895,6.052285567769429,8.654081531316764,9.172334329600858,True,,primer-cosmos-east-grizli-v7.4-f444w-clear_drc_sci.fits,0.0399999999999996,True,True,True
236,equal_burden,secure low-z,0.89731014,0.018439936,99.80833,primer-uds-north,56165,143395,34.50049639414727,-5.127264894439411,137228,1,24.608403667649103,111.73278177307876,0.0829526552153341,4.205928325653076,False,0,False,,,2,0,2,0,3.0,2.7611399,G395M;PRISM,rubies-uds32-v4_g395m-f290lp_4233_156165.spec.fits;rubies-uds32-v4_prism-clear_4233_156165.spec.fits,False,False,False,False,False,False,False,False,False,False,4.2233157,4.027457,2.8178747,1.6878115,0.82417935,0.8110174,0.70835817,1.9415071,2.128489,3.3835428,4.6426387,5.5790086,5.6652813,5.4092774,0.19585823,1.2095828,1.1300632,0.8636321,0.013162002,0.10265919,2.339646,0.8767941,0.11582119,-8.799354,-0.5669982,8.232355,-1.0811697,0.026179258,7.0,7.0,,0.616381057701238,1.5062933175582962,29.13639791588238,43.8879614784131,47.27010597072062,True,,primer-uds-north-grizli-v7.2-f444w-clear_drc_sci.fits,0.0399999999999996,True,True,False
237,equal_burden,untested,0.8966056,0.035729848,99.807686,primer-cosmos-west,91522,360342,150.1048947624178,2.3868612279055927,335096,1,26.0742695311356,44.71076331170092,0.0980178967824992,6.2103142738342285,False,0,False,,,0,0,0,0,,,,,False,False,False,False,False,False,False,False,False,False,3.3092945,2.6097267,2.6405873,2.533101,2.3956642,1.7883703,2.173593,2.8209598,3.774879,3.834564,4.0720625,4.629924,5.0609612,4.4934864,0.69956785,-0.030860648,0.10748622,0.13743675,0.6072941,-0.38522288,0.07662557,0.74473083,0.2220712,-0.8774699,-1.666245,-0.78877515,-1.0086946,0.098654345,7.0,7.0,,0.5267842986866317,1.7608438759313223,6.403988283698841,11.276423550887046,12.156756189706377,True,,primer-cosmos-west-grizli-v7.4-f444w-clear_drc_sci.fits,0.0399999999999996,True,False,False
238,equal_burden,untested,0.89642155,0.014629564,99.80747,primer-uds-north,44677,91622,34.39171298924969,-5.142972797579933,87500,1,26.822707847633097,13.267125931421598,0.0901271712750963,7.438342571258545,True,4,False,,,0,0,0,0,,,,,False,False,False,False,False,False,False,False,False,False,6.798471,4.3984666,4.4485,4.2957535,6.6474323,4.5982246,2.92003,-1.1372162,1.5802566,1.7110186,2.0547717,-0.20703147,2.148033,3.2798538,2.4000041,-0.050033767,0.15274681,-2.3516788,2.049208,1.6781945,0.10271304,-0.30247107,3.7274022,-4.479427,-18.137985,-13.658559,-1.0451442,0.062204707,5.0,3.0,,0.6314277580494891,1.5250378532751796,3.854994656674165,5.879012775601657,6.105203022088276,True,,primer-uds-north-grizli-v7.2-f444w-clear_drc_sci.fits,0.0399999999999996,True,True,False
239,equal_burden,untested,0.89602846,0.025771806,99.80682,primer-uds-south,60095,123719,34.460084256843594,-5.2210565211348685,118343,1,21.98629008635091,699.0115769424395,0.1008884469763814,0.1958474516868591,False,0,False,,,0,0,0,0,,,,,False,False,False,False,False,False,False,False,False,False,-0.33485097,-0.4184658,-0.7258861,-1.0938014,-1.336248,-1.6792392,-1.9137102,5.7242737,5.8314633,6.2759314,6.710054,7.0564885,7.2826123,7.242815,0.083614826,0.3074203,0.36791524,0.24244665,0.3429912,0.23447108,0.6753356,0.58543783,0.57746226,-2.2680035,-2.8872297,-0.6192262,-0.99615854,0.114539735,7.0,7.0,,0.537393172428636,1.6945647126608463,275.7289602963465,467.2405663768524,513.0860875106528,True,,primer-uds-south-grizli-v7.2-f444w-clear_drc_sci.fits,0.0399999999999996,True,True,False
240,equal_burden,untested,0.8936789,0.022738943,99.80554,primer-cosmos-east,48099,393342,150.13615811933363,2.344493058437418,365578,1,26.48614548303164,34.32507142171442,0.1058852273651001,5.90616512298584,False,0,False,,,0,0,0,0,,,,,False,False,False,False,False,False,False,False,False,False,3.0394094,2.795498,2.8570716,3.003609,2.9721916,2.3370686,2.5847025,3.1274478,3.5120912,3.6407187,3.6466925,4.1903925,4.737671,4.229235,0.24391143,-0.061573662,-0.14653735,0.03141753,0.6351229,-0.24763387,-0.20811102,0.66654044,0.38748902,0.26694438,-2.000379,-2.2673235,-0.97516465,0.13385577,7.0,7.0,,0.4820668434871096,1.8849105872719512,3.993309154887278,7.527030704297038,8.28372498303559,True,,primer-cosmos-east-grizli-v7.4-f444w-clear_drc_sci.fits,0.0399999999999996,False,False,False
241,equal_burden,untested,0.89271444,0.020844834,99.80468,primer-cosmos-west,97070,322026,150.07540745222053,2.4110463827699697,301224,1,25.92060099877217,24.33869293599037,0.1473838061751515,5.797616481781006,False,0,False,,,0,0,0,0,,,,,False,False,False,False,False,False,False,False,False,False,3.5159206,3.65995,4.520243,3.177288,2.8780408,2.1351037,2.0200913,1.7238344,2.082243,1.3497738,2.9817405,3.419579,4.126954,3.8856363,-0.14402948,-0.86029303,1.3429551,0.29924732,0.7429371,0.115012445,0.482662,1.0421845,0.85794955,-1.69923,-3.6395712,-1.9403414,-0.83155024,0.27579874,7.0,5.0,,0.3915443843981459,2.1208951498786464,4.693617990923879,9.95467163233361,11.987448110483244,True,,primer-cosmos-west-grizli-v7.4-f444w-clear_drc_sci.fits,0.0399999999999996,False,False,False
242,equal_burden,untested,0.8921941,0.020815954,99.80425,primer-cosmos-east,66462,388132,150.13086301270982,2.411949603089972,360552,3,27.11203498620202,12.260703305569717,0.1263508935774303,6.422289371490479,False,0,False,,,0,0,0,0,,,,,False,False,False,False,False,False,False,False,False,False,6.510253,4.343132,4.3371778,4.453242,3.6386166,3.0957174,3.207484,-0.9606203,1.9380399,1.9352964,2.20809,3.1913607,3.8690097,3.2012055,2.167121,0.0059538507,-0.116063975,0.81462526,0.5428993,-0.11176657,-0.11011013,1.3575246,0.43113273,-2.2470188,-2.2677944,-0.020775642,-0.8984217,0.21059872,6.0,6.0,,0.5318917203376747,1.638262889553502,2.055837889311351,3.3680029209967866,3.8651436198446367,True,,primer-cosmos-east-grizli-v7.4-f444w-clear_drc_sci.fits,0.0399999999999996,True,True,True
243,equal_burden,untested,0.8917473,0.02310118,99.80361,primer-uds-south,3042,135738,34.48539570858701,-5.318502650510154,129875,1,20.415479831296484,1888.86304178912,0.1152087343037211,1.085403323173523,True,8,False,,,0,0,0,0,,,,,False,False,False,False,False,False,False,False,False,False,-0.710397,-1.3474133,-1.854679,-2.2212896,-2.6393533,-3.0591319,-3.4845202,5.7462,6.2914705,6.8554735,7.2786417,7.819124,8.051923,8.236877,0.63701624,0.50726575,0.36661062,0.41806364,0.41977853,0.4253884,0.87387633,0.83784217,0.8451669,-4.3765283,-4.207845,0.16868335,-0.9385146,0.1721837,7.0,7.0,,0.5458626143173304,1.6709007211946825,1092.0812094382234,1824.7592804534888,2000.6521435874624,True,,primer-uds-south-grizli-v7.2-f444w-clear_drc_sci.fits,0.0399999999999996,True,True,False
244,equal_burden,untested,0.8915797,0.02676547,99.8034,primer-uds-south,19273,15829,34.23946498546316,-5.288211541632601,15006,1,26.380344669661888,10.487205472876449,0.1159571119294378,6.613119125366211,False,0,False,,,0,0,0,0,,,,,False,False,False,False,False,False,False,False,False,False,3.5418577,3.028234,2.9142296,3.3394368,2.7779667,2.0026343,2.4791567,1.661163,2.0947764,2.3623035,2.1034944,3.2238555,3.959878,3.0455685,0.5136239,0.114004344,-0.4252073,0.56147,0.7753325,-0.47652242,-0.31120294,1.3368025,0.2988101,-0.047378257,-2.550331,-2.5029528,-0.9357026,0.17499569,7.0,6.0,,0.431893407454814,2.111379357669706,3.955752676485236,8.35209454517762,9.159094832673729,True,,primer-uds-south-grizli-v7.2-f444w-clear_drc_sci.fits,0.0399999999999996,False,False,False
245,equal_burden,untested,0.8915396,0.019666761,99.80296,gdn,32714,495644,189.2200326854336,62.21016623987327,463123,1,27.63448758863256,20.869290002122096,0.1006442297812063,1.1727252006530762,True,3,False,,,0,0,0,0,,,,,False,False,False,False,False,False,False,False,False,False,5.9194713,5.36727,5.6727414,5.6629486,6.5113444,5.1840143,3.7226918,-0.50216925,2.0282903,1.2044204,1.5953262,-0.104506895,2.8165753,3.7319994,0.55220115,-0.30547148,0.009793106,-0.84839624,1.3273301,1.4613227,-0.29567838,0.4789339,2.788653,-0.19809964,-14.608127,-14.410027,-0.9972111,0.11013785,5.0,3.0,,0.5564707912637923,1.5948835319968195,1.5767870533115784,2.514791704792428,2.8335486391488067,True,,gdn-grizli-v7.4-f444w-clear_drc_sci.fits,0.0399999999999996,True,True,False
246,equal_burden,untested,0.89068675,0.022740997,99.802536,primer-uds-north,84513,103399,34.41553605139399,-5.083736798610958,98815,1,26.8235864212696,9.333263714785542,0.0857999613547895,6.80291748046875,False,0,False,,,0,0,0,0,,,,,False,False,False,False,False,False,False,False,False,False,3.0765612,3.8529568,3.5453956,3.3735864,3.395624,2.2864609,2.9209044,2.4729273,1.7541924,2.1960518,2.5616226,2.8329442,3.9172635,2.9295895,-0.77639556,0.30756122,0.17180909,-0.02203748,1.1091632,-0.6344435,0.4793703,1.0871257,0.47471967,0.7498853,-2.1631727,-2.913058,-1.066513,0.04083606,7.0,6.0,,0.6458132914299195,1.529966819900508,4.2790578213136,6.546816487045565,6.625843534187997,True,,primer-uds-north-grizli-v7.2-f444w-clear_drc_sci.fits,0.0399999999999996,True,True,True
247,equal_burden,untested,0.8905278,0.020675885,99.80211,primer-uds-north,55529,43593,34.299427298184334,-5.12767154119364,41624,1,26.63932174528728,32.490140820048275,0.035103129028061,0.8802409172058105,True,15,False,,,0,0,0,0,,,,,False,False,False,False,False,False,False,False,False,False,6.6874127,5.914201,7.039642,8.095841,7.4507055,8.598057,2.7374096,-2.625508,0.110664934,-2.5285249,-2.1164415,-2.3432472,-1.8770266,4.1743207,0.7732117,-1.1254411,-1.0561993,0.64513564,-1.1473514,5.8606477,-2.1816404,-0.50221574,4.7132964,2.7553174,-25.126106,-27.881424,-1.4546542,-0.3473052,1.0,1.0,,0.8566440112739505,1.1336016943409108,10.031102708416064,11.371275026368153,11.7097680908297,True,,primer-uds-north-grizli-v7.2-f444w-clear_drc_sci.fits,0.0399999999999996,False,True,False
248,equal_burden,untested,0.8903611,0.020139033,99.801895,primer-uds-north,22462,115019,34.44050422650621,-5.173361736225364,109976,1,27.31175804155105,10.107067956502467,0.0919663224636256,5.791497230529785,False,0,False,,,0,0,0,0,,,,,False,False,False,False,False,False,False,False,False,False,3.9249651,3.618132,4.228321,4.4089856,3.7107763,3.0957267,3.4052012,1.8902028,2.207569,1.8403144,1.8090898,3.0626936,3.621717,3.0088205,0.30683282,-0.6101888,-0.18066467,0.6982093,0.6150496,-0.3094745,-0.7908535,1.3132589,0.3055751,1.9737186,-1.85264,-3.8263588,-1.0363712,0.070977785,7.0,6.0,,0.5761189274474011,1.6991372171077137,1.9841329397773635,3.3713141216650557,3.443964163039084,True,,primer-uds-north-grizli-v7.2-f444w-clear_drc_sci.fits,0.0399999999999996,True,True,True
249,equal_burden,untested,0.8900632,0.02159743,99.80147,ceers-full,12866,599840,214.9573165150875,52.83854778961228,561423,1,27.5389544201655,11.789182200911036,0.0973634408490306,5.7243852615356445,False,0,False,,,0,0,0,0,,,,,False,False,False,False,False,False,False,False,False,False,3.7785056,4.3668475,4.223197,4.4801702,4.5316906,3.8119094,3.6290364,2.4111652,2.7444456,2.3779554,2.3865368,2.4700305,3.3068838,3.1621234,-0.58834183,0.14365047,-0.25697318,-0.05152057,0.71978116,0.18287311,-0.11332272,0.6682606,0.9026543,1.4854031,-3.7191296,-5.2045326,-1.0116041,0.08693759,7.0,7.0,,0.5064793112594672,1.7766754020050022,1.5114258869940689,2.6853131953759544,2.984180900174562,True,,ceers-full-grizli-v7.4-f444w-clear_drc_sci.fits,0.0399999999999993,True,False,False
250,equal_burden,untested,0.889092,0.018556783,99.80104,primer-cosmos-west,73455,314213,150.0692418066944,2.3177955107140247,294310,1,27.07219784227292,8.429724705415474,0.0882168127699347,5.436712741851807,False,0,False,,,0,0,0,0,,,,,False,False,False,False,False,False,False,False,False,False,4.538683,3.7052593,3.8015568,4.4229655,3.2098408,2.9715416,3.1679668,1.0790521,1.947497,2.0494733,1.5100548,2.9896445,3.0224857,2.828411,0.8334234,-0.096297495,-0.62140846,1.2131246,0.23829907,-0.19642532,-0.71770597,1.4514238,0.04187375,0.911536,-0.39324108,-1.304777,-1.0544486,0.05290033,7.0,5.0,,0.5858699977953555,1.5826613747929332,3.029407376615455,4.794526043482069,5.170784283228695,True,,primer-cosmos-west-grizli-v7.4-f444w-clear_drc_sci.fits,0.0399999999999996,True,True,True
251,equal_burden,untested,0.88851494,0.019918412,99.80039,gds-sw,68420,177608,53.078816972164304,-27.7983054405546,168987,1,27.608007685441443,12.28841658033974,0.1246381272468134,5.845458507537842,False,0,False,,,0,0,0,0,,,,,False,False,False,False,False,False,False,False,False,False,4.557955,4.166152,4.3659215,4.82291,4.619433,3.8066812,3.696765,2.0124505,2.4743342,2.403145,2.097908,2.524556,3.3097348,3.2034557,0.39180273,-0.19976954,-0.45698816,0.20347665,0.81275165,0.1099164,-0.6567577,1.0162283,0.9226681,1.0778,-3.6278107,-4.7056108,-0.9043491,0.20299987,7.0,7.0,,0.321509329282396,2.416034232153853,0.9770139507830748,2.3604991503837884,3.0388354607431,True,,gds-sw-grizli-v7.0-f444w-clear_drc_sci.fits,0.0399999999999996,False,False,False
252,equal_burden,untested,0.8883648,0.038398962,99.80018,primer-uds-south,44413,46217,34.30367483959605,-5.247328307507701,44118,1,27.22891671930796,9.730726004796177,0.0262315192301617,16.921201705932617,False,2,False,,,0,0,0,0,,,,,False,False,False,False,False,False,False,False,False,False,6.650125,6.6893444,5.1257,4.970397,3.5695584,3.5587764,3.3232808,-0.8975317,-0.6175184,0.98239136,1.3405946,3.189022,3.209846,2.9710655,-0.0392192,1.5636442,0.15530336,1.4008385,0.010781922,0.23549564,1.7189475,1.4116204,0.24627757,-5.3365917,-1.0959355,4.2406564,-1.5811765,-0.47047827,5.0,3.0,,0.9650725000402034,0.9973893251687528,4.264233150222086,4.253100624062232,4.418562491465092,True,,primer-uds-south-grizli-v7.2-f444w-clear_drc_sci.fits,0.0399999999999996,False,True,True
253,equal_burden,untested,0.88803643,0.020109273,99.79975,gdn,36383,483632,189.17195912413504,62.21758255716133,451795,1,27.79851921780559,12.783068353206229,0.0791767301024914,6.816917419433594,False,2,False,,,0,0,0,0,,,,,False,False,False,False,False,False,False,False,False,False,5.4943614,5.4402003,6.740486,4.992916,4.4908,2.9555511,3.8826518,0.9614882,1.5981712,-1.5387713,2.141143,2.9249365,4.5027237,3.2427952,0.054160774,-1.3002856,1.7475698,0.5021163,1.5352489,-0.9271007,0.44728422,2.0373652,0.6081482,-1.0497327,-0.5447559,0.5049768,-1.1014024,0.005946528,6.0,4.0,,0.5651833080255035,1.6570781945013622,1.53885747289711,2.550007162783272,2.72275817605652,True,,gdn-grizli-v7.4-f444w-clear_drc_sci.fits,0.0399999999999996,True,True,True
254,equal_burden,untested,0.88758385,0.022440432,99.799324,gds-sw,19948,215127,53.14203107530953,-27.888391625907044,203812,1,26.45174545029787,54.16895689439837,0.1048555881130941,7.355366230010986,False,0,False,,,0,0,0,0,,,,,False,False,False,False,False,False,False,False,False,False,6.0267053,3.4352665,3.2090063,3.377668,3.3371558,3.3030868,2.550391,-0.4453082,4.514811,4.328865,3.3431435,4.413729,4.5110917,4.6853404,2.591439,0.22626022,-0.16866164,0.04051202,0.03406916,0.7526958,0.057598576,0.07458118,0.786765,-1.279577,-4.170407,-2.8908298,-0.97940844,0.12794055,6.0,6.0,,0.4964026541669121,1.8443728877795085,4.33145930202126,7.988826101168366,8.725697305729625,True,,gds-sw-grizli-v7.0-f444w-clear_drc_sci.fits,0.0399999999999996,False,False,False
255,equal_burden,untested,0.8875551,0.023302842,99.79911,primer-uds-north,31492,109078,34.427356727180985,-5.161063054080902,104284,1,27.145708896340764,10.67053112004807,0.1260497798891227,5.782764434814453,False,0,False,,,0,0,0,0,,,,,False,False,False,False,False,False,False,False,False,False,3.9208636,4.031198,3.8439066,4.476353,3.6334183,2.9902751,3.2408686,2.0006526,1.9494913,2.3056657,1.905487,3.020699,3.6703813,3.0628214,-0.1103344,0.18729126,-0.6324465,0.8429348,0.64314336,-0.25059345,-0.4451553,1.4860781,0.3925499,1.087815,-2.0253804,-3.1131954,-0.89945793,0.20789106,7.0,7.0,,0.4613855508926648,1.918603381521227,1.87324957802174,3.5940229748257218,4.060052540434944,True,,primer-uds-north-grizli-v7.2-f444w-clear_drc_sci.fits,0.0399999999999996,False,False,False
256,equal_burden,secure z>3 (V untested),0.88748926,0.02168256,99.7989,ceers-full,73248,568520,214.839298200537,52.88257368902314,531765,1,27.58834137706105,12.895174440491354,0.096747812922589,7.118374347686768,False,0,False,,,3,0,0,3,3.0,7.0231981333333335,G140M;G235M;G395M,ceers-v4_g140m-f100lp_1345_407.spec.fits;ceers-v4_g235m-f170lp_1345_407.spec.fits;ceers-v4_g395m-f290lp_1345_407.spec.fits,False,False,False,False,False,False,False,False,False,False,4.8759317,4.2450066,4.081515,4.7238083,4.4866138,4.219026,3.6774926,1.7734025,2.7409422,2.7529209,2.2775488,2.8965483,3.1882489,3.2515004,0.6309253,0.16349147,-0.64229345,0.2371945,0.26758784,0.54153335,-0.478802,0.5047823,0.8091212,0.027083587,-4.197697,-4.224781,-1.0143589,0.084182836,7.0,6.0,,0.541443783255562,1.7075788463263188,1.6342616720749847,2.7906306605971234,3.0183404493973325,True,,ceers-full-grizli-v7.4-f444w-clear_drc_sci.fits,0.0399999999999993,True,False,False
257,equal_burden,untested,0.88709974,0.02405946,99.79846,primer-cosmos-east,43116,434681,150.1852378286598,2.3259882489262727,404890,1,26.798557850608592,17.499115333137908,0.1246864850275185,6.415079593658447,False,0,False,,,0,0,0,0,,,,,False,False,False,False,False,False,False,False,False,False,4.396322,3.17828,3.3713157,3.6544263,3.328545,2.6301775,2.895996,1.6368935,2.8517373,2.874153,2.737166,3.409376,4.0248675,3.556113,1.2180419,-0.19303563,-0.28311077,0.32588136,0.69836754,-0.26581863,-0.4761464,1.0242488,0.4325489,0.9164886,-1.9338477,-2.8503363,-0.90418065,0.20483978,7.0,6.0,,0.4007815380289229,2.2250996491643846,2.337746202340204,5.20171825466256,5.832968788526125,True,,primer-cosmos-east-grizli-v7.4-f444w-clear_drc_sci.fits,0.0399999999999996,False,False,False
258,equal_burden,untested,0.8865702,0.020733109,99.798035,gds-sw,30744,155686,53.030148031810846,-27.87312463841917,148825,1,23.35783050348876,530.3555994986162,0.0922009527130316,2.399219989776612,False,0,False,,,0,0,0,0,,,,,False,False,False,False,False,False,False,False,False,False,1.0609357,0.6974431,0.42508182,-0.047819916,-0.027767891,-0.6208844,-0.54217404,6.0660834,6.318034,6.4665008,6.7167315,6.731747,7.015847,6.966696,0.36349255,0.2723613,0.47290176,-0.020052025,0.5931166,-0.07871041,0.74526304,0.5730645,0.51440614,-3.142533,-2.6344624,0.5080706,-1.0352646,0.072084375,7.0,7.0,,0.553183393959622,1.6495311343531305,83.08907587437275,137.05801757940742,150.20168136218058,True,,gds-sw-grizli-v7.0-f444w-clear_drc_sci.fits,0.0399999999999996,True,True,False
259,equal_burden,untested,0.8863858,0.02299756,99.79782,primer-cosmos-east,24895,413908,150.157701913612,2.2627469115944776,385048,1,27.40872134964694,15.718523837278262,0.092962580290058,6.445004940032959,False,0,False,,,0,0,0,0,,,,,False,False,False,False,False,False,False,False,False,False,5.4319186,4.0166087,4.4160185,4.238681,4.3743615,3.550658,3.5008962,0.5779712,2.548034,2.322121,2.5646224,2.8970857,3.6529534,3.4489973,1.4153099,-0.3994097,0.17733726,-0.13568051,0.8237036,0.049761776,-0.22207245,0.6880231,0.87346536,0.1761313,-3.4426184,-3.6187496,-1.0316918,0.07732857,6.0,6.0,,0.5387032241217172,1.7235701060642548,1.983011640301987,3.417859583201948,3.6810836681644505,True,,primer-cosmos-east-grizli-v7.4-f444w-clear_drc_sci.fits,0.0399999999999996,True,False,False
260,equal_burden,untested,0.8862004,0.018646516,99.79739,primer-uds-north,69802,82415,34.372490116687224,-5.10741612334133,78698,1,26.96549254695324,13.998907122338622,0.1505466748782151,8.951482772827148,False,0,False,,,2,0,0,0,2.0,,G395M;PRISM,rubies-uds23-v4_g395m-f290lp_4233_972210.spec.fits;rubies-uds23-v4_prism-clear_4233_972210.spec.fits,False,False,False,False,False,False,False,False,False,False,5.6559157,6.291135,3.6890898,4.259139,4.092339,3.6705403,3.062013,0.24023594,-0.34240508,2.6383145,2.2971513,2.7128315,3.177145,3.3333998,-0.63521886,2.602045,-0.5700496,0.16680023,0.4217987,0.6085273,2.0319955,0.58859897,1.030326,-1.5114107,-5.414293,-3.9028823,-0.8223288,0.28502014,5.0,5.0,,0.3443660115529837,2.3619036199735195,1.6632905761387242,3.9285320328498936,4.8300079576314765,True,,primer-uds-north-grizli-v7.2-f444w-clear_drc_sci.fits,0.0399999999999996,False,False,False
261,equal_burden,untested,0.88602036,0.025222743,99.79697,primer-cosmos-east,78749,392621,150.13541905311604,2.462138945309836,364879,1,26.586736854655296,51.39588781586459,0.1032713845177621,6.824499607086182,False,0,False,,,0,0,0,0,,,,,False,False,False,False,False,False,False,False,False,False,3.3346517,2.8281207,2.9429536,3.0708282,3.1612408,2.3869867,2.685001,2.4606974,3.2179923,4.229849,3.5546355,3.400359,4.3390017,4.6328,0.5065309,-0.11483288,-0.12787463,-0.090412475,0.77425396,-0.29801401,-0.2427075,0.68384147,0.47623992,0.4312517,0.3893469,-0.04190478,-0.98602,0.123000406,7.0,7.0,,0.5516484378242205,1.6606326938093174,4.027273395111353,6.687821866830361,7.300434695320609,True,,primer-cosmos-east-grizli-v7.4-f444w-clear_drc_sci.fits,0.0399999999999996,True,True,True
262,equal_burden,untested,0.88581556,0.022738772,99.79675,primer-cosmos-west,41933,326381,150.0788631479131,2.246275323587448,305067,1,27.75967564103329,17.19810533794947,0.0885922983351056,7.142070293426514,False,0,False,,,0,0,0,0,,,,,False,False,False,False,False,False,False,False,False,False,6.065683,4.760793,5.075447,5.1214695,4.7140913,4.4391127,3.844882,-0.6033526,2.2531562,2.2989867,2.4661307,2.9986374,3.4978054,3.5387905,1.3048898,-0.31465396,-0.04602235,0.4073784,0.2749784,0.5942308,-0.3606763,0.68235683,0.86920923,-0.104104415,-4.6841846,-4.5800805,-1.0526041,0.054744937,6.0,6.0,,0.6239990185807666,1.5072405574372232,1.627981864208814,2.4537602925077824,2.6089493985287384,True,,primer-cosmos-west-grizli-v7.4-f444w-clear_drc_sci.fits,0.0399999999999996,True,True,True
263,equal_burden,untested,0.88544405,0.023215305,99.79653,gdn,62520,461058,189.02793255280963,62.26407497170936,430265,1,21.372322422366967,276.4416184755144,0.1089080543453984,0.6488834023475647,True,3,False,,,0,0,0,0,,,,,False,False,False,False,False,False,False,False,False,False,-1.1252017,-1.2512709,-1.4469014,-1.5857745,-1.8589402,-2.2482097,-2.5276778,6.334419,6.479076,6.4605865,6.6780167,6.802315,7.1156154,6.3151503,0.12606907,0.19563065,0.13887304,0.27316576,0.38926947,0.27946794,0.33450368,0.66243523,0.6687374,-1.3751211,-3.3418677,-1.9667466,-0.96294,0.14440897,7.0,7.0,,,,432.6891621967309,760.1558794079165,,False,aperture d050 covers a NaN or non-finite pixel,gdn-grizli-v7.4-f444w-clear_drc_sci.fits,0.0399999999999996,False,False,False
264,equal_burden,untested,0.88499963,0.025813967,99.79568,primer-cosmos-west,49108,349133,150.09610221801233,2.259828654768135,325159,2,26.337505981618182,0.718701177624348,0.0,5.508557319641113,True,17,False,,,0,0,0,0,,,,,False,False,False,False,False,False,False,False,False,False,1.9950832,10.983026,3.5675824,11.123075,10.6592455,1.948061,2.436408,0.5281815,-1.3499974,0.27479583,-1.8031061,-1.0113685,1.4255481,0.6679199,-8.987943,7.4154434,-7.555492,0.46382844,8.7111845,-0.48834708,-0.14004835,9.175014,8.222837,5.5816684,-56.727676,-62.30934,-2.39794,-1.290591,1.0,0.0,,,5.2177522577687245,0.0185364656622801,0.0967186855604148,-0.0690516490426875,True,,primer-cosmos-west-grizli-v7.4-f444w-clear_drc_sci.fits,0.0399999999999996,False,False,False
265,equal_burden,untested,0.88459784,0.021754574,99.79546,primer-uds-north,707,140928,34.49564990429735,-5.210715648520908,134861,1,26.82318687656184,8.377644090058702,0.0877055888055853,5.154057025909424,False,0,False,,,0,0,0,0,,,,,False,False,False,False,False,False,False,False,False,False,7.298018,5.266646,5.148498,6.249533,3.385415,3.7055264,2.9205067,-1.2214669,0.51265967,0.7221376,-0.06832834,2.8417566,2.5870633,2.822257,2.0313718,0.1181483,-1.1010352,2.8641179,-0.32011122,0.7850196,-0.9828869,2.5440066,0.46490836,-5.037615,-2.20285,2.8347645,-1.0569727,0.050376236,3.0,3.0,,0.5604987448478793,1.5559381366904448,3.683037412886418,5.73057836956769,6.571000286336061,True,,primer-uds-north-grizli-v7.2-f444w-clear_drc_sci.fits,0.0399999999999996,True,True,True
266,equal_burden,untested,0.88410175,0.019073583,99.79504,primer-cosmos-west,9454,293197,150.045675642192,2.158369927817456,275636,3,26.59452429057404,12.492721943937804,0.0,1.1815344095230105,True,13,False,,,0,0,0,0,,,,,False,False,False,False,False,False,False,False,False,False,2.8367162,1.1533811,1.6688782,2.7746918,10.013123,5.932804,2.6927633,1.9498148,3.8259776,3.782253,2.9402637,-2.9129605,0.5341531,3.2198915,1.683335,-0.5154971,-1.1058136,-7.238431,4.0803185,3.2400408,-1.6213107,-3.1581123,7.320359,5.1118517,-36.501205,-41.613056,-2.39794,-1.290591,5.0,5.0,,0.1767839504108422,3.622422657415606,7.450723241451493,26.989668683966936,42.14592571404907,True,,primer-cosmos-west-grizli-v7.4-f444w-clear_drc_sci.fits,0.0399999999999996,False,False,False
267,equal_burden,untested,0.8834096,0.022741493,99.79461,gds-sw,27094,219103,53.14742540823605,-27.877966532586644,207470,1,26.71671732966883,44.08443314918991,0.1279253646002977,7.321432113647461,False,0,False,,,0,0,0,0,,,,,False,False,False,False,False,False,False,False,False,False,5.1035914,3.6832383,3.4263184,3.770804,3.5988822,3.5314345,2.814513,1.5910459,4.136658,4.0259986,3.3902676,4.2413087,4.3257794,4.4793825,1.4203532,0.2569198,-0.34448558,0.17192172,0.067447744,0.7169215,-0.08756578,0.23936947,0.78436923,-0.75011927,-4.0973873,-3.347268,-0.89304334,0.21430562,7.0,6.0,,0.5082448181302079,1.7699013307327114,2.806836200741329,4.967823126840825,5.522606626994161,True,,gds-sw-grizli-v7.0-f444w-clear_drc_sci.fits,0.0399999999999996,True,False,False
268,equal_burden,untested,0.88278806,0.022874385,99.79439,gds-sw,6632,193222,53.10389917627924,-27.92341201286253,183447,1,27.40660491251776,10.036036991279165,0.0295493147445982,5.128902435302734,False,2,False,,,0,0,0,0,,,,,False,False,False,False,False,False,False,False,False,False,6.603252,4.882101,5.923675,5.2977686,3.9002526,3.8106992,3.4988098,-1.4255198,1.5409125,0.28650433,1.7676555,3.2761915,3.330505,3.0018024,1.7211505,-1.0415739,0.62590647,1.397516,0.08955341,0.3118894,-0.41566744,1.4870695,0.40144283,-2.5573294,-1.8248988,0.73243064,-1.5294526,-0.4221036,5.0,3.0,,0.9361728182679504,1.068178507030969,4.568026515119716,4.879467742998459,4.879469288129087,True,,gds-sw-grizli-v7.0-f444w-clear_drc_sci.fits,0.0399999999999996,False,True,True
269,equal_burden,untested,0.8827542,0.02205523,99.794174,primer-uds-north,84665,103254,34.415238226968924,-5.083473506818615,98673,1,25.12018874830408,41.84227959957283,0.1063469089604962,0.1623213440179824,False,0,False,,,0,0,0,0,,,,,False,False,False,False,False,False,False,False,False,False,2.3633633,1.9602966,1.8653114,1.6470829,1.5663537,0.9843957,1.220072,3.1350336,3.4473274,3.71594,4.08142,4.3192368,5.0336666,4.4271975,0.40306678,0.094985224,0.21822841,0.08072921,0.58195806,-0.23567629,0.31321365,0.66268724,0.34628174,-1.7623982,-1.6170553,0.14534304,-0.9732751,0.13407384,7.0,7.0,,0.4722864537790892,1.9103099086308264,14.13554237887336,27.003266670232737,29.93001866931636,True,,primer-uds-north-grizli-v7.2-f444w-clear_drc_sci.fits,0.0399999999999996,False,False,False
270,equal_burden,untested,0.8826981,0.021243343,99.79396,gdn,89495,501219,189.2379935221069,62.32280529208207,468362,1,27.026612242280844,16.141369972627285,0.0289788089779989,1.1391756534576416,True,12,False,,,0,0,0,0,,,,,False,False,False,False,False,False,False,False,False,False,4.869959,6.4392943,6.035565,6.173274,7.5644083,6.364026,3.1227202,2.0736012,-1.1645772,-0.051225193,-0.0027282245,-1.6019019,0.3975919,3.4754908,-1.5693358,0.40372977,-0.13770942,-1.3911339,1.200382,3.2413058,0.26602036,-0.19075193,4.4416876,4.119677,-23.278288,-27.397964,-1.5379195,-0.4305705,2.0,2.0,,0.9581958638681894,1.0220885843521808,4.328850511539955,4.424468691212087,4.517709452496068,True,,gdn-grizli-v7.4-f444w-clear_drc_sci.fits,0.0399999999999996,False,True,False
271,equal_burden,untested,0.88267493,0.027068451,99.79375,primer-uds-north,23620,138293,34.490493422005414,-5.171789355867738,132325,1,27.00769331772407,13.56961466749488,0.0925919139184218,6.001914978027344,False,0,False,,,0,0,0,0,,,,,False,False,False,False,False,False,False,False,False,False,3.38016,3.1412604,3.2528827,3.4547005,3.3529751,2.931357,3.103934,2.8065133,3.0771375,3.161544,3.1668885,3.4194076,3.8724222,3.3023353,0.23889975,-0.11162253,-0.2018176,0.1017254,0.42161804,-0.17257698,-0.3134401,0.52334344,0.24904107,0.5328256,-1.5428865,-2.0757122,-1.0334269,0.07392203,7.0,7.0,,0.4881013160321532,1.833684144261986,2.6570749935708227,4.872236285825836,5.443695614612501,True,,primer-uds-north-grizli-v7.2-f444w-clear_drc_sci.fits,0.0399999999999996,False,False,False
272,equal_burden,secure z>3 (V untested),0.88246655,0.017061671,99.79353,ceers-full,15619,607577,214.9895760582963,52.866554644891366,568763,1,25.78372731866594,62.91430663522296,0.1343416185492922,8.572534561157227,False,0,False,,,2,0,0,1,3.0,8.27857,G140H;G395M,egs-mason-v4_g140h-f100lp_4287_56565.spec.fits;egs-mason-v4_g395m-f290lp_4287_56565.spec.fits,False,False,False,False,False,False,False,False,False,False,6.2422724,4.0269547,2.8966944,2.8505008,2.8136516,2.5389116,1.8833311,-1.0555186,2.9525561,3.8056276,4.018667,4.3709455,4.737144,4.834984,2.2153177,1.1302601,0.0461938,0.036849122,0.27473995,0.6555806,1.1764538,0.3115891,0.9303205,-3.6751888,-4.986139,-1.3109502,-0.8717894,0.22675225,6.0,6.0,,0.3857260221679158,2.2261685636027693,5.614718025174753,12.499308761137856,14.5562334467819,True,,ceers-full-grizli-v7.4-f444w-clear_drc_sci.fits,0.0399999999999993,False,False,False
273,equal_burden,untested,0.88168854,0.023056796,99.793106,primer-uds-south,5857,131564,34.47685186485686,-5.312181396242291,125857,1,24.11973487503698,96.19308537784282,0.1387943324496216,2.949399471282959,False,0,False,,,0,0,0,0,,,,,False,False,False,False,False,False,False,False,False,False,4.4240966,3.7491844,3.4513772,2.300201,1.3649274,0.9318624,0.21971639,1.3374352,1.9618031,2.4067235,3.6677756,4.6702437,5.0832715,5.2595315,0.6749121,0.29780722,1.1511761,0.93527365,0.43306497,0.71214604,1.4489834,1.3683386,1.145211,-6.981224,-6.070783,0.9104407,-0.8576283,0.25307003,7.0,6.0,,0.4318500652247728,2.047173839087646,28.026745932277198,57.375621067313965,64.89925135866218,True,,primer-uds-south-grizli-v7.2-f444w-clear_drc_sci.fits,0.0399999999999996,False,False,False
274,equal_burden,untested,0.88056314,0.014847667,99.79246,primer-uds-south,65201,137562,34.48903004857275,-5.211335321018007,131619,1,25.852578887406665,13.440475938179633,0.1435167584920613,5.173563480377197,False,0,False,,,0,0,0,0,,,,,False,False,False,False,False,False,False,False,False,False,3.0084927,3.4537666,3.822649,3.295966,2.838356,2.8905015,1.9521291,2.2035494,1.855271,1.705555,2.399181,2.8066542,2.656313,3.292799,-0.44527397,-0.36888245,0.52668303,0.45761,-0.05214541,0.9383723,0.15780059,0.40546462,0.8862269,0.72492623,-4.8332024,-5.558129,-0.8430974,0.26760092,7.0,6.0,,,,4.317637588415423,10.800421161371371,,False,aperture d050 covers a NaN or non-finite pixel,primer-uds-south-grizli-v7.2-f444w-clear_drc_sci.fits,0.0399999999999996,False,False,False
275,equal_burden,untested,0.8802675,0.023029564,99.792244,gdn,70211,463288,189.04780976575896,62.2785036367272,432406,1,23.28940771851142,249.73076421150915,0.0997553266734798,3.463305711746216,False,0,False,,,0,0,0,0,,,,,False,False,False,False,False,False,False,False,False,False,4.041048,3.3681164,2.0749369,0.424583,-0.21443337,-0.46763065,-0.6105963,2.5291705,3.3830917,4.479541,5.8840075,6.327481,6.510546,6.2135344,0.6729316,1.2931794,1.650354,0.63901633,0.25319728,0.14296564,2.9435334,0.89221364,0.39616293,-12.815141,-1.9846472,10.830494,-1.001064,0.10628506,7.0,7.0,,0.5342090888087759,1.708508134459178,83.21565042624678,142.17461566755398,155.77355789997506,True,,gdn-grizli-v7.4-f444w-clear_drc_sci.fits,0.0399999999999996,True,False,False
276,equal_burden,untested,0.8798343,0.041828606,99.7916,primer-uds-south,3496,56581,34.32090454950236,-5.317045282512897,53975,1,26.148056802594724,32.828636529648,0.1094736371006965,2.5816240310668945,False,0,False,,,0,0,0,0,,,,,False,False,False,False,False,False,False,False,False,False,5.395743,4.662809,3.656995,3.1333466,2.787256,2.1738408,2.247282,0.3470287,1.6394075,2.7126124,3.2966888,3.8474152,4.4943495,4.1846805,0.73293364,1.0058141,0.5236484,0.3460907,0.6134153,-0.07344131,1.5294625,0.959506,0.539974,-5.2680473,-2.194574,3.0734732,-0.96069044,0.15000784,6.0,5.0,,0.472921743905729,1.9219644702784344,5.537420202971866,10.642724887113925,11.708956660017057,True,,primer-uds-south-grizli-v7.2-f444w-clear_drc_sci.fits,0.0399999999999996,False,False,False
277,equal_burden,untested,0.87969935,0.014153325,99.79139,primer-cosmos-west,92104,385932,150.12867707780407,2.3887315803863127,358540,1,24.974048577342217,65.93702130928658,0.2828959124424641,5.7166242599487305,False,0,False,,,0,0,0,0,,,,,False,False,False,False,False,False,False,False,False,False,2.1295185,2.236748,2.4947052,2.2446587,1.9904577,1.1841888,1.0739594,3.2211537,3.4026263,3.3307962,3.7262712,4.3596115,5.001655,4.8819046,-0.10722952,-0.25795722,0.25004634,0.25420114,0.8062689,0.11022941,-0.007910884,1.06047,0.9164983,0.25982064,-3.8249748,-4.0847955,-0.54837334,0.55897564,7.0,7.0,,0.1820503619060553,3.9428121162783434,3.012664570522801,11.87837037093979,16.54852283170657,True,,primer-cosmos-west-grizli-v7.4-f444w-clear_drc_sci.fits,0.0399999999999996,False,False,False
278,equal_burden,untested,0.8793351,0.031293806,99.79096,gdn,63055,467038,189.0758902682393,62.26549367894582,435978,1,27.693714800836847,10.969135164658852,0.0509536604634953,1.477993130683899,True,10,False,,,0,0,0,0,,,,,False,False,False,False,False,False,False,False,False,False,6.1889434,5.4744077,5.8677697,7.407765,6.7526116,6.1204,3.7805836,-0.8884888,1.258024,0.32015395,-1.9230878,-0.5583295,0.976074,3.090304,0.71453583,-0.39336213,-1.5399951,0.6551531,0.63221174,2.3398166,-1.9333571,1.2873648,2.9720283,4.669858,-17.025972,-21.69583,-1.2928246,-0.18547565,3.0,1.0,,0.8845866541880956,1.1229453657619592,2.591365468299049,2.9099618436219856,2.9294648026060197,True,,gdn-grizli-v7.4-f444w-clear_drc_sci.fits,0.0399999999999996,False,True,False
279,equal_burden,untested,0.8791627,0.021908531,99.79075,primer-uds-south,61478,35774,34.28568538690218,-5.2184578058752,34182,1,27.16267570030792,7.800405900793213,0.0224824131949835,17.914907455444336,False,2,False,,,0,0,0,0,,,,,False,False,False,False,False,False,False,False,False,False,5.276638,5.674317,4.9159994,6.1884975,3.3759863,3.2959695,3.2576828,0.621065,0.35455397,1.2644659,-0.02142811,3.223566,3.337456,2.7514067,-0.3976786,0.7583171,-1.2724979,2.812511,0.08001698,0.038286712,-0.5141808,2.892528,0.11830369,1.4322388,-0.6336909,-2.0659297,-1.6481571,-0.5374588,4.0,3.0,,1.3729711372938314,0.8461391510279871,6.796511681753329,5.750794624350559,4.950221819775079,True,,primer-uds-south-grizli-v7.2-f444w-clear_drc_sci.fits,0.0399999999999996,False,True,True
280,equal_burden,untested,0.8788992,0.02760783,99.790535,primer-cosmos-east,70582,407031,150.1500646312196,2.428340859025954,378518,1,27.28576583087611,13.478419196858516,0.0923808662884897,7.150538921356201,False,0,False,,,0,0,0,0,,,,,False,False,False,False,False,False,False,False,False,False,5.9127336,4.749687,3.981394,4.3871703,4.1010356,3.8277237,3.379513,-0.13788967,1.653172,2.2984855,2.3657432,2.8696337,3.294402,3.2956104,1.1630462,0.76829344,-0.4057765,0.28613478,0.27331197,0.44821072,0.36251697,0.55944675,0.7215227,-1.5622203,-3.7649984,-2.202778,-1.034418,0.07460243,6.0,5.0,,0.6480477301656299,1.4571100281265472,2.5563617891747628,3.724900398526069,3.944712202790064,True,,primer-cosmos-east-grizli-v7.4-f444w-clear_drc_sci.fits,0.0399999999999996,True,True,True
281,equal_burden,untested,0.87879115,0.032963283,99.7901,ceers-full,66557,617603,215.0326171890751,53.00598418552338,578224,1,25.43575900076792,70.39541851194264,0.0821752617923389,6.799651622772217,False,0,False,,,0,0,0,0,,,,,False,False,False,False,False,False,False,False,False,False,3.4831963,2.044935,1.7610492,1.6945273,2.0536358,1.2958338,1.5355502,3.21813,4.5319977,4.6413746,4.972757,4.8793144,5.542497,4.9473257,1.4382614,0.28388593,0.066521905,-0.35910863,0.757802,-0.23971638,0.3504078,0.39869338,0.5180856,-1.9027795,-2.5773609,-0.67458135,-1.085259,0.013282775,7.0,7.0,,0.618643097435124,1.4950994995337457,14.197276480222907,21.22634096032349,22.94905825197824,True,,ceers-full-grizli-v7.4-f444w-clear_drc_sci.fits,0.0399999999999993,True,True,True
282,equal_burden,untested,0.8776235,0.03456234,99.78967,primer-cosmos-west,88954,309302,150.06445779334393,2.37646050997,289883,1,26.70698616171676,11.189166777488325,0.1076121145271105,5.649243354797363,False,0,False,,,0,0,0,0,,,,,False,False,False,False,False,False,False,False,False,False,2.4899392,3.4019544,2.885102,3.4001718,3.0007076,2.330859,2.804821,2.8322682,2.0953393,2.7398393,2.4038067,3.2216065,3.647169,3.110084,-0.912015,0.51685226,-0.51506954,0.39946392,0.66984886,-0.473962,0.0017826911,1.0693128,0.19588682,2.236675,-1.5349255,-3.7716005,-0.9681388,0.13921013,7.0,7.0,,0.5316727809654002,1.710864374000476,3.29665024759154,5.640121462144215,6.200524769399616,True,,primer-cosmos-west-grizli-v7.4-f444w-clear_drc_sci.fits,0.0399999999999996,True,False,False
283,equal_burden,untested,0.87737966,0.018971752,99.78903,primer-uds-south,17713,56296,34.32038815471602,-5.290836381883503,53698,1,25.79920194274529,48.96207837460353,0.0834859479251031,3.880272626876831,False,0,False,,,0,0,0,0,,,,,False,False,False,False,False,False,False,False,False,False,4.49691,4.9759016,4.29202,2.6909497,2.0846806,2.0287292,1.8987943,1.4323653,1.3936533,2.219063,3.832184,4.6364603,4.703207,4.5842977,-0.47899157,0.6838822,1.60107,0.60626906,0.05595128,0.12993504,2.2849522,0.66222036,0.18588632,-8.378662,-0.908038,7.470624,-1.0783867,0.03231168,7.0,5.0,,0.6027079611271429,1.5221063400840211,9.876846641676636,15.033610893333584,16.38745010635937,True,,primer-uds-south-grizli-v7.2-f444w-clear_drc_sci.fits,0.0399999999999996,True,True,True
284,equal_burden,untested,0.87716365,0.019419812,99.78882,primer-uds-north,28375,11305,34.22927114073307,-5.165375152059147,10687,1,26.21680099817641,48.643205499700485,0.1420379251795532,6.0797119140625,False,0,False,,,0,0,0,0,,,,,False,False,False,False,False,False,False,False,False,False,4.1446857,3.147683,2.9703486,3.3692625,3.1921792,2.614049,2.3159218,1.5051159,2.453798,2.816326,2.6544032,4.093874,4.6357355,4.577765,0.9970031,0.17733441,-0.398914,0.1770833,0.5781302,0.29812732,-0.2215796,0.75521344,0.8762575,0.09309154,-4.150095,-4.2431865,-0.8475957,0.2597533,7.0,6.0,,0.4013158552612773,2.218855152573308,3.703774414347664,8.218138943244501,9.229075716274194,True,,primer-uds-north-grizli-v7.2-f444w-clear_drc_sci.fits,0.0399999999999996,False,False,False
285,equal_burden,untested,0.876958,0.024016533,99.788605,primer-uds-north,47356,82536,34.37268397997896,-5.1390803211605816,78786,1,26.870849823220155,12.6612539233914,0.0817472125472681,0.1775849908590316,False,0,False,,,0,0,0,0,,,,,False,False,False,False,False,False,False,False,False,False,5.512359,4.5522876,4.005752,3.6188796,3.3455305,3.05084,2.9679248,0.37562558,1.488499,2.1681292,2.739114,3.2265353,3.5818765,3.2332494,0.9600716,0.54653543,0.38687253,0.2733491,0.29469046,0.082915224,0.933408,0.5680396,0.3776057,-4.227705,-1.9107375,2.3169675,-1.087527,0.01982192,6.0,5.0,,0.5739290859670596,1.5568967601838024,4.2961804978043565,6.688709498196438,7.485559806688267,True,,primer-uds-north-grizli-v7.2-f444w-clear_drc_sci.fits,0.0399999999999996,True,True,False
286,equal_burden,untested,0.87685895,0.024627568,99.78839,primer-uds-south,24896,144356,34.50247490114691,-5.278243283220005,138151,1,25.986423395356,18.44051780733172,0.0,-1.0,True,11,False,,,0,0,0,0,,,,,False,False,False,False,False,False,False,False,False,False,1.6039451,2.064738,-2.0522444,1.7764881,14.759596,1.5217699,2.0858479,3.2829802,3.319624,6.853302,3.8622565,-7.372308,4.3725176,3.6084318,-0.4607928,4.1169825,-3.8287325,-12.983108,13.237825,-0.56407803,0.28824988,0.2547182,12.673748,1.494869,-96.309525,-97.80439,-2.39794,-1.2872417,6.0,6.0,,0.1934155855248436,3.656569733889802,1.7708126377397972,6.475099895548909,9.155480583090558,True,,primer-uds-south-grizli-v7.2-f444w-clear_drc_sci.fits,0.0399999999999996,False,False,False
287,equal_burden,untested,0.8766707,0.019876353,99.78796,primer-uds-north,85954,11723,34.23019989917035,-5.080011395358681,11081,1,24.61262529715376,54.43514423652599,0.1236969140331323,5.22996711730957,False,0,False,,,0,0,0,0,,,,,False,False,False,False,False,False,False,False,False,False,3.5863526,3.0577314,2.480485,2.0677884,1.2158647,1.164083,0.7125794,1.8496655,2.3234484,3.0180178,3.589027,4.597051,4.6990614,4.6902413,0.52862126,0.5772465,0.41269645,0.85192376,0.051781684,0.45150357,0.98994297,0.9037054,0.5032852,-4.013642,-2.5309868,1.4826552,-0.9076411,0.19970784,7.0,7.0,,0.4635185641289144,1.8685263154130296,19.58440477209365,36.5939756883575,42.25160821530075,True,,primer-uds-north-grizli-v7.2-f444w-clear_drc_sci.fits,0.0399999999999996,False,False,False
288,equal_burden,untested,0.8763673,0.027116943,99.78753,primer-cosmos-west,77766,334151,150.08463674026902,2.33448580987936,311939,1,26.24280413368289,33.387920487931694,0.1363033900849893,7.041835308074951,False,0,False,,,0,0,0,0,,,,,False,False,False,False,False,False,False,False,False,False,3.61846,3.1495905,3.246465,3.294822,3.1168678,2.65048,2.3418818,2.468001,3.0925224,3.197831,3.1498594,3.8316169,4.1015735,4.2015657,0.46886948,-0.09687455,-0.048357032,0.17795421,0.4663878,0.30859822,-0.14523157,0.644342,0.774986,-0.13867441,-3.804303,-3.6656284,-0.86549336,0.24185562,7.0,7.0,,0.3501585101113946,2.4302416260150927,3.6079682863110913,8.768234714735554,10.303814364423992,True,,primer-cosmos-west-grizli-v7.4-f444w-clear_drc_sci.fits,0.0399999999999996,False,False,False
289,equal_burden,untested,0.87630504,0.033414956,99.787315,primer-cosmos-west,85824,342312,150.09113912565277,2.3650108338441203,319147,2,27.29086401190396,11.150244447847657,0.1009315486833464,0.1814788281917572,False,0,False,,,0,0,0,0,,,,,False,False,False,False,False,False,False,False,False,False,4.945075,5.133981,4.6946745,4.0682125,4.345918,3.5051842,3.3845527,1.2190195,1.1410313,1.6844975,2.4465573,2.6917753,3.4732518,3.1066134,-0.1889062,0.43930694,0.6264617,-0.27770546,0.8407339,0.12063153,1.0657686,0.56302845,0.96136546,-3.1979206,-4.1520643,-0.954144,-0.99597305,0.111375906,7.0,4.0,,0.5606734527612054,1.6208667725355204,2.047773458658757,3.31916795682012,3.6523460288228016,True,,primer-cosmos-west-grizli-v7.4-f444w-clear_drc_sci.fits,0.0399999999999996,True,True,False
290,equal_burden,untested,0.87467533,0.031838443,99.786674,gdn,22794,484259,189.17480565760368,62.19012789152223,452381,1,25.786078753902537,88.8054237597606,0.1283883124440424,6.00619649887085,False,0,False,,,0,0,0,0,,,,,False,False,False,False,False,False,False,False,False,False,3.375441,2.6715496,2.7934613,2.7788804,2.6309934,1.9946896,1.8856808,3.6752005,4.57442,4.2617426,4.4367995,4.7371054,5.294609,5.1796265,0.7038914,-0.1219117,0.014580998,0.1478869,0.63630384,0.10900884,-0.1073307,0.7841907,0.7453127,-0.32978368,-3.2729273,-2.9431436,-0.8914745,0.21587446,7.0,7.0,,0.4719380539642466,1.8519428394542088,6.811359341503708,12.614248159447325,14.432740238446051,True,,gdn-grizli-v7.4-f444w-clear_drc_sci.fits,0.0399999999999996,False,False,False
291,equal_burden,untested,0.87455267,0.022395132,99.78646,primer-uds-north,42969,13319,34.23391397617236,-5.145492711567682,12606,1,26.66590350861832,11.893918042686476,0.0898211963263618,0.3917159140110016,False,1,False,,,0,0,0,0,,,,,False,False,False,False,False,False,False,False,False,False,4.0303216,4.432025,4.161499,2.9996576,4.036266,3.2615607,2.7638958,1.8371174,1.3593279,1.918551,3.1594727,2.403912,3.1940997,3.1709368,-0.4017031,0.27052566,1.1618414,-1.036608,0.7747051,0.49766496,1.4323671,-0.26190284,1.2723701,-3.9765003,-6.001037,-2.0245366,-1.0466212,0.0607278,7.0,6.0,,0.6115422477512364,1.5177110742143385,4.252350348670939,6.453839215617087,6.953485820984053,True,,primer-uds-north-grizli-v7.2-f444w-clear_drc_sci.fits,0.0399999999999996,True,True,False
292,equal_burden,untested,0.87441754,0.021018961,99.78625,primer-cosmos-east,19863,403200,150.1460999228886,2.241953693845883,374902,1,27.48241051921733,10.38568298859778,0.0801565986995659,4.4161787033081055,False,0,False,,,0,0,0,0,,,,,False,False,False,False,False,False,False,False,False,False,4.1891093,5.1126738,4.5607367,5.4713798,3.7594666,3.069822,3.5734615,1.7091246,1.011765,1.6839786,0.8721479,3.1451035,3.7635214,3.035885,-0.9235647,0.5519371,-0.9106432,1.7119133,0.6896446,-0.5036395,-0.3587061,2.401558,0.18600503,2.669752,-1.5805533,-4.250305,-1.0960608,0.012959683,6.0,3.0,,0.6070213036105848,1.5201828574227458,2.070992479912147,3.148287265813866,3.411729485594341,True,,primer-cosmos-east-grizli-v7.4-f444w-clear_drc_sci.fits,0.0399999999999996,True,True,True
293,equal_burden,untested,0.87425226,0.02873707,99.78581,ceers-full,67083,593227,214.93288293637264,52.93541831572807,555140,1,26.38094797476418,34.91769995160658,0.1167769305134867,6.830234050750732,False,0,False,,,0,0,0,0,,,,,False,False,False,False,False,False,False,False,False,False,3.7728317,2.7490902,2.7176356,3.0029922,3.0125203,2.3168342,2.4797587,2.7553413,3.734353,3.5056207,3.9839425,3.8672512,4.531118,4.246346,1.0237414,0.031454682,-0.28535652,-0.009528204,0.69568616,-0.16292454,-0.25390184,0.68615794,0.5327616,0.1796683,-1.9345016,-2.11417,-0.93264294,0.16589874,7.0,7.0,,0.5121800322473057,1.7012478650435592,4.189286692172301,7.127015041113521,8.179324511716825,True,,ceers-full-grizli-v7.4-f444w-clear_drc_sci.fits,0.0399999999999993,True,False,False
294,equal_burden,untested,0.87415487,0.031868547,99.7856,primer-cosmos-west,10474,393108,150.1359384669194,2.159838108265331,365353,2,26.59316538780632,22.82361817574633,0.1214477547761662,6.783929824829102,False,0,False,,,0,0,0,0,,,,,False,False,False,False,False,False,False,False,False,False,4.5003853,2.7739308,3.0790927,3.3217564,2.978753,2.1017861,2.6914086,0.9619047,2.714975,2.633279,2.440776,3.6544764,4.4581037,3.8214226,1.7264543,-0.30516192,-0.24266365,0.34300333,0.87696695,-0.58962256,-0.5478256,1.2199702,0.28734437,1.7878056,-0.9343943,-2.7222,-0.9156105,0.19173846,7.0,6.0,,0.4780634625687091,1.95160177111688,3.254530411188237,6.351547314628711,6.807737185563482,True,,primer-cosmos-west-grizli-v7.4-f444w-clear_drc_sci.fits,0.0399999999999996,False,False,False
295,equal_burden,untested,0.8732217,0.019578855,99.784744,primer-uds-north,41126,90008,34.38830497035532,-5.148019575475407,85943,1,25.12193452063496,67.98722208684688,0.131993153405405,5.218873023986816,False,0,False,,,0,0,0,0,,,,,False,False,False,False,False,False,False,False,False,False,2.4949222,2.5568194,2.5083282,2.6603642,1.8265014,1.8046733,1.2218174,3.4453442,3.4008512,3.6437728,3.6791193,4.6964607,4.7944064,4.912521,-0.06189728,0.048491195,-0.15203585,0.8338628,0.021828026,0.582856,-0.10354465,0.8556908,0.604684,0.4262231,-3.1636686,-3.5898917,-0.8794486,0.22790037,7.0,7.0,,0.4241975688728913,2.0675388035244056,11.760448870162987,24.31518438592673,27.723989322736895,True,,primer-uds-north-grizli-v7.2-f444w-clear_drc_sci.fits,0.0399999999999996,False,False,False
296,equal_burden,untested,0.8732008,0.02426749,99.78453,primer-cosmos-west,19222,360390,150.10493949798578,2.1812196208208863,335140,1,26.85979499510185,11.339203861640918,0.0782034958848929,5.659774303436279,False,0,False,,,0,0,0,0,,,,,False,False,False,False,False,False,False,False,False,False,7.115216,4.3312197,4.5853505,3.7359617,3.376764,3.0139663,2.9569287,-0.9618558,1.4681567,1.283816,2.0249262,3.285762,3.0060463,3.123352,2.783996,-0.25413075,0.84938884,0.3591976,0.3627978,0.05703766,0.59525806,0.7219954,0.41983545,-6.0100307,-2.1730204,3.8370106,-1.1067739,0.0005751336,6.0,4.0,,0.7287482682592157,1.3272649374837515,4.1049552822846485,5.44836321611513,5.632885127933527,True,,primer-cosmos-west-grizli-v7.4-f444w-clear_drc_sci.fits,0.0399999999999996,False,True,True
297,equal_burden,untested,0.87258935,0.02570785,99.78388,primer-uds-north,81100,128727,34.47102522218984,-5.09021546466376,123128,1,27.1541740509828,6.133098350012247,0.0947625440760091,0.9786852598190308,True,4,False,,,0,0,0,0,,,,,False,False,False,False,False,False,False,False,False,False,3.3849576,6.821814,7.909797,4.8193464,4.2180715,3.8558042,3.249258,1.9976901,-0.50803983,-1.4952812,1.0506413,1.9571222,2.3411443,2.5134282,-3.4368567,-1.087983,3.090451,0.6012746,0.36226752,0.606546,2.002468,0.9635421,0.96881354,11.321962,-5.1146264,-16.436588,-1.0233632,0.08398568,5.0,4.0,,0.4199538213422067,1.9646050708695797,1.9779087980280028,3.885809654323369,4.709824503338116,True,,primer-uds-north-grizli-v7.2-f444w-clear_drc_sci.fits,0.0399999999999996,False,False,False
298,equal_burden,untested,0.87250847,0.015963553,99.78367,primer-uds-north,36776,127200,34.46761209151288,-5.153845510388803,121665,1,25.41037507649288,35.26667074284275,0.2174721562055207,4.449649810791016,False,1,False,,,2,0,0,0,,,G395M;PRISM,rubies-uds32-v4_g395m-f290lp_4233_136776.spec.fits;rubies-uds32-v4_prism-clear_4233_136776.spec.fits,False,False,False,False,False,False,False,False,False,False,5.1384454,6.598619,7.5244465,5.753403,2.8143988,1.9161214,1.5101758,0.4787745,-0.35637003,-1.1839904,0.32599062,3.3904374,4.2663155,4.2562866,-1.4601736,-0.9258272,1.7710432,2.9390044,0.89827746,0.40594548,0.845216,3.837282,1.304223,3.6249487,-5.648754,-9.273703,-0.66259634,0.44475263,3.0,3.0,,0.3164291702558733,2.504535303865444,4.550432170645039,11.396718019225563,14.380571067343238,True,,primer-uds-north-grizli-v7.2-f444w-clear_drc_sci.fits,0.0399999999999996,False,False,False
299,equal_burden,untested,0.8724938,0.026501514,99.783455,primer-uds-south,27465,38171,34.29015511153041,-5.274149675883428,36459,1,27.24503050647751,7.26405306192855,0.0826985487126,0.9763016700744628,False,0,False,,,0,0,0,0,,,,,False,False,False,False,False,False,False,False,False,False,3.5228434,5.3285832,4.833713,4.4895544,4.0888004,3.4903593,3.339226,2.3064597,0.6322076,1.2337837,1.7600071,2.4350028,3.0085752,2.6807897,-1.80574,0.49487016,0.34415892,0.40075374,0.5984411,0.15113327,0.8390291,0.99919486,0.7495744,3.1689913,-3.5524337,-6.721425,-1.0825021,0.028196186,6.0,4.0,,0.7004289108205637,1.3491426950604548,2.345796976577206,3.16481485504404,3.3490864530835367,True,,primer-uds-south-grizli-v7.2-f444w-clear_drc_sci.fits,0.0399999999999996,False,True,False
300,equal_burden,untested,0.8720399,0.034489628,99.78303,primer-uds-south,75090,125044,34.46287875681878,-5.192620660925689,119611,1,27.014488741625016,10.111693548680533,0.1114583657391662,6.5247297286987305,False,0,False,,,0,0,0,0,,,,,False,False,False,False,False,False,False,False,False,False,7.0416613,3.353575,4.106393,3.9846594,3.329293,2.7503164,3.1106822,-1.2691408,2.458534,1.9642142,2.2615352,3.141249,3.743792,3.009276,3.6880865,-0.75281805,0.121733434,0.65536654,0.5789766,-0.3603659,-0.6310846,1.234343,0.21861067,-0.46725774,-1.6757346,-1.2084769,-0.95288736,0.15781097,6.0,6.0,,0.4312268408643412,1.870565643834857,2.163510044194481,4.046987558761829,5.017104315348254,True,,primer-uds-south-grizli-v7.2-f444w-clear_drc_sci.fits,0.0399999999999996,False,False,False
301,equal_burden,untested,0.87187463,0.022553967,99.78239,primer-uds-south,20511,58033,34.32346589287898,-5.285932407660635,55339,2,27.11907845866986,7.336582872601318,0.03813876997742,5.151383876800537,True,7,False,,,0,0,0,0,,,,,False,False,False,False,False,False,False,False,False,False,4.659058,7.5282364,7.549609,5.7563677,3.3981202,3.4557939,3.2144682,1.2136679,-1.3970896,-1.5700959,0.4644032,2.9752455,2.994416,2.690633,-2.8691783,-0.02137276,1.7932413,2.3582475,-0.05767381,0.24132557,1.7718685,2.3005738,0.18365176,5.646488,-0.6971127,-6.3436007,-1.4186333,-0.30793503,4.0,3.0,,0.8821481057237631,1.0833390112691572,3.6310500446989615,3.9336581652930023,4.116145600879399,True,,primer-uds-south-grizli-v7.2-f444w-clear_drc_sci.fits,0.0399999999999996,False,True,False
302,equal_burden,untested,0.8710501,0.01427295,99.78217,primer-cosmos-east,22204,433989,150.1842285462574,2.2520976170236167,404230,1,23.588956944936022,90.98329370824074,0.3325018132853294,3.450554132461548,False,0,False,,,0,0,0,0,,,,,False,False,False,False,False,False,False,False,False,False,2.7247677,2.7300658,2.7067208,1.636663,0.88093376,0.46814203,-0.31105,1.7511123,2.118989,2.331043,3.1257608,4.4045644,4.490837,5.203853,-0.0052982275,0.023344928,1.0700579,0.7557292,0.41279176,0.77919203,1.0934029,1.1685209,1.1919838,-4.4713483,-6.3005157,-1.8291672,-0.47820598,0.63081443,7.0,6.0,,0.2874767631859555,2.736434035129552,14.209523357388116,38.883423338125176,49.428424057344166,True,,primer-cosmos-east-grizli-v7.4-f444w-clear_drc_sci.fits,0.0399999999999996,False,False,False
303,equal_burden,untested,0.8710377,0.022869417,99.78195,primer-cosmos-east,62942,440062,150.19387370359007,2.3978243283335576,410065,1,25.665346005737984,40.63509327170298,0.096869981584922,5.065037250518799,False,0,False,,,0,0,0,0,,,,,False,False,False,False,False,False,False,False,False,False,2.501636,2.6385627,2.5081265,2.5549262,1.867944,1.9625223,1.7650274,3.2162645,3.1662889,3.4986677,3.561204,4.539626,4.375884,4.3979306,-0.13692679,0.13043621,-0.04679954,0.68698215,-0.09457832,0.19749491,0.08363667,0.5924038,0.1029166,0.025924487,-0.42308515,-0.44900966,-1.0138108,0.09520962,7.0,7.0,,0.5429490674311972,1.6960369159017807,9.965563699026884,16.9019639213203,18.35450928422439,True,,primer-cosmos-east-grizli-v7.4-f444w-clear_drc_sci.fits,0.0399999999999996,True,True,True
304,equal_burden,untested,0.8708664,0.034866303,99.78174,primer-uds-south,9426,74637,34.35557617106224,-5.304893619394038,71195,1,26.46563317981609,10.25745285387895,0.0940313376628049,6.609336853027344,False,0,False,,,0,0,0,0,,,,,False,False,False,False,False,False,False,False,False,False,2.9914758,2.392517,2.4837022,2.8173509,2.9347198,2.0197644,2.5642436,2.4707296,3.0315301,3.1230192,2.9794557,3.1389272,3.9410856,3.0235193,0.59895873,-0.09118505,-0.33364877,-0.11736888,0.91495544,-0.54447925,-0.42483383,0.79758656,0.3704762,0.4573852,-2.7898848,-3.2472699,-1.0267274,0.08397091,7.0,7.0,,0.5500419849893958,1.7641755178837393,4.998433677753292,8.818114322057937,9.087367535861205,True,,primer-uds-south-grizli-v7.2-f444w-clear_drc_sci.fits,0.0399999999999996,True,False,False
305,equal_burden,secure low-z,0.87069166,0.018837744,99.781525,gdn,37685,519826,189.29537544769343,62.2199003495428,485736,1,24.14922120986748,279.93417402903145,0.1211738017167492,2.6106417179107666,False,0,False,,,1,0,1,0,3.0,2.4878628,PRISM,goodsn-wide-v4_prism-clear_1211_5918.spec.fits,False,False,False,False,False,False,False,False,False,False,4.9524093,3.8519402,2.2446096,1.4658103,0.8244686,0.423615,0.24920169,2.44074,3.524286,4.7314053,5.614379,5.966671,6.248588,6.327705,1.100469,1.6073304,0.7787994,0.6413417,0.40085363,0.17441331,2.3861299,1.0421953,0.57526696,-7.8234816,-2.889113,4.9343686,-0.9165913,0.1907577,7.0,7.0,,0.4616354134538262,1.9249820457822453,31.18874444339504,60.03777308402621,67.5614208408528,True,,gdn-grizli-v7.4-f444w-clear_drc_sci.fits,0.0399999999999996,False,False,False
306,equal_burden,untested,0.8700811,0.020031862,99.78067,primer-cosmos-west,18255,347624,150.0949409987192,2.1771591125055503,323816,1,23.710992322906943,120.11539480632784,0.1301925511573347,3.546552419662476,False,2,False,,,0,0,0,0,,,,,False,False,False,False,False,False,False,False,False,False,4.9683175,5.2406087,3.2116077,1.115633,0.37015992,0.0809182,-0.18901639,0.5260427,0.5926979,2.3971362,4.176412,5.340212,5.1703672,5.4816175,-0.27229148,2.029001,2.0959747,0.745473,0.2892417,0.2699346,4.1249757,1.0347147,0.5591763,-16.292572,-2.7878082,13.504764,-0.8854139,0.22193511,5.0,5.0,,0.4613079943469758,1.9103356122249917,43.2334141080007,82.5903306085841,93.7191955001812,True,,primer-cosmos-west-grizli-v7.4-f444w-clear_drc_sci.fits,0.0399999999999996,False,False,False
307,equal_burden,untested,0.86924875,0.026194606,99.78046,ceers-full,81061,591021,214.92434342416783,52.96319711835519,553056,1,26.994236828267475,15.39444011588687,0.1071346773001165,6.926903247833252,False,0,False,,,0,0,0,0,,,,,False,False,False,False,False,False,False,False,False,False,6.565296,4.005085,3.581157,3.712951,3.6655593,3.0307956,3.090569,-1.2566109,2.751808,2.9811466,3.1313672,3.162029,3.713216,3.428207,2.560211,0.42392823,-0.13179408,0.047391698,0.63476366,-0.05977339,0.29213417,0.6821554,0.5749903,-2.4024765,-2.5223732,-0.11989648,-0.97006994,0.12847175,6.0,6.0,,0.4873584387389278,1.790863342150265,2.576052342659529,4.613357707929265,5.285744819203778,True,,ceers-full-grizli-v7.4-f444w-clear_drc_sci.fits,0.0399999999999993,False,False,False
308,equal_burden,untested,0.8684402,0.026304523,99.78024,primer-uds-south,7025,107583,34.42426319617333,-5.309649550887834,102832,1,26.564307527517485,8.171762321458559,0.0769574923626779,1.412595510482788,False,0,False,,,0,0,0,0,,,,,False,False,False,False,False,False,False,False,False,False,4.01648,3.2959182,3.043338,4.289245,3.2289615,3.3860939,2.6626415,1.5403541,2.1920998,2.6145191,1.6206391,2.6874108,2.6294253,2.7975547,0.7205619,0.25258023,-1.2459074,1.060284,-0.15713258,0.7234524,-0.99332714,0.9031514,0.5663198,-0.2559188,-2.8809125,-2.6249938,-1.1137491,-0.0030507946,7.0,5.0,,0.6445713383306714,1.501645965802603,5.415141671262163,8.131625644900392,8.401151818643452,True,,primer-uds-south-grizli-v7.2-f444w-clear_drc_sci.fits,0.0399999999999996,True,True,False
309,equal_burden,untested,0.868182,0.036587723,99.78003,primer-cosmos-east,69819,373636,150.11656416791172,2.424892594331437,347045,1,23.60685179272765,170.45449083754602,0.1310480515266355,3.9350905418396,False,0,False,,,0,0,0,0,,,,,False,False,False,False,False,False,False,False,False,False,4.161433,4.535521,3.0905187,1.5456123,0.49222845,0.02781915,-0.2931554,1.6763381,1.5166707,2.7023823,4.5640497,5.5970917,6.0028753,5.831624,-0.37408802,1.4450024,1.5449064,1.0533838,0.4644093,0.32097456,2.9899087,1.5177932,0.7853838,-10.354872,-3.926356,6.428516,-0.88256943,0.22645096,7.0,5.0,,0.4798640985731351,1.8562227375042228,48.54632779312048,90.11279747192344,101.16682606069485,True,,primer-cosmos-east-grizli-v7.4-f444w-clear_drc_sci.fits,0.0399999999999996,False,False,False
310,equal_burden,untested,0.8675939,0.016497094,99.77938,primer-uds-north,80785,86564,34.381127372756424,-5.090904618525153,82645,1,24.579657184070864,20.89535752743257,0.3615545712596242,5.154540538787842,False,0,False,,,0,0,0,0,,,,,False,False,False,False,False,False,False,False,False,False,3.8015969,3.729138,4.0804405,3.1872973,1.6540877,1.2603365,0.67961407,0.80666494,0.87646896,0.7621448,1.5727597,3.173717,3.616041,3.7332463,0.07245895,-0.35130268,0.8931432,1.5332097,0.39375114,0.5807225,0.5418405,1.9269608,0.97447366,-2.1258724,-5.1131926,-2.9873204,-0.44182613,0.6655228,4.0,3.0,,0.2357530205633705,3.048483068390528,3.8128942002743527,11.623543411100806,16.173257043166682,True,,primer-uds-north-grizli-v7.2-f444w-clear_drc_sci.fits,0.0399999999999996,False,False,False
311,equal_burden,untested,0.86749476,0.03451627,99.77917,ceers-full,31133,611218,215.00577253034663,52.90672346504815,572190,1,27.177095173888844,17.467289974702602,0.1022057422406296,5.823798179626465,False,0,False,,,0,0,0,0,,,,,False,False,False,False,False,False,False,False,False,False,3.44132,3.4459465,3.4681253,3.6023755,3.48793,2.6008968,3.2719688,3.2980735,3.5997193,3.0401032,3.305077,3.566596,4.5335903,3.5542955,-0.0046264576,-0.022178998,-0.1342502,0.114445664,0.88703316,-0.67107195,-0.1564292,1.0014788,0.21596122,0.47601148,-1.5306424,-2.0066538,-0.9905247,0.108016975,7.0,7.0,,0.5325996524254053,1.7721376945605771,2.4962259866065857,4.4236561650071975,4.686871227269908,True,,ceers-full-grizli-v7.4-f444w-clear_drc_sci.fits,0.0399999999999993,True,False,False
312,equal_burden,untested,0.86676925,0.016598698,99.77831,primer-uds-south,11829,40215,34.29366758629946,-5.3005849362970245,38404,1,25.303359424321734,40.73953813979648,0.1405514217700771,8.295844078063965,False,0,False,,,0,0,0,0,,,,,False,False,False,False,False,False,False,False,False,False,6.470382,2.750262,2.2455978,2.1824107,2.3803904,2.1431127,1.4031959,-0.71495295,2.9690742,3.5519254,3.8892412,3.8652241,4.1601334,4.400497,3.7201202,0.5046643,0.06318707,-0.19797975,0.23727785,0.73991686,0.56785136,0.039298106,0.9771947,-2.0391874,-5.334528,-3.2953408,-0.85216475,0.25853354,6.0,6.0,,0.3387461465270349,2.444558436677641,7.480323334276668,18.28608751588265,22.08238650378174,True,,primer-uds-south-grizli-v7.2-f444w-clear_drc_sci.fits,0.0399999999999996,False,False,False
313,equal_burden,untested,0.8667606,0.031790033,99.7781,primer-uds-north,63553,83287,34.374233051182145,-5.116342185880125,79507,1,26.52645769141162,18.509510924078924,0.1144768752742567,5.420561790466309,False,0,False,,,1,0,0,0,,,G395M,rubies-uds31-v4_g395m-f290lp_4233_163553.spec.fits,False,False,False,False,False,False,False,False,False,False,3.973248,3.6952217,3.4760895,3.3899782,3.0935607,2.6910143,2.6249037,2.2160795,2.4879267,2.8686085,3.1477668,3.5455222,3.990117,3.6121607,0.27802622,0.21913229,0.08611117,0.29641753,0.4025464,0.06611056,0.30524346,0.69896394,0.46865696,-1.4773815,-2.3368294,-0.85944784,-0.9412822,0.16606674,7.0,7.0,,0.4784434885343329,1.90910096846628,3.606257789345973,6.884710238179461,7.537479087432892,True,,primer-uds-north-grizli-v7.2-f444w-clear_drc_sci.fits,0.0399999999999996,False,False,False
314,equal_burden,untested,0.866285,0.026725277,99.777664,ceers-full,45167,589713,214.91909251331649,52.87708127446637,551802,1,27.987911527191933,10.696287438561097,0.0795112643396536,2.702765464782715,False,0,False,,,0,0,0,0,,,,,False,False,False,False,False,False,False,False,False,False,6.4070296,6.0669665,4.365996,5.3391643,5.197722,4.8691754,4.065619,-1.7309117,-0.15951602,2.6529632,1.7890662,2.444613,2.9055967,3.0652218,0.34006342,1.7009704,-0.9731684,0.14144218,0.32854643,0.80355674,0.7278021,0.4699886,1.1321032,-5.3385577,-6.092279,-0.7537215,-1.0995713,-0.001029662,5.0,4.0,,0.4939377701135929,1.7835386125733266,1.3140736493260796,2.343701093338204,2.660403250846512,True,,ceers-full-grizli-v7.4-f444w-clear_drc_sci.fits,0.0399999999999993,False,False,False
315,equal_burden,untested,0.8654582,0.03215979,99.77702,gds-sw,59746,170789,53.06783609666918,-27.818500589793665,162702,1,26.11920081138977,75.87468765070068,0.1109931766235612,5.444669246673584,False,0,False,,,0,0,0,0,,,,,False,False,False,False,False,False,False,False,False,False,3.0383143,2.7904644,2.8252769,2.7251732,2.4512944,2.1154673,2.218466,3.990511,4.381564,4.391297,4.609337,5.0056105,5.29661,5.0222735,0.24784993,-0.034812503,0.100103684,0.27387884,0.33582702,-0.10299875,0.06529118,0.60970587,0.23282829,-0.6372183,-1.2090178,-0.5717994,-0.95470375,0.15264525,7.0,7.0,,0.4745771585404745,1.8734319137329276,5.351017395503785,10.02476675967684,11.275337000964033,True,,gds-sw-grizli-v7.0-f444w-clear_drc_sci.fits,0.0399999999999996,False,False,False
316,equal_burden,secure z>3 (V untested),0.8650802,0.03233069,99.776596,primer-uds-south,28485,80647,34.3683511956173,-5.272577767589432,76976,1,26.535994135038948,11.688928666158793,0.10910706410511,5.5096116065979,False,0,False,,,1,0,0,1,3.0,5.488891,G395M,rubies-uds41-v4_g395m-f290lp_4233_28485.spec.fits,False,False,False,False,False,False,False,False,False,False,3.1978927,3.6911008,3.4313385,3.3677907,3.0529923,2.499154,2.6344128,2.6072261,2.1765673,2.5567777,2.8684156,3.2535903,3.7747984,3.153614,-0.49320826,0.25976238,0.063547865,0.3147982,0.5538385,-0.13525869,0.32331026,0.86863667,0.4185798,0.28371483,-2.4186974,-2.7024121,-0.9621471,0.14855117,7.0,7.0,,0.584186373819317,1.6136141646175983,4.1965116674590845,6.771550668594997,7.183515151205878,True,,primer-uds-south-grizli-v7.2-f444w-clear_drc_sci.fits,0.0399999999999996,True,True,True
317,equal_burden,untested,0.8650623,0.028896198,99.77638,primer-uds-south,45016,110268,34.42974431901376,-5.2464425166026825,105417,1,27.193264305076905,6.623226930990302,0.1119485044337727,5.668326377868652,True,3,False,,,0,0,0,0,,,,,False,False,False,False,False,False,False,False,False,False,6.349335,3.699811,6.8456407,6.739889,4.4466457,3.7490916,3.287984,-0.49190947,2.0117023,-0.7975575,-0.56886876,1.9840332,2.6441786,2.5893807,2.6495242,-3.1458297,0.10575163,2.2932434,0.6975541,0.46110752,-3.0400782,2.9907975,1.1586616,9.643272,-5.572023,-15.215295,-0.9509817,0.15971659,4.0,4.0,,0.6299819605866823,1.4686947193080782,2.248927388035212,3.302987778914625,3.569828231178012,True,,primer-uds-south-grizli-v7.2-f444w-clear_drc_sci.fits,0.0399999999999996,True,True,False
318,equal_burden,untested,0.8646216,0.027509747,99.775955,primer-uds-south,41160,77339,34.361247199365415,-5.25227640502917,73794,1,27.126635676133542,7.365009766236458,0.1059030341676627,17.914907455444336,False,1,False,,,0,0,0,0,,,,,False,False,False,False,False,False,False,False,False,False,4.4329176,7.413675,4.7091417,6.3568244,3.753377,3.3930588,3.2219613,1.4692694,-1.3344282,1.4313204,-0.2376614,2.653439,3.0068889,2.694465,-2.9807572,2.7045329,-1.6476824,2.6034472,0.36031842,0.17109732,1.0568503,2.9637656,0.5314157,2.4845264,-2.6607144,-5.145241,-0.9750916,0.1356067,5.0,3.0,,0.5439591455218402,1.720060172530911,2.3445807955497093,4.0328200477058935,4.310214866045621,True,,primer-uds-south-grizli-v7.2-f444w-clear_drc_sci.fits,0.0399999999999996,True,False,False
319,equal_burden,untested,0.8641613,0.015458631,99.77574,primer-cosmos-east,78224,428620,150.17651828811188,2.45991495497332,399084,1,24.457706800587907,44.48965638980778,0.3777814478189576,5.643360614776611,False,0,False,,,0,0,0,0,,,,,False,False,False,False,False,False,False,False,False,False,3.1401558,2.694502,3.024245,2.6860685,1.4298817,0.8370993,0.5576723,1.494384,2.2819505,2.008933,2.6157753,3.9135928,4.480663,4.48853,0.44565374,-0.329743,0.33817643,1.256187,0.5927824,0.27942696,0.008433429,1.8489693,0.8722093,-0.5386497,-4.0463862,-3.5077364,-0.42275938,0.68626106,7.0,6.0,,0.2309620019158355,3.2409715313725416,4.698415910462526,15.227432208356843,20.34280908326499,True,,primer-cosmos-east-grizli-v7.4-f444w-clear_drc_sci.fits,0.0399999999999996,False,False,False
320,equal_burden,untested,0.8640811,0.030227447,99.77552,primer-uds-south,52141,29281,34.2713525801,-5.234485688619888,27936,1,26.186494493585897,13.736160758559384,0.0329574608576339,17.914907455444336,True,3,False,,,0,0,0,0,,,,,False,False,False,False,False,False,False,False,False,False,4.625724,5.4592705,7.4202685,4.9656987,1.9820882,1.9736636,2.285663,1.0089266,0.40917742,-1.264107,1.1172909,4.029496,4.037755,3.3145013,-0.83354664,-1.960998,2.45457,2.9836104,0.008424692,-0.31199935,0.49357194,2.9920352,-0.30357465,2.0903535,0.88889843,-1.2014551,-1.4820462,-0.37134796,5.0,3.0,,1.030204985783688,0.9649875325578272,12.41307127810943,11.978459024127252,12.049127551704354,True,,primer-uds-south-grizli-v7.2-f444w-clear_drc_sci.fits,0.0399999999999996,False,True,False
321,equal_burden,untested,0.8636263,0.02178006,99.77488,gdn,28945,483762,189.17261821378264,62.20187545869547,451913,1,25.329300317788103,128.4244711375675,0.0903520087271235,3.5699353218078613,False,0,False,,,0,0,0,0,,,,,False,False,False,False,False,False,False,False,False,False,3.3142068,3.3623004,2.880334,2.1784642,1.4712327,1.6350328,1.4291286,3.8509417,4.096173,4.2727833,5.010424,5.6241546,5.5966806,5.5485034,-0.04809363,0.48196656,0.70186955,0.70723164,-0.1638002,0.2059041,1.1838361,0.54343146,0.042103905,-4.1381903,-0.16947655,3.9687135,-1.0440621,0.06328678,7.0,7.0,,0.572211732419442,1.6076450050130706,14.015890594253596,22.53257650466147,24.494238408903648,True,,gdn-grizli-v7.4-f444w-clear_drc_sci.fits,0.0399999999999996,True,True,True
322,equal_burden,untested,0.8635002,0.030600317,99.774666,gds-sw,32585,154334,53.02438134061544,-27.86955811869884,147605,1,27.3695219766052,21.926048338604584,0.1026118853618936,6.204118251800537,False,0,False,,,0,0,0,0,,,,,False,False,False,False,False,False,False,False,False,False,4.0688047,3.937938,4.2202506,4.1389956,3.90847,3.0308979,3.4622364,2.6068928,2.9692085,2.827678,3.049079,3.6128728,4.461673,3.781342,0.1308665,-0.28231278,0.08125502,0.23052584,0.8775722,-0.43133867,-0.20105775,1.108098,0.4462335,0.49512854,-1.7857293,-2.2808578,-0.9888023,0.118546635,7.0,7.0,,0.4967230935035204,1.804028067793539,1.848166827460658,3.334144830703966,3.720718548487538,True,,gds-sw-grizli-v7.0-f444w-clear_drc_sci.fits,0.0399999999999996,False,False,False
323,equal_burden,untested,0.86312383,0.02845263,99.77445,primer-uds-north,61298,108706,34.42653752181112,-5.119519460404055,103914,1,26.82820302707413,12.281163145156311,0.1142214345015071,1.4553277492523191,False,0,False,,,0,0,0,0,,,,,False,False,False,False,False,False,False,False,False,False,4.570431,3.9826767,3.1722863,3.9753745,3.428937,3.4999278,2.925498,1.5565375,2.1087627,3.0261865,2.4884179,3.106379,2.9635394,3.2028673,0.5877543,0.8103905,-0.80308837,0.5464376,-0.070990816,0.57442963,0.0073021394,0.4754468,0.50343883,-0.50246054,-2.5354545,-2.0329938,-0.9422524,0.16509658,7.0,6.0,,0.4024736747925013,2.149841911269301,2.4798684908061377,5.331325215971185,6.161566944930384,True,,primer-uds-north-grizli-v7.2-f444w-clear_drc_sci.fits,0.0399999999999996,False,False,False
324,equal_burden,untested,0.86288846,0.027367322,99.77424,primer-uds-north,67470,8979,34.223955268400296,-5.110655208632351,8481,1,26.03530249635496,66.89416173597048,0.1263427671394667,6.537135124206543,False,0,False,,,0,0,0,0,,,,,False,False,False,False,False,False,False,False,False,False,3.781334,2.735598,2.6323419,2.4729753,2.3823617,1.49091,2.1346729,3.3124416,4.033665,4.273724,3.258369,4.909849,5.3666425,4.8963146,1.0457358,0.10325609,0.15936664,0.0906137,0.8914515,-0.64376277,0.26262274,0.9820652,0.24768873,-2.91984,-1.5673045,1.3525356,-0.8984496,0.20889935,7.0,7.0,,0.444208724157534,1.997693859656267,5.053290647238752,10.094927697047298,11.375937419560124,True,,primer-uds-north-grizli-v7.2-f444w-clear_drc_sci.fits,0.0399999999999996,False,False,False
325,equal_burden,untested,0.8622841,0.02905097,99.77381,primer-uds-south,26422,21562,34.252313984273584,-5.275878384242537,20513,1,25.143110036787625,47.70450342662845,0.1147437888520643,3.2737536430358887,False,0,False,,,0,0,0,0,,,,,False,False,False,False,False,False,False,False,False,False,5.439511,4.789506,3.7205043,2.4388895,1.7878872,1.5163912,1.2429882,0.40941265,1.1519027,2.2933433,3.6505759,4.5059423,4.7929206,4.558283,0.6500051,1.0690014,1.2816149,0.65100217,0.27149612,0.2734029,2.3506165,0.9224983,0.54489905,-9.872656,-2.7160258,7.1566296,-0.94027084,0.17042749,6.0,5.0,,0.4857413696775279,1.8599184440507408,13.55490797449442,25.21102334917265,27.90560742951172,True,,primer-uds-south-grizli-v7.2-f444w-clear_drc_sci.fits,0.0399999999999996,False,False,False
326,equal_burden,untested,0.86167127,0.03079178,99.77316,primer-uds-north,63402,84764,34.377347646577384,-5.116365855151826,80910,1,26.770206963740044,14.043724912172848,0.0316692674175077,17.432680130004883,True,3,False,,,0,0,0,0,,,,,False,False,False,False,False,False,False,False,False,False,5.3215566,4.8527975,7.0136704,5.53088,2.6208968,2.8935938,2.8677752,0.6348648,1.2498174,-1.2249413,0.8388977,3.8698328,3.7387624,3.3365881,0.4687593,-2.1608732,1.4827908,2.909983,-0.27269697,0.025818544,-0.67808235,2.637286,-0.24687842,3.016971,1.5545305,-1.4624406,-1.499362,-0.392013,4.0,3.0,,1.0460185056438722,0.9841393690576802,7.324543886148154,7.208371998749134,7.002308129949921,True,,primer-uds-north-grizli-v7.2-f444w-clear_drc_sci.fits,0.0399999999999996,False,True,False
327,equal_burden,untested,0.86114717,0.02685802,99.77295,primer-uds-north,71708,27825,34.26793999397933,-5.1047999845471255,26530,1,27.17533299140863,27.00020420525321,0.1082877893848627,4.9723663330078125,False,0,False,,,0,0,0,0,,,,,False,False,False,False,False,False,False,False,False,False,4.644997,4.6253114,4.3431325,4.567693,3.3745363,3.2865329,3.2702231,2.5380604,2.38862,2.843224,1.8872144,4.1756105,4.1683707,3.9893343,0.019685423,0.28217912,-0.22456065,1.1931568,0.08800345,0.016309744,0.05761847,1.2811602,0.104313195,-0.9964152,-0.5497959,0.4466193,-0.9654205,0.14192845,7.0,7.0,,0.4875828277192001,1.905713245307924,1.9869460221274156,3.786549352080107,4.075094341246368,True,,primer-uds-north-grizli-v7.2-f444w-clear_drc_sci.fits,0.0399999999999996,False,False,False
328,equal_burden,secure low-z,0.8604111,0.02531459,99.77252,primer-uds-north,40904,100175,34.40897794572533,-5.1484135349985385,95721,1,22.64121281725277,477.58883038648935,0.1090921355323425,2.3016510009765625,False,0,False,,,1,0,1,0,3.0,2.2903423,G235M,valentino-obs19-v4_g235m-f170lp_3567_40904.spec.fits,False,False,False,False,False,False,False,False,False,False,4.56664,2.7893384,1.3529042,0.3385416,-0.31512904,-0.9358748,-1.2587883,1.494756,3.215945,4.6935515,5.7414985,6.370254,6.856163,6.8618984,1.7773015,1.4364343,1.0143626,0.65367067,0.6207458,0.32291356,2.4507968,1.2744164,0.94365937,-8.721226,-4.731258,3.9899676,-0.96220654,0.1451424,7.0,6.0,,0.5079044495004391,1.776665743696731,140.06755091606112,248.85321951606343,275.7753964428304,True,,primer-uds-north-grizli-v7.2-f444w-clear_drc_sci.fits,0.0399999999999996,True,False,False
329,equal_burden,untested,0.86024237,0.036756866,99.77231,primer-uds-south,46059,146953,34.50847382666292,-5.24481415377844,140611,1,26.826368980946405,20.50472205961029,0.1052101228043592,6.813161373138428,False,0,False,,,0,0,0,0,,,,,False,False,False,False,False,False,False,False,False,False,5.347427,3.554756,3.660311,3.4683635,3.313622,2.533673,2.9236732,0.57865244,2.8294513,2.8611028,3.2025785,3.6175494,4.3868804,3.7143965,1.792671,-0.10555494,0.19194728,0.15474159,0.77994895,-0.39000005,0.08639235,0.93469054,0.3899489,-0.8194248,-1.826185,-1.0067602,-0.97794247,0.13275583,6.0,6.0,,0.4794060882342184,1.856357578655116,2.856515175890676,5.302713595308006,5.958445764449904,True,,primer-uds-south-grizli-v7.2-f444w-clear_drc_sci.fits,0.0399999999999996,False,False,False
330,equal_burden,untested,0.8596461,0.036778018,99.772095,primer-cosmos-east,68929,418927,150.16365893536852,2.4206766472387926,389834,1,27.21480751003534,10.601626962131816,0.1148381285845212,6.117431163787842,False,0,False,,,0,0,0,0,,,,,False,False,False,False,False,False,False,False,False,False,4.4666953,4.8470235,3.964025,4.2720056,3.6369715,3.2581322,3.309315,1.3510532,1.3813969,2.1977453,2.4315696,3.0407732,3.5761697,3.0563717,-0.38032788,0.88299835,-0.30798045,0.6350339,0.3788394,-0.051182948,0.5750179,1.0138733,0.32765645,-0.62598693,-1.6938577,-1.0678709,-0.93991387,0.16910651,7.0,5.0,,0.4679475670976377,1.9335213646993177,1.8730761349835177,3.6216327246990554,4.002747886052581,True,,primer-cosmos-east-grizli-v7.4-f444w-clear_drc_sci.fits,0.0399999999999996,False,False,False
331,equal_burden,untested,0.8586535,0.026190275,99.77188,primer-uds-south,8790,25914,34.263405766062085,-5.3060807512983335,24694,1,26.936468321798767,7.340476546531367,0.029511962370079,17.914907455444336,False,2,False,,,0,0,0,0,,,,,False,False,False,False,False,False,False,False,False,False,6.9301853,5.410342,6.9791565,6.5230727,2.9514618,2.842895,3.033169,-1.0199231,0.4653364,-0.85248435,-0.3132515,3.1359668,3.3748372,2.6911588,1.5198431,-1.5688142,0.45608342,3.5716112,0.108566545,-0.19027397,-1.1127309,3.6801777,-0.081707425,-0.35313633,-0.0035240038,0.34961233,-1.5300019,-0.41930363,3.0,3.0,,0.9130241385868618,1.0782807702921056,5.628480363956224,6.069082142420708,6.164656689874307,True,,primer-uds-south-grizli-v7.2-f444w-clear_drc_sci.fits,0.0399999999999996,False,True,True
332,equal_burden,untested,0.8585405,0.025040101,99.77123,gdn,53486,507371,189.2562671862601,62.24783347099475,474080,1,27.95932778444829,18.86101056765691,0.0950454861324074,3.4294779300689697,False,0,False,,,0,0,0,0,,,,,False,False,False,False,False,False,False,False,False,False,4.7644973,5.5456057,5.9707522,5.0356708,5.0344486,4.775663,4.038146,1.7447615,1.7019248,0.1824017,1.3197173,1.5968193,3.054587,3.6309462,-0.78110856,-0.42514643,0.93508124,0.0012222352,0.25878558,0.737517,0.5099348,0.26000783,0.99630255,2.4178572,-7.1765504,-9.594407,-1.0220685,0.08528046,6.0,2.0,,0.6044899035794578,1.537528498831473,1.2128827328375618,1.8648417674783508,2.0064565605736924,True,,gdn-grizli-v7.4-f444w-clear_drc_sci.fits,0.0399999999999996,True,True,True
333,equal_burden,untested,0.8583617,0.025509136,99.770805,gds,7107,227579,53.1583224470119,-27.86360895812245,215277,1,27.69154774042527,14.981659095393107,0.0982521730579263,0.15665303170681,False,0,False,,,0,0,0,0,,,,,False,False,False,False,False,False,False,False,False,False,5.2066975,4.601753,4.537855,4.5155597,4.2961903,3.4644454,3.778468,1.3936875,2.2725663,2.4200706,2.6628213,3.0864744,3.9176836,3.4010859,0.6049439,0.06389842,0.022295224,0.21936958,0.83174473,-0.31402248,0.08619364,1.0511143,0.51772225,-1.260016,-1.7234342,-0.46341822,-1.0076579,0.09969113,7.0,6.0,,0.5598113328900687,1.6338674928272705,1.503570122132734,2.456634345739003,2.6858515249600945,True,,gds-grizli-v7.2-f444w-clear_drc_sci.fits,0.0399999999999996,True,True,False
334,equal_burden,untested,0.8578891,0.031506326,99.77059,ceers-full,47120,586529,214.9074395307219,52.87344079094546,548820,1,27.59853300953833,16.77777585502614,0.0423121009157206,7.441195487976074,True,12,False,,,0,0,0,0,,,,,False,False,False,False,False,False,False,False,False,False,6.028644,5.9581013,5.8136663,7.0486884,6.563758,6.790176,3.6874819,-1.0599172,0.2999688,0.76296395,-2.1271136,-0.30338466,-0.81450975,3.5140893,0.070542715,0.14443515,-1.2350223,0.4849307,-0.22641811,3.1026943,-1.0905871,0.25851256,2.876276,2.779094,-17.491547,-20.27064,-1.3735354,-0.27499372,1.0,1.0,,0.7526262766662536,1.0887002172415177,3.054387713468927,3.3253125671934427,4.058305972252643,True,,ceers-full-grizli-v7.4-f444w-clear_drc_sci.fits,0.0399999999999993,False,True,False
335,equal_burden,untested,0.8571241,0.028330153,99.76995,gds-sw,55627,169415,53.06549919493514,-27.8274306247868,161417,1,27.55120070892613,22.87666312951303,0.1096315207322103,4.678940296173096,False,0,False,,,0,0,0,0,,,,,False,False,False,False,False,False,False,False,False,False,4.7459826,4.7029686,5.3728313,4.8222966,4.0226135,3.6327386,3.6410594,2.1300085,2.3452866,1.5309153,2.4199853,3.6843839,4.085314,3.823742,0.04301405,-0.66986287,0.55053467,0.79968345,0.38987473,-0.008320821,-0.11932822,1.1895581,0.38155392,0.4803551,-1.8380268,-2.318382,-0.9600646,0.1472844,7.0,6.0,,0.4279607944476505,2.053255134534048,1.486617113826085,3.0524042220495966,3.473722670659105,True,,gds-sw-grizli-v7.0-f444w-clear_drc_sci.fits,0.0399999999999996,False,False,False
336,equal_burden,untested,0.85693085,0.024777744,99.76952,primer-uds-south,57860,31052,34.27556382322131,-5.224718747880394,29627,1,26.95958445200305,10.27842631214605,0.0287713745354333,17.407184600830078,True,3,False,,,0,0,0,0,,,,,False,False,False,False,False,False,False,False,False,False,6.5427327,7.6328115,5.7801332,5.890129,3.0884457,3.4237103,3.0561423,-0.78016555,-1.4842267,0.26784799,0.33992687,3.4260285,3.1677063,3.0255523,-1.0900792,1.8526784,-0.10999589,2.8016834,-0.3352646,0.36756793,1.7426826,2.466419,0.032303344,-4.019785,0.3386888,4.358474,-1.5410393,-0.4303411,3.0,3.0,,0.9645261398114672,1.007346701170298,5.735300169771081,5.777435706240348,5.946236118486267,True,,primer-uds-south-grizli-v7.2-f444w-clear_drc_sci.fits,0.0399999999999996,False,True,False
337,equal_burden,untested,0.856081,0.033911023,99.76866,gdn,49190,547554,189.3910624897645,62.240350828747815,511866,1,28.02343078646713,13.507572917890633,0.0762289695473909,1.766878962516785,False,0,False,,,0,0,0,0,,,,,False,False,False,False,False,False,False,False,False,False,6.3176246,5.920828,5.1030903,5.265599,5.2401633,4.975642,4.0996785,-1.6519923,0.3835888,2.126807,1.9711077,2.453266,2.5784247,3.297765,0.39679676,0.8177375,-0.16250852,0.025435235,0.26452112,0.8759637,0.655229,0.28995636,1.1404848,-3.5638146,-6.152278,-2.5884633,-1.11788,-0.010530985,5.0,5.0,,0.60848417623461,1.593514949329523,1.3363540935964004,2.129500225743569,2.1962018829576757,True,,gdn-grizli-v7.4-f444w-clear_drc_sci.fits,0.0399999999999996,True,True,False
338,equal_burden,untested,0.85591877,0.031008735,99.768234,primer-cosmos-west,27543,336805,150.0867389312522,2.2059064951374703,314271,1,26.257681760766125,66.1869405285007,0.1076277366439668,6.507773399353027,False,0,False,,,0,0,0,0,,,,,False,False,False,False,False,False,False,False,False,False,3.7518828,2.5186229,2.566636,2.6717558,2.589138,1.8046278,2.3567338,2.4157293,3.62843,3.7824342,3.796803,4.8409567,5.5411496,4.8856874,1.2332599,-0.048013285,-0.10511964,0.08261775,0.78451025,-0.552106,-0.15313292,0.867128,0.23240425,-0.088055626,-1.2380161,-1.1499605,-0.9680758,0.13927317,7.0,7.0,,0.4787044044195135,1.8791760829159072,4.809011560429824,9.036979506825832,10.045889521867522,True,,primer-cosmos-west-grizli-v7.4-f444w-clear_drc_sci.fits,0.0399999999999996,False,False,False
339,equal_burden,untested,0.85574794,0.021659777,99.76781,primer-cosmos-west,30460,300060,150.05391775162673,2.214068054978213,281381,1,25.15586094306034,57.1585921018586,0.0811053873922433,4.116330146789551,False,0,False,,,0,0,0,0,,,,,False,False,False,False,False,False,False,False,False,False,3.2422404,3.5192873,3.5855224,2.0802796,1.3643285,1.4312471,1.2557362,2.4241457,2.2799418,2.4537826,3.8923905,5.002744,4.6976047,4.7390532,-0.27704692,-0.06623497,1.5052427,0.7159512,-0.06691859,0.17551084,1.4390078,0.6490326,0.10859224,-4.695156,-0.43486708,4.260289,-1.0909503,0.016398668,7.0,7.0,,0.6040012529014325,1.5413538913584393,17.44048237673087,26.881955378542408,28.874910926015907,True,,primer-cosmos-west-grizli-v7.4-f444w-clear_drc_sci.fits,0.0399999999999996,True,True,True
340,equal_burden,untested,0.8556193,0.024705602,99.76738,primer-cosmos-west,69888,326785,150.07920115457708,2.307656854982671,305432,1,27.70032087771743,9.838291146755804,0.0978867363255137,5.655716896057129,False,0,False,,,0,0,0,0,,,,,False,False,False,False,False,False,False,False,False,False,4.7949085,4.878674,6.3330455,4.7242317,4.831892,4.437837,3.7870317,1.2604938,1.4893863,-0.55856484,1.9489315,2.2566426,2.6443715,2.982002,-0.083765425,-1.4543715,1.6088136,-0.10766054,0.39405495,0.6508055,0.15444225,0.28639442,1.0448605,-0.36066154,-5.5398097,-5.179148,-1.0092762,0.09807281,6.0,4.0,,0.6559509077190415,1.3375306176002582,1.4595090213112556,1.952138002667592,2.2250278246987287,True,,primer-cosmos-west-grizli-v7.4-f444w-clear_drc_sci.fits,0.0399999999999996,True,True,True
341,equal_burden,untested,0.8554058,0.022090651,99.766945,primer-uds-north,12297,95453,34.39941159650273,-5.188669407061669,91192,1,27.068708056262253,10.361368328987592,0.0787116410693777,3.610995769500733,False,0,False,,,0,0,0,0,,,,,False,False,False,False,False,False,False,False,False,False,5.5978527,4.4656973,5.3423767,4.2654295,3.313916,3.5863738,3.164504,0.18105493,1.2284224,0.6101469,1.7716548,3.2240815,3.0686693,3.0335522,1.1321558,-0.8766796,1.0769472,0.9515134,-0.2724578,0.42186975,0.20026761,0.67905563,0.14941195,-2.3302066,-0.47128874,1.858918,-1.103961,0.0033879334,5.0,3.0,,0.5072498763510818,1.768087208663435,2.7107458165571416,4.7928350041926,5.344004883859171,True,,primer-uds-north-grizli-v7.2-f444w-clear_drc_sci.fits,0.0399999999999996,True,False,False
342,equal_burden,untested,0.8549663,0.015625179,99.76673,primer-cosmos-east,78719,444566,150.2011626171037,2.4601381917347087,414368,1,23.62466485662217,25.229331916389462,0.7215812090808368,5.13881254196167,True,8,False,,,0,0,0,0,,,,,False,False,False,False,False,False,False,False,False,False,1.2302877,6.950611,8.18606,4.3951535,0.71324533,0.109548956,-0.27534258,1.6624918,-0.09352287,-0.40941763,0.22619879,3.2483158,3.5059311,3.921547,-5.7203236,-1.2354488,3.7909064,3.6819084,0.6036964,0.38489154,2.5554576,4.2856045,0.9885879,22.051975,-4.7874393,-26.839415,-0.14171478,0.9673056,4.0,3.0,,0.1785972445241273,3.811797475300793,2.2395344343734886,8.536651702794053,12.539579993749244,True,,primer-cosmos-east-grizli-v7.4-f444w-clear_drc_sci.fits,0.0399999999999996,False,False,False
343,equal_burden,untested,0.85390913,0.037853926,99.76609,primer-uds-south,66042,132311,34.478425705736555,-5.209484992685665,126572,1,26.072661196392072,14.13883282611916,0.1088167018955107,5.3971123695373535,False,0,False,,,0,0,0,0,,,,,False,False,False,False,False,False,False,False,False,False,2.787564,2.5416148,2.6993315,2.703878,2.4773142,2.0783646,2.1719868,2.6020532,2.8521872,2.9308252,3.1269217,3.5638385,3.9635162,3.3433206,0.24594937,-0.15771666,-0.0045465273,0.22656374,0.39894956,-0.09362207,-0.16226318,0.6255133,0.30532748,0.09154354,-1.9063686,-1.9979122,-0.96330446,0.14739385,7.0,7.0,,0.4245017946676427,2.13544012323016,5.289822750770576,11.29609974677122,12.46124943926836,True,,primer-uds-south-grizli-v7.2-f444w-clear_drc_sci.fits,0.0399999999999996,False,False,False
344,equal_burden,untested,0.8534314,0.026253395,99.76566,primer-cosmos-west,97573,345241,150.09324099749662,2.4131761747039984,321726,1,27.108050501070373,11.182002942211962,0.0907126197115797,7.386687755584717,False,0,False,,,0,0,0,0,,,,,False,False,False,False,False,False,False,False,False,False,5.43669,4.3456216,4.095086,3.8355772,4.0997195,4.035742,3.2035325,0.39181656,1.7539654,2.040697,2.7237718,2.6377397,2.8821576,3.1094463,1.0910681,0.2505356,0.25950885,-0.26414236,0.06397773,0.8322093,0.51004446,-0.20016462,0.89618707,-2.6788323,-5.0210476,-2.3422153,-1.0423323,0.06501667,6.0,5.0,,0.5834702560842179,1.6085423301663948,2.8577921881048134,4.596879705385437,4.8979226589612495,True,,primer-cosmos-west-grizli-v7.4-f444w-clear_drc_sci.fits,0.0399999999999996,True,True,True
345,equal_burden,untested,0.8532703,0.027713884,99.76545,primer-uds-north,5990,136418,34.48677981674002,-5.20025634297664,130524,1,24.30596795101656,81.14697929589639,0.0846352545587136,2.789466381072998,False,0,False,,,0,0,0,0,,,,,False,False,False,False,False,False,False,False,False,False,3.2373264,2.6776087,1.7664218,0.96651906,0.67801225,0.40723613,0.4059419,2.209572,2.7616582,3.77237,4.708182,5.2440553,5.4970136,5.089447,0.5597179,0.9111868,0.79990274,0.2885068,0.27077612,0.0012942391,1.7110896,0.55928296,0.27207038,-6.74159,-1.4754407,5.2661495,-1.0724487,0.03490027,7.0,7.0,,0.5879631573059683,1.564952525600858,37.54990759463547,58.76382272630362,63.86438865776584,True,,primer-uds-north-grizli-v7.2-f444w-clear_drc_sci.fits,0.0399999999999996,True,True,False
346,equal_burden,untested,0.85321975,0.02435098,99.765236,ceers-full,33515,574712,214.86525064686492,52.81084245801811,537626,1,24.506676800968062,182.05650361809683,0.0894414314568004,3.9879133701324463,False,0,False,,,0,0,0,0,,,,,False,False,False,False,False,False,False,False,False,False,3.178145,2.8221614,2.53277,1.3985302,0.69011426,0.6641838,0.6066391,3.7603014,4.179182,3.9621308,5.191302,5.9330177,6.0515614,5.897472,0.3559836,0.28939152,1.1342396,0.70841604,0.02593049,0.057544697,1.4236311,0.7343465,0.08347519,-5.8161893,-0.41222373,5.403966,-1.0484613,0.05008042,7.0,7.0,,0.5869372335877805,1.5689613140202554,31.00214761407531,48.641170258029526,52.82020945334817,True,,ceers-full-grizli-v7.4-f444w-clear_drc_sci.fits,0.0399999999999993,True,True,True
347,equal_burden,untested,0.8517917,0.029712519,99.76437,gds-sw,52750,199562,53.11542021989406,-27.833471040560188,189384,1,27.686574128394003,13.69143295702501,0.0889244550486423,5.468604564666748,False,0,False,,,0,0,0,0,,,,,False,False,False,False,False,False,False,False,False,False,4.4828978,3.8910005,5.0438766,4.582265,4.647822,3.7478325,3.7736115,2.250404,2.9208558,1.8324943,2.5180666,2.675775,3.561014,3.3112485,0.59189737,-1.1528764,0.4616119,-0.06555706,0.8999895,-0.02577893,-0.6912644,0.8344324,0.87421054,1.601225,-3.0203378,-4.621563,-1.0509788,0.05637018,7.0,7.0,,0.5389299563568257,1.6812143729209876,1.5110741402560506,2.5404395631476966,2.8038414314003504,True,,gds-sw-grizli-v7.0-f444w-clear_drc_sci.fits,0.0399999999999996,True,True,True
348,equal_burden,untested,0.8515478,0.029437706,99.76395,primer-uds-north,14504,90268,34.38884504918448,-5.184929499748773,86140,2,27.134604766298185,4.909139959670406,0.0613687225654671,5.146729469299316,True,4,False,,,0,0,0,0,,,,,False,False,False,False,False,False,False,False,False,False,7.6602726,4.979337,8.807889,5.4194856,3.687685,3.6371253,3.2298617,-1.2792747,0.55987215,-2.1437228,0.4956337,2.2262576,2.340798,2.2944617,2.6809351,-3.8285518,3.3884032,1.7318006,0.050559748,0.40726358,-0.44014838,1.7823603,0.4578233,3.3357325,-2.283931,-5.6196637,-1.212053,-0.10470395,3.0,3.0,,0.802947737169721,1.0958528483685992,2.480627621531918,2.718402844797576,3.089401098850823,True,,primer-uds-north-grizli-v7.2-f444w-clear_drc_sci.fits,0.0399999999999996,False,True,False
349,equal_burden,untested,0.8513685,0.022691073,99.76373,primer-uds-north,16055,67671,34.341392077540704,-5.182454770770118,64540,1,24.455338109472493,142.217423759911,0.0894561370177771,3.896648406982422,False,0,False,,,0,0,0,0,,,,,False,False,False,False,False,False,False,False,False,False,2.9717848,2.7363513,2.5507703,1.2841536,0.6251836,0.65401113,0.5553038,3.0880213,3.3395207,3.7054439,5.0346594,5.8570185,5.884068,5.6505165,0.23543347,0.18558098,1.2666167,0.65897,-0.028827522,0.09870733,1.4521977,0.6301425,0.069879815,-6.3069415,-0.33410236,5.9728394,-1.0483899,0.058959108,7.0,7.0,,0.5960607849931135,1.5440655202846114,31.941552463909208,49.31984982388418,53.58774351222961,True,,primer-uds-north-grizli-v7.2-f444w-clear_drc_sci.fits,0.0399999999999996,True,True,True
350,equal_burden,untested,0.8510552,0.022483625,99.763306,primer-uds-north,29905,31367,34.27636585438735,-5.163541621540245,29931,1,26.275039375128944,11.28649137854314,0.2468056591214094,5.091978549957275,False,0,False,,,0,0,0,0,,,,,False,False,False,False,False,False,False,False,False,False,4.525466,4.341852,5.276158,5.5612187,3.2359269,3.118404,2.3740606,0.9077093,1.1047032,0.5160456,0.4338819,2.7174518,2.8875935,3.1187105,0.1836138,-0.93430555,-0.2850609,2.3252919,0.11752303,0.7443432,-1.2193664,2.442815,0.86186624,3.4204118,-4.665147,-8.085559,-0.6076449,0.4997041,5.0,3.0,,0.2910111551564266,2.715616340841445,1.7845214584615663,4.846075633180439,6.132141077211751,True,,primer-uds-north-grizli-v7.2-f444w-clear_drc_sci.fits,0.0399999999999996,False,False,False
351,equal_burden,untested,0.85092264,0.026620263,99.76244,primer-uds-south,50455,36291,34.286638364564084,-5.237982362596159,34668,1,20.442140788691404,1861.105679360861,0.1126452475628465,1.2308241128921509,True,8,False,,,0,0,0,0,,,,,False,False,False,False,False,False,False,False,False,False,0.20073457,-0.68353456,-1.5154525,-2.0658648,-2.7322476,-3.1517055,-3.4578593,5.530249,6.31142,7.0593657,7.487172,7.900844,8.11474,8.222074,0.8842691,0.8319179,0.55041224,0.6663829,0.41945797,0.30615363,1.3823301,1.085841,0.7256116,-6.63119,-3.62545,3.00574,-0.9482871,0.16241117,7.0,7.0,,0.5245108942470755,1.7292679229077876,1047.9061128724186,1812.110427209261,1997.8729219278964,True,,primer-uds-south-grizli-v7.2-f444w-clear_drc_sci.fits,0.0399999999999996,True,False,False
352,equal_burden,untested,0.85090476,0.024815667,99.76223,primer-uds-north,45236,147109,34.508924807312944,-5.142163644796491,140759,1,27.33098492737389,8.352773574289463,0.0955587335838189,6.85172700881958,False,0,False,,,0,0,0,0,,,,,False,False,False,False,False,False,False,False,False,False,5.1573033,4.566958,3.8263154,5.324947,3.8816028,2.959142,3.424194,0.7712903,1.4212984,2.2982311,1.0208484,2.738101,3.6700976,2.819305,0.5903455,0.7406424,-1.4986317,1.4433442,0.9224607,-0.46505192,-0.7579893,2.365805,0.45740876,-1.3255725,-2.2188108,-0.89323825,-1.0197296,0.08761935,6.0,4.0,,0.5756506261213266,1.520978709997314,2.294797988564365,3.490338884351058,3.9864422697261226,True,,primer-uds-north-grizli-v7.2-f444w-clear_drc_sci.fits,0.0399999999999996,True,True,True
353,equal_burden,untested,0.8506121,0.035035785,99.7618,primer-uds-north,21274,109110,34.42739668390945,-5.174931045946512,104299,1,26.356106051233013,28.18528707364171,0.1094453631634856,6.413954257965088,False,0,False,,,0,0,0,0,,,,,False,False,False,False,False,False,False,False,False,False,3.1572003,2.6805737,2.775988,2.8146725,2.6365006,1.7435762,2.45497,3.0025425,3.500939,3.614448,3.7642012,4.191356,5.0182996,4.032262,0.4766266,-0.09541438,-0.03868437,0.17817172,0.8929244,-0.7113937,-0.13409875,1.0710962,0.18153071,-0.23042493,-2.2182107,-1.9877857,-0.9608026,0.14654633,7.0,7.0,,0.4665483235953416,1.882603542020004,4.082145524670117,7.685061623785071,8.749673545522683,True,,primer-uds-north-grizli-v7.2-f444w-clear_drc_sci.fits,0.0399999999999996,False,False,False
354,equal_burden,untested,0.85039294,0.026456537,99.761375,primer-uds-north,43867,113361,34.43661979841002,-5.144257379659065,108381,1,23.662630753804272,200.6829176402261,0.0957305725788642,2.6946284770965576,False,0,False,,,0,0,0,0,,,,,False,False,False,False,False,False,False,False,False,False,2.908372,2.6276999,1.4342355,0.839572,0.3333275,-0.011522255,-0.23737721,2.9079473,3.175572,4.4099407,5.1291523,5.802097,6.140783,5.9948797,0.28067204,1.1934644,0.5946635,0.5062445,0.34484977,0.22585496,1.7881279,0.85109425,0.5707047,-5.692198,-2.8547192,2.8374786,-1.0189494,0.08839963,7.0,7.0,,0.5414989812194324,1.6867357245802548,61.387596328678505,103.54465177369372,113.3660421492138,True,,primer-uds-north-grizli-v7.2-f444w-clear_drc_sci.fits,0.0399999999999996,True,True,False
355,equal_burden,untested,0.84952193,0.018810913,99.76116,ceers-full,47720,562449,214.81152548810937,52.805272967612886,525983,1,24.89310211537837,72.79397703277169,0.243944027944111,1.1440855264663696,False,0,False,,,0,0,0,0,,,,,False,False,False,False,False,False,False,False,False,False,2.6093812,2.4057739,2.1415613,2.0733411,1.9051541,1.6163903,0.99302524,3.6954625,3.9647734,4.017101,4.2780585,4.6194663,4.8860116,4.980828,0.20360722,0.2642128,0.06822008,0.16818696,0.2887638,0.62336504,0.33243287,0.45695075,0.91212887,-1.5069433,-4.765753,-3.2588093,-0.6127098,0.48583186,7.0,7.0,,0.5163488986314614,1.6674040641214083,10.758289398387408,17.938415465865425,20.83531005275955,True,,ceers-full-grizli-v7.4-f444w-clear_drc_sci.fits,0.0399999999999993,True,True,False
356,equal_burden,untested,0.8495037,0.034582965,99.76095,ceers-full,24450,623086,215.06632316506528,52.937385155472526,583388,1,26.65525915827964,20.06807186168924,0.117621346339864,6.846457958221436,False,0,False,,,2,0,0,0,1.0,,G395M;PRISM,rubies-egs51-v4_g395m-f290lp_4233_925765.spec.fits;rubies-egs51-v4_prism-clear_4233_925765.spec.fits,False,False,False,False,False,False,False,False,False,False,5.281667,3.4589882,3.5754936,3.6179814,3.4200437,2.8108873,2.7532902,1.2201641,3.4149325,2.9865646,3.1693258,3.6079652,4.333783,3.6928976,1.8226789,-0.11650523,-0.04248786,0.19793758,0.60915655,0.05759705,-0.15899308,0.80709416,0.66675365,-0.0927216,-3.2978768,-3.2051551,-0.9295139,0.16902782,7.0,6.0,,0.4477310556630067,1.9683831924802355,3.1823206082014064,6.264026398267128,7.107661101347949,True,,ceers-full-grizli-v7.4-f444w-clear_drc_sci.fits,0.0399999999999993,False,False,False
357,equal_burden,untested,0.84918034,0.030843265,99.76073,primer-uds-north,13993,150623,34.5224099921846,-5.185734137066644,144113,1,26.5603225416479,11.190645842318588,0.1334257035409898,6.369875431060791,False,0,False,,,0,0,0,0,,,,,False,False,False,False,False,False,False,False,False,False,4.8691835,3.1253064,3.3968413,4.54655,3.054064,2.505118,2.6586688,0.71930236,2.272762,2.2350602,1.3710914,3.0960279,3.6160634,3.110216,1.7438772,-0.271535,-1.1497084,1.4924856,0.54894626,-0.15355094,-1.4212434,2.041432,0.39539528,2.93558,-2.073156,-5.008736,-0.8747605,0.23258847,6.0,5.0,,0.38346885719686,2.231795895266594,2.8340515644713684,6.32502464856107,7.390565130081637,True,,primer-uds-north-grizli-v7.2-f444w-clear_drc_sci.fits,0.0399999999999996,False,False,False
358,equal_burden,untested,0.84910566,0.028219264,99.76051,primer-uds-south,35054,43536,34.299339568282946,-5.262004577169251,41572,1,27.087189139893763,12.349422466116703,0.1040624975066916,6.577208995819092,False,0,False,,,0,0,0,0,,,,,False,False,False,False,False,False,False,False,False,False,4.4906964,3.201151,3.1399736,3.3641682,3.484045,2.5493867,3.1828403,1.7443794,3.0077965,3.23998,3.242245,3.3704154,4.25012,3.2083917,1.2895453,0.06117731,-0.22419454,-0.11987679,0.9346582,-0.63345367,-0.16301723,0.8147814,0.30120453,-0.05113449,-2.8289676,-2.777833,-0.9827058,0.12799254,7.0,6.0,,0.5198961930280479,1.723212234167729,2.4808028128925974,4.274949757734239,4.771727214318648,True,,primer-uds-south-grizli-v7.2-f444w-clear_drc_sci.fits,0.0399999999999996,True,False,False
359,equal_burden,untested,0.84738433,0.029370189,99.759445,gdn,89389,510394,189.2653277930593,62.32240255147013,476912,1,26.91402546314238,31.47496632398571,0.111929917971058,5.64925479888916,False,0,False,,,0,0,0,0,,,,,False,False,False,False,False,False,False,False,False,False,3.6690073,3.4564652,3.6053967,3.3714461,3.3968496,2.547348,3.0108593,3.2657971,3.5175345,3.4479089,3.6730897,4.05752,4.5930963,4.142592,0.21254206,-0.14893143,0.23395061,-0.025403624,0.8495017,-0.46351126,0.085019186,0.8240981,0.38599047,-0.64756775,-1.8564824,-1.2089146,-0.9510538,0.15629515,7.0,7.0,,0.5000044401801592,1.779706726534002,2.6452646605243584,4.707795309797884,5.290482339659283,True,,gdn-grizli-v7.4-f444w-clear_drc_sci.fits,0.0399999999999996,True,False,False
360,equal_burden,untested,0.84674865,0.033368476,99.758804,gdn,25444,487041,189.18732745215493,62.19548749991124,455019,1,26.876139047977063,40.931358773260285,0.1097577976472583,5.766587734222412,False,0,False,,,0,0,0,0,,,,,False,False,False,False,False,False,False,False,False,False,3.618354,3.593298,3.5349543,3.2980611,3.2460113,2.5099583,2.9731855,3.6198492,3.9307134,3.743885,4.121601,4.32362,5.0120325,4.405193,0.025056286,0.058343675,0.23689312,0.052049834,0.736053,-0.46322718,0.2952368,0.78810287,0.27282584,-1.028349,-1.298328,-0.26997903,-0.9595646,0.14778435,7.0,7.0,,0.4531688347768669,1.9449709193660747,2.7700429683956744,5.387653018924065,6.112606948709523,True,,gdn-grizli-v7.4-f444w-clear_drc_sci.fits,0.0399999999999996,False,False,False
361,equal_burden,untested,0.8464923,0.041088995,99.75837,primer-uds-south,64726,137719,34.4893495350944,-5.212138375727075,131773,1,26.559656665907585,9.85868664604818,0.1228588380353091,6.578299045562744,False,0,False,,,0,0,0,0,,,,,False,False,False,False,False,False,False,False,False,False,5.9476266,3.898777,3.3809955,3.3383546,3.0692792,2.1797369,2.658005,-0.101308875,1.6076696,2.265235,2.5123181,3.106352,3.9579468,2.9840624,2.0488498,0.51778156,0.042640794,0.2690755,0.88954216,-0.47826794,0.56042236,1.1586176,0.41127422,-2.3757389,-2.9900768,-0.61433774,-0.91059357,0.2001047,6.0,5.0,,0.4019556500021993,2.203504749190095,3.0057830579696514,6.6232572432712535,7.477897270390914,True,,primer-uds-south-grizli-v7.2-f444w-clear_drc_sci.fits,0.0399999999999996,False,False,False
362,equal_burden,untested,0.84577554,0.025973072,99.7573,primer-cosmos-west,24849,324704,150.07754742223656,2.198490187428032,303597,1,26.928305066911104,39.77229034502106,0.086677568851853,4.709789276123047,False,0,False,,,0,0,0,0,,,,,False,False,False,False,False,False,False,False,False,False,4.211444,4.5239954,4.0706997,3.8527646,3.1376395,2.938802,3.025055,2.4993377,2.4973042,3.4084492,3.8223832,4.4697475,4.750693,4.376476,-0.31255153,0.4532958,0.21793513,0.71512496,0.19883749,-0.08625274,0.6712309,0.9139625,0.11258475,-1.6332992,-0.66697514,0.9663241,-1.0620933,0.045255687,7.0,7.0,,0.5850094134571087,1.5636108003762328,3.2572180372493844,5.093021302223412,5.567804487112232,True,,primer-cosmos-west-grizli-v7.4-f444w-clear_drc_sci.fits,0.0399999999999996,True,True,True
363,high_recall,untested,0.84555066,0.039417014,99.75709,ceers-full,68441,610228,215.0015284841336,52.98798202196763,571276,1,25.04847316786692,81.55302349627354,0.1161979959769921,5.341618061065674,False,0,False,,,0,0,0,0,,,,,False,False,False,False,False,False,False,False,False,False,3.1449587,2.5957074,2.478122,2.0494561,1.5259745,1.2959019,1.1483709,3.0774674,3.801532,3.8930376,4.5732493,5.1815186,5.372935,5.094438,0.54925126,0.11758544,0.42866603,0.5234815,0.23007268,0.14753102,0.5462515,0.75355417,0.37760368,-2.7267978,-1.9023675,0.8244304,-0.93480134,0.16374032,7.0,7.0,,0.4874078670842338,1.8364142255678253,14.158535946715718,26.000936825762164,29.048640579838736,True,,ceers-full-grizli-v7.4-f444w-clear_drc_sci.fits,0.0399999999999993,False,False,False
364,high_recall,untested,0.8455385,0.03255768,99.756874,ceers-full,8304,561978,214.80895355944347,52.72311597562727,525541,1,27.143356689575235,13.584743481366084,0.093916154738145,8.045940399169922,False,0,False,,,0,0,0,0,,,,,False,False,False,False,False,False,False,False,False,False,5.464446,4.362067,3.9360535,3.9594672,4.155711,4.0489125,3.238537,0.653617,2.4839687,2.7430165,2.895893,2.8829713,3.0971217,3.3034465,1.1023786,0.4260139,-0.02341361,-0.19624385,0.10679843,0.81037545,0.4026003,-0.08944541,0.91717386,-2.1042602,-5.008566,-2.904306,-1.0272597,0.071281984,6.0,6.0,,0.484416348087515,1.804819593195327,2.3247438274741,4.195743208985153,4.799061461596482,True,,ceers-full-grizli-v7.4-f444w-clear_drc_sci.fits,0.0399999999999993,False,False,False
365,high_recall,untested,0.8447979,0.03418834,99.756226,primer-cosmos-west,3850,293953,150.0466926932559,2.1496197333712286,276270,2,25.74520838044184,97.27801552510728,0.0941736358065048,1.6560102701187134,False,0,False,,,0,0,0,0,,,,,False,False,False,False,False,False,False,False,False,False,4.6755853,3.4678955,2.7728934,2.3090386,2.1925945,1.8553355,1.8448392,1.8088275,3.236062,4.431548,4.980535,5.1787477,5.505788,5.2707467,1.20769,0.695002,0.46385488,0.11644408,0.337259,0.0104962215,1.1588569,0.45370308,0.34775522,-4.265532,-1.7178926,2.5476394,-1.0260707,0.0812783,7.0,6.0,,0.5843783371923505,1.566780736753746,9.630098370111368,15.088252619334137,16.47921861097596,True,,primer-cosmos-west-grizli-v7.4-f444w-clear_drc_sci.fits,0.0399999999999996,True,True,False
366,high_recall,untested,0.8447433,0.028234689,99.75601,primer-cosmos-east,42315,406481,150.14949252352588,2.3232354792410863,378005,1,27.107277115046344,21.36865270198734,0.0804871389840546,8.24779987335205,True,8,False,,,0,0,0,0,,,,,False,False,False,False,False,False,False,False,False,False,5.689984,6.291799,5.5710254,4.4867196,6.9016013,6.7562327,3.2027655,0.25370565,-0.49174887,0.9281862,2.7878873,-1.0186255,-0.482771,3.7556193,-0.6018152,0.7207738,1.0843058,-2.4148817,0.1453687,3.5534673,1.8050796,-2.2695131,3.6988358,-4.9893456,-21.220873,-16.231527,-1.0942736,0.014746893,3.0,2.0,,0.5360058173511802,1.5659220513397187,2.824772325811621,4.423373275002602,5.270040425626364,True,,primer-cosmos-east-grizli-v7.4-f444w-clear_drc_sci.fits,0.0399999999999996,True,True,False
367,high_recall,untested,0.8446325,0.027495973,99.7558,primer-uds-north,63152,100655,34.40997351145677,-5.116728618726958,96189,1,27.36507013856006,9.87367011782498,0.0338672385426577,17.914907455444336,False,2,False,,,0,0,0,0,,,,,False,False,False,False,False,False,False,False,False,False,6.225569,7.2078137,5.4448905,7.0468836,3.561123,3.571951,3.4578435,-0.609757,-1.3424855,0.8024808,-1.1923202,3.2370176,3.2661872,2.9855733,-0.982245,1.7629236,-1.6019933,3.4857607,-0.010828059,0.11410748,0.16093026,3.4749327,0.10327942,0.7358015,-0.4327988,-1.1686003,-1.4702202,-0.36287126,3.0,3.0,,0.934672821785002,1.0356746798220062,3.485820116186832,3.610175632748905,3.729454879761826,True,,primer-uds-north-grizli-v7.2-f444w-clear_drc_sci.fits,0.0399999999999996,False,True,False
368,high_recall,untested,0.844272,0.040349096,99.755585,primer-cosmos-west,75903,364823,150.108708985642,2.3271391766098946,339126,1,26.96470048952356,23.51422242056436,0.0858743484053792,7.457046985626221,False,0,False,,,0,0,0,0,,,,,False,False,False,False,False,False,False,False,False,False,5.5100865,4.2359858,3.6150968,3.637533,3.9715188,3.6747572,3.061226,0.5442566,2.441278,3.204316,3.246251,3.335403,3.5122163,3.8512044,1.2741008,0.62088907,-0.022436196,-0.33398587,0.2967617,0.6135312,0.59845287,-0.037224185,0.91029286,-2.1337428,-4.785897,-2.6521542,-1.0661366,0.04121242,6.0,6.0,,0.5403745495020456,1.6548836711348285,3.1703767788089685,5.2466047625959975,5.866998698829296,True,,primer-cosmos-west-grizli-v7.4-f444w-clear_drc_sci.fits,0.0399999999999996,True,True,False
369,high_recall,untested,0.84269726,0.021001263,99.754944,gds,23872,194114,53.105475460924616,-27.830681026935466,184277,1,24.558061927613487,169.97004020071714,0.1680072623520996,3.841414213180542,False,0,False,,,0,0,0,0,,,,,False,False,False,False,False,False,False,False,False,False,4.050002,3.815763,3.3738902,2.559062,1.6869631,0.9089368,0.65802044,2.374481,2.8047276,3.2501779,4.175429,5.155054,5.7793603,5.828778,0.23423894,0.44187284,0.8148282,0.8720988,0.77802634,0.2509163,1.2567011,1.6501251,1.0289427,-5.1931663,-4.9895887,0.2035775,-0.774672,0.332677,7.0,7.0,,0.3708026607059,2.266400672475396,14.355583907253012,32.535505021175204,38.714889154042666,True,,gds-grizli-v7.2-f444w-clear_drc_sci.fits,0.0399999999999996,False,False,False
370,high_recall,untested,0.8422069,0.04509362,99.75473,primer-uds-south,11154,22889,34.255710034758366,-5.30176818933578,21791,1,23.72229329362206,44.29821585862821,0.1310059349661062,2.3187074661254883,False,0,False,,,0,0,0,0,,,,,False,False,False,False,False,False,False,False,False,False,4.735347,3.9467466,2.182202,1.4044085,0.7500737,0.13933201,-0.1777156,0.8459515,1.5691676,3.3455126,4.2324347,1.2556429,5.110893,4.484219,0.78859997,1.7645445,0.7777936,0.6543348,0.6107417,0.3170476,2.5423381,1.2650765,0.9277893,-6.975253,-3.3896286,3.5856245,-0.882709,0.22798927,6.0,4.0,,,,,,,False,aperture d020 covers a NaN or non-finite pixel,primer-uds-south-grizli-v7.2-f444w-clear_drc_sci.fits,0.0399999999999996,False,False,False
371,high_recall,untested,0.84217995,0.028521,99.75451,primer-uds-south,27498,130924,34.4755978232013,-5.27409230932724,125240,1,27.380125179442047,6.824430476949113,0.0862279713300686,1.4948159456253052,False,0,False,,,0,0,0,0,,,,,False,False,False,False,False,False,False,False,False,False,5.1555834,3.9169908,4.4458637,5.468875,4.020419,3.5480952,3.4726975,0.58065456,1.6784718,1.3794054,0.65624416,2.5369382,3.015023,2.6189814,1.2385926,-0.52887297,-1.0230111,1.4484557,0.4723239,0.075397745,-1.551884,1.9207796,0.5477216,2.7920804,-2.721638,-5.513718,-1.0643518,0.046346467,5.0,3.0,,0.6102150913142482,1.5560584571321228,2.20185660767766,3.426217595769069,3.6083286680691895,True,,primer-uds-south-grizli-v7.2-f444w-clear_drc_sci.fits,0.0399999999999996,True,True,False
372,high_recall,untested,0.8419163,0.057824276,99.75408,primer-uds-north,15924,117990,34.447246352615565,-5.182520483557024,112832,1,26.91613084271919,9.710019268354964,0.0970704601709569,1.5520613193511963,False,0,False,,,0,0,0,0,,,,,False,False,False,False,False,False,False,False,False,False,4.6238966,3.3277073,4.143012,4.075147,3.2868216,3.1868854,3.0129523,0.8873438,2.0700004,1.5034465,1.6917263,3.043678,3.2012002,2.9689465,1.2961894,-0.8153048,0.0678649,0.78832555,0.09993625,0.17393292,-0.7474399,0.8882618,0.2738692,2.0680218,-1.338537,-3.4065588,-1.0129129,0.09443606,7.0,4.0,,0.403193341384428,2.20272923009176,2.7023295311682727,5.952500247644516,6.702316863392132,True,,primer-uds-north-grizli-v7.2-f444w-clear_drc_sci.fits,0.0399999999999996,False,False,False
373,high_recall,untested,0.84148186,0.021474034,99.75344,primer-uds-north,15134,130423,34.474630026152774,-5.184105130960076,124703,2,23.74367477534368,81.21535413936392,0.2565136355836594,1.5651506185531616,True,4,False,,,0,0,0,0,,,,,False,False,False,False,False,False,False,False,False,False,2.5303154,8.515491,3.7376757,1.7074802,0.9062578,0.4713302,-0.15633447,1.83093,-1.1663835,1.1534641,3.142619,4.4575386,4.914887,5.0902896,-5.985175,4.777815,2.0301955,0.8012224,0.4349276,0.6276647,6.80801,1.23615,1.0625923,-5.1874266,-5.5952616,-0.407835,-0.5908896,0.5164594,6.0,5.0,,0.2316107250491832,3.131466457026205,11.002565514445598,34.45416484971966,47.50455969648715,True,,primer-uds-north-grizli-v7.2-f444w-clear_drc_sci.fits,0.0399999999999996,False,False,False
374,high_recall,untested,0.8408841,0.030462323,99.75259,ceers-full,19143,560103,214.79984962546607,52.736373819013856,523746,1,27.562554932144444,10.304498421753944,0.08074376407806,5.684138298034668,False,0,False,,,0,0,0,0,,,,,False,False,False,False,False,False,False,False,False,False,3.7810888,3.910708,4.271937,4.343895,4.088376,3.0780275,3.6522024,3.038491,3.0180101,2.4891171,2.6355915,3.0452707,4.024669,3.0280738,-0.1296192,-0.3612289,-0.07195793,0.2555185,1.0103489,-0.574175,-0.43318683,1.2658674,0.4361739,1.7594532,-2.7016957,-4.4611487,-1.092891,0.00565067,7.0,7.0,,0.5705221238469749,1.5954157987157351,1.976668634704147,3.153608368632858,3.464666052519864,True,,ceers-full-grizli-v7.4-f444w-clear_drc_sci.fits,0.0399999999999993,True,True,False
375,high_recall,secure z>3 (V untested),0.8399839,0.032225315,99.752365,primer-uds-south,42665,78937,34.36466399982163,-5.250232712616294,75327,1,22.94967031865784,314.5097700113276,0.1053000808750363,2.963892698287964,False,0,False,,,3,0,0,3,3.0,3.0794979333333337,G140M;G235M;G395M,excels-uds03-v4_g140m-f100lp_3543_45981.spec.fits;excels-uds03-v4_g235m-f170lp_3543_45981.spec.fits;excels-uds03-v4_g395m-f290lp_3543_45981.spec.fits,False,False,False,False,False,False,False,False,False,False,4.98481,3.3903246,1.6042793,0.21186855,-0.40190306,-0.71495146,-0.9503318,0.8795045,2.4480615,4.2231297,5.654206,6.3466854,6.6207237,6.4441648,1.594485,1.7860454,1.3924108,0.6137716,0.3130484,0.23538035,3.178456,0.92682004,0.5484288,-11.616298,-2.7393062,8.876991,-0.9775713,0.133127,6.0,6.0,,0.5018015700137692,1.7952702825973297,107.48524914265992,192.96507360338748,214.19871033825297,True,,primer-uds-south-grizli-v7.2-f444w-clear_drc_sci.fits,0.0399999999999996,True,False,False
376,high_recall,untested,0.8399035,0.0578931,99.75194,primer-uds-north,64804,10641,34.22780128465171,-5.114379067903287,10062,1,26.9470429324447,9.743562319617755,0.1045917730016923,5.474156856536865,False,0,False,,,0,0,0,0,,,,,False,False,False,False,False,False,False,False,False,False,4.1190267,4.087798,3.2420714,3.775806,3.25283,2.7364519,3.043679,1.5343062,1.5562971,2.488316,2.2001996,3.1634324,3.688994,2.972377,0.03122854,0.8457269,-0.53373444,0.5229758,0.5163782,-0.30722725,0.31199247,1.039354,0.20915096,-0.76356,-1.6846776,-0.9211176,-0.9805025,0.12684649,7.0,5.0,,0.4997391439990412,1.8391485723611425,2.753875795262172,5.06478673731633,5.510626550533843,True,,primer-uds-north-grizli-v7.2-f444w-clear_drc_sci.fits,0.0399999999999996,False,False,False
377,high_recall,untested,0.8394708,0.019518537,99.751724,ceers-full,24535,586576,214.9076308736896,52.823453895838085,548867,1,23.68064936239503,230.78171127492809,0.2171584634897539,2.4424643516540527,False,0,False,,,0,0,0,0,,,,,False,False,False,False,False,False,False,False,False,False,4.2104864,4.6263213,3.2236545,2.3643956,1.1771951,0.57588434,-0.21935888,2.0929968,2.0476964,2.860455,3.8927054,5.143006,5.7407627,6.134624,-0.41583523,1.4026669,0.85925883,1.1872007,0.60131073,0.7952432,2.261926,1.7885114,1.3965539,-6.750907,-7.0591297,-0.30822274,-0.66322327,0.43531844,7.0,7.0,,0.3166497070301406,2.5660264376103106,22.399416157365792,57.47749404683618,70.73878693099084,True,,ceers-full-grizli-v7.4-f444w-clear_drc_sci.fits,0.0399999999999993,False,False,False
378,high_recall,untested,0.8394672,0.032155976,99.75151,primer-uds-north,76839,3334,34.20841834138429,-5.097992309256081,3144,1,27.458612610861245,29.25001267363384,0.1114106142813075,7.115055084228516,False,0,False,,,0,0,0,0,,,,,False,False,False,False,False,False,False,False,False,False,5.843616,4.022851,4.3697696,4.6657324,4.1398597,3.6144445,3.5500429,-0.19364852,3.2120633,2.9682364,1.4380032,3.7017782,3.6776905,4.0693192,1.820765,-0.3469187,-0.29596287,0.5258727,0.52541524,0.064401664,-0.6428816,1.051288,0.5898169,-3.2834258,-2.7906423,0.49278355,-0.95307344,0.15427554,6.0,5.0,,0.2583447401658598,2.918892852004933,2.2888025781769765,6.680769485091238,8.859489752752634,True,,primer-uds-north-grizli-v7.2-f444w-clear_drc_sci.fits,0.0399999999999996,False,False,False
379,high_recall,untested,0.83944374,0.018548753,99.7513,primer-cosmos-west,98668,390443,150.13316513216267,2.416921779444869,362808,1,23.09271015705879,173.79159097426555,0.3067288814592507,3.827890872955322,False,0,False,,,0,0,0,0,,,,,False,False,False,False,False,False,False,False,False,False,3.0176685,3.9164722,3.169007,1.7188103,0.57346493,-0.29187158,-0.80729264,2.26941,1.6075249,2.2511148,3.9216018,5.113266,5.8477507,5.851012,-0.8988035,0.7474649,1.4501969,1.1453454,0.8653365,0.51542103,2.1976619,2.0106819,1.3807576,-5.040784,-6.7817893,-1.7410054,-0.51324534,0.59410363,7.0,6.0,,0.3079308196103425,2.594206100771979,26.797844977879333,69.5191329291563,87.02553713782038,True,,primer-cosmos-west-grizli-v7.4-f444w-clear_drc_sci.fits,0.0399999999999996,False,False,False
380,high_recall,untested,0.8390044,0.03238464,99.75087,primer-uds-north,63481,100643,34.40995038041208,-5.116242402503444,96177,1,27.42204411998707,10.144480752937968,0.03356608830065,17.914907455444336,False,2,False,,,0,0,0,0,,,,,False,False,False,False,False,False,False,False,False,False,6.2583413,4.7726207,5.906543,5.348211,3.6539445,3.5020802,3.5140266,-0.72103584,1.5039121,0.18744758,1.2178924,3.245078,3.403162,3.0124974,1.4857208,-1.1339222,0.55833226,1.6942662,0.1518643,-0.011946434,-0.57559,1.8461305,0.13991787,-0.8848912,-0.80113655,0.08375469,-1.4740993,-0.3667503,5.0,3.0,,0.9167553946379756,1.082263170694733,3.6622263048780006,3.963492652518921,3.9947692986570367,True,,primer-uds-north-grizli-v7.2-f444w-clear_drc_sci.fits,0.0399999999999996,False,True,False
381,high_recall,untested,0.83892983,0.03481704,99.75044,gds,23499,226057,53.15632429905605,-27.831281994233755,213884,1,27.57982760314898,21.66756103298865,0.1037236546592519,7.764141082763672,False,0,False,,,0,0,0,0,,,,,False,False,False,False,False,False,False,False,False,False,5.814372,4.6873307,4.509802,4.955997,4.467263,4.5162973,3.6691453,-0.01377698,2.7800498,2.8244338,2.5782776,3.2995405,3.3149626,3.7694955,1.1270412,0.17752883,-0.4461954,0.48873407,-0.0490341,0.84715194,-0.26866657,0.43969995,0.7981178,-0.7840675,-4.425892,-3.6418242,-0.9841222,0.12322678,6.0,6.0,,0.5254603997426185,1.7345189981337572,1.5778370183061834,2.736788284210796,3.002770559073607,True,,gds-grizli-v7.2-f444w-clear_drc_sci.fits,0.0399999999999996,True,False,False
382,high_recall,untested,0.838836,0.023657238,99.75022,primer-uds-north,30126,11208,34.229102317693744,-5.163049805660973,10596,1,26.27223787851039,45.14248630795211,0.1682301386560818,5.284445285797119,False,0,False,,,0,0,0,0,,,,,False,False,False,False,False,False,False,False,False,False,4.9696813,5.268114,3.766087,3.8529058,3.2384796,2.7509606,2.3712642,0.7315653,1.3670645,2.0467129,2.1697776,3.8044012,4.3759174,4.5030937,-0.29843286,1.5020269,-0.08681871,0.614426,0.48751915,0.3796963,1.4152082,1.1019452,0.86721545,-4.646574,-4.2545233,0.39205077,-0.7740962,0.33325276,6.0,5.0,,0.3504028068447984,2.3799626565830945,2.714653141661869,6.460773102731226,7.74723572024425,True,,primer-uds-north-grizli-v7.2-f444w-clear_drc_sci.fits,0.0399999999999996,False,False,False
383,high_recall,untested,0.8385314,0.027129898,99.749794,primer-uds-south,48570,132602,34.47899650785784,-5.240725201515203,126854,1,26.337418018278854,28.955429673807345,0.1210178067115431,2.3181958198547363,False,0,False,,,0,0,0,0,,,,,False,False,False,False,False,False,False,False,False,False,4.3358335,5.235541,3.350891,3.235165,3.106947,2.5568798,2.4363203,1.5873384,1.0549549,3.0628939,3.307547,3.7444723,4.30914,4.059203,-0.89970714,1.8846498,0.115726076,0.12821808,0.5500672,0.1205595,2.0003757,0.6782853,0.6706267,-2.5363579,-3.0916886,-0.55533075,-0.91715074,0.19354758,7.0,5.0,,0.4902127502233488,1.8408997278600987,4.197950153450902,7.728005295058026,8.563527063582594,True,,primer-uds-south-grizli-v7.2-f444w-clear_drc_sci.fits,0.0399999999999996,False,False,False
384,high_recall,untested,0.8377821,0.02656113,99.74937,primer-cosmos-east,53669,423714,150.16981547231984,2.3646755874611305,394401,1,27.13409478426765,16.665165678566623,0.0970330671065058,6.5132036209106445,False,0,False,,,0,0,0,0,,,,,False,False,False,False,False,False,False,False,False,False,4.37425,3.7836852,3.5389493,3.5424583,3.3882234,2.521278,3.2293563,1.7553636,2.424217,2.8514426,3.4015555,3.595204,4.3387804,3.507367,0.5905648,0.24473576,-0.0035090134,0.1542349,0.8669455,-0.7080782,0.24122675,1.0211804,0.15886725,-1.2853888,-1.6152564,-0.3298676,-1.0130802,0.095940165,7.0,6.0,,0.509431616292727,1.7999465158325552,2.361850183631791,4.251204008946523,4.636245784703391,True,,primer-cosmos-east-grizli-v7.4-f444w-clear_drc_sci.fits,0.0399999999999996,True,False,False
385,high_recall,untested,0.8370122,0.041278653,99.748726,primer-cosmos-east,41091,394258,150.1370571745069,2.3189690515136205,366423,1,26.925642046988152,23.885956535460625,0.0878757921974566,2.6263277530670166,False,0,False,,,0,0,0,0,,,,,False,False,False,False,False,False,False,False,False,False,4.306979,4.3143916,4.1414456,3.598408,3.7164798,3.2277958,3.0224078,2.0564046,2.2656808,2.6137612,3.5319643,3.5178123,3.967769,3.866876,-0.007412785,0.17294602,0.5430378,-0.11807169,0.48868397,0.2053881,0.7159838,0.37061226,0.69407207,-2.6932323,-3.308387,-0.61515456,-1.0561308,0.052889656,7.0,7.0,,0.6159640471378497,1.5284237240326974,3.4118909945155607,5.214815139831097,5.539107372206736,True,,primer-cosmos-east-grizli-v7.4-f444w-clear_drc_sci.fits,0.0399999999999996,True,True,False
386,high_recall,untested,0.83594126,0.030283473,99.7483,primer-uds-north,52224,117648,34.44643496512687,-5.132154319310357,112504,1,27.19983887618,11.5292135936753,0.0780308347897204,6.664668083190918,False,0,False,,,0,0,0,0,,,,,False,False,False,False,False,False,False,False,False,False,3.8145905,3.0738208,3.560669,3.4224784,3.6164725,2.8091676,3.2944946,2.4245188,3.1404974,2.8556688,3.146639,3.178942,3.973218,3.139907,0.74076957,-0.48684794,0.1381905,-0.19399409,0.8073049,-0.48532718,-0.34865743,0.6133108,0.3219777,0.36802053,-2.0782058,-2.4462264,-1.1077337,-0.00038478075,7.0,7.0,,0.6890870549033763,1.3892093287780765,2.950473554524893,4.098825386258992,4.281713803110999,True,,primer-uds-north-grizli-v7.2-f444w-clear_drc_sci.fits,0.0399999999999996,True,True,False
387,high_recall,untested,0.83556837,0.026892748,99.74786,primer-uds-north,8431,139515,34.49286083030352,-5.195756322303313,133494,1,23.99675410665236,100.1028612954352,0.1361991778119082,3.205385208129883,False,0,False,,,0,0,0,0,,,,,False,False,False,False,False,False,False,False,False,False,7.065157,3.5413654,3.1852431,1.9419508,1.0494214,0.58051497,0.09673936,-0.90678144,1.8167144,2.317181,3.6540425,4.762896,5.252267,5.2993703,3.5237918,0.35612208,1.2432925,0.8925294,0.46890643,0.4837756,1.5994145,1.3614359,0.952682,-9.354591,-4.830027,4.5245643,-0.86582553,0.24152344,6.0,5.0,,0.4622945520907146,1.9196490414218537,32.98888476361147,63.32708101404277,71.35901691772082,True,,primer-uds-north-grizli-v7.2-f444w-clear_drc_sci.fits,0.0399999999999996,False,False,False
388,high_recall,untested,0.8353826,0.031887624,99.74744,primer-uds-south,63593,96917,34.40238604145977,-5.214426473811517,92605,1,23.594900597343447,121.11625948788556,0.1489910237715607,2.5334417819976807,False,0,False,,,0,0,0,0,,,,,False,False,False,False,False,False,False,False,False,False,4.464754,5.0708294,3.707453,2.3212554,1.0683948,0.17181714,-0.30510643,0.72679627,0.40049434,1.4940898,2.9630263,4.692085,5.439444,5.489915,-0.60607547,1.3633765,1.3861976,1.2528607,0.8965777,0.47692358,2.749574,2.1494384,1.3735013,-8.563942,-6.344476,2.219466,-0.8268399,0.2838584,5.0,4.0,,0.4288877599172588,2.027991803954357,42.04737326321317,85.27172835560587,98.0381750025344,True,,primer-uds-south-grizli-v7.2-f444w-clear_drc_sci.fits,0.0399999999999996,False,False,False
389,high_recall,untested,0.8353277,0.06637552,99.74722,primer-cosmos-east,40369,434708,150.1852807068624,2.316359509709243,404916,1,26.69931132334724,17.36562716390692,0.1224719576539259,5.680903911590576,False,0,True,,,0,0,0,0,,,,,False,False,False,False,False,False,False,False,False,False,3.7706282,3.6518521,3.9286919,3.720548,3.2814515,2.773711,2.7971764,2.0757213,2.353863,2.299093,2.5388846,3.3940015,3.7057064,3.5484679,0.11877615,-0.27683976,0.20814405,0.43909636,0.5077405,-0.02346546,-0.06869571,0.9468369,0.48427504,0.062748715,-2.3180232,-2.3807719,-0.91196334,0.19705707,7.0,7.0,,0.4575899129656757,1.9224331669212864,2.967305094512957,5.704445730066212,6.484638341963491,True,,primer-cosmos-east-grizli-v7.4-f444w-clear_drc_sci.fits,0.0399999999999996,False,False,False
390,high_recall,untested,0.8351162,0.035724472,99.746796,primer-uds-north,70313,129812,34.47335066020836,-5.106699476343777,124176,1,27.11860644621004,10.481572110623643,0.0883266442372961,6.876408576965332,False,0,False,,,0,0,0,0,,,,,False,False,False,False,False,False,False,False,False,False,5.696823,3.5391886,3.5186691,3.679533,3.9148362,3.0154374,3.2140002,0.14793065,2.421539,2.6014972,2.6375082,2.7238376,3.6222873,3.0450337,2.1576343,0.020519651,-0.16086388,-0.23530333,0.8993988,-0.19856289,-0.14034422,0.6640955,0.70083594,-0.20251827,-2.6040158,-2.4014976,-1.0539082,0.053440697,6.0,6.0,,0.6449503421239892,1.3867130774614222,2.9083579923299663,4.033058061903411,4.509429334903501,True,,primer-uds-north-grizli-v7.2-f444w-clear_drc_sci.fits,0.0399999999999996,True,True,False
391,high_recall,untested,0.83509517,0.020350372,99.74658,gdn,87771,548475,189.394838807454,62.31681494660796,512731,1,23.704869184171635,194.73370551394595,0.3060775730618161,3.868602752685547,False,0,False,,,0,0,0,0,,,,,False,False,False,False,False,False,False,False,False,False,3.0647483,3.485639,2.3973596,1.6353277,0.8902574,0.18005705,-0.19513942,3.1181166,2.769573,3.7734091,4.409235,5.3673267,5.7044106,5.964787,-0.4208909,1.0882795,0.762032,0.7450702,0.71020037,0.3751965,1.8503114,1.4552706,1.0853969,-5.104448,-5.435502,-0.33105457,-0.5141685,0.5931805,7.0,7.0,,0.2737898447621886,2.811530630550308,13.24393019659566,37.23571541659887,48.37261297291438,True,,gdn-grizli-v7.4-f444w-clear_drc_sci.fits,0.0399999999999996,False,False,False
392,high_recall,untested,0.8350724,0.03764499,99.74637,primer-uds-south,30218,25129,34.26164728355698,-5.270053167526197,23909,6,25.69534052652705,29.205168331520163,0.1475098842800899,5.210813045501709,False,0,False,,,0,0,0,0,,,,,False,False,False,False,False,False,False,False,False,False,3.0222743,3.542675,3.141802,3.3875692,2.4341414,2.4002783,1.7950038,2.6718383,2.2065094,2.739447,2.6966233,3.93504,3.9868457,4.0677857,-0.52040076,0.4008729,-0.24576704,0.9534278,0.033863187,0.60527444,0.15510584,0.987291,0.6391376,0.7950291,-3.2538178,-4.0488467,-0.8311789,0.2795194,7.0,7.0,,0.5162866038868205,1.6368775273723155,7.033352655523666,11.51273690391109,13.62296174755196,True,,primer-uds-south-grizli-v7.2-f444w-clear_drc_sci.fits,0.0399999999999996,True,True,False
393,high_recall,untested,0.83502877,0.030432628,99.746155,ceers-full,13549,615627,215.02374805084136,52.8875385990041,576363,1,27.196115436645943,25.18019658703851,0.0238459643044846,-1.0,True,11,False,,,0,0,0,0,,,,,False,False,False,False,False,False,False,False,False,False,5.868931,5.9060826,6.3834033,6.63957,6.7334437,7.5965075,3.2908075,-0.10656608,0.33366343,-1.1620265,-1.4100815,-0.8915575,-2.0887978,3.919599,-0.037152134,-0.47732052,-0.25616667,-0.09387383,-0.8630637,4.3057,-0.7334872,-0.9569375,3.4426363,2.6329393,-23.556637,-26.189575,-1.622585,-0.52404344,1.0,1.0,,1.0305591285963536,1.0137511493286178,4.786807659599121,4.85263176653364,4.6448646436414265,True,,ceers-full-grizli-v7.4-f444w-clear_drc_sci.fits,0.0399999999999993,False,True,False
394,high_recall,untested,0.83481383,0.035099383,99.74593,primer-cosmos-east,83110,406112,150.1490919757463,2.4827183310201986,377645,1,23.89835402183284,315.9169485194314,0.1137277975795208,3.7604455947875977,False,0,False,,,0,0,0,0,,,,,False,False,False,False,False,False,False,False,False,False,3.943616,3.904539,2.7035205,1.093516,0.47348383,0.1940905,-0.0016582778,1.4532305,2.005201,4.3753886,4.925741,5.3914504,5.671223,6.448629,0.03907698,1.2010185,1.6100045,0.6200322,0.27939332,0.19574879,2.811023,0.8994255,0.4751421,-12.970737,-2.3750296,10.595708,-0.9441334,0.16488703,7.0,6.0,,0.5101058291804499,1.7653457422197227,42.88163010233436,75.70090312059706,84.06418364445898,True,,primer-cosmos-east-grizli-v7.4-f444w-clear_drc_sci.fits,0.0399999999999996,True,False,False
395,high_recall,untested,0.83424395,0.022428403,99.74572,primer-cosmos-west,98421,334623,150.08500964729802,2.416588268823441,312360,1,26.62736018616233,11.325696748524328,0.1382961100857822,7.687028884887695,False,0,False,,,0,0,0,0,,,,,False,False,False,False,False,False,False,False,False,False,4.186798,3.4713128,3.53434,3.4179394,3.6191351,3.405765,2.7254896,1.1634406,2.2841542,2.1501591,2.8103127,2.616488,3.0628903,3.1221647,0.7154855,-0.06302727,0.11640061,-0.20119582,0.21337008,0.6802755,0.05337334,0.01217426,0.8936456,-0.6581298,-4.942957,-4.284827,-0.85919005,0.24815893,7.0,6.0,,0.3906170579756141,2.2260821451568,2.697815767431137,6.005559510800943,6.90654878568964,True,,primer-cosmos-west-grizli-v7.4-f444w-clear_drc_sci.fits,0.0399999999999996,False,False,False
396,high_recall,untested,0.8339769,0.029276323,99.74529,primer-uds-north,35246,98345,34.40523022654934,-5.156072223431979,93966,1,22.65844616164712,432.12677057434666,0.1102903487073073,2.2009849548339844,False,0,False,,,0,0,0,0,,,,,False,False,False,False,False,False,False,False,False,False,4.1744313,2.703086,1.0675753,0.16940698,-0.564788,-1.0087873,-1.2415551,1.3691077,2.763948,4.4153748,5.395571,6.4830775,6.8397183,6.7618675,1.4713457,1.6355106,0.8981683,0.734195,0.44399923,0.23276787,2.5336788,1.1781942,0.6767671,-7.837336,-3.3928738,4.444463,-0.9574625,0.14988647,7.0,6.0,,0.515415566037045,1.749357664005615,138.729077317039,242.6867746249897,269.15965767915515,True,,primer-uds-north-grizli-v7.2-f444w-clear_drc_sci.fits,0.0399999999999996,True,False,False
397,high_recall,untested,0.8337629,0.05431129,99.74508,gds-sw,32529,160369,53.04427593272625,-27.86967584294574,153070,2,27.044383183010584,57.01391909940014,0.1187102119075342,5.956899642944336,False,0,False,,,0,0,0,0,,,,,False,False,False,False,False,False,False,False,False,False,4.1401777,3.7895148,3.7616951,3.8331475,3.593825,2.8912725,3.1403625,3.6706586,4.140664,4.1976333,4.168797,4.5722785,5.08197,4.7365193,0.35066298,0.02781958,-0.07145232,0.23932235,0.70255256,-0.24908987,-0.04363274,0.94187486,0.45346266,-0.5098694,-2.0226624,-1.512793,-0.9255119,0.18183705,7.0,7.0,,0.4475821182401986,1.9297806097704715,2.061851089977505,3.9789202536727006,4.606643129721718,True,,gds-sw-grizli-v7.0-f444w-clear_drc_sci.fits,0.0399999999999996,False,False,False
398,high_recall,untested,0.8331934,0.026543798,99.744865,gdn,11557,524963,189.31056399205983,62.16629596214334,490572,2,26.521123806590072,51.8895476925061,0.1209148904032426,5.750397205352783,False,0,False,,,0,0,0,0,,,,,False,False,False,False,False,False,False,False,False,False,3.0580277,2.967778,3.0491817,3.1093729,3.0754864,2.3297951,2.619585,4.301465,4.1733637,4.01367,4.5785637,4.400045,5.042009,4.6423573,0.09024987,-0.08140363,-0.06019119,0.033886407,0.7456914,-0.28978997,-0.14159481,0.7795778,0.4559014,0.2309524,-1.7562281,-1.9871805,-0.9175202,0.18982875,7.0,7.0,,0.5207847204283258,1.736853920934251,3.4906848055659863,6.062809591292897,6.702740438880445,True,,gdn-grizli-v7.4-f444w-clear_drc_sci.fits,0.0399999999999996,True,False,False
399,high_recall,untested,0.8329425,0.033211797,99.74465,primer-cosmos-east,39753,401149,150.14396711225257,2.31416502947208,372957,1,26.824053003233427,23.189949350919427,0.111010020280992,6.859826564788818,False,0,False,,,0,0,0,0,,,,,False,False,False,False,False,False,False,False,False,False,5.3229322,3.6283283,3.3410466,3.4895973,3.3191817,2.6490095,2.9213686,0.8179787,2.7027812,3.1547377,3.6319664,3.7450435,4.3600063,3.8373308,1.6946039,0.28728187,-0.14855087,0.17041562,0.67017215,-0.27235907,0.138731,0.8405878,0.39781308,-0.6265764,-1.9117222,-1.2851459,-0.9546378,0.15438259,6.0,6.0,,0.5105203266385407,1.775770297379387,2.9788244909444077,5.289708052125351,5.834879309425574,True,,primer-cosmos-east-grizli-v7.4-f444w-clear_drc_sci.fits,0.0399999999999996,True,False,False
400,high_recall,untested,0.8328932,0.019385293,99.74444,gds,52273,252329,53.20632662177949,-27.775726541188305,238310,1,24.363309609590736,178.738385379083,0.3169441449790699,5.543184757232666,False,0,False,,,0,0,0,0,,,,,False,False,False,False,False,False,False,False,False,False,3.5513673,2.9761732,2.7539885,2.2885509,1.2667073,0.8304109,0.46328065,3.3490634,4.0336065,4.159042,4.5637474,5.518651,5.752025,5.8790784,0.575194,0.22218472,0.46543774,1.0218434,0.43629643,0.36713025,0.6876224,1.4581399,0.8034267,-3.2599735,-4.008128,-0.74815476,-0.49901727,0.6083317,7.0,7.0,,0.2796677660527988,2.767004336241108,7.261584233619024,20.0928350624039,25.96503821698243,True,,gds-grizli-v7.2-f444w-clear_drc_sci.fits,0.0399999999999996,False,False,False
401,high_recall,untested,0.83284986,0.031132508,99.744225,primer-uds-south,41699,148102,34.511973537271025,-5.251536273383272,141712,1,23.74530624086844,156.38457521192632,0.1073432588946012,3.4707863330841064,False,0,False,,,0,0,0,0,,,,,False,False,False,False,False,False,False,False,False,False,5.327755,4.122884,2.5788543,0.8993247,0.22949736,0.010175568,-0.15470304,0.48470446,2.1793666,3.7321723,5.3700776,5.7959046,6.025154,5.745476,1.2048712,1.5440294,1.6795297,0.66982734,0.21932179,0.1648786,3.2235591,0.8891491,0.3842004,-13.680718,-1.9190178,11.761701,-0.9692252,0.14147307,6.0,6.0,,0.4909060693331979,1.825873631875864,50.407460085137664,92.03765221928796,102.68249515351596,True,,primer-uds-south-grizli-v7.2-f444w-clear_drc_sci.fits,0.0399999999999996,False,False,False
402,high_recall,untested,0.8327474,0.020007819,99.744,primer-uds-north,32375,101042,34.41070765995882,-5.159882289495752,96528,2,25.35786245237559,37.70492674166778,0.1514117876852506,8.312063217163086,False,0,False,,,0,0,0,0,,,,,False,False,False,False,False,False,False,False,False,False,7.426292,3.0089393,2.4600751,2.506504,2.407623,2.348725,1.4576815,-1.5074826,2.6524575,3.338959,3.467798,3.8098397,3.922625,4.323114,4.4173527,0.548864,-0.046428937,0.098881036,0.058897935,0.8910436,0.5024351,0.15777896,0.9499416,-3.0768645,-5.2877107,-2.2108462,-0.8198403,0.28750867,6.0,6.0,,0.4121510942016603,2.0706269934575885,7.72828873520497,16.002403268349617,18.751105708392505,True,,primer-uds-north-grizli-v7.2-f444w-clear_drc_sci.fits,0.0399999999999996,False,False,False
403,high_recall,untested,0.8324874,0.037591968,99.743576,primer-uds-north,31647,61433,34.32940077604,-5.16084084085471,58573,1,27.202267944529027,5.443439253480386,0.1073760344843203,5.668240070343018,False,0,False,,,0,0,0,0,,,,,False,False,False,False,False,False,False,False,False,False,3.9102225,3.8923178,4.5757895,4.620968,4.2600026,3.3590465,3.2969,1.6999974,1.6587186,1.3002357,1.4263011,1.8550282,2.7954562,2.3958905,0.01790489,-0.6834716,-0.045178566,0.36096525,0.9009562,0.06214651,-0.72865015,1.2619214,0.9631027,2.3678725,-3.6336446,-6.001517,-0.96909267,0.13825633,7.0,3.0,,0.6054017576434403,1.645664700530877,2.30952086559724,3.800696963652894,3.814856558374024,True,,primer-uds-north-grizli-v7.2-f444w-clear_drc_sci.fits,0.0399999999999996,True,True,False
404,high_recall,untested,0.83244574,0.071604945,99.74336,primer-cosmos-west,31570,318012,150.07232835073816,2.217735949269579,297687,1,26.710233118610528,14.104001359402856,0.1216539738122043,6.498257160186768,False,0,True,,,0,0,0,0,,,,,False,False,False,False,False,False,False,False,False,False,4.009831,4.030464,3.0141144,3.339346,3.0358143,2.3864312,2.808055,1.4882249,1.6137058,2.7369225,2.4784284,3.5808892,4.0820603,3.3408601,-0.020633288,1.01635,-0.32523155,0.30353147,0.6493831,-0.42162365,0.6911185,0.9529146,0.22775945,-1.2225623,-2.1270576,-0.90449536,-0.9148737,0.19247526,7.0,5.0,,0.370105559825786,2.2017680517839167,2.467768547274828,5.4334539465869245,6.667742436607659,True,,primer-cosmos-west-grizli-v7.4-f444w-clear_drc_sci.fits,0.0399999999999996,False,False,False
405,high_recall,untested,0.8321495,0.033136908,99.74315,gds,5299,231357,53.1633124613976,-27.8670598131084,218751,1,27.19690698071195,18.14888085683776,0.09746071004503,6.0893964767456055,False,0,False,,,0,0,0,0,,,,,False,False,False,False,False,False,False,False,False,False,4.062592,3.3596025,3.7169418,3.6462505,3.5754244,2.9248085,3.2915914,2.7296402,3.4637327,3.1858356,3.3765767,3.4912763,4.1238575,3.5925143,0.70298934,-0.3573394,0.070691384,0.07082606,0.65061593,-0.36678287,-0.28664804,0.721442,0.28383306,0.14184222,-1.3046832,-1.4465255,-1.0111704,0.09617854,7.0,7.0,,0.5496238422674556,1.684547978396492,2.3236434183392167,3.914288822877642,4.227697635446636,True,,gds-grizli-v7.2-f444w-clear_drc_sci.fits,0.0399999999999996,True,True,False
406,high_recall,untested,0.8316456,0.025430951,99.74272,primer-uds-north,49412,59711,34.326335320212905,-5.136150976254952,56935,1,27.97291685917144,7.072120845632942,0.0276358502019585,6.463180065155029,True,7,False,,,0,0,0,0,,,,,False,False,False,False,False,False,False,False,False,False,5.734723,6.8459044,6.320109,6.1369686,7.282956,3.9729216,4.0512137,0.1481517,-1.168188,-0.55286485,0.07086417,-1.3271451,3.1477208,2.654269,-1.1111814,0.5257958,0.18314028,-1.1459877,3.3100345,-0.07829229,0.7089361,2.164047,3.2317424,0.4090105,-6.351863,-6.7608733,-1.5585271,-0.4511782,2.0,2.0,,1.1945384850580578,0.8959354688880732,2.758158569224498,2.471132090985808,2.308974222032239,True,,primer-uds-north-grizli-v7.2-f444w-clear_drc_sci.fits,0.0399999999999996,False,True,False
407,high_recall,untested,0.831317,0.038424093,99.74208,primer-uds-south,14564,150651,34.522541079537696,-5.295860648617171,144138,1,26.797187078221555,19.35132161563828,0.1121856628096866,7.17888879776001,False,0,False,,,0,0,0,0,,,,,False,False,False,False,False,False,False,False,False,False,5.3310905,3.498503,3.6703944,3.7014697,3.6761076,3.6135528,2.8946319,0.5372163,2.783994,2.5988472,2.8557458,3.192524,3.3531024,3.6565747,1.8325872,-0.1718915,-0.031075157,0.025362125,0.0625547,0.718921,-0.20296666,0.08791683,0.7814757,0.46490863,-4.3200436,-4.784952,-0.95006263,0.16063565,6.0,6.0,,0.5121289265706084,1.7311787497979536,2.981430845136651,5.161389723092723,5.821641173642227,True,,primer-uds-south-grizli-v7.2-f444w-clear_drc_sci.fits,0.0399999999999996,True,False,False
408,high_recall,secure low-z,0.8310743,0.040206794,99.741646,ceers-full,61432,590530,214.9224913630841,52.91532441401159,552590,1,25.223596925582186,137.37499590980312,0.0952521558964993,2.920621871948242,False,0,False,,,1,0,1,0,3.0,2.94235,PRISM,capers-egs49-v4_prism-clear_6368_8485.spec.fits,False,False,False,False,False,False,False,False,False,False,3.0401297,3.1033168,2.6986575,1.9060881,1.6909151,1.5375196,1.3234557,4.0122538,3.973678,4.313659,5.2689047,5.512205,5.6532335,5.615875,-0.063187286,0.40465936,0.79256934,0.21517302,0.15339558,0.2140639,1.1972287,0.3685686,0.36745948,-4.0724845,-1.8231479,2.2493365,-1.0211252,0.077416494,7.0,7.0,,0.5589923549059221,1.640714553161459,15.144837283821031,24.848354936827437,27.09310270686957,True,,ceers-full-grizli-v7.4-f444w-clear_drc_sci.fits,0.0399999999999993,True,True,False
409,high_recall,untested,0.8305703,0.03249594,99.74143,gds-sw,61346,174247,53.07352190970333,-27.81486676301623,165892,1,26.6762226490262,40.64884577927975,0.1569370678701781,5.444750308990479,False,0,False,,,0,0,0,0,,,,,False,False,False,False,False,False,False,False,False,False,4.0259676,3.7952886,4.1052027,3.9235573,3.5339162,3.0852056,2.7741764,2.9215417,3.3172123,3.0683033,3.3940763,3.9301505,4.369197,4.3982687,0.23067892,-0.3099142,0.18164554,0.38964102,0.4487105,0.31102931,-0.12826866,0.8383515,0.7597398,0.08417219,-3.7135744,-3.7977467,-0.80427444,0.3030745,7.0,7.0,,0.4297283902882817,2.015521989863771,2.486944140714648,5.012490603173234,5.787246542045525,True,,gds-sw-grizli-v7.0-f444w-clear_drc_sci.fits,0.0399999999999996,False,False,False
410,high_recall,untested,0.8305583,0.035250347,99.74122,ceers-full,23245,617492,215.0320934204377,52.910759134372455,578120,1,24.98261623834344,104.22993134849692,0.1025763713011995,1.842909574508667,False,0,False,,,0,0,0,0,,,,,False,False,False,False,False,False,False,False,False,False,4.343112,3.1074283,2.1916137,1.7344093,1.3958184,1.203071,1.0825256,2.0521967,3.8780806,4.372079,4.942026,5.351203,5.664053,5.3397694,1.2356839,0.9158145,0.4572045,0.33859086,0.19274737,0.12054543,1.373019,0.5313382,0.3132928,-5.1896663,-1.569156,3.6205103,-0.9889527,0.10958901,7.0,7.0,,0.4991863013456959,1.806191054469132,16.90113193300909,30.52667330780361,33.85736324784429,True,,ceers-full-grizli-v7.4-f444w-clear_drc_sci.fits,0.0399999999999993,False,False,False
411,high_recall,untested,0.8304436,0.039572243,99.741005,primer-uds-north,81683,107774,34.42458944368483,-5.089205467555474,103015,1,25.701390856495696,2.0055896768599584,0.0831125300418874,5.630734920501709,False,1,False,,,0,0,0,0,,,,,False,False,False,False,False,False,False,False,False,False,4.0296197,3.6165688,3.3844595,3.2172267,2.3018157,2.182014,1.8010503,1.5745624,1.9246569,2.298028,2.6588647,2.852353,1.8816926,1.4461324,0.41305077,0.23210941,0.1672327,0.91541094,0.11980178,0.3809637,0.39934212,1.0352126,0.5007655,-1.9942989,-1.9555581,0.038740925,-1.0803335,0.02701547,7.0,5.0,,,,,,,False,aperture d020 covers a NaN or non-finite pixel,primer-uds-north-grizli-v7.2-f444w-clear_drc_sci.fits,0.0399999999999996,False,False,False
412,high_recall,untested,0.83020145,0.026763031,99.74058,primer-uds-north,38882,143885,34.501489253407804,-5.151184778599978,137700,1,23.562146556338853,234.12903636031223,0.1385540584144155,2.0823023319244385,False,0,False,,,0,0,0,0,,,,,False,False,False,False,False,False,False,False,False,False,5.6727104,4.8272777,2.6658294,1.59338,0.6964188,0.043015305,-0.33786008,0.14233376,1.0505992,3.2084858,4.364419,5.567854,6.1351743,6.149024,0.8454328,2.1614482,1.0724493,0.8969612,0.6534035,0.38087538,3.2338977,1.5503647,1.0342789,-9.218719,-5.179742,4.0389767,-0.85838073,0.24896821,6.0,5.0,,0.4573720605685902,1.923239038155885,47.9403428558834,92.20073888301256,104.81694661515944,True,,primer-uds-north-grizli-v7.2-f444w-clear_drc_sci.fits,0.0399999999999996,False,False,False
413,high_recall,untested,0.82993186,0.027320853,99.740364,ceers-full,36382,555239,214.77137988908493,52.74975007537044,519142,1,23.835748797367103,203.4453594364974,0.1484631636974722,3.4159128665924072,False,0,False,,,0,0,0,0,,,,,False,False,False,False,False,False,False,False,False,False,5.8136497,6.182353,5.008445,2.6167512,1.2612009,0.5707492,-0.06426216,-0.0077734035,-0.4740536,1.7960755,4.289793,5.275695,5.8753347,6.0085506,-0.36870345,1.1739082,2.3916938,1.3555504,0.6904516,0.6350114,3.5656018,2.046002,1.325463,-12.091076,-6.6116757,5.4793997,-0.8283813,0.27016038,5.0,4.0,,0.4203955656788833,2.063016662678448,34.11286742425902,70.3754139079872,81.1446889768479,True,,ceers-full-grizli-v7.4-f444w-clear_drc_sci.fits,0.0399999999999993,False,False,False
414,high_recall,untested,0.8298129,0.028671943,99.74015,primer-cosmos-east,72337,438584,150.19136465750114,2.4355153734337995,408638,1,27.749629628297,6.771838082884939,0.0848788914476201,6.6633782386779785,False,0,False,,,0,0,0,0,,,,,False,False,False,False,False,False,False,False,False,False,4.7975235,6.3812494,6.1850634,6.374194,4.7347035,3.6887417,3.8351018,1.2190405,-0.42099643,-0.235831,-0.28238645,1.9441392,2.9279745,2.6113274,-1.5837259,0.19618581,-0.18913084,1.6394907,1.0459619,-0.14636016,0.00705497,2.6854527,0.8996017,4.611399,-2.5170956,-7.1284947,-1.0712003,0.0378201,4.0,3.0,,0.6617216207065623,1.4070752705230452,1.7666607481108825,2.4858246500705654,2.669794506977884,True,,primer-cosmos-east-grizli-v7.4-f444w-clear_drc_sci.fits,0.0399999999999996,True,True,False
415,high_recall,untested,0.8297997,0.05455892,99.73994,primer-uds-south,25631,90106,34.38848736140131,-5.277077890603744,86038,1,26.43419341472357,15.2143114292753,0.0846053383304874,2.310119867324829,False,0,False,,,0,0,0,0,,,,,False,False,False,False,False,False,False,False,False,False,4.633132,3.550123,2.6668248,2.8839128,3.1569736,2.4926586,2.532882,1.3595613,2.5708134,3.6110368,3.5754077,3.2766206,3.92872,3.416462,1.0830088,0.88329834,-0.21708818,-0.27306068,0.664315,-0.04022331,0.6662101,0.39125434,0.6240917,-0.898998,-2.9638696,-2.0648715,-1.0726023,0.038096063,7.0,6.0,,0.6289570207702786,1.5404395190808446,5.700883446263135,8.781866154297532,9.064027044775347,True,,primer-uds-south-grizli-v7.2-f444w-clear_drc_sci.fits,0.0399999999999996,True,True,False
416,high_recall,untested,0.8291717,0.031097332,99.7395,ceers-full,75589,599494,214.95602940349755,52.97191850167897,561078,2,27.20520835533977,12.811016432678947,0.1314860668753053,8.924986839294434,False,0,False,,,0,0,0,0,,,,,False,False,False,False,False,False,False,False,False,False,5.437925,5.4922457,4.020272,4.1939616,4.2572284,4.006928,3.2998114,0.8445949,1.0817615,2.5972526,2.717068,2.8085268,3.0702834,3.2449725,-0.05432113,1.471974,-0.17368968,-0.06326672,0.2503005,0.7071164,1.2982843,0.18703377,0.9574169,-3.1394825,-5.0947876,-1.9553052,-0.88112026,0.21742141,6.0,5.0,,0.4266193880172569,2.0703781956820944,1.647085583753931,3.410090079026453,3.8607846479009664,True,,ceers-full-grizli-v7.4-f444w-clear_drc_sci.fits,0.0399999999999993,False,False,False
417,high_recall,untested,0.82890666,0.04355433,99.73929,ceers-full,46541,568679,214.8399486513572,52.82325244490566,531861,2,25.87918044295641,38.71508906886869,0.1114168415475242,2.4342877864837646,False,0,False,,,0,0,0,0,,,,,False,False,False,False,False,False,False,False,False,False,2.964156,2.4154692,2.2260656,2.3765934,2.2617605,1.8885297,1.978708,3.2382414,4.0597043,4.073936,4.0922275,4.5396237,4.8569565,4.3495436,0.54868674,0.18940361,-0.15052792,0.114832945,0.37323087,-0.09017845,0.038875684,0.4880638,0.28305244,-0.78000396,-1.7086742,-0.9286703,-0.9530492,0.14549252,7.0,7.0,,0.5415981239011838,1.6758977782205366,7.02282724975466,11.769540584690477,12.96686037087528,True,,ceers-full-grizli-v7.4-f444w-clear_drc_sci.fits,0.0399999999999993,True,True,False
418,high_recall,secure low-z,0.82882845,0.01947373,99.739075,primer-uds-north,34986,88442,34.38505620809159,-5.156394024917764,84443,1,23.33656356992615,244.7851685677221,0.2029899384533547,2.658719301223755,False,0,False,,,4,0,4,0,3.0,2.4755341,G235H;G395H;PRISM,gto-wide-uds13-v4_g235h-f170lp_1215_112.spec.fits;gto-wide-uds13-v4_g395h-f290lp_1215_112.spec.fits;gto-wide-uds13-v4_prism-clear_1215_112.spec.fits;mom-uds01-v4_prism-clear_5224_134986.spec.fits,False,False,False,False,False,False,False,False,False,False,3.9027026,3.6620872,2.53238,1.7127488,0.8242764,0.012162445,-0.5634408,1.9173286,2.17171,3.3960643,4.3216734,5.3234158,6.042378,6.1935325,0.24061544,1.1297072,0.81963134,0.8884724,0.81211394,0.57560325,1.9493386,1.7005863,1.3877171,-6.905388,-6.922042,-0.016654063,-0.6925255,0.41482347,7.0,7.0,,0.3743702411842809,2.2481006167204884,37.47469027286729,84.24687431384224,100.10061204202567,True,,primer-uds-north-grizli-v7.2-f444w-clear_drc_sci.fits,0.0399999999999996,False,False,False
419,high_recall,untested,0.82864714,0.035402175,99.73886,primer-cosmos-west,98425,370595,150.1138609130713,2.416712698866108,344312,1,27.114153180071924,10.479584977638504,0.1244870033718741,4.791551113128662,False,0,False,,,0,0,0,0,,,,,False,False,False,False,False,False,False,False,False,False,3.9004002,4.4069843,5.2305236,4.4793806,3.6039526,3.1766994,3.2095845,1.6206695,1.6373609,0.4856912,2.0264904,3.0605702,3.6575127,3.0448449,-0.506584,-0.8235396,0.7511432,0.8754278,0.4272533,-0.032884978,-0.07239641,1.3026811,0.39436832,1.3095264,-2.0779836,-3.38751,-0.904876,0.20247298,6.0,4.0,,0.3869311020073241,2.3004818911219878,1.682578096009292,3.870740440267889,4.3485211896391895,True,,primer-cosmos-west-grizli-v7.4-f444w-clear_drc_sci.fits,0.0399999999999996,False,False,False
420,high_recall,untested,0.8273096,0.03134324,99.73779,gdn,74939,481603,189.16280234823483,62.28754959953967,449879,1,27.14512533637657,15.520701174271002,0.1097708546045326,7.09324836730957,False,0,False,,,0,0,0,0,,,,,False,False,False,False,False,False,False,False,False,False,6.9582677,6.0031743,4.067075,4.4028883,3.920461,3.6590075,3.2402902,-1.8026634,0.04209042,2.2925308,2.1707895,3.0323966,3.4840057,3.436358,0.9550933,1.9360995,-0.33581352,0.4824274,0.26145327,0.41871753,1.600286,0.7438807,0.68017083,-7.8610787,-3.5419261,4.319153,-0.95951295,0.14783601,5.0,5.0,,0.4616641909194881,1.9900981005561165,2.038112006477191,4.056042832810873,4.414706720956461,True,,gdn-grizli-v7.4-f444w-clear_drc_sci.fits,0.0399999999999996,False,False,False
421,high_recall,untested,0.8272493,0.031107938,99.73757,primer-cosmos-west,45946,389009,150.1317479400334,2.253925927019296,361464,1,27.20450170560404,17.6035607320201,0.1032257915117716,4.275815010070801,False,0,False,,,0,0,0,0,,,,,False,False,False,False,False,False,False,False,False,False,4.182471,4.602512,4.0804634,4.1435885,3.8388057,3.4355798,3.2991118,1.9818213,1.9008846,2.5576122,2.6438515,3.373787,3.74887,3.5620542,-0.42004085,0.5220482,-0.06312483,0.30478272,0.40322593,0.136468,0.45892337,0.70800865,0.5396939,-0.53884083,-2.6280026,-2.0891616,-0.9862118,0.12113719,7.0,7.0,,0.5452320684964422,1.6734973172337282,2.2829485393996425,3.82050825606796,4.187113472058255,True,,primer-cosmos-west-grizli-v7.4-f444w-clear_drc_sci.fits,0.0399999999999996,True,True,False
422,high_recall,untested,0.826994,0.036437307,99.737144,gdn,9919,524198,189.3083904208606,62.16259412438594,489853,1,27.21550851717328,33.16171376835098,0.0846822754365888,7.278941631317139,False,0,False,,,0,0,0,0,,,,,False,False,False,False,False,False,False,False,False,False,5.7574124,3.8181942,3.7721255,4.038259,4.1830397,4.089793,3.310009,0.30652997,3.549208,3.4899712,3.9916081,3.5030901,3.7253835,4.1947703,1.939218,0.046068717,-0.26613367,-0.14478065,0.0932464,0.7797844,-0.22006495,-0.05153425,0.8730308,-0.2589359,-5.0000696,-4.7411337,-1.0722075,0.035141487,6.0,6.0,,0.6199355079313655,1.5148559454962591,2.749007050652406,4.164349674891934,4.434343597813008,True,,gdn-grizli-v7.4-f444w-clear_drc_sci.fits,0.0399999999999996,True,True,False
423,high_recall,untested,0.82643944,0.04306793,99.73672,primer-cosmos-east,17565,431143,150.18000889763712,2.2312702163129856,401503,1,21.027286033449144,557.2105167992463,0.1314948920985661,0.2205255031585693,True,3,False,,,0,0,0,0,,,,,False,False,False,False,False,False,False,False,False,False,-1.2005515,-1.1758391,-1.4306244,-1.8313632,-2.0179827,-2.4982233,-2.872714,5.605556,5.8180003,6.1486945,6.3018775,6.6243033,6.611427,7.016091,-0.024712434,0.25478527,0.40073887,0.18661942,0.48024064,0.37449077,0.65552413,0.66686004,0.8547314,-1.8952227,-4.2675724,-2.37235,-0.8810911,0.22792928,7.0,7.0,,0.5455384512036877,1.661671872278745,538.4102639089007,894.6611912835962,986.9336665837956,True,,primer-cosmos-east-grizli-v7.4-f444w-clear_drc_sci.fits,0.0399999999999996,True,True,False
424,high_recall,untested,0.8258125,0.02735216,99.73608,primer-uds-north,57638,119321,34.450146143004595,-5.124821004978901,114119,1,26.60912511777686,15.095344956201092,0.0996620250204142,7.352623462677002,False,0,False,,,0,0,0,0,,,,,False,False,False,False,False,False,False,False,False,False,5.742004,3.6106975,3.323875,3.4760656,3.5235891,3.6088088,2.7073162,0.08439835,2.3058088,2.735325,2.7549772,3.0025015,2.9797208,3.408629,2.1313062,0.28682247,-0.15219048,-0.047523525,-0.085219614,0.90149254,0.13463199,-0.13274314,0.8162729,-0.9944006,-4.497043,-3.5026424,-1.0014703,0.10587867,6.0,6.0,,0.5112851011263596,1.7694420166722042,4.24130355026382,7.504740707297793,8.295378724942777,True,,primer-uds-north-grizli-v7.2-f444w-clear_drc_sci.fits,0.0399999999999996,True,False,False
425,high_recall,untested,0.82520103,0.028344037,99.73586,primer-uds-south,45942,136835,34.48759400831077,-5.245022860365235,130914,1,27.44349225595468,11.460025050896496,0.0878848140003027,7.159042835235596,False,0,False,,,0,0,0,0,,,,,False,False,False,False,False,False,False,False,False,False,5.367296,4.5273876,4.534638,4.9366446,4.01646,4.2424936,3.5351553,0.5182044,1.9734032,2.0756655,1.8058194,2.94229,2.8375947,3.1339102,0.8399089,-0.007250658,-0.4020064,0.9201844,-0.22603337,0.70733815,-0.40925702,0.69415104,0.4813048,0.78721076,-2.5482569,-3.3354676,-1.0560862,0.054612134,6.0,5.0,,0.6063528949903975,1.6197942474147269,2.198885850911891,3.561742652028718,3.626412719521548,True,,primer-uds-south-grizli-v7.2-f444w-clear_drc_sci.fits,0.0399999999999996,True,True,False
426,high_recall,untested,0.8250853,0.03976998,99.73565,primer-cosmos-east,30593,433829,150.18398825256216,2.2848960936071183,404076,1,26.392668479730936,19.528424173571697,0.1370716660240478,7.124602794647217,False,0,False,,,0,0,0,0,,,,,False,False,False,False,False,False,False,False,False,False,3.8892195,4.1822777,4.818387,3.7709532,3.2148247,2.9685912,2.4914534,1.4721154,1.4416605,1.043833,2.024789,3.247674,3.4602184,3.6656733,-0.29305807,-0.6361092,1.0474337,0.5561285,0.24623357,0.47713774,0.4113245,0.8023621,0.7233713,-0.7375015,-3.7709422,-3.0334406,-0.8630523,0.24596809,7.0,4.0,,0.4476888045231617,2.051960755167397,3.430585179274264,7.039426155129698,7.66287909059557,True,,primer-cosmos-east-grizli-v7.4-f444w-clear_drc_sci.fits,0.0399999999999996,False,False,False
427,high_recall,untested,0.8249357,0.025100816,99.73543,gdn,46603,477025,189.1389861036817,62.23579143870229,445533,1,25.364836792258387,43.046565888965446,0.2885989958847351,2.9287004470825195,False,0,False,,,0,0,0,0,,,,,False,False,False,False,False,False,False,False,False,False,4.255352,4.967082,3.827054,3.1825092,2.264965,1.880905,1.4646536,1.7864791,1.3143823,1.7502079,2.5552177,3.9400067,4.4922457,4.4555645,-0.7117297,1.1400279,0.64454484,0.917544,0.38406006,0.41625145,1.7845727,1.301604,0.8003115,-3.894704,-4.0805783,-0.18587421,-0.53970516,0.56764376,7.0,4.0,,0.2401729145585166,3.050646758617246,2.8119276980580445,8.578198117546828,11.707930110382764,True,,gdn-grizli-v7.4-f444w-clear_drc_sci.fits,0.0399999999999996,False,False,False
428,high_recall,untested,0.82465696,0.020307537,99.735214,primer-uds-south,70527,120496,34.452751966233734,-5.201877650027051,115258,1,23.832912730833648,77.80041849711155,0.2603172023503167,5.310425758361816,False,0,False,,,0,0,0,0,,,,,False,False,False,False,False,False,False,False,False,False,2.3625855,1.5966994,1.8020478,1.3565897,0.8638176,0.61867505,-0.06709817,2.504746,3.2378352,3.254504,3.8805223,4.596835,4.8498774,5.047335,0.76588607,-0.2053484,0.44545808,0.49277216,0.24514252,0.6857732,0.24010967,0.7379147,0.9309157,-1.8746856,-4.977116,-3.1024303,-0.58449715,0.5262012,7.0,7.0,,0.5342830205479153,1.6612037066971568,28.34214095164012,47.08206960459785,53.04705532767039,True,,primer-uds-south-grizli-v7.2-f444w-clear_drc_sci.fits,0.0399999999999996,True,True,False
429,high_recall,untested,0.82465005,0.03028972,99.735,primer-uds-south,57843,29620,34.27209841616537,-5.224841555488799,28249,1,24.146731082900267,111.3470865843878,0.0940649875745544,3.086488008499145,False,0,False,,,0,0,0,0,,,,,False,False,False,False,False,False,False,False,False,False,4.1575294,3.24643,1.9622554,0.8788572,0.52196467,0.3879368,0.24671164,1.6334567,2.5125172,3.8866007,5.0704217,5.595432,5.7051673,5.4058194,0.91109926,1.2841747,1.0833981,0.35689253,0.13402787,0.14122514,2.3675728,0.49092036,0.275253,-9.115143,-1.3698226,7.7453203,-1.026572,0.0841263,7.0,6.0,,0.5592919248462732,1.6476089783927232,40.815516317734186,67.24801114283355,72.97712429685575,True,,primer-uds-south-grizli-v7.2-f444w-clear_drc_sci.fits,0.0399999999999996,True,True,False
430,high_recall,untested,0.82384837,0.03232837,99.73436,primer-uds-south,13319,138415,34.490775092781675,-5.2979732650854405,132443,1,27.06164402802476,14.136994803028053,0.1068457187631459,2.213827133178711,False,0,False,,,0,0,0,0,,,,,False,False,False,False,False,False,False,False,False,False,5.5509405,4.230685,3.6231172,3.9484627,3.8320537,3.487092,3.157494,0.22067761,1.940388,2.6701,2.4818313,2.8729424,3.316376,3.343191,1.3202552,0.607568,-0.3253457,0.11640908,0.34496164,0.32959804,0.2822223,0.4613707,0.67455965,-0.58825034,-3.3884163,-2.8001661,-0.9712429,0.13945542,6.0,6.0,,0.524470376841992,1.6367243549461257,2.1805941667887057,3.5690315810365285,4.157707018495072,True,,primer-uds-south-grizli-v7.2-f444w-clear_drc_sci.fits,0.0399999999999996,True,True,False
431,high_recall,untested,0.8236442,0.028940398,99.73393,ceers-full,10632,619102,215.040138009863,52.893873669233805,579627,1,27.6852679174387,13.940039709669971,0.1095327299073644,1.6615469455718994,False,0,False,,,0,0,0,0,,,,,False,False,False,False,False,False,False,False,False,False,5.338897,4.750306,4.6227465,4.745122,4.726744,4.5353656,3.7723358,1.0381895,2.26021,2.0609827,2.1612034,2.8875601,3.2221816,3.3291965,0.5885912,0.12755945,-0.12237559,0.018378077,0.19137847,0.7630298,0.0051838644,0.20975655,0.9544083,-0.9671885,-5.154023,-4.186835,-0.9604561,0.13808559,7.0,6.0,,0.4054853316238517,1.996388320939427,1.136042722093543,2.2679824224757845,2.801686358280877,True,,ceers-full-grizli-v7.4-f444w-clear_drc_sci.fits,0.0399999999999993,False,False,False
432,high_recall,untested,0.8236229,0.032888953,99.73372,primer-cosmos-east,6647,401200,150.14401862218836,2.177239170102785,373004,1,25.150960619417496,48.042750276395545,0.1348564368863396,6.781491279602051,False,0,False,,,0,0,0,0,,,,,False,False,False,False,False,False,False,False,False,False,3.4077578,2.1294222,1.995804,1.8320192,1.7900014,0.6546084,1.2508371,1.9627709,3.251751,3.5598805,3.6464064,4.319559,4.7628036,4.5653467,1.2783356,0.13361825,0.16378465,0.042017855,1.135393,-0.5962286,0.2974029,1.1774108,0.53916436,-1.7395381,-1.9450814,-0.20554332,-0.87012833,0.23889208,7.0,7.0,,0.5048894388207584,1.7739472947869708,11.85815451425771,21.03574112173337,23.48663608800003,True,,primer-cosmos-east-grizli-v7.4-f444w-clear_drc_sci.fits,0.0399999999999996,True,False,False
433,high_recall,untested,0.82262146,0.030453697,99.7335,primer-cosmos-east,78225,428725,150.17665886574906,2.4599517782087204,399185,1,25.176968818086934,30.346854194832733,0.3217398542483946,3.8497047424316406,False,0,False,,,0,0,0,0,,,,,False,False,False,False,False,False,False,False,False,False,3.0340383,4.9615374,3.496413,3.0079553,2.0570803,1.5931585,1.2768391,1.8119532,0.62708426,1.8177247,2.5513983,3.6046302,4.1056833,4.1061115,-1.927499,1.4651242,0.48845774,0.95087504,0.46392187,0.3163193,1.9535819,1.414797,0.7802412,-0.5768744,-3.7958016,-3.2189271,-0.49249515,0.6165253,6.0,4.0,,0.2762104968434523,2.702831916349004,3.8013457613541872,10.274398648866102,13.762495650223872,True,,primer-cosmos-east-grizli-v7.4-f444w-clear_drc_sci.fits,0.0399999999999996,False,False,False
434,high_recall,untested,0.8226199,0.040083062,99.733284,primer-uds-south,36471,28371,34.269184732660975,-5.259619186174368,27058,1,27.18727249006145,9.9307814070153,0.0975360860402969,6.307185173034668,False,0,False,,,0,0,0,0,,,,,False,False,False,False,False,False,False,False,False,False,3.9387667,5.060017,4.115409,3.741858,3.81878,2.9500291,3.2820497,2.1543467,1.086656,2.190172,2.7548957,2.933166,3.7702906,2.9913118,-1.1212505,0.9446081,0.37355113,-0.076921895,0.8687508,-0.33202064,1.3181592,0.7918289,0.5367301,-0.95719343,-2.726677,-1.7694836,-1.0108347,0.09986362,7.0,6.0,,0.6050117140931358,1.5903396463089134,2.701169912608221,4.295777603437637,4.464657211897226,True,,primer-uds-south-grizli-v7.2-f444w-clear_drc_sci.fits,0.0399999999999996,True,True,False
435,high_recall,untested,0.82257235,0.02901412,99.73307,primer-cosmos-west,67379,306584,150.0615225969502,2.3026526098666342,287375,1,24.80746526489284,74.55212147895162,0.1532417837240203,5.326535701751709,False,0,False,,,0,0,0,0,,,,,False,False,False,False,False,False,False,False,False,False,2.8496447,2.3899457,2.574758,2.1301632,1.3004128,1.0778834,0.90739965,2.7118986,3.3121614,3.347297,3.7458441,4.8977227,4.8914537,5.0046906,0.45969886,-0.18481223,0.4445949,0.8297503,0.22252943,0.17048371,0.25978267,1.0522797,0.39301315,-1.6389921,-1.9581122,-0.31912008,-0.8146228,0.29272616,7.0,7.0,,0.3602760831644631,2.304348484524018,12.205489622152404,28.12570151368052,33.87815675952238,True,,primer-cosmos-west-grizli-v7.4-f444w-clear_drc_sci.fits,0.0399999999999996,False,False,False
436,high_recall,untested,0.8225459,0.037346095,99.73286,primer-cosmos-east,8218,397410,150.14021591063263,2.1864634574466115,369401,1,26.190964819498543,29.88115337808276,0.0798648208555464,7.494163990020752,False,0,False,,,0,0,0,0,,,,,False,False,False,False,False,False,False,False,False,False,6.7196026,3.2153955,2.5555305,2.2689545,2.6130064,1.7931825,2.2901263,-1.0104932,2.8053916,3.5884178,3.8791826,4.0138855,4.5597878,4.090655,3.5042071,0.6598649,0.28657594,-0.34405184,0.819824,-0.4969439,0.9464408,0.47577214,0.3228801,-3.7210698,-1.5681442,2.1529257,-1.0976444,0.011375925,6.0,6.0,,0.6928131311376959,1.3820160036484188,7.544337519968156,10.426395189521214,10.889426283793584,True,,primer-cosmos-east-grizli-v7.4-f444w-clear_drc_sci.fits,0.0399999999999996,True,True,False
437,high_recall,untested,0.82251966,0.037329692,99.73264,primer-uds-south,51997,83534,34.37475138929169,-5.23485934487428,79742,2,25.26354798507861,23.80976757399636,0.151159545403103,5.134403228759766,False,0,False,,,0,0,0,0,,,,,False,False,False,False,False,False,False,False,False,False,3.0771177,3.145392,2.8699763,3.1611984,1.7770088,1.9670197,1.3633959,2.0860028,2.0468402,2.491773,2.4010165,3.9714434,3.8013313,3.8636837,-0.06827425,0.27541575,-0.29122218,1.3841897,-0.19001098,0.60362375,-0.015806457,1.1941787,0.41361278,0.095434725,-1.861813,-1.9572476,-0.82056445,0.29013386,7.0,7.0,,0.4976033630264112,1.7832275220956053,10.219153359054204,18.223075522381208,20.536744962697934,True,,primer-uds-south-grizli-v7.2-f444w-clear_drc_sci.fits,0.0399999999999996,False,False,False
438,high_recall,untested,0.8223077,0.027534945,99.73243,gds,4728,212190,53.13802963120266,-27.868293795581845,201116,1,23.24441587699987,444.83250186266815,0.1259881164458929,3.4622387886047363,False,0,False,,,0,0,0,0,,,,,False,False,False,False,False,False,False,False,False,False,4.485312,3.7430105,2.5327203,0.7261176,-0.11433723,-0.38052762,-0.6555878,2.0815094,2.6653435,4.154175,5.836704,6.5420575,6.7063484,6.7908463,0.74230164,1.2102902,1.8066028,0.8404548,0.26619038,0.2750602,3.016893,1.1066452,0.5412506,-13.950142,-2.6941588,11.255983,-0.8996704,0.20767856,7.0,7.0,,0.4966631948810474,1.793339185098198,70.05988476084244,125.64113664508284,141.06115670121687,True,,gds-grizli-v7.2-f444w-clear_drc_sci.fits,0.0399999999999996,False,False,False
439,high_recall,secure z>3 (V untested),0.822213,0.023401868,99.732,ceers-full,54926,585816,214.9050043733956,52.89038975108365,548141,1,23.74272981534822,170.10650481598006,0.3098725600408262,1.556527018547058,False,0,False,,,1,0,0,1,3.0,3.638346,G395M,rubies-egs62-v4_g395m-f290lp_4233_50588.spec.fits,False,False,False,False,False,False,False,False,False,False,5.185301,3.2475593,2.774482,1.9706304,1.0088164,0.44614756,-0.15727942,0.77522933,2.9464395,3.1981199,4.3347487,4.8982296,5.5535393,5.829581,1.9377416,0.47307727,0.8038517,0.961814,0.56266886,0.603427,1.276929,1.5244828,1.1660959,-5.8837895,-5.9238214,-0.040032096,-0.5088169,0.5897248,6.0,6.0,,0.298007713543674,2.6428858369733863,13.822290297240167,36.5307352611107,46.38232390992948,True,,ceers-full-grizli-v7.4-f444w-clear_drc_sci.fits,0.0399999999999993,False,False,False
440,high_recall,untested,0.82214653,0.035109792,99.73179,ceers-full,51389,595263,214.9408549222676,52.90770523543018,557085,1,27.784202208624063,15.346576292694882,0.0872402744749265,1.1489285230636597,True,5,False,,,0,0,0,0,,,,,False,False,False,False,False,False,False,False,False,False,5.7952695,5.2849164,6.64189,5.7495756,6.6679435,5.631961,3.8687391,0.029686254,1.6886319,-1.3285856,1.1719439,-0.5880177,2.0315866,3.4250994,0.51035327,-1.3569736,0.8923142,-0.91836786,1.0359831,1.7632216,-0.46465945,0.11761517,2.7992046,1.5602902,-15.305358,-16.865648,-1.059283,0.039258704,4.0,2.0,,0.6336533946576346,1.5054020743152092,1.4951628924609712,2.2508213197498743,2.359591071501816,True,,ceers-full-grizli-v7.4-f444w-clear_drc_sci.fits,0.0399999999999993,True,True,False
441,high_recall,untested,0.8220626,0.035395525,99.731575,gds-sw,24052,154103,53.02338999313753,-27.88240698496768,147385,1,27.30169672895959,52.32137314601376,0.0736277970124098,6.395313739776611,False,0,False,,,0,0,0,0,,,,,False,False,False,False,False,False,False,False,False,False,5.0516033,4.162291,4.3053226,4.041265,3.9991403,3.4555755,3.3952594,2.7085674,3.8950512,3.7570548,4.0675454,4.375092,4.778031,4.6506433,0.8893123,-0.14303166,0.2640578,0.042124625,0.543565,0.06031609,0.12102614,0.5856896,0.60388106,-1.4464236,-2.8081431,-1.3617195,-1.1329582,-0.025609227,7.0,7.0,,0.5726561760613986,1.6325456711817068,2.4160158869618886,3.944256277765863,4.218964167257754,True,,gds-sw-grizli-v7.0-f444w-clear_drc_sci.fits,0.0399999999999996,True,True,False
442,high_recall,untested,0.82173264,0.030040082,99.73093,primer-cosmos-west,52574,336800,150.08673148577577,2.266988563624693,314266,1,26.341581792723563,2.19728295528407,0.0,1.1336385011672974,True,18,False,,,0,0,0,0,,,,,False,False,False,False,False,False,False,False,False,False,10.648403,9.830643,9.538791,9.755283,8.678257,8.1217785,2.4404757,-2.312114,-1.455857,-1.6118457,-1.7384621,-0.6173423,-0.360862,1.5285356,0.817761,0.29185152,-0.21649277,1.0770265,0.55647856,5.681303,0.07535875,1.633505,6.2377815,-3.0782223,-33.047398,-29.969175,-2.39794,-1.290591,1.0,0.0,,3.627703408685326,1.6179904998550392,0.199806292671792,0.323284683354215,0.0550779019567648,True,,primer-cosmos-west-grizli-v7.4-f444w-clear_drc_sci.fits,0.0399999999999996,False,True,False
443,high_recall,untested,0.82090425,0.028903825,99.73071,gdn,11860,488368,189.1931313846768,62.167183545304106,456290,2,27.760160377664924,11.730418532032768,0.1170118145373911,1.182356595993042,True,9,False,,,0,0,0,0,,,,,False,False,False,False,False,False,False,False,False,False,4.9992366,5.787849,5.7189994,6.6226106,6.853009,6.3773313,3.8453536,1.6115565,0.66086763,0.7062741,-1.0473303,-0.7549277,0.4356917,3.1571443,-0.78861237,0.068849444,-0.9036111,-0.2303984,0.4756776,2.5319777,-0.8347617,0.24527921,3.0076554,4.2985206,-17.027702,-21.326223,-0.93177027,0.17557868,2.0,1.0,,0.4552800175147029,1.4801630598103632,1.2155428516570264,1.7992016266392783,2.6698796452619877,True,,gdn-grizli-v7.4-f444w-clear_drc_sci.fits,0.0399999999999996,False,True,False
444,high_recall,untested,0.820564,0.040109992,99.730286,gds,30649,164396,53.05524464184848,-27.817174942568546,156742,2,27.49287220406348,12.924006796424804,0.0922805860994101,6.933902263641357,False,0,False,,,0,0,0,0,,,,,False,False,False,False,False,False,False,False,False,False,5.3068423,4.547977,4.5341716,4.2001896,4.4438887,3.7584684,3.5837512,1.2422549,2.4814224,2.590116,3.0268748,2.65877,3.4108434,3.2537272,0.7588653,0.013805381,0.3339818,-0.24369927,0.6854204,0.17471725,0.3477872,0.44172114,0.86013764,-2.2496612,-3.6737447,-1.4240835,-1.0348897,0.07245931,7.0,6.0,,0.5787971984962025,1.4986498731883011,1.858242134839979,2.7848543397310923,3.210523719997188,True,,gds-grizli-v7.2-f444w-clear_drc_sci.fits,0.0399999999999996,True,True,False
445,high_recall,untested,0.8204046,0.038610578,99.73007,primer-uds-north,77228,78262,34.363192454988365,-5.096644361438184,74682,1,26.16006249465904,14.690100971301328,0.1346959561704766,5.410853862762451,False,0,False,,,0,0,0,0,,,,,False,False,False,False,False,False,False,False,False,False,3.0781791,2.8864398,3.058066,3.262167,2.6714535,2.2512043,2.2592704,2.454026,2.5886197,2.6168501,2.6236973,3.3493984,3.7536652,3.3814776,0.19173941,-0.17162618,-0.20410112,0.5907135,0.42024922,-0.008066069,-0.3757273,1.0109627,0.41218317,0.74649215,-2.0904298,-2.836922,-0.87064546,0.23670353,7.0,7.0,,0.3700053904516601,2.379665093138634,3.92070725573788,9.3299701968948,10.596351720584206,True,,primer-uds-north-grizli-v7.2-f444w-clear_drc_sci.fits,0.0399999999999996,False,False,False
446,high_recall,untested,0.81971854,0.031684242,99.72943,primer-cosmos-west,41719,333070,150.08381436247015,2.245916170067483,310838,2,27.041731917524253,0.0887751619247458,0.0320370436612481,1.4868258237838743,True,21,False,,,0,0,0,0,,,,,False,False,False,False,False,False,False,False,False,False,12.962152,-0.8741859,-0.69739676,10.262503,12.194073,0.7511572,3.1377306,-1.7029928,1.5995077,1.859678,-0.28801036,-0.9088175,1.1235366,0.088658966,13.836338,-0.17678915,-10.9599,-1.9315697,11.442915,-2.3865733,-11.136688,9.511346,9.056342,-56.622967,-105.46429,-48.841324,-1.4943476,-0.3869986,3.0,1.0,,,0.0816237314621959,0.2072139637151246,0.0169135769295005,-0.3418772006182465,True,,primer-cosmos-west-grizli-v7.4-f444w-clear_drc_sci.fits,0.0399999999999996,False,True,False
447,high_recall,secure z>3 (V untested),0.81940466,0.025984356,99.72921,primer-uds-north,39055,55742,34.319426441198445,-5.150907482185287,53171,1,24.350496284071045,181.5994735911296,0.2151609790226925,5.245718479156494,False,0,False,,,1,0,0,1,3.0,5.2221,G395M,rubies-uds22-v4_g395m-f290lp_4233_139055.spec.fits,False,False,False,False,False,False,False,False,False,False,5.067324,3.7233326,3.739399,3.1084452,1.44815,1.0192027,0.450468,1.6846306,1.3463002,3.0233233,2.2449768,5.027904,5.5332613,5.8949585,1.3439914,-0.016066374,0.6309537,1.6602951,0.42894733,0.56873477,0.61488736,2.0892425,0.9976821,-5.5665483,-5.0973763,0.46917182,-0.6672365,0.44011247,7.0,5.0,,0.3784949843652916,2.1822650070817136,14.277965219409792,31.158303870647767,37.72299715768465,True,,primer-uds-north-grizli-v7.2-f444w-clear_drc_sci.fits,0.0399999999999996,False,False,False
448,high_recall,untested,0.8185149,0.028387276,99.72857,primer-cosmos-east,6477,395844,150.13865985856987,2.176209245773709,367932,1,25.55200290919438,37.19339871238196,0.1408202507560349,7.327161312103271,False,1,False,,,0,0,0,0,,,,,False,False,False,False,False,False,False,False,False,False,8.161496,2.861071,2.6889787,2.762746,2.5507052,2.7039354,1.6517442,-1.8126262,2.6647902,3.0126154,2.8713975,3.7438188,3.289434,4.309459,5.300425,0.17209253,-0.073767446,0.21204096,-0.15323025,1.052191,0.09832509,0.05881072,0.8989608,-5.2753634,-4.815712,0.45965138,-0.85133487,0.2576855,6.0,6.0,,0.3945142866353893,2.1996818469987045,6.536382859196245,14.377962720407467,16.568177834424485,True,,primer-cosmos-east-grizli-v7.4-f444w-clear_drc_sci.fits,0.0399999999999996,False,False,False
449,high_recall,untested,0.8176637,0.033117265,99.728355,primer-uds-north,68027,34075,34.282437568697105,-5.109843591803678,32549,1,27.49503521580102,18.82709756819288,0.1161983894607434,7.562018871307373,False,0,False,,,0,0,0,0,,,,,False,False,False,False,False,False,False,False,False,False,7.590621,4.4782305,5.430462,4.867809,4.5298147,4.2081766,3.5858784,-1.4704424,2.17207,0.43840086,1.0710659,2.9681883,3.1368258,3.629149,3.1123905,-0.9522313,0.5626529,0.3379945,0.32163805,0.6222982,-0.38957843,0.65963256,0.9439362,-7.018681,-4.9769115,2.0417697,-0.9347999,0.17254907,5.0,4.0,,0.5991494460064063,1.6008980631609544,1.5797067736287151,2.5289495142644505,2.636582215268917,True,,primer-uds-north-grizli-v7.2-f444w-clear_drc_sci.fits,0.0399999999999996,True,True,False
450,high_recall,untested,0.8167851,0.03835439,99.7275,primer-cosmos-east,40288,413434,150.1571670324414,2.3160092367370595,384598,1,26.955240868311527,22.04709932527733,0.1091665933955726,5.651798248291016,False,0,False,,,0,0,0,0,,,,,False,False,False,False,False,False,False,False,False,False,3.8050706,3.6886127,3.6410453,3.5904849,3.3706412,2.961812,3.051826,2.5858796,2.7316487,2.9818764,3.5014179,3.8248742,4.172725,3.786842,0.116457954,0.04756721,0.05056062,0.21984343,0.4088293,-0.09001409,0.098127834,0.6286727,0.3188152,-0.54402715,-1.7148436,-1.1708164,-0.96191025,0.14711016,7.0,7.0,,0.4431087770867769,1.9594389062469555,2.4339964459946666,4.769267333948766,5.492999849826944,True,,primer-cosmos-east-grizli-v7.4-f444w-clear_drc_sci.fits,0.0399999999999996,False,False,False
451,high_recall,untested,0.81659,0.030672213,99.72729,ceers-full,8834,617359,215.0314659366591,52.88439183810661,577994,1,27.866192481182967,13.07394019103646,0.1081546906290342,6.196258068084717,False,0,False,,,0,0,0,0,,,,,False,False,False,False,False,False,False,False,False,False,6.5102057,5.0387697,5.165735,5.042741,4.259997,3.6195402,3.9482694,-1.1271473,1.4177903,1.5815403,2.0677984,3.4978385,3.7651193,3.2652276,1.4714363,-0.12696494,0.12299391,0.7827437,0.64045674,-0.32872915,-0.00397103,1.4232005,0.31172758,-2.8294635,-2.2580626,0.5714008,-0.96595466,0.13258703,6.0,4.0,,0.3949344012093716,2.1931442812966626,1.1118533234727548,2.4384547580149607,2.8152860831267867,True,,ceers-full-grizli-v7.4-f444w-clear_drc_sci.fits,0.0399999999999993,False,False,False
452,high_recall,untested,0.81649256,0.051325615,99.72685,primer-uds-south,76117,23684,34.25801171597059,-5.190858764157961,22556,1,26.21109491709236,14.532613620137203,0.0847458247094844,3.550894021987915,False,0,False,,,0,0,0,0,,,,,False,False,False,False,False,False,False,False,False,False,4.2225623,3.0985363,3.9960206,3.0071042,2.7753756,2.6545584,2.3102248,1.2823809,2.3405373,1.7044317,2.7928672,3.3438792,3.5015786,3.3707242,1.1240262,-0.8974845,0.98891646,0.23172855,0.120817244,0.3443336,0.091431975,0.3525458,0.46515083,-1.340029,-2.2996814,-0.95965236,-1.0718817,0.03881661,7.0,5.0,,0.6237532822524043,1.5077854316591766,6.377225076798675,9.615487065208615,10.223954339398738,True,,primer-uds-south-grizli-v7.2-f444w-clear_drc_sci.fits,0.0399999999999996,True,True,False
453,high_recall,untested,0.8156382,0.04426196,99.72664,primer-cosmos-west,70496,310002,150.06520993904206,2.3090494364115,290538,1,27.225291308296143,10.988375643592406,0.096914584013936,1.100921869277954,False,0,False,,,0,0,0,0,,,,,False,False,False,False,False,False,False,False,False,False,5.3397326,4.4082694,3.5741594,3.8362978,3.6739936,3.1346543,3.3196926,0.53427136,1.6739941,2.6662447,2.4225354,3.054735,3.3571408,3.0920491,0.9314636,0.8341098,-0.2621384,0.16230421,0.53933924,-0.18503821,0.57197136,0.70164347,0.35430104,-1.5739466,-1.8138665,-0.23991984,-1.0136108,0.0937381,6.0,5.0,,0.4708725251293283,1.930495078176611,2.098734915271493,4.0515974243290245,4.457119078449228,True,,primer-cosmos-west-grizli-v7.4-f444w-clear_drc_sci.fits,0.0399999999999996,False,False,False
454,high_recall,untested,0.8144349,0.030205103,99.725784,gds-sw,32738,153698,53.021417979008255,-27.869308716517622,147017,1,26.77115764216204,36.999952063451,0.1013711161499158,5.140092372894287,False,0,False,,,0,0,0,0,,,,,False,False,False,False,False,False,False,False,False,False,4.1482873,4.115451,4.0121355,3.746325,3.16625,3.5858703,2.8687217,2.5620134,2.8838074,3.050129,3.4477139,4.241645,3.9709742,4.3042464,0.03283617,0.10331545,0.26581046,0.58007514,-0.41962048,0.7171487,0.3691259,0.16045465,0.29752824,-1.3612978,-1.4800892,-0.11879132,-0.9940858,0.1132632,7.0,7.0,,0.5303527573651261,1.7685088501319004,3.463802220596734,6.125764882231853,6.531128899575133,True,,gds-sw-grizli-v7.0-f444w-clear_drc_sci.fits,0.0399999999999996,True,False,False
455,high_recall,untested,0.81431913,0.03502229,99.72557,primer-uds-south,10472,150764,34.523172471703056,-5.303041767600906,144247,1,23.172110789922066,139.40432082220508,0.1579089547647978,2.136941432952881,False,0,False,,,0,0,0,0,,,,,False,False,False,False,False,False,False,False,False,False,4.329994,5.0376425,2.3661177,1.3977615,0.47650182,-0.16035782,-0.72789246,1.061283,0.5905762,3.0010626,4.074056,5.0693946,5.566479,5.6305385,-0.7076485,2.671525,0.9683562,0.92125964,0.6368596,0.5675346,3.6398811,1.5581193,1.2043942,-8.180552,-6.010524,2.1700282,-0.80159324,0.30910507,6.0,5.0,,0.3773905584036688,2.2727000956105177,55.16948236672603,125.383687849641,146.18670535926609,True,,primer-uds-south-grizli-v7.2-f444w-clear_drc_sci.fits,0.0399999999999996,False,False,False
456,high_recall,untested,0.8138103,0.035096418,99.72514,primer-cosmos-east,66949,423681,150.16985095014036,2.4135603031484143,394431,2,24.14160316724892,121.4645189565616,0.6078487014770508,5.1643548011779785,False,2,False,,,0,0,0,0,,,,,False,False,False,False,False,False,False,False,False,False,2.9264002,3.216009,2.4662728,1.9570522,0.83431673,0.8563387,0.24158391,2.644844,2.4183078,3.3228023,3.8684645,5.1994476,5.152223,5.4927864,-0.28960875,0.7497362,0.5092205,1.1227356,-0.022021983,0.6147548,1.2589567,1.1007136,0.5927328,-3.511956,-3.0628755,0.44908056,-0.21620451,0.8928159,7.0,7.0,,0.2329123088405084,3.043292645015072,8.93556486724101,27.193538839529644,38.36450255344737,True,,primer-cosmos-east-grizli-v7.4-f444w-clear_drc_sci.fits,0.0399999999999996,False,False,False
457,high_recall,secure low-z,0.81230754,0.025919052,99.72471,primer-uds-south,64267,53915,34.316357925151344,-5.213130805888844,51428,1,23.58518538180681,72.77576726434474,0.2723689116162585,2.254671812057495,False,0,False,,,2,0,1,0,3.0,2.7203414,G395M;PRISM,rubies-uds3-v4_g395m-f290lp_4233_58080.spec.fits;rubies-uds3-v4_prism-clear_4233_58080.spec.fits,False,False,False,False,False,False,False,False,False,False,5.8534636,3.5001318,2.352372,1.7447531,0.8606136,0.24892177,-0.3148215,-0.01584609,1.3259441,2.50494,3.2611973,4.330325,4.915519,4.9805775,2.353332,1.1477599,0.6076187,0.88413954,0.61169183,0.5637433,1.7553786,1.4958314,1.1754351,-5.7972584,-5.8998327,-0.10257457,-0.56484246,0.5458558,6.0,5.0,,0.272484539703349,2.838059091672343,16.366781128726327,46.44989198379308,60.06498991298613,True,,primer-uds-south-grizli-v7.2-f444w-clear_drc_sci.fits,0.0399999999999996,False,False,False
458,high_recall,untested,0.81147504,0.03656216,99.72407,primer-uds-north,63073,84776,34.37736753918968,-5.116851405178471,80865,2,27.03525024157194,10.848484565564997,0.0334665708307825,17.914907455444336,False,2,False,,,0,0,0,0,,,,,False,False,False,False,False,False,False,False,False,False,6.8927493,5.5953865,5.497467,6.505483,2.9557908,3.0609205,3.1312962,-1.3013698,0.4724443,0.6744015,-0.4525499,3.6334143,3.6008039,3.0792902,1.2973627,0.097919665,-1.0080162,3.5496924,-0.10512974,-0.07037562,-0.9100965,3.4445627,-0.17550537,-2.0179648,0.9059842,2.923949,-1.4753888,-0.36803982,3.0,3.0,,1.1725672103542732,0.9134412740968588,6.164637878042157,5.631034677664584,5.257385524348414,True,,primer-uds-north-grizli-v7.2-f444w-clear_drc_sci.fits,0.0399999999999996,False,True,False
459,high_recall,untested,0.81007725,0.044208396,99.723854,primer-cosmos-west,77779,302229,150.05644902662738,2.334482181027208,283329,2,27.005602388349,10.100954310609714,0.1191676091560538,1.5815728902816772,False,0,False,,,0,0,0,0,,,,,False,False,False,False,False,False,False,False,False,False,4.431741,3.7994576,4.826704,4.5722256,3.4285479,3.2402506,3.1018574,1.0186696,1.8283844,1.0866619,1.2478297,2.975034,2.745749,3.0082183,0.6322838,-1.0272467,0.2544788,1.1436776,0.1882972,0.13839322,-0.7727679,1.3319747,0.3266904,2.3119533,-1.6301299,-3.9420831,-0.9238418,0.18350719,7.0,4.0,,0.4632569113076063,1.9108950152421655,2.069752378684503,3.955079503213832,4.467828386720324,True,,primer-cosmos-west-grizli-v7.4-f444w-clear_drc_sci.fits,0.0399999999999996,False,False,False
460,high_recall,untested,0.8099377,0.037999693,99.72343,primer-uds-south,9377,150990,34.52466593764368,-5.304960200002347,144462,1,26.75961879960757,8.146100400793337,0.0263608660150211,17.312915802001953,True,4,False,,,0,0,0,0,,,,,False,False,False,False,False,False,False,False,False,False,5.120466,6.6736956,7.6603518,5.8873463,2.723505,2.9606366,2.8572338,0.57347286,-0.4777794,-1.4289843,0.24512005,3.3258421,3.179531,2.7944329,-1.5532291,-0.9866565,1.7730055,3.1638415,-0.2371317,0.103402786,0.78634894,2.92671,-0.13372892,5.0451574,1.0405318,-4.004626,-1.5790403,-0.46834204,3.0,3.0,,0.7732366941338088,1.2154261798712365,5.4502913943363005,6.624426848603245,7.0486714296995405,True,,primer-uds-south-grizli-v7.2-f444w-clear_drc_sci.fits,0.0399999999999996,False,True,False
461,high_recall,untested,0.8098092,0.050484,99.72321,ceers-full,21806,619004,215.03965466641856,52.91372951930191,579537,1,26.33605570974627,32.35243104892471,0.1042108256929015,6.287387371063232,False,0,False,,,0,0,0,0,,,,,False,False,False,False,False,False,False,False,False,False,3.4025137,2.754081,2.6667237,2.6846457,2.6301959,1.9826311,2.4349608,3.076595,4.124398,3.8796606,4.0292583,4.3255615,4.947326,4.170075,0.64843255,0.08735738,-0.017921938,0.054449808,0.64756477,-0.45232964,0.06943544,0.70201457,0.19523513,-0.8312976,-1.7594496,-0.92815197,-0.98208714,0.11645451,7.0,7.0,,0.5039399253159409,1.8428486286832064,4.860288107181861,8.956775273325391,9.644578377342786,True,,ceers-full-grizli-v7.4-f444w-clear_drc_sci.fits,0.0399999999999993,True,False,False
462,high_recall,untested,0.8093815,0.0323939,99.72278,primer-uds-south,47912,84031,34.37579850417066,-5.241848328321067,80214,1,24.28258398962572,85.98593906378437,0.1422731445086092,3.4249966144561768,False,0,False,,,0,0,0,0,,,,,False,False,False,False,False,False,False,False,False,False,6.0448837,5.143845,4.978623,2.468364,1.7861495,1.0817211,0.38255903,-0.2075945,0.6879127,0.96848834,3.4681313,4.3244886,4.978418,5.1473646,0.9010389,0.1652219,2.510259,0.68221456,0.70442843,0.699162,2.6754808,1.386643,1.4035904,-12.25038,-7.143911,5.106469,-0.8468771,0.2638212,5.0,4.0,,0.4569597262983496,1.9361998046445656,24.795096885584165,48.00826174601114,54.26101132902775,True,,primer-uds-south-grizli-v7.2-f444w-clear_drc_sci.fits,0.0399999999999996,False,False,False
463,high_recall,untested,0.8092388,0.039843656,99.72235,primer-uds-south,3941,74083,34.354499380590255,-5.31638699856767,70672,1,20.46756742409492,1497.9954781134545,0.1266826403232047,1.5310324430465698,True,5,False,,,0,0,0,0,,,,,False,False,False,False,False,False,False,False,False,False,0.69652265,-0.36503768,-1.0568157,-1.7778198,-2.6403747,-3.0692606,-3.4324327,4.4519377,5.4079356,6.166646,6.9337387,7.6725082,7.941842,8.005031,1.0615604,0.69177806,0.72100395,0.862555,0.4288858,0.36317208,1.412782,1.2914408,0.7920579,-6.3664184,-3.9511428,2.4152756,-0.8972829,0.2134154,7.0,7.0,,0.4692427277046782,1.895521378291812,890.8202748314674,1688.568875158834,1898.421056387927,True,,primer-uds-south-grizli-v7.2-f444w-clear_drc_sci.fits,0.0399999999999996,False,False,False
464,high_recall,untested,0.80894965,0.035048377,99.72214,primer-uds-south,21864,35087,34.284434370000085,-5.283591486530724,33525,1,26.843106469818903,7.428734708798746,0.1143957693333717,6.501988887786865,False,0,False,,,0,0,0,0,,,,,False,False,False,False,False,False,False,False,False,False,4.8617682,4.0948887,3.6065476,4.067149,3.533346,2.8694854,2.9403265,0.8774779,1.5610353,2.175182,1.9578468,2.5951514,3.2641132,2.7030025,0.76687944,0.48834127,-0.46060172,0.5338034,0.66386044,-0.070841156,0.02773955,1.1976639,0.5930193,-0.76995075,-2.869904,-2.0999534,-0.94159,0.16910826,6.0,5.0,,0.3630158619883762,2.455806126084568,2.314420860415015,5.683768927345111,6.375536451046656,True,,primer-uds-south-grizli-v7.2-f444w-clear_drc_sci.fits,0.0399999999999996,False,False,False
465,high_recall,untested,0.80889106,0.034816116,99.721924,gdn,89231,506960,189.2549616657954,62.321870382767614,473695,1,26.493640315090424,48.37571930856415,0.1166549332860231,6.835299968719482,False,0,False,,,0,0,0,0,,,,,False,False,False,False,False,False,False,False,False,False,4.6836033,3.095182,3.0256877,3.1364639,2.9290485,2.2784898,2.5921774,2.2393427,3.8726203,4.0109563,3.913567,4.532768,4.855311,4.572252,1.5884215,0.069494195,-0.11077619,0.20741527,0.65055877,-0.31368747,-0.04128199,0.857974,0.33687127,-0.49480754,-1.7384931,-1.2436855,-0.9330969,0.17425208,7.0,7.0,,0.4653873200995623,1.954564161183814,3.632041179078979,7.099057520571575,7.804340647488979,True,,gdn-grizli-v7.4-f444w-clear_drc_sci.fits,0.0399999999999996,False,False,False
466,high_recall,untested,0.8082742,0.03185912,99.72171,primer-uds-north,80263,86542,34.38107651915951,-5.091734579872419,82627,1,22.61032083192876,309.757857885466,0.1280258882738132,3.5464305877685547,False,2,False,,,0,0,0,0,,,,,False,False,False,False,False,False,False,False,False,False,6.4288054,4.033045,2.549277,0.34603444,-0.5836968,-0.9387549,-1.2896804,-0.44161347,1.4089732,2.911259,5.08668,6.121312,6.453612,6.428941,2.3957605,1.4837676,2.2032425,0.9297312,0.35505816,0.3509254,3.6870103,1.2847893,0.7059835,-17.62142,-3.5158489,14.105571,-0.8927022,0.21464676,6.0,5.0,,0.4636533450672478,1.9011243228009131,119.25151486048536,226.7119554321233,257.1997293434586,True,,primer-uds-north-grizli-v7.2-f444w-clear_drc_sci.fits,0.0399999999999996,False,False,False
467,high_recall,untested,0.80822885,0.038990118,99.7215,primer-uds-north,59600,128086,34.46960875285546,-5.121983478805649,122517,1,27.352139959862743,6.846367510350362,0.1009529267037003,5.961031436920166,False,0,False,,,0,0,0,0,,,,,False,False,False,False,False,False,False,False,False,False,4.207644,4.9806366,4.905128,6.409683,4.205641,3.565689,3.4450817,1.6928715,0.9623659,1.1691278,-0.27797025,2.2496688,2.8487396,2.6221569,-0.77299255,0.075508334,-1.504555,2.2040424,0.6399516,0.1206072,-1.4290466,2.8439941,0.7605588,5.117432,-3.4259195,-8.543352,-0.9958811,0.11146788,6.0,3.0,,0.4790272363462616,1.7873868772441448,1.7118118548721803,3.0596700457094936,3.5735167543475725,True,,primer-uds-north-grizli-v7.2-f444w-clear_drc_sci.fits,0.0399999999999996,False,False,False
468,high_recall,untested,0.8081698,0.036139306,99.72128,primer-cosmos-east,84746,409125,150.1522763962271,2.49136560198877,380505,1,27.764408156061062,18.964097177770565,0.1302652770556103,7.9188127517700195,False,0,False,,,0,0,0,0,,,,,False,False,False,False,False,False,False,False,False,False,5.7996836,4.998421,4.5523047,5.3207994,4.7791424,4.119864,3.8494875,0.008556731,0.9268205,2.7554924,0.8470581,1.6724328,2.3544955,3.6363893,0.80126226,0.44611686,-0.7684948,0.54165685,0.65927845,0.27037653,-0.32237795,1.2009352,0.92965496,-0.94612426,-3.888632,-2.942508,-0.88517135,0.22384907,5.0,3.0,,0.3854189881305018,2.2612617702669056,0.9597226712071186,2.1701841864590925,2.490076256653341,True,,primer-cosmos-east-grizli-v7.4-f444w-clear_drc_sci.fits,0.0399999999999996,False,False,False
469,high_recall,untested,0.8078856,0.0421873,99.72107,primer-uds-north,39226,147401,34.509754909243,-5.150523260339728,141039,1,27.545241217024007,8.661390287136033,0.0877257097814029,4.738203048706055,False,0,False,,,0,0,0,0,,,,,False,False,False,False,False,False,False,False,False,False,4.2147336,5.0666666,4.5384493,5.378677,3.9785628,3.5404224,3.635209,1.9345297,1.1344084,1.7759808,1.1339087,2.8605719,3.3661923,2.8553383,-0.8519333,0.52821726,-0.84022737,1.4001139,0.43814042,-0.09478677,-0.3120101,1.8382543,0.34335363,2.5765748,-1.8173043,-4.393879,-1.0568731,0.05047586,7.0,4.0,,0.5505845759046496,1.7845348822191662,1.609306218861316,2.87186308373025,2.922904653144544,True,,primer-uds-north-grizli-v7.2-f444w-clear_drc_sci.fits,0.0399999999999996,True,False,False
470,high_recall,untested,0.80781233,0.03417075,99.72085,primer-cosmos-east,79981,383132,150.1258573438639,2.4681599874876823,355794,2,25.7325733634814,31.62868492647001,0.1209933840462906,6.200706005096436,False,0,False,,,0,0,0,0,,,,,False,False,False,False,False,False,False,False,False,False,2.6643522,2.2938535,2.3835735,2.3378062,2.2699897,1.4881423,1.8322127,2.9711206,3.5443146,3.5506253,3.9240456,3.9955106,4.894936,4.1474614,0.37049857,-0.08972004,0.0457673,0.06781655,0.78184754,-0.34407052,-0.043952744,0.8496641,0.437777,-0.33500174,-1.8415365,-1.5065348,-0.91723835,0.19178203,7.0,7.0,,0.4569484241992701,1.9433886563729057,6.925848670395807,13.45961574180258,15.156740462629369,True,,primer-cosmos-east-grizli-v7.4-f444w-clear_drc_sci.fits,0.0399999999999996,False,False,False
471,high_recall,untested,0.80780274,0.029135855,99.720634,primer-cosmos-east,42977,408562,150.15162212724675,2.325441803932048,379968,2,26.59281608814362,30.068775587140184,0.1245972949667197,5.152268409729004,False,0,False,,,0,0,0,0,,,,,False,False,False,False,False,False,False,False,False,False,3.8361835,3.5427914,3.7638228,3.7819426,2.8211296,3.12507,2.6910605,2.5482514,2.8960402,2.8958063,3.382226,4.277208,4.032399,4.096911,0.29339224,-0.22103141,-0.018119896,0.9608129,-0.3039405,0.43400964,-0.2391513,0.65687245,0.13006914,0.32551256,-0.40446138,-0.729974,-0.90449136,0.20452902,7.0,7.0,,0.4242466326047175,2.028767944020664,3.02038980632374,6.127670017516384,7.119419635176978,True,,primer-cosmos-east-grizli-v7.4-f444w-clear_drc_sci.fits,0.0399999999999996,False,False,False
472,high_recall,untested,0.8075585,0.034515094,99.72042,primer-cosmos-east,28764,427834,150.175423383411,2.2780870023000963,398330,2,27.096320046216345,11.632953803197353,0.1085880435942083,5.546887874603272,False,0,False,,,0,0,0,0,,,,,False,False,False,False,False,False,False,False,False,False,3.4366071,3.8835886,3.678618,3.9859662,3.2658017,2.987656,3.191898,2.3003488,2.0668225,2.4357426,2.2053154,3.3432364,3.5768094,3.1488314,-0.4469815,0.20497048,-0.30734816,0.7201646,0.2781455,-0.20424187,-0.10237768,0.99831,0.07390361,1.2879328,-0.6652235,-1.9531561,-0.964218,0.1448024,7.0,7.0,,0.5017464070972131,1.7745492387072133,2.311353707784562,4.101610962532189,4.606617357076039,True,,primer-cosmos-east-grizli-v7.4-f444w-clear_drc_sci.fits,0.0399999999999996,True,False,False
473,high_recall,secure low-z,0.806864,0.03481993,99.71999,primer-uds-north,46886,35305,34.28483269607543,-5.140828725442354,33733,1,21.73151561888984,854.3879439134274,0.1169372623312105,2.1947667598724365,False,0,False,,,3,0,3,0,3.0,2.1755543,G140M;G395M;PRISM,excels-uds02-v4_g140m-f100lp_3543_114929.spec.fits;rubies-uds22-v4_g395m-f290lp_4233_146886.spec.fits;rubies-uds22-v4_prism-clear_4233_146886.spec.fits,False,False,False,False,False,False,False,False,False,False,4.0013676,2.4734032,0.65213454,-0.44710013,-1.2918763,-1.8579221,-2.1684847,2.1020162,3.544654,5.3490095,6.393583,7.031183,7.388791,7.443533,1.5279642,1.8212688,1.0992347,0.8447762,0.56604576,0.3105625,2.9205034,1.410822,0.87660825,-9.484389,-4.392779,5.0916104,-0.93204707,0.1753019,7.0,7.0,,0.5031701876173325,1.779856671172306,306.9452917049949,546.3186251260646,610.02280989356,True,,primer-uds-north-grizli-v7.2-f444w-clear_drc_sci.fits,0.0399999999999996,True,False,False
474,high_recall,untested,0.8067453,0.032179903,99.71978,primer-uds-south,19486,141644,34.49700523563342,-5.287915917232205,135548,2,23.83412988137361,92.73701405273704,0.4348077763288305,2.483985185623169,False,0,False,,,0,0,0,0,,,,,False,False,False,False,False,False,False,False,False,False,2.554348,2.6948647,1.9058033,1.4699043,0.69964135,-0.034185737,-0.06588104,2.1600163,2.45552,3.3139925,3.8525305,4.8490286,5.5211067,5.222944,-0.14051668,0.7890613,0.43589905,0.77026296,0.73382705,0.03169531,1.2249604,1.5040901,0.76552236,-3.8849926,-3.3164568,0.5685357,-0.3617027,0.7489956,7.0,7.0,,0.2555051645548545,2.890396642673661,8.203528339381226,23.711450770225728,32.107094013827684,True,,primer-uds-south-grizli-v7.2-f444w-clear_drc_sci.fits,0.0399999999999996,False,False,False
475,high_recall,untested,0.80626357,0.034730475,99.71957,primer-uds-north,61931,126676,34.466512257863535,-5.118608634006504,121168,1,27.1617504087098,10.095404133593377,0.0794419754609155,4.7372331619262695,False,0,False,,,0,0,0,0,,,,,False,False,False,False,False,False,False,False,False,False,3.8957608,3.6498394,3.6888695,4.039846,2.969129,2.7338223,3.2567658,2.172929,2.3719604,2.5027359,2.3884926,3.5546415,3.8526692,3.0076714,0.24592133,-0.039029866,-0.35097674,1.0707171,0.23530668,-0.5229435,-0.3900066,1.3060237,-0.28763682,0.5797816,0.09960622,-0.48017535,-1.09995,0.007399001,7.0,7.0,,0.5989835876207408,1.5823653404974052,2.960929265725951,4.685271845749177,4.943256087344962,True,,primer-uds-north-grizli-v7.2-f444w-clear_drc_sci.fits,0.0399999999999996,True,True,False
476,high_recall,untested,0.80613357,0.04160135,99.71935,primer-uds-north,83933,84965,34.37776752838288,-5.0849946092022735,81106,1,25.54956670135986,27.991333686210687,0.1237784742817151,5.719300270080566,False,0,False,,,0,0,0,0,,,,,False,False,False,False,False,False,False,False,False,False,2.9860952,2.98391,2.6558352,2.4299266,1.9889108,1.5185276,1.6493093,2.4262934,2.4631648,2.9312541,3.3069296,4.052189,4.552244,4.025361,0.0021849675,0.32807502,0.22590856,0.4410157,0.4703832,-0.1307816,0.55398357,0.9113989,0.3396016,-1.8340452,-1.8480744,-0.014029318,-0.9073549,0.19999409,7.0,7.0,,0.4139775307833325,2.133035700501318,7.84334791237799,16.730141108554733,18.94631309466658,True,,primer-uds-north-grizli-v7.2-f444w-clear_drc_sci.fits,0.0399999999999996,False,False,False
477,high_recall,untested,0.80549854,0.01892329,99.71914,primer-cosmos-west,58799,308817,150.06389133261777,2.2842198948246697,289435,1,25.93258711536821,26.01396345242385,0.1571461443591648,0.3943796455860138,False,0,False,,,0,0,0,0,,,,,False,False,False,False,False,False,False,False,False,False,2.8228302,3.6946175,3.429459,2.7035398,3.2335427,3.643698,2.0320659,2.7434375,2.1846874,2.6409924,3.3478365,3.1599884,2.7261665,3.9521499,-0.87178725,0.26515847,0.7259193,-0.5300028,-0.4101553,1.6116319,0.9910778,-0.94015807,1.2014766,-0.9318029,-6.697534,-5.765731,-0.8036963,0.3036527,7.0,7.0,,0.4085796066071906,2.2301289346131528,5.1848941672370525,11.56298250526232,12.690046403177,True,,primer-cosmos-west-grizli-v7.4-f444w-clear_drc_sci.fits,0.0399999999999996,False,False,False
478,high_recall,untested,0.8048785,0.047214653,99.718704,primer-cosmos-west,23816,378349,150.1210672900178,2.195953778888552,351411,1,26.29408020666955,28.32416726541392,0.0771799406231234,0.9332649111747742,False,0,False,,,0,0,0,0,,,,,False,False,False,False,False,False,False,False,False,False,6.6353273,5.0939436,4.0385942,3.0152495,2.5898197,2.313673,2.3930666,-1.0675602,1.1525259,2.3301945,3.4139125,4.1401377,4.288519,4.037174,1.5413839,1.0553491,1.0233449,0.42542973,0.27614665,-0.07939351,2.078694,0.7015764,0.19675313,-9.395056,-1.1029216,8.292134,-1.1124955,-0.005146594,6.0,5.0,,0.6352390812203398,1.4953067917323974,6.577519768654267,9.835409982822831,10.35440035587606,True,,primer-cosmos-west-grizli-v7.4-f444w-clear_drc_sci.fits,0.0399999999999996,True,True,False
479,high_recall,untested,0.80469406,0.034877084,99.71849,primer-cosmos-west,19500,326862,150.07924982105416,2.182294683832262,305495,1,25.290110686282308,33.15473678340776,0.1485762380017332,5.914392948150635,False,0,False,,,0,0,0,0,,,,,False,False,False,False,False,False,False,False,False,False,2.832344,2.2816076,2.5155716,2.6325219,1.8740753,1.4211512,1.389951,2.2978354,3.0135307,2.9897494,2.9033608,3.9736795,4.1489835,4.19456,0.5507366,-0.23396401,-0.11695042,0.7584467,0.45292404,0.031200195,-0.35091445,1.2113707,0.48412424,0.56804323,-2.30433,-2.8723733,-0.8280506,0.27929834,7.0,7.0,,0.4012054114680861,2.1099471291627627,8.573162651321901,18.088919924002063,21.368512004738637,True,,primer-cosmos-west-grizli-v7.4-f444w-clear_drc_sci.fits,0.0399999999999996,False,False,False
480,high_recall,secure z>3 (V untested),0.80453014,0.03548274,99.71828,ceers-full,3524,620558,215.04819262202471,52.884053014988936,580988,4,27.98178591873,12.266521917950255,0.1052283615682911,6.031346797943115,False,0,False,,,1,0,0,1,3.0,8.83315,G395M,rubies-egs52-v4_g395m-f290lp_4233_1473.spec.fits,False,False,False,False,False,False,False,False,False,False,4.5984855,4.235457,3.9714267,4.988736,4.3566446,4.0072,4.059736,2.0049236,3.0544982,3.3205657,2.287833,3.1529117,3.6945775,3.2016783,0.36302844,0.26403037,-1.0173095,0.63209134,0.34944528,-0.052536406,-0.7532792,0.9815366,0.2969089,0.39773986,-1.497873,-1.8956128,-0.9778672,0.12067448,7.0,7.0,,0.449817659178801,2.0130535561559992,0.9275770049099412,1.867262188342488,2.0621178070317434,True,,ceers-full-grizli-v7.4-f444w-clear_drc_sci.fits,0.0399999999999993,False,False,False
481,high_recall,untested,0.80424964,0.033211067,99.71806,primer-uds-north,49568,103612,34.41600568945183,-5.135923526186796,99026,1,27.61745445860014,9.358235020881809,0.0473314799687767,17.914907455444336,False,2,False,,,0,0,0,0,,,,,False,False,False,False,False,False,False,False,False,False,6.56097,7.080964,6.611558,7.175257,3.8084493,3.4416068,3.7060173,-1.1800566,-1.3817539,-0.98271626,-1.5233003,3.175317,3.5467665,2.9322464,-0.51999456,0.46940628,-0.5636992,3.366808,0.36684266,-0.26441064,-0.09429292,3.7336504,0.10243202,1.3170978,-1.0348351,-2.351933,-1.32485,-0.21750095,3.0,3.0,,0.720945828448888,1.1807139969569993,2.0113646041581346,2.374846341113384,2.789897000285829,True,,primer-uds-north-grizli-v7.2-f444w-clear_drc_sci.fits,0.0399999999999996,False,True,False
482,high_recall,untested,0.80421853,0.031980716,99.717636,gdn,8721,530857,189.32927616129697,62.15963713230397,496126,1,23.77211683815315,311.74141667297937,0.1388829864154793,2.702549934387207,False,0,False,,,0,0,0,0,,,,,False,False,False,False,False,False,False,False,False,False,3.8867736,3.1348557,2.1115994,1.2467628,0.6652039,0.16301318,-0.12789291,3.5893788,3.760332,4.5686316,5.5728307,5.864857,6.2365804,6.4353237,0.75191784,1.0232563,0.86483663,0.5815588,0.50219077,0.29090607,1.888093,1.0837495,0.79309684,-7.5750566,-3.972136,3.6029205,-0.85735095,0.24999802,7.0,7.0,,0.4284980368314331,2.040063279516711,38.11362389987829,77.7542045674522,88.94702104521383,True,,gdn-grizli-v7.4-f444w-clear_drc_sci.fits,0.0399999999999996,False,False,False
483,high_recall,untested,0.80336636,0.02320115,99.71721,primer-uds-north,66675,40620,34.294317186468675,-5.11195693601894,38788,1,22.79905944216289,406.8669631470004,0.2906374760440707,4.447788238525391,False,0,False,,,0,0,0,0,,,,,False,False,False,False,False,False,False,False,False,False,5.035274,3.34512,2.5957222,1.9203668,0.25305682,-0.4238514,-1.1009421,1.3374653,2.6507418,3.0690012,2.7369561,5.913298,6.258109,6.701635,1.6901538,0.7493978,0.67535543,1.66731,0.6769082,0.67709076,1.4247532,2.3442183,1.353999,-7.0027847,-6.742131,0.2606534,-0.5366484,0.5707006,7.0,6.0,,0.2629596755334573,2.87443634701148,29.874042002135408,85.87103216308563,113.60693209531448,True,,primer-uds-north-grizli-v7.2-f444w-clear_drc_sci.fits,0.0399999999999996,False,False,False
484,high_recall,untested,0.8033123,0.037482936,99.716995,ceers-full,29152,619447,215.04197799449105,52.92874221055286,579946,1,27.0433336338872,13.595557172539175,0.1131117822579209,6.515265941619873,False,0,False,,,0,0,0,0,,,,,False,False,False,False,False,False,False,False,False,False,4.607804,3.5723662,3.8280215,3.5735433,3.43035,2.7214775,3.1393206,2.0056953,3.335174,2.7633123,3.1695495,3.550665,4.384449,3.30424,1.0354378,-0.25565544,0.25447837,0.14319314,0.7088725,-0.41784295,-0.0011770941,0.8520657,0.29102957,-0.67618066,-2.732432,-2.056251,-0.94649214,0.15204953,7.0,7.0,,0.414934069669145,2.156479604684354,2.004674756428726,4.323040226264124,4.831309123464334,True,,ceers-full-grizli-v7.4-f444w-clear_drc_sci.fits,0.0399999999999993,False,False,False
485,high_recall,untested,0.803227,0.022490615,99.71678,primer-cosmos-west,48315,360114,150.10468172471266,2.2582141594857,334884,1,27.18015783160063,11.689514855684932,0.2849787431140103,16.720964431762695,False,2,False,,,0,0,0,0,,,,,False,False,False,False,False,False,False,False,False,False,7.582552,4.741157,7.0432644,6.6223955,4.2587967,3.9539354,3.2750025,-1.8663691,1.466739,-1.5947559,-0.8632156,2.7036371,3.0805166,3.153664,2.841395,-2.302107,0.42086872,2.363599,0.30486125,0.6789327,-1.8812383,2.6684601,0.983794,-1.5445158,-5.2265644,-3.6820486,-0.54518753,0.56216145,4.0,3.0,,0.1807708861229877,3.642657621551228,0.3611943101325932,1.3157072066654285,1.9980778867613351,True,,primer-cosmos-west-grizli-v7.4-f444w-clear_drc_sci.fits,0.0399999999999996,False,False,False
486,high_recall,untested,0.8024265,0.025907177,99.71592,ceers-full,33760,610168,215.001268409449,52.90942982295006,571219,1,27.929481757425904,8.19241910639863,0.0934958207601891,5.460255146026611,False,0,False,,,0,0,0,0,,,,,False,False,False,False,False,False,False,False,False,False,4.6102433,4.9652324,4.669951,6.224373,4.442929,3.8221362,4.0094023,2.0823445,2.0332484,2.015448,-0.11864183,2.6329908,3.4161868,2.8000607,-0.3549895,0.29528162,-1.554422,1.7814444,0.6207925,-0.18726642,-1.2591404,2.402237,0.4335261,2.5746713,-1.9222826,-4.4969535,-1.0292078,0.06933387,6.0,6.0,,0.7622916845707068,1.346174630447817,1.3988465177061986,1.8830916940263576,1.8350541479328544,True,,ceers-full-grizli-v7.4-f444w-clear_drc_sci.fits,0.0399999999999993,False,True,False
487,high_recall,untested,0.8015229,0.029046876,99.71549,primer-uds-north,48423,117603,34.446345737041995,-5.137747004918753,112463,1,24.67691570603857,63.43363517120466,0.2838526681458375,4.384126663208008,False,0,False,,,0,0,0,0,,,,,False,False,False,False,False,False,False,False,False,False,4.595479,3.79776,3.663408,2.804239,1.7739996,1.0527309,0.7768641,1.1044466,1.8461024,2.1490262,3.105892,4.281863,4.9667683,4.8432035,0.7977189,0.13435203,0.85916895,1.0302395,0.7212686,0.27586684,0.993521,1.751508,0.99713546,-5.0757484,-4.479266,0.59648234,-0.546907,0.560442,7.0,6.0,,0.3013790931368131,2.6244276161109825,6.493635354889364,17.04207595432629,21.546402861931547,True,,primer-uds-north-grizli-v7.2-f444w-clear_drc_sci.fits,0.0399999999999996,False,False,False
488,high_recall,untested,0.80095613,0.042567745,99.715065,primer-uds-south,73683,147236,34.509242827396434,-5.195107452880459,140883,1,26.79630847593142,9.477669672703565,0.0908443015383173,6.754941940307617,False,0,False,,,0,0,0,0,,,,,False,False,False,False,False,False,False,False,False,False,3.5496697,3.5455017,3.1698766,3.4357486,3.5664985,2.5688908,2.8937573,1.8948417,1.9300622,2.4768934,2.432421,2.678582,3.6355293,2.9448574,0.004167997,0.37562534,-0.26587197,-0.13075016,0.99760777,-0.3248665,0.10975336,0.8668576,0.6727413,-0.35065383,-2.4428358,-2.0921822,-1.0417023,0.06899599,7.0,7.0,,0.5811891031937962,1.5304086797255945,3.498799009787603,5.354592373194263,6.020069871511229,True,,primer-uds-south-grizli-v7.2-f444w-clear_drc_sci.fits,0.0399999999999996,True,True,False
489,high_recall,untested,0.8009376,0.0404758,99.71485,primer-uds-south,64652,96814,34.40219829402514,-5.212311301840913,92508,1,25.41072417188624,25.67296678157137,0.0969721368773916,2.305323600769043,False,0,False,,,0,0,0,0,,,,,False,False,False,False,False,False,False,False,False,False,2.67584,2.6387904,1.8203377,1.9811789,2.2296512,1.7842013,1.5105247,2.625473,2.7510014,3.6852388,3.7535448,3.788496,4.227239,3.9389648,0.037049457,0.8184527,-0.16084121,-0.24847227,0.44544986,0.27367643,0.65761155,0.1969776,0.7191263,-1.4581302,-3.5591788,-2.1010487,-1.013353,0.09734526,7.0,7.0,,0.5602894906152501,1.6561759570792918,12.421158361904888,20.571623838061274,22.169179629382832,True,,primer-uds-south-grizli-v7.2-f444w-clear_drc_sci.fits,0.0399999999999996,True,True,False
490,high_recall,untested,0.8008974,0.04731797,99.71464,primer-cosmos-east,27610,423647,150.1697315447605,2.273340517413469,394338,1,25.1663804710769,66.5019605367616,0.1596590414060383,4.990474700927734,False,1,False,,,0,0,0,0,,,,,False,False,False,False,False,False,False,False,False,False,3.80832,6.552083,4.3263016,3.4903183,2.1365302,1.5720236,1.2662534,1.0144497,-0.5502969,1.7995543,2.550508,4.2658277,4.718557,4.890435,-2.743763,2.2257814,0.83598316,1.3537884,0.5645064,0.30577034,3.0617647,1.9182947,0.87027675,-5.337984,-4.115136,1.2228476,-0.79680645,0.31221393,6.0,4.0,,0.415689430532448,2.066317068114586,9.26518958696367,19.144819382860565,22.28873025493114,True,,primer-cosmos-east-grizli-v7.4-f444w-clear_drc_sci.fits,0.0399999999999996,False,False,False
491,high_recall,untested,0.80067414,0.043856762,99.71442,primer-cosmos-west,70866,306513,150.06141885790203,2.310033370392388,287311,1,26.023044799255366,26.251451830588195,0.1354352757775415,5.829472541809082,False,0,False,,,0,0,0,0,,,,,False,False,False,False,False,False,False,False,False,False,2.7222762,2.4353452,2.5975008,2.772493,2.5610049,1.6445903,2.1224291,2.9383116,3.2883062,3.351474,3.289749,3.8520224,4.546628,3.961231,0.2869312,-0.16215567,-0.17499204,0.21148801,0.91641456,-0.477839,-0.3371477,1.1279025,0.43857554,0.56975114,-1.9969286,-2.5666797,-0.8682682,0.23908076,7.0,7.0,,0.3590788663350389,2.415737279120304,4.349609078064899,10.507512799481471,12.113241646492476,True,,primer-cosmos-west-grizli-v7.4-f444w-clear_drc_sci.fits,0.0399999999999996,False,False,False
492,high_recall,secure low-z,0.8006549,0.036555957,99.7142,gdn,54791,503282,189.2445370003772,62.24977834057295,470299,1,21.971101640827182,859.9447329902139,0.1189010642298162,1.6408365964889526,False,0,False,,,5,0,5,0,3.0,1.685942775,G140M;G235M;G395H;G395M;PRISM,jades-gdn10-v4_g140m-f070lp_1181_27839.spec.fits;jades-gdn10-v4_g235m-f170lp_1181_27839.spec.fits;jades-gdn10-v4_g395h-f290lp_1181_27839.spec.fits;jades-gdn10-v4_g395m-f290lp_1181_27839.spec.fits;jades-gdn10-v4_prism-clear_1181_27839.spec.fits,False,False,False,False,False,False,False,False,False,False,3.880085,2.2856157,1.2955462,0.24670683,-0.9029823,-1.523075,-1.9288987,2.739025,4.9631815,5.4444947,6.1308565,6.504991,7.20906,7.4500155,1.5944693,0.9900695,1.0488393,1.1496891,0.62009275,0.40582368,2.0389087,1.7697818,1.0259165,-8.656118,-5.1317706,3.5243475,-0.9248143,0.18253471,7.0,7.0,,0.5200602908250931,1.7285970824676091,247.39213252564588,427.6413185092716,475.6989466224194,True,,gdn-grizli-v7.4-f444w-clear_drc_sci.fits,0.0399999999999996,True,False,False
493,high_recall,untested,0.80052066,0.04087327,99.71399,gds,49587,252905,53.20988547645679,-27.779278577582662,238863,1,26.89080376037376,57.113888081351966,0.1143537646291505,7.76939058303833,False,0,False,,,0,0,0,0,,,,,False,False,False,False,False,False,False,False,False,False,6.0233116,4.01669,3.637257,3.7289531,3.8341575,3.617937,2.9877696,-1.2788634,3.8887663,4.1652465,4.1067195,4.321995,4.413648,4.738271,2.0066218,0.37943265,-0.0916961,-0.10520428,0.21622041,0.63016737,0.28773654,0.11101614,0.8463878,-2.3316295,-4.448425,-2.1167955,-0.9417495,0.16559944,6.0,6.0,,0.4342170912832706,2.016427982386061,2.508655732693782,5.058523617576949,5.7774228215655565,True,,gds-grizli-v7.2-f444w-clear_drc_sci.fits,0.0399999999999996,False,False,False
494,high_recall,untested,0.79992694,0.040487938,99.713776,primer-cosmos-east,25187,424315,150.1705781433356,2.2637313921327364,394985,1,24.515732241624143,143.14968996038846,0.1135925235063716,3.8637118339538574,False,0,False,,,0,0,0,0,,,,,False,False,False,False,False,False,False,False,False,False,2.7442632,2.625992,2.1534576,1.4115835,0.93550277,0.6489701,0.61569387,2.9065733,3.5628774,4.140856,4.8155603,5.505332,5.676336,5.65705,0.118271016,0.47253445,0.7418741,0.47608075,0.28653267,0.03327623,1.2144085,0.7626134,0.3198089,-5.067654,-1.6199902,3.447664,-0.94465023,0.16437015,7.0,7.0,,0.4721717530545622,1.890981571263351,23.600047681734846,44.62725524709697,49.98191342252471,True,,primer-cosmos-east-grizli-v7.4-f444w-clear_drc_sci.fits,0.0399999999999996,False,False,False
495,high_recall,untested,0.7994201,0.04215061,99.71356,primer-uds-north,44502,104810,34.41849701297544,-5.143248766545703,100179,1,25.737812246425328,41.42045776544497,0.0998175780177896,5.162732124328613,False,0,False,,,0,0,0,0,,,,,False,False,False,False,False,False,False,False,False,False,3.4613335,3.2155042,3.115341,2.9162872,1.9285783,2.7194107,1.8374481,2.7050824,2.9582093,3.225751,3.5905106,4.65191,4.015093,4.417068,0.24582954,0.10016308,0.19905376,0.9877089,-0.7908323,0.8819625,0.29921684,0.19687666,0.09113017,-1.4703155,-0.07470474,1.3956107,-1.000793,0.10655599,7.0,7.0,,0.5120778240372118,1.8600910015037135,8.83613534498031,16.436015843266787,17.25545401540021,True,,primer-uds-north-grizli-v7.2-f444w-clear_drc_sci.fits,0.0399999999999996,True,False,False
496,high_recall,untested,0.79905367,0.03671602,99.71335,primer-cosmos-west,65954,355440,150.1008848008539,2.2990292515100528,330739,1,22.31788113162569,682.1274306769179,0.1194213463249412,2.5084683895111084,False,0,False,,,0,0,0,0,,,,,False,False,False,False,False,False,False,False,False,False,5.498726,2.9967725,1.2309514,0.20052935,-0.6288034,-1.26169,-1.5821196,0.68738395,3.8075674,5.586713,6.363051,6.791503,7.1102834,7.2183642,2.5019531,1.7658212,1.0304221,0.8293327,0.63288665,0.32042953,2.7962432,1.4622194,0.9533162,-9.139169,-4.780933,4.3582363,-0.922918,0.18443093,6.0,6.0,,0.5020812352790939,1.788880726607901,177.9766015431657,318.3789122877432,354.4777000961471,True,,primer-cosmos-west-grizli-v7.4-f444w-clear_drc_sci.fits,0.0399999999999996,True,False,False
497,high_recall,untested,0.7985783,0.037122756,99.71292,gdn,71610,477469,189.1414460815492,62.281530305281855,445964,2,27.317019374098056,11.605697399838558,0.0573357535814595,1.1579039096832275,True,12,False,,,0,0,0,0,,,,,False,False,False,False,False,False,False,False,False,False,6.3506646,5.7326856,6.3765974,5.6510057,7.1064873,5.946406,3.4103994,-1.0960038,0.6795288,-0.5577873,0.840622,-0.96669734,1.0976064,3.1464942,0.6179791,-0.643912,0.7255919,-1.4554818,1.1600814,2.5360067,0.08167987,-0.2954004,3.696088,-1.4492016,-20.335175,-18.885973,-1.2415745,-0.1342255,2.0,1.0,,0.9111316586827992,1.075816320657193,2.910989009648659,3.131689485833746,3.194915884996253,True,,gdn-grizli-v7.4-f444w-clear_drc_sci.fits,0.0399999999999996,False,True,False
498,high_recall,untested,0.7982295,0.032305963,99.71271,primer-uds-south,45083,34464,34.28318055276759,-5.246414583824912,32920,1,27.48392474153374,9.57507782864236,0.092740619449579,5.640036106109619,False,0,False,,,0,0,0,0,,,,,False,False,False,False,False,False,False,False,False,False,4.0849977,3.8491762,4.1730843,4.9707036,4.2060313,3.6220682,3.5749512,2.2136166,2.4802408,2.3586955,1.7472793,2.8009837,3.3846905,2.9550266,0.23582155,-0.3239081,-0.79761946,0.7646725,0.583963,0.047117088,-1.1215276,1.3486356,0.6310801,2.1864853,-3.0390291,-5.2255144,-1.03273,0.07796829,7.0,6.0,,0.6351642706214797,1.6098334302794943,2.233830351978465,3.5960947781879438,3.5169332648273217,True,,primer-uds-south-grizli-v7.2-f444w-clear_drc_sci.fits,0.0399999999999996,True,True,False
499,high_recall,untested,0.7982224,0.04457039,99.712494,primer-uds-north,63544,105675,34.42030433440422,-5.116162685145891,101010,1,27.05580949426728,11.10276246069003,0.0992373943012154,5.716752052307129,False,0,False,,,0,0,0,0,,,,,False,False,False,False,False,False,False,False,False,False,3.269737,3.103275,3.3406918,3.1247177,3.38634,2.6550674,3.1517036,2.8560336,2.9988456,2.944815,3.316985,3.2211297,3.9561467,3.102363,0.16646178,-0.2374167,0.21597414,-0.26162213,0.7312723,-0.49663618,-0.021442555,0.46965018,0.23463613,-0.24058455,-1.9452783,-1.7046937,-1.0033246,0.10402432,7.0,7.0,,0.4206704037801783,2.078082479875889,2.187270622358372,4.5453287590701645,5.199487776423968,True,,primer-uds-north-grizli-v7.2-f444w-clear_drc_sci.fits,0.0399999999999996,False,False,False
500,high_recall,untested,0.7981088,0.03799509,99.71227,primer-cosmos-west,18350,341261,150.09034846812892,2.17770956630738,318234,1,27.52613106180916,26.193071013147726,0.0735793808062648,1.167343258857727,True,7,False,,,0,0,0,0,,,,,False,False,False,False,False,False,False,False,False,False,6.026695,5.229317,5.1989927,5.02222,7.11746,5.6820683,3.6164415,-0.58109754,1.6055036,2.2012293,2.7079847,-1.8831651,2.3427975,3.9590063,0.7973776,0.030324109,0.17677277,-2.0952399,1.4353918,2.0656266,0.20709689,-0.6598481,3.5010185,-2.0343184,-18.528513,-16.494194,-1.1332439,-0.025894905,5.0,4.0,,0.6297373801811559,1.5058923330944505,2.2461515899423348,3.382462458262072,3.566806831914896,True,,primer-cosmos-west-grizli-v7.4-f444w-clear_drc_sci.fits,0.0399999999999996,True,True,False
501,high_recall,untested,0.79808146,0.03816215,99.71206,primer-uds-north,15029,130677,34.475090332869755,-5.184010996851458,124998,1,27.36615614581441,6.040690471326424,0.0919925843552226,5.867803573608398,False,0,False,,,0,0,0,0,,,,,False,False,False,False,False,False,False,False,False,False,4.3378153,4.2088532,5.993103,5.1818233,4.68457,3.9015846,3.4589152,1.0828612,1.2278236,0.015756592,0.75103056,1.7143952,2.507391,2.4984474,0.12896232,-1.7842498,0.8112796,0.49725345,0.7829854,0.44266936,-0.9729702,1.2802389,1.2256547,3.0826411,-5.659001,-8.741642,-1.0362471,0.071101785,5.0,2.0,,0.338335470586226,2.5503263318921734,1.7082369709115526,4.356561728027457,5.048944374504186,True,,primer-uds-north-grizli-v7.2-f444w-clear_drc_sci.fits,0.0399999999999996,False,False,False
502,high_recall,untested,0.7979672,0.032465,99.71163,gdn,51486,476030,189.13342459784585,62.24429812818922,444581,1,26.26299948616245,35.912132019100554,0.0836174442184102,3.0340769290924072,False,0,False,,,0,0,0,0,,,,,False,False,False,False,False,False,False,False,False,False,4.60962,4.0927076,3.8061063,3.156837,2.9687667,2.885556,2.3620422,2.0859423,2.8814409,2.5035174,3.2757359,3.961197,4.305843,4.274416,0.51691234,0.28660154,0.6492692,0.18807039,0.083210744,0.52351373,0.93587077,0.27128112,0.60672444,-4.089575,-3.2748303,0.81474465,-1.0777031,0.029645855,7.0,7.0,,0.6117571246076808,1.5096881437977834,6.428429384406222,9.704923624879356,10.508139792452384,True,,gdn-grizli-v7.4-f444w-clear_drc_sci.fits,0.0399999999999996,True,True,False
503,high_recall,untested,0.79789186,0.026108533,99.71142,primer-cosmos-west,18147,339902,150.08917588165085,2.1766890652296174,317014,1,23.18860579494943,98.59410986340494,0.2917561113429798,3.481030941009521,False,0,False,,,0,0,0,0,,,,,False,False,False,False,False,False,False,False,False,False,3.3655846,4.619681,2.1477,1.4334956,0.37219992,-0.12954202,-0.7113975,1.254764,0.6626798,2.7385345,3.3467767,4.8032284,4.976604,5.2841845,-1.2540962,2.4719808,0.71420443,1.0612956,0.50174195,0.58185554,3.1861851,1.5630376,1.0835974,-6.025165,-5.4994817,0.5256831,-0.53498006,0.5723689,6.0,5.0,,0.2624019855281058,2.8571332714607776,20.95174449820616,59.86192630097011,79.84598308598554,True,,primer-cosmos-west-grizli-v7.4-f444w-clear_drc_sci.fits,0.0399999999999996,False,False,False
504,high_recall,untested,0.7968543,0.025553653,99.71078,primer-cosmos-east,20132,411477,150.15503804444086,2.2430337432191783,382753,1,25.823780582494773,31.40473499984921,0.2273145005485597,5.251537322998047,False,0,False,,,0,0,0,0,,,,,False,False,False,False,False,False,False,False,False,False,7.425293,6.791402,5.0295615,4.490699,3.3679078,2.8390474,1.923354,-0.86909837,-0.6103465,0.9061936,1.4871242,3.0629106,3.5684128,4.1403594,0.63389117,1.76184,0.53886306,1.1227908,0.5288604,0.9156934,2.300703,1.6516513,1.4445539,-8.648078,-7.9907527,0.65732574,-0.64337283,0.46564755,5.0,3.0,,0.317679491070875,2.543556129983125,2.929764241054289,7.452019794738993,9.222390249928509,True,,primer-cosmos-east-grizli-v7.4-f444w-clear_drc_sci.fits,0.0399999999999996,False,False,False
505,high_recall,untested,0.79646176,0.039338972,99.71035,primer-uds-north,83176,65264,34.3367114796639,-5.086389739120654,62232,1,27.81038067413224,16.00797559867395,0.1033705097346794,6.594462394714356,False,0,False,,,0,0,0,0,,,,,False,False,False,False,False,False,False,False,False,False,4.9467745,4.2047524,4.198141,4.851466,4.4645505,3.4940155,3.8941703,2.2436028,2.8373604,2.9886687,1.1261585,3.0463014,4.0653105,3.4672084,0.7420218,0.0066114697,-0.65332496,0.38691565,0.97053504,-0.40015492,-0.6467135,1.3574506,0.5703801,-2.5311108,-1.2725681,1.2585428,-0.98560333,0.12174562,7.0,6.0,,0.4750713775853536,1.851405681409797,1.207559404936656,2.2356823429395587,2.541848366185142,True,,primer-uds-north-grizli-v7.2-f444w-clear_drc_sci.fits,0.0399999999999996,False,False,False
506,high_recall,untested,0.7962426,0.043706764,99.71013,primer-uds-north,36081,42009,34.29675817009152,-5.154724953337476,40119,1,26.854320561630875,37.4954797671264,0.1041395856789992,6.138802528381348,False,0,False,,,0,0,0,0,,,,,False,False,False,False,False,False,False,False,False,False,3.9826589,3.316424,3.4750383,3.5595927,3.018877,2.593904,2.9514828,3.3316905,3.6867533,3.7024846,2.686776,4.2966366,4.746421,4.3175454,0.6662349,-0.15861425,-0.08455457,0.5407158,0.42497295,-0.35757878,-0.24316882,0.96568877,0.06739416,-1.298303,-0.42626727,0.87203574,-0.98238415,0.12496481,7.0,7.0,,0.4929696335260896,1.830660324891028,2.909112510688343,5.325596853961276,5.901200221766566,True,,primer-uds-north-grizli-v7.2-f444w-clear_drc_sci.fits,0.0399999999999996,False,False,False
507,high_recall,untested,0.79584277,0.03600595,99.7097,ceers-full,8207,569400,214.84323829575925,52.74747626782457,532601,1,22.45024625741425,606.3383206782285,0.1174445379304766,1.7293425798416138,False,0,False,,,0,0,0,0,,,,,False,False,False,False,False,False,False,False,False,False,4.162692,1.8664013,0.7381526,-0.09740798,-0.84028107,-1.1819605,-1.4497546,1.892869,4.7731414,5.5700502,6.3388534,6.8861055,7.1185784,7.100586,2.2962906,1.1282487,0.8355606,0.7428731,0.34167942,0.26779407,1.9638093,1.0845525,0.6094735,-7.8769097,-3.0428638,4.834046,-0.9301672,0.16837451,7.0,7.0,,0.479952482153617,1.8553756054334976,155.9191266800874,289.2885440627294,324.86367396300454,True,,ceers-full-grizli-v7.4-f444w-clear_drc_sci.fits,0.0399999999999993,False,False,False
508,high_recall,untested,0.79506034,0.028840035,99.70949,primer-cosmos-east,62817,442935,150.19853320387153,2.397117244578616,412810,1,24.02589183083361,104.6775326998703,0.1822454076576257,5.177596569061279,False,0,False,,,0,0,0,0,,,,,False,False,False,False,False,False,False,False,False,False,2.5618823,1.9956856,2.4021025,2.2761023,0.83444417,1.2576363,0.12587628,2.7780337,3.3459828,3.2016616,3.4367754,5.0116673,4.615112,5.3440547,0.56619674,-0.40641683,0.1260001,1.4416581,-0.42319214,1.13176,-0.28041673,1.018466,0.70856786,0.22673783,-3.8329546,-4.0596924,-0.7393434,0.369677,7.0,7.0,,0.4851214399123226,1.824856274472296,26.89926346310595,49.08728970933228,55.44851505216411,True,,primer-cosmos-east-grizli-v7.4-f444w-clear_drc_sci.fits,0.0399999999999996,False,False,False
509,high_recall,untested,0.7939616,0.038682558,99.70863,primer-cosmos-east,86158,400845,150.14367137811692,2.498845232584148,372675,1,27.84670508573805,15.688906734850326,0.1233253118224873,6.901012897491455,False,0,False,,,0,0,0,0,,,,,False,False,False,False,False,False,False,False,False,False,7.089423,6.5702095,4.572222,7.018084,5.206785,3.6395614,3.9293993,-0.89245385,-0.35026002,2.6053262,-0.5905096,1.1415901,2.3822207,3.4471152,0.51921374,1.997987,-2.4458616,1.8112988,1.5672237,-0.28983775,-0.44787455,3.3785224,1.277386,-7.080275,0.008697135,7.088972,-0.90894777,0.20007263,4.0,3.0,,0.4905332539966379,1.8647800809577728,1.0070355466305048,1.877899828172988,2.0529404243762177,True,,primer-cosmos-east-grizli-v7.4-f444w-clear_drc_sci.fits,0.0399999999999996,False,False,False
510,high_recall,untested,0.79388887,0.039117247,99.70842,primer-uds-south,69423,117318,34.445719175414965,-5.202749340162845,112191,1,26.588439678031865,11.75220339339667,0.1245099341126994,5.766590118408203,False,0,False,,,0,0,0,0,,,,,False,False,False,False,False,False,False,False,False,False,2.846442,3.344528,2.779846,3.3994923,2.8608632,2.3505292,2.6866982,2.7148013,2.2894895,3.017537,2.6342494,3.3684926,3.8818884,3.1589932,-0.4980861,0.5646821,-0.61964643,0.538629,0.510334,-0.33616892,-0.054964293,1.0489631,0.17416511,0.9271107,-1.5757531,-2.5028636,-0.904796,0.20590231,7.0,7.0,,0.3664132519474654,2.1448623002274028,2.6789395317402063,5.74595640621842,7.311251756048113,True,,primer-uds-south-grizli-v7.2-f444w-clear_drc_sci.fits,0.0399999999999996,False,False,False
511,high_recall,untested,0.79222757,0.054686975,99.70777,ceers-full,55722,551056,214.72573861188323,52.76284009275329,515177,1,24.99024825737192,89.52099466857102,0.110587547904409,5.422576904296875,False,0,False,,,0,0,0,0,,,,,False,False,False,False,False,False,False,False,False,False,1.758973,1.5220107,1.6540283,1.6565275,1.3009876,0.9311812,1.0901563,4.6886725,5.0311465,4.7751336,4.9547772,5.4490113,5.746329,5.1876516,0.23696233,-0.13201764,-0.0024991666,0.35553986,0.3698064,-0.15897515,-0.1345168,0.72534627,0.21083125,0.009958606,-1.2994585,-1.3094171,-0.95629376,0.1422479,7.0,7.0,,0.4664951356440658,1.915300219586198,15.54361514477431,29.77068949994959,33.31999405162937,True,,ceers-full-grizli-v7.4-f444w-clear_drc_sci.fits,0.0399999999999993,False,False,False
512,high_recall,untested,0.79217637,0.037215814,99.70756,primer-uds-south,58131,31014,34.27549727118619,-5.224236878541419,29589,1,26.901333507434337,10.340837486927244,0.022854711048516,17.79591178894043,False,2,False,,,0,0,0,0,,,,,False,False,False,False,False,False,False,False,False,False,6.788087,5.5651865,4.835693,6.361015,2.9474802,3.0948782,2.9982402,-1.0108993,0.41931605,1.2489246,-0.21152663,3.529908,3.430249,3.0315778,1.2229003,0.7294936,-1.5253217,3.4135344,-0.14739804,0.09663809,-0.7958281,3.2661364,-0.050759953,-3.556436,0.51772887,4.074165,-1.6410242,-0.53032595,4.0,3.0,,0.871036133651801,1.083525649585822,5.717846958705778,6.195433840163995,6.564419933687277,True,,primer-uds-south-grizli-v7.2-f444w-clear_drc_sci.fits,0.0399999999999996,False,True,False
513,high_recall,untested,0.79185945,0.034296654,99.70692,gds-sw,31902,168202,53.06353364888105,-27.8706911733394,160295,1,26.400530274055825,61.54730038389038,0.0832626301721194,3.5685572624206543,False,0,False,,,0,0,0,0,,,,,False,False,False,False,False,False,False,False,False,False,3.9866412,4.08486,3.83027,3.2992766,2.822374,3.0073812,2.4992974,3.0877478,3.156836,3.4335132,4.1171436,4.767819,4.6538053,4.8130193,-0.09821867,0.25458992,0.5309933,0.4769025,-0.18500704,0.50808376,0.7855832,0.29189548,0.3230767,-2.554183,-1.5910124,0.9631707,-1.0795499,0.027799092,7.0,7.0,,0.5997235414217857,1.557012671358089,5.518251772026662,8.591987932789742,9.20132592918455,True,,gds-sw-grizli-v7.0-f444w-clear_drc_sci.fits,0.0399999999999996,True,True,False
514,high_recall,untested,0.79180074,0.031040601,99.7067,gdn,83125,535673,189.3456235214117,62.30379280483789,500628,1,28.1113784797211,13.462612864532852,0.0773058290538259,4.217654228210449,False,0,False,,,0,0,0,0,,,,,False,False,False,False,False,False,False,False,False,False,5.4577937,5.745083,5.624125,5.202166,4.3157163,3.4907506,4.1836042,1.2162932,0.90699774,1.2291316,1.9444833,3.3112142,4.0416937,3.29444,-0.28728876,0.12095773,0.4219589,0.8864496,0.824966,-0.69285375,0.54291666,1.7114155,0.13211225,-0.76751083,-1.0027878,-0.23527694,-1.1117878,-0.004438792,7.0,4.0,,0.6376936495470894,1.4970711850948415,1.25631472900301,1.880792580200641,1.9700913281718977,True,,gdn-grizli-v7.4-f444w-clear_drc_sci.fits,0.0399999999999996,True,True,False
515,high_recall,untested,0.79154307,0.04624625,99.706276,primer-uds-north,81090,36122,34.28633925826284,-5.090261901857075,34504,1,26.42742405080571,10.953493502997512,0.1222504086062958,6.372220039367676,False,0,False,,,0,0,0,0,,,,,False,False,False,False,False,False,False,False,False,False,2.9722521,2.6605697,2.9183607,2.7511728,3.174004,2.0104654,2.5261288,2.4868321,2.742503,2.6760495,3.0318394,2.8654413,3.8451166,3.088883,0.31168255,-0.2577912,0.16718794,-0.42283118,1.1635386,-0.5156633,-0.09060324,0.7407074,0.64787525,-0.25918472,-2.281827,-2.0226421,-0.9127497,0.19459929,7.0,7.0,,0.4282697391928857,2.0436302734320724,3.556940588255948,7.269071466959139,8.305374540258983,True,,primer-uds-north-grizli-v7.2-f444w-clear_drc_sci.fits,0.0399999999999996,False,False,False
516,high_recall,secure low-z,0.7915288,0.0365623,99.706055,primer-uds-south,37937,89316,34.38687792406338,-5.25736840630166,85280,1,22.96712339004993,460.03403423246993,0.124198375132889,2.362537384033203,False,0,False,,,2,0,2,0,3.0,2.5956419,G395M;PRISM,rubies-uds41-v4_g395m-f290lp_4233_37937.spec.fits;rubies-uds41-v4_prism-clear_4233_37937.spec.fits,False,False,False,False,False,False,False,False,False,False,3.3370554,2.3319972,1.2379892,0.40698168,-0.12967841,-0.6913701,-0.93287885,2.8172712,4.0234942,5.128667,5.9294615,6.440387,6.820729,6.824449,1.0050584,1.094008,0.83100754,0.5366601,0.56169176,0.24150868,1.9250154,1.0983518,0.8032004,-7.3651447,-4.0342803,3.3308642,-0.9058841,0.20481421,7.0,7.0,,0.4832333851737789,1.8394258488485768,91.2806436231482,167.9039753799538,188.8955656288568,True,,primer-uds-south-grizli-v7.2-f444w-clear_drc_sci.fits,0.0399999999999996,False,False,False
517,high_recall,untested,0.79130584,0.033487596,99.70584,primer-uds-south,48841,116742,34.44434079551378,-5.240367663844263,111633,2,24.521990619694503,66.82915766551073,0.2084265437745104,4.461606979370117,False,0,False,,,0,0,0,0,,,,,False,False,False,False,False,False,False,False,False,False,3.0955217,2.9154482,2.7233398,2.2888093,1.3619153,0.9027085,0.6219518,2.405454,2.5535612,2.9699504,3.575926,4.64908,5.0762587,4.895343,0.18007344,0.19210851,0.43453047,0.92689383,0.45920694,0.28075662,0.62663895,1.3861008,0.7399636,-2.5897954,-3.6336813,-1.043886,-0.68104696,0.42965132,7.0,7.0,,0.3294767256222303,2.477214107328345,10.963633654824704,27.159267957311577,33.27589720979359,True,,primer-uds-south-grizli-v7.2-f444w-clear_drc_sci.fits,0.0399999999999996,False,False,False
518,high_recall,untested,0.7910516,0.040944807,99.70563,primer-uds-north,60706,137438,34.48877356587128,-5.135722214940955,131496,1,19.398853199432985,2951.7075813888155,0.1479430304324824,2.424661159515381,True,14,False,,,0,0,0,0,,,,,False,False,False,False,False,False,False,False,False,False,-2.2181003,-2.3964503,-2.6809285,-2.9184332,-3.5964532,-4.070342,-4.501147,7.2778325,7.414594,7.6784496,7.8671684,8.263157,8.49635,8.683287,0.17834996,0.28447825,0.23750478,0.67801994,0.4738888,0.43080488,0.521983,1.1519088,0.90469366,-2.0819545,-4.5095463,-2.4275918,-0.8299055,0.27744347,7.0,7.0,,0.4585568471639615,1.8979002601733936,2128.550014333905,4039.7756259964,4641.845449475583,True,,primer-uds-north-grizli-v7.2-f444w-clear_drc_sci.fits,0.0399999999999996,False,False,False
519,high_recall,untested,0.7907138,0.039566737,99.7052,primer-cosmos-east,17041,399072,150.1419329515744,2.2292016548538784,370982,1,27.70808659917529,10.718960858290073,0.1034490958244086,6.454916000366211,False,0,False,,,0,0,0,0,,,,,False,False,False,False,False,False,False,False,False,False,3.8971426,4.2546086,4.2228117,4.358451,4.1806135,3.3332565,3.7946095,2.1186678,2.2091691,2.3863506,2.343219,2.9914675,3.7234232,3.0673301,-0.35746586,0.0317969,-0.13563932,0.17783748,0.84735703,-0.461353,-0.10384242,1.0251945,0.38600406,1.0915816,-1.8960848,-2.9876664,-0.9852733,0.1237471,7.0,7.0,,0.4233549949492471,2.0325469453328178,1.1100435111503475,2.2562155477751547,2.622015859960321,True,,primer-cosmos-east-grizli-v7.4-f444w-clear_drc_sci.fits,0.0399999999999996,False,False,False
520,high_recall,untested,0.7905009,0.035734523,99.70477,primer-cosmos-west,30037,324374,150.07730261747727,2.2127932429794304,303309,1,28.076574257795684,16.282053874665483,0.0792769226931489,6.6773295402526855,False,0,False,,,0,0,0,0,,,,,False,False,False,False,False,False,False,False,False,False,5.3978977,4.6779156,5.251967,5.2760715,4.6481977,3.6900525,4.1504645,0.9419677,2.3699696,2.1349525,2.387437,3.194055,4.244904,3.4841523,0.7199824,-0.5740513,-0.0241047,0.627874,0.9581451,-0.4604123,-0.59815603,1.586019,0.4977328,1.3925048,-1.4364749,-2.8289797,-1.1008532,0.00649575,7.0,6.0,,0.656397676694093,1.4955051386382352,1.4761090188106356,2.207528622821549,2.248802930328713,True,,primer-cosmos-west-grizli-v7.4-f444w-clear_drc_sci.fits,0.0399999999999996,True,True,False
521,high_recall,untested,0.79043996,0.034401413,99.704346,primer-uds-north,79988,75155,34.356682540469066,-5.092183830448461,71696,2,25.09026178184808,36.75147582247451,0.1226323515867835,2.2767410278320312,False,0,False,,,0,0,0,0,,,,,False,False,False,False,False,False,False,False,False,False,2.529058,2.2512696,1.2897301,1.8475801,2.0270014,1.5884005,1.1901513,2.8912413,3.1119182,4.169347,3.888611,3.8530405,4.320186,4.2975106,0.27778846,0.9615394,-0.55785,-0.17942125,0.4386009,0.39824915,0.40368938,0.25917965,0.83685005,-0.5571279,-4.1852727,-3.6281447,-0.91139495,0.19595402,7.0,7.0,,0.455578717766371,1.954066183288541,12.54841832961456,24.5204399116579,27.5439080893362,True,,primer-uds-north-grizli-v7.2-f444w-clear_drc_sci.fits,0.0399999999999996,False,False,False
522,high_recall,untested,0.7901434,0.03651154,99.7037,primer-cosmos-west,50351,345378,150.0933359136681,2.262073031633668,321852,1,27.126823585795403,1.896867024409076,0.0,0.98165100812912,True,20,False,,,0,0,0,0,,,,,False,False,False,False,False,False,False,False,False,False,8.866851,9.12984,9.694573,10.511588,9.458682,4.57734,3.2221477,-1.2753419,-1.3841938,-2.3211985,-2.9753442,-1.5496479,0.83323026,1.3965383,-0.26298943,-0.5647338,-0.817014,1.0529059,4.881342,1.3551923,-1.3817478,5.9342475,6.236534,5.7148523,-31.466051,-37.1809,-2.39794,-1.290591,1.0,0.0,,0.5513275994192254,1.8137930025519768,0.2668427365006267,0.4839974882466576,0.4840003235494139,True,,primer-cosmos-west-grizli-v7.4-f444w-clear_drc_sci.fits,0.0399999999999996,True,False,False
523,high_recall,untested,0.79013383,0.04348225,99.70348,ceers-full,17342,630050,215.1500215863162,52.98466007414349,590029,1,26.48011590192249,22.78872331997145,0.1220216045735461,7.322107315063477,False,0,False,,,0,0,0,0,,,,,False,False,False,False,False,False,False,False,False,False,5.468252,3.0109372,2.9403465,3.31146,3.3754237,3.2965074,2.5786889,0.5719258,3.825122,3.5636997,3.4019704,3.6204214,3.809415,3.819894,2.4573152,0.07059078,-0.37111363,-0.063963726,0.078916326,0.71781856,-0.30052283,0.014952603,0.7967349,0.8464188,-4.141276,-4.9876947,-0.91356325,0.18497841,6.0,6.0,,0.4880989285113048,1.761065619234985,3.775619449116671,6.649113603154302,7.735356970834292,True,,ceers-full-grizli-v7.4-f444w-clear_drc_sci.fits,0.0399999999999993,False,False,False
524,high_recall,secure z>3 (V untested),0.78988016,0.039301824,99.70327,ceers-full,69647,586907,214.908769634492,52.92416733872113,549179,1,26.512761657685843,37.43398062877468,0.1376577276085701,6.847122669219971,False,0,False,,,3,0,0,3,3.0,6.820664099999999,G140H;G395M,egs-mason-v4_g140h-f100lp_4287_92570.spec.fits;egs-mason-v4_g395m-f290lp_4287_92570.spec.fits;rubies-egs61-v4_g395m-f290lp_4233_988636.spec.fits,False,False,False,False,False,False,False,False,False,False,5.8114023,3.2451308,3.2890453,3.4179544,3.0786483,2.333196,2.6112463,-0.0005888269,3.3703492,3.2532306,3.5893974,4.019969,4.723641,4.3159046,2.5662713,-0.04391461,-0.12890911,0.33930615,0.7454524,-0.2780503,-0.17282371,1.0847585,0.46740207,0.4161947,-1.6457531,-2.0619478,-0.8611994,0.23734227,6.0,6.0,,0.3777776023608821,2.3138201887476,2.8384023003190086,6.56755254626575,7.513421342558973,True,,ceers-full-grizli-v7.4-f444w-clear_drc_sci.fits,0.0399999999999993,False,False,False
525,high_recall,untested,0.78966194,0.054937027,99.70306,primer-cosmos-west,97114,359757,150.10438186286717,2.4110304171587944,334565,1,26.739230297682063,18.61516361591755,0.1034968169270725,6.256343364715576,False,0,False,,,0,0,0,0,,,,,False,False,False,False,False,False,False,False,False,False,3.3025947,2.6429904,2.980815,3.0759304,3.0382442,2.2655303,2.836933,2.6339114,3.3132892,3.2167525,3.441393,3.7544065,4.524212,3.6178443,0.6596044,-0.33782455,-0.09511556,0.037686102,0.77271396,-0.57140267,-0.4329401,0.81040007,0.20131133,0.7583081,-1.9585482,-2.7168562,-0.98507303,0.122275956,7.0,7.0,,0.5077775895237423,1.6834318266250907,3.202444648130076,5.391097243667359,6.306786109118622,True,,primer-cosmos-west-grizli-v7.4-f444w-clear_drc_sci.fits,0.0399999999999996,True,True,False
526,high_recall,secure z>3 (V untested),0.78932464,0.041178796,99.70284,ceers-full,55793,583202,214.89607052448903,52.88609201912273,545670,1,26.995291886920004,27.007756957839987,0.1149413261929309,6.07913875579834,False,0,False,,,2,0,0,2,3.0,5.76193285,G235M;G395M,rubies-egs63-v4_g395m-f290lp_4233_51393.spec.fits;valentino-egs-v4_g235m-f170lp_3567_51393.spec.fits,False,False,False,False,False,False,False,False,False,False,3.8737576,3.416822,3.6512113,3.4277174,3.3629239,2.6276946,3.091617,3.1573231,3.287578,2.979771,3.7375417,4.0030074,4.677481,3.9896138,0.45693576,-0.23438926,0.22349383,0.06479354,0.73522913,-0.46392232,-0.010895433,0.80002266,0.2713068,-0.895983,-1.6562636,-0.7602806,-0.9395238,0.15901788,7.0,7.0,,0.437165972702389,2.0211436651789727,2.0986952056894594,4.241764520120732,4.800682891022251,True,,ceers-full-grizli-v7.4-f444w-clear_drc_sci.fits,0.0399999999999993,False,False,False
527,high_recall,untested,0.7892391,0.040904842,99.70263,ceers-full,5877,623909,215.07404551996208,52.90900979298045,584176,1,27.08588339447155,12.59443744710616,0.110265744153837,7.387871742248535,False,0,False,,,0,0,0,0,,,,,False,False,False,False,False,False,False,False,False,False,6.304521,3.7347198,3.5823262,3.811228,3.8915644,3.40287,3.181545,-1.08599,3.206878,3.0240638,3.0198438,3.0806928,3.731389,3.227975,2.5698016,0.15239352,-0.22890188,-0.08033634,0.48869455,0.22132474,-0.076508366,0.40835822,0.7100193,-1.0010132,-3.491038,-2.490025,-0.9575594,0.14098229,6.0,6.0,,0.4943038662872494,1.854621500472476,2.213089576186919,4.10444351046778,4.477184434768007,True,,ceers-full-grizli-v7.4-f444w-clear_drc_sci.fits,0.0399999999999993,False,False,False
528,high_recall,untested,0.78900087,0.042686813,99.702415,primer-uds-north,81738,35542,34.285272136131844,-5.089112537566796,33962,1,26.802474918850702,6.959055969331288,0.1099825967507683,5.68687105178833,False,0,False,,,0,0,0,0,,,,,False,False,False,False,False,False,False,False,False,False,2.9469635,3.3841965,3.5478895,3.5574162,3.132639,2.5253313,2.8998947,2.5180902,2.106979,2.1503391,2.3388493,2.800563,3.2801714,2.6383138,-0.43723285,-0.16369314,-0.009526659,0.4247773,0.60730773,-0.37456357,-0.1732198,1.0320851,0.23274416,1.8199806,-1.8165331,-3.6365137,-0.95867604,0.14867294,7.0,7.0,,0.4291359983033162,2.0466359713329125,2.610104637206116,5.341934039448878,6.0822318508019375,True,,primer-uds-north-grizli-v7.2-f444w-clear_drc_sci.fits,0.0399999999999996,False,False,False
529,high_recall,untested,0.7889552,0.039459903,99.7022,gds-sw,19839,205389,53.12559378005687,-27.888516031184928,194792,1,27.20115653077852,20.894689440842534,0.1369117537487799,8.279370307922363,False,0,False,,,0,0,0,0,,,,,False,False,False,False,False,False,False,False,False,False,5.176499,4.9948597,4.3776417,4.2367115,4.191766,4.02726,3.2957995,1.5645212,1.8739691,2.759494,3.0699546,3.3038206,3.4776812,3.7332144,0.1816396,0.61721796,0.14093,0.044945557,0.16450635,0.7314602,0.75814795,0.2094519,0.89596653,-2.6381798,-4.809474,-2.171294,-0.86355925,0.2437897,7.0,6.0,,0.3703981762551253,2.268469987575505,1.5130737156196927,3.432362312872627,4.084992347741766,True,,gds-sw-grizli-v7.0-f444w-clear_drc_sci.fits,0.0399999999999996,False,False,False
530,high_recall,untested,0.78869236,0.05969425,99.70177,primer-uds-south,9842,15049,34.23779942550932,-5.304123380536057,14255,1,25.80742000409981,16.857477672213943,0.1122229425217391,5.84749698638916,False,0,False,,,0,0,0,0,,,,,False,False,False,False,False,False,False,False,False,False,3.1830459,2.7659454,2.6332579,2.5887008,2.1313071,1.7670234,1.9070061,2.630425,2.9902515,3.2949965,3.5478194,3.7681677,4.1442375,3.51882,0.41710052,0.13268752,0.044557005,0.45739365,0.3642837,-0.13998261,0.17724453,0.8216774,0.22430111,-1.2365733,-1.5512937,-0.3147203,-0.9499183,0.16077995,7.0,7.0,,0.4357666370900672,2.1138294396240305,6.632203934947691,14.01934792728277,15.219623005643047,True,,primer-uds-south-grizli-v7.2-f444w-clear_drc_sci.fits,0.0399999999999996,False,False,False
531,high_recall,untested,0.7881198,0.03359308,99.70091,primer-uds-south,33173,18288,34.24480743815454,-5.265040048158179,17359,1,27.46889068280455,5.539934357262025,0.0817909647158989,6.610263347625732,False,2,False,,,0,0,0,0,,,,,False,False,False,False,False,False,False,False,False,False,4.563694,7.914134,6.1538844,4.7853913,3.8948946,3.129761,3.5601592,0.9692488,-1.3839508,-0.09944414,1.1668935,2.5290422,3.2723012,2.4131777,-3.3504398,1.7602497,1.3684931,0.89049655,0.76513356,-0.43039808,3.128743,1.6556301,0.33473545,-3.7959006,-2.4216106,1.37429,-1.0872947,0.023403628,5.0,3.0,,0.7710425483669623,1.2818238023121715,2.5189044975435824,3.228791740702545,3.266881319167824,True,,primer-uds-south-grizli-v7.2-f444w-clear_drc_sci.fits,0.0399999999999996,False,True,False
532,high_recall,untested,0.7874513,0.024783006,99.700485,ceers-full,67348,617607,215.0326440771579,53.00782749884082,578197,3,26.639228949850605,10.963379089461863,0.1605841164729523,6.988943576812744,False,0,False,,,0,0,0,0,,,,,False,False,False,False,False,False,False,False,False,False,4.6709294,3.5176244,3.607885,3.685061,3.6177058,2.9905372,2.737317,1.1678245,2.9960861,2.6646993,2.7886658,3.29646,3.6490119,3.0897813,1.153305,-0.090260565,-0.07717589,0.06735503,0.6271687,0.25322002,-0.16743645,0.69452375,0.88038874,0.362115,-4.629206,-4.991321,-0.7942974,0.30424428,7.0,6.0,,0.3838765596125257,2.14770837849584,2.2232074772277306,4.774801325976596,5.791464525658389,True,,ceers-full-grizli-v7.4-f444w-clear_drc_sci.fits,0.0399999999999993,False,False,False
533,high_recall,untested,0.7872684,0.048788924,99.70027,primer-uds-north,18583,55738,34.31942282110229,-5.17867232783799,53167,1,27.03900137496484,7.445509643918863,0.1079256074958504,7.461948394775391,False,0,False,,,0,0,0,0,,,,,False,False,False,False,False,False,False,False,False,False,7.278774,3.7390575,3.731075,4.1267366,4.0566964,3.6628776,3.13502,-1.3499329,1.9348327,1.9521875,1.9245836,2.2447567,2.6586185,2.7052379,3.5397162,0.0079825595,-0.39566138,0.0700399,0.39381903,0.5278574,-0.38767883,0.46385893,0.92167646,-4.3789935,-4.7529917,-0.3739983,-0.9668755,0.14047347,6.0,6.0,,0.4495302774334865,1.9063696913093224,2.3103840157821525,4.404446062972615,5.13955150912833,True,,primer-uds-north-grizli-v7.2-f444w-clear_drc_sci.fits,0.0399999999999996,False,False,False
534,high_recall,secure low-z,0.7865447,0.035117026,99.69962,primer-uds-south,42773,139576,34.49297271453231,-5.250042696790853,133555,1,23.754646883503405,244.8965010826804,0.1472777269190359,3.484741687774658,False,0,False,,,2,0,2,0,3.0,2.8106298,G395M;PRISM,rubies-uds33-v4_g395m-f290lp_4233_42773.spec.fits;rubies-uds33-v4_prism-clear_4233_42773.spec.fits,False,False,False,False,False,False,False,False,False,False,4.7118974,4.862852,2.7274992,1.7786416,0.7691563,0.3413986,-0.14536256,1.2287477,1.1602072,3.3211243,4.363925,5.6510653,6.0427504,6.193987,-0.15095459,2.1353528,0.94885755,1.0094854,0.42775768,0.48676115,3.0842102,1.437243,0.91451883,-8.1516,-4.5473757,3.604224,-0.8318629,0.27883536,7.0,5.0,,0.4146769949782411,2.101503575705852,37.13619222182155,78.04184074225782,89.55450307478513,True,,primer-uds-south-grizli-v7.2-f444w-clear_drc_sci.fits,0.0399999999999996,False,False,False
535,high_recall,untested,0.7863484,0.03942562,99.69941,primer-cosmos-west,20456,369933,150.11329812960724,2.185799897977787,343711,1,25.20457875927477,42.98277729833409,0.1270216221313739,3.841586351394653,False,0,False,,,0,0,0,0,,,,,False,False,False,False,False,False,False,False,False,False,2.2802105,2.294629,2.4051206,2.0003135,1.5767914,1.2333708,1.3044424,2.528541,3.2836664,3.1716359,3.1812072,4.7015963,4.3953285,4.454082,-0.014418596,-0.110491514,0.4048069,0.4235222,0.34342062,-0.07107163,0.2943154,0.76694286,0.272349,-0.9261823,-1.5171062,-0.5909238,-0.89612234,0.21122663,7.0,7.0,,0.4921530819376222,1.809991252296974,11.89930860322495,21.537644480219285,24.178063777182896,True,,primer-cosmos-west-grizli-v7.4-f444w-clear_drc_sci.fits,0.0399999999999996,False,False,False
536,high_recall,untested,0.7861253,0.029782277,99.699196,primer-cosmos-west,62308,364806,150.10869045725138,2.2914803594800524,339109,1,26.057254613460465,65.5589916709909,0.135754779823844,4.60708475112915,False,0,False,,,0,0,0,0,,,,,False,False,False,False,False,False,False,False,False,False,5.287934,5.832498,4.4364867,3.6843932,2.4697294,2.1927,2.156599,1.1256506,0.4742147,2.8230658,3.7704253,4.8992877,5.1904345,4.876156,-0.54456407,1.396011,0.7520936,1.2146637,0.27702954,0.036100917,2.1481047,1.4916933,0.31313047,-6.000692,-1.6078255,4.3928666,-0.8672449,0.2401041,6.0,5.0,,0.4119777195100328,2.102727471688883,4.608294301740637,9.689987025897375,11.18578525853608,True,,primer-cosmos-west-grizli-v7.4-f444w-clear_drc_sci.fits,0.0399999999999996,False,False,False
537,high_recall,untested,0.7858407,0.03401266,99.69898,primer-cosmos-west,56322,362351,150.10658752498986,2.278198359790391,336902,1,26.054364307383405,66.08599837703814,0.1307394230333721,6.846559524536133,False,0,False,,,0,0,0,0,,,,,False,False,False,False,False,False,False,False,False,False,4.0432744,2.7686112,2.655749,2.826841,2.6887577,1.9575512,2.1537123,2.5249164,3.9870121,4.4539037,4.525973,4.677685,5.3886714,4.8841615,1.2746632,0.11286211,-0.17109202,0.13808355,0.7312064,-0.196161,-0.05822991,0.86929,0.53504544,0.095507465,-2.2781103,-2.373618,-0.88359344,0.22375552,7.0,7.0,,0.407776848986995,2.135027432569588,4.696887787035329,10.027984273021492,11.518279663750906,True,,primer-cosmos-west-grizli-v7.4-f444w-clear_drc_sci.fits,0.0399999999999996,False,False,False
538,high_recall,untested,0.7857411,0.0393723,99.69877,ceers-full,30183,576007,214.87003661907795,52.80704060499517,538850,1,25.17500538537769,88.26121849833851,0.1564474247346013,6.821544170379639,False,0,False,,,0,0,0,0,,,,,False,False,False,False,False,False,False,False,False,False,4.436046,2.6032212,2.3357873,2.340763,2.0020442,0.879496,1.2748762,2.0641077,4.167923,3.9328465,4.161715,4.6733613,5.758579,5.17348,1.8328251,0.26743382,-0.0049756947,0.33871883,1.1225482,-0.39538023,0.26245812,1.461267,0.72716796,-1.367491,-1.8693874,-0.5018964,-0.8056316,0.2929101,7.0,7.0,,0.3968523147705724,2.136768529843124,9.233112445486316,19.72902410601804,23.265865164032483,True,,ceers-full-grizli-v7.4-f444w-clear_drc_sci.fits,0.0399999999999993,False,False,False
539,high_recall,untested,0.78556925,0.02260123,99.698555,primer-uds-north,19392,109293,34.427708959998704,-5.177581216011069,104472,2,26.10790049754084,26.174967405039474,0.1720137598833269,6.210525035858154,False,0,False,,,0,0,0,0,,,,,False,False,False,False,False,False,False,False,False,False,3.5142834,3.2013652,2.9642177,3.2619476,3.0799415,2.4216242,2.207181,2.2710001,2.595595,2.9984372,2.9290123,3.4868898,4.1358285,3.9583154,0.3129182,0.23714761,-0.29772994,0.18200615,0.6583172,0.2144434,-0.060582332,0.8403233,0.8727606,-0.32689634,-3.938323,-3.6114268,-0.76443684,0.34291217,7.0,7.0,,0.501220583324421,1.7193881898028696,4.400852943460661,7.566774576045456,8.780271780283526,True,,primer-uds-north-grizli-v7.2-f444w-clear_drc_sci.fits,0.0399999999999996,True,False,False
540,high_recall,secure low-z,0.7855638,0.043890417,99.69834,gds,34322,245652,53.18584703323615,-27.810026248109697,232075,1,21.89895728097704,1003.3167757254804,0.123758910287887,2.6572515964508057,False,0,False,,,6,0,5,0,3.0,2.5913347333333334,G140M;G235H;G235M;G395M;PRISM,jades-gds-w05-v4_g235h-f170lp_1212_4905.spec.fits;jades-gds-w05-v4_prism-clear_1212_4905.spec.fits;jades-gds-wide2-v4_g140m-f070lp_1180_5807.spec.fits;jades-gds-wide2-v4_g235m-f170lp_1180_5807.spec.fits;jades-gds-wide2-v4_g395m-f290lp_1180_5807.spec.fits;jades-gds-wide2-v4_prism-clear_1180_5807.spec.fits,False,False,False,False,False,False,False,False,False,False,0.5970426,0.2726601,-0.4748083,-0.8524526,-1.2636783,-1.6980574,-2.001043,6.143192,6.4354734,6.8407354,7.019892,7.2660556,7.4653335,7.604214,0.32438248,0.7474684,0.3776443,0.41122568,0.43437916,0.30298558,1.1251127,0.84560484,0.73736477,-4.442824,-3.6859396,0.75688404,-0.9074235,0.19992544,7.0,7.0,,0.4519194880505743,1.9561332749218152,235.9595364366487,461.568300758855,522.1273759502986,True,,gds-grizli-v7.2-f444w-clear_drc_sci.fits,0.0399999999999996,False,False,False
541,high_recall,untested,0.7854119,0.029044805,99.69813,primer-uds-north,63682,130741,34.475231662724426,-5.115954129114254,125061,1,27.698720130159515,5.336459403675963,0.0419150136751651,17.914907455444336,True,3,False,,,0,0,0,0,,,,,False,False,False,False,False,False,False,False,False,False,4.886561,6.1430135,6.4101176,7.4030304,3.9437988,3.4215813,3.7854695,1.0404215,-0.11896128,-0.4463702,-1.3615777,2.5593717,3.1133265,2.376375,-1.2564522,-0.2671045,-0.99291265,3.4592316,0.5222176,-0.36388817,-1.2600172,3.9814494,0.15832938,7.089833,-1.4623208,-8.552154,-1.3776304,-0.27028143,4.0,3.0,,0.9090601844412362,1.044269004584101,2.6927986536802373,2.812006169624069,2.9621786321390764,True,,primer-uds-north-grizli-v7.2-f444w-clear_drc_sci.fits,0.0399999999999996,False,True,False
542,high_recall,untested,0.7838217,0.039370954,99.697914,primer-uds-north,1479,78736,34.364184742936494,-5.209153286313188,75132,1,27.16165404984381,6.350133736221966,0.1026531124120057,7.977127552032471,False,0,False,,,0,0,0,0,,,,,False,False,False,False,False,False,False,False,False,False,8.089856,3.8806589,4.183469,6.295724,4.038773,4.196997,3.2566705,-1.8255507,1.6747923,1.1087725,-0.106994286,2.2712107,2.1513262,2.547766,4.209197,-0.30280995,-2.112255,2.2569506,-0.15822408,0.9403268,-2.415065,2.0987265,0.78210276,-14.561334,-4.169954,10.39138,-0.98862785,0.11872109,5.0,3.0,,0.4418380752712393,2.028622442319564,2.136073417789956,4.333286473770959,4.834516392636928,True,,primer-uds-north-grizli-v7.2-f444w-clear_drc_sci.fits,0.0399999999999996,False,False,False
543,high_recall,secure z>3 (V untested),0.78368616,0.040676262,99.6977,primer-uds-south,28904,79602,34.366116008087936,-5.2719041560456175,75966,2,26.484147497898924,12.09308586509304,0.127852906021447,5.553685665130615,False,0,False,,,2,0,0,2,3.0,5.52098535,G395M,rubies-uds41-v4_g395m-f290lp_4233_28904.spec.fits;rubies-uds42-v4_g395m-f290lp_4233_28904.spec.fits,False,False,False,False,False,False,False,False,False,False,3.283343,3.1084845,3.0946743,3.0221848,3.1810837,2.4317536,2.5827098,2.4501977,2.6177118,2.814295,3.0785244,3.1074462,3.842714,3.1874862,0.17485854,0.0138101615,0.072489515,-0.1588988,0.7493302,-0.15095626,0.08629968,0.5904314,0.59837395,-0.62718284,-2.9468927,-2.31971,-0.8932894,0.2174089,7.0,7.0,,0.3825188180437201,2.15449020518343,2.7414755602562995,5.906482242321952,7.166903772935327,True,,primer-uds-south-grizli-v7.2-f444w-clear_drc_sci.fits,0.0399999999999996,False,False,False
544,high_recall,untested,0.7834228,0.039117876,99.69748,gdn,39130,500134,189.23466874209103,62.22270179467501,467354,1,23.161065681095003,461.49210165573874,0.1149946244103893,3.3530192375183105,False,0,False,,,0,0,0,0,,,,,False,False,False,False,False,False,False,False,False,False,4.8851285,3.3583853,1.7696966,0.25649133,-0.3210825,-0.5706813,-0.7389375,2.4593546,3.848879,4.9298983,6.246639,6.400975,6.714482,6.8276134,1.526743,1.5886889,1.5132053,0.57757384,0.24959879,0.16825618,3.1018941,0.82717264,0.41785496,-12.700242,-2.089522,10.61072,-0.9393225,0.1680265,7.0,7.0,,0.4758250318584816,1.8719986526185235,80.11411453230104,149.97351446019363,168.36885234765947,True,,gdn-grizli-v7.4-f444w-clear_drc_sci.fits,0.0399999999999996,False,False,False
545,high_recall,untested,0.7827694,0.029874854,99.697266,primer-uds-south,38627,148581,34.51360419295678,-5.256143363041422,142172,1,27.78826882845928,5.319623520141364,0.0692310222318066,6.460916996002197,False,0,False,,,0,0,0,0,,,,,False,False,False,False,False,False,False,False,False,False,5.7781777,4.809361,4.8155227,5.666221,4.5759025,3.781372,3.8726919,0.044581007,1.303209,1.4483309,0.70933324,2.1429176,2.9148712,2.3732693,0.96881664,-0.0061616,-0.85069823,1.0903184,0.7945305,-0.09131984,-0.85685986,1.884849,0.70321065,0.24507217,-3.1325788,-3.3776512,-1.1596992,-0.04900096,5.0,3.0,,0.5829256194517312,1.7912580937316638,1.985517542518325,3.5565743682821527,3.4061250291002776,True,,primer-uds-south-grizli-v7.2-f444w-clear_drc_sci.fits,0.0399999999999996,True,False,False
546,high_recall,untested,0.782752,0.034039356,99.69705,primer-uds-north,25749,14683,34.23695906960844,-5.16889752216006,13903,1,27.663316123340685,14.11127387268808,0.1301391163754809,1.222335696220398,True,11,False,,,0,0,0,0,,,,,False,False,False,False,False,False,False,False,False,False,6.8138213,6.270452,8.249827,5.8982882,6.6462774,5.754851,3.7508879,-0.66204345,-0.47873795,-1.7923999,0.18752635,-0.3368625,1.5991766,3.3413744,0.5433692,-1.9793749,2.351539,-0.7479892,0.8914264,2.003963,0.37216395,0.14343725,2.8953893,7.7467613,-16.767385,-24.514147,-0.88559216,0.22175682,2.0,1.0,,0.2348308173273496,3.1381454121925425,0.6663787009328963,2.091193263115395,2.837696979114872,True,,primer-uds-north-grizli-v7.2-f444w-clear_drc_sci.fits,0.0399999999999996,False,False,False
547,high_recall,untested,0.7827474,0.03748095,99.69684,gdn,87477,506263,189.253028709768,62.31618330972291,473052,1,25.799996979742627,85.71558403408392,0.1280599091550704,5.502073287963867,False,0,False,,,0,0,0,0,,,,,False,False,False,False,False,False,False,False,False,False,2.8719473,2.7757578,2.6770895,2.4763014,2.171915,1.7991515,1.8995887,4.0867033,4.2619896,4.2699103,4.4189286,5.0935006,5.3282275,5.144216,0.09618956,0.09866836,0.2007879,0.3043864,0.37276354,-0.10043717,0.29945627,0.67714995,0.27232638,-1.1628654,-1.372452,-0.20958671,-0.8925868,0.21476215,7.0,7.0,,0.3998702569729969,2.166174027232237,5.903685507945671,12.788410212259269,14.764002585829594,True,,gdn-grizli-v7.4-f444w-clear_drc_sci.fits,0.0399999999999996,False,False,False
548,high_recall,untested,0.78259945,0.03624466,99.696625,ceers-full,45620,551720,214.7352148461717,52.74514034902383,515810,1,23.48031978237901,256.9910027140031,0.151911942109023,2.375119686126709,False,0,False,,,0,0,0,0,,,,,False,False,False,False,False,False,False,False,False,False,6.367927,4.634278,3.2880037,1.9451737,0.82241404,0.12781961,-0.4196859,-1.0981039,2.012998,3.1371195,4.538768,5.683928,6.185322,6.2421923,1.733649,1.3462741,1.34283,1.1227597,0.69459444,0.54750556,2.689104,1.8173541,1.2421,-11.527085,-6.200942,5.3261433,-0.8184081,0.2801336,6.0,6.0,,0.4176065105192472,2.0866114928627177,46.149839407337936,96.2967853011201,110.5103446542434,True,,ceers-full-grizli-v7.4-f444w-clear_drc_sci.fits,0.0399999999999993,False,False,False
549,high_recall,untested,0.78214854,0.02744718,99.69641,primer-uds-north,17911,88014,34.38420964683481,-5.17979445394064,84041,2,26.26320487885748,10.431072015808748,0.2435017485437922,7.32702112197876,False,0,False,,,0,0,0,0,,,,,False,False,False,False,False,False,False,False,False,False,7.3199296,2.789862,3.3066735,3.9328306,3.2591028,2.8379486,2.3622472,-1.1076125,2.480659,2.1822324,1.8319411,2.5796869,3.0306258,3.040226,4.530068,-0.5168117,-0.626157,0.6737279,0.42115426,0.4757012,-1.1429688,1.0948821,0.8968555,1.1473893,-4.570016,-5.7174053,-0.6134979,0.49385104,6.0,6.0,,0.2365362369504804,3.196262705017471,1.3112684042463147,4.1911582967602685,5.543625878012223,True,,primer-uds-north-grizli-v7.2-f444w-clear_drc_sci.fits,0.0399999999999996,False,False,False
550,high_recall,untested,0.7818716,0.044881746,99.6962,ceers-full,14603,623993,215.0748427593609,52.9258190649857,584258,1,27.073840486330024,12.921669841856282,0.140611156141985,6.679888248443604,False,0,False,,,0,0,0,0,,,,,False,False,False,False,False,False,False,False,False,False,4.5888333,4.3926816,4.075555,4.2227955,3.7076554,2.7423809,3.169597,1.9818743,2.4899569,2.4881966,2.3440948,3.2886066,4.344729,3.253547,0.19615151,0.31712684,-0.14724077,0.51514024,0.9652745,-0.42721596,0.16988607,1.4804147,0.5380586,-1.1871786,-3.2519386,-2.06476,-0.8519802,0.24656145,7.0,7.0,,0.4348706433771515,1.881578960473664,1.8143572262852008,3.4138563837615887,4.172176839059835,True,,ceers-full-grizli-v7.4-f444w-clear_drc_sci.fits,0.0399999999999993,False,False,False
551,high_recall,untested,0.7817542,0.04403264,99.695984,ceers-full,29798,578811,214.88096076047148,52.81429389132041,541501,1,27.65228631832836,11.889474929640674,0.1033125325034068,5.706038475036621,False,0,False,,,0,0,0,0,,,,,False,False,False,False,False,False,False,False,False,False,3.6879845,3.8441253,3.7717295,4.303017,4.0493097,3.3342137,3.740104,2.7361968,3.2459965,2.77665,2.5684144,3.0528138,3.906843,3.1705647,-0.15614058,0.07239572,-0.53128755,0.25370717,0.7150962,-0.40589023,-0.4588918,0.96880335,0.30920592,1.4048618,-1.3384076,-2.7432694,-0.985847,0.11269469,7.0,7.0,,0.5345693283641932,1.7703301774863998,1.5355787456435452,2.7184813933194807,2.872553033191199,True,,ceers-full-grizli-v7.4-f444w-clear_drc_sci.fits,0.0399999999999993,True,False,False
552,high_recall,untested,0.7817352,0.036368325,99.69577,primer-uds-south,49325,118605,34.44873287690377,-5.239642498990125,113429,1,23.090474718291603,319.46122014979164,0.1219802330551445,2.082726240158081,False,0,False,,,0,0,0,0,,,,,False,False,False,False,False,False,False,False,False,False,4.3455486,3.5821474,1.5142124,0.63482845,-0.031123921,-0.5388837,-0.80952805,1.6626921,2.408032,4.460904,5.4528255,6.151358,6.5556536,6.4597855,0.76340127,2.0679348,0.8793839,0.6659524,0.50775975,0.27064437,2.9473188,1.1737121,0.7784041,-7.63395,-3.9017818,3.7321682,-0.91371053,0.19698776,7.0,6.0,,0.4760347504409246,1.8715133441086589,82.10736983838147,153.66503830219574,172.48188238848104,True,,primer-uds-south-grizli-v7.2-f444w-clear_drc_sci.fits,0.0399999999999996,False,False,False
553,high_recall,untested,0.7814479,0.046435136,99.69555,primer-uds-south,68709,119926,34.45151535252754,-5.204107927456932,114708,1,26.641919014083687,8.369173899489146,0.1050588503666822,0.5595579743385315,False,0,False,,,0,0,0,0,,,,,False,False,False,False,False,False,False,False,False,False,7.884445,5.1015477,4.9543586,3.6699572,3.8657393,3.2638335,2.7399976,-1.4556769,0.47213858,0.6697309,1.9500715,2.289847,2.8637295,2.8212526,2.7828975,0.14718926,1.2844012,-0.1957822,0.60190576,0.52383584,1.4315904,0.40612358,1.1257416,-11.977023,-5.608772,6.368252,-0.97856736,0.13213094,4.0,4.0,,0.5802790454325862,1.5897758691384982,3.692594875660672,5.87039822782981,6.363481336652296,True,,primer-uds-south-grizli-v7.2-f444w-clear_drc_sci.fits,0.0399999999999996,True,True,False
554,high_recall,untested,0.78142005,0.039713193,99.695335,gds,51495,244697,53.1834696481778,-27.776656702116803,231169,1,21.87381158396262,1003.7753866621596,0.1294531383905872,2.65110182762146,False,0,False,,,0,0,0,0,,,,,False,False,False,False,False,False,False,False,False,False,4.4606776,2.6899793,1.3195282,0.08539928,-0.8627268,-1.5014561,-2.0261886,2.9863048,4.7483196,5.7557344,6.492105,7.063749,7.3626013,7.604671,1.7706983,1.3704511,1.234129,0.9481261,0.63872933,0.52473253,2.6045802,1.5868554,1.1634619,-10.8452215,-5.8057723,5.0394497,-0.8878874,0.21946155,7.0,7.0,,0.4484106997904038,1.946912323345344,231.74881075733128,451.1946155840761,516.8226602658128,True,,gds-grizli-v7.2-f444w-clear_drc_sci.fits,0.0399999999999996,False,False,False
555,high_recall,untested,0.7807669,0.046667945,99.69512,gds-sw,16243,208425,53.13112730489127,-27.89446462655136,197605,1,27.46809032028003,15.305751320356617,0.1096405371677668,7.284875869750977,False,0,False,,,0,0,0,0,,,,,False,False,False,False,False,False,False,False,False,False,6.1261554,4.417956,4.3179255,4.643371,4.429966,4.326352,3.5593715,-0.9771218,2.5304081,2.7981348,2.7175856,3.0852854,3.224537,3.4224412,1.7081994,0.1000303,-0.3254453,0.2134049,0.10361403,0.7669805,-0.22541499,0.31701893,0.87059456,-1.6500156,-4.6232505,-2.973235,-0.9600288,0.14732012,6.0,6.0,,0.5372617323396878,1.7304340208242373,1.748792320989843,3.0261697275970043,3.25501001788111,True,,gds-sw-grizli-v7.0-f444w-clear_drc_sci.fits,0.0399999999999996,True,False,False
556,high_recall,untested,0.78065944,0.031341273,99.694695,gds-sw,32969,170850,53.06794300609532,-27.86928024105456,162761,1,27.37665395543948,17.048552120261014,0.5357283155953143,2.487990379333496,True,6,False,,,0,0,0,0,,,,,False,False,False,False,False,False,False,False,False,False,4.61425,6.63264,4.109323,5.33926,7.106316,3.873918,3.469273,2.3275182,-1.4860195,2.971284,1.738506,-1.1801856,3.4125366,3.5300715,-2.0183897,2.5233166,-1.2299367,-1.7670563,3.2323983,0.40464503,1.2933798,1.4653418,3.6370432,-1.2529163,-6.932461,-5.6795444,-0.2710554,0.8362936,5.0,4.0,,0.228387229584055,3.1533614026324392,0.4624645598253461,1.4583178930386471,2.024914268050797,True,,gds-sw-grizli-v7.0-f444w-clear_drc_sci.fits,0.0399999999999996,False,False,False
557,high_recall,untested,0.7802534,0.036866337,99.69427,ceers-full,14986,614383,215.01865191165703,52.88633286491248,575190,1,27.444421695021383,20.954989775730272,0.0865322307953698,6.612458229064941,False,0,False,,,0,0,0,0,,,,,False,False,False,False,False,False,False,False,False,False,4.8915596,4.1747527,4.306313,4.0264835,4.0635695,3.1533885,3.5360706,1.3630981,2.943508,2.9285364,3.3674636,3.554748,4.4930863,3.7360928,0.71680725,-0.13156049,0.27982962,-0.037086383,0.9101812,-0.38268209,0.14826913,0.87309486,0.52749914,-1.0294083,-2.135838,-1.1064297,-1.0628221,0.035719577,7.0,6.0,,0.5341880599271217,1.715026679692321,1.929901546303021,3.309832641089146,3.612775520602826,True,,ceers-full-grizli-v7.4-f444w-clear_drc_sci.fits,0.0399999999999993,True,False,False
558,high_recall,untested,0.78010947,0.027201999,99.69405,primer-cosmos-east,71270,372674,150.11575300378058,2.431123290173693,346176,1,23.644871205522392,122.82242481625984,0.3083196951276085,3.824312686920166,False,0,False,,,0,0,0,0,,,,,False,False,False,False,False,False,False,False,False,False,5.2281003,3.4344702,4.5154953,2.2344317,1.1245784,0.15654463,-0.25513652,0.3035068,1.9459637,1.5489001,3.4232566,4.630697,5.451584,5.5039034,1.7936301,-1.0810252,2.2810636,1.1098534,0.96803373,0.41168112,1.2000383,2.0778873,1.3797148,-6.7891903,-6.0782857,0.71090466,-0.5109987,0.5980217,6.0,5.0,,0.2664140985213729,2.8734893574548184,13.11916791287207,37.69778937630063,49.24351971492827,True,,primer-cosmos-east-grizli-v7.4-f444w-clear_drc_sci.fits,0.0399999999999996,False,False,False
559,high_recall,untested,0.7798273,0.04462133,99.69384,gdn,86574,543643,189.37511492547125,62.31319418044621,508149,1,27.93227229312876,13.238785106347532,0.1096355505514897,7.011680603027344,False,0,False,,,0,0,0,0,,,,,False,False,False,False,False,False,False,False,False,False,5.627538,4.6456275,4.4392633,4.9023805,4.905802,4.227955,4.012092,0.66975635,2.4566336,2.708235,2.237924,2.73718,3.2321854,3.2777214,0.9819106,0.20636396,-0.46311703,-0.0034214489,0.6778469,0.21586268,-0.25675306,0.6744255,0.8937096,-1.4653541,-4.1144047,-2.6490505,-0.9600486,0.14730036,6.0,6.0,,0.4839229712039365,1.806702293125115,1.0482684548960033,1.8939090212713303,2.1661886648779034,True,,gdn-grizli-v7.4-f444w-clear_drc_sci.fits,0.0399999999999996,False,False,False
560,high_recall,untested,0.77861655,0.03972158,99.69363,primer-cosmos-east,78415,373664,150.11659399737212,2.460722597903882,347068,1,25.516036141671137,32.65395487984902,0.137876987655814,4.567943096160889,False,0,False,,,0,0,0,0,,,,,False,False,False,False,False,False,False,False,False,False,6.495209,3.1192994,4.4756203,2.7745671,1.8713913,1.6108052,1.6157941,-0.5338084,2.6100917,1.3901082,3.4268105,4.1634603,4.5811157,4.1793475,3.3759098,-1.3563207,1.7010531,0.90317565,0.26058626,-0.004988997,0.3447325,1.163762,0.25559726,-2.122172,-1.3071836,0.8149886,-0.8605082,0.2485122,6.0,5.0,,0.3864648206129051,2.188228128128232,7.092961690913583,15.521018283793088,18.353447228818037,True,,primer-cosmos-east-grizli-v7.4-f444w-clear_drc_sci.fits,0.0399999999999996,False,False,False
561,high_recall,untested,0.77776885,0.03694242,99.69255,ceers-full,56004,587553,214.91109526413567,52.89732125528084,549781,1,27.52053598444813,15.583060363772873,0.0800454791374203,7.332081317901611,False,0,False,,,1,0,0,0,,,G235M,valentino-egs-v4_g235m-f170lp_3567_51608.spec.fits,False,False,False,False,False,False,False,False,False,False,6.509217,4.3106036,4.278912,4.307677,4.5538936,4.4788737,3.6109445,-1.6950632,2.8175154,2.6906447,2.8090904,2.8442101,2.980826,3.4403596,2.198613,0.031691838,-0.028765142,-0.24621662,0.07502004,0.86792916,0.002926696,-0.1711966,0.94294924,-3.0106175,-5.273966,-2.2633486,-1.0966632,0.0018784872,6.0,6.0,,0.6055932980627431,1.534710377503024,2.020047460531439,3.10018780072623,3.335650290373838,True,,ceers-full-grizli-v7.4-f444w-clear_drc_sci.fits,0.0399999999999993,True,True,False
562,high_recall,untested,0.7777226,0.040430896,99.69234,primer-cosmos-east,47086,399262,150.14212729139496,2.3409420916469927,371165,1,27.334585305129902,15.826301022481806,0.0871754772787008,0.9826318025588988,False,0,False,,,0,0,0,0,,,,,False,False,False,False,False,False,False,False,False,False,4.0856533,4.998377,4.339032,4.169725,3.9843838,3.5510762,3.4277496,2.2590048,1.5818343,2.4291303,2.7406964,3.2836711,3.711743,3.455817,-0.9127232,0.65934455,0.16930695,0.18534131,0.43330756,0.12332665,0.8286515,0.6186489,0.5566342,-0.22667496,-2.708456,-2.481781,-1.0596057,0.049414735,7.0,6.0,,0.656609696533607,1.4083270847072646,2.5980424144068754,3.658893499427458,3.9567530423667767,True,,primer-cosmos-east-grizli-v7.4-f444w-clear_drc_sci.fits,0.0399999999999996,True,True,False
563,high_recall,secure low-z,0.77743286,0.045194168,99.69212,gds,69153,237711,53.17180228753781,-27.73363448137877,224666,1,23.34263920728233,466.1334077271911,0.1543004843565958,2.4996018409729004,False,0,False,,,4,0,1,0,3.0,2.583172,G235H;G235M;G395M;PRISM,gds-maseda-v4_g235m-f170lp_1671_37942.spec.fits;gds-maseda-v4_g395m-f290lp_1671_37942.spec.fits;jades-gds-w08-v4_g235h-f170lp_1212_777.spec.fits;jades-gds-w08-v4_prism-clear_1212_777.spec.fits,False,False,False,False,False,False,False,False,False,False,4.869377,3.8467734,2.1242628,1.2802216,0.5567853,-0.103358895,-0.55736524,2.2586226,3.570645,4.979177,5.6272144,6.299798,6.6007047,6.8376203,1.0226039,1.7225106,0.8440413,0.72343636,0.66014415,0.4540063,2.566552,1.3835806,1.1141505,-7.9779263,-5.570243,2.4076834,-0.8116327,0.29571626,7.0,7.0,,0.396939007041804,2.167503912372145,49.96094819074809,108.29055066926853,125.86555441623908,True,,gds-grizli-v7.2-f444w-clear_drc_sci.fits,0.0399999999999996,False,False,False
564,high_recall,untested,0.7773454,0.03963895,99.69191,primer-cosmos-east,2945,393800,150.13659100394304,2.1582487430857342,365994,1,26.98324139777523,16.43186132024027,0.1156744538061145,1.0841892957687378,False,0,False,,,0,0,0,0,,,,,False,False,False,False,False,False,False,False,False,False,3.9017756,4.321197,3.93272,3.8537552,3.2435377,2.8391147,3.0796468,1.4892327,1.9195148,2.4189131,2.5350502,3.4769716,3.8497012,3.493294,-0.41942173,0.3884773,0.07896472,0.6102176,0.40442306,-0.24053214,0.467442,1.0146406,0.16389091,-1.025385,-0.89353156,0.13185348,-0.9367626,0.17225786,7.0,6.0,,0.4631223534718054,1.957188307671585,2.1381651603377034,4.184791851683693,4.616847242006152,True,,primer-cosmos-east-grizli-v7.4-f444w-clear_drc_sci.fits,0.0399999999999996,False,False,False
565,high_recall,untested,0.7765109,0.035248935,99.69148,primer-uds-south,3875,150844,34.52366890330545,-5.3161839782797085,144320,1,26.85312741585038,7.88780200710979,0.0804891037461224,5.156207084655762,False,0,False,,,0,0,0,0,,,,,False,False,False,False,False,False,False,False,False,False,5.4074936,4.4642386,4.460674,4.3357396,3.0781288,3.5432901,2.950296,0.34631374,1.2301809,1.3506279,1.6616275,3.0297718,2.6435301,2.7624588,0.9432548,0.0035645694,0.12493421,1.257611,-0.46516132,0.5929943,0.12849878,0.79244965,0.12783293,-1.6759292,-0.22662127,1.4493079,-1.094263,0.016435388,6.0,3.0,,0.568628900683611,1.5356210653191984,3.640484903483528,5.590405305765834,6.402215749334763,True,,primer-uds-south-grizli-v7.2-f444w-clear_drc_sci.fits,0.0399999999999996,True,True,False
566,high_recall,untested,0.77605563,0.044824753,99.69126,primer-uds-south,20481,134427,34.48265623412697,-5.2862118683107004,128617,1,22.78912560774836,371.5233358999764,0.1012611903102523,1.805418610572815,False,0,False,,,0,0,0,0,,,,,False,False,False,False,False,False,False,False,False,False,3.5661738,1.7945373,0.7535464,-0.02687372,-0.5628134,-0.90089214,-1.110876,2.2925696,3.9144614,5.00132,5.8727875,6.4899797,6.754767,6.6107607,1.7716365,1.040991,0.7804201,0.5359397,0.33807874,0.20998386,1.821411,0.87401843,0.5480626,-6.9568696,-2.742963,4.2139063,-0.99455696,0.11614133,7.0,7.0,,0.5339838230409244,1.7007867044389628,131.84599903627517,224.24192219436912,246.9100997956085,True,,primer-uds-south-grizli-v7.2-f444w-clear_drc_sci.fits,0.0399999999999996,True,False,False
567,high_recall,untested,0.77592385,0.046512306,99.69105,primer-cosmos-west,45610,346093,150.09380840515811,2.2533109241151466,322481,1,26.20835991375873,2.412715894911193,0.0,5.174472332000732,True,18,False,,,0,0,0,0,,,,,False,False,False,False,False,False,False,False,False,False,9.025292,9.957944,10.359143,10.6784115,3.5269747,10.457503,2.3074942,-0.8214376,-1.2536628,-2.223135,-2.4111645,0.9767613,-1.7963777,1.6143177,-0.9326515,-0.4011994,-0.31926778,7.1514363,-6.9305286,8.150009,-0.72046715,0.22090748,1.2194805,3.2740486,-36.150204,-39.42425,-2.39794,-1.290591,2.0,0.0,,0.5165762763763847,1.3336906702649545,0.156743522223117,0.2090473732134387,0.3034276434888224,True,,primer-cosmos-west-grizli-v7.4-f444w-clear_drc_sci.fits,0.0399999999999996,True,True,False
568,high_recall,untested,0.77541244,0.052515134,99.69041,ceers-full,70413,578292,214.8790138982852,52.90429283323609,541011,1,26.821789237396352,25.82629718441084,0.1365932027929749,6.383077144622803,False,0,False,,,0,0,0,0,,,,,False,False,False,False,False,False,False,False,False,False,4.7428646,4.353399,4.3885384,3.8523545,3.6306689,2.8839328,2.919116,1.506715,2.2956688,2.165515,3.0799072,3.437515,4.1517553,3.944915,0.3894657,-0.035139468,0.5361838,0.22168547,0.7467361,-0.035183106,0.5010443,0.96842164,0.71155304,-2.4557197,-2.6651947,-0.20947506,-0.8645709,0.23397076,7.0,6.0,,0.4169851199017376,2.0958169215849654,2.116349819479346,4.435481763658101,5.07536053079799,True,,ceers-full-grizli-v7.4-f444w-clear_drc_sci.fits,0.0399999999999993,False,False,False
569,high_recall,untested,0.7748773,0.030669546,99.68998,primer-uds-south,25922,37442,34.28885560322785,-5.276621299394126,35766,1,26.318248082242103,15.303420129387211,0.1277899545006837,7.323953151702881,False,0,False,,,0,0,0,0,,,,,False,False,False,False,False,False,False,False,False,False,7.7461414,3.888685,3.5043478,3.6096432,3.0312042,2.9459503,2.4171884,-1.9314289,1.8904737,2.424427,2.5399318,3.3007405,3.4147289,3.4222894,3.8574562,0.3843373,-0.10529547,0.57843894,0.085253894,0.5287619,0.27904183,0.66369283,0.6140158,-9.079421,-3.109049,5.970372,-0.8935033,0.21719502,6.0,6.0,,0.4539542157697563,2.003522346157254,3.9816271108211305,7.977278890595681,8.770988290238932,True,,primer-uds-south-grizli-v7.2-f444w-clear_drc_sci.fits,0.0399999999999996,False,False,False
570,high_recall,untested,0.7748508,0.03288942,99.689766,ceers-full,57445,615431,215.02290942550349,52.98006283140406,576172,1,23.43597431516225,268.21721547765753,0.1739598200378404,3.5284643173217773,False,0,False,,,0,0,0,0,,,,,False,False,False,False,False,False,False,False,False,False,2.5815794,2.5140026,1.9369801,1.1272182,0.41379264,0.1393311,-0.46403092,3.6951272,3.7874415,4.1934714,5.1759214,5.9075823,6.105203,6.284948,0.06757694,0.5770225,0.8097619,0.7134256,0.27446154,0.603362,1.3867843,0.98788714,0.8778236,-5.057783,-4.3353233,0.72245944,-0.75955105,0.33899063,7.0,7.0,,0.3515760301465667,2.391025016630368,37.34281114884933,89.28759564820216,106.21546393046673,True,,ceers-full-grizli-v7.4-f444w-clear_drc_sci.fits,0.0399999999999993,False,False,False
571,high_recall,untested,0.77484304,0.07331333,99.68955,gds-sw,13538,203344,53.12213664309018,-27.899185141294964,192915,2,28.03528933488724,11.348404600477378,0.0897228150585488,4.763940811157227,False,0,True,,,0,0,0,0,,,,,False,False,False,False,False,False,False,False,False,False,5.356596,5.539493,6.0905437,5.5813236,4.6244326,4.266158,4.1110296,1.0919276,1.2167217,-0.23316504,1.4688993,2.8937445,3.3178084,3.1241598,-0.18289708,-0.5510506,0.50922,0.95689124,0.35827446,0.15512839,-0.04183059,1.3151656,0.5134029,0.81260556,-2.502272,-3.3148773,-1.0470971,0.060251858,6.0,3.0,,0.5008099451505398,1.759119245639355,1.0177125015732722,1.7902776480453155,2.03213317033342,True,,gds-sw-grizli-v7.0-f444w-clear_drc_sci.fits,0.0399999999999996,True,False,False
572,high_recall,untested,0.7745457,0.04395927,99.68934,primer-cosmos-west,50867,330345,150.08183283254155,2.2627630975192696,308574,1,23.57509737469321,353.26414858518206,0.1128687863219305,2.66144061088562,False,0,False,,,0,0,0,0,,,,,False,False,False,False,False,False,False,False,False,False,5.5820436,3.2568681,1.7654055,0.67214537,0.17964262,-0.12243965,-0.32490942,0.51844454,3.5939755,5.2244596,6.090788,6.3647146,6.5588694,6.560365,2.3251755,1.4914627,1.09326,0.49250278,0.30208227,0.20246975,2.5847228,0.79458505,0.504552,-9.303292,-2.5232098,6.7800827,-0.94742614,0.15992282,6.0,6.0,,0.5095498523100568,1.7696351364748644,57.47599287643956,101.71153649792645,112.79758519381514,True,,primer-cosmos-west-grizli-v7.4-f444w-clear_drc_sci.fits,0.0399999999999996,True,False,False
573,high_recall,untested,0.7745344,0.047154095,99.68912,primer-uds-north,993,75456,34.35730170088741,-5.2101746598211935,71986,1,27.30579670936228,5.452082809255358,0.113200800826274,5.5869879722595215,False,1,False,,,0,0,0,0,,,,,False,False,False,False,False,False,False,False,False,False,3.4117641,4.485188,3.705931,6.573462,4.23244,3.433203,3.3993108,2.0906856,1.1676774,2.0461648,-0.36562982,2.0068922,2.8516717,2.3974512,-1.073424,0.7792572,-2.867531,2.3410218,0.7992372,0.03389208,-2.088274,3.140259,0.8331293,2.8305588,-3.435859,-6.2664175,-0.9461505,0.16119847,6.0,5.0,,0.3136676419360224,2.5246985887516606,1.2352761847552531,3.1187000403701237,3.938169003123401,True,,primer-uds-north-grizli-v7.2-f444w-clear_drc_sci.fits,0.0399999999999996,False,False,False
574,high_recall,untested,0.7743448,0.045663323,99.6889,gds-sw,18676,198968,53.114359708022754,-27.89036039405188,188822,1,27.13518740864812,26.18897126806245,0.1012544288041136,5.456480503082275,False,0,False,,,0,0,0,0,,,,,False,False,False,False,False,False,False,False,False,False,3.8492467,3.4849305,3.5621557,3.7592356,3.3565927,2.669336,3.2304394,2.8396215,3.4398625,3.4242148,3.413043,4.064342,4.7110925,3.95885,0.36431617,-0.07722528,-0.19707972,0.40264282,0.6872565,-0.56110317,-0.27430502,1.0898993,0.12615335,0.37667072,-1.3158165,-1.6924872,-0.994586,0.112762995,7.0,7.0,,0.5217642140747912,1.7272445556566942,2.2505326626573368,3.887220288902448,4.313313565684171,True,,gds-sw-grizli-v7.0-f444w-clear_drc_sci.fits,0.0399999999999996,True,False,False
575,high_recall,untested,0.77401,0.04668628,99.68869,primer-uds-north,33441,77292,34.36116941124546,-5.158392750458221,73749,1,26.942918952110748,13.887020618582314,0.1299447077537464,4.998417377471924,False,0,False,,,0,0,0,0,,,,,False,False,False,False,False,False,False,False,False,False,4.450021,4.5703554,4.0329614,4.127883,3.350535,3.261258,3.0395806,1.6769146,1.6219715,2.3199012,2.421952,3.3905723,3.5432007,3.3253956,-0.12033472,0.53739387,-0.09492152,0.7773481,0.08927716,0.2216774,0.4424723,0.86662525,0.31095454,-1.0606408,-1.5089917,-0.44835082,-0.8862414,0.22110756,7.0,5.0,,0.4444727720568245,1.926595383969092,2.203638682892658,4.245520114396724,4.957871036048367,True,,primer-uds-north-grizli-v7.2-f444w-clear_drc_sci.fits,0.0399999999999996,False,False,False
576,high_recall,untested,0.77399564,0.03298,99.68848,primer-uds-south,38203,20825,34.25047749427925,-5.256897329835042,19809,1,23.95408865866956,122.00748167371488,0.125529851788879,3.459388017654419,False,0,False,,,0,0,0,0,,,,,False,False,False,False,False,False,False,False,False,False,3.8519058,4.5835304,2.6166055,1.1091802,0.55290747,0.2628035,0.05407503,1.8748679,1.2327591,3.2040222,4.757509,5.486551,5.7545843,5.4972463,-0.7316247,1.966925,1.5074253,0.5562727,0.290104,0.20872846,3.4743505,0.8463767,0.49883243,-10.865845,-2.4927475,8.373096,-0.901253,0.20944531,7.0,6.0,,0.4841617121652634,1.831128599170616,36.02404142380538,65.96465250883698,74.40497775567383,True,,primer-uds-south-grizli-v7.2-f444w-clear_drc_sci.fits,0.0399999999999996,False,False,False
577,high_recall,untested,0.7739341,0.055703253,99.68826,primer-uds-north,54678,39167,34.29180896347432,-5.128828020022003,37409,1,28.16883422046451,14.821132732177698,0.0635186547412008,1.077601432800293,True,6,False,,,0,0,0,0,,,,,False,False,False,False,False,False,False,False,False,False,5.874666,5.74338,7.014939,7.4544516,6.938042,5.967325,4.2380857,-0.2641081,0.9467916,-0.95688415,-1.2388362,-1.3360559,1.5105858,3.3903375,0.13128614,-1.271559,-0.43951258,0.51640946,0.9707167,1.7292393,-1.7110716,1.4871261,2.6999562,4.0377545,-14.189415,-18.227169,-1.1970987,-0.08974974,3.0,1.0,,0.6032311763164285,1.5174425662686202,1.2345394470764124,1.8733427067314747,2.0465445015872774,True,,primer-uds-north-grizli-v7.2-f444w-clear_drc_sci.fits,0.0399999999999996,True,True,False
578,high_recall,untested,0.7731351,0.03834785,99.68805,gdn,32299,518951,189.2924989914073,62.209248292264064,484911,1,28.00511569828362,18.884414340275484,0.0829976594332216,6.336832523345947,True,16,False,,,0,0,0,0,,,,,False,False,False,False,False,False,False,False,False,False,0.99686295,7.6302986,7.4302273,1.2416241,7.556671,6.4265475,4.0821276,6.085555,-3.1190844,-2.6940598,5.9386497,-2.3254187,0.57499456,3.6321845,-6.6334357,0.20007141,6.188603,-6.3150473,1.1301239,2.3444202,6.3886743,-5.184923,3.474544,0.64935726,-17.94648,-18.595839,-1.0809342,0.026414812,3.0,3.0,,0.2502596991946634,2.8873207143538813,1.3254622237171627,3.8270345346321215,5.296347066597239,True,,gdn-grizli-v7.4-f444w-clear_drc_sci.fits,0.0399999999999996,False,False,False
579,high_recall,untested,0.7730142,0.0422455,99.687836,primer-cosmos-west,65141,366895,150.11061585518326,2.297700114521529,340982,1,28.24123610159812,12.260521323560598,0.1012514133578219,1.2238428592681885,False,0,False,,,0,0,0,0,,,,,False,False,False,False,False,False,False,False,False,False,5.4380364,6.7541647,5.6972413,5.652908,5.4744544,5.1927767,4.306304,0.9903741,-1.6787113,1.2527343,1.7871212,2.3284276,2.8324142,3.2011907,-1.3161286,1.0569234,0.044333506,0.1784537,0.28167766,0.8864728,1.101257,0.46013138,1.1681505,-1.269142,-6.5083585,-5.239217,-0.9945989,0.11275006,6.0,3.0,,0.4653677321504326,1.8669300315233333,0.9798690076899068,1.8293468774152557,2.105580039170312,True,,primer-cosmos-west-grizli-v7.4-f444w-clear_drc_sci.fits,0.0399999999999996,False,False,False
580,high_recall,untested,0.7729589,0.046014078,99.68762,primer-uds-south,64675,138675,34.49125462886255,-5.212234254133782,132694,1,26.411833854705066,11.311499626548237,0.1044549821173054,7.121864795684815,False,0,False,,,0,0,0,0,,,,,False,False,False,False,False,False,False,False,False,False,4.0305843,3.084484,2.845085,3.1297882,3.2681482,3.073908,2.510575,1.4396058,2.3150315,2.7153926,2.6997135,2.856815,3.0771718,3.1209152,0.9461003,0.23939933,-0.2847033,-0.13835995,0.19424005,0.563333,-0.045303974,0.05588009,0.757573,-0.38960734,-3.9316812,-3.5420737,-0.9810708,0.12962745,7.0,6.0,,0.6036631102209283,1.510087154728733,5.07651229842601,7.665976012675553,8.409512213804337,True,,primer-uds-south-grizli-v7.2-f444w-clear_drc_sci.fits,0.0399999999999996,True,True,False
581,high_recall,untested,0.7728688,0.041424725,99.68741,primer-cosmos-west,70260,309440,150.0646076997411,2.3084418422602924,290013,2,25.741107868263764,34.6479158917659,0.1338226033201686,3.8073244094848633,False,0,False,,,0,0,0,0,,,,,False,False,False,False,False,False,False,False,False,False,3.61848,4.897161,3.841823,2.8655307,2.3049371,1.854969,1.8407415,2.0592773,1.052377,2.2425525,3.133728,4.094648,4.255408,4.238593,-1.2786812,1.0553381,0.9762922,0.56059366,0.44996813,0.0142274685,2.0316303,1.0105618,0.4641956,-3.1795316,-2.2556238,0.9239076,-0.87347054,0.23387843,7.0,6.0,,0.4935016278228349,1.6817120583154967,7.0838376699741215,11.912975228745031,14.354233645035087,True,,primer-cosmos-west-grizli-v7.4-f444w-clear_drc_sci.fits,0.0399999999999996,False,True,False
582,high_recall,untested,0.7725395,0.047575932,99.68676,primer-uds-north,6383,150037,34.51926459530616,-5.199519399970052,143545,1,26.73004637924548,8.0578580341979,0.0838725815720953,7.332658290863037,False,0,False,,,0,0,0,0,,,,,False,False,False,False,False,False,False,False,False,False,4.9756904,3.5753336,3.4137385,4.3653526,3.7405252,4.3110037,2.8277874,0.55957127,0.9947962,2.1129498,1.4065256,2.2952235,1.6858644,2.7836232,1.4003569,0.16159508,-0.9516143,0.6248276,-0.5704786,1.4832163,-0.7900192,0.054349024,0.91273767,1.1529739,-4.9248686,-6.077842,-1.07638,0.030968977,6.0,3.0,,0.5486427911999535,1.626134721882888,4.119406221344038,6.698709490067925,7.508357509508796,True,,primer-uds-north-grizli-v7.2-f444w-clear_drc_sci.fits,0.0399999999999996,True,True,False
583,high_recall,untested,0.7722485,0.043451313,99.68655,ceers-full,15291,613775,215.0162649238864,52.88460888811773,574615,1,21.47588157288848,1201.9188201362206,0.1061440545088268,0.5439325571060181,False,2,False,,,0,0,0,0,,,,,False,False,False,False,False,False,False,False,False,False,0.42496783,-0.40735656,-1.1717188,-1.7111284,-1.8431652,-2.137615,-2.4241185,5.3882275,6.545893,7.1141024,7.430773,7.523054,7.666355,7.784822,0.8323244,0.7643623,0.53940946,0.13203688,0.2944499,0.2865035,1.3037717,0.42648676,0.58095336,-6.233568,-2.8936837,3.3398845,-0.97410434,0.124437355,7.0,7.0,,0.5378921771760644,1.6781544584831902,415.3383699804887,697.0019373618978,772.1591568053962,True,,ceers-full-grizli-v7.4-f444w-clear_drc_sci.fits,0.0399999999999993,True,True,False
584,high_recall,untested,0.77195585,0.034095332,99.68633,gdn,42442,498743,189.23042733762105,62.22886355582576,466062,1,26.71676182018229,47.57110610818632,0.0822921430846566,2.6196155548095703,False,0,False,,,0,0,0,0,,,,,False,False,False,False,False,False,False,False,False,False,3.8504395,3.945395,3.8248758,3.020872,3.7421284,3.2269452,2.8145573,3.592129,3.2931712,3.2370794,4.339888,3.646114,4.3042264,4.5554833,-0.094955474,0.1205192,0.80400383,-0.72125626,0.5151831,0.4123879,0.92452306,-0.20607321,0.927571,-2.7480514,-4.5513577,-1.803306,-1.0846416,0.02270734,7.0,7.0,,0.6254033838405134,1.504456303672386,4.326058242223524,6.508365592567062,6.917228710305042,True,,gdn-grizli-v7.4-f444w-clear_drc_sci.fits,0.0399999999999996,True,True,False
585,high_recall,untested,0.7718278,0.040523566,99.68612,primer-uds-south,13233,99694,34.40799497262199,-5.298203024456512,95259,1,26.21261502002757,31.50408982483272,0.1195697356622466,5.548418521881104,False,0,False,,,0,0,0,0,,,,,False,False,False,False,False,False,False,False,False,False,3.1437857,2.8241372,3.0542886,2.6661515,2.6031973,2.1343591,2.3117425,2.6524203,3.3336382,3.286787,3.7593415,4.0918994,4.58043,4.1435165,0.31964844,-0.23015153,0.3881371,0.06295434,0.4688382,-0.17738344,0.15798558,0.5317925,0.29145476,-1.0644981,-1.4775051,-0.41300696,-0.9223787,0.18831956,7.0,7.0,,0.4381931278809491,1.9832377723417016,4.376593675329109,8.679825891104482,9.987819061640252,True,,primer-uds-south-grizli-v7.2-f444w-clear_drc_sci.fits,0.0399999999999996,False,False,False
586,high_recall,untested,0.7717164,0.036805745,99.68569,primer-uds-south,44727,28539,34.26958286703628,-5.246854252483006,27223,1,27.50078197714528,6.834126571104787,0.0248160579316294,5.140398025512695,True,3,False,,,0,0,0,0,,,,,False,False,False,False,False,False,False,False,False,False,5.3084526,7.4348564,5.3785357,6.6450095,4.0340624,3.9935222,3.591529,0.7041212,-1.5577754,0.8846905,-0.71597475,2.6215825,2.7050982,2.6203861,-2.1264036,2.0563204,-1.266474,2.6109474,0.040540233,0.4019933,0.7898466,2.6514876,0.44253352,0.44124418,-2.155171,-2.596415,-1.6052672,-0.4945689,4.0,3.0,,0.7181132210448137,1.2153241102131307,2.738054297820804,3.3276234032143064,3.812844851731168,True,,primer-uds-south-grizli-v7.2-f444w-clear_drc_sci.fits,0.0399999999999996,False,True,False
587,high_recall,untested,0.7711552,0.03686748,99.68548,primer-uds-north,4198,136946,34.4877961981819,-5.20355111246445,131018,1,26.436321435726743,10.010998689233087,0.1098384998539456,5.816853046417236,False,0,False,,,0,0,0,0,,,,,False,False,False,False,False,False,False,False,False,False,3.5428524,2.8984416,3.8474405,2.9702299,3.3408518,2.6261127,2.5350049,1.7837504,2.3887582,1.7219129,2.7491498,2.69671,3.402817,2.9993167,0.64441085,-0.94899887,0.8772106,-0.37062195,0.714739,0.09110798,-0.07178824,0.34411708,0.805847,-0.6384688,-3.6141868,-2.975718,-0.9592454,0.14810356,7.0,5.0,,0.5047857164403438,1.787436470396098,4.0437364514702745,7.22792201002807,8.010798086732647,True,,primer-uds-north-grizli-v7.2-f444w-clear_drc_sci.fits,0.0399999999999996,True,False,False
588,high_recall,untested,0.7710436,0.049558703,99.685265,primer-cosmos-west,48245,317356,150.07178064397772,2.258131652449121,296970,2,26.719705126719056,37.83239962366572,0.1270075900399933,7.164313316345215,False,0,False,,,0,0,0,0,,,,,False,False,False,False,False,False,False,False,False,False,4.743606,3.3356743,3.4141388,3.5902486,3.576113,3.4613018,2.8174887,1.7635937,3.496495,3.8254645,3.8521428,4.0402465,4.2191267,4.3264875,1.4079318,-0.0784645,-0.1761097,0.014135505,0.114811234,0.64381313,-0.2545742,0.12894674,0.7586243,0.68684095,-4.0008674,-4.687708,-0.8961703,0.21117865,7.0,6.0,,0.425657466131042,2.082534212029399,2.6011863362490866,5.417059537102131,6.110984872160778,True,,primer-cosmos-west-grizli-v7.4-f444w-clear_drc_sci.fits,0.0399999999999996,False,False,False
589,high_recall,untested,0.77025944,0.04150251,99.68504,primer-uds-south,56953,36081,34.28624752046473,-5.2264496790157375,34422,2,27.60254742801361,6.984327712061928,0.0350030847986067,17.914907455444336,True,5,False,,,0,0,0,0,,,,,False,False,False,False,False,False,False,False,False,False,7.1708946,5.7185774,7.20084,8.158753,3.7926178,3.7305346,3.6914153,-1.6641585,0.3762096,-1.5259869,-2.3783731,2.990183,3.077639,2.641902,1.4523174,-1.4822626,-0.9579135,4.3661356,0.062083263,0.03911902,-2.4401762,4.428219,0.10120229,3.6258848,-0.51950413,-4.1453886,-1.4558936,-0.34519538,3.0,3.0,,0.7317161400513812,1.078930396021042,2.23613723479286,2.4126364322924583,3.0560173712115164,True,,primer-uds-south-grizli-v7.2-f444w-clear_drc_sci.fits,0.0399999999999996,False,True,False
590,high_recall,untested,0.77016926,0.042307083,99.684616,primer-uds-south,51830,29320,34.271419649193284,-5.234967731343863,27973,1,27.076362608582084,6.939402687374948,0.0284789080888909,17.914907455444336,True,5,False,,,0,0,0,0,,,,,False,False,False,False,False,False,False,False,False,False,7.3805437,7.4014335,8.20874,6.372246,2.7411609,2.8096428,3.1720994,-1.4251525,-1.1018931,-2.0292103,-0.19842368,3.014296,3.4363894,2.6355145,-0.020890117,-0.8073068,1.8364944,3.6310852,-0.06848182,-0.36245656,1.0291877,3.5626032,-0.4309384,1.868286,1.7229726,-0.14531344,-1.5454767,-0.43477836,3.0,3.0,,1.0693064035601936,0.9319768971975464,6.09147053597491,5.677109809488172,5.696655809498299,True,,primer-uds-south-grizli-v7.2-f444w-clear_drc_sci.fits,0.0399999999999996,False,True,False
591,high_recall,untested,0.7697856,0.044535466,99.6844,primer-cosmos-east,54515,447142,150.2058930932716,2.3676553372482814,416864,1,27.05874457374501,10.612116035497964,0.1132856013872554,5.649764537811279,False,0,False,,,0,0,0,0,,,,,False,False,False,False,False,False,False,False,False,False,3.1829672,3.3479252,3.1382291,3.5303118,3.4592783,2.7859058,3.1546166,2.194834,2.3323913,2.7226543,2.278033,2.988764,3.3663974,3.057356,-0.16495793,0.20969607,-0.39208272,0.071033545,0.6733725,-0.3687108,-0.18238667,0.74440604,0.30466172,0.5695848,-1.5106372,-2.080222,-0.9458253,0.16319512,7.0,7.0,,0.4271250799892964,2.0756013778998925,1.9512358682572049,4.049987856762347,4.568300855351556,True,,primer-cosmos-east-grizli-v7.4-f444w-clear_drc_sci.fits,0.0399999999999996,False,False,False
592,high_recall,secure z>3 (V untested),0.7695334,0.106397964,99.683975,primer-uds-south,59057,56285,34.320361598556694,-5.222720525477084,53687,1,26.92704031952747,9.729005703726584,0.0963380306433013,1.5239808559417725,False,0,True,,,1,0,0,1,3.0,8.27177,G395M,excels-uds04-v4_g395m-f290lp_3543_63107.spec.fits,False,False,False,False,False,False,False,False,False,False,5.3693914,3.3857002,3.817493,3.7723923,3.9350424,3.5979915,3.0237978,0.50507516,2.4894516,2.28856,2.514704,2.5899856,2.9230115,2.9708898,1.9836913,-0.43179286,0.045100737,-0.16265024,0.33705097,0.57419384,-0.3866921,0.17440073,0.91124487,0.85082304,-4.7250953,-5.575918,-1.0162022,0.094496064,6.0,6.0,,0.5850377946638929,1.6079302990812967,3.2389110345157226,5.207943188426578,5.536242383069443,True,,primer-uds-south-grizli-v7.2-f444w-clear_drc_sci.fits,0.0399999999999996,True,True,False
593,high_recall,untested,0.7689068,0.027789248,99.68376,primer-uds-south,2966,18955,34.24619586909063,-5.3184266256548005,18002,1,23.417471502036584,94.74317396210482,0.2336476797444391,3.476332187652588,False,0,False,,,0,0,0,0,,,,,False,False,False,False,False,False,False,False,False,False,4.0751615,3.4488995,2.735218,1.8599206,0.7578085,0.12237649,-0.48253357,0.9702988,1.5212421,2.3419404,3.3472319,4.5654426,5.086019,5.2443447,0.62626225,0.7136813,0.87529755,1.102112,0.63543206,0.6049101,1.5889789,1.7375441,1.2403421,-6.844404,-6.2497997,0.59460455,-0.63143855,0.47925976,7.0,5.0,,0.300795727546891,2.6261772821545137,25.00772624271905,65.67472253696803,83.13856864479766,True,,primer-uds-south-grizli-v7.2-f444w-clear_drc_sci.fits,0.0399999999999996,False,False,False
594,high_recall,untested,0.7689003,0.03193266,99.68355,primer-cosmos-east,50450,384293,150.1269889297261,2.3527261666776464,356987,1,26.58618639552089,36.05606532190672,0.0815402849344991,3.283306360244751,False,0,False,,,0,0,0,0,,,,,False,False,False,False,False,False,False,False,False,False,4.769904,4.477378,4.0931354,3.4568002,2.9301813,3.1524596,2.684452,1.7478008,2.2403486,2.812334,3.5682862,4.34506,4.2078876,4.2784147,0.2925264,0.38424245,0.6363353,0.52661884,-0.22227828,0.4680075,1.0205778,0.30434057,0.24572924,-4.2883873,-1.0915035,3.1968837,-1.0886278,0.020392628,7.0,6.0,,0.6355537345048995,1.4940454271318462,5.085906122066706,7.598574784495622,8.002322771384012,True,,primer-cosmos-east-grizli-v7.4-f444w-clear_drc_sci.fits,0.0399999999999996,True,True,False
595,high_recall,untested,0.76888835,0.036485888,99.683334,primer-cosmos-east,41219,403238,150.14613530742187,2.319371255712497,374939,1,25.86708936289745,60.09374184264202,0.1184636915396957,5.556338787078857,False,0,False,,,0,0,0,0,,,,,False,False,False,False,False,False,False,False,False,False,3.2009296,2.710987,2.5789256,2.5591805,2.2033308,1.7638745,1.9666274,3.2147512,3.7203186,4.032459,4.5086904,4.8635955,5.203774,4.789122,0.48994237,0.13206151,0.019745234,0.35584965,0.43945625,-0.20275289,0.15180674,0.7953059,0.23670337,-1.0797635,-1.403959,-0.3241956,-0.9264147,0.18260567,7.0,7.0,,0.4412721259191509,1.9999433639241209,6.266163931403284,12.531972971870676,14.20022603592088,True,,primer-cosmos-east-grizli-v7.4-f444w-clear_drc_sci.fits,0.0399999999999996,False,False,False
596,high_recall,untested,0.7688341,0.030716646,99.68312,primer-cosmos-west,94401,344175,150.09251840179948,2.3981507526852743,320800,1,23.34617319474003,119.57153527372694,0.3229992852728507,3.4692494869232178,False,0,False,,,0,0,0,0,,,,,False,False,False,False,False,False,False,False,False,False,3.55594,4.1318717,4.7041745,1.7579969,0.58285666,0.101189606,-0.5538313,1.2793022,1.1833187,0.7899587,3.66012,4.805888,5.341568,5.4770794,-0.57593197,-0.5723027,2.9461777,1.1751403,0.48166707,0.65502083,2.373875,1.6568073,1.1366879,-7.149859,-5.951499,1.1983598,-0.49079844,0.6165505,6.0,4.0,,0.32152301304608,2.5132050432363005,21.309470284743774,53.55506818831215,66.27665647587642,True,,primer-cosmos-west-grizli-v7.4-f444w-clear_drc_sci.fits,0.0399999999999996,False,False,False
597,high_recall,untested,0.7684114,0.034778338,99.68247,gds,65174,248111,53.19177694851588,-27.74583341608892,234370,1,27.7794499753246,24.80682851450612,0.0797577871705892,6.253994941711426,False,0,False,,,0,0,0,0,,,,,False,False,False,False,False,False,False,False,False,False,4.604256,4.2623367,4.443494,4.573758,4.5667157,3.761002,3.8641188,2.9320595,3.4667838,3.2628016,3.0292487,3.613805,4.098768,3.9046721,0.3419194,-0.181157,-0.13026424,0.0070423135,0.8057138,-0.10311674,-0.31142125,0.81275606,0.702597,0.26395097,-3.0979934,-3.3619442,-1.0982269,0.0091220625,7.0,7.0,,0.6005667363970886,1.557626812020012,1.5692616343078147,2.4443239966721952,2.612967950443121,True,,gds-grizli-v7.2-f444w-clear_drc_sci.fits,0.0399999999999996,True,True,False
598,high_recall,untested,0.76783705,0.03970727,99.68162,gdn,93350,531782,189.332327643058,62.33864624416694,497005,1,27.423797101502245,6.515040326297447,0.0974055196840209,6.6733717918396,False,0,False,,,0,0,0,0,,,,,False,False,False,False,False,False,False,False,False,False,6.614418,3.9987557,3.3444805,4.43025,3.8044057,2.9720035,3.515754,-0.8517537,2.3136003,2.793455,2.0824845,2.6816854,3.2542388,2.5730991,2.6156623,0.6542752,-1.0857697,0.62584454,0.83240217,-0.54375035,-0.43149453,1.4582467,0.2886518,-1.0253581,-2.1786716,-1.1533136,-1.0114164,0.095932536,6.0,6.0,,0.4731379344466296,1.966801771506458,1.5832484382432237,3.1139358330716056,3.3462724566673177,True,,gdn-grizli-v7.4-f444w-clear_drc_sci.fits,0.0399999999999996,False,False,False
599,high_recall,untested,0.7678092,0.03356514,99.681404,primer-cosmos-west,49574,393545,150.1363368082649,2.260544677095236,365759,1,27.202202506698768,13.135639694121078,0.2167764509228595,5.171121597290039,False,0,False,,,0,0,0,0,,,,,False,False,False,False,False,False,False,False,False,False,6.256817,7.195698,6.1147346,5.405997,4.2864685,3.8629584,3.2968352,-0.52412987,-1.4215199,-0.14949177,1.0836917,2.6443324,3.0945332,3.269922,-0.93888104,1.0809634,0.70873773,1.1195285,0.42351002,0.56612325,1.7897011,1.5430385,0.98963326,-4.800028,-5.154907,-0.3548794,-0.6639879,0.44336107,4.0,3.0,,,,0.7133733095250406,,,False,aperture d040 covers a NaN or non-finite pixel,primer-cosmos-west-grizli-v7.4-f444w-clear_drc_sci.fits,0.0399999999999996,False,False,False
600,high_recall,untested,0.7672051,0.0476909,99.68054,primer-uds-north,24676,88730,34.38565734980268,-5.170413970936184,84716,1,26.70723517699323,13.116312123422269,0.1159234330810225,6.736535549163818,False,0,False,,,0,0,0,0,,,,,False,False,False,False,False,False,False,False,False,False,5.1633782,3.5646036,3.8740015,3.4691813,3.1648216,2.6112933,2.805069,0.6835839,2.2730796,2.1763752,2.7387004,3.2810023,3.856655,3.2684538,1.5987749,-0.30939803,0.40482008,0.3043598,0.55352837,-0.19377573,0.09542205,0.85788816,0.35975266,-1.3298674,-1.9673425,-0.6374752,-0.93582875,0.1715202,6.0,6.0,,0.4471032801959256,2.0759341218345533,2.864159342035293,5.945806108502268,6.4060351800152,True,,primer-uds-north-grizli-v7.2-f444w-clear_drc_sci.fits,0.0399999999999996,False,False,False
601,high_recall,untested,0.76626706,0.040426932,99.68033,primer-cosmos-west,9766,291703,150.04339001297336,2.1588871127234994,274350,3,26.200022937794404,10.268081281669971,0.0,1.312084436416626,True,13,False,,,0,0,0,0,,,,,False,False,False,False,False,False,False,False,False,False,2.2560115,-0.13314156,-0.2897183,0.8781047,8.828037,12.387586,2.2991705,2.1372237,4.6257854,5.135793,4.259675,-1.352624,-4.608131,3.0245502,2.389153,0.15657674,-1.167823,-7.949932,-3.5595486,10.088415,-1.0112463,-11.50948,6.528867,2.869779,-101.53528,-104.40505,-2.39794,-1.290591,5.0,5.0,,0.1705190597596517,3.792022869924224,9.372591397884502,35.54108093123309,54.96506614037904,True,,primer-cosmos-west-grizli-v7.4-f444w-clear_drc_sci.fits,0.0399999999999996,False,False,False
602,high_recall,untested,0.7661492,0.0597773,99.680115,ceers-full,76948,572938,214.85845366274933,52.905187613606735,535946,1,26.104503865786423,34.670952025589145,0.1115042372577059,5.533571243286133,False,0,False,,,0,0,0,0,,,,,False,False,False,False,False,False,False,False,False,False,3.135063,2.8555658,2.8064294,2.6021852,2.399577,1.9938097,2.2037888,3.4569104,3.8781314,3.7584229,3.9946296,4.5132594,4.8833456,4.2392573,0.27949733,0.049136415,0.20424406,0.20260827,0.40576723,-0.20997903,0.25338048,0.6083755,0.19578822,-1.3342087,-1.5513879,-0.21717918,-0.9527086,0.14583305,7.0,7.0,,0.4578519823767011,1.9706039183003272,5.588942648767085,11.013592282816226,12.206876597443102,True,,ceers-full-grizli-v7.4-f444w-clear_drc_sci.fits,0.0399999999999993,False,False,False
603,high_recall,untested,0.76585466,0.040788364,99.6799,gdn,21949,531469,189.3312910475068,62.18809879576552,496707,1,24.93110489106919,102.3033059710702,0.2905062762718751,4.461165428161621,False,0,False,,,0,0,0,0,,,,,False,False,False,False,False,False,False,False,False,False,5.374251,5.5044355,4.3506784,3.6351094,1.9910042,1.3808846,1.0310224,1.2348837,0.8441088,1.9833528,3.1519313,4.7164307,5.194234,5.321113,-0.1301847,1.1537572,0.7155689,1.6441052,0.61011964,0.34986216,1.8693261,2.2542248,0.9599818,-5.385974,-4.5664773,0.8194967,-0.5368445,0.5705045,6.0,5.0,,0.2820470852673822,2.761686584156467,4.673736264259775,12.907394738891783,16.570766047197566,True,,gdn-grizli-v7.4-f444w-clear_drc_sci.fits,0.0399999999999996,False,False,False
604,high_recall,untested,0.7658015,0.0242996,99.67969,ceers-full,32893,571189,214.8513468423249,52.79929456707593,534297,1,23.91362682900624,123.0282394900786,0.5089516067504883,7.509224414825439,False,1,False,,,0,0,0,0,,,,,False,False,False,False,False,False,False,False,False,False,2.0371933,0.22297058,0.7317727,1.1859801,1.2783251,0.75374424,0.013614179,3.9665196,5.6501207,5.064827,4.816655,4.7950964,5.346952,5.5055776,1.8142228,-0.5088022,-0.4542073,-0.092345074,0.52458084,0.74013007,-0.9630095,0.43223578,1.2647109,2.7349231,-6.6587205,-9.393643,-0.29332352,0.80521816,7.0,7.0,,0.5189374103115917,1.6581028660691757,19.85814568435285,32.92684827404469,38.26693795775716,True,,ceers-full-grizli-v7.4-f444w-clear_drc_sci.fits,0.0399999999999993,True,True,False
605,high_recall,secure z>3 (V untested),0.76573116,0.04645974,99.679474,primer-uds-south,44945,21206,34.25148381846515,-5.246570821678402,20181,1,26.51287657839211,16.63974540847927,0.1221449137915656,6.8425068855285645,False,0,False,,,3,0,0,2,3.0,6.7938473,G395M,excels-uds04-v4_g395m-f290lp_3543_48659.spec.fits;rubies-uds1-v4_g395m-f290lp_4233_40021.spec.fits;rubies-uds2-v4_g395m-f290lp_4233_40021.spec.fits,False,False,False,False,False,False,False,False,False,False,3.6895068,2.8700485,3.1297648,2.9263794,3.1943264,2.4136925,2.6113608,2.2655132,3.054549,3.0063922,3.3779006,3.4347003,4.1597905,3.505843,0.8194582,-0.25971612,0.20338525,-0.2679469,0.7806339,-0.19766854,-0.05633087,0.5126871,0.58296543,-0.6956729,-2.8949397,-2.1992667,-0.9131246,0.19757369,7.0,7.0,,0.4479690666540407,1.8773584689214324,3.347656294523817,6.28475089556243,7.472963076508938,True,,primer-uds-south-grizli-v7.2-f444w-clear_drc_sci.fits,0.0399999999999996,False,False,False
606,high_recall,untested,0.76568455,0.05794412,99.67926,ceers-full,70101,558766,214.79270506755984,52.84175052746577,522475,1,27.115273552361145,12.7609205410585,0.1358566201673496,7.557937622070312,False,0,False,,,0,0,0,0,,,,,False,False,False,False,False,False,False,False,False,False,5.577628,4.830582,4.3400207,4.200786,3.9738996,3.6755016,3.2106955,0.55852324,1.9954811,2.3285096,2.6220243,3.0053601,3.3117015,3.2410662,0.7470459,0.49056143,0.13923442,0.22688666,0.29839796,0.46480626,0.62979585,0.5252846,0.7632042,-3.1995127,-3.8783898,-0.6788771,-0.8669192,0.23162249,6.0,6.0,,0.3610080680488102,2.392143460545404,1.6656956865362311,3.984583043806332,4.614012355843028,True,,ceers-full-grizli-v7.4-f444w-clear_drc_sci.fits,0.0399999999999993,False,False,False
607,high_recall,untested,0.76555175,0.040568322,99.67905,primer-uds-south,63932,16017,34.2398743738249,-5.213690937241603,15183,1,27.075112614432136,6.373363555935298,0.0956680844959253,2.45530652999878,True,3,False,,,0,0,0,0,,,,,False,False,False,False,False,False,False,False,False,False,3.1502256,7.9946666,2.9203107,4.069402,3.542264,3.2734814,3.170859,1.9544173,-1.2345741,2.3974717,1.540487,2.6655655,2.9439168,2.5513732,-4.844441,5.0743556,-1.1490912,0.52713805,0.26878265,0.10262232,3.9252644,0.7959207,0.37140498,-0.62223154,-1.9150019,-1.2927703,-1.0192329,0.09146538,6.0,5.0,,0.3898864670018218,2.2415244027661734,1.9578207021757148,4.388502880167669,5.0215148969676,True,,primer-uds-south-grizli-v7.2-f444w-clear_drc_sci.fits,0.0399999999999996,False,False,False
608,high_recall,untested,0.7654743,0.033645727,99.67883,primer-uds-south,47578,29540,34.27188713321816,-5.2423228283133385,28172,1,27.324857629784454,7.954107304913118,0.0296352524115324,17.914907455444336,False,2,False,,,0,0,0,0,,,,,False,False,False,False,False,False,False,False,False,False,5.173311,5.866506,6.1050982,5.3036695,3.301637,2.9651856,3.4181423,0.78541726,0.16792357,-0.11280113,1.102821,3.2877223,3.6271584,2.7707639,-0.69319504,-0.23859192,0.8014287,2.0020325,0.3364515,-0.45295668,0.5628367,2.338484,-0.116505176,0.19904438,-0.7510591,-0.9501035,-1.5281913,-0.41749308,4.0,3.0,,1.0030077766177852,0.9758111512046904,4.1296569137602885,4.0297652670968365,4.117273076073039,True,,primer-uds-south-grizli-v7.2-f444w-clear_drc_sci.fits,0.0399999999999996,False,True,False
609,high_recall,untested,0.7649841,0.043088734,99.67797,primer-cosmos-west,81934,351993,150.09817177136063,2.350001058276733,327688,1,27.03008342762695,18.297744713722963,0.0932631135527277,7.983127593994141,False,0,False,,,0,0,0,0,,,,,False,False,False,False,False,False,False,False,False,False,4.669685,3.882973,3.694623,3.7360349,3.8980587,3.9687347,3.1261666,1.4429902,2.4887588,2.8560474,2.7697723,3.194365,2.9624674,3.6006708,0.7867119,0.1883498,-0.04141178,-0.1620237,-0.07067618,0.8425681,0.14693801,-0.23269989,0.77189195,-1.1727625,-4.1297584,-2.9569957,-1.0302901,0.077058874,7.0,6.0,,0.503548870682537,1.7660404717730045,2.7456056958843957,4.848850778462325,5.452510879754045,True,,primer-cosmos-west-grizli-v7.4-f444w-clear_drc_sci.fits,0.0399999999999996,True,False,False
610,high_recall,untested,0.7647031,0.03995891,99.67754,gds-sw,50254,178064,53.07953266091612,-27.83877501754119,169413,1,26.74605286872103,68.20371845837894,0.1558449600812996,5.9271769523620605,False,0,False,,,0,0,0,0,,,,,False,False,False,False,False,False,False,False,False,False,4.186846,3.7984421,3.887102,3.7184784,3.285074,2.543655,2.8437266,3.567577,4.061662,4.0023427,4.155892,4.7489486,5.2278366,4.9157,0.38840383,-0.08865973,0.16862339,0.4334045,0.74141896,-0.30007163,0.079963654,1.1748235,0.44134736,-0.9001622,-1.9364918,-1.0363296,-0.80730724,0.30004174,7.0,7.0,,0.3893140505580681,2.1453389005826726,2.1289959935683744,4.567417924186891,5.468582473498022,True,,gds-sw-grizli-v7.0-f444w-clear_drc_sci.fits,0.0399999999999996,False,False,False
611,high_recall,untested,0.76401746,0.059225816,99.67733,primer-uds-north,11494,28755,34.27014512423418,-5.190169059443035,27433,1,26.462659960646832,10.516852670904964,0.1341476893807821,6.731556415557861,False,0,False,,,0,0,0,0,,,,,False,False,False,False,False,False,False,False,False,False,3.7781174,4.0102115,3.0498424,3.4223075,3.2100174,2.2907863,2.5612779,1.5728996,1.3925378,2.438334,2.3294375,2.8300946,3.7315068,3.048379,-0.23209418,0.9603692,-0.37246528,0.21229,0.91923136,-0.27049175,0.5879039,1.1315213,0.6487396,-0.7879131,-2.6183205,-1.8304073,-0.8724168,0.23493217,7.0,5.0,,0.3846589716278755,2.21962158805433,2.992032858144297,6.641180724104982,7.778403933962657,True,,primer-uds-north-grizli-v7.2-f444w-clear_drc_sci.fits,0.0399999999999996,False,False,False
612,high_recall,untested,0.7636739,0.03604108,99.67712,primer-cosmos-west,50573,347973,150.09520658641455,2.262487490239081,324126,1,27.695583358137,13.584732817475656,0.1267383501864415,17.914907455444336,False,2,False,,,0,0,0,0,,,,,False,False,False,False,False,False,False,False,False,False,6.2373567,5.2982244,7.3972745,6.0481596,4.3093314,3.8613865,3.7824075,-0.86130774,1.4061099,-2.6331484,0.48920333,3.2642338,3.764706,3.3034456,0.93913203,-2.0990498,1.349115,1.7388282,0.44794485,0.07897892,-0.74993485,2.186773,0.5269238,1.1311322,-2.6631036,-3.7942357,-0.8970919,0.21025701,4.0,3.0,,0.3877967390143351,2.1196956559863858,0.9748341773556776,2.066351771047892,2.513776108157636,True,,primer-cosmos-west-grizli-v7.4-f444w-clear_drc_sci.fits,0.0399999999999996,False,False,False
613,high_recall,untested,0.7635371,0.043372247,99.6769,ceers-full,34571,606519,214.98470165589737,52.898738955744335,567770,1,22.026548586963862,853.5421041270589,0.0979518924049624,1.88173508644104,False,0,False,,,0,0,0,0,,,,,False,False,False,False,False,False,False,False,False,False,1.8547205,0.19298479,-0.6730505,-1.1779945,-1.5973243,-1.7670065,-1.8734518,4.6392903,6.235108,6.664742,7.088208,7.3701077,7.4868608,7.4425426,1.6617357,0.86603534,0.50494397,0.41932973,0.16968225,0.106445335,1.3709793,0.58901197,0.27612758,-7.138357,-1.3818318,5.756525,-1.0089872,0.08955451,7.0,7.0,,0.532138862154209,1.7053809337079038,266.1883474562038,453.9525325270248,500.22346869878646,True,,ceers-full-grizli-v7.4-f444w-clear_drc_sci.fits,0.0399999999999993,True,False,False
614,high_recall,untested,0.76336306,0.054215517,99.67669,primer-cosmos-east,11068,403490,150.1463867215407,2.201681688836576,375173,1,26.75086973427345,11.94047464669582,0.1298150446992843,6.76866626739502,False,0,False,,,0,0,0,0,,,,,False,False,False,False,False,False,False,False,False,False,4.815797,2.8806198,3.1257463,3.3158386,3.05599,2.241127,2.848523,0.7835595,2.6841793,2.639582,2.5510135,3.1831088,3.7110023,3.17483,1.9351773,-0.24512647,-0.19009236,0.25984862,0.81486285,-0.6073957,-0.43521884,1.0747114,0.20746712,1.3819529,-1.3367008,-2.7186537,-0.886675,0.22234543,6.0,6.0,,0.4318213852463922,1.9826065358746523,2.50922154637366,4.974799037797919,5.81078573712121,True,,primer-cosmos-east-grizli-v7.4-f444w-clear_drc_sci.fits,0.0399999999999996,False,False,False
615,high_recall,secure low-z,0.76316667,0.054939993,99.67647,primer-uds-north,11951,147481,34.5099774806025,-5.18936127842434,141116,1,24.16144517566967,104.1680376339327,0.0825548304903511,3.1846511363983154,False,0,False,,,1,0,1,0,3.0,2.2957268,PRISM,capers-udsp1-v4_prism-clear_6368_23216.spec.fits,False,False,False,False,False,False,False,False,False,False,4.0763235,3.8597214,2.0579422,0.9562169,0.4507921,0.23737445,0.2614252,1.4564213,1.681608,3.5103548,4.7419667,5.4948115,5.7185183,5.3391757,0.2166018,1.8017794,1.1017252,0.5054248,0.21341763,-0.024050748,2.9035046,0.71884245,0.18936689,-9.269357,-0.98525304,8.284103,-1.0832576,0.024091456,7.0,5.0,,0.6047449133211682,1.5286401727617174,44.62579214366409,68.21677861211917,73.7927532099211,True,,primer-uds-north-grizli-v7.2-f444w-clear_drc_sci.fits,0.0399999999999996,True,True,False
616,high_recall,untested,0.7629609,0.030269492,99.676254,primer-uds-south,68780,113946,34.4380127616386,-5.204611487207194,108949,1,23.18484774629732,60.99226697567419,0.9399883410442156,3.696355581283569,False,2,False,,,0,0,0,0,,,,,False,False,False,False,False,False,False,False,False,False,1.5887674,2.7801347,2.10697,0.95092404,0.11906786,-0.24217376,-0.71515554,2.3783102,1.3661352,2.1466208,3.3943582,4.4251723,4.773513,4.8039613,-1.1913671,0.67316455,1.156046,0.83185613,0.3612416,0.4729818,1.8292106,1.1930977,0.8342234,-2.5136542,-4.266114,-1.75246,-0.026877534,1.0838208,7.0,6.0,,0.2264374629775609,3.1288709615125816,6.626008598689529,20.73192589517234,29.261980378865747,True,,primer-uds-south-grizli-v7.2-f444w-clear_drc_sci.fits,0.0399999999999996,False,False,False
617,high_recall,untested,0.7628955,0.0461001,99.67604,primer-cosmos-west,95888,355593,150.1010230195763,2.4059444549177607,330873,1,26.51021760244549,24.693009403446485,0.0999306938098273,4.951253414154053,False,0,False,,,0,0,0,0,,,,,False,False,False,False,False,False,False,False,False,False,3.624428,3.276164,3.1761014,3.2456844,2.6595342,2.54815,2.6087093,2.3056815,2.8484037,3.0829334,3.2649443,4.1073103,4.2956853,3.900077,0.34826407,0.10006247,-0.06958291,0.58615017,0.111384176,-0.060559284,0.030479558,0.6975344,0.050824896,-0.5337752,-0.3598521,0.17392312,-1.0003011,0.10704787,7.0,7.0,,0.5316416598211858,1.6990310729207847,4.222524658272817,7.174200600579733,7.94242621936933,True,,primer-cosmos-west-grizli-v7.4-f444w-clear_drc_sci.fits,0.0399999999999996,True,True,False
618,high_recall,untested,0.7617052,0.04622143,99.67561,gdn,86647,497262,189.22546778663263,62.31364971179252,464655,1,27.19360643318176,13.351918585021814,0.1241425945477582,1.244929552078247,False,0,False,,,0,0,0,0,,,,,False,False,False,False,False,False,False,False,False,False,4.8998723,3.9727747,4.79832,4.528492,3.4819615,3.3664172,3.288323,1.4182079,2.662262,1.4510659,1.7523713,3.371708,3.60475,3.2862067,0.9270975,-0.825545,0.2698276,1.0465306,0.115544446,0.07809424,-0.5557174,1.162075,0.19363868,0.8649987,-0.9740814,-1.8390801,-0.9060792,0.20126979,7.0,4.0,,0.4020967430837447,2.11983809447891,1.678987331897466,3.5591813063037536,4.175580530747505,True,,gdn-grizli-v7.4-f444w-clear_drc_sci.fits,0.0399999999999996,False,False,False
619,high_recall,untested,0.76058775,0.03934686,99.67497,gds,62558,247070,53.18929600440044,-27.75245306312889,233402,1,24.74872806733506,238.3432222413564,0.0856344598033372,4.023100852966309,False,0,False,,,0,0,0,0,,,,,False,False,False,False,False,False,False,False,False,False,2.5326293,2.4541028,2.3745613,1.8479508,0.7430438,0.9710727,0.8486692,4.831555,5.028781,5.0612044,5.378674,6.3261757,6.132738,6.1668634,0.0785264,0.07954153,0.52661043,1.104907,-0.22802888,0.122403495,0.606152,0.8768782,-0.10562539,-2.1696794,0.5640376,2.733717,-1.0673515,0.03999753,7.0,7.0,,0.5954021093087278,1.5537251181571932,25.54263962366087,39.68624076731909,42.899813796958696,True,,gds-grizli-v7.2-f444w-clear_drc_sci.fits,0.0399999999999996,True,True,False
620,high_recall,untested,0.76049,0.033616737,99.67476,primer-cosmos-east,33515,383724,150.12643732301348,2.2945416416638613,356453,1,23.26190157507857,191.96897742913305,0.3026914558100666,3.474162340164185,False,0,False,,,0,0,0,0,,,,,False,False,False,False,False,False,False,False,False,False,4.726068,5.608952,3.3190122,2.2113101,0.83191246,0.16357158,-0.63810223,0.9019153,0.3032871,2.4509223,3.57405,5.0913625,5.5960402,5.9504876,-0.88288385,2.2899396,1.1077023,1.3793976,0.66834086,0.8016738,3.397642,2.0477386,1.4700147,-8.816911,-7.4330974,1.3838137,-0.5189998,0.59002054,6.0,5.0,,0.2679035778014341,2.9276900174405043,19.883001428759304,58.2112647997339,74.21700595389686,True,,primer-cosmos-east-grizli-v7.4-f444w-clear_drc_sci.fits,0.0399999999999996,False,False,False
621,high_recall,untested,0.7603691,0.04909318,99.674545,primer-uds-north,55553,49031,34.30831832906907,-5.12766236810912,46795,2,27.11775621617198,8.502825266135824,0.1087705556667345,5.652808666229248,False,0,False,,,0,0,0,0,,,,,False,False,False,False,False,False,False,False,False,False,3.5784638,3.7186663,4.395317,4.0414925,4.0286736,3.3720636,3.2131572,1.9413903,1.8305415,1.4126095,1.9122664,2.4594471,3.0881763,2.8369858,-0.14020255,-0.67665076,0.3538248,0.012818369,0.65661013,0.1589065,-0.32282597,0.66942847,0.81551665,1.5422235,-3.7019453,-5.2441688,-0.96348864,0.14386031,7.0,6.0,,0.399639616150219,2.1451104552811886,1.9046491452214285,4.085682795056865,4.765916761629301,True,,primer-uds-north-grizli-v7.2-f444w-clear_drc_sci.fits,0.0399999999999996,False,False,False
622,high_recall,untested,0.76026297,0.037480786,99.674324,ceers-full,37046,568749,214.8402658686572,52.80110995482696,531984,1,24.184068526019573,117.85911632852944,0.2328939720313408,2.4919443130493164,False,0,False,,,0,0,0,0,,,,,False,False,False,False,False,False,False,False,False,False,3.7906575,4.089735,2.841501,2.136232,1.3094603,0.48853278,0.2840477,2.0924523,2.1706543,3.2057111,4.0210714,5.012389,5.6909924,5.462655,-0.2990772,1.2482338,0.7052692,0.8267716,0.82092744,0.20448507,1.953503,1.6476991,1.0254126,-5.9204626,-4.764615,1.1558473,-0.63284177,0.46569994,7.0,7.0,,0.2860334463019146,2.7508577144013606,12.30702930273794,33.85488649880026,43.02653924516086,True,,ceers-full-grizli-v7.4-f444w-clear_drc_sci.fits,0.0399999999999993,False,False,False
623,high_recall,untested,0.76022464,0.03935808,99.67411,ceers-full,59156,590119,214.9208071642931,52.91018235898447,552194,1,27.722073927370506,17.778036029111718,0.100964595668147,7.3912248611450195,False,0,False,,,0,0,0,0,,,,,False,False,False,False,False,False,False,False,False,False,5.33126,4.656256,4.4192576,4.5446744,4.7371526,4.5541,3.8082516,1.4556422,2.4974666,2.7116537,2.9526494,2.8877158,3.0058272,3.571901,0.675004,0.23699869,-0.12541664,-0.19247846,0.18305245,0.7458486,0.11158206,-0.009426017,0.928901,-1.427845,-5.065351,-3.637506,-0.9958309,0.10271079,7.0,6.0,,0.5359278466662531,1.7189853716539767,1.368135017229003,2.3518040810642176,2.552834352123157,True,,ceers-full-grizli-v7.4-f444w-clear_drc_sci.fits,0.0399999999999993,True,False,False
624,high_recall,untested,0.7599596,0.033641696,99.6739,primer-cosmos-west,96120,369121,150.11260465340055,2.4066742735754763,342971,1,23.13744617858968,200.5704950714716,0.2562791694137175,2.446091890335083,False,0,False,,,0,0,0,0,,,,,False,False,False,False,False,False,False,False,False,False,4.945202,5.60772,2.8923447,2.005738,0.5951082,-0.03765111,-0.76255685,0.71774864,0.33327565,2.6780245,3.8472915,5.263819,5.824859,5.994319,-0.6625177,2.715375,0.8866068,1.4106297,0.63275933,0.7249057,3.6019819,2.043389,1.3576651,-7.8628054,-6.786684,1.0761214,-0.5912867,0.51606226,5.0,5.0,,0.2695149631349665,2.848179933331944,26.5862359908143,75.72238385186479,98.64474937334208,True,,primer-cosmos-west-grizli-v7.4-f444w-clear_drc_sci.fits,0.0399999999999996,False,False,False
625,high_recall,untested,0.75982606,0.0401725,99.67368,gdn,14863,498795,189.23058003608529,62.173538660409925,466112,1,24.279826895757147,148.60257663883678,0.3079310989253888,3.873631477355957,False,0,False,,,0,0,0,0,,,,,False,False,False,False,False,False,False,False,False,False,3.6962812,3.6594093,2.7837472,1.9568346,1.3363155,0.62369823,0.37980205,2.737211,2.2754457,2.8957567,4.3249354,4.905905,5.4470277,5.694434,0.03687195,0.87566197,0.8269127,0.6205191,0.7126173,0.24389619,1.7025746,1.3331363,0.95651346,-5.519328,-4.4001565,1.1191716,-0.51154643,0.59580255,7.0,7.0,,0.255113935362201,2.946801692785954,7.090291554935791,20.893683156430743,27.79264701816177,True,,gdn-grizli-v7.4-f444w-clear_drc_sci.fits,0.0399999999999996,False,False,False
626,high_recall,untested,0.75948054,0.048023153,99.67347,gds-sw,25604,160442,53.0445091964409,-27.880519069384405,153136,1,26.26522625279796,100.7000241131934,0.1361297399594893,5.925148010253906,False,0,False,,,0,0,0,0,,,,,False,False,False,False,False,False,False,False,False,False,3.4885354,3.1284747,3.0633423,3.142873,2.5523918,2.006314,2.364265,4.2471685,4.675528,4.756275,4.6984744,5.319581,5.580495,5.305318,0.36006078,0.06513231,-0.07953074,0.59048134,0.54607755,-0.35795093,-0.014398426,1.1365589,0.18812662,-0.64205414,-1.066155,-0.42410082,-0.86604697,0.24130198,7.0,7.0,,0.3298060096657532,2.5674751538021847,3.234357884672462,8.304133507400739,9.806849450531146,True,,gds-sw-grizli-v7.0-f444w-clear_drc_sci.fits,0.0399999999999996,False,False,False
627,high_recall,untested,0.75830567,0.07031756,99.67304,primer-cosmos-east,78052,444245,150.20065529842108,2.459232088047151,414066,1,26.35228129135081,21.33469497131095,0.0861398221143116,4.730445384979248,False,1,True,,,0,0,0,0,,,,,False,False,False,False,False,False,False,False,False,False,2.63881,2.5851245,2.8452723,2.5906518,1.6438257,1.6363263,2.451153,2.7681625,3.14076,3.0982826,3.2037783,4.609486,4.3509474,3.7540307,0.0536855,-0.26014775,0.25462037,0.9468262,0.007499305,-0.81482685,-0.0055273795,0.95432556,-0.80732757,0.025727104,2.4671972,2.4414701,-1.064796,0.044224374,7.0,7.0,,0.6353564753955984,1.4602722898603482,5.869779393898672,8.5714761965035,9.238560746931732,True,,primer-cosmos-east-grizli-v7.4-f444w-clear_drc_sci.fits,0.0399999999999996,True,True,False
628,high_recall,untested,0.75829643,0.04900387,99.67283,primer-uds-south,63818,57656,34.322780459264386,-5.213929026638208,54988,1,26.125083179956825,13.431991552414337,0.1292951478623705,8.720175743103027,False,0,False,,,0,0,0,0,,,,,False,False,False,False,False,False,False,False,False,False,6.0154586,4.2502613,3.1859832,3.0318365,3.017309,2.8642447,2.2243404,-0.14728282,1.2506652,2.3673668,2.7174966,3.0388913,3.2050653,3.2921693,1.7651975,1.064278,0.1541466,0.014527658,0.15306422,0.6399042,1.2184246,0.16759187,0.7929684,-3.4476724,-4.130707,-0.68303436,-0.8884178,0.22228052,6.0,5.0,,0.4139541618353631,2.0986055942882254,4.373045799233165,9.177298378349343,10.564082215876846,True,,primer-uds-south-grizli-v7.2-f444w-clear_drc_sci.fits,0.0399999999999996,False,False,False
629,high_recall,secure z>3 (V untested),0.75700086,0.049727645,99.672615,primer-uds-south,47484,52961,34.31472540171579,-5.242527652091045,50529,1,26.70368227411683,11.590208895184231,0.1459877487150244,7.139130592346191,False,0,False,,,1,0,0,1,3.0,7.13107,G395M,rubies-uds43-v4_g395m-f290lp_4233_853923.spec.fits,False,False,False,False,False,False,False,False,False,False,4.8861084,4.093554,5.0681214,4.1561933,3.5381095,3.369682,2.8015301,0.8670247,1.6396304,0.9169875,1.9404651,2.9413574,3.0966756,3.1451638,0.7925548,-0.9745677,0.9119284,0.6180835,0.16842751,0.568152,-0.06263929,0.786511,0.7365795,-0.84653264,-3.7804089,-2.933876,-0.8356836,0.2750147,6.0,4.0,,0.4424831937885729,1.9222437245909816,2.6973814226772777,5.185024512569691,6.096008753648029,True,,primer-uds-south-grizli-v7.2-f444w-clear_drc_sci.fits,0.0399999999999996,False,False,False
630,high_recall,untested,0.75698686,0.047568653,99.67239,primer-cosmos-east,39895,411498,150.15505485306034,2.314732695774841,382773,1,27.61919120839806,10.946074068122725,0.1124689964559851,6.357679843902588,False,0,False,,,0,0,0,0,,,,,False,False,False,False,False,False,False,False,False,False,4.7628403,4.7593565,4.307101,4.402909,3.9593732,3.3851128,3.7077181,1.52926,1.6417465,2.2769835,2.7985492,3.2130945,3.7098005,3.088208,0.003483623,0.45225585,-0.09580835,0.44353577,0.57426035,-0.32260522,0.3564475,1.0177962,0.25165513,-0.92651784,-1.7446884,-0.8181706,-0.94896716,0.16005322,7.0,5.0,,0.4230886862462044,2.064479846629729,1.2323754490398853,2.5442142780241057,2.9128064377565024,True,,primer-cosmos-east-grizli-v7.4-f444w-clear_drc_sci.fits,0.0399999999999996,False,False,False
631,high_recall,untested,0.75696784,0.047825202,99.67218,primer-cosmos-east,13393,405041,150.1479817879349,2.212470680169846,376639,1,27.38853068256472,13.087497937919158,0.1070352346538268,6.699459075927734,False,0,False,,,3,0,0,0,,,G140M;G235M;G395M,aurora-gdn01-v4_g140m-f100lp_1914_419697.spec.fits;aurora-gdn01-v4_g235m-f170lp_1914_419697.spec.fits;aurora-gdn01-v4_g395m-f290lp_1914_419697.spec.fits,False,False,False,False,False,False,False,False,False,False,5.081004,4.5048203,4.483565,4.1020117,3.7460315,3.012785,3.4809883,0.78127414,1.9011159,2.0354342,2.52847,3.2051966,3.8628569,3.266261,0.57618344,0.021255495,0.38155332,0.35598025,0.73324656,-0.46820334,0.40280882,1.0892268,0.2650432,-2.1479502,-1.3338337,0.8141165,-0.97047323,0.13854717,6.0,6.0,,0.4827283971778165,1.8610011541042968,1.8043944142012212,3.3579800872878205,3.737908158604888,True,,primer-cosmos-east-grizli-v7.4-f444w-clear_drc_sci.fits,0.0399999999999996,False,False,False
632,high_recall,untested,0.7569234,0.04277888,99.67197,primer-cosmos-east,70204,437754,150.1900487706105,2.426776963695756,407848,1,26.77211561625746,16.004973132600668,0.118703475908275,6.663039207458496,False,0,False,,,0,0,0,0,,,,,False,False,False,False,False,False,False,False,False,False,3.774794,2.8629236,3.378737,3.58257,2.9806612,2.3082845,2.8696754,2.0409281,2.9829464,2.6877322,2.6329353,3.576998,4.1321535,3.4670212,0.9118706,-0.51581347,-0.20383301,0.60190904,0.6723766,-0.5613908,-0.71964645,1.2742856,0.11098573,1.7445321,-1.2146223,-2.9591544,-0.9255366,0.18348384,7.0,7.0,,0.4796381940100148,1.93499112375644,3.045517854182356,5.893050015084618,6.34961496439703,True,,primer-cosmos-east-grizli-v7.4-f444w-clear_drc_sci.fits,0.0399999999999996,False,False,False
633,high_recall,untested,0.75668365,0.03871569,99.67154,primer-uds-south,30974,97722,34.40398401310462,-5.268695317104784,93372,1,23.45625113420933,231.66133167071507,0.1558742191071518,2.9417309761047363,False,0,False,,,0,0,0,0,,,,,False,False,False,False,False,False,False,False,False,False,5.508029,4.34526,3.253219,1.6962571,0.6199079,-0.0048251995,-0.44375432,0.40403685,1.7106832,2.9011664,4.498541,5.607585,6.1305437,6.138428,1.162769,1.0920413,1.5569619,1.0763491,0.62473315,0.4389291,2.649003,1.7010822,1.0636623,-12.117459,-5.31663,6.800829,-0.8072257,0.30347258,6.0,5.0,,0.4194257594732223,2.0569005132749125,46.40558062688356,95.45166261025712,110.64075007020702,True,,primer-uds-south-grizli-v7.2-f444w-clear_drc_sci.fits,0.0399999999999996,False,False,False
634,high_recall,untested,0.75643563,0.035854876,99.671326,primer-uds-north,8814,149042,34.51533326225259,-5.19515303168288,142621,1,23.55971633106125,63.29526665501188,0.3468986764882347,3.689588785171509,False,0,False,barro25,1.6012327433189826,0,0,0,0,,,,,False,False,False,False,False,False,False,False,False,False,2.6790152,3.4305265,2.5097015,1.4485008,0.46520227,0.16956091,-0.34029025,1.77507,1.1768931,2.1489704,3.299639,4.4979124,4.8189287,4.84102,-0.7515113,0.9208249,1.0612009,0.98329854,0.29564136,0.50985116,1.9820257,1.2789398,0.8054925,-4.882896,-4.165936,0.71696,-0.45979735,0.6475516,7.0,5.0,,0.2521120640681545,3.007387689018422,11.624518059697772,34.959432503507394,46.10853551441024,True,,primer-uds-north-grizli-v7.2-f444w-clear_drc_sci.fits,0.0399999999999996,False,False,False
635,high_recall,untested,0.75611746,0.048574496,99.67111,primer-uds-north,70986,34016,34.282326013434265,-5.10600378282831,32491,1,23.306087924800188,424.6156287855548,0.1583993254336261,2.048119068145752,False,0,False,,,0,0,0,0,,,,,False,False,False,False,False,False,False,False,False,False,4.163874,2.967709,1.8175911,1.1880201,0.44994938,-0.17732583,-0.5939162,2.8208394,2.3469138,4.8811536,4.337898,6.2043014,6.524248,6.744333,1.1961651,1.1501181,0.62957096,0.7380707,0.62727517,0.4165904,1.7796891,1.365346,1.0438656,-6.376532,-5.2207575,1.1557744,-0.80024666,0.3071023,7.0,7.0,,0.4333149338518643,2.009758760537037,53.7326752869321,107.98971488500376,124.00374667285638,True,,primer-uds-north-grizli-v7.2-f444w-clear_drc_sci.fits,0.0399999999999996,False,False,False
636,high_recall,untested,0.7558115,0.035823558,99.6709,gdn,32246,522081,189.30212415774668,62.20915757903436,487878,1,27.72946843111108,10.352942176025804,0.0766491164676364,0.9869348406791688,True,11,False,,,0,0,0,0,,,,,False,False,False,False,False,False,False,False,False,False,2.5236578,7.214992,5.8764443,3.6569319,6.9287224,7.0942345,3.8154602,4.2807508,-1.8609911,0.24175851,3.3235118,-0.7067359,-0.8409202,3.0327423,-4.6913342,1.3385481,2.2195122,-3.2717905,-0.16551177,3.278774,3.5580604,-3.4373024,3.1132624,3.5673068,-19.141342,-22.708649,-1.1154928,-0.00814388,3.0,3.0,,0.5502129256061825,1.4878195230377511,1.0026916212740855,1.4918241697179595,1.8223701672755088,True,,gdn-grizli-v7.4-f444w-clear_drc_sci.fits,0.0399999999999996,True,True,False
637,high_recall,untested,0.7555417,0.04802422,99.670685,gdn,83379,535305,189.3442921547514,62.30434764428868,500281,1,27.965709444869454,12.96020412430613,0.1399187504277591,1.5029491186141968,False,0,False,,,0,0,0,0,,,,,False,False,False,False,False,False,False,False,False,False,5.863155,4.7333007,4.9444704,5.7118487,4.9124074,4.3218675,4.0442843,-0.20680667,2.4067771,2.2173388,1.1351086,2.6970387,3.0950863,3.2565157,1.1298542,-0.21116973,-0.76737815,0.7994415,0.5905397,0.27758312,-0.97854793,1.3899812,0.8681228,-0.37870005,-4.127343,-3.7486434,-0.85412407,0.25322488,6.0,5.0,,0.3036051558451734,2.576698639977078,0.6164696882745931,1.5884566073642372,2.030498087420387,True,,gdn-grizli-v7.4-f444w-clear_drc_sci.fits,0.0399999999999996,False,False,False
638,high_recall,untested,0.7555146,0.047307383,99.67047,primer-uds-north,21107,15257,34.23823728646996,-5.175120162835909,14457,1,27.53218514884984,17.324157393642434,0.1399672042611608,7.992364883422852,False,0,False,,,0,0,0,0,,,,,False,False,False,False,False,False,False,False,False,False,5.6740136,4.6625333,4.454709,5.908112,4.414875,4.4179564,3.6223884,0.53557366,2.206222,2.5331128,0.26901037,2.9230165,2.8790035,3.546081,1.0114806,0.20782425,-1.4534034,1.4932371,-0.0030811196,0.79556787,-1.2455791,1.490156,0.7924867,-4.252346,-4.4129977,-0.16065201,-0.8539737,0.25337526,5.0,5.0,,0.3840023449645617,2.124760361953906,1.1043887873122271,2.3465615194673632,2.8759949041825448,True,,primer-uds-north-grizli-v7.2-f444w-clear_drc_sci.fits,0.0399999999999996,False,False,False
639,high_recall,untested,0.75541425,0.05288646,99.67025,primer-cosmos-east,70678,389660,150.13238090188676,2.428811386764985,362073,1,28.291306594148864,13.437936661587964,0.0784785103735001,5.3470234870910645,False,0,False,,,0,0,0,0,,,,,False,False,False,False,False,False,False,False,False,False,6.3410654,5.914376,6.073046,5.636503,5.800743,5.06115,4.3531685,-0.7545833,0.18072835,-0.23720954,1.1379378,1.1823623,2.1985106,3.2926106,0.42668957,-0.1586706,0.43654326,-0.16423985,0.7395931,0.70798117,0.27787262,0.57535326,1.4475743,-1.8220986,-7.3594866,-5.537388,-1.1052493,0.003771154,4.0,2.0,,0.7043639563859907,1.3919478692595826,1.1088741775407245,1.5434950487047832,1.574291483099488,True,,primer-cosmos-east-grizli-v7.4-f444w-clear_drc_sci.fits,0.0399999999999996,False,True,False
640,high_recall,untested,0.7551129,0.039023954,99.67004,primer-uds-north,6354,39553,34.29245744895076,-5.199668489007562,37777,1,24.4103131888417,41.6701931182533,0.2859228628965876,5.207030296325684,False,0,False,,,0,0,0,0,,,,,False,False,False,False,False,False,False,False,False,False,2.8572552,2.3643353,2.6295662,2.0880756,1.1411062,1.0567521,0.5102816,2.1915128,2.6415863,2.6018682,3.3025744,4.3206043,4.4411182,4.423077,0.4929199,-0.2652309,0.54149055,0.94696933,0.08435417,0.5464705,0.27625966,1.0313234,0.6308247,-1.8656116,-3.179407,-1.3137953,-0.5437511,0.56359786,7.0,7.0,,0.3129935256594785,2.5375516211739044,8.734874045075946,22.165193793832326,27.90752309227973,True,,primer-uds-north-grizli-v7.2-f444w-clear_drc_sci.fits,0.0399999999999996,False,False,False
641,high_recall,untested,0.7549644,0.04329133,99.66982,primer-uds-north,26618,48104,34.30672102276907,-5.167754957313241,45921,1,28.020803074488555,11.655151471346864,0.110255603133657,1.761863112449646,False,0,False,,,0,0,0,0,,,,,False,False,False,False,False,False,False,False,False,False,5.24526,4.484733,4.066618,6.237029,4.363463,4.1632667,4.0971622,1.8319181,2.4469402,3.1371338,-0.026238399,2.8663929,3.3964636,3.1507308,0.76052696,0.4181147,-2.1704106,1.873566,0.20019625,0.0661045,-1.752296,2.0737622,0.26630074,-5.0090027,-1.2612028,3.7478,-0.95759934,0.14974964,6.0,6.0,,0.4296357644706736,2.037083774246398,1.117709444342743,2.2768677733925595,2.6015279377865586,True,,primer-uds-north-grizli-v7.2-f444w-clear_drc_sci.fits,0.0399999999999996,False,False,False
642,high_recall,untested,0.7546613,0.038994614,99.66918,primer-uds-south,24946,144408,34.50261461690457,-5.278188395174535,138201,1,25.98280686048445,18.91919198825052,0.0,-1.0,True,11,False,,,0,0,0,0,,,,,False,False,False,False,False,False,False,False,False,False,1.5489112,2.0631754,-1.9267578,1.7224333,15.306011,1.7546762,2.0822353,3.3713493,3.3559134,6.7847695,3.9297328,-7.9184675,4.2463326,3.6340218,-0.5142641,3.9899333,-3.6491911,-13.583578,13.551335,-0.32755896,0.34074202,-0.03224293,13.223777,1.3143345,-94.72445,-96.03878,-2.39794,-1.2872417,6.0,6.0,,0.1896080373718112,3.619853277713241,1.7757197798284317,6.427845065312183,9.365213650444256,True,,primer-uds-south-grizli-v7.2-f444w-clear_drc_sci.fits,0.0399999999999996,False,False,False
643,high_recall,untested,0.7544991,0.03977947,99.66897,primer-uds-south,49181,83339,34.374347210626844,-5.239821903715959,79557,1,23.99101354069442,111.8511118144877,0.1562279468022346,3.4103307723999023,False,0,False,,,0,0,0,0,,,,,False,False,False,False,False,False,False,False,False,False,7.3025804,3.8203037,4.4925003,1.7691646,0.9339999,0.46499196,0.090998955,-1.2852519,1.7846395,1.356211,4.048942,5.0911317,5.506576,5.410336,3.482277,-0.67219675,2.7233357,0.83516467,0.46900794,0.373993,2.051139,1.3041726,0.84300095,-12.708855,-4.1858177,8.523037,-0.8062413,0.304457,6.0,4.0,,0.4145406981333012,2.094192092061441,27.295690505806903,57.16241920461737,65.8456229478091,True,,primer-uds-south-grizli-v7.2-f444w-clear_drc_sci.fits,0.0399999999999996,False,False,False
644,high_recall,untested,0.7543329,0.051238474,99.668755,primer-cosmos-east,82509,390791,150.13351638705572,2.480095674402265,363141,1,27.971357346254752,14.505912649108808,0.1006136967356825,1.5587974786758425,False,1,False,,,0,0,0,0,,,,,False,False,False,False,False,False,False,False,False,False,4.203472,3.5129235,4.6422853,5.8213525,4.602178,4.5864663,4.0497146,1.5799164,2.5768824,2.6880856,0.4934174,2.0092556,2.091754,3.3688896,0.6905485,-1.1293617,-1.1790675,1.2191745,0.015711783,0.53675157,-2.3084292,1.2348863,0.55246335,6.736453,-3.30132,-10.037773,-0.9973429,0.11167751,6.0,5.0,,0.5248028174957577,1.7546203596388517,1.094358915424943,1.920184433756897,2.0852763722705987,True,,primer-cosmos-east-grizli-v7.4-f444w-clear_drc_sci.fits,0.0399999999999996,True,False,False
645,high_recall,untested,0.75419724,0.03491942,99.66833,primer-uds-south,16635,104366,34.4175821667316,-5.292597930448222,99751,1,25.72999385894809,48.76285250487995,0.1398266656269543,3.5431387424468994,False,0,False,,,0,0,0,0,,,,,False,False,False,False,False,False,False,False,False,False,3.1839929,3.145504,3.2625637,2.7326963,2.4032786,2.207509,1.8296349,2.5711317,3.0646017,3.0880497,3.7082922,4.2974463,4.530872,4.580221,0.038488943,-0.11705982,0.5298675,0.32941762,0.19576962,0.3778741,0.41280764,0.52518725,0.57364374,-1.7286055,-2.94993,-1.2213243,-0.85441,0.2562883,7.0,7.0,,0.341252026525209,2.540584543312146,5.415814135554141,13.759333682240282,15.87042336627432,True,,primer-uds-south-grizli-v7.2-f444w-clear_drc_sci.fits,0.0399999999999996,False,False,False
646,high_recall,untested,0.75341403,0.05750893,99.66789,primer-uds-north,14659,121120,34.45413559476808,-5.184650366060568,115858,1,27.527347360516465,4.583776601372533,0.0304568834642603,5.3647966384887695,True,7,False,,,0,0,0,0,,,,,False,False,False,False,False,False,False,False,False,False,7.7691436,8.174489,5.413733,8.755157,4.769326,4.1310816,3.6176362,-1.6142193,-1.660568,0.47959486,-2.2769563,1.4735835,2.0492923,2.227362,-0.4053456,2.7607558,-3.3414242,3.9858313,0.6382445,0.5134452,-0.58066833,4.624076,1.1516898,2.817969,-5.674365,-8.492334,-1.5163145,-0.40896556,3.0,2.0,,0.7170836676534962,1.2796651621355537,2.087392851861593,2.671163912218061,2.9109474194164013,True,,primer-uds-north-grizli-v7.2-f444w-clear_drc_sci.fits,0.0399999999999996,False,True,False
647,high_recall,untested,0.75139695,0.061911896,99.666824,primer-uds-south,62727,77594,34.36175608167261,-5.216002881401389,74038,1,26.75570663073892,7.968169804333009,0.1227861770345263,7.098214149475098,False,0,True,,,0,0,0,0,,,,,False,False,False,False,False,False,False,False,False,False,4.027164,3.1919513,3.3927875,3.8289528,3.7147057,3.435876,2.8533387,1.4122449,2.2148511,2.2217646,2.0116918,2.3827908,2.6989822,2.7725165,0.8352126,-0.2008362,-0.43616524,0.11424719,0.2788298,0.58253706,-0.63700145,0.393077,0.86136687,1.1514789,-4.520483,-5.671962,-0.9108505,0.19984777,7.0,6.0,,0.4423098835380242,1.839611857476413,2.657705617806553,4.8891467681986125,6.008695977009696,True,,primer-uds-south-grizli-v7.2-f444w-clear_drc_sci.fits,0.0399999999999996,False,False,False
648,high_recall,untested,0.75079906,0.027413866,99.66661,primer-cosmos-east,77370,376293,150.1191579399745,2.455956365004632,349544,1,26.84865060225849,17.16536346743857,0.3160921644208637,1.1659140586853027,True,16,False,,,0,0,0,0,,,,,False,False,False,False,False,False,False,False,False,False,8.20261,7.8690205,8.242071,4.8620114,6.9453154,6.2746897,2.9458423,-1.6367193,-1.1743675,-2.567698,0.9606654,-0.27909932,0.18877569,3.5368881,0.3335896,-0.37305027,3.3800595,-2.0833044,0.67062575,3.3288476,3.0070093,-1.4126786,3.9994733,-2.3010786,-22.762863,-20.461784,-0.50018626,0.60883415,2.0,1.0,,0.1673160611790363,3.922818991019004,0.8626213507609496,3.3839074168235186,5.15563983924952,True,,primer-cosmos-east-grizli-v7.4-f444w-clear_drc_sci.fits,0.0399999999999996,False,False,False
649,high_recall,untested,0.7507894,0.04551971,99.6664,primer-uds-south,12870,137692,34.48929290248872,-5.298891221297602,131747,1,23.512980983313,286.1575923880545,0.1069869079528001,3.5128562450408936,False,0,False,,,0,0,0,0,,,,,False,False,False,False,False,False,False,False,False,False,2.7072701,2.306639,1.604249,0.3558949,-0.04992283,-0.16798152,-0.38702506,2.7165084,3.6969342,4.498883,5.682017,6.2142806,6.3671937,6.349693,0.4006314,0.7023898,1.2483542,0.40581775,0.1180587,0.21904354,1.9507439,0.5238764,0.33710223,-8.99195,-1.6676046,7.324345,-0.9706694,0.14002894,7.0,7.0,,0.5162587043015834,1.7482405087983224,62.79231388969917,109.77606678315163,121.62955000370846,True,,primer-uds-south-grizli-v7.2-f444w-clear_drc_sci.fits,0.0399999999999996,True,False,False
650,high_recall,untested,0.7506346,0.039334625,99.66618,primer-uds-north,21486,62532,34.33151581256949,-5.174648150406686,59628,1,25.40832557483056,32.64613316253676,0.1665133607391091,7.301435470581055,False,0,False,,,0,0,0,0,,,,,False,False,False,False,False,False,False,False,False,False,5.724958,2.905476,2.8631036,2.564233,2.3730924,2.2870915,1.5081271,0.077542454,2.7050722,2.928898,3.4063754,3.803403,3.8499494,4.179108,2.8194818,0.042372454,0.2988706,0.19114073,0.086000726,0.7789645,0.34124306,0.27714145,0.8649652,-1.8874196,-4.6322784,-2.7448587,-0.7785509,0.32879806,6.0,6.0,,0.3077160373783855,2.682806791289375,5.908934839504813,15.852530516709905,19.202557298756723,True,,primer-uds-north-grizli-v7.2-f444w-clear_drc_sci.fits,0.0399999999999996,False,False,False
651,high_recall,secure low-z,0.75050443,0.04625166,99.66596,primer-cosmos-east,25637,399096,150.14196562515718,2.265090863674114,371005,1,21.109179558137903,992.6119298530084,0.1257909699605888,2.203898429870605,False,1,False,,,1,0,1,0,3.0,2.20457,PRISM,capers-cos04-v4_prism-clear_6368_40876.spec.fits,False,False,False,False,False,False,False,False,False,False,1.1228898,0.07111018,-1.0071529,-1.6289831,-2.0020802,-2.4239895,-2.7908206,4.4745855,5.720013,6.3998833,6.945116,7.179401,7.3701167,7.5934873,1.0517795,1.0782632,0.6218301,0.3730972,0.42190912,0.3668311,1.7000933,0.79500633,0.7887402,-7.5191746,-3.933467,3.5857074,-0.9003505,0.20866987,7.0,7.0,,0.5033370898826091,1.764950261175751,518.2463287299549,914.678993245308,1029.6207832624118,True,,primer-cosmos-east-grizli-v7.4-f444w-clear_drc_sci.fits,0.0399999999999996,True,False,False
652,high_recall,untested,0.7503883,0.057889096,99.66575,gdn,78520,518105,189.28992566032773,62.29398236616771,484122,1,25.91773719752664,77.85816579462414,0.1091800471583119,7.323350429534912,False,0,False,,,0,0,0,0,,,,,False,False,False,False,False,False,False,False,False,False,5.530019,2.8006692,2.6871169,2.6778054,2.7635815,2.7370586,2.01723,1.0639381,4.3141747,4.273134,4.2623553,4.5780697,4.5842605,5.048077,2.7293499,0.113552354,0.009311536,-0.08577616,0.026522797,0.7198286,0.122863896,-0.059253365,0.7463514,-0.90918934,-4.0849724,-3.175783,-0.9618567,0.14549224,7.0,6.0,,0.4699412967236286,1.9283632182102883,6.595301678212164,12.718137169264924,14.034309655682048,True,,gdn-grizli-v7.4-f444w-clear_drc_sci.fits,0.0399999999999996,False,False,False
653,high_recall,untested,0.7494145,0.05390781,99.66511,gdn,13829,518202,189.29022144186428,62.1711939117677,484208,1,27.131204365535737,31.89414026873493,0.1876589942037728,0.5799764394760132,False,0,False,,,0,0,0,0,,,,,False,False,False,False,False,False,False,False,False,False,4.581361,4.358342,4.3374395,4.568743,4.015234,3.4169383,3.2264907,2.909842,2.8242707,2.7078173,3.044049,3.5324845,4.099671,4.155815,0.22301877,0.020902408,-0.23130363,0.55350924,0.5982959,0.1904475,-0.21040122,1.1518052,0.78874344,0.006405235,-3.4974186,-3.503824,-0.7266306,0.38071835,7.0,7.0,,0.4330101254079361,1.844580669556845,1.4808794758865438,2.7316016551637907,3.4199650054174056,True,,gdn-grizli-v7.4-f444w-clear_drc_sci.fits,0.0399999999999996,False,False,False
654,high_recall,untested,0.74941134,0.03646336,99.664894,primer-cosmos-west,51666,309896,150.06509856344414,2.263629656867656,290441,1,22.72008596148708,146.72940691690982,0.5209723410625027,1.223544359207153,False,2,False,,,0,0,0,0,,,,,False,False,False,False,False,False,False,False,False,False,2.8584743,1.8714517,1.6391363,0.8716167,0.044858947,-0.88576305,-1.1799154,1.3830276,2.7142236,3.099657,3.8029761,4.886301,5.514995,5.681749,0.98702264,0.23231533,0.76751965,0.8267578,0.930622,0.2941524,0.99983495,1.7573798,1.2247744,-4.9486504,-5.571284,-0.6226334,-0.28318533,0.8241636,7.0,6.0,,0.2125740005150821,3.287320662607246,11.817050237737435,38.84643341758215,55.59028954201299,True,,primer-cosmos-west-grizli-v7.4-f444w-clear_drc_sci.fits,0.0399999999999996,False,False,False
655,high_recall,untested,0.749371,0.03656485,99.66468,gds,36854,169475,53.06562797629661,-27.8049282802142,161470,2,27.57428466175919,10.280553413232523,0.065716484997876,0.9379917979240416,True,9,False,,,0,0,0,0,,,,,False,False,False,False,False,False,False,False,False,False,7.8174806,5.1195636,5.5822215,4.8915052,6.8831167,6.3418393,3.6637092,-1.9368886,1.1806811,0.7023213,1.5736005,-0.45595947,0.12591897,3.0257583,2.6979167,-0.46265754,0.6907162,-1.9916116,0.5412772,2.6781301,0.22805868,-1.4503343,3.2194073,-8.25353,-16.5752,-8.321671,-1.1823257,-0.074976705,3.0,1.0,,0.6307162298275196,1.3123897415843295,1.8686204149101295,2.452358263443108,2.962695942390981,True,,gds-grizli-v7.2-f444w-clear_drc_sci.fits,0.0399999999999996,True,True,False
656,high_recall,untested,0.7490831,0.054739404,99.66447,primer-cosmos-east,3652,402784,150.1456777026898,2.161715793583658,374498,2,26.465755551104017,25.34920308233149,0.1312245379014311,6.294053554534912,False,0,False,,,0,0,0,0,,,,,False,False,False,False,False,False,False,False,False,False,4.0331807,3.4622715,3.2548678,3.1640255,2.858387,2.0292084,2.5643656,1.3377199,2.6294987,2.7504854,3.101208,3.7545822,4.464959,3.9262834,0.5709092,0.20740353,0.09084225,0.30563867,0.82917863,-0.5351573,0.29824576,1.1348174,0.29402134,-1.3726922,-1.012494,0.36019826,-0.88198495,0.22703545,7.0,6.0,,0.4367217323914337,1.8766877110353848,3.339509502032623,6.26721644335052,7.646767390635419,True,,primer-cosmos-east-grizli-v7.4-f444w-clear_drc_sci.fits,0.0399999999999996,False,False,False
657,high_recall,untested,0.7488549,0.03513516,99.66404,primer-uds-north,26035,142985,34.499690147068414,-5.168761031099453,136834,1,23.49485388795273,74.39810558400183,0.3634408196739603,3.5879151821136475,False,0,False,,,0,0,0,0,,,,,False,False,False,False,False,False,False,False,False,False,3.3270836,3.0644393,2.76888,1.6595832,0.47488973,0.21659212,-0.40515196,1.4706149,1.7460518,2.1950994,3.421662,4.5360317,4.8333626,5.0026226,0.26264438,0.29555926,1.1092967,1.1846936,0.25829762,0.6217441,1.404856,1.4429911,0.8800417,-6.137849,-4.6953,1.4425488,-0.43956628,0.66778266,7.0,5.0,,0.2929092310087776,2.656787330679947,13.89997806503724,36.9292856199201,47.45489931186462,True,,primer-uds-north-grizli-v7.2-f444w-clear_drc_sci.fits,0.0399999999999996,False,False,False
658,high_recall,untested,0.74878293,0.043036144,99.66382,gds,35863,239316,53.17399328678787,-27.80697804035214,226163,1,22.53688166691732,736.4226495129443,0.122314515706369,2.022358655929565,False,0,False,,,0,0,0,0,,,,,False,False,False,False,False,False,False,False,False,False,7.020737,2.2507653,0.9254316,0.072237924,-0.6208391,-1.0789807,-1.3631194,-1.9585598,4.567624,5.624872,6.33814,6.954845,7.162495,7.294952,4.769972,1.3253338,0.85319364,0.693077,0.4581415,0.28413868,2.1785276,1.1512185,0.7422802,-8.381924,-3.7150462,4.6668777,-0.912522,0.19482696,6.0,6.0,,0.4830369064889886,1.8521554866948984,139.45124266981978,258.28538423732846,288.69686932089263,True,,gds-grizli-v7.2-f444w-clear_drc_sci.fits,0.0399999999999996,False,False,False
659,high_recall,untested,0.74828005,0.030221995,99.66339,primer-cosmos-west,107018,375706,150.11851303509798,2.4559212013718468,348948,2,26.60105502773504,14.294105096341152,0.4407067882830827,7.911592960357666,False,1,False,,,0,0,0,0,,,,,False,False,False,False,False,False,False,False,False,False,7.950955,2.7915866,2.9239345,2.9670703,3.6373997,3.8941076,2.6992726,-1.0660199,1.9798887,2.9567323,2.2377932,1.819758,1.7145752,3.3542156,5.1593685,-0.13234784,-0.043135952,-0.6703294,-0.25670785,1.194835,-0.1754838,-0.9270373,0.9381271,-2.9915333,-5.8150826,-2.8235495,-0.35585025,0.7514987,6.0,5.0,,0.1622329277664866,4.045772390661927,0.6180386661227247,2.5004437717608448,3.809575988250126,True,,primer-cosmos-west-grizli-v7.4-f444w-clear_drc_sci.fits,0.0399999999999996,False,False,False
660,high_recall,untested,0.7481942,0.053649526,99.662964,primer-cosmos-west,31877,325861,150.07845163551116,2.2187725924370545,304524,2,28.454171686089083,11.417954406447716,0.0574283545793488,0.9335489273071288,True,6,False,,,0,0,0,0,,,,,False,False,False,False,False,False,False,False,False,False,6.4085627,6.206833,6.182957,6.4873443,6.872831,5.716029,4.503571,-1.4298037,-0.5909024,-0.7948128,-1.3935566,-1.3875551,2.3210406,3.1302464,0.20172988,0.02387541,-0.30438676,-0.3854867,1.1568015,1.212458,-0.28051135,0.77131474,2.3692596,0.48546395,-12.056182,-12.541646,-1.2408736,-0.13352466,2.0,2.0,,0.656799032536225,1.4476904691451054,1.0792977254798235,1.5624890305471308,1.6432693594448864,True,,primer-cosmos-west-grizli-v7.4-f444w-clear_drc_sci.fits,0.0399999999999996,True,True,False
661,high_recall,untested,0.7480792,0.052451413,99.66275,primer-uds-north,64718,39577,34.29250106931427,-5.11449674717784,37801,1,28.189746507216803,11.976597534937069,0.0907213010589951,5.41476583480835,False,0,False,,,0,0,0,0,,,,,False,False,False,False,False,False,False,False,False,False,4.6421127,4.3289924,4.824706,5.9892335,4.6453266,4.2945313,4.2578416,2.6123755,2.678368,2.3737962,0.16801146,2.8682308,3.3900604,3.17784,0.31312022,-0.49571362,-1.1645275,1.3439069,0.350795,0.036689807,-1.6602411,1.6947018,0.3874848,0.7633709,-1.7634815,-2.5268524,-1.0422907,0.06505824,6.0,6.0,,0.6667209800187064,1.437316065092306,1.1670837365445743,1.6774682038434732,1.7504829929183106,True,,primer-uds-north-grizli-v7.2-f444w-clear_drc_sci.fits,0.0399999999999996,True,True,False
662,high_recall,untested,0.7479525,0.041478757,99.66254,gdn,43226,479555,189.15262465141407,62.22966373893536,447929,1,20.025292492422448,1330.333824171076,0.1235242199839468,0.0729391425848007,True,12,False,,,0,0,0,0,,,,,False,False,False,False,False,False,False,False,False,False,-2.4800935,-2.7325945,-2.8980427,-3.1909301,-3.4036555,-3.7577577,-3.8747075,7.2405777,7.555217,7.2965984,7.4954205,7.5987267,7.9032564,7.8863325,0.25250107,0.16544808,0.2928874,0.21272558,0.3541021,0.1169498,0.4583355,0.56682765,0.4710519,-2.0050664,-2.371345,-0.36627853,-0.9082479,0.19910109,7.0,7.0,,0.5117050840266367,1.7421133349938618,1476.9634863221786,2573.0377848208914,2886.3568731814585,True,,gdn-grizli-v7.4-f444w-clear_drc_sci.fits,0.0399999999999996,True,False,False
663,high_recall,untested,0.74791443,0.042773783,99.66232,primer-cosmos-west,67815,367869,150.11147070400744,2.3035490042653586,341850,1,25.97316229304517,1.4946553102497142,0.0,2.570197820663452,True,13,False,,,0,0,0,0,,,,,False,False,False,False,False,False,False,False,False,False,2.349349,1.7868618,2.6345289,1.8335422,9.318678,3.5058873,2.0726006,0.5982436,1.0763379,0.8089186,1.6014551,-0.4641434,0.62059873,1.1917949,0.56248724,-0.8476671,0.8009867,-7.4851356,5.8127904,1.4332865,-0.046680413,-1.672345,7.2460766,-0.70121896,-31.012596,-30.311378,-2.39794,-1.290591,3.0,0.0,,1.289298930565716,1.0127327590614237,0.2557423127074847,0.2589986179570003,0.1983576551911592,True,,primer-cosmos-west-grizli-v7.4-f444w-clear_drc_sci.fits,0.0399999999999996,False,True,False
664,high_recall,untested,0.74790496,0.04832519,99.66211,primer-cosmos-east,71987,379732,150.12250078417048,2.4342051973693057,352709,1,25.78547375865724,76.3258958500632,0.1510942869119442,6.471502304077148,False,0,False,,,0,0,0,0,,,,,False,False,False,False,False,False,False,False,False,False,3.7106028,2.9479163,2.882534,2.8147051,2.5479937,1.8197116,1.8850763,2.0597143,3.011894,4.0306754,3.6004422,3.8966992,4.7003107,5.0282025,0.76268643,0.06538238,0.067828804,0.26671153,0.72828203,-0.065364644,0.13321118,0.99499357,0.6629174,-0.9717971,-1.5886462,-0.616849,-0.82075197,0.28826845,7.0,7.0,,0.477694824421636,1.8551703460578703,5.6503059895130745,10.482280117897828,11.82827550278386,True,,primer-cosmos-east-grizli-v7.4-f444w-clear_drc_sci.fits,0.0399999999999996,False,False,False
665,high_recall,untested,0.7478741,0.049407978,99.661896,primer-uds-north,13388,51907,34.31296958381505,-5.186839880947022,49528,1,26.77048306470364,7.940705739614831,0.1038095013418373,4.685146331787109,False,0,False,,,0,0,0,0,,,,,False,False,False,False,False,False,False,False,False,False,3.0413492,3.782838,3.8160017,3.5927591,2.725266,2.4389467,2.86805,2.2960842,1.6831248,1.8469353,2.2483118,3.2370803,3.6326346,2.7690907,-0.7414892,-0.033163328,0.22324245,0.86749303,0.2863193,-0.42910329,0.19007911,1.1538123,-0.142784,1.5946854,-0.44162652,-2.0363119,-0.9837629,0.12358607,7.0,6.0,,0.5614436482265015,1.620157652369017,3.590393805551616,5.817003999082768,6.394931738729287,True,,primer-uds-north-grizli-v7.2-f444w-clear_drc_sci.fits,0.0399999999999996,True,True,False
666,high_recall,untested,0.7478683,0.050106615,99.661674,primer-cosmos-east,24295,386871,150.12962951051662,2.2603522623109185,359448,1,27.76124585965908,10.513713001604929,0.1023741425210118,6.859926700592041,False,0,False,,,0,0,0,0,,,,,False,False,False,False,False,False,False,False,False,False,6.3967795,4.1281567,4.2733097,4.6826196,4.461648,3.6971564,3.84641,-1.0597432,2.4291415,2.4443898,2.2149785,2.8092928,3.5401435,3.0480816,2.2686229,-0.14515315,-0.4093097,0.22097161,0.7644914,-0.14925379,-0.55446285,0.985463,0.6152376,-0.68192214,-2.6530662,-1.971144,-0.98980975,0.11921068,6.0,6.0,,0.4397115057907542,1.9900939399125623,1.2057212033004916,2.399498459912391,2.742073353600756,True,,primer-cosmos-east-grizli-v7.4-f444w-clear_drc_sci.fits,0.0399999999999996,False,False,False
667,high_recall,untested,0.7475812,0.043511,99.66103,primer-uds-north,10330,26193,34.264134957687,-5.192312894135414,24963,1,23.49466412520272,167.24694258073023,0.0991614645090825,2.14860463142395,False,0,False,,,0,0,0,0,,,,,False,False,False,False,False,False,False,False,False,False,3.271356,1.9748094,0.80259544,0.3373722,-0.048776906,-0.28642198,-0.4053417,2.1078837,3.3859599,4.631824,5.2240863,5.8481755,6.0835843,5.8126273,1.2965466,1.172214,0.4652232,0.3861491,0.23764509,0.11891972,1.6374372,0.6237942,0.35656482,-4.804389,-1.788394,3.015995,-1.0036571,0.1036919,7.0,7.0,,0.5256572886715926,1.7330709156602906,68.27435196350584,118.32429367350602,129.88377301120357,True,,primer-uds-north-grizli-v7.2-f444w-clear_drc_sci.fits,0.0399999999999996,True,False,False
668,high_recall,untested,0.7473935,0.042966384,99.66082,primer-uds-north,19228,148446,34.51312296970478,-5.1778303851759055,142043,1,23.506655775620413,203.6104321595649,0.1420205918671129,2.0387680530548096,False,0,False,,,0,0,0,0,,,,,False,False,False,False,False,False,False,False,False,False,7.505659,3.631517,2.2615283,1.3220172,0.54925185,-0.045796975,-0.3933502,-1.6301228,2.1387398,3.5619464,4.587371,5.5075836,6.037665,6.0093617,3.8741422,1.3699888,0.93951106,0.77276534,0.5950488,0.34755322,2.3094997,1.3678142,0.94260204,-9.451766,-4.720523,4.7312436,-0.8476487,0.2597003,6.0,6.0,,0.4405881491452593,1.9888024239110604,48.53553585475323,96.5275913537554,110.1607838270551,True,,primer-uds-north-grizli-v7.2-f444w-clear_drc_sci.fits,0.0399999999999996,False,False,False
669,high_recall,untested,0.7470962,0.041838825,99.66039,gds-sw,33125,164606,53.05580163167617,-27.86900028140956,156936,1,27.766548186026,16.305324977623204,0.1299117798132376,7.070335388183594,False,0,False,,,0,0,0,0,,,,,False,False,False,False,False,False,False,False,False,False,5.6365075,4.5899367,4.7235646,4.7130966,4.742591,4.5235972,3.85157,0.60370976,2.587242,2.496353,2.702755,2.9346058,3.1937761,3.4855778,1.0465705,-0.13362768,0.010467639,-0.029494077,0.21899371,0.6720274,-0.123160034,0.18949963,0.8910211,-0.92578286,-4.80384,-3.8780575,-0.88635147,0.2209975,6.0,6.0,,0.4205133731410885,2.057466033720541,0.9282550728881608,1.909853283096176,2.2074329431057533,True,,gds-sw-grizli-v7.0-f444w-clear_drc_sci.fits,0.0399999999999996,False,False,False
670,high_recall,untested,0.7465976,0.061280947,99.65953,primer-cosmos-west,94721,364145,150.1081627377035,2.40089927973951,338419,2,27.49370483587177,12.124470911219856,0.0958135270891252,7.3154988288879395,False,0,True,,,0,0,0,0,,,,,False,False,False,False,False,False,False,False,False,False,6.4655914,3.5090709,3.5996504,4.3251724,4.4609222,4.393112,3.5845702,-0.8159357,2.7986338,2.8307967,2.2720215,2.6488614,2.6737094,3.1900692,2.9565208,-0.09057969,-0.72552216,-0.13574949,0.06780971,0.8085423,-0.81610185,-0.06793979,0.8763521,1.4842772,-4.7954903,-6.279768,-1.0185732,0.08877579,6.0,6.0,,0.3947281585908445,2.060011304807504,1.987784019582203,4.094857551855039,5.035830295660869,True,,primer-cosmos-west-grizli-v7.4-f444w-clear_drc_sci.fits,0.0399999999999996,False,False,False
671,high_recall,untested,0.7465475,0.045591358,99.65932,ceers-full,60435,586784,214.90840213868867,52.90341384020983,549065,1,27.773408309004683,13.030539968163415,0.1119218815282783,6.586743354797363,False,0,False,,,0,0,0,0,,,,,False,False,False,False,False,False,False,False,False,False,5.482476,4.4078035,4.3008275,4.455419,4.239691,3.3710318,3.8582435,0.95178145,2.550705,2.6933668,2.6831465,3.195579,4.0295515,3.261912,1.0746728,0.106975675,-0.15459153,0.21572857,0.8686588,-0.48721153,-0.047615863,1.0843874,0.3814473,-1.2834897,-1.9163697,-0.63288003,-0.951085,0.14745668,7.0,6.0,,0.4662962749480591,1.9241035035718168,1.1275033499788576,2.1694331459832803,2.417997763555908,True,,ceers-full-grizli-v7.4-f444w-clear_drc_sci.fits,0.0399999999999993,False,False,False
672,high_recall,untested,0.74643046,0.03487919,99.6591,ceers-full,5050,625615,215.0921661832478,52.91989013360477,585788,1,26.64859933031892,17.747843760001498,0.1400527439596626,3.894850730895996,False,0,False,,,0,0,0,0,,,,,False,False,False,False,False,False,False,False,False,False,5.6370673,5.419822,4.550695,3.9254029,3.1827936,2.8392856,2.7466543,0.40952417,1.2148901,1.9697697,2.7686038,3.6841195,4.1740184,3.570204,0.21724497,0.8691272,0.6252921,0.7426092,0.34350815,0.09263122,1.4944193,1.0861174,0.43613937,-5.4212494,-2.2931314,3.128118,-0.8537084,0.2448333,6.0,5.0,,0.4113423194780863,2.009667021981765,2.811643303480284,5.650466824580194,6.835288202409404,True,,ceers-full-grizli-v7.4-f444w-clear_drc_sci.fits,0.0399999999999993,False,False,False
673,high_recall,untested,0.7462028,0.064655155,99.65889,primer-cosmos-east,47985,447905,150.20729218667208,2.3442330703389547,417603,1,26.20814700872312,21.40310796362609,0.1051560289506677,6.135571002960205,False,0,True,,,0,0,0,0,,,,,False,False,False,False,False,False,False,False,False,False,3.2251344,2.706119,2.798424,2.650919,2.5153904,1.8444141,2.3072815,2.2120104,2.815793,2.9287882,3.1742663,3.7749202,4.2433486,3.7572286,0.5190153,-0.09230484,0.14750496,0.13552867,0.67097616,-0.46286744,0.05520012,0.80650485,0.20810874,-0.88579,-1.2982935,-0.41250345,-0.9781658,0.13085458,7.0,7.0,,0.4846857113538778,1.8565114977556267,5.242266096102018,9.7323272817079,10.815804908832034,True,,primer-cosmos-east-grizli-v7.4-f444w-clear_drc_sci.fits,0.0399999999999996,False,False,False
674,high_recall,untested,0.7458165,0.05637433,99.658676,primer-cosmos-west,18711,359534,150.10418817418562,2.1788876422842174,334363,1,21.26349181225274,599.5788061040197,0.1406206339669111,1.451367974281311,False,1,False,,,0,0,0,0,,,,,False,False,False,False,False,False,False,False,False,False,1.5374682,0.47695354,-0.580117,-1.0841893,-1.5227162,-2.1285539,-2.6365082,3.403841,4.952275,5.758668,5.893433,6.7050543,6.532192,7.0893755,1.0605147,1.0570705,0.50407225,0.4385269,0.60583764,0.5079545,1.5611428,1.0443646,1.1137922,-6.238436,-5.556694,0.6817424,-0.85195094,0.255398,7.0,7.0,,0.483424590038073,1.829747741877594,417.46546423883177,763.856490502884,863.558604261222,True,,primer-cosmos-west-grizli-v7.4-f444w-clear_drc_sci.fits,0.0399999999999996,False,False,False
675,high_recall,untested,0.7454476,0.047451545,99.65825,ceers-full,75747,584844,214.9016802390693,52.93345932424174,547219,1,27.529904699723183,8.640347509012788,0.0891682618941678,2.5359697341918945,False,0,False,,,0,0,0,0,,,,,False,False,False,False,False,False,False,False,False,False,6.0385003,5.896919,6.414516,4.7301097,4.3621836,3.5814967,3.6201484,-0.4718471,0.31239575,-0.78872246,2.3306384,2.7983792,3.5563302,2.852922,0.14158177,-0.51759726,1.6844063,0.36792606,0.7806867,-0.038651608,1.1668091,1.1486127,0.74203503,-4.5527425,-3.7845292,0.7682131,-1.0497897,0.04875198,4.0,4.0,,0.4337423379574811,1.9681592388885416,1.4402755052475855,2.834691542197898,3.320578553686804,True,,ceers-full-grizli-v7.4-f444w-clear_drc_sci.fits,0.0399999999999993,False,False,False
676,high_recall,untested,0.74540526,0.03883196,99.658035,primer-uds-north,58995,33575,34.281389307896774,-5.122930326263488,32059,1,27.83094451936794,13.95014345804456,0.1505543551515531,0.7268103361129761,True,3,False,,,0,0,0,0,,,,,False,False,False,False,False,False,False,False,False,False,5.5825996,6.2455926,4.65413,5.4521604,7.0547595,4.5841947,3.9141226,0.85863596,-0.5215507,2.4279957,0.57661295,-1.3655854,2.5808372,3.329919,-0.66299313,1.591463,-0.7980306,-1.6025991,2.470565,0.6700719,0.79343235,0.8679658,3.140637,-4.2292943,-12.521864,-8.292569,-0.8223067,0.2850423,3.0,3.0,,0.2928854358620157,2.729648899211496,0.6549997380239334,1.787919313880848,2.23636841516598,True,,primer-uds-north-grizli-v7.2-f444w-clear_drc_sci.fits,0.0399999999999996,False,False,False
677,high_recall,untested,0.7450798,0.042842932,99.65782,primer-cosmos-west,89062,369489,150.11291295725496,2.376848399733566,343311,1,26.76102113770479,20.03401532976986,0.1256082441017622,6.504146575927734,False,0,False,,,0,0,0,0,,,,,False,False,False,False,False,False,False,False,False,False,4.7347403,4.1985226,3.7376933,3.5916493,3.044291,2.4806418,2.85863,1.3244885,2.1254728,2.6508265,2.7215216,3.8956032,4.2970767,3.691201,0.5362176,0.46082914,0.1460441,0.5473582,0.56364924,-0.37798816,0.6068733,1.1110075,0.18566105,-2.6391213,-1.6315483,1.0075731,-0.90098184,0.2063671,7.0,6.0,,0.402838290747415,2.124098557486978,2.6423509277081245,5.612613793919206,6.559334076225921,True,,primer-cosmos-west-grizli-v7.4-f444w-clear_drc_sci.fits,0.0399999999999996,False,False,False
678,high_recall,untested,0.74457437,0.037015095,99.6576,ceers-full,51989,550650,214.7181022550549,52.74810173820633,514789,1,23.811736981490053,113.7550888578372,0.2833219776962646,2.5289433002471924,False,0,False,,,0,0,0,0,,,,,False,False,False,False,False,False,False,False,False,False,4.030158,5.5870285,3.197923,2.0819592,1.1194683,0.33557191,-0.0882735,2.0323434,0.49761763,2.6404371,3.8545244,4.982451,5.615369,5.427214,-1.5568706,2.3891058,1.1159637,0.962491,0.7838963,0.42384544,3.5050695,1.7463874,1.2077417,-6.8534317,-5.8230734,1.0303583,-0.5477197,0.55082196,6.0,6.0,,0.2328738042305105,3.1890565867364327,11.078234911189742,35.32911801294315,47.57183809400878,True,,ceers-full-grizli-v7.4-f444w-clear_drc_sci.fits,0.0399999999999993,False,False,False
679,high_recall,untested,0.7442335,0.0435032,99.65739,ceers-full,18382,623386,215.06898783133624,52.92848398960943,583674,1,23.166972795377927,389.4807159499549,0.099175301048391,2.3670058250427246,False,0,False,,,0,0,0,0,,,,,False,False,False,False,False,False,False,False,False,False,3.4351802,1.8984065,0.46370992,-0.06631454,-0.40055585,-0.6158329,-0.7330304,2.6091008,4.799635,5.7694783,6.3259244,6.6654882,6.8815007,6.6579633,1.5367738,1.4346966,0.53002447,0.3342413,0.21527706,0.11719749,1.964721,0.54951835,0.33247456,-7.226184,-1.6661944,5.5599895,-1.0035964,0.09494521,7.0,7.0,,0.5301641632025829,1.7118910571033967,92.82861794879231,158.91248090980545,175.0941017741353,True,,ceers-full-grizli-v7.4-f444w-clear_drc_sci.fits,0.0399999999999993,True,False,False
680,high_recall,untested,0.7441942,0.05403213,99.65717,primer-cosmos-west,36525,367883,150.11148373410234,2.23438834628112,341815,2,26.79828851189401,16.552175289666753,0.1316669633589766,5.101076126098633,False,0,False,,,0,0,0,0,,,,,False,False,False,False,False,False,False,False,False,False,3.582915,3.6654084,3.4785812,4.202612,3.3295476,3.2849886,2.895728,2.3461194,2.3850024,2.7394729,2.153742,3.4244294,3.3574154,3.500576,-0.08249332,0.18682724,-0.7240306,0.87306416,0.04455906,0.38926047,-0.5372034,0.9176232,0.43381953,0.97914165,-2.1683462,-3.1474879,-0.8805232,0.22682579,7.0,7.0,,0.5568493731803358,1.6213978280738035,2.810765620352652,4.557369272064308,5.047622850501773,True,,primer-cosmos-west-grizli-v7.4-f444w-clear_drc_sci.fits,0.0399999999999996,True,True,False
681,high_recall,untested,0.74402726,0.03622682,99.65696,primer-uds-north,63339,130750,34.475252765078395,-5.116440995448462,125070,1,27.58362854635676,6.154607954708887,0.0427324456216392,17.5399227142334,True,6,False,,,0,0,0,0,,,,,False,False,False,False,False,False,False,False,False,False,6.481334,8.321396,4.655923,7.406001,3.7679753,3.7699823,3.6728723,-0.7578125,-2.16807,1.4576386,-1.3501155,2.7606633,2.8240273,2.5168839,-1.8400615,3.6654727,-2.7500782,3.6380258,-0.002006986,0.09711012,0.9153948,3.6360188,0.09510314,-5.2484055,-0.40798888,4.8404164,-1.3692423,-0.26189327,4.0,3.0,,0.7314495334220246,1.261286531488379,2.238722163048659,2.8236701119978047,3.060665241763143,True,,primer-uds-north-grizli-v7.2-f444w-clear_drc_sci.fits,0.0399999999999996,False,True,False
682,high_recall,secure low-z,0.74400353,0.041984774,99.656746,primer-uds-north,64860,130963,34.47566762562187,-5.114445076637371,125278,1,23.77369237308261,143.7946811779204,0.1680347245287585,2.4303090572357178,False,0,False,,,2,0,2,0,3.0,2.6238005,G395M;PRISM,rubies-uds32-v4_g395m-f290lp_4233_164860.spec.fits;rubies-uds32-v4_prism-clear_4233_164860.spec.fits,False,False,False,False,False,False,False,False,False,False,3.7839,3.3960197,2.2907972,1.6440398,0.86385274,0.29844385,-0.1263174,1.8286538,2.1818478,3.3754904,4.1322627,5.098638,5.6350317,5.6615458,0.38788012,1.1052226,0.6467574,0.780187,0.5654089,0.42476127,1.7519801,1.3455958,0.9901701,-5.962786,-4.9048376,1.0579485,-0.774601,0.332748,7.0,7.0,,0.4244611761934955,2.0645431654529287,31.90331768026744,65.86577647206973,75.16192167767056,True,,primer-uds-north-grizli-v7.2-f444w-clear_drc_sci.fits,0.0399999999999996,False,False,False
683,high_recall,untested,0.74392855,0.053193066,99.65653,gds-sw,33330,164810,53.0563056647965,-27.868399489667603,157118,1,28.099731922857604,11.947904530229856,0.1073815278442366,7.279478073120117,False,1,False,,,0,0,0,0,,,,,False,False,False,False,False,False,False,False,False,False,5.7892685,4.8012776,5.0130587,6.2322745,6.117144,5.1145597,4.172526,0.08097772,2.3648233,2.1699817,-0.2332996,1.105511,2.5965595,3.1754498,0.987991,-0.21178134,-1.2192156,0.11513037,1.0025845,0.9420339,-1.430997,1.1177148,1.9446183,1.8594875,-9.825196,-11.684684,-0.96907043,0.13827854,5.0,4.0,,0.5802376986212745,1.5458028094524232,1.039842129162043,1.6073908846456757,1.7920968107257638,True,,gds-sw-grizli-v7.0-f444w-clear_drc_sci.fits,0.0399999999999996,True,True,False
684,high_recall,untested,0.74363977,0.039894126,99.65632,gds,70263,225133,53.15512507529704,-27.727775122679432,213030,1,23.69673275621351,200.0537984972001,0.399347528871821,3.543692350387573,False,0,False,,,0,0,0,0,,,,,False,False,False,False,False,False,False,False,False,False,2.5982904,2.3031125,1.9189535,1.2358905,0.55470836,0.35623175,-0.20327573,3.6483428,4.0768876,4.37652,4.7829113,5.6540246,5.6394835,5.9917397,0.295178,0.384159,0.683063,0.68118215,0.19847658,0.5595075,1.067222,0.87965876,0.75798404,-4.370138,-3.7350986,0.63503945,-0.398649,0.70869994,7.0,7.0,,0.2500049876801014,3.01680405783654,8.571982012527577,25.859990119095027,34.28724399489189,True,,gds-grizli-v7.2-f444w-clear_drc_sci.fits,0.0399999999999996,False,False,False
685,high_recall,untested,0.7435998,0.02928668,99.656105,primer-uds-south,7376,138443,34.49083989758884,-5.309047104561691,132471,1,25.862672903045063,39.95920849227882,0.1934627879250648,0.8858264088630676,False,0,False,,,0,0,0,0,,,,,False,False,False,False,False,False,False,False,False,False,3.8422668,2.674968,3.1945777,2.7970095,2.7831292,2.3534575,1.9622147,1.5444402,3.3452032,3.0350075,3.4993258,3.7624266,4.2481027,4.3811626,1.1672988,-0.51960975,0.39756832,0.0138801625,0.42967182,0.39124274,-0.122041404,0.443552,0.82091457,0.16494457,-4.111077,-4.2760215,-0.71340257,0.39729574,7.0,6.0,,0.4421987778154181,1.8658292139131605,4.4349873265929824,8.274928917291813,10.029397522315694,True,,primer-uds-south-grizli-v7.2-f444w-clear_drc_sci.fits,0.0399999999999996,False,False,False
686,high_recall,untested,0.7431164,0.028224299,99.65546,primer-cosmos-west,55574,393496,150.13630738116433,2.275636431267116,365722,1,24.8065286696595,26.77175144859788,0.5985147723213493,3.9316253662109375,True,6,False,,,0,0,0,0,,,,,False,False,False,False,False,False,False,False,False,False,4.9433613,8.323308,2.6358745,2.8145635,1.7420382,1.2386662,0.90646315,0.3037093,-1.0761023,2.1619642,2.1055984,3.5604515,4.0039096,3.980843,-3.379947,5.6874337,-0.1786889,1.0725253,0.5033721,0.33220297,5.5087447,1.5758973,0.83557504,-7.899767,-4.074952,3.8248148,-0.22292513,0.88442385,5.0,5.0,,0.177394502414504,3.7420059882379793,1.659527966153309,6.209963586994078,9.355013506989174,True,,primer-cosmos-west-grizli-v7.4-f444w-clear_drc_sci.fits,0.0399999999999996,False,False,False
687,high_recall,untested,0.7430467,0.043249324,99.65524,primer-uds-north,14781,84114,34.37598116492929,-5.184572186231808,80294,1,23.16421994957842,238.8407618293066,0.0992647500448477,2.2885782718658447,False,0,False,,,0,0,0,0,,,,,False,False,False,False,False,False,False,False,False,False,3.8867693,1.7170646,0.3690811,-0.08651913,-0.39250812,-0.6144697,-0.7357832,1.3054379,3.2996218,4.72375,5.33263,6.17486,6.403159,6.1689487,2.1697047,1.3479836,0.45560023,0.305989,0.22196156,0.12131355,1.8035837,0.5279505,0.3432751,-4.558368,-1.7202542,2.8381143,-1.003205,0.10414402,7.0,6.0,,0.5295444796392119,1.7192645043349022,93.85848625551712,161.36756384971585,177.24381966830163,True,,primer-uds-north-grizli-v7.2-f444w-clear_drc_sci.fits,0.0399999999999996,True,False,False
688,high_recall,untested,0.74264383,0.050806776,99.65503,primer-cosmos-west,30929,365400,150.1092215890008,2.215526117566546,339649,1,26.423856652266203,18.89145525360358,0.1213673161226216,6.999915599822998,False,0,False,,,0,0,0,0,,,,,False,False,False,False,False,False,False,False,False,False,4.01502,2.8689196,2.8226318,2.584224,2.8638108,2.0340204,2.52257,1.7105174,2.8587234,3.1163027,3.399259,3.7119815,4.38828,3.6325567,1.1461004,0.046287697,0.23840791,-0.2795867,0.8297903,-0.48854938,0.2846956,0.5502036,0.3412409,-1.8457696,-2.329503,-0.48373327,-0.91589826,0.19145072,7.0,6.0,,0.4235107471319334,2.008842665321416,3.4954561811407823,7.021821511437066,8.253524154492982,True,,primer-cosmos-west-grizli-v7.4-f444w-clear_drc_sci.fits,0.0399999999999996,False,False,False
689,high_recall,untested,0.7417775,0.0466955,99.6546,ceers-full,66535,578956,214.88153786125108,52.89729267757086,541637,1,22.18515015180942,830.0069924575783,0.1000872851625071,2.1816654205322266,False,0,False,,,0,0,0,0,,,,,False,False,False,False,False,False,False,False,False,False,2.3542671,0.8269707,-0.4330637,-0.9315033,-1.3245541,-1.5815651,-1.7148504,4.298216,5.6243405,6.4805493,7.032454,7.2133665,7.35981,7.414582,1.5272963,1.2600344,0.4984396,0.39305073,0.25701112,0.13328521,1.758474,0.65006185,0.39029634,-8.039968,-1.9569013,6.083066,-0.9996211,0.09892059,7.0,7.0,,0.5359457239675411,1.6996814836685572,228.3611620552906,388.1412387344122,426.09009055014127,True,,ceers-full-grizli-v7.4-f444w-clear_drc_sci.fits,0.0399999999999993,True,True,False
690,high_recall,untested,0.74172384,0.03882006,99.65439,gds-sw,16510,157671,53.036513852726266,-27.894138501363685,150626,1,25.241309487418803,145.8776222932359,0.2116293030764575,3.042004346847534,False,0,False,,,0,0,0,0,,,,,False,False,False,False,False,False,False,False,False,False,5.147052,5.2212963,3.8600314,3.114349,2.302881,1.5025486,1.3411635,2.044134,2.1869256,3.7325366,4.3385315,5.1263237,5.643199,5.675927,-0.07424449,1.3612646,0.7456826,0.81146795,0.80033237,0.16138503,2.1069472,1.6118003,0.96171737,-6.5454235,-4.583768,1.9616557,-0.6744242,0.43292478,7.0,7.0,,0.3415806306162965,2.4195930615257137,5.866627560992143,14.19485134113211,17.174942122471304,True,,gds-sw-grizli-v7.0-f444w-clear_drc_sci.fits,0.0399999999999996,False,False,False
691,high_recall,untested,0.74142146,0.037788987,99.654175,primer-uds-north,71633,137435,34.48876934721685,-5.104982570530864,131432,2,24.084311159706544,135.5058331708804,0.0963005205857167,4.35935640335083,False,0,False,,,0,0,0,0,,,,,False,False,False,False,False,False,False,False,False,False,2.7741196,2.4919693,2.05255,1.0372716,0.14125794,0.2888204,0.18429384,3.0464206,3.2685125,3.8534362,4.9456434,5.933126,5.869617,5.6021757,0.2821503,0.4394194,1.0152783,0.89601374,-0.14756243,0.10452654,1.4546977,0.7484513,-0.043035887,-6.17185,0.24168989,6.41354,-1.0163714,0.0909776,7.0,7.0,,0.5757232077578098,1.5712268167571457,40.25962002428072,63.25699461460283,69.92877737389524,True,,primer-uds-north-grizli-v7.2-f444w-clear_drc_sci.fits,0.0399999999999996,True,True,False
692,high_recall,untested,0.7413808,0.043441042,99.65396,primer-cosmos-west,103285,384044,150.12673462919554,2.43810189711912,356753,1,23.31936223370726,415.0039795074005,0.142637348179695,3.5703563690185547,False,0,False,,,0,0,0,0,,,,,False,False,False,False,False,False,False,False,False,False,5.1401224,3.6938357,2.7169058,1.4038326,0.40769345,-0.06563008,-0.580642,0.7382273,2.4986908,4.324123,4.988055,5.7132072,6.124547,6.721437,1.4462868,0.97692996,1.3130733,0.99613917,0.47332352,0.5150119,2.2900033,1.4694626,0.98833543,-10.617581,-4.9168224,5.7007585,-0.8457667,0.26158223,6.0,6.0,,0.4114376117481699,2.124322362371012,54.51369740519394,115.80466645338008,132.49565875508807,True,,primer-cosmos-west-grizli-v7.4-f444w-clear_drc_sci.fits,0.0399999999999996,False,False,False
693,high_recall,untested,0.7413694,0.05323331,99.65375,primer-uds-north,64136,35086,34.28443332465094,-5.115322036802499,33524,1,28.05264254705648,11.520749351809751,0.0949960690662209,1.1710952520370483,False,1,False,,,0,0,0,0,,,,,False,False,False,False,False,False,False,False,False,False,6.7338543,4.957116,4.5747623,6.1064286,5.98573,5.511423,4.127621,-0.7710541,2.0004287,1.1869116,0.055284243,1.2755113,1.8640193,3.1391752,1.7767383,0.3823538,-1.5316663,0.120698325,0.47430697,1.3838018,-1.1493125,0.5950053,1.8581089,-2.283746,-10.255012,-7.971266,-1.0222944,0.0850546,5.0,3.0,,0.6324188921014873,1.5215519824820742,1.093604756263916,1.663976484945187,1.7292411247076092,True,,primer-uds-north-grizli-v7.2-f444w-clear_drc_sci.fits,0.0399999999999996,True,True,False
694,high_recall,untested,0.7408731,0.041375566,99.653534,primer-cosmos-west,35722,324256,150.07720280727114,2.2325807744633384,303207,2,26.67889831383601,13.30792630844138,0.1249630600958217,8.7076997756958,False,0,False,,,0,0,0,0,,,,,False,False,False,False,False,False,False,False,False,False,4.385746,3.7067683,3.2193537,3.5086884,3.6285713,3.5140488,2.7768419,1.0086172,1.7529519,2.3978946,2.1273422,2.958244,3.0186768,3.2829156,0.67897797,0.48741445,-0.28933477,-0.119882695,0.114522494,0.7372068,0.19807969,-0.005360207,0.8517293,-1.0550736,-4.497089,-3.4420154,-0.9032183,0.20413062,7.0,5.0,,0.482611931677982,1.837730546786003,2.890161434858211,5.311337953981799,5.988582637833833,True,,primer-cosmos-west-grizli-v7.4-f444w-clear_drc_sci.fits,0.0399999999999996,False,False,False
695,high_recall,untested,0.7403865,0.051492464,99.6531,primer-uds-south,55922,38635,34.29093099110954,-5.228091737252663,36903,1,26.71149928348835,14.544144286153658,0.1235279554963329,6.910556316375732,False,0,False,,,0,0,0,0,,,,,False,False,False,False,False,False,False,False,False,False,5.457576,3.0646408,3.206527,3.329092,3.202727,2.666871,2.809316,0.44954997,2.9273324,2.9778984,3.0574806,3.4661484,3.9783604,3.3715155,2.3929353,-0.14188626,-0.12256508,0.12636504,0.53585595,-0.14244491,-0.26445135,0.662221,0.39341107,0.676746,-2.2749472,-2.951693,-0.9082348,0.20246355,6.0,6.0,,0.3869804732305362,2.19413997187849,2.5335886201360083,5.559048063736883,6.547070964551411,True,,primer-uds-south-grizli-v7.2-f444w-clear_drc_sci.fits,0.0399999999999996,False,False,False
696,high_recall,untested,0.73964244,0.04191065,99.65246,primer-cosmos-east,84125,376070,150.11890703723995,2.488160162520844,349287,1,27.128365732904623,8.366644065859475,0.1201592914726233,1.579368233680725,False,0,False,,,0,0,0,0,,,,,False,False,False,False,False,False,False,False,False,False,4.5567822,4.9064436,6.7913246,5.0861497,4.5903087,4.584899,3.2236767,0.9492824,1.0639807,-0.76309794,1.2677826,1.8663965,1.9346331,2.8209524,-0.3496616,-1.8848808,1.7051746,0.4958409,0.0054099583,1.3612224,-0.17970619,0.50125086,1.3666323,1.5182945,-8.01996,-9.538255,-0.92024267,0.18877776,6.0,3.0,,0.8916731304656665,1.1529900528850776,3.584033396330217,4.132354855176661,4.019447568705468,True,,primer-cosmos-east-grizli-v7.4-f444w-clear_drc_sci.fits,0.0399999999999996,False,True,False
697,high_recall,secure low-z,0.73931223,0.04441989,99.65203,primer-cosmos-east,24404,393723,150.1365115152685,2.2605818677184537,365920,1,22.749483743674933,471.7102319660976,0.1420327477133181,2.7953038215637207,False,0,False,,,3,0,3,0,3.0,2.9569092,G235H;G395H;PRISM,gto-wide-cos04-v4_g235h-f170lp_1214_5214.spec.fits;gto-wide-cos04-v4_g395h-f290lp_1214_5214.spec.fits;gto-wide-cos04-v4_prism-clear_1214_5214.spec.fits,False,False,False,False,False,False,False,False,False,False,5.6868277,4.299828,2.3238683,1.1591668,0.08525465,-0.598169,-1.1505177,0.18791796,2.181296,4.1046066,5.2251787,6.187732,6.5856776,6.849513,1.3869995,1.9759595,1.1647015,1.0739121,0.68342364,0.55234873,3.140661,1.7573359,1.2357724,-9.915774,-6.1676936,3.7480807,-0.8476115,0.2614089,6.0,6.0,,0.4300083912193148,2.0222862422941703,96.53491929567107,195.2212391926137,224.49543140760693,True,,primer-cosmos-east-grizli-v7.4-f444w-clear_drc_sci.fits,0.0399999999999996,False,False,False
698,high_recall,untested,0.73883075,0.060341503,99.65117,primer-uds-south,42592,79217,34.365257156891225,-5.250752998282833,75591,1,20.790459435729858,1379.2288371243053,0.1383919458845753,0.4554867744445801,True,10,True,,,0,0,0,0,,,,,False,False,False,False,False,False,False,False,False,False,-0.9738022,-1.176351,-1.6337159,-2.0946536,-2.3377664,-2.784546,-3.1095407,6.375726,6.5540624,7.005306,7.409307,7.59755,7.8465314,7.922427,0.20254876,0.45736492,0.46093765,0.24311282,0.44677946,0.32499477,0.9183026,0.6898923,0.77177423,-3.3431976,-3.856235,-0.51303756,-0.85888916,0.25180912,7.0,7.0,,0.4421108093787639,1.9509286798153236,598.9786998419112,1168.5647241200786,1354.8157772563209,True,,primer-uds-south-grizli-v7.2-f444w-clear_drc_sci.fits,0.0399999999999996,False,False,False
699,high_recall,untested,0.7386323,0.06890452,99.650955,ceers-full,73995,583212,214.89610415577803,52.92515774233582,545680,1,25.72436306226056,75.20105017991526,0.1162069643407585,6.781513690948486,False,0,True,,,4,0,0,0,,,G140H;G395M;PRISM,egs-mason-v4_g140h-f100lp_4287_91867.spec.fits;egs-mason-v4_g395m-f290lp_4287_91867.spec.fits;rubies-egs61-v4_g395m-f290lp_4233_983193.spec.fits;rubies-egs61-v4_prism-clear_4233_983193.spec.fits,False,False,False,False,False,False,False,False,False,False,4.226726,2.257144,2.2025611,2.213565,2.0332391,1.4111289,1.8240079,2.483651,4.4908295,4.4875984,4.792153,4.9525537,5.487002,5.0133567,1.9695823,0.054582693,-0.011003999,0.18032604,0.6221103,-0.41287902,0.04357869,0.80243635,0.20923129,-0.4371595,-1.055766,-0.6186065,-0.93476784,0.16377383,7.0,7.0,,0.4565641623202276,1.9373758028720625,7.36413898998094,14.267104688175785,16.129472257649162,True,,ceers-full-grizli-v7.4-f444w-clear_drc_sci.fits,0.0399999999999993,False,False,False
700,high_recall,untested,0.7381527,0.050366703,99.65053,primer-cosmos-east,46922,441152,150.1956501684589,2.3403963366322507,411102,1,27.35723941994685,7.4447414094192705,0.104462424233425,5.558291435241699,False,1,False,,,0,0,0,0,,,,,False,False,False,False,False,False,False,False,False,False,3.5699375,3.8187613,3.565094,6.2170343,3.638414,3.2129102,3.4501152,2.0010343,1.9593372,2.4040189,-0.04275845,2.7874541,3.0709484,2.7051356,-0.24882397,0.2536673,-2.65194,2.5786202,0.4255038,-0.23720522,-2.3982728,3.0041242,0.18829858,0.78769815,-1.1674674,-1.9551655,-0.9810399,0.1279805,6.0,6.0,,0.3877858827581002,2.4438984239303383,1.512327498576208,3.695974790236906,3.899903441094564,True,,primer-cosmos-east-grizli-v7.4-f444w-clear_drc_sci.fits,0.0399999999999996,False,False,False
701,high_recall,untested,0.7380664,0.03637842,99.6501,ceers-full,79875,575292,214.8673997398534,52.91901629242664,538181,1,27.687822721536243,8.502175408647009,0.0826813328583539,5.777649402618408,False,0,False,,,0,0,0,0,,,,,False,False,False,False,False,False,False,False,False,False,4.884919,4.8651223,5.1607494,4.8712864,4.3017087,3.402245,3.7748308,1.887376,1.9464428,1.441392,2.103307,2.816232,3.6926496,2.8369098,0.01979686,-0.2956271,0.28946307,0.56957775,0.8994637,-0.37258565,-0.0061639994,1.4690415,0.52687806,0.0740014,-2.8813436,-2.955345,-1.0825925,0.015949147,7.0,6.0,,0.5690730176464622,1.6069974954066866,1.5462625689798093,2.4848400755916624,2.7171602255449545,True,,ceers-full-grizli-v7.4-f444w-clear_drc_sci.fits,0.0399999999999993,True,True,False
702,high_recall,secure low-z,0.73758996,0.04574112,99.64989,primer-cosmos-east,38461,423744,150.16984894892929,2.308927355831444,394430,1,22.983194615650174,306.7763715609577,0.1542545756556247,0.390819102525711,False,1,False,,,1,0,1,0,3.0,0.26475,PRISM,capers-cos10-v4_prism-clear_6368_32172.spec.fits,False,False,False,False,False,False,False,False,False,False,-0.62546766,-0.036086578,-0.19623779,0.09350191,-0.12056539,-0.5520235,-0.91680765,5.906328,5.562601,5.848228,5.9771576,6.0040097,6.205029,6.419269,-0.5893811,0.16015121,-0.2897397,0.2140673,0.4314581,0.36478418,-0.12958848,0.6455254,0.7962423,1.7244213,-3.972083,-5.696504,-0.8117619,0.29725847,7.0,7.0,,0.5586960336104039,1.6228702918242366,83.94887822651187,136.2381405057766,150.25858995994238,True,,primer-cosmos-east-grizli-v7.4-f444w-clear_drc_sci.fits,0.0399999999999996,True,True,False
703,high_recall,untested,0.73741233,0.050082706,99.64967,primer-cosmos-west,94404,342833,150.09153066784882,2.3990483481104583,319623,1,20.267865255025605,1048.3373091625324,0.0907752281481018,0.930794596672058,True,10,False,,,0,0,0,0,,,,,False,False,False,False,False,False,False,False,False,False,-2.7606733,-3.0740383,-3.136764,-3.19231,-3.3580413,-3.5011148,-3.6321347,6.82852,7.230879,7.314298,7.610111,7.4550314,7.565987,7.648108,0.31336507,0.06272568,0.05554614,0.16573119,0.14307368,0.13101983,0.11827181,0.30880487,0.2740935,-1.1686908,-1.366141,-0.1974502,-1.0420326,0.06531631,7.0,7.0,,0.5872130303865136,1.5721581355008356,1463.4705143451706,2300.8070751933524,2492.2309938897124,True,,primer-cosmos-west-grizli-v7.4-f444w-clear_drc_sci.fits,0.0399999999999996,True,True,False
704,high_recall,untested,0.7373146,0.031605937,99.64946,gdn,29201,500434,189.23562501081489,62.20205358208416,467640,1,23.516770588562416,189.16083545875816,0.4197161233902884,3.479099988937378,False,1,False,,,0,0,0,0,,,,,False,False,False,False,False,False,False,False,False,False,6.217736,7.236719,3.97424,2.746892,0.7095606,0.5701213,-0.3832355,-0.68747467,-1.4180734,1.9888743,3.560205,5.184637,5.346661,5.935752,-1.0189836,3.2624793,1.227348,2.0373313,0.13943933,0.95335674,4.489827,2.1767707,1.0927961,-12.836828,-5.65817,7.178658,-0.37704435,0.7303046,5.0,5.0,,0.3159459318907606,2.4438260047811173,12.356715827863203,30.197663473822534,39.11022292300184,True,,gdn-grizli-v7.4-f444w-clear_drc_sci.fits,0.0399999999999996,False,False,False
705,high_recall,untested,0.7367655,0.05509,99.64881,primer-cosmos-west,97951,336402,150.0864466193798,2.41477879122815,313927,1,26.608744640832427,12.304402504238732,0.1262571915310664,6.52003812789917,False,0,False,,,0,0,0,0,,,,,False,False,False,False,False,False,False,False,False,False,4.613799,3.2129421,3.7519765,3.1083043,3.0408106,2.3880274,2.7069368,0.8670725,2.6268938,2.0128777,3.2637005,3.2076588,4.035867,3.2047515,1.4008569,-0.53903437,0.6436722,0.067493595,0.65278333,-0.3189096,0.104637906,0.7202769,0.33387372,-0.92985374,-1.8991295,-0.9692757,-0.89874387,0.2086051,6.0,6.0,,0.4085926631024539,2.1003526764387326,2.8970828085849307,6.084895630876,7.090393612521849,True,,primer-cosmos-west-grizli-v7.4-f444w-clear_drc_sci.fits,0.0399999999999996,False,False,False
706,high_recall,untested,0.73524,0.04957814,99.64817,primer-uds-north,4429,96990,34.40251792061938,-5.203231297270074,92675,1,23.20016150852508,301.18803991258443,0.0997341635592357,2.410390615463257,False,0,False,,,0,0,0,0,,,,,False,False,False,False,False,False,False,False,False,False,4.170081,2.2073455,0.6189705,0.019124078,-0.33631477,-0.5958784,-0.6998419,1.6349971,3.4960177,5.125884,5.8366814,6.3914857,6.6135354,6.4008846,1.9627357,1.5883749,0.5998464,0.35543883,0.25956362,0.10396349,2.1882212,0.61500245,0.36352712,-5.653952,-1.8270696,3.8268824,-1.0011561,0.10619292,7.0,6.0,,0.5166832804621491,1.7539320549527926,89.11857178180149,156.30791973971304,172.48201200179943,True,,primer-uds-north-grizli-v7.2-f444w-clear_drc_sci.fits,0.0399999999999996,True,False,False
707,high_recall,untested,0.73502177,0.04553008,99.64796,primer-uds-south,18600,49977,34.30989772124506,-5.289412349927344,47697,1,27.274704666125466,10.337009222694943,0.1233590043397692,7.404845237731934,False,0,False,,,0,0,0,0,,,,,False,False,False,False,False,False,False,False,False,False,7.029639,6.7240005,4.0276875,4.513471,4.288533,4.080215,3.368577,-1.6854604,-0.9415759,2.4282746,2.1706886,2.5960488,2.820698,3.0312092,0.3056386,2.696313,-0.48578352,0.22493781,0.20831795,0.7116383,2.2105293,0.43325576,0.91995627,-7.4988136,-4.9187617,2.5800521,-0.90882915,0.20186916,5.0,5.0,,0.4575968643643164,1.867367808101507,1.9712721406512823,3.681090136459551,4.307879476817943,True,,primer-uds-south-grizli-v7.2-f444w-clear_drc_sci.fits,0.0399999999999996,False,False,False
708,high_recall,untested,0.73474485,0.039827533,99.64753,ceers-full,21752,600963,214.96137026352903,52.85739929582941,562478,1,25.571635361569854,55.90213513947862,0.176320284577582,3.465256690979004,False,0,False,,,0,0,0,0,,,,,False,False,False,False,False,False,False,False,False,False,6.353714,4.880397,4.4631677,3.699623,2.6029441,2.2714942,1.6713672,-0.99084973,2.0013833,1.8888905,2.8314717,4.045699,4.5179543,4.71683,1.4733173,0.41722932,0.7635445,1.0966789,0.33145,0.600127,1.1807737,1.4281288,0.93157697,-6.1282973,-5.0405016,1.087796,-0.7536977,0.34484395,6.0,6.0,,0.3450232683036281,2.368937302379672,5.253880472802272,12.446113434265447,15.227612035077996,True,,ceers-full-grizli-v7.4-f444w-clear_drc_sci.fits,0.0399999999999993,False,False,False
709,high_recall,untested,0.73414963,0.050453227,99.647316,primer-cosmos-east,7794,397850,150.14067469839858,2.183978207216046,369813,1,27.15631036461611,12.45760210421976,0.1115855599759209,9.308716773986816,False,0,False,,,0,0,0,0,,,,,False,False,False,False,False,False,False,False,False,False,4.440826,6.6258645,3.9791996,3.9875007,3.6661282,3.5627315,3.2513752,1.4197288,-0.6471051,2.239478,2.2614722,3.0760024,3.0019066,3.2170854,-2.1850383,2.6466646,-0.008300963,0.32137242,0.103396654,0.31135634,2.6383638,0.42476904,0.41475296,-2.1702094,-2.0917435,0.0784659,-0.952392,0.1566284,6.0,5.0,,0.4330778855584307,2.0346884220631485,2.011119739127489,4.092002048585361,4.643783038088536,True,,primer-cosmos-east-grizli-v7.4-f444w-clear_drc_sci.fits,0.0399999999999996,False,False,False
710,high_recall,untested,0.7338905,0.042383455,99.64667,ceers-full,10047,624547,215.08043392758285,52.92154985658413,584784,1,23.658457891846687,242.16485378914783,0.1467764154161421,3.225827932357788,False,0,False,,,0,0,0,0,,,,,False,False,False,False,False,False,False,False,False,False,5.522445,4.207836,3.0771751,1.6923827,0.58901244,0.2583195,-0.24155001,0.6413305,2.6233864,3.3785925,4.807972,5.903841,6.2338204,6.1827703,1.3146094,1.1306608,1.3847924,1.1033703,0.33069295,0.49986953,2.5154533,1.4340632,0.8305625,-10.992582,-4.1173477,6.8752346,-0.83334374,0.26519796,6.0,6.0,,0.3763586677926131,2.268075453661104,36.75419423179989,83.36128575623786,97.65736085571636,True,,ceers-full-grizli-v7.4-f444w-clear_drc_sci.fits,0.0399999999999993,False,False,False
711,high_recall,secure low-z,0.7337588,0.03871901,99.64624,ceers-full,58738,560120,214.7999742323869,52.82208873568242,523763,1,23.73185804853821,157.28505848863352,0.1272567409443108,2.850541114807129,False,0,False,,,2,0,2,0,3.0,2.9526844,G395M;PRISM,rubies-egs53-v4_g395m-f290lp_4233_54200.spec.fits;rubies-egs53-v4_prism-clear_4233_54200.spec.fits,False,False,False,False,False,False,False,False,False,False,5.019526,3.418114,1.9920975,0.9621266,0.36815265,0.14292084,-0.168151,1.4337891,3.481825,4.5941143,5.584158,5.6981897,5.500764,5.751217,1.6014123,1.4260163,1.0299709,0.593974,0.22523183,0.31107184,2.4559872,0.8192058,0.53630364,-9.106701,-2.6611612,6.44554,-0.8953192,0.20322247,7.0,6.0,,,,42.263262952655325,,,False,aperture d040 covers a NaN or non-finite pixel,ceers-full-grizli-v7.4-f444w-clear_drc_sci.fits,0.0399999999999993,False,False,False
712,high_recall,untested,0.7334621,0.050865807,99.64603,ceers-full,31539,623409,215.06915153282168,52.95289747688964,583695,1,27.31936386089293,11.51158463563024,0.0931753032476439,6.086020469665527,False,0,False,,,0,0,0,0,,,,,False,False,False,False,False,False,False,False,False,False,4.4128857,3.8489578,3.834001,4.111179,3.581536,3.148097,3.4127154,2.3817255,3.121971,2.840387,2.7787614,3.5085766,4.077856,3.1383822,0.5639278,0.014956597,-0.27717775,0.5296429,0.4334389,-0.26461834,-0.26222116,0.9630818,0.16882055,-0.17888269,-1.816512,-1.6376293,-1.0306991,0.06784249,7.0,7.0,,0.4750901721495931,1.8456172271335487,2.1518135262491023,3.971424113624333,4.529273919755077,True,,ceers-full-grizli-v7.4-f444w-clear_drc_sci.fits,0.0399999999999993,False,False,False
713,high_recall,untested,0.73332196,0.06358607,99.64581,primer-cosmos-east,69674,436647,150.18827428669184,2.4243508823039988,406780,1,27.357598981402177,10.371185257042276,0.0866141068569539,5.6823906898498535,False,0,True,,,0,0,0,0,,,,,False,False,False,False,False,False,False,False,False,False,3.5836856,3.6444018,4.415222,3.9730687,4.0077233,3.039336,3.4504702,2.2181077,2.3231819,1.7937381,2.2620544,2.7697968,3.4647143,3.0344946,-0.06071631,-0.7708203,0.44215342,-0.034654573,0.9683875,-0.41113424,-0.32866693,0.93373287,0.55725324,1.4345498,-2.0004838,-3.4350338,-1.0624114,0.046609033,7.0,6.0,,0.5996705715960117,1.414845964419827,2.267948213327148,3.2087973771390725,3.781990180527031,True,,primer-cosmos-east-grizli-v7.4-f444w-clear_drc_sci.fits,0.0399999999999996,True,True,False
714,high_recall,untested,0.7332266,0.049749207,99.6456,gdn,70338,464598,189.05773890449493,62.27891469042386,433649,1,27.026406795170207,16.939305188403686,0.0940756822068148,1.2593110799789429,False,0,False,,,0,0,0,0,,,,,False,False,False,False,False,False,False,False,False,False,4.4047537,3.6935854,3.6523733,3.593367,3.1550376,2.5941749,3.1225164,2.2919865,3.245699,3.210033,3.4668036,4.118142,4.6508055,3.523654,0.7111683,0.041212138,0.05900629,0.4383294,0.5608628,-0.5283415,0.10021843,0.9991922,0.0325213,-1.0625668,-2.475975,-1.4134083,-1.0265226,0.08082634,7.0,7.0,,0.5352278377069176,1.7522416118480009,2.87274965768066,5.033751490610152,5.367339766908261,True,,gdn-grizli-v7.4-f444w-clear_drc_sci.fits,0.0399999999999996,True,False,False
715,high_recall,untested,0.73292536,0.035445556,99.645386,primer-uds-south,35818,125423,34.46369852828962,-5.260663205966228,119972,1,27.822808706586294,5.14833975008713,0.0913699307587749,5.431331157684326,False,0,False,,,0,0,0,0,,,,,False,False,False,False,False,False,False,False,False,False,3.530181,4.881347,4.0287333,4.9978333,4.1805134,3.7053597,3.9062314,2.4974928,1.2381173,2.2219298,1.4660943,2.5267677,3.004235,2.3411229,-1.351166,0.8526138,-0.9691001,0.8173197,0.47515386,-0.2008717,-0.116486296,1.2924736,0.27428216,3.221161,-1.8578163,-5.078977,-1.0391967,0.07150159,7.0,5.0,,0.555440872836511,1.8224949498088436,1.534794992100528,2.797156122095116,2.763201390388642,True,,primer-uds-south-grizli-v7.2-f444w-clear_drc_sci.fits,0.0399999999999996,True,False,False
716,high_recall,untested,0.73262995,0.044921957,99.64495,primer-uds-north,69534,122279,34.456891818283204,-5.107941201197869,116973,2,27.08736888811636,8.407378126318967,0.1344805718993675,6.898519515991211,False,0,False,,,0,0,0,0,,,,,False,False,False,False,False,False,False,False,False,False,5.622063,3.7033377,4.2108345,4.127577,4.0770826,2.8919988,3.1830187,0.21265224,2.0866852,1.7902957,2.064089,2.345618,3.4781923,2.8257751,1.9187257,-0.50749654,0.08325756,0.05049392,1.185084,-0.29102,-0.424239,1.235578,0.894064,0.5090051,-2.3548658,-2.8638709,-0.87134045,0.23600851,6.0,5.0,,0.4008432964101273,1.9305710926188808,1.8862933092270584,3.641623334994167,4.7058122865477,True,,primer-uds-north-grizli-v7.2-f444w-clear_drc_sci.fits,0.0399999999999996,False,False,False
717,high_recall,untested,0.7326133,0.048484307,99.64474,primer-cosmos-east,22633,421000,150.16627280177966,2.2538761002743075,391816,1,27.68299354981849,9.87704769441754,0.1017381481744464,6.580002784729004,False,0,False,,,0,0,0,0,,,,,False,False,False,False,False,False,False,False,False,False,3.5246375,4.390739,4.1120496,4.588506,4.103051,3.2865772,3.7701147,2.211594,1.9589008,2.355951,2.0390513,2.870242,3.6480238,2.9859138,-0.8661014,0.27868935,-0.47645658,0.48545513,0.8164737,-0.48353726,-0.19776723,1.3019289,0.33293647,2.590215,-1.4476573,-4.0378723,-0.99251616,0.11650423,7.0,7.0,,0.4175489486955135,2.113408404043088,1.1114150447951474,2.348873896049989,2.6617598925045245,True,,primer-cosmos-east-grizli-v7.4-f444w-clear_drc_sci.fits,0.0399999999999996,False,False,False
718,high_recall,untested,0.7324683,0.05222228,99.64452,primer-uds-north,25585,56828,34.321336611422446,-5.169234152203469,54146,2,26.72808844809339,38.41377008251726,0.1133546295912118,0.1335112601518631,False,1,False,,,0,0,0,0,,,,,False,False,False,False,False,False,False,False,False,False,3.2249944,2.7980418,2.6012738,2.4476445,2.6023183,0.82339513,2.8258376,3.8854566,4.005176,4.3296595,3.2783966,4.67178,5.7632875,4.3417325,0.42695278,0.19676784,0.15362929,-0.15467373,1.7789232,-2.0024426,0.35039714,1.6242495,-0.22351934,-2.442388,-4.1298504,-1.6874626,-0.94556075,0.16178823,7.0,7.0,,0.2729719665410106,2.8469903488039754,1.6747316213876715,4.767944762927534,6.1351780646532585,True,,primer-uds-north-grizli-v7.2-f444w-clear_drc_sci.fits,0.0399999999999996,False,False,False
719,high_recall,untested,0.732432,0.03153859,99.64431,ceers-full,20238,579347,214.88292658953213,52.79815405795758,542012,1,23.565729498464272,287.57793754424705,0.1686120881333248,3.2415659427642822,False,0,False,,,0,0,0,0,,,,,False,False,False,False,False,False,False,False,False,False,5.6727705,5.9933243,4.175455,2.297722,1.0607994,0.3783126,-0.33427715,0.20617785,0.07277869,2.168232,4.144199,5.386262,6.0518346,6.3546443,-0.32055372,1.817869,1.8777332,1.2369227,0.6824868,0.71258974,3.6956022,1.9194095,1.3950765,-13.79809,-6.943423,6.8546677,-0.7731113,0.3254304,5.0,5.0,,0.3997888821628229,2.148525651950496,37.39179254220589,80.3372254493406,93.5288453743875,True,,ceers-full-grizli-v7.4-f444w-clear_drc_sci.fits,0.0399999999999993,False,False,False
720,high_recall,untested,0.73232013,0.04405225,99.6441,primer-uds-north,39454,38857,34.29129320225684,-5.150211492387191,37117,1,27.47659388164041,23.309558566712603,0.090728276230927,5.617236614227295,False,0,False,,,0,0,0,0,,,,,False,False,False,False,False,False,False,False,False,False,3.510638,3.6230192,4.0083466,3.81449,3.9105532,3.2843215,3.567739,3.821428,3.389059,3.0804186,2.5119085,3.5959802,4.0902205,3.8424704,-0.112381324,-0.38532737,0.19385669,-0.09606319,0.6262317,-0.28341758,-0.19147068,0.5301685,0.34281406,1.5601023,-1.3050966,-2.865199,-1.0422573,0.065091625,7.0,7.0,,0.5684382062499634,1.672684167977484,1.8592754127978175,3.1099805468967108,3.2708487789088285,True,,primer-uds-north-grizli-v7.2-f444w-clear_drc_sci.fits,0.0399999999999996,True,True,False
721,high_recall,secure low-z,0.7321056,0.054567393,99.64367,primer-uds-south,23024,12486,34.231894503810985,-5.2816153250456725,11804,1,26.909327953159465,8.643294764117854,0.0951519336664167,2.4804396629333496,False,0,False,,,2,0,2,0,3.0,2.4693122,G395M;PRISM,rubies-uds1-v4_g395m-f290lp_4233_19001.spec.fits;rubies-uds1-v4_prism-clear_4233_19001.spec.fits,False,False,False,False,False,False,False,False,False,False,4.4242015,4.17516,3.269143,3.4808962,3.4659643,2.9281595,3.0061889,1.5507962,1.7825572,2.7765124,2.8141382,2.894303,3.412411,2.8532608,0.24904148,0.9060167,-0.21175316,0.014931988,0.53780484,-0.07802948,0.6942635,0.5527368,0.45977536,-1.6865726,-2.480049,-0.79347634,-1.0215824,0.08911592,7.0,5.0,,0.5386249532493675,1.680069156466989,3.327558739217988,5.590528804092322,6.177877053678621,True,,primer-uds-south-grizli-v7.2-f444w-clear_drc_sci.fits,0.0399999999999996,True,True,False
722,high_recall,untested,0.73205835,0.049102485,99.643456,gdn,39561,484997,189.17796748233684,62.2237069906784,453056,2,26.90340693483644,28.44508586715692,0.0966114783014463,6.413802146911621,False,0,False,,,0,0,0,0,,,,,False,False,False,False,False,False,False,False,False,False,3.898094,2.9226084,2.8343155,3.0773878,3.1726804,2.3366945,3.0003018,3.0913289,4.2413306,3.976513,3.9737167,4.154048,4.9466023,4.0414314,0.97548556,0.088293046,-0.24307239,-0.09529247,0.8359859,-0.6636074,-0.15477934,0.7406934,0.17237847,-0.33876848,-1.8045113,-1.4657428,-1.0149713,0.09237769,7.0,7.0,,0.5575772588357945,1.6915832887278612,2.965848172124268,5.016979204869485,5.31916990000072,True,,gdn-grizli-v7.4-f444w-clear_drc_sci.fits,0.0399999999999996,True,True,False
723,high_recall,untested,0.7320423,0.044850145,99.64324,gds,69704,233791,53.16653734405419,-27.73149383703361,221008,1,27.74552412307003,25.396854711154624,0.0858399625520569,6.013238906860352,False,0,False,,,0,0,0,0,,,,,False,False,False,False,False,False,False,False,False,False,4.6777673,4.317053,4.2683372,4.2004194,4.283581,3.5009139,3.8311036,2.7865798,3.4324756,3.4390726,3.381994,3.8379016,4.312879,3.92816,0.36071408,0.048715815,0.06791779,-0.08316118,0.7826667,-0.33018973,0.1166336,0.6995055,0.45247695,-1.0267389,-2.2084951,-1.1817563,-1.0663105,0.041038487,7.0,7.0,,0.5829722266325288,1.6295464929016286,1.5158849174504296,2.470204950873822,2.600269529488158,True,,gds-grizli-v7.2-f444w-clear_drc_sci.fits,0.0399999999999996,True,True,False
724,high_recall,untested,0.73188967,0.044541962,99.64303,primer-cosmos-west,26023,307410,150.06242773149918,2.201684345772186,288136,1,27.527837080646723,7.4131548389899615,0.0420134551975673,0.564757227897644,True,6,False,,,0,0,0,0,,,,,False,False,False,False,False,False,False,False,False,False,7.118406,4.5907645,4.3887334,6.546725,7.2782593,4.8713865,3.6181173,-1.139739,1.3381004,1.715893,-0.3424005,-0.9927104,1.4550291,2.7009218,2.5276415,0.20203091,-2.1579912,-0.73153424,2.4068725,1.2532691,-1.9559604,1.6753383,3.6601417,-5.73618,-17.21284,-11.47666,-1.3766116,-0.26926264,4.0,1.0,,0.7759986595081645,1.265939281661192,2.393437289521487,3.0299462829979413,3.084331732014165,True,,primer-cosmos-west-grizli-v7.4-f444w-clear_drc_sci.fits,0.0399999999999996,False,True,False
725,high_recall,untested,0.73148084,0.046373356,99.64281,primer-uds-south,9695,126497,34.46608018291741,-5.304338844432448,120996,1,27.502325312717545,6.150809025901763,0.0317081559067563,17.914907455444336,True,3,False,,,0,0,0,0,,,,,False,False,False,False,False,False,False,False,False,False,7.2648215,5.6188917,6.019953,7.058199,3.4393349,3.3249018,3.5930462,-1.6393961,0.4197843,-0.0005818007,-1.0868844,3.1087296,3.22136,2.5162742,1.6459296,-0.4010608,-1.038246,3.6188638,0.11443309,-0.26814437,-1.4393069,3.7332969,-0.15371129,-1.0985293,0.13156757,1.2300968,-1.498829,-0.38813072,3.0,3.0,,1.0219960692218244,0.981669617544867,3.5743732014086738,3.508853573589475,3.49744319871044,True,,primer-uds-south-grizli-v7.2-f444w-clear_drc_sci.fits,0.0399999999999996,False,True,False
726,high_recall,untested,0.73144865,0.04683629,99.64259,ceers-full,80204,555298,214.77185172713936,52.85096343889135,519200,1,26.970361210620965,15.058215591150304,0.1287527647906393,8.43054485321045,False,0,False,,,0,0,0,0,,,,,False,False,False,False,False,False,False,False,False,False,6.16807,4.7281694,3.7252898,4.009316,3.7577846,3.4672813,3.0668504,-0.8954216,2.1138017,2.9155145,2.6428268,3.247753,3.5189831,3.4061716,1.4399004,1.0028796,-0.2840259,0.25153136,0.29050308,0.40043095,0.7188538,0.54203445,0.690934,-4.394336,-3.4736905,0.9206456,-0.8902434,0.20829824,6.0,6.0,,0.4575338588413371,1.931750084118945,2.31092219339702,4.46412414148703,5.050822247886135,True,,ceers-full-grizli-v7.4-f444w-clear_drc_sci.fits,0.0399999999999993,False,False,False
727,high_recall,untested,0.7302544,0.03934353,99.64195,ceers-full,6050,609583,214.99873489686613,52.85537865972539,570675,1,25.79730069023958,45.1157402666866,0.112339700980372,7.308444023132324,False,0,False,,,1,0,0,0,,,G140H,egs-mason-v4_g140h-f100lp_4287_49920.spec.fits,False,False,False,False,False,False,False,False,False,False,5.252808,2.6137407,2.5083163,2.6239922,2.5540047,2.5738635,1.8968945,1.1191206,4.212412,4.014867,4.0966344,4.4089236,4.531572,4.502501,2.6390672,0.10542448,-0.11567581,0.06998733,-0.019858686,0.67696905,-0.010251332,0.05012864,0.65711033,-0.14308888,-3.3138285,-3.1707394,-0.94946676,0.14907494,7.0,6.0,,0.4704086042113153,1.9144254114708108,7.341118896738356,14.054024564544472,15.605834653144662,True,,ceers-full-grizli-v7.4-f444w-clear_drc_sci.fits,0.0399999999999993,False,False,False
728,high_recall,untested,0.7302405,0.04882033,99.64174,ceers-full,81671,551732,214.73544444868529,52.83148255924197,515821,1,24.00728056705493,11.538775661587836,0.7225754040132304,1.61052143573761,True,4,False,,,0,0,0,0,,,,,False,False,False,False,False,False,False,False,False,False,1.2960236,1.747027,7.000846,1.3955598,0.85262525,0.5121171,0.10726553,1.7576332,2.466833,-0.19448406,2.7959101,2.8695836,3.2668576,3.1407328,-0.45100337,-5.253819,5.605286,0.54293454,0.3405082,0.40485153,0.3514672,0.88344276,0.7453597,-0.825245,-3.7703884,-2.9451435,-0.14111683,0.9574249,6.0,5.0,,0.1622797662131334,3.873296071516164,1.126174449374732,4.362007070605029,6.939709587057499,True,,ceers-full-grizli-v7.4-f444w-clear_drc_sci.fits,0.0399999999999993,False,False,False
729,high_recall,untested,0.730222,0.03907023,99.641525,primer-uds-south,33862,99537,34.407652995476546,-5.263999629097654,95107,1,26.86381313022474,9.385060893718403,0.1176982565554538,1.483567476272583,False,0,False,,,0,0,0,0,,,,,False,False,False,False,False,False,False,False,False,False,7.5333242,3.2744894,4.0476165,4.9211917,3.4683375,3.0499728,2.9609256,-1.4237134,2.0377543,1.6738123,1.0059842,2.9070988,3.3477092,2.9350927,4.258835,-0.7731272,-0.87357515,1.4528542,0.41836467,0.08904731,-1.6467023,1.8712188,0.50741196,-6.0362625,-2.5618098,3.4744525,-0.92923,0.18146832,6.0,4.0,,0.392170045905341,2.1058987060677805,2.792100521232185,5.879880874874033,7.119616988560416,True,,primer-uds-south-grizli-v7.2-f444w-clear_drc_sci.fits,0.0399999999999996,False,False,False
730,high_recall,untested,0.7298743,0.055974208,99.64131,gds,57822,214097,53.14072378057411,-27.76263357986745,202893,1,28.23024932754206,13.68570513635725,0.0964230176392537,5.474234580993652,False,0,False,,,0,0,0,0,,,,,False,False,False,False,False,False,False,False,False,False,5.498038,5.283168,5.3031783,5.518244,4.877062,4.207207,4.295985,1.2738653,2.2407832,2.0065763,2.0082183,3.0035422,3.7371888,3.310831,0.21486968,-0.020010121,-0.21506588,0.6411821,0.6698548,-0.08877818,-0.23507601,1.311037,0.5810766,0.22997801,-2.4697278,-2.6997058,-1.0158193,0.09152968,7.0,6.0,,0.4898926230075405,1.7626018359545317,0.9529830694148193,1.679729707784145,1.945289691370084,True,,gds-grizli-v7.2-f444w-clear_drc_sci.fits,0.0399999999999996,False,False,False
731,high_recall,untested,0.729867,0.040045418,99.6411,primer-uds-south,10278,69102,34.344391452398966,-5.303472535440699,65912,1,22.25872334177525,387.8280175907334,0.1218887176514386,1.853448271751404,False,0,False,,,0,0,0,0,,,,,False,False,False,False,False,False,False,False,False,False,4.2587104,2.1804812,0.852374,-0.025378997,-0.93114454,-1.3709409,-1.6412773,1.2858051,3.1588807,4.55656,5.5388246,6.4476213,6.795783,6.653711,2.0782294,1.328107,0.877753,0.90576553,0.43979633,0.27033636,2.2058601,1.3455619,0.7101327,-7.6540356,-3.5544763,4.0995593,-0.9140365,0.1966618,7.0,6.0,,0.4644276064474558,1.904932898208845,175.26858648860912,333.87489642471377,377.38623642399386,True,,primer-uds-south-grizli-v7.2-f444w-clear_drc_sci.fits,0.0399999999999996,False,False,False
732,high_recall,untested,0.7295809,0.04534408,99.64066,gdn,62280,499827,189.2337886582566,62.263974716483766,467073,1,27.84351390264064,20.984594342607814,0.0881764946662364,10.40157699584961,False,0,False,,,3,0,0,0,,,G140M;G235M;G395M,aurora-gdn02-v4_g140m-f100lp_1914_511948.spec.fits;aurora-gdn02-v4_g235m-f170lp_1914_511948.spec.fits;aurora-gdn02-v4_g395m-f290lp_1914_511948.spec.fits,False,False,False,False,False,False,False,False,False,False,5.793303,6.3016667,5.0007176,4.6331077,4.7263746,4.54124,3.9263072,0.05034094,-1.2197995,2.1627553,2.0962043,2.2322385,3.2600446,3.737503,-0.5083634,1.3009489,0.3676098,-0.093266524,0.18513411,0.6149332,1.6685587,0.09186758,0.80006725,-5.656654,-5.429445,0.22720888,-1.0546472,0.052701797,5.0,5.0,,0.5763077698847828,1.6194207346029317,1.4868263470858862,2.4077974152248194,2.579917233083873,True,,gdn-grizli-v7.4-f444w-clear_drc_sci.fits,0.0399999999999996,True,True,False
733,high_recall,untested,0.72954863,0.054512903,99.64045,primer-cosmos-west,61790,375147,150.11797764103693,2.2904829328969694,348425,1,28.50432974984823,13.049382528799445,0.0617518379915374,7.823421478271484,False,0,False,,,0,0,0,0,,,,,False,False,False,False,False,False,False,False,False,False,6.5252857,5.7501616,4.9266458,5.357548,5.5456176,4.830667,4.54918,-1.3878937,0.5795537,1.9687511,1.6022731,2.5726717,3.493916,3.2633529,0.77512383,0.82351613,-0.43090233,-0.18806934,0.71495044,0.28148696,0.39261377,0.5268811,0.99643743,-3.6949391,-4.5981245,-0.9031856,-1.2093501,-0.102001145,5.0,4.0,,0.7810626328136843,1.3934684308656775,1.2618218642766563,1.758308933245596,1.6155194362980785,True,,primer-cosmos-west-grizli-v7.4-f444w-clear_drc_sci.fits,0.0399999999999996,False,True,False
734,high_recall,untested,0.7289149,0.04529374,99.63981,ceers-full,46910,588035,214.9128799992544,52.87537351102135,550232,1,23.346527415925443,358.4508318986026,0.1531227152501242,1.961143016815185,False,0,False,,,0,0,0,0,,,,,False,False,False,False,False,False,False,False,False,False,5.423537,3.8087332,2.348514,1.2843091,0.33644444,-0.15604116,-0.55347705,0.97603,3.1451156,4.295944,5.3511424,6.205369,6.5425677,6.5749407,1.6148034,1.4602191,1.064205,0.94786465,0.49248558,0.39743587,2.5244243,1.4403503,0.8899215,-9.41006,-4.441636,4.968424,-0.81496036,0.2835813,7.0,6.0,,0.4449580605312328,1.968132227817744,52.89537690721902,104.10509599366422,118.87721922391412,True,,ceers-full-grizli-v7.4-f444w-clear_drc_sci.fits,0.0399999999999993,False,False,False
735,high_recall,untested,0.72858804,0.0365764,99.639595,primer-uds-north,79896,86644,34.38128682531315,-5.092511972302827,82722,1,23.57152196875831,58.807876209232205,0.3513048617043954,3.524763822555542,False,0,False,,,0,0,0,0,,,,,False,False,False,False,False,False,False,False,False,False,3.1751206,2.9747565,3.5800812,1.5541093,0.5399328,0.16076577,-0.32848477,1.4234829,1.6066804,1.2649387,3.2330217,4.2936964,4.726803,4.767495,0.20036411,-0.6053247,2.0259717,1.0141765,0.37916702,0.48925054,1.4206471,1.3933436,0.86841756,-5.7504783,-4.475363,1.2751155,-0.45431584,0.65303314,7.0,4.0,,0.3037617415414765,2.618157135972922,15.383092786449083,40.27535415217525,50.641969289436105,True,,primer-uds-north-grizli-v7.2-f444w-clear_drc_sci.fits,0.0399999999999996,False,False,False
736,high_recall,untested,0.72856545,0.04618891,99.63938,primer-uds-north,52324,44151,34.30041060889957,-5.132216758038325,42160,1,22.92133664561064,330.7674794011376,0.1003233722098574,4.028553485870361,False,0,False,,,0,0,0,0,,,,,False,False,False,False,False,False,False,False,False,False,1.5376935,1.1285332,0.58774525,-0.1667115,-0.6738516,-0.9460139,-0.9786654,4.120906,4.512938,5.1592774,5.9834957,6.5618725,6.766252,6.494565,0.40916023,0.54078794,0.75445676,0.5071401,0.27216235,0.032651443,1.2952447,0.7793024,0.30481377,-5.39114,-1.5438292,3.847311,-0.99859786,0.10875109,7.0,7.0,,0.5407330828022978,1.6776567340632011,114.36636372397464,191.86750025184747,211.502435048512,True,,primer-uds-north-grizli-v7.2-f444w-clear_drc_sci.fits,0.0399999999999996,True,True,False
737,high_recall,untested,0.7281498,0.04306185,99.638954,primer-uds-south,19006,79361,34.36558903626519,-5.288913392083323,75733,1,21.57106339876457,905.766305644795,0.0859428440071031,1.0430792570114136,True,6,False,,,0,0,0,0,,,,,False,False,False,False,False,False,False,False,False,False,-1.930158,-2.0369482,-2.3069382,-2.1800108,-2.0825305,-2.4607792,-2.3289368,6.916974,7.0179434,7.352496,7.3655014,7.5281305,7.7583065,7.501929,0.10679022,0.26998997,-0.12692757,-0.09748025,0.37824878,-0.13184246,0.14306241,0.28076854,0.24640633,-0.87446475,-1.2823981,-0.4079333,-1.0657903,0.044908017,7.0,7.0,,0.5726262564996387,1.6022092051139685,449.77427796987496,720.6324883868225,785.4587051583421,True,,primer-uds-south-grizli-v7.2-f444w-clear_drc_sci.fits,0.0399999999999996,True,True,False
738,high_recall,untested,0.7281451,0.04120356,99.63874,ceers-full,10440,571937,214.8544187148918,52.759581723937394,534995,1,22.56852607215654,539.6073956458778,0.1213099236557651,1.852903127670288,False,0,False,,,0,0,0,0,,,,,False,False,False,False,False,False,False,False,False,False,3.5692122,2.1428583,0.99316484,0.17977543,-0.60734826,-1.0337477,-1.331475,2.664323,4.4257383,5.269186,6.0807147,6.6970477,6.9958253,6.9839897,1.4263539,1.1496934,0.81338936,0.78712374,0.42639938,0.29772735,1.9630828,1.2135231,0.7241267,-7.6048026,-3.619726,3.985077,-0.91610366,0.182438,7.0,7.0,,0.4920589088275549,1.8126595367302176,135.62367079989164,245.83954028178317,275.6248659800646,True,,ceers-full-grizli-v7.4-f444w-clear_drc_sci.fits,0.0399999999999993,False,False,False
739,high_recall,untested,0.7281256,0.042358994,99.63852,ceers-full,65374,568204,214.83799160348096,52.86345578586593,531462,1,26.89013222325063,22.37578004027759,0.1216911072388892,6.981341361999512,False,0,False,,,0,0,0,0,,,,,False,False,False,False,False,False,False,False,False,False,5.1814847,3.8222835,3.8479354,3.9974482,3.5777733,3.14323,2.9871018,1.0091169,3.111699,2.997812,3.0160093,3.68531,4.0908833,3.8016253,1.3592014,-0.025651941,-0.14951286,0.4196749,0.43454328,0.15612823,-0.1751648,0.8542182,0.5906715,0.29119688,-2.917349,-3.208546,-0.91474116,0.18380052,7.0,6.0,,0.408872659757912,2.21398097846204,2.2012242564604074,4.87346863313259,5.383642569213903,True,,ceers-full-grizli-v7.4-f444w-clear_drc_sci.fits,0.0399999999999993,False,False,False
740,high_recall,untested,0.727071,0.05064106,99.637665,primer-uds-south,24925,141758,34.49718908214947,-5.278271276464418,135658,1,26.156354079152507,33.96444414206566,0.1272273693484977,6.830533027648926,False,0,False,,,0,0,0,0,,,,,False,False,False,False,False,False,False,False,False,False,3.9589684,2.564195,2.5650704,2.5579486,2.5184891,1.931621,2.2555673,1.8429276,3.5465248,3.7085874,3.8507726,4.186112,4.7832456,4.218678,1.3947735,-0.0008755121,0.0071216966,0.03945943,0.5868682,-0.3239464,0.0062461845,0.62632763,0.26292184,-0.33660683,-1.400896,-1.0642891,-0.8954195,0.21527885,7.0,7.0,,0.4474712155155669,2.010532095782304,4.622880855117756,9.29445033419179,10.331124539019497,True,,primer-uds-south-grizli-v7.2-f444w-clear_drc_sci.fits,0.0399999999999996,False,False,False
741,high_recall,untested,0.7270452,0.042224616,99.63745,primer-uds-south,49583,40751,34.29455354680525,-5.238991224064805,38914,1,27.157790258829568,8.419800179445016,0.111137307146392,4.161347389221191,False,1,False,,,0,0,0,0,,,,,False,False,False,False,False,False,False,False,False,False,4.0285063,7.3888497,4.4145737,4.9938416,3.3505347,3.2206945,3.2528417,1.469657,-0.97199446,1.3370768,1.019671,3.195975,3.3177962,2.8272412,-3.3603437,2.974276,-0.57926804,1.6433071,0.12984018,-0.032147236,2.395008,1.7731472,0.09769295,1.6043655,-0.6436337,-2.2479992,-0.9541401,0.15655817,6.0,3.0,,0.4256782737123478,2.217754049111849,1.999138532293253,4.433597574728882,4.696360269596873,True,,primer-uds-south-grizli-v7.2-f444w-clear_drc_sci.fits,0.0399999999999996,False,False,False
742,high_recall,untested,0.7268755,0.053366154,99.63724,gds,34609,245576,53.18565478821028,-27.80905868974122,232004,1,28.43074045681632,13.402268961808227,0.1039565053801427,7.090656280517578,False,0,False,,,0,0,0,0,,,,,False,False,False,False,False,False,False,False,False,False,5.644807,4.9623194,5.384094,6.098694,5.5053835,5.2023497,4.482143,0.87366563,2.7006226,2.1008563,0.32698056,2.5955756,2.742967,3.2899601,0.6824878,-0.421775,-0.7145995,0.5933105,0.30303386,0.7202065,-1.1363745,0.8963443,1.0232403,1.4380058,-5.3252535,-6.763259,-0.98314834,0.124200635,5.0,5.0,,0.514826856755762,1.7114602065087667,0.7469609243865221,1.2783938979045364,1.4508973542941763,True,,gds-grizli-v7.2-f444w-clear_drc_sci.fits,0.0399999999999996,True,False,False
743,high_recall,untested,0.726849,0.04562985,99.637024,ceers-full,16513,603359,214.9711798761932,52.85487853003263,564758,1,23.205244017203576,419.07190927231744,0.1153059665143427,3.398487567901612,False,0,False,,,0,0,0,0,,,,,False,False,False,False,False,False,False,False,False,False,3.2759085,2.6413114,1.6205041,0.11210978,-0.28304145,-0.35857898,-0.6947594,3.4653008,4.3227944,4.696267,6.160522,6.5450134,6.667811,6.731191,0.6345971,1.0208073,1.5083945,0.39515123,0.07553752,0.33618045,2.5292017,0.47068873,0.41171798,-10.72215,-2.0217981,8.700352,-0.9381482,0.16039346,7.0,7.0,,0.4923971406576187,1.838807799774371,78.13614165866866,143.6773467262351,158.68520591795942,True,,ceers-full-grizli-v7.4-f444w-clear_drc_sci.fits,0.0399999999999993,False,False,False
744,high_recall,untested,0.7263017,0.045043822,99.636375,gds,41285,248368,53.19239885935978,-27.79599858620376,234609,2,28.076908145181243,13.78886357405352,0.0988735695299747,5.930498600006104,False,0,False,,,0,0,0,0,,,,,False,False,False,False,False,False,False,False,False,False,5.1965694,4.9322553,4.9805202,4.9753566,4.533668,3.7660105,4.150783,2.144675,2.829979,2.7448196,2.6964917,3.3377414,4.014153,3.3183208,0.26431412,-0.048265077,0.0051639336,0.44168836,0.7676577,-0.3847726,-0.043101147,1.209346,0.3828851,-0.4187076,-2.2417755,-1.823068,-1.0049198,0.10242918,7.0,7.0,,0.5827671995280931,1.6293516516113624,1.0249764054070112,1.670046999012591,1.7588093603020305,True,,gds-grizli-v7.2-f444w-clear_drc_sci.fits,0.0399999999999996,True,True,False
745,high_recall,untested,0.72590744,0.038567588,99.63616,gds-sw,13860,160676,53.04523303513101,-27.89867681856425,153349,1,27.90156647571357,29.67841880179689,0.0784324426643914,6.768411159515381,False,0,False,,,0,0,0,0,,,,,False,False,False,False,False,False,False,False,False,False,5.1716523,4.120099,4.2417965,4.1640253,4.6143208,3.6305592,3.9824677,2.446159,3.860924,3.8266847,3.8925993,3.7840955,4.505874,4.083851,1.051553,-0.12169731,0.07777128,-0.4502958,0.9837618,-0.35190853,-0.043926027,0.533466,0.6318533,-0.91452205,-2.3631449,-1.4486228,-1.1055043,0.0018447068,7.0,7.0,,0.6699455341049573,1.4459909599538447,1.4691275154465648,2.124345106355185,2.192905901536174,True,,gds-sw-grizli-v7.0-f444w-clear_drc_sci.fits,0.0399999999999996,True,True,False
746,high_recall,untested,0.7251952,0.04330421,99.63531,gds-sw,68490,178335,53.07991837069941,-27.79817108394052,169658,1,27.66238454578549,10.944660570796527,0.1505223238197634,7.597119808197021,True,5,False,,,0,0,0,0,,,,,False,False,False,False,False,False,False,False,False,False,4.6527777,4.9831667,5.3044043,5.4251237,7.2325635,4.7288036,3.7499774,1.8490458,1.6831526,1.238064,1.3573357,-1.2443622,2.3888133,3.0880795,-0.33038917,-0.32123762,-0.120719045,-1.8074402,2.50376,0.9788263,-0.44195667,0.69632,3.4825864,2.3268244,-14.216617,-16.54344,-0.8223991,0.28494987,6.0,3.0,,0.2814249255672856,2.5009867201883598,0.7161681956020356,1.7911271466219505,2.5447930532749043,True,,gds-sw-grizli-v7.0-f444w-clear_drc_sci.fits,0.0399999999999996,False,False,False
747,high_recall,secure z>3 (V untested),0.7251446,0.033832245,99.63509,primer-uds-north,27097,74548,34.35539167745274,-5.167178036279915,71109,1,25.82503015622665,17.191121332649164,0.3304361780219491,7.979021072387695,False,0,False,,,1,0,0,1,3.0,7.75157,G395M,excels-uds01-v4_g395m-f290lp_3543_97592.spec.fits,False,False,False,False,False,False,False,False,False,False,6.084842,3.4230082,2.8055403,2.859042,2.7910607,2.3901992,1.9246026,-0.19069792,1.9708873,2.7110975,2.852743,3.1190667,3.541158,3.5383852,2.661834,0.6174681,-0.053501718,0.067981206,0.40086144,0.46559668,0.5639664,0.46884263,0.8664581,-1.7038188,-4.41364,-2.7098215,-0.48091242,0.62643653,6.0,6.0,,0.2419805692775556,3.0661227712877857,1.6185772846872744,4.962756669668805,6.68887295173994,True,,primer-uds-north-grizli-v7.2-f444w-clear_drc_sci.fits,0.0399999999999996,False,False,False
748,high_recall,untested,0.7250242,0.031470757,99.63467,primer-cosmos-east,68146,377841,150.12058727095916,2.4180905664714887,350941,1,22.993194400929283,252.2661687996008,0.2081982187645538,3.4262845516204834,False,0,False,,,0,0,0,0,,,,,False,False,False,False,False,False,False,False,False,False,5.3673577,5.82354,3.4733443,1.8230624,0.5158817,-0.16612047,-0.9068079,0.4566198,0.21512015,2.3952072,4.261619,5.4813423,6.055207,6.2236357,-0.45618227,2.3501956,1.6502819,1.3071808,0.6820022,0.74068743,4.000478,1.989183,1.4226897,-13.074163,-7.0778146,5.996349,-0.68152297,0.42749742,5.0,5.0,,0.2745069865886601,2.895290405888952,38.56837837745695,111.666655886946,140.50053463757706,True,,primer-cosmos-east-grizli-v7.4-f444w-clear_drc_sci.fits,0.0399999999999996,False,False,False
749,high_recall,untested,0.7245517,0.049763344,99.634445,primer-cosmos-east,69066,395247,150.13804206168396,2.421687267067143,367367,2,27.350758682334288,10.613801930626304,0.1195865951216255,6.244668483734131,False,0,False,,,0,0,0,0,,,,,False,False,False,False,False,False,False,False,False,False,3.910714,4.023755,3.6955335,4.263069,4.0170803,3.1483617,3.4437182,2.2801118,2.307284,2.5935142,2.4300542,2.9656308,3.88027,3.0575142,-0.11304111,0.32822162,-0.56753576,0.24598886,0.8687187,-0.29535663,-0.23931415,1.1147076,0.5733621,0.67815113,-2.782234,-3.460385,-0.9223175,0.1867029,7.0,7.0,,0.535045020534196,1.6702895122876409,1.854562520543897,3.0976563279462037,3.466180320101432,True,,primer-cosmos-east-grizli-v7.4-f444w-clear_drc_sci.fits,0.0399999999999996,True,True,False
750,high_recall,untested,0.724406,0.04069675,99.63423,primer-uds-south,42155,108861,34.42688721128166,-5.251301750958609,104066,2,21.573765066787544,943.2869034509498,0.1222406391655361,1.6561119556427002,False,0,False,,,0,0,0,0,,,,,False,False,False,False,False,False,False,False,False,False,2.2666888,0.64759374,-0.37585303,-1.1426777,-1.8455775,-2.1498773,-2.326235,3.5881479,5.0200667,6.110747,6.8278375,7.3899326,7.575414,7.542518,1.6190951,1.0234468,0.76682466,0.7028998,0.30429974,0.17635782,1.7902715,1.0071995,0.48065758,-7.643303,-2.4073074,5.235996,-0.9127844,0.19791391,7.0,7.0,,0.4630646406555533,1.891090528228821,325.8372769116541,616.1877881115006,703.6539789571741,True,,primer-uds-south-grizli-v7.2-f444w-clear_drc_sci.fits,0.0399999999999996,False,False,False
751,high_recall,untested,0.72403854,0.035259187,99.63402,primer-cosmos-west,40347,362149,150.10641620298173,2.242732546647769,336720,1,24.03975845475054,90.8748868457869,0.3861387684873552,1.449804663658142,False,0,False,,,0,0,0,0,,,,,False,False,False,False,False,False,False,False,False,False,3.2655928,2.3789356,2.2502556,1.6891173,0.8417212,0.5006915,0.1397425,1.8508662,2.7831018,3.0945833,3.6664662,4.856271,5.0733056,5.202661,0.8866573,0.12868014,0.56113815,0.84739614,0.3410297,0.36094898,0.6898183,1.1884259,0.7019787,-3.604297,-3.5331676,0.07112946,-0.4132566,0.6940924,7.0,7.0,,0.3682811244712305,2.234084476982053,11.717305665356026,26.17745069902577,31.816199329193047,True,,primer-cosmos-west-grizli-v7.4-f444w-clear_drc_sci.fits,0.0399999999999996,False,False,False
752,high_recall,untested,0.7235824,0.034350563,99.633804,primer-cosmos-east,73500,417412,150.1617960380489,2.440279161484559,388388,1,24.74506587375297,68.62177085480756,0.1882855568472585,5.3835978507995605,False,0,False,,,0,0,0,0,,,,,False,False,False,False,False,False,False,False,False,False,2.9993415,2.4991567,2.3641274,2.0434752,1.3023262,0.98722696,0.84500736,2.6107218,3.2202146,3.2428226,4.056608,4.7552032,5.1232696,4.92181,0.5001846,0.1350294,0.32065228,0.74114895,0.31509918,0.14221962,0.45568168,1.0562482,0.4573188,-2.310379,-2.2466204,0.06375865,-0.725183,0.3838374,7.0,7.0,,0.3895004905421009,2.175654413278798,11.124969808952107,24.20408966244004,28.562145822893683,True,,primer-cosmos-east-grizli-v7.4-f444w-clear_drc_sci.fits,0.0399999999999996,False,False,False
753,high_recall,untested,0.7235707,0.04670186,99.63359,primer-uds-north,37499,47175,34.3051211219175,-5.152902651411235,45031,1,27.87866117049764,15.173440171912029,0.1073126356647666,6.118167400360107,False,2,False,,,0,0,0,0,,,,,False,False,False,False,False,False,False,False,False,False,5.4040275,4.5502825,4.6169467,7.6614943,4.0602155,3.8246994,3.960332,1.5064948,2.523887,2.6419058,-1.5681423,3.4213433,3.6389823,3.4137778,0.8537446,-0.06666386,-3.0445478,3.6012788,0.23551615,-0.1356325,-3.1112118,3.8367949,0.099883646,0.24110705,-0.54682034,-0.7879274,-0.96934915,0.13799983,6.0,5.0,,0.4338279805300736,2.135595689826053,0.9883419424420874,2.110698792353631,2.2781885604392778,True,,primer-uds-north-grizli-v7.2-f444w-clear_drc_sci.fits,0.0399999999999996,False,False,False
754,high_recall,untested,0.7232729,0.037691306,99.63316,primer-cosmos-east,21301,433156,150.18295544866686,2.2479194341600484,403432,1,19.555728961548425,773.3615482096377,0.0961879225624802,1.447795033454895,True,8,False,,,0,0,0,0,,,,,False,False,False,False,False,False,False,False,False,False,-1.6055969,-2.5885584,-3.145132,-3.5102162,-3.8064563,-3.807894,-4.344271,6.008467,6.64827,7.052834,7.154656,7.112124,6.707518,7.3438945,0.98296154,0.5565736,0.3650843,0.2962399,0.0014377653,0.536377,0.9216579,0.29767767,0.5378148,-5.4293146,-2.6198804,2.809434,-1.0168794,0.09214095,7.0,7.0,,0.5806585525445216,1.5769113238962231,2663.8531803438077,4200.660245281118,4587.641340458097,True,,primer-cosmos-east-grizli-v7.4-f444w-clear_drc_sci.fits,0.0399999999999996,True,True,False
755,high_recall,untested,0.723199,0.04221156,99.63295,primer-uds-north,44529,81814,34.371016794257805,-5.143203012924082,78098,1,27.71703364801209,5.17701909054793,0.100320155643314,17.914907455444336,False,0,False,,,0,0,0,0,,,,,False,False,False,False,False,False,False,False,False,False,6.4485955,6.7190595,6.6080685,6.811031,3.9610212,3.3542094,3.8033369,-0.6693115,-0.6281239,-0.6140922,-0.71016204,2.500794,3.1926572,2.3465765,-0.270464,0.11099076,-0.20296237,2.8500097,0.60681176,-0.44912726,-0.0919716,3.4568214,0.15768448,0.8880107,-1.5552182,-2.443229,-0.9986118,0.10873716,3.0,3.0,,0.481441125192015,1.9140189530700635,1.7746751661426032,3.3967619035397063,3.686172770211109,True,,primer-uds-north-grizli-v7.2-f444w-clear_drc_sci.fits,0.0399999999999996,False,False,False
756,high_recall,untested,0.7227153,0.083935276,99.63274,primer-uds-south,26531,76110,34.3586770185585,-5.275687109754755,72613,1,27.181671061105064,11.023394496161108,0.1007494294804409,7.384060859680176,False,0,True,,,0,0,0,0,,,,,False,False,False,False,False,False,False,False,False,False,6.0436387,4.028817,3.9346719,4.022061,3.8701603,3.6300476,3.2765014,-0.3879037,2.2338145,2.5058725,2.608931,3.007549,3.2450294,3.095218,2.0148215,0.09414547,-0.08738886,0.15190044,0.24011262,0.3535461,0.006756609,0.39201307,0.59365875,-1.4542689,-2.9654114,-1.5111425,-0.9967574,0.113940895,6.0,6.0,,0.5759769377647044,1.6463644406185256,2.490682379605914,4.100570902658308,4.32427449139187,True,,primer-uds-south-grizli-v7.2-f444w-clear_drc_sci.fits,0.0399999999999996,True,True,False
757,high_recall,untested,0.72257197,0.059138924,99.63252,primer-uds-north,83552,9072,34.22413718956335,-5.085933096169528,8570,1,26.496109392766808,10.836223031491311,0.1027059087682889,6.580909729003906,False,1,False,,,0,0,0,0,,,,,False,False,False,False,False,False,False,False,False,False,3.0323818,2.7984405,2.8687978,2.802995,2.622095,1.6651765,2.5946398,2.4386704,2.627466,2.7139647,2.9882894,3.421447,4.3669405,3.0781639,0.23394144,-0.07035731,0.0658028,0.18089986,0.95691854,-0.9294632,-0.004554512,1.1378185,0.02745534,-0.43565035,-3.1132326,-2.6775823,-0.9884046,0.1189444,7.0,7.0,,0.4967476967718316,1.863288756281088,3.996816419108238,7.447223094644021,8.045968698157997,True,,primer-uds-north-grizli-v7.2-f444w-clear_drc_sci.fits,0.0399999999999996,False,False,False
758,high_recall,untested,0.7222676,0.031581406,99.63209,primer-cosmos-west,63915,365039,150.10890453498897,2.2936580716579567,339323,1,23.208554732335067,388.7852913909581,0.1735793212795808,2.0468955039978027,False,0,False,,,0,0,0,0,,,,,False,False,False,False,False,False,False,False,False,False,5.4050035,5.526228,3.1412964,1.8415033,0.6261848,-0.05800252,-0.69144875,0.53315353,0.58855844,3.1130407,4.3891234,5.9489193,6.418903,6.656176,-0.121224344,2.3849316,1.2997931,1.2153184,0.6841873,0.6334462,3.6847246,1.8995059,1.3176335,-10.840857,-6.566586,4.2742705,-0.76050204,0.34684694,5.0,5.0,,0.4024373860945066,2.151296470083697,50.689792204495646,109.0487710388076,125.95696611693994,True,,primer-cosmos-west-grizli-v7.4-f444w-clear_drc_sci.fits,0.0399999999999996,False,False,False
759,high_recall,secure low-z,0.7221937,0.042845815,99.631874,primer-uds-north,70857,121301,34.45459024749502,-5.106396830300165,116034,1,23.11029682209982,267.75733151309385,0.159120239174192,2.9785971641540527,False,0,False,,,2,0,2,0,3.0,2.8832064,G395M;PRISM,rubies-uds32-v4_g395m-f290lp_4233_170857.spec.fits;rubies-uds32-v4_prism-clear_4233_170857.spec.fits,False,False,False,False,False,False,False,False,False,False,5.718289,3.752955,2.4059515,1.249449,0.28378534,-0.27850905,-0.78970605,0.093600534,1.9445255,3.3597589,4.5972447,5.6248875,6.169792,6.2832317,1.9653337,1.3470035,1.1565026,0.9656636,0.5622944,0.511197,2.503506,1.527958,1.0734915,-9.785252,-5.3509345,4.434317,-0.7982746,0.3090744,6.0,6.0,,0.3931075129931277,2.1686552551815117,61.02492910669622,132.34203320431592,155.23724958104032,True,,primer-uds-north-grizli-v7.2-f444w-clear_drc_sci.fits,0.0399999999999996,False,False,False
760,high_recall,untested,0.72196656,0.043593112,99.63166,gdn,45784,475848,189.13247162882124,62.23460442305591,444402,1,27.99790378384357,8.691467147369629,0.0900488479720349,5.547720909118652,False,0,False,,,0,0,0,0,,,,,False,False,False,False,False,False,False,False,False,False,4.455842,4.5751143,4.830626,5.9473367,4.9595265,4.18804,4.0752096,2.3191345,2.4371414,1.5403429,0.25907037,2.2193274,3.23559,2.858782,-0.119272344,-0.2555113,-1.1167109,0.98781013,0.77148676,0.11283012,-1.3722222,1.7592969,0.88431686,2.2973642,-3.4523895,-5.749754,-1.0455219,0.061827127,6.0,5.0,,0.5031447308013302,1.828248445618836,1.0382496512056814,1.8981783109810857,2.063520867151128,True,,gdn-grizli-v7.4-f444w-clear_drc_sci.fits,0.0399999999999996,True,False,False
761,high_recall,untested,0.7217665,0.0489974,99.63123,primer-uds-south,55379,80894,34.368880693646204,-5.229241321367196,77207,1,22.682104246709144,373.2020959434519,0.111509237470369,1.555209994316101,False,0,False,,,0,0,0,0,,,,,False,False,False,False,False,False,False,False,False,False,0.2493087,-0.23478739,-0.43482083,-0.6385166,-0.95450103,-1.1377363,-1.217897,5.21378,5.6681504,6.005686,6.342264,6.710276,6.8671703,6.615269,0.4840961,0.20003344,0.20369577,0.31598443,0.18323527,0.08016077,0.40372923,0.4992197,0.26339605,-2.3928285,-1.3227652,1.0700634,-0.9526892,0.15800914,7.0,7.0,,0.4940146241627905,1.8127379061842703,130.1506576296914,235.92903060015263,263.4550704855316,True,,primer-uds-south-grizli-v7.2-f444w-clear_drc_sci.fits,0.0399999999999996,False,False,False
762,high_recall,untested,0.7212026,0.051180005,99.630806,primer-cosmos-west,96756,340269,150.08952633907083,2.4096571326077383,317348,1,27.319397345791835,9.884393102495077,0.1204032652967971,6.089158535003662,False,0,False,,,0,0,0,0,,,,,False,False,False,False,False,False,False,False,False,False,3.1747308,4.404271,3.7558515,4.5856657,3.6378086,3.107265,3.4127486,2.1255882,1.4941673,2.1628206,1.6825256,3.051169,3.6190028,2.9866533,-1.2295401,0.6484195,-0.8298144,0.9478573,0.5305434,-0.30548343,-0.18139488,1.4784007,0.22505994,3.3235335,-1.4468545,-4.770388,-0.9193617,0.18798724,7.0,5.0,,0.426520758017491,2.0948302116662365,1.4824881020953051,3.105560864704985,3.475770110195928,True,,primer-cosmos-west-grizli-v7.4-f444w-clear_drc_sci.fits,0.0399999999999996,False,False,False
763,high_recall,untested,0.7210133,0.04177009,99.63038,primer-uds-south,22540,141969,34.497607692088025,-5.282432092908963,135858,1,25.05131371269771,98.48713672700872,0.0842718722628013,2.626093626022339,False,0,False,,,0,0,0,0,,,,,False,False,False,False,False,False,False,False,False,False,3.07552,2.6127572,2.435095,1.5605739,1.8432595,1.3158754,1.1512109,2.8264155,3.6601048,3.968487,4.8826275,4.8580556,5.409894,5.2830987,0.46276283,0.17766216,0.87452114,-0.2826855,0.52738404,0.16466458,1.0521833,0.24469854,0.6920486,-5.03889,-3.1768572,1.8620328,-1.0743173,0.03638094,7.0,7.0,,0.617906683179522,1.503378647095221,20.19930643617086,30.367205982272345,32.68989798302975,True,,primer-uds-south-grizli-v7.2-f444w-clear_drc_sci.fits,0.0399999999999996,True,True,False
764,high_recall,untested,0.7199931,0.059454016,99.62973,primer-cosmos-west,39577,325906,150.07848126812615,2.241231386384593,304527,2,27.921524200624805,14.71316298887389,0.1021811794116636,17.43670654296875,True,3,False,,,0,0,0,0,,,,,False,False,False,False,False,False,False,False,False,False,5.2937512,5.318095,7.022444,7.670571,4.074985,4.218997,4.0017295,1.0255569,1.5331143,-2.3460152,-2.95228,3.7186515,3.6734276,3.3830426,-0.02434379,-1.7043486,-0.64812726,3.595586,-0.14401196,0.21726757,-2.352476,3.451574,0.07325562,7.6604166,-0.09369921,-7.7541156,-0.9906291,0.11671988,5.0,3.0,,0.440429216762895,1.887352206426414,1.1384639956019589,2.1486825340363884,2.5848966241829743,True,,primer-cosmos-west-grizli-v7.4-f444w-clear_drc_sci.fits,0.0399999999999996,False,False,False
765,high_recall,secure low-z,0.7197536,0.03586786,99.62952,primer-uds-north,21875,38213,34.29025235581004,-5.174200454216711,36498,1,23.91868532922096,126.05124394821206,0.1317828824791706,2.525937080383301,False,0,False,,,2,0,2,0,3.0,2.7915785,G395M;PRISM,rubies-uds22-v4_g395m-f290lp_4233_121875.spec.fits;rubies-uds22-v4_prism-clear_4233_121875.spec.fits,False,False,False,False,False,False,False,False,False,False,4.8145075,3.5766106,2.2272363,1.3605165,0.6468672,0.30229893,0.01867256,0.9221267,2.1227565,3.52813,4.5003715,5.279825,5.646226,5.5298514,1.2378972,1.3493744,0.86671966,0.7136493,0.3445683,0.28362638,2.216094,1.0582176,0.6281947,-7.650881,-3.1312885,4.5195923,-0.880141,0.22720797,7.0,6.0,,0.4829390500141475,1.8274742586162964,35.95226453179778,65.70183797082412,74.44472450663199,True,,primer-uds-north-grizli-v7.2-f444w-clear_drc_sci.fits,0.0399999999999996,False,False,False
766,high_recall,untested,0.71945643,0.038267225,99.6293,gdn,64894,464895,189.06008322747385,62.26899590577666,433936,1,27.67682612526469,8.668611171025335,0.0962853127137013,5.683183193206787,False,0,False,,,0,0,0,0,,,,,False,False,False,False,False,False,False,False,False,False,3.9621537,3.8807216,4.6509213,4.700981,4.0079503,3.373222,3.76409,2.5867586,2.9315238,1.9444793,2.0966306,2.8516953,3.6396754,2.8561661,0.081431955,-0.77019966,-0.050059706,0.6930305,0.63472825,-0.39086792,-0.82025933,1.3277588,0.24386035,2.4557166,-1.4214976,-3.8772142,-1.0164399,0.09090901,7.0,7.0,,0.5176044677935187,1.8042254151353023,1.368674630159878,2.4693975527853627,2.6442480993148343,True,,gdn-grizli-v7.4-f444w-clear_drc_sci.fits,0.0399999999999996,True,False,False
767,high_recall,untested,0.71940434,0.07838359,99.62909,primer-uds-south,38919,79159,34.36513705265724,-5.255661562298992,75536,1,27.953757294735787,4.555156373475832,0.0779128456930052,6.485661506652832,False,0,True,,,0,0,0,0,,,,,False,False,False,False,False,False,False,False,False,False,6.0727158,6.5485835,5.238985,5.9626412,5.1654506,3.965077,4.0327854,-0.41243586,-0.68112487,1.1141351,0.3519531,1.599214,2.7010136,2.2212434,-0.47586745,1.3095986,-0.7236565,0.7971907,1.2003736,-0.06770872,0.58594215,1.9975643,1.1326649,-1.4493517,-3.8574138,-2.4080622,-1.1083909,0.0023073643,4.0,2.0,,0.3416811380052863,2.40027881958541,1.0318469466980609,2.47672037121323,3.0199119352093016,True,,primer-uds-south-grizli-v7.2-f444w-clear_drc_sci.fits,0.0399999999999996,False,False,False
768,high_recall,untested,0.7191719,0.046637546,99.628876,gdn,18570,490609,189.20216481718447,62.181603465616114,458403,1,27.434832946912817,20.614398854383715,0.0909102550621757,5.465174674987793,False,0,False,,,0,0,0,0,,,,,False,False,False,False,False,False,False,False,False,False,3.610702,3.6321633,3.7345328,3.6260834,3.7778034,3.0681639,3.5266263,3.245219,3.5575416,3.2261565,3.5266492,3.5948932,4.295438,3.7197247,-0.021461371,-0.10236945,0.10844934,-0.15172,0.7096396,-0.45846257,0.00607989,0.5579196,0.251177,0.068771966,-1.0294256,-1.0981976,-1.0413871,0.065961845,7.0,7.0,,0.560251125890841,1.6292996737147205,1.891560647627193,3.0819191459905912,3.376272818050068,True,,gdn-grizli-v7.4-f444w-clear_drc_sci.fits,0.0399999999999996,True,True,False
769,high_recall,secure z>3 (V untested),0.7188869,0.043453805,99.62866,primer-uds-south,32818,137421,34.488752613702985,-5.265685577772339,131481,1,25.84915453993701,34.84592543804852,0.1241908214647368,6.5375752449035645,False,0,False,,,1,0,0,1,3.0,6.558143,G395M,rubies-uds33-v4_g395m-f290lp_4233_32818.spec.fits,False,False,False,False,False,False,False,False,False,False,3.1577702,2.105617,2.083868,2.1320584,1.9941663,1.107466,1.9487076,2.9522667,3.9360328,4.1403427,4.2829857,4.602152,5.398302,4.2442894,1.0521531,0.021749027,-0.048190333,0.13789205,0.88670033,-0.84124166,-0.026441308,1.0245924,0.045458704,-0.6361092,-2.8765962,-2.240487,-0.9059105,0.20478779,7.0,7.0,,0.468157036335267,1.8996618058077008,6.053465807788432,11.499537787818545,12.930417227464869,True,,primer-uds-south-grizli-v7.2-f444w-clear_drc_sci.fits,0.0399999999999996,False,False,False
770,high_recall,untested,0.7181079,0.056772236,99.628235,primer-cosmos-east,77562,428772,150.17672662673274,2.4571191537241623,399230,1,26.46697796186225,17.47156487136417,0.1313756596103865,6.513001441955566,False,0,False,,,0,0,0,0,,,,,False,False,False,False,False,False,False,False,False,False,4.7483764,3.3193998,3.0703108,3.181453,2.8779914,2.2094734,2.565585,1.1390786,2.6962907,3.0048265,3.291633,3.5260675,4.273516,3.55454,1.4289764,0.2490891,-0.11114224,0.30346167,0.6685181,-0.35611165,0.13794686,0.9719798,0.31240645,-0.72718847,-1.6844069,-0.9572184,-0.8814851,0.2275353,7.0,6.0,,0.3607687476887838,2.448867408204136,2.8639096203161856,7.013334929234589,7.938352860837961,True,,primer-cosmos-east-grizli-v7.4-f444w-clear_drc_sci.fits,0.0399999999999996,False,False,False
771,high_recall,untested,0.71768045,0.049172156,99.6278,primer-uds-north,59547,38385,34.29052309199481,-5.122075119410478,36661,1,28.15992371625825,11.512338983109055,0.1211830845991002,7.408409118652344,False,0,False,,,0,0,0,0,,,,,False,False,False,False,False,False,False,False,False,False,5.783248,4.0968804,4.4746556,5.86305,5.201239,4.691121,4.2296557,0.13529822,2.4926097,2.5475879,0.19059217,2.2531629,3.0009542,3.1384475,1.6863675,-0.377775,-1.3883942,0.66181076,0.5101179,0.46146527,-1.7661693,1.1719286,0.9715831,-4.5815687,-4.868134,-0.2865653,-0.91655797,0.19079097,5.0,5.0,,0.3960127776122165,2.271662874323268,0.6902226408458338,1.5679531482268434,1.7429302281799437,True,,primer-uds-north-grizli-v7.2-f444w-clear_drc_sci.fits,0.0399999999999996,False,False,False
772,high_recall,untested,0.71737826,0.030055158,99.62737,primer-uds-north,51351,116051,34.44281715610816,-5.133385938684026,110970,1,28.203243949433578,5.373775522535066,0.0813664317178633,6.601598262786865,False,0,False,,,0,0,0,0,,,,,False,False,False,False,False,False,False,False,False,False,4.5690722,4.688769,4.5848837,5.489283,4.332137,3.4432352,4.2705708,1.6420481,1.5774646,1.832896,1.0303402,2.6708617,3.5558953,2.383225,-0.11969682,0.10388526,-0.9043997,1.157146,0.8889022,-0.8273357,-0.80051446,2.0460482,0.061566494,1.7516065,-2.4605854,-4.212192,-1.0895548,0.017794237,7.0,4.0,,0.5707079344042217,1.5703109296360722,1.0591495208575803,1.6631940687214677,1.8558521040420728,True,,primer-uds-north-grizli-v7.2-f444w-clear_drc_sci.fits,0.0399999999999996,True,True,False
773,high_recall,untested,0.71716803,0.062391426,99.626945,primer-uds-north,65406,35927,34.285966923070845,-5.1136604329183095,34324,3,27.85153240973308,15.44463356711994,0.111264286049467,5.067623138427734,False,0,True,,,0,0,0,0,,,,,False,False,False,False,False,False,False,False,False,False,4.626414,6.201956,4.4771385,6.0296426,4.1287813,4.218171,3.9340756,2.4651859,-0.12614246,2.6560535,0.12746769,2.79288,3.4306319,3.4314551,-1.5755419,1.7248169,-1.552504,1.9008614,-0.08938998,0.28409562,0.17231293,1.8114715,0.19470564,-0.44720173,-1.5102379,-1.0630362,-0.9536442,0.15370475,5.0,5.0,,0.4714286803697117,1.8239496602674456,0.9792544289376532,1.7861107829762242,2.0772058843973724,True,,primer-uds-north-grizli-v7.2-f444w-clear_drc_sci.fits,0.0399999999999996,False,False,False
774,high_recall,untested,0.71684754,0.09636817,99.62652,primer-cosmos-east,37127,444796,150.20161080978474,2.305270777523747,414596,1,27.489639926711483,9.710559970145551,0.1083742603684207,7.153448104858398,False,0,True,,,0,0,0,0,,,,,False,False,False,False,False,False,False,False,False,False,6.3284707,4.130476,4.088903,4.3991957,4.449269,3.9033082,3.5805724,-0.60375106,1.9284204,2.1789534,1.924698,2.4110954,2.8074727,2.969002,2.1979952,0.04157305,-0.31029278,-0.050073404,0.5459608,0.3227357,-0.26871973,0.49588737,0.86869645,-1.1631712,-4.183569,-3.0203977,-0.9650738,0.14394654,6.0,6.0,,0.4003379902550692,2.192221347392506,1.4365343890442634,3.1492013539262853,3.58830394319809,True,,primer-cosmos-east-grizli-v7.4-f444w-clear_drc_sci.fits,0.0399999999999996,False,False,False
775,high_recall,untested,0.7166823,0.044655647,99.626305,primer-cosmos-west,8838,294414,150.04729825926935,2.157650529294006,276652,1,26.27563116032959,10.837624254599564,0.0,2.309742450714112,True,14,False,,,0,0,0,0,,,,,False,False,False,False,False,False,False,False,False,False,10.184535,8.704697,0.89950943,0.9280403,10.9248905,2.0935488,2.3746514,-2.8326836,-1.4806272,4.1053395,4.2482805,-3.2650628,3.5874174,3.0782926,1.4798387,7.805187,-0.02853088,-9.99685,8.831342,-0.2811025,7.7766566,-1.1655085,8.55024,-13.771528,-48.28605,-34.51452,-2.39794,-1.290591,4.0,4.0,,0.2236875565948032,3.0959677454415138,6.667999264778326,20.643910650381425,29.80943314990477,True,,primer-cosmos-west-grizli-v7.4-f444w-clear_drc_sci.fits,0.0399999999999996,False,False,False
776,high_recall,untested,0.7165292,0.045839533,99.62609,primer-uds-south,9141,108770,34.42666787045324,-5.305391435825187,103977,1,27.109511556735352,6.00828070202903,0.0307873138381534,5.145891189575195,False,2,False,,,0,0,0,0,,,,,False,False,False,False,False,False,False,False,False,False,7.576953,4.5576677,5.8883753,6.3028097,2.8976717,3.1118677,3.2049816,-1.556493,1.1161473,0.11200613,-0.11040964,3.1694443,3.07214,2.4931402,3.0192852,-1.3307076,-0.41443416,3.405138,-0.21419597,-0.09311389,-1.7451417,3.190942,-0.30730987,-6.495637,1.690776,8.186413,-1.5116282,-0.4009299,4.0,3.0,,1.0820942142366945,0.996301717178714,5.76734752237555,5.746018240109162,5.32980164434556,True,,primer-uds-south-grizli-v7.2-f444w-clear_drc_sci.fits,0.0399999999999996,False,True,False
777,high_recall,untested,0.7163826,0.05046647,99.625656,ceers-full,56940,555541,214.7734362086531,52.79981401783807,519432,1,27.311919792354374,12.132421329168125,0.1017310379143481,6.781271457672119,False,0,False,,,0,0,0,0,,,,,False,False,False,False,False,False,False,False,False,False,5.9240212,4.2225065,3.8132467,3.8356974,4.018025,3.08169,3.4053612,-0.30660608,2.671401,2.8608558,2.994126,3.1427352,3.9936433,3.1907227,1.701515,0.40925956,-0.022450509,-0.18232752,0.9363347,-0.32367095,0.38680905,0.75400716,0.61266375,-2.727426,-3.1706066,-0.44318056,-0.9925465,0.105995156,6.0,6.0,,0.3096941330613601,2.3971305493862163,2.181724039619753,5.229877345702813,7.044770328882803,True,,ceers-full-grizli-v7.4-f444w-clear_drc_sci.fits,0.0399999999999993,False,False,False
778,high_recall,untested,0.71635157,0.044082318,99.62544,gds,38330,246649,53.18827748523415,-27.801936713566736,233005,1,25.013071485605632,150.72854122264422,0.1982893268727516,3.913230419158936,False,0,False,,,2,0,0,0,2.0,,G140M;G235M,gds-rieke-v4_g140m-f100lp_1207_201793.spec.fits;gds-rieke-v4_g235m-f170lp_1207_201793.spec.fits,False,False,False,False,False,False,False,False,False,False,4.7306,4.073196,3.5074334,2.702263,2.0127966,1.4135536,1.1129756,2.3389697,3.272326,3.7408967,4.357016,5.2734013,5.566308,5.7086387,0.65740365,0.5657628,0.8051701,0.68946666,0.5992429,0.300578,1.3709329,1.2887096,0.8998209,-6.001741,-4.469444,1.5322969,-0.7027007,0.4046483,7.0,7.0,,0.3370820422122021,2.476597160870371,7.399481389287596,18.32553460062281,21.951573986932907,True,,gds-grizli-v7.2-f444w-clear_drc_sci.fits,0.0399999999999996,False,False,False
779,high_recall,untested,0.71583295,0.05448188,99.625015,primer-cosmos-east,70875,409532,150.1527369236416,2.429548183259375,380897,1,26.517330844223054,23.63900645707471,0.1302777257094819,7.409681797027588,False,0,False,,,0,0,0,0,,,,,False,False,False,False,False,False,False,False,False,False,3.8180962,3.8284137,3.4322958,3.335981,3.4011538,3.1695547,2.6158028,1.9629178,2.3881476,2.6886017,3.2781472,3.3990831,3.7782555,3.8564925,-0.010317728,0.3961179,0.0963151,-0.06517306,0.23159909,0.55375206,0.492433,0.16642603,0.78535116,-1.6147215,-4.208844,-2.5941224,-0.8851298,0.22389057,7.0,7.0,,0.4496826338697068,1.994879573213435,3.2056688854164483,6.394923378003153,7.128736232996878,True,,primer-cosmos-east-grizli-v7.4-f444w-clear_drc_sci.fits,0.0399999999999996,False,False,False
780,high_recall,untested,0.71561974,0.0505307,99.6248,primer-cosmos-east,44309,408171,150.15119805596473,2.330184141715856,379597,1,27.62255676482977,12.116665565248104,0.0946928441610874,5.467325210571289,False,0,False,,,0,0,0,0,,,,,False,False,False,False,False,False,False,False,False,False,4.3643184,3.8259435,3.858082,3.913024,3.9554794,3.173044,3.7110133,1.994484,2.599158,2.7616637,3.359948,3.3069737,3.9865026,3.1894276,0.5383751,-0.032138515,-0.05494201,-0.0424555,0.7824355,-0.53796935,-0.08708052,0.73998,0.24446613,-0.31845012,-2.0087745,-1.6903243,-1.0236828,0.085337564,7.0,7.0,,0.6162622059935274,1.5521089487648898,1.7049061784092416,2.6462001363135337,2.766527237640058,True,,primer-cosmos-east-grizli-v7.4-f444w-clear_drc_sci.fits,0.0399999999999996,True,True,False
781,high_recall,untested,0.7155013,0.046963833,99.62459,primer-cosmos-east,18844,403782,150.14669553717172,2.237537917339916,375448,1,27.506293490692343,10.241228861540211,0.1193225381523984,6.5435991287231445,False,0,False,,,0,0,0,0,,,,,False,False,False,False,False,False,False,False,False,False,4.571703,4.354062,4.250213,4.654558,3.8448882,3.0926878,3.5969472,1.5049334,1.8278527,2.0884707,1.8663888,3.0932448,3.7256398,3.021944,0.21764092,0.10384896,-0.40434515,0.80967015,0.7522003,-0.50425917,-0.3004962,1.5618705,0.2479411,0.34328508,-1.7758113,-2.1190965,-0.9232775,0.18574288,7.0,6.0,,0.374433624461588,2.28241126350778,1.4160984248845676,3.232118995192162,3.78197451396313,True,,primer-cosmos-east-grizli-v7.4-f444w-clear_drc_sci.fits,0.0399999999999996,False,False,False
782,high_recall,secure z>3 (V untested),0.7152098,0.06059504,99.624374,primer-uds-south,56084,52575,34.314058192223435,-5.227812113992827,50159,1,27.446433240018003,8.892379736411813,0.0962333899353245,6.334815979003906,False,0,True,,,2,0,0,2,3.0,6.16667,G235M;G395M,excels-uds04-v4_g235m-f170lp_3543_60126.spec.fits;excels-uds04-v4_g395m-f290lp_3543_60126.spec.fits,False,False,False,False,False,False,False,False,False,False,5.1868024,4.1599836,4.400928,4.4578047,4.4414034,3.526322,3.5380516,0.91403085,2.0864277,2.0274947,2.19328,2.4957838,3.3793886,2.8814886,1.0268188,-0.2409448,-0.056876242,0.016401285,0.9150814,-0.011729705,-0.29782104,0.9314827,0.90335166,-0.06879086,-3.6732426,-3.6044517,-1.0166742,0.094024085,7.0,6.0,,0.5181318943312543,1.760444098141044,1.840614952871317,3.240299730732466,3.5524061981302526,True,,primer-uds-south-grizli-v7.2-f444w-clear_drc_sci.fits,0.0399999999999996,True,False,False
783,high_recall,untested,0.7149266,0.038244013,99.62416,gdn,67358,470549,189.09900069492724,62.27360759818236,439359,1,25.79092344276258,43.21424362058895,0.1607393996762411,5.217158794403076,False,0,False,,,0,0,0,0,,,,,False,False,False,False,False,False,False,False,False,False,3.9764163,3.6517856,3.3643305,3.247457,2.169688,2.1230686,1.8905219,2.3495083,2.8691862,2.7519295,3.1141346,4.3475904,4.563278,4.459451,0.32463065,0.28745526,0.11687352,1.0777689,0.046619352,0.23254675,0.40432876,1.1243883,0.2791661,-1.9233681,-1.4113177,0.51205033,-0.79387766,0.31347132,7.0,7.0,,0.380974817241117,2.241419932544614,4.948619959533663,11.091935415886876,12.989362381928007,True,,gdn-grizli-v7.4-f444w-clear_drc_sci.fits,0.0399999999999996,False,False,False
784,high_recall,untested,0.7147741,0.039902154,99.62394,primer-uds-north,6880,63978,34.334217809561174,-5.198691424291373,61008,1,23.89959327225334,48.83169054319673,0.235401963833564,2.5406603813171387,False,0,False,,,0,0,0,0,,,,,False,False,False,False,False,False,False,False,False,False,5.919364,3.0396688,2.7118583,1.7398564,1.1026789,0.34270328,-0.0004190555,-0.04734168,1.8779955,2.3564098,3.4387586,4.2314153,4.9426017,4.5816317,2.879695,0.32781062,0.9720019,0.6371774,0.7599757,0.34312233,1.2998126,1.397153,1.103098,-6.6134896,-5.2103076,1.403182,-0.6281899,0.47915906,6.0,6.0,,0.2914725368945002,2.76782351528598,15.334677209112764,42.44368017870229,52.61105342032006,True,,primer-uds-north-grizli-v7.2-f444w-clear_drc_sci.fits,0.0399999999999996,False,False,False
785,high_recall,untested,0.7145928,0.04457207,99.623726,primer-cosmos-east,4659,373484,150.1164263573161,2.166555013786285,346905,1,24.18516060821478,77.01357927748377,0.2004385975767331,2.489011526107788,False,0,False,,,0,0,0,0,,,,,False,False,False,False,False,False,False,False,False,False,4.556347,3.3309352,2.7635822,2.0096686,1.205304,0.43967766,0.28513974,0.74785984,2.008447,2.6398754,3.3170207,4.6204185,4.9168406,5.037171,1.2254115,0.567353,0.75391346,0.8043647,0.7656264,0.15453792,1.3212665,1.569991,0.9201643,-5.965799,-4.226445,1.7393535,-0.69801867,0.41100177,6.0,6.0,,0.3589543446684052,2.3107619559560177,17.00785142603884,39.30109602784285,47.38165641023332,True,,primer-cosmos-east-grizli-v7.4-f444w-clear_drc_sci.fits,0.0399999999999996,False,False,False
786,high_recall,untested,0.7145562,0.05662409,99.62351,primer-cosmos-east,70585,396976,150.13977271001605,2.4283653315540668,368999,1,28.48074445575588,11.66897424588558,0.0743766694952128,1.171531081199646,True,3,False,,,0,0,0,0,,,,,False,False,False,False,False,False,False,False,False,False,4.591891,4.3780265,3.606622,6.5162086,5.4718323,6.1037803,4.5277796,1.4346308,2.030096,3.771369,-0.69894034,1.6249431,0.98899215,3.1519117,0.21386436,0.7714043,-2.9095864,1.0443764,-0.63194805,1.5760008,-2.1381822,0.41242832,0.9440527,-0.7633662,-6.245576,-5.4822097,-1.1285633,-0.01954287,6.0,3.0,,0.6641069734941559,1.408185642667558,1.0156101332751666,1.4301676082257746,1.529286957990517,True,,primer-cosmos-east-grizli-v7.4-f444w-clear_drc_sci.fits,0.0399999999999996,True,True,False
787,high_recall,untested,0.71452165,0.05060409,99.6233,primer-uds-north,78802,36694,34.28744317353786,-5.0940849339431855,35058,1,26.49332368634225,9.483159205130365,0.1306397652067015,0.0405836887657642,False,0,False,,,0,0,0,0,,,,,False,False,False,False,False,False,False,False,False,False,3.363052,3.481925,3.3023489,3.575859,3.381672,2.6521018,2.5918615,3.6027117,3.2967343,2.2883775,2.2379072,2.214925,4.539158,2.9454331,-0.118873075,0.17957626,-0.27351016,0.19418705,0.72957027,0.06024013,-0.0939339,0.9237573,0.7898104,0.54660463,-2.124824,-2.6714287,-0.8839246,0.22342436,7.0,7.0,,0.3500654490070919,2.516106766565468,2.678955165127956,6.740537218303961,7.652726576491368,True,,primer-uds-north-grizli-v7.2-f444w-clear_drc_sci.fits,0.0399999999999996,False,False,False
788,high_recall,untested,0.71424997,0.04023038,99.623085,gdn,14482,531563,189.3315576090787,62.172647575270894,496797,1,23.25975027001205,301.0009874690461,0.2723147143561324,2.452743530273437,False,0,False,,,0,0,0,0,,,,,False,False,False,False,False,False,False,False,False,False,4.995335,3.570627,2.27447,1.532416,0.5919561,0.0054478506,-0.64025354,1.8476933,3.2275276,4.211284,4.998208,5.7919774,6.1427813,6.4002633,1.4247084,1.2961568,0.7420542,0.94045985,0.5865082,0.64570135,2.038211,1.5269681,1.2322096,-7.3582816,-6.1292763,1.2290055,-0.5649289,0.5424201,7.0,7.0,,0.2440690419857572,3.008004922421452,18.570587374507067,55.860418234774926,76.087435028285,True,,gdn-grizli-v7.4-f444w-clear_drc_sci.fits,0.0399999999999996,False,False,False
789,high_recall,untested,0.71424043,0.05250962,99.62287,ceers-full,17370,606405,214.9842076602704,52.86608476192712,567638,2,26.93176716249801,13.71000736354908,0.1095354791181404,8.55482292175293,False,0,False,,,0,0,0,0,,,,,False,False,False,False,False,False,False,False,False,False,5.410585,4.5863686,3.5444007,3.7935765,3.7893047,3.846488,3.0284963,0.8834015,2.2781088,2.9754307,2.9067588,3.1452572,3.3187978,3.3126006,0.82421637,1.0419679,-0.24917588,0.004271816,-0.057183262,0.81799173,0.79279196,-0.05291145,0.76080847,-3.025208,-3.9578001,-0.9325922,-0.96044517,0.1380965,7.0,6.0,,0.4776430231412668,1.8528298518671291,2.2728209918640863,4.211150581676037,4.758409275857634,True,,ceers-full-grizli-v7.4-f444w-clear_drc_sci.fits,0.0399999999999993,False,False,False
790,high_recall,untested,0.71417385,0.051539797,99.62266,primer-uds-north,66841,29794,34.27252033795541,-5.11145848065446,28420,1,28.067172682820143,15.093257008776632,0.1009835334458228,2.301401138305664,False,0,False,,,0,0,0,0,,,,,False,False,False,False,False,False,False,False,False,False,5.5167866,5.3825555,4.2143254,5.0052614,5.4059014,4.5623703,4.141496,1.2948493,1.651573,2.8823874,1.6781199,2.4216754,2.8557863,3.408491,0.13423094,1.1682302,-0.79093605,-0.4006401,0.84353137,0.42087412,0.37729412,0.44289127,1.2644055,-4.5565414,-5.9844356,-1.4278939,-0.9957494,0.11159953,7.0,4.0,,0.3696787867449406,2.2579851214935163,0.8140589535582806,1.838133005153179,2.202071048561246,True,,primer-uds-north-grizli-v7.2-f444w-clear_drc_sci.fits,0.0399999999999996,False,False,False
791,high_recall,untested,0.7136129,0.04787626,99.62223,gds,2228,196640,53.11021173494918,-27.873022670966343,186647,1,27.51056017626656,10.022252077873922,0.1074518126950359,5.460706233978272,False,0,False,,,0,0,0,0,,,,,False,False,False,False,False,False,False,False,False,False,4.507534,4.3686643,4.2482395,4.3717036,3.9830983,3.2901704,3.601141,2.3644562,2.2438064,2.7861478,2.8787956,3.1912344,3.6982086,3.0004346,0.13887009,0.12042449,-0.1234638,0.3886051,0.6929279,-0.31097054,-0.0030393167,1.081533,0.38195732,-0.32903448,-2.673674,-2.3446398,-0.96878624,0.13856271,7.0,7.0,,0.4055230789513021,2.173419990439788,1.4662435905240276,3.1867631304991324,3.615684696209618,True,,gds-grizli-v7.2-f444w-clear_drc_sci.fits,0.0399999999999996,False,False,False
792,high_recall,untested,0.7135483,0.03528199,99.621796,primer-cosmos-east,54430,438407,150.19109376177906,2.367294145759583,408466,1,24.84084007554821,57.707887464466495,0.2080531315596095,5.63817310333252,False,0,False,,,0,0,0,0,,,,,False,False,False,False,False,False,False,False,False,False,3.4877658,2.8626127,2.8147995,2.252832,1.5402141,1.1828873,0.94077027,1.8855999,2.6324122,2.8646626,4.0360074,4.441595,4.598511,4.748616,0.625153,0.04781321,0.5619677,0.7126178,0.35732675,0.24211706,0.6097809,1.0699446,0.5994438,-3.2502663,-2.9584212,0.29184517,-0.68182576,0.42719465,7.0,7.0,,0.3112337253860222,2.6375591874079105,7.571078039074825,19.969166440544072,24.32602067685448,True,,primer-cosmos-east-grizli-v7.4-f444w-clear_drc_sci.fits,0.0399999999999996,False,False,False
793,high_recall,untested,0.71346587,0.05347573,99.62158,primer-uds-north,21313,131851,34.47738713796195,-5.174848675905781,126127,1,26.21424497337601,20.127231941034346,0.1227488495681619,5.47777271270752,False,0,False,,,0,0,0,0,,,,,False,False,False,False,False,False,False,False,False,False,3.3651738,2.701856,2.7608752,2.7752879,2.5600536,2.0612352,2.3133698,2.396851,3.0436466,3.1931033,3.358222,3.7935138,4.3266487,3.6958375,0.66331804,-0.05901945,-0.014412538,0.21523412,0.4988185,-0.25213465,-0.07343199,0.7140526,0.24668385,-0.536933,-1.593926,-1.056993,-0.91098255,0.1963664,7.0,7.0,,0.4315737065545356,2.00322527135424,4.32728498813143,8.668526644576712,10.026757706530054,True,,primer-uds-north-grizli-v7.2-f444w-clear_drc_sci.fits,0.0399999999999996,False,False,False
794,high_recall,untested,0.7133214,0.04464203,99.62137,primer-uds-south,37863,62550,34.33154888753756,-5.257655678638543,59645,1,21.208943472341623,1059.9893273597952,0.1075668166750715,1.362278699874878,True,4,False,,,0,0,0,0,,,,,False,False,False,False,False,False,False,False,False,False,-0.2755283,-1.1215423,-1.6892191,-1.9578415,-2.3073575,-2.5481005,-2.6910567,5.687932,6.4048676,6.9874105,7.2931294,7.6078296,7.749744,7.6591616,0.84601396,0.5676768,0.2686225,0.3495161,0.24074279,0.1429562,0.83629924,0.5902589,0.383699,-4.8598137,-1.9212314,2.9385822,-0.9683217,0.14237662,7.0,7.0,,0.5458158245287608,1.6647322078596452,539.660648665753,898.3904631483073,988.7229801951568,True,,primer-uds-south-grizli-v7.2-f444w-clear_drc_sci.fits,0.0399999999999996,True,True,False
795,high_recall,untested,0.71267426,0.054811683,99.62094,primer-uds-north,55623,105684,34.42031191009743,-5.127569950705688,101019,1,27.08744323830623,11.961387735939596,0.1032812546741065,7.3332743644714355,False,0,False,,,0,0,0,0,,,,,False,False,False,False,False,False,False,False,False,False,6.2375298,3.9462075,3.803279,3.6864965,3.9825017,4.5435643,3.1830926,-0.61451536,2.1779883,2.4984872,2.7760482,2.780665,2.3109436,3.1765738,2.291322,0.14292856,0.11678232,-0.29600522,-0.56106263,1.3604718,0.25971088,-0.8570679,0.7994092,-2.501983,-4.3754516,-1.8734684,-0.9859785,0.12137047,6.0,6.0,,0.4698152770802154,1.89072568505665,2.1351089978811397,4.0369054226894345,4.544571243298661,True,,primer-uds-north-grizli-v7.2-f444w-clear_drc_sci.fits,0.0399999999999996,False,False,False
796,high_recall,untested,0.712561,0.03990767,99.62073,primer-uds-north,34074,93254,34.39495270469536,-5.157553150569038,89067,1,23.225636185329595,293.3493537363975,0.121365776461179,2.7320687770843506,False,0,False,,,0,0,0,0,,,,,False,False,False,False,False,False,False,False,False,False,3.005647,2.3083544,1.2866714,0.60417926,-0.032266337,-0.38930544,-0.67436737,2.923388,3.5607896,4.6937094,5.4618073,6.1137505,6.4264536,6.374514,0.69729245,1.0216831,0.68249214,0.6364456,0.3570391,0.28506193,1.7041752,0.9934847,0.64210105,-6.226114,-3.205123,3.0209908,-0.91590375,0.1914452,7.0,7.0,,0.4560610198570323,1.9359276725637424,71.35861741574288,138.14512213102566,156.46725834650954,True,,primer-uds-north-grizli-v7.2-f444w-clear_drc_sci.fits,0.0399999999999996,False,False,False
797,high_recall,untested,0.7124428,0.06512,99.620514,ceers-full,11528,625094,215.0861182141818,52.92837219103387,585294,2,26.6560175425926,24.66944348821765,0.1462427612861357,6.892993450164795,False,0,True,,,0,0,0,0,,,,,False,False,False,False,False,False,False,False,False,False,6.3236437,3.775239,3.4857275,3.594293,3.5297751,2.6648674,2.7540457,-1.2137501,3.35678,3.3282182,3.4198391,3.718694,4.674656,3.8991232,2.548405,0.28951144,-0.108565696,0.06451808,0.8649077,-0.089178376,0.18094575,0.9294258,0.7757293,-1.7019888,-3.5019963,-1.8000073,-0.8349256,0.26361606,6.0,6.0,,0.3900546681878757,2.1105489541960645,2.565809743013084,5.415267069782336,6.578077260127092,True,,ceers-full-grizli-v7.4-f444w-clear_drc_sci.fits,0.0399999999999993,False,False,False
798,high_recall,untested,0.7122823,0.06262228,99.62009,primer-uds-north,68480,29380,34.27155481425899,-5.109162726215796,27990,3,28.09226891782533,12.277701601007248,0.1185273692424855,0.3305048644542694,False,0,True,,,0,0,0,0,,,,,False,False,False,False,False,False,False,False,False,False,4.3415313,4.8150764,5.1170473,6.8637795,5.042147,5.0522556,4.165421,2.8520837,2.1658666,1.8661295,-0.93762755,2.51063,2.6076143,3.2025862,-0.4735451,-0.30197072,-1.7467322,1.8216324,-0.010108367,0.8868345,-2.048703,1.811524,0.87672615,4.68708,-5.0089707,-9.696051,-0.9261814,0.18116762,6.0,6.0,,0.2524546159104834,3.0697786742302524,0.4840918571378835,1.4860548594103928,1.917540130498288,True,,primer-uds-north-grizli-v7.2-f444w-clear_drc_sci.fits,0.0399999999999996,False,False,False
799,high_recall,untested,0.71220666,0.046727154,99.61987,primer-cosmos-west,51712,385436,150.12816875326817,2.2647637096161253,358068,1,27.62163181284557,10.319632794939702,0.1062619507921737,6.89197301864624,False,0,False,,,0,0,0,0,,,,,False,False,False,False,False,False,False,False,False,False,5.1755266,4.465396,4.8490424,4.552812,4.1651464,3.5151358,3.7101078,1.0327989,1.9948838,1.7461557,2.232058,2.9425051,3.552049,3.0295346,0.7101307,-0.38364646,0.29622993,0.3876662,0.65001035,-0.19497196,-0.08741652,1.0376765,0.45503837,-0.6860251,-2.2316647,-1.5456395,-0.9736222,0.13372675,7.0,5.0,,0.6129421068116085,1.5648711372832975,1.7259537867182069,2.7008952651201343,2.815851232176303,True,,primer-cosmos-west-grizli-v7.4-f444w-clear_drc_sci.fits,0.0399999999999996,True,True,False
800,high_recall,untested,0.7121703,0.047332305,99.61965,primer-cosmos-west,17662,354633,150.1002237189944,2.174615878219071,330024,1,21.7803976577106,436.62741360997023,0.0973737729462825,2.1678617000579834,False,0,False,,,0,0,0,0,,,,,False,False,False,False,False,False,False,False,False,False,0.9538633,-0.053555176,-1.1611385,-1.6005013,-1.784006,-2.0084176,-2.1196027,4.050305,5.288635,6.0991426,6.2539163,6.746655,6.496114,6.7722287,1.0074185,1.1075833,0.43936288,0.18350466,0.22441153,0.111185044,1.5469462,0.4079162,0.3355966,-6.6505017,-1.6833864,4.9671154,-1.011558,0.09579097,7.0,7.0,,0.5398134534864538,1.682822199680875,334.5174348457017,562.9333655386475,619.6908074172259,True,,primer-cosmos-west-grizli-v7.4-f444w-clear_drc_sci.fits,0.0399999999999996,True,True,False
801,high_recall,untested,0.71212953,0.049652103,99.61944,primer-cosmos-west,33202,344739,150.0929120507303,2.223634932078803,321278,1,25.624168082536645,42.32832695140184,0.081635139706022,2.30716872215271,False,0,False,,,0,0,0,0,,,,,False,False,False,False,False,False,False,False,False,False,3.2098455,2.758675,1.7221913,1.98489,2.3542104,1.7834382,1.7238727,2.6206,3.2092712,4.3356695,4.19561,4.2628665,4.679061,4.438743,0.45117038,1.0364838,-0.2626986,-0.3693205,0.57077235,0.059565444,0.77378523,0.20145182,0.6303378,-1.1200621,-3.016633,-1.896571,-1.0881228,0.019226106,7.0,7.0,,0.6308545413450901,1.4855410422408586,11.989047869948168,17.810222668198346,19.00445678711524,True,,primer-cosmos-west-grizli-v7.4-f444w-clear_drc_sci.fits,0.0399999999999996,True,True,False
802,high_recall,untested,0.7119716,0.040424146,99.6188,gdn,21625,490869,189.2032917136328,62.18760755125558,458637,2,23.85250648022733,142.85112556585406,0.3656036735368153,3.8702566623687744,False,0,False,,,0,0,0,0,,,,,False,False,False,False,False,False,False,False,False,False,3.4231343,2.998166,2.5952308,1.5329118,0.93347245,0.2784712,-0.047504824,2.4110646,3.0942652,3.2072787,4.321769,4.922184,5.5037417,5.6549625,0.42496827,0.40293512,1.062319,0.5994393,0.6550013,0.32597604,1.4652542,1.2544405,0.9809773,-6.3485894,-4.662246,1.6863432,-0.43698946,0.6703595,7.0,7.0,,0.2239194712939553,3.2283243729759628,7.266480781126487,23.45855701147205,32.45131269351405,True,,gdn-grizli-v7.4-f444w-clear_drc_sci.fits,0.0399999999999996,False,False,False
803,high_recall,untested,0.71196645,0.04079628,99.61858,gds-sw,37873,154512,53.02525552045333,-27.86144572895258,147767,1,23.04351699029875,553.3640598477137,0.1191307354311741,2.45410704612732,False,0,False,,,0,0,0,0,,,,,False,False,False,False,False,False,False,False,False,False,4.018901,2.8565357,1.237554,0.4122227,-0.18135674,-0.6320142,-0.85648555,2.59998,3.9486876,4.755145,6.1276274,6.689802,6.934547,7.0091643,1.1623651,1.6189817,0.8253313,0.5935795,0.4506575,0.22447132,2.444313,1.0442369,0.6751288,-8.602967,-3.386341,5.216626,-0.9239762,0.1833728,7.0,7.0,,0.4888098675042505,1.827538236717009,89.06108723273819,162.76254232141807,182.19985551327636,True,,gds-sw-grizli-v7.0-f444w-clear_drc_sci.fits,0.0399999999999996,False,False,False
804,high_recall,untested,0.71192867,0.060253654,99.61837,primer-uds-north,66558,98645,34.40576539155208,-5.112022182729398,94261,1,23.079141115136007,406.8780318148994,0.1044381042508149,3.248725414276123,False,0,True,,,0,0,0,0,,,,,False,False,False,False,False,False,False,False,False,False,3.8643706,3.0019968,1.2707239,-0.018154087,-0.44204044,-0.622431,-0.8208616,2.289997,3.1005018,4.8321686,6.08193,6.6162176,6.7643604,6.701662,0.8623737,1.7312728,1.2888781,0.42388636,0.18039052,0.19843063,3.020151,0.6042769,0.37882116,-10.823771,-1.8843552,8.939416,-0.98114103,0.12620795,7.0,7.0,,0.4973087143520641,1.8152733237079572,94.49053532555934,171.52614811937227,190.00377954098312,True,,primer-uds-north-grizli-v7.2-f444w-clear_drc_sci.fits,0.0399999999999996,False,False,False
805,high_recall,untested,0.71166724,0.05348597,99.61816,primer-cosmos-west,57762,336776,150.08671687283788,2.2814790269031016,314244,1,22.290546619196,617.9903454656263,0.1037933623405702,2.484621047973633,False,0,False,,,0,0,0,0,,,,,False,False,False,False,False,False,False,False,False,False,2.7346315,1.4512339,-0.19910866,-0.8110229,-1.1505837,-1.4600376,-1.609454,3.4461606,4.820699,6.20002,6.6645536,6.898076,7.0707607,7.119621,1.2833976,1.6503426,0.6119142,0.33956084,0.30945385,0.14941646,2.2622569,0.6490147,0.45887032,-8.545743,-2.3023071,6.2434354,-0.9838304,0.12351855,7.0,7.0,,0.5112040566681303,1.7758410993966178,201.1145170949452,357.14742514250736,393.4133825262408,True,,primer-cosmos-west-grizli-v7.4-f444w-clear_drc_sci.fits,0.0399999999999996,True,False,False
806,high_recall,untested,0.71126664,0.042066228,99.61794,primer-uds-south,55184,145365,34.5047344370313,-5.22936828421008,139116,1,23.914945921109275,195.1444727810607,0.1730168289919563,1.5408557653427124,False,0,False,,,0,0,0,0,,,,,False,False,False,False,False,False,False,False,False,False,6.383717,3.640717,3.087554,2.0956676,1.041203,0.56007665,0.01493324,-0.46922863,2.3147097,3.0595489,4.085367,5.303427,5.7722163,5.966894,2.7429998,0.553163,0.9918865,1.0544645,0.4811264,0.54514337,1.5450495,1.5355909,1.0262698,-7.53832,-5.120187,2.4181335,-0.76191163,0.34878665,6.0,6.0,,0.3705618443494748,2.287048659811538,25.534284442967262,58.39815101453488,68.90694450151219,True,,primer-uds-south-grizli-v7.2-f444w-clear_drc_sci.fits,0.0399999999999996,False,False,False
807,high_recall,untested,0.7109387,0.033411447,99.61751,primer-cosmos-east,80056,414692,150.15858921537887,2.468347718174898,385794,1,23.194569874302648,136.97101609640768,0.3005140470964838,3.593548059463501,True,4,False,,,0,0,0,0,,,,,False,False,False,False,False,False,False,False,False,False,8.062352,8.085276,4.85658,1.6459417,0.35434318,-0.14997318,-0.7054335,-1.269994,-1.3646572,0.63646007,3.7284193,4.935527,5.332791,5.61293,-0.022923544,3.2286959,3.210638,1.2915986,0.5043164,0.5554603,6.439334,1.7959149,1.0597767,-21.944391,-5.379573,16.56482,-0.5221352,0.58688515,4.0,4.0,,0.267239289953901,2.897715347197376,21.0321976327972,60.94532186584475,78.70174193482278,True,,primer-cosmos-east-grizli-v7.4-f444w-clear_drc_sci.fits,0.0399999999999996,False,False,False
808,high_recall,untested,0.7108315,0.048909176,99.617294,primer-uds-south,19865,140401,34.49467089624537,-5.287170714479239,134351,1,26.265498188479896,34.15783000943938,0.0955648408507648,8.017414093017578,False,0,False,,,0,0,0,0,,,,,False,False,False,False,False,False,False,False,False,False,5.4745245,3.2638664,2.8405473,2.9060733,3.0687892,2.7504091,2.3645365,0.46562156,3.102618,3.6419952,3.7249806,3.8296316,4.182553,4.2243533,2.2106583,0.42331913,-0.065526105,-0.16271591,0.31838012,0.38587272,0.35779303,0.15566419,0.70425284,-1.1565225,-3.5872414,-2.4307187,-1.0197018,0.09099644,6.0,6.0,,0.5457922092207864,1.6898108497818474,5.580154657917609,9.429405884409888,10.223954398111056,True,,primer-uds-south-grizli-v7.2-f444w-clear_drc_sci.fits,0.0399999999999996,True,True,False
809,high_recall,untested,0.7106815,0.054989543,99.61708,primer-cosmos-east,23568,384569,150.12729009204463,2.2574401443038163,357249,1,26.12356161184545,31.05752736161688,0.1466273722450663,5.965676307678223,False,0,False,,,0,0,0,0,,,,,False,False,False,False,False,False,False,False,False,False,4.0032377,3.2079744,2.941786,2.776299,2.6270957,1.7095833,2.222821,1.9884359,2.9102051,3.302275,3.5530982,4.089649,4.865915,4.1292477,0.79526323,0.26618838,0.16548684,0.14920337,0.9175124,-0.51323766,0.43167523,1.0667158,0.40427476,-2.171605,-2.1430287,0.028576318,-0.83378494,0.27523544,7.0,7.0,,0.4786553665951392,1.8271014360406368,4.351431454352565,7.950506659079968,9.09094884970366,True,,primer-cosmos-east-grizli-v7.4-f444w-clear_drc_sci.fits,0.0399999999999996,False,False,False
810,high_recall,untested,0.7105885,0.041107465,99.61687,primer-uds-south,33435,27417,34.26699617420718,-5.265217290568214,26135,1,21.7924527831556,727.4844554712171,0.1280247503432397,1.2529128789901731,False,0,False,,,0,0,0,0,,,,,False,False,False,False,False,False,False,False,False,False,1.6583531,0.54362035,-0.31090868,-0.9223653,-1.6146132,-1.9605757,-2.1075475,3.9684355,4.988742,5.9118586,6.5406084,7.158286,7.387381,7.28274,1.1147327,0.854529,0.61145663,0.69224787,0.3459625,0.1469718,1.4659857,1.0382104,0.49293432,-6.335425,-2.4761598,3.859265,-0.89270604,0.21799223,7.0,7.0,,0.454611312975581,1.9432707871666124,256.3874024732123,498.2301494237224,563.9705725646645,True,,primer-uds-south-grizli-v7.2-f444w-clear_drc_sci.fits,0.0399999999999996,False,False,False
811,high_recall,untested,0.7105012,0.043347258,99.61665,primer-uds-north,64771,7436,34.22035087556575,-5.114493607422714,6980,2,27.59830496995096,11.824065877396114,0.2357206318426931,6.980346202850342,False,0,False,,,0,0,0,0,,,,,False,False,False,False,False,False,False,False,False,False,6.0276036,5.7175007,5.298574,5.77204,4.6177473,3.8146548,3.6872582,-0.56764895,0.45647705,1.1255958,0.2933646,2.3915265,3.1750891,3.1650674,0.31010327,0.41892657,-0.47346595,1.1542926,0.80309254,0.12739643,-0.054539386,1.9573851,0.930489,-2.5793447,-3.6055434,-1.0261987,-0.6276024,0.47974655,4.0,3.0,,0.2002860080707021,3.304893511644908,0.5596997021280987,1.8497479140327413,2.79450225964123,True,,primer-uds-north-grizli-v7.2-f444w-clear_drc_sci.fits,0.0399999999999996,False,False,False
812,high_recall,secure z>3 (V untested),0.71042967,0.04984962,99.61644,primer-uds-south,18567,134203,34.48219978626737,-5.28940956131502,128401,1,27.170556421851323,7.780339264861343,0.0883331871074336,6.5884504318237305,False,0,False,,,1,0,0,1,3.0,5.5462527,G395M,rubies-uds33-v4_g395m-f290lp_4233_821092.spec.fits,False,False,False,False,False,False,False,False,False,False,3.8758595,3.977975,4.1252823,3.5211513,3.9736803,2.7719154,3.265491,2.0705607,1.9917518,2.0064027,2.766987,2.5344927,3.6860645,2.7488518,-0.10211524,-0.14730737,0.6041309,-0.452529,1.201765,-0.49357557,0.4568236,0.74923587,0.7081893,-1.3291003,-2.60403,-1.2749296,-1.053876,0.0568222,7.0,7.0,,0.527933590231087,1.66684266804896,2.426339920621003,4.044326906881614,4.595918815392947,True,,primer-uds-south-grizli-v7.2-f444w-clear_drc_sci.fits,0.0399999999999996,True,True,False
813,high_recall,untested,0.7103451,0.039945487,99.61623,gdn,28687,522900,189.3044627959043,62.20166209459232,488622,1,26.36579567360909,60.06903547391049,0.1163351599515546,6.546940803527832,False,0,False,,,0,0,0,0,,,,,False,False,False,False,False,False,False,False,False,False,4.016314,2.780209,2.7485828,2.7496572,2.5304112,1.7393892,2.4646392,3.4013453,4.4286876,4.3180056,4.6452804,4.8184342,5.450388,4.788711,1.236105,0.03162621,-0.0010743841,0.21924594,0.7910222,-0.72525,0.030551825,1.0102681,0.065772176,-1.1030998,-0.7619011,0.3411987,-0.93428904,0.17305996,7.0,7.0,,0.464598311184692,1.912361800469664,4.020923014900299,7.689459576324644,8.654622537579261,True,,gdn-grizli-v7.4-f444w-clear_drc_sci.fits,0.0399999999999996,False,False,False
814,high_recall,untested,0.71023846,0.052703597,99.61601,primer-uds-north,27279,146455,34.50716972259097,-5.166872777988994,140135,1,26.29094276465201,18.663985502190087,0.1449931328058681,6.250659465789795,False,0,False,,,0,0,0,0,,,,,False,False,False,False,False,False,False,False,False,False,3.7985609,3.144758,3.070343,3.253636,2.653604,2.2135293,2.389935,1.9890994,2.6151388,2.8787034,2.8871858,3.7240393,4.192037,3.6204598,0.6538029,0.074414946,-0.18329275,0.60003173,0.4400749,-0.17640574,-0.10887781,1.0401067,0.26366913,-0.41551384,-1.6074444,-1.1919305,-0.83865255,0.2686964,7.0,7.0,,0.3385525965048931,2.4305513271668557,3.01553023772162,7.329401021406066,8.907124827435892,True,,primer-uds-north-grizli-v7.2-f444w-clear_drc_sci.fits,0.0399999999999996,False,False,False
815,high_recall,untested,0.7101769,0.03023664,99.6158,primer-cosmos-west,58990,386394,150.1291459659687,2.2845531113526865,358988,1,23.37177531274157,200.1937492478353,0.2946692419328525,3.4730520248413086,False,0,False,,,0,0,0,0,,,,,False,False,False,False,False,False,False,False,False,False,4.7529626,4.401638,3.2183065,1.9093493,0.7610032,0.1464006,-0.52822936,0.9082192,1.3290392,2.589326,3.8980043,5.2684493,5.6982684,5.9924393,0.35132453,1.1833314,1.3089571,1.1483462,0.61460257,0.6746299,2.4922884,1.7629488,1.2892325,-10.143545,-6.440842,3.7027028,-0.5306652,0.57668376,7.0,5.0,,0.2752168955596468,2.8047591061792745,18.7501032218434,52.58952275326662,68.12845985968819,True,,primer-cosmos-west-grizli-v7.4-f444w-clear_drc_sci.fits,0.0399999999999996,False,False,False
816,high_recall,untested,0.709814,0.051841598,99.615585,gdn,25442,520253,189.2966366599443,62.19534556016438,486141,1,24.012618588494,278.1752265817736,0.1121428033258069,2.416142463684082,False,0,False,,,5,0,0,0,,,G140M;G235M;G395H;G395M;PRISM,jades-gdn198-v4_g140m-f070lp_1181_10084465.spec.fits;jades-gdn198-v4_g235m-f170lp_1181_10084465.spec.fits;jades-gdn198-v4_g395h-f290lp_1181_10084465.spec.fits;jades-gdn198-v4_g395m-f290lp_1181_10084465.spec.fits;jades-gdn198-v4_prism-clear_1181_10084465.spec.fits,False,False,False,False,False,False,False,False,False,False,1.6096836,1.182616,0.7210478,0.64831316,0.47283304,0.15356034,0.11260341,5.433443,5.695211,5.8944497,6.139567,6.01273,6.199095,6.3214016,0.4270677,0.46156812,0.07273468,0.17548011,0.3192727,0.04095693,0.5343028,0.49475282,0.36022964,-2.8948157,-1.8239859,1.0708297,-0.9502286,0.15712038,7.0,7.0,,0.4898690690599703,1.8381566550684487,38.72220583886472,71.17748036163954,79.04603144911832,True,,gdn-grizli-v7.4-f444w-clear_drc_sci.fits,0.0399999999999996,False,False,False
817,high_recall,untested,0.7095532,0.044751316,99.615364,gds-sw,19188,171880,53.06957834302224,-27.88956033426377,163696,1,26.79070105158422,44.153087737519776,0.1062569380220363,5.048123359680176,False,0,False,,,0,0,0,0,,,,,False,False,False,False,False,False,False,False,False,False,3.6926363,3.8851292,3.8674798,3.7631154,2.8399353,2.968157,2.888176,3.2433233,3.228139,3.3002834,3.5827048,4.746386,4.6761656,4.4809384,-0.19249295,0.01764943,0.104364336,0.92318016,-0.1282218,0.079981096,0.12201377,0.79495835,-0.048240703,0.06074589,0.36073264,0.29998675,-0.9736427,0.13370626,7.0,7.0,,0.4745115724502721,1.915094645430264,3.103823327824765,5.94411543547875,6.541090898578747,True,,gds-sw-grizli-v7.0-f444w-clear_drc_sci.fits,0.0399999999999996,False,False,False
818,high_recall,untested,0.7092704,0.05202233,99.61515,ceers-full,76075,600594,214.9600952036517,52.97617574298664,562124,1,27.22880200275988,11.3062287066208,0.1142861158004539,6.404322147369385,False,0,False,,,0,0,0,0,,,,,False,False,False,False,False,False,False,False,False,False,4.372899,4.4175596,3.9562504,3.7471144,3.6460638,2.9715347,3.3231673,2.032516,2.361409,2.4843574,3.101366,3.3615055,3.9867082,3.120451,-0.04466043,0.4613091,0.2091359,0.101050675,0.67452914,-0.3516325,0.670445,0.7755798,0.32289663,-2.2163184,-2.6370707,-0.4207524,-0.9420065,0.15653515,7.0,7.0,,0.3735002224592755,2.1916342319098976,1.454505769079008,3.1877446340239866,3.8942567677790327,True,,ceers-full-grizli-v7.4-f444w-clear_drc_sci.fits,0.0399999999999993,False,False,False
819,high_recall,untested,0.70917296,0.049481124,99.61472,primer-cosmos-west,97844,322055,150.0754418497993,2.4138090931818783,301250,1,22.970485757410763,203.87323617643617,0.2052863446668853,1.4896458387374878,False,0,False,,,0,0,0,0,,,,,False,False,False,False,False,False,False,False,False,False,2.547632,2.8470774,1.6935819,1.0920825,0.045667365,-0.39513785,-0.9295165,2.3255413,2.6130877,3.6315825,4.4430847,5.468781,5.830469,6.0106516,-0.29944536,1.1534954,0.6014994,1.0464152,0.44080523,0.5343786,1.7549948,1.4872204,0.97518384,-5.326287,-4.8456964,0.4805905,-0.68763995,0.41970903,7.0,7.0,,0.310837586711424,2.610375819468885,44.588375226855526,116.39241652158915,143.44589307422,True,,primer-cosmos-west-grizli-v7.4-f444w-clear_drc_sci.fits,0.0399999999999996,False,False,False
820,high_recall,untested,0.7089058,0.045407202,99.61408,primer-cosmos-east,15681,411781,150.15536783639357,2.2228323119455387,383040,1,26.451656767740296,19.36297274959009,0.1213455062894825,4.74855899810791,False,0,False,,,0,0,0,0,,,,,False,False,False,False,False,False,False,False,False,False,3.7117972,3.2781725,3.1658485,3.4998565,2.444366,2.37144,2.5503025,1.7254108,2.5873823,2.941307,2.5469756,4.025078,3.7957914,3.657176,0.4336247,0.112324126,-0.33400804,1.0554906,0.07292585,-0.17886238,-0.22168392,1.1284164,-0.105936535,0.23825535,0.35506102,0.11680569,-0.9159763,0.1930441,7.0,6.0,,0.4086001800026764,2.058592806931781,3.6502611015435753,7.514401247060483,8.933576831805766,True,,primer-cosmos-east-grizli-v7.4-f444w-clear_drc_sci.fits,0.0399999999999996,False,False,False
821,high_recall,untested,0.7088793,0.0511552,99.61387,ceers-full,15066,615988,215.0254154728972,52.89124949603514,576702,1,26.14632309763872,55.97980888778122,0.1183823906188248,7.329390048980713,False,0,False,,,0,0,0,0,,,,,False,False,False,False,False,False,False,False,False,False,4.4988713,3.2874644,3.1287987,3.1486516,2.9705899,2.985929,2.2455509,2.0778108,3.7012675,3.9134178,4.023835,4.507122,4.5177264,4.718218,1.2114068,0.15866572,-0.01985302,0.17806171,-0.015339028,0.74037826,0.1388127,0.16272268,0.72503924,-0.8645242,-3.7844718,-2.9199476,-0.9267129,0.17182879,7.0,7.0,,0.4426921932198867,2.0282435967119725,4.682917493321044,9.49809741975889,10.578269879259029,True,,ceers-full-grizli-v7.4-f444w-clear_drc_sci.fits,0.0399999999999993,False,False,False
822,high_recall,untested,0.70829225,0.04073247,99.61301,gds-sw,33004,178638,53.080364348046686,-27.869457425818982,169936,1,23.29878025185268,333.5907599138553,0.3422434654074542,3.490100145339966,False,0,False,,,0,0,0,0,,,,,False,False,False,False,False,False,False,False,False,False,3.9896767,3.5436277,2.6078951,1.6243234,0.54274946,0.18705817,-0.6012238,3.0460093,3.5278978,4.397534,5.1449423,5.9280233,6.1270885,6.5030646,0.44604892,0.9357327,0.9835717,1.081574,0.3556913,0.788282,1.9193044,1.4372653,1.1439734,-7.7163186,-5.6493306,2.0669882,-0.46566483,0.6416841,7.0,7.0,,0.2860221512993202,2.753028853791951,18.203338561894117,50.11431629623817,63.64310763764743,True,,gds-sw-grizli-v7.0-f444w-clear_drc_sci.fits,0.0399999999999996,False,False,False
823,high_recall,untested,0.7081929,0.04661087,99.61279,ceers-full,37739,600087,214.9582522851509,52.88770649938909,561654,1,27.70466101044578,11.954199379176266,0.098785868714365,6.672579765319824,False,0,False,,,0,0,0,0,,,,,False,False,False,False,False,False,False,False,False,False,5.0893626,4.314682,4.7296824,4.1413374,4.421463,3.4117002,3.7912672,1.5801897,2.4082823,2.0000556,2.7986836,2.9059405,3.8932905,3.1759746,0.77468026,-0.41500026,0.5883452,-0.2801255,1.0097625,-0.37956682,0.17334494,0.72963697,0.6301957,-1.8648485,-2.2382724,-0.37342393,-1.0053052,0.0932365,7.0,6.0,,0.519823254048402,1.8262525643537952,1.535274635162779,2.803799239453362,2.9534550892173552,True,,ceers-full-grizli-v7.4-f444w-clear_drc_sci.fits,0.0399999999999993,True,False,False
824,high_recall,untested,0.70806575,0.041931808,99.61258,gdn,9852,528353,189.3211484343333,62.162160719717725,493774,1,22.83235257251983,487.6591936992136,0.117472441849036,1.8644999265670776,False,0,False,,,0,0,0,0,,,,,False,False,False,False,False,False,False,False,False,False,3.893227,2.157247,1.0174226,0.12868252,-0.52532,-0.8783889,-1.0676491,3.386517,4.6999717,5.520672,6.489374,6.561394,6.8016796,6.882765,1.73598,1.1398246,0.88874,0.65400255,0.35306886,0.18926029,2.0285647,1.0070714,0.54232913,-8.4561,-2.718295,5.737806,-0.930064,0.17728496,7.0,7.0,,0.4661285060052268,1.9151016797042724,107.0290257085324,204.97146691152216,229.6127019258768,True,,gdn-grizli-v7.4-f444w-clear_drc_sci.fits,0.0399999999999996,False,False,False
825,high_recall,untested,0.70761573,0.040897425,99.612366,primer-uds-south,20216,72842,34.352013597950624,-5.286498667229331,69494,1,27.738393461064167,5.201400223796228,0.0279096899931513,4.977174758911133,False,2,False,,,0,0,0,0,,,,,False,False,False,False,False,False,False,False,False,False,6.544282,5.445585,5.4103045,5.83278,3.6449082,3.4977012,3.8241575,-0.892714,0.61310905,0.7453146,0.44574225,2.9684606,3.1486537,2.35119,1.0986972,0.035280347,-0.42247573,2.187872,0.14720702,-0.3264563,-0.38719538,2.335079,-0.1792493,-2.1847317,0.03592563,2.2206573,-1.554245,-0.44354668,3.0,3.0,,1.0660788588341328,0.995180091626342,2.865557507337809,2.851745782712993,2.687941406578113,True,,primer-uds-south-grizli-v7.2-f444w-clear_drc_sci.fits,0.0399999999999996,False,True,False
826,high_recall,untested,0.7072895,0.033678327,99.61215,primer-uds-north,46127,78985,34.364773943187075,-5.141045511552535,75372,1,24.42100633337826,42.94239561419961,0.3189934590210957,4.446996212005615,True,7,False,,,0,0,0,0,,,,,False,False,False,False,False,False,False,False,False,False,5.0321045,8.8195505,6.899795,3.2708933,1.7577592,0.6967425,0.5209741,0.39719683,-1.7527881,-0.4481052,2.059465,3.6615064,4.698425,4.453142,-3.7874458,1.9197555,3.6289015,1.513134,1.0610168,0.17576835,5.548657,2.5741508,1.236785,-21.291378,-4.382663,16.908716,-0.49621823,0.6111307,4.0,4.0,,0.217533492664873,3.2679686660765257,4.792993666716691,15.66335311953338,22.033359589829523,True,,primer-uds-north-grizli-v7.2-f444w-clear_drc_sci.fits,0.0399999999999996,False,False,False
827,high_recall,secure low-z,0.7069851,0.06257559,99.61194,ceers-full,61741,581524,214.89053341303247,52.89298296866107,544084,1,25.500566012466216,104.19868552495636,0.0887666909204625,2.8803586959838867,False,0,True,,,1,0,1,0,3.0,2.745755,G235M,valentino-egs-v4_g235m-f170lp_3567_57028.spec.fits,False,False,False,False,False,False,False,False,False,False,3.6526246,3.414533,3.0758946,2.1672351,2.1042807,1.9844464,1.6003307,3.5145817,3.6802614,3.8964438,4.896284,5.0989666,5.1887956,5.33947,0.23809168,0.33863822,0.90865964,0.062954456,0.11983416,0.3841157,1.2472978,0.18278863,0.5039499,-4.952741,-2.5960484,2.3566928,-1.05175,0.04679171,7.0,7.0,,0.5748120994024806,1.6126036476060277,12.143807472036194,19.583148225230897,21.12656898603862,True,,ceers-full-grizli-v7.4-f444w-clear_drc_sci.fits,0.0399999999999993,True,True,False
828,high_recall,untested,0.706981,0.03368316,99.611725,gdn,48744,541470,189.36693285107967,62.23936243298813,506109,2,23.55334124106536,300.40473200480056,0.2329329763834784,2.7130963802337646,False,0,False,,,0,0,0,0,,,,,False,False,False,False,False,False,False,False,False,False,4.6556716,4.617629,2.917539,1.7128555,0.62271655,0.22324166,-0.34666526,2.0318944,2.1988084,3.7796695,4.698782,5.758031,6.042896,6.3982806,0.038042516,1.7000899,1.2046834,1.0901389,0.39947492,0.56990695,2.9047732,1.4896139,0.96938187,-9.846089,-4.8084536,5.0376363,-0.63276905,0.47457993,7.0,7.0,,0.2595911607111596,2.881695547488058,21.1486054625319,60.9438421969598,81.46889672435114,True,,gdn-grizli-v7.4-f444w-clear_drc_sci.fits,0.0399999999999996,False,False,False
829,high_recall,untested,0.70636123,0.05396935,99.61151,primer-cosmos-west,97161,344630,150.09282058192093,2.411476782550664,321187,1,27.582685707182893,9.322645432204624,0.0644804468609481,1.1235177516937256,True,7,False,,,0,0,0,0,,,,,False,False,False,False,False,False,False,False,False,False,6.6693544,5.397741,6.5553083,6.4251776,6.5658965,5.458798,3.6719477,-1.0228143,0.788428,-0.755979,-0.4906247,-0.13819474,1.685284,2.9284577,1.2716136,-1.1575674,0.13013062,-0.14071877,1.1070986,1.78685,-1.0274367,0.96637976,2.8939486,0.36692515,-16.146236,-16.513163,-1.1905719,-0.08322299,2.0,1.0,,0.5698588281929041,1.5765168208514384,2.184306727240913,3.4435962973942544,3.8330664002655386,True,,primer-cosmos-west-grizli-v7.4-f444w-clear_drc_sci.fits,0.0399999999999996,True,True,False
830,high_recall,untested,0.7062803,0.04071685,99.61129,primer-uds-north,60246,144111,34.50196901564273,-5.121869833476472,137915,1,20.21729192162637,1918.4198032059448,0.1297585646704281,1.6054776906967163,True,8,False,,,0,0,0,0,,,,,False,False,False,False,False,False,False,False,False,False,0.3848701,-1.0017585,-1.7985246,-2.3326423,-2.964982,-3.3253913,-3.682708,5.082642,6.259216,7.022732,7.488779,7.923771,8.123381,8.252404,1.3866285,0.7967663,0.5341176,0.6323398,0.36040917,0.35731685,1.3308839,0.992749,0.71772605,-7.308412,-3.5742068,3.7342055,-0.88686395,0.220485,7.0,7.0,,0.5066655006367323,1.761586883622327,1136.3562129483282,2001.790199852515,2242.813476584169,True,,primer-uds-north-grizli-v7.2-f444w-clear_drc_sci.fits,0.0399999999999996,True,False,False
831,high_recall,untested,0.70625365,0.08987434,99.61108,primer-cosmos-east,40745,422007,150.16756989456047,2.317698926387452,392778,1,26.173613497104736,31.715727161828465,0.1419612223185745,5.784765243530273,False,0,True,,,0,0,0,0,,,,,False,False,False,False,False,False,False,False,False,False,3.2753563,3.4651759,3.2870865,3.0143323,2.9717963,2.0621674,2.2728014,2.4815645,2.474979,2.8320746,3.8636549,3.7593522,4.4851713,4.1502085,-0.18981959,0.17808934,0.2727543,0.042535976,0.90962887,-0.210634,0.45084363,0.9521648,0.6989949,-1.2381436,-2.4628644,-1.224721,-0.8478303,0.26119015,7.0,7.0,,0.3354211072037454,2.542359591116367,3.5049817996305825,8.910924094979116,10.449496839510296,True,,primer-cosmos-east-grizli-v7.4-f444w-clear_drc_sci.fits,0.0399999999999996,False,False,False
832,high_recall,untested,0.7053377,0.040090065,99.61065,primer-uds-north,60452,43703,34.29961824030481,-5.120691864593793,41725,1,27.81334465147907,13.383095872926743,0.1753338494619803,7.18190860748291,False,0,False,,,0,0,0,0,,,,,False,False,False,False,False,False,False,False,False,False,5.8084574,4.8023324,4.9498215,7.09602,5.0355043,4.7181706,3.8970475,0.00908521,1.8739635,1.9478861,-0.6780494,2.4438035,2.7338593,3.2885325,1.0061249,-0.14748904,-2.1461985,2.060516,0.31733358,0.82112294,-2.2936876,2.3778496,1.1384566,-2.1196105,-6.217678,-4.0980678,-0.7561342,0.35121474,5.0,5.0,,0.1215967332670586,5.856618256746551,0.2368403938467401,1.3870837745378617,1.9477529328569692,True,,primer-uds-north-grizli-v7.2-f444w-clear_drc_sci.fits,0.0399999999999996,False,False,False
833,high_recall,untested,0.70515424,0.0485899,99.610435,primer-cosmos-west,63918,366423,150.11018012383752,2.2947636601682304,340568,1,22.07749706751816,738.6665765223183,0.1175669646326733,1.2712421417236328,False,0,False,,,0,0,0,0,,,,,False,False,False,False,False,False,False,False,False,False,1.2425007,0.51924,-0.20453076,-0.7750015,-1.3657457,-1.7416943,-1.8225033,5.0741105,5.8126106,6.5032372,6.879202,7.133814,7.294289,7.297994,0.7232607,0.72377074,0.57047075,0.59074414,0.37594873,0.080809005,1.2942415,0.96669286,0.45675772,-5.8033605,-2.30647,3.4968905,-0.9297147,0.17763427,7.0,7.0,,0.5103853126713783,1.7625145465249006,223.86023134416217,394.5569141325153,438.610253442577,True,,primer-cosmos-west-grizli-v7.4-f444w-clear_drc_sci.fits,0.0399999999999996,True,False,False
834,high_recall,untested,0.70514095,0.051317837,99.61022,primer-cosmos-west,75801,384988,150.12771926636526,2.325943325092115,357638,1,26.717251444492994,13.816455197661783,0.3492288952822774,4.401860237121582,False,0,False,,,0,0,0,0,,,,,False,False,False,False,False,False,False,False,False,False,3.5540943,4.159174,4.0306587,4.186913,3.2458873,2.7061334,2.8150449,1.9981666,1.5071502,1.8095262,1.8279822,3.2452948,3.7348917,3.3203146,-0.6050798,0.12851529,-0.15625426,0.9410257,0.53975385,-0.108911544,-0.027738977,1.4807795,0.43084234,1.748094,-2.1336994,-3.8817933,-0.45688984,0.6504591,7.0,5.0,,0.2565514574420937,2.877684000922652,0.7280646506421116,2.0951399967901443,2.837889357172891,True,,primer-cosmos-west-grizli-v7.4-f444w-clear_drc_sci.fits,0.0399999999999996,False,False,False
835,high_recall,untested,0.7049556,0.04103164,99.61001,primer-uds-north,50940,122963,34.45844108140036,-5.134158169073449,117627,1,23.84116519867151,113.98700245781504,0.2601893906841725,1.1137139797210691,False,0,False,,,0,0,0,0,,,,,False,False,False,False,False,False,False,False,False,False,6.972327,2.7247808,2.6324,1.5402968,0.84210384,0.21856299,-0.05884587,-0.92050683,2.651797,2.8869858,4.0700293,4.943445,5.540111,5.4292507,4.247546,0.09238079,1.0921032,0.69819295,0.6235409,0.27740887,1.184484,1.3217338,0.9009497,-6.6123943,-4.2599597,2.3524349,-0.5847104,0.52263856,6.0,6.0,,0.3117206266221347,2.575983267746026,15.878742999024324,40.903376278326014,50.93901924646268,True,,primer-uds-north-grizli-v7.2-f444w-clear_drc_sci.fits,0.0399999999999996,False,False,False
836,high_recall,untested,0.70466983,0.04915275,99.609795,gdn,88634,509862,189.2637914034088,62.32000034453996,476413,1,27.84527917946693,16.240357493025027,0.0913127795722991,5.760965347290039,False,0,False,,,0,0,0,0,,,,,False,False,False,False,False,False,False,False,False,False,4.396142,4.189772,4.572724,4.2877226,4.228453,3.541183,3.9280176,2.6662362,2.9713733,2.6566255,2.9537494,3.5014887,3.943154,3.4815931,0.20637007,-0.38295192,0.28500143,0.059269488,0.68727005,-0.3868348,-0.09795051,0.74653953,0.30043525,0.04198179,-1.738915,-1.7808968,-1.0394684,0.067880526,7.0,7.0,,0.5142073406507772,1.727862603942859,1.310136729664664,2.263736261239568,2.547876364438057,True,,gdn-grizli-v7.4-f444w-clear_drc_sci.fits,0.0399999999999996,True,False,False
837,high_recall,untested,0.70464903,0.033807468,99.60958,primer-cosmos-east,54854,424449,150.17079206822672,2.3686204014909693,395115,1,22.5568927065632,367.3132255962624,0.2457966039730366,2.645707368850708,False,0,False,,,3,0,0,0,1.0,,G235H;G395H;PRISM,gto-wide-cos03-v4_g235h-f170lp_1214_4379.spec.fits;gto-wide-cos03-v4_g395h-f290lp_1214_4379.spec.fits;gto-wide-cos03-v4_prism-clear_1214_4379.spec.fits,False,False,False,False,False,False,False,False,False,False,5.464679,3.4493058,2.0121987,1.1559552,0.04304052,-0.82411534,-1.3431083,0.35032243,2.3532734,3.8423166,4.991103,5.809548,6.3215127,6.599364,2.015373,1.4371072,0.85624343,1.1129147,0.86715585,0.51899296,2.2933507,1.9800706,1.3861488,-7.533976,-6.9400754,0.5939003,-0.6094241,0.49959627,6.0,6.0,,0.294174866377302,2.662108436033685,51.72685801898042,137.70250510184445,175.8371089141134,True,,primer-cosmos-east-grizli-v7.4-f444w-clear_drc_sci.fits,0.0399999999999996,False,False,False
838,high_recall,secure low-z,0.70451736,0.034739736,99.60937,primer-cosmos-west,68353,330154,150.08169584249598,2.30433837335979,308321,2,23.79424008799192,157.12371822844733,0.2950111866454323,2.7008726596832275,False,0,False,,,3,0,3,0,3.0,1.7649769,G140M;G235M;G395M,bluejay-south-v4_g140m-f100lp_1810_12332.spec.fits;bluejay-south-v4_g235m-f170lp_1810_12332.spec.fits;bluejay-south-v4_g395m-f290lp_1810_12332.spec.fits,False,False,False,False,False,False,False,False,False,False,4.776088,4.9964933,2.9670138,1.8689065,0.9779476,0.29962486,-0.10577007,0.83005023,0.932383,2.9584284,4.0066967,5.0666904,5.555042,5.7501907,-0.22040527,2.0294795,1.0981075,0.89095885,0.67832273,0.40539494,3.1275868,1.5692816,1.0837177,-9.21603,-5.3021035,3.9139264,-0.5301615,0.5771875,6.0,5.0,,0.2840643372717361,2.682887012320859,14.497219523981952,38.89440197565557,51.03498616974895,True,,primer-cosmos-west-grizli-v7.4-f444w-clear_drc_sci.fits,0.0399999999999996,False,False,False
839,high_recall,secure low-z,0.70435256,0.049645215,99.60893,primer-uds-south,51407,68446,34.343080232550506,-5.235882693605888,65281,1,22.5199108434016,345.0254064738981,0.1048600770908639,2.402557611465454,False,0,False,,,1,0,1,0,3.0,2.47794,G140M,excels-uds03-v4_g140m-f100lp_3543_54835.spec.fits,False,False,False,False,False,False,False,False,False,False,3.2157743,2.3310432,0.4524532,-0.31575564,-0.8540007,-1.2091306,-1.3800901,2.352293,3.197338,5.087442,5.946805,6.4711843,6.757396,6.5367675,0.88473123,1.87859,0.7682088,0.538245,0.35512996,0.17095949,2.6467988,0.893375,0.52608943,-6.900306,-2.6396432,4.260663,-0.97938985,0.13130847,7.0,7.0,,0.5229427755137306,1.7308970048025418,164.63276139725335,284.96235359487736,314.8198409195361,True,,primer-uds-south-grizli-v7.2-f444w-clear_drc_sci.fits,0.0399999999999996,True,False,False
840,high_recall,untested,0.70434225,0.052053437,99.60872,primer-uds-north,29221,85889,34.3797663076075,-5.164262267299336,81994,1,24.915290404575583,30.00437209603766,0.1560192066625609,5.55363130569458,False,0,False,,,0,0,0,0,,,,,False,False,False,False,False,False,False,False,False,False,3.675413,2.913673,2.5573514,2.2130125,1.422601,0.95530134,1.0152104,1.6705365,2.3686085,2.8445628,3.4174614,4.131166,4.661697,4.094768,0.76173985,0.3563217,0.3443389,0.7904114,0.46729967,-0.059908997,0.7006606,1.257711,0.40739068,-3.281087,-2.1832392,1.0978478,-0.80682194,0.30052704,7.0,6.0,,0.3502253019462322,2.442102139633945,10.371843402965617,25.329100966330547,29.61477467598253,True,,primer-uds-north-grizli-v7.2-f444w-clear_drc_sci.fits,0.0399999999999996,False,False,False
841,high_recall,untested,0.7040793,0.03846899,99.608505,primer-uds-north,53364,129175,34.47199490509634,-5.130668083967125,123562,1,24.63487536836481,54.13285818427435,0.3034651671169926,1.5583401918411257,False,0,False,,,0,0,0,0,,,,,False,False,False,False,False,False,False,False,False,False,3.2729778,2.503585,2.6695032,2.0017278,1.3790339,0.9153312,0.7348276,2.137707,2.8318002,2.8585653,3.648009,4.4207277,4.8956213,4.684674,0.76939267,-0.16591804,0.6677754,0.6226939,0.4637027,0.18050356,0.50185734,1.0863966,0.6442063,-3.0005043,-3.093345,-0.092840515,-0.51789117,0.5894578,7.0,7.0,,0.2442000251238464,3.070254039464238,5.045878303422485,15.49212824372784,20.66289018956268,True,,primer-uds-north-grizli-v7.2-f444w-clear_drc_sci.fits,0.0399999999999996,False,False,False
842,high_recall,untested,0.70364946,0.047385007,99.60829,primer-cosmos-west,56939,367212,150.1109023799048,2.279829477837811,341259,1,27.9494276997223,12.24384105664391,0.1314306311951081,7.143420696258545,False,0,False,,,0,0,0,0,,,,,False,False,False,False,False,False,False,False,False,False,5.215338,4.6681056,4.5367866,5.118153,4.928877,4.721643,4.028618,1.1830372,2.1069067,2.6998656,2.338936,2.729378,3.0676558,3.1998336,0.5472324,0.1313194,-0.5813667,0.1892761,0.207234,0.69302505,-0.4500473,0.3965101,0.900259,0.9793975,-4.8306775,-5.810075,-0.8813034,0.22604556,7.0,6.0,,0.2766066629923338,2.570316251747999,0.4438400436549559,1.1408092773828744,1.6045891261385017,True,,primer-cosmos-west-grizli-v7.4-f444w-clear_drc_sci.fits,0.0399999999999996,False,False,False
843,high_recall,untested,0.70335567,0.042498104,99.60744,primer-uds-north,32728,106133,34.42118319724256,-5.1593679358416455,101443,1,27.70051681927186,9.960449891965563,0.0921998375236579,7.950980186462402,False,0,False,,,0,0,0,0,,,,,False,False,False,False,False,False,False,False,False,False,4.5060425,4.335379,5.0308747,4.535703,4.692097,4.6749415,3.7872229,1.7615353,1.981864,1.4459217,2.1717546,2.4822376,2.5532198,2.9942799,0.17066318,-0.6954953,0.4951716,-0.15639408,0.017155364,0.8877188,-0.20032373,-0.13923872,0.90487415,0.40719032,-5.004078,-5.411268,-1.0352699,0.07207912,7.0,5.0,,0.5192768162861954,1.7433224157881004,1.4538589822276573,2.5345449531123485,2.7997764133309087,True,,primer-uds-north-grizli-v7.2-f444w-clear_drc_sci.fits,0.0399999999999996,True,False,False
844,high_recall,untested,0.70329106,0.050998285,99.60722,ceers-full,65465,560394,214.80137248001336,52.83704114831354,524028,1,23.674992806324063,170.88883767431858,0.2375377731105047,2.9532012939453125,False,0,False,,,0,0,0,0,,,,,False,False,False,False,False,False,False,False,False,False,3.0182188,2.6297903,1.915818,1.262854,0.6335988,0.2960523,-0.22501534,3.1852362,3.6647952,4.123713,4.8486385,5.510391,5.7879043,5.834169,0.3884285,0.71397233,0.65296394,0.6292552,0.3375465,0.5210677,1.3669363,0.9668017,0.85861415,-5.431892,-4.2554703,1.1764215,-0.62426734,0.47427437,7.0,7.0,,0.3340609751820207,2.427405767054976,21.82416557786282,52.97610538486689,65.32988645552336,True,,ceers-full-grizli-v7.4-f444w-clear_drc_sci.fits,0.0399999999999993,False,False,False
845,high_recall,untested,0.7031484,0.040577345,99.607,gdn,82723,549894,189.40036578994312,62.301526292816455,514066,1,22.215670700561628,701.9163211553737,0.1218145726690052,1.8497806787490845,False,0,False,,,0,0,0,0,,,,,False,False,False,False,False,False,False,False,False,False,3.372685,1.659604,0.41141123,-0.4582635,-1.0883185,-1.4782085,-1.6843299,3.47875,5.037057,5.9918475,6.4054203,6.8824997,7.0452986,7.246962,1.7130811,1.2481928,0.86967474,0.63005495,0.3898901,0.20612131,2.1178675,1.019945,0.5960114,-8.899189,-2.9877715,5.9114175,-0.91430074,0.19304821,7.0,7.0,,0.4866464635711193,1.8279885596184493,188.24822318277916,344.1155983466208,386.8274759491152,True,,gdn-grizli-v7.4-f444w-clear_drc_sci.fits,0.0399999999999996,False,False,False
846,high_recall,untested,0.7028685,0.05355633,99.606575,primer-uds-south,11226,18044,34.2442566088644,-5.301606852447593,17120,1,26.83747096369175,10.96234789205086,0.1184151347012811,6.931474685668945,False,0,False,,,0,0,0,0,,,,,False,False,False,False,False,False,False,False,False,False,4.6578913,3.3534632,3.369942,3.6326222,3.3830636,2.8408668,2.9347196,1.2928843,2.5073702,2.6787264,2.647356,3.087916,3.6494558,3.0896876,1.304428,-0.016478693,-0.2626803,0.24955855,0.5421967,-0.09385274,-0.27915898,0.79175526,0.44834396,0.20021817,-2.3545704,-2.5547886,-0.92659277,0.18410552,7.0,6.0,,0.3962871459178045,2.180299381802941,2.7211315534700304,5.932881443835186,6.866565270917041,True,,primer-uds-south-grizli-v7.2-f444w-clear_drc_sci.fits,0.0399999999999996,False,False,False
847,high_recall,untested,0.70259327,0.035288762,99.60615,gdn,32377,518717,189.2918142868733,62.209428153111496,484700,1,26.367676923713628,14.576061345124256,0.0,0.2818142473697662,True,12,False,,,0,0,0,0,,,,,False,False,False,False,False,False,False,False,False,False,1.8432733,8.78452,8.641779,3.8044307,3.051234,4.1591845,2.4665165,3.991222,-2.4548147,-2.1051738,2.2416992,2.828059,1.9646007,3.3737023,-6.9412465,0.14274131,4.837348,0.7531966,-1.1079504,1.6926682,4.980089,-0.35475388,0.5847177,16.196503,-3.2623405,-19.458843,-2.39794,-1.290591,5.0,5.0,,0.2623559992140503,2.845834932361732,1.5346517258009902,4.367365490293676,5.849501175495906,True,,gdn-grizli-v7.4-f444w-clear_drc_sci.fits,0.0399999999999996,False,False,False
848,high_recall,untested,0.7025443,0.04710072,99.60572,ceers-full,4279,630792,215.16941372436696,52.9729817860573,590739,1,25.617378663754085,44.373368700955645,0.1427596165299436,7.877794742584228,False,0,False,,,0,0,0,0,,,,,False,False,False,False,False,False,False,False,False,False,5.1108756,2.810757,2.4705482,2.5063684,2.549025,2.313832,1.7170869,1.3160839,3.9671986,3.956284,4.1143055,4.2528415,4.583126,4.4859138,2.300119,0.34020868,-0.035820123,-0.042656794,0.23519295,0.5967452,0.30438855,0.19253616,0.8319381,-1.4095453,-4.2988844,-2.889339,-0.8453946,0.25314707,7.0,6.0,,0.3720950747534729,2.316802919028805,6.26483536973409,14.514388871834846,16.836652228962667,True,,ceers-full-grizli-v7.4-f444w-clear_drc_sci.fits,0.0399999999999993,False,False,False
849,high_recall,untested,0.70206475,0.048945382,99.60551,primer-cosmos-east,22615,436475,150.18798083405568,2.253305983245247,406613,1,23.62396757383921,168.12146734099258,0.0999487698228185,1.7517670392990112,False,0,False,,,0,0,0,0,,,,,False,False,False,False,False,False,False,False,False,False,3.412404,1.7781242,0.95402426,0.45338193,0.041632768,-0.19038706,-0.27603984,1.965623,3.6785564,4.5603995,4.928788,5.681277,5.505813,5.817843,1.6342797,0.8241,0.5006423,0.41174915,0.23201983,0.08565278,1.3247423,0.64376897,0.3176726,-4.9126368,-1.5977367,3.3149,-1.0002226,0.108797856,7.0,7.0,,0.5463993411180564,1.6592771825989605,60.13675688840212,99.7835485404265,110.06008309846922,True,,primer-cosmos-east-grizli-v7.4-f444w-clear_drc_sci.fits,0.0399999999999996,True,True,False
850,high_recall,untested,0.70185393,0.044773225,99.60529,gdn,46957,501138,189.2377294026932,62.2365143722579,468286,1,27.983933167983388,13.905215846338011,0.1271127755769856,4.794802188873291,False,0,False,,,0,0,0,0,,,,,False,False,False,False,False,False,False,False,False,False,5.223987,5.4603806,4.8817134,5.266214,4.5494404,4.0445313,4.0617986,1.8700303,1.4262195,1.9886117,2.044195,2.824372,3.4909635,3.3267016,-0.23639348,0.5786672,-0.38450053,0.71677375,0.5049086,-0.0172669,0.19416668,1.2216823,0.48764175,-0.1903874,-1.8949333,-1.704546,-0.8958108,0.21153817,7.0,6.0,,0.4629333773468119,1.887900674075739,0.9818569416929362,1.8536483820680376,2.1209465329983472,True,,gdn-grizli-v7.4-f444w-clear_drc_sci.fits,0.0399999999999996,False,False,False
851,high_recall,untested,0.70178974,0.054553192,99.60508,primer-uds-north,30170,48346,34.30713110908361,-5.162903292251958,46154,1,27.810888510955976,15.14247375791408,0.1155668402395128,6.218967437744141,False,2,False,,,0,0,0,0,,,,,False,False,False,False,False,False,False,False,False,False,4.614009,4.2256875,5.433596,7.6905203,3.9488297,3.3411415,3.8946633,2.383252,2.5510833,0.49229425,-1.0674448,3.2159245,3.4341376,3.4117393,0.3883215,-1.2079089,-2.2569237,3.7416904,0.6076883,-0.553522,-3.4648325,4.3493786,0.05416635,2.4672751,0.0415552,-2.42572,-0.93716675,0.1701822,5.0,5.0,,0.4029827484417634,2.189080766840326,1.193535961946337,2.612746618828994,2.961754483439927,True,,primer-uds-north-grizli-v7.2-f444w-clear_drc_sci.fits,0.0399999999999996,False,False,False
852,high_recall,untested,0.7016385,0.05155457,99.60486,ceers-full,76632,610231,215.00153861861384,53.00716054928264,571279,1,27.69832569962156,8.149768984738175,0.1076900705718396,7.037844181060791,False,0,False,,,0,0,0,0,,,,,False,False,False,False,False,False,False,False,False,False,6.253695,4.130665,5.6893163,6.127414,4.6506615,4.2145295,3.7850845,-0.9871449,2.5578299,0.5950662,0.09592436,2.4373083,2.9132586,2.7948797,2.1230302,-1.5586514,-0.43809783,1.4767528,0.4361322,0.4294449,-1.9967493,1.912885,0.8655771,1.8766123,-4.3456798,-6.2222924,-0.96782434,0.13071734,4.0,4.0,,0.4783775030964269,1.8400357620656167,1.1439041083037411,2.1048244676526644,2.391216352983814,True,,ceers-full-grizli-v7.4-f444w-clear_drc_sci.fits,0.0399999999999993,False,False,False
853,high_recall,untested,0.7016213,0.036620934,99.60443,primer-uds-south,15448,19973,34.24848378199178,-5.294949497506063,18988,2,22.18035942959832,217.87184908352296,0.5354760468477187,2.347641468048096,False,2,False,,,0,0,0,0,,,,,False,False,False,False,False,False,False,False,False,False,1.9791371,1.7187703,0.98721987,0.45065302,-0.36632392,-1.1222696,-1.7196411,2.6157095,2.8449907,3.6875985,4.381497,5.2904396,5.976339,6.0770593,0.2603669,0.73155034,0.53656685,0.81697696,0.7559457,0.59737146,1.2681172,1.5729226,1.3533171,-4.6763363,-6.745354,-2.0690176,-0.27125996,0.8394383,7.0,7.0,,0.3214207059432982,2.4695648554387,45.06137963829528,111.28199949231504,140.19438948729254,True,,primer-uds-south-grizli-v7.2-f444w-clear_drc_sci.fits,0.0399999999999996,False,False,False
854,high_recall,secure z>3 (V untested),0.7014823,0.043657426,99.60422,primer-uds-north,2579,69432,34.345020659381454,-5.206876999252489,66228,1,24.36534516271617,42.56608999138713,0.2048831350237819,3.86134672164917,False,0,False,,,1,0,0,1,3.0,4.20997,G395M,excels-uds03-v4_g395m-f290lp_3543_72227.spec.fits,False,False,False,False,False,False,False,False,False,False,4.1409774,3.7432954,3.0039818,2.1588767,1.2742698,0.67653674,0.4653161,1.0083462,1.3857051,2.225974,3.193304,4.2011375,4.769274,4.444343,0.39768207,0.73931354,0.84510535,0.8846067,0.59773314,0.21122064,1.5844189,1.4823399,0.80895376,-6.5023675,-3.8711014,2.631266,-0.6884938,0.4188552,7.0,5.0,,0.3770753130610253,2.201136158425209,14.650819556453524,32.24844867627304,38.853828529693374,True,,primer-uds-north-grizli-v7.2-f444w-clear_drc_sci.fits,0.0399999999999996,False,False,False
855,high_recall,untested,0.7011603,0.045670226,99.604004,ceers-full,35510,592423,214.9298630144086,52.862209728841854,554372,1,23.72447953088264,222.35606972996447,0.1266735021550604,5.733859539031982,False,0,False,,,0,0,0,0,,,,,False,False,False,False,False,False,False,False,False,False,0.80090755,0.5299908,0.49411786,0.46898925,0.22964673,-0.10814837,-0.17552939,5.4417777,5.834832,5.6190667,5.78559,6.1305485,6.463211,6.097432,0.27091676,0.03587294,0.025128582,0.23934254,0.3377951,0.067381024,0.06100152,0.57713765,0.40517613,-0.88526,-2.0469356,-1.1616755,-0.89731425,0.20122746,7.0,7.0,,0.471089433816891,1.8461283643361013,42.346928421400605,78.17786570125827,89.89148425235226,True,,ceers-full-grizli-v7.4-f444w-clear_drc_sci.fits,0.0399999999999993,False,False,False
856,high_recall,untested,0.70107293,0.06993833,99.60379,ceers-full,45280,602110,214.9662105523928,52.911151707057975,563575,1,27.26084289484949,21.37454963212172,0.1036468145528439,6.792501926422119,False,0,True,,,0,0,0,0,,,,,False,False,False,False,False,False,False,False,False,False,6.588787,3.940643,4.04139,4.1044116,3.6586611,3.3885734,3.3548684,-1.6715188,3.1224701,2.8569715,3.0268793,3.7982135,4.116508,3.755895,2.6481442,-0.10074661,-0.06302201,0.44575053,0.2700878,0.03370504,-0.16376862,0.7158384,0.30379283,-1.5582142,-1.5720744,-0.013860254,-0.984444,0.11409764,6.0,6.0,,0.4717125546701523,1.8388741928655803,1.9315807623245025,3.551934015274152,4.094825849346265,True,,ceers-full-grizli-v7.4-f444w-clear_drc_sci.fits,0.0399999999999993,False,False,False
857,high_recall,untested,0.7008963,0.05227564,99.60336,primer-cosmos-west,52690,321413,150.07494910034427,2.266638349293849,300693,1,26.869778246135013,10.195119927802544,0.4336340619508329,4.790760040283203,False,0,False,,,0,0,0,0,,,,,False,False,False,False,False,False,False,False,False,False,4.038602,4.040896,4.3921666,5.579797,3.5446982,3.3079386,2.9668589,1.4651539,1.6954618,1.8563772,0.82107353,2.9400616,3.2605689,3.017453,-0.0022940391,-0.35127053,-1.1876304,2.0350986,0.23675959,0.34107968,-1.5389009,2.2718582,0.57783926,3.8063362,-2.8843246,-6.690661,-0.36287662,0.7444724,6.0,4.0,,0.1111355631788088,5.816926543809563,0.2387910241734377,1.389029846937941,2.148646367942913,True,,primer-cosmos-west-grizli-v7.4-f444w-clear_drc_sci.fits,0.0399999999999996,False,False,False
858,high_recall,untested,0.70080805,0.046026807,99.60315,primer-cosmos-west,75799,384811,150.12755463058488,2.326076755178206,357434,2,24.49240814900157,84.05568094181147,0.3215944392004112,4.184213638305664,False,0,False,,,0,0,0,0,,,,,False,False,False,False,False,False,False,False,False,False,4.648083,3.8409142,3.0871274,2.4020035,1.4359102,0.9569812,0.5923714,0.93961227,1.7043679,2.5778391,3.3557732,4.6901603,5.070584,5.124662,0.8071688,0.7537868,0.68512386,0.9660933,0.47892904,0.36460975,1.4389107,1.4450223,0.84353876,-5.9407578,-4.1617103,1.7790474,-0.49269146,0.6146575,7.0,5.0,,0.2720039132666387,2.72604576156583,4.8751113902640455,13.289776742590602,17.92294578308178,True,,primer-cosmos-west-grizli-v7.4-f444w-clear_drc_sci.fits,0.0399999999999996,False,False,False
859,high_recall,untested,0.70072436,0.04837707,99.602936,ceers-full,8175,613330,215.01450231455297,52.8709949909768,574196,1,27.77341774202685,12.193761850366812,0.0794537075734183,6.507140159606934,False,0,False,,,0,0,0,0,,,,,False,False,False,False,False,False,False,False,False,False,4.905874,4.0938044,4.3830404,4.1104054,4.3178725,3.3330395,3.8582525,1.9763966,3.0892413,2.5894458,3.0286667,3.145919,4.1541295,3.1957488,0.81206936,-0.28923613,0.27263495,-0.2074668,0.9848328,-0.52521294,-0.016601155,0.777366,0.45961988,-0.8061786,-2.4314263,-1.6252477,-1.0998858,-0.0013441538,7.0,7.0,,0.5733705892159058,1.6506004994200834,1.5717789438033551,2.594379109619789,2.741296769254925,True,,ceers-full-grizli-v7.4-f444w-clear_drc_sci.fits,0.0399999999999993,True,True,False
860,high_recall,untested,0.70040816,0.05936374,99.602715,gdn,7506,527311,189.31773951957112,62.15683855508767,492788,1,27.22842657618005,29.12386943101631,0.1126184742935549,7.460326671600342,False,0,False,,,0,0,0,0,,,,,False,False,False,False,False,False,False,False,False,False,6.471003,4.2979646,3.9017618,4.069776,4.0283504,3.6392581,3.3227956,-2.30525,2.8343403,3.14001,3.399122,3.432443,3.9149044,4.065,2.1730382,0.39620307,-0.16801411,0.0414257,0.38909194,0.31646252,0.22818896,0.43051764,0.7055545,-5.336941,-3.488325,1.8486154,-0.94839036,0.1589586,6.0,6.0,,0.4900285714334316,1.8530315930302133,1.9709339325013755,3.652202844700326,4.022079624328841,True,,gdn-grizli-v7.4-f444w-clear_drc_sci.fits,0.0399999999999996,False,False,False
861,high_recall,untested,0.6994866,0.058377914,99.6025,gdn,47548,490865,189.2032607372292,62.23762141730298,458643,1,28.2274810515567,14.685205900897264,0.124660671421662,1.5269877910614014,False,0,False,,,0,0,0,0,,,,,False,False,False,False,False,False,False,False,False,False,5.821547,5.3518806,5.5743556,5.9756722,5.1764636,4.942691,4.2933836,-0.0519753,1.9883384,1.2099918,0.59170854,1.8558019,2.8479016,3.381145,0.46966645,-0.222475,-0.40131658,0.79920864,0.23377293,0.64930737,-0.6237916,1.0329815,0.8830803,0.29064256,-5.729656,-6.0202985,-0.9042705,0.20307843,5.0,4.0,,0.5091310481711676,1.711556491040861,0.7666997125292176,1.3122498696585445,1.5058985604654316,True,,gdn-grizli-v7.4-f444w-clear_drc_sci.fits,0.0399999999999996,True,False,False
862,high_recall,untested,0.69942737,0.033430327,99.60229,primer-cosmos-west,57494,305116,150.05974178934812,2.281006168641736,286008,1,22.76770667392525,194.05164750356988,0.2914266390526872,2.352869987487793,True,4,False,,,0,0,0,0,,,,,False,False,False,False,False,False,False,False,False,False,6.910548,8.22166,3.3105433,1.6182411,0.21219291,-0.6196036,-1.1322949,-0.6123737,-1.3711424,1.9905161,3.6175733,5.141779,5.672269,5.961278,-1.3111116,4.9111166,1.6923022,1.4060482,0.83179647,0.5126913,6.603419,2.2378447,1.3444878,-20.044281,-6.6266603,13.417622,-0.5354707,0.5718782,5.0,5.0,,0.2978407333320088,2.654913160450169,36.37550538527657,96.57380796539675,122.13072731300356,True,,primer-cosmos-west-grizli-v7.4-f444w-clear_drc_sci.fits,0.0399999999999996,False,False,False
863,high_recall,untested,0.6993846,0.044861093,99.60207,primer-cosmos-west,116145,380695,150.12341600357092,2.505836908808247,353598,1,26.979066986302072,8.140489338795666,0.1208815324672575,6.38704252243042,False,0,False,,,0,0,0,0,,,,,False,False,False,False,False,False,False,False,False,False,4.699593,3.9234762,3.6757424,4.006015,3.3033519,2.7985363,3.0754998,0.71375626,1.570159,1.9901922,1.6660957,2.8623133,3.14217,2.7937489,0.7761168,0.24773379,-0.33027232,0.7026629,0.50481564,-0.27696353,-0.082538515,1.2074785,0.2278521,-0.45637128,-1.3812859,-0.9249147,-0.91764003,0.18970892,6.0,4.0,,0.4788531595421126,1.9741201182583168,2.221205429904716,4.384926325959515,4.638594077626364,True,,primer-cosmos-west-grizli-v7.4-f444w-clear_drc_sci.fits,0.0399999999999996,False,False,False
864,high_recall,untested,0.69936424,0.0476617,99.60186,primer-cosmos-east,83322,403018,150.14590143107262,2.4839750811812618,374723,1,27.952037060516712,15.170017837049103,0.1047997816732382,6.7091498374938965,False,0,False,,,0,0,0,0,,,,,False,False,False,False,False,False,False,False,False,False,5.495666,4.5989857,4.387545,4.800858,4.476787,3.659994,4.03113,0.33660617,1.5674921,2.662192,1.7450433,2.2640138,3.1216176,3.4135528,0.89668024,0.21144061,-0.41331315,0.3240711,0.8167932,-0.37113598,-0.20187254,1.1408644,0.44565725,-0.03130936,0.5046126,0.535922,-0.97963965,0.12938078,6.0,4.0,,0.5541949454820542,1.6374483217799432,1.1245601753361407,1.8414091718447223,2.0291779715853724,True,,primer-cosmos-east-grizli-v7.4-f444w-clear_drc_sci.fits,0.0399999999999996,True,True,False
865,high_recall,untested,0.6992216,0.040146235,99.60165,gds,1370,215851,53.14295411807181,-27.874932643292823,204472,1,26.168188320237967,83.75541012222023,0.1172855947335974,6.509995460510254,False,0,False,,,0,0,0,0,,,,,False,False,False,False,False,False,False,False,False,False,4.1925945,2.8698974,2.7539039,2.687651,2.3878844,1.6810966,2.2673843,2.781486,4.8326616,4.7153797,4.496255,5.2609777,5.745393,5.1210837,1.3226974,0.11599347,0.06625299,0.2997664,0.7067879,-0.5862877,0.18224646,1.0065544,0.12050022,-1.03675,-1.1499645,-0.1132145,-0.9307553,0.17659365,7.0,7.0,,0.4459780220953853,1.9832248196477908,4.789500867769509,9.498656994685122,10.73932039356221,True,,gds-grizli-v7.2-f444w-clear_drc_sci.fits,0.0399999999999996,False,False,False
866,high_recall,untested,0.69916064,0.05603947,99.60143,primer-cosmos-east,83582,417171,150.16153698767383,2.4851798738344884,388163,1,28.294189058575466,12.08664393664894,0.0821156558707193,6.688729286193848,False,0,False,,,0,0,0,0,,,,,False,False,False,False,False,False,False,False,False,False,4.962865,5.728068,5.5998373,5.9972663,5.021096,4.2363296,4.3558583,0.6689635,0.28981677,1.328625,0.20831697,1.6243558,2.3534975,3.1869552,-0.7652033,0.12823048,-0.3974288,0.9761702,0.78476655,-0.11952885,-0.2691983,1.7609367,0.66523767,2.3723598,-1.4274887,-3.7998486,-1.085574,0.02344637,4.0,2.0,,0.6842237878325413,1.4328111490848388,1.1581867212146626,1.6594628468783823,1.69270163038839,True,,primer-cosmos-east-grizli-v7.4-f444w-clear_drc_sci.fits,0.0399999999999996,True,True,False
867,high_recall,untested,0.69846946,0.06470273,99.60079,primer-uds-north,32148,54188,34.31678743263061,-5.160145871087284,51691,1,27.525980565246105,19.85412166102471,0.0964740972469893,5.1528000831604,False,0,True,,,0,0,0,0,,,,,False,False,False,False,False,False,False,False,False,False,4.571375,4.507049,4.8395677,7.040548,3.4553251,4.380123,3.6162937,2.6480625,2.4671268,2.267963,-0.71281606,4.050286,2.9666975,3.6821923,0.06432584,-0.33251822,-2.2009804,3.5852227,-0.92479795,0.76382947,-2.5334985,2.6604247,-0.1609685,1.6110083,1.0892894,-0.5217189,-1.0155892,0.09175969,6.0,6.0,,0.5953229654659988,1.5119584001103494,1.85335755427922,2.8021995226004397,3.1131968054154835,True,,primer-uds-north-grizli-v7.2-f444w-clear_drc_sci.fits,0.0399999999999996,True,True,False
868,high_recall,untested,0.6984462,0.061599854,99.60057,primer-uds-south,71038,138255,34.49040687231129,-5.199976211947597,132289,1,26.47527375839436,10.582860132486262,0.1174446800928272,6.688777446746826,False,0,True,,,0,0,0,0,,,,,False,False,False,False,False,False,False,False,False,False,3.5200393,2.8197818,3.0436215,3.111543,2.9007728,2.2358503,2.5738592,1.8324515,2.519125,2.5147872,2.6634266,3.1998491,3.8430266,3.0546076,0.7002577,-0.2238398,-0.06792138,0.21077009,0.66492236,-0.33800888,-0.29176116,0.8756924,0.32691348,0.21273112,-2.3181043,-2.5308354,-0.93016666,0.18053165,7.0,7.0,,0.4129822467022061,2.0409845546662786,3.1794058180293923,6.489118167614094,7.69865010764495,True,,primer-uds-south-grizli-v7.2-f444w-clear_drc_sci.fits,0.0399999999999996,False,False,False
869,high_recall,untested,0.6984288,0.048386995,99.60036,gds,4917,198576,53.11366577410748,-27.86786012918301,188462,1,23.32568960531605,335.7328937143345,0.2019225137618486,1.616492509841919,False,0,False,,,0,0,0,0,,,,,False,False,False,False,False,False,False,False,False,False,2.8901567,2.42099,1.9565421,1.1550914,0.34602073,0.014123728,-0.57431465,3.4849854,3.6196265,4.3685484,5.316636,5.9959903,6.2446566,6.509465,0.46916676,0.4644478,0.8014507,0.8090707,0.331897,0.5884384,1.2658985,1.1409677,0.9203354,-5.5402985,-4.554872,0.98542637,-0.6948153,0.4125337,7.0,7.0,,0.3124564515713587,2.5989722843127767,32.95019936374898,85.63665490896409,105.45533368903352,True,,gds-grizli-v7.2-f444w-clear_drc_sci.fits,0.0399999999999996,False,False,False
870,high_recall,untested,0.6982321,0.03752952,99.60014,primer-uds-north,8484,124152,34.46098876067622,-5.195687688742544,118756,1,22.69029519761408,194.04442458965207,0.2509744038651579,1.4984363317489624,False,0,False,,,0,0,0,0,,,,,False,False,False,False,False,False,False,False,False,False,5.688256,2.4347565,1.8557967,0.98087823,0.12177565,-0.4839951,-1.2097062,0.052252103,2.395135,3.1150389,4.099993,5.064191,5.6448364,5.961241,3.253499,0.5789597,0.8749185,0.8591026,0.60577077,0.72571105,1.4538783,1.4648733,1.3314818,-6.706609,-6.7452483,-0.0386395,-0.6003706,0.5069784,6.0,6.0,,0.2438139013314111,3.106250187073423,37.2383388121011,115.67159690139256,152.7326317685381,True,,primer-uds-north-grizli-v7.2-f444w-clear_drc_sci.fits,0.0399999999999996,False,False,False
871,high_recall,untested,0.6980924,0.03323339,99.59972,gds-sw,66324,178794,53.08057299673391,-27.80348653145978,170079,1,27.541179305839965,11.6456909192865,0.1896349830147565,2.3834095001220703,False,0,False,,,0,0,0,0,,,,,False,False,False,False,False,False,False,False,False,False,4.6145115,6.19926,6.2049527,5.1325445,4.910212,4.273065,3.631221,1.839632,-0.35414797,-0.3804335,1.662826,2.1380446,2.7755516,3.1499217,-1.5847487,-0.0056921006,1.072408,0.22233275,0.63714683,0.641844,1.0667158,0.8594796,1.2789909,1.6128441,-6.5230985,-8.135942,-0.72208154,0.38526744,5.0,4.0,,0.2260368055799329,3.396529469407046,0.50818344311828,1.7260600404159772,2.248233166339683,True,,gds-sw-grizli-v7.0-f444w-clear_drc_sci.fits,0.0399999999999996,False,False,False
872,high_recall,untested,0.6979867,0.060413394,99.59929,primer-uds-north,14019,35605,34.28539188599043,-5.185953356148609,34021,1,23.11626390946676,191.6856672990406,0.1406970395199286,2.327622413635254,False,0,True,,,0,0,0,0,,,,,False,False,False,False,False,False,False,False,False,False,3.779725,3.6933188,1.4607528,0.71932083,0.014400849,-0.4883516,-0.78373903,1.5669894,1.6714915,3.8966286,4.761473,5.654423,6.0609837,5.949011,0.086406134,2.232566,0.741432,0.70491993,0.5027524,0.2953874,2.973998,1.2076724,0.79813987,-6.5344934,-3.9968214,2.5376723,-0.851715,0.25563392,7.0,5.0,,0.4501132667030358,1.9516308021191544,69.92562477694854,136.46900317211907,155.35117480347958,True,,primer-uds-north-grizli-v7.2-f444w-clear_drc_sci.fits,0.0399999999999996,False,False,False
873,high_recall,untested,0.6979503,0.044332523,99.599075,primer-cosmos-east,66680,434416,150.1848555357566,2.412513627999462,404637,1,23.63872614136437,114.32113177934345,0.3109436657975706,3.6346163749694815,False,0,False,,,0,0,0,0,,,,,False,False,False,False,False,False,False,False,False,False,2.7800343,4.138338,2.7322087,1.4045495,0.585593,0.17162952,-0.2612815,2.1182775,1.1655922,2.5965466,3.808394,4.939625,5.105069,5.4321775,-1.3583039,1.4061296,1.3276591,0.8189565,0.41396344,0.432911,2.7337887,1.2329199,0.8468744,-5.837271,-4.2663965,1.5708749,-0.50731826,0.6017021,7.0,6.0,,0.2808034389173729,2.780217670808529,14.581535088578002,40.53984152077917,51.92790780909437,True,,primer-cosmos-east-grizli-v7.4-f444w-clear_drc_sci.fits,0.0399999999999996,False,False,False
874,high_recall,untested,0.6976033,0.042597983,99.59864,primer-cosmos-west,5314,293298,150.0458305721898,2.1523101981278963,275740,1,25.83692518500638,5.113774708410212,0.0,1.1791388988494873,True,10,False,,,0,0,0,0,,,,,False,False,False,False,False,False,False,False,False,False,1.1653205,-0.057487465,-0.4112984,-0.20741905,10.859289,2.6935747,1.9364882,1.9772909,3.4477541,4.215064,4.199456,-2.218213,1.959393,2.3345108,1.222808,0.35381094,-0.20387936,-11.066709,8.165714,0.7570865,0.14993158,-2.9009938,8.922801,-0.034183733,-44.118587,-44.084404,-2.39794,-1.290591,6.0,6.0,,0.198632861138818,3.412443251860793,3.535344037906326,12.06416090515973,17.798384505147865,True,,primer-cosmos-west-grizli-v7.4-f444w-clear_drc_sci.fits,0.0399999999999996,False,False,False
875,high_recall,untested,0.69747406,0.032288134,99.59843,gds-sw,37698,168976,53.064785975785085,-27.862616554066484,161012,1,22.96348371965765,489.0267287291354,0.2345112207851827,3.4844791889190674,False,0,False,,,0,0,0,0,,,,,False,False,False,False,False,False,False,False,False,False,5.0455704,4.647011,3.2127728,1.9386557,0.50294465,-0.068833254,-0.9365185,2.3070507,2.9802184,4.288874,5.262479,6.188261,6.4748945,6.8855653,0.3985597,1.4342381,1.274117,1.4357111,0.5717779,0.8676852,2.7083552,2.007489,1.4394631,-10.301182,-7.135557,3.1656249,-0.6298364,0.4775126,7.0,7.0,,0.3128222749911465,2.56920067335223,39.963105960006565,102.67323874169536,127.750192856751,True,,gds-sw-grizli-v7.0-f444w-clear_drc_sci.fits,0.0399999999999996,False,False,False
876,high_recall,untested,0.6974476,0.042802073,99.59821,primer-uds-north,65681,31685,34.277196160017894,-5.113193640037382,30240,2,27.14694413295501,29.2055307340786,0.1178648364749412,8.82211971282959,False,0,False,,,0,0,0,0,,,,,False,False,False,False,False,False,False,False,False,False,6.2353206,5.0879054,4.4171715,3.8533056,4.1359196,4.2026143,3.2420928,-1.4219811,1.8405845,2.3082476,2.1969724,3.3954823,3.3080974,4.067798,1.1474154,0.67073387,0.5638658,-0.2826141,-0.066694684,0.9605216,1.2345997,-0.3493088,0.8938269,-6.9675174,-5.0461373,1.9213802,-0.92861575,0.17873323,6.0,6.0,,0.4992732797165199,1.8320959348826944,2.0685141733356054,3.7897164082154,4.143050023646524,True,,primer-uds-north-grizli-v7.2-f444w-clear_drc_sci.fits,0.0399999999999996,False,False,False
877,high_recall,untested,0.69734347,0.04338048,99.598,ceers-full,10438,572161,214.85538778465465,52.75864288808839,535213,1,21.48006470719092,1044.9396284625234,0.1201873419000459,1.7927640676498413,False,0,False,,,0,0,0,0,,,,,False,False,False,False,False,False,False,False,False,False,2.035722,0.5274196,-0.47085947,-1.1915812,-1.8371481,-2.1729748,-2.4199355,4.027743,5.774859,6.407289,6.9977565,7.4171267,7.6074247,7.6448617,1.5083023,0.99827915,0.7207217,0.6455668,0.33582675,0.24696064,1.7190009,0.9813936,0.5827874,-7.6174293,-2.91161,4.705819,-0.9201413,0.17840041,7.0,7.0,,0.504542083776396,1.7742444652653402,368.1478556581184,653.18429530072,729.6672913835171,True,,ceers-full-grizli-v7.4-f444w-clear_drc_sci.fits,0.0399999999999993,True,False,False
878,high_recall,untested,0.69721943,0.06260803,99.597786,gdn,52631,532185,189.33358598414648,62.2461752823038,497378,1,26.388574152882093,60.41667889262754,0.0842985951760945,3.95573353767395,False,0,True,,,0,0,0,0,,,,,False,False,False,False,False,False,False,False,False,False,3.1775832,3.3523703,3.0554862,2.7977767,2.2571404,1.8595413,2.487368,3.8810425,3.8265557,4.102463,4.2359257,5.0315547,5.3612356,4.794481,-0.174787,0.2968841,0.25770953,0.5406363,0.3975991,-0.6278268,0.5545936,0.9382354,-0.23022772,-1.3641392,0.3063775,1.6705167,-1.0741796,0.033169303,7.0,7.0,,0.5857517759595291,1.5767813812756657,5.611990881440492,8.84888273374418,9.580834598832247,True,,gdn-grizli-v7.4-f444w-clear_drc_sci.fits,0.0399999999999996,True,True,False
879,high_recall,untested,0.69717515,0.06065506,99.59736,gds,35492,237340,53.17128350731778,-27.807424225775456,224317,1,28.29521995038876,21.308919650579288,0.0787259335844304,6.9046125411987305,False,0,True,,,0,0,0,0,,,,,False,False,False,False,False,False,False,False,False,False,5.69531,4.9872503,5.438318,5.407313,5.073403,4.4199886,4.35682,0.732766,2.8316379,2.1424506,2.2659745,3.4151769,3.937233,3.752823,0.7080595,-0.45106727,0.031004908,0.33390996,0.6534141,0.06316875,-0.42006236,0.987324,0.71658283,0.09517072,-3.3261971,-3.421368,-1.1038822,0.0034667857,6.0,6.0,,0.6034226730175922,1.5388848425196378,1.0842296591429272,1.668504588265284,1.7967996689963912,True,,gds-grizli-v7.2-f444w-clear_drc_sci.fits,0.0399999999999996,True,True,False
880,high_recall,untested,0.6967727,0.045171786,99.59672,primer-uds-south,3386,133775,34.481304483238745,-5.3174798397444105,127984,2,24.224664386606403,118.4535071321253,0.1984512285432856,1.792514443397522,False,0,False,,,0,0,0,0,,,,,False,False,False,False,False,False,False,False,False,False,5.312643,3.9808748,3.0361407,2.1882112,1.3142129,0.7396827,0.32464194,0.282601,1.8598415,2.8277078,3.6169038,4.6988773,5.323085,5.4676857,1.331768,0.9447342,0.84792954,0.87399817,0.5745303,0.41504073,1.7926638,1.4485284,0.98957103,-7.2409,-4.799326,2.4415743,-0.7023462,0.40835208,6.0,6.0,,0.3475202378884512,2.3984019863824684,15.667105195643476,37.5760162220944,45.0825692651384,True,,primer-uds-south-grizli-v7.2-f444w-clear_drc_sci.fits,0.0399999999999996,False,False,False
881,high_recall,untested,0.69665915,0.055024073,99.59628,primer-cosmos-east,52459,429811,150.17811250380632,2.359918912056385,400231,1,27.6560431823704,11.133631009275897,0.0746708962300377,5.802253723144531,False,0,False,,,0,0,0,0,,,,,False,False,False,False,False,False,False,False,False,False,4.1895556,3.6830316,4.041369,4.1115193,4.1265388,3.4023187,3.7437775,2.1007898,2.6553984,2.5282052,3.1211216,3.0196037,3.6504185,3.1051283,0.5065242,-0.35833725,-0.07015058,-0.015019485,0.72422016,-0.3414589,-0.4284878,0.7092007,0.3827613,0.80239725,-1.8548001,-2.6571975,-1.1268486,-0.017828234,7.0,7.0,,0.6273863514261918,1.5215708517321864,2.026262385016336,3.0831017830021983,3.2296883418170976,True,,primer-cosmos-east-grizli-v7.4-f444w-clear_drc_sci.fits,0.0399999999999996,True,True,False
882,high_recall,untested,0.69659287,0.053282697,99.59607,primer-uds-south,37211,31390,34.27643401429696,-5.259091168571666,29954,1,19.31836610964615,665.0657839730226,0.1229398168813822,1.0085291862487793,True,13,False,,,0,0,0,0,,,,,False,False,False,False,False,False,False,False,False,False,-1.9186065,-2.526214,-3.0377245,-3.638175,-3.8752744,-4.202428,-4.581634,6.7875166,7.2493067,7.7306833,8.176572,8.40091,8.555754,7.1930337,0.60760754,0.5115105,0.60045046,0.23709945,0.32715338,0.37920615,1.1119609,0.56425285,0.7063595,-4.9410014,-3.5116153,1.4293859,-0.91030747,0.20039086,7.0,7.0,,,,,,,False,aperture d020 covers a NaN or non-finite pixel,primer-uds-south-grizli-v7.2-f444w-clear_drc_sci.fits,0.0399999999999996,False,False,False
883,high_recall,untested,0.6964424,0.042768903,99.595856,gds-sw,33278,161526,53.04768766004044,-27.86872527841568,154124,1,22.95624906022885,413.5902966173181,0.3208113923792476,2.630147218704224,False,0,False,,,0,0,0,0,,,,,False,False,False,False,False,False,False,False,False,False,4.033074,3.2595956,2.0571885,1.2394961,0.36096376,-0.37046632,-0.9437531,3.055004,3.9014928,4.892907,5.4825535,6.0811014,6.450613,6.7180247,0.77347857,1.202407,0.81769246,0.8785323,0.73143005,0.5732868,2.0200994,1.6099623,1.3047168,-7.529564,-6.51394,1.0156237,-0.4937502,0.61359876,7.0,7.0,,0.3181376613858683,2.535391927571717,29.481314580732597,74.74668700219178,92.66842049541184,True,,gds-sw-grizli-v7.0-f444w-clear_drc_sci.fits,0.0399999999999996,False,False,False
884,high_recall,untested,0.6959862,0.051819254,99.59564,primer-cosmos-west,58116,345594,150.0934795765751,2.281083995339978,322046,1,27.70426004105309,17.683901444761265,0.1117513960647734,5.655461311340332,False,0,False,,,0,0,0,0,,,,,False,False,False,False,False,False,False,False,False,False,3.9765043,4.5843887,4.390321,4.435125,4.023799,3.4597478,3.790876,2.643879,2.3792448,2.980027,3.1671708,3.6383152,4.3013716,3.5666003,-0.60788447,0.19406801,-0.04480408,0.411326,0.5640511,-0.33112812,0.14926395,0.9753771,0.23292297,0.9278473,-1.5478175,-2.4756646,-0.95174706,0.15560192,7.0,7.0,,0.4766340388937836,1.9012100983423263,1.3621470633512227,2.589727752270689,2.8578468011068194,True,,primer-cosmos-west-grizli-v7.4-f444w-clear_drc_sci.fits,0.0399999999999996,False,False,False
885,high_recall,untested,0.6958679,0.0500911,99.59543,gds-sw,20627,160533,53.04479569280882,-27.8877008260919,153221,1,22.38107650207378,794.3878795990254,0.1231412316415046,1.660922646522522,False,0,False,,,0,0,0,0,,,,,False,False,False,False,False,False,False,False,False,False,2.1157913,1.0342109,0.29781342,-0.34425676,-0.99837816,-1.3044394,-1.5189242,5.304727,6.074261,6.4801683,6.805854,7.130061,7.2747846,7.3707194,1.0815803,0.7363975,0.6420702,0.6541214,0.30606124,0.21448487,1.3784677,0.9601826,0.5205461,-6.98889,-2.6019778,4.3869123,-0.9095965,0.19775246,7.0,7.0,,0.4718849984707387,1.885297510282543,152.7235750668257,287.9293758349356,323.6457517441,True,,gds-sw-grizli-v7.0-f444w-clear_drc_sci.fits,0.0399999999999996,False,False,False
886,high_recall,untested,0.69543827,0.046973415,99.595,primer-cosmos-east,21367,430160,150.17857996077888,2.248656285220608,400569,1,23.441158729106267,156.3131456644692,0.1441958374359423,2.7468059062957764,False,0,False,,,0,0,0,0,,,,,False,False,False,False,False,False,False,False,False,False,3.9883785,2.975518,1.9918691,1.131342,0.38527837,-0.035382114,-0.45884657,1.3619541,2.5132005,3.557758,4.300059,5.2428393,5.4055367,5.745019,1.0128604,0.98364884,0.860527,0.7460637,0.4206605,0.42346445,1.8441758,1.1667242,0.844125,-7.3633194,-4.2168946,3.1464248,-0.8410473,0.26797312,7.0,6.0,,0.4395066027433348,1.98335384628902,50.79334052552051,100.74116729715904,115.5690044437923,True,,primer-cosmos-east-grizli-v7.4-f444w-clear_drc_sci.fits,0.0399999999999996,False,False,False
887,high_recall,untested,0.6951163,0.039016686,99.594574,ceers-full,12781,611670,215.0076822737143,52.87410055964072,572620,1,23.933284502588847,155.25118743840324,0.2955416832085462,5.983693599700928,False,0,False,,,0,0,0,0,,,,,False,False,False,False,False,False,False,False,False,False,2.8952808,2.196622,1.8965038,1.4170519,0.7281874,0.32654867,0.033271387,3.0539079,3.9913182,4.0462337,4.626743,5.4526024,5.843753,5.738202,0.6986591,0.300118,0.47945195,0.68886447,0.40163875,0.2932773,0.7795699,1.0905032,0.694916,-3.6058521,-3.472066,0.13378614,-0.5293813,0.5691604,7.0,7.0,,0.2486169859023957,2.983593767298924,10.047703251159186,29.978264795827684,40.41438767624592,True,,ceers-full-grizli-v7.4-f444w-clear_drc_sci.fits,0.0399999999999993,False,False,False
888,high_recall,secure z>3 (V untested),0.6947838,0.053906344,99.59435,gds,23857,230736,53.16245185720365,-27.83057978332464,218181,1,27.478254453811708,23.965350921056963,0.105219901448562,5.93482780456543,False,0,False,,,2,0,0,1,3.0,5.64661,G140M;G235M,gds-rieke-v4_g140m-f100lp_1207_88612.spec.fits;gds-rieke-v4_g235m-f170lp_1207_88612.spec.fits,False,False,False,False,False,False,False,False,False,False,4.8536716,4.4479275,4.081774,4.1659603,4.1638403,3.4509647,3.569373,2.1777647,3.0124748,3.2678065,3.3418958,3.6617959,4.3430114,3.8701913,0.4057439,0.36615342,-0.084186055,0.0021196268,0.7128758,-0.11840819,0.28196737,0.7149954,0.5944676,-1.5008763,-2.6483266,-1.1474504,-0.9779021,0.12944686,7.0,7.0,,0.5020414066370728,1.766885751363421,1.6117110328612865,2.847709259277829,3.210314949233654,True,,gds-grizli-v7.2-f444w-clear_drc_sci.fits,0.0399999999999996,True,False,False
889,high_recall,untested,0.69419986,0.053319886,99.59414,ceers-full,74688,568326,214.8384757261928,52.8852006131113,531576,1,23.882833051551707,159.96253542236562,0.2762075162402447,3.8293046951293945,False,0,False,,,0,0,0,0,,,,,False,False,False,False,False,False,False,False,False,False,3.3316948,2.6375046,2.0295858,1.4644611,0.76554805,0.19259201,-0.0171789,2.4563513,3.5309808,3.9926841,4.629519,5.358959,5.875455,5.7680964,0.6941904,0.60791874,0.56512463,0.69891304,0.5729561,0.20977092,1.1730434,1.2718691,0.782727,-4.9286604,-3.9261866,1.0024737,-0.5587645,0.53977716,7.0,7.0,,0.2193035192572026,3.302127468913869,9.79813043440355,32.35467565144495,44.67840036307009,True,,ceers-full-grizli-v7.4-f444w-clear_drc_sci.fits,0.0399999999999993,False,False,False
890,high_recall,untested,0.6941294,0.067601286,99.593925,primer-uds-south,19666,69649,34.34549997979492,-5.287548564969201,66438,1,26.92218237696868,8.624695271532621,0.1091107968102551,1.4981518983840942,False,0,True,,,0,0,0,0,,,,,False,False,False,False,False,False,False,False,False,False,4.344663,3.3497567,3.4222853,3.9039762,3.8138928,3.517552,3.0189686,1.3482722,2.2505498,2.3575797,2.160421,2.5246043,2.8572056,2.851121,0.9949066,-0.072528675,-0.4816908,0.090083264,0.29634097,0.4985835,-0.5542195,0.38642424,0.79492444,0.8378516,-4.0976753,-4.9355273,-0.9621323,0.14856602,7.0,6.0,,0.3168430915811239,2.590821134750601,1.6852048616477364,4.366064371941418,5.318736328566153,True,,primer-uds-south-grizli-v7.2-f444w-clear_drc_sci.fits,0.0399999999999996,False,False,False
891,high_recall,untested,0.6940406,0.044818837,99.59371,gdn,23785,522469,189.3031388950864,62.19220794074441,488218,2,25.70226924628862,75.0949416038924,0.1874073685451095,5.7408318519592285,False,0,False,,,0,0,0,0,,,,,False,False,False,False,False,False,False,False,False,False,3.2077835,2.8161347,2.9518778,2.8458037,2.4207084,1.7480478,1.8019282,3.4076102,3.9618373,3.6785839,3.9478543,4.5284595,5.0694637,5.011945,0.39164883,-0.135743,0.10607391,0.42509556,0.6726605,-0.053880386,-0.029669093,1.097756,0.61878014,-0.46965244,-2.4059582,-1.9363056,-0.7272133,0.38013563,7.0,7.0,,0.3988005946652948,1.894307103752784,5.755736886612602,10.903133271642185,14.432618615935802,True,,gdn-grizli-v7.4-f444w-clear_drc_sci.fits,0.0399999999999996,False,False,False
892,high_recall,untested,0.6940197,0.043774147,99.5935,primer-uds-south,32579,55007,34.318174865192915,-5.266055609332084,52468,2,27.93613103510583,5.068004970052922,0.0325730440906042,17.914907455444336,False,2,False,,,0,0,0,0,,,,,False,False,False,False,False,False,False,False,False,False,7.044554,6.3828635,7.0054026,7.327139,3.9460125,3.850679,4.015811,-1.5427595,-0.44155744,-1.2934371,-1.5112177,2.8503273,2.9694464,2.3256888,0.661691,-0.6225391,-0.3217365,3.3811264,0.09533358,-0.16513208,-0.9442756,3.47646,-0.0697985,0.9372047,-0.024437116,-0.9616418,-1.4871416,-0.37644336,3.0,3.0,,0.971803588112847,0.9515010504866074,2.133383671045101,2.029916804090389,2.195282768185633,True,,primer-uds-south-grizli-v7.2-f444w-clear_drc_sci.fits,0.0399999999999996,False,True,False
893,high_recall,untested,0.6936574,0.05718177,99.59286,primer-uds-south,21241,104038,34.41697044309297,-5.284706997643034,99437,1,27.329698380925024,11.780596665766934,0.1086450478352456,4.807441711425781,False,0,False,,,0,0,0,0,,,,,False,False,False,False,False,False,False,False,False,False,4.5806475,4.277669,4.6761727,4.7194796,3.5231855,3.5579324,3.4229233,1.3321882,1.6315657,1.4037098,1.5625223,3.2487953,3.3217595,3.1613975,0.30297866,-0.3985037,-0.043306995,1.1962941,-0.03474682,0.1350089,-0.4418107,1.1615472,0.10026208,0.8652941,-0.44958737,-1.3148814,-0.9639901,0.14670824,7.0,3.0,,0.4259756866946153,2.0618538670136264,1.6735007221970537,3.450513935512092,3.928629671760578,True,,primer-uds-south-grizli-v7.2-f444w-clear_drc_sci.fits,0.0399999999999996,False,False,False
894,high_recall,untested,0.6936561,0.044411995,99.59264,primer-cosmos-east,47583,420175,150.16527033127656,2.3428455154204526,391026,1,27.658749983995417,9.03497873431206,0.0908732286979129,5.68724536895752,False,0,False,,,0,0,0,0,,,,,False,False,False,False,False,False,False,False,False,False,4.6734695,4.814848,4.572973,4.7839127,4.133269,3.7137198,3.7464242,1.4479996,1.354167,1.8252821,2.4859674,2.923863,3.3306942,2.8972993,-0.14137828,0.24187504,-0.2109398,0.6506437,0.41954887,-0.032704204,0.030935246,1.0701926,0.38684466,0.34410268,-2.0367024,-2.380805,-1.041564,0.067456365,7.0,5.0,,0.6121030579500465,1.5511265643845755,1.7271211308401788,2.6789834659561294,2.8216182036802184,True,,primer-cosmos-east-grizli-v7.4-f444w-clear_drc_sci.fits,0.0399999999999996,True,True,False
895,high_recall,untested,0.6928892,0.058610506,99.59221,primer-uds-south,22602,22991,34.25599530900546,-5.282292120713537,21889,2,27.473888522055866,3.461212081857374,0.0874995449898988,6.6295247077941895,False,0,False,,,1,0,0,0,,,G395M,rubies-uds1-v4_g395m-f290lp_4233_18644.spec.fits,False,False,False,False,False,False,False,False,False,False,6.337216,6.4183054,3.8088307,4.793443,4.42502,2.9244504,3.5650773,-0.26847005,-0.16335544,1.4501704,0.6692683,1.5587931,2.9571602,1.9550097,-0.08108959,2.6094747,-0.9846127,0.36842304,1.5005699,-0.64062685,1.6248621,1.868993,0.8599431,-5.628885,-1.4344566,4.194428,-1.0579942,0.052704092,4.0,2.0,,0.6076380247702485,1.370027726547408,2.189546023723464,2.999738761052773,3.6033722947989366,True,,primer-uds-south-grizli-v7.2-f444w-clear_drc_sci.fits,0.0399999999999996,True,True,False
896,high_recall,untested,0.6926425,0.045384727,99.59157,primer-cosmos-east,57696,431365,150.18030428723404,2.3782899900569863,401717,1,25.079294455934576,46.46357594526828,0.2905727758806528,1.492164134979248,False,0,False,,,0,0,0,0,,,,,False,False,False,False,False,False,False,False,False,False,3.2544448,2.868175,2.2985954,2.2733545,1.4991825,1.2778186,1.1791862,2.1837614,2.6491926,3.3549695,3.8955202,4.476155,4.6914563,4.531932,0.38626972,0.5695796,0.025240975,0.7741721,0.22136386,0.0986324,0.59482056,0.995536,0.31999627,-1.9295248,-1.5977648,0.33175987,-0.5367451,0.57227534,7.0,7.0,,0.2440347497791354,3.014368065072881,3.820886040567813,11.51755686097038,15.657139173932894,True,,primer-cosmos-east-grizli-v7.4-f444w-clear_drc_sci.fits,0.0399999999999996,False,False,False
897,high_recall,untested,0.69256246,0.035983976,99.591354,gds-sw,58354,184748,53.089638256654354,-27.8215145661488,175553,1,27.498971699503585,11.90072433692738,0.176359299916248,3.315310478210449,False,0,False,,,0,0,0,0,,,,,False,False,False,False,False,False,False,False,False,False,5.8623304,5.978146,6.2649107,5.25043,4.712657,4.492566,3.589749,-0.14378403,0.128416,-0.70293826,1.9043859,2.254439,2.5273325,3.171507,-0.11581554,-0.2867644,1.0144802,0.53777325,0.22009072,0.9028173,0.7277158,0.757864,1.122908,-2.0467865,-6.398466,-4.35168,-0.7536016,0.35374734,4.0,4.0,,0.2518295400458396,2.768999696214547,0.766244397401808,2.121730503631705,3.0427105464368136,True,,gds-sw-grizli-v7.0-f444w-clear_drc_sci.fits,0.0399999999999996,False,False,False
898,high_recall,untested,0.69240916,0.04896321,99.59093,primer-uds-south,31458,62028,34.3305431466571,-5.268009418453347,59146,1,22.47523179861744,431.9870930409693,0.1227428538059244,1.4134658575057983,False,0,False,,,0,0,0,0,,,,,False,False,False,False,False,False,False,False,False,False,2.5197523,1.390179,0.4785505,-0.24700709,-0.9164926,-1.2120436,-1.424769,3.0992908,4.1608973,5.1547675,5.9409695,6.671426,6.899462,6.761544,1.1295732,0.91162854,0.72555757,0.6694855,0.2955511,0.21272545,1.6371862,0.9650366,0.5082765,-6.527751,-2.5399315,3.9878197,-0.91100377,0.19969451,7.0,7.0,,0.4717375708825357,1.8782258410231385,142.4573605025289,267.5670957397988,301.9843431932227,True,,primer-uds-south-grizli-v7.2-f444w-clear_drc_sci.fits,0.0399999999999996,False,False,False
899,high_recall,untested,0.69240123,0.045143228,99.59071,primer-uds-south,64311,93227,34.394901823856806,-5.212934287454464,89041,1,27.386737946087308,5.07001013173793,0.0943057984185256,5.930180072784424,False,0,False,,,0,0,0,0,,,,,False,False,False,False,False,False,False,False,False,False,3.3225012,3.5097344,3.5308523,4.9686413,3.5975661,3.468308,3.4792202,2.1644936,2.0369537,2.2182906,1.0961537,2.6495926,2.8046947,2.3260767,-0.18723322,-0.021117844,-1.4377891,1.3710753,0.12925822,-0.010912208,-1.458907,1.5003335,0.11834601,2.1478112,-0.7117258,-2.859537,-1.0254616,0.08523669,7.0,6.0,,0.5955550889048619,1.5845714955971455,1.9121836989371452,3.029991783681315,3.2107587267088418,True,,primer-uds-south-grizli-v7.2-f444w-clear_drc_sci.fits,0.0399999999999996,True,True,False
900,high_recall,secure low-z,0.69207627,0.03168381,99.5905,ceers-full,28423,601193,214.9623618608168,52.87003666092264,562694,1,22.9950212816914,301.15405083176006,0.2231708382349372,2.1545376777648926,False,0,False,,,1,0,1,0,3.0,2.94393,PRISM,capers-egs49-v4_prism-clear_6368_21120.spec.fits,False,False,False,False,False,False,False,False,False,False,4.627983,4.4668612,2.6818998,1.4759994,0.3879434,-0.27753276,-0.9049811,1.669316,2.009638,3.3800957,4.475724,5.7791524,6.354551,6.400772,0.16112201,1.7849612,1.2059004,1.088056,0.66547614,0.62744826,2.9908617,1.7535322,1.2929244,-10.186063,-6.4421673,3.7438958,-0.65136254,0.4471791,7.0,6.0,,0.3069589116559783,2.653249720813256,39.45017927111577,104.67117713712082,128.5194134234136,True,,ceers-full-grizli-v7.4-f444w-clear_drc_sci.fits,0.0399999999999993,False,False,False
901,high_recall,untested,0.69197345,0.057483558,99.59029,primer-uds-north,84205,67109,34.340353206451155,-5.084445763411653,64001,1,25.17400886560124,26.839053442499885,0.1518874043408569,1.855056643486023,False,0,False,,,0,0,0,0,,,,,False,False,False,False,False,False,False,False,False,False,4.1496863,3.7991812,2.977839,2.546582,1.9151814,1.5144883,1.2738799,1.3362517,1.658865,2.5858676,3.1655443,3.7255526,3.8052225,3.9833522,0.3505052,0.8213421,0.4312571,0.63140047,0.40069312,0.2406084,1.2525992,1.0320936,0.6413015,-4.4022727,-3.1624856,1.2397873,-0.8184782,0.28887072,7.0,5.0,,0.3455044983611104,2.3974455306918903,9.055837539573584,21.71087723592253,26.210476513416346,True,,primer-uds-north-grizli-v7.2-f444w-clear_drc_sci.fits,0.0399999999999996,False,False,False
902,high_recall,untested,0.6918496,0.045727495,99.590065,primer-cosmos-west,11306,295932,150.04921171058706,2.161051004074951,277905,1,26.13514186994031,2.886337391255406,0.0,2.28215765953064,True,11,False,,,0,0,0,0,,,,,False,False,False,False,False,False,False,False,False,False,0.9313565,2.9679291,0.42489916,0.6157907,10.499255,3.414122,2.2343853,1.9323826,0.6789394,3.266603,3.289023,-1.6454407,1.2021096,1.7818769,-2.0365727,2.54303,-0.19089155,-9.883465,7.085133,1.1797369,2.3521385,-2.7983315,8.26487,0.2428033,-40.916626,-41.15943,-2.39794,-1.290591,5.0,3.0,,0.1949694330488663,3.3180064619484804,0.6146205545287625,2.0393149715727925,3.1523944287960077,True,,primer-cosmos-west-grizli-v7.4-f444w-clear_drc_sci.fits,0.0399999999999996,False,False,False
903,high_recall,untested,0.6915658,0.049298994,99.58985,primer-uds-north,66487,12158,34.231186811206214,-5.111939163346739,11492,1,27.070576293885825,8.470681034663293,0.1259741256003388,5.11093282699585,False,0,False,,,0,0,0,0,,,,,False,False,False,False,False,False,False,False,False,False,3.6622374,3.961311,4.2789845,5.5328937,3.2736046,3.554091,3.166358,2.1445825,1.8680648,1.7323096,0.7059872,3.1280494,2.9173667,2.8332243,-0.29907367,-0.31767353,-1.2539091,2.2592893,-0.28048638,0.387733,-1.5715826,1.9788028,0.10724663,3.8562772,-0.16664629,-4.0229235,-0.89971864,0.20763032,6.0,5.0,,0.3790549641018736,2.2364899889696077,1.7381129453835205,3.8872722020487216,4.585384996874466,True,,primer-uds-north-grizli-v7.2-f444w-clear_drc_sci.fits,0.0399999999999996,False,False,False
904,high_recall,untested,0.6914345,0.039453737,99.58964,primer-cosmos-west,48370,361012,150.10545956091266,2.2582902306814185,335595,7,27.31426722504092,11.313286364939607,0.2717995166085243,7.985692977905273,False,2,False,,,0,0,0,0,,,,,False,False,False,False,False,False,False,False,False,False,7.0659137,7.5189867,5.0101566,5.529059,4.795207,3.9304774,3.4076803,-1.414318,-1.7221186,1.6537923,1.2254423,2.2152066,3.1823146,3.1210725,-0.45307305,2.50883,-0.51890236,0.73385173,0.8647299,0.522797,1.9899278,1.5985816,1.3875269,-6.8484445,-6.389701,0.4587434,-0.5657513,0.54159766,5.0,3.0,,0.2601459760231774,3.183120230397936,0.5525454093875085,1.7588184708348875,2.123982149692295,True,,primer-cosmos-west-grizli-v7.4-f444w-clear_drc_sci.fits,0.0399999999999996,False,False,False
905,high_recall,untested,0.6909554,0.05686952,99.589424,primer-cosmos-west,107735,391171,150.13389538764284,2.4595437748047018,363499,1,27.667855814926465,21.062780045576023,0.085299604072499,3.620046615600586,False,0,False,,,0,0,0,0,,,,,False,False,False,False,False,False,False,False,False,False,6.9321184,6.279549,5.413584,4.7714887,3.968339,4.030947,3.755325,-1.0228734,-0.31178245,1.7262169,1.9678607,2.427414,2.6879487,3.7412176,0.65256935,0.8659647,0.6420955,0.8031498,-0.062608354,0.2756223,1.5080602,0.74054146,0.21301396,-6.031763,-1.5170894,4.5146737,-1.0690529,0.03829598,5.0,4.0,,0.6221388036716282,1.5215355598926052,1.8473797964489904,2.8108540529243022,2.96940133865056,True,,primer-cosmos-west-grizli-v7.4-f444w-clear_drc_sci.fits,0.0399999999999996,True,True,False
906,high_recall,untested,0.6907849,0.047247984,99.58921,primer-cosmos-east,62204,439047,150.19217140224697,2.39509718590258,409085,1,27.817109813974213,6.01614475498429,0.0873682144155249,7.144913196563721,False,0,False,,,0,0,0,0,,,,,False,False,False,False,False,False,False,False,False,False,5.9419913,6.315104,4.3690114,5.4109964,5.0744214,4.376108,3.9007018,-0.1518842,-0.30468392,1.8203657,1.2346398,1.6518998,2.2828379,2.4944305,-0.37311283,1.946093,-1.0419853,0.3365749,0.69831336,0.47540647,0.9041077,1.0348883,1.1737198,-0.98622614,-5.6465764,-4.6603503,-1.0586466,0.050373863,5.0,3.0,,0.7771200574005523,1.5275611525874586,1.875785046402216,2.865376367488488,2.4137648083317664,True,,primer-cosmos-east-grizli-v7.4-f444w-clear_drc_sci.fits,0.0399999999999996,False,True,False
907,high_recall,untested,0.6904006,0.051815208,99.58878,primer-cosmos-west,93781,369723,150.1131224812482,2.396891061501746,343520,1,27.121488704227914,14.658659346805049,0.1374489612522444,5.136649131774902,False,0,False,,,1,0,0,0,2.0,,PRISM,capers-cos13-v4_prism-clear_6368_161682.spec.fits,False,False,False,False,False,False,False,False,False,False,3.9102583,3.6756701,4.0616183,4.564741,3.6200402,3.8764122,3.2168581,1.9436473,2.5328197,2.320126,1.9566158,3.295635,2.9645855,3.37934,0.23458803,-0.38594788,-0.5031228,0.94470084,-0.25637206,0.659554,-0.8890707,0.68832874,0.40318194,2.4013603,-2.0256011,-4.4269614,-0.86185855,0.24549043,7.0,7.0,,0.4425407957814976,2.106369473004865,1.903209378393434,4.008862135384494,4.300641650522847,True,,primer-cosmos-west-grizli-v7.4-f444w-clear_drc_sci.fits,0.0399999999999996,False,False,False
908,high_recall,untested,0.69034064,0.047780655,99.588356,ceers-full,14268,630296,215.1551767267094,52.980837206097966,590266,1,20.41739493437932,1718.653948820704,0.150064483918783,0.2637597322463989,True,12,False,,,0,0,0,0,,,,,False,False,False,False,False,False,False,False,False,False,-2.6415808,-2.597618,-2.675874,-2.6321075,-2.688658,-3.080646,-3.482605,7.7278085,7.7497625,7.7433333,7.75168,7.800557,8.006403,8.142444,-0.043962754,0.078255795,-0.043766513,0.05655056,0.39198807,0.40195906,0.034489285,0.44853863,0.7939471,-0.043141436,-3.952325,-3.9091837,-0.82372206,0.2748196,7.0,7.0,,0.4555350755413873,1.897733442795047,782.7622206961337,1485.4740439715702,1718.3357829599588,True,,ceers-full-grizli-v7.4-f444w-clear_drc_sci.fits,0.0399999999999993,False,False,False
909,high_recall,untested,0.69005907,0.05580336,99.58792,primer-uds-south,72954,93522,34.395473126392474,-5.19644261651958,89330,1,27.35482981811623,5.1288145075331455,0.1095554434117651,6.154399394989014,False,0,False,,,0,0,0,0,,,,,False,False,False,False,False,False,False,False,False,False,4.908683,4.2906737,5.5186234,4.999901,4.2825656,3.5323553,3.447737,0.7489,1.3350364,0.42789036,1.0723685,1.9435818,2.7008424,2.337393,0.61800927,-1.2279497,0.5187224,0.7173354,0.7502102,0.08461837,-0.70922726,1.4675456,0.8348286,1.6043426,-3.5798619,-5.1842046,-0.960366,0.15033226,5.0,3.0,,0.3794160631772474,2.4080823092805423,1.4316353361204477,3.4474957262525523,3.773259687878968,True,,primer-uds-south-grizli-v7.2-f444w-clear_drc_sci.fits,0.0399999999999996,False,False,False
910,high_recall,untested,0.6897492,0.057511766,99.58771,primer-uds-north,41831,131351,34.47644184706443,-5.147199758421785,125655,1,22.657748377008016,488.1996879221993,0.1010771692214258,2.3028829097747803,False,0,False,,,0,0,0,0,,,,,False,False,False,False,False,False,False,False,False,False,2.5034583,1.2584741,-0.13764721,-0.59219503,-0.9111137,-1.1373036,-1.2422528,3.4165144,4.5981927,5.97069,6.48769,6.8146415,7.0007234,6.883873,1.244984,1.3961214,0.45454785,0.31891862,0.22618991,0.10494927,1.8506693,0.54510856,0.33113918,-6.519463,-1.662062,4.857401,-0.9953469,0.11200204,7.0,7.0,,0.5303744509813701,1.710331292955541,144.1604292363052,246.5620933287556,271.808773913525,True,,primer-uds-north-grizli-v7.2-f444w-clear_drc_sci.fits,0.0399999999999996,True,False,False
911,high_recall,untested,0.68972373,0.03671914,99.587494,gdn,32341,516861,189.2857712075821,62.20932942042824,482968,1,27.1418316270564,22.425444031169764,0.1560997375950183,1.458969235420227,True,13,False,,,0,0,0,0,,,,,False,False,False,False,False,False,False,False,False,False,0.38461223,4.3856983,6.72733,0.8355782,7.9900956,8.054118,3.2370255,6.057806,2.5332367,-1.2876476,5.779451,-2.1848123,-2.2341835,3.8038402,-4.001086,-2.3416317,5.891752,-7.1545177,-0.06402233,4.817093,3.55012,-7.2185397,4.7530704,1.2971478,-28.76568,-30.062828,-0.8065978,0.30075115,4.0,4.0,,0.2549730673270098,2.7927639888157723,1.1780303521440914,3.289960745199981,4.620214850509036,True,,gdn-grizli-v7.4-f444w-clear_drc_sci.fits,0.0399999999999996,False,False,False
912,high_recall,untested,0.68967927,0.052666225,99.58728,primer-cosmos-west,93081,356521,150.10174637252035,2.393982350349359,331697,1,26.55787268319739,27.04824368489408,0.1306882218848915,1.6805553436279297,False,0,False,,,0,0,0,0,,,,,False,False,False,False,False,False,False,False,False,False,5.2753925,4.3798027,3.8771973,3.531163,3.2877033,3.087199,2.6562264,0.7662994,2.07052,2.6159408,3.054539,3.7457047,3.8789477,3.9911108,0.89558965,0.50260556,0.3460341,0.24345985,0.20050415,0.43097275,0.8486396,0.443964,0.63147694,-3.729511,-3.230351,0.49916008,-0.88376355,0.22358541,6.0,6.0,,0.4237074359689735,2.1147714056835505,3.1129911866138764,6.583264747595931,7.34702986624438,True,,primer-cosmos-west-grizli-v7.4-f444w-clear_drc_sci.fits,0.0399999999999996,False,False,False
913,high_recall,untested,0.6895154,0.031456742,99.58685,primer-cosmos-east,50539,427379,150.17486785274295,2.3527401918120865,397900,1,22.48044582448818,313.66956616612373,0.293171258247236,3.4687819480896,False,0,False,,,0,0,0,0,,,,,False,False,False,False,False,False,False,False,False,False,5.546283,5.245471,2.3984902,1.1966839,-0.0946674,-0.75882745,-1.4195551,0.20885329,0.54600024,3.199685,4.851483,5.681967,6.128082,6.4414897,0.3008118,2.8469808,1.2018063,1.2913512,0.6641601,0.6607276,4.048787,1.9555113,1.3248876,-10.074496,-6.597566,3.47693,-0.53287864,0.5761418,5.0,5.0,,0.2498315173268317,2.9875237629037765,37.4848824418064,111.98697704455115,150.04064676422854,True,,primer-cosmos-east-grizli-v7.4-f444w-clear_drc_sci.fits,0.0399999999999996,False,False,False
914,high_recall,untested,0.6888847,0.051701035,99.58664,ceers-full,66621,596590,214.94573035516623,52.943955283014624,558336,1,26.489053050364674,20.532617088565576,0.1560257033503592,4.445488452911377,False,0,False,,,0,0,0,0,,,,,False,False,False,False,False,False,False,False,False,False,4.7168674,6.0357304,4.0000267,3.7840579,2.8563216,2.5865016,2.5876024,1.9822322,-0.029993668,2.4653494,2.8536417,3.883956,4.271329,3.7157543,-1.3188633,2.0357037,0.2159691,0.9277361,0.26981995,-0.0011006141,2.2516727,1.197556,0.26871935,-3.2110276,-1.5032567,1.707771,-0.8068038,0.29173782,6.0,6.0,,0.3510229240114152,2.345585334722946,2.392547524314935,5.611924385660803,6.815929560877139,True,,ceers-full-grizli-v7.4-f444w-clear_drc_sci.fits,0.0399999999999993,False,False,False
915,high_recall,untested,0.6883982,0.03404154,99.58599,primer-uds-south,7519,135415,34.48466043489082,-5.308770103436402,129563,1,23.65682221292045,31.910370846345486,0.3931088388918845,3.415501117706299,False,2,False,,,0,0,0,0,,,,,False,False,False,False,False,False,False,False,False,False,7.444458,5.3834047,6.0118546,1.86187,0.85700095,0.32914466,-0.24318567,-0.5746816,0.14085245,0.0018789663,2.7226377,3.655566,4.023332,4.1563234,2.061053,-0.6284498,4.1499844,1.0048691,0.52785635,0.5723303,3.5215347,1.5327255,1.1001866,-16.450453,-5.584621,10.865832,-0.40548718,0.7052111,4.0,4.0,,0.2412835673664958,3.0691844177433167,8.303824786771301,25.4859696432292,34.41521060635792,True,,primer-uds-south-grizli-v7.2-f444w-clear_drc_sci.fits,0.0399999999999996,False,False,False
916,high_recall,untested,0.6883238,0.04979997,99.58578,primer-cosmos-west,67010,368020,150.11161826507922,2.301852633112836,341982,1,26.54283896038301,2.038665051639516,0.0,2.249002456665039,True,14,False,,,0,0,0,0,,,,,False,False,False,False,False,False,False,False,False,False,5.441845,6.5226555,2.5374615,2.8239737,8.805764,9.247706,2.6412375,0.03973021,-0.05768094,1.5635309,1.546102,-0.6532361,-0.9343016,1.4607944,-1.0808104,3.985194,-0.28651208,-5.9817905,-0.4419423,6.606469,3.698682,-6.4237328,6.1645265,1.6607744,-41.55424,-43.215015,-2.39794,-1.290591,3.0,0.0,,0.4602174383914099,1.5692973544591475,0.182056885863952,0.2857013893473709,0.3955888470899589,True,,primer-cosmos-west-grizli-v7.4-f444w-clear_drc_sci.fits,0.0399999999999996,False,True,False
917,high_recall,untested,0.68832105,0.047898903,99.58556,primer-cosmos-west,55424,363657,150.10773646567984,2.275471538327057,338075,1,24.984378465696167,3.5610107536530653,0.0,1.1895605325698853,True,19,False,,,0,0,0,0,,,,,False,False,False,False,False,False,False,False,False,False,10.408815,9.831733,4.491226,2.4409697,10.043279,10.510068,1.0842875,-1.2850497,-0.70971936,0.14586268,1.0865965,-0.88791555,-1.1932383,1.9823477,0.57708305,5.3405066,2.0502565,-7.6023097,-0.46678916,9.42578,7.390763,-8.069098,8.958992,-23.366858,-60.577904,-37.211044,-2.39794,-1.290591,2.0,1.0,,0.5090371712560319,1.898445686436724,0.3444362316948199,0.6538934783135508,0.6766425933983078,True,,primer-cosmos-west-grizli-v7.4-f444w-clear_drc_sci.fits,0.0399999999999996,True,False,False
918,high_recall,untested,0.68828803,0.067766026,99.58535,primer-cosmos-west,92046,369711,150.11311516621413,2.3892004036728083,343508,1,26.817331255628275,23.054585054328093,0.105107872101748,5.317261219024658,False,0,True,,,0,0,0,0,,,,,False,False,False,False,False,False,False,False,False,False,3.5123491,3.296948,3.4621043,3.5272517,3.1414092,3.0939975,2.9146798,2.692664,3.1534731,3.0741966,3.1574714,3.9724765,4.0012736,3.831482,0.2154012,-0.16515648,-0.065147385,0.3858425,0.04741176,0.17931771,-0.23030388,0.43325424,0.22672947,0.44171962,-1.0739917,-1.5157112,-0.97836477,0.12898421,7.0,7.0,,0.5908848481954188,1.6119680721218868,3.453101773689778,5.566289808975379,5.843950448612215,True,,primer-cosmos-west-grizli-v7.4-f444w-clear_drc_sci.fits,0.0399999999999996,True,True,False
919,high_recall,untested,0.6882139,0.046875782,99.58514,primer-cosmos-west,45300,349564,150.09641495652932,2.252704398022015,325529,1,25.84361040822064,4.441851591725007,0.0,1.2257293462753296,True,18,False,,,0,0,0,0,,,,,False,False,False,False,False,False,False,False,False,False,2.809043,2.0966766,10.935435,4.3817773,9.755634,9.852795,1.9431679,0.9061632,1.6083105,-3.033103,0.55247283,-1.4064461,-1.5417475,2.1966553,0.71236634,-8.838758,6.5536575,-5.3738565,-0.097160116,7.9096265,-2.285101,-5.471017,7.812466,54.6112,-46.659737,-101.270935,-2.39794,-1.290591,3.0,1.0,,0.8814985321591509,1.4705132450920664,0.6184257629732186,0.9094032755582848,0.7015618749340861,True,,primer-cosmos-west-grizli-v7.4-f444w-clear_drc_sci.fits,0.0399999999999996,False,True,False
920,high_recall,untested,0.687746,0.050641924,99.58492,gdn,3877,507932,189.25785178001425,62.146903323896446,474608,1,28.01025616229846,10.255089216039428,0.1038216241448023,7.279553890228271,False,0,False,,,0,0,0,0,,,,,False,False,False,False,False,False,False,False,False,False,6.355452,5.237165,4.712573,5.506763,4.587709,4.4939146,4.0870557,-0.92929363,1.4016035,1.874311,1.1841344,2.975941,3.0982375,3.02329,1.1182872,0.52459186,-0.79419017,0.9190543,0.09379443,0.40685853,-0.2695983,1.0128487,0.50065297,-2.394079,-2.4732723,-0.07919322,-0.9837122,0.12363678,6.0,4.0,,0.5480630506843195,1.789823398152296,1.098078840023017,1.965367200889128,2.003562981762664,True,,gdn-grizli-v7.4-f444w-clear_drc_sci.fits,0.0399999999999996,True,False,False
921,high_recall,untested,0.687712,0.049965203,99.58471,primer-uds-north,5649,55366,34.318799377735125,-5.200839537350404,52811,1,27.284029911967902,5.167712811915225,0.0916721009979391,5.13486909866333,False,0,False,,,0,0,0,0,,,,,False,False,False,False,False,False,False,False,False,False,5.1330748,5.788488,4.2574363,5.196297,3.6316638,3.9311287,3.377797,0.56889415,0.1677767,1.588126,0.9213207,2.5775173,2.3439438,2.34481,-0.6554133,1.5310516,-0.9388611,1.5646336,-0.29946482,0.5533318,0.5921905,1.2651688,0.25386694,-0.6356083,-0.89684695,-0.26123863,-1.0377628,0.06958615,5.0,3.0,,0.4651164685173614,2.0100767158137463,1.8167310346417749,3.651768751629648,3.905970133530032,True,,primer-uds-north-grizli-v7.2-f444w-clear_drc_sci.fits,0.0399999999999996,False,False,False
922,high_recall,secure low-z,0.68726426,0.043190427,99.58428,gds-sw,35733,167591,53.062416323840175,-27.864859199038747,159717,1,23.40205129726144,373.22836145233146,0.1721427726847552,2.473369598388672,False,0,False,,,3,0,2,0,3.0,2.815082,G235H;G395H;PRISM,jades-gds-w04-v4_g235h-f170lp_1212_6106.spec.fits;jades-gds-w04-v4_g395h-f290lp_1212_6106.spec.fits;jades-gds-w04-v4_prism-clear_1212_6106.spec.fits,False,False,False,False,False,False,False,False,False,False,5.4914613,3.954571,2.485312,1.5755156,0.6235901,0.040598225,-0.49795362,0.9302633,3.0870721,4.4671025,5.3477993,5.9962754,6.386838,6.6153393,1.5368906,1.4692589,0.90979636,0.9519255,0.5829919,0.53855187,2.3790553,1.5349174,1.1215438,-8.167752,-5.5894847,2.5782678,-0.7641112,0.34323776,7.0,6.0,,0.3945755012492406,2.1748315310129605,42.391771824951206,92.19496202041071,107.43640112155288,True,,gds-sw-grizli-v7.0-f444w-clear_drc_sci.fits,0.0399999999999996,False,False,False
923,high_recall,untested,0.6868843,0.049787693,99.58407,primer-uds-north,39652,54652,34.31758824206951,-5.149909718045895,52128,1,27.54364959797569,19.98768731473228,0.1010905907332709,7.537298202514648,False,0,False,,,0,0,0,0,,,,,False,False,False,False,False,False,False,False,False,False,6.302142,4.7666283,4.0925674,4.065852,4.5315604,4.300821,3.6336465,-1.643113,2.2680058,2.9321368,2.115137,3.0424898,3.335857,3.6888888,1.5355136,0.6740612,0.02671505,-0.4657084,0.23073998,0.6671741,0.7007762,-0.23496841,0.8979141,-7.52291,-4.9114113,2.6114986,-0.99528927,0.1120597,6.0,6.0,,0.5169121141983525,1.755241855203007,1.4477826441965116,2.5412086943302,2.8008293952286056,True,,primer-uds-north-grizli-v7.2-f444w-clear_drc_sci.fits,0.0399999999999996,True,False,False
924,high_recall,untested,0.6865565,0.042050246,99.58385,primer-uds-south,30576,131941,34.477598535866335,-5.269185254253822,126213,1,27.98140797851293,5.064539823565388,0.0783252357858494,4.868168354034424,False,0,False,,,0,0,0,0,,,,,False,False,False,False,False,False,False,False,False,False,5.6198025,6.7848463,6.2325897,5.6051197,4.5968113,3.9811583,4.059373,0.29147297,-0.9262164,-0.32744935,0.8592294,2.261517,2.861312,2.3250177,-1.1650436,0.5522567,0.62747,1.0083084,0.615653,-0.078214735,1.1797267,1.6239613,0.5374382,-0.96464103,-2.7228308,-1.7581898,-1.1060983,0.0046000085,3.0,3.0,,0.5936389308678959,1.697348462877211,1.4702892692872989,2.4955932312096545,2.4767399724572416,True,,primer-uds-south-grizli-v7.2-f444w-clear_drc_sci.fits,0.0399999999999996,True,True,False
925,high_recall,untested,0.68616784,0.064566806,99.58363,gds,51447,246122,53.18699140712589,-27.775630052911502,232515,1,27.48996634072114,36.53063468997335,0.0969743794903362,4.3009467124938965,False,0,True,,,1,0,0,0,,,PRISM,jades-gds-wide2-v4_prism-clear_1180_105924.spec.fits,False,False,False,False,False,False,False,False,False,False,5.3321204,5.353541,5.0947967,4.4602838,3.620636,3.5445678,3.5808935,2.0748618,2.4387803,2.7240174,3.4591513,4.508775,4.4955106,4.291486,-0.021420088,0.25874397,0.63451314,0.83964765,0.07606822,-0.036325734,0.8932571,0.9157159,0.039742492,-2.9366474,-0.2542789,2.6823685,-1.013343,0.09400597,7.0,7.0,,0.5127160152426801,1.7191885333878238,1.7995176272796676,3.093710070448468,3.5097745609290465,True,,gds-grizli-v7.2-f444w-clear_drc_sci.fits,0.0399999999999996,True,False,False
926,high_recall,untested,0.6860836,0.045431416,99.58342,gdn,16733,517638,189.2884197084246,62.177520862633735,483697,1,23.462756000886376,305.3093931611294,0.2746239494057167,2.464873790740967,False,0,False,,,0,0,0,0,,,,,False,False,False,False,False,False,False,False,False,False,4.147333,3.319643,2.209126,1.4582884,0.62010694,0.10744443,-0.4372495,2.9922056,3.003078,3.8501112,5.228322,5.7228074,6.049237,6.4144754,0.8276899,1.110517,0.7508376,0.83818144,0.51266253,0.54469395,1.8613547,1.3508439,1.0573565,-7.355047,-5.261558,2.0934892,-0.5612616,0.5460874,7.0,7.0,,0.2815241660902827,2.7454742694522194,18.91801671153807,51.93892811059486,67.19855341111712,True,,gdn-grizli-v7.4-f444w-clear_drc_sci.fits,0.0399999999999996,False,False,False
927,high_recall,untested,0.6859138,0.06315483,99.583206,ceers-full,52101,557717,214.78654089381905,52.79814779643153,521484,1,27.36454484846362,10.86077709474345,0.0983480214329329,5.88637113571167,False,0,True,,,0,0,0,0,,,,,False,False,False,False,False,False,False,False,False,False,4.155959,3.554798,3.935495,3.8315516,3.753048,3.2754793,3.4573252,2.3929255,3.2522433,2.7040453,2.9593513,3.3251252,3.7669702,3.0804179,0.6011612,-0.3806969,0.10394323,0.078503616,0.4775687,-0.1818458,-0.27675366,0.5560723,0.29572287,0.33941174,-2.058181,-2.3975928,-1.0072343,0.091307305,7.0,7.0,,0.5097231452411853,1.7946265852639012,1.817584213084592,3.261884949757576,3.565826331516821,True,,ceers-full-grizli-v7.4-f444w-clear_drc_sci.fits,0.0399999999999993,True,False,False
928,high_recall,untested,0.6858051,0.038491655,99.58299,primer-uds-south,1853,54577,34.3174598778126,-5.321584580748928,52055,1,24.124289222613218,98.9438325038973,0.2725621657006276,3.8181097507476807,False,0,False,,,0,0,0,0,,,,,False,False,False,False,False,False,False,False,False,False,3.1763446,3.2647383,2.574794,1.61846,1.0568721,0.4970964,0.22427057,1.6426634,2.3180125,3.055929,4.029744,4.6853213,5.2556744,5.287725,-0.08839382,0.68994427,0.9563341,0.56158787,0.55977577,0.2728258,1.6462784,1.1213636,0.8326016,-6.7953343,-3.865697,2.9296377,-0.5645344,0.54616386,7.0,6.0,,0.2773746288439112,2.790112100746377,10.326884676781994,28.81316589970178,37.23081927076073,True,,primer-uds-south-grizli-v7.2-f444w-clear_drc_sci.fits,0.0399999999999996,False,False,False
929,high_recall,untested,0.6855291,0.04811456,99.58278,primer-uds-south,45584,135600,34.48506449303364,-5.245582880988399,129743,1,27.82767609540081,8.778071658106645,0.0902644074340232,5.888643741607666,False,0,False,,,0,0,0,0,,,,,False,False,False,False,False,False,False,False,False,False,4.772533,4.7890854,5.771703,5.426778,4.975322,4.421109,3.9109528,1.3531002,1.7816516,0.51839745,1.3282855,2.1195545,2.7497604,2.8686328,-0.016552784,-0.982617,0.3449247,0.45145595,0.55421275,0.51015633,-0.63769233,1.0056686,1.0643691,2.546112,-5.341126,-7.887238,-1.0444834,0.06621483,6.0,3.0,,0.5068847340340308,1.7453632778743946,1.3265864285830613,2.3153752373754184,2.617136282691832,True,,primer-uds-south-grizli-v7.2-f444w-clear_drc_sci.fits,0.0399999999999996,True,False,False
930,high_recall,untested,0.6851583,0.043849032,99.582565,primer-uds-south,27911,33963,34.282221890716066,-5.2734191786007205,32438,1,27.2672756700982,9.510228105127242,0.037797635308916,17.388582229614258,False,2,False,,,0,0,0,0,,,,,False,False,False,False,False,False,False,False,False,False,6.846343,6.388131,5.9493365,5.6163177,3.2044473,3.3573756,3.3612304,-1.395601,-0.4679786,0.10910611,0.84587574,3.5012667,3.4034133,2.9482677,0.45821178,0.4387945,0.33301893,2.4118702,-0.15292828,-0.0038548496,0.77181345,2.2589421,-0.15678313,-3.6274726,0.9528138,4.5802865,-1.4225354,-0.31183708,3.0,3.0,,0.999570347372224,0.967272130869881,4.269313328149921,4.129587800270757,4.271148438300058,True,,primer-uds-south-grizli-v7.2-f444w-clear_drc_sci.fits,0.0399999999999996,False,True,False
931,high_recall,untested,0.684521,0.04746652,99.58235,primer-cosmos-west,103738,357272,150.1023547334076,2.44038882803821,332354,1,24.35842897625609,94.67250039767256,0.1283086126755358,3.657922983169556,False,0,False,,,0,0,0,0,,,,,False,False,False,False,False,False,False,False,False,False,2.6045349,2.3355432,1.8049535,1.2419518,0.7558155,0.7348881,0.45840028,2.8820043,3.5908227,3.982189,5.0283284,5.2049804,5.404752,5.2435985,0.2689918,0.53058964,0.5630016,0.48613635,0.020927414,0.27648783,1.0935912,0.50706375,0.29741526,-4.442308,-1.4681035,2.9742043,-0.8917442,0.21560478,7.0,7.0,,0.480323938500993,1.8270588293834424,24.67780624839227,45.08780379593898,51.37742317280164,True,,primer-cosmos-west-grizli-v7.4-f444w-clear_drc_sci.fits,0.0399999999999996,False,False,False
932,high_recall,untested,0.68397164,0.03367995,99.581924,ceers-full,65660,610941,215.00455533266447,52.98352605085504,571937,1,23.105056570701542,331.37291365082046,0.1797284278231444,3.5231356620788574,False,0,False,,,0,0,0,0,,,,,False,False,False,False,False,False,False,False,False,False,4.7599483,4.2544127,3.0540674,1.6283934,0.3632918,-0.19274096,-0.79494625,1.6054939,2.1414056,3.1346016,4.7198205,5.944436,6.3490267,6.4963937,0.5055357,1.2003452,1.425674,1.2651016,0.5560328,0.60220534,2.626019,1.8211343,1.158238,-10.776996,-5.762355,5.0146413,-0.7453832,0.35315844,7.0,6.0,,0.3378483184451282,2.45966201467878,48.071483497739074,118.2396019486466,142.28717703547375,True,,ceers-full-grizli-v7.4-f444w-clear_drc_sci.fits,0.0399999999999993,False,False,False
933,high_recall,untested,0.68395025,0.03748262,99.5817,gdn,32285,519342,189.2938325492015,62.20923243037568,485280,1,27.606637073106253,16.76896266511757,0.1429391629482459,0.3023925721645355,True,13,False,,,0,0,0,0,,,,,False,False,False,False,False,False,False,False,False,False,1.4217633,6.7833395,5.828846,1.1854115,7.197331,7.524433,3.6954222,5.4783864,-1.699205,0.4699796,5.6532617,-1.3904836,-1.7675738,3.5135648,-5.361576,0.9544936,4.6434345,-6.0119195,-0.32710212,3.8290107,5.597928,-6.3390217,3.5019088,-0.6938448,-22.93634,-22.242496,-0.84484875,0.2625002,3.0,3.0,,0.2777708352523185,2.7195521430321614,0.9351556664173116,2.543204596673869,3.366644541957923,True,,gdn-grizli-v7.4-f444w-clear_drc_sci.fits,0.0399999999999996,False,False,False
934,high_recall,untested,0.6838902,0.037812218,99.58149,primer-cosmos-west,108004,383830,150.1265338501975,2.460837405109032,356551,1,27.68219748319641,14.240052692721664,0.2115318199878835,2.2751004695892334,True,12,False,,,0,0,0,0,,,,,False,False,False,False,False,False,False,False,False,False,5.2247944,7.3685746,1.8441336,7.293648,8.769119,7.9557824,3.769337,0.33234823,-1.0589559,4.840809,-1.1463329,-1.8528655,-1.2712843,3.3504364,-2.1437802,5.5244412,-5.449514,-1.4754715,0.8133367,4.1864457,0.07492711,-0.6621348,4.999782,4.3972926,-26.280554,-30.677845,-0.67462426,0.43272468,2.0,2.0,,0.2448629294626879,2.898250377953766,0.4967148679457798,1.4396040537591113,2.028542536168052,True,,primer-cosmos-west-grizli-v7.4-f444w-clear_drc_sci.fits,0.0399999999999996,False,False,False
935,high_recall,untested,0.6829854,0.04665722,99.58106,primer-uds-south,25927,99149,34.40680283080999,-5.276714082411148,94739,1,24.352253836294818,125.13945702721722,0.1877312758242858,4.408682823181152,False,0,False,,,0,0,0,0,,,,,False,False,False,False,False,False,False,False,False,False,3.0837297,3.2480152,2.5425777,1.8701254,1.0642309,0.5210124,0.45222545,2.4447563,2.4525013,3.3260865,4.0673614,5.17582,5.7005916,5.522592,-0.1642856,0.70543754,0.6724522,0.80589455,0.54321843,0.06878697,1.3778898,1.349113,0.6120054,-4.5904336,-2.9370131,1.6534206,-0.7264634,0.38423494,7.0,7.0,,0.3625455627470376,2.290267222229108,15.518833750111405,35.54227626510298,42.805195662922806,True,,primer-uds-south-grizli-v7.2-f444w-clear_drc_sci.fits,0.0399999999999996,False,False,False
936,high_recall,untested,0.6825015,0.05105045,99.58085,gdn,15115,530795,189.32905849235388,62.17383899226687,496069,1,23.57087539399001,382.5867728788587,0.1050603957513065,4.0491228103637695,False,0,False,,,0,0,0,0,,,,,False,False,False,False,False,False,False,False,False,False,2.0343168,1.8298957,1.1361399,0.38201317,-0.52023244,-0.62103176,-0.32913134,5.0964103,5.190753,5.5826235,6.2677794,6.6980124,6.770343,6.6401043,0.2044211,0.69375575,0.7541267,0.9022456,0.10079932,-0.2919004,1.4478825,1.003045,-0.19110107,-5.099321,0.9088995,6.0082207,-0.978561,0.128788,7.0,7.0,,0.5279495827294101,1.7156004956611102,60.318362835335776,103.48221317776874,114.25023299289307,True,,gdn-grizli-v7.4-f444w-clear_drc_sci.fits,0.0399999999999996,True,False,False
937,high_recall,untested,0.68142503,0.03709038,99.579994,primer-uds-south,10121,15545,34.238838213307574,-5.303719702063368,14731,1,23.72636784459581,119.94472163841358,0.1607632264538347,2.5514070987701416,False,0,False,,,0,0,0,0,,,,,False,False,False,False,False,False,False,False,False,False,4.250896,4.374493,2.6167371,1.485853,0.84210694,0.12937313,-0.17364112,1.4359075,1.3225607,3.100537,4.344427,4.9230447,5.635147,5.4801955,-0.12359702,1.7577559,1.1308842,0.6437461,0.7127338,0.30301425,2.8886402,1.3564799,1.015748,-9.196064,-4.768461,4.4276032,-0.7938133,0.31688502,7.0,5.0,,0.3961188553875098,2.163762055793165,33.66886744778576,72.85141784504849,84.99688159213889,True,,primer-uds-south-grizli-v7.2-f444w-clear_drc_sci.fits,0.0399999999999996,False,False,False
938,high_recall,untested,0.68142295,0.06298268,99.57978,ceers-full,54553,565508,214.8263328410089,52.83279800689725,528907,1,27.41253720103178,10.283781878783437,0.1092625578310904,5.995640754699707,False,0,True,,,0,0,0,0,,,,,False,False,False,False,False,False,False,False,False,False,4.7967896,4.3037376,4.083045,4.520978,3.7068613,3.4076197,3.5046573,1.9458365,2.592592,2.6395762,2.418599,3.3503735,3.6581502,3.0260708,0.4930517,0.22069293,-0.437933,0.8141165,0.29924154,-0.09703755,-0.21724005,1.113358,0.202204,-0.54277146,-1.4097002,-0.8669287,-0.96152866,0.13701305,7.0,7.0,,0.3816421824734735,2.159885121410411,1.357248048542505,2.931499866110272,3.5563365656961734,True,,ceers-full-grizli-v7.4-f444w-clear_drc_sci.fits,0.0399999999999993,False,False,False
939,high_recall,untested,0.68133026,0.037547342,99.57956,ceers-full,31493,561227,214.80527508624263,52.76281215934299,524822,1,24.252291266247457,122.04839625645124,0.1806706984853752,3.8205406665802,False,0,False,,,0,0,0,0,,,,,False,False,False,False,False,False,False,False,False,False,3.9476337,3.5985134,2.793399,1.8653984,1.1883279,0.54163855,0.35226765,2.524198,2.796899,3.4596913,4.4902277,5.181179,5.771575,5.4975815,0.34912023,0.80511427,0.9280008,0.6770705,0.6466893,0.18937089,1.7331151,1.3237598,0.83606017,-6.850051,-4.06714,2.7829108,-0.74311227,0.3554294,7.0,7.0,,0.3733236957453751,2.249017375776735,18.33000133603318,41.22449150274939,49.09948536600562,True,,ceers-full-grizli-v7.4-f444w-clear_drc_sci.fits,0.0399999999999993,False,False,False
940,high_recall,untested,0.6812002,0.03878849,99.579346,primer-uds-north,32024,140915,34.49562178876638,-5.160330278135843,134847,1,26.900056274021463,11.486017113586914,0.1359730948218714,1.3763666152954102,False,0,False,,,0,0,0,0,,,,,False,False,False,False,False,False,False,False,False,False,7.8760667,5.99852,4.721763,4.260551,3.4748743,3.0469036,2.9969702,-2.0530825,0.020831682,1.3697187,2.0089197,3.037745,3.5047822,3.1361673,1.8775468,1.2767568,0.46121246,0.78567666,0.4279707,0.04993337,1.7379692,1.2136474,0.47790405,-10.668245,-2.354289,8.313956,-0.866547,0.24080195,5.0,4.0,,0.3161019914948202,2.626284095374623,1.8490437114005287,4.856114090903673,5.849516172475072,True,,primer-uds-north-grizli-v7.2-f444w-clear_drc_sci.fits,0.0399999999999996,False,False,False
941,high_recall,untested,0.68100446,0.059097238,99.57913,primer-cosmos-east,53613,392593,150.13539131910392,2.364453106106746,364857,1,27.655143603001694,11.11001609076254,0.0880642989960829,7.471887111663818,False,0,False,,,0,0,0,0,,,,,False,False,False,False,False,False,False,False,False,False,5.9800715,5.3179393,4.271037,4.304112,4.531642,3.9386935,3.742898,-0.33520877,1.1004567,2.4245884,2.542788,2.6558108,3.2569551,3.1030135,0.6621322,1.0469021,-0.033074796,-0.22753003,0.59294856,0.19579555,1.0138273,0.36541852,0.7887441,-3.5709717,-3.6262774,-0.05530579,-1.0552001,0.053820286,6.0,5.0,,0.4868489893268267,1.816907375637984,1.6103914324395785,2.9259320712636883,3.3077842775565585,True,,primer-cosmos-east-grizli-v7.4-f444w-clear_drc_sci.fits,0.0399999999999996,False,False,False
942,high_recall,untested,0.68072504,0.048451837,99.57892,gds,54744,247461,53.19020620710054,-27.769211868534114,233765,1,22.805085616863387,636.7121672576642,0.1234600743361749,1.991376042366028,False,0,False,,,0,0,0,0,,,,,False,False,False,False,False,False,False,False,False,False,4.2991548,3.0734768,1.4222059,0.13417146,-0.5208376,-0.83505416,-1.094916,3.3060637,4.60596,5.7652,6.5214524,6.8920016,7.038417,7.1494656,1.225678,1.651271,1.2880344,0.65500903,0.31421655,0.2598619,2.9393053,0.9692256,0.57407844,-11.729186,-2.8644938,8.864693,-0.9084735,0.1988755,7.0,7.0,,0.491634329929241,1.8161764357944048,106.23991966891934,192.95043864338183,216.09540506296628,True,,gds-grizli-v7.2-f444w-clear_drc_sci.fits,0.0399999999999996,False,False,False
943,high_recall,untested,0.68068343,0.054745115,99.57849,primer-uds-north,68336,26576,34.26501557761393,-5.109407678400003,25327,2,27.05655666692332,26.05541560210851,0.1586893972886254,6.291053295135498,False,0,False,,,0,0,0,0,,,,,False,False,False,False,False,False,False,False,False,False,4.11575,3.8060122,3.6119552,4.0626755,3.4135294,2.7085235,3.1524453,2.8809981,2.9699252,3.321276,2.002467,3.843658,4.5280604,3.9537408,0.30973762,0.1940571,-0.45072028,0.649146,0.7050058,-0.44392166,-0.25666317,1.3541518,0.26108417,-1.6720787,-1.1396136,0.53246504,-0.79945207,0.30789688,7.0,7.0,,0.3729089338803897,2.212641772246454,1.4578998891905353,3.2258101945764546,3.909533284762107,True,,primer-uds-north-grizli-v7.2-f444w-clear_drc_sci.fits,0.0399999999999996,False,False,False
944,high_recall,untested,0.67962563,0.061399743,99.578064,primer-uds-south,63416,109574,34.42829428624485,-5.214787431021318,104745,1,26.28701106767399,12.360582255186316,0.1449510393110426,6.579718112945557,False,0,True,,,0,0,0,0,,,,,False,False,False,False,False,False,False,False,False,False,4.466803,3.392044,3.5922341,3.0366583,2.7367914,1.9960383,2.3860106,0.82797563,1.7534001,1.6088603,2.4430413,3.3135324,4.0167613,3.209292,1.074759,-0.20018992,0.55557567,0.29986703,0.74075305,-0.38997227,0.35538572,1.0406201,0.35078079,-2.397291,-2.3927677,0.004523225,-0.8387787,0.27191964,6.0,4.0,,0.3628764985811831,2.508016902191668,3.1970170108819973,8.018172699886334,8.81020684277452,True,,primer-uds-south-grizli-v7.2-f444w-clear_drc_sci.fits,0.0399999999999996,False,False,False
945,high_recall,untested,0.6795091,0.049679946,99.57785,primer-uds-north,31611,122308,34.45696346208729,-5.160878196767309,116999,1,27.59561064247152,7.414525172964966,0.1145541952632512,0.174852579832077,False,0,False,,,0,0,0,0,,,,,False,False,False,False,False,False,False,False,False,False,4.95043,4.0966806,5.6853995,5.1839447,4.8899426,4.1975427,3.6846178,1.0742897,1.9739738,0.45728046,1.2803339,1.9333847,2.631648,2.7011049,0.8537497,-1.5887191,0.5014547,0.29400238,0.69239986,0.5129247,-1.0872644,0.9864023,1.2053245,2.7563667,-5.8626976,-8.619064,-0.940989,0.16635996,6.0,4.0,,0.6274087215791101,1.5405105896036526,1.5930242765738694,2.454070767557744,2.539053445996773,True,,primer-uds-north-grizli-v7.2-f444w-clear_drc_sci.fits,0.0399999999999996,True,True,False
946,high_recall,untested,0.6794602,0.037499256,99.57764,primer-cosmos-west,99317,367674,150.1112795420563,2.420472775507411,341673,1,25.09022372787736,27.99740778953022,0.2850757062471915,4.610964775085449,False,0,False,,,0,0,0,0,,,,,False,False,False,False,False,False,False,False,False,False,5.1620936,5.977982,4.1533055,3.3135374,2.0180345,1.604733,1.1901132,0.2440837,0.022825204,1.0871807,2.3112535,3.545426,4.2223554,4.025578,-0.81588864,1.8246768,0.83976805,1.2955029,0.41330162,0.4146197,2.6644447,1.7088045,0.82792133,-7.441608,-4.1908083,3.2507997,-0.5450398,0.56230915,5.0,4.0,,0.2868697449808556,2.6778651056149454,5.083730025311807,13.613543241149472,17.721387892093922,True,,primer-cosmos-west-grizli-v7.4-f444w-clear_drc_sci.fits,0.0399999999999996,False,False,False
947,high_recall,untested,0.6790741,0.056417584,99.577415,gdn,84812,548500,189.39492633471409,62.30804417637109,512755,1,25.94375527567252,69.58214208673607,0.1041430514446544,5.387400150299072,False,0,False,,,0,0,0,0,,,,,False,False,False,False,False,False,False,False,False,False,2.4803007,2.3244302,2.389156,2.2749426,2.1538053,1.5560622,2.0432234,4.40693,4.598283,4.5710163,4.5858936,5.042106,5.3415895,4.9357066,0.15587048,-0.06472602,0.11421356,0.121137485,0.5977429,-0.487161,0.049487546,0.71888036,0.110581875,-0.44624358,-1.0110099,-0.56476635,-0.9823697,0.124979265,7.0,7.0,,0.5149195325095832,1.7450631317216931,6.796722491596583,11.860709836628802,13.199581803531776,True,,gdn-grizli-v7.4-f444w-clear_drc_sci.fits,0.0399999999999996,True,False,False
948,high_recall,untested,0.6785234,0.07528828,99.5772,gdn,15721,503350,189.2447081559367,62.175602793770814,470358,1,26.68159911784213,50.07001428227385,0.1132634402243254,6.010200500488281,False,0,True,,,0,0,0,0,,,,,False,False,False,False,False,False,False,False,False,False,4.366405,3.6758063,3.6077292,3.4758801,2.9824631,2.6588707,2.7795324,3.2181082,3.3847373,3.2889118,4.091647,4.3125744,4.6100125,4.6066694,0.69059885,0.06807701,0.13184907,0.49341714,0.3235924,-0.12066187,0.19992608,0.8170095,0.20293052,-2.0369687,-0.8131581,1.2238107,-0.9459103,0.16143872,7.0,7.0,,0.4655513013075842,1.909282631430124,3.170555284276209,6.053486136257565,6.81032417989411,True,,gdn-grizli-v7.4-f444w-clear_drc_sci.fits,0.0399999999999996,False,False,False
949,high_recall,untested,0.67845196,0.034230858,99.57699,gdn,57799,544618,189.3789625015877,62.25486884832801,509073,1,23.54290911693841,235.99995975539903,0.271435637763739,3.236607313156128,False,1,False,,,0,0,0,0,,,,,False,False,False,False,False,False,False,False,False,False,7.083418,6.312365,5.0810423,2.2161837,0.8864868,0.28549978,-0.35709727,-1.9197993,-0.4645894,1.3652023,4.065418,5.4057956,5.6913733,6.1569834,0.77105266,1.2313229,2.8648586,1.3296969,0.600987,0.6425971,4.0961814,1.930684,1.243584,-14.820082,-6.187825,8.632256,-0.5663331,0.5410158,5.0,4.0,,0.2799966073619352,2.767960361975269,17.747031632212103,49.12308010068436,63.383023813826256,True,,gdn-grizli-v7.4-f444w-clear_drc_sci.fits,0.0399999999999996,False,False,False
950,high_recall,untested,0.6782661,0.029806329,99.576775,primer-uds-north,83461,7890,34.22146766439741,-5.085879148870657,7445,1,25.24696222088207,33.052120300865106,0.1196826328760557,5.15485143661499,False,0,False,,,0,0,0,0,,,,,False,False,False,False,False,False,False,False,False,False,2.7661984,2.6326768,2.571067,2.569599,1.3761274,2.0718486,1.3468148,2.6894095,2.7928424,3.017051,3.2213213,4.548084,3.969568,4.1914616,0.13352154,0.06160983,0.001468279,1.1934714,-0.6957214,0.725034,0.06307811,0.49775007,0.029312588,-0.48056418,0.40663904,0.8872032,-0.9219689,0.1853801,7.0,7.0,,0.4865836032322692,1.8305441210947335,12.313728128590858,22.540822634550853,25.306500356348707,True,,primer-uds-north-grizli-v7.2-f444w-clear_drc_sci.fits,0.0399999999999996,False,False,False
951,high_recall,untested,0.6781446,0.057105742,99.57656,primer-uds-north,39758,27274,34.266667315955935,-5.149775950116132,25998,1,27.43702386856437,7.26893055433742,0.1021667769211364,0.3373146951198578,False,0,False,,,0,0,0,0,,,,,False,False,False,False,False,False,False,False,False,False,5.541976,4.505317,5.728461,5.472869,4.871478,4.540641,3.5287845,0.30341938,1.4119546,0.32782426,0.81296563,1.824465,2.2002861,2.6814547,1.0366592,-1.223144,0.2555921,0.6013908,0.33083734,1.0118562,-0.9675519,0.9322281,1.3426936,1.8677262,-7.5667343,-9.434461,-0.9906903,0.11665866,4.0,3.0,,0.5343098159305267,1.7326240684907772,1.6444436975052223,2.849202729575515,3.077696962466136,True,,primer-uds-north-grizli-v7.2-f444w-clear_drc_sci.fits,0.0399999999999996,True,False,False
952,high_recall,untested,0.677965,0.04422768,99.57592,primer-cosmos-west,64452,359084,150.10382107321487,2.295929512399455,333957,1,26.86292602126169,6.740317809636792,0.5001127214777241,5.171321868896484,True,7,False,,,0,0,0,0,,,,,False,False,False,False,False,False,False,False,False,False,8.665305,3.6131449,6.837934,8.608996,3.9309845,3.763813,2.9600432,-1.6267145,1.2993997,-0.36308742,-1.4789395,2.050808,2.3499453,2.606712,5.0521603,-3.2247891,-1.771062,4.678012,0.16717148,0.8037699,-4.995851,4.8451834,0.97094136,1.2496439,-5.432883,-6.6825266,-0.3009321,0.80641687,4.0,3.0,,0.1996643697834625,2.982443708985808,0.1598431496439924,0.4767231960802023,0.8005592075208187,True,,primer-cosmos-west-grizli-v7.4-f444w-clear_drc_sci.fits,0.0399999999999996,False,False,False
953,high_recall,untested,0.67769253,0.048233405,99.575485,primer-cosmos-west,43221,311712,150.066920065717,2.24884828191647,291957,2,26.19902739395537,2.02777721335741,0.0,3.383733034133911,True,21,False,,,0,0,0,0,,,,,False,False,False,False,False,False,False,False,False,False,2.860474,8.815028,8.63319,1.2138588,8.768849,9.285355,2.2981763,0.47380647,-0.48313722,-0.67854077,2.5772429,-0.4620029,-0.7481812,1.4559892,-5.9545536,0.18183777,7.419331,-7.554991,-0.51650476,6.9871783,7.6011686,-8.071496,6.4706736,-21.137676,-46.936184,-25.79851,-2.39794,-1.290591,2.0,1.0,,0.61076625172166,1.539465510890406,0.1981479121673421,0.3050418768365646,0.3244251161697169,True,,primer-cosmos-west-grizli-v7.4-f444w-clear_drc_sci.fits,0.0399999999999996,True,True,False
954,high_recall,untested,0.6775226,0.036439255,99.57527,primer-uds-south,13938,107489,34.42408317423445,-5.296949083847545,102740,1,27.87998521890098,7.859425926675083,0.0841929823347255,5.703235626220703,False,0,False,,,0,0,0,0,,,,,False,False,False,False,False,False,False,False,False,False,4.421801,4.6363697,4.3588443,5.0494013,4.3496,4.002791,3.9616125,1.5528244,1.7944632,2.208207,1.6437446,2.6524556,3.0446858,2.7588837,-0.21456848,0.2775257,-0.69055724,0.69980145,0.34680894,0.041178487,-0.41303155,1.0466104,0.38798743,1.2193928,-1.9098462,-3.129239,-1.0747241,0.03597419,7.0,4.0,,0.5575125875761197,1.6218806404382833,1.1675690636279423,1.893657660672814,2.0942469993442594,True,,primer-uds-south-grizli-v7.2-f444w-clear_drc_sci.fits,0.0399999999999996,True,True,False
955,high_recall,untested,0.6774392,0.035447475,99.57506,primer-uds-north,49338,87268,34.38259496660989,-5.136254527724245,83320,1,27.691910328895247,8.724345529393998,0.0342506471970321,3.9846014976501465,False,2,False,,,0,0,0,0,,,,,False,False,False,False,False,False,False,False,False,False,5.397445,5.002642,4.919958,5.287125,3.883105,3.9970522,3.778822,0.7010538,1.3516581,1.6043671,1.3936119,3.1173422,3.0902584,2.862533,0.3948028,0.08268437,-0.36716732,1.4040202,-0.11394705,0.21823029,-0.28448296,1.2900732,0.10428324,-0.0733723,-0.321354,-0.24798171,-1.4653312,-0.35798225,6.0,3.0,,0.8161426104128615,1.064560156382229,2.215736860673964,2.358785178900943,2.7148893249834,True,,primer-uds-north-grizli-v7.2-f444w-clear_drc_sci.fits,0.0399999999999996,False,True,False
956,high_recall,untested,0.67693573,0.050587956,99.57442,gds,23329,234592,53.16762041139504,-27.831643437264493,221748,1,27.790805223455514,19.769153921249583,0.0852829823373798,5.871604442596436,False,0,False,,,0,0,0,0,,,,,False,False,False,False,False,False,False,False,False,False,4.650919,4.4591165,4.4599686,4.4750695,4.171539,3.8061252,3.8751569,2.5435545,3.1309485,3.009124,3.20195,3.755491,4.075266,3.6779091,0.19180238,-0.0008519447,-0.015100838,0.30353066,0.36541355,-0.06903164,-0.015952783,0.6689442,0.2963819,-0.26664916,-1.6239063,-1.3572571,-1.0691376,0.038211346,7.0,7.0,,0.5531230037276094,1.7202616410904632,1.523766439332065,2.6212769555639497,2.7548419231583035,True,,gds-grizli-v7.2-f444w-clear_drc_sci.fits,0.0399999999999996,True,False,False
957,high_recall,untested,0.6768479,0.049613964,99.57399,primer-cosmos-west,44825,340849,150.0900007983663,2.251803195335527,317863,1,26.69621050868126,2.500613278798931,0.0,3.38157320022583,True,20,False,,,0,0,0,0,,,,,False,False,False,False,False,False,False,False,False,False,9.615882,9.5857725,2.9167895,1.169803,8.313243,9.723353,2.7940876,-1.754532,-1.6111267,1.6060655,3.331981,-0.5600454,-1.6254472,1.6474589,0.030110247,6.6689825,1.7469865,-7.1434402,-1.4101098,6.9292655,8.415969,-8.55355,5.5191555,-26.575302,-58.602684,-32.02738,-2.39794,-1.290591,3.0,1.0,,9.55414924063254,0.6894034063299389,0.2009616779447223,0.1385436653168717,0.0210339688949026,True,,primer-cosmos-west-grizli-v7.4-f444w-clear_drc_sci.fits,0.0399999999999996,False,True,False
958,high_recall,untested,0.67668664,0.05678618,99.57356,primer-cosmos-east,74519,445104,150.2021549940098,2.4445759873277546,414893,1,26.82709917938567,12.435503731271586,0.1237589204209835,1.0497416257858276,False,0,False,,,0,0,0,0,,,,,False,False,False,False,False,False,False,False,False,False,4.4207,3.4520998,3.5624492,3.4394364,3.214825,2.618955,2.9243996,1.1468841,2.2325754,2.3230665,2.4266536,3.1735268,3.6113598,3.2153156,0.9686004,-0.1103494,0.12301282,0.22461134,0.59587,-0.30544475,0.012663419,0.82048136,0.29042524,-0.7670645,-1.5032697,-0.73620516,-0.9074235,0.20159692,7.0,6.0,,0.3762332050373829,2.2082844395221506,2.204213102566699,4.867529495788883,5.858635210966257,True,,primer-cosmos-east-grizli-v7.4-f444w-clear_drc_sci.fits,0.0399999999999996,False,False,False
959,high_recall,untested,0.67630666,0.048786543,99.57313,gds-sw,26689,214945,53.141825354471415,-27.87841488234644,203650,1,28.579137569723464,10.678141848422964,0.1067938072059724,8.22136116027832,False,1,False,,,0,0,0,0,,,,,False,False,False,False,False,False,False,False,False,False,6.2396774,5.7453537,5.518737,6.0128045,5.646019,5.7350373,4.6164937,-1.3400277,1.7062154,1.9461786,0.60444176,2.4274383,2.387813,3.0635314,0.49432385,0.22661708,-0.49406797,0.3667859,-0.08901859,1.1185439,-0.2674509,0.27776733,1.0295253,-0.9550673,-5.5506444,-4.5955772,-0.9714539,0.13589503,5.0,4.0,,0.6065235082390585,1.5278859160192673,0.779418276620629,1.1908622075366684,1.2850586432890987,True,,gds-sw-grizli-v7.0-f444w-clear_drc_sci.fits,0.0399999999999996,True,True,False
960,high_recall,untested,0.67626375,0.05427051,99.572914,primer-uds-north,55772,8219,34.22225839216765,-5.127381524166321,7759,1,27.96395276267944,12.563537660253209,0.1284553207873595,0.7503268122673035,False,2,False,,,0,0,0,0,,,,,False,False,False,False,False,False,False,False,False,False,3.6890385,4.281321,4.370863,7.4187226,4.2354345,3.9325907,4.042595,3.42308,2.2981725,2.7107368,-1.3121881,3.2938545,3.5010824,3.225526,-0.5922825,-0.089541875,-3.04786,3.1832883,0.30284375,-0.11000427,-3.1374018,3.4861321,0.19283949,4.305367,-1.0717375,-5.3771043,-0.8912479,0.21610107,6.0,6.0,,0.3782227422880155,2.0778867463482924,0.6550846227951053,1.3611916554425196,1.732007490697797,True,,primer-uds-north-grizli-v7.2-f444w-clear_drc_sci.fits,0.0399999999999996,False,False,False
961,high_recall,untested,0.6761309,0.04583953,99.5727,primer-cosmos-east,22224,408608,150.15167650310366,2.252365669661546,380011,1,27.06609388469352,21.45411118618353,0.0790681515653679,3.809728860855103,False,0,False,,,0,0,0,0,,,,,False,False,False,False,False,False,False,False,False,False,6.4405327,5.2941356,5.0569334,3.8072631,3.3386133,3.0851226,3.16191,-0.98453146,1.188611,1.6352721,3.0656686,3.8329086,4.1001616,3.7596061,1.1463974,0.23720208,1.2496701,0.46864977,0.2534907,-0.07678736,1.4868723,0.7221405,0.17670333,-7.560476,-0.98451895,6.575957,-1.1019984,0.007021989,6.0,4.0,,0.6673855234920898,1.440033114844847,3.346227811736416,4.818678858715248,5.013935265223172,True,,primer-cosmos-east-grizli-v7.4-f444w-clear_drc_sci.fits,0.0399999999999996,True,True,False
962,high_recall,untested,0.67597276,0.049118508,99.57227,gdn,83025,519105,189.2930433628925,62.30343888006549,485056,1,23.23156972453957,425.65253989954425,0.0999218439576213,0.6913819909095764,True,4,False,,,0,0,0,0,,,,,False,False,False,False,False,False,False,False,False,False,-0.846959,-0.6218187,-0.3373536,-0.395199,-0.42670712,-0.66825324,-0.6684339,6.698206,6.5825567,6.4475813,6.444259,6.5980334,6.6394234,6.746772,-0.2251403,-0.28446513,0.057845417,0.031508133,0.24154611,0.00018064312,-0.2266197,0.27305424,0.24172676,1.4123082,-1.229893,-2.6422012,-1.0003395,0.1070094,7.0,7.0,,0.5593135478406212,1.6350317075525789,92.02877477858324,150.46996477019863,164.53879069063288,True,,gdn-grizli-v7.4-f444w-clear_drc_sci.fits,0.0399999999999996,True,True,False
963,high_recall,untested,0.6758875,0.082670696,99.57206,gds-sw,19891,178606,53.08030387537434,-27.888430442897004,169907,1,28.02849114122377,14.545118028356564,0.1089717029978536,7.277407169342041,False,0,True,,,0,0,0,0,,,,,False,False,False,False,False,False,False,False,False,False,5.691024,4.5419474,4.6167727,4.8224425,5.0521016,4.9526978,4.1045237,0.46135476,2.7304287,2.6933892,2.6791813,2.7474432,2.903561,3.3715823,1.1490762,-0.07482501,-0.2056699,-0.22965904,0.09940366,0.8481741,-0.2804949,-0.13025539,0.9475777,-0.5128354,-5.2397895,-4.7269545,-0.96268624,0.14466271,6.0,6.0,,0.4099322552014741,2.035342995660238,0.758283250308997,1.543366502242896,1.849776983117161,True,,gds-sw-grizli-v7.0-f444w-clear_drc_sci.fits,0.0399999999999996,False,False,False
964,high_recall,untested,0.6758492,0.04432345,99.57163,primer-uds-north,30605,11532,34.22978153779569,-5.162289071182787,10903,1,27.7674487859165,14.160553999310311,0.1189577629266474,2.3071751594543457,False,0,False,,,0,0,0,0,,,,,False,False,False,False,False,False,False,False,False,False,4.816333,4.884383,3.883897,4.8182883,4.136716,3.7426257,3.852446,2.3648827,2.0938766,3.2638354,1.4044734,3.216221,3.689845,3.3448517,-0.068050176,1.0004861,-0.9343911,0.6815724,0.3940901,-0.10982036,0.066095,1.0756625,0.28426972,-4.007404,-1.3355863,2.6718175,-0.9246072,0.18274176,7.0,6.0,,0.5241907183653796,1.8432635269560875,1.0534373652249638,1.9417626732518949,2.0096452079692884,True,,primer-uds-north-grizli-v7.2-f444w-clear_drc_sci.fits,0.0399999999999996,True,False,False
965,high_recall,untested,0.6752702,0.07830932,99.5712,ceers-full,26302,597405,214.9487360997988,52.856467846724776,559106,1,27.17354357298877,17.039967606477635,0.1058680221883368,6.3344550132751465,False,0,True,,,0,0,0,0,,,,,False,False,False,False,False,False,False,False,False,False,4.2837358,3.6308386,3.7038338,3.6080914,3.4481163,2.649495,3.2684503,2.219809,3.4661117,2.8417299,3.1666286,3.5070333,4.4161673,3.5295687,0.65289724,-0.07299506,0.09574234,0.15997498,0.7986214,-0.6189554,0.022747278,0.9585964,0.17966606,-0.55695444,-1.1105307,-0.5535763,-0.9752352,0.123306476,7.0,7.0,,0.4232147407054071,2.077570287148158,1.9057497692542893,3.9593290953421696,4.5030325883210445,True,,ceers-full-grizli-v7.4-f444w-clear_drc_sci.fits,0.0399999999999993,False,False,False
966,high_recall,untested,0.6752224,0.05594126,99.570984,primer-uds-north,34141,101272,34.41116679540113,-5.15741072282598,96776,1,26.464811130974667,11.56995415588938,0.2009007044292534,6.485226154327393,False,0,False,,,0,0,0,0,,,,,False,False,False,False,False,False,False,False,False,False,4.3648453,4.5825787,3.6228297,3.781407,3.1477249,2.3117075,2.5634236,1.1590998,1.0543966,2.0658371,2.063558,2.9779742,3.78467,3.1434212,-0.21773316,0.95974886,-0.15857726,0.63368225,0.8360174,-0.25171623,0.8011716,1.4696996,0.5843012,-1.5558641,-2.5610247,-1.0051607,-0.69701856,0.4103304,7.0,5.0,,0.4507708947375191,1.912150542979296,2.5553993730830395,4.886308298769687,5.668953792083297,True,,primer-uds-north-grizli-v7.2-f444w-clear_drc_sci.fits,0.0399999999999996,False,False,False
967,high_recall,untested,0.67515284,0.055085808,99.57077,primer-cosmos-east,63196,440416,150.19443369257004,2.398774894517367,410404,1,27.2798162682294,9.616204288624363,0.1007635107994476,6.579512119293213,False,0,False,,,0,0,0,0,,,,,False,False,False,False,False,False,False,False,False,False,4.8929543,3.359065,3.9170868,4.3582225,3.4528573,2.9052076,3.373631,0.9877354,2.5181289,2.2058027,1.919661,3.155613,3.5881338,2.9592896,1.5338894,-0.55802184,-0.44113567,0.9053653,0.54764974,-0.46842346,-0.9991575,1.453015,0.07922628,2.8846264,-1.1481793,-4.032806,-0.9966967,0.112323694,7.0,6.0,,0.489675406496298,1.917301617671207,2.064582459065073,3.958427288581064,4.216226569019414,True,,primer-cosmos-east-grizli-v7.4-f444w-clear_drc_sci.fits,0.0399999999999996,False,False,False
968,high_recall,untested,0.6749838,0.054594662,99.57056,primer-cosmos-west,24276,321049,150.0746728325718,2.197109920673721,300370,2,28.20462916999348,13.360354810355211,0.1003301267712233,8.118021965026855,False,0,False,,,0,0,0,0,,,,,False,False,False,False,False,False,False,False,False,False,6.6505094,5.000539,4.461379,5.093765,5.3015285,4.9230485,4.2718763,-1.6575025,1.8680494,3.0295758,2.6072762,2.4568596,3.064802,3.2868366,1.6499704,0.5391598,-0.6323855,-0.20776393,0.37848014,0.6511723,-0.09322571,0.17071623,1.0296525,-1.8926135,-5.547591,-3.6549778,-0.99856865,0.108780324,6.0,6.0,,0.4355669794690553,2.006004489742982,0.771030250409427,1.5466901440489662,1.7701760848567825,True,,primer-cosmos-west-grizli-v7.4-f444w-clear_drc_sci.fits,0.0399999999999996,False,False,False
969,high_recall,untested,0.67481345,0.06255,99.57034,primer-uds-north,44023,47579,34.30581800177947,-5.143975419986563,45421,1,27.600686584488287,19.899299077393444,0.1008655487202546,5.482054710388184,False,0,True,,,0,0,0,0,,,,,False,False,False,False,False,False,False,False,False,False,4.767026,4.2806134,4.2509456,4.4748282,3.7918198,3.414045,3.6895921,2.5405116,2.8431487,2.8659654,1.861458,3.5887504,4.042469,3.6844625,0.48641258,0.029667897,-0.22388265,0.6830086,0.37777466,-0.27554703,-0.19421475,1.0607833,0.10222762,-1.6563982,-0.44774064,1.2086575,-0.9962571,0.11109182,7.0,7.0,,0.4761991195350026,1.9107828509063105,1.5439754531186856,2.9502018180394844,3.242289600674486,True,,primer-uds-north-grizli-v7.2-f444w-clear_drc_sci.fits,0.0399999999999996,False,False,False
970,high_recall,untested,0.67434764,0.037966445,99.569916,gdn,51816,476400,189.135638401206,62.24484673495066,444941,1,28.47948159333564,4.9280178249171565,0.0986651350114166,6.775552749633789,False,1,False,,,0,0,0,0,,,,,False,False,False,False,False,False,False,False,False,False,5.850681,4.7604523,4.83738,5.923617,4.6638646,3.5182703,4.5266314,-0.11690245,2.2947335,1.6949601,0.46726963,2.4626765,3.7635481,2.2982228,1.0902288,-0.076927625,-1.0862372,1.2597522,1.1455945,-1.0083609,-1.1631647,2.4053466,0.13723359,-0.3822983,-2.5771527,-2.1948543,-1.0058362,0.10151268,5.0,4.0,,0.6150691469443185,1.4679567121922092,0.7465279182515676,1.0958706684362656,1.2137300691480628,True,,gdn-grizli-v7.4-f444w-clear_drc_sci.fits,0.0399999999999996,True,True,False
971,high_recall,untested,0.6732319,0.057744227,99.56884,primer-uds-south,37879,100385,34.40940023252804,-5.257487194548783,95928,1,21.56579601235305,884.145314876799,0.1143623752146652,1.2860829830169678,False,0,False,,,0,0,0,0,,,,,False,False,False,False,False,False,False,False,False,False,1.4841399,0.3938857,-0.7113854,-1.2836998,-1.9112961,-2.1656017,-2.3342042,4.1166954,5.1160107,6.2332478,6.8298244,7.372491,7.5448036,7.477769,1.0902542,1.1052711,0.5723143,0.62759644,0.25430545,0.16860253,1.6775855,0.88190186,0.42290798,-7.166698,-2.115157,5.0515413,-0.94171685,0.16898146,7.0,7.0,,0.5010179457427989,1.7911576665531648,359.0973532677991,643.1999773445685,716.735510811711,True,,primer-uds-south-grizli-v7.2-f444w-clear_drc_sci.fits,0.0399999999999996,True,False,False
972,high_recall,untested,0.672893,0.054126818,99.56863,primer-uds-south,4742,131346,34.476429235372905,-5.314523546533085,125650,1,26.44995752793592,6.579775111320518,0.0902127141855534,4.859127998352051,False,1,False,,,0,0,0,0,,,,,False,False,False,False,False,False,False,False,False,False,4.3339434,4.44632,3.7666137,3.3927414,2.5824873,2.4158185,2.5486073,1.3058141,1.2093036,1.9735811,2.5300689,2.3420863,0.35318652,2.5828729,-0.112376474,0.67970634,0.37387237,0.81025404,0.16666892,-0.13278897,1.0535787,0.9769229,0.033879943,-3.1392615,-0.16843365,2.9708278,-1.0447322,0.06596605,6.0,4.0,,,,,,,False,aperture d020 covers a NaN or non-finite pixel,primer-uds-south-grizli-v7.2-f444w-clear_drc_sci.fits,0.0399999999999996,False,False,False
973,high_recall,untested,0.67259276,0.05279032,99.5682,primer-cosmos-west,66312,351869,150.09808031034947,2.300316695454465,327571,1,26.061968546427707,3.456871395557235,0.0,0.9763854146003724,True,17,False,,,0,0,0,0,,,,,False,False,False,False,False,False,False,False,False,False,8.316037,3.5540109,9.802742,9.0303755,9.571807,9.71226,2.1613073,-0.59927595,0.6447032,-1.9447961,-1.2256447,-1.244352,-1.3256265,1.9538041,4.762026,-6.2487316,0.7723665,-0.54143095,-0.14045319,7.550953,-5.476365,-0.6818841,7.4104996,5.044459,-43.45167,-48.496128,-2.39794,-1.290591,1.0,1.0,,0.3166099034917966,2.443605234017657,0.4724916819322544,1.1545831469994632,1.4923465018664417,True,,primer-cosmos-west-grizli-v7.4-f444w-clear_drc_sci.fits,0.0399999999999996,False,False,False
974,high_recall,untested,0.6724807,0.055073112,99.567986,primer-uds-north,41469,8763,34.22351535129624,-5.147490655962133,8279,1,27.421114546454582,7.226081886333183,0.0869364373629887,6.135306358337402,False,0,False,,,0,0,0,0,,,,,False,False,False,False,False,False,False,False,False,False,4.126248,3.496809,3.8133512,4.1161637,3.7442741,3.0018697,3.5131106,1.824988,2.4339035,2.3375854,2.2407186,2.8459918,3.5742404,2.675598,0.6294391,-0.31654218,-0.30281278,0.3718897,0.7424045,-0.5112409,-0.61935496,1.1142943,0.23116364,1.0936238,-2.1692696,-3.2628934,-1.0607982,0.046550807,7.0,7.0,,0.7190314950342986,1.4767043251391776,2.559605101870764,3.779779924580862,3.559795529886584,True,,primer-uds-north-grizli-v7.2-f444w-clear_drc_sci.fits,0.0399999999999996,False,True,False
975,high_recall,untested,0.6724077,0.066482686,99.56756,ceers-full,60084,550123,214.70387534549687,52.754912765188045,514282,2,26.9865259926452,14.794742742624369,0.1370251156374818,7.039856433868408,False,0,True,,,0,0,0,0,,,,,False,False,False,False,False,False,False,False,False,False,4.6420245,3.9290078,3.590423,4.160588,3.8033578,3.4544537,3.0829096,2.0381687,2.814338,2.9642255,2.6335027,3.2628388,3.5824163,3.3885593,0.713017,0.3385846,-0.5701647,0.35722986,0.34890428,0.37154397,-0.23158005,0.70613414,0.72044826,-0.8270883,-3.600906,-2.7738175,-0.86319983,0.23534186,7.0,7.0,,0.3052435126359121,2.7284064898424467,1.6639567973355858,4.539950524667865,5.451243772444453,True,,ceers-full-grizli-v7.4-f444w-clear_drc_sci.fits,0.0399999999999993,False,False,False
976,high_recall,untested,0.6720739,0.062273204,99.567345,primer-uds-north,74199,40472,34.29406808175598,-5.101255031619727,38646,1,27.98001149225393,15.578182596855612,0.1006478099430843,2.4839441776275635,False,0,True,,,0,0,0,0,,,,,False,False,False,False,False,False,False,False,False,False,4.913269,5.836263,4.192252,5.026561,4.0932093,3.8523083,4.0580316,2.3146281,0.55901724,3.0416493,1.1114899,3.6030142,3.696797,3.440047,-0.92299414,1.6440107,-0.8343086,0.9333515,0.2409012,-0.20572312,0.80970204,1.1742527,0.035178084,-3.2659535,-0.36548564,2.9004679,-0.99719566,0.110153295,6.0,5.0,,0.4859225275927116,1.8144792368732907,1.064063654275626,1.930721407394643,2.189780456458891,True,,primer-uds-north-grizli-v7.2-f444w-clear_drc_sci.fits,0.0399999999999996,False,False,False
977,high_recall,untested,0.6718254,0.06580673,99.56713,primer-cosmos-east,54367,413837,150.15760116294604,2.3671513379558684,384981,1,27.316200828708297,17.598013547023594,0.120325329050027,7.161294460296631,False,0,True,,,0,0,0,0,,,,,False,False,False,False,False,False,False,False,False,False,5.252996,4.132505,4.043731,4.30829,4.1942625,4.0605087,3.4095907,0.93189603,2.4556813,2.6977086,2.941061,3.0969102,3.2320852,3.5617394,1.1204908,0.08877372,-0.26455885,0.11402752,0.13375403,0.6509178,-0.17578512,0.24778154,0.78467184,0.14201239,-4.2320595,-4.3740716,-0.9196429,0.18937746,7.0,6.0,,0.3928464344180629,2.249379024728056,1.5075662502790856,3.391087901765702,3.837545967579662,True,,primer-cosmos-east-grizli-v7.4-f444w-clear_drc_sci.fits,0.0399999999999996,False,False,False
978,high_recall,untested,0.67148983,0.06461349,99.566696,ceers-full,10525,628864,215.1338903156065,52.95959910289487,588899,1,27.140341807254465,10.817513404668444,0.1206080019777017,7.355777263641357,False,0,True,,,0,0,0,0,,,,,False,False,False,False,False,False,False,False,False,False,5.129485,4.26254,3.978942,4.0905747,4.0427504,4.067685,3.2355487,1.2594384,2.6231022,2.5505695,2.6498072,2.878438,3.0588396,3.0764432,0.86694527,0.28359798,-0.11163289,0.04782455,-0.02493493,0.8321364,0.17196509,0.02288962,0.8072015,-1.50584,-4.2286625,-2.7228224,-0.91862386,0.1799178,7.0,6.0,,0.4832552533213739,1.841288304477024,1.766453495134727,3.2525501609941347,3.6553218676755934,True,,ceers-full-grizli-v7.4-f444w-clear_drc_sci.fits,0.0399999999999993,False,False,False
979,high_recall,untested,0.67095894,0.044855136,99.56627,primer-cosmos-west,47877,332121,150.08315718440338,2.2575683370681365,310148,2,23.86897122210432,2.693308308093332,0.0,1.1601654291152954,True,20,False,,,0,0,0,0,,,,,False,False,False,False,False,False,False,False,False,False,0.89325887,11.302514,-0.32453918,11.068539,12.235004,11.567844,-0.03104043,0.54092175,-0.81007123,2.0136917,-0.9050579,-1.4500409,-0.91478425,1.7167252,-10.409255,11.627053,-11.393078,-1.1664655,0.66715956,11.598886,0.23397502,-0.49930593,12.266045,8.775473,-62.381397,-71.15687,-2.39794,-1.290591,2.0,1.0,,0.7571806621602062,1.4483464951316698,0.3854086841894807,0.5582053169391431,0.5090049224050772,True,,primer-cosmos-west-grizli-v7.4-f444w-clear_drc_sci.fits,0.0399999999999996,False,True,False
980,high_recall,untested,0.67084914,0.06703814,99.566055,primer-cosmos-west,102863,361653,150.10596416434186,2.4361848930883925,336275,1,22.32615044852309,422.6450677535945,0.1143017404824044,2.953230619430542,False,0,True,,,0,0,0,0,,,,,False,False,False,False,False,False,False,False,False,False,0.34032968,0.031728677,-0.37430236,-0.8386871,-1.2038437,-1.2663252,-1.5738503,4.861936,5.510042,5.813601,6.4925117,6.5760965,6.684613,6.7396812,0.30860102,0.40603104,0.4643848,0.3651566,0.06248155,0.30752495,0.8704158,0.42763814,0.3700065,-3.5311964,-1.8157939,1.7154024,-0.94194716,0.16540182,7.0,7.0,,0.5150426681043747,1.7479986220152752,175.9327332671776,307.53017531840743,341.58865694506767,True,,primer-cosmos-west-grizli-v7.4-f444w-clear_drc_sci.fits,0.0399999999999996,True,False,False
981,high_recall,untested,0.67070967,0.03749694,99.56563,gdn,30953,516873,189.2857948467267,62.206502338826,482980,1,27.371999118964588,15.949388757872894,0.2056623637358729,5.866145133972168,True,12,False,,,0,0,0,0,,,,,False,False,False,False,False,False,False,False,False,False,1.353821,6.799281,5.7821507,1.5597948,6.5415807,7.006423,3.4646807,5.3061376,-1.4515527,0.43912816,5.1668105,-0.10374637,-0.82562053,3.463549,-5.4454603,1.0171305,4.222356,-4.981786,-0.46484244,3.5417423,5.239486,-5.446628,3.0769,0.5966833,-20.167315,-20.763998,-0.6868452,0.4205038,3.0,3.0,,0.2123826559196117,3.3123970730566787,0.5699017990060647,1.8877410509574248,2.6833725971567866,True,,gdn-grizli-v7.4-f444w-clear_drc_sci.fits,0.0399999999999996,False,False,False
982,high_recall,untested,0.67027605,0.048916087,99.5652,primer-uds-south,63624,106722,34.422447873517754,-5.214344770323454,102011,1,25.093787624773963,25.32443350150552,0.220133164682427,3.941688060760498,True,4,False,,,0,0,0,0,,,,,False,False,False,False,False,False,False,False,False,False,2.9389853,7.8123336,3.491885,2.4868877,1.7627748,1.3587661,1.1936764,1.7456334,-0.79297876,1.4176385,2.5913963,3.7945766,4.244272,3.9253066,-4.873348,4.3204484,1.0049971,0.72411287,0.40400878,0.16508968,5.3254457,1.1281216,0.5690985,-2.509155,-2.803814,-0.29465905,-0.65731454,0.45338377,6.0,4.0,,0.3268410882108793,2.449348093019024,6.25821269480693,15.3285413297328,19.14757024297111,True,,primer-uds-south-grizli-v7.2-f444w-clear_drc_sci.fits,0.0399999999999996,False,False,False
983,high_recall,secure low-z,0.6702629,0.05845434,99.56499,gds-sw,47131,216826,53.1443008364074,-27.84552727967753,205378,1,23.231752044501192,461.29508257385015,0.1077184720173855,2.933863878250122,False,0,False,,,2,0,2,0,3.0,2.8766887,G140M;G235M,gds-rieke-v4_g140m-f100lp_1207_188098.spec.fits;gds-rieke-v4_g235m-f170lp_1207_188098.spec.fits,False,False,False,False,False,False,False,False,False,False,2.97318,2.3954327,1.2768126,0.30623007,-0.16230226,-0.43953156,-0.6682516,3.5768378,4.252688,5.2496552,6.1339803,6.5836406,6.765479,6.827186,0.5777475,1.11862,0.97058254,0.46853232,0.2772293,0.22872,2.0892026,0.74576163,0.5059493,-8.203197,-2.5246139,5.6785827,-0.96770984,0.13963915,7.0,7.0,,0.5360844592807016,1.6943617683412475,81.7293149749635,138.47902664629797,152.45604225241837,True,,gds-sw-grizli-v7.0-f444w-clear_drc_sci.fits,0.0399999999999996,True,True,False
984,high_recall,untested,0.67021567,0.045564145,99.564766,primer-cosmos-east,46520,400534,150.14335189490575,2.3386302014003,372377,1,23.45136193164565,301.63935310115886,0.1412553829283063,3.0918517112731934,False,0,False,,,0,0,0,0,,,,,False,False,False,False,False,False,False,False,False,False,2.7327712,2.6913726,1.7434615,0.7853425,-0.00123083,-0.25955638,-0.44864348,3.2635715,3.589482,4.570919,5.722276,6.199859,6.3768463,6.402382,0.04139861,0.94791114,0.958119,0.78657335,0.25832558,0.18908708,1.9060302,1.0448989,0.44741264,-7.22718,-2.235387,4.9917927,-0.849995,0.2590254,7.0,7.0,,0.457161108555862,1.9108619997979504,51.079105895715166,97.60512243977756,111.73108328718132,True,,primer-cosmos-east-grizli-v7.4-f444w-clear_drc_sci.fits,0.0399999999999996,False,False,False
985,high_recall,untested,0.669952,0.04665437,99.56455,primer-uds-south,20407,90245,34.388788455644075,-5.286142719606507,86174,1,27.331239164997346,6.943622563614995,0.0348257143735578,17.813058853149414,False,2,False,,,0,0,0,0,,,,,False,False,False,False,False,False,False,False,False,False,6.6007376,7.4075117,5.96418,5.87531,3.2774956,3.4568,3.4244452,-0.9588322,-1.4207731,0.07158208,0.39044124,3.2187855,3.1125865,2.6361163,-0.8067741,1.4433318,0.08886985,2.5978143,-0.17930427,0.032354873,1.5322016,2.4185102,-0.1469494,-3.2673938,0.99546957,4.262863,-1.4581,-0.34740168,3.0,3.0,,0.8520662959295061,1.1043223747223316,3.830404612203973,4.230001517496463,4.495430262296014,True,,primer-uds-south-grizli-v7.2-f444w-clear_drc_sci.fits,0.0399999999999996,False,True,False
986,high_recall,untested,0.6698038,0.03832327,99.56434,gds,9562,194864,53.10689651221861,-27.859417698294347,184969,1,23.37556490058109,328.2007565245939,0.305495341684683,3.984375953674317,False,0,False,,,0,0,0,0,,,,,False,False,False,False,False,False,False,False,False,False,1.8276017,1.762039,1.4913756,0.855207,0.35879922,-0.17624953,-0.5244398,4.919543,5.0515804,5.2693915,5.7052317,6.0577536,6.337146,6.486775,0.0655627,0.2706634,0.6361686,0.49640778,0.5350488,0.34819025,0.906832,1.0314566,0.88323903,-3.088669,-4.418339,-1.3296697,-0.5149954,0.5923536,7.0,7.0,,0.2405790920498521,3.0701581828469418,14.953031211586094,45.908171132616765,62.1543255657793,True,,gds-grizli-v7.2-f444w-clear_drc_sci.fits,0.0399999999999996,False,False,False
987,high_recall,untested,0.66976607,0.050353948,99.564125,ceers-full,47320,575083,214.86665843805827,52.84358477909438,537981,1,22.757210537612988,511.60653792865793,0.1135385365057083,1.3658201694488523,False,0,False,,,0,0,0,0,,,,,False,False,False,False,False,False,False,False,False,False,1.3042394,0.5096374,-0.11448819,-0.41769776,-0.88582194,-1.0581081,-1.1427909,5.1307936,5.9049845,6.2531123,6.5758133,6.9446664,7.053312,6.930704,0.7946019,0.6241256,0.30320957,0.46812418,0.17228617,0.08468285,0.9273352,0.64041036,0.25696903,-4.82633,-1.289081,3.5372493,-0.9448567,0.15368497,7.0,7.0,,0.493889385788583,1.8052466379908385,119.79098267365636,216.2522687332369,242.54617758668485,True,,ceers-full-grizli-v7.4-f444w-clear_drc_sci.fits,0.0399999999999993,False,False,False
988,high_recall,untested,0.669447,0.07706292,99.5637,ceers-full,17794,560314,214.80095805201373,52.73422597614419,523951,2,27.159373376941577,11.954509844990776,0.1108799738472093,4.951690673828125,False,0,True,,,0,0,0,0,,,,,False,False,False,False,False,False,False,False,False,False,3.9598248,4.07604,3.8306546,4.2258387,3.4476287,3.3474498,3.2544105,2.6598613,2.635558,2.7167323,2.5146422,3.4332268,3.6187391,3.1760006,-0.116215,0.24538524,-0.39518395,0.77820975,0.10017893,0.09303932,-0.1497987,0.8783887,0.19321825,0.38803297,-0.9593045,-1.3473375,-0.9551469,0.1433948,7.0,7.0,,0.4393296271474181,2.0162085218986974,1.8718891050719744,3.774118765695441,4.260785044765163,True,,ceers-full-grizli-v7.4-f444w-clear_drc_sci.fits,0.0399999999999993,False,False,False
989,high_recall,untested,0.66929084,0.04763611,99.563484,primer-cosmos-east,80740,394678,150.13748339631832,2.4716760913489817,366831,1,26.953118174983093,10.058713145214632,0.1620666262591074,7.147055625915527,False,0,False,,,0,0,0,0,,,,,False,False,False,False,False,False,False,False,False,False,4.829272,4.2807984,4.6962404,4.114792,3.870025,3.6743314,3.0497167,0.8968312,1.6443365,1.2658385,2.3123302,2.5537798,2.9012735,3.004048,0.5484736,-0.41544214,0.5814488,0.24476674,0.19569348,0.6246148,0.16600667,0.44046023,0.82030827,-1.4163002,-4.446917,-3.030617,-0.7903064,0.318714,7.0,4.0,,0.3293624250384441,2.5637114577233606,1.4636098740465833,3.7522734037302703,4.44376699581243,True,,primer-cosmos-east-grizli-v7.4-f444w-clear_drc_sci.fits,0.0399999999999996,False,False,False
990,high_recall,untested,0.669049,0.051425032,99.56327,primer-cosmos-west,59369,367448,150.11109765123965,2.2856169556840897,341468,1,23.97017322472057,4.385561687543358,0.0392836259488621,1.2373720407485962,True,18,False,perger25,1.605636700966269,0,0,0,0,,,,,False,False,False,False,False,False,False,False,False,False,1.2527735,-0.13838519,2.3237994,10.114138,11.368184,11.905578,0.07015918,0.7510008,1.8344042,0.5264891,-0.7105055,-1.2307575,-1.6607604,2.184217,1.3911587,-2.4621844,-7.7903385,-1.2540466,-0.5373933,11.835419,-10.252523,-1.7914399,11.298025,30.690716,-76.874504,-107.565216,-1.4057884,-0.29843947,2.0,2.0,,0.4424904344357567,2.520413518141182,0.3010418604791143,0.7587499746779314,0.6803352955256285,True,,primer-cosmos-west-grizli-v7.4-f444w-clear_drc_sci.fits,0.0399999999999996,False,False,False
991,high_recall,untested,0.668976,0.0555331,99.56306,primer-uds-north,59385,96558,34.401657499674336,-5.1224053390006,92258,1,23.381988623574102,257.8304757769078,0.0879182142906286,1.5247139930725098,False,1,False,,,0,0,0,0,,,,,False,False,False,False,False,False,False,False,False,False,-0.21143077,-0.95223194,-0.48764873,0.022221405,-0.12133776,-0.17379834,-0.5180161,5.817201,6.4147606,6.1834536,5.924237,6.1665735,6.285584,6.2454534,0.74080116,-0.46458322,-0.5098701,0.14355916,0.052460577,0.3442178,-0.97445333,0.19601974,0.39667836,1.0855204,-1.9435282,-3.0290487,-1.0559212,0.051427826,7.0,7.0,,0.5690887319735219,1.626530760642397,85.51159422650335,139.08723840097852,150.2605646925407,True,,primer-uds-north-grizli-v7.2-f444w-clear_drc_sci.fits,0.0399999999999996,True,True,False
992,high_recall,untested,0.66857326,0.05483414,99.56262,primer-uds-north,36616,140076,34.493998595595706,-5.153981603495432,134036,1,27.44504295983161,9.96063016204097,0.0891745376572122,6.850568771362305,False,0,False,,,0,0,0,0,,,,,False,False,False,False,False,False,False,False,False,False,4.727744,3.516912,3.4387143,3.9345708,4.0873175,3.4091258,3.5366824,1.4487545,2.638109,2.9212997,2.6604147,2.8158824,3.476381,2.9942977,1.2108319,0.07819767,-0.49585629,-0.15274656,0.6781914,-0.12755665,-0.41765863,0.52544487,0.5506348,0.53608924,-2.5008998,-3.036989,-1.0497591,0.057589833,7.0,6.0,,0.4777648755195741,1.8919987720456013,1.8203975488949136,3.444189927143999,3.810237299079831,True,,primer-uds-north-grizli-v7.2-f444w-clear_drc_sci.fits,0.0399999999999996,False,False,False
993,high_recall,untested,0.668271,0.05835262,99.562195,ceers-full,65734,582725,214.8945488298108,52.90470454209569,545220,1,22.760651916610826,592.6325343096667,0.107233265895153,1.9147531986236568,False,0,False,,,0,0,0,0,,,,,False,False,False,False,False,False,False,False,False,False,2.937968,1.1239684,0.15459177,-0.3920353,-0.7925359,-0.99933165,-1.1393496,3.5878797,5.4657774,6.17951,6.651764,6.9572396,7.081658,7.0777225,1.8139997,0.9693766,0.54662704,0.4005006,0.20679572,0.14001796,1.5160037,0.60729635,0.34681368,-6.6409564,-1.7341936,4.906763,-0.9696705,0.12887122,7.0,7.0,,0.5036798236608822,1.7866599865173898,124.43987898036688,222.33175250128792,247.0614726551958,True,,ceers-full-grizli-v7.4-f444w-clear_drc_sci.fits,0.0399999999999993,True,False,False
994,high_recall,untested,0.6682363,0.04813901,99.56198,primer-cosmos-west,106650,374821,150.11769681247904,2.453335469805755,348138,1,27.575167154146364,15.146267002278211,0.2300235730670929,2.281569719314575,True,10,False,,,0,0,0,0,,,,,False,False,False,False,False,False,False,False,False,False,6.018644,5.241597,1.5957608,4.1033206,7.434112,6.6327205,3.6645749,-0.17908187,0.6808609,4.9914947,2.1325197,-0.9801201,-0.074139275,3.4119892,0.7770469,3.645836,-2.5075598,-3.3307915,0.8013915,2.9681458,1.1382763,-2.5293999,3.7695372,12.429577,-20.296741,-32.72632,-0.63822764,0.4691213,3.0,3.0,,0.2053259162393509,3.203223335044814,0.4489717246101107,1.4381567050464206,2.186629592762848,True,,primer-cosmos-west-grizli-v7.4-f444w-clear_drc_sci.fits,0.0399999999999996,False,False,False
995,high_recall,untested,0.6680032,0.05973235,99.56177,primer-cosmos-west,41885,319244,150.07330304734575,2.2462208446488074,298787,1,28.49264740930284,9.985397037469063,0.0966468899893051,1.0200484991073608,False,1,False,,,0,0,0,0,,,,,False,False,False,False,False,False,False,False,False,False,5.751652,6.110437,6.184557,6.097189,5.692721,5.8424897,4.53859,0.15212105,-0.2638024,-0.7582247,0.38533,2.0211904,2.0843174,2.996769,-0.35878494,-0.07412039,0.087368056,0.40446842,-0.14976926,1.3038999,0.013247668,0.25469914,1.1541306,0.58038956,-6.868658,-7.4490476,-1.0148121,0.09253685,3.0,3.0,,0.3488875842180649,2.3391847638606715,0.6272159317482472,1.4671739511961748,1.7977593933414924,True,,primer-cosmos-west-grizli-v7.4-f444w-clear_drc_sci.fits,0.0399999999999996,False,False,False
996,high_recall,untested,0.66761935,0.054489143,99.56134,primer-cosmos-east,3802,397049,150.1398391913432,2.1626021285430514,368985,2,27.36788633646657,12.474451452913195,0.0942804423884325,3.490217447280884,False,0,False,,,0,0,0,0,,,,,False,False,False,False,False,False,False,False,False,False,5.2794247,5.0121126,4.827057,4.2626057,3.6793656,3.807638,3.4606225,0.3845959,1.2440126,1.5544599,2.1935523,3.142011,3.0108335,3.2184327,0.2673121,0.18505564,0.5644513,0.58324,-0.12827235,0.34701553,0.7495069,0.45496765,0.21874316,-3.3678699,-1.09918,2.2686899,-1.0255784,0.08344202,6.0,4.0,,0.5587411528986265,1.6159135177967197,2.1613787231336987,3.4926010957899574,3.868300575178578,True,,primer-cosmos-east-grizli-v7.4-f444w-clear_drc_sci.fits,0.0399999999999996,True,True,False
997,high_recall,untested,0.66640395,0.04014553,99.56091,primer-cosmos-west,111596,389667,150.13239022672389,2.479654815197879,362080,1,27.39046959923976,22.718798196084084,0.1602673148022853,8.883500099182129,False,0,False,,,0,0,0,0,,,,,False,False,False,False,False,False,False,False,False,False,5.249733,6.736142,3.223156,4.025567,4.49026,4.1999216,3.4829004,0.5285748,-0.69980526,3.9070766,2.2445269,2.1449053,2.431736,3.816824,-1.4864091,3.5129862,-0.80241114,-0.46469274,0.29033828,0.7170213,2.7105749,-0.17435445,1.0073595,2.0965197,-5.698562,-7.795082,-0.79515505,0.31219393,5.0,5.0,,0.3584027774732869,2.183023428735132,1.1698059355956614,2.55371376447875,3.2639421598312004,True,,primer-cosmos-west-grizli-v7.4-f444w-clear_drc_sci.fits,0.0399999999999996,False,False,False
998,high_recall,untested,0.6662355,0.033071432,99.56069,ceers-full,15811,623742,215.07225201948492,52.92533640126352,584012,1,23.821316336335645,89.84851059405956,0.4351522617531871,3.4799842834472656,False,0,False,,,0,0,0,0,,,,,False,False,False,False,False,False,False,False,False,False,5.3052626,3.772698,2.7584991,1.8989114,0.769972,0.44477132,-0.078694336,0.47177643,2.1231349,2.7477744,3.7070315,4.946863,5.370625,5.1913033,1.5325645,1.0141989,0.85958767,1.1289394,0.3252007,0.52346563,1.8737866,1.4541401,0.84866637,-7.7033057,-4.340254,3.3630514,-0.36135876,0.7371829,6.0,6.0,,0.2865583906617918,2.747965006063008,9.499408624248783,26.104042477728804,33.149992929226016,True,,ceers-full-grizli-v7.4-f444w-clear_drc_sci.fits,0.0399999999999993,False,False,False
999,high_recall,untested,0.6659928,0.04594207,99.56048,primer-uds-north,70537,125434,34.463719123996846,-5.106547899361696,119981,1,23.51019275127096,173.55549576446282,0.1768412634457279,2.531170129776001,False,0,False,,,0,0,0,0,,,,,False,False,False,False,False,False,False,False,False,False,7.2740793,5.292657,2.260248,1.5011864,0.6512654,0.044706672,-0.38981327,-1.3306763,0.52765536,3.3751523,4.258155,5.238734,5.8186245,5.849653,1.9814225,3.0324087,0.75906163,0.849921,0.60655874,0.43451995,3.7914703,1.4564797,1.0410787,-7.833382,-5.1769466,2.6564353,-0.7524164,0.35493258,5.0,5.0,,0.4038034510694991,2.127054111597852,38.378005075977526,81.63209349178122,95.0413003512747,True,,primer-uds-north-grizli-v7.2-f444w-clear_drc_sci.fits,0.0399999999999996,False,False,False
1000,high_recall,untested,0.66575676,0.06406772,99.56005,primer-uds-north,76002,2775,34.206455517856384,-5.098588145880954,2619,1,27.9791467778122,13.816894523381784,0.1170528685758093,10.693613052368164,False,1,True,,,2,0,0,0,,,G395M;PRISM,rubies-uds21-v4_g395m-f290lp_4233_176002.spec.fits;rubies-uds21-v4_prism-clear_4233_176002.spec.fits,False,False,False,False,False,False,False,False,False,False,5.7988153,7.1252537,5.91614,5.20395,4.852032,4.866214,4.0572004,0.052989714,-1.9588376,0.24790351,0.7041347,2.5818825,2.4030924,3.3203464,-1.3264384,1.2091136,0.7121898,0.3519177,-0.014181413,0.8090132,1.9213034,0.3377363,0.79483175,1.6790892,-4.374715,-6.053804,-0.9316179,0.17573103,3.0,3.0,,0.425900126534453,1.9365339647077349,0.8952456738458578,1.7336736541601667,2.102008471165451,True,,primer-uds-north-grizli-v7.2-f444w-clear_drc_sci.fits,0.0399999999999996,False,False,False
1001,high_recall,untested,0.6650735,0.04946287,99.55962,primer-cosmos-east,72894,374947,150.11780280964035,2.437897950243076,348250,1,27.627776810937817,21.21449115696868,0.1159558849340424,6.65604305267334,False,0,False,,,0,0,0,0,,,,,False,False,False,False,False,False,False,False,False,False,5.700064,4.2414036,3.8834648,4.3096557,4.2796407,3.3169155,3.7161236,0.094072394,1.9647574,3.397376,2.2782898,2.526291,3.59483,3.7483866,1.4586608,0.35793883,-0.4261908,0.030014709,0.96272534,-0.3992082,-0.06825197,0.99274004,0.56351715,0.5966873,0.97408986,0.37740248,-0.9357072,0.1733132,6.0,6.0,,0.4307782528667759,2.064584636969239,1.2909021693228786,2.665176786614279,2.9966744159717544,True,,primer-cosmos-east-grizli-v7.4-f444w-clear_drc_sci.fits,0.0399999999999996,False,False,False
1002,high_recall,untested,0.6650301,0.046858817,99.55941,primer-cosmos-west,66218,381603,150.1243476485742,2.299981263046522,354452,1,26.642669351476293,22.24048831935581,0.1211651131261961,6.0783371925354,False,0,False,,,0,0,0,0,,,,,False,False,False,False,False,False,False,False,False,False,4.174605,4.012949,3.6619864,3.3948216,3.00615,2.623673,2.7407453,1.9671024,2.1953955,2.7218688,3.110932,3.8824995,4.2517257,3.7955666,0.16165619,0.35096252,0.26716474,0.38867155,0.38247707,-0.11707235,0.6181273,0.7711486,0.2654047,-2.3672879,-1.5166712,0.8506166,-0.9166224,0.19072656,7.0,7.0,,0.4475655151990195,1.9789659264772863,3.0704351170605486,6.0762864761221245,6.860303157394096,True,,primer-cosmos-west-grizli-v7.4-f444w-clear_drc_sci.fits,0.0399999999999996,False,False,False
1003,high_recall,untested,0.66488683,0.053384088,99.5592,primer-cosmos-east,33914,375091,150.11792390332008,2.2960207350310102,348376,1,26.07737814481185,3.824634097536543,0.0,1.1928529739379885,True,17,False,,,0,0,0,0,,,,,False,False,False,False,False,False,False,False,False,False,9.084501,3.401843,4.6467266,3.6407404,9.290498,10.037699,2.1766977,-1.2094582,0.75891215,0.37091967,1.0800009,-1.1586578,-1.7598969,2.0512786,5.6826577,-1.2448834,1.0059859,-5.6497574,-0.7472007,7.861001,-0.23889747,-6.3969584,7.1138,-15.063104,-52.381447,-37.31834,-2.39794,-1.2889196,2.0,1.0,,0.6438596461792451,1.525993820725849,0.5276987179043451,0.8052649827269835,0.8195865683395201,True,,primer-cosmos-east-grizli-v7.4-f444w-clear_drc_sci.fits,0.0399999999999996,True,True,False
1004,high_recall,untested,0.66458786,0.046257075,99.55898,ceers-full,3832,629438,215.1409081620685,52.95129329058899,589444,1,26.321820977903787,20.182950839996707,0.1589770838509218,7.925899028778076,False,0,False,,,0,0,0,0,,,,,False,False,False,False,False,False,False,False,False,False,6.1032825,3.4227452,3.127419,3.0925677,3.2375033,3.0762491,2.4207542,-0.5516928,3.2776363,3.1927533,3.4392898,3.5018244,3.8276715,3.6985986,2.6805372,0.2953262,0.03485136,-0.14493565,0.16125424,0.65549475,0.33017758,0.016318593,0.81674904,-1.8194458,-4.2276306,-2.408185,-0.79866546,0.2998762,6.0,6.0,,0.4001772284757294,2.1502072074272247,3.17553281826638,6.828053553258057,7.9353161357080415,True,,ceers-full-grizli-v7.4-f444w-clear_drc_sci.fits,0.0399999999999993,False,False,False
1005,high_recall,untested,0.6644981,0.052860335,99.55877,primer-cosmos-east,57809,431244,150.18014485026856,2.3788540345042657,401557,2,26.98711527896684,11.91632800058282,0.1950576232713086,5.037495136260986,False,0,False,,,1,0,0,0,1.0,,PRISM,capers-cos16-v4_prism-clear_6368_153767.spec.fits,False,False,False,False,False,False,False,False,False,False,6.143636,6.2841425,5.0744596,5.218514,3.7705522,3.3834722,3.0834951,-0.3588301,-0.25472102,1.0450077,1.4491382,2.830238,3.2037425,3.1728127,-0.14050591,1.2096828,-0.14405467,1.447962,0.38707986,0.29997718,1.0656282,1.835042,0.687057,-2.7963517,-3.4015996,-0.6052478,-0.7098371,0.39918333,5.0,3.0,,0.3174787651056355,2.413452888422623,1.1519772034909876,2.78024270916234,3.628517337553859,True,,primer-cosmos-east-grizli-v7.4-f444w-clear_drc_sci.fits,0.0399999999999996,False,False,False
1006,high_recall,untested,0.6642651,0.04827201,99.558334,gdn,62666,543164,189.3733510608249,62.26465555919425,507695,2,28.17422100455149,14.774309190033003,0.1218184027729052,7.134510517120361,False,0,False,,,0,0,0,0,,,,,False,False,False,False,False,False,False,False,False,False,6.329834,4.9775105,5.164618,5.1788406,5.800027,4.7418756,4.243179,-1.4824259,2.521994,2.0910192,1.8779242,1.3913186,3.065374,3.3871803,1.3523235,-0.1871076,-0.014222436,-0.6211864,1.0581511,0.49869695,-0.20133004,0.43696478,1.556848,-2.1184614,-6.1731486,-4.0546875,-0.9142871,0.19306187,6.0,5.0,,0.3943089456507472,2.1531615296440947,0.7461450760388147,1.6065708732601436,1.892285438280928,True,,gdn-grizli-v7.4-f444w-clear_drc_sci.fits,0.0399999999999996,False,False,False
1007,high_recall,untested,0.66420066,0.057039823,99.55812,gdn,43319,511830,189.26958733503065,62.230467843838255,478254,1,27.63293854261113,19.589457156590004,0.1193376794746286,8.336641311645508,False,0,False,,,0,0,0,0,,,,,False,False,False,False,False,False,False,False,False,False,5.6657653,4.975772,4.3149567,4.309339,4.5562296,4.4071813,3.721176,0.711998,2.1878974,2.7467823,3.081898,2.7745519,3.2125316,3.6687896,0.6899934,0.6608148,0.0056180037,-0.2468909,0.14904848,0.6860055,0.66643286,-0.09784243,0.835054,-3.4834192,-4.948333,-1.4649137,-0.9232224,0.18412656,6.0,6.0,,0.4438403578720469,2.092955069423628,1.1692905156859703,2.44727251243392,2.6344844378100944,True,,gdn-grizli-v7.4-f444w-clear_drc_sci.fits,0.0399999999999996,False,False,False
1008,high_recall,untested,0.664145,0.038517263,99.55791,ceers-full,57132,550875,214.72255628830976,52.76314241560416,515006,1,24.9126553949864,84.28302501052167,0.1523214414912931,5.31760835647583,False,0,False,,,0,0,0,0,,,,,False,False,False,False,False,False,False,False,False,False,2.4969242,2.3187246,2.2699292,2.0028632,1.511048,1.3133307,1.0125757,3.8844059,4.2051272,3.8678262,4.52667,5.1613755,5.322041,5.1273627,0.17819972,0.04879539,0.26706603,0.4918152,0.19771732,0.30075487,0.31586143,0.6895325,0.4984722,-1.3953589,-2.4577136,-1.0623548,-0.817239,0.28130272,7.0,7.0,,0.3567533528592502,2.351183264737703,10.89117020138612,25.607137110909008,30.528571390001797,True,,ceers-full-grizli-v7.4-f444w-clear_drc_sci.fits,0.0399999999999993,False,False,False
1009,high_recall,untested,0.6640559,0.06872275,99.55748,primer-cosmos-east,39262,434574,150.18508602987376,2.3125525635091684,404788,1,26.90327539566474,15.427994620680268,0.1108659136754074,6.684154510498047,False,0,True,,,0,0,0,0,,,,,False,False,False,False,False,False,False,False,False,False,5.5604835,3.6034079,3.5493307,3.2841432,3.2275379,2.7952058,3.000171,0.1855398,2.1205552,2.3584754,2.516348,3.4616802,3.708863,3.4303796,1.9570755,0.054077324,0.26518732,0.05660543,0.4323321,-0.20496525,0.31926465,0.48893753,0.22736686,-1.8635844,-1.2694455,0.59413886,-0.955202,0.15381844,6.0,6.0,,0.4764190478440189,1.8718719289219312,2.555874134153591,4.784269045579753,5.364760594102846,True,,primer-cosmos-east-grizli-v7.4-f444w-clear_drc_sci.fits,0.0399999999999996,False,False,False
1010,high_recall,untested,0.66365886,0.061567295,99.55684,gds-sw,18209,161537,53.04771831635727,-27.891140090707104,154081,2,28.9403913253674,12.09492970765417,0.0975719469435405,8.485926628112793,False,1,True,,,0,0,0,0,,,,,False,False,False,False,False,False,False,False,False,False,5.5834723,5.840623,5.4805336,6.1900034,5.87417,5.887883,4.926838,1.5170084,1.3303101,2.4041378,-0.15051407,2.2957292,2.348991,3.187638,-0.2571505,0.3600894,-0.7094699,0.31583336,-0.013713251,0.9610451,-0.34938052,0.3021201,0.94733185,1.0643436,-5.1717763,-6.2361197,-1.0106751,0.096673936,6.0,4.0,,0.5597808915321522,1.5656899007574103,0.3908456675437042,0.6119431144279661,0.6982118779973667,True,,gds-sw-grizli-v7.0-f444w-clear_drc_sci.fits,0.0399999999999996,True,True,False
1011,high_recall,untested,0.663505,0.04496289,99.556625,gds-sw,25436,156126,53.03163952817761,-27.88128430964206,149213,2,22.68013464803791,525.2365318142724,0.2852764605130952,2.3276045322418213,False,0,False,,,0,0,0,0,,,,,False,False,False,False,False,False,False,False,False,False,5.1633554,4.2007675,2.4660292,1.3951374,0.1369925,-0.69036895,-1.2198666,1.8787422,3.169847,4.7058654,5.4968944,6.295281,6.711941,6.956997,0.9625879,1.7347385,1.0708917,1.258145,0.82736146,0.5294977,2.8056302,2.0855064,1.3568592,-9.4511595,-6.788763,2.6623964,-0.54473406,0.5626149,7.0,7.0,,0.2803815844258025,2.6266545670952186,41.46092840814547,108.9035369592632,147.87322246235928,True,,gds-sw-grizli-v7.0-f444w-clear_drc_sci.fits,0.0399999999999996,False,False,False
1012,high_recall,untested,0.6634286,0.05381857,99.556404,primer-cosmos-west,7732,316928,150.07142481855198,2.1561810610582697,296699,2,26.211729366006203,2.3682688858713385,0.0,1.3078796863555908,True,12,False,,,0,0,0,0,,,,,False,False,False,False,False,False,False,False,False,False,7.5182786,2.0888686,2.5591013,2.3744278,3.2567914,10.094965,2.3108582,-0.18426912,1.3560717,1.4014007,1.7306662,1.105558,-1.439765,1.5971644,5.42941,-0.4702327,0.18467355,-0.88236344,-6.838174,7.784107,-0.28555915,-7.7205377,0.94593304,0.45559728,-18.730362,-19.185959,-2.39794,-1.290591,5.0,0.0,,,0.0703610393179237,0.1204448345305256,0.0084746237380431,-0.078201001922549,True,,primer-cosmos-west-grizli-v7.4-f444w-clear_drc_sci.fits,0.0399999999999996,False,True,False
1013,high_recall,untested,0.6629529,0.06252742,99.55619,primer-uds-north,58131,117412,34.44592446359022,-5.1241320963035415,112280,1,27.193036466529453,5.849582727748132,0.1053906859269386,7.148102283477783,False,0,True,,,0,0,0,0,,,,,False,False,False,False,False,False,False,False,False,False,5.597656,3.8659368,4.481072,4.134961,4.4704423,3.8181038,3.2877584,0.3245663,2.2972026,1.865497,2.4031549,1.7499539,2.3407526,2.466745,1.7317191,-0.6151355,0.3461111,-0.33548144,0.6523388,0.5303453,-0.26902437,0.31685737,1.1826842,-0.14861198,-5.835675,-5.6870627,-0.97719777,0.1301512,6.0,5.0,,0.589648453844037,1.5905972460379236,2.5753646338966125,4.0963678942194175,4.367627214329644,True,,primer-uds-north-grizli-v7.2-f444w-clear_drc_sci.fits,0.0399999999999996,True,True,False
1014,high_recall,secure low-z,0.66286266,0.035717722,99.55598,ceers-full,52882,554167,214.76323061108013,52.7826817903405,518130,1,23.55314350769898,227.2503115936793,0.1611885748269227,2.2144691944122314,False,0,False,,,5,0,5,0,3.0,2.94067995,G235H;G395H;G395M;PRISM,gto-wide-egs2-v4_g235h-f170lp_1213_5041.spec.fits;gto-wide-egs2-v4_g395h-f290lp_1213_5041.spec.fits;gto-wide-egs2-v4_prism-clear_1213_5041.spec.fits;rubies-egs53-v4_g395m-f290lp_4233_48676.spec.fits;rubies-egs53-v4_prism-clear_4233_48676.spec.fits,False,False,False,False,False,False,False,False,False,False,4.4580717,3.8123577,2.7619998,1.6119199,0.68947613,0.12606856,-0.346863,2.0325627,2.8314729,3.6133072,4.813533,5.6729727,6.10673,6.119204,0.645714,1.0503578,1.15008,0.9224438,0.56340754,0.47293156,2.2004378,1.4858514,1.0363392,-9.125315,-5.1702166,3.955098,-0.7926657,0.30587593,7.0,7.0,,0.4012800765191641,2.1254800072287745,39.83797553094056,84.67482051948329,99.27723269121236,True,,ceers-full-grizli-v7.4-f444w-clear_drc_sci.fits,0.0399999999999993,False,False,False
1015,high_recall,untested,0.6627037,0.03418295,99.55576,gds,4646,177977,53.079400221645656,-27.87082876027629,169335,1,21.73255353618976,454.2913853697915,0.6387951645812019,1.0747220516204834,False,2,False,,,0,0,0,0,,,,,False,False,False,False,False,False,False,False,False,False,0.29344648,-0.45884964,-0.59744716,-0.78806925,-1.2125587,-1.542193,-2.1674466,5.339526,5.864541,5.963114,6.0872216,6.3511486,6.5143204,6.8118873,0.7522961,0.13859755,0.19062205,0.42448953,0.32963434,0.62525356,0.32921958,0.75412387,0.9548879,-2.8765025,-4.722677,-1.8461747,-0.19463839,0.9127106,7.0,7.0,,0.1943208423619985,3.5901345105035576,22.04388156234398,79.1404999424242,113.44064431996767,True,,gds-grizli-v7.2-f444w-clear_drc_sci.fits,0.0399999999999996,False,False,False
1016,high_recall,untested,0.6623254,0.040123258,99.555336,primer-cosmos-east,81027,407714,150.15076140270955,2.4726619769060307,379162,1,27.583116629382644,9.794426685022575,0.3051201688206996,0.7082763314247131,True,10,False,,,0,0,0,0,,,,,False,False,False,False,False,False,False,False,False,False,7.410251,3.7222543,6.583004,4.838304,8.787124,4.743433,3.6723702,-0.9578258,1.5393218,-0.91556746,1.0144228,-1.7591116,1.3690097,2.9775567,3.6879966,-2.8607495,1.7446995,-3.9488199,4.043691,1.0710624,-1.11605,0.09487148,5.1147537,0.9214017,-24.352007,-25.273409,-0.5155291,0.5934913,4.0,1.0,,0.2683107305644842,2.8334255996907505,0.4204903527235331,1.191428129829852,1.5671768022057353,True,,primer-cosmos-east-grizli-v7.4-f444w-clear_drc_sci.fits,0.0399999999999996,False,False,False
1017,high_recall,untested,0.6622634,0.061549798,99.55512,gds,45613,244875,53.18392214638075,-27.786908062806305,231340,1,28.58053905792516,11.29662544741193,0.0666901149278046,8.22391414642334,False,1,True,,,0,0,0,0,,,,,False,False,False,False,False,False,False,False,False,False,5.6463294,5.811264,5.63781,5.850728,5.6055093,5.811587,4.617746,0.88240856,1.1689996,1.5656297,1.4016019,2.40371,2.2102802,3.1196046,-0.16493505,0.17345393,-0.21291779,0.2452188,-0.2060775,1.1938407,-0.039463863,0.039141294,0.9877632,0.35651022,-5.5074553,-5.8639655,-1.1759385,-0.06858957,7.0,3.0,,0.5747208534901243,1.6004652631576812,0.9429058679382112,1.5090880880626507,1.6406327736538509,True,,gds-grizli-v7.2-f444w-clear_drc_sci.fits,0.0399999999999996,True,True,False
1018,high_recall,untested,0.6622441,0.054699853,99.55491,primer-uds-south,39054,88870,34.38595312976345,-5.25545639529521,84848,1,27.62260139854714,11.317227477528007,0.1166198859212216,4.555070400238037,False,0,False,,,0,0,0,0,,,,,False,False,False,False,False,False,False,False,False,False,5.0563374,5.0168543,5.191037,4.6189094,3.9199243,3.4925056,3.711057,1.1957822,1.5916231,1.5111207,2.3416126,3.265375,3.7101483,3.1214194,0.039482873,-0.17418297,0.5721283,0.6989849,0.4274187,-0.21855156,0.39794528,1.1264037,0.20886716,-1.5539826,-1.4131292,0.14085338,-0.93322736,0.17747091,7.0,4.0,,0.4498378285905939,1.9418329769381808,1.2716324859270305,2.469297895718985,2.826868718247277,True,,primer-uds-south-grizli-v7.2-f444w-clear_drc_sci.fits,0.0399999999999996,False,False,False
1019,high_recall,untested,0.66209567,0.034697104,99.554695,primer-cosmos-west,37958,351321,150.09766370288102,2.237853971496025,327072,3,27.607577516266208,13.951750785294612,0.1767875128466124,5.178742408752441,False,2,False,,,0,0,0,0,,,,,False,False,False,False,False,False,False,False,False,False,4.5699196,4.9922,6.406588,5.4917493,4.9354906,5.563064,3.6963434,1.7560848,1.5555023,-1.0638357,1.6307775,2.5905468,2.0322404,3.330034,-0.42228046,-1.414388,0.91483885,0.55625874,-0.62757385,1.8667208,-0.49954918,-0.07131507,1.239147,2.989443,-7.0454974,-10.034941,-0.7525484,0.35480055,6.0,3.0,,0.2524266771081441,3.192996121722139,0.6216817113203642,1.9850272931915047,2.462820960298204,True,,primer-cosmos-west-grizli-v7.4-f444w-clear_drc_sci.fits,0.0399999999999996,False,False,False
1020,high_recall,untested,0.66198885,0.044878054,99.55426,gdn,20831,487253,189.18826130886788,62.18518932119024,455216,1,23.20346136053957,308.59882593925295,0.2450680650802439,3.8919546604156494,False,0,False,,,0,0,0,0,,,,,False,False,False,False,False,False,False,False,False,False,4.202663,3.2004247,2.5008335,1.3583202,0.47798198,-0.30522895,-0.6965421,2.088097,3.375788,3.785106,4.9240737,5.6412973,6.1835876,6.425192,1.0022382,0.69959104,1.1425133,0.8803383,0.78321093,0.3913131,1.8421043,1.6635492,1.1745241,-8.32038,-5.891056,2.4293237,-0.6107133,0.49663568,7.0,7.0,,0.3440074998304546,2.3525397634190446,33.41432414692548,78.60852622341534,97.13254555029718,True,,gdn-grizli-v7.4-f444w-clear_drc_sci.fits,0.0399999999999996,False,False,False
1021,high_recall,untested,0.6616582,0.04726288,99.55383,primer-uds-south,6528,119055,34.44960380368159,-5.310658096951086,113860,1,26.78642809091243,4.360507629782889,0.1458335099696913,0.9293568730354308,False,0,False,,,0,0,0,0,,,,,False,False,False,False,False,False,False,False,False,False,3.696693,4.173553,5.39576,4.54225,3.8761895,3.4490469,2.8839228,1.7073781,1.3099614,0.4405769,1.3233504,1.9924866,2.3689194,2.1786318,-0.47686005,-1.2222074,0.8535102,0.6660606,0.4271425,0.56512415,-0.3686972,1.0932032,0.99226665,2.7422314,-5.0026617,-7.744893,-0.83614266,0.27455562,6.0,3.0,,0.3428384208733314,2.468804468528353,1.965434434236733,4.852273313843143,5.732830145553908,True,,primer-uds-south-grizli-v7.2-f444w-clear_drc_sci.fits,0.0399999999999996,False,False,False
1022,high_recall,untested,0.6611672,0.055888105,99.55362,primer-uds-north,77284,3867,34.21022700762224,-5.09668113556632,3652,1,23.6153491526144,404.2415476784835,0.109564222304359,0.8988697528839111,False,0,False,,,0,0,0,0,,,,,False,False,False,False,False,False,False,False,False,False,2.5183976,1.615547,1.3952379,0.5366624,0.1846378,-0.15016977,-0.28465816,4.5887084,5.109106,5.2486978,4.94964,6.3118515,6.608041,6.6951613,0.9028506,0.22030897,0.8585756,0.3520246,0.33480757,0.13448837,1.0788845,0.6868322,0.46929595,-4.9759445,-2.3585985,2.617346,-0.96033126,0.14701773,7.0,7.0,,0.5028461413903483,1.782898156643817,56.4789426162041,100.6962026796222,112.31853636192218,True,,primer-uds-north-grizli-v7.2-f444w-clear_drc_sci.fits,0.0399999999999996,True,False,False
1023,high_recall,untested,0.6608124,0.04919626,99.55319,primer-uds-north,9770,147766,34.510929703408785,-5.193221048755948,141395,1,26.86949631573808,7.494545564341395,0.1200924800267253,4.88288688659668,False,0,False,,,0,0,0,0,,,,,False,False,False,False,False,False,False,False,False,False,3.0407236,3.2001739,3.378472,3.9498224,3.062325,2.7306252,2.9665785,2.3343797,2.220827,2.2514458,1.9434869,2.7972226,3.3478177,2.711744,-0.15945026,-0.17829835,-0.5713503,0.8874974,0.3316999,-0.23595342,-0.74964863,1.2191974,0.0957465,2.332231,-0.7355788,-3.0678098,-0.9204842,0.18686478,7.0,7.0,,0.430207846507896,1.943119961012633,2.3152334061578093,4.498776245908508,5.38166243352169,True,,primer-uds-north-grizli-v7.2-f444w-clear_drc_sci.fits,0.0399999999999996,False,False,False
1024,high_recall,untested,0.66063505,0.052435394,99.55298,primer-cosmos-east,84520,410225,150.1535671588119,2.4902462319085066,381561,1,26.62190501250149,47.35833772498045,0.1239943684393983,6.871074676513672,False,0,False,,,0,0,0,0,,,,,False,False,False,False,False,False,False,False,False,False,4.053263,3.1507168,2.9455674,3.0270154,3.1970901,2.4283192,2.720053,1.3849664,2.6486177,4.0096307,2.749926,3.0402792,3.8873017,4.5510015,0.9025464,0.20514946,-0.081448145,-0.1700747,0.768771,-0.29173386,0.12370131,0.5986963,0.47703713,-0.8964883,0.3400712,1.2365595,-0.90659803,0.20242237,7.0,6.0,,0.4392023622752649,1.98955405314506,3.011023035318985,5.990593084032027,6.855662204821799,True,,primer-cosmos-east-grizli-v7.4-f444w-clear_drc_sci.fits,0.0399999999999996,False,False,False
1025,high_recall,untested,0.66062325,0.037209768,99.552765,gdn,81955,472205,189.11005517959504,62.30120120699539,440932,1,27.838026353136733,8.316666607993305,0.0807570867505029,4.288530826568604,False,0,False,,,0,0,0,0,,,,,False,False,False,False,False,False,False,False,False,False,4.58788,5.6112704,4.6709723,5.2551804,3.8714209,3.7224436,3.9209886,1.6863837,0.9144769,2.0194073,1.5572959,3.2095761,3.4580836,2.8150036,-1.0233902,0.9402979,-0.584208,1.3837597,0.14897723,-0.19854516,0.3560899,1.5327369,-0.049567927,0.84114033,-0.16257942,-1.0037197,-1.0928193,0.01452961,7.0,4.0,,0.6704844542053428,1.3968530116487146,1.628508029514062,2.2747863455208317,2.4288527784647407,True,,gdn-grizli-v7.4-f444w-clear_drc_sci.fits,0.0399999999999996,True,True,False
1026,high_recall,untested,0.6604993,0.0618302,99.55255,primer-uds-north,62801,6957,34.219191930824465,-5.117318041842883,6534,2,27.66282084232097,15.397066275671817,0.1320216792587001,1.3416601419448853,False,0,True,,,0,0,0,0,,,,,False,False,False,False,False,False,False,False,False,False,5.4907017,4.840233,5.200894,5.0887666,4.567505,4.2791734,3.7504036,1.1078618,1.885821,1.7747359,1.1436261,2.9016187,3.2942681,3.4283772,0.65046906,-0.36066118,0.11212747,0.5212615,0.28833178,0.52876943,-0.24853371,0.80959326,0.8171012,-1.1130035,-4.3189464,-3.2059429,-0.8793548,0.22799422,7.0,4.0,,0.4010565459630479,2.101610397253308,1.0948948135475645,2.3010423240502837,2.7300260388928907,True,,primer-uds-north-grizli-v7.2-f444w-clear_drc_sci.fits,0.0399999999999996,False,False,False
1027,high_recall,untested,0.66045266,0.049215812,99.55234,primer-cosmos-west,43348,340725,150.08990717943672,2.2490955131692694,317755,1,27.03545929912235,1.5239583717233804,0.0,1.4009491205215454,True,19,False,,,0,0,0,0,,,,,False,False,False,False,False,False,False,False,False,False,4.157313,9.318192,3.4157734,3.1058269,7.7939377,7.794974,3.1315038,0.15204076,-0.6208414,0.41367015,0.58918,-0.3181556,-0.29902506,1.2079799,-5.160879,5.902418,0.30994666,-4.688111,-0.0010360758,4.66347,6.212365,-4.689147,4.662434,-22.88374,-27.351168,-4.4674277,-2.39794,-1.290591,1.0,0.0,,,0.1564450382029118,0.2101840739004213,0.032882255470995,-0.0263556709714423,True,,primer-cosmos-west-grizli-v7.4-f444w-clear_drc_sci.fits,0.0399999999999996,False,True,False
1028,high_recall,untested,0.660317,0.054360412,99.5519,primer-cosmos-west,75010,322069,150.07545264664031,2.323584841657228,301264,1,25.281680210904835,57.42407167864428,0.1251772935147804,7.307024002075195,False,0,False,,,0,0,0,0,,,,,False,False,False,False,False,False,False,False,False,False,7.0061226,2.3537097,2.255114,2.2302704,2.0109224,1.9754055,1.381523,-1.2708205,3.43378,3.7141914,3.8472128,4.4880123,4.501256,4.7436867,4.652413,0.09859551,0.024843793,0.219348,0.035516977,0.5938824,0.1234393,0.254865,0.62939936,-0.9441547,-3.3005362,-2.3563814,-0.90247446,0.20487453,6.0,6.0,,0.454413904005192,1.9419238062428308,10.202763395485391,19.81298912715602,22.452577497207955,True,,primer-cosmos-west-grizli-v7.4-f444w-clear_drc_sci.fits,0.0399999999999996,False,False,False
1029,high_recall,untested,0.65963584,0.047035586,99.551476,primer-uds-north,80664,17330,34.242699816415154,-5.09090430575704,16432,1,27.12712593126649,6.44323164921708,0.0788668271892041,4.726730823516846,False,1,False,,,0,0,0,0,,,,,False,False,False,False,False,False,False,False,False,False,3.7270827,3.6923282,3.57198,3.5506136,2.4764726,2.5478268,3.2224474,1.8049989,1.8756539,2.1373942,2.316387,3.531633,3.6264162,2.5621457,0.03475465,0.120348155,0.021366227,1.0741413,-0.07135428,-0.6746206,0.14171438,1.002787,-0.7459749,-0.539031,1.9805229,2.519554,-1.1031057,0.0042433357,7.0,6.0,,0.6912998391666084,1.5476216808071532,3.182957424823794,4.926013919743408,4.6043080650228205,True,,primer-uds-north-grizli-v7.2-f444w-clear_drc_sci.fits,0.0399999999999996,True,True,False
1030,high_recall,untested,0.6595194,0.08519751,99.55105,primer-uds-north,70534,2997,34.207325600863946,-5.106394347359895,2833,1,28.5185317315444,9.769994638090196,0.0934301246857824,7.441078186035156,False,0,True,,,0,0,0,0,,,,,False,False,False,False,False,False,False,False,False,False,5.6344976,5.574418,5.2217894,7.8441925,5.3229785,4.78855,4.5620265,0.82377625,1.0690366,1.9025439,-1.5718089,2.3278902,2.0160835,2.975072,0.060079567,0.3526284,-2.622403,2.5212142,0.5344283,0.2265236,-2.2697744,3.0556424,0.76095194,1.8744401,-3.7331622,-5.607602,-1.0295131,0.077835895,5.0,4.0,,0.5985281310432794,1.4635726805513547,0.7514985879696923,1.0998728028253606,1.255577723071719,True,,primer-uds-north-grizli-v7.2-f444w-clear_drc_sci.fits,0.0399999999999996,True,True,False
1031,high_recall,untested,0.6594736,0.058443565,99.55062,primer-cosmos-east,73904,441718,150.1965540283243,2.4420498863011444,411645,1,27.134328940800984,10.63853886771359,0.126951147052942,7.328466892242432,False,0,False,,,0,0,0,0,,,,,False,False,False,False,False,False,False,False,False,False,6.1732078,4.3443613,4.0632067,4.1750956,3.7778363,3.66746,3.2295883,-0.3784659,1.5861348,2.035348,2.046268,2.8070893,2.8627644,3.0598319,1.8288465,0.2811546,-0.11188883,0.3972589,0.11037648,0.43787163,0.16926578,0.5076354,0.5482481,-2.1732929,-2.8346577,-0.6613648,-0.8963634,0.21265703,6.0,5.0,,0.4082258388607082,2.251051376113123,1.7527273645443529,3.945479345908693,4.293523823567684,True,,primer-cosmos-east-grizli-v7.4-f444w-clear_drc_sci.fits,0.0399999999999996,False,False,False
1032,high_recall,untested,0.65943575,0.043814387,99.55041,primer-uds-south,25549,143089,34.49990689516622,-5.277212382058985,136935,1,27.56470698339023,10.209912199010397,0.0880713659597254,4.817885875701904,False,0,False,,,0,0,0,0,,,,,False,False,False,False,False,False,False,False,False,False,3.8486338,4.044387,3.638667,4.478088,3.39743,3.16656,3.6543138,2.0857148,1.9188949,2.439145,1.8857733,3.4774504,3.789486,3.0188959,-0.19575319,0.40571976,-0.83942086,1.0806581,0.23087001,-0.487754,-0.43370113,1.3115281,-0.25688398,0.8137146,0.22370411,-0.5900105,-1.0551653,0.05553303,7.0,7.0,,0.629009695798325,1.5634057771875338,1.8777845828255757,2.935739265103188,2.985303080968145,True,,primer-uds-south-grizli-v7.2-f444w-clear_drc_sci.fits,0.0399999999999996,True,True,False
1033,high_recall,untested,0.6587591,0.049468715,99.549545,primer-cosmos-west,37991,309757,150.06494683179272,2.237829916896919,290312,1,25.87958992797927,45.87058873579847,0.0971907846414548,5.157454967498779,False,0,False,,,0,0,0,0,,,,,False,False,False,False,False,False,False,False,False,False,3.0467951,2.754179,2.9092948,2.9947686,1.7794304,2.7515855,1.9791172,2.7122786,3.4580755,3.4502642,3.470483,4.9556775,4.161714,4.51909,0.29261616,-0.15511587,-0.08547376,1.2153382,-0.97215503,0.7724682,-0.24058963,0.24318323,-0.19968683,0.53975356,1.5987877,1.0590341,-1.0123749,0.094974056,7.0,7.0,,0.5428477041962486,1.6778718059752646,8.578774159436252,14.394083291947236,15.803279802275592,True,,primer-cosmos-west-grizli-v7.4-f444w-clear_drc_sci.fits,0.0399999999999996,True,True,False
1034,high_recall,untested,0.6583976,0.044088304,99.54933,ceers-full,18249,571860,214.8540659829927,52.773549995578925,534924,1,23.155945720777662,130.64848064161407,0.4352424989839987,3.396052837371826,False,0,False,,,0,0,0,0,,,,,False,False,False,False,False,False,False,False,False,False,2.6535127,2.5980957,2.1161053,0.7430508,0.35791498,-0.4126294,-0.7440574,2.7286794,2.9346132,3.1832626,4.630908,4.992302,5.681203,5.5656724,0.055417065,0.48199037,1.3730544,0.38513583,0.77054435,0.33142802,1.8550448,1.1556802,1.1019723,-7.1536565,-5.243674,1.9099828,-0.3612687,0.737273,7.0,7.0,,0.2053364144177379,3.5047118942403506,10.64590313733405,37.31082335034531,51.84615289753695,True,,ceers-full-grizli-v7.4-f444w-clear_drc_sci.fits,0.0399999999999993,False,False,False
1035,high_recall,untested,0.6580919,0.04778281,99.548904,primer-cosmos-west,62895,362783,150.10695971984342,2.293034685392949,337289,1,26.31542673595195,1.3446503456820893,0.0,2.2713377475738525,True,18,False,,,0,0,0,0,,,,,False,False,False,False,False,False,False,False,False,False,1.5615287,8.382265,1.2640961,2.5240872,8.883634,9.769846,2.4143724,1.2657499,-0.28253806,2.0769713,1.2371583,-0.40528947,-0.8022625,1.1053841,-6.820736,7.118169,-1.259991,-6.3595467,-0.88621265,7.3554735,5.8581777,-7.245759,6.469261,1.2384847,-51.13837,-52.376854,-2.39794,-1.290591,4.0,1.0,,2.1309408311388527,1.1908277570108738,0.2313216143004845,0.2754641991055804,0.1085537481474123,True,,primer-cosmos-west-grizli-v7.4-f444w-clear_drc_sci.fits,0.0399999999999996,False,True,False
1036,high_recall,untested,0.65801823,0.068586655,99.54869,primer-uds-south,9194,84668,34.37714988783778,-5.305334280244114,80819,1,27.15062557666387,2.98740647433062,0.1015759335817372,6.680095672607422,False,0,True,,,0,0,0,0,,,,,False,False,False,False,False,False,False,False,False,False,4.783623,3.7624705,4.1467104,4.0487895,3.476287,2.5902092,3.2457414,0.65834683,1.4817238,1.3197583,1.6128626,2.026316,2.3815863,1.8144565,1.0211524,-0.38423988,0.097920984,0.5725025,0.8860777,-0.6555322,-0.2863189,1.4585803,0.2305455,0.014308571,-2.3431365,-2.3574452,-0.9932092,0.11748912,6.0,2.0,,,,,,,False,aperture d020 covers a NaN or non-finite pixel,primer-uds-south-grizli-v7.2-f444w-clear_drc_sci.fits,0.0399999999999996,False,False,False
1037,high_recall,untested,0.65744644,0.03793394,99.54826,primer-cosmos-east,80122,379288,150.12203140635023,2.4688312524470897,352287,1,27.885288968071723,5.356047874474862,0.0856896889145599,6.69575309753418,False,0,False,,,0,0,0,0,,,,,False,False,False,False,False,False,False,False,False,False,6.8249297,5.7057323,3.9719634,4.7860284,4.0603337,3.2230923,3.9667404,-0.93408567,0.41898677,2.0904567,1.9097426,2.5087423,3.5839868,2.3799765,1.1191975,1.7337689,-0.81406516,0.72569484,0.83724153,-0.74364805,0.9197038,1.5629363,0.09359344,-3.0362618,-1.6448509,1.3914111,-1.0670714,0.04194897,5.0,5.0,,0.5502466312194495,1.53423180459798,1.7661233888682302,2.7096426740460045,3.209694141978062,True,,primer-cosmos-east-grizli-v7.4-f444w-clear_drc_sci.fits,0.0399999999999996,True,True,False
1038,high_recall,untested,0.6573063,0.040635016,99.54804,gds,45739,216144,53.1433727984947,-27.786814966340124,204741,1,25.937673029953785,92.79029976410462,0.1397053512405706,0.4257431626319885,False,0,False,,,0,0,0,0,,,,,False,False,False,False,False,False,False,False,False,False,3.0259776,3.056977,2.9760854,2.7917972,2.5453243,2.2330196,2.037147,4.217982,4.3680067,4.42848,4.458009,5.0588875,5.149057,5.2235184,-0.030999526,0.08089177,0.18428811,0.24647282,0.31230485,0.19587262,0.26517987,0.5587777,0.50817746,-0.75491554,-2.520274,-1.7653584,-0.85478693,0.25256202,7.0,7.0,,0.529253461337839,1.7088134979564222,5.995056238677774,10.24443302166044,11.327382202704088,True,,gds-grizli-v7.2-f444w-clear_drc_sci.fits,0.0399999999999996,True,False,False
1039,high_recall,untested,0.6572328,0.054620057,99.54783,gdn,74569,484505,189.17590102204727,62.286489444846026,452612,1,21.428646148906275,742.2607901046625,0.1183572126248073,0.4038563668727875,False,1,False,,,0,0,0,0,,,,,False,False,False,False,False,False,False,False,False,False,0.25594497,-0.58184624,-1.0668656,-1.4969482,-1.9452728,-2.1412382,-2.471354,5.777177,6.454158,6.408771,6.7634335,6.9364142,7.229407,7.3028483,0.83779126,0.48501924,0.43008268,0.44832468,0.19596525,0.33011588,0.91510195,0.6442899,0.52608114,-4.9823546,-2.6050086,2.3773458,-0.92680526,0.18054369,7.0,7.0,,0.5172932532740006,1.7357771841702152,398.6461925110853,691.9609655170691,770.6386850940231,True,,gdn-grizli-v7.4-f444w-clear_drc_sci.fits,0.0399999999999996,True,False,False
1040,high_recall,untested,0.6571108,0.059933003,99.547615,primer-uds-north,14229,58975,34.32505191842157,-5.185519803211829,56234,1,22.9192675373515,255.81032684893296,0.0989342571416263,1.9960145950317385,False,0,False,,,0,0,0,0,,,,,False,False,False,False,False,False,False,False,False,False,1.7314882,0.69811285,-0.066675074,-0.44010395,-0.7222545,-0.89265466,-0.98073447,3.547711,4.5315237,5.4021406,5.917558,6.26989,6.5194864,6.2375875,1.0333754,0.7647879,0.37342888,0.28215057,0.17040016,0.08807982,1.1382169,0.4525507,0.25847998,-4.4051175,-1.2960305,3.109087,-1.0046533,0.102695666,7.0,7.0,,0.535940553860196,1.6891571135385892,117.13425663574368,197.8581628353211,218.55830052804512,True,,primer-uds-north-grizli-v7.2-f444w-clear_drc_sci.fits,0.0399999999999996,True,True,False
1041,high_recall,untested,0.6570726,0.052505385,99.5474,primer-cosmos-east,85246,377825,150.12056303719245,2.494037106580236,350927,1,24.76923005922045,24.954960775607645,0.3946012846959001,5.58147668838501,False,0,False,,,0,0,0,0,,,,,False,False,False,False,False,False,False,False,False,False,3.6109602,2.2278707,3.5631232,1.9898477,1.2904451,0.7693462,0.8691689,0.8050353,2.4296536,1.29988,3.141026,3.7534564,4.3279305,3.910621,1.3830895,-1.3352525,1.5732754,0.69940263,0.52109885,-0.09982272,0.23802291,1.2205015,0.42127615,-1.4276519,-1.9446514,-0.51699954,-0.4038415,0.7051789,6.0,5.0,,0.2089339884536169,3.4426334549575883,2.683721466048888,9.239069302807728,12.844829536409634,True,,primer-cosmos-east-grizli-v7.4-f444w-clear_drc_sci.fits,0.0399999999999996,False,False,False
1042,high_recall,untested,0.6570047,0.05641766,99.54719,primer-cosmos-west,76500,309372,150.0645288938128,2.3290223198822915,289951,1,20.290792696677176,899.7766787026372,0.1121410030658786,0.928485095500946,True,9,False,,,0,0,0,0,,,,,False,False,False,False,False,False,False,False,False,False,-2.9633577,-3.1660206,-3.1678026,-3.1243877,-3.2387848,-3.4365852,-3.6092074,6.419495,6.607728,6.966526,7.190929,7.2889953,7.3682446,7.495294,0.20266308,0.0017819986,-0.043414935,0.11439715,0.19780032,0.17262208,-0.041632935,0.31219748,0.37042242,-0.40870202,-1.8472309,-1.4385289,-0.95023555,0.1571134,7.0,7.0,,0.5269516817436727,1.6970278399406549,1150.100941724951,1951.7533168492068,2182.5548367533243,True,,primer-cosmos-west-grizli-v7.4-f444w-clear_drc_sci.fits,0.0399999999999996,True,True,False
1043,high_recall,untested,0.6567621,0.05831289,99.546974,primer-uds-north,34943,91565,34.39159866212065,-5.156414025751258,87445,1,23.00901279640857,409.84548242508646,0.1001713733473692,2.319965124130249,False,0,False,,,0,0,0,0,,,,,False,False,False,False,False,False,False,False,False,False,2.96564,1.467497,0.093428254,-0.34687895,-0.58319426,-0.79244286,-0.8909896,3.0292308,4.4005957,5.8124743,6.302568,6.669882,6.8459167,6.708929,1.4981432,1.3740687,0.4403072,0.23631532,0.20924859,0.098546736,1.8143759,0.4455639,0.30779532,-5.8252854,-1.5446775,4.2806077,-0.9992564,0.10809259,7.0,7.0,,0.516235113134209,1.7531353621371148,105.9594823093643,185.76131539028864,205.2543107074883,True,,primer-uds-north-grizli-v7.2-f444w-clear_drc_sci.fits,0.0399999999999996,True,False,False
1044,high_recall,untested,0.65657485,0.052458778,99.54655,primer-uds-south,10307,145397,34.504816903493555,-5.303292088874363,139147,1,24.77399440734667,114.70253787450598,0.1160793099237196,3.4849441051483154,False,0,False,,,0,0,0,0,,,,,False,False,False,False,False,False,False,False,False,False,4.1718755,3.4927528,2.7953618,1.5888563,1.1677114,1.0043743,0.8739327,1.6769406,2.7259786,3.5283506,4.7433763,5.3753195,5.588383,5.4355083,0.6791227,0.69739085,1.2065054,0.42114496,0.16333708,0.13044164,1.9038963,0.584482,0.29377872,-8.862833,-1.466315,7.3965178,-0.93524516,0.17545311,7.0,6.0,,0.4805519422651021,1.8554167934642176,18.16607555008518,33.70564164696777,37.80252237553885,True,,primer-uds-south-grizli-v7.2-f444w-clear_drc_sci.fits,0.0399999999999996,False,False,False
1045,high_recall,untested,0.65657413,0.058210302,99.54633,primer-cosmos-west,110747,386202,150.12894561898742,2.474980520576642,358802,1,22.414522013401125,380.7026426886897,0.1111826808978295,2.655350685119629,False,0,False,,,0,0,0,0,,,,,False,False,False,False,False,False,False,False,False,False,0.7673409,0.4366859,-0.31794044,-0.7518832,-1.105044,-1.3797373,-1.4854788,4.6095214,5.014244,5.7717514,6.357643,6.4372573,6.690037,6.6351676,0.330655,0.75462633,0.4339428,0.3531608,0.27469328,0.10574148,1.1885691,0.6278541,0.38043475,-4.6553974,-1.9127111,2.7426863,-0.95396286,0.1533861,7.0,7.0,,0.4846677912254816,1.8456066480110944,163.49679657059053,301.7507746791994,337.33786220286925,True,,primer-cosmos-west-grizli-v7.4-f444w-clear_drc_sci.fits,0.0399999999999996,False,False,False
1046,high_recall,untested,0.6565317,0.048789743,99.54612,primer-uds-south,46655,149664,34.51761184653615,-5.244762591607662,143175,4,24.43661939719456,10.024250071363236,0.0,-1.0,True,9,False,,,0,0,0,0,,,,,False,False,False,False,False,False,False,False,False,False,0.42871407,0.25456914,-0.5134555,0.12263597,15.918168,0.4020065,0.5365862,2.8383834,3.045277,3.93849,3.5663962,-6.6360145,3.5878882,3.000633,0.17414491,0.7680247,-0.6360915,-15.795532,15.516161,-0.13457973,0.13193318,-0.27937055,15.381581,-0.35140708,-109.222824,-108.87142,-2.39794,-1.2872417,6.0,6.0,,0.1856247986376205,3.995976958374759,0.9920631277466648,3.964261399728868,5.34445362380371,True,,primer-uds-south-grizli-v7.2-f444w-clear_drc_sci.fits,0.0399999999999996,False,False,False
1047,high_recall,untested,0.65653,0.038433548,99.5459,gds,21654,172300,53.07031273768141,-27.83578147683183,164095,1,23.34696248534386,383.6554917817226,0.1635255491867099,3.6900575160980233,False,0,False,,,0,0,0,0,,,,,False,False,False,False,False,False,False,False,False,False,3.8463397,3.6626728,3.0112956,1.5107995,0.37960982,-0.080792055,-0.553042,2.642544,2.9861894,3.6726356,5.1359596,6.1099877,6.415233,6.642894,0.18366687,0.6513771,1.5004961,1.1311897,0.46040186,0.47224993,2.151873,1.5915916,0.9326518,-9.239195,-4.642792,4.5964026,-0.7864144,0.3209346,7.0,7.0,,0.4937461015959341,1.805253647783752,52.9820926412832,95.64611600789316,107.30635132111288,True,,gds-grizli-v7.2-f444w-clear_drc_sci.fits,0.0399999999999996,False,False,False
1048,high_recall,untested,0.6563842,0.046381015,99.545685,primer-uds-south,20668,90227,34.38876741946071,-5.285658706865249,86156,1,27.47680750304633,6.371641001200578,0.0329499892941054,17.369779586791992,True,4,False,,,0,0,0,0,,,,,False,False,False,False,False,False,False,False,False,False,7.235498,8.045213,5.0121264,6.05307,3.354731,3.5476131,3.5679493,-1.6179249,-2.01777,1.1741425,0.15953642,3.1567876,3.0691729,2.551106,-0.80971485,3.033086,-1.0409437,2.698339,-0.19288205,-0.020336077,1.9921424,2.505457,-0.21321812,-6.1834455,1.2822196,7.4656653,-1.4821447,-0.37144643,4.0,3.0,,0.8430079530189006,1.0844550589943158,3.3556501555458804,3.639051787396793,3.980567613305358,True,,primer-uds-south-grizli-v7.2-f444w-clear_drc_sci.fits,0.0399999999999996,False,True,False
1049,high_recall,untested,0.656343,0.059751566,99.54547,gds,55843,248790,53.19356167784987,-27.76664045323037,234970,2,28.524497920877742,14.942312940389291,0.0948538992490885,7.362937927246094,False,1,False,,,0,0,0,0,,,,,False,False,False,False,False,False,False,False,False,False,6.127403,5.8311524,4.994254,5.527814,5.528031,5.4217277,4.567414,-1.6849473,1.2215322,2.882595,2.2099452,2.7437038,2.8046288,3.398462,0.29625034,0.83689827,-0.53355974,-0.00021693516,0.10630328,0.8543137,0.30333847,0.10608634,0.96061695,-2.6622078,-5.1239614,-2.4617538,-1.0229448,0.084404156,6.0,5.0,,0.5518345659786617,1.534004238547391,0.7076297778334585,1.085507078518874,1.282322314439471,True,,gds-grizli-v7.2-f444w-clear_drc_sci.fits,0.0399999999999996,True,True,False
1050,high_recall,untested,0.6562281,0.03725461,99.54526,primer-cosmos-east,59821,439989,150.19375922201493,2.3858525013516863,409993,1,23.905069171629325,84.85124880695895,0.2570688056737417,3.978311538696289,False,0,False,,,0,0,0,0,,,,,False,False,False,False,False,False,False,False,False,False,4.5864086,4.099077,3.6110075,1.9099976,0.93896306,0.47163486,0.005056719,0.57553256,1.099891,1.7160997,4.240451,4.576407,4.5309806,5.134082,0.48733118,0.48807007,1.7010098,0.9710345,0.46732816,0.46657816,2.1890798,1.4383627,0.9339063,-10.71284,-4.6883006,6.02454,-0.5899506,0.5190698,6.0,4.0,,0.2837838639842928,2.7392694774976096,13.734891176003703,37.6235681751782,48.39912665634829,True,,primer-cosmos-east-grizli-v7.4-f444w-clear_drc_sci.fits,0.0399999999999996,False,False,False
1051,high_recall,secure low-z,0.6561531,0.05751589,99.545044,gds,32284,244051,53.18200556319116,-27.81418372121737,230579,1,22.881476340283623,604.5035503575248,0.1490255251433496,2.540866136550904,False,0,False,,,5,0,5,0,3.0,2.613786525,G140M;G235M;G395H;G395M;PRISM,jades-gds1-v4_g140m-f070lp_1286_37746.spec.fits;jades-gds1-v4_g235m-f170lp_1286_37746.spec.fits;jades-gds1-v4_g395h-f290lp_1286_37746.spec.fits;jades-gds1-v4_g395m-f290lp_1286_37746.spec.fits;jades-gds1-v4_prism-clear_1286_37746.spec.fits,False,False,False,False,False,False,False,False,False,False,4.2829113,3.4828982,1.8589573,0.8736235,0.041237537,-0.61362803,-1.0185256,3.222857,4.212783,5.429347,6.0835614,6.600983,6.9145484,7.0975556,0.8000132,1.623941,0.9853338,0.83238596,0.65486556,0.40489754,2.6092749,1.4872515,1.0597631,-9.294648,-5.3041873,3.9904604,-0.8267393,0.28060964,7.0,7.0,,0.4178752770049108,2.0826210698743,81.40268667420891,169.5309504120834,194.80139446788155,True,,gds-grizli-v7.2-f444w-clear_drc_sci.fits,0.0399999999999996,False,False,False
1052,high_recall,untested,0.656069,0.06218827,99.54462,gds,46196,209008,53.132198166704974,-27.78578648879435,198146,1,28.382994182692578,14.257739440457271,0.0985818109223936,3.4853110313415527,False,0,True,,,0,0,0,0,,,,,False,False,False,False,False,False,False,False,False,False,6.4850903,5.9921694,5.906274,5.82541,4.918606,4.85686,4.43825,-2.1591413,0.1770707,0.6259275,1.2840996,3.2223792,3.0707657,3.3516746,0.49292096,0.08589536,0.080863774,0.90680444,0.061745383,0.41861004,0.16675913,0.9685498,0.4803554,-1.9794818,-2.41106,-0.43157822,-1.0062032,0.10114576,4.0,3.0,,0.5136308640111878,1.710826315285806,0.80833321292389,1.3829177321897157,1.5737629289081876,True,,gds-grizli-v7.2-f444w-clear_drc_sci.fits,0.0399999999999996,True,False,False
1053,high_recall,untested,0.65600896,0.06218934,99.5444,gds,52019,242921,53.1795397076388,-27.77443745311176,229523,1,28.131289126177503,21.49018153899681,0.1060664102728621,7.5689802169799805,False,0,True,,,0,0,0,0,,,,,False,False,False,False,False,False,False,False,False,False,5.9915586,5.133012,4.9293027,5.1800785,5.0110545,4.6656184,4.202517,-1.0697385,2.602787,2.8420599,2.508292,3.3011098,3.578501,3.761284,0.8585465,0.2037095,-0.25077617,0.16902389,0.34543648,0.46310127,-0.047066685,0.5144604,0.8085377,-2.1232607,-4.123752,-2.0004916,-0.97442216,0.13292684,6.0,6.0,,0.4758105929882401,1.9271065532998188,0.7975761166945156,1.537014161237422,1.6762470790855808,True,,gds-grizli-v7.2-f444w-clear_drc_sci.fits,0.0399999999999996,False,False,False
1054,high_recall,untested,0.6559197,0.056155555,99.54419,primer-uds-south,48090,114579,34.43945838547454,-5.241561920730595,109557,1,26.06318313080053,17.172921307804398,0.1803643805659885,5.464455604553223,False,0,False,,,0,0,0,0,,,,,False,False,False,False,False,False,False,False,False,False,3.0321045,3.221477,2.8350637,3.0925496,2.4216928,1.9859273,2.1625204,2.4910624,2.3451517,2.8930793,2.8449118,3.756995,4.14848,3.5373275,-0.18937251,0.3864134,-0.25748596,0.67085683,0.4357654,-0.17659296,0.12892742,1.1066222,0.25917244,-0.03162629,-1.7707095,-1.7390833,-0.7438492,0.36684906,7.0,7.0,,0.2004540536457704,3.7893597691551206,2.029467754862421,7.690383463073224,10.124353775597704,True,,primer-uds-south-grizli-v7.2-f444w-clear_drc_sci.fits,0.0399999999999996,False,False,False
1055,high_recall,untested,0.6557123,0.04961197,99.543755,primer-uds-north,55282,30292,34.273723392205,-5.128028085531668,28899,1,28.24846593777652,9.823948750969976,0.1197897799836573,1.1153769493103027,False,2,False,,,0,0,0,0,,,,,False,False,False,False,False,False,False,False,False,False,5.321978,4.90532,4.813336,5.680786,6.2331266,5.5028315,4.313087,1.6120999,2.1337698,2.271377,0.6926201,0.82909477,1.9712981,2.9805508,0.4166579,0.09198418,-0.8674502,-0.5523402,0.730295,1.1897442,-0.77546597,0.17795484,1.9200393,-1.4256152,-10.141505,-8.71589,-0.92158026,0.18576874,5.0,4.0,,0.1959460282851272,3.654831866796536,0.2865616315747488,1.0473345828806004,1.4624518500459935,True,,primer-uds-north-grizli-v7.2-f444w-clear_drc_sci.fits,0.0399999999999996,False,False,False
1056,high_recall,untested,0.655608,0.050001517,99.54354,primer-uds-north,55070,128906,34.47143097345023,-5.128451849956408,123304,1,24.297210786150483,141.98573788784248,0.1251724306500785,3.538722038269043,False,0,False,,,0,0,0,0,,,,,False,False,False,False,False,False,False,False,False,False,2.5956366,2.1922817,1.9668853,1.1372443,0.7374912,0.6212881,0.39718515,3.427959,3.794032,4.170234,5.080584,5.6231527,5.7663507,5.648886,0.40335467,0.22539651,0.829641,0.39975312,0.11620308,0.22410299,1.0550375,0.51595616,0.34030607,-4.7832603,-1.6828064,3.1004539,-0.90249133,0.20485765,7.0,7.0,,0.462163045269253,1.9101441625654003,25.635064833203558,48.96666944812935,55.46757815365515,True,,primer-uds-north-grizli-v7.2-f444w-clear_drc_sci.fits,0.0399999999999996,False,False,False
1057,high_recall,untested,0.65537715,0.0601995,99.54333,primer-uds-north,43310,116006,34.442740406288,-5.144970601872348,110925,1,27.48326269239149,8.58548446677452,0.1073509104252414,5.166118144989014,False,0,True,,,0,0,0,0,,,,,False,False,False,False,False,False,False,False,False,False,6.268318,6.6656246,5.107483,5.8033934,4.406088,4.267991,3.5742998,-0.6562926,-0.7773217,1.2105494,0.5576138,2.4216604,2.5545952,2.8465946,-0.3973063,1.558142,-0.6959105,1.3973055,0.13809659,0.6936914,0.86223143,1.535402,0.83178794,-2.7014523,-4.455962,-1.75451,-0.9691943,0.1381547,4.0,3.0,,0.5103203494168154,1.6635219192817663,1.479305711061091,2.460857475668824,2.8987786059317724,True,,primer-uds-north-grizli-v7.2-f444w-clear_drc_sci.fits,0.0399999999999996,True,True,False
1058,high_recall,untested,0.655253,0.052837264,99.5429,primer-uds-north,30684,11387,34.229455121996075,-5.1621193198316,10762,1,28.234527653624475,11.064691245566488,0.1217150448450133,0.8881036639213562,False,2,False,,,0,0,0,0,,,,,False,False,False,False,False,False,False,False,False,False,6.2796087,6.296177,5.891041,5.4411497,6.3151603,5.5113525,4.300005,-1.7704322,-0.85079527,0.49885583,0.9494746,0.61413777,2.2820735,3.098942,-0.016568081,0.40513614,0.449891,-0.87401026,0.80380774,1.2113475,0.85502714,-0.07020251,2.0151553,-1.8960412,-10.864567,-8.968525,-0.91465575,0.19269323,3.0,2.0,,0.4816791839895596,1.7529412619382905,0.759529589271745,1.331410756697484,1.576837061923373,True,,primer-uds-north-grizli-v7.2-f444w-clear_drc_sci.fits,0.0399999999999996,False,False,False
1059,high_recall,untested,0.654864,0.05807094,99.54269,primer-uds-south,46790,77342,34.36125103838913,-5.243832431880586,73797,1,22.811364548811724,324.24668826723087,0.1432076358904393,2.31382155418396,False,0,False,,,0,0,0,0,,,,,False,False,False,False,False,False,False,False,False,False,5.425666,3.294189,1.7959328,0.7934573,0.026033904,-0.6531153,-1.0886371,0.37343076,2.422625,3.9859145,5.058729,5.927961,6.478348,6.474654,2.1314769,1.4982562,1.0024755,0.76742345,0.67914915,0.43552184,2.5007317,1.4465727,1.114671,-8.602367,-5.5769086,3.0254583,-0.84403384,0.26666448,6.0,6.0,,0.4035011470221762,2.154066293443316,87.5887300265876,188.6719310357788,217.0718241397558,True,,primer-uds-south-grizli-v7.2-f444w-clear_drc_sci.fits,0.0399999999999996,False,False,False
1060,high_recall,untested,0.65482545,0.037125,99.54247,primer-cosmos-west,50853,319628,150.07359674723384,2.263055876458892,299034,2,27.83819940080068,11.308137451188625,0.2046433716338263,9.734356880187988,False,0,False,,,0,0,0,0,,,,,False,False,False,False,False,False,False,False,False,False,6.796155,5.740473,6.4434767,5.4781528,5.1365485,5.344786,3.9211564,-1.4815868,0.5620206,-1.1540003,1.6767693,2.275845,2.2711127,3.120619,1.0556821,-0.70300394,0.9653238,0.3416046,-0.20823781,1.4236298,0.26231983,0.1333668,1.2153919,-3.333093,-7.2616544,-3.9285614,-0.68900234,0.41834664,4.0,3.0,,0.1535732488235081,3.849776943782812,0.3204635312535455,1.233713113943122,2.0867145398599565,True,,primer-cosmos-west-grizli-v7.4-f444w-clear_drc_sci.fits,0.0399999999999996,False,False,False
1061,high_recall,untested,0.6546139,0.05841815,99.54226,primer-uds-north,41827,17070,34.24216485091903,-5.147339116974524,16185,1,22.635583873107343,418.3030180829196,0.1514807882568661,2.349704504013061,False,0,False,,,0,0,0,0,,,,,False,False,False,False,False,False,False,False,False,False,3.903513,3.0693228,1.7242287,0.6601437,-0.11528955,-0.8185259,-1.2644173,1.9802337,2.773696,4.181853,5.302492,6.113504,6.6736465,6.729355,0.83419013,1.345094,1.0640851,0.7754332,0.70323634,0.44589144,2.409179,1.4786695,1.1491278,-9.013472,-5.7499747,3.2634964,-0.8196424,0.28770652,7.0,7.0,,0.4183946892964568,2.0904928860780645,98.32458971731376,205.5468553305888,235.0043923421913,True,,primer-uds-north-grizli-v7.2-f444w-clear_drc_sci.fits,0.0399999999999996,False,False,False
1062,high_recall,untested,0.65452796,0.058801632,99.542046,gdn,68482,534969,189.3431660478284,62.27571892064508,499968,1,28.06675039202856,21.56419222612369,0.0984668960763872,5.375453948974609,False,0,False,,,0,0,0,0,,,,,False,False,False,False,False,False,False,False,False,False,4.5861516,4.165997,4.432495,5.5129943,4.1002035,4.02239,4.1410933,2.3767624,3.4694219,2.9877982,1.1323427,3.5279906,3.9116738,3.7647185,0.42015442,-0.26649794,-1.0804993,1.412791,0.07781353,-0.11870312,-1.3469973,1.4906045,-0.040889595,1.1143204,0.29084656,-0.8234739,-1.0067097,0.10063922,7.0,6.0,,0.4746019557945192,1.8955940985872544,1.0058763172843082,1.9067332109528152,2.1194103922315195,True,,gdn-grizli-v7.4-f444w-clear_drc_sci.fits,0.0399999999999996,False,False,False
1063,high_recall,untested,0.65411884,0.05890333,99.54161,primer-uds-south,57589,19626,34.24770036106326,-5.225247150438362,18652,1,27.369248900781177,6.610788757742452,0.1086945340480204,6.665441036224365,False,0,False,,,0,0,0,0,,,,,False,False,False,False,False,False,False,False,False,False,6.353729,5.2037506,5.8370023,4.9605045,4.024348,3.1864343,3.461967,-0.59992415,0.77957827,0.21339865,1.3670993,2.5599005,3.3689342,2.5875223,1.1499782,-0.63325185,0.8764978,0.9361566,0.83791345,-0.27553263,0.243246,1.77407,0.56238085,-3.281655,-2.976912,0.304743,-0.9637923,0.146906,4.0,3.0,,0.6630768342506294,1.3752623117822351,2.080863978325655,2.8617338053365198,3.1381943552247997,True,,primer-uds-south-grizli-v7.2-f444w-clear_drc_sci.fits,0.0399999999999996,True,True,False
1064,high_recall,untested,0.6541124,0.055842374,99.5414,primer-uds-south,23133,31930,34.27782635790535,-5.281482247387824,30473,1,27.33099021116517,6.023402255172393,0.0419773811290534,17.914907455444336,True,3,False,,,0,0,0,0,,,,,False,False,False,False,False,False,False,False,False,False,6.111009,6.789314,6.4802012,6.972418,3.2444983,3.3401175,3.424199,-0.33720574,-0.7017308,-0.4949082,-0.88663965,3.1049747,3.034046,2.4956198,-0.6783048,0.30911276,-0.49221674,3.7279196,-0.095619194,-0.08408178,-0.18310398,3.6323004,-0.17970097,2.0269473,0.8957638,-1.1311834,-1.3769847,-0.26628637,3.0,3.0,,0.9059215481636748,1.1581608767834883,3.0904437097813364,3.579230996570369,3.4113811687620648,True,,primer-uds-south-grizli-v7.2-f444w-clear_drc_sci.fits,0.0399999999999996,False,True,False
1065,high_recall,untested,0.65392256,0.06616236,99.54118,gdn,29382,500632,189.2361568033559,62.2032294623667,467754,2,28.28772823684415,12.803718560606727,0.08781112202065,7.306990146636963,False,0,True,,,0,0,0,0,,,,,False,False,False,False,False,False,False,False,False,False,6.1808915,5.3883758,5.238649,5.568558,5.11316,5.00764,4.3498282,-1.6686954,1.9672511,2.0086641,1.9745636,2.6014223,2.8208578,3.2444043,0.79251564,0.14972697,-0.32990924,0.45539802,0.10552049,0.6578113,-0.18018226,0.5609185,0.7633318,-1.7794837,-4.2381454,-2.4586618,-1.0564505,0.050898492,6.0,6.0,,0.5684507599561924,1.6250654249686205,1.017655595097677,1.6537569221191004,1.7902264660110618,True,,gdn-grizli-v7.4-f444w-clear_drc_sci.fits,0.0399999999999996,True,True,False
1066,high_recall,untested,0.6539067,0.060023166,99.54097,ceers-full,10857,618489,215.03690764824492,52.89175863359813,579052,1,27.14450718261749,16.77920221475192,0.2342348405393766,7.290894508361816,False,0,False,,,0,0,0,0,,,,,False,False,False,False,False,False,False,False,False,False,6.172719,5.329645,4.5831385,4.5615077,4.016109,3.8140848,3.2396774,-0.64587843,1.3096719,2.171166,2.3694768,3.183439,3.5209792,3.5141742,0.84307426,0.7465066,0.021630537,0.54539907,0.20202395,0.5744074,0.7681371,0.747423,0.7764313,-3.6214566,-4.0934563,-0.47199956,-0.6303485,0.46819317,6.0,5.0,,0.2537690104874222,2.9910018098049087,0.7335257712161334,2.1939769092459964,2.890525402637726,True,,ceers-full-grizli-v7.4-f444w-clear_drc_sci.fits,0.0399999999999993,False,False,False
1067,high_recall,untested,0.6537662,0.048202228,99.54076,primer-cosmos-west,93018,369316,150.1127635846315,2.3934380679601843,343150,1,22.09638955942472,586.5890738328934,0.1305605264197092,1.706362247467041,False,0,False,,,0,0,0,0,,,,,False,False,False,False,False,False,False,False,False,False,2.8947186,1.4237095,0.4228415,-0.52462715,-1.1705989,-1.5686594,-1.8036109,2.726948,4.4899855,5.432191,6.173935,6.7545915,6.890434,7.0674725,1.4710091,1.0008681,0.94746864,0.6459718,0.39806056,0.23495142,1.9483367,1.0440323,0.633012,-8.069285,-3.1697683,4.8995166,-0.8841881,0.22316086,7.0,7.0,,0.4667017440552197,1.896900653988731,192.3810935853239,364.92782223706814,412.2142161152103,True,,primer-cosmos-west-grizli-v7.4-f444w-clear_drc_sci.fits,0.0399999999999996,False,False,False
1068,high_recall,untested,0.6534261,0.042786952,99.54054,gdn,25709,486991,189.18710354927745,62.19594828149869,454971,1,24.267652380204645,193.85280011333813,0.2172568118938571,0.6724054217338562,False,0,False,,,0,0,0,0,,,,,False,False,False,False,False,False,False,False,False,False,2.6173506,2.3469326,2.1184962,1.5236254,0.8681357,0.42704952,0.3676281,4.052039,4.557059,4.5177917,5.1401267,5.6750875,6.0246167,5.960253,0.2704179,0.22843632,0.5948708,0.65548974,0.44108614,0.059421428,0.82330716,1.0965759,0.5005076,-3.4207966,-2.5337224,0.8870743,-0.6630266,0.44432238,7.0,7.0,,0.3273858483271168,2.487921556526709,13.432129262374788,33.41808394191544,41.02843580750533,True,,gdn-grizli-v7.4-f444w-clear_drc_sci.fits,0.0399999999999996,False,False,False
1069,high_recall,untested,0.6533879,0.06302257,99.54033,primer-cosmos-east,40177,429830,150.1781320182836,2.315648351858328,400250,1,27.44683967490861,11.683082620326283,0.0996827326235911,6.251718997955322,False,0,True,,,0,0,0,0,,,,,False,False,False,False,False,False,False,False,False,False,3.9809585,3.2968664,3.6227317,4.0835285,3.725632,3.0399675,3.5384517,2.0408952,2.7906327,2.6932273,2.3648915,3.2536678,3.8193927,3.1531155,0.6840921,-0.32586533,-0.46079695,0.35789678,0.6856644,-0.4984843,-0.7866623,1.0435612,0.1871801,1.567764,-1.5252998,-3.0930638,-1.0013801,0.10764034,7.0,7.0,,0.4587665866675741,1.852518693368284,1.5707273617356532,2.909801799800344,3.423805062058311,True,,primer-cosmos-east-grizli-v7.4-f444w-clear_drc_sci.fits,0.0399999999999996,False,False,False
1070,high_recall,untested,0.65313834,0.042093772,99.5399,primer-cosmos-east,81846,409060,150.1522038833447,2.476910576249858,380443,1,27.846027388726224,10.615460292758115,0.2321110100313474,1.1501671075820925,True,10,False,,,0,0,0,0,,,,,False,False,False,False,False,False,False,False,False,False,7.7006745,5.1175504,5.510064,7.2969923,7.9326606,6.5872064,3.9287426,-1.1835628,0.6305823,1.0746297,-0.9986119,-1.162224,-0.013677521,3.0576699,2.5831244,-0.39251366,-1.786928,-0.6356684,1.3454541,2.6584637,-2.1794417,0.7097857,4.0039177,-2.6436522,-20.40189,-17.758238,-0.6343043,0.47471616,2.0,1.0,,0.2129930040804239,3.11166879129144,0.3800850129793058,1.1826986729253075,1.784495291853763,True,,primer-cosmos-east-grizli-v7.4-f444w-clear_drc_sci.fits,0.0399999999999996,False,False,False
1071,high_recall,untested,0.6526049,0.046121158,99.53925,primer-uds-north,8272,77835,34.3622942621471,-5.195981438326695,74270,1,27.9414451704169,4.6697333526984846,0.1035945285935251,6.447887897491455,False,0,False,,,0,0,0,0,,,,,False,False,False,False,False,False,False,False,False,False,4.655247,4.290328,4.201635,5.229436,4.3511195,3.571456,4.020931,1.2530046,1.6558512,1.9291013,1.1148924,2.2861137,3.0995378,2.2455213,0.3649194,0.08869293,-1.0278008,0.8783162,0.7796637,-0.44947493,-0.9391079,1.65798,0.33018878,0.930053,-2.1119838,-3.0420368,-0.9846632,0.12268578,7.0,4.0,,0.4532489656403389,2.063079277583181,0.8253776051241404,1.702819433312848,1.8210247958493788,True,,primer-uds-north-grizli-v7.2-f444w-clear_drc_sci.fits,0.0399999999999996,False,False,False
1072,high_recall,untested,0.65249413,0.056594748,99.53904,primer-uds-south,22863,101396,34.411442172701605,-5.281889760653628,96897,1,27.415587235651017,10.602493337372616,0.0975623692641339,9.596898078918455,False,1,False,,,0,0,0,0,,,,,False,False,False,False,False,False,False,False,False,False,4.1439986,7.255245,4.0796604,4.050487,4.405649,3.9240458,3.5076635,1.4968501,-1.5260371,2.3291748,2.4995172,2.3832824,2.9449189,3.056453,-3.1112466,3.1755846,0.029173484,-0.35516194,0.4816033,0.41638222,3.204758,0.12644134,0.8979855,-4.2280593,-4.4697223,-0.2416629,-1.0107176,0.09998064,6.0,5.0,,0.4492232000736741,1.841033122854901,1.695709528019128,3.121857407823865,3.774759468658399,True,,primer-uds-south-grizli-v7.2-f444w-clear_drc_sci.fits,0.0399999999999996,False,False,False
1073,high_recall,untested,0.6524807,0.09549232,99.538826,primer-uds-south,42969,107369,34.42383765748354,-5.249650689181731,102625,1,25.712508234899907,24.729766184208263,0.1483562029516789,5.47886323928833,False,0,True,,,0,0,0,0,,,,,False,False,False,False,False,False,False,False,False,False,2.5019784,2.432805,2.4885354,2.5420506,2.2631376,1.5885658,1.8121607,3.2228951,3.3177125,3.4497342,3.5904102,3.9573627,4.5686393,3.9015634,0.06917333,-0.05573035,-0.053515177,0.27891287,0.6745718,-0.22359487,-0.10924553,0.9534847,0.45097694,0.20546807,-2.5843174,-2.7897856,-0.8286943,0.282004,7.0,7.0,,0.3389235734684908,2.509673327587904,5.082967591967918,12.7565881905556,14.997385811643678,True,,primer-uds-south-grizli-v7.2-f444w-clear_drc_sci.fits,0.0399999999999996,False,False,False
1074,high_recall,secure low-z,0.6518326,0.051217757,99.5384,gdn,36370,508809,189.26058025425056,62.21730097972465,475428,1,22.496969743037507,560.1986155865519,0.2042241048214906,2.1668355464935303,False,0,False,,,1,0,1,0,3.0,2.4287283,PRISM,goodsn-wide-v4_prism-clear_1211_1886.spec.fits,False,False,False,False,False,False,False,False,False,False,4.730664,3.4259412,2.1043684,1.1819396,0.013773693,-0.8725284,-1.4030312,2.380076,3.51046,4.455765,5.5345683,6.217914,6.7313085,7.0214396,1.3047223,1.3215729,0.9224288,1.1681658,0.88630205,0.5305028,2.2440019,2.054468,1.4168049,-8.553786,-7.093555,1.4602308,-0.689893,0.41745597,7.0,7.0,,0.3209456080193446,2.5332522681358376,72.1712320375791,182.8279372533551,224.87060185359843,True,,gdn-grizli-v7.4-f444w-clear_drc_sci.fits,0.0399999999999996,False,False,False
1075,high_recall,untested,0.65173984,0.056902897,99.53797,primer-uds-north,61526,12934,34.232983981764164,-5.119271195302362,12238,2,25.84116044194905,17.169064921704592,0.1318435880597595,6.542860507965088,False,0,False,,,0,0,0,0,,,,,False,False,False,False,False,False,False,False,False,False,5.6731353,2.9464877,2.8171084,2.695149,2.013973,1.1748356,1.94072,0.12752274,2.6186624,2.9168277,3.223716,3.8499887,4.66768,3.5371034,2.7266476,0.12937936,0.12195937,0.68117595,0.8391374,-0.7658844,0.25133872,1.5203134,0.07325301,-1.3489783,-2.6011453,-1.252167,-0.879941,0.22740798,6.0,6.0,,0.4679458432281435,1.8908660518288671,6.398783365076899,12.09924223803119,13.674196400452306,True,,primer-uds-north-grizli-v7.2-f444w-clear_drc_sci.fits,0.0399999999999996,False,False,False
1076,high_recall,untested,0.6509777,0.050938252,99.53754,gds,19457,199290,53.11492730343744,-27.83938199992605,189129,1,27.94382341040284,12.50616441267112,0.0935840297851039,7.285888195037842,False,0,False,,,0,0,0,0,,,,,False,False,False,False,False,False,False,False,False,False,5.2954187,4.587494,4.3788314,5.0968084,4.668068,4.6410527,4.0232215,1.478131,2.570246,2.8166466,2.27137,2.7969086,2.831601,3.2209635,0.707925,0.20866247,-0.7179769,0.4287403,0.027015116,0.6178313,-0.5093145,0.4557554,0.64484644,-0.17395803,-3.4878159,-3.3138578,-1.0287982,0.07855071,7.0,6.0,,0.5022111002467096,1.863113057327664,1.1284982474420908,2.102519819980744,2.2470595470464905,True,,gds-grizli-v7.2-f444w-clear_drc_sci.fits,0.0399999999999996,True,False,False
1077,high_recall,untested,0.65066296,0.063924,99.53732,primer-cosmos-east,76680,370964,150.1141395710702,2.453166356877876,344640,1,26.319850532219704,23.243928568976816,0.1115579297645711,6.503342628479004,False,1,True,,,0,0,0,0,,,,,False,False,False,False,False,False,False,False,False,False,2.8983104,2.266281,2.316922,2.3497932,2.1573772,1.0948877,2.4187877,2.773681,3.660196,3.6627622,4.01039,4.307252,5.2246275,3.8396535,0.63202953,-0.050640985,-0.03287147,0.19241603,1.0624895,-1.3239,-0.083512455,1.2549056,-0.26141044,-0.2174544,-3.531419,-3.3139648,-0.95249957,0.15652084,7.0,7.0,,0.4638562846894011,1.871366836611384,4.355453641084411,8.150651502323669,9.389661808723426,True,,primer-cosmos-east-grizli-v7.4-f444w-clear_drc_sci.fits,0.0399999999999996,False,False,False
1078,high_recall,untested,0.6504345,0.03710949,99.536896,primer-cosmos-east,12238,417134,150.16148909248466,2.2074937650721966,388127,1,27.815350113951247,5.862506661558024,0.0892945579564289,5.710423469543457,False,0,False,,,0,0,0,0,,,,,False,False,False,False,False,False,False,False,False,False,3.9146078,3.2512443,4.122371,5.070658,3.948866,3.5083656,3.898994,1.598235,2.506706,1.9519658,0.9834518,2.7169826,2.676748,2.4689202,0.66336334,-0.87112707,-0.94828707,1.1217926,0.44050026,-0.3906285,-1.8194141,1.5622928,0.049871787,4.0586505,-0.7027178,-4.7613683,-1.049175,0.059845395,7.0,5.0,,0.6126285725029699,1.5376102267382858,1.5843954761286372,2.436182687293268,2.586225238655444,True,,primer-cosmos-east-grizli-v7.4-f444w-clear_drc_sci.fits,0.0399999999999996,True,True,False
1079,high_recall,untested,0.65033865,0.058857594,99.53668,primer-uds-north,47176,49399,34.308889452092124,-5.139328519534208,47147,1,28.235795772187977,9.843888371074538,0.1163115307175795,7.126826286315918,False,0,False,,,0,0,0,0,,,,,False,False,False,False,False,False,False,False,False,False,5.874877,6.0731544,5.8358617,6.2596445,5.7744403,4.683702,4.301196,-0.27845377,-0.14335859,0.5741133,-0.09366347,1.3655083,2.7674077,2.982568,-0.19827738,0.23729257,-0.42378253,0.4852042,1.090738,0.38250634,-0.18648997,1.5759423,1.4732443,0.18265305,-5.693516,-5.8761687,-0.93437725,0.17297174,3.0,2.0,,0.6397647065684174,1.5613543098832947,0.7553755410378408,1.1794088565798582,1.1807083655638633,True,,primer-uds-north-grizli-v7.2-f444w-clear_drc_sci.fits,0.0399999999999996,True,True,False
1080,high_recall,untested,0.6502106,0.06204947,99.53647,primer-cosmos-east,80637,397611,150.14042481953732,2.4712388276763497,369590,1,26.864186856114745,15.351832682942586,0.1136517850936103,7.3668389320373535,False,0,True,,,0,0,0,0,,,,,False,False,False,False,False,False,False,False,False,False,4.983748,4.468618,3.6523762,3.7290006,3.6620266,3.6101718,2.9612973,0.97393364,1.6862358,2.5637815,2.877311,3.005226,3.2393334,3.425441,0.51513004,0.8162417,-0.076624416,0.06697409,0.05185486,0.6488744,0.7396173,0.11882895,0.70072925,-2.0409904,-3.8833177,-1.8423274,-0.94442374,0.16459666,7.0,5.0,,0.5804056080694964,1.600840583572401,3.0127553265989446,4.822940995193514,5.190775700151754,True,,primer-cosmos-east-grizli-v7.4-f444w-clear_drc_sci.fits,0.0399999999999996,True,True,False
1081,high_recall,untested,0.6495445,0.06093236,99.536255,gds-sw,9178,171883,53.06958490198976,-27.910807490511395,163700,1,27.59787334228603,14.466740987432946,0.1316271844645732,5.384323120117188,False,0,True,,,0,0,0,0,,,,,False,False,False,False,False,False,False,False,False,False,5.18033,3.9894698,4.5868654,4.6165624,4.5542245,4.158296,3.6868353,1.2423327,2.8282626,2.3154585,2.4949524,2.7962186,3.2510543,3.3661919,1.1908599,-0.5973957,-0.02969697,0.06233769,0.39592844,0.47146085,-0.62709266,0.45826614,0.8673893,1.5124484,-4.4516425,-5.964091,-0.8806544,0.22669455,7.0,6.0,,0.4300187843164245,1.9908860630508984,1.270172636698223,2.528769000071104,2.9537608193496503,True,,gds-sw-grizli-v7.0-f444w-clear_drc_sci.fits,0.0399999999999996,False,False,False
1082,high_recall,untested,0.6490489,0.056389242,99.53583,gdn,89418,544420,189.3781766486676,62.32235094487752,508889,1,27.003489072104387,28.12363863628856,0.1014819092270949,5.991670608520508,False,0,False,,,0,0,0,0,,,,,False,False,False,False,False,False,False,False,False,False,3.781272,3.4120283,3.3760629,3.3645377,3.2423842,2.5194678,3.0997586,3.1779869,3.5319624,3.6333175,3.6379285,4.175914,4.6280985,4.0300736,0.3692436,0.03596556,0.0115252035,0.12215352,0.7229162,-0.5802906,0.04749076,0.8450697,0.14262557,-0.8671287,-1.4928062,-0.6256775,-0.9936114,0.1137376,7.0,7.0,,0.5278656455782783,1.7433958674820171,2.623132532604008,4.573158417199465,4.969318527502123,True,,gdn-grizli-v7.4-f444w-clear_drc_sci.fits,0.0399999999999996,True,False,False
1083,high_recall,untested,0.6485526,0.04590914,99.53539,ceers-full,18885,571634,214.853245024555,52.7736770996124,534709,1,26.4820484472488,13.328173754041217,0.2572185903752939,4.970676898956299,False,0,False,,,0,0,0,0,,,,,False,False,False,False,False,False,False,False,False,False,5.5331845,4.284394,4.7913055,4.6753592,2.9935577,2.7409205,2.5806162,0.39796877,2.0176957,1.35128,1.6850227,3.3257422,3.6453342,3.2844317,1.2487905,-0.50691175,0.11594619,1.6818017,0.25263715,0.16030425,-0.39096555,1.9344388,0.4129414,0.16432568,-2.0764477,-2.2407734,-0.58969766,0.508844,6.0,4.0,,0.2715987784241871,2.630296566357992,1.258229328282751,3.3095162818730426,4.632676684272965,True,,ceers-full-grizli-v7.4-f444w-clear_drc_sci.fits,0.0399999999999993,False,False,False
1084,high_recall,untested,0.648297,0.047201067,99.53518,primer-uds-north,3470,4995,34.2137908992348,-5.20499134537132,4725,1,24.99092846376844,34.25217456136278,0.139224477338806,5.633476257324219,False,0,False,,,0,0,0,0,,,,,False,False,False,False,False,False,False,False,False,False,2.2181456,1.8533611,1.8960837,1.8796005,1.5992663,1.023467,1.0908364,2.9281335,3.322305,3.2123218,3.713585,4.2105064,4.745947,4.2271104,0.36478448,-0.042722553,0.016483128,0.2803343,0.5757993,-0.067369476,-0.026239425,0.8561336,0.5084298,-0.4855519,-2.6229184,-2.1373665,-0.8562844,0.25106457,7.0,7.0,,0.3772612548984579,2.289818179018511,10.968068653874344,25.11488299236456,29.07287327140568,True,,primer-uds-north-grizli-v7.2-f444w-clear_drc_sci.fits,0.0399999999999996,False,False,False
1085,high_recall,untested,0.64820534,0.102189556,99.534966,ceers-full,47862,599133,214.9547706608408,52.90918722789339,560744,1,28.038313673221992,10.55854587245805,0.0899015021491363,5.052899360656738,False,0,True,,,0,0,0,0,,,,,False,False,False,False,False,False,False,False,False,False,5.469808,5.667049,6.3122907,5.459822,4.938801,4.802541,4.113923,1.1486354,1.1540185,-0.8368181,1.6627477,2.6494584,2.8928678,3.0523179,-0.1972405,-0.64524174,0.8524684,0.5210214,0.1362597,0.68861794,0.20722665,0.65728116,0.8248777,0.33778906,-4.400416,-4.738205,-1.046233,0.052308626,6.0,3.0,,0.5960764226390753,1.5796024835794624,1.1610671460834794,1.8340245475559829,1.9478494736345344,True,,ceers-full-grizli-v7.4-f444w-clear_drc_sci.fits,0.0399999999999993,True,True,False
1086,high_recall,untested,0.64777493,0.05428135,99.53454,primer-uds-north,10836,149712,34.517765859179974,-5.191336155681412,143234,1,27.200055218662776,7.8342025905481245,0.0851312326401891,6.293619632720947,False,0,False,,,0,0,0,0,,,,,False,False,False,False,False,False,False,False,False,False,3.2208042,4.3933153,3.6878319,3.4437854,3.7576416,2.7930336,3.294709,2.4383526,1.3950421,2.2290962,2.6537726,2.6853411,3.629175,2.7556949,-1.1725111,0.70548356,0.24404646,-0.3138561,0.9646078,-0.5016753,0.94953,0.6507517,0.46293253,0.4942409,-2.2968588,-2.7910998,-1.0699111,0.037437886,7.0,6.0,,0.4907557508329571,1.960205145435911,2.40493764742908,4.714171150943017,4.900477769943993,True,,primer-uds-north-grizli-v7.2-f444w-clear_drc_sci.fits,0.0399999999999996,False,False,False
1087,high_recall,untested,0.6475658,0.061662253,99.53411,primer-uds-north,24498,110474,34.430186323961834,-5.170622725736358,105616,1,26.81783060701938,13.225308507072086,0.1229133264449389,7.895716190338135,False,0,True,,,0,0,0,0,,,,,False,False,False,False,False,False,False,False,False,False,6.9677134,3.5938203,3.5233204,3.4870098,3.6837194,3.2697077,2.9151766,-1.3048115,2.3710015,2.6249366,2.8568041,2.9113798,3.3321304,3.2767057,3.373893,0.070499904,0.036310796,-0.19670972,0.41401163,0.3545311,0.1068107,0.2173019,0.7685427,-2.8823836,-3.8263745,-0.943991,-0.91040105,0.19694793,6.0,6.0,,0.4347975757507615,2.0711174094753515,2.480026584337275,5.136426234782622,5.703864792840744,True,,primer-uds-north-grizli-v7.2-f444w-clear_drc_sci.fits,0.0399999999999996,False,False,False
1088,high_recall,untested,0.64750046,0.03773267,99.5339,primer-uds-south,24532,91232,34.39085693090468,-5.27910087487875,87123,1,23.06450129165847,294.7134056129133,0.221380161405514,2.3643691539764404,False,0,False,,,0,0,0,0,,,,,False,False,False,False,False,False,False,False,False,False,4.1771793,4.374279,2.210147,1.124794,0.24668694,-0.44222558,-0.8355014,1.1788347,1.4452513,3.6007996,4.674061,5.5868893,6.2722673,6.3791533,-0.1970996,2.1641319,1.085353,0.878107,0.6889125,0.39327577,3.249485,1.5670196,1.0821882,-9.110614,-5.4208155,3.6897986,-0.6548613,0.455837,7.0,5.0,,0.3628139360048733,2.2680432692665566,43.91532263075457,99.60185191035218,121.0408925145717,True,,primer-uds-south-grizli-v7.2-f444w-clear_drc_sci.fits,0.0399999999999996,False,False,False
1089,high_recall,untested,0.6473505,0.043382965,99.53368,primer-cosmos-east,79784,410506,150.15390029019926,2.4671555371430705,381823,1,24.696584746195786,74.64985072631569,0.1882122559273588,3.671831130981445,False,0,False,,,0,0,0,0,,,,,False,False,False,False,False,False,False,False,False,False,5.3492756,5.78364,4.3629074,2.5502613,1.5669425,1.1654485,0.79653126,0.36979854,0.22258866,1.6747563,3.5059228,4.5635533,4.9235983,5.0060005,-0.43436456,1.4207325,1.8126462,0.9833188,0.40149388,0.36891732,3.2333786,1.3848126,0.7704112,-12.072521,-3.8550932,8.217428,-0.7253521,0.3836683,5.0,4.0,,0.3546891279950776,2.33105958823444,11.27482827791591,26.28229656293268,31.78791620044351,True,,primer-cosmos-east-grizli-v7.4-f444w-clear_drc_sci.fits,0.0399999999999996,False,False,False
1090,high_recall,untested,0.6467681,0.063297756,99.53325,gds,65077,232313,53.16456663297252,-27.74616278045849,219632,1,27.82131564110943,22.776257256892507,0.1035344855188746,5.713057994842529,False,0,True,,,0,0,0,0,,,,,False,False,False,False,False,False,False,False,False,False,4.471537,4.2224054,4.4181213,4.460113,4.222386,3.541756,3.904783,2.916284,3.4221807,3.1452868,3.1297398,3.8531463,4.1799016,3.8193474,0.24913181,-0.19571604,-0.041991435,0.2377268,0.6806302,-0.36302698,-0.23770748,0.91835696,0.3176032,0.33912537,-1.830865,-2.1699903,-0.98491496,0.122434,7.0,7.0,,0.5441954169415242,1.6690538556047885,1.2733886142371111,2.125354176275689,2.3399473325111475,True,,gds-grizli-v7.2-f444w-clear_drc_sci.fits,0.0399999999999996,True,True,False
1091,high_recall,untested,0.646686,0.053431645,99.533035,primer-uds-north,74397,22324,34.254269493710254,-5.101007496726616,21199,2,25.73986503755926,14.171220053834,0.1610210449123453,6.503336429595947,False,0,False,,,0,0,0,0,,,,,False,False,False,False,False,False,False,False,False,False,4.6950293,3.1517012,3.0377963,2.9803205,2.3928525,1.7286104,1.8394996,0.840025,2.126795,2.43836,2.6817036,3.122219,3.8924394,3.345603,1.5433282,0.113904916,0.057475984,0.5874679,0.66424197,-0.11088911,0.17138089,1.2517099,0.5533529,-1.2914685,-2.3790321,-1.0875638,-0.79311734,0.3142316,6.0,6.0,,0.4008241297079079,2.117546434031527,5.299394770356376,11.221714498493467,13.221246870087882,True,,primer-uds-north-grizli-v7.2-f444w-clear_drc_sci.fits,0.0399999999999996,False,False,False
1092,high_recall,untested,0.64664835,0.04705028,99.53282,ceers-full,68515,593119,214.9323899921479,52.938257967206255,555033,1,24.590066476395503,102.49389359597596,0.2587831544364249,1.1563503742218018,False,0,False,,,0,0,0,0,,,,,False,False,False,False,False,False,False,False,False,False,3.0234528,2.7585971,2.4606225,1.844571,1.106871,0.7992009,0.69002247,2.6235998,3.2394865,3.3477018,4.513872,5.069659,5.329414,5.322974,0.2648556,0.29797465,0.6160515,0.73770005,0.30767006,0.109178424,0.91402614,1.0453701,0.41684848,-3.8861763,-2.015196,1.8709804,-0.58706397,0.5114777,7.0,7.0,,0.2953272718596088,2.6223186481072527,7.53170675803933,19.750535083681957,25.502916512294583,True,,ceers-full-grizli-v7.4-f444w-clear_drc_sci.fits,0.0399999999999993,False,False,False
1093,high_recall,untested,0.64630944,0.06633029,99.53261,primer-uds-south,32817,137511,34.4889408359865,-5.265739089034943,131569,1,26.346955286306024,23.16653577253006,0.1133496849658279,6.53927755355835,False,1,True,,,0,0,0,0,,,,,False,False,False,False,False,False,False,False,False,False,4.069466,2.5486507,2.5345871,2.5007944,2.3697734,1.4539231,2.4458382,2.0857005,3.5112092,3.7014494,3.9226294,4.326175,5.1490054,3.8363216,1.5208157,0.014063438,0.03379289,0.13102104,0.9158502,-0.99191505,0.04785633,1.0468712,-0.07606487,-0.754835,-3.5036802,-2.7488453,-0.9455797,0.16511862,7.0,7.0,,0.5119596081059845,1.7372409779313809,4.304813710421308,7.478498780104728,8.408502628453721,True,,primer-uds-south-grizli-v7.2-f444w-clear_drc_sci.fits,0.0399999999999996,True,False,False
1094,high_recall,untested,0.646197,0.07575324,99.532394,primer-uds-south,41652,129302,34.47225323001919,-5.251559385227295,123685,1,25.81268729659366,34.58308463621459,0.1075791855454807,3.005216598510742,False,0,True,,,0,0,0,0,,,,,False,False,False,False,False,False,False,False,False,False,3.8938189,3.8407335,2.8684778,2.4082956,2.1422064,1.9537798,1.9122694,2.180613,2.2587292,3.3489175,3.9643912,4.4555383,4.6375093,4.236721,0.05308538,0.9722557,0.46018204,0.26608926,0.18842655,0.04151049,1.4324378,0.4545158,0.22993705,-4.462594,-1.2335526,3.2290413,-0.96827173,0.14242655,7.0,7.0,,0.4238912459213778,2.0882202877262195,6.991859344239913,14.600542531569928,16.494465057994482,True,,primer-uds-south-grizli-v7.2-f444w-clear_drc_sci.fits,0.0399999999999996,False,False,False
1095,high_recall,untested,0.6461778,0.046885457,99.53218,primer-cosmos-east,39488,435831,150.18698470457267,2.313371231247213,405991,1,28.165683052535503,5.759482649298325,0.0885717599577399,6.505369186401367,False,1,False,,,0,0,0,0,,,,,False,False,False,False,False,False,False,False,False,False,5.6592097,4.6267023,5.3896627,7.09303,5.3141446,3.8878686,4.2351055,0.19627775,1.5565541,0.8977539,-1.15898,1.6578914,2.8788211,2.4514475,1.0325071,-0.76296,-1.7033676,1.7788854,1.4262762,-0.347237,-2.4663277,3.2051616,1.0790392,6.6479335,-2.1428947,-8.790829,-1.0527047,0.05631568,5.0,2.0,,0.4206602845579442,2.193853266766585,0.9046270427494034,1.984618992941174,2.1504931079957816,True,,primer-cosmos-east-grizli-v7.4-f444w-clear_drc_sci.fits,0.0399999999999996,False,False,False
1096,high_recall,untested,0.64572954,0.03682321,99.53175,primer-uds-north,69205,125853,34.46461461904048,-5.108758926750002,120383,1,23.46572161884641,185.8057204520172,0.1733779420501686,2.6523478031158447,False,0,False,,,0,0,0,0,,,,,False,False,False,False,False,False,False,False,False,False,5.9963064,5.0814986,3.5493543,1.6592054,0.59463024,-0.06733705,-0.4342839,-0.16849357,0.708205,2.2029178,4.120231,5.328344,5.88246,5.917856,0.9148078,1.5321444,1.8901489,1.0645753,0.6619673,0.36694688,3.4222934,1.7265425,1.0289141,-14.618837,-5.1359534,9.482884,-0.7610062,0.3463428,5.0,5.0,,0.3564020548015474,2.359047775514127,36.50309985270139,86.11255650688527,102.4211262559278,True,,primer-uds-north-grizli-v7.2-f444w-clear_drc_sci.fits,0.0399999999999996,False,False,False
1097,high_recall,untested,0.64535856,0.04842304,99.53154,primer-uds-north,29906,31229,34.27604073702096,-5.163282636972775,29799,1,26.59256547560358,9.01226015993216,0.2320115673373657,17.16684913635254,True,5,False,,,0,0,0,0,,,,,False,False,False,False,False,False,False,False,False,False,6.159337,8.364911,3.2747264,7.9709764,3.6900752,3.0784845,2.6908107,-0.22302909,-1.6568011,2.2028477,-1.4224504,2.376786,2.9816873,2.894797,-2.2055743,5.090185,-4.6962504,4.2809014,0.61159074,0.3876737,0.39393476,4.8924923,0.9992644,-6.2727656,-4.8059874,1.4667783,-0.6344904,0.4728586,4.0,4.0,,0.296201748028338,2.405550724029094,1.4166897456434706,3.4079190433572437,4.782854102224725,True,,primer-uds-north-grizli-v7.2-f444w-clear_drc_sci.fits,0.0399999999999996,False,False,False
1098,high_recall,untested,0.6453418,0.055164497,99.53133,ceers-full,78232,565122,214.8247063099559,52.88359577141867,528540,1,22.20797690668689,736.4920043972654,0.1134650151387493,2.39136290550232,False,0,False,,,0,0,0,0,,,,,False,False,False,False,False,False,False,False,False,False,3.223077,1.4797212,-0.09603741,-0.74767137,-1.2259151,-1.5259826,-1.6920236,3.2900324,5.064069,6.2212358,6.781082,7.1611123,7.3332534,7.295046,1.7433559,1.5757586,0.651634,0.47824374,0.30006754,0.16604097,2.2273924,0.7783113,0.4661085,-9.007556,-2.3355227,6.6720333,-0.94513804,0.15340365,7.0,7.0,,0.4756686115893926,1.8732540314570287,195.2250349700483,365.7060837989824,410.422361731471,True,,ceers-full-grizli-v7.4-f444w-clear_drc_sci.fits,0.0399999999999993,False,False,False
1099,high_recall,untested,0.6447438,0.0566716,99.53089,primer-cosmos-east,35815,439479,150.19287564636772,2.301639966238702,409494,1,26.95226539043948,14.743144962158896,0.1185853406774106,5.795536518096924,False,0,False,,,0,0,0,0,,,,,False,False,False,False,False,False,False,False,False,False,4.435949,3.7436993,3.7974348,3.7450736,3.3263345,2.9096982,3.0488691,1.4533672,2.2656376,2.4078295,2.5138147,3.391312,3.61864,3.3850737,0.69224966,-0.053735375,0.052361302,0.41873896,0.41663626,-0.13917094,-0.0013740723,0.83537525,0.2774653,-0.76753646,-1.4677274,-0.70019096,-0.925969,0.1830514,7.0,6.0,,0.4124435465918549,2.1909108413638805,2.23209333822143,4.8903174936454255,5.411876017132256,True,,primer-cosmos-east-grizli-v7.4-f444w-clear_drc_sci.fits,0.0399999999999996,False,False,False
1100,high_recall,untested,0.6444956,0.051396538,99.53068,primer-cosmos-east,49533,419501,150.16443399348944,2.3497243580362146,390386,1,27.70069659539364,7.90574056154539,0.0904154680316867,6.666975021362305,False,0,False,,,0,0,0,0,,,,,False,False,False,False,False,False,False,False,False,False,4.7085204,4.3472257,4.6212587,4.50704,4.165542,3.380572,3.7873983,1.406845,1.8733435,1.7834579,2.7374597,2.7038279,3.4057286,2.7647126,0.3612949,-0.27403328,0.114218794,0.34149778,0.7849702,-0.40682644,-0.15981448,1.1264681,0.3781438,-0.079278,-1.9140742,-1.8347962,-1.0437573,0.06526314,7.0,5.0,,0.5697828807225217,1.6550106596603706,1.5416260269128563,2.551407507750642,2.705637671946153,True,,primer-cosmos-east-grizli-v7.4-f444w-clear_drc_sci.fits,0.0399999999999996,True,True,False
1101,high_recall,untested,0.6441138,0.06046362,99.530464,primer-cosmos-west,46693,355824,150.1011952433713,2.2554018854437228,330986,4,28.033737832223885,11.958145986854754,0.1530648170701992,8.380178451538086,False,1,True,,,0,0,0,0,,,,,False,False,False,False,False,False,False,False,False,False,5.3727684,5.5510507,4.9412146,5.623809,5.4451385,5.7700887,4.109545,0.9794693,1.1191484,2.4068055,1.6928623,2.3088007,2.0115645,3.1763036,-0.17828228,0.60983634,-0.6825945,0.17867033,-0.32495025,1.6605436,-0.07275815,-0.14627993,1.3355933,0.7790519,-7.673047,-8.452099,-0.81512463,0.29222435,7.0,4.0,,0.2018507259574175,3.0849469105161527,0.3442062969176048,1.0618581522561703,1.705251716509648,True,,primer-cosmos-west-grizli-v7.4-f444w-clear_drc_sci.fits,0.0399999999999996,False,False,False
1102,high_recall,secure low-z,0.64354706,0.048503097,99.53004,primer-uds-north,64579,82620,34.37283374669858,-5.114874155516354,78863,1,21.871893154757466,581.9930924298537,0.2445221864863131,2.880138874053955,False,0,False,,,4,0,4,0,3.0,2.91090155,G395M;PRISM,rubies-uds23-v4_g395m-f290lp_4233_164579.spec.fits;rubies-uds23-v4_prism-clear_4233_164579.spec.fits;rubies-uds31-v4_g395m-f290lp_4233_164579.spec.fits;rubies-uds31-v4_prism-clear_4233_164579.spec.fits,False,False,False,False,False,False,False,False,False,False,3.3747659,3.5279198,1.6964767,0.5768431,-0.64467734,-1.4009124,-2.0281072,2.1672668,2.0308735,3.8699934,5.048963,6.252928,6.8136015,7.0596066,-0.15315372,1.831443,1.1196337,1.2215204,0.756235,0.62719476,2.9510765,1.9777554,1.3834298,-9.173248,-6.9027233,2.270525,-0.6116817,0.49566725,7.0,7.0,,0.3179660753773599,2.501308464114653,105.33095187233587,263.46520145152687,331.2647481255032,True,,primer-uds-north-grizli-v7.2-f444w-clear_drc_sci.fits,0.0399999999999996,False,False,False
1103,high_recall,untested,0.64337236,0.03995864,99.52982,primer-cosmos-east,39892,438680,150.19152099996575,2.3146825109340856,408730,1,24.5298689322508,75.5591237277608,0.1652517390571517,3.2517216205596924,False,0,False,,,0,0,0,0,,,,,False,False,False,False,False,False,False,False,False,False,7.2233744,4.040867,3.557376,2.409762,1.5272797,1.024272,0.6298296,-1.0906348,1.5794687,2.2267146,3.2161257,4.495736,4.6079345,5.0181065,3.1825078,0.4834908,1.1476139,0.8824822,0.50300777,0.3944424,1.6311047,1.38549,0.8974502,-9.919424,-4.444082,5.4753423,-0.781854,0.32716644,6.0,5.0,,0.367521987833293,2.312436356433952,14.935057062524812,34.53636893679804,40.637179697937725,True,,primer-cosmos-east-grizli-v7.4-f444w-clear_drc_sci.fits,0.0399999999999996,False,False,False
1104,high_recall,untested,0.643317,0.060064346,99.52961,ceers-full,14852,625053,215.085661915636,52.93410295804988,585255,1,27.77699492873247,7.314301730599437,0.0895936529488068,5.544466972351074,False,0,True,,,0,0,0,0,,,,,False,False,False,False,False,False,False,False,False,False,4.881353,4.6208987,5.106376,4.6774545,4.8149185,3.9161863,3.8617315,1.5225124,2.360109,1.3791598,2.2278643,2.3431053,3.3662608,2.6876192,0.2604542,-0.48547745,0.4289218,-0.13746406,0.8987322,0.054454867,-0.056555647,0.76126814,0.95318705,-0.07043545,-4.13833,-4.0678945,-1.0477227,0.050818924,7.0,5.0,,0.5692819215586595,1.556529227454242,1.3594791860890638,2.116069087263332,2.388059649543924,True,,ceers-full-grizli-v7.4-f444w-clear_drc_sci.fits,0.0399999999999993,True,True,False
1105,high_recall,secure low-z,0.64324,0.04601938,99.529396,gds,52507,229350,53.16061646311052,-27.77624542617092,216902,1,21.99834787109761,672.9990195125488,0.2728166097449728,2.5675249099731445,False,0,False,,,4,0,4,0,3.0,2.5427793666666667,G140M;G235M;G395M;PRISM,jades-gds-wide-v4_g140m-f070lp_1180_14279.spec.fits;jades-gds-wide-v4_g235m-f170lp_1180_14279.spec.fits;jades-gds-wide-v4_g395m-f290lp_1180_14279.spec.fits;jades-gds-wide-v4_prism-clear_1180_14279.spec.fits,False,False,False,False,False,False,False,False,False,False,0.77045625,0.4111018,-0.14537255,-0.52180785,-0.9936784,-1.5500469,-1.9016525,5.3820233,5.829762,6.154799,6.471266,6.777443,7.0644827,7.2048917,0.3593545,0.5564743,0.3764353,0.4718705,0.5563685,0.35160562,0.93290967,1.028239,0.9079741,-3.863785,-4.5434513,-0.6796663,-0.5641292,0.54321975,7.0,7.0,,0.1926399143608635,3.69217590746916,49.46595429368361,182.63700468310924,256.7793619396098,True,,gds-grizli-v7.2-f444w-clear_drc_sci.fits,0.0399999999999996,False,False,False
1106,high_recall,secure low-z,0.64319557,0.049245242,99.52918,primer-uds-north,12064,148232,34.51238373315593,-5.189237937109996,141838,1,22.301692335709625,434.9562488694821,0.1252013267118065,1.0052623748779297,False,0,False,,,3,0,3,0,3.0,2.3026173,G235H;G395H;PRISM,gto-wide-uds10-v4_g235h-f170lp_1215_3470.spec.fits;gto-wide-uds10-v4_g395h-f290lp_1215_3470.spec.fits;gto-wide-uds10-v4_prism-clear_1215_3470.spec.fits,False,False,False,False,False,False,False,False,False,False,2.0737903,1.520777,0.27112177,-0.49475333,-0.8626342,-1.3485479,-1.5983083,2.8006737,3.2594502,4.683312,5.5662785,6.4510436,6.862043,6.768394,0.5530133,1.2496552,0.7658751,0.36788085,0.48591375,0.2497604,2.0155303,0.8537946,0.73567414,-6.8151646,-3.688906,3.1262589,-0.9023911,0.2049579,7.0,7.0,,0.4988892871128912,1.783469181973331,169.63204983355885,302.53353315311654,340.0194275872948,True,,primer-uds-north-grizli-v7.2-f444w-clear_drc_sci.fits,0.0399999999999996,False,False,False
1107,high_recall,untested,0.6430556,0.053031143,99.52875,gdn,34445,519741,189.2951284673383,62.213668867972096,485659,3,28.12953414317024,11.05936813905065,0.0981819978592451,1.5081427097320557,False,2,False,,,0,0,0,0,,,,,False,False,False,False,False,False,False,False,False,False,2.595667,4.4732428,4.747516,2.822043,5.269147,5.0526943,4.2008514,4.5888486,2.5963304,2.1116512,4.4412274,2.0620894,2.4398627,3.0984628,-1.877576,-0.27427313,1.9254731,-2.4471042,0.21645267,0.85184306,1.6511999,-2.2306514,1.0682957,0.65548974,-6.1378217,-6.793311,-1.0079682,0.09938083,7.0,7.0,,0.4270711145487255,1.8837301681741796,0.7937216804779612,1.495157474650242,1.858523448294239,True,,gdn-grizli-v7.4-f444w-clear_drc_sci.fits,0.0399999999999996,False,False,False
1108,high_recall,untested,0.64240956,0.059873585,99.52832,primer-cosmos-east,31937,432277,150.18158618535634,2.2895016272682427,402600,1,23.12163647392727,267.735161787832,0.146450802843611,2.704145908355713,False,0,False,,,0,0,0,0,,,,,False,False,False,False,False,False,False,False,False,False,3.8132725,3.0204284,1.7885612,0.7642979,0.11187568,-0.44219255,-0.77836645,1.858966,2.7531884,4.0606074,4.94331,5.7930417,5.978799,6.283149,0.7928441,1.2318672,1.0242634,0.65242225,0.5540682,0.33617392,2.2561305,1.2064905,0.89024216,-8.653183,-4.456583,4.1965995,-0.83430827,0.27471215,7.0,7.0,,0.4245225854393522,2.054425598121605,66.23508309065164,136.0750501951462,156.02251885397996,True,,primer-cosmos-east-grizli-v7.4-f444w-clear_drc_sci.fits,0.0399999999999996,False,False,False
1109,high_recall,untested,0.64240646,0.049118068,99.52811,primer-uds-north,15836,126955,34.46709130878243,-5.182676822579668,121433,1,27.84983469903697,5.6946454785044,0.0919721089336256,6.509701728820801,False,0,False,,,0,0,0,0,,,,,False,False,False,False,False,False,False,False,False,False,4.7344503,5.5267506,6.1710515,4.710553,4.4475913,3.618934,3.9324312,1.2220473,0.51479864,-0.19330277,1.6919419,2.2891414,3.1413968,2.440295,-0.7923002,-0.64430064,1.4604981,0.2629618,0.82865745,-0.3134973,0.8161975,1.0916193,0.51516014,-0.46911824,-2.2869682,-1.81785,-1.0363438,0.07100511,5.0,3.0,,0.3511561518147117,2.511629391817676,1.036491241474487,2.603281866448913,2.951653377331101,True,,primer-uds-north-grizli-v7.2-f444w-clear_drc_sci.fits,0.0399999999999996,False,False,False
1110,high_recall,untested,0.64205056,0.04881854,99.52768,primer-uds-north,63977,91416,34.39125965230514,-5.115602736878472,87302,1,27.03849031134673,8.490690431296427,0.1212892790984995,4.87532901763916,False,0,False,,,0,0,0,0,,,,,False,False,False,False,False,False,False,False,False,False,5.1165586,6.03756,4.7779226,5.1097345,3.1401477,2.914508,3.1345127,0.64017004,-0.012518651,1.1166322,0.97568643,3.1716943,3.4293938,2.8355675,-0.9210013,1.2596372,-0.3318117,1.9695868,0.22563961,-0.22000466,0.92782557,2.1952264,0.005634958,-0.7309441,-0.49218678,0.23875728,-0.9161776,0.19117138,5.0,3.0,,0.4044899300218259,2.1053922986056453,2.194729519071479,4.620766626975563,5.425918808295309,True,,primer-uds-north-grizli-v7.2-f444w-clear_drc_sci.fits,0.0399999999999996,False,False,False
1111,high_recall,untested,0.6418343,0.03555549,99.527466,primer-uds-south,15714,114106,34.43830556908938,-5.294297491845391,109099,1,22.87022085300745,122.26435136876044,0.3618048935984416,3.462754726409912,True,3,False,,,0,0,0,0,,,,,False,False,False,False,False,False,False,False,False,False,8.440651,3.0684414,2.8088086,1.4293476,0.24188828,-0.54237884,-1.029781,-1.6712857,1.7344533,2.1472392,3.6042738,4.823377,5.5329747,5.4993496,5.3722095,0.25963295,1.3794608,1.1874593,0.7842671,0.48740214,1.6390938,1.9717265,1.2716693,-15.017733,-6.0976787,8.9200535,-0.44152555,0.66917276,6.0,5.0,,0.2618815027188249,2.918441726479694,22.172913625589025,64.71035632254916,84.66773481667198,True,,primer-uds-south-grizli-v7.2-f444w-clear_drc_sci.fits,0.0399999999999996,False,False,False
1112,high_recall,untested,0.6416396,0.039492015,99.52725,primer-uds-north,30845,48821,34.3079815130889,-5.161895494862052,46600,1,27.82270141853105,11.180463707870642,0.1904407951671494,1.1788668632507324,True,12,False,,,0,0,0,0,,,,,False,False,False,False,False,False,False,False,False,False,5.4642806,6.2669516,6.423972,4.9013734,6.6088414,7.9218354,3.9061275,1.0262117,-0.11480544,-0.8644203,0.84978545,-0.18450457,-0.9876079,3.1093092,-0.8026705,-0.157021,1.522599,-1.7074683,-1.312994,4.015708,1.365578,-3.0204623,2.7027142,2.2675605,-17.077364,-19.344925,-0.72024,0.38710895,2.0,1.0,,0.2100259968941366,3.353254482642574,0.4738091731278441,1.5888027337081148,2.2559548824170896,True,,primer-uds-north-grizli-v7.2-f444w-clear_drc_sci.fits,0.0399999999999996,False,False,False
1113,high_recall,untested,0.64155585,0.058076076,99.52703,primer-uds-south,10345,145576,34.50517446690715,-5.303199485493122,139313,1,26.27466244679202,1.766146936708738,0.0,0.8524093627929688,True,12,False,,,0,0,0,0,,,,,False,False,False,False,False,False,False,False,False,False,0.5681722,2.5418866,3.645707,2.1123588,11.4082985,2.7174513,2.3736844,2.11863,0.9073929,0.42090657,1.462438,-2.2418373,1.3352395,1.3338811,-1.9737144,-1.1038204,1.5333482,-9.295939,8.690847,0.34376684,0.42952782,-0.6050925,9.034614,4.78367,-51.904713,-56.68838,-2.39794,-1.2872417,5.0,1.0,,0.1959268207839561,5.788189750890182,0.0401197934631457,0.2322209773312109,0.2047692771342666,True,,primer-uds-south-grizli-v7.2-f444w-clear_drc_sci.fits,0.0399999999999996,False,False,False
1114,high_recall,untested,0.64143735,0.060278386,99.52682,gds,47965,252665,53.20826601696254,-27.78234721649536,238634,1,26.60141699026608,70.76763686906492,0.1051437700293475,5.6432204246521,False,0,True,,,0,0,0,0,,,,,False,False,False,False,False,False,False,False,False,False,2.5529234,2.526132,2.693243,2.7811327,2.7434647,2.238768,2.6996334,4.947605,5.103707,4.9382377,4.8837337,5.1370125,5.406914,4.952599,0.026791474,-0.16711105,-0.0878897,0.037668098,0.5046966,-0.46086538,-0.25500077,0.5423647,0.043831218,0.76339555,-0.79941696,-1.5628126,-0.97821647,0.12913251,7.0,7.0,,0.4824848444158752,1.828513525405352,3.6292164463021295,6.636071358686992,7.521928384498533,True,,gds-grizli-v7.2-f444w-clear_drc_sci.fits,0.0399999999999996,False,False,False
1115,high_recall,untested,0.6414204,0.06384946,99.5266,primer-cosmos-west,77767,312971,150.06815187819203,2.334336438253616,293204,1,22.50620290874228,358.37725820396435,0.1039203619372565,2.463426113128662,False,0,True,,,0,0,0,0,,,,,False,False,False,False,False,False,False,False,False,False,1.8386903,1.0123135,-0.34414017,-0.79018384,-1.0208864,-1.2715456,-1.393798,3.7493978,4.545616,5.790588,6.126219,6.4252324,6.4644856,6.574735,0.82637674,1.3564538,0.44604364,0.23070262,0.25065917,0.122252434,1.8024974,0.48136178,0.3729116,-6.317383,-1.8708439,4.446539,-0.9832994,0.12404962,7.0,7.0,,0.522746167701004,1.7354305179803746,165.6435653043349,287.462898336218,316.87188838288785,True,,primer-cosmos-west-grizli-v7.4-f444w-clear_drc_sci.fits,0.0399999999999996,True,False,False
1116,high_recall,untested,0.6412081,0.05822864,99.52618,primer-uds-north,75442,31991,34.27796910970393,-5.099460476646524,30532,1,28.242014930460904,10.335405951872648,0.1382396247460778,1.1017985343933103,True,6,False,,,0,0,0,0,,,,,False,False,False,False,False,False,False,False,False,False,5.9034657,5.352809,6.710374,8.403724,6.3775697,5.372242,4.307035,-0.1017305,1.3983053,-0.50587815,-1.8366386,0.36418238,2.0526037,3.0310547,0.5506569,-1.3575649,-1.6933498,2.026154,1.0053277,1.0652071,-3.0509148,3.0314817,2.070535,11.3529415,-10.562844,-21.915787,-0.85936743,0.24798152,3.0,2.0,,0.2791748970977838,2.685844098704996,0.4305042336283394,1.1562672553581923,1.5420592542657978,True,,primer-uds-north-grizli-v7.2-f444w-clear_drc_sci.fits,0.0399999999999996,False,False,False
1117,high_recall,untested,0.6411491,0.07076192,99.52596,primer-uds-south,63147,90038,34.388346867134175,-5.215251587327949,85971,1,26.26590221214085,9.830137336210768,0.1277597969359219,0.0289961490780115,False,0,True,,,0,0,0,0,,,,,False,False,False,False,False,False,False,False,False,False,2.9093328,2.9421704,3.1660402,2.6606328,2.5971775,1.9405824,2.3649397,2.4759853,2.4814494,2.4854145,3.1536884,3.1582363,3.860392,2.9811773,-0.032837655,-0.2238698,0.5054072,0.06345553,0.65659505,-0.4243574,0.28153738,0.7200506,0.23223762,-0.9216547,-2.0533721,-1.1317174,-0.89360577,0.21709251,7.0,7.0,,0.3467031139955386,2.592833746684536,3.278220158938041,8.499879857156097,9.455410195652943,True,,primer-uds-south-grizli-v7.2-f444w-clear_drc_sci.fits,0.0399999999999996,False,False,False
1118,high_recall,untested,0.6408159,0.06162552,99.52575,primer-uds-north,58912,29813,34.27256337649309,-5.123039762443429,28438,1,28.47582992931057,10.772771775150453,0.065530936405544,1.5721619129180908,False,0,True,,,2,0,0,0,2.0,,G395M;PRISM,rubies-uds22-v4_g395m-f290lp_4233_158912.spec.fits;rubies-uds22-v4_prism-clear_4233_158912.spec.fits,False,False,False,False,False,False,False,False,False,False,5.096392,4.951758,5.924515,5.7386894,4.865058,4.4752774,4.5233097,2.1981936,2.2657335,0.40584987,0.6108997,2.9098108,2.643886,3.0723162,0.14463393,-0.97275674,0.18582523,0.8736318,0.38978058,-0.048032526,-0.7869315,1.2634124,0.34174806,2.776327,-1.6695998,-4.4459267,-1.1835536,-0.07620466,5.0,5.0,,0.7400194935226735,1.3817936039402472,1.0761686931740144,1.4870430169885875,1.4542437092449938,True,,primer-uds-north-grizli-v7.2-f444w-clear_drc_sci.fits,0.0399999999999996,False,True,False
1119,high_recall,untested,0.6405394,0.04947886,99.525536,primer-cosmos-west,42855,363378,150.10748957192322,2.247949717110077,337822,1,25.115178788830804,49.53784118184669,0.2683430543413622,6.45001745223999,False,0,False,,,0,0,0,0,,,,,False,False,False,False,False,False,False,False,False,False,4.0290704,2.5478325,2.3771057,2.1090884,1.8009753,0.9470321,1.2150631,1.4207911,2.9190629,3.272955,3.5684435,4.4344616,5.0914435,4.595986,1.4812376,0.17072684,0.26801735,0.3081131,0.85394317,-0.268031,0.4387442,1.1620563,0.58591217,-2.2493274,-2.6037462,-0.3544187,-0.5713096,0.53603935,7.0,6.0,,0.3271395369253648,2.49159103694751,5.104493727564185,12.718310819753707,15.60341429696634,True,,primer-cosmos-west-grizli-v7.4-f444w-clear_drc_sci.fits,0.0399999999999996,False,False,False
1120,high_recall,secure z>3 (V untested),0.6405356,0.05422782,99.52532,ceers-full,39584,559829,214.7985157466541,52.776435993137575,523484,2,26.18338782748755,27.827578253883942,0.1181170656940417,5.138947486877441,False,0,False,,,1,0,0,1,3.0,5.2396545,G395M,rubies-egs53-v4_g395m-f290lp_4233_36473.spec.fits,False,False,False,False,False,False,False,False,False,False,3.2630112,3.56411,3.3713067,3.5095198,2.2595406,3.0907452,2.282561,3.2381146,3.125324,2.831315,3.2222078,4.5308776,3.5838726,4.0194974,-0.30109882,0.19280334,-0.13821316,1.2499791,-0.83120453,0.80818427,0.054590177,0.41877457,-0.02302032,0.5405741,0.6569264,0.116352364,-0.92768735,0.17085433,7.0,7.0,,0.5329015743286829,1.6659992393652492,5.05799966931488,8.426623601788272,9.491433151959892,True,,ceers-full-grizli-v7.4-f444w-clear_drc_sci.fits,0.0399999999999993,True,True,False
1121,high_recall,untested,0.6399663,0.06431837,99.52511,gds,2925,217984,53.14590773286909,-27.872118712009467,206435,1,22.849905781916995,640.0936919474287,0.1021366222932721,2.5929625034332275,False,0,True,,,0,0,0,0,,,,,False,False,False,False,False,False,False,False,False,False,3.1978106,1.7392372,0.16895497,-0.44832292,-0.7506355,-0.9261826,-1.050096,3.72087,5.6535635,6.4281545,6.7788787,7.040541,7.1281705,7.1547623,1.4585736,1.5702822,0.61727786,0.30231258,0.17554714,0.12391338,2.18756,0.4778597,0.29946053,-9.372637,-1.4967557,7.8758807,-0.9908185,0.116530456,7.0,7.0,,0.5199571516422903,1.7498499473573148,118.59564293008664,207.52457953801903,228.0873386499273,True,,gds-grizli-v7.2-f444w-clear_drc_sci.fits,0.0399999999999996,True,False,False
1122,high_recall,untested,0.6399176,0.04573879,99.52489,primer-cosmos-west,36353,373566,150.11650371247995,2.234134143419636,346980,1,27.93829017341117,6.586818018371946,0.0937415518748518,6.3222527503967285,False,0,False,,,0,0,0,0,,,,,False,False,False,False,False,False,False,False,False,False,5.2668223,5.5985894,4.007695,4.744224,4.6021132,3.7122555,4.0178914,0.7972558,0.57587284,2.4427788,1.8468951,2.341646,3.0392473,2.5839305,-0.3317671,1.5908941,-0.7365287,0.1421105,0.88985807,-0.30563605,0.8543654,1.0319686,0.584222,-1.2537923,-2.3765154,-1.122723,-1.0280678,0.07928111,5.0,5.0,,0.804312552897509,1.2502450030817562,1.4786717842365082,1.848702009439679,1.8384293256516295,True,,primer-cosmos-west-grizli-v7.4-f444w-clear_drc_sci.fits,0.0399999999999996,False,True,False
1123,high_recall,untested,0.63990897,0.06294676,99.52467,primer-cosmos-west,49697,333646,150.08426545115069,2.2608281728557533,311507,3,28.23739794985749,10.330540628592072,0.0967571948385146,5.710529327392578,True,3,True,,,0,0,0,0,,,,,False,False,False,False,False,False,False,False,False,False,6.756654,5.204231,6.316782,6.478961,6.3324213,5.89327,4.3027005,-1.7378365,1.6477829,-1.0945796,-1.1685094,0.6106595,1.8121488,3.0305862,1.552423,-1.1125515,-0.16217867,0.1465395,0.43915161,1.5905693,-1.2747302,0.5856911,2.029721,0.6633083,-11.349801,-12.013109,-1.0143167,0.09303223,3.0,1.0,,0.5179820833083478,1.9282378183044129,0.8189359644339267,1.579103297391095,1.581012144673786,True,,primer-cosmos-west-grizli-v7.4-f444w-clear_drc_sci.fits,0.0399999999999996,True,False,False
1124,high_recall,untested,0.639807,0.034897834,99.52446,gdn,32340,519221,189.29344511512048,62.20934586087984,485166,1,27.87262387125071,9.965234550357684,0.2093090122444967,0.6886149644851685,True,15,False,,,0,0,0,0,,,,,False,False,False,False,False,False,False,False,False,False,3.1688943,7.8738494,7.644144,2.2560146,7.1737413,6.0574775,3.9544926,3.7826893,-2.6102946,-2.1674435,4.604853,-1.1244279,0.92051125,2.9947577,-4.704955,0.22970538,5.3881297,-4.9177265,1.1162636,2.1029851,5.617835,-3.801463,3.2192488,-3.695052,-17.06725,-13.372197,-0.6792121,0.4281369,4.0,3.0,,0.300876035953547,2.555376415913034,0.759600120756382,1.941064234105551,2.5246281856547004,True,,gdn-grizli-v7.4-f444w-clear_drc_sci.fits,0.0399999999999996,False,False,False
1125,high_recall,untested,0.6394033,0.055097833,99.52425,primer-uds-north,75768,21380,34.25191780798316,-5.099122785034943,20341,1,22.79224575572375,264.3001027708984,0.1066070163125537,2.719316244125366,False,0,False,,,0,0,0,0,,,,,False,False,False,False,False,False,False,False,False,False,3.1342084,1.979445,0.42873988,-0.38749638,-0.731192,-0.9540102,-1.1077559,2.3611188,3.368833,4.956032,5.8932557,6.2835274,6.4977236,6.270236,1.1547633,1.5507051,0.81623626,0.3436956,0.22281817,0.15374567,2.3669415,0.5665138,0.37656385,-7.343851,-1.8825818,5.4612694,-0.9722142,0.13513476,7.0,7.0,,0.5092928289727157,1.7716015571248902,122.23609048079103,216.5536482326284,240.01141097421493,True,,primer-uds-north-grizli-v7.2-f444w-clear_drc_sci.fits,0.0399999999999996,True,False,False
1126,high_recall,untested,0.6393026,0.045797125,99.52403,ceers-full,65731,595220,214.9407112085223,52.93799830392624,557044,1,24.05041934601312,159.66563701723547,0.254558795953801,4.453277587890625,False,0,False,,,0,0,0,0,,,,,False,False,False,False,False,False,False,False,False,False,2.498295,2.205195,1.8766166,1.310543,0.5616434,0.20220286,0.15040307,3.4587536,3.736145,3.886431,4.98701,5.5237374,5.8279223,5.7662387,0.29310015,0.3285783,0.5660736,0.7488996,0.35944057,0.051799793,0.8946519,1.1083401,0.41124034,-3.711086,-2.0811775,1.6299087,-0.5942119,0.5043298,7.0,7.0,,0.2788338160894921,2.787831865615801,11.914202975716233,33.21479470911632,42.72868744116873,True,,ceers-full-grizli-v7.4-f444w-clear_drc_sci.fits,0.0399999999999993,False,False,False
1127,high_recall,untested,0.6390346,0.056993917,99.523605,primer-uds-north,47927,5292,34.214698233292005,-5.139463782737483,5002,1,25.808369699652424,12.615505263186138,0.5694520520763706,0.983961284160614,False,2,False,,,0,0,0,0,,,,,False,False,False,False,False,False,False,False,False,False,2.0983062,3.673544,2.1651664,2.9096286,1.9790415,1.7986728,1.907955,3.0193634,1.2756555,2.8961942,0.9641604,3.1277657,3.5710368,3.229641,-1.5752378,1.5083776,-0.74446213,0.93058705,0.1803687,-0.10928232,0.7639154,1.1109558,0.07108638,0.41222745,-0.32701316,-0.73924065,-0.24454284,0.86280614,7.0,5.0,,0.1086813052292905,5.3491073699449245,0.2507773094909655,1.3414347544130831,2.307455812771919,True,,primer-uds-north-grizli-v7.2-f444w-clear_drc_sci.fits,0.0399999999999996,False,False,False
1128,high_recall,untested,0.63885105,0.06810704,99.52318,primer-uds-north,52042,135929,34.48578984436232,-5.132419409376518,130059,1,27.447630493614305,24.97306367941757,0.0407647187628101,0.2700651288032532,True,8,True,,,0,0,0,0,,,,,False,False,False,False,False,False,False,False,False,False,3.6005511,3.5868125,3.2276628,2.3868678,4.309685,7.9699154,3.5392306,3.4505582,3.5123124,4.0322957,4.9627457,3.508073,-2.7654996,3.9113455,0.0137384115,0.35914972,0.84079504,-1.9228172,-3.6602304,4.430685,1.1999447,-5.5830474,0.7704546,-4.503783,-4.99245,-0.48866713,-1.3897156,-0.28236657,6.0,6.0,,0.2651432614161973,2.786647006251893,4.859477099159373,13.541647310322103,18.327741286743155,True,,primer-uds-north-grizli-v7.2-f444w-clear_drc_sci.fits,0.0399999999999996,False,False,False
1129,high_recall,untested,0.6387461,0.069894925,99.522964,ceers-full,38092,554484,214.7658588040492,52.749649186839456,518423,1,26.97197650482783,14.363589071002592,0.1210930898940956,6.483200073242188,False,0,True,,,0,0,0,0,,,,,False,False,False,False,False,False,False,False,False,False,5.2263403,3.528916,3.4694612,3.3499634,3.2942078,2.6787996,3.0684555,1.3606937,3.2953048,3.161761,3.4478629,3.6921115,4.2240887,3.3590531,1.6974243,0.05945468,0.11949765,0.055755798,0.6154082,-0.38965577,0.17895234,0.671164,0.22575238,-1.5122799,-2.3825657,-0.8702859,-0.91688067,0.18166104,7.0,6.0,,0.3818475587778756,2.270681117960692,2.013288619940569,4.571536454304189,5.272493102703632,True,,ceers-full-grizli-v7.4-f444w-clear_drc_sci.fits,0.0399999999999993,False,False,False
1130,high_recall,secure low-z,0.63848084,0.05668665,99.52253,primer-cosmos-west,95495,348956,150.09595015557375,2.4040806778205392,325008,1,22.415843886434004,356.2772420945715,0.1106379987692588,2.464807510375977,False,0,False,,,3,0,2,0,3.0,2.4659224,G235H;G395H;PRISM,gto-wide-cos02-v4_g235h-f170lp_1214_3730.spec.fits;gto-wide-cos02-v4_g395h-f290lp_1214_3730.spec.fits;gto-wide-cos02-v4_prism-clear_1214_3730.spec.fits,False,False,False,False,False,False,False,False,False,False,3.6447952,1.9134016,0.27753666,-0.4757069,-0.9794972,-1.308863,-1.484157,1.9751415,3.8825796,5.3117614,6.112319,6.314952,6.5466285,6.568858,1.7313936,1.635865,0.75324357,0.50379026,0.32936582,0.17529392,2.3891087,0.83315605,0.5046597,-7.1692557,-2.5296645,4.639591,-0.9560957,0.15125328,7.0,7.0,,0.5053695228072066,1.7736700502496925,168.45212790109488,298.7784941590026,333.3246669988797,True,,primer-cosmos-west-grizli-v7.4-f444w-clear_drc_sci.fits,0.0399999999999996,True,False,False
1131,high_recall,untested,0.63824284,0.047648035,99.5221,primer-cosmos-west,38301,316509,150.07109660336386,2.238245874164289,296334,1,27.678720984719543,13.630728969268596,0.1622505068154609,3.479978084564209,False,1,False,,,0,0,0,0,,,,,False,False,False,False,False,False,False,False,False,False,4.5956635,5.516777,6.6110234,5.5650496,4.6190896,4.36901,3.7659411,1.6893644,0.9449046,-1.4647715,1.5351924,2.9387865,3.2757692,3.3068168,-0.9211132,-1.0942466,1.0459741,0.9459596,0.25007963,0.60306895,-0.04827251,1.1960392,0.8531486,2.7348363,-4.469991,-7.204828,-0.78981394,0.31753504,6.0,3.0,,0.4904735397758959,1.7739580801370254,0.9937660288366886,1.762899276620528,2.0261358630900945,True,,primer-cosmos-west-grizli-v7.4-f444w-clear_drc_sci.fits,0.0399999999999996,False,False,False
1132,high_recall,untested,0.63789165,0.054469854,99.52189,primer-cosmos-west,8307,323881,150.07690550462274,2.156926661120753,302869,1,26.986531410468405,37.30634676529309,0.0817094022017867,3.202946424484253,False,0,False,,,0,0,0,0,,,,,False,False,False,False,False,False,False,False,False,False,5.3527017,4.837682,4.349619,3.2895398,3.3832288,3.0539515,3.082915,0.97181934,2.1323743,3.125006,4.266976,4.269023,4.6858783,4.3124905,0.51501983,0.48806295,1.060079,-0.09368893,0.3292772,-0.028963458,1.548142,0.23558825,0.3003137,-7.3999276,-1.5168974,5.8830304,-1.087728,0.019621,7.0,6.0,,0.6075821137500028,1.5495793772429711,3.29649212276394,5.108176210678907,5.425591122849154,True,,primer-cosmos-west-grizli-v7.4-f444w-clear_drc_sci.fits,0.0399999999999996,True,True,False
1133,high_recall,untested,0.63788867,0.053848688,99.521675,primer-uds-south,20118,23736,34.25813715991079,-5.286688535747708,22607,1,27.33005064267318,6.240412016225515,0.0458222304464975,17.528453826904297,True,3,False,,,0,0,0,0,,,,,False,False,False,False,False,False,False,False,False,False,4.828776,6.7468104,5.879353,6.3918176,2.9183831,3.2954037,3.4232712,1.1243901,-0.73066425,0.16944906,-0.27197576,3.4534287,3.1619315,2.5305521,-1.9180346,0.86745757,-0.51246434,3.4734342,-0.37702057,-0.12786753,0.35499322,3.0964136,-0.5048881,4.1295624,2.9270215,-1.202541,-1.3389238,-0.22822548,4.0,3.0,,0.9980601097768074,1.018981706821353,3.879298948992216,3.952934664314369,3.88683898994794,True,,primer-uds-south-grizli-v7.2-f444w-clear_drc_sci.fits,0.0399999999999996,False,True,False
1134,high_recall,untested,0.63732725,0.055828564,99.52125,primer-cosmos-west,42749,347794,150.09505573035491,2.2477656383933744,323967,1,26.71253722722493,11.650834352862622,0.4739117722577678,16.160037994384766,False,0,False,,,0,0,0,0,,,,,False,False,False,False,False,False,False,False,False,False,4.337687,6.4272914,6.5297775,4.6116576,2.9714005,3.2418725,2.8103497,1.1392127,-0.32551718,-0.6156059,1.7434014,3.2608182,3.26433,3.1503615,-2.0896041,-0.10248639,1.91812,1.6402569,-0.27047202,0.4315228,1.8156337,1.369785,0.16105074,-0.7383153,-0.5797662,0.15854906,-0.3243025,0.7830465,5.0,3.0,,0.1446408353181551,4.495736695059446,0.3492514381380606,1.5701425062395635,2.414611595472604,True,,primer-cosmos-west-grizli-v7.4-f444w-clear_drc_sci.fits,0.0399999999999996,False,False,False
1135,high_recall,untested,0.6373014,0.05655132,99.521034,primer-cosmos-west,18573,363811,150.10786982779464,2.178618001507291,338213,1,26.455932069697223,17.609136901993235,0.0754658262842559,1.7237993478775024,False,0,False,,,0,0,0,0,,,,,False,False,False,False,False,False,False,False,False,False,6.3266253,4.51014,3.9005876,2.897829,2.8604898,2.673025,2.554567,-0.3892179,1.540578,2.1553636,2.8660674,3.8186014,3.39511,3.5623703,1.8164853,0.6095524,1.0027585,0.037339304,0.18746482,0.118457876,1.6123109,0.22480412,0.3059227,-7.747982,-1.5425178,6.205464,-1.1222497,-0.014900702,6.0,5.0,,0.6206974933649697,1.452469769209051,5.691252608249349,8.26637236241434,9.169124523760397,True,,primer-cosmos-west-grizli-v7.4-f444w-clear_drc_sci.fits,0.0399999999999996,True,True,False
1136,high_recall,untested,0.636771,0.060473084,99.52082,ceers-full,67221,612939,215.01277781953493,52.99333553418452,573822,1,25.80694882562768,49.94595426799954,0.0922886346922956,5.1389265060424805,False,2,True,,,0,0,0,0,,,,,False,False,False,False,False,False,False,False,False,False,3.1735923,2.8020563,2.7637465,2.8210778,1.3118687,2.4478886,1.9065353,3.165815,3.8254352,3.27239,3.5810804,5.4886003,4.5535545,4.604189,0.37153614,0.03830978,-0.057331264,1.5092092,-1.1360201,0.54135346,-0.019021481,0.373189,-0.59466666,-0.5300059,4.199008,4.729014,-1.0348518,0.0636899,7.0,7.0,,0.5441982959337618,1.666594547120281,9.183762410721746,15.305608355757068,16.87576473381601,True,,ceers-full-grizli-v7.4-f444w-clear_drc_sci.fits,0.0399999999999993,True,True,False
1137,high_recall,untested,0.63673955,0.03628981,99.5206,gdn,41770,468975,189.0885020876119,62.22763299415568,437840,1,27.79989982020246,10.08850024265008,0.0978303834053297,4.214743614196777,False,0,False,,,0,0,0,0,,,,,False,False,False,False,False,False,False,False,False,False,4.898603,4.6059484,5.956218,4.7585893,3.913385,3.4239306,3.883993,1.7286714,2.2782245,0.099793576,1.8360218,3.2566993,3.924501,3.0069907,0.29265472,-1.3502694,1.1976286,0.8452041,0.48945433,-0.46006224,-0.15264085,1.3346585,0.029392103,0.15915331,-1.1270127,-1.2861661,-1.0095263,0.09782272,6.0,5.0,,0.5260607702196397,1.7429014719076512,1.305852358470602,2.27597199767249,2.4823222570376906,True,,gdn-grizli-v7.4-f444w-clear_drc_sci.fits,0.0399999999999996,True,False,False
1138,high_recall,untested,0.63668656,0.054531094,99.520386,ceers-full,574,624441,215.0794465554353,52.881850661634495,584685,1,22.163903518250013,780.3606225720495,0.1081299675650274,1.99144983291626,False,0,False,,,0,0,0,0,,,,,False,False,False,False,False,False,False,False,False,False,2.183759,0.7091154,-0.3848384,-0.92458135,-1.355296,-1.6034756,-1.736097,3.8338,5.220923,6.314636,6.806545,7.212073,7.364184,7.352904,1.4746436,1.0939537,0.53974295,0.43071467,0.24817954,0.13262144,1.6336967,0.6788942,0.380801,-7.0741377,-1.9087323,5.1654058,-0.9660539,0.13248774,7.0,7.0,,0.4938148314198548,1.8183509621990448,210.02680108420896,381.9024358390588,425.31489076649154,True,,ceers-full-grizli-v7.4-f444w-clear_drc_sci.fits,0.0399999999999993,False,False,False
1139,high_recall,untested,0.6366208,0.040091146,99.52017,primer-uds-north,49091,59726,34.32636060586938,-5.13664035319189,56948,1,27.725924190627023,9.104245375861437,0.0321290855232322,17.914907455444336,False,2,False,,,0,0,0,0,,,,,False,False,False,False,False,False,False,False,False,False,5.571736,6.269584,6.542465,5.6042633,3.7874718,3.857842,3.8120055,0.4628047,-0.40123227,-0.9236935,1.0187151,3.2747521,3.2793145,2.9048905,-0.6978487,-0.2728809,0.938202,1.8167914,-0.07037008,0.04583645,0.6653211,1.7464213,-0.024533628,0.09468805,0.22223294,0.12754488,-1.4931016,-0.38575268,4.0,3.0,,0.924705288920708,1.051495851069725,2.829541296411077,2.975250933606698,3.0599384801979927,True,,primer-uds-north-grizli-v7.2-f444w-clear_drc_sci.fits,0.0399999999999996,False,True,False
1140,high_recall,secure low-z,0.63623816,0.048742317,99.519745,primer-cosmos-west,90081,322556,150.07584010058713,2.3807224814501486,301699,1,21.347249568125505,295.5731711356345,0.451495890383261,2.435534715652466,False,1,False,,,3,0,2,0,3.0,2.45157,G235H;G395H;PRISM,gto-wide-cos02-v4_g235h-f170lp_1214_2329.spec.fits;gto-wide-cos02-v4_g395h-f290lp_1214_2329.spec.fits;gto-wide-cos02-v4_prism-clear_1214_2329.spec.fits,False,False,False,False,False,False,False,False,False,False,0.7988433,0.48716098,-0.71281075,-1.119498,-1.661115,-2.2137117,-2.5527506,3.239353,3.7275937,4.953299,5.2229342,5.926048,6.095708,6.3820662,0.31168234,1.1999718,0.40668723,0.5416171,0.5525966,0.3390388,1.6066589,1.0942137,0.8916354,-4.639437,-4.46305,0.17638734,-0.3453462,0.76200277,7.0,7.0,,0.2438953209153975,3.12147969424327,73.85688575025607,230.54276914946945,302.8220692100754,True,,primer-cosmos-west-grizli-v7.4-f444w-clear_drc_sci.fits,0.0399999999999996,False,False,False
1141,high_recall,untested,0.6359508,0.06410769,99.519104,primer-uds-south,45528,81974,34.37139235442309,-5.2458240434267065,78248,1,22.38081243144338,496.7105650344589,0.1148174076751074,1.6652655601501465,False,0,True,,,0,0,0,0,,,,,False,False,False,False,False,False,False,False,False,False,2.0736513,1.0791233,0.26273474,-0.38987854,-0.9450515,-1.2781347,-1.5191883,3.4818745,4.4441566,5.363575,6.087189,6.7534633,6.9972944,6.9011555,0.994528,0.8163885,0.6526133,0.5551729,0.33308324,0.2410536,1.4690018,0.8882562,0.57413685,-5.9934754,-2.8688788,3.1245966,-0.93999225,0.17070603,7.0,7.0,,0.4822981107632687,1.8561546026409377,168.38623327977035,312.5508819236164,349.13309739755766,True,,primer-uds-south-grizli-v7.2-f444w-clear_drc_sci.fits,0.0399999999999996,False,False,False
1142,high_recall,untested,0.63570225,0.05925054,99.51889,primer-uds-north,39225,19078,34.24648359621641,-5.150524931873872,18123,1,27.799101118928405,7.089735235996135,0.0755599304335799,7.3638739585876465,True,4,False,,,0,0,0,0,,,,,False,False,False,False,False,False,False,False,False,False,6.310012,4.472528,4.9292994,5.564794,6.6744404,5.3618984,3.883217,-0.7894697,1.8191458,1.5256935,0.97604585,-0.3286854,1.6688347,2.656732,1.8374839,-0.45677158,-0.6354947,-1.1096464,1.312542,1.4786817,-1.0922663,0.20289557,2.7912235,-0.22437133,-14.515864,-14.291493,-1.1217084,-0.014359484,5.0,2.0,,0.5088066499277979,1.7531475685278213,1.5312327240893138,2.6844769270874127,3.0094589453707083,True,,primer-uds-north-grizli-v7.2-f444w-clear_drc_sci.fits,0.0399999999999996,True,False,False
1143,high_recall,untested,0.63519233,0.060334615,99.51868,primer-cosmos-west,21041,360302,150.1048614529811,2.187229113163153,335059,1,26.43733516107757,13.07214233022526,0.182074633937191,5.3004469871521,False,0,True,,,0,0,0,0,,,,,False,False,False,False,False,False,False,False,False,False,2.8673117,4.2331467,3.7344875,3.9779527,3.0468488,2.9571655,2.536016,2.215615,1.5311803,1.9891752,1.627874,3.3592248,2.7994833,3.2650905,-1.365835,0.49865898,-0.2434653,0.931104,0.08968336,0.42114943,0.25519368,1.0207874,0.5108328,3.3534737,-2.5029857,-5.8564596,-0.73975056,0.3675984,7.0,5.0,,0.3182129723621896,2.475939207849772,2.225703763362285,5.510707212767472,6.994384128466615,True,,primer-cosmos-west-grizli-v7.4-f444w-clear_drc_sci.fits,0.0399999999999996,False,False,False
1144,high_recall,untested,0.63504535,0.036336914,99.51803,primer-uds-north,27414,12090,34.23104632224649,-5.167789969184465,11427,1,24.297157189638007,193.7421140903968,0.2148187739764718,5.777797222137451,False,0,False,,,0,0,0,0,,,,,False,False,False,False,False,False,False,False,False,False,1.6984297,1.4554514,1.4978586,1.3941864,1.2434559,0.5417673,0.39713156,3.1842246,3.4228132,3.5928159,3.8688009,5.398688,6.0031013,5.959682,0.24297833,-0.042407226,0.103672266,0.15073043,0.70168865,0.14463572,0.06126504,0.8524191,0.8463243,-0.65546423,-4.274755,-3.6192906,-0.66792774,0.4394212,7.0,7.0,,0.4978342947935764,1.7622716538436012,19.42182025419766,34.22652330001806,39.01262017766531,True,,primer-uds-north-grizli-v7.2-f444w-clear_drc_sci.fits,0.0399999999999996,False,False,False
1145,high_recall,untested,0.63495326,0.04676811,99.517815,gdn,84624,524001,189.30778796299296,62.30730334773908,489667,1,22.10120990196365,536.6287981045925,0.2655788814310921,3.212446928024292,False,0,False,,,0,0,0,0,,,,,False,False,False,False,False,False,False,False,False,False,4.9175367,5.111507,2.7473655,1.098712,-0.36465308,-1.1048974,-1.7987906,1.4859029,1.3153708,3.6423357,5.0226407,6.1971226,6.4828725,6.9784546,-0.19396986,2.3641412,1.6486535,1.4633651,0.74024427,0.69389313,4.012795,2.2036095,1.4341375,-13.246473,-7.1462326,6.1002407,-0.57580644,0.5315425,7.0,5.0,,0.2701322189060635,2.821223022439626,66.12802523220068,186.56190721355307,244.7987341161856,True,,gdn-grizli-v7.4-f444w-clear_drc_sci.fits,0.0399999999999996,False,False,False
1146,high_recall,untested,0.6341014,0.047740802,99.51696,primer-cosmos-east,29770,413334,150.1570438176686,2.2815435585602324,384502,1,23.761901215714385,194.3613735445462,0.1759504684665457,5.145769119262695,False,0,False,,,0,0,0,0,,,,,False,False,False,False,False,False,False,False,False,False,2.7118123,2.2658377,2.0455947,1.5391176,0.27448323,0.27408683,-0.13810834,2.9742575,3.5014212,3.8981972,4.9288034,5.806905,5.7941074,5.962873,0.4459746,0.22024277,0.50647724,1.2646344,0.0003963893,0.41219518,0.72672,1.2650307,0.41259158,-3.4233088,-2.0097215,1.4135871,-0.7546096,0.35441083,7.0,7.0,,0.4195544017614784,2.041595726334064,30.743235253165487,62.76525770654539,73.27592112987382,True,,primer-cosmos-east-grizli-v7.4-f444w-clear_drc_sci.fits,0.0399999999999996,False,False,False
1147,high_recall,untested,0.63408667,0.05129024,99.51675,primer-cosmos-west,34309,316583,150.07114862465244,2.227799375083779,296399,1,26.82888911220499,11.07357340827464,0.0828566509789115,1.1670869588851929,False,0,False,,,0,0,0,0,,,,,False,False,False,False,False,False,False,False,False,False,3.0476367,2.835626,2.3255324,3.7850046,3.5784848,3.930826,2.9261808,2.467231,2.7773445,3.4472852,2.1782818,3.0046892,2.5138423,3.0997412,0.21201095,0.51009345,-1.4594723,0.20652002,-0.35234123,1.0046451,-0.9493789,-0.1458212,0.6523039,-1.1494226,-3.2787833,-2.1293607,-1.0816727,0.025676342,7.0,7.0,,0.5998064371631112,1.565538778273723,3.997412420273526,6.25810415669122,6.664504034301437,True,,primer-cosmos-west-grizli-v7.4-f444w-clear_drc_sci.fits,0.0399999999999996,True,True,False
1148,high_recall,untested,0.6340031,0.054301318,99.51631,primer-cosmos-east,81208,408019,150.15104924888035,2.473785640808772,379451,2,27.65295020996492,18.899192561045705,0.1240885138088827,6.706331729888916,False,0,False,,,0,0,0,0,,,,,False,False,False,False,False,False,False,False,False,False,7.9381647,4.3580008,4.52931,4.8901496,4.4211154,3.450176,3.7407532,-1.4930173,1.471188,2.7068062,1.4833324,2.0729346,3.040075,3.6329656,3.580164,-0.1713097,-0.36083946,0.46903428,0.9709396,-0.2905772,-0.5321492,1.4399738,0.68036234,-7.9035635,0.12232187,8.025886,-0.9062684,0.20275198,6.0,4.0,,0.4164560216014843,2.014590254576584,1.294550035801665,2.6079878861878023,3.108491578110612,True,,primer-cosmos-east-grizli-v7.4-f444w-clear_drc_sci.fits,0.0399999999999996,False,False,False
1149,high_recall,untested,0.6339546,0.062054027,99.515884,primer-uds-north,18696,139359,34.49250618848969,-5.178661293501163,133343,1,22.84240440199668,447.3449043614117,0.1127045767534026,3.14962100982666,False,0,True,,,0,0,0,0,,,,,False,False,False,False,False,False,False,False,False,False,4.2493505,2.8082542,1.2264891,-0.18099406,-0.62090254,-0.8600827,-1.0575974,1.5388527,2.9097536,4.560736,5.977853,6.6769457,6.8623223,6.7964783,1.4410963,1.5817652,1.4074831,0.43990847,0.23918012,0.1975147,2.9892483,0.6790886,0.4366948,-11.668067,-2.1790218,9.489045,-0.9480584,0.15929052,7.0,6.0,,0.4672090421993634,1.9082805776731675,108.91928241676572,207.8485511700125,233.12751376564452,True,,primer-uds-north-grizli-v7.2-f444w-clear_drc_sci.fits,0.0399999999999996,False,False,False
1150,high_recall,untested,0.6339459,0.05151844,99.51567,primer-cosmos-east,47056,438266,150.1908580877358,2.340880548638375,408334,1,27.53096440246153,6.476108115131274,0.0904011972079116,5.675078392028809,False,0,False,,,0,0,0,0,,,,,False,False,False,False,False,False,False,False,False,False,4.0786595,5.2245703,5.0127816,4.5701575,4.0676947,3.4881942,3.6211894,1.5799512,0.68948585,1.0370563,1.490167,2.382939,2.7309093,2.5671751,-1.1459107,0.21178842,0.44262436,0.50246245,0.57950056,-0.13299496,0.65441275,1.0819631,0.4465056,1.4756535,-2.0484858,-3.5241392,-1.0438259,0.065194584,6.0,3.0,,0.4515689852816127,1.7385780063672376,1.4449375107758424,2.512136576809903,3.1998156602246137,True,,primer-cosmos-east-grizli-v7.4-f444w-clear_drc_sci.fits,0.0399999999999996,False,False,False
1151,high_recall,untested,0.6339084,0.051406708,99.51546,primer-cosmos-east,69614,419926,150.1649396609634,2.4240562588326333,390733,2,26.805253538322805,20.11151431286721,0.1191716145227811,6.54291582107544,False,0,False,,,0,0,0,0,,,,,False,False,False,False,False,False,False,False,False,False,5.79662,3.6289017,3.5813527,3.352393,3.019399,2.1988335,2.9026601,0.02151902,2.732542,2.7046132,3.4529908,3.8522344,4.6931887,3.6950572,2.167718,0.047548976,0.22895977,0.3329941,0.82056546,-0.7038268,0.27650875,1.1535596,0.116738684,-1.7266526,-1.8242378,-0.097585276,-0.9238272,0.18519323,6.0,6.0,,0.442114613206156,1.9626671423750164,2.489792567397492,4.886634063360591,5.631554563061938,True,,primer-cosmos-east-grizli-v7.4-f444w-clear_drc_sci.fits,0.0399999999999996,False,False,False
1152,high_recall,untested,0.633699,0.039909385,99.51524,primer-uds-south,20784,54424,34.31718408216533,-5.285541592230556,51911,1,24.463891144806603,77.94600431947777,0.1622293294308179,2.8131887912750244,False,0,False,,,0,0,0,0,,,,,False,False,False,False,False,False,False,False,False,False,7.298956,5.850021,3.825421,2.3132339,1.4852692,1.0743064,0.5638563,-1.539122,0.16069308,2.1787488,3.7640095,4.645396,5.0275893,5.049205,1.4489352,2.0245998,1.5121872,0.8279646,0.41096285,0.51045007,3.536787,1.2389274,0.9214129,-13.95191,-4.707569,9.24434,-0.7898706,0.32082766,5.0,5.0,,0.3682458531553567,2.3136702083259517,15.903947800022458,36.796490219683015,43.18839618626431,True,,primer-uds-south-grizli-v7.2-f444w-clear_drc_sci.fits,0.0399999999999996,False,False,False
1153,high_recall,untested,0.63299894,0.06673627,99.5146,ceers-full,70338,578945,214.8814983828524,52.90633266771993,541627,1,27.62418942052921,16.09949767748615,0.1050647209280735,6.307979106903076,False,0,True,,,0,0,0,0,,,,,False,False,False,False,False,False,False,False,False,False,4.5493913,4.343265,3.618078,4.141729,4.0965853,3.2318933,3.712612,1.941612,2.6250215,3.183215,3.0649183,3.240687,4.074416,3.4728985,0.20612647,0.72518677,-0.523651,0.04514381,0.8646919,-0.4807185,0.20153579,0.90983576,0.38397345,-0.57979023,-1.1900963,-0.610306,-0.9785431,0.11999859,7.0,7.0,,0.4241643973996734,1.989242592489484,1.5345919777783352,3.0526757242893403,3.617917928015891,True,,ceers-full-grizli-v7.4-f444w-clear_drc_sci.fits,0.0399999999999993,False,False,False
1154,high_recall,untested,0.6329368,0.059471812,99.51438,gds,54220,228757,53.15984863187304,-27.77004362284349,216361,1,27.95286877974345,15.27210949752564,0.1029025351691435,6.866489887237549,False,0,False,,,0,0,0,0,,,,,False,False,False,False,False,False,False,False,False,False,3.3036215,4.117171,4.22882,4.5746193,4.498147,3.833224,4.0319304,3.8285608,3.3890228,3.1537597,3.044061,3.3579502,4.0094204,3.4202456,-0.81354934,-0.111648895,-0.3457996,0.07647232,0.66492295,-0.19870631,-0.45744848,0.74139524,0.46621662,3.8761027,-2.3661146,-6.242217,-0.9875739,0.11977504,7.0,7.0,,0.4248319210923946,1.9414312481604183,0.944096172168081,1.832897809915751,2.222281625496673,True,,gds-grizli-v7.2-f444w-clear_drc_sci.fits,0.0399999999999996,False,False,False
1155,high_recall,untested,0.6326436,0.08741922,99.51417,gds,10376,227570,53.15831189115357,-27.857653302142,215268,2,27.04698122927569,25.205779461740164,0.1278729895859569,6.2927446365356445,False,0,True,,,0,0,0,0,,,,,False,False,False,False,False,False,False,False,False,False,3.6806774,3.089022,3.2636125,3.4470928,3.3734999,2.5146573,3.1429412,3.0255957,3.648182,3.5562725,3.5888765,3.8491368,4.591897,3.9206138,0.5916555,-0.17459065,-0.1834802,0.0735927,0.8588428,-0.6282841,-0.35807085,0.9324355,0.23055871,0.36833584,-1.1154828,-1.4838187,-0.8932212,0.21412778,7.0,7.0,,0.4135620604315584,2.077380609959385,1.870516637784461,3.8857749939398634,4.522940609766157,True,,gds-grizli-v7.2-f444w-clear_drc_sci.fits,0.0399999999999996,False,False,False
1156,high_recall,untested,0.63188475,0.063403755,99.51353,primer-uds-south,24733,69516,34.3451975532347,-5.278559670423751,66309,1,27.235094527711603,7.23556879173472,0.109727814314608,6.424215793609619,False,0,True,,,0,0,0,0,,,,,False,False,False,False,False,False,False,False,False,False,4.4772577,3.4999645,3.60187,4.048819,3.572763,2.9142337,3.3293946,1.5004642,2.4217556,2.510105,2.2856076,2.904619,3.5516634,2.6768975,0.97729343,-0.101905435,-0.44694895,0.47605583,0.65852946,-0.41516095,-0.5488544,1.1345853,0.2433685,0.7404253,-2.2586756,-2.999101,-0.9596833,0.15101503,7.0,6.0,,0.3720682385019013,2.322367707480827,1.54410110005755,3.5859705318592754,4.15004813706951,True,,primer-uds-south-grizli-v7.2-f444w-clear_drc_sci.fits,0.0399999999999996,False,False,False
1157,high_recall,untested,0.6317268,0.054985467,99.51331,ceers-full,78817,552758,214.74944073864583,52.829478446610295,516799,1,21.63141931934595,1014.5313456335656,0.1117530550199901,1.757735013961792,False,1,False,,,0,0,0,0,,,,,False,False,False,False,False,False,False,False,False,False,0.84967923,-0.56625026,-1.2881223,-1.6475065,-1.9288083,-2.1270938,-2.268581,5.512263,6.6522536,7.0362096,7.3245373,7.518953,7.6242976,7.6153293,1.4159294,0.72187203,0.35938412,0.28130192,0.19828553,0.14148699,1.0812562,0.47958744,0.33977252,-7.097623,-1.698048,5.3995748,-0.9517406,0.14680108,7.0,7.0,,0.5004698169510327,1.788842110472772,338.6560587978763,605.8022189443842,676.6762896133082,True,,ceers-full-grizli-v7.4-f444w-clear_drc_sci.fits,0.0399999999999993,True,False,False
1158,high_recall,untested,0.6316805,0.06130818,99.5131,primer-uds-north,24096,76565,34.35964979918996,-5.171194642859537,73046,1,25.30970540146201,73.77485686121241,0.0808143624721391,6.864626884460449,False,0,True,,,0,0,0,0,,,,,False,False,False,False,False,False,False,False,False,False,3.1678984,1.5758692,1.5218658,1.4810996,1.869818,1.1862444,1.4095398,3.125011,4.617772,4.8394904,5.045057,4.927125,5.558611,4.994211,1.5920292,0.0540034,0.040766202,-0.38871837,0.6835736,-0.22329554,0.094769605,0.29485527,0.46027806,-0.83980256,-2.2918575,-1.452055,-1.0925114,0.014837517,7.0,7.0,,0.6261297941155789,1.473710436263103,15.90720135263552,23.442608645117517,25.40559721344161,True,,primer-uds-north-grizli-v7.2-f444w-clear_drc_sci.fits,0.0399999999999996,True,True,False
1159,high_recall,untested,0.63150245,0.072022386,99.51267,gds-sw,17815,182726,53.08650425359844,-27.8917917619575,173605,2,26.89577187381924,36.97704025365479,0.103965107940337,5.673152446746826,False,0,True,,,0,0,0,0,,,,,False,False,False,False,False,False,False,False,False,False,2.9839501,2.9921658,2.9711254,3.1068392,3.1176605,2.42261,2.9927099,3.9795713,4.1256375,4.194015,4.2336,4.4324017,5.02998,4.303627,-0.0082158735,0.021040551,-0.13571383,-0.010821299,0.6950506,-0.5701,-0.11467328,0.68422925,0.124950565,0.34501517,-1.3981173,-1.7431325,-0.9831124,0.124236576,7.0,7.0,,0.5160150738109036,1.7372226004652718,2.7690668316513327,4.810485482143459,5.366251825166781,True,,gds-sw-grizli-v7.0-f444w-clear_drc_sci.fits,0.0399999999999996,True,False,False
1160,high_recall,untested,0.63128406,0.054026213,99.51246,primer-uds-south,31215,134604,34.48303033317969,-5.268353597799234,128788,1,22.76711396939487,438.7035828284437,0.1060074157075896,1.8722095489501955,False,0,False,,,0,0,0,0,,,,,False,False,False,False,False,False,False,False,False,False,3.0681422,1.2294356,0.2347778,-0.31899157,-0.7673544,-1.0028596,-1.1328876,2.8771894,4.571841,5.6179743,6.229991,6.748227,6.9253726,6.7769723,1.8387066,0.9946578,0.55376935,0.44836286,0.23550521,0.13002793,1.5484272,0.68386805,0.36553314,-5.8804383,-1.8316114,4.048827,-0.97466373,0.13603455,7.0,7.0,,0.5147160077882625,1.758362591863267,126.07576766011934,221.6869135939985,244.94238716582296,True,,primer-uds-south-grizli-v7.2-f444w-clear_drc_sci.fits,0.0399999999999996,True,False,False
1161,high_recall,untested,0.6311161,0.041015103,99.51224,gds,54568,253976,53.218917741611,-27.76955467190576,239860,1,22.68431691629708,490.195294866347,0.2660685141211503,2.494961738586426,False,0,False,,,0,0,0,0,,,,,False,False,False,False,False,False,False,False,False,False,1.1316811,0.9268697,0.41354683,0.06893713,-0.3982745,-0.91169506,-1.2156844,5.293525,5.55713,5.884791,6.08803,6.508056,6.761177,6.8879523,0.2048114,0.51332283,0.3446097,0.46721166,0.5134205,0.30398935,0.8579325,0.9806322,0.8174099,-3.2548356,-4.093,-0.83816415,-0.57500654,0.53234243,7.0,7.0,,0.3342707910823805,2.395011273684894,48.22076009706313,115.48926405812088,144.25657695344128,True,,gds-grizli-v7.2-f444w-clear_drc_sci.fits,0.0399999999999996,False,False,False
1162,high_recall,untested,0.63080615,0.04927581,99.512024,primer-cosmos-west,93376,322149,150.07552001371317,2.395047583151165,301340,1,22.36427389592096,287.9613956078546,0.265869159017964,2.461333513259888,False,0,False,,,0,0,0,0,,,,,False,False,False,False,False,False,False,False,False,False,1.3501163,1.1703285,0.48336762,-0.0009328228,-0.59317654,-1.0444423,-1.5357268,3.487882,3.957044,4.6904545,5.279791,5.8588715,6.068554,6.3559766,0.17978778,0.6869609,0.48430043,0.59224373,0.4512657,0.49128458,1.1712613,1.0435095,0.9425503,-4.301729,-4.6890197,-0.38729066,-0.57533205,0.53201693,7.0,7.0,,0.3310584008341046,2.4149691095731813,63.61150713906997,153.61982475424787,192.145878125431,True,,primer-cosmos-west-grizli-v7.4-f444w-clear_drc_sci.fits,0.0399999999999996,False,False,False
1163,high_recall,untested,0.63073784,0.067240395,99.51181,primer-cosmos-east,22273,434688,150.1852521885333,2.252499392800741,404897,1,26.69421392669821,11.010878728353658,0.1791104397345097,5.145400047302246,False,0,True,,,0,0,0,0,,,,,False,False,False,False,False,False,False,False,False,False,4.8598633,4.942819,4.025156,4.7268205,3.116036,3.4503949,2.792099,0.59250456,0.78841543,1.7342724,1.0382785,3.0660164,2.5259688,3.0940866,-0.082955785,0.91766304,-0.70166445,1.6107845,-0.3343589,0.65829605,0.21599856,1.2764256,0.32393715,-1.0581914,-1.5886097,-0.5304183,-0.7468791,0.3621413,5.0,3.0,,0.3475484956764059,2.3500569844970256,1.909576515185472,4.487613626943108,5.4944174379722615,True,,primer-cosmos-east-grizli-v7.4-f444w-clear_drc_sci.fits,0.0399999999999996,False,False,False
1164,high_recall,untested,0.63052166,0.04290143,99.5116,primer-uds-south,8519,116101,34.44290741575809,-5.306637215075089,111019,1,26.55943404763109,6.670275473584617,0.1780521413946932,1.5711631774902344,False,0,False,,,0,0,0,0,,,,,False,False,False,False,False,False,False,False,False,False,3.3510277,3.2997162,3.9528346,3.757125,3.7058065,3.5551226,2.657783,2.0027816,2.0310233,1.5743524,2.0154014,2.1034312,2.2509577,2.5963805,0.051311452,-0.6531183,0.19570968,0.051318254,0.15068391,0.8973397,-0.45740864,0.20200217,1.0480236,1.4666169,-5.7370133,-7.20363,-0.74945277,0.3612455,7.0,6.0,,,,1.809188893638727,5.094801076731314,,False,aperture d050 covers a NaN or non-finite pixel,primer-uds-south-grizli-v7.2-f444w-clear_drc_sci.fits,0.0399999999999996,False,False,False
1165,high_recall,untested,0.63041615,0.04731069,99.51117,primer-uds-north,39535,69541,34.34525516726566,-5.15007192537894,66332,1,28.093782072982897,5.009928575188059,0.0911907953371036,6.705273628234863,False,0,False,,,0,0,0,0,,,,,False,False,False,False,False,False,False,False,False,False,5.228667,7.0203905,5.714461,6.6432395,5.277939,4.021376,4.166862,0.76236755,-1.0802449,0.4048509,-0.6437746,1.5921164,2.8773363,2.3143837,-1.7917238,1.3059298,-0.92877847,1.3653007,1.2565626,-0.14548573,0.37715125,2.6218631,1.1110768,2.5348845,-3.0981648,-5.6330495,-1.040049,0.06729997,3.0,2.0,,0.5664558838819137,1.784549710275919,1.0130232932857413,1.8077904245358267,1.7883533777485154,True,,primer-uds-north-grizli-v7.2-f444w-clear_drc_sci.fits,0.0399999999999996,True,False,False
1166,high_recall,untested,0.6302983,0.064500414,99.51074,primer-uds-north,19416,129112,34.471870700103835,-5.177496139400243,123503,1,27.444011474200035,7.902181433916117,0.100273591577123,5.544573783874512,False,0,True,,,0,0,0,0,,,,,False,False,False,False,False,False,False,False,False,False,4.11867,3.9926772,4.14976,4.1528144,3.7949834,3.113743,3.5356667,1.7755109,1.9319094,1.9682004,2.1813865,2.87113,3.5305555,2.7642658,0.12599269,-0.15708241,-0.003054707,0.35783085,0.6812403,-0.42192358,-0.16013712,1.0390712,0.25931677,0.27675438,-1.9102242,-2.1869786,-0.99881345,0.108535536,7.0,6.0,,0.5257424739985292,1.757603359333533,1.8952614191846735,3.331117837174222,3.6049235375074073,True,,primer-uds-north-grizli-v7.2-f444w-clear_drc_sci.fits,0.0399999999999996,True,False,False
1167,high_recall,untested,0.6301705,0.05438875,99.51053,gdn,58063,468808,189.0873492901525,62.25581860039861,437681,1,27.73081880416413,9.890144838477882,0.1106105468046914,7.970070362091064,False,0,False,,,0,0,0,0,,,,,False,False,False,False,False,False,False,False,False,False,5.0231876,4.083762,4.244089,4.804809,4.6352262,4.6174192,3.8167763,1.6241035,2.8899033,2.4437149,2.0775154,2.5268958,2.7708454,2.987232,0.9394257,-0.16032688,-0.56071997,0.16958265,0.017806847,0.8006431,-0.7210468,0.1873895,0.81845,0.72250664,-4.5983686,-5.3208756,-0.95620346,0.1511455,7.0,6.0,,0.511967077570964,1.715848582604449,1.1731198631698994,2.012896054445197,2.2913970732957774,True,,gdn-grizli-v7.4-f444w-clear_drc_sci.fits,0.0399999999999996,True,False,False
1168,high_recall,untested,0.63004696,0.068130136,99.51009,primer-uds-south,61632,13855,34.235077462628524,-5.218127232194817,13116,1,27.35621278239379,5.027386844549399,0.1063332786572588,1.644388198852539,False,0,True,,,0,0,0,0,,,,,False,False,False,False,False,False,False,False,False,False,6.165637,6.3078437,4.798051,5.2522397,4.2120485,4.030149,3.449102,-0.35842755,-0.24341345,1.2239347,0.9880547,2.0609922,2.2723005,2.3177953,-0.14220673,1.5097928,-0.45418838,1.0401909,0.18189958,0.58104706,1.0556045,1.2220905,0.7629466,-3.161837,-3.9548938,-0.79305667,-0.9733308,0.1373675,5.0,3.0,,0.344225908514911,2.520673502704798,1.363420800622195,3.4367386851649284,3.960831439168487,True,,primer-uds-south-grizli-v7.2-f444w-clear_drc_sci.fits,0.0399999999999996,False,False,False
1169,high_recall,untested,0.62975335,0.071214676,99.50988,ceers-full,61338,580688,214.88778451383703,52.89018430609929,543245,2,27.8071005549124,13.744955087305678,0.0915841246809133,5.650383949279785,False,0,True,,,0,0,0,0,,,,,False,False,False,False,False,False,False,False,False,False,4.1342483,4.153614,4.358703,4.330496,4.1148815,3.4310668,3.8909857,3.020082,2.9390728,2.6540964,2.988639,3.3520215,4.0095487,3.3151398,-0.019365452,-0.20508903,0.028207045,0.2156145,0.68381464,-0.45991904,-0.17688198,0.89942914,0.2238956,0.64887977,-1.4738914,-2.122771,-1.0381798,0.060361877,7.0,7.0,,0.6149875029258458,1.4891818282985716,1.3743797117859118,2.046701291973808,2.2348091713200757,True,,ceers-full-grizli-v7.4-f444w-clear_drc_sci.fits,0.0399999999999993,True,True,False
1170,high_recall,untested,0.6295892,0.054880742,99.50967,primer-cosmos-west,37167,346827,150.09436840789593,2.236129502404689,323127,2,27.44427697347172,2.0495641045084807,0.0,0.6822993755340576,True,17,False,,,0,0,0,0,,,,,False,False,False,False,False,False,False,False,False,False,4.306485,7.4111285,9.077804,7.4022565,9.408253,4.922672,3.535928,0.45369896,-0.4171536,-1.9894687,-0.5947407,-1.8170369,0.8334953,1.465584,-3.1046436,-1.6666752,1.6755476,-2.005996,4.4855804,1.3867439,0.0088723125,2.4795845,5.872324,8.398482,-29.752148,-38.150627,-2.39794,-1.290591,1.0,0.0,,1.455830145533514,1.3183805843470815,0.2103715076866139,0.2773497112338546,0.1445027830561371,True,,primer-cosmos-west-grizli-v7.4-f444w-clear_drc_sci.fits,0.0399999999999996,False,True,False
1171,high_recall,untested,0.6290958,0.059920393,99.50924,gds-sw,10547,191188,53.10032366697137,-27.9053677649497,181516,1,28.17561583207768,11.113050871545484,0.0905967670461948,3.417301177978516,False,0,False,,,0,0,0,0,,,,,False,False,False,False,False,False,False,False,False,False,5.2648153,6.226457,5.476528,5.31702,5.2763686,5.3397813,4.244497,1.4305062,-0.6098221,1.5356003,2.0431917,2.4174228,2.4061968,3.1032856,-0.9616418,0.74992895,0.15950817,0.0406512,-0.063412674,1.0952843,0.9094371,-0.022761475,1.0318717,-0.5530884,-5.786557,-5.2334685,-1.0428873,0.06446166,6.0,4.0,,0.4792087387420456,1.781559922945778,0.8268055689375764,1.473003665687569,1.725355783594421,True,,gds-sw-grizli-v7.0-f444w-clear_drc_sci.fits,0.0399999999999996,False,False,False
1172,high_recall,untested,0.62890965,0.05391658,99.509026,primer-cosmos-west,52854,322387,150.07570471940446,2.267590416201757,301554,1,27.788745482980744,9.849896069731464,0.2054416400132052,3.4841737747192383,False,1,False,,,0,0,0,0,,,,,False,False,False,False,False,False,False,False,False,False,5.098155,5.450199,6.660238,6.9167833,5.0622025,5.0596967,3.873155,1.0229677,0.91529405,-1.4034767,-1.6182035,2.1182764,2.420474,2.983175,-0.35204425,-1.2100388,-0.2565456,1.8545809,0.0025058181,1.1865417,-1.4665843,1.8570867,1.1890475,5.405455,-7.2397723,-12.645227,-0.68731153,0.42003745,5.0,3.0,,0.283171810101852,2.837640415544998,0.491373716035717,1.394341915759482,1.735249408685767,True,,primer-cosmos-west-grizli-v7.4-f444w-clear_drc_sci.fits,0.0399999999999996,False,False,False
1173,high_recall,untested,0.6283766,0.03665344,99.50817,primer-uds-south,7262,103656,34.41611059268221,-5.30915440162195,99070,1,26.7327874615038,5.911755509973496,0.1877552007009105,1.6899248361587524,False,0,False,,,0,0,0,0,,,,,False,False,False,False,False,False,False,False,False,False,4.0299845,4.6150036,4.672895,3.9187572,4.0926485,3.8670573,2.830517,1.2621803,0.80102336,0.85819864,1.6820146,1.7416391,1.9993726,2.4771678,-0.5850192,-0.057891212,0.7541375,-0.17389113,0.22559115,1.03654,0.6962463,0.051700022,1.2621312,-0.63672996,-7.1718163,-6.5350866,-0.726408,0.38429028,5.0,2.0,,0.1636141662522258,4.391886427568205,0.8003620371702533,3.515099168188875,4.891764909503152,True,,primer-uds-south-grizli-v7.2-f444w-clear_drc_sci.fits,0.0399999999999996,False,False,False
1174,high_recall,untested,0.6282396,0.06724904,99.50774,primer-uds-south,74868,74166,34.35468122388269,-5.193049374958878,70750,1,25.764631703523243,31.50790586874444,0.1142111638790109,6.303983211517334,False,0,True,,,0,0,0,0,,,,,False,False,False,False,False,False,False,False,False,False,2.9857783,2.5423772,2.2224414,2.2465065,2.0459447,1.3815912,1.8642491,2.3876188,2.8313682,3.3381898,3.5029838,4.331133,4.9802623,4.143637,0.44340104,0.319936,-0.024065023,0.20056169,0.66435355,-0.482658,0.295871,0.8649152,0.18169552,-1.4503392,-1.8691106,-0.41877136,-0.94229144,0.16840686,7.0,7.0,,0.4373436974369681,2.049255760405254,6.937972899098474,14.217680929013088,15.863891350802888,True,,primer-uds-south-grizli-v7.2-f444w-clear_drc_sci.fits,0.0399999999999996,False,False,False
1175,high_recall,untested,0.6282207,0.04968897,99.50752,primer-uds-south,27928,46460,34.30409811421618,-5.2733960424853725,44356,1,27.900198033419056,6.281038465578126,0.0278664434779403,17.914907455444336,False,2,False,,,0,0,0,0,,,,,False,False,False,False,False,False,False,False,False,False,5.4764256,6.5234566,5.4623384,6.596408,4.415387,4.324672,3.981146,0.62056834,-0.7618727,0.96125054,-0.79924697,2.5877936,2.7058172,2.5369601,-1.0470313,1.0611181,-1.1340692,2.181021,0.09071481,0.34352604,-0.07295111,2.2717357,0.43424085,2.198952,-2.0954893,-4.294441,-1.5549184,-0.44422016,4.0,3.0,,1.128681404403035,0.8738237311946935,2.714149249841806,2.371688024516045,2.4047080418387257,True,,primer-uds-south-grizli-v7.2-f444w-clear_drc_sci.fits,0.0399999999999996,False,True,False
1176,high_recall,untested,0.6280776,0.0488804,99.50731,ceers-full,78058,572234,214.8556663341341,52.90586951113762,535283,1,27.89180296457092,7.73417855819171,0.0749832989528387,6.630415916442871,False,0,False,,,0,0,0,0,,,,,False,False,False,False,False,False,False,False,False,False,5.319485,4.647885,4.416803,4.5314198,4.4366827,3.3976858,3.973036,1.1654549,2.2641056,2.3326359,2.4939842,2.7672062,3.7344234,2.74295,0.67160016,0.23108214,-0.1146171,0.09473742,1.0389967,-0.5753502,0.11646505,1.1337341,0.46364647,-1.4643278,-2.9234695,-1.4591417,-1.1250354,-0.026493778,7.0,6.0,,0.5674056742204824,1.5603272044569243,1.392114292488832,2.172153802283628,2.453472631202282,True,,ceers-full-grizli-v7.4-f444w-clear_drc_sci.fits,0.0399999999999993,True,True,False
1177,high_recall,untested,0.62799007,0.050371356,99.50688,primer-uds-south,1627,99606,34.407796925895134,-5.322632601378895,95170,2,21.86347272265965,186.50464609321847,0.4074192647147442,3.503182172775269,False,0,False,,,0,0,0,0,,,,,False,False,False,False,False,False,False,False,False,False,4.955523,2.405799,2.4927547,0.7018785,-0.7041804,-1.3833443,-2.0365276,0.20981352,1.7236247,1.8252089,3.6460912,5.1523104,5.7403693,5.9216104,2.549724,-0.08695569,1.790876,1.4060589,0.6791639,0.6531832,1.7039204,2.0852227,1.3323472,-9.082949,-6.663035,2.4199138,-0.38995844,0.72073984,6.0,5.0,,0.2357421976207876,3.0098166859626567,38.149118961575255,114.82185480532358,161.82558467085096,True,,primer-uds-south-grizli-v7.2-f444w-clear_drc_sci.fits,0.0399999999999996,False,False,False
1178,high_recall,untested,0.62773395,0.045819722,99.50667,gdn,22330,495693,189.22016047391952,62.18806615352139,463170,1,23.928931143803787,262.8429142446916,0.1478489178902431,4.374721050262451,False,0,False,,,0,0,0,0,,,,,False,False,False,False,False,False,False,False,False,False,4.354875,3.4816456,2.7257397,1.3808447,0.2780905,0.10986982,0.028918132,2.7911446,3.410552,3.8578103,5.403102,5.9409046,6.14404,6.2647076,0.87322944,0.7559058,1.344895,1.1027542,0.16822067,0.08095169,2.1008008,1.2709749,0.24917236,-9.332917,-1.2502216,8.082696,-0.83018184,0.2771671,7.0,7.0,,0.4154435817534136,2.129145671688801,29.102821395991164,61.96414620920681,70.05240344106491,True,,gdn-grizli-v7.4-f444w-clear_drc_sci.fits,0.0399999999999996,False,False,False
1179,high_recall,untested,0.627718,0.049428012,99.506454,ceers-full,41106,563443,214.8165763310377,52.79304336672969,526935,1,25.48242325496963,39.54404002397522,0.1917358373942875,6.131065368652344,False,0,False,,,0,0,0,0,,,,,False,False,False,False,False,False,False,False,False,False,3.4512396,2.7744172,2.6320858,2.5373855,2.0274665,1.4631883,1.5821958,2.5312092,3.6345274,3.5458307,3.6522384,4.450585,4.932139,4.370722,0.6768225,0.14233133,0.09470038,0.50991887,0.5642783,-0.11900747,0.23703171,1.0741972,0.44527084,-1.4171472,-2.4963207,-1.0791736,-0.7172967,0.381245,7.0,7.0,,0.2980835571185004,2.700957503055427,4.3920874630802365,11.86284158748224,14.73441710618812,True,,ceers-full-grizli-v7.4-f444w-clear_drc_sci.fits,0.0399999999999993,False,False,False
1180,high_recall,untested,0.6276844,0.06311345,99.50624,ceers-full,16800,616223,215.02643997647053,52.89377566158267,576927,1,22.900482168332488,582.7262671805198,0.1158674209124373,2.9220492839813232,False,0,True,,,0,0,0,0,,,,,False,False,False,False,False,False,False,False,False,False,4.2858567,2.631747,1.0249969,-0.1269446,-0.565295,-0.8002638,-0.99951977,2.4756856,4.5128284,5.705176,6.6125445,6.8891354,7.0202627,7.0608654,1.6541096,1.6067502,1.1519414,0.43835035,0.23496886,0.19925597,2.7586918,0.6733192,0.4342248,-10.687283,-2.1660757,8.521207,-0.9360387,0.16250302,7.0,7.0,,0.482119599441111,1.853000502838522,101.30615644016528,187.72035882426425,210.12660874522155,True,,ceers-full-grizli-v7.4-f444w-clear_drc_sci.fits,0.0399999999999993,False,False,False
1181,high_recall,untested,0.6273865,0.053726017,99.50603,primer-uds-north,82939,2732,34.20633406551574,-5.086764684125518,2578,1,28.642281414825323,10.080391278351604,0.116376038117802,0.9845675826072692,False,0,False,,,0,0,0,0,,,,,False,False,False,False,False,False,False,False,False,False,5.562277,6.0022984,5.7482104,5.506134,5.8274536,5.379628,4.672594,1.2299006,0.06201644,0.9814475,0.61310035,1.736953,2.2513564,3.0061905,-0.44002172,0.25408825,0.24207601,-0.32131934,0.44782528,0.7070343,0.49616426,0.12650594,1.1548595,0.826737,-6.056323,-6.88306,-0.93413645,0.17321253,5.0,2.0,,0.2010747996232882,3.8397967900757695,0.2744409070870354,1.0537973140982813,1.3648697280872486,True,,primer-uds-north-grizli-v7.2-f444w-clear_drc_sci.fits,0.0399999999999996,False,False,False
1182,high_recall,untested,0.62724113,0.058123354,99.505806,gds-sw,21135,152697,53.01412070467352,-27.887382478167297,146093,1,21.860147278876447,1007.4209228947312,0.1386920284382638,2.079261064529419,False,0,False,,,0,0,0,0,,,,,False,False,False,False,False,False,False,False,False,False,3.2507756,1.9180487,0.72746164,-0.2788541,-0.9706842,-1.6429945,-2.039853,4.3477554,5.483178,6.2235885,6.7567606,7.110151,7.4250765,7.6082964,1.3327268,1.1905872,1.0063157,0.69183004,0.6723104,0.39685842,2.1969028,1.3641405,1.0691688,-9.584029,-5.353792,4.2302365,-0.8579485,0.24940047,7.0,7.0,,0.4336588429737599,2.0280727480883223,224.60187152475373,455.5089348089876,517.9229598653523,True,,gds-sw-grizli-v7.0-f444w-clear_drc_sci.fits,0.0399999999999996,False,False,False
1183,high_recall,untested,0.6270103,0.06100895,99.50559,primer-cosmos-east,72545,404666,150.1476053207493,2.4363182300788755,376286,1,28.39523460498705,12.24568486048199,0.0873781636209622,1.2433308362960815,True,3,True,,,0,0,0,0,,,,,False,False,False,False,False,False,False,False,False,False,6.6292205,6.6546783,5.808896,5.899343,5.5411563,5.935046,4.449531,-1.2893493,-1.0472448,0.85114014,0.6487403,1.6102961,1.2344073,3.1999838,-0.025457894,0.84578246,-0.090447165,0.35818702,-0.39389014,1.4855152,0.75533533,-0.035703138,1.0916251,-2.8337042,-6.8044047,-3.9707005,-1.0585971,0.050423317,3.0,1.0,,0.6863174969547806,1.4394979796279743,0.952824943366405,1.371589580915079,1.3883150984699195,True,,primer-cosmos-east-grizli-v7.4-f444w-clear_drc_sci.fits,0.0399999999999996,True,True,False
1184,high_recall,untested,0.62671614,0.049684703,99.50538,primer-cosmos-west,104074,348075,150.09528496334124,2.4421922292719334,324214,1,26.547173717359367,17.199907494088198,0.0910281391350158,5.1280903816223145,False,0,False,,,0,0,0,0,,,,,False,False,False,False,False,False,False,False,False,False,4.1357546,3.4854803,3.6982484,3.617214,2.4697294,2.8084188,2.6455593,1.3116019,2.5462153,2.2789514,2.9728951,3.9845085,3.9025435,3.5388951,0.65027434,-0.21276805,0.08103443,1.1474845,-0.3386893,0.16285941,-0.13173363,0.8087952,-0.17582989,0.14532433,1.3621751,1.2168508,-1.0408243,0.06652463,7.0,6.0,,0.5213739851156508,1.72573476013513,4.271729191366153,7.371871551424501,8.193215068869616,True,,primer-cosmos-west-grizli-v7.4-f444w-clear_drc_sci.fits,0.0399999999999996,True,False,False
1185,high_recall,untested,0.6265766,0.054441568,99.505165,gdn,9143,499713,189.23343211153104,62.16079661520696,466963,1,26.578443660218195,46.404089461887885,0.0989010484778488,5.153263092041016,False,0,False,,,0,0,0,0,,,,,False,False,False,False,False,False,False,False,False,False,3.7533853,3.8751705,3.637556,3.588482,2.6570566,3.207453,2.676734,3.282858,3.5234942,3.6073234,3.8354576,4.849045,4.475097,4.5306506,-0.12178512,0.23761453,0.04907415,0.93142533,-0.5503965,0.5307191,0.2866887,0.38102886,-0.01967736,-0.74331254,0.60436064,1.3476732,-1.0047991,0.10254986,7.0,7.0,,0.5066563716645275,1.771135692728398,3.971110197939816,7.033375011328942,7.837876754403492,True,,gdn-grizli-v7.4-f444w-clear_drc_sci.fits,0.0399999999999996,True,False,False
1186,high_recall,untested,0.6264182,0.05456986,99.50495,primer-uds-north,34513,31926,34.27781096947991,-5.1568497672751,30469,1,27.81656102768983,4.774539138037454,0.0918345371993794,6.676886081695557,False,1,False,,,0,0,0,0,,,,,False,False,False,False,False,False,False,False,False,False,4.162545,4.093725,3.9196596,4.072436,4.1888356,2.9450037,3.9001691,1.6803176,1.7972628,2.1510205,2.2030008,2.3232272,3.5842078,2.2672353,0.06882016,0.17406528,-0.15277633,-0.11639964,1.2438319,-0.95516545,0.021288952,1.1274322,0.28866646,-0.22851191,-2.5698662,-2.3413541,-1.036994,0.070355006,7.0,5.0,,0.5761449309592255,1.5550770894028398,1.520492174739507,2.364482545553707,2.639079323683426,True,,primer-uds-north-grizli-v7.2-f444w-clear_drc_sci.fits,0.0399999999999996,True,True,False
1187,high_recall,untested,0.6264134,0.06162862,99.50474,primer-cosmos-east,75339,438170,150.19072852736116,2.4478479176253387,408245,1,28.00879148206257,5.505496984789294,0.0903263760191855,9.789678573608398,False,1,True,,,0,0,0,0,,,,,False,False,False,False,False,False,False,False,False,False,4.7575936,6.891146,4.7325172,6.496737,5.2028446,5.1280975,4.085652,1.0782171,-0.8599648,1.4271779,-0.38681373,1.5820707,1.642122,2.407042,-2.1335526,2.1586292,-1.7642199,1.2938927,0.074746825,1.0424458,0.39440927,1.3686396,1.1171926,1.7523503,-6.2753577,-8.027708,-1.0441854,0.06483499,5.0,1.0,,0.5359695854278511,1.6400070636741413,1.1284978414224234,1.8507444312737955,2.10552589569345,True,,primer-cosmos-east-grizli-v7.4-f444w-clear_drc_sci.fits,0.0399999999999996,True,True,False
1188,high_recall,untested,0.62633944,0.051749058,99.50431,primer-uds-north,26179,69176,34.34452727160636,-5.168333298089429,65984,1,27.73954166381421,5.675347882019551,0.0872563696634571,6.858649253845215,False,0,False,,,0,0,0,0,,,,,False,False,False,False,False,False,False,False,False,False,6.508751,3.6896143,4.5678287,4.6067324,4.2487082,3.4641225,3.8252761,-0.943992,2.424749,1.7900726,1.9589565,2.411565,3.2063854,2.4369519,2.8191369,-0.87821466,-0.03890362,0.3580243,0.78458565,-0.36115363,-0.91711825,1.14261,0.423432,1.2106622,-2.2898557,-3.5005178,-1.0592029,0.048146106,6.0,5.0,,0.8262874954569668,1.2066086653015418,1.7336576948998526,2.0918463973328585,2.0981289253821727,True,,primer-uds-north-grizli-v7.2-f444w-clear_drc_sci.fits,0.0399999999999996,False,True,False
1189,high_recall,untested,0.6259329,0.063251,99.5041,primer-cosmos-east,81246,405146,150.14810342908734,2.47398717210924,376735,1,28.9105900848594,9.88316420473046,0.0537201874205627,1.0560015439987185,True,9,True,,,0,0,0,0,,,,,False,False,False,False,False,False,False,False,False,False,5.5185075,6.0942955,5.7749386,6.690531,7.5411434,6.189741,4.902312,0.4653761,-0.14610115,1.1881794,-1.1408238,-1.7384495,0.8079557,2.9865296,-0.5757884,0.3193572,-0.915592,-0.8506128,1.3514024,1.2874292,-0.59623486,0.5007896,2.6388316,3.0403547,-13.211417,-16.251772,-1.2698625,-0.16084208,2.0,1.0,,0.6216502102678639,1.560093690649807,1.0123320190152838,1.5793327957085248,1.6284592240048923,True,,primer-cosmos-east-grizli-v7.4-f444w-clear_drc_sci.fits,0.0399999999999996,True,True,False
1190,high_recall,secure z>3 (V untested),0.62558097,0.051591203,99.50388,gdn,51768,476338,189.13523095983183,62.24467148101896,444883,1,25.91327379368499,34.90554267008305,0.1875384651882382,6.627011775970459,False,0,False,,,3,0,0,2,3.0,6.721656,G140M;G235M;G395M,aurora-gdn02-v4_g140m-f100lp_1914_506478.spec.fits;aurora-gdn02-v4_g235m-f170lp_1914_506478.spec.fits;aurora-gdn02-v4_g395m-f290lp_1914_506478.spec.fits,False,False,False,False,False,False,False,False,False,False,5.26096,4.1931157,4.298547,3.47356,2.51028,1.7816244,2.012771,1.0120121,2.528148,1.9171233,2.8628113,4.02032,4.887196,4.245998,1.0678442,-0.105431005,0.8249867,0.96328014,0.7286555,-0.23114638,0.71955574,1.6919357,0.49750912,-3.6894078,-1.9677414,1.7216665,-0.72690964,0.3804393,7.0,6.0,,0.3210979869711263,2.5808517158388766,3.292800268671116,8.498229223314564,10.25481442512815,True,,gdn-grizli-v7.4-f444w-clear_drc_sci.fits,0.0399999999999996,False,False,False
1191,high_recall,untested,0.6253504,0.05119598,99.50366,primer-uds-south,54370,129773,34.47326221284119,-5.2306145108401525,124139,1,27.29840074954777,12.169599953286214,0.0909937489929553,4.766323089599609,False,1,False,,,0,0,0,0,,,,,False,False,False,False,False,False,False,False,False,False,5.7769327,4.2484818,4.4203815,4.255841,2.809665,3.1150413,3.3920019,0.042360768,2.1502743,2.1407804,2.4276052,3.863821,3.720404,3.193772,1.528451,-0.17189966,0.16454044,1.446176,-0.3053762,-0.2769608,-0.0073592192,1.1407998,-0.582337,-0.8282077,2.8896408,3.7178485,-1.0409884,0.06970986,6.0,6.0,,0.5352123041664921,1.6556249624706505,2.24498212614754,3.716848448350302,4.194563743529294,True,,primer-uds-south-grizli-v7.2-f444w-clear_drc_sci.fits,0.0399999999999996,True,True,False
1192,high_recall,untested,0.625229,0.054353353,99.50345,primer-uds-south,61263,7881,34.22145526063376,-5.218897610511571,7436,1,25.35058450757513,18.968830577956226,0.2066681466104174,5.34493350982666,False,0,False,,,0,0,0,0,,,,,False,False,False,False,False,False,False,False,False,False,2.9674764,3.1558,2.6752183,2.557133,1.7783647,1.5860858,1.4504061,2.0365062,1.9152722,2.5385833,2.8477244,3.8047953,4.004101,3.6366384,-0.18832356,0.48058176,0.11808534,0.77876824,0.1922789,0.13567974,0.5986671,0.9710471,0.32795864,-1.4597998,-1.6543527,-0.19455293,-0.6847265,0.42597184,7.0,7.0,,0.2950016280523464,2.607433966971957,4.701759421737923,12.259527220769888,15.93807957189857,True,,primer-uds-south-grizli-v7.2-f444w-clear_drc_sci.fits,0.0399999999999996,False,False,False
1193,high_recall,untested,0.62512934,0.05127101,99.503235,primer-uds-south,34948,11815,34.230399530034546,-5.262162368323173,11169,1,27.73181722681977,4.866417481345956,0.0784450013466734,6.894392013549805,False,0,False,,,1,0,0,0,,,G395M,rubies-uds1-v4_g395m-f290lp_4233_30492.spec.fits,False,False,False,False,False,False,False,False,False,False,5.044861,3.468194,3.7124958,4.6239552,4.147076,3.5168884,3.8177495,0.9417005,2.4799058,2.4536092,1.7715302,2.4420385,3.0529559,2.2858984,1.5766666,-0.2443016,-0.9114595,0.47687894,0.630188,-0.30086112,-1.1557611,1.1070669,0.32932684,2.2407992,-2.3042274,-4.545027,-1.1054348,0.005263572,7.0,5.0,,0.8287802508464268,1.3225178445342165,2.2114138144841644,2.9246342313047866,2.668275230045196,True,,primer-uds-south-grizli-v7.2-f444w-clear_drc_sci.fits,0.0399999999999996,False,True,False
1194,high_recall,untested,0.6251218,0.058755264,99.50302,gdn,10839,523493,189.3062743774553,62.16432559459739,489186,1,22.14310951879333,796.2191249696148,0.1130720268738458,1.7455594539642334,False,0,False,,,0,0,0,0,,,,,False,False,False,False,False,False,False,False,False,False,1.5283177,-0.07348201,-0.8032367,-1.1942406,-1.4812452,-1.6692772,-1.756891,5.436267,6.461759,6.8039355,7.1759233,7.164078,7.292055,7.373022,1.6017997,0.7297547,0.39100382,0.28700456,0.18803205,0.087613806,1.1207585,0.47503662,0.27564585,-7.685138,-1.3834738,6.3016644,-0.94664484,0.16070414,7.0,7.0,,0.4882172707163342,1.8334314468477653,209.73330871372988,384.5316436471828,429.5901052537527,True,,gdn-grizli-v7.4-f444w-clear_drc_sci.fits,0.0399999999999996,False,False,False
1195,high_recall,secure z>3 (V untested),0.6249932,0.052923143,99.50281,primer-uds-south,50216,81883,34.37116755266839,-5.237961341555794,78161,1,24.64920308577319,60.18555439683166,0.1642364295443715,5.666077613830566,False,0,False,,,1,0,0,1,3.0,6.01166,G395M,excels-uds03-v4_g395m-f290lp_3543_53890.spec.fits,False,False,False,False,False,False,False,False,False,False,3.2182007,3.243288,2.7672017,2.0304239,1.3960934,0.96315587,0.74915403,2.2547376,2.2861633,2.9030273,3.7842515,4.6556454,5.059096,4.7906485,-0.025087254,0.4760863,0.73677766,0.63433063,0.43293747,0.21400182,1.2128639,1.0672681,0.6469393,-4.3806567,-3.1957533,1.1849034,-0.7845305,0.3261678,7.0,7.0,,0.3677873498435363,2.265147550697023,12.84676498702249,29.099818244734266,34.92987181991917,True,,primer-uds-south-grizli-v7.2-f444w-clear_drc_sci.fits,0.0399999999999996,False,False,False
1196,high_recall,untested,0.62497604,0.06767677,99.502594,gds,61431,243116,53.179923732757565,-27.75495725964526,229700,1,27.186957883250003,46.70661157176679,0.1005490339113311,5.652035713195801,False,0,True,,,0,0,0,0,,,,,False,False,False,False,False,False,False,False,False,False,3.288379,3.333007,3.5067208,3.5007885,3.468381,2.8839347,3.281738,3.831115,4.1347575,3.833021,4.0461287,4.6432905,5.0021877,4.5371475,-0.04462813,-0.17371385,0.0059323483,0.032407522,0.5844462,-0.39780337,-0.1677815,0.6168537,0.18664286,0.693197,-1.3614538,-2.0546508,-0.9976221,0.10972687,7.0,7.0,,0.4989959914464859,1.7906503014777873,2.156564390343929,3.861652675725617,4.321807043163807,True,,gds-grizli-v7.2-f444w-clear_drc_sci.fits,0.0399999999999996,False,False,False
1197,high_recall,untested,0.6249617,0.059159964,99.50238,primer-uds-north,1264,81758,34.37088665598519,-5.209799514460452,78043,1,22.18558864328853,540.3941001510381,0.1378753336697779,2.036897897720337,False,0,False,,,0,0,0,0,,,,,False,False,False,False,False,False,False,False,False,False,3.6794212,2.08944,0.8656325,-0.027665652,-0.73141724,-1.3289388,-1.7144119,1.9525163,3.4546967,4.750686,5.7194495,6.523486,6.972169,6.985447,1.5899811,1.2238076,0.8932981,0.70375156,0.5975216,0.38547304,2.1171057,1.3012732,0.9829947,-7.7826667,-4.917803,2.8648636,-0.86051345,0.24683554,7.0,7.0,,0.466098372222291,1.898808387769092,173.82368807170624,330.0578769035141,372.9334802070634,True,,primer-uds-north-grizli-v7.2-f444w-clear_drc_sci.fits,0.0399999999999996,False,False,False
1198,high_recall,untested,0.6247441,0.04271415,99.50217,gds-sw,38503,211586,53.13703038709056,-27.86030379114769,200548,1,26.360819579698088,50.70939845375772,0.0901525830461499,3.9925479888916016,False,0,False,,,0,0,0,0,,,,,False,False,False,False,False,False,False,False,False,False,3.1050057,3.1750064,3.1500995,2.8913546,2.3608634,2.3594024,2.4596736,3.8576953,3.7568877,3.9649916,4.347951,4.909832,4.9698033,4.6193557,-0.070000865,0.02490703,0.258745,0.5304909,0.0014611331,-0.100271165,0.28365204,0.531952,-0.09881003,-0.75279635,0.41186425,1.1646606,-1.0450218,0.06232714,7.0,7.0,,0.5498762171651622,1.661601214099983,5.2485455832263925,8.720989713348077,9.544958336777686,True,,gds-sw-grizli-v7.0-f444w-clear_drc_sci.fits,0.0399999999999996,True,True,False
1199,high_recall,untested,0.6245936,0.037924893,99.50195,primer-cosmos-east,81845,408963,150.1520920377061,2.476821727332561,380350,1,27.985458156285105,10.17585618210387,0.2157141236823404,1.1633669137954712,True,15,False,,,0,0,0,0,,,,,False,False,False,False,False,False,False,False,False,False,8.461599,8.442392,5.0559187,5.723472,8.642693,7.216926,4.063263,-1.8983226,-1.9817586,1.7865006,0.4233244,-1.8524845,-0.5369959,3.0155706,0.019206947,3.3864737,-0.66755337,-2.91922,1.4257662,3.153663,2.7189202,-1.4934537,4.579429,-14.981673,-23.054836,-8.073163,-0.6661214,0.442899,2.0,1.0,,0.2246709531867437,3.171426598379433,0.3980780751163962,1.262475395655825,1.7718270629560142,True,,primer-cosmos-east-grizli-v7.4-f444w-clear_drc_sci.fits,0.0399999999999996,False,False,False
1200,high_recall,secure low-z,0.624422,0.058989964,99.50173,primer-cosmos-west,84485,384781,150.12751479254553,2.359772765010446,357450,1,22.72068631929888,453.2017766150559,0.1115145705644135,2.706855297088623,False,0,False,,,1,0,1,0,3.0,2.82073,G235M,valentino-cosmos04-v4_g235m-f170lp_3567_47534.spec.fits,False,False,False,False,False,False,False,False,False,False,3.607653,2.1365085,0.5089691,-0.38800684,-0.7487888,-1.0197219,-1.1793151,2.6859858,4.1142344,5.638995,6.3420553,6.636299,6.8015604,6.809486,1.4711446,1.6275393,0.89697593,0.3607819,0.2709331,0.15959324,2.5245152,0.631715,0.43052635,-8.552459,-2.155878,6.3965807,-0.95266837,0.15468058,7.0,7.0,,0.4952977326853052,1.8113139689419504,125.86191160771004,227.97543865278223,254.11364377813183,True,,primer-cosmos-west-grizli-v7.4-f444w-clear_drc_sci.fits,0.0399999999999996,False,False,False
1201,high_recall,untested,0.624356,0.060956288,99.50152,primer-uds-south,29607,89803,34.387872798007045,-5.270787986084294,85747,1,27.069628595804623,8.68491985432443,0.1247055447411761,7.195634841918945,False,0,True,,,2,0,0,0,,,G395M;PRISM,rubies-uds42-v4_g395m-f290lp_4233_833622.spec.fits;rubies-uds42-v4_prism-clear_4233_833622.spec.fits,False,False,False,False,False,False,False,False,False,False,5.0809836,3.585552,3.7402656,3.9780834,4.1396055,4.228804,3.1654174,0.9613315,2.4838455,2.5070727,2.4794683,2.3911607,2.3447108,2.8580334,1.4954315,-0.15471373,-0.23781767,-0.1615221,-0.08919893,1.0633868,-0.3925314,-0.25072104,0.97418785,0.5750077,-5.3920107,-5.967018,-0.90411425,0.20658407,7.0,6.0,,0.4266027836630881,2.083065272809764,2.0724806343080435,4.317112437897837,4.858103870097567,True,,primer-uds-south-grizli-v7.2-f444w-clear_drc_sci.fits,0.0399999999999996,False,False,False
1202,high_recall,untested,0.6240376,0.073236085,99.50109,primer-cosmos-west,83780,304899,150.05946824807282,2.357242400040616,285810,1,24.582916616444955,88.11770941787225,0.1147113327965972,2.4646971225738525,False,0,True,,,0,0,0,0,,,,,False,False,False,False,False,False,False,False,False,False,2.6390612,2.7336442,1.5428678,1.2988361,1.0583507,0.83277386,0.6828732,2.6430714,2.91069,4.179839,4.239471,5.035904,4.2958193,5.171853,-0.094583005,1.1907765,0.24403164,0.24048547,0.2255768,0.14990063,1.4348081,0.46606228,0.37547743,-3.5012245,-1.8707192,1.6305052,-0.9403937,0.16695529,7.0,7.0,,0.4202957647066438,2.0677272082424776,22.125868305278686,45.75025990081462,52.64356713354464,True,,primer-cosmos-west-grizli-v7.4-f444w-clear_drc_sci.fits,0.0399999999999996,False,False,False
1203,high_recall,untested,0.6238024,0.05008369,99.50088,primer-cosmos-east,54512,439471,150.19286763543397,2.3676370685307413,409487,1,27.428165403956008,8.831104183114775,0.1001370851434888,5.674324035644531,False,0,False,,,0,0,0,0,,,,,False,False,False,False,False,False,False,False,False,False,5.365911,4.3307014,4.311307,4.6302447,3.4458616,3.2500544,3.520058,0.47707924,1.6806104,1.8904809,2.012093,3.1754587,3.2332432,2.8746176,1.0352098,0.019394152,-0.3189377,1.1843833,0.1958072,-0.27000365,-0.29954353,1.3801904,-0.07419644,0.2749459,0.013902256,-0.26104367,-0.999405,0.10961535,6.0,5.0,,0.5238717998108743,1.6521839600715609,1.6571217938543186,2.7378700476911164,3.1632200749354418,True,,primer-cosmos-east-grizli-v7.4-f444w-clear_drc_sci.fits,0.0399999999999996,True,True,False
1204,high_recall,secure low-z,0.6237672,0.051440418,99.50066,primer-uds-south,20572,46694,34.304436824353466,-5.286162923290554,44576,1,22.745253129247125,189.090286186064,0.3733095537916678,2.3498010635375977,False,0,False,,,2,0,2,0,3.0,2.207401,G395M;PRISM,rubies-uds43-v4_g395m-f290lp_4233_20572.spec.fits;rubies-uds43-v4_prism-clear_4233_20572.spec.fits,False,False,False,False,False,False,False,False,False,False,3.185218,3.379611,2.161933,0.9960914,0.10595286,-0.63165265,-1.1547483,1.8384427,1.6847315,2.9436567,4.1986365,5.2065167,5.862531,5.9353786,-0.19439289,1.2176781,1.1658415,0.89013857,0.7376055,0.52309567,2.3835196,1.6277441,1.2607012,-8.29352,-6.259884,2.0336356,-0.4279309,0.6827674,7.0,6.0,,0.2575700931755067,2.921580324679528,23.66861766884336,69.14976769365501,91.89194823451692,True,,primer-uds-south-grizli-v7.2-f444w-clear_drc_sci.fits,0.0399999999999996,False,False,False
1205,high_recall,untested,0.62328845,0.060271576,99.50045,gds-sw,46420,156251,53.03203954076615,-27.846411608111577,149320,1,26.23919843892641,64.25189398215339,0.1059907517796043,5.678218841552734,False,0,True,,,0,0,0,0,,,,,False,False,False,False,False,False,False,False,False,False,2.39163,2.3455746,2.4658012,2.5266328,2.4551892,1.7462347,2.338282,4.482625,4.671674,4.2848663,4.7197065,4.9696865,5.5376654,4.856019,0.046055507,-0.12022682,-0.060831387,0.07144345,0.70895463,-0.5920475,-0.18105821,0.7803981,0.1169071,0.500299,-1.2209862,-1.7212852,-0.97473204,0.13261694,7.0,7.0,,0.4912850181335355,1.830379784116004,5.082785046540729,9.303426996195272,10.34589873277834,True,,gds-sw-grizli-v7.0-f444w-clear_drc_sci.fits,0.0399999999999996,False,False,False
1206,high_recall,untested,0.6232455,0.059858277,99.50024,primer-uds-south,28516,47453,34.30560642220375,-5.27251568502998,45300,1,27.588212162923178,6.763645013874182,0.1094890155908902,5.744321346282959,False,0,False,,,0,0,0,0,,,,,False,False,False,False,False,False,False,False,False,False,4.0876865,3.66423,4.182294,5.052503,3.9794972,3.6028826,3.677366,2.1850948,2.6011786,2.274,1.6054169,2.7614965,3.1659997,2.6101298,0.42345658,-0.5180639,-0.870209,1.0730059,0.37661454,-0.07448337,-1.3882729,1.4496205,0.30213115,2.5159817,-1.7666659,-4.2826476,-0.96062946,0.15006885,7.0,6.0,,0.3735647592151623,2.349554074858072,1.1163303959474804,2.622878630686327,2.9883182725608948,True,,primer-uds-south-grizli-v7.2-f444w-clear_drc_sci.fits,0.0399999999999996,False,False,False
1207,high_recall,untested,0.62318987,0.058488406,99.50002,primer-uds-north,66910,70725,34.347740798472834,-5.111683396573524,67468,1,23.215172927706647,347.5822056509627,0.1089490756570513,2.666328430175781,False,0,False,,,0,0,0,0,,,,,False,False,False,False,False,False,False,False,False,False,3.4554749,2.3561008,0.9543938,0.12658046,-0.2708823,-0.5109349,-0.68483055,2.7088606,3.710548,5.1111145,5.99011,6.4492087,6.640513,6.5441504,1.099374,1.401707,0.8278133,0.3974628,0.24005255,0.1738957,2.2295203,0.6375153,0.41394824,-7.5396037,-2.0684183,5.471185,-0.9627764,0.14457251,7.0,7.0,,0.5117120873775532,1.7702406767300731,80.92457958935064,143.25598253634874,158.14474894286127,True,,primer-uds-north-grizli-v7.2-f444w-clear_drc_sci.fits,0.0399999999999996,True,False,False
