reason_excluded,tier,ranking_score,field,id,source_id,ra,dec,sky_group,picked,in_any_list,in_hviding25_B1,y,mag_f444w
published-or-labelled,equal_burden,0.9908678,ceers-full,24827,629133,215.1370819232807,52.988554568670516,589156,True,True,True,1.0,25.540893492402578
published-or-labelled,equal_burden,0.9908635,gds,9565,199509,53.1153139456601,-27.85921671103464,189334,True,True,False,,25.5871685187045
published-or-labelled,equal_burden,0.990854,gds-sw,62953,192103,53.10187331566648,-27.810942103532497,182386,True,True,False,,26.4584826209907
rule-selected,equal_burden,0.99083996,gdn,58274,547963,189.39268348090206,62.25608329650444,512250,True,False,False,,25.817349839655026
rule-selected,equal_burden,0.9908299,gdn,6667,502983,189.24355450926444,62.15485457055774,470012,True,False,False,,25.70020584782591
rule-selected,equal_burden,0.9908102,gdn,92185,522841,189.3042945696787,62.33270354779695,488566,True,False,False,,24.23535426054828
published-or-labelled,equal_burden,0.99078393,ceers-full,40268,607861,214.99097764774052,52.91652349593111,569034,True,True,True,1.0,25.376222161811402
published-or-labelled,equal_burden,0.9907799,primer-uds-north,11352,128779,34.47112739763726,-5.190443445892024,123178,True,True,False,1.0,24.256191618736484
published-or-labelled,equal_burden,0.9907671,primer-uds-north,66271,73447,34.35325601301024,-5.112266650412405,70071,True,True,False,,25.597296814537987
published-or-labelled,equal_burden,0.99075305,gds,45393,205297,53.12543075072962,-27.787438124199536,194711,True,True,False,,26.000482524240923
published-or-labelled,equal_burden,0.99075013,primer-cosmos-west,50723,381986,150.12472668266082,2.2627933749768436,354817,True,True,False,,24.93192499408968
published-or-labelled,equal_burden,0.9907364,gdn,4389,512221,189.27068209600876,62.14841854485464,478618,True,True,False,1.0,25.178756615874462
published-or-labelled,equal_burden,0.99073434,primer-cosmos-west,25560,317222,150.0716706821496,2.200408702767232,296969,True,True,False,1.0,23.90176032031291
published-or-labelled,equal_burden,0.9907069,primer-uds-north,72022,94141,34.396792291581896,-5.104411340935203,89924,True,True,False,,25.154891114029592
published-or-labelled,equal_burden,0.9906925,primer-uds-south,42310,106664,34.42231108764973,-5.250702316556367,101955,True,True,False,1.0,24.41457236148791
rule-selected,equal_burden,0.9906833,ceers-full,2311,617087,215.03014284587607,52.864988464029565,577735,True,False,False,,25.298065566086052
published-or-labelled,equal_burden,0.9906772,gds-sw,9371,176040,53.07634093685138,-27.909917193982597,167542,True,True,False,,25.609224917768245
published-or-labelled,equal_burden,0.9906665,ceers-full,27302,577519,214.87604270037335,52.80611209853857,540278,True,True,False,,25.5587626342501
published-or-labelled,equal_burden,0.99066573,gds,67525,227476,53.15818309706171,-27.739131367890362,215143,True,True,False,,25.889561583387017
published-or-labelled,equal_burden,0.9906502,gds-sw,49899,181098,53.08403543631125,-27.839345833404042,172196,True,True,False,,24.591370624110773
rule-selected,equal_burden,0.9906463,gdn,77648,472705,189.11308301175805,62.29238806052343,441407,True,False,False,,25.510227996721387
published-or-labelled,equal_burden,0.99064225,primer-uds-north,65675,110482,34.43021826213349,-5.113187339514086,105624,True,True,False,,24.97190248984794
published-or-labelled,equal_burden,0.9906287,primer-uds-south,25765,91734,34.391940861282926,-5.276929606803577,87606,True,True,False,,23.748502784107284
published-or-labelled,equal_burden,0.99062794,primer-cosmos-east,46579,428074,150.17577440266217,2.3387872467733084,398555,True,True,False,,23.759588235423823
rule-selected,equal_burden,0.9906084,gdn,73043,538087,189.35416024520842,62.28401074571991,502908,True,False,False,,26.543156992761663
published-or-labelled,equal_burden,0.99060655,primer-cosmos-east,11378,380200,150.12294537746482,2.203298938467002,353138,True,True,False,,25.212896941919997
published-or-labelled,equal_burden,0.99060345,primer-cosmos-east,41480,414497,150.15835950693037,2.320201331907754,385609,True,True,False,,25.486257066194465
rule-selected,equal_burden,0.990592,gds-sw,35305,157945,53.03740009862235,-27.865590147015894,150877,True,False,False,,24.496447091532282
published-or-labelled,equal_burden,0.99059093,gds,41877,202947,53.121424834404465,-27.79491259974065,192512,True,True,False,,26.12555469528372
published-or-labelled,equal_burden,0.9905838,primer-uds-north,83035,117860,34.446952754702465,-5.086685679404299,112705,True,True,False,,24.797230853656597
published-or-labelled,equal_burden,0.9905751,primer-uds-north,14885,122866,34.45823170316882,-5.184332478664208,117535,True,True,False,,24.898573295395167
published-or-labelled,equal_burden,0.990524,gds,53198,233452,53.16611546488844,-27.77204343776549,220608,True,True,False,1.0,26.406056540055193
published-or-labelled,equal_burden,0.990509,primer-cosmos-west,56136,325315,150.07802090994636,2.2776244238370533,304127,True,True,False,1.0,24.7536488539345
rule-selected,equal_burden,0.99044424,gdn,85646,517177,189.28677391020284,62.310523907231676,483266,True,False,False,,26.514704978904785
published-or-labelled,equal_burden,0.99037945,primer-uds-north,3900,80171,34.36730369460666,-5.204195908211041,76517,True,True,False,,24.55385869626619
published-or-labelled,equal_burden,0.99037606,gdn,64877,464522,189.05709797030312,62.268940256878416,433576,True,True,False,,25.68048918507236
published-or-labelled,equal_burden,0.99036777,primer-cosmos-west,42234,308696,150.06376458795197,2.2468026511924113,289323,True,True,False,,23.35745507627303
published-or-labelled,equal_burden,0.99034923,ceers-full,65670,590767,214.9233736861408,52.9255927656013,552792,True,True,False,,25.094868310675498
published-or-labelled,equal_burden,0.9903397,gdn,48455,470144,189.0962946991319,62.23914276198563,438971,True,True,False,1.0,26.664682627997024
published-or-labelled,equal_burden,0.9903391,primer-cosmos-east,57962,413150,150.15685041839853,2.3794561043099196,384328,True,True,False,,25.879676114120542
rule-selected,equal_burden,0.99031293,primer-cosmos-west,28640,354576,150.10017942891923,2.2086917762685996,329976,True,False,False,,26.460967289729247
published-or-labelled,equal_burden,0.990292,primer-uds-north,37216,38930,34.29141201832419,-5.1533767054644475,37183,True,True,False,,26.16841533138124
published-or-labelled,equal_burden,0.99028796,primer-cosmos-west,57866,390726,150.13343497567104,2.2820757674788847,363080,True,True,False,,26.506926674928575
published-or-labelled,equal_burden,0.99027604,primer-uds-north,26315,116090,34.442882842872606,-5.168180183311331,111008,True,True,False,,24.85971988033866
rule-selected,equal_burden,0.99024147,gdn,54976,492994,189.21109023596298,62.25027266855563,460637,True,False,False,,25.479324248000562
published-or-labelled,equal_burden,0.9902336,ceers-full,45873,580427,214.8867923313792,52.85538114310341,543041,True,True,True,1.0,24.832962503447206
published-or-labelled,equal_burden,0.99022686,ceers-full,46532,592333,214.92952129556738,52.88791900602756,554294,True,True,True,1.0,26.243509786704124
published-or-labelled,equal_burden,0.99019146,primer-uds-north,38196,19679,34.24782820081633,-5.15199712284704,18703,True,True,True,1.0,25.99146972222338
published-or-labelled,equal_burden,0.9901902,primer-cosmos-west,15989,389576,150.1323023483862,2.169690377649035,361999,True,True,False,1.0,26.13885632842099
published-or-labelled,equal_burden,0.9901862,ceers-full,73652,591417,214.92575073836002,52.94566356682464,553423,False,True,False,1.0,26.159475505068418
published-or-labelled,equal_burden,0.9901546,gds-sw,62395,170694,53.06767519160437,-27.812326847778333,162614,True,True,False,,24.200733850725193
published-or-labelled,equal_burden,0.990144,primer-cosmos-east,57198,428171,150.17590688111324,2.3767540950394292,398649,True,True,False,,26.055143640577704
rule-selected,equal_burden,0.990138,primer-uds-north,41437,46748,34.30452028934294,-5.147586067300307,44627,True,False,False,,25.02578396625081
published-or-labelled,equal_burden,0.9901359,primer-uds-north,9974,151606,34.53126289621551,-5.192838097714156,145048,True,True,False,,25.386825188752635
published-or-labelled,equal_burden,0.99012494,primer-cosmos-west,87942,325710,150.0783345184622,2.3726858072306274,304479,True,True,False,,26.101776642337605
published-or-labelled,equal_burden,0.99007326,primer-cosmos-east,25997,376885,150.1196981338589,2.267013073366229,350054,True,True,False,,24.715251966360967
published-or-labelled,equal_burden,0.99007237,primer-uds-north,81606,25117,34.2616243186711,-5.089359979422734,23936,True,True,False,,25.04810047479269
published-or-labelled,equal_burden,0.99004596,primer-uds-north,71609,25252,34.261899166352485,-5.105204769792637,24048,True,True,True,1.0,25.80416935411546
published-or-labelled,equal_burden,0.99004203,primer-cosmos-west,105065,361493,150.10584949560592,2.446822718491724,336130,True,True,False,1.0,25.36170653725586
published-or-labelled,equal_burden,0.99004096,ceers-full,45658,559252,214.79536727592395,52.78884670441831,522940,True,True,True,1.0,23.404859634152782
published-or-labelled,equal_burden,0.99004084,primer-cosmos-west,14195,305338,150.05998252559357,2.165480524505742,286207,True,True,False,,26.255671286856323
rule-selected,equal_burden,0.99002284,primer-uds-south,29437,56568,34.3208771727871,-5.271048692076938,53962,True,False,False,,25.7581619758586
published-or-labelled,equal_burden,0.9900078,primer-cosmos-west,103340,346105,150.09381767845608,2.43855329615662,322491,True,True,False,1.0,25.744847663644883
published-or-labelled,equal_burden,0.98999405,primer-uds-south,41571,99286,34.407090962321334,-5.251665166486301,94870,True,True,True,,25.57658595862695
published-or-labelled,equal_burden,0.989974,ceers-full,66240,603690,214.97244524152558,52.96219188451667,565075,True,True,True,1.0,26.114857591223778
published-or-labelled,equal_burden,0.9899615,gds,36050,224834,53.15477105316318,-27.806518903585005,212752,True,True,False,,24.6494066762615
published-or-labelled,equal_burden,0.98995227,gds-sw,24788,214024,53.14063412565426,-27.881374820164417,202822,True,False,False,0.0,25.149128861534855
published-or-labelled,equal_burden,0.98994064,primer-uds-south,14535,106001,34.42092793073686,-5.29616535780565,101321,True,True,False,,24.16721435854696
rule-selected,equal_burden,0.98993933,gdn,72803,464597,189.05773374365208,62.28357157332836,433648,True,False,False,,24.96466111465333
published-or-labelled,equal_burden,0.98993367,primer-cosmos-west,88228,346507,150.09411830391483,2.373683552807172,322730,True,True,False,,25.56673352952791
rule-selected,equal_burden,0.98990357,primer-cosmos-east,40389,394701,150.1375007117897,2.3164408388860456,366853,True,False,False,,25.88120566548279
published-or-labelled,equal_burden,0.98985094,primer-uds-north,26300,69994,34.34620661874796,-5.1681970166968965,66770,True,True,False,,25.105392170711234
rule-selected,equal_burden,0.9898309,gdn,5343,509653,189.26313559951862,62.15122680026045,476221,True,False,False,,26.68955347987228
published-or-labelled,equal_burden,0.9898237,primer-cosmos-west,82031,325003,150.07778470829567,2.350373469786269,303857,True,True,False,,25.286376874393593
published-or-labelled,equal_burden,0.98976964,primer-cosmos-east,64252,412211,150.1558299538678,2.4031070187366423,383447,True,True,False,,25.42778421785872
published-or-labelled,equal_burden,0.9897689,primer-uds-north,69240,83600,34.37488218832681,-5.1081690593660385,79805,True,True,False,,25.722383065391693
,equal_burden,0.9897657,ceers-full,67721,559075,214.79440467191807,52.837397468256505,522768,False,False,False,,25.201894457553124
published-or-labelled,equal_burden,0.98973775,primer-cosmos-east,73202,418731,150.16342282123952,2.4391527546149314,389648,True,True,False,,24.363594643337585
published-or-labelled,equal_burden,0.9897303,ceers-full,16663,593790,214.9349726248649,52.829366964517035,555670,True,True,False,,26.663775133303673
rule-selected,equal_burden,0.9897243,primer-uds-north,73106,33595,34.281439519455695,-5.10285414889866,32079,True,False,False,,26.170005233034907
published-or-labelled,equal_burden,0.98968875,primer-uds-north,72350,80916,34.36895117186716,-5.103941474589491,77229,True,True,True,1.0,24.81079899729488
published-or-labelled,equal_burden,0.9896381,primer-cosmos-east,31582,433239,150.1830702241201,2.2884175112558185,403511,True,True,False,,26.629886020209796
published-or-labelled,equal_burden,0.9896335,primer-uds-south,25373,95213,34.39891384392801,-5.277540738099741,90966,True,True,False,,25.316471787483216
rule-selected,equal_burden,0.989613,gdn,5122,514889,189.27930110499923,62.15006742240723,481124,True,False,False,,25.27461772998928
published-or-labelled,equal_burden,0.98957336,primer-cosmos-west,39120,311351,150.06657200286287,2.2401822748663447,291752,True,True,False,,25.687873716151678
published-or-labelled,equal_burden,0.9895231,ceers-full,68061,591800,214.9272396812169,52.933896872623244,553788,True,True,False,,24.897996909447173
published-or-labelled,equal_burden,0.9895089,primer-cosmos-west,22321,321851,150.07525896841827,2.1918045860316533,301068,True,True,False,,26.731825774213092
rule-selected,equal_burden,0.98950374,primer-uds-south,6878,148231,34.51237948824162,-5.3100001363116265,141837,True,False,False,,24.154617368290424
published-or-labelled,equal_burden,0.9895014,primer-uds-south,73933,108276,34.42570129088322,-5.194656419162188,103499,True,True,False,,25.246367082141635
published-or-labelled,equal_burden,0.9894862,primer-uds-north,79077,115567,34.44168309700992,-5.093647557574641,110495,True,True,False,,24.04767531932987
published-or-labelled,equal_burden,0.9894731,gds-sw,48833,159758,53.04242601978916,-27.841809596709137,152512,True,True,False,,23.94391505760934
rule-selected,equal_burden,0.98946685,gds,38915,247241,53.189697444371184,-27.80075459161798,233558,True,False,False,,26.093581539761278
published-or-labelled,equal_burden,0.989461,primer-cosmos-east,46428,398252,150.14109611698672,2.3383772347804532,370197,True,True,False,,24.413856585637593
published-or-labelled,equal_burden,0.98944914,primer-uds-north,20578,124052,34.46076236343465,-5.175813266156922,118662,True,True,False,,26.30443595465448
published-or-labelled,equal_burden,0.9894487,primer-cosmos-east,48066,401609,150.1444482541484,2.3443950536441704,373382,True,True,False,1.0,24.242831228343878
published-or-labelled,equal_burden,0.98944104,primer-cosmos-east,30744,389871,150.13260517225677,2.2854210064716836,362269,True,True,False,,25.992738189045042
published-or-labelled,equal_burden,0.9893928,primer-uds-north,49635,118031,34.44735784357335,-5.135860137742044,112871,True,True,False,,25.67438793683716
published-or-labelled,equal_burden,0.989377,primer-uds-north,25611,99707,34.40801983030443,-5.169146439501719,95271,True,True,False,,25.30700107446773
published-or-labelled,equal_burden,0.9893756,gds,47169,200294,53.11674562050395,-27.783976648541074,190078,True,True,False,,25.640535209235104
published-or-labelled,equal_burden,0.9893754,primer-uds-south,33372,126500,34.46608591788974,-5.264767832881138,120999,True,True,False,,24.66532856922345
published-or-labelled,equal_burden,0.98936784,primer-cosmos-west,56169,331636,150.08281657289598,2.2777267489780777,309731,True,True,False,1.0,25.27701136848022
published-or-labelled,equal_burden,0.98935586,primer-uds-north,39709,41569,34.296002174241615,-5.14989519964438,39702,True,True,True,1.0,24.884307269632874
published-or-labelled,equal_burden,0.9893392,primer-uds-north,63748,82379,34.3723696592935,-5.1159123200806995,78636,True,True,True,1.0,26.306362653713922
published-or-labelled,equal_burden,0.9893369,primer-cosmos-west,57916,386527,150.12927946654452,2.282167759647546,359116,True,True,False,,24.945766940891538
published-or-labelled,equal_burden,0.98932844,primer-uds-south,42517,148750,34.51422031369364,-5.250364634933587,142339,True,True,False,,24.555924305334464
rule-selected,equal_burden,0.989327,primer-uds-south,34686,49013,34.308284783825464,-5.262666007487658,46779,True,False,False,,24.632562640940083
published-or-labelled,equal_burden,0.9893237,gdn,77943,485284,189.17930587283507,62.29253343321359,453351,True,True,False,,25.04976574391083
published-or-labelled,equal_burden,0.9893197,primer-uds-south,6723,126695,34.46652991962465,-5.3103081109867825,121186,True,True,False,,24.703869877726422
rule-selected,equal_burden,0.9893183,primer-cosmos-west,31952,357200,150.102291067205,2.2190903553549655,332288,True,False,False,,26.593972710938328
published-or-labelled,equal_burden,0.9893135,ceers-full,63478,568695,214.8400401322637,52.86065052801385,531932,True,True,False,1.0,25.537537605154835
published-or-labelled,equal_burden,0.9893109,primer-cosmos-west,41431,367417,150.11107267406152,2.2452714380733645,341439,True,True,False,,25.482859019684163
published-or-labelled,equal_burden,0.98930854,ceers-full,22050,584284,214.89970861897189,52.81284286054932,546688,True,True,False,1.0,25.625490307736612
published-or-labelled,equal_burden,0.9893062,ceers-full,61870,611866,215.00849034389321,52.977973642932014,572803,True,True,False,,25.555275025962345
rule-selected,equal_burden,0.9893059,gdn,42221,472125,189.10955870950846,62.22845938445554,440859,True,False,False,,25.696881214224042
published-or-labelled,equal_burden,0.9893019,primer-uds-north,22589,78147,34.36296361800562,-5.173199939908805,74574,True,True,False,,25.83833178485785
published-or-labelled,equal_burden,0.98926246,gdn,16455,489368,189.19739709076848,62.17723261609704,457228,True,True,False,1.0,25.32863954720541
published-or-labelled,equal_burden,0.98925173,gds,67995,229919,53.161376256557986,-27.737668118586065,217418,True,True,False,,25.295153781729876
published-or-labelled,equal_burden,0.98924565,gds,46061,206125,53.12690220614058,-27.786152083012336,195469,True,True,False,,25.582729970468844
published-or-labelled,equal_burden,0.9892165,ceers-full,76531,609517,214.99840335988904,53.00462417020744,570609,True,True,False,,25.079921202922158
rule-selected,equal_burden,0.98921365,primer-cosmos-east,57507,407424,150.1504715699428,2.377868226513393,378888,True,False,False,,26.315749718609815
rule-selected,equal_burden,0.98920405,gdn,55476,481416,189.1618384060865,62.251057894094146,449701,True,False,False,,25.1305795154374
rule-selected,equal_burden,0.98920316,primer-cosmos-east,62051,415054,150.15898597838367,2.3943757953538483,386140,True,False,False,,25.634487708157128
published-or-labelled,equal_burden,0.98915523,primer-uds-south,75481,125040,34.46287218983697,-5.191959391243991,119607,True,True,False,,24.26068973061449
published-or-labelled,equal_burden,0.9891547,primer-uds-north,50135,94497,34.397484075924076,-5.135116306276058,90271,True,True,False,1.0,25.64726582684428
published-or-labelled,equal_burden,0.9891481,primer-cosmos-east,60909,399498,150.14236897693283,2.390020253506605,371388,True,True,False,,26.226815445413795
published-or-labelled,equal_burden,0.9891337,ceers-full,6618,629125,215.13702105738352,52.9556433911413,589148,True,True,False,,26.472162262533477
published-or-labelled,equal_burden,0.98912907,gds,20018,170447,53.067289473792165,-27.838331669197505,162383,True,True,False,,26.441909396742176
rule-selected,equal_burden,0.98911554,primer-cosmos-east,66286,436347,150.18779370852513,2.4112909221484355,406489,True,False,False,,25.68660194994213
published-or-labelled,equal_burden,0.98911244,ceers-full,53527,582061,214.89224285864432,52.877409803779095,544595,True,True,True,1.0,24.184025012716724
published-or-labelled,equal_burden,0.98910165,primer-uds-north,70315,93008,34.394404933215085,-5.106746622789906,88831,True,True,False,,25.230745185489713
published-or-labelled,equal_burden,0.98908883,primer-cosmos-west,84507,362724,150.10690198647086,2.360047161871554,337233,True,True,False,1.0,25.613287065227556
rule-selected,equal_burden,0.98908144,primer-cosmos-west,83852,362902,150.10705983249056,2.357608346540669,337393,True,False,False,,25.365443656755737
published-or-labelled,equal_burden,0.989081,primer-uds-north,84281,74887,34.356131029452385,-5.084246196341168,71433,True,True,False,,26.367618387585992
rule-selected,equal_burden,0.98907614,gdn,73092,465019,189.0611858481668,62.28412300132678,434053,True,False,False,,25.456321543866117
rule-selected,equal_burden,0.9890649,gdn,41698,493448,189.21258236678057,62.22743352936158,461066,True,False,False,,24.97246448534737
published-or-labelled,equal_burden,0.98905945,primer-cosmos-east,40812,378189,150.12091825524493,2.3179323730169585,351259,True,True,False,1.0,25.25905370070783
published-or-labelled,equal_burden,0.9890462,primer-uds-north,24564,114374,34.43898599483391,-5.1705432974252155,109356,True,True,False,,25.191444312894053
published-or-labelled,equal_burden,0.98904264,primer-cosmos-east,7798,406158,150.14914835538573,2.1839510400646986,377691,True,True,False,,24.822656031455605
published-or-labelled,equal_burden,0.98904175,primer-cosmos-east,22285,406347,150.14935749103086,2.252562713368088,377876,True,True,False,,26.150240023643768
rule-selected,equal_burden,0.9890131,primer-cosmos-west,58123,356895,150.1020442890523,2.282627779303731,332023,True,False,False,,25.5246503054495
published-or-labelled,equal_burden,0.9890053,primer-cosmos-west,88282,320478,150.07423242477125,2.373890590864809,299872,False,True,False,,24.626110202845762
rule-selected,equal_burden,0.9890044,gdn,85444,486326,189.18395111123795,62.3099720373472,454343,True,False,False,,25.796090544407306
rule-selected,equal_burden,0.9889977,gdn,67103,465618,189.06589003676035,62.27325112736845,434630,True,False,False,,26.62779708206979
rule-selected,equal_burden,0.98897886,ceers-full,19184,605299,214.97918410095284,52.86575685047244,566604,True,False,False,,25.7627295104008
published-or-labelled,equal_burden,0.98897856,primer-cosmos-west,102740,388953,150.13169253578647,2.4356825515025977,361412,True,True,False,,24.216861322760316
published-or-labelled,equal_burden,0.9889686,gdn,6046,519381,189.29394907991042,62.1530917151787,485317,False,True,False,1.0,26.318670244616747
published-or-labelled,equal_burden,0.9889685,gds-sw,43476,157134,53.03490293102044,-27.852180251203606,150133,True,True,False,1.0,25.49754142358446
published-or-labelled,equal_burden,0.9889014,gds-sw,53518,183031,53.0869690849623,-27.831897750458214,173971,True,True,False,,26.30069756148751
published-or-labelled,equal_burden,0.98888665,ceers-full,44889,582122,214.89247943623846,52.85689047675586,544650,True,True,True,1.0,25.719589691594102
published-or-labelled,equal_burden,0.9888606,primer-cosmos-east,26901,373198,150.11617717399793,2.2705568088035446,346641,True,True,False,,26.426413287548222
published-or-labelled,equal_burden,0.98881346,primer-uds-north,1951,97282,34.40309797177373,-5.208186345137336,92954,True,True,False,,25.222791712125062
published-or-labelled,equal_burden,0.98872036,primer-uds-south,29813,120751,34.453354870970635,-5.270716907932999,115504,True,True,True,1.0,25.985708197100642
published-or-labelled,equal_burden,0.98871857,primer-cosmos-west,41188,321791,150.07522152984626,2.244680318881772,301018,True,True,False,,25.694174368946623
rule-selected,equal_burden,0.9887075,gds-sw,46383,157620,53.036387572876066,-27.846563563386713,150579,True,False,False,,25.3494652330809
published-or-labelled,equal_burden,0.9886816,ceers-full,75809,599723,214.95683755263494,52.97315297298809,561309,True,True,False,,26.0703449202784
rule-selected,equal_burden,0.98867875,gdn,17857,513542,189.27492861148846,62.180166150140785,479855,True,False,False,,25.892187425414917
published-or-labelled,equal_burden,0.9886353,primer-uds-north,32858,108397,34.42591529014293,-5.159179447563612,103618,True,True,False,,25.92749622182604
published-or-labelled,equal_burden,0.98861676,gds,19200,205277,53.12539986599142,-27.839967619304478,194693,True,True,False,,26.755145920394376
rule-selected,equal_burden,0.98860157,gdn,21317,485151,189.17860029915047,62.18720999242845,453222,True,False,False,,26.28015126931394
published-or-labelled,equal_burden,0.9885934,ceers-full,9057,583327,214.89647552807537,52.787691584508174,545787,True,True,False,,25.614348445320747
published-or-labelled,equal_burden,0.9885602,primer-uds-north,76768,11213,34.229106229648664,-5.097388577588927,10600,False,True,False,,26.214744536097527
published-or-labelled,equal_burden,0.9885426,primer-uds-north,19957,28266,34.26890764112112,-5.176721840771617,26955,True,True,True,1.0,25.65523344020782
published-or-labelled,equal_burden,0.9885347,primer-cosmos-east,9809,376107,150.11893668218536,2.194977951232032,349323,True,True,False,,24.638239610148233
published-or-labelled,equal_burden,0.98853,primer-cosmos-west,59476,326751,150.07916583420396,2.2857372304276518,305400,True,True,False,,25.8160437848575
published-or-labelled,equal_burden,0.9885298,gds,53152,251875,53.20399376641212,-27.772100026665946,237885,True,True,False,1.0,26.345476601122424
rule-selected,equal_burden,0.9884994,primer-cosmos-east,80537,407583,150.1506297246015,2.470722767111104,379040,True,False,False,,25.29342234504294
published-or-labelled,equal_burden,0.98849523,primer-cosmos-east,78039,420403,150.16553713967423,2.459116304271191,391246,True,True,False,,24.41890015463254
rule-selected,equal_burden,0.98842716,gdn,60409,480816,189.15901196078735,62.26022012275316,449136,True,False,False,,24.87454811902387
published-or-labelled,equal_burden,0.9884001,primer-uds-south,42814,50436,34.31057568854347,-5.2498971236997685,48122,True,True,True,1.0,26.39783667953915
published-or-labelled,equal_burden,0.9883939,primer-cosmos-east,33475,418420,150.1630098798179,2.2946746386475687,389350,True,True,False,,26.156065838866727
published-or-labelled,equal_burden,0.9883913,primer-uds-south,61912,28999,34.270711414980035,-5.217679394593591,27661,True,True,False,1.0,24.356063167149888
published-or-labelled,equal_burden,0.98835874,primer-uds-north,74471,126807,34.46674884887205,-5.100877034441696,121291,True,True,True,1.0,26.469424434774556
rule-selected,equal_burden,0.9883557,gdn,79613,548796,189.39603187331696,62.29599689177914,513034,True,False,False,,25.86696242834909
published-or-labelled,equal_burden,0.9883528,primer-cosmos-west,59349,367936,150.1115469337835,2.2855251789980704,341910,True,True,False,,26.894924077986023
published-or-labelled,equal_burden,0.98835266,ceers-full,25868,624327,215.07826029734858,52.948496803812056,584578,True,True,True,1.0,26.45267894838102
published-or-labelled,equal_burden,0.9883341,primer-uds-north,82791,5003,34.213812850547654,-5.0870495031759395,4733,True,True,True,1.0,25.102430777066164
published-or-labelled,equal_burden,0.98827285,gds-sw,18538,195041,53.10722426668577,-27.89059472303409,185134,True,True,False,1.0,26.529519978423174
rule-selected,equal_burden,0.9882702,primer-uds-north,7080,68748,34.34368218126512,-5.198183146170062,65574,True,False,False,,26.21524305140135
published-or-labelled,equal_burden,0.9882598,primer-uds-north,81646,39621,34.292566214443305,-5.089317324662564,37844,True,True,False,,25.74811833547191
published-or-labelled,equal_burden,0.98825526,primer-uds-south,19521,87772,34.3836724883297,-5.287732439684146,83804,True,True,True,1.0,26.50397853891601
published-or-labelled,equal_burden,0.98825264,primer-cosmos-west,95058,366504,150.11024264306758,2.4022085137786235,340639,True,True,False,1.0,24.64968621678604
published-or-labelled,equal_burden,0.9882395,ceers-full,60195,606156,214.98302640903486,52.956001632315704,567417,True,True,True,1.0,24.126805016974824
published-or-labelled,equal_burden,0.9882239,primer-cosmos-west,99120,371966,150.11506867693498,2.4196832173659417,345528,True,True,False,,26.449071719607108
,equal_burden,0.98819923,primer-uds-south,2558,17468,34.24302589785728,-5.319390777549782,16567,False,False,False,,26.018424630504235
published-or-labelled,equal_burden,0.9881972,primer-uds-north,64820,6050,34.216881306054496,-5.114383522876661,5722,True,True,False,,25.67037649304261
published-or-labelled,equal_burden,0.988178,primer-uds-north,8040,40226,34.29368694276033,-5.196476740906108,38413,True,True,False,,23.69003395302404
rule-selected,equal_burden,0.9881709,primer-uds-south,54098,126856,34.46687611783184,-5.231150902529542,121336,True,False,False,,24.636671343418573
published-or-labelled,equal_burden,0.9881634,ceers-full,42562,551531,214.7325473586708,52.73575243250666,515627,True,True,False,,25.377955827707932
published-or-labelled,equal_burden,0.98814386,gds-sw,62593,228370,53.159333284632474,-27.811749371919966,216001,True,True,False,,26.980876577368004
rule-selected,equal_burden,0.98808193,primer-uds-north,63879,106055,34.42104749081308,-5.115731809757948,101369,True,False,False,,26.026222343546742
rule-selected,equal_burden,0.9880806,gdn,88847,496836,189.22413358492585,62.320770939338594,464253,True,False,False,,26.476601420805
published-or-labelled,equal_burden,0.9880582,primer-cosmos-east,31027,416108,150.16025161750707,2.2865426955385466,387147,True,True,False,,24.948217762676634
rule-selected,equal_burden,0.9880369,primer-uds-north,32238,27215,34.26653228881208,-5.1600144825026435,25941,True,False,False,,26.195986065514987
published-or-labelled,equal_burden,0.98803353,primer-uds-south,49338,16910,34.24181652939085,-5.239435520768484,16035,True,True,True,,24.700799219656172
rule-selected,equal_burden,0.9880229,primer-uds-south,5327,42744,34.297952180400536,-5.313280770537458,40813,True,False,False,,26.181888406749383
published-or-labelled,equal_burden,0.9879785,primer-cosmos-east,60474,423988,150.17017435801785,2.3883868006431777,394666,True,True,False,,24.051167272923987
published-or-labelled,equal_burden,0.98794246,primer-cosmos-east,16585,420155,150.16524223013377,2.227038787859828,391006,True,True,False,,26.05040505676274
published-or-labelled,equal_burden,0.987936,primer-uds-south,29173,17782,34.24369983157472,-5.271439645001771,16867,True,True,False,1.0,26.438011645835754
published-or-labelled,equal_burden,0.9879324,primer-cosmos-east,73242,444823,150.20165298208946,2.4393695491327896,414622,False,True,False,,24.773341854358307
published-or-labelled,equal_burden,0.98791564,ceers-full,32314,615242,215.02207041000383,52.92078606320471,575996,True,True,True,1.0,26.079310831293498
published-or-labelled,equal_burden,0.9879124,primer-uds-south,53692,121629,34.45537626542536,-5.23181398278446,116352,True,True,True,1.0,26.393826491159643
published-or-labelled,equal_burden,0.9879064,primer-uds-south,56195,62035,34.330553286219995,-5.2276348375748505,59153,True,True,False,,26.268571565285267
published-or-labelled,equal_burden,0.9878979,primer-uds-north,55054,31637,34.277044162238205,-5.128337634883689,30192,True,True,False,,27.077311307307156
published-or-labelled,equal_burden,0.987892,ceers-full,64026,561514,214.80666971294343,52.837802523319155,525095,True,True,False,,25.51170638059924
published-or-labelled,equal_burden,0.98787737,primer-uds-north,51909,121440,34.45493133035537,-5.132707954818829,116169,True,True,False,,24.440784959100753
published-or-labelled,equal_burden,0.98784673,primer-cosmos-west,82167,323652,150.07671272605424,2.3509239895803695,302664,True,True,False,,26.342280238617924
published-or-labelled,equal_burden,0.9878436,primer-uds-south,36171,69421,34.345002561698756,-5.260115382734445,66218,True,True,True,1.0,26.244026042601305
published-or-labelled,equal_burden,0.9878408,gds,3327,168556,53.06411375991559,-27.87092905358485,160620,True,True,False,,25.749862536040492
published-or-labelled,equal_burden,0.9878362,gds,65842,245261,53.18478615773014,-27.744045391643365,231709,True,True,False,,27.05428732559404
rule-selected,equal_burden,0.9878358,primer-uds-north,1929,114117,34.438337206575625,-5.208181293462357,109110,True,False,False,,26.430240623946496
published-or-labelled,equal_burden,0.98781925,primer-uds-north,1071,82319,34.37223637642018,-5.2100336743586455,78580,True,True,False,,25.895420468537814
rule-selected,equal_burden,0.9877438,gdn,90738,519106,189.29304427287275,62.32721128763905,485057,True,False,False,,25.324688092623173
published-or-labelled,equal_burden,0.98773247,gdn,36091,482712,189.16802156337064,62.21701376522342,450930,True,True,False,1.0,26.646924031017647
published-or-labelled,equal_burden,0.9877247,primer-cosmos-east,16930,406496,150.14951316860166,2.2286540994826676,378016,True,True,False,,25.944677876568985
rule-selected,equal_burden,0.98771656,primer-cosmos-west,34329,365499,150.1093178504717,2.227877259494682,339739,True,False,False,,25.89303595969651
published-or-labelled,equal_burden,0.98768616,ceers-full,53800,594309,214.9370013818248,52.910654245636096,556169,True,True,False,,26.118067673806166
rule-selected,equal_burden,0.98763186,primer-cosmos-east,67777,418152,150.16267260134214,2.4168552442823805,389095,True,False,False,,26.196291337689367
published-or-labelled,equal_burden,0.9876091,ceers-full,64903,573607,214.86103765148948,52.87903005562814,536582,True,True,False,,26.6928420829747
rule-selected,equal_burden,0.9875738,primer-uds-north,26156,128401,34.47029850195267,-5.168360094032398,122782,True,False,False,,26.72217097270135
rule-selected,equal_burden,0.9875567,gdn,52319,491249,189.20474725228237,62.24555523385689,459004,True,False,False,,24.562361466213627
rule-selected,equal_burden,0.987529,primer-cosmos-east,55077,438542,150.191305629788,2.3694688253245952,408597,True,False,False,,24.786508054406085
published-or-labelled,equal_burden,0.9875285,primer-cosmos-west,69048,305821,150.0605715630276,2.305958926825972,286652,True,True,False,1.0,26.308406468409576
published-or-labelled,equal_burden,0.98747385,primer-uds-north,8615,126215,34.465425706631684,-5.195331799885152,120730,True,True,False,,25.530443040202787
published-or-labelled,equal_burden,0.9874615,primer-uds-south,12528,147593,34.51039682702882,-5.29937910631622,141224,True,True,False,,25.718078967177
rule-selected,equal_burden,0.987444,gds,57039,251033,53.2003208270739,-27.76412250867648,237097,True,False,False,,26.038193737059363
rule-selected,equal_burden,0.98743325,gdn,59957,479402,189.1517357727263,62.25940558533009,447786,True,False,False,,26.48391882768476
published-or-labelled,equal_burden,0.98736376,primer-uds-north,48325,123490,34.45960716854885,-5.137797332333455,118127,True,True,False,,25.473043247329166
rule-selected,equal_burden,0.98735994,gdn,42566,462685,189.04280780280223,62.22900736223018,431823,True,False,False,,26.102049910973054
published-or-labelled,equal_burden,0.98734874,primer-uds-north,49501,89236,34.386713011080914,-5.136107513326662,85205,True,True,False,1.0,25.427632500748725
rule-selected,equal_burden,0.98733693,ceers-full,76712,553749,214.75982473816535,52.833411012762454,517735,True,False,False,,25.76803577928098
rule-selected,equal_burden,0.9873204,gdn,84807,514031,189.27660907409185,62.308166179094925,480325,True,False,False,,25.60288597313109
,equal_burden,0.9873022,gdn,44253,509059,189.26132288039057,62.23196382273444,475668,False,False,False,,25.85667205448021
published-or-labelled,equal_burden,0.9872965,primer-uds-south,40800,58431,34.32412198260266,-5.252788854978552,55716,True,True,False,1.0,26.960041364154954
published-or-labelled,equal_burden,0.9872894,primer-uds-north,1553,84800,34.37741227477582,-5.209022495465421,80945,True,True,False,,26.2823127048174
published-or-labelled,equal_burden,0.9872758,ceers-full,29185,578604,214.88017666222984,52.81256424456366,541303,True,True,False,1.0,25.240637120193863
,equal_burden,0.9872666,gdn,71316,543309,189.37383998562217,62.28083730706247,507828,False,False,False,,26.215408505598333
published-or-labelled,equal_burden,0.98721904,primer-uds-south,53274,26406,34.2646015217422,-5.23258503671963,25166,True,True,True,1.0,24.898019488177606
published-or-labelled,equal_burden,0.9872156,ceers-full,76469,562006,214.8091456528529,52.8684792798485,525567,True,True,False,1.0,26.136920558262215
published-or-labelled,equal_burden,0.9872109,primer-uds-south,56686,52014,34.31315438357064,-5.226780756897352,49630,True,True,True,1.0,26.07144696073619
published-or-labelled,equal_burden,0.98714745,primer-uds-north,62788,114669,34.43967607109415,-5.117335007497934,109645,True,True,False,,27.025346771461354
published-or-labelled,equal_burden,0.9871321,gds-sw,45401,166635,53.06054551385188,-27.84839503745343,158818,True,True,False,1.0,27.039932701486407
published-or-labelled,equal_burden,0.98711103,primer-uds-north,25917,132136,34.478045458555165,-5.168718384991258,126402,False,True,False,,26.8656860558747
,equal_burden,0.9871089,gdn,27731,500172,189.23478134498782,62.199952732437694,467390,False,False,False,,26.416280900999944
published-or-labelled,equal_burden,0.98709583,primer-uds-south,44593,105398,34.41973730372904,-5.247059231404082,100739,False,True,False,,26.795685524948183
published-or-labelled,equal_burden,0.98706794,primer-uds-south,36210,8880,34.22375691512629,-5.260244247471578,8391,True,True,True,1.0,24.99376650126302
rule-selected,equal_burden,0.98697734,ceers-full,4973,624674,215.08172194878534,52.91225590826809,584905,True,False,False,,26.91088542943609
published-or-labelled,equal_burden,0.98695654,primer-uds-south,58651,98426,34.40539081940699,-5.223527080391804,94047,True,True,False,,24.567024548770664
,equal_burden,0.98695415,primer-cosmos-west,20773,372736,150.1158055128171,2.186890119591165,346231,False,False,False,,26.535964417850142
published-or-labelled,equal_burden,0.9869506,gds,30367,205934,53.12653936355704,-27.818090433946182,195292,True,True,False,1.0,26.035040947434812
published-or-labelled,equal_burden,0.9869467,ceers-full,57736,559649,214.7975382343117,52.81874663745569,523316,True,True,True,1.0,25.918260900045574
,equal_burden,0.9869377,primer-uds-north,15290,122147,34.45662845935476,-5.183603349576064,116849,False,False,False,,26.330777464387097
published-or-labelled,equal_burden,0.9869243,ceers-full,48350,604428,214.9755285162651,52.92526791329146,565778,True,True,True,1.0,26.610919990198393
published-or-labelled,equal_burden,0.9868935,primer-cosmos-east,47463,424000,150.17018572525654,2.3423823476687846,394677,True,True,False,,26.903770807537608
,equal_burden,0.9868878,primer-cosmos-east,7862,407097,150.15014164441573,2.1842397192022447,378582,False,False,False,,26.346204816589697
published-or-labelled,equal_burden,0.9868776,primer-cosmos-west,74207,332806,150.08362363353473,2.320563322388174,310756,True,True,False,,26.834257970734424
published-or-labelled,equal_burden,0.9868553,ceers-full,78166,566490,214.83066053335173,52.8877747325764,529834,True,True,False,1.0,26.578544709565428
rule-selected,equal_burden,0.9868451,ceers-full,75010,598023,214.95083931422818,52.96686530517533,559690,True,False,False,,25.343419601901576
,equal_burden,0.98684096,primer-uds-south,44674,80921,34.368957907033234,-5.24694755601995,77234,False,False,False,,26.76154336738368
published-or-labelled,equal_burden,0.98677856,primer-cosmos-west,58971,300259,150.05412072554685,2.2846267855663838,281554,True,True,False,,26.3823533837121
published-or-labelled,equal_burden,0.98677737,primer-uds-north,76292,10777,34.228100221315735,-5.098144040937109,10193,True,True,False,,25.465729046301952
published-or-labelled,equal_burden,0.98675287,primer-uds-south,69503,51414,34.312170436548236,-5.202577027811566,49057,True,True,False,,26.244815091314706
published-or-labelled,equal_burden,0.9867502,primer-uds-south,16053,80076,34.367103568785325,-5.293524329615932,76424,True,True,False,1.0,25.743408934132866
published-or-labelled,equal_burden,0.98669136,ceers-full,40558,553613,214.7587055309498,52.749720842331946,517606,False,True,False,,25.784087310969937
published-or-labelled,equal_burden,0.9866832,primer-cosmos-east,25768,412503,150.15615264093393,2.2660563133716938,383719,True,True,False,,25.409713247728217
rule-selected,equal_burden,0.9866174,gdn,11574,513136,189.2735455345618,62.1664528038643,479468,True,False,False,,27.00375414128878
rule-selected,equal_burden,0.9865998,primer-uds-south,4879,131609,34.47694577726329,-5.314226556028174,125900,True,False,False,,25.836033786976056
rule-selected,equal_burden,0.986566,gdn,1683,501131,189.23769474834504,62.13801325887054,468279,True,False,False,,24.39783021379923
rule-selected,equal_burden,0.9865577,primer-cosmos-west,100988,364794,150.10867402061785,2.427678197530413,339097,True,False,False,,26.65491698313018
published-or-labelled,equal_burden,0.9865083,primer-cosmos-west,81903,307704,150.06275558710146,2.349852044705354,288408,True,True,False,,26.647600040446775
published-or-labelled,equal_burden,0.98648334,ceers-full,31988,555623,214.77391525160635,52.741350136295296,519508,True,True,False,,26.466006236835156
rule-selected,equal_burden,0.98648155,primer-cosmos-west,39083,300670,150.0545763492524,2.240183527285537,281916,True,False,False,,25.541148447791635
published-or-labelled,equal_burden,0.9864766,primer-cosmos-west,77323,374135,150.11703807621998,2.33265799600126,347463,True,True,False,,27.052429543216114
published-or-labelled,equal_burden,0.98646474,ceers-full,25018,628659,215.13147836026542,52.9849105434968,588704,True,True,False,,26.624869472189708
published-or-labelled,equal_burden,0.9864563,primer-uds-south,49802,81505,34.37030711631371,-5.238639608737726,77796,True,True,False,,26.055235038179955
published-or-labelled,equal_burden,0.9864224,gds,3184,183529,53.08772714197778,-27.871240951505442,174354,True,True,False,,27.01203971647968
published-or-labelled,equal_burden,0.9863825,ceers-full,23359,582732,214.89456729902804,52.812164756259136,545225,True,True,False,,25.19420691153327
published-or-labelled,equal_burden,0.98636883,ceers-full,59989,550003,214.69515932940152,52.74856887770794,514172,True,True,False,,26.600809291317223
published-or-labelled,equal_burden,0.986351,primer-uds-south,34411,72701,34.351684333994825,-5.263106986481096,69358,True,False,True,0.0,26.77680328524572
published-or-labelled,equal_burden,0.9863143,primer-cosmos-east,37681,381318,150.12402581622078,2.3068371759540702,354183,False,True,False,1.0,26.25441671836995
,equal_burden,0.98629,primer-uds-south,18934,122018,34.45631206088567,-5.2887978966980675,116724,False,False,False,,26.426777772671908
rule-selected,equal_burden,0.98623705,gdn,9984,528524,189.3216324405688,62.16274897245887,493931,True,False,False,,26.11287166199649
published-or-labelled,equal_burden,0.9862321,ceers-full,44194,568814,214.8405401201694,52.81794432303965,532046,True,True,False,,26.30192972675165
published-or-labelled,equal_burden,0.98622924,primer-cosmos-east,25265,407754,150.1507924737205,2.264094467385455,379201,True,True,False,,25.365984587518344
published-or-labelled,equal_burden,0.9862259,primer-uds-south,24303,44055,34.30024708604386,-5.2793284449876055,42067,True,False,False,0.0,26.603833145465032
published-or-labelled,equal_burden,0.986216,ceers-full,15355,584324,214.8998097946371,52.80154390263653,546726,False,True,False,,26.80272527498831
published-or-labelled,equal_burden,0.98614496,primer-uds-north,54684,110142,34.429483849403695,-5.128837853424645,105287,True,True,False,,26.50539453427465
published-or-labelled,equal_burden,0.9861256,primer-uds-north,75975,3915,34.2103850922664,-5.098736209426378,3696,True,True,False,1.0,24.39154373714412
published-or-labelled,equal_burden,0.9859351,primer-uds-north,78467,1513,34.202284004467685,-5.095347047843544,1421,True,True,False,,24.57940589304294
rule-selected,equal_burden,0.985926,primer-cosmos-east,39912,430194,150.17862914444012,2.3147962271014126,400598,True,False,False,,26.94077051791861
rule-selected,equal_burden,0.9858932,gdn,74409,485495,189.18019065171666,62.28660137025387,453551,True,False,False,,25.01019426392595
rule-selected,equal_burden,0.9858909,gdn,35693,515647,189.2816486447382,62.21611878095708,481825,True,False,False,,25.665982425277395
published-or-labelled,equal_burden,0.9858775,primer-uds-south,10247,19063,34.24644671968737,-5.303397230681752,18108,True,True,False,,25.834057002275397
rule-selected,equal_burden,0.9858279,gds-sw,65228,229158,53.16038343218379,-27.806012309731834,216724,True,False,False,,25.903756421157784
,equal_burden,0.98582506,primer-uds-north,10014,61198,34.32892249221182,-5.192771042583805,58344,False,False,False,,26.059203500717587
published-or-labelled,equal_burden,0.9858032,primer-uds-north,41054,31230,34.27604134585089,-5.148030771580588,29800,False,True,False,,26.860129601195478
published-or-labelled,equal_burden,0.9857344,primer-uds-south,1693,100460,34.40956879909452,-5.3220408282699125,96000,True,True,False,,25.601671873931
published-or-labelled,equal_burden,0.98563534,gds-sw,42382,160972,53.04601373417316,-27.853986000927193,153614,True,True,False,1.0,26.541621434532072
published-or-labelled,equal_burden,0.9855703,gdn,24803,511912,189.26977299109456,62.19420506121332,478330,False,True,False,1.0,25.38216382594463
published-or-labelled,equal_burden,0.9855587,primer-cosmos-east,30115,372139,150.11521791783167,2.2829867709510547,345687,True,True,False,,26.309160943935982
,equal_burden,0.98553157,gdn,11718,504833,189.24897297876305,62.16654548140045,471727,False,False,False,,25.20494283924629
published-or-labelled,equal_burden,0.98550534,primer-uds-north,69961,6680,34.21842685035793,-5.107163946153368,6311,True,True,False,,26.293215313098095
published-or-labelled,equal_burden,0.98547566,ceers-full,76411,610558,215.00284068344885,53.00759252896108,571587,True,True,False,,26.67090506977756
rule-selected,equal_burden,0.9853934,primer-uds-south,37717,112475,34.434676464581344,-5.257503946582503,107532,True,False,False,,26.441382438669198
published-or-labelled,equal_burden,0.9853386,primer-uds-north,49298,107613,34.42431077485901,-5.136491239839027,102862,True,True,True,1.0,24.22077646472296
published-or-labelled,equal_burden,0.985335,gds-sw,17377,201550,53.11906564232893,-27.89254821470951,191250,True,True,False,,26.455074985183828
rule-selected,equal_burden,0.9853268,gdn,56589,491650,189.20621754664438,62.25294592422666,459382,True,False,False,,26.831920834532887
,equal_burden,0.9852873,primer-cosmos-east,60004,433733,150.18385942655598,2.3867031776802037,403985,False,False,False,,26.755540399105804
published-or-labelled,equal_burden,0.98528564,primer-uds-south,30031,93620,34.39568257170556,-5.270081079025617,89426,True,True,False,,26.49110029902784
rule-selected,equal_burden,0.9852607,gdn,78295,522934,189.30455527604914,62.29359109696438,488655,True,False,False,,26.386846910088316
published-or-labelled,equal_burden,0.98524904,primer-cosmos-east,74694,400974,150.14380328064078,2.445223707332824,372797,True,True,False,,26.97555280698175
rule-selected,equal_burden,0.9852396,ceers-full,40894,587348,214.9102807274799,52.860078334132645,549591,True,False,False,,26.41281232983978
rule-selected,equal_burden,0.98519886,gds-sw,61224,194137,53.10554375242932,-27.815153256286447,184296,True,False,False,,25.811526746202315
published-or-labelled,equal_burden,0.9851764,primer-cosmos-east,76953,408048,150.15107469713848,2.454345424535248,379477,True,True,False,,25.922986690167
published-or-labelled,equal_burden,0.9851589,primer-uds-south,34966,92181,34.39279319355788,-5.262176303394369,88037,True,True,False,,26.027753060778096
rule-selected,equal_burden,0.9850941,gds-sw,23125,157591,53.03628904152314,-27.88373192972983,150553,True,False,False,,26.290398562833275
published-or-labelled,equal_burden,0.98501533,primer-cosmos-east,71672,428195,150.17594315935176,2.4324318893423937,398672,True,True,False,1.0,23.779956433415702
published-or-labelled,equal_burden,0.98498124,primer-cosmos-west,46021,334256,150.08471200273806,2.2540160824369924,312035,True,True,False,,26.337935975511673
published-or-labelled,equal_burden,0.9849788,ceers-full,77817,563665,214.81768024988554,52.87786035361988,527146,True,True,False,,25.726797942652993
rule-selected,equal_burden,0.98492265,gdn,20181,533837,189.3394557589252,62.18476372783921,498914,True,False,False,,24.846039538506627
published-or-labelled,equal_burden,0.9849025,primer-uds-north,74005,10951,34.22852611509374,-5.101525160835979,10354,True,True,True,1.0,26.42809828168727
rule-selected,equal_burden,0.98488325,primer-uds-south,66085,101821,34.41230669076741,-5.209510270880231,97308,True,False,False,,25.20912083409966
published-or-labelled,equal_burden,0.98479515,ceers-full,64493,573394,214.86015646477736,52.87743335318375,536380,True,True,False,,25.5785057143056
,equal_burden,0.9847808,primer-cosmos-west,89216,316534,150.07110972708492,2.3774776968246316,296356,False,False,False,,26.030533916649688
published-or-labelled,equal_burden,0.9847652,primer-uds-south,54712,53023,34.31482955462781,-5.230115074157596,50587,False,False,False,0.0,24.51485338393807
rule-selected,equal_burden,0.98473334,ceers-full,61102,611914,215.00865098580456,52.976512777902165,572850,True,False,False,,25.35490215194783
published-or-labelled,equal_burden,0.9847066,primer-uds-south,4412,151648,34.53201859357576,-5.315165412132074,145088,False,True,False,,26.12525841744423
published-or-labelled,equal_burden,0.9846978,ceers-full,41679,580499,214.88712440185887,52.845376940781044,543108,True,True,False,1.0,25.670120538965303
published-or-labelled,equal_burden,0.98455685,primer-uds-south,46624,34701,34.283659501121896,-5.243940019535215,33151,False,True,False,,26.138606292277345
published-or-labelled,equal_burden,0.9844915,primer-cosmos-west,51337,360196,150.10475640101072,2.2639940051555643,334959,True,True,False,,27.096663737699288
rule-selected,equal_burden,0.98444,primer-cosmos-west,15611,314223,150.06924578151757,2.1678600244473007,294320,True,False,False,,24.219215025280707
published-or-labelled,equal_burden,0.98442936,primer-cosmos-west,62385,301324,150.05536538772682,2.291590045339835,282498,True,True,False,1.0,24.705699098800817
rule-selected,equal_burden,0.9844263,primer-uds-south,12549,36977,34.287975812912904,-5.299358164905827,35326,True,False,False,,25.117706411056115
published-or-labelled,equal_burden,0.9843884,primer-cosmos-east,13939,382174,150.1249226745866,2.214571788512799,354998,True,True,False,,24.591416605217212
rule-selected,equal_burden,0.9843712,gdn,40629,497051,189.22478269411033,62.22575352757761,464459,True,False,False,,26.897877258679976
published-or-labelled,equal_burden,0.984367,ceers-full,72254,556468,214.7792328166235,52.836920015614695,520309,True,True,False,,26.998583517727305
,equal_burden,0.9843657,primer-cosmos-east,19279,429747,150.17801414377487,2.2393609062154263,400170,False,False,False,,26.620513886623577
rule-selected,equal_burden,0.9842918,gdn,63958,464480,189.05684990940068,62.267142482498684,433535,True,False,False,,26.559789952145614
published-or-labelled,equal_burden,0.98425883,primer-cosmos-east,60812,383096,150.1258251730518,2.3897109270010923,355870,True,True,False,1.0,26.82929013538683
,equal_burden,0.9842449,primer-uds-north,52867,66106,34.338383626597356,-5.131370296279152,63050,False,False,False,,25.039171167354546
rule-selected,equal_burden,0.98424137,gdn,5086,491652,189.20623580813523,62.1505337172241,459384,True,False,False,,26.85567352621311
rule-selected,equal_burden,0.98419297,primer-uds-south,63532,119852,34.45136475051854,-5.2144971912886575,114634,True,False,False,,24.35120659080491
published-or-labelled,equal_burden,0.98410994,primer-uds-south,54853,62382,34.33123018270441,-5.229861759194611,59484,True,True,False,,25.528875062202946
rule-selected,equal_burden,0.9840923,primer-uds-south,23649,140249,34.49439317414796,-5.280515544801968,134206,True,False,False,,25.02241139536993
published-or-labelled,equal_burden,0.98402554,primer-uds-north,74752,2583,34.205808284634855,-5.100499778536657,2436,False,True,True,1.0,25.62888775908902
published-or-labelled,equal_burden,0.9840212,primer-uds-north,58960,117932,34.44713024954284,-5.1229909177057085,112777,True,True,False,,25.86511768078027
published-or-labelled,equal_burden,0.98399776,gds-sw,29489,165070,53.05703122594667,-27.874368763116628,157359,True,True,False,,25.350295730817365
published-or-labelled,equal_burden,0.9839947,gdn,60096,479449,189.15196680152673,62.25963917786711,447829,True,True,False,1.0,25.392607793912433
published-or-labelled,equal_burden,0.9839216,gds-sw,52928,174011,53.07315233033157,-27.833124148211006,165671,True,True,False,,26.985400926231854
published-or-labelled,equal_burden,0.9838954,primer-cosmos-east,27812,409554,150.15276486187557,2.2731898644252793,380917,True,True,False,,26.350602922037254
published-or-labelled,equal_burden,0.9838798,primer-uds-north,66283,110205,34.42961707031422,-5.11229603358418,105356,True,False,False,0.0,24.81811430277472
rule-selected,equal_burden,0.9838746,ceers-full,38175,560003,214.79932818631917,52.774004101124284,523646,True,False,False,,26.37329951772069
published-or-labelled,equal_burden,0.98384196,primer-uds-south,11720,28804,34.27028403200208,-5.300719385607075,27480,True,True,False,,25.783199470366814
,equal_burden,0.98372227,primer-uds-south,11577,105391,34.41970190413583,-5.300940260702541,100733,False,False,False,,26.100840735634783
published-or-labelled,equal_burden,0.9837023,gdn,67188,466492,189.07208397049874,62.27342944761371,435463,False,True,False,,25.674924691121348
published-or-labelled,equal_burden,0.9836939,primer-uds-north,82275,10031,34.22631161643675,-5.088099887284117,9476,True,True,False,,25.675489469790254
published-or-labelled,equal_burden,0.9835123,primer-uds-south,44383,28390,34.269224309315064,-5.247385025985469,27077,True,False,False,0.0,26.696968242704763
published-or-labelled,equal_burden,0.98349285,gds,40175,197338,53.11154117008917,-27.798073590862895,187302,True,True,False,,26.991540245790354
rule-selected,equal_burden,0.983491,gds,20056,198010,53.112710909078196,-27.838269062704104,187935,True,False,False,,26.84030538345774
published-or-labelled,equal_burden,0.98341984,primer-cosmos-west,75011,318732,150.0729025195731,2.3236213045710437,298336,True,True,False,1.0,26.441266897212778
published-or-labelled,equal_burden,0.98341906,primer-uds-south,50888,68872,34.34392964557362,-5.236679705477725,65693,True,True,False,,26.37704583969259
published-or-labelled,equal_burden,0.9832806,primer-cosmos-west,53907,353115,150.09902639052297,2.2704005760004766,328698,True,True,False,,26.89059877798011
published-or-labelled,equal_burden,0.98317224,primer-uds-north,61531,126889,34.466942857250615,-5.119225803383441,121369,True,True,False,,25.920455387052403
rule-selected,equal_burden,0.9830877,gds-sw,10042,205668,53.12608291617269,-27.906891744098182,195041,True,False,False,,26.889990415999456
published-or-labelled,equal_burden,0.98304784,primer-uds-north,3592,75507,34.35740045609836,-5.204713786796969,72032,True,True,False,,26.056545599651844
rule-selected,equal_burden,0.9830249,primer-uds-south,61989,114914,34.44026361688564,-5.217471579368159,109877,True,False,False,,26.989857337980283
,equal_burden,0.98301625,primer-uds-south,44427,71487,34.34928123071394,-5.2473507431253825,68193,False,False,False,,25.799230803809284
rule-selected,equal_burden,0.9830132,primer-cosmos-west,95929,320483,150.07423685805583,2.406047856478975,299877,True,False,False,,24.622925387343578
published-or-labelled,equal_burden,0.9829433,primer-uds-north,19857,78416,34.36351523371202,-5.176964032563154,74830,True,True,False,1.0,24.418868982254267
published-or-labelled,equal_burden,0.98292613,primer-uds-south,23438,66039,34.33827056315519,-5.28089510517798,62984,False,True,True,1.0,24.982351196760526
rule-selected,equal_burden,0.9828678,primer-cosmos-west,111092,384909,150.12764336192345,2.4772479508011416,357567,True,False,False,,26.596491683479876
published-or-labelled,equal_burden,0.98282635,primer-uds-north,60926,27439,34.26703383884025,-5.120075180805958,26157,True,True,False,,25.293854620706856
published-or-labelled,equal_burden,0.9828002,ceers-full,70973,556662,214.78037250202235,52.83479975144828,520493,False,True,False,,27.001263068371895
,equal_burden,0.98277825,primer-uds-south,60228,96024,34.40058527853454,-5.220705488741068,91745,False,False,False,,24.624661740948408
published-or-labelled,equal_burden,0.98262185,primer-cosmos-east,70821,411522,150.15507696544267,2.429352863466766,382794,True,True,False,,25.85664878850449
published-or-labelled,equal_burden,0.9826091,primer-uds-south,53632,128143,34.469745707683785,-5.231917117429038,122572,True,True,False,,27.168499794456412
published-or-labelled,equal_burden,0.9826013,ceers-full,54373,564842,214.82345374671925,52.83027670970119,528268,False,True,True,1.0,25.08370418118954
,equal_burden,0.98259974,primer-uds-south,31014,26631,34.26512443990419,-5.2685223413374365,25381,False,False,False,,25.504966400915965
,equal_burden,0.9824955,gds-sw,18317,192644,53.10282982126792,-27.890966632617555,182891,False,False,False,,25.947889743316754
published-or-labelled,equal_burden,0.98244447,ceers-full,78069,585010,214.90222738770214,52.93937142796653,547376,True,True,False,,26.761966071970498
published-or-labelled,equal_burden,0.98226786,primer-uds-south,17604,51026,34.31148794947745,-5.290995621288485,48690,True,True,True,,26.087053847475715
published-or-labelled,equal_burden,0.98222494,primer-uds-north,52827,123862,34.46035723648151,-5.131556800189909,118481,True,True,False,,23.5415702623179
published-or-labelled,equal_burden,0.9821849,gds,24555,206765,53.12805111955162,-27.82917122164247,196067,False,True,False,1.0,26.777346157675243
published-or-labelled,equal_burden,0.9821636,primer-uds-north,62121,67056,34.34025110793169,-5.118708071473001,63951,True,True,False,,26.168556629368396
published-or-labelled,equal_burden,0.9821309,ceers-full,81124,561318,214.80574962290623,52.8780463134583,524909,True,True,False,,26.322104047475218
rule-selected,equal_burden,0.98212916,primer-uds-south,7465,62737,34.33188413156022,-5.308762587664193,59825,True,False,False,,26.15331807062121
published-or-labelled,equal_burden,0.98210996,primer-cosmos-west,33765,307528,150.062554439085,2.2257254143801872,288245,True,True,False,,25.948917832022232
published-or-labelled,equal_burden,0.9820847,gdn,16334,489501,189.19796925671014,62.17701586127133,457356,True,True,False,1.0,26.677233254252037
published-or-labelled,equal_burden,0.98202145,primer-uds-north,32850,62593,34.33164289088879,-5.1592333753619,59687,True,True,False,,24.982569815982743
rule-selected,equal_burden,0.9819561,primer-uds-south,22377,91520,34.39149142530542,-5.282773352870081,87402,True,False,False,,25.525295165775876
published-or-labelled,equal_burden,0.9818693,ceers-full,60925,577548,214.8761439086176,52.88083153718594,540307,True,True,True,1.0,25.877239542754666
published-or-labelled,equal_burden,0.98174345,primer-uds-north,37721,98219,34.4049844387063,-5.152606889817743,93845,True,True,False,,25.681933874995913
published-or-labelled,equal_burden,0.9817162,ceers-full,30759,591916,214.9278205439982,52.84999968834927,553896,True,True,False,1.0,26.9174495889515
published-or-labelled,equal_burden,0.9816692,primer-cosmos-east,38011,393440,150.13625999903627,2.308028977479908,365668,True,True,False,1.0,26.403668636919708
rule-selected,equal_burden,0.9816638,primer-cosmos-east,70104,398714,150.14156970004012,2.4263262971596022,370642,True,False,False,,26.55560927701107
rule-selected,equal_burden,0.981571,primer-cosmos-west,30016,351987,150.09816212698274,2.2127367685011423,327682,True,False,False,,26.527475454640584
rule-selected,equal_burden,0.9814826,primer-cosmos-west,22506,352155,150.0982909102475,2.192191661775698,327836,True,False,False,,25.66831773060632
published-or-labelled,equal_burden,0.98143137,primer-uds-south,66107,115235,34.440988098201736,-5.20933689180298,110180,True,True,False,,26.711995870194272
rule-selected,equal_burden,0.9814288,primer-uds-south,20653,79346,34.36555402232156,-5.28567209117492,75718,True,False,False,,26.66018751581763
published-or-labelled,equal_burden,0.9813861,primer-cosmos-west,67730,312610,150.06783844986984,2.3033032831501887,292888,True,True,False,1.0,25.923600722701963
,equal_burden,0.9812265,primer-uds-north,22671,60513,34.32771433090502,-5.173116620576559,57695,False,False,False,,25.176810393334605
published-or-labelled,equal_burden,0.9811427,primer-cosmos-west,98319,385954,150.12873065703704,2.4163333433591903,358598,True,True,False,,25.32037167588243
published-or-labelled,equal_burden,0.9811236,primer-cosmos-east,40550,386395,150.12914696464858,2.315813884940691,358989,True,True,False,,25.070690003191466
published-or-labelled,equal_burden,0.9810511,primer-uds-north,25768,134898,34.483605309671916,-5.168929334327156,129066,False,True,False,1.0,24.844621723204995
rule-selected,equal_burden,0.9810126,primer-uds-north,42930,61893,34.33029938243387,-5.145571941049561,59014,True,False,False,,26.10978335718348
rule-selected,equal_burden,0.98097056,gdn,64851,473468,189.11800286105253,62.268967982381845,442138,True,False,False,,26.91234830540403
published-or-labelled,equal_burden,0.9809607,primer-uds-north,20805,67461,34.340991180180374,-5.175487084106893,64342,True,True,False,,26.860650442989975
published-or-labelled,equal_burden,0.9808402,primer-uds-south,38435,74604,34.35550819550677,-5.256449575724696,71164,True,True,False,,26.771493060509048
published-or-labelled,equal_burden,0.9808048,primer-uds-north,35833,148737,34.51417935283128,-5.155045961692878,142326,True,True,False,,25.54923919269052
,equal_burden,0.9807435,ceers-full,4719,630773,215.16774447416662,52.97285128182334,590721,False,False,False,,25.686811435350396
,equal_burden,0.98071754,gds-sw,12181,167585,53.06240952043809,-27.90183315351425,159711,False,False,False,,25.821333550386473
rule-selected,equal_burden,0.9806826,primer-cosmos-west,50246,340611,150.08980929412544,2.261682511174039,317658,True,False,False,,25.4595071874682
rule-selected,equal_burden,0.9805587,gdn,82142,533119,189.3368937103718,62.301121708576474,498253,True,False,False,,23.747288442987706
published-or-labelled,equal_burden,0.98053783,primer-uds-south,34668,109866,34.428902424135835,-5.262665525246181,105030,True,False,False,0.0,26.713535525280086
,equal_burden,0.98052835,ceers-full,64015,565973,214.82843054162956,52.853444169477974,529344,False,False,False,,26.17120696886881
,equal_burden,0.9803713,gds-sw,7615,190599,53.099370947946746,-27.91994147956829,180976,False,False,False,,26.300837163166197
published-or-labelled,equal_burden,0.980327,primer-cosmos-east,68491,429476,150.1776871178977,2.4195596756529976,399912,True,True,False,,26.801860908527843
published-or-labelled,equal_burden,0.9803191,gdn,58657,489441,189.1977224750413,62.25696621650951,457298,True,False,False,0.0,26.78323098737731
,equal_burden,0.98030865,primer-uds-south,3951,135509,34.48485374293454,-5.316090793696145,129656,False,False,False,,24.649293696699758
,equal_burden,0.98029953,gdn,31477,478939,189.14931945046862,62.20747682232171,447352,False,False,False,,24.628133322157844
rule-selected,equal_burden,0.98028934,primer-uds-north,16483,73027,34.3523732969027,-5.181681272045525,69674,True,False,False,,26.53621206885675
published-or-labelled,equal_burden,0.9801588,primer-uds-north,36569,11111,34.22888129436682,-5.154073107762508,10505,False,True,False,1.0,27.20818106866414
,equal_burden,0.98014796,gdn,15600,488557,189.19395225184067,62.17535787845711,456469,False,False,False,,26.675943442346387
,equal_burden,0.98014075,primer-cosmos-east,74321,423870,150.17001005963783,2.4437140684700185,394552,False,False,False,,24.958164902812033
rule-selected,equal_burden,0.98011196,gdn,45546,461949,189.0361800974514,62.23415852202989,431119,True,False,False,,25.975802694188207
,equal_burden,0.98010963,gdn,4640,493932,189.214322702813,62.149051155359345,461470,False,False,False,,25.449772410869567
published-or-labelled,equal_burden,0.98008376,gds,59698,242763,53.179225704888864,-27.758719481786507,229384,True,True,False,,26.445913039130847
,equal_burden,0.98007435,primer-uds-north,41052,102518,34.4136820137667,-5.148074600046551,97962,False,False,False,,25.67940824732915
published-or-labelled,equal_burden,0.97986764,primer-cosmos-west,12311,303820,150.05827880817208,2.1613472191669976,284798,True,True,False,,26.644298044448373
published-or-labelled,equal_burden,0.97976553,primer-uds-south,66202,24676,34.26054863236043,-5.209164266430288,23521,True,True,False,,26.290206055369794
published-or-labelled,equal_burden,0.9797617,gds,38174,214148,53.140782033585914,-27.802178850855952,202940,True,True,False,1.0,26.493131339207366
rule-selected,equal_burden,0.9796469,primer-uds-south,4246,131484,34.4766827324304,-5.315506461719713,125777,True,False,False,,26.129828220390525
published-or-labelled,equal_burden,0.97963434,gds,34874,217529,53.14529747102159,-27.80866743051928,206030,True,True,False,,25.85243258207496
rule-selected,equal_burden,0.97961265,gdn,67654,525704,189.31280345775687,62.274232939489906,491273,True,False,False,,26.9656092609079
published-or-labelled,equal_burden,0.9795343,gds,47103,212842,53.13904119249008,-27.784441828666363,201724,True,True,False,1.0,25.425472734827448
published-or-labelled,equal_burden,0.9794611,primer-cosmos-east,18852,394006,150.13680953107183,2.2375646492364236,366186,True,True,False,,27.088450219045626
published-or-labelled,equal_burden,0.979379,primer-cosmos-east,63790,394309,150.13711245535063,2.401208978647881,366474,True,True,False,,26.29393400803174
published-or-labelled,equal_burden,0.9793565,gdn,42019,469414,189.09147346171113,62.22810865423824,438261,True,True,False,1.0,26.940574750985075
published-or-labelled,equal_burden,0.9793125,primer-cosmos-east,24219,416466,150.16063737787186,2.2600857333911475,387482,True,True,False,,27.188419754003544
published-or-labelled,equal_burden,0.97926664,primer-cosmos-east,79519,416779,150.16103046975013,2.465802504619987,387785,True,True,False,1.0,25.585540850636704
rule-selected,equal_burden,0.9792047,gdn,57809,493123,189.2115251301608,62.255334225513366,460760,True,False,False,,26.8307061582952
published-or-labelled,equal_burden,0.9791488,ceers-full,23633,597487,214.94901851044662,52.851746544320925,559186,True,True,False,,24.46948472106799
published-or-labelled,equal_burden,0.9791399,ceers-full,33517,570933,214.85011353091312,52.800050991763484,534055,True,True,False,,26.373231576334824
published-or-labelled,equal_burden,0.979071,primer-uds-south,42658,96626,34.401815967653775,-5.250166460999582,92324,True,True,True,,26.030871419767347
published-or-labelled,equal_burden,0.97903985,ceers-full,79129,587929,214.9125030019929,52.94943955491056,550135,True,True,False,,26.380891587049263
published-or-labelled,equal_burden,0.9790383,primer-cosmos-east,57753,428125,150.17583929898242,2.3787269338888017,398604,True,True,False,1.0,26.164051229787894
,equal_burden,0.9789762,ceers-full,54661,553915,214.76127484660546,52.78617132644899,517893,False,False,False,,26.671899313687362
,equal_burden,0.9789339,primer-uds-north,25082,142676,34.499051390912705,-5.169836460545705,136535,False,False,False,,26.87793934772394
,equal_burden,0.9789295,primer-cosmos-west,114692,384681,150.1274111565892,2.4972251445311033,357355,False,False,False,,26.784325936994758
rule-selected,equal_burden,0.9787999,gds,20835,232484,53.16480437798905,-27.836966463814456,219789,True,False,False,,22.94173607391178
rule-selected,equal_burden,0.9787565,gds,59836,212343,53.138328860231994,-27.758372108872358,201266,True,False,False,,26.264796213771273
published-or-labelled,equal_burden,0.9787412,primer-uds-north,36272,120369,34.45249317884531,-5.154707476080282,115134,True,True,False,,25.208775051296968
published-or-labelled,equal_burden,0.9786786,primer-uds-north,46452,15360,34.23846321404082,-5.14043769592516,14557,True,True,False,,26.74564202408321
rule-selected,equal_burden,0.9786296,primer-uds-north,67083,3384,34.208561247564006,-5.111142873470747,3192,True,False,False,,26.779565672420937
,equal_burden,0.9784636,primer-cosmos-west,54568,318835,150.07297668277408,2.272485975542866,298424,False,False,False,,26.49303254825061
published-or-labelled,equal_burden,0.9784549,primer-uds-south,57632,82968,34.373598400282525,-5.225203276738599,79198,True,True,False,,25.06621548065462
published-or-labelled,equal_burden,0.9783176,ceers-full,31636,590975,214.92414888944103,52.84905031797728,553013,True,True,True,1.0,24.600293436282755
,equal_burden,0.9781697,primer-cosmos-west,11093,303094,150.05741255841144,2.160651167798082,284131,False,False,False,,26.593388560128908
rule-selected,equal_burden,0.9781668,ceers-full,22601,561692,214.80759371250977,52.74794231712723,525265,True,False,False,,25.655287403638145
published-or-labelled,equal_burden,0.9781512,ceers-full,16309,599271,214.95519332295783,52.84302050545201,560852,True,True,False,,25.020713742964055
published-or-labelled,equal_burden,0.9781031,primer-uds-south,43007,12019,34.23089955977779,-5.249565895642767,11364,True,True,False,,25.029944162167787
rule-selected,equal_burden,0.97794396,primer-uds-south,74486,95590,34.39968614102121,-5.193675867221756,91327,True,False,False,,26.210806384995625
,equal_burden,0.9777834,primer-cosmos-west,38542,360340,150.10489409795713,2.2390242486792036,335094,False,False,False,,24.567510408075492
published-or-labelled,equal_burden,0.9777242,primer-uds-south,28106,99489,34.40754191212048,-5.27313381667564,95062,True,True,False,,26.889028036411975
published-or-labelled,equal_burden,0.97764194,primer-uds-south,14355,34571,34.28338871433949,-5.296289485237822,33025,True,True,False,,26.39470138138661
rule-selected,equal_burden,0.977597,primer-uds-south,25643,35957,34.28604026574282,-5.277035573753161,34353,True,False,False,,26.89511541591772
rule-selected,equal_burden,0.97756034,primer-uds-south,15626,38485,34.29069801953828,-5.294294571657238,36757,True,False,False,,26.13405426821115
rule-selected,equal_burden,0.9775564,gdn,36415,517482,189.28790858980426,62.2174580826015,483552,True,False,False,,24.471300145706216
,equal_burden,0.97753125,primer-cosmos-west,8363,300776,150.05469282939964,2.156991532206603,282010,False,False,False,,25.868634531529402
,equal_burden,0.97736603,primer-uds-south,9685,43584,34.29940896832767,-5.30439848541944,41616,False,False,False,,26.586746968320973
published-or-labelled,equal_burden,0.97723925,ceers-full,55071,550081,214.7018835367631,52.74408695944511,514246,True,True,False,,27.158169757025004
published-or-labelled,equal_burden,0.9771267,primer-uds-south,23550,12689,34.232426218263655,-5.2806533321126174,12003,True,False,False,0.0,26.262859495571533
published-or-labelled,equal_burden,0.9770886,primer-uds-north,78102,25880,34.263323953783164,-5.09513861291507,24660,True,True,False,,26.70542132182623
rule-selected,equal_burden,0.9770174,primer-uds-north,70824,23715,34.25809794997118,-5.106007647887356,22560,True,False,False,,26.64715305760591
,equal_burden,0.977013,primer-uds-north,1052,76294,34.359117980415924,-5.210103076797338,72787,False,False,False,,25.169457816493207
published-or-labelled,equal_burden,0.9769811,primer-uds-south,51180,68913,34.34400324664571,-5.236179148111437,65731,True,True,False,,24.84246517327617
published-or-labelled,equal_burden,0.9768976,gds-sw,42114,159272,53.04105359377501,-27.854471723535745,152068,True,True,False,1.0,25.40959259498674
rule-selected,equal_burden,0.97689736,gds-sw,34175,154689,53.02602642791013,-27.867162336262552,147927,True,False,False,,25.332746528151468
published-or-labelled,equal_burden,0.97678083,gds,19528,200250,53.11668254248728,-27.83979284318243,190037,True,True,False,,24.999052272557712
published-or-labelled,equal_burden,0.97664315,ceers-full,73887,554575,214.76658198669276,52.831522824153375,518506,True,True,False,,25.594846564520537
published-or-labelled,equal_burden,0.97649187,gds,2947,210911,53.13586408202085,-27.87164251860678,199917,True,True,False,1.0,26.06502067010493
rule-selected,equal_burden,0.976459,primer-cosmos-east,27688,432273,150.18158252933736,2.2736627025905327,402596,True,False,False,,26.863479832096324
rule-selected,equal_burden,0.97605795,primer-cosmos-east,77283,406228,150.14924059401096,2.455867556441103,377698,True,False,False,,26.954913803596817
published-or-labelled,equal_burden,0.9759092,primer-uds-north,36534,105458,34.41985962412056,-5.154215088740647,100799,True,True,False,1.0,24.270021441355695
published-or-labelled,equal_burden,0.9756568,ceers-full,35315,581243,214.889683751232,52.83298148933043,543825,True,True,False,,27.209539978624168
published-or-labelled,equal_burden,0.97564745,gds,56437,209262,53.13266576210186,-27.76549027177905,198386,True,True,False,1.0,24.242103633497262
,equal_burden,0.9753885,gdn,41250,499315,189.23222023620067,62.226758210180904,466588,False,False,False,,26.877125095034355
rule-selected,equal_burden,0.97531635,primer-uds-north,55371,12742,34.23254294500651,-5.1279215181300435,12056,True,False,False,,25.88115066555793
published-or-labelled,equal_burden,0.975078,ceers-full,44037,590383,214.9219035078965,52.87619984206289,552450,False,False,False,0.0,26.715038992107175
published-or-labelled,equal_burden,0.97507715,primer-uds-north,59869,89451,34.38713541227717,-5.121605301425851,85409,False,True,True,,26.62214030708068
rule-selected,equal_burden,0.974834,ceers-full,61055,561820,214.80817050893785,52.832212364193865,525389,True,False,False,,24.442362206600848
,equal_burden,0.97469634,primer-cosmos-west,94026,359132,150.10385498033818,2.397886173268677,333999,False,False,False,,26.944567374161547
published-or-labelled,equal_burden,0.97459227,primer-uds-south,33451,73068,34.35246119249341,-5.264609978933602,69715,True,True,False,1.0,26.931981090362225
,equal_burden,0.97441155,ceers-full,29242,626857,215.10797601828213,52.97617601964216,586985,False,False,False,,27.182008073025763
published-or-labelled,equal_burden,0.97435194,primer-uds-south,33867,39916,34.29312131027567,-5.264070075554663,38125,True,True,False,,25.25404078423712
,equal_burden,0.9743485,gdn,36341,496363,189.22247440117332,62.21749894990227,463805,False,False,False,,26.707080967751523
published-or-labelled,equal_burden,0.9742042,ceers-full,40179,570764,214.84938773131412,52.811823634246345,533896,True,True,False,,25.243832036838846
published-or-labelled,equal_burden,0.9741908,primer-uds-north,40125,53141,34.3150535839519,-5.1493528909452895,50699,True,True,False,,25.052486508424497
,equal_burden,0.97402143,primer-uds-south,37294,74873,34.35610383699707,-5.258232856146237,71419,False,False,False,,25.97901964679971
published-or-labelled,equal_burden,0.973948,primer-uds-south,26611,83583,34.37485390496797,-5.275528199347832,79788,True,True,True,1.0,26.735474063167615
published-or-labelled,equal_burden,0.9737591,primer-uds-north,47411,77053,34.36071825381506,-5.139081331508376,73520,True,True,False,1.0,26.45595842209628
rule-selected,equal_burden,0.97375405,primer-uds-north,32646,149918,34.51867387970502,-5.1594671837134936,143432,True,False,False,,26.16500809208307
,equal_burden,0.97371936,primer-uds-north,61896,130274,34.47431864485633,-5.118682382629522,124621,False,False,False,,26.832886213772916
,equal_burden,0.9733537,primer-uds-north,69219,134473,34.48275601234495,-5.108217290121113,128630,False,False,False,,24.622351099808817
,equal_burden,0.9732103,ceers-full,14356,574501,214.86455363848532,52.77423618832481,537426,False,False,False,,26.26902862617704
published-or-labelled,equal_burden,0.9730724,primer-uds-south,44993,90331,34.388983936041825,-5.246661178851072,86251,True,False,False,0.0,26.699818466647052
rule-selected,equal_burden,0.9730342,gds-sw,14285,162448,53.050309153772304,-27.900048049607086,154983,True,False,False,,25.096621006170214
,equal_burden,0.9728984,primer-cosmos-west,108587,372754,150.11582040195398,2.4637108713139506,346247,False,False,False,,24.297222598705904
,equal_burden,0.972897,primer-cosmos-east,53528,442053,150.19713511186993,2.3641546982449886,411966,False,False,False,,26.88454243262293
,equal_burden,0.972811,primer-uds-south,4937,139126,34.49205458521418,-5.31421886849653,133124,False,False,False,,27.210372866617988
,equal_burden,0.9727979,primer-cosmos-east,52995,416294,150.1604542979413,2.3621979789240686,387318,False,False,False,,26.543088489878613
rule-selected,equal_burden,0.9727812,gdn,15869,511849,189.26964155312186,62.17592088279645,478272,True,False,False,,26.315625664102548
published-or-labelled,equal_burden,0.9727454,primer-uds-north,24169,87734,34.38359977346555,-5.171058448236316,83770,True,False,False,0.0,26.642323649763362
published-or-labelled,equal_burden,0.97253954,primer-uds-south,37427,145455,34.50493770078176,-5.257979528161563,139205,False,True,False,1.0,25.758682979509313
rule-selected,equal_burden,0.972462,gdn,10262,506470,189.25363871516487,62.163408090665285,473248,True,False,False,,27.129391274147206
,equal_burden,0.97238135,gds-sw,37204,154163,53.02367682767698,-27.862368674881004,147443,False,False,False,,27.00467311513288
,equal_burden,0.97235334,primer-uds-north,43387,127072,34.46732389874519,-5.144923042418159,121543,False,False,False,,25.626125626030674
rule-selected,equal_burden,0.9721921,gdn,88872,512360,189.27113402491835,62.32083504032937,478750,True,False,False,,26.45829946234154
,equal_burden,0.97217554,primer-cosmos-east,23532,403633,150.14653758269134,2.2573255855768406,375311,False,False,False,,25.545198882565863
published-or-labelled,equal_burden,0.97205037,primer-uds-south,54532,141289,34.49635725550898,-5.2303616516031,135209,False,True,False,,26.71426041945085
published-or-labelled,equal_burden,0.971997,primer-uds-north,44195,59037,34.32515592884706,-5.143685286004948,56292,True,True,True,1.0,24.76050435410739
published-or-labelled,equal_burden,0.9715786,primer-uds-south,15006,27975,34.26826574004721,-5.295207617845461,26674,False,True,False,1.0,26.039733521171954
,equal_burden,0.9715121,primer-uds-north,46416,12608,34.232229096999795,-5.140504091929434,11924,False,False,False,,26.014622670260685
,equal_burden,0.9714541,primer-cosmos-west,85794,356749,150.1019392378639,2.3648554710047796,331900,False,False,False,,26.983553118504886
published-or-labelled,equal_burden,0.97145265,gdn,64586,490982,189.2037705291708,62.26842763632252,458749,True,True,False,1.0,26.616921532514326
published-or-labelled,equal_burden,0.9713926,primer-uds-south,65705,31845,34.277608680824315,-5.210173142158668,30393,False,True,False,1.0,26.36132564556421
,equal_burden,0.9713273,ceers-full,77189,572886,214.85826074876033,52.90554171540034,535898,False,False,False,,24.530572665897783
published-or-labelled,equal_burden,0.97130793,ceers-full,18848,618550,215.0371962722903,52.90671428152801,579112,False,True,False,1.0,25.74526616684587
rule-selected,equal_burden,0.97116625,gdn,34916,483475,189.1712147056074,62.21475242422605,451647,True,False,False,,26.367538346954618
published-or-labelled,equal_burden,0.9710847,primer-uds-north,15825,111235,34.43186512690106,-5.182780341052433,106313,True,True,False,,25.815771980634832
published-or-labelled,equal_burden,0.9710373,primer-cosmos-west,39623,365791,150.10960434251388,2.2414121050928437,340002,True,True,False,,27.06946904554607
published-or-labelled,equal_burden,0.9707036,ceers-full,79735,553543,214.7579765724041,52.83970589238904,517536,True,True,False,,25.629544787587797
,equal_burden,0.97068995,primer-uds-south,36315,90373,34.38906345918434,-5.259906088217185,86298,False,False,False,,25.557446792858293
published-or-labelled,equal_burden,0.97068906,ceers-full,11660,624109,215.07599885263022,52.92133295704912,584367,True,True,False,,25.29583170337072
,equal_burden,0.97062916,ceers-full,51887,576471,214.87199850893109,52.859309727398355,539298,False,False,False,,27.18040213268586
rule-selected,equal_burden,0.97061557,primer-cosmos-east,47603,422054,150.16765409115868,2.3419915076216813,392823,True,False,False,,23.874274733141558
published-or-labelled,equal_burden,0.9702798,ceers-full,58886,606709,214.98567217390013,52.956230280245926,567952,False,True,False,1.0,25.904358243992
rule-selected,equal_burden,0.9701536,primer-uds-north,20893,77044,34.36069906752236,-5.175408781798984,73511,True,False,False,,25.800201783360684
published-or-labelled,equal_burden,0.97003824,primer-uds-south,10036,86816,34.381671053337776,-5.303742397931006,82885,False,True,False,1.0,25.872484258391978
published-or-labelled,equal_burden,0.9700261,primer-uds-north,71036,28369,34.26918243991459,-5.105758244026397,27056,False,True,False,,26.835227530290062
,equal_burden,0.96946365,primer-uds-north,37282,145345,34.50469923842044,-5.153132815241518,139097,False,False,False,,26.925177680673208
,equal_burden,0.96914244,primer-uds-north,70278,128688,34.47092599205968,-5.106758961388486,123090,False,False,False,,26.436064749763514
published-or-labelled,equal_burden,0.96912605,gds-sw,45661,194406,53.10604508339836,-27.848219579244443,184542,True,True,False,,25.657416826081093
published-or-labelled,equal_burden,0.96906126,primer-uds-south,23219,61913,34.33032238111879,-5.281244493683604,59033,True,True,False,,26.337480567749722
rule-selected,equal_burden,0.96904266,primer-uds-north,31469,120328,34.45238162323515,-5.161139248538976,115042,True,False,False,,24.223373727469962
published-or-labelled,equal_burden,0.9690272,primer-uds-north,14892,95346,34.39917766880316,-5.184322740136537,91087,True,True,False,,25.398273683727492
,equal_burden,0.9688807,primer-uds-south,38388,22834,34.255568304593545,-5.256575780395725,21738,False,False,False,,25.690989881392404
published-or-labelled,equal_burden,0.9688126,primer-uds-south,27429,94014,34.39650771008642,-5.274230821987227,89802,True,True,False,,26.532992349958015
published-or-labelled,equal_burden,0.96880835,primer-cosmos-east,76936,375311,150.11815159174927,2.454310866537631,348582,True,True,False,,27.228396613375676
published-or-labelled,equal_burden,0.96868104,primer-uds-north,50323,104474,34.41782166721476,-5.134841864807843,99858,True,True,True,,25.46016881186314
published-or-labelled,equal_burden,0.9680156,primer-uds-south,61764,82283,34.372139757652356,-5.217964232892412,78545,True,True,False,,25.591356563567288
rule-selected,equal_burden,0.96799964,primer-uds-south,54494,147032,34.50868738309476,-5.230432231757958,140684,True,False,False,,26.140150080744128
published-or-labelled,equal_burden,0.9677586,primer-cosmos-west,37911,324984,150.0777708145623,2.237529143931185,303842,True,True,False,,25.436434729048262
published-or-labelled,equal_burden,0.96766216,primer-uds-north,70428,5051,34.213954629305825,-5.106549390744509,4778,True,True,False,,26.82936945627173
published-or-labelled,equal_burden,0.96764314,gds-sw,22988,177631,53.07885863476961,-27.884150308040176,169010,True,True,False,,22.917257223364253
,equal_burden,0.9675932,primer-uds-south,48209,30845,34.27509602611143,-5.241288935123387,29429,False,False,False,,26.917082913940625
published-or-labelled,equal_burden,0.9674992,primer-cosmos-west,100934,373189,150.11617228940875,2.427452665145499,346637,False,True,False,,27.175631370492717
,equal_burden,0.96730083,primer-cosmos-west,16231,309859,150.0650601431974,2.1703281665083245,290410,False,False,False,,25.672495652192016
published-or-labelled,equal_burden,0.9670211,primer-uds-north,54183,101065,34.41074855089838,-5.129664262749892,96578,True,True,True,1.0,23.32581662074511
rule-selected,equal_burden,0.9669458,primer-uds-south,51447,92465,34.393331154679494,-5.235614206262572,88305,True,False,False,,26.062829349455264
,equal_burden,0.96690345,primer-uds-north,70708,86375,34.38074900094328,-5.106218396213569,82462,False,False,False,,25.921026116668614
published-or-labelled,equal_burden,0.9668318,gds,25008,209851,53.13382516928803,-27.828255168495325,198927,True,True,False,,27.221893167379804
,equal_burden,0.96672684,primer-uds-south,71342,146939,34.508453315468756,-5.199434284348946,140597,False,False,False,,25.052990207485685
published-or-labelled,equal_burden,0.9666677,gds,49351,215176,53.14208568992172,-27.779850836169548,203853,False,True,False,1.0,25.645132227270985
published-or-labelled,equal_burden,0.9665568,primer-cosmos-west,93369,355622,150.10103845722338,2.3952316646966834,330897,False,True,False,,26.199830568079005
rule-selected,equal_burden,0.966388,gdn,88172,523324,189.30576794635505,62.318427275857545,489023,True,False,False,,27.22085661407268
,equal_burden,0.96635807,gdn,71181,537246,189.35124030004891,62.28060358905779,502110,False,False,False,,26.06583695503211
published-or-labelled,equal_burden,0.96633667,primer-cosmos-west,87583,304409,150.05895298973002,2.3713727508952753,285344,True,True,False,,26.31257441481199
,equal_burden,0.96627903,gds,62239,252219,53.20569457940504,-27.753093598293194,238210,False,False,False,,26.882507483181122
,equal_burden,0.96600574,primer-cosmos-west,61801,325956,150.07852407715853,2.290446272803957,304696,False,False,False,,26.4236301957453
published-or-labelled,equal_burden,0.96592563,gdn,40027,485386,189.17974559512453,62.22462705153551,453445,True,True,False,1.0,27.252250851635754
published-or-labelled,equal_burden,0.9658421,primer-cosmos-west,43711,357556,150.10263669718276,2.249597725072027,332656,True,True,False,1.0,24.815456911209903
rule-selected,equal_burden,0.9656262,gdn,45711,497803,189.22719562346762,62.23413632012431,465166,True,False,False,,26.662949126323273
,equal_burden,0.96523285,ceers-full,59200,550686,214.71890114322449,52.764389655533556,514823,False,False,False,,25.55511729500554
published-or-labelled,equal_burden,0.96520996,primer-uds-north,28557,117503,34.446134186940895,-5.165098940589375,112364,True,True,False,,25.827661454121152
rule-selected,equal_burden,0.9651755,gdn,86337,481929,189.16422710663306,62.31259909703384,450189,True,False,False,,27.073874969928777
published-or-labelled,equal_burden,0.9650826,primer-uds-north,13532,34567,34.283378084067564,-5.186577226602265,33021,False,True,False,,25.916798515602295
published-or-labelled,equal_burden,0.9649567,gds,5731,204900,53.124767798685085,-27.866299028812378,194348,True,True,False,,24.32658151598236
,equal_burden,0.9649341,primer-cosmos-west,35161,316592,150.07115830931937,2.230793549533556,296407,False,False,False,,26.201921676189997
rule-selected,equal_burden,0.9648716,primer-uds-north,71170,72088,34.3504970738406,-5.105633668180403,68772,True,False,False,,25.679951481071495
published-or-labelled,equal_burden,0.96470356,ceers-full,19938,607094,214.9874858022962,52.873115747949726,568313,False,True,True,1.0,26.091133850070126
,equal_burden,0.96449655,primer-uds-south,43793,70783,34.34783363480596,-5.248313407570916,67523,False,False,False,,26.84814215520777
rule-selected,equal_burden,0.964495,primer-cosmos-east,49523,429727,150.17798423161028,2.3496293129487333,400153,True,False,False,,24.02914367724856
,equal_burden,0.9642554,gdn,38879,504756,189.2487095214217,62.222297428439084,471657,False,False,False,,26.77067516676589
published-or-labelled,equal_burden,0.96412486,primer-uds-north,72163,97952,34.404438780097294,-5.104162005142997,93592,True,True,False,,26.367467874917974
published-or-labelled,equal_burden,0.9634499,primer-cosmos-east,18185,427833,150.1754213495215,2.23443164743171,398329,True,True,False,,27.014879044694002
rule-selected,equal_burden,0.9634188,primer-cosmos-west,2912,316562,150.07112924086283,2.148561833262769,296379,True,False,False,,27.29516022892161
published-or-labelled,equal_burden,0.96326727,primer-uds-south,21873,79978,34.36690223771161,-5.2841879323627,76329,True,True,False,,23.759079992866127
,equal_burden,0.96326125,primer-uds-north,50969,95201,34.39889778157658,-5.13396375177312,90954,False,False,False,,26.60059660738844
,equal_burden,0.963063,primer-cosmos-west,11180,317856,150.0722024561843,2.160749901840963,297552,False,False,False,,26.656648618691403
,equal_burden,0.96282613,ceers-full,64511,573097,214.85907429224793,52.87660797203007,536095,False,False,False,,24.12577056588105
,equal_burden,0.96272326,primer-uds-north,82541,113511,34.43696805422405,-5.087556613418794,108527,False,False,False,,25.88249111333243
rule-selected,equal_burden,0.96232444,ceers-full,6664,625410,215.08992749732596,52.922059746121946,585593,True,False,False,,26.6506275815458
rule-selected,equal_burden,0.9623163,primer-cosmos-east,81260,411227,150.15472681323084,2.4740353985171772,382413,True,False,False,,27.14413942350287
,equal_burden,0.9623139,primer-uds-north,16334,120945,34.453802060401465,-5.181931352459606,115692,False,False,False,,24.705159543478764
,equal_burden,0.9622635,ceers-full,50569,598258,214.95161124337173,52.91344907499011,559916,False,False,False,,27.136846705797176
published-or-labelled,equal_burden,0.96197325,ceers-full,16428,605465,214.97996072075725,52.86107198108588,566762,True,True,False,,24.20108706309957
published-or-labelled,equal_burden,0.96192604,primer-uds-north,46223,78552,34.36377295039556,-5.1407861800672805,74957,False,True,False,1.0,26.372817404333702
,equal_burden,0.9616806,gdn,89395,522174,189.302323041649,62.32241076845129,487939,False,False,False,,27.079743398750395
rule-selected,equal_burden,0.9616494,primer-uds-north,71681,98417,34.405374419789794,-5.104875720141969,94038,True,False,False,,26.36310920151199
,equal_burden,0.961617,primer-uds-north,55802,67054,34.34024350946062,-5.127328449836279,63948,False,False,False,,27.08451501235831
published-or-labelled,equal_burden,0.9610121,gds,12905,188881,53.0964144564327,-27.853086408670343,179377,True,True,False,,27.268387548973227
,equal_burden,0.9609952,gdn,74877,474717,189.1257530027301,62.28740274656907,443330,False,False,False,,25.80583428377104
rule-selected,equal_burden,0.9609459,primer-cosmos-west,53027,321409,150.07494654038098,2.2678431348980155,300689,True,False,False,,25.44846969940687
published-or-labelled,equal_burden,0.9609024,primer-cosmos-east,26530,407806,150.15084192603496,2.269151341106797,379250,False,False,False,0.0,26.175879776495602
published-or-labelled,equal_burden,0.9608918,gds-sw,22349,157801,53.03691004962032,-27.884885790636577,150746,True,True,False,,24.886518936423784
published-or-labelled,equal_burden,0.96051526,primer-cosmos-west,66991,386471,150.1292324417169,2.301743214972546,359062,True,True,False,,26.768326734831145
published-or-labelled,equal_burden,0.96041554,primer-cosmos-west,52580,362571,150.10677484697476,2.266971965806509,337095,False,False,False,0.0,26.315897425994912
,equal_burden,0.96038973,primer-uds-north,55500,7064,34.21947312165382,-5.127735463201623,6671,False,False,False,,26.977498716141927
published-or-labelled,equal_burden,0.96028465,ceers-full,20143,563101,214.81478404764275,52.74894908307823,526607,False,True,False,1.0,25.536535091662223
rule-selected,equal_burden,0.96014464,gdn,21948,531478,189.33131053259257,62.18784648340637,496715,True,False,False,,26.792944354574868
rule-selected,equal_burden,0.95984215,primer-uds-south,3872,46539,34.30420729948399,-5.316234381209646,44432,True,False,False,,26.63813668540852
,equal_burden,0.9598384,primer-cosmos-east,68271,400876,150.1436979181281,2.418759783106138,372704,False,False,False,,26.62213726731457
published-or-labelled,equal_burden,0.9594546,primer-cosmos-west,21733,335644,150.0858784389957,2.189930999999925,313277,True,True,False,,26.565568821172874
published-or-labelled,equal_burden,0.9585189,primer-uds-south,63669,80849,34.368777483636876,-5.214285158661206,77163,True,True,False,,23.485195918425248
rule-selected,equal_burden,0.957836,primer-cosmos-west,99929,332370,150.08333884236475,2.423155519929148,310371,True,False,False,,26.496832348827844
rule-selected,equal_burden,0.95758665,primer-uds-north,67011,22278,34.254162241534516,-5.1112229904364295,21204,True,False,False,,26.434472856053596
,equal_burden,0.95749867,primer-cosmos-east,82733,429864,150.17818060070158,2.4811506568969484,400284,False,False,False,,27.10555136887389
published-or-labelled,equal_burden,0.9573318,primer-uds-south,45540,18015,34.244199658598184,-5.245871376638504,17092,True,True,True,1.0,22.189115544524853
,equal_burden,0.9571787,primer-cosmos-east,79065,445143,150.20222131436785,2.463547257477521,414930,False,False,False,,24.864137405115788
,equal_burden,0.95673543,primer-cosmos-east,72426,395950,150.13878102574157,2.4357223144478426,368034,False,False,False,,25.36305215414589
rule-selected,equal_burden,0.95661235,gds-sw,61301,183340,53.08745362255662,-27.814918167128017,174253,True,False,False,,26.175228893740186
,equal_burden,0.9565927,gdn,20115,511333,189.26808411322247,62.18465736672332,477790,False,False,False,,23.834597449259057
published-or-labelled,equal_burden,0.9565326,primer-cosmos-west,93006,386649,150.129408847642,2.3936616455869677,359232,True,True,False,1.0,27.64133331877154
rule-selected,equal_burden,0.9564156,primer-cosmos-west,8987,294103,150.04688097094848,2.1578382731093373,276390,True,False,False,,27.389962660249264
published-or-labelled,equal_burden,0.9564001,gdn,53124,471892,189.10817720105268,62.247147732675806,440637,False,False,False,0.0,27.135441409108306
,equal_burden,0.95617753,ceers-full,39079,560029,214.79947410428073,52.77600292799537,523672,False,False,False,,26.87110619015128
rule-selected,equal_burden,0.9559411,gdn,76400,541965,189.36873822009647,62.289968398702946,506561,True,False,False,,25.81210082877743
rule-selected,equal_burden,0.9558847,primer-cosmos-west,61511,343138,150.09176348465337,2.289651738417471,319891,True,False,False,,26.614191627131056
rule-selected,equal_burden,0.95523834,ceers-full,50067,593535,214.93399444982683,52.89963207388931,555431,True,False,False,,27.228462310170947
published-or-labelled,equal_burden,0.95473737,gds,16093,202078,53.11992646191076,-27.846400148757148,191750,True,True,False,,26.856069847871375
,equal_burden,0.95432305,gdn,91347,519391,189.29399786977626,62.32987359687676,485327,False,False,False,,25.538259925926198
,equal_burden,0.95424175,gdn,52398,474509,189.12432972434326,62.24588615630665,443131,False,False,False,,26.32110297492054
,equal_burden,0.9539695,primer-cosmos-west,22129,306788,150.06174689417875,2.191221224190757,287565,False,False,False,,26.80939891319213
published-or-labelled,equal_burden,0.9539521,ceers-full,46691,574141,214.86325792243642,52.84053097361617,537085,False,False,False,0.0,27.005166956472255
rule-selected,equal_burden,0.95369816,gds-sw,63258,190107,53.098558584020424,-27.810241062117793,180520,True,False,False,,27.167189425477975
,equal_burden,0.95355856,primer-cosmos-east,55606,429504,150.17771497017165,2.3712471176633714,399939,False,False,False,,26.692051649838607
rule-selected,equal_burden,0.95320517,primer-cosmos-west,44137,392920,150.1357435858068,2.25058641523598,365173,True,False,False,,26.31951663617687
published-or-labelled,equal_burden,0.95296746,ceers-full,55163,569893,214.84548734454668,52.84828116456623,533067,False,True,False,1.0,25.926023873414973
published-or-labelled,equal_burden,0.9528768,ceers-full,3902,624538,215.08027261865803,52.90790010828056,584775,True,True,False,,23.67123147288274
rule-selected,equal_burden,0.95268065,ceers-full,55261,550072,214.70168559062026,52.74447073244369,514240,True,False,False,,26.693075273856625
rule-selected,equal_burden,0.9526057,gds,20432,196154,53.109331666737056,-27.837524193139487,186195,True,False,False,,27.00915075486409
,equal_burden,0.9523352,primer-cosmos-west,95810,368760,150.11228026272016,2.405532221830058,342647,False,False,False,,26.450506453892444
published-or-labelled,equal_burden,0.95222604,ceers-full,15087,583143,214.89586168213543,52.798212429604554,545615,False,True,False,,26.845295087710294
published-or-labelled,equal_burden,0.9522104,ceers-full,6342,628553,215.12988381863707,52.94994604459909,588600,True,True,False,1.0,25.98130336246094
,equal_burden,0.9517966,primer-uds-south,39748,17313,34.242658722707425,-5.254388408205944,16416,False,False,False,,26.499417769784422
,equal_burden,0.95178515,primer-uds-south,46414,95167,34.39883273781745,-5.24425060598968,90920,False,False,False,,26.434607798634037
rule-selected,equal_burden,0.95163745,primer-cosmos-east,73406,394322,150.13712190894697,2.4400725023409744,366487,True,False,False,,25.41880962104619
,equal_burden,0.9512905,primer-uds-north,14035,149251,34.51611319766606,-5.185680142574385,142818,False,False,False,,25.73075268408189
,equal_burden,0.95128345,ceers-full,52656,566311,214.82982627128717,52.830768882017715,529670,False,False,False,,26.870348894674475
published-or-labelled,equal_burden,0.9512711,primer-uds-south,5496,98691,34.40587179352233,-5.312950922196458,94305,False,False,True,0.0,24.35954719536056
published-or-labelled,equal_burden,0.9510378,gds,44423,200038,53.116294044040956,-27.78944199385321,189833,False,False,False,0.0,25.35145482765094
published-or-labelled,equal_burden,0.9509083,primer-uds-south,18173,22277,34.254161132788404,-5.290038173225836,21203,True,True,True,,26.30790876205245
,equal_burden,0.95087487,primer-uds-south,56716,35639,34.285467462095525,-5.226701049651121,34052,False,False,False,,26.94453574780718
published-or-labelled,equal_burden,0.9508572,primer-uds-south,14947,71313,34.348917391432074,-5.295288607881234,68032,False,False,True,0.0,26.29272819963395
published-or-labelled,equal_burden,0.9501252,gds-sw,57179,182606,53.08631133943026,-27.823962097566337,173574,False,False,False,0.0,26.540333586659365
rule-selected,equal_burden,0.95011646,primer-uds-north,72746,112578,34.434899119821125,-5.10334843516894,107631,True,False,False,,27.099065094502926
rule-selected,equal_burden,0.9500259,gdn,4072,500100,189.23456038350503,62.14749057963128,467323,True,False,False,,27.466027609155805
published-or-labelled,equal_burden,0.9499883,gds,1451,167512,53.06227172302775,-27.87504118127335,159643,False,False,False,0.0,23.964524894650292
,equal_burden,0.94995713,gdn,87753,510951,189.2669011427191,62.317079571540326,477429,False,False,False,,26.566506639966086
,equal_burden,0.9498278,primer-uds-south,26385,45019,34.30177887510615,-5.275981736187234,42959,False,False,False,,27.048847094143962
rule-selected,equal_burden,0.9494184,primer-uds-north,6771,18296,34.2448179898586,-5.198787907564988,17367,True,False,False,,26.615112817314635
,equal_burden,0.94926095,primer-uds-north,47619,28039,34.268392085872556,-5.13884924555098,26736,False,False,False,,24.230080004206147
,equal_burden,0.94925237,gdn,13115,527144,189.31721941966558,62.169752364537054,492628,False,False,False,,25.83383905203823
,equal_burden,0.9491976,primer-cosmos-west,114702,387738,150.130466649447,2.4972544317952434,360276,False,False,False,,26.135365312005607
,equal_burden,0.9488352,primer-cosmos-east,68399,434707,150.18527874505247,2.4191669952415094,404840,False,False,False,,26.186805718560855
rule-selected,equal_burden,0.94863075,primer-cosmos-west,90926,386450,150.12923296918464,2.384295828764708,359063,True,False,False,,26.699902797713946
published-or-labelled,equal_burden,0.9482593,primer-uds-north,77630,1235,34.201505248800025,-5.095997987610994,1159,True,True,False,,25.68419654025156
rule-selected,equal_burden,0.9478042,primer-uds-south,32969,133837,34.48142353449706,-5.26536035413168,128041,True,False,False,,27.269875825467185
rule-selected,equal_burden,0.94773644,primer-cosmos-west,2931,288735,150.0392844522379,2.1487437852899913,271944,True,False,False,,27.472551235183243
,equal_burden,0.9475186,ceers-full,18915,593905,214.93536412460674,52.833772178702255,555781,False,False,False,,27.320624644092263
published-or-labelled,equal_burden,0.9473882,ceers-full,22728,622467,215.06178810582568,52.93117530519422,582804,True,True,False,,27.258717762676525
,equal_burden,0.9473253,primer-cosmos-east,57013,417589,150.16200110166704,2.3760700312811345,388555,False,False,False,,25.98602822355192
published-or-labelled,equal_burden,0.94717467,ceers-full,51311,583406,214.89675872975488,52.875798877058415,545859,True,True,False,,27.367758929760594
,equal_burden,0.94717073,primer-cosmos-west,112942,385982,150.12872468708906,2.487209611908472,358589,False,False,False,,24.662743486112404
rule-selected,equal_burden,0.947101,primer-cosmos-east,78691,437159,150.1891345928252,2.4619753714981965,407279,True,False,False,,26.66220400306843
,equal_burden,0.94708157,gdn,12363,500480,189.2357714072126,62.16814603422415,467683,False,False,False,,27.041264386975016
,equal_burden,0.9467473,gdn,2763,504775,189.24875839441964,62.14275628556159,471675,False,False,False,,25.419190900242526
rule-selected,equal_burden,0.9463072,primer-cosmos-west,65240,307558,150.06263531357013,2.2979307970936396,288321,True,False,False,,26.952422485531184
,equal_burden,0.9462669,primer-uds-north,2511,54919,34.318019696996004,-5.20695167282645,52383,False,False,False,,25.8187942286324
published-or-labelled,equal_burden,0.94590366,primer-cosmos-east,11852,406556,150.1495776875687,2.205510485471671,378072,True,True,False,,26.619642408355762
published-or-labelled,equal_burden,0.94569415,ceers-full,62085,576458,214.87188162532192,52.88043473538751,539267,False,True,False,,27.487832372014424
,equal_burden,0.94565314,primer-uds-south,27169,80241,34.36744866886588,-5.274649781013279,76585,False,False,False,,26.01034210643831
,equal_burden,0.94561464,gds,56404,234560,53.16758518382344,-27.76549690837628,221716,False,False,False,,27.113282872021877
published-or-labelled,equal_burden,0.9456111,gds,23559,230265,53.161800530659015,-27.83161405470429,217735,True,True,False,,22.713515921004042
,equal_burden,0.9454524,ceers-full,37018,551939,214.73825710239612,52.72747363729354,516020,False,False,False,,27.25154045654301
published-or-labelled,equal_burden,0.9453253,primer-cosmos-west,88501,378982,150.12171976443716,2.374597920035912,352000,True,False,False,0.0,23.361420580329288
published-or-labelled,equal_burden,0.94497555,primer-uds-south,69103,9985,34.22620571127214,-5.203387559578775,9432,False,False,False,0.0,25.500913925546786
,equal_burden,0.94473016,ceers-full,37847,572098,214.85508473824825,52.813041282743264,535152,False,False,False,,24.683622034316617
rule-selected,equal_burden,0.9443903,gdn,49109,535442,189.3447752460763,62.240279313330525,500410,True,False,False,,27.538239750715235
,equal_burden,0.94376826,primer-cosmos-east,59918,420380,150.16551114198057,2.386308191358374,391223,False,False,False,,26.396535203305067
published-or-labelled,equal_burden,0.9431352,gds,52926,250656,53.19904505924605,-27.77259137340537,236750,False,False,False,0.0,26.940747887129145
published-or-labelled,equal_burden,0.9429543,primer-cosmos-west,99203,355538,150.10097076706066,2.419415299257457,330824,False,True,False,,19.824167417247335
published-or-labelled,equal_burden,0.94266826,gds,11107,202262,53.120210213969315,-27.85633114139752,191807,False,True,False,1.0,26.386289401473174
,equal_burden,0.94244385,primer-uds-south,33766,29015,34.2707526231673,-5.264164679030266,27676,False,False,False,,26.175131932240213
,equal_burden,0.94230545,primer-uds-south,22707,38156,34.29012768627641,-5.282131850033794,36447,False,False,False,,26.618497304745446
published-or-labelled,equal_burden,0.94229674,ceers-full,32323,580332,214.886434892085,52.82338292646335,542947,True,True,False,,27.291907187341724
,equal_burden,0.9417133,primer-cosmos-west,74396,343601,150.09211023036102,2.3212215633851323,320301,False,False,False,,26.511397002068918
,equal_burden,0.94121724,primer-cosmos-west,48563,321280,150.07484746359117,2.258692310586052,300573,False,False,False,,25.914864479270424
rule-selected,equal_burden,0.9412119,primer-cosmos-east,23864,402772,150.14566610318658,2.258550593602075,374486,True,False,False,,27.357816524914124
published-or-labelled,equal_burden,0.94114596,primer-cosmos-east,79141,416141,150.16028131503316,2.4640503135602403,387175,False,True,False,1.0,26.864386837553347
,equal_burden,0.9410298,primer-uds-north,3614,25808,34.26318585890345,-5.2047462027989155,24589,False,False,False,,23.875408850177845
published-or-labelled,equal_burden,0.94081897,primer-cosmos-west,89952,389457,150.13219288614286,2.380441825499249,361881,False,True,False,1.0,27.45957576525569
,equal_burden,0.9404817,primer-uds-north,64129,18231,34.244687660718014,-5.115421095570414,17302,False,False,False,,23.958131649391113
,equal_burden,0.94047844,primer-uds-south,14232,111339,34.43210622388772,-5.296480510432088,106440,False,False,False,,23.14420901561222
published-or-labelled,equal_burden,0.94021523,primer-cosmos-west,31756,308098,150.06314577219092,2.218326661552256,288771,True,True,False,,26.419692567047257
,equal_burden,0.94006866,primer-uds-south,29138,49737,34.309459903439446,-5.2714869096429045,47471,False,False,False,,27.437846080421018
,equal_burden,0.93990546,ceers-full,22081,619017,215.03972303589384,52.91428551702058,579549,False,False,False,,27.631767020219556
,equal_burden,0.9391529,gds,51941,243035,53.17975620705561,-27.774648062373693,229623,False,False,False,,26.666360415123847
,equal_burden,0.9389952,primer-uds-south,47932,148975,34.51504888566612,-5.241741510481938,142558,False,False,False,,26.732219489391735
rule-selected,equal_burden,0.9388386,primer-uds-north,30660,7969,34.221652434878045,-5.162252178532786,7520,True,False,False,,25.190677152220605
,equal_burden,0.93859553,primer-uds-south,15920,16088,34.240012511231996,-5.293800498124154,15252,False,False,False,,24.861555002113207
,equal_burden,0.93857116,ceers-full,19516,625910,215.09600627594412,52.95007843280268,586077,False,False,False,,24.876780268137708
rule-selected,equal_burden,0.9385074,ceers-full,5467,604768,214.97701884534013,52.83842112571442,566105,True,False,False,,26.766213407915345
published-or-labelled,equal_burden,0.9379056,primer-cosmos-east,49693,411189,150.15469616730897,2.3502320484271375,382480,False,True,False,,27.275061647635745
rule-selected,equal_burden,0.937483,primer-uds-north,46935,147363,34.50964162625596,-5.139677322455449,141006,True,False,False,,27.279770176083975
rule-selected,equal_burden,0.9371716,gdn,76345,479280,189.15111633872584,62.29005416883289,447669,True,False,False,,27.021089396234075
rule-selected,equal_burden,0.93684536,gdn,83212,475591,189.13086236586506,62.30404958071957,444156,True,False,False,,27.393033965197276
,equal_burden,0.9367272,ceers-full,17824,564579,214.82223657380052,52.75019610544198,528014,False,False,False,,27.27228156836817
,equal_burden,0.93627995,primer-cosmos-west,80414,352553,150.09861341916235,2.344417655718021,328196,False,False,False,,27.644376133151606
,equal_burden,0.9360422,primer-cosmos-west,54298,351243,150.09761382253703,2.2715192713629917,327001,False,False,False,,25.929283632117162
published-or-labelled,equal_burden,0.9359337,primer-uds-south,47387,46202,34.30364758550147,-5.242665051611594,44104,False,False,True,0.0,26.19985415253143
,equal_burden,0.93559474,primer-uds-south,13983,24186,34.25929665030667,-5.296922300485377,23046,False,False,False,,25.64663977424922
rule-selected,equal_burden,0.9355476,primer-uds-south,45984,55008,34.31817496933703,-5.245328219787515,52469,True,False,False,,20.777546001346792
published-or-labelled,equal_burden,0.9353829,primer-cosmos-west,63236,322775,150.07601499891896,2.2937609313211675,301895,True,True,False,,25.783222480344975
published-or-labelled,equal_burden,0.9352193,gds-sw,36474,166519,53.06029745494757,-27.863532214429966,158712,True,True,False,1.0,27.090324360039887
,equal_burden,0.93489707,primer-cosmos-east,79888,445949,150.20360323681334,2.4677673855370568,415702,False,False,False,,26.837712344204213
rule-selected,equal_burden,0.93477565,gdn,57204,463057,189.04592053003006,62.25415913353953,432184,True,False,False,,26.546286142918984
rule-selected,equal_burden,0.9346602,ceers-full,23810,568774,214.84036970543215,52.77385751077657,532008,True,False,False,,27.313730201040222
rule-selected,equal_burden,0.9345845,gdn,82138,547578,189.39117777561356,62.30143420654133,511887,True,False,False,,27.556213329866402
,equal_burden,0.9344492,gds-sw,18414,165663,53.05846780934957,-27.890787923565174,157908,False,False,False,,27.015088012904762
rule-selected,equal_burden,0.9344064,primer-uds-south,49390,81840,34.37108054169985,-5.2394990382100115,78121,True,False,False,,22.5738359047469
,equal_burden,0.93423355,primer-uds-south,55141,147562,34.510242021253035,-5.2293462415897105,141192,False,False,False,,26.51453739337192
,equal_burden,0.93421143,gds-sw,54786,161577,53.04781593591634,-27.829177841181536,154171,False,False,False,,25.27128549447683
published-or-labelled,equal_burden,0.93402636,gds-sw,55019,179671,53.081879632005645,-27.828798275307314,170882,False,False,False,0.0,23.989502422759408
,equal_burden,0.93396986,primer-uds-south,5869,110019,34.42923798302068,-5.312112367235867,105175,False,False,False,,26.909583590060254
,equal_burden,0.93368536,primer-cosmos-east,9422,405260,150.14822323181647,2.192938011399046,376843,False,False,False,,25.907513952797142
,equal_burden,0.9336799,gds,64575,250885,53.19980884304859,-27.74741711383302,236965,False,False,False,,26.324436172282514
,equal_burden,0.9336142,primer-cosmos-west,46186,336345,150.0864079865116,2.2543486322524804,313876,False,False,False,,26.35657020126757
rule-selected,equal_burden,0.9334289,ceers-full,24192,561605,214.80717145011613,52.75017704184073,525184,True,False,False,,26.671550012384873
rule-selected,equal_burden,0.9332722,primer-cosmos-east,63362,406809,150.14981376108312,2.3993561159610404,378310,True,False,False,,27.341717536370496
,equal_burden,0.93322706,ceers-full,11930,613918,215.01676154913255,52.87938469936288,574692,False,False,False,,26.363092142521705
,equal_burden,0.93317765,primer-uds-south,25140,137321,34.488563748802,-5.277912690228562,131384,False,False,False,,27.187461945240962
published-or-labelled,equal_burden,0.9330341,primer-uds-south,20030,132236,34.47825482781286,-5.286831821088496,126499,True,True,False,,26.82574710864889
published-or-labelled,equal_burden,0.9328802,primer-uds-south,63706,58133,34.323619577080535,-5.214168890873477,55431,True,True,False,,25.74371402392741
rule-selected,equal_burden,0.9328437,gds-sw,9663,193232,53.10391068943167,-27.908498837667953,183457,True,False,False,,27.338689098273967
published-or-labelled,equal_burden,0.9326953,ceers-full,12189,614051,215.01729887249255,52.88015944871767,574872,True,False,False,0.0,23.29160740252111
rule-selected,equal_burden,0.9318631,primer-uds-south,61888,130021,34.47374211594123,-5.217671221474143,124378,True,False,False,,27.258477056606996
rule-selected,equal_burden,0.93158966,primer-uds-north,79088,65919,34.338000142935606,-5.093883453070141,62868,True,False,False,,20.411240625761025
,equal_burden,0.9315592,gdn,65939,467752,189.0807686411874,62.27091535006235,436626,False,False,False,,25.207591830756776
rule-selected,equal_burden,0.9311878,primer-uds-south,44719,83718,34.375117055310284,-5.246877798104103,79916,True,False,False,,26.559382181449074
,equal_burden,0.9309895,primer-cosmos-west,61528,382280,150.12502258896774,2.289585507371763,355095,False,False,False,,27.324573200908993
,equal_burden,0.93097687,primer-cosmos-west,34897,349550,150.09640181238578,2.229934802739038,325516,False,False,False,,26.74864355018865
,equal_burden,0.93089235,ceers-full,14280,601408,214.9634240131008,52.84503268955548,562903,False,False,False,,26.239335081234167
,equal_burden,0.93045,ceers-full,38405,609693,214.99919133280198,52.918315394933465,570780,False,False,False,,25.2839207395285
,equal_burden,0.9301192,primer-uds-north,2565,22104,34.25371072247165,-5.206839437462894,21036,False,False,False,,25.99145002719016
published-or-labelled,equal_burden,0.9300466,gds,49278,216835,53.14430570225664,-27.779857223295657,205385,True,True,False,,27.567036598330706
published-or-labelled,equal_burden,0.9299766,ceers-full,75617,569736,214.84477061277795,52.89211063891606,532921,False,True,False,,25.725605330764232
rule-selected,equal_burden,0.9295543,primer-uds-north,32373,125828,34.464585134068386,-5.159848981476311,120357,True,False,False,,26.240304859693765
,equal_burden,0.9295469,primer-uds-north,83027,138549,34.49101358920479,-5.086630981780307,132575,False,False,False,,25.956607179695112
,equal_burden,0.9291886,primer-uds-south,49248,134155,34.48205578971091,-5.23955343150629,128353,False,False,False,,27.386296066007432
rule-selected,equal_burden,0.9291551,primer-uds-south,13881,141759,34.49719094718113,-5.297048945789706,135613,True,False,False,,27.154393317039112
published-or-labelled,equal_burden,0.9286167,gds-sw,48590,219258,53.14765531218129,-27.842051572528433,207618,False,True,False,,26.321926948660106
published-or-labelled,equal_burden,0.92848337,primer-uds-north,43482,101637,34.411939743724645,-5.144792089040485,97131,True,True,False,,27.41847693510438
,equal_burden,0.9280127,primer-uds-south,16776,136195,34.48631953638294,-5.292315967750305,130311,False,False,False,,26.62748699914663
rule-selected,equal_burden,0.9277638,ceers-full,13108,619927,215.04445851793858,52.901519657337786,580396,True,False,False,,27.629284603304228
,equal_burden,0.9274573,primer-uds-north,36443,142423,34.49856842923535,-5.154175735282453,136290,False,False,False,,26.63996191141512
,equal_burden,0.9271606,primer-uds-north,5507,23281,34.256870968899605,-5.201541924545604,22165,False,False,False,,19.90368312057725
,equal_burden,0.92667913,gds-sw,18871,158064,53.0377668070391,-27.89034144310049,150986,False,False,False,,26.85715393278597
,equal_burden,0.9266408,primer-uds-north,39359,89980,34.38823308770491,-5.1503537947276214,85915,False,False,False,,26.890860854593406
,equal_burden,0.9265483,gds-sw,21906,152739,53.01446126329616,-27.885489988330907,146129,False,False,False,,26.758613532408283
rule-selected,equal_burden,0.92603064,primer-cosmos-east,74064,372171,150.11524842616421,2.4426443410236702,345716,True,False,False,,27.59166943006563
rule-selected,equal_burden,0.92575544,primer-cosmos-east,82150,423881,150.17002310623795,2.478403456840281,394563,True,False,False,,26.5781319818568
,equal_burden,0.9257089,primer-cosmos-west,63242,330045,150.08160955879214,2.2937529235410605,308313,False,False,False,,25.133610297815768
,equal_burden,0.9251557,ceers-full,75404,574135,214.86324726250126,52.904860280817985,537080,False,False,False,,25.574921073610792
rule-selected,equal_burden,0.92481667,primer-cosmos-west,115403,383990,150.126690632544,2.5011735610170396,356704,True,False,False,,24.448225142376707
published-or-labelled,equal_burden,0.9247858,primer-cosmos-east,12295,377608,150.1203607539931,2.207739791212539,350723,True,True,False,,27.300219701355555
rule-selected,equal_burden,0.9241731,gdn,88870,516103,189.28314899356258,62.32082102640795,482245,True,False,False,,26.879752881266644
,equal_burden,0.92380446,ceers-full,71893,565084,214.8245409893102,52.86885893237702,528503,False,False,False,,27.032460252614776
rule-selected,equal_burden,0.9237532,primer-uds-south,17256,35473,34.28513230882273,-5.291527055174494,33896,True,False,False,,25.631999146235227
,equal_burden,0.92322755,primer-cosmos-west,75343,342909,150.09159388942075,2.324901451177097,319686,False,False,False,,27.372512684568623
published-or-labelled,equal_burden,0.92293465,primer-uds-north,54902,106019,34.42097265308937,-5.128525745637397,101338,False,False,False,0.0,27.04826011639728
published-or-labelled,equal_burden,0.9227991,primer-uds-south,26702,47084,34.30499218512225,-5.275422160738664,44944,True,True,False,,26.759993573705522
,equal_burden,0.9225541,primer-uds-south,63058,101474,34.411595938875365,-5.215910036853007,96974,False,False,False,,19.87690199828861
published-or-labelled,equal_burden,0.92162365,gds,59041,219483,53.14795102965861,-27.759931529740424,207827,False,True,False,,27.875066470039695
rule-selected,equal_burden,0.92147446,primer-cosmos-east,39391,420910,150.16616549144044,2.313085694359832,391732,True,False,False,,27.50970234280761
,equal_burden,0.9205931,primer-uds-north,71451,8043,34.22184427291793,-5.105146888816957,7592,False,False,False,,24.271817737824293
,equal_burden,0.92048806,gdn,77058,473878,189.12063743143614,62.29118433230798,442521,False,False,False,,24.576034144902362
published-or-labelled,equal_burden,0.920321,gds,5600,216056,53.1432326041067,-27.866419540770273,204660,False,False,False,0.0,26.933734914223216
,equal_burden,0.9202832,gdn,58575,469655,189.09307975718332,62.2567134201719,438477,False,False,False,,25.22666417983804
,equal_burden,0.92022294,gdn,33653,509298,189.26206845910139,62.21209231184111,475884,False,False,False,,26.726442257735936
,equal_burden,0.9201071,gdn,11289,531903,189.33268100010804,62.165313651992776,497114,False,False,False,,21.157062043199335
rule-selected,equal_burden,0.9199539,primer-cosmos-east,77720,421285,150.16666031086885,2.457803826190179,392088,True,False,False,,27.340991390639747
,equal_burden,0.9197943,primer-cosmos-west,82992,361262,150.10566132461565,2.354010412419116,335924,False,False,False,,26.73060930149802
,equal_burden,0.9197429,primer-uds-north,68077,141205,34.49620192683707,-5.109687841576989,135126,False,False,False,,26.93620673459947
,equal_burden,0.9196627,primer-uds-south,35440,16383,34.240588205220654,-5.2613200268144515,15529,False,False,False,,26.969323271724566
,equal_burden,0.9195615,primer-uds-north,17826,129503,34.47268698787604,-5.179783182731432,123877,False,False,False,,24.652860088695608
,equal_burden,0.9193557,gds-sw,10195,181857,53.085130205481796,-27.906353764756886,172891,False,False,False,,26.48441149369336
,equal_burden,0.91924417,primer-uds-north,50424,12268,34.231405943522965,-5.1348262531239515,11499,False,False,False,,25.79477017899129
,equal_burden,0.9189647,gdn,77151,491702,189.20638537596972,62.29153255592713,459426,False,False,False,,25.15923451438256
published-or-labelled,equal_burden,0.9188469,primer-uds-north,37430,25674,34.26285006146046,-5.153011976371578,24425,False,True,True,,26.34550318369792
published-or-labelled,equal_burden,0.9187215,primer-uds-north,75267,79643,34.36621361018565,-5.099888867401789,76004,False,False,False,0.0,22.62881696586939
,equal_burden,0.91786575,ceers-full,12791,594922,214.93956290655248,52.82553115316325,556758,False,False,False,,24.420551200468918
rule-selected,equal_burden,0.9174778,gds,34561,229765,53.161142450746155,-27.80916096896038,217271,True,False,False,,27.618514116998824
,equal_burden,0.9173195,gdn,32323,517040,189.28635450650648,62.20923121733335,483106,False,False,False,,26.91297421920237
rule-selected,equal_burden,0.9171433,primer-cosmos-east,4595,388633,150.13139074942393,2.166284414748607,361116,True,False,False,,27.38188297469404
,equal_burden,0.91696995,primer-uds-north,49454,143370,34.500458446847986,-5.136080842989153,137205,False,False,False,,27.00680166034046
,equal_burden,0.9163508,primer-uds-north,11767,150931,34.52420723709553,-5.1897363058956865,144404,False,False,False,,23.125766606036557
,equal_burden,0.9163173,gdn,72104,485397,189.1797919626304,62.28239481745326,453402,False,False,False,,26.41163899894223
rule-selected,equal_burden,0.9161884,gdn,86757,525386,189.31184379336932,62.31388101970892,490975,True,False,False,,26.941556415835187
rule-selected,equal_burden,0.9161832,primer-uds-south,49429,24706,34.26062839148604,-5.239257465061695,23550,True,False,False,,27.013427879868775
,equal_burden,0.91617227,primer-cosmos-east,84229,414889,150.15880784502008,2.488651118467075,385982,False,False,False,,27.24473297345022
,equal_burden,0.9160904,ceers-full,59106,597585,214.94935068085712,52.930588522274384,559276,False,False,False,,27.138209588538437
,equal_burden,0.915829,primer-cosmos-east,79076,439963,150.19371181894098,2.463636251608311,409967,False,False,False,,25.14386447038904
,equal_burden,0.91575295,gdn,52713,477788,189.14323447654095,62.24641790113604,446263,False,False,False,,27.548472439529952
published-or-labelled,equal_burden,0.9156109,gds,44112,252618,53.20800044133555,-27.790033444208454,238589,False,False,False,0.0,26.46463627580629
,equal_burden,0.9154911,gds,26380,209804,53.13375834904074,-27.82552095023865,198881,False,False,False,,27.29810804707896
,equal_burden,0.91547793,primer-cosmos-east,51382,403729,150.1466303626527,2.355852508930649,375400,False,False,False,,27.078749712141796
published-or-labelled,equal_burden,0.9153047,primer-uds-south,70243,66813,34.33978153496162,-5.201235872976189,63719,False,True,False,,27.03869678312661
,equal_burden,0.91509956,gds,62366,251254,53.201181675788895,-27.752866492598596,237306,False,False,False,,26.087450607646257
,equal_burden,0.9148677,primer-cosmos-east,40865,402905,150.1458035355799,2.3180980804135123,374614,False,False,False,,24.91102003644444
,equal_burden,0.91458493,primer-cosmos-west,3703,307762,150.06280726555343,2.1498824003571886,288463,False,False,False,,26.070570706936426
rule-selected,equal_burden,0.9145602,primer-cosmos-east,74987,402820,150.1457107660431,2.446257631061161,374536,True,False,False,,25.34676866806833
,equal_burden,0.9140516,ceers-full,33413,609918,215.0001757385007,52.9077437660452,570991,False,False,False,,25.67123049856257
published-or-labelled,equal_burden,0.9138322,primer-uds-south,44341,24623,34.2604280926169,-5.247422903604769,23471,True,False,False,1.0,27.088746452749444
,equal_burden,0.91375834,primer-uds-south,29217,148672,34.51394583163817,-5.271386301585369,142261,False,False,False,,26.945469806554502
duplicate-sky-group,equal_burden,0.9137189,gdn,4639,493882,189.2141152292273,62.14903183400376,461470,False,False,False,,25.424366128806685
,equal_burden,0.9133369,primer-uds-south,50674,19145,34.24662451243963,-5.2370955836105955,18187,False,False,False,,26.30348968478616
,equal_burden,0.91307443,primer-uds-south,3216,89725,34.387746290638844,-5.317765754275737,85690,False,False,False,,25.736383949818617
published-or-labelled,equal_burden,0.9129773,primer-cosmos-east,83388,414231,150.1580448151367,2.484194491092873,385357,False,True,False,1.0,26.711356092918784
,equal_burden,0.91209716,primer-uds-north,46636,88077,34.38432865949471,-5.14029921878004,84099,False,False,False,,23.284009011058732
,equal_burden,0.9119922,primer-cosmos-east,47421,412525,150.15617270745642,2.3421669610871385,383741,False,False,False,,26.99052314473261
,equal_burden,0.911918,primer-uds-south,26587,123217,34.45898801736921,-5.275603969358951,117866,False,False,False,,26.95215236062373
,equal_burden,0.9118914,ceers-full,80587,597740,214.94986256577693,52.9800462107344,559422,False,False,False,,26.396243775757192
rule-selected,equal_burden,0.9118495,primer-cosmos-west,85439,308395,150.06344105887067,2.3552355261483298,289047,True,False,False,,22.025764033989468
rule-selected,equal_burden,0.91166145,primer-uds-south,3037,73179,34.3526712998908,-5.318131319119166,69817,True,False,False,,26.473648610927814
,equal_burden,0.91129875,primer-cosmos-east,85877,401974,150.14482579520396,2.497429657303354,373727,False,False,False,,26.717489886285748
,equal_burden,0.9112347,primer-uds-south,9055,92794,34.39401475751669,-5.305541104819099,88625,False,False,False,,26.640593603944584
,equal_burden,0.91112995,gdn,57074,462945,189.04501285870668,62.253934534158034,432077,False,False,False,,26.824108890119927
rule-selected,equal_burden,0.910917,ceers-full,74730,564795,214.82325722301943,52.874529413761536,528221,True,False,False,,27.295420575123313
,equal_burden,0.9109006,primer-uds-south,29313,58903,34.324922598101104,-5.271315681984029,56166,False,False,False,,23.945490794397283
published-or-labelled,equal_burden,0.91080624,primer-uds-north,67741,64163,34.33460340027518,-5.110269315245688,61180,False,True,True,1.0,24.675965838252946
,equal_burden,0.91068596,primer-uds-south,64518,26685,34.26524426408484,-5.212584269217306,25429,False,False,False,,26.118288834016838
,equal_burden,0.91017854,primer-cosmos-west,28061,339522,150.0888626956852,2.20702767143995,316660,False,False,False,,26.040025473379075
,equal_burden,0.9101715,primer-uds-south,15463,33684,34.281626823505185,-5.294529000813138,32167,False,False,False,,26.64586216666023
,equal_burden,0.91001457,primer-cosmos-west,26963,379632,150.12240792271575,2.2042679094023936,352615,False,False,False,,27.334017989110123
published-or-labelled,equal_burden,0.9098852,ceers-full,67612,597807,214.95007551390938,52.94926329566539,559487,True,False,False,0.0,27.002046881813243
rule-selected,equal_burden,0.90974426,primer-uds-north,14481,27891,34.26807943855583,-5.184957639090245,26594,True,False,False,,27.246682258719368
,equal_burden,0.9093102,ceers-full,9887,620376,215.0470494532079,52.89748224947375,580816,False,False,False,,26.97675193754326
published-or-labelled,equal_burden,0.9088136,ceers-full,27754,622559,215.06251475399648,52.9403328472507,582887,True,True,False,,26.23964306265165
,equal_burden,0.9087779,primer-uds-south,9043,43780,34.299753429609794,-5.305577264411743,41799,False,False,False,,27.466777169598274
rule-selected,equal_burden,0.90869874,primer-uds-north,25888,135711,34.485332699878406,-5.168748792937885,129849,True,False,False,,27.03685859371452
rule-selected,equal_burden,0.90860975,gdn,70091,482872,189.168707213646,62.278512866219806,451075,True,False,False,,26.195639797407807
,equal_burden,0.90841067,primer-cosmos-east,29422,377172,150.11996703682797,2.2806836092868283,350247,False,False,False,,26.57556126879333
,equal_burden,0.9082403,gds,62117,253188,53.21165886160462,-27.753831113610058,239123,False,False,False,,22.959703803930704
published-or-labelled,equal_burden,0.9075536,gds,13967,195606,53.10830657616783,-27.85100498197515,185673,True,True,False,,27.859079771024525
,equal_burden,0.9073444,primer-cosmos-west,96787,323830,150.07685900399295,2.4097825543344986,302825,False,False,False,,26.599014857995954
,equal_burden,0.90706986,primer-uds-south,56362,116525,34.443864201033065,-5.2273749989851215,111423,False,False,False,,26.749849189340953
,equal_burden,0.90696454,primer-uds-south,17287,56998,34.32164253471564,-5.291484690447464,54369,False,False,False,,26.98891858375742
,equal_burden,0.90694535,primer-cosmos-east,68789,434757,150.1853512977053,2.420286824244783,404963,False,False,False,,21.26305240701201
,equal_burden,0.9067471,primer-uds-south,19173,64461,34.33512007478283,-5.288414443618985,61466,False,False,False,,26.697436842269692
,equal_burden,0.9066284,ceers-full,46333,589472,214.9183185472611,52.8793652883359,551583,False,False,False,,26.097587211229758
,equal_burden,0.9065185,ceers-full,37530,583677,214.89764344030672,52.84371987458453,546111,False,False,False,,27.210102156091008
,equal_burden,0.9063497,primer-uds-north,37041,116379,34.44352100177103,-5.153568118054408,111283,False,False,False,,26.707695385970815
rule-selected,equal_burden,0.905999,gdn,57257,547587,189.39123256742565,62.25422901630679,511896,True,False,False,,27.045629132235153
,equal_burden,0.9058546,gds-sw,66327,174603,53.07408074801353,-27.804005867588362,166223,False,False,False,,26.187812571880713
published-or-labelled,equal_burden,0.9057994,ceers-full,78410,594360,214.93720634446186,52.96535693748695,556218,True,True,False,,27.52995078791065
published-or-labelled,equal_burden,0.90545404,gds,35061,243089,53.17986375895223,-27.808278068575788,229674,False,False,False,0.0,27.53414405953113
,equal_burden,0.90492356,gdn,47401,465304,189.06331392841145,62.237293732767334,434329,False,False,False,,27.13016359969935
published-or-labelled,equal_burden,0.9036845,ceers-full,20482,573106,214.85909077568348,52.781629496790686,536104,False,False,False,0.0,27.329449879977837
,equal_burden,0.9035231,gds,17145,184813,53.089729489902346,-27.845222951700286,175614,False,False,False,,25.109174814975525
published-or-labelled,equal_burden,0.9031692,gds,4619,205026,53.12497043434166,-27.868352746807478,194461,False,True,False,,26.770271107896214
,equal_burden,0.90291035,ceers-full,43601,599540,214.95622736716155,52.89981787238062,561130,False,False,False,,27.291430413722203
published-or-labelled,equal_burden,0.9025238,ceers-full,60201,562769,214.81305499752784,52.83424446477887,526280,False,False,False,0.0,26.306574622731436
,equal_burden,0.9024998,gds,66962,227532,53.15825454994965,-27.740911563355365,215234,False,False,False,,27.557196156081716
,equal_burden,0.9022207,gdn,88945,512152,189.27045486931794,62.32102485941621,478553,False,False,False,,26.983883189914426
,equal_burden,0.90216243,ceers-full,44782,557952,214.78802142339043,52.78154329807045,521704,False,False,False,,26.98818803959016
rule-selected,equal_burden,0.9020246,primer-uds-south,74372,75092,34.35655987224617,-5.193870471278571,71636,True,False,False,,27.248272515034365
rule-selected,equal_burden,0.9020235,gdn,53419,503186,189.24425392325873,62.247527656126415,470206,True,False,False,,24.050953298583515
,equal_burden,0.90137506,gdn,83894,483678,189.17219372996968,62.30563966124714,451840,False,False,False,,27.113517735021716
,equal_burden,0.90059155,primer-cosmos-west,87440,317972,150.0722911758689,2.370852915962518,297653,False,False,False,,25.64842764143977
rule-selected,equal_burden,0.900291,primer-uds-north,28114,20909,34.25069421200221,-5.1658077809102965,19892,True,False,False,,23.551289241451748
published-or-labelled,equal_burden,0.8998908,primer-uds-north,27858,66010,34.3382135253942,-5.166200786431157,62956,False,False,False,0.0,23.400111429928582
published-or-labelled,equal_burden,0.89988273,primer-uds-north,83777,13778,34.23492432354079,-5.0852276978663635,13043,False,False,False,0.0,26.595753935689462
,equal_burden,0.8992168,primer-uds-south,8988,77405,34.36136583286787,-5.305676719641683,73857,False,False,False,,26.705407473707275
,equal_burden,0.89920694,gdn,35685,508857,189.26069827875708,62.21626142480983,475475,False,False,False,,27.276953676512598
,equal_burden,0.8990885,primer-uds-south,17838,93880,34.396229088847484,-5.2905973346194415,89673,False,False,False,,27.35219598707033
,equal_burden,0.89898247,gds,62191,248418,53.19252706704505,-27.753150760747573,234657,False,False,False,,27.875665932314362
,equal_burden,0.89890504,primer-uds-south,10215,77860,34.362352970805546,-5.3034498797621685,74253,False,False,False,,27.127507470102547
published-or-labelled,equal_burden,0.89885867,primer-uds-south,50431,128283,34.47004102798784,-5.238068116366967,122705,True,True,True,1.0,23.510466927047645
,equal_burden,0.8988356,ceers-full,18582,629266,215.1386054959897,52.97871692814771,589281,False,False,False,,26.2083469019502
published-or-labelled,equal_burden,0.89829946,primer-cosmos-east,75519,387146,150.1299013970555,2.4484391149712557,359704,False,True,False,,26.85850979403542
,equal_burden,0.8982726,primer-cosmos-east,5652,400229,150.14303897550968,2.1718309534617464,372088,False,False,False,,26.620673492813513
published-or-labelled,equal_burden,0.89802974,gds,55259,247690,53.19076814523881,-27.767884875147146,233957,True,True,False,,27.836454953068092
,equal_burden,0.8978555,primer-cosmos-east,41023,425191,150.17186263662268,2.3187270577462176,395825,False,False,False,,26.424587528004228
,equal_burden,0.89731014,primer-uds-north,56165,143395,34.50049639414727,-5.127264894439411,137228,False,False,False,,24.608403667649103
published-or-labelled,equal_burden,0.89715725,primer-uds-south,35747,78438,34.363557831769974,-5.260782476714277,74850,True,True,True,,26.553062685804157
rule-selected,equal_burden,0.89699686,gdn,51419,536787,189.34957493148082,62.244166528423456,501673,True,False,False,,27.914245878272055
,equal_burden,0.8966056,primer-cosmos-west,91522,360342,150.10489476241779,2.3868612279055927,335096,False,False,False,,26.074269531135602
,equal_burden,0.89642155,primer-uds-north,44677,91622,34.39171298924969,-5.142972797579933,87500,False,False,False,,26.822707847633097
published-or-labelled,equal_burden,0.8963139,primer-uds-north,25554,33712,34.28169495596579,-5.169173776964436,32194,False,True,False,,27.111129229951683
published-or-labelled,equal_burden,0.8960315,primer-uds-north,8768,149161,34.515777719738026,-5.19516160998345,142725,False,True,False,1.0,25.33134243396372
,equal_burden,0.89602846,primer-uds-south,60095,123719,34.460084256843594,-5.2210565211348685,118343,False,False,False,,21.98629008635091
rule-selected,equal_burden,0.89602697,gdn,42693,496715,189.22370163670752,62.22933184515315,464139,True,False,False,,27.856599501506544
published-or-labelled,equal_burden,0.8951879,gdn,77875,474195,189.12251558004678,62.29285055888838,442823,False,True,False,1.0,27.175398475243604
published-or-labelled,equal_burden,0.89433366,primer-uds-north,49209,47582,34.30582123192057,-5.136478538164039,45424,False,True,False,1.0,26.659453166122347
rule-selected,equal_burden,0.894314,gdn,48213,472185,189.10993817901706,62.238727186545255,440913,True,False,False,,27.650858502186495
published-or-labelled,equal_burden,0.8938281,gds-sw,12551,189514,53.09751840702867,-27.9012472968684,179970,False,True,False,1.0,23.816405544594176
,equal_burden,0.8936789,primer-cosmos-east,48099,393342,150.13615811933363,2.344493058437418,365578,False,False,False,,26.48614548303164
published-or-labelled,equal_burden,0.8930752,ceers-full,18873,563557,214.81711591204626,52.748342028798724,527042,True,True,False,,26.651364107302275
rule-selected,equal_burden,0.8929752,primer-uds-south,7122,68401,34.34296694241981,-5.309451282617676,65238,True,False,False,,27.02754036665825
rule-selected,equal_burden,0.89290446,primer-cosmos-west,22583,309455,150.06462845922331,2.1909197449253157,290027,True,False,False,,19.964482151890923
,equal_burden,0.89271444,primer-cosmos-west,97070,322026,150.07540745222053,2.4110463827699697,301224,False,False,False,,25.92060099877217
rule-selected,equal_burden,0.89265937,primer-cosmos-east,45470,405075,150.14802459437587,2.3347634142322993,376671,True,False,False,,26.927481656941033
,equal_burden,0.8921941,primer-cosmos-east,66462,388132,150.13086301270982,2.4119496030899716,360552,False,False,False,,27.11203498620202
published-or-labelled,equal_burden,0.89213604,primer-cosmos-west,93272,322971,150.07618551821403,2.394826087803743,302063,True,True,False,,27.06720203685035
published-or-labelled,equal_burden,0.8918328,primer-cosmos-east,31307,436929,150.1887527848106,2.2875135862025227,407056,True,True,False,,27.101937501723977
,equal_burden,0.8917473,primer-uds-south,3042,135738,34.48539570858701,-5.318502650510154,129875,False,False,False,,20.415479831296484
,equal_burden,0.8915797,primer-uds-south,19273,15829,34.23946498546316,-5.288211541632601,15006,False,False,False,,26.380344669661888
rule-selected,equal_burden,0.8915533,primer-cosmos-west,48142,366007,150.10980851432092,2.2577941276745723,340190,True,False,False,,25.252280914879503
,equal_burden,0.8915396,gdn,32714,495644,189.22003268543358,62.21016623987327,463123,False,False,False,,27.634487588632556
rule-selected,equal_burden,0.89089376,gds-sw,11577,186225,53.092002693610276,-27.90312923919297,176911,True,False,False,,25.114683848670847
,equal_burden,0.89068675,primer-uds-north,84513,103399,34.41553605139399,-5.083736798610958,98815,False,False,False,,26.8235864212696
published-or-labelled,equal_burden,0.8906716,primer-uds-south,24447,90518,34.38935947731812,-5.2790924363053096,86436,False,False,True,0.0,25.275067064029148
,equal_burden,0.8905278,primer-uds-north,55529,43593,34.299427298184334,-5.12767154119364,41624,False,False,False,,26.639321745287276
,equal_burden,0.8903611,primer-uds-north,22462,115019,34.44050422650621,-5.173361736225364,109976,False,False,False,,27.31175804155105
published-or-labelled,equal_burden,0.89030105,gdn,82301,530598,189.32840293354866,62.30183174525856,495887,False,False,False,0.0,27.562378681827216
,equal_burden,0.8900632,ceers-full,12866,599840,214.9573165150875,52.83854778961228,561423,False,False,False,,27.5389544201655
rule-selected,equal_burden,0.8899228,primer-cosmos-east,72276,375307,150.11814863022215,2.4352987644581576,348578,True,False,False,,27.612150613620717
,equal_burden,0.889092,primer-cosmos-west,73455,314213,150.0692418066944,2.3177955107140247,294310,False,False,False,,27.072197842272914
rule-selected,equal_burden,0.88908404,gdn,39487,516748,189.28537623031372,62.22352667269371,482863,True,False,False,,27.563310288178528
rule-selected,equal_burden,0.88857615,primer-uds-south,60825,48181,34.30686613643846,-5.219620807070633,45997,True,False,False,,25.99646004034856
,equal_burden,0.88851494,gds-sw,68420,177608,53.078816972164304,-27.7983054405546,168987,False,False,False,,27.608007685441443
,equal_burden,0.8883648,primer-uds-south,44413,46217,34.30367483959605,-5.247328307507701,44118,False,False,False,,27.22891671930796
rule-selected,equal_burden,0.8880634,primer-uds-north,25650,20040,34.24865359996393,-5.16903927499964,19053,True,False,False,,25.55916110353956
,equal_burden,0.88803643,gdn,36383,483632,189.17195912413504,62.21758255716133,451795,False,False,False,,27.79851921780559
rule-selected,equal_burden,0.88779145,primer-cosmos-east,22203,375512,150.11832686162856,2.2522572305304767,348767,True,False,False,,25.0945565481593
,equal_burden,0.88758385,gds-sw,19948,215127,53.14203107530953,-27.888391625907044,203812,False,False,False,,26.45174545029787
,equal_burden,0.8875551,primer-uds-north,31492,109078,34.427356727180985,-5.161063054080902,104284,False,False,False,,27.145708896340764
,equal_burden,0.88748926,ceers-full,73248,568520,214.839298200537,52.88257368902314,531765,False,False,False,,27.588341377061052
rule-selected,equal_burden,0.88730586,gdn,83828,522519,189.3032819584786,62.305483363016215,488263,True,False,False,,27.900105626507287
,equal_burden,0.88709974,primer-cosmos-east,43116,434681,150.1852378286598,2.3259882489262727,404890,False,False,False,,26.798557850608592
published-or-labelled,equal_burden,0.8870486,ceers-full,40889,579371,214.8829972703768,52.84041768434165,542035,False,False,False,0.0,25.702876727642316
,equal_burden,0.8865702,gds-sw,30744,155686,53.030148031810846,-27.873124638419174,148825,False,False,False,,23.357830503488756
,equal_burden,0.8863858,primer-cosmos-east,24895,413908,150.157701913612,2.2627469115944776,385048,False,False,False,,27.40872134964694
published-or-labelled,equal_burden,0.88628155,gds-sw,50046,183912,53.088306279087334,-27.84041554114976,174789,False,False,False,0.0,26.364145402745088
,equal_burden,0.8862004,primer-uds-north,69802,82415,34.372490116687224,-5.10741612334133,78698,False,False,False,,26.96549254695324
rule-selected,equal_burden,0.88609254,primer-uds-south,61731,35729,34.285616738664324,-5.217977765963797,34139,True,False,False,,26.668387578772375
,equal_burden,0.88602036,primer-cosmos-east,78749,392621,150.13541905311604,2.4621389453098357,364879,False,False,False,,26.586736854655296
,equal_burden,0.88581556,primer-cosmos-west,41933,326381,150.0788631479131,2.2462753235874477,305067,False,False,False,,27.75967564103329
,equal_burden,0.88544405,gdn,62520,461058,189.02793255280963,62.26407497170936,430265,False,False,False,,21.372322422366967
published-or-labelled,equal_burden,0.8853549,gds,52366,227702,53.15847402272447,-27.77404996561414,215392,False,False,False,0.0,21.87235863736683
rule-selected,equal_burden,0.88530403,gdn,32002,482051,189.16484183339796,62.20846444191149,450303,True,False,False,,22.355952040736312
rule-selected,equal_burden,0.8852639,ceers-full,31320,588162,214.91339926935723,52.84069051643597,550350,True,False,False,,26.476945635251315
,equal_burden,0.88499963,primer-cosmos-west,49108,349133,150.09610221801233,2.259828654768135,325159,False,False,False,,26.337505981618186
,equal_burden,0.88459784,primer-uds-north,707,140928,34.49564990429735,-5.210715648520908,134861,False,False,False,,26.82318687656184
published-or-labelled,equal_burden,0.8843077,primer-cosmos-east,46161,412109,150.15570783837003,2.3376088222515774,383350,True,True,False,,27.643751717644474
,equal_burden,0.88410175,primer-cosmos-west,9454,293197,150.045675642192,2.1583699278174553,275636,False,False,False,,26.594524290574036
rule-selected,equal_burden,0.8840121,primer-cosmos-west,17506,304621,150.05918657921504,2.174231169490553,285546,True,False,False,,26.972711429278405
,equal_burden,0.8834096,gds-sw,27094,219103,53.14742540823605,-27.877966532586644,207470,False,False,False,,26.71671732966883
,equal_burden,0.88278806,gds-sw,6632,193222,53.103899176279235,-27.92341201286253,183447,False,False,False,,27.40660491251776
,equal_burden,0.8827542,primer-uds-north,84665,103254,34.415238226968924,-5.083473506818615,98673,False,False,False,,25.120188748304074
,equal_burden,0.8826981,gdn,89495,501219,189.2379935221069,62.322805292082066,468362,False,False,False,,27.026612242280844
,equal_burden,0.88267493,primer-uds-north,23620,138293,34.490493422005414,-5.171789355867738,132325,False,False,False,,27.00769331772407
,equal_burden,0.88246655,ceers-full,15619,607577,214.9895760582963,52.866554644891366,568763,False,False,False,,25.78372731866594
rule-selected,equal_burden,0.8818095,gdn,46602,477072,189.13922264091605,62.23570600565895,445580,True,False,False,,23.715605397639138
,equal_burden,0.88168854,primer-uds-south,5857,131564,34.47685186485686,-5.312181396242291,125857,False,False,False,,24.11973487503698
published-or-labelled,equal_burden,0.88149273,primer-cosmos-west,82287,372411,150.1154814979046,2.351338023775356,345934,False,False,False,0.0,25.121606639959946
rule-selected,equal_burden,0.8808892,primer-uds-north,23223,55358,34.31878455541106,-5.172293399569159,52803,True,False,False,,25.91265791774709
,equal_burden,0.88056314,primer-uds-south,65201,137562,34.48903004857275,-5.211335321018007,131619,False,False,False,,25.852578887406665
,equal_burden,0.8802675,gdn,70211,463288,189.04780976575896,62.2785036367272,432406,False,False,False,,23.28940771851142
rule-selected,equal_burden,0.88015896,primer-uds-south,24875,140110,34.49408718948978,-5.278388388298316,134070,True,False,False,,24.453833997619896
published-or-labelled,equal_burden,0.8798943,gdn,4064,498369,189.22916096322732,62.14618167914405,465705,True,True,False,1.0,22.081035889934906
,equal_burden,0.8798343,primer-uds-south,3496,56581,34.32090454950236,-5.317045282512897,53975,False,False,False,,26.148056802594724
,equal_burden,0.87969935,primer-cosmos-west,92104,385932,150.12867707780407,2.3887315803863127,358540,False,False,False,,24.974048577342217
rule-selected,equal_burden,0.87949026,primer-uds-north,17413,150813,34.52346424514958,-5.180470964401321,144291,True,False,False,,23.14051569056688
,equal_burden,0.8793351,gdn,63055,467038,189.0758902682393,62.26549367894582,435978,False,False,False,,27.693714800836847
,equal_burden,0.8791627,primer-uds-south,61478,35774,34.28568538690218,-5.2184578058752,34182,False,False,False,,27.162675700307922
,equal_burden,0.8788992,primer-cosmos-east,70582,407031,150.1500646312196,2.428340859025954,378518,False,False,False,,27.28576583087611
published-or-labelled,equal_burden,0.8788739,primer-uds-south,63850,122928,34.45836317959193,-5.213927777351877,117594,True,False,False,0.0,24.42882385697934
,equal_burden,0.87879115,ceers-full,66557,617603,215.0326171890751,53.00598418552338,578224,False,False,False,,25.435759000767913
rule-selected,equal_burden,0.87787515,primer-uds-south,64263,115719,34.442066213644104,-5.2132936586032965,110643,True,False,False,,23.90260923783834
,equal_burden,0.8776235,primer-cosmos-west,88954,309302,150.06445779334393,2.37646050997,289883,False,False,False,,26.70698616171676
published-or-labelled,equal_burden,0.8774157,gds-sw,15501,195780,53.10862888688445,-27.895700760677876,185840,True,True,False,,27.781912395353135
rule-selected,equal_burden,0.87741363,primer-uds-south,38651,78002,34.36265079772086,-5.256163212593708,74432,True,False,False,,26.225433787497767
,equal_burden,0.87737966,primer-uds-south,17713,56296,34.32038815471602,-5.290836381883503,53698,False,False,False,,25.799201942745295
,equal_burden,0.87716365,primer-uds-north,28375,11305,34.22927114073307,-5.165375152059147,10687,False,False,False,,26.21680099817641
,equal_burden,0.876958,primer-uds-north,47356,82536,34.37268397997896,-5.1390803211605816,78786,False,False,False,,26.870849823220155
,equal_burden,0.87685895,primer-uds-south,24896,144356,34.50247490114691,-5.278243283220005,138151,False,False,False,,25.986423395356
published-or-labelled,equal_burden,0.876847,primer-cosmos-west,80254,353084,150.0990013908452,2.3436237099263497,328620,True,True,False,,23.972188829383686
,equal_burden,0.8766707,primer-uds-north,85954,11723,34.23019989917035,-5.080011395358681,11081,False,False,False,,24.612625297153762
rule-selected,equal_burden,0.87658954,primer-cosmos-west,102679,359856,150.1044633684677,2.435380036503765,334655,True,False,False,,24.806287734166972
,equal_burden,0.8763673,primer-cosmos-west,77766,334151,150.08463674026902,2.33448580987936,311939,False,False,False,,26.242804133682892
,equal_burden,0.87630504,primer-cosmos-west,85824,342312,150.09113912565275,2.3650108338441203,319147,False,False,False,,27.290864011903956
published-or-labelled,equal_burden,0.87575173,primer-uds-north,58906,113277,34.436442460088294,-5.123077439680482,108300,False,False,False,0.0,26.642567213651958
published-or-labelled,equal_burden,0.8752653,primer-uds-south,14045,48005,34.30656556292554,-5.297171180534055,45830,False,True,False,,22.657499479767765
,equal_burden,0.87467533,gdn,22794,484259,189.17480565760368,62.19012789152223,452381,False,False,False,,25.786078753902537
,equal_burden,0.87455267,primer-uds-north,42969,13319,34.23391397617236,-5.145492711567682,12606,False,False,False,,26.665903508618317
,equal_burden,0.87441754,primer-cosmos-east,19863,403200,150.1460999228886,2.241953693845883,374902,False,False,False,,27.48241051921733
published-or-labelled,equal_burden,0.8743605,primer-uds-south,37952,42478,34.29753191735289,-5.257188348112015,40567,True,True,False,,26.206621750822205
,equal_burden,0.87425226,ceers-full,67083,593227,214.93288293637264,52.93541831572807,555140,False,False,False,,26.38094797476418
,equal_burden,0.87415487,primer-cosmos-west,10474,393108,150.1359384669194,2.159838108265331,365353,False,False,False,,26.593165387806316
rule-selected,equal_burden,0.8735811,primer-uds-south,32841,11017,34.228676230211654,-5.265635232596268,10417,True,False,False,,26.318882425209615
published-or-labelled,equal_burden,0.87346107,primer-cosmos-west,29305,305142,150.05977723669184,2.21053899196692,286031,True,True,False,,25.233660615306395
published-or-labelled,equal_burden,0.87325436,primer-uds-south,7111,84181,34.37614048644113,-5.310366263509511,80357,True,True,True,1.0,25.228091180601552
,equal_burden,0.8732217,primer-uds-north,41126,90008,34.38830497035532,-5.148019575475407,85943,False,False,False,,25.12193452063496
,equal_burden,0.8732008,primer-cosmos-west,19222,360390,150.10493949798578,2.1812196208208863,335140,False,False,False,,26.85979499510185
published-or-labelled,equal_burden,0.87310123,ceers-full,7491,604497,214.97584380676426,52.841950296738126,565845,False,True,False,1.0,27.848498684351597
rule-selected,equal_burden,0.872885,primer-uds-south,44208,15297,34.23832885830895,-5.247602824695227,14437,True,False,False,,26.94160573439276
,equal_burden,0.87258935,primer-uds-north,81100,128727,34.47102522218984,-5.09021546466376,123128,False,False,False,,27.154174050982796
,equal_burden,0.87250847,primer-uds-north,36776,127200,34.467612091512876,-5.153845510388803,121665,False,False,False,,25.41037507649288
,equal_burden,0.8724938,primer-uds-south,27465,38171,34.29015511153041,-5.274149675883428,36459,False,False,False,,27.24503050647751
published-or-labelled,equal_burden,0.87236047,primer-cosmos-west,45444,316329,150.0709255122591,2.251693424506193,296175,True,True,False,1.0,24.810110582036227
,equal_burden,0.8720399,primer-uds-south,75090,125044,34.46287875681878,-5.192620660925689,119611,False,False,False,,27.014488741625016
published-or-labelled,equal_burden,0.871959,primer-uds-south,50411,33676,34.28161037441549,-5.237581626884259,32159,False,False,False,0.0,25.191405778240195
rule-selected,equal_burden,0.8719238,primer-uds-south,48053,5765,34.21606585099479,-5.241695565131261,5452,True,False,False,,23.305219688955127
,equal_burden,0.87187463,primer-uds-south,20511,58033,34.32346589287898,-5.285932407660635,55339,False,False,False,,27.11907845866986
,equal_burden,0.8710501,primer-cosmos-east,22204,433989,150.1842285462574,2.2520976170236167,404230,False,False,False,,23.588956944936022
,equal_burden,0.8710377,primer-cosmos-east,62942,440062,150.19387370359007,2.3978243283335576,410065,False,False,False,,25.665346005737984
,equal_burden,0.8708664,primer-uds-south,9426,74637,34.35557617106224,-5.304893619394038,71195,False,False,False,,26.46563317981609
,equal_burden,0.87069166,gdn,37685,519826,189.29537544769346,62.2199003495428,485736,False,False,False,,24.149221209867477
published-or-labelled,equal_burden,0.87061477,gds,8086,219585,53.14808259942663,-27.86191409850182,207921,False,False,False,0.0,24.967027470160183
published-or-labelled,equal_burden,0.8704,ceers-full,41217,561160,214.80494486232,52.7849370681256,524758,False,False,False,0.0,26.479220697668566
rule-selected,equal_burden,0.8702982,gds,42609,198512,53.11353797575195,-27.793496263763785,188391,True,False,False,,25.994182834437918
,equal_burden,0.8700811,primer-cosmos-west,18255,347624,150.0949409987192,2.1771591125055503,323816,False,False,False,,23.710992322906943
,equal_burden,0.86924875,ceers-full,81061,591021,214.92434342416786,52.96319711835519,553056,False,False,False,,26.994236828267475
,equal_burden,0.8684402,primer-uds-south,7025,107583,34.42426319617333,-5.309649550887834,102832,False,False,False,,26.564307527517485
,equal_burden,0.868182,primer-cosmos-east,69819,373636,150.11656416791172,2.424892594331437,347045,False,False,False,,23.60685179272765
published-or-labelled,equal_burden,0.8679165,ceers-full,56983,570358,214.84758623461337,52.85337767600714,533510,True,False,False,0.0,24.94624095645121
published-or-labelled,equal_burden,0.867628,primer-cosmos-west,48143,366014,150.10981364794432,2.2574017726761437,340196,True,False,False,0.0,25.03252443913388
,equal_burden,0.8675939,primer-uds-north,80785,86564,34.381127372756424,-5.090904618525153,82645,False,False,False,,24.579657184070864
,equal_burden,0.86749476,ceers-full,31133,611218,215.00577253034663,52.90672346504815,572190,False,False,False,,27.177095173888844
rule-selected,equal_burden,0.8673134,primer-uds-north,70855,3540,34.20909539246894,-5.10598524410224,3336,True,False,False,,27.109795679141733
rule-selected,equal_burden,0.866946,gdn,17669,523896,189.3074947717663,62.17800902040839,489565,True,False,False,,24.86309421283656
rule-selected,equal_burden,0.86685246,primer-cosmos-west,13640,317048,150.071530452995,2.164492542645973,296817,True,False,False,,25.833043940535035
,equal_burden,0.86676925,primer-uds-south,11829,40215,34.29366758629946,-5.3005849362970245,38404,False,False,False,,25.303359424321734
,equal_burden,0.8667606,primer-uds-north,63553,83287,34.374233051182145,-5.116342185880125,79507,False,False,False,,26.52645769141162
published-or-labelled,equal_burden,0.8664913,ceers-full,21397,607145,214.98770601497478,52.8757423196346,568359,False,False,False,0.0,26.45994435467952
,equal_burden,0.866285,ceers-full,45167,589713,214.91909251331646,52.87708127446637,551802,False,False,False,,27.987911527191933
published-or-labelled,equal_burden,0.86590683,ceers-full,13550,611283,215.00604920040317,52.874801027483,572252,False,False,False,0.0,27.569060194390293
published-or-labelled,equal_burden,0.86556685,primer-uds-south,56130,37010,34.28803704590327,-5.227716626364877,35353,True,True,False,,27.212889430784905
,equal_burden,0.8654582,gds-sw,59746,170789,53.06783609666918,-27.818500589793665,162702,False,False,False,,26.119200811389778
rule-selected,equal_burden,0.8653536,primer-cosmos-east,70933,426949,150.1742854414958,2.4297293531250626,397493,True,False,False,,23.455844389360532
,equal_burden,0.8650802,primer-uds-south,28485,80647,34.3683511956173,-5.272577767589432,76976,False,False,False,,26.535994135038948
,equal_burden,0.8650623,primer-uds-south,45016,110268,34.42974431901376,-5.2464425166026825,105417,False,False,False,,27.193264305076905
rule-selected,equal_burden,0.86471134,primer-uds-south,4232,41752,34.29634912070809,-5.315580630240632,39873,True,False,False,,25.17085080424263
,equal_burden,0.8646216,primer-uds-south,41160,77339,34.361247199365415,-5.25227640502917,73794,False,False,False,,27.126635676133542
,equal_burden,0.8641613,primer-cosmos-east,78224,428620,150.17651828811188,2.45991495497332,399084,False,False,False,,24.457706800587907
,equal_burden,0.8640811,primer-uds-south,52141,29281,34.2713525801,-5.234485688619888,27936,False,False,False,,26.186494493585897
rule-selected,equal_burden,0.8640499,gds-sw,18995,176285,53.076737401397835,-27.889940108432352,167769,True,False,False,,27.899002145172293
published-or-labelled,equal_burden,0.8636752,ceers-full,78941,581943,214.89188230093728,52.93387045977935,544484,True,False,False,0.0,23.91977409508347
,equal_burden,0.8636263,gdn,28945,483762,189.17261821378264,62.20187545869547,451913,False,False,False,,25.329300317788103
,equal_burden,0.8635002,gds-sw,32585,154334,53.02438134061544,-27.869558118698833,147605,False,False,False,,27.369521976605196
,equal_burden,0.86312383,primer-uds-north,61298,108706,34.42653752181112,-5.119519460404055,103914,False,False,False,,26.82820302707413
,equal_burden,0.86288846,primer-uds-north,67470,8979,34.223955268400296,-5.110655208632351,8481,False,False,False,,26.03530249635496
rule-selected,equal_burden,0.8627677,primer-cosmos-west,23068,301428,150.05549399289202,2.19371352670653,282593,True,False,False,,22.99795659445942
,equal_burden,0.8622841,primer-uds-south,26422,21562,34.252313984273584,-5.275878384242537,20513,False,False,False,,25.143110036787625
published-or-labelled,equal_burden,0.8621824,primer-uds-south,34650,19302,34.24697564800757,-5.2627280466098885,18338,False,True,False,,26.24053808435422
published-or-labelled,equal_burden,0.8619472,primer-cosmos-east,73798,419985,150.16501528057856,2.4415990509753116,390749,False,False,False,,26.792240668328617
,equal_burden,0.86167127,primer-uds-north,63402,84764,34.377347646577384,-5.116365855151826,80910,False,False,False,,26.770206963740044
,equal_burden,0.86114717,primer-uds-north,71708,27825,34.26793999397933,-5.1047999845471255,26530,False,False,False,,27.17533299140863
rule-selected,equal_burden,0.8604844,gdn,13202,502852,189.24314832144537,62.16987752386137,469887,True,False,False,,25.03914249145389
,equal_burden,0.8604111,primer-uds-north,40904,100175,34.40897794572533,-5.1484135349985385,95721,False,False,False,,22.64121281725277
,equal_burden,0.86024237,primer-uds-south,46059,146953,34.50847382666292,-5.24481415377844,140611,False,False,False,,26.826368980946405
,equal_burden,0.8596461,primer-cosmos-east,68929,418927,150.16365893536852,2.4206766472387926,389834,False,False,False,,27.21480751003534
,equal_burden,0.8586535,primer-uds-south,8790,25914,34.263405766062085,-5.3060807512983335,24694,False,False,False,,26.936468321798767
published-or-labelled,equal_burden,0.85864717,ceers-full,75214,587010,214.90911216689315,52.93721279377089,549215,True,False,False,0.0,24.764969461238024
published-or-labelled,equal_burden,0.8586011,ceers-full,70746,598056,214.950932349019,52.95704056516978,559720,False,False,False,0.0,26.24450680202225
,equal_burden,0.8585405,gdn,53486,507371,189.25626718626012,62.24783347099475,474080,False,False,False,,27.95932778444829
published-or-labelled,equal_burden,0.85844874,ceers-full,75356,590918,214.9239439777828,52.948390135876856,552960,False,False,True,,25.736531049713253
,equal_burden,0.8583617,gds,7107,227579,53.1583224470119,-27.86360895812245,215277,False,False,False,,27.69154774042527
,equal_burden,0.8578891,ceers-full,47120,586529,214.9074395307219,52.87344079094546,548820,False,False,False,,27.59853300953833
rule-selected,equal_burden,0.85763776,primer-cosmos-east,34238,407616,150.1506654213425,2.296889276206977,379072,True,False,False,,26.02750231846532
rule-selected,equal_burden,0.85758024,primer-cosmos-east,77368,376138,150.11895887472556,2.456194129057794,349232,True,False,False,,26.675055602342418
,equal_burden,0.8571241,gds-sw,55627,169415,53.06549919493514,-27.827430624786796,161417,False,False,False,,27.55120070892613
rule-selected,equal_burden,0.85711706,primer-uds-north,72302,6564,34.21817000923004,-5.103981501487752,6200,True,False,False,,27.616795795482815
,equal_burden,0.85693085,primer-uds-south,57860,31052,34.27556382322131,-5.224718747880394,29627,False,False,False,,26.95958445200305
published-or-labelled,equal_burden,0.85674727,gds,2393,182945,53.08682708840999,-27.87305218696879,173888,True,True,False,,22.91041123849204
rule-selected,equal_burden,0.8562947,gdn,46877,511560,189.2687989202507,62.23640661954555,478001,True,False,False,,26.97080115425369
rule-selected,equal_burden,0.85609883,primer-uds-north,78921,37263,34.28853180356064,-5.093909110893937,35592,True,False,False,,27.841641936464693
,equal_burden,0.856081,gdn,49190,547554,189.39106248976452,62.240350828747815,511866,False,False,False,,28.023430786467138
rule-selected,equal_burden,0.8560702,primer-cosmos-east,53554,438218,150.1907832536277,2.3642317522682577,408289,True,False,False,,26.530221300825712
,equal_burden,0.85591877,primer-cosmos-west,27543,336805,150.0867389312522,2.2059064951374703,314271,False,False,False,,26.257681760766125
rule-selected,equal_burden,0.855781,primer-uds-south,47284,29568,34.27195377657924,-5.242805070414485,28198,True,False,False,,27.364713884457824
,equal_burden,0.85574794,primer-cosmos-west,30460,300060,150.05391775162673,2.214068054978213,281381,False,False,False,,25.15586094306034
published-or-labelled,equal_burden,0.85572916,ceers-full,27840,607930,214.99130095065422,52.89004864296996,569099,False,False,False,0.0,27.143941437799715
,equal_burden,0.8556193,primer-cosmos-west,69888,326785,150.07920115457708,2.307656854982671,305432,False,False,False,,27.70032087771743
published-or-labelled,equal_burden,0.8555883,ceers-full,24581,624014,215.07505226354112,52.94382524515356,584278,True,False,True,,25.54700207597654
,equal_burden,0.8554058,primer-uds-north,12297,95453,34.39941159650273,-5.188669407061669,91192,False,False,False,,27.068708056262253
,equal_burden,0.8549663,primer-cosmos-east,78719,444566,150.2011626171037,2.4601381917347087,414368,False,False,False,,23.624664856622175
published-or-labelled,equal_burden,0.85409665,primer-uds-north,56444,144625,34.50310033190201,-5.126617601848766,138412,True,False,False,0.0,22.75246777013785
published-or-labelled,equal_burden,0.8540726,gds-sw,33126,164556,53.055677884940586,-27.868809911132633,156889,False,False,False,0.0,26.177212703745848
,equal_burden,0.85390913,primer-uds-south,66042,132311,34.478425705736555,-5.209484992685665,126572,False,False,False,,26.072661196392072
published-or-labelled,equal_burden,0.85373414,ceers-full,50817,586603,214.9077487596455,52.882493265698486,548893,True,False,True,0.0,27.17079919527078
,equal_burden,0.8534314,primer-cosmos-west,97573,345241,150.09324099749662,2.4131761747039984,321726,False,False,False,,27.108050501070373
,equal_burden,0.8532703,primer-uds-north,5990,136418,34.48677981674002,-5.2002563429766395,130524,False,False,False,,24.30596795101656
,equal_burden,0.85321975,ceers-full,33515,574712,214.86525064686498,52.81084245801811,537626,False,False,False,,24.506676800968066
published-or-labelled,equal_burden,0.8529868,gds-sw,12512,188798,53.09626015032038,-27.90114027090122,179301,True,True,False,,27.8171367666681
rule-selected,equal_burden,0.8524519,gdn,58955,501345,189.23840803501835,62.25757284933018,468481,True,False,False,,27.65115374734308
rule-selected,equal_burden,0.85203683,gds-sw,25891,217202,53.144849324041814,-27.879622018238788,205729,True,False,False,,27.450427117288733
,equal_burden,0.8517917,gds-sw,52750,199562,53.11542021989406,-27.833471040560188,189384,False,False,False,,27.686574128394003
published-or-labelled,equal_burden,0.85163987,gds-sw,68397,210982,53.13600396299477,-27.79848958696168,199929,False,False,False,0.0,27.010883296550208
,equal_burden,0.8515478,primer-uds-north,14504,90268,34.38884504918448,-5.184929499748773,86140,False,False,False,,27.134604766298185
,equal_burden,0.8513685,primer-uds-north,16055,67671,34.341392077540704,-5.182454770770118,64540,False,False,False,,24.455338109472493
published-or-labelled,equal_burden,0.85121524,primer-uds-north,17791,146779,34.50805773666416,-5.1800838443476875,140442,True,True,False,,23.518245148824587
,equal_burden,0.8510552,primer-uds-north,29905,31367,34.27636585438735,-5.163541621540245,29931,False,False,False,,26.275039375128944
published-or-labelled,equal_burden,0.8510315,primer-uds-south,33660,133770,34.481282779039134,-5.264329987905473,127980,False,False,False,0.0,26.553490984186634
rule-selected,equal_burden,0.85095483,primer-uds-south,70122,64832,34.335858941187865,-5.201449843839403,61823,True,False,False,,26.9383164885728
published-or-labelled,equal_burden,0.8509281,ceers-full,16851,596051,214.9438366002935,52.83581550885024,557829,True,False,False,0.0,24.16205200709573
,equal_burden,0.85092264,primer-uds-south,50455,36291,34.286638364564084,-5.237982362596159,34668,False,False,False,,20.442140788691404
,equal_burden,0.85090476,primer-uds-north,45236,147109,34.508924807312944,-5.142163644796491,140759,False,False,False,,27.330984927373894
published-or-labelled,equal_burden,0.85078484,gds-sw,48395,159640,53.042077465192655,-27.84262971544884,152404,False,False,False,0.0,24.27072445139343
,equal_burden,0.8506121,primer-uds-north,21274,109110,34.42739668390945,-5.174931045946512,104299,False,False,False,,26.356106051233013
published-or-labelled,equal_burden,0.8506064,primer-cosmos-west,92297,388821,150.13155639387463,2.3903197641165046,361292,False,False,False,0.0,27.153878393899088
,equal_burden,0.85039294,primer-uds-north,43867,113361,34.43661979841002,-5.144257379659065,108381,False,False,False,,23.662630753804272
,equal_burden,0.84952193,ceers-full,47720,562449,214.81152548810937,52.805272967612886,525983,False,False,False,,24.893102115378372
,equal_burden,0.8495037,ceers-full,24450,623086,215.06632316506528,52.937385155472526,583388,False,False,False,,26.655259158279637
,equal_burden,0.84918034,primer-uds-north,13993,150623,34.5224099921846,-5.185734137066644,144113,False,False,False,,26.5603225416479
,equal_burden,0.84910566,primer-uds-south,35054,43536,34.299339568282946,-5.262004577169251,41572,False,False,False,,27.087189139893763
published-or-labelled,equal_burden,0.8487982,ceers-full,30292,627029,215.1100884655556,52.97968930422149,587149,True,False,False,0.0,27.558370108483906
rule-selected,equal_burden,0.8484799,primer-cosmos-west,102677,361345,150.10573269800832,2.434822811509273,336001,True,False,False,,23.488671075848153
rule-selected,equal_burden,0.8484586,ceers-full,80247,599410,214.95572461144513,52.9834260324915,561006,True,False,False,,27.397020681962303
rule-selected,equal_burden,0.8474139,primer-cosmos-east,31795,371249,150.11437676327066,2.2891917216716005,344884,True,False,False,,28.004932890488035
,equal_burden,0.84738433,gdn,89389,510394,189.2653277930593,62.32240255147013,476912,False,False,False,,26.91402546314238
published-or-labelled,equal_burden,0.8471652,primer-cosmos-east,45971,413110,150.15680720986782,2.3368389566229757,384290,False,False,False,0.0,26.92090746640998
rule-selected,equal_burden,0.84682953,primer-cosmos-west,77887,355120,150.1006393952628,2.3348315339752057,330462,True,False,False,,24.31184863591056
,equal_burden,0.84674865,gdn,25444,487041,189.18732745215493,62.19548749991124,455019,False,False,False,,26.876139047977063
rule-selected,equal_burden,0.8466803,primer-cosmos-west,9384,294949,150.0478584795806,2.158426998680977,277070,True,False,False,,24.49874543971246
,equal_burden,0.8464923,primer-uds-south,64726,137719,34.4893495350944,-5.212138375727075,131773,False,False,False,,26.559656665907582
rule-selected,equal_burden,0.84642667,gdn,65161,462468,189.04091130205413,62.26930166719726,431617,True,False,False,,25.71129484741033
rule-selected,equal_burden,0.84602064,primer-uds-south,33719,26309,34.264386774587095,-5.2643060562400015,25074,True,False,False,,22.9374749407116
rule-selected,equal_burden,0.84590226,primer-uds-south,47799,39130,34.29175716612105,-5.241967297964704,37372,True,False,False,,27.15830804902255
published-or-labelled,equal_burden,0.84580964,ceers-full,64455,580166,214.8858190704756,52.895817761504865,542791,False,False,False,0.0,27.233549689359595
,equal_burden,0.84577554,primer-cosmos-west,24849,324704,150.07754742223656,2.198490187428032,303597,False,False,False,,26.928305066911104
,high_recall,0.84555066,ceers-full,68441,610228,215.00152848413362,52.98798202196763,571276,False,False,False,,25.04847316786692
,high_recall,0.8455385,ceers-full,8304,561978,214.80895355944347,52.72311597562727,525541,False,False,False,,27.143356689575235
published-or-labelled,high_recall,0.84542465,primer-uds-north,44424,65592,34.33731825281333,-5.143669512675206,62549,False,False,False,0.0,21.11798269892062
published-or-labelled,high_recall,0.8449325,primer-uds-north,70327,84788,34.37738836612688,-5.106742879208021,80933,True,False,False,0.0,25.000160477939055
,high_recall,0.8447979,primer-cosmos-west,3850,293953,150.0466926932559,2.1496197333712286,276270,False,False,False,,25.745208380441838
,high_recall,0.8447433,primer-cosmos-east,42315,406481,150.14949252352588,2.3232354792410863,378005,False,False,False,,27.107277115046344
,high_recall,0.8446325,primer-uds-north,63152,100655,34.40997351145677,-5.116728618726958,96189,False,False,False,,27.36507013856006
,high_recall,0.844272,primer-cosmos-west,75903,364823,150.108708985642,2.3271391766098946,339126,False,False,False,,26.964700489523562
rule-selected,high_recall,0.84393674,primer-uds-south,2703,148479,34.5132215410949,-5.319188599587272,142076,True,False,False,,22.42338359490708
rule-selected,high_recall,0.84357864,primer-uds-north,34853,83917,34.375570225758956,-5.156421641855842,80106,True,False,False,,27.431519255902625
,high_recall,0.84269726,gds,23872,194114,53.105475460924616,-27.830681026935462,184277,False,False,False,,24.558061927613487
,high_recall,0.8422069,primer-uds-south,11154,22889,34.255710034758366,-5.30176818933578,21791,False,False,False,,23.72229329362206
,high_recall,0.84217995,primer-uds-south,27498,130924,34.4755978232013,-5.27409230932724,125240,False,False,False,,27.380125179442047
rule-selected,high_recall,0.8419386,gds-sw,64693,189226,53.09700975327528,-27.80710485435398,179703,True,False,False,,26.705473362644813
,high_recall,0.8419163,primer-uds-north,15924,117990,34.447246352615565,-5.182520483557024,112832,False,False,False,,26.91613084271919
published-or-labelled,high_recall,0.84173185,primer-uds-north,51027,96848,34.40225795269833,-5.1339038172159865,92541,False,False,False,0.0,26.6091461334958
published-or-labelled,high_recall,0.84154356,primer-uds-north,29903,31317,34.27622702822528,-5.163441526254621,29839,True,False,False,,26.097749293565627
,high_recall,0.84148186,primer-uds-north,15134,130423,34.474630026152774,-5.184105130960076,124703,False,False,False,,23.743674775343678
published-or-labelled,high_recall,0.8414538,gds,9599,182718,53.08649036413171,-27.85919180437292,173678,False,False,False,0.0,26.768573313136613
published-or-labelled,high_recall,0.84121644,gds,54191,244733,53.18354510509243,-27.770147875565804,231204,True,True,False,,26.590523662324113
rule-selected,high_recall,0.84093153,primer-cosmos-west,17505,304731,150.05930145834702,2.1742241933741973,285546,True,False,False,,27.937289520796053
,high_recall,0.8408841,ceers-full,19143,560103,214.79984962546612,52.736373819013856,523746,False,False,False,,27.562554932144444
,high_recall,0.8399839,primer-uds-south,42665,78937,34.36466399982163,-5.250232712616294,75327,False,False,False,,22.94967031865784
published-or-labelled,high_recall,0.8399268,primer-uds-south,11440,61676,34.32987529053261,-5.301205812951435,58809,True,False,False,0.0,24.89165963755787
,high_recall,0.8399035,primer-uds-north,64804,10641,34.22780128465171,-5.114379067903287,10062,False,False,False,,26.9470429324447
,high_recall,0.8394708,ceers-full,24535,586576,214.90763087368956,52.823453895838085,548867,False,False,False,,23.68064936239503
,high_recall,0.8394672,primer-uds-north,76839,3334,34.20841834138429,-5.097992309256081,3144,False,False,False,,27.458612610861245
,high_recall,0.83944374,primer-cosmos-west,98668,390443,150.13316513216267,2.416921779444869,362808,False,False,False,,23.09271015705879
rule-selected,high_recall,0.839235,primer-uds-north,12492,110852,34.431025236249965,-5.188310132249797,105977,True,False,False,,27.207568113232618
,high_recall,0.8390044,primer-uds-north,63481,100643,34.40995038041208,-5.116242402503444,96177,False,False,False,,27.42204411998707
rule-selected,high_recall,0.8389824,gdn,22514,522663,189.3037032864593,62.189584023104665,488399,True,False,False,,27.921390525887958
,high_recall,0.83892983,gds,23499,226057,53.15632429905605,-27.831281994233755,213884,False,False,False,,27.57982760314898
,high_recall,0.838836,primer-uds-north,30126,11208,34.229102317693744,-5.163049805660973,10596,False,False,False,,26.27223787851039
published-or-labelled,high_recall,0.8387968,gds-sw,17875,164642,53.05589895535447,-27.89164752933993,156968,False,True,False,,28.03527048942575
,high_recall,0.8385314,primer-uds-south,48570,132602,34.47899650785784,-5.240725201515203,126854,False,False,False,,26.337418018278854
rule-selected,high_recall,0.8382179,primer-uds-south,32884,118633,34.44877736643493,-5.2655057667388485,113456,True,False,False,,27.32199584697112
,high_recall,0.8377821,primer-cosmos-east,53669,423714,150.16981547231984,2.3646755874611305,394401,False,False,False,,27.13409478426765
published-or-labelled,high_recall,0.83762294,primer-uds-north,64378,91624,34.39171538112578,-5.1150133297272955,87502,False,False,False,0.0,25.915995501506394
rule-selected,high_recall,0.83740485,primer-uds-north,40036,111026,34.431397790896476,-5.14949340408396,106140,True,False,False,,25.794242985069808
,high_recall,0.8370122,primer-cosmos-east,41091,394258,150.1370571745069,2.3189690515136205,366423,False,False,False,,26.925642046988152
rule-selected,high_recall,0.83604604,primer-uds-south,31391,34770,34.28377910078182,-5.267884505811295,33219,True,False,False,,27.158346994163146
,high_recall,0.83594126,primer-uds-north,52224,117648,34.44643496512687,-5.132154319310357,112504,False,False,False,,27.199838876179996
published-or-labelled,high_recall,0.83570755,gds-sw,50940,159273,53.041055424372495,-27.83771780943026,152069,True,False,False,0.0,22.984664154316008
,high_recall,0.83556837,primer-uds-north,8431,139515,34.49286083030352,-5.195756322303313,133494,False,False,False,,23.996754106652354
published-or-labelled,high_recall,0.83551115,primer-cosmos-west,65299,317568,150.07196386649878,2.2972648013982706,297289,False,True,False,1.0,25.19919192608636
,high_recall,0.8353826,primer-uds-south,63593,96917,34.40238604145977,-5.214426473811517,92605,False,False,False,,23.594900597343447
,high_recall,0.8353277,primer-cosmos-east,40369,434708,150.18528070686241,2.316359509709243,404916,False,False,False,,26.69931132334724
rule-selected,high_recall,0.8352236,gds,13135,205900,53.12647838940168,-27.852667863261008,195260,True,False,False,,27.912130663109295
,high_recall,0.8351162,primer-uds-north,70313,129812,34.47335066020836,-5.106699476343777,124176,False,False,False,,27.118606446210034
,high_recall,0.83509517,gdn,87771,548475,189.394838807454,62.31681494660796,512731,False,False,False,,23.704869184171635
,high_recall,0.8350724,primer-uds-south,30218,25129,34.26164728355698,-5.270053167526197,23909,False,False,False,,25.695340526527055
,high_recall,0.83502877,ceers-full,13549,615627,215.02374805084136,52.8875385990041,576363,False,False,False,,27.196115436645943
,high_recall,0.83481383,primer-cosmos-east,83110,406112,150.1490919757463,2.4827183310201986,377645,False,False,False,,23.898354021832834
,high_recall,0.83424395,primer-cosmos-west,98421,334623,150.08500964729802,2.416588268823441,312360,False,False,False,,26.62736018616233
published-or-labelled,high_recall,0.83419263,primer-uds-north,79413,3938,34.21047694195797,-5.093208225991601,3717,False,False,False,0.0,24.756740950005135
,high_recall,0.8339769,primer-uds-north,35246,98345,34.40523022654934,-5.156072223431979,93966,False,False,False,,22.658446161647117
,high_recall,0.8337629,gds-sw,32529,160369,53.04427593272625,-27.86967584294574,153070,False,False,False,,27.044383183010584
,high_recall,0.8331934,gdn,11557,524963,189.31056399205983,62.16629596214334,490572,False,False,False,,26.521123806590072
,high_recall,0.8329425,primer-cosmos-east,39753,401149,150.14396711225257,2.31416502947208,372957,False,False,False,,26.824053003233427
,high_recall,0.8328932,gds,52273,252329,53.20632662177949,-27.775726541188305,238310,False,False,False,,24.363309609590736
,high_recall,0.83284986,primer-uds-south,41699,148102,34.511973537271025,-5.251536273383272,141712,False,False,False,,23.745306240868434
,high_recall,0.8327474,primer-uds-north,32375,101042,34.41070765995882,-5.159882289495752,96528,False,False,False,,25.35786245237559
rule-selected,high_recall,0.8327162,primer-uds-south,8040,45387,34.302358582369585,-5.307640815904736,43334,True,False,False,,24.215283760352595
,high_recall,0.8324874,primer-uds-north,31647,61433,34.329400776039996,-5.16084084085471,58573,False,False,False,,27.202267944529027
,high_recall,0.83244574,primer-cosmos-west,31570,318012,150.07232835073816,2.217735949269579,297687,False,False,False,,26.710233118610528
,high_recall,0.8321495,gds,5299,231357,53.1633124613976,-27.867059813108394,218751,False,False,False,,27.19690698071195
rule-selected,high_recall,0.83186066,ceers-full,47040,550908,214.7230124246472,52.739762140216214,515038,True,False,False,,23.438293150701202
,high_recall,0.8316456,primer-uds-north,49412,59711,34.326335320212905,-5.136150976254952,56935,False,False,False,,27.972916859171434
published-or-labelled,high_recall,0.83150625,ceers-full,10855,618527,215.03706547342054,52.89190476660595,579088,True,False,False,0.0,24.61535478093639
published-or-labelled,high_recall,0.8313496,gdn,27348,519153,189.29322467412425,62.19900029201744,485064,False,True,False,1.0,26.472568581337804
,high_recall,0.831317,primer-uds-south,14564,150651,34.522541079537696,-5.295860648617171,144138,False,False,False,,26.797187078221555
published-or-labelled,high_recall,0.83128554,gdn,82544,480569,189.15779854357697,62.302344455746685,448900,False,False,False,,25.34749028712086
,high_recall,0.8310743,ceers-full,61432,590530,214.92249136308413,52.915324414011586,552590,False,False,False,,25.223596925582182
,high_recall,0.8305703,gds-sw,61346,174247,53.073521909703324,-27.81486676301623,165892,False,False,False,,26.6762226490262
,high_recall,0.8305583,ceers-full,23245,617492,215.03209342043766,52.910759134372455,578120,False,False,False,,24.98261623834344
,high_recall,0.8304436,primer-uds-north,81683,107774,34.42458944368483,-5.089205467555474,103015,False,False,False,,25.701390856495696
published-or-labelled,high_recall,0.83021945,ceers-full,51045,575904,214.86965470949053,52.85561016269081,538752,False,True,False,1.0,26.41966027667957
,high_recall,0.83020145,primer-uds-north,38882,143885,34.501489253407804,-5.151184778599978,137700,False,False,False,,23.562146556338853
,high_recall,0.82993186,ceers-full,36382,555239,214.77137988908498,52.74975007537044,519142,False,False,False,,23.835748797367106
,high_recall,0.8298129,primer-cosmos-east,72337,438584,150.19136465750114,2.4355153734337995,408638,False,False,False,,27.749629628296997
,high_recall,0.8297997,primer-uds-south,25631,90106,34.38848736140131,-5.277077890603744,86038,False,False,False,,26.434193414723566
published-or-labelled,high_recall,0.8297073,primer-uds-south,37362,63016,34.33242925162568,-5.258098654942638,60094,True,True,False,,25.84818809655797
,high_recall,0.8291717,ceers-full,75589,599494,214.95602940349755,52.97191850167897,561078,False,False,False,,27.20520835533977
,high_recall,0.82890666,ceers-full,46541,568679,214.83994865135722,52.82325244490566,531861,False,False,False,,25.879180442956418
,high_recall,0.82882845,primer-uds-north,34986,88442,34.38505620809159,-5.156394024917764,84443,False,False,False,,23.33656356992615
,high_recall,0.82864714,primer-cosmos-west,98425,370595,150.1138609130713,2.416712698866108,344312,False,False,False,,27.114153180071924
rule-selected,high_recall,0.82820374,gds-sw,15710,157486,53.035979531725516,-27.895346734891014,150454,True,False,False,,28.020086022141864
rule-selected,high_recall,0.82770234,gds,9199,214939,53.14181316131534,-27.859863944636142,203645,True,False,False,,27.829707737601886
published-or-labelled,high_recall,0.8276259,ceers-full,57093,607647,214.98996898271503,52.956014069850255,568828,False,False,False,0.0,27.362609789415462
rule-selected,high_recall,0.82751805,primer-cosmos-west,34250,327430,150.07970526916048,2.227344307364027,306000,True,False,False,,24.059821106202328
,high_recall,0.8273096,gdn,74939,481603,189.16280234823483,62.28754959953967,449879,False,False,False,,27.145125336376566
,high_recall,0.8272493,primer-cosmos-west,45946,389009,150.1317479400334,2.2539259270192953,361464,False,False,False,,27.20450170560404
rule-selected,high_recall,0.82724077,gds-sw,13880,156652,53.03334133330567,-27.898615017404854,149646,True,False,False,,27.35330688940343
,high_recall,0.826994,gdn,9919,524198,189.3083904208606,62.16259412438594,489853,False,False,False,,27.215508517173276
published-or-labelled,high_recall,0.82680553,primer-uds-south,38479,27181,34.26643793326514,-5.256396085813727,25907,False,True,True,1.0,26.79233690879052
,high_recall,0.82643944,primer-cosmos-east,17565,431143,150.18000889763712,2.2312702163129856,401503,False,False,False,,21.027286033449144
rule-selected,high_recall,0.82628614,ceers-full,3831,621382,215.0537361061507,52.889000805356545,581769,True,False,False,,27.78629452453498
published-or-labelled,high_recall,0.82594925,gdn,54665,506785,189.25446515082064,62.24925914343617,473506,False,True,False,1.0,24.698359097838637
,high_recall,0.8258125,primer-uds-north,57638,119321,34.450146143004595,-5.124821004978901,114119,False,False,False,,26.60912511777686
,high_recall,0.82520103,primer-uds-south,45942,136835,34.48759400831077,-5.245022860365235,130914,False,False,False,,27.443492255954673
,high_recall,0.8250853,primer-cosmos-east,30593,433829,150.18398825256216,2.2848960936071183,404076,False,False,False,,26.392668479730936
,high_recall,0.8249357,gdn,46603,477025,189.1389861036817,62.23579143870229,445533,False,False,False,,25.364836792258387
,high_recall,0.82465696,primer-uds-south,70527,120496,34.452751966233734,-5.201877650027051,115258,False,False,False,,23.832912730833648
,high_recall,0.82465005,primer-uds-south,57843,29620,34.27209841616537,-5.224841555488799,28249,False,False,False,,24.146731082900267
published-or-labelled,high_recall,0.8244454,primer-cosmos-east,9586,398905,150.14176418625283,2.193840094536243,370827,False,False,False,0.0,25.60758986783687
published-or-labelled,high_recall,0.8239692,primer-uds-south,46076,33987,34.28226924829121,-5.244870203381268,32463,False,False,False,0.0,23.393621008915684
,high_recall,0.82384837,primer-uds-south,13319,138415,34.490775092781675,-5.2979732650854405,132443,False,False,False,,27.061644028024762
published-or-labelled,high_recall,0.82381153,gds-sw,55170,194732,53.10664504733359,-27.828340661083246,184841,False,False,False,0.0,26.837200256559328
,high_recall,0.8236442,ceers-full,10632,619102,215.040138009863,52.893873669233805,579627,False,False,False,,27.6852679174387
,high_recall,0.8236229,primer-cosmos-east,6647,401200,150.14401862218836,2.177239170102785,373004,False,False,False,,25.150960619417496
,high_recall,0.82262146,primer-cosmos-east,78225,428725,150.17665886574906,2.4599517782087204,399185,False,False,False,,25.176968818086934
,high_recall,0.8226199,primer-uds-south,36471,28371,34.269184732660975,-5.259619186174368,27058,False,False,False,,27.187272490061446
,high_recall,0.82257235,primer-cosmos-west,67379,306584,150.0615225969502,2.3026526098666342,287375,False,False,False,,24.807465264892834
,high_recall,0.8225459,primer-cosmos-east,8218,397410,150.14021591063263,2.1864634574466115,369401,False,False,False,,26.190964819498546
,high_recall,0.82251966,primer-uds-south,51997,83534,34.37475138929169,-5.23485934487428,79742,False,False,False,,25.263547985078606
,high_recall,0.8223077,gds,4728,212190,53.13802963120266,-27.868293795581845,201116,False,False,False,,23.24441587699987
published-or-labelled,high_recall,0.8222264,primer-uds-north,56576,6341,34.21765875158523,-5.12654959210229,5989,False,False,False,0.0,23.511279051199164
,high_recall,0.822213,ceers-full,54926,585816,214.90500437339557,52.89038975108365,548141,False,False,False,,23.74272981534822
,high_recall,0.82214653,ceers-full,51389,595263,214.9408549222676,52.90770523543018,557085,False,False,False,,27.784202208624063
,high_recall,0.8220626,gds-sw,24052,154103,53.02338999313753,-27.882406984967673,147385,False,False,False,,27.30169672895959
published-or-labelled,high_recall,0.8218859,primer-uds-south,34616,121197,34.45432873621742,-5.262759243814225,115936,False,True,False,,27.030501135351344
published-or-labelled,high_recall,0.82179874,ceers-full,10854,618553,215.03721164271238,52.89182894029587,579088,False,False,False,,24.99276068573002
,high_recall,0.82173264,primer-cosmos-west,52574,336800,150.08673148577577,2.266988563624693,314266,False,False,False,,26.341581792723563
,high_recall,0.82090425,gdn,11860,488368,189.1931313846768,62.167183545304106,456290,False,False,False,,27.760160377664924
rule-selected,high_recall,0.8208598,gdn,39380,469680,189.09325999809883,62.223328309433214,438521,True,False,False,,27.42800826374951
,high_recall,0.820564,gds,30649,164396,53.05524464184848,-27.817174942568546,156742,False,False,False,,27.492872204063477
,high_recall,0.8204046,primer-uds-north,77228,78262,34.363192454988365,-5.096644361438184,74682,False,False,False,,26.16006249465904
rule-selected,high_recall,0.8201099,gds,909,227453,53.15816172657584,-27.8757429280746,215161,True,False,False,,27.310384993251734
published-or-labelled,high_recall,0.820067,gds,62554,248244,53.192118516701655,-27.752516638792436,234495,True,True,False,,26.192782629197453
,high_recall,0.81971854,primer-cosmos-west,41719,333070,150.08381436247015,2.245916170067483,310838,False,False,False,,27.041731917524253
,high_recall,0.81940466,primer-uds-north,39055,55742,34.319426441198445,-5.150907482185287,53171,False,False,False,,24.350496284071045
rule-selected,high_recall,0.8191617,gdn,2853,508177,189.2586150863552,62.14318533972023,474840,True,False,False,,27.671567207066087
published-or-labelled,high_recall,0.8189966,primer-uds-south,50383,19903,34.248348984682224,-5.237646262361622,18919,False,False,False,0.0,23.705957347536014
,high_recall,0.8185149,primer-cosmos-east,6477,395844,150.13865985856987,2.1762092457737094,367932,False,False,False,,25.55200290919438
,high_recall,0.8176637,primer-uds-north,68027,34075,34.282437568697105,-5.109843591803678,32549,False,False,False,,27.49503521580102
rule-selected,high_recall,0.817425,gdn,53149,487790,189.19044898220181,62.24683454943812,455730,True,False,False,,22.44257690440751
rule-selected,high_recall,0.81693786,primer-cosmos-east,18502,402022,150.14487380688922,2.235939540539896,373773,True,False,False,,27.154457258420837
rule-selected,high_recall,0.81679726,primer-uds-south,9344,130257,34.474279136884306,-5.305047009234058,124605,True,False,False,,27.387861879611616
,high_recall,0.8167851,primer-cosmos-east,40288,413434,150.1571670324414,2.3160092367370595,384598,False,False,False,,26.955240868311527
,high_recall,0.81659,ceers-full,8834,617359,215.0314659366591,52.88439183810661,577994,False,False,False,,27.866192481182967
published-or-labelled,high_recall,0.8165562,gds,1026,175104,53.07486760151162,-27.8759001025789,166688,False,False,False,0.0,23.468107333583117
,high_recall,0.81649256,primer-uds-south,76117,23684,34.25801171597059,-5.190858764157961,22556,False,False,False,,26.211094917092357
,high_recall,0.8156382,primer-cosmos-west,70496,310002,150.06520993904206,2.3090494364114997,290538,False,False,False,,27.225291308296146
rule-selected,high_recall,0.8151553,primer-uds-south,15803,131543,34.47679886298039,-5.2941888023791135,125836,True,False,False,,22.45933196215245
published-or-labelled,high_recall,0.81503457,ceers-full,51971,588337,214.9140411855353,52.88983160466325,550512,True,True,False,,27.903655305583797
rule-selected,high_recall,0.8148315,primer-uds-south,26617,44981,34.30171511684445,-5.275506361282617,42945,True,False,False,,27.802397271774357
,high_recall,0.8144349,gds-sw,32738,153698,53.021417979008255,-27.869308716517622,147017,False,False,False,,26.77115764216204
,high_recall,0.81431913,primer-uds-south,10472,150764,34.523172471703056,-5.303041767600906,144247,False,False,False,,23.172110789922062
published-or-labelled,high_recall,0.8140307,primer-cosmos-east,22883,380822,150.1235306663264,2.254834546490799,353715,False,True,False,,26.90472751874531
,high_recall,0.8138103,primer-cosmos-east,66949,423681,150.16985095014036,2.4135603031484143,394431,False,False,False,,24.14160316724892
rule-selected,high_recall,0.8129771,gds-sw,18590,213008,53.139275884331006,-27.89070941231038,201879,True,False,False,,22.248955956836944
,high_recall,0.81230754,primer-uds-south,64267,53915,34.316357925151344,-5.213130805888844,51428,False,False,False,,23.585185381806806
published-or-labelled,high_recall,0.8120665,primer-cosmos-west,56264,309737,150.0649285150188,2.278060645743835,290294,False,False,False,1.0,28.02316851448717
published-or-labelled,high_recall,0.81191933,primer-uds-north,55916,54348,34.317030795522385,-5.127611446433986,51840,False,False,False,0.0,23.274211387258468
,high_recall,0.81147504,primer-uds-north,63073,84776,34.37736753918968,-5.116851405178471,80865,False,False,False,,27.03525024157194
,high_recall,0.81007725,primer-cosmos-west,77779,302229,150.05644902662738,2.334482181027208,283329,False,False,False,,27.005602388349
published-or-labelled,high_recall,0.81007284,primer-cosmos-east,29285,428110,150.17582173637828,2.280242925867422,398589,True,True,False,,26.725935433868056
,high_recall,0.8099377,primer-uds-south,9377,150990,34.52466593764368,-5.304960200002347,144462,False,False,False,,26.75961879960757
,high_recall,0.8098092,ceers-full,21806,619004,215.03965466641856,52.91372951930191,579537,False,False,False,,26.33605570974627
duplicate-sky-group,high_recall,0.80954,primer-uds-south,20510,58116,34.32359333584928,-5.285958619350838,55339,False,False,False,,26.213398893689483
,high_recall,0.8093815,primer-uds-south,47912,84031,34.37579850417066,-5.241848328321067,80214,False,False,False,,24.282583989625717
published-or-labelled,high_recall,0.80934024,ceers-full,27030,617328,215.03129722787205,52.91710531927551,577963,False,False,False,0.0,24.04827830374406
,high_recall,0.8092388,primer-uds-south,3941,74083,34.354499380590255,-5.31638699856767,70672,False,False,False,,20.467567424094916
,high_recall,0.80894965,primer-uds-south,21864,35087,34.284434370000085,-5.283591486530724,33525,False,False,False,,26.843106469818906
,high_recall,0.80889106,gdn,89231,506960,189.2549616657954,62.321870382767614,473695,False,False,False,,26.493640315090424
,high_recall,0.8082742,primer-uds-north,80263,86542,34.38107651915951,-5.091734579872419,82627,False,False,False,,22.61032083192876
,high_recall,0.80822885,primer-uds-north,59600,128086,34.46960875285546,-5.121983478805649,122517,False,False,False,,27.352139959862743
,high_recall,0.8081698,primer-cosmos-east,84746,409125,150.1522763962271,2.49136560198877,380505,False,False,False,,27.764408156061062
,high_recall,0.8078856,primer-uds-north,39226,147401,34.509754909243,-5.150523260339728,141039,False,False,False,,27.545241217024007
,high_recall,0.80781233,primer-cosmos-east,79981,383132,150.1258573438639,2.4681599874876823,355794,False,False,False,,25.732573363481393
,high_recall,0.80780274,primer-cosmos-east,42977,408562,150.15162212724675,2.325441803932048,379968,False,False,False,,26.59281608814362
,high_recall,0.8075585,primer-cosmos-east,28764,427834,150.175423383411,2.2780870023000963,398330,False,False,False,,27.096320046216345
published-or-labelled,high_recall,0.8068779,primer-uds-north,80345,3749,34.20983895841481,-5.091602454891138,3539,False,False,False,0.0,23.251852920549368
,high_recall,0.806864,primer-uds-north,46886,35305,34.28483269607543,-5.140828725442354,33733,False,False,False,,21.731515618889834
,high_recall,0.8067453,primer-uds-south,19486,141644,34.49700523563342,-5.287915917232205,135548,False,False,False,,23.834129881373606
,high_recall,0.80626357,primer-uds-north,61931,126676,34.466512257863535,-5.118608634006504,121168,False,False,False,,27.161750408709796
,high_recall,0.80613357,primer-uds-north,83933,84965,34.377767528382876,-5.0849946092022735,81106,False,False,False,,25.54956670135986
,high_recall,0.80549854,primer-cosmos-west,58799,308817,150.06389133261777,2.2842198948246697,289435,False,False,False,,25.93258711536821
published-or-labelled,high_recall,0.8053202,ceers-full,10826,618169,215.03539009536678,52.89067204582881,578751,True,False,False,0.0,24.024406645470723
,high_recall,0.8048785,primer-cosmos-west,23816,378349,150.1210672900178,2.1959537788885513,351411,False,False,False,,26.29408020666955
,high_recall,0.80469406,primer-cosmos-west,19500,326862,150.07924982105416,2.182294683832262,305495,False,False,False,,25.290110686282308
,high_recall,0.80453014,ceers-full,3524,620558,215.04819262202471,52.884053014988936,580988,False,False,False,,27.981785918729997
,high_recall,0.80424964,primer-uds-north,49568,103612,34.41600568945183,-5.1359235261867955,99026,False,False,False,,27.61745445860014
published-or-labelled,high_recall,0.8042192,ceers-full,62961,571029,214.85057146215405,52.86602964147236,534144,False,False,True,0.0,22.74463051715626
,high_recall,0.80421853,gdn,8721,530857,189.32927616129697,62.15963713230397,496126,False,False,False,,23.77211683815315
published-or-labelled,high_recall,0.803866,gdn,47918,495453,189.2193921054623,62.238236962453364,462940,False,False,False,0.0,26.655912420832784
,high_recall,0.80336636,primer-uds-north,66675,40620,34.294317186468675,-5.11195693601894,38788,False,False,False,,22.799059442162886
,high_recall,0.8033123,ceers-full,29152,619447,215.04197799449105,52.92874221055286,579946,False,False,False,,27.043333633887194
,high_recall,0.803227,primer-cosmos-west,48315,360114,150.10468172471266,2.2582141594857,334884,False,False,False,,27.18015783160063
published-or-labelled,high_recall,0.8031132,ceers-full,80487,574329,214.86395069357604,52.918152252269145,537264,False,True,False,,27.756329659749483
published-or-labelled,high_recall,0.80305785,gdn,24477,519713,189.2950492072972,62.19357202725233,485632,False,True,False,1.0,25.005387223844014
published-or-labelled,high_recall,0.8026677,primer-cosmos-east,33311,386431,150.12919784358888,2.2941892136554305,359033,True,True,False,,27.16853496345133
,high_recall,0.8024265,ceers-full,33760,610168,215.001268409449,52.90942982295006,571219,False,False,False,,27.929481757425904
published-or-labelled,high_recall,0.80200076,ceers-full,25272,623964,215.07458774136398,52.94465025447146,584230,False,False,False,0.0,25.384247895992537
,high_recall,0.8015229,primer-uds-north,48423,117603,34.446345737041995,-5.137747004918753,112463,False,False,False,,24.676915706038578
published-or-labelled,high_recall,0.80142194,primer-cosmos-west,101076,369810,150.11319712775986,2.428098970991499,343599,False,False,False,,25.680715646331073
,high_recall,0.80095613,primer-uds-south,73683,147236,34.509242827396434,-5.195107452880459,140883,False,False,False,,26.79630847593142
,high_recall,0.8009376,primer-uds-south,64652,96814,34.40219829402514,-5.212311301840913,92508,False,False,False,,25.410724171886233
,high_recall,0.8008974,primer-cosmos-east,27610,423647,150.1697315447605,2.2733405174134695,394338,False,False,False,,25.1663804710769
,high_recall,0.80067414,primer-cosmos-west,70866,306513,150.06141885790203,2.3100333703923877,287311,False,False,False,,26.023044799255366
,high_recall,0.8006549,gdn,54791,503282,189.24453700037716,62.24977834057295,470299,False,False,False,,21.971101640827186
,high_recall,0.80052066,gds,49587,252905,53.20988547645679,-27.779278577582666,238863,False,False,False,,26.890803760373757
,high_recall,0.79992694,primer-cosmos-east,25187,424315,150.1705781433356,2.2637313921327364,394985,False,False,False,,24.515732241624146
,high_recall,0.7994201,primer-uds-north,44502,104810,34.418497012975436,-5.143248766545703,100179,False,False,False,,25.737812246425328
,high_recall,0.79905367,primer-cosmos-west,65954,355440,150.1008848008539,2.2990292515100528,330739,False,False,False,,22.317881131625686
published-or-labelled,high_recall,0.79902166,gds-sw,43188,185696,53.09116000634073,-27.852593852377197,176291,True,True,False,,28.059373078795637
,high_recall,0.7985783,gdn,71610,477469,189.14144608154916,62.281530305281855,445964,False,False,False,,27.317019374098056
,high_recall,0.7982295,primer-uds-south,45083,34464,34.28318055276759,-5.246414583824912,32920,False,False,False,,27.48392474153374
,high_recall,0.7982224,primer-uds-north,63544,105675,34.42030433440422,-5.116162685145891,101010,False,False,False,,27.05580949426728
,high_recall,0.7981088,primer-cosmos-west,18350,341261,150.09034846812892,2.1777095663073793,318234,False,False,False,,27.52613106180916
,high_recall,0.79808146,primer-uds-north,15029,130677,34.475090332869755,-5.184010996851458,124998,False,False,False,,27.36615614581441
rule-selected,high_recall,0.7980518,primer-uds-south,32203,116877,34.44460569203323,-5.266636544735008,111763,True,False,False,,27.443933351382455
,high_recall,0.7979672,gdn,51486,476030,189.13342459784582,62.24429812818922,444581,False,False,False,,26.26299948616245
,high_recall,0.79789186,primer-cosmos-west,18147,339902,150.08917588165085,2.1766890652296174,317014,False,False,False,,23.18860579494943
rule-selected,high_recall,0.7978001,primer-cosmos-east,65108,411632,150.15525401762375,2.4066699789114403,382944,True,False,False,,26.039262158236323
published-or-labelled,high_recall,0.797785,primer-cosmos-east,23495,412440,150.15608902348524,2.257202864256793,383657,False,False,False,0.0,27.25008693871692
,high_recall,0.7968543,primer-cosmos-east,20132,411477,150.15503804444086,2.2430337432191783,382753,False,False,False,,25.823780582494773
published-or-labelled,high_recall,0.79678386,primer-uds-south,29677,115618,34.441829254341975,-5.270732206678464,110545,True,False,False,0.0,25.452828404726088
,high_recall,0.79646176,primer-uds-north,83176,65264,34.3367114796639,-5.086389739120654,62232,False,False,False,,27.810380674132237
,high_recall,0.7962426,primer-uds-north,36081,42009,34.29675817009152,-5.1547249533374755,40119,False,False,False,,26.854320561630875
published-or-labelled,high_recall,0.7961,primer-cosmos-east,70528,412825,150.15648795513715,2.4280194033879003,384020,False,False,False,0.0,24.617754275061458
,high_recall,0.79584277,ceers-full,8207,569400,214.84323829575925,52.74747626782457,532601,False,False,False,,22.45024625741425
,high_recall,0.79506034,primer-cosmos-east,62817,442935,150.19853320387153,2.3971172445786157,412810,False,False,False,,24.02589183083361
published-or-labelled,high_recall,0.7942886,primer-uds-north,17415,150853,34.523699115833836,-5.1804784181958885,144329,False,False,False,0.0,22.73690603820349
published-or-labelled,high_recall,0.7942801,primer-cosmos-west,35787,352280,150.09839051085632,2.2326706326422427,327946,False,True,False,,23.756245869636327
rule-selected,high_recall,0.79413855,primer-uds-north,74093,117136,34.445262347424,-5.101362482169243,112015,True,False,False,,27.04263558908348
,high_recall,0.7939616,primer-cosmos-east,86158,400845,150.14367137811692,2.4988452325841477,372675,False,False,False,,27.84670508573805
,high_recall,0.79388887,primer-uds-south,69423,117318,34.445719175414965,-5.202749340162845,112191,False,False,False,,26.588439678031865
rule-selected,high_recall,0.7933192,primer-uds-south,4044,61343,34.32917266179167,-5.315882247272763,58486,True,False,False,,27.386942866236726
published-or-labelled,high_recall,0.79284304,gdn,67601,465479,189.06458131415982,62.273819629861315,434496,False,True,False,1.0,22.024331070682408
,high_recall,0.79222757,ceers-full,55722,551056,214.72573861188323,52.76284009275329,515177,False,False,False,,24.990248257371913
,high_recall,0.79217637,primer-uds-south,58131,31014,34.27549727118619,-5.224236878541419,29589,False,False,False,,26.901333507434337
published-or-labelled,high_recall,0.7921672,ceers-full,11134,626794,215.10720452351617,52.942848531979074,586923,True,True,False,,27.47300847385034
published-or-labelled,high_recall,0.792096,ceers-full,32627,610516,215.00264574418702,52.907619302506546,571547,False,False,False,0.0,27.161930060827444
,high_recall,0.79185945,gds-sw,31902,168202,53.06353364888105,-27.8706911733394,160295,False,False,False,,26.400530274055825
,high_recall,0.79180074,gdn,83125,535673,189.34562352141174,62.30379280483789,500628,False,False,False,,28.1113784797211
published-or-labelled,high_recall,0.7916564,primer-uds-north,29904,31270,34.276131813025955,-5.163512265097287,29839,False,False,False,0.0,23.870484824219094
,high_recall,0.79154307,primer-uds-north,81090,36122,34.28633925826284,-5.090261901857075,34504,False,False,False,,26.42742405080571
,high_recall,0.7915288,primer-uds-south,37937,89316,34.38687792406338,-5.2573684063016595,85280,False,False,False,,22.967123390049938
,high_recall,0.79130584,primer-uds-south,48841,116742,34.44434079551378,-5.240367663844263,111633,False,False,False,,24.521990619694503
,high_recall,0.7910516,primer-uds-north,60706,137438,34.48877356587128,-5.135722214940955,131496,False,False,False,,19.398853199432985
rule-selected,high_recall,0.79085237,ceers-full,60696,601903,214.96539059763856,52.944847705945435,563377,True,False,False,,27.563318211759594
,high_recall,0.7907138,primer-cosmos-east,17041,399072,150.1419329515744,2.2292016548538784,370982,False,False,False,,27.708086599175292
rule-selected,high_recall,0.7906416,gdn,83784,493967,189.21442202071418,62.30546947521716,461554,True,False,False,,27.07094857137955
,high_recall,0.7905009,primer-cosmos-west,30037,324374,150.07730261747727,2.2127932429794304,303309,False,False,False,,28.076574257795684
published-or-labelled,high_recall,0.7904907,gds,11787,175496,53.07542043058037,-27.85520101967232,167051,False,False,False,0.0,27.0565433477285
,high_recall,0.79043996,primer-uds-north,79988,75155,34.356682540469066,-5.092183830448461,71696,False,False,False,,25.090261781848078
rule-selected,high_recall,0.79040676,primer-cosmos-west,114916,388197,150.13092859303123,2.498527831548674,360711,True,False,False,,26.832433791610207
published-or-labelled,high_recall,0.790304,primer-uds-south,51921,22403,34.254460824918006,-5.234883211037233,21326,False,False,False,0.0,24.1646945475677
,high_recall,0.7901434,primer-cosmos-west,50351,345378,150.0933359136681,2.2620730316336677,321852,False,False,False,,27.126823585795403
,high_recall,0.79013383,ceers-full,17342,630050,215.1500215863162,52.98466007414349,590029,False,False,False,,26.480115901922492
,high_recall,0.78988016,ceers-full,69647,586907,214.90876963449196,52.92416733872113,549179,False,False,False,,26.512761657685843
,high_recall,0.78966194,primer-cosmos-west,97114,359757,150.10438186286717,2.4110304171587944,334565,False,False,False,,26.739230297682063
,high_recall,0.78932464,ceers-full,55793,583202,214.89607052448906,52.88609201912273,545670,False,False,False,,26.995291886920004
,high_recall,0.7892391,ceers-full,5877,623909,215.07404551996206,52.90900979298045,584176,False,False,False,,27.08588339447155
,high_recall,0.78900087,primer-uds-north,81738,35542,34.285272136131844,-5.089112537566796,33962,False,False,False,,26.802474918850706
,high_recall,0.7889552,gds-sw,19839,205389,53.12559378005687,-27.888516031184928,194792,False,False,False,,27.20115653077852
published-or-labelled,high_recall,0.788804,gds,28043,243445,53.180638015989736,-27.822395956707766,230012,False,False,False,0.0,25.319716578257157
,high_recall,0.78869236,primer-uds-south,9842,15049,34.237799425509316,-5.304123380536057,14255,False,False,False,,25.807420004099818
published-or-labelled,high_recall,0.7886198,gds-sw,47266,216161,53.14340547134051,-27.84480407189,204757,True,True,False,,27.64527019088057
published-or-labelled,high_recall,0.78860927,ceers-full,68514,602348,214.967247149185,52.9636304546528,563806,False,False,False,0.0,26.609946911523064
published-or-labelled,high_recall,0.7884956,gds,38852,235619,53.16900170755649,-27.800788336419526,222707,False,False,False,0.0,28.016882147205038
,high_recall,0.7881198,primer-uds-south,33173,18288,34.24480743815454,-5.265040048158179,17359,False,False,False,,27.46889068280455
published-or-labelled,high_recall,0.78811073,primer-uds-south,68755,140429,34.494709084390784,-5.204024644762485,134379,False,False,False,0.0,26.719005177127407
,high_recall,0.7874513,ceers-full,67348,617607,215.0326440771579,53.00782749884082,578197,False,False,False,,26.639228949850605
,high_recall,0.7872684,primer-uds-north,18583,55738,34.31942282110229,-5.17867232783799,53167,False,False,False,,27.039001374964833
rule-selected,high_recall,0.78710085,gdn,54143,477020,189.13897417861372,62.24898998740532,445528,True,False,False,,27.468879923441666
rule-selected,high_recall,0.78660315,primer-uds-north,73281,131098,34.475930069872575,-5.102553824165727,125408,True,False,False,,27.420978880897316
,high_recall,0.7865447,primer-uds-south,42773,139576,34.49297271453231,-5.250042696790853,133555,False,False,False,,23.754646883503405
,high_recall,0.7863484,primer-cosmos-west,20456,369933,150.11329812960724,2.185799897977787,343711,False,False,False,,25.204578759274778
,high_recall,0.7861253,primer-cosmos-west,62308,364806,150.10869045725138,2.2914803594800524,339109,False,False,False,,26.057254613460465
,high_recall,0.7858407,primer-cosmos-west,56322,362351,150.10658752498986,2.278198359790391,336902,False,False,False,,26.054364307383405
,high_recall,0.7857411,ceers-full,30183,576007,214.87003661907795,52.80704060499517,538850,False,False,False,,25.17500538537769
,high_recall,0.78556925,primer-uds-north,19392,109293,34.427708959998704,-5.177581216011069,104472,False,False,False,,26.107900497540836
,high_recall,0.7855638,gds,34322,245652,53.18584703323615,-27.810026248109697,232075,False,False,False,,21.898957280977037
,high_recall,0.7854119,primer-uds-north,63682,130741,34.475231662724426,-5.115954129114254,125061,False,False,False,,27.698720130159515
,high_recall,0.7838217,primer-uds-north,1479,78736,34.364184742936494,-5.209153286313188,75132,False,False,False,,27.16165404984381
,high_recall,0.78368616,primer-uds-south,28904,79602,34.366116008087936,-5.2719041560456175,75966,False,False,False,,26.484147497898924
,high_recall,0.7834228,gdn,39130,500134,189.23466874209103,62.22270179467501,467354,False,False,False,,23.161065681095003
,high_recall,0.7827694,primer-uds-south,38627,148581,34.51360419295678,-5.256143363041422,142172,False,False,False,,27.788268828459273
,high_recall,0.782752,primer-uds-north,25749,14683,34.23695906960844,-5.16889752216006,13903,False,False,False,,27.663316123340685
,high_recall,0.7827474,gdn,87477,506263,189.25302870976796,62.31618330972291,473052,False,False,False,,25.799996979742627
,high_recall,0.78259945,ceers-full,45620,551720,214.73521484617174,52.74514034902383,515810,False,False,False,,23.48031978237901
,high_recall,0.78214854,primer-uds-north,17911,88014,34.38420964683481,-5.17979445394064,84041,False,False,False,,26.263204878857476
,high_recall,0.7818716,ceers-full,14603,623993,215.0748427593609,52.9258190649857,584258,False,False,False,,27.073840486330024
,high_recall,0.7817542,ceers-full,29798,578811,214.88096076047148,52.81429389132041,541501,False,False,False,,27.652286318328354
,high_recall,0.7817352,primer-uds-south,49325,118605,34.44873287690377,-5.239642498990125,113429,False,False,False,,23.090474718291603
,high_recall,0.7814479,primer-uds-south,68709,119926,34.45151535252754,-5.204107927456932,114708,False,False,False,,26.641919014083687
,high_recall,0.78142005,gds,51495,244697,53.1834696481778,-27.776656702116803,231169,False,False,False,,21.87381158396262
,high_recall,0.7807669,gds-sw,16243,208425,53.131127304891265,-27.894464626551358,197605,False,False,False,,27.46809032028003
published-or-labelled,high_recall,0.7806951,ceers-full,30786,567012,214.83274922521426,52.78136262547015,530326,False,False,False,0.0,24.384391351767096
,high_recall,0.78065944,gds-sw,32969,170850,53.06794300609532,-27.869280241054557,162761,False,False,False,,27.37665395543948
rule-selected,high_recall,0.7803216,gds-sw,48185,160343,53.0441782526993,-27.842927095605,153045,True,False,False,,27.403571608841222
,high_recall,0.7802534,ceers-full,14986,614383,215.01865191165703,52.88633286491248,575190,False,False,False,,27.444421695021386
,high_recall,0.78010947,primer-cosmos-east,71270,372674,150.11575300378058,2.4311232901736934,346176,False,False,False,,23.644871205522392
,high_recall,0.7798273,gdn,86574,543643,189.37511492547125,62.31319418044621,508149,False,False,False,,27.93227229312876
,high_recall,0.77861655,primer-cosmos-east,78415,373664,150.11659399737212,2.460722597903882,347068,False,False,False,,25.516036141671137
rule-selected,high_recall,0.77847666,primer-uds-north,68085,2800,34.206524432252465,-5.109774737875558,2644,True,False,False,,27.14006302604398
published-or-labelled,high_recall,0.77814245,primer-cosmos-west,55614,358778,150.10357276272956,2.2760745230018378,333682,False,False,False,0.0,26.3006911807615
published-or-labelled,high_recall,0.7781098,primer-cosmos-east,74036,397117,150.1399075841036,2.4424993741156094,369130,False,True,False,,27.631101916946704
rule-selected,high_recall,0.77778715,primer-uds-north,1035,114984,34.44041831211307,-5.210205761455757,109944,True,False,False,,23.616150081087962
,high_recall,0.77776885,ceers-full,56004,587553,214.91109526413572,52.89732125528084,549781,False,False,False,,27.520535984448134
,high_recall,0.7777226,primer-cosmos-east,47086,399262,150.14212729139496,2.3409420916469927,371165,False,False,False,,27.334585305129906
,high_recall,0.77743286,gds,69153,237711,53.17180228753781,-27.733634481378775,224666,False,False,False,,23.34263920728233
,high_recall,0.7773454,primer-cosmos-east,2945,393800,150.13659100394304,2.1582487430857342,365994,False,False,False,,26.98324139777523
published-or-labelled,high_recall,0.77707475,primer-uds-north,51254,102605,34.413887587271056,-5.1335324303564205,98048,True,False,False,0.0,27.459961294700076
,high_recall,0.7765109,primer-uds-south,3875,150844,34.52366890330545,-5.3161839782797085,144320,False,False,False,,26.85312741585038
,high_recall,0.77605563,primer-uds-south,20481,134427,34.48265623412697,-5.2862118683107004,128617,False,False,False,,22.78912560774836
,high_recall,0.77592385,primer-cosmos-west,45610,346093,150.09380840515811,2.2533109241151466,322481,False,False,False,,26.208359913758734
rule-selected,high_recall,0.77566266,ceers-full,32917,592431,214.92987170099582,52.85607923791837,554379,True,False,False,,27.790598655719208
published-or-labelled,high_recall,0.77558273,primer-uds-south,39519,98087,34.40469743844588,-5.254782203426432,93720,False,False,False,0.0,24.445265450313112
,high_recall,0.77541244,ceers-full,70413,578292,214.87901389828514,52.90429283323609,541011,False,False,False,,26.821789237396352
rule-selected,high_recall,0.77510613,gds-sw,65954,171942,53.069697792543,-27.80424903981085,163756,True,False,False,,27.553318518024206
,high_recall,0.7748773,primer-uds-south,25922,37442,34.28885560322785,-5.276621299394126,35766,False,False,False,,26.318248082242103
,high_recall,0.7748508,ceers-full,57445,615431,215.02290942550349,52.98006283140406,576172,False,False,False,,23.435974315162255
,high_recall,0.77484304,gds-sw,13538,203344,53.12213664309018,-27.899185141294964,192915,False,False,False,,28.03528933488724
,high_recall,0.7745457,primer-cosmos-west,50867,330345,150.08183283254155,2.2627630975192696,308574,False,False,False,,23.575097374693218
,high_recall,0.7745344,primer-uds-north,993,75456,34.35730170088741,-5.2101746598211935,71986,False,False,False,,27.305796709362273
,high_recall,0.7743448,gds-sw,18676,198968,53.114359708022754,-27.89036039405188,188822,False,False,False,,27.135187408648118
,high_recall,0.77401,primer-uds-north,33441,77292,34.36116941124546,-5.158392750458221,73749,False,False,False,,26.942918952110748
,high_recall,0.77399564,primer-uds-south,38203,20825,34.25047749427925,-5.256897329835042,19809,False,False,False,,23.954088658669562
,high_recall,0.7739341,primer-uds-north,54678,39167,34.29180896347432,-5.128828020022003,37409,False,False,False,,28.16883422046451
,high_recall,0.7731351,gdn,32299,518951,189.2924989914073,62.209248292264064,484911,False,False,False,,28.00511569828362
,high_recall,0.7730142,primer-cosmos-west,65141,366895,150.11061585518326,2.297700114521529,340982,False,False,False,,28.24123610159812
,high_recall,0.7729589,primer-uds-south,64675,138675,34.49125462886255,-5.212234254133782,132694,False,False,False,,26.411833854705062
,high_recall,0.7728688,primer-cosmos-west,70260,309440,150.0646076997411,2.3084418422602924,290013,False,False,False,,25.741107868263764
published-or-labelled,high_recall,0.7727649,ceers-full,59450,576617,214.8725529531053,52.87595770422977,539420,False,False,False,0.0,27.351563497185843
rule-selected,high_recall,0.7727573,gdn,73267,472861,189.1141530285922,62.28455297759217,441559,True,False,False,,27.59580914115255
,high_recall,0.7725395,primer-uds-north,6383,150037,34.51926459530616,-5.199519399970052,143545,False,False,False,,26.730046379245476
,high_recall,0.7722485,ceers-full,15291,613775,215.01626492388638,52.88460888811773,574615,False,False,False,,21.47588157288848
,high_recall,0.77195585,gdn,42442,498743,189.23042733762102,62.228863555825754,466062,False,False,False,,26.716761820182292
,high_recall,0.7718278,primer-uds-south,13233,99694,34.40799497262199,-5.2982030244565115,95259,False,False,False,,26.212615020027574
rule-selected,high_recall,0.77174747,primer-cosmos-east,84483,402733,150.14562015465955,2.4901087317039305,374452,True,False,False,,27.708455816914235
,high_recall,0.7717164,primer-uds-south,44727,28539,34.26958286703628,-5.246854252483006,27223,False,False,False,,27.500781977145277
,high_recall,0.7711552,primer-uds-north,4198,136946,34.4877961981819,-5.20355111246445,131018,False,False,False,,26.436321435726743
,high_recall,0.7710436,primer-cosmos-west,48245,317356,150.07178064397772,2.2581316524491215,296970,False,False,False,,26.719705126719056
,high_recall,0.77025944,primer-uds-south,56953,36081,34.28624752046473,-5.2264496790157375,34422,False,False,False,,27.60254742801361
published-or-labelled,high_recall,0.7702246,gdn,80028,489605,189.19835094318756,62.29703800461596,457454,False,False,False,0.0,26.25479183490065
,high_recall,0.77016926,primer-uds-south,51830,29320,34.271419649193284,-5.234967731343863,27973,False,False,False,,27.076362608582084
,high_recall,0.7697856,primer-cosmos-east,54515,447142,150.2058930932716,2.3676553372482814,416864,False,False,False,,27.058744573745006
rule-selected,high_recall,0.7696829,primer-uds-south,32206,35658,34.285570159983514,-5.266644705007196,34113,True,False,False,,27.286678086770817
,high_recall,0.7695334,primer-uds-south,59057,56285,34.320361598556694,-5.222720525477084,53687,False,False,False,,26.92704031952747
,high_recall,0.7689068,primer-uds-south,2966,18955,34.24619586909063,-5.3184266256548005,18002,False,False,False,,23.417471502036584
,high_recall,0.7689003,primer-cosmos-east,50450,384293,150.1269889297261,2.3527261666776464,356987,False,False,False,,26.58618639552089
,high_recall,0.76888835,primer-cosmos-east,41219,403238,150.14613530742187,2.319371255712497,374939,False,False,False,,25.86708936289745
,high_recall,0.7688341,primer-cosmos-west,94401,344175,150.09251840179948,2.3981507526852743,320800,False,False,False,,23.34617319474003
published-or-labelled,high_recall,0.76882,ceers-full,49070,583200,214.89605130816324,52.86985664829705,545668,False,False,False,0.0,28.015520867444653
published-or-labelled,high_recall,0.76874727,gds-sw,45042,169194,53.06510825484371,-27.84904335984728,161216,False,False,False,0.0,26.959321930692294
,high_recall,0.7684114,gds,65174,248111,53.19177694851588,-27.74583341608892,234370,False,False,False,,27.779449975324596
published-or-labelled,high_recall,0.76830256,primer-cosmos-west,40444,308481,150.0635199087621,2.2430993617472152,289122,False,False,False,0.0,26.520165682919572
published-or-labelled,high_recall,0.768177,primer-uds-north,32422,33172,34.28057354371133,-5.15977446619454,31670,False,True,False,,27.15205278885876
rule-selected,high_recall,0.7680674,ceers-full,6548,612588,215.01128997015778,52.86556936429096,573493,True,False,False,,27.75340401726621
,high_recall,0.76783705,gdn,93350,531782,189.33232764305794,62.33864624416694,497005,False,False,False,,27.423797101502245
,high_recall,0.7678092,primer-cosmos-west,49574,393545,150.1363368082649,2.260544677095236,365759,False,False,False,,27.202202506698768
published-or-labelled,high_recall,0.7677993,primer-uds-south,30791,71687,34.349699850984685,-5.268924261810876,68386,False,False,False,0.0,26.65362581295527
rule-selected,high_recall,0.7675545,gdn,8757,489657,189.19857898557171,62.15939717228366,457501,True,False,False,,25.919285808430878
published-or-labelled,high_recall,0.7674515,primer-uds-south,53918,123503,34.459632502179545,-5.2314184606931695,118140,True,False,False,,27.45845394083474
,high_recall,0.7672051,primer-uds-north,24676,88730,34.38565734980268,-5.170413970936184,84716,False,False,False,,26.70723517699323
,high_recall,0.76626706,primer-cosmos-west,9766,291703,150.04339001297336,2.1588871127234994,274350,False,False,False,,26.200022937794404
,high_recall,0.7661492,ceers-full,76948,572938,214.85845366274935,52.905187613606735,535946,False,False,False,,26.104503865786423
,high_recall,0.76585466,gdn,21949,531469,189.33129104750674,62.18809879576552,496707,False,False,False,,24.93110489106919
,high_recall,0.7658015,ceers-full,32893,571189,214.85134684232494,52.79929456707593,534297,False,False,False,,23.913626829006233
,high_recall,0.76573116,primer-uds-south,44945,21206,34.25148381846515,-5.246570821678402,20181,False,False,False,,26.51287657839211
,high_recall,0.76568455,ceers-full,70101,558766,214.79270506755984,52.84175052746577,522475,False,False,False,,27.115273552361145
,high_recall,0.76555175,primer-uds-south,63932,16017,34.2398743738249,-5.213690937241603,15183,False,False,False,,27.075112614432136
,high_recall,0.7654743,primer-uds-south,47578,29540,34.27188713321816,-5.2423228283133385,28172,False,False,False,,27.324857629784454
published-or-labelled,high_recall,0.765474,primer-uds-south,21245,42599,34.297739048267495,-5.284747175991165,40679,False,False,False,0.0,24.991039076465626
published-or-labelled,high_recall,0.76544,primer-uds-south,26940,89154,34.38654450484544,-5.275128874314763,85125,True,False,False,0.0,23.521673252723733
published-or-labelled,high_recall,0.76514727,ceers-full,29174,615470,215.0230820492104,52.91531110501561,576212,False,False,False,0.0,26.67444937084017
,high_recall,0.7649841,primer-cosmos-west,81934,351993,150.09817177136063,2.350001058276733,327688,False,False,False,,27.03008342762695
published-or-labelled,high_recall,0.7649479,primer-uds-south,47896,119623,34.450833804621794,-5.241827688315893,114413,False,False,False,0.0,26.63442130336503
,high_recall,0.7647031,gds-sw,50254,178064,53.079532660916115,-27.83877501754119,169413,False,False,False,,26.74605286872103
,high_recall,0.76401746,primer-uds-north,11494,28755,34.27014512423418,-5.190169059443035,27433,False,False,False,,26.462659960646832
,high_recall,0.7636739,primer-cosmos-west,50573,347973,150.09520658641455,2.262487490239081,324126,False,False,False,,27.695583358136997
,high_recall,0.7635371,ceers-full,34571,606519,214.98470165589737,52.898738955744335,567770,False,False,False,,22.026548586963862
,high_recall,0.76336306,primer-cosmos-east,11068,403490,150.14638672154067,2.2016816888365756,375173,False,False,False,,26.750869734273458
,high_recall,0.76316667,primer-uds-north,11951,147481,34.5099774806025,-5.1893612784243395,141116,False,False,False,,24.16144517566967
,high_recall,0.7629609,primer-uds-south,68780,113946,34.4380127616386,-5.204611487207194,108949,False,False,False,,23.18484774629732
,high_recall,0.7628955,primer-cosmos-west,95888,355593,150.1010230195763,2.4059444549177607,330873,False,False,False,,26.51021760244549
published-or-labelled,high_recall,0.76281124,gdn,27645,495716,189.22024924494028,62.19967614272191,463193,False,False,False,0.0,25.584276508262533
,high_recall,0.7617052,gdn,86647,497262,189.22546778663263,62.31364971179252,464655,False,False,False,,27.193606433181756
published-or-labelled,high_recall,0.76155627,primer-uds-south,26767,72581,34.3514645140503,-5.275295914730117,69249,False,False,False,0.0,25.95466666596777
rule-selected,high_recall,0.7606372,gdn,10133,503096,189.2439245670843,62.15874560433029,470121,True,False,False,,22.927312617602293
,high_recall,0.76058775,gds,62558,247070,53.18929600440044,-27.752453063128886,233402,False,False,False,,24.74872806733506
,high_recall,0.76049,primer-cosmos-east,33515,383724,150.12643732301348,2.2945416416638613,356453,False,False,False,,23.261901575078575
,high_recall,0.7603691,primer-uds-north,55553,49031,34.30831832906907,-5.12766236810912,46795,False,False,False,,27.11775621617198
,high_recall,0.76026297,ceers-full,37046,568749,214.84026586865718,52.801109954826956,531984,False,False,False,,24.184068526019573
,high_recall,0.76022464,ceers-full,59156,590119,214.9208071642931,52.91018235898447,552194,False,False,False,,27.722073927370506
,high_recall,0.7599596,primer-cosmos-west,96120,369121,150.11260465340055,2.4066742735754763,342971,False,False,False,,23.13744617858968
,high_recall,0.75982606,gdn,14863,498795,189.23058003608529,62.173538660409925,466112,False,False,False,,24.279826895757147
,high_recall,0.75948054,gds-sw,25604,160442,53.0445091964409,-27.880519069384405,153136,False,False,False,,26.26522625279796
rule-selected,high_recall,0.7584666,primer-uds-north,50051,91085,34.39056379269107,-5.137299263523475,86987,True,False,False,,24.017460243116
,high_recall,0.75830567,primer-cosmos-east,78052,444245,150.20065529842108,2.459232088047151,414066,False,False,False,,26.35228129135081
,high_recall,0.75829643,primer-uds-south,63818,57656,34.322780459264386,-5.213929026638208,54988,False,False,False,,26.125083179956825
,high_recall,0.75700086,primer-uds-south,47484,52961,34.31472540171579,-5.242527652091045,50529,False,False,False,,26.70368227411683
,high_recall,0.75698686,primer-cosmos-east,39895,411498,150.15505485306034,2.314732695774841,382773,False,False,False,,27.61919120839806
,high_recall,0.75696784,primer-cosmos-east,13393,405041,150.1479817879349,2.212470680169846,376639,False,False,False,,27.388530682564713
,high_recall,0.7569234,primer-cosmos-east,70204,437754,150.1900487706105,2.426776963695756,407848,False,False,False,,26.77211561625746
published-or-labelled,high_recall,0.756829,primer-uds-north,3070,52413,34.31378885598914,-5.205761977582542,50005,False,False,False,0.0,26.826383500525885
,high_recall,0.75668365,primer-uds-south,30974,97722,34.40398401310462,-5.2686953171047834,93372,False,False,False,,23.456251134209335
,high_recall,0.75643563,primer-uds-north,8814,149042,34.51533326225259,-5.19515303168288,142621,False,False,False,,23.55971633106125
,high_recall,0.75611746,primer-uds-north,70986,34016,34.282326013434265,-5.10600378282831,32491,False,False,False,,23.306087924800188
,high_recall,0.7558115,gdn,32246,522081,189.30212415774668,62.20915757903436,487878,False,False,False,,27.72946843111108
,high_recall,0.7555417,gdn,83379,535305,189.3442921547514,62.30434764428868,500281,False,False,False,,27.965709444869454
,high_recall,0.7555146,primer-uds-north,21107,15257,34.23823728646996,-5.175120162835909,14457,False,False,False,,27.53218514884984
,high_recall,0.75541425,primer-cosmos-east,70678,389660,150.13238090188676,2.4288113867649854,362073,False,False,False,,28.291306594148864
,high_recall,0.7551129,primer-uds-north,6354,39553,34.292457448950756,-5.199668489007562,37777,False,False,False,,24.4103131888417
,high_recall,0.7549644,primer-uds-north,26618,48104,34.30672102276907,-5.167754957313241,45921,False,False,False,,28.020803074488555
rule-selected,high_recall,0.7547983,primer-uds-south,28535,147024,34.508663127806344,-5.272493092925247,140676,True,False,False,,26.0623999501697
published-or-labelled,high_recall,0.75469106,primer-cosmos-west,56321,362152,150.10641826133087,2.278142484394033,336723,True,False,False,,27.25864959050605
,high_recall,0.7546613,primer-uds-south,24946,144408,34.50261461690457,-5.278188395174535,138201,False,False,False,,25.98280686048445
,high_recall,0.7544991,primer-uds-south,49181,83339,34.374347210626844,-5.239821903715959,79557,False,False,False,,23.99101354069442
,high_recall,0.7543329,primer-cosmos-east,82509,390791,150.13351638705572,2.4800956744022655,363141,False,False,False,,27.971357346254752
rule-selected,high_recall,0.75431836,primer-cosmos-west,40394,321396,150.07493436157077,2.24302158105966,300525,True,False,False,,25.490655061587496
,high_recall,0.75419724,primer-uds-south,16635,104366,34.4175821667316,-5.292597930448222,99751,False,False,False,,25.72999385894809
published-or-labelled,high_recall,0.7539153,primer-uds-north,39457,127123,34.46744151422679,-5.150176032838357,121593,True,True,False,,27.401218920945436
,high_recall,0.75341403,primer-uds-north,14659,121120,34.45413559476808,-5.184650366060568,115858,False,False,False,,27.527347360516462
published-or-labelled,high_recall,0.75320184,gds,26662,195559,53.108212683626846,-27.82518313610294,185628,False,False,False,0.0,22.96983587968848
published-or-labelled,high_recall,0.7531817,primer-uds-south,12177,113897,34.437907032495914,-5.299954016763704,108903,True,True,False,,27.432543454132265
published-or-labelled,high_recall,0.7531382,ceers-full,67075,554761,214.76802362371637,52.81640243933742,518686,False,False,False,,22.55176089853761
rule-selected,high_recall,0.75184864,primer-uds-south,61195,80269,34.36752038536091,-5.219016350641604,76613,True,False,False,,24.94112014490991
,high_recall,0.75139695,primer-uds-south,62727,77594,34.36175608167261,-5.216002881401389,74038,False,False,False,,26.755706630738914
,high_recall,0.75079906,primer-cosmos-east,77370,376293,150.1191579399745,2.455956365004632,349544,False,False,False,,26.84865060225849
,high_recall,0.7507894,primer-uds-south,12870,137692,34.48929290248872,-5.298891221297602,131747,False,False,False,,23.512980983312993
,high_recall,0.7506346,primer-uds-north,21486,62532,34.33151581256949,-5.174648150406686,59628,False,False,False,,25.408325574830553
,high_recall,0.75050443,primer-cosmos-east,25637,399096,150.14196562515718,2.265090863674114,371005,False,False,False,,21.109179558137903
,high_recall,0.7503883,gdn,78520,518105,189.28992566032775,62.29398236616771,484122,False,False,False,,25.917737197526634
published-or-labelled,high_recall,0.7497331,gds,30551,240839,53.176032081879285,-27.81739440903719,227594,False,True,False,,27.81138554565981
published-or-labelled,high_recall,0.74954754,primer-uds-north,46173,105227,34.41936533309994,-5.141031870313089,100578,False,False,False,0.0,22.694157679035204
,high_recall,0.7494145,gdn,13829,518202,189.29022144186428,62.1711939117677,484208,False,False,False,,27.131204365535737
,high_recall,0.74941134,primer-cosmos-west,51666,309896,150.06509856344414,2.2636296568676557,290441,False,False,False,,22.720085961487076
,high_recall,0.749371,gds,36854,169475,53.06562797629661,-27.8049282802142,161470,False,False,False,,27.57428466175919
,high_recall,0.7490831,primer-cosmos-east,3652,402784,150.1456777026898,2.161715793583658,374498,False,False,False,,26.465755551104017
duplicate-sky-group,high_recall,0.74886,primer-uds-south,51998,83568,34.37482790450814,-5.234776131145743,79742,False,False,False,,25.498476625867536
,high_recall,0.7488549,primer-uds-north,26035,142985,34.499690147068414,-5.168761031099453,136834,False,False,False,,23.49485388795273
,high_recall,0.74878293,gds,35863,239316,53.17399328678787,-27.80697804035214,226163,False,False,False,,22.53688166691732
published-or-labelled,high_recall,0.74829483,gds-sw,12795,195975,53.10899412367856,-27.900836765324463,185985,False,False,False,0.0,26.133761829407227
,high_recall,0.74828005,primer-cosmos-west,107018,375706,150.11851303509798,2.4559212013718468,348948,False,False,False,,26.60105502773504
rule-selected,high_recall,0.74827313,gds-sw,21075,215542,53.14254517489318,-27.886569173277152,204192,True,False,False,,27.123842694185228
,high_recall,0.7481942,primer-cosmos-west,31877,325861,150.07845163551116,2.2187725924370545,304524,False,False,False,,28.454171686089083
,high_recall,0.7480792,primer-uds-north,64718,39577,34.29250106931427,-5.11449674717784,37801,False,False,False,,28.189746507216803
,high_recall,0.7479525,gdn,43226,479555,189.15262465141407,62.22966373893536,447929,False,False,False,,20.025292492422448
,high_recall,0.74791443,primer-cosmos-west,67815,367869,150.11147070400744,2.3035490042653586,341850,False,False,False,,25.97316229304517
,high_recall,0.74790496,primer-cosmos-east,71987,379732,150.12250078417048,2.4342051973693057,352709,False,False,False,,25.785473758657233
,high_recall,0.7478741,primer-uds-north,13388,51907,34.31296958381505,-5.186839880947022,49528,False,False,False,,26.770483064703633
,high_recall,0.7478683,primer-cosmos-east,24295,386871,150.12962951051662,2.2603522623109185,359448,False,False,False,,27.761245859659073
published-or-labelled,high_recall,0.7478316,primer-cosmos-west,82612,326056,150.07860713919,2.352338169212535,304675,False,False,False,,23.35759967965348
published-or-labelled,high_recall,0.74777645,ceers-full,72397,589379,214.91798769214424,52.93725026268923,551493,False,True,False,1.0,28.61051032491447
,high_recall,0.7475812,primer-uds-north,10330,26193,34.264134957687,-5.192312894135414,24963,False,False,False,,23.494664125202718
,high_recall,0.7473935,primer-uds-north,19228,148446,34.51312296970478,-5.1778303851759055,142043,False,False,False,,23.506655775620413
rule-selected,high_recall,0.74731076,ceers-full,51095,550471,214.71483789445602,52.743411506544255,514620,True,False,False,,27.131073603044623
,high_recall,0.7470962,gds-sw,33125,164606,53.05580163167617,-27.869000281409562,156936,False,False,False,,27.766548186026
published-or-labelled,high_recall,0.74695504,primer-uds-north,65166,120393,34.452535330578804,-5.113869816179578,115158,False,False,False,0.0,26.23581535854007
rule-selected,high_recall,0.7466666,gds,12167,193305,53.10404475399744,-27.854482124244043,183524,True,False,False,,29.189507944173
published-or-labelled,high_recall,0.74661535,ceers-full,21995,584349,214.8998910328864,52.81362395515658,546747,False,False,False,0.0,26.915062142737508
,high_recall,0.7465976,primer-cosmos-west,94721,364145,150.1081627377035,2.40089927973951,338419,False,False,False,,27.493704835871775
,high_recall,0.7465475,ceers-full,60435,586784,214.90840213868867,52.90341384020983,549065,False,False,False,,27.773408309004683
,high_recall,0.74643046,ceers-full,5050,625615,215.0921661832478,52.91989013360477,585788,False,False,False,,26.648599330318913
,high_recall,0.7462028,primer-cosmos-east,47985,447905,150.20729218667208,2.3442330703389547,417603,False,False,False,,26.208147008723117
,high_recall,0.7458165,primer-cosmos-west,18711,359534,150.10418817418562,2.1788876422842174,334363,False,False,False,,21.26349181225274
rule-selected,high_recall,0.74578506,gdn,22245,521325,189.2998107257189,62.188824908505296,487098,True,False,False,,23.438644408340753
,high_recall,0.7454476,ceers-full,75747,584844,214.90168023906932,52.93345932424174,547219,False,False,False,,27.529904699723183
,high_recall,0.74540526,primer-uds-north,58995,33575,34.281389307896774,-5.1229303262634875,32059,False,False,False,,27.83094451936794
,high_recall,0.7450798,primer-cosmos-west,89062,369489,150.11291295725496,2.376848399733566,343311,False,False,False,,26.76102113770479
,high_recall,0.74457437,ceers-full,51989,550650,214.7181022550549,52.74810173820633,514789,False,False,False,,23.811736981490053
,high_recall,0.7442335,ceers-full,18382,623386,215.06898783133624,52.928483989609425,583674,False,False,False,,23.166972795377927
,high_recall,0.7441942,primer-cosmos-west,36525,367883,150.11148373410234,2.2343883462811194,341815,False,False,False,,26.79828851189401
,high_recall,0.74402726,primer-uds-north,63339,130750,34.475252765078395,-5.116440995448462,125070,False,False,False,,27.583628546356756
,high_recall,0.74400353,primer-uds-north,64860,130963,34.47566762562187,-5.114445076637371,125278,False,False,False,,23.773692373082614
,high_recall,0.74392855,gds-sw,33330,164810,53.0563056647965,-27.868399489667603,157118,False,False,False,,28.099731922857604
,high_recall,0.74363977,gds,70263,225133,53.155125075297036,-27.727775122679432,213030,False,False,False,,23.69673275621351
,high_recall,0.7435998,primer-uds-south,7376,138443,34.49083989758884,-5.309047104561691,132471,False,False,False,,25.862672903045066
published-or-labelled,high_recall,0.74340296,gds,4348,195873,53.10880044698534,-27.86904074926277,185929,True,False,False,0.0,23.65930837541066
published-or-labelled,high_recall,0.7431529,gds-sw,46913,182691,53.08644166528743,-27.845524003789947,173651,False,False,False,0.0,27.599194411249815
,high_recall,0.7431164,primer-cosmos-west,55574,393496,150.13630738116433,2.275636431267116,365722,False,False,False,,24.8065286696595
,high_recall,0.7430467,primer-uds-north,14781,84114,34.37598116492929,-5.184572186231808,80294,False,False,False,,23.16421994957842
,high_recall,0.74264383,primer-cosmos-west,30929,365400,150.1092215890008,2.215526117566546,339649,False,False,False,,26.423856652266203
rule-selected,high_recall,0.7422256,primer-uds-south,20526,58332,34.32395970055832,-5.285906498355415,55623,True,False,False,,27.057783411216864
,high_recall,0.7417775,ceers-full,66535,578956,214.88153786125108,52.89729267757086,541637,False,False,False,,22.18515015180942
,high_recall,0.74172384,gds-sw,16510,157671,53.036513852726266,-27.894138501363685,150626,False,False,False,,25.241309487418803
,high_recall,0.74142146,primer-uds-north,71633,137435,34.48876934721685,-5.104982570530864,131432,False,False,False,,24.084311159706544
,high_recall,0.7413808,primer-cosmos-west,103285,384044,150.12673462919554,2.43810189711912,356753,False,False,False,,23.31936223370726
,high_recall,0.7413694,primer-uds-north,64136,35086,34.28443332465094,-5.115322036802499,33524,False,False,False,,28.05264254705648
,high_recall,0.7408731,primer-cosmos-west,35722,324256,150.07720280727114,2.2325807744633384,303207,False,False,False,,26.678898313836015
rule-selected,high_recall,0.74069417,primer-uds-north,82875,133484,34.4806724365475,-5.086860208143231,127705,True,False,False,,26.731569827391716
,high_recall,0.7403865,primer-uds-south,55922,38635,34.29093099110954,-5.2280917372526625,36903,False,False,False,,26.71149928348835
published-or-labelled,high_recall,0.7402541,ceers-full,79395,593252,214.93297980299891,52.96491383979449,555163,False,False,False,0.0,27.648726491078897
published-or-labelled,high_recall,0.7398592,primer-uds-south,33866,39982,34.29323154159177,-5.264060589855424,38125,False,False,False,,26.582059784526326
,high_recall,0.73964244,primer-cosmos-east,84125,376070,150.11890703723995,2.4881601625208436,349287,False,False,False,,27.128365732904626
published-or-labelled,high_recall,0.73958176,ceers-full,26555,581873,214.8916424805068,52.815943601946245,544415,False,False,False,0.0,27.18281325509525
,high_recall,0.73931223,primer-cosmos-east,24404,393723,150.1365115152685,2.2605818677184537,365920,False,False,False,,22.749483743674933
rule-selected,high_recall,0.73929816,primer-uds-north,48119,108454,34.42601756881769,-5.1380104644666,103671,True,False,False,,27.12337530049247
rule-selected,high_recall,0.73925906,primer-uds-south,63474,135364,34.484574819262846,-5.21462548595415,129514,True,False,False,,26.627209426822745
published-or-labelled,high_recall,0.73914677,ceers-full,5139,620947,215.0506755197006,52.88993183496591,581353,False,False,False,0.0,24.50552893152903
,high_recall,0.73883075,primer-uds-south,42592,79217,34.365257156891225,-5.250752998282833,75591,False,False,False,,20.790459435729858
,high_recall,0.7386323,ceers-full,73995,583212,214.89610415577803,52.92515774233582,545680,False,False,False,,25.724363062260558
rule-selected,high_recall,0.7385221,primer-uds-north,35955,52003,34.31313565151938,-5.154897885408568,49619,True,False,False,,27.576393165244003
,high_recall,0.7381527,primer-cosmos-east,46922,441152,150.1956501684589,2.3403963366322507,411102,False,False,False,,27.357239419946854
rule-selected,high_recall,0.7381074,primer-uds-south,36025,34934,34.2841193261779,-5.260537599885658,33375,True,False,False,,23.690022184202583
,high_recall,0.7380664,ceers-full,79875,575292,214.8673997398534,52.91901629242664,538181,False,False,False,,27.687822721536243
,high_recall,0.73758996,primer-cosmos-east,38461,423744,150.16984894892929,2.3089273558314436,394430,False,False,False,,22.983194615650174
,high_recall,0.73741233,primer-cosmos-west,94404,342833,150.09153066784882,2.3990483481104583,319623,False,False,False,,20.267865255025605
,high_recall,0.7373146,gdn,29201,500434,189.23562501081486,62.202053582084154,467640,False,False,False,,23.516770588562416
published-or-labelled,high_recall,0.73714274,primer-cosmos-west,99858,363511,150.1076065098622,2.4228741501382047,337942,False,False,False,0.0,26.96412811132092
rule-selected,high_recall,0.73713815,primer-uds-north,15264,20628,34.249986516730694,-5.18363599001559,19619,True,False,False,,27.748811557989466
,high_recall,0.7367655,primer-cosmos-west,97951,336402,150.08644661937979,2.4147787912281506,313927,False,False,False,,26.608744640832427
published-or-labelled,high_recall,0.73654884,ceers-full,61506,592905,214.9315730428939,52.92100584967136,554826,False,False,False,0.0,24.00851534703647
published-or-labelled,high_recall,0.7355131,gds-sw,26051,175723,53.075812113108185,-27.87937778282116,167252,False,False,False,0.0,26.392003173629238
,high_recall,0.73524,primer-uds-north,4429,96990,34.40251792061938,-5.203231297270074,92675,False,False,False,,23.200161508525074
,high_recall,0.73502177,primer-uds-south,18600,49977,34.30989772124506,-5.289412349927344,47697,False,False,False,,27.274704666125466
rule-selected,high_recall,0.7348717,primer-uds-north,41725,136211,34.48635114440084,-5.147174282032194,130327,True,False,False,,26.824975884394547
,high_recall,0.73474485,ceers-full,21752,600963,214.96137026352903,52.85739929582941,562478,False,False,False,,25.571635361569854
,high_recall,0.73414963,primer-cosmos-east,7794,397850,150.14067469839858,2.183978207216046,369813,False,False,False,,27.15631036461611
published-or-labelled,high_recall,0.7340668,gds,3888,191897,53.10151165422692,-27.869959757180872,182186,False,False,False,0.0,22.917799086877352
rule-selected,high_recall,0.733994,primer-cosmos-east,81298,404318,150.1472509658296,2.474065559452261,375949,True,False,False,,23.604012620903863
,high_recall,0.7338905,ceers-full,10047,624547,215.08043392758285,52.92154985658413,584784,False,False,False,,23.658457891846687
published-or-labelled,high_recall,0.7338706,ceers-full,37575,596079,214.94393385192984,52.877099179829514,557853,False,False,False,0.0,26.193686769055947
,high_recall,0.7337588,ceers-full,58738,560120,214.79997423238694,52.82208873568242,523763,False,False,False,,23.731858048538218
,high_recall,0.7334621,ceers-full,31539,623409,215.06915153282168,52.95289747688964,583695,False,False,False,,27.31936386089293
,high_recall,0.73332196,primer-cosmos-east,69674,436647,150.18827428669184,2.4243508823039988,406780,False,False,False,,27.357598981402177
,high_recall,0.7332266,gdn,70338,464598,189.05773890449498,62.27891469042386,433649,False,False,False,,27.026406795170207
,high_recall,0.73292536,primer-uds-south,35818,125423,34.46369852828962,-5.260663205966228,119972,False,False,False,,27.822808706586294
published-or-labelled,high_recall,0.73275787,ceers-full,71448,570564,214.84851921555148,52.88475707714959,533706,False,False,False,0.0,25.339158762320984
,high_recall,0.73262995,primer-uds-north,69534,122279,34.456891818283204,-5.107941201197869,116973,False,False,False,,27.08736888811636
,high_recall,0.7326133,primer-cosmos-east,22633,421000,150.16627280177966,2.2538761002743075,391816,False,False,False,,27.682993549818498
,high_recall,0.7324683,primer-uds-north,25585,56828,34.321336611422446,-5.169234152203469,54146,False,False,False,,26.72808844809339
,high_recall,0.732432,ceers-full,20238,579347,214.88292658953213,52.79815405795758,542012,False,False,False,,23.565729498464272
,high_recall,0.73232013,primer-uds-north,39454,38857,34.29129320225684,-5.150211492387191,37117,False,False,False,,27.47659388164041
published-or-labelled,high_recall,0.73229086,gds-sw,18099,198723,53.11393600817275,-27.891284301185916,188596,False,False,False,0.0,27.464289026183604
,high_recall,0.7321056,primer-uds-south,23024,12486,34.231894503810985,-5.2816153250456725,11804,False,False,False,,26.909327953159465
,high_recall,0.73205835,gdn,39561,484997,189.17796748233684,62.223706990678394,453056,False,False,False,,26.90340693483644
,high_recall,0.7320423,gds,69704,233791,53.16653734405419,-27.73149383703361,221008,False,False,False,,27.74552412307003
,high_recall,0.73188967,primer-cosmos-west,26023,307410,150.06242773149918,2.2016843457721866,288136,False,False,False,,27.527837080646723
,high_recall,0.73148084,primer-uds-south,9695,126497,34.46608018291741,-5.304338844432448,120996,False,False,False,,27.502325312717545
,high_recall,0.73144865,ceers-full,80204,555298,214.77185172713936,52.85096343889135,519200,False,False,False,,26.970361210620965
published-or-labelled,high_recall,0.7313765,gdn,80029,489665,189.19859521662164,62.2970374728049,457454,False,False,False,,26.03336016522889
published-or-labelled,high_recall,0.7311205,gds,30108,228141,53.15904824443291,-27.818249063526146,215793,False,True,False,,28.11523329611839
,high_recall,0.7302544,ceers-full,6050,609583,214.99873489686615,52.85537865972539,570675,False,False,False,,25.79730069023958
,high_recall,0.7302405,ceers-full,81671,551732,214.73544444868529,52.83148255924197,515821,False,False,False,,24.007280567054934
,high_recall,0.730222,primer-uds-south,33862,99537,34.407652995476546,-5.263999629097654,95107,False,False,False,,26.86381313022474
,high_recall,0.7298743,gds,57822,214097,53.14072378057411,-27.762633579867458,202893,False,False,False,,28.23024932754206
,high_recall,0.729867,primer-uds-south,10278,69102,34.344391452398966,-5.303472535440699,65912,False,False,False,,22.258723341775255
published-or-labelled,high_recall,0.7295834,ceers-full,76323,607329,214.98855658874763,52.99717586157267,568534,False,False,False,0.0,27.026239728859203
,high_recall,0.7295809,gdn,62280,499827,189.2337886582566,62.263974716483766,467073,False,False,False,,27.843513902640638
,high_recall,0.72954863,primer-cosmos-west,61790,375147,150.11797764103693,2.2904829328969694,348425,False,False,False,,28.50432974984823
published-or-labelled,high_recall,0.72917664,ceers-full,22768,573907,214.8622313302619,52.78786245773916,536864,True,False,False,0.0,27.116692603466934
rule-selected,high_recall,0.72913057,primer-uds-north,63451,127160,34.467523724090476,-5.116281703692953,121628,True,False,False,,27.351046568293217
,high_recall,0.7289149,ceers-full,46910,588035,214.91287999925433,52.87537351102135,550232,False,False,False,,23.346527415925443
,high_recall,0.72858804,primer-uds-north,79896,86644,34.38128682531315,-5.092511972302827,82722,False,False,False,,23.57152196875831
,high_recall,0.72856545,primer-uds-north,52324,44151,34.30041060889957,-5.132216758038325,42160,False,False,False,,22.921336645610637
rule-selected,high_recall,0.7284975,primer-cosmos-east,42633,404622,150.14763383468778,2.3242612704402377,376261,True,False,False,,26.415894014800468
,high_recall,0.7281498,primer-uds-south,19006,79361,34.36558903626519,-5.288913392083323,75733,False,False,False,,21.571063398764572
,high_recall,0.7281451,ceers-full,10440,571937,214.8544187148918,52.759581723937394,534995,False,False,False,,22.56852607215654
,high_recall,0.7281256,ceers-full,65374,568204,214.83799160348096,52.86345578586593,531462,False,False,False,,26.89013222325063
published-or-labelled,high_recall,0.727605,primer-uds-south,40605,38337,34.290444078204864,-5.253151379429379,36615,False,False,False,0.0,24.169019604788485
rule-selected,high_recall,0.7274812,primer-cosmos-east,79339,423605,150.16967384097205,2.464828028407868,394249,True,False,False,,23.46316360724642
rule-selected,high_recall,0.7273038,primer-uds-north,78225,108882,34.42692563642995,-5.0960543016264905,104086,True,False,False,,21.521280209169944
,high_recall,0.727071,primer-uds-south,24925,141758,34.49718908214947,-5.278271276464418,135658,False,False,False,,26.156354079152507
,high_recall,0.7270452,primer-uds-south,49583,40751,34.29455354680525,-5.238991224064805,38914,False,False,False,,27.157790258829568
,high_recall,0.7268755,gds,34609,245576,53.18565478821028,-27.80905868974122,232004,False,False,False,,28.430740456816313
,high_recall,0.726849,ceers-full,16513,603359,214.9711798761932,52.85487853003263,564758,False,False,False,,23.205244017203576
published-or-labelled,high_recall,0.7266117,ceers-full,53459,584260,214.8996306932666,52.88289334135318,546664,False,False,False,0.0,25.96148767757184
rule-selected,high_recall,0.72635394,primer-uds-north,40080,104431,34.41772951659949,-5.149514193884314,99815,True,False,False,,22.944539504208034
,high_recall,0.7263017,gds,41285,248368,53.192398859359784,-27.79599858620376,234609,False,False,False,,28.076908145181243
,high_recall,0.72590744,gds-sw,13860,160676,53.04523303513101,-27.898676818564258,153349,False,False,False,,27.901566475713572
published-or-labelled,high_recall,0.7257456,primer-uds-north,2865,96904,34.40236146975751,-5.2061206542987835,92593,False,True,False,,27.458108700835886
rule-selected,high_recall,0.7252998,primer-uds-north,6623,110622,34.43050046791291,-5.199253408080272,105754,True,False,False,,22.515677581817446
published-or-labelled,high_recall,0.7252774,ceers-full,51108,561296,214.805653901253,52.80949675813042,524889,False,False,False,0.0,25.897074203685953
,high_recall,0.7251952,gds-sw,68490,178335,53.07991837069941,-27.798171083940517,169658,False,False,False,,27.66238454578549
,high_recall,0.7251446,primer-uds-north,27097,74548,34.35539167745274,-5.167178036279915,71109,False,False,False,,25.82503015622665
published-or-labelled,high_recall,0.7250244,primer-uds-north,70002,8231,34.222275744730034,-5.107146361046091,7728,False,False,False,0.0,27.65418304441252
,high_recall,0.7250242,primer-cosmos-east,68146,377841,150.12058727095916,2.4180905664714887,350941,False,False,False,,22.993194400929283
,high_recall,0.7245517,primer-cosmos-east,69066,395247,150.13804206168396,2.421687267067143,367367,False,False,False,,27.350758682334288
,high_recall,0.724406,primer-uds-south,42155,108861,34.42688721128166,-5.251301750958609,104066,False,False,False,,21.573765066787544
,high_recall,0.72403854,primer-cosmos-west,40347,362149,150.10641620298173,2.2427325466477694,336720,False,False,False,,24.03975845475054
,high_recall,0.7235824,primer-cosmos-east,73500,417412,150.1617960380489,2.440279161484559,388388,False,False,False,,24.74506587375297
,high_recall,0.7235707,primer-uds-north,37499,47175,34.3051211219175,-5.152902651411235,45031,False,False,False,,27.87866117049764
published-or-labelled,high_recall,0.7234366,ceers-full,7652,628482,215.1290140084181,52.95185386691881,588532,False,False,False,0.0,26.132439633833027
,high_recall,0.7232729,primer-cosmos-east,21301,433156,150.18295544866686,2.2479194341600484,403432,False,False,False,,19.555728961548425
,high_recall,0.723199,primer-uds-north,44529,81814,34.371016794257805,-5.143203012924082,78098,False,False,False,,27.71703364801209
,high_recall,0.7227153,primer-uds-south,26531,76110,34.3586770185585,-5.275687109754755,72613,False,False,False,,27.181671061105064
,high_recall,0.72257197,primer-uds-north,83552,9072,34.22413718956335,-5.085933096169528,8570,False,False,False,,26.496109392766808
rule-selected,high_recall,0.7224566,primer-uds-north,69761,119934,34.4515333802016,-5.107408831931352,114716,True,False,False,,27.78333805659399
,high_recall,0.7222676,primer-cosmos-west,63915,365039,150.10890453498897,2.2936580716579567,339323,False,False,False,,23.208554732335067
,high_recall,0.7221937,primer-uds-north,70857,121301,34.45459024749502,-5.106396830300165,116034,False,False,False,,23.11029682209982
,high_recall,0.72196656,gdn,45784,475848,189.13247162882124,62.234604423055906,444402,False,False,False,,27.99790378384357
published-or-labelled,high_recall,0.72194237,gdn,21354,501215,189.2379753587442,62.18630535441213,468358,False,False,False,0.0,24.342452887434636
,high_recall,0.7217665,primer-uds-south,55379,80894,34.368880693646204,-5.229241321367196,77207,False,False,False,,22.682104246709144
published-or-labelled,high_recall,0.7215652,primer-uds-north,19559,47005,34.304859765117804,-5.177418645366703,44867,False,False,False,0.0,24.40126589683219
,high_recall,0.7212026,primer-cosmos-west,96756,340269,150.08952633907083,2.4096571326077383,317348,False,False,False,,27.319397345791835
rule-selected,high_recall,0.7211344,gdn,32298,519104,189.2930425975777,62.20924035817316,485034,True,False,False,,26.466207416718635
,high_recall,0.7210133,primer-uds-south,22540,141969,34.497607692088025,-5.282432092908963,135858,False,False,False,,25.05131371269771
published-or-labelled,high_recall,0.7206988,ceers-full,44675,559104,214.7945529562144,52.78604088881182,522796,False,False,False,0.0,27.972170402907754
published-or-labelled,high_recall,0.72000223,gds,2063,168002,53.06315706490084,-27.873404001259505,160105,False,False,False,0.0,27.328557580328706
,high_recall,0.7199931,primer-cosmos-west,39577,325906,150.07848126812615,2.241231386384593,304527,False,False,False,,27.921524200624805
,high_recall,0.7197536,primer-uds-north,21875,38213,34.29025235581004,-5.174200454216711,36498,False,False,False,,23.918685329220956
,high_recall,0.71945643,gdn,64894,464895,189.06008322747385,62.26899590577666,433936,False,False,False,,27.67682612526469
,high_recall,0.71940434,primer-uds-south,38919,79159,34.36513705265724,-5.255661562298992,75536,False,False,False,,27.953757294735787
,high_recall,0.7191719,gdn,18570,490609,189.20216481718447,62.181603465616114,458403,False,False,False,,27.434832946912817
,high_recall,0.7188869,primer-uds-south,32818,137421,34.488752613702985,-5.265685577772339,131481,False,False,False,,25.84915453993701
rule-selected,high_recall,0.71821547,primer-uds-north,31790,7660,34.22095154803621,-5.160685333716411,7227,True,False,False,,26.182980799133702
,high_recall,0.7181079,primer-cosmos-east,77562,428772,150.17672662673274,2.4571191537241623,399230,False,False,False,,26.46697796186225
rule-selected,high_recall,0.7177398,primer-cosmos-east,41715,373027,150.11603930233878,2.3210739132706726,346486,True,False,False,,26.833811481519593
,high_recall,0.71768045,primer-uds-north,59547,38385,34.29052309199481,-5.122075119410478,36661,False,False,False,,28.159923716258255
published-or-labelled,high_recall,0.7175203,gdn,82545,480611,189.15797795816965,62.30239727542595,448900,False,False,False,0.0,25.261254467005827
,high_recall,0.71737826,primer-uds-north,51351,116051,34.442817156108156,-5.133385938684026,110970,False,False,False,,28.203243949433578
published-or-labelled,high_recall,0.717228,primer-uds-north,65914,88566,34.38530795565108,-5.112852996180755,84557,False,False,False,0.0,24.861718565849767
,high_recall,0.71716803,primer-uds-north,65406,35927,34.285966923070845,-5.1136604329183095,34324,False,False,False,,27.851532409733082
published-or-labelled,high_recall,0.71685,ceers-full,54557,602037,214.96591450040307,52.93323991681983,563505,False,False,False,,25.831964776263522
,high_recall,0.71684754,primer-cosmos-east,37127,444796,150.20161080978474,2.305270777523747,414596,False,False,False,,27.489639926711483
,high_recall,0.7166823,primer-cosmos-west,8838,294414,150.04729825926935,2.157650529294006,276652,False,False,False,,26.27563116032959
,high_recall,0.7165292,primer-uds-south,9141,108770,34.42666787045324,-5.305391435825187,103977,False,False,False,,27.109511556735352
published-or-labelled,high_recall,0.716383,gdn,23987,496058,189.22145899447057,62.192401002433435,463511,False,False,False,0.0,23.78155965189247
,high_recall,0.7163826,ceers-full,56940,555541,214.7734362086531,52.79981401783807,519432,False,False,False,,27.311919792354374
,high_recall,0.71635157,gds,38330,246649,53.18827748523415,-27.801936713566736,233005,False,False,False,,25.013071485605632
published-or-labelled,high_recall,0.7163244,primer-cosmos-west,63169,305050,150.05966042062315,2.293435909931349,285944,True,True,False,,24.98008726119674
,high_recall,0.71583295,primer-cosmos-east,70875,409532,150.1527369236416,2.429548183259375,380897,False,False,False,,26.517330844223054
,high_recall,0.71561974,primer-cosmos-east,44309,408171,150.15119805596473,2.330184141715856,379597,False,False,False,,27.62255676482977
,high_recall,0.7155013,primer-cosmos-east,18844,403782,150.14669553717172,2.2375379173399157,375448,False,False,False,,27.506293490692343
,high_recall,0.7152098,primer-uds-south,56084,52575,34.314058192223435,-5.227812113992827,50159,False,False,False,,27.446433240018003
,high_recall,0.7149266,gdn,67358,470549,189.09900069492724,62.27360759818236,439359,False,False,False,,25.79092344276258
,high_recall,0.7147741,primer-uds-north,6880,63978,34.334217809561174,-5.198691424291373,61008,False,False,False,,23.89959327225334
,high_recall,0.7145928,primer-cosmos-east,4659,373484,150.1164263573161,2.166555013786285,346905,False,False,False,,24.18516060821478
,high_recall,0.7145562,primer-cosmos-east,70585,396976,150.13977271001605,2.4283653315540668,368999,False,False,False,,28.480744455755882
,high_recall,0.71452165,primer-uds-north,78802,36694,34.28744317353786,-5.0940849339431855,35058,False,False,False,,26.493323686342254
,high_recall,0.71424997,gdn,14482,531563,189.3315576090787,62.172647575270894,496797,False,False,False,,23.259750270012052
,high_recall,0.71424043,ceers-full,17370,606405,214.98420766027039,52.86608476192712,567638,False,False,False,,26.93176716249801
,high_recall,0.71417385,primer-uds-north,66841,29794,34.27252033795541,-5.11145848065446,28420,False,False,False,,28.067172682820146
published-or-labelled,high_recall,0.71407634,primer-uds-south,49049,111233,34.431862916931614,-5.239957655123563,106339,False,False,False,0.0,23.64566429666122
,high_recall,0.7136129,gds,2228,196640,53.11021173494918,-27.873022670966346,186647,False,False,False,,27.51056017626656
published-or-labelled,high_recall,0.71360743,ceers-full,13825,609922,215.00019783664726,52.87077954570096,570995,False,False,False,0.0,27.037164717540396
,high_recall,0.7135483,primer-cosmos-east,54430,438407,150.19109376177906,2.367294145759583,408466,False,False,False,,24.84084007554821
,high_recall,0.71346587,primer-uds-north,21313,131851,34.47738713796195,-5.174848675905781,126127,False,False,False,,26.21424497337601
,high_recall,0.7133214,primer-uds-south,37863,62550,34.33154888753756,-5.257655678638543,59645,False,False,False,,21.208943472341623
published-or-labelled,high_recall,0.7126984,primer-uds-north,39149,15034,34.23776587761752,-5.151917645833718,14240,True,False,False,0.0,23.094386937294736
,high_recall,0.71267426,primer-uds-north,55623,105684,34.42031191009743,-5.127569950705688,101019,False,False,False,,27.08744323830623
,high_recall,0.712561,primer-uds-north,34074,93254,34.39495270469536,-5.157553150569038,89067,False,False,False,,23.225636185329595
,high_recall,0.7124428,ceers-full,11528,625094,215.0861182141818,52.92837219103387,585294,False,False,False,,26.656017542592597
published-or-labelled,high_recall,0.7123199,ceers-full,13362,600937,214.9612822527944,52.8423512634942,562453,False,False,False,0.0,27.676783828468626
,high_recall,0.7122823,primer-uds-north,68480,29380,34.27155481425899,-5.1091627262157955,27990,False,False,False,,28.09226891782533
,high_recall,0.71220666,primer-cosmos-west,51712,385436,150.12816875326817,2.2647637096161253,358068,False,False,False,,27.62163181284557
,high_recall,0.7121703,primer-cosmos-west,17662,354633,150.10022371899439,2.174615878219071,330024,False,False,False,,21.780397657710598
,high_recall,0.71212953,primer-cosmos-west,33202,344739,150.0929120507303,2.223634932078803,321278,False,False,False,,25.624168082536645
rule-selected,high_recall,0.71202767,primer-uds-south,1619,84530,34.37683874619228,-5.32291127308357,80690,True,False,False,,21.98632073021808
published-or-labelled,high_recall,0.712015,ceers-full,57164,594430,214.9375044575598,52.91828863289335,556282,False,False,False,0.0,24.178709947062714
,high_recall,0.7119716,gdn,21625,490869,189.2032917136328,62.18760755125558,458637,False,False,False,,23.85250648022733
,high_recall,0.71196645,gds-sw,37873,154512,53.02525552045333,-27.86144572895258,147767,False,False,False,,23.04351699029875
,high_recall,0.71192867,primer-uds-north,66558,98645,34.40576539155208,-5.112022182729398,94261,False,False,False,,23.079141115136007
,high_recall,0.71166724,primer-cosmos-west,57762,336776,150.08671687283788,2.2814790269031016,314244,False,False,False,,22.290546619195997
,high_recall,0.71126664,primer-uds-south,55184,145365,34.5047344370313,-5.2293682842100795,139116,False,False,False,,23.914945921109275
published-or-labelled,high_recall,0.71101356,gds,40419,203141,53.121762152170355,-27.797638282607572,192730,False,False,False,0.0,27.096480951612094
,high_recall,0.7109387,primer-cosmos-east,80056,414692,150.15858921537887,2.468347718174898,385794,False,False,False,,23.194569874302648
,high_recall,0.7108315,primer-uds-south,19865,140401,34.49467089624537,-5.287170714479239,134351,False,False,False,,26.265498188479896
,high_recall,0.7106815,primer-cosmos-east,23568,384569,150.12729009204463,2.2574401443038163,357249,False,False,False,,26.123561611845446
,high_recall,0.7105885,primer-uds-south,33435,27417,34.26699617420718,-5.265217290568214,26135,False,False,False,,21.7924527831556
,high_recall,0.7105012,primer-uds-north,64771,7436,34.22035087556575,-5.114493607422714,6980,False,False,False,,27.59830496995096
,high_recall,0.71042967,primer-uds-south,18567,134203,34.48219978626737,-5.28940956131502,128401,False,False,False,,27.170556421851323
,high_recall,0.7103451,gdn,28687,522900,189.3044627959043,62.20166209459232,488622,False,False,False,,26.36579567360909
,high_recall,0.71023846,primer-uds-north,27279,146455,34.50716972259097,-5.166872777988994,140135,False,False,False,,26.290942764652012
,high_recall,0.7101769,primer-cosmos-west,58990,386394,150.1291459659687,2.2845531113526865,358988,False,False,False,,23.371775312741566
,high_recall,0.709814,gdn,25442,520253,189.2966366599443,62.19534556016438,486141,False,False,False,,24.012618588493993
,high_recall,0.7095532,gds-sw,19188,171880,53.06957834302224,-27.88956033426377,163696,False,False,False,,26.79070105158422
,high_recall,0.7092704,ceers-full,76075,600594,214.9600952036517,52.976175742986634,562124,False,False,False,,27.228802002759874
rule-selected,high_recall,0.7092357,primer-uds-north,69226,14791,34.237194976775164,-5.108156548889023,14007,True,False,False,,27.587478381689177
,high_recall,0.70917296,primer-cosmos-west,97844,322055,150.0754418497993,2.4138090931818783,301250,False,False,False,,22.970485757410763
rule-selected,high_recall,0.70913255,gds-sw,66260,181208,53.08419667216885,-27.803631187700304,172298,True,False,False,,27.363320812526926
rule-selected,high_recall,0.7091305,primer-cosmos-west,94514,392218,150.13500723702666,2.399291301341279,364496,True,False,False,,20.991886285800316
,high_recall,0.7089058,primer-cosmos-east,15681,411781,150.15536783639357,2.2228323119455387,383040,False,False,False,,26.451656767740296
,high_recall,0.7088793,ceers-full,15066,615988,215.02541547289718,52.89124949603514,576702,False,False,False,,26.14632309763872
published-or-labelled,high_recall,0.70868343,primer-uds-south,43487,135123,34.48405216390888,-5.248814580248525,129282,False,False,False,0.0,26.57753304980836
published-or-labelled,high_recall,0.7084666,primer-uds-north,47237,98453,34.40543346332328,-5.139310178070002,94074,True,False,False,0.0,24.705515605404468
published-or-labelled,high_recall,0.708403,gdn,74348,480086,189.1553095672466,62.28647037165013,448436,False,False,False,0.0,26.41205947129135
,high_recall,0.70829225,gds-sw,33004,178638,53.080364348046686,-27.869457425818986,169936,False,False,False,,23.29878025185268
,high_recall,0.7081929,ceers-full,37739,600087,214.9582522851509,52.88770649938909,561654,False,False,False,,27.70466101044578
,high_recall,0.70806575,gdn,9852,528353,189.32114843433334,62.162160719717725,493774,False,False,False,,22.83235257251983
,high_recall,0.70761573,primer-uds-south,20216,72842,34.352013597950624,-5.286498667229331,69494,False,False,False,,27.738393461064167
,high_recall,0.7072895,primer-uds-north,46127,78985,34.364773943187075,-5.141045511552535,75372,False,False,False,,24.42100633337826
,high_recall,0.7069851,ceers-full,61741,581524,214.89053341303247,52.89298296866107,544084,False,False,False,,25.500566012466216
,high_recall,0.706981,gdn,48744,541470,189.36693285107972,62.23936243298813,506109,False,False,False,,23.553341241065358
,high_recall,0.70636123,primer-cosmos-west,97161,344630,150.09282058192093,2.4114767825506638,321187,False,False,False,,27.582685707182893
,high_recall,0.7062803,primer-uds-north,60246,144111,34.50196901564273,-5.121869833476472,137915,False,False,False,,20.217291921626366
,high_recall,0.70625365,primer-cosmos-east,40745,422007,150.16756989456047,2.3176989263874517,392778,False,False,False,,26.173613497104736
published-or-labelled,high_recall,0.70616275,primer-uds-north,48866,59771,34.326433493636785,-5.1373818601875225,56990,False,False,True,0.0,22.759547517476413
,high_recall,0.7053377,primer-uds-north,60452,43703,34.29961824030481,-5.120691864593793,41725,False,False,False,,27.81334465147907
,high_recall,0.70515424,primer-cosmos-west,63918,366423,150.11018012383752,2.2947636601682304,340568,False,False,False,,22.07749706751816
,high_recall,0.70514095,primer-cosmos-west,75801,384988,150.12771926636526,2.325943325092115,357638,False,False,False,,26.717251444492994
,high_recall,0.7049556,primer-uds-north,50940,122963,34.45844108140036,-5.134158169073449,117627,False,False,False,,23.84116519867151
,high_recall,0.70466983,gdn,88634,509862,189.26379140340876,62.320000344539956,476413,False,False,False,,27.845279179466935
,high_recall,0.70464903,primer-cosmos-east,54854,424449,150.17079206822672,2.3686204014909693,395115,False,False,False,,22.556892706563193
,high_recall,0.70451736,primer-cosmos-west,68353,330154,150.08169584249598,2.30433837335979,308321,False,False,False,,23.794240087991913
published-or-labelled,high_recall,0.70442057,primer-uds-south,21944,127903,34.46921779016605,-5.28356336418331,122339,False,False,False,0.0,23.32945723448782
,high_recall,0.70435256,primer-uds-south,51407,68446,34.343080232550506,-5.2358826936058875,65281,False,False,False,,22.519910843401597
,high_recall,0.70434225,primer-uds-north,29221,85889,34.3797663076075,-5.1642622672993355,81994,False,False,False,,24.915290404575586
,high_recall,0.7040793,primer-uds-north,53364,129175,34.47199490509634,-5.130668083967125,123562,False,False,False,,24.63487536836481
,high_recall,0.70364946,primer-cosmos-west,56939,367212,150.1109023799048,2.279829477837811,341259,False,False,False,,27.9494276997223
published-or-labelled,high_recall,0.7036043,primer-uds-north,46995,62285,34.33104327439097,-5.139963399665946,59391,False,False,False,0.0,23.399140978442308
published-or-labelled,high_recall,0.7035648,ceers-full,46994,584163,214.89932471655766,52.86718529825265,546571,False,False,False,0.0,27.803762909749366
published-or-labelled,high_recall,0.70335984,ceers-full,79391,575747,214.86907374896694,52.91889267474253,538608,False,False,False,0.0,25.63179359138475
,high_recall,0.70335567,primer-uds-north,32728,106133,34.42118319724256,-5.1593679358416455,101443,False,False,False,,27.70051681927186
,high_recall,0.70329106,ceers-full,65465,560394,214.80137248001336,52.83704114831354,524028,False,False,False,,23.674992806324063
,high_recall,0.7031484,gdn,82723,549894,189.40036578994312,62.301526292816455,514066,False,False,False,,22.215670700561628
published-or-labelled,high_recall,0.7029049,ceers-full,34129,579153,214.88225678391203,52.82465362612829,541793,False,False,False,0.0,26.6606115223734
,high_recall,0.7028685,primer-uds-south,11226,18044,34.2442566088644,-5.301606852447593,17120,False,False,False,,26.83747096369175
rule-selected,high_recall,0.7027429,primer-uds-north,47032,109521,34.428197354937545,-5.139550876180666,104693,True,False,False,,27.316791726026587
,high_recall,0.70259327,gdn,32377,518717,189.2918142868733,62.209428153111496,484700,False,False,False,,26.367676923713628
published-or-labelled,high_recall,0.702559,ceers-full,63218,618902,215.03905706072783,53.00278176409619,579439,False,False,False,0.0,23.445190742470526
,high_recall,0.7025443,ceers-full,4279,630792,215.16941372436696,52.972981786057304,590739,False,False,False,,25.617378663754085
,high_recall,0.70206475,primer-cosmos-east,22615,436475,150.18798083405568,2.253305983245247,406613,False,False,False,,23.623967573839206
,high_recall,0.70185393,gdn,46957,501138,189.23772940269313,62.2365143722579,468286,False,False,False,,27.983933167983388
,high_recall,0.70178974,primer-uds-north,30170,48346,34.30713110908361,-5.162903292251958,46154,False,False,False,,27.810888510955976
,high_recall,0.7016385,ceers-full,76632,610231,215.00153861861384,53.00716054928264,571279,False,False,False,,27.69832569962156
published-or-labelled,high_recall,0.7016318,ceers-full,19800,581557,214.8906527525593,52.803050957927134,544115,False,False,False,0.0,23.66633786841777
,high_recall,0.7016213,primer-uds-south,15448,19973,34.24848378199178,-5.294949497506063,18988,False,False,False,,22.18035942959832
,high_recall,0.7014823,primer-uds-north,2579,69432,34.345020659381454,-5.206876999252489,66228,False,False,False,,24.36534516271617
,high_recall,0.7011603,ceers-full,35510,592423,214.9298630144086,52.862209728841854,554372,False,False,False,,23.72447953088264
,high_recall,0.70107293,ceers-full,45280,602110,214.96621055239274,52.911151707057975,563575,False,False,False,,27.26084289484949
rule-selected,high_recall,0.70098245,gds-sw,69010,178322,53.07989971564128,-27.79698570027404,169644,True,False,False,,27.983942040359455
,high_recall,0.7008963,primer-cosmos-west,52690,321413,150.07494910034427,2.266638349293849,300693,False,False,False,,26.869778246135013
,high_recall,0.70080805,primer-cosmos-west,75799,384811,150.12755463058488,2.326076755178206,357434,False,False,False,,24.49240814900157
,high_recall,0.70072436,ceers-full,8175,613330,215.01450231455297,52.8709949909768,574196,False,False,False,,27.773417742026854
,high_recall,0.70040816,gdn,7506,527311,189.31773951957112,62.15683855508767,492788,False,False,False,,27.228426576180055
,high_recall,0.6994866,gdn,47548,490865,189.20326073722913,62.23762141730298,458643,False,False,False,,28.2274810515567
,high_recall,0.69942737,primer-cosmos-west,57494,305116,150.05974178934812,2.2810061686417353,286008,False,False,False,,22.767706673925254
,high_recall,0.6993846,primer-cosmos-west,116145,380695,150.12341600357092,2.505836908808247,353598,False,False,False,,26.979066986302072
,high_recall,0.69936424,primer-cosmos-east,83322,403018,150.14590143107262,2.4839750811812618,374723,False,False,False,,27.952037060516712
,high_recall,0.6992216,gds,1370,215851,53.14295411807181,-27.874932643292823,204472,False,False,False,,26.168188320237967
,high_recall,0.69916064,primer-cosmos-east,83582,417171,150.16153698767383,2.4851798738344884,388163,False,False,False,,28.294189058575466
published-or-labelled,high_recall,0.698686,primer-uds-north,15699,130172,34.474104761778676,-5.182996004279392,124522,True,False,False,0.0,24.683853275777516
published-or-labelled,high_recall,0.69866693,primer-cosmos-west,87939,359311,150.104002746397,2.371617201380127,334162,False,False,False,0.0,23.558670310595577
,high_recall,0.69846946,primer-uds-north,32148,54188,34.31678743263061,-5.160145871087284,51691,False,False,False,,27.525980565246105
,high_recall,0.6984462,primer-uds-south,71038,138255,34.49040687231129,-5.199976211947597,132289,False,False,False,,26.475273758394362
,high_recall,0.6984288,gds,4917,198576,53.11366577410748,-27.86786012918301,188462,False,False,False,,23.32568960531605
,high_recall,0.6982321,primer-uds-north,8484,124152,34.46098876067622,-5.195687688742544,118756,False,False,False,,22.690295197614077
published-or-labelled,high_recall,0.6981241,primer-uds-north,56131,29314,34.27140532988127,-5.127212990265785,27967,False,False,False,0.0,24.606141933016474
,high_recall,0.6980924,gds-sw,66324,178794,53.080572996733906,-27.80348653145978,170079,False,False,False,,27.541179305839965
published-or-labelled,high_recall,0.69803154,primer-uds-north,44748,65868,34.33790110579162,-5.142911893950226,62820,False,False,False,0.0,25.631151808736774
,high_recall,0.6979867,primer-uds-north,14019,35605,34.28539188599043,-5.185953356148609,34021,False,False,False,,23.116263909466753
,high_recall,0.6979503,primer-cosmos-east,66680,434416,150.1848555357566,2.412513627999462,404637,False,False,False,,23.638726141364366
published-or-labelled,high_recall,0.697938,gdn,85681,485047,189.1781472629652,62.3106454854336,453125,False,False,False,0.0,27.17109806371061
,high_recall,0.6976033,primer-cosmos-west,5314,293298,150.0458305721898,2.1523101981278963,275740,False,False,False,,25.83692518500638
,high_recall,0.69747406,gds-sw,37698,168976,53.064785975785085,-27.862616554066484,161012,False,False,False,,22.96348371965765
,high_recall,0.6974476,primer-uds-north,65681,31685,34.277196160017894,-5.113193640037382,30240,False,False,False,,27.14694413295501
,high_recall,0.69734347,ceers-full,10438,572161,214.85538778465462,52.75864288808839,535213,False,False,False,,21.480064707190913
,high_recall,0.69721943,gdn,52631,532185,189.33358598414648,62.246175282303795,497378,False,False,False,,26.388574152882093
rule-selected,high_recall,0.6972031,primer-uds-north,27772,71453,34.34922408551101,-5.1663219224737755,68122,False,False,False,,26.811021784854606
,high_recall,0.69717515,gds,35492,237340,53.17128350731778,-27.807424225775456,224317,False,False,False,,28.295219950388756
rule-selected,high_recall,0.6968875,gdn,55428,470312,189.09732466187043,62.2509536725341,439129,True,False,False,,27.24778097355581
published-or-labelled,high_recall,0.6968661,primer-cosmos-west,30865,351731,150.09797688214746,2.215170311447781,327445,False,False,False,0.0,22.975750691686557
,high_recall,0.6967727,primer-uds-south,3386,133775,34.481304483238745,-5.3174798397444105,127984,False,False,False,,24.224664386606403
rule-selected,high_recall,0.6966608,gdn,30910,516773,189.28549737478392,62.20629554991294,482886,True,False,False,,27.553009564352475
,high_recall,0.69665915,primer-cosmos-east,52459,429811,150.17811250380632,2.3599189120563855,400231,False,False,False,,27.6560431823704
,high_recall,0.69659287,primer-uds-south,37211,31390,34.27643401429696,-5.259091168571666,29954,False,False,False,,19.31836610964615
,high_recall,0.6964424,gds-sw,33278,161526,53.04768766004044,-27.868725278415678,154124,False,False,False,,22.95624906022885
,high_recall,0.6959862,primer-cosmos-west,58116,345594,150.0934795765751,2.281083995339978,322046,False,False,False,,27.704260041053086
,high_recall,0.6958679,gds-sw,20627,160533,53.04479569280882,-27.8877008260919,153221,False,False,False,,22.38107650207378
published-or-labelled,high_recall,0.6955868,gds-sw,18685,199185,53.11474438705978,-27.89042056618819,189028,False,False,False,0.0,24.60756337159005
,high_recall,0.69543827,primer-cosmos-east,21367,430160,150.17857996077888,2.2486562852206076,400569,False,False,False,,23.441158729106267
published-or-labelled,high_recall,0.6954219,primer-cosmos-west,62210,316941,150.07143517563304,2.291176985560625,296724,False,False,False,0.0,23.449966628109763
,high_recall,0.6951163,ceers-full,12781,611670,215.0076822737143,52.874100559640716,572620,False,False,False,,23.933284502588847
,high_recall,0.6947838,gds,23857,230736,53.16245185720365,-27.830579783324637,218181,False,False,False,,27.478254453811708
,high_recall,0.69419986,ceers-full,74688,568326,214.8384757261928,52.8852006131113,531576,False,False,False,,23.882833051551707
,high_recall,0.6941294,primer-uds-south,19666,69649,34.345499979794916,-5.287548564969201,66438,False,False,False,,26.922182376968678
,high_recall,0.6940406,gdn,23785,522469,189.30313889508633,62.19220794074441,488218,False,False,False,,25.70226924628862
,high_recall,0.6940197,primer-uds-south,32579,55007,34.318174865192915,-5.266055609332084,52468,False,False,False,,27.93613103510583
published-or-labelled,high_recall,0.69372004,gds,31875,199541,53.115381065848425,-27.814773968495217,189363,False,False,False,0.0,27.388308753060382
rule-selected,high_recall,0.69365937,primer-uds-south,50732,84324,34.37640758897057,-5.237081408659415,80499,True,False,False,,24.662760514020512
,high_recall,0.6936574,primer-uds-south,21241,104038,34.41697044309297,-5.284706997643034,99437,False,False,False,,27.329698380925024
,high_recall,0.6936561,primer-cosmos-east,47583,420175,150.16527033127656,2.3428455154204526,391026,False,False,False,,27.658749983995417
published-or-labelled,high_recall,0.69344395,primer-uds-south,41821,30208,34.27350888624552,-5.251359944079596,28818,True,False,False,0.0,24.558060459382908
,high_recall,0.6928892,primer-uds-south,22602,22991,34.25599530900546,-5.282292120713537,21889,False,False,False,,27.473888522055862
duplicate-sky-group,high_recall,0.6928521,gdn,32324,517007,189.28626467297235,62.20931880783453,483106,False,False,False,,26.73608074124148
rule-selected,high_recall,0.69269747,gds-sw,32759,161363,53.04720095738094,-27.870026393820968,153972,True,False,False,,21.945205298321692
,high_recall,0.6926425,primer-cosmos-east,57696,431365,150.18030428723404,2.3782899900569863,401717,False,False,False,,25.079294455934576
,high_recall,0.69256246,gds-sw,58354,184748,53.089638256654354,-27.8215145661488,175553,False,False,False,,27.498971699503585
rule-selected,high_recall,0.69242764,gdn,27838,524241,189.30848830454488,62.199098503871014,489894,True,False,False,,22.383300772937414
,high_recall,0.69240916,primer-uds-south,31458,62028,34.3305431466571,-5.268009418453347,59146,False,False,False,,22.475231798617436
,high_recall,0.69240123,primer-uds-south,64311,93227,34.394901823856806,-5.212934287454464,89041,False,False,False,,27.386737946087308
,high_recall,0.69207627,ceers-full,28423,601193,214.96236186081677,52.87003666092264,562694,False,False,False,,22.995021281691393
,high_recall,0.69197345,primer-uds-north,84205,67109,34.340353206451155,-5.084445763411653,64001,False,False,False,,25.174008865601238
,high_recall,0.6918496,primer-cosmos-west,11306,295932,150.04921171058706,2.161051004074951,277905,False,False,False,,26.13514186994031
,high_recall,0.6915658,primer-uds-north,66487,12158,34.231186811206214,-5.111939163346739,11492,False,False,False,,27.070576293885825
,high_recall,0.6914345,primer-cosmos-west,48370,361012,150.10545956091266,2.2582902306814185,335595,False,False,False,,27.314267225040922
,high_recall,0.6909554,primer-cosmos-west,107735,391171,150.13389538764284,2.4595437748047018,363499,False,False,False,,27.667855814926465
,high_recall,0.6907849,primer-cosmos-east,62204,439047,150.19217140224697,2.39509718590258,409085,False,False,False,,27.817109813974213
published-or-labelled,high_recall,0.6906371,primer-uds-north,78962,114668,34.439675831192666,-5.093795075881785,109644,False,True,False,,26.740405331977428
,high_recall,0.6904006,primer-cosmos-west,93781,369723,150.1131224812482,2.396891061501746,343520,False,False,False,,27.121488704227914
rule-selected,high_recall,0.6903805,gds,19633,183153,53.08716829694411,-27.840174706587383,174082,True,False,False,,22.788361391808245
,high_recall,0.69034064,ceers-full,14268,630296,215.1551767267094,52.980837206097966,590266,False,False,False,,20.417394934379317
published-or-labelled,high_recall,0.69016576,primer-uds-north,55265,29413,34.271611953037976,-5.128292542920909,28053,False,False,False,0.0,25.30202164366096
,high_recall,0.69005907,primer-uds-south,72954,93522,34.395473126392474,-5.19644261651958,89330,False,False,False,,27.35482981811623
,high_recall,0.6897492,primer-uds-north,41831,131351,34.47644184706443,-5.147199758421785,125655,False,False,False,,22.657748377008016
,high_recall,0.68972373,gdn,32341,516861,189.2857712075821,62.20932942042824,482968,False,False,False,,27.1418316270564
,high_recall,0.68967927,primer-cosmos-west,93081,356521,150.10174637252035,2.393982350349359,331697,False,False,False,,26.55787268319739
rule-selected,high_recall,0.6895946,primer-cosmos-west,91586,365195,150.10904150167846,2.3868316732701254,339468,True,False,False,,23.47855735397515
,high_recall,0.6895154,primer-cosmos-east,50539,427379,150.17486785274295,2.3527401918120865,397900,False,False,False,,22.48044582448818
,high_recall,0.6888847,ceers-full,66621,596590,214.94573035516626,52.943955283014624,558336,False,False,False,,26.489053050364674
published-or-labelled,high_recall,0.6887027,gdn,13340,491902,189.20716644117172,62.170391778829185,459614,False,False,False,0.0,28.14419423739087
published-or-labelled,high_recall,0.68842334,primer-cosmos-west,99084,336219,150.0863119288642,2.419555329947064,313766,False,False,False,0.0,26.33914146059349
,high_recall,0.6883982,primer-uds-south,7519,135415,34.48466043489082,-5.308770103436402,129563,False,False,False,,23.656822212920446
,high_recall,0.6883238,primer-cosmos-west,67010,368020,150.11161826507922,2.3018526331128353,341982,False,False,False,,26.54283896038301
,high_recall,0.68832105,primer-cosmos-west,55424,363657,150.10773646567984,2.275471538327057,338075,False,False,False,,24.984378465696167
,high_recall,0.68828803,primer-cosmos-west,92046,369711,150.11311516621413,2.3892004036728083,343508,False,False,False,,26.817331255628275
,high_recall,0.6882139,primer-cosmos-west,45300,349564,150.09641495652932,2.252704398022015,325529,False,False,False,,25.84361040822064
,high_recall,0.687746,gdn,3877,507932,189.25785178001425,62.146903323896446,474608,False,False,False,,28.01025616229846
,high_recall,0.687712,primer-uds-north,5649,55366,34.318799377735125,-5.2008395373504035,52811,False,False,False,,27.284029911967902
rule-selected,high_recall,0.6875702,ceers-full,38131,551826,214.73656188784528,52.728509734937816,515911,True,False,False,,27.39680224895343
,high_recall,0.68726426,gds-sw,35733,167591,53.062416323840175,-27.864859199038747,159717,False,False,False,,23.402051297261437
,high_recall,0.6868843,primer-uds-north,39652,54652,34.31758824206951,-5.149909718045895,52128,False,False,False,,27.54364959797569
,high_recall,0.6865565,primer-uds-south,30576,131941,34.477598535866335,-5.269185254253822,126213,False,False,False,,27.98140797851293
,high_recall,0.68616784,gds,51447,246122,53.18699140712589,-27.775630052911506,232515,False,False,False,,27.48996634072114
,high_recall,0.6860836,gdn,16733,517638,189.2884197084246,62.177520862633735,483697,False,False,False,,23.462756000886376
,high_recall,0.6859138,ceers-full,52101,557717,214.78654089381902,52.79814779643153,521484,False,False,False,,27.36454484846362
,high_recall,0.6858051,primer-uds-south,1853,54577,34.3174598778126,-5.321584580748928,52055,False,False,False,,24.124289222613218
,high_recall,0.6855291,primer-uds-south,45584,135600,34.48506449303364,-5.245582880988399,129743,False,False,False,,27.82767609540081
,high_recall,0.6851583,primer-uds-south,27911,33963,34.282221890716066,-5.2734191786007205,32438,False,False,False,,27.2672756700982
,high_recall,0.684521,primer-cosmos-west,103738,357272,150.1023547334076,2.44038882803821,332354,False,False,False,,24.35842897625609
published-or-labelled,high_recall,0.6839799,primer-uds-south,55329,12236,34.23135695624504,-5.229136023683224,11567,False,False,False,0.0,23.8050963965519
,high_recall,0.68397164,ceers-full,65660,610941,215.00455533266455,52.98352605085504,571937,False,False,False,,23.105056570701546
,high_recall,0.68395025,gdn,32285,519342,189.2938325492015,62.20923243037568,485280,False,False,False,,27.606637073106253
,high_recall,0.6838902,primer-cosmos-west,108004,383830,150.1265338501975,2.460837405109032,356551,False,False,False,,27.68219748319641
published-or-labelled,high_recall,0.6832514,primer-uds-south,28052,83961,34.375665626822425,-5.273230423292954,80148,False,False,False,0.0,26.855554103706552
,high_recall,0.6829854,primer-uds-south,25927,99149,34.40680283080999,-5.276714082411148,94739,False,False,False,,24.352253836294818
,high_recall,0.6825015,gdn,15115,530795,189.32905849235388,62.173838992266866,496069,False,False,False,,23.570875393990015
rule-selected,high_recall,0.6822835,gdn,32284,519571,189.29457971188697,62.209223797194625,485498,True,False,False,,27.774931611883417
rule-selected,high_recall,0.68150747,primer-cosmos-west,107986,384069,150.1267567344102,2.4607562644653393,356777,True,False,False,,27.732205508218108
rule-selected,high_recall,0.6814676,primer-cosmos-west,107918,385439,150.12817583650536,2.4602719257038506,358079,True,False,False,,27.493396459438898
,high_recall,0.68142503,primer-uds-south,10121,15545,34.238838213307574,-5.303719702063368,14731,False,False,False,,23.72636784459581
,high_recall,0.68142295,ceers-full,54553,565508,214.8263328410089,52.83279800689725,528907,False,False,False,,27.41253720103178
,high_recall,0.68133026,ceers-full,31493,561227,214.80527508624266,52.76281215934299,524822,False,False,False,,24.252291266247457
,high_recall,0.6812002,primer-uds-north,32024,140915,34.49562178876638,-5.160330278135843,134847,False,False,False,,26.900056274021463
,high_recall,0.68100446,primer-cosmos-east,53613,392593,150.13539131910392,2.364453106106746,364857,False,False,False,,27.655143603001694
,high_recall,0.68072504,gds,54744,247461,53.19020620710054,-27.769211868534114,233765,False,False,False,,22.805085616863387
published-or-labelled,high_recall,0.6806896,gds,53296,244157,53.18223860491646,-27.77182469640361,230677,False,False,False,0.0,28.355340269120802
,high_recall,0.68068343,primer-uds-north,68336,26576,34.26501557761393,-5.109407678400003,25327,False,False,False,,27.056556666923314
rule-selected,high_recall,0.6806578,primer-cosmos-west,38373,324351,150.07728485132264,2.2386417510166634,303291,True,False,False,,27.653201253993526
,high_recall,0.67962563,primer-uds-south,63416,109574,34.42829428624485,-5.214787431021318,104745,False,False,False,,26.28701106767399
,high_recall,0.6795091,primer-uds-north,31611,122308,34.45696346208729,-5.160878196767309,116999,False,False,False,,27.595610642471513
,high_recall,0.6794602,primer-cosmos-west,99317,367674,150.1112795420563,2.420472775507411,341673,False,False,False,,25.09022372787736
,high_recall,0.6790741,gdn,84812,548500,189.39492633471406,62.30804417637109,512755,False,False,False,,25.94375527567252
,high_recall,0.6785234,gdn,15721,503350,189.2447081559367,62.175602793770814,470358,False,False,False,,26.68159911784213
,high_recall,0.67845196,gdn,57799,544618,189.37896250158772,62.25486884832801,509073,False,False,False,,23.54290911693841
,high_recall,0.6782661,primer-uds-north,83461,7890,34.22146766439741,-5.085879148870657,7445,False,False,False,,25.24696222088207
,high_recall,0.6781446,primer-uds-north,39758,27274,34.266667315955935,-5.1497759501161315,25998,False,False,False,,27.43702386856437
published-or-labelled,high_recall,0.6780671,gdn,3172,501707,189.23952487611004,62.14441553055145,468819,False,False,False,0.0,28.277809061137642
rule-selected,high_recall,0.6780546,primer-cosmos-east,76041,375441,150.11826604937912,2.4506052715841835,348701,True,False,False,,27.999294568676966
,high_recall,0.677965,primer-cosmos-west,64452,359084,150.10382107321487,2.295929512399455,333957,False,False,False,,26.862926021261686
rule-selected,high_recall,0.6777402,primer-cosmos-east,76759,419346,150.1642197987518,2.4531806213503744,390238,True,False,False,,22.957655269074625
,high_recall,0.67769253,primer-cosmos-west,43221,311712,150.066920065717,2.24884828191647,291957,False,False,False,,26.19902739395537
,high_recall,0.6775226,primer-uds-south,13938,107489,34.42408317423445,-5.296949083847545,102740,False,False,False,,27.87998521890098
,high_recall,0.6774392,primer-uds-north,49338,87268,34.38259496660989,-5.136254527724245,83320,False,False,False,,27.691910328895247
published-or-labelled,high_recall,0.6773448,gds,23029,193739,53.104756734217965,-27.832287412616708,183926,False,False,False,0.0,26.412746748053053
published-or-labelled,high_recall,0.6770666,gdn,85835,482314,189.16611466993623,62.31090344284701,450554,False,False,False,0.0,23.438476055260857
,high_recall,0.67693573,gds,23329,234592,53.167620411395035,-27.831643437264493,221748,False,False,False,,27.790805223455514
published-or-labelled,high_recall,0.676867,ceers-full,76704,598358,214.95192914713115,52.971739871699846,560006,False,False,False,0.0,26.584044896613705
,high_recall,0.6768479,primer-cosmos-west,44825,340849,150.0900007983663,2.251803195335527,317863,False,False,False,,26.69621050868126
duplicate-sky-group,high_recall,0.6767615,ceers-full,3523,620566,215.04827256342256,52.88396410904246,580988,False,False,False,,27.29635234258179
,high_recall,0.67668664,primer-cosmos-east,74519,445104,150.2021549940098,2.4445759873277546,414893,False,False,False,,26.82709917938567
published-or-labelled,high_recall,0.67652744,primer-cosmos-west,27864,372040,150.11512589246922,2.2064776679339,345595,False,False,False,0.0,24.332379342398188
,high_recall,0.67630666,gds-sw,26689,214945,53.141825354471415,-27.878414882346437,203650,False,False,False,,28.579137569723464
,high_recall,0.67626375,primer-uds-north,55772,8219,34.22225839216765,-5.127381524166321,7759,False,False,False,,27.963952762679433
,high_recall,0.6761309,primer-cosmos-east,22224,408608,150.15167650310366,2.252365669661546,380011,False,False,False,,27.066093884693522
duplicate-sky-group,high_recall,0.67602336,primer-cosmos-west,39576,325761,150.07837015010256,2.241173842401991,304527,False,False,False,,27.90543576844135
,high_recall,0.67597276,gdn,83025,519105,189.29304336289255,62.30343888006549,485056,False,False,False,,23.23156972453957
,high_recall,0.6758875,gds-sw,19891,178606,53.08030387537434,-27.888430442897004,169907,False,False,False,,28.028491141223775
rule-selected,high_recall,0.67587465,primer-cosmos-west,40520,342603,150.09136287343594,2.243289389350977,319426,True,False,False,,28.106508337861683
,high_recall,0.6758492,primer-uds-north,30605,11532,34.22978153779569,-5.162289071182787,10903,False,False,False,,27.7674487859165
published-or-labelled,high_recall,0.6757897,primer-uds-south,19735,44567,34.301094234086115,-5.287985321873537,42551,False,False,False,0.0,23.780314439366247
,high_recall,0.6752702,ceers-full,26302,597405,214.94873609979882,52.856467846724776,559106,False,False,False,,27.17354357298877
,high_recall,0.6752224,primer-uds-north,34141,101272,34.41116679540113,-5.15741072282598,96776,False,False,False,,26.464811130974667
,high_recall,0.67515284,primer-cosmos-east,63196,440416,150.19443369257004,2.398774894517367,410404,False,False,False,,27.279816268229396
,high_recall,0.6749838,primer-cosmos-west,24276,321049,150.0746728325718,2.1971099206737215,300370,False,False,False,,28.20462916999348
,high_recall,0.67481345,primer-uds-north,44023,47579,34.30581800177947,-5.143975419986563,45421,False,False,False,,27.600686584488287
published-or-labelled,high_recall,0.6746434,primer-uds-north,66145,133219,34.4801648117109,-5.112523052458285,127446,False,False,False,0.0,23.092490019804323
,high_recall,0.67434764,gdn,51816,476400,189.135638401206,62.24484673495066,444941,False,False,False,,28.47948159333564
published-or-labelled,high_recall,0.6739687,primer-uds-south,40088,26665,34.26518594251812,-5.254110399959984,25411,False,False,False,,24.181483124630883
rule-selected,high_recall,0.6739687,primer-uds-south,10492,21962,34.25335040379333,-5.302891281037296,20900,True,False,False,,27.391260954605805
published-or-labelled,high_recall,0.6734607,ceers-full,17176,575565,214.8683398589181,52.78228557736175,538437,False,False,False,0.0,27.2432628935473
rule-selected,high_recall,0.6734368,primer-uds-south,57861,30421,34.2740403759555,-5.22473720269162,29023,True,False,False,,27.229574915749442
,high_recall,0.6732319,primer-uds-south,37879,100385,34.40940023252804,-5.257487194548783,95928,False,False,False,,21.565796012353054
,high_recall,0.672893,primer-uds-south,4742,131346,34.476429235372905,-5.314523546533085,125650,False,False,False,,26.449957527935922
published-or-labelled,high_recall,0.6727844,primer-uds-north,72212,62798,34.33201172835407,-5.104192117092664,59885,False,False,False,0.0,23.98828923606848
,high_recall,0.67259276,primer-cosmos-west,66312,351869,150.09808031034947,2.300316695454465,327571,False,False,False,,26.061968546427707
,high_recall,0.6724807,primer-uds-north,41469,8763,34.22351535129624,-5.147490655962133,8279,False,False,False,,27.421114546454582
published-or-labelled,high_recall,0.67242867,primer-cosmos-east,21529,435785,150.18693184644263,2.249431437058759,405948,False,False,False,0.0,26.293227087109805
,high_recall,0.6724077,ceers-full,60084,550123,214.70387534549687,52.754912765188045,514282,False,False,False,,26.986525992645202
,high_recall,0.6720739,primer-uds-north,74199,40472,34.29406808175598,-5.1012550316197265,38646,False,False,False,,27.980011492253926
,high_recall,0.6718254,primer-cosmos-east,54367,413837,150.15760116294604,2.3671513379558684,384981,False,False,False,,27.316200828708297
published-or-labelled,high_recall,0.6716077,ceers-full,46863,576163,214.87066828154735,52.84610707041675,538998,False,False,False,0.0,23.85804920118972
,high_recall,0.67148983,ceers-full,10525,628864,215.13389031560655,52.95959910289487,588899,False,False,False,,27.140341807254465
published-or-labelled,high_recall,0.6711723,gds-sw,30515,176194,53.07661510576126,-27.873381386635437,167683,False,False,False,0.0,21.80731756931307
,high_recall,0.67095894,primer-cosmos-west,47877,332121,150.08315718440338,2.2575683370681365,310148,False,False,False,,23.868971222104314
,high_recall,0.67084914,primer-cosmos-west,102863,361653,150.10596416434186,2.4361848930883925,336275,False,False,False,,22.326150448523098
published-or-labelled,high_recall,0.6707249,primer-uds-south,19425,62882,34.33218794426851,-5.288072351352796,59968,False,False,False,0.0,23.122318801058807
,high_recall,0.67070967,gdn,30953,516873,189.2857948467267,62.206502338826,482980,False,False,False,,27.371999118964588
published-or-labelled,high_recall,0.6703489,gds,42988,212593,53.13870944340182,-27.79248114255845,201502,True,True,False,,28.964410901305133
,high_recall,0.67027605,primer-uds-south,63624,106722,34.422447873517754,-5.214344770323454,102011,False,False,False,,25.093787624773963
,high_recall,0.6702629,gds-sw,47131,216826,53.144300836407396,-27.84552727967753,205378,False,False,False,,23.231752044501192
,high_recall,0.67021567,primer-cosmos-east,46520,400534,150.14335189490575,2.3386302014003,372377,False,False,False,,23.45136193164565
,high_recall,0.669952,primer-uds-south,20407,90245,34.388788455644075,-5.286142719606507,86174,False,False,False,,27.331239164997346
,high_recall,0.6698038,gds,9562,194864,53.106896512218604,-27.859417698294347,184969,False,False,False,,23.375564900581086
,high_recall,0.66976607,ceers-full,47320,575083,214.86665843805827,52.84358477909438,537981,False,False,False,,22.757210537612988
published-or-labelled,high_recall,0.66954136,ceers-full,62163,581076,214.88906440312448,52.89261581766419,543663,False,False,False,0.0,23.174186875603176
,high_recall,0.669447,ceers-full,17794,560314,214.80095805201375,52.73422597614419,523951,False,False,False,,27.159373376941577
,high_recall,0.66929084,primer-cosmos-east,80740,394678,150.13748339631832,2.4716760913489817,366831,False,False,False,,26.953118174983093
,high_recall,0.669049,primer-cosmos-west,59369,367448,150.11109765123965,2.2856169556840897,341468,False,False,False,,23.97017322472057
,high_recall,0.668976,primer-uds-north,59385,96558,34.401657499674336,-5.1224053390006,92258,False,False,False,,23.381988623574102
published-or-labelled,high_recall,0.66888285,gds,38145,232231,53.16446870142893,-27.802183862710084,219555,False,False,False,0.0,28.02849125841709
,high_recall,0.66857326,primer-uds-north,36616,140076,34.493998595595706,-5.153981603495432,134036,False,False,False,,27.44504295983161
published-or-labelled,high_recall,0.6683335,primer-cosmos-east,32842,420174,150.1652693844663,2.292679255428613,391025,False,False,False,0.0,27.359719872213752
,high_recall,0.668271,ceers-full,65734,582725,214.89454882981082,52.90470454209569,545220,False,False,False,,22.760651916610822
,high_recall,0.6682363,primer-cosmos-west,106650,374821,150.11769681247904,2.453335469805755,348138,False,False,False,,27.575167154146364
,high_recall,0.6680032,primer-cosmos-west,41885,319244,150.07330304734577,2.2462208446488074,298787,False,False,False,,28.492647409302833
published-or-labelled,high_recall,0.66765106,primer-cosmos-east,61748,383927,150.1266240582313,2.3930499819680167,356642,False,False,False,0.0,25.594910020407912
,high_recall,0.66761935,primer-cosmos-east,3802,397049,150.1398391913432,2.1626021285430514,368985,False,False,False,,27.367886336466572
published-or-labelled,high_recall,0.6669649,primer-uds-north,50522,68670,34.34353220948223,-5.134772383535633,65499,False,False,False,0.0,22.60819820556877
,high_recall,0.66640395,primer-cosmos-west,111596,389667,150.13239022672389,2.479654815197879,362080,False,False,False,,27.390469599239758
,high_recall,0.6662355,ceers-full,15811,623742,215.07225201948498,52.925336401263515,584012,False,False,False,,23.821316336335645
,high_recall,0.6659928,primer-uds-north,70537,125434,34.463719123996846,-5.106547899361696,119981,False,False,False,,23.510192751270953
published-or-labelled,high_recall,0.6659869,gds,55657,226443,53.156826225165126,-27.76716313665917,214209,False,False,False,0.0,27.732089690320525
,high_recall,0.66575676,primer-uds-north,76002,2775,34.206455517856384,-5.098588145880954,2619,False,False,False,,27.979146777812193
rule-selected,high_recall,0.6657078,primer-cosmos-west,106702,374723,150.11761234448085,2.454226067541473,347973,False,False,False,,27.736721203851154
,high_recall,0.6650735,primer-cosmos-east,72894,374947,150.11780280964035,2.4378979502430753,348250,False,False,False,,27.627776810937817
,high_recall,0.6650301,primer-cosmos-west,66218,381603,150.1243476485742,2.299981263046522,354452,False,False,False,,26.642669351476293
,high_recall,0.66488683,primer-cosmos-east,33914,375091,150.11792390332008,2.2960207350310102,348376,False,False,False,,26.07737814481185
,high_recall,0.66458786,ceers-full,3832,629438,215.14090816206854,52.95129329058899,589444,False,False,False,,26.321820977903787
,high_recall,0.6644981,primer-cosmos-east,57809,431244,150.18014485026856,2.3788540345042657,401557,False,False,False,,26.987115278966836
published-or-labelled,high_recall,0.6642725,ceers-full,51912,584196,214.89944061605485,52.879156373699104,546602,False,False,False,0.0,27.96236806673193
,high_recall,0.6642651,gdn,62666,543164,189.3733510608249,62.26465555919425,507695,False,False,False,,28.174221004551498
,high_recall,0.66420066,gdn,43319,511830,189.26958733503062,62.230467843838255,478254,False,False,False,,27.632938542611132
,high_recall,0.664145,ceers-full,57132,550875,214.72255628830976,52.76314241560416,515006,False,False,False,,24.912655394986402
rule-selected,high_recall,0.6641319,primer-uds-south,62913,53102,34.314950570073854,-5.215905943046532,50661,True,False,False,,22.923350178345224
,high_recall,0.6640559,primer-cosmos-east,39262,434574,150.18508602987376,2.3125525635091684,404788,False,False,False,,26.90327539566474
rule-selected,high_recall,0.6637623,primer-cosmos-west,51669,336452,150.08648120179868,2.264299657686942,313967,True,False,False,,21.978471762675465
published-or-labelled,high_recall,0.66374236,primer-uds-north,66691,78556,34.36378033630739,-5.111914020303261,74960,True,False,False,0.0,21.899118243671325
,high_recall,0.66365886,gds-sw,18209,161537,53.04771831635727,-27.891140090707104,154081,False,False,False,,28.940391325367393
,high_recall,0.663505,gds-sw,25436,156126,53.03163952817761,-27.88128430964206,149213,False,False,False,,22.68013464803791
,high_recall,0.6634286,primer-cosmos-west,7732,316928,150.07142481855198,2.1561810610582697,296699,False,False,False,,26.211729366006203
,high_recall,0.6629529,primer-uds-north,58131,117412,34.44592446359022,-5.1241320963035415,112280,False,False,False,,27.193036466529453
,high_recall,0.66286266,ceers-full,52882,554167,214.76323061108013,52.782681790340504,518130,False,False,False,,23.55314350769898
,high_recall,0.6627037,gds,4646,177977,53.079400221645656,-27.87082876027629,169335,False,False,False,,21.732553536189762
published-or-labelled,high_recall,0.6626677,ceers-full,61927,591419,214.92575688133678,52.918525936478936,553424,False,False,False,0.0,23.321177059275144
,high_recall,0.6623254,primer-cosmos-east,81027,407714,150.15076140270955,2.4726619769060307,379162,False,False,False,,27.583116629382644
,high_recall,0.6622634,gds,45613,244875,53.18392214638075,-27.786908062806305,231340,False,False,False,,28.58053905792516
,high_recall,0.6622441,primer-uds-south,39054,88870,34.38595312976345,-5.25545639529521,84848,False,False,False,,27.62260139854714
,high_recall,0.66209567,primer-cosmos-west,37958,351321,150.09766370288102,2.237853971496025,327072,False,False,False,,27.607577516266208
rule-selected,high_recall,0.6620795,primer-cosmos-west,106310,375000,150.11785237811395,2.452625585020467,348299,True,False,False,,27.824625150262676
,high_recall,0.66198885,gdn,20831,487253,189.18826130886788,62.185189321190244,455216,False,False,False,,23.20346136053957
published-or-labelled,high_recall,0.6618263,ceers-full,77384,591425,214.9257707314494,52.954446013678876,553429,False,False,False,0.0,24.385149728281476
,high_recall,0.6616582,primer-uds-south,6528,119055,34.44960380368159,-5.310658096951086,113860,False,False,False,,26.78642809091243
,high_recall,0.6611672,primer-uds-north,77284,3867,34.21022700762224,-5.09668113556632,3652,False,False,False,,23.615349152614396
rule-selected,high_recall,0.66111195,gdn,26285,513709,189.27548272482193,62.197147276611275,480018,True,False,False,,27.767290050221437
,high_recall,0.6608124,primer-uds-north,9770,147766,34.510929703408785,-5.193221048755948,141395,False,False,False,,26.869496315738076
,high_recall,0.66063505,primer-cosmos-east,84520,410225,150.1535671588119,2.4902462319085066,381561,False,False,False,,26.62190501250149
,high_recall,0.66062325,gdn,81955,472205,189.11005517959504,62.30120120699539,440932,False,False,False,,27.838026353136733
,high_recall,0.6604993,primer-uds-north,62801,6957,34.219191930824465,-5.117318041842883,6534,False,False,False,,27.662820842320972
,high_recall,0.66045266,primer-cosmos-west,43348,340725,150.08990717943672,2.2490955131692694,317755,False,False,False,,27.03545929912235
rule-selected,high_recall,0.6603971,gdn,32283,519663,189.29490303376105,62.2092044540538,485587,True,False,False,,27.671973143391206
,high_recall,0.660317,primer-cosmos-west,75010,322069,150.07545264664031,2.3235848416572273,301264,False,False,False,,25.281680210904835
rule-selected,high_recall,0.65991104,primer-uds-north,17414,150831,34.52355156045164,-5.180396410210852,144291,False,False,False,,23.411999296665062
,high_recall,0.65963584,primer-uds-north,80664,17330,34.242699816415154,-5.09090430575704,16432,False,False,False,,27.12712593126649
rule-selected,high_recall,0.65953636,gds-sw,47776,216288,53.1435786676066,-27.843728762626498,204877,True,False,False,,27.702709506384007
,high_recall,0.6595194,primer-uds-north,70534,2997,34.207325600863946,-5.106394347359895,2833,False,False,False,,28.5185317315444
rule-selected,high_recall,0.6594987,ceers-full,5521,625542,215.09143517843142,52.91999490278335,585718,True,False,False,,20.820221305414318
,high_recall,0.6594736,primer-cosmos-east,73904,441718,150.1965540283243,2.4420498863011444,411645,False,False,False,,27.134328940800984
,high_recall,0.65943575,primer-uds-south,25549,143089,34.49990689516622,-5.277212382058985,136935,False,False,False,,27.56470698339023
published-or-labelled,high_recall,0.6593974,gds,38334,209349,53.132850153815156,-27.801860808713954,198468,False,True,False,,26.96419480656979
published-or-labelled,high_recall,0.65933627,primer-uds-north,36953,87075,34.38221548514598,-5.153889775197956,83135,False,False,False,0.0,23.995011820951465
published-or-labelled,high_recall,0.6587696,gds-sw,26258,212668,53.13881431500856,-27.8790940964862,201568,False,False,False,0.0,26.552370396175892
,high_recall,0.6587591,primer-cosmos-west,37991,309757,150.06494683179272,2.237829916896919,290312,False,False,False,,25.87958992797927
,high_recall,0.6583976,ceers-full,18249,571860,214.8540659829927,52.773549995578925,534924,False,False,False,,23.155945720777666
rule-selected,high_recall,0.6582325,primer-uds-north,7350,20240,34.249096938877706,-5.198061307547379,19243,True,False,False,,22.288210358807525
,high_recall,0.6580919,primer-cosmos-west,62895,362783,150.10695971984342,2.2930346853929495,337289,False,False,False,,26.31542673595195
,high_recall,0.65801823,primer-uds-south,9194,84668,34.37714988783778,-5.305334280244114,80819,False,False,False,,27.15062557666387
rule-selected,high_recall,0.6578619,primer-uds-north,86616,93076,34.39453756425567,-5.077665890402645,88898,True,False,False,,21.981278302622425
,high_recall,0.65744644,primer-cosmos-east,80122,379288,150.12203140635023,2.4688312524470897,352287,False,False,False,,27.885288968071723
,high_recall,0.6573063,gds,45739,216144,53.1433727984947,-27.786814966340124,204741,False,False,False,,25.937673029953785
,high_recall,0.6572328,gdn,74569,484505,189.17590102204727,62.286489444846026,452612,False,False,False,,21.428646148906275
,high_recall,0.6571108,primer-uds-north,14229,58975,34.32505191842157,-5.185519803211829,56234,False,False,False,,22.9192675373515
,high_recall,0.6570726,primer-cosmos-east,85246,377825,150.12056303719245,2.4940371065802354,350927,False,False,False,,24.769230059220455
,high_recall,0.6570047,primer-cosmos-west,76500,309372,150.0645288938128,2.3290223198822915,289951,False,False,False,,20.290792696677176
,high_recall,0.6567621,primer-uds-north,34943,91565,34.39159866212065,-5.156414025751258,87445,False,False,False,,23.00901279640857
rule-selected,high_recall,0.65660834,gds-sw,41152,162163,53.04944318229348,-27.855940512792433,154715,True,False,False,,27.763977386824006
,high_recall,0.65657485,primer-uds-south,10307,145397,34.504816903493555,-5.303292088874363,139147,False,False,False,,24.77399440734667
,high_recall,0.65657413,primer-cosmos-west,110747,386202,150.12894561898742,2.474980520576642,358802,False,False,False,,22.414522013401125
,high_recall,0.6565317,primer-uds-south,46655,149664,34.51761184653615,-5.244762591607662,143175,False,False,False,,24.43661939719456
,high_recall,0.65653,gds,21654,172300,53.07031273768141,-27.83578147683183,164095,False,False,False,,23.34696248534386
,high_recall,0.6563842,primer-uds-south,20668,90227,34.38876741946071,-5.285658706865249,86156,False,False,False,,27.47680750304633
,high_recall,0.656343,gds,55843,248790,53.19356167784987,-27.766640453230366,234970,False,False,False,,28.524497920877746
,high_recall,0.6562281,primer-cosmos-east,59821,439989,150.19375922201493,2.3858525013516863,409993,False,False,False,,23.905069171629325
,high_recall,0.6561531,gds,32284,244051,53.18200556319116,-27.814183721217375,230579,False,False,False,,22.881476340283623
rule-selected,high_recall,0.6561216,gdn,51177,465350,189.063716110723,62.24379686922619,434374,True,False,False,,27.825349661996157
,high_recall,0.656069,gds,46196,209008,53.132198166704974,-27.78578648879435,198146,False,False,False,,28.382994182692578
,high_recall,0.65600896,gds,52019,242921,53.1795397076388,-27.774437453111762,229523,False,False,False,,28.131289126177506
,high_recall,0.6559197,primer-uds-south,48090,114579,34.43945838547454,-5.241561920730595,109557,False,False,False,,26.06318313080053
rule-selected,high_recall,0.6558455,primer-cosmos-west,74345,352465,150.09853842872474,2.3208705866795407,328114,True,False,False,,22.036064235863012
,high_recall,0.6557123,primer-uds-north,55282,30292,34.273723392205,-5.128028085531668,28899,False,False,False,,28.24846593777652
,high_recall,0.655608,primer-uds-north,55070,128906,34.47143097345023,-5.128451849956408,123304,False,False,False,,24.297210786150483
,high_recall,0.65537715,primer-uds-north,43310,116006,34.442740406287996,-5.144970601872348,110925,False,False,False,,27.48326269239149
duplicate-sky-group,high_recall,0.65528756,primer-uds-south,46071,149646,34.517520111242845,-5.244763880894364,143175,False,False,False,,25.021638738300027
,high_recall,0.655253,primer-uds-north,30684,11387,34.229455121996075,-5.1621193198316,10762,False,False,False,,28.234527653624475
,high_recall,0.654864,primer-uds-south,46790,77342,34.36125103838913,-5.243832431880586,73797,False,False,False,,22.811364548811724
,high_recall,0.65482545,primer-cosmos-west,50853,319628,150.07359674723384,2.2630558764588917,299034,False,False,False,,27.838199400800676
,high_recall,0.6546139,primer-uds-north,41827,17070,34.24216485091903,-5.147339116974524,16185,False,False,False,,22.635583873107343
,high_recall,0.65452796,gdn,68482,534969,189.34316604782842,62.27571892064508,499968,False,False,False,,28.06675039202856
rule-selected,high_recall,0.6545019,gdn,22244,521263,189.29966244047,62.18871779299406,487098,False,False,False,,24.694337843822147
,high_recall,0.65411884,primer-uds-south,57589,19626,34.24770036106326,-5.225247150438362,18652,False,False,False,,27.369248900781177
,high_recall,0.6541124,primer-uds-south,23133,31930,34.27782635790535,-5.281482247387824,30473,False,False,False,,27.330990211165172
,high_recall,0.65392256,gdn,29382,500632,189.2361568033559,62.2032294623667,467754,False,False,False,,28.28772823684415
,high_recall,0.6539067,ceers-full,10857,618489,215.03690764824498,52.89175863359813,579052,False,False,False,,27.144507182617495
,high_recall,0.6537662,primer-cosmos-west,93018,369316,150.1127635846315,2.3934380679601843,343150,False,False,False,,22.096389559424722
,high_recall,0.6534261,gdn,25709,486991,189.18710354927745,62.19594828149869,454971,False,False,False,,24.267652380204645
,high_recall,0.6533879,primer-cosmos-east,40177,429830,150.1781320182836,2.3156483518583277,400250,False,False,False,,27.446839674908606
published-or-labelled,high_recall,0.6533034,ceers-full,27473,624675,215.08172477795114,52.954144395959936,584906,False,False,False,0.0,26.1106387748737
,high_recall,0.65313834,primer-cosmos-east,81846,409060,150.1522038833447,2.476910576249858,380443,False,False,False,,27.846027388726224
published-or-labelled,high_recall,0.65280837,primer-uds-north,66693,78565,34.36379811869901,-5.1117790429687595,74960,False,False,False,,22.94965272188687
published-or-labelled,high_recall,0.65277976,primer-uds-south,22911,30609,34.27452753604157,-5.281893478341252,29205,False,False,False,0.0,24.44760904226259
,high_recall,0.6526049,primer-uds-north,8272,77835,34.3622942621471,-5.195981438326695,74270,False,False,False,,27.9414451704169
,high_recall,0.65249413,primer-uds-south,22863,101396,34.411442172701605,-5.281889760653628,96897,False,False,False,,27.415587235651017
,high_recall,0.6524807,primer-uds-south,42969,107369,34.42383765748354,-5.249650689181731,102625,False,False,False,,25.712508234899907
published-or-labelled,high_recall,0.6524361,primer-cosmos-west,85955,348970,150.09596437226182,2.365260958769877,325019,False,False,False,0.0,23.025753802609927
,high_recall,0.6518326,gdn,36370,508809,189.26058025425056,62.21730097972465,475428,False,False,False,,22.496969743037507
published-or-labelled,high_recall,0.65180176,primer-cosmos-east,20618,430249,150.17871058899468,2.245324824434086,400652,False,False,False,0.0,26.406125085398116
,high_recall,0.65173984,primer-uds-north,61526,12934,34.232983981764164,-5.119271195302362,12238,False,False,False,,25.84116044194905
rule-selected,high_recall,0.6510997,primer-uds-south,8398,71447,34.349209873343206,-5.306932759391377,68117,True,False,False,,26.874753647484397
,high_recall,0.6509777,gds,19457,199290,53.11492730343744,-27.83938199992605,189129,False,False,False,,27.94382341040284
,high_recall,0.65066296,primer-cosmos-east,76680,370964,150.1141395710702,2.453166356877876,344640,False,False,False,,26.319850532219704
rule-selected,high_recall,0.65045536,primer-cosmos-east,61675,441632,150.19640898118044,2.3929312643042513,411563,True,False,False,,27.931959497129277
,high_recall,0.6504345,primer-cosmos-east,12238,417134,150.16148909248466,2.2074937650721966,388127,False,False,False,,27.815350113951247
,high_recall,0.65033865,primer-uds-north,47176,49399,34.308889452092124,-5.1393285195342076,47147,False,False,False,,28.235795772187977
,high_recall,0.6502106,primer-cosmos-east,80637,397611,150.14042481953732,2.4712388276763497,369590,False,False,False,,26.864186856114745
,high_recall,0.6495445,gds-sw,9178,171883,53.069584901989764,-27.910807490511395,163700,False,False,False,,27.59787334228603
published-or-labelled,high_recall,0.64922553,primer-uds-south,63291,32784,34.2797781427118,-5.215053783569207,31299,False,False,False,0.0,24.221921875358454
,high_recall,0.6490489,gdn,89418,544420,189.37817664866756,62.32235094487752,508889,False,False,False,,27.003489072104387
published-or-labelled,high_recall,0.6487591,primer-uds-north,40707,79135,34.36508449094752,-5.148848410100186,75513,False,False,False,0.0,22.689929892389962
,high_recall,0.6485526,ceers-full,18885,571634,214.853245024555,52.7736770996124,534709,False,False,False,,26.482048447248793
,high_recall,0.648297,primer-uds-north,3470,4995,34.2137908992348,-5.20499134537132,4725,False,False,False,,24.990928463768437
,high_recall,0.64820534,ceers-full,47862,599133,214.95477066084078,52.90918722789339,560744,False,False,False,,28.038313673221992
rule-selected,high_recall,0.64796656,primer-cosmos-east,40735,420810,150.16603503127385,2.317724681467023,391635,True,False,False,,27.7095689723636
,high_recall,0.64777493,primer-uds-north,10836,149712,34.517765859179974,-5.191336155681412,143234,False,False,False,,27.200055218662776
published-or-labelled,high_recall,0.6475892,primer-cosmos-west,28675,364877,150.10875466781877,2.2087109653775236,339175,False,False,False,0.0,23.416957275675482
,high_recall,0.6475658,primer-uds-north,24498,110474,34.430186323961834,-5.170622725736358,105616,False,False,False,,26.81783060701938
,high_recall,0.64750046,primer-uds-south,24532,91232,34.39085693090468,-5.27910087487875,87123,False,False,False,,23.06450129165847
,high_recall,0.6473505,primer-cosmos-east,79784,410506,150.15390029019926,2.4671555371430705,381823,False,False,False,,24.696584746195786
published-or-labelled,high_recall,0.6468822,gds,22576,198801,53.114082381397395,-27.833262531412448,188668,False,False,False,0.0,27.12845742334256
,high_recall,0.6467681,gds,65077,232313,53.164566632972516,-27.746162780458498,219632,False,False,False,,27.82131564110943
,high_recall,0.646686,primer-uds-north,74397,22324,34.254269493710254,-5.1010074967266155,21199,False,False,False,,25.73986503755926
,high_recall,0.64664835,ceers-full,68515,593119,214.9323899921479,52.938257967206255,555033,False,False,False,,24.590066476395503
,high_recall,0.64630944,primer-uds-south,32817,137511,34.4889408359865,-5.265739089034943,131569,False,False,False,,26.346955286306024
,high_recall,0.646197,primer-uds-south,41652,129302,34.47225323001919,-5.251559385227295,123685,False,False,False,,25.81268729659366
,high_recall,0.6461778,primer-cosmos-east,39488,435831,150.18698470457267,2.3133712312472126,405991,False,False,False,,28.165683052535506
rule-selected,high_recall,0.6458976,primer-cosmos-west,39968,330672,150.0820748167592,2.240946126168851,308863,True,False,False,,22.721593804862444
,high_recall,0.64572954,primer-uds-north,69205,125853,34.46461461904048,-5.108758926750002,120383,False,False,False,,23.465721618846406
,high_recall,0.64535856,primer-uds-north,29906,31229,34.276040737020956,-5.163282636972775,29799,False,False,False,,26.59256547560358
,high_recall,0.6453418,ceers-full,78232,565122,214.8247063099559,52.88359577141867,528540,False,False,False,,22.20797690668689
rule-selected,high_recall,0.6452581,primer-cosmos-west,106632,374764,150.11764691785663,2.4540940154285704,347973,True,False,False,,27.782416427405597
,high_recall,0.6447438,primer-cosmos-east,35815,439479,150.19287564636772,2.301639966238702,409494,False,False,False,,26.952265390439482
,high_recall,0.6444956,primer-cosmos-east,49533,419501,150.16443399348944,2.3497243580362146,390386,False,False,False,,27.700696595393634
,high_recall,0.6441138,primer-cosmos-west,46693,355824,150.1011952433713,2.2554018854437228,330986,False,False,False,,28.033737832223885
published-or-labelled,high_recall,0.643944,primer-cosmos-west,52475,383098,150.12582634140398,2.2666654002232205,355779,False,False,False,,25.32418061493252
,high_recall,0.64354706,primer-uds-north,64579,82620,34.37283374669858,-5.114874155516354,78863,False,False,False,,21.871893154757466
,high_recall,0.64337236,primer-cosmos-east,39892,438680,150.19152099996575,2.3146825109340856,408730,False,False,False,,24.5298689322508
,high_recall,0.643317,ceers-full,14852,625053,215.085661915636,52.93410295804988,585255,False,False,False,,27.77699492873247
,high_recall,0.64324,gds,52507,229350,53.16061646311052,-27.77624542617092,216902,False,False,False,,21.99834787109761
,high_recall,0.64319557,primer-uds-north,12064,148232,34.51238373315593,-5.189237937109996,141838,False,False,False,,22.301692335709625
rule-selected,high_recall,0.6431317,gds-sw,64973,169180,53.06508405870002,-27.80650719148007,161203,True,False,False,,27.7705241841309
,high_recall,0.6430556,gdn,34445,519741,189.2951284673383,62.213668867972096,485659,False,False,False,,28.129534143170236
rule-selected,high_recall,0.6424278,primer-uds-south,8101,15619,34.23901916477046,-5.307421290586661,14804,True,False,False,,26.725485307437445
,high_recall,0.64240956,primer-cosmos-east,31937,432277,150.18158618535634,2.2895016272682427,402600,False,False,False,,23.12163647392727
,high_recall,0.64240646,primer-uds-north,15836,126955,34.46709130878243,-5.182676822579668,121433,False,False,False,,27.849834699036972
published-or-labelled,high_recall,0.6423579,gds,41878,202908,53.12136089656041,-27.794786262389593,192512,False,False,False,0.0,27.880615581950426
,high_recall,0.64205056,primer-uds-north,63977,91416,34.39125965230514,-5.115602736878472,87302,False,False,False,,27.03849031134673
,high_recall,0.6418343,primer-uds-south,15714,114106,34.43830556908938,-5.294297491845391,109099,False,False,False,,22.870220853007446
,high_recall,0.6416396,primer-uds-north,30845,48821,34.3079815130889,-5.161895494862052,46600,False,False,False,,27.82270141853105
,high_recall,0.64155585,primer-uds-south,10345,145576,34.50517446690715,-5.303199485493122,139313,False,False,False,,26.27466244679202
,high_recall,0.64143735,gds,47965,252665,53.20826601696254,-27.78234721649536,238634,False,False,False,,26.60141699026608
,high_recall,0.6414204,primer-cosmos-west,77767,312971,150.06815187819203,2.3343364382536156,293204,False,False,False,,22.50620290874228
published-or-labelled,high_recall,0.6412123,primer-uds-south,44494,91495,34.39142712656726,-5.247345552817701,87377,False,False,False,0.0,22.43444037825433
,high_recall,0.6412081,primer-uds-north,75442,31991,34.27796910970393,-5.099460476646524,30532,False,False,False,,28.242014930460904
,high_recall,0.6411491,primer-uds-south,63147,90038,34.388346867134175,-5.215251587327949,85971,False,False,False,,26.265902212140855
,high_recall,0.6408159,primer-uds-north,58912,29813,34.27256337649309,-5.123039762443429,28438,False,False,False,,28.475829929310578
,high_recall,0.6405394,primer-cosmos-west,42855,363378,150.10748957192322,2.247949717110077,337822,False,False,False,,25.115178788830804
,high_recall,0.6405356,ceers-full,39584,559829,214.7985157466541,52.776435993137575,523484,False,False,False,,26.18338782748755
,high_recall,0.6399663,gds,2925,217984,53.14590773286909,-27.872118712009467,206435,False,False,False,,22.849905781916995
,high_recall,0.6399176,primer-cosmos-west,36353,373566,150.11650371247995,2.234134143419636,346980,False,False,False,,27.93829017341117
,high_recall,0.63990897,primer-cosmos-west,49697,333646,150.08426545115069,2.2608281728557533,311507,False,False,False,,28.237397949857495
,high_recall,0.639807,gdn,32340,519221,189.29344511512048,62.20934586087984,485166,False,False,False,,27.87262387125071
,high_recall,0.6394033,primer-uds-north,75768,21380,34.25191780798316,-5.099122785034943,20341,False,False,False,,22.79224575572375
,high_recall,0.6393026,ceers-full,65731,595220,214.9407112085223,52.93799830392624,557044,False,False,False,,24.050419346013122
rule-selected,high_recall,0.6390894,ceers-full,78721,555027,214.76994396218586,52.84571454192573,518939,True,False,False,,27.96102770882018
,high_recall,0.6390346,primer-uds-north,47927,5292,34.214698233292005,-5.139463782737483,5002,False,False,False,,25.808369699652424
published-or-labelled,high_recall,0.6389816,ceers-full,52276,581961,214.89192816863286,52.873918673532614,544489,True,True,False,,27.787254149388122
,high_recall,0.63885105,primer-uds-north,52042,135929,34.485789844362316,-5.132419409376518,130059,False,False,False,,27.447630493614305
,high_recall,0.6387461,ceers-full,38092,554484,214.76585880404915,52.749649186839456,518423,False,False,False,,26.97197650482783
published-or-labelled,high_recall,0.6385632,ceers-full,29594,600877,214.9610724487202,52.87162476628644,562397,False,False,False,0.0,27.432879131666596
,high_recall,0.63848084,primer-cosmos-west,95495,348956,150.09595015557377,2.4040806778205392,325008,False,False,False,,22.415843886434004
rule-selected,high_recall,0.6384259,gdn,70521,463665,189.0506440280715,62.27934860897784,432762,True,False,False,,27.908155278191852
,high_recall,0.63824284,primer-cosmos-west,38301,316509,150.07109660336386,2.2382458741642886,296334,False,False,False,,27.678720984719543
,high_recall,0.63789165,primer-cosmos-west,8307,323881,150.07690550462274,2.156926661120753,302869,False,False,False,,26.986531410468405
,high_recall,0.63788867,primer-uds-south,20118,23736,34.25813715991079,-5.286688535747708,22607,False,False,False,,27.33005064267318
published-or-labelled,high_recall,0.6375042,gds,47563,238428,53.17279533361655,-27.783146368964527,225329,False,True,False,,28.678099699939793
,high_recall,0.63732725,primer-cosmos-west,42749,347794,150.09505573035491,2.2477656383933744,323967,False,False,False,,26.712537227224935
,high_recall,0.6373014,primer-cosmos-west,18573,363811,150.10786982779464,2.178618001507291,338213,False,False,False,,26.455932069697223
,high_recall,0.636771,ceers-full,67221,612939,215.01277781953493,52.99333553418452,573822,False,False,False,,25.806948825627682
,high_recall,0.63673955,gdn,41770,468975,189.0885020876119,62.227632994155684,437840,False,False,False,,27.79989982020246
,high_recall,0.63668656,ceers-full,574,624441,215.0794465554353,52.881850661634495,584685,False,False,False,,22.163903518250013
,high_recall,0.6366208,primer-uds-north,49091,59726,34.32636060586938,-5.13664035319189,56948,False,False,False,,27.725924190627023
published-or-labelled,high_recall,0.63643587,primer-uds-south,62259,33165,34.28056154046366,-5.217175893454446,31663,False,False,False,0.0,22.877832741388417
,high_recall,0.63623816,primer-cosmos-west,90081,322556,150.07584010058713,2.3807224814501486,301699,False,False,False,,21.347249568125502
published-or-labelled,high_recall,0.63602144,ceers-full,54867,572310,214.85597953359706,52.85466072800879,535353,False,False,False,0.0,22.93755985615578
rule-selected,high_recall,0.636011,primer-cosmos-east,76788,374849,150.11772539639196,2.4537051608335765,348020,False,False,False,,27.74068618224531
,high_recall,0.6359508,primer-uds-south,45528,81974,34.37139235442309,-5.2458240434267065,78248,False,False,False,,22.38081243144338
,high_recall,0.63570225,primer-uds-north,39225,19078,34.24648359621641,-5.150524931873872,18123,False,False,False,,27.799101118928405
,high_recall,0.63519233,primer-cosmos-west,21041,360302,150.1048614529811,2.187229113163153,335059,False,False,False,,26.43733516107757
published-or-labelled,high_recall,0.6350788,primer-cosmos-east,72862,426197,150.1732845559544,2.4376723190852077,396760,True,True,False,,24.760843573289556
published-or-labelled,high_recall,0.63506716,gds,43192,198985,53.11439350226329,-27.792106189898412,188839,False,False,False,0.0,27.217052803817907
,high_recall,0.63504535,primer-uds-north,27414,12090,34.23104632224649,-5.167789969184465,11427,False,False,False,,24.297157189638007
,high_recall,0.63495326,gdn,84624,524001,189.30778796299296,62.30730334773908,489667,False,False,False,,22.10120990196365
rule-selected,high_recall,0.63471377,primer-cosmos-east,76796,374671,150.11762717638013,2.4536371185217645,348020,True,False,False,,27.449907173996294
published-or-labelled,high_recall,0.6345704,primer-cosmos-west,25017,367536,150.11117272470426,2.199034642876568,341549,False,False,False,0.0,26.312944424129448
published-or-labelled,high_recall,0.6344053,primer-cosmos-west,99121,338207,150.0877841143074,2.419692829067518,315482,True,False,False,0.0,27.324389363882204
,high_recall,0.6341014,primer-cosmos-east,29770,413334,150.1570438176686,2.2815435585602324,384502,False,False,False,,23.761901215714385
,high_recall,0.63408667,primer-cosmos-west,34309,316583,150.07114862465244,2.227799375083779,296399,False,False,False,,26.82888911220499
published-or-labelled,high_recall,0.6340085,gdn,48085,491510,189.20576164560072,62.23823879497781,459256,False,False,False,0.0,23.468972699744374
,high_recall,0.6340031,primer-cosmos-east,81208,408019,150.15104924888035,2.4737856408087717,379451,False,False,False,,27.652950209964917
published-or-labelled,high_recall,0.63395756,gds,32415,201599,53.119141142651486,-27.814028746667038,191295,False,False,False,0.0,23.28828272134327
,high_recall,0.6339546,primer-uds-north,18696,139359,34.49250618848969,-5.178661293501163,133343,False,False,False,,22.842404401996678
,high_recall,0.6339459,primer-cosmos-east,47056,438266,150.1908580877358,2.340880548638375,408334,False,False,False,,27.53096440246153
,high_recall,0.6339084,primer-cosmos-east,69614,419926,150.1649396609634,2.4240562588326333,390733,False,False,False,,26.805253538322805
,high_recall,0.633699,primer-uds-south,20784,54424,34.31718408216533,-5.2855415922305555,51911,False,False,False,,24.463891144806603
rule-selected,high_recall,0.63351136,primer-uds-south,62955,138927,34.491716560572954,-5.215537818393567,132936,True,False,False,,27.298911097019047
published-or-labelled,high_recall,0.6332453,primer-uds-south,24680,28290,34.268972700425564,-5.278762973051261,26978,False,False,False,0.0,23.75677715716601
,high_recall,0.63299894,ceers-full,70338,578945,214.88149838285236,52.90633266771993,541627,False,False,False,,27.62418942052921
,high_recall,0.6329368,gds,54220,228757,53.15984863187304,-27.77004362284349,216361,False,False,False,,27.952868779743454
,high_recall,0.6326436,gds,10376,227570,53.15831189115357,-27.857653302141994,215268,False,False,False,,27.046981229275694
rule-selected,high_recall,0.63210034,primer-cosmos-west,74325,373116,150.11612093065045,2.3209809645911825,346486,True,False,False,,26.56430806091498
published-or-labelled,high_recall,0.6320607,ceers-full,67955,572529,214.856914926066,52.883006634456216,535565,False,False,False,0.0,26.364358661745605
,high_recall,0.63188475,primer-uds-south,24733,69516,34.3451975532347,-5.278559670423751,66309,False,False,False,,27.235094527711603
,high_recall,0.6317268,ceers-full,78817,552758,214.74944073864586,52.829478446610295,516799,False,False,False,,21.63141931934595
,high_recall,0.6316805,primer-uds-north,24096,76565,34.35964979918996,-5.171194642859537,73046,False,False,False,,25.30970540146201
published-or-labelled,high_recall,0.63151276,ceers-full,20003,562560,214.8120558492592,52.7467451563154,526090,False,False,False,0.0,26.44480636583699
,high_recall,0.63150245,gds-sw,17815,182726,53.08650425359844,-27.8917917619575,173605,False,False,False,,26.89577187381924
,high_recall,0.63128406,primer-uds-south,31215,134604,34.48303033317969,-5.268353597799234,128788,False,False,False,,22.76711396939487
,high_recall,0.6311161,gds,54568,253976,53.218917741611,-27.769554671905762,239860,False,False,False,,22.684316916297078
,high_recall,0.63080615,primer-cosmos-west,93376,322149,150.07552001371315,2.395047583151165,301340,False,False,False,,22.36427389592096
,high_recall,0.63073784,primer-cosmos-east,22273,434688,150.1852521885333,2.252499392800741,404897,False,False,False,,26.69421392669821
,high_recall,0.63052166,primer-uds-south,8519,116101,34.44290741575809,-5.306637215075089,111019,False,False,False,,26.559434047631086
rule-selected,high_recall,0.6304995,ceers-full,60945,604883,214.97746031523357,52.95349246971434,566213,True,False,False,,22.47246053238233
,high_recall,0.63041615,primer-uds-north,39535,69541,34.34525516726566,-5.15007192537894,66332,False,False,False,,28.093782072982897
rule-selected,high_recall,0.63037246,primer-uds-south,43443,69526,34.34522594391597,-5.249071479768907,66319,True,False,False,,22.81400448895512
,high_recall,0.6302983,primer-uds-north,19416,129112,34.471870700103835,-5.177496139400243,123503,False,False,False,,27.444011474200035
,high_recall,0.6301705,gdn,58063,468808,189.0873492901525,62.25581860039861,437681,False,False,False,,27.73081880416413
rule-selected,high_recall,0.6301429,primer-uds-north,14813,136897,34.487720340280006,-5.1845620899042775,130972,True,False,False,,22.55207402860035
,high_recall,0.63004696,primer-uds-south,61632,13855,34.235077462628524,-5.218127232194817,13116,False,False,False,,27.35621278239379
,high_recall,0.62975335,ceers-full,61338,580688,214.88778451383703,52.89018430609929,543245,False,False,False,,27.807100554912402
,high_recall,0.6295892,primer-cosmos-west,37167,346827,150.09436840789593,2.2361295024046886,323127,False,False,False,,27.44427697347172
duplicate-sky-group,high_recall,0.6291845,primer-uds-south,10216,77816,34.36226128235831,-5.303440664336941,74253,False,False,False,,26.535165409766822
,high_recall,0.6290958,gds-sw,10547,191188,53.10032366697137,-27.9053677649497,181516,False,False,False,,28.175615832077682
,high_recall,0.62890965,primer-cosmos-west,52854,322387,150.07570471940446,2.267590416201757,301554,False,False,False,,27.788745482980744
rule-selected,high_recall,0.6288903,primer-uds-north,13539,23523,34.257523720980124,-5.186524328585411,22398,True,False,False,,27.618464952768797
rule-selected,high_recall,0.62885165,gdn,75087,475951,189.13301269758784,62.287428936916335,444502,True,False,False,,21.42526003853661
rule-selected,high_recall,0.62848455,primer-cosmos-east,81213,405910,150.14888564049255,2.4738189292408466,377451,True,False,False,,27.85764448394264
,high_recall,0.6283766,primer-uds-south,7262,103656,34.41611059268221,-5.30915440162195,99070,False,False,False,,26.732787461503793
rule-selected,high_recall,0.6282398,gdn,80292,490431,189.20149103258095,62.297705842032364,458239,True,False,False,,27.282718520462048
,high_recall,0.6282396,primer-uds-south,74868,74166,34.35468122388269,-5.193049374958878,70750,False,False,False,,25.764631703523243
,high_recall,0.6282207,primer-uds-south,27928,46460,34.30409811421618,-5.2733960424853725,44356,False,False,False,,27.900198033419056
,high_recall,0.6280776,ceers-full,78058,572234,214.8556663341341,52.905869511137624,535283,False,False,False,,27.89180296457092
published-or-labelled,high_recall,0.628049,ceers-full,9488,628471,215.1288434189199,52.955184719554495,588521,False,False,False,0.0,27.12898748058294
,high_recall,0.62799007,primer-uds-south,1627,99606,34.407796925895134,-5.322632601378895,95170,False,False,False,,21.863472722659655
,high_recall,0.62773395,gdn,22330,495693,189.22016047391952,62.18806615352139,463170,False,False,False,,23.928931143803787
,high_recall,0.627718,ceers-full,41106,563443,214.8165763310377,52.79304336672969,526935,False,False,False,,25.48242325496963
,high_recall,0.6276844,ceers-full,16800,616223,215.02643997647053,52.89377566158267,576927,False,False,False,,22.900482168332488
,high_recall,0.6273865,primer-uds-north,82939,2732,34.20633406551574,-5.086764684125518,2578,False,False,False,,28.642281414825323
,high_recall,0.62724113,gds-sw,21135,152697,53.01412070467352,-27.887382478167297,146093,False,False,False,,21.860147278876447
,high_recall,0.6270103,primer-cosmos-east,72545,404666,150.1476053207493,2.4363182300788755,376286,False,False,False,,28.39523460498705
,high_recall,0.62671614,primer-cosmos-west,104074,348075,150.09528496334124,2.4421922292719334,324214,False,False,False,,26.547173717359367
,high_recall,0.6265766,gdn,9143,499713,189.23343211153102,62.16079661520696,466963,False,False,False,,26.578443660218195
,high_recall,0.6264182,primer-uds-north,34513,31926,34.27781096947991,-5.1568497672751,30469,False,False,False,,27.81656102768983
,high_recall,0.6264134,primer-cosmos-east,75339,438170,150.19072852736116,2.4478479176253387,408245,False,False,False,,28.00879148206257
rule-selected,high_recall,0.62638754,gdn,32301,519210,189.293387959147,62.209122163535014,485155,True,False,False,,27.829747936557958
,high_recall,0.62633944,primer-uds-north,26179,69176,34.34452727160636,-5.168333298089429,65984,False,False,False,,27.73954166381421
,high_recall,0.6259329,primer-cosmos-east,81246,405146,150.14810342908734,2.47398717210924,376735,False,False,False,,28.910590084859397
,high_recall,0.62558097,gdn,51768,476338,189.13523095983186,62.244671481018955,444883,False,False,False,,25.91327379368499
,high_recall,0.6253504,primer-uds-south,54370,129773,34.47326221284119,-5.2306145108401525,124139,False,False,False,,27.298400749547774
,high_recall,0.625229,primer-uds-south,61263,7881,34.22145526063376,-5.218897610511571,7436,False,False,False,,25.350584507575135
,high_recall,0.62512934,primer-uds-south,34948,11815,34.230399530034546,-5.262162368323173,11169,False,False,False,,27.73181722681977
,high_recall,0.6251218,gdn,10839,523493,189.3062743774553,62.16432559459739,489186,False,False,False,,22.143109518793338
,high_recall,0.6249932,primer-uds-south,50216,81883,34.37116755266839,-5.237961341555794,78161,False,False,False,,24.64920308577319
,high_recall,0.62497604,gds,61431,243116,53.179923732757565,-27.75495725964526,229700,False,False,False,,27.186957883250003
,high_recall,0.6249617,primer-uds-north,1264,81758,34.37088665598519,-5.209799514460452,78043,False,False,False,,22.18558864328853
,high_recall,0.6247441,gds-sw,38503,211586,53.13703038709056,-27.86030379114769,200548,False,False,False,,26.360819579698088
,high_recall,0.6245936,primer-cosmos-east,81845,408963,150.1520920377061,2.4768217273325615,380350,False,False,False,,27.985458156285105
,high_recall,0.624422,primer-cosmos-west,84485,384781,150.12751479254553,2.359772765010446,357450,False,False,False,,22.72068631929888
,high_recall,0.624356,primer-uds-south,29607,89803,34.387872798007045,-5.270787986084294,85747,False,False,False,,27.069628595804623
rule-selected,high_recall,0.6240598,primer-cosmos-east,80777,394516,150.13731748635018,2.471911098696798,366677,True,False,False,,27.75696990203162
,high_recall,0.6240376,primer-cosmos-west,83780,304899,150.05946824807282,2.3572424000406156,285810,False,False,False,,24.582916616444955
,high_recall,0.6238024,primer-cosmos-east,54512,439471,150.19286763543397,2.3676370685307413,409487,False,False,False,,27.428165403956008
,high_recall,0.6237672,primer-uds-south,20572,46694,34.304436824353466,-5.286162923290554,44576,False,False,False,,22.745253129247125
,high_recall,0.62328845,gds-sw,46420,156251,53.03203954076615,-27.846411608111577,149320,False,False,False,,26.239198438926415
,high_recall,0.6232455,primer-uds-south,28516,47453,34.30560642220375,-5.27251568502998,45300,False,False,False,,27.588212162923178
,high_recall,0.62318987,primer-uds-north,66910,70725,34.347740798472834,-5.111683396573524,67468,False,False,False,,23.215172927706647
