source_id,field,id,mosaic,pixscale,compactness_f444w,labbe_compactness,flux_d020,flux_d040,flux_d050,measurable,reason
559075,ceers-full,67721,ceers-full-grizli-v7.4-f444w-clear_drc_sci.fits,0.039999999999999356,0.5236641580135944,1.7290136612960725,14.232160970165094,24.60760074718021,27.178031477563188,True,None
630773,ceers-full,4719,ceers-full-grizli-v7.4-f444w-clear_drc_sci.fits,0.039999999999999356,0.5309487151915127,1.697361896985184,9.588728586860142,16.275542543868994,18.059613504105567,True,None
565973,ceers-full,64015,ceers-full-grizli-v7.4-f444w-clear_drc_sci.fits,0.039999999999999356,0.5873730356571889,1.5727391554736625,6.647545093595764,10.45485445647489,11.317416173451141,True,None
553915,ceers-full,54661,ceers-full-grizli-v7.4-f444w-clear_drc_sci.fits,0.039999999999999356,0.6025029448219742,1.5775755135528382,4.331788794578926,6.833723932210279,7.189655804684689,True,None
626857,ceers-full,29242,ceers-full-grizli-v7.4-f444w-clear_drc_sci.fits,0.039999999999999356,0.6219621348913682,1.4696786396875825,2.5760819755140787,3.7860126534972314,4.141863034739272,True,None
574501,ceers-full,14356,ceers-full-grizli-v7.4-f444w-clear_drc_sci.fits,0.039999999999999356,0.6185390409717679,1.5229576143889771,6.473048356172204,9.85817828234051,10.465060291105626,True,None
572886,ceers-full,77189,ceers-full-grizli-v7.4-f444w-clear_drc_sci.fits,0.039999999999999356,0.5132625285420698,1.7533078939611817,24.11177606801578,42.275367317476366,46.97747200931588,True,None
576471,ceers-full,51887,ceers-full-grizli-v7.4-f444w-clear_drc_sci.fits,0.039999999999999356,0.3912583968179073,2.0106917770488333,2.030969638810955,4.083653952193027,5.190865308780002,True,None
550686,ceers-full,59200,ceers-full-grizli-v7.4-f444w-clear_drc_sci.fits,0.039999999999999356,0.4485615046217745,1.9747538820682524,8.684570907771112,17.14989011421801,19.360936723925768,True,None
573097,ceers-full,64511,ceers-full-grizli-v7.4-f444w-clear_drc_sci.fits,0.039999999999999356,0.47893983898293907,1.8852809034252134,29.78038823036275,56.144397227291876,62.17981008554938,True,None
598258,ceers-full,50569,ceers-full-grizli-v7.4-f444w-clear_drc_sci.fits,0.039999999999999356,0.6411893602837107,1.4683021903630051,3.0212338578221853,4.436084291039187,4.711921383856655,True,None
560029,ceers-full,39079,ceers-full-grizli-v7.4-f444w-clear_drc_sci.fits,0.039999999999999356,0.5328852456615221,1.7395052493439658,3.0379868285961478,5.284594035780826,5.701015093455629,True,None
566311,ceers-full,52656,ceers-full-grizli-v7.4-f444w-clear_drc_sci.fits,0.039999999999999356,0.5924548499699624,1.5447476850354431,3.759824239897226,5.807979790721385,6.346178514848599,True,None
593905,ceers-full,18915,ceers-full-grizli-v7.4-f444w-clear_drc_sci.fits,0.039999999999999356,0.5923481050406145,1.6288929515524693,2.5621078420559478,4.1733994050422405,4.325341501481255,True,None
551939,ceers-full,37018,ceers-full-grizli-v7.4-f444w-clear_drc_sci.fits,0.039999999999999356,0.6959050608370945,1.4060247266284651,2.910078271288602,4.091642005855993,4.18171735637058,True,None
572098,ceers-full,37847,ceers-full-grizli-v7.4-f444w-clear_drc_sci.fits,0.039999999999999356,0.5652746724975108,1.6051559722595146,21.73128299243836,34.882098680174046,38.44375849429916,True,None
619017,ceers-full,22081,ceers-full-grizli-v7.4-f444w-clear_drc_sci.fits,0.039999999999999356,0.6583413183286534,1.4033440111724618,1.949929392257058,2.7364217348331,2.9618821392030954,True,None
625910,ceers-full,19516,ceers-full-grizli-v7.4-f444w-clear_drc_sci.fits,0.039999999999999356,0.6040136824313717,1.5311142969768186,23.228295036049985,35.565174624091796,38.45657095473031,True,None
564579,ceers-full,17824,ceers-full-grizli-v7.4-f444w-clear_drc_sci.fits,0.039999999999999356,0.5330007836631189,1.7266522624223577,2.500013198244919,4.316653444835344,4.690449385577345,True,None
613918,ceers-full,11930,ceers-full-grizli-v7.4-f444w-clear_drc_sci.fits,0.039999999999999356,0.42427089912807614,2.065553226178882,3.6353265110537833,7.508960403120761,8.568408812682613,True,None
601408,ceers-full,14280,ceers-full-grizli-v7.4-f444w-clear_drc_sci.fits,0.039999999999999356,0.4948393392626959,1.7993967525785877,4.581038779156481,8.24310630265075,9.257628518343283,True,None
609693,ceers-full,38405,ceers-full-grizli-v7.4-f444w-clear_drc_sci.fits,0.039999999999999356,0.5662309170263922,1.6152801546068627,14.175585421737464,22.89754181166688,25.03499013473462,True,None
574135,ceers-full,75404,ceers-full-grizli-v7.4-f444w-clear_drc_sci.fits,0.039999999999999356,0.5676631323845927,1.6229499009866308,11.070826750688475,17.967397178870005,19.502458622216764,True,None
565084,ceers-full,71893,ceers-full-grizli-v7.4-f444w-clear_drc_sci.fits,0.039999999999999356,0.6720714391495906,1.4493425236748336,3.654103920437972,5.296048197817674,5.437076637361221,True,None
594922,ceers-full,12791,ceers-full-grizli-v7.4-f444w-clear_drc_sci.fits,0.039999999999999356,0.4640454637469466,1.9154056007071092,23.942567950069854,45.85972874687433,51.59530653902959,True,None
597585,ceers-full,59106,ceers-full-grizli-v7.4-f444w-clear_drc_sci.fits,0.039999999999999356,0.5057001216766482,1.824112736373411,2.318757131393375,4.22967441593133,4.585241395049576,True,None
609918,ceers-full,33413,ceers-full-grizli-v7.4-f444w-clear_drc_sci.fits,0.039999999999999356,0.5791138896438275,1.572899665153389,9.787791853458193,15.395214528895462,16.901324641821283,True,None
597740,ceers-full,80587,ceers-full-grizli-v7.4-f444w-clear_drc_sci.fits,0.039999999999999356,0.5187067912104251,1.7473597314223597,5.024764315015134,8.780070823945502,9.687099533224977,True,None
620376,ceers-full,9887,ceers-full-grizli-v7.4-f444w-clear_drc_sci.fits,0.039999999999999356,0.34541796268977243,2.4730408609775174,1.8191316485189148,4.498786898284668,5.266465108975,True,None
589472,ceers-full,46333,ceers-full-grizli-v7.4-f444w-clear_drc_sci.fits,0.039999999999999356,0.5443719153472482,1.68193999208681,6.494551484596636,10.923445872609847,11.930357355878364,True,None
583677,ceers-full,37530,ceers-full-grizli-v7.4-f444w-clear_drc_sci.fits,0.039999999999999356,0.49199433437623574,1.94485554961917,2.0339497091865932,3.9557383795578427,4.134091730477531,True,None
599540,ceers-full,43601,ceers-full-grizli-v7.4-f444w-clear_drc_sci.fits,0.039999999999999356,0.3781503699600202,2.2217901167191316,1.8954974179253234,4.211397429413117,5.012549420818296,True,None
557952,ceers-full,44782,ceers-full-grizli-v7.4-f444w-clear_drc_sci.fits,0.039999999999999356,0.6184372532703605,1.566883306648305,2.782191740789135,4.359369794537284,4.498745387792562,True,None
629266,ceers-full,18582,ceers-full-grizli-v7.4-f444w-clear_drc_sci.fits,0.039999999999999356,0.4417046212694658,2.0237941036104257,4.978193233367663,10.074838112322796,11.270412383416456,True,None
599840,ceers-full,12866,ceers-full-grizli-v7.4-f444w-clear_drc_sci.fits,0.039999999999999356,0.5064793112594672,1.7766754020050022,1.5114258869940689,2.6853131953759544,2.984180900174562,True,None
568520,ceers-full,73248,ceers-full-grizli-v7.4-f444w-clear_drc_sci.fits,0.039999999999999356,0.541443783255562,1.7075788463263188,1.6342616720749847,2.7906306605971234,3.0183404493973325,True,None
607577,ceers-full,15619,ceers-full-grizli-v7.4-f444w-clear_drc_sci.fits,0.039999999999999356,0.38572602216791585,2.2261685636027693,5.614718025174753,12.499308761137856,14.5562334467819,True,None
617603,ceers-full,66557,ceers-full-grizli-v7.4-f444w-clear_drc_sci.fits,0.039999999999999356,0.618643097435124,1.4950994995337457,14.197276480222909,21.22634096032349,22.949058251978236,True,None
593227,ceers-full,67083,ceers-full-grizli-v7.4-f444w-clear_drc_sci.fits,0.039999999999999356,0.5121800322473057,1.7012478650435592,4.189286692172301,7.127015041113521,8.179324511716825,True,None
591021,ceers-full,81061,ceers-full-grizli-v7.4-f444w-clear_drc_sci.fits,0.039999999999999356,0.4873584387389278,1.7908633421502653,2.5760523426595294,4.613357707929265,5.285744819203778,True,None
611218,ceers-full,31133,ceers-full-grizli-v7.4-f444w-clear_drc_sci.fits,0.039999999999999356,0.5325996524254053,1.7721376945605773,2.4962259866065857,4.4236561650071975,4.686871227269908,True,None
589713,ceers-full,45167,ceers-full-grizli-v7.4-f444w-clear_drc_sci.fits,0.039999999999999356,0.49393777011359297,1.7835386125733266,1.3140736493260796,2.343701093338204,2.6604032508465116,True,None
586529,ceers-full,47120,ceers-full-grizli-v7.4-f444w-clear_drc_sci.fits,0.039999999999999356,0.7526262766662536,1.0887002172415177,3.054387713468927,3.3253125671934427,4.058305972252643,True,None
574712,ceers-full,33515,ceers-full-grizli-v7.4-f444w-clear_drc_sci.fits,0.039999999999999356,0.5869372335877805,1.5689613140202554,31.00214761407531,48.641170258029526,52.82020945334817,True,None
562449,ceers-full,47720,ceers-full-grizli-v7.4-f444w-clear_drc_sci.fits,0.039999999999999356,0.5163488986314614,1.6674040641214083,10.758289398387408,17.938415465865425,20.83531005275955,True,None
623086,ceers-full,24450,ceers-full-grizli-v7.4-f444w-clear_drc_sci.fits,0.039999999999999356,0.44773105566300675,1.9683831924802353,3.1823206082014064,6.264026398267128,7.107661101347949,True,None
610228,ceers-full,68441,ceers-full-grizli-v7.4-f444w-clear_drc_sci.fits,0.039999999999999356,0.4874078670842338,1.8364142255678255,14.158535946715718,26.000936825762164,29.048640579838736,True,None
561978,ceers-full,8304,ceers-full-grizli-v7.4-f444w-clear_drc_sci.fits,0.039999999999999356,0.48441634808751505,1.804819593195327,2.3247438274741,4.195743208985153,4.799061461596482,True,None
560103,ceers-full,19143,ceers-full-grizli-v7.4-f444w-clear_drc_sci.fits,0.039999999999999356,0.5705221238469749,1.5954157987157351,1.976668634704147,3.1536083686328586,3.4646660525198634,True,None
586576,ceers-full,24535,ceers-full-grizli-v7.4-f444w-clear_drc_sci.fits,0.039999999999999356,0.31664970703014067,2.5660264376103106,22.399416157365792,57.47749404683618,70.73878693099084,True,None
615627,ceers-full,13549,ceers-full-grizli-v7.4-f444w-clear_drc_sci.fits,0.039999999999999356,1.0305591285963536,1.0137511493286178,4.786807659599121,4.85263176653364,4.6448646436414265,True,None
590530,ceers-full,61432,ceers-full-grizli-v7.4-f444w-clear_drc_sci.fits,0.039999999999999356,0.5589923549059221,1.640714553161459,15.144837283821033,24.848354936827434,27.093102706869566,True,None
617492,ceers-full,23245,ceers-full-grizli-v7.4-f444w-clear_drc_sci.fits,0.039999999999999356,0.4991863013456959,1.8061910544691322,16.90113193300909,30.52667330780361,33.85736324784429,True,None
555239,ceers-full,36382,ceers-full-grizli-v7.4-f444w-clear_drc_sci.fits,0.039999999999999356,0.4203955656788833,2.063016662678448,34.11286742425902,70.3754139079872,81.1446889768479,True,None
599494,ceers-full,75589,ceers-full-grizli-v7.4-f444w-clear_drc_sci.fits,0.039999999999999356,0.42661938801725696,2.0703781956820944,1.647085583753931,3.410090079026453,3.8607846479009664,True,None
568679,ceers-full,46541,ceers-full-grizli-v7.4-f444w-clear_drc_sci.fits,0.039999999999999356,0.5415981239011838,1.6758977782205366,7.02282724975466,11.769540584690477,12.96686037087528,True,None
619102,ceers-full,10632,ceers-full-grizli-v7.4-f444w-clear_drc_sci.fits,0.039999999999999356,0.40548533162385175,1.996388320939427,1.136042722093543,2.2679824224757845,2.801686358280877,True,None
585816,ceers-full,54926,ceers-full-grizli-v7.4-f444w-clear_drc_sci.fits,0.039999999999999356,0.29800771354367406,2.6428858369733863,13.822290297240169,36.5307352611107,46.38232390992948,True,None
595263,ceers-full,51389,ceers-full-grizli-v7.4-f444w-clear_drc_sci.fits,0.039999999999999356,0.6336533946576346,1.5054020743152092,1.4951628924609712,2.2508213197498743,2.359591071501816,True,None
617359,ceers-full,8834,ceers-full-grizli-v7.4-f444w-clear_drc_sci.fits,0.039999999999999356,0.3949344012093716,2.1931442812966626,1.1118533234727548,2.4384547580149607,2.8152860831267867,True,None
619004,ceers-full,21806,ceers-full-grizli-v7.4-f444w-clear_drc_sci.fits,0.039999999999999356,0.5039399253159409,1.8428486286832066,4.860288107181861,8.956775273325391,9.644578377342786,True,None
620558,ceers-full,3524,ceers-full-grizli-v7.4-f444w-clear_drc_sci.fits,0.039999999999999356,0.449817659178801,2.0130535561559992,0.9275770049099413,1.8672621883424882,2.0621178070317434,True,None
619447,ceers-full,29152,ceers-full-grizli-v7.4-f444w-clear_drc_sci.fits,0.039999999999999356,0.41493406966914503,2.1564796046843546,2.004674756428726,4.323040226264124,4.831309123464334,True,None
610168,ceers-full,33760,ceers-full-grizli-v7.4-f444w-clear_drc_sci.fits,0.039999999999999356,0.7622916845707068,1.346174630447817,1.3988465177061986,1.8830916940263576,1.8350541479328544,True,None
569400,ceers-full,8207,ceers-full-grizli-v7.4-f444w-clear_drc_sci.fits,0.039999999999999356,0.479952482153617,1.8553756054334978,155.9191266800874,289.2885440627294,324.86367396300454,True,None
551056,ceers-full,55722,ceers-full-grizli-v7.4-f444w-clear_drc_sci.fits,0.039999999999999356,0.46649513564406586,1.915300219586198,15.54361514477431,29.77068949994959,33.31999405162937,True,None
630050,ceers-full,17342,ceers-full-grizli-v7.4-f444w-clear_drc_sci.fits,0.039999999999999356,0.4880989285113048,1.761065619234985,3.775619449116671,6.649113603154302,7.735356970834292,True,None
586907,ceers-full,69647,ceers-full-grizli-v7.4-f444w-clear_drc_sci.fits,0.039999999999999356,0.3777776023608821,2.3138201887476,2.8384023003190086,6.56755254626575,7.513421342558973,True,None
583202,ceers-full,55793,ceers-full-grizli-v7.4-f444w-clear_drc_sci.fits,0.039999999999999356,0.43716597270238905,2.0211436651789727,2.0986952056894594,4.241764520120732,4.800682891022251,True,None
623909,ceers-full,5877,ceers-full-grizli-v7.4-f444w-clear_drc_sci.fits,0.039999999999999356,0.4943038662872494,1.854621500472476,2.213089576186919,4.10444351046778,4.477184434768007,True,None
617607,ceers-full,67348,ceers-full-grizli-v7.4-f444w-clear_drc_sci.fits,0.039999999999999356,0.3838765596125257,2.1477083784958397,2.2232074772277306,4.774801325976596,5.791464525658389,True,None
576007,ceers-full,30183,ceers-full-grizli-v7.4-f444w-clear_drc_sci.fits,0.039999999999999356,0.3968523147705724,2.1367685298431236,9.233112445486315,19.72902410601804,23.265865164032483,True,None
551720,ceers-full,45620,ceers-full-grizli-v7.4-f444w-clear_drc_sci.fits,0.039999999999999356,0.4176065105192472,2.0866114928627177,46.149839407337936,96.2967853011201,110.51034465424341,True,None
623993,ceers-full,14603,ceers-full-grizli-v7.4-f444w-clear_drc_sci.fits,0.039999999999999356,0.4348706433771515,1.8815789604736641,1.8143572262852008,3.4138563837615887,4.172176839059835,True,None
578811,ceers-full,29798,ceers-full-grizli-v7.4-f444w-clear_drc_sci.fits,0.039999999999999356,0.5345693283641932,1.7703301774863998,1.5355787456435452,2.7184813933194807,2.872553033191199,True,None
614383,ceers-full,14986,ceers-full-grizli-v7.4-f444w-clear_drc_sci.fits,0.039999999999999356,0.5341880599271217,1.715026679692321,1.9299015463030207,3.309832641089146,3.6127755206028263,True,None
587553,ceers-full,56004,ceers-full-grizli-v7.4-f444w-clear_drc_sci.fits,0.039999999999999356,0.6055932980627431,1.534710377503024,2.020047460531439,3.10018780072623,3.335650290373838,True,None
578292,ceers-full,70413,ceers-full-grizli-v7.4-f444w-clear_drc_sci.fits,0.039999999999999356,0.4169851199017376,2.0958169215849654,2.1163498194793466,4.435481763658101,5.07536053079799,True,None
615431,ceers-full,57445,ceers-full-grizli-v7.4-f444w-clear_drc_sci.fits,0.039999999999999356,0.3515760301465667,2.391025016630368,37.34281114884933,89.28759564820216,106.21546393046671,True,None
613775,ceers-full,15291,ceers-full-grizli-v7.4-f444w-clear_drc_sci.fits,0.039999999999999356,0.5378921771760644,1.6781544584831902,415.33836998048866,697.0019373618978,772.1591568053962,True,None
572938,ceers-full,76948,ceers-full-grizli-v7.4-f444w-clear_drc_sci.fits,0.039999999999999356,0.4578519823767011,1.9706039183003272,5.588942648767085,11.013592282816226,12.206876597443102,True,None
571189,ceers-full,32893,ceers-full-grizli-v7.4-f444w-clear_drc_sci.fits,0.039999999999999356,0.5189374103115917,1.6581028660691755,19.85814568435285,32.92684827404469,38.26693795775716,True,None
558766,ceers-full,70101,ceers-full-grizli-v7.4-f444w-clear_drc_sci.fits,0.039999999999999356,0.36100806804881025,2.392143460545404,1.6656956865362311,3.984583043806332,4.614012355843028,True,None
606519,ceers-full,34571,ceers-full-grizli-v7.4-f444w-clear_drc_sci.fits,0.039999999999999356,0.532138862154209,1.7053809337079038,266.1883474562038,453.9525325270248,500.22346869878646,True,None
568749,ceers-full,37046,ceers-full-grizli-v7.4-f444w-clear_drc_sci.fits,0.039999999999999356,0.28603344630191463,2.7508577144013606,12.307029302737941,33.85488649880026,43.02653924516086,True,None
590119,ceers-full,59156,ceers-full-grizli-v7.4-f444w-clear_drc_sci.fits,0.039999999999999356,0.5359278466662531,1.7189853716539767,1.368135017229003,2.3518040810642176,2.552834352123157,True,None
586784,ceers-full,60435,ceers-full-grizli-v7.4-f444w-clear_drc_sci.fits,0.039999999999999356,0.4662962749480591,1.9241035035718168,1.1275033499788576,2.1694331459832803,2.417997763555908,True,None
625615,ceers-full,5050,ceers-full-grizli-v7.4-f444w-clear_drc_sci.fits,0.039999999999999356,0.41134231947808636,2.009667021981765,2.8116433034802837,5.650466824580194,6.835288202409404,True,None
584844,ceers-full,75747,ceers-full-grizli-v7.4-f444w-clear_drc_sci.fits,0.039999999999999356,0.4337423379574811,1.9681592388885416,1.4402755052475857,2.834691542197898,3.320578553686804,True,None
550650,ceers-full,51989,ceers-full-grizli-v7.4-f444w-clear_drc_sci.fits,0.039999999999999356,0.2328738042305105,3.1890565867364327,11.078234911189742,35.32911801294315,47.57183809400878,True,None
623386,ceers-full,18382,ceers-full-grizli-v7.4-f444w-clear_drc_sci.fits,0.039999999999999356,0.5301641632025829,1.7118910571033967,92.82861794879233,158.91248090980545,175.0941017741353,True,None
578956,ceers-full,66535,ceers-full-grizli-v7.4-f444w-clear_drc_sci.fits,0.039999999999999356,0.5359457239675411,1.6996814836685572,228.3611620552906,388.1412387344122,426.09009055014127,True,None
583212,ceers-full,73995,ceers-full-grizli-v7.4-f444w-clear_drc_sci.fits,0.039999999999999356,0.4565641623202276,1.9373758028720625,7.36413898998094,14.267104688175783,16.129472257649162,True,None
575292,ceers-full,79875,ceers-full-grizli-v7.4-f444w-clear_drc_sci.fits,0.039999999999999356,0.5690730176464622,1.6069974954066866,1.5462625689798093,2.4848400755916624,2.7171602255449545,True,None
600963,ceers-full,21752,ceers-full-grizli-v7.4-f444w-clear_drc_sci.fits,0.039999999999999356,0.3450232683036281,2.368937302379672,5.253880472802272,12.446113434265447,15.227612035077996,True,None
624547,ceers-full,10047,ceers-full-grizli-v7.4-f444w-clear_drc_sci.fits,0.039999999999999356,0.3763586677926131,2.268075453661104,36.75419423179989,83.36128575623786,97.65736085571636,True,None
560120,ceers-full,58738,ceers-full-grizli-v7.4-f444w-clear_drc_sci.fits,0.039999999999999356,,,42.263262952655325,,,False,aperture d040 covers a NaN or non-finite pixel
623409,ceers-full,31539,ceers-full-grizli-v7.4-f444w-clear_drc_sci.fits,0.039999999999999356,0.47509017214959315,1.8456172271335491,2.1518135262491023,3.971424113624333,4.529273919755077,True,None
579347,ceers-full,20238,ceers-full-grizli-v7.4-f444w-clear_drc_sci.fits,0.039999999999999356,0.39978888216282293,2.1485256519504956,37.39179254220589,80.3372254493406,93.5288453743875,True,None
555298,ceers-full,80204,ceers-full-grizli-v7.4-f444w-clear_drc_sci.fits,0.039999999999999356,0.4575338588413371,1.931750084118945,2.31092219339702,4.46412414148703,5.050822247886135,True,None
609583,ceers-full,6050,ceers-full-grizli-v7.4-f444w-clear_drc_sci.fits,0.039999999999999356,0.4704086042113153,1.9144254114708108,7.341118896738356,14.054024564544472,15.605834653144662,True,None
551732,ceers-full,81671,ceers-full-grizli-v7.4-f444w-clear_drc_sci.fits,0.039999999999999356,0.16227976621313348,3.873296071516164,1.126174449374732,4.362007070605029,6.939709587057499,True,None
588035,ceers-full,46910,ceers-full-grizli-v7.4-f444w-clear_drc_sci.fits,0.039999999999999356,0.4449580605312328,1.9681322278177442,52.89537690721902,104.10509599366422,118.87721922391412,True,None
571937,ceers-full,10440,ceers-full-grizli-v7.4-f444w-clear_drc_sci.fits,0.039999999999999356,0.4920589088275549,1.8126595367302178,135.62367079989164,245.83954028178314,275.6248659800646,True,None
568204,ceers-full,65374,ceers-full-grizli-v7.4-f444w-clear_drc_sci.fits,0.039999999999999356,0.40887265975791204,2.21398097846204,2.2012242564604074,4.87346863313259,5.383642569213903,True,None
603359,ceers-full,16513,ceers-full-grizli-v7.4-f444w-clear_drc_sci.fits,0.039999999999999356,0.49239714065761875,1.838807799774371,78.13614165866866,143.6773467262351,158.68520591795942,True,None
555541,ceers-full,56940,ceers-full-grizli-v7.4-f444w-clear_drc_sci.fits,0.039999999999999356,0.3096941330613601,2.3971305493862163,2.181724039619753,5.229877345702813,7.044770328882803,True,None
606405,ceers-full,17370,ceers-full-grizli-v7.4-f444w-clear_drc_sci.fits,0.039999999999999356,0.4776430231412668,1.8528298518671293,2.2728209918640863,4.211150581676037,4.758409275857634,True,None
625094,ceers-full,11528,ceers-full-grizli-v7.4-f444w-clear_drc_sci.fits,0.039999999999999356,0.39005466818787576,2.1105489541960645,2.5658097430130837,5.415267069782336,6.578077260127092,True,None
600594,ceers-full,76075,ceers-full-grizli-v7.4-f444w-clear_drc_sci.fits,0.039999999999999356,0.3735002224592755,2.1916342319098976,1.454505769079008,3.1877446340239866,3.8942567677790327,True,None
615988,ceers-full,15066,ceers-full-grizli-v7.4-f444w-clear_drc_sci.fits,0.039999999999999356,0.4426921932198867,2.0282435967119725,4.682917493321044,9.49809741975889,10.578269879259027,True,None
600087,ceers-full,37739,ceers-full-grizli-v7.4-f444w-clear_drc_sci.fits,0.039999999999999356,0.519823254048402,1.8262525643537952,1.535274635162779,2.8037992394533626,2.9534550892173552,True,None
581524,ceers-full,61741,ceers-full-grizli-v7.4-f444w-clear_drc_sci.fits,0.039999999999999356,0.5748120994024806,1.6126036476060275,12.143807472036194,19.583148225230897,21.12656898603862,True,None
560394,ceers-full,65465,ceers-full-grizli-v7.4-f444w-clear_drc_sci.fits,0.039999999999999356,0.3340609751820207,2.4274057670549753,21.82416557786282,52.97610538486689,65.32988645552336,True,None
630792,ceers-full,4279,ceers-full-grizli-v7.4-f444w-clear_drc_sci.fits,0.039999999999999356,0.3720950747534729,2.3168029190288055,6.26483536973409,14.514388871834846,16.836652228962667,True,None
610231,ceers-full,76632,ceers-full-grizli-v7.4-f444w-clear_drc_sci.fits,0.039999999999999356,0.47837750309642696,1.8400357620656167,1.1439041083037413,2.1048244676526644,2.391216352983814,True,None
592423,ceers-full,35510,ceers-full-grizli-v7.4-f444w-clear_drc_sci.fits,0.039999999999999356,0.47108943381689106,1.8461283643361015,42.346928421400605,78.17786570125827,89.89148425235226,True,None
602110,ceers-full,45280,ceers-full-grizli-v7.4-f444w-clear_drc_sci.fits,0.039999999999999356,0.4717125546701523,1.8388741928655803,1.9315807623245025,3.551934015274152,4.094825849346265,True,None
613330,ceers-full,8175,ceers-full-grizli-v7.4-f444w-clear_drc_sci.fits,0.039999999999999356,0.5733705892159058,1.6506004994200834,1.5717789438033551,2.5943791096197892,2.741296769254925,True,None
572161,ceers-full,10438,ceers-full-grizli-v7.4-f444w-clear_drc_sci.fits,0.039999999999999356,0.504542083776396,1.7742444652653402,368.14785565811843,653.18429530072,729.6672913835171,True,None
611670,ceers-full,12781,ceers-full-grizli-v7.4-f444w-clear_drc_sci.fits,0.039999999999999356,0.24861698590239573,2.983593767298924,10.047703251159186,29.978264795827684,40.414387676245916,True,None
568326,ceers-full,74688,ceers-full-grizli-v7.4-f444w-clear_drc_sci.fits,0.039999999999999356,0.21930351925720262,3.3021274689138695,9.79813043440355,32.35467565144495,44.67840036307009,True,None
601193,ceers-full,28423,ceers-full-grizli-v7.4-f444w-clear_drc_sci.fits,0.039999999999999356,0.30695891165597833,2.653249720813256,39.45017927111577,104.67117713712082,128.5194134234136,True,None
630296,ceers-full,14268,ceers-full-grizli-v7.4-f444w-clear_drc_sci.fits,0.039999999999999356,0.4555350755413873,1.897733442795047,782.7622206961337,1485.4740439715702,1718.3357829599588,True,None
596590,ceers-full,66621,ceers-full-grizli-v7.4-f444w-clear_drc_sci.fits,0.039999999999999356,0.35102292401141527,2.345585334722946,2.392547524314935,5.611924385660803,6.815929560877139,True,None
557717,ceers-full,52101,ceers-full-grizli-v7.4-f444w-clear_drc_sci.fits,0.039999999999999356,0.5097231452411853,1.7946265852639012,1.8175842130845918,3.261884949757576,3.5658263315168215,True,None
610941,ceers-full,65660,ceers-full-grizli-v7.4-f444w-clear_drc_sci.fits,0.039999999999999356,0.33784831844512825,2.4596620146787798,48.071483497739074,118.23960194864661,142.28717703547375,True,None
565508,ceers-full,54553,ceers-full-grizli-v7.4-f444w-clear_drc_sci.fits,0.039999999999999356,0.3816421824734735,2.159885121410411,1.357248048542505,2.931499866110272,3.5563365656961734,True,None
561227,ceers-full,31493,ceers-full-grizli-v7.4-f444w-clear_drc_sci.fits,0.039999999999999356,0.37332369574537516,2.249017375776735,18.33000133603318,41.22449150274939,49.09948536600562,True,None
597405,ceers-full,26302,ceers-full-grizli-v7.4-f444w-clear_drc_sci.fits,0.039999999999999356,0.42321474070540716,2.077570287148158,1.9057497692542893,3.9593290953421696,4.5030325883210445,True,None
550123,ceers-full,60084,ceers-full-grizli-v7.4-f444w-clear_drc_sci.fits,0.039999999999999356,0.30524351263591215,2.7284064898424467,1.6639567973355858,4.539950524667865,5.451243772444453,True,None
628864,ceers-full,10525,ceers-full-grizli-v7.4-f444w-clear_drc_sci.fits,0.039999999999999356,0.4832552533213739,1.841288304477024,1.766453495134727,3.2525501609941347,3.6553218676755943,True,None
575083,ceers-full,47320,ceers-full-grizli-v7.4-f444w-clear_drc_sci.fits,0.039999999999999356,0.49388938578858305,1.8052466379908383,119.79098267365637,216.25226873323692,242.54617758668485,True,None
560314,ceers-full,17794,ceers-full-grizli-v7.4-f444w-clear_drc_sci.fits,0.039999999999999356,0.43932962714741813,2.0162085218986974,1.8718891050719746,3.774118765695441,4.260785044765163,True,None
582725,ceers-full,65734,ceers-full-grizli-v7.4-f444w-clear_drc_sci.fits,0.039999999999999356,0.5036798236608822,1.7866599865173898,124.43987898036688,222.33175250128792,247.06147265519581,True,None
623742,ceers-full,15811,ceers-full-grizli-v7.4-f444w-clear_drc_sci.fits,0.039999999999999356,0.2865583906617918,2.747965006063008,9.499408624248785,26.104042477728804,33.149992929226016,True,None
629438,ceers-full,3832,ceers-full-grizli-v7.4-f444w-clear_drc_sci.fits,0.039999999999999356,0.40017722847572945,2.1502072074272247,3.1755328182663796,6.828053553258057,7.9353161357080415,True,None
550875,ceers-full,57132,ceers-full-grizli-v7.4-f444w-clear_drc_sci.fits,0.039999999999999356,0.3567533528592502,2.351183264737703,10.891170201386121,25.607137110909008,30.528571390001794,True,None
554167,ceers-full,52882,ceers-full-grizli-v7.4-f444w-clear_drc_sci.fits,0.039999999999999356,0.40128007651916414,2.1254800072287745,39.83797553094056,84.67482051948329,99.27723269121236,True,None
571860,ceers-full,18249,ceers-full-grizli-v7.4-f444w-clear_drc_sci.fits,0.039999999999999356,0.2053364144177379,3.5047118942403506,10.64590313733405,37.31082335034531,51.84615289753695,True,None
618489,ceers-full,10857,ceers-full-grizli-v7.4-f444w-clear_drc_sci.fits,0.039999999999999356,0.2537690104874222,2.9910018098049087,0.7335257712161334,2.1939769092459964,2.890525402637726,True,None
571634,ceers-full,18885,ceers-full-grizli-v7.4-f444w-clear_drc_sci.fits,0.039999999999999356,0.2715987784241871,2.630296566357992,1.258229328282751,3.3095162818730426,4.632676684272965,True,None
599133,ceers-full,47862,ceers-full-grizli-v7.4-f444w-clear_drc_sci.fits,0.039999999999999356,0.5960764226390753,1.5796024835794624,1.1610671460834794,1.8340245475559827,1.9478494736345346,True,None
593119,ceers-full,68515,ceers-full-grizli-v7.4-f444w-clear_drc_sci.fits,0.039999999999999356,0.29532727185960883,2.6223186481072527,7.53170675803933,19.750535083681953,25.502916512294583,True,None
565122,ceers-full,78232,ceers-full-grizli-v7.4-f444w-clear_drc_sci.fits,0.039999999999999356,0.47566861158939266,1.8732540314570287,195.2250349700483,365.70608379898243,410.422361731471,True,None
625053,ceers-full,14852,ceers-full-grizli-v7.4-f444w-clear_drc_sci.fits,0.039999999999999356,0.5692819215586595,1.556529227454242,1.3594791860890638,2.116069087263332,2.3880596495439237,True,None
559829,ceers-full,39584,ceers-full-grizli-v7.4-f444w-clear_drc_sci.fits,0.039999999999999356,0.5329015743286829,1.6659992393652492,5.05799966931488,8.426623601788272,9.491433151959892,True,None
595220,ceers-full,65731,ceers-full-grizli-v7.4-f444w-clear_drc_sci.fits,0.039999999999999356,0.2788338160894921,2.7878318656158014,11.914202975716233,33.21479470911632,42.72868744116873,True,None
554484,ceers-full,38092,ceers-full-grizli-v7.4-f444w-clear_drc_sci.fits,0.039999999999999356,0.3818475587778756,2.2706811179606916,2.013288619940569,4.571536454304189,5.272493102703632,True,None
612939,ceers-full,67221,ceers-full-grizli-v7.4-f444w-clear_drc_sci.fits,0.039999999999999356,0.5441982959337618,1.666594547120281,9.183762410721746,15.305608355757068,16.87576473381601,True,None
624441,ceers-full,574,ceers-full-grizli-v7.4-f444w-clear_drc_sci.fits,0.039999999999999356,0.4938148314198548,1.8183509621990448,210.02680108420898,381.9024358390588,425.31489076649154,True,None
578945,ceers-full,70338,ceers-full-grizli-v7.4-f444w-clear_drc_sci.fits,0.039999999999999356,0.4241643973996734,1.989242592489484,1.5345919777783352,3.0526757242893403,3.617917928015891,True,None
552758,ceers-full,78817,ceers-full-grizli-v7.4-f444w-clear_drc_sci.fits,0.039999999999999356,0.5004698169510327,1.7888421104727719,338.6560587978763,605.8022189443842,676.6762896133082,True,None
580688,ceers-full,61338,ceers-full-grizli-v7.4-f444w-clear_drc_sci.fits,0.039999999999999356,0.6149875029258458,1.4891818282985716,1.3743797117859118,2.046701291973808,2.2348091713200753,True,None
572234,ceers-full,78058,ceers-full-grizli-v7.4-f444w-clear_drc_sci.fits,0.039999999999999356,0.5674056742204824,1.5603272044569243,1.392114292488832,2.172153802283628,2.453472631202282,True,None
563443,ceers-full,41106,ceers-full-grizli-v7.4-f444w-clear_drc_sci.fits,0.039999999999999356,0.29808355711850043,2.700957503055427,4.3920874630802365,11.86284158748224,14.73441710618812,True,None
616223,ceers-full,16800,ceers-full-grizli-v7.4-f444w-clear_drc_sci.fits,0.039999999999999356,0.48211959944111105,1.8530005028385221,101.30615644016527,187.72035882426422,210.12660874522155,True,None
509059,gdn,44253,gdn-grizli-v7.4-f444w-clear_drc_sci.fits,0.0399999999999996,0.5264814308209333,1.7448444946475539,7.626161371360123,13.30646568411155,14.485147860711407,True,None
543309,gdn,71316,gdn-grizli-v7.4-f444w-clear_drc_sci.fits,0.0399999999999996,0.640940444052612,1.454353066447227,7.510135942586205,10.922389237535782,11.717369394105095,True,None
500172,gdn,27731,gdn-grizli-v7.4-f444w-clear_drc_sci.fits,0.0399999999999996,0.5890785181312099,1.5696534737863148,5.596069989351538,8.783890698336988,9.499701342198806,True,None
504833,gdn,11718,gdn-grizli-v7.4-f444w-clear_drc_sci.fits,0.0399999999999996,0.6085272244865096,1.52842187222892,17.058946828866755,26.073267450430123,28.033169499132132,True,None
478939,gdn,31477,gdn-grizli-v7.4-f444w-clear_drc_sci.fits,0.0399999999999996,0.5821297229326311,1.5821081319615005,27.524731983950737,43.547102301869266,47.282814980289416,True,None
488557,gdn,15600,gdn-grizli-v7.4-f444w-clear_drc_sci.fits,0.0399999999999996,0.5984989493396877,1.5365727574830534,4.015781933135476,6.170541118448606,6.709756028086616,True,None
493932,gdn,4640,gdn-grizli-v7.4-f444w-clear_drc_sci.fits,0.0399999999999996,0.5064949889360947,1.695458178554288,9.529053768547811,16.156112145767946,18.813717759703458,True,None
499315,gdn,41250,gdn-grizli-v7.4-f444w-clear_drc_sci.fits,0.0399999999999996,0.6238977420118639,1.5130302761241252,3.6827756512861276,5.572151060568655,5.902851386206967,True,None
496363,gdn,36341,gdn-grizli-v7.4-f444w-clear_drc_sci.fits,0.0399999999999996,0.5588322017833068,1.622959731784983,4.023399783853002,6.529815834065826,7.199656302936383,True,None
537246,gdn,71181,gdn-grizli-v7.4-f444w-clear_drc_sci.fits,0.0399999999999996,0.41803111298390355,2.1116099918339666,4.820181967072148,10.178344404127452,11.530677543749599,True,None
504756,gdn,38879,gdn-grizli-v7.4-f444w-clear_drc_sci.fits,0.0399999999999996,0.5677772369767571,1.6325918380716222,3.7262830321802607,6.08349926468227,6.562931356708832,True,None
522174,gdn,89395,gdn-grizli-v7.4-f444w-clear_drc_sci.fits,0.0399999999999996,0.5332720992291479,1.7177781935306202,2.48472025775696,4.268198275798688,4.659385445720219,True,None
474717,gdn,74877,gdn-grizli-v7.4-f444w-clear_drc_sci.fits,0.0399999999999996,0.5054447300881751,1.7707348719595621,7.458937177265918,13.207800167540384,14.75717666690224,True,None
511333,gdn,20115,gdn-grizli-v7.4-f444w-clear_drc_sci.fits,0.0399999999999996,0.6113727571472357,1.519158567100983,60.27168545306522,91.56224730963972,98.58418574995501,True,None
519391,gdn,91347,gdn-grizli-v7.4-f444w-clear_drc_sci.fits,0.0399999999999996,0.6084972358003921,1.5354879942375994,12.370687701369791,18.995042445916038,20.32989958466763,True,None
474509,gdn,52398,gdn-grizli-v7.4-f444w-clear_drc_sci.fits,0.0399999999999996,0.544315781056487,1.687348045325404,5.307605557736549,8.955777863205016,9.750967622938983,True,None
510951,gdn,87753,gdn-grizli-v7.4-f444w-clear_drc_sci.fits,0.0399999999999996,0.45033091440321876,1.9493664511283446,3.0450996204138505,5.936015040378417,6.761915567020831,True,None
527144,gdn,13115,gdn-grizli-v7.4-f444w-clear_drc_sci.fits,0.0399999999999996,0.4734029144357758,1.8995122792497114,6.749688621403119,12.821116417467282,14.257809606955462,True,None
500480,gdn,12363,gdn-grizli-v7.4-f444w-clear_drc_sci.fits,0.0399999999999996,0.5981276071150958,1.5540882356775654,2.407867922377851,3.7420392112327994,4.025675948969385,True,None
504775,gdn,2763,gdn-grizli-v7.4-f444w-clear_drc_sci.fits,0.0399999999999996,0.5454154659999038,1.6543294090739105,10.098497770293168,16.7062418488633,18.515239115524,True,None
467752,gdn,65939,gdn-grizli-v7.4-f444w-clear_drc_sci.fits,0.0399999999999996,0.5743236647365199,1.5847758083734789,14.161433762516909,22.44269763872021,24.65758357530626,True,None
473878,gdn,77058,gdn-grizli-v7.4-f444w-clear_drc_sci.fits,0.0399999999999996,0.4870638902317124,1.8400378025217239,21.8983022674408,40.29370398313826,44.95981473195037,True,None
469655,gdn,58575,gdn-grizli-v7.4-f444w-clear_drc_sci.fits,0.0399999999999996,0.6139285120185678,1.5195907769543333,16.72283360723717,25.411863714099567,27.23905679547817,True,None
509298,gdn,33653,gdn-grizli-v7.4-f444w-clear_drc_sci.fits,0.0399999999999996,0.4901314145721654,1.7841658979361523,3.0670919163986676,5.472200803074143,6.257692988473153,True,None
531903,gdn,11289,gdn-grizli-v7.4-f444w-clear_drc_sci.fits,0.0399999999999996,0.5229007733812155,1.7343578802304322,537.2640529773233,931.8081440457612,1027.468461182857,True,None
491702,gdn,77151,gdn-grizli-v7.4-f444w-clear_drc_sci.fits,0.0399999999999996,0.6139816118934943,1.5141157027826786,18.08616466299952,27.384545919360765,29.4571764245879,True,None
517040,gdn,32323,gdn-grizli-v7.4-f444w-clear_drc_sci.fits,0.0399999999999996,0.29779567907665966,2.588169510326486,2.1662545737245797,5.606634039319257,7.274298204867286,True,None
485397,gdn,72104,gdn-grizli-v7.4-f444w-clear_drc_sci.fits,0.0399999999999996,0.48018402241319913,1.7760194212728513,3.4713074080548196,6.165109373913682,7.229118933631978,True,None
477788,gdn,52713,gdn-grizli-v7.4-f444w-clear_drc_sci.fits,0.0399999999999996,0.5265970002592261,1.623815362951515,1.606088554729166,2.6079912694298146,3.0499386702517146,True,None
462945,gdn,57074,gdn-grizli-v7.4-f444w-clear_drc_sci.fits,0.0399999999999996,0.5884853630852319,1.6344890636126805,3.8589768564364304,6.307455468579787,6.5574729611032385,True,None
465304,gdn,47401,gdn-grizli-v7.4-f444w-clear_drc_sci.fits,0.0399999999999996,0.515706558228193,1.7952519562117577,2.325821058613589,4.175434805274547,4.509969907313929,True,None
512152,gdn,88945,gdn-grizli-v7.4-f444w-clear_drc_sci.fits,0.0399999999999996,0.503470460060243,1.7961991182921373,2.6389441658539132,4.740069183928979,5.241507447205839,True,None
483678,gdn,83894,gdn-grizli-v7.4-f444w-clear_drc_sci.fits,0.0399999999999996,0.6056002103955395,1.6121717539399694,2.6798694838490693,4.3204098861071545,4.425146223279462,True,None
508857,gdn,35685,gdn-grizli-v7.4-f444w-clear_drc_sci.fits,0.0399999999999996,0.6127434866047743,1.5083958540634026,2.542297678083326,3.8347912774159036,4.149040722032405,True,None
495644,gdn,32714,gdn-grizli-v7.4-f444w-clear_drc_sci.fits,0.0399999999999996,0.5564707912637923,1.5948835319968195,1.5767870533115784,2.5147917047924278,2.8335486391488067,True,None
483632,gdn,36383,gdn-grizli-v7.4-f444w-clear_drc_sci.fits,0.0399999999999996,0.5651833080255035,1.6570781945013622,1.53885747289711,2.550007162783272,2.7227581760565194,True,None
461058,gdn,62520,gdn-grizli-v7.4-f444w-clear_drc_sci.fits,0.0399999999999996,,,432.6891621967309,760.1558794079165,,False,aperture d050 covers a NaN or non-finite pixel
501219,gdn,89495,gdn-grizli-v7.4-f444w-clear_drc_sci.fits,0.0399999999999996,0.9581958638681894,1.0220885843521808,4.328850511539955,4.424468691212087,4.517709452496068,True,None
463288,gdn,70211,gdn-grizli-v7.4-f444w-clear_drc_sci.fits,0.0399999999999996,0.5342090888087759,1.708508134459178,83.21565042624678,142.17461566755398,155.77355789997506,True,None
467038,gdn,63055,gdn-grizli-v7.4-f444w-clear_drc_sci.fits,0.0399999999999996,0.8845866541880956,1.1229453657619592,2.5913654682990486,2.9099618436219856,2.9294648026060193,True,None
484259,gdn,22794,gdn-grizli-v7.4-f444w-clear_drc_sci.fits,0.0399999999999996,0.47193805396424665,1.8519428394542086,6.8113593415037075,12.614248159447325,14.432740238446053,True,None
519826,gdn,37685,gdn-grizli-v7.4-f444w-clear_drc_sci.fits,0.0399999999999996,0.46163541345382625,1.9249820457822453,31.188744443395038,60.03777308402621,67.5614208408528,True,None
483762,gdn,28945,gdn-grizli-v7.4-f444w-clear_drc_sci.fits,0.0399999999999996,0.572211732419442,1.6076450050130706,14.015890594253595,22.53257650466147,24.494238408903648,True,None
507371,gdn,53486,gdn-grizli-v7.4-f444w-clear_drc_sci.fits,0.0399999999999996,0.6044899035794578,1.537528498831473,1.2128827328375618,1.8648417674783508,2.0064565605736924,True,None
547554,gdn,49190,gdn-grizli-v7.4-f444w-clear_drc_sci.fits,0.0399999999999996,0.60848417623461,1.593514949329523,1.3363540935964004,2.129500225743569,2.1962018829576753,True,None
510394,gdn,89389,gdn-grizli-v7.4-f444w-clear_drc_sci.fits,0.0399999999999996,0.5000044401801592,1.779706726534002,2.6452646605243584,4.707795309797884,5.290482339659283,True,None
487041,gdn,25444,gdn-grizli-v7.4-f444w-clear_drc_sci.fits,0.0399999999999996,0.4531688347768669,1.9449709193660747,2.7700429683956744,5.387653018924065,6.112606948709523,True,None
548475,gdn,87771,gdn-grizli-v7.4-f444w-clear_drc_sci.fits,0.0399999999999996,0.27378984476218865,2.811530630550308,13.243930196595661,37.235715416598865,48.37261297291438,True,None
524963,gdn,11557,gdn-grizli-v7.4-f444w-clear_drc_sci.fits,0.0399999999999996,0.5207847204283258,1.736853920934251,3.4906848055659863,6.062809591292897,6.702740438880445,True,None
481603,gdn,74939,gdn-grizli-v7.4-f444w-clear_drc_sci.fits,0.0399999999999996,0.4616641909194881,1.9900981005561165,2.038112006477191,4.056042832810873,4.414706720956461,True,None
524198,gdn,9919,gdn-grizli-v7.4-f444w-clear_drc_sci.fits,0.0399999999999996,0.6199355079313655,1.5148559454962593,2.749007050652406,4.164349674891934,4.434343597813008,True,None
477025,gdn,46603,gdn-grizli-v7.4-f444w-clear_drc_sci.fits,0.0399999999999996,0.24017291455851666,3.050646758617246,2.8119276980580445,8.578198117546828,11.707930110382765,True,None
488368,gdn,11860,gdn-grizli-v7.4-f444w-clear_drc_sci.fits,0.0399999999999996,0.45528001751470293,1.4801630598103632,1.2155428516570264,1.7992016266392785,2.6698796452619873,True,None
506960,gdn,89231,gdn-grizli-v7.4-f444w-clear_drc_sci.fits,0.0399999999999996,0.46538732009956235,1.954564161183814,3.632041179078979,7.099057520571575,7.804340647488979,True,None
530857,gdn,8721,gdn-grizli-v7.4-f444w-clear_drc_sci.fits,0.0399999999999996,0.4284980368314331,2.040063279516711,38.11362389987829,77.7542045674522,88.94702104521383,True,None
503282,gdn,54791,gdn-grizli-v7.4-f444w-clear_drc_sci.fits,0.0399999999999996,0.5200602908250931,1.7285970824676091,247.39213252564588,427.64131850927157,475.6989466224194,True,None
477469,gdn,71610,gdn-grizli-v7.4-f444w-clear_drc_sci.fits,0.0399999999999996,0.9111316586827991,1.0758163206571927,2.910989009648659,3.131689485833746,3.194915884996253,True,None
476030,gdn,51486,gdn-grizli-v7.4-f444w-clear_drc_sci.fits,0.0399999999999996,0.6117571246076808,1.5096881437977834,6.428429384406222,9.704923624879356,10.508139792452383,True,None
535673,gdn,83125,gdn-grizli-v7.4-f444w-clear_drc_sci.fits,0.0399999999999996,0.6376936495470894,1.4970711850948417,1.2563147290030101,1.8807925802006413,1.9700913281718977,True,None
500134,gdn,39130,gdn-grizli-v7.4-f444w-clear_drc_sci.fits,0.0399999999999996,0.4758250318584816,1.8719986526185235,80.11411453230104,149.97351446019363,168.36885234765947,True,None
506263,gdn,87477,gdn-grizli-v7.4-f444w-clear_drc_sci.fits,0.0399999999999996,0.3998702569729969,2.166174027232237,5.903685507945671,12.788410212259269,14.764002585829594,True,None
543643,gdn,86574,gdn-grizli-v7.4-f444w-clear_drc_sci.fits,0.0399999999999996,0.4839229712039365,1.806702293125115,1.0482684548960033,1.8939090212713305,2.1661886648779034,True,None
518951,gdn,32299,gdn-grizli-v7.4-f444w-clear_drc_sci.fits,0.0399999999999996,0.2502596991946634,2.8873207143538813,1.3254622237171627,3.8270345346321224,5.296347066597239,True,None
498743,gdn,42442,gdn-grizli-v7.4-f444w-clear_drc_sci.fits,0.0399999999999996,0.6254033838405134,1.504456303672386,4.326058242223524,6.508365592567062,6.917228710305042,True,None
531782,gdn,93350,gdn-grizli-v7.4-f444w-clear_drc_sci.fits,0.0399999999999996,0.47313793444662966,1.966801771506458,1.5832484382432237,3.1139358330716056,3.3462724566673177,True,None
531469,gdn,21949,gdn-grizli-v7.4-f444w-clear_drc_sci.fits,0.0399999999999996,0.28204708526738226,2.761686584156467,4.673736264259775,12.907394738891783,16.570766047197566,True,None
497262,gdn,86647,gdn-grizli-v7.4-f444w-clear_drc_sci.fits,0.0399999999999996,0.40209674308374477,2.11983809447891,1.678987331897466,3.5591813063037536,4.175580530747505,True,None
498795,gdn,14863,gdn-grizli-v7.4-f444w-clear_drc_sci.fits,0.0399999999999996,0.25511393536220106,2.946801692785954,7.090291554935791,20.893683156430743,27.792647018161766,True,None
522081,gdn,32246,gdn-grizli-v7.4-f444w-clear_drc_sci.fits,0.0399999999999996,0.5502129256061825,1.4878195230377511,1.0026916212740857,1.4918241697179595,1.8223701672755086,True,None
535305,gdn,83379,gdn-grizli-v7.4-f444w-clear_drc_sci.fits,0.0399999999999996,0.3036051558451734,2.576698639977078,0.6164696882745931,1.5884566073642372,2.030498087420387,True,None
518105,gdn,78520,gdn-grizli-v7.4-f444w-clear_drc_sci.fits,0.0399999999999996,0.46994129672362867,1.9283632182102883,6.595301678212164,12.718137169264924,14.034309655682048,True,None
518202,gdn,13829,gdn-grizli-v7.4-f444w-clear_drc_sci.fits,0.0399999999999996,0.43301012540793615,1.844580669556845,1.4808794758865438,2.7316016551637907,3.4199650054174056,True,None
479555,gdn,43226,gdn-grizli-v7.4-f444w-clear_drc_sci.fits,0.0399999999999996,0.5117050840266367,1.7421133349938618,1476.9634863221786,2573.0377848208914,2886.3568731814585,True,None
500434,gdn,29201,gdn-grizli-v7.4-f444w-clear_drc_sci.fits,0.0399999999999996,0.31594593189076065,2.4438260047811173,12.356715827863205,30.197663473822534,39.11022292300184,True,None
464598,gdn,70338,gdn-grizli-v7.4-f444w-clear_drc_sci.fits,0.0399999999999996,0.5352278377069176,1.7522416118480009,2.87274965768066,5.033751490610152,5.367339766908261,True,None
484997,gdn,39561,gdn-grizli-v7.4-f444w-clear_drc_sci.fits,0.0399999999999996,0.5575772588357945,1.6915832887278612,2.965848172124268,5.016979204869485,5.31916990000072,True,None
499827,gdn,62280,gdn-grizli-v7.4-f444w-clear_drc_sci.fits,0.0399999999999996,0.5763077698847828,1.6194207346029317,1.4868263470858862,2.4077974152248194,2.579917233083873,True,None
475848,gdn,45784,gdn-grizli-v7.4-f444w-clear_drc_sci.fits,0.0399999999999996,0.5031447308013302,1.8282484456188361,1.0382496512056814,1.8981783109810857,2.0635208671511274,True,None
464895,gdn,64894,gdn-grizli-v7.4-f444w-clear_drc_sci.fits,0.0399999999999996,0.5176044677935187,1.8042254151353025,1.368674630159878,2.4693975527853627,2.6442480993148343,True,None
490609,gdn,18570,gdn-grizli-v7.4-f444w-clear_drc_sci.fits,0.0399999999999996,0.560251125890841,1.6292996737147205,1.8915606476271931,3.0819191459905912,3.376272818050068,True,None
470549,gdn,67358,gdn-grizli-v7.4-f444w-clear_drc_sci.fits,0.0399999999999996,0.38097481724111704,2.241419932544614,4.948619959533663,11.091935415886875,12.989362381928007,True,None
531563,gdn,14482,gdn-grizli-v7.4-f444w-clear_drc_sci.fits,0.0399999999999996,0.24406904198575724,3.0080049224214522,18.570587374507067,55.860418234774926,76.087435028285,True,None
490869,gdn,21625,gdn-grizli-v7.4-f444w-clear_drc_sci.fits,0.0399999999999996,0.2239194712939553,3.2283243729759628,7.266480781126487,23.45855701147205,32.45131269351405,True,None
522900,gdn,28687,gdn-grizli-v7.4-f444w-clear_drc_sci.fits,0.0399999999999996,0.464598311184692,1.9123618004696639,4.020923014900299,7.689459576324644,8.654622537579261,True,None
520253,gdn,25442,gdn-grizli-v7.4-f444w-clear_drc_sci.fits,0.0399999999999996,0.4898690690599703,1.8381566550684487,38.722205838864724,71.17748036163954,79.04603144911832,True,None
528353,gdn,9852,gdn-grizli-v7.4-f444w-clear_drc_sci.fits,0.0399999999999996,0.4661285060052268,1.9151016797042724,107.0290257085324,204.97146691152216,229.61270192587676,True,None
541470,gdn,48744,gdn-grizli-v7.4-f444w-clear_drc_sci.fits,0.0399999999999996,0.2595911607111596,2.881695547488058,21.1486054625319,60.9438421969598,81.46889672435114,True,None
509862,gdn,88634,gdn-grizli-v7.4-f444w-clear_drc_sci.fits,0.0399999999999996,0.5142073406507772,1.727862603942859,1.310136729664664,2.263736261239568,2.5478763644380575,True,None
549894,gdn,82723,gdn-grizli-v7.4-f444w-clear_drc_sci.fits,0.0399999999999996,0.4866464635711193,1.8279885596184493,188.24822318277913,344.1155983466208,386.82747594911524,True,None
518717,gdn,32377,gdn-grizli-v7.4-f444w-clear_drc_sci.fits,0.0399999999999996,0.2623559992140503,2.8458349323617322,1.5346517258009902,4.367365490293676,5.849501175495906,True,None
501138,gdn,46957,gdn-grizli-v7.4-f444w-clear_drc_sci.fits,0.0399999999999996,0.4629333773468119,1.887900674075739,0.9818569416929362,1.8536483820680378,2.1209465329983472,True,None
527311,gdn,7506,gdn-grizli-v7.4-f444w-clear_drc_sci.fits,0.0399999999999996,0.49002857143343165,1.8530315930302133,1.9709339325013753,3.652202844700326,4.022079624328841,True,None
490865,gdn,47548,gdn-grizli-v7.4-f444w-clear_drc_sci.fits,0.0399999999999996,0.5091310481711676,1.711556491040861,0.7666997125292176,1.3122498696585445,1.5058985604654316,True,None
532185,gdn,52631,gdn-grizli-v7.4-f444w-clear_drc_sci.fits,0.0399999999999996,0.5857517759595291,1.5767813812756657,5.611990881440492,8.84888273374418,9.580834598832247,True,None
522469,gdn,23785,gdn-grizli-v7.4-f444w-clear_drc_sci.fits,0.0399999999999996,0.3988005946652948,1.894307103752784,5.755736886612602,10.903133271642185,14.432618615935802,True,None
516861,gdn,32341,gdn-grizli-v7.4-f444w-clear_drc_sci.fits,0.0399999999999996,0.25497306732700986,2.7927639888157723,1.1780303521440914,3.2899607451999815,4.620214850509036,True,None
507932,gdn,3877,gdn-grizli-v7.4-f444w-clear_drc_sci.fits,0.0399999999999996,0.5480630506843195,1.789823398152296,1.098078840023017,1.9653672008891276,2.0035629817626637,True,None
517638,gdn,16733,gdn-grizli-v7.4-f444w-clear_drc_sci.fits,0.0399999999999996,0.2815241660902827,2.7454742694522194,18.91801671153807,51.93892811059486,67.19855341111712,True,None
519342,gdn,32285,gdn-grizli-v7.4-f444w-clear_drc_sci.fits,0.0399999999999996,0.27777083525231855,2.7195521430321614,0.9351556664173116,2.543204596673869,3.366644541957923,True,None
530795,gdn,15115,gdn-grizli-v7.4-f444w-clear_drc_sci.fits,0.0399999999999996,0.5279495827294101,1.7156004956611102,60.318362835335776,103.48221317776874,114.25023299289307,True,None
548500,gdn,84812,gdn-grizli-v7.4-f444w-clear_drc_sci.fits,0.0399999999999996,0.5149195325095832,1.7450631317216931,6.796722491596583,11.860709836628802,13.199581803531775,True,None
503350,gdn,15721,gdn-grizli-v7.4-f444w-clear_drc_sci.fits,0.0399999999999996,0.46555130130758426,1.9092826314301237,3.1705552842762095,6.053486136257565,6.81032417989411,True,None
544618,gdn,57799,gdn-grizli-v7.4-f444w-clear_drc_sci.fits,0.0399999999999996,0.27999660736193527,2.767960361975269,17.747031632212103,49.123080100684355,63.383023813826256,True,None
519105,gdn,83025,gdn-grizli-v7.4-f444w-clear_drc_sci.fits,0.0399999999999996,0.5593135478406212,1.6350317075525787,92.02877477858324,150.46996477019863,164.53879069063288,True,None
476400,gdn,51816,gdn-grizli-v7.4-f444w-clear_drc_sci.fits,0.0399999999999996,0.6150691469443185,1.4679567121922092,0.7465279182515676,1.0958706684362656,1.2137300691480628,True,None
516873,gdn,30953,gdn-grizli-v7.4-f444w-clear_drc_sci.fits,0.0399999999999996,0.21238265591961175,3.3123970730566787,0.5699017990060647,1.8877410509574246,2.6833725971567866,True,None
543164,gdn,62666,gdn-grizli-v7.4-f444w-clear_drc_sci.fits,0.0399999999999996,0.39430894565074726,2.1531615296440947,0.7461450760388147,1.6065708732601436,1.8922854382809278,True,None
511830,gdn,43319,gdn-grizli-v7.4-f444w-clear_drc_sci.fits,0.0399999999999996,0.4438403578720469,2.092955069423628,1.1692905156859705,2.44727251243392,2.6344844378100944,True,None
487253,gdn,20831,gdn-grizli-v7.4-f444w-clear_drc_sci.fits,0.0399999999999996,0.3440074998304546,2.3525397634190446,33.41432414692548,78.60852622341534,97.13254555029718,True,None
472205,gdn,81955,gdn-grizli-v7.4-f444w-clear_drc_sci.fits,0.0399999999999996,0.6704844542053428,1.3968530116487146,1.628508029514062,2.2747863455208313,2.4288527784647407,True,None
484505,gdn,74569,gdn-grizli-v7.4-f444w-clear_drc_sci.fits,0.0399999999999996,0.5172932532740006,1.7357771841702152,398.64619251108525,691.9609655170691,770.6386850940231,True,None
534969,gdn,68482,gdn-grizli-v7.4-f444w-clear_drc_sci.fits,0.0399999999999996,0.4746019557945192,1.8955940985872544,1.0058763172843082,1.9067332109528152,2.1194103922315195,True,None
500632,gdn,29382,gdn-grizli-v7.4-f444w-clear_drc_sci.fits,0.0399999999999996,0.5684507599561924,1.6250654249686203,1.017655595097677,1.6537569221191004,1.7902264660110618,True,None
486991,gdn,25709,gdn-grizli-v7.4-f444w-clear_drc_sci.fits,0.0399999999999996,0.3273858483271168,2.487921556526709,13.432129262374788,33.41808394191544,41.02843580750533,True,None
508809,gdn,36370,gdn-grizli-v7.4-f444w-clear_drc_sci.fits,0.0399999999999996,0.3209456080193446,2.5332522681358376,72.1712320375791,182.8279372533551,224.87060185359843,True,None
544420,gdn,89418,gdn-grizli-v7.4-f444w-clear_drc_sci.fits,0.0399999999999996,0.5278656455782783,1.7433958674820171,2.6231325326040076,4.573158417199465,4.969318527502123,True,None
519741,gdn,34445,gdn-grizli-v7.4-f444w-clear_drc_sci.fits,0.0399999999999996,0.4270711145487255,1.8837301681741794,0.7937216804779612,1.495157474650242,1.858523448294239,True,None
519221,gdn,32340,gdn-grizli-v7.4-f444w-clear_drc_sci.fits,0.0399999999999996,0.30087603595354706,2.555376415913034,0.759600120756382,1.941064234105551,2.5246281856547004,True,None
468975,gdn,41770,gdn-grizli-v7.4-f444w-clear_drc_sci.fits,0.0399999999999996,0.5260607702196397,1.7429014719076512,1.305852358470602,2.27597199767249,2.4823222570376906,True,None
524001,gdn,84624,gdn-grizli-v7.4-f444w-clear_drc_sci.fits,0.0399999999999996,0.27013221890606354,2.821223022439626,66.12802523220068,186.56190721355307,244.79873411618559,True,None
468808,gdn,58063,gdn-grizli-v7.4-f444w-clear_drc_sci.fits,0.0399999999999996,0.511967077570964,1.715848582604449,1.1731198631698994,2.012896054445197,2.2913970732957774,True,None
495693,gdn,22330,gdn-grizli-v7.4-f444w-clear_drc_sci.fits,0.0399999999999996,0.4154435817534136,2.129145671688801,29.102821395991164,61.96414620920681,70.05240344106491,True,None
499713,gdn,9143,gdn-grizli-v7.4-f444w-clear_drc_sci.fits,0.0399999999999996,0.5066563716645275,1.771135692728398,3.971110197939816,7.033375011328942,7.837876754403492,True,None
476338,gdn,51768,gdn-grizli-v7.4-f444w-clear_drc_sci.fits,0.0399999999999996,0.3210979869711263,2.5808517158388766,3.292800268671116,8.498229223314564,10.25481442512815,True,None
523493,gdn,10839,gdn-grizli-v7.4-f444w-clear_drc_sci.fits,0.0399999999999996,0.48821727071633425,1.8334314468477655,209.73330871372988,384.5316436471828,429.59010525375265,True,None
252219,gds,62239,gds-grizli-v7.2-f444w-clear_drc_sci.fits,0.0399999999999996,0.5631540785266215,1.633484921446955,3.361380360900985,5.490764134779683,5.968846695908438,True,None
234560,gds,56404,gds-grizli-v7.2-f444w-clear_drc_sci.fits,0.0399999999999996,0.5318001497795397,1.7141855546568592,2.469121359925111,4.2325321678783245,4.642949726412633,True,None
243035,gds,51941,gds-grizli-v7.2-f444w-clear_drc_sci.fits,0.0399999999999996,0.4782257532004957,1.9035844315733899,3.122416158186729,5.943782787617452,6.529167735719282,True,None
250885,gds,64575,gds-grizli-v7.2-f444w-clear_drc_sci.fits,0.0399999999999996,0.4902099211152466,1.841667727303386,4.722051588160954,8.696450016577728,9.632713220936255,True,None
209804,gds,26380,gds-grizli-v7.2-f444w-clear_drc_sci.fits,0.0399999999999996,0.6359518681083873,1.4594761380713284,2.4286442849908325,3.544548381807423,3.8189121013430385,True,None
251254,gds,62366,gds-grizli-v7.2-f444w-clear_drc_sci.fits,0.0399999999999996,0.5345914962057502,1.6982703012292504,6.441150049420673,10.938813834692448,12.048732714860927,True,None
253188,gds,62117,gds-grizli-v7.2-f444w-clear_drc_sci.fits,0.0399999999999996,0.43676334671865197,2.0287752667593404,86.38993073375266,175.26575476969,197.79574312448455,True,None
184813,gds,17145,gds-grizli-v7.2-f444w-clear_drc_sci.fits,0.0399999999999996,0.3663058454547769,2.4306600567156824,9.326000238716123,22.6683362691682,25.459599824670242,True,None
227532,gds,66962,gds-grizli-v7.2-f444w-clear_drc_sci.fits,0.0399999999999996,0.5595480984661345,1.6046112450602845,1.873133731137629,3.005651448485167,3.347583051881279,True,None
248418,gds,62191,gds-grizli-v7.2-f444w-clear_drc_sci.fits,0.0399999999999996,0.5809853179464334,1.558585268942107,1.4157187296223686,2.206518356954857,2.436754743865829,True,None
227579,gds,7107,gds-grizli-v7.2-f444w-clear_drc_sci.fits,0.0399999999999996,0.5598113328900687,1.6338674928272705,1.503570122132734,2.456634345739003,2.6858515249600945,True,None
194114,gds,23872,gds-grizli-v7.2-f444w-clear_drc_sci.fits,0.0399999999999996,0.3708026607059,2.2664006724753962,14.355583907253012,32.535505021175204,38.714889154042666,True,None
226057,gds,23499,gds-grizli-v7.2-f444w-clear_drc_sci.fits,0.0399999999999996,0.5254603997426185,1.7345189981337572,1.5778370183061834,2.736788284210796,3.002770559073607,True,None
252329,gds,52273,gds-grizli-v7.2-f444w-clear_drc_sci.fits,0.0399999999999996,0.27966776605279886,2.767004336241108,7.261584233619024,20.0928350624039,25.96503821698243,True,None
231357,gds,5299,gds-grizli-v7.2-f444w-clear_drc_sci.fits,0.0399999999999996,0.5496238422674556,1.684547978396492,2.3236434183392167,3.914288822877642,4.227697635446636,True,None
212190,gds,4728,gds-grizli-v7.2-f444w-clear_drc_sci.fits,0.0399999999999996,0.4966631948810474,1.7933391850981981,70.05988476084244,125.64113664508284,141.06115670121687,True,None
164396,gds,30649,gds-grizli-v7.2-f444w-clear_drc_sci.fits,0.0399999999999996,0.5787971984962025,1.4986498731883013,1.8582421348399787,2.7848543397310923,3.210523719997188,True,None
252905,gds,49587,gds-grizli-v7.2-f444w-clear_drc_sci.fits,0.0399999999999996,0.43421709128327063,2.016427982386061,2.508655732693782,5.058523617576949,5.7774228215655565,True,None
245652,gds,34322,gds-grizli-v7.2-f444w-clear_drc_sci.fits,0.0399999999999996,0.4519194880505743,1.9561332749218152,235.9595364366487,461.568300758855,522.1273759502986,True,None
244697,gds,51495,gds-grizli-v7.2-f444w-clear_drc_sci.fits,0.0399999999999996,0.4484106997904038,1.9469123233453436,231.74881075733126,451.19461558407613,516.8226602658128,True,None
237711,gds,69153,gds-grizli-v7.2-f444w-clear_drc_sci.fits,0.0399999999999996,0.396939007041804,2.167503912372145,49.96094819074809,108.29055066926851,125.86555441623908,True,None
248111,gds,65174,gds-grizli-v7.2-f444w-clear_drc_sci.fits,0.0399999999999996,0.6005667363970886,1.5576268120200119,1.5692616343078147,2.4443239966721952,2.612967950443121,True,None
247070,gds,62558,gds-grizli-v7.2-f444w-clear_drc_sci.fits,0.0399999999999996,0.5954021093087278,1.5537251181571932,25.54263962366087,39.68624076731909,42.899813796958696,True,None
169475,gds,36854,gds-grizli-v7.2-f444w-clear_drc_sci.fits,0.0399999999999996,0.6307162298275196,1.3123897415843297,1.8686204149101298,2.452358263443108,2.962695942390981,True,None
239316,gds,35863,gds-grizli-v7.2-f444w-clear_drc_sci.fits,0.0399999999999996,0.4830369064889886,1.8521554866948986,139.45124266981978,258.28538423732846,288.69686932089263,True,None
225133,gds,70263,gds-grizli-v7.2-f444w-clear_drc_sci.fits,0.0399999999999996,0.25000498768010143,3.01680405783654,8.571982012527577,25.859990119095027,34.28724399489189,True,None
233791,gds,69704,gds-grizli-v7.2-f444w-clear_drc_sci.fits,0.0399999999999996,0.5829722266325288,1.6295464929016286,1.5158849174504296,2.470204950873822,2.600269529488158,True,None
214097,gds,57822,gds-grizli-v7.2-f444w-clear_drc_sci.fits,0.0399999999999996,0.4898926230075405,1.7626018359545315,0.9529830694148193,1.679729707784145,1.9452896913700837,True,None
245576,gds,34609,gds-grizli-v7.2-f444w-clear_drc_sci.fits,0.0399999999999996,0.514826856755762,1.7114602065087667,0.7469609243865221,1.2783938979045364,1.4508973542941765,True,None
248368,gds,41285,gds-grizli-v7.2-f444w-clear_drc_sci.fits,0.0399999999999996,0.5827671995280931,1.6293516516113624,1.0249764054070112,1.670046999012591,1.7588093603020305,True,None
246649,gds,38330,gds-grizli-v7.2-f444w-clear_drc_sci.fits,0.0399999999999996,0.3370820422122021,2.476597160870371,7.399481389287596,18.32553460062281,21.951573986932907,True,None
196640,gds,2228,gds-grizli-v7.2-f444w-clear_drc_sci.fits,0.0399999999999996,0.40552307895130213,2.173419990439788,1.4662435905240276,3.1867631304991324,3.615684696209618,True,None
215851,gds,1370,gds-grizli-v7.2-f444w-clear_drc_sci.fits,0.0399999999999996,0.4459780220953853,1.9832248196477908,4.789500867769509,9.498656994685122,10.73932039356221,True,None
198576,gds,4917,gds-grizli-v7.2-f444w-clear_drc_sci.fits,0.0399999999999996,0.31245645157135876,2.5989722843127767,32.95019936374898,85.63665490896409,105.45533368903351,True,None
237340,gds,35492,gds-grizli-v7.2-f444w-clear_drc_sci.fits,0.0399999999999996,0.6034226730175922,1.5388848425196378,1.0842296591429272,1.668504588265284,1.7967996689963912,True,None
230736,gds,23857,gds-grizli-v7.2-f444w-clear_drc_sci.fits,0.0399999999999996,0.5020414066370728,1.766885751363421,1.6117110328612863,2.847709259277829,3.210314949233654,True,None
246122,gds,51447,gds-grizli-v7.2-f444w-clear_drc_sci.fits,0.0399999999999996,0.5127160152426801,1.7191885333878238,1.7995176272796676,3.093710070448468,3.5097745609290465,True,None
247461,gds,54744,gds-grizli-v7.2-f444w-clear_drc_sci.fits,0.0399999999999996,0.491634329929241,1.8161764357944052,106.23991966891934,192.95043864338186,216.09540506296628,True,None
234592,gds,23329,gds-grizli-v7.2-f444w-clear_drc_sci.fits,0.0399999999999996,0.5531230037276094,1.7202616410904632,1.523766439332065,2.6212769555639497,2.7548419231583035,True,None
194864,gds,9562,gds-grizli-v7.2-f444w-clear_drc_sci.fits,0.0399999999999996,0.2405790920498521,3.0701581828469418,14.953031211586094,45.908171132616765,62.1543255657793,True,None
177977,gds,4646,gds-grizli-v7.2-f444w-clear_drc_sci.fits,0.0399999999999996,0.1943208423619985,3.5901345105035576,22.04388156234398,79.1404999424242,113.44064431996767,True,None
244875,gds,45613,gds-grizli-v7.2-f444w-clear_drc_sci.fits,0.0399999999999996,0.5747208534901243,1.6004652631576812,0.9429058679382111,1.5090880880626507,1.6406327736538509,True,None
216144,gds,45739,gds-grizli-v7.2-f444w-clear_drc_sci.fits,0.0399999999999996,0.529253461337839,1.7088134979564222,5.995056238677774,10.24443302166044,11.327382202704088,True,None
172300,gds,21654,gds-grizli-v7.2-f444w-clear_drc_sci.fits,0.0399999999999996,0.4937461015959341,1.805253647783752,52.982092641283195,95.64611600789317,107.30635132111288,True,None
248790,gds,55843,gds-grizli-v7.2-f444w-clear_drc_sci.fits,0.0399999999999996,0.5518345659786617,1.534004238547391,0.7076297778334585,1.085507078518874,1.2823223144394713,True,None
244051,gds,32284,gds-grizli-v7.2-f444w-clear_drc_sci.fits,0.0399999999999996,0.41787527700491084,2.0826210698743,81.40268667420891,169.5309504120834,194.80139446788155,True,None
209008,gds,46196,gds-grizli-v7.2-f444w-clear_drc_sci.fits,0.0399999999999996,0.5136308640111878,1.710826315285806,0.80833321292389,1.3829177321897157,1.5737629289081876,True,None
242921,gds,52019,gds-grizli-v7.2-f444w-clear_drc_sci.fits,0.0399999999999996,0.4758105929882401,1.9271065532998188,0.7975761166945156,1.537014161237422,1.6762470790855808,True,None
199290,gds,19457,gds-grizli-v7.2-f444w-clear_drc_sci.fits,0.0399999999999996,0.5022111002467096,1.8631130573276637,1.1284982474420908,2.102519819980744,2.2470595470464905,True,None
232313,gds,65077,gds-grizli-v7.2-f444w-clear_drc_sci.fits,0.0399999999999996,0.5441954169415242,1.6690538556047885,1.2733886142371111,2.125354176275689,2.3399473325111475,True,None
229350,gds,52507,gds-grizli-v7.2-f444w-clear_drc_sci.fits,0.0399999999999996,0.1926399143608635,3.6921759074691596,49.46595429368361,182.63700468310924,256.7793619396098,True,None
252665,gds,47965,gds-grizli-v7.2-f444w-clear_drc_sci.fits,0.0399999999999996,0.4824848444158752,1.8285135254053522,3.6292164463021304,6.636071358686992,7.521928384498533,True,None
217984,gds,2925,gds-grizli-v7.2-f444w-clear_drc_sci.fits,0.0399999999999996,0.5199571516422903,1.7498499473573148,118.59564293008665,207.52457953801903,228.0873386499273,True,None
228757,gds,54220,gds-grizli-v7.2-f444w-clear_drc_sci.fits,0.0399999999999996,0.4248319210923946,1.9414312481604183,0.944096172168081,1.8328978099157507,2.222281625496673,True,None
227570,gds,10376,gds-grizli-v7.2-f444w-clear_drc_sci.fits,0.0399999999999996,0.41356206043155846,2.077380609959385,1.8705166377844613,3.8857749939398625,4.522940609766157,True,None
253976,gds,54568,gds-grizli-v7.2-f444w-clear_drc_sci.fits,0.0399999999999996,0.33427079108238056,2.395011273684894,48.22076009706313,115.48926405812088,144.25657695344128,True,None
243116,gds,61431,gds-grizli-v7.2-f444w-clear_drc_sci.fits,0.0399999999999996,0.4989959914464859,1.7906503014777873,2.156564390343929,3.861652675725617,4.3218070431638065,True,None
192644,gds-sw,18317,gds-sw-grizli-v7.0-f444w-clear_drc_sci.fits,0.0399999999999996,0.5987047918834907,1.5502050793946263,8.329209316093163,12.911982589148662,13.912047187546221,True,None
167585,gds-sw,12181,gds-sw-grizli-v7.0-f444w-clear_drc_sci.fits,0.0399999999999996,0.5945087759677271,1.5545960144115738,9.422127591872725,14.647602001602657,15.84859294387305,True,None
190599,gds-sw,7615,gds-sw-grizli-v7.0-f444w-clear_drc_sci.fits,0.0399999999999996,0.5923838406227948,1.6051158311224707,5.772346084320242,9.265284082660225,9.744266619851688,True,None
154163,gds-sw,37204,gds-sw-grizli-v7.0-f444w-clear_drc_sci.fits,0.0399999999999996,0.5545440820368104,1.649719267408988,3.0921321889241526,5.101150049443704,5.5759898790496845,True,None
165663,gds-sw,18414,gds-sw-grizli-v7.0-f444w-clear_drc_sci.fits,0.0399999999999996,0.4662993983249294,1.8904203415811514,2.4754007211998594,4.679547876920867,5.308608010415953,True,None
161577,gds-sw,54786,gds-sw-grizli-v7.0-f444w-clear_drc_sci.fits,0.0399999999999996,0.6139301729221327,1.5178119100759997,16.26193485124686,24.682558398102465,26.488248287007437,True,None
158064,gds-sw,18871,gds-sw-grizli-v7.0-f444w-clear_drc_sci.fits,0.0399999999999996,0.534838200253842,1.6888994206779968,3.258642143663816,5.503518828630725,6.092762525409025,True,None
152739,gds-sw,21906,gds-sw-grizli-v7.0-f444w-clear_drc_sci.fits,0.0399999999999996,0.5422336415043141,1.6466980473784758,3.3197503733079974,5.4666264575102455,6.122361504716016,True,None
181857,gds-sw,10195,gds-sw-grizli-v7.0-f444w-clear_drc_sci.fits,0.0399999999999996,0.5291157640348577,1.749937153438185,4.8981728945439995,8.571494732126402,9.257280216322021,True,None
174603,gds-sw,66327,gds-sw-grizli-v7.0-f444w-clear_drc_sci.fits,0.0399999999999996,0.4961025537027766,1.7409154579772288,5.438587638034772,9.4681212886186,10.96262778218457,True,None
177608,gds-sw,68420,gds-sw-grizli-v7.0-f444w-clear_drc_sci.fits,0.0399999999999996,0.321509329282396,2.416034232153853,0.9770139507830748,2.3604991503837884,3.0388354607431,True,None
215127,gds-sw,19948,gds-sw-grizli-v7.0-f444w-clear_drc_sci.fits,0.0399999999999996,0.49640265416691215,1.8443728877795085,4.33145930202126,7.988826101168366,8.725697305729625,True,None
155686,gds-sw,30744,gds-sw-grizli-v7.0-f444w-clear_drc_sci.fits,0.0399999999999996,0.553183393959622,1.6495311343531305,83.08907587437275,137.05801757940742,150.20168136218058,True,None
219103,gds-sw,27094,gds-sw-grizli-v7.0-f444w-clear_drc_sci.fits,0.0399999999999996,0.5082448181302079,1.7699013307327114,2.8068362007413286,4.967823126840825,5.522606626994161,True,None
193222,gds-sw,6632,gds-sw-grizli-v7.0-f444w-clear_drc_sci.fits,0.0399999999999996,0.9361728182679503,1.068178507030969,4.568026515119716,4.879467742998459,4.879469288129087,True,None
170789,gds-sw,59746,gds-sw-grizli-v7.0-f444w-clear_drc_sci.fits,0.0399999999999996,0.4745771585404745,1.8734319137329274,5.351017395503785,10.02476675967684,11.275337000964031,True,None
154334,gds-sw,32585,gds-sw-grizli-v7.0-f444w-clear_drc_sci.fits,0.0399999999999996,0.4967230935035204,1.804028067793539,1.848166827460658,3.334144830703966,3.720718548487538,True,None
169415,gds-sw,55627,gds-sw-grizli-v7.0-f444w-clear_drc_sci.fits,0.0399999999999996,0.42796079444765056,2.053255134534048,1.486617113826085,3.0524042220495966,3.473722670659105,True,None
199562,gds-sw,52750,gds-sw-grizli-v7.0-f444w-clear_drc_sci.fits,0.0399999999999996,0.5389299563568257,1.6812143729209876,1.5110741402560506,2.5404395631476966,2.8038414314003504,True,None
160369,gds-sw,32529,gds-sw-grizli-v7.0-f444w-clear_drc_sci.fits,0.0399999999999996,0.44758211824019867,1.9297806097704715,2.061851089977505,3.9789202536727006,4.606643129721718,True,None
174247,gds-sw,61346,gds-sw-grizli-v7.0-f444w-clear_drc_sci.fits,0.0399999999999996,0.42972839028828175,2.015521989863771,2.486944140714648,5.012490603173234,5.787246542045525,True,None
154103,gds-sw,24052,gds-sw-grizli-v7.0-f444w-clear_drc_sci.fits,0.0399999999999996,0.5726561760613986,1.6325456711817068,2.4160158869618886,3.944256277765863,4.218964167257754,True,None
153698,gds-sw,32738,gds-sw-grizli-v7.0-f444w-clear_drc_sci.fits,0.0399999999999996,0.5303527573651261,1.7685088501319004,3.463802220596734,6.125764882231853,6.531128899575133,True,None
168202,gds-sw,31902,gds-sw-grizli-v7.0-f444w-clear_drc_sci.fits,0.0399999999999996,0.5997235414217857,1.557012671358089,5.518251772026662,8.591987932789742,9.20132592918455,True,None
205389,gds-sw,19839,gds-sw-grizli-v7.0-f444w-clear_drc_sci.fits,0.0399999999999996,0.37039817625512533,2.2684699875755046,1.5130737156196927,3.432362312872627,4.084992347741766,True,None
208425,gds-sw,16243,gds-sw-grizli-v7.0-f444w-clear_drc_sci.fits,0.0399999999999996,0.5372617323396878,1.7304340208242373,1.748792320989843,3.0261697275970043,3.25501001788111,True,None
170850,gds-sw,32969,gds-sw-grizli-v7.0-f444w-clear_drc_sci.fits,0.0399999999999996,0.22838722958405502,3.1533614026324392,0.4624645598253461,1.4583178930386471,2.024914268050797,True,None
203344,gds-sw,13538,gds-sw-grizli-v7.0-f444w-clear_drc_sci.fits,0.0399999999999996,0.5008099451505398,1.759119245639355,1.0177125015732722,1.7902776480453155,2.0321331703334193,True,None
198968,gds-sw,18676,gds-sw-grizli-v7.0-f444w-clear_drc_sci.fits,0.0399999999999996,0.5217642140747912,1.7272445556566942,2.2505326626573368,3.8872202889024483,4.313313565684171,True,None
178064,gds-sw,50254,gds-sw-grizli-v7.0-f444w-clear_drc_sci.fits,0.0399999999999996,0.38931405055806817,2.1453389005826726,2.1289959935683744,4.567417924186891,5.468582473498022,True,None
160442,gds-sw,25604,gds-sw-grizli-v7.0-f444w-clear_drc_sci.fits,0.0399999999999996,0.32980600966575324,2.5674751538021847,3.234357884672462,8.304133507400739,9.806849450531146,True,None
164606,gds-sw,33125,gds-sw-grizli-v7.0-f444w-clear_drc_sci.fits,0.0399999999999996,0.42051337314108855,2.057466033720541,0.9282550728881609,1.9098532830961759,2.2074329431057533,True,None
164810,gds-sw,33330,gds-sw-grizli-v7.0-f444w-clear_drc_sci.fits,0.0399999999999996,0.5802376986212745,1.5458028094524232,1.039842129162043,1.6073908846456755,1.7920968107257638,True,None
157671,gds-sw,16510,gds-sw-grizli-v7.0-f444w-clear_drc_sci.fits,0.0399999999999996,0.34158063061629657,2.4195930615257137,5.866627560992143,14.19485134113211,17.174942122471304,True,None
160676,gds-sw,13860,gds-sw-grizli-v7.0-f444w-clear_drc_sci.fits,0.0399999999999996,0.6699455341049573,1.4459909599538447,1.4691275154465648,2.124345106355185,2.192905901536174,True,None
178335,gds-sw,68490,gds-sw-grizli-v7.0-f444w-clear_drc_sci.fits,0.0399999999999996,0.28142492556728566,2.5009867201883593,0.7161681956020356,1.7911271466219505,2.5447930532749043,True,None
154512,gds-sw,37873,gds-sw-grizli-v7.0-f444w-clear_drc_sci.fits,0.0399999999999996,0.4888098675042505,1.827538236717009,89.06108723273819,162.76254232141807,182.19985551327633,True,None
171880,gds-sw,19188,gds-sw-grizli-v7.0-f444w-clear_drc_sci.fits,0.0399999999999996,0.47451157245027215,1.915094645430264,3.103823327824765,5.94411543547875,6.541090898578747,True,None
178638,gds-sw,33004,gds-sw-grizli-v7.0-f444w-clear_drc_sci.fits,0.0399999999999996,0.2860221512993202,2.753028853791951,18.203338561894114,50.11431629623817,63.64310763764743,True,None
178794,gds-sw,66324,gds-sw-grizli-v7.0-f444w-clear_drc_sci.fits,0.0399999999999996,0.22603680557993297,3.396529469407046,0.50818344311828,1.7260600404159772,2.248233166339683,True,None
168976,gds-sw,37698,gds-sw-grizli-v7.0-f444w-clear_drc_sci.fits,0.0399999999999996,0.31282227499114656,2.56920067335223,39.963105960006565,102.67323874169537,127.75019285675099,True,None
161526,gds-sw,33278,gds-sw-grizli-v7.0-f444w-clear_drc_sci.fits,0.0399999999999996,0.31813766138586835,2.535391927571717,29.481314580732594,74.74668700219178,92.66842049541184,True,None
160533,gds-sw,20627,gds-sw-grizli-v7.0-f444w-clear_drc_sci.fits,0.0399999999999996,0.4718849984707387,1.885297510282543,152.7235750668257,287.92937583493557,323.6457517441,True,None
184748,gds-sw,58354,gds-sw-grizli-v7.0-f444w-clear_drc_sci.fits,0.0399999999999996,0.25182954004583963,2.768999696214547,0.766244397401808,2.121730503631705,3.0427105464368136,True,None
167591,gds-sw,35733,gds-sw-grizli-v7.0-f444w-clear_drc_sci.fits,0.0399999999999996,0.3945755012492406,2.1748315310129605,42.391771824951206,92.19496202041071,107.43640112155289,True,None
214945,gds-sw,26689,gds-sw-grizli-v7.0-f444w-clear_drc_sci.fits,0.0399999999999996,0.6065235082390585,1.5278859160192673,0.779418276620629,1.1908622075366684,1.2850586432890987,True,None
178606,gds-sw,19891,gds-sw-grizli-v7.0-f444w-clear_drc_sci.fits,0.0399999999999996,0.40993225520147414,2.035342995660238,0.758283250308997,1.543366502242896,1.849776983117161,True,None
216826,gds-sw,47131,gds-sw-grizli-v7.0-f444w-clear_drc_sci.fits,0.0399999999999996,0.5360844592807016,1.6943617683412475,81.7293149749635,138.47902664629797,152.45604225241837,True,None
161537,gds-sw,18209,gds-sw-grizli-v7.0-f444w-clear_drc_sci.fits,0.0399999999999996,0.5597808915321522,1.5656899007574105,0.3908456675437042,0.6119431144279661,0.6982118779973667,True,None
156126,gds-sw,25436,gds-sw-grizli-v7.0-f444w-clear_drc_sci.fits,0.0399999999999996,0.2803815844258025,2.6266545670952186,41.46092840814547,108.90353695926319,147.87322246235928,True,None
171883,gds-sw,9178,gds-sw-grizli-v7.0-f444w-clear_drc_sci.fits,0.0399999999999996,0.43001878431642454,1.9908860630508984,1.2701726366982227,2.5287690000711036,2.9537608193496503,True,None
182726,gds-sw,17815,gds-sw-grizli-v7.0-f444w-clear_drc_sci.fits,0.0399999999999996,0.5160150738109036,1.7372226004652718,2.7690668316513327,4.810485482143459,5.366251825166781,True,None
191188,gds-sw,10547,gds-sw-grizli-v7.0-f444w-clear_drc_sci.fits,0.0399999999999996,0.4792087387420456,1.7815599229457781,0.8268055689375764,1.473003665687569,1.7253557835944213,True,None
152697,gds-sw,21135,gds-sw-grizli-v7.0-f444w-clear_drc_sci.fits,0.0399999999999996,0.4336588429737599,2.0280727480883223,224.60187152475373,455.5089348089876,517.9229598653523,True,None
211586,gds-sw,38503,gds-sw-grizli-v7.0-f444w-clear_drc_sci.fits,0.0399999999999996,0.5498762171651622,1.661601214099983,5.2485455832263925,8.720989713348077,9.544958336777686,True,None
156251,gds-sw,46420,gds-sw-grizli-v7.0-f444w-clear_drc_sci.fits,0.0399999999999996,0.49128501813353553,1.8303797841160039,5.082785046540729,9.303426996195272,10.34589873277834,True,None
407097,primer-cosmos-east,7862,primer-cosmos-east-grizli-v7.4-f444w-clear_drc_sci.fits,0.0399999999999996,0.6514302587454152,1.4611401242200148,6.063555572979265,8.859704343117887,9.308065585803496,True,None
433733,primer-cosmos-east,60004,primer-cosmos-east-grizli-v7.4-f444w-clear_drc_sci.fits,0.0399999999999996,0.47208034123918363,1.8207028609194846,3.8358037697176046,6.983858897450586,8.12531985477057,True,None
429747,primer-cosmos-east,19279,primer-cosmos-east-grizli-v7.4-f444w-clear_drc_sci.fits,0.0399999999999996,0.6577207396364991,1.465744061463291,4.98452593509721,7.306039288578494,7.578483746539596,True,None
423870,primer-cosmos-east,74321,primer-cosmos-east-grizli-v7.4-f444w-clear_drc_sci.fits,0.0399999999999996,0.6131062833381232,1.5166830904793447,21.92192673917248,33.2486155960299,35.75550819641937,True,None
442053,primer-cosmos-east,53528,primer-cosmos-east-grizli-v7.4-f444w-clear_drc_sci.fits,0.0399999999999996,0.6311753075233487,1.473530951802888,4.105010014278052,6.048859313499524,6.503755716277284,True,None
416294,primer-cosmos-east,52995,primer-cosmos-east-grizli-v7.4-f444w-clear_drc_sci.fits,0.0399999999999996,0.545732382296032,1.6948440331167969,4.393179138835217,7.4457534498680555,8.050061314580635,True,None
403633,primer-cosmos-east,23532,primer-cosmos-east-grizli-v7.4-f444w-clear_drc_sci.fits,0.0399999999999996,0.6295305226218392,1.4984274370679582,12.820873380324157,19.211148440251936,20.365769283002173,True,None
400876,primer-cosmos-east,68271,primer-cosmos-east-grizli-v7.4-f444w-clear_drc_sci.fits,0.0399999999999996,0.47352524827126313,1.8579427034623404,3.3254086521078703,6.178418741214354,7.022663869029599,True,None
429864,primer-cosmos-east,82733,primer-cosmos-east-grizli-v7.4-f444w-clear_drc_sci.fits,0.0399999999999996,0.5751758716931517,1.6563850260977793,2.5785252532411165,4.27103061888357,4.483020551002396,True,None
445143,primer-cosmos-east,79065,primer-cosmos-east-grizli-v7.4-f444w-clear_drc_sci.fits,0.0399999999999996,0.4787971457694982,1.8271780672574844,15.649347775850275,28.59414502291832,32.684714004924665,True,None
395950,primer-cosmos-east,72426,primer-cosmos-east-grizli-v7.4-f444w-clear_drc_sci.fits,0.0399999999999996,0.6090961525488092,1.525879600006513,14.356529280632106,21.90633515621271,23.57021829896005,True,None
429504,primer-cosmos-east,55606,primer-cosmos-east-grizli-v7.4-f444w-clear_drc_sci.fits,0.0399999999999996,0.5137364360576835,1.7436776527116231,3.538697082466586,6.170347022412805,6.888156716354168,True,None
434707,primer-cosmos-east,68399,primer-cosmos-east-grizli-v7.4-f444w-clear_drc_sci.fits,0.0399999999999996,0.5553856203069635,1.562445379064153,5.616494102647415,8.775465257222521,10.112782717606482,True,None
417589,primer-cosmos-east,57013,primer-cosmos-east-grizli-v7.4-f444w-clear_drc_sci.fits,0.0399999999999996,0.5901482018118147,1.5523608217026215,7.303106819344618,11.337056903059828,12.375038671512241,True,None
420380,primer-cosmos-east,59918,primer-cosmos-east-grizli-v7.4-f444w-clear_drc_sci.fits,0.0399999999999996,0.43946772142763557,2.0481980730975393,3.774265312211134,7.730442939829727,8.588265140270646,True,None
445949,primer-cosmos-east,79888,primer-cosmos-east-grizli-v7.4-f444w-clear_drc_sci.fits,0.0399999999999996,0.3688288988271098,2.348648867991812,2.380837725574804,5.591751829043464,6.455127928277747,True,None
405260,primer-cosmos-east,9422,primer-cosmos-east-grizli-v7.4-f444w-clear_drc_sci.fits,0.0399999999999996,0.4786193456911541,1.9168569619005946,6.209313704566377,11.902366203222831,12.973386388299385,True,None
414889,primer-cosmos-east,84229,primer-cosmos-east-grizli-v7.4-f444w-clear_drc_sci.fits,0.0399999999999996,0.5769839309550573,1.5721782892787264,2.4720324661879856,3.886475773732898,4.284404354374539,True,None
439963,primer-cosmos-east,79076,primer-cosmos-east-grizli-v7.4-f444w-clear_drc_sci.fits,0.0399999999999996,0.3818359884306564,2.171406777236638,9.12793147386531,19.820452264502748,23.905372333763122,True,None
403729,primer-cosmos-east,51382,primer-cosmos-east-grizli-v7.4-f444w-clear_drc_sci.fits,0.0399999999999996,0.6330978236795026,1.5497618101171868,3.135724114528743,4.859625479760178,4.952985142650185,True,None
402905,primer-cosmos-east,40865,primer-cosmos-east-grizli-v7.4-f444w-clear_drc_sci.fits,0.0399999999999996,0.4233901766119926,2.043123361431027,13.944837259855564,28.49102277696473,32.93613794123294,True,None
412525,primer-cosmos-east,47421,primer-cosmos-east-grizli-v7.4-f444w-clear_drc_sci.fits,0.0399999999999996,0.5925504553557891,1.5736798396817173,2.999168125675671,4.7197304151918065,5.0614561149478146,True,None
401974,primer-cosmos-east,85877,primer-cosmos-east-grizli-v7.4-f444w-clear_drc_sci.fits,0.0399999999999996,0.5437862269426099,1.6756489909504078,3.550168746840713,5.948836678347314,6.528611007309294,True,None
377172,primer-cosmos-east,29422,primer-cosmos-east-grizli-v7.4-f444w-clear_drc_sci.fits,0.0399999999999996,0.5375795324615512,1.7207682632309471,3.7505131455861402,6.453763991755099,6.976666556505078,True,None
434757,primer-cosmos-east,68789,primer-cosmos-east-grizli-v7.4-f444w-clear_drc_sci.fits,0.0399999999999996,0.5775611434461994,1.586926699608835,544.0036488609196,863.2939150620227,941.8979358877081,True,None
400229,primer-cosmos-east,5652,primer-cosmos-east-grizli-v7.4-f444w-clear_drc_sci.fits,0.0399999999999996,0.54804438510636,1.7370565188285993,4.180434578251447,7.261651135688162,7.627912431654859,True,None
425191,primer-cosmos-east,41023,primer-cosmos-east-grizli-v7.4-f444w-clear_drc_sci.fits,0.0399999999999996,0.659841361019469,1.4298865171535895,6.052285567769429,8.654081531316764,9.172334329600858,True,None
393342,primer-cosmos-east,48099,primer-cosmos-east-grizli-v7.4-f444w-clear_drc_sci.fits,0.0399999999999996,0.48206684348710965,1.8849105872719512,3.993309154887278,7.527030704297038,8.28372498303559,True,None
388132,primer-cosmos-east,66462,primer-cosmos-east-grizli-v7.4-f444w-clear_drc_sci.fits,0.0399999999999996,0.5318917203376747,1.6382628895535019,2.055837889311351,3.3680029209967866,3.8651436198446367,True,None
434681,primer-cosmos-east,43116,primer-cosmos-east-grizli-v7.4-f444w-clear_drc_sci.fits,0.0399999999999996,0.4007815380289229,2.2250996491643846,2.337746202340204,5.20171825466256,5.832968788526125,True,None
413908,primer-cosmos-east,24895,primer-cosmos-east-grizli-v7.4-f444w-clear_drc_sci.fits,0.0399999999999996,0.5387032241217172,1.7235701060642548,1.983011640301987,3.4178595832019476,3.6810836681644505,True,None
392621,primer-cosmos-east,78749,primer-cosmos-east-grizli-v7.4-f444w-clear_drc_sci.fits,0.0399999999999996,0.5516484378242205,1.6606326938093174,4.027273395111353,6.687821866830361,7.300434695320609,True,None
407031,primer-cosmos-east,70582,primer-cosmos-east-grizli-v7.4-f444w-clear_drc_sci.fits,0.0399999999999996,0.6480477301656299,1.4571100281265472,2.5563617891747628,3.7249003985260694,3.944712202790064,True,None
403200,primer-cosmos-east,19863,primer-cosmos-east-grizli-v7.4-f444w-clear_drc_sci.fits,0.0399999999999996,0.6070213036105848,1.5201828574227458,2.070992479912147,3.148287265813866,3.411729485594341,True,None
433989,primer-cosmos-east,22204,primer-cosmos-east-grizli-v7.4-f444w-clear_drc_sci.fits,0.0399999999999996,0.2874767631859555,2.7364340351295517,14.209523357388115,38.883423338125176,49.428424057344166,True,None
440062,primer-cosmos-east,62942,primer-cosmos-east-grizli-v7.4-f444w-clear_drc_sci.fits,0.0399999999999996,0.5429490674311972,1.6960369159017807,9.965563699026884,16.9019639213203,18.35450928422439,True,None
373636,primer-cosmos-east,69819,primer-cosmos-east-grizli-v7.4-f444w-clear_drc_sci.fits,0.0399999999999996,0.47986409857313517,1.8562227375042228,48.54632779312048,90.11279747192344,101.16682606069483,True,None
428620,primer-cosmos-east,78224,primer-cosmos-east-grizli-v7.4-f444w-clear_drc_sci.fits,0.0399999999999996,0.23096200191583557,3.2409715313725416,4.698415910462526,15.227432208356845,20.34280908326499,True,None
418927,primer-cosmos-east,68929,primer-cosmos-east-grizli-v7.4-f444w-clear_drc_sci.fits,0.0399999999999996,0.46794756709763774,1.9335213646993177,1.8730761349835177,3.6216327246990545,4.002747886052581,True,None
444566,primer-cosmos-east,78719,primer-cosmos-east-grizli-v7.4-f444w-clear_drc_sci.fits,0.0399999999999996,0.17859724452412734,3.811797475300793,2.2395344343734886,8.536651702794053,12.539579993749243,True,None
406481,primer-cosmos-east,42315,primer-cosmos-east-grizli-v7.4-f444w-clear_drc_sci.fits,0.0399999999999996,0.5360058173511802,1.5659220513397187,2.824772325811621,4.423373275002602,5.270040425626364,True,None
423714,primer-cosmos-east,53669,primer-cosmos-east-grizli-v7.4-f444w-clear_drc_sci.fits,0.0399999999999996,0.509431616292727,1.7999465158325552,2.361850183631791,4.251204008946523,4.636245784703391,True,None
394258,primer-cosmos-east,41091,primer-cosmos-east-grizli-v7.4-f444w-clear_drc_sci.fits,0.0399999999999996,0.6159640471378497,1.5284237240326974,3.4118909945155607,5.214815139831097,5.539107372206736,True,None
434708,primer-cosmos-east,40369,primer-cosmos-east-grizli-v7.4-f444w-clear_drc_sci.fits,0.0399999999999996,0.4575899129656757,1.9224331669212866,2.967305094512957,5.704445730066212,6.484638341963491,True,None
406112,primer-cosmos-east,83110,primer-cosmos-east-grizli-v7.4-f444w-clear_drc_sci.fits,0.0399999999999996,0.5101058291804499,1.7653457422197227,42.88163010233436,75.70090312059706,84.06418364445898,True,None
401149,primer-cosmos-east,39753,primer-cosmos-east-grizli-v7.4-f444w-clear_drc_sci.fits,0.0399999999999996,0.5105203266385407,1.775770297379387,2.9788244909444073,5.289708052125351,5.834879309425574,True,None
438584,primer-cosmos-east,72337,primer-cosmos-east-grizli-v7.4-f444w-clear_drc_sci.fits,0.0399999999999996,0.6617216207065623,1.4070752705230452,1.7666607481108825,2.4858246500705654,2.6697945069778837,True,None
431143,primer-cosmos-east,17565,primer-cosmos-east-grizli-v7.4-f444w-clear_drc_sci.fits,0.0399999999999996,0.5455384512036877,1.661671872278745,538.4102639089007,894.6611912835962,986.9336665837957,True,None
433829,primer-cosmos-east,30593,primer-cosmos-east-grizli-v7.4-f444w-clear_drc_sci.fits,0.0399999999999996,0.44768880452316173,2.051960755167397,3.4305851792742637,7.039426155129698,7.66287909059557,True,None
401200,primer-cosmos-east,6647,primer-cosmos-east-grizli-v7.4-f444w-clear_drc_sci.fits,0.0399999999999996,0.5048894388207584,1.7739472947869708,11.85815451425771,21.03574112173337,23.48663608800003,True,None
428725,primer-cosmos-east,78225,primer-cosmos-east-grizli-v7.4-f444w-clear_drc_sci.fits,0.0399999999999996,0.27621049684345234,2.702831916349004,3.8013457613541872,10.274398648866102,13.762495650223872,True,None
397410,primer-cosmos-east,8218,primer-cosmos-east-grizli-v7.4-f444w-clear_drc_sci.fits,0.0399999999999996,0.6928131311376959,1.3820160036484188,7.544337519968156,10.426395189521214,10.889426283793583,True,None
395844,primer-cosmos-east,6477,primer-cosmos-east-grizli-v7.4-f444w-clear_drc_sci.fits,0.0399999999999996,0.39451428663538934,2.1996818469987045,6.536382859196245,14.377962720407469,16.568177834424485,True,None
413434,primer-cosmos-east,40288,primer-cosmos-east-grizli-v7.4-f444w-clear_drc_sci.fits,0.0399999999999996,0.44310877708677693,1.9594389062469553,2.4339964459946666,4.769267333948766,5.492999849826944,True,None
423681,primer-cosmos-east,66949,primer-cosmos-east-grizli-v7.4-f444w-clear_drc_sci.fits,0.0399999999999996,0.23291230884050848,3.0432926450150717,8.93556486724101,27.193538839529644,38.36450255344737,True,None
409125,primer-cosmos-east,84746,primer-cosmos-east-grizli-v7.4-f444w-clear_drc_sci.fits,0.0399999999999996,0.38541898813050185,2.2612617702669056,0.9597226712071186,2.1701841864590925,2.4900762566533414,True,None
383132,primer-cosmos-east,79981,primer-cosmos-east-grizli-v7.4-f444w-clear_drc_sci.fits,0.0399999999999996,0.4569484241992701,1.9433886563729057,6.925848670395807,13.459615741802581,15.156740462629369,True,None
408562,primer-cosmos-east,42977,primer-cosmos-east-grizli-v7.4-f444w-clear_drc_sci.fits,0.0399999999999996,0.42424663260471757,2.0287679440206636,3.02038980632374,6.127670017516384,7.119419635176978,True,None
427834,primer-cosmos-east,28764,primer-cosmos-east-grizli-v7.4-f444w-clear_drc_sci.fits,0.0399999999999996,0.5017464070972131,1.7745492387072133,2.311353707784562,4.101610962532189,4.606617357076039,True,None
423647,primer-cosmos-east,27610,primer-cosmos-east-grizli-v7.4-f444w-clear_drc_sci.fits,0.0399999999999996,0.415689430532448,2.066317068114586,9.26518958696367,19.144819382860565,22.28873025493114,True,None
424315,primer-cosmos-east,25187,primer-cosmos-east-grizli-v7.4-f444w-clear_drc_sci.fits,0.0399999999999996,0.47217175305456227,1.890981571263351,23.600047681734846,44.62725524709697,49.981913422524705,True,None
411477,primer-cosmos-east,20132,primer-cosmos-east-grizli-v7.4-f444w-clear_drc_sci.fits,0.0399999999999996,0.317679491070875,2.543556129983125,2.9297642410542886,7.452019794738993,9.222390249928509,True,None
442935,primer-cosmos-east,62817,primer-cosmos-east-grizli-v7.4-f444w-clear_drc_sci.fits,0.0399999999999996,0.48512143991232265,1.824856274472296,26.89926346310595,49.087289709332275,55.44851505216411,True,None
400845,primer-cosmos-east,86158,primer-cosmos-east-grizli-v7.4-f444w-clear_drc_sci.fits,0.0399999999999996,0.4905332539966379,1.8647800809577728,1.0070355466305048,1.8778998281729877,2.0529404243762177,True,None
399072,primer-cosmos-east,17041,primer-cosmos-east-grizli-v7.4-f444w-clear_drc_sci.fits,0.0399999999999996,0.4233549949492471,2.0325469453328178,1.1100435111503475,2.2562155477751547,2.622015859960321,True,None
372674,primer-cosmos-east,71270,primer-cosmos-east-grizli-v7.4-f444w-clear_drc_sci.fits,0.0399999999999996,0.26641409852137293,2.8734893574548184,13.11916791287207,37.69778937630063,49.24351971492827,True,None
373664,primer-cosmos-east,78415,primer-cosmos-east-grizli-v7.4-f444w-clear_drc_sci.fits,0.0399999999999996,0.38646482061290516,2.188228128128232,7.092961690913583,15.521018283793088,18.353447228818034,True,None
399262,primer-cosmos-east,47086,primer-cosmos-east-grizli-v7.4-f444w-clear_drc_sci.fits,0.0399999999999996,0.656609696533607,1.4083270847072646,2.5980424144068754,3.658893499427458,3.9567530423667767,True,None
393800,primer-cosmos-east,2945,primer-cosmos-east-grizli-v7.4-f444w-clear_drc_sci.fits,0.0399999999999996,0.46312235347180547,1.957188307671585,2.1381651603377034,4.184791851683693,4.616847242006152,True,None
447142,primer-cosmos-east,54515,primer-cosmos-east-grizli-v7.4-f444w-clear_drc_sci.fits,0.0399999999999996,0.42712507998929644,2.0756013778998925,1.9512358682572046,4.049987856762347,4.568300855351556,True,None
384293,primer-cosmos-east,50450,primer-cosmos-east-grizli-v7.4-f444w-clear_drc_sci.fits,0.0399999999999996,0.6355537345048995,1.4940454271318462,5.085906122066706,7.598574784495622,8.002322771384012,True,None
403238,primer-cosmos-east,41219,primer-cosmos-east-grizli-v7.4-f444w-clear_drc_sci.fits,0.0399999999999996,0.4412721259191509,1.9999433639241206,6.266163931403284,12.531972971870676,14.200226035920881,True,None
403490,primer-cosmos-east,11068,primer-cosmos-east-grizli-v7.4-f444w-clear_drc_sci.fits,0.0399999999999996,0.43182138524639224,1.9826065358746525,2.5092215463736594,4.974799037797919,5.81078573712121,True,None
383724,primer-cosmos-east,33515,primer-cosmos-east-grizli-v7.4-f444w-clear_drc_sci.fits,0.0399999999999996,0.2679035778014341,2.9276900174405043,19.883001428759304,58.2112647997339,74.21700595389686,True,None
444245,primer-cosmos-east,78052,primer-cosmos-east-grizli-v7.4-f444w-clear_drc_sci.fits,0.0399999999999996,0.6353564753955984,1.4602722898603482,5.869779393898672,8.5714761965035,9.238560746931732,True,None
411498,primer-cosmos-east,39895,primer-cosmos-east-grizli-v7.4-f444w-clear_drc_sci.fits,0.0399999999999996,0.42308868624620444,2.064479846629729,1.2323754490398853,2.5442142780241057,2.9128064377565024,True,None
405041,primer-cosmos-east,13393,primer-cosmos-east-grizli-v7.4-f444w-clear_drc_sci.fits,0.0399999999999996,0.4827283971778165,1.8610011541042972,1.8043944142012214,3.3579800872878205,3.7379081586048883,True,None
437754,primer-cosmos-east,70204,primer-cosmos-east-grizli-v7.4-f444w-clear_drc_sci.fits,0.0399999999999996,0.4796381940100148,1.9349911237564397,3.0455178541823558,5.893050015084618,6.34961496439703,True,None
389660,primer-cosmos-east,70678,primer-cosmos-east-grizli-v7.4-f444w-clear_drc_sci.fits,0.0399999999999996,0.7043639563859907,1.3919478692595826,1.1088741775407243,1.5434950487047832,1.5742914830994879,True,None
390791,primer-cosmos-east,82509,primer-cosmos-east-grizli-v7.4-f444w-clear_drc_sci.fits,0.0399999999999996,0.5248028174957577,1.7546203596388517,1.094358915424943,1.920184433756897,2.0852763722705987,True,None
376293,primer-cosmos-east,77370,primer-cosmos-east-grizli-v7.4-f444w-clear_drc_sci.fits,0.0399999999999996,0.1673160611790363,3.922818991019004,0.8626213507609496,3.3839074168235186,5.15563983924952,True,None
399096,primer-cosmos-east,25637,primer-cosmos-east-grizli-v7.4-f444w-clear_drc_sci.fits,0.0399999999999996,0.5033370898826091,1.764950261175751,518.2463287299549,914.6789932453081,1029.6207832624118,True,None
402784,primer-cosmos-east,3652,primer-cosmos-east-grizli-v7.4-f444w-clear_drc_sci.fits,0.0399999999999996,0.4367217323914337,1.8766877110353846,3.339509502032623,6.26721644335052,7.646767390635419,True,None
379732,primer-cosmos-east,71987,primer-cosmos-east-grizli-v7.4-f444w-clear_drc_sci.fits,0.0399999999999996,0.477694824421636,1.8551703460578703,5.6503059895130745,10.482280117897828,11.82827550278386,True,None
386871,primer-cosmos-east,24295,primer-cosmos-east-grizli-v7.4-f444w-clear_drc_sci.fits,0.0399999999999996,0.43971150579075424,1.9900939399125626,1.2057212033004916,2.399498459912391,2.7420733536007558,True,None
447905,primer-cosmos-east,47985,primer-cosmos-east-grizli-v7.4-f444w-clear_drc_sci.fits,0.0399999999999996,0.48468571135387783,1.8565114977556267,5.242266096102018,9.7323272817079,10.815804908832034,True,None
376070,primer-cosmos-east,84125,primer-cosmos-east-grizli-v7.4-f444w-clear_drc_sci.fits,0.0399999999999996,0.8916731304656665,1.1529900528850776,3.584033396330217,4.132354855176661,4.019447568705468,True,None
393723,primer-cosmos-east,24404,primer-cosmos-east-grizli-v7.4-f444w-clear_drc_sci.fits,0.0399999999999996,0.4300083912193148,2.0222862422941703,96.53491929567109,195.2212391926137,224.49543140760693,True,None
441152,primer-cosmos-east,46922,primer-cosmos-east-grizli-v7.4-f444w-clear_drc_sci.fits,0.0399999999999996,0.3877858827581002,2.4438984239303383,1.512327498576208,3.695974790236906,3.8999034410945637,True,None
423744,primer-cosmos-east,38461,primer-cosmos-east-grizli-v7.4-f444w-clear_drc_sci.fits,0.0399999999999996,0.5586960336104039,1.6228702918242366,83.94887822651187,136.2381405057766,150.25858995994238,True,None
397850,primer-cosmos-east,7794,primer-cosmos-east-grizli-v7.4-f444w-clear_drc_sci.fits,0.0399999999999996,0.43307788555843074,2.0346884220631485,2.011119739127489,4.092002048585361,4.643783038088536,True,None
436647,primer-cosmos-east,69674,primer-cosmos-east-grizli-v7.4-f444w-clear_drc_sci.fits,0.0399999999999996,0.5996705715960117,1.414845964419827,2.267948213327148,3.2087973771390725,3.781990180527031,True,None
421000,primer-cosmos-east,22633,primer-cosmos-east-grizli-v7.4-f444w-clear_drc_sci.fits,0.0399999999999996,0.41754894869551357,2.1134084040430876,1.1114150447951474,2.348873896049989,2.6617598925045245,True,None
377841,primer-cosmos-east,68146,primer-cosmos-east-grizli-v7.4-f444w-clear_drc_sci.fits,0.0399999999999996,0.27450698658866013,2.895290405888952,38.568378377456945,111.66665588694599,140.50053463757706,True,None
395247,primer-cosmos-east,69066,primer-cosmos-east-grizli-v7.4-f444w-clear_drc_sci.fits,0.0399999999999996,0.535045020534196,1.6702895122876407,1.854562520543897,3.0976563279462033,3.466180320101432,True,None
417412,primer-cosmos-east,73500,primer-cosmos-east-grizli-v7.4-f444w-clear_drc_sci.fits,0.0399999999999996,0.3895004905421009,2.175654413278798,11.124969808952107,24.204089662440037,28.562145822893683,True,None
433156,primer-cosmos-east,21301,primer-cosmos-east-grizli-v7.4-f444w-clear_drc_sci.fits,0.0399999999999996,0.5806585525445216,1.5769113238962231,2663.8531803438073,4200.660245281118,4587.641340458097,True,None
428772,primer-cosmos-east,77562,primer-cosmos-east-grizli-v7.4-f444w-clear_drc_sci.fits,0.0399999999999996,0.3607687476887838,2.448867408204136,2.8639096203161856,7.013334929234589,7.938352860837961,True,None
444796,primer-cosmos-east,37127,primer-cosmos-east-grizli-v7.4-f444w-clear_drc_sci.fits,0.0399999999999996,0.4003379902550692,2.192221347392506,1.4365343890442634,3.1492013539262853,3.58830394319809,True,None
409532,primer-cosmos-east,70875,primer-cosmos-east-grizli-v7.4-f444w-clear_drc_sci.fits,0.0399999999999996,0.44968263386970686,1.994879573213435,3.2056688854164483,6.394923378003153,7.128736232996878,True,None
408171,primer-cosmos-east,44309,primer-cosmos-east-grizli-v7.4-f444w-clear_drc_sci.fits,0.0399999999999996,0.6162622059935274,1.5521089487648898,1.7049061784092416,2.6462001363135337,2.766527237640058,True,None
403782,primer-cosmos-east,18844,primer-cosmos-east-grizli-v7.4-f444w-clear_drc_sci.fits,0.0399999999999996,0.374433624461588,2.2824112635077793,1.4160984248845676,3.232118995192162,3.7819745139631302,True,None
373484,primer-cosmos-east,4659,primer-cosmos-east-grizli-v7.4-f444w-clear_drc_sci.fits,0.0399999999999996,0.3589543446684052,2.3107619559560177,17.00785142603884,39.30109602784285,47.38165641023332,True,None
396976,primer-cosmos-east,70585,primer-cosmos-east-grizli-v7.4-f444w-clear_drc_sci.fits,0.0399999999999996,0.6641069734941559,1.4081856426675579,1.0156101332751666,1.4301676082257746,1.529286957990517,True,None
438407,primer-cosmos-east,54430,primer-cosmos-east-grizli-v7.4-f444w-clear_drc_sci.fits,0.0399999999999996,0.31123372538602223,2.6375591874079105,7.571078039074825,19.969166440544072,24.326020676854476,True,None
414692,primer-cosmos-east,80056,primer-cosmos-east-grizli-v7.4-f444w-clear_drc_sci.fits,0.0399999999999996,0.267239289953901,2.8977153471973756,21.032197632797196,60.94532186584475,78.70174193482278,True,None
384569,primer-cosmos-east,23568,primer-cosmos-east-grizli-v7.4-f444w-clear_drc_sci.fits,0.0399999999999996,0.47865536659513924,1.8271014360406368,4.351431454352565,7.950506659079968,9.090948849703661,True,None
411781,primer-cosmos-east,15681,primer-cosmos-east-grizli-v7.4-f444w-clear_drc_sci.fits,0.0399999999999996,0.4086001800026764,2.058592806931781,3.6502611015435753,7.514401247060483,8.933576831805766,True,None
422007,primer-cosmos-east,40745,primer-cosmos-east-grizli-v7.4-f444w-clear_drc_sci.fits,0.0399999999999996,0.33542110720374546,2.542359591116367,3.5049817996305825,8.910924094979116,10.449496839510296,True,None
424449,primer-cosmos-east,54854,primer-cosmos-east-grizli-v7.4-f444w-clear_drc_sci.fits,0.0399999999999996,0.29417486637730206,2.662108436033685,51.72685801898042,137.70250510184445,175.8371089141134,True,None
436475,primer-cosmos-east,22615,primer-cosmos-east-grizli-v7.4-f444w-clear_drc_sci.fits,0.0399999999999996,0.5463993411180564,1.6592771825989605,60.13675688840212,99.7835485404265,110.06008309846922,True,None
403018,primer-cosmos-east,83322,primer-cosmos-east-grizli-v7.4-f444w-clear_drc_sci.fits,0.0399999999999996,0.5541949454820542,1.6374483217799432,1.1245601753361407,1.8414091718447223,2.0291779715853724,True,None
417171,primer-cosmos-east,83582,primer-cosmos-east-grizli-v7.4-f444w-clear_drc_sci.fits,0.0399999999999996,0.6842237878325413,1.4328111490848388,1.1581867212146626,1.6594628468783825,1.69270163038839,True,None
434416,primer-cosmos-east,66680,primer-cosmos-east-grizli-v7.4-f444w-clear_drc_sci.fits,0.0399999999999996,0.2808034389173729,2.780217670808529,14.581535088578002,40.53984152077917,51.927907809094364,True,None
429811,primer-cosmos-east,52459,primer-cosmos-east-grizli-v7.4-f444w-clear_drc_sci.fits,0.0399999999999996,0.6273863514261918,1.5215708517321864,2.026262385016336,3.0831017830021983,3.2296883418170976,True,None
430160,primer-cosmos-east,21367,primer-cosmos-east-grizli-v7.4-f444w-clear_drc_sci.fits,0.0399999999999996,0.4395066027433348,1.98335384628902,50.79334052552051,100.74116729715905,115.5690044437923,True,None
420175,primer-cosmos-east,47583,primer-cosmos-east-grizli-v7.4-f444w-clear_drc_sci.fits,0.0399999999999996,0.6121030579500465,1.5511265643845755,1.7271211308401788,2.6789834659561294,2.8216182036802184,True,None
431365,primer-cosmos-east,57696,primer-cosmos-east-grizli-v7.4-f444w-clear_drc_sci.fits,0.0399999999999996,0.24403474977913545,3.014368065072881,3.8208860405678133,11.51755686097038,15.657139173932894,True,None
439047,primer-cosmos-east,62204,primer-cosmos-east-grizli-v7.4-f444w-clear_drc_sci.fits,0.0399999999999996,0.7771200574005523,1.5275611525874586,1.8757850464022157,2.865376367488488,2.4137648083317664,True,None
427379,primer-cosmos-east,50539,primer-cosmos-east-grizli-v7.4-f444w-clear_drc_sci.fits,0.0399999999999996,0.2498315173268317,2.9875237629037765,37.4848824418064,111.98697704455115,150.04064676422854,True,None
392593,primer-cosmos-east,53613,primer-cosmos-east-grizli-v7.4-f444w-clear_drc_sci.fits,0.0399999999999996,0.48684898932682674,1.816907375637984,1.6103914324395783,2.9259320712636883,3.3077842775565585,True,None
445104,primer-cosmos-east,74519,primer-cosmos-east-grizli-v7.4-f444w-clear_drc_sci.fits,0.0399999999999996,0.3762332050373829,2.2082844395221506,2.204213102566699,4.867529495788883,5.858635210966257,True,None
408608,primer-cosmos-east,22224,primer-cosmos-east-grizli-v7.4-f444w-clear_drc_sci.fits,0.0399999999999996,0.6673855234920898,1.440033114844847,3.346227811736416,4.818678858715248,5.0139352652231715,True,None
440416,primer-cosmos-east,63196,primer-cosmos-east-grizli-v7.4-f444w-clear_drc_sci.fits,0.0399999999999996,0.489675406496298,1.917301617671207,2.064582459065073,3.9584272885810634,4.216226569019414,True,None
413837,primer-cosmos-east,54367,primer-cosmos-east-grizli-v7.4-f444w-clear_drc_sci.fits,0.0399999999999996,0.39284643441806294,2.249379024728056,1.5075662502790856,3.391087901765702,3.837545967579662,True,None
400534,primer-cosmos-east,46520,primer-cosmos-east-grizli-v7.4-f444w-clear_drc_sci.fits,0.0399999999999996,0.457161108555862,1.9108619997979504,51.079105895715166,97.60512243977756,111.73108328718133,True,None
394678,primer-cosmos-east,80740,primer-cosmos-east-grizli-v7.4-f444w-clear_drc_sci.fits,0.0399999999999996,0.3293624250384441,2.5637114577233606,1.4636098740465833,3.7522734037302703,4.44376699581243,True,None
397049,primer-cosmos-east,3802,primer-cosmos-east-grizli-v7.4-f444w-clear_drc_sci.fits,0.0399999999999996,0.5587411528986265,1.6159135177967197,2.1613787231336987,3.4926010957899574,3.868300575178578,True,None
374947,primer-cosmos-east,72894,primer-cosmos-east-grizli-v7.4-f444w-clear_drc_sci.fits,0.0399999999999996,0.43077825286677596,2.064584636969239,1.2909021693228786,2.665176786614279,2.9966744159717544,True,None
375091,primer-cosmos-east,33914,primer-cosmos-east-grizli-v7.4-f444w-clear_drc_sci.fits,0.0399999999999996,0.6438596461792451,1.525993820725849,0.5276987179043451,0.8052649827269835,0.8195865683395201,True,None
431244,primer-cosmos-east,57809,primer-cosmos-east-grizli-v7.4-f444w-clear_drc_sci.fits,0.0399999999999996,0.31747876510563555,2.413452888422623,1.1519772034909876,2.78024270916234,3.628517337553859,True,None
434574,primer-cosmos-east,39262,primer-cosmos-east-grizli-v7.4-f444w-clear_drc_sci.fits,0.0399999999999996,0.47641904784401895,1.8718719289219312,2.555874134153591,4.784269045579753,5.364760594102846,True,None
407714,primer-cosmos-east,81027,primer-cosmos-east-grizli-v7.4-f444w-clear_drc_sci.fits,0.0399999999999996,0.26831073056448423,2.8334255996907505,0.4204903527235331,1.191428129829852,1.5671768022057353,True,None
410225,primer-cosmos-east,84520,primer-cosmos-east-grizli-v7.4-f444w-clear_drc_sci.fits,0.0399999999999996,0.4392023622752649,1.98955405314506,3.011023035318985,5.990593084032027,6.855662204821799,True,None
441718,primer-cosmos-east,73904,primer-cosmos-east-grizli-v7.4-f444w-clear_drc_sci.fits,0.0399999999999996,0.4082258388607082,2.251051376113123,1.7527273645443529,3.9454793459086925,4.293523823567684,True,None
379288,primer-cosmos-east,80122,primer-cosmos-east-grizli-v7.4-f444w-clear_drc_sci.fits,0.0399999999999996,0.5502466312194495,1.53423180459798,1.7661233888682302,2.7096426740460045,3.209694141978062,True,None
377825,primer-cosmos-east,85246,primer-cosmos-east-grizli-v7.4-f444w-clear_drc_sci.fits,0.0399999999999996,0.20893398845361694,3.4426334549575883,2.683721466048888,9.239069302807728,12.844829536409634,True,None
439989,primer-cosmos-east,59821,primer-cosmos-east-grizli-v7.4-f444w-clear_drc_sci.fits,0.0399999999999996,0.28378386398429284,2.7392694774976096,13.734891176003705,37.6235681751782,48.39912665634829,True,None
429830,primer-cosmos-east,40177,primer-cosmos-east-grizli-v7.4-f444w-clear_drc_sci.fits,0.0399999999999996,0.45876658666757414,1.8525186933682838,1.5707273617356532,2.909801799800344,3.423805062058311,True,None
409060,primer-cosmos-east,81846,primer-cosmos-east-grizli-v7.4-f444w-clear_drc_sci.fits,0.0399999999999996,0.2129930040804239,3.1116687912914394,0.3800850129793058,1.1826986729253075,1.784495291853763,True,None
370964,primer-cosmos-east,76680,primer-cosmos-east-grizli-v7.4-f444w-clear_drc_sci.fits,0.0399999999999996,0.46385628468940115,1.871366836611384,4.355453641084411,8.150651502323669,9.389661808723426,True,None
417134,primer-cosmos-east,12238,primer-cosmos-east-grizli-v7.4-f444w-clear_drc_sci.fits,0.0399999999999996,0.6126285725029699,1.5376102267382858,1.5843954761286372,2.436182687293268,2.586225238655444,True,None
397611,primer-cosmos-east,80637,primer-cosmos-east-grizli-v7.4-f444w-clear_drc_sci.fits,0.0399999999999996,0.5804056080694964,1.600840583572401,3.0127553265989446,4.822940995193514,5.190775700151754,True,None
410506,primer-cosmos-east,79784,primer-cosmos-east-grizli-v7.4-f444w-clear_drc_sci.fits,0.0399999999999996,0.3546891279950776,2.33105958823444,11.27482827791591,26.282296562932682,31.78791620044351,True,None
435831,primer-cosmos-east,39488,primer-cosmos-east-grizli-v7.4-f444w-clear_drc_sci.fits,0.0399999999999996,0.42066028455794424,2.193853266766585,0.9046270427494034,1.984618992941174,2.1504931079957816,True,None
439479,primer-cosmos-east,35815,primer-cosmos-east-grizli-v7.4-f444w-clear_drc_sci.fits,0.0399999999999996,0.41244354659185495,2.1909108413638805,2.23209333822143,4.8903174936454255,5.411876017132256,True,None
419501,primer-cosmos-east,49533,primer-cosmos-east-grizli-v7.4-f444w-clear_drc_sci.fits,0.0399999999999996,0.5697828807225217,1.6550106596603706,1.5416260269128563,2.5514075077506426,2.7056376719461532,True,None
438680,primer-cosmos-east,39892,primer-cosmos-east-grizli-v7.4-f444w-clear_drc_sci.fits,0.0399999999999996,0.36752198783329304,2.312436356433952,14.935057062524812,34.53636893679804,40.637179697937725,True,None
432277,primer-cosmos-east,31937,primer-cosmos-east-grizli-v7.4-f444w-clear_drc_sci.fits,0.0399999999999996,0.4245225854393522,2.054425598121605,66.23508309065164,136.0750501951462,156.02251885397996,True,None
413334,primer-cosmos-east,29770,primer-cosmos-east-grizli-v7.4-f444w-clear_drc_sci.fits,0.0399999999999996,0.4195544017614784,2.041595726334064,30.743235253165487,62.76525770654539,73.27592112987382,True,None
408019,primer-cosmos-east,81208,primer-cosmos-east-grizli-v7.4-f444w-clear_drc_sci.fits,0.0399999999999996,0.4164560216014843,2.014590254576584,1.294550035801665,2.6079878861878023,3.1084915781106117,True,None
438266,primer-cosmos-east,47056,primer-cosmos-east-grizli-v7.4-f444w-clear_drc_sci.fits,0.0399999999999996,0.4515689852816127,1.7385780063672376,1.4449375107758424,2.512136576809903,3.1998156602246137,True,None
419926,primer-cosmos-east,69614,primer-cosmos-east-grizli-v7.4-f444w-clear_drc_sci.fits,0.0399999999999996,0.442114613206156,1.9626671423750164,2.4897925673974917,4.8866340633605905,5.631554563061938,True,None
434688,primer-cosmos-east,22273,primer-cosmos-east-grizli-v7.4-f444w-clear_drc_sci.fits,0.0399999999999996,0.3475484956764059,2.3500569844970256,1.9095765151854716,4.487613626943108,5.4944174379722615,True,None
404666,primer-cosmos-east,72545,primer-cosmos-east-grizli-v7.4-f444w-clear_drc_sci.fits,0.0399999999999996,0.6863174969547806,1.4394979796279743,0.952824943366405,1.371589580915079,1.3883150984699195,True,None
438170,primer-cosmos-east,75339,primer-cosmos-east-grizli-v7.4-f444w-clear_drc_sci.fits,0.0399999999999996,0.5359695854278511,1.6400070636741413,1.1284978414224234,1.8507444312737953,2.10552589569345,True,None
405146,primer-cosmos-east,81246,primer-cosmos-east-grizli-v7.4-f444w-clear_drc_sci.fits,0.0399999999999996,0.6216502102678639,1.560093690649807,1.0123320190152838,1.5793327957085248,1.6284592240048923,True,None
408963,primer-cosmos-east,81845,primer-cosmos-east-grizli-v7.4-f444w-clear_drc_sci.fits,0.0399999999999996,0.2246709531867437,3.171426598379433,0.39807807511639626,1.262475395655825,1.7718270629560142,True,None
439471,primer-cosmos-east,54512,primer-cosmos-east-grizli-v7.4-f444w-clear_drc_sci.fits,0.0399999999999996,0.5238717998108743,1.6521839600715607,1.6571217938543186,2.7378700476911164,3.1632200749354418,True,None
372736,primer-cosmos-west,20773,primer-cosmos-west-grizli-v7.4-f444w-clear_drc_sci.fits,0.0399999999999996,0.6628530095310239,1.4594945848262528,6.09133430469617,8.890269432070449,9.189570262351014,True,None
316534,primer-cosmos-west,89216,primer-cosmos-west-grizli-v7.4-f444w-clear_drc_sci.fits,0.0399999999999996,0.6204342823547022,1.4788401567320688,9.151452845965391,13.533535961053596,14.750076045497284,True,None
384681,primer-cosmos-west,114692,primer-cosmos-west-grizli-v7.4-f444w-clear_drc_sci.fits,0.0399999999999996,0.5952836577277925,1.5459512811259473,3.6072304935615915,5.5766026028381255,6.059683390823208,True,None
318835,primer-cosmos-west,54568,primer-cosmos-west-grizli-v7.4-f444w-clear_drc_sci.fits,0.0399999999999996,0.542145636570696,1.6645716752460409,4.412511562510734,7.344941763651018,8.138978283440157,True,None
303094,primer-cosmos-west,11093,primer-cosmos-west-grizli-v7.4-f444w-clear_drc_sci.fits,0.0399999999999996,0.6252904833675191,1.4897944628511903,4.619076624157627,6.881474778155401,7.387089276141646,True,None
360340,primer-cosmos-west,38542,primer-cosmos-west-grizli-v7.4-f444w-clear_drc_sci.fits,0.0399999999999996,0.577687875347415,1.579659297826364,27.657437998673572,43.68932908866089,47.87609222720955,True,None
300776,primer-cosmos-west,8363,primer-cosmos-west-grizli-v7.4-f444w-clear_drc_sci.fits,0.0399999999999996,0.6113335020215817,1.5209257156837748,9.387844571218096,14.278214223207923,15.35633911796753,True,None
359132,primer-cosmos-west,94026,primer-cosmos-west-grizli-v7.4-f444w-clear_drc_sci.fits,0.0399999999999996,0.46648401595388045,1.8021179249553885,3.0951243242405098,5.5777790246792565,6.635006170386154,True,None
372754,primer-cosmos-west,108587,primer-cosmos-west-grizli-v7.4-f444w-clear_drc_sci.fits,0.0399999999999996,0.19419131074841425,3.3936245906340115,6.853384829889047,23.257815287789562,35.291923224968556,True,None
356749,primer-cosmos-west,85794,primer-cosmos-west-grizli-v7.4-f444w-clear_drc_sci.fits,0.0399999999999996,0.6155410858636072,1.577517672548932,3.139864782663923,4.95319218406635,5.100983272722855,True,None
309859,primer-cosmos-west,16231,primer-cosmos-west-grizli-v7.4-f444w-clear_drc_sci.fits,0.0399999999999996,0.6274450701592579,1.489623292361168,11.532505066715123,17.179088166652033,18.380103080239273,True,None
325956,primer-cosmos-west,61801,primer-cosmos-west-grizli-v7.4-f444w-clear_drc_sci.fits,0.0399999999999996,0.6043676990163134,1.5467912979898097,5.165718134424455,7.9902878581959005,8.547310094222986,True,None
316592,primer-cosmos-west,35161,primer-cosmos-west-grizli-v7.4-f444w-clear_drc_sci.fits,0.0399999999999996,0.5887254102571554,1.5725652324298136,6.419383137646859,10.09489873590966,10.903866260576168,True,None
317856,primer-cosmos-west,11180,primer-cosmos-west-grizli-v7.4-f444w-clear_drc_sci.fits,0.0399999999999996,0.3919004563843846,2.2739133105728264,2.861664648235122,6.507177334017548,7.3020191776157,True,None
306788,primer-cosmos-west,22129,primer-cosmos-west-grizli-v7.4-f444w-clear_drc_sci.fits,0.0399999999999996,0.5676469697521939,1.5854077916774303,3.432758493754462,5.442322062945204,6.047347518217232,True,None
368760,primer-cosmos-west,95810,primer-cosmos-west-grizli-v7.4-f444w-clear_drc_sci.fits,0.0399999999999996,0.5595298805998561,1.640564008973424,4.98541156520549,8.17888678379599,8.910000588102232,True,None
387738,primer-cosmos-west,114702,primer-cosmos-west-grizli-v7.4-f444w-clear_drc_sci.fits,0.0399999999999996,0.5942890043079373,1.579803396024772,6.781776811651502,10.713874038129093,11.41158049785732,True,None
385982,primer-cosmos-west,112942,primer-cosmos-west-grizli-v7.4-f444w-clear_drc_sci.fits,0.0399999999999996,0.5164309175510368,1.7593280974206815,22.090527290926378,38.86448534976515,42.77537719019942,True,None
343601,primer-cosmos-west,74396,primer-cosmos-west-grizli-v7.4-f444w-clear_drc_sci.fits,0.0399999999999996,0.4190131509886057,2.061807122527777,3.9717384790327426,8.18895868488735,9.47879194164182,True,None
321280,primer-cosmos-west,48563,primer-cosmos-west-grizli-v7.4-f444w-clear_drc_sci.fits,0.0399999999999996,0.4986450924052628,1.7967373915375426,6.579517371977201,11.821664880502263,13.194790186824587,True,None
352553,primer-cosmos-west,80414,primer-cosmos-west-grizli-v7.4-f444w-clear_drc_sci.fits,0.0399999999999996,0.6493783301481615,1.4857994277575086,1.680387664812022,2.4967190307884786,2.5876866947941215,True,None
351243,primer-cosmos-west,54298,primer-cosmos-west-grizli-v7.4-f444w-clear_drc_sci.fits,0.0399999999999996,0.5183263471684515,1.741377943173042,7.476519310356945,13.019445818762907,14.424347423587832,True,None
336345,primer-cosmos-west,46186,primer-cosmos-west-grizli-v7.4-f444w-clear_drc_sci.fits,0.0399999999999996,0.5084460873919017,1.7321874885291617,4.445270592985635,7.700042104296324,8.742855345367808,True,None
382280,primer-cosmos-west,61528,primer-cosmos-west-grizli-v7.4-f444w-clear_drc_sci.fits,0.0399999999999996,0.5980174372944043,1.4950652119694843,2.225682466885889,3.3275404291315165,3.7217685105562976,True,None
349550,primer-cosmos-west,34897,primer-cosmos-west-grizli-v7.4-f444w-clear_drc_sci.fits,0.0399999999999996,0.4914768517726084,1.887941539661032,3.471484928599738,6.553960601010656,7.063374228265566,True,None
330045,primer-cosmos-west,63242,primer-cosmos-west-grizli-v7.4-f444w-clear_drc_sci.fits,0.0399999999999996,0.43498302841466335,2.0421289723934573,11.934359549751825,24.371501403508738,27.436379743935582,True,None
342909,primer-cosmos-west,75343,primer-cosmos-west-grizli-v7.4-f444w-clear_drc_sci.fits,0.0399999999999996,0.501481025353247,1.7607664539299932,1.8534337471667934,3.2634639665930543,3.695919991910403,True,None
361262,primer-cosmos-west,82992,primer-cosmos-west-grizli-v7.4-f444w-clear_drc_sci.fits,0.0399999999999996,0.2785872653950434,2.5579241133051336,1.6561726525158547,4.236363963666829,5.9448971946630875,True,None
307762,primer-cosmos-west,3703,primer-cosmos-west-grizli-v7.4-f444w-clear_drc_sci.fits,0.0399999999999996,0.6452644169739022,1.47824848732099,8.33524423248383,12.32156217812023,12.917563735458467,True,None
339522,primer-cosmos-west,28061,primer-cosmos-west-grizli-v7.4-f444w-clear_drc_sci.fits,0.0399999999999996,0.4861511409955654,1.8494199545575587,5.915125894374718,10.93955186277673,12.167257043275509,True,None
379632,primer-cosmos-west,26963,primer-cosmos-west-grizli-v7.4-f444w-clear_drc_sci.fits,0.0399999999999996,0.5187957712402066,1.6782998379583274,1.7747621992120377,2.9785831113521275,3.420926494773429,True,None
323830,primer-cosmos-west,96787,primer-cosmos-west-grizli-v7.4-f444w-clear_drc_sci.fits,0.0399999999999996,0.46839113622533707,1.8998885224876103,3.3391374244794734,6.343988867777391,7.1289509263323385,True,None
317972,primer-cosmos-west,87440,primer-cosmos-west-grizli-v7.4-f444w-clear_drc_sci.fits,0.0399999999999996,0.6302124456954051,1.487627806172637,11.860803817268684,17.64446156212745,18.820326222185173,True,None
360342,primer-cosmos-west,91522,primer-cosmos-west-grizli-v7.4-f444w-clear_drc_sci.fits,0.0399999999999996,0.5267842986866317,1.7608438759313225,6.403988283698841,11.276423550887046,12.156756189706375,True,None
322026,primer-cosmos-west,97070,primer-cosmos-west-grizli-v7.4-f444w-clear_drc_sci.fits,0.0399999999999996,0.39154438439814593,2.1208951498786464,4.693617990923879,9.95467163233361,11.987448110483243,True,None
314213,primer-cosmos-west,73455,primer-cosmos-west-grizli-v7.4-f444w-clear_drc_sci.fits,0.0399999999999996,0.5858699977953555,1.5826613747929332,3.029407376615455,4.794526043482069,5.170784283228695,True,None
326381,primer-cosmos-west,41933,primer-cosmos-west-grizli-v7.4-f444w-clear_drc_sci.fits,0.0399999999999996,0.6239990185807666,1.5072405574372232,1.627981864208814,2.4537602925077824,2.6089493985287384,True,None
349133,primer-cosmos-west,49108,primer-cosmos-west-grizli-v7.4-f444w-clear_drc_sci.fits,0.0399999999999996,,5.2177522577687245,0.018536465662280184,0.09671868556041487,-0.0690516490426875,True,None
293197,primer-cosmos-west,9454,primer-cosmos-west-grizli-v7.4-f444w-clear_drc_sci.fits,0.0399999999999996,0.17678395041084227,3.622422657415606,7.450723241451493,26.989668683966936,42.14592571404907,True,None
385932,primer-cosmos-west,92104,primer-cosmos-west-grizli-v7.4-f444w-clear_drc_sci.fits,0.0399999999999996,0.18205036190605534,3.9428121162783425,3.012664570522801,11.87837037093979,16.54852283170657,True,None
309302,primer-cosmos-west,88954,primer-cosmos-west-grizli-v7.4-f444w-clear_drc_sci.fits,0.0399999999999996,0.5316727809654002,1.710864374000476,3.2966502475915402,5.640121462144215,6.200524769399616,True,None
334151,primer-cosmos-west,77766,primer-cosmos-west-grizli-v7.4-f444w-clear_drc_sci.fits,0.0399999999999996,0.3501585101113946,2.4302416260150927,3.6079682863110913,8.768234714735554,10.303814364423992,True,None
342312,primer-cosmos-west,85824,primer-cosmos-west-grizli-v7.4-f444w-clear_drc_sci.fits,0.0399999999999996,0.5606734527612054,1.6208667725355204,2.047773458658757,3.3191679568201193,3.6523460288228016,True,None
393108,primer-cosmos-west,10474,primer-cosmos-west-grizli-v7.4-f444w-clear_drc_sci.fits,0.0399999999999996,0.47806346256870913,1.9516017711168798,3.254530411188237,6.351547314628711,6.807737185563482,True,None
360390,primer-cosmos-west,19222,primer-cosmos-west-grizli-v7.4-f444w-clear_drc_sci.fits,0.0399999999999996,0.7287482682592157,1.3272649374837515,4.1049552822846485,5.44836321611513,5.632885127933527,True,None
347624,primer-cosmos-west,18255,primer-cosmos-west-grizli-v7.4-f444w-clear_drc_sci.fits,0.0399999999999996,0.4613079943469758,1.9103356122249913,43.2334141080007,82.5903306085841,93.71919550018119,True,None
336805,primer-cosmos-west,27543,primer-cosmos-west-grizli-v7.4-f444w-clear_drc_sci.fits,0.0399999999999996,0.47870440441951356,1.8791760829159072,4.809011560429824,9.036979506825832,10.045889521867522,True,None
300060,primer-cosmos-west,30460,primer-cosmos-west-grizli-v7.4-f444w-clear_drc_sci.fits,0.0399999999999996,0.6040012529014325,1.5413538913584393,17.44048237673087,26.881955378542408,28.874910926015907,True,None
326785,primer-cosmos-west,69888,primer-cosmos-west-grizli-v7.4-f444w-clear_drc_sci.fits,0.0399999999999996,0.6559509077190415,1.3375306176002582,1.4595090213112556,1.952138002667592,2.2250278246987287,True,None
345241,primer-cosmos-west,97573,primer-cosmos-west-grizli-v7.4-f444w-clear_drc_sci.fits,0.0399999999999996,0.5834702560842179,1.6085423301663948,2.8577921881048134,4.596879705385437,4.8979226589612495,True,None
324704,primer-cosmos-west,24849,primer-cosmos-west-grizli-v7.4-f444w-clear_drc_sci.fits,0.0399999999999996,0.5850094134571087,1.5636108003762328,3.2572180372493844,5.093021302223412,5.567804487112232,True,None
293953,primer-cosmos-west,3850,primer-cosmos-west-grizli-v7.4-f444w-clear_drc_sci.fits,0.0399999999999996,0.5843783371923505,1.5667807367537459,9.630098370111368,15.088252619334135,16.47921861097596,True,None
364823,primer-cosmos-west,75903,primer-cosmos-west-grizli-v7.4-f444w-clear_drc_sci.fits,0.0399999999999996,0.5403745495020456,1.6548836711348283,3.1703767788089685,5.2466047625959975,5.866998698829296,True,None
390443,primer-cosmos-west,98668,primer-cosmos-west-grizli-v7.4-f444w-clear_drc_sci.fits,0.0399999999999996,0.3079308196103425,2.594206100771979,26.797844977879333,69.5191329291563,87.02553713782038,True,None
334623,primer-cosmos-west,98421,primer-cosmos-west-grizli-v7.4-f444w-clear_drc_sci.fits,0.0399999999999996,0.3906170579756141,2.2260821451567994,2.697815767431137,6.005559510800943,6.90654878568964,True,None
318012,primer-cosmos-west,31570,primer-cosmos-west-grizli-v7.4-f444w-clear_drc_sci.fits,0.0399999999999996,0.370105559825786,2.2017680517839167,2.467768547274828,5.4334539465869245,6.667742436607659,True,None
370595,primer-cosmos-west,98425,primer-cosmos-west-grizli-v7.4-f444w-clear_drc_sci.fits,0.0399999999999996,0.38693110200732417,2.3004818911219873,1.682578096009292,3.870740440267889,4.3485211896391895,True,None
389009,primer-cosmos-west,45946,primer-cosmos-west-grizli-v7.4-f444w-clear_drc_sci.fits,0.0399999999999996,0.5452320684964422,1.6734973172337282,2.2829485393996425,3.82050825606796,4.187113472058255,True,None
306584,primer-cosmos-west,67379,primer-cosmos-west-grizli-v7.4-f444w-clear_drc_sci.fits,0.0399999999999996,0.3602760831644631,2.304348484524018,12.205489622152403,28.125701513680518,33.87815675952238,True,None
336800,primer-cosmos-west,52574,primer-cosmos-west-grizli-v7.4-f444w-clear_drc_sci.fits,0.0399999999999996,3.627703408685326,1.6179904998550392,0.199806292671792,0.323284683354215,0.055077901956764846,True,None
333070,primer-cosmos-west,41719,primer-cosmos-west-grizli-v7.4-f444w-clear_drc_sci.fits,0.0399999999999996,,0.0816237314621959,0.20721396371512468,0.016913576929500542,-0.34187720061824656,True,None
310002,primer-cosmos-west,70496,primer-cosmos-west-grizli-v7.4-f444w-clear_drc_sci.fits,0.0399999999999996,0.47087252512932837,1.930495078176611,2.098734915271493,4.0515974243290245,4.457119078449228,True,None
302229,primer-cosmos-west,77779,primer-cosmos-west-grizli-v7.4-f444w-clear_drc_sci.fits,0.0399999999999996,0.4632569113076063,1.9108950152421658,2.069752378684503,3.9550795032138324,4.467828386720324,True,None
308817,primer-cosmos-west,58799,primer-cosmos-west-grizli-v7.4-f444w-clear_drc_sci.fits,0.0399999999999996,0.4085796066071906,2.2301289346131528,5.1848941672370525,11.562982505262319,12.690046403177,True,None
378349,primer-cosmos-west,23816,primer-cosmos-west-grizli-v7.4-f444w-clear_drc_sci.fits,0.0399999999999996,0.6352390812203398,1.4953067917323974,6.577519768654267,9.835409982822833,10.35440035587606,True,None
326862,primer-cosmos-west,19500,primer-cosmos-west-grizli-v7.4-f444w-clear_drc_sci.fits,0.0399999999999996,0.40120541146808614,2.1099471291627627,8.573162651321901,18.088919924002063,21.368512004738633,True,None
360114,primer-cosmos-west,48315,primer-cosmos-west-grizli-v7.4-f444w-clear_drc_sci.fits,0.0399999999999996,0.1807708861229877,3.6426576215512276,0.36119431013259323,1.3157072066654285,1.9980778867613351,True,None
369810,primer-cosmos-west,101076,primer-cosmos-west-grizli-v7.4-f444w-clear_drc_sci.fits,0.0399999999999996,0.4158273628001858,2.1323413659674206,6.693770665243344,14.273404083797642,16.09747521223092,True,None
306513,primer-cosmos-west,70866,primer-cosmos-west-grizli-v7.4-f444w-clear_drc_sci.fits,0.0399999999999996,0.35907886633503894,2.415737279120304,4.349609078064899,10.507512799481471,12.113241646492476,True,None
355440,primer-cosmos-west,65954,primer-cosmos-west-grizli-v7.4-f444w-clear_drc_sci.fits,0.0399999999999996,0.5020812352790939,1.788880726607901,177.9766015431657,318.37891228774316,354.4777000961471,True,None
341261,primer-cosmos-west,18350,primer-cosmos-west-grizli-v7.4-f444w-clear_drc_sci.fits,0.0399999999999996,0.6297373801811559,1.5058923330944505,2.2461515899423348,3.382462458262072,3.566806831914896,True,None
339902,primer-cosmos-west,18147,primer-cosmos-west-grizli-v7.4-f444w-clear_drc_sci.fits,0.0399999999999996,0.26240198552810584,2.8571332714607776,20.95174449820616,59.86192630097011,79.84598308598554,True,None
324374,primer-cosmos-west,30037,primer-cosmos-west-grizli-v7.4-f444w-clear_drc_sci.fits,0.0399999999999996,0.656397676694093,1.4955051386382352,1.4761090188106356,2.207528622821549,2.248802930328713,True,None
345378,primer-cosmos-west,50351,primer-cosmos-west-grizli-v7.4-f444w-clear_drc_sci.fits,0.0399999999999996,0.5513275994192254,1.8137930025519766,0.26684273650062673,0.48399748824665767,0.4840003235494139,True,None
359757,primer-cosmos-west,97114,primer-cosmos-west-grizli-v7.4-f444w-clear_drc_sci.fits,0.0399999999999996,0.5077775895237423,1.6834318266250907,3.2024446481300757,5.391097243667359,6.306786109118622,True,None
369933,primer-cosmos-west,20456,primer-cosmos-west-grizli-v7.4-f444w-clear_drc_sci.fits,0.0399999999999996,0.49215308193762225,1.809991252296974,11.89930860322495,21.537644480219285,24.178063777182896,True,None
364806,primer-cosmos-west,62308,primer-cosmos-west-grizli-v7.4-f444w-clear_drc_sci.fits,0.0399999999999996,0.4119777195100328,2.102727471688883,4.608294301740637,9.689987025897375,11.185785258536079,True,None
362351,primer-cosmos-west,56322,primer-cosmos-west-grizli-v7.4-f444w-clear_drc_sci.fits,0.0399999999999996,0.407776848986995,2.135027432569588,4.696887787035329,10.027984273021492,11.518279663750906,True,None
346093,primer-cosmos-west,45610,primer-cosmos-west-grizli-v7.4-f444w-clear_drc_sci.fits,0.0399999999999996,0.5165762763763847,1.3336906702649545,0.15674352222311705,0.20904737321343878,0.3034276434888224,True,None
330345,primer-cosmos-west,50867,primer-cosmos-west-grizli-v7.4-f444w-clear_drc_sci.fits,0.0399999999999996,0.5095498523100568,1.7696351364748644,57.475992876439555,101.71153649792645,112.79758519381514,True,None
366895,primer-cosmos-west,65141,primer-cosmos-west-grizli-v7.4-f444w-clear_drc_sci.fits,0.0399999999999996,0.4653677321504326,1.8669300315233333,0.9798690076899069,1.8293468774152553,2.1055800391703117,True,None
309440,primer-cosmos-west,70260,primer-cosmos-west-grizli-v7.4-f444w-clear_drc_sci.fits,0.0399999999999996,0.49350162782283497,1.6817120583154967,7.0838376699741215,11.912975228745033,14.354233645035087,True,None
317356,primer-cosmos-west,48245,primer-cosmos-west-grizli-v7.4-f444w-clear_drc_sci.fits,0.0399999999999996,0.42565746613104205,2.082534212029399,2.6011863362490866,5.417059537102131,6.110984872160778,True,None
344175,primer-cosmos-west,94401,primer-cosmos-west-grizli-v7.4-f444w-clear_drc_sci.fits,0.0399999999999996,0.32152301304608,2.5132050432363005,21.309470284743778,53.55506818831215,66.27665647587642,True,None
393545,primer-cosmos-west,49574,primer-cosmos-west-grizli-v7.4-f444w-clear_drc_sci.fits,0.0399999999999996,,,0.7133733095250406,,,False,aperture d040 covers a NaN or non-finite pixel
291703,primer-cosmos-west,9766,primer-cosmos-west-grizli-v7.4-f444w-clear_drc_sci.fits,0.0399999999999996,0.17051905975965173,3.7920228699242244,9.372591397884502,35.54108093123309,54.96506614037904,True,None
351993,primer-cosmos-west,81934,primer-cosmos-west-grizli-v7.4-f444w-clear_drc_sci.fits,0.0399999999999996,0.503548870682537,1.7660404717730043,2.7456056958843953,4.848850778462325,5.452510879754045,True,None
347973,primer-cosmos-west,50573,primer-cosmos-west-grizli-v7.4-f444w-clear_drc_sci.fits,0.0399999999999996,0.3877967390143351,2.1196956559863858,0.9748341773556777,2.066351771047892,2.5137761081576357,True,None
355593,primer-cosmos-west,95888,primer-cosmos-west-grizli-v7.4-f444w-clear_drc_sci.fits,0.0399999999999996,0.5316416598211858,1.6990310729207847,4.222524658272817,7.174200600579733,7.94242621936933,True,None
369121,primer-cosmos-west,96120,primer-cosmos-west-grizli-v7.4-f444w-clear_drc_sci.fits,0.0399999999999996,0.2695149631349665,2.8481799333319437,26.5862359908143,75.72238385186479,98.64474937334208,True,None
309896,primer-cosmos-west,51666,primer-cosmos-west-grizli-v7.4-f444w-clear_drc_sci.fits,0.0399999999999996,0.21257400051508216,3.2873206626072466,11.817050237737435,38.84643341758215,55.59028954201299,True,None
375706,primer-cosmos-west,107018,primer-cosmos-west-grizli-v7.4-f444w-clear_drc_sci.fits,0.0399999999999996,0.16223292776648668,4.045772390661927,0.6180386661227247,2.5004437717608448,3.809575988250126,True,None
325861,primer-cosmos-west,31877,primer-cosmos-west-grizli-v7.4-f444w-clear_drc_sci.fits,0.0399999999999996,0.656799032536225,1.4476904691451054,1.0792977254798235,1.5624890305471308,1.6432693594448864,True,None
367869,primer-cosmos-west,67815,primer-cosmos-west-grizli-v7.4-f444w-clear_drc_sci.fits,0.0399999999999996,1.289298930565716,1.0127327590614235,0.2557423127074847,0.25899861795700035,0.19835765519115928,True,None
364145,primer-cosmos-west,94721,primer-cosmos-west-grizli-v7.4-f444w-clear_drc_sci.fits,0.0399999999999996,0.39472815859084454,2.060011304807504,1.987784019582203,4.094857551855039,5.035830295660869,True,None
359534,primer-cosmos-west,18711,primer-cosmos-west-grizli-v7.4-f444w-clear_drc_sci.fits,0.0399999999999996,0.48342459003807303,1.829747741877594,417.46546423883177,763.856490502884,863.558604261222,True,None
369489,primer-cosmos-west,89062,primer-cosmos-west-grizli-v7.4-f444w-clear_drc_sci.fits,0.0399999999999996,0.402838290747415,2.124098557486978,2.6423509277081245,5.612613793919206,6.559334076225921,True,None
367883,primer-cosmos-west,36525,primer-cosmos-west-grizli-v7.4-f444w-clear_drc_sci.fits,0.0399999999999996,0.5568493731803358,1.6213978280738037,2.810765620352652,4.5573692720643075,5.047622850501773,True,None
393496,primer-cosmos-west,55574,primer-cosmos-west-grizli-v7.4-f444w-clear_drc_sci.fits,0.0399999999999996,0.17739450241450408,3.7420059882379793,1.6595279661533093,6.209963586994078,9.355013506989174,True,None
365400,primer-cosmos-west,30929,primer-cosmos-west-grizli-v7.4-f444w-clear_drc_sci.fits,0.0399999999999996,0.42351074713193343,2.0088426653214158,3.4954561811407823,7.021821511437066,8.253524154492982,True,None
384044,primer-cosmos-west,103285,primer-cosmos-west-grizli-v7.4-f444w-clear_drc_sci.fits,0.0399999999999996,0.4114376117481699,2.1243223623710117,54.51369740519394,115.80466645338007,132.49565875508807,True,None
324256,primer-cosmos-west,35722,primer-cosmos-west-grizli-v7.4-f444w-clear_drc_sci.fits,0.0399999999999996,0.48261193167798205,1.837730546786003,2.890161434858211,5.311337953981799,5.988582637833833,True,None
342833,primer-cosmos-west,94404,primer-cosmos-west-grizli-v7.4-f444w-clear_drc_sci.fits,0.0399999999999996,0.5872130303865136,1.5721581355008356,1463.4705143451706,2300.8070751933524,2492.2309938897124,True,None
336402,primer-cosmos-west,97951,primer-cosmos-west-grizli-v7.4-f444w-clear_drc_sci.fits,0.0399999999999996,0.4085926631024539,2.1003526764387326,2.8970828085849307,6.084895630876,7.090393612521849,True,None
307410,primer-cosmos-west,26023,primer-cosmos-west-grizli-v7.4-f444w-clear_drc_sci.fits,0.0399999999999996,0.7759986595081645,1.2659392816611919,2.393437289521487,3.0299462829979413,3.0843317320141646,True,None
375147,primer-cosmos-west,61790,primer-cosmos-west-grizli-v7.4-f444w-clear_drc_sci.fits,0.0399999999999996,0.7810626328136843,1.3934684308656775,1.2618218642766563,1.7583089332455961,1.6155194362980785,True,None
362149,primer-cosmos-west,40347,primer-cosmos-west-grizli-v7.4-f444w-clear_drc_sci.fits,0.0399999999999996,0.3682811244712305,2.234084476982053,11.717305665356026,26.177450699025766,31.816199329193047,True,None
365039,primer-cosmos-west,63915,primer-cosmos-west-grizli-v7.4-f444w-clear_drc_sci.fits,0.0399999999999996,0.40243738609450663,2.151296470083697,50.689792204495646,109.04877103880759,125.95696611693994,True,None
340269,primer-cosmos-west,96756,primer-cosmos-west-grizli-v7.4-f444w-clear_drc_sci.fits,0.0399999999999996,0.426520758017491,2.0948302116662365,1.4824881020953053,3.1055608647049855,3.4757701101959277,True,None
325906,primer-cosmos-west,39577,primer-cosmos-west-grizli-v7.4-f444w-clear_drc_sci.fits,0.0399999999999996,0.44042921676289504,1.887352206426414,1.1384639956019589,2.1486825340363884,2.5848966241829743,True,None
294414,primer-cosmos-west,8838,primer-cosmos-west-grizli-v7.4-f444w-clear_drc_sci.fits,0.0399999999999996,0.22368755659480322,3.0959677454415138,6.667999264778326,20.643910650381425,29.80943314990477,True,None
385436,primer-cosmos-west,51712,primer-cosmos-west-grizli-v7.4-f444w-clear_drc_sci.fits,0.0399999999999996,0.6129421068116085,1.5648711372832975,1.7259537867182069,2.7008952651201343,2.815851232176303,True,None
354633,primer-cosmos-west,17662,primer-cosmos-west-grizli-v7.4-f444w-clear_drc_sci.fits,0.0399999999999996,0.5398134534864538,1.682822199680875,334.5174348457017,562.9333655386475,619.6908074172259,True,None
344739,primer-cosmos-west,33202,primer-cosmos-west-grizli-v7.4-f444w-clear_drc_sci.fits,0.0399999999999996,0.6308545413450901,1.4855410422408586,11.989047869948168,17.810222668198346,19.004456787115238,True,None
336776,primer-cosmos-west,57762,primer-cosmos-west-grizli-v7.4-f444w-clear_drc_sci.fits,0.0399999999999996,0.5112040566681303,1.7758410993966178,201.1145170949452,357.14742514250736,393.41338252624075,True,None
386394,primer-cosmos-west,58990,primer-cosmos-west-grizli-v7.4-f444w-clear_drc_sci.fits,0.0399999999999996,0.27521689555964685,2.8047591061792745,18.750103221843396,52.58952275326662,68.12845985968819,True,None
322055,primer-cosmos-west,97844,primer-cosmos-west-grizli-v7.4-f444w-clear_drc_sci.fits,0.0399999999999996,0.31083758671142403,2.6103758194688855,44.588375226855526,116.39241652158915,143.44589307422,True,None
344630,primer-cosmos-west,97161,primer-cosmos-west-grizli-v7.4-f444w-clear_drc_sci.fits,0.0399999999999996,0.5698588281929041,1.5765168208514384,2.184306727240913,3.4435962973942544,3.8330664002655386,True,None
366423,primer-cosmos-west,63918,primer-cosmos-west-grizli-v7.4-f444w-clear_drc_sci.fits,0.0399999999999996,0.5103853126713783,1.7625145465249006,223.86023134416217,394.5569141325153,438.610253442577,True,None
384988,primer-cosmos-west,75801,primer-cosmos-west-grizli-v7.4-f444w-clear_drc_sci.fits,0.0399999999999996,0.2565514574420937,2.8776840009226516,0.7280646506421116,2.0951399967901443,2.837889357172891,True,None
330154,primer-cosmos-west,68353,primer-cosmos-west-grizli-v7.4-f444w-clear_drc_sci.fits,0.0399999999999996,0.2840643372717361,2.682887012320859,14.497219523981952,38.89440197565557,51.03498616974895,True,None
367212,primer-cosmos-west,56939,primer-cosmos-west-grizli-v7.4-f444w-clear_drc_sci.fits,0.0399999999999996,0.2766066629923338,2.570316251747999,0.4438400436549559,1.1408092773828744,1.6045891261385017,True,None
321413,primer-cosmos-west,52690,primer-cosmos-west-grizli-v7.4-f444w-clear_drc_sci.fits,0.0399999999999996,0.11113556317880884,5.816926543809563,0.23879102417343773,1.389029846937941,2.148646367942913,True,None
384811,primer-cosmos-west,75799,primer-cosmos-west-grizli-v7.4-f444w-clear_drc_sci.fits,0.0399999999999996,0.27200391326663875,2.72604576156583,4.8751113902640455,13.289776742590602,17.92294578308178,True,None
305116,primer-cosmos-west,57494,primer-cosmos-west-grizli-v7.4-f444w-clear_drc_sci.fits,0.0399999999999996,0.2978407333320088,2.6549131604501692,36.37550538527657,96.57380796539677,122.13072731300355,True,None
380695,primer-cosmos-west,116145,primer-cosmos-west-grizli-v7.4-f444w-clear_drc_sci.fits,0.0399999999999996,0.4788531595421126,1.9741201182583172,2.221205429904716,4.384926325959515,4.638594077626364,True,None
293298,primer-cosmos-west,5314,primer-cosmos-west-grizli-v7.4-f444w-clear_drc_sci.fits,0.0399999999999996,0.198632861138818,3.4124432518607932,3.535344037906326,12.06416090515973,17.798384505147865,True,None
345594,primer-cosmos-west,58116,primer-cosmos-west-grizli-v7.4-f444w-clear_drc_sci.fits,0.0399999999999996,0.4766340388937836,1.9012100983423263,1.3621470633512227,2.589727752270689,2.8578468011068194,True,None
295932,primer-cosmos-west,11306,primer-cosmos-west-grizli-v7.4-f444w-clear_drc_sci.fits,0.0399999999999996,0.19496943304886638,3.3180064619484804,0.6146205545287625,2.0393149715727925,3.1523944287960073,True,None
361012,primer-cosmos-west,48370,primer-cosmos-west-grizli-v7.4-f444w-clear_drc_sci.fits,0.0399999999999996,0.2601459760231774,3.1831202303979356,0.5525454093875085,1.7588184708348877,2.123982149692295,True,None
391171,primer-cosmos-west,107735,primer-cosmos-west-grizli-v7.4-f444w-clear_drc_sci.fits,0.0399999999999996,0.6221388036716282,1.5215355598926052,1.8473797964489906,2.8108540529243022,2.9694013386505596,True,None
369723,primer-cosmos-west,93781,primer-cosmos-west-grizli-v7.4-f444w-clear_drc_sci.fits,0.0399999999999996,0.44254079578149763,2.106369473004865,1.903209378393434,4.008862135384494,4.300641650522847,True,None
356521,primer-cosmos-west,93081,primer-cosmos-west-grizli-v7.4-f444w-clear_drc_sci.fits,0.0399999999999996,0.4237074359689735,2.1147714056835505,3.1129911866138764,6.583264747595931,7.34702986624438,True,None
368020,primer-cosmos-west,67010,primer-cosmos-west-grizli-v7.4-f444w-clear_drc_sci.fits,0.0399999999999996,0.46021743839140994,1.5692973544591475,0.18205688586395205,0.28570138934737094,0.3955888470899589,True,None
363657,primer-cosmos-west,55424,primer-cosmos-west-grizli-v7.4-f444w-clear_drc_sci.fits,0.0399999999999996,0.5090371712560319,1.8984456864367236,0.34443623169481996,0.6538934783135508,0.6766425933983078,True,None
369711,primer-cosmos-west,92046,primer-cosmos-west-grizli-v7.4-f444w-clear_drc_sci.fits,0.0399999999999996,0.5908848481954188,1.6119680721218868,3.453101773689778,5.566289808975379,5.843950448612215,True,None
349564,primer-cosmos-west,45300,primer-cosmos-west-grizli-v7.4-f444w-clear_drc_sci.fits,0.0399999999999996,0.8814985321591509,1.4705132450920664,0.6184257629732186,0.9094032755582848,0.7015618749340861,True,None
357272,primer-cosmos-west,103738,primer-cosmos-west-grizli-v7.4-f444w-clear_drc_sci.fits,0.0399999999999996,0.48032393850099303,1.8270588293834424,24.67780624839227,45.08780379593898,51.37742317280164,True,None
383830,primer-cosmos-west,108004,primer-cosmos-west-grizli-v7.4-f444w-clear_drc_sci.fits,0.0399999999999996,0.24486292946268792,2.898250377953766,0.4967148679457798,1.4396040537591113,2.028542536168052,True,None
367674,primer-cosmos-west,99317,primer-cosmos-west-grizli-v7.4-f444w-clear_drc_sci.fits,0.0399999999999996,0.28686974498085566,2.6778651056149454,5.083730025311807,13.613543241149472,17.721387892093922,True,None
359084,primer-cosmos-west,64452,primer-cosmos-west-grizli-v7.4-f444w-clear_drc_sci.fits,0.0399999999999996,0.1996643697834625,2.982443708985808,0.15984314964399243,0.4767231960802023,0.8005592075208187,True,None
311712,primer-cosmos-west,43221,primer-cosmos-west-grizli-v7.4-f444w-clear_drc_sci.fits,0.0399999999999996,0.61076625172166,1.539465510890406,0.19814791216734212,0.30504187683656464,0.3244251161697169,True,None
340849,primer-cosmos-west,44825,primer-cosmos-west-grizli-v7.4-f444w-clear_drc_sci.fits,0.0399999999999996,9.554149240632539,0.6894034063299389,0.20096167794472236,0.13854366531687176,0.021033968894902624,True,None
321049,primer-cosmos-west,24276,primer-cosmos-west-grizli-v7.4-f444w-clear_drc_sci.fits,0.0399999999999996,0.43556697946905537,2.006004489742982,0.771030250409427,1.5466901440489662,1.7701760848567825,True,None
351869,primer-cosmos-west,66312,primer-cosmos-west-grizli-v7.4-f444w-clear_drc_sci.fits,0.0399999999999996,0.31660990349179663,2.4436052340176575,0.47249168193225444,1.1545831469994632,1.4923465018664417,True,None
332121,primer-cosmos-west,47877,primer-cosmos-west-grizli-v7.4-f444w-clear_drc_sci.fits,0.0399999999999996,0.7571806621602062,1.4483464951316698,0.38540868418948077,0.5582053169391431,0.5090049224050772,True,None
361653,primer-cosmos-west,102863,primer-cosmos-west-grizli-v7.4-f444w-clear_drc_sci.fits,0.0399999999999996,0.5150426681043747,1.7479986220152752,175.9327332671776,307.53017531840743,341.58865694506767,True,None
367448,primer-cosmos-west,59369,primer-cosmos-west-grizli-v7.4-f444w-clear_drc_sci.fits,0.0399999999999996,0.4424904344357567,2.520413518141182,0.3010418604791143,0.7587499746779314,0.6803352955256285,True,None
374821,primer-cosmos-west,106650,primer-cosmos-west-grizli-v7.4-f444w-clear_drc_sci.fits,0.0399999999999996,0.20532591623935098,3.203223335044814,0.4489717246101107,1.4381567050464206,2.186629592762848,True,None
319244,primer-cosmos-west,41885,primer-cosmos-west-grizli-v7.4-f444w-clear_drc_sci.fits,0.0399999999999996,0.34888758421806493,2.3391847638606715,0.6272159317482472,1.4671739511961748,1.7977593933414924,True,None
389667,primer-cosmos-west,111596,primer-cosmos-west-grizli-v7.4-f444w-clear_drc_sci.fits,0.0399999999999996,0.35840277747328697,2.183023428735132,1.1698059355956614,2.55371376447875,3.2639421598312004,True,None
381603,primer-cosmos-west,66218,primer-cosmos-west-grizli-v7.4-f444w-clear_drc_sci.fits,0.0399999999999996,0.4475655151990195,1.9789659264772865,3.0704351170605486,6.0762864761221245,6.860303157394096,True,None
316928,primer-cosmos-west,7732,primer-cosmos-west-grizli-v7.4-f444w-clear_drc_sci.fits,0.0399999999999996,,0.07036103931792376,0.12044483453052565,0.008474623738043136,-0.078201001922549,True,None
351321,primer-cosmos-west,37958,primer-cosmos-west-grizli-v7.4-f444w-clear_drc_sci.fits,0.0399999999999996,0.25242667710814415,3.192996121722139,0.6216817113203642,1.9850272931915052,2.462820960298204,True,None
340725,primer-cosmos-west,43348,primer-cosmos-west-grizli-v7.4-f444w-clear_drc_sci.fits,0.0399999999999996,,0.1564450382029118,0.21018407390042138,0.03288225547099506,-0.02635567097144237,True,None
322069,primer-cosmos-west,75010,primer-cosmos-west-grizli-v7.4-f444w-clear_drc_sci.fits,0.0399999999999996,0.45441390400519205,1.9419238062428308,10.202763395485391,19.81298912715602,22.452577497207955,True,None
309757,primer-cosmos-west,37991,primer-cosmos-west-grizli-v7.4-f444w-clear_drc_sci.fits,0.0399999999999996,0.5428477041962486,1.6778718059752646,8.578774159436252,14.394083291947236,15.803279802275593,True,None
362783,primer-cosmos-west,62895,primer-cosmos-west-grizli-v7.4-f444w-clear_drc_sci.fits,0.0399999999999996,2.1309408311388527,1.1908277570108738,0.23132161430048453,0.27546419910558045,0.10855374814741234,True,None
309372,primer-cosmos-west,76500,primer-cosmos-west-grizli-v7.4-f444w-clear_drc_sci.fits,0.0399999999999996,0.5269516817436727,1.6970278399406549,1150.100941724951,1951.7533168492068,2182.5548367533243,True,None
386202,primer-cosmos-west,110747,primer-cosmos-west-grizli-v7.4-f444w-clear_drc_sci.fits,0.0399999999999996,0.48466779122548165,1.8456066480110946,163.49679657059053,301.7507746791994,337.33786220286925,True,None
319628,primer-cosmos-west,50853,primer-cosmos-west-grizli-v7.4-f444w-clear_drc_sci.fits,0.0399999999999996,0.15357324882350817,3.849776943782812,0.3204635312535455,1.233713113943122,2.0867145398599565,True,None
369316,primer-cosmos-west,93018,primer-cosmos-west-grizli-v7.4-f444w-clear_drc_sci.fits,0.0399999999999996,0.4667017440552197,1.896900653988731,192.3810935853239,364.92782223706814,412.2142161152103,True,None
355824,primer-cosmos-west,46693,primer-cosmos-west-grizli-v7.4-f444w-clear_drc_sci.fits,0.0399999999999996,0.20185072595741754,3.0849469105161527,0.34420629691760485,1.0618581522561705,1.7052517165096481,True,None
312971,primer-cosmos-west,77767,primer-cosmos-west-grizli-v7.4-f444w-clear_drc_sci.fits,0.0399999999999996,0.522746167701004,1.7354305179803746,165.6435653043349,287.46289833621796,316.87188838288785,True,None
363378,primer-cosmos-west,42855,primer-cosmos-west-grizli-v7.4-f444w-clear_drc_sci.fits,0.0399999999999996,0.3271395369253648,2.49159103694751,5.104493727564185,12.718310819753707,15.603414296966339,True,None
373566,primer-cosmos-west,36353,primer-cosmos-west-grizli-v7.4-f444w-clear_drc_sci.fits,0.0399999999999996,0.804312552897509,1.2502450030817562,1.4786717842365082,1.848702009439679,1.8384293256516298,True,None
333646,primer-cosmos-west,49697,primer-cosmos-west-grizli-v7.4-f444w-clear_drc_sci.fits,0.0399999999999996,0.5179820833083478,1.9282378183044129,0.8189359644339267,1.579103297391095,1.5810121446737861,True,None
348956,primer-cosmos-west,95495,primer-cosmos-west-grizli-v7.4-f444w-clear_drc_sci.fits,0.0399999999999996,0.5053695228072066,1.7736700502496925,168.45212790109488,298.7784941590026,333.3246669988797,True,None
316509,primer-cosmos-west,38301,primer-cosmos-west-grizli-v7.4-f444w-clear_drc_sci.fits,0.0399999999999996,0.4904735397758959,1.7739580801370254,0.9937660288366886,1.762899276620528,2.0261358630900945,True,None
323881,primer-cosmos-west,8307,primer-cosmos-west-grizli-v7.4-f444w-clear_drc_sci.fits,0.0399999999999996,0.6075821137500028,1.5495793772429713,3.29649212276394,5.108176210678907,5.425591122849154,True,None
347794,primer-cosmos-west,42749,primer-cosmos-west-grizli-v7.4-f444w-clear_drc_sci.fits,0.0399999999999996,0.1446408353181551,4.495736695059446,0.34925143813806064,1.5701425062395635,2.414611595472604,True,None
363811,primer-cosmos-west,18573,primer-cosmos-west-grizli-v7.4-f444w-clear_drc_sci.fits,0.0399999999999996,0.6206974933649697,1.452469769209051,5.691252608249349,8.26637236241434,9.169124523760395,True,None
322556,primer-cosmos-west,90081,primer-cosmos-west-grizli-v7.4-f444w-clear_drc_sci.fits,0.0399999999999996,0.24389532091539753,3.12147969424327,73.85688575025607,230.54276914946942,302.8220692100754,True,None
360302,primer-cosmos-west,21041,primer-cosmos-west-grizli-v7.4-f444w-clear_drc_sci.fits,0.0399999999999996,0.31821297236218965,2.475939207849772,2.225703763362285,5.510707212767472,6.994384128466615,True,None
316583,primer-cosmos-west,34309,primer-cosmos-west-grizli-v7.4-f444w-clear_drc_sci.fits,0.0399999999999996,0.5998064371631112,1.5655387782737227,3.997412420273526,6.25810415669122,6.664504034301437,True,None
322149,primer-cosmos-west,93376,primer-cosmos-west-grizli-v7.4-f444w-clear_drc_sci.fits,0.0399999999999996,0.33105840083410465,2.4149691095731813,63.611507139069964,153.61982475424787,192.145878125431,True,None
346827,primer-cosmos-west,37167,primer-cosmos-west-grizli-v7.4-f444w-clear_drc_sci.fits,0.0399999999999996,1.4558301455335139,1.3183805843470817,0.2103715076866139,0.2773497112338546,0.14450278305613712,True,None
322387,primer-cosmos-west,52854,primer-cosmos-west-grizli-v7.4-f444w-clear_drc_sci.fits,0.0399999999999996,0.28317181010185205,2.837640415544998,0.49137371603571706,1.3943419157594819,1.735249408685767,True,None
348075,primer-cosmos-west,104074,primer-cosmos-west-grizli-v7.4-f444w-clear_drc_sci.fits,0.0399999999999996,0.5213739851156508,1.72573476013513,4.271729191366153,7.371871551424501,8.193215068869616,True,None
384781,primer-cosmos-west,84485,primer-cosmos-west-grizli-v7.4-f444w-clear_drc_sci.fits,0.0399999999999996,0.49529773268530525,1.8113139689419506,125.86191160771004,227.97543865278223,254.11364377813186,True,None
304899,primer-cosmos-west,83780,primer-cosmos-west-grizli-v7.4-f444w-clear_drc_sci.fits,0.0399999999999996,0.42029576470664387,2.0677272082424776,22.125868305278686,45.75025990081462,52.643567133544636,True,None
122147,primer-uds-north,15290,primer-uds-north-grizli-v7.2-f444w-clear_drc_sci.fits,0.0399999999999996,0.5712760173380823,1.586650993776832,5.523666966298379,8.764131681369582,9.668998520253758,True,None
61198,primer-uds-north,10014,primer-uds-north-grizli-v7.2-f444w-clear_drc_sci.fits,0.0399999999999996,0.6277517196976801,1.5025128379012493,8.607153283765737,12.932358306641914,13.711078781131604,True,None
66106,primer-uds-north,52867,primer-uds-north-grizli-v7.2-f444w-clear_drc_sci.fits,0.0399999999999996,0.6097818078598488,1.5305978946215189,19.953926739443773,30.541438256824666,32.72306008845372,True,None
60513,primer-uds-north,22671,primer-uds-north-grizli-v7.2-f444w-clear_drc_sci.fits,0.0399999999999996,0.6079260389784902,1.5220147058003306,14.205648025082638,21.6212051995992,23.367395232736968,True,None
102518,primer-uds-north,41052,primer-uds-north-grizli-v7.2-f444w-clear_drc_sci.fits,0.0399999999999996,0.6266626382156814,1.513675333137538,11.11701057092945,16.827544679445168,17.74002452513095,True,None
142676,primer-uds-north,25082,primer-uds-north-grizli-v7.2-f444w-clear_drc_sci.fits,0.0399999999999996,0.5323634584327972,1.7068736726087643,3.256470604673466,5.558383940741483,6.117006254073214,True,None
76294,primer-uds-north,1052,primer-uds-north-grizli-v7.2-f444w-clear_drc_sci.fits,0.0399999999999996,0.609862043068073,1.5077035470770408,17.44320161415504,26.299176946041516,28.60188105231534,True,None
130274,primer-uds-north,61896,primer-uds-north-grizli-v7.2-f444w-clear_drc_sci.fits,0.0399999999999996,0.4791848114151393,1.8978360048986909,2.995813012557414,5.685561799175474,6.251894762085868,True,None
134473,primer-uds-north,69219,primer-uds-north-grizli-v7.2-f444w-clear_drc_sci.fits,0.0399999999999996,0.6108749901119889,1.5254200679091392,26.895530400129584,41.02698180941799,44.027879411463466,True,None
127072,primer-uds-north,43387,primer-uds-north-grizli-v7.2-f444w-clear_drc_sci.fits,0.0399999999999996,0.5736230168294407,1.5866637911653874,10.574095326226056,16.777534178454037,18.43387558726592,True,None
12608,primer-uds-north,46416,primer-uds-north-grizli-v7.2-f444w-clear_drc_sci.fits,0.0399999999999996,0.5728738263237039,1.6285821338019415,7.590876777134784,12.362366299133772,13.250521193903417,True,None
145345,primer-uds-north,37282,primer-uds-north-grizli-v7.2-f444w-clear_drc_sci.fits,0.0399999999999996,0.6471629496450907,1.4889688418840072,3.801312769609128,5.660036272203791,5.873810872043584,True,None
128688,primer-uds-north,70278,primer-uds-north-grizli-v7.2-f444w-clear_drc_sci.fits,0.0399999999999996,0.5854577338452873,1.5751562595905197,5.429573903924756,8.552427321676415,9.27406640999224,True,None
86375,primer-uds-north,70708,primer-uds-north-grizli-v7.2-f444w-clear_drc_sci.fits,0.0399999999999996,0.482140906354188,1.7960003829813598,6.30459866875926,11.323061623635402,13.076257553902316,True,None
95201,primer-uds-north,50969,primer-uds-north-grizli-v7.2-f444w-clear_drc_sci.fits,0.0399999999999996,0.3757602669531694,2.313821436171866,2.533335490785658,5.86168596359483,6.741892939684826,True,None
113511,primer-uds-north,82541,primer-uds-north-grizli-v7.2-f444w-clear_drc_sci.fits,0.0399999999999996,0.44967223476224694,1.9390033174599495,6.122315177944032,11.87118944056888,13.615061604106055,True,None
120945,primer-uds-north,16334,primer-uds-north-grizli-v7.2-f444w-clear_drc_sci.fits,0.0399999999999996,0.5002879197358614,1.7941121925538381,21.84515646154471,39.192661555903626,43.665168795357616,True,None
67054,primer-uds-north,55802,primer-uds-north-grizli-v7.2-f444w-clear_drc_sci.fits,0.0399999999999996,0.5236078547279842,1.7710986104830446,2.555909915577989,4.526768500000013,4.881343724123068,True,None
7064,primer-uds-north,55500,primer-uds-north-grizli-v7.2-f444w-clear_drc_sci.fits,0.0399999999999996,0.5167963802281056,1.8671511572822752,2.7516769861703056,5.137796869194889,5.324489666424831,True,None
149251,primer-uds-north,14035,primer-uds-north-grizli-v7.2-f444w-clear_drc_sci.fits,0.0399999999999996,0.5865389324467452,1.5408070271964207,9.381155721587184,14.454550659045443,15.994088717101395,True,None
28039,primer-uds-north,47619,primer-uds-north-grizli-v7.2-f444w-clear_drc_sci.fits,0.0399999999999996,0.5814539000351405,1.5877500243174079,39.52515479115746,62.75606548080957,67.9764204673298,True,None
54919,primer-uds-north,2511,primer-uds-north-grizli-v7.2-f444w-clear_drc_sci.fits,0.0399999999999996,0.4995327231497152,1.7639132974141194,7.532066555681988,13.285912354575624,15.078224521888927,True,None
25808,primer-uds-north,3614,primer-uds-north-grizli-v7.2-f444w-clear_drc_sci.fits,0.0399999999999996,0.49028920852752217,1.8252831925880826,43.629423598909156,79.63605359739473,88.98711788893073,True,None
18231,primer-uds-north,64129,primer-uds-north-grizli-v7.2-f444w-clear_drc_sci.fits,0.0399999999999996,0.48021040144737953,1.8691321260205311,39.96591889949284,74.70158296097318,83.22585012534807,True,None
22104,primer-uds-north,2565,primer-uds-north-grizli-v7.2-f444w-clear_drc_sci.fits,0.0399999999999996,0.4399947790445747,1.9887799935967445,5.614262890669218,11.165533715755567,12.759839793690942,True,None
138549,primer-uds-north,83027,primer-uds-north-grizli-v7.2-f444w-clear_drc_sci.fits,0.0399999999999996,0.5262203048324319,1.6962105411299107,7.05999159274897,11.97523215990935,13.416418043764264,True,None
142423,primer-uds-north,36443,primer-uds-north-grizli-v7.2-f444w-clear_drc_sci.fits,0.0399999999999996,0.574787892277917,1.5674339148826173,4.383952011845364,6.871555064584305,7.627077867753117,True,None
23281,primer-uds-north,5507,primer-uds-north-grizli-v7.2-f444w-clear_drc_sci.fits,0.0399999999999996,0.5259043344437788,1.7177794097014794,1663.1291745622875,2856.889051736915,3162.4176977382995,True,None
89980,primer-uds-north,39359,primer-uds-north-grizli-v7.2-f444w-clear_drc_sci.fits,0.0399999999999996,0.5842790742479079,1.551775642974064,3.3859497172423647,5.25423429955162,5.795089823473151,True,None
8043,primer-uds-north,71451,primer-uds-north-grizli-v7.2-f444w-clear_drc_sci.fits,0.0399999999999996,0.6350854570267105,1.5626366748250649,45.3794590803768,70.91160704272009,71.45409893785086,True,None
141205,primer-uds-north,68077,primer-uds-north-grizli-v7.2-f444w-clear_drc_sci.fits,0.0399999999999996,0.4688938311354375,1.8722876520129064,2.369825115964508,4.436994302050402,5.054076122575382,True,None
129503,primer-uds-north,17826,primer-uds-north-grizli-v7.2-f444w-clear_drc_sci.fits,0.0399999999999996,0.41616187483009104,2.0926363955637304,15.524051229323176,32.48619460907755,37.30291544765189,True,None
12268,primer-uds-north,50424,primer-uds-north-grizli-v7.2-f444w-clear_drc_sci.fits,0.0399999999999996,0.5550729114573826,1.6624367276727168,8.476027697427904,14.090859748975356,15.270115911752033,True,None
143370,primer-uds-north,49454,primer-uds-north-grizli-v7.2-f444w-clear_drc_sci.fits,0.0399999999999996,0.5346968275738327,1.6795607191479096,2.790046280602861,4.686052137505292,5.2179966977971315,True,None
150931,primer-uds-north,11767,primer-uds-north-grizli-v7.2-f444w-clear_drc_sci.fits,0.0399999999999996,0.487237210546912,1.8204455206885974,77.84282016643293,141.70861328975084,159.7637012966564,True,None
88077,primer-uds-north,46636,primer-uds-north-grizli-v7.2-f444w-clear_drc_sci.fits,0.0399999999999996,0.45242012327676184,1.9624885089000257,66.36019515809753,130.23112044612952,146.6782570975575,True,None
116379,primer-uds-north,37041,primer-uds-north-grizli-v7.2-f444w-clear_drc_sci.fits,0.0399999999999996,0.5284786050069742,1.7148595062688219,3.6870989906477494,6.322856754666471,6.976817898993454,True,None
143395,primer-uds-north,56165,primer-uds-north-grizli-v7.2-f444w-clear_drc_sci.fits,0.0399999999999996,0.616381057701238,1.5062933175582962,29.13639791588238,43.8879614784131,47.27010597072062,True,None
91622,primer-uds-north,44677,primer-uds-north-grizli-v7.2-f444w-clear_drc_sci.fits,0.0399999999999996,0.6314277580494891,1.5250378532751796,3.8549946566741653,5.879012775601657,6.105203022088276,True,None
103399,primer-uds-north,84513,primer-uds-north-grizli-v7.2-f444w-clear_drc_sci.fits,0.0399999999999996,0.6458132914299195,1.529966819900508,4.2790578213136,6.546816487045565,6.625843534187997,True,None
43593,primer-uds-north,55529,primer-uds-north-grizli-v7.2-f444w-clear_drc_sci.fits,0.0399999999999996,0.8566440112739505,1.1336016943409108,10.031102708416064,11.371275026368151,11.709768090829701,True,None
115019,primer-uds-north,22462,primer-uds-north-grizli-v7.2-f444w-clear_drc_sci.fits,0.0399999999999996,0.5761189274474011,1.6991372171077135,1.9841329397773633,3.3713141216650553,3.443964163039084,True,None
109078,primer-uds-north,31492,primer-uds-north-grizli-v7.2-f444w-clear_drc_sci.fits,0.0399999999999996,0.46138555089266486,1.918603381521227,1.87324957802174,3.5940229748257218,4.060052540434944,True,None
82415,primer-uds-north,69802,primer-uds-north-grizli-v7.2-f444w-clear_drc_sci.fits,0.0399999999999996,0.3443660115529837,2.3619036199735195,1.6632905761387242,3.9285320328498936,4.8300079576314765,True,None
140928,primer-uds-north,707,primer-uds-north-grizli-v7.2-f444w-clear_drc_sci.fits,0.0399999999999996,0.5604987448478793,1.5559381366904448,3.683037412886418,5.73057836956769,6.571000286336061,True,None
103254,primer-uds-north,84665,primer-uds-north-grizli-v7.2-f444w-clear_drc_sci.fits,0.0399999999999996,0.4722864537790892,1.9103099086308262,14.135542378873359,27.003266670232737,29.93001866931636,True,None
138293,primer-uds-north,23620,primer-uds-north-grizli-v7.2-f444w-clear_drc_sci.fits,0.0399999999999996,0.4881013160321532,1.833684144261986,2.6570749935708227,4.872236285825836,5.443695614612501,True,None
11305,primer-uds-north,28375,primer-uds-north-grizli-v7.2-f444w-clear_drc_sci.fits,0.0399999999999996,0.40131585526127733,2.2188551525733082,3.703774414347664,8.218138943244501,9.229075716274194,True,None
82536,primer-uds-north,47356,primer-uds-north-grizli-v7.2-f444w-clear_drc_sci.fits,0.0399999999999996,0.5739290859670596,1.5568967601838024,4.2961804978043565,6.688709498196438,7.485559806688267,True,None
11723,primer-uds-north,85954,primer-uds-north-grizli-v7.2-f444w-clear_drc_sci.fits,0.0399999999999996,0.46351856412891446,1.8685263154130298,19.58440477209365,36.5939756883575,42.25160821530075,True,None
13319,primer-uds-north,42969,primer-uds-north-grizli-v7.2-f444w-clear_drc_sci.fits,0.0399999999999996,0.6115422477512364,1.5177110742143383,4.252350348670939,6.453839215617087,6.953485820984053,True,None
90008,primer-uds-north,41126,primer-uds-north-grizli-v7.2-f444w-clear_drc_sci.fits,0.0399999999999996,0.42419756887289134,2.0675388035244056,11.760448870162989,24.31518438592673,27.723989322736898,True,None
128727,primer-uds-north,81100,primer-uds-north-grizli-v7.2-f444w-clear_drc_sci.fits,0.0399999999999996,0.4199538213422067,1.9646050708695795,1.9779087980280028,3.8858096543233693,4.709824503338116,True,None
127200,primer-uds-north,36776,primer-uds-north-grizli-v7.2-f444w-clear_drc_sci.fits,0.0399999999999996,0.3164291702558733,2.504535303865444,4.550432170645039,11.396718019225565,14.380571067343238,True,None
86564,primer-uds-north,80785,primer-uds-north-grizli-v7.2-f444w-clear_drc_sci.fits,0.0399999999999996,0.23575302056337055,3.048483068390528,3.8128942002743527,11.623543411100806,16.173257043166682,True,None
83287,primer-uds-north,63553,primer-uds-north-grizli-v7.2-f444w-clear_drc_sci.fits,0.0399999999999996,0.4784434885343329,1.9091009684662796,3.606257789345973,6.884710238179461,7.537479087432892,True,None
108706,primer-uds-north,61298,primer-uds-north-grizli-v7.2-f444w-clear_drc_sci.fits,0.0399999999999996,0.40247367479250135,2.1498419112693012,2.4798684908061377,5.331325215971185,6.161566944930384,True,None
8979,primer-uds-north,67470,primer-uds-north-grizli-v7.2-f444w-clear_drc_sci.fits,0.0399999999999996,0.444208724157534,1.997693859656267,5.053290647238752,10.094927697047298,11.375937419560124,True,None
84764,primer-uds-north,63402,primer-uds-north-grizli-v7.2-f444w-clear_drc_sci.fits,0.0399999999999996,1.0460185056438722,0.9841393690576802,7.324543886148154,7.208371998749134,7.002308129949921,True,None
27825,primer-uds-north,71708,primer-uds-north-grizli-v7.2-f444w-clear_drc_sci.fits,0.0399999999999996,0.48758282771920014,1.905713245307924,1.9869460221274153,3.786549352080107,4.075094341246368,True,None
100175,primer-uds-north,40904,primer-uds-north-grizli-v7.2-f444w-clear_drc_sci.fits,0.0399999999999996,0.5079044495004391,1.776665743696731,140.06755091606112,248.85321951606346,275.7753964428304,True,None
95453,primer-uds-north,12297,primer-uds-north-grizli-v7.2-f444w-clear_drc_sci.fits,0.0399999999999996,0.5072498763510818,1.768087208663435,2.7107458165571416,4.7928350041926,5.344004883859171,True,None
136418,primer-uds-north,5990,primer-uds-north-grizli-v7.2-f444w-clear_drc_sci.fits,0.0399999999999996,0.5879631573059683,1.564952525600858,37.54990759463547,58.76382272630362,63.86438865776584,True,None
90268,primer-uds-north,14504,primer-uds-north-grizli-v7.2-f444w-clear_drc_sci.fits,0.0399999999999996,0.802947737169721,1.0958528483685992,2.480627621531918,2.7184028447975757,3.089401098850823,True,None
67671,primer-uds-north,16055,primer-uds-north-grizli-v7.2-f444w-clear_drc_sci.fits,0.0399999999999996,0.5960607849931135,1.5440655202846114,31.941552463909208,49.319849823884184,53.58774351222961,True,None
31367,primer-uds-north,29905,primer-uds-north-grizli-v7.2-f444w-clear_drc_sci.fits,0.0399999999999996,0.29101115515642667,2.7156163408414455,1.7845214584615663,4.846075633180439,6.132141077211751,True,None
147109,primer-uds-north,45236,primer-uds-north-grizli-v7.2-f444w-clear_drc_sci.fits,0.0399999999999996,0.5756506261213266,1.520978709997314,2.2947979885643646,3.490338884351058,3.9864422697261226,True,None
109110,primer-uds-north,21274,primer-uds-north-grizli-v7.2-f444w-clear_drc_sci.fits,0.0399999999999996,0.46654832359534165,1.8826035420200042,4.082145524670117,7.685061623785071,8.749673545522683,True,None
113361,primer-uds-north,43867,primer-uds-north-grizli-v7.2-f444w-clear_drc_sci.fits,0.0399999999999996,0.5414989812194324,1.6867357245802548,61.387596328678505,103.54465177369373,113.3660421492138,True,None
150623,primer-uds-north,13993,primer-uds-north-grizli-v7.2-f444w-clear_drc_sci.fits,0.0399999999999996,0.38346885719686,2.231795895266594,2.8340515644713684,6.32502464856107,7.390565130081637,True,None
100655,primer-uds-north,63152,primer-uds-north-grizli-v7.2-f444w-clear_drc_sci.fits,0.0399999999999996,0.9346728217850021,1.0356746798220062,3.4858201161868316,3.610175632748905,3.729454879761826,True,None
117990,primer-uds-north,15924,primer-uds-north-grizli-v7.2-f444w-clear_drc_sci.fits,0.0399999999999996,0.40319334138442803,2.20272923009176,2.7023295311682727,5.952500247644516,6.702316863392132,True,None
130423,primer-uds-north,15134,primer-uds-north-grizli-v7.2-f444w-clear_drc_sci.fits,0.0399999999999996,0.23161072504918326,3.131466457026205,11.002565514445598,34.45416484971966,47.50455969648715,True,None
10641,primer-uds-north,64804,primer-uds-north-grizli-v7.2-f444w-clear_drc_sci.fits,0.0399999999999996,0.49973914399904124,1.8391485723611425,2.753875795262172,5.06478673731633,5.510626550533843,True,None
3334,primer-uds-north,76839,primer-uds-north-grizli-v7.2-f444w-clear_drc_sci.fits,0.0399999999999996,0.2583447401658598,2.918892852004933,2.2888025781769765,6.680769485091238,8.859489752752634,True,None
100643,primer-uds-north,63481,primer-uds-north-grizli-v7.2-f444w-clear_drc_sci.fits,0.0399999999999996,0.9167553946379756,1.082263170694733,3.6622263048780006,3.963492652518921,3.9947692986570367,True,None
11208,primer-uds-north,30126,primer-uds-north-grizli-v7.2-f444w-clear_drc_sci.fits,0.0399999999999996,0.35040280684479846,2.3799626565830945,2.714653141661869,6.460773102731226,7.74723572024425,True,None
117648,primer-uds-north,52224,primer-uds-north-grizli-v7.2-f444w-clear_drc_sci.fits,0.0399999999999996,0.6890870549033763,1.3892093287780765,2.950473554524893,4.098825386258992,4.281713803110999,True,None
139515,primer-uds-north,8431,primer-uds-north-grizli-v7.2-f444w-clear_drc_sci.fits,0.0399999999999996,0.4622945520907146,1.9196490414218539,32.98888476361147,63.32708101404277,71.35901691772082,True,None
129812,primer-uds-north,70313,primer-uds-north-grizli-v7.2-f444w-clear_drc_sci.fits,0.0399999999999996,0.6449503421239892,1.3867130774614222,2.9083579923299663,4.033058061903411,4.509429334903501,True,None
98345,primer-uds-north,35246,primer-uds-north-grizli-v7.2-f444w-clear_drc_sci.fits,0.0399999999999996,0.515415566037045,1.749357664005615,138.729077317039,242.6867746249897,269.15965767915515,True,None
101042,primer-uds-north,32375,primer-uds-north-grizli-v7.2-f444w-clear_drc_sci.fits,0.0399999999999996,0.41215109420166035,2.0706269934575885,7.72828873520497,16.002403268349617,18.751105708392505,True,None
61433,primer-uds-north,31647,primer-uds-north-grizli-v7.2-f444w-clear_drc_sci.fits,0.0399999999999996,0.6054017576434403,1.6456647005308773,2.3095208655972397,3.800696963652894,3.814856558374024,True,None
59711,primer-uds-north,49412,primer-uds-north-grizli-v7.2-f444w-clear_drc_sci.fits,0.0399999999999996,1.1945384850580578,0.8959354688880732,2.758158569224498,2.4711320909858077,2.308974222032239,True,None
107774,primer-uds-north,81683,primer-uds-north-grizli-v7.2-f444w-clear_drc_sci.fits,0.0399999999999996,,,,,,False,aperture d020 covers a NaN or non-finite pixel
143885,primer-uds-north,38882,primer-uds-north-grizli-v7.2-f444w-clear_drc_sci.fits,0.0399999999999996,0.45737206056859026,1.923239038155885,47.9403428558834,92.20073888301255,104.81694661515945,True,None
88442,primer-uds-north,34986,primer-uds-north-grizli-v7.2-f444w-clear_drc_sci.fits,0.0399999999999996,0.3743702411842809,2.2481006167204884,37.47469027286729,84.24687431384224,100.10061204202569,True,None
119321,primer-uds-north,57638,primer-uds-north-grizli-v7.2-f444w-clear_drc_sci.fits,0.0399999999999996,0.5112851011263596,1.7694420166722042,4.24130355026382,7.504740707297793,8.295378724942777,True,None
78262,primer-uds-north,77228,primer-uds-north-grizli-v7.2-f444w-clear_drc_sci.fits,0.0399999999999996,0.3700053904516601,2.379665093138634,3.9207072557378795,9.329970196894799,10.596351720584206,True,None
55742,primer-uds-north,39055,primer-uds-north-grizli-v7.2-f444w-clear_drc_sci.fits,0.0399999999999996,0.3784949843652916,2.1822650070817136,14.277965219409792,31.158303870647767,37.72299715768465,True,None
34075,primer-uds-north,68027,primer-uds-north-grizli-v7.2-f444w-clear_drc_sci.fits,0.0399999999999996,0.5991494460064063,1.6008980631609544,1.5797067736287151,2.5289495142644505,2.636582215268917,True,None
84776,primer-uds-north,63073,primer-uds-north-grizli-v7.2-f444w-clear_drc_sci.fits,0.0399999999999996,1.1725672103542732,0.9134412740968587,6.164637878042157,5.631034677664584,5.257385524348414,True,None
86542,primer-uds-north,80263,primer-uds-north-grizli-v7.2-f444w-clear_drc_sci.fits,0.0399999999999996,0.46365334506724787,1.9011243228009134,119.25151486048537,226.71195543212332,257.1997293434586,True,None
128086,primer-uds-north,59600,primer-uds-north-grizli-v7.2-f444w-clear_drc_sci.fits,0.0399999999999996,0.4790272363462616,1.7873868772441448,1.7118118548721803,3.0596700457094936,3.5735167543475725,True,None
147401,primer-uds-north,39226,primer-uds-north-grizli-v7.2-f444w-clear_drc_sci.fits,0.0399999999999996,0.5505845759046496,1.7845348822191662,1.6093062188613159,2.87186308373025,2.922904653144544,True,None
35305,primer-uds-north,46886,primer-uds-north-grizli-v7.2-f444w-clear_drc_sci.fits,0.0399999999999996,0.5031701876173325,1.779856671172306,306.9452917049949,546.3186251260646,610.02280989356,True,None
126676,primer-uds-north,61931,primer-uds-north-grizli-v7.2-f444w-clear_drc_sci.fits,0.0399999999999996,0.5989835876207408,1.5823653404974052,2.960929265725951,4.685271845749177,4.943256087344962,True,None
84965,primer-uds-north,83933,primer-uds-north-grizli-v7.2-f444w-clear_drc_sci.fits,0.0399999999999996,0.41397753078333255,2.133035700501318,7.84334791237799,16.730141108554733,18.94631309466658,True,None
103612,primer-uds-north,49568,primer-uds-north-grizli-v7.2-f444w-clear_drc_sci.fits,0.0399999999999996,0.720945828448888,1.1807139969569993,2.0113646041581346,2.374846341113384,2.789897000285829,True,None
40620,primer-uds-north,66675,primer-uds-north-grizli-v7.2-f444w-clear_drc_sci.fits,0.0399999999999996,0.2629596755334573,2.87443634701148,29.874042002135408,85.87103216308563,113.60693209531448,True,None
117603,primer-uds-north,48423,primer-uds-north-grizli-v7.2-f444w-clear_drc_sci.fits,0.0399999999999996,0.3013790931368131,2.6244276161109825,6.493635354889364,17.04207595432629,21.546402861931547,True,None
104810,primer-uds-north,44502,primer-uds-north-grizli-v7.2-f444w-clear_drc_sci.fits,0.0399999999999996,0.5120778240372118,1.8600910015037138,8.83613534498031,16.436015843266787,17.25545401540021,True,None
105675,primer-uds-north,63544,primer-uds-north-grizli-v7.2-f444w-clear_drc_sci.fits,0.0399999999999996,0.42067040378017834,2.0780824798758886,2.187270622358372,4.5453287590701645,5.199487776423968,True,None
130677,primer-uds-north,15029,primer-uds-north-grizli-v7.2-f444w-clear_drc_sci.fits,0.0399999999999996,0.33833547058622604,2.5503263318921734,1.7082369709115526,4.356561728027457,5.048944374504186,True,None
65264,primer-uds-north,83176,primer-uds-north-grizli-v7.2-f444w-clear_drc_sci.fits,0.0399999999999996,0.47507137758535367,1.851405681409797,1.207559404936656,2.2356823429395587,2.541848366185142,True,None
42009,primer-uds-north,36081,primer-uds-north-grizli-v7.2-f444w-clear_drc_sci.fits,0.0399999999999996,0.49296963352608963,1.8306603248910278,2.909112510688343,5.325596853961276,5.901200221766566,True,None
36122,primer-uds-north,81090,primer-uds-north-grizli-v7.2-f444w-clear_drc_sci.fits,0.0399999999999996,0.42826973919288575,2.0436302734320724,3.556940588255948,7.269071466959139,8.305374540258983,True,None
137438,primer-uds-north,60706,primer-uds-north-grizli-v7.2-f444w-clear_drc_sci.fits,0.0399999999999996,0.45855684716396156,1.8979002601733939,2128.5500143339054,4039.7756259964003,4641.845449475583,True,None
75155,primer-uds-north,79988,primer-uds-north-grizli-v7.2-f444w-clear_drc_sci.fits,0.0399999999999996,0.455578717766371,1.9540661832885413,12.548418329614561,24.5204399116579,27.543908089336202,True,None
35542,primer-uds-north,81738,primer-uds-north-grizli-v7.2-f444w-clear_drc_sci.fits,0.0399999999999996,0.4291359983033162,2.0466359713329125,2.610104637206116,5.341934039448878,6.0822318508019375,True,None
55738,primer-uds-north,18583,primer-uds-north-grizli-v7.2-f444w-clear_drc_sci.fits,0.0399999999999996,0.44953027743348656,1.9063696913093224,2.3103840157821525,4.404446062972615,5.13955150912833,True,None
109293,primer-uds-north,19392,primer-uds-north-grizli-v7.2-f444w-clear_drc_sci.fits,0.0399999999999996,0.501220583324421,1.7193881898028696,4.400852943460661,7.566774576045456,8.780271780283526,True,None
130741,primer-uds-north,63682,primer-uds-north-grizli-v7.2-f444w-clear_drc_sci.fits,0.0399999999999996,0.9090601844412362,1.044269004584101,2.6927986536802373,2.812006169624069,2.9621786321390764,True,None
78736,primer-uds-north,1479,primer-uds-north-grizli-v7.2-f444w-clear_drc_sci.fits,0.0399999999999996,0.44183807527123936,2.028622442319564,2.1360734177899556,4.333286473770959,4.834516392636928,True,None
14683,primer-uds-north,25749,primer-uds-north-grizli-v7.2-f444w-clear_drc_sci.fits,0.0399999999999996,0.2348308173273496,3.1381454121925425,0.6663787009328963,2.091193263115395,2.837696979114872,True,None
88014,primer-uds-north,17911,primer-uds-north-grizli-v7.2-f444w-clear_drc_sci.fits,0.0399999999999996,0.23653623695048048,3.196262705017471,1.3112684042463147,4.1911582967602685,5.543625878012223,True,None
75456,primer-uds-north,993,primer-uds-north-grizli-v7.2-f444w-clear_drc_sci.fits,0.0399999999999996,0.3136676419360224,2.5246985887516606,1.2352761847552531,3.1187000403701233,3.9381690031234005,True,None
77292,primer-uds-north,33441,primer-uds-north-grizli-v7.2-f444w-clear_drc_sci.fits,0.0399999999999996,0.4444727720568245,1.9265953839690917,2.203638682892658,4.245520114396724,4.957871036048367,True,None
39167,primer-uds-north,54678,primer-uds-north-grizli-v7.2-f444w-clear_drc_sci.fits,0.0399999999999996,0.6032311763164285,1.5174425662686202,1.2345394470764124,1.8733427067314747,2.0465445015872774,True,None
150037,primer-uds-north,6383,primer-uds-north-grizli-v7.2-f444w-clear_drc_sci.fits,0.0399999999999996,0.5486427911999535,1.6261347218828879,4.119406221344038,6.698709490067925,7.508357509508796,True,None
136946,primer-uds-north,4198,primer-uds-north-grizli-v7.2-f444w-clear_drc_sci.fits,0.0399999999999996,0.5047857164403438,1.787436470396098,4.0437364514702745,7.22792201002807,8.010798086732647,True,None
88730,primer-uds-north,24676,primer-uds-north-grizli-v7.2-f444w-clear_drc_sci.fits,0.0399999999999996,0.4471032801959256,2.0759341218345533,2.864159342035293,5.945806108502268,6.4060351800152,True,None
28755,primer-uds-north,11494,primer-uds-north-grizli-v7.2-f444w-clear_drc_sci.fits,0.0399999999999996,0.3846589716278755,2.2196215880543306,2.992032858144297,6.641180724104982,7.778403933962657,True,None
147481,primer-uds-north,11951,primer-uds-north-grizli-v7.2-f444w-clear_drc_sci.fits,0.0399999999999996,0.6047449133211682,1.5286401727617174,44.62579214366409,68.21677861211917,73.7927532099211,True,None
49031,primer-uds-north,55553,primer-uds-north-grizli-v7.2-f444w-clear_drc_sci.fits,0.0399999999999996,0.399639616150219,2.1451104552811886,1.9046491452214285,4.085682795056865,4.765916761629301,True,None
149042,primer-uds-north,8814,primer-uds-north-grizli-v7.2-f444w-clear_drc_sci.fits,0.0399999999999996,0.25211206406815456,3.007387689018422,11.624518059697772,34.959432503507394,46.108535514410235,True,None
34016,primer-uds-north,70986,primer-uds-north-grizli-v7.2-f444w-clear_drc_sci.fits,0.0399999999999996,0.4333149338518643,2.0097587605370375,53.7326752869321,107.98971488500376,124.00374667285638,True,None
15257,primer-uds-north,21107,primer-uds-north-grizli-v7.2-f444w-clear_drc_sci.fits,0.0399999999999996,0.3840023449645617,2.124760361953906,1.1043887873122271,2.3465615194673632,2.8759949041825448,True,None
39553,primer-uds-north,6354,primer-uds-north-grizli-v7.2-f444w-clear_drc_sci.fits,0.0399999999999996,0.3129935256594785,2.5375516211739044,8.734874045075946,22.165193793832326,27.90752309227973,True,None
48104,primer-uds-north,26618,primer-uds-north-grizli-v7.2-f444w-clear_drc_sci.fits,0.0399999999999996,0.4296357644706736,2.037083774246398,1.117709444342743,2.2768677733925595,2.6015279377865586,True,None
121120,primer-uds-north,14659,primer-uds-north-grizli-v7.2-f444w-clear_drc_sci.fits,0.0399999999999996,0.7170836676534962,1.2796651621355535,2.087392851861593,2.671163912218061,2.9109474194164013,True,None
62532,primer-uds-north,21486,primer-uds-north-grizli-v7.2-f444w-clear_drc_sci.fits,0.0399999999999996,0.3077160373783855,2.682806791289375,5.908934839504813,15.852530516709905,19.202557298756723,True,None
142985,primer-uds-north,26035,primer-uds-north-grizli-v7.2-f444w-clear_drc_sci.fits,0.0399999999999996,0.29290923100877764,2.656787330679947,13.899978065037239,36.9292856199201,47.45489931186462,True,None
39577,primer-uds-north,64718,primer-uds-north-grizli-v7.2-f444w-clear_drc_sci.fits,0.0399999999999996,0.6667209800187064,1.437316065092306,1.1670837365445743,1.6774682038434732,1.7504829929183106,True,None
51907,primer-uds-north,13388,primer-uds-north-grizli-v7.2-f444w-clear_drc_sci.fits,0.0399999999999996,0.5614436482265015,1.6201576523690173,3.590393805551616,5.817003999082768,6.394931738729287,True,None
26193,primer-uds-north,10330,primer-uds-north-grizli-v7.2-f444w-clear_drc_sci.fits,0.0399999999999996,0.5256572886715926,1.7330709156602906,68.27435196350584,118.32429367350602,129.88377301120357,True,None
148446,primer-uds-north,19228,primer-uds-north-grizli-v7.2-f444w-clear_drc_sci.fits,0.0399999999999996,0.44058814914525934,1.9888024239110604,48.53553585475323,96.5275913537554,110.1607838270551,True,None
33575,primer-uds-north,58995,primer-uds-north-grizli-v7.2-f444w-clear_drc_sci.fits,0.0399999999999996,0.29288543586201576,2.729648899211496,0.6549997380239334,1.787919313880848,2.23636841516598,True,None
130750,primer-uds-north,63339,primer-uds-north-grizli-v7.2-f444w-clear_drc_sci.fits,0.0399999999999996,0.7314495334220246,1.261286531488379,2.238722163048659,2.8236701119978047,3.060665241763143,True,None
130963,primer-uds-north,64860,primer-uds-north-grizli-v7.2-f444w-clear_drc_sci.fits,0.0399999999999996,0.42446117619349555,2.0645431654529287,31.90331768026744,65.86577647206973,75.16192167767056,True,None
84114,primer-uds-north,14781,primer-uds-north-grizli-v7.2-f444w-clear_drc_sci.fits,0.0399999999999996,0.5295444796392119,1.7192645043349022,93.85848625551711,161.36756384971585,177.24381966830165,True,None
137435,primer-uds-north,71633,primer-uds-north-grizli-v7.2-f444w-clear_drc_sci.fits,0.0399999999999996,0.5757232077578098,1.5712268167571455,40.25962002428072,63.25699461460283,69.92877737389524,True,None
35086,primer-uds-north,64136,primer-uds-north-grizli-v7.2-f444w-clear_drc_sci.fits,0.0399999999999996,0.6324188921014873,1.5215519824820742,1.093604756263916,1.663976484945187,1.7292411247076092,True,None
96990,primer-uds-north,4429,primer-uds-north-grizli-v7.2-f444w-clear_drc_sci.fits,0.0399999999999996,0.5166832804621491,1.7539320549527926,89.11857178180149,156.30791973971304,172.48201200179943,True,None
122279,primer-uds-north,69534,primer-uds-north-grizli-v7.2-f444w-clear_drc_sci.fits,0.0399999999999996,0.4008432964101273,1.9305710926188808,1.8862933092270586,3.641623334994167,4.7058122865477,True,None
56828,primer-uds-north,25585,primer-uds-north-grizli-v7.2-f444w-clear_drc_sci.fits,0.0399999999999996,0.27297196654101064,2.8469903488039754,1.6747316213876715,4.767944762927534,6.1351780646532585,True,None
38857,primer-uds-north,39454,primer-uds-north-grizli-v7.2-f444w-clear_drc_sci.fits,0.0399999999999996,0.5684382062499634,1.672684167977484,1.8592754127978177,3.1099805468967108,3.2708487789088285,True,None
86644,primer-uds-north,79896,primer-uds-north-grizli-v7.2-f444w-clear_drc_sci.fits,0.0399999999999996,0.30376174154147656,2.618157135972922,15.383092786449083,40.27535415217525,50.641969289436105,True,None
44151,primer-uds-north,52324,primer-uds-north-grizli-v7.2-f444w-clear_drc_sci.fits,0.0399999999999996,0.5407330828022978,1.6776567340632011,114.36636372397464,191.86750025184747,211.50243504851198,True,None
74548,primer-uds-north,27097,primer-uds-north-grizli-v7.2-f444w-clear_drc_sci.fits,0.0399999999999996,0.2419805692775556,3.0661227712877857,1.6185772846872744,4.962756669668805,6.68887295173994,True,None
47175,primer-uds-north,37499,primer-uds-north-grizli-v7.2-f444w-clear_drc_sci.fits,0.0399999999999996,0.4338279805300736,2.135595689826053,0.9883419424420874,2.110698792353631,2.2781885604392778,True,None
81814,primer-uds-north,44529,primer-uds-north-grizli-v7.2-f444w-clear_drc_sci.fits,0.0399999999999996,0.481441125192015,1.9140189530700635,1.7746751661426032,3.3967619035397063,3.686172770211109,True,None
9072,primer-uds-north,83552,primer-uds-north-grizli-v7.2-f444w-clear_drc_sci.fits,0.0399999999999996,0.4967476967718316,1.863288756281088,3.996816419108238,7.447223094644021,8.045968698157997,True,None
121301,primer-uds-north,70857,primer-uds-north-grizli-v7.2-f444w-clear_drc_sci.fits,0.0399999999999996,0.39310751299312774,2.1686552551815113,61.02492910669622,132.34203320431592,155.23724958104032,True,None
38213,primer-uds-north,21875,primer-uds-north-grizli-v7.2-f444w-clear_drc_sci.fits,0.0399999999999996,0.48293905001414755,1.8274742586162964,35.95226453179778,65.70183797082412,74.44472450663199,True,None
38385,primer-uds-north,59547,primer-uds-north-grizli-v7.2-f444w-clear_drc_sci.fits,0.0399999999999996,0.39601277761221654,2.2716628743232676,0.6902226408458338,1.5679531482268434,1.7429302281799437,True,None
116051,primer-uds-north,51351,primer-uds-north-grizli-v7.2-f444w-clear_drc_sci.fits,0.0399999999999996,0.5707079344042217,1.5703109296360722,1.0591495208575805,1.6631940687214677,1.8558521040420732,True,None
35927,primer-uds-north,65406,primer-uds-north-grizli-v7.2-f444w-clear_drc_sci.fits,0.0399999999999996,0.4714286803697117,1.8239496602674459,0.9792544289376531,1.7861107829762242,2.0772058843973724,True,None
63978,primer-uds-north,6880,primer-uds-north-grizli-v7.2-f444w-clear_drc_sci.fits,0.0399999999999996,0.29147253689450026,2.76782351528598,15.334677209112764,42.443680178702294,52.61105342032006,True,None
36694,primer-uds-north,78802,primer-uds-north-grizli-v7.2-f444w-clear_drc_sci.fits,0.0399999999999996,0.3500654490070919,2.516106766565468,2.678955165127956,6.740537218303961,7.652726576491368,True,None
29794,primer-uds-north,66841,primer-uds-north-grizli-v7.2-f444w-clear_drc_sci.fits,0.0399999999999996,0.36967878674494065,2.2579851214935163,0.8140589535582806,1.838133005153179,2.202071048561246,True,None
131851,primer-uds-north,21313,primer-uds-north-grizli-v7.2-f444w-clear_drc_sci.fits,0.0399999999999996,0.4315737065545356,2.00322527135424,4.32728498813143,8.668526644576712,10.026757706530054,True,None
105684,primer-uds-north,55623,primer-uds-north-grizli-v7.2-f444w-clear_drc_sci.fits,0.0399999999999996,0.4698152770802154,1.89072568505665,2.1351089978811393,4.0369054226894345,4.544571243298661,True,None
93254,primer-uds-north,34074,primer-uds-north-grizli-v7.2-f444w-clear_drc_sci.fits,0.0399999999999996,0.4560610198570323,1.9359276725637424,71.35861741574288,138.14512213102566,156.46725834650954,True,None
29380,primer-uds-north,68480,primer-uds-north-grizli-v7.2-f444w-clear_drc_sci.fits,0.0399999999999996,0.25245461591048346,3.0697786742302524,0.48409185713788355,1.4860548594103928,1.9175401304982878,True,None
98645,primer-uds-north,66558,primer-uds-north-grizli-v7.2-f444w-clear_drc_sci.fits,0.0399999999999996,0.4973087143520641,1.8152733237079575,94.49053532555934,171.52614811937227,190.00377954098312,True,None
7436,primer-uds-north,64771,primer-uds-north-grizli-v7.2-f444w-clear_drc_sci.fits,0.0399999999999996,0.20028600807070213,3.304893511644908,0.5596997021280987,1.8497479140327413,2.79450225964123,True,None
146455,primer-uds-north,27279,primer-uds-north-grizli-v7.2-f444w-clear_drc_sci.fits,0.0399999999999996,0.33855259650489317,2.4305513271668553,3.0155302377216198,7.329401021406066,8.907124827435892,True,None
78985,primer-uds-north,46127,primer-uds-north-grizli-v7.2-f444w-clear_drc_sci.fits,0.0399999999999996,0.21753349266487304,3.2679686660765257,4.792993666716691,15.66335311953338,22.033359589829523,True,None
144111,primer-uds-north,60246,primer-uds-north-grizli-v7.2-f444w-clear_drc_sci.fits,0.0399999999999996,0.5066655006367323,1.761586883622327,1136.3562129483282,2001.790199852515,2242.813476584169,True,None
43703,primer-uds-north,60452,primer-uds-north-grizli-v7.2-f444w-clear_drc_sci.fits,0.0399999999999996,0.12159673326705865,5.856618256746551,0.2368403938467401,1.3870837745378617,1.9477529328569694,True,None
122963,primer-uds-north,50940,primer-uds-north-grizli-v7.2-f444w-clear_drc_sci.fits,0.0399999999999996,0.3117206266221347,2.575983267746026,15.878742999024325,40.903376278326014,50.93901924646268,True,None
85889,primer-uds-north,29221,primer-uds-north-grizli-v7.2-f444w-clear_drc_sci.fits,0.0399999999999996,0.35022530194623225,2.442102139633945,10.371843402965615,25.329100966330547,29.61477467598253,True,None
129175,primer-uds-north,53364,primer-uds-north-grizli-v7.2-f444w-clear_drc_sci.fits,0.0399999999999996,0.24420002512384642,3.070254039464238,5.0458783034224854,15.49212824372784,20.662890189562678,True,None
106133,primer-uds-north,32728,primer-uds-north-grizli-v7.2-f444w-clear_drc_sci.fits,0.0399999999999996,0.5192768162861954,1.7433224157881004,1.4538589822276573,2.5345449531123485,2.7997764133309087,True,None
48346,primer-uds-north,30170,primer-uds-north-grizli-v7.2-f444w-clear_drc_sci.fits,0.0399999999999996,0.4029827484417634,2.189080766840326,1.193535961946337,2.612746618828994,2.961754483439927,True,None
69432,primer-uds-north,2579,primer-uds-north-grizli-v7.2-f444w-clear_drc_sci.fits,0.0399999999999996,0.3770753130610253,2.201136158425209,14.650819556453525,32.248448676273036,38.853828529693374,True,None
54188,primer-uds-north,32148,primer-uds-north-grizli-v7.2-f444w-clear_drc_sci.fits,0.0399999999999996,0.5953229654659988,1.5119584001103494,1.8533575542792198,2.8021995226004393,3.1131968054154835,True,None
124152,primer-uds-north,8484,primer-uds-north-grizli-v7.2-f444w-clear_drc_sci.fits,0.0399999999999996,0.24381390133141112,3.106250187073423,37.2383388121011,115.67159690139255,152.7326317685381,True,None
35605,primer-uds-north,14019,primer-uds-north-grizli-v7.2-f444w-clear_drc_sci.fits,0.0399999999999996,0.4501132667030358,1.9516308021191542,69.92562477694854,136.46900317211907,155.35117480347958,True,None
31685,primer-uds-north,65681,primer-uds-north-grizli-v7.2-f444w-clear_drc_sci.fits,0.0399999999999996,0.49927327971651997,1.8320959348826946,2.0685141733356054,3.7897164082154,4.1430500236465235,True,None
67109,primer-uds-north,84205,primer-uds-north-grizli-v7.2-f444w-clear_drc_sci.fits,0.0399999999999996,0.34550449836111047,2.3974455306918903,9.055837539573583,21.71087723592253,26.210476513416346,True,None
12158,primer-uds-north,66487,primer-uds-north-grizli-v7.2-f444w-clear_drc_sci.fits,0.0399999999999996,0.3790549641018736,2.2364899889696073,1.7381129453835205,3.8872722020487216,4.585384996874466,True,None
131351,primer-uds-north,41831,primer-uds-north-grizli-v7.2-f444w-clear_drc_sci.fits,0.0399999999999996,0.5303744509813701,1.710331292955541,144.1604292363052,246.56209332875562,271.808773913525,True,None
55366,primer-uds-north,5649,primer-uds-north-grizli-v7.2-f444w-clear_drc_sci.fits,0.0399999999999996,0.46511646851736144,2.0100767158137463,1.8167310346417749,3.651768751629648,3.9059701335300314,True,None
54652,primer-uds-north,39652,primer-uds-north-grizli-v7.2-f444w-clear_drc_sci.fits,0.0399999999999996,0.5169121141983525,1.7552418552030067,1.4477826441965116,2.5412086943301997,2.8008293952286056,True,None
140915,primer-uds-north,32024,primer-uds-north-grizli-v7.2-f444w-clear_drc_sci.fits,0.0399999999999996,0.31610199149482027,2.626284095374623,1.8490437114005287,4.856114090903673,5.849516172475072,True,None
26576,primer-uds-north,68336,primer-uds-north-grizli-v7.2-f444w-clear_drc_sci.fits,0.0399999999999996,0.3729089338803897,2.212641772246454,1.4578998891905353,3.2258101945764546,3.909533284762107,True,None
122308,primer-uds-north,31611,primer-uds-north-grizli-v7.2-f444w-clear_drc_sci.fits,0.0399999999999996,0.6274087215791101,1.5405105896036526,1.5930242765738694,2.454070767557744,2.539053445996773,True,None
7890,primer-uds-north,83461,primer-uds-north-grizli-v7.2-f444w-clear_drc_sci.fits,0.0399999999999996,0.4865836032322692,1.8305441210947337,12.313728128590858,22.540822634550853,25.306500356348707,True,None
27274,primer-uds-north,39758,primer-uds-north-grizli-v7.2-f444w-clear_drc_sci.fits,0.0399999999999996,0.5343098159305267,1.7326240684907772,1.6444436975052223,2.849202729575515,3.0776969624661357,True,None
87268,primer-uds-north,49338,primer-uds-north-grizli-v7.2-f444w-clear_drc_sci.fits,0.0399999999999996,0.8161426104128615,1.0645601563822287,2.2157368606739634,2.358785178900943,2.7148893249833996,True,None
8219,primer-uds-north,55772,primer-uds-north-grizli-v7.2-f444w-clear_drc_sci.fits,0.0399999999999996,0.3782227422880155,2.0778867463482924,0.6550846227951053,1.3611916554425196,1.732007490697797,True,None
11532,primer-uds-north,30605,primer-uds-north-grizli-v7.2-f444w-clear_drc_sci.fits,0.0399999999999996,0.5241907183653796,1.8432635269560875,1.0534373652249638,1.9417626732518949,2.0096452079692884,True,None
101272,primer-uds-north,34141,primer-uds-north-grizli-v7.2-f444w-clear_drc_sci.fits,0.0399999999999996,0.4507708947375191,1.912150542979296,2.5553993730830395,4.886308298769687,5.668953792083297,True,None
47579,primer-uds-north,44023,primer-uds-north-grizli-v7.2-f444w-clear_drc_sci.fits,0.0399999999999996,0.4761991195350026,1.9107828509063105,1.5439754531186856,2.9502018180394844,3.242289600674486,True,None
8763,primer-uds-north,41469,primer-uds-north-grizli-v7.2-f444w-clear_drc_sci.fits,0.0399999999999996,0.7190314950342986,1.4767043251391776,2.5596051018707637,3.779779924580862,3.5597955298865838,True,None
40472,primer-uds-north,74199,primer-uds-north-grizli-v7.2-f444w-clear_drc_sci.fits,0.0399999999999996,0.48592252759271165,1.8144792368732907,1.064063654275626,1.930721407394643,2.189780456458891,True,None
96558,primer-uds-north,59385,primer-uds-north-grizli-v7.2-f444w-clear_drc_sci.fits,0.0399999999999996,0.5690887319735219,1.6265307606423973,85.51159422650335,139.08723840097852,150.2605646925407,True,None
140076,primer-uds-north,36616,primer-uds-north-grizli-v7.2-f444w-clear_drc_sci.fits,0.0399999999999996,0.4777648755195741,1.8919987720456013,1.8203975488949136,3.444189927143999,3.810237299079831,True,None
125434,primer-uds-north,70537,primer-uds-north-grizli-v7.2-f444w-clear_drc_sci.fits,0.0399999999999996,0.40380345106949916,2.1270541115978516,38.378005075977526,81.63209349178122,95.0413003512747,True,None
2775,primer-uds-north,76002,primer-uds-north-grizli-v7.2-f444w-clear_drc_sci.fits,0.0399999999999996,0.425900126534453,1.9365339647077349,0.8952456738458578,1.7336736541601667,2.102008471165451,True,None
117412,primer-uds-north,58131,primer-uds-north-grizli-v7.2-f444w-clear_drc_sci.fits,0.0399999999999996,0.589648453844037,1.5905972460379236,2.5753646338966125,4.0963678942194175,4.3676272143296435,True,None
3867,primer-uds-north,77284,primer-uds-north-grizli-v7.2-f444w-clear_drc_sci.fits,0.0399999999999996,0.5028461413903483,1.782898156643817,56.4789426162041,100.6962026796222,112.31853636192218,True,None
147766,primer-uds-north,9770,primer-uds-north-grizli-v7.2-f444w-clear_drc_sci.fits,0.0399999999999996,0.430207846507896,1.943119961012633,2.3152334061578093,4.498776245908508,5.38166243352169,True,None
6957,primer-uds-north,62801,primer-uds-north-grizli-v7.2-f444w-clear_drc_sci.fits,0.0399999999999996,0.40105654596304796,2.101610397253308,1.0948948135475645,2.3010423240502833,2.7300260388928907,True,None
17330,primer-uds-north,80664,primer-uds-north-grizli-v7.2-f444w-clear_drc_sci.fits,0.0399999999999996,0.6912998391666084,1.5476216808071532,3.182957424823794,4.926013919743408,4.6043080650228205,True,None
2997,primer-uds-north,70534,primer-uds-north-grizli-v7.2-f444w-clear_drc_sci.fits,0.0399999999999996,0.5985281310432794,1.4635726805513547,0.7514985879696923,1.0998728028253606,1.255577723071719,True,None
58975,primer-uds-north,14229,primer-uds-north-grizli-v7.2-f444w-clear_drc_sci.fits,0.0399999999999996,0.535940553860196,1.6891571135385892,117.13425663574367,197.8581628353211,218.55830052804512,True,None
91565,primer-uds-north,34943,primer-uds-north-grizli-v7.2-f444w-clear_drc_sci.fits,0.0399999999999996,0.516235113134209,1.7531353621371148,105.9594823093643,185.76131539028862,205.2543107074883,True,None
30292,primer-uds-north,55282,primer-uds-north-grizli-v7.2-f444w-clear_drc_sci.fits,0.0399999999999996,0.1959460282851272,3.654831866796536,0.28656163157474884,1.0473345828806004,1.4624518500459935,True,None
128906,primer-uds-north,55070,primer-uds-north-grizli-v7.2-f444w-clear_drc_sci.fits,0.0399999999999996,0.462163045269253,1.9101441625654005,25.635064833203554,48.96666944812935,55.46757815365515,True,None
116006,primer-uds-north,43310,primer-uds-north-grizli-v7.2-f444w-clear_drc_sci.fits,0.0399999999999996,0.5103203494168154,1.6635219192817663,1.479305711061091,2.460857475668824,2.8987786059317724,True,None
11387,primer-uds-north,30684,primer-uds-north-grizli-v7.2-f444w-clear_drc_sci.fits,0.0399999999999996,0.4816791839895596,1.7529412619382905,0.759529589271745,1.331410756697484,1.576837061923373,True,None
17070,primer-uds-north,41827,primer-uds-north-grizli-v7.2-f444w-clear_drc_sci.fits,0.0399999999999996,0.4183946892964568,2.0904928860780645,98.32458971731376,205.5468553305888,235.0043923421913,True,None
77835,primer-uds-north,8272,primer-uds-north-grizli-v7.2-f444w-clear_drc_sci.fits,0.0399999999999996,0.45324896564033895,2.0630792775831814,0.8253776051241404,1.702819433312848,1.8210247958493788,True,None
12934,primer-uds-north,61526,primer-uds-north-grizli-v7.2-f444w-clear_drc_sci.fits,0.0399999999999996,0.46794584322814353,1.8908660518288671,6.398783365076899,12.09924223803119,13.674196400452306,True,None
49399,primer-uds-north,47176,primer-uds-north-grizli-v7.2-f444w-clear_drc_sci.fits,0.0399999999999996,0.6397647065684174,1.5613543098832947,0.7553755410378408,1.1794088565798582,1.1807083655638633,True,None
4995,primer-uds-north,3470,primer-uds-north-grizli-v7.2-f444w-clear_drc_sci.fits,0.0399999999999996,0.37726125489845797,2.289818179018511,10.968068653874344,25.11488299236456,29.07287327140568,True,None
149712,primer-uds-north,10836,primer-uds-north-grizli-v7.2-f444w-clear_drc_sci.fits,0.0399999999999996,0.4907557508329571,1.960205145435911,2.4049376474290796,4.714171150943017,4.900477769943993,True,None
110474,primer-uds-north,24498,primer-uds-north-grizli-v7.2-f444w-clear_drc_sci.fits,0.0399999999999996,0.4347975757507615,2.0711174094753515,2.480026584337275,5.136426234782622,5.703864792840744,True,None
22324,primer-uds-north,74397,primer-uds-north-grizli-v7.2-f444w-clear_drc_sci.fits,0.0399999999999996,0.40082412970790793,2.117546434031527,5.299394770356376,11.221714498493467,13.221246870087882,True,None
125853,primer-uds-north,69205,primer-uds-north-grizli-v7.2-f444w-clear_drc_sci.fits,0.0399999999999996,0.35640205480154746,2.359047775514127,36.50309985270139,86.11255650688527,102.42112625592779,True,None
31229,primer-uds-north,29906,primer-uds-north-grizli-v7.2-f444w-clear_drc_sci.fits,0.0399999999999996,0.296201748028338,2.405550724029094,1.4166897456434706,3.4079190433572433,4.782854102224725,True,None
82620,primer-uds-north,64579,primer-uds-north-grizli-v7.2-f444w-clear_drc_sci.fits,0.0399999999999996,0.3179660753773599,2.501308464114653,105.33095187233587,263.46520145152687,331.26474812550316,True,None
148232,primer-uds-north,12064,primer-uds-north-grizli-v7.2-f444w-clear_drc_sci.fits,0.0399999999999996,0.49888928711289127,1.783469181973331,169.63204983355885,302.53353315311654,340.0194275872948,True,None
126955,primer-uds-north,15836,primer-uds-north-grizli-v7.2-f444w-clear_drc_sci.fits,0.0399999999999996,0.3511561518147117,2.511629391817676,1.0364912414744867,2.603281866448913,2.951653377331101,True,None
91416,primer-uds-north,63977,primer-uds-north-grizli-v7.2-f444w-clear_drc_sci.fits,0.0399999999999996,0.4044899300218259,2.1053922986056453,2.194729519071479,4.620766626975563,5.425918808295309,True,None
48821,primer-uds-north,30845,primer-uds-north-grizli-v7.2-f444w-clear_drc_sci.fits,0.0399999999999996,0.21002599689413665,3.353254482642574,0.4738091731278441,1.5888027337081148,2.2559548824170896,True,None
31991,primer-uds-north,75442,primer-uds-north-grizli-v7.2-f444w-clear_drc_sci.fits,0.0399999999999996,0.27917489709778387,2.685844098704996,0.43050423362833945,1.1562672553581925,1.5420592542657978,True,None
29813,primer-uds-north,58912,primer-uds-north-grizli-v7.2-f444w-clear_drc_sci.fits,0.0399999999999996,0.7400194935226735,1.3817936039402472,1.0761686931740144,1.4870430169885875,1.4542437092449938,True,None
21380,primer-uds-north,75768,primer-uds-north-grizli-v7.2-f444w-clear_drc_sci.fits,0.0399999999999996,0.5092928289727157,1.7716015571248902,122.23609048079103,216.55364823262838,240.01141097421495,True,None
5292,primer-uds-north,47927,primer-uds-north-grizli-v7.2-f444w-clear_drc_sci.fits,0.0399999999999996,0.10868130522929051,5.3491073699449245,0.25077730949096555,1.3414347544130831,2.307455812771919,True,None
135929,primer-uds-north,52042,primer-uds-north-grizli-v7.2-f444w-clear_drc_sci.fits,0.0399999999999996,0.2651432614161973,2.7866470062518935,4.859477099159373,13.541647310322103,18.327741286743155,True,None
59726,primer-uds-north,49091,primer-uds-north-grizli-v7.2-f444w-clear_drc_sci.fits,0.0399999999999996,0.9247052889207079,1.051495851069725,2.829541296411077,2.975250933606698,3.0599384801979927,True,None
19078,primer-uds-north,39225,primer-uds-north-grizli-v7.2-f444w-clear_drc_sci.fits,0.0399999999999996,0.5088066499277979,1.7531475685278213,1.5312327240893138,2.6844769270874127,3.0094589453707083,True,None
12090,primer-uds-north,27414,primer-uds-north-grizli-v7.2-f444w-clear_drc_sci.fits,0.0399999999999996,0.4978342947935764,1.7622716538436012,19.42182025419766,34.22652330001806,39.01262017766531,True,None
139359,primer-uds-north,18696,primer-uds-north-grizli-v7.2-f444w-clear_drc_sci.fits,0.0399999999999996,0.46720904219936343,1.9082805776731673,108.91928241676571,207.8485511700125,233.12751376564455,True,None
76565,primer-uds-north,24096,primer-uds-north-grizli-v7.2-f444w-clear_drc_sci.fits,0.0399999999999996,0.6261297941155789,1.473710436263103,15.90720135263552,23.442608645117513,25.40559721344161,True,None
69541,primer-uds-north,39535,primer-uds-north-grizli-v7.2-f444w-clear_drc_sci.fits,0.0399999999999996,0.5664558838819137,1.784549710275919,1.0130232932857413,1.8077904245358267,1.7883533777485154,True,None
129112,primer-uds-north,19416,primer-uds-north-grizli-v7.2-f444w-clear_drc_sci.fits,0.0399999999999996,0.5257424739985292,1.757603359333533,1.8952614191846737,3.331117837174222,3.6049235375074065,True,None
2732,primer-uds-north,82939,primer-uds-north-grizli-v7.2-f444w-clear_drc_sci.fits,0.0399999999999996,0.20107479962328825,3.8397967900757695,0.27444090708703545,1.0537973140982813,1.3648697280872486,True,None
31926,primer-uds-north,34513,primer-uds-north-grizli-v7.2-f444w-clear_drc_sci.fits,0.0399999999999996,0.5761449309592255,1.5550770894028398,1.520492174739507,2.364482545553707,2.639079323683426,True,None
69176,primer-uds-north,26179,primer-uds-north-grizli-v7.2-f444w-clear_drc_sci.fits,0.0399999999999996,0.8262874954569668,1.2066086653015418,1.7336576948998526,2.0918463973328585,2.0981289253821727,True,None
81758,primer-uds-north,1264,primer-uds-north-grizli-v7.2-f444w-clear_drc_sci.fits,0.0399999999999996,0.466098372222291,1.8988083877690922,173.82368807170624,330.0578769035141,372.93348020706344,True,None
70725,primer-uds-north,66910,primer-uds-north-grizli-v7.2-f444w-clear_drc_sci.fits,0.0399999999999996,0.5117120873775532,1.7702406767300731,80.92457958935064,143.25598253634874,158.14474894286127,True,None
17468,primer-uds-south,2558,primer-uds-south-grizli-v7.2-f444w-clear_drc_sci.fits,0.0399999999999996,0.6583754113695178,1.4222588623833745,8.228001332477056,11.702347814817708,12.497431086257613,True,None
80921,primer-uds-south,44674,primer-uds-south-grizli-v7.2-f444w-clear_drc_sci.fits,0.0399999999999996,0.5271572451201634,1.665035050298199,4.13997964881984,6.893211222806262,7.8534055770705535,True,None
122018,primer-uds-south,18934,primer-uds-south-grizli-v7.2-f444w-clear_drc_sci.fits,0.0399999999999996,0.5030974368348217,1.7750343802860757,4.274770356199089,7.587864350081137,8.49690346882565,True,None
105391,primer-uds-south,11577,primer-uds-south-grizli-v7.2-f444w-clear_drc_sci.fits,0.0399999999999996,0.5510052232148205,1.6838394934514311,6.299867229532549,10.607965244587358,11.433407459871608,True,None
71487,primer-uds-south,44427,primer-uds-south-grizli-v7.2-f444w-clear_drc_sci.fits,0.0399999999999996,0.6219147174943283,1.4789252852863006,9.831611197973047,14.540218395786276,15.808616392910348,True,None
96024,primer-uds-south,60228,primer-uds-south-grizli-v7.2-f444w-clear_drc_sci.fits,0.0399999999999996,0.5175084563210602,1.7682980999013518,23.61829293074181,41.76418251234427,45.638467627452854,True,None
26631,primer-uds-south,31014,primer-uds-south-grizli-v7.2-f444w-clear_drc_sci.fits,0.0399999999999996,0.5881469217917272,1.5551891016024408,12.342204715932038,19.194462263963754,20.98490064069845,True,None
135509,primer-uds-south,3951,primer-uds-south-grizli-v7.2-f444w-clear_drc_sci.fits,0.0399999999999996,0.6030190019723913,1.5335789113273206,26.204696171392488,40.1869694261873,43.455838183673436,True,None
43584,primer-uds-south,9685,primer-uds-south-grizli-v7.2-f444w-clear_drc_sci.fits,0.0399999999999996,0.49983297315374564,1.8267837833294929,3.818073866934575,6.974795423670209,7.638699469632945,True,None
74873,primer-uds-south,37294,primer-uds-south-grizli-v7.2-f444w-clear_drc_sci.fits,0.0399999999999996,0.5487326098452172,1.6682151533768492,7.356931820907743,12.272945145998634,13.40713434724234,True,None
139126,primer-uds-south,4937,primer-uds-south-grizli-v7.2-f444w-clear_drc_sci.fits,0.0399999999999996,0.5856332806420839,1.4970073254028795,2.4348625757209565,3.6450071122035954,4.157657455961846,True,None
90373,primer-uds-south,36315,primer-uds-south-grizli-v7.2-f444w-clear_drc_sci.fits,0.0399999999999996,0.5580979376704177,1.6504382401610114,11.270770456367556,18.60171055726599,20.19496883183872,True,None
22834,primer-uds-south,38388,primer-uds-south-grizli-v7.2-f444w-clear_drc_sci.fits,0.0399999999999996,0.4826517101459473,1.8693766148430508,8.045608484081596,15.040272352324983,16.66959489618034,True,None
30845,primer-uds-south,48209,primer-uds-south-grizli-v7.2-f444w-clear_drc_sci.fits,0.0399999999999996,0.5698896040251038,1.6018756978944253,3.2145136973242745,5.149251372292512,5.640590168026076,True,None
146939,primer-uds-south,71342,primer-uds-south-grizli-v7.2-f444w-clear_drc_sci.fits,0.0399999999999996,0.49491960784058403,1.8017203705580838,14.25600591051848,25.68533625177759,28.804690064149586,True,None
70783,primer-uds-south,43793,primer-uds-south-grizli-v7.2-f444w-clear_drc_sci.fits,0.0399999999999996,0.5644994904894749,1.6434328214030667,3.393592759730964,5.577141723817677,6.011684362705793,True,None
17313,primer-uds-south,39748,primer-uds-south-grizli-v7.2-f444w-clear_drc_sci.fits,0.0399999999999996,0.5425553653651747,1.7039557240845942,4.2319614188820704,7.211074883809265,7.800054499569252,True,None
95167,primer-uds-south,46414,primer-uds-south-grizli-v7.2-f444w-clear_drc_sci.fits,0.0399999999999996,0.6069091817058547,1.520013422002988,5.402801751363243,8.212331178493379,8.902158534127715,True,None
35639,primer-uds-south,56716,primer-uds-south-grizli-v7.2-f444w-clear_drc_sci.fits,0.0399999999999996,1.0306698953560909,0.9771269609774638,6.313747523052651,6.169332929579427,6.125867798701238,True,None
45019,primer-uds-south,26385,primer-uds-south-grizli-v7.2-f444w-clear_drc_sci.fits,0.0399999999999996,0.784837359876749,1.2135049155598994,3.102581521948838,3.764997927810229,3.953152182301908,True,None
80241,primer-uds-south,27169,primer-uds-south-grizli-v7.2-f444w-clear_drc_sci.fits,0.0399999999999996,0.4350787653500176,2.0116498421432154,5.619565893175395,11.30459884191968,12.9162035491539,True,None
29015,primer-uds-south,33766,primer-uds-south-grizli-v7.2-f444w-clear_drc_sci.fits,0.0399999999999996,0.4636078903877326,1.9237887353647638,5.211646693674825,10.026107201992644,11.241496967008327,True,None
38156,primer-uds-south,22707,primer-uds-south-grizli-v7.2-f444w-clear_drc_sci.fits,0.0399999999999996,0.5725868523862845,1.532056697198289,3.9539604163888167,6.057691536385422,6.90543347251249,True,None
111339,primer-uds-south,14232,primer-uds-south-grizli-v7.2-f444w-clear_drc_sci.fits,0.0399999999999996,0.17115409740970408,3.7713891052937134,24.420446281617483,92.09900505290256,142.68104971603734,True,None
49737,primer-uds-south,29138,primer-uds-south-grizli-v7.2-f444w-clear_drc_sci.fits,0.0399999999999996,1.0665843764207164,0.968071256772668,4.119514935790411,3.9879840011844,3.8623432209037536,True,None
148975,primer-uds-south,47932,primer-uds-south-grizli-v7.2-f444w-clear_drc_sci.fits,0.0399999999999996,0.4309684426888305,1.9895133986416116,2.76471838756702,5.500444275535418,6.415129540153391,True,None
16088,primer-uds-south,15920,primer-uds-south-grizli-v7.2-f444w-clear_drc_sci.fits,0.0399999999999996,0.5877867823776239,1.5842620872224704,22.916835012434863,36.30627286933304,38.988346964413246,True,None
24186,primer-uds-south,13983,primer-uds-south-grizli-v7.2-f444w-clear_drc_sci.fits,0.0399999999999996,0.4322295549016378,2.1145211469718337,7.548554268310725,15.961577629407524,17.464225161624,True,None
147562,primer-uds-south,55141,primer-uds-south-grizli-v7.2-f444w-clear_drc_sci.fits,0.0399999999999996,0.6300379680096573,1.4637547003162514,4.804449600965475,7.032535685845752,7.625650905044871,True,None
110019,primer-uds-south,5869,primer-uds-south-grizli-v7.2-f444w-clear_drc_sci.fits,0.0399999999999996,0.6139779269984524,1.6274417288486074,3.362505064636403,5.472281055654066,5.476589494144597,True,None
137321,primer-uds-south,25140,primer-uds-south-grizli-v7.2-f444w-clear_drc_sci.fits,0.0399999999999996,0.5901983105883247,1.5702519070838343,2.5080315397438437,3.938241308309176,4.249472583619858,True,None
134155,primer-uds-south,49248,primer-uds-south-grizli-v7.2-f444w-clear_drc_sci.fits,0.0399999999999996,0.6058863145642994,1.5238469392547869,2.147775220742151,3.272880696335201,3.544848545203804,True,None
136195,primer-uds-south,16776,primer-uds-south-grizli-v7.2-f444w-clear_drc_sci.fits,0.0399999999999996,0.6252510060916044,1.5292200385349237,4.637569409054614,7.09186407042288,7.417132261879434,True,None
101474,primer-uds-south,63058,primer-uds-south-grizli-v7.2-f444w-clear_drc_sci.fits,0.0399999999999996,,,,,,False,aperture d020 covers a NaN or non-finite pixel
16383,primer-uds-south,35440,primer-uds-south-grizli-v7.2-f444w-clear_drc_sci.fits,0.0399999999999996,0.6172230523290145,1.4799280343738745,2.9797617301047654,4.4098329201364415,4.8276902796501275,True,None
148672,primer-uds-south,29217,primer-uds-south-grizli-v7.2-f444w-clear_drc_sci.fits,0.0399999999999996,0.2966966317577074,2.6998757664686748,2.5643451961902946,6.923413452054535,8.642987218959824,True,None
19145,primer-uds-south,50674,primer-uds-south-grizli-v7.2-f444w-clear_drc_sci.fits,0.0399999999999996,0.6169371333896195,1.506924419901729,5.58769687480019,8.420236871644981,9.05715764603092,True,None
89725,primer-uds-south,3216,primer-uds-south-grizli-v7.2-f444w-clear_drc_sci.fits,0.0399999999999996,0.48982375666534067,1.7388951102824213,7.032009048446864,12.227926149805993,14.356202517248057,True,None
123217,primer-uds-south,26587,primer-uds-south-grizli-v7.2-f444w-clear_drc_sci.fits,0.0399999999999996,0.6685171663875026,1.4111869322231445,3.556947594330926,5.019517963722353,5.320652592291339,True,None
92794,primer-uds-south,9055,primer-uds-south-grizli-v7.2-f444w-clear_drc_sci.fits,0.0399999999999996,0.9699761678348435,1.0675892229854735,7.107392509765247,7.587775646953054,7.327388801345697,True,None
58903,primer-uds-south,29313,primer-uds-south-grizli-v7.2-f444w-clear_drc_sci.fits,0.0399999999999996,0.44546510106283,1.966899457506553,32.644247506619294,64.20795271147914,73.28126811445782,True,None
26685,primer-uds-south,64518,primer-uds-south-grizli-v7.2-f444w-clear_drc_sci.fits,0.0399999999999996,0.38987734391758505,2.253440291359955,4.486921738704214,10.11101023017494,11.508547005113204,True,None
33684,primer-uds-south,15463,primer-uds-south-grizli-v7.2-f444w-clear_drc_sci.fits,0.0399999999999996,0.4684604730088669,1.9183923214843879,3.0835466285755593,5.915452175198425,6.582298414144313,True,None
43780,primer-uds-south,9043,primer-uds-south-grizli-v7.2-f444w-clear_drc_sci.fits,0.0399999999999996,0.6078853432623658,1.5398224462422485,2.116492369797656,3.2590224583148806,3.4817295617607438,True,None
116525,primer-uds-south,56362,primer-uds-south-grizli-v7.2-f444w-clear_drc_sci.fits,0.0399999999999996,0.3956965222376731,2.1829723340492153,2.7697768244154566,6.046346179189633,6.999750234731161,True,None
56998,primer-uds-south,17287,primer-uds-south-grizli-v7.2-f444w-clear_drc_sci.fits,0.0399999999999996,0.5424163773727203,1.7310329728349478,2.8749544949475028,4.976641026154172,5.300272290583851,True,None
64461,primer-uds-south,19173,primer-uds-south-grizli-v7.2-f444w-clear_drc_sci.fits,0.0399999999999996,0.4567280067739576,1.996473554130434,3.277309304379856,6.543061354899991,7.175625877486098,True,None
77405,primer-uds-south,8988,primer-uds-south-grizli-v7.2-f444w-clear_drc_sci.fits,0.0399999999999996,0.9224671122158943,1.0444119823322535,7.317388839963191,7.642368583841866,7.93241161995012,True,None
93880,primer-uds-south,17838,primer-uds-south-grizli-v7.2-f444w-clear_drc_sci.fits,0.0399999999999996,0.5667896656125645,1.5819841219324675,2.2782585630919905,3.604168872468208,4.019583809153853,True,None
77860,primer-uds-south,10215,primer-uds-south-grizli-v7.2-f444w-clear_drc_sci.fits,0.0399999999999996,0.48020994987188254,1.8276948892449696,2.5424432258986323,4.646810490170424,5.294440955621479,True,None
123719,primer-uds-south,60095,primer-uds-south-grizli-v7.2-f444w-clear_drc_sci.fits,0.0399999999999996,0.537393172428636,1.6945647126608465,275.7289602963465,467.24056637685237,513.0860875106528,True,None
135738,primer-uds-south,3042,primer-uds-south-grizli-v7.2-f444w-clear_drc_sci.fits,0.0399999999999996,0.5458626143173304,1.6709007211946825,1092.0812094382234,1824.7592804534886,2000.6521435874624,True,None
15829,primer-uds-south,19273,primer-uds-south-grizli-v7.2-f444w-clear_drc_sci.fits,0.0399999999999996,0.431893407454814,2.1113793576697066,3.9557526764852358,8.35209454517762,9.159094832673727,True,None
46217,primer-uds-south,44413,primer-uds-south-grizli-v7.2-f444w-clear_drc_sci.fits,0.0399999999999996,0.9650725000402034,0.9973893251687529,4.264233150222086,4.253100624062232,4.418562491465092,True,None
131564,primer-uds-south,5857,primer-uds-south-grizli-v7.2-f444w-clear_drc_sci.fits,0.0399999999999996,0.43185006522477287,2.047173839087646,28.026745932277194,57.375621067313965,64.89925135866218,True,None
137562,primer-uds-south,65201,primer-uds-south-grizli-v7.2-f444w-clear_drc_sci.fits,0.0399999999999996,,,4.317637588415423,10.800421161371373,,False,aperture d050 covers a NaN or non-finite pixel
56581,primer-uds-south,3496,primer-uds-south-grizli-v7.2-f444w-clear_drc_sci.fits,0.0399999999999996,0.47292174390572905,1.9219644702784346,5.537420202971866,10.642724887113925,11.708956660017055,True,None
35774,primer-uds-south,61478,primer-uds-south-grizli-v7.2-f444w-clear_drc_sci.fits,0.0399999999999996,1.3729711372938314,0.8461391510279871,6.796511681753329,5.750794624350559,4.950221819775079,True,None
56296,primer-uds-south,17713,primer-uds-south-grizli-v7.2-f444w-clear_drc_sci.fits,0.0399999999999996,0.6027079611271429,1.5221063400840213,9.876846641676636,15.033610893333583,16.38745010635937,True,None
144356,primer-uds-south,24896,primer-uds-south-grizli-v7.2-f444w-clear_drc_sci.fits,0.0399999999999996,0.19341558552484364,3.656569733889802,1.7708126377397972,6.475099895548909,9.155480583090558,True,None
38171,primer-uds-south,27465,primer-uds-south-grizli-v7.2-f444w-clear_drc_sci.fits,0.0399999999999996,0.7004289108205637,1.3491426950604548,2.3457969765772066,3.1648148550440394,3.3490864530835367,True,None
125044,primer-uds-south,75090,primer-uds-south-grizli-v7.2-f444w-clear_drc_sci.fits,0.0399999999999996,0.4312268408643412,1.870565643834857,2.163510044194481,4.046987558761829,5.017104315348254,True,None
58033,primer-uds-south,20511,primer-uds-south-grizli-v7.2-f444w-clear_drc_sci.fits,0.0399999999999996,0.8821481057237631,1.0833390112691572,3.6310500446989624,3.9336581652930027,4.116145600879399,True,None
74637,primer-uds-south,9426,primer-uds-south-grizli-v7.2-f444w-clear_drc_sci.fits,0.0399999999999996,0.5500419849893958,1.7641755178837393,4.998433677753292,8.818114322057937,9.087367535861205,True,None
107583,primer-uds-south,7025,primer-uds-south-grizli-v7.2-f444w-clear_drc_sci.fits,0.0399999999999996,0.6445713383306714,1.501645965802603,5.415141671262163,8.131625644900392,8.401151818643452,True,None
40215,primer-uds-south,11829,primer-uds-south-grizli-v7.2-f444w-clear_drc_sci.fits,0.0399999999999996,0.33874614652703494,2.444558436677641,7.480323334276668,18.28608751588265,22.08238650378174,True,None
80647,primer-uds-south,28485,primer-uds-south-grizli-v7.2-f444w-clear_drc_sci.fits,0.0399999999999996,0.584186373819317,1.6136141646175985,4.1965116674590845,6.771550668594997,7.183515151205878,True,None
110268,primer-uds-south,45016,primer-uds-south-grizli-v7.2-f444w-clear_drc_sci.fits,0.0399999999999996,0.6299819605866823,1.4686947193080782,2.248927388035212,3.302987778914625,3.569828231178012,True,None
77339,primer-uds-south,41160,primer-uds-south-grizli-v7.2-f444w-clear_drc_sci.fits,0.0399999999999996,0.5439591455218402,1.720060172530911,2.3445807955497093,4.0328200477058935,4.310214866045621,True,None
29281,primer-uds-south,52141,primer-uds-south-grizli-v7.2-f444w-clear_drc_sci.fits,0.0399999999999996,1.0302049857836881,0.9649875325578272,12.41307127810943,11.978459024127252,12.049127551704354,True,None
21562,primer-uds-south,26422,primer-uds-south-grizli-v7.2-f444w-clear_drc_sci.fits,0.0399999999999996,0.4857413696775279,1.8599184440507412,13.554907974494421,25.21102334917265,27.90560742951172,True,None
146953,primer-uds-south,46059,primer-uds-south-grizli-v7.2-f444w-clear_drc_sci.fits,0.0399999999999996,0.47940608823421843,1.8563575786551156,2.8565151758906757,5.302713595308006,5.958445764449904,True,None
25914,primer-uds-south,8790,primer-uds-south-grizli-v7.2-f444w-clear_drc_sci.fits,0.0399999999999996,0.9130241385868618,1.0782807702921056,5.628480363956224,6.069082142420708,6.164656689874307,True,None
31052,primer-uds-south,57860,primer-uds-south-grizli-v7.2-f444w-clear_drc_sci.fits,0.0399999999999996,0.9645261398114672,1.007346701170298,5.735300169771081,5.777435706240348,5.946236118486267,True,None
132311,primer-uds-south,66042,primer-uds-south-grizli-v7.2-f444w-clear_drc_sci.fits,0.0399999999999996,0.4245017946676427,2.13544012323016,5.2898227507705755,11.29609974677122,12.46124943926836,True,None
36291,primer-uds-south,50455,primer-uds-south-grizli-v7.2-f444w-clear_drc_sci.fits,0.0399999999999996,0.5245108942470755,1.7292679229077876,1047.9061128724186,1812.110427209261,1997.8729219278964,True,None
43536,primer-uds-south,35054,primer-uds-south-grizli-v7.2-f444w-clear_drc_sci.fits,0.0399999999999996,0.5198961930280479,1.723212234167729,2.4808028128925974,4.274949757734239,4.771727214318648,True,None
137719,primer-uds-south,64726,primer-uds-south-grizli-v7.2-f444w-clear_drc_sci.fits,0.0399999999999996,0.4019556500021993,2.203504749190095,3.0057830579696514,6.6232572432712535,7.477897270390914,True,None
22889,primer-uds-south,11154,primer-uds-south-grizli-v7.2-f444w-clear_drc_sci.fits,0.0399999999999996,,,,,,False,aperture d020 covers a NaN or non-finite pixel
130924,primer-uds-south,27498,primer-uds-south-grizli-v7.2-f444w-clear_drc_sci.fits,0.0399999999999996,0.6102150913142482,1.5560584571321228,2.20185660767766,3.4262175957690695,3.6083286680691895,True,None
78937,primer-uds-south,42665,primer-uds-south-grizli-v7.2-f444w-clear_drc_sci.fits,0.0399999999999996,0.5018015700137692,1.7952702825973297,107.48524914265992,192.96507360338748,214.19871033825297,True,None
132602,primer-uds-south,48570,primer-uds-south-grizli-v7.2-f444w-clear_drc_sci.fits,0.0399999999999996,0.49021275022334887,1.8408997278600987,4.197950153450902,7.728005295058026,8.563527063582594,True,None
96917,primer-uds-south,63593,primer-uds-south-grizli-v7.2-f444w-clear_drc_sci.fits,0.0399999999999996,0.4288877599172588,2.027991803954357,42.047373263213174,85.27172835560587,98.03817500253439,True,None
25129,primer-uds-south,30218,primer-uds-south-grizli-v7.2-f444w-clear_drc_sci.fits,0.0399999999999996,0.5162866038868205,1.6368775273723157,7.033352655523666,11.51273690391109,13.62296174755196,True,None
148102,primer-uds-south,41699,primer-uds-south-grizli-v7.2-f444w-clear_drc_sci.fits,0.0399999999999996,0.4909060693331979,1.825873631875864,50.407460085137664,92.03765221928795,102.68249515351596,True,None
150651,primer-uds-south,14564,primer-uds-south-grizli-v7.2-f444w-clear_drc_sci.fits,0.0399999999999996,0.5121289265706084,1.7311787497979536,2.981430845136651,5.161389723092723,5.821641173642227,True,None
90106,primer-uds-south,25631,primer-uds-south-grizli-v7.2-f444w-clear_drc_sci.fits,0.0399999999999996,0.6289570207702786,1.5404395190808446,5.700883446263135,8.781866154297532,9.064027044775347,True,None
136835,primer-uds-south,45942,primer-uds-south-grizli-v7.2-f444w-clear_drc_sci.fits,0.0399999999999996,0.6063528949903975,1.6197942474147269,2.198885850911891,3.561742652028718,3.6264127195215483,True,None
120496,primer-uds-south,70527,primer-uds-south-grizli-v7.2-f444w-clear_drc_sci.fits,0.0399999999999996,0.5342830205479153,1.6612037066971568,28.34214095164012,47.08206960459785,53.04705532767039,True,None
29620,primer-uds-south,57843,primer-uds-south-grizli-v7.2-f444w-clear_drc_sci.fits,0.0399999999999996,0.5592919248462732,1.6476089783927232,40.815516317734186,67.24801114283355,72.97712429685575,True,None
138415,primer-uds-south,13319,primer-uds-south-grizli-v7.2-f444w-clear_drc_sci.fits,0.0399999999999996,0.524470376841992,1.6367243549461257,2.1805941667887057,3.5690315810365285,4.157707018495072,True,None
28371,primer-uds-south,36471,primer-uds-south-grizli-v7.2-f444w-clear_drc_sci.fits,0.0399999999999996,0.6050117140931358,1.5903396463089134,2.701169912608221,4.295777603437637,4.464657211897226,True,None
83534,primer-uds-south,51997,primer-uds-south-grizli-v7.2-f444w-clear_drc_sci.fits,0.0399999999999996,0.4976033630264112,1.7832275220956053,10.219153359054204,18.223075522381208,20.536744962697938,True,None
23684,primer-uds-south,76117,primer-uds-south-grizli-v7.2-f444w-clear_drc_sci.fits,0.0399999999999996,0.6237532822524043,1.5077854316591766,6.377225076798675,9.615487065208615,10.223954339398738,True,None
150764,primer-uds-south,10472,primer-uds-south-grizli-v7.2-f444w-clear_drc_sci.fits,0.0399999999999996,0.3773905584036688,2.2727000956105177,55.16948236672603,125.383687849641,146.18670535926609,True,None
53915,primer-uds-south,64267,primer-uds-south-grizli-v7.2-f444w-clear_drc_sci.fits,0.0399999999999996,0.272484539703349,2.838059091672343,16.366781128726327,46.44989198379308,60.06498991298613,True,None
150990,primer-uds-south,9377,primer-uds-south-grizli-v7.2-f444w-clear_drc_sci.fits,0.0399999999999996,0.7732366941338088,1.2154261798712365,5.4502913943363005,6.624426848603245,7.0486714296995405,True,None
84031,primer-uds-south,47912,primer-uds-south-grizli-v7.2-f444w-clear_drc_sci.fits,0.0399999999999996,0.4569597262983496,1.9361998046445656,24.795096885584165,48.00826174601114,54.261011329027745,True,None
74083,primer-uds-south,3941,primer-uds-south-grizli-v7.2-f444w-clear_drc_sci.fits,0.0399999999999996,0.4692427277046782,1.895521378291812,890.8202748314674,1688.5688751588339,1898.4210563879267,True,None
35087,primer-uds-south,21864,primer-uds-south-grizli-v7.2-f444w-clear_drc_sci.fits,0.0399999999999996,0.3630158619883762,2.455806126084568,2.314420860415015,5.683768927345111,6.375536451046656,True,None
141644,primer-uds-south,19486,primer-uds-south-grizli-v7.2-f444w-clear_drc_sci.fits,0.0399999999999996,0.2555051645548545,2.890396642673661,8.203528339381226,23.711450770225728,32.107094013827684,True,None
147236,primer-uds-south,73683,primer-uds-south-grizli-v7.2-f444w-clear_drc_sci.fits,0.0399999999999996,0.5811891031937962,1.5304086797255945,3.498799009787603,5.354592373194263,6.020069871511229,True,None
96814,primer-uds-south,64652,primer-uds-south-grizli-v7.2-f444w-clear_drc_sci.fits,0.0399999999999996,0.5602894906152501,1.6561759570792918,12.421158361904887,20.571623838061274,22.169179629382832,True,None
34464,primer-uds-south,45083,primer-uds-south-grizli-v7.2-f444w-clear_drc_sci.fits,0.0399999999999996,0.6351642706214797,1.6098334302794945,2.2338303519784652,3.5960947781879433,3.5169332648273217,True,None
117318,primer-uds-south,69423,primer-uds-south-grizli-v7.2-f444w-clear_drc_sci.fits,0.0399999999999996,0.36641325194746543,2.1448623002274028,2.6789395317402063,5.74595640621842,7.311251756048113,True,None
31014,primer-uds-south,58131,primer-uds-south-grizli-v7.2-f444w-clear_drc_sci.fits,0.0399999999999996,0.871036133651801,1.083525649585822,5.717846958705778,6.195433840163995,6.564419933687277,True,None
89316,primer-uds-south,37937,primer-uds-south-grizli-v7.2-f444w-clear_drc_sci.fits,0.0399999999999996,0.48323338517377895,1.8394258488485768,91.2806436231482,167.9039753799538,188.8955656288568,True,None
116742,primer-uds-south,48841,primer-uds-south-grizli-v7.2-f444w-clear_drc_sci.fits,0.0399999999999996,0.32947672562223035,2.477214107328345,10.963633654824703,27.159267957311577,33.27589720979359,True,None
15049,primer-uds-south,9842,primer-uds-south-grizli-v7.2-f444w-clear_drc_sci.fits,0.0399999999999996,0.4357666370900672,2.1138294396240305,6.632203934947691,14.01934792728277,15.219623005643047,True,None
18288,primer-uds-south,33173,primer-uds-south-grizli-v7.2-f444w-clear_drc_sci.fits,0.0399999999999996,0.7710425483669623,1.2818238023121715,2.5189044975435824,3.228791740702545,3.266881319167824,True,None
139576,primer-uds-south,42773,primer-uds-south-grizli-v7.2-f444w-clear_drc_sci.fits,0.0399999999999996,0.4146769949782411,2.1015035757058516,37.13619222182155,78.04184074225782,89.55450307478513,True,None
79602,primer-uds-south,28904,primer-uds-south-grizli-v7.2-f444w-clear_drc_sci.fits,0.0399999999999996,0.3825188180437201,2.15449020518343,2.7414755602562995,5.906482242321952,7.166903772935327,True,None
148581,primer-uds-south,38627,primer-uds-south-grizli-v7.2-f444w-clear_drc_sci.fits,0.0399999999999996,0.5829256194517312,1.7912580937316638,1.9855175425183251,3.5565743682821527,3.4061250291002776,True,None
118605,primer-uds-south,49325,primer-uds-south-grizli-v7.2-f444w-clear_drc_sci.fits,0.0399999999999996,0.4760347504409246,1.8715133441086589,82.10736983838147,153.66503830219574,172.48188238848104,True,None
119926,primer-uds-south,68709,primer-uds-south-grizli-v7.2-f444w-clear_drc_sci.fits,0.0399999999999996,0.5802790454325862,1.5897758691384982,3.692594875660672,5.87039822782981,6.3634813366522955,True,None
150844,primer-uds-south,3875,primer-uds-south-grizli-v7.2-f444w-clear_drc_sci.fits,0.0399999999999996,0.568628900683611,1.5356210653191984,3.6404849034835274,5.590405305765834,6.402215749334763,True,None
134427,primer-uds-south,20481,primer-uds-south-grizli-v7.2-f444w-clear_drc_sci.fits,0.0399999999999996,0.5339838230409244,1.7007867044389628,131.84599903627517,224.24192219436912,246.9100997956085,True,None
37442,primer-uds-south,25922,primer-uds-south-grizli-v7.2-f444w-clear_drc_sci.fits,0.0399999999999996,0.4539542157697563,2.003522346157254,3.9816271108211305,7.977278890595681,8.770988290238932,True,None
20825,primer-uds-south,38203,primer-uds-south-grizli-v7.2-f444w-clear_drc_sci.fits,0.0399999999999996,0.48416171216526344,1.8311285991706157,36.02404142380538,65.96465250883698,74.40497775567383,True,None
138675,primer-uds-south,64675,primer-uds-south-grizli-v7.2-f444w-clear_drc_sci.fits,0.0399999999999996,0.6036631102209283,1.5100871547287327,5.07651229842601,7.665976012675553,8.409512213804337,True,None
99694,primer-uds-south,13233,primer-uds-south-grizli-v7.2-f444w-clear_drc_sci.fits,0.0399999999999996,0.43819312788094916,1.9832377723417016,4.376593675329109,8.679825891104482,9.987819061640252,True,None
28539,primer-uds-south,44727,primer-uds-south-grizli-v7.2-f444w-clear_drc_sci.fits,0.0399999999999996,0.7181132210448137,1.2153241102131307,2.7380542978208036,3.3276234032143064,3.8128448517311675,True,None
36081,primer-uds-south,56953,primer-uds-south-grizli-v7.2-f444w-clear_drc_sci.fits,0.0399999999999996,0.7317161400513812,1.0789303960210421,2.2361372347928596,2.4126364322924583,3.0560173712115164,True,None
29320,primer-uds-south,51830,primer-uds-south-grizli-v7.2-f444w-clear_drc_sci.fits,0.0399999999999996,1.0693064035601936,0.9319768971975465,6.09147053597491,5.677109809488172,5.696655809498299,True,None
56285,primer-uds-south,59057,primer-uds-south-grizli-v7.2-f444w-clear_drc_sci.fits,0.0399999999999996,0.5850377946638929,1.6079302990812967,3.2389110345157226,5.207943188426578,5.536242383069443,True,None
18955,primer-uds-south,2966,primer-uds-south-grizli-v7.2-f444w-clear_drc_sci.fits,0.0399999999999996,0.300795727546891,2.6261772821545137,25.007726242719052,65.67472253696803,83.13856864479766,True,None
21206,primer-uds-south,44945,primer-uds-south-grizli-v7.2-f444w-clear_drc_sci.fits,0.0399999999999996,0.44796906665404074,1.8773584689214324,3.3476562945238175,6.28475089556243,7.472963076508938,True,None
16017,primer-uds-south,63932,primer-uds-south-grizli-v7.2-f444w-clear_drc_sci.fits,0.0399999999999996,0.3898864670018218,2.2415244027661734,1.9578207021757148,4.388502880167669,5.0215148969676004,True,None
29540,primer-uds-south,47578,primer-uds-south-grizli-v7.2-f444w-clear_drc_sci.fits,0.0399999999999996,1.0030077766177852,0.9758111512046905,4.1296569137602885,4.0297652670968365,4.117273076073039,True,None
113946,primer-uds-south,68780,primer-uds-south-grizli-v7.2-f444w-clear_drc_sci.fits,0.0399999999999996,0.22643746297756098,3.1288709615125816,6.626008598689529,20.73192589517234,29.261980378865747,True,None
57656,primer-uds-south,63818,primer-uds-south-grizli-v7.2-f444w-clear_drc_sci.fits,0.0399999999999996,0.4139541618353631,2.0986055942882254,4.373045799233165,9.177298378349345,10.564082215876846,True,None
52961,primer-uds-south,47484,primer-uds-south-grizli-v7.2-f444w-clear_drc_sci.fits,0.0399999999999996,0.4424831937885729,1.9222437245909816,2.6973814226772777,5.185024512569691,6.096008753648029,True,None
97722,primer-uds-south,30974,primer-uds-south-grizli-v7.2-f444w-clear_drc_sci.fits,0.0399999999999996,0.4194257594732223,2.0569005132749125,46.405580626883555,95.45166261025713,110.64075007020702,True,None
144408,primer-uds-south,24946,primer-uds-south-grizli-v7.2-f444w-clear_drc_sci.fits,0.0399999999999996,0.18960803737181128,3.619853277713241,1.7757197798284317,6.427845065312183,9.365213650444256,True,None
83339,primer-uds-south,49181,primer-uds-south-grizli-v7.2-f444w-clear_drc_sci.fits,0.0399999999999996,0.4145406981333012,2.094192092061441,27.295690505806903,57.16241920461737,65.8456229478091,True,None
104366,primer-uds-south,16635,primer-uds-south-grizli-v7.2-f444w-clear_drc_sci.fits,0.0399999999999996,0.34125202652520903,2.540584543312146,5.415814135554141,13.759333682240282,15.87042336627432,True,None
77594,primer-uds-south,62727,primer-uds-south-grizli-v7.2-f444w-clear_drc_sci.fits,0.0399999999999996,0.44230988353802425,1.8396118574764133,2.6577056178065535,4.8891467681986125,6.008695977009696,True,None
137692,primer-uds-south,12870,primer-uds-south-grizli-v7.2-f444w-clear_drc_sci.fits,0.0399999999999996,0.5162587043015834,1.7482405087983224,62.79231388969917,109.77606678315165,121.62955000370846,True,None
138443,primer-uds-south,7376,primer-uds-south-grizli-v7.2-f444w-clear_drc_sci.fits,0.0399999999999996,0.4421987778154181,1.8658292139131605,4.4349873265929824,8.274928917291813,10.029397522315694,True,None
38635,primer-uds-south,55922,primer-uds-south-grizli-v7.2-f444w-clear_drc_sci.fits,0.0399999999999996,0.38698047323053625,2.19413997187849,2.5335886201360083,5.559048063736883,6.547070964551411,True,None
79217,primer-uds-south,42592,primer-uds-south-grizli-v7.2-f444w-clear_drc_sci.fits,0.0399999999999996,0.44211080937876396,1.9509286798153234,598.9786998419112,1168.5647241200786,1354.8157772563209,True,None
49977,primer-uds-south,18600,primer-uds-south-grizli-v7.2-f444w-clear_drc_sci.fits,0.0399999999999996,0.4575968643643164,1.867367808101507,1.9712721406512825,3.681090136459551,4.307879476817943,True,None
125423,primer-uds-south,35818,primer-uds-south-grizli-v7.2-f444w-clear_drc_sci.fits,0.0399999999999996,0.555440872836511,1.8224949498088434,1.534794992100528,2.797156122095116,2.763201390388642,True,None
12486,primer-uds-south,23024,primer-uds-south-grizli-v7.2-f444w-clear_drc_sci.fits,0.0399999999999996,0.5386249532493675,1.680069156466989,3.327558739217988,5.5905288040923224,6.177877053678621,True,None
126497,primer-uds-south,9695,primer-uds-south-grizli-v7.2-f444w-clear_drc_sci.fits,0.0399999999999996,1.0219960692218244,0.981669617544867,3.5743732014086738,3.508853573589475,3.4974431987104397,True,None
99537,primer-uds-south,33862,primer-uds-south-grizli-v7.2-f444w-clear_drc_sci.fits,0.0399999999999996,0.39217004590534105,2.1058987060677805,2.7921005212321846,5.879880874874033,7.119616988560416,True,None
69102,primer-uds-south,10278,primer-uds-south-grizli-v7.2-f444w-clear_drc_sci.fits,0.0399999999999996,0.4644276064474558,1.904932898208845,175.26858648860912,333.87489642471377,377.38623642399386,True,None
79361,primer-uds-south,19006,primer-uds-south-grizli-v7.2-f444w-clear_drc_sci.fits,0.0399999999999996,0.5726262564996387,1.6022092051139685,449.77427796987496,720.6324883868225,785.4587051583421,True,None
141758,primer-uds-south,24925,primer-uds-south-grizli-v7.2-f444w-clear_drc_sci.fits,0.0399999999999996,0.44747121551556696,2.010532095782304,4.622880855117756,9.29445033419179,10.331124539019497,True,None
40751,primer-uds-south,49583,primer-uds-south-grizli-v7.2-f444w-clear_drc_sci.fits,0.0399999999999996,0.4256782737123478,2.2177540491118495,1.9991385322932531,4.433597574728882,4.696360269596873,True,None
108861,primer-uds-south,42155,primer-uds-south-grizli-v7.2-f444w-clear_drc_sci.fits,0.0399999999999996,0.4630646406555533,1.891090528228821,325.8372769116541,616.1877881115006,703.6539789571741,True,None
76110,primer-uds-south,26531,primer-uds-south-grizli-v7.2-f444w-clear_drc_sci.fits,0.0399999999999996,0.5759769377647044,1.6463644406185256,2.490682379605914,4.100570902658308,4.32427449139187,True,None
80894,primer-uds-south,55379,primer-uds-south-grizli-v7.2-f444w-clear_drc_sci.fits,0.0399999999999996,0.49401462416279057,1.8127379061842706,130.1506576296914,235.92903060015266,263.4550704855316,True,None
141969,primer-uds-south,22540,primer-uds-south-grizli-v7.2-f444w-clear_drc_sci.fits,0.0399999999999996,0.617906683179522,1.503378647095221,20.19930643617086,30.367205982272342,32.68989798302975,True,None
79159,primer-uds-south,38919,primer-uds-south-grizli-v7.2-f444w-clear_drc_sci.fits,0.0399999999999996,0.3416811380052863,2.40027881958541,1.0318469466980607,2.47672037121323,3.0199119352093016,True,None
137421,primer-uds-south,32818,primer-uds-south-grizli-v7.2-f444w-clear_drc_sci.fits,0.0399999999999996,0.468157036335267,1.8996618058077006,6.053465807788432,11.499537787818543,12.930417227464867,True,None
108770,primer-uds-south,9141,primer-uds-south-grizli-v7.2-f444w-clear_drc_sci.fits,0.0399999999999996,1.0820942142366943,0.9963017171787141,5.76734752237555,5.746018240109162,5.32980164434556,True,None
52575,primer-uds-south,56084,primer-uds-south-grizli-v7.2-f444w-clear_drc_sci.fits,0.0399999999999996,0.5181318943312543,1.760444098141044,1.840614952871317,3.240299730732466,3.5524061981302526,True,None
62550,primer-uds-south,37863,primer-uds-south-grizli-v7.2-f444w-clear_drc_sci.fits,0.0399999999999996,0.5458158245287608,1.6647322078596452,539.660648665753,898.3904631483073,988.7229801951567,True,None
145365,primer-uds-south,55184,primer-uds-south-grizli-v7.2-f444w-clear_drc_sci.fits,0.0399999999999996,0.37056184434947487,2.287048659811538,25.534284442967262,58.39815101453488,68.90694450151219,True,None
140401,primer-uds-south,19865,primer-uds-south-grizli-v7.2-f444w-clear_drc_sci.fits,0.0399999999999996,0.5457922092207864,1.6898108497818474,5.580154657917609,9.429405884409888,10.223954398111056,True,None
27417,primer-uds-south,33435,primer-uds-south-grizli-v7.2-f444w-clear_drc_sci.fits,0.0399999999999996,0.454611312975581,1.9432707871666124,256.3874024732123,498.23014942372237,563.9705725646645,True,None
134203,primer-uds-south,18567,primer-uds-south-grizli-v7.2-f444w-clear_drc_sci.fits,0.0399999999999996,0.527933590231087,1.6668426680489599,2.426339920621003,4.044326906881614,4.595918815392947,True,None
72842,primer-uds-south,20216,primer-uds-south-grizli-v7.2-f444w-clear_drc_sci.fits,0.0399999999999996,1.0660788588341328,0.9951800916263421,2.8655575073378086,2.851745782712993,2.687941406578113,True,None
68446,primer-uds-south,51407,primer-uds-south-grizli-v7.2-f444w-clear_drc_sci.fits,0.0399999999999996,0.5229427755137306,1.7308970048025418,164.63276139725335,284.96235359487736,314.8198409195361,True,None
18044,primer-uds-south,11226,primer-uds-south-grizli-v7.2-f444w-clear_drc_sci.fits,0.0399999999999996,0.3962871459178045,2.1802993818029415,2.7211315534700304,5.932881443835186,6.866565270917041,True,None
19973,primer-uds-south,15448,primer-uds-south-grizli-v7.2-f444w-clear_drc_sci.fits,0.0399999999999996,0.32142070594329825,2.4695648554387,45.06137963829528,111.28199949231505,140.19438948729254,True,None
138255,primer-uds-south,71038,primer-uds-south-grizli-v7.2-f444w-clear_drc_sci.fits,0.0399999999999996,0.4129822467022061,2.0409845546662786,3.1794058180293923,6.489118167614094,7.69865010764495,True,None
133775,primer-uds-south,3386,primer-uds-south-grizli-v7.2-f444w-clear_drc_sci.fits,0.0399999999999996,0.34752023788845127,2.3984019863824684,15.667105195643476,37.5760162220944,45.082569265138396,True,None
31390,primer-uds-south,37211,primer-uds-south-grizli-v7.2-f444w-clear_drc_sci.fits,0.0399999999999996,,,,,,False,aperture d020 covers a NaN or non-finite pixel
69649,primer-uds-south,19666,primer-uds-south-grizli-v7.2-f444w-clear_drc_sci.fits,0.0399999999999996,0.3168430915811239,2.590821134750601,1.6852048616477364,4.366064371941418,5.318736328566153,True,None
55007,primer-uds-south,32579,primer-uds-south-grizli-v7.2-f444w-clear_drc_sci.fits,0.0399999999999996,0.971803588112847,0.9515010504866074,2.1333836710451015,2.029916804090389,2.195282768185633,True,None
104038,primer-uds-south,21241,primer-uds-south-grizli-v7.2-f444w-clear_drc_sci.fits,0.0399999999999996,0.42597568669461533,2.0618538670136264,1.6735007221970537,3.4505139355120917,3.9286296717605786,True,None
22991,primer-uds-south,22602,primer-uds-south-grizli-v7.2-f444w-clear_drc_sci.fits,0.0399999999999996,0.6076380247702485,1.370027726547408,2.1895460237234636,2.9997387610527735,3.6033722947989366,True,None
62028,primer-uds-south,31458,primer-uds-south-grizli-v7.2-f444w-clear_drc_sci.fits,0.0399999999999996,0.47173757088253576,1.8782258410231383,142.4573605025289,267.56709573979873,301.9843431932227,True,None
93227,primer-uds-south,64311,primer-uds-south-grizli-v7.2-f444w-clear_drc_sci.fits,0.0399999999999996,0.5955550889048619,1.5845714955971457,1.9121836989371455,3.029991783681315,3.2107587267088418,True,None
93522,primer-uds-south,72954,primer-uds-south-grizli-v7.2-f444w-clear_drc_sci.fits,0.0399999999999996,0.37941606317724746,2.4080823092805423,1.4316353361204475,3.4474957262525523,3.7732596878789675,True,None
135415,primer-uds-south,7519,primer-uds-south-grizli-v7.2-f444w-clear_drc_sci.fits,0.0399999999999996,0.2412835673664958,3.0691844177433167,8.303824786771301,25.485969643229197,34.41521060635792,True,None
131941,primer-uds-south,30576,primer-uds-south-grizli-v7.2-f444w-clear_drc_sci.fits,0.0399999999999996,0.5936389308678959,1.697348462877211,1.4702892692872989,2.4955932312096545,2.4767399724572416,True,None
54577,primer-uds-south,1853,primer-uds-south-grizli-v7.2-f444w-clear_drc_sci.fits,0.0399999999999996,0.2773746288439112,2.790112100746377,10.326884676781994,28.81316589970178,37.23081927076073,True,None
135600,primer-uds-south,45584,primer-uds-south-grizli-v7.2-f444w-clear_drc_sci.fits,0.0399999999999996,0.5068847340340308,1.7453632778743946,1.3265864285830613,2.3153752373754184,2.617136282691832,True,None
33963,primer-uds-south,27911,primer-uds-south-grizli-v7.2-f444w-clear_drc_sci.fits,0.0399999999999996,0.999570347372224,0.967272130869881,4.269313328149921,4.129587800270757,4.271148438300058,True,None
99149,primer-uds-south,25927,primer-uds-south-grizli-v7.2-f444w-clear_drc_sci.fits,0.0399999999999996,0.36254556274703764,2.290267222229108,15.518833750111403,35.54227626510298,42.805195662922806,True,None
15545,primer-uds-south,10121,primer-uds-south-grizli-v7.2-f444w-clear_drc_sci.fits,0.0399999999999996,0.3961188553875098,2.163762055793165,33.66886744778576,72.85141784504849,84.99688159213889,True,None
109574,primer-uds-south,63416,primer-uds-south-grizli-v7.2-f444w-clear_drc_sci.fits,0.0399999999999996,0.3628764985811831,2.508016902191668,3.1970170108819973,8.018172699886334,8.81020684277452,True,None
107489,primer-uds-south,13938,primer-uds-south-grizli-v7.2-f444w-clear_drc_sci.fits,0.0399999999999996,0.5575125875761197,1.6218806404382833,1.1675690636279423,1.893657660672814,2.0942469993442594,True,None
100385,primer-uds-south,37879,primer-uds-south-grizli-v7.2-f444w-clear_drc_sci.fits,0.0399999999999996,0.5010179457427989,1.7911576665531648,359.0973532677991,643.1999773445685,716.735510811711,True,None
131346,primer-uds-south,4742,primer-uds-south-grizli-v7.2-f444w-clear_drc_sci.fits,0.0399999999999996,,,,,,False,aperture d020 covers a NaN or non-finite pixel
106722,primer-uds-south,63624,primer-uds-south-grizli-v7.2-f444w-clear_drc_sci.fits,0.0399999999999996,0.32684108821087937,2.4493480930190237,6.25821269480693,15.328541329732799,19.14757024297111,True,None
90245,primer-uds-south,20407,primer-uds-south-grizli-v7.2-f444w-clear_drc_sci.fits,0.0399999999999996,0.8520662959295061,1.1043223747223316,3.830404612203973,4.230001517496463,4.495430262296014,True,None
88870,primer-uds-south,39054,primer-uds-south-grizli-v7.2-f444w-clear_drc_sci.fits,0.0399999999999996,0.4498378285905939,1.9418329769381808,1.2716324859270305,2.469297895718985,2.826868718247277,True,None
119055,primer-uds-south,6528,primer-uds-south-grizli-v7.2-f444w-clear_drc_sci.fits,0.0399999999999996,0.34283842087333144,2.4688044685283534,1.965434434236733,4.852273313843143,5.732830145553908,True,None
143089,primer-uds-south,25549,primer-uds-south-grizli-v7.2-f444w-clear_drc_sci.fits,0.0399999999999996,0.629009695798325,1.5634057771875338,1.8777845828255755,2.9357392651031877,2.985303080968145,True,None
84668,primer-uds-south,9194,primer-uds-south-grizli-v7.2-f444w-clear_drc_sci.fits,0.0399999999999996,,,,,,False,aperture d020 covers a NaN or non-finite pixel
145397,primer-uds-south,10307,primer-uds-south-grizli-v7.2-f444w-clear_drc_sci.fits,0.0399999999999996,0.48055194226510217,1.8554167934642178,18.16607555008518,33.70564164696777,37.80252237553885,True,None
149664,primer-uds-south,46655,primer-uds-south-grizli-v7.2-f444w-clear_drc_sci.fits,0.0399999999999996,0.18562479863762052,3.995976958374759,0.9920631277466649,3.964261399728868,5.34445362380371,True,None
90227,primer-uds-south,20668,primer-uds-south-grizli-v7.2-f444w-clear_drc_sci.fits,0.0399999999999996,0.8430079530189006,1.0844550589943158,3.3556501555458804,3.6390517873967925,3.980567613305358,True,None
114579,primer-uds-south,48090,primer-uds-south-grizli-v7.2-f444w-clear_drc_sci.fits,0.0399999999999996,0.20045405364577049,3.7893597691551206,2.029467754862421,7.690383463073224,10.124353775597703,True,None
77342,primer-uds-south,46790,primer-uds-south-grizli-v7.2-f444w-clear_drc_sci.fits,0.0399999999999996,0.40350114702217627,2.1540662934433157,87.5887300265876,188.6719310357788,217.0718241397558,True,None
19626,primer-uds-south,57589,primer-uds-south-grizli-v7.2-f444w-clear_drc_sci.fits,0.0399999999999996,0.6630768342506294,1.3752623117822351,2.080863978325655,2.8617338053365193,3.1381943552247993,True,None
31930,primer-uds-south,23133,primer-uds-south-grizli-v7.2-f444w-clear_drc_sci.fits,0.0399999999999996,0.9059215481636749,1.1581608767834883,3.0904437097813364,3.579230996570369,3.4113811687620648,True,None
101396,primer-uds-south,22863,primer-uds-south-grizli-v7.2-f444w-clear_drc_sci.fits,0.0399999999999996,0.4492232000736741,1.841033122854901,1.6957095280191279,3.1218574078238652,3.774759468658399,True,None
107369,primer-uds-south,42969,primer-uds-south-grizli-v7.2-f444w-clear_drc_sci.fits,0.0399999999999996,0.33892357346849084,2.5096733275879037,5.082967591967918,12.756588190555599,14.997385811643678,True,None
91232,primer-uds-south,24532,primer-uds-south-grizli-v7.2-f444w-clear_drc_sci.fits,0.0399999999999996,0.3628139360048733,2.2680432692665566,43.91532263075457,99.60185191035218,121.0408925145717,True,None
137511,primer-uds-south,32817,primer-uds-south-grizli-v7.2-f444w-clear_drc_sci.fits,0.0399999999999996,0.5119596081059845,1.7372409779313807,4.304813710421308,7.4784987801047285,8.408502628453721,True,None
129302,primer-uds-south,41652,primer-uds-south-grizli-v7.2-f444w-clear_drc_sci.fits,0.0399999999999996,0.42389124592137783,2.0882202877262195,6.991859344239913,14.600542531569927,16.494465057994482,True,None
114106,primer-uds-south,15714,primer-uds-south-grizli-v7.2-f444w-clear_drc_sci.fits,0.0399999999999996,0.2618815027188249,2.918441726479694,22.172913625589025,64.71035632254916,84.66773481667198,True,None
145576,primer-uds-south,10345,primer-uds-south-grizli-v7.2-f444w-clear_drc_sci.fits,0.0399999999999996,0.19592682078395615,5.788189750890182,0.04011979346314572,0.23222097733121097,0.20476927713426668,True,None
90038,primer-uds-south,63147,primer-uds-south-grizli-v7.2-f444w-clear_drc_sci.fits,0.0399999999999996,0.3467031139955386,2.592833746684536,3.278220158938041,8.499879857156097,9.455410195652945,True,None
23736,primer-uds-south,20118,primer-uds-south-grizli-v7.2-f444w-clear_drc_sci.fits,0.0399999999999996,0.9980601097768074,1.018981706821353,3.879298948992216,3.952934664314369,3.8868389899479396,True,None
81974,primer-uds-south,45528,primer-uds-south-grizli-v7.2-f444w-clear_drc_sci.fits,0.0399999999999996,0.48229811076326873,1.8561546026409377,168.38623327977035,312.5508819236164,349.13309739755766,True,None
54424,primer-uds-south,20784,primer-uds-south-grizli-v7.2-f444w-clear_drc_sci.fits,0.0399999999999996,0.36824585315535674,2.3136702083259513,15.903947800022458,36.796490219683015,43.18839618626431,True,None
69516,primer-uds-south,24733,primer-uds-south-grizli-v7.2-f444w-clear_drc_sci.fits,0.0399999999999996,0.37206823850190135,2.322367707480827,1.54410110005755,3.5859705318592754,4.15004813706951,True,None
134604,primer-uds-south,31215,primer-uds-south-grizli-v7.2-f444w-clear_drc_sci.fits,0.0399999999999996,0.5147160077882625,1.758362591863267,126.07576766011934,221.6869135939985,244.94238716582296,True,None
116101,primer-uds-south,8519,primer-uds-south-grizli-v7.2-f444w-clear_drc_sci.fits,0.0399999999999996,,,1.809188893638727,5.094801076731314,,False,aperture d050 covers a NaN or non-finite pixel
13855,primer-uds-south,61632,primer-uds-south-grizli-v7.2-f444w-clear_drc_sci.fits,0.0399999999999996,0.344225908514911,2.520673502704798,1.363420800622195,3.4367386851649284,3.960831439168487,True,None
103656,primer-uds-south,7262,primer-uds-south-grizli-v7.2-f444w-clear_drc_sci.fits,0.0399999999999996,0.16361416625222586,4.391886427568205,0.8003620371702533,3.515099168188875,4.891764909503152,True,None
74166,primer-uds-south,74868,primer-uds-south-grizli-v7.2-f444w-clear_drc_sci.fits,0.0399999999999996,0.43734369743696816,2.049255760405254,6.937972899098474,14.217680929013088,15.863891350802888,True,None
46460,primer-uds-south,27928,primer-uds-south-grizli-v7.2-f444w-clear_drc_sci.fits,0.0399999999999996,1.1286814044030353,0.8738237311946935,2.714149249841806,2.371688024516045,2.4047080418387257,True,None
99606,primer-uds-south,1627,primer-uds-south-grizli-v7.2-f444w-clear_drc_sci.fits,0.0399999999999996,0.23574219762078766,3.0098166859626567,38.149118961575255,114.82185480532358,161.82558467085096,True,None
129773,primer-uds-south,54370,primer-uds-south-grizli-v7.2-f444w-clear_drc_sci.fits,0.0399999999999996,0.5352123041664921,1.6556249624706503,2.2449821261475402,3.716848448350302,4.194563743529294,True,None
7881,primer-uds-south,61263,primer-uds-south-grizli-v7.2-f444w-clear_drc_sci.fits,0.0399999999999996,0.2950016280523464,2.607433966971957,4.701759421737923,12.259527220769888,15.93807957189857,True,None
11815,primer-uds-south,34948,primer-uds-south-grizli-v7.2-f444w-clear_drc_sci.fits,0.0399999999999996,0.8287802508464268,1.3225178445342165,2.2114138144841644,2.9246342313047866,2.6682752300451957,True,None
81883,primer-uds-south,50216,primer-uds-south-grizli-v7.2-f444w-clear_drc_sci.fits,0.0399999999999996,0.3677873498435363,2.265147550697023,12.84676498702249,29.099818244734266,34.92987181991917,True,None
89803,primer-uds-south,29607,primer-uds-south-grizli-v7.2-f444w-clear_drc_sci.fits,0.0399999999999996,0.4266027836630881,2.0830652728097636,2.0724806343080435,4.317112437897837,4.858103870097567,True,None
46694,primer-uds-south,20572,primer-uds-south-grizli-v7.2-f444w-clear_drc_sci.fits,0.0399999999999996,0.2575700931755067,2.921580324679528,23.66861766884336,69.14976769365501,91.89194823451692,True,None
47453,primer-uds-south,28516,primer-uds-south-grizli-v7.2-f444w-clear_drc_sci.fits,0.0399999999999996,0.3735647592151623,2.3495540748580717,1.1163303959474804,2.622878630686327,2.9883182725608948,True,None
