tree
version=v4
num_class=1
num_tree_per_iteration=1
label_index=0
max_feature_idx=29
objective=binary sigmoid:1
feature_names=Column_0 Column_1 Column_2 Column_3 Column_4 Column_5 Column_6 Column_7 Column_8 Column_9 Column_10 Column_11 Column_12 Column_13 Column_14 Column_15 Column_16 Column_17 Column_18 Column_19 Column_20 Column_21 Column_22 Column_23 Column_24 Column_25 Column_26 Column_27 Column_28 Column_29
feature_infos=[-4.6352171897888184:8.8099079132080078] [-5.0493736267089844:9.1962594985961914] [-5.3297033309936523:8.809971809387207] [-5.52001953125:11.453814506530762] [-5.1319494247436523:17.672292709350586] [-4.9410691261291504:9.7064008712768555] [-4.6181282997131348:8.0463638305664062] [-2.9138138294219971:8.1577081680297852] [-3.0673067569732666:8.3670225143432617] [-2.8052177429199219:8.5793218612670898] [-3.224522590637207:8.7052936553955078] [-9.7001276016235352:8.5586938858032227] [-1.2702915668487549:8.3155431747436523] [-1.7980664968490601:8.1245212554931641] [-4.6340794563293457:5.8924107551574707] [-5.1695089340209961:6.7352347373962402] [-10.663614273071289:7.1673679351806641] [-13.405593872070312:5.5486316680908203] [-3.093209981918335:12.768447875976562] [-5.2816762924194336:6.6505193710327148] [-10.828666687011719:6.4521923065185547] [-4.2930569648742676:4.2495932579040527] [-3.2974212169647217:13.19307804107666] [-19.253122329711914:26.217466354370117] [-79.461807250976562:38.238224029541016] [-62.643627166748047:40.248695373535156] [-2.397939920425415:0.75535547733306885] [-1.2905910015106201:1.8538972139358521] [1:7] [0:7]
tree_sizes=887 893 855 865 893 862 870 891 873 895 890 769 885 872 851 866 863 873 872 877 869 858 896 881 864 858 880 892 873 851 878 875 879 882 857 868 855 880 854 861 873 878 878 880 857 877 859 881 861 875 873 879 900 878 877 888 859 855 858 884 877 878 892 855 881 869 897 858 904 858 876 775 897 880 857 855 873 849 886 857 856 904 904 784 792 844 850 895 852 812 885 883 881 862 791 880 884 900 855 880 840 866 863 878 887 879 870 885 883 878 879 863 862 803 903 897 852 905 905 780 758 893 905 909 859 886 885 832 763 876 886 780 881 754 897 907 772 765 883 876 794 912 750 864 878 879 887 787 889 853 886 849 890 866 900 874 861 886 881 887 869 857 871 848 910 884 850 883 885 806 876 877 835 882 885 861 844 908 885 751 884 879 887 865 780 875 868 775 867 765 858 871 857 852 873 849 890 863 878 879 889 874 876 768 761 887 877 883 846 876 848 754 846 844 853 866 910 843 886 879 867 747 896 855 883 849 747 899 893 767 846 895 874 874 886 845 880 763 903 789 886 769 780 862 865 876 877 883 846 862 787 793 842 905 788 885 914 868 847 868 880 772 887 911 879 845 872 886 885 866 740 907 866 880 867 790 763 875 773 886 833 897 894 895 756 887 874 865 871 906 894 775 824 863 872 887 883 918 841 878 882 860 838 864 828 854 879 882 785 874 870 853 849 779 874 870 856 879 896 783 871 890 768 849 866 902 859 834 749 766 770 753 863 765 872 870 875 882 853 874 894 883 747 770 855 857 838 874 853 853

Tree=0
num_leaves=7
num_cat=0
split_feature=22 17 6 26 24 18
split_gain=126.769 19.4881 15.3347 5.07476 1.39791 0.915794
threshold=0.20126960426568988 0.81933456659317028 3.729690790176392 -0.79666882753372181 0.46394984424114233 0.46605642139911657
decision_type=2 2 2 2 2 2
left_child=1 5 3 -2 -3 -1
right_child=2 4 -4 -5 -6 -7
leaf_value=-0.13492352386745676 -0.054120285112975383 -0.079858601810923108 -0.10696758794638582 -0.096377541754526175 -0.098948244886737993 -0.095310194858114469
leaf_weight=28.262043562484909 24.886084208963442 2.6352489353157575 1.7892204029485572 1.3199064102955187 0.5543361511081456 0.63137535494752128
leaf_count=4894 398 42 358 352 195 185
internal_value=-0.0966335 -0.128344 -0.0609835 -0.0562789 -0.084135 -0.134337
internal_weight=60.0782 32.083 27.9952 26.206 3.18959 28.8934
internal_count=6424 5316 1108 750 237 5079
is_linear=0
shrinkage=1


Tree=1
num_leaves=7
num_cat=0
split_feature=22 13 17 3 21 21
split_gain=142.686 15.5287 10.3896 4.29974 1.97775 0.777977
threshold=0.20126960426568988 2.9656887054443364 0.89788568019866954 1.1080801486968996 0.97451570630073558 1.3406988978385928
decision_type=2 2 2 2 2 2
left_child=2 5 4 -3 -1 -2
right_child=1 3 -4 -5 -6 -7
leaf_value=-0.038273331786471965 -0.012310076807582292 -0.0016253786200017149 0.0060797762053569617 0.041287307686995171 0.00079427705122928766 0.002146693514580536
leaf_weight=28.841430424479775 1.924738745670765 0.84687128680525603 2.0966363204643121 29.610429550055414 0.30456741584930469 0.65901054069399823
leaf_count=5160 352 206 182 581 44 28
internal_value=0.00142179 0.0352283 -0.034086 0.0398569 -0.0376255 -0.00881436
internal_weight=64.2837 33.0411 31.2426 30.4573 29.146 2.58375
internal_count=6553 1167 5386 787 5204 380
is_linear=0
shrinkage=0.025


Tree=2
num_leaves=7
num_cat=0
split_feature=22 13 21 2 26 19
split_gain=123.194 14.832 8.23719 4.01853 1.49817 1.18593
threshold=0.19366031140089038 2.6078799962997441 0.34953434765338903 1.6018484234809878 -1.0014895200729368 0.63525846600532543
decision_type=2 2 2 2 2 2
left_child=2 -2 5 -3 -4 -1
right_child=1 3 4 -5 -6 -7
leaf_value=-0.03761690529562825 -0.011616662560324231 -0.0016647636611895175 0.0085446199488344501 0.039277201500455106 -0.0077018047132701691 0
leaf_weight=26.064414907712496 1.8066072997753533 0.85108921676874416 1.7967272913665508 27.265267615148332 2.4197838559630318 0.53566504502668877
leaf_count=4341 305 164 144 657 739 73
internal_value=0 0.0333872 -0.0326014 0.0377849 0 -0.0369809
internal_weight=60.7396 29.923 30.8166 28.1164 4.21651 26.6001
internal_count=6423 1126 5297 821 883 4414
is_linear=0
shrinkage=0.025


Tree=3
num_leaves=7
num_cat=0
split_feature=21 19 13 26 23 21
split_gain=123.16 16.7181 12.0259 5.19366 1.17621 0.851245
threshold=0.39664071798324591 0.63525846600532543 3.0545879602432255 -0.79666882753372181 -5.2489225864410392 -0.15824733674526212
decision_type=2 2 2 2 2 2
left_child=1 4 -2 -4 -1 -3
right_child=2 5 3 -5 -6 -7
leaf_value=0 -0.007360514193575092 -0.0022521163740182922 0.039411015939933618 -0.0015308074902629903 -0.038327134292838121 0.0136938862773349
leaf_weight=0.56907155667432263 2.3284825173905146 0.39369084069039706 26.688915114558775 1.363453496480356 27.958087369333953 2.3567632766789748
leaf_count=89 516 106 476 443 4800 60
internal_value=0 -0.0324096 0.0331453 0.0373014 -0.0377109 0.0106246
internal_weight=61.6585 31.2776 30.3809 28.0524 28.5272 2.75045
internal_count=6490 5055 1435 919 4889 166
is_linear=0
shrinkage=0.025


Tree=4
num_leaves=7
num_cat=0
split_feature=21 24 12 26 23 2
split_gain=109.198 14.8873 6.33479 4.43 1.78866 0.254298
threshold=0.48390401899814611 -4.0427021980285636 2.8753541707992558 -0.79666882753372181 -7.3203673362731925 3.6904350519180302
decision_type=2 2 2 2 2 2
left_child=1 -1 5 -4 -3 -2
right_child=2 4 3 -5 -6 -7
leaf_value=0.011293569757225799 0.0011743811714508626 0.00063000332606089299 0.037061890927107342 -0.0012874075707761069 -0.036522684630953733 -0.0069074544138210793
leaf_weight=2.2123017055564587 0.25437614665134134 0.32059784507146361 23.560735875042159 1.3298315622960206 29.012960471096449 1.0198143851594066
leaf_count=91 7 34 556 397 5096 209
internal_value=-0.00207278 -0.0313289 0.0323668 0.0349313 -0.035902 -0.00464776
internal_weight=57.7106 31.5459 26.1648 24.8906 29.3336 1.27419
internal_count=6390 5221 1169 953 5130 216
is_linear=0
shrinkage=0.025


Tree=5
num_leaves=7
num_cat=0
split_feature=24 6 27 27 19 13
split_gain=101.821 13.4447 7.77874 4.74097 3.20849 1.85062
threshold=-1.0955564379692075 3.9453105926513676 0.069307375699281706 0.22295057028532031 0.55604141950607311 3.5657657384872441
decision_type=2 2 2 2 2 2
left_child=1 3 5 -1 -4 -2
right_child=2 -3 4 -5 -6 -7
leaf_value=0.03795447215909678 -0.0077332500616661944 -0.011294300763127714 -0.034047582648844735 0 0.002133684245743304 0.010498834811857621
leaf_weight=25.208149524696644 1.8771481764852098 1.8103446992463421 27.296872588456612 2.0645840690121977 0.67392022971762244 1.9506057848338967
leaf_count=356 348 370 4765 512 51 33
internal_value=0 0.0311251 -0.0288458 0.0354482 -0.0327949 0.00153386
internal_weight=60.8816 29.0831 31.7985 27.2727 27.9708 3.82775
internal_count=6435 1238 5197 868 4816 381
is_linear=0
shrinkage=0.025


Tree=6
num_leaves=7
num_cat=0
split_feature=21 24 6 1 17 5
split_gain=112.105 15.7577 7.04218 2.23858 1.8242 0.312615
threshold=0.50365391373634349 -4.0427021980285636 3.729690790176392 1.7377073764801028 0.57042068243026745 4.0180926322937021
decision_type=2 2 2 2 2 2
left_child=1 -1 3 -2 -3 -4
right_child=2 4 5 -5 -6 -7
leaf_value=0.012340828173468325 -0.0014384084701451749 -0.035391103603154887 0.0015717458597662268 0.03672784988622587 0 -0.006818884729387218
leaf_weight=2.4403419711161396 0.28819966380252182 28.771113736846022 0.72566333407303218 27.116212689492386 1.2159906604792912 1.0207014957559293
leaf_count=83 89 4952 135 699 325 213
internal_value=0.000382261 -0.0294422 0.0331954 0.0359736 -0.0342988 -0.00382505
internal_weight=61.5782 32.4274 29.1508 27.4044 29.9871 1.74636
internal_count=6496 5360 1136 788 5277 348
is_linear=0
shrinkage=0.025


Tree=7
num_leaves=7
num_cat=0
split_feature=24 17 6 24 26 27
split_gain=92.0672 21.6253 8.29205 4.25445 0.563599 0.221765
threshold=-1.68938672542572 0.52133619785308849 4.1052079200744638 0.44895228743553167 -0.84885382652282704 0.71688804030418407
decision_type=2 2 2 2 2 2
left_child=2 5 4 -3 -1 -2
right_child=1 3 -4 -5 -6 -7
leaf_value=0.03585357781695863 -0.035754475933284145 0.018323202023849523 -0.0076059631805173045 -0.0092084630179980875 0.0025500055531494717 -0.0014233715501616622
leaf_weight=22.585948684602048 26.181601935124494 4.3824681824771679 1.1766035841428664 1.4627895432640796 1.54956396436319 0.929061806993558
leaf_count=333 4705 172 227 578 305 83
internal_value=-0.000824101 -0.0267986 0.0316302 0.0097881 0.0347345 -0.0351774
internal_weight=58.268 32.9559 25.3121 5.84526 24.1355 27.1107
internal_count=6403 5538 865 750 638 4788
is_linear=0
shrinkage=0.025


Tree=8
num_leaves=7
num_cat=0
split_feature=21 24 26 13 20 24
split_gain=97.0461 10.1916 9.34121 5.17034 1.87687 1.52974
threshold=0.4060713946819306 -4.7863144874572745 -0.88252601027488697 2.2150264978408818 1.55928111076355 -4.4859073162078849
decision_type=2 2 2 2 2 2
left_child=1 -1 3 -2 -3 -4
right_child=2 4 5 -5 -6 -7
leaf_value=0.0091761526742943512 -0.0045789160277591688 -0.0346651739985291 0.0058932881140514688 0.035756883214702009 0 -0.011552844700334793
leaf_weight=1.5694908570149007 0.70813640486449614 27.106854387267962 1.1236501363455347 24.641122771194205 1.1878071511746373 1.8287336893845312
leaf_count=45 172 4821 79 461 136 668
internal_value=-0.000927098 -0.0301024 0.0295686 0.0338554 -0.0335197 -0.00459647
internal_weight=58.1658 29.8642 28.3016 25.3493 28.2947 2.95238
internal_count=6382 5002 1380 633 4957 747
is_linear=0
shrinkage=0.025


Tree=9
num_leaves=7
num_cat=0
split_feature=21 19 13 23 3 13
split_gain=94.8494 13.917 8.82147 2.97542 2.90625 0.878855
threshold=0.39664071798324591 0.63525846600532543 3.0545879602432255 -5.2489225864410392 1.5049441456794741 2.9656887054443364
decision_type=2 2 2 2 2 2
left_child=1 3 -2 -1 -4 -3
right_child=2 5 4 -5 -6 -7
leaf_value=0.0011711583457872539 -0.0051306062576150641 -0.0024343154228171054 -0.00021447916071404196 -0.034932430429194306 0.034793441253484825 0.013385200684445264
leaf_weight=0.81254853290739149 2.5328083779895705 0.43809574638726134 1.1221588012413146 27.139096167578828 25.526701103197411 2.2930397185846232
leaf_count=90 517 110 270 4768 632 51
internal_value=-0.000144001 -0.0287326 0.0295383 -0.0336748 0.0333208 0.010106
internal_weight=59.8644 30.6828 29.1817 27.9516 26.6489 2.73114
internal_count=6438 5019 1419 4858 902 161
is_linear=0
shrinkage=0.025


Tree=10
num_leaves=7
num_cat=0
split_feature=21 19 6 2 23 5
split_gain=92.4956 13.5554 8.77353 3.67894 2.94858 0.807399
threshold=0.39664071798324591 0.63525846600532543 3.729690790176392 1.6018484234809878 -5.2489225864410392 4.7705070972442636
decision_type=2 2 2 2 2 2
left_child=1 4 3 -2 -1 -3
right_child=2 5 -4 -5 -6 -7
leaf_value=0.0013055113142098527 -0.0033367143646485208 0.013174209587112818 -0.0061801666653869842 0.034082320102478247 -0.034351314619950495 -0.0022099316768492603
leaf_weight=0.79313464718871429 0.52555248985300451 2.302762547100428 2.1599892262020139 27.195271009870339 26.68212677113479 0.40741920360596839
leaf_count=94 176 67 460 764 4818 99
internal_value=0.000393458 -0.0281438 0.0293027 0.0327804 -0.033087 0.0101175
internal_weight=60.0663 30.1854 29.8808 27.7208 27.4753 2.71018
internal_count=6478 5078 1400 940 4912 166
is_linear=0
shrinkage=0.025


Tree=11
num_leaves=6
num_cat=0
split_feature=22 17 6 27 22
split_gain=86.9678 14.6837 9.72218 2.49479 2.09529
threshold=0.22517549991607669 0.57042068243026745 4.1052079200744638 0.3138663917779923 -0.099495999515056596
decision_type=2 2 2 2 2
left_child=1 -1 3 -2 -3
right_child=2 4 -4 -5 -6
leaf_value=-0.033796443493713919 0.033957304212950012 -0.0058829750807710387 -0.0092633258260295739 0 0.013956404048922268
leaf_weight=25.903063135221604 25.208036364521838 1.5007089031278154 1.5238901440752659 1.4761547849047918 3.02195360319456
leaf_count=4816 465 490 265 312 118
internal_value=-6.86284e-05 -0.027401 0.0289111 0.0324062 0.00708459
internal_weight=58.6338 30.4257 28.2081 26.6842 4.52266
internal_count=6466 5424 1042 777 608
is_linear=0
shrinkage=0.025


Tree=12
num_leaves=7
num_cat=0
split_feature=21 19 13 2 23 13
split_gain=82.9351 12.4916 10.8272 3.17442 2.56292 0.761748
threshold=0.4060713946819306 0.63525846600532543 3.0545879602432255 1.6018484234809878 -5.2489225864410392 2.9656887054443364
decision_type=2 2 2 2 2 2
left_child=1 4 -2 -4 -1 -3
right_child=2 5 3 -5 -6 -7
leaf_value=0.0008375431171602567 -0.0091955705186228288 -0.0021288364781132441 -0.0028870297847596775 0.033210887462005456 -0.032744146860164476 0.012791626344229463
leaf_weight=0.85263749107253417 2.0995943311718319 0.40038150345208068 0.47046899108682083 26.301624879764859 26.782951641594991 2.3003753726370633
leaf_count=99 500 107 166 706 4837 58
internal_value=0 -0.0268185 0.0279282 0.0320253 -0.031547 0.00982204
internal_weight=59.208 30.3363 28.8717 26.7721 27.6356 2.70076
internal_count=6473 5101 1372 872 4936 165
is_linear=0
shrinkage=0.025


Tree=13
num_leaves=7
num_cat=0
split_feature=21 19 6 26 20 12
split_gain=82.8892 10.5981 8.00112 4.41843 1.87995 0.66377
threshold=0.39664071798324591 0.63525846600532543 3.729690790176392 -0.79666882753372181 1.55928111076355 2.4570688009262089
decision_type=2 2 2 2 2 2
left_child=1 4 3 -2 -1 -3
right_child=2 5 -4 -5 -6 -7
leaf_value=-0.03214103937142767 0.033182403321793522 -0.0020903873255569421 -0.0059841179942460394 -0.0021225865071879953 0 0.01152024397977653
leaf_weight=25.955473366600934 26.412739220424562 0.39882414316525627 2.1390236128354436 1.4079350341344241 1.1158803733997036 2.0560093935346231
leaf_count=4726 500 106 469 463 120 64
internal_value=0.000672134 -0.0267604 0.0278472 0.0311541 -0.0309914 0.00855168
internal_weight=59.4859 29.5262 29.9597 27.8207 27.0714 2.45483
internal_count=6448 5016 1432 963 4846 170
is_linear=0
shrinkage=0.025


Tree=14
num_leaves=7
num_cat=0
split_feature=21 22 6 26 23 27
split_gain=81.1034 10.2405 9.25717 3.04431 0.951982 0.279945
threshold=0.39664071798324591 0.92583569884300243 3.3629397153854375 -0.79666882753372181 -5.2489225864410392 0.066443882882595076
decision_type=2 2 2 2 2 2
left_child=1 4 3 -2 -1 -4
right_child=2 -3 5 -5 -6 -7
leaf_value=0 0.032557328090934839 0.0094117871696875813 0.00013350095968997299 0 -0.031925327710760849 -0.0093870621928055838
leaf_weight=0.54944941023132443 25.519632490759257 1.8720030976692204 0.8265925408340985 1.5872904491261568 26.414103495830204 1.4822987427469341
leaf_count=89 428 46 98 433 4918 444
internal_value=0 -0.0275233 0.0269833 0.0307947 -0.0313543 -0.00736389
internal_weight=58.2514 28.8356 29.4158 27.1069 26.9636 2.30889
internal_count=6456 5053 1403 861 5007 542
is_linear=0
shrinkage=0.025


Tree=15
num_leaves=7
num_cat=0
split_feature=22 13 21 26 26 19
split_gain=79.1342 9.48687 5.73924 2.17574 1.50153 1.04992
threshold=0.19366031140089038 2.9656887054443364 0.34953434765338903 -0.84885382652282704 -1.0014895200729368 0.63525846600532543
decision_type=2 2 2 2 2 2
left_child=2 -2 5 -3 -4 -1
right_child=1 3 4 -5 -6 -7
leaf_value=-0.030733383065792909 -0.0070870537466794841 0.032920588971837896 0.0084224420383216467 0.00025560737663618473 -0.007705917335873543 0
leaf_weight=23.86613515357022 2.4281067030387957 25.860015186306562 2.0053490147111006 1.8155698396731121 2.4352066856226875 0.4741643316228864
leaf_count=4323 375 363 130 400 736 60
internal_value=0.00120379 0.0274908 -0.0261058 0.031336 0 -0.030115
internal_weight=58.8845 30.1037 28.7809 27.6756 4.44056 24.3403
internal_count=6387 1138 5249 763 866 4383
is_linear=0
shrinkage=0.025


Tree=16
num_leaves=7
num_cat=0
split_feature=22 6 26 19 18 8
split_gain=75.2402 11.4308 7.54451 2.91633 1.03968 0.761634
threshold=0.12460880354046823 4.1052079200744638 -0.91638487577438343 0.24461427330970767 0.54206931591033947 3.455718040466309
decision_type=2 2 2 2 2 2
left_child=3 2 -2 4 -1 -5
right_child=1 -3 -4 5 -6 -7
leaf_value=-0.030202586717819876 0.032863902228890983 -0.011428684667579243 -0.0020465180887535568 -0.006214945060562479 0 0.0062728605432899572
leaf_weight=24.334937465668197 26.1529840361327 2.0958424470736636 3.3959895105799651 1.1071349317790002 0.42309942963765834 1.1025921533000653
leaf_count=4658 338 336 702 250 86 43
internal_value=0.000403205 0.0249157 0.0289553 -0.0275631 -0.0296208 0
internal_weight=58.6126 31.6448 29.549 26.9678 24.758 2.20973
internal_count=6413 1376 1040 5037 4744 293
is_linear=0
shrinkage=0.025


Tree=17
num_leaves=7
num_cat=0
split_feature=21 19 13 23 3 6
split_gain=71.4639 13.6627 6.00296 2.03713 1.58727 1.06691
threshold=0.50365391373634349 0.55604141950607311 3.0970115661621098 -5.2489225864410392 1.1080801486968996 3.2038887739181523
decision_type=2 2 2 2 2 2
left_child=1 3 -2 -1 -4 -3
right_child=2 5 4 -5 -6 -7
leaf_value=0 -0.0045475928287512174 0.014013968617210496 -0.00018157194093740598 -0.031649799528640825 0.03086964178846335 -0.0029059960731557793
leaf_weight=0.97924814571161434 1.8261175595689589 2.7582833043416026 0.59341197123285638 25.592507703229785 23.896128994820174 0.5143424937268718
leaf_count=120 398 64 150 4951 562 146
internal_value=-0.000270867 -0.0249759 0.0270617 -0.030501 0.0300021 0.0104501
internal_weight=56.16 29.8444 26.3157 26.5718 24.4895 3.27263
internal_count=6391 5281 1110 5071 712 210
is_linear=0
shrinkage=0.025


Tree=18
num_leaves=7
num_cat=0
split_feature=21 19 13 2 16 21
split_gain=67.4012 10.7721 8.76113 3.31095 0.907413 0.617104
threshold=0.39664071798324591 0.63525846600532543 3.0545879602432255 1.6018484234809878 1.2291723489761355 1.8595926761627199
decision_type=2 2 2 2 2 2
left_child=1 4 5 -4 -1 -2
right_child=2 -3 3 -5 -6 -7
leaf_value=-0.030189365337002672 -0.01057379541141803 0.0090385501328684413 -0.0034715642848346796 0.030580102218660185 0 0.0019848626509432424
leaf_weight=24.708884705032695 1.7556697789696074 2.6877285858499809 0.53563145658700051 25.821263425867073 0.56384377967333321 0.66639548324747
leaf_count=4750 502 160 177 729 85 23
internal_value=0.000494309 -0.0248812 0.0253668 0.0292456 -0.029592 -0.00726699
internal_weight=56.7394 27.9605 28.779 26.3569 25.2727 2.42207
internal_count=6426 4995 1431 906 4835 525
is_linear=0
shrinkage=0.025


Tree=19
num_leaves=7
num_cat=0
split_feature=21 24 6 26 23 8
split_gain=66.9431 13.1181 6.30296 3.40951 1.33146 0.162469
threshold=0.48390401899814611 -4.0427021980285636 3.729690790176392 -0.88385179638862599 -7.3203673362731925 -0.79248350858688343
decision_type=2 2 2 2 2 2
left_child=1 -1 3 -2 -3 -4
right_child=2 4 5 -5 -6 -7
leaf_value=0.011700116817435158 0.030889164762462597 0.00042292828514197144 0 -8.2946639806222083e-05 -0.030573855768817767 -0.0075103398522532007
leaf_weight=2.597932574106383 22.819704180816192 0.34482899925206112 0.3898737985873596 1.949583177804018 26.164049745944794 1.1859937707777122
leaf_count=89 283 38 18 527 5155 346
internal_value=-0.000611722 -0.0248967 0.0257111 0.0286369 -0.0299692 -0.00613345
internal_weight=55.452 29.1068 26.3452 24.7693 26.5089 1.57587
internal_count=6456 5282 1174 810 5193 364
is_linear=0
shrinkage=0.025


Tree=20
num_leaves=7
num_cat=0
split_feature=22 13 17 2 22 27
split_gain=66.1449 9.71607 4.60846 4.00709 1.00567 0.744357
threshold=0.12460880354046823 2.9656887054443364 0.52133619785308849 1.6018484234809878 -0.099495999515056596 0.71688804030418407
decision_type=2 2 2 2 2 2
left_child=2 -2 5 -3 -4 -1
right_child=1 3 4 -5 -6 -7
leaf_value=-0.029840760884567299 -0.0082038203401516314 -0.0031110268681748482 -0.0064900014726661237 0.03004855088422545 0.0071606479123754729 0
leaf_weight=22.244802011293366 2.7824493361404192 1.1410104884998897 1.6708999929251152 26.494901746220421 1.7785187699482765 0.76669649197719891
leaf_count=4334 442 224 571 686 114 67
internal_value=0.000541321 0.024025 -0.0257837 0.0282211 0 -0.029146
internal_weight=56.8793 30.4184 26.4609 27.6359 3.44942 23.0115
internal_count=6438 1352 5086 910 685 4401
is_linear=0
shrinkage=0.025


Tree=21
num_leaves=7
num_cat=0
split_feature=22 17 13 26 24 27
split_gain=62.5464 8.20246 7.90078 2.55707 2.18007 0.805017
threshold=0.19366031140089038 0.52133619785308849 2.9656887054443364 -0.79666882753372181 0.44895228743553167 0.71688804030418407
decision_type=2 2 2 2 2 2
left_child=1 5 -2 -4 -3 -1
right_child=2 4 3 -5 -6 -7
leaf_value=-0.029714136199480479 -0.0065911418335108931 0.011725256458659074 0.030132368723155945 0 -0.0080681208681597782 0
leaf_weight=22.620882753632038 2.4015823338413638 2.7670688949292517 24.12098068342312 1.5611990019096946 1.3871296618599442 0.73623245750786637
leaf_count=4530 384 133 420 350 565 69
internal_value=0.000467586 -0.0240973 0.0247257 0.0284547 0.00363645 -0.0290218
internal_weight=55.5951 27.5113 28.0838 25.6822 4.1542 23.3571
internal_count=6451 5297 1154 770 698 4599
is_linear=0
shrinkage=0.025


Tree=22
num_leaves=7
num_cat=0
split_feature=21 24 13 13 27 27
split_gain=67.8836 11.9396 5.44909 1.1788 0.621092 0.215316
threshold=0.48390401899814611 -4.0427021980285636 3.0545879602432255 7.0063333511352548 0.3138663917779923 0.10073839128017427
decision_type=2 2 2 2 2 2
left_child=1 -1 5 -3 -4 -2
right_child=2 3 4 -5 -6 -7
leaf_value=0.011027541136806276 0.00073034821902724254 -0.029538239780710209 0.029933467477022798 9.3867201632257116e-05 0.0015802163652055064 -0.0063905342609814619
leaf_weight=2.5663886717520681 0.82109000976197677 25.686631027143452 24.73901579488302 0.39955047151306544 1.5569249580148596 1.0143609920050947
leaf_count=86 110 5208 415 23 349 289
internal_value=0.000912633 -0.024069 0.0263382 -0.0289412 0.0289751 -0.00408657
internal_weight=56.784 28.6526 28.1314 26.0862 26.2959 1.83545
internal_count=6480 5317 1163 5231 764 399
is_linear=0
shrinkage=0.025


Tree=23
num_leaves=7
num_cat=0
split_feature=22 6 26 18 19 25
split_gain=59.3481 9.03308 5.23877 1.75799 1.516 0.0566216
threshold=0.12460880354046823 4.1052079200744638 -0.84885382652282704 0.46605642139911657 0.28780296444892889 0.27429313957691198
decision_type=2 2 2 2 2 2
left_child=3 2 -2 4 -1 -5
right_child=1 -3 -4 5 -6 -7
leaf_value=-0.027124162708503888 0.029573317077467021 -0.010086570258540171 -0.0023164710933198719 -0.0005112096352405006 0 0.002700793337639641
leaf_weight=22.787264911981772 25.788446897466205 1.8937501572072495 2.4240774401114349 0.19982317968970065 1.6409008793998499 0.54186915664467961
leaf_count=4662 488 339 552 112 236 21
internal_value=0.000993597 0.0231094 0.0267089 -0.0246983 -0.0257391 0.00105531
internal_weight=55.2761 30.1063 28.2125 25.1699 24.4282 0.741692
internal_count=6410 1379 1040 5031 4898 133
is_linear=0
shrinkage=0.025


Tree=24
num_leaves=7
num_cat=0
split_feature=21 19 6 27 20 6
split_gain=57.7157 10.7006 6.32706 2.19541 1.6426 0.507245
threshold=0.39664071798324591 0.63525846600532543 3.729690790176392 0.22444508969783786 1.55928111076355 3.9453105926513676
decision_type=2 2 2 2 2 2
left_child=1 4 3 -2 -1 -3
right_child=2 5 -4 -5 -6 -7
leaf_value=-0.02829194208411101 0.029510760034771266 0.012222439804056741 -0.0054279808274925873 0.0013101752465109035 0 -0.00112643732285293
leaf_weight=23.485974742623519 24.262851724575746 2.4805915718898173 2.1200602907920247 2.8422645615646607 1.1012031416175876 0.29379609995521594
leaf_count=4762 325 77 456 607 132 83
internal_value=0.00181475 -0.0221615 0.024403 0.0274129 -0.0271283 0.0101896
internal_weight=56.5867 27.3616 29.2252 27.1051 24.5872 2.77439
internal_count=6442 5054 1388 932 4894 160
is_linear=0
shrinkage=0.025


Tree=25
num_leaves=7
num_cat=0
split_feature=22 6 26 19 27 22
split_gain=53.5922 8.1785 3.8723 3.56085 0.697515 0.410755
threshold=0.12460880354046823 4.1052079200744638 -0.89653950929641713 0.24461427330970767 0.71688804030418407 0.032758476212620742
decision_type=2 2 2 2 2 2
left_child=3 2 -2 4 -1 -5
right_child=1 -3 -4 5 -6 -7
leaf_value=-0.026820844968866716 0.028654964073299184 -0.0096546721985005125 0 -0.0032302828943622658 0 0.0057495900161872353
leaf_weight=22.198569219559438 23.606104740407321 1.8094256832846429 3.3197027496644322 1.2015127427293912 0.72811683104373415 1.1457539219991302
leaf_count=4708 387 344 637 257 71 35
internal_value=0.000445564 0.022177 0.0256889 -0.0236376 -0.0261724 0.00123215
internal_weight=54.0092 28.7352 26.9258 25.274 22.9267 2.34727
internal_count=6439 1368 1024 5071 4779 292
is_linear=0
shrinkage=0.025


Tree=26
num_leaves=7
num_cat=0
split_feature=22 6 17 26 26 22
split_gain=49.9854 8.68277 6.90632 4.73656 0.712772 0.516239
threshold=0.12460880354046823 3.729690790176392 0.81933456659317028 -0.84885382652282704 -0.39631035923957819 -0.25700227916240687
decision_type=2 2 2 2 2 2
left_child=2 3 4 -2 -1 -4
right_child=1 -3 5 -5 -6 -7
leaf_value=-0.028375791083155789 0.02798785451706531 -0.0093188496399535577 -0.0022744423075178803 -0.0029330948301405776 0 0.0088322274251746834
leaf_weight=21.568639755307235 23.148300044238574 2.4448578613228156 0.44063158833887461 2.0777082711574613 0.7705910803051691 1.9220189261832263
leaf_count=4795 395 463 163 510 78 65
internal_value=-0.000288824 0.020972 -0.0238367 0.0251704 -0.0276802 0.00577407
internal_weight=52.3727 27.6709 24.7019 25.226 22.3392 2.36265
internal_count=6469 1368 5101 905 4873 228
is_linear=0
shrinkage=0.025


Tree=27
num_leaves=7
num_cat=0
split_feature=21 24 6 23 1 5
split_gain=52.8619 9.27697 4.84229 1.89152 1.56026 0.341991
threshold=0.48390401899814611 -4.7863144874572745 3.3083589076995854 -5.2489225864410392 1.7377073764801028 4.0180926322937021
decision_type=2 2 2 2 2 2
left_child=1 -1 4 -3 -2 -4
right_child=2 3 5 -5 -6 -7
leaf_value=0.010050069217231011 -0.001459314092768416 0.00065511195965029163 0.0017122607989425141 -0.027363518158642026 0.027351329975653607 -0.0067977974356390504
leaf_weight=2.2156583663891096 0.28914191806689515 0.88963267899817111 1.0670262704952613 24.043949388607871 23.682779358234257 1.1077771539567036
leaf_count=52 96 121 238 5080 623 225
internal_value=0.000468199 -0.021956 0.0237397 -0.0262126 0.0265962 -0.00346784
internal_weight=53.296 27.1492 26.1467 24.9336 23.9719 2.1748
internal_count=6435 5253 1182 5201 719 463
is_linear=0
shrinkage=0.025


Tree=28
num_leaves=7
num_cat=0
split_feature=21 24 6 2 27 18
split_gain=52.5489 8.66227 6.58211 2.79053 0.758734 0.56424
threshold=0.39664071798324591 -4.7863144874572745 3.3083589076995854 1.6018484234809878 0.71688804030418407 0.54206931591033947
decision_type=2 2 2 2 2 2
left_child=1 -1 3 -2 -3 -4
right_child=2 4 5 -5 -6 -7
leaf_value=0.0091108643955698891 -0.0033308697788163146 -0.02818787293686555 -0.0092507334391878117 0.027275414309568265 0 0.002038993527652556
leaf_weight=1.9868763113627235 0.52268216270022705 22.430523188435476 1.590364096395205 24.467784388863947 0.7572636115946797 1.0256299126776864
leaf_count=47 183 4923 439 661 73 148
internal_value=0.000326114 -0.0233748 0.0224011 0.0259783 -0.0275025 -0.0055711
internal_weight=52.7811 25.1747 27.6065 24.9905 23.1878 2.61599
internal_count=6474 5043 1431 844 4996 587
is_linear=0
shrinkage=0.025


Tree=29
num_leaves=7
num_cat=0
split_feature=24 17 13 13 26 27
split_gain=48.1976 8.6088 6.045 2.5817 1.26564 0.608639
threshold=-1.2275943756103513 0.52133619785308849 3.0545879602432255 4.2834222316741952 -0.79666882753372181 0.71688804030418407
decision_type=2 2 2 2 2 2
left_child=2 5 -1 -3 -4 -2
right_child=1 3 4 -5 -6 -7
leaf_value=-0.0055470988583175874 -0.027638216812395769 -0.00823795318133419 0.027419743102893308 0.013247240539897565 0 0
leaf_weight=2.1748015063349184 21.205401722691029 1.453850675607099 21.580971589311964 3.0142786410870031 1.3323119001579424 0.81255493412027036
leaf_count=417 4510 563 416 138 320 79
internal_value=7.53688e-05 -0.0214505 0.0227966 0.00493768 0.0262225 -0.0269596
internal_weight=51.5742 26.4861 25.0881 4.46813 22.9133 22.018
internal_count=6443 5290 1153 701 736 4589
is_linear=0
shrinkage=0.025


Tree=30
num_leaves=7
num_cat=0
split_feature=24 17 13 24 2 26
split_gain=45.5533 9.82406 6.33089 2.29345 1.58682 0.608087
threshold=-1.2275943756103513 0.52133619785308849 2.9656887054443364 0.44895228743553167 1.6018484234809878 -0.39631035923957819
decision_type=2 2 2 2 2 2
left_child=2 5 -1 -3 -4 -2
right_child=1 3 4 -5 -6 -7
leaf_value=-0.0068078901696466566 -0.027375736999880163 0.013362359024343518 -0.0005914554298963844 -0.0071416236426268299 0.026735363810936382 0
leaf_weight=1.8812894726288529 20.965449421433735 3.3966162496944881 0.704707781609616 1.2781249830150043 22.677168800320942 0.80542294995393859
leaf_count=389 4518 134 145 563 623 84
internal_value=0.000417396 -0.0205853 0.0223783 0.00631672 0.0257324 -0.0266962
internal_weight=51.7088 26.4456 25.2632 4.67474 23.3819 21.7709
internal_count=6456 5299 1157 697 768 4602
is_linear=0
shrinkage=0.025


Tree=31
num_leaves=7
num_cat=0
split_feature=21 19 13 3 16 18
split_gain=45.5057 9.2913 5.92403 2.23226 0.874774 0.596607
threshold=0.39664071798324591 0.63525846600532543 3.0970115661621098 1.1080801486968996 1.2291723489761355 0.54206931591033947
decision_type=2 2 2 2 2 2
left_child=1 4 5 -4 -1 -2
right_child=2 -3 3 -5 -6 -7
leaf_value=-0.026544672524710673 -0.0089747178313591656 0.0092753457874338429 -0.0018880103451406891 0.026528512187792452 0 0.002411151368388903
leaf_weight=21.978997231461115 1.5482974359183601 2.7336756698205127 0.73109847371233883 23.500590025272686 0.54410645953612302 1.0432580615160985
leaf_count=4794 423 161 210 691 89 126
internal_value=0.000940538 -0.0209829 0.0218334 0.0252811 -0.0259003 -0.0049987
internal_weight=52.08 25.2568 26.8232 24.2317 22.5231 2.59156
internal_count=6494 5044 1450 901 4883 549
is_linear=0
shrinkage=0.025


Tree=32
num_leaves=7
num_cat=0
split_feature=22 17 13 3 27 22
split_gain=48.0401 6.21185 5.85818 1.52666 0.854121 0.728743
threshold=0.23447690904140475 0.81933456659317028 2.9656887054443364 1.1080801486968996 0.71688804030418407 -0.084551375359296785
decision_type=2 2 2 2 2 2
left_child=1 4 -2 -4 -1 -3
right_child=2 5 3 -5 -6 -7
leaf_value=-0.02676461985853696 -0.0063362547387046456 -0.0033769321286889666 -0.00053283379250631494 0.026507088933394762 0 0.0092628653815867261
leaf_weight=21.658768537861768 1.794986074964984 0.5863538678386252 0.69355663249735044 22.72629297740059 0.66357344383140926 1.9493243485339906
leaf_count=5099 333 196 177 507 72 43
internal_value=6.24789e-05 -0.0223278 0.0223849 0.0255335 -0.0260655 0.00520934
internal_weight=50.0729 24.858 25.2148 23.4198 22.3223 2.53568
internal_count=6427 5410 1017 684 5171 239
is_linear=0
shrinkage=0.025


Tree=33
num_leaves=7
num_cat=0
split_feature=22 6 17 27 21 24
split_gain=45.0727 6.21093 4.98552 2.33821 0.998654 0.600071
threshold=0.19366031140089038 4.1052079200744638 0.81933456659317028 0.26001213490962988 0.97451570630073558 0.53959414362907421
decision_type=2 2 2 2 2 2
left_child=2 3 4 -2 -1 -4
right_child=1 -3 5 -5 -6 -7
leaf_value=-0.026247122134874852 0.026393235460232922 -0.0080748954626549182 0.0079196203323392816 0 0.00039180650567989886 -0.0033492122504949423
leaf_weight=21.605657538399107 21.401080054813072 1.5190016106935207 1.7403022490325377 2.2433315543457857 0.28426879120524873 0.58392624073894683
leaf_count=5045 404 288 44 437 42 193
internal_value=-0.000213065 0.0211344 -0.0224317 0.0243111 -0.0256602 0.00388148
internal_weight=49.3776 25.1634 24.2142 23.6444 21.8899 2.32423
internal_count=6453 1129 5324 841 5087 237
is_linear=0
shrinkage=0.025


Tree=34
num_leaves=7
num_cat=0
split_feature=21 19 13 27 27 21
split_gain=41.2513 8.39777 5.08618 1.33539 0.732234 0.348279
threshold=0.48390401899814611 0.55604141950607311 3.0545879602432255 0.3138663917779923 0.71688804030418407 -0.50813233852386464
decision_type=2 2 2 2 2 2
left_child=1 4 -2 -4 -1 -3
right_child=2 5 3 -5 -6 -7
leaf_value=-0.026879629935399246 -0.0061088009294548058 -0.00094639644886687776 0.025399653484095886 0 0 0.0094293086782312463
leaf_weight=21.229754746076658 1.6346971774473811 0.28595678665442426 19.64158107171534 1.3473894809139881 0.74472615157719602 2.5934587309020563
leaf_count=4975 409 76 420 361 76 140
internal_value=-0.00103968 -0.0214277 0.0209563 0.0240745 -0.026184 0.007659
internal_weight=47.4776 24.8539 22.6237 20.989 21.9745 2.87942
internal_count=6457 5267 1190 781 5051 216
is_linear=0
shrinkage=0.025


Tree=35
num_leaves=7
num_cat=0
split_feature=22 17 13 2 24 27
split_gain=39.2538 9.17954 4.80511 1.64583 0.916854 0.798647
threshold=0.21671868115663531 0.81933456659317028 2.9656887054443364 1.6018484234809878 0.46394984424114233 0.71688804030418407
decision_type=2 2 2 2 2 2
left_child=1 5 -2 -4 -3 -1
right_child=2 4 3 -5 -6 -7
leaf_value=-0.026554687311593203 -0.0047876899863079376 0.011979218508470807 -0.00092462027129462231 0.025169489027673148 -0.0030209878934892454 0
leaf_weight=20.308302259887576 2.0789158881525536 2.6621507633826691 0.75246994331246497 20.590045602526516 0.54034422832773987 0.70273431995883484
leaf_count=5057 346 48 154 564 183 75
internal_value=0 -0.0204246 0.0208426 0.0240114 0.0083876 -0.0258246
internal_weight=47.635 24.2135 23.4214 21.3425 3.20249 21.011
internal_count=6427 5363 1064 718 231 5132
is_linear=0
shrinkage=0.025


Tree=36
num_leaves=7
num_cat=0
split_feature=21 13 24 26 27 21
split_gain=39.1328 7.92938 5.16461 3.5177 0.803461 0.235703
threshold=0.30959951877594 3.0545879602432255 -4.7863144874572745 -0.84885382652282704 0.71688804030418407 1.8595926761627199
decision_type=2 2 2 2 2 2
left_child=2 5 -1 -3 -4 -2
right_child=1 3 4 -5 -6 -7
leaf_value=0.0060859890889519569 -0.0107314618984837 0.025672050288090421 -0.02613739153612914 -0.0017192231925509658 0 0
leaf_weight=1.4420870253816271 2.0586318870191493 21.498755364038523 19.818909628782425 2.1470842076232612 0.68688234954606642 0.41359270311659191
leaf_count=36 602 463 4676 634 65 22
internal_value=-0.000209769 0.0187983 -0.0223524 0.0231007 -0.0253984 -0.00943795
internal_weight=48.0659 26.1181 21.9479 23.6458 20.5058 2.47222
internal_count=6498 1721 4777 1097 4741 624
is_linear=0
shrinkage=0.025


Tree=37
num_leaves=7
num_cat=0
split_feature=21 19 26 13 27 22
split_gain=37.9118 6.4475 5.37787 3.39406 0.846687 0.716861
threshold=0.34953434765338903 0.63525846600532543 -0.88252601027488697 2.2150264978408818 0.71688804030418407 0.79063504934310924
decision_type=2 2 2 2 2 2
left_child=1 4 3 -2 -1 -4
right_child=2 -3 5 -5 -6 -7
leaf_value=-0.025673397294381142 -0.004343137773171653 0.0068307845561941171 -0.0081420236203010588 0.025536447708835848 0 0.003586214797792588
leaf_weight=19.169974630698569 0.77836968417978525 2.2214593296521334 2.3133128965855572 21.48584402637789 0.64769335539312933 1.1394093355047514
leaf_count=4632 189 149 745 535 64 100
internal_value=0.000730819 -0.0208097 0.0197767 0.0236577 -0.0249118 -0.00370034
internal_weight=47.7561 22.0391 25.7169 22.2642 19.8177 3.45272
internal_count=6414 4845 1569 724 4696 845
is_linear=0
shrinkage=0.025


Tree=38
num_leaves=7
num_cat=0
split_feature=21 19 13 20 26 6
split_gain=34.6757 8.16052 4.88929 1.46505 1.41774 0.697959
threshold=0.48390401899814611 0.55604141950607311 3.0545879602432255 1.55928111076355 -0.79666882753372181 3.2038887739181523
decision_type=2 2 2 2 2 2
left_child=1 3 -2 -1 -4 -3
right_child=2 5 4 -5 -6 -7
leaf_value=-0.025034335903662726 -0.0060665904746308496 0.011448650277492914 0.024755724855330952 0 0 -0.0022053309020587364
leaf_weight=20.165127946704168 1.6425024204072567 2.5550245973863634 19.531181793252475 1.0670445375144471 1.364740828226785 0.45825251069618378
leaf_count=4882 406 61 396 135 363 144
internal_value=5.18578e-05 -0.0187996 0.0202894 -0.0237975 0.0233737 0.00851182
internal_weight=46.7839 24.2454 22.5384 21.2322 20.8959 3.01328
internal_count=6387 5222 1165 5017 759 205
is_linear=0
shrinkage=0.025


Tree=39
num_leaves=7
num_cat=0
split_feature=22 6 17 22 26 27
split_gain=35.7929 5.54808 4.97129 1.56535 1.42344 0.649252
threshold=0.22517549991607669 4.1052079200744638 0.52133619785308849 -0.099495999515056596 -0.79666882753372181 0.71688804030418407
decision_type=2 2 2 2 2 2
left_child=2 4 5 -4 -2 -1
right_child=1 -3 3 -5 -6 -7
leaf_value=-0.025320099949821831 0.02437797864657518 -0.0077355448736900756 -0.0073519858310992815 0.0094277540655722941 0 0
leaf_weight=18.563959992025055 19.763726982811935 1.482322082039899 1.3514099258463832 2.5744185482617459 1.4081770390621411 0.74656051490455766
leaf_count=4659 457 267 582 140 320 75
internal_value=-0.000426203 0.0197138 -0.0202969 0.00206863 0.0229852 -0.0245912
internal_weight=45.8906 22.6542 23.2363 3.92583 21.1719 19.3105
internal_count=6500 1044 5456 722 777 4734
is_linear=0
shrinkage=0.025


Tree=40
num_leaves=7
num_cat=0
split_feature=22 6 26 19 26 21
split_gain=33.3328 5.51031 3.79338 1.91552 1.25439 1.13401
threshold=0.24999976903200152 3.729690790176392 -1.0279228687286375 0.55604141950607311 -0.84885382652282704 0.34953434765338903
decision_type=2 2 2 2 2 2
left_child=2 4 5 -4 -2 -1
right_child=1 -3 3 -5 -6 -7
leaf_value=-0.0060635707895881829 0.024319418931683434 -0.007805738411291451 -0.024128856889874033 0.0019991305636774949 0 0.0084495574001517849
leaf_weight=1.357351017592012 18.939696118352007 1.4548059836379241 19.100535358535129 0.64042379322927345 1.656968834868169 1.9975425137672571
leaf_count=356 313 313 4955 54 359 88
internal_value=-0.000173346 0.0195358 -0.0193415 -0.0227959 0.0228587 0.00171491
internal_weight=45.1473 22.0515 23.0959 19.741 20.5967 3.35489
internal_count=6438 985 5453 5009 672 444
is_linear=0
shrinkage=0.025


Tree=41
num_leaves=7
num_cat=0
split_feature=21 19 13 3 16 18
split_gain=33.9954 7.56081 3.02407 1.0373 0.84421 0.418207
threshold=0.48390401899814611 0.53965365886688244 3.0545879602432255 1.1080801486968996 1.2291723489761355 0.54206931591033947
decision_type=2 2 2 2 2 2
left_child=1 4 5 -4 -1 -2
right_child=2 -3 3 -5 -6 -7
leaf_value=-0.024530960233483064 -0.0063140263120353181 0.0075403525672524301 -0.00037034920581007164 0.023597020776086768 0 0.0028985859846116357
leaf_weight=19.74417796815397 1.0811748262494831 3.0941205841954789 0.48914672806859272 19.527612230333034 0.52571180241648008 0.97096695721847925
leaf_count=5035 300 234 151 605 100 97
internal_value=0.000158473 -0.0188677 0.0202966 0.0228045 -0.0238405 -0.00210423
internal_weight=45.4329 23.364 22.0689 20.0168 20.2699 2.05214
internal_count=6522 5369 1153 756 5135 397
is_linear=0
shrinkage=0.025


Tree=42
num_leaves=7
num_cat=0
split_feature=21 19 27 12 27 24
split_gain=34.2461 5.20615 4.54326 2.03047 0.750281 0.515847
threshold=0.39664071798324591 0.63525846600532543 0.22444508969783786 2.8753541707992558 0.71688804030418407 -3.6522214412689205
decision_type=2 2 2 2 2 2
left_child=1 4 3 -2 -1 -4
right_child=2 -3 5 -5 -6 -7
leaf_value=-0.024857972760468378 -0.0011773235963758015 0.0057606927757450736 0.0028502078476965709 0.024313287442212519 0 -0.0071593395330707193
leaf_weight=18.484197981189944 1.1361074146116212 1.93958668434061 1.0907535475562355 19.353100225678645 0.69520850275875901 2.0644693696522118
leaf_count=4792 179 153 106 461 67 664
internal_value=5.40871e-05 -0.0205395 0.0190408 0.022701 -0.0240989 -0.00330672
internal_weight=44.7634 21.119 23.6444 20.4892 19.1794 3.15522
internal_count=6422 5012 1410 640 4859 770
is_linear=0
shrinkage=0.025


Tree=43
num_leaves=7
num_cat=0
split_feature=22 6 17 27 22 27
split_gain=32.7657 5.23441 4.50855 1.62279 1.32431 0.703021
threshold=0.19366031140089038 4.1052079200744638 0.52133619785308849 0.26001213490962988 -0.099495999515056596 0.71688804030418407
decision_type=2 2 2 2 2 2
left_child=2 3 5 -2 -4 -1
right_child=1 -3 4 -5 -6 -7
leaf_value=-0.024263057581291669 0.024252788983988655 -0.0074968868314012425 -0.0065115530360108451 0.0001173429369747477 0.0091340355888549132 0
leaf_weight=17.007107342244133 19.982082262460615 1.4656022145645682 1.1975008317385802 2.4871105790371066 2.3723847047658628 0.69893969100667064
leaf_count=4513 408 305 564 454 135 71
internal_value=0.000914747 0.0192948 -0.0192614 0.0223164 0.00241943 -0.0234782
internal_weight=45.2107 23.9348 21.2759 22.4692 3.56989 17.706
internal_count=6450 1167 5283 862 699 4584
is_linear=0
shrinkage=0.025


Tree=44
num_leaves=7
num_cat=0
split_feature=22 17 6 24 26 27
split_gain=28.8023 7.47541 4.60658 2.07981 1.43887 0.687233
threshold=0.22517549991607669 0.52133619785308849 4.1052079200744638 0.44895228743553167 -0.79666882753372181 0.71688804030418407
decision_type=2 2 2 2 2 2
left_child=1 5 4 -3 -2 -1
right_child=2 3 -4 -5 -6 -7
leaf_value=-0.024297495871090688 0.023272206672062524 0.012326694045877308 -0.0068933460640200539 -0.0070065630225831788 0 0
leaf_weight=17.215486039844116 19.349750927125573 3.4386092749191439 1.3236282558646042 1.3236922420910557 1.4280092843109766 0.7093310741474842
leaf_count=4587 464 143 262 581 329 73
internal_value=0.000545637 -0.0173208 0.0189282 0.00547646 0.0218336 -0.0235237
internal_weight=44.7885 22.6871 22.1014 4.7623 20.7778 17.9248
internal_count=6439 5384 1055 724 793 4660
is_linear=0
shrinkage=0.025


Tree=45
num_leaves=7
num_cat=0
split_feature=21 19 13 26 20 6
split_gain=31.9736 3.57627 3.20454 1.67452 1.59359 0.528255
threshold=0.48390401899814611 0.53965365886688244 2.2150264978408818 -0.79666882753372181 1.55928111076355 2.8568463325500493
decision_type=2 2 2 2 2 2
left_child=1 4 -2 -4 -1 -3
right_child=2 5 3 -5 -6 -7
leaf_value=-0.023600880427152176 -0.0050799158506163889 0.0072878655022490359 0.023234004603746777 0 0.00080147726825214672 -0.003232380573467029
leaf_weight=18.386684553232051 0.89298091840464877 1.5526556161348701 19.092471363081135 1.8634388435748395 0.92901329504093055 0.60459844692377362
leaf_count=4934 209 46 557 407 128 183
internal_value=7.03618e-05 -0.0193143 0.0194032 0.0214649 -0.0222467 0.00326783
internal_weight=43.3218 21.473 21.8489 20.9559 19.3157 2.15725
internal_count=6464 5291 1173 964 5062 229
is_linear=0
shrinkage=0.025


Tree=46
num_leaves=7
num_cat=0
split_feature=22 6 2 17 5 22
split_gain=27.1077 6.20326 4.44871 0.831608 0.580733 0.394539
threshold=0.032758476212620742 3.1856237649917607 1.6018484234809878 1.0170431733131411 -0.19826918095350263 0.92583569884300243
decision_type=2 2 2 2 2 2
left_child=3 2 -2 4 -1 -3
right_child=1 5 -4 -5 -6 -7
leaf_value=0 -0.0065144832683732851 -0.0095609450072380708 0.022291727888320911 0 -0.023391331781503655 0.00083367191683311878
leaf_weight=0.81323436950333494 1.2622106469643828 2.7400641896529119 20.657759868016001 0.88529864256270308 15.10981246101437 0.77851219626609225
leaf_count=91 363 699 731 118 4392 51
internal_value=-0.000165567 0.014972 0.0194989 -0.0215421 -0.0225508 -0.00738797
internal_weight=42.2469 25.4385 21.92 16.8083 15.923 3.51858
internal_count=6445 1844 1094 4601 4483 750
is_linear=0
shrinkage=0.025


Tree=47
num_leaves=7
num_cat=0
split_feature=22 26 6 24 17 27
split_gain=26.958 6.72514 4.7332 1.66292 1.53272 0.781997
threshold=0.032758476212620742 -0.93158787488937367 4.1052079200744638 -3.6522214412689205 1.0170431733131411 0.71688804030418407
decision_type=2 2 2 2 2 2
left_child=4 2 -2 -3 5 -1
right_child=1 3 -4 -5 -6 -7
leaf_value=-0.022991015162088006 0.024460271509789647 0.0064526514430384074 -0.0061989549402767788 -0.0096257748242333067 0.00073823050765716878 0
leaf_weight=14.647093611129094 19.689092095592066 1.9971685971249851 1.2360423254431214 4.6949688958411535 1.0990584479877714 0.61376027995720583
leaf_count=4327 355 154 299 1082 117 66
internal_value=0.00137906 0.0156611 0.0215619 -0.00358543 -0.0204604 -0.0221009
internal_weight=43.9772 27.6173 20.9251 6.69214 16.3599 15.2609
internal_count=6400 1890 654 1236 4510 4393
is_linear=0
shrinkage=0.025


Tree=48
num_leaves=7
num_cat=0
split_feature=21 19 13 13 2 5
split_gain=29.3694 4.28656 3.51337 1.57802 1.33383 0.55042
threshold=0.50365391373634349 0.55604141950607311 3.0970115661621098 5.46305274963379 1.6018484234809878 3.7993973493576054
decision_type=2 2 2 2 2 2
left_child=1 3 -2 -1 -4 -3
right_child=2 5 4 -5 -6 -7
leaf_value=-0.023990643617930001 -0.0040223570789664573 0.0081214440509659713 -0.001656090221325847 0 0.022728831476849919 -0.0028632296982379541
leaf_weight=16.912143080757239 1.744638957548889 1.7716189408092753 0.30187457456486555 2.1283759890065985 18.552995255566202 0.53706034400966007
leaf_count=4728 385 50 120 397 601 172
internal_value=0 -0.018578 0.0190208 -0.0219902 0.0218111 0.00450033
internal_weight=41.9487 21.3492 20.5995 19.0405 18.8549 2.30868
internal_count=6453 5347 1106 5125 721 222
is_linear=0
shrinkage=0.025


Tree=49
num_leaves=7
num_cat=0
split_feature=22 6 21 27 19 13
split_gain=27.8739 4.83008 3.05885 1.68486 1.38856 0.743238
threshold=0.19366031140089038 4.1052079200744638 0.51289266347885143 0.22295057028532031 0.55604141950607311 3.5657657384872441
decision_type=2 2 2 2 2 2
left_child=2 3 4 -2 -1 -4
right_child=1 -3 5 -5 -6 -7
leaf_value=-0.022372211694322474 0.023517649292309414 -0.007247425767329352 -0.0050215956794612791 0 0.00090807684736779774 0.0069103586882017457
leaf_weight=16.776589441316908 18.589325924869634 1.4408500485587854 0.85711806139443014 2.435844811378046 0.77035265549784426 2.1129172621876933
leaf_count=4705 342 293 318 498 77 171
internal_value=0.000907714 0.0184142 -0.0178689 0.0214675 -0.0210982 0.00169268
internal_weight=42.983 22.466 20.517 21.0252 17.5469 2.97004
internal_count=6404 1133 5271 840 4782 489
is_linear=0
shrinkage=0.025


Tree=50
num_leaves=7
num_cat=0
split_feature=22 6 26 26 19 5
split_gain=25.5708 4.4662 3.45292 1.80892 1.73922 0.833522
threshold=0.19366031140089038 4.1052079200744638 -1.0279228687286375 -0.84885382652282704 0.55604141950607311 4.0180926322937021
decision_type=2 2 2 2 2 2
left_child=2 3 5 -2 -4 -1
right_child=1 -3 4 -5 -6 -7
leaf_value=0.0077237535985637366 0.022560715637525687 -0.0071029067507294309 -0.022786910741108196 0 0.0019805405634141715 -0.0048742675761154009
leaf_weight=1.980761411046845 17.758168001339076 1.4187388790305693 16.530456615757434 2.2106629176414598 0.6122125880792727 1.0877385694184338
leaf_count=102 395 286 4844 456 50 340
internal_value=8.12558e-05 0.017396 -0.0178097 0.0204608 -0.0213726 0.00223021
internal_weight=41.5987 21.3876 20.2112 19.9688 17.1427 3.0685
internal_count=6473 1137 5336 851 4894 442
is_linear=0
shrinkage=0.025


Tree=51
num_leaves=7
num_cat=0
split_feature=21 26 24 13 24 27
split_gain=23.9713 6.26637 3.10839 3.0813 1.11978 0.763401
threshold=0.18243902176618579 -0.88252601027488697 -4.7863144874572745 2.2150264978408818 -3.6522214412689205 0.71688804030418407
decision_type=2 2 2 2 2 2
left_child=2 3 -1 -2 -3 -4
right_child=1 4 5 -5 -6 -7
leaf_value=0.0043651657458088113 -0.0044905844323455809 0.0037592681820512864 -0.022902702278299651 0.022561736361489865 -0.011072552353616308 0
leaf_weight=1.0886883937055269 0.87598006764893099 1.3325722924782919 15.099225312471386 18.804303589975461 2.8534118652751168 0.64455441886093545
leaf_count=32 248 137 4126 718 1119 64
internal_value=0.000238775 0.015287 -0.019426 0.0204386 -0.00619438 -0.022028
internal_weight=40.6987 23.8663 16.8325 19.6803 4.18598 15.7438
internal_count=6444 2222 4222 966 1256 4190
is_linear=0
shrinkage=0.025


Tree=52
num_leaves=7
num_cat=0
split_feature=22 6 17 3 16 22
split_gain=25.6305 4.32411 3.00215 1.23434 0.871182 0.323501
threshold=0.19366031140089038 4.1052079200744638 0.89788568019866954 1.1080801486968996 1.2291723489761355 -0.084551375359296785
decision_type=2 2 2 2 2 2
left_child=2 3 4 -2 -1 -4
right_child=1 -3 5 -5 -6 -7
leaf_value=-0.02246487961302817 -0.00040813579855682202 -0.0070396642572417055 -0.0022303186367190831 0.021215136147817445 0.00021109401793527693 0.0060959229498486088
leaf_weight=16.532231435761794 0.97008215071401238 1.4176275169011194 0.43849778483854618 18.699992793932324 0.4470557299500787 1.3550274748122306
leaf_count=5017 212 293 144 658 82 32
internal_value=-1.72745e-05 0.0169691 -0.0189169 0.0200288 -0.0216713 0.002997
internal_weight=39.8605 21.0877 18.7728 19.6701 16.9793 1.79353
internal_count=6438 1163 5275 870 5099 176
is_linear=0
shrinkage=0.025


Tree=53
num_leaves=7
num_cat=0
split_feature=21 26 13 22 22 27
split_gain=23.8113 6.63159 3.37025 2.86362 1.12785 0.729573
threshold=0.18243902176618579 -0.88252601027488697 2.2150264978408818 0.87363335490226757 0.79063504934310924 0.71688804030418407
decision_type=2 2 2 2 2 2
left_child=3 2 -2 5 -3 -1
right_child=1 4 -4 -5 -6 -7
leaf_value=-0.022535881976487499 -0.0048660642893449497 -0.01150796181656452 0.022779236857950035 0.0039326392188821389 0.0035455558559030508 0
leaf_weight=14.63310339016607 0.94199576144456543 2.79756451799767 19.683727130439365 1.1123360856436182 1.3385000866255721 0.65736188192386258
leaf_count=4103 246 1133 744 38 111 67
internal_value=0.000963923 0.0154511 0.0205697 -0.0191144 -0.00667799 -0.021655
internal_weight=41.1646 24.7618 20.6257 16.4028 4.13606 15.2905
internal_count=6442 2234 990 4208 1244 4170
is_linear=0
shrinkage=0.025


Tree=54
num_leaves=7
num_cat=0
split_feature=21 27 6 24 24 27
split_gain=22.78 5.83334 3.33174 2.32144 1.53352 0.64458
threshold=0.18243902176618579 0.22444508969783786 3.9453105926513676 -4.7863144874572745 -3.6522214412689205 0.71688804030418407
decision_type=2 2 2 2 2 2
left_child=3 2 -2 -1 -3 -5
right_child=1 4 -4 5 -6 -7
leaf_value=0.0032238354753114599 0.022549270480254163 0.0052013730091472277 -0.0039952192231081001 -0.022330140013838349 -0.011554049442651686 0
leaf_weight=0.86820314318174396 17.995842827775057 1.5348888207227016 1.396546219853916 14.422425245284099 2.9831527525093371 0.70469436270650554
leaf_count=29 512 117 456 4098 1130 73
internal_value=0.000338078 0.0148212 0.0199543 -0.0193879 -0.00546303 -0.0214747
internal_weight=39.9058 23.9104 19.3924 15.9953 4.51804 15.1271
internal_count=6415 2215 968 4200 1247 4171
is_linear=0
shrinkage=0.025


Tree=55
num_leaves=7
num_cat=0
split_feature=22 13 2 17 16 24
split_gain=22.3863 5.36919 4.1196 1.40073 0.61113 0.131045
threshold=0.037196695804595954 2.9656887054443364 1.6018484234809878 1.0170431733131411 -1.4230061173439024 0.46394984424114233
decision_type=2 2 2 2 2 2
left_child=3 4 -3 -1 -2 -5
right_child=1 2 -4 5 -6 -7
leaf_value=-0.022102268612025171 0.0019911955626605755 -0.0065160059699185483 0.020794622429655879 0.0033303366290764096 -0.010680900952197481 -0.0019034339915292332
leaf_weight=13.815457703225546 0.5033299850765619 1.2785532505076869 20.112337113387184 0.71905484033049905 2.3577015554474228 0.38956969272112474
leaf_count=4478 10 360 900 11 560 100
internal_value=0 0.0139277 0.0180002 -0.0204314 -0.00780797 0.000415427
internal_weight=39.176 24.2519 21.3909 14.9241 2.86103 1.10862
internal_count=6419 1830 1260 4589 570 111
is_linear=0
shrinkage=0.025


Tree=56
num_leaves=7
num_cat=0
split_feature=21 6 22 26 27 21
split_gain=21.7997 6.21004 3.3443 2.72668 0.735008 0.226395
threshold=0.22058650106191638 3.3629397153854375 0.87363335490226757 -0.88089025020599354 0.71688804030418407 1.8595926761627199
decision_type=2 2 2 2 2 2
left_child=2 3 4 -2 -1 -3
right_child=1 5 -4 -5 -6 -7
leaf_value=-0.022292727351711925 0.02249155806757187 -0.010268031199408681 0.0047346639415768305 -0.00032670237915201914 0 0
leaf_weight=14.635554638342001 17.249284680234275 2.1123882835963737 1.2952182953013096 3.0455088837479698 0.65077728882897723 0.38615710788872082
leaf_count=4285 375 811 43 881 69 22
internal_value=0.000298147 0.0150306 -0.0184542 0.0194326 -0.0214098 -0.00900739
internal_weight=39.3749 22.7933 16.5816 20.2948 15.2863 2.49855
internal_count=6486 2089 4397 1256 4354 833
is_linear=0
shrinkage=0.025


Tree=57
num_leaves=7
num_cat=0
split_feature=22 6 21 19 27 20
split_gain=20.6764 3.77228 2.86223 1.4492 1.36984 0.205556
threshold=0.19366031140089038 4.1052079200744638 0.97451570630073558 0.24461427330970767 0.26001213490962988 0.14305421710014346
decision_type=2 2 2 2 2 2
left_child=2 4 3 -1 -2 -4
right_child=1 -3 5 -5 -6 -7
leaf_value=-0.022449901396635819 0.02057011657933789 -0.0067533719844600467 -0.0012169108396218392 0 0 0.0056164388987868866
leaf_weight=14.618111178278928 15.330493775545625 1.3667738800286304 0.28601814829744299 1.6943346554762673 2.119204477814491 1.3345438426476901
leaf_count=4862 403 298 90 321 451 27
internal_value=-0.000822907 0.0154418 -0.0178073 -0.0205288 0.0185755 0.00345816
internal_weight=36.7495 18.8165 17.933 16.3124 17.4497 1.62056
internal_count=6452 1152 5300 5183 854 117
is_linear=0
shrinkage=0.025


Tree=58
num_leaves=7
num_cat=0
split_feature=22 26 13 4 27 23
split_gain=21.462 4.97243 2.85429 1.89018 0.537615 0.445589
threshold=0.35511665046215063 -0.99241250753402699 2.6078799962997441 2.8951014280319218 0.71688804030418407 -5.6672527790069571
decision_type=2 2 2 2 2 2
left_child=1 3 -2 -1 -3 -4
right_child=2 4 5 -5 -6 -7
leaf_value=0.010996645856873911 -0.0046153545006465471 -0.021072342490932181 0 -0.0066639396252072079 0 0.021416424851284817
leaf_weight=3.0544336665479959 0.88506136654177936 15.336685994785512 0.51364840331371198 2.2264068652875721 0.72223649855004701 16.066896490083309
leaf_count=92 179 4831 164 695 90 405
internal_value=0.000522195 -0.0147108 0.0185441 0.00332321 -0.0203189 0.0208529
internal_weight=38.8054 21.3398 17.4656 5.28084 16.0589 16.5805
internal_count=6456 5708 748 787 4921 569
is_linear=0
shrinkage=0.025


Tree=59
num_leaves=7
num_cat=0
split_feature=21 27 13 24 24 27
split_gain=20.2918 5.46811 1.88388 1.50275 1.19812 0.791394
threshold=0.18243902176618579 0.16732747852802279 2.2150264978408818 -4.7863144874572745 -3.6522214412689205 0.71688804030418407
decision_type=2 2 2 2 2 2
left_child=3 2 -2 -1 -3 -5
right_child=1 4 -4 5 -6 -7
leaf_value=0.0018254034164101743 -0.0026491503978224619 0.0053403186736046106 0.021822904386898701 -0.021587198251741144 -0.0085181548032704207 0
leaf_weight=0.66376553132431482 0.57432661103667371 1.7701153811940482 15.855559983610872 13.442093733145153 4.4267784462135715 0.59019756177440363
leaf_count=30 185 139 475 4120 1428 63
internal_value=0.000181545 0.0141156 0.0202573 -0.0190918 -0.00338435 -0.0206293
internal_weight=37.3228 22.6268 16.4299 14.6961 6.19689 14.0323
internal_count=6440 2227 660 4213 1567 4183
is_linear=0
shrinkage=0.025


Tree=60
num_leaves=7
num_cat=0
split_feature=21 19 13 13 3 12
split_gain=18.7803 4.14034 3.03683 1.42792 1.15325 0.410966
threshold=0.48390401899814611 0.53965365886688244 3.0545879602432255 5.46305274963379 1.1805054545402529 2.6070923805236821
decision_type=2 2 2 2 2 2
left_child=1 3 -2 -1 -4 -3
right_child=2 5 4 -5 -6 -7
leaf_value=-0.022032335717810551 -0.0048879628246090096 -0.0019547221077320419 -0.0012969758357996373 0 0.019822784704618228 0.0078064295333810643
leaf_weight=14.279308481491176 1.4732598412083486 0.45431398085202035 0.52520508278394373 2.0473996267537578 15.679426472837802 2.0581962821015622
leaf_count=4648 403 145 169 415 602 94
internal_value=-0.000376093 -0.0159603 0.0158135 -0.0199242 0.0186991 0.00508321
internal_weight=36.5171 18.8392 17.6779 16.3267 16.2046 2.51251
internal_count=6476 5302 1174 5063 771 239
is_linear=0
shrinkage=0.025


Tree=61
num_leaves=7
num_cat=0
split_feature=22 13 17 2 27 9
split_gain=20.7058 4.47363 2.06389 1.87882 0.725573 0.377689
threshold=0.12460880354046823 2.9656887054443364 0.81933456659317028 1.6018484234809878 0.71688804030418407 3.5000480413436894
decision_type=2 2 2 2 2 2
left_child=2 -2 4 -3 -1 -4
right_child=1 3 5 -5 -6 -7
leaf_value=-0.02164792178191783 -0.0069711001247438403 -0.0022332674146829912 -0.0032253678347335018 0.020367532172358718 0 0.0056238971850224948
leaf_weight=13.654734064388318 2.0533700585365322 0.99066278213286096 0.59079536231001739 17.961286780948285 0.63584564096527252 1.0987433050177058
leaf_count=4768 463 226 197 689 72 28
internal_value=6.58455e-05 0.0150975 -0.0182841 0.0187056 -0.0207287 0.00149731
internal_weight=36.9854 21.0053 15.9801 18.9519 14.2906 1.68954
internal_count=6443 1378 5065 915 4840 225
is_linear=0
shrinkage=0.025


Tree=62
num_leaves=7
num_cat=0
split_feature=22 17 13 23 3 22
split_gain=19.3526 5.77376 2.94296 1.29177 0.812315 0.688101
threshold=0.35511665046215063 0.81933456659317028 2.9656887054443364 -5.2489225864410392 1.1080801486968996 -0.084551375359296785
decision_type=2 2 2 2 2 2
left_child=1 3 -2 -1 -4 -3
right_child=2 5 4 -5 -6 -7
leaf_value=0.00072017621329713277 -0.0050412893553233541 -0.0026480440463754339 -0.00080698176934771923 -0.021441165819146957 0.020638431245956122 0.010084899024076183
leaf_weight=0.85667312351870784 0.96102638955926778 0.51945418614195693 0.19576937757665192 15.796358035353478 15.524375680310184 2.7575575234659473
leaf_count=135 229 192 101 5306 407 62
internal_value=0 -0.0149142 0.0173813 -0.0201094 0.0199394 0.00693106
internal_weight=36.6112 19.93 16.6812 16.653 15.7201 3.27701
internal_count=6432 5695 737 5441 508 254
is_linear=0
shrinkage=0.025


Tree=63
num_leaves=7
num_cat=0
split_feature=24 27 13 6 27 25
split_gain=17.8447 4.45009 2.67559 1.36189 0.602939 0.523803
threshold=-1.7405223846435545 0.078631874173879637 2.9656887054443364 2.3315459489822392 0.71688804030418407 0.32812283933162695
decision_type=2 2 2 2 2 2
left_child=2 3 -1 -2 -3 -4
right_child=1 4 5 -5 -6 -7
leaf_value=-0.0040157509374625497 0.010361764281693369 -0.020564807451180032 0.020165331038986989 -0.0055884225565670902 0 0
leaf_weight=1.3723567766428484 2.5551158445305222 14.919405827386068 13.764216944458893 1.2625204961514098 0.67058055126108307 1.0291809563641425
leaf_count=297 31 5029 352 434 83 200
internal_value=-0.000225802 -0.0149039 0.0164585 0.0042003 -0.0197696 0.0192083
internal_weight=35.5734 19.4076 16.1658 3.81764 15.59 14.7934
internal_count=6426 5577 849 465 5112 552
is_linear=0
shrinkage=0.025


Tree=64
num_leaves=7
num_cat=0
split_feature=21 19 26 13 5 24
split_gain=17.3977 3.77852 2.74061 1.3287 1.15784 0.676182
threshold=0.48390401899814611 0.53965365886688244 -0.91638487577438343 2.2150264978408818 -0.19826918095350263 -3.6522214412689205
decision_type=2 2 2 2 2 2
left_child=1 4 3 -2 -1 -4
right_child=2 -3 5 -5 -6 -7
leaf_value=0 -0.0019318972921273997 0.0043928634658669452 0.0040471014582145462 0.020037826892180269 -0.021653662483511932 -0.0072147314897695151
leaf_weight=1.2069348885270326 0.43120692594675603 2.4563796440779688 1.3549586983863275 13.554891014849998 13.920707505778408 1.814854261407161
leaf_count=165 122 228 110 334 4915 589
internal_value=-0.000707178 -0.0162045 0.0149671 0.0187009 -0.0201199 -0.00210509
internal_weight=34.7399 17.584 17.1559 13.9861 15.1276 3.16981
internal_count=6463 5308 1155 456 5080 699
is_linear=0
shrinkage=0.025


Tree=65
num_leaves=7
num_cat=0
split_feature=21 26 13 24 24 27
split_gain=16.153 5.14849 2.29797 1.73816 0.97641 0.71914
threshold=0.18243902176618579 -0.89370125532150257 2.2150264978408818 -4.7863144874572745 -3.6522214412689205 0.71688804030418407
decision_type=2 2 2 2 2 2
left_child=3 2 -2 -1 -3 -5
right_child=1 4 -4 5 -6 -7
leaf_value=0.0024197000506419437 -0.003757643381062669 0.0034499427260292676 0.020182225465146253 -0.020592959957977559 -0.010472751673216721 0
leaf_weight=0.84702904330333595 0.77150457381504267 1.2336589485057654 15.939611979527397 12.231000573374327 2.9273780384683015 0.6106708822189838
leaf_count=31 236 128 675 4083 1181 67
internal_value=0 0.012877 0.0181783 -0.0176252 -0.00603269 -0.0196052
internal_weight=34.5609 20.8722 16.7111 13.6887 4.16104 12.8417
internal_count=6401 2220 911 4181 1309 4150
is_linear=0
shrinkage=0.025


Tree=66
num_leaves=7
num_cat=0
split_feature=22 26 6 17 22 24
split_gain=16.9846 5.0278 3.80399 1.22493 0.810402 0.108681
threshold=0.037196695804595954 -0.88252601027488697 4.1052079200744638 1.0170431733131411 0.99255600571632396 0.46394984424114233
decision_type=2 2 2 2 2 2
left_child=3 2 -2 -1 -3 -5
right_child=1 4 -4 5 -6 -7
leaf_value=-0.020596382578565726 0.020395422763199302 -0.010473043997184947 -0.0061051647951238233 0.0030975694086176338 0.0027470869726291115 -0.0016370164085019795
leaf_weight=12.076791543775469 16.703797542664695 2.7867773746256712 1.2974186249193724 0.70139577618101501 1.0097207835060542 0.3608772533480078
leaf_count=4562 498 926 339 12 71 101
internal_value=-9.18e-05 0.0124234 0.0173018 -0.0189004 -0.00668357 0.000434594
internal_weight=34.9368 21.7977 18.0012 13.1391 3.7965 1.06227
internal_count=6509 1834 837 4675 997 113
is_linear=0
shrinkage=0.025


Tree=67
num_leaves=7
num_cat=0
split_feature=27 6 24 17 18 0
split_gain=16.984 6.66874 2.90862 0.538475 0.337955 0.0766714
threshold=0.17126750946044925 3.3083589076995854 -3.8612872362136836 1.1785222291946413 0.46605642139911657 4.9408700466156015
decision_type=2 2 2 2 2 2
left_child=1 -1 5 -3 -4 -2
right_child=2 3 4 -5 -6 -7
leaf_value=0.020385076908734562 0.0048855584678304045 -0.0098572388802883291 -0.020584030136438645 0.0017189768834926051 0 0
leaf_weight=15.764015656168342 1.2700771236850403 3.3825064857956013 12.908387032075549 0.61878660379443307 0.80066556218662377 0.35688347270479415
leaf_count=444 61 1274 4322 50 197 85
internal_value=0.000119099 0.014145 -0.0166837 -0.00741225 -0.0198565 0.0039182
internal_weight=35.1013 19.7653 15.336 4.00129 13.7091 1.62696
internal_count=6433 1768 4665 1324 4519 146
is_linear=0
shrinkage=0.025


Tree=68
num_leaves=7
num_cat=0
split_feature=21 26 6 24 27 24
split_gain=15.3836 5.67155 2.54473 2.15405 0.769299 0.292936
threshold=0.18243902176618579 -0.88252601027488697 4.1052079200744638 -4.7863144874572745 0.71688804030418407 -3.6522214412689205
decision_type=2 2 2 2 2 2
left_child=3 2 -2 -1 -5 -3
right_child=1 5 -4 4 -6 -7
leaf_value=0.0033204668037770399 0.020467983074599773 0.00023046242012885406 -0.0033146281076357393 -0.020380153442909211 2.7023616555900443e-05 -0.0092068430942036303
leaf_weight=1.0075596145470616 16.124366359494168 0.81662384298397528 1.2884855378943019 12.11577245694934 0.57405996008310545 2.8913892811106017
leaf_count=32 581 125 397 4186 67 1142
internal_value=0.000288596 0.0127854 0.0180824 -0.0169127 -0.019357 -0.00747177
internal_weight=34.8183 21.1209 17.4129 13.6974 12.6898 3.70801
internal_count=6530 2245 978 4285 4253 1267
is_linear=0
shrinkage=0.025


Tree=69
num_leaves=7
num_cat=0
split_feature=21 19 6 27 27 13
split_gain=14.8455 4.41721 2.59525 1.10394 0.691951 0.483777
threshold=0.48390401899814611 0.53965365886688244 3.3629397153854375 0.22444508969783786 0.71688804030418407 2.9656887054443364
decision_type=2 2 2 2 2 2
left_child=1 4 3 -2 -1 -3
right_child=2 5 -4 -5 -6 -7
leaf_value=-0.020249502902082463 0.019391624123754902 -0.0020985314180421329 -0.0042358685029874141 0 0 0.0085738361923440413
leaf_weight=13.75253606835031 12.875594058510616 0.48532490694196839 1.5949384369596362 1.8232563984929573 0.62236734316684383 2.2617442485352512
leaf_count=5018 234 141 431 492 74 88
internal_value=-0.000193902 -0.0146559 0.0145826 0.0174987 -0.0193533 0.00574409
internal_weight=33.4158 17.122 16.2938 14.6989 14.3749 2.74707
internal_count=6478 5321 1157 726 5092 229
is_linear=0
shrinkage=0.025


Tree=70
num_leaves=7
num_cat=0
split_feature=21 6 24 26 27 21
split_gain=16.6086 3.54202 2.15687 1.61878 0.738008 0.351608
threshold=0.30959951877594 3.3629397153854375 -4.7863144874572745 -0.84885382652282704 0.71688804030418407 1.8595926761627199
decision_type=2 2 2 2 2 2
left_child=2 3 -1 -2 -4 -3
right_child=1 5 4 -5 -6 -7
leaf_value=0.0031277517775556564 0.019655988105565961 -0.0078086334671622964 -0.02077559431264768 -0.0001421077218972918 0 0.0013580286766328425
leaf_weight=1.0214079979341466 14.248841830820314 1.8493143558443983 12.87017985800048 2.1824600448017017 0.61395845396327864 0.65897190332179878
leaf_count=42 368 666 4705 625 68 25
internal_value=-0.000247219 0.0135878 -0.0174843 0.0173151 -0.0198074 -0.00526735
internal_weight=33.4451 18.9396 14.5055 16.4313 13.4841 2.50829
internal_count=6499 1684 4815 993 4773 691
is_linear=0
shrinkage=0.025


Tree=71
num_leaves=6
num_cat=0
split_feature=22 6 26 17 25
split_gain=17.2091 4.68189 2.95958 0.338298 0.319487
threshold=0.032758476212620742 3.3629397153854375 -0.88252601027488697 1.0170431733131411 -4.6009182929992667
decision_type=2 2 2 2 2
left_child=3 2 -2 -1 -3
right_child=1 4 -4 -5 -6
leaf_value=-0.019901899838196138 0.020690262564338865 0.00040494671372809789 -0.0010164513949598136 0 -0.0092277696411413382
leaf_weight=11.316531058779216 15.732975541584896 0.87583245191490311 3.6258708852692516 0.8004881963424858 2.0753971043741322
leaf_count=4545 327 65 829 114 642
internal_value=0.00044837 0.0128539 0.0169939 -0.0191105 -0.00712603
internal_weight=34.4271 22.3101 19.3588 12.117 2.95123
internal_count=6522 1863 1156 4659 707
is_linear=0
shrinkage=0.025


Tree=72
num_leaves=7
num_cat=0
split_feature=22 17 6 26 16 24
split_gain=14.0592 2.9579 2.90674 1.61449 0.750523 0.43114
threshold=0.19366031140089038 0.81933456659317028 4.1052079200744638 -0.79666882753372181 1.2291723489761355 0.46394984424114233
decision_type=2 2 2 2 2 2
left_child=1 4 3 -2 -1 -3
right_child=2 5 -4 -5 -6 -7
leaf_value=-0.019419205244472534 0.01878943030025651 0.0071243540320195036 -0.0058665282614418545 -0.0012362312706194504 0.00041779143667264817 -0.0025183489891730608
leaf_weight=12.593187006394142 14.730385806935377 1.7195195173262612 1.2372931862191752 1.5545660337957095 0.40460041759070087 0.50865587245789345
leaf_count=4914 500 42 275 367 88 183
internal_value=0.000215647 -0.0147898 0.0139208 0.0167428 -0.0185099 0.00383908
internal_weight=32.7482 15.226 17.5222 16.285 12.9978 2.22818
internal_count=6369 5227 1142 867 5002 225
is_linear=0
shrinkage=0.025


Tree=73
num_leaves=7
num_cat=0
split_feature=21 13 24 26 26 21
split_gain=13.7063 3.9466 2.45464 1.8483 0.779117 0.480479
threshold=0.22058650106191638 3.0545879602432255 -4.7863144874572745 -0.88089025020599354 -0.39631035923957819 1.8595926761627199
decision_type=2 2 2 2 2 2
left_child=2 5 -1 -3 -4 -2
right_child=1 3 4 -5 -6 -7
leaf_value=0.0040654224103321857 -0.0092254133700413726 0.019640645756310606 -0.019822705896757324 0 0.00019187509714957475 0.0017178627103980962
leaf_weight=1.1778495326288965 1.9303706171631376 14.136280568025544 11.374758773861682 2.9014227859151989 0.55065089213894758 0.61126565514132369
leaf_count=37 701 431 4253 858 61 22
internal_value=0.000636323 0.012862 -0.0157934 0.0168092 -0.0187456 -0.00637079
internal_weight=32.6826 19.5793 13.1033 17.0377 11.9254 2.54164
internal_count=6363 2012 4351 1289 4314 723
is_linear=0
shrinkage=0.025


Tree=74
num_leaves=7
num_cat=0
split_feature=26 6 24 12 21 21
split_gain=12.6511 5.72483 2.42477 0.859368 0.64956 0.369568
threshold=-0.93883165717124928 3.2038887739181523 -4.0427021980285636 5.9189908504486093 1.8595926761627199 0.0042671149130910644
decision_type=2 2 2 2 2 2
left_child=1 5 -2 -4 -3 -1
right_child=2 4 3 -5 -6 -7
leaf_value=0 0.0036136668807972248 -0.010247402364131903 -0.020271621049146229 0 0.002299676225497546 0.019592837942161972
leaf_weight=0.73242871664115838 1.4800187842920447 3.2077060370356771 11.071669357275818 1.7413057172961988 0.53497572796186421 12.225713546504265
leaf_count=160 132 1343 4252 360 8 241
internal_value=-0.0007136 0.0123106 -0.0155023 -0.0184558 -0.00744955 0.018851
internal_weight=30.9938 16.7008 14.293 12.813 3.74268 12.9581
internal_count=6496 1752 4744 4612 1351 401
is_linear=0
shrinkage=0.025


Tree=75
num_leaves=7
num_cat=0
split_feature=21 19 13 13 27 5
split_gain=13.9339 6.60986 1.57331 0.821198 0.748733 0.336708
threshold=0.94744881987571727 0.28780296444892889 3.0545879602432255 2.2150264978408818 0.71688804030418407 0.05310522951185704
decision_type=2 2 2 2 2 2
left_child=1 4 -3 -2 -1 -5
right_child=3 2 -4 5 -6 -7
leaf_value=-0.021752734187507054 -0.0011319547730164199 -0.0056305457115599774 0.011234933600107343 0 0 0.01802152939595001
leaf_weight=13.0701462594152 0.31270306638907541 1.2049768977740303 4.0876071226666681 0.24728619714733113 0.63771657162578854 10.917837972112464
leaf_count=5367 81 347 241 70 84 274
internal_value=-0.00125616 -0.0134036 0.00591798 0.0164387 -0.0207855 0.0175154
internal_weight=30.4783 19.0004 5.29258 11.4778 13.7079 11.1651
internal_count=6464 6039 588 425 5451 344
is_linear=0
shrinkage=0.025


Tree=76
num_leaves=7
num_cat=0
split_feature=18 6 17 13 2 27
split_gain=13.3098 2.35002 2.08255 1.05929 0.951837 0.659335
threshold=0.14466556906700137 4.1052079200744638 0.57042068243026745 4.2299876213073739 1.6018484234809878 0.71688804030418407
decision_type=2 2 2 2 2 2
left_child=2 4 5 -4 -2 -1
right_child=1 -3 3 -5 -6 -7
leaf_value=-0.018955515335319542 -0.00084765859144870332 -0.0040434417170892257 -0.0063904112715144779 0.0077493065212714263 0.01775772163106 0
leaf_weight=10.977483822149225 0.71136055942042986 1.5578955289383873 1.1418424118892283 2.006060927757062 14.802306602650786 0.60316599620273414
leaf_count=4401 145 406 458 117 832 71
internal_value=0.000525362 0.0139449 -0.0143043 0.0010792 0.0166013 -0.0179273
internal_weight=31.8001 17.0716 14.7286 3.1479 15.5137 11.5806
internal_count=6430 1383 5047 575 977 4472
is_linear=0
shrinkage=0.025


Tree=77
num_leaves=7
num_cat=0
split_feature=21 13 24 2 26 8
split_gain=12.3592 3.82637 3.20162 0.996267 0.724403 0.137529
threshold=0.30959951877594 3.0970115661621098 -4.7863144874572745 1.6018484234809878 -0.39631035923957819 -0.79248350858688343
decision_type=2 2 2 2 2 2
left_child=2 5 -1 -3 -4 -2
right_child=1 3 4 -5 -6 -7
leaf_value=0.0054451846740895893 0 -0.00093597663000641101 -0.019805696976954491 0.017893435701998323 0 -0.0080852831358348108
leaf_weight=1.4460197029984581 0.41685505927307565 0.72632695033098471 11.574936959514162 14.205580375913994 0.5916012005764032 1.5979838896892058
leaf_count=36 24 212 4678 849 68 593
internal_value=0 0.012602 -0.0150916 0.0166589 -0.0187716 -0.00701667
internal_weight=30.5593 16.9467 13.6126 14.9319 12.1665 2.01484
internal_count=6460 1678 4782 1061 4746 617
is_linear=0
shrinkage=0.025


Tree=78
num_leaves=7
num_cat=0
split_feature=22 6 26 27 17 26
split_gain=12.564 3.81559 3.14005 0.628082 0.197628 0.0421516
threshold=0.032758476212620742 4.1052079200744638 -0.88089025020599354 0.71688804030418407 1.0170431733131411 -0.36305955052375788
decision_type=2 2 2 2 2 2
left_child=3 2 -2 4 -1 -5
right_child=1 -3 -4 5 -6 -7
leaf_value=-0.018531277994675927 0.019037675288396463 -0.0080431487058129376 -0.0024492799890271002 0.00207103825821845 0 -0.00084943431604746146
leaf_weight=9.6724677731108368 14.837776395172117 1.8296848184545513 3.4626230423164097 0.24491529515944421 0.80175473430426869 0.33498663795762773
leaf_count=4391 502 449 933 13 110 57
internal_value=0.000381397 0.0115203 0.0150507 -0.0167842 -0.0178223 1.44625e-05
internal_weight=31.1842 20.1301 18.3004 11.0541 10.4742 0.579902
internal_count=6455 1884 1435 4571 4501 70
is_linear=0
shrinkage=0.025


Tree=79
num_leaves=7
num_cat=0
split_feature=22 17 13 24 25 21
split_gain=12.6222 5.40725 2.10081 0.668187 0.598039 0.44472
threshold=0.35511665046215063 0.81933456659317028 2.6078799962997441 0.31032973527908331 0.44743463397026068 0.97451570630073558
decision_type=2 2 2 2 2 2
left_child=1 5 -2 -3 -4 -1
right_child=2 3 4 -5 -6 -7
leaf_value=-0.020732840240059364 -0.0043956498048050158 0.0096937084870508863 0.017842913142325941 -0.0026960043025407803 0 0
leaf_weight=12.80387537312345 0.872044904215726 2.7637138491263609 11.248332605551692 0.53919035985018116 0.80372485329280685 0.30006819590926248
leaf_count=5348 188 66 346 193 212 59
internal_value=-0.00130542 -0.0142513 0.0141714 0.00651284 0.0167763 -0.0201835
internal_weight=29.331 16.4068 12.9241 3.3029 12.0521 13.1039
internal_count=6412 5666 746 259 558 5407
is_linear=0
shrinkage=0.025


Tree=80
num_leaves=7
num_cat=0
split_feature=24 26 6 6 25 27
split_gain=12.9746 2.45806 1.86376 0.91256 0.781056 0.603202
threshold=-1.7405223846435545 -1.0097190141677854 4.1052079200744638 2.2859112024307255 0.32812283933162695 0.71688804030418407
decision_type=2 2 2 2 2 2
left_child=2 3 4 -2 -1 -3
right_child=1 5 -4 -5 -6 -7
leaf_value=0.017952829882806953 0.0078711541557473091 -0.018974696518637469 -0.0038103599528496695 -0.0052484768011163323 0 0
leaf_weight=12.198630860802949 1.9168055230111343 11.723585743573491 0.81466030934825617 1.223671914078295 1.0002972763031728 0.63445622779545452
leaf_count=418 33 4940 212 541 228 86
internal_value=-0.000291855 -0.0142071 0.0144582 0.00190756 0.0166663 -0.0180322
internal_weight=29.5121 15.4985 14.0136 3.14048 13.1989 12.358
internal_count=6458 5600 858 574 646 5026
is_linear=0
shrinkage=0.025


Tree=81
num_leaves=7
num_cat=0
split_feature=21 26 5 22 27 22
split_gain=11.6599 2.98312 1.90091 1.33614 0.715992 0.591536
threshold=0.22058650106191638 -0.88252601027488697 4.0180926322937021 0.92583569884300243 0.71688804030418407 0.79063504934310924
decision_type=2 2 2 2 2 2
left_child=3 2 -2 4 -1 -3
right_child=1 5 -4 -5 -6 -7
leaf_value=-0.018783726795679464 0.018203230109149562 -0.0080062885001301928 -0.0027008349153966158 0.0019986823464407878 0.00016961993301850472 0.0027648340106036892
leaf_weight=10.242260711616835 13.231461322982797 2.127825638686772 1.2333454155013885 0.77933073666645292 0.55804384604562152 1.2344642145035321
leaf_count=4257 622 1009 322 27 63 112
internal_value=4.04985e-05 0.0117823 0.0158638 -0.0157611 -0.0176651 -0.00401567
internal_weight=29.4067 17.8271 14.4648 11.5796 10.8003 3.36229
internal_count=6412 2065 944 4347 4320 1121
is_linear=0
shrinkage=0.025


Tree=82
num_leaves=7
num_cat=0
split_feature=22 6 27 27 21 22
split_gain=10.4656 4.01447 2.7796 0.630876 0.598791 0.326271
threshold=0.032758476212620742 3.2038887739181523 0.22444508969783786 0.71688804030418407 1.8595926761627199 0.92583569884300243
decision_type=2 2 2 2 2 2
left_child=3 2 -2 4 -1 -3
right_child=1 5 -4 -5 -6 -7
leaf_value=-0.018505391008823341 0.018735134012279001 -0.0095577491369689873 -0.0025086830345430375 7.5941066421933949e-05 0.00023834853676145976 0.00044088949227099927
leaf_weight=9.525467797793679 12.34384006765322 2.1530440132482904 2.9407603369618291 0.57257578420103605 0.31458986643701869 0.72747334121959273
leaf_count=4515 289 723 808 73 11 48
internal_value=-0.000459621 0.0100551 0.0147288 -0.0165195 -0.0176066 -0.00756192
internal_weight=28.5778 18.1651 15.2846 10.4126 9.84006 2.88052
internal_count=6467 1868 1097 4599 4526 771
is_linear=0
shrinkage=0.025


Tree=83
num_leaves=6
num_cat=0
split_feature=21 13 2 24 21
split_gain=13.5129 3.16652 1.39411 1.00269 0.306309
threshold=0.22058650106191638 3.0970115661621098 1.6018484234809878 -4.7863144874572745 1.3406988978385928
decision_type=2 2 2 2 2
left_child=3 4 -3 -1 -2
right_child=1 2 -4 -5 -6
leaf_value=0.00093721919125142018 -0.0073676598575964231 -0.0019790869577784695 0.017580469175024673 -0.019012990763003862 0.0010062631546030572
leaf_weight=0.60040993429720657 1.8402959651139128 0.88440139658632588 14.711162977560887 10.537107099225976 0.97967730514938001
leaf_count=29 697 263 1008 4384 68
internal_value=0 0.0121396 0.0159566 -0.017593 -0.00487596
internal_weight=29.5531 18.4155 15.5956 11.1375 2.81997
internal_count=6449 2036 1271 4413 765
is_linear=0
shrinkage=0.025


Tree=84
num_leaves=6
num_cat=0
split_feature=21 26 24 12 24
split_gain=12.884 2.63039 1.85994 1.61967 0.754522
threshold=0.22058650106191638 -0.88252601027488697 -4.7863144874572745 2.75892186164856 -3.6522214412689205
decision_type=2 2 2 2 2
left_child=2 3 -1 -2 -3
right_child=1 4 -4 -5 -6
leaf_value=0.0028933750234787265 -0.0023583754941532719 0.0042479326253449315 -0.018814732781884311 0.018334537159774782 -0.0074431565300026176
leaf_weight=0.94605278881499799 0.91558614248060877 1.4017097732576087 10.296392044780076 13.86976959047024 2.3709226759674475
leaf_count=31 205 122 4374 718 997
internal_value=0.000790365 0.0126538 -0.0162749 0.0164651 -0.00244156
internal_weight=29.8004 18.558 11.2424 14.7854 3.77263
internal_count=6447 2042 4405 923 1119
is_linear=0
shrinkage=0.025


Tree=85
num_leaves=7
num_cat=0
split_feature=22 17 6 24 7 23
split_gain=9.86813 5.757 1.2858 1.12052 0.990707 0.315154
threshold=0.48071183264255529 0.57042068243026745 3.9453105926513676 0.44895228743553167 5.0531740188598642 -5.6672527790069571
decision_type=2 2 2 2 2 2
left_child=1 4 5 -3 -1 -2
right_child=2 3 -4 -5 -6 -7
leaf_value=-0.020160323330319647 0 0.010729000586409429 -0.0025244961210734648 -0.00417847300200352 0 0.017122075519780629
leaf_weight=10.842503039777517 0.53841545412433234 4.0773149116721461 0.56826501179603006 0.86167386479792174 1.2430934386211436 10.227182835165873
leaf_count=4932 134 186 140 482 267 297
internal_value=0 -0.0110075 0.0146361 0.00670568 -0.0184561 0.0164517
internal_weight=28.3584 17.0246 11.3339 4.93899 12.0856 10.7656
internal_count=6438 5867 571 668 5199 431
is_linear=0
shrinkage=0.025


Tree=86
num_leaves=7
num_cat=0
split_feature=27 5 24 24 27 13
split_gain=8.93819 4.38653 1.77237 1.37507 0.443454 0.0863518
threshold=0.17126750946044925 4.0180926322937021 -3.6522214412689205 0.44895228743553167 0.71688804030418407 3.4560966491699223
decision_type=2 2 2 2 2 2
left_child=1 3 -2 -1 -4 -3
right_child=2 5 4 -5 -6 -7
leaf_value=0.01823512552331202 0.0031372382901308522 -0.0086587511989238402 -0.016451845746522243 -0.0021846789881351273 0 0
leaf_weight=12.088511152018327 1.4477452189894382 2.1408211414818648 10.954480481290371 0.62278319906909096 0.6748469960875817 0.14964250754564989
leaf_count=412 162 902 4435 460 96 34
internal_value=0 0.0113782 -0.0128756 0.0165475 -0.0155889 -0.00812602
internal_weight=28.0788 15.0018 13.0771 12.7113 11.6293 2.29046
internal_count=6501 1808 4693 872 4531 936
is_linear=0
shrinkage=0.025


Tree=87
num_leaves=7
num_cat=0
split_feature=21 19 6 2 27 27
split_gain=10.0567 3.12942 2.11293 1.198 0.710326 0.239912
threshold=0.39664071798324591 0.63525846600532543 3.3083589076995854 1.6018484234809878 0.71688804030418407 0.10073839128017427
decision_type=2 2 2 2 2 2
left_child=1 4 3 -2 -1 -4
right_child=2 -3 5 -5 -6 -7
leaf_value=-0.018672508548638403 -0.0023274348017549556 0.0050986789628532196 0.0011577438266528036 0.016881807534299541 0.00016182840972808545 -0.0059424550773961885
leaf_weight=10.280413182772463 0.4175319908244991 2.0520186232170081 1.0516272142122027 13.052357666281749 0.56356002308894027 1.1470892578945493
leaf_count=4803 169 156 157 659 69 426
internal_value=0.000421801 -0.0131855 0.0124041 0.0154791 -0.017557 -0.00323288
internal_weight=28.5646 12.896 15.6686 13.4699 10.844 2.19872
internal_count=6439 5028 1411 828 4872 583
is_linear=0
shrinkage=0.025


Tree=88
num_leaves=7
num_cat=0
split_feature=21 19 6 11 0 2
split_gain=10.2347 5.66382 1.4756 0.889193 0.609235 0.171999
threshold=0.94744881987571727 0.1972359120845795 3.2038887739181523 2.3204737901687627 0.24750857800245288 1.6018484234809878
decision_type=2 2 2 2 2 2
left_child=1 4 -3 -2 -1 -5
right_child=3 2 -4 5 -6 -7
leaf_value=0 -0.00094338330611749204 0.010749814669046814 -0.0051723729073035463 0 -0.020165403060119512 0.016906960233929246
leaf_weight=0.74832634237828344 0.71222831384511565 4.2518962096364694 1.5828066942485746 0.061188286170362427 10.601981731451813 10.071385649061993
leaf_count=119 71 324 549 21 5096 343
internal_value=-3.68007e-06 -0.0111271 0.00546 0.0151774 -0.0190983 0.0166609
internal_weight=28.0298 17.185 5.8347 10.8448 11.3503 10.1326
internal_count=6523 6088 873 435 5215 364
is_linear=0
shrinkage=0.025


Tree=89
num_leaves=7
num_cat=0
split_feature=21 22 17 3 13 13
split_gain=10.3191 5.09971 1.05446 0.516316 0.233802 0.136744
threshold=0.94744881987571727 0.65347349643707286 0.57042068243026745 6.1310842037200937 2.2150264978408818 3.0545879602432255
decision_type=2 2 2 2 2 2
left_child=1 2 -1 4 -2 -3
right_child=3 5 -4 -5 -6 -7
leaf_value=-0.018254158477179778 0 0 0 0 0.0170830209952192 0.0092063122082622403
leaf_weight=11.791894465553929 0.093048498209097441 0.42250981926917974 2.0277548229205413 0.57007869507651854 10.757303240767213 2.9829144752584398
leaf_count=5342 47 80 544 43 346 97
internal_value=0.000775747 -0.0102611 -0.0161955 0.0158585 0.01676 0.00838617
internal_weight=28.6455 17.2251 13.8196 11.4204 10.8504 3.40542
internal_count=6499 6063 5886 436 393 177
is_linear=0
shrinkage=0.025


Tree=90
num_leaves=7
num_cat=0
split_feature=22 6 26 26 0 26
split_gain=9.21358 3.03393 2.43925 0.593841 0.186988 0.155356
threshold=0.032758476212620742 3.3629397153854375 -0.88252601027488697 -0.39631035923957819 3.6045014858245854 -1.129660904407501
decision_type=2 2 2 2 2 2
left_child=3 2 -2 5 -3 -1
right_child=1 4 -4 -5 -6 -7
leaf_value=0 0.017913501276984694 0.00029910433025592755 -0.0018404784002440191 0.00019078183295815327 -0.0073206056513860892 -0.016837851639612683
leaf_weight=0.40815332235070023 12.117481728637358 0.27082676155259777 3.2391407335526319 0.55941167153650972 2.3007235893746838 8.5881817492627288
leaf_count=85 332 19 874 74 685 4417
internal_value=0.000158537 0.0101775 0.0140112 -0.0152483 -0.00602508 -0.0163801
internal_weight=27.4839 17.9282 15.3566 9.55575 2.57155 8.99634
internal_count=6486 1910 1206 4576 704 4502
is_linear=0
shrinkage=0.025


Tree=91
num_leaves=7
num_cat=0
split_feature=21 6 26 19 27 21
split_gain=8.11498 3.21967 1.50106 1.4248 0.722454 0.130997
threshold=0.22058650106191638 3.3629397153854375 -0.88089025020599354 0.71135473251342785 0.71688804030418407 1.8595926761627199
decision_type=2 2 2 2 2 2
left_child=3 2 -2 4 -1 -3
right_child=1 5 -4 -5 -6 -7
leaf_value=-0.017607332169440638 0.017191742053901681 -0.0078021741806294301 -0.00030333038524614243 0.0021256965643287576 0.00048204771668673891 0
leaf_weight=9.0422502637520665 10.710002744832307 1.9210201807145488 2.7408585572848088 1.2049002031562839 0.51176689381827678 0.38716327142901708
leaf_count=4273 346 814 888 107 62 24
internal_value=-0.000229136 0.00989583 0.0141719 -0.0138905 -0.0163762 -0.00681514
internal_weight=26.518 15.759 13.4509 10.7589 9.55402 2.30818
internal_count=6514 2072 1234 4442 4335 838
is_linear=0
shrinkage=0.025


Tree=92
num_leaves=7
num_cat=0
split_feature=26 6 22 22 0 5
split_gain=9.61829 3.70322 0.913991 0.854059 0.591817 0.213379
threshold=-0.9349050223827361 4.1052079200744638 1.3309507966041567 0.032758476212620742 0.24750857800245288 4.0180926322937021
decision_type=2 2 2 2 2 2
left_child=1 3 4 -1 -2 -3
right_child=2 5 -4 -5 -6 -7
leaf_value=-0.00017891826367742855 0 0.00026180052044689068 0.0013295002153371164 0.017484739827958236 -0.016981322187684424 -0.0082155790944118384
leaf_weight=1.0266295231267601 0.62512015752144812 0.32286657155782394 0.62114148898399513 11.466322574648073 10.318548572540747 2.0453144487983081
leaf_count=498 104 99 32 340 4541 836
internal_value=-0.000317044 0.011283 -0.0145071 0.0160397 -0.015933 -0.00681821
internal_weight=26.4259 14.8611 11.5648 12.493 10.9437 2.36818
internal_count=6450 1773 4677 838 4645 935
is_linear=0
shrinkage=0.025


Tree=93
num_leaves=7
num_cat=0
split_feature=21 19 21 12 24 11
split_gain=9.62725 5.17436 0.709436 0.69631 0.135118 0.0927843
threshold=0.97451570630073558 0.1972359120845795 0.0042671149130910644 2.8753541707992558 -3.5253996849060054 2.3204737901687627
decision_type=2 2 2 2 2 2
left_child=1 4 -3 -2 -1 -5
right_child=3 2 -4 5 -6 -7
leaf_value=0 -0.00065082738794379957 -0.0030002833795228371 0.0081942638431954998 0 -0.019580422870409096 0.016119252579927527
leaf_weight=0.14848586916923778 0.56094742106506501 1.4512573475949455 4.2202492601209087 0.12396424962207575 10.40380438452121 9.2369092246226483
leaf_count=16 83 491 371 9 5130 327
internal_value=-0.000630545 -0.0115291 0.00468046 0.0146632 -0.0193469 0.0159232
internal_weight=26.1456 16.2238 5.67151 9.92182 10.5523 9.36087
internal_count=6427 6008 862 419 5146 336
is_linear=0
shrinkage=0.025


Tree=94
num_leaves=6
num_cat=0
split_feature=22 13 26 27 26
split_gain=8.71729 3.60253 2.10288 0.689398 0.035292
threshold=0.032758476212620742 2.9656887054443364 -0.88252601027488697 0.71688804030418407 -0.36305955052375788
decision_type=2 2 2 2 2
left_child=3 -2 -3 -1 -5
right_child=1 2 -4 4 -6
leaf_value=-0.016721357021162158 -0.0084157556679490507 0.017363042431924918 -0.0011662909040927307 0.0021040707258829245 -0.00032554490253821201
leaf_weight=8.5202820042322855 1.9154813054628927 12.121927076776046 3.3787954361760031 0.24525574187282473 0.25380393504747267
leaf_count=4517 592 443 855 14 49
internal_value=0 0.00967236 0.0137198 -0.0154609 0.000559376
internal_weight=26.4355 17.4162 15.5007 9.01934 0.49906
internal_count=6470 1890 1298 4580 63
is_linear=0
shrinkage=0.025


Tree=95
num_leaves=7
num_cat=0
split_feature=22 27 6 25 13 19
split_gain=8.08907 2.51387 1.78681 0.586195 0.544421 0.373578
threshold=0.35511665046215063 0.10795953497290613 3.3832629919052128 0.44743463397026068 2.2150264978408818 0.55604141950607311
decision_type=2 2 2 2 2 2
left_child=1 4 3 -2 -1 -3
right_child=2 5 -4 -5 -6 -7
leaf_value=-0.0036960326275432632 0.015887051604784538 -0.0176335225827144 -0.0043931782459289285 -0.0001817203691088584 0.0063528302891905867 0
leaf_weight=0.93136579803831709 9.0271129530738055 10.176867063433743 0.87399230510345738 0.61403238418279293 2.5944282929849578 0.33325884008081708
leaf_count=378 267 4943 281 192 343 42
internal_value=-0.0016131 -0.0124734 0.0118287 0.0147242 0.00235445 -0.0170061
internal_weight=24.5511 14.0359 10.5151 9.64115 3.52579 10.5101
internal_count=6446 5706 740 459 721 4985
is_linear=0
shrinkage=0.025


Tree=96
num_leaves=7
num_cat=0
split_feature=22 6 21 27 27 22
split_gain=8.14134 1.97992 1.38541 0.97136 0.620247 0.100837
threshold=0.19366031140089038 4.1052079200744638 0.97451570630073558 0.22295057028532031 0.71688804030418407 -0.084551375359296785
decision_type=2 2 2 2 2 2
left_child=2 3 4 -2 -1 -4
right_child=1 -3 5 -5 -6 -7
leaf_value=-0.017083419616492335 0.015953239611408904 -0.0050768234122981655 -0.00073982196207123549 0 0.00013576082254652632 0.0037462881654037987
leaf_weight=9.3618878565612249 10.011084002355345 1.1232257904193819 0.26636058028088871 2.1680513314204282 0.57230570091633204 1.0637737892393477
leaf_count=5056 343 295 74 497 76 45
internal_value=-0.000529614 0.0107972 -0.0134972 0.0136765 -0.0159596 0.00198581
internal_weight=24.5667 13.3024 11.2643 12.1791 9.93419 1.33013
internal_count=6386 1135 5251 840 5132 119
is_linear=0
shrinkage=0.025


Tree=97
num_leaves=7
num_cat=0
split_feature=22 6 17 26 27 24
split_gain=7.80407 2.29077 1.83658 0.908447 0.613092 0.34042
threshold=0.19366031140089038 3.5707043409347539 0.81933456659317028 -0.79666882753372181 0.71688804030418407 0.31032973527908331
decision_type=2 2 2 2 2 2
left_child=2 3 4 -2 -1 -4
right_child=1 -3 5 -5 -6 -7
leaf_value=-0.016826473163047858 0.016116535019159047 -0.0048095097796891934 0.0059717004870175547 -0.00035653731291511415 0.00016305552794354061 -0.002438031944492523
leaf_weight=9.109150228308863 11.185462912661022 1.7831112619023759 1.4922693454427638 1.3231128816260014 0.5694695522834089 0.52929663012037043
leaf_count=4995 393 422 43 343 77 199
internal_value=7.31126e-05 0.0110657 -0.0122729 0.0144129 -0.015686 0.00271154
internal_weight=25.9919 14.2917 11.7002 12.5086 9.67862 2.02157
internal_count=6472 1158 5314 736 5072 242
is_linear=0
shrinkage=0.025


Tree=98
num_leaves=7
num_cat=0
split_feature=27 6 24 0 17 22
split_gain=6.74952 3.40157 1.86899 0.509454 0.338357 0.321018
threshold=0.17126750946044925 3.2730076313018803 -3.6522214412689205 0.24750857800245288 1.1785222291946413 -0.099495999515056596
decision_type=2 2 2 2 2 2
left_child=1 5 -2 -4 -3 -1
right_child=2 4 3 -5 -6 -7
leaf_value=0 0.0036743370612475515 -0.0075711873277564627 0 -0.015876689903834017 0.0013312040408008704 0.016858970791699467
leaf_weight=0.47088699410960622 1.6111467155278649 2.6067768663051534 0.65195146994665165 9.1920047144376422 0.60461570788174857 9.5323950215679361
leaf_count=185 154 1300 109 4396 50 242
internal_value=0 0.0105786 -0.0115103 -0.0148172 -0.00534397 0.0161843
internal_weight=24.6698 13.2147 11.4551 9.84396 3.21139 10.0033
internal_count=6436 1777 4659 4505 1350 427
is_linear=0
shrinkage=0.025


Tree=99
num_leaves=7
num_cat=0
split_feature=21 19 13 7 12 23
split_gain=7.24222 4.25685 1.21891 0.94656 0.647342 0.0538578
threshold=0.94744881987571727 0.24461427330970767 2.9656887054443364 5.0531740188598642 3.0128455162048344 -10.744988441467283
decision_type=2 2 2 2 2 2
left_child=1 3 -3 -1 -2 -6
right_child=4 2 -4 -5 5 -7
leaf_value=-0.018579442312386712 -0.00055061530429094863 -0.0049772695683421376 0.0098676197636120896 7.8332505160395009e-05 0 0.015123085861684846
leaf_weight=9.2087073275179154 0.66636617336189274 1.132135992302209 4.0374721708649304 1.1353497828822572 0.14578283586888474 8.2928593093674845
leaf_count=5004 88 386 338 254 31 296
internal_value=-2.41712e-05 -0.00968146 0.0051533 -0.0167661 0.0135864 0.0149573
internal_weight=24.6187 15.5137 5.16961 10.3441 9.10501 8.43864
internal_count=6397 5982 724 5258 415 327
is_linear=0
shrinkage=0.025


Tree=100
num_leaves=7
num_cat=0
split_feature=21 22 12 17 26 13
split_gain=8.07902 3.23556 0.788188 0.711531 0.28966 0.0523236
threshold=0.94744881987571727 0.74925556778907787 2.8753541707992558 0.55089443922042858 -0.84885382652282704 3.0545879602432255
decision_type=2 2 2 2 2 2
left_child=1 3 -2 -1 -4 -3
right_child=2 5 4 -5 -6 -7
leaf_value=-0.017966463704259618 -0.0012062948116445401 0 0.015573532273625386 0 0 0.0061893586221801484
leaf_weight=10.20632666310121 0.62911742221331124 0.37618340621702318 7.727022820734418 1.8371448144171143 0.70118574268417333 1.9921622736146671
leaf_count=5299 91 60 181 589 157 63
internal_value=-0.00130693 -0.0117427 0.0131242 -0.0161835 0.0147101 0.00564926
internal_weight=23.4691 14.4118 9.05733 12.0435 8.42821 2.36835
internal_count=6440 6011 429 5888 338 123
is_linear=0
shrinkage=0.025


Tree=101
num_leaves=7
num_cat=0
split_feature=21 19 21 5 27 22
split_gain=7.74808 5.04329 0.603153 0.548975 0.17998 0.110602
threshold=0.94744881987571727 0.24461427330970767 0.0042671149130910644 4.0180926322937021 0.30009561777114874 0.79063504934310924
decision_type=2 2 2 2 2 2
left_child=1 5 -3 4 -2 -1
right_child=3 2 -4 -5 -6 -7
leaf_value=-0.019173820749380746 0.015059042563937223 -0.0023336368902425147 0.0084202111627272643 -0.00043051019718012254 0 0
leaf_weight=9.5484019532595994 7.8300977321487117 1.2632784586749028 3.8534324562060647 0.54467602778459046 0.67524862673599262 0.14817788556683886
leaf_count=5294 203 426 295 74 132 13
internal_value=-0.000923138 -0.0110338 0.00530623 0.0132186 0.0143912 -0.0189532
internal_weight=23.8633 14.8133 5.11671 9.05002 8.50535 9.69658
internal_count=6437 6028 721 409 335 5307
is_linear=0
shrinkage=0.025


Tree=102
num_leaves=7
num_cat=0
split_feature=21 5 24 13 3 6
split_gain=7.33292 1.48643 1.38723 1.34648 0.821847 0.0450229
threshold=0.50365391373634349 4.0180926322937021 -4.7863144874572745 5.46305274963379 1.1080801486968996 3.637680292129517
decision_type=2 2 2 2 2 2
left_child=2 4 -1 -4 -2 -3
right_child=1 5 3 -5 -6 -7
leaf_value=0.0029606197061104959 -0.0016860638075084462 0 -0.016892844244311252 0.0013433375200992042 0.014856794169256516 -0.0042874524405845651
leaf_weight=1.0653763079026237 0.31843344887601865 0.11921820277348238 8.91737259126967 1.5043097939342249 11.324947403074473 0.85022133853635751
leaf_count=45 155 3 4876 401 765 216
internal_value=0 0.0113155 -0.0118826 -0.0142732 0.0136582 -0.00364709
internal_weight=24.0999 12.6128 11.4871 10.4217 11.6434 0.96944
internal_count=6461 1139 5322 5277 920 219
is_linear=0
shrinkage=0.025


Tree=103
num_leaves=7
num_cat=0
split_feature=22 6 26 5 17 22
split_gain=6.17285 2.81209 1.78996 0.567901 0.642579 0.239411
threshold=0.032758476212620742 3.2038887739181523 -0.79666882753372181 -0.19826918095350263 1.0170431733131411 0.92583569884300243
decision_type=2 2 2 2 2 2
left_child=3 2 -2 -1 -5 -3
right_child=1 5 -4 4 -6 -7
leaf_value=0.00058606796299859624 0.016071361664747066 -0.0081067660973932615 -0.0025223595148868945 -0.015818455626980886 0 0.00031153107537300106
leaf_weight=0.52483618732367077 10.962507003132485 1.8150071799900609 1.8512353209080163 7.0837754323729332 0.98361992300488044 0.65263332799077023
leaf_count=94 475 710 609 4387 115 46
internal_value=0 0.00885153 0.0130802 -0.0129203 -0.0141653 -0.00632552
internal_weight=23.8736 15.2814 12.8137 8.59223 8.0674 2.46764
internal_count=6436 1840 1084 4596 4502 756
is_linear=0
shrinkage=0.025


Tree=104
num_leaves=7
num_cat=0
split_feature=22 27 6 24 27 21
split_gain=6.76778 2.68157 1.97806 0.704269 0.623041 0.114058
threshold=0.032758476212620742 0.1695247292518616 3.9453105926513676 -3.6522214412689205 0.71688804030418407 1.2649849653244021
decision_type=2 2 2 2 2 2
left_child=4 2 -2 -3 5 -1
right_child=1 3 -4 -5 -6 -7
leaf_value=-0.016083485331203774 0.016665275954068037 0.0032919083610344724 -0.0040887432560344729 -0.0078693109103585065 0.00050116797543661305 0
leaf_weight=7.2623506171221397 10.086637912580041 1.5272609628154885 0.91278325002349525 3.2478601246839389 0.51752874051453535 0.32757102430332441
leaf_count=4548 304 159 330 1099 69 34
internal_value=-0.000163957 0.00854793 0.0138128 -0.00380229 -0.0143861 -0.0156935
internal_weight=23.882 15.7745 10.9994 4.77512 8.10745 7.58992
internal_count=6543 1892 634 1258 4651 4582
is_linear=0
shrinkage=0.025


Tree=105
num_leaves=7
num_cat=0
split_feature=26 6 18 27 22 18
split_gain=7.13478 3.44074 1.03532 0.601873 0.421887 0.243927
threshold=-0.93158787488937367 3.3083589076995854 0.33513171970844274 0.71688804030418407 -0.099495999515056596 0.54206931591033947
decision_type=2 2 2 2 2 2
left_child=1 4 3 -2 -1 -3
right_child=2 5 -4 -5 -6 -7
leaf_value=0 -0.016383363972511656 -0.0076015435718517132 0.00038688012746783515 0.00023000075213510355 0.016823827710284674 0.00048302624441469384
leaf_weight=0.49658264708705324 7.6899279655917763 2.2139850766689047 2.1110112285678033 0.55969084709067818 9.9214304509368958 0.69304244106751856
leaf_count=214 4136 1213 442 91 279 132
internal_value=0 0.010641 -0.0124587 -0.0151231 0.0160257 -0.00579706
internal_weight=23.6857 13.325 10.3606 8.24962 10.418 2.90703
internal_count=6507 1838 4669 4227 493 1345
is_linear=0
shrinkage=0.025


Tree=106
num_leaves=7
num_cat=0
split_feature=22 13 2 5 0 26
split_gain=6.29771 2.6575 1.41001 0.55147 0.175777 0.0809993
threshold=0.032758476212620742 2.9656887054443364 1.6018484234809878 -0.19826918095350263 3.5869443416595463 -1.129660904407501
decision_type=2 2 2 2 2 2
left_child=3 4 -3 -1 -2 -5
right_child=1 2 -4 5 -6 -7
leaf_value=0.00035782039930634538 7.6826421953690412e-05 -0.002701676845598187 0.014849808558792808 0 -0.0077914876845529939 -0.015110243923745824
leaf_weight=0.56332118999853253 0.28398479177849312 1.1123721061740059 12.10004425558145 0.40054522463469755 1.7826663085579637 7.0683949659141962
leaf_count=97 28 363 890 86 557 4412
internal_value=0 0.0088134 0.0126929 -0.0134594 -0.00653649 -0.0147284
internal_weight=23.3113 15.2791 13.2124 8.03226 2.06665 7.46894
internal_count=6433 1838 1253 4595 585 4498
is_linear=0
shrinkage=0.025


Tree=107
num_leaves=7
num_cat=0
split_feature=22 6 26 27 17 22
split_gain=5.90674 2.26843 1.70737 0.524275 0.484639 0.307066
threshold=0.032758476212620742 2.9313077926635747 -0.79666882753372181 0.71688804030418407 1.1785222291946413 0.92583569884300243
decision_type=2 2 2 2 2 2
left_child=3 2 -2 4 -1 -3
right_child=1 5 -4 -5 -6 -7
leaf_value=-0.015324056530022952 0.015807358257631715 -0.0069405197919936564 -0.0024763594943574504 0.00042801756235865437 0 0.0011925694744287694
leaf_weight=6.719348798258582 10.430061118313459 2.0972167745494512 1.7993954038101936 0.52904638403560955 0.68659100259537797 1.0080640853848306
leaf_count=4436 409 809 598 72 66 58
internal_value=0.000240011 0.00878927 0.0128165 -0.0128096 -0.0140504 -0.00442222
internal_weight=23.2697 15.3347 12.2295 7.93499 7.40594 3.10528
internal_count=6448 1874 1007 4574 4502 867
is_linear=0
shrinkage=0.025


Tree=108
num_leaves=7
num_cat=0
split_feature=27 5 19 27 21 25
split_gain=6.12864 2.35197 0.925631 0.57933 0.504681 0.164872
threshold=0.1695247292518616 4.036543846130372 0.53965365886688244 0.71688804030418407 0.0042671149130910644 -5.0135688781738272
decision_type=2 2 2 2 2 2
left_child=1 4 3 -2 -1 -3
right_child=2 5 -4 -5 -6 -7
leaf_value=0 -0.01548515043176598 0.00018781409407685618 0.0012288841887547535 0.00034157027217347887 0.015125159889796576 -0.0065210326117249653
leaf_weight=0.78744400356663646 8.3909157435700727 0.58154286153148804 1.1481594807119098 0.53688506686012338 8.8451513423497072 1.6256190214044179
leaf_count=317 4447 32 146 86 536 875
internal_value=-0.000633053 0.00962749 -0.0122986 -0.0143037 0.0139608 -0.00498221
internal_weight=21.9157 11.8398 10.076 8.9278 9.6326 2.20716
internal_count=6439 1760 4679 4533 853 907
is_linear=0
shrinkage=0.025


Tree=109
num_leaves=7
num_cat=0
split_feature=21 19 13 27 12 20
split_gain=6.1572 3.63011 1.00288 0.686918 0.544882 0.248468
threshold=0.97451570630073558 0.24461427330970767 3.0970115661621098 0.71688804030418407 2.8753541707992558 0.8705115318298341
decision_type=2 2 2 2 2 2
left_child=1 3 -3 -1 -2 -6
right_child=4 2 -4 -5 5 -7
leaf_value=-0.018136269251207007 -0.00060762202215111042 -0.0046208631111183908 0.0089471464540448811 0.0001836600862550137 0.014447707124744037 0
leaf_weight=8.6905092718516244 0.54072830505901848 1.0632092002051639 3.4741569880570751 0.56858639550046142 6.469687801974942 0.65340159970219236
leaf_count=5280 82 412 316 87 183 124
internal_value=-0.00120327 -0.0102796 0.00435679 -0.016903 0.0122499 0.0135896
internal_weight=21.4603 13.7965 4.53737 9.2591 7.66382 7.12309
internal_count=6484 6095 728 5367 389 307
is_linear=0
shrinkage=0.025


Tree=110
num_leaves=7
num_cat=0
split_feature=21 19 13 12 27 16
split_gain=6.34959 3.89324 1.15603 0.798294 0.682609 0.0259326
threshold=0.94744881987571727 0.1972359120845795 2.9656887054443364 2.8753541707992558 0.71688804030418407 0.84260180592536937
decision_type=2 2 2 2 2 2
left_child=1 4 -3 -2 -1 -5
right_child=3 2 -4 5 -6 -7
leaf_value=-0.017637737318545857 -0.0011864567109049918 -0.0049370632219398174 0.0093799490395831686 0.015367720000411277 0.00029658583363844921 0
leaf_weight=8.2181027993210591 0.6238112419960079 1.160720247455173 4.2304087689699372 7.648087446621501 0.54638269077986557 0.60754095096490335
leaf_count=5082 87 443 427 227 74 111
internal_value=0.00036366 -0.00882653 0.00480361 0.0133667 -0.016364 0.0149706
internal_weight=23.0351 14.1556 5.39113 8.87944 8.76449 8.25563
internal_count=6451 6026 870 425 5156 338
is_linear=0
shrinkage=0.025


Tree=111
num_leaves=7
num_cat=0
split_feature=22 21 19 13 20 23
split_gain=5.5803 2.7465 0.92889 0.592269 0.372001 0.0785951
threshold=0.71694371104240429 0.94744881987571727 0.24461427330970767 2.9656887054443364 -0.051790732890367501 -6.3143663406372061
decision_type=2 2 2 2 2 2
left_child=1 2 -1 -2 -3 -5
right_child=3 4 -4 5 -6 -7
leaf_value=-0.015773516606710877 -0.0010048232108146283 -0.0017582423923166073 0 0 0.0075248911082480456 0.014312834371763337
leaf_weight=9.0631208805716614 0.30086827403283578 0.36352851551782839 2.4699924975575405 0.20223197746963695 2.9793665479082838 7.0284487679164158
leaf_count=5283 81 121 607 80 131 171
internal_value=-9.15462e-05 -0.00850503 -0.013286 0.0127907 0.00531752 0.0140518
internal_weight=22.4076 14.876 11.5331 7.53155 3.3429 7.23068
internal_count=6474 6142 5890 332 252 251
is_linear=0
shrinkage=0.025


Tree=112
num_leaves=7
num_cat=0
split_feature=27 5 22 17 24 6
split_gain=4.87149 2.10786 1.87389 0.54488 0.385999 0.153456
threshold=0.13717123866081241 4.1318278312683114 0.74925556778907787 0.66133576631546032 0.20158912986516955 3.9453105926513676
decision_type=2 2 2 2 2 2
left_child=1 4 3 -2 -1 -3
right_child=2 5 -4 -5 -6 -7
leaf_value=0.015183345942163496 -0.01498129750937875 0.00034071864405830045 0.0040485809035838184 0 0 -0.0061061603839292064
leaf_weight=7.6846528652386059 8.0527079472958558 0.30650787799095169 2.0595857723965301 1.6809785149962397 0.52340681474015571 1.4739377253717973
leaf_count=272 4653 31 174 361 301 688
internal_value=-0.000138243 0.0100427 -0.00955603 -0.0132559 0.0142525 -0.00464171
internal_weight=21.7818 9.98851 11.7933 9.73369 8.20806 1.78045
internal_count=6480 1292 5188 5014 573 719
is_linear=0
shrinkage=0.025


Tree=113
num_leaves=6
num_cat=0
split_feature=22 17 24 26 13
split_gain=6.27017 3.50848 0.741127 0.680887 0.590798
threshold=0.65347349643707286 0.57042068243026745 0.22145315259695056 -0.39631035923957819 2.6078799962997441
decision_type=2 2 2 2 2
left_child=1 3 -3 -1 -2
right_child=4 2 -4 -5 -6
leaf_value=-0.017797202343483802 -0.00097699610551291562 0.0081335802267555202 -0.0037386650117889951 0.00024249720965697054 0.014028356064644115
leaf_weight=8.4390373788773996 0.31892242733738285 3.6018515004689098 0.81433701301284589 0.55799484314047987 7.5187323633435881
leaf_count=5268 70 206 513 85 302
internal_value=-0.000492662 -0.00995771 0.00445785 -0.0165449 0.0127882
internal_weight=21.2509 13.4132 4.41619 8.99703 7.83765
internal_count=6444 6072 719 5353 372
is_linear=0
shrinkage=0.025


Tree=114
num_leaves=7
num_cat=0
split_feature=21 26 22 13 0 22
split_gain=4.8691 1.69862 1.41466 1.08006 0.638277 0.421904
threshold=0.30959951877594 -0.88252601027488697 0.87363335490226757 2.2150264978408818 0.24750857800245288 0.79063504934310924
decision_type=2 2 2 2 2 2
left_child=2 3 4 -2 -1 -3
right_child=1 5 -4 -5 -6 -7
leaf_value=0.00048870846662450523 -0.0025089906499623834 -0.0070126141464090797 0.0029868270406165653 0.014198859783329501 -0.015869376030073511 0.0022107856562705716
leaf_weight=0.54619976421236227 0.59804183058440585 1.6781490465946256 1.1358803360199088 8.9109763461456151 7.2164827553497162 1.0955051944183649
leaf_count=104 217 802 47 554 4617 113
internal_value=-0.000390032 0.00832447 -0.0115358 0.0122148 -0.0144881 -0.00348683
internal_weight=21.1812 12.2827 8.89856 9.50902 7.76268 2.77365
internal_count=6454 1686 4768 771 4721 915
is_linear=0
shrinkage=0.025


Tree=115
num_leaves=7
num_cat=0
split_feature=18 6 17 22 27 13
split_gain=5.37139 1.00347 0.842096 0.607481 0.530501 0.36452
threshold=0.16541486978530887 4.1052079200744638 0.72584402561187755 0.22517549991607669 0.71688804030418407 4.1061322689056405
decision_type=2 2 2 2 2 2
left_child=2 3 4 -2 -1 -4
right_child=1 -3 5 -5 -6 -7
leaf_value=-0.014467638317914894 -0.00076804405340217218 -0.0023339910938386015 -0.0037009884467797318 0.013342487407178541 0.00034622947553412475 0.0048928318460909337
leaf_weight=7.5123065549996699 0.66643185653083392 1.1729686188045878 0.72384472773410324 9.4000187089404772 0.54590253203059536 1.3123718857532365
leaf_count=4675 350 372 285 564 81 66
internal_value=0 0.00990629 -0.0108088 0.0120486 -0.0132371 0.000490532
internal_weight=21.3338 11.2394 10.0944 10.0665 8.05821 2.03622
internal_count=6393 1286 5107 914 4756 351
is_linear=0
shrinkage=0.025


Tree=116
num_leaves=7
num_cat=0
split_feature=22 17 27 5 6 16
split_gain=5.18515 3.58757 0.582811 0.495744 0.2838 0.0376227
threshold=0.71694371104240429 0.80304524302482616 0.71688804030418407 3.6565241813659672 3.729690790176392 0.57516950368881237
decision_type=2 2 2 2 2 2
left_child=1 2 -1 -3 5 -2
right_child=4 3 -4 -5 -6 -7
leaf_value=-0.01639189669472884 0.013072426050448656 0.0084962932282557687 0.00010780140761623138 -0.0021419517754740704 0 0
leaf_weight=9.640693217414082 5.7970405805972396 3.1632684546784726 0.585517623927445 0.4910544596496037 0.42899250466143701 0.54046303122595407
leaf_count=5725 147 146 91 173 74 108
internal_value=-0.00117749 -0.00929744 -0.0153115 0.00593298 0.011821 0.0126755
internal_weight=20.647 13.8805 10.2262 3.65432 6.7665 6.3375
internal_count=6464 6135 5816 319 329 255
is_linear=0
shrinkage=0.025


Tree=117
num_leaves=7
num_cat=0
split_feature=21 26 6 27 24 24
split_gain=4.93562 2.31043 1.22035 0.54476 0.58798 0.524525
threshold=0.18243902176618579 -0.88252601027488697 4.1052079200744638 0.71688804030418407 -4.7863144874572745 -3.6522214412689205
decision_type=2 2 2 2 2 2
left_child=3 2 -2 4 -1 -3
right_child=1 5 -4 -5 -6 -7
leaf_value=0.00063486966607204619 0.014904246817959889 0.0022255928212850332 -0.0021316200977772193 0.00072874205898610408 -0.014777827575394691 -0.0082182920275150114
leaf_weight=0.46388974811998274 9.9059254877211043 1.0897489001508796 1.0824248816206807 0.48196084136725392 6.3419223914097547 2.0640365403523901
leaf_count=30 592 130 407 64 4124 1154
internal_value=0.000172153 0.0082773 0.0126934 -0.0120156 -0.0133739 -0.0046912
internal_weight=21.4299 14.1421 10.9884 7.28777 6.80581 3.15379
internal_count=6501 2283 999 4218 4154 1284
is_linear=0
shrinkage=0.025


Tree=118
num_leaves=7
num_cat=0
split_feature=25 6 27 0 24 22
split_gain=4.78887 2.76942 1.38193 0.538842 0.192553 0.184279
threshold=0.44743463397026068 3.2038887739181523 0.072489034384489073 0.24750857800245288 -0.24094211310148236 0.92583569884300243
decision_type=2 2 2 2 2 2
left_child=1 -1 4 -4 -2 -3
right_child=2 5 3 -5 -6 -7
leaf_value=0.014351884536510338 0.0050059433438953867 -0.0068905718011385954 0.0002537805001008345 -0.014911048560215355 -0.0013555291792150962 0.00017492939143935686
leaf_weight=9.7980443660344481 1.3010247449856249 2.0843154442554801 0.58212001205538388 6.762360109409201 0.44491454378294104 0.72002632680232626
leaf_count=574 38 903 112 4521 268 44
internal_value=0.000552763 0.00934904 -0.0101885 -0.0135868 0.0026552 -0.0053258
internal_weight=21.6928 12.6024 9.09042 7.34448 1.74594 2.80434
internal_count=6460 1521 4939 4633 306 947
is_linear=0
shrinkage=0.025


Tree=119
num_leaves=6
num_cat=0
split_feature=22 17 26 12 11
split_gain=5.36361 3.81945 0.683835 0.644056 0.347003
threshold=0.74925556778907787 0.66133576631546032 -0.39631035923957819 3.0128455162048344 2.2384322881698613
decision_type=2 2 2 2 2
left_child=1 2 -1 -3 -2
right_child=4 3 -4 -5 -6
leaf_value=-0.017576162200717668 0 -0.0029911425617140919 0.00030608026925653636 0.0085018958272208168 0.013273832082810863
leaf_weight=8.4525867090123921 0.50903926164028135 0.64746832550736044 0.54896671147435228 3.6463648846111028 6.2037873416702496
leaf_count=5518 77 210 86 327 215
internal_value=-0.000886349 -0.00939463 -0.0163194 0.00541952 0.0122483
internal_weight=20.0082 13.2954 9.00155 4.29383 6.71283
internal_count=6433 6141 5604 537 292
is_linear=0
shrinkage=0.025


Tree=120
num_leaves=6
num_cat=0
split_feature=22 6 26 22 26
split_gain=5.34329 2.35114 1.25646 0.109648 0.101634
threshold=0.032758476212620742 3.2038887739181523 -0.79666882753372181 0.92583569884300243 -1.129660904407501
decision_type=2 2 2 2 2
left_child=4 2 -2 -3 -1
right_child=1 3 -4 -5 -6
leaf_value=0 0.014418686292562828 -0.0072570765161532854 -0.0015309161616263807 0 -0.014246150689592299
leaf_weight=0.36055649805348444 9.6937525316025113 1.6041617538285202 1.9399666723184044 0.63220623327651981 6.4002405855717388
leaf_count=85 472 697 623 55 4507
internal_value=-0.000493262 0.00761973 0.0117226 -0.00621239 -0.0138322
internal_weight=20.6309 13.8701 11.6337 2.23637 6.7608
internal_count=6439 1847 1095 752 4592
is_linear=0
shrinkage=0.025


Tree=121
num_leaves=7
num_cat=0
split_feature=27 6 24 24 0 5
split_gain=4.47022 2.18496 1.10872 0.591556 0.509647 0.148583
threshold=0.1695247292518616 4.1052079200744638 -3.6522214412689205 0.44895228743553167 0.24750857800245288 4.0180926322937021
decision_type=2 2 2 2 2 2
left_child=1 3 -2 -1 -4 -3
right_child=2 5 4 -5 -6 -7
leaf_value=0.014502622791784894 0.0022953729597464125 0.00015638010607325716 0.00034265120178856499 -0.0008026170398702378 -0.01393858381649115 -0.0064766961342384525
leaf_weight=8.7062692917388631 1.4266011470172077 0.30791465274523844 0.56698006627266107 0.37081878338358443 7.5338768313231412 1.616170092805987
leaf_count=412 155 110 112 400 4445 828
internal_value=0 0.00913653 -0.0100186 0.0133704 -0.0127127 -0.00516615
internal_weight=20.5286 11.0012 9.52746 9.07709 8.10086 1.92408
internal_count=6462 1750 4712 812 4557 938
is_linear=0
shrinkage=0.025


Tree=122
num_leaves=7
num_cat=0
split_feature=27 6 18 24 27 21
split_gain=4.44701 2.15976 1.20921 0.671188 0.559199 0.151905
threshold=0.17126750946044925 4.1052079200744638 0.34729367494583135 0.44895228743553167 0.71688804030418407 1.8595926761627199
decision_type=2 2 2 2 2 2
left_child=1 3 4 -1 -2 -3
right_child=2 5 -4 -5 -6 -7
leaf_value=0.014847187893341962 -0.014184559988969626 -0.0063171989957518868 0.0019056751669115288 -0.0010192047852973396 0.00058686209728693389 0.00025849904090035063
leaf_weight=9.0030328737193486 6.7792236389795999 1.6004717066389265 2.3180512201506644 0.3926398212497596 0.50271801708731789 0.28007326036458824
leaf_count=426 4188 926 422 419 79 7
internal_value=0.000470313 0.00957396 -0.00941151 0.0136263 -0.0128322 -0.00495333
internal_weight=20.8762 11.2762 9.59999 9.39567 7.28194 1.88054
internal_count=6467 1778 4689 845 4267 933
is_linear=0
shrinkage=0.025


Tree=123
num_leaves=7
num_cat=0
split_feature=21 24 7 26 13 13
split_gain=4.54504 2.23831 0.873308 0.508162 0.468552 0.155401
threshold=0.94744881987571727 -3.3937480449676509 5.0531740188598642 -0.80696856975555409 2.2150264978408818 2.9656887054443364
decision_type=2 2 2 2 2 2
left_child=1 5 -3 4 -2 -1
right_child=3 2 -4 -5 -6 -7
leaf_value=-0.00037482729044807086 -0.00064908304417346605 -0.015416159906754771 0.00089392982331659232 -0.00078912200752506451 0.01338312959301648 0.0061379545582902553
leaf_weight=0.21827810001559678 0.26319403201341618 8.6366194396541669 0.97712700726697299 0.52871767009491932 6.1485777073685313 2.0326519608788658
leaf_count=76 70 5524 268 152 184 108
internal_value=-0.000934556 -0.00933436 -0.0135921 0.0107972 0.0122274 0.00482147
internal_weight=18.8052 11.8647 9.61375 6.94049 6.41177 2.25093
internal_count=6382 5976 5792 406 254 184
is_linear=0
shrinkage=0.025


Tree=124
num_leaves=7
num_cat=0
split_feature=22 26 5 0 6 5
split_gain=4.85977 1.92301 0.815114 0.546678 0.269472 0.0190158
threshold=0.71694371104240429 -1.0014895200729368 3.6565241813659672 0.24750857800245288 3.5943019390106206 0.55416706204414379
decision_type=2 2 2 2 2 2
left_child=1 2 -1 -3 5 -2
right_child=4 3 -4 -5 -6 -7
leaf_value=0.0075320098271302498 0 0.00023876991251277216 -0.0046817080444406687 -0.015028449997359628 0 0.012574830233746488
leaf_weight=2.6018000929616405 0.27143007874837977 0.58708734413085117 1.1456858720484886 8.437949416562331 0.42094230547081668 5.757201147993328
leaf_count=170 68 115 607 5244 75 168
internal_value=-0.00114281 -0.00933368 0.00254182 -0.0138586 0.0115246 0.0123757
internal_weight=19.2221 12.7725 3.74749 9.02504 6.44957 6.02863
internal_count=6447 6136 777 5359 311 236
is_linear=0
shrinkage=0.025


Tree=125
num_leaves=7
num_cat=0
split_feature=22 6 3 5 8 5
split_gain=3.59807 2.01153 1.09879 0.529425 0.359316 0.0544425
threshold=0.032758476212620742 3.3629397153854375 1.5049441456794741 -0.19826918095350263 -0.79248350858688343 -0.27599002420902247
decision_type=2 2 2 2 2 2
left_child=3 2 -2 5 -5 -1
right_child=1 -3 -4 4 -6 -7
leaf_value=-0.00059159057869047197 -0.0022578040685784484 -0.006235099940641536 0.012907884175172147 0 -0.013987703817548795 0.0026093663460694618
leaf_weight=0.32739618525374681 1.2889349693723477 1.9835252872871922 9.3444440496386942 0.33932340676256068 5.5047494967584507 0.17050327468314286
leaf_count=87 482 707 666 39 4436 7
internal_value=-0.000392143 0.00652295 0.0105356 -0.0115112 -0.0129932 0.000743939
internal_weight=18.9589 12.6169 10.6334 6.34197 5.84407 0.497899
internal_count=6424 1855 1148 4569 4475 94
is_linear=0
shrinkage=0.025


Tree=126
num_leaves=7
num_cat=0
split_feature=21 19 7 13 12 26
split_gain=3.94981 2.84439 0.871537 0.722383 0.535766 0.154479
threshold=0.97451570630073558 0.28780296444892889 5.0531740188598642 2.9656887054443364 2.8753541707992558 -0.80696856975555409
decision_type=2 2 2 2 2 2
left_child=1 2 -1 -3 -2 -6
right_child=4 3 -4 -5 5 -7
leaf_value=-0.016009811193875578 -0.0011448388537411316 -0.0034277875078996996 0.00071118284021068822 0.0084710368838557693 0.012939827112066982 0
leaf_weight=7.3707669070281572 0.31957653033896249 0.82414568118110665 1.0056964453251565 3.3432687622262165 5.9063337123516249 0.62627226492622856
leaf_count=5216 70 332 266 287 182 132
internal_value=-6.87534e-05 -0.00779875 -0.0140196 0.00485003 0.010875 0.0122464
internal_weight=19.3961 12.5439 8.37646 4.16741 6.85218 6.53261
internal_count=6485 6101 5482 619 384 314
is_linear=0
shrinkage=0.025


Tree=127
num_leaves=7
num_cat=0
split_feature=27 12 24 12 24 7
split_gain=4.08056 1.65891 1.32199 0.578479 0.418752 0.0749139
threshold=0.13089724630117419 2.6070923805236821 -3.6522214412689205 5.3300061225891122 0.22145315259695056 0.80674743652343761
decision_type=2 2 2 2 2 2
left_child=1 -1 5 -4 -3 -2
right_child=2 4 3 -5 -6 -7
leaf_value=-0.0045119399549797103 0 0.01420200137252953 -0.014303856654078692 0 0 0.0042338593309265834
leaf_weight=1.0802858707465954 0.30739160794473619 7.5739062983921013 6.2791976938169665 2.5594234991440317 0.53393705522466905 1.4642537154431918
leaf_count=470 83 359 4164 897 371 91
internal_value=0 0.00979544 -0.00872738 -0.0118589 0.0131725 0.00319336
internal_weight=19.7984 9.18813 10.6103 8.83862 8.10784 1.77165
internal_count=6435 1200 5235 5061 730 174
is_linear=0
shrinkage=0.025


Tree=128
num_leaves=6
num_cat=0
split_feature=22 17 7 24 4
split_gain=4.10614 3.14184 1.02494 0.483966 0.318169
threshold=0.79063504934310924 0.66133576631546032 5.0531740188598642 0.47979253530502325 5.1191506385803232
decision_type=2 2 2 2 2
left_child=1 2 -1 -3 -2
right_child=4 3 -4 -5 -6
leaf_value=-0.016386501880966818 0.01252902448598014 0.0079155003313545174 0.0012353867439547001 -0.0022677416547904491 0
leaf_weight=7.5435775874502742 5.9716255665698545 3.6811136087490004 0.92383906008035399 0.5421665199974085 0.44954744511051092
leaf_count=5313 237 185 266 369 48
internal_value=0 -0.00767805 -0.0142549 0.00540991 0.0115493
internal_weight=19.1119 12.6907 8.46742 4.22328 6.42117
internal_count=6418 6133 5579 554 285
is_linear=0
shrinkage=0.025


Tree=129
num_leaves=7
num_cat=0
split_feature=21 19 13 7 12 26
split_gain=4.20219 2.54598 0.861123 0.84344 0.642066 0.16232
threshold=0.94744881987571727 0.1972359120845795 2.9656887054443364 5.0531740188598642 2.8753541707992558 -0.80696856975555409
decision_type=2 2 2 2 2 2
left_child=1 3 -3 -1 -2 -6
right_child=4 2 -4 -5 5 -7
leaf_value=-0.015844385811658101 -0.0011014312099080427 -0.0042935606454986173 0.008214849088638447 0.000661088917170004 0.013766133424310848 0
leaf_weight=6.642687366766042 0.59300534898647939 1.0297943177283739 3.6381346806883812 1.0165799388778394 6.4140936880139634 0.60512583190575231
leaf_count=4938 88 436 433 276 192 138
internal_value=0.000384144 -0.00745487 0.00401551 -0.0137641 0.011497 0.0130967
internal_weight=19.9394 12.3272 4.66793 7.65927 7.61222 7.01922
internal_count=6501 6083 869 5214 418 330
is_linear=0
shrinkage=0.025


Tree=130
num_leaves=7
num_cat=0
split_feature=27 6 22 0 22 7
split_gain=3.87502 1.82754 1.42332 0.490492 0.222821 0.134366
threshold=0.16732747852802279 3.3629397153854375 0.74925556778907787 0.24750857800245288 0.032758476212620742 0.74289554357528698
decision_type=2 2 2 2 2 2
left_child=1 4 3 -2 -1 -4
right_child=2 -3 5 -5 -6 -7
leaf_value=0 0.00029331488720541707 -0.0034525179666225988 -0.00060131061097702448 -0.013760533839462031 0.014242191858512738 0.0049926587698848803
leaf_weight=0.4188970517570868 0.57632616191403752 2.5260276655026246 0.17713353846920643 6.8867437334411079 7.2338423152250471 1.4682908250833859
leaf_count=252 109 1270 70 4432 201 85
internal_value=0.000295035 0.00921794 -0.00896633 -0.0124915 0.0136058 0.00345063
internal_weight=19.2873 10.1788 9.10849 7.46307 7.65274 1.64542
internal_count=6419 1723 4696 4541 453 155
is_linear=0
shrinkage=0.025


Tree=131
num_leaves=6
num_cat=0
split_feature=21 6 2 24 21
split_gain=5.41806 1.36913 0.772014 0.739331 0.183069
threshold=0.30959951877594 3.3629397153854375 1.6018484234809878 -4.7863144874572745 1.8595926761627199
decision_type=2 2 2 2 2
left_child=3 2 -2 -1 -3
right_child=1 4 -4 -5 -6
leaf_value=0.00096524655151968746 -0.0013263394674515861 -0.0053274760300168079 0.01337064413793409 -0.01482228684202206 0.00097029068867584872
leaf_weight=0.67606422529206689 0.77563616845873085 1.3379095035634225 9.6184676603443204 6.320075139403345 0.57358075288357202
leaf_count=38 218 663 788 4705 24
internal_value=0 0.0088521 0.0117933 -0.0130092 -0.0031986
internal_weight=19.3017 12.3056 10.3941 6.99614 1.91149
internal_count=6436 1693 1006 4743 687
is_linear=0
shrinkage=0.025


Tree=132
num_leaves=7
num_cat=0
split_feature=21 19 12 8 13 26
split_gain=3.81164 2.23822 0.664658 0.660426 0.506731 0.194433
threshold=0.94744881987571727 0.40106500685215002 2.8753541707992558 5.2323949337005624 2.9656887054443364 -0.80696856975555409
decision_type=2 2 2 2 2 2
left_child=1 3 -2 -1 -3 -4
right_child=2 4 5 -5 -6 -7
leaf_value=-0.014469356959943473 -0.0015998112136015857 -0.0025854138611688497 0.013388497794617017 0.00024503933272813461 0.0076855220021618265 0
leaf_weight=7.183479159735727 0.36716537098982271 0.64274081413168405 6.0923505788086914 1.1007445155555613 2.7382615254755365 0.62425483029801387
leaf_count=5273 80 243 186 311 173 136
internal_value=0.000132596 -0.00742015 0.0110113 -0.0126874 0.00460968 0.0126226
internal_weight=18.749 11.6652 7.08377 8.28422 3.381 6.71661
internal_count=6402 6000 402 5584 416 322
is_linear=0
shrinkage=0.025


Tree=133
num_leaves=6
num_cat=0
split_feature=24 21 17 13 27
split_gain=4.79129 2.74313 0.395169 0.366957 0.120264
threshold=-3.5253996849060054 1.0661486983299258 0.89788568019866954 2.6078799962997441 0.1695247292518616
decision_type=2 2 2 2 2
left_child=3 2 -2 -1 -3
right_child=1 4 -4 -5 -6
leaf_value=-0.00053079201679382532 -0.016962825705548832 0.0057851299038838098 0 0.011502342978763225 0
leaf_weight=0.24960584330256352 8.1387126729969133 2.0380252530885623 0.63084507198073048 5.6276590201305225 0.48623619464342471
leaf_count=60 5815 80 126 269 84
internal_value=-0.00271227 -0.011022 -0.0160193 0.0104076 0.00461685
internal_weight=17.1711 11.2938 8.76956 5.87726 2.52426
internal_count=6434 6105 5941 329 164
is_linear=0
shrinkage=0.025


Tree=134
num_leaves=7
num_cat=0
split_feature=26 13 24 24 0 7
split_gain=3.01722 1.64893 0.91919 0.678096 0.457362 0.0979035
threshold=-0.941808521747589 2.2150264978408818 -3.6522214412689205 0.44895228743553167 0.24750857800245288 0.74289554357528698
decision_type=2 2 2 2 2 2
left_child=1 -1 5 -3 -4 -2
right_child=2 3 4 -5 -6 -7
leaf_value=-0.0050689239973625427 -0.00060876819570774329 0.013198383110624691 0.00051724999139763565 -0.0013642664022139508 -0.012269987045585119 0.0038528420998008989
leaf_weight=1.2591457086527977 0.16460759958135884 7.8010634426173038 0.53692437415884153 0.4681071403028908 6.7158815330039943 1.3004093868075868
leaf_count=603 79 526 109 543 4502 87
internal_value=0 0.00807157 -0.00827459 0.0116996 -0.0109885 0.00230169
internal_weight=18.2461 9.52832 8.71782 8.26917 7.25281 1.46502
internal_count=6449 1672 4777 1069 4611 166
is_linear=0
shrinkage=0.025


Tree=135
num_leaves=7
num_cat=0
split_feature=21 26 13 24 5 19
split_gain=3.57775 1.67782 0.814215 0.56084 0.586639 0.366957
threshold=0.18810082972049716 -0.93158787488937367 2.2150264978408818 -4.7863144874572745 -0.19826918095350263 0.53965365886688244
decision_type=2 2 2 2 2 2
left_child=3 2 -2 -1 -5 -3
right_child=1 5 -4 4 -6 -7
leaf_value=0.0010319189762045334 -0.0016697758045760192 -0.0054778956094957872 0.01415645421760256 0.00094761693998298704 -0.013429900524867422 0.0025728376564896648
leaf_weight=0.6766908108256765 0.47130432688572721 3.0739615377970031 7.8805216317559825 0.46409185977245293 5.3235498204740006 1.1328830257116349
leaf_count=35 204 1401 512 104 4089 73
internal_value=0.000713848 0.00788825 0.0125044 -0.0100406 -0.0117928 -0.00241119
internal_weight=19.023 12.5587 8.35183 6.46433 5.78764 4.20684
internal_count=6418 2190 716 4228 4193 1474
is_linear=0
shrinkage=0.025


Tree=136
num_leaves=6
num_cat=0
split_feature=21 13 24 26 21
split_gain=4.35606 1.34477 0.822489 0.529444 0.152106
threshold=0.30959951877594 3.0970115661621098 -4.7863144874572745 -0.79666882753372181 1.8595926761627199
decision_type=2 2 2 2 2
left_child=2 4 -1 -3 -2
right_child=1 3 -4 -5 -6
leaf_value=0.001224197898972433 -0.0055710567370641992 0.01234790450420138 -0.014661789984971398 0 0.00042575355225961945
leaf_weight=0.76967805938329625 1.3302445385343151 7.5844296446593935 6.2263967002800218 1.4884552938892728 0.59584564669057716
leaf_count=44 624 551 4791 518 27
internal_value=-0.00123656 0.00728803 -0.0126113 0.0106222 -0.00384542
internal_weight=17.995 10.999 6.99607 9.07288 1.92609
internal_count=6555 1720 4835 1069 651
is_linear=0
shrinkage=0.025


Tree=137
num_leaves=6
num_cat=0
split_feature=22 17 4 13 11
split_gain=3.46204 2.75886 0.722968 0.695486 0.251375
threshold=0.71694371104240429 0.52133619785308849 -0.2260288521647453 4.1061322689056405 2.2384322881698613
decision_type=2 2 2 2 2
left_child=1 2 -1 -3 -2
right_child=4 3 -4 -5 -6
leaf_value=0.00029967408165872491 0 -0.0027868287954828201 -0.015519576369107972 0.0085293002700005064 0.011920472431784773
leaf_weight=1.0253296667942784 0.49891839435440388 1.5257181699125792 6.5497474637159039 3.2242288492852822 5.5585259281215258
leaf_count=205 75 631 5112 266 241
internal_value=0 -0.00688199 -0.0136136 0.00468832 0.0110217
internal_weight=18.3825 12.325 7.57508 4.74995 6.05744
internal_count=6530 6214 5317 897 316
is_linear=0
shrinkage=0.025


Tree=138
num_leaves=7
num_cat=0
split_feature=21 19 7 12 5 26
split_gain=3.18269 2.4051 0.796562 0.535161 0.462217 0.205253
threshold=0.97451570630073558 0.28780296444892889 5.0531740188598642 2.4570688009262089 4.4142537117004403 -0.80696856975555409
decision_type=2 2 2 2 2 2
left_child=1 2 -1 -3 5 -2
right_child=4 3 -4 -5 -6 -7
leaf_value=-0.014527085236415292 0.012751417416915212 -0.0026040007088859543 0.00094887360322314237 0.0078860149922092716 -0.00088421687120441856 0
leaf_weight=6.4588925083444355 5.8650980378879467 0.65828898751351506 0.94777524736127805 3.3814342961268267 0.28932021770742711 0.61758326468407077
leaf_count=5163 206 255 267 343 50 141
internal_value=0.000722458 -0.00627546 -0.0124587 0.00499041 0.0107232 0.0119449
internal_weight=18.2184 11.4464 7.40667 4.03972 6.772 6.48268
internal_count=6425 6028 5430 598 397 347
is_linear=0
shrinkage=0.025


Tree=139
num_leaves=7
num_cat=0
split_feature=27 5 22 24 0 6
split_gain=3.06776 1.93079 0.898506 0.555318 0.465763 0.0739585
threshold=0.17126750946044925 4.036543846130372 0.79063504934310924 0.44895228743553167 0.24750857800245288 3.9453105926513676
decision_type=2 2 2 2 2 2
left_child=1 3 4 -1 -2 -3
right_child=2 5 -4 -5 -6 -7
leaf_value=0.013402474430370926 0.00038708418505206617 0 0.0020634698288509285 -0.00089521349612676148 -0.012920897671270928 -0.0061071074319106709
leaf_weight=7.3664090847451025 0.56284495808358581 0.1862075981334782 1.3319749563379444 0.37034519888402417 6.2203396420009085 1.5259660014344261
leaf_count=413 116 54 139 456 4422 858
internal_value=0 0.00775514 -0.00894063 0.0121446 -0.0115905 -0.00541992
internal_weight=17.5641 9.44893 8.11516 7.73675 6.78318 1.71217
internal_count=6458 1781 4677 869 4538 912
is_linear=0
shrinkage=0.025


Tree=140
num_leaves=6
num_cat=0
split_feature=21 26 13 22 0
split_gain=3.49257 1.35216 0.850201 0.6645 0.212157
threshold=0.22058650106191638 -0.88252601027488697 2.2150264978408818 0.87363335490226757 2.3242975473403935
decision_type=2 2 2 2 2
left_child=3 2 -2 -1 -3
right_child=1 4 -4 -5 -6
leaf_value=-0.013436865841067028 -0.0022392297160788626 0.00088061260127905857 0.01237042260610248 0.0010840812086439801 -0.0056987312811674906
leaf_weight=5.354306692126559 0.58249162112769948 1.1452293655165697 7.9854482445807662 0.6452411506907082 1.6803706767386755
leaf_count=4302 237 267 678 39 865
internal_value=-0.000503843 0.0066628 0.0104574 -0.0115241 -0.00337457
internal_weight=17.3931 11.3935 8.56794 5.99955 2.8256
internal_count=6388 2047 915 4341 1132
is_linear=0
shrinkage=0.025


Tree=141
num_leaves=7
num_cat=0
split_feature=21 26 13 5 24 24
split_gain=2.9658 1.45855 0.907502 0.487953 0.472318 0.246721
threshold=0.18243902176618579 -0.88252601027488697 2.2150264978408818 -0.19826918095350263 -4.7863144874572745 -3.6522214412689205
decision_type=2 2 2 2 2 2
left_child=3 2 -2 -1 -5 -3
right_child=1 5 -4 4 -6 -7
leaf_value=0.0010578065750658746 -0.0023121473988105125 0.0012488746526718552 0.012785996999063028 0.00052264193084591002 -0.012730551610160963 -0.0057516826269178832
leaf_weight=0.44724456040421579 0.59654289041645725 1.0484087873192032 8.5099102803505939 0.52489833286381404 4.889430254108448 2.0283514951734105
leaf_count=104 260 126 750 30 4087 1109
internal_value=0.000419977 0.00702293 0.0108849 -0.00964393 -0.0112115 -0.00329602
internal_weight=18.0448 12.1832 9.10645 5.86157 5.41433 3.07676
internal_count=6466 2245 1010 4221 4117 1235
is_linear=0
shrinkage=0.025


Tree=142
num_leaves=6
num_cat=0
split_feature=22 13 2 16 11
split_gain=3.29171 1.84025 0.751931 0.228985 0.206402
threshold=0.71694371104240429 4.2645914554595956 1.9562197923660281 -1.4230061173439024 2.2384322881698613
decision_type=2 2 2 2 2
left_child=1 3 -3 -1 -2
right_child=4 2 -4 -5 -6
leaf_value=0 0 -0.0040303003551091744 0.006875163651506571 -0.013717228982214051 0.011828191142270907
leaf_weight=0.3087511495396037 0.47863660097937 2.1606855202990118 3.6345392472212552 5.3994441488976017 5.5075154564692639
leaf_count=24 77 1263 710 4116 246
internal_value=0.000279002 -0.00659594 0.00224675 -0.0130143 0.0110485
internal_weight=17.4896 11.5034 5.79522 5.7082 5.98615
internal_count=6436 6113 1973 4140 323
is_linear=0
shrinkage=0.025


Tree=143
num_leaves=7
num_cat=0
split_feature=21 22 7 12 16 16
split_gain=3.09898 1.4839 0.744172 0.405402 0.159706 0.0611327
threshold=0.97451570630073558 0.79063504934310924 5.0531740188598642 3.0128455162048344 0.79686453938484203 -0.16621463000774381
decision_type=2 2 2 2 2 2
left_child=1 2 -1 -2 -5 -3
right_child=3 5 -4 4 -6 -7
leaf_value=-0.013511985076913424 -0.00069770773328357817 0 0.0010399487125260969 0.011310952987220417 0 0.0046290760428840646
leaf_weight=7.6852834269229806 0.51352697002584946 0.239395963100833 0.92498651970527124 4.9505669475474861 0.41609933851577796 1.5837398155999822
leaf_count=5673 94 49 263 198 114 72
internal_value=-0.000929508 -0.00818019 -0.0116817 0.00920821 0.0106383 0.00388288
internal_weight=16.3136 10.4334 8.61027 5.88019 5.36667 1.82314
internal_count=6463 6057 5936 406 312 121
is_linear=0
shrinkage=0.025


Tree=144
num_leaves=7
num_cat=0
split_feature=22 17 7 13 13 23
split_gain=2.58413 2.25805 0.924728 0.68006 0.252961 0.125122
threshold=0.74925556778907787 0.57042068243026745 5.0531740188598642 4.1061322689056405 3.0545879602432255 -5.6672527790069571
decision_type=2 2 2 2 2 2
left_child=1 2 -1 -3 -2 -6
right_child=4 3 -4 -5 5 -7
leaf_value=-0.01549844723361123 -1.3180249781234952e-05 -0.0032277112820303516 0.001221443806508817 0.008033603099909449 0 0.010514789938900232
leaf_weight=6.0527383392327483 0.43212352978298341 1.2627119907119775 0.893733285323833 2.8598017644981155 0.25126678388915014 4.4517014883749653
leaf_count=5161 83 511 266 211 79 134
internal_value=-0.00085553 -0.00715186 -0.0132132 0.00402064 0.00893257 0.00998189
internal_weight=16.2041 11.069 6.94647 4.12251 5.13509 4.70297
internal_count=6445 6149 5427 722 296 213
is_linear=0
shrinkage=0.025


Tree=145
num_leaves=7
num_cat=0
split_feature=27 6 24 27 17 22
split_gain=2.72556 1.50012 1.05232 0.511367 0.195586 0.113374
threshold=0.16408981382846835 3.3083589076995854 -3.6522214412689205 0.71688804030418407 1.1785222291946413 -0.099495999515056596
decision_type=2 2 2 2 2 2
left_child=1 5 -2 -4 -3 -1
right_child=2 4 3 -5 -6 -7
leaf_value=0 0.0028087691531256541 -0.0055382884413436341 -0.012627385480948933 0.00076405005960378193 0.00099682554431742318 0.012594208211520281
leaf_weight=0.34456470049917687 1.5043391689687267 1.7009911204222592 6.0475570856724499 0.47928146203048516 0.53379970567766566 6.2497427070338762
leaf_count=177 165 1197 4462 85 41 231
internal_value=0 0.00790756 -0.00802277 -0.0111969 -0.00350332 0.0121568
internal_weight=16.8603 8.8291 8.03118 6.52684 2.23479 6.59431
internal_count=6358 1646 4712 4547 1238 408
is_linear=0
shrinkage=0.025


Tree=146
num_leaves=7
num_cat=0
split_feature=25 13 27 27 1 12
split_gain=2.69922 1.65607 0.894128 0.554426 0.105633 0.104445
threshold=0.44743463397026068 3.0970115661621098 0.072489034384489073 0.71688804030418407 1.7377073764801028 4.1294312477111825
decision_type=2 2 2 2 2 2
left_child=1 -1 5 -4 -3 -2
right_child=2 4 3 -5 -6 -7
leaf_value=-0.0049448933735916044 -0.00086852656501859062 0 -0.013808259504375109 0.0006915904204209208 0.011328764572564452 0.0036561862300668103
leaf_weight=1.9352886033884731 0.34708092943765123 0.080815640532818978 5.0804708565920009 0.48847709404071782 7.3330188463660306 1.0692353565100345
leaf_count=788 263 55 4571 94 659 44
internal_value=-0.000406653 0.00673742 -0.00931158 -0.0122196 0.0110538 0.00176054
internal_weight=16.3344 9.34912 6.98526 5.56895 7.41383 1.41632
internal_count=6474 1502 4972 4665 714 307
is_linear=0
shrinkage=0.025


Tree=147
num_leaves=6
num_cat=0
split_feature=21 6 3 24 27
split_gain=3.34619 1.33064 0.854229 0.571353 0.205375
threshold=0.18243902176618579 3.0406498908996586 1.1080801486968996 -4.7863144874572745 0.10073839128017427
decision_type=2 2 2 2 2
left_child=3 2 -2 -1 -3
right_child=1 4 -4 -5 -6
leaf_value=0.00084954751701174123 -0.002205277347982381 0.00072770103213195734 0.012477462848621253 -0.012820548256003525 -0.005753013676962679
leaf_weight=0.63839327939786095 0.58831625302991497 1.4070563030836631 8.2911272068595263 4.9260190042405174 1.253303190176666
leaf_count=32 298 255 857 4184 790
internal_value=0 0.00701053 0.0106104 -0.0110008 -0.00327177
internal_weight=17.1042 11.5398 8.87944 5.56441 2.66036
internal_count=6416 2200 1155 4216 1045
is_linear=0
shrinkage=0.025


Tree=148
num_leaves=7
num_cat=0
split_feature=21 19 2 12 13 14
split_gain=2.80863 1.41102 0.62309 0.506173 0.281646 0.139649
threshold=0.94744881987571727 0.44204519689083105 1.0000000180025095e-35 2.8753541707992558 2.9656887054443364 0.65601038932800304
decision_type=2 2 2 2 2 2
left_child=1 2 -1 -2 -3 -5
right_child=3 4 -4 5 -6 -7
leaf_value=0.00060691315308336645 -0.0013494930535106388 -0.0018605735361262898 -0.013221039673213668 0.011587376720619474 0.0057452977184445121 0
leaf_weight=0.95716240440379063 0.3558312886452758 0.49820117223134763 6.4322910435876111 4.9853255306370556 2.1662097757944139 0.69130499447055616
leaf_count=173 79 201 5505 200 151 118
internal_value=-8.93828e-05 -0.00732962 -0.0114034 0.00926396 0.00322167 0.0108351
internal_weight=16.0863 10.0539 7.38945 6.03246 2.66441 5.67663
internal_count=6427 6030 5678 397 352 318
is_linear=0
shrinkage=0.025


Tree=149
num_leaves=7
num_cat=0
split_feature=22 17 7 12 4 20
split_gain=2.4753 2.45457 0.837769 0.608445 0.160236 0.015294
threshold=0.74925556778907787 0.52133619785308849 5.0531740188598642 2.8753541707992558 5.0031166076660165 1.55928111076355
decision_type=2 2 2 2 2 2
left_child=1 2 -1 -3 5 -2
right_child=4 3 -4 -5 -6 -7
leaf_value=-0.014863757832383332 0.010915419501113346 -0.0031009901129357984 0.0010678425920283906 0.007769923568212868 0 0
leaf_weight=5.6771298058156408 4.4531912892125538 0.69263341530313471 0.91611918291164318 4.0832477632648079 0.3934196178743149 0.40579399821581308
leaf_count=5010 166 263 268 605 52 82
internal_value=0.00012164 -0.00569434 -0.0126052 0.00477434 0.00995781 0.010643
internal_weight=16.6215 11.3691 6.59325 4.77588 5.2524 4.85899
internal_count=6446 6146 5278 868 300 248
is_linear=0
shrinkage=0.025


Tree=150
num_leaves=7
num_cat=0
split_feature=21 13 2 24 27 15
split_gain=2.55103 1.46812 0.562695 0.480298 0.535179 0.0891512
threshold=0.23701237142086032 3.0970115661621098 1.6018484234809878 -5.9857776165008536 0.71688804030418407 1.1962969303131106
decision_type=2 2 2 2 2 2
left_child=3 5 -3 -1 -5 -2
right_child=1 2 -4 4 -6 -7
leaf_value=0.0010358994747019993 -0.0057863450063694892 -0.00098788099460264439 0.011583252447424183 -0.012516406522199874 0.00095806586240903657 0
leaf_weight=0.55016240611439649 1.3406537649934751 0.7418857031443612 8.4500400195538514 4.7064174643019232 0.45451762236189086 0.35018053362728085
leaf_count=15 683 248 982 4396 70 50
internal_value=4.5917e-05 0.00662705 0.0101377 -0.00915072 -0.0108271 -0.00483753
internal_weight=16.5939 10.8828 9.19193 5.7111 5.16094 1.69083
internal_count=6444 1963 1230 4481 4466 733
is_linear=0
shrinkage=0.025


Tree=151
num_leaves=7
num_cat=0
split_feature=27 22 13 12 24 17
split_gain=2.70055 1.0973 1.07904 0.508637 0.292837 0.11415
threshold=0.13717123866081241 0.74925556778907787 2.2150264978408818 5.9189908504486093 0.22145315259695056 0.62166619300842296
decision_type=2 2 2 2 2 2
left_child=2 3 -1 -2 -4 -3
right_child=1 5 4 -5 -6 -7
leaf_value=-0.0034697699072251328 -0.012951319207953194 0.0043311509149856131 0.01209842327835463 0 0 -0.00058686029446007224
leaf_weight=0.91152683390100975 5.6397094603453279 1.5389092363620873 6.204423908427998 1.2455716671829575 0.47071184466039984 0.249322228875826
leaf_count=515 4624 77 385 373 386 94
internal_value=0 -0.00781026 0.00823593 -0.011109 0.0111711 0.00279755
internal_weight=16.2602 8.67351 7.58666 6.88528 6.67514 1.78823
internal_count=6454 5168 1286 4997 771 171
is_linear=0
shrinkage=0.025


Tree=152
num_leaves=7
num_cat=0
split_feature=22 6 26 26 17 0
split_gain=2.37166 1.57039 0.805746 0.407767 0.399543 0.103954
threshold=0.032758476212620742 3.2038887739181523 -0.79666882753372181 -0.39631035923957819 1.0170431733131411 3.5869443416595463
decision_type=2 2 2 2 2 2
left_child=3 2 -2 4 -1 -3
right_child=1 5 -4 -5 -6 -7
leaf_value=-0.011389404560230163 0.012841309983271694 0 -0.00082480661779300499 0.0010659768402430613 0.00023078955945152383 -0.0056186033477343914
leaf_weight=4.1073201381150293 8.1359742683125642 0.24011378339491729 1.6416507968096983 0.43297008758236355 0.80934835964580987 1.7758214502318876
leaf_count=4448 477 23 620 69 112 758
internal_value=0.00126609 0.00704913 0.0106211 -0.00812538 -0.00969441 -0.00460736
internal_weight=17.1432 11.7936 9.77763 5.34964 4.91667 2.01594
internal_count=6507 1878 1097 4629 4560 781
is_linear=0
shrinkage=0.025


Tree=153
num_leaves=7
num_cat=0
split_feature=27 6 24 22 24 18
split_gain=2.60453 1.43456 0.800075 0.16834 0.122676 0.109992
threshold=0.17126750946044925 3.2038887739181523 -3.6522214412689205 0.037196695804595954 -5.4962537288665763 -0.49106436967849726
decision_type=2 2 2 2 2 2
left_child=1 3 -2 -1 -3 -4
right_child=2 4 5 -5 -6 -7
leaf_value=0 0.0013938018047302428 0.00013355053967475562 0 0.011304462474936904 -0.0055206273252434513 -0.013118184423665333
leaf_weight=0.39112593745812763 1.1701478300965389 0.34527753383736159 0.44642662386468135 5.3378639915172243 1.9157354755880076 5.5338715900434181
leaf_count=210 153 13 257 175 1355 4254
internal_value=-0.00201248 0.00590837 -0.0101669 0.0106455 -0.00429903 -0.0126028
internal_weight=15.1404 7.99 7.15045 5.72899 2.26101 5.9803
internal_count=6417 1753 4664 385 1368 4511
is_linear=0
shrinkage=0.025


Tree=154
num_leaves=7
num_cat=0
split_feature=22 6 2 17 16 26
split_gain=2.51507 1.21868 1.06713 0.320532 0.145087 0.0144831
threshold=0.032758476212620742 3.0406498908996586 1.6018484234809878 1.0170431733131411 -1.4230061173439024 -1.0014895200729368
decision_type=2 2 2 2 2 2
left_child=3 2 -2 -1 -3 -5
right_child=1 4 -4 5 -6 -7
leaf_value=-0.011738555679870455 -0.0033378488855682863 0.00043184035023079647 0.011645271447005189 0.0011848443251121562 -0.0054717666703496867 -0.00046492464143041792
leaf_weight=4.2668973217369084 0.71353109586925523 0.38055942440405521 7.8798009640304372 0.64075470523675904 1.9248284574641719 0.24231666815467168
leaf_count=4500 374 9 678 39 791 76
internal_value=-0.000436297 0.00560425 0.00917125 -0.0102989 -0.00401313 0
internal_weight=16.0487 10.8987 8.59333 5.14997 2.30539 0.883071
internal_count=6467 1852 1052 4615 800 115
is_linear=0
shrinkage=0.025


Tree=155
num_leaves=7
num_cat=0
split_feature=26 5 13 15 24 24
split_gain=2.29023 1.44554 0.553279 0.467808 0.43477 0.205267
threshold=-0.93722996115684498 4.036543846130372 4.6011509895324716 0.1714260280132294 0.44895228743553167 -3.6522214412689205
decision_type=2 2 2 2 2 2
left_child=1 4 5 -4 -1 -2
right_child=2 -3 3 -5 -6 -7
leaf_value=0.01260474593267588 0 -0.004229980187045959 0.0049279578277696186 -0.004340092848438685 -0.00055564852186421336 -0.011162543382238096
leaf_weight=6.8593155685375695 0.50093337373982727 1.5136367193699696 1.9433746417198565 1.5703467155108226 0.33071039430069493 3.7082134067895804
leaf_count=419 59 920 586 884 441 3196
internal_value=0.000562509 0.00776939 -0.00692976 0 0.0115071 -0.0101928
internal_weight=16.4265 8.70366 7.72287 3.51372 7.19003 4.20915
internal_count=6505 1780 4725 1470 860 3255
is_linear=0
shrinkage=0.025


Tree=156
num_leaves=7
num_cat=0
split_feature=22 17 7 13 11 23
split_gain=2.50959 1.86493 0.858749 0.495263 0.267701 0.102218
threshold=0.71694371104240429 0.66133576631546032 5.0531740188598642 3.5657657384872441 2.2118912935256962 -6.3143663406372061
decision_type=2 2 2 2 2 2
left_child=1 2 -1 -3 -2 -6
right_child=4 3 -4 -5 5 -7
leaf_value=-0.014269318707858686 0 -0.0026133162891107328 0.001377452299534552 0.0071802939104178721 0 0.010798712914035462
leaf_weight=6.1241395345205074 0.4980329032987364 0.99045643050340038 0.86431430323864322 2.6892106512095779 0.18163533207552962 4.4262650386081077
leaf_count=5337 79 377 265 186 76 162
internal_value=-0.000237825 -0.00669195 -0.0120454 0.00383722 0.00926779 0.0103807
internal_weight=15.7741 10.6681 6.98845 3.67967 5.10593 4.6079
internal_count=6482 6165 5602 563 317 238
is_linear=0
shrinkage=0.025


Tree=157
num_leaves=7
num_cat=0
split_feature=21 24 27 29 23 13
split_gain=3.18613 1.2545 0.567041 0.359933 0.112358 0.098518
threshold=0.94744881987571727 -3.3937480449676509 0.71688804030418407 2.5000000000000004 -6.3143663406372061 3.0545879602432255
decision_type=2 2 2 2 2 2
left_child=1 5 -3 -2 -5 -1
right_child=3 2 -4 4 -6 -7
leaf_value=-0.00035951143842992872 -0.00068770549458627183 -0.013254090384504039 0.00087525067903371266 0 0.010921415683973505 0.0042421831356104387
leaf_weight=0.21163960004923765 0.29323030711384568 6.9236424713162696 0.46454394367174234 0.46776180191955052 5.6341605401612469 1.666579027980333
leaf_count=84 47 5804 86 121 284 102
internal_value=-0.000430845 -0.00845321 -0.0118665 0.0092535 0.0103888 0.00293059
internal_weight=15.6616 9.26641 7.38819 6.39515 6.10192 1.87822
internal_count=6528 6076 5890 452 405 186
is_linear=0
shrinkage=0.025


Tree=158
num_leaves=7
num_cat=0
split_feature=22 17 7 13 4 23
split_gain=2.28044 1.74272 0.825747 0.55402 0.310069 0.141017
threshold=0.71694371104240429 0.52133619785308849 5.0531740188598642 3.5657657384872441 5.0031166076660165 -6.3143663406372061
decision_type=2 2 2 2 2 2
left_child=1 2 -1 -3 5 -2
right_child=4 3 -4 -5 -6 -7
leaf_value=-0.014374802330653864 0 -0.0031449249389404184 0.0012239717461566262 0.0068903793214188163 -0.00044565642450176241 0.01065074859989789
leaf_weight=5.3170919098774885 0.19810004605096754 1.1545540014340074 0.87814134197833471 3.0558538823970594 0.32035176682984445 4.4699962105078166
leaf_count=4995 85 537 263 340 56 179
internal_value=-0.000168591 -0.00640734 -0.0120463 0.00324657 0.00891239 0.0100994
internal_weight=15.3941 10.4056 6.19523 4.21041 4.98845 4.6681
internal_count=6455 6135 5258 877 320 264
is_linear=0
shrinkage=0.025


Tree=159
num_leaves=7
num_cat=0
split_feature=21 19 7 12 12 26
split_gain=2.36563 1.51407 0.832043 0.417348 0.313551 0.173363
threshold=0.97451570630073558 0.33628793060779577 5.0531740188598642 2.8753541707992558 2.4570688009262089 -0.80696856975555409
decision_type=2 2 2 2 2 2
left_child=1 2 -1 -2 -3 -5
right_child=3 4 -4 5 -6 -7
leaf_value=-0.014059782933559731 -0.00093048096401848214 -0.0020741247551073851 0.0013561041298142875 0.010845336636755748 0.0058459544152250249 0
leaf_weight=5.5258375185148889 0.53686659844243045 0.55563274026644682 0.86428429024817877 4.6381760047006537 2.5197954514733283 0.58523739458178159
leaf_count=5259 85 237 256 184 290 136
internal_value=-0.000203746 -0.00700638 -0.011746 0.00845519 0.00324284 0.0100145
internal_weight=15.2258 9.46555 6.39012 5.76028 3.07543 5.22341
internal_count=6447 6042 5515 405 527 320
is_linear=0
shrinkage=0.025


Tree=160
num_leaves=7
num_cat=0
split_feature=21 19 27 29 5 16
split_gain=2.51965 1.68594 0.563837 0.377055 0.262115 0.14615
threshold=0.97451570630073558 0.40106500685215002 0.71688804030418407 2.5000000000000004 4.75185251235962 0.84260180592536937
decision_type=2 2 2 2 2 2
left_child=1 2 -1 -2 -3 -5
right_child=3 4 -4 5 -6 -7
leaf_value=-0.013502186569830987 -0.00084902484958251337 0.0059422931117147871 0.00080055355213042934 0.010732584071676824 -0.0015208911789480028 0
leaf_weight=6.0249284335513931 0.30655531198135655 2.490122604038334 0.47757083279429924 5.2211356795523898 0.44471895079914237 0.35185959842056025
leaf_count=5530 43 247 87 253 181 108
internal_value=0 -0.00706487 -0.012017 0.00886071 0.00377798 0.0101349
internal_weight=15.3169 9.43734 6.5025 5.87955 2.93484 5.573
internal_count=6449 6045 5617 404 428 361
is_linear=0
shrinkage=0.025


Tree=161
num_leaves=7
num_cat=0
split_feature=27 5 27 21 21 6
split_gain=2.19732 1.20678 0.543477 0.570058 0.281706 0.0883207
threshold=0.17126750946044925 4.036543846130372 0.71688804030418407 0.94744881987571727 0.0042671149130910644 3.9453105926513676
decision_type=2 2 2 2 2 2
left_child=1 4 3 -2 -1 -3
right_child=2 5 -4 -5 -6 -7
leaf_value=0 -0.011966196160002517 0 0.0017463509930283677 0.00019960963848209969 0.011583543801467481 -0.0048561280503524847
leaf_weight=0.43124882598931247 4.5500768946440084 0.26124494745454274 0.65152511562337156 1.7037607898091662 6.3495635114959441 1.2313469247164901
leaf_count=311 4368 49 98 241 556 881
internal_value=0 0.00718018 -0.00760753 -0.00948032 0.0106921 -0.00375913
internal_weight=15.1788 8.2734 6.90536 6.25384 6.78081 1.49259
internal_count=6504 1797 4707 4609 867 930
is_linear=0
shrinkage=0.025


Tree=162
num_leaves=7
num_cat=0
split_feature=21 19 27 12 5 16
split_gain=2.26624 1.48646 0.582298 0.424377 0.308474 0.202708
threshold=0.94744881987571727 0.1972359120845795 0.71688804030418407 2.8753541707992558 4.75185251235962 0.84260180592536937
decision_type=2 2 2 2 2 2
left_child=1 2 -1 -2 -3 -5
right_child=3 4 -4 5 -6 -7
leaf_value=-0.013604011757068921 -0.00095355395345217008 0.0052483336201865375 0.000893625975570743 0.010854517856045805 -0.0023254228323974333 0
leaf_weight=5.0404647984541935 0.54985853316611688 3.2246548663169965 0.46261439335648891 4.9264220965051209 0.62607996827864543 0.44031283256481391
leaf_count=5110 89 597 81 222 282 122
internal_value=0 -0.00664467 -0.011945 0.00846723 0.00269274 0.0100297
internal_weight=15.2704 9.35381 5.50308 5.91659 3.85073 5.36673
internal_count=6503 6070 5191 433 879 344
is_linear=0
shrinkage=0.025


Tree=163
num_leaves=7
num_cat=0
split_feature=22 17 7 13 4 23
split_gain=2.08665 1.86455 0.791437 0.585435 0.21684 0.0146718
threshold=0.79063504934310924 0.55089443922042858 5.0531740188598642 3.5657657384872441 5.1191506385803232 -4.1037421226501456
decision_type=2 2 2 2 2 2
left_child=1 2 -1 -3 5 -2
right_child=4 3 -4 -5 -6 -7
leaf_value=-0.013903335163146631 0 -0.0029252110299481733 0.0012278926307380045 0.0075676245128505175 0 0.010391003298446475
leaf_weight=5.217035511544962 0.50269243810907926 1.1063817524263866 0.88403607971122244 3.096889748943795 0.39490726520307351 4.0294441228761579
leaf_count=5100 95 496 274 312 49 129
internal_value=0 -0.0055647 -0.0115823 0.00403789 0.00914518 0.0100656
internal_weight=15.2314 10.3043 6.10107 4.20327 4.92704 4.53214
internal_count=6455 6182 5374 808 273 224
is_linear=0
shrinkage=0.025


Tree=164
num_leaves=7
num_cat=0
split_feature=26 5 22 27 19 26
split_gain=2.25329 1.01877 0.648199 0.638098 0.416482 0.0547612
threshold=-0.93158787488937367 4.75185251235962 -0.099495999515056596 0.71688804030418407 0.55604141950607311 -0.36305955052375788
decision_type=2 2 2 2 2 2
left_child=1 2 -1 4 -2 -5
right_child=3 -3 -4 5 -6 -7
leaf_value=-0.0017305910908806004 -0.012106287328257005 -0.0039172138195498378 0.011382048148134797 0.0031735724858385794 7.2849820863076588e-05 -4.6335918464019963e-05
leaf_weight=0.52233322078245681 5.05810984074924 0.99484784179367114 6.6369230673444672 0.40979569594492204 0.853855710782227 0.21383471731678572
leaf_count=730 4389 548 553 23 132 72
internal_value=-0.000253996 0.00660722 0.00959311 -0.00850958 -0.0105471 0.00189856
internal_weight=14.6897 8.1541 7.15926 6.5356 5.91197 0.62363
internal_count=6447 1831 1283 4616 4521 95
is_linear=0
shrinkage=0.025


Tree=165
num_leaves=7
num_cat=0
split_feature=21 19 5 13 12 16
split_gain=2.35409 1.15431 0.600897 0.453843 0.388371 0.206239
threshold=0.94744881987571727 0.1972359120845795 -0.19826918095350263 2.9656887054443364 2.8753541707992558 0.84260180592536937
decision_type=2 2 2 2 2 2
left_child=1 2 -1 -3 -2 -6
right_child=4 3 -4 -5 5 -7
leaf_value=0.00076294330064218159 -0.00059227530658660914 -0.0032461383348219076 -0.012665478740574887 0.0059355452052609831 0.01154683492031125 0
leaf_weight=0.91669634207209938 0.48520048966747786 0.82060953781910972 4.6006058488128465 2.7525473911809968 5.1560773233795771 0.442606333454023
leaf_count=188 82 437 4996 427 227 116
internal_value=0.000718454 -0.00594098 -0.0105381 0.00243447 0.00942408 0.0107517
internal_weight=15.1743 9.09046 5.5173 3.57316 6.08388 5.59868
internal_count=6473 6048 5184 864 425 343
is_linear=0
shrinkage=0.025


Tree=166
num_leaves=7
num_cat=0
split_feature=6 25 26 19 19 24
split_gain=1.72566 1.50375 0.723145 0.121098 0.105022 0.100629
threshold=3.0614099502563481 0.76090171933174144 -1.0131375193595884 -0.42636927962303156 -0.40817768871784205 -5.4962537288665763
decision_type=2 2 2 2 2 2
left_child=1 3 -3 -1 -2 -6
right_child=4 2 -4 -5 5 -7
leaf_value=0 0 0.0040322230699207954 -0.0073807270248209076 0.011004952601471964 0 -0.0096821403746774927
leaf_weight=0.082992127572651841 1.2038600026644415 1.1014302794646926 3.2404514748704978 6.671446441949227 0.36882509663701091 2.6501651312355543
leaf_count=42 682 48 2908 544 26 2230
internal_value=0.000455364 0.00554058 -0.00320794 0.0106684 -0.00798889 -0.00903267
internal_weight=15.3192 11.0963 4.34188 6.75444 4.22285 3.01899
internal_count=6480 3542 2956 586 2938 2256
is_linear=0
shrinkage=0.025


Tree=167
num_leaves=7
num_cat=0
split_feature=22 17 7 12 11 16
split_gain=2.14829 1.55171 0.755475 0.387454 0.26202 0.0723886
threshold=0.74925556778907787 0.66133576631546032 5.0531740188598642 3.0128455162048344 2.2118912935256962 0.57516950368881237
decision_type=2 2 2 2 2 2
left_child=1 2 -1 -3 -2 -6
right_child=4 3 -4 -5 5 -7
leaf_value=-0.013010490775195152 -2.1995453113710319e-05 -0.0023178273574515317 0.0013696964515202525 0.0065555114988922972 0.010745358937330097 0
leaf_weight=5.5618351923549181 0.41763404777157198 0.53798856376670334 0.8660528925465768 2.8513424398843199 4.2686228556267451 0.43897541982005339
leaf_count=5365 71 206 277 327 146 100
internal_value=0.000132002 -0.00570259 -0.0107745 0.00386008 0.0092224 0.0102753
internal_weight=14.9425 9.81722 6.42789 3.38933 5.12523 4.7076
internal_count=6492 6175 5642 533 317 246
is_linear=0
shrinkage=0.025


Tree=168
num_leaves=7
num_cat=0
split_feature=27 6 25 27 21 13
split_gain=1.70145 1.21117 0.712554 0.445258 0.161027 0.0998222
threshold=0.13717123866081241 3.9453105926513676 -2.8161401748657222 0.71688804030418407 -0.15824733674526212 4.0095963478088388
decision_type=2 2 2 2 2 2
left_child=1 4 5 -4 -1 -2
right_child=2 -3 3 -5 -6 -7
leaf_value=0 -0.00076040834674282083 -0.004699642431294177 -0.011417258603323436 0.00073461291209835501 0.010539089721447363 0.0036945638907916116
leaf_weight=0.14288342103100138 0.24913540119450761 1.1396636048884827 5.784585498549859 0.48135680402629066 4.9410649656347232 1.0679252322297541
leaf_count=133 100 835 4964 96 333 38
internal_value=-0.00120622 0.0058352 -0.00750432 -0.0100172 0.00997588 0.00192761
internal_weight=13.8066 6.22361 7.583 6.26594 5.08395 1.31706
internal_count=6499 1301 5198 5060 466 138
is_linear=0
shrinkage=0.025


Tree=169
num_leaves=6
num_cat=0
split_feature=21 26 13 24 24
split_gain=2.27961 1.00175 0.684983 0.355065 0.183458
threshold=0.18810082972049716 -0.88252601027488697 2.2150264978408818 -4.7863144874572745 -3.6522214412689205
decision_type=2 2 2 2 2
left_child=3 2 -2 -1 -3
right_child=1 4 -4 -5 -6
leaf_value=0.00029884327439646608 -0.002001408700624058 0.00096440165416887449 0.011019593396679012 -0.011370597304355976 -0.0050438864541453099
leaf_weight=0.46722996435710129 0.55530534491845163 0.97255223669344593 6.8820575651552645 4.065286569726597 1.8048577722875032
leaf_count=29 247 118 727 4224 1109
internal_value=-0.000199514 0.00558694 0.00913112 -0.00998623 -0.00286895
internal_weight=14.7473 10.2148 7.43736 4.53252 2.77741
internal_count=6454 2201 974 4253 1227
is_linear=0
shrinkage=0.025


Tree=170
num_leaves=7
num_cat=0
split_feature=18 17 6 13 25 17
split_gain=2.16797 0.684039 0.466879 0.331766 0.254216 0.105785
threshold=0.15312315523624423 0.55089443922042858 3.3083589076995854 4.1061322689056405 1.0626471638679507 1.1785222291946413
decision_type=2 2 2 2 2 2
left_child=1 -1 4 -3 -2 -4
right_child=2 3 5 -5 -6 -7
leaf_value=-0.01141811051318738 0.0099215117109304335 -0.0034007337872227709 -0.003177549217771772 0.0047224214970591214 0 0.0013225505658009196
leaf_weight=4.1645187724716388 5.4571156078600307 0.73158632855484063 1.1811057405138852 1.4696842472185379 1.0060025503989889 0.43789962283335615
leaf_count=4462 457 469 626 158 262 12
internal_value=0 -0.00823353 0.00668415 0.000668073 0.00871419 -0.000936526
internal_weight=14.4479 6.36579 8.08212 2.20127 6.46312 1.61901
internal_count=6446 5089 1357 627 719 638
is_linear=0
shrinkage=0.025


Tree=171
num_leaves=7
num_cat=0
split_feature=22 17 27 11 11 25
split_gain=1.94614 1.79448 0.590557 0.523872 0.250741 0.0663308
threshold=0.74925556778907787 0.52133619785308849 0.71688804030418407 4.0189120769500741 2.2118912935256962 -0.80216956138610829
decision_type=2 2 2 2 2 2
left_child=1 2 -1 -3 -2 -6
right_child=4 3 -4 -5 5 -7
leaf_value=-0.013706113601118045 -4.8700615895108085e-05 -0.0028243539690104868 0.00091086977374083488 0.0070825156920805892 0.010038881772291886 0
leaf_weight=4.9625998530755151 0.48401186781120564 1.0625785740485296 0.4598457951506133 3.0024471789656673 3.9969065123004839 0.43463368332595553
leaf_count=5214 75 472 83 377 149 89
internal_value=0 -0.00592034 -0.0120246 0.00367397 0.00845327 0.00957807
internal_weight=14.403 9.48747 5.42245 4.06503 4.91555 4.43154
internal_count=6459 6146 5297 849 313 238
is_linear=0
shrinkage=0.025


Tree=172
num_leaves=7
num_cat=0
split_feature=6 25 27 22 5 19
split_gain=2.06366 1.53606 0.596276 0.219343 0.0455381 0.0382537
threshold=2.8939555883407597 0.44743463397026068 0.094024233520030989 1.0590199232101443 2.8741509914398198 -0.23871605843305585
decision_type=2 2 2 2 2 2
left_child=1 5 -3 4 -2 -1
right_child=3 2 -4 -5 -6 -7
leaf_value=0 0 0.0034081118562241195 -0.0070921574118517992 0 -0.010922576052408574 0.01124064810358151
leaf_weight=0.49432413992326463 0.33071223154547746 0.98736642149742682 3.1027419852543972 0.47268549323780451 3.278123026015237 5.6626800142985285
leaf_count=103 236 43 2814 35 2936 343
internal_value=0 0.0055387 -0.00338943 -0.00951415 -0.0105553 0.0108909
internal_weight=14.3286 10.2471 4.09011 4.08152 3.60884 6.157
internal_count=6510 3303 2857 3207 3172 446
is_linear=0
shrinkage=0.025


Tree=173
num_leaves=7
num_cat=0
split_feature=18 13 12 26 17 13
split_gain=1.47633 0.86148 0.387726 0.40241 0.186794 0.0261535
threshold=0.15312315523624423 4.5506892204284677 2.8753541707992558 -0.79666882753372181 0.011004785541445019 2.6078799962997441
decision_type=2 2 2 2 2 2
left_child=1 -1 5 -4 -3 -2
right_child=2 4 3 -5 -6 -7
leaf_value=-0.010733764248385997 -0.0022615867059002826 -0.0017741580407837907 0.0091333369806132145 -0.00069511884642065795 0.0041607724634840507 0
leaf_weight=3.8393177367906901 0.61012746447522648 0.60299560643034089 5.7816004482083372 1.1102906929372691 1.9886544652326845 0.23908957175444812
leaf_count=3776 275 531 661 401 778 25
internal_value=0 -0.006626 0.00574721 0.00739787 0.0016976 -0.00145298
internal_weight=14.1721 6.43097 7.74111 6.89189 2.59165 0.849217
internal_count=6447 5085 1362 1062 1309 300
is_linear=0
shrinkage=0.025


Tree=174
num_leaves=7
num_cat=0
split_feature=21 19 27 12 6 16
split_gain=2.63429 0.818241 0.533012 0.364971 0.140968 0.103864
threshold=0.94744881987571727 0.28780296444892889 0.71688804030418407 2.8753541707992558 3.9453105926513676 0.84260180592536937
decision_type=2 2 2 2 2 2
left_child=1 2 -1 -2 -3 -5
right_child=3 4 -4 5 -6 -7
leaf_value=-0.012966516337189546 -0.00064872442541725052 0.0033832124078693919 0.0008029333682287456 0.010568653023524596 -0.0017216621630666258 0
leaf_weight=4.9059168856838369 0.486030617088545 1.9908105944487036 0.48083797472645518 4.8932012196892174 0.52394409404223541 0.44128910878498562
leaf_count=5337 85 320 90 233 291 113
internal_value=-0.000188785 -0.00803421 -0.0113408 0.00867509 0.00105007 0.0100322
internal_weight=13.722 7.90151 5.38675 5.82052 2.51475 5.33449
internal_count=6469 6038 5427 431 611 346
is_linear=0
shrinkage=0.025


Tree=175
num_leaves=7
num_cat=0
split_feature=26 22 13 12 22 11
split_gain=1.68264 0.741787 0.741358 0.475686 0.226581 0.0795817
threshold=-1.0014895200729368 0.74925556778907787 2.2689154148101811 5.3300061225891122 -0.099495999515056596 2.2384322881698613
decision_type=2 2 2 2 2 2
left_child=2 3 -1 -2 -4 -3
right_child=1 5 4 -5 -6 -7
leaf_value=-0.0025642781322725724 -0.011091998054280133 -0.00029578274348992725 0 0 0.010968038601212357 0.0036698762006001431
leaf_weight=0.71430318588682062 4.4771033353026706 0.20051524692098599 0.17452391408733081 2.1291611447741161 4.7546551566629205 1.6667905670910839
leaf_count=435 4453 46 194 918 265 149
internal_value=0 -0.00575068 0.00754609 -0.00865138 0.0101942 0.00242862
internal_weight=14.1171 8.47357 5.64348 6.60626 4.92918 1.86731
internal_count=6460 5566 894 5371 459 195
is_linear=0
shrinkage=0.025


Tree=176
num_leaves=7
num_cat=0
split_feature=27 22 6 22 17 13
split_gain=2.62836 1.16855 0.929359 0.126773 0.0678491 0.0538002
threshold=0.13717123866081241 0.74925556778907787 3.9453105926513676 -0.25700227916240687 1.3231696486473086 3.9547269344329838
decision_type=2 2 2 2 2 2
left_child=2 -2 3 -1 -4 -3
right_child=1 5 4 -5 -6 -7
leaf_value=0 -0.012825024284466953 0 -0.0039298653775211171 0.010978021401621608 0 0.0034267523638982218
leaf_weight=0.10803087760723418 5.4000835778788314 0.33797006904205762 1.0054983273512332 5.3636361739918357 0.26914440045948129 1.2910488836714646
leaf_count=148 5030 49 820 330 26 115
internal_value=-0.00095302 -0.00921075 0.0073771 0.0105692 -0.00283251 0.00246405
internal_weight=13.7754 7.0291 6.74631 5.47167 1.27464 1.62902
internal_count=6518 5194 1324 478 846 164
is_linear=0
shrinkage=0.025


Tree=177
num_leaves=7
num_cat=0
split_feature=27 5 22 27 24 0
split_gain=1.78432 0.803377 0.598828 0.395029 0.372574 0.063732
threshold=0.13717123866081241 4.75185251235962 0.87363335490226757 0.71688804030418407 0.44895228743553167 5.1780395507812509
decision_type=2 2 2 2 2 2
left_child=1 4 3 -2 -1 -4
right_child=2 -3 5 -5 -6 -7
leaf_value=0.011322350124491103 -0.0098361645231692281 -0.0028064404078118532 0.0032700877105850019 0.00090514266956219383 -0.0005524308049392354 -0.00016784957794515422
leaf_weight=5.6962912797680474 5.6157657117364579 0.74832032188714936 1.1596857033946433 0.46049426743411448 0.29419805369980156 0.29779342787514895
leaf_count=416 4927 457 61 88 423 61
internal_value=0.000483991 0.00762856 -0.00590186 -0.00841673 0.0101845 0.00201371
internal_weight=14.2725 6.73881 7.53374 6.07626 5.99049 1.45748
internal_count=6433 1296 5137 5015 839 122
is_linear=0
shrinkage=0.025


Tree=178
num_leaves=7
num_cat=0
split_feature=27 13 27 18 24 26
split_gain=1.75595 0.892164 0.538967 0.401249 0.326975 0.060574
threshold=0.16270457953214648 2.2150264978408818 0.71688804030418407 0.45389541983604437 0.44895228743553167 -0.36305955052375788
decision_type=2 2 2 2 2 2
left_child=1 -1 3 -2 -3 -4
right_child=2 4 5 -5 -6 -7
leaf_value=-0.0035186543534673157 -0.011161807272405795 0.010454889056872285 0.0032597700646782553 0 -0.00046344024163295737 -0.0001611079815693801
leaf_weight=0.92416479170788068 4.3559622501852573 5.8641182836072403 0.38114001491339877 1.3091452640946952 0.30975258837861464 0.22983357071643684
leaf_count=586 4417 532 21 292 519 80
internal_value=0 0.00642892 -0.00727896 -0.00926169 0.0093855 0.00186219
internal_weight=13.3741 7.09804 6.27608 5.66511 6.17387 0.610974
internal_count=6447 1637 4810 4709 1051 101
is_linear=0
shrinkage=0.025


Tree=179
num_leaves=6
num_cat=0
split_feature=21 13 27 22 16
split_gain=1.57311 1.15938 0.340598 0.16951 0.082069
threshold=0.016511681489646438 3.5657657384872441 0.26001213490962988 0.92583569884300243 1.3924899101257326
decision_type=2 2 2 2 2
left_child=4 3 -3 -2 -1
right_child=1 2 -4 -5 -6
leaf_value=-0.0093018522196958147 -0.005761851207028856 0.010283304808562309 0 0.00047446112321458212 0
leaf_weight=2.9593117266267668 1.9278817442100247 5.9502904023174779 2.0059476442984305 0.71692547031125275 0.15318853246571951
leaf_count=3185 1465 553 1188 42 61
internal_value=0 0.00470806 0.00854073 -0.00404915 -0.00886385
internal_weight=13.7135 10.601 7.95624 2.64481 3.1125
internal_count=6494 3248 1741 1507 3246
is_linear=0
shrinkage=0.025


Tree=180
num_leaves=7
num_cat=0
split_feature=21 22 20 12 5 13
split_gain=2.04291 1.11516 0.442286 0.330887 0.149187 0.0875479
threshold=0.94744881987571727 0.71694371104240429 1.55928111076355 3.0128455162048344 0.21488937735557559 2.9656887054443364
decision_type=2 2 2 2 2 2
left_child=1 2 -1 -2 -5 -3
right_child=3 5 -4 4 -6 -7
leaf_value=-0.012430170000571707 -0.00080755790675845595 -0.00021205598725476725 0.00023225747623262669 0 0.009388734666620574 0.0041435951980594472
leaf_weight=5.8988381143863062 0.50693304935703132 0.19536962546408165 0.71985159120958986 0.22178810149489425 4.4081160259374883 1.6042076127487233
leaf_count=5713 96 61 208 80 250 84
internal_value=-0.00117961 -0.00757419 -0.0110078 0.00725025 0.00874275 0.00294334
internal_weight=13.5551 8.41827 6.61869 5.13684 4.6299 1.79958
internal_count=6492 6066 5921 426 330 145
is_linear=0
shrinkage=0.025


Tree=181
num_leaves=7
num_cat=0
split_feature=18 27 11 27 7 22
split_gain=2.00421 0.504755 0.316493 0.280711 0.0935449 0.0832916
threshold=0.25975082814693456 0.12907936424016955 2.2118912935256962 0.30009561777114874 1.8514547348022463 1.1347773075103762
decision_type=2 2 2 2 2 2
left_child=1 4 -2 -4 -1 -3
right_child=2 5 3 -5 -6 -7
leaf_value=-0.00195745433807082 -0.0010369255125494087 -0.011716130262045462 0.0088676378326134724 -0.00028191894300603966 0.0023607912474065385 0
leaf_weight=0.73729771430225843 0.63164171289827198 4.321377120752004 4.6896479599745362 0.69408599054440845 1.5458805481903253 0.10183629265520711
leaf_count=390 196 4579 524 286 479 3
internal_value=-0.00175469 -0.00882642 0.00598976 0.0075184 0 -0.0114131
internal_weight=12.7218 6.70639 6.01538 5.38373 2.28318 4.42321
internal_count=6457 5451 1006 810 869 4582
is_linear=0
shrinkage=0.025


Tree=182
num_leaves=7
num_cat=0
split_feature=21 19 27 13 3 20
split_gain=1.43694 1.13377 0.601207 0.408081 0.28697 0.219246
threshold=0.97451570630073558 0.1972359120845795 0.71688804030418407 2.9656887054443364 5.8318645954132089 0.85937035083770763
decision_type=2 2 2 2 2 2
left_child=1 2 -1 -3 5 -2
right_child=4 3 -4 -5 -6 -7
leaf_value=-0.012786101663086975 0.0090449674760465105 -0.0031095041380708056 0.0012724061076904505 0.0055794862708940076 -0.00084232900700172912 0
leaf_weight=4.3941954410547606 3.7717076419212399 0.79395041728275861 0.40025105481618073 2.7416594276364776 0.40170454114559095 0.53847134133684438
leaf_count=5098 200 456 71 422 63 133
internal_value=-0.000711886 -0.00613768 -0.0109239 0.00221755 0.00645826 0.00789693
internal_weight=13.0419 8.33006 4.79445 3.53561 4.71188 4.31018
internal_count=6443 6047 5169 878 396 333
is_linear=0
shrinkage=0.025


Tree=183
num_leaves=7
num_cat=0
split_feature=22 17 13 23 11 25
split_gain=2.05903 1.69173 0.505835 0.27442 0.267147 0.0323327
threshold=0.74925556778907787 0.55089443922042858 4.1061322689056405 -7.3203673362731925 2.2118912935256962 -0.89331424236297596
decision_type=2 2 2 2 2 2
left_child=1 3 -3 -1 -2 -6
right_child=4 2 -4 -5 5 -7
leaf_value=0 -0.00018408363301769355 -0.002938639516685812 0.0067335550376764119 -0.01342231277319963 0.009829310772284848 0
leaf_weight=0.28128705041308322 0.48458857837249603 1.1453997146672921 2.6767466325400164 4.848741765767044 3.7622551394597394 0.42246635174524261
leaf_count=57 74 545 250 5324 139 87
internal_value=-0.000412427 -0.00672228 0.00310386 -0.0125787 0.00825916 0.00948531
internal_weight=13.6215 8.95218 3.82215 5.13003 4.66931 4.18472
internal_count=6476 6176 795 5381 300 226
is_linear=0
shrinkage=0.025


Tree=184
num_leaves=6
num_cat=0
split_feature=22 17 13 11 23
split_gain=2.25336 1.32004 0.468743 0.239406 0.0710888
threshold=0.71694371104240429 0.52133619785308849 3.5657657384872441 2.2384322881698613 -4.7047605514526358
decision_type=2 2 2 2 2
left_child=1 -1 -3 -2 -5
right_child=3 2 -4 4 -6
leaf_value=-0.012913621762065078 -8.6064081444278833e-05 -0.0036715358012996894 0.0056402157533983338 0 0.0095713594354435126
leaf_weight=4.6808635479028435 0.46980887354584489 0.82849374549550736 2.6063879126086249 0.31074715612339776 3.8295343948120717
leaf_count=5200 72 533 328 95 152
internal_value=-0.0011505 -0.00789226 0.00180822 0.00799881 0.00914524
internal_weight=12.7258 8.11575 3.43488 4.61009 4.14028
internal_count=6380 6061 861 319 247
is_linear=0
shrinkage=0.025


Tree=185
num_leaves=7
num_cat=0
split_feature=21 19 27 26 13 11
split_gain=1.48584 1.09415 0.514443 0.375467 0.35559 0.229334
threshold=0.97451570630073558 0.28780296444892889 0.71688804030418407 -0.80696856975555409 2.9656887054443364 2.3204737901687627
decision_type=2 2 2 2 2 2
left_child=1 2 -1 5 -3 -2
right_child=3 4 -4 -5 -6 -7
leaf_value=-0.011793778763956448 0 -0.0025356244989120503 0.0010643482402611399 -0.0011067770802836454 0.005758659175494737 0.0098533659403902615
leaf_weight=4.64304608790553 0.48252937209326763 0.65825678886176353 0.43684763721830666 0.49103907606331709 2.4682220209142542 4.2292957424724591
leaf_count=5391 57 336 87 144 275 208
internal_value=0 -0.00553002 -0.0100885 0.00717184 0.00275762 0.00880377
internal_weight=13.4092 8.20637 5.07989 5.20286 3.12648 4.71183
internal_count=6498 6089 5478 409 611 265
is_linear=0
shrinkage=0.025


Tree=186
num_leaves=7
num_cat=0
split_feature=13 22 21 21 15 13
split_gain=1.51372 0.800949 0.70525 0.447801 0.289736 0.0396735
threshold=4.2461254596710214 0.8303799331188203 0.016511681489646438 1.2649849653244021 0.38772526383399969 3.1639436483383183
decision_type=2 2 2 2 2 2
left_child=1 3 -2 -1 -4 -3
right_child=2 5 4 -5 -6 -7
leaf_value=-0.011215642764712132 -0.0025990203484557695 0 0.010889778141157663 0.00057672098426588231 0 0.0034344840683819761
leaf_weight=3.7464933746086899 0.80034413976682106 0.32728426161338564 4.8458150659134844 0.78146575548453245 1.3470542902432496 1.2729476796448578
leaf_count=4119 960 57 806 64 369 49
internal_value=0.000731808 -0.00577303 0.00698351 -0.00928984 0.00938812 0.00273019
internal_weight=13.1214 6.12819 6.99321 4.52796 6.19287 1.60023
internal_count=6424 4289 2135 4183 1175 106
is_linear=0
shrinkage=0.025


Tree=187
num_leaves=6
num_cat=0
split_feature=22 13 21 14 6
split_gain=1.58074 1.10851 0.437668 0.2986 0.115248
threshold=0.79063504934310924 5.46305274963379 1.0661486983299258 0.35090181231498724 3.3280718326568608
decision_type=2 2 2 2 2
left_child=1 2 -1 -3 -2
right_child=4 3 -4 -5 -6
leaf_value=-0.011363142531307796 0.0084012605358889884 0.0063057409314547291 0.00015798067209025807 -0.0017106243140579517 0
leaf_weight=5.2789278364507464 3.6447904640808715 1.5217499477294043 1.1163925564032977 0.62756545548472775 0.29748166515491892
leaf_count=5515 199 328 135 227 70
internal_value=-0.000141107 -0.00576515 -0.00961664 0.0035315 0.00775746
internal_weight=12.4869 8.54464 6.39532 2.14932 3.94227
internal_count=6474 6205 5650 555 269
is_linear=0
shrinkage=0.025


Tree=188
num_leaves=7
num_cat=0
split_feature=24 17 12 23 23 6
split_gain=1.71215 1.37403 0.424216 0.245594 0.195613 0.155745
threshold=-3.5253996849060054 0.55089443922042858 4.1122193336486825 -7.3203673362731925 -4.8558409214019767 3.5943019390106206
decision_type=2 2 2 2 2 2
left_child=4 3 -3 -2 -1 -6
right_child=1 2 -4 -5 5 -7
leaf_value=-4.9716666858842807e-05 0 -0.0027574995026314474 0.0061361419913661674 -0.012364510854226863 0.0092740219433731699 0
leaf_weight=0.28606386329920486 0.28505699400557105 1.0028898009913976 2.5431618455040734 4.8347775090369387 3.6171632267796681 0.35424506771960285
leaf_count=115 60 491 293 5237 155 74
internal_value=-0.000637004 -0.00637742 0.00274781 -0.0115502 0.00750592 0.0084712
internal_weight=12.9234 8.66589 3.54605 5.11983 4.25747 3.97141
internal_count=6425 6081 784 5297 344 229
is_linear=0
shrinkage=0.025


Tree=189
num_leaves=6
num_cat=0
split_feature=21 13 14 21 22
split_gain=1.44078 0.851327 0.434553 0.121498 0.101337
threshold=0.0042671149130910644 3.1639436483383183 0.39141961932182318 1.8595926761627199 0.87363335490226757
decision_type=2 2 2 2 2
left_child=4 3 -3 -2 -1
right_child=1 2 -4 -5 -6
leaf_value=-0.0082230008121603835 -0.0044291353205326211 0.010954388752905504 0 0.00055977777891212698 0
leaf_weight=2.5718898570776232 1.7255339786206598 5.1795029448767291 3.3106986413113191 0.51819557341514144 0.25429771177005012
leaf_count=3077 1147 1292 819 21 25
internal_value=0.00113129 0.00549786 0.00839145 -0.00282304 -0.00757151
internal_weight=13.5601 10.7339 8.4902 2.24373 2.82619
internal_count=6381 3279 2111 1168 3102
is_linear=0
shrinkage=0.025


Tree=190
num_leaves=7
num_cat=0
split_feature=27 12 13 14 22 22
split_gain=1.38596 0.764721 0.468802 0.405943 0.193215 0.128816
threshold=0.13089724630117419 2.6070923805236821 4.6011509895324716 0.3334671705961228 -0.25700227916240687 0.79063504934310924
decision_type=2 2 2 2 2 2
left_child=1 -1 5 -4 -3 -2
right_child=2 4 3 -5 -6 -7
leaf_value=-0.0029995710528954353 -0.0096572279204781963 0 0.0047526618176166749 -0.0039450454796793209 0.01016430750916146 0
leaf_weight=0.7540539275141781 3.1224246043348107 0.18285671877674747 2.0289813335548392 1.163816348162072 4.9520636058659875 0.58336532641260408
leaf_count=462 3633 298 980 544 469 57
internal_value=0 0.00664795 -0.0056882 0.000346626 0.00946224 -0.00881843
internal_weight=12.7876 5.88897 6.89859 3.1928 5.13492 3.70579
internal_count=6443 1229 5214 1524 767 3690
is_linear=0
shrinkage=0.025


Tree=191
num_leaves=7
num_cat=0
split_feature=22 6 26 5 0 26
split_gain=1.36923 0.823981 0.628152 0.430946 0.0660148 0.0492933
threshold=0.032758476212620742 3.2038887739181523 -0.88252601027488697 -0.19826918095350263 3.5869443416595463 -1.129660904407501
decision_type=2 2 2 2 2 2
left_child=3 2 -2 -1 -3 -5
right_child=1 4 -4 5 -6 -7
leaf_value=0.0014985865894410844 0.010872665657431174 0 -0.00054609097933782898 0 -0.0039952687835595494 -0.0095061999508936346
leaf_weight=0.37062021544261314 5.6830169727327293 0.2205232733831507 2.1900742361394796 0.23397143169859136 1.6140555534293524 3.0601154399191755
leaf_count=87 304 22 822 80 742 4444
internal_value=0.000584857 0.00535507 0.0082324 -0.00712838 -0.00306762 -0.00917083
internal_weight=13.3724 9.70767 7.87309 3.66471 1.83458 3.29409
internal_count=6501 1890 1126 4611 764 4524
is_linear=0
shrinkage=0.025


Tree=192
num_leaves=7
num_cat=0
split_feature=26 6 27 21 25 21
split_gain=1.2505 0.819241 0.44116 0.163324 0.153913 0.107923
threshold=-0.9349050223827361 3.3083589076995854 0.71688804030418407 1.8595926761627199 0.76090171933174144 0.0042671149130910644
decision_type=2 2 2 2 2 2
left_child=1 5 4 -3 -2 -1
right_child=2 3 -4 -5 -6 -7
leaf_value=0 0 -0.0047721381591279838 0.001708449327165882 0.001060342635721591 -0.0099458353479963731 0.0096177976248176585
leaf_weight=0.25297287888679409 2.451299420579744 1.4349909084703538 0.63416120287729416 0.45595410664100189 2.833144841453759 4.632899021889898
leaf_count=166 911 1313 99 10 3647 270
internal_value=0 0.00554566 -0.00619753 -0.00270986 -0.00812334 0.00912754
internal_weight=12.6954 6.77682 5.91861 1.89095 5.28444 4.88587
internal_count=6416 1759 4657 1323 4558 436
is_linear=0
shrinkage=0.025


Tree=193
num_leaves=7
num_cat=0
split_feature=6 25 27 26 25 18
split_gain=1.34715 1.25723 0.304538 0.140933 0.133867 0.0156462
threshold=3.2038887739181523 0.76090171933174144 0.094024233520030989 -0.79666882753372181 -4.6009182929992667 0.94825452566146862
decision_type=2 2 2 2 2 2
left_child=1 3 -3 -1 -2 -6
right_child=4 2 -4 -5 5 -7
leaf_value=0.010386734953190041 0 0.0018320918615809482 -0.0059134100342993854 0 -0.0088535337924855687 0
leaf_weight=5.423641697052517 0.65820994004025157 0.71892196833505329 2.7720275324682007 0.60045442613772859 2.4527928774114129 0.18069199091405597
leaf_count=384 68 54 2976 248 2665 30
internal_value=7.70431e-05 0.00491981 -0.00344268 0.00969629 -0.00769316 -0.00867459
internal_weight=12.8067 9.51505 3.49095 6.0241 3.29169 2.63348
internal_count=6425 3662 3030 632 2763 2695
is_linear=0
shrinkage=0.025


Tree=194
num_leaves=7
num_cat=0
split_feature=26 22 12 12 22 13
split_gain=1.02654 0.663649 0.605419 0.415186 0.139874 0.0635512
threshold=-0.99654266238212574 0.74925556778907787 2.6070923805236821 5.3300061225891122 -0.25700227916240687 3.0545879602432255
decision_type=2 2 2 2 2 2
left_child=2 3 -1 -2 -4 -3
right_child=1 5 4 -5 -6 -7
leaf_value=-0.0024606144631076133 -0.0098088166036970625 0 0 0.00010446423912036666 0.0094480620012669572 0.0037998225233902036
leaf_weight=0.66974653121724248 3.8945324703163351 0.15011731506092463 0.14573488527094003 1.9107179502098004 4.3696569511594134 1.6113154778504393
leaf_count=406 4382 41 210 925 338 140
internal_value=0.000189237 -0.00434559 0.00630516 -0.00742907 0.00887194 0.00287118
internal_weight=12.7518 7.56668 5.18514 5.80525 4.51539 1.76143
internal_count=6442 5488 954 5307 548 181
is_linear=0
shrinkage=0.025


Tree=195
num_leaves=7
num_cat=0
split_feature=27 6 18 19 21 22
split_gain=1.60334 0.700673 0.352081 0.143216 0.140368 0.100499
threshold=0.17126750946044925 3.2038887739181523 0.34729367494583135 0.40106500685215002 1.8595926761627199 0.032758476212620742
decision_type=2 2 2 2 2 2
left_child=1 5 3 -2 -3 -1
right_child=2 4 -4 -5 -6 -7
leaf_value=0 -0.010918430034668353 -0.0042129620506745806 0 0 0.0010528453968929015 0.0092311522584920085
leaf_weight=0.32281030435115088 3.4602049581044412 1.5957872394064909 1.684994957220624 0.68293018785334414 0.45459335512714449 4.2678588573253364
leaf_count=220 4060 1338 438 170 10 182
internal_value=-0.0011046 0.00527896 -0.00803455 -0.0100259 -0.0022403 0.00870613
internal_weight=12.4692 6.64105 5.82813 4.14314 2.05038 4.59067
internal_count=6418 1750 4668 4230 1348 402
is_linear=0
shrinkage=0.025


Tree=196
num_leaves=7
num_cat=0
split_feature=26 5 27 24 22 26
split_gain=1.49529 0.95434 0.500134 0.29365 0.183106 0.0629412
threshold=-0.9349050223827361 4.036543846130372 0.71688804030418407 0.44895228743553167 1.3309507966041567 -0.36305955052375788
decision_type=2 2 2 2 2 2
left_child=1 3 4 -1 -2 -4
right_child=2 -3 5 -5 -6 -7
leaf_value=0.010643270726826252 -0.0094409491897262301 -0.003463271109515071 0.0033470036257393383 -0.00028157592525547901 0 -0.00016935797156912886
leaf_weight=5.4608184028184041 4.6547673047498392 1.2368423862280904 0.35642153215303551 0.25367575034761092 0.38402101794781618 0.23735515416774422
leaf_count=417 4563 901 20 445 26 83
internal_value=2.56734e-07 0.00633888 -0.00653686 0.00966989 -0.00862102 0.0019291
internal_weight=12.5839 6.95134 5.63257 5.71449 5.03879 0.593777
internal_count=6455 1763 4692 862 4589 103
is_linear=0
shrinkage=0.025


Tree=197
num_leaves=7
num_cat=0
split_feature=26 6 27 19 21 19
split_gain=1.16772 0.816035 0.308411 0.166149 0.112581 0.0600334
threshold=-0.93158787488937367 3.0614099502563481 0.71688804030418407 0.53965365886688244 1.8595926761627199 -0.17596733570098874
decision_type=2 2 2 2 2 2
left_child=1 5 3 -2 -3 -1
right_child=2 4 -4 -5 -6 -7
leaf_value=0 -0.0085931669131160526 -0.0040627811733834123 0.0010564817107986543 0 0.00063107911808312324 0.0095377519871064076
leaf_weight=0.28118393161275879 4.504125524788833 1.872606404074759 0.43048512317182019 0.7106578725069993 0.46534861606778566 4.0233368423723732
leaf_count=91 4427 1438 104 134 14 283
internal_value=0 0.0052308 -0.00621563 -0.00765109 -0.00248337 0.00917535
internal_weight=12.2877 6.64248 5.64527 5.21478 2.33796 4.30452
internal_count=6491 1826 4665 4561 1452 374
is_linear=0
shrinkage=0.025


Tree=198
num_leaves=7
num_cat=0
split_feature=27 6 27 19 21 22
split_gain=1.13385 0.72362 0.461146 0.345154 0.142686 0.087852
threshold=0.1695247292518616 3.2038887739181523 0.71688804030418407 0.40106500685215002 1.8595926761627199 0.032758476212620742
decision_type=2 2 2 2 2 2
left_child=1 5 3 -2 -3 -1
right_child=2 4 -4 -5 -6 -7
leaf_value=0 -0.0094976429689111897 -0.0042079022556830385 0.0021146982932628588 0.00024608147029332354 0.0011035182088047443 0.0094614560180059856
leaf_weight=0.30108435694273783 4.0496977156326466 1.5710089137501202 0.55738566459331185 1.1241288093951878 0.44173690699972201 4.432767167010752
leaf_count=205 4331 1351 93 257 9 192
internal_value=0 0.00562023 -0.00560902 -0.00768578 -0.0021953 0.00900607
internal_weight=12.4778 6.7466 5.73121 5.17383 2.01275 4.73385
internal_count=6438 1757 4681 4588 1360 397
is_linear=0
shrinkage=0.025


Tree=199
num_leaves=7
num_cat=0
split_feature=21 19 9 0 13 15
split_gain=1.37293 0.550193 0.498275 0.336673 0.232205 0.0807607
threshold=0.94744881987571727 0.28780296444892889 5.5337820053100595 5.2617218494415292 3.0545879602432255 0.77078065276145946
decision_type=2 2 2 2 2 2
left_child=1 2 -1 5 -3 -2
right_child=3 4 -4 -5 -6 -7
leaf_value=-0.010786905226099427 0.0090168706837356755 -0.0024742073728524407 0.00089244499032208882 -0.00070118208594411972 0.0041874072047476934 0
leaf_weight=3.9448866816965165 3.8097744429542217 0.6426218667184006 0.89254622930457106 0.84493808803381387 1.8560212065058292 0.31050531455548469
leaf_count=5099 214 355 267 143 241 70
internal_value=0 -0.00569313 -0.00863832 0.0067812 0.00113326 0.00854409
internal_weight=12.3013 7.33608 4.83743 4.96522 2.49864 4.12028
internal_count=6389 5962 5366 427 596 284
is_linear=0
shrinkage=0.025


Tree=200
num_leaves=7
num_cat=0
split_feature=26 6 19 22 17 13
split_gain=1.41638 0.698795 0.685181 0.13179 0.103067 0.0542616
threshold=-0.93158787488937367 3.3083589076995854 0.53965365886688244 0.032758476212620742 1.1785222291946413 4.3335664272308358
decision_type=2 2 2 2 2 2
left_child=1 3 -2 -1 -3 -4
right_child=2 4 5 -5 -6 -7
leaf_value=0 -0.009963035617549099 -0.0039540398623260538 -2.347554327228323e-05 0.0094251379100302318 0.00055156096184696046 0.0031416698431071181
leaf_weight=0.33585086603125081 4.3988545752617938 1.2889975473699449 0.14690471729409171 4.4517929085923242 0.52337834809441108 1.0201972398062933
leaf_count=253 4508 1286 71 208 51 62
internal_value=-0.000252064 0.00554064 -0.00708393 0.00879599 -0.00228561 0.0020338
internal_weight=12.166 6.60002 5.56596 4.78764 1.81238 1.1671
internal_count=6439 1798 4641 461 1337 133
is_linear=0
shrinkage=0.025


Tree=201
num_leaves=7
num_cat=0
split_feature=22 17 27 11 4 23
split_gain=1.07398 1.28252 0.54018 0.428134 0.183924 0.0559393
threshold=0.74925556778907787 0.52133619785308849 0.71688804030418407 4.0189120769500741 5.0031166076660165 -5.4664018154144278
decision_type=2 2 2 2 2 2
left_child=1 2 -1 -3 5 -2
right_child=4 3 -4 -5 -6 -7
leaf_value=-0.011986213419948911 0 -0.0024098104882640499 0.0011776767411953552 0.0066095118374083842 -8.1754616623716406e-05 0.0082215674613470898
leaf_weight=4.0278940598036552 0.29211258967552645 1.038903354041395 0.41958679440722324 2.6747510653949575 0.32876304091769259 3.1810064951423564
leaf_count=5172 90 476 82 380 54 147
internal_value=0 -0.00451359 -0.0101167 0.00343412 0.00676743 0.00781905
internal_weight=11.963 8.16114 4.44748 3.71365 3.80188 3.47312
internal_count=6401 6110 5254 856 291 237
is_linear=0
shrinkage=0.025


Tree=202
num_leaves=7
num_cat=0
split_feature=21 26 0 12 6 16
split_gain=1.38583 0.470182 0.40464 0.302569 0.148951 0.12189
threshold=0.94744881987571727 -1.0415437221527097 0.24750857800245288 3.0128455162048344 4.0043301582336435 0.84260180592536937
decision_type=2 2 2 2 2 2
left_child=1 4 -3 -2 -1 -5
right_child=3 2 -4 5 -6 -7
leaf_value=0.0038944350197682403 -0.00066590069991918379 0.0011449604880451737 -0.0093692475860226703 0.00929092106188085 -0.0015164829806413929 0
leaf_weight=1.2095790497842243 0.48513556504622091 0.43639436094235851 4.9997595165077655 4.0024092522799037 0.49780518073384872 0.43983726092119457
leaf_count=75 89 119 5460 217 408 117
internal_value=0 -0.00538313 -0.00778215 0.00719727 0.00143058 0.00861581
internal_weight=12.0709 7.14354 5.43615 4.92738 1.70738 4.44225
internal_count=6485 6062 5579 423 483 334
is_linear=0
shrinkage=0.025


Tree=203
num_leaves=6
num_cat=0
split_feature=21 5 14 24 24
split_gain=1.07876 0.552165 0.579722 0.0907967 0.0584904
threshold=0.0042671149130910644 4.036543846130372 0.39141961932182318 -4.7863144874572745 -5.4962537288665763
decision_type=2 2 2 2 2
left_child=3 2 -2 -1 -3
right_child=1 4 -4 -5 -6
leaf_value=0 0.0095947894093874123 0 -0.00052775948778980165 -0.007734632411202225 -0.003759687261038841
leaf_weight=0.23229950910899821 5.3038449655687128 0.31733997794799507 2.9766985739697702 2.3814352459958181 0.92882794197066576
leaf_count=21 1671 16 1010 3159 607
internal_value=0.000268016 0.00447274 0.00665661 -0.00710956 -0.00275036
internal_weight=12.1404 9.52671 8.28054 2.61373 1.24617
internal_count=6484 3304 2681 3180 623
is_linear=0
shrinkage=0.025


Tree=204
num_leaves=6
num_cat=0
split_feature=6 26 26 2 0
split_gain=0.930244 1.16071 0.362652 0.196983 0.0923643
threshold=3.3083589076995854 -0.88252601027488697 -0.39631035923957819 2.0907014608383183 3.5869443416595463
decision_type=2 2 2 2 2
left_child=1 3 -3 -1 -2
right_child=4 2 -4 -5 -6
leaf_value=0 0 -0.006946403281959084 0.0018558023865069759 0.0090085754919133915 -0.008284554049658473
leaf_weight=0.28545630341613915 0.33069800794328452 2.614903913759917 0.59812290748959629 5.1570961924917356 2.4197052744748362
leaf_count=162 320 2873 103 668 2258
internal_value=-0.000600017 0.00315344 -0.00441459 0.00819428 -0.00763263
internal_weight=11.406 8.65558 3.21303 5.44255 2.7504
internal_count=6384 3806 2976 830 2578
is_linear=0
shrinkage=0.025


Tree=205
num_leaves=7
num_cat=0
split_feature=22 17 2 13 25 11
split_gain=0.996305 1.11844 0.592093 0.390032 0.196095 0.196342
threshold=0.71694371104240429 0.55089443922042858 1.0000000180025095e-35 3.5657657384872441 -0.6545119285583495 2.2118912935256962
decision_type=2 2 2 2 2 2
left_child=1 2 -1 -3 5 -2
right_child=4 3 -4 -5 -6 -7
leaf_value=0.0012114758903947636 0 -0.0022676574379033114 -0.011508180049553167 0.0063712523017618039 -0.00019190523948514152 0.0088402243137373233
leaf_weight=0.82303781789960151 0.35878020312520709 0.94743958800245343 3.835304655807704 2.705281246220693 0.3147321953292711 3.4313054851154448
leaf_count=170 59 493 5192 308 116 151
internal_value=0.000135747 -0.00396424 -0.00915 0.00339264 0.00674175 0.0078102
internal_weight=12.4159 8.31106 4.65834 3.65272 4.10482 3.79009
internal_count=6489 6163 5362 801 326 210
is_linear=0
shrinkage=0.025


Tree=206
num_leaves=7
num_cat=0
split_feature=21 24 27 12 16 13
split_gain=1.47937 0.88319 0.506752 0.281743 0.210095 0.0754961
threshold=0.97451570630073558 -3.5253996849060054 0.71688804030418407 2.8753541707992558 0.71609729528427135 2.9656887054443364
decision_type=2 2 2 2 2 2
left_child=1 5 -3 -2 -5 -1
right_child=3 2 -4 4 -6 -7
leaf_value=-3.5033604062228577e-05 -0.00055573284575934979 -0.011036951839146719 0.0012616552669645455 0.0094808216830288023 0 0.004036316825381853
leaf_weight=0.17630222253501404 0.47768886972335156 5.0318118062095891 0.40293866241700005 4.0031097973769647 0.38329655570123566 1.5269832022895569
leaf_count=67 75 5817 77 206 123 95
internal_value=0 -0.00588978 -0.00935854 0.00714482 0.0084986 0.00297073
internal_weight=12.0021 7.13804 5.43475 4.8641 4.38641 1.70329
internal_count=6460 6056 5894 404 329 162
is_linear=0
shrinkage=0.025


Tree=207
num_leaves=7
num_cat=0
split_feature=26 12 12 25 22 21
split_gain=1.30124 0.508891 0.388731 0.266559 0.264337 0.116066
threshold=-0.99654266238212574 2.6070923805236821 5.385556936264039 2.7036647796630864 1.0590199232101443 -0.15824733674526212
decision_type=2 2 2 2 2 2
left_child=1 -1 4 -4 -2 -3
right_child=2 5 3 -5 -6 -7
leaf_value=-0.0017797438368765514 -0.0093358796655257145 0 0.0043023341382988278 -0.0030073968301293471 0.00017925164849532245 0.0093831509843989493
leaf_weight=0.76793499955965661 4.0583504052228818 0.12071539524913522 1.3933240531841877 0.63009845108172147 0.51718119391443895 4.1025214137334842
leaf_count=412 4521 135 378 541 43 395
internal_value=0 0.00655339 -0.00575521 0.000615694 -0.00807566 0.00888967
internal_weight=11.5901 4.99117 6.59895 2.02342 4.57553 4.22324
internal_count=6425 942 5483 919 4564 530
is_linear=0
shrinkage=0.025


Tree=208
num_leaves=7
num_cat=0
split_feature=22 26 11 12 25 18
split_gain=1.51073 0.614429 0.154909 0.149459 0.0853245 0.0661071
threshold=0.74925556778907787 -1.0308588743209837 2.2118912935256962 3.0128455162048344 -1.2917645573616026 0.34729367494583135
decision_type=2 2 2 2 2 2
left_child=1 3 -2 -1 -4 -3
right_child=2 5 4 -5 -6 -7
leaf_value=-0.0017549701748012345 0 -0.010873192821604831 0.0078093190272486559 0.0036255818566264114 0 0
leaf_weight=0.51484783865453199 0.39039943009265732 4.2702968371595489 2.870920800276509 1.3930947118569745 0.39894867501425268 1.2335011098621178
leaf_count=379 67 5024 133 169 99 490
internal_value=-0.00199439 -0.00739238 0.00617167 0.00104956 0.00718297 -0.0100204
internal_weight=11.072 7.41174 3.66027 1.90794 3.26987 5.5038
internal_count=6361 6062 299 548 232 5514
is_linear=0
shrinkage=0.025


Tree=209
num_leaves=7
num_cat=0
split_feature=25 6 27 27 19 14
split_gain=1.11664 0.986203 0.327797 0.40885 0.144065 0.0691395
threshold=0.76090171933174144 3.2038887739181523 0.072489034384489073 0.71688804030418407 -0.42636927962303156 -0.75648996233940113
decision_type=2 2 2 2 2 2
left_child=1 4 -2 -4 -1 -3
right_child=2 5 3 -5 -6 -7
leaf_value=0 0.00089962777783719424 0 -0.0096511727129782558 0.0011554536959532376 0.0097898374215245297 -0.0043539381115690542
leaf_weight=0.085710584244225063 0.99413050118164381 0.49883903772206384 3.1472093555130418 0.41601032190374088 5.6533782707192586 1.4084710829483809
leaf_count=52 291 99 4390 91 599 927
internal_value=0.000567221 0.00557376 -0.00570029 -0.00772165 0.00931083 -0.00336626
internal_weight=12.2037 7.6464 4.55735 3.56322 5.73909 1.90731
internal_count=6449 1677 4772 4481 651 1026
is_linear=0
shrinkage=0.025


Tree=210
num_leaves=7
num_cat=0
split_feature=25 6 21 20 1 14
split_gain=1.33993 0.820302 0.429238 0.14908 0.0777676 0.0727771
threshold=0.44743463397026068 3.2038887739181523 1.0661486983299258 2.1053031682968144 1.997561573982239 -0.75648996233940113
decision_type=2 2 2 2 2 2
left_child=1 4 3 -2 -1 -3
right_child=2 5 -4 -5 -6 -7
leaf_value=0 -0.01039926418317969 0 0.00081850001998954507 0 0.0087947033421715889 -0.0042167305039648171
leaf_weight=0.076216366971493588 3.4628106579657474 0.47299640044730029 0.98417635279474769 0.30822973095200712 5.0664954485619091 1.347599874185107
leaf_count=73 4691 85 126 102 481 856
internal_value=-0.000547526 0.00487828 -0.00756151 -0.00968097 0.00848372 -0.00314307
internal_weight=11.7185 6.96331 4.75522 3.77104 5.14271 1.8206
internal_count=6414 1495 4919 4793 554 941
is_linear=0
shrinkage=0.025


Tree=211
num_leaves=6
num_cat=0
split_feature=22 13 27 18 0
split_gain=1.38753 0.771604 0.465225 0.183786 0.0710794
threshold=0.032758476212620742 2.9656887054443364 0.3138663917779923 0.54206931591033947 3.6045014858245854
decision_type=2 2 2 2 2
left_child=3 4 -3 -1 -2
right_child=1 2 -4 -5 -6
leaf_value=-0.0087868077909791006 0 0.0097144511342098019 -0.00067610322335247871 0 -0.0044337269039929818
leaf_weight=3.0484929863487209 0.21259015026589434 6.1984765435117879 1.3530538593404342 0.25143606413621444 1.0227637164243786
leaf_count=4486 26 657 628 71 547
internal_value=0 0.00511467 0.00782707 -0.00781215 -0.00344428
internal_weight=12.0868 8.78688 7.55153 3.29993 1.23535
internal_count=6415 1858 1285 4557 573
is_linear=0
shrinkage=0.025


Tree=212
num_leaves=7
num_cat=0
split_feature=6 21 3 25 18 3
split_gain=1.07526 0.649049 0.303584 0.198657 0.0333784 0.0321443
threshold=2.8939555883407597 0.016511681489646438 -0.23832268267869947 -4.2199261188507071 1.0420561432838442 3.383418202400208
decision_type=2 2 2 2 2 2
left_child=1 5 -3 -2 -5 -1
right_child=3 2 -4 4 -6 -7
leaf_value=-0.0036311908782303993 0 -0.00080011430025394279 0.0084998889052954017 -0.0085085003585894953 0 0
leaf_weight=1.0756544482464958 0.92531115988094859 0.31847223383374501 6.1188067553484871 2.5380529756403125 0.13469575665658329 0.099751949310302623
leaf_count=1547 96 118 1571 3049 17 1
internal_value=0 0.00463826 0.00734469 -0.00682661 -0.00827072 -0.00311758
internal_weight=11.2107 7.61269 6.43728 3.59806 2.67275 1.17541
internal_count=6399 3237 1689 3162 3066 1548
is_linear=0
shrinkage=0.025


Tree=213
num_leaves=7
num_cat=0
split_feature=6 26 14 24 16 22
split_gain=0.940948 0.743194 0.301436 0.184986 0.111442 0.0729198
threshold=3.2730076313018803 -0.88252601027488697 0.099982444196939482 0.44895228743553167 -1.4230061173439024 0.92583569884300243
decision_type=2 2 2 2 2 2
left_child=1 3 -3 -1 -2 -6
right_child=4 2 -4 -5 5 -7
leaf_value=0.008852198529233234 0 0.0022976102817345626 -0.0051183558496966505 0 -0.0080099291825775302 0
leaf_weight=4.9937339118550872 0.24773329013260115 0.98208901441103025 2.5255067809048342 0.21381819788075507 2.1693227133473569 0.34841497114393849
leaf_count=443 20 973 1995 375 2585 40
internal_value=0 0.0042122 -0.00217731 0.00808662 -0.00666298 -0.0074245
internal_weight=11.4806 8.71515 3.5076 5.20755 2.76547 2.51774
internal_count=6431 3786 2968 818 2645 2625
is_linear=0
shrinkage=0.025


Tree=214
num_leaves=7
num_cat=0
split_feature=6 26 15 25 17 18
split_gain=1.23008 0.71983 0.282294 0.204128 0.116002 0.0536464
threshold=2.8389151096343999 -0.88252601027488697 0.1714260280132294 -3.8780500888824458 0.063679520040750517 0.94825452566146862
decision_type=2 2 2 2 2 2
left_child=1 4 -3 -2 -1 -5
right_child=3 2 -4 5 -6 -7
leaf_value=0 0 0.0019771600072584728 -0.0052003830874851383 -0.0088489933531644607 0.0094978449689835098 0
leaf_weight=0.46696862570388464 0.99503907960024607 1.727940773365843 1.4199733594905408 2.4267883412139803 4.392785722604458 0.18400121167360328
leaf_count=233 108 1262 1349 3097 334 25
internal_value=5.52523e-05 0.0051754 -0.00169787 -0.00698968 0.00886473 -0.00848564
internal_weight=11.6135 8.00767 3.14791 3.60583 4.85975 2.61079
internal_count=6408 3178 2611 3230 567 3122
is_linear=0
shrinkage=0.025


Tree=215
num_leaves=7
num_cat=0
split_feature=13 22 21 15 16 23
split_gain=0.98466 0.510475 0.501556 0.362425 0.138619 0.0293877
threshold=4.0095963478088388 0.71694371104240429 0.0042671149130910644 0.38772526383399969 -1.4230061173439024 0.035941293463110931
decision_type=2 2 2 2 2 2
left_child=1 4 -2 -4 -1 -3
right_child=2 5 3 -5 -6 -7
leaf_value=0 -0.0025033416511712155 0.002309927830945171 0.0091173279527301723 -0.00026505252758414038 -0.0094660523414192427 0
leaf_weight=0.26282426217221688 0.78355366161486006 1.1371000594808718 4.4311987173023226 1.4792892859768469 3.1024807912617689 0.29541651868203178
leaf_count=21 1157 86 958 429 3709 48
internal_value=0 -0.00584495 0.00489923 0.00715092 -0.00874266 0.0014951
internal_weight=11.4919 4.79782 6.69404 5.91049 3.36531 1.43252
internal_count=6408 3864 2544 1387 3730 134
is_linear=0
shrinkage=0.025


Tree=216
num_leaves=7
num_cat=0
split_feature=26 13 0 24 24 1
split_gain=1.13943 0.634641 0.319694 0.291293 0.275319 0.0491875
threshold=-0.9349050223827361 2.2150264978408818 0.24750857800245288 0.20158912986516955 -3.6522214412689205 1.0000000180025095e-35
decision_type=2 2 2 2 2 2
left_child=1 -1 5 -3 -4 -2
right_child=2 3 4 -5 -6 -7
leaf_value=-0.0028098732530987547 -0.00021621612540615386 0.0094082302641111844 4.007894680217009e-05 -0.00048415913419004065 -0.0089878037050961021 0.0027513920014078908
leaf_weight=0.78673708604401316 0.26437412610539457 5.0830023265079944 0.98097077796410292 0.31849852864615957 3.8486147520925442 0.15152173770911759
leaf_count=634 103 526 158 606 4484 9
internal_value=0 0.00567812 -0.00585666 0.00827171 -0.00743062 0.00125291
internal_weight=11.4337 6.18824 5.24548 5.4015 4.82959 0.415896
internal_count=6520 1766 4754 1132 4642 112
is_linear=0
shrinkage=0.025


Tree=217
num_leaves=7
num_cat=0
split_feature=6 25 7 19 22 21
split_gain=0.977553 0.944981 0.249532 0.116804 0.0657477 0.076379
threshold=3.0406498908996586 0.76090171933174144 5.0531740188598642 -0.42636927962303156 1.0590199232101443 1.8595926761627199
decision_type=2 2 2 2 2 2
left_child=1 3 -3 -1 5 -2
right_child=4 2 -4 -5 -6 -7
leaf_value=0 -0.0077889620923659933 -0.0055310152770592161 0.0015097298301685097 0.0090325256124973441 0 0
leaf_weight=0.038412185997003578 2.4477054035814962 2.1981536890489228 0.77513550315779856 5.2243089677685912 0.40266844048164774 0.35128125236951735
leaf_count=35 2902 2651 263 541 33 24
internal_value=0 0.00432828 -0.00311593 0.00861207 -0.00665284 -0.00719822
internal_weight=11.4377 8.23601 2.97329 5.26272 3.20166 2.79899
internal_count=6449 3490 2914 576 2959 2926
is_linear=0
shrinkage=0.025


Tree=218
num_leaves=7
num_cat=0
split_feature=27 13 27 19 21 27
split_gain=0.96431 0.606957 0.423481 0.367492 0.210117 0.0531921
threshold=0.16270457953214648 2.2150264978408818 0.71688804030418407 0.53965365886688244 0.059800174087286002 0.74906152486801159
decision_type=2 2 2 2 2 2
left_child=1 -1 3 -2 -3 -4
right_child=2 4 5 -5 -6 -7
leaf_value=-0.0028906277999436181 -0.0094078828671683139 0 0.0031599080843886331 0.00060313053009249226 0.0088227100788008696 -1.0833099145870858e-05
leaf_weight=0.79497771254318639 3.7961552767992544 0.5214822506350173 0.37132119553280052 0.86636754501523672 4.7410757049729 0.20899679794092663
leaf_count=605 4520 508 25 140 569 78
internal_value=0 0.00517386 -0.00547197 -0.00755134 0.00781591 0.00191144
internal_weight=11.3004 6.05754 5.24284 4.66252 5.26256 0.580318
internal_count=6445 1682 4763 4660 1077 103
is_linear=0
shrinkage=0.025


Tree=219
num_leaves=7
num_cat=0
split_feature=22 17 7 12 11 16
split_gain=0.887813 0.840712 0.574435 0.179744 0.179561 0.101123
threshold=0.74925556778907787 0.80304524302482616 5.0531740188598642 2.8753541707992558 2.2118912935256962 0.57516950368881237
decision_type=2 2 2 2 2 2
left_child=1 2 -1 -3 -2 -6
right_child=4 3 -4 -5 5 -7
leaf_value=-0.010517230305483245 -0.00020732144253484604 -0.0011297498487406366 0.0014855205164919431 0.0050116548941261645 0.007739343675061564 0
leaf_weight=4.4909624650827027 0.38678066074498962 0.37039020918018684 0.77578161976998661 1.9944247862003974 3.0436325440023215 0.31009903091762669
leaf_count=5618 72 145 264 178 141 95
internal_value=0 -0.00443351 -0.00827805 0.00308717 0.00592264 0.00707872
internal_weight=11.3721 7.63156 5.26674 2.36481 3.74051 3.35373
internal_count=6513 6205 5882 323 308 236
is_linear=0
shrinkage=0.025


Tree=220
num_leaves=7
num_cat=0
split_feature=26 13 22 0 21 0
split_gain=1.0576 0.466842 0.404692 0.375032 0.138673 0.0344034
threshold=-1.0014895200729368 2.2150264978408818 0.74925556778907787 0.24750857800245288 0.18243902176618579 5.3799731731414804
decision_type=2 2 2 2 2 2
left_child=1 -1 3 -2 -3 -4
right_child=2 4 5 -5 -6 -7
leaf_value=-0.0017637256281498725 0.0012337503946580658 0 0.0024490225226892846 -0.0085961874058583139 0.0092895193795353125 0
leaf_weight=0.55748448881786306 0.41834716062294308 0.22603454795898859 1.2408907312419613 4.6479161088500405 3.959170942674973 0.20311858051718434
leaf_count=426 110 224 104 5262 244 75
internal_value=0.000214427 0.00650272 -0.00465836 -0.00695396 0.00864498 0.00157223
internal_weight=11.253 4.74269 6.51027 5.06626 4.18521 1.44401
internal_count=6445 894 5551 5372 468 179
is_linear=0
shrinkage=0.025


Tree=221
num_leaves=6
num_cat=0
split_feature=21 13 26 18 24
split_gain=1.08643 0.691216 0.347229 0.0698344 0.0650909
threshold=0.0042671149130910644 2.9656887054443364 -0.88252601027488697 0.54206931591033947 -4.7863144874572745
decision_type=2 2 2 2 2
left_child=4 3 -3 -2 -1
right_child=1 2 -4 -5 -6
leaf_value=0 -0.0039475630976750107 0.0097676848920936997 0 0 -0.0069667380677303136
leaf_weight=0.22920196046470698 0.95780398849092108 5.5484466064845028 2.3264206683488746 0.5997960224194685 2.1073842278674428
leaf_count=22 865 668 1590 134 3133
internal_value=0.00137776 0.00530759 0.0078302 -0.00273899 -0.00644004
internal_weight=11.7691 9.43247 7.87487 1.5576 2.33659
internal_count=6412 3257 2258 999 3155
is_linear=0
shrinkage=0.025


Tree=222
num_leaves=7
num_cat=0
split_feature=27 5 27 25 24 26
split_gain=0.975165 0.506885 0.373415 0.378485 0.225058 0.0562201
threshold=0.13717123866081241 4.75185251235962 0.71688804030418407 0.76090171933174144 0.44895228743553167 -0.36305955052375788
decision_type=2 2 2 2 2 2
left_child=1 4 3 -2 -1 -4
right_child=2 -3 5 -5 -6 -7
leaf_value=0.0092135629746028704 0 -0.0021380260545359494 0.0032805491371633265 -0.0094869603905558368 -0.00014057496555359625 -2.4479767934200056e-05
leaf_weight=4.4619527281174669 2.9824565186900145 0.61824491302468221 0.34941765319672413 2.6266186433458643 0.24227400121526432 0.21308498336293258
leaf_count=411 1038 455 17 4080 424 75
internal_value=0.000243528 0.00599948 -0.00462447 -0.00651179 0.00826355 0.00200834
internal_weight=11.494 5.32247 6.17158 5.60908 4.70423 0.562503
internal_count=6500 1290 5210 5118 835 92
is_linear=0
shrinkage=0.025


Tree=223
num_leaves=7
num_cat=0
split_feature=27 6 24 19 22 1
split_gain=1.19188 0.661281 0.319873 0.155259 0.0667683 0.0609372
threshold=0.16408981382846835 3.3629397153854375 -3.6522214412689205 0.40106500685215002 -0.099495999515056596 5.980191946029664
decision_type=2 2 2 2 2 2
left_child=1 4 -2 -4 -1 -3
right_child=2 5 3 -5 -6 -7
leaf_value=0 0.00035704607268115647 -0.003725267201199789 -0.009594605267601487 0 0.0086159023612308108 0
leaf_weight=0.26184882388406538 1.0789408080308929 1.0239432444104748 3.7870250812193262 0.51702553471841373 3.8440116651690914 0.52659525417402608
leaf_count=187 168 1156 4486 138 251 110
internal_value=-0.000960628 0.00481447 -0.00702714 -0.00874708 0.00821683 -0.00263588
internal_weight=11.0394 5.6564 5.38299 4.30405 4.10586 1.55054
internal_count=6496 1704 4792 4624 438 1266
is_linear=0
shrinkage=0.025


Tree=224
num_leaves=7
num_cat=0
split_feature=21 19 7 5 13 16
split_gain=0.86057 0.750085 0.586442 0.216919 0.1859 0.152769
threshold=0.97451570630073558 0.40106500685215002 5.0531740188598642 4.4142537117004403 2.9656887054443364 0.84260180592536937
decision_type=2 2 2 2 2 2
left_child=1 2 -1 5 -3 -2
right_child=3 4 -4 -5 -6 -7
leaf_value=-0.01032342456946081 0.0081591611379692227 -0.0012550984711125861 0.0016829184578522995 -0.00055161815778598461 0.0049211020701987532 0
leaf_weight=3.9525953489137464 3.5679509302790398 0.40868958125793176 0.74142167553509342 0.25928802936687123 2.0034949037362821 0.36425976651662484
leaf_count=5387 231 238 275 52 185 128
internal_value=5.50072e-05 -0.00403369 -0.0078924 0.00609031 0.00289071 0.00729161
internal_weight=11.2977 7.1062 4.69402 4.1915 2.41218 3.93221
internal_count=6496 6085 5662 411 423 359
is_linear=0
shrinkage=0.025


Tree=225
num_leaves=7
num_cat=0
split_feature=26 24 5 19 21 0
split_gain=1.46612 0.510509 0.487805 0.163775 0.094982 0.0236688
threshold=-0.99874237179756153 -3.6522214412689205 4.5036058425903329 0.55604141950607311 0.18243902176618579 5.1780395507812509
decision_type=2 2 2 2 2 2
left_child=2 5 4 -3 -1 -2
right_child=1 3 -4 -5 -6 -7
leaf_value=0 0.0017535146609822573 -0.011101393099864095 -0.0022686005366390526 0 0.0083255302359911913 0
leaf_weight=0.18449091526417793 0.96713024347991428 4.2032076292416605 0.63404928737872968 0.39403731204220083 3.6778827434318373 0.37329989717545686
leaf_count=172 98 5243 467 83 277 103
internal_value=-0.00207216 -0.00809276 0.00529506 -0.010369 0.00782132 0.000748769
internal_weight=10.4341 5.93768 4.49642 4.59724 3.86237 1.34043
internal_count=6443 5527 916 5326 449 201
is_linear=0
shrinkage=0.025


Tree=226
num_leaves=6
num_cat=0
split_feature=6 21 14 14 22
split_gain=0.983741 0.610998 0.415544 0.0745214 0.05054
threshold=3.2730076313018803 0.0042671149130910644 0.39141961932182318 -0.75648996233940113 0.87363335490226757
decision_type=2 2 2 2 2
left_child=1 4 -3 -2 -1
right_child=3 2 -4 -5 -6
leaf_value=-0.0037007034582118253 0 0.0096593448391978694 0 -0.0071389041746804912 0
leaf_weight=1.0892798064487559 0.5833328323606114 4.5192415314522805 2.7322915842487419 2.1888778163192919 0.16883232857799146
leaf_count=1756 209 1216 788 2442 4
internal_value=0.000453648 0.00469971 0.00716214 -0.00641454 -0.0028772
internal_weight=11.2819 8.50965 7.25153 2.77221 1.25811
internal_count=6415 3764 2004 2651 1760
is_linear=0
shrinkage=0.025


Tree=227
num_leaves=7
num_cat=0
split_feature=27 22 0 5 24 11
split_gain=0.822299 0.703058 0.471576 0.463568 0.232631 0.0801274
threshold=0.13717123866081241 0.74925556778907787 0.24750857800245288 4.75185251235962 0.18702131509780887 2.6389290094375615
decision_type=2 2 2 2 2 2
left_child=3 2 -2 4 -1 -3
right_child=1 5 -4 -5 -6 -7
leaf_value=0.0086366666585629952 0.0013348725674287229 -0.00020930403279275324 -0.010273429555271314 -0.0021926169633059694 -0.00031923355054431211 0.0038584901389357683
leaf_weight=4.1321590547231608 0.40392824916489178 0.18422843105508935 3.6777548956270039 0.62990605165396107 0.25231914381947707 1.6338111009536076
leaf_count=376 118 41 4829 456 431 143
internal_value=0 -0.0046951 -0.008334 0.00522753 0.00755979 0.0026784
internal_weight=10.9141 5.89972 4.08168 5.01438 4.38448 1.81804
internal_count=6394 5131 4947 1263 807 184
is_linear=0
shrinkage=0.025


Tree=228
num_leaves=7
num_cat=0
split_feature=26 12 12 15 19 22
split_gain=1.07567 0.496332 0.390693 0.427189 0.358386 0.106766
threshold=-1.0014895200729368 2.6070923805236821 5.3300061225891122 0.1714260280132294 0.53965365886688244 -0.25700227916240687
decision_type=2 2 2 2 2 2
left_child=1 -1 4 -4 -2 -3
right_child=2 5 3 -5 -6 -7
leaf_value=-0.0018835155629349878 -0.0092212699319320079 0 0.0055749148983117672 -0.0036746751991307901 0.00055444635525395472 0.009342443995486267
leaf_weight=0.53644092313334102 3.3210693484506919 0.11409973106492532 1.3143259389908055 0.82800853805383656 0.97360907677648345 3.9540160627584555
leaf_count=372 4404 202 325 619 153 330
internal_value=0.000261734 0.00664597 -0.00466756 0.00105509 -0.00722658 0.00887831
internal_weight=11.0416 4.60456 6.43701 2.14233 4.29468 4.06812
internal_count=6405 904 5501 944 4557 532
is_linear=0
shrinkage=0.025


Tree=229
num_leaves=6
num_cat=0
split_feature=21 13 20 21 22
split_gain=0.969807 0.712406 0.191788 0.100814 0.0578072
threshold=0.0042671149130910644 3.4474067687988286 0.85937035083770763 1.8595926761627199 0.87363335490226757
decision_type=2 2 2 2 2
left_child=4 3 -3 -2 -1
right_child=1 2 -4 -5 -6
leaf_value=-0.0066468304573959252 -0.0040323023591360575 0.0090971372666193411 0 0.00043486422373289124 0
leaf_weight=1.9871095753078418 1.6107827257255833 5.6310203988650755 1.4326048073526179 0.51373459491878737 0.2252780903072561
leaf_count=3141 1371 1446 438 25 24
internal_value=0.00127439 0.0050386 0.00793686 -0.00252774 -0.00614744
internal_weight=11.4005 9.18814 7.06363 2.12452 2.21239
internal_count=6445 3280 1884 1396 3165
is_linear=0
shrinkage=0.025


Tree=230
num_leaves=7
num_cat=0
split_feature=6 21 19 21 22 9
split_gain=0.806668 0.537794 0.206632 0.14418 0.155258 0.0275656
threshold=2.9313077926635747 0.016511681489646438 -0.31139509379863733 1.8595926761627199 0.92583569884300243 1.3513873815536501
decision_type=2 2 2 2 2 2
left_child=1 5 -3 4 -2 -1
right_child=3 2 -4 -5 -6 -7
leaf_value=0 -0.0079103037983542356 -0.00034700734917493856 0.007618775796196799 0 0 -0.0032923660662438508
leaf_weight=0.095803603529929893 2.3871110145628345 0.24509871984628251 6.1292335148100392 0.57900528411846597 0.56174562146770757 0.99112951843926567
leaf_count=1 3027 237 1489 30 53 1584
internal_value=0 0.00428761 0.0067451 -0.00567954 -0.00677815 -0.00279976
internal_weight=10.9891 7.46127 6.37433 3.52786 2.94886 1.08693
internal_count=6421 3311 1726 3110 3080 1585
is_linear=0
shrinkage=0.025


Tree=231
num_leaves=7
num_cat=0
split_feature=13 25 18 20 22 27
split_gain=0.913359 0.611261 0.422804 0.23459 0.111973 0.109601
threshold=4.0095963478088388 2.7036647796630864 0.52863720059394848 0.85937035083770763 0.87363335490226757 0.094024233520030989
decision_type=2 2 2 2 2 2
left_child=2 3 4 -2 -1 -3
right_child=1 5 -4 -5 -6 -7
leaf_value=-0.0088784906549299256 0.0089560876407921691 0.00056602736128239612 0.00118248070052059 -0.00025804462586538363 0 -0.0042341451809990958
leaf_weight=2.6205943732493329 4.7746081676596077 0.38919580076617399 1.4984855845541458 0.24505967352888536 0.33250449524348358 0.93221101005474338
leaf_count=3534 1174 31 288 82 37 1254
internal_value=3.71628e-05 0.00510281 -0.00539957 0.00797819 -0.00816899 -0.0025022
internal_weight=10.7927 6.34107 4.45158 5.01967 2.9531 1.32141
internal_count=6400 2541 3859 1256 3571 1285
is_linear=0
shrinkage=0.025


Tree=232
num_leaves=7
num_cat=0
split_feature=27 6 12 14 22 21
split_gain=0.725777 0.601229 0.438898 0.238695 0.0950071 0.0696706
threshold=0.17126750946044925 3.3629397153854375 5.8251569271087655 0.26495857536792761 0.032758476212620742 1.8595926761627199
decision_type=2 2 2 2 2 2
left_child=1 4 -2 -4 -1 -3
right_child=2 5 3 -5 -6 -7
leaf_value=0 -0.0087046621620634115 -0.0042335367528211895 0.0046030913572188336 -0.0024545668129092122 0.0075539911916016516 0
leaf_weight=0.31180858753941754 3.3821082219510572 1.1524731919271287 0.80362204838456797 0.56155258286889875 3.4221220960243954 0.25463383214082558
leaf_count=269 4187 1293 203 290 190 7
internal_value=-0.00133818 0.00332577 -0.0061453 0.00107042 0.00694456 -0.00322712
internal_weight=9.88832 5.14104 4.74728 1.36517 3.73393 1.40711
internal_count=6439 1759 4680 493 459 1300
is_linear=0
shrinkage=0.025


Tree=233
num_leaves=7
num_cat=0
split_feature=26 5 27 18 24 26
split_gain=0.808866 0.59618 0.430697 0.290135 0.163689 0.0562198
threshold=-0.93883165717124928 3.8997600078582768 0.71688804030418407 0.45389541983604437 0.44895228743553167 -0.36305955052375788
decision_type=2 2 2 2 2 2
left_child=1 4 3 -2 -1 -4
right_child=2 -3 5 -5 -6 -7
leaf_value=0.0082458544623791406 -0.0095616934037497641 -0.0028740288257496794 0.0032150136140354454 0 0 -6.6275488917530523e-05
leaf_weight=4.1070510248900973 3.1101147852059512 1.1956709895421225 0.35419578294386156 1.3039226335749843 0.20413962890597748 0.21921270573511709
leaf_count=375 4295 948 22 297 389 85
internal_value=-0.00026968 0.0043134 -0.00558189 -0.00771366 0.00745091 0.0019051
internal_weight=10.4943 5.50686 4.98745 4.41404 4.31119 0.573408
internal_count=6411 1712 4699 4592 764 107
is_linear=0
shrinkage=0.025


Tree=234
num_leaves=7
num_cat=0
split_feature=13 26 22 21 26 17
split_gain=0.877191 0.483666 0.40385 0.33908 0.204432 0.150489
threshold=4.0523371696472177 -0.88252601027488697 0.71694371104240429 1.8595926761627199 -0.39631035923957819 0.063679520040750517
decision_type=2 2 2 2 2 2
left_child=2 5 3 -1 -3 -2
right_child=1 4 -4 -5 -6 -7
leaf_value=-0.0098201287610741803 0 -0.0041024002116221174 0.0010816364102534885 0.00061088440363978914 0.0021737731062359887 0.0086766577962626747
leaf_weight=2.7365851228314573 0.25928371432019082 1.7934077171048559 1.4706210326767175 0.48023965483298514 0.52080549700622203 3.5088358401153528
leaf_count=3801 192 1940 152 23 84 277
internal_value=0 0.00481452 -0.00548417 -0.00807812 -0.00131501 0.00789501
internal_weight=10.7698 6.08233 4.68745 3.21682 2.31421 3.76812
internal_count=6469 2493 3976 3824 2024 469
is_linear=0
shrinkage=0.025


Tree=235
num_leaves=7
num_cat=0
split_feature=6 21 14 21 22 2
split_gain=0.714096 0.487378 0.301384 0.138201 0.216686 0.0252041
threshold=2.8389151096343999 0.016511681489646438 0.55490911006927501 1.8595926761627199 0.92583569884300243 4.8053598403930673
decision_type=2 2 2 2 2 2
left_child=1 5 -3 4 -2 -1
right_child=3 2 -4 -5 -6 -7
leaf_value=-0.0030805907584395965 -0.0078701694835256585 0.0084806405178212262 0 0 0.00011101300894138782 0
leaf_weight=0.93476699104940031 2.3922520641099263 4.2125472428779176 1.7428025589942988 0.52223618197604071 0.76395190918265132 0.094539247453212738
leaf_count=1519 3198 1198 484 27 62 1
internal_value=0 0.00418767 0.00657921 -0.00521631 -0.00628827 -0.00259395
internal_weight=10.6631 6.98466 5.95535 3.67844 3.1562 1.02931
internal_count=6489 3202 1682 3287 3260 1520
is_linear=0
shrinkage=0.025


Tree=236
num_leaves=7
num_cat=0
split_feature=22 17 27 11 12 25
split_gain=0.731291 0.791059 0.493985 0.216432 0.216174 0.0600032
threshold=0.74925556778907787 0.52133619785308849 0.71688804030418407 2.2118912935256962 2.8753541707992558 -0.89331424236297596
decision_type=2 2 2 2 2 2
left_child=1 2 -1 -2 -3 -5
right_child=3 4 -4 5 -6 -7
leaf_value=-0.010671606917309595 -0.00074979565420090562 -0.0017913156269558012 0.0013651149390879729 0.007259303809062527 0.0046060167838271491 0
leaf_weight=3.44793147816381 0.23316326018539291 0.48707565012227894 0.38575308617146209 2.8152631788761946 2.7105625435760885 0.30860861607652568
leaf_count=5166 65 248 79 137 629 93
internal_value=0 -0.00422771 -0.00866579 0.00538139 0.00237091 0.00678818
internal_weight=10.3884 7.03132 3.83368 3.35704 3.19764 3.12387
internal_count=6417 6122 5245 295 877 230
is_linear=0
shrinkage=0.025


Tree=237
num_leaves=6
num_cat=0
split_feature=6 27 22 22 24
split_gain=0.904501 1.01863 0.192737 0.135279 0.132219
threshold=2.8389151096343999 0.22444508969783786 0.92583569884300243 -0.099495999515056596 -5.4962537288665763
decision_type=2 2 2 2 2
left_child=1 3 -3 -1 -2
right_child=4 2 -4 -5 -6
leaf_value=0 0 -0.0058725264360192861 0.00072564114104262123 0.0087789276666529695 -0.0083769903692260325
leaf_weight=0.15173525518184749 0.57085535581427427 2.1816790990778832 0.61254688489134412 4.29193618129284 2.6874700118423789
leaf_count=217 36 2549 71 349 3245
internal_value=-0.00103534 0.00319725 -0.0040866 0.00817791 -0.00743752
internal_weight=10.4962 7.2379 2.79423 4.44367 3.25833
internal_count=6467 3186 2620 566 3281
is_linear=0
shrinkage=0.025


Tree=238
num_leaves=7
num_cat=0
split_feature=26 13 18 24 18 20
split_gain=1.06142 0.451511 0.323332 0.191308 0.100929 0.0205596
threshold=-0.93883165717124928 2.2150264978408818 0.52863720059394848 0.44895228743553167 -0.49106436967849726 0.26382751762866979
decision_type=2 2 2 2 2 2
left_child=1 -1 4 -3 -2 -4
right_child=2 3 5 -5 -6 -7
leaf_value=-0.0024049858331446849 0 0.0078259560037120899 -3.491727438806986e-05 -0.00017607049374526512 -0.0093099643300229625 0.0015463090937576319
leaf_weight=0.69631878193831642 0.32871206005802411 4.5126808376189729 0.21295784586982314 0.25682935057557177 3.3697036738085444 0.83599677233723924
leaf_count=604 255 557 123 547 4293 86
internal_value=-0.000886857 0.00452145 -0.00688007 0.00688573 -0.00872628 0.000428542
internal_weight=10.2132 5.46583 4.74737 4.76951 3.69842 1.04895
internal_count=6465 1708 4757 1104 4548 209
is_linear=0
shrinkage=0.025


Tree=239
num_leaves=6
num_cat=0
split_feature=21 6 14 26 24
split_gain=0.830346 0.569457 0.33508 0.13345 0.0620116
threshold=0.016511681489646438 2.8389151096343999 0.55490911006927501 -1.0067407488822935 -4.7863144874572745
decision_type=2 2 2 2 2
left_child=4 2 -2 -3 -1
right_child=1 3 -4 -5 -6
leaf_value=0 0.0091274411258841382 0.00074320704177552018 -9.4285525046655902e-05 -0.0042892841949538725 -0.0066140662796637696
leaf_weight=0.20854674823931363 4.4851570695391256 1.1942129983945053 1.4553819164066224 1.0784080518460539 1.9797726441865977
leaf_count=20 1181 328 480 1206 3217
internal_value=0.000533915 0.00440834 0.00728635 -0.00209257 -0.00608975
internal_weight=10.4015 8.21316 5.94054 2.27262 2.18832
internal_count=6432 3195 1661 1534 3237
is_linear=0
shrinkage=0.025


Tree=240
num_leaves=7
num_cat=0
split_feature=13 15 21 18 26 15
split_gain=0.874598 0.527574 0.452702 0.369424 0.10114 0.0273395
threshold=4.0742874145507821 0.3504351675510407 0.016511681489646438 0.52863720059394848 -1.0097190141677854 0.13671537488698962
decision_type=2 2 2 2 2 2
left_child=3 2 -2 -1 -3 -5
right_child=1 4 -4 5 -6 -7
leaf_value=-0.0081496972973130466 -0.0013822320992203712 0.00052934431032078681 0.0094476257116718077 0 -0.0040159224204527472 0.0018705326044450587
leaf_weight=2.9574162841527141 0.52401252033087065 0.46330449711240362 4.1286640552898461 0.56530752641265258 0.83609407645053557 0.99156750926340465
leaf_count=3703 886 24 869 205 680 100
internal_value=0 0.00473092 0.00749624 -0.0056293 -0.00226932 0.000768919
internal_weight=10.4664 5.95208 4.65268 4.51429 1.2994 1.55688
internal_count=6467 2459 1755 4008 704 305
is_linear=0
shrinkage=0.025


Tree=241
num_leaves=6
num_cat=0
split_feature=21 13 14 18 15
split_gain=0.784614 0.574035 0.199638 0.134321 0.0397907
threshold=0.0042671149130910644 3.4474067687988286 0.55490911006927501 0.52863720059394848 2.9167586565017705
decision_type=2 2 2 2 2
left_child=4 3 -3 -2 -1
right_child=1 2 -4 -5 -6
leaf_value=-0.006667167062305618 -0.0046180546597772041 0.0081890280564203173 0 0.00060088850816696754 0
leaf_weight=1.9559169953754474 1.0665131796740732 4.577261273007025 1.9542658530808692 0.90936606658215158 0.076849379216582636
leaf_count=3160 1213 1383 537 207 13
internal_value=0.000116905 0.00390777 0.00669889 -0.00261109 -0.0063584
internal_weight=10.5402 8.50741 6.53153 1.97588 2.03277
internal_count=6513 3340 1920 1420 3173
is_linear=0
shrinkage=0.025


Tree=242
num_leaves=6
num_cat=0
split_feature=21 13 14 16 15
split_gain=0.644348 0.555759 0.41613 0.0837098 0.0372609
threshold=0.0042671149130910644 3.1639436483383183 0.39141961932182318 -1.4230061173439024 2.9167586565017705
decision_type=2 2 2 2 2
left_child=4 3 -3 -2 -1
right_child=1 2 -4 -5 -6
leaf_value=-0.00654044513760519 1.4949219545844461e-05 0.0085944421036179119 -0.00037963144623365621 -0.0043238249041181098 0
leaf_weight=1.9233858414445433 0.37203108074027103 4.0686596310370078 2.4706072294611658 1.3470596946353888 0.079676447516248916
leaf_count=3131 21 1305 816 1166 15
internal_value=0 0.0031294 0.00596693 -0.00314228 -0.00624222
internal_weight=10.2614 8.25836 6.53927 1.71909 2.00306
internal_count=6454 3308 2121 1187 3146
is_linear=0
shrinkage=0.025


Tree=243
num_leaves=7
num_cat=0
split_feature=21 26 20 12 16 26
split_gain=0.811454 0.36289 0.351609 0.206426 0.0594445 0.0516089
threshold=0.94744881987571727 -0.39631035923957819 1.4485396742820742 2.8753541707992558 0.8105706274509431 -0.36305955052375788
decision_type=2 2 2 2 2 2
left_child=1 2 -1 -2 -5 -3
right_child=3 5 -4 4 -6 -7
leaf_value=-0.0081886707607768082 -0.00050034436929355961 0.0031746979146050729 0.00087799500587878879 0.0072747557404971609 0 0
leaf_weight=4.6952833895520598 0.45098727606819 0.35772692356476909 0.91923041175323295 3.3539335332425257 0.34026348464976752 0.20800623868126411
leaf_count=5740 90 23 259 223 117 78
internal_value=0 -0.00453421 -0.00640109 0.00550657 0.00682478 0.00197653
internal_weight=10.3254 6.18025 5.61451 4.14518 3.6942 0.565733
internal_count=6530 6100 5999 430 340 101
is_linear=0
shrinkage=0.025


Tree=244
num_leaves=7
num_cat=0
split_feature=22 17 7 12 29 25
split_gain=0.669537 0.643584 0.572372 0.181604 0.138612 0.0274057
threshold=0.74925556778907787 0.52133619785308849 5.0531740188598642 2.8753541707992558 3.5000000000000004 -1.2917645573616026
decision_type=2 2 2 2 2 2
left_child=1 2 -1 -3 -2 -6
right_child=4 3 -4 -5 5 -7
leaf_value=-0.010130312331540672 0 -0.0015025135101235563 0.0017569200171507664 0.00435439674457199 0.0070166460793557248 0
leaf_weight=3.196946221247345 0.32463707026181543 0.44952228463444077 0.70099542758180167 2.6812059188123385 2.6972880215980704 0.37442351185018141
leaf_count=5075 46 241 267 606 147 96
internal_value=1.99209e-05 -0.00345112 -0.00750414 0.00233793 0.00572507 0.00669533
internal_weight=10.425 7.02867 3.89794 3.13073 3.39635 3.07171
internal_count=6478 6189 5342 847 289 243
is_linear=0
shrinkage=0.025


Tree=245
num_leaves=7
num_cat=0
split_feature=22 17 27 11 6 23
split_gain=0.703351 0.780305 0.461192 0.254657 0.188362 0.110737
threshold=0.74925556778907787 0.52133619785308849 0.71688804030418407 4.0189120769500741 3.9453105926513676 -4.1037421226501456
decision_type=2 2 2 2 2 2
left_child=1 2 -1 -3 5 -2
right_child=4 3 -4 -5 -6 -7
leaf_value=-0.010540781545544078 0 -0.0018083394743670996 0.0011958454911817394 0.0050977694750059636 -0.0004784397485372478 0.0075159475255613117
leaf_weight=3.1026935760819474 0.36090934096137139 0.92344255071657277 0.41973186246468674 2.29410974340135 0.24249311033054244 2.8506456439354224
leaf_count=5187 103 492 91 397 60 140
internal_value=0 -0.00393574 -0.0085278 0.00246084 0.00552154 0.00675116
internal_weight=10.194 6.73998 3.52243 3.21755 3.45405 3.21155
internal_count=6470 6167 5278 889 303 243
is_linear=0
shrinkage=0.025


Tree=246
num_leaves=7
num_cat=0
split_feature=22 17 27 7 13 23
split_gain=0.660972 0.706814 0.438793 0.239045 0.152283 0.098627
threshold=0.74925556778907787 0.52133619785308849 0.71688804030418407 1.404356122016907 2.6078799962997441 -4.7047605514526358
decision_type=2 2 2 2 2 2
left_child=1 2 -1 -3 -2 -6
right_child=4 3 -4 -5 5 -7
leaf_value=-0.010084275015041383 -0.0002279735488488846 -0.0020173572524159211 0.0012018255354832976 0.0047293863862383784 0 0.0070937009311732692
leaf_weight=3.2313803035758615 0.21731126387021538 0.46998080563935252 0.41631012364814513 2.6502099325261952 0.28587820681423215 2.8853306765886373
leaf_count=5240 56 189 84 684 92 151
internal_value=0 -0.00383265 -0.00812333 0.00232703 0.00535163 0.0064044
internal_weight=10.1564 6.76788 3.64769 3.12019 3.38852 3.17121
internal_count=6496 6197 5324 873 299 243
is_linear=0
shrinkage=0.025


Tree=247
num_leaves=7
num_cat=0
split_feature=26 22 0 12 11 22
split_gain=0.615897 0.470294 0.385352 0.314731 0.0550557 0.0462953
threshold=-1.0014895200729368 0.74925556778907787 0.24750857800245288 2.8753541707992558 2.4408082962036137 -0.099495999515056596
decision_type=2 2 2 2 2 2
left_child=3 2 -2 -1 -3 -5
right_child=1 4 -4 5 -6 -7
leaf_value=-0.0014071741879187654 0.0012306197593316443 -9.0624538939465706e-05 -0.0088867207028022581 0 0.00302455632272767 0.0071220956308944636
leaf_weight=0.74074369706795584 0.41573418612097146 0.17170999257359643 3.8641037098313973 0.24539624886529088 1.5058644590535548 2.8977473054546863
leaf_count=479 108 41 5273 192 151 210
internal_value=0 -0.00425734 -0.0070969 0.00457977 0.00194063 0.00675592
internal_weight=9.8413 5.95741 4.27984 3.88389 1.67757 3.14314
internal_count=6454 5573 5381 881 192 402
is_linear=0
shrinkage=0.025


Tree=248
num_leaves=7
num_cat=0
split_feature=6 21 14 24 21 5
split_gain=0.752437 0.426799 0.349367 0.147434 0.120386 0.0228216
threshold=2.8389151096343999 0.016511681489646438 0.55490911006927501 -5.4962537288665763 1.8595926761627199 3.879353523254395
decision_type=2 2 2 2 2 2
left_child=1 5 -3 -2 -5 -1
right_child=3 2 -4 4 -6 -7
leaf_value=-0.0028482211817395533 0 0.0083083116344962443 -0.00044729589384094761 -0.0078637123612998513 0 0
leaf_weight=0.87521342748368613 0.51978347444674033 4.3028321721321845 1.6021052911310105 2.2105966315211849 0.33829443602007803 0.093651115894317627
leaf_count=1514 28 1201 495 3192 23 1
internal_value=0 0.00401881 0.00624375 -0.00587506 -0.00700711 -0.00236547
internal_weight=9.94248 6.8738 5.90494 3.06867 2.54889 0.968865
internal_count=6454 3211 1696 3243 3215 1515
is_linear=0
shrinkage=0.025


Tree=249
num_leaves=7
num_cat=0
split_feature=26 26 22 5 9 26
split_gain=0.623558 0.359985 0.379169 0.330472 0.120571 0.0446865
threshold=-0.96893709897994984 -0.39631035923957819 0.74925556778907787 4.75185251235962 0.98877829313278209 -0.36305955052375788
decision_type=2 2 2 2 2 2
left_child=3 2 -2 4 -1 -3
right_child=1 5 -4 -5 -6 -7
leaf_value=0 -0.0086415742410213062 0.0030374195100800385 0.00073542703871976717 -0.0017686765124301186 0.0071231934690920611 0
leaf_weight=0.14194356115331208 3.6199501819864963 0.37195595896264422 1.2553707110346293 0.54222184253012518 3.8201601136970567 0.17968731507426117
leaf_count=40 4876 27 160 455 764 76
internal_value=0 -0.00445296 -0.0064443 0.00438761 0.00644421 0.00197396
internal_weight=9.93129 5.42696 4.87532 4.50433 3.9621 0.551643
internal_count=6398 5139 5036 1259 804 103
is_linear=0
shrinkage=0.025


Tree=250
num_leaves=6
num_cat=0
split_feature=21 13 14 16 16
split_gain=0.697193 0.520519 0.433965 0.0753189 0.0436612
threshold=0.0042671149130910644 2.9656887054443364 0.39141961932182318 -1.4230061173439024 1.3924899101257326
decision_type=2 2 2 2 2
left_child=4 3 -3 -2 -1
right_child=1 2 -4 -5 -6
leaf_value=-0.0061819281926456448 2.4254043873740566e-05 0.0090440932451369849 -0.000175473062234832 -0.003995053231230632 0
leaf_weight=1.8011455788109749 0.36321142199449241 4.2128518933895975 2.6700306753882614 0.95690597984503056 0.11832591352867883
leaf_count=3072 22 1398 872 994 61
internal_value=0.000376096 0.00394289 0.0063727 -0.00275597 -0.00579819
internal_weight=10.1225 8.203 6.88288 1.32012 1.91947
internal_count=6419 3286 2270 1016 3133
is_linear=0
shrinkage=0.025


Tree=251
num_leaves=6
num_cat=0
split_feature=21 26 24 27 19
split_gain=0.711995 0.360815 0.280734 0.243148 0.0299004
threshold=0.0042671149130910644 -0.88252601027488697 0.44895228743553167 0.52584686875343334 0.99935302138328563
decision_type=2 2 2 2 2
left_child=4 2 -2 -3 -1
right_child=1 3 -4 -5 -6
leaf_value=-0.0060790746742632679 0.007617919456189344 -0.0042886056345508581 -0.00090146172562046789 0.0024750671029216947 0
leaf_weight=1.7813541495524994 5.4250276486964131 1.7594666949808009 0.34266589114486112 0.91158902370807471 0.13473156187683333
leaf_count=3121 793 1682 551 281 33
internal_value=0.00050109 0.00401776 0.00634777 -0.00105684 -0.00579078
internal_weight=10.3548 8.43875 5.76769 2.67106 1.91609
internal_count=6461 3307 1344 1963 3154
is_linear=0
shrinkage=0.025


Tree=252
num_leaves=7
num_cat=0
split_feature=6 21 14 21 22 5
split_gain=0.708973 0.444561 0.343846 0.136687 0.14283 0.0410192
threshold=3.0614099502563481 0.016511681489646438 0.39141961932182318 1.8595926761627199 1.0590199232101443 3.7858133316040044
decision_type=2 2 2 2 2 2
left_child=1 5 -3 4 -2 -1
right_child=3 2 -4 -5 -6 -7
leaf_value=-0.0031754759353353431 -0.0077452849871677961 0.0085966475333282069 -3.4726208417594272e-05 0 0 0
leaf_weight=0.9630961012226178 2.0229689696643627 3.8597447693282447 2.1737749252133653 0.52348747049109068 0.43498758654459369 0.16211367305368185
leaf_count=1707 2932 1057 730 28 31 3
internal_value=0 0.00402013 0.00631394 -0.00555854 -0.0066724 -0.00237303
internal_weight=10.1402 7.15873 6.03352 2.98144 2.45796 1.12521
internal_count=6488 3497 1787 2991 2963 1710
is_linear=0
shrinkage=0.025


Tree=253
num_leaves=7
num_cat=0
split_feature=18 13 23 4 23 26
split_gain=0.622205 0.399 0.316978 0.267481 0.102683 0.0854322
threshold=0.14466556906700137 4.4826626777648935 -3.0848591327667232 5.3004615306854257 -1.2331286668777464 -0.99654266238212574
decision_type=2 2 2 2 2 2
left_child=1 -1 5 -4 -3 -2
right_child=2 4 3 -5 -6 -7
leaf_value=-0.007646301899321791 0.00066502558851993436 -0.000949069739185706 0.0075340312693895455 -0.00088976282562682233 0.0034367809369677533 -0.0034136141652646307
leaf_weight=2.2892578251157829 0.50639821888762526 0.84328122052829713 4.6847066217633255 0.26516444370281522 0.87764029353638739 0.48614061649277562
leaf_count=3689 29 998 919 119 371 293
internal_value=0 -0.00455944 0.00429197 0.00623427 0.0012505 -0.00147111
internal_weight=9.95259 4.01018 5.94241 4.94987 1.72092 0.992539
internal_count=6418 5058 1360 1038 1369 322
is_linear=0
shrinkage=0.025


Tree=254
num_leaves=6
num_cat=0
split_feature=26 5 24 24 25
split_gain=1.04602 0.539927 0.2659 0.0859509 0.0663781
threshold=-0.88252601027488697 4.0180926322937021 0.44895228743553167 -5.4962537288665763 -3.6333786249160762
decision_type=2 2 2 2 2
left_child=1 2 -1 -3 -2
right_child=4 3 -4 -5 -6
leaf_value=0.007971891601459143 0 0.00019844445258270771 -0.00068652134663156205 -0.0040609982081727062 -0.0081560497854112918
leaf_weight=5.0090888655213348 0.41746015210810616 0.37627494204207312 0.32861193990174786 1.0756328591778581 2.8275493859728158
leaf_count=699 46 21 771 1205 3737
internal_value=-0.000687138 0.00392523 0.00676003 -0.00269009 -0.00762374
internal_weight=10.0346 6.78961 5.3377 1.45191 3.24501
internal_count=6479 2696 1470 1226 3783
is_linear=0
shrinkage=0.025


Tree=255
num_leaves=7
num_cat=0
split_feature=13 25 24 21 26 21
split_gain=0.94648 0.390635 0.27057 0.186904 0.15691 0.132596
threshold=4.0095963478088388 2.7036647796630864 -3.5253996849060054 0.0042671149130910644 -1.0383217334747312 1.8595926761627199
decision_type=2 2 2 2 2 2
left_child=2 3 -1 -2 -3 -4
right_child=1 4 5 -5 -6 -7
leaf_value=0.00018845293625767225 -0.00012219141131587408 0.0015086451533544124 -0.0090076558141364473 0.0079034375414773119 -0.0041239306238267052 0
leaf_weight=1.1771291704353646 0.25851527247868933 0.53423649792239281 2.5096156973195325 4.2913403062520956 0.87848564135128981 0.27920783523586568
leaf_count=153 461 25 3741 837 1300 18
internal_value=0 0.00462006 -0.006315 0.00696775 -0.00150377 -0.00822128
internal_weight=9.92853 5.96258 3.96595 4.54986 1.41272 2.78882
internal_count=6535 2623 3912 1298 1325 3759
is_linear=0
shrinkage=0.025


Tree=256
num_leaves=7
num_cat=0
split_feature=21 24 17 2 23 13
split_gain=0.907143 0.428601 0.423492 0.190416 0.209446 0.0375316
threshold=0.97451570630073558 -3.5253996849060054 0.72584402561187755 5.2788062095642099 -3.7370160818099971 2.9656887054443364
decision_type=2 2 2 2 2 2
left_child=1 5 -3 4 -2 -1
right_child=3 2 -4 -5 -6 -7
leaf_value=-5.4602275642351754e-05 -0.0003633574839073226 -0.010270768653018784 0.00055216729399902218 -0.00071330721278483038 0.0074068402059203238 0.0023096732534545077
leaf_weight=0.17892659589415405 0.43392812877573383 3.6984842153178761 1.0193311935800009 0.29446461294719473 3.0323948880941316 1.0952519928905529
leaf_count=68 131 5575 291 62 207 100
internal_value=-0.00125248 -0.00600175 -0.00820827 0.00470775 0.00605578 0.00120259
internal_weight=9.75278 5.99199 4.71782 3.76079 3.46632 1.27418
internal_count=6434 6034 5866 400 338 168
is_linear=0
shrinkage=0.025


Tree=257
num_leaves=7
num_cat=0
split_feature=22 17 11 12 20 23
split_gain=0.689544 0.859731 0.165508 0.148347 0.140575 0.0876275
threshold=0.74925556778907787 0.72584402561187755 2.2118912935256962 2.8753541707992558 2.1053031682968144 -4.8558409214019767
decision_type=2 2 2 2 2 2
left_child=1 4 -2 -3 -1 -4
right_child=2 3 5 -5 -6 -7
leaf_value=-0.010249570582834405 -0.00073536974340118657 -0.0011081680875480368 0 0.0043103953537399226 0 0.0061214572411099457
leaf_weight=3.8641095946477435 0.29355563741410184 0.35851301725779228 0.32214626867062213 2.0101905125993653 0.25657362814308715 2.4803983414349204
leaf_count=5640 78 169 94 262 99 141
internal_value=-0.00173926 -0.00552031 0.00392869 0.00244664 -0.0096159 0.00537643
internal_weight=9.58549 6.48939 3.0961 2.3687 4.12068 2.80254
internal_count=6483 6170 313 431 5739 235
is_linear=0
shrinkage=0.025


Tree=258
num_leaves=7
num_cat=0
split_feature=13 21 14 8 19 11
split_gain=0.511074 0.357807 0.362928 0.0647803 0.0502714 0.0420772
threshold=3.0970115661621098 0.0042671149130910644 0.39141961932182318 -0.79248350858688343 1.2037463188171389 2.8101894855499272
decision_type=2 2 2 2 2 2
left_child=3 5 -3 -1 -5 -2
right_child=1 2 -4 4 -6 -7
leaf_value=0 0 0.0075921663948658145 -0.0005632513631925667 -0.0066274748562209418 0 -0.0032978337476137621
leaf_weight=0.33337173722975455 0.16065366966358829 3.7685428450458858 2.4446924847106857 1.7219625670222738 0.14064028445864085 0.98080471782304812
leaf_count=67 5 1346 835 2199 18 1985
internal_value=0 0.00278865 0.0050056 -0.00557112 -0.00620039 -0.0025118
internal_weight=9.55067 7.35469 6.21324 2.19597 1.8626 1.14146
internal_count=6455 4171 2181 2284 2217 1990
is_linear=0
shrinkage=0.025


Tree=259
num_leaves=7
num_cat=0
split_feature=22 17 11 20 5 23
split_gain=0.822192 0.774975 0.168597 0.146433 0.129459 0.0801464
threshold=0.74925556778907787 0.66133576631546032 2.2118912935256962 2.1053031682968144 4.0180926322937021 -4.8558409214019767
decision_type=2 2 2 2 2 2
left_child=1 3 -2 -1 -3 -4
right_child=2 4 5 -5 -6 -7
leaf_value=-0.010092332851712125 -0.00046015911910441966 0.003877342003140086 0 0 -0.0010707815129935236 0.0068534241180305605
leaf_weight=3.5905216936625952 0.24088897641922846 2.1266115376784005 0.31207316198560908 0.24956473707061366 0.39128677816188417 2.5070751997591287
leaf_count=5471 66 348 92 100 197 141
internal_value=-0.00105002 -0.00540261 0.00495947 -0.00941418 0.0020763 0.00622001
internal_weight=9.41802 6.35798 3.06004 3.84009 2.5179 2.81915
internal_count=6415 6116 299 5571 545 233
is_linear=0
shrinkage=0.025


Tree=260
num_leaves=7
num_cat=0
split_feature=25 6 27 27 19 14
split_gain=0.574939 0.508037 0.286587 0.304916 0.0688948 0.0571639
threshold=0.44743463397026068 3.2038887739181523 0.71688804030418407 0.072489034384489073 -0.17596733570098874 -0.75648996233940113
decision_type=2 2 2 2 2 2
left_child=1 4 3 -2 -1 -3
right_child=2 5 -4 -5 -6 -7
leaf_value=0 0.00040138717667868959 0 0.0012488865569620939 -0.0088845390223710775 0.0071330718005407677 -0.0036181174756421543
leaf_weight=0.43281655105965899 0.87073822592356087 0.42226913383274212 0.40008986607426766 2.4667956374651112 3.7674969480467553 1.1531705473826148
leaf_count=170 314 89 89 4576 392 838
internal_value=-6.97414e-05 0.00347784 -0.00512021 -0.00692442 0.00661868 -0.00261087
internal_weight=9.51338 5.77575 3.73762 3.33753 4.20031 1.57544
internal_count=6468 1489 4979 4890 562 927
is_linear=0
shrinkage=0.025


Tree=261
num_leaves=6
num_cat=0
split_feature=21 13 12 19 15
split_gain=0.597342 0.434284 0.200223 0.0579739 0.0330876
threshold=0.0042671149130910644 2.9656887054443364 6.0339858531951913 -0.44755057990550989 2.9167586565017705
decision_type=2 2 2 2 2
left_child=4 3 -3 -2 -1
right_child=1 2 -4 -5 -6
leaf_value=-0.0059668032495373002 0 0.0068506080134452712 -0.00020602245001885593 -0.003590720834618396 0
leaf_weight=1.725386715828791 0.61557935746895964 5.9041470123374893 0.78923386157111952 0.84773493253305587 0.072102817292034049
leaf_count=3141 332 1988 281 711 14
internal_value=1.90876e-05 0.00342773 0.00575174 -0.00246155 -0.00567299
internal_weight=9.95418 8.1567 6.69338 1.46331 1.79749
internal_count=6467 3312 2269 1043 3155
is_linear=0
shrinkage=0.025


Tree=262
num_leaves=7
num_cat=0
split_feature=17 22 27 0 22 27
split_gain=0.476426 0.618719 0.447657 0.244313 0.126688 0.0594998
threshold=0.48504298925399786 0.74925556778907787 0.71688804030418407 4.0450787544250497 -0.099495999515056596 0.10073839128017427
decision_type=2 2 2 2 2 2
left_child=1 2 -1 4 -2 -5
right_child=3 -3 -4 5 -6 -7
leaf_value=-0.0097346561307250622 0 0.0027603612820788787 0.0014144631685849619 0.00059197700488702485 0.0069424680645256594 -0.0026360869593014336
leaf_weight=2.9819610193881094 0.17636342988407738 1.703992348291649 0.38051700500363939 0.99724168502871158 2.7646946358363493 0.57290302503679413
leaf_count=5112 374 144 86 145 237 367
internal_value=0 -0.00388276 -0.00763423 0.00391803 0.00609561 -0.000744341
internal_weight=9.57767 5.06647 3.36248 4.5112 2.94106 1.57014
internal_count=6465 5342 5198 1123 611 512
is_linear=0
shrinkage=0.025


Tree=263
num_leaves=7
num_cat=0
split_feature=13 22 25 21 17 26
split_gain=0.522823 0.466366 0.421546 0.281525 0.205186 0.0730214
threshold=4.2461254596710214 0.79063504934310924 2.7036647796630864 1.8595926761627199 0.0077383620664477357 -1.0131375193595884
decision_type=2 2 2 2 2 2
left_child=1 3 4 -1 -2 -4
right_child=2 -3 5 -5 -6 -7
leaf_value=-0.0087798874446260149 -0.00025955844545910288 0.0020799484874051313 0.0002637459815885173 0.00052209652367628788 0.0079451910170043553 -0.0035267493659951934
leaf_weight=2.7360603986744541 0.28438375836776719 1.4643952288279249 0.32144690583663738 0.46445982175646339 3.4509450196674152 0.75176232904777862
leaf_count=4139 348 128 24 20 684 1044
internal_value=0 -0.00404796 0.00414346 -0.00717256 0.00681403 -0.00207987
internal_weight=9.47345 4.66492 4.80854 3.20052 3.73533 1.07321
internal_count=6387 4287 2100 4159 1032 1068
is_linear=0
shrinkage=0.025


Tree=264
num_leaves=7
num_cat=0
split_feature=26 22 26 13 21 1
split_gain=0.66625 0.316697 0.360005 0.249368 0.0907246 0.0362673
threshold=-1.0067407488822935 0.74925556778907787 -0.39631035923957819 2.2150264978408818 0.18243902176618579 5.1722118854522714
decision_type=2 2 2 2 2 2
left_child=3 2 -2 -1 -5 -3
right_child=1 5 -4 4 -6 -7
leaf_value=-0.0010418320072520131 -0.0083796839240810102 0.0021725697481071973 0.0012422598553291557 0 0.007172132262900169 -0.0001176257649042354
leaf_weight=0.4199425152910411 3.773605337595654 1.3771477761656568 0.40665816901309915 0.20383629046045859 3.050175645017589 0.15019877982558671
leaf_count=400 5287 166 97 228 220 43
internal_value=0 -0.00441785 -0.00659606 0.00489011 0.00658023 0.00107226
internal_weight=9.38156 5.70761 4.18026 3.67395 3.25401 1.52735
internal_count=6441 5593 5384 848 448 209
is_linear=0
shrinkage=0.025


Tree=265
num_leaves=7
num_cat=0
split_feature=13 26 27 24 16 24
split_gain=0.507601 0.366527 0.184196 0.134475 0.0414604 0.0411688
threshold=3.0970115661621098 -0.88252601027488697 0.71688804030418407 0.44895228743553167 -1.4230061173439024 -5.4962537288665763
decision_type=2 2 2 2 2 2
left_child=4 3 -3 -2 -1 -6
right_child=1 2 -4 -5 5 -7
leaf_value=0 0.006643015496413664 -0.0039376170508559931 0.0018930100133981423 0 0 -0.006333460508819575
leaf_weight=0.25215877476148341 3.9700776869212859 2.3593354949152858 0.55129875597776834 0.22148228272271797 0.2277168648724911 1.6636574662697963
leaf_count=24 547 2990 106 566 23 2204
internal_value=0 0.00289739 -0.0015447 0.00582429 -0.00549443 -0.0059206
internal_weight=9.24573 7.10219 2.91063 4.19156 2.14353 1.89137
internal_count=6460 4209 3096 1113 2251 2227
is_linear=0
shrinkage=0.025


Tree=266
num_leaves=7
num_cat=0
split_feature=13 22 21 15 21 6
split_gain=0.486919 0.411804 0.256401 0.277443 0.063238 0.0272325
threshold=4.0095963478088388 0.71694371104240429 0.0042671149130910644 0.38772526383399969 1.8595926761627199 3.6153794527053837
decision_type=2 2 2 2 2 2
left_child=1 4 -2 -4 -1 -3
right_child=2 5 3 -5 -6 -7
leaf_value=-0.0079969933590302959 -0.0017185685670069537 0.0022964408661498448 0.0070729344214419719 -0.00073107449771513773 0 0
leaf_weight=2.4847979821824997 0.60104330931062566 1.0494295052703817 3.4388121204610798 1.0842403575989008 0.2671168032393324 0.3224111595773137
leaf_count=3728 1157 67 986 437 23 72
internal_value=-0.000210155 -0.00464256 0.00327075 0.00514427 -0.0075266 0.00152827
internal_weight=9.24785 4.12376 5.1241 4.52305 2.75191 1.37184
internal_count=6470 3890 2580 1423 3751 139
is_linear=0
shrinkage=0.025


Tree=267
num_leaves=7
num_cat=0
split_feature=13 22 21 23 21 6
split_gain=0.632523 0.339164 0.294731 0.258909 0.129873 0.0447491
threshold=4.0095963478088388 0.71694371104240429 0.0042671149130910644 -2.6506531238555904 1.8595926761627199 3.9453105926513676
decision_type=2 2 2 2 2 2
left_child=1 4 -2 -4 -1 -3
right_child=2 5 3 -5 -6 -7
leaf_value=-0.0083059522091130569 -0.0016261886265329384 0.0023469870076312203 -0.00010347771519631904 0.0077933524014111542 0 -0.00033929171230582741
leaf_weight=2.2700816528486039 0.58171510084503086 1.128641605897428 1.4355200699974373 3.4253512918003253 0.26252563743037161 0.21191207409719925
leaf_count=3695 1149 83 560 824 19 58
internal_value=0 -0.00492011 0.00415787 0.00595747 -0.00747051 0.00100393
internal_weight=9.31575 3.87316 5.44259 4.86087 2.53261 1.34055
internal_count=6388 3855 2533 1384 3714 141
is_linear=0
shrinkage=0.025


Tree=268
num_leaves=7
num_cat=0
split_feature=18 13 26 13 23 7
split_gain=0.443642 0.303662 0.252824 0.184771 0.162367 0.0342843
threshold=0.19546916335821155 4.1061322689056405 -0.79666882753372181 2.2150264978408818 -1.2331286668777464 4.0174019336700448
decision_type=2 2 2 2 2 2
left_child=1 -1 3 -2 -3 -4
right_child=2 4 5 -5 -6 -7
leaf_value=-0.0068355924354568014 -0.00043343384267559618 -0.0018312493130416326 -0.0024487007679638018 0.00663445584560024 0.0036845487689346427 0
leaf_weight=1.9438847539786364 0.29117463602597116 1.2297058841395485 0.42934289619006438 4.0954506656744343 1.204217833754228 0.32794325466966256
leaf_count=3256 208 1410 329 629 601 37
internal_value=0 -0.00384034 0.00370134 0.00551849 0.000699711 -0.00139023
internal_weight=9.52172 4.37781 5.14391 4.38663 2.43392 0.757286
internal_count=6470 5267 1203 837 2011 366
is_linear=0
shrinkage=0.025


Tree=269
num_leaves=7
num_cat=0
split_feature=26 22 27 5 21 4
split_gain=0.505922 0.428284 0.333955 0.297185 0.0800256 0.0513321
threshold=-1.0014895200729368 0.74925556778907787 0.71688804030418407 4.75185251235962 0.18810082972049716 4.2547910213470468
decision_type=2 2 2 2 2 2
left_child=3 2 -2 4 -1 -3
right_child=1 5 -4 -5 -6 -7
leaf_value=0 -0.0078710689184700502 0.0031898583127414268 0.0012367209333257311 -0.0013779123800560719 0.0072842317313250738 0
leaf_weight=0.18386088421903046 3.775578080851119 1.5363478010840479 0.40611643673037168 0.46435125652715203 3.1379547358737909 0.20279204957478203
leaf_count=212 5284 148 91 406 287 46
internal_value=0.000114298 -0.00317336 -0.00611405 0.00484702 0.00677329 0.00226017
internal_weight=9.707 5.92083 4.18169 3.78617 3.32182 1.73914
internal_count=6474 5569 5375 905 499 194
is_linear=0
shrinkage=0.025


Tree=270
num_leaves=6
num_cat=0
split_feature=6 21 14 15 22
split_gain=0.595122 0.296791 0.22898 0.148 0.100342
threshold=2.5724762678146367 0.016511681489646438 0.39141961932182318 1.0944812893867495 1.0590199232101443
decision_type=2 2 2 2 2
left_child=1 -1 -3 4 -2
right_child=3 2 -4 -5 -6
leaf_value=-0.0021175425778292437 -0.0078022697002827525 0.0071241274793728097 0 0 0
leaf_weight=0.69951931707691972 2.2475202932801048 2.8488347127859015 1.8921303381284813 0.67635635235274083 0.5349749530032567
leaf_count=1328 3419 861 617 203 46
internal_value=-0.000819492 0.00302129 0.00511887 -0.00581452 -0.0069737
internal_weight=8.89934 5.44048 4.74097 3.45885 2.7825
internal_count=6474 2806 1478 3668 3465
is_linear=0
shrinkage=0.025


Tree=271
num_leaves=7
num_cat=0
split_feature=6 26 22 0 21 22
split_gain=0.559186 0.434977 0.233505 0.153842 0.128804 0.183954
threshold=2.8939555883407597 -0.79666882753372181 0.032758476212620742 0.24750857800245288 1.8595926761627199 0.92583569884300243
decision_type=2 2 2 2 2 2
left_child=1 2 -1 -3 5 -2
right_child=4 3 -4 -5 -6 -7
leaf_value=-0.00035233943553155127 -0.007354712941716174 0.0013969756973284397 0.0079184712951107621 -0.0041243857108013322 7.437836942090966e-06 4.4209291092838164e-05
leaf_weight=0.49634950095060038 1.9456957723268722 0.38467521210259281 3.9671688912712852 1.4518129073221642 0.51202477666083712 0.67711178449098941
leaf_count=868 3124 103 386 1888 27 54
internal_value=0 0.0038701 0.00663809 -0.00187779 -0.00470712 -0.00584858
internal_weight=9.43484 6.30001 4.46352 1.83649 3.13483 2.62281
internal_count=6450 3245 1254 1991 3205 3178
is_linear=0
shrinkage=0.025


Tree=272
num_leaves=7
num_cat=0
split_feature=22 12 14 17 4 23
split_gain=0.522871 0.503706 0.212709 0.17665 0.172734 0.0887772
threshold=0.74925556778907787 5.25024437904358 0.35090181231498724 0.80304524302482616 5.3004615306854257 -4.8558409214019767
decision_type=2 2 2 2 2 2
left_child=1 3 -3 -1 5 -2
right_child=4 2 -4 -5 -6 -7
leaf_value=-0.0086058650108265019 0 0.0046997594470892974 -0.0017879436033756133 0 -0.00073094875764307472 0.0063903858817932705
leaf_weight=2.7900655458324768 0.29193775668682143 1.4411548384778146 0.64547920793120273 1.1717010532884158 0.20223070599604387 2.573727153136133
leaf_count=4833 99 672 358 293 36 162
internal_value=-0.000255346 -0.00402613 0.0019654 -0.00721513 0.00429204 0.00568042
internal_weight=9.1163 6.0484 2.08663 3.96177 3.0679 2.86566
internal_count=6453 6156 1030 5126 297 261
is_linear=0
shrinkage=0.025


Tree=273
num_leaves=7
num_cat=0
split_feature=22 17 2 12 23 11
split_gain=0.499571 0.657345 0.435668 0.143965 0.143766 0.118403
threshold=0.74925556778907787 0.66133576631546032 1.0000000180025095e-35 2.8753541707992558 -4.8558409214019767 2.2118912935256962
decision_type=2 2 2 2 2 2
left_child=1 2 -1 -3 -2 -6
right_child=4 3 -4 -5 5 -7
leaf_value=0.0010316012121072155 -0.000308429210029825 -0.0009531001826984303 -0.009701641303534108 0.0044124993122392356 0 0.0067620357002259254
leaf_weight=0.78750218208733747 0.19975315507326774 0.35226302895898731 2.9577320851312834 2.2469073865140672 0.28497636102838475 2.6016916208245675
leaf_count=182 106 188 5428 371 54 149
internal_value=0 -0.0033591 -0.00743064 0.00271421 0.00477308 0.0058898
internal_weight=9.43083 6.3444 3.74523 2.59917 3.08642 2.88667
internal_count=6478 6169 5610 559 309 203
is_linear=0
shrinkage=0.025


Tree=274
num_leaves=7
num_cat=0
split_feature=27 27 13 24 22 27
split_gain=0.480103 0.327664 0.318913 0.166469 0.111409 0.0438436
threshold=0.17126750946044925 0.71688804030418407 2.2150264978408818 0.44895228743553167 1.3309507966041567 0.74906152486801159
decision_type=2 2 2 2 2 2
left_child=2 4 -1 -4 -2 -3
right_child=1 5 3 -5 -6 -7
leaf_value=-0.0018842960806650464 -0.0068889432357608724 0.0029853976008709492 0.0069311721846887706 -0.00019904377937578763 0 0
leaf_weight=0.59340272271583661 3.5192673051387833 0.36135844225645986 4.0151150519595831 0.23671097170154087 0.35102344968618115 0.18053903781401459
leaf_count=601 4549 26 555 583 31 74
internal_value=0 -0.00399561 0.00390071 0.00596563 -0.00614244 0.00191773
internal_weight=9.25742 4.41219 4.84523 4.25183 3.87029 0.541897
internal_count=6419 4680 1739 1138 4580 100
is_linear=0
shrinkage=0.025


Tree=275
num_leaves=6
num_cat=0
split_feature=21 26 13 25 24
split_gain=0.664668 0.417087 0.351979 0.087116 0.0515911
threshold=0.18243902176618579 -0.79666882753372181 2.2150264978408818 -4.2199261188507071 -4.7863144874572745
decision_type=2 2 2 2 2
left_child=4 2 -2 -3 -1
right_child=1 3 -4 -5 -6
leaf_value=0 -0.0015137057224293971 0.00020416258866808981 0.0072656391004108983 -0.0040770578299852761 -0.0068156735564346583
leaf_weight=0.27448667411226813 0.49480246722305299 0.484970220917603 5.3535112637036946 0.78384505646681624 2.0512408956892614
leaf_count=33 332 16 1101 804 4190
internal_value=-0.000143033 0.00315224 0.00559141 -0.00258601 -0.00634912
internal_weight=9.44286 7.11713 5.84831 1.26882 2.32573
internal_count=6476 2253 1433 820 4223
is_linear=0
shrinkage=0.025


Tree=276
num_leaves=6
num_cat=0
split_feature=22 21 19 11 12
split_gain=0.690918 0.489975 0.271533 0.123169 0.0784533
threshold=0.87363335490226757 0.97451570630073558 0.33628793060779577 2.2118912935256962 2.8753541707992558
decision_type=2 2 2 2 2
left_child=1 2 -1 -2 -3
right_child=3 4 -4 -5 -6
leaf_value=-0.009077035872393828 0 -0.00058259744263315335 0 0.0061195975952433946 0.0031831212747243428
leaf_weight=3.3670736000058241 0.30370278577902388 0.25836019869893823 1.2102652846988347 2.4037441836444486 1.7489487270067909
leaf_count=5516 48 72 466 169 179
internal_value=-0.00046107 -0.00449988 -0.00736621 0.00509765 0.00173665
internal_weight=9.29209 6.58465 4.57734 2.70745 2.00731
internal_count=6450 6233 5982 217 251
is_linear=0
shrinkage=0.025


Tree=277
num_leaves=7
num_cat=0
split_feature=26 27 5 24 24 26
split_gain=0.455911 0.368499 0.265872 0.152798 0.124697 0.0488264
threshold=-0.9349050223827361 0.71688804030418407 4.75185251235962 0.44895228743553167 -3.6522214412689205 -0.36305955052375788
decision_type=2 2 2 2 2 2
left_child=2 4 3 -1 -2 -3
right_child=1 5 -4 -5 -6 -7
leaf_value=0.0061459825642462872 0 0.0030462688952712074 -0.0019039677628804978 -0.00027534239478666617 -0.0079527825737269377 0
leaf_weight=3.6715389324381253 0.79965856902708798 0.35112129690242 0.58430891878379032 0.27133620236418199 2.7847705760159442 0.19901456618390501
leaf_count=562 156 20 525 666 4410 82
internal_value=-0.000594901 -0.00471711 0.00301363 0.00509833 -0.00694812 0.00185706
internal_weight=8.66175 4.13457 4.52718 3.94288 3.58443 0.550136
internal_count=6421 4668 1753 1228 4566 102
is_linear=0
shrinkage=0.025


Tree=278
num_leaves=6
num_cat=0
split_feature=6 21 14 14 4
split_gain=0.545887 0.286022 0.274424 0.0832441 0.0174123
threshold=2.8389151096343999 0.016511681489646438 0.55490911006927501 -0.75648996233940113 3.6521403789520268
decision_type=2 2 2 2 2
left_child=1 4 -3 -2 -1
right_child=3 2 -4 -5 -6
leaf_value=-0.0023541434121248494 0 0.0070785658356157998 -0.00050536711758025939 -0.0062481151308097652 0
leaf_weight=0.75855080798646657 0.60025292475074854 3.7665592731646029 1.4768741250845776 2.2133518280697899 0.088937081396579742
leaf_count=1511 242 1216 488 3004 1
internal_value=-6.55496e-05 0.00317303 0.00512831 -0.00542045 -0.00189648
internal_weight=8.90453 6.09092 5.24343 2.8136 0.847488
internal_count=6462 3216 1704 3246 1512
is_linear=0
shrinkage=0.025


Tree=279
num_leaves=7
num_cat=0
split_feature=13 18 21 15 22 15
split_gain=0.504564 0.327665 0.295047 0.24078 0.0802505 0.0525455
threshold=4.0095963478088388 0.54206931591033947 0.0042671149130910644 0.38772526383399969 1.1347773075103762 0.13966083526611331
decision_type=2 2 2 2 2 2
left_child=1 4 -2 -4 -1 -3
right_child=2 5 3 -5 -6 -7
leaf_value=-0.0073291847102771139 -0.0016532227176398245 -0.00033740829104360131 0.00754704096018044 -0.00024127883658803481 0 0.0026170728074894818
leaf_weight=2.2759341091878018 0.58382586946026993 0.37405908294022072 3.5828834827407263 1.0324705204548079 0.21731349971378211 1.1475166563723176
leaf_count=3593 1183 180 984 433 10 92
internal_value=0 -0.00402119 0.00407764 0.00593528 -0.00674281 0.00123057
internal_weight=9.214 4.01482 5.19918 4.61535 2.49325 1.52158
internal_count=6475 3875 2600 1417 3603 272
is_linear=0
shrinkage=0.025


Tree=280
num_leaves=7
num_cat=0
split_feature=6 21 14 25 21 2
split_gain=0.566153 0.39144 0.278416 0.127015 0.106896 0.0185244
threshold=2.8939555883407597 0.016511681489646438 0.55490911006927501 -4.2199261188507071 1.8595926761627199 4.8053598403930673
decision_type=2 2 2 2 2 2
left_child=1 5 -3 -2 -5 -1
right_child=3 2 -4 4 -6 -7
leaf_value=-0.002471881780167209 0 0.0082497825190940288 0 -0.0064792118496759593 0 0
leaf_weight=0.78389156646153413 1.0093269196950134 4.0844034941655991 1.579025025534065 1.7906478300628808 0.25115775648737315 0.089461393654346466
leaf_count=1584 105 1199 491 3072 17 1
internal_value=0.000759281 0.00440025 0.00645465 -0.00415326 -0.00556734 -0.00201144
internal_weight=9.58791 6.53678 5.66343 3.05113 2.04181 0.873353
internal_count=6469 3275 1690 3194 3089 1585
is_linear=0
shrinkage=0.025


Tree=281
num_leaves=7
num_cat=0
split_feature=13 22 21 15 21 13
split_gain=0.565192 0.342053 0.315332 0.325519 0.0826908 0.0409811
threshold=4.0095963478088388 0.71694371104240429 0.0042671149130910644 0.4217586368322373 1.8595926761627199 2.6078799962997441
decision_type=2 2 2 2 2 2
left_child=1 4 -2 -4 -1 -3
right_child=2 5 3 -5 -6 -7
leaf_value=-0.0073072821758246656 -0.0015873800914232789 -1.5037789496166202e-05 0.0082200687768107499 -0.00065538140463309072 0 0.0024994078620607725
leaf_weight=2.194542512168483 0.57100154889121757 0.18602967329206865 4.0292365898858407 0.99335963000339678 0.24037659203167994 1.2384345460668553
leaf_count=3718 1164 53 1011 388 20 86
internal_value=0.000587784 -0.00386082 0.00462069 0.00638986 -0.00668721 0.00144205
internal_weight=9.45298 3.85938 5.5936 5.0226 2.43492 1.42446
internal_count=6440 3877 2563 1399 3738 139
is_linear=0
shrinkage=0.025


Tree=282
num_leaves=7
num_cat=0
split_feature=22 17 27 23 11 12
split_gain=0.414169 0.498153 0.387347 0.109215 0.109921 0.0982335
threshold=0.71694371104240429 0.72584402561187755 0.71688804030418407 -3.7370160818099971 2.2118912935256962 2.8753541707992558
decision_type=2 2 2 2 2 2
left_child=1 2 -1 -2 -5 -3
right_child=3 5 -4 4 -6 -7
leaf_value=-0.0091638159068699633 -0.00033651982792215121 -0.00077812451140476244 0.0011645193363036966 0 0.0056067502228472248 0.0035055093004255802
leaf_weight=3.3594964055300811 0.25079660654591895 0.32761322524675085 0.41888365810154926 0.3170964098098924 2.1501791178670828 1.783923764425708
leaf_count=5581 121 174 94 61 140 260
internal_value=-0.000884608 -0.00407799 -0.00729571 0.00338442 0.00457171 0.00188223
internal_weight=8.60799 5.88992 3.77838 2.71807 2.46728 2.11154
internal_count=6431 6109 5675 322 201 434
is_linear=0
shrinkage=0.025


Tree=283
num_leaves=7
num_cat=0
split_feature=22 17 8 12 25 11
split_gain=0.295711 0.442754 0.409854 0.134896 0.099565 0.0850559
threshold=0.74925556778907787 0.66133576631546032 5.2323949337005624 2.8753541707992558 -0.59859034419059742 2.2118912935256962
decision_type=2 2 2 2 2 2
left_child=1 2 -1 -3 5 -2
right_child=4 3 -4 -5 -6 -7
leaf_value=-0.0086458586368914191 0 -0.0011531458775878723 0.0012917030812552304 0.0039069100926607987 -0.00024413218222837089 0.0052595596435289016
leaf_weight=2.9672370614771357 0.28215176962839983 0.39975032708025571 0.76083068799925957 2.0477344306964369 0.27662996710569121 2.1424394320129068
leaf_count=5268 55 189 315 359 100 137
internal_value=-0.000174886 -0.00303199 -0.00632354 0.00202191 0.00327316 0.00441041
internal_weight=8.87677 6.17555 3.72807 2.44748 2.70122 2.42459
internal_count=6423 6131 5583 548 292 192
is_linear=0
shrinkage=0.025


Tree=284
num_leaves=6
num_cat=0
split_feature=13 25 14 26 18
split_gain=0.39985 0.326417 0.188329 0.089292 0.063788
threshold=3.0970115661621098 2.7036647796630864 0.43963931500911718 -1.0131375193595884 0.52863720059394848
decision_type=2 2 2 2 2
left_child=4 2 -2 -3 -1
right_child=1 3 -4 -5 -6
leaf_value=-0.0056581482449753568 0.0066778919082472014 0.00047792033678284478 0 -0.0037183474011565892 0
leaf_weight=1.436342312334091 3.4307526093416527 0.37116651791438915 1.7206822137704874 1.0791278469660026 0.66391097153609724
leaf_count=2095 1404 55 805 1879 197
internal_value=0 0.00268624 0.00504385 -0.00213747 -0.00483799
internal_weight=8.70198 6.60173 5.15143 1.45029 2.10025
internal_count=6435 4143 2209 1934 2292
is_linear=0
shrinkage=0.025


Tree=285
num_leaves=7
num_cat=0
split_feature=13 25 22 21 26 20
split_gain=0.800332 0.348502 0.25248 0.17248 0.136619 0.0105811
threshold=3.9547269344329838 2.7036647796630864 0.87363335490226757 0.0042671149130910644 -1.0383217334747312 0.11133587732911111
decision_type=2 2 2 2 2 2
left_child=2 3 -1 -2 -3 -4
right_child=1 4 5 -5 -6 -7
leaf_value=-0.0078347417119121708 -7.6316737711765745e-05 0.0013795455077692451 0 0.0076067372466258514 -0.0038518370674320633 0.0011368316732460781
leaf_weight=2.2804818704225913 0.24954523777341808 0.51121589102694998 0.37261743016279059 4.0612231830273231 0.84165873690835702 0.59253962032016716
leaf_count=3669 494 26 51 869 1287 36
internal_value=0 0.00444291 -0.00592751 0.00668857 -0.0013613 0.000320962
internal_weight=8.90928 5.66364 3.24564 4.31077 1.35287 0.965157
internal_count=6432 2676 3756 1363 1313 87
is_linear=0
shrinkage=0.025


Tree=286
num_leaves=7
num_cat=0
split_feature=26 26 6 22 24 26
split_gain=0.489971 0.305792 0.297272 0.204819 0.134208 0.042162
threshold=-0.93722996115684498 -0.39631035923957819 4.1052079200744638 1.3309507966041567 0.44895228743553167 -0.36305955052375788
decision_type=2 2 2 2 2 2
left_child=2 3 4 -2 -1 -3
right_child=1 5 -4 -5 -6 -7
leaf_value=0.0070695097157318634 -0.0071737582197270063 0.0029340538065205065 -0.0013463037262103584 0.00038433211604299019 0 0
leaf_weight=3.7723916895301959 3.267279215577219 0.36013610211739433 0.92615680906601472 0.44196859731164284 0.17831120095434005 0.17338727011519939
leaf_count=419 4577 27 925 24 407 78
internal_value=0.000113614 -0.00370567 0.00426298 -0.00585193 0.00629373 0.00189125
internal_weight=9.11963 4.24277 4.87686 3.70925 3.9507 0.533523
internal_count=6457 4706 1751 4601 826 105
is_linear=0
shrinkage=0.025


Tree=287
num_leaves=7
num_cat=0
split_feature=27 27 22 6 21 26
split_gain=0.396788 0.298986 0.305542 0.276517 0.0775097 0.0430723
threshold=0.13717123866081241 0.71688804030418407 0.74925556778907787 3.9453105926513676 0.041212081909179694 -0.36305955052375788
decision_type=2 2 2 2 2 2
left_child=3 2 -2 4 -1 -3
right_child=1 5 -4 -5 -6 -7
leaf_value=0 -0.0077929114959795782 0.002928739887680787 0.00059074809191134148 -0.0015003424915328422 0.0063564714181990369 0
leaf_weight=0.12155282618550778 3.1553314923276048 0.36021776180132292 1.2274762402412305 0.91552890160164668 2.8523920266779896 0.18175259677809652
leaf_count=190 4838 22 164 816 274 72
internal_value=0 -0.00373792 -0.00571523 0.00350686 0.00580634 0.00185437
internal_weight=8.81425 4.92478 4.38281 3.88947 2.97394 0.54197
internal_count=6376 5096 5002 1280 464 94
is_linear=0
shrinkage=0.025


Tree=288
num_leaves=7
num_cat=0
split_feature=22 17 6 20 12 23
split_gain=0.627197 0.66311 0.123846 0.111782 0.111046 0.092728
threshold=0.74925556778907787 0.80304524302482616 3.9453105926513676 2.1053031682968144 2.8753541707992558 -4.8558409214019767
decision_type=2 2 2 2 2 2
left_child=1 3 5 -1 -3 -2
right_child=2 4 -4 -5 -6 -7
leaf_value=-0.0091137016327099644 0 -0.00077302734687285642 -0.00028521026546910128 0 0.0039027161923693289 0.0060274979212289635
leaf_weight=3.7592156831360626 0.27722354629077095 0.30343076405551972 0.21258756310271554 0.24976745344974904 1.6358614913915515 2.3906956315040588
leaf_count=5757 100 149 60 100 180 145
internal_value=-0.00119181 -0.00503966 0.00411704 -0.00854411 0.0022406 0.00524015
internal_weight=8.82878 5.94828 2.88051 4.00898 1.93929 2.66792
internal_count=6491 6186 305 5857 329 245
is_linear=0
shrinkage=0.025


Tree=289
num_leaves=7
num_cat=0
split_feature=6 15 21 26 10 15
split_gain=0.454647 0.27787 0.272146 0.120405 0.071467 0.0254438
threshold=2.5724762678146367 0.3504351675510407 0.016511681489646438 -1.0014895200729368 3.6468825340271001 0.56144830584526073
decision_type=2 2 2 2 2 2
left_child=1 2 -1 5 -3 -2
right_child=3 4 -4 -5 -6 -7
leaf_value=-0.0011168721878755956 -0.00097646291255932139 0.00031839650025923289 0.0068289560292809533 -0.0066256160971394033 -0.0033314793998781194 0.0013459437802940297
leaf_weight=0.46806848964115522 0.93802682793102599 0.5321036939130861 3.3833194312974229 1.6216590926669594 0.77441065320635971 0.65291241001614253
leaf_count=981 654 86 1021 2877 703 132
internal_value=-0.000627955 0.00269901 0.00507177 -0.00512168 -0.00178005 0
internal_weight=8.3705 5.1579 3.85139 3.2126 1.30651 1.59094
internal_count=6454 2791 2002 3663 789 786
is_linear=0
shrinkage=0.025


Tree=290
num_leaves=7
num_cat=0
split_feature=21 19 20 5 16 27
split_gain=0.941791 0.388894 0.160231 0.16474 0.0357703 0.0138279
threshold=0.94744881987571727 0.28780296444892889 0.85937035083770763 4.4142537117004403 -0.19512501358985898 0.13089724630117419
decision_type=2 2 2 2 2 2
left_child=1 -1 3 -2 -3 -4
right_child=2 4 5 -5 -6 -7
leaf_value=-0.0096107072966862394 0.0067381244772527563 -0.00086487885314151199 0 -0.00026244883863248348 0.0016559481824824187 -0.0013738850311385132
leaf_weight=2.8770613895321731 2.8653269675778583 0.25659737272508221 0.28411241240246443 0.22501008588005778 1.7249635991429382 0.21555317824822851
leaf_count=5455 217 163 20 48 447 129
internal_value=-0.00195629 -0.00701054 0.00425551 0.0056087 4.86813e-05 -0.00046755
internal_weight=8.44863 4.85862 3.59 3.09034 1.98156 0.499666
internal_count=6479 6065 414 265 610 149
is_linear=0
shrinkage=0.025


Tree=291
num_leaves=6
num_cat=0
split_feature=21 14 5 22 20
split_gain=0.418689 0.380434 0.303697 0.160434 0.0255817
threshold=0.016511681489646438 0.39141961932182318 4.0180926322937021 0.92583569884300243 2.78979504108429
decision_type=2 2 2 2 2
left_child=4 2 -2 -3 -1
right_child=1 3 -4 -5 -6
leaf_value=-0.0052568142602917077 0.0074601825798360152 -0.0041306079114063641 -0.0010139179085408448 0.001257745551336517 0
leaf_weight=1.5034358418633926 3.9209999664253701 1.6671723489544095 0.62099726746782824 1.1825361982409957 0.068772785107284906
leaf_count=3180 1608 1109 454 108 26
internal_value=0 0.00281153 0.00572239 -0.00172152 -0.00499121
internal_weight=8.96391 7.39171 4.542 2.84971 1.57221
internal_count=6485 3279 2062 1217 3206
is_linear=0
shrinkage=0.025


Tree=292
num_leaves=7
num_cat=0
split_feature=6 21 6 24 21 2
split_gain=0.503148 0.273147 0.149241 0.103255 0.0738719 0.0160544
threshold=2.8939555883407597 0.016511681489646438 -0.1617673113942146 -5.4962537288665763 1.8595926761627199 4.8053598403930673
decision_type=2 2 2 2 2 2
left_child=1 5 -3 -2 -5 -1
right_child=3 2 -4 4 -6 -7
leaf_value=-0.002201395343640214 0 0 0.0062376251685064008 -0.006652429131554085 0 0
leaf_weight=0.71923964074630919 0.57205308103584718 0.76416994278770278 4.4352349186920037 1.8778012718539687 0.32483127748128016 0.088602639734745026
leaf_count=1558 37 269 1440 3122 26 1
internal_value=0 0.00331273 0.00518148 -0.00499105 -0.00598739 -0.00174486
internal_weight=8.78193 6.00725 5.1994 2.77469 2.20263 0.807842
internal_count=6453 3268 1709 3185 3148 1559
is_linear=0
shrinkage=0.025


Tree=293
num_leaves=7
num_cat=0
split_feature=26 13 23 5 22 21
split_gain=0.502062 0.294977 0.413798 0.272262 0.149565 0.0478053
threshold=-1.0014895200729368 4.6011509895324716 -2.3775159120559688 4.75185251235962 1.0590199232101443 -0.15824733674526212
decision_type=2 2 2 2 2 2
left_child=3 4 -3 5 -2 -1
right_child=1 2 -4 -5 -6 -7
leaf_value=0 -0.0072443479002023622 -0.0038919066024940478 0.0050822122380826135 -0.0012392101086349352 0 0.0069244203241178824
leaf_weight=0.070464263957547568 2.4604693339551891 0.68278016506883465 1.9141072436250395 0.44079809766844835 0.40254895879115782 3.045198843061371
leaf_count=124 4005 768 777 405 28 362
internal_value=0 -0.00338325 0.000891432 0.00476236 -0.00615674 0.00662191
internal_weight=9.01637 5.45991 2.59689 3.55646 2.86302 3.11566
internal_count=6469 5578 1545 891 4033 486
is_linear=0
shrinkage=0.025


Tree=294
num_leaves=7
num_cat=0
split_feature=6 14 24 27 15 13
split_gain=0.543062 0.259496 0.240443 0.121291 0.0686711 0.014142
threshold=2.9647287130355839 0.39141961932182318 1.480000436306 0.16408981382846835 0.56144830584526073 3.7179470062255864
decision_type=2 2 2 2 2 2
left_child=1 2 -1 -3 5 -2
right_child=4 3 -4 -5 -6 -7
leaf_value=0.0074484126448305481 -0.0058527259004577045 0.001605303599520865 -0.00065000587471675535 -0.0031249081530021674 0 0
leaf_weight=3.6271147051102166 1.4452698413388136 1.0158664983500787 0.36411365475760238 1.4099584568066346 0.81346721737281757 0.31163916479817988
leaf_count=1648 2327 98 723 936 458 287
internal_value=0.000152105 0.00386688 0.00606387 -0.000555257 -0.0047251 -0.00560057
internal_weight=8.98743 6.41705 3.99123 2.42582 2.57038 1.75691
internal_count=6477 3405 2371 1034 3072 2614
is_linear=0
shrinkage=0.025


Tree=295
num_leaves=7
num_cat=0
split_feature=13 25 18 21 26 24
split_gain=0.49331 0.317657 0.22228 0.15267 0.133586 0.0646811
threshold=3.9547269344329838 2.7036647796630864 0.52863720059394848 0.0042671149130910644 -1.0383217334747312 -5.4962537288665763
decision_type=2 2 2 2 2 2
left_child=2 3 5 -2 -3 -1
right_child=1 4 -4 -5 -6 -7
leaf_value=0 -2.5087256908188566e-05 0.0013252177362996199 0.00057395294617859193 0.007096291576551117 -0.0038489227513899063 -0.0067588179007789968
leaf_weight=0.28607852364439246 0.23957440452795697 0.50251880130963378 1.3756811626153647 3.8086373986334365 0.82357289355604735 2.0815464807910757
leaf_count=19 487 25 282 841 1326 3485
internal_value=0 0.00395253 -0.00408982 0.00620313 -0.00140252 -0.00619846
internal_weight=9.11761 5.3743 3.74331 4.04821 1.32609 2.36763
internal_count=6465 2679 3786 1328 1351 3504
is_linear=0
shrinkage=0.025


Tree=296
num_leaves=7
num_cat=0
split_feature=21 27 22 12 20 26
split_gain=0.291394 0.251001 0.246714 0.151343 0.15337 0.0422036
threshold=0.97451570630073558 0.71688804030418407 0.74925556778907787 3.0128455162048344 0.8705115318298341 -0.36305955052375788
decision_type=2 2 2 2 2 2
left_child=1 2 -1 -2 -5 -3
right_child=3 5 -4 4 -6 -7
leaf_value=-0.0066022786211656125 -0.00078257982820565883 0.0029213445347751263 0.00063213242179892921 0.006062362205604464 -0.00027642111779869918 0
leaf_weight=3.7826486415578984 0.43860190323903259 0.35462962224846706 1.1297185841394819 2.4903989903868937 0.3987108272849581 0.18426976494083636
leaf_count=5818 95 21 136 192 128 74
internal_value=0 -0.00299159 -0.00482838 0.00326153 0.00477458 0.00186766
internal_weight=8.77898 5.45127 4.91237 3.32771 2.88911 0.538899
internal_count=6464 6049 5954 415 320 95
is_linear=0
shrinkage=0.025


Tree=297
num_leaves=7
num_cat=0
split_feature=13 22 23 21 21 27
split_gain=0.377995 0.353291 0.325587 0.267964 0.192022 0.0936993
threshold=4.5506892204284677 0.74925556778907787 -2.3775159120559688 1.8595926761627199 0.016511681489646438 0.094024233520030989
decision_type=2 2 2 2 2 2
left_child=1 3 5 -1 -4 -2
right_child=2 -3 4 -5 -6 -7
leaf_value=-0.0080673099263841776 0.00067889732238605993 0.0015318107452278436 -0.00028311091999061818 0.00062724059935225147 0.0074999281897100943 -0.0036363524421048178
leaf_weight=2.7485904786735778 0.40902826898673106 1.6578156342584405 0.29353690176867564 0.4825412340578622 2.2352826924034161 0.6455824618715269
leaf_count=4613 20 160 422 25 426 807
internal_value=-3.44858e-05 -0.00367814 0.0034553 -0.00641727 0.00617832 -0.00175191
internal_weight=8.47238 4.88895 3.58343 3.23113 2.52882 1.05461
internal_count=6473 4798 1675 4638 848 827
is_linear=0
shrinkage=0.025


Tree=298
num_leaves=7
num_cat=0
split_feature=22 13 14 21 25 13
split_gain=0.410207 0.459723 0.301858 0.127069 0.110983 0.0733811
threshold=0.74925556778907787 4.6011509895324716 0.35090181231498724 1.8595926761627199 -0.6545119285583495 2.9656887054443364
decision_type=2 2 2 2 2 2
left_child=1 3 -3 -1 5 -2
right_child=4 2 -4 -5 -6 -7
leaf_value=-0.0073986203007163145 0 0.0051518831911815883 -0.0024498634348452302 0 0 0.0062047681798628471
leaf_weight=2.8465743585293244 0.25990939057373985 1.9446613024811088 0.79115661148898642 0.31737875056569453 0.25946874263172492 2.2316492386962636
leaf_count=4642 53 1020 464 20 96 137
internal_value=0 -0.00292406 0.00198305 -0.00654856 0.00458839 0.00557149
internal_weight=8.6508 5.89977 2.73582 3.16395 2.75103 2.49156
internal_count=6432 6146 1484 4662 286 190
is_linear=0
shrinkage=0.025


Tree=299
num_leaves=7
num_cat=0
split_feature=27 22 0 5 9 17
split_gain=0.535418 0.348335 0.360319 0.222322 0.0899213 0.0510096
threshold=0.11071825399994852 0.79063504934310924 0.24750857800245288 4.75185251235962 0.98877829313278209 0.62166619300842296
decision_type=2 2 2 2 2 2
left_child=3 2 -2 4 -1 -3
right_child=1 5 -4 -5 -6 -7
leaf_value=0 0.001208483423668992 0.0027051697123145618 -0.0085384645126816289 -0.0010149889910227132 0.0066399584055834215 -0.00021303125352907482
leaf_weight=0.1473616080911605 0.41477572158328291 1.1375996821552687 3.0766672186673532 0.40746653343012429 3.0998133032517217 0.27897245007625304
leaf_count=37 116 70 5204 417 541 85
internal_value=0 -0.00410678 -0.00661474 0.00439971 0.00604042 0.00143825
internal_weight=8.56266 4.90802 3.49144 3.65464 3.24717 1.41657
internal_count=6470 5475 5320 995 578 155
is_linear=0
shrinkage=0.025


Tree=300
num_leaves=7
num_cat=0
split_feature=21 26 13 22 16 15
split_gain=0.528303 0.279217 0.191986 0.0776627 0.0428343 0.0237201
threshold=0.18243902176618579 -0.88252601027488697 2.2689154148101811 0.79063504934310924 1.3924899101257326 2.9167586565017705
decision_type=2 2 2 2 2 2
left_child=4 2 -2 -3 5 -1
right_child=1 3 -4 -5 -6 -7
leaf_value=-0.006643700850760755 -0.00065262845333908918 -0.0032735307199344556 0.0061609324510231772 0.00042339262619508204 0 0
leaf_weight=1.8957712006795193 0.32895369059770008 1.1500685589435309 4.1155461855923932 0.89060212824551843 0.11298932155841601 0.056020442094450007
leaf_count=4149 277 1117 727 117 72 18
internal_value=-0.000593539 0.00250706 0.00491635 -0.00161752 -0.00609877 -0.00645372
internal_weight=8.54995 6.48517 4.4445 2.04067 2.06478 1.95179
internal_count=6477 2238 1004 1234 4239 4167
is_linear=0
shrinkage=0.025


Tree=301
num_leaves=7
num_cat=0
split_feature=27 22 0 5 24 16
split_gain=0.577622 0.355929 0.378817 0.268803 0.0978039 0.0352693
threshold=0.13089724630117419 0.74925556778907787 0.24750857800245288 4.75185251235962 0.44895228743553167 0.57516950368881237
decision_type=2 2 2 2 2 2
left_child=3 2 -2 4 -1 -3
right_child=1 5 -4 -5 -6 -7
leaf_value=0.0069780211764370595 0.0012215572434986198 0.0023411500691956819 -0.0089165348422065183 -0.0012993000603035163 0 0
leaf_weight=3.3038667034670661 0.41348897884017821 1.2231867239497658 2.7438541189094394 0.45242687594145525 0.14581439987159672 0.1996493391052353
leaf_count=384 115 89 4974 456 368 96
internal_value=0 -0.00429347 -0.00688772 0.00455145 0.00637324 0.00137062
internal_weight=8.48229 4.58018 3.15734 3.90211 3.44968 1.42284
internal_count=6482 5274 5089 1208 752 185
is_linear=0
shrinkage=0.025


Tree=302
num_leaves=7
num_cat=0
split_feature=27 13 19 15 19 24
split_gain=0.742724 0.319481 0.165055 0.0425116 0.0401229 0.0140381
threshold=0.13717123866081241 3.1639436483383183 0.53965365886688244 1.1962969303131106 -0.41380889713764185 -5.9857776165008536
decision_type=2 2 2 2 2 2
left_child=1 3 5 -1 -3 -2
right_child=2 4 -4 -5 -6 -7
leaf_value=-0.0028878990840314886 0 0 0 0 0.0062133762172722025 -0.0081454607716856565
leaf_weight=0.73060530317161498 0.023052135744365265 0.070566793790931448 0.81277922180015583 0.22571752118892618 2.6213687701274466 3.3228186382402782
leaf_count=850 3 56 174 51 323 4976
internal_value=-0.00228338 0.0032385 -0.00693339 -0.00188763 0.00591538 -0.00806932
internal_weight=7.80691 3.64826 4.15865 0.956323 2.69194 3.34587
internal_count=6433 1280 5153 901 379 4979
is_linear=0
shrinkage=0.025


Tree=303
num_leaves=7
num_cat=0
split_feature=19 6 18 23 26 17
split_gain=0.658628 0.292103 0.230781 0.126345 0.045 0.0277136
threshold=0.19042686372995379 3.9453105926513676 0.45389541983604437 -6.3143663406372061 -1.0771802067756651 0.35111606121063238
decision_type=2 2 2 2 2 2
left_child=2 3 4 -2 -1 -4
right_child=1 -3 5 -5 -6 -7
leaf_value=0 0 -0.0018130956920797804 -0.00062238119510002476 0.0066236014766978268 -0.007997271555013721 0.0016009166276391602
leaf_weight=0.33081470032630012 0.28877860746433759 0.51230919275803888 0.57714250438584691 3.3866409083038889 2.360279210382942 0.91535229380679084
leaf_count=177 143 400 335 536 4755 90
internal_value=-0.000917717 0.00368157 -0.00569999 0.00577144 -0.00758608 0
internal_weight=8.37132 4.18773 4.18359 3.67542 2.69109 1.49249
internal_count=6436 1079 5357 679 4932 425
is_linear=0
shrinkage=0.025


Tree=304
num_leaves=7
num_cat=0
split_feature=6 21 14 21 24 2
split_gain=0.476809 0.260883 0.213948 0.0434802 0.0464628 0.0149766
threshold=2.8389151096343999 0.016511681489646438 0.39141961932182318 1.118763864040375 -5.4962537288665763 4.8053598403930673
decision_type=2 2 2 2 2 2
left_child=1 5 -3 4 -2 -1
right_child=3 2 -4 -5 -6 -7
leaf_value=-0.0020807040903352346 0 0.0070570731805892906 0 0 -0.0059264718382679099 0
leaf_weight=0.69231252368081175 0.33348259783815604 3.1666786121531914 1.9917310713972254 0.81558818637859065 1.5195560090469371 0.088225938379764557
leaf_count=1529 28 1017 675 109 3072 1
internal_value=0 0.00338355 0.00518406 -0.00474655 -0.00540153 -0.00162603
internal_weight=8.60757 5.93895 5.15841 2.66863 1.85304 0.780538
internal_count=6431 3222 1692 3209 3100 1530
is_linear=0
shrinkage=0.025


Tree=305
num_leaves=7
num_cat=0
split_feature=27 6 19 22 9 20
split_gain=0.593724 0.272076 0.233809 0.124221 0.0835239 0.0113195
threshold=0.13717123866081241 4.1052079200744638 0.53965365886688244 1.0590199232101443 0.98877829313278209 -0.11030864343047141
decision_type=2 2 2 2 2 2
left_child=1 4 3 -2 -1 -4
right_child=2 -3 5 -5 -6 -7
leaf_value=0 -0.0084192420728120432 -0.0019334457746039637 0 0 0.0059004476561170804 0.0011178806979284584
leaf_weight=0.11145874554131374 3.0344886701350338 0.59414998329157231 0.11621834219840821 0.21988517529825902 2.9012280036149605 0.8196474708856839
leaf_count=17 4889 776 44 19 488 127
internal_value=-0.00194901 0.00292717 -0.00613534 -0.00771944 0.00527409 0.000182593
internal_weight=7.79708 3.60684 4.19024 3.25437 3.01269 0.935866
internal_count=6360 1281 5079 4908 505 171
is_linear=0
shrinkage=0.025


Tree=306
num_leaves=7
num_cat=0
split_feature=24 27 18 25 12 18
split_gain=0.524291 0.44942 0.198552 0.0906251 0.087102 0.0619382
threshold=-3.5253996849060054 0.078631874173879637 -0.49106436967849726 -0.52808344364166249 3.0128455162048344 0.15312315523624423
decision_type=2 2 2 2 2 2
left_child=3 4 -3 5 -2 -1
right_child=1 2 -4 -5 -6 -7
leaf_value=0 -0.00087046775319470538 0 -0.0090697466385939954 -0.00012822015035939972 0.0031477296457411092 0.0049891135252248574
leaf_weight=0.22197806386975649 0.34903568686786446 0.46471196846687268 3.2858162321535929 0.26337514777696913 1.282499688775715 2.1159061074977217
leaf_count=55 380 421 5193 116 195 160
internal_value=-0.00181246 -0.00527122 -0.00798188 0.00328162 0.00133747 0.00434312
internal_weight=7.98332 5.38206 3.75053 2.60126 1.63154 2.33788
internal_count=6520 6189 5614 331 575 215
is_linear=0
shrinkage=0.025


Tree=307
num_leaves=7
num_cat=0
split_feature=21 27 19 10 16 26
split_gain=0.36609 0.304907 0.338216 0.106565 0.132844 0.0370276
threshold=0.94744881987571727 0.71688804030418407 0.1972359120845795 1.0000000180025095e-35 0.71609729528427135 -0.36305955052375788
decision_type=2 2 2 2 2 2
left_child=1 2 -1 -2 -5 -3
right_child=3 5 -4 4 -6 -7
leaf_value=-0.0081974475083631381 -0.00024272253190604659 0.002971085997203532 0.00029824368469546554 0.00582894770488444 -0.00011352094824399523 0
leaf_weight=2.3477766951673402 0.19333513107267242 0.3415080466074869 2.1517014713917888 2.6997421874439174 0.39120385293790594 0.15297627921972878
leaf_count=5087 35 21 827 237 143 67
internal_value=0 -0.00341351 -0.0054582 0.00368274 0.004699 0.00209038
internal_weight=8.27824 4.99396 4.49948 3.28428 3.09095 0.494484
internal_count=6417 6002 5914 415 380 88
is_linear=0
shrinkage=0.025


Tree=308
num_leaves=6
num_cat=0
split_feature=6 14 21 24 25
split_gain=0.611271 0.263166 0.239495 0.17234 0.13773
threshold=2.5724762678146367 0.36990667879581457 0.016511681489646438 -4.7863144874572745 -2.2493187189102168
decision_type=2 2 2 2 2
left_child=1 2 -1 -2 -3
right_child=3 4 -4 -5 -6
leaf_value=-0.00072610498880655257 0 0.0015472175862191219 0.0072132935940404947 -0.0073829456119483307 -0.0035855055872334196
leaf_weight=0.39297405951401776 0.72787826493731733 0.68739680910221079 2.9472870287318074 2.0252739171519352 1.2382842708448147
leaf_count=1005 66 60 869 3557 838
internal_value=-0.000487809 0.00327223 0.00565453 -0.005958 -0.00105661
internal_weight=8.01909 5.26594 3.34026 2.75315 1.92568
internal_count=6395 2772 1874 3623 898
is_linear=0
shrinkage=0.025


Tree=309
num_leaves=7
num_cat=0
split_feature=13 22 14 21 21 25
split_gain=0.5656 0.339868 0.298132 0.153898 0.124525 0.0877742
threshold=4.5506892204284677 0.87363335490226757 0.39141961932182318 0.016511681489646438 1.8595926761627199 -1.7917881608009336
decision_type=2 2 2 2 2 2
left_child=1 4 3 -2 -1 -4
right_child=2 -3 5 -5 -6 -7
leaf_value=-0.0080429353793364487 0 0.0011119911026493813 0.00085940825536358258 0.0074875006254594301 0 -0.0032426787261145146
leaf_weight=2.6424544291821808 0.23472491508073368 1.2988393064297268 0.44975266416440718 2.4035381288958888 0.29144884069683019 0.74135791934531858
leaf_count=4664 582 122 35 571 24 494
internal_value=-0.000196398 -0.00479099 0.00401145 0.00646121 -0.00724589 -0.0012411
internal_weight=8.06212 4.23274 3.82937 2.63826 2.9339 1.19111
internal_count=6492 4810 1682 1153 4688 529
is_linear=0
shrinkage=0.025


Tree=310
num_leaves=7
num_cat=0
split_feature=22 13 14 21 6 25
split_gain=0.347704 0.391642 0.319769 0.13473 0.104629 0.103197
threshold=0.74925556778907787 4.5506892204284677 0.25427350401878362 1.8595926761627199 3.9453105926513676 -0.59859034419059742
decision_type=2 2 2 2 2 2
left_child=1 3 -3 -1 5 -2
right_child=4 2 -4 -5 -6 -7
leaf_value=-0.0077002627121152334 0.005492277278615839 0.0051057978467317928 -0.0027543381171985411 0 -0.00030134699899708435 0
leaf_weight=2.5394710420605411 2.1742834121250789 1.4639725671477211 0.99071385508068477 0.33432035124860693 0.21120935981161881 0.26706420601476555
leaf_count=4598 145 862 675 25 57 85
internal_value=-0.000377094 -0.00357719 0.00137541 -0.00678837 0.00337166 0.0045183
internal_weight=7.98103 5.32848 2.45469 2.87379 2.65256 2.44135
internal_count=6447 6160 1537 4623 287 230
is_linear=0
shrinkage=0.025


Tree=311
num_leaves=7
num_cat=0
split_feature=27 22 13 17 19 0
split_gain=0.610056 0.482804 0.235465 0.125589 0.0859601 0.0233519
threshold=0.13717123866081241 0.74925556778907787 2.2150264978408818 -0.008778478950262068 0.55604141950607311 5.4151222705841073
decision_type=2 2 2 2 2 2
left_child=2 4 -1 -4 -2 -3
right_child=1 5 3 -5 -6 -7
leaf_value=-0.001312657896110841 -0.0087954475747764448 0.0022357940948961627 0 0.0065666416332364743 0 0
leaf_weight=0.47621520942266249 2.7377197077603346 1.1516675057027894 0.32950441607681646 3.0043424472823967 0.25781720136728825 0.31563565295073193
leaf_count=520 4930 102 323 474 71 74
internal_value=-0.000721688 -0.00523435 0.00382551 0.00565661 -0.00825506 0.00158053
internal_weight=8.2729 4.46284 3.81006 3.33385 2.99554 1.4673
internal_count=6494 5177 1317 797 5001 176
is_linear=0
shrinkage=0.025


Tree=312
num_leaves=7
num_cat=0
split_feature=6 25 14 24 26 15
split_gain=0.374099 0.308959 0.116737 0.0879638 0.0688294 0.0657261
threshold=3.0614099502563481 2.7036647796630864 0.55490911006927501 -5.4962537288665763 -1.0131375193595884 1.1962969303131106
decision_type=2 2 2 2 2 2
left_child=1 2 -1 -2 -3 -5
right_child=3 4 -4 5 -6 -7
leaf_value=0.0065094012169386707 0 0.00032803443303180697 0 -0.0057946130868229036 -0.0032443214121685004 0
leaf_weight=3.3973965442564804 0.46223893630667623 0.36024417374574114 1.3547430025937499 1.5448777807068834 0.96558526384433185 0.30714774175976334
leaf_count=1298 27 33 539 2752 1641 154
internal_value=0 0.00315266 0.00538559 -0.00411252 -0.00179359 -0.00510659
internal_weight=8.39223 6.07797 4.75214 2.31426 1.32583 1.85203
internal_count=6444 3511 1837 2933 1674 2906
is_linear=0
shrinkage=0.025


Tree=313
num_leaves=6
num_cat=0
split_feature=21 26 29 25 20
split_gain=0.539906 0.30335 0.207427 0.0922132 0.0512499
threshold=0.18243902176618579 -0.79666882753372181 3.5000000000000004 -3.6333786249160762 2.78979504108429
decision_type=2 2 2 2 2
left_child=4 2 -2 -3 -1
right_child=1 3 -4 -5 -6
leaf_value=-0.0061692386491583786 -0.00056715021228227812 0.00056754202241802011 0.0064391548268192302 -0.0036834262621134959 0
leaf_weight=1.8597828105739607 0.55874878105532833 0.54104418371571228 4.7446826817904366 0.72299724101867446 0.11176135876485194
leaf_count=4169 184 21 1238 789 34
internal_value=0 0.00306112 0.00517739 -0.00186548 -0.00573191
internal_weight=8.53902 6.56747 5.30343 1.26404 1.97154
internal_count=6435 2232 1422 810 4203
is_linear=0
shrinkage=0.025


Tree=314
num_leaves=7
num_cat=0
split_feature=21 19 12 20 16 16
split_gain=0.440789 0.419139 0.147626 0.127374 0.110004 0.0617445
threshold=0.97451570630073558 0.24461427330970767 3.0128455162048344 2.1053031682968144 0.71609729528427135 -0.20299355685710904
decision_type=2 2 2 2 2 2
left_child=1 3 -2 -1 -4 -3
right_child=2 5 4 -5 -6 -7
leaf_value=-0.0087667304846658547 -0.0010044884112999869 -0.00074343453206707601 0.0054641108752033823 0 0 0.0024885854173614993
leaf_weight=2.5631862650843691 0.2764790970104517 0.23737285317838575 2.3137943896872462 0.20586014145555953 0.34505220584105689 1.8486609700667029
leaf_count=5283 89 174 183 67 125 526
internal_value=-0.0016207 -0.00500044 0.00281025 -0.00803568 0.00441978 0.000973723
internal_weight=7.79041 4.85508 2.93533 2.76905 2.65885 2.08603
internal_count=6447 6050 397 5350 308 700
is_linear=0
shrinkage=0.025


Tree=315
num_leaves=7
num_cat=0
split_feature=26 0 22 5 9 1
split_gain=0.424624 0.243771 0.293859 0.194884 0.0855095 0.0405068
threshold=-1.0014895200729368 0.24750857800245288 0.74925556778907787 4.75185251235962 0.98877829313278209 1.0000000180025095e-35
decision_type=2 2 2 2 2 2
left_child=3 5 -3 4 -1 -2
right_child=1 2 -4 -5 -6 -7
leaf_value=0 0 -0.0078552818996480769 0.00048898080792491932 -0.0010905249669414428 0.0059571909347070811 0.0025992930593045221
leaf_weight=0.12228215105278728 0.22583332576323289 2.8941406762078259 1.2202197341139251 0.40898009164811799 2.6958096013404429 0.16873253449375625
leaf_count=29 111 5259 190 407 465 8
internal_value=-0.000292743 -0.0041299 -0.00578418 0.00356051 0.00530068 0.00133434
internal_weight=7.736 4.50893 4.11436 3.22707 2.81809 0.394566
internal_count=6469 5568 5449 901 494 119
is_linear=0
shrinkage=0.025


Tree=316
num_leaves=7
num_cat=0
split_feature=13 25 20 26 22 16
split_gain=0.488844 0.224513 0.112055 0.102773 0.0945913 0.0776923
threshold=3.9547269344329838 2.7036647796630864 0.85937035083770763 -1.0383217334747312 0.87363335490226757 -1.4230061173439024
decision_type=2 2 2 2 2 2
left_child=4 2 -2 -3 5 -1
right_child=1 3 -4 -5 -6 -7
leaf_value=0 0.0059901934557100899 0.0011041505267005188 0 -0.0033905698657991758 0 -0.0066647631884336955
leaf_weight=0.22389807683066543 3.4065746851574663 0.44807685464184033 0.20965952013284539 0.73455354671204964 0.76747812644680369 2.0792382732161059
leaf_count=21 1262 20 86 1296 85 3676
internal_value=-0.000260801 0.0031886 0.0051847 -0.00116098 -0.0050617 -0.00603394
internal_weight=7.86948 4.79886 3.61623 1.18263 3.07061 2.30314
internal_count=6446 2664 1348 1316 3782 3697
is_linear=0
shrinkage=0.025


Tree=317
num_leaves=7
num_cat=0
split_feature=21 14 5 19 16 15
split_gain=0.380046 0.262883 0.269682 0.136168 0.0277096 0.0211702
threshold=0.0042671149130910644 0.39141961932182318 4.0180926322937021 0.22542967647314074 1.3924899101257326 2.9167586565017705
decision_type=2 2 2 2 2 2
left_child=4 2 -2 -3 5 -1
right_child=1 3 -4 -5 -6 -7
leaf_value=-0.0045291406661637475 0.0072962481812370097 -0.0035121481140143263 -0.00082284945703229846 0.0014576837104537217 0 0
leaf_weight=1.2927228214866771 3.8852487600070162 1.0631219884999157 0.57287417072438973 1.627924238975538 0.10656944640322752 0.060330734890157944
leaf_count=3073 1659 904 436 291 59 14
internal_value=0.000799589 0.00348667 0.00570867 -0.000699926 -0.0039056 -0.00427032
internal_weight=8.60879 7.14917 4.45812 2.69105 1.45962 1.35305
internal_count=6436 3290 2095 1195 3146 3087
is_linear=0
shrinkage=0.025


Tree=318
num_leaves=7
num_cat=0
split_feature=18 16 21 16 19 14
split_gain=0.518138 0.22053 0.0788518 0.102071 0.062111 0.0443509
threshold=0.19546916335821155 1.2291723489761355 0.94744881987571727 0.84260180592536937 0.53965365886688244 2.7577626705169682
decision_type=2 2 2 2 2 2
left_child=1 5 4 -4 -2 -1
right_child=2 -3 3 -5 -6 -7
leaf_value=-0.0081367745001362617 -0.0022687191210202856 0.00036399160953782514 0.0045615809549543153 -0.00025164725472285801 0.0011956958316484941 0
leaf_weight=2.7588610165239524 0.97745047288117326 0.37651842525883683 2.3232295516063464 0.19144410527951539 0.6632944658267661 0.11065397861239024
leaf_count=5109 835 115 227 110 34 36
internal_value=-0.002284 -0.00650427 0.00208177 0.00343982 -8.12527e-05 -0.00785836
internal_weight=7.40145 3.24603 4.15542 2.51467 1.64074 2.86951
internal_count=6466 5260 1206 337 869 5145
is_linear=0
shrinkage=0.025


Tree=319
num_leaves=6
num_cat=0
split_feature=13 25 21 24 27
split_gain=0.473438 0.341728 0.157659 0.0811727 0.0808761
threshold=3.0970115661621098 2.7036647796630864 0.016511681489646438 -5.4962537288665763 0.094024233520030989
decision_type=2 2 2 2 2
left_child=3 2 -2 -1 -3
right_child=1 4 -4 -5 -6
leaf_value=0 -3.4910639542968628e-05 0.00046506746828228404 0.0066153660098795504 -0.0057949017980281721 -0.0034684958874691661
leaf_weight=0.27802281218464475 0.52662276280534559 0.37824128551437741 4.5684926217109023 1.4673475506606335 1.0014406850550583
leaf_count=21 903 56 1358 2290 1865
internal_value=0 0.00335879 0.00563204 -0.00496746 -0.00189112
internal_weight=8.22017 6.4748 5.09512 1.74537 1.37968
internal_count=6493 4182 2261 2311 1921
is_linear=0
shrinkage=0.025


Tree=320
num_leaves=7
num_cat=0
split_feature=26 13 18 19 9 26
split_gain=0.450871 0.239486 0.163126 0.0890357 0.075068 0.0240105
threshold=-0.93883165717124928 2.2150264978408818 0.33513171970844274 0.53965365886688244 0.98877829313278209 -0.79666882753372181
decision_type=2 2 2 2 2 2
left_child=1 -1 3 -2 -3 -4
right_child=2 4 5 -5 -6 -7
leaf_value=-0.0015405159374915931 -0.0069426746739402086 0 0.0014645517126121836 0 0.005762255989386067 -0.00060055139261825079
leaf_weight=0.52701510375663918 1.9264672542722112 0.085633707796660352 1.0658289298680754 0.49087350842455624 3.715102770649537 0.53389802102174133
leaf_count=617 4174 20 238 92 1088 230
internal_value=-0.000163968 0.00336935 -0.00442124 -0.00612442 0.00524875 0
internal_weight=8.34482 4.32775 4.01707 2.41734 3.80074 1.59973
internal_count=6459 1725 4734 4266 1108 468
is_linear=0
shrinkage=0.025


Tree=321
num_leaves=7
num_cat=0
split_feature=13 15 22 21 21 26
split_gain=0.304772 0.218124 0.207008 0.185897 0.0779242 0.0749052
threshold=4.0095963478088388 0.29432268440723425 0.74925556778907787 0.016511681489646438 1.8595926761627199 -1.0014895200729368
decision_type=2 2 2 2 2 2
left_child=2 3 4 -2 -1 -3
right_child=1 5 -4 -5 -6 -7
leaf_value=-0.0064743928063266086 -0.00053703565243496483 0.00071684321988206047 0.00069381760780571548 0.0063750761837779784 0 -0.0029762109354670432
leaf_weight=1.9248572041487939 0.34642089667249854 0.50913947387016378 1.2152268055397142 2.8127161606862501 0.26623443988501083 0.95328996017815348
leaf_count=3727 811 25 131 882 20 858
internal_value=0 0.00279751 -0.00370163 0.00498649 -0.00579597 -0.0011635
internal_weight=8.02788 4.62157 3.40632 3.15914 2.19109 1.46243
internal_count=6454 2576 3878 1693 3747 883
is_linear=0
shrinkage=0.025


Tree=322
num_leaves=6
num_cat=0
split_feature=13 25 21 27 0
split_gain=0.434234 0.33214 0.133773 0.128622 0.0494661
threshold=3.0970115661621098 2.7036647796630864 0.0042671149130910644 0.094024233520030989 3.5869443416595463
decision_type=2 2 2 2 2
left_child=4 2 -2 -3 -1
right_child=1 3 -4 -5 -6
leaf_value=0 0 0.0010832898871628784 0.0064885319590316064 -0.0040007321190632982 -0.0050458919441532558
leaf_weight=0.24737440650278575 0.48674149407997891 0.47856840395252198 4.699096768094023 0.89369980469746224 1.5073698539872564
leaf_count=305 848 60 1388 1873 1987
internal_value=0.000258902 0.00344938 0.00564632 -0.0017881 -0.00446672
internal_weight=8.31285 6.55811 5.18584 1.37227 1.75474
internal_count=6461 4169 2236 1933 2292
is_linear=0
shrinkage=0.025


Tree=323
num_leaves=7
num_cat=0
split_feature=26 19 5 21 23 13
split_gain=0.414655 0.269036 0.151891 0.142184 0.0556898 0.0198115
threshold=-0.99874237179756153 0.53965365886688244 4.75185251235962 0.97451570630073558 0.78021487593650829 4.0742874145507821
decision_type=2 2 2 2 2 2
left_child=2 3 4 -2 -1 -3
right_child=1 5 -4 -5 -6 -7
leaf_value=0.0050848880199820829 -0.0078357204157983081 0 -0.00095151863457983371 0 0 0.0017208832188114421
leaf_weight=2.4610245115800362 2.5398612930748645 0.3242454919600275 0.3842943866366112 1.1471436519750566 0.16145220687758399 0.77218186420213897
leaf_count=399 5113 117 401 214 102 74
internal_value=-0.00123556 -0.00464002 0.00291531 -0.00656209 0.00455436 0.000879134
internal_weight=7.7902 4.78343 3.00677 3.687 2.62248 1.09643
internal_count=6420 5518 902 5327 501 191
is_linear=0
shrinkage=0.025


Tree=324
num_leaves=7
num_cat=0
split_feature=26 26 22 13 17 26
split_gain=0.317588 0.25938 0.22717 0.188322 0.078647 0.0383296
threshold=-1.0014895200729368 -0.39631035923957819 0.74925556778907787 2.2150264978408818 -0.008778478950262068 -0.36305955052375788
decision_type=2 2 2 2 2 2
left_child=3 2 -2 -1 -5 -3
right_child=1 5 -4 4 -6 -7
leaf_value=-0.00096457596910959104 -0.006728501497978677 0.0029143473958213265 0.00035759026193252333 0 0.0060515969738933577 0
leaf_weight=0.40546445044310564 3.0748874656001135 0.34172808990842896 1.2868874549130849 0.28685395745196807 2.5534942261001556 0.15898558335902624
leaf_count=422 5272 25 182 196 282 77
internal_value=0 -0.00291313 -0.00489584 0.00373119 0.00538633 0.00197303
internal_weight=8.1083 4.86249 4.36177 3.24581 2.84035 0.500714
internal_count=6456 5556 5454 900 478 102
is_linear=0
shrinkage=0.025


Tree=325
num_leaves=7
num_cat=0
split_feature=13 23 21 22 27 16
split_gain=0.320368 0.287031 0.214089 0.171017 0.117311 0.0694895
threshold=4.0095963478088388 -2.3924363851547237 0.0042671149130910644 0.71694371104240429 0.094024233520030989 -1.4230061173439024
decision_type=2 2 2 2 2 2
left_child=3 4 -3 5 -2 -1
right_child=1 2 -4 -5 -6 -7
leaf_value=0 0.00084403579290410601 -0.00071341410217055392 0.0066188655495616382 0.00025333096679034007 -0.0040380320600919388 -0.0065133539559090979
leaf_weight=0.23162122638314064 0.51380325745776623 0.3815413811043985 2.9031796741710423 1.1408534602705911 0.7140365266441222 1.8823840834029399
leaf_count=22 31 764 806 150 990 3706
internal_value=-0.000328381 0.00250208 0.00509623 -0.00414832 -0.00195407 -0.0059108
internal_weight=7.76742 4.51256 3.28472 3.25486 1.22784 2.11401
internal_count=6469 2591 1570 3878 1021 3728
is_linear=0
shrinkage=0.025


Tree=326
num_leaves=7
num_cat=0
split_feature=22 17 27 27 16 29
split_gain=0.257695 0.326105 0.333389 0.132585 0.0559368 0.018139
threshold=0.87363335490226757 0.52133619785308849 0.71688804030418407 0.22444508969783786 0.68664279580116283 3.5000000000000004
decision_type=2 2 2 2 2 2
left_child=1 2 -1 -3 5 -2
right_child=4 3 -4 -5 -6 -7
leaf_value=-0.0076460108025753681 0 0.0036139123207938359 0.0014082653852609127 -0.0012973611483389127 0 0.0047056202363893376
leaf_weight=2.4499695827780674 0.2941366754203053 2.241409521127935 0.37588170731032722 0.51674730692866422 0.27957679161772819 1.8801899758109355
leaf_count=5242 27 468 89 454 79 121
internal_value=0 -0.00227979 -0.00551274 0.00164506 0.00377192 0.00443338
internal_weight=8.03791 5.58401 2.82585 2.75816 2.4539 2.17433
internal_count=6480 6253 5331 922 227 148
is_linear=0
shrinkage=0.025


Tree=327
num_leaves=7
num_cat=0
split_feature=6 21 15 25 5 2
split_gain=0.510408 0.253217 0.129727 0.0500928 0.0203474 0.0121465
threshold=2.8939555883407597 0.016511681489646438 0.3504351675510407 -4.2199261188507071 2.8741509914398198 4.8053598403930673
decision_type=2 2 2 2 2 2
left_child=1 5 -3 -2 -5 -1
right_child=3 2 -4 4 -6 -7
leaf_value=-0.0017564824286861918 0 0.0069115795588977347 0 0 -0.0054405769872800666 0
leaf_weight=0.61802753047231807 0.74923292252788121 3.4233039954924607 1.6122158911002769 0.20330289297999105 1.4639571784882717 0.087204001843929291
leaf_count=1553 99 1138 557 221 2921 1
internal_value=0.000286991 0.0040108 0.0056583 -0.00445669 -0.0051759 -0.00130669
internal_weight=8.15724 5.74075 5.03552 2.41649 1.66726 0.705232
internal_count=6490 3249 1695 3241 3142 1554
is_linear=0
shrinkage=0.025


Tree=328
num_leaves=6
num_cat=0
split_feature=6 25 21 0 27
split_gain=0.499044 0.387935 0.140569 0.0550703 0.0528822
threshold=3.2730076313018803 2.7036647796630864 0.0042671149130910644 3.5869443416595463 0.069307375699281706
decision_type=2 2 2 2 2
left_child=1 2 -1 -2 -3
right_child=3 4 -4 -5 -6
leaf_value=0 0 0 0.0070757741507202279 -0.0052229261373956046 -0.003104608296631237
leaf_weight=0.47051002241096274 0.23571160090068577 0.32442227394494672 4.5159892810406745 1.5608968579599602 0.93331815992678457
leaf_count=745 343 30 1240 2342 1769
internal_value=0.000472298 0.00389122 0.00623781 -0.00461181 -0.00196398
internal_weight=8.04085 6.24424 4.9865 1.79661 1.25774
internal_count=6469 3784 1985 2685 1799
is_linear=0
shrinkage=0.025


Tree=329
num_leaves=6
num_cat=0
split_feature=26 22 13 19 21
split_gain=0.572719 0.275759 0.146336 0.130541 0.0652589
threshold=-1.0014895200729368 0.74925556778907787 2.2150264978408818 0.40106500685215002 0.18243902176618579
decision_type=2 2 2 2 2
left_child=2 3 -1 -2 -4
right_child=1 -3 4 -5 -6
leaf_value=-0.0008583069588215304 -0.008777449923881157 0.00030842015249686464 0 0 0.0051748057927733689
leaf_weight=0.38691812808610881 2.7402373982713475 1.216775241820869 0.16590231330701533 0.49212725277538982 2.4752646732667927
leaf_count=421 5181 198 240 201 250
internal_value=-0.00213623 -0.00602483 0.00299264 -0.00790742 0.00456721
internal_weight=7.47723 4.44914 3.02809 3.23236 2.64117
internal_count=6491 5580 911 5382 490
is_linear=0
shrinkage=0.025


Tree=330
num_leaves=6
num_cat=0
split_feature=26 6 15 18 22
split_gain=0.448841 0.250976 0.0631392 0.0585861 0.0585495
threshold=-0.88252601027488697 2.8389151096343999 0.35547165572643286 0.52863720059394848 -0.099495999515056596
decision_type=2 2 2 2 2
left_child=1 4 -3 -2 -1
right_child=3 2 -4 -5 -6
leaf_value=0 -0.006183384947144599 -0.002964385151112716 0.00030209588237718049 0 0.005493803466373591
leaf_weight=0.11196896245019194 2.027031907191486 1.0083381401982476 0.88862369095659222 0.66723583697603306 2.9170058583858918
leaf_count=220 3679 1613 475 162 331
internal_value=-0.000929431 0.00244568 -0.00141832 -0.00549179 0.00502029
internal_weight=7.6202 4.92594 1.89696 2.69427 3.02897
internal_count=6480 2639 2088 3841 551
is_linear=0
shrinkage=0.025


Tree=331
num_leaves=6
num_cat=0
split_feature=6 26 14 24 17
split_gain=0.30234 0.262202 0.185516 0.111577 0.0718177
threshold=3.3083589076995854 -0.88252601027488697 0.22556131333112719 0.44895228743553167 1.1785222291946413
decision_type=2 2 2 2 2
left_child=1 3 -3 -1 -2
right_child=4 2 -4 -5 -6
leaf_value=0.0060434017343926165 -0.0047658289694048825 0.0018465414710253836 -0.0040575265032621035 0 0
leaf_weight=3.5891221396523179 1.355955418986923 1.0630790534360137 1.357888436737994 0.17403033004302404 0.56886442445102137
leaf_count=464 2553 1539 1391 392 82
internal_value=0 0.00282862 -0.0011254 0.00527632 -0.00379017
internal_weight=8.10894 6.18412 2.42097 3.76315 1.92482
internal_count=6421 3786 2930 856 2635
is_linear=0
shrinkage=0.025


Tree=332
num_leaves=7
num_cat=0
split_feature=27 5 19 18 24 20
split_gain=0.613688 0.207576 0.165698 0.0828121 0.0826474 0.0118639
threshold=0.13717123866081241 4.75185251235962 0.40106500685215002 1.1967553496360781 0.44895228743553167 0.4742244184017182
decision_type=2 2 2 2 2 2
left_child=1 4 3 -2 -1 -4
right_child=2 -3 5 -5 -6 -7
leaf_value=0.0059000207968751125 -0.0075653714545278793 -0.0012194848131375354 0.0011052538825375628 0 0 -0.00025123168018687891
leaf_weight=3.0711058105080165 2.8136337948271839 0.4387419104350555 0.80448227921442583 0.13665552101156198 0.14749396392107872 0.13730751560069621
leaf_count=425 4867 474 141 6 402 160
internal_value=-0.00112894 0.00352636 -0.00572942 -0.00705272 0.00528209 0
internal_weight=7.54942 3.65734 3.89208 2.95029 3.2186 0.94179
internal_count=6475 1301 5174 4873 827 301
is_linear=0
shrinkage=0.025


Tree=333
num_leaves=6
num_cat=0
split_feature=26 5 24 24 19
split_gain=0.576136 0.24701 0.137675 0.12887 0.0742545
threshold=-0.9349050223827361 4.75185251235962 0.44895228743553167 -3.6522214412689205 0.55604141950607311
decision_type=2 2 2 2 2
left_child=1 2 -1 -2 -5
right_child=3 -3 -4 4 -6
leaf_value=0.0063702571529569542 0 -0.0015097544523800504 -6.5034966989093983e-05 -0.0070254844088023299 0
leaf_weight=3.638660673042978 0.90465583164041197 0.49467948284109287 0.23151044318728953 2.4229755804481106 0.22397632957654412
leaf_count=598 162 537 663 4436 56
internal_value=-0.000395187 0.00361935 0.00546103 -0.00529129 -0.0064686
internal_weight=7.91646 4.36485 3.87017 3.55161 2.64695
internal_count=6452 1798 1261 4654 4492
is_linear=0
shrinkage=0.025


Tree=334
num_leaves=7
num_cat=0
split_feature=6 25 27 21 17 24
split_gain=0.292097 0.21028 0.118699 0.11086 0.101193 0.0505644
threshold=2.8939555883407597 2.7036647796630864 0.094024233520030989 0.016511681489646438 1.1785222291946413 -5.4962537288665763
decision_type=2 2 2 2 2 2
left_child=1 3 -3 -1 5 -2
right_child=4 2 -4 -5 -6 -7
leaf_value=0 0 0.001323367521275346 -0.0035282935981712422 0.0057561008036498343 5.4734748113266304e-05 -0.0052707771370103058
leaf_weight=0.3819603477786585 0.30745479936013009 0.51952768837509189 0.77852365162289061 3.8012416937890521 0.66401370099629264 1.4480744478678389
leaf_count=689 28 32 1566 1041 77 3091
internal_value=6.51514e-05 0.00306264 -0.00108509 0.00492032 -0.0033708 -0.00467319
internal_weight=7.9008 5.48125 1.29805 4.1832 2.41954 1.75553
internal_count=6524 3328 1598 1730 3196 3119
is_linear=0
shrinkage=0.025


Tree=335
num_leaves=7
num_cat=0
split_feature=26 26 19 5 9 26
split_gain=0.315606 0.247446 0.20586 0.159087 0.0704106 0.0363644
threshold=-1.0014895200729368 -0.39631035923957819 0.53965365886688244 4.75185251235962 0.98877829313278209 -0.36305955052375788
decision_type=2 2 2 2 2 2
left_child=3 2 -2 4 -1 -3
right_child=1 5 -4 -5 -6 -7
leaf_value=0 -0.0062803156940122173 0.0029208433914427092 0.00041859552217350801 -0.00063426870658994552 0.0059137464171818586 0
leaf_weight=0.12588961252549857 3.295888613731222 0.33583330448891502 1.0961936103558398 0.34067694582699903 2.7433932458952768 0.14837880145205407
leaf_count=31 5301 23 194 377 473 74
internal_value=3.74794e-05 -0.00261923 -0.00461016 0.00397185 0.00536849 0.0020387
internal_weight=8.08625 4.87629 4.39208 3.20996 2.86928 0.484212
internal_count=6473 5592 5495 881 504 97
is_linear=0
shrinkage=0.025


Tree=336
num_leaves=7
num_cat=0
split_feature=13 22 14 21 21 25
split_gain=0.270642 0.289169 0.255838 0.11116 0.0983242 0.05791
threshold=4.5506892204284677 0.74925556778907787 0.39141961932182318 0.016511681489646438 1.8595926761627199 -1.7917881608009336
decision_type=2 2 2 2 2 2
left_child=1 4 3 -2 -1 -4
right_child=2 -3 5 -5 -6 -7
leaf_value=-0.0066714392733755699 0 0.0013801280368563758 0.00024053927790311765 0.0063541078613032461 0 -0.0029909450896042048
leaf_weight=2.4947814628940255 0.20479308784160899 1.4476672759119535 0.32085476456995821 1.9403822059175579 0.33738172685843881 0.67154530281368341
leaf_count=4546 564 160 32 560 22 483
internal_value=-0.000132619 -0.00334249 0.00284126 0.00543085 -0.00589446 -0.00157423
internal_weight=7.41741 4.27983 3.13758 2.14518 2.83216 0.9924
internal_count=6367 4728 1639 1124 4568 515
is_linear=0
shrinkage=0.025


Tree=337
num_leaves=7
num_cat=0
split_feature=13 22 15 21 21 11
split_gain=0.290035 0.388017 0.299423 0.220188 0.146553 0.0811551
threshold=4.5506892204284677 0.71694371104240429 0.29432268440723425 1.8595926761627199 0.016511681489646438 2.2118912935256962
decision_type=2 2 2 2 2 2
left_child=1 3 4 -1 -2 -3
right_child=2 5 -4 -5 -6 -7
leaf_value=-0.0077370558094243605 0 -0.00043378776181107184 -0.0015902811184289639 0.00036077724104901951 0.0071029751848411165 0.0034732944919013929
leaf_weight=2.2351576450528232 0.235492734605942 0.3672978240501833 1.0408845419005954 0.46476612554397423 2.2010950250150927 1.4188585257943485
leaf_count=4505 477 79 664 22 546 107
internal_value=0 -0.00292965 0.00343202 -0.0062023 0.00604464 0.00202122
internal_weight=7.96355 4.48608 3.47747 2.69992 2.43659 1.78616
internal_count=6400 4713 1687 4527 1023 186
is_linear=0
shrinkage=0.025


Tree=338
num_leaves=7
num_cat=0
split_feature=26 26 5 22 9 26
split_gain=0.346217 0.315074 0.177197 0.124427 0.0559264 0.0376608
threshold=-0.99874237179756153 -0.39631035923957819 4.5036058425903329 0.74925556778907787 0.98877829313278209 -0.36305955052375788
decision_type=2 2 2 2 2 2
left_child=2 3 4 -2 -1 -3
right_child=1 5 -4 -5 -6 -7
leaf_value=0 -0.0070905755306352892 0.0028727539259235362 -0.0010607995773432748 0 0.0054568679330797565 0
leaf_weight=0.082788431431254916 2.7370575267832469 0.34204700164991664 0.3985389829831546 1.0255402783986935 2.4606807538766589 0.15755197923863296
leaf_count=22 5228 24 467 168 413 79
internal_value=-0.000285898 -0.00381566 0.00322365 -0.00595964 0.00498166 0.00193296
internal_weight=7.2042 4.2622 2.94201 3.7626 2.54347 0.499599
internal_count=6401 5499 902 5396 435 103
is_linear=0
shrinkage=0.025


Tree=339
num_leaves=7
num_cat=0
split_feature=22 17 4 20 20 23
split_gain=0.442973 0.472708 0.139941 0.102853 0.0693704 0.0616224
threshold=0.74925556778907787 0.72584402561187755 5.3004615306854257 2.1053031682968144 -0.34542468190193171 -6.3143663406372061
decision_type=2 2 2 2 2 2
left_child=1 3 5 -1 -3 -2
right_child=2 4 -4 -5 -6 -7
leaf_value=-0.0081819832225102623 0 -0.00041288657272748166 -0.00064066616828795456 0 0.0031250966689541065 0.0055166189301703748
leaf_weight=2.7758679680246137 0.179383203423641 0.22780017313198198 0.19032319320831437 0.20623769873782283 1.5271586734997977 2.3545607021587784
leaf_count=5617 78 145 41 99 282 181
internal_value=-0.000647632 -0.00432466 0.00359764 -0.00756054 0.00177492 0.00495948
internal_weight=7.46133 4.73706 2.72427 2.98211 1.75496 2.53394
internal_count=6443 6143 300 5716 427 259
is_linear=0
shrinkage=0.025


Tree=340
num_leaves=7
num_cat=0
split_feature=6 21 14 15 18 22
split_gain=0.262472 0.186792 0.202907 0.0950387 0.0207218 0.0186816
threshold=3.0614099502563481 0.016511681489646438 0.55490911006927501 0.35547165572643286 0.15312315523624423 0.87363335490226757
decision_type=2 2 2 2 2 2
left_child=1 5 -3 -2 -5 -1
right_child=3 2 -4 4 -6 -7
leaf_value=-0.0018569287447742857 -0.004516248346343686 0.0062757499038738384 -0.00022562115414309517 -0.00043856239347099616 0.0014408715800839954 0
leaf_weight=0.64365740563698626 1.2125221062615312 3.4671576286109484 1.4998012108317196 0.29330196690716526 0.74778856877674116 0.13876087591052055
leaf_count=1712 2211 1263 531 553 148 2
internal_value=0.000316483 0.00301991 0.00455718 -0.00304633 0 -0.00116026
internal_weight=8.00299 5.74938 4.96696 2.25361 1.04109 0.782418
internal_count=6420 3508 1794 2912 701 1714
is_linear=0
shrinkage=0.025


Tree=341
num_leaves=7
num_cat=0
split_feature=6 14 21 27 15 24
split_gain=0.363541 0.272596 0.255752 0.0932679 0.0597573 0.0225853
threshold=2.8939555883407597 0.39141961932182318 0.016511681489646438 0.16270457953214648 0.56144830584526073 -5.9857776165008536
decision_type=2 2 2 2 2 2
left_child=1 2 -1 -3 5 -2
right_child=4 3 -4 -5 -6 -7
leaf_value=-0.00076420586604578121 0 0.0010445398960093025 0.0074938130565306797 -0.0030631348049727984 0 -0.0048941934547307841
leaf_weight=0.40336104245398052 0.16732004150981095 0.80344332368622451 2.9417460969889362 1.2356296632242445 0.82082695244025661 1.4140029930440505
leaf_count=1214 15 93 1032 900 469 2678
internal_value=0.000183427 0.00347606 0.00588784 -0.000964423 -0.00371523 -0.00460427
internal_weight=7.78633 5.38418 3.34511 2.03907 2.40215 1.58132
internal_count=6401 3239 2246 993 3162 2693
is_linear=0
shrinkage=0.025


Tree=342
num_leaves=6
num_cat=0
split_feature=26 13 25 24 18
split_gain=0.453145 0.176365 0.105843 0.0931341 0.0577807
threshold=-0.93722996115684498 2.2150264978408818 -4.2199261188507071 0.44895228743553167 -0.49106436967849726
decision_type=2 2 2 2 2
left_child=1 -1 -2 -3 -4
right_child=2 3 4 -5 -6
leaf_value=-0.0013775685125797601 0 0.0050974658596127263 0 0 -0.0067084517081567874
leaf_weight=0.4925510087032311 0.52410939718538463 3.2859195150595046 0.24504746317688919 0.18264557000657067 2.8339543335005142
leaf_count=623 50 563 250 566 4435
internal_value=-0.00139249 0.00252845 -0.00539378 0.004307 -0.00625846
internal_weight=7.56423 3.96112 3.60311 3.46857 3.079
internal_count=6487 1752 4735 1129 4685
is_linear=0
shrinkage=0.025


Tree=343
num_leaves=6
num_cat=0
split_feature=6 26 26 16 22
split_gain=0.425529 0.223852 0.15712 0.089334 0.0643475
threshold=2.8389151096343999 -0.88252601027488697 -0.39631035923957819 -1.4230061173439024 -0.099495999515056596
decision_type=2 2 2 2 2
left_child=1 4 -3 -2 -1
right_child=3 2 -4 -5 -6
leaf_value=0 0 -0.0035339756429389486 0.0019598309846418352 -0.0058474410893588381 0.0056844394059337305
leaf_weight=0.12070836996827017 0.33341215597465668 1.6419842266859634 0.49224098553531792 1.9457023370323439 3.0034513880127633
leaf_count=220 22 2517 103 3258 337
internal_value=-5.58264e-05 0.00286728 -0.000905319 -0.0049956 0.00518483
internal_weight=7.5375 5.25838 2.13423 2.27911 3.12416
internal_count=6457 3177 2620 3280 557
is_linear=0
shrinkage=0.025


Tree=344
num_leaves=7
num_cat=0
split_feature=25 6 27 18 23 14
split_gain=0.335619 0.240306 0.161153 0.0728933 0.0618847 0.0414685
threshold=0.76090171933174144 3.2038887739181523 0.072489034384489073 1.1967553496360781 1.0567072033882143 -0.75648996233940113
decision_type=2 2 2 2 2 2
left_child=1 4 -2 -4 -1 -3
right_child=2 5 3 -5 -6 -7
leaf_value=0.004724027331715102 5.2618142233670192e-05 0 -0.0072504689407968366 0 0 -0.0030248548076322081
leaf_weight=3.2381794475641077 0.61069126436268595 0.37114892259341992 1.8886195685226996 0.11626623343909148 0.1389669578456959 0.96417612064578861
leaf_count=594 291 100 4486 3 42 938
internal_value=-0.00155305 0.0015598 -0.00532404 -0.00672257 0.00416283 -0.00212667
internal_weight=7.32805 4.71247 2.61558 2.00489 3.37715 1.33533
internal_count=6454 1674 4780 4489 636 1038
is_linear=0
shrinkage=0.025


Tree=345
num_leaves=7
num_cat=0
split_feature=17 26 22 0 15 23
split_gain=0.2287 0.294295 0.323643 0.2228 0.0746968 0.0336646
threshold=0.48504298925399786 -0.39631035923957819 0.74925556778907787 3.8915797472000127 0.38772526383399969 -1.345102787017822
decision_type=2 2 2 2 2 2
left_child=1 2 -1 4 -2 -3
right_child=3 5 -4 -5 -6 -7
leaf_value=-0.007848800222232508 0.0057604015116469627 0 0.00076544070665608222 -0.0012608160862219635 0 0.0029432435567715047
leaf_weight=2.1352576804820282 2.1292797796959357 0.14031274693479645 1.25590391150763 1.3848245686349399 0.20715027424375865 0.33158930930221675
leaf_count=5082 452 56 164 572 112 26
internal_value=0 -0.00304462 -0.00535858 0.00263991 0.00508741 0.00214368
internal_weight=7.58432 3.86306 3.39116 3.72125 2.33643 0.471902
internal_count=6464 5328 5246 1136 564 82
is_linear=0
shrinkage=0.025


Tree=346
num_leaves=7
num_cat=0
split_feature=27 27 5 19 2 26
split_gain=0.20211 0.221449 0.183271 0.117528 0.0770807 0.0431885
threshold=0.13089724630117419 0.71688804030418407 4.5036058425903329 0.1972359120845795 5.2788062095642099 -0.36305955052375788
decision_type=2 2 2 2 2 2
left_child=2 3 4 -2 -1 -3
right_child=1 5 -4 -5 -6 -7
leaf_value=0.0052963674326136027 -0.0059054848336399946 0.0028962414151690818 -0.0013079799223315468 0 0 0
leaf_weight=2.7620441530925754 2.3423230433309077 0.3362904104142217 0.45456116071545682 1.5644080989404754 0.10685360103161645 0.1862020329281221
leaf_count=626 4501 20 533 652 36 88
internal_value=0 -0.00256362 0.00278047 -0.00452792 0.00464202 0.00179377
internal_weight=7.75268 4.42922 3.32346 3.90673 2.8689 0.522492
internal_count=6456 5261 1195 5153 662 108
is_linear=0
shrinkage=0.025


Tree=347
num_leaves=7
num_cat=0
split_feature=21 14 12 22 16 20
split_gain=0.284658 0.305026 0.250879 0.078421 0.0229361 0.0165479
threshold=0.016511681489646438 0.42029674351215368 2.8753541707992558 0.71694371104240429 1.3924899101257326 2.78979504108429
decision_type=2 2 2 2 2 2
left_child=4 2 -2 -3 5 -1
right_child=1 3 -4 -5 -6 -7
leaf_value=-0.0040003024666692127 -0.00077706490806570114 -0.0031747936313588163 0.0070540760565438385 0.00050689135702033483 0 0
leaf_weight=1.1502643572730447 0.53302178213925788 1.0939218358307701 3.8173395662870462 1.082682298903819 0.1015379491564089 0.05960420145675005
leaf_count=3114 366 934 1717 160 61 16
internal_value=0.00058898 0.00306976 0.00552371 -0.00139532 -0.00341817 -0.00376608
internal_weight=7.83837 6.52697 4.35036 2.1766 1.31141 1.20987
internal_count=6368 3177 2083 1094 3191 3130
is_linear=0
shrinkage=0.025


Tree=348
num_leaves=7
num_cat=0
split_feature=27 22 5 21 24 21
split_gain=0.337185 0.192596 0.156856 0.107811 0.0757735 0.0174512
threshold=0.13717123866081241 0.74925556778907787 4.75185251235962 0.97451570630073558 0.44895228743553167 1.4306881427764895
decision_type=2 2 2 2 2 2
left_child=2 3 4 -2 -1 -3
right_child=1 5 -4 -5 -6 -7
leaf_value=0.0050826734195148181 -0.0068496746169983804 0.0014319103158530217 -0.0010915083422921013 0 0 0
leaf_weight=2.7844452981480581 2.2634632477365817 1.0029245548466859 0.41216993521629763 0.73935139858804166 0.15925644183153043 0.14448072193044925
leaf_count=423 4841 110 466 144 401 67
internal_value=-0.000683825 -0.00410824 0.00272735 -0.00584497 0.00439931 0.000477422
internal_weight=7.50609 4.15022 3.35587 3.00281 2.9437 1.14741
internal_count=6452 5162 1290 4985 824 177
is_linear=0
shrinkage=0.025


Tree=349
num_leaves=7
num_cat=0
split_feature=26 22 5 9 21 17
split_gain=0.411869 0.333772 0.143353 0.0747066 0.0369083 0.0311576
threshold=-0.99874237179756153 0.74925556778907787 4.75185251235962 0.98877829313278209 0.97451570630073558 0.67053988575935375
decision_type=2 2 2 2 2 2
left_child=2 4 3 -1 -2 -3
right_child=1 5 -4 -5 -6 -7
leaf_value=0 -0.0072657845079838208 0.0022057260766732674 -0.00067371758145952766 0.0054943381159971855 0 0
leaf_weight=0.096326885082817948 2.3579881316600226 1.1702012254681902 0.33381110414484272 2.5253860204611556 0.70330735268362321 0.23678203911185836
leaf_count=31 5204 100 399 486 159 88
internal_value=-0.000507567 -0.00420365 0.00342472 0.00486622 -0.00673233 0.00128297
internal_weight=7.4238 4.46828 2.95552 2.62171 3.0613 1.40698
internal_count=6467 5551 916 517 5363 188
is_linear=0
shrinkage=0.025


end of trees

feature_importances:
Column_21=225
Column_22=214
Column_26=182
Column_27=179
Column_13=173
Column_6=143
Column_24=138
Column_19=94
Column_17=92
Column_5=67
Column_12=61
Column_25=56
Column_23=46
Column_18=45
Column_16=43
Column_14=42
Column_0=36
Column_2=34
Column_15=31
Column_20=31
Column_11=30
Column_7=25
Column_3=16
Column_4=12
Column_9=11
Column_1=8
Column_8=7
Column_29=5
Column_10=2

parameters:
[boosting: gbdt]
[objective: binary]
[metric: binary_logloss]
[tree_learner: serial]
[device_type: cpu]
[data_sample_strategy: bagging]
[data: ]
[valid: ]
[num_iterations: 350]
[learning_rate: 0.025]
[num_leaves: 7]
[num_threads: 4]
[seed: 990007]
[deterministic: 0]
[force_col_wise: 0]
[force_row_wise: 0]
[histogram_pool_size: -1]
[max_depth: 3]
[min_data_in_leaf: 20]
[min_sum_hessian_in_leaf: 0.001]
[bagging_fraction: 0.8]
[pos_bagging_fraction: 1]
[neg_bagging_fraction: 1]
[bagging_freq: 1]
[bagging_seed: 990007]
[bagging_by_query: 0]
[feature_fraction: 0.8]
[feature_fraction_bynode: 1]
[feature_fraction_seed: 990007]
[extra_trees: 0]
[extra_seed: 4643]
[early_stopping_round: 0]
[early_stopping_min_delta: 0]
[first_metric_only: 0]
[max_delta_step: 0]
[lambda_l1: 0.25]
[lambda_l2: 5]
[linear_lambda: 0]
[min_gain_to_split: 0.01]
[drop_rate: 0.1]
[max_drop: 50]
[skip_drop: 0.5]
[xgboost_dart_mode: 0]
[uniform_drop: 0]
[drop_seed: 3]
[top_rate: 0.2]
[other_rate: 0.1]
[min_data_per_group: 100]
[max_cat_threshold: 32]
[cat_l2: 10]
[cat_smooth: 10]
[max_cat_to_onehot: 4]
[top_k: 20]
[monotone_constraints: ]
[monotone_constraints_method: basic]
[monotone_penalty: 0]
[feature_contri: ]
[forcedsplits_filename: ]
[refit_decay_rate: 0.9]
[cegb_tradeoff: 1]
[cegb_penalty_split: 0]
[cegb_penalty_feature_lazy: ]
[cegb_penalty_feature_coupled: ]
[path_smooth: 0]
[interaction_constraints: ]
[verbosity: -1]
[saved_feature_importance_type: 0]
[use_quantized_grad: 0]
[num_grad_quant_bins: 4]
[quant_train_renew_leaf: 0]
[stochastic_rounding: 1]
[linear_tree: 0]
[max_bin: 255]
[max_bin_by_feature: ]
[min_data_in_bin: 3]
[bin_construct_sample_cnt: 200000]
[data_random_seed: 21720]
[is_enable_sparse: 1]
[enable_bundle: 1]
[use_missing: 1]
[zero_as_missing: 0]
[feature_pre_filter: 1]
[pre_partition: 0]
[two_round: 0]
[header: 0]
[label_column: ]
[weight_column: ]
[group_column: ]
[ignore_column: ]
[categorical_feature: ]
[forcedbins_filename: ]
[precise_float_parser: 0]
[parser_config_file: ]
[objective_seed: 17890]
[num_class: 1]
[is_unbalance: 0]
[scale_pos_weight: 1]
[sigmoid: 1]
[boost_from_average: 1]
[reg_sqrt: 0]
[alpha: 0.9]
[fair_c: 1]
[poisson_max_delta_step: 0.7]
[tweedie_variance_power: 1.5]
[lambdarank_truncation_level: 30]
[lambdarank_norm: 1]
[label_gain: ]
[lambdarank_position_bias_regularization: 0]
[eval_at: ]
[multi_error_top_k: 1]
[auc_mu_weights: ]
[num_machines: 1]
[local_listen_port: 12400]
[time_out: 120]
[machine_list_filename: ]
[machines: ]
[gpu_platform_id: -1]
[gpu_device_id: -1]
[gpu_device_id_list: ]
[gpu_use_dp: 0]
[num_gpu: 1]

end of parameters

pandas_categorical:null
