tree
version=v4
num_class=1
num_tree_per_iteration=1
label_index=0
max_feature_idx=29
objective=binary sigmoid:1
feature_names=Column_0 Column_1 Column_2 Column_3 Column_4 Column_5 Column_6 Column_7 Column_8 Column_9 Column_10 Column_11 Column_12 Column_13 Column_14 Column_15 Column_16 Column_17 Column_18 Column_19 Column_20 Column_21 Column_22 Column_23 Column_24 Column_25 Column_26 Column_27 Column_28 Column_29
feature_infos=[-6.155726432800293:9.0144510269165039] [-6.6467714309692383:8.5709085464477539] [-6.9767546653747559:8.3457145690917969] [-7.1843390464782715:11.453814506530762] [-6.7312746047973633:11.272500991821289] [-6.2798919677734375:9.7064008712768555] [-6.0169281959533691:8.8835439682006836] [-2.6984827518463135:7.9252262115478516] [-2.6367926597595215:8.0669078826904297] [-2.3142809867858887:8.1575832366943359] [-3.5542092323303223:8.1528816223144531] [-2.4106979370117188:8.1720266342163086] [-1.9989433288574219:8.3002738952636719] [-2.7962307929992676:8.0967121124267578] [-4.6340794563293457:6.6190872192382812] [-5.1695089340209961:6.7352347373962402] [-10.663614273071289:7.1673679351806641] [-7.7349190711975098:5.917046070098877] [-6.3981161117553711:2.5530338287353516] [-2.5354623794555664:6.6505193710327148] [-10.828666687011719:6.4521923065185547] [-6.526036262512207:5.9869885444641113] [-3.9014616012573242:8.2166194915771484] [-19.253122329711914:26.217466354370117] [-36.426158905029297:16.061655044555664] [-62.643627166748047:24.306415557861328] [-2.397939920425415:0.75535547733306885] [-1.2905910015106201:1.8538972139358521] [1:7] [0:7]
tree_sizes=882 872 877 875 883 855 879 865 876 872 869 894 876 783 869 875 893 878 878 882 787 857 870 880 857 876 878 780 875 769 857 876 877 880 793 868 838 880 869 879 875 858 895 857 856 897 867 877 897 875 878 898 860 876 899 881 881 793 897 880 886 877 879 851 879 901 846 868 792 775 897 879 897 889 880 905 784 899 903 793 896 900 881 906 900 848 900 895 782 871 890 873 876 881 794 870 879 884 889 851 852 883 857 858 895 785 881 900 864 879 893 779 897 879 788 897 896 875 880 891 763 841 858 865 878 877 866 905 897 880 859 850 787 862 871 910 888 883 867 883 873 881 757 907 852 846 756 900 848 883 883 758 762 863 771 838 864 865 895 866 780 852 771 824 890 744 872 882 871 753 904 892 767 785 865 907 754 881 850 845 887 876 780 765 850 743 858 878 869 888 890 847 673 912 855 794 766 892 878 849 863 875 871 766 885 905 846 779 878 880 877 890 887 788 680 882 875 878 887 864 778 760 873 875 852 678 868 886 869 880 702 770 848 867 849 875 873 838 859 858 696 788 860 868 893 855 861 844 870 841 841 851 671 836 856 744 875 891 886 852 866 788 762 888 895 895 860 778 860 757 852 808 893 849 891 701 854 885 883 853 845 901 782 868 914 776 850 876 851 873 845 871 879 850 851 886 900 853 770 794 886 856 777 837 891 848 796 781 877 873 822 899 767 865 890 889 870 779 864 688 826 871 840 874 768 775 890 834 747 873 786 756 864 734 897 849 844 849 871 770 921 858 785 887 865 752 757 888 760 892

Tree=0
num_leaves=7
num_cat=0
split_feature=22 13 21 2 13 27
split_gain=131.991 15.457 13.0383 4.69584 3.27804 0.309117
threshold=0.19259542226791385 2.9714708328247075 0.35335980355739599 1.9419591426849367 4.410999298095704 0.71963703632354747
decision_type=2 2 2 2 2 2
left_child=2 -2 5 -3 -4 -1
right_child=1 3 4 -5 -6 -7
leaf_value=-0.13434661190343539 -0.10666109497474591 -0.097173452756928264 -0.10525497998341278 -0.05330937602014868 -0.082164715696407514 -0.096485247049321085
leaf_weight=26.054059588350359 1.7320171103347117 0.88449059426784771 2.8048424685839555 26.287708862917498 2.51381123973988 0.7974971029907455
leaf_count=4302 360 210 743 530 167 60
internal_value=-0.0952522 -0.0594966 -0.127706 -0.0549991 -0.0938657 -0.133779
internal_weight=61.0744 28.9042 32.1702 27.1722 5.31865 26.8516
internal_count=6372 1100 5272 740 910 4362
is_linear=0
shrinkage=1


Tree=1
num_leaves=7
num_cat=0
split_feature=24 17 6 26 24 16
split_gain=132.226 16.731 14.3177 3.43357 1.20295 0.884528
threshold=-1.1012786030769346 0.89788568019866954 4.1082196235656747 -0.84910276532173146 0.44933010637760168 1.2331889867782595
decision_type=2 2 2 2 2 2
left_child=2 5 3 -1 -3 -2
right_child=1 4 -4 -5 -6 -7
leaf_value=0.041090035579592725 -0.038349994333676432 0.014273099388406433 -0.010931851653106962 0.00062708675315091274 -0.003398626487087825 0
leaf_weight=26.615382478572432 28.829666323610585 2.3710778047097842 1.6677381593035523 1.8597723830025668 0.52811799640767265 0.62540964951040123
leaf_count=457 5039 36 322 472 144 98
internal_value=0.00012812 -0.0325422 0.0350139 0.0391224 0.0101491 -0.0377886
internal_weight=62.4972 32.3543 30.1429 28.4752 2.8992 29.4551
internal_count=6568 5317 1251 929 180 5137
is_linear=0
shrinkage=0.025


Tree=2
num_leaves=7
num_cat=0
split_feature=24 13 3 21 23 21
split_gain=120.359 18.0425 7.24261 5.76692 1.15946 0.985317
threshold=-0.61626639962196339 2.9714708328247075 1.5161441564559939 0.51815551519393932 -5.2398998737335196 1.3932017087936404
decision_type=2 2 2 2 2 2
left_child=1 5 -3 4 -2 -1
right_child=3 2 -4 -5 -6 -7
leaf_value=-0.014648034363685128 0 -0.0043975704114119539 0.039696764405069758 0.00033411316897034865 -0.037061040490687654 0.0021996498176596094
leaf_weight=2.4526312226080367 0.52658253622940421 1.2302336001303071 27.133640670741443 2.4397151256562202 26.736797623685561 0.64981339842779551
leaf_count=516 60 314 674 335 4562 31
internal_value=-0.00023904 0.0314047 0.0372245 -0.0336363 -0.0364505 -0.0111681
internal_weight=61.1694 31.4663 28.3639 29.7031 27.2634 3.10244
internal_count=6492 1535 988 4957 4622 547
is_linear=0
shrinkage=0.025


Tree=3
num_leaves=7
num_cat=0
split_feature=22 6 21 27 23 23
split_gain=124.184 14.5567 7.69064 7.68838 1.25809 0.443298
threshold=0.12387134507298471 4.1082196235656747 0.71307116746902477 0.22361062467098239 -5.2398998737335196 -0.35275702178478235
decision_type=2 2 2 2 2 2
left_child=2 3 4 -2 -1 -4
right_child=1 -3 5 -5 -6 -7
leaf_value=0 0.039514157066299647 -0.011902676448836247 0.00693616384893702 -0.00057488333702459095 -0.038112315738121828 -0.0028132880306084799
leaf_weight=0.51707181840902805 26.628772869589746 1.887866235920227 1.531759822159074 2.8077940480434327 27.142913733609021 0.45748107315739517
leaf_count=63 408 324 88 594 4864 144
internal_value=-0.000566876 0.0316815 -0.0344729 0.0359805 -0.0374897 0.0033912
internal_weight=60.9737 31.3244 29.6492 29.4366 27.66 1.98924
internal_count=6485 1326 5159 1002 4927 232
is_linear=0
shrinkage=0.025


Tree=4
num_leaves=7
num_cat=0
split_feature=22 13 3 19 18 1
split_gain=117.51 14.9381 7.58525 4.19696 1.28316 0.702818
threshold=0.12387134507298471 2.9714708328247075 1.1110550165176394 0.24768940359354022 0.14939824491739276 3.4115360975265507
decision_type=2 2 2 2 2 2
left_child=3 -2 -3 4 -1 -5
right_child=1 2 -4 5 -6 -7
leaf_value=-0.036979870449903841 -0.0096379319744605563 -0.0062796137585312828 0.038438034520548392 0.0060258912795417355 -0.0034779739625167404 -0.0060028940329721241
leaf_weight=24.951847908494535 2.786812313017438 0.91556124220369639 28.12529067567084 1.2053385538165451 2.2969316480448461 0.93695801502326492
leaf_count=4331 441 257 649 70 465 220
internal_value=7.301e-05 0.0311878 0.0361293 -0.0330752 -0.0353267 0
internal_weight=61.2187 31.8277 29.0409 29.3911 27.2488 2.1423
internal_count=6433 1347 906 5086 4796 290
is_linear=0
shrinkage=0.025


Tree=5
num_leaves=7
num_cat=0
split_feature=21 19 13 27 20 12
split_gain=109.79 12.8143 9.49476 3.95832 2.02088 0.925619
threshold=0.39031495153903967 0.64035549759864818 3.0777155160903935 0.31370590627193456 1.5485189557075503 2.4670746326446538
decision_type=2 2 2 2 2 2
left_child=1 4 -2 -4 -1 -3
right_child=2 5 3 -5 -6 -7
leaf_value=-0.036326366997196886 -0.0049174315722069449 -0.0029816239798946668 0.037593362283411091 0 0 0.012433331227943609
leaf_weight=27.282727341924335 2.5230495999567237 0.49594395922031198 25.39493314083666 1.6332461560959917 1.1191146908095095 2.0517199342721142
leaf_count=4712 513 105 487 441 135 58
internal_value=-3.18683e-05 -0.0307031 0.0317043 0.0355521 -0.0351792 0.00861717
internal_weight=60.5007 30.9495 29.5512 27.0282 28.4018 2.54766
internal_count=6451 5010 1441 928 4847 163
is_linear=0
shrinkage=0.025


Tree=6
num_leaves=7
num_cat=0
split_feature=22 13 17 27 18 22
split_gain=108.676 15.5521 9.12752 6.09137 1.15052 0.832052
threshold=0.12387134507298471 2.9714708328247075 0.82269197702407848 0.22361062467098239 0.46435379981994634 -0.099476043134927736
decision_type=2 2 2 2 2 2
left_child=2 -2 4 -3 -1 -4
right_child=1 3 5 -5 -6 -7
leaf_value=-0.035486777495270801 -0.010178070393541697 0.03818021629892962 -0.0036049888286708979 -0.00057726448564658064 0 0.010115164704469722
leaf_weight=26.616076221980627 2.9564959111157796 27.275236284593124 0.57223402132513035 2.2475268164998843 0.49099502008175377 1.6071673423284654
leaf_count=4738 459 351 192 523 139 31
internal_value=0.000819735 0.030273 -0.0313135 0.0353924 -0.0348949 0.00564041
internal_weight=61.7657 32.4793 29.2865 29.5228 27.1071 2.1794
internal_count=6433 1333 5100 874 4877 223
is_linear=0
shrinkage=0.025


Tree=7
num_leaves=7
num_cat=0
split_feature=22 13 17 3 21 22
split_gain=105.654 13.1217 12.2022 2.0803 1.59252 1.05978
threshold=0.19259542226791385 2.9714708328247075 0.82269197702407848 1.1110550165176394 0.97638365626335155 -0.099476043134927736
decision_type=2 2 2 2 2 2
left_child=2 -2 4 -3 -1 -4
right_child=1 3 5 -5 -6 -7
leaf_value=-0.034788660152691095 -0.0097753516132894017 0 -0.0035642553628348452 0.036578188824128555 0.00043835264347414884 0.012397224040342481
leaf_weight=28.461601811519365 2.1987408316927057 1.0098889722721676 0.56833070941502262 26.740159304463305 0.33785273373359714 2.1244977208552873
leaf_count=5073 385 201 187 541 41 43
internal_value=0 0.0310314 -0.0297876 0.0354543 -0.0341868 0.00808897
internal_weight=61.4411 29.9488 31.4923 27.75 28.7995 2.69283
internal_count=6471 1127 5344 742 5114 230
is_linear=0
shrinkage=0.025


Tree=8
num_leaves=7
num_cat=0
split_feature=21 19 6 26 21 21
split_gain=102.111 15.3127 10.411 4.07833 0.793291 0.725581
threshold=0.39031495153903967 0.64035549759864818 3.749136328697205 -0.88302278518676747 0.35335980355739599 -0.50540965795516957
decision_type=2 2 2 2 2 2
left_child=1 4 3 -2 -1 -3
right_child=2 5 -4 -5 -6 -7
leaf_value=-0.034736104438780238 0.036903282312908063 -0.0018579088498824289 -0.0069520518469701302 0.00092553088833956763 0 0.013169092878788266
leaf_weight=27.095455315371517 26.634162379312336 0.36271521536400575 2.3236499070771961 2.7620492784772059 0.64635746576823194 2.6537639064481473
leaf_count=4693 327 69 479 634 123 93
internal_value=0.00132553 -0.028748 0.0306013 0.0343305 -0.0341707 0.0105507
internal_weight=62.4782 30.7583 31.7199 29.3962 27.7418 3.01648
internal_count=6418 4978 1440 961 4816 162
is_linear=0
shrinkage=0.025


Tree=9
num_leaves=7
num_cat=0
split_feature=21 19 6 3 23 21
split_gain=100.866 14.8446 8.60455 2.17813 0.745062 0.734136
threshold=0.48902975022792822 0.64035549759864818 4.1082196235656747 1.1110550165176394 -5.2398998737335196 -0.50540965795516957
decision_type=2 2 2 2 2 2
left_child=1 4 3 -2 -1 -3
right_child=2 5 -4 -5 -6 -7
leaf_value=0 -0.00033953750482727774 -0.001982026313946424 -0.0080324635524931 0.034955331378899342 -0.034420572026268206 0.012846684453487973
leaf_weight=0.63951508403989166 0.67054314457346365 0.37606729578692499 1.2341395049006667 27.439299931924324 27.634485397371463 2.6718288933625436
leaf_count=110 159 71 287 716 5049 107
internal_value=0.000360585 -0.028619 0.0311387 0.0340005 -0.0338823 0.0101458
internal_weight=60.6659 31.3219 29.344 28.1098 28.274 3.0479
internal_count=6499 5337 1162 875 5159 178
is_linear=0
shrinkage=0.025


Tree=10
num_leaves=7
num_cat=0
split_feature=21 22 6 2 17 21
split_gain=93.1772 12.3178 9.79547 3.29533 2.08535 0.543057
threshold=0.41448050737380987 0.85867285728454601 3.3466130495071416 1.5959663391113283 0.56669431924819957 1.1583966612815859
decision_type=2 2 2 2 2 2
left_child=1 4 3 -2 -1 -4
right_child=2 -3 5 -5 -6 -7
leaf_value=-0.033217147886360147 -0.002831961335277763 0.010839969874033897 -0.0094546243814119992 0.034773908817594699 0 0.001717461225664017
leaf_weight=27.369389568979393 0.45504160464043408 2.1029248142149291 1.4968062168918543 26.914520627586171 1.087351626891176 1.1639906520140355
leaf_count=4742 157 54 464 647 277 81
internal_value=0.000628951 -0.0278336 0.0296102 0.0336147 -0.0320712 -0.00582034
internal_weight=60.59 30.5597 30.0304 27.3696 28.4567 2.6608
internal_count=6422 5073 1349 804 5019 545
is_linear=0
shrinkage=0.025


Tree=11
num_leaves=7
num_cat=0
split_feature=22 13 17 2 21 24
split_gain=84.2469 13.6179 9.1933 5.0387 1.38093 0.966791
threshold=0.12387134507298471 2.9714708328247075 0.82269197702407848 1.6219773888587954 0.97638365626335155 0.44933010637760168
decision_type=2 2 2 2 2 2
left_child=2 -2 4 -3 -1 -4
right_child=1 3 5 -5 -6 -7
leaf_value=-0.032323165580144135 -0.011092517257486605 -0.0035290088172599218 0.011068920511953068 0.033982773648898484 0.00035075018552229164 -0.0037705955493806745
leaf_weight=26.20228085806594 2.5784052817034562 1.1341688670218015 1.8554757181555026 27.043188203475438 0.3338343970826817 0.60397737601306278
leaf_count=4877 461 226 29 670 36 191
internal_value=0.000289909 0.0271482 -0.0278178 0.0319802 -0.0317235 0.00650214
internal_weight=59.7513 30.7558 28.9956 28.1774 26.5361 2.45945
internal_count=6490 1357 5133 896 4913 220
is_linear=0
shrinkage=0.025


Tree=12
num_leaves=7
num_cat=0
split_feature=22 17 13 2 24 16
split_gain=88.2021 11.8425 9.40126 2.55562 1.24812 1.01307
threshold=0.19259542226791385 0.82269197702407848 2.9714708328247075 1.5959663391113283 0.44933010637760168 1.2331889867782595
decision_type=2 2 2 2 2 2
left_child=1 5 -2 -4 -3 -1
right_child=2 4 3 -5 -6 -7
leaf_value=-0.032863144380453582 -0.0066934406285877714 0.012688099528311032 -0.00089466339476099166 0.033674010713098966 -0.0041664110519401753 0
leaf_weight=26.552751481824096 2.3154683972243246 2.3881444388534869 0.76473622047342615 26.505212193646003 0.65948649856727559 0.56524197093676676
leaf_count=5023 374 46 161 598 188 85
internal_value=0.000336538 -0.0274769 0.0287486 0.0325225 0.00794169 -0.0322686
internal_weight=59.751 30.1656 29.5854 27.2699 3.04763 27.118
internal_count=6475 5342 1133 759 234 5108
is_linear=0
shrinkage=0.025


Tree=13
num_leaves=6
num_cat=0
split_feature=22 17 6 13 2
split_gain=79.9801 10.4448 8.84816 3.7448 3.05641
threshold=0.21498348563909533 0.52082839608192455 3.9379875659942631 4.410999298095704 1.6219773888587954
decision_type=2 2 2 2 2
left_child=1 -1 4 -3 -2
right_child=2 3 -4 -5 -6
leaf_value=-0.03220761553452485 -0.0028488963867003311 -0.010848891074035508 -0.008883057443694024 0.014429979980029747 0.032626345118002352
leaf_weight=25.625155222718607 0.45866515533999219 1.8777754201437336 1.4326137442840252 2.8859592480002902 24.666429734556004
leaf_count=4633 146 623 291 116 583
internal_value=-0.00093985 -0.026765 0.0279714 0.00337248 0.0314059
internal_weight=56.9466 30.3889 26.5577 4.76373 25.1251
internal_count=6392 5372 1020 739 729
is_linear=0
shrinkage=0.025


Tree=14
num_leaves=7
num_cat=0
split_feature=21 19 6 3 20 13
split_gain=79.533 14.7739 7.22699 2.47658 1.99458 1.16314
threshold=0.48902975022792822 0.53965365886688244 3.3136386871337895 1.1110550165176394 1.5485189557075503 2.9714708328247075
decision_type=2 2 2 2 2 2
left_child=1 4 3 -2 -1 -3
right_child=2 5 -4 -5 -6 -7
leaf_value=-0.032122170402929938 -0.002140873828711822 -0.0031516246812969642 -0.0042511410851858904 0.032614206543748719 0 0.014233037644115116
leaf_weight=26.406508623447742 0.37056242243853077 0.552056058950256 2.3770300315227351 25.785581104282755 1.065139248385093 3.0569062402355485
leaf_count=4943 154 135 461 549 126 89
internal_value=0.000522012 -0.0251855 0.0282911 0.0316567 -0.0309774 0.0105618
internal_weight=59.6138 31.0806 28.5332 26.1561 27.4716 3.60896
internal_count=6457 5293 1164 703 5069 224
is_linear=0
shrinkage=0.025


Tree=15
num_leaves=7
num_cat=0
split_feature=22 21 13 2 27 19
split_gain=78.1552 9.2306 7.61623 2.02595 1.4659 1.11463
threshold=0.21498348563909533 0.41448050737380987 2.9714708328247075 1.5959663391113283 0.10818962752819063 0.64035549759864818
decision_type=2 2 2 2 2 2
left_child=1 5 -2 -4 -3 -1
right_child=2 4 3 -5 -6 -7
leaf_value=-0.031118251313090418 -0.0055211716149182024 0.010097237508474839 -0.0004235560082401912 0.032293350148234888 -0.0057176027400120573 0
leaf_weight=24.694422349391978 2.1060234452015747 2.6190849739359683 0.70640546083450573 25.996416469686665 2.1054192130104639 0.47090408898657088
leaf_count=4506 335 139 145 570 632 59
internal_value=0.000893235 -0.0253277 0.0280053 0.0313004 0.00309072 -0.0304981
internal_weight=58.6987 29.8898 28.8088 26.7028 4.7245 25.1653
internal_count=6386 5336 1050 715 771 4565
is_linear=0
shrinkage=0.025


Tree=16
num_leaves=7
num_cat=0
split_feature=21 24 6 2 23 21
split_gain=76.3825 8.83084 7.54256 3.05448 2.43566 0.64922
threshold=0.41448050737380987 -4.7665493488311759 3.749136328697205 1.6219773888587954 -5.2398998737335196 1.8219149708747866
decision_type=2 2 2 2 2 2
left_child=1 -1 3 -2 -3 -4
right_child=2 4 5 -5 -6 -7
leaf_value=0.0086283283999077347 -0.0029996289164239843 0.0010985551106076229 -0.00956381634069026 0.031503610186054513 -0.030739237526868142 0.0027470841890404954
leaf_weight=1.8102855571196439 0.47913182491902873 0.82805547554744663 1.5630714340368279 26.154826413316187 26.418999198300298 0.59191489371005435
leaf_count=49 159 103 445 748 4958 17
internal_value=0.000270745 -0.0260776 0.0269732 0.0303093 -0.0295575 -0.00575215
internal_weight=57.8463 29.0573 28.7889 26.634 27.2471 2.15499
internal_count=6479 5110 1369 907 5061 462
is_linear=0
shrinkage=0.025


Tree=17
num_leaves=7
num_cat=0
split_feature=22 17 6 26 24 23
split_gain=67.0386 11.761 8.60665 3.08427 1.20577 0.996313
threshold=0.19259542226791385 0.82269197702407848 4.1082196235656747 -0.79731562733650196 0.44933010637760168 -5.2398998737335196
decision_type=2 2 2 2 2 2
left_child=1 5 3 -2 -3 -1
right_child=2 4 -4 -5 -6 -7
leaf_value=0 0.030892003097586797 0.013345220933842192 -0.0092044309314573709 -0.0011778126058543119 -0.0036938165142641755 -0.030196194256030481
leaf_weight=0.51457126712194323 24.303378522861752 2.5865849655237976 1.5534881766652677 1.2222700334969001 0.60348025627899904 25.68516360031208
leaf_count=62 505 42 276 364 195 4991
internal_value=-0.000194729 -0.0245221 0.0257205 0.0292102 0.00907153 -0.029611
internal_weight=56.4689 29.3898 27.0791 25.5256 3.19007 26.1997
internal_count=6435 5290 1145 869 237 5053
is_linear=0
shrinkage=0.025


Tree=18
num_leaves=7
num_cat=0
split_feature=22 13 17 26 16 27
split_gain=73.2739 9.00339 6.41237 3.16954 1.1385 0.594028
threshold=0.19259542226791385 2.9714708328247075 0.82269197702407848 -0.84910276532173146 1.2331889867782595 0.13127718865871432
decision_type=2 2 2 2 2 2
left_child=2 -2 4 -3 -1 -4
right_child=1 3 5 -5 -6 -7
leaf_value=-0.031277809215327051 -0.0084015828147761037 0.031264427818315295 0.0079113604172430727 -0.00043387384571193471 0 -0.0033393421224592076
leaf_weight=25.168420031433932 2.0551331590395447 23.742043603095233 1.6978446482098655 1.5561933489516331 0.4970494179869992 0.5486254171701147
leaf_count=5004 367 336 89 400 78 149
internal_value=-0.00124633 0.0254683 -0.0275081 0.0293584 -0.030647 0.00389297
internal_weight=55.2653 27.3534 27.9119 25.2982 25.6655 2.24647
internal_count=6423 1103 5320 736 5082 238
is_linear=0
shrinkage=0.025


Tree=19
num_leaves=7
num_cat=0
split_feature=21 26 19 13 16 22
split_gain=72.4934 8.73294 6.1051 4.91657 0.830611 0.530733
threshold=0.40063142776489263 -0.88302278518676747 0.64035549759864818 2.2276135683059697 1.2331889867782595 0.79085835814476024
decision_type=2 2 2 2 2 2
left_child=2 3 4 -2 -1 -3
right_child=1 5 -4 -5 -6 -7
leaf_value=-0.030079597999056643 -0.0050245456007633662 -0.0092160120748321778 0.0045161571268331454 0.03145331734684801 0 0.0018045001463406882
leaf_weight=24.858087484026335 0.82022508676164463 1.9854260997381055 1.9876548627507862 25.923644895141479 0.59386114514199917 0.98404037870932359
leaf_count=4780 189 677 156 490 90 107
internal_value=0.000271671 0.0254536 -0.0265244 0.0295225 -0.0294973 -0.00593886
internal_weight=57.1529 29.7133 27.4396 26.7439 25.4519 2.96947
internal_count=6489 1463 5026 679 4870 784
is_linear=0
shrinkage=0.025


Tree=20
num_leaves=6
num_cat=0
split_feature=21 22 24 13 21
split_gain=66.5242 11.3215 4.87675 3.30364 0.364612
threshold=0.23926939815282824 0.03419653698801995 -4.7665493488311759 3.0569137334823613 1.8219149708747866
decision_type=2 2 2 2 2
left_child=2 4 -1 -3 -2
right_child=1 3 -4 -5 -6
leaf_value=0.0047226473592430424 -0.012295113785127683 -0.0015344042827487134 -0.030357064980893272 0.029247775648356445 0.00030051474263950977
leaf_weight=1.0331204184913101 2.376545359788 1.4148916924023094 23.490358937589917 25.958554292737972 0.3533473050338215
leaf_count=38 923 249 4431 777 15
internal_value=-0.000395833 0.0227981 -0.028118 0.0274724 -0.0107164
internal_weight=54.6268 30.1033 24.5235 27.3734 2.72989
internal_count=6433 1964 4469 1026 938
is_linear=0
shrinkage=0.025


Tree=21
num_leaves=7
num_cat=0
split_feature=22 17 13 24 26 27
split_gain=66.8248 8.19757 6.39051 2.62807 1.59247 0.683764
threshold=0.2252064645290375 0.52082839608192455 2.9714708328247075 0.18523017317056659 -0.79731562733650196 0.71963703632354747
decision_type=2 2 2 2 2 2
left_child=1 5 -2 -3 -4 -1
right_child=2 3 4 -5 -6 -7
leaf_value=-0.029991802987408146 -0.0050294838796220475 0.011647710934833017 0.030244075861253928 -0.0094969967257123537 0 0
leaf_weight=23.485076473501984 2.0357510989997563 3.0946098915883331 23.910629143938429 1.706045778119005 1.3137849960476113 0.80108630354516108
leaf_count=4656 331 136 387 625 303 77
internal_value=1.22615e-05 -0.0243026 0.0258957 0.00248416 0.0290175 -0.0293311
internal_weight=56.347 29.0868 27.2602 4.80066 25.2244 24.2862
internal_count=6515 5494 1021 761 690 4733
is_linear=0
shrinkage=0.025


Tree=22
num_leaves=7
num_cat=0
split_feature=24 6 17 26 24 0
split_gain=61.224 10.7819 6.6692 3.96729 0.502578 0.474013
threshold=-0.61626639962196339 3.749136328697205 0.95563554763793956 -0.8848474621772765 0.46449476480484014 3.596867680549622
decision_type=2 2 2 2 2 2
left_child=1 3 -2 -1 -4 -3
right_child=2 5 4 -5 -6 -7
leaf_value=0.029938208789123386 -0.029681996693739818 0.00090680418791967514 0.0085842181229102039 0 -0.0023499167275869808 -0.01246070480383818
leaf_weight=23.529691864678178 23.424054578063082 0.28746786009287406 1.5407716393237922 3.195783046190626 0.42994771368103091 2.3604191152844578
leaf_count=367 4754 7 21 648 116 524
internal_value=-0.00041916 0.0223718 -0.02633 0.0269788 0.00532764 -0.0105482
internal_weight=54.7681 29.3734 25.3948 26.7255 1.97072 2.64789
internal_count=6437 1546 4891 1015 137 531
is_linear=0
shrinkage=0.025


Tree=23
num_leaves=7
num_cat=0
split_feature=21 19 13 3 27 21
split_gain=57.9423 9.32895 7.08836 3.14019 0.847363 0.722635
threshold=0.39031495153903967 0.64035549759864818 3.0777155160903935 1.5161441564559939 0.71963703632354747 1.3932017087936404
decision_type=2 2 2 2 2 2
left_child=1 4 5 -4 -1 -2
right_child=2 -3 3 -5 -6 -7
leaf_value=-0.029529554237109758 -0.0098258384729866411 0.0078563178424405616 -0.0027908615777900783 0.028627864951660122 0 0.0027251413242690052
leaf_weight=23.378647995414219 1.6894828570657439 2.6187402052455573 0.85271446401020767 23.640186298929621 0.72392597165889938 1.0454918651375917
leaf_count=4794 474 160 274 639 69 61
internal_value=-0.000323609 -0.0243809 0.0232118 0.0270344 -0.0288462 -0.00555981
internal_weight=53.9492 26.7213 27.2279 24.4929 24.1026 2.73497
internal_count=6471 5023 1448 913 4863 535
is_linear=0
shrinkage=0.025


Tree=24
num_leaves=7
num_cat=0
split_feature=21 6 24 26 27 21
split_gain=64.4577 8.00586 4.29459 3.1361 0.791089 0.596044
threshold=0.35335980355739599 3.3466130495071416 -5.0789718627929679 -0.84910276532173146 0.71963703632354747 1.8219149708747866
decision_type=2 2 2 2 2 2
left_child=2 3 -1 -2 -4 -3
right_child=1 5 4 -5 -6 -7
leaf_value=0.0042990551559360215 0.029676511077826824 -0.0096208499153918395 -0.029351136500373659 0 0 0.0022625904571940479
leaf_weight=1.0375065632397333 24.098532785021241 2.2036512647173363 23.284780294867236 2.6791515256627454 0.74646354711148788 0.63164116034749884
leaf_count=37 337 622 4765 594 73 23
internal_value=6.90335e-05 0.0234207 -0.0266154 0.0272904 -0.0286759 -0.00642135
internal_weight=54.6817 29.613 25.0688 26.7777 24.0312 2.83529
internal_count=6451 1576 4875 931 4838 645
is_linear=0
shrinkage=0.025


Tree=25
num_leaves=7
num_cat=0
split_feature=22 17 5 4 24 27
split_gain=53.7823 9.06471 4.42458 1.80223 1.62164 0.694227
threshold=0.29636038839817053 0.65049883723258983 4.7341773509979257 0.81183660030365001 0.18523017317056659 0.71963703632354747
decision_type=2 2 2 2 2 2
left_child=1 5 3 -2 -3 -1
right_child=2 4 -4 -5 -6 -7
leaf_value=-0.028517609738104539 -0.0010580976114704286 0.011775726444724653 -0.0055173364979624138 0.027616985271055508 -0.005940112529443934 0
leaf_weight=23.442946634953849 0.62715685489820927 2.8771565821371037 0.93985007965238665 21.347038398729637 1.0073325685807502 0.76271990773966436
leaf_count=5059 172 84 147 509 398 77
internal_value=-0.00132952 -0.0228802 0.0242315 0.0265224 0.00572065 -0.0278776
internal_weight=51.0042 28.0902 22.914 21.9742 3.88449 24.2057
internal_count=6446 5618 828 681 482 5136
is_linear=0
shrinkage=0.025


Tree=26
num_leaves=7
num_cat=0
split_feature=22 17 13 2 24 27
split_gain=55.7039 9.5846 6.03702 2.50141 1.11342 0.699303
threshold=0.21498348563909533 0.82269197702407848 3.0569137334823613 1.5959663391113283 0.44933010637760168 0.71963703632354747
decision_type=2 2 2 2 2 2
left_child=1 5 -2 -4 -3 -1
right_child=2 4 3 -5 -6 -7
leaf_value=-0.028838524204025863 -0.0061410513494709069 0.011829077466640265 -0.0027639694048410559 0.028312791640911567 -0.0039531754030009136 0
leaf_weight=23.14449773658999 1.6882385494536745 2.5417108513065609 0.44428702583536761 22.988806778215803 0.65770580299431447 0.76459401642205094
leaf_count=5084 349 49 146 530 200 77
internal_value=-0.000313899 -0.0232971 0.0240302 0.0271213 0.00739023 -0.0281877
internal_weight=52.2298 27.1085 25.1213 23.4331 3.19942 23.9091
internal_count=6435 5410 1025 676 249 5161
is_linear=0
shrinkage=0.025


Tree=27
num_leaves=6
num_cat=0
split_feature=22 17 13 24 2
split_gain=49.9907 12.7547 5.69018 2.47376 2.06851
threshold=0.27027451992034918 0.56669431924819957 2.5994130373001103 0.44933010637760168 1.5959663391113283
decision_type=2 2 2 2 2
left_child=1 -1 -2 -3 -4
right_child=2 3 4 -5 -6
leaf_value=-0.028483938693864133 -0.0070033538442774539 0.014174011622109312 -0.0022315267281498726 -0.0070822069962287355 0.027563144063164971
leaf_weight=22.395837119081992 1.1996947706211383 4.0396650857292107 0.38063723873347299 1.2591871262411585 22.540275892359205
leaf_count=4890 215 158 105 492 576
internal_value=0 -0.0213044 0.0237348 0.00752991 0.0265335
internal_weight=51.8153 27.6947 24.1206 5.29885 22.9209
internal_count=6436 5540 896 650 681
is_linear=0
shrinkage=0.025


Tree=28
num_leaves=7
num_cat=0
split_feature=22 17 13 3 23 24
split_gain=51.3122 7.06374 6.26125 3.1095 0.873329 0.865859
threshold=0.19259542226791385 0.82269197702407848 3.0569137334823613 1.1110550165176394 -5.2398998737335196 0.44933010637760168
decision_type=2 2 2 2 2 2
left_child=1 4 -2 -4 -1 -3
right_child=2 5 3 -5 -6 -7
leaf_value=0 -0.0059033532434795092 0.010081260020934357 -0.0038182074693419842 0.027363820200953726 -0.027438515841341684 -0.003698062525966302
leaf_weight=0.54521409119479969 2.2325231417198692 2.0658359657973047 0.56311468285275879 23.26711157488171 23.076575491810217 0.62416110263438884
leaf_count=75 390 45 199 536 5081 202
internal_value=-0.000243529 -0.0229077 0.0224403 0.0258758 -0.0268228 0.00574565
internal_weight=52.3745 26.3118 26.0627 23.8302 23.6218 2.69
internal_count=6528 5403 1125 735 5156 247
is_linear=0
shrinkage=0.025


Tree=29
num_leaves=6
num_cat=0
split_feature=21 24 13 26 23
split_gain=50.8356 7.42257 4.86668 2.87735 1.91489
threshold=0.48902975022792822 -4.7665493488311759 2.2276135683059697 -0.8848474621772765 -5.2398998737335196
decision_type=2 2 2 2 2
left_child=1 -1 -2 -4 -3
right_child=2 4 3 -5 -6
leaf_value=0.0083757584430043438 -0.0063719970584933091 0.00082991157327638959 0.027792828041115832 0 -0.026919555887946617
leaf_weight=1.9042925406829478 1.0586337593849773 0.87555785389850171 22.112043469736822 2.5332184366998254 23.664236693351995
leaf_count=48 222 117 392 557 5147
internal_value=0.000101809 -0.022148 0.023075 0.0254121 -0.025745
internal_weight=52.148 26.4441 25.7039 24.6453 24.5398
internal_count=6483 5312 1171 949 5264
is_linear=0
shrinkage=0.025


Tree=30
num_leaves=7
num_cat=0
split_feature=22 6 21 19 3 27
split_gain=49.4126 6.25937 4.50143 2.09707 1.80023 0.0828316
threshold=0.19259542226791385 4.1082196235656747 0.97638365626335155 0.33523818850517279 1.1110550165176394 0.0856960564851761
decision_type=2 2 2 2 2 2
left_child=2 4 3 -1 -2 -4
right_child=1 -3 5 -5 -6 -7
leaf_value=-0.027755281929199533 -0.00097961392260867398 -0.0079755826821247718 0.0052893052229246243 0 0.026343731821139933 0
leaf_weight=21.924880496342674 0.76307334116427838 1.4238162249093864 1.0193526456714597 1.4412299383548077 22.134101210336667 0.60098326654406253
leaf_count=5018 199 289 25 206 623 88
internal_value=-0.00104398 0.0220127 -0.0236233 -0.0261727 0.0251967 0.00419729
internal_weight=49.3074 24.321 24.9864 23.3661 22.8972 1.62034
internal_count=6448 1111 5337 5224 822 113
is_linear=0
shrinkage=0.025


Tree=31
num_leaves=7
num_cat=0
split_feature=21 19 6 23 26 6
split_gain=44.3194 7.15654 5.85432 2.08842 1.7349 0.620534
threshold=0.48902975022792822 0.64035549759864818 4.1082196235656747 -5.2398998737335196 -0.84910276532173146 3.2183290719985966
decision_type=2 2 2 2 2 2
left_child=1 3 4 -1 -2 -3
right_child=2 5 -4 -5 -6 -7
leaf_value=0.0013589389249893044 0.026582951542893224 0.010001892862928165 -0.0077741975074401143 -0.026786973116613134 0 -0.0023834504684147181
leaf_weight=0.81172990857158467 20.362728845502719 2.0866212265682402 1.3091547094518308 22.271995570452418 2.0426304581342292 0.47082672949181859
leaf_count=111 385 41 297 4992 469 130
internal_value=-0.000520382 -0.0214922 0.0217315 -0.025509 0.0247875 0.0068264
internal_weight=49.3557 25.6412 23.7145 23.0837 22.4054 2.55745
internal_count=6425 5274 1151 5103 854 171
is_linear=0
shrinkage=0.025


Tree=32
num_leaves=7
num_cat=0
split_feature=21 19 6 2 27 18
split_gain=45.3877 8.54507 6.62247 2.75099 0.879464 0.480634
threshold=0.39031495153903967 0.64035549759864818 3.3466130495071416 1.5959663391113283 0.71963703632354747 0.53859758377075206
decision_type=2 2 2 2 2 2
left_child=1 4 3 -2 -1 -4
right_child=2 -3 5 -5 -6 -7
leaf_value=-0.027119987571429256 -0.0034273547575523716 0.0079786770193272048 -0.0092445168314635711 0.026343225097550917 0 0.0014371027191242064
leaf_weight=21.208726492885042 0.5435314096394056 2.756187275692354 1.6242353260749944 23.854188690835144 0.67410784313687955 1.0687391810934057
leaf_count=4854 179 165 428 680 66 147
internal_value=0.000611758 -0.0216401 0.0212631 0.0249973 -0.0263933 -0.00601412
internal_weight=51.7297 24.639 27.0907 24.3977 21.8828 2.69297
internal_count=6519 5085 1434 859 4920 575
is_linear=0
shrinkage=0.025


Tree=33
num_leaves=7
num_cat=0
split_feature=22 13 21 26 27 21
split_gain=46.7195 5.22669 4.03604 2.00014 0.707589 0.419896
threshold=0.2252064645290375 2.9714708328247075 0.97638365626335155 -0.80711084604263295 0.71963703632354747 1.3932017087936404
decision_type=2 2 2 2 2 2
left_child=2 5 4 -3 -1 -2
right_child=1 3 -4 -5 -6 -7
leaf_value=-0.025932455708644154 -0.0080891430275913563 0.026489441359777783 0.0036867291441715177 -0.00076402818871233876 0 0.0018527874417023354
leaf_weight=21.970580207475003 1.4460128559148899 21.056023247598212 1.652189750864635 1.0335038888733787 0.72509180166525666 0.60955987841589365
leaf_count=5187 311 367 125 309 79 22
internal_value=-0.000475456 0.0218768 -0.0228052 0.0250779 -0.0252768 -0.0050314
internal_weight=48.493 24.1451 24.3479 22.0895 22.6957 2.05557
internal_count=6400 1009 5391 676 5266 333
is_linear=0
shrinkage=0.025


Tree=34
num_leaves=6
num_cat=0
split_feature=21 26 6 24 24
split_gain=40.3074 8.98918 5.98802 2.65822 0.969938
threshold=0.18274159729480746 -0.88302278518676747 4.1082196235656747 -5.9168388843536368 -3.682715535163879
decision_type=2 2 2 2 2
left_child=3 2 -2 -1 -3
right_child=1 4 -4 -5 -6
leaf_value=0.0028680169283103376 0.026573295643542539 0.0025052374087788584 -0.0061272324918804546 -0.026369664179874831 -0.01217218407887085
leaf_weight=0.70408117456827568 21.032800311630133 1.2341718468815113 1.7988489661947813 19.40455281722825 2.9526881583151372
leaf_count=15 564 129 444 4217 1104
internal_value=-0.000997461 0.0175738 0.0231344 -0.0247298 -0.0081566
internal_weight=47.1271 27.0185 22.8316 20.1086 4.18686
internal_count=6473 2241 1008 4232 1233
is_linear=0
shrinkage=0.025


Tree=35
num_leaves=7
num_cat=0
split_feature=22 6 26 17 21 4
split_gain=40.2789 7.41134 2.72581 1.575 0.914287 0.239228
threshold=0.13684681802988055 3.5591710805892949 -0.8848474621772765 0.89788568019866954 0.97638365626335155 2.8261575698852544
decision_type=2 2 2 2 2 2
left_child=3 2 -2 4 -1 -5
right_child=1 -3 -4 5 -6 -7
leaf_value=-0.025438721484369015 0.025888096681245261 -0.009062041189727461 0 0.0039264038674327343 0.00015182754554969135 -0.0032986022425069723
leaf_weight=20.510782239260159 19.023983950901318 2.2592227307031854 2.5832597421249366 0.76471558591583633 0.34255792683688824 0.57359142327914014
leaf_count=4956 270 466 545 29 38 140
internal_value=-0.00165518 0.0189455 0.0232615 -0.0234503 -0.0248285 0
internal_weight=46.0581 23.8665 21.6072 22.1916 20.8533 1.33831
internal_count=6444 1281 815 5163 4994 169
is_linear=0
shrinkage=0.025


Tree=36
num_leaves=7
num_cat=0
split_feature=21 13 24 26 26 21
split_gain=39.2359 9.20155 5.03487 3.94611 0.877428 0.272393
threshold=0.23926939815282824 3.0569137334823613 -4.7665493488311759 -0.88302278518676747 -0.39548355340957636 1.8219149708747866
decision_type=2 2 2 2 2 2
left_child=2 5 -1 -3 -4 -2
right_child=1 3 4 -5 -6 -7
leaf_value=0.0060294613660446666 -0.011762569535006484 0.026724488439140215 -0.025976304238314565 0 0 0
leaf_weight=1.4116329084499764 2.3657577090780282 21.562601514859132 19.298342398600656 3.5553815743769475 0.66359108570031722 0.39431198267266143
leaf_count=36 714 418 4399 831 68 25
internal_value=0.000503918 0.0187855 -0.022145 0.0234094 -0.0251965 -0.0104589
internal_weight=49.2516 27.8781 21.3736 25.118 19.9619 2.76007
internal_count=6491 1988 4503 1249 4467 739
is_linear=0
shrinkage=0.025


Tree=37
num_leaves=7
num_cat=0
split_feature=21 22 24 26 27 18
split_gain=39.8826 7.98812 4.01586 3.30853 0.842943 0.343175
threshold=0.22174268960952762 0.03419653698801995 -4.7665493488311759 -0.84910276532173146 0.71963703632354747 0.53859758377075206
decision_type=2 2 2 2 2 2
left_child=2 5 -1 -3 -4 -2
right_child=1 3 4 -5 -6 -7
leaf_value=0.004829914178627083 -0.010888618584722433 0.025420334814523379 -0.025707618715300008 -0.00091458583489576145 0 0.00050952860355439015
leaf_weight=1.1802661001565891 2.2734280172153407 23.67996538680746 18.838010045292325 2.4440754182869524 0.67268233024515112 0.32442298048408691
leaf_count=34 920 562 4309 539 64 64
internal_value=0.00107393 0.0189643 -0.0223746 0.0230046 -0.0249249 -0.00924401
internal_weight=49.4129 28.7219 20.691 26.124 19.5107 2.59785
internal_count=6492 2085 4407 1101 4373 984
is_linear=0
shrinkage=0.025


Tree=38
num_leaves=7
num_cat=0
split_feature=21 6 19 26 27 21
split_gain=37.8898 5.90292 5.13842 3.39933 0.723232 0.472124
threshold=0.35335980355739599 3.3466130495071416 0.64035549759864818 -0.79731562733650196 0.71963703632354747 1.8219149708747866
decision_type=2 2 2 2 2 2
left_child=2 3 4 -2 -1 -3
right_child=1 5 -4 -5 -6 -7
leaf_value=-0.025623446103188865 0.025554586435395744 -0.0087444513922865872 0.0050564140696473317 -0.002914923460380893 0 0.001833520201992555
leaf_weight=19.286791751976132 20.594194845063619 2.0649692157167006 2.0429427156341253 1.4283329409663554 0.72758575371699308 0.65541383781237517
leaf_count=4666 439 590 161 494 72 27
internal_value=0 0.0194215 -0.0214613 0.0232791 -0.0248876 -0.00584945
internal_weight=46.8002 24.7429 22.0573 22.0225 20.0144 2.72038
internal_count=6449 1550 4899 933 4738 617
is_linear=0
shrinkage=0.025


Tree=39
num_leaves=7
num_cat=0
split_feature=22 17 5 26 23 12
split_gain=37.0937 5.42506 4.13099 2.60284 0.758279 0.66247
threshold=0.21498348563909533 0.89788568019866954 4.7341773509979257 -0.89594742655754078 -5.2398998737335196 2.998899102210999
decision_type=2 2 2 2 2 2
left_child=1 4 3 -2 -1 -3
right_child=2 5 -4 -5 -6 -7
leaf_value=0 0.025307260696296314 -0.0031091454763368994 -0.0059656249274578493 -0.00014920364598967743 -0.024404542333555771 0.0090033595279311648
leaf_weight=0.52578750002431363 19.702602346253119 0.55571210704510976 1.0852969592087891 2.1895771867129978 20.211378836247604 1.9591147098690269
leaf_count=84 351 116 185 506 5130 72
internal_value=5.16512e-05 -0.0200476 0.0205623 0.0229744 -0.0237697 0.00520729
internal_weight=46.2295 23.252 22.9775 21.8922 20.7372 2.51483
internal_count=6444 5402 1042 857 5214 188
is_linear=0
shrinkage=0.025


Tree=40
num_leaves=7
num_cat=0
split_feature=21 26 6 24 24 27
split_gain=36.3932 7.2994 4.93241 3.04601 1.13184 0.875758
threshold=0.22174268960952762 -0.88302278518676747 4.1082196235656747 -5.9168388843536368 -4.4468402862548819 0.71963703632354747
decision_type=2 2 2 2 2 2
left_child=3 2 -2 -1 -3 -5
right_child=1 4 -4 5 -6 -7
leaf_value=0.0037974887626437848 0.025701422169692859 0.003924290649595207 -0.0051716948665278088 -0.025028120403879719 -0.011344329543351682 0
leaf_weight=0.9113301665638599 22.094627037993639 1.0417716875672369 1.6063989330432367 17.897470641764816 2.7089158879243733 0.63588444824563239
leaf_count=15 541 77 410 4301 1026 61
internal_value=0.000864592 0.018249 0.0228547 -0.0221354 -0.00657009 -0.024212
internal_weight=46.8964 27.4517 23.701 19.4447 3.75069 18.5334
internal_count=6431 2054 951 4377 1103 4362
is_linear=0
shrinkage=0.025


Tree=41
num_leaves=7
num_cat=0
split_feature=24 6 17 26 27 6
split_gain=31.7233 7.06564 3.95595 2.69911 0.768401 0.574157
threshold=-0.61626639962196339 3.9379875659942631 0.82269197702407848 -0.8848474621772765 0.71963703632354747 3.2919523715972905
decision_type=2 2 2 2 2 2
left_child=1 3 4 -1 -2 -4
right_child=2 -3 5 -5 -6 -7
leaf_value=0.024617018799392036 -0.024620451488063813 -0.0099305484851736261 0.0075873644813871065 0 0 -0.0034070851633438747
leaf_weight=18.845600478816781 17.539503802108818 1.983664994011632 1.5131831339676858 3.3141553068999228 0.68126676988322188 0.61005217942874868
leaf_count=385 4608 458 60 673 71 171
internal_value=-7.1638e-05 0.0176084 -0.0206347 0.0216781 -0.0238265 0.00337683
internal_weight=44.4874 24.1434 20.344 22.1598 18.2208 2.12324
internal_count=6426 1516 4910 1058 4679 231
is_linear=0
shrinkage=0.025


Tree=42
num_leaves=7
num_cat=0
split_feature=21 19 6 20 3 12
split_gain=33.4389 6.80387 5.27733 1.65072 1.64409 0.740981
threshold=0.48902975022792822 0.53965365886688244 3.3466130495071416 1.5485189557075503 1.1845307350158694 2.4670746326446538
decision_type=2 2 2 2 2 2
left_child=1 3 4 -1 -2 -3
right_child=2 5 -4 -5 -6 -7
leaf_value=-0.024264229961280425 -0.001400654526813631 -0.0028080341700832301 -0.0059489715358799974 0.00080416599908696433 0.024590584248204383 0.010354020751175502
leaf_weight=19.18461828556611 0.58707159879850834 0.57077237882185672 2.0120149079593821 0.91316722024930541 20.929340455855709 2.5350512001896277
leaf_count=4923 176 140 462 122 537 106
internal_value=0.00108032 -0.0182048 0.0201756 -0.0229429 0.0235153 0.00692405
internal_weight=46.732 23.2036 23.5284 20.0978 21.5164 3.10582
internal_count=6466 5291 1175 5045 713 246
is_linear=0
shrinkage=0.025


Tree=43
num_leaves=7
num_cat=0
split_feature=24 17 6 24 4 27
split_gain=32.205 7.80193 3.50832 1.72097 0.842734 0.739436
threshold=-1.6646800041198728 0.56669431924819957 4.1082196235656747 0.44933010637760168 0.90385591983795177 0.71963703632354747
decision_type=2 2 2 2 2 2
left_child=2 5 4 -3 -1 -2
right_child=1 3 -4 -5 -6 -7
leaf_value=0 -0.025062196426483038 0.011472948451678171 -0.0051699885025140169 -0.0062585817138712321 0.023564901847695403 0
leaf_weight=0.79273450118490174 18.544519698451047 3.494513066369108 0.95123156084446137 1.1846270172973161 18.333801227097865 0.7101166236679991
leaf_count=154 4874 149 221 512 485 76
internal_value=-0.000282708 -0.0183428 0.0203615 0.00542405 0.0226986 -0.0243037
internal_weight=44.0115 23.9338 20.0778 4.67914 19.1265 19.2546
internal_count=6471 5611 860 661 639 4950
is_linear=0
shrinkage=0.025


Tree=44
num_leaves=7
num_cat=0
split_feature=21 19 12 26 27 5
split_gain=33.4236 4.45336 4.39655 2.31391 0.778728 0.332336
threshold=0.39031495153903967 0.64035549759864818 2.880744576454163 -0.88302278518676747 0.71963703632354747 4.7591853141784677
decision_type=2 2 2 2 2 2
left_child=1 4 -2 -4 -1 -3
right_child=2 5 3 -5 -6 -7
leaf_value=-0.024585204867543745 -0.0061027890082209187 0.0070991648763014991 0.02405491500439021 0 0 -0.0017104654676607109
leaf_weight=18.067224102676853 1.5994636612013007 1.6021638129604969 19.239032959099863 3.1786340589169404 0.67326711566420172 0.39565095660509531
leaf_count=4781 274 71 468 711 68 95
internal_value=0.000139658 -0.020497 0.0186358 0.0214198 -0.0238073 0.0044858
internal_weight=44.7554 20.7383 24.0171 22.4177 18.7405 1.99781
internal_count=6468 5015 1453 1179 4849 166
is_linear=0
shrinkage=0.025


Tree=45
num_leaves=7
num_cat=0
split_feature=21 24 6 27 17 21
split_gain=29.8156 5.5324 5.26363 2.60709 1.02743 0.475576
threshold=0.35335980355739599 -4.7665493488311759 3.3466130495071416 0.31370590627193456 0.82269197702407848 1.8219149708747866
decision_type=2 2 2 2 2 2
left_child=1 -1 3 -2 -3 -4
right_child=2 4 5 -5 -6 -7
leaf_value=0.0073519239543976614 0.024043094081152613 -0.023530880678808853 -0.0086260756536036456 -0.0015356436596436597 0.00070541213232179413 0.0019388271610997218
leaf_weight=1.7523052592878254 19.546078787127051 18.231314022064911 2.0165742797544222 1.6292907188180823 0.32836845912970503 0.62734874396119256
leaf_count=38 449 4755 600 481 47 24
internal_value=0.000755451 -0.0189931 0.0181864 0.0219188 -0.0227781 -0.00567314
internal_weight=44.1313 20.312 23.8193 21.1754 18.5597 2.64392
internal_count=6394 4840 1554 930 4802 624
is_linear=0
shrinkage=0.025


Tree=46
num_leaves=7
num_cat=0
split_feature=22 6 2 19 27 13
split_gain=33.2235 4.34294 2.02529 1.54234 0.62381 0.276914
threshold=0.2252064645290375 4.1082196235656747 1.5959663391113283 0.33523818850517279 0.71963703632354747 4.4615802764892587
decision_type=2 2 2 2 2 2
left_child=3 2 -2 4 -1 -5
right_child=1 -3 -4 5 -6 -7
leaf_value=-0.022021594929920403 -0.0028569902308413207 -0.0064761064886500186 0.023295001184323039 -0.0033434556289152692 0 0.0042819758114568491
leaf_weight=19.252677381969995 0.45027480862336844 1.2226754270959634 20.857712624536362 0.76405349167180137 0.68237792677245934 0.92497853981330991
leaf_count=5169 132 259 661 221 69 17
internal_value=2.72941e-05 0.019396 0.0220668 -0.0197713 -0.0213552 0
internal_weight=44.1548 22.5307 21.308 21.6241 19.9351 1.68903
internal_count=6528 1052 793 5476 5238 238
is_linear=0
shrinkage=0.025


Tree=47
num_leaves=7
num_cat=0
split_feature=22 17 13 26 13 16
split_gain=27.4574 6.26782 4.08389 1.74815 0.885649 0.866126
threshold=0.2427627965807915 0.89788568019866954 2.9714708328247075 -0.84910276532173146 3.5661458969116215 1.2331889867782595
decision_type=2 2 2 2 2 2
left_child=1 5 -2 -4 -3 -1
right_child=2 4 3 -5 -6 -7
leaf_value=-0.023814585154188658 -0.0056894517876710854 -0.0035899130491666128 0.023077254524012172 -0.0010938060917516689 0.01038342573875576 0
leaf_weight=18.066368018713554 1.5449036020436349 0.62611848709639106 16.915789163438607 1.0346862064907316 2.3734739431529306 0.49702279455959697
leaf_count=5140 307 165 311 334 31 95
internal_value=-0.000685235 -0.0183424 0.0183471 0.0214769 0.00626465 -0.0230694
internal_weight=41.0584 21.563 19.4954 17.9505 2.99959 18.5634
internal_count=6383 5431 952 645 196 5235
is_linear=0
shrinkage=0.025


Tree=48
num_leaves=7
num_cat=0
split_feature=24 6 17 26 13 24
split_gain=26.834 6.0365 3.47353 3.36698 0.891851 0.515237
threshold=-0.61626639962196339 4.1082196235656747 0.82269197702407848 -0.89323863387107838 5.4696323871612558 0.44933010637760168
decision_type=2 2 2 2 2 2
left_child=1 3 4 -1 -2 -4
right_child=2 -3 5 -5 -6 -7
leaf_value=0.023793310988550809 -0.02312975388814207 -0.0090360080274739085 0.0074134934352851067 -0.00074078139607888359 -4.3621192115099397e-05 -0.003062372916759825
leaf_weight=19.59786494233413 15.299148143851204 1.8416444447357196 1.5095697538927191 3.1634604981518377 1.6987135390227184 0.56907641200814385
leaf_count=441 4341 402 26 716 329 188
internal_value=0.00110506 0.0170556 -0.0184766 0.020639 -0.021641 0.00352526
internal_weight=43.6795 24.603 19.0765 22.7613 16.9979 2.07865
internal_count=6443 1559 4884 1157 4670 214
is_linear=0
shrinkage=0.025


Tree=49
num_leaves=7
num_cat=0
split_feature=21 22 6 2 5 21
split_gain=29.3062 3.85621 3.75929 1.5349 1.26867 0.319286
threshold=0.48902975022792822 0.75381013751029979 3.3136386871337895 1.5959663391113283 -0.17676284909248349 1.8219149708747866
decision_type=2 2 2 2 2 2
left_child=1 4 3 -2 -1 -4
right_child=2 -3 5 -5 -6 -7
leaf_value=0 -0.0020179246328515311 0.0050042173067233854 -0.0066227716041068162 0.022815719851604074 -0.023239405273302816 0.0017211491914279114
leaf_weight=1.258411882299703 0.35610087087844178 1.5647357400739554 1.5332937397179187 18.797542647953378 17.499069190700538 0.64891535841161374
leaf_count=156 127 82 429 600 5046 24
internal_value=0.000123089 -0.0189699 0.0186952 0.0217731 -0.0218652 -0.00380049
internal_weight=41.6581 20.3222 21.3359 19.1536 18.7575 2.18221
internal_count=6464 5284 1180 727 5202 453
is_linear=0
shrinkage=0.025


Tree=50
num_leaves=7
num_cat=0
split_feature=22 17 6 26 16 5
split_gain=24.1901 5.04543 4.05241 2.265 0.796602 0.699637
threshold=0.21498348563909533 0.82269197702407848 4.1082196235656747 -0.79731562733650196 1.2331889867782595 4.014458656311036
decision_type=2 2 2 2 2 2
left_child=1 4 3 -2 -1 -3
right_child=2 5 -4 -5 -6 -7
leaf_value=-0.022194435245981206 0.022116744830942656 0.0092906883726647811 -0.0066583411379790743 -0.0029177149378019941 0 -0.0031443573220061045
leaf_weight=17.780207381234511 17.371281728235775 2.1586928488686676 1.2758126190165047 0.84068036632379772 0.49133873917162318 0.57927528681466345
leaf_count=5077 458 122 259 323 89 133
internal_value=-0.000459019 -0.0173239 0.0172924 0.0203123 -0.0214662 0.00552031
internal_weight=40.4973 21.0095 19.4878 18.212 18.2715 2.73797
internal_count=6461 5421 1040 781 5166 255
is_linear=0
shrinkage=0.025


Tree=51
num_leaves=7
num_cat=0
split_feature=24 13 26 19 21 21
split_gain=26.0289 4.8019 4.14903 3.18963 0.464747 0.425722
threshold=-0.61626639962196339 2.9714708328247075 -0.84910276532173146 0.24768940359354022 0.23926939815282824 1.3932017087936404
decision_type=2 2 2 2 2 2
left_child=1 5 -3 -2 -5 -1
right_child=3 2 -4 4 -6 -7
leaf_value=-0.0089358253024253674 -0.022593029984558376 0.023055197776709321 -0.0048955479443039268 -0.0030737385716166415 0.0067083018856628615 0.0014991817319764363
leaf_weight=1.819452267984164 15.765540852560664 19.00725199942827 1.6460717308800621 0.75437640093150493 1.311465362930903 0.56332069303607557
leaf_count=500 4572 449 560 261 41 25
internal_value=0.00024754 0.0164826 0.0200639 -0.019469 0.00260433 -0.00627772
internal_weight=40.8675 23.0361 20.6533 17.8314 2.06584 2.38277
internal_count=6408 1534 1009 4874 302 525
is_linear=0
shrinkage=0.025


Tree=52
num_leaves=7
num_cat=0
split_feature=22 13 27 27 17 22
split_gain=23.2588 6.86793 5.91158 0.751302 0.748018 0.281736
threshold=0.03419653698801995 2.9714708328247075 0.22361062467098239 0.71963703632354747 1.0143367052078249 1.7446113824844363
decision_type=2 2 2 2 2 2
left_child=3 5 -3 4 -1 -2
right_child=1 2 -4 -5 -6 -7
leaf_value=-0.022243967064322551 -0.011237911177476283 0.023310686478257809 -0.0055719452840196299 0 0 0.00014027485742446402
leaf_weight=13.927149528521108 2.5075273003603828 19.065707926929466 2.9755712198675601 0.60665222263196561 0.83914826094405803 0.24758651066804294
leaf_count=4420 584 427 845 68 105 5
internal_value=0.000133849 0.0143194 0.0188711 -0.0203392 -0.0212164 -0.0099783
internal_weight=40.1693 24.7964 22.0413 15.373 14.7663 2.75511
internal_count=6454 1861 1272 4593 4525 589
is_linear=0
shrinkage=0.025


Tree=53
num_leaves=7
num_cat=0
split_feature=21 19 26 13 26 5
split_gain=23.0874 5.33171 4.7581 2.9339 0.831853 0.414054
threshold=0.35335980355739599 0.64035549759864818 -0.88302278518676747 2.2276135683059697 -0.39548355340957636 4.7591853141784677
decision_type=2 2 2 2 2 2
left_child=1 4 3 -2 -1 -3
right_child=2 5 -4 -5 -6 -7
leaf_value=-0.02279598878448565 -0.0042586093205511585 0.008725119550533858 -0.0049817110451434374 0.022662316706328955 0 -0.0016028190445639405
leaf_weight=15.410091406141877 0.82470699935220793 2.1017468154896046 3.0767284287721841 18.185019235592335 0.61406735907076004 0.39142805919982482
leaf_count=4638 201 72 860 530 70 95
internal_value=0.000755661 -0.0173138 0.0165354 0.0205905 -0.0219032 0.006282
internal_weight=40.6038 18.5173 22.0865 19.0097 16.0242 2.49317
internal_count=6466 4875 1591 731 4708 167
is_linear=0
shrinkage=0.025


Tree=54
num_leaves=7
num_cat=0
split_feature=22 6 26 17 0 24
split_gain=23.8527 6.14091 4.82933 1.65929 0.302397 0.143461
threshold=0.03419653698801995 3.3466130495071416 -0.88302278518676747 1.0143367052078249 3.596867680549622 0.44933010637760168
decision_type=2 2 2 2 2 2
left_child=3 2 -2 -1 -3 -5
right_child=1 4 -4 5 -6 -7
leaf_value=-0.022270062436641952 0.023239323481666248 0.00058240844834337271 -0.0028873003861351913 0.003741862566218176 -0.0096033405903633347 -0.0016959962473469829
leaf_weight=14.257819912687408 18.401730593788677 0.27952183378511053 3.6951830474717999 0.7305578019004304 2.8820832087658346 0.37700783653417602
leaf_count=4545 327 14 824 10 687 100
internal_value=0.000374059 0.0145369 0.018913 -0.0204538 -0.00813192 0.000994435
internal_weight=40.6239 25.2585 22.0969 15.3654 3.16161 1.10757
internal_count=6507 1852 1151 4655 701 110
is_linear=0
shrinkage=0.025


Tree=55
num_leaves=7
num_cat=0
split_feature=22 17 13 2 27 22
split_gain=23.064 4.58351 3.29944 1.74366 0.740554 0.434123
threshold=0.21498348563909533 0.95563554763793956 2.9714708328247075 1.5959663391113283 0.71963703632354747 -0.099476043134927736
decision_type=2 2 2 2 2 2
left_child=1 4 -2 -4 -1 -3
right_child=2 5 3 -5 -6 -7
leaf_value=-0.022446662501416279 -0.0042702808466224028 -0.0020384103551660399 -0.0027196600951269368 0.021232489456510344 0 0.0080924265636485235
leaf_weight=16.409491601196358 1.8861595165799396 0.4152370014926422 0.43873753643129276 16.62800921802409 0.64861922367708658 1.9134814036660817
leaf_count=5199 321 125 137 561 73 32
internal_value=-0.000543147 -0.0177271 0.0168046 0.0198568 -0.0216346 0.00527491
internal_weight=38.3397 19.3868 18.9529 17.0667 17.0581 2.32872
internal_count=6448 5429 1019 698 5272 157
is_linear=0
shrinkage=0.025


Tree=56
num_leaves=7
num_cat=0
split_feature=22 13 26 17 27 18
split_gain=20.5269 5.45803 4.4915 1.48491 0.750101 0.290495
threshold=0.03419653698801995 2.9714708328247075 -0.88302278518676747 1.0143367052078249 0.71963703632354747 0.67158186435699474
decision_type=2 2 2 2 2 2
left_child=3 5 -3 4 -1 -2
right_child=1 2 -4 -5 -6 -7
leaf_value=-0.021629128015938193 -0.0097145877693907874 0.022474756614698832 -0.002762014213119239 0.0010100378918273297 0 0.00013892741978196072
leaf_weight=13.300779768091157 2.1185469093616152 17.429585859179504 3.707569348509419 1.0998881777632039 0.62606563989538777 0.74736941439914506
leaf_count=4390 508 408 839 115 70 79
internal_value=0.000459639 0.0139793 0.0181274 -0.0189225 -0.0206779 -0.00789549
internal_weight=39.0298 24.0031 21.1372 15.0267 13.9268 2.86592
internal_count=6409 1834 1247 4575 4460 587
is_linear=0
shrinkage=0.025


Tree=57
num_leaves=6
num_cat=0
split_feature=21 26 24 13 24
split_gain=22.5345 5.26209 2.80654 2.63767 0.940034
threshold=0.22174268960952762 -0.93163728713989247 -4.7665493488311759 2.2276135683059697 -3.682715535163879
decision_type=2 2 2 2 2
left_child=2 3 -1 -2 -3
right_child=1 4 -4 -5 -6
leaf_value=0.0036744864653950834 -0.0038240157571043662 0.0041734966591858878 -0.022361710895166111 0.02233284579371177 -0.0084683876113157176
leaf_weight=1.056882824981584 0.78605451461044751 1.6819416735379515 14.685349749226587 16.293372995656682 3.5996792664518544
leaf_count=37 215 137 4366 466 1244
internal_value=-7.45853e-05 0.0147007 -0.019848 0.0202526 -0.00376287
internal_weight=38.1033 22.361 15.7422 17.0794 5.28162
internal_count=6465 2062 4403 681 1381
is_linear=0
shrinkage=0.025


Tree=58
num_leaves=7
num_cat=0
split_feature=21 22 6 2 17 21
split_gain=23.9486 4.69649 3.11571 1.09929 0.770929 0.301628
threshold=0.48902975022792822 0.75381013751029979 3.749136328697205 1.5959663391113283 0.82269197702407848 1.8219149708747866
decision_type=2 2 2 2 2 2
left_child=1 4 3 -2 -1 -4
right_child=2 -3 5 -5 -6 -7
leaf_value=-0.021922352175087673 -0.0013327884823469286 0.006274094480785722 -0.0065296335131545188 0.021316481781395877 0.00011471817562033985 0.0016447648417641037
leaf_weight=16.094880903488963 0.27952777466271683 1.9986009701970022 1.1839979521464545 18.195102161669638 0.39936435787239943 0.64398190478095774
leaf_count=5092 122 89 355 689 81 22
internal_value=0.000876464 -0.0172572 0.0177869 0.0204967 -0.0211954 -0.00363888
internal_weight=38.7955 18.4928 20.3026 18.4746 16.4942 1.82798
internal_count=6450 5262 1188 811 5173 377
is_linear=0
shrinkage=0.025


Tree=59
num_leaves=7
num_cat=0
split_feature=21 26 5 24 26 22
split_gain=19.5182 6.5585 3.78866 1.32396 0.820969 0.490642
threshold=0.18274159729480746 -0.88302278518676747 4.014458656311036 -4.7665493488311759 -0.39548355340957636 1.4953277111053469
decision_type=2 2 2 2 2 2
left_child=3 2 -2 -1 -5 -3
right_child=1 5 -4 4 -6 -7
leaf_value=0.0013255948047129068 0.022024480271112257 -0.010603045186073867 -0.0047116484243750773 -0.021575645599416379 0 0.0013357943808770655
leaf_weight=0.68077221361454476 16.884087129030384 3.1606930175912562 1.6439643212943327 13.505677974288115 0.58710842597065571 0.43252424302045245
leaf_count=33 626 1201 358 4145 61 14
internal_value=-0.000193392 0.013464 0.0188894 -0.0191929 -0.020599 -0.00849757
internal_weight=36.8948 22.1213 18.5281 14.7736 14.0928 3.59322
internal_count=6438 2199 984 4239 4206 1215
is_linear=0
shrinkage=0.025


Tree=60
num_leaves=7
num_cat=0
split_feature=22 6 26 17 0 26
split_gain=20.98 5.41751 4.20925 0.488335 0.289805 0.0191788
threshold=0.045145807787776 3.3466130495071416 -0.88302278518676747 1.0143367052078249 3.596867680549622 -1.0010367631912229
decision_type=2 2 2 2 2 2
left_child=3 2 -2 -1 -3 -5
right_child=1 4 -4 5 -6 -7
leaf_value=-0.02141456915553961 0.022001613920479751 0.00046837436451804864 -0.0029951781317507451 0.00083856763734646729 -0.0097316098534944526 -0.00123311993362566
leaf_weight=13.236665632924993 16.634488614683512 0.28781142804655191 3.3492687813704825 0.56355977064231411 2.4659150908701122 0.31012049299897704
leaf_count=4584 308 20 771 37 635 77
internal_value=-0.000277326 0.0135037 0.017801 -0.0205341 -0.0082449 0
internal_weight=36.8478 22.7375 19.9838 14.1103 2.75373 0.87368
internal_count=6432 1734 1079 4698 655 114
is_linear=0
shrinkage=0.025


Tree=61
num_leaves=7
num_cat=0
split_feature=22 6 17 26 16 22
split_gain=20.1647 3.93169 3.61429 1.4836 0.845239 0.409846
threshold=0.19259542226791385 3.9379875659942631 0.82269197702407848 -0.84910276532173146 1.2331889867782595 -0.25412984192371363
decision_type=2 2 2 2 2 2
left_child=2 3 4 -2 -1 -4
right_child=1 -3 5 -5 -6 -7
leaf_value=-0.022122098245347405 0.020754415676621035 -0.0069766672992507637 -0.0024299653661774066 0 0.00019352404309082075 0.0069731528381602736
leaf_weight=14.71124061147566 15.262679568462776 1.3786020298139181 0.48346070072148029 1.7690595622407279 0.44876423533423881 1.7562011816189613
leaf_count=5053 352 328 163 424 87 73
internal_value=-0.000610068 0.0155408 -0.0176325 0.0188168 -0.0212673 0.00380369
internal_weight=35.81 18.4103 17.3997 17.0317 15.16 2.23966
internal_count=6480 1104 5376 776 5140 236
is_linear=0
shrinkage=0.025


Tree=62
num_leaves=7
num_cat=0
split_feature=22 13 27 27 17 21
split_gain=18.6976 5.27726 3.57492 0.755623 0.473577 0.401541
threshold=0.03419653698801995 2.9714708328247075 0.22525071352720263 0.71963703632354747 1.0143367052078249 1.3932017087936404
decision_type=2 2 2 2 2 2
left_child=3 5 -3 4 -1 -2
right_child=1 2 -4 -5 -6 -7
leaf_value=-0.020646329847699582 -0.010037614927740619 0.02171025274810667 -0.0017200581000197058 0.00010733797145871384 0 0.00086763051614767136
leaf_weight=12.077492925222026 2.2334160033788097 16.681472224008761 3.5675528888823456 0.56464627099922005 0.87981609732378352 0.60988076869398344
leaf_count=4381 558 437 815 69 121 27
internal_value=0.00068372 0.0135975 0.0178115 -0.0187498 -0.0197206 -0.00783968
internal_weight=36.6143 23.0923 20.249 13.522 12.9573 2.8433
internal_count=6408 1837 1252 4571 4502 585
is_linear=0
shrinkage=0.025


Tree=63
num_leaves=7
num_cat=0
split_feature=24 13 2 6 21 24
split_gain=18.5306 5.26342 2.74945 0.667089 0.403751 0.357297
threshold=-0.27454121410846705 2.9714708328247075 1.5959663391113283 0.10512435063719751 1.3229246735572817 -0.29479134082794184
decision_type=2 2 2 2 2 2
left_child=1 5 -3 -2 -5 -1
right_child=3 2 -4 4 -6 -7
leaf_value=-0.010233654693038184 0 -0.0038826670057277393 0.019839737516894641 -0.020428416055842114 0 0.00080265336425609758
leaf_weight=2.2596878329350152 0.68776366589008731 1.349237509130037 18.366652268829057 12.793057082773881 0.36783422651933584 0.27504055196186783
leaf_count=621 106 330 924 4450 26 9
internal_value=0 0.0133071 0.0175064 -0.0189325 -0.0198739 -0.00846867
internal_weight=36.0993 22.2506 19.7159 13.8487 13.1609 2.53473
internal_count=6466 1884 1254 4582 4476 630
is_linear=0
shrinkage=0.025


Tree=64
num_leaves=7
num_cat=0
split_feature=21 6 26 22 27 5
split_gain=17.5608 4.20908 3.30955 1.73459 0.830089 0.168363
threshold=0.18274159729480746 4.1082196235656747 -0.88302278518676747 1.0446994304656985 0.71963703632354747 4.014458656311036
decision_type=2 2 2 2 2 2
left_child=3 2 -2 4 -1 -3
right_child=1 5 -4 -5 -6 -7
leaf_value=-0.020980327020611214 0.020947787656588106 0 -0.0014814268507994317 0.0023888694833946898 0.00011761951694754674 -0.0084225100642138524
leaf_weight=12.62275066247093 15.730462697538318 0.43262782527017352 3.7184318052022727 0.7974245360237554 0.56415065063629377 1.7424145546974612
leaf_count=4129 568 139 1062 20 60 431
internal_value=0.000200119 0.0134129 0.0169779 -0.0180532 -0.0199499 -0.0072108
internal_weight=35.6083 21.6239 19.4489 13.9843 13.1869 2.17504
internal_count=6409 2200 1630 4209 4189 570
is_linear=0
shrinkage=0.025


Tree=65
num_leaves=7
num_cat=0
split_feature=21 27 6 22 22 27
split_gain=16.8024 4.23591 2.24818 1.72946 1.39331 0.845252
threshold=0.18274159729480746 0.17067258805036548 4.1082196235656747 0.85867285728454601 0.75381013751029979 0.71963703632354747
decision_type=2 2 2 2 2 2
left_child=3 2 -2 5 -3 -1
right_child=1 4 -4 -5 -6 -7
leaf_value=-0.020797240117136059 0.020976644036375617 -0.0088706023363246244 -0.0026290593458851465 0.0024146593245801722 0.0059746141311229229 0.00022263754956710643
leaf_weight=12.49433013494126 14.187274487630932 3.7964922863466191 1.1997586664219841 0.80927667993819419 2.1576610285555944 0.54650107101770196
leaf_count=4144 377 1382 345 41 138 58
internal_value=5.84124e-05 0.0130848 0.0186361 -0.0178286 -0.00264885 -0.0197524
internal_weight=35.1913 21.3412 15.387 13.8501 5.95415 13.0408
internal_count=6485 2242 722 4243 1520 4202
is_linear=0
shrinkage=0.025


Tree=66
num_leaves=7
num_cat=0
split_feature=22 6 17 26 13 12
split_gain=17.3108 3.06522 3.02664 1.47131 0.742795 0.463291
threshold=0.21498348563909533 4.1082196235656747 0.89788568019866954 -0.90507438778877247 5.4696323871612558 2.998899102210999
decision_type=2 2 2 2 2 2
left_child=2 3 4 -2 -1 -4
right_child=1 -3 5 -5 -6 -7
leaf_value=-0.020513322741527687 0.020361827405145454 -0.0057065050740025278 -0.0027989324187528723 0 0 0.0070958065976171689
leaf_weight=13.333909015142128 14.301736884401183 1.1448330896964751 0.5454576705815265 1.9873249686788774 1.6535438195860468 1.7341587120899928
leaf_count=4832 292 268 117 493 406 68
internal_value=0 0.0154678 -0.0156474 0.0182402 -0.0190462 0.00357339
internal_weight=34.701 17.4339 17.2671 16.2891 14.9875 2.27962
internal_count=6476 1053 5423 785 5238 185
is_linear=0
shrinkage=0.025


Tree=67
num_leaves=7
num_cat=0
split_feature=21 6 24 26 27 21
split_gain=17.7958 3.97459 3.47875 1.528 0.881854 0.4119
threshold=0.313732460141182 3.3466130495071416 -4.7665493488311759 -0.79731562733650196 0.71963703632354747 1.8219149708747866
decision_type=2 2 2 2 2 2
left_child=2 3 -1 -2 -4 -3
right_child=1 5 4 -5 -6 -7
leaf_value=0.0053040904389313409 0.020695336060651048 -0.0080608599901566391 -0.020989738477701685 0 0.00032001716794117092 0.0017468034230218922
leaf_weight=1.538261597364907 16.080437683645876 1.920100168208591 12.987104458123209 1.846078494680113 0.53053726104553867 0.61640651361085463
leaf_count=44 486 665 4657 523 62 22
internal_value=0.00121962 0.015091 -0.016384 0.0187658 -0.0199553 -0.00527051
internal_weight=35.5189 20.463 15.0559 17.9265 13.5176 2.53651
internal_count=6459 1696 4763 1009 4719 687
is_linear=0
shrinkage=0.025


Tree=68
num_leaves=6
num_cat=0
split_feature=21 13 26 24 17
split_gain=15.8364 2.54561 1.7905 1.66588 1.51811
threshold=0.51815551519393932 2.2276135683059697 -0.8848474621772765 -4.7665493488311759 0.65049883723258983
decision_type=2 2 2 2 2
left_child=3 -2 -3 -1 -5
right_child=1 2 -4 4 -6
leaf_value=0.002405965882256189 -0.0052817252756571335 0.019516874163290444 -0.0010452780453235953 -0.019941284952451902 0.0014576872274441393
leaf_weight=0.9717399139190136 0.99390025122556735 12.610395812545901 1.8791279806173395 14.483329006150596 0.99980516027426425
leaf_count=46 213 358 528 4986 245
internal_value=-0.00147023 0.0142726 0.0169455 -0.0164489 -0.0182358
internal_weight=31.9383 15.4834 14.4895 16.4549 15.4831
internal_count=6376 1099 886 5277 5231
is_linear=0
shrinkage=0.025


Tree=69
num_leaves=6
num_cat=0
split_feature=21 6 26 24 20
split_gain=16.514 4.23411 3.00235 1.24706 0.192461
threshold=0.18274159729480746 4.1082196235656747 -0.88302278518676747 -4.7665493488311759 0.60893037915229808
decision_type=2 2 2 2 2
left_child=3 2 -2 -1 -3
right_child=1 4 -4 -5 -6
leaf_value=0.0012374562356105747 0.020132008395648809 -0.0088905981095928916 -0.0013518098087549305 -0.020469918771991391 0
leaf_weight=0.63971583812963118 14.684207607700959 1.8890077608812128 3.7054534265480479 12.191124335426137 0.4136745465802959
leaf_count=33 541 556 1099 4210 49
internal_value=-0.000417096 0.0123132 0.0161723 -0.0189936 -0.00762191
internal_weight=33.5232 20.6923 18.3897 12.8308 2.30268
internal_count=6488 2245 1640 4243 605
is_linear=0
shrinkage=0.025


Tree=70
num_leaves=7
num_cat=0
split_feature=22 6 21 26 16 13
split_gain=16.0167 3.02578 2.64187 1.94711 0.758209 0.203083
threshold=0.19259542226791385 4.1082196235656747 0.97638365626335155 -0.8848474621772765 1.2331889867782595 2.2602044343948369
decision_type=2 2 2 2 2 2
left_child=2 3 4 -2 -1 -4
right_child=1 -3 5 -5 -6 -7
leaf_value=-0.020732829730255416 0.019443219334188907 -0.006119416202000837 -0.0012304443881095582 -0.0015514487122722958 0.00015991121037504835 0.0055201309418525645
leaf_weight=13.726923268841343 13.359898329421412 1.2510260549315706 0.31822124676545982 1.7997166996647145 0.4478162945306402 1.2837184460368005
leaf_count=5172 339 283 65 487 94 50
internal_value=-0.00137343 0.0138097 -0.0169901 0.0168741 -0.0198772 0.00331617
internal_weight=32.1873 16.4106 15.7767 15.1596 14.1747 1.60194
internal_count=6490 1109 5381 826 5266 115
is_linear=0
shrinkage=0.025


Tree=71
num_leaves=7
num_cat=0
split_feature=22 17 13 24 10 27
split_gain=14.6094 3.55554 2.67309 1.04833 0.965749 0.67469
threshold=0.2252064645290375 0.52082839608192455 2.9714708328247075 0.44933010637760168 5.0610046386718759 0.71963703632354747
decision_type=2 2 2 2 2 2
left_child=1 5 -2 -3 -4 -1
right_child=2 3 4 -5 -6 -7
leaf_value=-0.020156823737463012 -0.003941376720213087 0.0083660387864727074 0.019227099361461705 -0.0054503020483287487 -0.00041110863650725861 0
leaf_weight=11.924164394440595 1.7753135753737321 2.8385949736402831 13.921024626819413 1.1210941493627613 0.81204408445046361 0.64253142205416303
leaf_count=4602 333 155 517 587 154 81
internal_value=0.000300822 -0.014146 0.0149803 0.00289811 0.0179981 -0.0191685
internal_weight=33.0348 16.5264 16.5084 3.95969 14.7331 12.5667
internal_count=6429 5425 1004 742 671 4683
is_linear=0
shrinkage=0.025


Tree=72
num_leaves=7
num_cat=0
split_feature=21 26 6 24 22 27
split_gain=15.1731 4.36082 3.14307 1.496 0.835408 0.817335
threshold=0.18274159729480746 -0.88302278518676747 4.1082196235656747 -4.7665493488311759 0.963395655155182 0.71963703632354747
decision_type=2 2 2 2 2 2
left_child=3 2 -2 -1 -3 -5
right_child=1 4 -4 5 -6 -7
leaf_value=0.002154124247723974 0.020656207374136107 -0.0093361226896592486 -0.0041868125512393483 -0.019806198461806826 0.0035706670838152352 0.00033547654687703272
leaf_weight=0.77706136956112359 15.805421563040005 2.8319015883898824 1.5294669300783414 11.333726553595621 0.95839819766115386 0.53484466235386285
leaf_count=36 573 1146 439 4151 67 63
internal_value=0.00106708 0.01318 0.0177379 -0.0168148 -0.00518687 -0.0186976
internal_weight=33.7708 21.1252 17.3349 12.6456 3.7903 11.8686
internal_count=6475 2225 1012 4250 1213 4214
is_linear=0
shrinkage=0.025


Tree=73
num_leaves=7
num_cat=0
split_feature=22 17 13 2 24 21
split_gain=15.6582 2.99753 2.98108 1.29885 0.911857 0.222799
threshold=0.19259542226791385 0.52082839608192455 2.9714708328247075 1.5959663391113283 0.44933010637760168 1.3932017087936404
decision_type=2 2 2 2 2 2
left_child=1 -1 5 -4 -3 -2
right_child=2 4 3 -5 -6 -7
leaf_value=-0.02007856192078104 -0.0066077198190520785 0.0073210619749178689 -0.0014107771681121355 0.01938648781220615 -0.0055806615572201942 0.00079655202075479227
leaf_weight=12.008234275417633 1.3316403574135645 2.4521265506919003 0.75798261378076759 14.433245783671735 1.1828289877739733 0.56519585434580211
leaf_count=4633 349 148 158 581 593 25
internal_value=0 -0.0155716 0.0147122 0.0179469 0.00159853 -0.00451725
internal_weight=32.7313 15.6432 17.0881 15.1912 3.63496 1.89684
internal_count=6487 5374 1113 739 741 374
is_linear=0
shrinkage=0.025


Tree=74
num_leaves=7
num_cat=0
split_feature=26 13 24 24 18 18
split_gain=12.4339 5.53993 2.08049 0.796829 0.560155 0.369363
threshold=-0.93533462285995472 2.9714708328247075 -3.8895868062973018 0.19814167916774753 0.45156332850456243 0.53859758377075206
decision_type=2 2 2 2 2 2
left_child=1 5 -2 -3 -4 -1
right_child=2 3 4 -5 -6 -7
leaf_value=-0.0098109478641360531 0.0031255629567551084 0.019596571772073555 -0.018498621254568692 -4.4314791606289582e-05 0 0.00060182592012972681
leaf_weight=2.5317726820067104 1.4805992330948381 13.236377839173652 12.005580554570763 0.68818814752739932 0.90459871760686006 0.76750034175347526
leaf_count=986 140 359 4316 332 199 105
internal_value=0 0.0126191 -0.0147736 0.0185404 -0.0174748 -0.00773234
internal_weight=31.6146 17.2238 14.3908 13.9246 12.9102 3.29927
internal_count=6437 1782 4655 691 4515 1091
is_linear=0
shrinkage=0.025


Tree=75
num_leaves=7
num_cat=0
split_feature=21 13 24 26 26 15
split_gain=13.1192 4.76494 2.14821 2.13711 0.823303 0.235327
threshold=0.23926939815282824 3.0569137334823613 -4.7665493488311759 -0.88302278518676747 -0.39548355340957636 1.2042663097381594
decision_type=2 2 2 2 2 2
left_child=2 5 -1 -3 -4 -2
right_child=1 3 4 -5 -6 -7
leaf_value=0.0034519924626663424 -0.0096264009924946423 0.019930242513404903 -0.019691616924687506 -0.00075034902459135985 0.00037632176400881074 6.0651157478892461e-05
leaf_weight=1.108710530912506 2.0223555332631835 13.807336759258764 11.295715885062236 2.6389753560651998 0.53305764807737155 0.37107279640622426
leaf_count=37 690 422 4378 826 68 44
internal_value=0.000111729 0.0123986 -0.0159008 0.0169191 -0.0185728 -0.00825385
internal_weight=31.7772 18.8397 12.9375 16.4463 11.8288 2.39343
internal_count=6465 1982 4483 1248 4446 734
is_linear=0
shrinkage=0.025


Tree=76
num_leaves=6
num_cat=0
split_feature=21 26 6 24 22
split_gain=14.7064 4.07755 2.06718 1.13832 0.879521
threshold=0.18274159729480746 -0.93163728713989247 4.1082196235656747 -5.9168388843536368 0.75381013751029979
decision_type=2 2 2 2 2
left_child=3 2 -2 -1 -3
right_child=1 4 -4 -5 -6
leaf_value=0.0012597174949630157 0.019936397936229783 -0.0083429461551316458 -0.0025644398221350124 -0.019594694626361944 0.0040554672593074072
leaf_weight=0.56927209452260541 13.557314631296324 3.4823846906365352 1.1964079794124689 11.071937627391888 1.471706606535008
leaf_count=13 389 1345 347 4233 122
internal_value=0 0.0122756 0.0176081 -0.0181272 -0.00384488
internal_weight=31.349 19.7078 14.7537 11.6412 4.95409
internal_count=6449 2203 736 4246 1467
is_linear=0
shrinkage=0.025


Tree=77
num_leaves=7
num_cat=0
split_feature=21 13 3 19 27 21
split_gain=13.4561 2.75111 1.77236 1.53232 0.807332 0.368318
threshold=0.35335980355739599 3.0569137334823613 1.1110550165176394 0.64035549759864818 0.71963703632354747 1.3932017087936404
decision_type=2 2 2 2 2 2
left_child=3 5 -3 4 -1 -2
right_child=1 2 -4 -5 -6 -7
leaf_value=-0.019637766028141296 -0.0073024319803559022 -0.0034902759483721279 0.018122683939431904 0.0014184666835327093 0.00033906691104678739 0.0016507403659599231
leaf_weight=11.317141907726182 1.4593107399414322 0.5398647392867123 13.87581234317622 1.3649163070949715 0.53232741341344159 0.95152508711908002
leaf_count=4658 530 216 759 167 65 57
internal_value=-0.000331826 0.0127895 0.016301 -0.0163073 -0.0185351 -0.00419578
internal_weight=30.0409 16.8265 14.4157 13.2144 11.8495 2.41084
internal_count=6452 1562 975 4890 4723 587
is_linear=0
shrinkage=0.025


Tree=78
num_leaves=7
num_cat=0
split_feature=21 26 13 24 27 22
split_gain=12.1294 3.49012 2.76293 1.38205 0.790853 0.677966
threshold=0.18274159729480746 -0.88302278518676747 2.2276135683059697 -5.9168388843536368 0.71963703632354747 0.79085835814476024
decision_type=2 2 2 2 2 2
left_child=3 2 -2 -1 -5 -3
right_child=1 5 -4 4 -6 -7
leaf_value=0.0021237132215811173 -0.0048724707272836147 -0.0083966533388745695 0.019121058640448382 -0.019086648061457618 0.00039287522248755149 0.0029858672436487944
leaf_weight=0.73961533216061326 1.0254502926836746 2.5844893406028855 13.91555385943502 10.361884662968802 0.53136595850810486 1.3136537290411068
leaf_count=18 285 1115 702 4145 62 124
internal_value=0.000243841 0.0117976 0.0163521 -0.0160131 -0.0179185 -0.00433603
internal_weight=30.472 18.8391 14.941 11.6329 10.8933 3.89814
internal_count=6451 2226 987 4225 4207 1239
is_linear=0
shrinkage=0.025


Tree=79
num_leaves=6
num_cat=0
split_feature=21 6 26 24 21
split_gain=14.2091 3.40922 2.25076 1.06919 0.385768
threshold=0.22174268960952762 3.2709724903106694 -0.88302278518676747 -5.9168388843536368 1.8219149708747866
decision_type=2 2 2 2 2
left_child=3 2 -2 -1 -3
right_child=1 4 -4 -5 -6
leaf_value=0.0011133665013423665 0.019571737286604163 -0.007902349478074484 -0.00075372519459698784 -0.019452271815976141 0.0015945960641717976
leaf_weight=0.55592989956494676 12.82894985267194 2.1967869954241901 3.0502021117135891 10.917592621524816 0.60800919134635467
leaf_count=17 332 824 868 4378 22
internal_value=-6.40173e-05 0.0121896 0.0161226 -0.0180409 -0.00534018
internal_weight=30.1575 18.6839 15.8792 11.4735 2.8048
internal_count=6441 2046 1200 4395 846
is_linear=0
shrinkage=0.025


Tree=80
num_leaves=7
num_cat=0
split_feature=22 17 6 25 5 27
split_gain=10.6154 2.67968 2.67209 1.04261 0.856751 0.786456
threshold=0.2252064645290375 0.56669431924819957 3.3466130495071416 1.0592690706253054 3.1788605451583867 0.71963703632354747
decision_type=2 2 2 2 2 2
left_child=1 5 3 -2 -3 -1
right_child=2 4 -4 -5 -6 -7
leaf_value=-0.019221571010517309 0.017776864040130246 0.0075455342423742444 -0.005487717214100872 -0.0003674090942630317 -0.0051029757961300326 0.00034947373543076343
leaf_weight=10.703313617937965 11.149222582607761 2.376330862374743 1.4388962650555175 1.2735990492801637 1.0261592265160286 0.53372031779144968
leaf_count=4704 353 234 389 271 383 72
internal_value=-0.000762919 -0.0136842 0.0125621 0.0159864 0.00222041 -0.0180857
internal_weight=28.5012 14.6395 13.8617 12.4228 3.40249 11.237
internal_count=6406 5393 1013 624 617 4776
is_linear=0
shrinkage=0.025


Tree=81
num_leaves=7
num_cat=0
split_feature=22 27 12 17 18 27
split_gain=10.5611 3.27116 2.15872 0.941246 0.829287 0.804255
threshold=0.03419653698801995 0.17632997035980227 2.4670746326446538 1.0143367052078249 0.45156332850456243 0.71963703632354747
decision_type=2 2 2 2 2 2
left_child=3 2 -2 5 -3 -1
right_child=1 4 -4 -5 -6 -7
leaf_value=-0.018266800463577003 -0.0033775862951687845 -0.0083539690144708769 0.018384501840441395 0.00058754164441426871 0.0035705031222478 0.00066761105808653886
leaf_weight=9.4764362825662829 1.1995332229998918 2.8557093802955924 12.94065187385422 1.0360601862776082 2.0155431368330028 0.4844166050897919
leaf_count=4445 211 950 451 109 234 66
internal_value=0.000316578 0.0109141 0.0158118 -0.0152986 -0.00347751 -0.0170128
internal_weight=30.0084 19.0114 14.1402 10.9969 4.87125 9.96085
internal_count=6466 1846 662 4620 1184 4511
is_linear=0
shrinkage=0.025


Tree=82
num_leaves=7
num_cat=0
split_feature=22 6 3 5 22 17
split_gain=11.0035 3.56121 2.2583 0.723852 0.289268 0.281168
threshold=0.03419653698801995 3.1996345520019536 1.5161441564559939 -0.17676284909248349 0.91675469279289257 1.0143367052078249
decision_type=2 2 2 2 2 2
left_child=3 2 -2 -1 -3 -5
right_child=1 4 -4 5 -6 -7
leaf_value=0.00051591516828473525 -0.0028863439132450555 -0.0080035421529710046 0.018007399993867964 -0.018070885120853471 0.00071090709542467737 0
leaf_weight=0.53344384013326163 1.8089041162747914 2.3367494415433607 13.948007134516955 9.2349041640409233 0.69206911645596836 0.81668331706896502
leaf_count=85 464 703 620 4395 42 117
internal_value=0.000116881 0.0109573 0.0151902 -0.0160642 -0.00603121 -0.0172384
internal_weight=29.3708 18.7857 15.7569 10.585 3.02882 10.0516
internal_count=6426 1829 1084 4597 745 4512
is_linear=0
shrinkage=0.025


Tree=83
num_leaves=7
num_cat=0
split_feature=21 26 6 22 26 22
split_gain=10.4387 4.04711 2.69323 0.826653 0.796386 0.605999
threshold=0.18274159729480746 -0.88302278518676747 3.5591710805892949 0.85867285728454601 -0.39548355340957636 0.79085835814476024
decision_type=2 2 2 2 2 2
left_child=3 2 -2 4 -1 -3
right_child=1 5 -4 -5 -6 -7
leaf_value=-0.018394755982987301 0.018826602825315879 -0.0097011941571357313 -0.0036953294163413575 0.00074844242830054888 0.00059095430380363707 0.0019174426937369792
leaf_weight=9.7550722363812383 12.803979664720829 2.5150898479332677 1.7680555252300099 0.6191044339793742 0.5001413952850261 1.095025037822779
leaf_count=4092 416 1102 594 44 62 108
internal_value=-7.34154e-05 0.0104697 0.0155287 -0.0158407 -0.0171689 -0.00638418
internal_weight=29.0565 18.1822 14.572 10.8743 10.2552 3.61011
internal_count=6418 2220 1010 4198 4154 1210
is_linear=0
shrinkage=0.025


Tree=84
num_leaves=7
num_cat=0
split_feature=21 13 26 24 5 21
split_gain=10.2928 3.32703 2.16412 1.48417 0.779282 0.486591
threshold=0.18274159729480746 2.9714708328247075 -0.84910276532173146 -4.7665493488311759 -0.17676284909248349 1.3932017087936404
decision_type=2 2 2 2 2 2
left_child=3 5 -3 -1 -5 -2
right_child=1 2 -4 4 -6 -7
leaf_value=0.0024899208562478622 -0.0087576801327257855 0.018510793473826545 -0.0011970223267439141 0.00053380589695525783 -0.018143713693401266 0.0017790639757552407
leaf_weight=0.93622611591127025 1.93420650874032 13.378073266503637 2.8718111198395464 0.53287110905512314 9.3595964786654768 0.90955922886496399
leaf_count=34 722 576 876 97 4041 57
internal_value=0.00108108 0.011385 0.0152716 -0.0145497 -0.0168765 -0.00560497
internal_weight=29.9223 19.0937 16.2499 10.8287 9.89247 2.84377
internal_count=6403 2231 1452 4172 4138 779
is_linear=0
shrinkage=0.025


Tree=85
num_leaves=7
num_cat=0
split_feature=21 19 13 7 12 3
split_gain=10.378 5.88021 1.397 0.97099 0.812352 0.264371
threshold=0.94925019145011913 0.24768940359354022 2.9714708328247075 5.0760755538940439 2.880744576454163 1.1110550165176394
decision_type=2 2 2 2 2 2
left_child=1 3 -3 -1 -2 -6
right_child=4 2 -4 -5 5 -7
leaf_value=-0.020010112869380425 -0.00072999664898447652 -0.004847025371027572 0.011330536814450705 0 0 0.017623151092480964
leaf_weight=10.786312338168505 0.60088072525104408 1.112963141320505 4.2704579454148188 1.2841322518070217 0.26632240996695955 10.000441556447184
leaf_count=5032 81 378 332 284 54 280
internal_value=0.000252821 -0.0105508 0.00666058 -0.0182957 0.015855 0.0171562
internal_weight=28.3215 17.4539 5.38342 12.0704 10.8676 10.2668
internal_count=6441 6026 710 5316 415 334
is_linear=0
shrinkage=0.025


Tree=86
num_leaves=7
num_cat=0
split_feature=22 6 26 5 21 21
split_gain=10.11 3.92883 2.50126 0.813495 0.577651 0.209305
threshold=0.03419653698801995 3.3466130495071416 -0.88302278518676747 -0.17676284909248349 1.8219149708747866 1.8219149708747866
decision_type=2 2 2 2 2 2
left_child=3 2 -2 -1 -5 -3
right_child=1 5 -4 4 -6 -7
leaf_value=0.00094729487226752123 0.018567710053966423 -0.0089237743541156263 -0.001522165910850499 -0.018128955159803097 0.0001894160234183326 7.4801136561598229e-05
leaf_weight=0.45727857149904849 12.656827895523751 2.2667962900886773 3.3442432300944356 9.1403190180717466 0.33424021239625368 0.29604958312120278
leaf_count=74 325 691 853 4520 15 9
internal_value=1.56817e-05 0.0103737 0.0147086 -0.0159169 -0.0172087 -0.00769566
internal_weight=28.4958 18.5639 16.0011 9.93184 9.47456 2.56285
internal_count=6487 1878 1178 4609 4535 700
is_linear=0
shrinkage=0.025


Tree=87
num_leaves=7
num_cat=0
split_feature=21 19 22 5 21 18
split_gain=10.633 5.39037 0.775666 0.662646 0.314614 0.0345541
threshold=0.94925019145011913 0.50878581404685985 0.79085835814476024 3.7555809020996098 -0.1584319323301315 0.53859758377075206
decision_type=2 2 2 2 2 2
left_child=1 2 -1 -2 -3 -5
right_child=3 4 -4 5 -6 -7
leaf_value=-0.01878098139148944 0.01682526385985721 -0.00051186552241364199 0.0004505029411176521 -0.0018124672249899094 0.0092963676222677111 0.00083227585478902076
leaf_weight=12.711419199578817 9.7043067599297466 0.58026007306762073 0.49250286995084103 0.40561426948988888 3.0772382827126412 0.54170921904733405
leaf_count=5735 310 148 32 75 132 33
internal_value=-9.87984e-05 -0.0115126 -0.0177936 0.0154756 0.00762144 0
internal_weight=27.5131 16.8614 13.2039 10.6516 3.6575 0.947323
internal_count=6465 6047 5767 418 280 108
is_linear=0
shrinkage=0.025


Tree=88
num_leaves=6
num_cat=0
split_feature=21 22 17 6 20
split_gain=9.93836 3.39184 1.68739 1.10973 0.0763985
threshold=0.94925019145011913 0.91675469279289257 0.549983710050583 3.749136328697205 0.60893037915229808
decision_type=2 2 2 2 2
left_child=1 2 -1 -2 -5
right_child=3 -3 -4 4 -6
leaf_value=-0.017880925498681532 0.017043821049635397 0.0068300101967485776 0.00058072266544442264 -0.003177333672435315 0.00066107322676506233
leaf_weight=12.146876616388914 9.6295562860905157 2.1584174983145195 2.6199820617912328 0.58811540756141845 0.27366646029986441
leaf_count=5352 292 67 640 114 8
internal_value=0 -0.0109821 -0.0149709 0.0151746 -0.00136802
internal_weight=27.4166 16.9253 14.7669 10.4913 0.861782
internal_count=6473 6059 5992 414 122
is_linear=0
shrinkage=0.025


Tree=89
num_leaves=7
num_cat=0
split_feature=22 6 26 27 8 22
split_gain=8.89926 2.81487 2.59444 0.698491 0.43853 0.257272
threshold=0.03419653698801995 3.1996345520019536 -0.79731562733650196 0.71963703632354747 -0.93183958530426014 0.963395655155182
decision_type=2 2 2 2 2 2
left_child=3 2 -2 4 -1 -3
right_child=1 5 -4 -5 -6 -7
leaf_value=0 0.017180916509560894 -0.0073853437631750275 -0.0037767392758440953 0.00069226127414044353 -0.017099389924756864 0.00069780536842405268
leaf_weight=0.43628010255633931 12.689000552491052 2.1576087395660575 2.1190161311242273 0.48623916623182672 9.0068313581141393 0.67192993109347288
leaf_count=44 488 713 628 69 4533 35
internal_value=0 0.00980111 0.01367 -0.0150631 -0.0162659 -0.00544777
internal_weight=27.5669 17.6376 14.808 9.92935 9.44311 2.82954
internal_count=6510 1864 1116 4646 4577 748
is_linear=0
shrinkage=0.025


Tree=90
num_leaves=7
num_cat=0
split_feature=21 19 6 2 26 5
split_gain=10.8794 2.32407 2.29938 0.947108 0.68989 0.186392
threshold=0.48902975022792822 0.53965365886688244 4.1082196235656747 1.5959663391113283 -0.39548355340957636 4.7591853141784677
decision_type=2 2 2 2 2 2
left_child=1 4 3 -2 -1 -3
right_child=2 5 -4 -5 -6 -7
leaf_value=-0.018840473795963451 -0.0016932876379217371 0.0051533255251483712 -0.0052035009789456283 0.016713124468922765 2.1669065631853819e-05 -0.0011728608631428991
leaf_weight=10.161466221776207 0.32065565610537206 1.6204187033581536 1.0196039641159576 13.206841474719111 0.59347078457358549 0.36130184092326079
leaf_count=4990 127 113 280 770 87 112
internal_value=0 -0.0141768 0.0128644 0.0156003 -0.0177264 0.0030908
internal_weight=27.2838 12.7367 14.5471 13.5275 10.7549 1.98172
internal_count=6479 5302 1177 897 5077 225
is_linear=0
shrinkage=0.025


Tree=91
num_leaves=7
num_cat=0
split_feature=22 6 26 5 0 19
split_gain=9.14138 3.23233 2.21466 0.780894 0.198737 0.112884
threshold=0.03419653698801995 3.1850359439849858 -0.88302278518676747 -0.17676284909248349 3.596867680549622 0.33523818850517279
decision_type=2 2 2 2 2 2
left_child=3 2 -2 -1 -3 -5
right_child=1 4 -4 5 -6 -7
leaf_value=0.00087026132050769395 0.017986666350521072 0.00031665310871239414 -0.0013355226058459626 -0.017422500839814628 -0.0076493656186259994 0
leaf_weight=0.47123884638131386 11.3916444198112 0.26334975083591361 3.2031367495656022 8.3234044451091869 2.4171075210615527 0.48458265766385089
leaf_count=78 286 22 795 4347 722 167
internal_value=0 0.00999119 0.0141683 -0.0156331 -0.00635633 -0.0169641
internal_weight=26.5545 17.2752 14.5948 9.27923 2.68046 8.80799
internal_count=6417 1825 1081 4592 744 4514
is_linear=0
shrinkage=0.025


Tree=92
num_leaves=7
num_cat=0
split_feature=22 6 17 3 0 12
split_gain=8.66551 1.71231 1.41409 1.17065 0.553918 0.169684
threshold=0.21498348563909533 4.1082196235656747 0.95563554763793956 1.5161441564559939 0.30337744951248174 2.998899102210999
decision_type=2 2 2 2 2 2
left_child=2 3 4 -2 -1 -4
right_child=1 -3 5 -5 -6 -7
leaf_value=0 -0.001809993048020914 -0.0043168642534841999 -0.0015705566391725067 0.015834819872510352 -0.016756205384553097 0.0042896744374246584
leaf_weight=0.67157204594696196 0.93043236178345701 0.92816244706045914 0.3853957491228347 11.134217850514686 10.176878200101781 1.2228864434000568
leaf_count=124 235 236 96 541 5107 47
internal_value=-0.000589465 0.0114855 -0.0132245 0.0139762 -0.0157171 0.0018138
internal_weight=25.4495 12.9928 12.4567 12.0647 10.8485 1.60828
internal_count=6386 1012 5374 776 5231 143
is_linear=0
shrinkage=0.025


Tree=93
num_leaves=7
num_cat=0
split_feature=27 6 19 22 18 21
split_gain=8.55166 3.87594 1.9819 0.649268 0.624944 0.244059
threshold=0.16885523498058322 4.1082196235656747 0.53965365886688244 -0.25412984192371363 0.45156332850456243 1.8219149708747866
decision_type=2 2 2 2 2 2
left_child=1 3 4 -1 -2 -3
right_child=2 5 -4 -5 -6 -7
leaf_value=-0.0005578810590996466 -0.016930347580004463 -0.0082668948209455532 0.0037300400209515925 0.017575168237368443 0 0.00051563099963789481
leaf_weight=0.29952991988102518 9.2566554373042873 2.1166648639336922 1.5668485718488216 12.166215820485377 1.2161274323880196 0.29659167095087458
leaf_count=268 4268 952 146 538 238 9
internal_value=0.000681429 0.0118915 -0.0122298 0.0167466 -0.0154552 -0.00672466
internal_weight=26.9186 14.879 12.0396 12.4657 10.4728 2.41326
internal_count=6419 1767 4652 806 4506 961
is_linear=0
shrinkage=0.025


Tree=94
num_leaves=6
num_cat=0
split_feature=21 19 13 13 27
split_gain=8.83666 4.79759 1.36211 0.922622 0.836895
threshold=0.97638365626335155 0.20173196494579318 2.9714708328247075 2.2276135683059697 0.71963703632354747
decision_type=2 2 2 2 2
left_child=1 4 -3 -2 -1
right_child=3 2 -4 -5 -6
leaf_value=-0.019149723263436641 -0.0016639895306124774 -0.0054483999054441993 0.009963196592348492 0.016125936776502214 0.00056841625269688661
leaf_weight=10.29909215793305 0.39317350648343463 1.2602141913230287 4.3532973173132632 9.3482450649607909 0.50452625879552293
leaf_count=5163 85 434 423 315 74
internal_value=-6.76932e-05 -0.0104829 0.00497767 0.0146631 -0.0179449
internal_weight=26.1585 16.4171 5.61351 9.74142 10.8036
internal_count=6494 6094 857 400 5237
is_linear=0
shrinkage=0.025


Tree=95
num_leaves=7
num_cat=0
split_feature=22 26 6 6 22 21
split_gain=8.06966 2.81339 2.76186 0.754995 0.310352 0.198149
threshold=0.03419653698801995 -0.88302278518676747 4.1082196235656747 0.10512435063719751 1.0446994304656985 1.3229246735572817
decision_type=2 2 2 2 2 2
left_child=3 2 -2 -1 -3 -5
right_child=1 4 -4 5 -6 -7
leaf_value=0.00088476482962830802 0.017098455696910982 -0.0071388509723219438 -0.0054957501546615663 -0.016969799908580979 0.0012304952298137029 0
leaf_weight=0.47238527654554019 12.051146944635549 2.7243163288367209 1.2322663165832626 7.9800840440730081 0.69668066489975888 0.34796787070808921
leaf_count=99 502 928 365 4430 59 33
internal_value=0 0.00934899 0.0137309 -0.0150997 -0.00497364 -0.0164671
internal_weight=25.5048 16.7044 13.2834 8.80044 3.421 8.32805
internal_count=6416 1854 867 4562 987 4463
is_linear=0
shrinkage=0.025


Tree=96
num_leaves=7
num_cat=0
split_feature=22 17 5 3 13 24
split_gain=8.92343 1.89457 1.77828 0.961704 0.750114 0.0934053
threshold=0.23447690904140475 0.52082839608192455 3.8802852630615239 1.1845307350158694 3.5661458969116215 -5.408684015274047
decision_type=2 2 2 2 2 2
left_child=1 -1 3 -2 -3 -4
right_child=2 4 5 -5 -6 -7
leaf_value=-0.01776507159120715 -0.00096448131949850968 -0.0053827556810048466 0 0.01605882615851709 0.0064899259296190923 -0.0049760441178337295
leaf_weight=9.1362341840285826 0.99786017998121579 1.1168604794511332 0.4454908677143975 10.276322854246244 2.0484504218038637 1.0038565539289255
leaf_count=4729 199 506 26 473 233 315
internal_value=-0.000971125 -0.0137741 0.0114483 0.0143347 0.000804422 -0.0037415
internal_weight=25.0251 12.3015 12.7235 11.2742 3.16531 1.44935
internal_count=6481 5468 1013 672 739 341
is_linear=0
shrinkage=0.025


Tree=97
num_leaves=7
num_cat=0
split_feature=21 19 22 4 13 26
split_gain=8.05067 4.28975 0.802251 0.552623 0.503654 0.295647
threshold=0.97638365626335155 0.50878581404685985 0.72420740127563488 4.8660709857940683 2.9714708328247075 -0.80711084604263295
decision_type=2 2 2 2 2 2
left_child=1 2 -1 5 -3 -2
right_child=3 4 -4 -5 -6 -7
leaf_value=-0.017648538430696106 0.015870066230069327 -0.0019570120406066645 0.00062809426076201522 -0.00043918780826344024 0.0090313446669505956 0
leaf_weight=11.541802295629168 7.8447901822946724 0.494759405497461 0.57173051682184528 0.45500312076183114 3.0839677650074009 0.73362474219174778
leaf_count=5711 204 159 44 48 125 139
internal_value=-0.000632936 -0.0106288 -0.0164892 0.0138861 0.00652845 0.0149881
internal_weight=24.7257 15.6923 12.1135 9.03342 3.57873 8.57841
internal_count=6430 6039 5755 391 284 343
is_linear=0
shrinkage=0.025


Tree=98
num_leaves=7
num_cat=0
split_feature=21 13 24 26 27 21
split_gain=7.69373 2.36925 1.47803 1.38713 0.799123 0.297142
threshold=0.313732460141182 3.0569137334823613 -4.7665493488311759 -0.79731562733650196 0.71963703632354747 1.8219149708747866
decision_type=2 2 2 2 2 2
left_child=2 5 -1 -3 -4 -2
right_child=1 3 4 -5 -6 -7
leaf_value=0.0027288038690328116 -0.0073244397291754963 0.016280767673030411 -0.017339689597660701 -0.0015773091606068183 0.00087514337688984376 0.0011487170816504295
leaf_weight=0.99452627258142356 1.5293095214001362 11.001194268246762 8.6400902155437507 1.5480330331192806 0.46044104182510714 0.63410619110800315
leaf_count=41 605 543 4650 525 64 27
internal_value=0 0.0102768 -0.0134401 0.0139 -0.0159913 -0.00490011
internal_weight=24.8077 14.7126 10.0951 12.5492 9.10053 2.16342
internal_count=6455 1700 4755 1068 4714 632
is_linear=0
shrinkage=0.025


Tree=99
num_leaves=7
num_cat=0
split_feature=21 22 13 17 13 23
split_gain=7.95408 3.91443 0.898602 0.766026 0.129316 0.100041
threshold=0.94925019145011913 0.72420740127563488 2.2276135683059697 0.95563554763793956 3.1729196310043339 -6.0490479469299308
decision_type=2 2 2 2 2 2
left_child=1 3 -2 -1 -3 -4
right_child=2 4 5 -5 -6 -7
leaf_value=-0.016600939642297193 -0.0016859245956682024 0 0 0.00040232693329764289 0.0080780239253036134 0.016201244585556798
leaf_weight=11.483447071150295 0.40077383688185264 0.40462015275261309 0.74386865721316908 0.80010309605859298 2.4810685813426971 8.5416066683246736
leaf_count=5757 87 70 118 82 71 216
internal_value=0 -0.0100217 0.0141622 -0.0153358 0.00718728 0.0156344
internal_weight=24.8555 15.1692 9.68625 12.2836 2.88569 9.28548
internal_count=6401 5980 421 5839 141 334
is_linear=0
shrinkage=0.025


Tree=100
num_leaves=7
num_cat=0
split_feature=22 13 27 6 21 22
split_gain=7.39967 2.84379 2.58555 0.726104 0.201442 0.106656
threshold=0.03419653698801995 2.9714708328247075 0.25872030854225164 0.10512435063719751 1.3229246735572817 1.7446113824844363
decision_type=2 2 2 2 2 2
left_child=3 5 -3 -1 -5 -2
right_child=1 2 -4 4 -6 -7
leaf_value=0.0008745969902689756 -0.0077688351872815939 0.016721119155131105 -0.0036854749850295404 -0.016509740368583031 0 0
leaf_weight=0.47723792944452892 1.7489462494268107 11.834019863759748 2.4196750537375911 7.6406678366183769 0.32131469913292665 0.2114400888676754
leaf_count=101 563 512 760 4512 31 6
internal_value=0 0.00909507 0.0128749 -0.0146134 -0.0160032 -0.00699602
internal_weight=24.6533 16.2141 14.2537 8.43922 7.96198 1.96039
internal_count=6485 1841 1272 4644 4543 569
is_linear=0
shrinkage=0.025


Tree=101
num_leaves=7
num_cat=0
split_feature=27 6 21 27 21 6
split_gain=6.62602 4.27526 1.28949 0.58267 0.465442 0.142832
threshold=0.17067258805036548 3.3466130495071416 0.94925019145011913 0.71963703632354747 0.0052853489760309466 2.5016938447952275
decision_type=2 2 2 2 2 2
left_child=1 4 3 -2 -1 -4
right_child=2 -3 5 -5 -6 -7
leaf_value=0 -0.016460167314390373 -0.0083229787812261445 0.0036560932814648922 0.00011324915418513569 0.0167394140063147 -0.0016005328186209835
leaf_weight=0.50458279206941625 8.4000445044075569 2.5181560459168386 1.5634447332122352 0.57875432111905034 9.7165216517896607 0.35358521653688502
leaf_count=191 4330 1325 152 96 284 83
internal_value=-0.000673842 0.00973613 -0.0124723 -0.0152864 0.0158684 0.00132687
internal_weight=23.6351 12.7393 10.8958 8.9788 10.2211 1.91703
internal_count=6461 1800 4661 4426 475 235
is_linear=0
shrinkage=0.025


Tree=102
num_leaves=7
num_cat=0
split_feature=21 19 13 5 11 20
split_gain=7.86781 4.10719 1.13961 0.898294 0.42347 0.0455327
threshold=0.94925019145011913 0.20173196494579318 2.9714708328247075 4.014458656311036 6.8893437385559091 1.5485189557075503
decision_type=2 2 2 2 2 2
left_child=1 4 -3 5 -1 -2
right_child=3 2 -4 -5 -6 -7
leaf_value=-0.018489249854010487 0.015878915367751611 -0.005065777064373062 0.0091144333379603454 -0.0014389371507537848 0 0
leaf_weight=9.2523206238693092 7.9639675141079316 1.2041515751043324 3.9194966627983376 0.63519169224309813 0.39063965089735653 0.8016120440152007
leaf_count=5156 230 436 406 85 38 115
internal_value=-0.000232783 -0.0106178 0.00430846 0.0136686 -0.0177386 0.0153424
internal_weight=24.1674 14.7666 5.12365 9.40077 9.64296 8.76558
internal_count=6466 6036 842 430 5194 345
is_linear=0
shrinkage=0.025


Tree=103
num_leaves=7
num_cat=0
split_feature=21 19 13 13 13 23
split_gain=6.51955 3.90292 1.1165 0.872786 0.448247 0.394351
threshold=0.94925019145011913 0.20173196494579318 2.9714708328247075 2.2276135683059697 7.0356523990631112 -6.4539918899536124
decision_type=2 2 2 2 2 2
left_child=1 4 -3 -2 -1 -5
right_child=3 2 -4 5 -6 -7
leaf_value=-0.018273045669922463 -0.0020046123196692423 -0.0050923851093743026 0.0089322484260240843 0 0 0.014797048609532064
leaf_weight=9.1520057420420926 0.44828365417197158 1.1969652915286122 3.863692241939134 0.34140394837595511 0.36060168285621408 7.4427230393193895
leaf_count=5114 96 429 418 109 27 223
internal_value=-0.00141398 -0.0105438 0.0041116 0.0121528 -0.0175015 0.0139221
internal_weight=22.8057 14.5733 5.06066 8.23241 9.51261 7.78413
internal_count=6416 5988 847 428 5141 332
is_linear=0
shrinkage=0.025


Tree=104
num_leaves=7
num_cat=0
split_feature=21 26 13 5 24 22
split_gain=6.57733 2.57954 1.93643 0.696023 0.687315 0.312091
threshold=0.18274159729480746 -0.88302278518676747 2.2276135683059697 -0.17676284909248349 -5.9168388843536368 0.79085835814476024
decision_type=2 2 2 2 2 2
left_child=3 2 -2 -1 -5 -3
right_child=1 5 -4 4 -6 -7
leaf_value=0.001043801297064297 -0.0040895988322362667 -0.0071310478539882254 0.01622915326896792 0.00066655411359413125 -0.016258994097577979 0.001103757486638881
leaf_weight=0.45108893087308377 0.92601336870575224 2.264574642074876 11.021044847482697 0.49032147921388958 7.441472155798694 1.0512759560369884
leaf_count=94 282 1107 711 17 4085 113
internal_value=0 0.00910028 0.0135435 -0.0134826 -0.0148762 -0.00467479
internal_weight=23.6458 15.2629 11.9471 8.38288 7.93179 3.31585
internal_count=6409 2213 993 4196 4102 1220
is_linear=0
shrinkage=0.025


Tree=105
num_leaves=6
num_cat=0
split_feature=21 13 4 24 27
split_gain=7.60523 1.78046 1.39372 1.10969 0.722036
threshold=0.35335980355739599 2.2276135683059697 0.81183660030365001 -5.0789718627929679 0.71963703632354747
decision_type=2 2 2 2 2
left_child=3 -2 -3 -1 -5
right_child=1 2 -4 4 -6
leaf_value=0.0018703804489960672 -0.0048527306709516046 -0.0031330512083161013 0.01496900091299788 -0.01700465459473835 0.00061468646168815996
leaf_weight=0.80368041837937099 1.0244951914355613 0.71395434241276134 12.121875535682191 8.2284124954167055 0.50387959310319352
leaf_count=35 292 267 995 4779 76
internal_value=0 0.0104272 0.0130157 -0.0136356 -0.0156792
internal_weight=23.3963 13.8603 12.8358 9.53597 8.73229
internal_count=6444 1554 1262 4890 4855
is_linear=0
shrinkage=0.025


Tree=106
num_leaves=7
num_cat=0
split_feature=22 26 5 25 19 17
split_gain=6.87292 1.89007 1.28809 0.820775 0.345801 0.342342
threshold=0.2252064645290375 -1.0276999473571775 4.7341773509979257 1.0592690706253054 0.56330150365829479 0.56669431924819957
decision_type=2 2 2 2 2 2
left_child=1 5 3 -2 -3 -1
right_child=2 4 -4 -5 -6 -7
leaf_value=-0.0027154421178397408 0.014434080859065205 -0.0174434846546021 -0.0036778310554705278 -0.00045874342474260481 0 0.0054649113246542725
leaf_weight=0.78532087089843061 9.0212703152210398 8.2282854659424629 0.80335193066275756 1.4643116617080529 0.32607188267866227 1.6919148484594186
leaf_count=400 527 4879 190 301 54 93
internal_value=-0.00126391 -0.0128718 0.0101649 0.0124741 -0.0167634 0.00195407
internal_weight=22.3205 11.0316 11.2889 10.4856 8.55436 2.47724
internal_count=6444 5426 1018 828 4933 493
is_linear=0
shrinkage=0.025


Tree=107
num_leaves=7
num_cat=0
split_feature=21 26 13 24 27 22
split_gain=6.10427 2.60105 1.74865 0.763045 0.763173 0.34645
threshold=0.1894798427820206 -0.88302278518676747 2.2276135683059697 -4.7665493488311759 0.71963703632354747 0.79085835814476024
decision_type=2 2 2 2 2 2
left_child=3 2 -2 -1 -5 -3
right_child=1 5 -4 4 -6 -7
leaf_value=0.0011469927936657443 -0.0036942884689615215 -0.0072896856329400395 0.016089736531574732 -0.015845483634322245 0.001135324583220462 0.0013400263970195388
leaf_weight=0.6891260120901278 0.84573705213551775 2.304152213822817 11.02020673525112 7.2161390757391946 0.42088328569661815 1.0097849853336809
leaf_count=31 280 1079 700 4129 58 114
internal_value=0.0003537 0.00915384 0.0136319 -0.0126361 -0.0143361 -0.00468391
internal_weight=23.506 15.1799 11.8659 8.32615 7.63702 3.31394
internal_count=6391 2173 980 4218 4187 1193
is_linear=0
shrinkage=0.025


Tree=108
num_leaves=7
num_cat=0
split_feature=21 19 7 5 5 10
split_gain=5.66966 3.64221 1.05211 0.933755 0.780024 0.0616732
threshold=0.94925019145011913 0.20173196494579318 5.0760755538940439 4.1494643688201913 4.014458656311036 5.1170277595520028
decision_type=2 2 2 2 2 2
left_child=1 2 -1 -3 5 -2
right_child=4 3 -4 -5 -6 -7
leaf_value=-0.01762937702176599 0.01466063327697825 0.0089941674706595434 0.00080037602527849132 -0.003954132591866822 -0.0013228191036726044 0
leaf_weight=8.1834016673092282 7.3418864557315811 3.9657581399660549 1.0418794594006602 1.2777629295160293 0.60360416542971496 0.41074538088287216
leaf_count=4916 288 391 261 454 88 44
internal_value=0 -0.00850145 -0.0155589 0.00483881 0.0126475 0.0143174
internal_weight=22.825 14.4688 9.22528 5.24352 8.35624 7.75263
internal_count=6442 6022 5177 845 420 332
is_linear=0
shrinkage=0.025


Tree=109
num_leaves=7
num_cat=0
split_feature=22 13 19 25 21 13
split_gain=6.98762 1.81465 1.52567 0.854812 0.608217 0.224584
threshold=0.21498348563909533 2.9714708328247075 0.24768940359354022 1.0592690706253054 1.1583966612815859 4.282677650451661
decision_type=2 2 2 2 2 2
left_child=2 -2 4 -3 -1 -4
right_child=1 3 5 -5 -6 -7
leaf_value=-0.017033746281986641 -0.0042828518438557421 0.015578578877144098 -0.0018244598342298042 -0.00028754265531278055 0 0.004965961080116571
leaf_weight=8.0512901787733426 1.4001325546123542 9.1691979310271545 0.5563445229199705 1.3964653935254308 0.69145234703319225 1.1593423042213542
leaf_count=5008 348 422 285 289 63 42
internal_value=-0.00038969 0.0105498 -0.0126742 0.0136613 -0.0157445 0.00211441
internal_weight=22.4242 11.9658 10.4584 10.5657 8.74274 1.71569
internal_count=6457 1059 5398 711 5071 327
is_linear=0
shrinkage=0.025


Tree=110
num_leaves=7
num_cat=0
split_feature=21 13 26 24 27 21
split_gain=5.31377 2.10384 1.27446 1.12077 0.767869 0.290598
threshold=0.23926939815282824 3.0569137334823613 -0.88302278518676747 -5.408684015274047 0.71963703632354747 1.8219149708747866
decision_type=2 2 2 2 2 2
left_child=3 5 -3 -1 -5 -2
right_child=1 2 -4 4 -6 -7
leaf_value=0.002421144044467419 -0.0073973283823251705 0.015320393066039863 -0.00080016148712209892 -0.015958174787086537 0.0011233217604087594 0.001063042774806048
leaf_weight=0.74387517856666807 1.6205862718343262 8.8844072827196197 2.4153160241694414 7.2586226776038547 0.42378722791909229 0.60732181428465981
leaf_count=19 722 399 828 4434 62 24
internal_value=0 0.00850175 0.0123027 -0.0121497 -0.0144517 -0.00508637
internal_weight=21.9539 13.5276 11.2997 8.42629 7.68241 2.22791
internal_count=6488 1973 1227 4515 4496 746
is_linear=0
shrinkage=0.025


Tree=111
num_leaves=6
num_cat=0
split_feature=22 6 26 22 17
split_gain=6.03243 2.56111 1.61632 0.196707 0.15239
threshold=0.03419653698801995 3.1996345520019536 -0.79731562733650196 0.91675469279289257 1.0143367052078249
decision_type=2 2 2 2 2
left_child=4 2 -2 -3 -1
right_child=1 3 -4 -5 -6
leaf_value=-0.015250228229542549 0.015065018859838908 -0.0080485390097460897 -0.0025230071888403681 4.7298341666379823e-06 0
leaf_weight=6.6780388118204455 10.100653462475746 1.7084686229791253 1.8197183269949153 0.59805378297460254 0.73889892332954321
leaf_count=4522 476 697 606 46 113
internal_value=-0.000903522 0.00780514 0.0120586 -0.00653073 -0.0145279
internal_weight=21.6438 14.2269 11.9204 2.30652 7.41694
internal_count=6460 1825 1082 743 4635
is_linear=0
shrinkage=0.025


Tree=112
num_leaves=7
num_cat=0
split_feature=18 11 26 17 24 0
split_gain=6.45171 1.25152 0.969696 0.839439 0.46117 0.174237
threshold=0.14939824491739276 2.2338542938232426 -0.89323863387107838 0.72803479433059703 -4.7665493488311759 4.0291743278503427
decision_type=2 2 2 2 2 2
left_child=3 -2 -3 4 -1 -5
right_child=1 2 -4 5 -6 -7
leaf_value=0.00013141424609452957 -0.0034241951971175004 0.014683058781902129 -0.00046752639018347934 0.0032716571237934701 -0.016014820098495076 -0.0027183184023200795
leaf_weight=0.29661532961472303 1.01020977256121 8.4237465786281955 1.9484705513023062 1.3303731007472368 7.8397621350595754 0.56744372349930916
leaf_count=20 238 499 596 160 4764 183
internal_value=-0.000987286 0.00981374 0.012204 -0.0128443 -0.0151244 0
internal_weight=21.4166 11.3824 10.3722 10.0342 8.13638 1.89782
internal_count=6460 1333 1095 5127 4784 343
is_linear=0
shrinkage=0.025


Tree=113
num_leaves=7
num_cat=0
split_feature=27 5 19 27 13 1
split_gain=5.42184 3.23115 1.56186 0.550863 0.114247 0.0941609
threshold=0.16885523498058322 4.0348145961761483 0.53965365886688244 0.71963703632354747 4.3232603073120126 2.1870262622833256
decision_type=2 2 2 2 2 2
left_child=1 5 3 -2 -4 -1
right_child=2 -3 4 -5 -6 -7
leaf_value=0 -0.014978363109964823 -0.0068790187237176715 -0.00037966958077405386 0.00032469855918463702 0.0048155881567503887 0.015394108322171342
leaf_weight=0.42147962810122663 8.0022220596583757 2.0605203956947653 0.18858605137211171 0.54335773305501867 1.2782579654012804 9.6104916296462743
leaf_count=76 4434 927 72 97 69 760
internal_value=0.000246503 0.010026 -0.0105538 -0.0137832 0.00340406 0.0150472
internal_weight=22.1049 12.0925 10.0124 8.54558 1.46684 10.032
internal_count=6435 1763 4672 4531 141 836
is_linear=0
shrinkage=0.025


Tree=114
num_leaves=6
num_cat=0
split_feature=21 19 5 7 13
split_gain=5.0842 3.09122 1.04297 1.03326 1.02624
threshold=0.94925019145011913 0.20173196494579318 4.014458656311036 5.0760755538940439 2.9714708328247075
decision_type=2 2 2 2 2
left_child=1 3 -2 -1 -3
right_child=2 4 -4 -5 -6
leaf_value=-0.01697938348158835 0.014177775273028534 -0.0047732707443862519 -0.0025514974747338761 0.00099520565407071803 0.0086980715999834361
leaf_weight=7.5834589577134484 7.7195991449261765 1.1420397774636502 0.486417558742687 0.99720462426193979 4.0224153591843788
leaf_count=4918 332 433 88 271 437
internal_value=5.77382e-05 -0.00812376 0.0121223 -0.0148329 0.00422157
internal_weight=21.9511 13.7451 8.20602 8.58066 5.16446
internal_count=6479 6059 420 5189 870
is_linear=0
shrinkage=0.025


Tree=115
num_leaves=7
num_cat=0
split_feature=27 5 22 24 27 24
split_gain=5.05276 2.58231 1.16442 0.700339 0.595027 0.266025
threshold=0.16885523498058322 4.0348145961761483 0.75381013751029979 0.086431499570608153 0.71963703632354747 -5.408684015274047
decision_type=2 2 2 2 2 2
left_child=1 3 4 -1 -2 -3
right_child=2 5 -4 -5 -6 -7
leaf_value=0.015625853815540953 -0.014554700547966502 0.00086895612086576753 0.0020733273943655608 -0.00061494303608934241 0.00065787239645874105 -0.0073470369125198404
leaf_weight=8.7005236806580797 7.8545554114534735 0.56375869287876357 1.6079641872056516 0.65228802870842706 0.49147188497590821 1.856533896512701
leaf_count=373 4425 21 160 461 88 953
internal_value=0 0.00946849 -0.0105177 0.0142381 -0.0132797 -0.00529501
internal_weight=21.7271 11.7731 9.95399 9.35281 8.34603 2.42029
internal_count=6481 1808 4673 834 4513 974
is_linear=0
shrinkage=0.025


Tree=116
num_leaves=7
num_cat=0
split_feature=22 13 17 2 26 12
split_gain=5.63572 1.39968 1.31676 0.724742 0.602895 0.269626
threshold=0.21498348563909533 2.9714708328247075 0.82269197702407848 1.5959663391113283 -0.39548355340957636 2.998899102210999
decision_type=2 2 2 2 2 2
left_child=2 -2 4 -3 -1 -4
right_child=1 3 5 -5 -6 -7
leaf_value=-0.014888572803752215 -0.0029701753408746343 -0.00093258630898655065 -0.00222808707451371 0.014632622290389459 0.00059222652325690878 0.00516445634883756
leaf_weight=7.6860966588283182 1.49143572943285 0.65281586532364499 0.52296611687052008 9.706206370610742 0.51360856104293162 1.4811949698487294
leaf_count=5083 333 142 138 563 81 109
internal_value=0.000506076 0.0105717 -0.010405 0.0132605 -0.0135884 0.00212962
internal_weight=22.0543 11.8505 10.2039 10.359 8.19971 2.00416
internal_count=6449 1038 5411 705 5164 247
is_linear=0
shrinkage=0.025


Tree=117
num_leaves=7
num_cat=0
split_feature=21 19 7 13 5 25
split_gain=4.89899 3.0314 1.0733 0.976632 0.947453 0.163478
threshold=0.94925019145011913 0.20173196494579318 5.0760755538940439 2.9714708328247075 4.014458656311036 2.6188218593597417
decision_type=2 2 2 2 2 2
left_child=1 2 -1 -3 5 -2
right_child=4 3 -4 -5 -6 -7
leaf_value=-0.016816411149299011 0.014674841031493203 -0.00447879395761104 0.0012472794463824039 0.0088270901483269732 -0.0022866037303923906 0
leaf_weight=7.3525231075327628 7.0586297859117604 1.0857398176740378 0.94669925875496108 3.8005987908836687 0.44547233093180683 0.67196465093002178
leaf_count=4894 228 432 267 411 83 111
internal_value=0.000365177 -0.00789808 -0.0145917 0.00446848 0.0121059 0.0139985
internal_weight=21.3616 13.1856 8.29922 4.88634 8.17607 7.73059
internal_count=6426 6004 5161 843 422 339
is_linear=0
shrinkage=0.025


Tree=118
num_leaves=7
num_cat=0
split_feature=21 19 6 27 5 6
split_gain=4.59019 2.98036 1.01738 0.787685 0.765503 0.321703
threshold=0.94925019145011913 0.20173196494579318 3.0381945371627812 0.71963703632354747 4.014458656311036 -0.70837220549583424
decision_type=2 2 2 2 2 2
left_child=1 3 -3 -1 5 -2
right_child=4 2 -4 -5 -6 -7
leaf_value=-0.017332618331758927 0 0.0084659533928256991 -0.0049041762052013703 0.00082580389281471794 -0.0017341687570522739 0.013376021115997623
leaf_weight=7.4683793942385837 0.27432585461065162 3.5057039562379941 1.2813719018158733 0.47638078805175599 0.67470071508432727 6.4116280921734861
leaf_count=5060 61 293 569 83 92 271
internal_value=-0.00108841 -0.00925642 0.00357144 -0.0158626 0.0105635 0.0125504
internal_weight=20.0925 12.7318 4.78708 7.94476 7.36065 6.68595
internal_count=6429 6005 862 5143 424 332
is_linear=0
shrinkage=0.025


Tree=119
num_leaves=7
num_cat=0
split_feature=22 6 26 17 0 24
split_gain=4.57614 1.89594 1.57231 0.55536 0.135996 0.061089
threshold=0.03419653698801995 3.1996345520019536 -0.84910276532173146 1.0143367052078249 3.596867680549622 0.44933010637760168
decision_type=2 2 2 2 2 2
left_child=3 2 -2 -1 -3 -5
right_child=1 4 -4 5 -6 -7
leaf_value=-0.014494236411895886 0.014330236296633981 2.8154906003181554e-05 -0.0025251654448795132 0.002286012528836358 -0.0065266934535291162 -0.0012793693711139458
leaf_weight=6.0937945649639031 8.6742113547224999 0.24393239576602299 2.0996179138601283 0.62868428626097728 1.9216188345599219 0.35558573485468514
leaf_count=4503 341 24 723 12 700 108
internal_value=-0.000870644 0.00706542 0.01089 -0.012815 -0.00541168 0
internal_weight=20.0174 12.9394 10.7738 7.07806 2.16555 0.98427
internal_count=6411 1788 1064 4623 724 120
is_linear=0
shrinkage=0.025


Tree=120
num_leaves=6
num_cat=0
split_feature=22 17 7 12 23
split_gain=4.48015 3.7534 1.01003 0.822892 0.213774
threshold=0.82723981142044078 0.65049883723258983 5.0760755538940439 2.880744576454163 -6.4539918899536124
decision_type=2 2 2 2 2
left_child=1 2 -1 -3 -2
right_child=4 3 -4 -5 -6
leaf_value=-0.01634910375027156 0 -0.0033403721096873016 0.0011175750309517611 0.0096699089592264375 0.013037817989340639
leaf_weight=8.5254446318140253 0.27854503010166798 0.72746260982239519 0.96649442700436416 3.9572105050465325 6.1832240679505039
leaf_count=5412 73 203 267 370 171
internal_value=0 -0.00733849 -0.0143674 0.00632273 0.0124176
internal_weight=20.6384 14.1766 9.49194 4.68467 6.46177
internal_count=6496 6252 5679 573 244
is_linear=0
shrinkage=0.025


Tree=121
num_leaves=7
num_cat=0
split_feature=21 22 13 17 25 13
split_gain=6.27067 2.30998 0.770752 0.446822 0.203811 0.0584374
threshold=0.94925019145011913 0.72420740127563488 2.2276135683059697 0.82269197702407848 2.4660110473632817 3.1729196310043339
decision_type=2 2 2 2 2 2
left_child=1 3 -2 -1 -4 -3
right_child=2 5 4 -5 -6 -7
leaf_value=-0.016844202990461896 -0.0018200005438681922 0 0.013927425703759922 0 0 0.0048767345286093956
leaf_weight=8.8372067394811893 0.43305094217066553 0.36136850653565389 6.6841627299872926 0.76076238506357263 0.60227259766543273 1.5470713093818629
leaf_count=5693 96 65 217 169 105 66
internal_value=-0.00179792 -0.011861 0.0114766 -0.0158054 0.0131946 0.00415352
internal_weight=19.2259 11.5064 7.71949 9.59797 7.28644 1.90844
internal_count=6411 5993 418 5862 322 131
is_linear=0
shrinkage=0.025


Tree=122
num_leaves=7
num_cat=0
split_feature=21 22 17 13 26 6
split_gain=4.64329 2.37886 1.41045 0.702941 0.248002 0.109026
threshold=0.94925019145011913 0.72420740127563488 0.72803479433059703 2.2276135683059697 -0.80510121583938588 3.5858670473098759
decision_type=2 2 2 2 2 2
left_child=1 2 -1 -2 -5 -3
right_child=3 5 -4 4 -6 -7
leaf_value=-0.015880864372741752 -0.0016258869768156572 0.0064019632915372302 0.0019081424826364237 0.013826642843728035 0 0
leaf_weight=8.5020764561486448 0.39968282222980533 1.9908357550884823 1.53300232667243 6.523554042854812 0.6258138732810038 0.39823088128468942
leaf_count=5616 83 73 279 192 136 75
internal_value=-1.30996e-05 -0.00856793 -0.0130168 0.0113723 0.0129835 0.00543639
internal_weight=19.9732 12.4241 10.0351 7.54905 7.14937 2.38907
internal_count=6454 6043 5895 411 328 148
is_linear=0
shrinkage=0.025


Tree=123
num_leaves=7
num_cat=0
split_feature=27 13 22 22 21 19
split_gain=5.19959 2.36722 1.10212 0.353427 0.33018 0.251851
threshold=0.16885523498058322 3.1542891263961796 0.75381013751029979 -0.099476043134927736 1.8219149708747866 0.56330150365829479
decision_type=2 2 2 2 2 2
left_child=1 4 5 -3 -1 -2
right_child=2 3 -4 -5 -6 -7
leaf_value=-0.0071014511383496251 -0.014933550905944294 0 0.0015804955090612761 0.014821521220051554 0.0015864574578381614 0
leaf_weight=2.1203032168268723 7.3521761251176923 0.20469123167276748 1.4618206241866571 8.0464116594521311 0.49104209226788942 0.30033298305352207
leaf_count=1163 4527 247 159 339 8 54
internal_value=-0.000528517 0.0091641 -0.0116772 0.0141285 -0.00467765 -0.0143275
internal_weight=19.9768 10.8624 9.11433 8.2511 2.61135 7.65251
internal_count=6497 1757 4740 586 1171 4581
is_linear=0
shrinkage=0.025


Tree=124
num_leaves=7
num_cat=0
split_feature=22 6 3 6 21 21
split_gain=4.12669 2.01415 1.25598 0.626472 0.553574 0.106633
threshold=0.03419653698801995 3.1996345520019536 1.5161441564559939 0.10512435063719751 1.3229246735572817 1.8219149708747866
decision_type=2 2 2 2 2 2
left_child=3 2 -2 -1 -5 -3
right_child=1 5 -4 4 -6 -7
leaf_value=0.0014158698464666912 -0.001808016787650723 -0.0061853095443844307 0.014469229341080936 -0.014098424351095942 0.00054750567318401753 0
leaf_weight=0.38862372381845744 1.6484393582941255 1.8210797460778843 9.3963963690184737 5.6895589165796991 0.54379819188034151 0.26846772007411335
leaf_count=100 476 713 597 4495 33 9
internal_value=0.00052015 0.00808785 0.011844 -0.0109741 -0.0125894 -0.00523533
internal_weight=19.7564 13.1344 11.0448 6.62198 6.23336 2.08955
internal_count=6423 1795 1073 4628 4528 722
is_linear=0
shrinkage=0.025


Tree=125
num_leaves=7
num_cat=0
split_feature=26 5 18 27 6 6
split_gain=4.1968 1.80591 1.3372 0.609705 0.145945 0.0851966
threshold=-0.99836018681526173 4.014458656311036 0.46435379981994634 0.71963703632354747 3.0381945371627812 3.2550654411315922
decision_type=2 2 2 2 2 2
left_child=1 -1 3 -2 -4 -3
right_child=2 5 4 -5 -6 -7
leaf_value=0.013942688181505814 -0.013908199651049367 0 0.004241220032705789 0.00091724719021010932 -0.0011305787927290644 -0.005227150799586678
leaf_weight=6.8317115598620166 7.9576160767173842 0.24271220655646164 2.0426955230359449 0.44665219538728695 0.30607254969072517 1.253767091387999
leaf_count=326 5013 5 193 80 197 654
internal_value=-0.000322982 0.00983424 -0.00921095 -0.0126058 0.00239777 -0.0042551
internal_weight=19.0812 8.32819 10.753 8.40427 2.34877 1.49648
internal_count=6468 985 5483 5093 390 659
is_linear=0
shrinkage=0.025


Tree=126
num_leaves=7
num_cat=0
split_feature=21 19 7 10 6 3
split_gain=3.85209 2.48529 1.04842 0.658235 0.656501 0.152428
threshold=0.94925019145011913 0.20173196494579318 5.0760755538940439 0.33315697312355047 3.0381945371627812 1.1845307350158694
decision_type=2 2 2 2 2 2
left_child=1 2 -1 -2 -3 -5
right_child=3 4 -4 5 -6 -7
leaf_value=-0.015986522851631935 -0.0013189281769715236 0.0077852108201383052 0.0014846633704509273 0 -0.0031438518905650978 0.013054670282667878
leaf_weight=6.7272008377622132 0.60460411952226323 3.252172630149289 0.90344101683876932 0.3129138298681936 1.3109746111149432 6.4461103811481735
leaf_count=4918 64 289 261 58 548 308
internal_value=0 -0.00744795 -0.0136543 0.0108437 0.0039897 0.0125614
internal_weight=19.5574 12.1938 7.63064 7.36363 4.56315 6.75902
internal_count=6446 6016 5179 430 837 366
is_linear=0
shrinkage=0.025


Tree=127
num_leaves=7
num_cat=0
split_feature=22 17 13 26 13 25
split_gain=4.21189 2.37922 0.820068 0.782229 0.385196 0.385533
threshold=0.58614850044250499 0.52082839608192455 4.2384409904479989 -0.39548355340957636 2.9714708328247075 0.3160493671894074
decision_type=2 2 2 2 2 2
left_child=1 3 -3 -1 -2 -6
right_child=4 2 -4 -5 5 -7
leaf_value=-0.016450922318395698 -0.00033233554676447051 -0.0041148002709228675 0.0079242050233362688 0.0010511921922042213 0.012843017616309148 -0.00017291982452075506
leaf_weight=6.9497172260889792 0.4901229310198677 1.5583462555368894 2.7559610928728944 0.43918756683706384 5.801222562266048 0.42717884843295895
leaf_count=5059 108 649 215 83 201 123
internal_value=-0.000872499 -0.00898885 0.00303013 -0.0149017 0.0105352 0.0117142
internal_weight=18.4217 11.7032 4.31431 7.3889 6.71852 6.2284
internal_count=6438 6006 864 5142 432 324
is_linear=0
shrinkage=0.025


Tree=128
num_leaves=7
num_cat=0
split_feature=27 6 19 27 22 5
split_gain=3.58048 1.94893 1.01383 0.503376 0.381067 0.132528
threshold=0.16885523498058322 4.1082196235656747 0.53965365886688244 0.71963703632354747 -0.25412984192371363 4.014458656311036
decision_type=2 2 2 2 2 2
left_child=1 4 3 -2 -1 -3
right_child=2 5 -4 -5 -6 -7
leaf_value=-0.00023965092657400727 -0.013068860179425552 6.9698198906204491e-05 0.0025158984668002607 0.00059468170380756486 0.013588195669956794 -0.006150407838028598
leaf_weight=0.23069598992879026 7.0722883074922702 0.31975094723747943 1.2436813620006431 0.49296301597496484 7.8555445249949134 1.5513806183735139
leaf_count=274 4420 111 143 94 522 851
internal_value=0 0.00850799 -0.00914596 -0.0117988 0.0127753 -0.00490063
internal_weight=18.7663 9.95737 8.80893 7.56525 8.08624 1.87113
internal_count=6415 1758 4657 4514 796 962
is_linear=0
shrinkage=0.025


Tree=129
num_leaves=7
num_cat=0
split_feature=21 6 3 24 5 0
split_gain=3.46107 1.82018 1.13625 0.667769 0.712093 0.0867764
threshold=0.22174268960952762 3.3466130495071416 1.5161441564559939 -4.7665493488311759 -0.17676284909248349 3.596867680549622
decision_type=2 2 2 2 2 2
left_child=3 2 -2 -1 -5 -3
right_child=1 5 -4 4 -6 -7
leaf_value=0.001309543973356718 -0.0025652952834168043 0 0.013126750641802236 0.001378470984557808 -0.014185262649258951 -0.0063698363722194552
leaf_weight=0.69580852254876013 1.0575332168227749 0.31129571156634384 9.0942650633951398 0.39631378083140667 5.8025894982274631 1.5410417350358327
leaf_count=34 373 59 859 100 4298 743
internal_value=-2.74775e-05 0.00699438 0.0107725 -0.0105795 -0.0124609 -0.00555128
internal_weight=18.8988 12.0041 10.1518 6.89471 6.1989 1.85234
internal_count=6466 2034 1232 4432 4398 802
is_linear=0
shrinkage=0.025


Tree=130
num_leaves=7
num_cat=0
split_feature=21 22 7 13 23 6
split_gain=3.42961 2.03484 0.812441 0.493142 0.147571 0.0547464
threshold=0.97638365626335155 0.75381013751029979 5.0760755538940439 2.2276135683059697 -5.2398998737335196 3.6046800613403325
decision_type=2 2 2 2 2 2
left_child=1 2 -1 -2 -5 -3
right_child=3 5 -4 4 -6 -7
leaf_value=-0.014036855200042969 -0.0012225351079230267 0.0056151739331740799 0.0011162417767760899 0 0.011795575363363201 0
leaf_weight=8.7464343658502912 0.34243914962280442 1.874751851850305 0.93919147507404055 0.68038435329799529 5.3380050281266449 0.34354631818132464
leaf_count=5655 79 64 271 118 191 63
internal_value=-0.000957254 -0.00813583 -0.0122621 0.009595 0.0110532 0.00502885
internal_weight=18.2648 11.9039 9.68563 6.36083 6.01839 2.2183
internal_count=6441 6053 5926 388 309 127
is_linear=0
shrinkage=0.025


Tree=131
num_leaves=7
num_cat=0
split_feature=22 17 24 27 6 5
split_gain=3.57957 3.04694 0.694222 0.691895 0.293613 0.0420212
threshold=0.79085835814476024 0.52082839608192455 0.44933010637760168 0.71963703632354747 3.749136328697205 0.54866600036621105
decision_type=2 2 2 2 2 2
left_child=1 3 -3 -1 5 -2
right_child=4 2 -4 -5 -6 -7
leaf_value=-0.015772823661475057 0 0.0081510786630893551 -0.0033755838558880411 0.00081238766856337136 0 0.012383400708172463
leaf_weight=7.0168095054104942 0.333578191784908 4.0767906981927808 0.79328737912874192 0.47354436526074994 0.4144022071850485 5.1429513691837201
leaf_count=5179 75 312 587 84 59 154
internal_value=0 -0.00716644 0.00488141 -0.0143184 0.0111156 0.0120814
internal_weight=18.2514 12.3604 4.87008 7.49035 5.89093 5.47653
internal_count=6450 6162 899 5263 288 229
is_linear=0
shrinkage=0.025


Tree=132
num_leaves=6
num_cat=0
split_feature=21 13 25 24 21
split_gain=4.16948 1.76149 1.06657 0.610849 0.254969
threshold=0.18274159729480746 2.9714708328247075 1.247372090816498 -5.9168388843536368 1.8219149708747866
decision_type=2 2 2 2 2
left_child=3 4 -3 -1 -2
right_child=1 2 -4 -5 -6
leaf_value=0.00085812590809385126 -0.0070671914590689335 0.013723129389164255 -0.00087520481596491486 -0.013870681683879253 0.00090236692341732485
leaf_weight=0.53544317313935685 1.6029978440492407 8.4321495238546031 2.3372811037261263 5.6082585521653545 0.55896810215199355
leaf_count=15 765 654 813 4196 22
internal_value=0 0.00725047 0.0108856 -0.0122171 -0.00494256
internal_weight=19.0751 12.9314 10.7694 6.1437 2.16197
internal_count=6465 2254 1467 4211 787
is_linear=0
shrinkage=0.025


Tree=133
num_leaves=7
num_cat=0
split_feature=21 25 7 5 5 20
split_gain=3.85592 0.922209 0.95772 0.767112 0.429222 0.212463
threshold=0.94925019145011913 0.48239068686962133 5.0760755538940439 3.7555809020996098 3.9043327569961552 1.5485189557075503
decision_type=2 2 2 2 2 2
left_child=1 4 -3 5 -1 -2
right_child=3 2 -4 -5 -6 -7
leaf_value=0.0042473864383303084 0.013269363419283678 -0.014413042225477414 0.0017401150628018104 -0.0017860997775759919 -0.0042955240417440884 0
leaf_weight=3.1112464418984036 6.0108116719202362 5.6993139346886892 0.86021214234642673 0.64957639557542268 1.6083844175009288 0.5273584967071655
leaf_count=663 217 4500 263 107 609 106
internal_value=0 -0.00808992 -0.0119176 0.0105032 0 0.0125108
internal_weight=18.4669 11.2792 6.55953 7.18775 4.71963 6.53817
internal_count=6465 6035 4763 430 1272 323
is_linear=0
shrinkage=0.025


Tree=134
num_leaves=7
num_cat=0
split_feature=21 19 7 13 13 26
split_gain=3.52025 1.97943 0.971729 0.633424 0.558904 0.294647
threshold=0.94925019145011913 0.2867374867200852 5.0760755538940439 2.2276135683059697 2.9714708328247075 -0.80711084604263295
decision_type=2 2 2 2 2 2
left_child=1 2 -1 -2 -3 -5
right_child=3 4 -4 5 -6 -7
leaf_value=-0.01501380240915394 -0.0015932629138093767 -0.0031371606789454723 0.001525573968234154 0.012975237466293239 0.0073199864980227408 0
leaf_weight=6.6098174406506605 0.40515681175747786 0.78128879462019574 0.89464156370377157 6.0381752400862752 2.7316460029833252 0.61911359275109124
leaf_count=5113 90 341 269 200 264 141
internal_value=0 -0.00752969 -0.0127206 0.0103495 0.0037835 0.0119841
internal_weight=18.0798 11.0174 7.50446 7.06245 3.51293 6.65729
internal_count=6418 5987 5382 431 605 341
is_linear=0
shrinkage=0.025


Tree=135
num_leaves=7
num_cat=0
split_feature=27 13 22 27 22 17
split_gain=3.17705 1.63874 0.70298 0.575206 0.298414 0.234173
threshold=0.16885523498058322 2.9714708328247075 0.79085835814476024 0.71963703632354747 -0.25412984192371363 1.1581763029098513
decision_type=2 2 2 2 2 2
left_child=1 5 3 -2 -3 -1
right_child=2 4 -4 -5 -6 -7
leaf_value=-0.0063352127136304783 -0.012940477035355242 -3.0563825126686573e-05 0.001275472084966792 0.0010207331616293464 0.012634167682232326 0.0010357124235204043
leaf_weight=1.5947799056448295 6.5023094669668335 0.19390052405651648 1.2513151991734046 0.44206337482319202 7.0953922963090008 0.54476912689278822
leaf_count=1030 4417 230 137 87 465 45
internal_value=-0.000273914 0.00764926 -0.00930737 -0.0114732 0.0119133 -0.00417205
internal_weight=17.6245 9.42884 8.19569 6.94437 7.28929 2.13955
internal_count=6411 1770 4641 4504 695 1075
is_linear=0
shrinkage=0.025


Tree=136
num_leaves=7
num_cat=0
split_feature=18 13 27 17 25 17
split_gain=2.73906 0.795323 0.780007 0.627798 0.560257 0.0879312
threshold=0.20843484252691272 3.1542891263961796 0.71963703632354747 0.65049883723258983 0.36279103159904486 1.3164461851119997
decision_type=2 2 2 2 2 2
left_child=2 5 3 -1 -3 -2
right_child=1 4 -4 -5 -6 -7
leaf_value=-0.013257937601613685 -0.0040958811190305007 0.011573158880352293 0.0024880981352346553 0 -0.00073082995990276611 0.00026169781261216975
leaf_weight=6.135380163177615 0.87190224138612282 5.7066898843477247 0.5606991847453181 2.1197484439035179 1.0835737936286021 0.2692268876126036
leaf_count=4705 485 395 71 475 248 9
internal_value=-0.00124831 0.00700176 -0.00897085 -0.0108656 0.00960234 -0.00267405
internal_weight=16.7472 7.93139 8.81583 8.25513 6.79026 1.14113
internal_count=6388 1137 5251 5180 643 494
is_linear=0
shrinkage=0.025


Tree=137
num_leaves=7
num_cat=0
split_feature=27 6 22 24 21 18
split_gain=3.97897 1.64864 0.972719 0.406696 0.133133 0.0934531
threshold=0.16885523498058322 4.1082196235656747 0.963395655155182 0.44933010637760168 1.8219149708747866 0.45156332850456243
decision_type=2 2 2 2 2 2
left_child=1 3 5 -1 -3 -2
right_child=2 4 -4 -5 -6 -7
leaf_value=0.012682487467495602 -0.014639403086629249 -0.0059212052197588211 0.0018033089062185312 -0.00044810582529414809 0.0001693965365597498 0
leaf_weight=7.111097788219924 6.117049604181374 1.5207076693186534 0.95287515188101668 0.29010922220186319 0.28112043917644758 0.81228333912440565
leaf_count=423 4353 948 82 381 10 225
internal_value=-0.00163055 0.00755208 -0.011607 0.0116907 -0.00462609 -0.0139579
internal_weight=17.0852 9.20304 7.88221 7.40121 1.80183 6.92933
internal_count=6422 1762 4660 804 958 4578
is_linear=0
shrinkage=0.025


Tree=138
num_leaves=7
num_cat=0
split_feature=27 6 22 21 22 21
split_gain=3.78016 1.82574 0.883126 0.290097 0.225712 0.116466
threshold=0.16885523498058322 3.3136386871337895 0.75381013751029979 0.97638365626335155 -0.25412984192371363 1.8219149708747866
decision_type=2 2 2 2 2 2
left_child=1 4 3 -2 -1 -3
right_child=2 5 -4 -5 -6 -7
leaf_value=0 -0.014518330778274833 -0.0054444561140717393 0.0012387053127304024 0 0.013086498921009108 9.4806632145003078e-05
leaf_weight=0.14050517174473487 5.7860238300781912 2.0918177264102273 1.3847188400395678 1.0077192749304229 6.623414920439247 0.29161060863407318
leaf_count=132 4438 1311 151 134 308 10
internal_value=-0.00122182 0.00773254 -0.0108452 -0.0133191 0.0125387 -0.00431499
internal_weight=17.3258 9.14735 8.17846 6.79374 6.76392 2.38343
internal_count=6484 1761 4723 4572 440 1321
is_linear=0
shrinkage=0.025


Tree=139
num_leaves=7
num_cat=0
split_feature=27 5 24 27 24 6
split_gain=3.47802 1.81858 1.01172 0.613012 0.360297 0.13169
threshold=0.16358176618814471 4.014458656311036 -3.8895868062973018 0.71963703632354747 0.086431499570608153 3.9379875659942631
decision_type=2 2 2 2 2 2
left_child=1 4 -2 -4 -1 -3
right_child=2 5 3 -5 -6 -7
leaf_value=0.013382493231387261 0.0021352209437182951 7.6565834360488397e-05 -0.014175650343888771 0.00087895342223974753 0 -0.0060493442895859628
leaf_weight=6.8100886491010915 1.2766315530898289 0.35532720090122882 6.1984984087030153 0.45836661552311841 0.48245875489374146 1.509144643161562
leaf_count=356 145 54 4518 90 404 880
internal_value=-0.000377677 0.00801392 -0.00990037 -0.0126705 0.0123993 -0.00476599
internal_weight=17.0905 9.15702 7.9335 6.65687 7.29255 1.86447
internal_count=6447 1694 4753 4608 760 934
is_linear=0
shrinkage=0.025


Tree=140
num_leaves=7
num_cat=0
split_feature=25 13 27 27 19 13
split_gain=2.88113 2.2914 1.02682 0.569349 0.145831 0.1209
threshold=0.41893194615840917 2.9714708328247075 0.072524733841419234 0.71963703632354747 -0.43038596212863917 3.5661458969116215
decision_type=2 2 2 2 2 2
left_child=1 -1 5 -4 -3 -2
right_child=2 4 3 -5 -6 -7
leaf_value=-0.0061307786124967685 -0.00076164412506403857 0 -0.013333258251160732 0.0009102718508382829 0.012920179269127134 0.0042351558545780056
leaf_weight=1.9236828722569059 0.36194442558917117 0.11795041344885238 5.5931454989186022 0.44499472636380222 7.7925925538729643 1.1662127656600203
leaf_count=780 293 96 4513 90 653 49
internal_value=0 0.00766897 -0.00859471 -0.0117805 0.0125836 0.00241737
internal_weight=17.4005 9.83423 7.5663 6.03814 7.91054 1.52816
internal_count=6474 1529 4945 4603 749 342
is_linear=0
shrinkage=0.025


Tree=141
num_leaves=7
num_cat=0
split_feature=27 6 19 18 21 21
split_gain=3.1131 1.75869 0.72542 0.507101 0.262538 0.13045
threshold=0.16885523498058322 4.1082196235656747 0.53965365886688244 0.45156332850456243 0.0052853489760309466 1.8219149708747866
decision_type=2 2 2 2 2 2
left_child=1 4 3 -2 -1 -3
right_child=2 5 -4 -5 -6 -7
leaf_value=0 -0.012417985754894154 -0.0058499998452637841 0.0018035857638909612 8.264167054333132e-05 0.013209712499970558 0.0001611229590964294
leaf_weight=0.5990429571975272 5.7458306470143707 1.4983122479461588 1.1897936901368664 1.2279577669833086 7.4028270611306652 0.27998627931810904
leaf_count=331 4284 964 150 234 475 10
internal_value=0.000374215 0.00839632 -0.0083004 -0.0105795 0.0124031 -0.00456079
internal_weight=17.9438 9.78017 8.16358 6.97379 8.00187 1.7783
internal_count=6448 1780 4668 4518 806 974
is_linear=0
shrinkage=0.025


Tree=142
num_leaves=6
num_cat=0
split_feature=21 6 27 21 16
split_gain=2.91134 1.62036 0.879952 0.197823 0.131353
threshold=0.0052853489760309466 3.3466130495071416 0.22525071352720263 1.8219149708747866 1.3905151486396792
decision_type=2 2 2 2 2
left_child=4 2 -2 -3 -1
right_child=1 3 -4 -5 -6
leaf_value=-0.011446764125295487 0.013022278181706176 -0.0062910936442485662 0 0.00060668794684787817 0
leaf_weight=4.0097518710899775 7.531208373817206 2.1778932458619233 3.275527607256663 0.58534848480485369 0.20334387096227136
leaf_count=3107 508 1240 1532 26 58
internal_value=0.000402508 0.00624765 0.00998226 -0.00457518 -0.0109191
internal_weight=17.7831 13.57 10.8067 2.76324 4.2131
internal_count=6471 3306 2040 1266 3165
is_linear=0
shrinkage=0.025


Tree=143
num_leaves=7
num_cat=0
split_feature=27 13 19 21 27 1
split_gain=3.1468 1.57535 1.06493 0.680641 0.585696 0.098533
threshold=0.16706018149852755 2.2276135683059697 0.53965365886688244 0.039304515346884734 0.71963703632354747 3.4741563796997075
decision_type=2 2 2 2 2 2
left_child=1 -1 4 -3 -2 -4
right_child=2 3 5 -5 -6 -7
leaf_value=-0.0049790712631634024 -0.013805237161653211 -0.0014285330448992192 0.004053340731968922 0.012963055300443421 0.00083995791119759471 -0.00048617621150080835
leaf_weight=1.2654151692695466 6.0057625786866984 0.4817944624373921 1.0549617101787587 7.5063529577164445 0.46641871871543106 0.26779166080814309
leaf_count=660 4487 498 44 606 89 106
internal_value=-0.000102963 0.00775902 -0.00930945 0.0113981 -0.0122989 0.00248812
internal_weight=17.0485 9.25356 7.79493 7.98815 6.47218 1.32275
internal_count=6490 1764 4726 1104 4576 150
is_linear=0
shrinkage=0.025


Tree=144
num_leaves=7
num_cat=0
split_feature=22 17 3 13 23 11
split_gain=2.81198 2.12328 0.851904 0.80983 0.217409 0.0175248
threshold=0.79085835814476024 0.52082839608192455 -0.19828375428915021 3.5661458969116215 -6.4539918899536124 2.3939020633697514
decision_type=2 2 2 2 2 2
left_child=1 2 -1 -3 -2 -6
right_child=4 3 -4 -5 5 -7
leaf_value=0.0012461961612946187 0 -0.0039678227191270064 -0.014660089725759926 0.0080295656916182911 0 0.011444422244235251
leaf_weight=0.84994018515863068 0.28981934962212097 1.2922217430968883 6.1547675154142789 3.4515659145399695 0.61378812958719109 4.3112368602160132
leaf_count=174 85 542 5097 355 61 125
internal_value=0 -0.00639423 -0.0124942 0.00376096 0.0102476 0.011035
internal_weight=16.9633 11.7485 7.00471 4.74379 5.21484 4.92502
internal_count=6439 6168 5271 897 271 186
is_linear=0
shrinkage=0.025


Tree=145
num_leaves=7
num_cat=0
split_feature=25 6 26 27 1 24
split_gain=2.77196 2.26498 0.691453 0.52968 0.251744 0.111901
threshold=0.48239068686962133 3.1850359439849858 -1.015542685985565 0.71963703632354747 1.7189171314239504 -5.408684015274047
decision_type=2 2 2 2 2 2
left_child=1 4 -2 -4 -1 -3
right_child=2 5 3 -5 -6 -7
leaf_value=0 0.0010988718273289646 0 -0.012874520817335883 0.00082138799902260512 0.013150410566955232 -0.0066381973767034481
leaf_weight=0.12744495604420247 1.5357470376620774 0.40290610876400057 5.329651754756922 0.46287588143604796 7.179262504541839 2.003693365440995
leaf_count=60 423 24 4399 93 483 953
internal_value=0 0.00724325 -0.00882688 -0.0113275 0.012584 -0.00567679
internal_weight=17.0416 9.71331 7.32827 5.79253 7.30671 2.4066
internal_count=6435 1520 4915 4492 543 977
is_linear=0
shrinkage=0.025


Tree=146
num_leaves=6
num_cat=0
split_feature=21 13 27 21 22
split_gain=2.6555 1.41394 0.667534 0.23394 0.191626
threshold=0.0052853489760309466 2.9714708328247075 0.17067258805036548 1.3932017087936404 0.85867285728454601
decision_type=2 2 2 2 2
left_child=4 3 -3 -2 -1
right_child=1 2 -4 -5 -6
leaf_value=-0.011086845886823331 -0.006535697114768424 0.012646063073616929 0 0.00081721379654512674 0
leaf_weight=3.8566789960241321 1.5649489492134301 6.6280469484336191 4.009378651760926 0.80864740826655168 0.31693971529602993
leaf_count=3171 1000 424 1768 57 24
internal_value=0.00051825 0.00621975 0.00960412 -0.00432755 -0.010277
internal_weight=17.1846 13.011 10.6374 2.3736 4.17362
internal_count=6444 3249 2192 1057 3195
is_linear=0
shrinkage=0.025


Tree=147
num_leaves=7
num_cat=0
split_feature=27 6 24 27 5 25
split_gain=2.50891 1.28604 1.18213 0.4839 0.108551 0.101623
threshold=0.12801373004913333 4.1082196235656747 -3.682715535163879 0.71963703632354747 4.014458656311036 -0.6669301688671111
decision_type=2 2 2 2 2 2
left_child=1 -1 5 -4 -3 -2
right_child=2 4 3 -5 -6 -7
leaf_value=0.01213961412932742 0.0046490785205910391 0.00028827105412500639 -0.011504614032541868 0.00092479774452911229 -0.0047615572320310624 -0.00017943151553611694
leaf_weight=6.3577143009897581 1.7969604572717801 0.26944585571618507 6.9464059082602008 0.45254331539035764 1.1887497475327107 0.32412617540103461
leaf_count=456 96 65 4990 93 677 94
internal_value=0.000366101 0.00857756 -0.00657726 -0.0101739 -0.00335993 0.00342564
internal_weight=17.3359 7.81591 9.52004 7.39895 1.4582 2.12109
internal_count=6471 1198 5273 5083 742 190
is_linear=0
shrinkage=0.025


Tree=148
num_leaves=7
num_cat=0
split_feature=22 6 25 18 14 27
split_gain=3.14323 1.37915 0.970273 0.293067 0.0928664 0.0763949
threshold=0.0378932822495699 3.1996345520019536 1.247372090816498 0.53859758377075206 -0.7669638693332671 -0.028105826117098328
decision_type=2 2 2 2 2 2
left_child=3 2 -2 5 -3 -1
right_child=1 4 -4 -5 -6 -7
leaf_value=0 0.012617750968561069 0 -0.0013432352413890417 0 -0.0053601922994179138 -0.012525907000698703
leaf_weight=0.30469953104329839 7.6246331709844508 0.55764969554729793 1.957524333061883 0.31848227612499602 1.5654907377029292 4.6293062942495471
leaf_count=88 516 74 553 73 654 4472
internal_value=-6.16437e-05 0.00640209 0.00985443 -0.0111731 -0.00428183 -0.0121359
internal_weight=16.9578 11.7053 9.58216 5.25249 2.12314 4.93401
internal_count=6430 1797 1069 4633 728 4560
is_linear=0
shrinkage=0.025


Tree=149
num_leaves=7
num_cat=0
split_feature=27 5 19 24 21 24
split_gain=2.94252 1.47029 0.939192 0.43204 0.213033 0.176319
threshold=0.16885523498058322 4.0348145961761483 0.53965365886688244 0.19814167916774753 0.97638365626335155 -5.408684015274047
decision_type=2 2 2 2 2 2
left_child=1 3 4 -1 -2 -3
right_child=2 5 -4 -5 -6 -7
leaf_value=0.012258695985611365 -0.01402814782581634 0.00056221957522107355 0.0019842892986259024 -0.0006274972726419538 0 -0.0060147100091110673
leaf_weight=6.0812594580347632 4.9993801188247753 0.48811089847004074 1.071948637749301 0.32565291722858081 1.1019506608572553 1.5176149491089743
leaf_count=376 4327 18 140 440 165 951
internal_value=-0.00136159 0.00672007 -0.0102202 0.0110678 -0.0128554 -0.00426309
internal_weight=15.5859 8.41264 7.17328 6.40691 6.10133 2.00573
internal_count=6417 1785 4632 816 4492 969
is_linear=0
shrinkage=0.025


Tree=150
num_leaves=7
num_cat=0
split_feature=21 19 3 13 6 26
split_gain=2.55185 1.45789 0.819199 0.42221 0.364596 0.176186
threshold=0.94925019145011913 0.33523818850517279 -0.19828375428915021 2.2602044343948369 3.1996345520019536 -0.85024195909500111
decision_type=2 2 2 2 2 2
left_child=1 2 -1 -2 -3 -5
right_child=3 4 -4 5 -6 -7
leaf_value=0.0012734816709151109 -0.0011510413432444513 0.006008700773155456 -0.01414679876788854 0.010776223750016765 -0.0025009431195109704 0
leaf_weight=0.85489800231152813 0.34872602584073398 2.2700318152346886 5.9509526433321289 4.693733323350898 0.60361890138301522 0.63256849508616131
leaf_count=186 90 167 5316 171 349 148
internal_value=-0.000751427 -0.00759874 -0.0119614 0.00843096 0.00297437 0.00991714
internal_weight=15.3545 9.6795 6.80585 5.67503 2.87365 5.3263
internal_count=6427 6018 5502 409 516 319
is_linear=0
shrinkage=0.025


Tree=151
num_leaves=6
num_cat=0
split_feature=21 5 26 24 24
split_gain=2.52852 1.23292 1.05344 0.177825 0.112071
threshold=0.0052853489760309466 4.0348145961761483 -0.88302278518676747 -4.7665493488311759 -5.408684015274047
decision_type=2 2 2 2 2
left_child=3 2 -2 -1 -3
right_child=1 4 -4 -5 -6
leaf_value=0 0.012406393065784766 0 -0.00073395201917926599 -0.010840022670465618 -0.0056707948583948342
leaf_weight=0.31014325210708182 7.7730542336503268 0.33517830015625794 3.4716924158274187 3.7151247500005438 1.3263893670009554
leaf_count=23 856 14 1795 3182 636
internal_value=0.000589 0.00613971 0.0089875 -0.0100575 -0.00447495
internal_weight=16.9316 12.9063 11.2447 4.02527 1.66157
internal_count=6506 3301 2651 3205 650
is_linear=0
shrinkage=0.025


Tree=152
num_leaves=6
num_cat=0
split_feature=21 13 27 21 20
split_gain=2.57258 1.48237 0.6983 0.212073 0.0976061
threshold=0.0052853489760309466 2.9714708328247075 0.22525071352720263 1.8219149708747866 2.7951503992080693
decision_type=2 2 2 2 2
left_child=4 3 -3 -2 -1
right_child=1 2 -4 -5 -6
leaf_value=-0.010816727894385579 -0.0067266743698221991 0.012240998412261811 0 0.00061660119337111517 0
leaf_weight=3.6622325662101534 1.5841020131920225 7.3899320452692319 3.4109336619367241 0.56641907244920719 0.13307373521092802
leaf_count=3159 1014 672 1612 25 31
internal_value=0.000513198 0.00606854 0.00948022 -0.00483977 -0.0104065
internal_weight=16.7467 12.9514 10.8009 2.15052 3.79531
internal_count=6513 3323 2284 1039 3190
is_linear=0
shrinkage=0.025


Tree=153
num_leaves=7
num_cat=0
split_feature=22 6 26 5 8 14
split_gain=2.19728 1.27293 1.05663 0.534308 0.247046 0.0803067
threshold=0.03419653698801995 3.1996345520019536 -0.79731562733650196 -0.17676284909248349 -0.93183958530426014 -0.7669638693332671
decision_type=2 2 2 2 2 2
left_child=3 2 -2 -1 -5 -3
right_child=1 5 -4 4 -6 -7
leaf_value=0.0016688099466207282 0.012421312464182096 0 -0.0021397191713681493 0 -0.011347717093641966 -0.005106753229096807
leaf_weight=0.34612394558644233 7.5569447782909256 0.57041859475430134 1.539326452766544 0.33988152511301528 4.4740131500511788 1.4483038463295077
leaf_count=81 474 83 605 44 4514 676
internal_value=0.00034624 0.00624921 0.00962889 -0.00857181 -0.0104201 -0.0040998
internal_weight=16.275 11.115 9.09627 5.16002 4.81389 2.01872
internal_count=6477 1838 1079 4639 4558 759
is_linear=0
shrinkage=0.025


Tree=154
num_leaves=6
num_cat=0
split_feature=21 22 27 13 3
split_gain=3.35652 1.46343 0.631934 0.5414 0.171292
threshold=0.94925019145011913 0.91675469279289257 0.71963703632354747 2.2276135683059697 1.1110550165176394
decision_type=2 2 2 2 2
left_child=1 2 -1 -2 -5
right_child=3 -3 -4 4 -6
leaf_value=-0.01391731592032699 -0.0014676315738391373 0.0038597785129106132 0.0010221154923782893 0 0.011491604653559549
leaf_weight=7.1983312255251786 0.39705005832365792 1.3667555821739368 0.44418041183962476 0.20035151985939581 5.5494135170592926
leaf_count=5854 95 66 87 52 280
internal_value=-0.00086677 -0.00907465 -0.0124938 0.00927695 0.0109379
internal_weight=15.1561 9.00927 7.64251 6.14682 5.74977
internal_count=6434 6007 5941 427 332
is_linear=0
shrinkage=0.025


Tree=155
num_leaves=7
num_cat=0
split_feature=27 13 27 18 22 17
split_gain=2.21896 1.41846 0.547666 0.521678 0.213048 0.0904848
threshold=0.16885523498058322 2.9714708328247075 0.71963703632354747 0.34029763936996466 -0.25412984192371363 1.3164461851119997
decision_type=2 2 2 2 2 2
left_child=1 5 3 -2 -3 -1
right_child=2 4 -4 -5 -6 -7
leaf_value=-0.005159226850384285 -0.012004084559168061 0 0.0016809424060701254 0 0.011536620686081639 0
leaf_weight=1.6288394548100749 4.8387241945238211 0.15568451031140274 0.64926139087765466 1.8042734278496935 6.4302001069081598 0.31801332120085124
leaf_count=1045 4121 220 102 448 469 33
internal_value=0 0.00677678 -0.00789075 -0.00968317 0.0109459 -0.00415431
internal_weight=15.825 8.53274 7.29226 6.643 6.58588 1.94685
internal_count=6438 1767 4671 4569 689 1078
is_linear=0
shrinkage=0.025


Tree=156
num_leaves=7
num_cat=0
split_feature=22 17 2 5 6 16
split_gain=2.69768 1.78871 0.760349 0.534156 0.193232 0.0216468
threshold=0.79085835814476024 0.65049883723258983 1.0000000180025095e-35 3.654269933700562 3.749136328697205 0.54417026042938244
decision_type=2 2 2 2 2 2
left_child=1 2 -1 -3 5 -2
right_child=4 3 -4 -5 -6 -7
leaf_value=0.0010409055144414397 0.011012640227128855 0.0070280714433665478 -0.014018825787861259 -0.0031542586873584272 0 0
leaf_weight=0.87860090548929104 4.0646008072799313 2.9321373958664485 6.160046982971835 0.70907923938648298 0.36272688873577852 0.52874551858985785
leaf_count=172 115 305 5421 280 56 94
internal_value=-0.000100384 -0.00678207 -0.0119683 0.00364413 0.00984529 0.0106388
internal_weight=15.6359 10.6799 7.03865 3.64122 4.95607 4.59335
internal_count=6443 6178 5593 585 265 209
is_linear=0
shrinkage=0.025


Tree=157
num_leaves=7
num_cat=0
split_feature=22 17 3 24 11 16
split_gain=2.09433 1.5959 0.843821 0.550458 0.180113 0.0423219
threshold=0.85867285728454601 0.52082839608192455 -0.19828375428915021 0.086431499570608153 2.2338542938232426 0.59711751341819774
decision_type=2 2 2 2 2 2
left_child=1 2 -1 -3 -2 -6
right_child=4 3 -4 -5 5 -7
leaf_value=0.0016338318242171967 0 0.0064733279517720042 -0.013636609907634656 -0.0035437487487447621 0.010032622832657901 0
leaf_weight=0.77243729156907548 0.27033786554238837 3.5627978467819048 5.8088258178104288 0.79783535042952269 3.5784702419405221 0.43659427409875196
leaf_count=174 48 306 5160 619 99 76
internal_value=-0.000423425 -0.00607398 -0.0113731 0.00305895 0.0088328 0.0096356
internal_weight=15.2273 10.9419 6.58126 4.36063 4.2854 4.01506
internal_count=6482 6259 5334 925 223 175
is_linear=0
shrinkage=0.025


Tree=158
num_leaves=7
num_cat=0
split_feature=24 17 7 12 6 25
split_gain=2.15243 1.53273 0.849985 0.441628 0.359235 0.351292
threshold=-2.7567040920257564 0.65049883723258983 5.0760755538940439 2.998899102210999 3.9379875659942631 0.3160493671894074
decision_type=2 2 2 2 2 2
left_child=4 2 -2 -3 5 -1
right_child=1 3 -4 -5 -6 -7
leaf_value=0.011222221441641107 -0.013345370511027764 -0.0026610860031244907 0.0017155682240728453 0.0067102181847807406 -0.00080007874550591109 -0.00029290133066705903
leaf_weight=4.9758408598136166 5.607904023891022 0.63938101434905581 0.81621350252680702 2.7299206915922696 0.29110344064247318 0.47147595706337586
leaf_count=237 5135 221 267 320 107 142
internal_value=0 -0.00598075 -0.0109714 0.00365772 0.00871778 0.00996414
internal_weight=15.5318 9.79342 6.42412 3.3693 5.73842 5.44732
internal_count=6429 5943 5402 541 486 379
is_linear=0
shrinkage=0.025


Tree=159
num_leaves=7
num_cat=0
split_feature=22 26 6 22 21 19
split_gain=2.69967 1.27613 1.17783 0.258314 0.0528326 0.049592
threshold=0.03419653698801995 -0.88302278518676747 4.1082196235656747 1.3215615153312685 1.3229246735572817 0.33523818850517279
decision_type=2 2 2 2 2 2
left_child=4 2 -2 -3 5 -1
right_child=1 3 -4 -5 -6 -7
leaf_value=-0.011720122848016643 0.01218988151358226 -0.0062041963851405292 -0.0034286926878275303 0.0013223551849722787 0 0
leaf_weight=4.1804456319732717 7.4185830934438837 2.0133016004256201 0.85623250775097393 0.55608263978501771 0.26115107221994538 0.35628504496708036
leaf_count=4473 496 947 358 27 30 171
internal_value=-0.00063754 0.00561007 0.00942023 -0.00395208 -0.0110531 -0.0113569
internal_weight=15.6421 10.8442 8.27482 2.56938 4.79788 4.53673
internal_count=6502 1828 854 974 4674 4644
is_linear=0
shrinkage=0.025


Tree=160
num_leaves=6
num_cat=0
split_feature=22 26 5 22 27
split_gain=2.73186 1.04864 0.914532 0.119059 0.0673614
threshold=0.03419653698801995 -0.88302278518676747 4.7341773509979257 0.963395655155182 -0.028105826117098328
decision_type=2 2 2 2 2
left_child=4 2 -2 -3 -1
right_child=1 3 -4 -5 -6
leaf_value=0 0.011207342545831268 -0.0047449091508621252 -0.0028686465361456811 0.00030779235493367651 -0.012041477536676885
leaf_weight=0.29420006047439429 7.1614311888115481 2.0474454094073722 0.71626819708035316 0.60113074610126194 4.272443100082457
leaf_count=94 590 912 254 67 4554
internal_value=-0.00116647 0.00527711 0.00882529 -0.00332944 -0.0116678
internal_weight=15.0929 10.5263 7.8777 2.64858 4.56664
internal_count=6471 1823 844 979 4648
is_linear=0
shrinkage=0.025


Tree=161
num_leaves=7
num_cat=0
split_feature=22 17 7 26 16 11
split_gain=2.26965 1.569 0.831765 0.402236 0.237133 0.0846039
threshold=0.82723981142044078 0.52082839608192455 5.0760755538940439 -0.8848474621772765 0.57637006044387828 2.2338542938232426
decision_type=2 2 2 2 2 2
left_child=1 2 -1 -3 5 -2
right_child=4 3 -4 -5 -6 -7
leaf_value=-0.013561877815476088 0 0.0060258182499709585 0.0015833833484591242 -0.0025873161473139884 0 0.010950171928101261
leaf_weight=5.4701926088891906 0.34696226543746966 3.4129033139979583 0.80517306418187207 0.83479641911253555 0.44059391255723301 4.0626853487119661
leaf_count=5010 45 457 262 458 94 111
internal_value=0 -0.00585938 -0.0112239 0.00317356 0.00948183 0.0104817
internal_weight=15.3733 10.5231 6.27537 4.2477 4.85024 4.40965
internal_count=6437 6187 5272 915 250 156
is_linear=0
shrinkage=0.025


Tree=162
num_leaves=6
num_cat=0
split_feature=22 21 7 13 5
split_gain=2.18467 1.13269 0.632416 0.269605 0.229146
threshold=0.79085835814476024 0.94925019145011913 5.0760755538940439 2.9714708328247075 4.014458656311036
decision_type=2 2 2 2 2
left_child=1 2 -1 -2 -3
right_child=3 4 -4 -5 -6
leaf_value=-0.010729526085451599 0 0.0057089039461798415 0.0016025273720543173 0.010883278740118844 -0.001327942282885002
leaf_weight=7.0278985230906965 0.39996941827121268 2.3143402667046762 0.80070053316012479 4.6420295056814211 0.37568681139964599
leaf_count=5587 62 172 267 209 77
internal_value=0.000668084 -0.00508354 -0.00884803 0.00984623 0.00368897
internal_weight=15.5606 10.5186 7.8286 5.042 2.69003
internal_count=6374 6103 5854 271 249
is_linear=0
shrinkage=0.025


Tree=163
num_leaves=7
num_cat=0
split_feature=21 22 17 5 3 4
split_gain=2.02564 1.40623 0.585403 0.467408 0.151801 0.0762142
threshold=0.97638365626335155 0.72420740127563488 0.549983710050583 4.014458656311036 1.1110550165176394 4.7020988464355478
decision_type=2 2 2 2 2 2
left_child=1 2 -1 4 -2 -3
right_child=3 5 -4 -5 -6 -7
leaf_value=-0.012374903141922881 0 0.0051845717730176696 0 -0.0011740457924757106 0.010741199999088086 0
leaf_weight=5.6188443174687546 0.19417738448828537 1.8998825105663857 1.8595362471824044 0.5471809911832678 4.7611201080944738 0.36847552884137247
leaf_count=5257 48 97 625 79 265 66
internal_value=0 -0.00593368 -0.0100497 0.00843258 0.0101781 0.00435471
internal_weight=15.2492 9.74674 7.47838 5.50248 4.9553 2.26836
internal_count=6437 6045 5882 392 313 163
is_linear=0
shrinkage=0.025


Tree=164
num_leaves=7
num_cat=0
split_feature=26 5 22 0 22 25
split_gain=1.70814 1.42711 0.643708 0.506625 0.333419 0.0829979
threshold=-0.93922403454780568 4.0348145961761483 0.75381013751029979 0.30337744951248174 -0.099476043134927736 -7.8039028644561759
decision_type=2 2 2 2 2 2
left_child=1 4 3 -2 -1 -3
right_child=2 5 -4 -5 -6 -7
leaf_value=-0.0003418893471629264 0.0011351333792775243 0 0.0016624632658010195 -0.011333989809392285 0.011488218457603432 -0.0056815262117519711
leaf_weight=0.25668204565590702 0.4430896959020173 0.26107006461825211 1.4637183757877208 5.0490973714331631 5.7348567421213374 1.3706610917288342
leaf_count=405 123 8 160 4398 404 930
internal_value=-5.76389e-05 0.00610725 -0.0070653 -0.00967079 0.0104878 -0.00481528
internal_weight=14.5792 7.62327 6.95591 5.49219 5.99154 1.63173
internal_count=6428 1747 4681 4521 809 938
is_linear=0
shrinkage=0.025


Tree=165
num_leaves=6
num_cat=0
split_feature=22 17 5 12 16
split_gain=2.41145 2.06381 0.568818 0.268994 0.133716
threshold=0.85867285728454601 0.52082839608192455 4.014458656311036 6.9310700893402108 0.5630648434162141
decision_type=2 2 2 2 2
left_child=1 3 -3 -1 -2
right_child=4 2 -4 -5 -6
leaf_value=-0.013353175438298887 0.010566272310036408 0.0068648071110294744 -0.0033584832465337481 0 0
leaf_weight=5.7748545216381881 3.9092475200595809 3.9797099284696742 0.7759717490262118 0.31355889735277731 0.55189556832192455
leaf_count=5282 134 653 298 32 86
internal_value=0 -0.00613347 0.00368969 -0.0125739 0.00981327
internal_weight=15.3052 10.8441 4.75568 6.08841 4.46114
internal_count=6485 6265 951 5314 220
is_linear=0
shrinkage=0.025


Tree=166
num_leaves=7
num_cat=0
split_feature=21 19 27 13 5 16
split_gain=2.09422 1.51704 0.677397 0.46421 0.420111 0.251294
threshold=0.94925019145011913 0.20173196494579318 0.71963703632354747 2.9714708328247075 4.4622261524200448 0.69040268659591686
decision_type=2 2 2 2 2 2
left_child=1 2 -1 -3 5 -2
right_child=4 3 -4 -5 -6 -7
leaf_value=-0.013689057920473428 0.010888748296590423 -0.0030374818248443398 0.0013797032365194561 0.0063076555610540701 -0.001185937984171267 0
leaf_weight=4.9559288117015949 4.6072036677578589 0.79498070763656903 0.39173283177660767 2.8971259363606805 0.34454708686098445 0.67037401958805265
leaf_count=5104 217 436 81 403 56 150
internal_value=0 -0.006438 -0.0118479 0.00298664 0.00827278 0.00977495
internal_weight=14.6619 9.03977 5.34766 3.69211 5.62212 5.27758
internal_count=6447 6024 5185 839 423 367
is_linear=0
shrinkage=0.025


Tree=167
num_leaves=7
num_cat=0
split_feature=21 22 7 5 27 13
split_gain=2.09946 1.12834 0.790493 0.473079 0.142812 0.0926992
threshold=0.94925019145011913 0.72420740127563488 5.0760755538940439 4.014458656311036 0.43086113035678869 3.1729196310043339
decision_type=2 2 2 2 2 2
left_child=1 2 -1 4 -2 -3
right_child=3 5 -4 -5 -6 -7
leaf_value=-0.012661216750514721 0.010306875263038797 -0.00011424762820340274 0.0017019283178809994 -0.0013594557762018117 0 0.0045339213839484379
leaf_weight=6.1719742276327434 4.4895222294217101 0.25996933886199247 0.78881938547419839 0.57405026911874291 0.31083678454160679 1.4568951068649765
leaf_count=5620 237 76 276 83 88 67
internal_value=-0.000491191 -0.00706806 -0.01048 0.00781407 0.00968271 0.00333848
internal_weight=14.0521 8.67766 6.96079 5.37441 4.80036 1.71686
internal_count=6447 6039 5896 408 325 143
is_linear=0
shrinkage=0.025


Tree=168
num_leaves=7
num_cat=0
split_feature=21 22 27 5 16 13
split_gain=2.10764 1.19516 0.54415 0.416727 0.147686 0.104908
threshold=0.94925019145011913 0.72420740127563488 0.71963703632354747 4.014458656311036 0.69040268659591686 2.9714708328247075
decision_type=2 2 2 2 2 2
left_child=1 2 -1 4 -2 -3
right_child=3 5 -4 -5 -6 -7
leaf_value=-0.011780185846494325 0.010650867518550487 -0.00021343031725640883 0.0012102900071901789 -0.00099501003790892031 0 0.0048008153870394239
leaf_weight=6.4731659103490511 4.3617327208849028 0.20401605457300309 0.40926989828585636 0.52085617018747132 0.61874145568435768 1.71980937270564
leaf_count=5783 197 68 88 82 141 89
internal_value=0 -0.00660638 -0.0102975 0.0082498 0.00985696 0.00359626
internal_weight=14.3076 8.80626 6.88244 5.50133 4.98047 1.92383
internal_count=6448 6028 5871 420 338 157
is_linear=0
shrinkage=0.025


Tree=169
num_leaves=6
num_cat=0
split_feature=21 13 26 21 15
split_gain=1.90966 1.05129 0.531915 0.171756 0.0813116
threshold=0.016861726529896263 2.9714708328247075 -0.88302278518676747 1.8219149708747866 3.0032213926315312
decision_type=2 2 2 2 2
left_child=4 3 -3 -2 -1
right_child=1 2 -4 -5 -6
leaf_value=-0.010085547767084178 -0.0058871027799906874 0.010796651937276285 0 0.00055045558688421434 0
leaf_weight=3.2785068561352104 1.399907147468183 5.9433751610267782 2.9206499257561509 0.53520430024946097 0.11471995414467517
leaf_count=3301 992 638 1523 23 17
internal_value=0 0.00504601 0.00824815 -0.00409222 -0.00970943
internal_weight=14.1924 10.7991 8.86403 1.93511 3.39323
internal_count=6494 3176 2161 1015 3318
is_linear=0
shrinkage=0.025


Tree=170
num_leaves=7
num_cat=0
split_feature=27 5 22 27 22 6
split_gain=1.84808 1.25122 0.609192 0.526336 0.312263 0.111979
threshold=0.16358176618814471 4.014458656311036 0.79085835814476024 0.71963703632354747 -0.25412984192371363 3.9379875659942631
decision_type=2 2 2 2 2 2
left_child=1 4 3 -2 -1 -3
right_child=2 5 -4 -5 -6 -7
leaf_value=-0.00022714306164511438 -0.010978699358800867 0.00011825067146679876 0.0017727557097082379 0.0014133171189776392 0.011642272764248127 -0.005160701407046297
leaf_weight=0.2272500818944535 5.1830654062723625 0.40969216612575099 1.285942330927355 0.37108944414649148 5.9668443029077025 1.2843007112460325
leaf_count=310 4596 53 138 83 461 879
internal_value=8.30101e-05 0.00686292 -0.00680419 -0.00928125 0.0107415 -0.00381562
internal_weight=14.7282 7.88809 6.8401 5.55415 6.19409 1.69399
internal_count=6520 1703 4817 4679 771 932
is_linear=0
shrinkage=0.025


Tree=171
num_leaves=7
num_cat=0
split_feature=27 6 12 15 24 21
split_gain=1.90195 1.16688 0.701007 0.461725 0.29723 0.0994987
threshold=0.16706018149852755 4.1082196235656747 5.3337507247924814 0.17215187102556231 0.19814167916774753 1.8219149708747866
decision_type=2 2 2 2 2 2
left_child=1 4 -2 -4 -1 -3
right_child=2 5 3 -5 -6 -7
leaf_value=0.011085075584933407 -0.010884952103686656 -0.0050488089168401066 0.005620480820549432 -0.0038661449007277495 -0.00021616669499965793 2.5233037050799349e-05
leaf_weight=6.0338550104570459 4.1349355139536783 1.2980857420916434 1.4133445216721159 1.0973543979853273 0.25204511691117648 0.26891764160245646
leaf_count=402 3742 970 360 603 378 10
internal_value=0 0.00647799 -0.00746722 0.000828528 0.0101831 -0.00387009
internal_weight=14.4985 7.8529 6.64563 2.5107 6.2859 1.567
internal_count=6465 1760 4705 963 780 980
is_linear=0
shrinkage=0.025


Tree=172
num_leaves=6
num_cat=0
split_feature=22 26 27 5 6
split_gain=2.18626 1.28857 0.551816 0.512694 0.0836657
threshold=0.85867285728454601 -1.0066466927528379 0.71963703632354747 4.014458656311036 3.3667372465133671
decision_type=2 2 2 2 2
left_child=1 3 -3 -1 -2
right_child=4 2 -4 -5 -6
leaf_value=0.0067093660118572492 0.0097008965829723254 -0.012287556342829315 0.0011058235915529879 -0.0032265460041698267 0
leaf_weight=2.3452408711964376 3.9590988772033606 5.9153729394529355 0.42483590607298527 0.85226596505526675 0.37604118566378009
leaf_count=213 171 5312 90 584 51
internal_value=0 -0.00629226 -0.0107471 0.00294593 0.00920408
internal_weight=13.8729 9.53772 6.34021 3.19751 4.33514
internal_count=6421 6199 5402 797 222
is_linear=0
shrinkage=0.025


Tree=173
num_leaves=6
num_cat=0
split_feature=21 6 26 21 24
split_gain=1.83405 1.16432 0.548396 0.160132 0.101225
threshold=0.0052853489760309466 3.3466130495071416 -0.79731562733650196 1.8219149708747866 -4.7665493488311759
decision_type=2 2 2 2 2
left_child=4 2 -2 -3 -1
right_child=1 3 -4 -5 -6
leaf_value=0 0.011156052756051882 -0.0055444349798368263 -0.00015653801614645409 0.00055043035043362784 -0.0091194603573912601
leaf_weight=0.30818717664806206 7.3456538727114076 1.6169425489933922 1.896340183309803 0.5295945937396026 2.9306446669870647
leaf_count=26 928 1209 1139 23 3154
internal_value=0.00104014 0.00590386 0.00915597 -0.00383312 -0.00850733
internal_weight=14.6274 11.3885 9.24199 2.14654 3.23883
internal_count=6479 3299 2067 1232 3180
is_linear=0
shrinkage=0.025


Tree=174
num_leaves=7
num_cat=0
split_feature=21 19 5 22 16 21
split_gain=2.19689 1.89478 0.502647 0.255577 0.209686 0.196376
threshold=0.94925019145011913 0.33523818850517279 4.014458656311036 0.79085835814476024 0.69040268659591686 -0.1584319323301315
decision_type=2 2 2 2 2 2
left_child=1 3 4 -1 -2 -3
right_child=2 5 -4 -5 -6 -7
leaf_value=-0.013953293104968978 0.010547528443664272 -0.00092383209042648995 -0.0017079667497488377 0 0 0.0055416813761215121
leaf_weight=5.2776139834968472 4.4038361169659774 0.58340477717138162 0.4051145878038368 0.2388218673004302 0.51838866193429556 2.5403234482073458
leaf_count=5448 200 256 86 14 135 259
internal_value=-0.00086817 -0.00751639 0.00772781 -0.0132319 0.00960364 0.00373941
internal_weight=13.9675 8.64016 5.32734 5.51644 4.92222 3.12373
internal_count=6398 5977 421 5462 335 515
is_linear=0
shrinkage=0.025


Tree=175
num_leaves=7
num_cat=0
split_feature=21 19 27 13 23 13
split_gain=1.72405 0.841776 0.639539 0.596601 0.298606 0.262214
threshold=0.94925019145011913 0.20173196494579318 0.71963703632354747 3.0777155160903935 -5.2398998737335196 2.9714708328247075
decision_type=2 2 2 2 2 2
left_child=1 2 -1 -2 -5 -3
right_child=3 5 -4 4 -6 -7
leaf_value=-0.01301519829809498 -0.002469992734338183 -0.0028137644340770649 0.0014060278911440115 -0.00019989131203248145 0.010337997622431337 0.0041363094974477439
leaf_weight=4.4049234247140703 0.50787292036693532 0.75427011922874987 0.38690475310431782 0.47337754315230984 3.8706654848283506 2.3897484182889457
leaf_count=5031 138 430 77 126 153 417
internal_value=-0.00131839 -0.00728268 -0.0110891 0.0065476 0.0090283 0.00099768
internal_weight=12.7878 7.93585 4.79183 4.85192 4.34404 3.14402
internal_count=6372 5955 5108 417 279 847
is_linear=0
shrinkage=0.025


Tree=176
num_leaves=6
num_cat=0
split_feature=22 13 3 21 20
split_gain=2.1805 0.938015 0.95599 0.225568 0.0949176
threshold=0.03419653698801995 3.0569137334823613 1.5161441564559939 1.8219149708747866 -1.0462353825569151
decision_type=2 2 2 2 2
left_child=3 4 -3 -1 -2
right_child=1 2 -4 -5 -6
leaf_value=-0.01096725223217445 0 -0.0027953979328502456 0.010963789387785403 0 -0.0049336583993461539
leaf_weight=3.7327931263571381 0.43463729406357732 1.0901143564333304 7.47410815332114 0.29843879194231693 1.1445740281706083
leaf_count=4586 29 477 745 13 596
internal_value=-7.83865e-05 0.00547253 0.0083668 -0.0100347 -0.00370353
internal_weight=14.1747 10.1434 8.56422 4.03123 1.57921
internal_count=6446 1847 1222 4599 625
is_linear=0
shrinkage=0.025


Tree=177
num_leaves=7
num_cat=0
split_feature=21 22 7 13 3 6
split_gain=1.83527 0.968437 0.770249 0.436574 0.182762 0.0837947
threshold=0.94925019145011913 0.72420740127563488 5.0760755538940439 2.2602044343948369 1.5161441564559939 3.1996345520019536
decision_type=2 2 2 2 2 2
left_child=1 2 -1 -2 -5 -3
right_child=3 5 -4 4 -6 -7
leaf_value=-0.012360758708683715 -0.0015493862638280909 0.0041043815031677382 0.0017354197530695973 0 0.0096645955670855797 -0.00013660165455800616
leaf_weight=5.8976513165762281 0.41612546748365353 1.3432662082195745 0.77915449171268836 0.28866150318935968 4.452511452982435 0.31172903405968089
leaf_count=5643 100 55 277 80 253 87
internal_value=-0.000809867 -0.00698438 -0.0101418 0.00707774 0.00888315 0.00286395
internal_weight=13.4891 8.3318 6.67681 5.1573 4.74117 1.655
internal_count=6495 6062 5920 433 333 142
is_linear=0
shrinkage=0.025


Tree=178
num_leaves=7
num_cat=0
split_feature=24 5 26 22 27 6
split_gain=1.75323 0.980268 0.904461 0.0742572 0.0565508 0.0434948
threshold=-0.13000752776861188 4.0348145961761483 -0.79731562733650196 0.057638216763734824 -0.028105826117098328 3.2367420196533208
decision_type=2 2 2 2 2 2
left_child=1 2 -1 4 -2 -3
right_child=3 5 -4 -5 -6 -7
leaf_value=0.010126835477943597 0 0 -0.0026704783247082212 0 -0.010577447601440342 -0.005366766854346069
leaf_weight=7.0036550877703112 0.25618500725977345 0.15111034829169412 1.484060818904253 0.14411700132040994 3.4969995827268594 1.1767234111030118
leaf_count=851 83 4 703 25 4294 549
internal_value=-0.00111232 0.00410792 0.00726539 -0.0098823 -0.0102259 -0.00488041
internal_weight=13.7129 9.81555 8.48772 3.8973 3.75318 1.32783
internal_count=6509 2107 1554 4402 4377 553
is_linear=0
shrinkage=0.025


Tree=179
num_leaves=7
num_cat=0
split_feature=25 6 27 26 1 22
split_gain=1.85958 1.56254 0.490884 0.32542 0.167313 0.0840781
threshold=0.75754928588867199 3.1996345520019536 0.71963703632354747 -1.0380004644393919 1.7189171314239504 0.91675469279289257
decision_type=2 2 2 2 2 2
left_child=1 4 3 -2 -1 -3
right_child=2 5 -4 -5 -6 -7
leaf_value=0 0 -0.0057711751144212554 0.0014429641884596883 -0.01182325157376163 0.011031164688520483 0
leaf_weight=0.12259244266169655 0.97688286121410683 1.7405881975646482 0.37093360445578571 3.9063534883680422 5.9116040362932836 0.51888607401633624
leaf_count=77 333 1002 85 4412 561 47
internal_value=-0.000356695 0.00561143 -0.00852945 -0.0102661 0.0105289 -0.00486695
internal_weight=13.5478 8.29367 5.25417 4.88324 6.0342 2.25947
internal_count=6517 1687 4830 4745 638 1049
is_linear=0
shrinkage=0.025


Tree=180
num_leaves=7
num_cat=0
split_feature=22 17 27 24 23 6
split_gain=1.61548 1.59163 0.638821 0.516551 0.298793 0.155078
threshold=0.75381013751029979 0.52082839608192455 0.71963703632354747 0.18523017317056659 -6.0490479469299308 3.1850359439849858
decision_type=2 2 2 2 2 2
left_child=1 2 -1 -3 -2 -6
right_child=4 3 -4 -5 5 -7
leaf_value=-0.012910479049899171 -0.00064986644557874851 0.0067991952249565023 0.0014388222854611228 -0.0030637625212886991 0.010321056265801844 0
leaf_weight=4.6976195624301891 0.16269358289719082 3.4624814175331267 0.37334247797843989 0.76613291940157058 3.7792871743076839 0.45420578453922633
leaf_count=5206 90 290 80 631 133 83
internal_value=4.15156e-05 -0.00498949 -0.0110436 0.00364323 0.00834102 0.00952823
internal_weight=13.6958 9.29958 5.07096 4.22861 4.39619 4.23349
internal_count=6513 6207 5286 921 306 216
is_linear=0
shrinkage=0.025


Tree=181
num_leaves=7
num_cat=0
split_feature=13 22 21 15 21 6
split_gain=1.63584 0.947277 0.737681 0.670514 0.193009 0.0761718
threshold=4.2226309776306161 0.79085835814476024 0.016861726529896263 0.34731084108352667 1.3229246735572817 3.6046800613403325
decision_type=2 2 2 2 2 2
left_child=1 4 -2 -4 -1 -3
right_child=2 5 3 -5 -6 -7
leaf_value=-0.011545919717043288 -0.0029464810286601705 0.0038960852819099265 0.011599012679897483 -0.00088813577695732396 0 -9.4300535465417545e-05
leaf_weight=3.8946894112305017 0.87464887845999317 1.360982851925655 4.8430985437444178 1.5983502177405169 0.57891443146218069 0.27772105147596438
leaf_count=4080 991 60 767 413 60 69
internal_value=0 -0.00685417 0.00637381 0.0089202 -0.0106032 0.00271668
internal_weight=13.4284 6.11231 7.3161 6.44145 4.4736 1.6387
internal_count=6440 4269 2171 1180 4140 129
is_linear=0
shrinkage=0.025


Tree=182
num_leaves=6
num_cat=0
split_feature=6 27 14 24 21
split_gain=1.70647 1.26451 0.412126 0.303613 0.0651978
threshold=3.1996345520019536 0.22525071352720263 0.10007023438811304 0.18523017317056659 1.8219149708747866
decision_type=2 2 2 2 2
left_child=1 3 -3 -1 -2
right_child=4 2 -4 -5 -6
leaf_value=0.01066059526867788 -0.0098323854453842841 0.0023452275168695802 -0.0064437862581818942 -0.00030365622121039773 0
leaf_weight=5.7057598790925095 2.9863319693467942 1.0900612836485382 2.7610376162992907 0.28704400031710964 0.31776181439636264
leaf_count=368 2757 964 1959 408 22
internal_value=-6.24625e-05 0.00475255 -0.00333042 0.00966763 -0.00938453
internal_weight=13.148 9.8439 3.8511 5.9928 3.30409
internal_count=6478 3699 2923 776 2779
is_linear=0
shrinkage=0.025


Tree=183
num_leaves=6
num_cat=0
split_feature=21 6 26 21 15
split_gain=1.77883 1.13317 0.350619 0.137719 0.0674693
threshold=0.0052853489760309466 3.2709724903106694 -0.88302278518676747 1.8219149708747866 3.0032213926315312
decision_type=2 2 2 2 2
left_child=4 2 -2 -3 -1
right_child=1 3 -4 -5 -6
leaf_value=-0.0090430348908147919 0.01112649943228947 -0.0051934947895657356 0 0.00040134630882300679 0
leaf_weight=2.8266605602402719 5.9785575181595032 1.7826207282632816 2.8027221124284551 0.53834616567473847 0.10136686907935644
leaf_count=3173 455 1251 1502 25 14
internal_value=0.000906043 0.00573456 0.00909509 -0.00365426 -0.00868401
internal_weight=14.0303 11.1022 8.78128 2.32097 2.92803
internal_count=6420 3233 1957 1276 3187
is_linear=0
shrinkage=0.025


Tree=184
num_leaves=7
num_cat=0
split_feature=22 17 27 5 11 16
split_gain=1.5013 1.38905 0.606029 0.496949 0.206618 0.073098
threshold=0.79085835814476024 0.52082839608192455 0.71963703632354747 4.014458656311036 2.2338542938232426 0.63226798176765453
decision_type=2 2 2 2 2 2
left_child=1 2 -1 -3 -2 -6
right_child=4 3 -4 -5 5 -7
leaf_value=-0.012386545510034602 0 0.006366428967994827 0.0014234808036732195 -0.0032100908263505909 0.0095605300958281781 0
leaf_weight=4.7233861040367611 0.43456041047466065 3.5091000807733508 0.375185207944014 0.75534370950481378 3.3557038719882262 0.44257454707985733
leaf_count=5259 70 590 75 285 116 93
internal_value=0 -0.00493213 -0.0105498 0.00317854 0.00798657 0.00903401
internal_weight=13.5959 9.36302 5.09857 4.26444 4.23284 3.79828
internal_count=6488 6209 5334 875 279 209
is_linear=0
shrinkage=0.025


Tree=185
num_leaves=6
num_cat=0
split_feature=6 25 26 2 21
split_gain=1.69414 1.33107 0.55094 0.122163 0.119456
threshold=3.1996345520019536 0.75754928588867199 -1.015542685985565 1.5959663391113283 1.8219149708747866
decision_type=2 2 2 2 2
left_child=1 3 -3 -1 -2
right_child=4 2 -4 -5 -6
leaf_value=0 -0.0099245745759646495 0.003197112685048846 -0.006888443296184224 0.010422167441234463 0
leaf_weight=0.079772465869607845 2.9036082399761667 1.0258441155383469 3.0123139157585692 5.7330122530620429 0.36893603729549784
leaf_count=63 2753 59 2988 569 26
internal_value=0 0.00488927 -0.00328353 0.0100379 -0.00922385
internal_weight=13.1235 9.85094 4.03816 5.81278 3.27254
internal_count=6458 3679 3047 632 2779
is_linear=0
shrinkage=0.025


Tree=186
num_leaves=7
num_cat=0
split_feature=22 17 13 13 21 16
split_gain=2.24374 1.47851 0.342505 0.277195 0.187704 0.150889
threshold=0.79085835814476024 0.65049883723258983 4.2384409904479989 2.9714708328247075 0.94925019145011913 0.5630648434162141
decision_type=2 2 2 2 2 2
left_child=1 4 -3 -2 -1 -5
right_child=3 2 -4 5 -6 -7
leaf_value=-0.013663360994016811 -0.0005282389719827277 -0.00234945422302172 0.0056895453024138785 0.00998726756798618 0 0
leaf_weight=5.0279017014254332 0.22782653613830994 1.035350503465452 2.092219657410169 3.4506895535596418 0.43651310630957585 0.36416969975107338
leaf_count=5525 60 428 152 121 82 93
internal_value=-0.00175024 -0.00804423 0.00245113 0.0079868 -0.0129495 0.00921554
internal_weight=12.6347 8.59198 3.12757 4.04269 5.46441 3.81486
internal_count=6461 6187 580 274 5607 214
is_linear=0
shrinkage=0.025


Tree=187
num_leaves=7
num_cat=0
split_feature=27 19 13 27 21 11
split_gain=1.5121 0.886449 0.794997 0.488645 0.273813 0.0425512
threshold=0.12959748506546023 0.53965365886688244 2.2276135683059697 0.71963703632354747 0.039304515346884734 2.640987873077393
decision_type=2 2 2 2 2 2
left_child=2 3 -1 -2 -4 -3
right_child=1 5 4 -5 -6 -7
leaf_value=-0.0030489848165186077 -0.010945435418854425 0 -6.5677793826569205e-05 0.0011753453872838252 0.010587110149448032 0.0038122652749290019
leaf_weight=0.81934024266956829 5.2799451808677986 0.10139804442587763 0.37605872250423988 0.41125227636075568 4.9429744807785028 1.2931059883849227
leaf_count=529 4994 47 322 96 396 119
internal_value=0 -0.00606437 0.00670396 -0.00934492 0.00956139 0.00318496
internal_weight=13.2241 7.0857 6.13837 5.6912 5.31903 1.3945
internal_count=6503 5256 1247 5090 718 166
is_linear=0
shrinkage=0.025


Tree=188
num_leaves=7
num_cat=0
split_feature=27 22 12 17 22 2
split_gain=1.90539 0.714813 0.633666 0.278191 0.238137 0.0232389
threshold=0.12959748506546023 0.963395655155182 2.6084625720977788 0.66338780522346508 -0.099476043134927736 3.6857562065124516
decision_type=2 2 2 2 2 2
left_child=2 3 5 -2 -4 -1
right_child=1 -3 4 -5 -6 -7
leaf_value=0 -0.012133501469520365 0.0019378015762794175 -0.00010837422128432566 0 0.0099412432900858223 -0.0028416215229228338
leaf_weight=0.16204992441635102 4.2629277145388187 1.0668288012384435 0.21624329046608171 1.5209642401678136 4.7039145599846961 0.77288199413305847
leaf_count=18 4720 93 381 414 366 480
internal_value=-0.00109652 -0.008039 0.00641202 -0.010504 0.00903752 -0.00232531
internal_weight=12.7058 6.85072 5.85509 5.78389 4.92016 0.934932
internal_count=6472 5227 1245 5134 747 498
is_linear=0
shrinkage=0.025


Tree=189
num_leaves=7
num_cat=0
split_feature=26 5 24 27 17 13
split_gain=1.28665 0.725805 0.591192 0.441118 0.132943 0.117762
threshold=-0.99836018681526173 4.7341773509979257 -3.682715535163879 0.71963703632354747 0.63781282305717479 2.2276135683059697
decision_type=2 2 2 2 2 2
left_child=1 5 4 -4 -2 -1
right_child=2 -3 3 -5 -6 -7
leaf_value=0 0.0040587218795474517 -0.0027067340114299947 -0.0092617848107039383 0.001461045187207354 -0.0010913388048271178 0.010168717697332999
leaf_weight=0.10291388638142951 1.6695918936748055 0.71443071215617227 5.4497650257617352 0.36722889415977977 0.23848490742966522 4.6269763723757933
leaf_count=123 104 429 5174 85 100 420
internal_value=0.000297292 0.00698851 -0.0048203 -0.00764461 0.00218629 0.00973369
internal_weight=13.1694 5.44432 7.72507 5.81699 1.90808 4.72989
internal_count=6435 972 5463 5259 204 543
is_linear=0
shrinkage=0.025


Tree=190
num_leaves=7
num_cat=0
split_feature=27 12 25 6 0 22
split_gain=1.15976 0.794754 0.661151 0.487702 0.482361 0.218612
threshold=0.12959748506546023 2.6084625720977788 0.75754928588867199 2.8932517766952519 0.30337744951248174 -0.25412984192371363
decision_type=2 2 2 2 2 2
left_child=1 -1 3 -2 -4 -3
right_child=2 5 4 -5 -6 -7
leaf_value=-0.0031085166463153168 0.0055225227096290484 0 0.0012790706736075311 -0.0038788443972905848 -0.010660749674922147 0.010239427436202774
leaf_weight=0.82658276634174388 2.6390402273464137 0.19141833510366257 0.4138769217024677 1.0044493684326878 3.3421003962575924 4.9686173653244623
leaf_count=499 411 304 117 695 4028 445
internal_value=0.000467904 0.00652747 -0.00458583 0.00146312 -0.00865218 0.00945635
internal_weight=13.3861 5.98662 7.39947 3.64349 3.75598 5.16004
internal_count=6499 1248 5251 1106 4145 749
is_linear=0
shrinkage=0.025


Tree=191
num_leaves=7
num_cat=0
split_feature=22 17 13 16 13 16
split_gain=1.84266 1.72552 0.396994 0.217821 0.119116 0.0438474
threshold=0.79085835814476024 0.56669431924819957 3.5661458969116215 0.57637006044387828 2.9714708328247075 1.8901904821395876
decision_type=2 2 2 2 2 2
left_child=1 5 -3 4 -2 -1
right_child=3 2 -4 -5 -6 -7
leaf_value=-0.012817229254144441 0 -0.0022902696503565075 0.0063749530196968614 0 0.0096065676169431267 0
leaf_weight=4.7049366410938074 0.29655291381641413 1.0417983325605749 2.6685394541927963 0.44410858314950008 3.4939319313925807 0.073194149699702282
leaf_count=5326 53 496 292 112 124 36
internal_value=-0.00054851 -0.00657833 0.00330633 0.00787911 0.00898352 -0.0126589
internal_weight=12.7231 8.48847 3.71034 4.23459 3.79048 4.77813
internal_count=6439 6150 788 289 177 5362
is_linear=0
shrinkage=0.025


Tree=192
num_leaves=5
num_cat=0
split_feature=21 6 26 26
split_gain=1.56648 1.01106 0.407511 0.13869
threshold=0.0052853489760309466 3.2709724903106694 -0.79731562733650196 -1.0066466927528379
decision_type=2 2 2 2
left_child=-1 2 -2 -3
right_child=1 3 -4 -5
leaf_value=-0.0085858946989336282 0.010296898202998216 0.00017253925607511826 0 -0.0053141003641091781
leaf_weight=2.6160240859026098 6.5167560141271661 1.2141365021161621 1.766551276668906 1.193600199825595
leaf_count=3160 853 340 1088 982
internal_value=0.000536284 0.00519138 0.00852946 -0.00345466
internal_weight=13.3071 10.691 8.28331 2.40774
internal_count=6423 3263 1941 1322
is_linear=0
shrinkage=0.025


Tree=193
num_leaves=7
num_cat=0
split_feature=27 5 22 27 24 16
split_gain=1.28816 0.877864 0.614832 0.427771 0.279939 0.0865272
threshold=0.12959748506546023 4.7341773509979257 0.79085835814476024 0.71963703632354747 0.44933010637760168 0.5630648434162141
decision_type=2 2 2 2 2 2
left_child=1 4 3 -2 -1 -4
right_child=2 -3 5 -5 -6 -7
leaf_value=0.010884700217127126 -0.0094044640891119517 -0.0032839158863157726 0.0038549763819087802 0.0013180684240151758 -0.00015888277272486866 -0.00033057863044949447
leaf_weight=5.0406236321650795 5.022051687752537 0.84351906438678259 1.2874183462408835 0.39177779607416585 0.25329625204903994 0.31022462375403836
leaf_count=392 5044 507 58 90 383 95
internal_value=0.000666817 0.00689251 -0.00486309 -0.00776806 0.00992863 0.00246033
internal_weight=13.1489 6.13744 7.01147 5.41383 5.29392 1.59764
internal_count=6569 1282 5287 5134 775 153
is_linear=0
shrinkage=0.025


Tree=194
num_leaves=7
num_cat=0
split_feature=21 27 13 5 16 24
split_gain=1.69592 0.77236 0.369663 0.356908 0.196847 0.194118
threshold=0.94925019145011913 0.12959748506546023 2.9714708328247075 4.014458656311036 0.7073449194431306 -4.7665493488311759
decision_type=2 2 2 2 2 2
left_child=1 2 -1 4 -2 -3
right_child=3 5 -4 -5 -6 -7
leaf_value=-0.0032331147967039255 0.010129157947915118 0 0.0050649764636115082 -0.00084755206135444399 0 -0.010684689858311955
leaf_weight=0.88752460388059295 4.0180314075623755 0.36164437048137177 2.2185283548460575 0.51492997983586963 0.53880939001101058 4.3305403421691153
leaf_count=777 195 26 324 85 133 4865
internal_value=0 -0.00610394 0.00139114 0.00760893 0.00916198 -0.00986839
internal_weight=12.87 7.79824 3.10605 5.07177 4.55684 4.69218
internal_count=6405 5992 1101 413 328 4891
is_linear=0
shrinkage=0.025


Tree=195
num_leaves=6
num_cat=0
split_feature=21 6 26 24 21
split_gain=1.54653 0.833903 0.595849 0.306489 0.131248
threshold=0.18274159729480746 3.2709724903106694 -0.79731562733650196 -4.7665493488311759 1.8219149708747866
decision_type=2 2 2 2 2
left_child=3 2 -2 -1 -3
right_child=1 4 -4 -5 -6
leaf_value=0.00034167139432522719 0.010355220231483782 -0.0048055082542480107 -0.0010627051715652728 -0.0098623976623953471 0.00052999661167743204
leaf_weight=0.51913847860123441 5.9312835356104188 1.5198714660436965 1.4751629890160964 3.2404997976264003 0.49380800942890335
leaf_count=35 601 923 716 4160 22
internal_value=0 0.00496841 0.00806554 -0.00834913 -0.00316091
internal_weight=13.1798 9.42013 7.40645 3.75964 2.01368
internal_count=6457 2262 1317 4195 945
is_linear=0
shrinkage=0.025


Tree=196
num_leaves=6
num_cat=0
split_feature=21 6 26 21 24
split_gain=1.35214 0.956664 0.219843 0.126238 0.0635193
threshold=0.0052853489760309466 3.2709724903106694 -0.79731562733650196 1.8219149708747866 -4.7665493488311759
decision_type=2 2 2 2 2
left_child=4 2 -2 -3 -1
right_child=1 3 -4 -5 -6
leaf_value=0 0.0098007107810140458 -0.0048619945759232593 0 0.00040707594631545873 -0.0079129877515975392
leaf_weight=0.30146108227199908 6.3767229164441215 1.6895681645401048 1.8771345046552594 0.51476264017401252 2.4430629038324705
leaf_count=25 867 1284 1106 26 3185
internal_value=0.0010183 0.00532066 0.00849017 -0.00333545 -0.0074197
internal_weight=13.2027 10.4582 8.25386 2.20433 2.74452
internal_count=6493 3283 1973 1310 3210
is_linear=0
shrinkage=0.025


Tree=197
num_leaves=7
num_cat=0
split_feature=21 19 2 13 23 5
split_gain=1.18577 0.614692 0.622779 0.344495 0.204475 0.0944105
threshold=0.94925019145011913 0.50878581404685985 1.0000000180025095e-35 2.2602044343948369 -5.2398998737335196 4.7341773509979257
decision_type=2 2 2 2 2 2
left_child=1 2 -1 -2 -5 -3
right_child=3 5 -4 4 -6 -7
leaf_value=0.0016791405443998403 -0.0013998111574207439 0.0035233392599774887 -0.010672741332874271 0 0.0087899433691624989 -0.00071060326153811514
leaf_weight=0.7612829547288128 0.39857532404130314 1.524653603271872 5.0231094057453447 0.62358039256650943 3.6543741476416471 0.29879187964979781
leaf_count=174 100 144 5570 135 200 138
internal_value=-0.000494376 -0.005697 -0.00844276 0.00589383 0.00763518 0.00190127
internal_weight=12.2844 7.60784 5.78439 4.67653 4.27795 1.82345
internal_count=6461 6026 5744 435 335 282
is_linear=0
shrinkage=0.025


Tree=198
num_leaves=7
num_cat=0
split_feature=27 5 22 27 22 20
split_gain=1.30122 0.773246 0.50698 0.452587 0.22685 0.0359522
threshold=0.12959748506546023 4.7341773509979257 0.79085835814476024 0.71963703632354747 -0.25412984192371363 1.6454725265502932
decision_type=2 2 2 2 2 2
left_child=1 4 3 -2 -1 -4
right_child=2 -3 5 -5 -6 -7
leaf_value=-2.1391329006143526e-05 -0.0097959246346689208 -0.0031134195521908652 0.0025306838486631577 0.0013484545958137788 0.010086708340573035 0
leaf_weight=0.20095192650478555 4.9164952511528099 0.81490545295673644 1.2078834538770022 0.38959966661059287 4.8583708541773376 0.26094148555421259
leaf_count=315 5001 499 82 89 433 78
internal_value=0 0.00631981 -0.00567296 -0.008114 0.00925284 0.00163475
internal_weight=12.6491 5.87423 6.77492 5.30609 5.05932 1.46882
internal_count=6497 1247 5250 5090 748 160
is_linear=0
shrinkage=0.025


Tree=199
num_leaves=7
num_cat=0
split_feature=6 25 27 18 1 24
split_gain=1.08336 1.34105 0.385462 0.147871 0.125553 0.0603737
threshold=3.2709724903106694 0.75754928588867199 0.09452309831976892 0.53859758377075206 1.7189171314239504 -5.408684015274047
decision_type=2 2 2 2 2 2
left_child=1 4 -3 5 -1 -2
right_child=3 2 -4 -5 -6 -7
leaf_value=0 0 0.0021846023198715124 -0.0064445261920388483 0 0.010372296809502629 -0.0082168456531665195
leaf_weight=0.094016793089393036 0.18508616468170735 0.90099373355769818 2.8181444489891874 0.85593015928316152 5.4502855230894056 2.2593608588504148
leaf_count=68 14 69 3066 209 562 2450
internal_value=0.000376157 0.00473368 -0.00358326 -0.00658547 0.00995908 -0.00779546
internal_weight=12.5638 9.26344 3.71914 3.30038 5.5443 2.44445
internal_count=6438 3765 3135 2673 630 2464
is_linear=0
shrinkage=0.025


Tree=200
num_leaves=7
num_cat=0
split_feature=6 21 10 21 2 24
split_gain=1.20489 0.899983 0.29074 0.253324 0.0551264 0.0455444
threshold=3.1996345520019536 0.0052853489760309466 5.7696294784545907 1.8219149708747866 4.7805867195129403 -5.408684015274047
decision_type=2 2 2 2 2 2
left_child=1 4 -3 5 -1 -2
right_child=3 2 -4 -5 -6 -7
leaf_value=-0.0047864991544049832 0 0.0086908673595279904 -0.00041364612761762392 0.00021061499795258567 0 -0.0093387033274332457
leaf_weight=1.3716558113555928 0.27600244956556785 7.1325257419230184 0.62260535083623825 0.5337297191726974 0.1260206392398685 2.5097469221582296
leaf_count=1777 24 1758 181 27 3 2722
internal_value=0 0.00446909 0.00759431 -0.00750334 -0.00414291 -0.00897016
internal_weight=12.5723 9.25281 7.75513 3.31948 1.49768 2.78575
internal_count=6492 3719 1939 2773 1780 2746
is_linear=0
shrinkage=0.025


Tree=201
num_leaves=7
num_cat=0
split_feature=21 5 14 24 16 15
split_gain=1.17837 0.63376 0.546347 0.104893 0.0714356 0.0562139
threshold=0.0052853489760309466 4.0348145961761483 0.38657470047473913 -5.408684015274047 1.3905151486396792 3.0032213926315312
decision_type=2 2 2 2 2 2
left_child=4 2 -2 -3 5 -1
right_child=1 3 -4 -5 -6 -7
leaf_value=-0.0082249317755490169 0.0096554874846488479 0.00033718307713602821 -0.00041320775303295328 -0.0044687247378957448 0 0
leaf_weight=2.4696014851251693 5.6404531386870058 0.38531770661938924 2.7141669445263688 1.0716628076988843 0.16568132363317989 0.092038647926528827
leaf_count=3118 1629 14 981 643 61 15
internal_value=0.000250375 0.00458995 0.00698644 -0.00295289 -0.00742083 -0.00788542
internal_weight=12.5389 9.8116 8.35462 1.45698 2.72732 2.56164
internal_count=6461 3267 2610 657 3194 3133
is_linear=0
shrinkage=0.025


Tree=202
num_leaves=7
num_cat=0
split_feature=13 22 26 14 21 14
split_gain=1.26832 0.809941 0.635444 0.327901 0.152635 0.0341169
threshold=4.0163853168487558 0.85867285728454601 -0.8848474621772765 0.27974204719066625 0.0052853489760309466 3.5779061317443852
decision_type=2 2 2 2 2 2
left_child=1 5 4 -4 -2 -1
right_child=2 -3 3 -5 -6 -7
leaf_value=-0.011190003377114087 0 0.0022640032161196405 0.002212094647348031 -0.0057556582593995395 0.0088515393029720193 0
leaf_weight=3.4894205009768489 0.16454685888311349 1.1500132763976578 1.3586245399128531 1.1771501079529114 3.9498986157122999 0.037623320236889302
leaf_count=3796 198 81 1265 833 277 7
internal_value=-0.00091887 -0.00765455 0.0045339 -0.00202205 0.00815284 -0.0110527
internal_weight=11.3273 4.67706 6.65022 2.53577 4.11445 3.52704
internal_count=6457 3884 2573 2098 475 3803
is_linear=0
shrinkage=0.025


Tree=203
num_leaves=6
num_cat=0
split_feature=21 6 25 20 20
split_gain=1.28453 1.02359 0.348987 0.124616 0.054744
threshold=0.0052853489760309466 3.3466130495071416 2.7061218023300175 0.60893037915229808 2.7951503992080693
decision_type=2 2 2 2 2
left_child=4 2 -2 -3 -1
right_child=1 3 -4 -5 -6
leaf_value=-0.0082644126178067455 0.0096567628841357986 -0.0054780439675460825 0 0.0001318995541318447 0
leaf_weight=2.4739358481238027 6.4512428555244679 1.5002848624280885 1.4477288540947482 0.49115140190770024 0.094751287848339305
leaf_count=3180 1284 1116 736 141 29
internal_value=0.000201659 0.00468822 0.00811647 -0.00409566 -0.00793252
internal_weight=12.4591 9.89041 7.89897 1.99144 2.56869
internal_count=6486 3277 2020 1257 3209
is_linear=0
shrinkage=0.025


Tree=204
num_leaves=7
num_cat=0
split_feature=21 19 0 13 13 23
split_gain=0.8964 0.955408 0.529115 0.293699 0.265718 0.176864
threshold=0.94925019145011913 0.20173196494579318 0.30337744951248174 2.9714708328247075 2.2276135683059697 -5.2398998737335196
decision_type=2 2 2 2 2 2
left_child=1 2 -1 -3 -2 -6
right_child=4 3 -4 -5 5 -7
leaf_value=0.0012007939634822798 -0.0011133048796348288 -0.0022946013855727047 -0.011688152769324354 0.0051573548894005804 0 0.0078459792951761781
leaf_weight=0.4333234232108224 0.3576725450111552 0.64736125238414421 3.6717112322839967 2.6160348580669961 0.40781547777442062 3.4568314218486194
leaf_count=132 89 431 5073 427 123 205
internal_value=-0.000478309 -0.00503393 -0.0097289 0.0024288 0.00521304 0.00680129
internal_weight=11.5908 7.36843 4.10503 3.2634 4.22232 3.86465
internal_count=6480 6063 5205 858 417 328
is_linear=0
shrinkage=0.025


Tree=205
num_leaves=7
num_cat=0
split_feature=27 13 27 19 24 27
split_gain=1.04384 0.744205 0.436038 0.422587 0.231346 0.0598581
threshold=0.16358176618814471 2.2276135683059697 0.71963703632354747 0.53965365886688244 0.44933010637760168 0.75817677378654491
decision_type=2 2 2 2 2 2
left_child=1 -1 3 -2 -3 -4
right_child=2 4 5 -5 -6 -7
leaf_value=-0.00345379010832124 -0.0096927521118208154 0.0090839731984531658 0.0032752460544547752 0.00084739041387484721 -0.00019791279607948541 -0.0001353888124619797
leaf_weight=0.91997586936486175 4.1781835871952353 5.195345851170714 0.35628174421435677 0.85689508534414915 0.25112959650141409 0.20926634986244608
leaf_count=657 4521 556 26 137 509 72
internal_value=0 0.00515804 -0.00574597 -0.0077477 0.00816782 0.00190239
internal_weight=11.9671 6.36645 5.60063 5.03508 5.44648 0.565548
internal_count=6478 1722 4756 4658 1065 98
is_linear=0
shrinkage=0.025


Tree=206
num_leaves=7
num_cat=0
split_feature=6 25 26 1 24 18
split_gain=1.29953 1.15558 0.436499 0.123661 0.106704 0.0489444
threshold=3.1996345520019536 0.75754928588867199 -1.015542685985565 1.7189171314239504 -5.408684015274047 0.67158186435699474
decision_type=2 2 2 2 2 2
left_child=1 3 -3 -1 -2 -6
right_child=4 2 -4 -5 5 -7
leaf_value=0 0 0.0028035079315525753 -0.0061832836232788967 0.010263562520761917 -0.0086549141445245482 0
leaf_weight=0.085964388803402403 0.34444050368620116 0.99455926910741199 2.7582778631003757 5.3558633592438127 2.3231141336327723 0.4694633274921215
leaf_count=72 22 59 3021 561 2632 113
internal_value=0.000280691 0.00505206 -0.0028466 0.0098525 -0.00744712 -0.00815286
internal_weight=12.3317 9.19466 3.75284 5.44183 3.13702 2.79258
internal_count=6480 3713 3080 633 2767 2745
is_linear=0
shrinkage=0.025


Tree=207
num_leaves=6
num_cat=0
split_feature=21 13 5 21 15
split_gain=1.09918 0.607195 0.356587 0.115967 0.0529574
threshold=0.0052853489760309466 3.1542891263961796 -0.24700368940830228 1.3932017087936404 3.0032213926315312
decision_type=2 2 2 2 2
left_child=4 3 -3 -2 -1
right_child=1 2 -4 -5 -6
leaf_value=-0.0079032759436925681 -0.0042663264901636978 -0.0008095059256599948 0.0084497808328713123 0.00052316756029817098 0
leaf_weight=2.3456711422768435 1.3675974634679717 0.84357518658361996 6.411933639908967 0.75679568218765769 0.088980055603315011
leaf_count=3145 1098 224 1862 57 14
internal_value=0 0.00426244 0.00697221 -0.00251312 -0.00756719
internal_weight=11.8146 9.3799 7.25551 2.12439 2.43465
internal_count=6400 3241 2086 1155 3159
is_linear=0
shrinkage=0.025


Tree=208
num_leaves=7
num_cat=0
split_feature=21 19 27 13 5 26
split_gain=0.929772 1.10947 0.60298 0.318526 0.291228 0.182186
threshold=0.97638365626335155 0.24768940359354022 0.71963703632354747 2.9714708328247075 4.014458656311036 -0.80510121583938588
decision_type=2 2 2 2 2 2
left_child=1 2 -1 -3 5 -2
right_child=4 3 -4 -5 -6 -7
leaf_value=-0.011752970717563758 0.0085614988092525286 -0.0021199905708169115 0.0016462941425051045 0.0057835738931573443 -0.00096193511439230045 0
leaf_weight=3.9023477470909711 3.3787118683030712 0.61299705731653409 0.34840364297269832 2.7040209155602497 0.48375276883598406 0.3756505704368468
leaf_count=5282 186 394 79 337 71 128
internal_value=0 -0.00452878 -0.00968289 0.00317509 0.00591617 0.00755957
internal_weight=11.8059 7.56777 4.25075 3.31702 4.23812 3.75436
internal_count=6477 6092 5361 731 385 314
is_linear=0
shrinkage=0.025


Tree=209
num_leaves=7
num_cat=0
split_feature=22 21 7 13 25 23
split_gain=1.25894 0.858515 0.698171 0.200343 0.204522 0.164447
threshold=0.72420740127563488 0.97638365626335155 5.0760755538940439 2.5994130373001103 -0.1435386463999748 -0.73088684678077687
decision_type=2 2 2 2 2 2
left_child=1 2 -1 -2 -5 -3
right_child=3 5 -4 4 -6 -7
leaf_value=-0.011175719390634345 -0.00025106711146903837 0.0049240992243690549 0.0019271234807700462 0.0090171174015970437 0 -0.00099568455454201467
leaf_weight=4.7915389431036601 0.20138776663225133 1.6462072538051873 0.72085347605752748 3.6659041742168483 0.31427453656215254 0.36626527425687516
leaf_count=5685 54 89 288 170 103 126
internal_value=0 -0.00517125 -0.0087661 0.00701555 0.00801428 0.0030137
internal_weight=11.7064 7.52486 5.51239 4.18157 3.98018 2.01247
internal_count=6515 6188 5973 327 273 215
is_linear=0
shrinkage=0.025


Tree=210
num_leaves=7
num_cat=0
split_feature=22 13 14 21 16 13
split_gain=1.09502 0.720282 0.38877 0.375822 0.26443 0.10106
threshold=0.79085835814476024 4.410999298095704 0.38657470047473913 1.3229246735572817 0.5630648434162141 2.9714708328247075
decision_type=2 2 2 2 2 2
left_child=1 3 -3 -1 5 -2
right_child=4 2 -4 -5 -6 -7
leaf_value=-0.010511888865523974 0 0.0051663178040127896 -0.0032099736478397867 0.00036842366246365066 -0.00062455618712007298 0.0088005066222059235
leaf_weight=3.6123551824057341 0.26981881042593325 2.6809374475087684 0.96959999499449612 0.79216404614271585 0.35530242176901072 3.0027454534574645
leaf_count=4371 48 1272 463 58 105 113
internal_value=0 -0.00472064 0.0016496 -0.00873497 0.00675305 0.00820291
internal_weight=11.6829 8.05506 3.65054 4.40452 3.62787 3.27256
internal_count=6430 6164 1735 4429 266 161
is_linear=0
shrinkage=0.025


Tree=211
num_leaves=7
num_cat=0
split_feature=26 22 5 27 22 16
split_gain=1.24536 0.695077 0.636786 0.464215 0.169378 0.0828327
threshold=-0.99836018681526173 0.79085835814476024 4.7341773509979257 0.71963703632354747 -0.25412984192371363 0.5630648434162141
decision_type=2 2 2 2 2 2
left_child=2 3 4 -2 -1 -3
right_child=1 5 -4 -5 -6 -7
leaf_value=0 -0.0098089508359141681 0.0039393178298586231 -0.0023299578819390202 0.001435363915435116 0.010226634174307643 -0.00019819492509356437
leaf_weight=0.14090889522049099 4.7981596815952798 1.481903457213775 0.65445285759778915 0.37072686855390191 4.3373093348636758 0.29978042829316098
leaf_count=230 5302 79 450 86 312 100
internal_value=0.000439108 -0.00482545 0.00704831 -0.00807863 0.00958438 0.0026887
internal_weight=12.0832 6.95057 5.13267 5.16889 4.47822 1.78168
internal_count=6559 5567 992 5388 542 179
is_linear=0
shrinkage=0.025


Tree=212
num_leaves=7
num_cat=0
split_feature=22 17 27 5 16 13
split_gain=1.07408 0.938363 0.580981 0.34259 0.215825 0.102264
threshold=0.75381013751029979 0.56669431924819957 0.71963703632354747 3.654269933700562 0.59711751341819774 2.9714708328247075
decision_type=2 2 2 2 2 2
left_child=1 2 -1 -3 5 -2
right_child=4 3 -4 -5 -6 -7
leaf_value=-0.011735961584009625 0 0.0053830993162331496 0.0015250038808277688 -0.0026729763688430469 -0.00043480630442739061 0.0082210762660238339
leaf_weight=3.9217164197762031 0.28387322966591533 2.5408888712772755 0.35979447461431835 0.66713522381905921 0.31788344123924606 2.9032488477969309
leaf_count=5278 61 411 83 325 108 117
internal_value=-0.000318915 -0.00519122 -0.009727 0.00233859 0.00628866 0.00757865
internal_weight=10.9945 7.48953 4.28151 3.20802 3.50501 3.18712
internal_count=6383 6097 5361 736 286 178
is_linear=0
shrinkage=0.025


Tree=213
num_leaves=6
num_cat=0
split_feature=6 26 14 24 21
split_gain=0.798041 0.708045 0.358582 0.18203 0.100277
threshold=3.3466130495071416 -0.88302278518676747 0.10007023438811304 0.44933010637760168 1.8219149708747866
decision_type=2 2 2 2 2
left_child=1 3 -3 -1 -2
right_child=4 2 -4 -5 -6
leaf_value=0.0080678421717998109 -0.0076622792661072085 0.0023691489094176733 -0.005834320609839877 -6.2820339958950569e-05 0
leaf_weight=4.6457743033242869 2.3078204670600839 0.98977241769534829 2.4207812577042205 0.22680359795049287 0.32510880648624141
leaf_count=469 2511 1000 2028 401 24
internal_value=-0.000282371 0.00317227 -0.00271737 0.00721617 -0.00692813
internal_weight=10.9161 8.28313 3.41055 4.87258 2.63293
internal_count=6433 3898 3028 870 2535
is_linear=0
shrinkage=0.025


Tree=214
num_leaves=5
num_cat=0
split_feature=13 21 25 25
split_gain=1.03229 0.873582 0.305844 0.0753861
threshold=3.1542891263961796 0.0052853489760309466 2.7061218023300175 -4.5807435512542716
decision_type=2 2 2 2
left_child=3 -2 -3 -1
right_child=1 2 -4 -5
leaf_value=0 -0.0045762126897880622 0.0085656232795920176 -5.1596459332490208e-05 -0.0082628907814993515
leaf_weight=0.61844481111620586 1.2949098803692303 5.9585158106492599 1.4715374104052896 2.2296011348335023
leaf_count=70 1961 1334 746 2346
internal_value=-4.34006e-05 0.00380517 0.0070219 -0.00754265
internal_weight=11.573 8.72496 7.43005 2.84805
internal_count=6457 4041 2080 2416
is_linear=0
shrinkage=0.025


Tree=215
num_leaves=7
num_cat=0
split_feature=27 13 22 27 22 20
split_gain=1.04748 0.587499 0.492355 0.459091 0.156611 0.0500141
threshold=0.12959748506546023 2.2276135683059697 0.82723981142044078 0.71963703632354747 -0.25412984192371363 0.73637306690216076
decision_type=2 2 2 2 2 2
left_child=1 -1 3 -2 -3 -4
right_child=2 4 5 -5 -6 -7
leaf_value=-0.0025871515312592451 -0.0096921887126514769 0 0.0028892130392052331 0.0014544402607129128 0.0089784485688936093 -3.4129954952493632e-05
leaf_weight=0.72506792132480757 4.4399238483965746 0.15394023601402285 1.0769543810092725 0.37007913831621397 4.4088248890038813 0.28085552093398281
leaf_count=528 5060 240 50 88 459 94
internal_value=0 0.00567838 -0.00537757 -0.00789328 0.00831138 0.00175019
internal_weight=11.4556 5.28783 6.16781 4.81 4.56277 1.35781
internal_count=6519 1227 5292 5148 699 144
is_linear=0
shrinkage=0.025


Tree=216
num_leaves=7
num_cat=0
split_feature=26 5 25 0 6 21
split_gain=0.90406 0.543607 0.383463 0.470559 0.33993 0.10281
threshold=-0.99836018681526173 4.7341773509979257 0.75754928588867199 0.30337744951248174 2.8932517766952519 -0.1584319323301315
decision_type=2 2 2 2 2 2
left_child=1 5 4 -4 -2 -1
right_child=2 -3 3 -5 -6 -7
leaf_value=0 0.0042000235532884921 -0.0024269225726071056 0.001448448660282525 -0.010074770226673059 -0.003723315883914332 0.0087133237888323122
leaf_weight=0.11807522362505585 2.3849308378157734 0.664729885815177 0.38491505086858557 2.7799873207877681 0.98196107508920238 3.7949472217078437
leaf_count=145 426 449 115 4178 760 387
internal_value=0 0.00556939 -0.00482038 -0.00787907 0.000298098 0.00822842
internal_weight=11.1095 4.57775 6.53179 3.1649 3.36689 3.91302
internal_count=6460 981 5479 4293 1186 532
is_linear=0
shrinkage=0.025


Tree=217
num_leaves=7
num_cat=0
split_feature=13 25 22 21 26 18
split_gain=1.0672 0.771227 0.338242 0.310282 0.0658322 0.0630145
threshold=4.0163853168487558 2.7061218023300175 0.85867285728454601 0.0052853489760309466 -1.015542685985565 0.67158186435699474
decision_type=2 2 2 2 2 2
left_child=2 3 5 -2 -3 -1
right_child=1 4 -4 -5 -6 -7
leaf_value=-0.0099266302256191957 -0.0007883658964680804 0 0.00041877001326161344 0.0086872062429022932 -0.0048606457401826593 0
leaf_weight=3.1643128524920034 0.36045270074828284 0.31386115243367374 0.84707357241859416 4.5824807855497056 1.0064162205453611 0.40611331613035861
leaf_count=3727 485 36 81 805 1284 116
internal_value=-0.00157808 0.00366532 -0.00767494 0.00731866 -0.00399282 -0.00944846
internal_weight=10.6807 6.26321 4.4175 4.94293 1.32028 3.57043
internal_count=6534 2610 3924 1290 1320 3843
is_linear=0
shrinkage=0.025


Tree=218
num_leaves=7
num_cat=0
split_feature=21 24 17 26 12 0
split_gain=1.10666 0.910656 0.607358 0.292437 0.158447 0.0403628
threshold=0.94925019145011913 -3.584677934646606 0.72803479433059703 -0.84910276532173146 2.880744576454163 2.7359515428543095
decision_type=2 2 2 2 2 2
left_child=1 -1 -3 4 -2 -5
right_child=3 2 -4 5 -6 -7
leaf_value=0.0027557288363573521 0 -0.012523357933035285 0.00068162890637687372 6.6643666084630315e-05 0.0078085237483251461 -0.0024864993882164239
leaf_weight=1.5799233985526369 0.35978602999239262 4.1146004901311244 1.1069714656332506 0.316236532118637 2.9737708616448799 0.37633980048121884
leaf_count=154 64 5573 286 11 177 163
internal_value=-0.00185201 -0.00672374 -0.0101484 0.00485117 0.00681597 -0.00118821
internal_weight=10.8276 6.8015 5.22157 4.02613 3.33356 0.692576
internal_count=6428 6013 5859 415 241 174
is_linear=0
shrinkage=0.025


Tree=219
num_leaves=7
num_cat=0
split_feature=22 17 5 16 11 13
split_gain=1.28008 0.855542 0.28593 0.208555 0.1708 0.0725736
threshold=0.79085835814476024 0.65049883723258983 3.654269933700562 0.57637006044387828 6.8893437385559091 2.9714708328247075
decision_type=2 2 2 2 2 2
left_child=1 4 -3 5 -1 -2
right_child=3 2 -4 -5 -6 -7
leaf_value=-0.011037364426022062 0 0.0047577064522145995 -0.002608432970784464 -0.00041845113298011024 0 0.0079682021768924405
leaf_weight=4.2755471722739458 0.25590709442622106 2.1835996731970231 0.64274967654637283 0.29722277530527197 0.33402208176994452 2.7845513351931004
leaf_count=5508 50 286 285 104 44 113
internal_value=-0.00138461 -0.00640899 0.00168772 0.00619013 -0.0103189 0.00747196
internal_weight=10.7736 7.43592 2.82635 3.33768 4.60957 3.04046
internal_count=6390 6123 571 267 5552 163
is_linear=0
shrinkage=0.025


Tree=220
num_leaves=6
num_cat=0
split_feature=13 25 26 18 1
split_gain=0.831802 0.867733 0.490626 0.17905 0.155209
threshold=2.9714708328247075 0.75754928588867199 -1.015542685985565 0.53859758377075206 1.7189171314239504
decision_type=2 2 2 2 2
left_child=3 4 -3 -1 -2
right_child=1 2 -4 -5 -6
leaf_value=-0.0071994775328901072 0 0.003318092664578011 -0.0061041308675779142 1.8457729117031842e-07 0.0092072494184290959
leaf_weight=1.943932911985031 0.11750707909231817 1.1164847314066713 2.6902876183485214 0.77064083764707891 5.3169988073459535
leaf_count=2015 74 113 3332 165 744
internal_value=0.000792532 0.00445393 -0.00231611 -0.00567 0.00863262
internal_weight=11.9559 9.24128 3.80677 2.71457 5.43451
internal_count=6443 4263 3445 2180 818
is_linear=0
shrinkage=0.025


Tree=221
num_leaves=6
num_cat=0
split_feature=27 5 19 22 6
split_gain=1.35899 0.706023 0.694911 0.191115 0.0691787
threshold=0.16885523498058322 4.0348145961761483 0.53965365886688244 -0.25412984192371363 3.9379875659942631
decision_type=2 2 2 2 2
left_child=1 3 -2 -1 -3
right_child=2 4 -4 -5 -6
leaf_value=0 -0.01061027943384462 0 0.0018849380546181336 0.0090128047363675599 -0.0040266071739108317
leaf_weight=0.18296874095904048 3.865909488969919 0.39757304847444164 1.0893758509700999 4.6376581697877555 1.0249059278612547
leaf_count=315 4523 58 138 500 904
internal_value=-0.000884325 0.00496011 -0.00766846 0.00821915 -0.00291167
internal_weight=11.1984 6.24311 4.95529 4.82063 1.42248
internal_count=6438 1777 4661 815 962
is_linear=0
shrinkage=0.025


Tree=222
num_leaves=7
num_cat=0
split_feature=24 17 27 5 25 6
split_gain=0.935618 0.737078 0.542598 0.315646 0.190396 0.136383
threshold=-3.584677934646606 0.52082839608192455 0.71963703632354747 3.654269933700562 -0.1435386463999748 3.8137751817703252
decision_type=2 2 2 2 2 2
left_child=4 2 -2 -3 5 -1
right_child=1 3 -4 -5 -6 -7
leaf_value=0.0083439921577812617 -0.010622818338535012 0.005008864164761778 0.0017065611666694212 -0.0026484785803242337 -0.00022754335313769693 0
leaf_weight=3.084002303519811 3.634398621754372 2.7056913465567054 0.32972130873531558 0.67168933987340995 0.30488094251631981 0.33464341540820886
leaf_count=156 5182 523 75 370 108 64
internal_value=0 -0.00427831 -0.00852021 0.00206812 0.00641385 0.00753191
internal_weight=11.065 7.3415 3.96412 3.37738 3.72353 3.41865
internal_count=6478 6150 5257 893 328 220
is_linear=0
shrinkage=0.025


Tree=223
num_leaves=7
num_cat=0
split_feature=6 25 8 21 5 20
split_gain=0.813713 0.966871 0.282145 0.198524 0.0416847 0.0362525
threshold=3.0603888034820561 0.75754928588867199 5.2270424365997323 1.8219149708747866 2.8629448413848881 -0.84743651747703541
decision_type=2 2 2 2 2 2
left_child=1 5 -3 4 -2 -1
right_child=3 2 -4 -5 -6 -7
leaf_value=0 0 -0.0060745877412687792 0.0015210754456873039 9.9645067696833327e-05 -0.0081165219670324591 0.0084792313842156422
leaf_weight=0.13450168844428834 0.17296234606328731 2.1922710398430358 0.79976729995541962 0.52844579308293749 2.5458818748520571 4.5449719445350638
leaf_count=13 130 2603 342 27 2825 551
internal_value=-0.000123816 0.00357316 -0.00358084 -0.00648678 -0.00781195 0.00827995
internal_weight=10.9188 7.67151 2.99204 3.24729 2.71884 4.67947
internal_count=6491 3509 2945 2982 2955 564
is_linear=0
shrinkage=0.025


Tree=224
num_leaves=7
num_cat=0
split_feature=26 22 5 18 24 25
split_gain=1.33938 0.795301 0.509597 0.0867098 0.0631127 0.0104769
threshold=-1.009682238101959 0.91675469279289257 4.5145349502563485 -0.59573933482170094 0.086431499570608153 -3.5847955942153926
decision_type=2 2 2 2 2 2
left_child=2 3 4 -2 -1 -3
right_child=1 5 -4 -5 -6 -7
leaf_value=0.0083472129243147789 0 0.0025092176382244024 -0.0024029450638982973 -0.01111267900469246 0 0
leaf_weight=3.0884588219123552 0.32867923098820018 0.90861756377853453 0.65102909897541383 4.7030911165493308 0.24987777120986709 0.26184574103535829
leaf_count=194 226 37 463 5241 186 82
internal_value=-0.00227744 -0.00777767 0.00514824 -0.0106791 0.00792826 0.00222886
internal_weight=10.1916 6.20223 3.98937 5.03177 3.33834 1.17046
internal_count=6429 5586 843 5467 380 119
is_linear=0
shrinkage=0.025


Tree=225
num_leaves=5
num_cat=0
split_feature=21 13 14 21
split_gain=1.03739 0.607672 0.260173 0.0934395
threshold=0.0052853489760309466 3.1729196310043339 0.55327123403549205 1.3932017087936404
decision_type=2 2 2 2
left_child=-1 3 -3 -2
right_child=1 2 -4 -5
leaf_value=-0.0072893649450408897 -0.004033113962566762 0.0087417679927366022 0 0.00026691801853305502
leaf_weight=2.1084171210786744 1.2872413148361355 5.0716006424372608 2.0096331799868494 0.69814760897133954
leaf_count=3170 1132 1522 581 58
internal_value=0.000230979 0.00439352 0.00708853 -0.00251757
internal_weight=11.175 9.06662 7.08123 1.98539
internal_count=6463 3293 2103 1190
is_linear=0
shrinkage=0.025


Tree=226
num_leaves=7
num_cat=0
split_feature=27 6 24 27 21 21
split_gain=0.866736 0.658983 0.463859 0.485757 0.0705915 0.0611928
threshold=0.16358176618814471 3.3466130495071416 -3.682715535163879 0.71963703632354747 -0.50540965795516957 1.8219149708747866
decision_type=2 2 2 2 2 2
left_child=1 4 -2 -4 -1 -3
right_child=2 5 3 -5 -6 -7
leaf_value=0 0.0013197824249224065 -0.003826958888354002 -0.010426890762144276 0.0014067615724646372 0.00829972879800241 0
leaf_weight=0.082246769183257018 1.4724519832889198 1.191109388368204 3.292388528483571 0.37923469980887592 3.9498903914281982 0.26338135584956024
leaf_count=70 171 1245 4523 92 372 9
internal_value=-0.000278115 0.00450642 -0.00570326 -0.0083775 0.00796075 -0.00285001
internal_weight=10.6307 5.48663 5.14408 3.67162 4.03214 1.45449
internal_count=6482 1696 4786 4615 442 1254
is_linear=0
shrinkage=0.025


Tree=227
num_leaves=7
num_cat=0
split_feature=25 6 7 21 2 7
split_gain=0.786847 0.90228 0.475607 0.354666 0.0721508 0.0645947
threshold=0.48239068686962133 3.1996345520019536 5.0760755538940439 1.0137466192245486 1.9419591426849367 5.407318353652955
decision_type=2 2 2 2 2 2
left_child=1 4 3 -2 -1 -4
right_child=2 -3 5 -5 -6 -7
leaf_value=0 -0.0096552037548677666 -0.0035726312910435115 0.0036278357147803962 0.00024572219695697528 0.0091073197244688677 -3.5302432144000816e-05
leaf_weight=0.25821528339292843 2.7423122629988943 1.7100971014697277 0.42729752793093201 1.220568589196773 4.4146694414157537 0.22831751154444646
leaf_count=78 4542 955 122 162 478 135
internal_value=2.62803e-05 0.0047563 -0.00493531 -0.00747249 0.00872165 0.00234365
internal_weight=11.0015 6.38298 4.6185 3.96288 4.67288 0.655615
internal_count=6472 1511 4961 4704 556 257
is_linear=0
shrinkage=0.025


Tree=228
num_leaves=7
num_cat=0
split_feature=26 25 5 13 22 13
split_gain=1.0985 0.865647 0.537776 0.438919 0.0459004 0.0270684
threshold=-1.0010367631912229 0.75754928588867199 4.014458656311036 4.0474631786346444 -0.086476571857929216 2.5994130373001103
decision_type=2 2 2 2 2 2
left_child=2 3 4 -2 -1 -4
right_child=1 -3 5 -5 -6 -7
leaf_value=0 -0.0033110048238712505 -0.010496709871609448 -0.0026003322753742875 0.0055079870329951333 0.0090762785106666289 0
leaf_weight=0.22668787901056964 1.432523714960553 2.903773025584087 0.7101139818478257 2.3423175257303228 3.2660932041035267 0.32506911769451108
leaf_count=142 930 4298 531 292 173 114
internal_value=-5.14772e-05 -0.00546472 0.00595469 0.00146935 0.00876368 -0.00189587
internal_weight=11.2066 6.67861 4.52796 3.77484 3.49278 1.03518
internal_count=6480 5520 960 1222 315 645
is_linear=0
shrinkage=0.025


Tree=229
num_leaves=7
num_cat=0
split_feature=26 5 22 27 21 16
split_gain=0.784561 0.439551 0.384381 0.399089 0.141919 0.0684494
threshold=-0.99836018681526173 4.7341773509979257 0.75381013751029979 0.71963703632354747 0.18274159729480746 0.5630648434162141
decision_type=2 2 2 2 2 2
left_child=1 4 3 -2 -1 -4
right_child=2 -3 5 -5 -6 -7
leaf_value=0 -0.0086257875866255426 -0.002002083054507932 0.002915881915239333 0.001440229237643968 0.0084463038591090951 -0.00055867087883683679
leaf_weight=0.16415068847709369 4.2613646755416994 0.58150585746625427 1.3629629359202224 0.3721134317893301 3.5205105917630135 0.33308889008185349
leaf_count=237 5141 423 90 97 287 102
internal_value=0 0.00536598 -0.00444196 -0.00684067 0.00773164 0.00139249
internal_weight=10.5957 4.26617 6.32953 4.63348 3.68466 1.69605
internal_count=6377 947 5430 5238 524 192
is_linear=0
shrinkage=0.025


Tree=230
num_leaves=5
num_cat=0
split_feature=21 13 14 21
split_gain=0.985097 0.620386 0.475997 0.0929012
threshold=0.0052853489760309466 3.1542891263961796 0.44384564459323889 1.3932017087936404
decision_type=2 2 2 2
left_child=-1 3 -3 -2
right_child=1 2 -4 -5
leaf_value=-0.0069884614993842107 -0.0040811739156656956 0.0095721688520161944 -0.00032870838743779998 0.00021682136882209517
leaf_weight=2.0237856430721886 1.2429319624243342 4.9775834334395768 2.2449821323280048 0.75637235827161919
leaf_count=3176 1110 1384 710 63
internal_value=0.000449953 0.00440485 0.00710781 -0.00256888
internal_weight=11.2457 9.22187 7.22257 1.9993
internal_count=6443 3267 2094 1173
is_linear=0
shrinkage=0.025


Tree=231
num_leaves=6
num_cat=0
split_feature=21 13 14 21 15
split_gain=0.901443 0.642387 0.263899 0.100475 0.0390509
threshold=0.0052853489760309466 3.1910389661788945 0.55327123403549205 1.8219149708747866 3.0032213926315312
decision_type=2 2 2 2 2
left_child=4 3 -3 -2 -1
right_child=1 2 -4 -5 -6
leaf_value=-0.0070398252943070384 -0.0042761983888237286 0.0086494330434499674 0 0.00030394515612501148 0
leaf_weight=2.0261259511535186 1.4657234309015601 5.0381200971714861 2.0022664991302008 0.49234425066970278 0.083822359902114729
leaf_count=3147 1211 1478 594 25 16
internal_value=0.000235299 0.00414486 0.00697661 -0.00283546 -0.00674849
internal_weight=11.1084 8.99845 7.04039 1.95807 2.10995
internal_count=6471 3308 2072 1236 3163
is_linear=0
shrinkage=0.025


Tree=232
num_leaves=7
num_cat=0
split_feature=6 25 27 22 17 22
split_gain=0.712526 0.831664 0.361978 0.130279 0.106856 0.043488
threshold=3.2709724903106694 0.75754928588867199 0.072524733841419234 0.045145807787776 1.1581763029098513 0.91675469279289257
decision_type=2 2 2 2 2 2
left_child=1 3 -3 -1 5 -2
right_child=4 2 -4 -5 -6 -7
leaf_value=0 -0.0069076779512485592 0.0024462523758482231 -0.0058395752096646065 0.0087940185543569065 0 0
leaf_weight=0.13667384526342896 1.8293518593709466 0.90379831270547617 2.3634277970195399 4.7706809939845698 0.62434405623935152 0.37304979999316845
leaf_count=185 2555 56 3086 463 82 46
internal_value=0.0002698 0.00403585 -0.00269826 0.0082492 -0.00544332 -0.00643978
internal_weight=11.0013 8.17458 3.26723 4.90735 2.82675 2.2024
internal_count=6473 3790 3142 648 2683 2601
is_linear=0
shrinkage=0.025


Tree=233
num_leaves=7
num_cat=0
split_feature=26 6 19 0 12 6
split_gain=0.794312 0.453883 0.373194 0.337946 0.0805426 0.0437489
threshold=-1.0010367631912229 4.6479134559631357 0.53965365886688244 0.30337744951248174 1.9130397439002993 3.1996345520019536
decision_type=2 2 2 2 2 2
left_child=1 4 3 -2 -1 -4
right_child=2 -3 5 -5 -6 -7
leaf_value=0 0.0012369000697424132 -0.0019251200109837161 0.0027610617636552423 -0.007892525450159428 0.0084643417523117513 0
leaf_weight=0.073438239036477504 0.395311158215918 0.58714725658501254 1.1748884646949589 4.6354040462938428 3.7425562418357003 0.15900384735141404
leaf_count=34 133 469 103 5172 428 89
internal_value=0.000146538 0.00576995 -0.00402082 -0.00629309 0.00808321 0.00176498
internal_weight=10.7677 4.40314 6.36461 5.03072 3.81599 1.33389
internal_count=6428 931 5497 5305 462 192
is_linear=0
shrinkage=0.025


Tree=234
num_leaves=7
num_cat=0
split_feature=6 21 14 21 24 2
split_gain=0.933597 0.62356 0.213097 0.164269 0.106336 0.0363756
threshold=2.8932517766952519 0.016861726529896263 0.55327123403549205 1.8219149708747866 -5.408684015274047 4.7805867195129403
decision_type=2 2 2 2 2 2
left_child=1 5 -3 4 -2 -1
right_child=3 2 -4 -5 -6 -7
leaf_value=-0.0034487603538320083 0 0.0090201197835862012 0 5.8589693787677791e-05 -0.0076424898673763232 0
leaf_weight=1.0106766801145566 0.41610004764515984 4.770165113517578 1.6908768097637219 0.53123659919947375 2.4936968731708475 0.11873161047697056
leaf_count=1570 30 1230 452 27 3128 1
internal_value=0.000604208 0.0050475 0.00759857 -0.00564078 -0.00685076 -0.00282036
internal_weight=11.0315 7.59045 6.46104 3.44103 2.9098 1.12941
internal_count=6438 3253 1682 3185 3158 1571
is_linear=0
shrinkage=0.025


Tree=235
num_leaves=7
num_cat=0
split_feature=6 25 26 17 1 12
split_gain=0.566343 0.668671 0.240733 0.160164 0.128311 0.0175217
threshold=3.1996345520019536 0.75754928588867199 -1.012665271759033 1.1581763029098513 1.7189171314239504 2.880744576454163
decision_type=2 2 2 2 2 2
left_child=1 4 -3 -2 -1 -5
right_child=3 2 -4 5 -6 -7
leaf_value=0 -0.0065698242454543436 0.0017581689709401703 -0.0049826492554992542 -0.00025034134396419719 0.0079811307476402079 0.0013869610090171548
leaf_weight=0.1112745118116435 2.3374042048199049 0.7702209171620783 2.436402221188473 0.2261640365468337 4.1599754392191244 0.52350701618706807
leaf_count=77 2694 58 2966 63 522 22
internal_value=0 0.00331792 -0.00251723 -0.00517528 0.00736778 1.78382e-05
internal_weight=10.5649 7.47787 3.20662 3.08708 4.27125 0.749671
internal_count=6402 3623 3024 2779 599 85
is_linear=0
shrinkage=0.025


Tree=236
num_leaves=7
num_cat=0
split_feature=26 25 6 18 17 21
split_gain=0.877382 0.506906 0.471737 0.139871 0.107148 0.0662215
threshold=-0.99836018681526173 0.41893194615840917 4.1082196235656747 1.1502153873443606 0.4866828471422196 0.039304515346884734
decision_type=2 2 2 2 2 2
left_child=2 4 5 -3 -2 -1
right_child=1 3 -4 -5 -6 -7
leaf_value=0 -0.0016173703218977612 -0.010360283962271901 -0.0025946554361432239 0 0.0027686457987871533 0.0074653550641042002
leaf_weight=0.19501866244536437 1.2454093040032606 2.8811104184278524 0.72703780897063541 0.12653984129428852 1.6808021700417155 3.0742579056204704
leaf_count=120 813 4442 662 1 204 211
internal_value=-0.00175959 -0.00635998 0.00411481 -0.00973254 0.000270701 0.00702937
internal_weight=9.93018 5.93386 3.99631 3.00765 2.92621 3.26928
internal_count=6453 5460 993 4443 1017 331
is_linear=0
shrinkage=0.025


Tree=237
num_leaves=7
num_cat=0
split_feature=6 25 7 1 22 15
split_gain=0.716298 0.826066 0.358508 0.121402 0.0772392 0.0866713
threshold=3.1996345520019536 0.75754928588867199 5.0760755538940439 1.765632748603821 0.963395655155182 1.2042663097381594
decision_type=2 2 2 2 2 2
left_child=1 3 -3 -1 5 -2
right_child=4 2 -4 -5 -6 -7
leaf_value=0 -0.0075031662961591947 -0.0061321186710043447 0.0023249042273449831 0.0083021525915777314 0 0
leaf_weight=0.096923686152876942 2.1545267129076828 2.3236176565442297 0.6447790169622748 4.5419186373765115 0.40896054185577657 0.36583461096961389
leaf_count=79 2588 2786 266 558 36 150
internal_value=0 0.00341871 -0.00320462 0.00776922 -0.00615442 -0.00680851
internal_weight=10.5366 7.60724 2.9684 4.63884 2.92932 2.52036
internal_count=6463 3689 3052 637 2774 2738
is_linear=0
shrinkage=0.025


Tree=238
num_leaves=7
num_cat=0
split_feature=22 13 14 21 23 11
split_gain=0.70414 0.650074 0.425738 0.324124 0.137326 0.0860508
threshold=0.79085835814476024 4.410999298095704 0.35258011519908911 1.3229246735572817 -4.7169837951660147 2.3419846296310429
decision_type=2 2 2 2 2 2
left_child=1 3 -3 -1 -2 -6
right_child=4 2 -4 -5 5 -7
leaf_value=-0.0095964783966855649 0 0.0056889407885114471 -0.0031855929161507049 0.00034748515066465645 0 0.0073666566943386934
leaf_weight=3.1100023279032034 0.44589265934337197 2.4418662057942133 0.9438511402986477 0.77139426764915686 0.34890931802510783 2.4800486339518102
leaf_count=4417 108 1211 503 68 52 116
internal_value=0 -0.00376375 0.00204534 -0.00783345 0.00567305 0.00670668
internal_weight=10.542 7.26711 3.38572 3.8814 3.27485 2.82896
internal_count=6475 6199 1714 4485 276 168
is_linear=0
shrinkage=0.025


Tree=239
num_leaves=7
num_cat=0
split_feature=6 21 20 21 4 13
split_gain=0.684913 0.554582 0.300977 0.0833465 0.0236019 0.0129554
threshold=3.2709724903106694 0.0052853489760309466 0.7239174246788026 1.8219149708747866 4.1766378879547128 3.7921537160873418
decision_type=2 2 2 2 2 2
left_child=1 4 -3 5 -1 -2
right_child=3 2 -4 -5 -6 -7
leaf_value=-0.0039726674460614769 -0.0074607170157175431 0.0076540870551765373 -0.00031571888692593221 0 0 0
leaf_weight=1.1067182133374442 2.0695793831182536 4.4277923733789066 1.7234871013279187 0.32969165954273183 0.067197367548942455 0.12627243670794985
leaf_count=1814 2534 1375 582 26 1 124
internal_value=-0.000588826 0.00284698 0.00572028 -0.00665521 -0.00363607 -0.00731849
internal_weight=9.85074 7.3252 6.15128 2.52554 1.17392 2.19585
internal_count=6456 3772 1957 2684 1815 2658
is_linear=0
shrinkage=0.025


Tree=240
num_leaves=5
num_cat=0
split_feature=24 26 5 22
split_gain=0.987735 0.524269 0.539052 0.174172
threshold=0.086431499570608153 -0.88302278518676747 4.0348145961761483 0.963395655155182
decision_type=2 2 2 2
left_child=1 2 -1 -3
right_child=-2 3 -4 -5
leaf_value=0.0089032260120086252 -0.0078323713552687895 -0.004547154666774543 -0.001747611990354515 0.0012454392076197522
leaf_weight=4.8141287742364511 2.3099329589640556 1.6620972132441223 1.0306965780036987 0.80203848698874924
leaf_count=580 4119 1219 477 74
internal_value=-0.000223032 0.00357057 0.00650892 -0.00225311
internal_weight=10.6189 8.30896 5.84483 2.46414
internal_count=6469 2350 1057 1293
is_linear=0
shrinkage=0.025


Tree=241
num_leaves=6
num_cat=0
split_feature=21 13 25 18 24
split_gain=0.737735 0.556582 0.277302 0.0898669 0.0692658
threshold=0.0052853489760309466 2.9714708328247075 2.7061218023300175 0.53859758377075206 -4.7665493488311759
decision_type=2 2 2 2 2
left_child=4 3 -3 -2 -1
right_child=1 2 -4 -5 -6
leaf_value=0 -0.0041142735294559 0.0081501050145425056 -4.5291308810242572e-05 0.00016840074816001352 -0.0063985996645004352
leaf_weight=0.2363957338384356 1.0271054013865049 5.5670235328470881 1.4140667672436391 0.69521022927074216 1.8861650576764084
leaf_count=21 908 1432 803 147 3206
internal_value=0.000522292 0.00406788 0.00664229 -0.00261637 -0.00578837
internal_weight=10.826 8.70341 6.98109 1.72232 2.12256
internal_count=6517 3290 2235 1055 3227
is_linear=0
shrinkage=0.025


Tree=242
num_leaves=7
num_cat=0
split_feature=27 5 22 27 21 16
split_gain=0.789615 0.440634 0.400477 0.429126 0.0395152 0.0349206
threshold=0.10818962752819063 4.014458656311036 0.85867285728454601 0.71963703632354747 0.25660121440887457 0.5630648434162141
decision_type=2 2 2 2 2 2
left_child=1 4 3 -2 -1 -4
right_child=2 -3 5 -5 -6 -7
leaf_value=0 -0.0089160065670100055 -0.0017757093203748546 0.0025088874436450005 0.0015457968965562302 0.0080995513832356463 0
leaf_weight=0.20038967486107173 4.2998704138481116 0.95359783252206387 0.99084052200851125 0.3624079241126309 3.0078852981350792 0.25511055940296501
leaf_count=140 5263 660 50 96 193 82
internal_value=0 0.00516082 -0.00478245 -0.00707685 0.00780976 0.00159471
internal_weight=10.0701 4.16187 5.90823 4.66228 3.20827 1.24595
internal_count=6484 993 5491 5359 333 132
is_linear=0
shrinkage=0.025


Tree=243
num_leaves=7
num_cat=0
split_feature=26 22 5 17 22 20
split_gain=0.990459 0.522561 0.422166 0.39527 0.130178 0.0362765
threshold=-0.99836018681526173 0.85867285728454601 4.7341773509979257 0.66338780522346508 -0.25412984192371363 0.73637306690216076
decision_type=2 2 2 2 2 2
left_child=2 3 4 -2 -1 -3
right_child=1 5 -4 -5 -6 -7
leaf_value=0 -0.010466360357101714 0.0026622190309917478 -0.0019324217571787938 6.2538018051811039e-05 0.0082698893451333324 0
leaf_weight=0.13880177876126287 3.3936232862579345 1.0076777180584029 0.58053067742366682 1.4112961895953047 3.5177689331176225 0.2974046356830512
leaf_count=224 4900 46 441 414 303 89
internal_value=-0.000564497 -0.00573777 0.00528664 -0.00828153 0.00760892 0.00177684
internal_weight=10.3471 6.11 4.2371 4.80492 3.65657 1.30508
internal_count=6417 5449 968 5314 527 135
is_linear=0
shrinkage=0.025


Tree=244
num_leaves=7
num_cat=0
split_feature=27 5 27 24 21 27
split_gain=0.742291 0.398081 0.3773 0.306006 0.119074 0.0596802
threshold=0.10818962752819063 4.7341773509979257 0.71963703632354747 -3.682715535163879 0.18274159729480746 0.75817677378654491
decision_type=2 2 2 2 2 2
left_child=1 4 3 -2 -1 -4
right_child=2 -3 5 -5 -6 -7
leaf_value=0 0.00019994165168331249 -0.0020623027024665674 0.0032231405849578194 -0.0088006626204674004 0.0076893361217477852 -0.00016899214023280746
leaf_weight=0.15011948883693627 1.1720580189939935 0.59167226305362408 0.32596454292070109 3.8850716726192331 3.2417414131050464 0.21391829825006425
leaf_count=244 185 440 28 5188 281 80
internal_value=-0.000486553 0.00457293 -0.0051359 -0.00703088 0.00701427 0.00181145
internal_weight=9.58055 3.98353 5.59701 5.05713 3.39186 0.539883
internal_count=6446 965 5481 5373 525 108
is_linear=0
shrinkage=0.025


Tree=245
num_leaves=7
num_cat=0
split_feature=21 6 25 20 15 15
split_gain=0.756551 0.52006 0.238426 0.071203 0.0502481 0.0341838
threshold=0.016861726529896263 3.2709724903106694 2.7061218023300175 0.60893037915229808 -0.71241506934165943 3.0032213926315312
decision_type=2 2 2 2 2 2
left_child=4 2 -2 -3 -1 -6
right_child=1 3 -4 -5 5 -7
leaf_value=0 0.0081280461076933368 -0.0035180528719931502 0 0.00015261012004509663 -0.00655853492529377 0
leaf_weight=0.16210531318574739 5.1995907587333914 1.3910522180631231 1.2085451679413379 0.44180116167626682 1.8637801713048263 0.079514034132443956
leaf_count=80 1185 1132 716 139 3167 15
internal_value=0.000519099 0.00420842 0.00678263 -0.00225434 -0.00584166 -0.0062805
internal_weight=10.3464 8.24099 6.40814 1.83285 2.1054 1.94329
internal_count=6434 3172 1901 1271 3262 3182
is_linear=0
shrinkage=0.025


Tree=246
num_leaves=7
num_cat=0
split_feature=25 6 26 2 18 0
split_gain=0.81554 0.800108 0.389311 0.205262 0.136815 0.047021
threshold=0.75754928588867199 3.1996345520019536 -1.015542685985565 1.9419591426849367 1.1502153873443606 3.596867680549622
decision_type=2 2 2 2 2 2
left_child=1 3 -2 -1 -4 -3
right_child=2 5 4 -5 -6 -7
leaf_value=-0.0003183107841216691 0.00062926597919996574 0 -0.01015492088361465 0.0080338498515714583 0 -0.0049076176291417885
leaf_weight=0.15328124570805801 1.0414757493017535 0.23334287776015106 2.7373106458580883 4.18905255799109 0.12676571309566487 1.3514177924407702
leaf_count=102 389 96 4376 511 1 965
internal_value=-0.00184659 0.0028513 -0.00727594 0.00705746 -0.00951771 -0.00433222
internal_weight=9.83265 5.92709 3.90555 4.34233 2.86408 1.58476
internal_count=6440 1674 4766 613 4377 1061
is_linear=0
shrinkage=0.025


Tree=247
num_leaves=7
num_cat=0
split_feature=6 27 14 24 17 22
split_gain=0.660452 0.536946 0.23269 0.165862 0.0867691 0.0416924
threshold=3.2709724903106694 0.22525071352720263 0.10007023438811304 0.44933010637760168 1.1581763029098513 0.963395655155182
decision_type=2 2 2 2 2 2
left_child=1 3 -3 -1 5 -2
right_child=4 2 -4 -5 -6 -7
leaf_value=0.0081072953963463677 -0.0066330369218606236 0.002113386618988836 -0.0044439712590628984 0 0 0
leaf_weight=4.3235347888148681 1.7419021728201194 0.7855533385263701 2.238128117947781 0.20678082720041846 0.63102076415088948 0.31702580943237979
leaf_count=436 2580 985 1975 385 81 31
internal_value=0.000176 0.00396052 -0.00170607 0.00730923 -0.00530399 -0.0061911
internal_weight=10.2439 7.554 3.02368 4.53032 2.68995 2.05893
internal_count=6473 3781 2960 821 2692 2611
is_linear=0
shrinkage=0.025


Tree=248
num_leaves=7
num_cat=0
split_feature=6 25 7 22 1 21
split_gain=0.671052 0.518518 0.241327 0.162385 0.0966785 0.0788073
threshold=2.9773616790771489 0.75754928588867199 5.0760755538940439 0.91675469279289257 1.7189171314239504 1.8219149708747866
decision_type=2 2 2 2 2 2
left_child=1 4 -3 5 -1 -2
right_child=3 2 -4 -5 -6 -7
leaf_value=0 -0.0071569799206429004 -0.0043189243048056261 0.0023821939339032528 0.00014212662760859068 0.0079498243489465395 0
leaf_weight=0.098768499876314197 2.1493727025736016 2.3719288459687964 0.6235121416284527 0.56509809967246827 4.0184099688194692 0.32337106292834494
leaf_count=72 2971 2587 264 50 466 22
internal_value=0.000121401 0.00410445 -0.00152493 -0.0051788 0.0074758 -0.00651265
internal_weight=10.1505 7.11262 2.99544 3.03784 4.11718 2.47274
internal_count=6432 3389 2851 3043 538 2993
is_linear=0
shrinkage=0.025


Tree=249
num_leaves=7
num_cat=0
split_feature=6 25 7 1 22 21
split_gain=0.920829 0.486547 0.222776 0.112197 0.0724411 0.0388417
threshold=2.9773616790771489 0.75754928588867199 5.0760755538940439 1.7189171314239504 0.91675469279289257 1.8219149708747866
decision_type=2 2 2 2 2 2
left_child=1 3 -3 -1 5 -2
right_child=4 2 -4 -5 -6 -7
leaf_value=0 -0.0077891987195710657 -0.0040736877754495001 0.0023440600678542364 0.0079658025630892984 0 0
leaf_weight=0.092148789342900161 2.0425118649400256 2.3680496317865622 0.62938469302753208 4.1095199503070035 0.42444868144229975 0.28790859406581137
leaf_count=77 2996 2581 255 469 48 20
internal_value=0 0.00422527 -0.00132161 0.00742953 -0.00679188 -0.00741465
internal_weight=9.95397 7.1991 2.99743 4.20167 2.75487 2.33042
internal_count=6446 3382 2836 546 3064 3016
is_linear=0
shrinkage=0.025


Tree=250
num_leaves=7
num_cat=0
split_feature=25 6 27 17 14 8
split_gain=0.584223 0.56472 0.402311 0.166329 0.135679 0.0399286
threshold=0.75754928588867199 3.1996345520019536 0.71963703632354747 1.0910804271698 1.4430546164512636 5.2270424365997323
decision_type=2 2 2 2 2 2
left_child=1 4 3 -2 -1 -4
right_child=2 -3 5 -5 -6 -7
leaf_value=0.0069647034746913618 -0.0094344683769000178 -0.003449959206162847 0 0 0 0.0027469576639713089
leaf_weight=3.6191461950365924 2.6579675396642424 1.6889866482342766 0.17926046898355696 0.48184327967464913 0.31265937942589506 0.15613048084196635
leaf_count=491 4584 1053 77 78 139 8
internal_value=-0.00157565 0.00237592 -0.00633549 -0.00842431 0.0061086 0.00161707
internal_weight=9.09599 5.62079 3.4752 3.13981 3.93181 0.335391
internal_count=6430 1683 4747 4662 630 85
is_linear=0
shrinkage=0.025


Tree=251
num_leaves=7
num_cat=0
split_feature=22 13 17 14 11 16
split_gain=0.661767 0.605328 0.622457 0.200975 0.107716 0.0802946
threshold=0.79085835814476024 5.4696323871612558 0.75720083713531505 0.35258011519908911 2.2338542938232426 0.5630648434162141
decision_type=2 2 2 2 2 2
left_child=1 2 -1 -3 -2 -6
right_child=4 3 -4 -5 5 -7
leaf_value=-0.010281579070645195 0 0.0053158916739853412 0.0011859251532171031 -0.0012858973808233722 0.0068737431283275559 0
leaf_weight=3.3526977103974787 0.34711800192599218 1.1062267525194327 1.813997821176599 0.4659117452938516 2.40639520435434 0.35197397756564885
leaf_count=5286 68 345 365 218 119 88
internal_value=0 -0.00392855 -0.00703749 0.0029186 0.005355 0.00621582
internal_weight=9.84432 6.73883 5.1667 1.57214 3.10549 2.75837
internal_count=6489 6214 5651 563 275 207
is_linear=0
shrinkage=0.025


Tree=252
num_leaves=5
num_cat=0
split_feature=21 13 26 16
split_gain=0.586164 0.331184 0.3096 0.0500681
threshold=0.0052853489760309466 2.2276135683059697 -0.88302278518676747 1.3905151486396792
decision_type=2 2 2 2
left_child=3 -2 -3 -1
right_child=1 2 -4 -5
leaf_value=-0.0061865415960499102 -0.0023677814499641734 0.0071283896164980182 -0.00036904835616278397 0
leaf_weight=1.7636465045980001 0.67610226139368013 4.9667311859047905 2.3157432909938516 0.14457173965638492
leaf_count=3094 513 988 1765 58
internal_value=0 0.00327251 0.00505573 -0.00573956
internal_weight=9.86679 7.95858 7.28247 1.90822
internal_count=6418 3266 2753 3152
is_linear=0
shrinkage=0.025


Tree=253
num_leaves=7
num_cat=0
split_feature=6 21 15 22 22 21
split_gain=0.749477 0.495312 0.186325 0.0834279 0.0498633 0.0432134
threshold=3.2709724903106694 0.0052853489760309466 0.34731084108352667 0.91675469279289257 0.85867285728454601 1.8219149708747866
decision_type=2 2 2 2 2 2
left_child=1 4 -3 5 -1 -2
right_child=3 2 -4 -5 -6 -7
leaf_value=-0.0035000563447155305 -0.0070193858342352117 0.0079123712643658431 0 0 0 0
leaf_weight=1.0250158335184094 1.8567844096287451 4.4755355155066354 2.1095545243842935 0.44001939776353527 0.17889832472428668 0.26398214657092456
leaf_count=1846 2626 1411 566 40 5 22
internal_value=8.65346e-05 0.00405069 0.00641511 -0.00584939 -0.00262179 -0.00660699
internal_weight=10.3498 7.789 6.58509 2.56079 1.20391 2.12077
internal_count=6516 3828 1977 2688 1851 2648
is_linear=0
shrinkage=0.025


Tree=254
num_leaves=7
num_cat=0
split_feature=6 25 7 22 2 8
split_gain=0.65494 0.525499 0.265176 0.16696 0.100689 0.0694831
threshold=2.8932517766952519 0.75754928588867199 5.0760755538940439 0.91675469279289257 1.5959663391113283 -0.93183958530426014
decision_type=2 2 2 2 2 2
left_child=1 4 -3 5 -1 -2
right_child=3 2 -4 -5 -6 -7
leaf_value=0 0 -0.0047704202675161915 0.0023331782292239198 3.3179066706810047e-05 0.0076788693371573338 -0.0075116524371348879
leaf_weight=0.079573471361073067 0.37459296868837633 2.1855565887199195 0.6268053951425826 0.60604624304687593 3.7022307396728138 2.2119092289358377
leaf_count=60 82 2499 247 47 423 3061
internal_value=0 0.003599 -0.00190721 -0.00562439 0.00715994 -0.00692204
internal_weight=9.78671 6.59417 2.81236 3.19255 3.7818 2.5865
internal_count=6419 3229 2746 3190 483 3143
is_linear=0
shrinkage=0.025


Tree=255
num_leaves=6
num_cat=0
split_feature=6 21 4 20 11
split_gain=0.639628 0.531592 0.181737 0.0694957 0.0522829
threshold=3.3466130495071416 0.0052853489760309466 -0.44870375096797938 0.60893037915229808 2.6893401145935063
decision_type=2 2 2 2 2
left_child=1 4 -3 -2 -1
right_child=3 2 -4 -5 -6
leaf_value=0 -0.0059874837666360611 0 0.0074662943897289532 0 -0.0036860373226109615
leaf_weight=0.18216301020584058 1.7247705252812013 0.60801573556818755 5.7896309906318493 0.63337406413120323 1.0298418300699266
leaf_count=8 2029 142 1836 538 1885
internal_value=0.000430519 0.004031 0.00654264 -0.00518277 -0.0028157
internal_weight=9.9678 7.60965 6.39765 2.35814 1.212
internal_count=6438 3871 1978 2567 1893
is_linear=0
shrinkage=0.025


Tree=256
num_leaves=7
num_cat=0
split_feature=26 5 26 18 21 26
split_gain=0.720611 0.384129 0.376971 0.542869 0.0798552 0.0510069
threshold=-1.0010367631912229 4.7341773509979257 -0.39548355340957636 0.45156332850456243 -0.1584319323301315 -0.35813218355178827
decision_type=2 2 2 2 2 2
left_child=1 4 3 -2 -1 -4
right_child=2 -3 5 -5 -6 -7
leaf_value=0 -0.0097113365248119449 -0.0018804365003803254 0.0031737156209638534 0.0010371270483729249 0.0076367519154164776 0
leaf_weight=0.1084735567019387 3.3598701836490363 0.56194875229994057 0.32338907327357447 1.7518711960947255 3.2020625201184885 0.18180204239615694
leaf_count=148 5017 436 25 404 374 74
internal_value=-0.000105712 0.00484207 -0.00477943 -0.00671823 0.00718005 0.00198722
internal_weight=9.48942 3.87248 5.61693 5.11174 3.31054 0.505191
internal_count=6478 958 5520 5421 522 99
is_linear=0
shrinkage=0.025


Tree=257
num_leaves=7
num_cat=0
split_feature=21 7 22 12 16 7
split_gain=0.735468 0.449096 0.398451 0.237055 0.128178 0.0630608
threshold=0.97638365626335155 5.0760755538940439 0.72420740127563488 2.998899102210999 0.7073449194431306 5.407318353652955
decision_type=2 2 2 2 2 2
left_child=1 2 -1 -2 -5 -3
right_child=3 5 -4 4 -6 -7
leaf_value=-0.0093321662496370136 -0.0011047130788379214 0.0035010168176797234 0.00059866107465055734 0.0071932575687983502 0 -7.4403605508613206e-05
leaf_weight=4.0469374179374427 0.34951381597784381 0.41447979495569587 1.2011494807011329 2.7591185904893796 0.47155315567215428 0.20958148767749663
leaf_count=5720 94 126 150 184 127 151
internal_value=-0.000717941 -0.00514126 -0.00726625 0.0045769 0.00624862 0.00219033
internal_weight=9.45233 5.87215 5.24809 3.58019 3.23067 0.624061
internal_count=6552 6147 5870 405 311 277
is_linear=0
shrinkage=0.025


Tree=258
num_leaves=7
num_cat=0
split_feature=13 15 22 21 21 27
split_gain=0.595662 0.482826 0.455736 0.296074 0.147297 0.122112
threshold=4.2384409904479989 0.31253266334533697 0.79085835814476024 0.016861726529896263 1.3229246735572817 0.11970652267336847
decision_type=2 2 2 2 2 2
left_child=2 3 4 -2 -1 -3
right_child=1 5 -4 -5 -6 -7
leaf_value=-0.0084160660633935177 -0.00067423932017350086 0.00081527913603200589 0.0018699632668582975 0.0087818314800648077 0 -0.0041576262370383961
leaf_weight=2.6719570220229802 0.37943209239892928 0.56338057722314239 1.4099187874962806 3.2849460552752134 0.53438397200079624 0.8669042931869626
leaf_count=4086 702 31 123 727 62 695
internal_value=0 0.00426198 -0.00443242 0.0072573 -0.00741617 -0.00211603
internal_weight=9.71092 5.09466 4.61626 3.66438 3.20634 1.43028
internal_count=6426 2155 4271 1429 4148 726
is_linear=0
shrinkage=0.025


Tree=259
num_leaves=7
num_cat=0
split_feature=26 27 6 18 26 22
split_gain=0.682995 0.412089 0.361254 0.212731 0.05314 0.0173922
threshold=-1.0010367631912229 0.71963703632354747 4.1082196235656747 0.46435379981994634 -0.35813218355178827 -0.099476043134927736
decision_type=2 2 2 2 2 2
left_child=2 3 5 -2 -3 -1
right_child=1 4 -4 -5 -6 -7
leaf_value=0 -0.0088362319592013849 0.0031883220599146786 -0.0020382465347266623 0 0 0.0067105552582309618
leaf_weight=0.19296521022261037 3.6059433606897073 0.3187264597218018 0.60505905789614178 1.3150916416016114 0.19205030158627767 2.8602068552827409
leaf_count=112 5077 20 621 379 84 194
internal_value=-0.0010657 -0.00538305 0.0040296 -0.00737073 0.00194533 0.00652708
internal_weight=9.09004 5.43181 3.65823 4.92104 0.510777 3.05317
internal_count=6487 5560 927 5456 104 306
is_linear=0
shrinkage=0.025


Tree=260
num_leaves=7
num_cat=0
split_feature=22 17 27 0 11 23
split_gain=0.584449 0.440974 0.446587 0.259407 0.0408355 0.038204
threshold=0.963395655155182 0.52082839608192455 0.71963703632354747 4.0450036525726327 2.2338542938232426 -6.0490479469299308
decision_type=2 2 2 2 2 2
left_child=1 2 -1 -3 -2 -6
right_child=4 3 -4 -5 5 -7
leaf_value=-0.0090726492224371177 0 0.0042949460234274405 0.0016602864408120244 -0.0025702222750375783 0 0.0059554203537400437
leaf_weight=3.4670788526673282 0.27812135347630862 2.3643123179026593 0.33654655463760708 0.8954085621262492 0.21426322256593322 1.9117645395963332
leaf_count=5305 36 513 81 419 51 91
internal_value=-6.30586e-05 -0.00374953 -0.00700946 0.00123815 0.00514165 0.00557224
internal_weight=9.4675 7.06335 3.80363 3.25972 2.40415 2.12603
internal_count=6496 6318 5386 932 178 142
is_linear=0
shrinkage=0.025


Tree=261
num_leaves=6
num_cat=0
split_feature=21 13 14 18 16
split_gain=0.662599 0.426808 0.402537 0.0661756 0.0502942
threshold=0.016861726529896263 3.1542891263961796 0.55327123403549205 0.52673238515853893 1.3905151486396792
decision_type=2 2 2 2 2
left_child=4 3 -3 -2 -1
right_child=1 2 -4 -5 -6
leaf_value=-0.0061544563826512345 -0.0033163008934223599 0.0083818716347588296 -0.00085920618158328254 0.00011603865221468173 0
leaf_weight=1.7402086760848758 1.079783405686612 4.671944596368121 1.4268035191962551 0.7748101699471589 0.14724412577561441
leaf_count=3220 977 1469 551 171 58
internal_value=0.000288936 0.00384494 0.00624368 -0.00193189 -0.0057012
internal_weight=9.84079 7.95334 6.09875 1.85459 1.88745
internal_count=6446 3168 2020 1148 3278
is_linear=0
shrinkage=0.025


Tree=262
num_leaves=6
num_cat=0
split_feature=6 25 7 2 20
split_gain=0.484478 0.5512 0.328854 0.111925 0.0651714
threshold=3.3466130495071416 0.75754928588867199 5.0760755538940439 1.9419591426849367 0.60893037915229808
decision_type=2 2 2 2 2
left_child=1 3 -3 -1 -2
right_child=4 2 -4 -5 -6
leaf_value=0 -0.0063087458741894684 -0.0055579804337333866 0.0024471916062168541 0.0070874788308878806 0
leaf_weight=0.27519518689223321 1.6701409292181781 2.3234609604951406 0.60403827122354403 3.7423922239904641 0.64180970878078358
leaf_count=103 1997 2957 260 586 559
internal_value=-0.000250912 0.00257096 -0.00261615 0.00639859 -0.00554402
internal_weight=9.25704 6.94509 2.9275 4.01759 2.31195
internal_count=6462 3906 3217 689 2556
is_linear=0
shrinkage=0.025


Tree=263
num_leaves=7
num_cat=0
split_feature=18 19 11 26 13 16
split_gain=0.704149 0.295886 0.205307 0.200696 0.0863632 0.0416056
threshold=0.23924080282449725 0.24768940359354022 2.3126300573349003 -0.80711084604263295 4.282677650451661 1.7143959403038027
decision_type=2 2 2 2 2 2
left_child=1 5 -2 -4 -3 -1
right_child=2 4 3 -5 -6 -7
leaf_value=-0.0084483228866116932 -0.001122218942391546 -0.0016292352264286097 0.0067471677577075938 -0.00031976877010529416 0.0024815026439733464 0
leaf_weight=2.7426509803881349 0.58316538681901864 0.82709679711479145 3.0703234994471131 0.78728988112925469 1.2537250510722513 0.090907556957972591
leaf_count=4756 226 526 514 297 131 32
internal_value=-0.00126213 -0.00587064 0.00358399 0.00523293 0 -0.00819917
internal_weight=9.35516 4.91438 4.44078 3.85761 2.08082 2.83356
internal_count=6482 5445 1037 811 657 4788
is_linear=0
shrinkage=0.025


Tree=264
num_leaves=7
num_cat=0
split_feature=22 13 21 6 16 11
split_gain=0.566255 0.614585 0.317746 0.180728 0.173175 0.090654
threshold=0.75381013751029979 5.4696323871612558 1.8219149708747866 0.054616009816527374 0.57637006044387828 2.2338542938232426
decision_type=2 2 2 2 2 2
left_child=1 2 -1 -3 5 -2
right_child=4 3 -4 -5 -6 -7
leaf_value=-0.0091180007370188863 0 -0.0011731211157825483 0.00060391147097961159 0.0050403166189678817 -0.00068354620389111422 0.0064112414663014365
leaf_weight=4.0924200414774532 0.31550436605175569 0.52647892267123075 0.51893119432497758 0.98053458725917153 0.35397643449687155 2.3374685940616473
leaf_count=5622 61 277 27 270 118 136
internal_value=-0.000709726 -0.00446659 -0.00762866 0.00267566 0.00416964 0.00565738
internal_weight=9.12531 6.11836 4.61135 1.50701 3.00695 2.65297
internal_count=6511 6196 5649 547 315 197
is_linear=0
shrinkage=0.025


Tree=265
num_leaves=7
num_cat=0
split_feature=27 5 27 22 22 27
split_gain=0.681048 0.464437 0.328684 0.365778 0.153325 0.052707
threshold=0.12959748506546023 4.7341773509979257 0.71963703632354747 0.75381013751029979 -0.25412984192371363 0.75817677378654491
decision_type=2 2 2 2 2 2
left_child=1 4 3 -2 -1 -4
right_child=2 -3 5 -5 -6 -7
leaf_value=0 -0.0083568978583340604 -0.0022135136477493618 0.0031534503239456038 0.00082441287291940804 0.0083691326693160397 -8.6675010968132086e-06
leaf_weight=0.16514846423888263 3.3734667949393042 0.62176747133707966 0.31864251554361533 1.1688348577845316 3.6997493246490194 0.18408061320951674
leaf_count=324 4946 490 23 156 425 79
internal_value=4.22325e-05 0.00514165 -0.00417255 -0.00614532 0.00761103 0.00190399
internal_weight=9.53169 4.48667 5.04502 4.5423 3.8649 0.502723
internal_count=6443 1239 5204 5102 749 102
is_linear=0
shrinkage=0.025


Tree=266
num_leaves=7
num_cat=0
split_feature=26 19 27 6 21 7
split_gain=0.518373 0.495135 0.395897 0.301316 0.134337 0.0529127
threshold=-0.99836018681526173 0.53965365886688244 0.71963703632354747 4.6479134559631357 0.18274159729480746 0.61842840909957897
decision_type=2 2 2 2 2 2
left_child=3 2 -2 4 -1 -3
right_child=1 5 -4 -5 -6 -7
leaf_value=0 -0.0085926829930610907 0 0.0014509157959085928 -0.0015211576306746572 0.0073160016994706012 0.003388633175828438
leaf_weight=0.17343817033543096 3.8401721200534666 0.15873749689490058 0.36556504547479551 0.51045050899483602 3.1597504127130378 1.3343821448142987
leaf_count=231 5166 88 91 480 269 111
internal_value=0 -0.00370387 -0.00672687 0.00447639 0.00650649 0.00247163
internal_weight=9.5425 5.69886 4.20574 3.84364 3.33319 1.49312
internal_count=6436 5456 5257 980 500 199
is_linear=0
shrinkage=0.025


Tree=267
num_leaves=6
num_cat=0
split_feature=13 25 26 19 20
split_gain=0.499665 0.399039 0.241284 0.186278 0.0711581
threshold=2.9714708328247075 0.75754928588867199 -1.015542685985565 -0.18826307356357572 -1.0462353825569151
decision_type=2 2 2 2 2
left_child=4 3 -3 -2 -1
right_child=1 2 -4 -5 -6
leaf_value=0 -0.00031654879341138064 0.0021812382913096269 -0.0044625765981816936 0.0071127604987523997 -0.0061922639988010722
leaf_weight=0.41590248153079334 0.27588281880525745 0.89678431879656306 2.2360910679817607 3.8262836679314205 1.6285992548837382
leaf_count=64 276 106 3368 540 2085
internal_value=0 0.00289577 -0.0016205 0.00602705 -0.00545592
internal_weight=9.27954 7.23504 3.13288 4.10217 2.0445
internal_count=6439 4290 3474 816 2149
is_linear=0
shrinkage=0.025


Tree=268
num_leaves=7
num_cat=0
split_feature=22 13 17 14 16 13
split_gain=0.514897 0.533794 0.35226 0.15593 0.128987 0.0851652
threshold=0.79085835814476024 5.4696323871612558 0.72803479433059703 0.35258011519908911 0.5630648434162141 2.9714708328247075
decision_type=2 2 2 2 2 2
left_child=1 2 -1 -3 5 -2
right_child=4 3 -4 -5 -6 -7
leaf_value=-0.0086706258448057665 0 0.0050421124067310721 0.00029795454103699533 -0.00081089860310914238 0 0.0067759763793715615
leaf_weight=3.1620255633606575 0.25603379310632668 0.98392719247567562 1.7533401630062142 0.50864944302520598 0.40234259217686474 2.3382188115392637
leaf_count=5195 52 340 398 220 99 120
internal_value=0 -0.00322609 -0.00630412 0.00299645 0.00503944 0.00611203
internal_weight=9.40454 6.40794 4.91537 1.49258 2.9966 2.59425
internal_count=6424 6153 5593 560 271 172
is_linear=0
shrinkage=0.025


Tree=269
num_leaves=6
num_cat=0
split_feature=22 17 5 11 11
split_gain=0.937169 0.526827 0.13779 0.111387 0.0280275
threshold=0.963395655155182 0.66338780522346508 3.654269933700562 6.8893437385559091 2.2338542938232426
decision_type=2 2 2 2 2
left_child=1 3 -3 -1 -2
right_child=4 2 -4 -5 -6
leaf_value=-0.010051392196446192 0 0.0032296583755480075 -0.0018722914020363657 0 0.0053050492893308987
leaf_weight=3.6437729639510512 0.23669451355817761 1.7610561048022648 0.5248352914386486 0.29260683312895697 1.9880472963959617
leaf_count=5650 30 302 277 40 139
internal_value=-0.00230739 -0.00652757 0.000719445 -0.00948326 0.00497965
internal_weight=8.44701 6.22227 2.28589 3.93638 2.22474
internal_count=6438 6269 579 5690 169
is_linear=0
shrinkage=0.025


Tree=270
num_leaves=7
num_cat=0
split_feature=26 6 22 24 14 25
split_gain=0.749768 0.654679 0.253067 0.13476 0.0889982 0.0626518
threshold=-0.88302278518676747 3.3466130495071416 0.963395655155182 0.44933010637760168 -0.69129422307014454 -4.5807435512542716
decision_type=2 2 2 2 2 2
left_child=1 3 4 -1 -2 -3
right_child=2 5 -4 -5 -6 -7
leaf_value=0.0074980098799942163 0 0 0.00029382435895259213 0 -0.008997883200781048 -0.0044586390812363062
leaf_weight=4.2101762295496883 0.24535708654366395 0.52024134024395596 0.65230121454806056 0.18003993729143974 2.3087456408647995 1.0997969414638644
leaf_count=446 100 62 69 395 3597 1714
internal_value=-0.00107155 0.00311013 -0.0067907 0.00679506 -0.0084243 -0.00352168
internal_weight=9.21666 6.01025 3.2064 4.39022 2.5541 1.62004
internal_count=6383 2617 3766 841 3697 1776
is_linear=0
shrinkage=0.025


Tree=271
num_leaves=6
num_cat=0
split_feature=6 26 27 24 21
split_gain=0.579259 0.470115 0.24184 0.241489 0.147963
threshold=3.2709724903106694 -0.79731562733650196 0.71963703632354747 0.44933010637760168 1.8219149708747866
decision_type=2 2 2 2 2
left_child=1 3 -3 -1 -2
right_child=4 2 -4 -5 -6
leaf_value=0.0077657152989418377 -0.0063273757026525226 -0.0049531233071749472 0.0020575409868106029 -0.00055405412344754267 9.8685431327070409e-05
leaf_weight=4.8441461568290833 1.8721318427342342 1.4286454651628444 0.47423678584163997 0.33121447045414232 0.49579729483230028
leaf_count=810 2645 2054 93 783 25
internal_value=0.000257815 0.00386353 -0.00207571 0.00660842 -0.00497972
internal_weight=9.44617 7.07824 1.90288 5.17536 2.36793
internal_count=6410 3740 2147 1593 2670
is_linear=0
shrinkage=0.025


Tree=272
num_leaves=7
num_cat=0
split_feature=26 5 22 27 22 16
split_gain=0.484525 0.351124 0.300577 0.349028 0.109456 0.0603715
threshold=-0.99836018681526173 4.7341773509979257 0.75381013751029979 0.71963703632354747 -0.25412984192371363 0.60951796174049389
decision_type=2 2 2 2 2 2
left_child=1 4 3 -2 -1 -4
right_child=2 -3 5 -5 -6 -7
leaf_value=0 -0.0074503220811049159 -0.0017557708644432225 0.0029035378916732277 0.00157133670103536 0.0075344479132540753 -0.00033385329037035531
leaf_weight=0.12863561539052248 3.7189520371757681 0.53044966834204377 1.2931524543637349 0.34954265785927408 3.2220046057082072 0.30876393782091316
leaf_count=233 5161 436 80 84 307 106
internal_value=0.000114175 0.00469699 -0.00316792 -0.00554701 0.00690661 0.00155259
internal_weight=9.5515 3.88109 5.67041 4.06849 3.35064 1.60192
internal_count=6407 976 5431 5245 540 186
is_linear=0
shrinkage=0.025


Tree=273
num_leaves=7
num_cat=0
split_feature=27 5 19 24 22 24
split_gain=0.88076 0.449946 0.443735 0.128893 0.128501 0.0264997
threshold=0.16885523498058322 4.0348145961761483 0.53965365886688244 0.44933010637760168 1.4953277111053469 -5.408684015274047
decision_type=2 2 2 2 2 2
left_child=1 3 4 -1 -2 -3
right_child=2 5 -4 -5 -6 -7
leaf_value=0.0074432229625132854 -0.0098209040436474208 0 0.0011166230826188755 0 0 -0.0029558238812107192
leaf_weight=3.6264928027158025 3.0008190369117078 0.25601497024763353 0.99625897278019682 0.17192760969919607 0.12592897823196825 0.80417770810163347
leaf_count=406 4520 18 141 404 2 953
internal_value=-0.0012351 0.00390449 -0.00679727 0.00672034 -0.0092235 -0.00237378
internal_weight=8.98162 4.85861 4.12301 3.79842 3.12675 1.06019
internal_count=6444 1781 4663 810 4522 971
is_linear=0
shrinkage=0.025


Tree=274
num_leaves=7
num_cat=0
split_feature=6 25 21 21 26 24
split_gain=0.538252 0.38401 0.190326 0.167712 0.139833 0.0286393
threshold=3.1996345520019536 2.7061218023300175 0.0052853489760309466 1.3229246735572817 -1.015542685985565 -5.408684015274047
decision_type=2 2 2 2 2 2
left_child=1 2 -1 5 -3 -2
right_child=3 4 -4 -5 -6 -7
leaf_value=-8.1231219120391721e-05 0 0.0012473174094440901 0.0073852042362445667 0.00033412068989476982 -0.0039732706179668262 -0.0063823433665020557
leaf_weight=0.57974473640206259 0.23059384943917405 0.63852103030512797 4.722374514582043 0.684042573760962 1.1235835528677851 1.7036114472466579
leaf_count=714 18 49 1207 57 1648 2672
internal_value=0.000520073 0.0039622 0.00631894 -0.0044518 -0.00163376 -0.00606617
internal_weight=9.68247 7.06422 5.30212 2.61825 1.7621 1.93421
internal_count=6365 3618 1921 2747 1697 2690
is_linear=0
shrinkage=0.025


Tree=275
num_leaves=5
num_cat=0
split_feature=21 13 25 21
split_gain=0.548947 0.357626 0.248626 0.0671605
threshold=0.0052853489760309466 2.9714708328247075 2.7061218023300175 1.8219149708747866
decision_type=2 2 2 2
left_child=-1 3 -3 -2
right_child=1 2 -4 -5
leaf_value=-0.0055296051938014262 -0.0033196909674457573 0.0070960052363371155 -0.00032897574797656915 0.00019686119584249795
leaf_weight=1.5533389886877556 1.0687578587640016 4.8469612159242388 1.2638683758523255 0.47363235562806938
leaf_count=3117 1045 1447 784 24
internal_value=5.06486e-07 0.0033584 0.00554085 -0.00195935
internal_weight=9.20656 7.65322 6.11083 1.54239
internal_count=6417 3300 2231 1069
is_linear=0
shrinkage=0.025


Tree=276
num_leaves=7
num_cat=0
split_feature=26 19 5 22 22 15
split_gain=0.672694 0.472402 0.324835 0.176824 0.0745346 0.0329647
threshold=-0.99836018681526173 0.53965365886688244 4.7341773509979257 1.2044067382812502 -0.25412984192371363 0.35753171145915991
decision_type=2 2 2 2 2 2
left_child=2 3 4 -2 -1 -3
right_child=1 5 -4 -5 -6 -7
leaf_value=0 -0.008524025266079328 0.0026180560245970441 -0.0017399960726331171 0 0.0070080508799818687 0
leaf_weight=0.11227960831456663 4.0211220332130324 1.0598574177129192 0.52722960628307181 0.22281268074584648 2.9448480468599882 0.18886519500665588
leaf_count=234 5283 106 435 10 311 85
internal_value=-0.000730919 -0.00507864 0.00428095 -0.00767804 0.00653044 0.00183028
internal_weight=9.07701 5.49266 3.58436 4.24393 3.05713 1.24872
internal_count=6464 5484 980 5293 545 191
is_linear=0
shrinkage=0.025


Tree=277
num_leaves=7
num_cat=0
split_feature=21 22 27 5 20 13
split_gain=0.389755 0.353155 0.411915 0.146389 0.141212 0.0402072
threshold=0.97638365626335155 0.75381013751029979 0.71963703632354747 4.014458656311036 0.886541247367859 3.0569137334823613
decision_type=2 2 2 2 2 2
left_child=1 2 -1 4 -2 -3
right_child=3 5 -4 -5 -6 -7
leaf_value=-0.0082805641546783559 0.0060777899408989249 0 0.0017256643771876503 -0.00068614364554467312 -0.0001359938756758207 0.0026419730832423034
leaf_weight=3.7085343066246423 2.3260089512696149 0.1659796375024597 0.32504214915388718 0.40971175476443011 0.39828882432630042 1.1635145125910638
leaf_count=5786 174 68 82 79 133 69
internal_value=-0.000440881 -0.00383869 -0.00627352 0.0033907 0.00486022 0.0016813
internal_weight=8.49708 5.36307 4.03358 3.13401 2.7243 1.32949
internal_count=6391 6005 5868 386 307 137
is_linear=0
shrinkage=0.025


Tree=278
num_leaves=7
num_cat=0
split_feature=13 22 25 21 10 26
split_gain=0.463533 0.316291 0.282917 0.249878 0.140829 0.0999163
threshold=4.2226309776306161 0.79085835814476024 2.7061218023300175 1.3229246735572817 5.7696294784545907 -1.015542685985565
decision_type=2 2 2 2 2 2
left_child=1 3 4 -1 -2 -4
right_child=2 -3 5 -5 -6 -7
leaf_value=-0.0080598945567083129 0.0070984033735280007 0.0014611266778566168 0.0010413347413948456 0.00038092989941972724 0 -0.0033635127239673665
leaf_weight=2.3268518004661023 3.1424553041397307 1.1838456919977032 0.56660214115254326 0.67244795046281058 0.17304067758232111 0.70560721661604475
leaf_count=4067 931 118 34 59 127 1059
internal_value=0 -0.00385026 0.00400221 -0.00633091 0.00622527 -0.00113902
internal_weight=8.77085 4.18315 4.58771 2.9993 3.3155 1.27221
internal_count=6395 4244 2151 4126 1058 1093
is_linear=0
shrinkage=0.025


Tree=279
num_leaves=7
num_cat=0
split_feature=26 19 5 22 15 22
split_gain=0.576802 0.485362 0.315218 0.171316 0.0313188 0.028127
threshold=-0.99836018681526173 0.53965365886688244 4.014458656311036 1.2044067382812502 0.42022162675857549 -0.099476043134927736
decision_type=2 2 2 2 2 2
left_child=2 3 5 -2 -3 -1
right_child=1 4 -4 -5 -6 -7
leaf_value=0 -0.0084820686090140811 0.002620440615472282 -0.0016691432188676372 0 0 0.0065187976463578021
leaf_weight=0.20336517141186083 3.8465064899737627 1.1866665414818269 0.85289509853828338 0.22266490307811171 0.17796369871211926 2.5441458234163297
leaf_count=153 5248 123 662 12 75 185
internal_value=-0.000875251 -0.00488467 0.00377101 -0.00764021 0.00189716 0.00625382
internal_weight=9.03421 5.4338 3.60041 4.06917 1.36463 2.74751
internal_count=6458 5458 1000 5260 198 338
is_linear=0
shrinkage=0.025


Tree=280
num_leaves=7
num_cat=0
split_feature=25 6 27 26 1 0
split_gain=0.474179 0.559621 0.342854 0.1704 0.0918299 0.0390907
threshold=0.48239068686962133 3.1996345520019536 0.71963703632354747 -1.015542685985565 1.7189171314239504 3.596867680549622
decision_type=2 2 2 2 2 2
left_child=1 4 3 -2 -1 -3
right_child=2 5 -4 -5 -6 -7
leaf_value=0 0 0 0.0016142101815666329 -0.0086288112639138197 0.0068090293936019612 -0.0039967593695884969
leaf_weight=0.085547776929161379 0.7987534649982998 0.21467979042063223 0.33784373576054338 2.2404305439922609 3.7343103288585553 1.2022158658583064
leaf_count=59 429 86 89 4463 496 887
internal_value=-0.000780495 0.00266005 -0.00526509 -0.0073356 0.00627741 -0.00341061
internal_weight=8.61378 5.23675 3.37703 3.03918 3.81986 1.4169
internal_count=6509 1528 4981 4892 555 973
is_linear=0
shrinkage=0.025


Tree=281
num_leaves=7
num_cat=0
split_feature=13 15 21 18 26 24
split_gain=0.573998 0.503554 0.292483 0.2784 0.0947174 0.0619426
threshold=4.1126370429992685 0.34731084108352667 0.016861726529896263 0.53859758377075206 -0.99626988172531117 -6.6537811756134024
decision_type=2 2 2 2 2 2
left_child=3 2 -2 5 -3 -1
right_child=1 4 -4 -5 -6 -7
leaf_value=0 -0.00076811332497527961 0.00028528213275365446 0.0083409634760408576 0.00061621592393331119 -0.0042458717321074277 -0.007680483994602378
leaf_weight=0.14439922885503698 0.39712551956836284 0.39608905007480644 3.3713688500683929 1.2782277760888971 0.77885122617226421 2.3885500214109925
leaf_count=10 870 21 835 281 669 3765
internal_value=-0.000137695 0.00366401 0.00677764 -0.00505912 -0.00271207 -0.00726084
internal_weight=8.75461 4.94343 3.76849 3.81118 1.17494 2.53295
internal_count=6451 2395 1705 4056 690 3775
is_linear=0
shrinkage=0.025


Tree=282
num_leaves=6
num_cat=0
split_feature=22 17 27 12 16
split_gain=0.432469 0.637781 0.489205 0.180003 0.0770854
threshold=0.85867285728454601 0.65049883723258983 0.71963703632354747 2.880744576454163 0.59711751341819774
decision_type=2 2 2 2 2
left_child=1 2 -1 -3 -2
right_child=4 3 -4 -5 -6
leaf_value=-0.0099482616537368961 0.0047203165530645148 -0.0014742293811817488 0.0016206782268098079 0.0044294076542651497 0
leaf_weight=3.314787548664754 1.8944585182034646 0.45518471418472506 0.34190373592718959 2.1663182216761925 0.36844088547513809
leaf_count=5561 124 212 89 383 78
internal_value=-0.000752285 -0.00391107 -0.00783327 0.00228962 0.00381019
internal_weight=8.54109 6.27819 3.65669 2.6215 2.2629
internal_count=6447 6245 5650 595 202
is_linear=0
shrinkage=0.025


Tree=283
num_leaves=7
num_cat=0
split_feature=6 25 26 21 1 24
split_gain=0.47633 0.452285 0.232234 0.138471 0.0925281 0.0320938
threshold=3.2709724903106694 0.48239068686962133 -1.015542685985565 1.8219149708747866 1.7189171314239504 -5.408684015274047
decision_type=2 2 2 2 2 2
left_child=1 4 -3 5 -1 -2
right_child=3 2 -4 -5 -6 -7
leaf_value=0 0 0.0021461550136650195 -0.0044295416481630184 0.00021311290575904925 0.0073705917788801064 -0.0060872563409818574
leaf_weight=0.074558660671755539 0.26401630660984676 0.86331642932782449 1.9567843400436684 0.46571859478717659 3.8735179617797257 1.6378221689046768
leaf_count=61 22 62 3121 26 532 2653
internal_value=0.000357882 0.00368623 -0.00153218 -0.00435304 0.0068855 -0.0057211
internal_weight=9.13573 6.76818 2.8201 2.36756 3.94808 1.90184
internal_count=6477 3776 3183 2701 593 2675
is_linear=0
shrinkage=0.025


Tree=284
num_leaves=7
num_cat=0
split_feature=17 22 27 12 23 11
split_gain=0.401216 0.419605 0.461758 0.280285 0.236277 0.0515429
threshold=0.4866828471422196 0.79085835814476024 0.71963703632354747 2.880744576454163 -6.4539918899536124 2.4526323080062871
decision_type=2 2 2 2 2 2
left_child=1 2 -1 -2 -5 -3
right_child=3 5 -4 4 -6 -7
leaf_value=-0.0093465465241060596 -0.0019402478420627368 -3.0411256154802384e-05 0.0017051104830723947 -0.00079190334999856111 0.0068955948368757576 0.0029776365642299775
leaf_weight=2.6820567348222544 0.53902723017017695 0.20919399439299002 0.32888991975050874 0.41338880293187719 3.2472172701454838 1.1217436269580501
leaf_count=5115 288 62 83 151 684 71
internal_value=-0.000207432 -0.00410993 -0.0070484 0.00318877 0.00534981 0.00186701
internal_weight=8.54152 4.34188 3.01095 4.19963 3.66061 1.33094
internal_count=6454 5331 5198 1123 835 133
is_linear=0
shrinkage=0.025


Tree=285
num_leaves=6
num_cat=0
split_feature=6 26 24 14 8
split_gain=0.558625 0.324302 0.239093 0.177828 0.04885
threshold=3.1996345520019536 -0.79731562733650196 0.18523017317056659 0.10007023438811304 -0.93183958530426014
decision_type=2 2 2 2 2
left_child=1 2 -1 -3 -2
right_child=4 3 -4 -5 -6
leaf_value=0.0070258883339144335 0 0.0017470274300042977 -0.00075811620903383774 -0.00419738003430684 -0.0060424303131932791
leaf_weight=4.3685465852177003 0.35884696251378079 0.49135859158923256 0.37469161173248711 1.2904393248172707 1.8418366772511943
leaf_count=628 80 659 910 1454 2659
internal_value=0 0.00335686 0.00569602 -0.00155708 -0.00551828
internal_weight=8.72572 6.52504 4.74324 1.7818 2.20068
internal_count=6390 3651 1538 2113 2739
is_linear=0
shrinkage=0.025


Tree=286
num_leaves=7
num_cat=0
split_feature=27 6 22 19 21 21
split_gain=0.620645 0.37068 0.329628 0.124106 0.0941293 0.0234548
threshold=0.12959748506546023 4.1082196235656747 0.79085835814476024 0.53965365886688244 0.18274159729480746 1.3932017087936404
decision_type=2 2 2 2 2 2
left_child=1 4 3 -2 -1 -4
right_child=2 -3 5 -5 -6 -7
leaf_value=0 -0.0078134171200269949 -0.0020347449550635688 0.0018992728521464823 0 0.0072774210035840992 0
leaf_weight=0.27337859321414804 3.3540998129519726 0.61328199839408615 1.1120620975088966 0.34300399537460169 2.9878626178397099 0.15656687502632838
leaf_count=227 4951 745 83 87 252 72
internal_value=-0.000349731 0.00418968 -0.00484378 -0.00705146 0.0066398 0.00108565
internal_weight=8.84026 3.87452 4.96573 3.6971 3.26124 1.26863
internal_count=6417 1224 5193 5038 479 155
is_linear=0
shrinkage=0.025


Tree=287
num_leaves=7
num_cat=0
split_feature=6 25 21 21 22 27
split_gain=0.424348 0.455523 0.159544 0.132043 0.0860027 0.0698408
threshold=3.1996345520019536 2.7061218023300175 0.0052853489760309466 1.8219149708747866 0.91675469279289257 0.09452309831976892
decision_type=2 2 2 2 2 2
left_child=1 2 -1 4 -2 -3
right_child=3 5 -4 -5 -6 -7
leaf_value=0 -0.0062797913872256932 5.693089996454125e-05 0.0071183270916488177 0.00024655754165982773 0 -0.003677559435353272
leaf_weight=0.53922907991363889 1.5788086952688902 0.38746202773472749 4.6444417641178006 0.4536768739344551 0.40507321801851492 1.0916695317264382
leaf_count=710 2717 44 1216 21 43 1684
internal_value=0.000303935 0.00350192 0.00618028 -0.00407481 -0.00542696 -0.00244566
internal_weight=9.10036 6.6628 5.18367 2.43756 1.98388 1.47913
internal_count=6435 3654 1926 2781 2760 1728
is_linear=0
shrinkage=0.025


Tree=288
num_leaves=7
num_cat=0
split_feature=21 22 5 16 18 16
split_gain=0.749486 0.634361 0.175237 0.131367 0.0802571 0.0269942
threshold=0.94925019145011913 0.75381013751029979 4.014458656311036 0.69040268659591686 -0.59573933482170094 -0.16714721918106076
decision_type=2 2 2 2 2 2
left_child=1 4 3 -2 -1 -3
right_child=2 5 -4 -5 -6 -7
leaf_value=0 0.0062373327943510111 0 -0.00090264581279068674 0 -0.010204407815701384 0.0025014622123452649
leaf_weight=0.34337661461904678 2.5131691956194127 0.20409391064458748 0.44308278059179418 0.41910933029430442 3.177609688247685 1.1136449158948378
leaf_count=321 201 51 89 132 5581 83
internal_value=-0.0021827 -0.00658232 0.00354244 0.00514763 -0.00969778 0.00183975
internal_weight=8.21409 4.83873 3.37536 2.93228 3.52099 1.31774
internal_count=6458 6036 422 333 5902 134
is_linear=0
shrinkage=0.025


Tree=289
num_leaves=7
num_cat=0
split_feature=22 13 6 16 11 25
split_gain=0.491087 0.411472 0.148642 0.133676 0.0709161 0.0662306
threshold=0.75381013751029979 5.4696323871612558 0.054616009816527374 0.5630648434162141 2.2338542938232426 -4.5807435512542716
decision_type=2 2 2 2 2 2
left_child=1 5 -3 4 -2 -1
right_child=3 2 -4 -5 -6 -7
leaf_value=0 0 -0.0012160525599953982 0.0043254510763997894 -0.00032434231636473544 0.0059331476643212557 -0.0071731102180914849
leaf_weight=0.23064767057076085 0.2502095076779377 0.50277877329426679 0.74053560569882393 0.41010031041514583 2.1486805671484035 3.9762524755606137
leaf_count=40 51 298 275 116 122 5544
internal_value=-0.000502945 -0.00421811 0.00190423 0.00399046 0.00529352 -0.00675785
internal_weight=8.2592 5.45021 1.24331 2.80899 2.39889 4.2069
internal_count=6446 6157 573 289 173 5584
is_linear=0
shrinkage=0.025


Tree=290
num_leaves=7
num_cat=0
split_feature=13 21 6 21 8 22
split_gain=0.382988 0.321169 0.191301 0.0482735 0.0400026 0.0238683
threshold=2.9714708328247075 0.0052853489760309466 -0.16764112561941144 1.8219149708747866 1.7622391581535342 1.7446113824844363
decision_type=2 2 2 2 2 2
left_child=3 4 -3 5 -2 -1
right_child=1 2 -4 -5 -6 -7
leaf_value=-0.0054366270958450076 0 -0.0003399432583995704 0.006202067168640444 0 -0.003090208066435977 0
leaf_weight=1.4324014290486955 0.17191963873847249 0.88212538313382438 4.951426516920038 0.31994925520848472 0.88119016993732657 0.12969742342829693
leaf_count=2102 21 283 1953 25 2070 6
internal_value=0 0.00281711 0.00493558 -0.00459066 -0.00226887 -0.00516715
internal_weight=8.76871 6.88666 5.83355 1.88205 1.05311 1.5621
internal_count=6460 4327 2236 2133 2091 2108
is_linear=0
shrinkage=0.025


Tree=291
num_leaves=7
num_cat=0
split_feature=6 26 27 22 21 15
split_gain=0.489232 0.314332 0.197584 0.154406 0.0976821 0.0800176
threshold=2.8932517766952519 -0.88302278518676747 0.71963703632354747 0.963395655155182 0.18274159729480746 1.2042663097381594
decision_type=2 2 2 2 2 2
left_child=1 4 -3 5 -1 -2
right_child=3 2 -4 -5 -6 -7
leaf_value=0 -0.0072275356902804224 -0.0040129256528823789 0.0021389388990304551 4.1272760543471782e-05 0.0065199858054372194 0
leaf_weight=0.39179300856267252 1.8189244809436793 1.9450945296757711 0.4613373361644334 0.59915887136594381 3.009508014722087 0.3347967869885905
leaf_count=335 3018 2526 99 44 258 154
internal_value=-0.000133266 0.00298522 -0.0013419 -0.00520073 0.00576722 -0.0065423
internal_weight=8.56061 5.80773 2.40643 2.75288 3.4013 2.15372
internal_count=6434 3218 2625 3216 593 3172
is_linear=0
shrinkage=0.025


Tree=292
num_leaves=7
num_cat=0
split_feature=26 0 6 25 21 1
split_gain=0.486007 0.263972 0.236308 0.178497 0.0841932 0.0449442
threshold=-0.99836018681526173 0.30337744951248174 4.6479134559631357 0.41893194615840917 -0.1584319323301315 1.0000000180025095e-35
decision_type=2 2 2 2 2 2
left_child=2 5 4 -3 -1 -2
right_child=1 3 -4 -5 -6 -7
leaf_value=0 -6.616404565629427e-06 0 -0.0012791298181068719 -0.0077902474402559698 0.0063722773002549866 0.0028075445770884069
leaf_weight=0.13386819883089707 0.19605516764204356 2.408875229781188 0.46379494637221785 2.2158555403148057 2.9198639108617499 0.14714396675117314
leaf_count=165 106 1032 476 4294 336 20
internal_value=-0.000153864 -0.00417628 0.00391004 -0.00582305 0.00577904 0.00152838
internal_weight=8.48546 4.96793 3.51753 4.62473 3.05373 0.343199
internal_count=6429 5452 977 5326 501 126
is_linear=0
shrinkage=0.025


Tree=293
num_leaves=7
num_cat=0
split_feature=27 22 13 17 21 25
split_gain=0.511529 0.315311 0.23111 0.147765 0.09937 0.0233664
threshold=0.12959748506546023 0.79085835814476024 2.2602044343948369 0.66338780522346508 0.18274159729480746 -0.6669301688671111
decision_type=2 2 2 2 2 2
left_child=2 3 -1 -2 -4 -3
right_child=1 5 4 -5 -6 -7
leaf_value=-0.0017526453823809762 -0.0089936089052483261 0.0017052388769291588 0 0 0.0056697176796233796 0
leaf_weight=0.56684494377987027 2.3560108250421767 0.97908991350413999 0.24167734151342335 1.0856482694143776 2.78246958939053 0.2875841624336315
leaf_count=556 4689 72 362 390 317 85
internal_value=-0.00192667 -0.00563572 0.00265861 -0.00771638 0.00484124 0.000666311
internal_weight=8.29933 4.70833 3.59099 3.44166 3.02415 1.26667
internal_count=6471 5236 1235 5079 679 157
is_linear=0
shrinkage=0.025


Tree=294
num_leaves=7
num_cat=0
split_feature=25 6 26 0 1 24
split_gain=0.466408 0.582976 0.39028 0.0947471 0.0576737 0.0470873
threshold=0.75754928588867199 2.9773616790771489 -1.015542685985565 7.3422880172729501 1.7189171314239504 -5.408684015274047
decision_type=2 2 2 2 2 2
left_child=1 4 -2 -4 -1 -3
right_child=2 5 3 -5 -6 -7
leaf_value=0 0.0013946665812568483 0 -0.0084764319866748785 0 0.0068002404762320546 -0.0041772118099986212
leaf_weight=0.081886712701816911 1.0004182176380711 0.44190396915655572 2.1614875252107599 0.13552010001876613 3.6195580899184279 1.0679872416967553
leaf_count=73 392 30 4302 21 464 1089
internal_value=-0.000678479 0.00270365 -0.00518514 -0.00789938 0.00645489 -0.00342693
internal_weight=8.50876 5.21134 3.29743 2.29701 3.70144 1.50989
internal_count=6371 1656 4715 4323 537 1119
is_linear=0
shrinkage=0.025


Tree=295
num_leaves=7
num_cat=0
split_feature=26 27 6 22 21 26
split_gain=0.425823 0.288398 0.244887 0.211739 0.0750196 0.0531812
threshold=-0.99836018681526173 0.71963703632354747 4.6479134559631357 0.75381013751029979 -0.1584319323301315 -0.35813218355178827
decision_type=2 2 2 2 2 2
left_child=2 3 4 -2 -1 -3
right_child=1 5 -4 -5 -6 -7
leaf_value=0 -0.0071578028280126606 0.0031381329185384988 -0.0013212369327148922 7.7428751555138643e-05 0.0063884945876674943 -3.4799199401147033e-05
leaf_weight=0.11574016681333965 3.3019548649717763 0.30193153409345541 0.47154133964795608 1.1738917450456936 2.9571353813698806 0.18760595817002457
leaf_count=154 5199 18 482 172 338 80
internal_value=0 -0.0036364 0.00396552 -0.00556106 0.00586683 0.00185947
internal_weight=8.5098 4.96538 3.54442 4.47585 3.07288 0.489537
internal_count=6443 5469 974 5371 492 98
is_linear=0
shrinkage=0.025


Tree=296
num_leaves=7
num_cat=0
split_feature=13 22 20 21 26 16
split_gain=0.554241 0.293202 0.247254 0.270976 0.159065 0.0158779
threshold=4.0163853168487558 0.85867285728454601 0.72996598482131969 0.0052853489760309466 -1.015542685985565 1.8901904821395876
decision_type=2 2 2 2 2 2
left_child=1 5 3 -2 -4 -1
right_child=2 -3 4 -5 -6 -7
leaf_value=-0.0076892193231805871 -0.00096308128264936752 0.00084858076271594285 0.0016232029311634073 0.0072709771923719375 -0.0040399815472076271 0
leaf_weight=2.3361069144975781 0.43969654561078675 0.80463588218117355 0.73810889728338225 2.8550453323987313 0.69006540365808156 0.049459139972895971
leaf_count=3743 848 83 28 885 772 42
internal_value=-0.000508824 -0.00546651 0.00328619 0.00550047 -0.00115486 -0.00757526
internal_weight=7.91312 3.1902 4.72292 3.29474 1.42817 2.38557
internal_count=6401 3868 2533 1733 800 3785
is_linear=0
shrinkage=0.025


Tree=297
num_leaves=7
num_cat=0
split_feature=6 21 6 22 12 24
split_gain=0.561642 0.279742 0.203595 0.0829403 0.0292162 0.0292065
threshold=3.1996345520019536 0.0052853489760309466 0.054616009816527374 0.91675469279289257 4.3070394992828378 -4.7665493488311759
decision_type=2 2 2 2 2 2
left_child=1 5 -3 4 -2 -1
right_child=3 2 -4 -5 -6 -7
leaf_value=0 -0.006353641560839513 -0.00023605177814628841 0.0067970103068289616 0 0 -0.0023787864195291709
leaf_weight=0.16563252671039663 1.5921061920944342 0.88519709948741354 4.5771817379209097 0.39486074497108337 0.14155561081133772 0.75420054640744627
leaf_count=4 2629 319 1573 42 118 1741
internal_value=0 0.00369032 0.00549177 -0.00524382 -0.00606699 -0.00155459
internal_weight=8.51073 6.38221 5.46238 2.12852 1.73366 0.919833
internal_count=6426 3637 1892 2789 2747 1745
is_linear=0
shrinkage=0.025


Tree=298
num_leaves=6
num_cat=0
split_feature=21 13 14 15 15
split_gain=0.423118 0.327677 0.279951 0.0340956 0.0209807
threshold=0.0052853489760309466 2.2276135683059697 0.44384564459323889 -0.71241506934165943 3.0032213926315312
decision_type=2 2 2 2 2
left_child=3 -2 -3 -1 -5
right_child=1 2 -4 4 -6
leaf_value=0 -0.002277690365838558 0.0071774216520113015 -0.00016387655148813237 -0.0050072379005670726 0
leaf_weight=0.1443188609682694 0.65327306672588736 4.5592889771342016 2.222199279050983 1.3877387725497095 0.065866779976204382
leaf_count=67 511 1836 930 3142 19
internal_value=0.00049874 0.00338174 0.00519268 -0.00436538 -0.00477333
internal_weight=9.03269 7.43476 6.78149 1.59792 1.45361
internal_count=6505 3277 2766 3228 3161
is_linear=0
shrinkage=0.025


Tree=299
num_leaves=6
num_cat=0
split_feature=6 15 10 24 21
split_gain=0.313761 0.240613 0.173363 0.162151 0.14166
threshold=3.1996345520019536 0.17791960388422015 3.8889586925506596 1.4835389256477358 1.3229246735572817
decision_type=2 2 2 2 2
left_child=1 3 -3 -1 -2
right_child=4 2 -4 -5 -6
leaf_value=0.0062511667776216986 -0.0057194529213378306 0.0016652597294974101 -0.0039405197768527132 -0.00034684520921617057 0.00017643312973409579
leaf_weight=2.8817980818548681 1.6980506777963458 1.4440238578335995 1.371024308953565 0.2998188241617753 0.67917580842913583
leaf_count=1237 2771 381 1369 686 59
internal_value=0 0.00243783 -0.00103956 0.00503351 -0.00420987
internal_weight=8.37389 5.99667 2.81505 3.18162 2.37723
internal_count=6503 3673 1750 1923 2830
is_linear=0
shrinkage=0.025


Tree=300
num_leaves=7
num_cat=0
split_feature=22 17 27 5 13 16
split_gain=0.379052 0.436921 0.440185 0.134656 0.0972802 0.074874
threshold=0.79085835814476024 0.72803479433059703 0.71963703632354747 4.014458656311036 2.5994130373001103 0.5630648434162141
decision_type=2 2 2 2 2 2
left_child=1 2 -1 -3 -2 -6
right_child=4 3 -4 -5 5 -7
leaf_value=-0.0089920145518056598 -0.00015460414573785684 0.003795216244196078 0.0016656246519793562 -0.0012695860464107583 0.0053804275106567817 0
leaf_weight=3.1061053398225345 0.19414956399123218 1.7434076039862705 0.33553640912577964 0.41694660850771459 2.019983663794847 0.37185358187707596
leaf_count=5669 51 267 92 195 130 86
internal_value=-0.00044259 -0.00368212 -0.00684147 0.00174089 0.00355273 0.00460021
internal_weight=8.18798 5.602 3.44164 2.16035 2.58599 2.39184
internal_count=6490 6223 5761 462 267 216
is_linear=0
shrinkage=0.025


Tree=301
num_leaves=7
num_cat=0
split_feature=21 7 19 5 16 7
split_gain=0.380223 0.36895 0.425706 0.158154 0.129693 0.0525065
threshold=0.94925019145011913 5.0760755538940439 0.50878581404685985 4.014458656311036 0.57637006044387828 5.407318353652955
decision_type=2 2 2 2 2 2
left_child=1 2 -1 4 -2 -3
right_child=3 5 -4 -5 -6 -7
leaf_value=-0.0083930978954420542 0.0063219076891292483 0.0035312204736533226 0.0011456095409051979 -0.00066510195018804064 0 0
leaf_weight=3.1248559618470608 2.4242012128343058 0.3899707691016373 1.3669347039067359 0.39483026978268743 0.48471495322883118 0.19243765833380166
leaf_count=5498 191 131 272 85 144 156
internal_value=0 -0.00342879 -0.00575747 0.00378882 0.00522189 0.00248216
internal_weight=8.37795 5.0742 4.49179 3.30375 2.90892 0.582408
internal_count=6477 6057 5770 420 335 287
is_linear=0
shrinkage=0.025


Tree=302
num_leaves=6
num_cat=0
split_feature=21 14 5 27 16
split_gain=0.316401 0.312214 0.315741 0.107092 0.0373702
threshold=0.0052853489760309466 0.38657470047473913 4.014458656311036 0.12959748506546023 1.3905151486396792
decision_type=2 2 2 2 2
left_child=4 2 -2 -3 -1
right_child=1 3 -4 -5 -6
leaf_value=-0.00495589670889809 0.0068980578593604222 0.00070345265901471316 -0.0013367612778002944 -0.0037255857595636706 0
leaf_weight=1.3677805951083426 3.8736541459384171 0.89083849798771586 0.67517638367280586 1.3991377786951487 0.13745652201396286
leaf_count=3106 1685 189 469 967 57
internal_value=0 0.00233791 0.0049613 -0.00184453 -0.00452234
internal_weight=8.34404 6.83881 4.54883 2.28998 1.50524
internal_count=6473 3310 2154 1156 3163
is_linear=0
shrinkage=0.025


Tree=303
num_leaves=7
num_cat=0
split_feature=6 25 7 1 21 22
split_gain=0.373771 0.383956 0.292441 0.0948872 0.047575 0.0525368
threshold=3.1996345520019536 0.75754928588867199 5.0760755538940439 1.7189171314239504 1.8219149708747866 0.91675469279289257
decision_type=2 2 2 2 2 2
left_child=1 3 -3 -1 5 -2
right_child=4 2 -4 -5 -6 -7
leaf_value=0 -0.0058132665662746262 -0.0050214263140989012 0.002533070734661691 0.0063520215750643766 0 0
leaf_weight=0.10149899470343404 1.4617394659908316 1.9427491022579491 0.5687367919308598 3.6514309782069176 0.31020652555162076 0.35345048090675835
leaf_count=77 2712 2788 255 541 24 47
internal_value=0 0.0026282 -0.00193124 0.00575369 -0.00467603 -0.00521761
internal_weight=8.38981 6.26442 2.51149 3.75293 2.1254 1.81519
internal_count=6444 3661 3043 618 2783 2759
is_linear=0
shrinkage=0.025


Tree=304
num_leaves=7
num_cat=0
split_feature=19 21 6 3 12 23
split_gain=0.562232 0.373564 0.254319 0.165578 0.120804 0.0519865
threshold=0.20173196494579318 0.94925019145011913 3.1996345520019536 1.1845307350158694 6.9310700893402108 0.092965655028820052
decision_type=2 2 2 2 2 2
left_child=1 4 3 -2 -1 -3
right_child=2 5 -4 -5 -6 -7
leaf_value=-0.0087934569393660188 -0.00030195649581787805 0.0024104191144878944 -0.0016070113869242947 0.0064852024572332814 0 -0.00054989482123225266
leaf_weight=2.462733143842343 0.29888488185315543 1.203972317616717 0.7235245719894009 3.1164201610008604 0.26776460550900072 0.29856497983564612
leaf_count=5176 144 129 555 344 35 96
internal_value=-0.0010947 -0.00543993 0.00321035 0.00532204 -0.00805479 0.000890502
internal_weight=8.37186 4.23304 4.13883 3.41531 2.7305 1.50254
internal_count=6479 5436 1043 488 5211 225
is_linear=0
shrinkage=0.025


Tree=305
num_leaves=7
num_cat=0
split_feature=25 13 26 18 16 24
split_gain=0.497269 0.376645 0.243505 0.106335 0.0801564 0.0317304
threshold=0.75754928588867199 3.1542891263961796 -1.015542685985565 1.1502153873443606 -0.19771298021078107 -5.408684015274047
decision_type=2 2 2 2 2 2
left_child=1 5 -2 -4 -3 -1
right_child=2 4 3 -5 -6 -7
leaf_value=0 0.00033828969490597811 0 -0.0084121586710151283 0 0.0059619836602491025 -0.0032281338997019755
leaf_weight=0.31269443439668965 0.831255563804007 0.34015776358137406 2.1611397632241283 0.12346350401639927 3.2387437863799278 1.106789388506513
leaf_count=24 405 142 4404 1 594 891
internal_value=-0.00149041 0.0022619 -0.00596499 -0.00777443 0.00531942 -0.00261227
internal_weight=8.11424 4.99839 3.11586 2.2846 3.5789 1.41948
internal_count=6461 1651 4810 4405 736 915
is_linear=0
shrinkage=0.025


Tree=306
num_leaves=6
num_cat=0
split_feature=6 26 27 21 24
split_gain=0.40187 0.254103 0.209893 0.138846 0.136031
threshold=3.1996345520019536 -0.84910276532173146 0.71963703632354747 1.8219149708747866 0.18523017317056659
decision_type=2 2 2 2 2
left_child=1 4 -3 -2 -1
right_child=3 2 -4 -5 -6
leaf_value=0.0060918940669234881 -0.0060625675565272995 -0.0040763172569160209 0.0023294969015600487 9.7344605812511018e-05 -0.00011846197535321946
leaf_weight=3.6589980212029336 1.8088242718458789 1.7234455793532109 0.43940427212510247 0.46827507292618964 0.24466982121884928
leaf_count=420 2759 2538 94 26 596
internal_value=0 0.00281413 -0.0011847 -0.00474044 0.00515275
internal_weight=8.34362 6.06652 2.16285 2.2771 3.90367
internal_count=6433 3648 2632 2785 1016
is_linear=0
shrinkage=0.025


Tree=307
num_leaves=6
num_cat=0
split_feature=6 25 21 26 25
split_gain=0.426268 0.351726 0.158789 0.136051 0.0327528
threshold=3.3466130495071416 2.7061218023300175 0.0052853489760309466 -1.012665271759033 -4.5807435512542716
decision_type=2 2 2 2 2
left_child=1 2 -1 -3 -2
right_child=4 3 -4 -5 -6
leaf_value=-3.4911029716062088e-05 0 0.0010542604434271032 0.0066472329689684631 -0.0041853632445551358 -0.0050853962258983702
leaf_weight=0.53442853800152068 0.57697228312463256 0.55549866931687575 4.4203339277537452 0.90928427151993652 1.3821876971396703
leaf_count=754 70 49 1292 1781 2455
internal_value=0 0.00326636 0.00564312 -0.00195297 -0.00455803
internal_weight=8.37871 6.41955 4.95476 1.46478 1.95916
internal_count=6401 3876 2046 1830 2525
is_linear=0
shrinkage=0.025


Tree=308
num_leaves=7
num_cat=0
split_feature=26 0 22 13 22 14
split_gain=0.5249 0.308021 0.276831 0.232536 0.0737825 0.0389157
threshold=-0.99836018681526173 0.30337744951248174 0.85867285728454601 2.2276135683059697 -0.25412984192371363 0.10295576602220537
decision_type=2 2 2 2 2 2
left_child=3 5 -3 -1 -5 -2
right_child=1 2 -4 4 -6 -7
leaf_value=-0.0011947794159282051 0.0028025800613613915 -0.0080871922236718866 0.00037521586961738389 0 0.0063954322705288644 0
leaf_weight=0.44796086686255909 0.14736807538065466 3.2277609383927484 0.97954582358943287 0.097334771558963307 2.8854596433957336 0.18706686493533198
leaf_count=464 22 5198 132 181 350 101
internal_value=-0.000158913 -0.00445687 -0.00630433 0.00405834 0.0058844 0.00173768
internal_weight=7.9725 4.54174 4.20731 3.43076 2.98279 0.334435
internal_count=6448 5453 5330 995 531 123
is_linear=0
shrinkage=0.025


Tree=309
num_leaves=7
num_cat=0
split_feature=6 14 21 3 22 21
split_gain=0.460045 0.279442 0.287627 0.14003 0.074265 0.0804745
threshold=2.9773616790771489 0.35258011519908911 0.016861726529896263 2.3194316625595097 0.963395655155182 1.3229246735572817
decision_type=2 2 2 2 2 2
left_child=1 2 -1 -3 5 -2
right_child=4 3 -4 -5 -6 -7
leaf_value=-0.00081891815748351903 -0.0060334803151532888 -0.0035931597977291053 0.0078610111860707692 0.0015007903770426542 0 0
leaf_weight=0.53014186984728473 1.4875941083300861 0.98567199766148439 3.0072736712136248 1.4292086380264661 0.41552020536619227 0.5077152353915152
leaf_count=1313 2970 721 987 369 41 56
internal_value=0.000142947 0.00368032 0.00611034 -0.000756395 -0.00433794 -0.00515468
internal_weight=8.36313 5.9523 3.53742 2.41488 2.41083 1.99531
internal_count=6457 3390 2300 1090 3067 3026
is_linear=0
shrinkage=0.025


Tree=310
num_leaves=7
num_cat=0
split_feature=6 21 14 21 22 2
split_gain=0.489917 0.276503 0.204804 0.0566081 0.0629383 0.0195492
threshold=2.8932517766952519 0.016861726529896263 0.39303101599216467 1.3229246735572817 1.0446994304656985 4.7805867195129403
decision_type=2 2 2 2 2 2
left_child=1 5 -3 4 -2 -1
right_child=3 2 -4 -5 -6 -7
leaf_value=-0.0022207546504622515 -0.006150312558154819 0.0071414941827539343 0 0 0 0
leaf_weight=0.69999410616765079 1.5596946196674255 3.1902407772686274 1.71861655097382 0.52357897275942367 0.30717782673309546 0.1071598008275032
leaf_count=1575 3100 1058 641 58 33 1
internal_value=0 0.00352013 0.00540714 -0.00484401 -0.00551415 -0.00165431
internal_weight=8.10646 5.71601 4.90886 2.39045 1.86687 0.807154
internal_count=6466 3275 1699 3191 3133 1576
is_linear=0
shrinkage=0.025


Tree=311
num_leaves=7
num_cat=0
split_feature=13 18 15 17 26 22
split_gain=0.366691 0.319051 0.249718 0.166292 0.083039 0.0812481
threshold=4.1126370429992685 0.52673238515853893 0.34731084108352667 0.013455515261739494 -1.015542685985565 0.963395655155182
decision_type=2 2 2 2 2 2
left_child=1 5 3 -2 -4 -1
right_child=2 -3 4 -5 -6 -7
leaf_value=-0.0074727623281391296 -0.00027484057547648194 0.0011892671109746647 0.00065229235090417004 0.0064995431075242777 -0.0033224282965392802 0
leaf_weight=2.0000840999891816 0.37461391577198844 1.3368669684132326 0.52086079141008668 2.7279208629115601 0.67221305916245888 0.23422784382637463
leaf_count=3718 665 308 26 1029 642 25
internal_value=-0.000179614 -0.00417883 0.00293219 0.00524537 -0.00145232 -0.00685674
internal_weight=7.86679 3.57118 4.29561 3.10253 1.19307 2.23431
internal_count=6413 4051 2362 1694 668 3743
is_linear=0
shrinkage=0.025


Tree=312
num_leaves=6
num_cat=0
split_feature=13 21 14 21 8
split_gain=0.380195 0.318777 0.220619 0.117871 0.0333875
threshold=2.9714708328247075 0.0052853489760309466 0.55327123403549205 1.8219149708747866 1.7850416302680971
decision_type=2 2 2 2 2
left_child=3 4 -3 -1 -2
right_child=1 2 -4 -5 -6
leaf_value=-0.0052718659381796257 0 0.0070697015893979023 0 0.00013750447837931171 -0.0027408656548509065
leaf_weight=1.3657935778464887 0.16777365021698631 4.0576840227768116 1.6335177212022243 0.45899454463506106 0.79504402503334859
leaf_count=2128 22 1602 618 23 2052
internal_value=0.000543888 0.0034443 0.0054265 -0.00389155 -0.00194972
internal_weight=8.47881 6.65402 5.6912 1.82479 0.962818
internal_count=6445 4294 2220 2151 2074
is_linear=0
shrinkage=0.025


Tree=313
num_leaves=7
num_cat=0
split_feature=26 27 5 24 21 26
split_gain=0.375242 0.279559 0.25206 0.229543 0.0488181 0.0458995
threshold=-0.99836018681526173 0.71963703632354747 4.7341773509979257 -4.4468402862548819 -0.1584319323301315 -0.35813218355178827
decision_type=2 2 2 2 2 2
left_child=2 3 4 -2 -1 -3
right_child=1 5 -4 -5 -6 -7
leaf_value=0 0.00047067229714929871 0.0030650865918652875 -0.001390025679925814 -0.0068807394756326759 0.006273170225719462 0
leaf_weight=0.082291742044618199 0.8978732347532058 0.30228621771675535 0.46471553821902478 3.5132836616612622 2.7431519857382227 0.16387028247117985
leaf_count=140 118 21 447 5273 376 80
internal_value=0 -0.00329599 0.00391744 -0.00526521 0.00591945 0.00196595
internal_weight=8.16747 4.87731 3.29016 4.41116 2.82544 0.466157
internal_count=6455 5492 963 5391 516 101
is_linear=0
shrinkage=0.025


Tree=314
num_leaves=7
num_cat=0
split_feature=21 22 27 16 3 11
split_gain=0.354123 0.321143 0.381463 0.158276 0.153936 0.0364988
threshold=0.94925019145011913 0.72420740127563488 0.71963703632354747 0.59711751341819774 5.9761271476745614 2.2338542938232426
decision_type=2 2 2 2 2 2
left_child=1 2 -1 4 -2 -3
right_child=3 5 -4 -5 -6 -7
leaf_value=-0.0080883309183558075 0.0061100717490310437 0 0.0015797885509188745 -0.00081831588195748883 -0.0003265601857820577 0.0024996273546316729
leaf_weight=3.2965847323666826 2.5099625744369414 0.16382999549387012 0.34809892938937981 0.47692167460627377 0.27217727279639792 1.1295253140378916
leaf_count=5817 207 61 83 154 58 93
internal_value=-0.000216074 -0.00365106 -0.0060623 0.00329128 0.00487202 0.00156868
internal_weight=8.1971 4.93804 3.64468 3.25906 2.78214 1.29336
internal_count=6473 6054 5900 419 265 154
is_linear=0
shrinkage=0.025


Tree=315
num_leaves=7
num_cat=0
split_feature=21 19 16 13 24 6
split_gain=0.648958 0.355283 0.14039 0.155592 0.13263 0.049913
threshold=0.94925019145011913 0.44004261493682867 0.57637006044387828 2.2276135683059697 -3.584677934646606 3.1996345520019536
decision_type=2 2 2 2 2 2
left_child=1 4 3 -2 -1 -3
right_child=2 5 -4 -5 -6 -7
leaf_value=0 -0.00027478969913971856 0.0023538693781044221 -0.00038212349828061875 0.0063674578013002336 -0.0086358459040903179 -0.00054389492426209943
leaf_weight=0.25945216705440577 0.2404170790541692 1.1213019393690045 0.55936038200161409 2.6101951789023587 3.0352708262435044 0.32507713826998941
leaf_count=30 82 107 161 188 5662 245
internal_value=-0.0011626 -0.0055366 0.00385176 0.00519292 -0.00788996 0.000816344
internal_weight=8.15107 4.7411 3.40997 2.85061 3.29472 1.44638
internal_count=6475 6044 431 270 5692 352
is_linear=0
shrinkage=0.025


Tree=316
num_leaves=7
num_cat=0
split_feature=21 19 20 5 16 5
split_gain=0.518298 0.424126 0.184673 0.166094 0.102508 0.0687031
threshold=0.94925019145011913 0.33523818850517279 1.5485189557075503 4.014458656311036 0.69040268659591686 4.1494643688201913
decision_type=2 2 2 2 2 2
left_child=1 2 -1 4 -2 -3
right_child=3 5 -4 -5 -6 -7
leaf_value=-0.0086183441811150154 0.0062873047346248823 0.0029161873346506897 0 -0.00066835109089795049 0 -0.00054374154252278606
leaf_weight=2.5275769322306592 2.5438702520259548 1.485580506869155 0.46089819176268054 0.39508410316193465 0.39847006173658872 0.38161273861987854
leaf_count=5404 200 219 165 82 130 304
internal_value=-0.00030551 -0.00441862 -0.00745266 0.00399018 0.00542958 0.0014179
internal_weight=8.19309 4.85567 2.98848 3.33742 2.94234 1.86719
internal_count=6504 6092 5569 412 330 523
is_linear=0
shrinkage=0.025


Tree=317
num_leaves=6
num_cat=0
split_feature=21 14 23 27 15
split_gain=0.332116 0.323181 0.364352 0.129689 0.0196489
threshold=0.0052853489760309466 0.36995439231395727 -0.04214829392731189 0.12801373004913333 3.0032213926315312
decision_type=2 2 2 2 2
left_child=4 2 -2 -3 -1
right_child=1 3 -4 -5 -6
leaf_value=-0.0048373361495748267 0.0074011301743481077 0.0010109299954753684 -0.0014777928461641573 -0.003855825679512623 0
leaf_weight=1.327465228459914 3.5180764278466081 0.966003939014627 0.75541338553011916 1.5442916236352173 0.062141916714608558
leaf_count=3162 1333 190 708 1021 18
internal_value=0 0.00246828 0.00520711 -0.00172462 -0.0046098
internal_weight=8.17339 6.78379 4.27349 2.5103 1.38961
internal_count=6432 3252 2041 1211 3180
is_linear=0
shrinkage=0.025


Tree=318
num_leaves=7
num_cat=0
split_feature=26 27 5 22 22 26
split_gain=0.387333 0.28482 0.239739 0.21633 0.081523 0.0536153
threshold=-0.99836018681526173 0.71963703632354747 4.7341773509979257 0.79085835814476024 -0.099476043134927736 -0.35813218355178827
decision_type=2 2 2 2 2 2
left_child=2 3 4 -2 -1 -3
right_child=1 5 -4 -5 -6 -7
leaf_value=0 -0.0069804201674605985 0.0032325098391802879 -0.0012567266316715234 0.00023372070607039229 0.006508556266871488 0
leaf_weight=0.1319045657837713 3.1666504933309625 0.28227532833989244 0.44772688300872676 1.0856366873813383 2.7320239848813799 0.18032928486354638
leaf_count=284 5218 17 443 166 256 85
internal_value=0 -0.00331454 0.00403544 -0.00533212 0.00593056 0.00199244
internal_weight=8.02655 4.71489 3.31166 4.25229 2.86393 0.462605
internal_count=6469 5486 983 5384 540 102
is_linear=0
shrinkage=0.025


Tree=319
num_leaves=5
num_cat=0
split_feature=21 14 13 22
split_gain=0.347243 0.33566 0.344373 0.10454
threshold=0.0052853489760309466 0.44384564459323889 2.9714708328247075 0.91675469279289257
decision_type=2 2 2 2
left_child=-1 2 -2 -3
right_child=1 3 -4 -5
leaf_value=-0.0047759137272681499 -0.0013245157275142659 -0.003826611968899633 0.0072474552314720567 0.0005910987205796917
leaf_weight=1.3144228238306821 0.84287995660270087 1.2067793643145708 3.7606309097118356 0.90342125874667534
leaf_count=3175 733 966 1495 117
internal_value=0 0.00249638 0.00515471 -0.00197061
internal_weight=8.02813 6.71371 4.60351 2.1102
internal_count=6486 3311 2228 1083
is_linear=0
shrinkage=0.025


Tree=320
num_leaves=7
num_cat=0
split_feature=22 7 21 11 25 7
split_gain=0.327498 0.367428 0.23083 0.0726085 0.0711104 0.0561621
threshold=0.85867285728454601 5.0760755538940439 0.97638365626335155 2.2338542938232426 -0.1435386463999748 5.407318353652955
decision_type=2 2 2 2 2 2
left_child=1 2 -1 -2 -5 -3
right_child=3 5 -4 4 -6 -7
leaf_value=-0.0076718176198321544 0 0.0034748232335606861 0 0.0048487832557105029 0 0
leaf_weight=3.3662666854979761 0.1655636869836602 0.38445324634449196 1.3945660991266775 1.6467951825325144 0.2528479774300646 0.17879212309708237
leaf_count=5704 49 125 254 109 72 147
internal_value=-0.000906165 -0.0037915 -0.00597221 0.00306672 0.00402587 0.0023188
internal_weight=7.38929 5.32408 4.76083 2.06521 1.89964 0.563245
internal_count=6460 6230 5958 230 181 272
is_linear=0
shrinkage=0.025


Tree=321
num_leaves=7
num_cat=0
split_feature=26 19 27 6 21 23
split_gain=0.32893 0.244023 0.304556 0.199678 0.0763361 0.033494
threshold=-0.99836018681526173 0.53965365886688244 0.71963703632354747 4.6479134559631357 -0.1584319323301315 -4.0775725841522208
decision_type=2 2 2 2 2 2
left_child=3 2 -2 4 -1 -3
right_child=1 5 -4 -5 -6 -7
leaf_value=0 -0.0067235222338450466 0 0.001540161238104724 -0.00091323448393675717 0.0063150719464415781 0.0024709669223035684
leaf_weight=0.11976558288734018 3.3283785190233179 0.081571973372774553 0.34195071545400413 0.39515011633920938 2.806335213535931 1.1757980975671669
leaf_count=161 5210 61 100 459 334 143
internal_value=0.000245989 -0.00252059 -0.00478858 0.00414994 0.00576699 0.00163726
internal_weight=8.24895 4.9277 3.67033 3.32125 2.9261 1.25737
internal_count=6468 5514 5310 954 495 204
is_linear=0
shrinkage=0.025


Tree=322
num_leaves=7
num_cat=0
split_feature=6 26 27 2 21 24
split_gain=0.306449 0.252276 0.17502 0.103912 0.0895988 0.0693072
threshold=2.827530145645142 -0.84910276532173146 0.71963703632354747 2.0064291954040532 1.8219149708747866 -5.408684015274047
decision_type=2 2 2 2 2 2
left_child=1 3 -3 -1 5 -2
right_child=4 2 -4 -5 -6 -7
leaf_value=0 0 -0.0038556248098363098 0.0019938207372195509 0.0061606883439750933 0 -0.0054227782112526018
leaf_weight=0.49295105799865302 0.38908247493236614 1.5255613690333119 0.44896783848525945 2.9908342103535688 0.46447237697429944 1.8317604656967887
leaf_count=253 34 2303 98 537 25 3249
internal_value=0 0.00293269 -0.0011536 0.00530033 -0.00363561 -0.00467152
internal_weight=8.14363 5.45831 1.97453 3.48379 2.68532 2.22084
internal_count=6499 3191 2401 790 3308 3283
is_linear=0
shrinkage=0.025


Tree=323
num_leaves=7
num_cat=0
split_feature=26 27 19 5 18 26
split_gain=0.220746 0.264906 0.219335 0.165805 0.0562113 0.047759
threshold=-0.99836018681526173 0.71963703632354747 0.53965365886688244 4.014458656311036 -0.21587602049112317 -0.35813218355178827
decision_type=2 2 2 2 2 2
left_child=3 2 -2 4 -1 -3
right_child=1 5 -4 -5 -6 -7
leaf_value=0 -0.0067892899996245945 0.00304619484880849 0.00037861591422128999 -0.0012668080820348445 0.0049167907315936319 0
leaf_weight=0.091430463689903596 3.320721629421314 0.30130952025501756 0.98587495362153266 0.58821456607256539 2.0715390541990932 0.16935379392089078
leaf_count=108 5247 19 188 637 220 80
internal_value=-0.000584805 -0.00321548 -0.00515499 0.00230441 0.00435449 0.00188037
internal_weight=7.52844 4.77726 4.3066 2.75118 2.16297 0.470663
internal_count=6499 5534 5435 965 328 99
is_linear=0
shrinkage=0.025


Tree=324
num_leaves=6
num_cat=0
split_feature=6 25 21 26 21
split_gain=0.36171 0.325211 0.13248 0.0517632 0.0507442
threshold=3.1996345520019536 2.7061218023300175 0.0052853489760309466 -1.015542685985565 1.8219149708747866
decision_type=2 2 2 2 2
left_child=1 2 -1 -3 -2
right_child=4 3 -4 -5 -6
leaf_value=-1.1675852661206199e-05 -0.005382089148616433 0 0.0059903243558799201 -0.0032745137741992908 0
leaf_weight=0.43727537524500792 1.6311636674709005 0.40535685193390236 3.9156127207224927 0.98753454885081715 0.30043349560582999
leaf_count=726 2749 47 1179 1707 23
internal_value=-4.07053e-05 0.00247305 0.00503523 -0.00223203 -0.00480998
internal_weight=7.67738 5.74578 4.35289 1.39289 1.9316
internal_count=6431 3659 1905 1754 2772
is_linear=0
shrinkage=0.025


Tree=325
num_leaves=6
num_cat=0
split_feature=5 25 21 26 24
split_gain=0.299667 0.293347 0.140941 0.107753 0.018559
threshold=4.014458656311036 2.7061218023300175 0.016861726529896263 -1.015542685985565 -5.408684015274047
decision_type=2 2 2 2 2
left_child=1 2 -1 -3 -2
right_child=4 3 -4 -5 -6
leaf_value=-8.1004661214900797e-05 0 0.00079490034013702474 0.0058597787881603646 -0.0037589159849315511 -0.0043533353710572186
leaf_weight=0.56179985416201805 0.2523681655875406 0.58809665919034149 4.6622948236945376 1.1043113113155412 1.1247967129711467
leaf_count=961 26 91 1646 2203 1587
internal_value=0 0.00263624 0.00488243 -0.00183097 -0.00404755
internal_weight=8.29367 6.9165 5.22409 1.69241 1.37716
internal_count=6514 4901 2607 2294 1613
is_linear=0
shrinkage=0.025


Tree=326
num_leaves=7
num_cat=0
split_feature=19 21 6 10 13 5
split_gain=0.48169 0.235064 0.182326 0.145196 0.109431 0.0347317
threshold=0.20173196494579318 0.97638365626335155 3.1996345520019536 5.2682015895843515 7.0356523990631112 3.7555809020996098
decision_type=2 2 2 2 2 2
left_child=1 4 3 -2 -1 -3
right_child=2 5 -4 -5 -6 -7
leaf_value=-0.0079433394349393786 0.0058362969487805293 0.0018098800269505896 -0.001139960784998261 -0.00033358434323236793 0 -0.00063063486535987038
leaf_weight=2.1984942899762254 3.0178931596237826 1.080837338016863 0.67757792991869781 0.21359535187366407 0.24649073430919077 0.29138523693836749
leaf_count=5154 407 136 539 94 27 87
internal_value=-0.00106803 -0.00520861 0.00292774 0.00471429 -0.00719868 0.000222631
internal_weight=7.72627 3.81721 3.90907 3.23149 2.44499 1.37222
internal_count=6444 5404 1040 501 5181 223
is_linear=0
shrinkage=0.025


Tree=327
num_leaves=7
num_cat=0
split_feature=27 5 18 24 14 6
split_gain=0.481145 0.240922 0.111866 0.0820285 0.0467363 0.0189832
threshold=0.16885523498058322 4.0348145961761483 0.32877735793590551 0.44933010637760168 2.2617311477661137 3.9379875659942631
decision_type=2 2 2 2 2 2
left_child=1 3 4 -1 -2 -3
right_child=2 5 -4 -5 -6 -7
leaf_value=0.0057981190360167469 -0.0068882545564804181 0 0 0 0 -0.002127008363665014
leaf_weight=2.9285498676254074 2.0155022327999186 0.25883848941521126 1.3610376622818874 0.14473940390234918 0.14633999368197681 0.62921538937553123
leaf_count=407 4134 60 463 412 66 909
internal_value=-0.000952753 0.00295598 -0.00523695 0.00516383 -0.00651152 -0.00151996
internal_weight=7.48422 3.96134 3.52288 3.07329 2.16184 0.888054
internal_count=6451 1788 4663 819 4200 969
is_linear=0
shrinkage=0.025


Tree=328
num_leaves=6
num_cat=0
split_feature=13 21 14 20 8
split_gain=0.362566 0.285351 0.181286 0.045587 0.0306345
threshold=2.9714708328247075 0.0052853489760309466 0.64950066804885875 -1.0462353825569151 1.7622391581535342
decision_type=2 2 2 2 2
left_child=3 4 -3 -1 -2
right_child=1 2 -4 -5 -6
leaf_value=0 0 0.0065521004739329779 0 -0.0046121674246707598 -0.0025914530979858907
leaf_weight=0.36378471868738405 0.1625882875832757 4.2619717072066123 1.4169397430850947 1.214194258676798 0.7483454484718095
leaf_count=64 21 1702 526 2068 2033
internal_value=0.000437404 0.00328969 0.00515982 -0.00397042 -0.00181431
internal_weight=8.16782 6.58985 5.67891 1.57798 0.910934
internal_count=6414 4282 2228 2132 2054
is_linear=0
shrinkage=0.025


Tree=329
num_leaves=7
num_cat=0
split_feature=13 15 18 26 17 22
split_gain=0.315718 0.336994 0.223888 0.160627 0.126127 0.0532396
threshold=4.1525731086730966 0.17791960388422015 0.53859758377075206 -0.99157559871673573 0.013455515261739494 1.1233249306678774
decision_type=2 2 2 2 2 2
left_child=2 4 5 -3 -2 -1
right_child=1 3 -4 -5 -6 -7
leaf_value=-0.00654686396878797 0 0.0012999554692745506 0.00072871105754321634 -0.0043395271299914266 0.006872861373009298 0
leaf_weight=2.0505308094379879 0.24570757686706235 0.75618877792658157 1.1654591570295449 1.0132907579900345 2.0390420955936861 0.15290540752903314
leaf_count=3845 374 55 294 1170 714 13
internal_value=-0.00021291 0.00269214 -0.00397547 -0.00182614 0.005901 -0.00611002
internal_weight=7.42312 4.05423 3.3689 1.76948 2.28475 2.20344
internal_count=6465 2313 4152 1225 1088 3858
is_linear=0
shrinkage=0.025


Tree=330
num_leaves=6
num_cat=0
split_feature=21 13 20 26 16
split_gain=0.27532 0.22685 0.188577 0.0668586 0.0304538
threshold=0.0052853489760309466 3.5549958944320683 0.58028078079223644 -1.0010367631912229 1.3905151486396792
decision_type=2 2 2 2 2
left_child=4 3 -3 -2 -1
right_child=1 2 -4 -5 -6
leaf_value=-0.004154922530937937 0.00041644432693810005 0.0063866040055949973 -2.8455154299653991e-05 -0.0029838428898709291 0
leaf_weight=1.176141698095307 1.009885345243674 3.1845314514102938 1.542556691671052 0.74968101544254739 0.13210478915243573
leaf_count=3092 344 1129 649 1146 59
internal_value=0.000111452 0.00271461 0.00471212 -0.00124318 -0.0037262
internal_weight=7.7949 6.48665 4.72709 1.75957 1.30825
internal_count=6419 3268 1778 1490 3151
is_linear=0
shrinkage=0.025


Tree=331
num_leaves=6
num_cat=0
split_feature=6 26 26 22 20
split_gain=0.278802 0.256748 0.166951 0.0956904 0.0505752
threshold=3.3466130495071416 -0.88302278518676747 -0.39548355340957636 0.03419653698801995 0.60893037915229808
decision_type=2 2 2 2 2
left_child=1 3 -3 -1 -2
right_child=4 2 -4 -5 -6
leaf_value=0 -0.004569947113884136 -0.0037281047336980167 0.001900035827965848 0.0058416422865932988 0
leaf_weight=0.31798399887520634 1.3154319272198334 1.899939650111264 0.45826039366511473 3.2924965018246439 0.54135622853391385
leaf_count=530 1981 2895 105 341 564
internal_value=0 0.00259681 -0.0012371 0.00509105 -0.00382434
internal_weight=7.82547 5.96868 2.3582 3.61048 1.85679
internal_count=6416 3871 3000 871 2545
is_linear=0
shrinkage=0.025


Tree=332
num_leaves=7
num_cat=0
split_feature=26 27 5 22 22 26
split_gain=0.406162 0.294501 0.242742 0.206084 0.084556 0.0495665
threshold=-1.0010367631912229 0.71963703632354747 4.7341773509979257 0.85867285728454601 -0.25412984192371363 -0.35813218355178827
decision_type=2 2 2 2 2 2
left_child=2 3 4 -2 -1 -3
right_child=1 5 -4 -5 -6 -7
leaf_value=0 -0.0072568562003699809 0.0030616066996151936 -0.0013511859291800198 0.00010371242189026113 0.0064513188547453033 0
leaf_weight=0.1154672649427092 3.146029024183008 0.29184876642830204 0.45079337708011724 0.94595763917095599 2.5362110478235991 0.17874901427421708
leaf_count=236 5304 17 419 131 292 81
internal_value=0 -0.00375465 0.00383305 -0.00574659 0.00583822 0.00184508
internal_weight=7.66506 4.56258 3.10247 4.09199 2.65168 0.470598
internal_count=6480 5533 947 5435 528 98
is_linear=0
shrinkage=0.025


Tree=333
num_leaves=6
num_cat=0
split_feature=6 25 14 21 25
split_gain=0.293124 0.267665 0.119784 0.0975925 0.0377371
threshold=2.9773616790771489 2.7061218023300175 0.32901820540428167 1.3229246735572817 5.2960140705108651
decision_type=2 2 2 2 2
left_child=1 2 -1 -2 -3
right_child=3 4 -4 -5 -6
leaf_value=0.00630406934110636 -0.0052037679739976011 -0.0027717774374742985 0 0 0
leaf_weight=2.2438977709516625 1.5781617518714486 0.71751329641847383 1.7095447388692262 0.65209016187873192 0.61696053259220207
leaf_count=986 2968 1425 785 66 216
internal_value=0 0.00253412 0.00487766 -0.00402503 -0.00179195
internal_weight=7.51817 5.28792 3.95344 2.23025 1.33447
internal_count=6446 3412 1771 3034 1641
is_linear=0
shrinkage=0.025


Tree=334
num_leaves=7
num_cat=0
split_feature=26 22 0 13 22 16
split_gain=0.337495 0.216136 0.310462 0.185183 0.0631606 0.0452211
threshold=-1.0010367631912229 0.79085835814476024 0.30337744951248174 2.2276135683059697 -0.25412984192371363 0.5630648434162141
decision_type=2 2 2 2 2 2
left_child=3 2 -2 -1 -5 -3
right_child=1 5 -4 4 -6 -7
leaf_value=-0.00078648488578629083 0.0015553723854318758 0.0024833814210086977 -0.0068537564785582442 0 0.0061744804200514541 -0.00019812905448727435
leaf_weight=0.37308170046890188 0.33572508952784152 1.1516410097137848 2.9976645764782006 0.083189511882665879 2.7039867800122006 0.28997676599828981
leaf_count=449 128 78 5188 163 344 96
internal_value=0.000133927 -0.00266355 -0.00483177 0.00416882 0.00571381 0.00123863
internal_weight=7.93527 4.77501 3.33339 3.16026 2.78718 1.44162
internal_count=6446 5490 5316 956 507 174
is_linear=0
shrinkage=0.025


Tree=335
num_leaves=7
num_cat=0
split_feature=6 21 14 21 22 24
split_gain=0.27141 0.189746 0.170337 0.0883139 0.0438309 0.0228273
threshold=3.1996345520019536 0.0052853489760309466 0.55327123403549205 1.8219149708747866 0.963395655155182 -4.7665493488311759
decision_type=2 2 2 2 2 2
left_child=1 5 -3 4 -2 -1
right_child=3 2 -4 -5 -6 -7
leaf_value=0 -0.0050556680634571225 0.0059996929124936753 -5.7876707631363905e-05 0 0 -0.0020256439721797743
leaf_weight=0.15770084716496058 1.4498992631142757 3.4291415759525989 1.3783910392940013 0.45856440174975421 0.33786256544408377 0.66458440018686804
leaf_count=4 2767 1366 538 24 37 1723
internal_value=0 0.00286683 0.00448157 -0.00336942 -0.00450019 -0.00124164
internal_weight=7.87614 5.62982 4.80753 2.24633 1.78776 0.822285
internal_count=6459 3631 1904 2828 2804 1727
is_linear=0
shrinkage=0.025


Tree=336
num_leaves=7
num_cat=0
split_feature=27 27 5 24 18 26
split_gain=0.375233 0.283084 0.240014 0.124429 0.0766922 0.0490524
threshold=0.16885523498058322 0.71963703632354747 4.7341773509979257 0.44933010637760168 1.1502153873443606 -0.35813218355178827
decision_type=2 2 2 2 2 2
left_child=2 4 3 -1 -2 -3
right_child=1 5 -4 -5 -6 -7
leaf_value=0.0063088139605789297 -0.0063522324901335615 0.0029988335553782835 -0.0014397930909375914 0 0 0
leaf_weight=3.5503550789926526 2.8927051831797153 0.30142109107691795 0.47463902801428037 0.20822828152813588 0.12240055203437794 0.17949048423906777
leaf_count=578 4553 21 535 650 1 80
internal_value=0 -0.0036086 0.00366297 0.00547502 -0.00580985 0.00176209
internal_weight=7.72924 3.49602 4.23322 3.75858 3.01511 0.480912
internal_count=6418 4655 1763 1228 4554 101
is_linear=0
shrinkage=0.025


Tree=337
num_leaves=7
num_cat=0
split_feature=26 24 5 18 21 20
split_gain=0.333823 0.179892 0.165052 0.160784 0.0235003 0.0104015
threshold=-0.99836018681526173 -3.682715535163879 4.014458656311036 -0.48984010517597193 0.35335980355739599 1.0745312571525576
decision_type=2 2 2 2 2 2
left_child=2 -2 4 -3 -1 -4
right_child=1 3 5 -5 -6 -7
leaf_value=0 6.801435584827297e-05 0 -0.0016711280354025273 -0.0073568525512940743 0.004605848596809522 0
leaf_weight=0.20348921389813845 1.3242306232277767 0.38680525538256949 0.5949639023237977 2.8359654724972643 1.8327089118683941 0.14710060397555935
leaf_count=152 203 359 587 4954 162 58
internal_value=-0.00177431 -0.00470358 0.0021581 -0.00627346 0.00430266 -0.00126054
internal_weight=7.32526 4.547 2.77826 3.22277 2.0362 0.742065
internal_count=6475 5516 959 5313 314 645
is_linear=0
shrinkage=0.025


Tree=338
num_leaves=7
num_cat=0
split_feature=22 27 19 23 11 5
split_gain=0.375215 0.205784 0.105418 0.0950264 0.0862673 0.0684565
threshold=0.79085835814476024 0.12801373004913333 0.53965365886688244 -4.8686871528625479 2.2006337642669682 4.014458656311036
decision_type=2 2 2 2 2 2
left_child=1 5 -3 -2 -5 -1
right_child=3 2 -4 4 -6 -7
leaf_value=0.0022200208119372853 -0.00033208150695520733 -0.0070879985432025939 0 0 0.005072524587872624 -0.0014002388670208941
leaf_weight=1.5039061432471497 0.2167357555299535 2.8297676713809783 0.32915568043608789 0.25168545082851812 1.7506309435684668 0.49125617439676705
leaf_count=380 98 4952 87 51 114 707
internal_value=-0.00143148 -0.00442585 -0.00633542 0.002906 0.00413591 7.14403e-05
internal_weight=7.37314 5.15409 3.15892 2.21905 2.00232 1.99516
internal_count=6389 6126 5039 263 165 1087
is_linear=0
shrinkage=0.025


Tree=339
num_leaves=6
num_cat=0
split_feature=22 17 7 5 16
split_gain=0.226272 0.270078 0.468164 0.0925153 0.0613535
threshold=0.85867285728454601 0.78811946511268627 5.0760755538940439 4.014458656311036 0.5630648434162141
decision_type=2 2 2 2 2
left_child=1 2 -1 -3 -2
right_child=4 3 -4 -5 -6
leaf_value=-0.0075581577688420389 0.0043158180865643598 0.0034115055958173568 0.0023704251752058483 -0.0007497649713888759 0
leaf_weight=3.0786892361702489 1.8443691970023794 1.5055427472616427 0.56930418116462522 0.32905904717335932 0.36770875726506336
leaf_count=5580 133 200 284 158 81
internal_value=0 -0.00223325 -0.00481133 0.00174819 0.00351564
internal_weight=7.69467 5.4826 3.64799 1.8346 2.21208
internal_count=6436 6222 5864 358 214
is_linear=0
shrinkage=0.025


Tree=340
num_leaves=7
num_cat=0
split_feature=13 14 18 21 11 23
split_gain=0.457522 0.316678 0.220745 0.165893 0.0981799 0.0214188
threshold=4.2226309776306161 0.35258011519908911 0.52673238515853893 0.016861726529896263 4.4199771881103525 -1.2064970731735227
decision_type=2 2 2 2 2 2
left_child=2 3 -1 -2 -3 -4
right_child=1 4 5 -5 -6 -7
leaf_value=-0.0067837649371366828 -0.00012204244003963642 0.00083037550188326526 0.001575401184576716 0.0072319688573237121 -0.0035022984884488456 -8.2906201468620048e-05
leaf_weight=1.9798377568731669 0.26868435403230284 0.5350624458533273 0.73150205737329088 2.4252776185821858 0.93949725905622472 0.45346968121157238
leaf_count=3942 826 64 83 680 641 230
internal_value=-0.000155808 0.00333758 -0.00474871 0.00608352 -0.00153767 0.000376281
internal_weight=7.33333 4.16852 3.16481 2.69396 1.47456 1.18497
internal_count=6466 2211 4255 1506 705 313
is_linear=0
shrinkage=0.025


Tree=341
num_leaves=7
num_cat=0
split_feature=27 5 27 22 18 26
split_gain=0.229643 0.237479 0.219113 0.0886909 0.0714655 0.0475121
threshold=0.16885523498058322 4.0348145961761483 0.71963703632354747 -0.25412984192371363 0.32877735793590551 -0.35813218355178827
decision_type=2 2 2 2 2 2
left_child=1 3 4 -1 -2 -4
right_child=2 -3 5 -5 -6 -7
leaf_value=0 -0.0056249920199956359 -0.0013709016503492021 0.0030011276983393873 0.0059710471635683639 0 0
leaf_weight=0.12865364917524891 1.8096438196189417 0.90327475455342199 0.29900409583933651 2.9810334927806252 1.3572384047620287 0.17018275638110925
leaf_count=329 4093 955 20 509 473 82
internal_value=0.000106379 0.00319126 -0.00245101 0.00531531 -0.00457308 0.00181576
internal_weight=7.64903 4.01296 3.63607 3.10969 3.16688 0.469187
internal_count=6461 1793 4668 838 4566 102
is_linear=0
shrinkage=0.025


Tree=342
num_leaves=6
num_cat=0
split_feature=5 14 21 2 6
split_gain=0.298713 0.288688 0.266579 0.175957 0.0144464
threshold=4.0348145961761483 0.36995439231395727 0.016861726529896263 2.93787693977356 3.5591710805892949
decision_type=2 2 2 2 2
left_child=1 2 -1 -3 -2
right_child=4 3 -4 -5 -6
leaf_value=-0.00092283820014790242 0 -0.0042610119656387637 0.0070571541702597346 0.0014901574339039028 -0.0041538948914020025
leaf_weight=0.54660642646013036 0.10993028272059735 0.99375885993686131 3.441049267175913 1.3749100326531332 1.0759231598331096
leaf_count=1832 20 896 1541 601 1556
internal_value=0.000124903 0.00283202 0.00536304 -0.00132858 -0.00393555
internal_weight=7.54218 6.35632 3.98766 2.36867 1.18585
internal_count=6446 4870 3373 1497 1576
is_linear=0
shrinkage=0.025


Tree=343
num_leaves=7
num_cat=0
split_feature=18 13 24 14 11 26
split_gain=0.205137 0.348057 0.171915 0.106563 0.0883368 0.0680571
threshold=0.46435379981994634 5.4696323871612558 -4.7665493488311759 0.35258011519908911 2.3126300573349003 -0.67715096473693837
decision_type=2 2 2 2 2 2
left_child=1 2 -1 -3 -2 -6
right_child=4 3 -4 -5 5 -7
leaf_value=0.00015460568613877952 -0.00026682574429920234 0.0040869556908270195 -0.0067863325951886587 -0.0006094031801727488 0.0046655303181975987 0
leaf_weight=0.53136677170550717 0.36420652703600387 0.78303999662784896 2.9088802730657335 0.41550366200317512 2.0832649515086823 0.21769576019141768
leaf_count=53 132 327 5249 243 349 71
internal_value=0 -0.00272154 -0.00551727 0.00227228 0.0027226 0.00391051
internal_weight=7.30396 4.63879 3.44025 1.19854 2.66517 2.30096
internal_count=6424 5872 5302 570 552 420
is_linear=0
shrinkage=0.025


Tree=344
num_leaves=7
num_cat=0
split_feature=26 27 5 22 26 21
split_gain=0.310238 0.232854 0.216926 0.210858 0.048068 0.0265062
threshold=-0.99836018681526173 0.71963703632354747 4.014458656311036 0.85867285728454601 -0.35813218355178827 0.039304515346884734
decision_type=2 2 2 2 2 2
left_child=2 3 5 -2 -3 -1
right_child=1 4 -4 -5 -6 -7
leaf_value=0 -0.0064068165729010062 0.0029882202322513902 -0.0010018405852273175 0.00050194111455264081 0 0.0059877422411516827
leaf_weight=0.13173528512925337 3.1991546184508479 0.3007837373734219 0.73097867669639516 0.89923893856393977 0.17928230365214393 2.3154677834136237
leaf_count=101 5267 20 647 128 81 229
internal_value=0 -0.00285383 0.00376437 -0.00476122 0.00177628 0.00574407
internal_weight=7.75664 4.57846 3.17818 4.09839 0.480066 2.4472
internal_count=6473 5496 977 5395 101 330
is_linear=0
shrinkage=0.025


Tree=345
num_leaves=6
num_cat=0
split_feature=25 13 20 18 16
split_gain=0.29757 0.358076 0.137979 0.11331 0.0385013
threshold=2.7061218023300175 4.2226309776306161 0.58028078079223644 0.53859758377075206 1.2331889867782595
decision_type=2 2 2 2 2
left_child=1 3 -3 -1 -2
right_child=4 2 -4 -5 -6
leaf_value=-0.0035515148618684165 -0.0047737443688612505 0.0069173430156516565 0 0.0008553445487518304 0
leaf_weight=1.8475636157545525 1.1461669409036401 2.5216511509406705 0.50335559849372646 1.227579366386635 0.26627176791225782
leaf_count=2305 2664 792 254 283 144
internal_value=0 0.0025109 0.00583972 -0.00157799 -0.0042532
internal_weight=7.51259 6.10015 3.02501 3.07514 1.41244
internal_count=6442 3634 1046 2588 2808
is_linear=0
shrinkage=0.025


Tree=346
num_leaves=6
num_cat=0
split_feature=13 25 14 20 0
split_gain=0.282132 0.366672 0.209199 0.0430207 0.0392254
threshold=3.1729196310043339 2.7061218023300175 0.55327123403549205 0.60893037915229808 7.3422880172729501
decision_type=2 2 2 2 2
left_child=3 2 -2 -1 -3
right_child=1 4 -4 -5 -6
leaf_value=-0.0048804117904258301 0.0066357954953184658 -0.0034827611035894847 -0.00025567557554026147 0 0
leaf_weight=1.3022568995893378 3.2814360958527686 0.9752938616202298 1.1941844781977122 0.5556627498990564 0.1507959485752508
leaf_count=1878 1526 1888 607 565 12
internal_value=0 0.00223823 0.00497278 -0.00423885 -0.00279806
internal_weight=7.45963 5.60171 4.47562 1.85792 1.12609
internal_count=6476 4033 2133 2443 1900
is_linear=0
shrinkage=0.025


Tree=347
num_leaves=7
num_cat=0
split_feature=13 22 14 17 9 25
split_gain=0.348908 0.280987 0.228094 0.160319 0.113303 0.0487698
threshold=4.0163853168487558 0.79085835814476024 0.35258011519908911 0.013455515261739494 3.7036836147308354 -4.5807435512542716
decision_type=2 2 2 2 2 2
left_child=1 5 3 -2 -4 -1
right_child=2 -3 4 -5 -6 -7
leaf_value=0 -0.0001546857394713895 0.0013602568464480972 0.0013413718666444949 0.0069048459885547326 -0.0033181261305546168 -0.0066341900964084696
leaf_weight=0.21891252243949577 0.26906460086502226 1.0506487380444012 0.96149058734044934 2.4451999883040116 0.78883358917664737 1.7478859090824699
leaf_count=41 759 116 145 1008 649 3749
internal_value=0 -0.00356838 0.00350056 0.00574817 -0.000735002 -0.00618501
internal_weight=7.48204 3.01745 4.46459 2.71426 1.75032 1.9668
internal_count=6467 3906 2561 1767 794 3790
is_linear=0
shrinkage=0.025


Tree=348
num_leaves=6
num_cat=0
split_feature=21 23 25 15 5
split_gain=0.272022 0.229899 0.213495 0.01548 0.0126513
threshold=0.0052853489760309466 0.018652135506272319 2.7061218023300175 3.0032213926315312 3.1788605451583867
decision_type=2 2 2 2 2
left_child=3 2 -2 -1 -3
right_child=1 4 -4 -5 -6
leaf_value=-0.0041366619059888766 0.0060038979502903362 0 -0.00052314478971049482 0 -0.0021351082569319823
leaf_weight=1.1629851093293835 4.2093302736993792 0.41505128418066284 1.2527460210621937 0.058369908187159925 0.61088203217514092
leaf_count=3163 1420 263 927 17 656
internal_value=0 0.00254192 0.00437492 -0.00392381 -0.00171246
internal_weight=7.70936 6.48801 5.46208 1.22136 1.02593
internal_count=6446 3266 2347 3180 919
is_linear=0
shrinkage=0.025


Tree=349
num_leaves=7
num_cat=0
split_feature=13 14 21 25 25 18
split_gain=0.351837 0.229612 0.233468 0.151428 0.0509494 0.019541
threshold=4.0163853168487558 0.55327123403549205 0.016861726529896263 -4.5807435512542716 -2.9181795120239253 1.0147891640663149
decision_type=2 2 2 2 2 2
left_child=3 2 -2 -1 -3 -5
right_child=1 4 -4 5 -6 -7
leaf_value=0.00041027792091078103 -0.00076188796794959411 0.00030635662027459577 0.0069342321141486465 -0.0054708027468674605 -0.0026427380030306091 0
leaf_weight=0.86353127513211836 0.39838431104908556 0.48420459863700671 3.1768515366002248 2.0560392974111896 0.58841494183616283 0.080079373743501381
leaf_count=99 1124 40 998 3690 431 16
internal_value=0 0.00344622 0.00540361 -0.00362837 -0.00112614 -0.00528038
internal_weight=7.64751 4.64786 3.57524 2.99965 1.07262 2.13612
internal_count=6398 2593 2122 3805 471 3706
is_linear=0
shrinkage=0.025


end of trees

feature_importances:
Column_21=271
Column_22=220
Column_13=166
Column_6=165
Column_27=165
Column_26=162
Column_24=120
Column_5=102
Column_17=91
Column_25=71
Column_19=69
Column_16=53
Column_18=43
Column_14=38
Column_2=31
Column_7=31
Column_20=29
Column_23=29
Column_3=27
Column_15=24
Column_11=23
Column_12=23
Column_0=22
Column_1=17
Column_8=9
Column_4=8
Column_10=7
Column_9=1

parameters:
[boosting: gbdt]
[objective: binary]
[metric: binary_logloss]
[tree_learner: serial]
[device_type: cpu]
[data_sample_strategy: bagging]
[data: ]
[valid: ]
[num_iterations: 350]
[learning_rate: 0.025]
[num_leaves: 7]
[num_threads: 4]
[seed: 990022]
[deterministic: 0]
[force_col_wise: 0]
[force_row_wise: 0]
[histogram_pool_size: -1]
[max_depth: 3]
[min_data_in_leaf: 20]
[min_sum_hessian_in_leaf: 0.001]
[bagging_fraction: 0.8]
[pos_bagging_fraction: 1]
[neg_bagging_fraction: 1]
[bagging_freq: 1]
[bagging_seed: 990022]
[bagging_by_query: 0]
[feature_fraction: 0.8]
[feature_fraction_bynode: 1]
[feature_fraction_seed: 990022]
[extra_trees: 0]
[extra_seed: 30776]
[early_stopping_round: 0]
[early_stopping_min_delta: 0]
[first_metric_only: 0]
[max_delta_step: 0]
[lambda_l1: 0.25]
[lambda_l2: 5]
[linear_lambda: 0]
[min_gain_to_split: 0.01]
[drop_rate: 0.1]
[max_drop: 50]
[skip_drop: 0.5]
[xgboost_dart_mode: 0]
[uniform_drop: 0]
[drop_seed: 5822]
[top_rate: 0.2]
[other_rate: 0.1]
[min_data_per_group: 100]
[max_cat_threshold: 32]
[cat_l2: 10]
[cat_smooth: 10]
[max_cat_to_onehot: 4]
[top_k: 20]
[monotone_constraints: ]
[monotone_constraints_method: basic]
[monotone_penalty: 0]
[feature_contri: ]
[forcedsplits_filename: ]
[refit_decay_rate: 0.9]
[cegb_tradeoff: 1]
[cegb_penalty_split: 0]
[cegb_penalty_feature_lazy: ]
[cegb_penalty_feature_coupled: ]
[path_smooth: 0]
[interaction_constraints: ]
[verbosity: -1]
[saved_feature_importance_type: 0]
[use_quantized_grad: 0]
[num_grad_quant_bins: 4]
[quant_train_renew_leaf: 0]
[stochastic_rounding: 1]
[linear_tree: 0]
[max_bin: 255]
[max_bin_by_feature: ]
[min_data_in_bin: 3]
[bin_construct_sample_cnt: 200000]
[data_random_seed: 21769]
[is_enable_sparse: 1]
[enable_bundle: 1]
[use_missing: 1]
[zero_as_missing: 0]
[feature_pre_filter: 1]
[pre_partition: 0]
[two_round: 0]
[header: 0]
[label_column: ]
[weight_column: ]
[group_column: ]
[ignore_column: ]
[categorical_feature: ]
[forcedbins_filename: ]
[precise_float_parser: 0]
[parser_config_file: ]
[objective_seed: 8768]
[num_class: 1]
[is_unbalance: 0]
[scale_pos_weight: 1]
[sigmoid: 1]
[boost_from_average: 1]
[reg_sqrt: 0]
[alpha: 0.9]
[fair_c: 1]
[poisson_max_delta_step: 0.7]
[tweedie_variance_power: 1.5]
[lambdarank_truncation_level: 30]
[lambdarank_norm: 1]
[label_gain: ]
[lambdarank_position_bias_regularization: 0]
[eval_at: ]
[multi_error_top_k: 1]
[auc_mu_weights: ]
[num_machines: 1]
[local_listen_port: 12400]
[time_out: 120]
[machine_list_filename: ]
[machines: ]
[gpu_platform_id: -1]
[gpu_device_id: -1]
[gpu_device_id_list: ]
[gpu_use_dp: 0]
[num_gpu: 1]

end of parameters

pandas_categorical:null
