tree
version=v4
num_class=1
num_tree_per_iteration=1
label_index=0
max_feature_idx=29
objective=binary sigmoid:1
feature_names=Column_0 Column_1 Column_2 Column_3 Column_4 Column_5 Column_6 Column_7 Column_8 Column_9 Column_10 Column_11 Column_12 Column_13 Column_14 Column_15 Column_16 Column_17 Column_18 Column_19 Column_20 Column_21 Column_22 Column_23 Column_24 Column_25 Column_26 Column_27 Column_28 Column_29
feature_infos=[-3.2280845642089844:8.5159740447998047] [-3.4938459396362305:8.8656930923461914] [-3.7368843555450439:8.3510532379150391] [-3.9230785369873047:11.453814506530762] [-3.9479527473449707:11.272500991821289] [-3.9150042533874512:9.7064008712768555] [-3.5410261154174805:7.7689304351806641] [-2.9058725833892822:7.8510451316833496] [-3.1900260448455811:7.9583759307861328] [-3.0602331161499023:7.9595637321472168] [-2.7845923900604248:8.0131950378417969] [-1.4607493877410889:8.1724414825439453] [-2.1394639015197754:8.0546255111694336] [-1.7980664968490601:7.9669203758239746] [-5.6121039390563965:5.5208940505981445] [-5.1695089340209961:6.7352347373962402] [-10.663614273071289:7.1673679351806641] [-4.0004539489746094:4.409827709197998] [-3.2624797821044922:2.5530338287353516] [-2.9567832946777344:6.6505193710327148] [-10.828666687011719:6.4521923065185547] [-3.4737765789031982:4.8924922943115234] [-3.5995638370513916:8.2166194915771484] [-19.253122329711914:26.217466354370117] [-36.426158905029297:16.761859893798828] [-62.643627166748047:21.31622314453125] [-2.397939920425415:0.75535547733306885] [-1.2905910015106201:1.8538972139358521] [1:7] [0:7]
tree_sizes=886 871 883 872 866 895 878 853 870 882 875 902 876 895 851 879 876 896 877 876 873 897 876 887 877 899 867 868 853 864 873 883 878 896 853 857 877 899 864 861 877 878 900 878 875 882 898 864 880 878 854 894 874 898 851 878 904 876 876 867 843 873 767 684 868 858 860 866 780 867 878 881 872 770 900 766 882 876 865 854 860 903 858 880 876 787 876 895 897 879 902 852 760 876 868 879 896 871 887 885 844 883 882 794 862 908 900 885 783 880 881 796 882 858 884 787 864 911 901 872 884 873 863 794 862 867 855 870 857 883 859 756 863 874 884 859 869 902 864 875 865 784 861 882 882 850 874 859 855 888 883 885 880 795 876 883 857 879 852 800 869 873 843 772 750 676 864 795 888 873 851 876 882 741 873 758 753 876 842 775 885 872 888 892 869 868 752 762 867 785 849 673 648 697 866 777 763 876 764 848 870 847 849 765 870 844 780 754 874 872 896 859 784 870 849 777 874 876 766 751 753 874 849 856 776 919 849 891 760 774 885 797 865 700 869 883 848 793 877 679 855 864 893 755 872 863 858 896 903 855 854 764 811 865 874 853 853 764 882 874 894 897 877 789 863 883 759 864 787 854 897 873 854 766 833 673 855 858 686 875 877 840 887 873 859 877 847 837 769 909 848 852 853 863 849 847 757 759 872 758 892 826 874 787 756 871 857 680 888 772 807 778 854 868 876 874 744 885 856 873 849 867 833 758 854 859 867 655 768 856 876 858 678 746 857 792 675 748 876 870 874 883 745 896 868 857 872 858 744 881

Tree=0
num_leaves=7
num_cat=0
split_feature=21 19 13 26 23 12
split_gain=137.218 17.1756 10.8363 5.36612 3.12232 1.46064
threshold=0.39209222793579107 0.64802446961402904 3.0539695024490361 -0.79649406671524037 -5.2918033599853507 2.4626867771148686
decision_type=2 2 2 2 2 2
left_child=1 4 -2 -4 -1 -3
right_child=2 5 3 -5 -6 -7
leaf_value=-0.095237556322373518 -0.10007822370984966 -0.099458376815543717 -0.053550237304078201 -0.096514120956778748 -0.13554635966649331 -0.080589176863189421
leaf_weight=0.9076754916459383 2.4462754800915745 0.6193545800633723 26.371921968646355 1.3384598451666487 27.690271147992462 2.3242415767163038
leaf_count=95 508 108 485 425 4774 53
internal_value=-0.0949494 -0.12881 -0.0596283 -0.0556834 -0.134261 -0.0854582
internal_weight=61.6982 31.5415 30.1567 27.7104 28.5979 2.9436
internal_count=6448 5030 1418 910 4869 161
is_linear=0
shrinkage=1


Tree=1
num_leaves=7
num_cat=0
split_feature=21 24 6 2 23 2
split_gain=125.978 14.1757 11.6646 4.71962 2.66114 0.284641
threshold=0.39209222793579107 -5.1625008583068839 3.7485826015472417 1.5971395373344424 -5.2918033599853507 4.0044057369232187
decision_type=2 2 2 2 2 2
left_child=1 -1 3 -2 -3 -4
right_child=2 4 5 -5 -6 -7
leaf_value=0.010800330400797923 -0.0036445255153211664 0 0.0003682094101607678 0.039416125651922262 -0.038202134560529843 -0.0098979880795355846
leaf_weight=1.9510902137262771 0.553651488502516 0.96418770734453829 0.35222437547054042 26.654508253908716 28.570752308994997 1.476562264608219
leaf_count=45 178 108 61 788 4840 380
internal_value=-0.000485996 -0.0328117 0.0340534 0.0379161 -0.0370202 -0.00818362
internal_weight=60.523 31.486 29.0369 27.2082 29.5349 1.82879
internal_count=6400 4993 1407 966 4948 441
is_linear=0
shrinkage=0.025


Tree=2
num_leaves=7
num_cat=0
split_feature=21 19 6 27 12 6
split_gain=129.698 12.3018 11.5303 5.34001 1.78034 1.09204
threshold=0.39209222793579107 0.64802446961402904 3.3475118875503544 0.31378410756587988 7.1882870197296151 3.2042828798294072
decision_type=2 2 2 2 2 2
left_child=1 4 3 -2 -1 -3
right_child=2 5 -4 -5 -6 -7
leaf_value=-0.038183498616102311 0.040209676906813624 0.012093725309961863 -0.0068333111308760243 -0.0015003147294988684 0.0002860083153982278 -0.0038952567192237775
leaf_weight=28.275004280672881 26.632214965822648 1.8025029169511975 2.2062083551427341 1.3631192098255258 0.3647635723464181 0.59631722141057242
leaf_count=4872 421 35 552 425 15 126
internal_value=0 -0.0333616 0.0341074 0.0380698 -0.0375381 0.00732799
internal_weight=61.2401 31.0386 30.2015 27.9953 28.6398 2.39882
internal_count=6446 5048 1398 846 4887 161
is_linear=0
shrinkage=0.025


Tree=3
num_leaves=7
num_cat=0
split_feature=21 19 6 26 23 6
split_gain=115.914 15.8894 10.0918 4.45501 1.72772 1.27668
threshold=0.39209222793579107 0.64802446961402904 3.5663200616836552 -0.79649406671524037 -7.2878005504608145 3.9445605278015141
decision_type=2 2 2 2 2 2
left_child=1 4 3 -2 -1 -3
right_child=2 5 -4 -5 -6 -7
leaf_value=0.00028991803137981027 0.03864570538883047 0.014226880263653811 -0.0062294214535291437 0 -0.037460714939168312 -0.0036768010841874061
leaf_weight=0.36222372902557864 25.20617659424898 2.3622229933389458 2.1258750600973135 1.6710036956937973 28.06815848039696 0.56838737620273594
leaf_count=27 455 70 493 457 4826 104
internal_value=-0.000450991 -0.0315361 0.0326722 0.0364397 -0.0368214 0.00983753
internal_weight=60.364 31.361 29.0031 26.8772 28.4304 2.93061
internal_count=6432 5027 1405 912 4853 174
is_linear=0
shrinkage=0.025


Tree=4
num_leaves=7
num_cat=0
split_feature=24 17 6 24 3 0
split_gain=113.693 15.2039 13.6371 3.41246 2.3868 0.487164
threshold=-1.2262445688247678 0.5230606496334077 3.7485826015472417 0.44932882487773901 1.1769916415214541 3.5871379375457768
decision_type=2 2 2 2 2 2
left_child=2 -2 4 -3 -1 -4
right_child=1 3 5 -5 -6 -7
leaf_value=0 -0.036646009978980758 0.014395329657783571 0.0012032164377117395 -0.0099089760997432691 0.038404912835672184 -0.011722306194992052
leaf_weight=1.0348205204936736 26.881969408423178 3.4178141586598931 0.2623969279811712 1.5334860145812852 26.774273236864246 1.9117574807023627
leaf_count=189 4570 141 3 581 603 402
internal_value=0.000407916 -0.0301877 0.0327418 0.00504327 0.037188 -0.00953979
internal_weight=61.8165 31.8333 29.9832 4.9513 27.8091 2.17415
internal_count=6489 5292 1197 722 792 405
is_linear=0
shrinkage=0.025


Tree=5
num_leaves=7
num_cat=0
split_feature=22 17 6 24 2 27
split_gain=111.978 14.9076 12.8651 3.63952 2.58189 0.189154
threshold=0.22387114912271502 0.5230606496334077 4.1044580936431894 0.44932882487773901 1.5971395373344424 0.73313146829605114
decision_type=2 2 2 2 2 2
left_child=1 5 4 -3 -2 -1
right_child=2 3 -4 -5 -6 -7
leaf_value=-0.036733264624500217 -0.00040734725424350663 0.014833873041382657 -0.010488339081573234 -0.010229484455702929 0.037666729026572011 -0.0015130202734871226
leaf_weight=26.256115992378913 0.70785875449656188 3.3548782186117014 1.688416534452698 1.5934577057487329 27.354432689608075 0.91269564244430412
leaf_count=4644 131 136 276 584 635 78
internal_value=0.000308257 -0.0298204 0.0326241 0.00504984 0.0366009 -0.0361634
internal_weight=61.8679 32.1171 29.7507 4.94834 28.0623 27.1688
internal_count=6484 5442 1042 720 766 4722
is_linear=0
shrinkage=0.025


Tree=6
num_leaves=7
num_cat=0
split_feature=21 19 6 26 21 18
split_gain=101.682 10.8141 8.18736 4.57323 1.07729 0.611623
threshold=0.39209222793579107 0.64802446961402904 3.3475118875503544 -0.79649406671524037 0.35193136334419256 0.53946271538734447
decision_type=2 2 2 2 2 2
left_child=1 4 3 -2 -1 -4
right_child=2 -3 5 -5 -6 -7
leaf_value=-0.036296193295096493 0.036146334914357925 0.0064930542254746527 -0.0087779462141810184 -0.0016490446120820419 0 0.0026557092073033173
leaf_weight=27.083167386939756 22.990912590001251 2.4506881182896896 1.3195588737726205 1.36156104056863 0.57943388831335951 1.0858408276690168
leaf_count=4716 388 166 395 455 124 143
internal_value=-0.00240781 -0.0316388 0.0300939 0.0338993 -0.0356851 -0.00446438
internal_weight=56.8712 30.1133 26.7579 24.3525 27.6626 2.4054
internal_count=6387 5006 1381 843 4840 538
is_linear=0
shrinkage=0.025


Tree=7
num_leaves=7
num_cat=0
split_feature=21 24 6 26 21 21
split_gain=106.094 16.348 9.07071 4.16394 1.01716 0.666503
threshold=0.39209222793579107 -4.806595802307128 3.5663200616836552 -0.79649406671524037 0.35193136334419256 1.8219149708747866
decision_type=2 2 2 2 2 2
left_child=1 -1 3 -2 -3 -4
right_child=2 4 5 -5 -6 -7
leaf_value=0.012717198629021249 0.036511998780830904 -0.035272543896748075 -0.0098238267135210416 0 0 0.0027300452571400579
leaf_weight=2.4598607670050141 27.29590869718232 27.935505338828083 1.5075059388182119 2.0440148423076598 0.57808322639902954 0.5950634357286616
leaf_count=57 475 4860 477 466 122 21
internal_value=0.000920853 -0.0295114 0.0310065 0.0343218 -0.0346947 -0.00597021
internal_weight=62.4159 30.9734 31.4425 29.3399 28.5136 2.10257
internal_count=6478 5039 1439 941 4982 498
is_linear=0
shrinkage=0.025


Tree=8
num_leaves=7
num_cat=0
split_feature=22 13 17 2 24 16
split_gain=101.501 14.4569 11.9294 3.71826 1.42458 1.06709
threshold=0.19402310997247699 2.9621075391769414 0.81952017545700084 1.6250643134117129 0.46450623869895941 1.2512559294700625
decision_type=2 2 2 2 2 2
left_child=2 -2 5 -3 -4 -1
right_child=1 3 4 -5 -6 -7
leaf_value=-0.034041177681117245 -0.011877366950499041 -0.0017661799780984606 0.012689929248009782 0.036493187058008456 -0.0048768639995393709 0
leaf_weight=27.206493822333876 2.0126981900539276 0.87203484756173821 2.3441870051901783 28.215254188224208 0.74742946564219881 0.54733044607564707
leaf_count=4990 373 167 45 597 211 84
internal_value=0.00103345 0.0306362 -0.0287493 0.035072 0.00728134 -0.0334526
internal_weight=61.9454 31.1 30.8454 29.0873 3.09162 27.7538
internal_count=6467 1137 5330 764 256 5074
is_linear=0
shrinkage=0.025


Tree=9
num_leaves=7
num_cat=0
split_feature=22 13 17 26 22 26
split_gain=92.4134 16.8234 7.07435 5.23268 1.65582 0.197578
threshold=0.14035464078187945 2.9621075391769414 0.5230606496334077 -0.88429212570190419 -0.099008269608020769 -0.3833679854869842
decision_type=2 2 2 2 2 2
left_child=2 -2 5 -3 -4 -1
right_child=1 3 4 -5 -6 -7
leaf_value=-0.034166485106813041 -0.013859018755572654 0.036289045970510463 -0.0080286996046700383 0 0.0092092226855623027 -0.0013170992882649191
leaf_weight=24.196541904937479 2.5061898396234055 25.794196453760385 1.8560958762536759 2.9061123405117497 2.0052326905424698 0.92881821037736045
leaf_count=4346 446 326 590 536 114 76
internal_value=3.43642e-05 0.0279128 -0.0294861 0.0332609 0.000363062 -0.0335797
internal_weight=60.1932 31.2065 28.9867 28.7003 3.86133 25.1254
internal_count=6434 1308 5126 862 704 4422
is_linear=0
shrinkage=0.025


Tree=10
num_leaves=7
num_cat=0
split_feature=21 24 13 26 23 25
split_gain=88.2836 11.0702 9.15712 4.12432 2.38117 0.535993
threshold=0.39209222793579107 -4.806595802307128 3.0539695024490361 -0.882708579301834 -5.2918033599853507 -4.3013892173767081
decision_type=2 2 2 2 2 2
left_child=1 -1 5 -4 -3 -2
right_child=2 4 3 -5 -6 -7
leaf_value=0.0095877792603721035 0.0017455872393203503 4.4359670853647271e-05 0.034748223252409734 0 -0.033700044516584739 -0.0099774198193542767
leaf_weight=1.952519098122141 0.68166932795429636 0.96409323852276685 23.434371516224935 2.4103330465732098 27.27112275257241 1.5649977098219121
leaf_count=51 45 109 309 590 4892 468
internal_value=-0.00107087 -0.0286496 0.0282279 0.032086 -0.0325265 -0.0068078
internal_weight=58.2791 30.1877 28.0914 25.8447 28.2352 2.24667
internal_count=6464 5052 1412 899 5001 513
is_linear=0
shrinkage=0.025


Tree=11
num_leaves=7
num_cat=0
split_feature=21 13 22 26 21 27
split_gain=87.9986 9.52652 9.4129 4.92716 0.991067 0.429015
threshold=0.31097395718097692 3.0539695024490361 0.88582694530487072 -0.79649406671524037 1.3901588916778567 0.73313146829605114
decision_type=2 2 2 2 2 2
left_child=2 4 5 -3 -2 -1
right_child=1 3 -4 -5 -6 -7
leaf_value=-0.033654532907512066 -0.01118471575809667 0.033812119787794616 0.0080462413476186136 -0.0014744215542537526 0.0035215695131831388 -0.00067922677965719536
leaf_weight=25.561316175619147 1.8354761211085162 25.448460050625734 1.7146386390086252 1.8840252753579942 0.97138944809557859 0.85151819925522332
leaf_count=4662 550 551 51 536 53 72
internal_value=-0.000229518 0.0272544 -0.0295366 0.0313346 -0.00629884 -0.0330677
internal_weight=58.2668 30.1394 28.1275 27.3325 2.80687 26.4128
internal_count=6475 1690 4785 1087 603 4734
is_linear=0
shrinkage=0.025


Tree=12
num_leaves=7
num_cat=0
split_feature=22 6 26 21 17 22
split_gain=89.3771 12.372 5.52992 3.63144 0.720077 0.138076
threshold=0.14035464078187945 4.1044580936431894 -0.84842899441719044 0.99625444412231456 1.0149448513984682 -0.084636915475130067
decision_type=2 2 2 2 2 2
left_child=3 2 -2 4 -1 -5
right_child=1 -3 -4 5 -6 -7
leaf_value=-0.032708158204788999 0.033895726447954376 -0.011556622883490993 -0.0011577180233438076 -0.0011539290221171227 0 0.0042269478597088458
leaf_weight=25.994678828225013 26.03759470733349 2.0578543728333889 2.3623502260306841 0.26651460985885933 0.52880750293843348 0.82996576698496827
leaf_count=4924 455 355 529 62 73 26
internal_value=-0.000652519 0.026777 0.031056 -0.0305599 -0.0322118 0.00202015
internal_weight=58.0778 30.4578 28.3999 27.62 26.5235 1.09648
internal_count=6424 1339 984 5085 4997 88
is_linear=0
shrinkage=0.025


Tree=13
num_leaves=7
num_cat=0
split_feature=22 17 6 2 22 21
split_gain=80.6374 10.5077 9.47719 2.95678 1.34948 1.21197
threshold=0.19402310997247699 0.81952017545700084 4.1044580936431894 1.5971395373344424 -0.099008269608020769 0.99625444412231456
decision_type=2 2 2 2 2 2
left_child=1 5 3 -2 -3 -1
right_child=2 4 -4 -5 -6 -7
leaf_value=-0.0315393850718294 -0.0014765112834225361 -0.0047159921946341096 -0.0092268397087463035 0.032806264674156212 0.012393936729458221 9.0414602798129695e-05
leaf_weight=25.891258674964782 0.85029041388771176 0.73978001793148029 1.5682662253384467 26.412573122186586 2.3274111427599555 0.34444228577194635
leaf_count=5020 174 208 289 689 48 39
internal_value=0.000613385 -0.026348 0.0280448 0.0314802 0.00712723 -0.030976
internal_weight=58.134 29.3029 28.8311 27.2629 3.06719 26.2357
internal_count=6467 5315 1152 863 256 5059
is_linear=0
shrinkage=0.025


Tree=14
num_leaves=7
num_cat=0
split_feature=21 19 13 26 23 21
split_gain=80.9985 8.29621 6.96513 4.27737 0.838033 0.433474
threshold=0.39209222793579107 0.64802446961402904 2.2276637554168706 -0.84842899441719044 -5.2918033599853507 -0.50349950790405262
decision_type=2 2 2 2 2 2
left_child=1 4 -2 -4 -1 -3
right_child=2 5 3 -5 -6 -7
leaf_value=0 -0.0076032608263714874 -0.0019428581115927225 0.032318978081731037 0 -0.031711897644057151 0.008306356160112759
leaf_weight=0.59445815149229631 1.192061068664773 0.37472283950774032 25.553781453694686 2.5209136702469541 25.675787473097444 2.0927169244969255
leaf_count=91 255 73 560 625 4773 102
internal_value=0 -0.027427 0.0271428 0.0297334 -0.0311412 0.00565419
internal_weight=58.0044 28.7377 29.2668 28.0747 26.2702 2.46744
internal_count=6479 5039 1440 1185 4864 175
is_linear=0
shrinkage=0.025


Tree=15
num_leaves=7
num_cat=0
split_feature=21 24 6 26 21 21
split_gain=75.0526 11.1603 7.66398 4.50275 0.861892 0.547908
threshold=0.39209222793579107 -4.806595802307128 3.5663200616836552 -0.84842899441719044 0.35193136334419256 1.8219149708747866
decision_type=2 2 2 2 2 2
left_child=1 -1 3 -2 -3 -4
right_child=2 4 5 -5 -6 -7
leaf_value=0.010129281992756227 0.032254575986831284 -0.030965907695782488 -0.0095169899289924524 -0.0007237883342365338 0 0.0020541059626793066
leaf_weight=2.2019983548671034 24.362228288373451 26.772662518662404 1.5253740674233989 2.1973283617408006 0.58099195518297975 0.65621596935670812
leaf_count=57 356 4887 475 578 125 24
internal_value=-0.000212226 -0.026184 0.0262328 0.0296458 -0.0304141 -0.00615928
internal_weight=58.2968 29.5557 28.7411 26.5596 27.3537 2.18159
internal_count=6502 5069 1433 934 5012 499
is_linear=0
shrinkage=0.025


Tree=16
num_leaves=7
num_cat=0
split_feature=22 17 6 22 26 27
split_gain=73.9613 11.8314 9.07928 2.69331 2.34878 0.311975
threshold=0.22387114912271502 0.5230606496334077 4.1044580936431894 -0.099008269608020769 -0.84842899441719044 0.73313146829605114
decision_type=2 2 2 2 2 2
left_child=1 5 4 -3 -2 -1
right_child=2 3 -4 -5 -6 -7
leaf_value=-0.031576326721595945 0.032320286453892275 -0.0079004304669228493 -0.0091245214677944508 0.013515150187149516 0 -0.0008283576876027672
leaf_weight=24.164548591128558 24.754058384045496 1.8979482398717662 1.569611586513928 3.2454247151035807 1.8739039591746429 0.90753953898092632
leaf_count=4605 374 589 260 143 405 74
internal_value=0.000318963 -0.0248502 0.0271582 0.00499749 0.030599 -0.030994
internal_weight=58.413 30.2155 28.1976 5.14337 26.628 25.0721
internal_count=6450 5411 1039 732 779 4679
is_linear=0
shrinkage=0.025


Tree=17
num_leaves=7
num_cat=0
split_feature=21 13 19 26 21 18
split_gain=74.7208 7.61531 3.92425 3.01411 0.767787 0.135601
threshold=0.31097395718097692 3.0539695024490361 0.64802446961402904 -0.882708579301834 1.3901588916778567 0.21006210148334506
decision_type=2 2 2 2 2 2
left_child=2 4 -1 -3 -2 -4
right_child=1 3 5 -5 -6 -7
leaf_value=-0.031261467450608933 -0.010016041777337274 0.031248307515364688 -0.0012703201125435391 0.0010508983037753436 0.0029348235621930781 0.0038614763056688422
leaf_weight=24.630385077907707 1.6781905033858522 22.343047383648816 0.8697547442279745 3.089297379890918 0.99141293141292397 0.81798544741468504
leaf_count=4578 540 362 150 681 54 17
internal_value=-0.00143319 0.024768 -0.0290975 0.0285609 -0.00561376 0.00130979
internal_weight=54.4201 28.1019 26.3181 25.4323 2.6696 1.68774
internal_count=6382 1637 4745 1043 594 167
is_linear=0
shrinkage=0.025


Tree=18
num_leaves=7
num_cat=0
split_feature=22 17 6 27 22 27
split_gain=75.2523 9.65683 8.69017 1.93699 1.78699 0.515751
threshold=0.22387114912271502 0.5706164836883546 3.7485826015472417 0.29996825754642492 -0.099008269608020769 0.73313146829605114
decision_type=2 2 2 2 2 2
left_child=1 5 3 -2 -3 -1
right_child=2 4 -4 -5 -6 -7
leaf_value=-0.030925002778721695 0.031976894538862537 -0.0064016073865440469 -0.0075809431351007601 0 0.011491743642842256 -0.00018569390893654345
leaf_weight=23.936127844150185 26.183031234599191 1.6047855520155279 1.9408510791254219 1.4108191902632814 2.7175326885189852 0.82248924707528104
leaf_count=4702 383 514 333 327 110 73
internal_value=0.001242 -0.0251101 0.027249 0.0306777 0.00430758 -0.0303166
internal_weight=58.6156 29.0809 29.5347 27.5939 4.32232 24.7586
internal_count=6442 5399 1043 710 624 4775
is_linear=0
shrinkage=0.025


Tree=19
num_leaves=7
num_cat=0
split_feature=21 24 6 27 12 8
split_gain=69.274 7.36951 5.87156 1.67015 1.24515 0.174593
threshold=0.50590544939041149 -5.1625008583068839 3.7485826015472417 0.31378410756587988 7.1882870197296151 -0.91412183642387379
decision_type=2 2 2 2 2 2
left_child=1 -1 3 -2 -3 -4
right_child=2 4 5 -5 -6 -7
leaf_value=0.0071693110486863417 0.030019143450367471 -0.029929667838677228 0.00019671079946311017 0 0.00026105342062064972 -0.0071980905455566084
leaf_weight=1.6440695530618565 22.609437227481983 26.341115017712585 0.36511933041037981 1.439086922968271 0.36935789696872134 1.1375824006390747
leaf_count=40 428 5258 16 355 16 329
internal_value=-0.00137941 -0.0262781 0.0258251 0.0286456 -0.0293398 -0.00567049
internal_weight=53.9058 28.3545 25.5512 24.0485 26.7105 1.5027
internal_count=6442 5314 1128 783 5274 345
is_linear=0
shrinkage=0.025


Tree=20
num_leaves=7
num_cat=0
split_feature=22 17 6 3 24 21
split_gain=66.8598 10.3047 8.22076 3.10934 1.17261 0.97861
threshold=0.22387114912271502 0.81952017545700084 3.9445605278015141 1.1015259623527529 0.46450623869895941 0.99625444412231456
decision_type=2 2 2 2 2 2
left_child=1 5 3 -2 -3 -1
right_child=2 4 -4 -5 -6 -7
leaf_value=-0.02924878462156999 -0.0032013766677141406 0.012398400753877723 -0.0087032358112523814 0.03064222401492921 -0.0039558019266604976 0
leaf_weight=25.260540474031593 0.50404845050071045 2.5321244681836101 1.5039764837711107 25.889322071918286 0.64717620011651877 0.3562565972097208
leaf_count=5148 181 47 298 551 201 45
internal_value=0.000727624 -0.0239274 0.0261356 0.0293899 0.00792209 -0.0287326
internal_weight=56.6934 28.7961 27.8973 26.3934 3.1793 25.6168
internal_count=6471 5441 1030 732 248 5193
is_linear=0
shrinkage=0.025


Tree=21
num_leaves=7
num_cat=0
split_feature=22 13 17 2 21 13
split_gain=60.5082 9.31661 7.23021 2.32767 1.04044 1.01455
threshold=0.19402310997247699 2.9621075391769414 0.81952017545700084 1.5971395373344424 0.99625444412231456 3.5702590942382817
decision_type=2 2 2 2 2 2
left_child=2 -2 4 -3 -1 -4
right_child=1 3 5 -5 -6 -7
leaf_value=-0.028735744633640505 -0.0090543684709883197 -0.0012144677298551883 -0.0044401394488709908 0.029548039254839998 9.5234302044353589e-05 0.010166790633623163
leaf_weight=24.670321534911643 2.1970680810045478 0.8097984660416867 0.71307565423194263 23.609881499782205 0.32769496610853721 2.0285373368533328
leaf_count=5068 383 158 196 586 38 44
internal_value=-0.000553528 0.0240583 -0.0244276 0.0282824 -0.0281966 0.00514632
internal_weight=54.3564 26.6167 27.7396 24.4197 24.998 2.74161
internal_count=6473 1127 5346 744 5106 240
is_linear=0
shrinkage=0.025


Tree=22
num_leaves=7
num_cat=0
split_feature=22 6 17 13 26 26
split_gain=59.7663 7.29735 6.60372 2.15081 1.88697 0.348699
threshold=0.22387114912271502 4.1044580936431894 0.5230606496334077 4.3941760063171396 -0.79649406671524037 -0.3833679854869842
decision_type=2 2 2 2 2 2
left_child=2 4 5 -4 -2 -1
right_child=1 -3 3 -5 -6 -7
leaf_value=-0.029413654183693811 0.029085157182856626 -0.0083428408448284891 -0.008472770790260006 0.010841391400955519 0 -0.00053559684619001048
leaf_weight=22.556284386431802 22.403964573459238 1.4706978465546843 2.0186461111297822 2.3196468036621809 1.4788277936168039 0.90174387721345084
leaf_count=4609 454 271 598 121 323 82
internal_value=-0.00097768 0.024279 -0.0243946 0.00146041 0.0276007 -0.0288123
internal_weight=53.1498 25.3535 27.7963 4.33829 23.8828 23.458
internal_count=6458 1048 5410 719 777 4691
is_linear=0
shrinkage=0.025


Tree=23
num_leaves=7
num_cat=0
split_feature=24 13 26 17 24 21
split_gain=58.0879 10.1397 4.43024 3.81832 1.8377 0.68976
threshold=-0.67914223670959462 2.9621075391769414 -0.84842899441719044 0.5230606496334077 0.19039742648601535 1.3901588916778567
decision_type=2 2 2 2 2 2
left_child=1 5 -3 -2 -5 -1
right_child=3 2 -4 4 -6 -7
leaf_value=-0.012091483687497245 -0.027955023348677395 0.029554822955736727 -0.0013231870627454965 0.0089792775237632107 -0.0094540125728426547 0.0017889198481776556
leaf_weight=2.3492115540429981 21.921973796037495 24.877480012597523 2.3318016454577402 1.8826299845241004 1.6418136612628584 0.61391077557345841
leaf_count=507 4284 458 552 78 614 30
internal_value=0.000468618 0.0224111 0.02692 -0.0247515 0 -0.00911326
internal_weight=55.6188 30.1724 27.2093 25.4464 3.52444 2.96312
internal_count=6523 1547 1010 4976 692 537
is_linear=0
shrinkage=0.025


Tree=24
num_leaves=7
num_cat=0
split_feature=21 19 13 23 26 12
split_gain=56.5113 9.02316 4.53222 2.11336 1.97844 1.27692
threshold=0.50590544939041149 0.54510602355003368 2.2276637554168706 -5.2918033599853507 -0.79649406671524037 2.612237930297852
decision_type=2 2 2 2 2 2
left_child=1 3 -2 -1 -4 -3
right_child=2 5 4 -5 -6 -7
leaf_value=0.00087881431834796605 -0.0056805612766390144 -0.0045049615897736024 0.02824597638384407 -0.028599645083293809 0 0.01208226483117854
leaf_weight=0.86518467590213433 0.91228110570227983 0.76381906616734285 22.554439515457492 24.054314666660503 1.5184134929440904 2.4590809785295278
leaf_count=107 202 152 524 4997 375 80
internal_value=-0.000211894 -0.022792 0.0245727 -0.0273915 0.0267139 0.00704214
internal_weight=53.1275 28.1424 24.9851 24.9195 24.0729 3.2229
internal_count=6437 5336 1101 5104 899 232
is_linear=0
shrinkage=0.025


Tree=25
num_leaves=7
num_cat=0
split_feature=21 19 13 26 12 21
split_gain=54.2593 6.893 6.42731 3.45707 1.32215 0.752053
threshold=0.35193136334419256 0.64802446961402904 3.0975192785263066 -0.84842899441719044 7.1882870197296151 1.3901588916778567
decision_type=2 2 2 2 2 2
left_child=1 4 5 -4 -1 -2
right_child=2 -3 3 -5 -6 -7
leaf_value=-0.028826901127136387 -0.0097665460137573989 0.0056046533853569575 0.028322917191195604 -0.00060553339092891479 0.00072463423528172199 0.0030093109542627858
leaf_weight=23.036908858804971 1.6942849840270384 2.3084016159991725 21.803766122902751 2.1649965628166639 0.30586553824832563 0.9490406255936249
leaf_count=4757 525 168 386 605 9 54
internal_value=-0.000760813 -0.0244986 0.0221781 0.0258407 -0.0281596 -0.00539393
internal_weight=52.2633 25.6512 26.6121 23.9688 23.3428 2.64333
internal_count=6504 4934 1570 991 4766 579
is_linear=0
shrinkage=0.025


Tree=26
num_leaves=7
num_cat=0
split_feature=24 17 6 24 2 27
split_gain=52.5202 7.98154 7.3331 2.08396 1.53045 0.637944
threshold=-1.2262445688247678 0.5706164836883546 4.1044580936431894 0.44932882487773901 1.5971395373344424 0.73313146829605114
decision_type=2 2 2 2 2 2
left_child=2 5 4 -3 -1 -2
right_child=1 3 -4 -5 -6 -7
leaf_value=-0.00038967489279193382 -0.028324617799193919 0.011667110003048316 -0.0086396025705368692 -0.0077077417733614553 0.027449465898433608 0
leaf_weight=0.68522624555044487 21.843895826023079 2.9078220195951863 1.5711218973156054 1.3297492448473347 23.633072889933828 0.76930463837925245
leaf_count=138 4624 112 299 505 737 71
internal_value=0 -0.0226216 0.0231301 0.00402956 0.0265192 -0.0276675
internal_weight=52.7402 26.8508 25.8894 4.23757 24.3183 22.6132
internal_count=6486 5312 1174 617 875 4695
is_linear=0
shrinkage=0.025


Tree=27
num_leaves=7
num_cat=0
split_feature=22 6 17 26 16 12
split_gain=52.7183 7.37223 4.17222 2.56241 0.957705 0.721308
threshold=0.19402310997247699 4.1044580936431894 0.81952017545700084 -0.79649406671524037 1.2512559294700625 4.0059471130371103
decision_type=2 2 2 2 2 2
left_child=2 3 4 -2 -1 -4
right_child=1 -3 5 -5 -6 -7
leaf_value=-0.026900586394183985 0.027908990600349931 -0.0087851575583150435 -0.0044699308858224636 -0.00018270203527613106 0 0.0076529008398479974
leaf_weight=22.434400178375661 23.190500307537153 1.6085279873223033 0.73759689106373061 1.6433112394879597 0.48598219751147453 1.4815945927402934
leaf_count=4922 484 294 209 375 83 40
internal_value=0 0.02274 -0.023532 0.0261215 -0.0262604 0.00245268
internal_weight=51.5819 26.4423 25.1396 24.8338 22.9204 2.21919
internal_count=6407 1153 5254 859 5005 249
is_linear=0
shrinkage=0.025


Tree=28
num_leaves=7
num_cat=0
split_feature=22 6 21 19 2 20
split_gain=51.8593 7.08299 6.16011 2.5896 2.48008 0.133714
threshold=0.19402310997247699 4.1044580936431894 0.99625444412231456 0.24930278956890109 1.5971395373344424 0.14510005712509158
decision_type=2 2 2 2 2 2
left_child=2 4 3 -1 -2 -4
right_child=1 -3 5 -5 -6 -7
leaf_value=-0.027305616611489721 -0.0027970472948191955 -0.0083733190147117411 0 0 0.027539441535446553 0.0076756114212788015
leaf_weight=21.980025865603245 0.47289446857758477 1.529715901473536 0.52679683500900809 2.1688088368973686 25.344540523714386 1.4775031569297423
leaf_count=4889 159 295 89 313 677 26
internal_value=0.00110402 0.0232845 -0.0219032 -0.0251912 0.0264173 0.00652323
internal_weight=53.5003 27.3472 26.1531 24.1488 25.8174 2.0043
internal_count=6448 1131 5317 5202 836 115
is_linear=0
shrinkage=0.025


Tree=29
num_leaves=7
num_cat=0
split_feature=21 19 13 26 23 12
split_gain=47.5898 8.77029 3.61905 2.15567 1.98624 1.23231
threshold=0.50590544939041149 0.56999501585960399 2.2276637554168706 -0.79649406671524037 -5.2918033599853507 2.612237930297852
decision_type=2 2 2 2 2 2
left_child=1 4 -2 -4 -1 -3
right_child=2 5 3 -5 -6 -7
leaf_value=0.00098010458063671393 -0.0048891762502216432 -0.0043126125595251271 0.026537024030363517 0 -0.027207344582753867 0.012019630872773081
leaf_weight=0.84674799430650338 0.81267796206521126 0.74513106798985917 21.934415022493344 1.58492029091576 22.720714006689377 2.6614369899616577
leaf_count=108 190 150 533 382 5022 85
internal_value=0 -0.0211082 0.0229857 0.0248563 -0.0259815 0.0072635
internal_weight=51.306 26.974 24.332 23.5193 23.5675 3.40657
internal_count=6470 5365 1105 915 5130 235
is_linear=0
shrinkage=0.025


Tree=30
num_leaves=7
num_cat=0
split_feature=22 6 17 13 2 26
split_gain=52.0799 7.02704 5.7443 1.93845 1.50553 0.623275
threshold=0.22387114912271502 4.1044580936431894 0.5230606496334077 3.5702590942382817 1.5971395373344424 -0.3833679854869842
decision_type=2 2 2 2 2 2
left_child=2 4 5 -4 -2 -1
right_child=1 -3 3 -5 -6 -7
leaf_value=-0.027199406577056148 -0.0003537412702779763 -0.0082669890050282475 -0.0085186955142734812 0.0099547056646309365 0.027397692418635933 0
leaf_weight=20.472930960240777 0.6809385625529164 1.5175995878525999 1.4683632457163174 2.7678601095685735 25.173557012283709 0.78280598710989835
leaf_count=4607 134 273 502 220 641 72
internal_value=0.00135082 0.0234244 -0.0221003 0.00172958 0.0265253 -0.0265125
internal_weight=52.8641 27.3721 25.492 4.23622 25.8545 21.2557
internal_count=6449 1048 5401 722 775 4679
is_linear=0
shrinkage=0.025


Tree=31
num_leaves=7
num_cat=0
split_feature=21 19 13 26 27 21
split_gain=48.0132 8.87976 5.34641 4.05005 0.775083 0.33238
threshold=0.35193136334419256 0.64802446961402904 2.2276637554168706 -0.84842899441719044 0.73313146829605114 -0.15986076742410657
decision_type=2 2 2 2 2 2
left_child=1 4 -2 -4 -1 -3
right_child=2 5 3 -5 -6 -7
leaf_value=-0.027114530995867383 -0.0070425601570133266 -0.00038920821104428534 0.027326390142437464 -0.0016700233965481503 0 0.0099743357575088967
leaf_weight=20.963744799548302 1.2145555273746165 0.67510939767817069 24.678992665198169 2.288892993994522 0.70769296342041244 2.2761139473877838
leaf_count=4662 272 102 592 663 64 56
internal_value=0.00176946 -0.0214041 0.0223787 0.0247935 -0.0264107 0.00806362
internal_weight=52.8051 24.6227 28.1824 26.9679 21.6714 2.95122
internal_count=6411 4884 1527 1255 4726 158
is_linear=0
shrinkage=0.025


Tree=32
num_leaves=7
num_cat=0
split_feature=24 17 13 24 3 27
split_gain=43.4443 8.49358 6.27333 2.17054 1.70185 0.487447
threshold=-1.2262445688247678 0.5706164836883546 2.9621075391769414 0.46450623869895941 1.1015259623527529 0.73313146829605114
decision_type=2 2 2 2 2 2
left_child=2 5 -1 -3 -4 -2
right_child=1 3 4 -5 -6 -7
leaf_value=-0.0061672425239242389 -0.026753184125903551 0.01230756934466185 -0.00078609223445791636 -0.0074364258855611799 0.026623038173765642 0
leaf_weight=2.2081621829420355 20.219132776896011 3.3403323355596504 0.73414215882076206 1.2968973711249416 22.063543859578203 0.83214500336907704
leaf_count=402 4638 115 176 483 588 79
internal_value=0.000515368 -0.0203366 0.0219641 0.00514389 0.0255329 -0.0260994
internal_weight=50.6944 25.6885 25.0058 4.63723 22.7977 21.0513
internal_count=6481 5315 1166 598 764 4717
is_linear=0
shrinkage=0.025


Tree=33
num_leaves=7
num_cat=0
split_feature=21 19 13 2 12 12
split_gain=41.572 7.52558 4.52498 2.95119 1.17246 0.844859
threshold=0.39209222793579107 0.64802446961402904 3.0539695024490361 1.5971395373344424 7.1882870197296151 2.4626867771148686
decision_type=2 2 2 2 2 2
left_child=1 4 -2 -4 -1 -3
right_child=2 5 3 -5 -6 -7
leaf_value=-0.026931463475483891 -0.0041101145954601645 -0.0032732573126727457 -0.0039996986010229418 0.025069485857216401 0.00057919572972070065 0.01067789770910002
leaf_weight=21.128146782983102 2.3325476216268752 0.58534810331184361 0.61606104508973913 21.40984270744957 0.33177576790330832 2.1529106211382896
leaf_count=4840 504 112 185 703 13 56
internal_value=-0.000616251 -0.0217902 0.0203342 0.0234356 -0.0262409 0.00669993
internal_weight=48.5566 24.1982 24.3585 22.0259 21.4599 2.73826
internal_count=6413 5021 1392 888 4853 168
is_linear=0
shrinkage=0.025


Tree=34
num_leaves=7
num_cat=0
split_feature=21 24 13 26 5 11
split_gain=42.6363 9.10667 4.07383 2.4688 1.04549 0.126477
threshold=0.50590544939041149 -3.8570704460144039 2.2276637554168706 -0.88429212570190419 -0.20011815428733823 2.4827431440353398
decision_type=2 2 2 2 2 2
left_child=1 5 -2 -4 -3 -1
right_child=2 4 3 -5 -6 -7
leaf_value=0 -0.0056684270448566802 -2.7326694297891015e-06 0.026328957820992618 0 -0.026186799260955174 0.01040553826413553
leaf_weight=0.47388914268231319 0.94895234075375157 1.4879534839419708 21.350390954641632 2.2289448088267774 21.160048640507735 2.2506397616234608
leaf_count=56 201 164 393 529 5071 43
internal_value=0.000617438 -0.020124 0.022059 0.0241901 -0.0250042 0.0095603
internal_weight=49.9008 25.3725 24.5283 23.5793 22.648 2.72453
internal_count=6457 5334 1123 922 5235 99
is_linear=0
shrinkage=0.025


Tree=35
num_leaves=7
num_cat=0
split_feature=22 13 3 27 0 17
split_gain=39.714 9.75114 7.12767 0.632002 0.350175 0.132865
threshold=0.035996479913592346 3.0539695024490361 1.6902424097061159 0.73313146829605114 3.5871379375457768 1.1804888844490053
decision_type=2 2 2 2 2 2
left_child=3 4 -3 5 -2 -1
right_child=1 2 -4 -5 -6 -7
leaf_value=-0.025676454243195632 0.00013164014717361721 -0.0072039116454685808 0.025743039172194518 0 -0.012825461580882578 0
leaf_weight=17.612153250142008 0.34268960892223121 2.2548108963528675 24.444904598873109 0.73401331878267129 2.7256674208911136 0.57616355182835732
leaf_count=4463 30 531 710 72 609 70
internal_value=0.000136445 0.017289 0.0220661 -0.0245599 -0.0114189 -0.0252847
internal_weight=48.6904 29.7681 26.6997 18.9223 3.06836 18.1883
internal_count=6485 1880 1241 4605 639 4533
is_linear=0
shrinkage=0.025


Tree=36
num_leaves=7
num_cat=0
split_feature=21 22 13 26 12 21
split_gain=41.8165 6.29609 4.09342 1.26341 1.05648 0.403573
threshold=0.50590544939041149 0.75381013751029979 3.0975192785263066 -0.79649406671524037 7.1882870197296151 1.8219149708747866
decision_type=2 2 2 2 2 2
left_child=1 4 5 -4 -1 -2
right_child=2 -3 3 -5 -6 -7
leaf_value=-0.026043402286276801 -0.0073910721569086513 0.0064535757961443263 0.025174967595963039 0 0.00036805894938790054 0.0021396862966475672
leaf_weight=21.638504785776611 1.225565328903033 2.128226503613404 19.661100274417553 1.3830202884273592 0.35784659517230366 0.58913101442158211
leaf_count=5254 371 105 391 337 16 20
internal_value=-0.000757919 -0.0217439 0.0210933 0.0238706 -0.0253936 -0.0040801
internal_weight=46.9834 24.1246 22.8588 21.0441 21.9964 1.8147
internal_count=6494 5375 1119 728 5270 391
is_linear=0
shrinkage=0.025


Tree=37
num_leaves=7
num_cat=0
split_feature=21 19 6 26 12 12
split_gain=40.8515 6.03923 4.68148 2.53866 1.08216 0.545452
threshold=0.39209222793579107 0.69521480798721325 3.7696975469589238 -0.79649406671524037 7.1882870197296151 2.4626867771148686
decision_type=2 2 2 2 2 2
left_child=1 4 3 -2 -1 -3
right_child=2 5 -4 -5 -6 -7
leaf_value=-0.026101098454920098 0.025013091046300503 -0.0024282684422826531 -0.0050312154008558523 -0.00093121810375348393 0.00043129726726064344 0.0089299351618548472
leaf_weight=20.362889594689484 21.841571103781469 0.4556196581688704 2.0303403604193582 1.6973688583821047 0.35355073696700756 1.8691716372850349
leaf_count=4903 502 94 457 469 15 44
internal_value=0.000106062 -0.0215877 0.0201929 0.0230879 -0.0254094 0.00571259
internal_weight=48.6105 23.0412 25.5693 23.5389 20.7164 2.32479
internal_count=6484 5056 1428 971 4918 138
is_linear=0
shrinkage=0.025


Tree=38
num_leaves=7
num_cat=0
split_feature=21 19 13 3 5 13
split_gain=37.286 7.49682 4.19981 1.42913 1.14074 1.09155
threshold=0.50590544939041149 0.56999501585960399 3.0539695024490361 1.1015259623527529 -0.20011815428733823 2.9621075391769414
decision_type=2 2 2 2 2 2
left_child=1 4 -2 -4 -1 -3
right_child=2 5 3 -5 -6 -7
leaf_value=0 -0.0044531691482143088 -0.0040825161013262083 -0.00096322006475559128 0.024472437085065534 -0.025792940272219095 0.011239257632404388
leaf_weight=1.4450743364286669 1.8029940402484523 0.73650714516406823 0.57517561363056557 20.645884543308057 19.578158299031202 2.5701838878449053
leaf_count=168 375 155 154 576 4927 82
internal_value=0 -0.0196478 0.020677 0.0234925 -0.024514 0.00667099
internal_weight=47.354 24.3299 23.0241 21.2211 21.0232 3.30669
internal_count=6437 5332 1105 730 5095 237
is_linear=0
shrinkage=0.025


Tree=39
num_leaves=7
num_cat=0
split_feature=22 13 27 8 27 22
split_gain=32.2029 8.16915 6.88562 0.731199 0.662086 0.335235
threshold=0.035996479913592346 2.9621075391769414 0.25904685258865362 -0.91412183642387379 0.73313146829605114 1.7610003948211672
decision_type=2 2 2 2 2 2
left_child=3 5 -3 -1 -5 -2
right_child=1 2 -4 4 -6 -7
leaf_value=0 -0.012194056836621109 0.024702961374147538 -0.0063792942857353475 -0.024495606618405334 0 0.00026571380482888588
leaf_weight=0.44531306391582148 2.6330710544716598 20.769666409760251 2.882620067568495 17.477422534895599 0.70616882748436083 0.25029329297831271
leaf_count=35 580 502 748 4526 71 4
internal_value=-0.00102419 0.0154862 0.0202445 -0.0231072 -0.0237468 -0.0108371
internal_weight=45.1646 26.5357 23.6523 18.6289 18.1836 2.88336
internal_count=6466 1834 1250 4632 4597 584
is_linear=0
shrinkage=0.025


Tree=40
num_leaves=7
num_cat=0
split_feature=22 6 17 26 13 21
split_gain=33.8537 5.98256 5.55239 1.38754 0.754452 0.624922
threshold=0.22387114912271502 3.9445605278015141 0.81952017545700084 -0.89646250009536732 3.5702590942382817 0.99625444412231456
decision_type=2 2 2 2 2 2
left_child=2 3 5 -2 -4 -1
right_child=1 -3 4 -5 -6 -7
leaf_value=-0.024304199696250306 0.024796969631805558 -0.0083335125320491282 -0.0035158774414828491 0.00035169742808076581 0.0092435251131544119 0
leaf_weight=20.03357093670639 18.092421676556118 1.581797761551569 0.60950845450861324 2.2624974765931283 2.072491362458095 0.35018987418152292
leaf_count=5122 264 310 191 475 52 43
internal_value=-0.000645711 0.0193166 -0.0199127 0.0229315 0.00512919 -0.0238151
internal_weight=45.0025 21.9367 23.0658 20.3549 2.682 20.3838
internal_count=6457 1049 5408 739 243 5165
is_linear=0
shrinkage=0.025


Tree=41
num_leaves=7
num_cat=0
split_feature=22 17 13 26 24 27
split_gain=32.3459 8.16119 5.76182 1.86376 0.958409 0.590784
threshold=0.24999976903200152 0.81952017545700084 3.0539695024490361 -0.84842899441719044 0.46450623869895941 0.73313146829605114
decision_type=2 2 2 2 2 2
left_child=1 5 -2 -4 -3 -1
right_child=2 4 3 -5 -6 -7
leaf_value=-0.025037890841706351 -0.0081021729079486186 0.011544786267323999 0.02465488526903932 -0.00074274710278461099 -0.0033627801807094371 0
leaf_weight=19.509375380206627 1.492974897846582 2.7349091035430315 18.335654342954516 1.1352616483345617 0.59599082107888524 0.77122224128106509
leaf_count=5193 329 48 295 344 190 78
internal_value=-0.000671813 -0.0190563 0.019476 0.0230695 0.00770983 -0.024355
internal_weight=44.5754 23.6115 20.9639 19.4709 3.3309 20.2806
internal_count=6477 5509 968 639 238 5271
is_linear=0
shrinkage=0.025


Tree=42
num_leaves=7
num_cat=0
split_feature=21 19 6 27 21 21
split_gain=34.841 5.29282 4.70514 2.7669 0.509383 0.438566
threshold=0.31097395718097692 0.64802446961402904 3.7485826015472417 0.25904685258865362 -0.15986076742410657 1.8219149708747866
decision_type=2 2 2 2 2 2
left_child=1 -1 3 -2 -3 -4
right_child=2 4 5 -5 -6 -7
leaf_value=-0.024881360373523093 0.024345578784546223 -0.0026735769249499053 -0.0084485125571347169 -0.00029804540438067514 0.0078772228111669718 0.0017905869007924483
leaf_weight=18.582727841654563 19.947036833385944 0.51179213367868248 1.5605886842822649 2.5182918786304063 1.9912893173168402 0.63664451410295431
leaf_count=4614 454 109 503 679 56 22
internal_value=1.65589e-05 -0.0209476 0.0186607 0.0218042 0.0045429 -0.00543046
internal_weight=45.7484 21.0858 24.6626 22.4653 2.50308 2.19723
internal_count=6437 4779 1658 1133 165 525
is_linear=0
shrinkage=0.025


Tree=43
num_leaves=7
num_cat=0
split_feature=22 6 17 26 16 13
split_gain=32.8582 5.27795 3.7565 2.18345 0.972762 0.604468
threshold=0.19402310997247699 4.1044580936431894 0.81952017545700084 -0.88429212570190419 1.2512559294700625 3.5702590942382817
decision_type=2 2 2 2 2 2
left_child=2 3 4 -2 -1 -4
right_child=1 -3 5 -5 -6 -7
leaf_value=-0.024988666381511208 0.023927306454337823 -0.0078835202440174328 -0.0039512978704387023 0 7.8671196692656838e-05 0.0071173996615582413
leaf_weight=18.447811442107202 17.941421005874876 1.5360435202601355 0.68555858219042365 2.4638452236540642 0.46117328212130715 1.6212161672301588
leaf_count=4979 339 296 205 505 79 43
internal_value=-0.00123132 0.0181521 -0.0211548 0.0215239 -0.0242273 0.00251965
internal_weight=43.1571 21.9413 21.2158 20.4053 18.909 2.30677
internal_count=6446 1140 5306 844 5058 248
is_linear=0
shrinkage=0.025


Tree=44
num_leaves=7
num_cat=0
split_feature=21 19 6 26 27 5
split_gain=29.2059 6.40386 4.7058 3.05889 0.745068 0.706214
threshold=0.35193136334419256 0.64802446961402904 3.3475118875503544 -0.882708579301834 0.73313146829605114 4.7542691230773935
decision_type=2 2 2 2 2 2
left_child=1 4 3 -2 -1 -3
right_child=2 5 -4 -5 -6 -7
leaf_value=-0.024277391656336588 0.024323072825456139 0.0099231670985973405 -0.0051860689678862567 -0.0010495464658215167 0 -0.0028638396167494353
leaf_weight=17.546557850262623 18.244374504953164 2.346319984295405 2.4847479891031972 2.4123750890139481 0.68565608805511047 0.53506564861163486
leaf_count=4644 288 71 614 650 67 102
internal_value=0.00022872 -0.0187168 0.0179905 0.0214893 -0.0234937 0.00644521
internal_weight=44.2551 21.1136 23.1415 20.6567 18.2322 2.88139
internal_count=6436 4884 1552 938 4711 173
is_linear=0
shrinkage=0.025


Tree=45
num_leaves=7
num_cat=0
split_feature=21 13 24 26 17 21
split_gain=31.3973 4.30052 4.03503 2.11146 0.729267 0.555924
threshold=0.35193136334419256 3.0539695024490361 -5.1625008583068839 -0.79649406671524037 0.81952017545700084 1.3901588916778567
decision_type=2 2 2 2 2 2
left_child=2 5 -1 -3 -4 -2
right_child=1 3 4 -5 -6 -7
leaf_value=0.0050673860334433732 -0.0083741346277295629 0.023272370572571321 -0.023512645993954098 -0.00067232700582312184 0 0.0025480340637697003
leaf_weight=1.4889321356895404 1.5530915584531642 19.809697901131592 18.256805093202278 1.6811824793112418 0.46870828937971865 0.92048239067662496
leaf_count=44 494 511 4802 487 57 49
internal_value=0.000351691 0.0181895 -0.0199609 0.0213899 -0.0228629 -0.00448793
internal_weight=44.1789 23.9645 20.2144 21.4909 18.7255 2.47357
internal_count=6444 1541 4903 998 4859 543
is_linear=0
shrinkage=0.025


Tree=46
num_leaves=7
num_cat=0
split_feature=22 17 13 22 2 0
split_gain=30.4122 5.41225 5.18104 1.47122 1.02124 0.254016
threshold=0.22387114912271502 0.5230606496334077 3.0539695024490361 -0.099008269608020769 1.5971395373344424 3.6629362106323247
decision_type=2 2 2 2 2 2
left_child=1 -1 5 -3 -4 -2
right_child=2 3 4 -5 -6 -7
leaf_value=-0.024050936283727582 0.00060963331481736754 -0.006410320375779913 -7.1331096513521417e-05 0.0096067186586179399 0.02331154389948363 -0.0083350976082020422
leaf_weight=16.919081512081906 0.27557130251080053 1.6922214980004353 0.63790728629101323 2.6895820792997247 19.331028738408349 1.5920196698862126
leaf_count=4623 11 598 130 132 536 359
internal_value=0.000132135 -0.0188664 0.0189597 0.00263514 0.0224496 -0.00662226
internal_weight=43.1374 21.3009 21.8365 4.3818 19.9689 1.86759
internal_count=6389 5353 1036 730 666 370
is_linear=0
shrinkage=0.025


Tree=47
num_leaves=7
num_cat=0
split_feature=21 19 5 26 5 5
split_gain=28.0787 5.89153 3.39249 2.1755 1.28631 1.02049
threshold=0.48489856719970709 0.54510602355003368 4.016282558441163 -0.79649406671524037 -0.20011815428733823 4.0875132083892831
decision_type=2 2 2 2 2 2
left_child=1 4 3 -2 -1 -3
right_child=2 5 -4 -5 -6 -7
leaf_value=0 0.022890057083104813 0.010335010581456146 -0.0055466720086879452 -0.0016189246588068119 -0.024033309804380943 -0.0042371194025967573
leaf_weight=1.2776856177079086 18.307208222278863 2.4283517044968899 0.95782448817044397 1.2917068919632608 17.237648537469795 0.7669602510286494
leaf_count=143 539 64 215 399 4912 180
internal_value=0 -0.0179617 0.0186945 0.0210199 -0.022628 0.00562356
internal_weight=42.2674 21.7106 20.5567 19.5989 18.5153 3.19531
internal_count=6452 5299 1153 938 5055 244
is_linear=0
shrinkage=0.025


Tree=48
num_leaves=7
num_cat=0
split_feature=21 19 26 13 24 27
split_gain=27.3527 5.35961 5.34877 3.06808 0.684942 0.65864
threshold=0.35193136334419256 0.64802446961402904 -0.882708579301834 2.2276637554168706 -3.6482713222503658 0.73313146829605114
decision_type=2 2 2 2 2 2
left_child=1 5 3 -2 -4 -1
right_child=2 -3 4 -5 -6 -7
leaf_value=-0.023639651700552624 -0.0043577379284068084 0.0055106061462197372 0.0024009950064520016 0.02327381117140126 -0.010235890778751262 0
leaf_weight=16.961577187554219 0.81001924281009152 2.6290506584919049 0.86932757968316154 19.364232908090344 1.6790553830214738 0.73289587895851482
leaf_count=4699 208 171 112 533 712 74
internal_value=9.19439e-05 -0.0185811 0.0173579 0.0212709 -0.00636214 -0.0228615
internal_weight=43.0462 20.3235 22.7226 20.1743 2.54838 17.6945
internal_count=6509 4944 1565 741 824 4773
is_linear=0
shrinkage=0.025


Tree=49
num_leaves=7
num_cat=0
split_feature=22 17 13 26 24 27
split_gain=29.2626 4.54741 3.93558 1.86585 1.7466 0.682458
threshold=0.22387114912271502 0.5230606496334077 2.9621075391769414 -0.79433768987655629 0.19039742648601535 0.73313146829605114
decision_type=2 2 2 2 2 2
left_child=1 5 -2 -4 -3 -1
right_child=2 4 3 -5 -6 -7
leaf_value=-0.023444891113678007 -0.0043969831292283781 0.0099360448246769983 0.023718996757606223 -0.0009231753908865841 -0.0076649802691329469 0
leaf_weight=16.195559585466988 1.91205027967226 2.7058379772934122 18.785033457330432 1.1683493011514645 1.4450918961374553 0.70065652782795851
leaf_count=4601 339 121 385 329 599 71
internal_value=0.000850345 -0.0179896 0.0191908 0.0221298 0.00228546 -0.0226405
internal_weight=42.9126 21.0471 21.8654 19.9534 4.15093 16.8962
internal_count=6445 5392 1053 714 720 4672
is_linear=0
shrinkage=0.025


Tree=50
num_leaves=7
num_cat=0
split_feature=21 13 19 26 27 5
split_gain=26.868 4.8883 3.85536 1.93931 0.757747 0.448829
threshold=0.31097395718097692 3.0539695024490361 0.64802446961402904 -0.84842899441719044 0.73313146829605114 4.7542691230773935
decision_type=2 2 2 2 2 2
left_child=2 -2 4 -3 -1 -4
right_child=1 3 5 -5 -6 -7
leaf_value=-0.023165717834025996 -0.006298295794529645 0.022924714523999377 0.0072589124125365155 0 0 -0.0026056890847553226
leaf_weight=16.15341673759395 2.2765583088912562 18.224720927857568 1.640533885569311 2.6419063865905583 0.65609649516409163 0.50293978274567042
leaf_count=4555 590 437 61 638 67 96
internal_value=0.000460914 0.0170975 -0.0189213 0.0206157 -0.0223336 0.00386564
internal_weight=42.0962 23.1432 18.953 20.8666 16.8095 2.14347
internal_count=6444 1665 4779 1075 4622 157
is_linear=0
shrinkage=0.025


Tree=51
num_leaves=7
num_cat=0
split_feature=22 6 17 2 16 13
split_gain=25.6679 5.50619 4.37469 2.20912 0.832762 0.621706
threshold=0.19402310997247699 3.5663200616836552 0.81952017545700084 1.5971395373344424 1.2512559294700625 3.5702590942382817
decision_type=2 2 2 2 2 2
left_child=2 3 4 -2 -1 -4
right_child=1 -3 5 -5 -6 -7
leaf_value=-0.022597753146277103 -0.0031924922157039412 -0.0075695443652356535 -0.003235019496329393 0.022823730931669707 8.6056061596004899e-05 0.008276176391943911
leaf_weight=16.70509423621116 0.54694342560833931 1.9939291013870377 0.5836634049774142 18.866756868141238 0.44967529794666816 1.9804147042450493
leaf_count=4962 173 410 192 545 88 50
internal_value=0.000244318 0.017479 -0.0179644 0.0213311 -0.0218358 0.00442326
internal_weight=41.1265 21.4076 19.7188 19.4137 17.1548 2.56408
internal_count=6420 1128 5292 718 5050 242
is_linear=0
shrinkage=0.025


Tree=52
num_leaves=7
num_cat=0
split_feature=21 24 13 27 17 13
split_gain=24.2924 4.82107 2.80845 2.2126 1.66177 0.073281
threshold=0.48489856719970709 -3.8570704460144039 2.2276637554168706 0.31378410756587988 0.5706164836883546 3.0975192785263066
decision_type=2 2 2 2 2 2
left_child=1 5 -2 -4 -3 -1
right_child=2 4 3 -5 -6 -7
leaf_value=0 -0.0048913296950016116 -0.022459605384022405 0.021697511422034767 -0.0020215716487356808 0.00040922936983416231 0.0071109708632140049
leaf_weight=0.47571211471222641 0.87876520270947622 16.987052429845793 17.987894077523382 1.327264011139049 1.4054263538564544 1.6903750041965393
leaf_count=61 208 4885 575 394 341 42
internal_value=0.000121702 -0.0169382 0.0176524 0.01973 -0.020731 0.00638888
internal_weight=40.7525 20.5586 20.1939 19.3152 18.3925 2.16609
internal_count=6506 5329 1177 969 5226 103
is_linear=0
shrinkage=0.025


Tree=53
num_leaves=7
num_cat=0
split_feature=21 26 12 24 17 24
split_gain=22.5357 5.19787 2.99893 2.05496 0.763437 0.492098
threshold=0.31097395718097692 -0.882708579301834 2.8871618509292607 -4.806595802307128 0.81952017545700084 -3.6482713222503658
decision_type=2 2 2 2 2 2
left_child=3 2 -2 -1 -5 -3
right_child=1 5 -4 4 -6 -7
leaf_value=0.0023735754982927974 -0.004661717257648113 0.001286451302296822 0.021721537462670137 -0.021850607034870746 9.2666134114467019e-05 -0.010160218310408618
leaf_weight=1.0347253375221068 0.86307953018695727 0.80101938330335842 17.107042924879352 15.977723272313597 0.40521302277920845 1.7328614514262843
leaf_count=45 224 114 558 4655 46 767
internal_value=-0.000911635 0.015122 0.0194434 -0.0192282 -0.0211208 -0.00725982
internal_weight=37.9217 20.504 17.9701 17.4177 16.3829 2.53388
internal_count=6409 1663 782 4746 4701 881
is_linear=0
shrinkage=0.025


Tree=54
num_leaves=7
num_cat=0
split_feature=21 22 19 26 14 26
split_gain=25.4869 4.28553 3.0527 1.60788 0.266342 0.161261
threshold=0.31097395718097692 0.035996479913592346 0.64802446961402904 -0.88100662827491749 0.36401431262493139 -1.0021339654922483
decision_type=2 2 2 2 2 2
left_child=2 5 -1 -3 -4 -2
right_child=1 3 4 -5 -6 -7
leaf_value=-0.022614785751606893 0 0.022033994256888918 -0.0020365686507420573 0 0.0054015992391660463 -0.0074258862163963657
leaf_weight=15.485765542834999 0.67638532718410749 17.135863496339887 0.43729604256804933 2.7661926712025844 1.4832377531565724 1.3881450453773165
leaf_count=4588 119 402 91 538 66 625
internal_value=0 0.01647 -0.0196076 0.0197791 0.00255709 -0.00596635
internal_weight=39.3729 21.9666 17.4063 19.9021 1.92053 2.06453
internal_count=6429 1684 4745 940 157 744
is_linear=0
shrinkage=0.025


Tree=55
num_leaves=7
num_cat=0
split_feature=22 6 17 2 27 6
split_gain=25.2432 4.14951 3.43717 0.993453 0.709818 0.550149
threshold=0.22387114912271502 4.1044580936431894 0.81952017545700084 1.5971395373344424 0.73313146829605114 3.2778618335723881
decision_type=2 2 2 2 2 2
left_child=2 3 4 -2 -1 -4
right_child=1 -3 5 -5 -6 -7
leaf_value=-0.022983059473971321 -0.00028562024250878155 -0.0066895169904308523 0.0070283651379556182 0.021405894363672313 0 -0.0035582783162194029
leaf_weight=15.39978953104583 0.66424802585971221 1.3221944523975242 1.7181896990514354 17.838389815966366 0.68079692358151156 0.63823246664833266
leaf_count=5014 130 278 68 633 78 175
internal_value=-1.90274e-05 0.0174207 -0.0187541 0.0204661 -0.0221386 0.0028418
internal_weight=38.2618 19.8248 18.437 18.5026 16.0806 2.35642
internal_count=6376 1041 5335 763 5092 243
is_linear=0
shrinkage=0.025


Tree=56
num_leaves=7
num_cat=0
split_feature=24 6 17 26 23 24
split_gain=20.7213 4.8708 2.96407 2.52945 0.842071 0.423702
threshold=-0.59423375129699696 3.3475118875503544 0.81952017545700084 -0.88429212570190419 -5.2918033599853507 0.37417213618755346
decision_type=2 2 2 2 2 2
left_child=1 3 4 -1 -2 -4
right_child=2 -3 5 -5 -6 -7
leaf_value=0.021685456692790123 0.00023409201776406841 -0.0066110679679155689 0.0066404322274996007 -0.00068607891992541711 -0.022188332745654377 -0.0028255609357367602
leaf_weight=16.119039552344482 0.41950757082668211 2.832500275457277 1.3567707752808917 2.7360902361106119 14.535796277079498 0.54235011734999705
leaf_count=306 63 673 21 636 4630 194
internal_value=-0.000109305 0.0145531 -0.0182753 0.0187137 -0.0213451 0.00294262
internal_weight=38.5421 21.6876 16.8544 18.8551 14.9553 1.89912
internal_count=6523 1615 4908 942 4693 215
is_linear=0
shrinkage=0.025


Tree=57
num_leaves=7
num_cat=0
split_feature=21 6 27 22 27 7
split_gain=20.218 5.46762 3.32403 2.5246 0.789944 0.236602
threshold=0.223491445183754 3.3157039880752568 0.22511600703001025 0.88582694530487072 0.73313146829605114 -1.0743680000305174
decision_type=2 2 2 2 2 2
left_child=3 2 -2 4 -1 -3
right_child=1 5 -4 -5 -6 -7
leaf_value=-0.021999398764512984 0.021998928784784686 0.00011274565207692547 -0.0019993383557487415 0.0031676287977837588 0 -0.0094833645618488741
leaf_weight=14.338138782943133 16.173367816343678 0.34879356418969143 2.8489703747036392 1.2315730972331937 0.61736141849542114 2.2758837389701503
leaf_count=4347 339 29 861 48 62 798
internal_value=-0.00030164 0.0140898 0.0184765 -0.0186256 -0.0210775 -0.00815075
internal_weight=37.8341 21.647 19.0223 16.1871 14.9555 2.62468
internal_count=6484 2027 1200 4457 4409 827
is_linear=0
shrinkage=0.025


Tree=58
num_leaves=7
num_cat=0
split_feature=24 13 21 19 26 4
split_gain=18.2967 4.21855 3.22942 1.91308 1.1995 0.275031
threshold=-1.2262445688247678 2.9621075391769414 0.99625444412231456 0.24930278956890109 -0.84842899441719044 3.0720605850219731
decision_type=2 2 2 2 2 2
left_child=1 -1 3 -2 -3 -4
right_child=2 4 5 -5 -6 -7
leaf_value=-0.0074101403316255421 -0.021537094283431157 0.020738603128315797 0.0068358677322149161 4.1224761883208835e-05 0 -0.0013400227909325787
leaf_weight=1.4406230644381164 15.086333116429165 14.219978554756381 1.5161224214825768 2.2647523306077337 1.4413997915107728 0.31773579592118029
leaf_count=394 4920 353 19 372 392 70
internal_value=-0.00102391 0.0153882 -0.0160693 -0.0190618 0.0190736 0.00456074
internal_weight=36.2869 17.102 19.1849 17.3511 15.6614 1.83386
internal_count=6520 1139 5381 5292 745 89
is_linear=0
shrinkage=0.025


Tree=59
num_leaves=7
num_cat=0
split_feature=22 26 6 17 6 24
split_gain=19.0462 5.62235 4.77987 1.20464 0.7654 0.740568
threshold=0.035996479913592346 -0.882708579301834 4.1044580936431894 1.0149448513984682 0.10868825763463975 -3.6482713222503658
decision_type=2 2 2 2 2 2
left_child=3 2 -2 4 -1 -3
right_child=1 5 -4 -5 -6 -7
leaf_value=0 0.021766212022517724 0.0022057440551909767 -0.007048589541491096 0.00037228247253836454 -0.021467908960719817 -0.010643701897767515
leaf_weight=0.64245027414290135 17.384648739272968 1.1151938544935576 1.4808280838478811 1.0756715609459195 12.944451752933672 2.6936527671350596
leaf_count=101 488 151 358 108 4433 837
internal_value=0 0.0132577 0.0182397 -0.0189215 -0.0204745 -0.00705545
internal_weight=37.3369 22.6743 18.8655 14.6626 13.5869 3.80885
internal_count=6476 1834 846 4642 4534 988
is_linear=0
shrinkage=0.025


Tree=60
num_leaves=7
num_cat=0
split_feature=21 19 5 10 3 12
split_gain=19.8468 7.51952 2.24068 0.882627 0.783227 0.370981
threshold=0.87791091203689586 0.24930278956890109 4.1435849666595468 0.57333385944366466 -0.2007501348853111 2.8871618509292607
decision_type=2 2 2 2 2 2
left_child=1 4 -3 -2 -1 -5
right_child=3 2 -4 5 -6 -7
leaf_value=0 -0.00022940249773105377 0.012162669284857784 -0.0069655139502407875 0 -0.022829686235506977 0.020771646286452165
leaf_weight=1.4424444961186953 0.63693292369134624 4.5946293537272132 1.8024287180742247 0.10504424682585423 14.254487563535806 13.524029259424422
leaf_count=185 60 312 417 41 5047 376
internal_value=0 -0.0138471 0.00553335 0.0193441 -0.021476 0.0204103
internal_weight=36.36 22.094 6.39706 14.266 15.6969 13.6291
internal_count=6438 5961 729 477 5232 417
is_linear=0
shrinkage=0.025


Tree=61
num_leaves=7
num_cat=0
split_feature=22 17 6 3 24 27
split_gain=18.7952 4.11397 3.39681 1.28817 1.26326 0.728249
threshold=0.22387114912271502 0.5230606496334077 4.1044580936431894 1.1769916415214541 0.44932882487773901 0.73313146829605114
decision_type=2 2 2 2 2 2
left_child=1 5 3 -2 -3 -1
right_child=2 4 -4 -5 -6 -7
leaf_value=-0.021412298504576252 -0.0010972229165162643 0.0089205325211138536 -0.0059163008902112886 0.020533102930487948 -0.0061337218428381135 0
leaf_weight=13.3755261626211 0.75401118185255356 2.9613193096593013 1.1887384271540202 16.310534470976563 1.2097145874286068 0.62833472236525345
leaf_count=4583 194 155 265 580 572 72
internal_value=0.000474313 -0.015372 0.016434 0.019262 0.00290922 -0.0204787
internal_weight=36.4282 18.1749 18.2533 17.0645 4.17103 14.0039
internal_count=6421 5382 1039 774 727 4655
is_linear=0
shrinkage=0.025


Tree=62
num_leaves=6
num_cat=0
split_feature=21 13 26 24 21
split_gain=21.279 4.24166 2.48414 2.06627 0.415078
threshold=0.223491445183754 3.0539695024490361 -0.882708579301834 -4.806595802307128 1.8219149708747866
decision_type=2 2 2 2 2
left_child=3 4 -3 -1 -2
right_child=1 2 -4 -5 -6
leaf_value=0.0024034741671558313 -0.0087561105455416944 0.021532634113290348 0 -0.021443881871772319 0.0014550207996346948
leaf_weight=1.0024079661816347 1.8066108867933537 16.502144010533819 3.3646364622982174 13.546160269819664 0.62750118895201001
leaf_count=42 697 446 883 4385 25
internal_value=0.000545053 0.0148744 0.0183979 -0.0192866 -0.00607488
internal_weight=36.8495 22.3009 19.8668 14.5486 2.43411
internal_count=6478 2051 1329 4427 722
is_linear=0
shrinkage=0.025


Tree=63
num_leaves=5
num_cat=0
split_feature=22 13 2 21
split_gain=18.9334 6.45086 3.18976 1.20047
threshold=0.035996479913592346 3.0975192785263066 1.5971395373344424 1.3035746216773989
decision_type=2 2 2 2
left_child=3 -2 -3 -1
right_child=1 2 -4 -5
leaf_value=-0.021333450604832504 -0.010805568449781573 -0.0044318915405851143 0.020236540766702723 0.0010254330078187993
leaf_weight=12.83434856892563 2.4068861161067643 1.5124605743330928 18.194962714216672 0.58416707988362837
leaf_count=4597 635 361 825 35
internal_value=-0.000351674 0.0128341 0.0175766 -0.0200066
internal_weight=35.5328 22.1143 19.7074 13.4185
internal_count=6453 1821 1186 4632
is_linear=0
shrinkage=0.025


Tree=64
num_leaves=7
num_cat=0
split_feature=21 19 13 7 12 6
split_gain=17.8547 6.02858 2.35662 0.995288 0.528202 0.0514516
threshold=0.87791091203689586 0.20173196494579318 2.9621075391769414 5.0578529834747323 2.9992038011550908 4.1044580936431894
decision_type=2 2 2 2 2 2
left_child=1 3 -3 -1 5 -2
right_child=4 2 -4 -5 -6 -7
leaf_value=-0.022339087805094665 0.0016681347608488535 -0.0082133466935404142 0.01107059712783876 0 0.019534755723245117 -0.0017714774709794109
leaf_weight=13.162577876588331 0.48459374840604041 1.8327852436050296 4.6774741640838329 1.4466817711654574 12.410254691989392 0.38391033769585192
leaf_count=4799 21 462 406 256 368 75
internal_value=-0.000250737 -0.0136237 0.00388917 -0.0207484 0.0185853 0
internal_weight=34.3983 21.1195 6.51026 14.6093 13.2788 0.868504
internal_count=6387 5923 868 5055 464 96
is_linear=0
shrinkage=0.025


Tree=65
num_leaves=7
num_cat=0
split_feature=22 13 17 26 13 24
split_gain=18.1467 3.26957 3.20635 0.841046 0.806523 0.590296
threshold=0.22387114912271502 2.9621075391769414 0.81952017545700084 -0.79433768987655629 5.4619572162628183 0.5800730586051942
decision_type=2 2 2 2 2 2
left_child=2 -2 4 -3 -1 -4
right_child=1 3 5 -5 -6 -7
leaf_value=-0.020665408879929025 -0.0044419283398666595 0.02059904099303702 0.007640334043535502 0 0 -0.0033974989885421514
leaf_weight=13.021278921398336 1.9100554420147116 15.050650050601693 1.8818939658813172 1.3194431277224765 1.5502529359364405 0.64470734767382953
leaf_count=4738 356 374 39 298 366 198
internal_value=0.000694513 0.0161542 -0.0154664 0.0193268 -0.0191697 0.00360748
internal_weight=35.3783 18.2801 17.0981 16.3701 14.5715 2.5266
internal_count=6369 1028 5341 672 5104 237
is_linear=0
shrinkage=0.025


Tree=66
num_leaves=7
num_cat=0
split_feature=27 6 22 21 22 27
split_gain=15.4356 7.39817 2.75701 0.78017 0.671044 0.585327
threshold=0.17101974040269854 3.3475118875503544 0.75381013751029979 1.1975888013839724 0.035996479913592346 0.73313146829605114
decision_type=2 2 2 2 2 2
left_child=1 4 5 -3 -1 -2
right_child=2 3 -4 -5 -6 -7
leaf_value=0 -0.020561055672489364 -0.011574969750758269 0.0039437566341837876 0.002186265372242595 0.021098334043574155 0
leaf_weight=0.89720163794118235 12.811451587593179 3.4735245489864601 1.4399856779782556 0.80137600051239122 14.04318669872009 0.68418353988090608
leaf_count=249 4435 1338 139 40 203 86
internal_value=-0.000272677 0.0130264 -0.0166719 -0.00853351 0.0201017 -0.0196809
internal_weight=34.1509 19.2153 14.9356 4.2749 14.9404 13.4956
internal_count=6490 1830 4660 1378 452 4521
is_linear=0
shrinkage=0.025


Tree=67
num_leaves=7
num_cat=0
split_feature=24 17 13 24 26 0
split_gain=15.4395 4.71048 3.45486 1.37164 1.19857 0.190802
threshold=-1.2262445688247678 0.5230606496334077 2.9621075391769414 0.44932882487773901 -0.84842899441719044 3.5871379375457768
decision_type=2 2 2 2 2 2
left_child=2 -2 5 -3 -4 -1
right_child=1 3 4 -5 -6 -7
leaf_value=0.0003686496390701401 -0.020792084147455668 0.0096514432672947723 0.019915665944717699 -0.0060580246403016931 0 -0.0072716306971380542
leaf_weight=0.28127035553916613 12.820311977615349 3.1589341983199111 13.769299371662783 1.2014714677352456 1.7186069448944152 1.46523506482481
leaf_count=14 4581 147 357 578 414 397
internal_value=0 -0.0148482 0.0146307 0.00373134 0.0180776 -0.00575348
internal_weight=34.4151 17.1807 17.2344 4.36041 15.4879 1.74651
internal_count=6488 5306 1182 725 771 411
is_linear=0
shrinkage=0.025


Tree=68
num_leaves=6
num_cat=0
split_feature=22 13 26 21 22
split_gain=17.517 5.29039 3.57714 1.09974 0.224824
threshold=0.035996479913592346 2.9621075391769414 -0.882708579301834 1.3035746216773989 1.7610003948211672
decision_type=2 2 2 2 2
left_child=3 4 -3 -1 -2
right_child=1 2 -4 -5 -6
leaf_value=-0.020681009572270471 -0.010095179554881945 0.020948140681679998 -0.0022858369077155055 0.00088045707043656995 6.1722553128307986e-06
leaf_weight=12.034525992494306 2.2579312002635592 16.066170681675437 3.4417927173199088 0.58895680151181373 0.23149654874578107
leaf_count=4621 590 430 827 33 4
internal_value=0 0.0126869 0.0169639 -0.019356 -0.00894432
internal_weight=34.6209 21.9974 19.508 12.6235 2.48943
internal_count=6505 1851 1257 4654 594
is_linear=0
shrinkage=0.025


Tree=69
num_leaves=7
num_cat=0
split_feature=21 13 25 2 4 27
split_gain=16.2293 2.3682 1.90945 1.16462 1.15172 0.699291
threshold=0.50590544939041149 2.2276637554168706 0.24261687695980075 1.5971395373344424 4.2462244033813485 0.73313146829605114
decision_type=2 2 2 2 2 2
left_child=2 -2 4 -3 -1 -4
right_child=1 3 5 -5 -6 -7
leaf_value=0.0063082114518721441 -0.0047266385423567047 -0.0019359285231723836 -0.020060640421230607 0.018489444429762619 -0.0078054551499385106 0
leaf_weight=2.7877170064603005 0.89656986307818698 0.34748017037054779 11.557810641825196 15.963781091821145 1.7283595853368749 0.61923911480698812
leaf_count=361 207 125 4416 795 445 78
internal_value=5.47477e-06 0.0151697 -0.0152317 0.0174089 0 -0.0190388
internal_weight=33.901 17.2078 16.6931 16.3113 4.51608 12.177
internal_count=6427 1127 5300 920 806 4494
is_linear=0
shrinkage=0.025


Tree=70
num_leaves=7
num_cat=0
split_feature=22 26 13 21 5 22
split_gain=16.1999 4.48679 3.7105 0.941051 0.740435 0.711165
threshold=0.035996479913592346 -0.882708579301834 2.9621075391769414 1.3035746216773989 -0.20011815428733823 0.92900830507278453
decision_type=2 2 2 2 2 2
left_child=3 2 -2 4 -1 -3
right_child=1 5 -4 -5 -6 -7
leaf_value=0 -0.0044697347478017228 -0.009174523837552585 0.02101730306340643 0.00077203307337874686 -0.019981870113204781 0.0028527525704042404
leaf_weight=0.61925279119168131 1.9705224420467917 2.7269828774733464 16.652814399974886 0.59766793641029003 11.051556552323744 1.0593878850631879
leaf_count=81 428 902 434 36 4493 80
internal_value=0.00134954 0.0132826 0.0176807 -0.0176202 -0.0188861 -0.00538965
internal_weight=34.6782 22.4097 18.6233 12.2685 11.6708 3.78637
internal_count=6454 1844 862 4610 4574 982
is_linear=0
shrinkage=0.025


Tree=71
num_leaves=7
num_cat=0
split_feature=22 13 21 3 19 0
split_gain=15.3683 3.31566 2.47375 1.30821 0.738996 0.199533
threshold=0.22387114912271502 2.9621075391769414 0.99625444412231456 1.5156552791595461 0.36845412850379949 3.5871379375457768
decision_type=2 2 2 2 2 2
left_child=2 5 4 -3 -1 -2
right_child=1 3 -4 -5 -6 -7
leaf_value=-0.019931933430532851 0.00047183620016637062 -0.0015190239953752562 0.0032818499729634684 0.019271710301321427 0 -0.0072374784043934106
leaf_weight=13.160819039854685 0.26772035635076719 0.72979771759128098 1.6783318541129109 13.850972658896351 1.0894504388270423 1.4591664314502848
leaf_count=5099 10 213 120 468 191 357
internal_value=-0.000592489 0.0142707 -0.0158819 0.0177897 -0.0187298 -0.00565084
internal_weight=32.2363 16.3077 15.9286 14.5808 14.2503 1.72689
internal_count=6458 1048 5410 681 5290 367
is_linear=0
shrinkage=0.025


Tree=72
num_leaves=7
num_cat=0
split_feature=22 6 26 3 22 12
split_gain=17.2727 3.82151 1.68491 1.06693 0.162563 0.0814737
threshold=0.22387114912271502 3.5663200616836552 -1.0021339654922483 1.1769916415214541 -0.25369100272655482 3.5702149868011479
decision_type=2 2 2 2 2 2
left_child=2 3 4 -2 -1 -3
right_child=1 5 -4 -5 -6 -7
leaf_value=-0.0030556021453632914 -0.00053119031175986962 -0.0073722555867060799 -0.020485467842818871 0.019440505583618872 0.0025926502953024693 0
leaf_weight=0.79593209273298304 0.88830433678231457 1.4688374833203841 12.495709905750116 14.303272701508829 2.0646097906283094 0.1756757991388439
leaf_count=371 182 355 4814 476 256 24
internal_value=-0.000984353 0.014423 -0.017577 0.0181208 0 -0.00672678
internal_weight=32.1923 16.8361 15.3563 15.1916 2.86054 1.64451
internal_count=6478 1037 5441 658 627 379
is_linear=0
shrinkage=0.025


Tree=73
num_leaves=6
num_cat=0
split_feature=21 6 24 26 21
split_gain=16.0254 3.29814 2.54577 1.48346 0.385843
threshold=0.31097395718097692 3.3475118875503544 -5.1625008583068839 -0.84842899441719044 1.8219149708747866
decision_type=2 2 2 2 2
left_child=2 3 -1 -2 -3
right_child=1 4 -4 -5 -6
leaf_value=0.003390085030808206 0.019323615563122266 -0.0080972670031275069 -0.020518629770702238 0 0.0015571386361399712
leaf_weight=1.2891729247639911 13.637810277694371 1.5814552672381972 12.495150234171886 2.2539615191926723 0.61158089915988956
leaf_count=41 370 644 4798 608 24
internal_value=-0.000398999 0.013448 -0.0176427 0.0169923 -0.00532512
internal_weight=31.8691 18.0848 13.7843 15.8918 2.19304
internal_count=6485 1646 4839 978 668
is_linear=0
shrinkage=0.025


Tree=74
num_leaves=7
num_cat=0
split_feature=21 27 6 24 27 22
split_gain=13.6408 3.7199 2.64547 1.46649 0.885353 0.876312
threshold=0.17918867617845538 0.22511600703001025 4.1044580936431894 -5.9952774047851554 0.73313146829605114 0.75381013751029979
decision_type=2 2 2 2 2 2
left_child=3 2 -2 -1 -5 -3
right_child=1 5 -4 4 -6 -7
leaf_value=0.002098735468440114 0.019739180124155951 -0.0090746628133951835 -0.003730876140317869 -0.019619542943644545 0.00066014047515063849 0.0038330798060557053
leaf_weight=0.80768010264728474 14.292218518705342 2.6352386168146036 1.3782761874608684 11.03398459171876 0.48416119194007556 1.2352425817225592
leaf_count=20 587 1099 427 4163 57 113
internal_value=0.000348786 0.0124436 0.0169694 -0.0165228 -0.0184469 -0.00441205
internal_weight=31.8668 19.541 15.6705 12.3258 11.5181 3.87048
internal_count=6466 2226 1014 4240 4220 1212
is_linear=0
shrinkage=0.025


Tree=75
num_leaves=6
num_cat=0
split_feature=21 6 22 26 21
split_gain=15.2657 3.60012 1.93996 1.93285 0.388621
threshold=0.223491445183754 3.3475118875503544 0.88582694530487072 -0.882708579301834 1.8219149708747866
decision_type=2 2 2 2 2
left_child=2 3 -1 -2 -3
right_child=1 4 -4 -5 -6
leaf_value=-0.019657463808500836 0.020026551182509438 -0.0077436231511537187 0.0025990768228393267 0 0.0017051996549201217
leaf_weight=11.224261014052898 14.25840549761779 2.2179554665635801 1.0680793818901282 3.1726551135361669 0.58738570666173462
leaf_count=4352 352 816 45 872 22
internal_value=0.000873518 0.0133117 -0.0171698 0.0170435 -0.0051395
internal_weight=32.5287 20.2364 12.2923 17.4311 2.80534
internal_count=6459 2062 4397 1224 838
is_linear=0
shrinkage=0.025


Tree=76
num_leaves=7
num_cat=0
split_feature=22 6 26 27 21 22
split_gain=12.0816 4.61743 3.10025 0.729714 0.60181 0.126818
threshold=0.035996479913592346 3.3475118875503544 -0.84842899441719044 0.73313146829605114 1.8219149708747866 1.077011823654175
decision_type=2 2 2 2 2 2
left_child=3 2 -2 4 -1 -3
right_child=1 5 -4 -5 -6 -7
leaf_value=-0.019391796528118541 0.019091732654153232 -0.0096319963271542589 -0.003725314660594082 0.00026436187324386688 9.7715225123415551e-05 0
leaf_weight=10.449767110578248 13.495240502932575 2.1393629871308799 2.3239521253271969 0.54865665073157366 0.33109758043428961 0.4472233066917396
leaf_count=4553 385 669 741 70 14 30
internal_value=-0.000922685 0.0105449 0.0153499 -0.0174598 -0.0185559 -0.00876692
internal_weight=29.7353 18.4058 15.8192 11.3295 10.7809 2.58659
internal_count=6462 1825 1126 4637 4567 699
is_linear=0
shrinkage=0.025


Tree=77
num_leaves=7
num_cat=0
split_feature=21 19 13 5 27 6
split_gain=12.2731 5.13944 1.82833 0.805246 0.72332 0.0291664
threshold=0.89880746603012096 0.20173196494579318 2.9621075391769414 4.016282558441163 0.73313146829605114 3.7252546548843388
decision_type=2 2 2 2 2 2
left_child=1 4 -3 -2 -1 -5
right_child=3 2 -4 5 -6 -7
leaf_value=-0.020950020653719856 0.017133910345646566 -0.0071015473552903403 0.01026056499447605 9.392530291904745e-05 0 -0.0019640006427812449
leaf_weight=11.743337648164019 9.9557939718069939 1.5882902733283106 4.2107942514412571 0.19842517905635837 0.63516741889179762 0.41560210200259462
leaf_count=5045 368 452 413 2 82 86
internal_value=-0.00136674 -0.0128778 0.00384022 0.0158064 -0.0199211 -0.000694329
internal_weight=28.7474 18.1776 5.79908 10.5698 12.3785 0.614027
internal_count=6448 5992 865 456 5127 88
is_linear=0
shrinkage=0.025


Tree=78
num_leaves=7
num_cat=0
split_feature=22 13 27 27 17 18
split_gain=13.0579 4.07436 2.15675 0.764038 0.270603 0.240766
threshold=0.035996479913592346 2.9621075391769414 0.20294540375471118 0.73313146829605114 1.0149448513984682 0.68364784121513378
decision_type=2 2 2 2 2 2
left_child=3 5 -3 4 -1 -2
right_child=1 2 -4 -5 -6 -7
leaf_value=-0.018730050076119668 -0.0087050100011045479 0.019496957530280756 0 0.00056438068834282346 0 0.00011462374672581901
leaf_weight=9.8529880592250247 1.9289224711246817 13.757969176978806 3.7913249665871254 0.4998476455803037 0.80922916179406534 0.68648435579962086
leaf_count=4431 515 372 870 64 110 78
internal_value=0.000647919 0.0119784 0.0160137 -0.0168077 -0.0179413 -0.00701401
internal_weight=31.3268 20.1647 17.5493 11.1621 10.6622 2.61541
internal_count=6440 1835 1242 4605 4541 593
is_linear=0
shrinkage=0.025


Tree=79
num_leaves=7
num_cat=0
split_feature=22 17 6 27 25 12
split_gain=12.2635 4.77299 1.86268 0.686445 0.630598 0.451629
threshold=0.4440185427665711 0.98730754852294933 3.9445605278015141 0.73313146829605114 0.29061277210712438 2.8871618509292607
decision_type=2 2 2 2 2 2
left_child=1 3 4 -1 -2 -3
right_child=2 5 -4 -5 -6 -7
leaf_value=-0.019941656521665133 0.017901339059720196 -0.001759049862130856 -0.003853744619142035 0 0 0.0089105976372641903
leaf_weight=13.472611252014762 10.503053090476891 0.40624961958383154 0.78090215998236168 0.60325831119553264 0.6608218600740664 2.4880647980608046
leaf_count=5630 276 95 171 83 170 68
internal_value=-0.00166311 -0.0139294 0.014363 -0.0190421 0.0168218 0.00645569
internal_weight=28.915 16.9702 11.9448 14.0759 11.1639 2.89431
internal_count=6493 5876 617 5713 446 163
is_linear=0
shrinkage=0.025


Tree=80
num_leaves=7
num_cat=0
split_feature=22 17 6 25 27 22
split_gain=12.0702 3.38261 2.65936 0.841404 0.70509 0.549149
threshold=0.22387114912271502 0.66106122732162487 4.1044580936431894 0.76381489634513866 0.73313146829605114 -0.099008269608020769
decision_type=2 2 2 2 2 2
left_child=1 4 3 -2 -1 -3
right_child=2 5 -4 -5 -6 -7
leaf_value=-0.019591261386799428 0.018264712845191575 -0.0028426443244493546 -0.0054780565415270535 0 0 0.0076124842205471822
leaf_weight=10.903482229768997 12.627215428568887 0.98521201062249053 1.1504899357387319 1.7090692181373004 0.6014812462381095 2.1433477808895978
leaf_count=4874 482 369 275 318 76 76
internal_value=0.000205289 -0.0136689 0.0137566 0.0166408 -0.0185238 0.00382784
internal_weight=30.1203 14.6335 15.4868 14.3363 11.505 3.12856
internal_count=6470 5395 1075 800 4950 445
is_linear=0
shrinkage=0.025


Tree=81
num_leaves=7
num_cat=0
split_feature=21 26 24 13 24 27
split_gain=11.1731 3.0402 1.3783 1.37589 0.796545 0.80732
threshold=0.17918867617845538 -0.94117251038551319 -3.6482713222503658 2.2276637554168706 -5.9952774047851554 0.73313146829605114
decision_type=2 2 2 2 2 2
left_child=4 3 -3 -2 -1 -6
right_child=1 2 -4 -5 5 -7
leaf_value=0.00054199374945931454 -0.0023339164644097777 0.006427359349206227 -0.0085401235392759973 0.018175539055269928 -0.018652645481676087 0.0005754413513421084
leaf_weight=0.65215786604676651 0.54905014025280507 1.8410117029852706 3.6823949977115245 11.59922064541024 9.8710736577922908 0.50128620024770576
leaf_count=22 196 136 1408 466 4100 61
internal_value=-2.55473e-06 0.0111293 -0.00227389 0.0164739 -0.0161413 -0.0174319
internal_weight=28.6962 17.6717 5.52341 12.1483 11.0245 10.3724
internal_count=6389 2206 1544 662 4183 4161
is_linear=0
shrinkage=0.025


Tree=82
num_leaves=7
num_cat=0
split_feature=22 6 17 25 5 13
split_gain=11.5024 2.34523 1.92234 1.02463 0.499845 0.429692
threshold=0.22387114912271502 3.5663200616836552 0.81952017545700084 0.33988296985626226 -0.20011815428733823 4.2814071178436288
decision_type=2 2 2 2 2 2
left_child=2 3 4 -2 -1 -4
right_child=1 -3 5 -5 -6 -7
leaf_value=0 0.017810691533308009 -0.0043211814098552638 -0.0033773407167108568 0 -0.01886521746036815 0.0059668398509499128
leaf_weight=0.76367413441766885 10.734878603136165 1.7067072731733777 0.63592788213281837 1.6129650649672829 11.039506414526842 1.4044066723727153
leaf_count=146 338 380 206 312 4990 29
internal_value=-0.00109968 0.0125696 -0.0149619 0.015837 -0.0179201 0.00183651
internal_weight=27.8981 14.0546 13.8435 12.3478 11.8032 2.04033
internal_count=6401 1030 5371 650 5136 235
is_linear=0
shrinkage=0.025


Tree=83
num_leaves=7
num_cat=0
split_feature=21 13 19 26 21 21
split_gain=12.4557 2.81667 2.13293 1.40446 0.186824 0.105697
threshold=0.31097395718097692 3.0539695024490361 0.64802446961402904 -0.882708579301834 1.3901588916778567 -0.50349950790405262
decision_type=2 2 2 2 2 2
left_child=2 4 -1 -3 -2 -4
right_child=1 3 5 -5 -6 -7
leaf_value=-0.018841344602572158 -0.0067314507098291815 0.018600493700602211 -0.00064465007114625445 0 0.00033481557141814373 0.003978796204853868
leaf_weight=10.498560341919076 1.3735688353190227 12.466836925916141 0.24569163747946721 2.6303837301966242 0.62769142066827033 1.5130692688690022
leaf_count=4623 546 370 65 712 55 86
internal_value=0.000158468 0.0127237 -0.0156155 0.0160318 -0.00496612 0.0024091
internal_weight=29.3558 17.0985 12.2573 15.0972 2.00126 1.75876
internal_count=6457 1683 4774 1082 601 151
is_linear=0
shrinkage=0.025


Tree=84
num_leaves=7
num_cat=0
split_feature=22 6 17 25 13 12
split_gain=11.3195 2.84105 1.72124 1.16853 0.933726 0.257876
threshold=0.20122276246547702 4.1044580936431894 0.81952017545700084 1.2696382999420168 5.4619572162628183 2.9992038011550908
decision_type=2 2 2 2 2 2
left_child=2 3 4 -2 -1 -4
right_child=1 -3 5 -5 -6 -7
leaf_value=-0.018767801316789262 0.018000833879815503 -0.0060031174406961259 -0.0023240991429877189 -0.00047233088934013818 0 0.004875637509886125
leaf_weight=9.8728024532902072 12.752097098331431 1.2671279430796847 0.506785657198633 1.4125114118796762 1.3350618981348805 1.4709574897133277
leaf_count=4744 503 297 137 314 372 104
internal_value=0.00012564 0.0130386 -0.0140731 0.0161899 -0.0169473 0.00179166
internal_weight=28.6173 15.4317 13.1856 14.1646 11.2079 1.97774
internal_count=6471 1114 5357 817 5116 241
is_linear=0
shrinkage=0.025


Tree=85
num_leaves=6
num_cat=0
split_feature=21 19 13 13 12
split_gain=10.8757 5.19874 1.7518 1.01427 0.643139
threshold=0.89880746603012096 0.20173196494579318 2.9621075391769414 2.2276637554168706 7.1882870197296151
decision_type=2 2 2 2 2
left_child=1 4 -3 -2 -1
right_child=3 2 -4 -5 -6
leaf_value=-0.020460277057916781 -0.0017997748069920466 -0.00682422377594944 0.010097228846923028 0.01680253687020274 9.689057124527171e-05
leaf_weight=10.910023318167081 0.40090797049924631 1.5719186610076565 4.5476615538646001 10.012875700107541 0.32520350272534493
leaf_count=5099 91 460 423 361 17
internal_value=-0.000752759 -0.0119527 0.0040745 0.0153294 -0.0196337
internal_weight=27.7686 17.3548 6.11958 10.4138 11.2352
internal_count=6451 5999 883 452 5116
is_linear=0
shrinkage=0.025


Tree=86
num_leaves=7
num_cat=0
split_feature=21 19 13 13 23 25
split_gain=11.0868 3.96121 1.39885 0.886902 0.637386 0.0963305
threshold=0.89880746603012096 0.24930278956890109 2.9621075391769414 2.26893162727356 -7.2878005504608145 2.623487234115601
decision_type=2 2 2 2 2 2
left_child=1 4 -3 -2 -1 -5
right_child=3 2 -4 5 -6 -7
leaf_value=8.2480214593724297e-05 -0.0015989900097698583 -0.0066551003690626179 0.0086988069551579335 0.016491832153982585 -0.020528033368993535 0
leaf_weight=0.3188574376981731 0.37175223085796361 1.4944179156736925 3.5867827285255771 8.6608812024351174 11.129228852121743 0.6153364958008759
leaf_count=48 93 418 327 237 5212 111
internal_value=-0.00234436 -0.0136065 0.00250206 0.0145821 -0.0197234 0.0160013
internal_weight=26.1773 16.5293 5.0812 9.64797 11.4481 9.27622
internal_count=6446 6005 745 441 5260 348
is_linear=0
shrinkage=0.025


Tree=87
num_leaves=7
num_cat=0
split_feature=21 13 24 26 27 21
split_gain=9.8045 2.16422 1.85197 1.5095 0.815609 0.287934
threshold=0.31097395718097692 3.0539695024490361 -4.806595802307128 -0.882708579301834 0.73313146829605114 1.8219149708747866
decision_type=2 2 2 2 2 2
left_child=2 5 -1 -3 -4 -2
right_child=1 3 4 -5 -6 -7
leaf_value=0.0031190575040232339 -0.006673559381654575 0.017501642239274178 -0.018305841069428241 -0.00031107399049675128 0.00069101426956682632 0.001425219293285632
leaf_weight=1.2151722901617166 1.3653222357388575 11.284692192333749 9.6953306468494702 2.5994183105358379 0.48690224174060937 0.58857983374036837
leaf_count=49 569 378 4593 704 61 20
internal_value=7.12599e-05 0.0116077 -0.0142299 0.0146364 -0.0170574 -0.00406454
internal_weight=27.2354 15.838 11.3974 13.8841 10.1822 1.9539
internal_count=6374 1671 4703 1082 4654 589
is_linear=0
shrinkage=0.025


Tree=88
num_leaves=7
num_cat=0
split_feature=21 6 26 24 27 21
split_gain=10.5266 2.97263 1.77335 1.08141 0.777391 0.315423
threshold=0.223491445183754 3.3157039880752568 -0.882708579301834 -5.9952774047851554 0.73313146829605114 1.8219149708747866
decision_type=2 2 2 2 2 2
left_child=3 2 -2 -1 -5 -3
right_child=1 5 -4 4 -6 -7
leaf_value=0.0014560590691370123 0.01829701639788095 -0.0075896826932718821 -0.00034521530580285272 -0.018084382014657337 0.00057915073080571776 0.0011690947699658288
leaf_weight=0.77251912734937178 12.291239154874347 1.8506521312228863 2.8944133728509778 9.4000822207017301 0.50709199759876433 0.6262111606192774
leaf_count=22 357 801 853 4348 63 27
internal_value=0.000582268 0.0115603 0.0152288 -0.0150719 -0.016836 -0.00523839
internal_weight=28.3422 17.6625 15.1857 10.6797 9.90717 2.47686
internal_count=6471 2038 1210 4433 4411 828
is_linear=0
shrinkage=0.025


Tree=89
num_leaves=7
num_cat=0
split_feature=22 17 6 24 7 25
split_gain=9.12149 4.01359 1.45587 1.23201 1.01598 0.499264
threshold=0.48383204638957983 0.5230606496334077 3.9445605278015141 0.44932882487773901 5.0578529834747323 0.29061277210712438
decision_type=2 2 2 2 2 2
left_child=1 4 5 -3 -1 -2
right_child=2 3 -4 -5 -6 -7
leaf_value=-0.019301337488124355 0.017161416128653083 0.0092990334191373827 -0.0030522676503113013 -0.0054945058383508976 3.1421336224104916e-05 0
leaf_weight=9.8225562499865209 9.6496604334679379 3.8134435696701976 0.64373606830486174 1.1346990270540116 1.1799190216843261 0.59843450749758709
leaf_count=4816 263 212 144 580 271 157
internal_value=-4.97605e-05 -0.0110451 0.0140681 0.00422183 -0.0174755 0.0162016
internal_weight=26.8424 15.9506 10.8918 4.94814 11.0025 10.2481
internal_count=6443 5879 564 792 5087 420
is_linear=0
shrinkage=0.025


Tree=90
num_leaves=7
num_cat=0
split_feature=22 6 17 26 13 27
split_gain=8.65697 2.21851 1.50209 1.13779 0.945687 0.652258
threshold=0.22387114912271502 3.3475118875503544 0.5230606496334077 -0.79649406671524037 4.2814071178436288 0.73313146829605114
decision_type=2 2 2 2 2 2
left_child=2 3 5 -2 -4 -1
right_child=1 -3 4 -5 -6 -7
leaf_value=-0.017825898139653861 0.016728168998840724 -0.0043468794687667811 -0.0063969988433885397 -0.0012267133370444739 0.0069698731513506782 9.5883903907620686e-05
leaf_weight=9.0737187910126522 10.233289893250911 1.8921809784078494 1.2596900552453001 1.0917392791307055 1.9021581435226833 0.58506150066386986
leaf_count=4619 308 425 583 302 136 73
internal_value=-0.000801746 0.0112472 -0.0132446 0.0147689 0.000222246 -0.0166515
internal_weight=26.0378 13.2172 12.8206 11.325 3.16185 9.65878
internal_count=6446 1035 5411 610 719 4692
is_linear=0
shrinkage=0.025


Tree=91
num_leaves=7
num_cat=0
split_feature=21 19 12 3 5 2
split_gain=9.14759 4.40406 1.53436 0.930941 0.79795 0.0267913
threshold=0.87791091203689586 0.20173196494579318 2.612237930297852 -0.2007501348853111 4.016282558441163 3.8200079202651982
decision_type=2 2 2 2 2 2
left_child=1 3 -3 -1 -2 -6
right_child=4 2 -4 -5 5 -7
leaf_value=0 0.01647325866117241 -0.0061345852585759399 0.010042289939235602 -0.019224440563512003 0 -0.0019515160885816532
leaf_weight=1.1320834835351004 9.4866784076148143 1.3517168329999538 4.2988851070258534 9.6041696317406622 0.18333744903793636 0.42020199133548886
leaf_count=168 383 380 454 4960 3 88
internal_value=1.92743e-05 -0.010327 0.00452246 -0.0174933 0.0150905 -0.000834026
internal_weight=26.4771 16.3869 5.6506 10.7363 10.0902 0.603539
internal_count=6436 5962 834 5128 474 91
is_linear=0
shrinkage=0.025


Tree=92
num_leaves=6
num_cat=0
split_feature=21 24 13 13 27
split_gain=9.22644 2.1115 1.40942 1.35069 0.806051
threshold=0.50590544939041149 -4.806595802307128 2.2276637554168706 5.4619572162628183 0.21502684056758883
decision_type=2 2 2 2 2
left_child=1 -1 -2 -3 -4
right_child=2 3 4 -5 -6
leaf_value=0.0037914287128186092 -0.0034497034767233428 -0.018497100499101266 0.016322450802186476 0.00061087268424341718 0
leaf_weight=1.5818083569174621 0.70821958940359664 9.6611096360429674 10.516148557944687 1.642336300050373 2.3741309167526188
leaf_count=63 193 4825 388 416 547
internal_value=0 -0.0128416 0.0123073 -0.0160015 0.0142446
internal_weight=26.4838 12.8853 13.5985 11.3034 12.8903
internal_count=6432 5304 1128 5241 935
is_linear=0
shrinkage=0.025


Tree=93
num_leaves=7
num_cat=0
split_feature=18 6 17 13 25 26
split_gain=7.70172 1.72585 1.60668 0.849955 0.84841 0.617829
threshold=0.15058158338069919 3.3475118875503544 0.5706164836883546 4.1205389499664316 0.76381489634513866 -0.3833679854869842
decision_type=2 2 2 2 2 2
left_child=2 4 5 -4 -2 -1
right_child=1 -3 3 -5 -6 -7
leaf_value=-0.016256384625463548 0.016262561536023359 -0.0026614115477425022 -0.005558176536678925 0.0070554397323501581 0 0.00031163086304032147
leaf_weight=8.8978177666285756 10.427468059016972 2.1991988105146438 1.1030240501859219 2.1366744602564722 1.4440502031648055 0.55267797934357332
leaf_count=4385 461 630 455 143 279 80
internal_value=0.000363662 0.0115002 -0.0113915 0.00123557 0.0145054 -0.0150824
internal_weight=26.7609 14.0707 12.6902 3.2397 11.8715 9.4505
internal_count=6433 1370 5063 598 740 4465
is_linear=0
shrinkage=0.025


Tree=94
num_leaves=7
num_cat=0
split_feature=21 24 17 13 11 2
split_gain=8.61831 4.06955 1.25094 0.937359 0.404666 0.249393
threshold=0.87791091203689586 -3.3517171144485469 0.66106122732162487 2.2276637554168706 2.4827431440353398 1.5971395373344424
decision_type=2 2 2 2 2 2
left_child=1 4 -3 -2 -1 -5
right_child=3 2 -4 5 -6 -7
leaf_value=-0.0012875496960892958 -0.0017178364698834795 -0.017765009809190095 0.00038592968597425876 0 0.009160992639404366 0.016504360004675155
leaf_weight=0.45007007865934179 0.39023745988379133 11.132367208556387 1.7624048902071088 0.08467202473548141 2.7295532267016824 9.4659693356370536
leaf_count=89 94 5414 379 36 102 340
internal_value=0 -0.0101516 -0.0155203 0.0146682 0.00703494 0.0161275
internal_weight=26.0153 16.0744 12.8948 9.94088 3.17962 9.55064
internal_count=6454 5984 5793 470 191 376
is_linear=0
shrinkage=0.025


Tree=95
num_leaves=7
num_cat=0
split_feature=26 6 24 24 0 21
split_gain=8.06728 4.03115 1.97179 0.914992 0.518719 0.250891
threshold=-0.93105351924896229 4.1044580936431894 -3.6482713222503658 0.44932882487773901 0.35269799828529363 1.8219149708747866
decision_type=2 2 2 2 2 2
left_child=1 3 -2 -1 -4 -3
right_child=2 5 4 -5 -6 -7
leaf_value=0.017697146733019874 0.0036251509779876424 -0.008629796747379629 0 -0.001191094729141143 -0.01673196657155835 0.00049827302031035228
leaf_weight=11.994688540667994 1.5910827038169362 2.2150160918099568 0.69019769638543849 0.43980305810691867 8.9606859646592039 0.2523997023818082
leaf_count=459 161 1010 127 408 4276 7
internal_value=0.000742362 0.0114753 -0.0122529 0.0165206 -0.015641 -0.00715067
internal_weight=26.1439 14.9019 11.242 12.4345 9.65088 2.46742
internal_count=6448 1884 4564 867 4403 1017
is_linear=0
shrinkage=0.025


Tree=96
num_leaves=7
num_cat=0
split_feature=22 26 13 3 5 27
split_gain=8.00739 2.61053 1.55656 0.915179 0.712987 0.655509
threshold=0.35732269287109381 -1.0021339654922483 2.9621075391769414 1.1015259623527529 4.016282558441163 0.73313146829605114
decision_type=2 2 2 2 2 2
left_child=1 4 -2 -4 -1 -3
right_child=2 5 3 -5 -6 -7
leaf_value=0.0074437310232928879 -0.003277557166412644 -0.0175601305964205 -0.0017073943730380042 0.01632118314713607 -0.0041026060220170956 0.00019313817477668738
leaf_weight=2.5310153766185972 1.0481267158465915 9.5545814548677299 0.31496399617753823 9.8362702718004567 1.0351080155523957 0.55662001905147995
leaf_count=208 235 4928 118 384 480 84
internal_value=-0.000333381 -0.0116161 0.0123923 0.0149704 0.00292421 -0.0164287
internal_weight=24.8767 13.6773 11.1994 10.1512 3.56612 10.1112
internal_count=6437 5700 737 502 688 5012
is_linear=0
shrinkage=0.025


Tree=97
num_leaves=7
num_cat=0
split_feature=21 19 13 5 27 2
split_gain=7.90726 5.11741 1.7583 0.816442 0.693915 0.222554
threshold=0.93220895528793346 0.20173196494579318 2.9621075391769414 4.016282558441163 0.73313146829605114 1.5971395373344424
decision_type=2 2 2 2 2 2
left_child=1 4 -3 5 -1 -2
right_child=3 2 -4 -5 -6 -7
leaf_value=-0.018885851671745894 0 -0.0061805140974167359 0.011111825004008001 -0.001415971402934083 4.0144008724898307e-05 0.016187025850843025
leaf_weight=9.4209493576927379 0.076638192491370272 1.423010468322899 4.6896116131683812 0.3474471296649434 0.58801994464011009 9.2308846270025224
leaf_count=5073 25 456 403 76 78 341
internal_value=0.000281007 -0.00936983 0.0055542 0.014521 -0.0177146 0.0158396
internal_weight=25.7766 16.1216 6.11262 9.65497 10.009 9.30752
internal_count=6452 6010 859 442 5151 366
is_linear=0
shrinkage=0.025


Tree=98
num_leaves=7
num_cat=0
split_feature=21 26 13 5 24 24
split_gain=8.3577 2.82275 1.80853 0.675241 0.654584 0.387672
threshold=0.17918867617845538 -0.882708579301834 2.2276637554168706 -0.20011815428733823 -3.6482713222503658 -5.9952774047851554
decision_type=2 2 2 2 2 2
left_child=3 2 -2 -1 -3 -5
right_child=1 4 -4 5 -6 -7
leaf_value=0.00062708457755748489 -0.0036288842196184543 0.0030044326030194304 0.016856288296299926 0 -0.0083000646375667765 -0.016801340762267105
leaf_weight=0.52044651309552392 0.79562860191799956 1.1629258960019808 12.244846849745953 0.41331745072966519 2.4368885869043861 7.9261044009035659
leaf_count=101 265 121 748 19 1117 4047
internal_value=0.000343727 0.0101751 0.0146006 -0.0146797 -0.00429783 -0.0159804
internal_weight=25.5002 16.6403 13.0405 8.85987 3.59981 8.33942
internal_count=6418 2251 1013 4167 1238 4066
is_linear=0
shrinkage=0.025


Tree=99
num_leaves=7
num_cat=0
split_feature=27 13 21 19 21 0
split_gain=7.21493 3.43914 1.24209 0.713295 0.511587 0.493887
threshold=0.16955021023750308 2.9621075391769414 1.3035746216773989 -0.18812314420938489 1.8219149708747866 0.35269799828529363
decision_type=2 2 2 2 2 2
left_child=1 4 5 -3 -1 -2
right_child=2 3 -4 -5 -6 -7
leaf_value=-0.0091418150068189232 0 -0.00038668395084072584 0.002124602006558454 0.016557526418124063 0.0020316071495027847 -0.016559871148012703
leaf_weight=2.3448053264728546 0.70511814013297858 0.69589588834787797 0.99011322623118836 9.8118613019614678 0.47652667324291531 8.8468991182016889
leaf_count=1085 132 240 96 471 7 4429
internal_value=-0.000668783 0.00986282 -0.0132759 0.0152695 -0.0063632 -0.0154832
internal_weight=23.8712 13.3291 10.5421 10.5078 2.82133 9.55202
internal_count=6460 1803 4657 711 1092 4561
is_linear=0
shrinkage=0.025


Tree=100
num_leaves=7
num_cat=0
split_feature=21 19 21 5 3 2
split_gain=7.92343 4.97141 0.935635 0.829948 0.196684 0.0306779
threshold=0.87791091203689586 0.20173196494579318 0.006675979122519494 4.016282558441163 1.1015259623527529 3.9475795030593877
decision_type=2 2 2 2 2 2
left_child=1 -1 -3 4 -2 -5
right_child=3 2 -4 5 -6 -7
leaf_value=-0.018776282261402072 0 -0.0036634467426716957 0.0091057599475111058 0 0.015893832692685569 -0.0022049483628942788
leaf_weight=9.153930446525921 0.20156362160923613 1.5686839808186039 4.1526265436841641 0.17667170689674172 8.6228279435163113 0.4611312877968885
leaf_count=5095 60 516 330 3 322 91
internal_value=0 -0.0103888 0.004946 0.0139318 0.0154932 -0.00114391
internal_weight=24.3374 14.8752 5.72131 9.46219 8.82439 0.637803
internal_count=6417 5941 846 476 382 94
is_linear=0
shrinkage=0.025


Tree=101
num_leaves=7
num_cat=0
split_feature=22 17 6 25 22 22
split_gain=7.7556 1.9915 1.91395 0.931684 0.359057 0.159671
threshold=0.22387114912271502 0.81952017545700084 4.1044580936431894 1.0718119144439699 -0.099008269608020769 0.20122276246547702
decision_type=2 2 2 2 2 2
left_child=1 5 3 -2 -3 -1
right_child=2 4 -4 -5 -6 -7
leaf_value=-0.017606356996166968 0.015482223920592036 -0.0027787881608979854 -0.0050105754351711202 -0.00066167624261546237 0.0057311631534357642 0
leaf_weight=8.7664437722269213 9.7911165215919009 0.57905252219643477 1.0876417638501141 1.3163457762566384 1.6437039034790348 0.31317528901854608
leaf_count=5094 481 203 277 301 47 71
internal_value=-0.00110869 -0.0134742 0.0105738 0.0135695 0.00225996 -0.0172047
internal_weight=23.4975 11.3024 12.1951 11.1075 2.22276 9.07962
internal_count=6474 5415 1059 782 250 5165
is_linear=0
shrinkage=0.025


Tree=102
num_leaves=7
num_cat=0
split_feature=22 13 26 27 22 26
split_gain=7.66284 3.0063 1.87896 0.671591 0.129139 0.0424014
threshold=0.035996479913592346 3.0539695024490361 -0.882708579301834 0.73313146829605114 1.7610003948211672 -0.3500536829233169
decision_type=2 2 2 2 2 2
left_child=3 4 -3 -1 -2 -5
right_child=1 2 -4 5 -6 -7
leaf_value=-0.015775933841632128 -0.0077965962390172915 0.017098630012420738 -0.0012925132659794315 0.002335555266332712 0 -0.00038868463641735554
leaf_weight=7.6111632373649645 1.7608919403573988 11.365087875179597 2.7969925653014771 0.2149842141661793 0.19547500897897396 0.27394911783630949
leaf_count=4527 586 391 812 13 4 54
internal_value=0.000487312 0.00991131 0.0137507 -0.0144139 -0.0068903 0.000706873
internal_weight=24.2185 16.1184 14.1621 8.1001 1.95637 0.488933
internal_count=6387 1793 1203 4594 590 67
is_linear=0
shrinkage=0.025


Tree=103
num_leaves=6
num_cat=0
split_feature=21 27 24 5 24
split_gain=7.34639 2.30764 1.18278 0.982476 0.898548
threshold=0.223491445183754 0.15688864886760714 -5.9952774047851554 4.500744342803956 -3.6482713222503658
decision_type=2 2 2 2 2
left_child=2 3 -1 -2 -3
right_child=1 4 -4 -5 -6
leaf_value=0.001738994379434071 0.015931452340576475 0.0046169714979810974 -0.01673051428651318 -0.001805846105714254 -0.0077888331041163304
leaf_weight=0.85771958553232241 9.4173565602977725 1.6581779705447832 7.9700297382514709 0.47190048862830813 3.0268851540458854
leaf_count=21 450 138 4402 142 1314
internal_value=-0.000441171 0.00928658 -0.0145041 0.0143431 -0.00263596
internal_weight=23.4021 14.5743 8.82775 9.88926 4.68506
internal_count=6467 2044 4423 592 1452
is_linear=0
shrinkage=0.025


Tree=104
num_leaves=7
num_cat=0
split_feature=25 6 21 27 19 13
split_gain=6.60373 3.88009 1.13763 0.64631 0.356522 0.136227
threshold=0.33988296985626226 3.3475118875503544 0.99625444412231456 0.73313146829605114 -0.18812314420938489 2.9621075391769414
decision_type=2 2 2 2 2 2
left_child=1 4 3 -2 -1 -3
right_child=2 5 -4 -5 -6 -7
leaf_value=0 -0.016890818396597215 -0.0088388933789021133 0.0013844290036453856 0.00029134720586273215 0.016013204782339703 0
leaf_weight=0.68417313278769043 8.2101632457488414 2.0796159597666697 1.2802142228465516 0.55863266641972664 9.3420810911775352 0.45947113068541501
leaf_count=191 4779 710 153 85 383 190
internal_value=-0.00115409 0.00923392 -0.0133109 -0.015634 0.0151631 -0.00787853
internal_weight=22.6144 12.5653 10.049 8.7688 10.0263 2.53909
internal_count=6491 1474 5017 4864 574 900
is_linear=0
shrinkage=0.025


Tree=105
num_leaves=7
num_cat=0
split_feature=21 26 13 22 26 24
split_gain=6.08481 2.31166 1.26762 0.717377 0.658452 0.603405
threshold=0.18667254596948626 -0.93105351924896229 2.2276637554168706 0.75381013751029979 -0.3833679854869842 -5.9952774047851554
decision_type=2 2 2 2 2 2
left_child=4 2 -2 -3 5 -1
right_child=1 3 -4 -5 -6 -7
leaf_value=0.00031064139341115853 -0.0026766372480958307 -0.007557577320870726 0.015502313815945896 0.0037083978552269674 0.00092143642598747151 -0.016035611162229155
leaf_weight=0.55577893840381865 0.64152225147699837 3.1280027302855151 9.5937358640803705 1.3973924820020327 0.45658801234094593 7.3396497046778677
leaf_count=20 221 1379 510 127 66 4155
internal_value=-0.00018453 0.00846037 0.0134482 -0.00330211 -0.0133778 -0.014726
internal_weight=23.1127 14.7607 10.2353 4.5254 8.35202 7.89543
internal_count=6478 2237 731 1506 4241 4175
is_linear=0
shrinkage=0.025


Tree=106
num_leaves=7
num_cat=0
split_feature=21 26 12 24 26 24
split_gain=6.03961 1.93175 1.35225 1.22938 0.684783 0.480405
threshold=0.23640549182891848 -0.882708579301834 2.7645896673202519 -4.806595802307128 -0.3833679854869842 -3.6482713222503658
decision_type=2 2 2 2 2 2
left_child=3 2 -2 -1 -5 -3
right_child=1 5 -4 4 -6 -7
leaf_value=0.0021991347170712788 -0.0029830081060338394 0.0027154684242308613 0.015263213543633559 -0.016099824602518721 0.0006747675036722614 -0.006889979777443607
leaf_weight=1.1676036702410781 0.67019756184890766 1.1436901255219702 10.59571578868781 7.4506570753728738 0.50077752463403324 2.0866942407010356
leaf_count=49 203 123 688 4386 72 953
internal_value=0.00020283 0.00937267 0.0132102 -0.0120885 -0.0147082 -0.00314617
internal_weight=23.6153 14.4963 11.2659 9.11904 7.95143 3.23038
internal_count=6474 1967 891 4507 4458 1076
is_linear=0
shrinkage=0.025


Tree=107
num_leaves=7
num_cat=0
split_feature=27 6 22 24 21 21
split_gain=6.84986 2.93562 1.57814 0.717258 0.707552 0.217763
threshold=0.16955021023750308 4.1044580936431894 0.75381013751029979 0.44932882487773901 0.99625444412231456 1.8219149708747866
decision_type=2 2 2 2 2 2
left_child=1 3 4 -1 -2 -3
right_child=2 5 -4 -5 -6 -7
leaf_value=0.015725676782320615 -0.017662422749407408 -0.0076921096072305869 0.0026642539236202811 -0.00099767467061979498 0 0.00050542103254301856
leaf_weight=10.027443300379673 7.6900485129444842 1.956573028393904 1.2798061328649044 0.39509836051729585 0.92848339019110415 0.23354400449898083
leaf_count=432 4388 968 144 382 117 5
internal_value=-0.000573946 0.00986896 -0.0131463 0.0145686 -0.0160692 -0.00620513
internal_weight=22.511 12.6127 9.89834 10.4225 8.61853 2.19012
internal_count=6436 1787 4649 814 4505 973
is_linear=0
shrinkage=0.025


Tree=108
num_leaves=6
num_cat=0
split_feature=22 17 7 22 13
split_gain=6.45139 3.67047 1.01426 0.839044 0.752757
threshold=0.65600094199180614 0.5230606496334077 5.0578529834747323 -0.099008269608020769 2.9621075391769414
decision_type=2 2 2 2 2
left_child=1 2 -1 -3 -2
right_child=4 3 -4 -5 -6
leaf_value=-0.01795513284920297 -0.0013840183340067013 -0.0037394194655702429 0.00055585587718661063 0.0086240144845028729 0.014942448694925621
leaf_weight=8.4669614533486328 0.35518680242239309 1.174144697608426 1.0651731098914741 3.8555868197581722 7.7926147839170881
leaf_count=5015 89 598 265 263 275
internal_value=0 -0.00914518 -0.015977 0.00468936 0.0134997
internal_weight=22.7097 14.5619 9.53213 5.02973 8.1478
internal_count=6505 6141 5280 861 364
is_linear=0
shrinkage=0.025


Tree=109
num_leaves=7
num_cat=0
split_feature=21 19 13 27 5 23
split_gain=6.25949 3.67738 1.42009 0.672385 0.521842 0.10315
threshold=0.93220895528793346 0.20173196494579318 2.9621075391769414 0.73313146829605114 4.068850278854371 -6.3052735328674308
decision_type=2 2 2 2 2 2
left_child=1 3 -3 -1 5 -2
right_child=4 2 -4 -5 -6 -7
leaf_value=-0.01754964001398493 0 -0.0058049395468739769 0.0098638382066004171 0.00025314560795927188 -0.00033155089635454935 0.014987471650477585
leaf_weight=8.1621825472975615 0.48393399047199626 1.3417949520226091 4.0081044518738054 0.56336150955758135 0.51658331431099203 7.3051544323825492
leaf_count=5068 105 454 428 84 77 230
internal_value=6.85055e-06 -0.00897974 0.00442427 -0.0162714 0.0133575 0.0145287
internal_weight=22.3811 14.0754 5.3499 8.72554 8.30567 7.78909
internal_count=6446 6034 882 5152 412 335
is_linear=0
shrinkage=0.025


Tree=110
num_leaves=7
num_cat=0
split_feature=27 6 21 27 21 21
split_gain=6.02797 3.40231 1.09663 0.865102 0.408682 0.196354
threshold=0.17101974040269854 3.3475118875503544 0.99625444412231456 0.70716613531112682 1.8219149708747866 -0.15986076742410657
decision_type=2 2 2 2 2 2
left_child=1 5 3 -2 -3 -1
right_child=2 4 -4 -5 -6 -7
leaf_value=0 -0.015310796979689904 -0.0078910394166236183 0.0017260819843330907 0.0010380011668081369 0.0018338172505836595 0.016529111628774129
leaf_weight=0.3680642470862957 7.6020034415560058 2.6943330649519335 1.644665087093016 0.87643255485454563 0.46548251050990064 9.788426169383456
leaf_count=120 4357 1348 203 122 9 351
internal_value=0.000838775 0.0105361 -0.0107701 -0.013399 -0.00544664 0.0160773
internal_weight=23.4394 13.3163 10.1231 8.47844 3.15982 10.1565
internal_count=6510 1828 4682 4479 1357 471
is_linear=0
shrinkage=0.025


Tree=111
num_leaves=6
num_cat=0
split_feature=21 26 13 22 22
split_gain=6.15354 2.11683 1.44881 0.975788 0.349996
threshold=0.223491445183754 -0.882708579301834 2.2276637554168706 0.99908503890037548 0.75381013751029979
decision_type=2 2 2 2 2
left_child=3 2 -2 -1 -3
right_child=1 4 -4 -5 -6
leaf_value=-0.01597198211979638 -0.0032861941023887608 -0.0069902894248544166 0.015079982936053782 0.0013023803989182833 0.0016135391261535245
leaf_weight=7.2766233798611228 0.75122616978478518 2.1215182550949971 9.7309411752939905 0.83899102418217797 0.88865340946358617
leaf_count=4400 251 999 652 31 115
internal_value=-0.000724018 0.00847447 0.0127238 -0.0138939 -0.00424834
internal_weight=21.608 13.4923 10.4822 8.11561 3.01017
internal_count=6448 2017 903 4431 1114
is_linear=0
shrinkage=0.025


Tree=112
num_leaves=7
num_cat=0
split_feature=22 6 27 27 26 17
split_gain=5.38798 1.58646 1.35868 0.56691 0.548641 0.42533
threshold=0.22387114912271502 3.5663200616836552 0.12793050706386569 0.73313146829605114 -0.79649406671524037 0.5706164836883546
decision_type=2 2 2 2 2 2
left_child=2 4 5 -4 -2 -1
right_child=1 -3 3 -5 -6 -7
leaf_value=-0.0035063732628487668 0.014680062671398125 -0.0036575143650646939 -0.015304729251803593 0.00032684320558602428 0 0.0054716226436197302
leaf_weight=0.93752570304786997 8.7853820719901687 1.4904190340021148 7.0914106652635382 0.54781360342167307 1.2270681522495568 1.9489901208726221
leaf_count=680 352 373 4461 83 304 181
internal_value=9.60228e-05 0.0102185 -0.0102919 -0.0140034 0.0132306 0.00138884
internal_weight=22.0286 11.5029 10.5257 7.63922 10.0125 2.88652
internal_count=6434 1029 5405 4544 656 861
is_linear=0
shrinkage=0.025


Tree=113
num_leaves=7
num_cat=0
split_feature=21 24 17 12 4 23
split_gain=5.56108 2.70743 1.09314 0.797905 0.305082 0.191742
threshold=0.93220895528793346 -3.3517171144485469 0.5706164836883546 2.9992038011550908 4.9604418277740487 -6.3052735328674308
decision_type=2 2 2 2 2 2
left_child=1 4 -3 -2 -1 -5
right_child=3 2 -4 5 -6 -7
leaf_value=0.0072308942668362457 -0.0019382549418748988 -0.017199888560421591 0 0 -0.0013810724321981804 0.013869757062158053
leaf_weight=2.2323338556743706 0.41597671448835072 8.6745375032332941 1.976759188532015 0.39159034757176403 0.33605627287761297 6.7066511300217826
leaf_count=119 88 5294 548 113 73 226
internal_value=-0.00133512 -0.0101248 -0.0146567 0.0114959 0.0051103 0.0132755
internal_weight=20.7339 13.2197 10.6513 7.51422 2.56839 7.09824
internal_count=6461 6034 5842 427 192 339
is_linear=0
shrinkage=0.025


Tree=114
num_leaves=7
num_cat=0
split_feature=22 17 6 25 24 22
split_gain=5.65025 1.62121 1.60693 0.862103 0.322271 0.101107
threshold=0.22387114912271502 0.81952017545700084 4.1044580936431894 0.76381489634513866 0.46450623869895941 0.20122276246547702
decision_type=2 2 2 2 2 2
left_child=1 5 3 -2 -3 -1
right_child=2 4 -4 -5 -6 -7
leaf_value=-0.015566854545975473 0.014432658929269921 0.0056075017363401737 -0.0046420193241726226 -0.00068405530564506463 -0.0024962721818021427 0
leaf_weight=7.7248602035833773 8.936997118566067 1.5111590075539418 1.0284459525137197 1.3965437945298607 0.55950369406491507 0.29626697947969649
leaf_count=5018 469 42 276 322 207 73
internal_value=-0.000496846 -0.0116409 0.00955191 0.0124252 0.00231708 -0.0152302
internal_weight=21.4538 10.0918 11.362 10.3335 2.07066 8.02113
internal_count=6407 5340 1067 791 249 5091
is_linear=0
shrinkage=0.025


Tree=115
num_leaves=6
num_cat=0
split_feature=21 19 13 7 13
split_gain=5.09613 3.06848 1.2477 0.965244 0.757246
threshold=0.87791091203689586 0.20173196494579318 2.9621075391769414 5.0578529834747323 2.26893162727356
decision_type=2 2 2 2 2
left_child=1 3 -3 -1 -2
right_child=4 2 -4 -5 -6
leaf_value=-0.017019796646254696 -0.0016332330172426071 -0.0055328795707758841 0.009114669907116001 0.00071329838171157046 0.01379558304242548
leaf_weight=7.2964200483547774 0.39543167041847294 1.2933253519440757 4.094352655520197 1.0376287801482247 7.7804670461919159
leaf_count=4955 97 451 407 268 362
internal_value=0.000161645 -0.00804702 0.0040261 -0.0149036 0.0122384
internal_weight=21.8976 13.7217 5.38768 8.33405 8.1759
internal_count=6540 6081 858 5223 459
is_linear=0
shrinkage=0.025


Tree=116
num_leaves=7
num_cat=0
split_feature=22 13 3 5 21 27
split_gain=5.61858 2.53046 1.37549 0.655103 0.125633 0.0888159
threshold=0.035996479913592346 2.9621075391769414 1.1769916415214541 -0.20011815428733823 1.8219149708747866 -0.020628998056054112
decision_type=2 2 2 2 2 2
left_child=3 4 -3 -1 -2 -5
right_child=1 2 -4 5 -6 -7
leaf_value=0.00097663550392920566 -0.007378958521121204 -0.0026771633519682252 0.014701103611478817 0 0 -0.014893708555928746
leaf_weight=0.45991865060932546 1.6750596969941387 1.0924889259040345 11.786476651555857 0.36583347180567294 0.29187131917569775 6.099020327994368
leaf_count=87 587 406 853 102 10 4428
internal_value=0.000472315 0.00873807 0.0125409 -0.012958 -0.00639511 -0.014488
internal_weight=21.7707 14.8459 12.879 6.92477 1.96693 6.46485
internal_count=6473 1856 1259 4617 597 4530
is_linear=0
shrinkage=0.025


Tree=117
num_leaves=7
num_cat=0
split_feature=27 13 21 27 22 21
split_gain=5.29824 2.49659 0.756456 0.61135 0.548792 0.243662
threshold=0.16955021023750308 2.9621075391769414 0.99625444412231456 0.73313146829605114 -0.099008269608020769 1.3901588916778567
decision_type=2 2 2 2 2 2
left_child=1 5 3 -2 -3 -1
right_child=2 4 -4 -5 -6 -7
leaf_value=-0.0073498060721045137 -0.015830504557473903 -0.00064561411700526049 0.00023291859966530776 0.00041034682696181653 0.014839833655726066 0.00071415829664208557
leaf_weight=1.8778844570479152 6.8132077857298992 0.31167892260418639 1.4833586620661661 0.538052621326642 8.2074689885484968 0.47066948318388302
leaf_count=1051 4370 328 217 90 373 23
internal_value=-0.00100409 0.00880236 -0.0123405 -0.0144509 0.0137817 -0.00549689
internal_weight=19.7023 10.8677 8.83462 7.35126 8.51915 2.34855
internal_count=6452 1775 4677 4460 701 1074
is_linear=0
shrinkage=0.025


Tree=118
num_leaves=7
num_cat=0
split_feature=27 6 19 24 0 5
split_gain=4.09498 2.42531 1.4954 0.572099 0.566902 0.158185
threshold=0.17101974040269854 4.1044580936431894 0.54510602355003368 0.44932882487773901 0.35269799828529363 4.016282558441163
decision_type=2 2 2 2 2 2
left_child=1 3 4 -1 -2 -3
right_child=2 5 -4 -5 -6 -7
leaf_value=0.014246967024049519 0.00035196820556345995 5.4127661850197564e-05 0.0032271608525004632 -0.00079497034931024684 -0.014993438322865782 -0.007196683767671571
leaf_weight=8.1455205711972667 0.57676655554678102 0.29645473598793559 1.5122132939286528 0.3585160572256435 7.1635318336630007 1.8028546235873362
leaf_count=422 129 106 149 393 4400 883
internal_value=-0.000504579 0.00820995 -0.0103066 0.0130905 -0.01367 -0.00597541
internal_weight=19.8559 10.6033 9.25251 8.50404 7.7403 2.09931
internal_count=6482 1804 4678 815 4529 989
is_linear=0
shrinkage=0.025


Tree=119
num_leaves=7
num_cat=0
split_feature=22 17 3 24 11 23
split_gain=5.23467 2.82922 0.837327 0.784185 0.707145 0.325036
threshold=0.5902208983898164 0.5706164836883546 -0.2007501348853111 0.44932882487773901 2.2115647792816167 -5.5092737674713126
decision_type=2 2 2 2 2 2
left_child=1 2 -1 -3 -2 -6
right_child=4 3 -4 -5 5 -7
leaf_value=0.00039106250513739731 -0.0011748030206845399 0.0080133320439022028 -0.016770103270529146 -0.0040502385737350372 0 0.014657903462894346
leaf_weight=1.0043005946063202 0.58664178423350577 3.5171000959235235 7.3634711222403002 0.90908669010968868 0.33977875357959408 6.9567418005899526
leaf_count=185 98 211 5114 485 120 228
internal_value=0 -0.00867831 -0.014867 0.00403845 0.0122445 0.0138707
internal_weight=20.6771 12.794 8.36777 4.42619 7.88316 7.29652
internal_count=6441 5995 5299 696 446 348
is_linear=0
shrinkage=0.025


Tree=120
num_leaves=7
num_cat=0
split_feature=21 19 13 27 13 23
split_gain=5.70889 2.89372 0.983122 0.695335 0.624009 0.0208035
threshold=0.93220895528793346 0.24930278956890109 2.9621075391769414 0.73313146829605114 2.2276637554168706 -5.7434072494506827
decision_type=2 2 2 2 2 2
left_child=1 3 -3 -1 -2 -6
right_child=4 2 -4 -5 5 -7
leaf_value=-0.017280117320907503 -0.0011776454268823372 -0.0049539445497788883 0.0082778528979726585 0.00043606860777712703 0 0.014118730774034437
leaf_weight=7.436685501335889 0.32711176187149149 1.1475547109002944 3.4373953069443814 0.531576143024722 0.64332110276154697 6.9274467058567097
leaf_count=5207 82 404 329 88 116 221
internal_value=-2.83276e-05 -0.00950575 0.00345739 -0.0159038 0.0123963 0.0137151
internal_weight=20.4511 12.5532 4.58495 7.96826 7.89788 7.57077
internal_count=6447 6028 733 5295 419 337
is_linear=0
shrinkage=0.025


Tree=121
num_leaves=7
num_cat=0
split_feature=21 19 13 7 5 5
split_gain=4.58374 2.4839 1.00784 0.95563 0.473397 0.199738
threshold=0.93220895528793346 0.24930278956890109 2.9621075391769414 5.0578529834747323 4.016282558441163 0.34405954182147985
decision_type=2 2 2 2 2 2
left_child=1 3 -3 -1 5 -2
right_child=4 2 -4 -5 -6 -7
leaf_value=-0.01657502566779807 0 -0.0051155269976149139 0.008220384419682817 0.00084916460533104366 -0.00049356325591500862 0.013416120371195928
leaf_weight=7.0693647833686573 0.32068695862835639 1.1774698346562207 3.4924892232520506 1.007574313029181 0.51745800368371409 6.1649402415496297
leaf_count=5040 90 405 331 263 79 241
internal_value=-0.000245642 -0.00847968 0.00330513 -0.0144299 0.0115102 0.0128101
internal_weight=19.75 12.7469 4.66996 8.07694 7.00309 6.48563
internal_count=6449 6039 736 5303 410 331
is_linear=0
shrinkage=0.025


Tree=122
num_leaves=7
num_cat=0
split_feature=22 6 26 5 17 25
split_gain=4.23187 2.02366 1.47377 0.52943 0.432907 0.126072
threshold=0.035996479913592346 3.3475118875503544 -0.882708579301834 -0.20011815428733823 1.0149448513984682 -4.3013892173767081
decision_type=2 2 2 2 2 2
left_child=3 2 -2 -1 -5 -3
right_child=1 5 -4 4 -6 -7
leaf_value=0.0008917723269146956 0.015222440527427326 0 -0.0012703569057171793 -0.013941056747465715 0 -0.0064829595362612194
leaf_weight=0.47270240988291412 8.6935175652615708 0.79749186657136339 2.6649288457410867 5.5717819583951513 0.92003226254018944 1.447350824222666
leaf_count=90 329 76 827 4437 115 626
internal_value=0.000414254 0.00800385 0.0117653 -0.0110373 -0.0124599 -0.00515037
internal_weight=20.5678 13.6033 11.3584 6.96452 6.49181 2.24484
internal_count=6500 1858 1156 4642 4552 702
is_linear=0
shrinkage=0.025


Tree=123
num_leaves=6
num_cat=0
split_feature=21 24 17 13 13
split_gain=4.57927 2.14985 0.979348 0.65205 0.250747
threshold=0.93220895528793346 -3.3517171144485469 0.5706164836883546 2.2276637554168706 2.9621075391769414
decision_type=2 2 2 2 2
left_child=1 4 -3 -2 -1
right_child=3 2 -4 -5 -6
leaf_value=-0.00098151320120099493 -0.0013767549758012098 -0.014722143588897877 0.0003823159136367628 0.013265140695841338 0.0070290484735991204
leaf_weight=0.31143297083326738 0.35615348842111316 8.193072432492043 2.0740891464229216 7.2330289249657653 2.1624511728005018
leaf_count=80 84 5356 560 339 106
internal_value=8.90219e-05 -0.00789941 -0.0121356 0.0118077 0.00520238
internal_weight=20.3302 12.741 10.2672 7.58918 2.47388
internal_count=6525 6102 5916 423 186
is_linear=0
shrinkage=0.025


Tree=124
num_leaves=7
num_cat=0
split_feature=21 19 12 6 15 25
split_gain=5.20801 3.05665 0.732456 0.673722 0.610656 0.114702
threshold=0.93220895528793346 0.34076097607612615 2.4626867771148686 4.1200411319732675 1.1111435890197756 2.623487234115601
decision_type=2 2 2 2 2 2
left_child=1 4 -3 5 -1 -2
right_child=3 2 -4 -5 -6 -7
leaf_value=-0.017086241505534068 0.013709385660271124 -0.0038015316883490882 0.0079670211802060128 -0.0014773161623371444 0 0
leaf_weight=7.8141739513812372 6.4129360589286071 0.85718452862056338 3.3526508617796935 0.37289280598633912 0.67508378940692626 0.50934825489821367
leaf_count=5404 220 264 273 92 153 112
internal_value=-0.000772475 -0.0095255 0.00412922 0.0116334 -0.0157809 0.0131873
internal_weight=19.9943 12.6991 4.20984 7.29518 8.48926 6.92228
internal_count=6518 6094 537 424 5557 332
is_linear=0
shrinkage=0.025


Tree=125
num_leaves=7
num_cat=0
split_feature=21 24 17 13 4 3
split_gain=4.59444 1.33267 0.850012 0.754287 0.202091 0.117006
threshold=0.87791091203689586 -3.3517171144485469 0.5706164836883546 2.2276637554168706 4.7170488834381112 1.1769916415214541
decision_type=2 2 2 2 2 2
left_child=1 4 -3 -2 -1 -5
right_child=3 2 -4 5 -6 -7
leaf_value=0.005159385140900365 -0.0018265512640917008 -0.014219659267521657 0.00013938133667539527 0 -0.0013902296044023645 0.013330753974894955
leaf_weight=1.7285052287916198 0.42965697360341337 7.7942105322872521 2.0506778208509786 0.27099786527105596 0.31450241099810217 6.8844021638651611
leaf_count=98 103 5270 547 68 75 308
internal_value=0 -0.00872637 -0.0117681 0.0112243 0.00299255 0.0129511
internal_weight=19.473 11.8879 9.84489 7.58506 2.04301 7.1554
internal_count=6469 5990 5817 479 173 376
is_linear=0
shrinkage=0.025


Tree=126
num_leaves=7
num_cat=0
split_feature=27 6 22 0 19 22
split_gain=3.68309 2.72406 0.9206 0.514737 0.240335 0.131432
threshold=0.17101974040269854 3.3157039880752568 0.75381013751029979 0.35269799828529363 -0.41285502910614008 0.92900830507278453
decision_type=2 2 2 2 2 2
left_child=1 4 3 -2 -1 -3
right_child=2 5 -4 -5 -6 -7
leaf_value=0 0.00053329742166038387 -0.0068156571918369518 0.0020008675687703445 -0.013314413163488782 0.014327108648957636 0
leaf_weight=0.23192537113209155 0.54818280751351078 2.2927467103872909 1.3019379574543561 6.690351103185094 8.1339022233150917 0.52598321030382056
leaf_count=67 125 1347 153 4344 383 40
internal_value=0 0.00824348 -0.00942227 -0.0119656 0.0138009 -0.00572904
internal_weight=19.725 11.1846 8.54047 7.23853 8.36583 2.81873
internal_count=6459 1837 4622 4469 450 1387
is_linear=0
shrinkage=0.025


Tree=127
num_leaves=7
num_cat=0
split_feature=22 17 7 24 6 23
split_gain=4.2025 2.72898 0.975749 0.60341 0.427855 0.152267
threshold=0.71941468119621288 0.66106122732162487 5.0578529834747323 0.46450623869895941 3.593332171440125 -5.7434072494506827
decision_type=2 2 2 2 2 2
left_child=1 2 -1 -3 5 -2
right_child=4 3 -4 -5 -6 -7
leaf_value=-0.016004792340681848 0 0.0080262065542032381 0.0011372389500846581 -0.0030036061434453422 -0.00043226971554029427 0.013322520326561295
leaf_weight=7.3845758096140361 0.34807030839147035 3.2536140825832258 0.95830423379084084 0.6887597931199706 0.38483282006927755 5.8042665040848069
leaf_count=5274 94 159 269 380 84 157
internal_value=0 -0.00786961 -0.0138791 0.00479833 0.0116136 0.0127835
internal_weight=18.8224 12.2853 8.34288 3.94237 6.53717 6.15234
internal_count=6417 6082 5543 539 335 251
is_linear=0
shrinkage=0.025


Tree=128
num_leaves=7
num_cat=0
split_feature=21 19 13 13 20 2
split_gain=4.96627 2.00837 0.689153 0.629278 0.443599 0.182458
threshold=0.87791091203689586 0.24930278956890109 2.9621075391769414 2.26893162727356 2.1145727634429936 1.5971395373344424
decision_type=2 2 2 2 2 2
left_child=1 4 -3 -2 -1 -5
right_child=3 2 -4 5 -6 -7
leaf_value=-0.016569994066875076 -0.0015171625351329536 -0.0045897509351324594 0.0065770245390413366 0 0 0.012695672275254461
leaf_weight=7.0014742891944497 0.38572099345037614 1.0874476572062124 2.709447273373371 0.08348780040978443 0.30608716529968649 6.5409326247026911
leaf_count=5213 102 400 305 35 72 336
internal_value=-0.00154282 -0.0105537 0.00187741 0.0106618 -0.0156592 0.0122561
internal_weight=18.1146 11.1045 3.79689 7.01014 7.30756 6.62442
internal_count=6463 5990 705 473 5285 371
is_linear=0
shrinkage=0.025


Tree=129
num_leaves=7
num_cat=0
split_feature=21 13 26 27 22 12
split_gain=4.39584 1.52685 1.26959 0.601624 0.462388 0.0369107
threshold=0.17918867617845538 2.2276637554168706 -0.882708579301834 0.73313146829605114 0.99908503890037548 5.915407896041871
decision_type=2 2 2 2 2 2
left_child=3 -2 -3 4 -1 -5
right_child=1 2 -4 5 -6 -7
leaf_value=-0.013846122828831376 -0.0047933690786879255 0.014396658696552007 -0.00075392144589683536 0 8.0446184426727723e-05 0.0025095158395592784
leaf_weight=5.5323951460159178 1.0734497321827792 9.5919884378527041 2.9201198695955091 0.20343231403967355 0.6546764782979152 0.19014936918392777
leaf_count=4151 384 747 1115 50 31 8
internal_value=0.00121458 0.00874294 0.0112982 -0.0108522 -0.0124365 0.00133528
internal_weight=20.1662 13.5856 12.5121 6.58065 6.18707 0.393582
internal_count=6486 2246 1862 4240 4182 58
is_linear=0
shrinkage=0.025


Tree=130
num_leaves=7
num_cat=0
split_feature=21 22 17 13 4 23
split_gain=3.75222 1.96583 0.991565 0.577439 0.121345 0.0106166
threshold=0.93220895528793346 0.75381013751029979 0.5706164836883546 2.2276637554168706 4.7396769523620614 -5.7434072494506827
decision_type=2 2 2 2 2 2
left_child=1 2 -1 -2 -3 -5
right_child=3 4 -4 5 -6 -7
leaf_value=-0.014020964530731922 -0.0012402356653715718 0.0063874234734828022 0.00068881246745166073 0 0 0.012995054353312559
leaf_weight=7.6110635734658008 0.33612236529006523 1.9637988347240019 2.1216419318225235 0.70284650633402623 0.43866903634625476 6.0437551025097491
leaf_count=5370 80 65 533 109 64 224
internal_value=0.00035017 -0.00701181 -0.0112446 0.011163 0.00530435 0.0125778
internal_weight=19.2179 12.1352 9.73271 7.08272 2.40247 6.7466
internal_count=6445 6032 5903 413 129 333
is_linear=0
shrinkage=0.025


Tree=131
num_leaves=6
num_cat=0
split_feature=22 6 26 21 17
split_gain=4.30254 1.89714 1.14935 0.128805 0.0506179
threshold=0.035996479913592346 3.3475118875503544 -0.79649406671524037 1.8219149708747866 1.0149448513984682
decision_type=2 2 2 2 2
left_child=4 2 -2 -3 -1
right_child=1 3 -4 -5 -6
leaf_value=-0.013524567522317926 0.013511511793563606 -0.006590705663427056 -0.0018544492555795464 0 0
leaf_weight=5.3176018898084321 8.7312900649849308 1.8556040652474615 1.6545496419275867 0.24565367825562123 0.62860385366366234
leaf_count=4535 509 693 604 8 112
internal_value=-0.000634159 0.00694277 0.0108502 -0.00553157 -0.01302
internal_weight=18.4333 12.4871 10.3858 2.10126 5.94621
internal_count=6461 1814 1113 701 4647
is_linear=0
shrinkage=0.025


Tree=132
num_leaves=7
num_cat=0
split_feature=21 19 5 21 24 23
split_gain=4.5368 2.96452 0.611932 0.514649 0.0831157 0.0255614
threshold=0.93220895528793346 0.20173196494579318 4.016282558441163 0.006675979122519494 -3.5128403902053829 -5.7434072494506827
decision_type=2 2 2 2 2 2
left_child=1 4 5 -3 -1 -2
right_child=2 3 -4 -5 -6 -7
leaf_value=0 0 -0.0026510435367510035 -0.0013631646802248979 0.0069773443890191276 -0.016197410388912741 0.01309334566145102
leaf_weight=0.10146570744109418 0.69322494165680826 1.2754385827574877 0.34940973453922186 3.447260546439793 6.6767816401697937 6.2681278858362921
leaf_count=14 124 514 77 348 5139 238
internal_value=-8.17712e-05 -0.00884999 0.0111964 0.00370813 -0.0159902 0.0126556
internal_weight=18.8117 11.5009 7.31076 4.7227 6.77825 6.96135
internal_count=6454 6015 439 862 5153 362
is_linear=0
shrinkage=0.025


Tree=133
num_leaves=7
num_cat=0
split_feature=22 21 19 11 23 23
split_gain=3.65454 2.21107 0.802653 0.372728 0.306496 0.139103
threshold=0.71941468119621288 0.99625444412231456 0.34076097607612615 2.2383959293365483 -0.67208433151245106 -5.5092737674713126
decision_type=2 2 2 2 2 2
left_child=1 2 -1 -2 -3 -5
right_child=3 4 -4 5 -6 -7
leaf_value=-0.014372698850492215 -6.6790507538549697e-05 0.0073110368518117148 9.8772549833305197e-05 0 -0.0012488113047075936 0.012884572119829785
leaf_weight=7.3575999067543325 0.55359927943209086 2.4446233520575338 1.8458153175597543 0.26843241206370283 0.49647921755968027 5.3592670251382515
leaf_count=5460 80 90 402 79 120 150
internal_value=0 -0.00718142 -0.0120172 0.0111893 0.00520253 0.0123951
internal_weight=18.3258 12.1445 9.20342 6.1813 2.9411 5.6277
internal_count=6381 6072 5862 309 210 229
is_linear=0
shrinkage=0.025


Tree=134
num_leaves=7
num_cat=0
split_feature=21 19 13 27 13 23
split_gain=3.8356 2.02454 0.751479 0.667584 0.562794 0.0344853
threshold=0.93220895528793346 0.28543786704540258 2.9621075391769414 0.73313146829605114 2.2276637554168706 -5.7434072494506827
decision_type=2 2 2 2 2 2
left_child=1 3 -3 -1 -2 -6
right_child=4 2 -4 -5 5 -7
leaf_value=-0.015229101289831855 -0.0013516212397963814 -0.0043460505100285348 0.007375703101984034 0.00083932541456038171 0 0.012235671200220429
leaf_weight=6.7857466780842532 0.35449266052455541 1.0054203012405194 2.9966902639862383 0.47287908024736669 0.62847742119629391 5.8834557735681301
leaf_count=5344 86 352 283 83 111 225
internal_value=-0.000300521 -0.00834903 0.00295835 -0.0137571 0.0103284 0.011818
internal_weight=18.1272 11.2607 4.00211 7.25863 6.86643 6.51193
internal_count=6484 6062 635 5427 422 336
is_linear=0
shrinkage=0.025


Tree=135
num_leaves=7
num_cat=0
split_feature=22 6 3 5 7 0
split_gain=3.20758 1.90815 0.954767 0.568333 0.266095 0.103774
threshold=0.035996479913592346 3.2042828798294072 1.1015259623527529 -0.20011815428733823 -1.0743680000305174 3.5871379375457768
decision_type=2 2 2 2 2 2
left_child=3 2 -2 -1 -5 -3
right_child=1 5 -4 4 -6 -7
leaf_value=0.0013197221911032851 -0.0018416493920667754 0 0.01297714391619724 0 -0.012745184449033163 -0.0064014690017836322
leaf_weight=0.40511645715741984 1.1142106734623656 0.2720003228168929 9.3447583412053046 0.30912499294936502 5.1884241570005551 1.8507311711000509
leaf_count=84 405 24 696 33 4503 726
internal_value=0.000225845 0.00700622 0.0109091 -0.0102385 -0.0119086 -0.00550527
internal_weight=18.4844 12.5817 10.459 5.90267 5.49755 2.12273
internal_count=6471 1851 1101 4620 4536 750
is_linear=0
shrinkage=0.025


Tree=136
num_leaves=7
num_cat=0
split_feature=21 22 7 6 11 15
split_gain=3.82226 1.62527 0.874861 0.780101 0.223056 0.0441924
threshold=0.87791091203689586 0.71941468119621288 5.0578529834747323 4.1200411319732675 2.2383959293365483 0.82794609665870678
decision_type=2 2 2 2 2 2
left_child=1 2 -1 5 -3 -2
right_child=3 4 -4 -5 -6 -7
leaf_value=-0.013730799476764624 0.013011022661661324 -0.0011780008035178289 0.0015401881104628722 -0.0020090492877278135 0.0060006802175007305 0
leaf_weight=7.822939583144036 6.1969024724530746 0.28356832385179531 0.88760697359975882 0.45524609964922991 1.9348922086064702 0.43714965422986996
leaf_count=5596 265 70 266 119 81 91
internal_value=0 -0.00786999 -0.0117246 0.0107702 0.00403687 0.0126709
internal_weight=18.0183 10.929 8.71055 7.0893 2.21846 6.63405
internal_count=6488 6013 5862 475 151 356
is_linear=0
shrinkage=0.025


Tree=137
num_leaves=7
num_cat=0
split_feature=21 6 26 27 22 21
split_gain=3.82791 1.06324 0.619396 0.578906 0.569189 0.136939
threshold=0.31097395718097692 3.3475118875503544 -0.79649406671524037 0.73313146829605114 1.077011823654175 1.8219149708747866
decision_type=2 2 2 2 2 2
left_child=3 2 -2 4 -1 -3
right_child=1 5 -4 -5 -6 -7
leaf_value=-0.013858410850194874 0.012810487706293009 -0.0045005643084584266 -8.8513352745372243e-05 0.0012766145923681627 0.00047455049601842313 0.00080392516890155923
leaf_weight=5.5789512118717566 7.637904886621981 1.3088455524994049 1.615467712006647 0.40737673395778973 0.71667068806709711 0.53216590144438658
leaf_count=4706 480 639 537 70 31 23
internal_value=1.64397e-05 0.00814671 0.010879 -0.0106376 -0.0121857 -0.00258674
internal_weight=17.7974 11.0944 9.25337 6.703 6.29562 1.84101
internal_count=6486 1679 1017 4807 4737 662
is_linear=0
shrinkage=0.025


Tree=138
num_leaves=7
num_cat=0
split_feature=26 22 6 21 21 25
split_gain=3.73555 2.1581 1.66106 0.231575 0.119343 0.0526976
threshold=-0.97006300091743458 0.75381013751029979 4.1044580936431894 -0.15986076742410657 1.8219149708747866 -0.87330827116966236
decision_type=2 2 2 2 2 2
left_child=2 -2 3 -1 -4 -3
right_child=1 5 4 -5 -6 -7
leaf_value=0 -0.014205771574783319 0.0052720098575856824 -0.0054411187046723257 0.013538677329839266 0.00018333758968166298 0
leaf_weight=0.13914925414428569 7.1343307501665532 1.7311186825827465 1.3595944326516471 6.7372013021376933 0.2309338868362828 0.28879816032713268
leaf_count=136 4957 76 808 356 5 90
internal_value=-0.00027635 -0.00941286 0.00896501 0.0129985 -0.00415661 0.00468603
internal_weight=17.6211 9.15425 8.46688 6.87635 1.59053 2.01992
internal_count=6428 5123 1305 492 813 166
is_linear=0
shrinkage=0.025


Tree=139
num_leaves=7
num_cat=0
split_feature=22 17 24 27 11 21
split_gain=3.16809 2.43738 0.798474 0.697886 0.448101 0.0147613
threshold=0.75381013751029979 0.5230606496334077 0.22502973675727847 0.73313146829605114 2.2115647792816167 1.3901588916778567
decision_type=2 2 2 2 2 2
left_child=1 3 -3 -1 5 -2
right_child=4 2 -4 -5 -6 -7
leaf_value=-0.015134452408677125 -0.0014273436871365482 0.0079704862485765384 -0.0041200785816264719 0.0010261545698831745 0.011926341590578734 0
leaf_weight=6.3640402846504021 0.30712197234970418 3.7200312696659239 0.93880497169448052 0.44227697845781211 5.2198945514683146 0.27339623105945066
leaf_count=5149 70 270 616 77 218 9
internal_value=0 -0.0069917 0.00401545 -0.0135651 0.0104311 -0.000533182
internal_weight=17.2656 11.4652 4.65884 6.80632 5.80041 0.580518
internal_count=6409 6112 886 5226 297 79
is_linear=0
shrinkage=0.025


Tree=140
num_leaves=7
num_cat=0
split_feature=22 17 24 6 21 25
split_gain=4.0633 2.91965 0.609034 0.583315 0.177503 0.0292873
threshold=0.5902208983898164 0.66106122732162487 0.46450623869895941 3.9445605278015141 0.93220895528793346 -0.15372505784034726
decision_type=2 2 2 2 2 2
left_child=1 4 -3 5 -1 -2
right_child=3 2 -4 -5 -6 -7
leaf_value=-0.015879356621574452 0.012722909291071158 0.0079657623607272948 -0.0030783160065839281 -0.001282471248988167 0 0
leaf_weight=6.5046502694021928 5.8647668692428852 3.1361206459405371 0.71243956324178714 0.36952052757260379 0.36024378507863719 0.45401780286920157
leaf_count=5392 210 143 383 92 88 119
internal_value=-5.57623e-05 -0.00857335 0.00463078 0.0108842 -0.0153345 0.0124001
internal_weight=17.4018 10.7135 3.84856 6.68831 6.86489 6.31878
internal_count=6427 6006 526 421 5480 329
is_linear=0
shrinkage=0.025


Tree=141
num_leaves=6
num_cat=0
split_feature=21 26 6 13 27
split_gain=3.08573 1.29042 0.577053 0.553274 0.539872
threshold=0.93220895528793346 -1.0190690755844114 3.9445605278015141 2.26893162727356 0.73313146829605114
decision_type=2 2 2 2 2
left_child=1 2 -1 -2 -3
right_child=3 4 -4 -5 -6
leaf_value=0.0068514979333823452 -0.0013738112380637625 -0.012455514909516378 -0.0036510952914038859 0.011571338419736692 0.00095978344136395067
leaf_weight=2.2111660724622211 0.35999952908605237 6.9877773219268429 0.92765592699288379 6.1020413548394572 0.45040297365630966
leaf_count=129 86 5257 531 328 89
internal_value=0 -0.00706605 0.00264348 0.0100202 -0.0110814
internal_weight=17.039 10.577 3.13882 6.46204 7.43818
internal_count=6420 6006 660 414 5346
is_linear=0
shrinkage=0.025


Tree=142
num_leaves=7
num_cat=0
split_feature=21 22 17 13 4 23
split_gain=3.34194 1.66232 1.01702 0.540584 0.110857 0.0257059
threshold=0.93220895528793346 0.75381013751029979 0.66106122732162487 2.2276637554168706 4.7396769523620614 -6.3052735328674308
decision_type=2 2 2 2 2 2
left_child=1 2 -1 -2 -3 -5
right_child=3 4 -4 5 -6 -7
leaf_value=-0.013968717119123382 -0.0011868934844060203 0.0057206078930714241 0.0012254326486173057 0 0 0.012437130672216835
leaf_weight=6.6080511898762797 0.33956728904740785 1.7964258436695666 1.6971847734093897 0.52447713982837729 0.42790286772651587 5.9069977893232135
leaf_count=5524 86 65 395 102 62 233
internal_value=0.000501892 -0.00696621 -0.0111003 0.0106723 0.00460396 0.0120905
internal_weight=17.3006 10.5296 8.30524 6.77104 2.22433 6.43147
internal_count=6467 6046 5919 421 127 335
is_linear=0
shrinkage=0.025


Tree=143
num_leaves=7
num_cat=0
split_feature=22 6 26 5 21 2
split_gain=2.98445 1.52 1.03358 0.58654 0.0872632 0.0496423
threshold=0.035996479913592346 3.3475118875503544 -0.882708579301834 -0.20011815428733823 1.8219149708747866 -0.12829102203249929
decision_type=2 2 2 2 2 2
left_child=3 2 -2 5 -3 -1
right_child=1 4 -4 -5 -6 -7
leaf_value=-0.0001669840857819558 0.013446329909581986 -0.0054649919753413717 -0.00086133564765238351 -0.012138138276993381 0 0.0028244627333146488
leaf_weight=0.25177227494714316 7.2047900988254687 1.7851164472667727 2.4404241044539949 4.8918924133104174 0.25187855126569036 0.14289330373867493
leaf_count=73 323 704 809 4559 9 13
internal_value=1.12571e-05 0.00676874 0.0103413 -0.0103456 -0.00458767 0.00137153
internal_weight=16.9688 11.6822 9.64521 5.28656 2.03699 0.394666
internal_count=6490 1845 1132 4645 713 86
is_linear=0
shrinkage=0.025


Tree=144
num_leaves=7
num_cat=0
split_feature=21 19 6 5 12 23
split_gain=3.63311 2.002 0.566763 0.461812 0.443558 0.127597
threshold=0.93220895528793346 0.28543786704540258 3.9445605278015141 4.016282558441163 7.1882870197296151 -5.7434072494506827
decision_type=2 2 2 2 2 2
left_child=1 4 -3 5 -1 -2
right_child=3 2 -4 -5 -6 -7
leaf_value=-0.015517839603755461 0 0.0064722658026833239 -0.0037353168050574814 -0.00084526734995135882 0.00014688605694393382 0.011819958018719202
leaf_weight=6.1972080769191979 0.53856954352522723 2.9513540165935415 0.88763512464356598 0.51991017596446898 0.29351638186199114 5.2181194511649656
leaf_count=5387 122 326 327 83 19 222
internal_value=-0.000995764 -0.00895371 0.00262712 0.00970976 -0.0145099 0.0111939
internal_weight=16.6063 10.3297 3.83899 6.2766 6.49072 5.75669
internal_count=6486 6059 653 427 5406 344
is_linear=0
shrinkage=0.025


Tree=145
num_leaves=7
num_cat=0
split_feature=21 24 17 3 11 20
split_gain=3.39616 1.85747 0.737303 0.219649 0.195732 0.104952
threshold=0.99625444412231456 -3.3517171144485469 0.81952017545700084 6.1427247524261483 2.2383959293365483 1.398626506328583
decision_type=2 2 2 2 2 2
left_child=1 4 -3 5 -1 -2
right_child=3 2 -4 -5 -6 -7
leaf_value=-0.00079891546394700384 0.011484907515189855 -0.014324613794358019 0.00062210460603115468 0 0.0062043722606474373 0
leaf_weight=0.23820788177545305 5.396534425468416 6.8125602401923979 1.0792777674505485 0.32068455775151949 1.9785703467787241 0.42408254838665005
leaf_count=64 230 5719 184 35 113 106
internal_value=0 -0.00794683 -0.0123472 0.0102409 0.00455366 0.0109851
internal_weight=16.2499 10.1086 7.89184 6.1413 2.21678 5.82062
internal_count=6451 6080 5903 371 177 336
is_linear=0
shrinkage=0.025


Tree=146
num_leaves=7
num_cat=0
split_feature=18 13 13 26 14 14
split_gain=2.8227 1.08285 0.649539 0.599914 0.153096 0.101249
threshold=0.15058158338069919 5.4619572162628183 2.2276637554168706 -0.89330852031707753 0.21829009056091311 3.6380107402801518
decision_type=2 2 2 2 2 2
left_child=1 5 -2 -4 -3 -1
right_child=2 4 3 -5 -6 -7
leaf_value=-0.01228670933705934 -0.0023465540015374688 0.00493130408507553 0.011785403492836653 -2.312649690182336e-05 -0.00085424180757100697 0
leaf_weight=5.8294478702810038 0.60884220973093661 0.76824142732948508 6.3092742248190907 2.1501964613053124 0.51804533370886929 0.11493273470114207
leaf_count=4711 248 208 481 626 224 9
internal_value=0 -0.00878259 0.00763827 0.009426 0.00278085 -0.0119831
internal_weight=16.299 7.23067 9.06831 8.45947 1.28629 5.94438
internal_count=6507 5152 1355 1107 432 4720
is_linear=0
shrinkage=0.025


Tree=147
num_leaves=7
num_cat=0
split_feature=27 6 25 0 19 17
split_gain=2.4056 2.047 0.88657 0.518299 0.211638 0.110208
threshold=0.17101974040269854 3.3475118875503544 -3.7403987646102901 0.35269799828529363 -0.41285502910614008 1.3012421727180483
decision_type=2 2 2 2 2 2
left_child=1 4 -2 -4 -1 -3
right_child=2 5 3 -5 -6 -7
leaf_value=0 0.002486690078714313 -0.006438083334024374 0.00080356853048023044 -0.012504512157930858 0.012632630954442012 0
leaf_weight=0.2057848632466629 1.1183266690495663 1.9787054732005347 0.50467683367605598 5.824821583366429 6.5235899185790931 0.28914530371548597
leaf_count=71 73 1339 132 4477 392 31
internal_value=-8.18655e-05 0.00680247 -0.00829232 -0.0110054 0.0120626 -0.00550659
internal_weight=16.4451 8.99723 7.44783 6.3295 6.72937 2.26785
internal_count=6515 1833 4682 4609 463 1370
is_linear=0
shrinkage=0.025


Tree=148
num_leaves=7
num_cat=0
split_feature=27 22 5 0 22 13
split_gain=3.18201 1.28392 1.19121 0.559444 0.247385 0.0755123
threshold=0.10885978490114213 0.75381013751029979 4.7542691230773935 0.35269799828529363 -0.25369100272655482 3.0975192785263066
decision_type=2 2 2 2 2 2
left_child=2 3 4 -2 -1 -3
right_child=1 5 -4 -5 -6 -7
leaf_value=0 0.00084631694968619942 0 -0.0034486682315484278 -0.013090064027624441 0.013093116198951199 0.0041894664424343064
leaf_weight=0.17471474135527376 0.49604467708559052 0.15138495084829617 0.84838103830406897 6.7632028016887489 5.9711542453878819 1.6820250379678325
leaf_count=226 134 40 420 5228 302 143
internal_value=0 -0.0081564 0.00936181 -0.0116712 0.0124447 0.00320254
internal_weight=16.0869 9.09266 6.99425 7.25925 6.14587 1.83341
internal_count=6493 5545 948 5362 528 183
is_linear=0
shrinkage=0.025


Tree=149
num_leaves=7
num_cat=0
split_feature=26 5 22 24 19 13
split_gain=3.00928 1.61331 1.01272 0.403771 0.145317 0.127227
threshold=-0.93105351924896229 4.048520803451539 0.75381013751029979 0.44932882487773901 0.56999501585960399 2.9621075391769414
decision_type=2 2 2 2 2 2
left_child=1 3 4 -1 -2 -3
right_child=2 5 -4 -5 -6 -7
leaf_value=0.012537822403207603 -0.013225087358604164 -0.0058812765660047747 0.0021424886647341437 -0.00045069999145251204 0 6.9816736202929725e-05
leaf_weight=6.9774518750200532 5.3494940896562175 1.4481882040781782 1.3185782791551899 0.30016709685150988 0.30712217438849609 0.37584282108582545
leaf_count=435 4375 840 146 439 53 118
internal_value=-0.000253273 0.0073739 -0.00965098 0.0115277 -0.0127019 -0.00458648
internal_weight=16.0768 9.10165 6.97519 7.27762 5.65662 1.82403
internal_count=6406 1832 4574 874 4428 958
is_linear=0
shrinkage=0.025


Tree=150
num_leaves=7
num_cat=0
split_feature=22 13 21 11 14 5
split_gain=2.5089 1.57663 0.776619 0.492777 0.474799 0.0106594
threshold=0.75381013751029979 4.5382249355316171 1.8219149708747866 2.2115647792816167 0.38731165230274206 3.1299332380294804
decision_type=2 2 2 2 2 2
left_child=1 2 -1 5 -3 -2
right_child=3 4 -4 -5 -6 -7
leaf_value=-0.013423009821814956 0 0.0062796226081899336 0.0016108695479885881 0.011507169124235644 -0.0029331099815576803 -0.0015559801099866294
leaf_weight=5.677531230903698 0.09420493245124717 3.3712549386182218 0.60612108092755068 4.9456572136114119 1.0851944998285032 0.29638929784414358
leaf_count=4559 2 1130 21 207 423 71
internal_value=0.000135669 -0.00592907 -0.0113477 0.00991012 0.00301062 -0.00106906
internal_weight=16.0764 10.7401 6.28365 5.33625 4.45645 0.390594
internal_count=6413 6133 4580 280 1553 73
is_linear=0
shrinkage=0.025


Tree=151
num_leaves=7
num_cat=0
split_feature=25 6 27 27 19 12
split_gain=2.47766 1.93387 0.849726 0.518122 0.197607 0.0930659
threshold=0.44624926149845129 4.1044580936431894 0.069863200187683119 0.73313146829605114 -0.44879978895187372 2.9992038011550908
decision_type=2 2 2 2 2 2
left_child=1 4 5 -4 -1 -2
right_child=2 -3 3 -5 -6 -7
leaf_value=0 -0.00044270818543109506 -0.0058504060014308301 -0.012121442013062443 0.00098499325810036181 0.012346797356825916 0.0039198890331592793
leaf_weight=0.13458167121279885 0.30889384065085224 1.3758649554729334 4.9698755396384513 0.44039223971776653 8.3512776503703225 1.0891083506212451
leaf_count=108 208 613 4536 90 785 99
internal_value=0.00106347 0.00787376 -0.00742888 -0.0104935 0.0119065 0.00238642
internal_weight=16.67 9.86172 6.80827 5.41027 8.48586 1.398
internal_count=6439 1506 4933 4626 893 307
is_linear=0
shrinkage=0.025


Tree=152
num_leaves=7
num_cat=0
split_feature=27 6 22 0 21 21
split_gain=2.57967 1.40357 1.21216 0.536691 0.19023 0.100263
threshold=0.13764339685440066 4.1044580936431894 0.75381013751029979 0.35269799828529363 0.17918867617845538 1.8219149708747866
decision_type=2 2 2 2 2 2
left_child=1 4 3 -2 -1 -3
right_child=2 5 -4 -5 -6 -7
leaf_value=0 0.00097255001069875826 -0.0049630211042334879 0.0035099187051613489 -0.012305704403150366 0.01286298848816364 8.7647510720138973e-05
leaf_weight=0.28856043857377045 0.47135484877071387 1.2373490129393756 1.7532013595919123 6.1785164756074664 6.0688171970105032 0.22317255608504627
leaf_count=231 126 808 161 4875 262 5
internal_value=0.000314717 0.00850091 -0.00716516 -0.0108146 0.0122794 -0.0037533
internal_weight=16.221 7.8179 8.40307 6.64987 6.35738 1.46052
internal_count=6468 1306 5162 5001 493 813
is_linear=0
shrinkage=0.025


Tree=153
num_leaves=6
num_cat=0
split_feature=22 17 0 6 22
split_gain=2.89402 1.70892 0.622674 0.446487 0.3917
threshold=0.71941468119621288 0.5706164836883546 0.35269799828529363 3.593332171440125 -0.099008269608020769
decision_type=2 2 2 2 2
left_child=1 2 -1 -2 -3
right_child=3 4 -4 -5 -6
leaf_value=0.00079004111464145855 0.011121259739786336 -0.002633406765697642 -0.014536230021591018 -0.00088849654010291531 0.005875989185772524
leaf_weight=0.50567815281101314 5.107943965733285 0.90183504388551261 5.5005922664640821 0.42202152175013896 2.903310465379036
leaf_count=133 232 499 5288 84 225
internal_value=-0.000174317 -0.00750377 -0.0129053 0.0096245 0.00279925
internal_weight=15.3414 9.81142 6.00627 5.52997 3.80515
internal_count=6461 6145 5421 316 724
is_linear=0
shrinkage=0.025


Tree=154
num_leaves=7
num_cat=0
split_feature=22 17 7 24 11 5
split_gain=2.15015 1.74496 0.923008 0.433053 0.323278 0.0710892
threshold=0.75381013751029979 0.66106122732162487 5.0578529834747323 0.46450623869895941 2.2115647792816167 0.53782129287719738
decision_type=2 2 2 2 2 2
left_child=1 2 -1 -3 -2 -6
right_child=4 3 -4 -5 5 -7
leaf_value=-0.013811326374047028 -0.00038091535318593938 0.0068730505790006377 0.0018383637715955756 -0.0024739030675532837 0 0.010614507796514043
leaf_weight=5.8266152584692446 0.45464234770042899 2.9339578381768665 0.82716635928954918 0.61120410678267934 0.25287042680429284 4.1742139292618958
leaf_count=5293 69 168 261 375 68 155
internal_value=0 -0.00604769 -0.0113755 0.00402554 0.00892962 0.0102437
internal_weight=15.0807 10.1989 6.65378 3.54516 4.88173 4.42708
internal_count=6389 6097 5554 543 292 223
is_linear=0
shrinkage=0.025


Tree=155
num_leaves=7
num_cat=0
split_feature=21 19 13 13 23 3
split_gain=3.02848 1.69896 0.679322 0.444341 0.388262 0.0997386
threshold=0.93220895528793346 0.20173196494579318 3.0539695024490361 2.2276637554168706 -7.2878005504608145 1.1769916415214541
decision_type=2 2 2 2 2 2
left_child=1 4 -3 -2 -1 -5
right_child=3 2 -4 5 -6 -7
leaf_value=0.00010703683520730118 -0.0010434008264540912 -0.0042931012134059992 0.006784741783358663 0 -0.014332866250155507 0.011223310208807465
leaf_weight=0.28351448584726213 0.31601602904265824 1.0351865835400533 2.9590953426522901 0.23542000478482794 5.4648157312403773 5.553500407768297
leaf_count=48 89 475 397 58 5131 281
internal_value=-0.000178144 -0.00780625 0.00242829 0.00946612 -0.0133207 0.0108368
internal_weight=15.8475 9.74261 3.99428 6.10494 5.74833 5.78892
internal_count=6479 6051 872 428 5179 339
is_linear=0
shrinkage=0.025


Tree=156
num_leaves=7
num_cat=0
split_feature=27 6 22 0 22 5
split_gain=2.51211 1.3922 1.15562 0.535977 0.134601 0.0889074
threshold=0.13764339685440066 4.1044580936431894 0.75381013751029979 0.35269799828529363 0.035996479913592346 4.016282558441163
decision_type=2 2 2 2 2 2
left_child=1 4 3 -2 -1 -3
right_child=2 5 -4 -5 -6 -7
leaf_value=0 0.0010684909950271324 0 0.0034693038458213782 -0.011988898263769416 0.012886435196831325 -0.0047902798397891598
leaf_weight=0.30829560861457395 0.45855082514026246 0.24746808508643869 1.7733526361262191 6.0452926586513058 6.0140967731204 1.1866808286649755
leaf_count=264 127 83 172 4836 245 740
internal_value=0.000660351 0.0086802 -0.00682295 -0.0104607 0.012414 -0.00366441
internal_weight=16.0337 7.75654 8.2772 6.50384 6.32239 1.43415
internal_count=6467 1332 5135 4963 509 823
is_linear=0
shrinkage=0.025


Tree=157
num_leaves=7
num_cat=0
split_feature=21 19 7 13 13 25
split_gain=2.38573 1.28017 0.866342 0.664506 0.450698 0.108715
threshold=0.93220895528793346 0.20173196494579318 5.0578529834747323 3.0539695024490361 2.2276637554168706 2.4893559217453007
decision_type=2 2 2 2 2 2
left_child=1 2 -1 -3 -2 -6
right_child=4 3 -4 -5 5 -7
leaf_value=-0.01365335236286035 -0.0011410943498838641 -0.0042739174167492188 0.0016665250299909764 0.0066738033634055338 0.011092928380090791 0
leaf_weight=4.9273496164241788 0.3315553475404166 1.0320778627865368 0.85359323093143746 2.9639845201381831 5.2322536530409707 0.445798133543576
leaf_count=4919 87 480 264 401 237 105
internal_value=9.76161e-05 -0.00623719 -0.0110878 0.00234763 0.00912349 0.0105618
internal_weight=15.7866 9.77701 5.78094 3.99606 6.00961 5.67805
internal_count=6493 6064 5183 881 429 342
is_linear=0
shrinkage=0.025


Tree=158
num_leaves=7
num_cat=0
split_feature=26 24 5 0 13 11
split_gain=2.02576 1.13408 1.11331 0.465182 0.187552 0.0745289
threshold=-0.99685367941856373 -3.6482713222503658 4.7542691230773935 0.35269799828529363 2.26893162727356 2.6388392448425297
decision_type=2 2 2 2 2 2
left_child=2 5 4 -3 -1 -2
right_child=1 3 -4 -5 -6 -7
leaf_value=0 0 0.00083724536910747898 -0.0036952273690699015 -0.011324163832453105 0.011790483178754167 0.0045000851380563164
leaf_weight=0.13288737909169945 0.12444472036440757 0.49867807036207423 0.8945848948569618 6.3997562359363656 5.3821601184972678 1.7039601702854268
leaf_count=136 43 136 439 5170 387 143
internal_value=0 -0.00636067 0.00789256 -0.00993735 0.0112299 0.00361388
internal_weight=15.1365 8.72684 6.40963 6.89843 5.51505 1.8284
internal_count=6454 5492 962 5306 523 186
is_linear=0
shrinkage=0.025


Tree=159
num_leaves=6
num_cat=0
split_feature=22 13 27 21 13
split_gain=2.37821 1.23864 0.557298 0.469008 0.385957
threshold=0.75381013751029979 4.2354123592376718 0.22511600703001025 1.8219149708747866 2.6047297716140752
decision_type=2 2 2 2 2
left_child=1 3 -3 -1 -2
right_child=4 2 -4 -5 -6
leaf_value=-0.012275390690937384 -0.00069201845703990243 0.006431624303798034 -0.0030978383778520104 0.00065183638227211786 0.011225566444922248
leaf_weight=4.8204750036165915 0.25718431788845997 2.7231459783652099 2.3745140216560685 0.49006271979305882 5.1370537479160703
leaf_count=4142 49 330 1659 21 235
internal_value=0.000661551 -0.00544478 0.00203783 -0.0107387 0.00999651
internal_weight=15.8024 10.4082 5.09766 5.31054 5.39424
internal_count=6436 6152 1989 4163 284
is_linear=0
shrinkage=0.025


Tree=160
num_leaves=7
num_cat=0
split_feature=27 6 27 21 21 24
split_gain=2.07583 1.54413 0.589836 0.259481 0.142174 0.132896
threshold=0.1673441752791405 3.3475118875503544 0.70716613531112682 1.8219149708747866 0.039889024570584304 -3.6482713222503658
decision_type=2 2 2 2 2 2
left_child=1 4 5 -3 -1 -2
right_child=2 3 -4 -5 -6 -7
leaf_value=0 0 -0.0066432201410320073 0.0017489864467169426 0.0012039565477901569 0.011542567246419439 -0.010872884690179243
leaf_weight=0.32518478402925932 0.78392762014118389 1.7842366486293033 0.68193594715557981 0.40995025681331743 5.7889845767786028 5.1862954164607817
leaf_count=185 153 1320 119 8 269 4446
internal_value=-0.000230176 0.00630209 -0.00812853 -0.00449055 0.0110153 -0.0101094
internal_weight=14.9605 8.30836 6.65216 2.19419 6.11417 5.97022
internal_count=6500 1782 4718 1328 454 4599
is_linear=0
shrinkage=0.025


Tree=161
num_leaves=7
num_cat=0
split_feature=22 17 8 6 22 23
split_gain=1.96014 1.41098 0.75352 0.406999 0.400648 0.215264
threshold=0.60844960808753978 0.66106122732162487 5.23724389076233 3.593332171440125 -0.099008269608020769 -5.7434072494506827
decision_type=2 2 2 2 2 2
left_child=1 2 -1 5 -3 -2
right_child=3 4 -4 -5 -6 -7
leaf_value=-0.013306652019751475 0 -0.0025684045742939434 0.0012001388190310885 -0.0010522637216533876 0.0063612258554164944 0.010534811682713502
leaf_weight=5.1893907663979899 0.29403881807229471 0.60544889645825639 0.94074478255060956 0.44714807298441872 2.5321743327367585 4.5210184729294278
leaf_count=5181 108 388 312 126 152 183
internal_value=0 -0.00621612 -0.0109798 0.00810287 0.00335071 0.00969278
internal_weight=14.53 9.26776 6.13014 5.26221 3.13762 4.81506
internal_count=6450 6033 5493 417 540 291
is_linear=0
shrinkage=0.025


Tree=162
num_leaves=7
num_cat=0
split_feature=27 22 6 19 5 19
split_gain=2.35824 1.45504 1.25626 0.103808 0.0857207 0.0820339
threshold=0.12973678112030032 0.75381013751029979 3.9445605278015141 0.56999501585960399 4.016282558441163 -0.41285502910614008
decision_type=2 2 2 2 2 2
left_child=2 3 5 -2 -4 -1
right_child=1 -3 4 -5 -6 -7
leaf_value=0 -0.013224568613372713 0.0034070725788206027 0 0 -0.0049629840707210299 0.011436763349149724
leaf_weight=0.1545652015483937 5.4576561160793062 1.8170208366209406 0.25317669891228423 0.33803132676985104 1.2100916693452743 4.9484005188496667
leaf_count=68 4983 170 89 75 755 320
internal_value=-0.00112065 -0.00860437 0.00698426 -0.0127829 -0.00392137 0.0111231
internal_weight=14.1789 7.61271 6.56623 5.79569 1.46327 5.10297
internal_count=6460 5228 1232 5058 844 388
is_linear=0
shrinkage=0.025


Tree=163
num_leaves=6
num_cat=0
split_feature=21 13 27 21 15
split_gain=2.09469 1.20031 0.609141 0.161907 0.0980232
threshold=0.006675979122519494 3.5702590942382817 0.25904685258865362 1.8219149708747866 2.9411590099334721
decision_type=2 2 2 2 2
left_child=4 3 -3 -2 -1
right_child=1 2 -4 -5 -6
leaf_value=-0.010481173702713759 -0.005320963594473184 0.011435296599673713 -0.00027575288590226874 0.00062203753680666149 0
leaf_weight=3.411267785886595 2.295842414918297 6.2358353259987762 2.0504250311423675 0.57932534092105914 0.10892597093334178
leaf_count=3218 1470 580 1224 26 14
internal_value=0 0.00525576 0.00905378 -0.00369521 -0.0100628
internal_weight=14.6816 11.1614 8.28626 2.87517 3.52019
internal_count=6532 3300 1804 1496 3232
is_linear=0
shrinkage=0.025


Tree=164
num_leaves=6
num_cat=0
split_feature=22 6 2 14 27
split_gain=2.67167 1.23471 0.665259 0.0664564 0.033565
threshold=0.035996479913592346 3.2042828798294072 1.5971395373344424 -0.7377752661705016 -0.020628998056054112
decision_type=2 2 2 2 2
left_child=4 2 -2 -3 -1
right_child=1 3 -4 -5 -6
leaf_value=0 -0.0013663172169593597 0 0.011533279760646857 -0.0047928744893126866 -0.010774479197419322
leaf_weight=0.28116014703846204 0.89367992571351162 0.58323701924382509 7.8699889555573463 1.4281002861171135 4.0378536733987875
leaf_count=111 383 82 725 670 4466
internal_value=0 0.00637732 0.00974526 -0.0038906 -0.0105041
internal_weight=15.094 10.775 8.76367 2.01134 4.31901
internal_count=6437 1860 1108 752 4577
is_linear=0
shrinkage=0.025


Tree=165
num_leaves=5
num_cat=0
split_feature=22 6 27 27
split_gain=2.67528 1.05167 0.920207 0.0493968
threshold=0.035996479913592346 4.1044580936431894 0.22511600703001025 -0.020628998056054112
decision_type=2 2 2 2
left_child=3 2 -2 -1
right_child=1 -3 -4 -5
leaf_value=0 0.011626289662311592 -0.0044800733396322262 -0.0013020079864962673 -0.011439142494070145
leaf_weight=0.26734669684083101 7.0948118008018337 1.0515785472452979 2.4111354465130717 3.9223401599956578
leaf_count=106 493 439 919 4525
internal_value=-0.000232749 0.0058722 0.00859774 -0.0111215
internal_weight=14.7472 10.5575 9.50595 4.18969
internal_count=6482 1851 1412 4631
is_linear=0
shrinkage=0.025


Tree=166
num_leaves=7
num_cat=0
split_feature=27 24 5 0 21 12
split_gain=1.95008 1.02634 0.905454 0.56618 0.158527 0.0686026
threshold=0.10885978490114213 -3.6482713222503658 4.7542691230773935 0.35269799828529363 -0.15986076742410657 3.4704632759094243
decision_type=2 2 2 2 2 2
left_child=2 5 4 -3 -1 -2
right_child=1 3 -4 -5 -6 -7
leaf_value=0 0 0.0011497597621732117 -0.0032998309591419613 -0.01232045573025827 0.010747191689032008 0.0038022050228460045
leaf_weight=0.13365840406186169 0.1950682061142287 0.44370874396554416 0.85821063187177049 5.7299514121259563 4.8306780693674227 1.5690767072010201
leaf_count=136 55 123 448 5172 402 154
internal_value=-0.000659782 -0.00731716 0.00702609 -0.0107117 0.0101985 0.00277507
internal_weight=13.7604 7.93781 5.82255 6.17366 4.96434 1.76414
internal_count=6490 5504 986 5295 538 209
is_linear=0
shrinkage=0.025


Tree=167
num_leaves=6
num_cat=0
split_feature=22 17 7 6 12
split_gain=2.01266 1.32945 0.90546 0.399627 0.307019
threshold=0.75381013751029979 0.66106122732162487 5.0578529834747323 3.593332171440125 2.9992038011550908
decision_type=2 2 2 2 2
left_child=1 2 -1 -2 -3
right_child=3 4 -4 -5 -6
leaf_value=-0.013791996518597603 0.0098405260762255593 -0.0022254094606433419 0.0018255256820955757 -0.00099471336636956917 0.005502589866182515
leaf_weight=5.1112449069478298 4.2195760202375832 0.55776847964443765 0.80670297643518996 0.42510974555625569 2.6330176953051705
leaf_count=5320 220 215 268 78 337
internal_value=-0.000407492 -0.0065896 -0.0112296 0.00819924 0.0028548
internal_weight=13.7534 9.10873 5.91795 4.64469 3.19079
internal_count=6438 6140 5588 298 552
is_linear=0
shrinkage=0.025


Tree=168
num_leaves=7
num_cat=0
split_feature=22 5 27 27 17 27
split_gain=1.83835 0.842076 0.432038 0.376723 0.354183 0.0417133
threshold=0.22387114912271502 4.1435849666595468 0.73313146829605114 0.31378410756587988 0.81952017545700084 0.76539176702499401
decision_type=2 2 2 2 2 2
left_child=2 3 4 -2 -1 -4
right_child=1 -3 5 -5 -6 -7
leaf_value=-0.01146551647058588 0.01011579655770535 -0.0036878992495757087 0.0025567808675538519 -0.00018876667405341285 0 -9.1667737718769023e-05
leaf_weight=4.3453740951299551 5.67696025033365 0.93965884695353441 0.18900693963223592 1.1273506239813285 1.3246356194576945 0.22588280947820749
leaf_count=5121 413 306 21 314 238 65
internal_value=-0.000647003 0.00568461 -0.00819825 0.00852225 -0.00971554 0.00120743
internal_weight=13.8289 7.74397 6.0849 6.80431 5.67001 0.41489
internal_count=6478 1033 5445 727 5359 86
is_linear=0
shrinkage=0.025


Tree=169
num_leaves=7
num_cat=0
split_feature=21 19 7 12 5 26
split_gain=1.8712 0.979971 0.79003 0.36325 0.267442 0.177872
threshold=0.99625444412231456 0.36845412850379949 5.0578529834747323 2.612237930297852 4.016282558441163 -0.80610093474388111
decision_type=2 2 2 2 2 2
left_child=1 2 -1 -3 5 -2
right_child=4 3 -4 -5 -6 -7
leaf_value=-0.012128431028448334 0.010229780709380675 -0.0027234433473953654 0.0019347784396223631 0.0056650108925215192 -0.00023795968509673825 0
leaf_weight=5.158295859473581 4.4493415617689607 0.64214141657430479 0.78479156740650058 2.2965028209437151 0.41227623855229456 0.34385324653703797
leaf_count=5320 191 253 259 219 69 119
internal_value=0 -0.00574807 -0.00966472 0.00248389 0.00834585 0.00946691
internal_weight=14.0872 8.88173 5.94309 2.93864 5.20547 4.79319
internal_count=6430 6051 5579 472 379 310
is_linear=0
shrinkage=0.025


Tree=170
num_leaves=7
num_cat=0
split_feature=21 6 27 27 15 16
split_gain=1.82699 0.96802 0.44209 0.150248 0.0755553 0.0665608
threshold=0.006675979122519494 3.2042828798294072 0.22511600703001025 0.10144607722759248 2.9411590099334721 1.4138908982276919
decision_type=2 2 2 2 2 2
left_child=4 2 -2 -3 5 -1
right_child=1 3 -4 -5 -6 -7
leaf_value=-0.0096286348839063202 0.010833015568818006 0.00038799612243487429 0 -0.0051976190158754647 0 0
leaf_weight=3.0444813987196557 6.0458210946235322 1.2532156497327371 2.7790314879384823 1.1697330034876356 0.10994876941549581 0.23248288764443703
leaf_count=3125 447 343 1497 986 11 67
internal_value=0.000439301 0.00548416 0.0085894 -0.00315127 -0.00885069 -0.00922391
internal_weight=14.6347 11.2478 8.82485 2.42295 3.38691 3.27696
internal_count=6476 3273 1944 1329 3203 3192
is_linear=0
shrinkage=0.025


Tree=171
num_leaves=7
num_cat=0
split_feature=21 24 13 13 11 23
split_gain=2.23091 0.775222 0.780672 0.344268 0.134554 0.0600574
threshold=0.93220895528793346 -3.3517171144485469 5.4619572162628183 2.2276637554168706 2.4827431440353398 -5.7434072494506827
decision_type=2 2 2 2 2 2
left_child=1 4 -3 -2 -1 -5
right_child=3 2 -4 5 -6 -7
leaf_value=-0.001043618500500121 -0.00073357731350999305 -0.012171359762984134 0.0013583834067586273 0 0.0041776520197062258 0.010428405402088062
leaf_weight=0.31098368513630603 0.27299039374338541 5.3993885196177862 1.328990501584485 0.56171858163725108 1.3719597037706988 4.4845087069552392
leaf_count=81 82 5353 514 123 94 216
internal_value=0 -0.00675924 -0.00952625 0.00870294 0.00221866 0.00994659
internal_weight=13.7305 8.41132 6.72838 5.31922 1.68294 5.04623
internal_count=6463 6042 5867 421 175 339
is_linear=0
shrinkage=0.025


Tree=172
num_leaves=7
num_cat=0
split_feature=22 17 7 12 4 23
split_gain=1.60764 1.34925 0.82348 0.401418 0.329838 0.164357
threshold=0.71941468119621288 0.5706164836883546 5.0578529834747323 2.9992038011550908 5.3446013927459726 -5.5092737674713126
decision_type=2 2 2 2 2 2
left_child=1 2 -1 -3 5 -2
right_child=4 3 -4 -5 -6 -7
leaf_value=-0.013139360395950565 0 -0.0027234463476456688 0.0016917038997985212 0.0060121821980118556 -0.00090050983119135692 0.0097406333908726384
leaf_weight=4.9170222973334585 0.25690704546286713 0.65257013847440282 0.82474233242101025 3.0765995314432075 0.27972672664327536 4.02006975094264
leaf_count=5183 90 260 269 491 43 186
internal_value=-0.000115897 -0.00559992 -0.0106314 0.00308317 0.00759476 0.00900997
internal_weight=14.0276 9.47093 5.74176 3.72917 4.5567 4.27698
internal_count=6522 6203 5452 751 319 276
is_linear=0
shrinkage=0.025


Tree=173
num_leaves=6
num_cat=0
split_feature=21 13 26 15 21
split_gain=1.86811 1.19296 0.586531 0.0801156 0.0652793
threshold=0.006675979122519494 2.9621075391769414 -0.88429212570190419 2.9411590099334721 1.8219149708747866
decision_type=2 2 2 2 2
left_child=3 4 -3 -1 -2
right_child=1 2 -4 -5 -6
leaf_value=-0.0096938039079911067 -0.0054341386500654154 0.011194148892640783 0 0 0
leaf_weight=3.0423651717865154 1.2988302396406641 6.4068323818719337 2.6811693461058903 0.10860099016281299 0.2981224899413063
leaf_count=3171 983 650 1563 14 22
internal_value=0.000163081 0.00542959 0.00868561 -0.00930455 -0.00469156
internal_weight=13.8359 10.685 9.088 3.15097 1.59695
internal_count=6403 3218 2213 3185 1005
is_linear=0
shrinkage=0.025


Tree=174
num_leaves=7
num_cat=0
split_feature=21 24 7 6 23 4
split_gain=1.87393 0.753399 0.664629 0.468489 0.154523 0.125749
threshold=0.93220895528793346 -3.3517171144485469 5.0578529834747323 4.1200411319732675 -5.7434072494506827 4.9604418277740487
decision_type=2 2 2 2 2 2
left_child=1 5 -3 4 -2 -1
right_child=3 2 -4 -5 -6 -7
leaf_value=0.0041707044571478256 0 -0.010958904552947117 0.0016989391625578084 -0.001428400894143923 0.010602326044180757 -0.00088972077143258165
leaf_weight=1.5619852051459009 0.4636799051077104 5.9367692802552474 0.82088765238586336 0.37951447439263564 4.4822486830016723 0.25026916025672097
leaf_count=127 119 5582 273 99 218 64
internal_value=0 -0.00597048 -0.00882112 0.00815977 0.00987211 0.0024143
internal_weight=13.8954 8.56991 6.75766 5.32544 4.94593 1.81225
internal_count=6482 6046 5855 436 337 191
is_linear=0
shrinkage=0.025


Tree=175
num_leaves=6
num_cat=0
split_feature=13 25 27 19 17
split_gain=1.50785 1.34818 0.723727 0.232367 0.120026
threshold=3.0539695024490361 0.76381489634513866 0.09452309831976892 -0.13744639605283734 1.1804888844490053
decision_type=2 2 2 2 2
left_child=4 3 -3 -2 -1
right_child=1 2 -4 -5 -6
leaf_value=-0.0091079987571615287 0 0.0040704481574712018 -0.0073284574025267021 0.011037209505506516 0
leaf_weight=2.4984357544453828 0.80906803128891613 1.116126855893526 3.2311198875468108 5.6222490297950554 0.7086184266663621
leaf_count=2151 311 94 3296 475 93
internal_value=0.000311583 0.00501749 -0.00312135 0.0100246 -0.0081641
internal_weight=13.9856 10.7786 4.34725 6.43132 3.20705
internal_count=6420 4176 3390 786 2244
is_linear=0
shrinkage=0.025


Tree=176
num_leaves=6
num_cat=0
split_feature=21 13 26 21 15
split_gain=1.66609 0.868315 0.359939 0.123167 0.0767497
threshold=0.006675979122519494 2.9621075391769414 -0.88429212570190419 1.8219149708747866 2.9411590099334721
decision_type=2 2 2 2 2
left_child=4 3 -3 -2 -1
right_child=1 2 -4 -5 -6
leaf_value=-0.0094629801464107682 -0.0049727753979760874 0.0099038784171253044 0 0.00032528784527337398 0
leaf_weight=2.9864672309777247 1.4280272422256519 5.7986107196629719 2.7248051745773418 0.504991921246983 0.10738129271339847
leaf_count=3191 986 643 1573 23 15
internal_value=0 0.00491971 0.0078542 -0.0034508 -0.00907928
internal_weight=13.5503 10.4564 8.52342 1.93302 3.09385
internal_count=6431 3225 2216 1009 3206
is_linear=0
shrinkage=0.025


Tree=177
num_leaves=7
num_cat=0
split_feature=19 6 21 7 23 6
split_gain=1.52844 0.831662 0.748334 0.775973 0.20442 0.101689
threshold=0.20173196494579318 3.9445605278015141 0.99625444412231456 5.0578529834747323 -5.7434072494506827 2.6046228408813481
decision_type=2 2 2 2 2 2
left_child=2 4 3 -1 -2 -4
right_child=1 -3 5 -5 -6 -7
leaf_value=-0.012319877011438036 0 -0.0033721223828896032 0.0036839933951581224 0.0018318994605100707 0.010131585390153797 -0.00068159459519109324
leaf_weight=4.2707379686908098 0.45758927411952743 0.83409039030811971 1.3812418277448162 0.79434190130268678 5.1020011557920952 0.63386587070999656
leaf_count=4959 163 401 65 259 511 132
internal_value=0 0.00632458 -0.00643047 -0.00967202 0.0092791 0.00191279
internal_weight=13.4739 6.39368 7.08019 5.06508 5.55959 2.01511
internal_count=6490 1075 5415 5218 674 197
is_linear=0
shrinkage=0.025


Tree=178
num_leaves=7
num_cat=0
split_feature=21 5 26 24 15 16
split_gain=1.53854 0.830984 0.468567 0.118517 0.0705354 0.0710336
threshold=0.018802258186042312 3.8029721975326543 -0.882708579301834 -5.4962537288665763 2.9411590099334721 1.4138908982276919
decision_type=2 2 2 2 2 2
left_child=4 2 -2 -3 5 -1
right_child=1 3 -4 -5 -6 -7
leaf_value=-0.0093491437567211171 0.0099403713833361405 0.00026633783952456169 0 -0.0050918658001728526 0 0
leaf_weight=2.9075920672403317 5.973858070698042 0.35892249477910798 2.6776031318149753 1.1893150017422147 0.10639290376275301 0.21672713461884985
leaf_count=3177 730 19 1655 752 14 65
internal_value=0 0.00485922 0.00761432 -0.00364035 -0.00855716 -0.00892246
internal_weight=13.4304 10.1997 8.65146 1.54824 3.23071 3.12432
internal_count=6412 3156 2385 771 3256 3242
is_linear=0
shrinkage=0.025


Tree=179
num_leaves=6
num_cat=0
split_feature=21 6 25 22 16
split_gain=1.51742 0.921694 0.403178 0.114804 0.060761
threshold=0.006675979122519494 3.2778618335723881 2.711433053016663 0.92900830507278453 1.4138908982276919
decision_type=2 2 2 2 2
left_child=4 2 -2 -3 -1
right_child=1 3 -4 -5 -6
leaf_value=-0.0091336300119755128 0.0093953064311307968 -0.0050472941509998679 -0.00048909522853193821 0.00019238538985840803 0
leaf_weight=2.8424901657417663 7.0239954389689938 1.6278063294084852 1.2304937746011999 0.40730991307646025 0.23100057229748916
leaf_count=3145 1250 1229 731 27 67
internal_value=0 0.00466066 0.00782164 -0.0037188 -0.00873685
internal_weight=13.3631 10.2896 8.25449 2.03512 3.07349
internal_count=6449 3237 1981 1256 3212
is_linear=0
shrinkage=0.025


Tree=180
num_leaves=7
num_cat=0
split_feature=21 24 7 13 23 11
split_gain=1.65359 0.847679 0.717203 0.297317 0.165707 0.129076
threshold=0.93220895528793346 -3.5128403902053829 5.0578529834747323 2.26893162727356 -5.7434072494506827 2.2383959293365483
decision_type=2 2 2 2 2 2
left_child=1 5 -3 -2 -5 -1
right_child=3 2 -4 4 -6 -7
leaf_value=-0.00077909164253742733 -0.00074919834222463217 -0.011523541590851836 0.001777170158575503 0 0.0094772452542955157 0.0044590062318176655
leaf_weight=0.23698711281758633 0.28607183697749938 5.5836979177984167 0.80379346294648701 0.34194451625808131 4.166572993992304 1.4664285079925319
leaf_count=65 78 5605 287 104 207 95
internal_value=-0.000104915 -0.00616028 -0.00925554 0.0074038 0.00870035 0.00276035
internal_weight=12.8855 8.09091 6.38749 4.79459 4.50852 1.70342
internal_count=6441 6052 5892 389 311 160
is_linear=0
shrinkage=0.025


Tree=181
num_leaves=7
num_cat=0
split_feature=27 5 22 27 22 24
split_gain=1.53211 0.84401 0.579794 0.487383 0.0832425 0.0685681
threshold=0.12973678112030032 3.8029721975326543 0.75381013751029979 0.73313146829605114 -0.099008269608020769 -5.4962537288665763
decision_type=2 2 2 2 2 2
left_child=1 4 3 -2 -1 -3
right_child=2 5 -4 -5 -6 -7
leaf_value=0 -0.010903903334676885 0 0.0015279348259134638 0.0011740949335298523 0.0099405183453356565 -0.0040535475514781134
leaf_weight=0.25421762922633195 5.2628143859546981 0.39171138302481256 1.3753638544731073 0.4182039129664189 4.2419595507308259 1.0224108038019037
leaf_count=196 4997 21 159 91 207 808
internal_value=-0.000658896 0.00597728 -0.00690938 -0.00929623 0.00952313 -0.00295744
internal_weight=12.9667 5.9103 7.05638 5.68102 4.49618 1.41412
internal_count=6479 1232 5247 5088 403 829
is_linear=0
shrinkage=0.025


Tree=182
num_leaves=7
num_cat=0
split_feature=27 5 0 24 18 0
split_gain=1.57924 1.11299 0.467338 0.240096 0.144528 0.0449589
threshold=0.16955021023750308 4.1435849666595468 0.35269799828529363 0.44932882487773901 0.45406088232994085 0.16989739984273913
decision_type=2 2 2 2 2 2
left_child=1 3 5 -1 -4 -2
right_child=2 -3 4 -5 -6 -7
leaf_value=0.0099190384970293879 -9.5929376828645852e-05 -0.0046622921421531653 -0.01113576220935574 -9.9777621565492873e-05 0 0.0026978127187586229
leaf_weight=5.1409574315111968 0.23853220835735545 1.3088429036215528 3.8685503024171339 0.24126729102863453 1.0582714874835799 0.16721821641840506
leaf_count=428 90 899 4247 447 295 25
internal_value=-0.0013077 0.00497405 -0.00838743 0.00903617 -0.0100839 0.00132963
internal_weight=12.0236 6.69107 5.33257 5.38222 4.92682 0.40575
internal_count=6431 1774 4657 875 4542 115
is_linear=0
shrinkage=0.025


Tree=183
num_leaves=7
num_cat=0
split_feature=26 22 5 27 22 12
split_gain=1.38897 0.74759 0.734013 0.461246 0.199776 0.0687649
threshold=-0.99933475255966175 0.75381013751029979 4.7542691230773935 0.73313146829605114 -0.099008269608020769 3.4704632759094243
decision_type=2 2 2 2 2 2
left_child=2 3 4 -2 -1 -3
right_child=1 5 -4 -5 -6 -7
leaf_value=0 -0.01066427687484559 -0.00016755267949928671 -0.0029943899718625246 0.0010778926787803386 0.0099623468121803858 0.0034664547765743941
leaf_weight=0.16823172979638901 5.4543240170678473 0.21829892560344877 0.78066815935017064 0.43496450602833636 4.3450937532106764 1.5446608699785427
leaf_count=246 5190 52 436 98 257 139
internal_value=-0.00041761 -0.00613069 0.00619998 -0.00912635 0.00918523 0.00230113
internal_weight=12.9462 7.65225 5.29399 5.88929 4.51333 1.76296
internal_count=6418 5479 939 5288 503 191
is_linear=0
shrinkage=0.025


Tree=184
num_leaves=7
num_cat=0
split_feature=26 5 18 22 19 6
split_gain=1.91749 1.36944 0.443179 0.249397 0.0505234 0.0321827
threshold=-0.93646147847175587 4.048520803451539 0.46648944914340978 -0.099008269608020769 0.54510602355003368 2.8911923170089726
decision_type=2 2 2 2 2 2
left_child=1 3 4 -1 -2 -4
right_child=2 -3 5 -5 -6 -7
leaf_value=0 -0.010700185586551865 -0.0049622653873362052 0.001838827642383376 0.011182508393718087 0 -0.0004048343164647225
leaf_weight=0.37811629939824332 4.0710392708861036 1.2913936709883271 1.0564206648414254 5.6079684080395964 0.44309125034487795 0.22799077977833793
leaf_count=443 4306 963 147 398 103 135
internal_value=-0.000369302 0.00618495 -0.00822899 0.0103226 -0.010288 0.000440812
internal_weight=13.076 7.27748 5.79854 5.98608 4.51413 1.28441
internal_count=6495 1804 4691 841 4409 282
is_linear=0
shrinkage=0.025


Tree=185
num_leaves=7
num_cat=0
split_feature=27 5 19 18 13 13
split_gain=1.64494 0.825927 0.654113 0.285883 0.188264 0.0594565
threshold=0.12973678112030032 4.7542691230773935 0.56999501585960399 0.45406088232994085 2.2276637554168706 3.0975192785263066
decision_type=2 2 2 2 2 2
left_child=1 4 3 -2 -1 -4
right_child=2 -3 5 -5 -6 -7
leaf_value=0 -0.011442469635832083 -0.0034353042151909251 -0.00026260638228591524 0 0.0098981914083396336 0.0029953266795926512
leaf_weight=0.16461002542928316 4.3725508992138202 0.84694462420156913 0.22443645843304683 1.2612909034287438 4.7304118356405525 1.1019272013727457
leaf_count=172 4739 479 73 307 566 96
internal_value=-0.00100764 0.00601357 -0.007415 -0.00992964 0.00918983 0.00168427
internal_weight=12.7022 5.74197 6.96021 5.63384 4.89502 1.32636
internal_count=6432 1217 5215 5046 738 169
is_linear=0
shrinkage=0.025


Tree=186
num_leaves=6
num_cat=0
split_feature=21 6 26 21 15
split_gain=1.52679 0.904889 0.382331 0.130131 0.0755959
threshold=0.018802258186042312 3.1850359439849858 -0.882708579301834 1.8219149708747866 2.9411590099334721
decision_type=2 2 2 2 2
left_child=4 2 -2 -3 -1
right_child=1 3 -4 -5 -6
leaf_value=-0.0093840554861089123 0.0098782315359606087 -0.005129920713625287 0 0.0003460707551207355 0
leaf_weight=2.9085881120554418 5.3997495678413543 1.6667676582947026 2.5232345540061925 0.49321305274497707 0.096998511056881287
leaf_count=3272 426 1322 1406 23 14
internal_value=0 0.00449727 0.0077483 -0.00363813 -0.00900509
internal_weight=13.0886 10.083 7.92298 2.15998 3.00559
internal_count=6463 3177 1832 1345 3286
is_linear=0
shrinkage=0.025


Tree=187
num_leaves=6
num_cat=0
split_feature=22 6 26 0 21
split_gain=1.74918 0.929512 0.601003 0.0555819 0.0351073
threshold=0.035996479913592346 3.2042828798294072 -0.79649406671524037 3.5871379375457768 1.3035746216773989
decision_type=2 2 2 2 2
left_child=4 2 -2 -3 -1
right_child=1 3 -4 -5 -6
leaf_value=-0.0096681743839167732 0.010276104049045541 0 -0.0012027367947394525 -0.0044969639792764166 0
leaf_weight=3.5601187861466328 6.0594301248347611 0.234635483000602 1.3566423334559647 1.6087761088783734 0.20685046288417641
leaf_count=4558 478 26 601 724 27
internal_value=-0.000491643 0.00473269 0.00803414 -0.00380172 -0.00942154
internal_weight=13.0265 9.25948 7.41607 1.84341 3.76697
internal_count=6414 1829 1079 750 4585
is_linear=0
shrinkage=0.025


Tree=188
num_leaves=7
num_cat=0
split_feature=21 24 13 26 17 4
split_gain=1.88326 1.23605 0.291824 0.277224 0.0889392 0.075449
threshold=0.99625444412231456 -3.5128403902053829 2.2276637554168706 -1.0431479811668394 -0.55793616175651539 -0.46846342086791987
decision_type=2 2 2 2 2 2
left_child=1 4 -2 -3 -1 -4
right_child=2 3 5 -5 -6 -7
leaf_value=-0.00016681186541907418 -0.00081794748872202104 0 0 -0.01283890669067227 0.0043256810505729664 0.0086866152751026333
leaf_weight=0.1404839694732799 0.29098930457257655 1.0963835155635013 0.13336717869970005 4.7852726006385646 1.7217106607859021 4.2326453512068838
leaf_count=35 76 470 26 5441 138 278
internal_value=-0.00133782 -0.00760738 0.00698127 -0.0115025 0.00320138 0.00832755
internal_weight=12.4009 7.74385 4.657 5.88166 1.86219 4.36601
internal_count=6464 6084 380 5911 173 304
is_linear=0
shrinkage=0.025


Tree=189
num_leaves=6
num_cat=0
split_feature=21 27 13 14 16
split_gain=1.5264 0.769535 0.429011 0.384306 0.0817168
threshold=0.018802258186042312 0.15223073214292529 2.2276637554168706 0.2808921486139298 1.4138908982276919
decision_type=2 2 2 2 2
left_child=4 2 -2 -3 -1
right_child=1 3 -4 -5 -6
leaf_value=-0.0088832244418615373 -0.00099935380984958987 0.0026690451396124953 0.010487969805919513 -0.0054329537576457455 0
leaf_weight=2.7057405359009876 0.38075882652628745 2.1656338242682978 5.2199798883448238 1.9999423523258881 0.1988673920786822
leaf_count=3188 239 1273 534 1129 61
internal_value=0.000229219 0.00519118 0.00901442 -0.00138071 -0.00839436
internal_weight=12.6709 9.76631 5.60074 4.16558 2.90461
internal_count=6424 3175 773 2402 3249
is_linear=0
shrinkage=0.025


Tree=190
num_leaves=7
num_cat=0
split_feature=6 25 26 19 24 22
split_gain=1.50455 1.18062 0.431819 0.163468 0.037817 0.0343394
threshold=3.2778618335723881 0.76381489634513866 -1.0391929149627683 -0.18812314420938489 -5.4962537288665763 1.077011823654175
decision_type=2 2 2 2 2 2
left_child=1 3 -3 -1 -2 -6
right_child=4 2 -4 -5 5 -7
leaf_value=0 0 0.0026282977120407076 -0.0064725978659885223 0.010047709419590101 -0.0095770525319984964 0
leaf_weight=0.56059875981736684 0.3619345594197515 0.81004449205647633 2.8436844802199639 5.1755837514065188 2.6281946943636298 0.0896310006501152
leaf_count=199 30 39 3059 437 2627 7
internal_value=-0.000132284 0.00445885 -0.00337987 0.00928271 -0.00900068 -0.00937411
internal_weight=12.4697 9.38991 3.65373 5.73618 3.07976 2.71783
internal_count=6398 3734 3098 636 2664 2634
is_linear=0
shrinkage=0.025


Tree=191
num_leaves=5
num_cat=0
split_feature=6 26 26 22
split_gain=1.65254 1.22997 0.300867 0.255553
threshold=3.2042828798294072 -0.882708579301834 -0.40321646630764002 0.035996479913592346
decision_type=2 2 2 2
left_child=1 3 -3 -1
right_child=-2 2 -4 -5
leaf_value=0 -0.0097730538834113288 -0.0059778435996366494 0.0017792375007505256 0.010404241887668919
leaf_weight=0.43789331706648127 2.968057652520657 2.8591949240071695 0.64709444799518667 5.1117616492338129
leaf_count=465 2774 2781 135 278
internal_value=-0.00054311 0.00443772 -0.00360716 0.00941357
internal_weight=12.024 9.05594 3.50629 5.54965
internal_count=6433 3659 2916 743
is_linear=0
shrinkage=0.025


Tree=192
num_leaves=5
num_cat=0
split_feature=21 6 27 20
split_gain=1.36872 0.921982 0.286818 0.109155
threshold=0.006675979122519494 3.3475118875503544 0.16955021023750308 0.61178159713745128
decision_type=2 2 2 2
left_child=-1 2 -2 -3
right_child=1 3 -4 -5
leaf_value=-0.0087453855758447656 0.0097853083798347239 -0.0052388871516885795 0 0
leaf_weight=2.6574171958927773 4.5707729681089386 1.4524891842229406 3.1552787989785429 0.53975342006015115
leaf_count=3183 278 1102 1764 134
internal_value=0 0.00428143 0.00761087 -0.00394595
internal_weight=12.3757 9.71829 7.72605 1.99224
internal_count=6461 3278 2042 1236
is_linear=0
shrinkage=0.025


Tree=193
num_leaves=5
num_cat=0
split_feature=21 27 13 19
split_gain=1.24629 0.635553 0.378069 0.282084
threshold=0.006675979122519494 0.12973678112030032 2.2276637554168706 0.56999501585960399
decision_type=2 2 2 2
left_child=-1 2 -2 -3
right_child=1 3 -4 -5
leaf_value=-0.0087427793821608889 -0.0010690738755521946 -0.0043563983418864949 0.0092622031086009842 0.0025631869187892099
leaf_weight=2.6441680651332726 0.38012252547195924 3.4711669217867893 4.3388712941959966 1.0431853941772713
leaf_count=3188 214 2546 406 83
internal_value=-0.000444287 0.00372947 0.00766507 -0.0015938
internal_weight=11.8775 9.23335 4.71899 4.51435
internal_count=6437 3249 620 2629
is_linear=0
shrinkage=0.025


Tree=194
num_leaves=7
num_cat=0
split_feature=22 17 13 11 20 23
split_gain=1.5158 1.16743 0.31523 0.267698 0.261147 0.0277299
threshold=0.75381013751029979 0.5230606496334077 3.5702590942382817 2.2115647792816167 2.1145727634429936 -4.7828998565673819
decision_type=2 2 2 2 2 2
left_child=1 4 -3 -2 -1 -5
right_child=3 2 -4 5 -6 -7
leaf_value=-0.012167874525847409 -0.00056100638089216684 -0.0023801555797960936 0.0052191015471516168 0 0 0.0086645031393746789
leaf_weight=4.2770518705219711 0.40807655107346441 0.97016791364148991 2.5127802222996252 0.38987193998764302 0.26497723135980766 3.2424454790234449
leaf_count=5143 65 538 342 94 92 135
internal_value=-0.000787808 -0.00633135 0.00221032 0.00694344 -0.0112624 0.00834717
internal_weight=12.0654 8.02498 3.48295 4.04039 4.54203 3.63232
internal_count=6409 6115 880 294 5235 229
is_linear=0
shrinkage=0.025


Tree=195
num_leaves=6
num_cat=0
split_feature=6 25 26 21 19
split_gain=1.3032 1.11811 0.398232 0.253475 0.213028
threshold=3.3475118875503544 0.44624926149845129 -1.0146782994270322 1.8219149708747866 -0.18812314420938489
decision_type=2 2 2 2 2
left_child=1 4 -3 -2 -1
right_child=3 2 -4 -5 -6
leaf_value=0 -0.0087030391947487858 0.002710344902494569 -0.005877894853269415 0.0003109516702613125 0.010723297036282189
leaf_weight=0.52388195173989505 2.6818044431129251 0.91952734615188036 2.755383253796027 0.49979305046144862 5.1399722704154538
leaf_count=197 2563 59 3188 25 388
internal_value=0.000585708 0.00525894 -0.00268491 -0.00719846 0.00984148
internal_weight=12.5204 9.33876 3.67491 3.1816 5.66385
internal_count=6420 3832 3247 2588 585
is_linear=0
shrinkage=0.025


Tree=196
num_leaves=6
num_cat=0
split_feature=22 13 3 8 16
split_gain=1.59409 0.748102 0.425392 0.183281 0.076979
threshold=0.035996479913592346 2.9621075391769414 1.1015259623527529 -0.91412183642387379 -1.1861389875411985
decision_type=2 2 2 2 2
left_child=3 4 -3 -1 -2
right_child=1 2 -4 -5 -6
leaf_value=0 0 -0.0010095256509195887 0.0091150426171630917 -0.0099366999931521944 -0.0045072599246736289
leaf_weight=0.26696022581745582 0.37762771802954365 0.84585038050863648 6.5249587566941045 3.183881732424199 1.035258111958681
leaf_count=38 16 400 847 4563 551
internal_value=-0.000319925 0.00470061 0.00750953 -0.00905892 -0.00340833
internal_weight=12.2345 8.78369 7.37081 3.45084 1.41289
internal_count=6415 1814 1247 4601 567
is_linear=0
shrinkage=0.025


Tree=197
num_leaves=7
num_cat=0
split_feature=22 17 7 11 5 25
split_gain=1.15762 0.888236 0.756375 0.271853 0.18816 0.0285504
threshold=0.75381013751029979 0.66106122732162487 5.0578529834747323 2.2115647792816167 4.016282558441163 -0.87330827116966236
decision_type=2 2 2 2 2 2
left_child=1 2 -1 -2 -3 -5
right_child=3 4 -4 5 -6 -7
leaf_value=-0.011629193464656642 -0.0006129228667898825 0.0046970370577580729 0.0020636636177142503 0.0085035412553928196 -0.0014003461282331084 0
leaf_weight=4.3805875931720948 0.46327011473476876 2.3387131551062343 0.72192815870948823 3.148044451365422 0.41511201643879747 0.41721925161255091
leaf_count=5307 79 339 268 135 186 86
internal_value=0 -0.00498924 -0.00901068 0.00668508 0.00266155 0.00816729
internal_weight=11.8849 7.85634 5.10252 4.02853 2.75383 3.56526
internal_count=6400 6100 5575 300 525 221
is_linear=0
shrinkage=0.025


Tree=198
num_leaves=6
num_cat=0
split_feature=21 6 26 26 16
split_gain=1.23701 0.726508 0.381272 0.140987 0.0538097
threshold=0.006675979122519494 3.2042828798294072 -0.882708579301834 -1.0085016489028928 1.4138908982276919
decision_type=2 2 2 2 2
left_child=4 2 -2 -3 -1
right_child=1 3 -4 -5 -6
leaf_value=-0.0080682142008596785 0.0097068679597842999 0.00051226486847318552 0 -0.0048317497290178389 0
leaf_weight=2.4070621435857915 5.2210270846917401 1.1295520163403128 2.4609938262437927 1.0743907076030152 0.20823610014485883
leaf_count=3126 438 344 1477 1001 66
internal_value=0.000283846 0.00467972 0.00755969 -0.0027707 -0.00767462
internal_weight=12.5013 9.88596 7.68202 2.20394 2.6153
internal_count=6452 3260 1915 1345 3192
is_linear=0
shrinkage=0.025


Tree=199
num_leaves=7
num_cat=0
split_feature=27 5 22 22 21 23
split_gain=1.41284 0.906938 0.711566 0.0751529 0.0419945 0.039532
threshold=0.12973678112030032 4.016282558441163 0.75381013751029979 -0.084636915475130067 1.3035746216773989 -4.1162889003753653
decision_type=2 2 2 2 2 2
left_child=1 3 4 -1 -2 -4
right_child=2 -3 5 -5 -6 -7
leaf_value=0 -0.010543073121410415 -0.0038816967259676215 0 0.0094816214211965212 0 0.0027093395139647443
leaf_weight=0.26385073057463149 4.6197132409033657 1.0232587383798089 0.20986969234945707 4.0904654703263077 0.37203458894509811 1.2382281931350005
leaf_count=228 4993 764 91 234 55 72
internal_value=-0.00134822 0.00532437 -0.00735828 0.00907436 -0.0102172 0.00180827
internal_weight=11.8174 5.37757 6.43985 4.35432 4.99175 1.4481
internal_count=6437 1226 5211 462 5048 163
is_linear=0
shrinkage=0.025


Tree=200
num_leaves=7
num_cat=0
split_feature=22 13 15 13 25 16
split_gain=1.27697 0.906465 0.255827 0.244276 0.114154 0.0631495
threshold=0.75381013751029979 4.2814071178436288 0.17932122200727466 2.9621075391769414 -4.3013892173767081 0.6310962736606599
decision_type=2 2 2 2 2 2
left_child=1 4 -3 -2 -1 -5
right_child=3 2 -4 5 -6 -7
leaf_value=0 -0.00030075243832865868 0.0049602485550429582 -0.0017148381797615299 0.0091372370171380595 -0.0099923647856476148 0
leaf_weight=0.27319469999929413 0.38433529771282327 2.3519788008961773 1.5657519209926247 3.513918624761573 3.7837178935624252 0.38286872233584279
leaf_count=47 78 928 972 134 4160 95
internal_value=0.000171005 -0.00464091 0.00212593 0.00747916 -0.00943176 0.00868677
internal_weight=12.2558 7.97464 3.91773 4.28112 4.05691 3.89679
internal_count=6414 6107 1900 307 4207 229
is_linear=0
shrinkage=0.025


Tree=201
num_leaves=7
num_cat=0
split_feature=26 22 5 22 13 21
split_gain=1.62971 0.964059 0.629313 0.135808 0.0517271 0.0207678
threshold=-1.0021339654922483 0.75381013751029979 4.7542691230773935 -0.25369100272655482 3.0539695024490361 0.93220895528793346
decision_type=2 2 2 2 2 2
left_child=2 5 3 -1 -3 -2
right_child=1 4 -4 -5 -6 -7
leaf_value=0 -0.011721846059898039 0 -0.0026333911408365912 0.009384423062949461 0.0033107113832496135 0
leaf_weight=0.1419217764341737 4.2050091554774554 0.12772100602160197 0.7114450794761068 4.0913842801819555 1.4951354019431162 0.70410055379034009
leaf_count=207 5200 35 437 290 150 167
internal_value=-0.00138536 -0.00772473 0.00603385 0.0088046 0.00242238 -0.0112396
internal_weight=11.4767 6.53197 4.94475 4.23331 1.62286 4.90911
internal_count=6486 5552 934 497 185 5367
is_linear=0
shrinkage=0.025


Tree=202
num_leaves=7
num_cat=0
split_feature=13 26 27 22 22 18
split_gain=1.06376 0.732225 0.249198 0.194207 0.163931 0.149597
threshold=3.5586340427398686 -0.882708579301834 0.70716613531112682 0.88582694530487072 0.035996479913592346 0.53946271538734447
decision_type=2 2 2 2 2 2
left_child=3 4 -3 5 -2 -1
right_child=1 2 -4 -5 -6 -7
leaf_value=-0.0085861599910974449 0 -0.0044448471434966269 0.0023568936025301045 0 0.009518601388612399 0
leaf_weight=2.3537339829636057 0.37388661975273763 2.642019225586409 0.5552357552005559 0.83503545511484834 4.6545579142693896 0.5818654008762677
leaf_count=2722 467 2550 118 70 295 179
internal_value=0.00042982 0.00507572 -0.00178407 -0.00610841 0.00877549 -0.00751894
internal_weight=11.9963 8.2257 3.19725 3.77063 5.02844 2.9356
internal_count=6401 3430 2668 2971 762 2901
is_linear=0
shrinkage=0.025


Tree=203
num_leaves=6
num_cat=0
split_feature=21 6 25 15 15
split_gain=1.13096 0.807656 0.536593 0.0580685 0.0403319
threshold=0.006675979122519494 4.1044580936431894 2.711433053016663 2.9411590099334721 -0.71893978118896473
decision_type=2 2 2 2 2
left_child=3 2 -2 4 -1
right_child=1 -3 -4 -5 -6
leaf_value=0 0.0090293067828385205 -0.0042215519110952613 -0.0014627410450221848 0 -0.0080996005528749578
leaf_weight=0.23796030260564371 7.2925849316998193 1.0271112064438046 1.1771967933891572 0.090563409627065883 2.4034979290190686
leaf_count=86 1614 768 883 11 3123
internal_value=2.8662e-05 0.00441571 0.00710538 -0.0074069 -0.00776285
internal_weight=12.2289 9.49689 8.46978 2.73202 2.64146
internal_count=6485 3265 2497 3220 3209
is_linear=0
shrinkage=0.025


Tree=204
num_leaves=7
num_cat=0
split_feature=26 6 19 18 17 15
split_gain=1.32191 0.729689 0.486113 0.373045 0.0595857 0.0369824
threshold=-0.99685367941856373 4.1044580936431894 0.5250908136367799 0.45406088232994085 -0.24811325222253797 0.41980203986167913
decision_type=2 2 2 2 2 2
left_child=1 4 3 -2 -1 -4
right_child=2 -3 5 -5 -6 -7
leaf_value=0 -0.011044864116764603 -0.0032056591194176455 0.0021975019540889595 0 0.0091518836608544124 -0.00013857322717583952
leaf_weight=0.18295172103535184 4.099421636939951 0.83772825745836588 1.197348519155639 1.4009717727167297 3.5560080621144152 0.19692673029203422
leaf_count=57 4934 649 137 356 252 85
internal_value=-0.0015007 0.00543913 -0.00698275 -0.00913832 0.00881714 0.00103976
internal_weight=11.4714 4.57669 6.89467 5.50039 3.73896 1.39428
internal_count=6470 958 5512 5290 309 222
is_linear=0
shrinkage=0.025


Tree=205
num_leaves=7
num_cat=0
split_feature=21 13 26 21 15 15
split_gain=1.05337 0.744261 0.34971 0.111389 0.0552721 0.0352825
threshold=0.006675979122519494 3.5586340427398686 -0.882708579301834 1.3901588916778567 2.9411590099334721 -0.71893978118896473
decision_type=2 2 2 2 2 2
left_child=4 3 -3 -2 5 -1
right_child=1 2 -4 -5 -6 -7
leaf_value=0 -0.0044183730436256879 0.009465066509278551 0 0.00032897625461151343 0 -0.007929944386324498
leaf_weight=0.24097928495029997 1.7498118466828585 4.7640588149151872 2.1369892019465633 0.74093836225074472 0.092643704861984477 2.3337606729874105
leaf_count=94 1417 437 1386 59 14 3078
internal_value=0 0.00419923 0.00742532 -0.00289484 -0.00726404 -0.00761395
internal_weight=12.0592 9.3918 6.90105 2.49075 2.66738 2.57474
internal_count=6485 3299 1823 1476 3186 3172
is_linear=0
shrinkage=0.025


Tree=206
num_leaves=6
num_cat=0
split_feature=21 13 26 24 21
split_gain=1.3394 0.61884 0.386945 0.179156 0.0947481
threshold=0.223491445183754 3.5586340427398686 -0.882708579301834 -4.806595802307128 1.8219149708747866
decision_type=2 2 2 2 2
left_child=3 4 -3 -1 -2
right_child=1 2 -4 -5 -6
leaf_value=0 -0.0039019094330328703 0.0094780882175762547 -9.4871562676219589e-05 -0.0093419230953652749 0.0003919630188826731
leaf_weight=0.57816832310345434 1.6280567227950071 4.3038722057535779 1.8192223721271146 3.051705672041864 0.52620585111435492
leaf_count=43 978 304 756 4366 23
internal_value=-0.000447071 0.00433746 0.00730786 -0.00827343 -0.00243855
internal_weight=11.9072 8.27736 6.12309 3.62987 2.15426
internal_count=6470 2061 1060 4409 1001
is_linear=0
shrinkage=0.025


Tree=207
num_leaves=6
num_cat=0
split_feature=6 26 15 22 21
split_gain=1.20058 0.744612 0.251672 0.219919 0.0457854
threshold=3.3475118875503544 -0.88429212570190419 0.17068043351173404 0.035996479913592346 1.8219149708747866
decision_type=2 2 2 2 2
left_child=1 3 -3 -1 -2
right_child=4 2 -4 -5 -6
leaf_value=0 -0.0078694807686576131 0.0016725010339618041 -0.0049789539896031021 0.0094076722390399187 0
leaf_weight=0.4264517610972679 2.6333055096001785 1.8511408067424775 1.7692614581974337 4.9363201199739706 0.30544895393541072
leaf_count=530 2535 1529 1515 326 22
internal_value=0 0.00467992 -0.00185552 0.00846158 -0.0074794
internal_weight=11.9219 8.98317 3.6204 5.36277 2.93875
internal_count=6457 3900 3044 856 2557
is_linear=0
shrinkage=0.025


Tree=208
num_leaves=7
num_cat=0
split_feature=21 24 7 5 5 11
split_gain=1.09072 0.632738 0.632327 0.222262 0.153029 0.0854007
threshold=0.93220895528793346 -3.3517171144485469 5.0578529834747323 4.016282558441163 0.054945731535553939 2.2383959293365483
decision_type=2 2 2 2 2 2
left_child=1 5 -3 4 -2 -1
right_child=3 2 -4 -5 -6 -7
leaf_value=-0.00033218583609472457 0 -0.010198363034340456 0.0019614659184768227 -0.00038563147205746397 0.0084635836247719982 0.0038420279543699139
leaf_weight=0.22314461891073722 0.22113137708220199 4.8892314418881142 0.72021585916081665 0.4152205760765354 3.57545736792963 1.3736393841900278
leaf_count=72 75 5526 280 80 263 112
internal_value=0 -0.00496724 -0.00785941 0.00642718 0.00767846 0.00250162
internal_weight=11.418 7.20623 5.60945 4.21181 3.79659 1.59678
internal_count=6408 5990 5806 418 338 184
is_linear=0
shrinkage=0.025


Tree=209
num_leaves=7
num_cat=0
split_feature=13 27 14 24 21 21
split_gain=1.05744 0.555422 0.289538 0.273532 0.132454 0.123073
threshold=4.0064554214477548 0.21502684056758883 0.099942233413457884 -3.5128403902053829 1.8219149708747866 0.17918867617845538
decision_type=2 2 2 2 2 2
left_child=3 5 -3 -1 -5 -2
right_child=1 2 -4 4 -6 -7
leaf_value=3.6671462578239305e-05 0 0.0025523923624121776 -0.0049014631292057772 -0.0094825889209156425 0 0.0084071385742198624
leaf_weight=1.1057752612832699 0.25854936176619991 0.6633733751405092 2.0050239603588125 3.0801433569722581 0.29452002741163585 3.4705954554810887
leaf_count=142 237 659 1500 3693 18 203
internal_value=-0.00082464 0.00417711 -0.00177739 -0.00706217 -0.00876768 0.0077314
internal_weight=10.878 6.39754 2.6684 4.48044 3.37466 3.72914
internal_count=6452 2599 2159 3853 3711 440
is_linear=0
shrinkage=0.025


Tree=210
num_leaves=7
num_cat=0
split_feature=13 22 17 14 8 13
split_gain=1.02253 0.522794 0.428275 0.346684 0.117296 0.0716649
threshold=4.0064554214477548 0.83888226747512828 0.00986271630972624 0.39368236064910894 -0.91412183642387379 2.9621075391769414
decision_type=2 2 2 2 2 2
left_child=1 4 -2 -4 -1 -3
right_child=2 5 3 -5 -6 -7
leaf_value=0 -0.0020120130399042774 -0.00059657937655044867 0.0090383114196392108 -7.6062492095286955e-05 -0.0096546005447746101 0.0030218119414840922
leaf_weight=0.33980654642800834 0.97511491198747524 0.24465546858846199 3.7450759682214994 1.7500330969342028 3.2798592246072076 1.1569729258771984
leaf_count=75 995 58 1062 520 3739 51
internal_value=-0.000112818 -0.00619838 0.0047083 0.00688676 -0.00900176 0.00144125
internal_weight=11.4915 5.02129 6.47022 5.49511 3.61967 1.40163
internal_count=6500 3923 2577 1582 3814 109
is_linear=0
shrinkage=0.025


Tree=211
num_leaves=7
num_cat=0
split_feature=26 13 22 0 22 15
split_gain=0.967938 0.68045 0.429128 0.437816 0.117778 0.0282809
threshold=-0.97006300091743458 2.26893162727356 0.88582694530487072 0.35269799828529363 -0.25369100272655482 0.36009249091148382
decision_type=2 2 2 2 2 2
left_child=1 -1 3 -2 -3 -4
right_child=2 4 5 -5 -6 -7
leaf_value=-0.0030341923458320373 0.0014514065253959511 0 0.0023488311923125765 -0.0092568941794892983 0.009019955086982728 0
leaf_weight=0.80377158672126814 0.39038643430103537 0.12929202931627504 1.0210854472461504 4.4695347564993426 4.2665124640734575 0.25392229441786174
leaf_count=577 128 245 45 4909 465 77
internal_value=0 0.0054993 -0.00516025 -0.00746303 0.00850914 0.00157383
internal_weight=11.3345 5.19958 6.13493 4.85992 4.3958 1.27501
internal_count=6446 1287 5159 5037 710 122
is_linear=0
shrinkage=0.025


Tree=212
num_leaves=6
num_cat=0
split_feature=13 26 14 24 17
split_gain=0.955002 0.89649 0.313948 0.23826 0.0926598
threshold=2.9621075391769414 -0.882708579301834 0.099942233413457884 0.44932882487773901 1.1804888844490053
decision_type=2 2 2 2 2
left_child=4 3 -3 -2 -1
right_child=1 2 -4 -5 -6
leaf_value=-0.0071124258663806993 0.0095901302805525002 0.0021821327238971469 -0.0054484340226104338 -0.00013759026880523284 0
leaf_weight=1.8927735493161901 5.5999998141342067 1.0107008135782956 2.4136778849788243 0.25230174484022416 0.65923124988330517
leaf_count=2032 601 1049 2075 574 84
internal_value=0.000849476 0.0047214 -0.00249595 0.00872467 -0.00620502
internal_weight=11.8287 9.27668 3.42438 5.8523 2.552
internal_count=6415 4299 3124 1175 2116
is_linear=0
shrinkage=0.025


Tree=213
num_leaves=7
num_cat=0
split_feature=21 7 19 6 16 7
split_gain=1.13077 0.465569 0.49183 0.254753 0.0933072 0.0639416
threshold=0.93220895528793346 5.0578529834747323 0.20173196494579318 4.1200411319732675 0.87189373373985302 5.4540631771087655
decision_type=2 2 2 2 2 2
left_child=1 2 -1 4 -2 -3
right_child=3 5 -4 -5 -6 -7
leaf_value=-0.010866419377041451 0.0077554689786524236 0.0033421808337348196 0 -0.00089574558283480742 0 -0.00018770389361944963
leaf_weight=3.4098535642660863 3.5286524285838827 0.45788157022616349 2.8061006678181002 0.31140748207690183 0.28542034365091229 0.25762007371668005
leaf_count=4934 213 143 863 90 114 126
internal_value=-0.000740627 -0.0059036 -0.00781858 0.0057308 0.00718215 0.00192535
internal_weight=11.0569 6.93146 6.21595 4.12548 3.81407 0.715502
internal_count=6483 6066 5797 417 327 269
is_linear=0
shrinkage=0.025


Tree=214
num_leaves=7
num_cat=0
split_feature=21 6 25 5 16 20
split_gain=1.01465 0.564799 0.48433 0.0519192 0.0455298 0.0531487
threshold=0.006675979122519494 4.1044580936431894 2.711433053016663 4.016282558441163 1.4138908982276919 2.8255935907363896
decision_type=2 2 2 2 2 2
left_child=4 2 -2 -3 5 -1
right_child=1 3 -4 -5 -6 -7
leaf_value=-0.0076043963914516587 0.0085549143803608854 0 -0.001436718643718984 -0.003746712395306192 0 0
leaf_weight=2.2283428778609977 6.9110710373788589 0.27019664895851725 1.0783540733791595 0.92448991459605168 0.20102695663445036 0.09128002469515184
leaf_count=3113 1618 174 872 578 65 18
internal_value=0.000294763 0.00443737 0.00669124 -0.00286134 -0.00688321 -0.00725035
internal_weight=11.7048 9.18411 7.98943 1.19469 2.52065 2.31962
internal_count=6438 3242 2490 752 3196 3131
is_linear=0
shrinkage=0.025


Tree=215
num_leaves=6
num_cat=0
split_feature=21 13 4 21 20
split_gain=1.07316 0.622486 0.374927 0.124676 0.0277069
threshold=0.006675979122519494 2.9621075391769414 -0.46846342086791987 1.8219149708747866 2.8255935907363896
decision_type=2 2 2 2 2
left_child=4 3 -3 -2 -1
right_child=1 2 -4 -5 -6
leaf_value=-0.0076998848311360295 -0.0046803159805516052 -0.0013548059013430056 0.0081881277363636904 0.00053763547414989725 0
leaf_weight=2.2597648623814179 1.1075733667748844 0.37126735558558621 7.1366501169577541 0.4486159108346327 0.12459237145958457
leaf_count=3141 998 142 2098 19 31
internal_value=0 0.00427993 0.00686361 -0.00295995 -0.00747949
internal_weight=11.4485 9.06411 7.50792 1.55619 2.38436
internal_count=6429 3257 2240 1017 3172
is_linear=0
shrinkage=0.025


Tree=216
num_leaves=7
num_cat=0
split_feature=21 13 25 21 15 16
split_gain=0.979033 0.598944 0.362242 0.0947977 0.0473621 0.0480634
threshold=0.006675979122519494 2.9621075391769414 2.711433053016663 1.3901588916778567 2.9411590099334721 1.4138908982276919
decision_type=2 2 2 2 2 2
left_child=4 3 -3 -2 5 -1
right_child=1 2 -4 -5 -6 -7
leaf_value=-0.0074951898923706455 -0.004221439517537816 0.0085203934017839805 -0.00059589115472620958 0.00021098209809965001 0 0
leaf_weight=2.19440083360678 1.0531020730959406 6.2725231717449788 1.2041860629142318 0.65706924372352649 0.094029625550319795 0.20317757601151232
leaf_count=3126 950 1454 815 52 12 64
internal_value=0.000280963 0.00435191 0.0069008 -0.00269878 -0.00678146 -0.00711155
internal_weight=11.6785 9.18688 7.47671 1.71017 2.49161 2.39758
internal_count=6473 3271 2269 1002 3202 3190
is_linear=0
shrinkage=0.025


Tree=217
num_leaves=7
num_cat=0
split_feature=6 25 7 19 17 18
split_gain=0.710817 0.562748 0.204665 0.131306 0.0903673 0.0103569
threshold=3.3157039880752568 0.76381489634513866 5.0578529834747323 -0.18812314420938489 1.1804888844490053 0.53946271538734447
decision_type=2 2 2 2 2 2
left_child=1 3 -3 -1 -2 -6
right_child=4 2 -4 -5 5 -7
leaf_value=0 -0.0069975726030707466 -0.0042606084973565881 0.0018063801652503696 0.0077417390046079122 -0.00056142995340055155 0.00094468040556728661
leaf_weight=0.45693630756431947 2.1834003629519443 2.8015919691679305 0.73346192901226448 4.1828179630938376 0.27164446230744932 0.39142367424210533
leaf_count=207 2578 2904 264 443 74 5
internal_value=0 0.00336293 -0.00194875 0.00696995 -0.00613433 0
internal_weight=11.0213 8.17481 3.53505 4.63975 2.84647 0.663068
internal_count=6475 3818 3168 650 2657 79
is_linear=0
shrinkage=0.025


Tree=218
num_leaves=6
num_cat=0
split_feature=13 25 26 19 17
split_gain=0.898817 0.772844 0.429322 0.199398 0.0897715
threshold=2.9621075391769414 0.76381489634513866 -1.0391929149627683 -0.14430147409439084 1.1804888844490053
decision_type=2 2 2 2 2
left_child=4 3 -3 -2 -1
right_child=1 2 -4 -5 -6
leaf_value=-0.0069139537224012244 0 0.0032732555214014213 -0.0055708929504669456 0.0094365388566097236 0
leaf_weight=1.8395749857918429 0.60424406310994516 0.94599939487670726 2.684541021415499 4.8432834746199642 0.64921705826418463
leaf_count=2032 300 60 3417 488 84
internal_value=0.000844936 0.00463732 -0.00198099 0.00848349 -0.00601386
internal_weight=11.5669 9.07807 3.63054 5.44753 2.48879
internal_count=6381 4265 3477 788 2116
is_linear=0
shrinkage=0.025


Tree=219
num_leaves=6
num_cat=0
split_feature=21 6 6 5 16
split_gain=0.878683 0.472624 0.486955 0.05156 0.0424033
threshold=0.006675979122519494 4.1044580936431894 -0.158228725194931 4.016282558441163 1.4138908982276919
decision_type=2 2 2 2 2
left_child=4 2 -2 -3 -1
right_child=1 3 -4 -5 -6
leaf_value=-0.0075303819546434199 -0.0022451358962313687 0 0.0076343504340203056 -0.0037254822197754912 0
leaf_weight=2.1977609598397989 0.5661395534480097 0.27069500883226261 6.8258927088172632 0.92045734757630271 0.20880752015364112
leaf_count=3125 272 174 2206 576 65
internal_value=0 0.0035118 0.00577276 -0.00284031 -0.00717842
internal_weight=10.9898 8.58318 7.39203 1.19115 2.40657
internal_count=6418 3228 2478 750 3190
is_linear=0
shrinkage=0.025


Tree=220
num_leaves=6
num_cat=0
split_feature=21 6 14 21 16
split_gain=1.01432 0.71551 0.21225 0.125434 0.0471614
threshold=0.006675979122519494 3.2042828798294072 0.55098587274551403 1.8219149708747866 1.4138908982276919
decision_type=2 2 2 2 2
left_child=4 2 -2 -3 -1
right_child=1 3 -4 -5 -6
leaf_value=-0.0075645325864574639 0.0088030501023740604 -0.0048186520392952507 0 0.00045818691262753807 0
leaf_weight=2.2186858928289452 4.8171731929687649 1.3173597862805762 2.081255577133561 0.45826431340537954 0.19993010146572476
leaf_count=3174 1362 1309 564 20 63
internal_value=0 0.00427887 0.00726564 -0.00320122 -0.00719074
internal_weight=11.0927 8.67405 6.89843 1.77562 2.41862
internal_count=6492 3255 1926 1329 3237
is_linear=0
shrinkage=0.025


Tree=221
num_leaves=7
num_cat=0
split_feature=6 26 15 22 22 8
split_gain=1.09458 0.642193 0.270959 0.241403 0.121978 0.112932
threshold=2.8368742465972905 -0.882708579301834 0.17068043351173404 0.92900830507278453 -0.099008269608020769 -0.91412183642387379
decision_type=2 2 2 2 2 2
left_child=1 4 -3 5 -1 -2
right_child=3 2 -4 -5 -6 -7
leaf_value=0 0 0.0021051986951139486 -0.0048756982429099538 0.00022154973897873482 0.0091089445624305872 -0.0088819205958552624
leaf_weight=0.13297277602396196 0.32576191185944559 1.6883262935443784 1.5789778059188391 0.74810758748208162 4.402778060426499 2.4315811399246741
leaf_count=212 66 1277 1334 59 348 3141
internal_value=0.000120111 0.00499362 -0.00142088 -0.00655165 0.00859192 -0.00815333
internal_weight=11.3085 7.80305 3.2673 3.50545 4.53575 2.75734
internal_count=6437 3171 2611 3266 560 3207
is_linear=0
shrinkage=0.025


Tree=222
num_leaves=7
num_cat=0
split_feature=25 6 27 19 12 0
split_gain=1.02554 1.12253 0.904463 0.105595 0.0582444 0.0545918
threshold=0.76381489634513866 3.1850359439849858 0.066843185573816313 -0.17972378432750699 2.9992038011550908 3.5871379375457768
decision_type=2 2 2 2 2 2
left_child=1 3 4 -1 -2 -3
right_child=2 5 -4 -5 -6 -7
leaf_value=0 0 0 -0.010797521053523362 0.0091786811723367813 0.0037976572739680694 -0.0052906234208020125
leaf_weight=0.43415605236805266 0.18726631360914314 0.24435194559555373 3.2100543381457101 4.7425699657687801 1.0398836047170332 1.5801098806659863
leaf_count=168 197 70 4507 436 94 1024
internal_value=-0.000546701 0.00411559 -0.0068483 0.00861214 0.00285354 -0.00468923
internal_weight=11.4384 7.00119 4.4372 5.17673 1.22715 1.82446
internal_count=6496 1698 4798 604 291 1094
is_linear=0
shrinkage=0.025


Tree=223
num_leaves=7
num_cat=0
split_feature=21 13 14 21 15 16
split_gain=0.934488 0.638294 0.253855 0.0951775 0.0443583 0.0429309
threshold=0.006675979122519494 2.9621075391769414 0.55098587274551403 1.3901588916778567 2.9411590099334721 1.4138908982276919
decision_type=2 2 2 2 2 2
left_child=4 3 -3 -2 5 -1
right_child=1 2 -4 -5 -6 -7
leaf_value=-0.0071363781489289253 -0.0043009946693917042 0.0087224410645474863 0 0.0001717140455405557 0 0
leaf_weight=2.092793548315969 1.0681570556152999 5.3500366198168194 2.0815264001175819 0.66347243983182114 0.093022188975737552 0.19964557813727868
leaf_count=3141 990 1641 612 51 15 61
internal_value=0.000570747 0.00446832 0.00711192 -0.00280417 -0.00644382 -0.00677158
internal_weight=11.5487 9.16319 7.43156 1.73163 2.38546 2.29244
internal_count=6511 3294 2253 1041 3217 3202
is_linear=0
shrinkage=0.025


Tree=224
num_leaves=6
num_cat=0
split_feature=21 13 26 21 16
split_gain=0.827565 0.582026 0.407252 0.0988116 0.0508696
threshold=0.006675979122519494 2.9621075391769414 -0.882708579301834 1.8219149708747866 1.4138908982276919
decision_type=2 2 2 2 2
left_child=4 3 -3 -2 -1
right_child=1 2 -4 -5 -6
leaf_value=-0.0073772472274574279 -0.0046009766299268924 0.0085352082959098598 -0.00039728599063262524 0.00012955034567374319 0
leaf_weight=2.149403543218797 1.1006121838836387 4.7405626625986761 2.263328201817786 0.50098911073291663 0.18803795523126599
leaf_count=3142 981 656 1592 27 65
internal_value=0 0.00342847 0.00616484 -0.00319712 -0.00697825
internal_weight=10.9429 8.60549 7.00389 1.6016 2.33744
internal_count=6463 3256 2248 1008 3207
is_linear=0
shrinkage=0.025


Tree=225
num_leaves=7
num_cat=0
split_feature=26 13 27 21 24 26
split_gain=0.928186 0.715562 0.397099 0.352708 0.228182 0.0684644
threshold=-0.93807438015937794 2.2276637554168706 0.70716613531112682 0.99625444412231456 0.44932882487773901 -0.3500536829233169
decision_type=2 2 2 2 2 2
left_child=1 -1 3 -2 -3 -4
right_child=2 4 5 -5 -6 -7
leaf_value=-0.0032414722170475843 -0.0091996874869876878 0.0092579529214446097 0.0034286743571250878 0.00033606569154910192 -0.00014383620828301664 -0.00026586601979093014
leaf_weight=0.86105839286392427 3.3504875329927017 4.9063482149540505 0.3574554542574333 1.2741527109246815 0.24893402762245376 0.23820606317894988
leaf_count=668 4380 557 39 197 542 87
internal_value=0.000106058 0.00539735 -0.00503772 -0.00711334 0.00834123 0.0019169
internal_weight=11.2366 6.01634 5.2203 4.62464 5.15528 0.595662
internal_count=6470 1767 4703 4577 1099 126
is_linear=0
shrinkage=0.025


Tree=226
num_leaves=7
num_cat=0
split_feature=6 26 25 17 14 24
split_gain=0.726086 0.587085 0.257899 0.0760051 0.0695448 0.0185065
threshold=3.3475118875503544 -0.93646147847175587 0.76381489634513866 1.1804888844490053 1.6887961626052859 -5.4962537288665763
decision_type=2 2 2 2 2 2
left_child=1 4 -3 5 -1 -2
right_child=3 2 -4 -5 -6 -7
leaf_value=0.0081547109688548981 0 0.0020881777166273556 -0.004511455514664699 0 0 -0.0067458215154729802
leaf_weight=3.9600857748009721 0.27536093702656272 1.7509819075312396 2.3696479041645944 0.66230033604369953 0.21548566374985956 1.7986350596911516
leaf_count=418 27 486 2929 87 26 2447
internal_value=0.000111424 0.00391403 -0.00141444 -0.00568817 0.0077589 -0.00648843
internal_weight=11.0325 8.2962 4.12063 2.7363 4.17557 2.074
internal_count=6420 3859 3415 2561 444 2474
is_linear=0
shrinkage=0.025


Tree=227
num_leaves=7
num_cat=0
split_feature=19 27 12 27 5 23
split_gain=0.800746 0.611113 0.531848 0.490812 0.140865 0.117306
threshold=0.22317989915609363 0.10347115248441698 2.4626867771148686 0.73313146829605114 4.016282558441163 -5.7434072494506827
decision_type=2 2 2 2 2 2
left_child=1 4 -2 -3 -1 -4
right_child=2 3 5 -5 -6 -7
leaf_value=0.0042703273021521123 -0.0024760644676999743 -0.0098303678297268302 0 0.0016540839723547557 -0.0010313181427780362 0.0085852867994427578
leaf_weight=1.6392779746238377 0.64098125603777578 3.6799752121187339 0.37662254958559049 0.34436776692746196 0.40483298722028838 4.0651886536470556
leaf_count=211 346 4774 146 81 420 492
internal_value=6.29225e-05 -0.00428782 0.00542764 -0.00778309 0.00234633 0.00793738
internal_weight=11.1512 6.06845 5.08279 4.02434 2.04411 4.44181
internal_count=6470 5486 984 4855 631 638
is_linear=0
shrinkage=0.025


Tree=228
num_leaves=6
num_cat=0
split_feature=26 22 5 22 21
split_gain=1.2053 0.738949 0.415568 0.115616 0.0273177
threshold=-1.0021339654922483 0.75381013751029979 4.7542691230773935 -0.099008269608020769 1.485372066497803
decision_type=2 2 2 2 2
left_child=2 -2 3 -1 -3
right_child=1 4 -4 -5 -6
leaf_value=0 -0.010777972808051813 0.0024338683857435799 -0.0021627601305923908 0.0077025834693111046 0
leaf_weight=0.15358974731498198 4.4807657133533212 1.2275246638964743 0.62633225079116517 3.3000675502044032 0.16700171757111082
leaf_count=252 5388 111 432 249 63
internal_value=-0.00249047 -0.00778614 0.00453534 0.00705011 0.00176039
internal_weight=9.95528 5.87529 4.07999 3.45366 1.39453
internal_count=6495 5562 933 501 174
is_linear=0
shrinkage=0.025


Tree=229
num_leaves=6
num_cat=0
split_feature=21 6 25 21 15
split_gain=0.855716 0.660778 0.38201 0.134153 0.047898
threshold=0.006675979122519494 3.3475118875503544 2.711433053016663 1.8219149708747866 2.9411590099334721
decision_type=2 2 2 2 2
left_child=4 2 -2 -3 -1
right_child=1 3 -4 -5 -6
leaf_value=-0.0072760912012476073 0.0084039203337712247 -0.0049799418998180576 -0.00088130708229305812 0.00051573582480789312 0
leaf_weight=2.1085259882165714 5.7886543239583244 1.2863295720708263 1.0571129543932327 0.44679655559593801 0.089439343741105293
leaf_count=3217 1266 1242 754 15 13
internal_value=0 0.00372507 0.0066757 -0.00330403 -0.0069372
internal_weight=10.7769 8.57889 6.84577 1.73313 2.19797
internal_count=6507 3277 2020 1257 3230
is_linear=0
shrinkage=0.025


Tree=230
num_leaves=7
num_cat=0
split_feature=22 27 27 5 11 11
split_gain=0.859234 0.659965 0.548079 0.241315 0.19293 0.0476771
threshold=0.75381013751029979 0.12793050706386569 0.73313146829605114 4.016282558441163 2.2115647792816167 4.8385262489318857
decision_type=2 2 2 2 2 2
left_child=1 3 -3 -1 -2 -6
right_child=4 2 -4 -5 5 -7
leaf_value=0.004386608664707913 -0.00061939473573875833 -0.011165015741819396 0.0015356473513815612 -0.0023480692338209794 0.006871415588538661 0
leaf_weight=2.0960148087433486 0.27812780378735658 3.5857511855829221 0.35938148456625629 0.68603707000511338 2.57334064191673 0.32320855814032246
leaf_count=380 69 4949 88 709 143 80
internal_value=-0.00107347 -0.00542361 -0.00909768 0.00148113 0.00505916 0.00644284
internal_weight=9.90186 6.72718 3.94513 2.78205 3.17468 2.89655
internal_count=6418 6126 5037 1089 292 223
is_linear=0
shrinkage=0.025


Tree=231
num_leaves=6
num_cat=0
split_feature=6 25 26 19 21
split_gain=0.798097 0.534076 0.392199 0.308986 0.207975
threshold=3.2778618335723881 0.76381489634513866 -1.0146782994270322 -0.18812314420938489 1.8219149708747866
decision_type=2 2 2 2 2
left_child=1 3 -3 -1 -2
right_child=4 2 -4 -5 -6
leaf_value=-0.00086980322848832108 -0.0077182806177406599 0.0032374147342011926 -0.0052326487074041052 0.0085773449361318792 0.00024782241484622836
leaf_weight=0.28816092714259856 2.2860963048224234 0.96450568025465999 2.4530489206408683 4.4584681134547264 0.48212756059365336
leaf_count=193 2631 53 3046 453 25
internal_value=0 0.00384295 -0.00159662 0.00721058 -0.0062598
internal_weight=10.9324 8.16418 3.41755 4.74663 2.76822
internal_count=6401 3745 3099 646 2656
is_linear=0
shrinkage=0.025


Tree=232
num_leaves=7
num_cat=0
split_feature=13 22 21 15 21 13
split_gain=0.866213 0.448185 0.422478 0.225156 0.0939684 0.0673354
threshold=4.0064554214477548 0.71941468119621288 0.006675979122519494 0.34962327778339392 1.8219149708747866 2.9621075391769414
decision_type=2 2 2 2 2 2
left_child=1 4 -2 -4 -1 -3
right_child=2 5 3 -5 -6 -7
leaf_value=-0.008962909656336223 -0.0022322454199242532 -0.00061274865572604051 0.0082345971907717679 0 0 0.0028646571594907193
leaf_weight=2.8917140506127912 0.69090286820937752 0.25109373209124886 4.0290590062722913 1.4360084255167747 0.25770752801327024 1.1584467020074951
leaf_count=3672 1166 77 956 456 20 68
internal_value=0 -0.00565374 0.00459779 0.00671246 -0.00840159 0.00127532
internal_weight=10.7149 4.55896 6.15597 5.46507 3.14942 1.40954
internal_count=6415 3837 2578 1412 3692 145
is_linear=0
shrinkage=0.025


Tree=233
num_leaves=5
num_cat=0
split_feature=21 13 5 18
split_gain=0.821008 0.511994 0.245202 0.178395
threshold=0.006675979122519494 3.717023611068726 -0.26084083318710322 0.5263078808784486
decision_type=2 2 2 2
left_child=-1 3 -3 -2
right_child=1 2 -4 -5
leaf_value=-0.007316030566088135 -0.0047841290721368848 -0.00048053501808176881 0.0075096137943027746 0.0010496534479941574
leaf_weight=2.1119862026243945 1.3986345611301643 0.62005455277539923 4.9929527496206001 1.2143211560105553
leaf_count=3218 1373 211 1426 236
internal_value=-0.000246313 0.00317584 0.00622751 -0.00234324
internal_weight=10.3379 8.22596 5.61301 2.61296
internal_count=6464 3246 1637 1609
is_linear=0
shrinkage=0.025


Tree=234
num_leaves=7
num_cat=0
split_feature=22 27 19 5 4 23
split_gain=1.12481 0.436817 0.280627 0.209347 0.116763 0.0714772
threshold=0.75381013751029979 0.073498658835887923 0.34076097607612615 4.7542691230773935 3.1515758037567143 -4.6315288543701163
decision_type=2 2 2 2 2 2
left_child=1 4 -3 5 -1 -2
right_child=3 2 -4 -5 -6 -7
leaf_value=0.003282237285727606 0 -0.0099538744088305195 0 -0.00064884983028621517 -0.0014742723602277346 0.0074167205101712446
leaf_weight=1.1309957696794297 0.38892337345896599 4.3789997675048653 0.94878525360763877 0.25028548837872211 0.49728375941413094 2.766307390134898
leaf_count=64 99 5221 310 55 505 144
internal_value=-0.00154746 -0.0063749 -0.00854371 0.00549606 0.000870345 0.00684884
internal_weight=10.3616 6.95606 5.32779 3.40552 1.62828 3.15523
internal_count=6398 6100 5531 298 569 243
is_linear=0
shrinkage=0.025


Tree=235
num_leaves=7
num_cat=0
split_feature=21 22 27 5 4 25
split_gain=0.910746 0.546158 0.487515 0.19781 0.106055 0.0897541
threshold=0.93220895528793346 0.71941468119621288 0.73313146829605114 4.016282558441163 4.9604418277740487 2.623487234115601
decision_type=2 2 2 2 2 2
left_child=1 2 -1 5 -3 -2
right_child=3 4 -4 -5 -6 -7
leaf_value=-0.0099142955443798416 0.0072638483056188356 0.0037093739029943913 0.0015768456446174372 -0.00049131223366119634 -0.00085721047676367212 0
leaf_weight=4.3375098101714684 3.3263562140818981 1.3084378309940801 0.3479943311685928 0.42019126887316804 0.2533127893693744 0.29884575436881267
leaf_count=5789 244 88 87 80 62 106
internal_value=-0.000272333 -0.00524525 -0.00804211 0.00537069 0.00192741 0.0066657
internal_weight=10.2926 6.24725 4.6855 4.04539 1.56175 3.6252
internal_count=6456 6026 5876 430 150 350
is_linear=0
shrinkage=0.025


Tree=236
num_leaves=7
num_cat=0
split_feature=21 5 14 15 16 19
split_gain=0.624567 0.400617 0.318726 0.0436545 0.0380486 0.0358636
threshold=0.006675979122519494 4.048520803451539 0.38731165230274206 2.9411590099334721 1.4138908982276919 0.94155216217041027
decision_type=2 2 2 2 2 2
left_child=3 2 -2 4 -1 -3
right_child=1 5 -4 -5 -6 -7
leaf_value=-0.0067613219142953198 0.0074931048810527841 -0.0033922088612366383 -0.00015295269257067047 0 0 0
leaf_weight=1.9339349131805663 4.4244163010334869 0.83174700177551109 2.6726899636378221 0.081757423886301583 0.19205301896727167 0.23722514911787584
leaf_count=3111 1640 604 995 10 65 13
internal_value=0 0.00307422 0.00522394 -0.00607406 -0.00641454 -0.00271366
internal_weight=10.3738 8.16608 7.09711 2.20775 2.12599 1.06897
internal_count=6438 3252 2635 3186 3176 617
is_linear=0
shrinkage=0.025


Tree=237
num_leaves=6
num_cat=0
split_feature=13 26 14 19 18
split_gain=0.725549 0.514557 0.246801 0.179168 0.105921
threshold=3.0539695024490361 -0.882708579301834 0.099942233413457884 -0.42773149907588953 0.53946271538734447
decision_type=2 2 2 2 2
left_child=4 3 -3 -2 -1
right_child=1 2 -4 -5 -6
leaf_value=-0.0064537749198822674 -7.1211132832927701e-05 0.0023893655966070546 -0.0043055409711802413 0.0081863229895193044 0
leaf_weight=1.7239996770294976 0.14407334260613414 0.90854032963397857 2.3117746111711313 4.9377756109133761 0.75376225055151724
leaf_count=2067 139 1042 1980 975 177
internal_value=0.000705576 0.00431314 -0.00135195 0.00741308 -0.00534787
internal_weight=10.7799 8.30216 3.22031 5.08185 2.47776
internal_count=6380 4136 3022 1114 2244
is_linear=0
shrinkage=0.025


Tree=238
num_leaves=7
num_cat=0
split_feature=22 27 0 5 5 16
split_gain=0.67309 0.624165 0.43838 0.277654 0.179981 0.0367127
threshold=0.75381013751029979 0.12793050706386569 0.35269799828529363 4.016282558441163 4.7542691230773935 0.5630648434162141
decision_type=2 2 2 2 2 2
left_child=1 3 -3 -1 5 -2
right_child=4 2 -4 -5 -6 -7
leaf_value=0.0051003620973331153 0.0070711245985202245 0.0014588914023438921 -0.0093150693681127023 -0.0021996555889040033 -0.00041310850380069499 0
leaf_weight=2.2463063300128856 2.9255836283518883 0.38702907886181481 3.8653814029057685 0.65073099304936466 0.2168681855109752 0.29487676370627003
leaf_count=367 154 129 4927 682 46 96
internal_value=0 -0.00361691 -0.00740051 0.00231468 0.00556973 0.00673914
internal_weight=10.5868 7.14945 4.25241 2.89704 3.43733 3.22046
internal_count=6401 6105 5056 1049 296 250
is_linear=0
shrinkage=0.025


Tree=239
num_leaves=5
num_cat=0
split_feature=21 13 14 19
split_gain=0.796705 0.480297 0.341708 0.0321888
threshold=0.006675979122519494 2.2276637554168706 0.55098587274551403 1.0183709263801577
decision_type=2 2 2 2
left_child=3 -2 -3 -1
right_child=1 2 -4 -5
leaf_value=-0.006523194879567238 -0.002896642472066187 0.0080500103293809893 -0.00017040481255068367 0
leaf_weight=1.9274373072148603 0.76150311485980449 5.6470324488655024 2.1947395155802951 0.19570435611240089
leaf_count=3145 522 1979 764 32
internal_value=0.000305988 0.00406473 0.00609205 -0.00620956
internal_weight=10.7264 8.60328 7.84177 2.12314
internal_count=6442 3265 2743 3177
is_linear=0
shrinkage=0.025


Tree=240
num_leaves=7
num_cat=0
split_feature=21 13 14 21 15 15
split_gain=0.829943 0.540132 0.323996 0.0726534 0.0425404 0.029929
threshold=0.006675979122519494 2.9621075391769414 0.55098587274551403 1.8219149708747866 2.9411590099334721 -0.71893978118896473
decision_type=2 2 2 2 2 2
left_child=4 3 -3 -2 5 -1
right_child=1 2 -4 -5 -6 -7
leaf_value=0 -0.0037621635824955863 0.008596086241725016 0 4.8179269431817e-05 0 -0.006756397226373197
leaf_weight=0.21529255130735769 1.1243822850847189 5.1666740647742699 2.0426422226519207 0.49063395272241894 0.083197422798548248 1.9257968608762901
leaf_count=95 1005 1605 629 26 13 3137
internal_value=0.000535274 0.00427333 0.00670409 -0.00249831 -0.00612317 -0.00645393
internal_weight=11.0486 8.82433 7.20932 1.61502 2.22429 2.14109
internal_count=6510 3265 2234 1031 3245 3232
is_linear=0
shrinkage=0.025


Tree=241
num_leaves=7
num_cat=0
split_feature=27 13 22 0 21 17
split_gain=0.698011 0.504198 0.434183 0.402924 0.148672 0.042012
threshold=0.12973678112030032 2.2276637554168706 0.75381013751029979 0.35269799828529363 -0.15986076742410657 0.58276864886283886
decision_type=2 2 2 2 2 2
left_child=1 -1 3 -2 -3 -4
right_child=2 4 5 -5 -6 -7
leaf_value=-0.0024317984620967903 0.0014508141120829644 0 0.0028616498800525924 -0.0086631011032088333 0.0083789745255934186 0
leaf_weight=0.67622620985275705 0.38793262906256121 0.14493015354310035 1.1333997201145392 3.9997803882542939 3.8764103861722106 0.35979382870573307
leaf_count=519 126 210 77 4918 487 102
internal_value=0 0.00506427 -0.00415165 -0.00680668 0.00766676 0.00192131
internal_weight=10.5785 4.69757 5.88091 4.38771 4.02134 1.49319
internal_count=6439 1216 5223 5044 697 179
is_linear=0
shrinkage=0.025


Tree=242
num_leaves=7
num_cat=0
split_feature=22 12 21 14 11 23
split_gain=0.637091 0.609028 0.333006 0.252347 0.182619 0.0978448
threshold=0.75381013751029979 5.2510552406311044 1.8219149708747866 0.3516861498355866 2.2115647792816167 -4.1162889003753653
decision_type=2 2 2 2 2 2
left_child=1 2 -1 -3 -2 -6
right_child=4 3 -4 -5 5 -7
leaf_value=-0.0094635799280680943 -0.00064286886326735072 0.0049876242671112432 0.00063339326976999269 -0.0020266915041926787 0 0.0067045097509420741
leaf_weight=4.0385930443153484 0.42654066107934374 1.570298828497471 0.48439065663842473 0.80175218194199249 0.29773570120596593 2.3413791555176431
leaf_count=5062 78 692 21 354 103 120
internal_value=-0.000867085 -0.00460712 -0.00796113 0.0020024 0.00441125 0.00593239
internal_weight=9.96069 6.89503 4.52298 2.37205 3.06566 2.63911
internal_count=6430 6129 5083 1046 301 223
is_linear=0
shrinkage=0.025


Tree=243
num_leaves=6
num_cat=0
split_feature=6 26 27 22 21
split_gain=0.822046 0.597142 0.25162 0.170874 0.104286
threshold=3.2042828798294072 -0.882708579301834 0.70716613531112682 -0.099008269608020769 1.8219149708747866
decision_type=2 2 2 2 2
left_child=1 3 -3 -1 -2
right_child=4 2 -4 -5 -6
leaf_value=0 -0.0075283929991185805 -0.0047443524411215771 0.0021637825153659543 0.0080811749830257754 0
leaf_weight=0.18531322354101565 2.2793912065244517 2.4780768782911768 0.54403702814306587 4.3312037813302595 0.26726853108266357
leaf_count=327 2787 2800 119 422 21
internal_value=0 0.00364278 -0.00214813 0.00726715 -0.00678474
internal_weight=10.0853 7.53863 3.02211 4.51652 2.54666
internal_count=6476 3668 2919 749 2808
is_linear=0
shrinkage=0.025


Tree=244
num_leaves=7
num_cat=0
split_feature=22 13 21 11 6 11
split_gain=0.72975 0.597916 0.301299 0.175859 0.107393 0.0165522
threshold=0.75381013751029979 5.4619572162628183 0.99625444412231456 2.3886363506317143 0.058668695390224464 4.8385262489318857
decision_type=2 2 2 2 2 2
left_child=1 2 -1 -2 -3 -5
right_child=3 4 -4 5 -6 -7
leaf_value=-0.0095828613382352833 -0.00043794789753304062 -0.00047763815081133934 0 0.0064549947291319409 0.0041509139113565284 0
leaf_weight=3.7482550544991682 0.45958037087984882 0.80372465764958156 1.1445803793976663 2.3746478305547503 0.85057345573295606 0.32293683927127848
leaf_count=5373 82 298 179 140 277 75
internal_value=-0.000753044 -0.00489218 -0.00788488 0.00480163 0.00229373 0.00621087
internal_weight=9.7043 6.54713 4.89284 3.15717 1.6543 2.69758
internal_count=6424 6127 5552 297 575 215
is_linear=0
shrinkage=0.025


Tree=245
num_leaves=7
num_cat=0
split_feature=27 5 22 27 17 25
split_gain=0.781769 0.558784 0.345109 0.407296 0.118061 0.0313709
threshold=0.12973678112030032 4.7542691230773935 0.75381013751029979 0.73313146829605114 -0.0064050564542412749 -0.63310340046882618
decision_type=2 2 2 2 2 2
left_child=1 4 3 -2 -1 -4
right_child=2 -3 5 -5 -6 -7
leaf_value=0 -0.0089298154877437228 -0.0026814359719119561 0.0021858740000219772 0.001399549600730054 0.0085934445116871202 0
leaf_weight=0.36039649547819896 3.6546838238791679 0.70122266251564713 1.0338084212562533 0.38371319396537718 3.5444922470596794 0.21694763016421337
leaf_count=262 4933 488 81 93 478 85
internal_value=0 0.00509078 -0.00482616 -0.00702558 0.00791027 0.0012147
internal_weight=9.89526 4.60611 5.28915 4.0384 3.90489 1.25076
internal_count=6420 1228 5192 5026 740 166
is_linear=0
shrinkage=0.025


Tree=246
num_leaves=7
num_cat=0
split_feature=21 6 14 21 15 15
split_gain=0.682655 0.465436 0.286319 0.0787114 0.0357203 0.0243414
threshold=0.006675979122519494 3.3475118875503544 0.36992068588733679 1.8219149708747866 2.9411590099334721 -0.71893978118896473
decision_type=2 2 2 2 2 2
left_child=4 2 -2 -3 5 -1
right_child=1 3 -4 -5 -6 -7
leaf_value=0 0.0083767520104830913 -0.0036093157248695096 0 0.00027247691788355509 0 -0.0062475392222372432
leaf_weight=0.21179343297262754 4.0871357542891911 1.2934513702675756 2.5920646462909644 0.46308970759855572 0.08596494054654602 1.7939287069275458
leaf_count=93 1210 1166 826 25 15 3073
internal_value=0.000356613 0.00386777 0.00626694 -0.00221659 -0.00566565 -0.00597329
internal_weight=10.5274 8.43574 6.6792 1.75654 2.09169 2.00572
internal_count=6408 3227 2036 1191 3181 3166
is_linear=0
shrinkage=0.025


Tree=247
num_leaves=7
num_cat=0
split_feature=27 27 5 22 24 26
split_gain=0.742473 0.456519 0.397179 0.365331 0.114951 0.0637326
threshold=0.12973678112030032 0.70716613531112682 4.7542691230773935 0.88582694530487072 0.44932882487773901 -0.3500536829233169
decision_type=2 2 2 2 2 2
left_child=2 3 4 -2 -1 -3
right_child=1 5 -4 -5 -6 -7
leaf_value=0.0069510837250184327 -0.0099493448942232256 0.0033280643426373217 -0.0024530612585336423 0.00039323820178561048 0 -0.00020690671988303537
leaf_weight=3.4943401903110503 3.7243450661990209 0.35460358541968162 0.6553474771681066 0.89593407438223938 0.17498561286265601 0.22983427299186576
leaf_count=362 5011 39 487 107 351 82
internal_value=-0.00145838 -0.0060261 0.00365216 -0.00813209 0.00624941 0.00187814
internal_weight=9.52939 5.20472 4.32467 4.62028 3.66933 0.584438
internal_count=6439 5239 1200 5118 713 121
is_linear=0
shrinkage=0.025


Tree=248
num_leaves=7
num_cat=0
split_feature=26 13 0 22 22 1
split_gain=0.634456 0.411975 0.279528 0.284148 0.131243 0.0471074
threshold=-0.97006300091743458 2.2276637554168706 0.35269799828529363 0.75381013751029979 -0.099008269608020769 1.0000000180025095e-35
decision_type=2 2 2 2 2 2
left_child=1 -1 5 -4 -3 -2
right_child=2 4 3 -5 -6 -7
leaf_value=-0.0022750823697506744 -9.8007517005386011e-05 0 -0.0080627521676139881 0.00033509902924985639 0.0074171002813092695 0.0027912637688143928
leaf_weight=0.67025785130681459 0.24640947781153943 0.15335544481786234 3.7174858793914609 1.1376177971978902 3.7433529020818241 0.15064354882269981
leaf_count=582 113 335 4809 164 396 22
internal_value=-9.71524e-05 0.00422578 -0.00469341 -0.00628915 0.00669666 0.00141051
internal_weight=9.81912 4.56697 5.25216 4.8551 3.89671 0.397053
internal_count=6421 1313 5108 4973 731 135
is_linear=0
shrinkage=0.025


Tree=249
num_leaves=7
num_cat=0
split_feature=21 5 12 24 16 15
split_gain=0.506789 0.380332 0.285292 0.0439584 0.0375704 0.0386871
threshold=0.006675979122519494 4.048520803451539 6.0754663944244394 -5.9952774047851554 1.4138908982276919 2.9411590099334721
decision_type=2 2 2 2 2 2
left_child=4 2 -2 -3 5 -1
right_child=1 3 -4 -5 -6 -7
leaf_value=-0.0064291747339551815 0.0062652150104925393 0 -0.0013203542056027581 -0.0036369020524357337 0 0
leaf_weight=1.8236440703476549 6.1705172550646239 0.203291735437233 0.5935388949146726 0.88639194013012435 0.17458786631323153 0.084537024595192523
leaf_count=3080 2397 10 240 599 58 14
internal_value=-0.000127945 0.00253495 0.00479003 -0.00287644 -0.00575264 -0.00610969
internal_weight=9.93651 7.85374 6.76406 1.08968 2.08277 1.90818
internal_count=6398 3246 2637 609 3152 3094
is_linear=0
shrinkage=0.025


Tree=250
num_leaves=7
num_cat=0
split_feature=27 6 22 21 19 21
split_gain=0.886306 0.418996 0.358849 0.129167 0.110629 0.0549243
threshold=0.12973678112030032 3.9445605278015141 0.75381013751029979 0.99625444412231456 -0.29273292422294611 1.8219149708747866
decision_type=2 2 2 2 2 2
left_child=1 4 3 -2 -1 -3
right_child=2 5 -4 -5 -6 -7
leaf_value=0 -0.0093625835702211141 -0.0032534355540359051 0.00063815526625615954 0 0.0074531899485097315 0
leaf_weight=0.2603136349753189 3.4592412341407908 0.85214472832376464 1.2441341378798823 0.72224807539896563 3.1933626217360143 0.18893097998807207
leaf_count=115 4913 813 169 136 303 4
internal_value=-0.00157163 0.00399771 -0.00648944 -0.00848351 0.00675725 -0.00213809
internal_weight=9.92038 4.49475 5.42562 4.18149 3.45368 1.04108
internal_count=6453 1235 5218 5049 418 817
is_linear=0
shrinkage=0.025


Tree=251
num_leaves=6
num_cat=0
split_feature=6 21 14 21 22
split_gain=0.685117 0.437307 0.267198 0.206919 0.040853
threshold=3.2778618335723881 0.006675979122519494 0.55098587274551403 1.8219149708747866 0.88582694530487072
decision_type=2 2 2 2 2
left_child=1 4 -3 -2 -1
right_child=3 2 -4 -5 -6
leaf_value=-0.0032082591591129674 -0.0071838872219868472 0.0078934019068174644 0 0.0004441689776749694 0
leaf_weight=0.95338257420371497 2.1176692453918808 4.5286923446328728 1.918380347688071 0.42742074927082274 0.19731041166232899
leaf_count=1773 2636 1427 556 19 4
internal_value=5.88756e-06 0.00387458 0.00610536 -0.00562907 -0.0024107
internal_weight=10.1429 7.59777 6.44707 2.54509 1.15069
internal_count=6415 3760 1983 2655 1777
is_linear=0
shrinkage=0.025


Tree=252
num_leaves=6
num_cat=0
split_feature=22 11 17 25 16
split_gain=0.924856 0.339797 0.303056 0.216557 0.0228792
threshold=0.22387114912271502 2.2115647792816167 0.81952017545700084 0.76381489634513866 -0.2519941627979278
decision_type=2 2 2 2 2
left_child=2 -2 -1 -3 -4
right_child=1 3 4 -5 -6
leaf_value=-0.0089285647016993982 -0.0021253818083370843 0.0072500786639304524 -0.00035010460559170234 -0.00014784136658600581 0.0015244147084958022
leaf_weight=2.9804390913996031 0.58983145012462035 4.0257279222096258 0.25297632544243243 0.99467711724719254 0.94143979723594362
leaf_count=5205 218 501 110 300 131
internal_value=-0.00119142 0.00378601 -0.00697948 0.00581823 0.00015629
internal_weight=9.78509 5.61024 4.17486 5.02041 1.19442
internal_count=6465 1019 5446 801 241
is_linear=0
shrinkage=0.025


Tree=253
num_leaves=7
num_cat=0
split_feature=13 21 23 21 24 18
split_gain=0.742105 0.353041 0.32181 0.244265 0.129445 0.0148676
threshold=4.0064554214477548 0.006675979122519494 -2.4652459621429439 1.1975888013839724 -5.4962537288665763 0.53946271538734447
decision_type=2 2 2 2 2 2
left_child=3 -2 -3 4 -1 -5
right_child=1 2 -4 5 -6 -7
leaf_value=0 -0.0019939513682759803 -0.00041647914450516541 0.0081792365074993077 0 -0.0081617541809404365 0.0013469893519906431
leaf_weight=0.50565230067150002 0.63382600240583986 1.422399948172824 3.8522915310059034 0.19922227232018475 2.5398156416376878 0.7700703473892645
leaf_count=41 1174 594 852 48 3720 46
internal_value=0 0.00421658 0.00617831 -0.00547139 -0.00723684 0.000444017
internal_weight=9.92328 5.90852 5.27469 4.01476 3.04547 0.969293
internal_count=6475 2620 1446 3855 3761 94
is_linear=0
shrinkage=0.025


Tree=254
num_leaves=7
num_cat=0
split_feature=6 25 26 19 21 22
split_gain=0.609491 0.582838 0.216291 0.177592 0.159436 0.073528
threshold=3.2042828798294072 0.76381489634513866 -1.0146782994270322 -0.17972378432750699 1.8219149708747866 0.92900830507278453
decision_type=2 2 2 2 2 2
left_child=1 3 -3 -1 5 -2
right_child=4 2 -4 -5 -6 -7
leaf_value=0 -0.0070473841929895309 0.0018776293657484439 -0.0045009671604609438 0.0083924409450692721 0.00022940116491549221 0
leaf_weight=0.44262319996050781 1.8335824622481602 0.64762767333013505 2.2366790589294396 3.9636618754630035 0.45604244689457107 0.4914608105609658
leaf_count=180 2638 44 3017 430 22 53
internal_value=0.000191233 0.00390484 -0.00199357 0.00743765 -0.00499424 -0.00632927
internal_weight=10.0717 7.29059 2.88431 4.40629 2.78109 2.32504
internal_count=6384 3671 3061 610 2713 2691
is_linear=0
shrinkage=0.025


Tree=255
num_leaves=7
num_cat=0
split_feature=27 6 22 19 21 21
split_gain=0.945162 0.537069 0.28694 0.106731 0.0977683 0.0119606
threshold=0.12973678112030032 4.1044580936431894 0.75381013751029979 0.56999501585960399 0.039889024570584304 1.485372066497803
decision_type=2 2 2 2 2 2
left_child=1 4 3 -2 -1 -4
right_child=2 -3 5 -5 -6 -7
leaf_value=0 -0.0089220953864452435 -0.002841331058006805 0.0011833111498184494 0 0.0079012498003505956 0
leaf_weight=0.20266490443827967 3.5747907230252172 0.77042185400205188 0.85228319669113251 0.31557091743161425 3.4521690952969948 0.12098680052440614
leaf_count=177 4940 768 102 71 284 59
internal_value=-0.00129636 0.00433937 -0.00665812 -0.00832315 0.00734218 0.000346977
internal_weight=9.28889 4.42526 4.86363 3.89036 3.65483 0.97327
internal_count=6401 1229 5172 5011 461 161
is_linear=0
shrinkage=0.025


Tree=256
num_leaves=7
num_cat=0
split_feature=26 19 0 12 22 6
split_gain=0.561365 0.47149 0.413188 0.392605 0.0761417 0.0536611
threshold=-1.0021339654922483 0.56999501585960399 0.35269799828529363 2.612237930297852 -0.25369100272655482 3.2778618335723881
decision_type=2 2 2 2 2 2
left_child=3 2 -2 -1 -5 -3
right_child=1 5 -4 4 -6 -7
leaf_value=-0.0021257133211814859 0.0015089060914520915 0.003295682091602518 -0.008707003857544934 0 0.007287680794448294 0
leaf_weight=0.585405540041393 0.37909750665494346 1.1079970391692766 4.1013662924851815 0.10689204539812713 3.218033568882674 0.17441000597318623
leaf_count=423 127 92 5206 204 296 86
internal_value=0 -0.00411352 -0.00684345 0.00435166 0.00683461 0.00228507
internal_weight=9.6732 5.76287 4.48046 3.91033 3.32493 1.28241
internal_count=6434 5511 5333 923 500 178
is_linear=0
shrinkage=0.025


Tree=257
num_leaves=6
num_cat=0
split_feature=19 21 13 23 10
split_gain=0.788446 0.912938 0.474302 0.132386 0.0533252
threshold=0.19585141539573672 0.99625444412231456 2.9621075391769414 -5.7434072494506827 0.57333385944366466
decision_type=2 2 2 2 2
left_child=1 -1 -2 -4 -3
right_child=2 4 3 -5 -6
leaf_value=-0.010602083227292013 -0.0028472228846975643 0 0 0.0074221820576025558 0.0034065826564548211
leaf_weight=3.2003377379005542 0.73634968098485831 0.15591239850618865 0.37130965817777939 3.3916179132902471 1.7218429147178538
leaf_count=5165 484 37 159 430 170
internal_value=-0.00149706 -0.00626718 0.00369375 0.00658121 0.00254871
internal_weight=9.57737 5.07809 4.49928 3.76293 1.87776
internal_count=6445 5372 1073 589 207
is_linear=0
shrinkage=0.025


Tree=258
num_leaves=7
num_cat=0
split_feature=21 7 24 13 23 7
split_gain=0.648045 0.353538 0.348048 0.145622 0.167683 0.0484611
threshold=0.93220895528793346 5.0578529834747323 -4.806595802307128 2.2276637554168706 -5.0860803127288809 5.4540631771087655
decision_type=2 2 2 2 2 2
left_child=1 2 -1 -2 -5 -3
right_child=3 5 -4 4 -6 -7
leaf_value=0.00095403824102151507 -0.00021829681784630041 0.0031758718125356358 -0.0079297590541998423 -9.3150020593856414e-05 0.007255256876435268 0
leaf_weight=0.95606134634726903 0.21510226864484172 0.44352175222593349 4.2663361936974979 0.31479968229541588 3.0991091307296301 0.20045020102043054
leaf_count=77 76 155 5694 120 216 125
internal_value=0 -0.00400415 -0.00602085 0.00517181 0.00618215 0.00208841
internal_weight=9.49538 5.86637 5.2224 3.62901 3.41391 0.643972
internal_count=6463 6051 5771 412 336 280
is_linear=0
shrinkage=0.025


Tree=259
num_leaves=7
num_cat=0
split_feature=26 13 5 14 22 22
split_gain=0.715418 0.380844 0.378596 0.255304 0.204884 0.0814976
threshold=-1.0021339654922483 5.4619572162628183 4.7542691230773935 0.2808921486139298 0.75381013751029979 -0.25369100272655482
decision_type=2 2 2 2 2 2
left_child=2 4 5 -3 -2 -1
right_child=1 3 -4 -5 -6 -7
leaf_value=0 -0.008728934524543935 0.0047578198370567832 -0.0019693636125281597 -0.0025164211549667348 0 0.0074020648115879608
leaf_weight=0.11426790573386902 3.1525268735094873 0.88830913449055493 0.55782430314502551 0.59171661113578011 0.80391712536220428 3.2338782761435141
leaf_count=199 4747 287 424 322 117 297
internal_value=-0.000394479 -0.00503172 0.00455937 0.0011874 -0.00742011 0.00692381
internal_weight=9.34244 5.43647 3.90597 1.48003 3.95644 3.34815
internal_count=6393 5473 920 609 4864 496
is_linear=0
shrinkage=0.025


Tree=260
num_leaves=7
num_cat=0
split_feature=17 22 22 20 12 4
split_gain=0.786386 0.646878 0.331864 0.197292 0.18215 0.0774986
threshold=0.48641648888587957 0.71941468119621288 -0.099008269608020769 0.8651251792907716 7.1882870197296151 4.9604418277740487
decision_type=2 2 2 2 2 2
left_child=1 4 -2 -4 -1 -3
right_child=2 5 3 -5 -6 -7
leaf_value=-0.010520173734621781 -0.0020705772204386214 0.0031909423191060732 0.0071847899754527156 -0.00033664544567357969 0 -0.00057528997767105066
leaf_weight=3.1296241724267024 0.56498048988214566 1.4419776703216483 3.3940093193414218 0.39313596950523777 0.22992548921320111 0.27727728919126082
leaf_count=5152 655 112 266 180 19 64
internal_value=-0.00158084 -0.00630371 0.00368589 0.00594546 -0.00969596 0.00167727
internal_weight=9.43093 5.0788 4.35213 3.78715 3.35955 1.71925
internal_count=6448 5347 1101 446 5171 176
is_linear=0
shrinkage=0.025


Tree=261
num_leaves=7
num_cat=0
split_feature=13 24 21 21 20 7
split_gain=0.607561 0.317707 0.275766 0.261055 0.24699 0.015816
threshold=4.1538631916046151 -3.5128403902053829 0.018802258186042312 1.8219149708747866 0.85571998357772838 0.19844582676887515
decision_type=2 2 2 2 2 2
left_child=1 5 -2 -3 -4 -1
right_child=2 3 4 -5 -6 -7
leaf_value=0 -0.0017032401810534049 -0.0089272931322209818 0.0071603936230772314 0.00036122773318034666 -0.00052848507893318625 0.0015390186307964624
leaf_weight=0.37147467333852524 0.56840350858328736 2.5607184602777129 3.6669569196747034 0.42572833446320135 0.86046229820567521 0.96115608629406779
leaf_count=78 1091 3953 858 20 388 83
internal_value=-0.000321275 -0.00513554 0.00366264 -0.00742343 0.00553263 0.000817726
internal_weight=9.4149 4.31908 5.09582 2.98645 4.52742 1.33263
internal_count=6471 4134 2337 3973 1246 161
is_linear=0
shrinkage=0.025


Tree=262
num_leaves=7
num_cat=0
split_feature=27 5 27 22 15 22
split_gain=0.504893 0.385636 0.357361 0.220091 0.062481 0.0589221
threshold=0.12973678112030032 4.016282558441163 0.70716613531112682 0.83888226747512828 0.17068043351173404 -0.25369100272655482
decision_type=2 2 2 2 2 2
left_child=1 5 3 -2 -4 -1
right_child=2 -3 4 -5 -6 -7
leaf_value=0 -0.0079978342469442694 -0.0022687186368834885 0.0032902268898468787 0 -0.00020003038523242674 0.0066316429214997672
leaf_weight=0.090557355411874929 3.7596903565899993 0.94720863593829552 0.36480870712330205 0.91717186977621157 0.21351573610809282 2.9969358343587373
leaf_count=179 4995 774 54 120 78 280
internal_value=-0.000726527 0.00340025 -0.0046174 -0.00660967 0.00185693 0.00623961
internal_weight=9.28989 4.0347 5.25519 4.67686 0.578324 3.08749
internal_count=6480 1233 5247 5115 132 459
is_linear=0
shrinkage=0.025


Tree=263
num_leaves=6
num_cat=0
split_feature=13 25 7 19 18
split_gain=0.501592 0.543081 0.260298 0.218557 0.0883514
threshold=2.9621075391769414 0.76381489634513866 5.0578529834747323 -0.18812314420938489 0.53946271538734447
decision_type=2 2 2 2 2
left_child=4 3 -3 -2 -1
right_child=1 2 -4 -5 -6
leaf_value=-0.0056667868601919186 -0.00016581241209039668 -0.0047651513228460793 0.0022585555736782544 0.0081181265219426382 0
leaf_weight=1.5088561440134074 0.50408874656204705 2.3226125947476253 0.60777244633936778 4.1881649832248513 0.69865012412628846
leaf_count=1970 293 3219 253 554 168
internal_value=0.000381401 0.00358088 -0.00201477 0.0069569 -0.00461934
internal_weight=9.83015 7.62264 2.93039 4.69225 2.20751
internal_count=6457 4319 3472 847 2138
is_linear=0
shrinkage=0.025


Tree=264
num_leaves=7
num_cat=0
split_feature=13 21 22 15 21 13
split_gain=0.703727 0.341466 0.295778 0.275025 0.0809963 0.027217
threshold=4.0064554214477548 0.006675979122519494 0.92900830507278453 0.41980203986167913 1.3035746216773989 2.9621075391769414
decision_type=2 2 2 2 2 2
left_child=2 -2 4 -3 -1 -4
right_child=1 3 5 -5 -6 -7
leaf_value=-0.0080151712479642253 -0.0018534842268928934 0.0079467769737574349 0 -0.00034753182097560287 0 0.0018814642032046137
leaf_weight=2.2657683710167484 0.60249792573085859 4.0289717561645375 0.3217862253077326 1.0445171218270841 0.4765549162402748 0.84412499721292988
leaf_count=3696 1182 1021 50 364 57 39
internal_value=0 0.00438052 -0.0051358 0.0062938 -0.00733146 0.000772239
internal_weight=9.58422 5.67599 3.90823 5.07349 2.74232 1.16591
internal_count=6409 2567 3842 1385 3753 89
is_linear=0
shrinkage=0.025


Tree=265
num_leaves=7
num_cat=0
split_feature=13 17 20 15 20 22
split_gain=0.783786 0.201983 0.217033 0.107519 0.0529293 0.0405152
threshold=3.717023611068726 0.012511070352047684 0.8651251792907716 1.2509050965309145 1.0785807967185976 0.99908503890037548
decision_type=2 2 2 2 2 2
left_child=3 5 -3 4 -1 -2
right_child=1 2 -4 -5 -6 -7
leaf_value=-0.0076673735530894465 -0.0022474989823930373 0.0067685231863331106 -0.00037695110900989073 0 0 0.00031032937188119476
leaf_weight=2.3709999939492272 0.69891782975537331 4.0606243271504354 0.90503390744561318 0.47774449994903978 0.29798530390689837 0.33907351313973777
leaf_count=2971 1249 1435 442 159 190 8
internal_value=-0.000292529 0.00378962 0.00530333 -0.00639387 -0.00722432 -0.000811767
internal_weight=9.15038 6.00365 4.96566 3.14673 2.66899 1.03799
internal_count=6454 3134 1877 3320 3161 1257
is_linear=0
shrinkage=0.025


Tree=266
num_leaves=6
num_cat=0
split_feature=13 19 13 3 0
split_gain=0.724704 0.382775 0.222928 0.14075 0.0593971
threshold=2.9621075391769414 0.19585141539573672 4.8092370033264169 1.1015259623527529 3.5871379375457768
decision_type=2 2 2 2 2
left_child=4 2 -2 -3 -1
right_child=1 3 -4 -5 -6
leaf_value=0 -0.0039797547710913759 0 0.0022094364153303994 0.0077747189684990656 -0.0065386067912034289
leaf_weight=0.25513656744442403 1.817346423500567 0.1890697491980976 2.064216594935715 3.7574787813973671 1.6809179727715671
leaf_count=241 2629 133 1083 477 1889
internal_value=0.00024043 0.00400034 -0.00059375 0.00702397 -0.00598569
internal_weight=9.76417 7.82811 3.88156 3.94655 1.93605
internal_count=6452 4322 3712 610 2130
is_linear=0
shrinkage=0.025


Tree=267
num_leaves=7
num_cat=0
split_feature=6 25 21 21 26 22
split_gain=0.486972 0.47318 0.155933 0.154723 0.0799508 0.0393797
threshold=3.2778618335723881 2.711433053016663 0.006675979122519494 1.8219149708747866 -1.0810868740081785 0.92900830507278453
decision_type=2 2 2 2 2 2
left_child=1 2 -1 5 -3 -2
right_child=3 4 -4 -5 -6 -7
leaf_value=0 -0.0066808946478178035 0.00014152979814454763 0.0068737749197716885 0.00023522924504854062 -0.0039768457019285835 0
leaf_weight=0.58407629763314606 1.7378841391582689 0.27165177825372655 4.9392321304912912 0.43939625460188825 1.2010864272197066 0.45511592514230859
leaf_count=737 2601 16 1233 20 1771 47
internal_value=0 0.00322323 0.00594686 -0.00485264 -0.00272909 -0.00619585
internal_weight=9.62844 6.99605 5.52331 2.6324 1.47274 2.193
internal_count=6425 3757 1970 2668 1787 2648
is_linear=0
shrinkage=0.025


Tree=268
num_leaves=6
num_cat=0
split_feature=21 27 11 24 20
split_gain=0.745773 0.339578 0.158036 0.113001 0.0586391
threshold=0.18667254596948626 0.13764339685440066 2.2383959293365483 -3.6482713222503658 2.8255935907363896
decision_type=2 2 2 2 2
left_child=4 2 -2 -3 -1
right_child=1 3 -4 -5 -6
leaf_value=-0.0078581815127776854 -0.00012770931273524625 0.0010111315258947201 0.0068013612222373541 -0.0033598756808321342 0
leaf_weight=2.2666770682262727 0.30512111486314131 1.1192894714040451 3.0838039041918819 2.1205787401268026 0.15755972362603632
leaf_count=4189 100 154 416 1532 40
internal_value=-0.00133386 0.00260702 0.00572819 -0.00139406 -0.0074501
internal_weight=9.05303 6.62879 3.38893 3.23987 2.42424
internal_count=6431 2202 516 1686 4229
is_linear=0
shrinkage=0.025


Tree=269
num_leaves=7
num_cat=0
split_feature=26 6 25 19 15 14
split_gain=0.575233 0.44674 0.225922 0.103494 0.0538034 0.0394434
threshold=-0.882708579301834 3.3475118875503544 -3.7403987646102901 -0.42773149907588953 0.35494048893451696 -0.70263004302978505
decision_type=2 2 2 2 2 2
left_child=1 3 -2 -1 -3 -4
right_child=2 4 5 -5 -6 -7
leaf_value=0 0.0002728519966452222 -0.00390042377063033 0 0.0061864140945353373 0 -0.0083028111194939792
leaf_weight=0.10093716390110818 0.54618671044590916 0.94460061853897037 0.22708524014524378 3.8540744353122136 0.87451239065921982 2.4389337567154139
leaf_count=89 47 1333 93 772 429 3624
internal_value=-0.00168325 0.00219213 -0.00650383 0.00553328 -0.00288634 -0.0079799
internal_weight=8.98633 5.77412 3.21221 3.95501 1.81911 2.66602
internal_count=6387 2623 3764 861 1762 3717
is_linear=0
shrinkage=0.025


Tree=270
num_leaves=7
num_cat=0
split_feature=13 25 24 17 21 26
split_gain=0.48901 0.297036 0.220154 0.147578 0.0947128 0.0720254
threshold=4.0064554214477548 2.711433053016663 -3.6482713222503658 0.012511070352047684 1.8219149708747866 -1.0431479811668394
decision_type=2 2 2 2 2 2
left_child=2 3 -1 -2 -4 -3
right_child=1 5 4 -5 -6 -7
leaf_value=0.00014920132700735336 -0.00014470776927748988 0.00022530395447222366 -0.007975074834608735 0.0060861482001038705 0 -0.0035515339758572448
leaf_weight=1.105884743290517 0.47653252155578263 0.28771106213389408 2.3703001296853476 3.3085144986835076 0.27666292840149243 0.81429844717422384
leaf_count=143 456 19 3705 842 23 1288
internal_value=-0.00135535 0.00243409 -0.00557566 0.00495437 -0.00731845 -0.00216459
internal_weight=8.6399 4.88706 3.75285 3.78505 2.64696 1.10201
internal_count=6476 2605 3871 1298 3728 1307
is_linear=0
shrinkage=0.025


Tree=271
num_leaves=7
num_cat=0
split_feature=21 7 22 13 23 1
split_gain=0.713291 0.404046 0.290977 0.130994 0.103255 0.0553194
threshold=0.99625444412231456 5.0578529834747323 0.71941468119621288 2.2276637554168706 -5.0860803127288809 1.0000000180025095e-35
decision_type=2 2 2 2 2 2
left_child=1 2 -1 -2 -5 -3
right_child=3 5 -4 4 -6 -7
leaf_value=-0.0086269350164871576 -0.0001377208560802875 0 0.00016809710785761908 0 0.006706029562225756 0.0032816316653747953
leaf_weight=3.7353232096684224 0.20685754631995257 0.22320839617896115 1.1574330530711447 0.38229212599981144 2.8452940997194673 0.41758298856802867
leaf_count=5627 73 95 152 115 173 173
internal_value=-0.000161875 -0.00477001 -0.0068812 0.00494806 0.00591926 0.0020527
internal_weight=8.96799 5.53355 4.89276 3.43444 3.22759 0.640791
internal_count=6408 6047 5779 361 288 268
is_linear=0
shrinkage=0.025


Tree=272
num_leaves=7
num_cat=0
split_feature=19 21 13 4 23 24
split_gain=0.70055 0.899661 0.388344 0.140237 0.0414526 0.0337277
threshold=0.19585141539573672 0.99625444412231456 2.9621075391769414 0.88417431712150585 -0.78927388787269581 -3.5128403902053829
decision_type=2 2 2 2 2 2
left_child=1 5 -2 -4 -3 -1
right_child=2 4 3 -5 -6 -7
leaf_value=0 -0.0021915749101240624 0.0035591401220984985 0 0.0072927757318294213 0 -0.010244529243257049
leaf_weight=0.065990131901344617 0.78615330123648153 1.2896273273981931 0.30233151484208098 3.3889317092689453 0.67548109108611232 2.9439206226707029
leaf_count=13 490 79 169 424 129 5234
internal_value=-0.000826016 -0.00552157 0.00389239 0.00642261 0.00277836 -0.0100724
internal_weight=9.45244 4.97502 4.47742 3.69126 1.96511 3.00991
internal_count=6538 5455 1083 593 208 5247
is_linear=0
shrinkage=0.025


Tree=273
num_leaves=6
num_cat=0
split_feature=13 25 7 14 18
split_gain=0.456693 0.527067 0.236007 0.0837581 0.0792786
threshold=2.9621075391769414 0.76381489634513866 5.0578529834747323 2.2867883443832402 0.53946271538734447
decision_type=2 2 2 2 2
left_child=4 3 -3 -2 -1
right_child=1 2 -4 -5 -6
leaf_value=-0.0055280038401634398 0.0071523005120284313 -0.0047527771523130334 0.0019515201057718921 0 0
leaf_weight=1.4810862614795044 4.4443530315293174 2.1677398680840274 0.65818309859969293 0.17016107028030081 0.71372532916575426
leaf_count=1987 773 3223 266 67 179
internal_value=0.000163604 0.00332238 -0.00214347 0.00669367 -0.00454319
internal_weight=9.63525 7.44044 2.82592 4.61451 2.19481
internal_count=6495 4329 3489 840 2166
is_linear=0
shrinkage=0.025


Tree=274
num_leaves=7
num_cat=0
split_feature=6 21 14 25 24 18
split_gain=0.610996 0.359474 0.269837 0.0616862 0.0411945 0.0130782
threshold=3.2778618335723881 0.018802258186042312 0.39368236064910894 -4.0633981227874747 -4.806595802307128 1.0369654893875124
decision_type=2 2 2 2 2 2
left_child=1 4 -3 -2 -1 -5
right_child=3 2 -4 5 -6 -7
leaf_value=0 0 0.0078189008889321589 0 -0.0062325136382440742 -0.0029312582785164781 0
leaf_weight=0.1820329113106709 0.65332775680144584 3.8341653106253943 2.2763003102736548 1.6164558317504996 0.8864624028719843 0.078152195448637829
leaf_count=4 99 1156 753 2573 1830 11
internal_value=1.07331e-05 0.00375355 0.00578193 -0.00534958 -0.00202284 -0.0060967
internal_weight=9.5269 7.17896 6.11047 2.34794 1.0685 1.69461
internal_count=6426 3743 1909 2683 1834 2584
is_linear=0
shrinkage=0.025


Tree=275
num_leaves=5
num_cat=0
split_feature=6 26 0 19
split_gain=0.563569 0.524465 0.221405 0.110692
threshold=3.3157039880752568 -0.882708579301834 0.35269799828529363 -0.13744639605283734
decision_type=2 2 2 2
left_child=1 3 -3 -1
right_child=-2 2 -4 -5
leaf_value=0 -0.0064056379555918891 0.0016844430862384457 -0.0050016787925914212 0.0069235945067216689
leaf_weight=0.6338727817419566 2.0675880216549558 0.3471141949121378 2.2324737744929735 3.536889984512527
leaf_count=245 2599 123 2873 571
internal_value=-0.000748801 0.0024404 -0.00275973 0.00608926
internal_weight=8.81794 6.75035 2.57959 4.17076
internal_count=6411 3812 2996 816
is_linear=0
shrinkage=0.025


Tree=276
num_leaves=7
num_cat=0
split_feature=26 5 0 22 22 14
split_gain=0.582518 0.487732 0.321889 0.144193 0.0951183 0.0429294
threshold=-0.93646147847175587 4.048520803451539 0.35269799828529363 1.3309507966041567 -0.099008269608020769 0.10279817879199983
decision_type=2 2 2 2 2 2
left_child=1 4 5 -4 -1 -2
right_child=2 -3 3 -5 -6 -7
leaf_value=0 0.0028070281252848732 -0.0026776239631379323 -0.0077410227218953067 0 0.0073098829492416004 0
leaf_weight=0.26982255801340249 0.14720586424300552 1.0405673209170343 3.3488447238523809 0.36034904190455552 3.6540697936725337 0.21224318677559495
leaf_count=434 17 937 4502 32 404 103
internal_value=-8.18176e-05 0.00376771 -0.00495569 -0.00686267 0.00671989 0.00160034
internal_weight=9.0331 4.96446 4.06864 3.70919 3.92389 0.359449
internal_count=6429 1775 4654 4534 838 120
is_linear=0
shrinkage=0.025


Tree=277
num_leaves=7
num_cat=0
split_feature=13 26 19 21 15 24
split_gain=0.533187 0.411629 0.166801 0.137295 0.0722313 0.0227963
threshold=3.5586340427398686 -0.84842899441719044 -0.30591177940368647 0.006675979122519494 1.0482028722763064 -8.077079772949217
decision_type=2 2 2 2 2 2
left_child=4 3 -3 -2 5 -1
right_child=1 2 -4 -5 -6 -7
leaf_value=0 0 0.0013905524294961379 -0.0043782547514789718 0.0068181293019735079 0 -0.0065518570603921855
leaf_weight=0.10344659117981869 0.19141672141631749 0.40726821640419064 1.5870225034996108 3.67865954759327 0.48902496723530919 2.0261901913945621
leaf_count=5 448 391 2019 560 195 2812
internal_value=-0.000367053 0.00292323 -0.0021547 0.00598412 -0.00563852 -0.00634867
internal_weight=8.48303 5.86437 1.99429 3.87008 2.61866 2.12964
internal_count=6430 3418 2410 1008 3012 2817
is_linear=0
shrinkage=0.025


Tree=278
num_leaves=5
num_cat=0
split_feature=21 14 13 26
split_gain=0.528755 0.477534 0.316319 0.189067
threshold=0.006675979122519494 0.36992068588733679 2.2276637554168706 -0.93646147847175587
decision_type=2 2 2 2
left_child=-1 2 -2 -3
right_child=1 3 -4 -5
leaf_value=-0.0059115094199044798 -0.0011734371756783914 0.001099768820105043 0.0075774551868136213 -0.0049377845467871535
leaf_weight=1.6362197395537803 0.42400781407195598 1.2402690705603165 4.4815891374055354 1.2940299802248771
leaf_count=3186 348 283 1671 928
internal_value=0 0.0028148 0.00597961 -0.00238452
internal_weight=9.07612 7.4399 4.9056 2.5343
internal_count=6416 3230 2019 1211
is_linear=0
shrinkage=0.025


Tree=279
num_leaves=7
num_cat=0
split_feature=26 0 22 5 22 1
split_gain=0.549131 0.303856 0.36282 0.294923 0.0724429 0.0375938
threshold=-1.0021339654922483 0.35269799828529363 0.75381013751029979 4.7542691230773935 -0.25369100272655482 1.0000000180025095e-35
decision_type=2 2 2 2 2 2
left_child=3 5 -3 4 -1 -2
right_child=1 2 -4 -5 -6 -7
leaf_value=0 0 -0.0083797537414133424 0.00067500285786140394 -0.00164107180779037 0.0066691439905514852 0.0027787461114909579
leaf_weight=0.11321721620697722 0.18476392126467533 3.4939118650509045 1.3710955367387212 0.49820953049857042 3.0898406905253069 0.15220364649576368
leaf_count=199 101 5200 182 430 284 22
internal_value=-0.000235974 -0.00441614 -0.0061456 0.00408245 0.00619226 0.00174688
internal_weight=8.90324 5.20197 4.86501 3.70127 3.20306 0.336968
internal_count=6418 5505 5382 913 483 123
is_linear=0
shrinkage=0.025


Tree=280
num_leaves=7
num_cat=0
split_feature=21 2 22 13 5 1
split_gain=0.580421 0.343576 0.229546 0.142873 0.094002 0.0633122
threshold=0.93220895528793346 1.0000000180025095e-35 0.71941468119621288 2.2276637554168706 0.34405954182147985 1.0000000180025095e-35
decision_type=2 2 2 2 2 2
left_child=1 5 -3 -2 -5 -1
right_child=3 2 -4 4 -6 -7
leaf_value=-0.00025431196657057543 -0.00042218349451522447 -0.0080034200900614069 0 0 0.0061684550951257959 0.0032276880833109023
leaf_weight=0.27615686493663805 0.2500497633009221 3.6368899976368994 1.0798919760563874 0.194086213683477 2.8742846332752379 0.40998926311294781
leaf_count=129 82 5715 149 88 246 54
internal_value=-0.000372616 -0.00451605 -0.00649393 0.00428174 0.00546378 0.00173579
internal_weight=8.72135 5.40293 4.71678 3.31842 3.06837 0.686146
internal_count=6463 6047 5864 416 334 183
is_linear=0
shrinkage=0.025


Tree=281
num_leaves=7
num_cat=0
split_feature=6 19 7 23 0 24
split_gain=0.584726 0.344861 0.149837 0.132973 0.0351483 0.0357514
threshold=3.2778618335723881 0.19585141539573672 5.0578529834747323 -5.7434072494506827 3.5871379375457768 -5.4962537288665763
decision_type=2 2 2 2 2 2
left_child=1 2 -1 -3 -2 -6
right_child=4 3 -4 -5 5 -7
leaf_value=-0.0031421606082579143 0 0 0.0019966351000994605 0.0073419827373237241 0 -0.0062275126854160643
leaf_weight=2.7926347894899668 0.27493107603550049 0.40426586103421902 0.63936085093155259 3.1882302139310923 0.32060878290212769 1.7365680990278629
leaf_count=3027 341 154 262 353 30 2350
internal_value=0 0.00351434 -0.000827321 0.00645727 -0.00543951 -0.0058184
internal_weight=9.3566 7.02449 3.432 3.5925 2.33211 2.05718
internal_count=6517 3796 3289 507 2721 2380
is_linear=0
shrinkage=0.025


Tree=282
num_leaves=7
num_cat=0
split_feature=22 17 7 5 11 23
split_gain=0.397352 0.49398 0.563184 0.140431 0.138672 0.0845855
threshold=0.75381013751029979 0.5230606496334077 5.0578529834747323 4.016282558441163 2.2115647792816167 -4.9161651134490958
decision_type=2 2 2 2 2 2
left_child=1 2 -1 -3 -2 -6
right_child=4 3 -4 -5 5 -7
leaf_value=-0.0094541812373199214 -0.00021181847197579282 0.0039628089928986669 0.0021050648752582351 -0.0011517074521535389 0 0.0064666942346118007
leaf_weight=2.5236909828909124 0.36014815817179657 2.6180945105479627 0.62250608681279107 0.41187150795667538 0.28698431443626793 2.4667789909071871
leaf_count=5009 76 616 268 266 98 141
internal_value=0.000148519 -0.00260272 -0.00651158 0.00220501 0.00461686 0.00578379
internal_weight=9.29007 6.17616 3.1462 3.02997 3.11391 2.75376
internal_count=6474 6159 5277 882 315 239
is_linear=0
shrinkage=0.025


Tree=283
num_leaves=7
num_cat=0
split_feature=21 27 19 13 26 23
split_gain=0.534367 0.304705 0.369243 0.15523 0.0549552 0.0460849
threshold=0.93220895528793346 0.70716613531112682 0.20173196494579318 2.2276637554168706 -0.3500536829233169 -5.7434072494506827
decision_type=2 2 2 2 2 2
left_child=1 2 -1 -2 -3 -5
right_child=3 4 -4 5 -6 -7
leaf_value=-0.0079949072525514683 -0.00029424910350194102 0.0034240822409080038 0.00051687177851955711 0 0 0.0066937696875199078
leaf_weight=2.7206572921586485 0.22885379119543392 0.32842143403104274 2.3655998229296529 0.43363748023693949 0.19463685901428096 3.0210064384809812
leaf_count=5072 88 39 862 119 79 230
internal_value=0.000410974 -0.00310627 -0.0051227 0.00519139 0.00225662 0.00625313
internal_weight=9.29281 5.60932 5.08626 3.6835 0.523058 3.45464
internal_count=6489 6052 5934 437 118 349
is_linear=0
shrinkage=0.025


Tree=284
num_leaves=7
num_cat=0
split_feature=21 27 22 5 23 14
split_gain=0.545034 0.270353 0.300438 0.129409 0.103033 0.0399841
threshold=0.93220895528793346 0.73313146829605114 0.71941468119621288 4.016282558441163 -5.0860803127288809 0.10755529999732973
decision_type=2 2 2 2 2 2
left_child=1 2 -1 4 -2 -3
right_child=3 5 -4 -5 -6 -7
leaf_value=-0.0076165520664235225 0 0.0027713603011459706 0.00059889251986040793 -0.00016304880143454801 0.0064144345341579983 0
leaf_weight=3.7757873130194639 0.4607152051394231 0.15271843127266027 1.2188536343383019 0.36704990550060745 2.6949648782210716 0.1798015237072832
leaf_count=5756 134 16 149 80 215 67
internal_value=0 -0.00404737 -0.00568973 0.00448551 0.00556101 0.00165382
internal_weight=8.84989 5.32716 4.99464 3.52273 3.15568 0.33252
internal_count=6417 5988 5905 429 349 83
is_linear=0
shrinkage=0.025


Tree=285
num_leaves=7
num_cat=0
split_feature=22 26 0 5 5 25
split_gain=0.454849 0.417459 0.387612 0.142303 0.136249 0.107175
threshold=0.75381013751029979 -1.0021339654922483 0.35269799828529363 4.016282558441163 4.7542691230773935 -0.39672926068305964
decision_type=2 2 2 2 2 2
left_child=1 3 -3 -1 5 -2
right_child=4 2 -4 -5 -6 -7
leaf_value=0.0039608729302487346 0.0064161762048014024 0.001467057215865453 -0.0084008454350874753 -0.0012721445651855995 -0.00032621642254948807 0
leaf_weight=1.6476218155294193 2.5131687614557459 0.38644917880083118 3.4158741004539479 0.46857630799786409 0.20302726388035797 0.2862230822611308
leaf_count=229 154 138 5201 577 49 92
internal_value=0 -0.00340473 -0.00642424 0.00184418 0.00443935 0.00557388
internal_weight=8.92094 5.91852 3.80232 2.1162 3.00242 2.79939
internal_count=6440 6145 5339 806 295 246
is_linear=0
shrinkage=0.025


Tree=286
num_leaves=7
num_cat=0
split_feature=26 27 5 19 11 26
split_gain=0.404571 0.358516 0.282351 0.196525 0.0615871 0.0546849
threshold=-1.0085016489028928 0.70716613531112682 4.7542691230773935 0.56999501585960399 2.2115647792816167 -0.3500536829233169
decision_type=2 2 2 2 2 2
left_child=2 3 4 -2 -1 -3
right_child=1 5 -4 -5 -6 -7
leaf_value=0 -0.0074353625918877134 0.0033785284448671418 -0.0017936912331783948 0 0.0061901083402090031 0
leaf_weight=0.0615695468841303 3.6279476880135917 0.3309824763382494 0.52095369125891 0.90399803470063478 2.7026264641281159 0.19626422512374109
leaf_count=43 5228 42 433 184 411 84
internal_value=-0.000372718 -0.00394768 0.0034383 -0.00609554 0.00574943 0.00219672
internal_weight=8.34434 5.05919 3.28515 4.53195 2.7642 0.527247
internal_count=6425 5538 887 5412 454 126
is_linear=0
shrinkage=0.025


Tree=287
num_leaves=7
num_cat=0
split_feature=21 6 14 26 15 16
split_gain=0.445122 0.317223 0.197113 0.0508042 0.0279019 0.0296303
threshold=0.006675979122519494 3.2778618335723881 0.55098587274551403 -1.0085016489028928 2.9411590099334721 1.4138908982276919
decision_type=2 2 2 2 2 2
left_child=4 2 -2 -3 5 -1
right_child=1 3 -4 -5 -6 -7
leaf_value=-0.0053187733320452261 0.0069337613074366439 0 0 -0.0029684888204327196 0 0
leaf_weight=1.4685772817847462 4.0318554655787011 0.8720808775324258 1.7016054847845223 0.75016347310884135 0.068233519592467817 0.16706082231030439
leaf_count=3063 1447 317 548 947 13 58
internal_value=0.000191369 0.0032646 0.00538308 -0.00169016 -0.00468324 -0.00497858
internal_weight=9.05958 7.35571 5.73346 1.62224 1.70387 1.63564
internal_count=6393 3259 1995 1264 3134 3121
is_linear=0
shrinkage=0.025


Tree=288
num_leaves=6
num_cat=0
split_feature=21 13 14 15 16
split_gain=0.4424 0.368733 0.174482 0.0795551 0.0375874
threshold=0.006675979122519494 3.5702590942382817 0.39368236064910894 0.35494048893451696 1.4138908982276919
decision_type=2 2 2 2 2
left_child=4 3 -3 -2 -1
right_child=1 2 -4 -5 -6
leaf_value=-0.0052367568355580251 -0.0035464426987023797 0.0072622381770529217 0 0.00025615237967270988 0
leaf_weight=1.4657419810537247 0.94131929924333224 3.2829118308291072 2.1756558893976035 1.0050357293512204 0.15590452855394676
leaf_count=3121 1131 1111 680 319 60
internal_value=6.08727e-05 0.00314542 0.00559837 -0.00191213 -0.00481977
internal_weight=9.02657 7.40492 5.45857 1.94636 1.62165
internal_count=6422 3241 1791 1450 3181
is_linear=0
shrinkage=0.025


Tree=289
num_leaves=7
num_cat=0
split_feature=13 15 21 24 21 27
split_gain=0.542655 0.306023 0.273284 0.237056 0.218051 0.0860227
threshold=4.1205389499664316 0.34962327778339392 0.018802258186042312 -3.5128403902053829 1.8219149708747866 0.091524880379438414
decision_type=2 2 2 2 2 2
left_child=3 2 -2 -1 -5 -3
right_child=1 5 -4 4 -6 -7
leaf_value=0.00059291879198845117 -0.00080489308511740357 0.0007502237616395077 0.0077468309873168053 -0.0079832781444893804 0.00030253982003016573 -0.0033238766349060257
leaf_weight=1.2589082864578816 0.40490225980465799 0.41378483964945167 3.4808104311741772 2.1931758492482918 0.41242031421279524 0.68287896661786363
leaf_count=178 878 18 866 3881 20 658
internal_value=0 0.00403425 0.00620086 -0.00446462 -0.00651332 -0.00140694
internal_weight=8.84688 4.98238 3.88571 3.8645 2.6056 1.09666
internal_count=6499 2420 1744 4079 3901 676
is_linear=0
shrinkage=0.025


Tree=290
num_leaves=7
num_cat=0
split_feature=6 21 14 25 22 15
split_gain=0.424212 0.264249 0.331777 0.143068 0.0326102 0.0229003
threshold=2.8368742465972905 0.018802258186042312 0.39368236064910894 -4.3013892173767081 1.077011823654175 -0.71893978118896473
decision_type=2 2 2 2 2 2
left_child=1 5 -3 -2 -5 -1
right_child=3 2 -4 4 -6 -7
leaf_value=0 0 0.0072837004841236203 -0.00077219308225309812 -0.006507764735183337 0 -0.0024715833530735646
leaf_weight=0.11204400419956073 0.82015783707174739 3.2371791051446053 1.8198537786665836 1.7443589341201002 0.093614694575080537 0.73974511471351423
leaf_count=2 96 980 649 3123 12 1561
internal_value=0 0.00286114 0.0048206 -0.00479167 -0.00622821 -0.00188306
internal_weight=8.56695 5.90882 5.05703 2.65813 1.83797 0.851789
internal_count=6423 3192 1629 3231 3135 1563
is_linear=0
shrinkage=0.025


Tree=291
num_leaves=7
num_cat=0
split_feature=27 22 5 21 22 17
split_gain=0.647996 0.35982 0.331014 0.136008 0.0674085 0.0280583
threshold=0.10885978490114213 0.75381013751029979 4.7542691230773935 0.93220895528793346 -0.25369100272655482 0.58276864886283886
decision_type=2 2 2 2 2 2
left_child=2 3 4 -2 -1 -3
right_child=1 5 -4 -5 -6 -7
leaf_value=0 -0.0084696409385845214 0.0020092272556898423 -0.001883144519364304 0 0.0067894075433961578 0
leaf_weight=0.10179089221856052 3.0478745516047643 1.1390323301748138 0.54581882761704026 0.88455057323881181 3.0283105618473201 0.25477406596837671
leaf_count=221 5120 89 446 176 319 98
internal_value=-0.000861647 -0.00515742 0.00402744 -0.00742393 0.00635113 0.00106462
internal_weight=9.00215 5.32623 3.67592 3.93243 3.1301 1.39381
internal_count=6469 5483 986 5296 540 187
is_linear=0
shrinkage=0.025


Tree=292
num_leaves=7
num_cat=0
split_feature=27 6 19 19 21 14
split_gain=0.557312 0.337042 0.310984 0.101068 0.0870721 0.020925
threshold=0.12973678112030032 4.1044580936431894 0.56999501585960399 -0.44879978895187372 0.93220895528793346 0.22584257274866107
decision_type=2 2 2 2 2 2
left_child=1 3 4 -1 -2 -4
right_child=2 -3 5 -5 -6 -7
leaf_value=0 -0.0080472741521149232 -0.002147320832275844 0 0.006589284586354111 0 0.0018186937070560239
leaf_weight=0.091714748272352487 2.7625665799714629 0.63527736211108266 0.15285829517233629 3.0911349019806953 1.2282018209589294 0.87148323674045969
leaf_count=73 4849 757 63 407 239 100
internal_value=-0.00105521 0.00342549 -0.00509763 0.00593402 -0.00706111 0.00102608
internal_weight=8.83324 3.81813 5.01511 3.18285 3.99077 1.02434
internal_count=6488 1237 5251 480 5088 163
is_linear=0
shrinkage=0.025


Tree=293
num_leaves=7
num_cat=0
split_feature=21 14 5 25 16 15
split_gain=0.354551 0.270358 0.266631 0.141567 0.0286657 0.0284324
threshold=0.006675979122519494 0.55098587274551403 4.016282558441163 -2.7824034690856929 1.4138908982276919 2.9411590099334721
decision_type=2 2 2 2 2 2
left_child=4 2 -2 -3 5 -1
right_child=1 3 -4 -5 -6 -7
leaf_value=-0.0052233166085406523 0.0064385321335640906 0.0011824667580167432 -0.0010381648234568609 -0.0040138547484016877 0 0
leaf_weight=1.4654740329424383 4.475325176383194 0.93605566326004908 0.76274217550599122 1.0624463907715833 0.1621324221814574 0.069659995682741171
leaf_count=3130 1900 116 500 786 63 12
internal_value=0 0.00257098 0.00476403 -0.00158099 -0.0045837 -0.00492677
internal_weight=8.93384 7.23657 5.23807 1.9985 1.69727 1.53513
internal_count=6507 3302 2400 902 3205 3142
is_linear=0
shrinkage=0.025


Tree=294
num_leaves=7
num_cat=0
split_feature=26 22 5 19 22 0
split_gain=0.706976 0.458943 0.260236 0.098052 0.0515846 0.0291939
threshold=-1.0085016489028928 0.75381013751029979 4.7542691230773935 0.56999501585960399 -0.25369100272655482 5.4172215461730966
decision_type=2 2 2 2 2 2
left_child=2 3 4 -2 -1 -3
right_child=1 5 -4 -5 -6 -7
leaf_value=0 -0.0088385283425742797 0.0021847589480495926 -0.0013530140132215515 0 0.0065133145534132441 0
leaf_weight=0.081207114479185161 3.4235401933947291 1.1724183014994194 0.47234772854062601 0.29491969624723413 2.7006126843843958 0.34427986910304742
leaf_count=190 5336 110 415 93 272 83
internal_value=-0.00125046 -0.00560142 0.004145 -0.00827333 0.00615122 0.0013119
internal_weight=8.48933 5.23516 3.25417 3.71846 2.78182 1.5167
internal_count=6499 5622 877 5429 462 193
is_linear=0
shrinkage=0.025


Tree=295
num_leaves=7
num_cat=0
split_feature=19 26 13 3 5 1
split_gain=0.566941 0.383476 0.261429 0.12414 0.0287719 0.0126989
threshold=0.19585141539573672 -1.0320059657096861 2.9621075391769414 1.5156552791595461 4.016282558441163 3.8194926977157597
decision_type=2 2 2 2 2 2
left_child=1 4 5 -4 -1 -2
right_child=2 -3 3 -5 -6 -7
leaf_value=0.0020319705067983434 0 -0.0082421220057351582 0 0.006045949054823461 0 -0.002223901308374712
leaf_weight=0.93041229816299142 0.10455179602649911 3.2612054060664377 0.25964066926462726 2.9718229927384527 0.20596920160460286 0.60949214619176928
leaf_count=121 37 4985 179 418 299 424
internal_value=-0.00181433 -0.00590817 0.00280183 0.00509655 0.00102949 -0.00186178
internal_weight=8.34309 4.39759 3.94551 3.23146 1.13638 0.714044
internal_count=6463 5405 1058 597 420 461
is_linear=0
shrinkage=0.025


Tree=296
num_leaves=6
num_cat=0
split_feature=13 17 22 14 21
split_gain=0.639993 0.245541 0.23234 0.180778 0.0776862
threshold=4.1205389499664316 0.012511070352047684 0.71941468119621288 0.55098587274551403 1.8219149708747866
decision_type=2 2 2 2 2
left_child=2 -2 4 -3 -1
right_child=1 3 -4 -5 -6
leaf_value=-0.0078163332756513351 -0.0013075382241770749 0.0070262466786578329 0.00023730602935010848 0 0
leaf_weight=2.0760199582036885 0.57390861424028106 3.4673987889655109 1.2491239166156445 1.0230322254319615 0.22077913978137065
leaf_count=3874 911 1160 152 329 18
internal_value=0 0.00400087 -0.00528718 0.00566932 -0.00725206
internal_weight=8.61026 5.06434 3.54592 4.49043 2.2968
internal_count=6444 2400 4044 1489 3892
is_linear=0
shrinkage=0.025


Tree=297
num_leaves=6
num_cat=0
split_feature=13 25 27 19 19
split_gain=0.419971 0.309356 0.187068 0.0817854 0.0513696
threshold=2.9621075391769414 0.76381489634513866 0.073498658835887923 -0.18812314420938489 -0.44131372869014734
decision_type=2 2 2 2 2
left_child=4 3 -3 -2 -1
right_child=1 2 -4 -5 -6
leaf_value=0 0 0.0020946155226036676 -0.0037908092130643544 0.0064794865496540623 -0.005266041394170997
leaf_weight=0.63909957173018472 0.46542853148639585 0.71229346098698476 2.0328288454657013 3.4531952962151991 1.30864581260721
leaf_count=542 276 66 3422 532 1627
internal_value=0 0.00320274 -0.00109037 0.00583622 -0.00453423
internal_weight=8.61149 6.66375 2.74512 3.91862 1.94775
internal_count=6465 4296 3488 808 2169
is_linear=0
shrinkage=0.025


Tree=298
num_leaves=7
num_cat=0
split_feature=26 27 22 21 6 26
split_gain=0.467486 0.378025 0.38276 0.257341 0.13257 0.0474754
threshold=-0.97006300091743458 0.70716613531112682 0.75381013751029979 0.17918867617845538 4.6494309902191171 -0.3500536829233169
decision_type=2 2 2 2 2 2
left_child=3 2 -2 -1 -5 -3
right_child=1 5 -4 4 -6 -7
leaf_value=-0.0014946808092930715 -0.0089259263386453815 0.003213852654446478 0.00077876442222657536 0.0065542199759362589 0 0
leaf_weight=0.58902634647165575 2.761574882184505 0.33666233989788452 1.1077398996421832 3.1808432772668316 0.1990877330135844 0.17663908225949843
leaf_count=785 4883 42 157 365 154 77
internal_value=-8.16682e-05 -0.00428212 -0.00657015 0.00366119 0.00566125 0.00214849
internal_weight=8.35157 4.38262 3.86931 3.96896 3.37993 0.513301
internal_count=6463 5159 5040 1304 519 119
is_linear=0
shrinkage=0.025


Tree=299
num_leaves=6
num_cat=0
split_feature=6 26 14 21 19
split_gain=0.418212 0.330148 0.241429 0.12595 0.0858379
threshold=3.2778618335723881 -0.88429212570190419 0.099942233413457884 1.8219149708747866 -0.42773149907588953
decision_type=2 2 2 2 2
left_child=1 4 -3 -2 -1
right_child=3 2 -4 -5 -6
leaf_value=0 -0.0059456432925159616 0.0022730236400245406 -0.0044981564990356432 0 0.0062494933086407441
leaf_weight=0.081274730544464879 1.8636694005654137 0.81510035035171347 1.7459978157494331 0.44821139716077585 3.7517630435213505
leaf_count=84 2667 1000 1970 25 692
internal_value=0 0.00292472 -0.00143851 -0.00473475 0.00571167
internal_weight=8.70602 6.39414 2.5611 2.31188 3.83304
internal_count=6438 3746 2970 2692 776
is_linear=0
shrinkage=0.025


Tree=300
num_leaves=7
num_cat=0
split_feature=13 25 22 17 17 13
split_gain=0.339592 0.34274 0.331897 0.233975 0.0788992 0.0770101
threshold=4.5972559452056894 2.711433053016663 0.75381013751029979 0.98730754852294933 0.00986271630972624 2.9621075391769414
decision_type=2 2 2 2 2 2
left_child=2 4 3 -1 -2 -4
right_child=1 -3 5 -5 -6 -7
leaf_value=-0.0079863248650698781 0 -0.0021444142673460588 -0.00068120757568331143 0.00013959380190933484 0.0066444447307563844 0.0030609045750420757
leaf_weight=2.2580791912187128 0.19572710649663427 0.75162035329049093 0.26393084329902183 0.91631684992898943 2.3800515067960077 1.4011570711227248
leaf_count=4445 249 857 72 155 525 93
internal_value=-0.000109922 0.00326449 -0.0035451 -0.00622547 0.00604143 0.00146397
internal_weight=8.16688 3.3274 4.83948 3.1744 2.57578 1.66509
internal_count=6396 1631 4765 4600 774 165
is_linear=0
shrinkage=0.025


Tree=301
num_leaves=7
num_cat=0
split_feature=26 5 19 24 22 6
split_gain=0.652669 0.289415 0.152441 0.100912 0.0994921 0.0414628
threshold=-0.93807438015937794 4.048520803451539 0.54510602355003368 0.44932882487773901 1.3309507966041567 3.9445605278015141
decision_type=2 2 2 2 2 2
left_child=1 3 4 -1 -2 -3
right_child=2 5 -4 -5 -6 -7
leaf_value=0.0060374552212503207 -0.0083190537693608752 0 0 0 0 -0.0028818811227515357
leaf_weight=3.0580664910448836 2.8899631505846637 0.23664197267862597 0.666475662463199 0.17717003095276584 0.14038919682934636 0.78335804087328142
leaf_count=384 4571 44 150 447 5 885
internal_value=-0.00201425 0.00278696 -0.00668436 0.00529227 -0.0077623 -0.00191679
internal_weight=7.95206 4.25524 3.69683 3.23524 3.03035 1.02
internal_count=6486 1760 4726 831 4576 929
is_linear=0
shrinkage=0.025


Tree=302
num_leaves=7
num_cat=0
split_feature=22 13 14 11 19 11
split_gain=0.418171 0.579179 0.161116 0.101268 0.0851251 0.0283981
threshold=0.75381013751029979 5.4619572162628183 0.3516861498355866 2.2115647792816167 0.62918704748153698 4.8385262489318857
decision_type=2 2 2 2 2 2
left_child=1 4 -3 -2 -1 -5
right_child=3 2 -4 5 -6 -7
leaf_value=-0.0077711946265589544 -5.5540185223737525e-05 0.0049309593190341103 -0.0009661817418248807 0.0052299620790654316 0 0
leaf_weight=3.5616839393333071 0.33596713104634579 1.0398993230664926 0.46179370508252748 1.9882744680326143 0.43476885293421208 0.24919771692657366
leaf_count=5454 69 333 226 140 142 74
internal_value=-0.000379774 -0.00381909 0.00280779 0.00381321 -0.00718047 0.00489473
internal_weight=8.07159 5.49815 1.50169 2.57344 3.99645 2.23747
internal_count=6438 6155 559 283 5596 214
is_linear=0
shrinkage=0.025


Tree=303
num_leaves=6
num_cat=0
split_feature=17 22 12 23 23
split_gain=0.635503 0.484664 0.232567 0.188415 0.0352874
threshold=0.50489372014999401 0.71941468119621288 2.8871618509292607 -5.7434072494506827 0.42160533368587499
decision_type=2 2 2 2 2
left_child=1 -1 -2 -4 -3
right_child=2 4 3 -5 -6
leaf_value=-0.0088987915031184424 -0.0014975299157582627 0.0022476308308489665 -0.00049087280423579791 0.0065418281937185954 0
leaf_weight=2.6603462947277876 0.46800894421903638 1.3663627222595094 0.34452822437742758 3.2716352782390459 0.18940847113844927
leaf_count=5156 273 146 158 644 42
internal_value=-0.00125773 -0.00583519 0.00339047 0.00525038 0.00124166
internal_weight=8.30029 4.21612 4.08417 3.61616 1.55577
internal_count=6419 5344 1075 802 188
is_linear=0
shrinkage=0.025


Tree=304
num_leaves=6
num_cat=0
split_feature=6 26 14 24 14
split_gain=0.446581 0.252551 0.169518 0.0906566 0.0364177
threshold=3.2778618335723881 -0.882708579301834 0.2808921486139298 0.44932882487773901 -0.7377752661705016
decision_type=2 2 2 2 2
left_child=1 3 -3 -1 -2
right_child=4 2 -4 -5 -6
leaf_value=0.0062477160074337831 0 0.0018481958757462459 -0.0037285184286397228 0 -0.0052921846947218375
leaf_weight=3.4098971172461465 0.52649544214182276 1.4065426820670839 1.3291134146893453 0.15003333503955207 1.57639784328785
leaf_count=424 231 1830 1133 366 2463
internal_value=0 0.00322784 -0.000711985 0.00563299 -0.00476726
internal_weight=8.39848 6.29559 2.73566 3.55993 2.10289
internal_count=6447 3753 2963 790 2694
is_linear=0
shrinkage=0.025


Tree=305
num_leaves=7
num_cat=0
split_feature=21 14 23 25 16 20
split_gain=0.306841 0.307909 0.285208 0.175654 0.0230246 0.026454
threshold=0.006675979122519494 0.36992068588733679 -0.036805706098675721 -2.7824034690856929 1.4138908982276919 2.8255935907363896
decision_type=2 2 2 2 2 2
left_child=4 2 -2 -3 5 -1
right_child=1 3 -4 -5 -6 -7
leaf_value=-0.0049511802262059137 0.007051086697703466 0.0014669688334214164 -0.00090324265143142666 -0.0042422851130608256 0 0
leaf_weight=1.4056758097176496 3.2594428358370346 1.0564391553889438 0.9134859872337987 1.5373821259890972 0.16308165338705283 0.066204763847053871
leaf_count=3108 1310 126 694 1077 64 13
internal_value=0 0.00236241 0.00508526 -0.00165909 -0.00435962 -0.00465926
internal_weight=8.40171 6.76675 4.17293 2.59382 1.63496 1.47188
internal_count=6392 3207 2004 1203 3185 3121
is_linear=0
shrinkage=0.025


Tree=306
num_leaves=7
num_cat=0
split_feature=27 27 12 24 27 21
split_gain=0.426488 0.378049 0.254482 0.214851 0.0495394 0.0482629
threshold=0.10885978490114213 0.70716613531112682 2.612237930297852 -3.6482713222503658 0.76539176702499401 -0.15986076742410657
decision_type=2 2 2 2 2 2
left_child=2 3 -1 -2 -3 -4
right_child=1 4 5 -5 -6 -7
leaf_value=-0.0015623262546212852 0 0.0032970831161701613 0 -0.0079518257508184049 0 0.0060224068435010018
leaf_weight=0.47655438702713615 0.99024572236157826 0.33677135119796719 0.073768452173681776 3.0432127434596623 0.17272180064901477 2.6866182538724384
leaf_count=422 182 51 128 5154 71 406
internal_value=-0.000338112 -0.0041591 0.00353518 -0.00643702 0.00221589 0.00566018
internal_weight=7.77989 4.54295 3.23694 4.03346 0.509493 2.76039
internal_count=6414 5458 956 5336 122 534
is_linear=0
shrinkage=0.025


Tree=307
num_leaves=5
num_cat=0
split_feature=26 19 5 24
split_gain=0.593308 0.296118 0.262847 0.0932878
threshold=-0.97006300091743458 0.56999501585960399 4.7542691230773935 0.44932882487773901
decision_type=2 2 2 2
left_child=2 -2 3 -1
right_child=1 -3 -4 -5
leaf_value=0.0063710624676862285 -0.0071693008628644474 0.00089333645788138819 -0.0015797972091331621 0
leaf_weight=3.0538757722861201 3.6388068799424218 0.97340867578532186 0.48801155124601781 0.15603086988812709
leaf_count=397 5009 155 471 402
internal_value=-0.000905931 -0.00523791 0.00368363 0.0057199
internal_weight=8.31013 4.61222 3.69792 3.20991
internal_count=6434 5164 1270 799
is_linear=0
shrinkage=0.025


Tree=308
num_leaves=7
num_cat=0
split_feature=13 25 22 21 21 26
split_gain=0.440685 0.318511 0.189959 0.178897 0.133294 0.0580178
threshold=4.0064554214477548 2.711433053016663 0.92900830507278453 1.8219149708747866 0.006675979122519494 -1.0146782994270322
decision_type=2 2 2 2 2 2
left_child=2 4 3 -1 -2 -3
right_child=1 5 -4 -5 -6 -7
leaf_value=-0.0072536568449628044 0 0.00017802484795480171 0.00053764875122934528 0.00016201142296053546 0.0067721949593312946 -0.0030768617137768295
leaf_weight=2.0671816671656424 0.19069146684523763 0.29176898696459819 0.92375938309123728 0.41965134954079975 3.6518601300012961 0.69762963224457053
leaf_count=3775 447 26 73 23 821 1277
internal_value=0 0.00366777 -0.00412575 -0.005895 0.00595418 -0.00172618
internal_weight=8.24254 4.83195 3.41059 2.48683 3.84255 0.989399
internal_count=6442 2571 3871 3798 1268 1303
is_linear=0
shrinkage=0.025


Tree=309
num_leaves=6
num_cat=0
split_feature=21 23 12 16 18
split_gain=0.366607 0.307232 0.180942 0.0251891 0.0101868
threshold=0.006675979122519494 -0.020435333251953122 6.1191136837005624 1.4138908982276919 0.68364784121513378
decision_type=2 2 2 2 2
left_child=3 2 -2 -1 -3
right_child=1 4 -4 -5 -6
leaf_value=-0.0047470928114267136 0.0061741953681012374 -0.0023239416196247629 -0.00034860181147072246 0 0
leaf_weight=1.320232181018582 5.0202244544489076 0.78758279894100247 0.65516360156834696 0.15992261353312631 0.45016933509759838
leaf_count=3109 2121 848 238 64 80
internal_value=2.49125e-06 0.00293249 0.00502515 -0.00442146 -0.00199756
internal_weight=8.39329 6.91314 5.67539 1.48015 1.23775
internal_count=6460 3287 2359 3173 928
is_linear=0
shrinkage=0.025


Tree=310
num_leaves=6
num_cat=0
split_feature=13 15 21 22 27
split_gain=0.70638 0.27211 0.246018 0.231666 0.0929405
threshold=4.0064554214477548 0.34962327778339392 0.018802258186042312 1.077011823654175 0.10144607722759248
decision_type=2 2 2 2 2
left_child=3 2 -2 -1 -3
right_child=1 4 -4 -5 -6
leaf_value=-0.0078701151034315173 -0.00073871481152322613 0.00090663716156311701 0.0073043977292018159 0.00029505850272621434 -0.0033493051427764377
leaf_weight=2.2626856865754239 0.38907757392371456 0.41161703405668937 3.4199241696951503 0.67096501340711245 0.69984278043011727
leaf_count=3792 962 22 921 59 687
internal_value=-0.000458807 0.00373847 0.00582035 -0.00620583 -0.00129824
internal_weight=7.85411 4.92046 3.809 2.93365 1.11146
internal_count=6443 2592 1883 3851 709
is_linear=0
shrinkage=0.025


Tree=311
num_leaves=6
num_cat=0
split_feature=6 26 14 19 17
split_gain=0.434416 0.235498 0.198708 0.148495 0.0617699
threshold=3.2778618335723881 -0.882708579301834 0.099942233413457884 -0.18812314420938489 1.1804888844490053
decision_type=2 2 2 2 2
left_child=1 3 -3 -1 -2
right_child=4 2 -4 -5 -6
leaf_value=-5.4080885129539125e-05 -0.0053281444817427819 0.0024968810762273433 -0.0036195569338290166 0.0066329256455873176 0
leaf_weight=0.3427608481524661 1.4970333603669135 0.78920610902787336 1.9077738272590066 3.2565081678658316 0.5625225442345253
leaf_count=219 2615 1005 2010 583 80
internal_value=0 0.00333542 -0.000558417 0.00560814 -0.00454515
internal_weight=8.3558 6.29625 2.69698 3.59927 2.05956
internal_count=6512 3817 3015 802 2695
is_linear=0
shrinkage=0.025


Tree=312
num_leaves=7
num_cat=0
split_feature=27 13 22 21 21 0
split_gain=0.555244 0.285411 0.268397 0.127893 0.0636167 0.0179693
threshold=0.12973678112030032 2.2276637554168706 0.75381013751029979 0.93220895528793346 0.18667254596948626 5.3822228908538827
decision_type=2 2 2 2 2 2
left_child=1 -1 3 -2 -3 -4
right_child=2 4 5 -5 -6 -7
leaf_value=-0.001745799693223265 -0.0080115282934417106 0 0.0015220383971604975 0 0.0063011042198511478 0
leaf_weight=0.54918219924002221 2.5636513323042895 0.26279757282100069 0.9390856004465602 0.81405505555449043 2.9500788874283899 0.29751982735615456
leaf_count=562 4901 358 97 158 333 72
internal_value=-0.000759121 0.00361366 -0.00499956 -0.00695749 0.00579588 0.000636632
internal_weight=8.37637 3.76206 4.61431 3.37771 3.21288 1.23661
internal_count=6481 1253 5228 5059 691 169
is_linear=0
shrinkage=0.025


Tree=313
num_leaves=7
num_cat=0
split_feature=21 19 13 12 13 3
split_gain=0.522849 0.377026 0.181063 0.133865 0.0787174 0.0650645
threshold=0.93220895528793346 0.34076097607612615 3.5702590942382817 7.1882870197296151 2.9621075391769414 1.1015259623527529
decision_type=2 2 2 2 2 2
left_child=1 3 -2 -1 -3 -4
right_child=2 4 5 -5 -6 -7
leaf_value=-0.0090081938151074289 -0.0011101157018242156 -0.001202511733389337 0 0 0.0025927185909599857 0.0054407813491221223
leaf_weight=2.6670492550965723 0.62157299548925982 0.42501940923102655 0.12764695213991251 0.20107381232082833 1.5154903952061429 2.3068846411151753
leaf_count=5455 174 290 50 18 233 203
internal_value=-0.00192994 -0.00557904 0.002935 -0.00827287 0.000593499 0.00486046
internal_weight=7.86474 4.80863 3.0561 2.86812 1.94051 2.43453
internal_count=6423 5996 427 5473 523 253
is_linear=0
shrinkage=0.025


Tree=314
num_leaves=7
num_cat=0
split_feature=6 15 26 24 24 21
split_gain=0.314078 0.204005 0.16026 0.131639 0.075936 0.0371501
threshold=2.8911923170089726 0.17068043351173404 -0.99685367941856373 1.4777035713195803 -5.4962537288665763 1.8219149708747866
decision_type=2 2 2 2 2 2
left_child=1 3 -3 -1 -2 -6
right_child=4 2 -4 -5 5 -7
leaf_value=0.0053942426752177043 0 0.0016163089257553915 -0.0038781619077177028 -0.00029405840024194661 -0.006090675084618552 0
leaf_weight=2.7383636699596541 0.47352929259068366 0.70860846915820763 1.5991080305848298 0.29509507265902346 1.736789540953396 0.27374214981682587
leaf_count=1046 37 52 1577 599 3127 24
internal_value=-0.000998408 0.00169903 -0.00138423 0.00422428 -0.00489371 -0.00568646
internal_weight=7.82524 5.34118 2.30772 3.03346 2.48406 2.01053
internal_count=6462 3274 1629 1645 3188 3151
is_linear=0
shrinkage=0.025


Tree=315
num_leaves=7
num_cat=0
split_feature=21 27 19 27 13 26
split_gain=0.302823 0.3388 0.329323 0.114124 0.0864126 0.0500623
threshold=0.99625444412231456 0.70716613531112682 0.20173196494579318 0.29996825754642492 2.2276637554168706 -0.3500536829233169
decision_type=2 2 2 2 2 2
left_child=1 2 -1 4 -2 -3
right_child=3 5 -4 -5 -6 -7
leaf_value=-0.0083991310920241355 0 0.0033299976222897925 7.7142103211692368e-05 -0.00055814520793698514 0.0050807697280102239 0
leaf_weight=2.4034838604002289 0.16031671292148608 0.32631870420482301 2.2835922651338478 0.35592045297380526 2.2079593911366828 0.18015737621317374
leaf_count=5101 69 43 881 132 172 75
internal_value=-0.000661861 -0.00360563 -0.00571596 0.00284229 0.00423353 0.00224586
internal_weight=7.91775 5.19355 4.68708 2.7242 2.36828 0.506476
internal_count=6473 6100 5982 373 241 118
is_linear=0
shrinkage=0.025


Tree=316
num_leaves=6
num_cat=0
split_feature=27 5 25 24 18
split_gain=0.546009 0.270812 0.182472 0.099376 0.0859616
threshold=0.13764339685440066 4.7542691230773935 0.76381489634513866 0.44932882487773901 1.2076085805892947
decision_type=2 2 2 2 2
left_child=1 3 -2 -1 -4
right_child=2 -3 4 -5 -6
leaf_value=0.0062761118089321001 0 -0.0017428662993273624 -0.007778516690300716 0 0
leaf_weight=3.0307908421618786 2.3004157848736213 0.52051920222220349 1.9264958191943153 0.1683580368717229 0.11075967550277699
leaf_count=415 1049 490 4044 434 1
internal_value=-0.000950389 0.00341567 -0.00518792 0.00556827 -0.00720545
internal_weight=8.05734 3.71967 4.33767 3.19915 2.03726
internal_count=6433 1339 5094 849 4045
is_linear=0
shrinkage=0.025


Tree=317
num_leaves=7
num_cat=0
split_feature=13 22 15 21 21 27
split_gain=0.365858 0.358779 0.293992 0.216285 0.141118 0.0956275
threshold=4.2814071178436288 0.75381013751029979 0.17932122200727466 1.8219149708747866 0.018802258186042312 0.20294540375471118
decision_type=2 2 2 2 2 2
left_child=1 3 4 -1 -2 -4
right_child=2 -3 5 -5 -6 -7
leaf_value=-0.0078007904100934168 0 0.0018054359807109764 0.00098796972403416444 0.00034341764165943169 0.0073377452606248885 -0.0032534061749365153
leaf_weight=2.1371618147059057 0.2172528297051034 1.4997975625337856 0.68367050232700399 0.4107342303614131 2.3513019850288401 0.88485862302513851
leaf_count=4204 452 148 123 22 535 971
internal_value=0 -0.00326961 0.00379999 -0.00630207 0.00637524 -0.0011084
internal_weight=8.18478 4.04769 4.13708 2.5479 2.56855 1.56853
internal_count=6455 4374 2081 4226 987 1094
is_linear=0
shrinkage=0.025


Tree=318
num_leaves=7
num_cat=0
split_feature=27 0 13 22 21 1
split_gain=0.299324 0.258927 0.221424 0.134311 0.088336 0.0391655
threshold=0.12973678112030032 0.35269799828529363 2.2276637554168706 0.83888226747512828 0.17918867617845538 1.0000000180025095e-35
decision_type=2 2 2 2 2 2
left_child=2 5 -1 -3 -4 -2
right_child=1 3 4 -5 -6 -7
leaf_value=-0.0016090605959478072 0 -0.0066458245651027752 0 0 0.0056666207281256924 0.0027725657247360696
leaf_weight=0.5269343631989617 0.19377196755522152 2.9962271781387249 0.22660250448461772 0.8479413831300916 2.6303481848590309 0.15178630819718819
leaf_count=563 105 4914 352 137 329 20
internal_value=-0.000304663 -0.00365133 0.0027999 -0.00551733 0.00491504 0.00168204
internal_weight=7.57361 4.18973 3.38389 3.84417 2.85695 0.345558
internal_count=6420 5176 1244 5051 681 125
is_linear=0
shrinkage=0.025


Tree=319
num_leaves=7
num_cat=0
split_feature=21 0 22 13 20 2
split_gain=0.305565 0.260722 0.276696 0.0920891 0.0578645 0.040806
threshold=0.93220895528793346 0.35269799828529363 0.71941468119621288 3.5702590942382817 0.8651251792907716 -0.12829102203249929
decision_type=2 2 2 2 2 2
left_child=1 5 -3 -2 -5 -1
right_child=3 2 -4 4 -6 -7
leaf_value=0 -0.0002743451132638247 -0.0075924372426884757 0.00047712414351851369 0.0046102305355759212 0 0.0027333437165965625
leaf_weight=0.21210225795221049 0.74488905651742277 3.2732951345587935 1.1458485089788153 1.7026102878262466 0.3896386767628427 0.15892798666391161
leaf_count=116 172 5737 151 110 139 28
internal_value=-0.00104005 -0.00398496 -0.00569395 0.00250479 0.00387134 0.00155812
internal_weight=7.62731 4.79017 4.41914 2.83714 2.09225 0.37103
internal_count=6453 6032 5888 421 249 144
is_linear=0
shrinkage=0.025


Tree=320
num_leaves=7
num_cat=0
split_feature=6 21 6 24 0 24
split_gain=0.383294 0.226375 0.188749 0.0327932 0.0367009 0.0210817
threshold=3.2778618335723881 0.006675979122519494 0.058668695390224464 -5.4962537288665763 3.5871379375457768 -4.806595802307128
decision_type=2 2 2 2 2 2
left_child=1 5 -3 -2 -5 -1
right_child=3 2 -4 4 -6 -7
leaf_value=0 0 -0.00044373456323047494 0.0060579981423271936 0 -0.0053516202209499385 -0.0021441594164075691
leaf_weight=0.17628563600010239 0.31896745701669704 0.7575287833205947 4.4093607000031625 0.25301467741337536 1.3898467813633031 0.69148998845776066
leaf_count=6 29 324 1650 337 2324 1769
internal_value=0 0.0030102 0.00474059 -0.00447749 -0.00490876 -0.00148788
internal_weight=7.99649 6.03467 5.16689 1.96183 1.64286 0.867776
internal_count=6439 3749 1974 2690 2661 1775
is_linear=0
shrinkage=0.025


Tree=321
num_leaves=7
num_cat=0
split_feature=6 26 27 21 19 24
split_gain=0.292223 0.235398 0.168774 0.104332 0.0568818 0.0258662
threshold=3.2778618335723881 -0.882708579301834 0.70716613531112682 1.8219149708747866 -0.42773149907588953 -5.4962537288665763
decision_type=2 2 2 2 2 2
left_child=1 4 -3 5 -1 -2
right_child=3 2 -4 -5 -6 -7
leaf_value=0 0 -0.0035571448794976231 0.0020896165314553817 6.4357471464761675e-05 0.0056017339272162389 -0.005327401920237269
leaf_weight=0.068983609597126239 0.34432323317741986 1.9566704641401886 0.50221773044177087 0.42232614674139757 3.2406394567933603 1.3955312485904869
leaf_count=81 29 2794 124 23 712 2645
internal_value=0 0.00276752 -0.000938258 -0.00373962 0.00518079 -0.00495305
internal_weight=7.93069 5.76851 2.45889 2.16218 3.30962 1.73985
internal_count=6408 3711 2918 2697 793 2674
is_linear=0
shrinkage=0.025


Tree=322
num_leaves=7
num_cat=0
split_feature=13 21 14 7 22 20
split_gain=0.367939 0.333609 0.20129 0.0284884 0.0310109 0.0128642
threshold=2.9621075391769414 0.006675979122519494 0.55098587274551403 -1.0743680000305174 1.7610003948211672 2.8255935907363896
decision_type=2 2 2 2 2 2
left_child=3 5 -3 -1 -5 -2
right_child=1 2 -4 4 -6 -7
leaf_value=0 -0.0026059339051128713 0.0067617917195398076 0 -0.0049358952276618746 0 0
leaf_weight=0.31233488130055787 0.7545192804900579 4.1531513979116426 1.6928560530814136 1.2581415144122723 0.093062662519514672 0.06152512610242411
leaf_count=87 2069 1625 645 1960 2 6
internal_value=0.000201968 0.0031433 0.00519482 -0.00415935 -0.0045776 -0.00231012
internal_weight=8.32559 6.66205 5.84601 1.66354 1.3512 0.816044
internal_count=6394 4345 2270 2049 1962 2075
is_linear=0
shrinkage=0.025


Tree=323
num_leaves=6
num_cat=0
split_feature=13 26 14 19 21
split_gain=0.266463 0.237831 0.208901 0.123559 0.104919
threshold=2.9621075391769414 -0.882708579301834 0.099942233413457884 -0.13744639605283734 1.8219149708747866
decision_type=2 2 2 2 2
left_child=4 3 -3 -2 -1
right_child=1 2 -4 -5 -6
leaf_value=-0.0052376756779059048 0 0.0021518045183669238 -0.0041590374576618988 0.0057712468833449083 0
leaf_weight=1.3565751393307435 0.66386232010700075 0.67313113681666514 1.7491873113431209 3.1409129949934136 0.42580488513340231
leaf_count=2086 432 1067 2073 740 26
internal_value=0 0.00226765 -0.0012951 0.00469311 -0.00400533
internal_weight=8.00947 6.22709 2.42232 3.80478 1.78238
internal_count=6424 4312 3140 1172 2112
is_linear=0
shrinkage=0.025


Tree=324
num_leaves=7
num_cat=0
split_feature=27 5 22 19 22 21
split_gain=0.460123 0.258457 0.253199 0.0836215 0.0538042 0.0135627
threshold=0.12793050706386569 4.500744342803956 0.75381013751029979 0.56999501585960399 -0.25369100272655482 1.2475557923316958
decision_type=2 2 2 2 2 2
left_child=1 4 3 -2 -1 -4
right_child=2 -3 5 -5 -6 -7
leaf_value=0 -0.0074152853612510679 -0.0018425554751287595 0.0013550797632602377 0 0.0056464165193354536 0
leaf_weight=0.09995109066039809 2.9745896790991542 0.53160238349119016 0.92310519087914122 0.26281679016392434 2.8703187066785176 0.15854947602201719
leaf_count=243 5029 581 93 75 374 72
internal_value=-0.00116304 0.00296096 -0.00497207 -0.00684744 0.0052214 0.000628138
internal_weight=7.82093 3.50187 4.31906 3.23741 2.97027 1.08165
internal_count=6467 1198 5269 5104 617 165
is_linear=0
shrinkage=0.025


Tree=325
num_leaves=7
num_cat=0
split_feature=6 21 5 21 15 24
split_gain=0.295145 0.198658 0.127467 0.0341852 0.0197627 0.0142041
threshold=3.2778618335723881 0.006675979122519494 -0.26084083318710322 1.8219149708747866 -0.71893978118896473 -5.4962537288665763
decision_type=2 2 2 2 2 2
left_child=1 4 -3 5 -1 -2
right_child=3 2 -4 -5 -6 -7
leaf_value=0 0 -0.0002006110470008217 0.0050611639606884043 0 -0.0022712122978197223 -0.005032160639892252
leaf_weight=0.10685714554165315 0.30364598895539519 0.62079611463559548 4.3131120061698311 0.22388588887406502 0.68318878738318733 1.429369381694414
leaf_count=5 30 211 1736 20 1785 2628
internal_value=-4.1143e-05 0.00220038 0.00400221 -0.00436523 -0.00171171 -0.00478144
internal_weight=7.68086 5.72395 4.93391 1.9569 0.790046 1.73302
internal_count=6415 3737 1947 2678 1790 2658
is_linear=0
shrinkage=0.025


Tree=326
num_leaves=7
num_cat=0
split_feature=22 17 11 23 5 23
split_gain=0.420402 0.555808 0.137624 0.127931 0.0942308 0.0522302
threshold=0.75381013751029979 0.66106122732162487 2.3886363506317143 -7.2878005504608145 4.016282558441163 -4.9161651134490958
decision_type=2 2 2 2 2 2
left_child=1 3 -2 -1 -3 -4
right_child=2 4 5 -5 -6 -7
leaf_value=0 -0.0010101195779688979 0.0031913052671601674 0 -0.009590961981792703 -0.00095400959956512543 0.0047916131368280681
leaf_weight=0.20185539932572316 0.36792774263813077 1.6865370273117153 0.20534729467181034 2.7308086945904506 0.36689792885954364 1.7519917341269315
leaf_count=73 88 349 90 5503 208 122
internal_value=-0.00250042 -0.00546166 0.00238995 -0.00892 0.00141331 0.00419403
internal_weight=7.31137 4.9861 2.32527 2.93266 2.05343 1.95734
internal_count=6433 6133 300 5576 557 212
is_linear=0
shrinkage=0.025


Tree=327
num_leaves=5
num_cat=0
split_feature=21 13 14 16
split_gain=0.334422 0.272993 0.212965 0.0295874
threshold=0.006675979122519494 2.2276637554168706 0.36992068588733679 1.4138908982276919
decision_type=2 2 2 2
left_child=3 -2 -3 -1
right_child=1 2 -4 -5
leaf_value=-0.0044864446792856763 -0.0020870559195874578 0.006641653414983649 0 0
leaf_weight=1.2395033609991513 0.60476404385917693 3.651056204960696 2.4829458739150141 0.1478681583321303
leaf_count=3122 513 1667 1065 63
internal_value=0.000171341 0.00295209 0.00472438 -0.00409477
internal_weight=8.12614 6.73877 6.134 1.38737
internal_count=6430 3245 2732 3185
is_linear=0
shrinkage=0.025


Tree=328
num_leaves=6
num_cat=0
split_feature=13 21 15 20 22
split_gain=0.340194 0.25776 0.176377 0.0891056 0.0107361
threshold=3.5586340427398686 0.018802258186042312 0.29573732614517217 1.0785807967185976 1.7610003948211672
decision_type=2 2 2 2 2
left_child=3 -2 -3 4 -1
right_child=1 2 -4 -5 -6
leaf_value=-0.0054715769667720397 -0.0020769026221847632 0.0062014550587895104 -1.820569611653774e-05 0 0
leaf_weight=1.9201349004633819 0.6488965483058563 3.1860886094982561 1.4489474249676275 0.49534806253541308 0.099959872022736707
leaf_count=2749 1702 1161 575 295 5
internal_value=-2.49646e-05 0.00256867 0.004608 -0.00438904 -0.00534378
internal_weight=7.79938 5.28393 4.63504 2.51544 2.02009
internal_count=6487 3438 1736 3049 2754
is_linear=0
shrinkage=0.025


Tree=329
num_leaves=7
num_cat=0
split_feature=19 27 21 13 23 14
split_gain=0.308191 0.267703 0.417824 0.226711 0.100053 0.0299334
threshold=0.19585141539573672 0.73313146829605114 1.1042178273200991 3.0539695024490361 -5.7434072494506827 0.10755529999732973
decision_type=2 2 2 2 2 2
left_child=1 2 -1 -2 -5 -3
right_child=3 5 -4 4 -6 -7
leaf_value=-0.0083900644250989431 -0.0014989363444459455 0.002647674044862288 0.0011402744291955018 0 0.005923883992383 0
leaf_weight=2.3298135806380746 0.63920777715975452 0.17206639776850341 1.4050355030667558 0.33029018895467777 2.7163664388062898 0.14384355904621771
leaf_count=5157 507 20 163 149 408 59
internal_value=0 -0.00353954 -0.00548883 0.00302019 0.0050873 0.00181691
internal_weight=7.73662 4.05076 3.73485 3.68586 3.04666 0.31591
internal_count=6463 5399 5320 1064 557 79
is_linear=0
shrinkage=0.025


Tree=330
num_leaves=7
num_cat=0
split_feature=19 26 13 5 22 5
split_gain=0.47325 0.285295 0.208337 0.117769 0.0465992 0.0173089
threshold=0.19585141539573672 -1.0320059657096861 2.9621075391769414 0.19163949042558673 0.92900830507278453 4.016282558441163
decision_type=2 2 2 2 2 2
left_child=1 5 -2 -4 -3 -1
right_child=2 4 3 -5 -6 -7
leaf_value=0.0015260780516092674 -0.0015844502601983831 -0.0078438514551795856 -9.9066147759431213e-05 0.0055777996056019579 0 0
leaf_weight=0.79866612051046137 0.65188656991267668 2.8362629752482467 0.18015069582179455 2.8685834753669042 0.10618905993760552 0.17368836350578931
leaf_count=111 478 4934 120 453 10 302
internal_value=-0.00170876 -0.00557811 0.00251948 0.00461268 -0.00755225 0.000670694
internal_weight=7.61543 3.91481 3.70062 3.04873 2.94245 0.972354
internal_count=6408 5357 1051 573 4944 413
is_linear=0
shrinkage=0.025


Tree=331
num_leaves=7
num_cat=0
split_feature=26 0 25 13 17 1
split_gain=0.234137 0.219046 0.224118 0.16024 0.0516384 0.0379718
threshold=-1.0021339654922483 0.35269799828529363 0.76381489634513866 2.2276637554168706 -0.55793616175651539 1.0000000180025095e-35
decision_type=2 2 2 2 2 2
left_child=3 5 -3 -1 -5 -2
right_child=1 2 -4 4 -6 -7
leaf_value=-0.0010531561220922185 0 0 -0.0071596769278626645 0 0.0050503909567154396 0.002756489705459688
leaf_weight=0.43069369941804359 0.18827088944817649 2.6416854687886371 1.7397931282775969 0.043700453417841678 2.4019583274384786 0.15406557441019686
leaf_count=456 113 1226 4181 42 399 24
internal_value=-1.19589e-05 -0.00293811 -0.00467929 0.00281462 0.00458499 0.00169946
internal_weight=7.60017 4.72382 4.38148 2.87635 2.44566 0.342336
internal_count=6441 5544 5407 897 441 137
is_linear=0
shrinkage=0.025


Tree=332
num_leaves=5
num_cat=0
split_feature=26 6 22 22
split_gain=0.422383 0.364194 0.148951 0.0439372
threshold=-0.882708579301834 4.1044580936431894 0.035996479913592346 1.3309507966041567
decision_type=2 2 2 2
left_child=1 2 -1 -2
right_child=3 -3 -4 -5
leaf_value=-0.00022280638144434357 -0.0059700305644115438 -0.0029920804471774481 0.0059996500903448397 0
leaf_weight=0.38832211467524747 2.4829617206287371 0.83524448131902307 3.6761376116737665 0.1421841906121698
leaf_count=866 3751 1273 495 22
internal_value=-0.00124293 0.00211054 0.00492067 -0.00560137
internal_weight=7.52485 4.8997 4.06446 2.62515
internal_count=6407 2634 1361 3773
is_linear=0
shrinkage=0.025


Tree=333
num_leaves=6
num_cat=0
split_feature=26 13 19 25 20
split_gain=0.473419 0.349771 0.109617 0.0958452 0.04122
threshold=-0.882708579301834 2.9621075391769414 -0.42773149907588953 -4.3013892173767081 -1.049398601055145
decision_type=2 2 2 2 2
left_child=1 4 -3 -2 -1
right_child=3 2 -4 -5 -6
leaf_value=0 0 0 0.0056415745104345921 -0.0071989733584447504 -0.0035697829398666624
leaf_weight=0.33698697308864189 0.35703144699800793 0.12034015641074836 3.4513039712401223 2.2334455992840958 0.91570138817769475
leaf_count=52 28 146 1049 3765 1437
internal_value=-0.00201832 0.0017903 0.0048361 -0.00644171 -0.00281715
internal_weight=7.41481 4.82433 3.57164 2.59048 1.25269
internal_count=6477 2684 1195 3793 1489
is_linear=0
shrinkage=0.025


Tree=334
num_leaves=7
num_cat=0
split_feature=13 25 14 15 26 16
split_gain=0.519373 0.260766 0.11345 0.0622643 0.0604224 0.0313317
threshold=4.0064554214477548 2.711433053016663 0.33313021063804632 1.1111435890197756 -1.0146782994270322 1.4138908982276919
decision_type=2 2 2 2 2 2
left_child=3 2 -2 5 -3 -1
right_child=1 4 -4 -5 -6 -7
leaf_value=-0.0065850680429580021 0.0064531056437564065 0.00024197121087839342 0 0 -0.0030869191737555625 0
leaf_weight=2.2017082584461614 2.1380103901283296 0.31443073395348609 1.3253448538798691 0.39577435678256723 0.68118168604814855 0.16494449684978452
leaf_count=3544 731 26 544 192 1278 84
internal_value=-0.000868889 0.00290899 0.0051714 -0.00571794 -0.00166812 -0.00630349
internal_weight=7.22139 4.45897 3.46336 2.76243 0.995612 2.36665
internal_count=6399 2579 1275 3820 1304 3628
is_linear=0
shrinkage=0.025


Tree=335
num_leaves=6
num_cat=0
split_feature=21 14 13 22 15
split_gain=0.326055 0.257738 0.230844 0.101044 0.0263068
threshold=0.006675979122519494 0.55098587274551403 2.2276637554168706 0.99908503890037548 -0.71893978118896473
decision_type=2 2 2 2 2
left_child=4 2 -2 -3 -1
right_child=1 3 -4 -5 -6
leaf_value=0 -0.00089791675137255219 -0.0033885789361289722 0.0064436711619590067 0.00092415572642262568 -0.0044224999111738541
leaf_weight=0.15463308543985466 0.38444877422080015 1.0814518714105359 4.3574910034458298 0.82678495909203764 1.2041552767259416
leaf_count=93 366 810 1973 78 3101
internal_value=0.000146964 0.00291748 0.00505154 -0.00129883 -0.00406168
internal_weight=8.00896 6.65018 4.74194 1.90824 1.35879
internal_count=6421 3227 2339 888 3194
is_linear=0
shrinkage=0.025


Tree=336
num_leaves=5
num_cat=0
split_feature=5 25 14 27
split_gain=0.386107 0.250636 0.147447 0.102554
threshold=4.048520803451539 2.711433053016663 0.36992068588733679 0.09452309831976892
decision_type=2 2 2 2
left_child=1 2 -1 -3
right_child=-2 3 -4 -5
leaf_value=0.0064430757459251337 -0.0046589765597163648 0.00099729669778491161 0 -0.0034299360650935774
leaf_weight=3.2768548299500253 1.1799794758899222 0.48421467719526834 1.9707517600272693 1.0382619296215123
leaf_count=1597 1503 86 1015 2200
internal_value=3.68636e-05 0.0030178 0.00495347 -0.00137854
internal_weight=7.95006 6.77008 5.24761 1.52248
internal_count=6401 4898 2612 2286
is_linear=0
shrinkage=0.025


Tree=337
num_leaves=6
num_cat=0
split_feature=27 5 22 24 18
split_gain=0.493936 0.208828 0.131582 0.069309 0.024585
threshold=0.12973678112030032 4.7542691230773935 0.75381013751029979 0.44932882487773901 -0.48433391749858851
decision_type=2 2 2 2 2
left_child=1 3 4 -1 -2
right_child=2 -3 -4 -5 -6
leaf_value=0.0053547208464981956 0 -0.0015655305393815517 0 0 -0.0070492601967632809
leaf_weight=2.7494442779370738 0.27433686464064599 0.47849149634384947 0.97364687780645898 0.13889376684710431 2.6810480456042569
leaf_count=381 331 467 165 366 4643
internal_value=-0.00173854 0.00271759 -0.00564054 0.00476201 -0.00678579
internal_weight=7.29586 3.36683 3.92903 2.88834 2.95538
internal_count=6353 1214 5139 747 4974
is_linear=0
shrinkage=0.025


Tree=338
num_leaves=7
num_cat=0
split_feature=21 22 20 27 13 11
split_gain=0.538485 0.270538 0.184032 0.0987835 0.0685566 0.0429502
threshold=0.99625444412231456 0.71941468119621288 1.5446034073829653 0.29996825754642492 2.2276637554168706 2.2383959293365483
decision_type=2 2 2 2 2 2
left_child=1 2 -1 4 -2 -3
right_child=3 5 -4 -5 -6 -7
leaf_value=-0.0083404334889521283 0 -0.00058031359672366663 0 -0.00017062016551253157 0.0051682823688459952 0.0021262516960040092
leaf_weight=3.0348799378116387 0.13025736727286208 0.21223397427820578 0.44593162398450648 0.31312351956148621 2.2632616789778695 0.96569527396059129
leaf_count=5754 66 71 206 125 171 91
internal_value=-0.00155055 -0.0053524 -0.00723483 0.00340931 0.00452164 0.000551939
internal_weight=7.36538 4.65874 3.48081 2.70664 2.39352 1.17793
internal_count=6484 6122 5960 362 237 162
is_linear=0
shrinkage=0.025


Tree=339
num_leaves=7
num_cat=0
split_feature=22 12 11 21 14 5
split_gain=0.449086 0.498441 0.123656 0.107582 0.0985661 0.018104
threshold=0.75381013751029979 5.915407896041871 2.2115647792816167 1.8219149708747866 0.3516861498355866 0.34405954182147985
decision_type=2 2 2 2 2 2
left_child=1 3 -2 -1 -3 -4
right_child=2 4 5 -5 -6 -7
leaf_value=-0.0082445972891541756 -0.00042588201594986912 0.0039864715400202595 0 0 -0.00053663994995979268 0.0050181575980355001
leaf_weight=3.1299589867139734 0.37327325147634871 0.70726620161803999 0.16951900071580928 0.27897461416432623 0.35480789161010762 1.9816925989871377
leaf_count=5752 80 214 56 22 177 159
internal_value=-0.0010003 -0.00464668 0.00342344 -0.00759751 0.00224812 0.00479611
internal_weight=6.99549 4.47101 2.52448 3.40893 1.06207 2.15121
internal_count=6460 6165 295 5774 391 215
is_linear=0
shrinkage=0.025


Tree=340
num_leaves=7
num_cat=0
split_feature=13 15 21 21 22 2
split_gain=0.276957 0.186438 0.175164 0.100643 0.125084 0.0732461
threshold=3.717023611068726 0.29573732614517217 0.018802258186042312 1.8219149708747866 0.88582694530487072 3.2186077833175664
decision_type=2 2 2 2 2 2
left_child=3 2 -2 4 -1 -3
right_child=1 5 -4 -5 -6 -7
leaf_value=-0.0063166258715751829 -0.00064918992533490949 -0.0030235555761050641 0.0057322938892050996 0 0 0.00064173734689183901
leaf_weight=1.5878985303279485 0.37281667865136148 0.8351080363117942 3.0819671774679591 0.51258783333469171 0.6634984199226891 0.48025331712779007
leaf_count=3181 1062 892 1076 29 70 91
internal_value=-0.000162286 0.00229928 0.00432775 -0.0039604 -0.00504658 -0.0012471
internal_weight=7.53413 4.77015 3.45478 2.76398 2.2514 1.31536
internal_count=6401 3121 2138 3280 3251 983
is_linear=0
shrinkage=0.025


Tree=341
num_leaves=7
num_cat=0
split_feature=17 27 22 24 23 26
split_gain=0.288023 0.353615 0.248347 0.180639 0.156354 0.037743
threshold=0.48641648888587957 0.70716613531112682 0.71941468119621288 0.44932882487773901 -5.7434072494506827 -0.3500536829233169
decision_type=2 2 2 2 2 2
left_child=1 2 -1 4 -2 -3
right_child=3 5 -4 -5 -6 -7
leaf_value=-0.007680680849933199 -0.00031406224247521134 0.003366474228074014 0.00023652160571945558 -0.0010686598785341645 0.0061162779367915816 0
leaf_weight=2.1181187456058987 0.3168183920788582 0.3111388403303863 1.2004336482423239 0.41242648433581042 3.1073874217254347 0.13533870009996452
leaf_count=5071 150 31 176 636 320 62
internal_value=0 -0.00303321 -0.00564467 0.00335345 0.00494613 0.00259237
internal_weight=7.60166 3.76503 3.31855 3.83663 3.42421 0.446478
internal_count=6446 5340 5247 1106 470 93
is_linear=0
shrinkage=0.025


Tree=342
num_leaves=6
num_cat=0
split_feature=6 25 21 2 21
split_gain=0.36469 0.269373 0.0772651 0.0462215 0.0320664
threshold=3.2042828798294072 2.711433053016663 0.006675979122519494 2.9744738340377812 1.8219149708747866
decision_type=2 2 2 2 2
left_child=1 2 -1 -3 -2
right_child=4 3 -4 -5 -6
leaf_value=0 -0.0052411871362180789 -0.0030052843055175874 0.0053860183082082716 0 0
leaf_weight=0.43016539824748168 1.6073297102775539 0.74326377539182409 3.9680145506463305 0.40689041538280435 0.23266839797724959
leaf_count=700 2770 1550 1203 215 22
internal_value=-4.03154e-05 0.00251064 0.00474796 -0.00193314 -0.00485856
internal_weight=7.38833 5.54833 4.39818 1.15015 1.84
internal_count=6460 3668 1903 1765 2792
is_linear=0
shrinkage=0.025


Tree=343
num_leaves=7
num_cat=0
split_feature=13 14 17 9 15 16
split_gain=0.373921 0.161619 0.218221 0.109338 0.105722 0.0317452
threshold=3.717023611068726 0.3516861498355866 0.012511070352047684 3.7014875411987309 1.0482028722763064 -1.1861389875411985
decision_type=2 2 2 2 2 2
left_child=4 2 -2 -3 5 -1
right_child=1 3 -4 -5 -6 -7
leaf_value=0 -0.00068004042907187051 0.0016338754741980343 0.0068525473756619812 -0.0029951810093074458 2.1926137219520309e-05 -0.0053025746222867109
leaf_weight=0.25592745381072801 0.36774351230633362 1.2517323357205898 2.7314191440054856 0.76746834866389679 0.60234790853792208 1.8116622738289152
leaf_count=30 961 256 1211 707 209 3081
internal_value=0.000102324 0.00355982 0.00531902 -0.000115406 -0.00371072 -0.00492868
internal_weight=7.7883 5.11836 3.09916 2.0192 2.66994 2.06759
internal_count=6455 3135 2172 963 3320 3111
is_linear=0
shrinkage=0.025


Tree=344
num_leaves=7
num_cat=0
split_feature=26 27 5 19 23 22
split_gain=0.295694 0.270149 0.204098 0.166042 0.0529686 0.0462369
threshold=-1.0021339654922483 0.70716613531112682 4.7542691230773935 0.64802446961402904 -1.3400592803955076 -0.25369100272655482
decision_type=2 2 2 2 2 2
left_child=2 3 5 -2 -3 -1
right_child=1 4 -4 -5 -6 -7
leaf_value=0 -0.0063367258489351892 0 -0.0011620046071318074 0.00014115353451945654 0.0032362653730878075 0.0057596041022527841
leaf_weight=0.084449610942102349 3.2346757556533707 0.17795302790182177 0.40728343364753516 0.73447495073560265 0.33019096432144568 2.6295615402632393
leaf_count=199 5240 85 427 135 34 300
internal_value=0 -0.00292115 0.00357745 -0.00503074 0.00203096 0.00539108
internal_weight=7.59859 4.47729 3.12129 3.96915 0.508144 2.71401
internal_count=6420 5494 926 5375 119 499
is_linear=0
shrinkage=0.025


Tree=345
num_leaves=7
num_cat=0
split_feature=13 15 21 24 3 0
split_gain=0.419905 0.280431 0.158197 0.0959415 0.0549311 0.0129072
threshold=4.0064554214477548 0.29573732614517217 0.018802258186042312 -3.6482713222503658 3.0127213001251225 7.4266903400421151
decision_type=2 2 2 2 2 2
left_child=3 2 -2 -1 -3 -5
right_child=1 4 -4 5 -6 -7
leaf_value=0 -0.00033862667273541313 -0.0032243257849047906 0.0061303237487931412 -0.006584065168911777 0 0
leaf_weight=0.96764411348340251 0.30905023203376947 0.79992086748643465 2.9138879628662835 1.8873383638492667 0.33444248636806151 0.044175742295919807
leaf_count=150 853 787 877 3738 49 13
internal_value=-0.00120976 0.00230795 0.00492122 -0.00540229 -0.00205738 -0.00647378
internal_weight=7.25646 4.3573 3.22294 2.89916 1.13436 1.93151
internal_count=6467 2566 1730 3901 836 3751
is_linear=0
shrinkage=0.025


Tree=346
num_leaves=7
num_cat=0
split_feature=21 19 23 5 13 26
split_gain=0.411326 0.306076 0.113603 0.0849496 0.0828405 0.0687639
threshold=0.99625444412231456 0.20173196494579318 -7.2878005504608145 4.016282558441163 2.9621075391769414 -0.84842899441719044
decision_type=2 2 2 2 2 2
left_child=1 2 -1 5 -3 -2
right_child=3 4 -4 -5 -6 -7
leaf_value=0 0.0047819913016084771 -0.0013905090938809784 -0.0080770133147632286 -0.00016060072830268129 0.0025077713732657779 0
leaf_weight=0.18355995222918897 2.0338639316505587 0.47584766788531885 2.2992180329547409 0.3598281485174083 1.7583180859237471 0.40431058316607948
leaf_count=50 173 460 5163 78 422 134
internal_value=-0.00135677 -0.00470608 -0.0073586 0.00288521 0.000426324 0.00398077
internal_weight=7.51495 4.71694 2.48278 2.798 2.23417 2.43817
internal_count=6480 6095 5213 385 882 307
is_linear=0
shrinkage=0.025


Tree=347
num_leaves=7
num_cat=0
split_feature=21 7 24 13 16 7
split_gain=0.241374 0.276434 0.373572 0.0863982 0.0753683 0.0403274
threshold=0.93220895528793346 5.0578529834747323 -3.5128403902053829 2.2276637554168706 0.55684632062911998 5.4540631771087655
decision_type=2 2 2 2 2 2
left_child=1 2 -1 -2 -5 -3
right_child=3 5 -4 4 -6 -7
leaf_value=0.0012940689547948977 -0.00010737598568518532 0.0031236875191537764 -0.007459538831887734 0.0050322197600829151 0 0
leaf_weight=1.2879197403344731 0.20430009903793722 0.3970851385493005 2.7995152215098642 2.3516571758591458 0.400579953304259 0.16514487303720671
leaf_count=167 80 152 5591 203 145 123
internal_value=0 -0.00261001 -0.00481916 0.00327087 0.00423537 0.00222179
internal_weight=7.6062 4.64966 4.08743 2.95654 2.75224 0.56223
internal_count=6461 6033 5758 428 348 275
is_linear=0
shrinkage=0.025


Tree=348
num_leaves=6
num_cat=0
split_feature=21 6 14 15 15
split_gain=0.356062 0.23815 0.141638 0.0233606 0.0202155
threshold=0.006675979122519494 4.1044580936431894 0.36992068588733679 1.2509050965309145 -0.71893978118896473
decision_type=2 2 2 2 2
left_child=4 2 -2 -3 -1
right_child=1 3 -4 -5 -6
leaf_value=0 0.0065264144360241338 -0.0021720956382843813 0 0 -0.0041865181925640612
leaf_weight=0.1640323778392484 3.4230709135244979 0.6182036274276469 2.3076039702573325 0.21672881688573398 1.1366635945378218
leaf_count=87 1491 710 995 28 3090
internal_value=0.000665355 0.00339509 0.00501844 -0.00142847 -0.00388141
internal_weight=7.8663 6.56561 5.73067 0.834932 1.3007
internal_count=6401 3224 2486 738 3177
is_linear=0
shrinkage=0.025


Tree=349
num_leaves=7
num_cat=0
split_feature=13 22 14 21 21 25
split_gain=0.292137 0.266666 0.236091 0.20047 0.11562 0.0535534
threshold=4.6521348953247079 0.71941468119621288 0.3516861498355866 1.8219149708747866 0.018802258186042312 -1.8983746767044065
decision_type=2 2 2 2 2 2
left_child=1 3 4 -1 -2 -4
right_child=2 -3 5 -5 -6 -7
leaf_value=-0.0069153547697117018 0 0.0013816679024802473 0.00046462512061430417 0.00045610279425172949 0.00683653541753823 -0.002583553813191735
leaf_weight=2.4146270614310201 0.19559066817055359 1.6974960352090418 0.4042660487939429 0.44031271105632175 1.8443986984748333 0.73416144560542285
leaf_count=4649 549 190 31 27 478 509
internal_value=0 -0.00283066 0.0036009 -0.00541614 0.00593086 -0.000986174
internal_weight=7.73085 4.55244 3.17842 2.85494 2.03999 1.13843
internal_count=6433 4866 1567 4676 1027 540
is_linear=0
shrinkage=0.025


end of trees

feature_importances:
Column_21=283
Column_22=208
Column_13=195
Column_26=149
Column_27=141
Column_6=138
Column_24=109
Column_19=106
Column_17=91
Column_5=89
Column_25=58
Column_23=52
Column_14=49
Column_15=49
Column_12=42
Column_0=39
Column_7=33
Column_16=31
Column_11=29
Column_2=26
Column_3=23
Column_18=20
Column_20=18
Column_4=14
Column_1=7
Column_8=6
Column_10=2
Column_9=1

parameters:
[boosting: gbdt]
[objective: binary]
[metric: binary_logloss]
[tree_learner: serial]
[device_type: cpu]
[data_sample_strategy: bagging]
[data: ]
[valid: ]
[num_iterations: 350]
[learning_rate: 0.025]
[num_leaves: 7]
[num_threads: 4]
[seed: 990046]
[deterministic: 0]
[force_col_wise: 0]
[force_row_wise: 0]
[histogram_pool_size: -1]
[max_depth: 3]
[min_data_in_leaf: 20]
[min_sum_hessian_in_leaf: 0.001]
[bagging_fraction: 0.8]
[pos_bagging_fraction: 1]
[neg_bagging_fraction: 1]
[bagging_freq: 1]
[bagging_seed: 990046]
[bagging_by_query: 0]
[feature_fraction: 0.8]
[feature_fraction_bynode: 1]
[feature_fraction_seed: 990046]
[extra_trees: 0]
[extra_seed: 26713]
[early_stopping_round: 0]
[early_stopping_min_delta: 0]
[first_metric_only: 0]
[max_delta_step: 0]
[lambda_l1: 0.25]
[lambda_l2: 5]
[linear_lambda: 0]
[min_gain_to_split: 0.01]
[drop_rate: 0.1]
[max_drop: 50]
[skip_drop: 0.5]
[xgboost_dart_mode: 0]
[uniform_drop: 0]
[drop_seed: 8578]
[top_rate: 0.2]
[other_rate: 0.1]
[min_data_per_group: 100]
[max_cat_threshold: 32]
[cat_l2: 10]
[cat_smooth: 10]
[max_cat_to_onehot: 4]
[top_k: 20]
[monotone_constraints: ]
[monotone_constraints_method: basic]
[monotone_penalty: 0]
[feature_contri: ]
[forcedsplits_filename: ]
[refit_decay_rate: 0.9]
[cegb_tradeoff: 1]
[cegb_penalty_split: 0]
[cegb_penalty_feature_lazy: ]
[cegb_penalty_feature_coupled: ]
[path_smooth: 0]
[interaction_constraints: ]
[verbosity: -1]
[saved_feature_importance_type: 0]
[use_quantized_grad: 0]
[num_grad_quant_bins: 4]
[quant_train_renew_leaf: 0]
[stochastic_rounding: 1]
[linear_tree: 0]
[max_bin: 255]
[max_bin_by_feature: ]
[min_data_in_bin: 3]
[bin_construct_sample_cnt: 200000]
[data_random_seed: 21848]
[is_enable_sparse: 1]
[enable_bundle: 1]
[use_missing: 1]
[zero_as_missing: 0]
[feature_pre_filter: 1]
[pre_partition: 0]
[two_round: 0]
[header: 0]
[label_column: ]
[weight_column: ]
[group_column: ]
[ignore_column: ]
[categorical_feature: ]
[forcedbins_filename: ]
[precise_float_parser: 0]
[parser_config_file: ]
[objective_seed: 26942]
[num_class: 1]
[is_unbalance: 0]
[scale_pos_weight: 1]
[sigmoid: 1]
[boost_from_average: 1]
[reg_sqrt: 0]
[alpha: 0.9]
[fair_c: 1]
[poisson_max_delta_step: 0.7]
[tweedie_variance_power: 1.5]
[lambdarank_truncation_level: 30]
[lambdarank_norm: 1]
[label_gain: ]
[lambdarank_position_bias_regularization: 0]
[eval_at: ]
[multi_error_top_k: 1]
[auc_mu_weights: ]
[num_machines: 1]
[local_listen_port: 12400]
[time_out: 120]
[machine_list_filename: ]
[machines: ]
[gpu_platform_id: -1]
[gpu_device_id: -1]
[gpu_device_id_list: ]
[gpu_use_dp: 0]
[num_gpu: 1]

end of parameters

pandas_categorical:null
