tree
version=v4
num_class=1
num_tree_per_iteration=1
label_index=0
max_feature_idx=29
objective=binary sigmoid:1
feature_names=Column_0 Column_1 Column_2 Column_3 Column_4 Column_5 Column_6 Column_7 Column_8 Column_9 Column_10 Column_11 Column_12 Column_13 Column_14 Column_15 Column_16 Column_17 Column_18 Column_19 Column_20 Column_21 Column_22 Column_23 Column_24 Column_25 Column_26 Column_27 Column_28 Column_29
feature_infos=[-3.7870595455169678:8.5159740447998047] [-4.305819034576416:8.5709085464477539] [-4.7625141143798828:8.3457145690917969] [-5.0795483589172363:11.453814506530762] [-5.1525826454162598:11.272500991821289] [-5.0878138542175293:9.7064008712768555] [-4.6589727401733398:7.6312355995178223] [-2.6070883274078369:7.7766919136047363] [-2.2888696193695068:7.9627056121826172] [-2.4674906730651855:8.1371831893920898] [-2.499269962310791:8.3507308959960938] [-1.4607493877410889:8.2794466018676758] [-1.6159528493881226:8.2297544479370117] [-1.7980664968490601:8.0900907516479492] [-5.2088279724121094:5.5208940505981445] [-5.1695089340209961:6.7352347373962402] [-10.663614273071289:7.1673679351806641] [-4.4273810386657715:3.2353787422180176] [-2.770963191986084:6.2605075836181641] [-6.0336675643920898:6.6505193710327148] [-10.828666687011719:6.4521923065185547] [-4.2930569648742676:6.7023816108703613] [-2.8810544013977051:8.2166194915771484] [-19.253122329711914:26.217466354370117] [-36.426158905029297:28.815004348754883] [-62.643627166748047:25.181467056274414] [-2.397939920425415:0.78678935766220093] [-1.2905910015106201:1.8941383361816406] [0:7] [0:7]
tree_sizes=885 890 889 884 868 893 873 788 865 871 901 879 892 898 872 877 872 876 897 879 874 876 882 878 872 874 898 877 899 869 880 899 864 879 874 872 877 893 875 870 875 880 860 875 879 870 886 876 888 891 870 880 894 889 876 880 880 873 873 868 878 872 882 890 881 891 853 898 876 860 855 792 866 900 754 880 880 867 858 854 878 853 903 795 870 853 900 889 858 876 854 790 880 880 824 862 875 876 884 896 897 907 885 896 786 856 858 882 754 892 855 875 904 882 902 868 884 902 869 899 888 872 854 878 883 910 876 906 876 882 850 895 863 853 878 905 778 885 758 880 776 850 779 878 785 884 865 883 837 876 776 883 851 911 875 866 747 865 776 872 888 883 880 763 874 762 858 860 866 876 888 776 773 873 859 784 852 883 871 760 883 782 891 763 887 864 852 884 761 697 889 869 766 907 763 916 781 895 846 877 833 675 752 762 889 878 883 893 892 766 894 878 764 891 839 763 735 883 667 863 886 783 865 843 846 893 681 673 683 876 880 881 890 841 853 891 784 886 888 780 859 850 868 857 767 769 901 750 890 880 842 840 765 782 785 893 884 846 770 915 879 877 870 865 896 849 893 887 872 870 899 776 877 854 886 873 850 784 854 856 862 770 783 857 866 867 766 848 860 765 758 849 894 757 858 845 747 872 741 861 863 740 891 878 739 870 887 879 848 659 848 879 836 904 878 872 892 775 845 660 872 781 879 856 909 747 754 739 796 899 856 864 872 849 838 759 875 875 853 758 845 736 855 891 857 743 879 738 869 883

Tree=0
num_leaves=7
num_cat=0
split_feature=21 24 6 26 16 21
split_gain=144.445 15.4916 12.8469 6.01549 0.940902 0.305751
threshold=0.40417160093784338 -4.7776813507080069 3.7485826015472417 -0.84846758842468251 1.2230110764503481 1.8080657720565798
decision_type=2 2 2 2 2 2
left_child=1 -1 3 -2 -3 -4
right_child=2 4 5 -5 -6 -7
leaf_value=-0.084066545757774086 -0.052885376029691969 -0.13505745113268114 -0.10553463895646223 -0.095310194858114469 -0.095310194858114469 -0.094874743364835465
leaf_weight=1.9082584059797252 26.972485130419958 28.820274757221345 1.529810472158714 2.1362424939870861 0.62671883590519328 0.34409895120188583
leaf_count=52 383 4919 436 562 99 18
internal_value=-0.095035 -0.130113 -0.0594586 -0.0555998 -0.134477 -0.103775
internal_weight=62.3379 31.3553 30.9826 29.1087 29.447 1.87391
internal_count=6469 5070 1399 945 5018 454
is_linear=0
shrinkage=1


Tree=1
num_leaves=7
num_cat=0
split_feature=22 13 17 2 22 21
split_gain=127.613 16.612 13.0662 4.2425 3.43509 1.0222
threshold=0.19372557103633883 2.9765458106994633 0.5253126621246339 1.5855779051780703 -0.099049087613821016 1.3803803324699404
decision_type=2 2 2 2 2 2
left_child=2 5 -1 -3 -4 -2
right_child=1 3 4 -5 -6 -7
leaf_value=-0.038445432154479479 -0.013446542475397555 -0.0015598582457466911 -0.010862211735617142 0.041190027009617831 0.01355389882131062 0.0029215712077547257
leaf_weight=26.496053705690432 2.184618172061167 0.85402866255026566 1.6632646460784597 26.598454675928224 2.8473977416288099 0.57045789342373598
leaf_count=4519 374 170 588 565 136 19
internal_value=0.000342549 0.0342491 -0.0326854 0.0396321 0.00291621 -0.00955294
internal_weight=61.2143 30.2076 31.0067 27.4525 4.51066 2.75508
internal_count=6371 1128 5243 735 724 393
is_linear=0
shrinkage=0.025


Tree=2
num_leaves=7
num_cat=0
split_feature=21 24 6 26 23 27
split_gain=131.11 13.8807 12.8797 6.3678 3.32373 0.474333
threshold=0.392470732331276 -4.7776813507080069 3.352224707603455 -0.80571988224983204 -5.3649861812591544 0.067776922136545195
decision_type=2 2 2 2 2 2
left_child=1 -1 3 -2 -3 -4
right_child=2 4 5 -5 -6 -7
leaf_value=0.010928840932551476 0.040877133380825555 0.001281652821464904 0.0011271347209011069 -0.0022073718041820799 -0.037622635918968618 -0.010377509010230049
leaf_weight=1.908502781472637 28.336733455769718 0.77261547971284272 0.77091804903466199 1.4701530463644328 28.822369158093352 1.5777577760163692
leaf_count=48 416 89 100 460 4874 472
internal_value=0.00141403 -0.0322459 0.0344611 0.0385607 -0.0363879 -0.00755322
internal_weight=63.659 31.5035 32.1556 29.8069 29.595 2.34868
internal_count=6459 5011 1448 876 4963 572
is_linear=0
shrinkage=0.025


Tree=3
num_leaves=7
num_cat=0
split_feature=22 13 26 19 3 13
split_gain=120.803 13.5051 8.5652 3.79577 3.59994 3.19373
threshold=0.21849723905324939 2.9765458106994633 -1.0290328264236448 0.33767369389534002 1.1790798902511599 3.560726642608643
decision_type=2 2 2 2 2 2
left_child=2 -2 5 -4 -3 -1
right_child=1 4 3 -5 -6 -7
leaf_value=-0.011875967523997661 -0.0078797276179126251 -0.0011766087512698354 -0.037081553083120881 8.0456117209923384e-05 0.040046275493467245 0.011520779444715093
leaf_weight=1.9470838941051614 2.4599698486272272 0.78385952155804517 25.980750101269226 1.4415740827680554 26.729266994283535 2.6568105547921732
leaf_count=401 366 185 4779 154 509 57
internal_value=0.000745741 0.0340991 -0.0306901 -0.0352241 0.0386793 0
internal_weight=61.9993 29.9731 32.0262 27.4223 27.5131 4.60389
internal_count=6451 1060 5391 4933 694 458
is_linear=0
shrinkage=0.025


Tree=4
num_leaves=7
num_cat=0
split_feature=22 6 21 27 19 21
split_gain=133.258 14.5055 6.5761 1.96542 1.31011 0.707179
threshold=0.19372557103633883 3.352224707603455 0.99673113226890575 0.3142485916614533 0.64220607280731212 1.1975888013839724
decision_type=2 2 2 2 2 2
left_child=2 3 4 -2 -1 -3
right_child=1 5 -4 -5 -6 -7
leaf_value=-0.036440899984022085 0.039755002443978123 -0.010767617602885913 0.0043664970488267738 0.0016866913215294562 0 0.0023976206455781218
leaf_weight=28.729305162152748 28.696755732002206 2.379258049302734 1.3563864947645914 1.6916149486205529 0.49161740991985325 0.6215729351970366
leaf_count=5150 348 454 108 323 63 25
internal_value=0.00133754 0.0336337 -0.0335235 0.0383502 -0.035846 -0.0074653
internal_weight=63.9665 33.3892 30.5773 30.3884 29.2209 3.00083
internal_count=6471 1150 5321 671 5213 479
is_linear=0
shrinkage=0.025


Tree=5
num_leaves=7
num_cat=0
split_feature=22 13 17 3 24 21
split_gain=112.742 13.8666 13.7774 3.59721 3.39987 0.886437
threshold=0.19372557103633883 2.9765458106994633 0.5253126621246339 1.0993610024452212 0.45088237524032598 1.3803803324699404
decision_type=2 2 2 2 2 2
left_child=2 5 -1 -3 -4 -2
right_child=1 3 4 -5 -6 -7
leaf_value=-0.035895049174242064 -0.012333401020601591 -0.00017066731402493886 0.014429320334550501 0.038625353195488696 -0.0099372639380140917 0.0027436731035850957
leaf_weight=26.201855686143976 2.0270710235927285 1.1837014622287849 3.1086497160140416 28.001446926093195 1.5767258183332158 0.58283718151506025
leaf_count=4574 364 216 137 534 582 20
internal_value=0.0017943 0.0325054 -0.0297695 0.0370742 0.00468724 -0.00855466
internal_weight=62.6823 31.7951 30.8872 29.1851 4.68538 2.60991
internal_count=6427 1134 5293 750 719 384
is_linear=0
shrinkage=0.025


Tree=6
num_leaves=7
num_cat=0
split_feature=21 24 22 13 13 7
split_gain=106.036 14.392 10.7575 2.98685 1.34135 0.433565
threshold=0.40417160093784338 -4.7776813507080069 0.037470653653144843 2.5988241434097294 7.0322275161743173 -1.1592777371406553
decision_type=2 2 2 2 2 2
left_child=1 -1 5 -4 -3 -2
right_child=2 4 3 -5 -6 -7
leaf_value=0.011645809339414531 0.0012578303923624341 -0.035280550887229228 -0.0010253792555765067 0.036058694525477324 0 -0.01048777514462668
leaf_weight=2.1360133827547569 0.25186404713895183 28.439766243449416 0.79392900923267262 27.016175197728444 0.46001462463755061 1.6704152079764776
leaf_count=54 4 4972 122 712 22 565
internal_value=-1.99758e-05 -0.0301501 0.0310638 0.0348146 -0.0346857 -0.008249
internal_weight=60.7682 31.0358 29.7324 27.8101 28.8998 1.92228
internal_count=6451 5048 1403 834 4994 569
is_linear=0
shrinkage=0.025


Tree=7
num_leaves=6
num_cat=0
split_feature=22 13 17 2 24
split_gain=101.488 16.2296 8.35568 3.52501 2.88628
threshold=0.19372557103633883 2.9765458106994633 0.5253126621246339 1.5855779051780703 0.083996899425983443
decision_type=2 2 2 2 2
left_child=2 -2 -1 -3 -4
right_child=1 3 4 -5 -6
leaf_value=-0.035648188088647059 -0.013202917426944611 -0.0016033646303654796 0.011868024311269246 0.036302380567531566 -0.010832828622376884
leaf_weight=26.309547374257821 2.2618009634898071 0.85164211801020684 2.1868456539232279 25.442047835793346 1.7763158498564733
leaf_count=4599 394 167 93 574 625
internal_value=-0.00173328 0.0294247 -0.0313058 0.0348149 0.000628907
internal_weight=58.8282 28.5555 30.2727 26.2937 3.96316
internal_count=6452 1135 5317 741 718
is_linear=0
shrinkage=0.025


Tree=8
num_leaves=7
num_cat=0
split_feature=21 19 6 26 20 13
split_gain=94.5193 11.4767 10.5294 5.15505 2.19947 1.07968
threshold=0.392470732331276 0.64220607280731212 3.352224707603455 -0.85247987508773793 1.539854168891907 2.9765458106994633
decision_type=2 2 2 2 2 2
left_child=1 4 3 -2 -1 -3
right_child=2 5 -4 -5 -6 -7
leaf_value=-0.034642388862481346 0.03595577312549976 -0.0036905982478368949 -0.0073837059591716899 -0.0012955741943432 0 0.012275840886925559
leaf_weight=27.088015162269592 24.457312305865351 0.60717635444598217 2.4177857583854339 1.8033801055280481 1.0676890718750645 2.0466682343976572
leaf_count=4755 311 120 577 537 128 52
internal_value=-0.000844512 -0.0291483 0.02919 0.0333996 -0.0334662 0.0077817
internal_weight=59.488 30.8095 28.6785 26.2607 28.1557 2.65384
internal_count=6480 5055 1425 848 4883 172
is_linear=0
shrinkage=0.025


Tree=9
num_leaves=7
num_cat=0
split_feature=21 6 24 26 23 21
split_gain=100.149 9.32007 6.3492 4.18094 2.79636 0.695461
threshold=0.392470732331276 3.7485826015472417 -5.8737454414367667 -0.85247987508773793 -5.3649861812591544 1.8080657720565798
decision_type=2 2 2 2 2 2
left_child=2 3 -1 -2 -4 -3
right_child=1 5 4 -5 -6 -7
leaf_value=0.0060548005298300504 0.035684831405267604 -0.010233683243539054 0.0011484405028581407 0 -0.033692452842311364 0.0026773698479999296
leaf_weight=1.064236029866154 25.382590955006897 1.6442161654122167 0.80782112479210155 2.4202074242639346 28.061456633673515 0.60481188836274657
leaf_count=19 377 440 97 574 4934 19
internal_value=-0.0002605 0.0295236 -0.0302871 0.0331631 -0.0325074 -0.00644757
internal_weight=59.9853 30.0518 29.9335 27.8028 28.8693 2.24903
internal_count=6460 1410 5050 951 5031 459
is_linear=0
shrinkage=0.025


Tree=10
num_leaves=7
num_cat=0
split_feature=22 6 17 3 22 27
split_gain=94.5383 10.3372 9.41119 2.52237 2.44445 0.310574
threshold=0.22702625393867495 4.1174354553222665 0.56638926267623912 1.0993610024452212 -0.099049087613821016 0.73578736186027538
decision_type=2 2 2 2 2 2
left_child=2 3 5 -2 -4 -1
right_child=1 -3 4 -5 -6 -7
leaf_value=-0.03413008202462884 -0.00078149495183179013 -0.0095480167756882995 -0.0090404419975947323 0.034277830732260241 0.011911419346324613 -0.0011276753082027546
leaf_weight=25.546475561801351 0.74694302544231206 1.5682018261868496 1.4715508098597641 26.443336199037731 2.5249261725693932 0.92768468050053243
leaf_count=4707 185 273 522 588 114 77
internal_value=-0.000311486 0.029566 -0.0288791 0.0331488 0.00276518 -0.0335351
internal_weight=59.2291 28.7585 30.4706 27.1903 3.99648 26.4742
internal_count=6466 1046 5420 773 636 4784
is_linear=0
shrinkage=0.025


Tree=11
num_leaves=7
num_cat=0
split_feature=21 19 26 13 23 22
split_gain=87.5048 14.7503 8.26125 4.4751 1.14514 1.01277
threshold=0.40417160093784338 0.64220607280731212 -0.88257181644439686 2.2157694101333623 -5.3649861812591544 0.78722152113914501
decision_type=2 2 2 2 2 2
left_child=1 4 3 -2 -1 -4
right_child=2 -3 5 -5 -6 -7
leaf_value=0 -0.0040861640632822984 0.010440418569232848 -0.0091077542382345857 0.034321839964271648 -0.033836494879876382 0.0048316088705419287
leaf_weight=0.50349919084692984 0.65628264925908908 3.0758347992668851 2.0030719275819133 25.596132392820437 25.994300512888003 1.2004895732388829
leaf_count=85 170 164 659 473 4757 108
internal_value=0.000386347 -0.0276494 0.0286432 0.0326616 -0.0332248 -0.00336121
internal_weight=59.0296 29.5736 29.456 26.2524 26.4978 3.20356
internal_count=6416 5006 1410 643 4842 767
is_linear=0
shrinkage=0.025


Tree=12
num_leaves=7
num_cat=0
split_feature=22 13 21 2 19 26
split_gain=88.1805 11.393 7.47947 2.7579 2.56627 1.13313
threshold=0.19372557103633883 2.9765458106994633 0.51367321610450756 1.5855779051780703 0.56665897369384777 -1.0007800459861753
decision_type=2 2 2 2 2 2
left_child=2 -2 4 -3 -1 -4
right_child=1 3 5 -5 -6 -7
leaf_value=-0.032392285762603036 -0.0080202283708161841 -0.0010250404533082122 0.0092024897327030539 0.034321476587624238 0.0010841813978709539 -0.005358270203073918
leaf_weight=25.426845575100749 2.5909436673391637 0.78789077454712497 1.9653556304983797 27.110838481923565 0.79303802765207265 1.4137621988193121
leaf_count=4655 392 164 96 581 82 440
internal_value=0.00112454 0.028819 -0.0272647 0.0331292 -0.0311681 0.00280244
internal_weight=60.0887 30.4897 29.599 27.8987 26.2199 3.37912
internal_count=6410 1137 5273 745 4737 536
is_linear=0
shrinkage=0.025


Tree=13
num_leaves=7
num_cat=0
split_feature=22 13 3 17 20 26
split_gain=78.4279 15.3928 5.47778 4.11183 0.531179 0.349385
threshold=0.12004828453063966 2.9765458106994633 1.0993610024452212 0.95683845877647411 1.539854168891907 -1.0007800459861753
decision_type=2 2 2 2 2 2
left_child=3 -2 -3 4 -1 -5
right_child=1 2 -4 5 -6 -7
leaf_value=-0.032037637747435579 -0.013880167911737429 -0.0041706605023455424 0.032824967672335906 0.0054266849819815145 -3.5861170864141366e-05 -0.0030822965694211287
leaf_weight=25.15878286422231 2.5990589268039939 1.2643993762321795 25.242882745922543 1.1650769948028026 0.73567979334620659 0.51553850225172837
leaf_count=4825 483 272 626 48 93 103
internal_value=-0.00164308 0.0248816 0.0304801 -0.0293542 -0.0314837 0.00152761
internal_weight=56.6814 29.1063 26.5073 27.5751 25.8945 1.68062
internal_count=6450 1381 898 5069 4918 151
is_linear=0
shrinkage=0.025


Tree=14
num_leaves=7
num_cat=0
split_feature=24 13 26 26 19 12
split_gain=74.7656 11.2152 7.23505 3.0299 2.42327 2.12739
threshold=-1.228562533855438 3.0641437768936162 -1.0290328264236448 -0.85247987508773793 0.56665897369384777 3.0049713850021367
decision_type=2 2 2 2 2 2
left_child=1 -1 5 -3 -4 -2
right_child=2 3 4 -5 -6 -7
leaf_value=-0.0094104380544654948 -0.0091189199926513722 0.033431746712603759 -0.030429112733492254 0 0.0012808675455108394 0.009902548284212935
leaf_weight=2.2766991875832927 1.6532084000064085 24.516421054606333 25.249797171214599 1.5189122446463397 0.77673434518510376 3.1026413778890856
leaf_count=438 314 333 4819 394 60 148
internal_value=0.000220784 0.0272472 -0.024796 0.0316538 -0.0292274 0.001365
internal_weight=59.0944 28.312 30.7824 26.0353 26.0265 4.75585
internal_count=6506 1165 5341 727 4879 462
is_linear=0
shrinkage=0.025


Tree=15
num_leaves=7
num_cat=0
split_feature=22 6 17 27 23 13
split_gain=79.2449 12.0275 6.3735 3.63817 1.07666 0.883613
threshold=0.19372557103633883 3.352224707603455 0.90001845359802257 0.25990867614746099 -5.3649861812591544 4.4777770042419442
decision_type=2 2 2 2 2 2
left_child=2 3 4 -2 -1 -4
right_child=1 -3 5 -5 -6 -7
leaf_value=0 0.033179317844460085 -0.010222314481312845 -0.004409063223484464 -0.00045477159804330788 -0.030892843675111484 0.0092297918681472323
leaf_weight=0.48273871134734392 25.322406699298888 2.4079611269989973 0.70920337253482957 1.6188639393658366 26.124498224176932 1.5281157746212555
leaf_count=62 275 464 168 409 5059 17
internal_value=-2.75821e-05 0.0266335 -0.0272668 0.0312078 -0.0303068 0.00398365
internal_weight=58.1938 29.3492 28.8446 26.9413 26.6072 2.23732
internal_count=6454 1148 5306 684 5121 185
is_linear=0
shrinkage=0.025


Tree=16
num_leaves=7
num_cat=0
split_feature=21 22 6 26 23 21
split_gain=76.2959 9.4216 7.4 3.85067 0.900265 0.601473
threshold=0.392470732331276 0.92063546180725109 3.7485826015472417 -0.79605466127395619 -5.3649861812591544 1.8080657720565798
decision_type=2 2 2 2 2 2
left_child=1 4 3 -2 -1 -4
right_child=2 -3 5 -5 -6 -7
leaf_value=0 0.031908814219465988 0.008981499837009117 -0.0094005398815977144 -0.00089572082688726224 -0.030747865397986535 0.002497203996581444
leaf_weight=0.54430108953966438 24.812236888741616 1.8521620039828111 1.5569789133151055 1.7306733249570232 26.751271688612178 0.61598260240862135
leaf_count=84 513 44 443 459 4948 18
internal_value=-0.000157846 -0.0265772 0.026438 0.0297688 -0.0302006 -0.00576678
internal_weight=57.8636 29.1477 28.7159 26.5429 27.2956 2.17296
internal_count=6509 5076 1433 972 5032 461
is_linear=0
shrinkage=0.025


Tree=17
num_leaves=7
num_cat=0
split_feature=22 17 13 2 24 23
split_gain=70.4566 10.2203 9.78885 2.72003 1.24495 1.05427
threshold=0.19372557103633883 0.8283260464668275 2.9765458106994633 1.5855779051780703 0.31533509492874151 -5.3649861812591544
decision_type=2 2 2 2 2 2
left_child=1 5 -2 -4 -3 -1
right_child=2 4 3 -5 -6 -7
leaf_value=0 -0.0076941590835941627 0.012495442121988422 -0.0014105077914020074 0.031527339562635176 -0.0042222775315479983 -0.030073691979442253
leaf_weight=0.47174852812896162 2.5845603964990032 2.3516270259860899 0.83338408317649992 25.588797342614271 0.69330319581786159 25.496506974450313
leaf_count=62 384 44 166 585 198 5029
internal_value=0.000535845 -0.0248515 0.026033 0.0302304 0.00765366 -0.0294851
internal_weight=58.0199 29.0132 29.0067 26.4222 3.04493 25.9683
internal_count=6468 5333 1135 751 242 5091
is_linear=0
shrinkage=0.025


Tree=18
num_leaves=7
num_cat=0
split_feature=21 19 6 26 23 12
split_gain=73.8878 10.7267 7.88814 4.2717 1.4867 1.00206
threshold=0.35167987644672399 0.64220607280731212 3.7485826015472417 -0.84846758842468251 -7.2117302417755118 2.6077899932861333
decision_type=2 2 2 2 2 2
left_child=1 4 3 -2 -1 -3
right_child=2 5 -4 -5 -6 -7
leaf_value=0.00073096219534088446 0.031888762153746843 -0.0033311930394820384 -0.00625410947751726 -0.00057723753391005362 -0.031280804205190804 0.012224032207300353
leaf_weight=0.31207085942151636 25.484520444180824 0.58749061753041987 2.3000310519128098 2.1613161042914717 25.279046523442958 2.2298584000091068
leaf_count=25 417 125 515 639 4787 53
internal_value=0.000573278 -0.0259591 0.0260353 0.0294595 -0.0306305 0.00812488
internal_weight=58.3543 28.4085 29.9459 27.6458 25.5911 2.81735
internal_count=6561 4990 1571 1056 4812 178
is_linear=0
shrinkage=0.025


Tree=19
num_leaves=7
num_cat=0
split_feature=22 13 26 17 18 24
split_gain=63.5425 11.7478 5.15957 4.82352 0.917985 0.69654
threshold=0.12004828453063966 2.9765458106994633 -0.88397437334060658 0.8283260464668275 0.46212239563465124 0.31533509492874151
decision_type=2 2 2 2 2 2
left_child=3 -2 -3 4 -1 -5
right_child=1 2 -4 5 -6 -7
leaf_value=-0.029630833398953796 -0.0098834720251004017 0.031187265425812096 -0.0017595326369371008 0.0078046901208232329 0 -0.0042181169511011146
leaf_weight=23.47199996403652 3.1848572316812378 23.790101954888094 2.3437272896990136 1.3344064853154116 0.48145307425875117 0.70365125429816533
leaf_count=4693 488 343 574 25 142 203
internal_value=-0.00029406 0.0230652 0.0282237 -0.0263154 -0.0290443 0.002718
internal_weight=55.3102 29.3187 26.1338 25.9915 23.9535 2.03806
internal_count=6468 1405 917 5063 4835 228
is_linear=0
shrinkage=0.025


Tree=20
num_leaves=7
num_cat=0
split_feature=21 19 12 23 26 12
split_gain=63.7222 9.89764 4.82578 2.31953 1.97611 1.30723
threshold=0.50397130846977245 0.54332491755485546 2.8851087093353276 -5.3649861812591544 -0.79605466127395619 2.6077899932861333
decision_type=2 2 2 2 2 2
left_child=1 3 -2 -1 -4 -3
right_child=2 5 4 -5 -6 -7
leaf_value=0.0010911099344084335 -0.0047885179200809194 -0.0045308369532030129 0.029689367210389329 -0.02999511438881643 0 0.012252702704235246
leaf_weight=0.81269383878680557 1.265521866793281 0.77580616250634138 22.071753660391554 25.37971558998106 1.4534160534967657 2.4970518236514181
leaf_count=97 204 146 529 5015 382 89
internal_value=-0.00100515 -0.0241681 0.0257513 -0.0288099 0.0281647 0.00718493
internal_weight=54.256 29.4653 24.7907 26.1924 23.5252 3.27286
internal_count=6462 5347 1115 5112 911 235
is_linear=0
shrinkage=0.025


Tree=21
num_leaves=7
num_cat=0
split_feature=21 19 6 26 23 6
split_gain=65.3417 8.39274 8.02531 2.6589 1.3207 0.842592
threshold=0.35167987644672399 0.64220607280731212 3.7485826015472417 -0.84846758842468251 -7.2117302417755118 3.2136076688766484
decision_type=2 2 2 2 2 2
left_child=1 4 3 -2 -1 -3
right_child=2 5 -4 -5 -6 -7
leaf_value=0.00061239107734446319 0.030428493786045736 0.010916750940486679 -0.0077539793475233931 0 -0.029326636265409115 -0.0031807344711532446
leaf_weight=0.32305049157003551 24.904399667284455 1.9551886200788424 1.944624098483472 2.3052923944778767 24.273197064758278 0.57169995788717631
leaf_count=25 415 32 492 621 4699 140
internal_value=0.000954228 -0.0246168 0.0250478 0.0284259 -0.0286852 0.00690271
internal_weight=56.2775 27.1231 29.1543 27.2097 24.5962 2.52689
internal_count=6424 4896 1528 1036 4724 172
is_linear=0
shrinkage=0.025


Tree=22
num_leaves=7
num_cat=0
split_feature=22 6 26 17 22 26
split_gain=59.0278 9.21789 5.3078 3.21691 0.92978 0.596377
threshold=0.12004828453063966 3.9379875659942631 -0.89540046453475941 0.5253126621246339 -0.099049087613821016 -0.38679364323616022
decision_type=2 2 2 2 2 2
left_child=3 2 -2 5 -5 -1
right_child=1 -3 -4 4 -6 -7
leaf_value=-0.029018924084039239 0.029958779441231449 -0.0092986895171219153 -0.00099295697911218144 -0.0069396057654797193 0.0062391782221321301 0
leaf_weight=21.225307137239728 23.546077243168845 2.4128678250708608 3.1442142373998641 1.8327861767029392 1.4768594910856325 0.8389236565562922
leaf_count=4262 328 400 659 591 100 78
internal_value=-2.72793e-05 0.0224521 0.026534 -0.025468 -9.10462e-05 -0.0283235
internal_weight=54.477 29.1032 26.6903 25.3739 3.30965 22.0642
internal_count=6418 1387 987 5031 691 4340
is_linear=0
shrinkage=0.025


Tree=23
num_leaves=7
num_cat=0
split_feature=22 17 13 2 22 26
split_gain=54.8996 10.8424 7.4682 2.52811 2.17495 0.650294
threshold=0.23436425626277926 0.56638926267623912 3.0641437768936162 1.6364045739173891 -0.099049087613821016 -0.38679364323616022
decision_type=2 2 2 2 2 2
left_child=1 5 -2 -4 -3 -1
right_child=2 4 3 -5 -6 -7
leaf_value=-0.029288717504172525 -0.0064195460739854236 -0.0064733712750230992 -0.002678425395393055 0.029123764144220673 0.013119586667608436 0
leaf_weight=22.534255636739548 2.3632965697324861 1.7419153697555882 0.43506104854168626 22.643984500784427 3.2027285218355237 0.81973921088502066
leaf_count=4717 360 520 136 504 121 79
internal_value=-0.000175246 -0.0224428 0.0240051 0.0279315 0.00580448 -0.0286128
internal_weight=53.741 28.2986 25.4423 23.079 4.94464 23.354
internal_count=6437 5437 1000 640 641 4796
is_linear=0
shrinkage=0.025


Tree=24
num_leaves=7
num_cat=0
split_feature=22 13 17 3 24 16
split_gain=57.0553 8.59844 8.50153 3.11858 1.1087 0.78979
threshold=0.19372557103633883 2.9765458106994633 0.8283260464668275 1.0993610024452212 0.32884474098682409 1.2230110764503481
decision_type=2 2 2 2 2 2
left_child=2 -2 5 -3 -4 -1
right_child=1 3 4 -5 -6 -7
leaf_value=-0.027796921057026587 -0.0074103280678612651 -0.0025279883439390848 0.011560005570584961 0.029369604407625684 -0.0040818520097050141 0
leaf_weight=23.86593926727074 2.6019590146024738 0.86281867249636235 2.3148107520537446 24.777090316230897 0.68726776383118693 0.55910920433234323
leaf_count=4992 396 205 46 545 201 94
internal_value=0.000739734 0.0237919 -0.0228129 0.0278549 0.00688504 -0.0272252
internal_weight=55.669 28.2419 27.4271 25.6399 3.00208 24.425
internal_count=6479 1146 5333 750 247 5086
is_linear=0
shrinkage=0.025


Tree=25
num_leaves=7
num_cat=0
split_feature=22 17 13 2 27 23
split_gain=58.7789 8.4572 8.32687 3.02722 1.09223 1.01244
threshold=0.19372557103633883 0.8283260464668275 2.9765458106994633 1.6364045739173891 0.12888943403959277 -5.3649861812591544
decision_type=2 2 2 2 2 2
left_child=1 5 -2 -4 -3 -1
right_child=2 4 3 -5 -6 -7
leaf_value=0 -0.0071318701681300075 0.010829729497863573 -0.0033030231457567266 0.029249217760512754 -0.0043678338853725572 -0.028924626913891027
leaf_weight=0.46769455180038377 2.5441661087679703 2.4203674502787176 0.52661823836388322 24.931655579188373 0.71732030384009693 22.997834281239193
leaf_count=66 395 88 172 574 160 5001
internal_value=0.000580469 -0.023734 0.0239655 0.027939 0.00603836 -0.0282959
internal_weight=54.6057 26.6032 28.0024 25.4583 3.13769 23.4655
internal_count=6456 5315 1141 746 248 5067
is_linear=0
shrinkage=0.025


Tree=26
num_leaves=7
num_cat=0
split_feature=22 13 17 26 24 21
split_gain=52.5481 8.52512 6.15948 2.44252 2.10051 0.793449
threshold=0.19372557103633883 2.9765458106994633 0.5253126621246339 -0.79605466127395619 0.45088237524032598 1.3803803324699404
decision_type=2 2 2 2 2 2
left_child=2 5 -1 -3 -4 -2
right_child=1 3 4 -5 -6 -7
leaf_value=-0.027338621729805602 -0.011261428640482634 0.028535960917242323 0.010766749533277234 -0.00084495506133485873 -0.0085492338899948138 0.0027454537004171229
leaf_weight=21.754844104289081 2.1201663678512008 23.32466257427587 2.5252570357406503 1.1486318864626763 1.5551128098159095 0.55245559476315964
leaf_count=4551 376 403 134 324 581 18
internal_value=0.000330758 0.0227676 -0.0229108 0.0270355 0.00206284 -0.00764918
internal_weight=52.9811 27.1459 25.8352 24.4733 4.08037 2.67262
internal_count=6387 1121 5266 727 715 394
is_linear=0
shrinkage=0.025


Tree=27
num_leaves=7
num_cat=0
split_feature=21 19 13 3 21 27
split_gain=51.3311 7.34998 6.53149 2.03493 0.864083 0.686387
threshold=0.35167987644672399 0.64220607280731212 3.0641437768936162 1.0993610024452212 1.3803803324699404 0.73578736186027538
decision_type=2 2 2 2 2 2
left_child=1 5 4 -4 -2 -1
right_child=2 -3 3 -5 -6 -7
leaf_value=-0.028280898640701449 -0.01007541216212793 0.0062438096513791844 -0.0014227655526339617 0.027057099275753019 0.0034909333605855478 0
leaf_weight=21.85079894046067 1.7986875705537415 2.4601710528368121 0.71269944333471613 22.947436802962329 0.94251072505721811 0.80911333486437698
leaf_count=4637 525 168 216 772 53 77
internal_value=-0.000174453 -0.0235774 0.0221024 0.0258826 -0.00536153 -0.0275845
internal_weight=51.5214 25.1201 26.4013 23.6601 2.7412 22.6599
internal_count=6448 4882 1566 988 578 4714
is_linear=0
shrinkage=0.025


Tree=28
num_leaves=7
num_cat=0
split_feature=21 24 22 27 13 21
split_gain=55.4405 6.31361 6.1369 1.91371 1.16431 0.479869
threshold=0.35167987644672399 -4.7776813507080069 0.034461727365851409 0.22563968598842624 7.0322275161743173 1.3024011850357058
decision_type=2 2 2 2 2 2
left_child=1 -1 5 -4 -3 -2
right_child=2 4 3 -5 -6 -7
leaf_value=0.0067372104584561641 -0.0087938121638026223 -0.028352804078385953 0.027888396019380014 0.00058438711994046697 0.00024491585482352567 0.0019397919904482874
leaf_weight=1.5143255385337422 1.5907952771522134 22.579589218192272 22.845330374606423 2.4336167185683726 0.3861525955144306 0.62044735922245298
leaf_count=41 607 4837 391 496 19 30
internal_value=0.000168489 -0.0245675 0.0227792 0.0259968 -0.0276906 -0.00565862
internal_weight=51.9703 24.4801 27.4902 25.2789 22.9657 2.21124
internal_count=6421 4897 1524 887 4856 637
is_linear=0
shrinkage=0.025


Tree=29
num_leaves=7
num_cat=0
split_feature=22 5 17 2 23 22
split_gain=50.2159 8.34717 5.51145 1.84565 0.932886 0.560249
threshold=0.19372557103633883 4.1404778957366952 0.90001845359802257 1.5855779051780703 -5.3649861812591544 -0.25572586059570307
decision_type=2 2 2 2 2 2
left_child=2 3 4 -2 -1 -4
right_child=1 -3 5 -5 -6 -7
leaf_value=0 -0.0009108195946956612 -0.0098614942093346192 -0.0031000531131329077 0.026990661214516112 -0.027054956065752575 0.0078004928898707223
leaf_weight=0.44279117940460011 0.77276055584662273 1.8099987267632958 0.56286219391040537 23.798643946764059 22.341077721270267 1.9069023779593397
leaf_count=63 158 335 131 631 5065 54
internal_value=0 0.0220634 -0.023075 0.0258962 -0.0264447 0.00406734
internal_weight=51.635 26.3814 25.2536 24.5714 22.7839 2.46976
internal_count=6437 1124 5313 789 5128 185
is_linear=0
shrinkage=0.025


Tree=30
num_leaves=7
num_cat=0
split_feature=21 22 6 26 5 21
split_gain=45.9708 6.73297 4.29884 1.75345 1.06942 0.443388
threshold=0.50397130846977245 0.73978024721145641 3.5511296987533574 -0.79605466127395619 -0.19835704565048215 1.8080657720565798
decision_type=2 2 2 2 2 2
left_child=1 4 3 -2 -1 -4
right_child=2 -3 5 -5 -6 -7
leaf_value=-4.4068711475648347e-05 0.026614416587388969 0.0071863346557654254 -0.0074508115897318613 0 -0.026599322955558936 0.0024446856311417693
leaf_weight=1.4886999424197771 19.405994438624479 2.0419404246495096 1.2526093547348853 1.4195856043370465 22.886941317119636 0.60387654660735268
leaf_count=158 361 93 364 367 5090 18
internal_value=-0.00132056 -0.0220085 0.0221718 0.0250391 -0.0254738 -0.00388498
internal_weight=49.0996 26.4176 22.6821 20.8256 24.3756 1.85649
internal_count=6451 5341 1110 728 5248 382
is_linear=0
shrinkage=0.025


Tree=31
num_leaves=7
num_cat=0
split_feature=21 6 19 27 23 12
split_gain=46.2286 6.25967 5.8801 2.80535 1.20165 0.644481
threshold=0.40417160093784338 3.7485826015472417 0.64220607280731212 0.3142485916614533 -7.2117302417755118 2.6077899932861333
decision_type=2 2 2 2 2 2
left_child=2 3 4 -2 -1 -4
right_child=1 -3 5 -5 -6 -7
leaf_value=0.00056866659275343315 0.026515776247216974 -0.0072929746718453023 -0.0031075917357104616 -0.00099448126328545244 -0.027545768581825648 0.0088430301979716738
leaf_weight=0.32994525670074537 20.683521474478773 1.9162261430756178 0.58393725333735291 1.6836866774829093 21.995659093663562 1.6605873705120755
leaf_count=24 483 458 114 451 4857 47
internal_value=-0.00139464 0.0208798 -0.0234286 0.0244132 -0.0268735 0.00487226
internal_weight=48.8536 24.2834 24.5701 22.3672 22.3256 2.24452
internal_count=6434 1392 5042 934 4881 161
is_linear=0
shrinkage=0.025


Tree=32
num_leaves=7
num_cat=0
split_feature=22 17 6 2 24 23
split_gain=44.7042 7.81278 6.43844 1.3556 1.12394 0.833184
threshold=0.23436425626277926 0.8283260464668275 4.1174354553222665 1.5855779051780703 0.32884474098682409 -5.3649861812591544
decision_type=2 2 2 2 2 2
left_child=1 5 3 -2 -3 -1
right_child=2 4 -4 -5 -6 -7
leaf_value=0 -0.00026344740091578298 0.01121048850349623 -0.0080922115075908983 0.026160985250191809 -0.0042792954555718838 -0.026455047036624997
leaf_weight=0.49511906848056852 0.67913766868878767 2.4711874332861039 1.4857602724805463 22.332702301151585 0.73791133781196538 21.779316910891794
leaf_count=70 135 44 267 621 212 5101
internal_value=0 -0.021184 0.0219872 0.0252502 0.00645034 -0.0258471
internal_weight=49.9811 25.4835 24.4976 23.0118 3.2091 22.2744
internal_count=6450 5427 1023 756 256 5171
is_linear=0
shrinkage=0.025


Tree=33
num_leaves=7
num_cat=0
split_feature=21 22 6 3 17 21
split_gain=41.4378 9.22014 4.39925 1.92291 1.05777 0.455504
threshold=0.48459631204605108 0.73978024721145641 3.7485826015472417 1.0993610024452212 0.56638926267623912 1.8080657720565798
decision_type=2 2 2 2 2 2
left_child=1 4 3 -2 -1 -4
right_child=2 -3 5 -5 -6 -7
leaf_value=-0.026329605223296745 -0.0023131878161432571 0.0096420808340815511 -0.0076634003064122063 0.025647814295070376 0 0.0024080812156040783
leaf_weight=21.571987853851176 0.37301666953135892 2.6872741730185217 1.3112635408760969 20.831342476245482 1.3326802835217666 0.60407473595114414
leaf_count=4858 163 103 348 635 344 18
internal_value=-0.000156158 -0.0203846 0.0216563 0.0245699 -0.0252279 -0.00413872
internal_weight=48.7116 25.5919 23.1197 21.2044 22.9047 1.91534
internal_count=6469 5305 1164 798 5202 366
is_linear=0
shrinkage=0.025


Tree=34
num_leaves=7
num_cat=0
split_feature=22 13 21 2 16 20
split_gain=41.123 6.55436 5.05441 1.34465 0.76324 0.400837
threshold=0.23436425626277926 2.9765458106994633 0.99673113226890575 1.5855779051780703 1.2230110764503481 0.14214441925287249
decision_type=2 2 2 2 2 2
left_child=2 -2 4 -3 -1 -4
right_child=1 3 5 -5 -6 -7
leaf_value=-0.023750479866397702 -0.0072110862754507996 -0.00024465024629526284 -0.0017546373527665728 0.026114084418288136 0 0.0082706086027746761
leaf_weight=22.626796018565081 1.9998127641738417 0.68157981109107169 0.35495772038120721 21.55444501171587 0.48552406730595876 1.6847411434282547
leaf_count=5215 358 136 97 536 92 29
internal_value=0.000313276 0.0215174 -0.0200912 0.0251801 -0.0231813 0.00563105
internal_weight=49.3879 24.2358 25.152 22.236 23.1123 2.0397
internal_count=6463 1030 5433 672 5307 126
is_linear=0
shrinkage=0.025


Tree=35
num_leaves=7
num_cat=0
split_feature=21 6 24 3 26 21
split_gain=40.5908 5.45519 5.1595 2.24271 0.815351 0.562971
threshold=0.35167987644672399 3.5511296987533574 -4.7776813507080069 1.0993610024452212 -0.38679364323616022 1.8080657720565798
decision_type=2 2 2 2 2 2
left_child=2 3 -1 -2 -4 -3
right_child=1 5 4 -5 -6 -7
leaf_value=0.0058095488075376638 -0.0030025935377267451 -0.0092736710129422972 -0.026566514515810425 0.02451920180227429 0 0.002281046583096883
leaf_weight=1.4751272783614719 0.47371097077849 1.6886521548731246 20.53164989606012 20.728690268413629 0.74028412048937653 0.61832550418330345
leaf_count=40 202 541 4807 771 79 22
internal_value=-0.00134978 0.0196058 -0.0228631 0.0232101 -0.0258166 -0.00587968
internal_weight=46.2564 23.5094 22.7471 21.2024 21.2719 2.30698
internal_count=6462 1536 4926 973 4886 563
is_linear=0
shrinkage=0.025


Tree=36
num_leaves=7
num_cat=0
split_feature=21 19 27 6 18 27
split_gain=40.0153 7.10684 6.61187 4.09855 0.998145 0.880877
threshold=0.31240266561508184 0.64220607280731212 0.22563968598842624 3.352224707603455 0.53752049803733837 0.73578736186027538
decision_type=2 2 2 2 2 2
left_child=1 5 3 -2 -4 -1
right_child=2 -3 4 -5 -6 -7
leaf_value=-0.026010955823272758 0.026957985999524536 0.0070252404958507861 -0.010681812080689508 -0.0029722384261495383 0.0035282972127652491 0
leaf_weight=19.450506382505417 21.921847062883906 2.5593881364329709 1.8707676650956266 1.7498243388254184 1.4036729455110615 0.68087919475510617
leaf_count=4567 314 168 761 491 147 68
internal_value=0.00124092 -0.0207505 0.0203045 0.024395 -0.00538383 -0.0252256
internal_weight=49.6369 22.6908 26.9461 23.6717 3.27444 20.1314
internal_count=6516 4803 1713 805 908 4635
is_linear=0
shrinkage=0.025


Tree=37
num_leaves=7
num_cat=0
split_feature=21 19 6 23 3 13
split_gain=41.1658 7.1627 4.80812 1.89593 1.4859 0.752432
threshold=0.50397130846977245 0.64220607280731212 3.7485826015472417 -5.3649861812591544 1.0993610024452212 2.9765458106994633
decision_type=2 2 2 2 2 2
left_child=1 3 4 -1 -2 -3
right_child=2 5 -4 -5 -6 -7
leaf_value=0.0013041913778988211 -0.0008424983730837218 -0.0027842972722527219 -0.0054505722394026209 -0.025489549132110375 0.025616775301727141 0.010637432441348668
leaf_weight=0.79224795085611432 0.59052728500683471 0.5530793445068406 1.5669748108484771 20.866424421197735 22.395640058035497 2.2752898916369304
leaf_count=102 155 122 347 5015 627 55
internal_value=0.00109074 -0.0197914 0.0219531 -0.0242142 0.0246846 0.00711246
internal_weight=49.0402 24.487 24.5531 21.6587 22.9862 2.82837
internal_count=6423 5294 1129 5117 782 177
is_linear=0
shrinkage=0.025


Tree=38
num_leaves=7
num_cat=0
split_feature=21 24 13 23 26 21
split_gain=37.8038 7.15763 4.32834 1.845 1.17018 0.489357
threshold=0.48459631204605108 -4.0352768898010245 3.0641437768936162 -5.3649861812591544 -0.80571988224983204 1.8080657720565798
decision_type=2 2 2 2 2 2
left_child=1 -1 5 -3 -4 -2
right_child=2 3 4 -5 -6 -7
leaf_value=0.0082949747462013074 -0.0078313436857927309 0.0014071894548902889 0.025397281928597561 -0.02464934661433486 0 0.0025947179126006355
leaf_weight=2.4084176977048655 1.3549242589506345 0.78090972499922173 20.058509618218526 21.185502972162794 1.6189700756804075 0.5828423358616418
leaf_count=89 377 99 383 5075 379 21
internal_value=0.000693091 -0.0191786 0.0211896 -0.0234021 0.0240512 -0.00418459
internal_weight=47.9901 24.3748 23.6152 21.9664 21.6775 1.93777
internal_count=6423 5263 1160 5174 762 398
is_linear=0
shrinkage=0.025


Tree=39
num_leaves=7
num_cat=0
split_feature=21 19 13 20 21 27
split_gain=37.3706 7.58941 2.94942 1.12472 0.949851 0.735597
threshold=0.67015793919563305 0.51602095365524303 2.2157694101333623 1.539854168891907 0.061675481498241431 0.22229618579149249
decision_type=2 2 2 2 2 2
left_child=1 3 -2 -1 -3 -4
right_child=2 4 5 -5 -6 -7
leaf_value=-0.024781984759384285 -0.0040924765668576999 -0.0035493953390330307 0.025323689411837137 0 0.010896516916625347 0.00094543181635343043
leaf_weight=20.579882132529754 0.70809612714220094 0.68376488302601446 18.216659586061727 0.97875314205884834 2.8166188984178007 1.7714218741748471
leaf_count=5225 147 199 288 152 77 343
internal_value=0 -0.0188402 0.0222202 -0.0237707 0.00691145 0.0240348
internal_weight=45.7552 25.059 20.6962 21.5586 3.50038 19.9881
internal_count=6431 5653 778 5377 276 631
is_linear=0
shrinkage=0.025


Tree=40
num_leaves=7
num_cat=0
split_feature=21 27 6 22 22 27
split_gain=35.2484 7.5315 4.45492 2.13543 1.22625 0.938508
threshold=0.17968884855508807 0.22563968598842624 4.1174354553222665 0.86845800280570995 0.78722152113914501 0.73578736186027538
decision_type=2 2 2 2 2 2
left_child=3 2 -2 5 -3 -1
right_child=1 4 -4 -5 -6 -7
leaf_value=-0.024802656636869966 0.025390954098044091 -0.010828083476652732 -0.0046820247742325061 0.0021831005482265387 0.004353783942764743 0
leaf_weight=17.363713308353915 21.709901920403361 3.3149079152499317 1.5134594558621746 0.80664053797954594 1.3230759325088 0.61922089563449745
leaf_count=4087 589 1137 419 42 121 64
internal_value=0.00080205 0.0176176 0.0227274 -0.0223317 -0.00583682 -0.023939
internal_weight=46.6509 27.8613 23.2234 18.7896 4.63798 17.9829
internal_count=6459 2266 1008 4193 1258 4151
is_linear=0
shrinkage=0.025


Tree=41
num_leaves=7
num_cat=0
split_feature=21 13 24 26 27 21
split_gain=29.4001 5.84117 5.50576 3.26049 0.780829 0.662697
threshold=0.31240266561508184 3.1558518409729008 -5.4789879322051993 -0.79605466127395619 0.73578736186027538 1.8080657720565798
decision_type=2 2 2 2 2 2
left_child=2 5 -1 -3 -4 -2
right_child=1 3 4 -5 -6 -7
leaf_value=0.0071396225151357379 -0.010484266301521258 0.023852863136433713 -0.024326000281843327 -0.0031458982200545608 0 0.002319610484011319
leaf_weight=1.6248392990673917 2.0058351967018129 18.078168599226053 18.894418223004326 1.5086908239172725 0.70113203953951497 0.60413751890882839
leaf_count=27 626 528 4658 510 72 19
internal_value=-0.00116392 0.0170352 -0.0200572 0.0213022 -0.0235594 -0.00712245
internal_weight=43.4172 22.1968 21.2204 19.5869 19.5956 2.60997
internal_count=6440 1683 4757 1038 4730 645
is_linear=0
shrinkage=0.025


Tree=42
num_leaves=7
num_cat=0
split_feature=22 6 26 17 27 25
split_gain=31.0496 7.50312 6.17732 1.39654 0.823815 0.752929
threshold=0.034461727365851409 3.1933562755584721 -0.84846758842468251 1.023099482059479 0.73578736186027538 -4.5186681747436515
decision_type=2 2 2 2 2 2
left_child=3 2 -2 4 -1 -3
right_child=1 5 -4 -5 -6 -7
leaf_value=-0.024118177483831205 0.025227674206661655 0.0019310462506189803 -0.0047674850259040802 0 0 -0.011740989983804347
leaf_weight=15.971156128536681 20.732965899602284 0.93905454454943571 3.0477224594505961 1.3314376030466508 0.65513129159808237 2.571381292451405
leaf_count=4392 356 64 730 130 71 699
internal_value=0.000451707 0.0163246 0.0210059 -0.0217004 -0.0232434 -0.00836349
internal_weight=45.2488 27.2911 23.7807 17.9577 16.6263 3.51044
internal_count=6442 1849 1086 4593 4463 763
is_linear=0
shrinkage=0.025


Tree=43
num_leaves=7
num_cat=0
split_feature=21 19 13 27 4 12
split_gain=32.0919 5.31525 4.75925 2.41985 1.09301 0.583806
threshold=0.392470732331276 0.64220607280731212 3.0641437768936162 0.30023041367530828 -0.15224125236272809 2.6077899932861333
decision_type=2 2 2 2 2 2
left_child=1 4 -2 -4 -1 -3
right_child=2 5 3 -5 -6 -7
leaf_value=0 -0.0053045863819529563 -0.0025533202262658593 0.024210182850388378 -0.0017869389484108647 -0.02455162637360939 0.0091146594960371582
leaf_weight=1.5066232548269969 2.1848380725132328 0.52852871868526508 19.857878469920255 1.2559236898669031 17.453216672758572 1.8175397095037622
leaf_count=176 512 120 455 441 4641 48
internal_value=0.000542195 -0.0192686 0.019083 0.0223784 -0.0231596 0.0056865
internal_weight=44.6045 21.3059 23.2986 21.1138 18.9598 2.34607
internal_count=6393 4985 1408 896 4817 168
is_linear=0
shrinkage=0.025


Tree=44
num_leaves=7
num_cat=0
split_feature=21 6 19 26 26 21
split_gain=32.1976 4.91145 4.70994 2.77877 0.842076 0.557067
threshold=0.31240266561508184 3.7485826015472417 0.64220607280731212 -0.84846758842468251 -0.38679364323616022 1.8080657720565798
decision_type=2 2 2 2 2 2
left_child=2 3 4 -2 -1 -3
right_child=1 5 -4 -5 -6 -7
leaf_value=-0.024395672982498725 0.024237536693524533 -0.0090652516615304778 0.0048385240098036617 -0.00047726585405956866 0 0.0023519263360333308
leaf_weight=17.756954021024288 19.617671295360203 1.7187147769145661 2.1231763229006893 2.4444741307524955 0.6690100896521497 0.60338588414015237
leaf_count=4607 459 524 163 677 73 18
internal_value=0.000428296 0.0183479 -0.0200204 0.021686 -0.023573 -0.00566478
internal_weight=44.9334 24.3842 20.5491 22.0621 18.426 2.3221
internal_count=6521 1678 4843 1136 4680 542
is_linear=0
shrinkage=0.025


Tree=45
num_leaves=7
num_cat=0
split_feature=21 27 24 6 22 27
split_gain=28.6934 8.01545 2.87314 2.69453 1.40822 0.868291
threshold=0.17968884855508807 0.17556501179933551 -4.7776813507080069 4.6562788486480722 0.35270895063877111 0.73578736186027538
decision_type=2 2 2 2 2 2
left_child=2 3 -1 -2 -3 -4
right_child=1 4 5 -5 -6 -7
leaf_value=0.0037133671443071378 0.024313374775684189 -0.011673339905691358 -0.023952007423503258 -0.0035065217902679109 0.0038322268864420892 0
leaf_weight=0.96322140091797592 18.845801808638505 3.215824304643319 16.558248194429328 0.70088421864784223 2.4638952676323242 0.63258375012082879
leaf_count=33 538 1185 4162 187 318 63
internal_value=0 0.0160862 -0.0208978 0.0225502 -0.0057167 -0.0230844
internal_weight=43.3805 25.2264 18.1541 19.5467 5.67972 17.1908
internal_count=6486 2228 4258 725 1503 4225
is_linear=0
shrinkage=0.025


Tree=46
num_leaves=7
num_cat=0
split_feature=22 13 26 27 17 19
split_gain=27.6941 7.76913 6.13984 0.679372 0.415939 0.079182
threshold=0.034461727365851409 2.9765458106994633 -0.88257181644439686 0.73578736186027538 1.1830171942710879 0.33767369389534002
decision_type=2 2 2 2 2 2
left_child=3 4 -3 5 -2 -1
right_child=1 2 -4 -5 -6 -7
leaf_value=-0.023632503980810377 -0.012138117718190287 0.024176703883681896 -0.0048780196124736811 0 0.00064574623677982404 -0.0001476155390347046
leaf_weight=15.277491270273456 2.7668175796861791 19.105293395521592 3.3590484323212833 0.70763511618133712 0.30577124259434629 0.69595170841785226
leaf_count=4376 591 415 855 74 15 153
internal_value=-0.000717373 0.0145697 0.0195075 -0.0223714 -0.0104797 -0.0231864
internal_weight=42.218 25.5369 22.4643 16.6811 3.07259 15.9734
internal_count=6479 1876 1270 4603 606 4529
is_linear=0
shrinkage=0.025


Tree=47
num_leaves=7
num_cat=0
split_feature=22 17 13 3 16 22
split_gain=29.8502 5.84962 5.19378 1.75555 0.773671 0.713775
threshold=0.22702625393867495 0.8283260464668275 2.9765458106994633 1.1790798902511599 1.2230110764503481 -0.25572586059570307
decision_type=2 2 2 2 2 2
left_child=1 4 -2 -4 -1 -3
right_child=2 5 3 -5 -6 -7
leaf_value=-0.023301928148019915 -0.005685230353190256 -0.0031361136441499498 -0.0013386985020516122 0.024001381823000975 0 0.0093533063093968662
leaf_weight=17.74758069720702 2.3182729420368586 0.60036523093003813 0.7933827181695986 19.898431478941347 0.43671910092234512 2.4964934019953935
leaf_count=5028 377 168 197 521 85 80
internal_value=0.00116636 -0.0179594 0.0191265 0.0227151 -0.0226251 0.00571871
internal_weight=44.2912 21.2812 23.0101 20.6918 18.1843 3.09686
internal_count=6456 5361 1095 718 5113 248
is_linear=0
shrinkage=0.025


Tree=48
num_leaves=7
num_cat=0
split_feature=21 6 24 27 17 21
split_gain=29.0817 5.05157 3.26411 2.66389 0.910675 0.569372
threshold=0.31240266561508184 3.5511296987533574 -5.1041293144226065 0.25990867614746099 0.8283260464668275 1.8080657720565798
decision_type=2 2 2 2 2 2
left_child=2 3 -1 -2 -4 -3
right_child=1 5 4 -5 -6 -7
leaf_value=0.0043037823919354528 0.023510256100769126 -0.0094770337523852402 -0.023109472523462442 -0.00054831325221855499 0.00029689967760198363 0.0022106726013919552
leaf_weight=1.1958189707947919 18.48682584633935 1.8242332910303951 17.88855888025137 2.4510564742959096 0.40906757168704544 0.6160265877842902
leaf_count=42 394 606 4760 660 51 20
internal_value=0 0.0172523 -0.0199307 0.0208901 -0.0223665 -0.00618369
internal_weight=42.8716 23.3781 19.4934 20.9379 18.2976 2.44026
internal_count=6533 1680 4853 1054 4811 626
is_linear=0
shrinkage=0.025


Tree=49
num_leaves=7
num_cat=0
split_feature=21 24 6 3 21 0
split_gain=27.2658 6.4093 3.19929 1.26771 0.400663 0.0247195
threshold=0.48459631204605108 -4.0352768898010245 3.5511296987533574 1.5268818736076357 1.8080657720565798 0.3149582445621491
decision_type=2 2 2 2 2 2
left_child=1 -1 3 -2 -4 -3
right_child=2 5 4 -5 -6 -7
leaf_value=0.007532398338986686 -0.0010959461674832083 -0.0013415325023837816 -0.0070419464557220264 0.022029591289091689 0.002315688062202208 -0.024106658017175282
leaf_weight=2.2549893657560487 0.55486243017367698 1.2369261089188537 1.2546532017295238 16.604153907304863 0.60410459164995689 17.21028352927533
leaf_count=92 210 154 393 554 20 5019
internal_value=-0.00112612 -0.0190309 0.0180085 0.0209212 -0.00361838 -0.0234583
internal_weight=39.72 20.7022 19.0178 17.159 1.85876 18.4472
internal_count=6442 5265 1177 764 413 5173
is_linear=0
shrinkage=0.025


Tree=50
num_leaves=7
num_cat=0
split_feature=21 19 27 12 27 24
split_gain=26.0591 4.71067 4.50241 2.74939 0.774312 0.69712
threshold=0.35167987644672399 0.64220607280731212 0.22563968598842624 2.8851087093353276 0.73578736186027538 -3.6407675743103023
decision_type=2 2 2 2 2 2
left_child=1 4 3 -2 -1 -4
right_child=2 -3 5 -5 -6 -7
leaf_value=-0.023397018487917167 -0.0039827842514864858 0.0050257536024366153 0.0032097728518270447 0.022923663498908814 0 -0.0086087702448440894
leaf_weight=16.387844888988191 0.72876872157212957 2.3402539911912745 1.1038062606821797 18.056663899245905 0.68617961660493065 2.0120791639201308
leaf_count=4659 193 173 117 530 75 730
internal_value=0 -0.018621 0.0170513 0.0209993 -0.0225495 -0.00425382
internal_weight=41.3156 19.4143 21.9013 18.7854 17.074 3.11589
internal_count=6477 4907 1570 723 4734 847
is_linear=0
shrinkage=0.025


Tree=51
num_leaves=7
num_cat=0
split_feature=21 26 6 22 22 26
split_gain=24.9523 5.87285 3.67252 2.45389 1.10284 0.753837
threshold=0.17968884855508807 -0.88257181644439686 4.1174354553222665 0.86845800280570995 0.78722152113914501 -0.38679364323616022
decision_type=2 2 2 2 2 2
left_child=3 2 -2 5 -3 -1
right_child=1 4 -4 -5 -6 -7
leaf_value=-0.022685612861661389 0.023222870367074509 -0.010085661250279314 -0.0042725268796086546 0.0032107917769898763 0.0043016819127092458 0
leaf_weight=14.818979971576482 19.053177390800563 3.1303526614501598 1.4563519637740672 0.97953500138828609 1.2626429751398971 0.6734655576874492
leaf_count=4089 586 1117 416 43 109 74
internal_value=0.000914102 0.0157073 0.0205707 -0.0196092 -0.00519643 -0.0217884
internal_weight=41.3745 24.9025 20.5095 16.472 4.393 15.4924
internal_count=6434 2228 1002 4206 1226 4163
is_linear=0
shrinkage=0.025


Tree=52
num_leaves=7
num_cat=0
split_feature=21 22 13 23 3 21
split_gain=25.1171 5.90378 2.83296 1.60076 1.24427 0.335728
threshold=0.50397130846977245 0.73978024721145641 3.0641437768936162 -5.3649861812591544 1.1790798902511599 1.8080657720565798
decision_type=2 2 2 2 2 2
left_child=1 3 5 -1 -4 -2
right_child=2 -3 4 -5 -6 -7
leaf_value=0.0010620992676483591 -0.006429946195375358 0.0072679527869978257 -0.0011236163045216009 -0.023792189270107837 0.021556739599040704 0.00208517173502189
leaf_weight=0.78868831205182388 1.14427580253687 2.2615006730193263 0.55784247658448549 17.080542061215965 16.489197514776606 0.61811135598691169
leaf_count=109 373 107 170 5090 550 24
internal_value=-0.000562595 -0.0180623 0.017764 -0.0224295 0.0204446 -0.00318566
internal_weight=38.9402 20.1307 18.8094 17.8692 17.047 1.76239
internal_count=6423 5306 1117 5199 720 397
is_linear=0
shrinkage=0.025


Tree=53
num_leaves=7
num_cat=0
split_feature=22 6 19 21 2 12
split_gain=24.4289 4.52648 2.3732 2.51826 2.21043 0.470895
threshold=0.19372557103633883 4.1174354553222665 0.2447050288319588 0.99673113226890575 1.5855779051780703 3.3113044500350957
decision_type=2 2 2 2 2 2
left_child=2 4 3 -1 -2 -4
right_child=1 -3 5 -5 -6 -7
leaf_value=-0.022297472554693824 -0.0034423215851886002 -0.0072632589789815545 -0.0034557000477295412 0.0023831263322726423 0.021741831212637952 0.006315069036093187
leaf_weight=16.350435419328285 0.56682157749310746 1.462608199333771 0.79960075649432782 1.4096031783847127 19.229585216846317 1.2719724035705438
leaf_count=4957 175 284 231 112 688 85
internal_value=0.000151301 0.0170682 -0.0175168 -0.0199708 0.02022 0.00188307
internal_weight=41.0906 21.259 19.8316 17.76 19.7964 2.07157
internal_count=6532 1147 5385 5069 863 316
is_linear=0
shrinkage=0.025


Tree=54
num_leaves=7
num_cat=0
split_feature=22 13 26 21 5 21
split_gain=23.0037 5.89776 4.71 0.784751 0.765864 0.61805
threshold=0.034461727365851409 2.9765458106994633 -0.88257181644439686 1.8080657720565798 -0.19835704565048215 1.3803803324699404
decision_type=2 2 2 2 2 2
left_child=3 5 -3 4 -1 -2
right_child=1 2 -4 -5 -6 -7
leaf_value=0 -0.010891775699475633 0.022937067039270096 -0.0032539106135852469 0.0004005027360003812 -0.02234493618657481 0.0018878742056301261
leaf_weight=0.68816079586394785 2.4885297818109424 17.896110331086682 3.3975525171845176 0.31311969255330119 13.667517699912421 0.56081990088568989
leaf_count=84 591 406 840 11 4454 24
internal_value=0.000203678 0.0143315 0.0186963 -0.020607 -0.0213732 -0.00805224
internal_weight=39.0118 24.343 21.2937 14.6688 14.3557 3.04935
internal_count=6410 1861 1246 4549 4538 615
is_linear=0
shrinkage=0.025


Tree=55
num_leaves=7
num_cat=0
split_feature=22 17 24 13 23 23
split_gain=24.1076 8.50879 1.91382 1.68015 0.925483 0.576394
threshold=0.49355822801589971 0.5253126621246339 0.45088237524032598 2.5988241434097294 -7.2117302417755118 -6.246882200241088
decision_type=2 2 2 2 2 2
left_child=1 4 -3 -2 -1 -5
right_child=3 2 -4 5 -6 -7
leaf_value=0.00046228302980804358 -0.0024183841586942209 0.011667572440297889 -0.0065444627532866553 0 -0.023877626089242404 0.021865019299877015
leaf_weight=0.30361273023300128 0.51077200711006199 4.6170159041066645 1.3057126349885946 0.34515753414598194 17.087266809685392 14.650157279800622
leaf_count=42 101 227 586 132 5100 297
internal_value=-0.000822925 -0.015814 0.00592249 0.0197717 -0.0231652 0.0212558
internal_weight=38.8197 23.3136 5.92273 15.5061 17.3909 14.9953
internal_count=6485 5955 813 530 5142 429
is_linear=0
shrinkage=0.025


Tree=56
num_leaves=7
num_cat=0
split_feature=21 6 25 26 27 25
split_gain=21.4351 5.112 2.74511 2.02307 0.762406 0.308499
threshold=0.31240266561508184 3.3197416067123418 -4.1643588542938224 -0.79605466127395619 0.73578736186027538 -4.5186681747436515
decision_type=2 2 2 2 2 2
left_child=2 3 -1 -2 -4 -3
right_child=1 5 4 -5 -6 -7
leaf_value=0.0041600563959833187 0.021739703917701799 0.00066557504356935132 -0.020911974276810127 -0.00058139418002199313 0 -0.0087622247135828897
leaf_weight=1.1507251311559255 16.986390110396322 0.59289941692259196 16.025722113554369 1.9722242005518626 0.61443742291885328 2.0887659389118189
leaf_count=43 471 41 4727 527 70 682
internal_value=1.15903e-05 0.0153633 -0.0176614 0.0195201 -0.0200717 -0.0067877
internal_weight=39.4312 21.6403 17.7909 18.9586 16.6402 2.68167
internal_count=6561 1721 4840 998 4797 723
is_linear=0
shrinkage=0.025


Tree=57
num_leaves=7
num_cat=0
split_feature=21 19 22 3 26 3
split_gain=21.8569 3.66632 3.23879 1.82306 0.813721 0.33784
threshold=0.392470732331276 0.64220607280731212 0.037470653653144843 1.0993610024452212 -0.38679364323616022 4.0737838745117196
decision_type=2 2 2 2 2 2
left_child=1 4 -2 -4 -1 -3
right_child=2 5 3 -5 -6 -7
leaf_value=-0.022355188738249834 -0.0044587245864040736 0.0069850802430720949 -0.0030559982082653176 0.020364038209263215 0 -0.0018106400032969151
leaf_weight=15.0279408377246 1.94525802577846 1.5266305487020861 0.47884745133342477 17.429348138102796 0.63806827928056087 0.43172439793124784
leaf_count=4816 566 59 183 674 78 103
internal_value=-0.000107193 -0.0180047 0.0159552 0.0189347 -0.021441 0.0042401
internal_weight=37.4778 17.6244 19.8535 17.9082 15.666 1.95835
internal_count=6479 5056 1423 857 4894 162
is_linear=0
shrinkage=0.025


Tree=58
num_leaves=7
num_cat=0
split_feature=21 19 6 23 27 12
split_gain=21.7971 4.67029 2.74276 1.57461 1.20549 0.455231
threshold=0.50397130846977245 0.64220607280731212 3.7485826015472417 -5.3649861812591544 0.3142485916614533 2.441713929176331
decision_type=2 2 2 2 2 2
left_child=1 3 4 -1 -2 -3
right_child=2 5 -4 -5 -6 -7
leaf_value=0.0016960448368448463 0.021473349361895634 -0.0018655364140015734 -0.0031380958149699483 -0.021728121178773683 0 0.0087653429895871316
leaf_weight=0.67938077775762096 16.02855446503964 0.43525803845841382 1.7777778000454407 16.088143275177572 1.3192406718735572 1.9656669132236855
leaf_count=95 406 107 352 5063 351 70
internal_value=0.000505277 -0.0161949 0.0173895 -0.0203203 0.0200043 0.0060353
internal_weight=38.294 19.1684 19.1256 16.7675 17.3478 2.40092
internal_count=6444 5335 1109 5158 757 177
is_linear=0
shrinkage=0.025


Tree=59
num_leaves=7
num_cat=0
split_feature=21 25 13 12 20 26
split_gain=19.0737 5.21718 2.87712 1.35901 1.029 0.0588639
threshold=0.90474233031272899 -0.14797405153512952 2.9765458106994633 2.8851087093353276 1.539854168891907 -0.84846758842468251
decision_type=2 2 2 2 2 2
left_child=1 2 -1 -2 -3 -5
right_child=3 4 -4 5 -6 -7
leaf_value=-0.0096473274255416824 -0.0019848260784538856 -0.021010178282172894 0.011183531646943586 0.020927121843411525 0 0.00049722246315667205
leaf_weight=2.1948663903749557 0.41234265145612781 14.836203917104283 4.7841153334011324 12.894744014425667 0.94496859583887349 0.97723255131859232
leaf_count=553 80 4839 427 206 184 172
internal_value=0 -0.0133501 0.00281825 0.0190162 -0.0197587 0.0203321
internal_weight=37.0445 22.7602 6.97898 14.2843 15.7812 13.872
internal_count=6461 6003 980 458 5023 378
is_linear=0
shrinkage=0.025


Tree=60
num_leaves=7
num_cat=0
split_feature=21 24 6 26 27 21
split_gain=19.8806 4.57913 4.29468 2.2378 0.828457 0.545435
threshold=0.31240266561508184 -4.7776813507080069 3.352224707603455 -0.84846758842468251 0.73578736186027538 1.8080657720565798
decision_type=2 2 2 2 2 2
left_child=1 -1 3 -2 -3 -4
right_child=2 4 5 -5 -6 -7
leaf_value=0.006640613703694633 0.021647661539700415 -0.021936519141566888 -0.0091605541200999521 -0.00059038845779737018 0 0.0022223600589158106
leaf_weight=1.7544781971955696 16.307107463973814 14.446789095090931 1.812700610578758 2.3396670250513116 0.61639549199026156 0.58973802247783158
leaf_count=47 376 4682 658 646 72 19
internal_value=0.000568951 -0.0169606 0.0153817 0.0190582 -0.0209909 -0.00590828
internal_weight=37.8669 16.8177 21.0492 18.6468 15.0632 2.40244
internal_count=6500 4801 1699 1022 4754 677
is_linear=0
shrinkage=0.025


Tree=61
num_leaves=7
num_cat=0
split_feature=22 13 26 27 18 22
split_gain=18.758 5.60464 3.98515 0.742215 0.741311 0.264168
threshold=0.034461727365851409 2.9765458106994633 -0.88257181644439686 0.73578736186027538 0.53752049803733837 1.7221329808235171
decision_type=2 2 2 2 2 2
left_child=3 5 -3 4 -1 -2
right_child=1 2 -4 -5 -6 -7
leaf_value=-0.020782239951090558 -0.010302695716124006 0.021792375110290651 -0.0024005155806172511 0 0.0003109485421944481 0.00022380847026482964
leaf_weight=13.036808761447896 2.3277644836634894 16.459687019232668 3.6054281135729935 0.58387255150592032 0.33846123199327927 0.23244769487064321
leaf_count=4435 586 419 854 69 63 4
internal_value=0 0.0132641 0.0175842 -0.0190266 -0.019969 -0.00900433
internal_weight=36.5845 22.6253 20.0651 13.9591 13.3753 2.56021
internal_count=6430 1863 1273 4567 4498 590
is_linear=0
shrinkage=0.025


Tree=62
num_leaves=7
num_cat=0
split_feature=22 13 26 5 21 22
split_gain=18.3419 5.8134 4.12318 0.712948 0.733451 0.270147
threshold=0.034461727365851409 2.9765458106994633 -0.88257181644439686 -0.19835704565048215 1.8080657720565798 1.7221329808235171
decision_type=2 2 2 2 2 2
left_child=3 5 -3 -1 -5 -2
right_child=1 2 -4 4 -6 -7
leaf_value=0 -0.010494660342675101 0.021879247553043921 -0.0025812526323717765 -0.020459682125583703 0.00038154308667538305 0.00022356061252494795
leaf_weight=0.63181442499626328 2.388088841456923 16.999706706206787 3.6012402794440233 12.577504904678786 0.31291013309964988 0.23243058047955845
leaf_count=80 604 433 858 4490 12 4
internal_value=0.000586954 0.0133416 0.0176902 -0.0186677 -0.0196392 -0.00920091
internal_weight=36.7437 23.2215 20.6009 13.5222 12.8904 2.62052
internal_count=6481 1899 1291 4582 4502 608
is_linear=0
shrinkage=0.025


Tree=63
num_leaves=7
num_cat=0
split_feature=21 24 13 17 2 21
split_gain=20.0457 3.8612 2.6399 1.67158 1.05926 0.324042
threshold=0.48459631204605108 -4.0352768898010245 3.0641437768936162 0.8283260464668275 1.5855779051780703 1.8080657720565798
decision_type=2 2 2 2 2 2
left_child=1 -1 5 -3 -4 -2
right_child=2 3 4 -5 -6 -7
leaf_value=0.0053588636700303135 -0.0064910076807322102 -0.022324382498192089 -0.001487738643641697 0.0019330964779463113 0.019725216132171142 0.0019087995241207551
leaf_weight=1.686500124400484 1.1993863243842522 15.164834164024793 0.28858634043717657 0.61368096846854392 15.458965735742821 0.6272723470465279
leaf_count=82 382 5125 122 77 634 23
internal_value=-0.00061922 -0.0174041 0.0159448 -0.020842 0.0187704 -0.00340561
internal_weight=35.0392 17.465 17.5742 15.7785 15.7476 1.82666
internal_count=6445 5284 1161 5202 756 405
is_linear=0
shrinkage=0.025


Tree=64
num_leaves=7
num_cat=0
split_feature=21 27 13 19 27 19
split_gain=17.0185 4.55607 2.78873 1.44355 0.771357 0.565993
threshold=0.17968884855508807 0.22563968598842624 2.2157694101333623 0.72340375185012828 0.73578736186027538 0.56665897369384777
decision_type=2 2 2 2 2 2
left_child=3 2 -2 4 -1 -3
right_child=1 5 -4 -5 -6 -7
leaf_value=-0.02052172913976302 -0.004476757268553319 -0.0079255542110640894 0.020747443443519895 0.0011031145034818095 0 0.0027356792064033462
leaf_weight=12.18041231698589 0.90435354202055052 3.3430269841046529 16.003023972385563 1.1967478704755183 0.60196908051148135 0.76646211210754689
leaf_count=4014 246 1172 728 117 66 61
internal_value=0.000325663 0.0135577 0.0183991 -0.0175695 -0.0194878 -0.00484088
internal_weight=34.996 21.0169 16.9074 13.9791 12.7824 4.10949
internal_count=6404 2207 974 4197 4080 1233
is_linear=0
shrinkage=0.025


Tree=65
num_leaves=7
num_cat=0
split_feature=22 13 17 27 13 27
split_gain=17.4961 4.42308 1.70596 1.55585 0.854983 0.800548
threshold=0.19372557103633883 2.9765458106994633 0.5253126621246339 0.21408128738403323 3.560726642608643 0.73578736186027538
decision_type=2 2 2 2 2 2
left_child=2 -2 5 -3 -4 -1
right_child=1 3 4 -5 -6 -7
leaf_value=-0.020724284526571893 -0.0071184475372302498 0.020692299313322483 -0.0066699078369582268 -0.00026505007429016947 0.0060490232239523425 3.6547924862309608e-05
leaf_weight=12.604738142690621 1.9982519045588585 14.447923919971801 1.303603426611516 1.7004407038912166 1.9397851357352918 0.58638626869651567
leaf_count=4513 417 294 500 451 217 71
internal_value=-0.000350605 0.0146168 -0.0167234 0.018649 0 -0.0197014
internal_weight=34.5811 18.1466 16.4345 16.1484 3.24339 13.1911
internal_count=6463 1162 5301 745 717 4584
is_linear=0
shrinkage=0.025


Tree=66
num_leaves=7
num_cat=0
split_feature=18 19 13 27 6 12
split_gain=15.948 2.96672 2.58899 1.54468 1.41947 0.880803
threshold=0.14512630552053454 0.2447050288319588 2.2157694101333623 0.25990867614746099 2.7626109123229985 5.915407896041871
decision_type=2 2 2 2 2 2
left_child=1 5 -2 -4 -3 -1
right_child=2 4 3 -5 -6 -7
leaf_value=-0.020263837791187306 -0.0049673007416872177 0.0091049961344376248 0.019890052392309683 0 -0.0068515520496896702 0
leaf_weight=12.132770138618072 1.0289374889107445 2.4247549265273842 14.584249703271782 2.1697202479699618 1.4765583236876407 1.3948067880701263
leaf_count=4301 243 123 585 501 480 272
internal_value=0.000454505 -0.0144185 0.015271 0.0176572 0.00190735 -0.0187082
internal_weight=35.2118 17.4289 17.7829 16.754 3.90131 13.5276
internal_count=6505 5176 1329 1086 603 4573
is_linear=0
shrinkage=0.025


Tree=67
num_leaves=7
num_cat=0
split_feature=21 26 13 19 27 19
split_gain=14.7454 4.35587 2.61823 1.33542 0.789174 0.627684
threshold=0.17968884855508807 -0.88257181644439686 2.2157694101333623 0.72340375185012828 0.73578736186027538 0.64220607280731212
decision_type=2 2 2 2 2 2
left_child=3 2 -2 4 -1 -3
right_child=1 5 -4 -5 -6 -7
leaf_value=-0.020024080558108545 -0.0044691396009226333 -0.0083291990529036249 0.019672996910528488 0.00099144381922138913 0.00015637029344895645 0.0029432995492729773
leaf_weight=11.627220723603383 0.91296009294456482 3.4537187453825018 15.328141667821908 1.184639902145135 0.56819716302561651 0.72651971265440796
leaf_count=3964 259 1203 745 106 65 43
internal_value=0 0.0123393 0.0172891 -0.0170534 -0.0189483 -0.00515323
internal_weight=33.8014 20.4213 16.2411 13.3801 12.1954 4.18024
internal_count=6385 2250 1004 4135 4029 1246
is_linear=0
shrinkage=0.025


Tree=68
num_leaves=7
num_cat=0
split_feature=22 6 17 13 2 27
split_gain=16.4096 3.13845 2.73441 1.06426 0.807376 0.730798
threshold=0.21849723905324939 4.1174354553222665 0.5253126621246339 3.560726642608643 1.5855779051780703 0.73578736186027538
decision_type=2 2 2 2 2 2
left_child=2 4 5 -4 -2 -1
right_child=1 -3 3 -5 -6 -7
leaf_value=-0.020408228938521213 -0.00019921841442122748 -0.0057452764763662525 -0.006303724790465791 0.0076058840439673613 0.01926445862434149 0
leaf_weight=12.038223175477469 0.64352836710168659 1.2055734580499109 1.2374889631464605 2.4624042263603769 15.414672226674154 0.62750421714736226
leaf_count=4542 133 266 491 236 650 76
internal_value=0.000328977 0.0154511 -0.0152133 0.00128608 0.0183256 -0.0193868
internal_weight=33.6294 17.2638 16.3656 3.69989 16.0582 12.6657
internal_count=6394 1049 5345 727 783 4618
is_linear=0
shrinkage=0.025


Tree=69
num_leaves=7
num_cat=0
split_feature=22 6 26 26 5 27
split_gain=15.3996 2.99616 2.67903 0.825934 0.661101 0.523826
threshold=0.23436425626277926 4.1174354553222665 -1.0290328264236448 -0.85247987508773793 4.0129206180572519 0.73578736186027538
decision_type=2 2 2 2 2 2
left_child=2 3 4 -2 -1 -4
right_child=1 -3 5 -5 -6 -7
leaf_value=0.0070347209412216982 0.01969248280810304 -0.0056013019814689889 -0.018941290001460477 0 -0.0041741509830662792 0
leaf_weight=2.1169472111214449 13.504113092581974 1.1711436927726016 13.402820626710305 1.9006027309224016 0.99659701934433531 0.71157650466193523
leaf_count=119 362 262 4886 397 346 90
internal_value=6.90993e-06 0.0151934 -0.0144545 0.0180658 0.00231527 -0.0181187
internal_weight=33.8038 16.5759 17.2279 15.4047 3.11354 14.1144
internal_count=6462 1021 5441 759 465 4976
is_linear=0
shrinkage=0.025


Tree=70
num_leaves=7
num_cat=0
split_feature=22 5 21 26 19 11
split_gain=16.2896 2.62327 1.49916 0.962352 0.777585 0.17756
threshold=0.21849723905324939 4.5054733753204355 0.99673113226890575 -0.79605466127395619 0.2447050288319588 4.0162553787231454
decision_type=2 2 2 2 2 2
left_child=2 3 4 -2 -1 -4
right_child=1 -3 5 -5 -6 -7
leaf_value=-0.019697256170067085 0.018985774793867524 -0.0045460250500215264 -0.00181946290488931 0 0 0.0042249950380680535
leaf_weight=12.871058611781335 13.786700340191601 1.4159855702309858 0.39714796538464614 1.3191832681186504 1.4624045988894057 0.93145666050259024
leaf_count=4952 481 251 107 339 333 9
internal_value=-0.000397212 0.0147202 -0.01635 0.0175184 -0.0182619 0.00142061
internal_weight=32.1839 16.5219 15.6621 15.1059 14.3335 1.3286
internal_count=6472 1071 5401 820 5285 116
is_linear=0
shrinkage=0.025


Tree=71
num_leaves=6
num_cat=0
split_feature=21 26 6 24 19
split_gain=16.1846 4.65599 2.47049 1.89199 0.405816
threshold=0.23607862740755084 -0.88257181644439686 3.5511296987533574 -5.4789879322051993 0.64220607280731212
decision_type=2 2 2 2 2
left_child=3 2 -2 -1 -3
right_child=1 4 -4 -5 -6
leaf_value=0.0025770651105871799 0.020353733372140116 -0.0084729820643835042 -0.0025546579803409739 -0.020476256639748364 0.0015164720896940148
leaf_weight=0.84076041780644928 14.393974478560272 2.994015383534133 1.7103012579027552 12.435083932068663 0.4928829596901777
leaf_count=23 382 1064 528 4421 35
internal_value=-0.00046239 0.0126852 0.0175958 -0.0183687 -0.00626299
internal_weight=32.867 19.5912 16.1043 13.2758 3.4869
internal_count=6453 2009 910 4444 1099
is_linear=0
shrinkage=0.025


Tree=72
num_leaves=7
num_cat=0
split_feature=21 24 6 3 26 21
split_gain=16.2039 2.33927 2.2976 1.13869 0.719954 0.326935
threshold=0.48459631204605108 -5.1041293144226065 3.5511296987533574 1.0993610024452212 -0.38679364323616022 1.8080657720565798
decision_type=2 2 2 2 2 2
left_child=1 -1 3 -2 -3 -4
right_child=2 4 5 -5 -6 -7
leaf_value=0.0036932484681433822 -0.0014238361806451414 -0.019556031499191898 -0.0062965254594423746 0.019031662334071487 0 0.0020901136509687288
leaf_weight=1.2171152234950593 0.53165517520392569 13.491549873811891 1.18369439212256 14.199112327391047 0.61096558475400975 0.58523210108978663
leaf_count=44 158 5092 386 596 85 19
internal_value=0 -0.0160658 0.0150701 0.0178029 -0.0186186 -0.00310419
internal_weight=31.8193 15.3196 16.4997 14.7308 14.1025 1.76893
internal_count=6380 5221 1159 754 5177 405
is_linear=0
shrinkage=0.025


Tree=73
num_leaves=7
num_cat=0
split_feature=21 6 19 26 27 18
split_gain=13.8958 3.08551 1.87789 1.69693 0.766432 0.617366
threshold=0.31240266561508184 3.0469113588333134 0.64220607280731212 -0.84846758842468251 0.73578736186027538 0.53752049803733837
decision_type=2 2 2 2 2 2
left_child=2 3 4 -2 -1 -3
right_child=1 5 -4 -5 -6 -7
leaf_value=-0.019881230284682111 0.019355613430351887 -0.0084637502423249907 0.0019938577351970399 -0.0003907997705784822 8.1725907835376976e-05 0.0027057741821109693
leaf_weight=11.782140815601451 12.435730232507922 1.67224900831934 1.5371233275509428 2.2693389747873889 0.58625823300099078 1.2962180043396072
leaf_count=4569 282 605 167 606 69 173
internal_value=-0.000340541 0.012744 -0.0162735 0.0166652 -0.018824 -0.00416468
internal_weight=31.5791 17.6735 13.9055 14.7051 12.3684 2.96847
internal_count=6471 1666 4805 888 4638 778
is_linear=0
shrinkage=0.025


Tree=74
num_leaves=6
num_cat=0
split_feature=21 24 13 17 26
split_gain=13.5616 4.59886 1.61182 0.853207 0.412071
threshold=0.67015793919563305 -4.0352768898010245 2.2157694101333623 0.56638926267623912 -0.80571988224983204
decision_type=2 2 2 2 2
left_child=1 -1 -2 -3 -4
right_child=2 3 4 -5 -6
leaf_value=0.0071027978920019151 -0.0031856629997275131 -0.019978436506699976 0.018183953973920412 0 0
leaf_weight=2.3810719891334928 0.63116160337813099 13.197529789817052 11.535475172946461 1.5498568887414883 1.1183405278716225
leaf_count=104 140 5115 358 447 269
internal_value=-0.000580079 -0.0138229 0.0152632 -0.018461 0.0171791
internal_weight=30.4134 17.1285 13.285 14.7474 12.6538
internal_count=6433 5666 767 5562 627
is_linear=0
shrinkage=0.025


Tree=75
num_leaves=7
num_cat=0
split_feature=22 13 17 26 27 26
split_gain=15.3053 3.77885 2.55117 1.20518 0.708966 0.34619
threshold=0.21849723905324939 2.9765458106994633 0.95683845877647411 -0.79605466127395619 0.73578736186027538 -1.0007800459861753
decision_type=2 2 2 2 2 2
left_child=2 -2 4 -3 -1 -4
right_child=1 3 5 -5 -6 -7
leaf_value=-0.020479946901152974 -0.0064255511369568294 0.019607059628241871 0.0059378936153069752 -0.0006896484137981706 0 -0.0025277279743076073
leaf_weight=12.157798083586385 1.8092481536732545 13.702862336242106 1.5634711234306453 1.0120837371505302 0.65214075637050051 0.49838338635163282
leaf_count=5165 369 394 59 298 85 110
internal_value=-0.00025212 0.0142309 -0.0161905 0.0180732 -0.0194728 0.0026657
internal_weight=31.396 16.5242 14.8718 14.7149 12.8099 2.06185
internal_count=6480 1061 5419 692 5250 169
is_linear=0
shrinkage=0.025


Tree=76
num_leaves=7
num_cat=0
split_feature=27 6 24 22 21 21
split_gain=13.208 6.42008 1.91469 1.10098 0.820085 0.0978075
threshold=0.17022031545639041 3.3197416067123418 -3.8062452077865596 0.034461727365851409 1.8080657720565798 0.99673113226890575
decision_type=2 2 2 2 2 2
left_child=1 3 -2 -1 -3 -4
right_child=2 4 5 -5 -6 -7
leaf_value=-0.00065491835062834948 0.0022300226851147964 -0.011854154241285674 -0.020156809503270288 0.02012656978776256 0.0025687660032902683 0
leaf_weight=0.78541806770954892 1.2542968145571673 3.1790883950015991 10.967413347709218 12.453837301844031 0.52004861354362208 0.67886008322239
leaf_count=269 142 1336 4348 197 10 110
internal_value=-0.00120994 0.0117816 -0.0171432 0.0187095 -0.00879702 -0.0196483
internal_weight=29.839 16.9384 12.9006 13.2393 3.69914 11.6463
internal_count=6412 1812 4600 466 1346 4458
is_linear=0
shrinkage=0.025


Tree=77
num_leaves=7
num_cat=0
split_feature=22 13 2 21 13 16
split_gain=13.6562 3.30175 1.45146 1.05979 0.879898 0.434892
threshold=0.12004828453063966 2.9765458106994633 1.5855779051780703 0.99673113226890575 5.4658324718475351 -1.4987025260925291
decision_type=2 2 2 2 2 2
left_child=3 5 -3 4 -1 -2
right_child=1 2 -4 -5 -6 -7
leaf_value=-0.01901724092812028 0.0019470378063726115 -0.0017766646814746407 0.018524694525123453 0.0010117355650592114 0 -0.0082352744559552205
leaf_weight=11.144297799910417 0.47630167729221318 0.94269946429994789 14.366505019803297 0.90506504353834394 1.3453756596718456 1.7811013876344102
leaf_count=4686 8 228 681 81 334 466
internal_value=0 0.0131508 0.0168372 -0.0158693 -0.0173894 -0.00536441
internal_weight=30.9613 17.5666 15.3092 13.3947 12.4897 2.2574
internal_count=6484 1383 909 5101 5020 474
is_linear=0
shrinkage=0.025


Tree=78
num_leaves=7
num_cat=0
split_feature=22 17 24 7 6 20
split_gain=11.8438 6.84096 1.28588 0.927737 0.624378 0.166705
threshold=0.5755479931831361 0.66432902216911327 0.48375563323497778 5.0761897563934335 3.5817940235137944 1.4756217002868655
decision_type=2 2 2 2 2 2
left_child=1 3 -3 -1 5 -2
right_child=4 2 -4 -5 -6 -7
leaf_value=-0.021214104722773956 0.017708279742972035 0.011522248382301273 -0.0044397086234867654 0 -0.00014465394584389494 0
leaf_weight=12.191791593679232 9.3576916306337754 4.2246281683037514 0.90933352857246053 1.4228460075973988 0.56692819544696327 0.62370741410995911
leaf_count=5190 209 147 392 275 124 122
internal_value=-0.000847444 -0.0119986 0.00728271 -0.0196084 0.0160555 0.017134
internal_weight=29.2969 18.7486 5.13396 13.6146 10.5483 9.9814
internal_count=6459 6004 539 5465 455 331
is_linear=0
shrinkage=0.025


Tree=79
num_leaves=7
num_cat=0
split_feature=22 17 24 13 7 23
split_gain=11.4706 6.39975 1.64826 1.35231 0.778435 0.522837
threshold=0.49355822801589971 0.5253126621246339 0.45088237524032598 2.5988241434097294 5.0761897563934335 -6.246882200241088
decision_type=2 2 2 2 2 2
left_child=1 4 -3 -2 -1 -5
right_child=3 2 -4 5 -6 -7
leaf_value=-0.0204172638782728 -0.0024336173345582759 0.01189745603787133 -0.0054967928881063397 0 0 0.018419431252246803
leaf_weight=11.285033120977465 0.52677075754036096 4.4654538668983141 1.1531294388987587 0.32882218706072208 1.4733097284333769 11.253015627473358
leaf_count=4791 114 214 588 131 288 314
internal_value=0.000326689 -0.0109401 0.00683164 0.0159912 -0.0188383 0.0176873
internal_weight=30.4855 18.3769 5.61858 12.1086 12.7583 11.5818
internal_count=6440 5881 802 559 5079 445
is_linear=0
shrinkage=0.025


Tree=80
num_leaves=7
num_cat=0
split_feature=21 13 2 24 6 21
split_gain=11.7071 3.11449 1.74286 1.05634 0.626847 0.500682
threshold=0.17968884855508807 2.9765458106994633 1.5855779051780703 -4.7776813507080069 0.10052521899342538 1.8080657720565798
decision_type=2 2 2 2 2 2
left_child=3 5 -3 -1 -5 -2
right_child=1 2 -4 4 -6 -7
leaf_value=0.0013478480387297568 -0.0086444951871351011 -0.0027186074229727693 0.017362736025379369 0 -0.018607814770057331 0.0021749366713333267
leaf_weight=0.66752964502666401 1.8791652056097548 1.1122142831154622 14.758741344005101 0.68648717695032146 9.9223787304363196 0.55835263954941172
leaf_count=35 743 310 1157 145 4018 18
internal_value=0.000215444 0.0117048 0.0153419 -0.01592 -0.0174906 -0.00552978
internal_weight=29.5849 18.3085 15.871 11.2764 10.6089 2.43752
internal_count=6426 2228 1467 4198 4163 761
is_linear=0
shrinkage=0.025


Tree=81
num_leaves=7
num_cat=0
split_feature=22 6 26 22 21 19
split_gain=12.6389 4.14039 2.67804 0.403696 0.270115 0.13968
threshold=0.034461727365851409 3.1933562755584721 -0.84846758842468251 0.96658754348754894 1.3024011850357058 0.33767369389534002
decision_type=2 2 2 2 2 2
left_child=4 2 -2 -3 5 -1
right_child=1 3 -4 -5 -6 -7
leaf_value=-0.018684062944255616 0.019330043994971621 -0.009493081869392123 -0.002203784443803607 0.00096487116141341558 0 0
leaf_weight=9.6822123564197664 13.353973396908263 2.1353236086142711 2.6999004387762406 0.76164590020198364 0.32693119643954638 0.52510741259902793
leaf_count=4392 358 736 733 36 33 157
internal_value=0 0.0112475 0.0157484 -0.00708208 -0.0177048 -0.0182016
internal_weight=29.4851 18.9508 16.0539 2.89697 10.5343 10.2073
internal_count=6445 1863 1091 772 4582 4549
is_linear=0
shrinkage=0.025


Tree=82
num_leaves=7
num_cat=0
split_feature=22 13 26 5 21 21
split_gain=12.3298 3.74241 2.67037 0.723793 0.592625 0.447102
threshold=0.034461727365851409 2.9765458106994633 -0.88257181644439686 -0.19835704565048215 1.8080657720565798 1.3803803324699404
decision_type=2 2 2 2 2 2
left_child=3 5 -3 -1 -5 -2
right_child=1 2 -4 4 -6 -7
leaf_value=0.00030713530655831751 -0.0091422268654973854 0.019385279403545265 -0.0016405118101614669 -0.01890887013627247 0.00014830948624315837 0.0015836090799472291
leaf_weight=0.57076451432658615 2.1270111833291625 13.312617899006003 3.1699383197701509 9.8344065561250282 0.32291956321569237 0.50506376265548159
leaf_count=85 593 399 859 4516 15 23
internal_value=0.000205265 0.0115657 0.01561 -0.0168807 -0.0180416 -0.00657605
internal_weight=29.8427 19.1146 16.4826 10.7281 10.1573 2.63207
internal_count=6490 1874 1258 4616 4531 616
is_linear=0
shrinkage=0.025


Tree=83
num_leaves=6
num_cat=0
split_feature=22 6 2 27 27
split_gain=12.8721 2.49462 1.43817 1.37055 0.111266
threshold=0.19372557103633883 4.1174354553222665 1.5855779051780703 0.067776922136545195 0.064010925590991988
decision_type=2 2 2 2 2
left_child=3 2 -2 4 -1
right_child=1 -3 -4 -5 -6
leaf_value=-0.0014681816089646457 -0.0027639127506784954 -0.0053666183447144689 0.01759423124108175 -0.018279640619661995 0.0031731658877308493
leaf_weight=1.2618652878154559 0.48760422552004357 1.1405461614194781 13.395935407024806 11.334469834633635 0.65591583505738515
leaf_count=381 162 278 686 4896 19
internal_value=-0.000617361 0.0131362 0.0160057 -0.0158794 0.000361908
internal_weight=28.2763 15.0241 13.8835 13.2523 1.91778
internal_count=6422 1126 848 5296 400
is_linear=0
shrinkage=0.025


Tree=84
num_leaves=7
num_cat=0
split_feature=22 17 13 23 12 25
split_gain=10.4679 4.4691 1.91579 0.914297 0.711898 0.516324
threshold=0.39579261839389807 0.80816626548767101 2.9765458106994633 -5.3649861812591544 3.0049713850021367 0.36954440176486975
decision_type=2 2 2 2 2 2
left_child=1 3 -2 -1 -3 -4
right_child=2 4 5 -5 -6 -7
leaf_value=0.00049544184339253973 -0.003895004158643774 -0.0029180818951785241 0.018018262287335531 -0.018558721582267762 0.0096222143833229849 0
leaf_weight=0.76054724940331908 0.78709877640358072 0.61260579337249454 10.52484516415279 12.301194722094808 2.947476985224057 0.60114538366906423
leaf_count=123 211 158 284 5372 140 171
internal_value=0 -0.0116498 0.0146057 -0.0172732 0.00629016 0.0171039
internal_weight=28.5349 16.6218 11.9131 13.0617 3.56008 11.126
internal_count=6459 5793 666 5495 298 455
is_linear=0
shrinkage=0.025


Tree=85
num_leaves=7
num_cat=0
split_feature=21 19 13 13 20 2
split_gain=10.0264 5.44878 1.68485 1.00854 0.726748 0.222635
threshold=0.90474233031272899 0.2447050288319588 2.9765458106994633 2.2157694101333623 1.539854168891907 1.5855779051780703
decision_type=2 2 2 2 2 2
left_child=1 4 -3 -2 -1 -5
right_child=3 2 -4 5 -6 -7
leaf_value=-0.018752801836553794 -0.0016813179591141448 -0.0057290815744557291 0.011662227694431392 0 0 0.017572086022974047
leaf_weight=11.59849335701438 0.39430215873289753 1.2673993284697633 4.2467833293485455 0.062204606307203814 0.74643725930946025 10.006634159770327
leaf_count=5122 89 377 336 26 138 323
internal_value=0.00015151 -0.0102203 0.00624696 0.0158394 -0.0176166 0.0172705
internal_weight=28.3223 17.8591 5.51418 10.4631 12.3449 10.0688
internal_count=6411 5973 713 438 5260 349
is_linear=0
shrinkage=0.025


Tree=86
num_leaves=7
num_cat=0
split_feature=22 13 26 3 27 5
split_gain=11.551 2.43715 1.40675 0.920789 0.637155 0.312804
threshold=0.19372557103633883 2.9765458106994633 -1.0318367481231687 1.0993610024452212 0.73578736186027538 4.0321078300476083
decision_type=2 2 2 2 2 2
left_child=2 -2 5 -3 -4 -1
right_child=1 3 4 -5 -6 -7
leaf_value=0.0046892715625755661 -0.0038938443866557513 -0.00047037010442231309 -0.017588564678896457 0.017961791874769251 6.1175846447487266e-05 -0.0031621420812252762
leaf_weight=1.4368515789101359 1.8935574987845019 0.87901385960867529 10.537901340198005 12.61747818707954 0.59598305431427512 0.81872422751621332
leaf_count=101 394 203 4822 541 84 335
internal_value=0.000389917 0.0134543 -0.0138619 0.0166208 -0.0165302 0.000762794
internal_weight=28.7795 15.39 13.3895 13.4965 11.1339 2.25558
internal_count=6480 1138 5342 744 4906 436
is_linear=0
shrinkage=0.025


Tree=87
num_leaves=7
num_cat=0
split_feature=21 24 6 5 26 2
split_gain=10.1591 2.45682 1.99059 1.11341 0.919799 0.108788
threshold=0.48459631204605108 -4.0352768898010245 3.7485826015472417 -0.19835704565048215 -0.79605466127395619 4.0085339546203622
decision_type=2 2 2 2 2 2
left_child=1 -1 4 -3 -2 -4
right_child=2 3 5 -5 -6 -7
leaf_value=0.0042893622477137043 0.017081721140935459 0.00074063720729283919 6.5426615068074428e-05 -0.018414743354657596 -0.00013304304794188457 -0.0052610039011212742
leaf_weight=1.6662428838026251 11.383937225298721 1.0321454281220201 0.35216921637765963 10.90872533689253 1.3074963485705655 1.0133557886583728
leaf_count=89 422 160 52 4997 386 307
internal_value=0 -0.0132956 0.012672 -0.0166602 0.0154186 -0.00393308
internal_weight=27.6641 13.6071 14.057 11.9409 12.6914 1.36553
internal_count=6413 5246 1167 5157 808 359
is_linear=0
shrinkage=0.025


Tree=88
num_leaves=7
num_cat=0
split_feature=27 5 22 24 19 6
split_gain=10.7478 4.65799 1.85817 1.46423 0.329577 0.192724
threshold=0.16833519190549853 4.0479609966278085 0.73978024721145641 0.45088237524032598 0.56665897369384777 3.5511296987533574
decision_type=2 2 2 2 2 2
left_child=1 3 4 -1 -2 -3
right_child=2 5 -4 -5 -6 -7
leaf_value=0.018741804938043061 -0.01897200529119052 0 0.0025164745168558995 -0.002291298439286923 0 -0.0091406132485464791
leaf_weight=12.052080335532082 9.9249904802563798 0.22550419915933106 1.2970294847618777 0.63184247048047915 0.40785070986021388 2.3358126168750459
leaf_count=414 4471 10 149 450 57 928
internal_value=-0.000625458 0.0115168 -0.0155953 0.016989 -0.0183556 -0.00807025
internal_weight=26.8751 15.2452 11.6299 12.6839 10.3328 2.56132
internal_count=6479 1802 4677 864 4528 938
is_linear=0
shrinkage=0.025


Tree=89
num_leaves=7
num_cat=0
split_feature=21 19 13 27 12 3
split_gain=9.32423 6.70573 1.80932 0.840202 0.825526 0.21073
threshold=0.88141730427742015 0.2447050288319588 2.9765458106994633 0.73578736186027538 2.8851087093353276 1.0993610024452212
decision_type=2 2 2 2 2 2
left_child=1 3 -3 -1 -2 -6
right_child=4 2 -4 -5 5 -7
leaf_value=-0.019863737645344819 -0.00078063112064540073 -0.0054846299273244511 0.012798006177660654 0.00037908928906696876 0 0.017199350074233167
leaf_weight=10.564896937212328 0.64919321626075444 1.2231488138204429 4.5924016739299987 0.5458643073798165 0.23984723025932808 10.012681995984165
leaf_count=5147 92 390 326 82 59 309
internal_value=0.000830749 -0.00967754 0.00761699 -0.0186723 0.0154521 0.0168087
internal_weight=27.828 16.9263 5.81555 11.1108 10.9017 10.2525
internal_count=6405 5945 716 5229 460 368
is_linear=0
shrinkage=0.025


Tree=90
num_leaves=7
num_cat=0
split_feature=21 19 13 13 7 6
split_gain=8.60806 5.19821 1.61498 0.94447 0.877378 0.241643
threshold=0.90474233031272899 0.2447050288319588 2.9765458106994633 2.2157694101333623 5.0761897563934335 -0.64345058798789967
decision_type=2 2 2 2 2 2
left_child=1 4 -3 -2 -1 -5
right_child=3 2 -4 5 -6 -7
leaf_value=-0.018632653408086744 -0.0016618780796275518 -0.0054980199270293195 0.011590402979352127 0 0 0.016891541370029472
leaf_weight=10.431413089580024 0.39320656633935769 1.2450435116770666 4.2839100059645716 0.24260872812010248 1.2759858495410288 9.449353363044791
leaf_count=5057 92 387 324 66 264 294
internal_value=0.000306713 -0.00945237 0.0063652 0.0150048 -0.0169658 0.0164418
internal_weight=27.3215 17.2364 5.52895 10.0852 11.7074 9.69196
internal_count=6484 6032 711 452 5321 360
is_linear=0
shrinkage=0.025


Tree=91
num_leaves=6
num_cat=0
split_feature=21 24 13 17 27
split_gain=8.73065 1.88818 1.5706 1.07026 1.01819
threshold=0.48459631204605108 -4.7776813507080069 2.2157694101333623 0.8283260464668275 0.3142485916614533
decision_type=2 2 2 2 2
left_child=1 -1 -2 -3 -4
right_child=2 3 4 -5 -6
leaf_value=0.0036916549443446588 -0.0039233740099582116 -0.016878431229365685 0.015976221528621277 0.0015789571189020971 -0.00074553904375837033
leaf_weight=1.3734733712044533 0.80656657068175164 11.139772852489841 11.189227249327812 0.64379400227335359 1.3396440169017285
leaf_count=57 207 5187 573 88 391
internal_value=-8.22157e-05 -0.0125281 0.0119242 -0.0153277 0.014129
internal_weight=26.4925 13.157 13.3354 11.7836 12.5289
internal_count=6503 5332 1171 5275 964
is_linear=0
shrinkage=0.025


Tree=92
num_leaves=7
num_cat=0
split_feature=18 17 13 26 13 27
split_gain=9.04228 1.74356 1.50686 0.987125 0.980834 0.689834
threshold=0.14512630552053454 0.56638926267623912 2.2157694101333623 -0.89381760358810414 4.1066613197326669 0.73578736186027538
decision_type=2 2 2 2 2 2
left_child=1 5 -2 -4 -3 -1
right_child=2 4 3 -5 -6 -7
leaf_value=-0.01674367977281728 -0.0034552429771326216 -0.0059870515731180983 0.01704486707541231 0 0.0075029947209671105 0.0005038603317422171
leaf_weight=9.4914015079848468 0.78821573052846261 1.1971582880069029 10.822587673334054 2.3915330785239339 2.1773323138768319 0.52964477997738946
leaf_count=4465 242 478 493 610 148 75
internal_value=0.000613859 -0.0117884 0.0127875 0.014782 0.00125366 -0.0155517
internal_weight=27.3979 13.3955 14.0023 13.2141 3.37449 10.021
internal_count=6511 5166 1345 1103 626 4540
is_linear=0
shrinkage=0.025


Tree=93
num_leaves=7
num_cat=0
split_feature=21 19 13 6 26 23
split_gain=8.53544 4.50997 1.37928 1.03444 0.863556 0.293786
threshold=0.90474233031272899 0.2447050288319588 2.9765458106994633 3.7696975469589238 -0.38679364323616022 -6.246882200241088
decision_type=2 2 2 2 2 2
left_child=1 4 -3 5 -1 -2
right_child=3 2 -4 -5 -6 -7
leaf_value=-0.019321789297599989 0 -0.0055551684105425193 0.010085852476714991 -0.0021034622920829723 0.00061029554873650357 0.016311107202235896
leaf_weight=10.217430406002675 0.47963606411940318 1.2593269741046231 3.8077057801128831 0.45654983207350675 0.50970314265578309 8.5530956673028378
leaf_count=5147 123 388 327 118 86 205
internal_value=-0.000749252 -0.0110778 0.00474932 0.0139009 -0.0180844 0.0156165
internal_weight=25.2834 15.7942 5.06703 9.48928 10.7271 9.03273
internal_count=6394 5948 715 446 5233 328
is_linear=0
shrinkage=0.025


Tree=94
num_leaves=7
num_cat=0
split_feature=21 19 13 7 6 3
split_gain=8.31295 4.64528 1.17049 0.809476 0.528953 0.0435435
threshold=0.96874171495437633 0.33767369389534002 2.9765458106994633 5.0761897563934335 4.1174354553222665 1.1790798902511599
decision_type=2 2 2 2 2 2
left_child=1 3 -3 -1 5 -2
right_child=4 2 -4 -5 -6 -7
leaf_value=-0.018392790064431241 0 -0.0044091100648123221 0.010722781162376226 0 0 0.015834251643713698
leaf_weight=10.38526587048546 0.31568352080648487 0.96033744784654018 3.5753386751166545 1.3162090858531872 0.65548795560607764 8.5112376490142179
leaf_count=5262 50 289 227 275 92 266
internal_value=0 -0.0100986 0.00623151 -0.0167733 0.0144639 0.0155895
internal_weight=25.7196 16.2372 4.53568 11.7015 9.48241 8.82692
internal_count=6461 6053 516 5537 408 316
is_linear=0
shrinkage=0.025


Tree=95
num_leaves=7
num_cat=0
split_feature=21 22 17 5 13 3
split_gain=9.81694 3.96953 1.04258 0.473163 0.282042 0.127179
threshold=0.90474233031272899 0.64817723631858837 0.90001845359802257 3.7855110168457036 2.9765458106994633 -0.069414600729942308
decision_type=2 2 2 2 2 2
left_child=1 2 -1 5 -3 -2
right_child=3 4 -4 -5 -6 -7
leaf_value=-0.018305625385254674 0 -0.00086490864531344087 0.00062215832352790264 0 0.0081417359288547524 0.016115806706611599
leaf_weight=11.903393454893376 0.045342635130508735 0.27414769981987719 0.97810339028365056 0.62218653043964955 2.4971752042474691 9.0963130648015031
leaf_count=5739 14 82 114 91 101 331
internal_value=-0.000541642 -0.011765 -0.0167468 0.0149185 0.0064633 0.0159143
internal_weight=25.4167 15.6528 12.8815 9.76384 2.77132 9.14166
internal_count=6472 6036 5853 436 183 345
is_linear=0
shrinkage=0.025


Tree=96
num_leaves=7
num_cat=0
split_feature=18 19 13 3 13 12
split_gain=8.10602 1.97864 1.48995 1.2387 1.06965 0.680031
threshold=0.14512630552053454 0.2447050288319588 2.2157694101333623 1.0993610024452212 4.2367825508117685 5.915407896041871
decision_type=2 2 2 2 2 2
left_child=1 5 -2 -4 -3 -1
right_child=2 4 3 -5 -6 -7
leaf_value=-0.017079320351207763 -0.0035231194587805048 -0.0058045590179365203 -0.0026089275083868162 0.016039568323899051 0.0083263628029925062 0
leaf_weight=8.1242005834064912 0.79064812057185818 1.2227362398552934 0.47565738878620223 12.464953332921139 2.1083664649922866 0.91218574458616863
leaf_count=4267 233 489 177 929 97 251
internal_value=0.00100309 -0.0112566 0.0124361 0.0144697 0.00201853 -0.0155713
internal_weight=26.0987 12.3675 13.7313 12.9406 3.3311 9.03639
internal_count=6443 5104 1339 1106 586 4518
is_linear=0
shrinkage=0.025


Tree=97
num_leaves=7
num_cat=0
split_feature=21 19 13 24 12 26
split_gain=8.72644 5.53184 1.5719 0.683873 0.670377 0.215786
threshold=0.94090729951858532 0.2447050288319588 2.9765458106994633 -3.6407675743103023 2.8851087093353276 -0.80571988224983204
decision_type=2 2 2 2 2 2
left_child=1 3 -3 -1 -2 -6
right_child=4 2 -4 -5 5 -7
leaf_value=0.00034216146399818965 -0.0005550283974238621 -0.0055451286297631712 0.011258352624916125 -0.019579793813186423 0.016425232385128399 0
leaf_weight=0.32348128114245156 0.58949858660343935 1.252308632741914 4.1885508733830648 10.289058622627637 8.546516064408932 0.64628595538670097
leaf_count=14 90 402 320 5344 208 145
internal_value=-6.81219e-05 -0.0105687 0.00598879 -0.0186571 0.0144874 0.015748
internal_weight=25.8357 16.0534 5.44086 10.6125 9.7823 9.1928
internal_count=6523 6080 722 5358 443 353
is_linear=0
shrinkage=0.025


Tree=98
num_leaves=7
num_cat=0
split_feature=22 13 27 5 21 22
split_gain=7.15573 3.40316 1.85233 0.638642 0.684445 0.163144
threshold=0.034461727365851409 2.9765458106994633 0.22563968598842624 -0.19835704565048215 1.3024011850357058 1.7221329808235171
decision_type=2 2 2 2 2 2
left_child=3 5 -3 -1 -5 -2
right_child=1 2 -4 4 -6 -7
leaf_value=0.00082657002314305702 -0.0085411264370282552 0.017400547572067198 -0.00097602190792059676 -0.01596850247462912 0.00059090744297156644 0
leaf_weight=0.48662308635539631 1.9704325829079636 11.042275716565198 2.9240068346698527 7.9861443117842992 0.57609462778782461 0.2000952674425206
leaf_count=82 605 410 833 4504 36 4
internal_value=0.000385276 0.00969489 0.0139806 -0.0133135 -0.0145864 -0.00752961
internal_weight=25.1857 16.1368 13.9663 9.04886 8.56224 2.17053
internal_count=6474 1852 1243 4622 4540 609
is_linear=0
shrinkage=0.025


Tree=99
num_leaves=7
num_cat=0
split_feature=21 19 27 5 5 12
split_gain=6.91622 2.06407 1.41872 1.08193 0.535478 0.326228
threshold=0.48459631204605108 0.56665897369384777 0.16675938665866855 -0.19835704565048215 4.4121379852294931 2.6077899932861333
decision_type=2 2 2 2 2 2
left_child=1 3 4 -1 -2 -3
right_child=2 5 -4 -5 -6 -7
leaf_value=0.00096467170116960605 0.01550448929659479 -0.0020402156924513178 -0.0010961432687188505 -0.017476837755092463 -0.0003146345208859212 0.0063196843665645139
leaf_weight=1.0128397069056507 8.3705621791013947 0.50787252112058867 3.1363718321663319 8.750229262455834 0.4276341146614876 1.5905687595077322
leaf_count=164 329 147 764 4922 80 79
internal_value=-0.000257662 -0.0117336 0.0108758 -0.0154616 0.0144473 0.003404
internal_weight=23.7961 11.8615 11.9346 9.76307 8.7982 2.09844
internal_count=6485 5312 1173 5086 409 226
is_linear=0
shrinkage=0.025


Tree=100
num_leaves=7
num_cat=0
split_feature=22 6 17 3 27 13
split_gain=7.48101 2.0482 1.44326 0.823477 0.743321 0.379543
threshold=0.19372557103633883 3.1933562755584721 0.8283260464668275 1.0993610024452212 0.73578736186027538 3.560726642608643
decision_type=2 2 2 2 2 2
left_child=2 3 4 -2 -1 -4
right_child=1 -3 5 -5 -6 -7
leaf_value=-0.017251038790605154 -0.00068330414078642009 -0.0039266706673433543 -0.0032572780610039018 0.015670821965217206 0.00062588849045270732 0.0055074649583884564
leaf_weight=8.5703546443983214 0.92813039949396525 2.1758419111429239 0.651809918374055 9.9561765820544661 0.51115517059224735 1.3395495752047279
leaf_count=4957 218 502 208 446 80 41
internal_value=-0.000411915 0.0105009 -0.0129347 0.0141067 -0.015936 0.00146686
internal_weight=24.133 13.0601 11.0729 10.8843 9.08151 1.99136
internal_count=6452 1166 5286 664 5037 249
is_linear=0
shrinkage=0.025


Tree=101
num_leaves=7
num_cat=0
split_feature=21 26 12 24 26 22
split_gain=6.88244 2.68741 1.6403 1.17717 0.738894 0.527123
threshold=0.21954469382762912 -0.88257181644439686 2.8851087093353276 -4.7776813507080069 -0.38679364323616022 0.78722152113914501
decision_type=2 2 2 2 2 2
left_child=3 2 -2 -1 -5 -3
right_child=1 5 -4 4 -6 -7
leaf_value=0.002166382350816762 -0.0031503026794801508 -0.0082324054134055771 0.016585574574153834 -0.016567414111598056 0.00079418130289567407 0.0022078692372645915
leaf_weight=0.88935203698929299 0.86352096333575801 2.0093555976636703 10.96270285110222 7.9293545324762809 0.48382872788352216 1.1552801461366469
leaf_count=36 263 1043 659 4255 71 123
internal_value=0.000173169 0.00980023 0.0142652 -0.0129063 -0.0151792 -0.00463754
internal_weight=24.2934 14.9909 11.8262 9.30254 8.41318 3.16464
internal_count=6450 2088 922 4362 4326 1166
is_linear=0
shrinkage=0.025


Tree=102
num_leaves=7
num_cat=0
split_feature=22 6 26 5 21 22
split_gain=6.62248 2.83765 1.94359 0.649408 0.675994 0.172926
threshold=0.034461727365851409 3.352224707603455 -0.84846758842468251 -0.19835704565048215 1.3024011850357058 0.96658754348754894
decision_type=2 2 2 2 2 2
left_child=3 2 -2 -1 -5 -3
right_child=1 5 -4 4 -6 -7
leaf_value=0.0009858594631417094 0.017028758063850832 -0.0076040626803506144 -0.0018767284451587367 -0.015648467289484876 0.00065406788007634257 0
leaf_weight=0.45966363050683945 10.629403996004838 1.7358817832719062 2.4554633885563808 7.7089684270176804 0.55900805559940625 0.5711592593579552
leaf_count=80 387 658 749 4502 35 37
internal_value=0.000367606 0.00952888 0.0135974 -0.0129197 -0.0142441 -0.00620573
internal_weight=24.1195 15.3919 13.0849 8.72764 8.26798 2.30704
internal_count=6448 1831 1136 4617 4537 695
is_linear=0
shrinkage=0.025


Tree=103
num_leaves=7
num_cat=0
split_feature=27 6 24 24 27 17
split_gain=5.95651 3.12435 1.51299 0.590793 0.552182 0.398093
threshold=0.16833519190549853 3.5511296987533574 -3.6407675743103023 0.18952437490224841 0.73578736186027538 1.1830171942710879
decision_type=2 2 2 2 2 2
left_child=1 3 -2 -1 -4 -3
right_child=2 5 4 -5 -6 -7
leaf_value=0.016484219630740999 0.0031166427112218256 -0.0080264780756459809 -0.014925671347832379 -8.6255391224388612e-05 0.00031573300484439659 0.0016433535772653676
leaf_weight=9.3765279855870176 1.5151573667826586 2.3279452682472761 9.0354717787413357 0.61105569581559471 0.55587588233174834 0.57608272208017286
leaf_count=272 163 1179 4439 288 94 44
internal_value=0 0.010094 -0.0108608 0.0153628 -0.0138085 -0.00549139
internal_weight=23.9981 12.8916 11.1065 9.98758 9.59135 2.90403
internal_count=6479 1783 4696 560 4533 1223
is_linear=0
shrinkage=0.025


Tree=104
num_leaves=6
num_cat=0
split_feature=21 26 13 22 22
split_gain=7.73553 2.36112 1.41056 1.2238 0.503769
threshold=0.23607862740755084 -0.88257181644439686 2.2157694101333623 0.86845800280570995 0.78722152113914501
decision_type=2 2 2 2 2
left_child=3 2 -2 -1 -3
right_child=1 4 -4 -5 -6
leaf_value=-0.016632625859025512 -0.0028544705090693847 -0.0075654849683734916 0.016240363636570141 0.0018232400341195894 0.0024771030103415454
leaf_weight=8.0344576692586998 0.66121295283664849 1.9721755641367047 10.785759694190345 0.91501636768225658 1.1100961599731816
leaf_count=4429 232 974 672 44 109
internal_value=0 0.0100539 0.0142249 -0.0143205 -0.00388041
internal_weight=23.4787 14.5292 11.447 8.94947 3.08227
internal_count=6460 1987 904 4473 1083
is_linear=0
shrinkage=0.025


Tree=105
num_leaves=7
num_cat=0
split_feature=21 19 7 5 12 20
split_gain=7.26418 2.6987 0.785745 0.70605 0.600289 0.096898
threshold=0.94090729951858532 0.28968106210231787 5.0761897563934335 4.0129206180572519 2.441713929176331 1.3778911232948305
decision_type=2 2 2 2 2 2
left_child=1 2 -1 5 -3 -2
right_child=3 4 -4 -5 -6 -7
leaf_value=-0.017389520000864255 0.015185002791388087 -0.0035845664149657137 0 -0.0012706060450537265 0.0069959197981639826 0
leaf_weight=8.9305289920885134 7.6177757529949268 0.85841319947212413 1.257763068875646 0.34527336363680738 3.1047575857228367 0.62913730611035124
leaf_count=5160 220 259 273 75 349 118
internal_value=-0.000525162 -0.0105498 -0.0156531 0.0133329 0.00328571 0.014665
internal_weight=22.7436 14.1515 10.1883 8.59219 3.96317 8.24691
internal_count=6454 6041 5433 413 608 338
is_linear=0
shrinkage=0.025


Tree=106
num_leaves=7
num_cat=0
split_feature=22 17 24 13 25 21
split_gain=7.91573 4.7659 1.29337 0.644328 0.0936119 0.0840132
threshold=0.62390944361686718 0.5253126621246339 0.18952437490224841 2.5988241434097294 -0.19820246845483777 1.0618990659713747
decision_type=2 2 2 2 2 2
left_child=1 5 -3 -2 -5 -1
right_child=3 2 -4 4 -6 -7
leaf_value=-0.018606784714214248 -0.0009550813850749411 0.0099612953873736455 -0.0052608343233946806 0.015820263122073682 0 0
leaf_weight=9.24047613676521 0.29951112519483913 4.1161546203366006 1.1410372316749997 7.9408353944891124 0.656189462315523 0.10408173142059318
leaf_count=5198 71 222 623 209 123 22
internal_value=-0.000109695 -0.01051 0.00509416 0.0141502 0.0152938 -0.0184402
internal_weight=23.4983 14.6017 5.25719 8.89654 8.59702 9.34456
internal_count=6468 6065 845 403 332 5220
is_linear=0
shrinkage=0.025


Tree=107
num_leaves=7
num_cat=0
split_feature=25 13 26 27 16 1
split_gain=6.34034 3.29059 0.936867 0.643134 0.357815 0.21045
threshold=0.49990084767341619 2.9765458106994633 -1.0352077484130857 0.73578736186027538 -1.4987025260925291 1.7325796484947207
decision_type=2 2 2 2 2 2
left_child=1 4 -2 -4 -1 -3
right_child=2 5 3 -5 -6 -7
leaf_value=0.0011360078011684958 0.00083615886558688487 0 -0.016074592652101427 0.00048535973239106347 -0.0087005275786551685 0.01531023842193014
leaf_weight=0.4764176220633084 1.4252944885520253 0.10595838226436072 7.7324297817831376 0.52765663643367577 2.0858585640962737 10.03556665315409
leaf_count=14 308 51 4527 94 778 705
internal_value=-0.000242301 0.00967175 -0.0125372 -0.0147613 -0.00650326 0.0149692
internal_weight=22.3892 12.7038 9.68538 8.26009 2.56228 10.1415
internal_count=6477 1548 4929 4621 792 756
is_linear=0
shrinkage=0.025


Tree=108
num_leaves=6
num_cat=0
split_feature=22 13 26 26 22
split_gain=6.26044 2.67642 2.31866 0.150935 0.144768
threshold=0.037470653653144843 3.0641437768936162 -0.88257181644439686 -1.1257838010787962 1.7221329808235171
decision_type=2 2 2 2 2
left_child=3 4 -3 -1 -2
right_child=1 2 -4 -5 -6
leaf_value=0 -0.0081683386652985374 0.015940801913402664 -0.0037474607178760709 -0.0154533223016257 0
leaf_weight=0.36664149367425203 1.8834442035440582 9.750405612488974 2.2193872001371338 7.4557556011277502 0.19047055696137238
leaf_count=84 639 389 814 4581 3
internal_value=-0.00154176 0.00758792 0.0118934 -0.0149873 -0.00722043
internal_weight=21.8661 14.0437 11.9698 7.8224 2.07391
internal_count=6510 1845 1203 4665 642
is_linear=0
shrinkage=0.025


Tree=109
num_leaves=7
num_cat=0
split_feature=18 13 19 25 27 13
split_gain=6.08761 1.24972 0.93678 0.721555 0.655393 0.439088
threshold=0.15507807582616809 2.2157694101333623 0.2447050288319588 1.5602446198463442 0.73578736186027538 4.1066613197326669
decision_type=2 2 2 2 2 2
left_child=2 -2 4 -3 -1 -4
right_child=1 3 5 -5 -6 -7
leaf_value=-0.015316327349073428 -0.0034348610168095091 0.014280450581488788 -0.0041479493650760603 -0.00041536223161621369 0.00074543503892174443 0.005078455755742544
leaf_weight=7.3956839889870043 0.7840553207352049 9.9640918553341162 1.3082529272651302 1.1698581992386596 0.48779175741947245 1.4326060611929277
leaf_count=4466 239 822 478 257 76 102
internal_value=0 0.0105665 -0.0110734 0.0126988 -0.0139338 3.24759e-05
internal_weight=22.5423 11.918 10.6243 11.134 7.88348 2.74086
internal_count=6440 1318 5122 1079 4542 580
is_linear=0
shrinkage=0.025


Tree=110
num_leaves=7
num_cat=0
split_feature=21 19 13 7 12 3
split_gain=5.87117 3.70043 1.18926 0.835623 0.653708 0.201249
threshold=0.90474233031272899 0.2447050288319588 2.9765458106994633 5.0761897563934335 2.8851087093353276 1.0993610024452212
decision_type=2 2 2 2 2 2
left_child=1 3 -3 -1 -2 -6
right_child=4 2 -4 -5 5 -7
leaf_value=-0.017300804874645869 -0.00078832236006324522 -0.0047648131058573174 0.010080990380087947 0 0 0.014809451653801486
leaf_weight=8.0404581093462202 0.61019595214747724 1.0998714135494072 3.7324603102169931 1.2163415610557411 0.21690118266269465 8.0181073116400494
leaf_count=5014 94 395 342 283 57 311
internal_value=0.000449465 -0.00841223 0.00536161 -0.0153996 0.0129567 0.0143604
internal_weight=22.9343 14.0891 4.83233 9.2568 8.8452 8.23501
internal_count=6496 6034 737 5297 462 368
is_linear=0
shrinkage=0.025


Tree=111
num_leaves=7
num_cat=0
split_feature=21 19 13 27 6 15
split_gain=6.2549 3.01914 1.05324 0.777633 0.727132 0.0710923
threshold=0.94090729951858532 0.2447050288319588 3.0641437768936162 0.73578736186027538 4.1174354553222665 0.91824549436569225
decision_type=2 2 2 2 2 2
left_child=1 3 -3 -1 5 -2
right_child=4 2 -4 -5 -6 -7
leaf_value=-0.017665535694802927 0.014284923188236412 -0.0051937723881073086 0.0085140060456208606 0.00066965119709200434 -0.0015091529453987896 0
leaf_weight=8.3864473560970509 7.2108674626942939 1.1751218716235587 3.3174938204756472 0.506702292273986 0.38230314489919681 0.5377332581556401
leaf_count=5225 249 420 322 89 92 72
internal_value=-0.000727334 -0.0102143 0.00342298 -0.016306 0.0123572 0.0138552
internal_weight=21.5167 13.3858 4.49262 8.89315 8.1309 7.7486
internal_count=6469 6056 742 5314 413 321
is_linear=0
shrinkage=0.025


Tree=112
num_leaves=7
num_cat=0
split_feature=21 6 24 26 27 21
split_gain=5.52783 1.74639 1.18365 1.11921 0.740545 0.237843
threshold=0.31240266561508184 3.1933562755584721 -4.7776813507080069 -0.79605466127395619 0.73578736186027538 1.8080657720565798
decision_type=2 2 2 2 2 2
left_child=2 3 -1 -2 -4 -3
right_child=1 5 4 -5 -6 -7
leaf_value=0.0023141255153279576 0.014968229938219862 -0.0061271906358209309 -0.016065692296892059 -0.0013905433561103024 0.00094143510909211513 0.0011569679596881593
leaf_weight=0.96170195535523806 8.6864596486702776 1.6247513866983347 7.5048347416450287 1.4326366435416265 0.4620370243792421 0.59586906066397194
leaf_count=45 406 693 4696 510 70 25
internal_value=-0.000291614 0.00897075 -0.0121664 0.0125449 -0.0146147 -0.00385935
internal_weight=21.2683 12.3397 8.92857 10.1191 7.96687 2.22062
internal_count=6445 1634 4811 916 4766 718
is_linear=0
shrinkage=0.025


Tree=113
num_leaves=7
num_cat=0
split_feature=22 6 2 27 18 17
split_gain=5.29014 2.41405 1.82695 0.626872 0.425683 0.159827
threshold=0.034461727365851409 3.1933562755584721 1.5855779051780703 0.73578736186027538 0.15507807582616809 1.1830171942710879
decision_type=2 2 2 2 2 2
left_child=3 2 -2 4 -1 -3
right_child=1 5 -4 -5 -6 -7
leaf_value=-0.014983081168689663 -0.0041745115375052405 -0.0066664203804669142 0.015287486449538756 0.0010679434489803583 0 0.00021877492755660653
leaf_weight=6.299034500319979 0.9079533815238382 2.2986246466607549 11.029105349749441 0.43052543661906373 0.77798234661167942 0.27400096284691233
leaf_count=4254 376 786 719 67 289 12
internal_value=0.000253064 0.00854089 0.0126428 -0.012276 -0.0137114 -0.0054475
internal_weight=22.0172 14.5097 11.9371 7.50754 7.07702 2.57263
internal_count=6503 1893 1095 4610 4543 798
is_linear=0
shrinkage=0.025


Tree=114
num_leaves=7
num_cat=0
split_feature=27 6 22 27 22 21
split_gain=5.18856 2.8301 1.36631 0.637481 0.438428 0.398049
threshold=0.17022031545639041 3.2834059000015263 0.73978024721145641 0.73578736186027538 -0.25572586059570307 1.8080657720565798
decision_type=2 2 2 2 2 2
left_child=1 4 3 -2 -1 -3
right_child=2 5 -4 -5 -6 -7
leaf_value=-0.00010950435423513705 -0.0144167900642003 -0.0073530822300828143 0.003098444734136215 0.00089916670678974258 0.016083798079446592 0.0020130154551517717
leaf_weight=0.24172415686189275 7.9686188289051625 2.5196127130620876 1.4157856761012215 0.46105919813271601 8.9455915943544824 0.4935399992391466
leaf_count=133 4423 1359 151 80 326 9
internal_value=0.000640164 0.0100718 -0.0100823 -0.0130908 0.0153288 -0.00474018
internal_weight=22.0459 12.2005 9.84546 8.42968 9.18732 3.01315
internal_count=6481 1827 4654 4503 459 1368
is_linear=0
shrinkage=0.025


Tree=115
num_leaves=7
num_cat=0
split_feature=21 19 7 13 13 20
split_gain=5.49397 2.57338 0.878113 0.780082 0.770406 0.229297
threshold=0.94090729951858532 0.28968106210231787 5.0761897563934335 2.9765458106994633 2.2157694101333623 1.3778911232948305
decision_type=2 2 2 2 2 2
left_child=1 2 -1 -3 -2 -6
right_child=4 3 -4 -5 5 -7
leaf_value=-0.01644230915156453 -0.0016882952232110335 -0.0040466783190424823 0.00047523163883565105 0.0080857614190087204 0.014469118967142133 0
leaf_weight=8.0326574659702619 0.40786222991300558 0.93734842506819349 1.107508880100794 2.9870241455937503 7.1501474585238611 0.56453780754236493
leaf_count=5160 86 340 260 266 221 123
internal_value=0 -0.00911066 -0.0145072 0.00384393 0.012141 0.01374
internal_weight=21.1871 13.0645 9.14017 3.92437 8.12255 7.71469
internal_count=6456 6026 5420 606 430 344
is_linear=0
shrinkage=0.025


Tree=116
num_leaves=7
num_cat=0
split_feature=22 13 26 26 25 13
split_gain=5.06883 1.39428 1.07889 0.576553 0.575898 0.279897
threshold=0.23436425626277926 2.9765458106994633 -1.0007800459861753 -0.38679364323616022 0.42028801143169409 2.2742590904235844
decision_type=2 2 2 2 2 2
left_child=2 -2 5 -4 -3 -1
right_child=1 4 3 -5 -6 -7
leaf_value=-0.002823013835504414 -0.0032615563503975219 0.014696862276603906 -0.014381004283794244 0.00059552525994205591 0 0.0044893561385404351
leaf_weight=0.76511429707170497 1.3079695864871599 8.1470243121730146 7.1729003340587951 0.51646833242557644 1.3134511031385034 1.8347399039339505
leaf_count=361 344 382 4699 91 290 309
internal_value=0.000198639 0.010308 -0.00988374 -0.0130443 0.0130953 0.00107352
internal_weight=21.0577 10.7684 10.2892 7.68937 9.46048 2.59985
internal_count=6476 1016 5460 4790 672 670
is_linear=0
shrinkage=0.025


Tree=117
num_leaves=7
num_cat=0
split_feature=27 6 22 24 27 17
split_gain=5.58347 2.86263 1.05737 0.885711 0.573112 0.164273
threshold=0.17022031545639041 4.1174354553222665 0.92063546180725109 0.45088237524032598 0.73578736186027538 1.3017756342887881
decision_type=2 2 2 2 2 2
left_child=1 3 4 -1 -2 -3
right_child=2 5 -4 -5 -6 -7
leaf_value=0.016384354747971685 -0.014394680415847509 -0.0071181660072538377 0.0023062076726285646 -0.0013664473726266754 0.00057785871483301699 0.00013500730809676723
leaf_weight=9.7976138180092676 7.6028875428892189 1.8228119676496128 1.0488312610250421 0.46072157009621229 0.51288742199540127 0.29547671086038452
leaf_count=454 4457 935 92 419 89 30
internal_value=0.00086121 0.0104098 -0.0107154 0.014991 -0.0131124 -0.00584424
internal_weight=21.5412 12.3766 9.16461 10.2583 8.11577 2.11829
internal_count=6476 1838 4638 873 4546 965
is_linear=0
shrinkage=0.025


Tree=118
num_leaves=7
num_cat=0
split_feature=21 26 6 26 6 23
split_gain=5.13684 1.49875 0.988732 0.961696 0.568396 0.195222
threshold=0.94090729951858532 -0.96880489587783802 3.9379875659942631 -0.38679364323616022 4.6562788486480722 -6.246882200241088
decision_type=2 2 2 2 2 2
left_child=1 2 -1 -3 5 -2
right_child=4 3 -4 -5 -6 -7
leaf_value=0.0069559907693588358 0 -0.01524939448229728 -0.0060250745442239177 0.001600187938451258 -0.0010571349599580839 0.013886049331624576
leaf_weight=3.1440555035514999 0.54125060801743519 7.3944843341305386 1.5200394425482953 0.73036901756131545 0.31798225047532458 6.9794162061734815
leaf_count=376 113 4747 806 101 59 251
internal_value=0 -0.008782 0.00115026 -0.013226 0.0119669 0.013219
internal_weight=20.6276 12.7889 4.66409 8.12485 7.83865 7.52067
internal_count=6453 6030 1182 4848 423 364
is_linear=0
shrinkage=0.025


Tree=119
num_leaves=7
num_cat=0
split_feature=27 5 18 24 27 24
split_gain=4.96207 2.52705 1.12744 0.921146 0.531275 0.26878
threshold=0.16675938665866855 4.0129206180572519 0.46212239563465124 0.45088237524032598 0.73578736186027538 -5.4789879322051993
decision_type=2 2 2 2 2 2
left_child=1 3 4 -1 -2 -3
right_child=2 5 -4 -5 -6 -7
leaf_value=0.016196014298938532 -0.013888593060521277 0.0010116253748060165 0.002162217212196641 -0.0015017989699389316 0.0004955177393119128 -0.0070482273788615895
leaf_weight=9.2356182032090146 7.2660862904012884 0.59262149961432387 1.7178987634979419 0.48790446459315795 0.52782844545436081 1.7925816133501937
leaf_count=397 4334 20 274 428 94 926
internal_value=0.0010145 0.0101615 -0.00968824 0.0146751 -0.012613 -0.00487028
internal_weight=21.6205 12.1087 9.51181 9.72352 7.79391 2.3852
internal_count=6473 1771 4702 825 4428 946
is_linear=0
shrinkage=0.025


Tree=120
num_leaves=7
num_cat=0
split_feature=27 6 24 24 27 17
split_gain=4.5412 2.37558 1.21609 0.7977 0.606458 0.169125
threshold=0.16675938665866855 4.1174354553222665 -3.6407675743103023 0.45088237524032598 0.73578736186027538 1.3017756342887881
decision_type=2 2 2 2 2 2
left_child=1 3 -2 -1 -4 -3
right_child=2 5 4 -5 -6 -7
leaf_value=0.014942492618619055 0.0025391107402313456 -0.0069371313738137378 -0.014655161511830956 -0.00139318932724916 0.00068670509766987568 0.000250072147343056
leaf_weight=8.5987656246870756 1.3443017319077624 1.7605926051037379 7.3397685156232892 0.4677648695069373 0.49295943090692151 0.27173201751429577
leaf_count=424 164 917 4417 408 89 26
internal_value=0 0.00892927 -0.0104719 0.0134597 -0.0133112 -0.00559286
internal_weight=20.2759 11.0989 9.17703 9.06653 7.83273 2.03232
internal_count=6445 1775 4670 832 4506 943
is_linear=0
shrinkage=0.025


Tree=121
num_leaves=7
num_cat=0
split_feature=22 17 24 27 23 11
split_gain=5.15997 3.37202 0.856896 0.731643 0.336874 0.346556
threshold=0.62390944361686718 0.5253126621246339 0.45088237524032598 0.73578736186027538 -6.246882200241088 2.2217351198196416
decision_type=2 2 2 2 2 2
left_child=1 3 -3 -1 -2 -6
right_child=4 2 -4 -5 5 -7
leaf_value=-0.01692547929575788 -2.2673217589054398e-05 0.0085552059347638997 -0.0040509303569642606 0.00065825640050462954 0 0.014298370581950015
leaf_weight=7.6691366575541924 0.27942564044496965 3.9343231051461762 0.93478606059215952 0.51167049922514696 0.59533042809925873 6.5896653392992448
leaf_count=5144 106 262 579 85 86 213
internal_value=0 -0.00842993 0.00467556 -0.015519 0.0124831 0.0132921
internal_weight=20.5143 13.0499 4.86911 8.18081 7.46442 7.185
internal_count=6475 6070 841 5229 405 299
is_linear=0
shrinkage=0.025


Tree=122
num_leaves=7
num_cat=0
split_feature=26 22 12 21 22 25
split_gain=4.37933 1.68528 1.53813 0.574855 0.503386 0.0869919
threshold=-0.99842628836631764 0.73978024721145641 2.6077899932861333 0.99673113226890575 -0.25572586059570307 -0.60918611288070668
decision_type=2 2 2 2 2 2
left_child=2 3 -1 -2 -4 -3
right_child=1 5 4 -5 -6 -7
leaf_value=-0.0040293971400899202 -0.014128821820710655 0.0047590064550433438 -0.00051103349802884509 0 0.014555945070187652 0
leaf_weight=1.0116879874258318 8.0624688378156844 1.8727519807580395 0.31479550879157603 1.1715295961330401 7.3551502222835552 0.27685256468248454
leaf_count=406 5181 95 238 152 330 96
internal_value=0 -0.00889496 0.010262 -0.0125679 0.0134866 0.00376385
internal_weight=20.0652 11.3836 8.68163 9.234 7.66995 2.1496
internal_count=6498 5524 974 5333 568 191
is_linear=0
shrinkage=0.025


Tree=123
num_leaves=7
num_cat=0
split_feature=21 13 19 13 3 5
split_gain=4.19153 1.11637 0.739794 0.616679 0.605369 0.120193
threshold=0.50397130846977245 3.0641437768936162 0.64220607280731212 5.4658324718475351 1.0993610024452212 4.086721897125245
decision_type=2 2 2 2 2 2
left_child=2 -2 3 -1 -3 -4
right_child=1 4 5 -5 -6 -7
leaf_value=-0.014637800016241915 -0.0031200509581268037 -0.0012913262909373679 0.0033575408162655898 0 0.012345047966544932 -0.001541601040391844
leaf_weight=6.9909997052454873 1.508804426237474 0.44647294137393867 0.90149359180941135 1.1917066590394823 7.7679302113538142 0.4207556793699041
leaf_count=4755 394 158 34 423 572 140
internal_value=-0.00141096 0.0079996 -0.0109076 -0.0128708 0.0109227 0.000823736
internal_weight=19.2282 9.72321 9.50496 8.18271 8.2144 1.32225
internal_count=6476 1124 5352 5178 730 174
is_linear=0
shrinkage=0.025


Tree=124
num_leaves=7
num_cat=0
split_feature=24 17 7 0 23 6
split_gain=4.04018 2.80001 0.821704 0.714793 0.388776 0.199082
threshold=-3.5142350196838374 0.65079712867736828 5.0761897563934335 4.0114660263061532 -6.246882200241088 3.1933562755584721
decision_type=2 2 2 2 2 2
left_child=4 2 -2 -3 -1 -6
right_child=1 3 -4 -5 5 -7
leaf_value=-0.00065397740138610158 -0.015982014858733521 0.0084648859733130206 0.00040072907346685137 -0.0033795897258244371 0.012834397236507547 0
leaf_weight=0.15074076202290587 7.7764491333655297 3.1152213312598174 1.1164964650379259 0.87365765987487964 5.3325854836002717 0.62369701775605779
leaf_count=96 5245 277 266 283 147 100
internal_value=-0.000773148 -0.00820098 -0.0140713 0.00473851 0.0109707 0.0119995
internal_weight=18.9888 12.8818 8.89295 3.98888 6.10702 5.95628
internal_count=6414 6071 5511 560 343 247
is_linear=0
shrinkage=0.025


Tree=125
num_leaves=7
num_cat=0
split_feature=22 13 27 6 16 6
split_gain=4.62894 2.16696 1.71033 0.649762 0.17951 0.051101
threshold=0.034461727365851409 2.9765458106994633 0.25990867614746099 0.10052521899342538 -1.4987025260925291 0.054766865447163589
decision_type=2 2 2 2 2 2
left_child=3 4 -3 5 -2 -1
right_child=1 2 -4 -5 -6 -7
leaf_value=-0.00043489043868038266 0.00021067721004803749 0.014738459676721376 -0.0030796512395113336 -0.014607865844225838 -0.0074697496358756832 0.0026187330264646441
leaf_weight=0.30467173818033444 0.25733426224905986 9.1211801578465366 1.7674732040177321 5.9030834720033454 1.7341445190540969 0.17469593996065669
leaf_count=100 7 498 733 4496 622 12
internal_value=-0.000409617 0.00737345 0.0113939 -0.0130048 -0.00614244 0.000911455
internal_weight=19.2626 12.8801 10.8887 6.38245 1.99148 0.479368
internal_count=6468 1860 1231 4608 629 112
is_linear=0
shrinkage=0.025


Tree=126
num_leaves=7
num_cat=0
split_feature=22 13 26 5 20 26
split_gain=4.04345 1.81081 1.32734 0.603844 0.244931 0.13443
threshold=0.034461727365851409 2.9765458106994633 -0.88397437334060658 -0.19835704565048215 -1.1674753427505491 -1.1257838010787962
decision_type=2 2 2 2 2 2
left_child=3 4 -3 -1 -2 -5
right_child=1 2 -4 5 -6 -7
leaf_value=0.0011144955357163784 0.00084754114266090907 0.014300844805713094 -0.0014527647146592082 0 -0.0070754275734084245 -0.013581920975575361
leaf_weight=0.4408175645075979 0.46921484626363996 8.3245979364146461 2.4282614271651246 0.31365737848682407 1.642536628540255 5.9451169574022069
leaf_count=87 18 420 841 88 595 4475
internal_value=0 0.00734122 0.0110146 -0.0115634 -0.00507799 -0.0131098
internal_weight=19.5642 12.8646 10.7529 6.69959 2.11175 6.25877
internal_count=6524 1874 1261 4650 613 4563
is_linear=0
shrinkage=0.025


Tree=127
num_leaves=7
num_cat=0
split_feature=21 13 26 24 27 21
split_gain=4.22921 1.83382 0.984222 0.74829 0.677538 0.270444
threshold=0.21954469382762912 3.1558518409729008 -0.79605466127395619 -4.7776813507080069 0.73578736186027538 1.8080657720565798
decision_type=2 2 2 2 2 2
left_child=3 5 -3 -1 -5 -2
right_child=1 2 -4 4 -6 -7
leaf_value=0.0015355795907797023 -0.0068021341674810278 0.014217526637113087 -0.00090597422908472107 -0.014361387741049945 0.0011497226204879938 0.0011654974851131408
leaf_weight=0.73451846878742877 1.6430109271459508 9.0902803484350425 1.7000520795845648 6.0589678931864928 0.42531944948132139 0.57111150852870185
leaf_count=37 778 651 638 4343 61 22
internal_value=0.000467292 0.00829324 0.0119066 -0.010744 -0.0127422 -0.00449723
internal_weight=20.2233 13.0045 10.7903 7.21881 6.48429 2.21412
internal_count=6530 2089 1289 4441 4404 800
is_linear=0
shrinkage=0.025


Tree=128
num_leaves=7
num_cat=0
split_feature=21 19 13 2 13 20
split_gain=3.87085 2.53429 0.995479 0.781958 0.602253 0.0953497
threshold=0.94090729951858532 0.20129314064979556 2.9765458106994633 1.0000000180025095e-35 2.2157694101333623 1.3778911232948305
decision_type=2 2 2 2 2 2
left_child=1 3 -3 -1 -2 -6
right_child=4 2 -4 -5 5 -7
leaf_value=0.00042207156482261586 -0.0013407828084558929 -0.0047273475396641803 0.0086703392373179387 -0.015701552876225017 0.013072594312065295 0
leaf_weight=1.0635644879075714 0.36603513199952331 1.1157720092596717 3.5441295519995037 6.6443644218234112 6.0573466156056384 0.63436320133041579
leaf_count=175 86 443 412 4990 219 112
internal_value=0 -0.00741925 0.00402894 -0.0136942 0.0110161 0.0125109
internal_weight=19.4256 12.3678 4.6599 7.70793 7.05774 6.69171
internal_count=6437 6020 855 5165 417 331
is_linear=0
shrinkage=0.025


Tree=129
num_leaves=7
num_cat=0
split_feature=22 17 3 6 24 25
split_gain=4.48272 2.23912 0.669642 0.575425 0.440353 0.155016
threshold=0.60102802515029918 0.80816626548767101 -0.14240405708551404 3.9379875659942631 0.14167929440736773 0.089481476694345488
decision_type=2 2 2 2 2 2
left_child=1 2 -1 5 -3 -2
right_child=3 4 -4 -5 -6 -7
leaf_value=4.6890101769839063e-05 0.013278785133985345 0.0072639993111095966 -0.015279166534842388 -0.0012022447756521388 -0.0023897348064353362 0
leaf_weight=1.107642044094973 6.091241004629409 2.379036843165522 7.7174824383982941 0.34596756211249147 0.56605942375608709 0.51632240074104618
leaf_count=211 204 88 5532 97 221 132
internal_value=-0.00029572 -0.00879394 -0.0135822 0.0112277 0.00428565 0.0126545
internal_weight=18.7238 11.7702 8.82512 6.95353 2.9451 6.60756
internal_count=6485 6052 5743 433 309 336
is_linear=0
shrinkage=0.025


Tree=130
num_leaves=7
num_cat=0
split_feature=22 17 24 27 13 23
split_gain=3.70103 3.24049 0.978931 0.76614 0.317501 0.277941
threshold=0.67841568589210521 0.5253126621246339 0.18952437490224841 0.73578736186027538 3.0641437768936162 -6.246882200241088
decision_type=2 2 2 2 2 2
left_child=1 3 -3 -1 -2 -6
right_child=4 2 -4 -5 5 -7
leaf_value=-0.016119748714213889 0 0.0092113139756494333 -0.0042872284862623946 0.0010636913757734894 0 0.012951680347562059
leaf_weight=7.0743958459206642 0.44512313895393063 3.9885488802101463 0.97141827689483751 0.43812542944215227 0.25223769564763632 5.6423447823763127
leaf_count=5156 88 260 618 76 88 172
internal_value=0 -0.00717735 0.00511503 -0.0145935 0.011163 0.0121621
internal_weight=18.8122 12.4725 4.95997 7.51252 6.33971 5.89458
internal_count=6458 6110 878 5232 348 260
is_linear=0
shrinkage=0.025


Tree=131
num_leaves=7
num_cat=0
split_feature=27 5 19 24 27 22
split_gain=3.53575 2.1447 0.833211 0.750066 0.478752 0.149272
threshold=0.16675938665866855 4.0129206180572519 0.51602095365524303 0.45088237524032598 0.73578736186027538 1.1230337023735049
decision_type=2 2 2 2 2 2
left_child=1 3 4 -1 -2 -3
right_child=2 5 -4 -5 -6 -7
leaf_value=0.014486815123612148 -0.012881882656680974 -0.0066002536893156293 0.001787434106627198 -0.001343057330490568 0.00049214983285344191 9.3630087511491512e-05
leaf_weight=7.5965883196186059 6.8532428919716022 1.6683663684816559 1.2699358993850181 0.46122324891621236 0.52280246146256093 0.37005523097468529
leaf_count=397 4441 918 169 447 94 20
internal_value=0 0.00830602 -0.00925305 0.0129348 -0.0116131 -0.00529382
internal_weight=18.7422 10.0962 8.64598 8.05781 7.37605 2.03842
internal_count=6486 1782 4704 844 4535 938
is_linear=0
shrinkage=0.025


Tree=132
num_leaves=7
num_cat=0
split_feature=21 24 2 6 23 11
split_gain=4.168 1.82361 0.57553 0.460365 0.179235 0.168339
threshold=0.94090729951858532 -3.6407675743103023 1.0000000180025095e-35 4.6562788486480722 -6.246882200241088 2.2484722137451176
decision_type=2 2 2 2 2 2
left_child=1 5 -3 4 -2 -1
right_child=3 2 -4 -5 -6 -7
leaf_value=-0.00063283355984047147 0 0 -0.014161201417935882 -0.00089181248465667077 0.012480294845992846 0.0058476091723600396
leaf_weight=0.24480798069271381 0.43147913098800916 1.1521392685681355 8.2073454363126057 0.29494749908917572 6.1017465792538124 1.8021262257534543
leaf_count=60 114 193 5672 61 254 86
internal_value=-0.000559054 -0.00882802 -0.0126253 0.0106185 0.0118414 0.00428656
internal_weight=18.2346 11.4064 9.35948 6.82817 6.53323 2.04693
internal_count=6440 6011 5865 429 368 146
is_linear=0
shrinkage=0.025


Tree=133
num_leaves=7
num_cat=0
split_feature=27 6 24 27 24 24
split_gain=3.15646 2.97553 0.789096 0.467567 0.13276 0.106095
threshold=0.17022031545639041 3.352224707603455 -3.8062452077865596 0.73578736186027538 0.083996899425983443 -5.4789879322051993
decision_type=2 2 2 2 2 2
left_child=1 4 -2 -4 -1 -3
right_child=2 5 3 -5 -6 -7
leaf_value=0.014323969911093019 0.0018959015585117889 0 -0.012308020293965686 0.00058132319811336406 0 -0.007807544872739579
leaf_weight=7.3098915275186318 1.1990303034108363 0.3625800714362416 6.8210014332435076 0.51354034122778092 0.66501807747408737 1.9985584274254504
leaf_count=235 145 24 4420 95 252 1337
internal_value=0 0.00784284 -0.00872166 -0.011029 0.013721 -0.00699623
internal_weight=18.8696 10.336 8.53357 7.33454 7.97491 2.36114
internal_count=6508 1848 4660 4515 487 1361
is_linear=0
shrinkage=0.025


Tree=134
num_leaves=7
num_cat=0
split_feature=22 17 13 24 11 23
split_gain=3.05608 2.96495 0.92116 0.683244 0.393787 0.20104
threshold=0.70924809575080883 0.65079712867736828 5.4658324718475351 0.46758545935153967 2.2484722137451176 -6.246882200241088
decision_type=2 2 2 2 2 2
left_child=1 2 -1 -3 -2 -6
right_child=4 3 -4 -5 5 -7
leaf_value=-0.015450655382709825 -0.00043543570855897632 0.0091473021841007203 0.0003571181766077766 -0.0028611819052059891 0 0.012541326818431928
leaf_weight=6.5535073554783612 0.398721892881439 3.5599380060739341 1.6650504619756246 0.69586151890689496 0.23045206746610336 5.2684317513485439
leaf_count=5045 75 173 521 388 85 164
internal_value=9.93731e-05 -0.00617337 -0.0128516 0.00602362 0.0106857 0.0119107
internal_weight=18.372 12.4744 8.21856 4.2558 5.89761 5.49888
internal_count=6451 6127 5566 561 324 249
is_linear=0
shrinkage=0.025


Tree=135
num_leaves=7
num_cat=0
split_feature=21 13 24 3 27 16
split_gain=3.76949 1.4364 0.703864 0.691659 0.669449 0.137616
threshold=0.35167987644672399 3.0641437768936162 -4.7776813507080069 1.0993610024452212 0.73578736186027538 -1.4987025260925291
decision_type=2 2 2 2 2 2
left_child=2 5 -1 -3 -4 -2
right_child=1 3 4 -5 -6 -7
leaf_value=0.0012565491483617266 0.00026933409296908461 -0.0014974568771831582 -0.014250054666703225 0.012824724551940177 0.0011390971036820434 -0.0055745198810764132
leaf_weight=0.85227687956648956 0.52157569746486832 0.48701628232083649 5.9605455075943627 8.2729549260839104 0.42939923398080271 1.1988101636816271
leaf_count=48 24 208 4771 737 70 553
internal_value=-5.3379e-05 0.00792535 -0.0106312 0.0113195 -0.0126211 -0.00399058
internal_weight=17.7226 10.4804 7.24222 8.75997 6.38994 1.72039
internal_count=6411 1522 4889 945 4841 577
is_linear=0
shrinkage=0.025


Tree=136
num_leaves=6
num_cat=0
split_feature=21 27 13 22 24
split_gain=3.58218 1.80416 1.06089 0.568493 0.248087
threshold=0.018845100887119774 0.17022031545639041 2.2157694101333623 0.73978024721145641 -4.7776813507080069
decision_type=2 2 2 2 2
left_child=4 2 -2 -3 -1
right_child=1 3 -4 -5 -6
leaf_value=0 -0.002388435122387551 -0.0061465208762202812 0.014361786038049393 0.0035364411500768121 -0.012251214209234652
leaf_weight=0.34976090627606105 0.61131271615158578 3.783445870736613 7.9686643533204915 1.5498329366528194 4.5380475304482406
leaf_count=22 278 2203 640 137 3278
internal_value=0.000721742 0.0071789 0.0122681 -0.00237819 -0.0113623
internal_weight=18.8011 13.9133 8.57998 5.33328 4.88781
internal_count=6558 3258 918 2340 3300
is_linear=0
shrinkage=0.025


Tree=137
num_leaves=7
num_cat=0
split_feature=18 13 13 26 3 16
split_gain=3.28695 0.891877 0.85105 0.556076 0.515772 0.164549
threshold=0.15507807582616809 4.288215398788453 2.2157694101333623 -0.96714299917221058 1.0993610024452212 1.3850457668304446
decision_type=2 2 2 2 2 2
left_child=1 5 -2 -3 -4 -1
right_child=2 3 4 -5 -6 -7
leaf_value=-0.012679871589586415 -0.0026826131417807693 0.0058555282490531657 -0.00063561397703459953 -0.0041213507999176861 0.012221778132465493 0
leaf_weight=4.564104753466383 0.6586713588621923 1.6250413638917964 0.68706558471603685 2.1512190283101518 8.3853382706874964 0.21083728974917892
leaf_count=3377 236 82 184 1600 879 72
internal_value=0.000727507 -0.00805167 0.00898087 0.000349857 0.0109241 -0.0121157
internal_weight=18.2823 8.5512 9.73108 3.77626 9.0724 4.77494
internal_count=6430 5131 1299 1682 1063 3449
is_linear=0
shrinkage=0.025


Tree=138
num_leaves=6
num_cat=0
split_feature=21 13 27 24 21
split_gain=3.24248 1.73179 0.840831 0.244418 0.161685
threshold=0.018845100887119774 2.9765458106994633 0.22563968598842624 -4.7776813507080069 1.3803803324699404
decision_type=2 2 2 2 2
left_child=3 4 -3 -1 -2
right_child=1 2 -4 -5 -6
leaf_value=0 -0.0067467601638323844 0.013068930299078518 0 -0.012053044153281293 9.6863906781468188e-05
leaf_weight=0.34213399063446637 1.5983024581437342 7.9975779140731884 3.3667649029302993 4.4313191369510623 0.54292689362773661
leaf_count=26 978 655 1523 3259 49
internal_value=0.0003097 0.00662166 0.0101756 -0.0111606 -0.00528344
internal_weight=18.279 13.5056 11.3643 4.77345 2.14123
internal_count=6490 3205 2178 3285 1027
is_linear=0
shrinkage=0.025


Tree=139
num_leaves=7
num_cat=0
split_feature=21 6 27 27 22 22
split_gain=3.38189 1.73836 1.1454 0.578446 0.204311 0.201361
threshold=0.17968884855508807 3.3197416067123418 0.3142485916614533 0.73578736186027538 0.96658754348754894 0.86845800280570995
decision_type=2 2 2 2 2 2
left_child=3 2 -2 5 -3 -1
right_child=1 4 -4 -5 -6 -7
leaf_value=-0.01287971347299869 0.013705110199849425 -0.006818790861545309 -0.0016668536113581328 0.0013131632150788579 0.00056087504486822563 0
leaf_weight=5.0060408390418187 8.5374645466363273 1.4793860389181634 1.7580079226463556 0.39835683198180039 0.45755599963013072 0.3908213352842721
leaf_count=4095 619 885 709 62 16 42
internal_value=0.000334242 0.00736387 0.0109848 -0.010463 -0.00502679 -0.0121469
internal_weight=18.0276 12.2324 10.2955 5.79522 1.93694 5.39686
internal_count=6428 2229 1328 4199 901 4137
is_linear=0
shrinkage=0.025


Tree=140
num_leaves=6
num_cat=0
split_feature=21 6 26 21 24
split_gain=3.11398 1.7184 1.09129 0.264076 0.115214
threshold=0.006716053234413267 3.352224707603455 -0.88257181644439686 1.8080657720565798 -4.7776813507080069
decision_type=2 2 2 2 2
left_child=4 2 -2 -3 -1
right_child=1 3 -4 -5 -6
leaf_value=0 0.013492188195745759 -0.0071170198121173374 -0.00045885440044430659 0.0009412708328052961 -0.011666565755067013
leaf_weight=0.21269728880724859 7.8324663740568212 1.8773248242650873 3.2360802796320041 0.57329021266195912 4.1912591278087374
leaf_count=20 484 1206 1535 26 3176
internal_value=0.000343 0.00644785 0.0101508 -0.00502644 -0.011197
internal_weight=17.9231 13.5192 11.0685 2.45062 4.40396
internal_count=6447 3251 2019 1232 3196
is_linear=0
shrinkage=0.025


Tree=141
num_leaves=7
num_cat=0
split_feature=22 17 7 0 6 16
split_gain=3.29991 2.45941 0.768341 0.633054 0.182486 0.0808061
threshold=0.73978024721145641 0.66432902216911327 5.0761897563934335 4.0511348247528085 3.7485826015472417 0.57612982392311107
decision_type=2 2 2 2 2 2
left_child=1 2 -1 -3 5 -2
right_child=4 3 -4 -5 -6 -7
leaf_value=-0.014762878724243504 0.012076564715385464 0.0082985554616000802 0.00065824585721169378 -0.0029377194653313625 0 0
leaf_weight=6.8661594153090864 4.8940640836954108 3.0962179742928133 1.038379663339583 0.87589675467461336 0.36376425295020443 0.50274184798763588
leaf_count=5382 145 281 272 282 64 101
internal_value=0 -0.00681585 -0.0127826 0.00486788 0.0108998 0.011573
internal_weight=17.6372 11.8767 7.90454 3.97211 5.76057 5.39681
internal_count=6527 6217 5654 563 310 246
is_linear=0
shrinkage=0.025


Tree=142
num_leaves=6
num_cat=0
split_feature=22 17 12 27 16
split_gain=3.14647 2.59947 0.729346 0.724161 0.186914
threshold=0.73978024721145641 0.5253126621246339 2.8851087093353276 0.73578736186027538 0.57612982392311107
decision_type=2 2 2 2 2
left_child=1 3 -3 -1 -2
right_child=4 2 -4 -5 -6
leaf_value=-0.015461935397145382 0.011115873407609807 -0.0038029240974463787 0.0078302220656448259 0.0010488926982779286 0
leaf_weight=6.5350238391693001 4.9376149633462765 0.85738118874724012 3.8322109681612346 0.44486552290618409 0.51421712261799246
leaf_count=5215 188 282 614 82 115
internal_value=-0.000248453 -0.00716937 0.00419347 -0.0138893 0.0103105
internal_weight=17.1213 11.6695 4.68959 6.97989 5.45183
internal_count=6496 6193 896 5297 303
is_linear=0
shrinkage=0.025


Tree=143
num_leaves=7
num_cat=0
split_feature=22 17 13 6 0 25
split_gain=2.81458 2.87184 0.849365 0.50502 0.501314 0.241442
threshold=0.60102802515029918 0.5253126621246339 3.560726642608643 3.9605654478073125 0.3149582445621491 0.3238250613212586
decision_type=2 2 2 2 2 2
left_child=1 4 -3 5 -1 -2
right_child=3 2 -4 -5 -6 -7
leaf_value=1.8091935270874893e-05 0.012379802889844797 -0.0033649733179173975 0.0092547478395437113 -0.0011528540696648709 -0.015035776388219341 0
leaf_weight=0.63935755802958905 5.5520191711257203 1.2934985288738969 3.4772833199531306 0.33565538330003608 5.8222479384858161 0.39195525959075883
leaf_count=145 210 545 291 92 4990 124
internal_value=0.000396888 -0.00610454 0.00522248 0.0101312 -0.0136428 0.0115751
internal_weight=17.512 11.2324 4.77078 6.27963 6.46161 5.94397
internal_count=6397 5971 836 426 5135 334
is_linear=0
shrinkage=0.025


Tree=144
num_leaves=6
num_cat=0
split_feature=21 27 13 24 22
split_gain=3.64474 1.62639 1.06318 0.533175 0.361789
threshold=0.19044689089059832 0.22563968598842624 2.2157694101333623 -4.7776813507080069 0.78722152113914501
decision_type=2 2 2 2 2
left_child=3 2 -2 -1 -3
right_child=1 4 -4 -5 -6
leaf_value=0.00066914281630820263 -0.0026465000860082491 -0.0069314048309526647 0.013431998598976307 -0.013042270461966052 0.0017563926800197684
leaf_weight=0.5833044276514564 0.6597739718563379 1.755587134000961 8.383922874243579 5.1024199129096832 0.9803420363459735
leaf_count=29 257 1099 716 4255 108
internal_value=0 0.00728397 0.0112894 -0.0113958 -0.0038873
internal_weight=17.4654 11.7796 9.0437 5.68572 2.73593
internal_count=6464 2180 973 4284 1207
is_linear=0
shrinkage=0.025


Tree=145
num_leaves=7
num_cat=0
split_feature=21 19 7 6 12 20
split_gain=2.95973 2.24574 0.775026 0.588153 0.373764 0.0529948
threshold=0.94090729951858532 0.28968106210231787 5.0761897563934335 3.9379875659942631 2.8851087093353276 1.3778911232948305
decision_type=2 2 2 2 2 2
left_child=1 2 -1 -3 -2 -6
right_child=4 3 -4 -5 5 -7
leaf_value=-0.014807105964607612 -0.00034062278513511697 0.0078195290820904824 0.00070098021405633443 -0.0029855135233022574 0.011798192636777956 0
leaf_weight=5.8030763902788767 0.50217922040610474 3.1856176748406146 1.0371740988921372 0.75393371663813002 5.4225435922271572 0.54460000897233829
leaf_count=5083 81 324 279 313 230 117
internal_value=0.000344527 -0.00650522 -0.0126248 0.00453929 0.0101633 0.0113695
internal_weight=17.2491 10.7798 6.84025 3.93955 6.46932 5.96714
internal_count=6427 5999 5362 637 428 347
is_linear=0
shrinkage=0.025


Tree=146
num_leaves=7
num_cat=0
split_feature=21 19 5 21 20 24
split_gain=3.42281 2.54674 0.51017 0.399081 0.153848 0.0691554
threshold=0.94090729951858532 0.2447050288319588 4.0129206180572519 0.006716053234413267 1.2667980790138247 -3.6407675743103023
decision_type=2 2 2 2 2 2
left_child=1 5 4 -3 -2 -1
right_child=2 3 -4 -5 -6 -7
leaf_value=0 0.011458458532084596 -0.0023636337585656963 -0.0013728082305777462 0.0063383620836585932 0 -0.015663834126071193
leaf_weight=0.091167298727669599 5.1954315995535572 0.85621688872925039 0.38036736304638896 3.1397413582162699 0.56942217385221727 6.3013507133146058
leaf_count=11 228 425 84 295 126 5284
internal_value=-0.00140848 -0.00900633 0.00915316 0.00350165 0.0107433 -0.015479
internal_weight=16.5337 10.3885 6.14522 3.99596 5.76485 6.39252
internal_count=6453 6015 438 720 354 5295
is_linear=0
shrinkage=0.025


Tree=147
num_leaves=7
num_cat=0
split_feature=27 6 22 27 21 21
split_gain=3.03725 1.8044 0.721331 0.551306 0.281331 0.279643
threshold=0.16833519190549853 3.2834059000015263 0.78722152113914501 0.73578736186027538 -0.1615222170948982 1.8080657720565798
decision_type=2 2 2 2 2 2
left_child=1 4 3 -2 -1 -3
right_child=2 5 -4 -5 -6 -7
leaf_value=0 -0.012532650256665962 -0.0060786568091897412 0.0016243281209724009 0.0010117560926979981 0.013589139275251792 0.0016430245502838097
leaf_weight=0.18981063883256855 5.8938082558306624 2.2376661340022115 1.1983099270291857 0.45095692851464253 6.6831644476769743 0.46573037724010635
leaf_count=122 4436 1375 142 89 333 9
internal_value=0.00016628 0.00812089 -0.00864582 -0.0109974 0.0129191 -0.00373406
internal_weight=17.1194 9.57637 7.54308 6.34477 6.87298 2.7034
internal_count=6506 1839 4667 4525 455 1384
is_linear=0
shrinkage=0.025


Tree=148
num_leaves=7
num_cat=0
split_feature=22 13 26 21 26 19
split_gain=3.58605 1.52256 0.9809 0.119207 0.0981368 0.0632755
threshold=0.034461727365851409 2.9765458106994633 -0.88257181644439686 1.8080657720565798 -1.1257838010787962 0.33767369389534002
decision_type=2 2 2 2 2 2
left_child=4 3 -3 -2 -1 -6
right_child=1 2 -4 -5 5 -7
leaf_value=0 -0.0059972536156442241 0.013417997526236545 -0.00065977068842613636 0 -0.012603786120268979 0
leaf_weight=0.27035072892613321 1.4107241274032265 7.3407707916194331 2.451703783197444 0.25400493876077224 4.6040120752513776 0.3778014840063405
leaf_count=84 595 406 858 8 4370 147
internal_value=0 0.00704375 0.0104392 -0.00483915 -0.0117887 -0.0122017
internal_weight=16.7094 11.4572 9.79247 1.66473 5.25216 4.98181
internal_count=6468 1867 1264 603 4601 4517
is_linear=0
shrinkage=0.025


Tree=149
num_leaves=7
num_cat=0
split_feature=22 17 7 5 13 23
split_gain=2.96036 2.00731 0.813511 0.693354 0.337588 0.25037
threshold=0.73978024721145641 0.5253126621246339 5.0761897563934335 3.6571062803268437 2.5988241434097294 -6.246882200241088
decision_type=2 2 2 2 2 2
left_child=1 2 -1 -3 -2 -6
right_child=4 3 -4 -5 5 -7
leaf_value=-0.014616160672620846 -0.00038540284478185755 0.0074574790405343792 0.00095921972226001436 -0.0038417172268155131 0 0.0123551539413782
leaf_weight=5.667599517983037 0.22134343386278388 3.5794861624890473 0.99485082857427176 0.8796185751853044 0.24296997787314456 5.2580166247062152
leaf_count=5002 51 506 268 369 81 184
internal_value=0.000211408 -0.00635953 -0.0123404 0.00371531 0.0105754 0.0115852
internal_weight=16.8439 11.1216 6.66245 4.4591 5.72233 5.50099
internal_count=6461 6145 5270 875 316 265
is_linear=0
shrinkage=0.025


Tree=150
num_leaves=6
num_cat=0
split_feature=22 17 27 13 23
split_gain=2.52567 2.19026 0.680692 0.669493 0.175808
threshold=0.78722152113914501 0.54937544465065014 0.73578736186027538 3.560726642608643 -4.9096617698669425
decision_type=2 2 2 2 2
left_child=1 2 -1 -3 -2
right_child=4 3 -4 -5 -6
leaf_value=-0.014659432342020599 0 -0.0033381691895333536 0.0010675543581991358 0.007722248477194868 0.0099944190149349257
leaf_weight=6.1668196103128121 0.25728828870342102 1.2345926984271498 0.44338885069009837 3.1555437701899791 4.4850939940952239
leaf_count=5288 89 526 85 306 176
internal_value=-0.000621363 -0.0068418 -0.0130608 0.00382497 0.0092721
internal_weight=15.7427 11.0003 6.61021 4.39014 4.74238
internal_count=6470 6205 5373 832 265
is_linear=0
shrinkage=0.025


Tree=151
num_leaves=7
num_cat=0
split_feature=21 19 7 13 13 20
split_gain=2.53714 1.93545 0.708061 0.533153 0.437168 0.139632
threshold=0.94090729951858532 0.44241766631603247 5.0761897563934335 2.2157694101333623 2.9765458106994633 1.3778911232948305
decision_type=2 2 2 2 2 2
left_child=1 2 -1 -2 -3 -5
right_child=3 4 -4 5 -6 -7
leaf_value=-0.01330502406176326 -0.0013842892097692904 -0.0021177720121682768 0.00090377303112887494 0.011773569886926152 0.0077027198223164929 0
leaf_weight=6.3931453974946653 0.38174683644319785 0.54214028599381014 1.0023212068335849 5.3211878081056057 2.5247906602744479 0.56609171886520915
leaf_count=5407 93 210 275 229 143 114
internal_value=0.000336011 -0.00605902 -0.0112873 0.00951626 0.00495534 0.0111083
internal_weight=16.7314 10.4624 7.39547 6.26903 3.06693 5.88728
internal_count=6471 6035 5682 436 353 343
is_linear=0
shrinkage=0.025


Tree=152
num_leaves=7
num_cat=0
split_feature=21 24 7 13 27 13
split_gain=2.17625 1.49738 0.700393 0.455956 0.147335 0.0933512
threshold=0.94090729951858532 -3.6407675743103023 5.0761897563934335 2.2742590904235844 0.30249199271202093 3.0641437768936162
decision_type=2 2 2 2 2 2
left_child=1 5 -3 -2 -5 -1
right_child=3 2 -4 4 -6 -7
leaf_value=0 -0.0012505784483821001 -0.012043243559134406 0.0013407175675178877 0.01097685488456022 0 0.0056639162905051848
leaf_weight=0.37669247886515167 0.35063803373486813 7.1500394156828389 0.92608142810058769 4.7159671320696361 0.53409667251980852 1.7712388596555682
leaf_count=64 89 5631 257 185 127 79
internal_value=0 -0.00605499 -0.0101047 0.00869801 0.0102581 0.00471454
internal_weight=15.8248 10.2241 8.07612 5.6007 5.25006 2.14793
internal_count=6432 6031 5888 401 312 143
is_linear=0
shrinkage=0.025


Tree=153
num_leaves=7
num_cat=0
split_feature=27 13 22 27 24 21
split_gain=2.47702 1.40805 0.486796 0.483719 0.445181 0.190219
threshold=0.16675938665866855 2.9765458106994633 0.73978024721145641 0.73578736186027538 0.45088237524032598 1.3803803324699404
decision_type=2 2 2 2 2 2
left_child=1 5 3 -2 -3 -1
right_child=2 4 -4 -5 -6 -7
leaf_value=-0.0058729275019746494 -0.011740773240534319 0.012398921701381051 0.00081303777026607907 0.0008685887002587054 -0.00065616722874317418 0.00082441532859322793
leaf_weight=1.5067584972421153 5.6344539203200847 6.2365987705561565 1.0536890390649203 0.46725473419064645 0.33039599881885795 0.41645318368682627
leaf_count=1054 4403 361 153 94 326 24
internal_value=-2.95596e-05 0.00710336 -0.00844777 -0.0102559 0.0112021 -0.0039719
internal_weight=15.6456 8.49021 7.1554 6.10171 6.56699 1.92321
internal_count=6415 1765 4650 4497 687 1078
is_linear=0
shrinkage=0.025


Tree=154
num_leaves=7
num_cat=0
split_feature=21 19 13 27 13 20
split_gain=2.37313 1.87551 0.796014 0.613437 0.459423 0.167217
threshold=0.94090729951858532 0.20129314064979556 2.9765458106994633 0.73578736186027538 2.2157694101333623 1.3778911232948305
decision_type=2 2 2 2 2 2
left_child=1 3 -3 -1 -2 -6
right_child=4 2 -4 -5 5 -7
leaf_value=-0.013920755166216506 -0.0011605204969133518 -0.0042232088048592331 0.0078349065607746793 0.00094460184645182475 0.011416652782035604 0
leaf_weight=5.3564291147486056 0.34297882180544625 1.0242565206644938 3.2866975612487295 0.46635655281716015 4.9187503243229003 0.57189546378504008
leaf_count=5076 87 461 416 90 211 117
internal_value=0 -0.00616318 0.00356932 -0.0122663 0.00915674 0.0106429
internal_weight=15.9674 10.1337 4.31095 5.82279 5.83362 5.49065
internal_count=6458 6043 877 5166 415 328
is_linear=0
shrinkage=0.025


Tree=155
num_leaves=7
num_cat=0
split_feature=22 27 12 19 11 16
split_gain=2.88049 1.88192 0.632906 0.274232 0.251921 0.063711
threshold=0.73978024721145641 0.12888943403959277 2.8851087093353276 0.56665897369384777 2.2217351198196416 0.57612982392311107
decision_type=2 2 2 2 2 2
left_child=1 2 -1 -3 -2 -6
right_child=4 3 -4 -5 5 -7
leaf_value=-0.0038920693428044981 -3.4258909488377835e-05 -0.014323980113532607 0.0068100906660493628 0 0.01084496414306544 0
leaf_weight=1.0258949662384091 0.30757665887358676 5.7783076886626077 3.0784104727354134 0.41361561811936542 4.1983785240154248 0.46608263037342101
leaf_count=575 70 4909 544 73 140 91
internal_value=-0.000955721 -0.00781511 0.00278017 -0.0135011 0.00941843 0.0103837
internal_weight=15.2683 10.2962 4.10431 6.19192 4.97204 4.66446
internal_count=6402 6101 1119 4982 301 231
is_linear=0
shrinkage=0.025


Tree=156
num_leaves=6
num_cat=0
split_feature=24 13 27 21 25
split_gain=2.26268 1.56844 0.714053 0.283845 0.209507
threshold=-3.6407675743103023 4.2367825508117685 0.22563968598842624 1.3024011850357058 -0.60918611288070668
decision_type=2 2 2 2 2
left_child=4 3 -3 -2 -1
right_child=1 2 -4 -5 -6
leaf_value=0.010180595667590647 -0.013003871042792412 0.0071821994475604785 -0.0036491973617610602 0 0
leaf_weight=4.6759753531514434 4.695171497325644 2.9695411814245745 2.1828570646321168 0.55438462196616445 0.35182894174067847
leaf_count=194 4048 346 1676 57 114
internal_value=0 -0.00593352 0.00244052 -0.0119434 0.00932471
internal_weight=15.4298 10.402 5.1524 5.24956 5.0278
internal_count=6435 6127 2022 4105 308
is_linear=0
shrinkage=0.025


Tree=157
num_leaves=7
num_cat=0
split_feature=21 26 13 13 24 23
split_gain=2.9432 0.938394 0.608441 0.400393 0.2299 0.112201
threshold=0.94090729951858532 -0.96880489587783802 3.4533461332321171 2.2157694101333623 -4.7776813507080069 -5.8730993270874015
decision_type=2 2 2 2 2 2
left_child=1 2 -1 -2 -3 -5
right_child=3 4 -4 5 -6 -7
leaf_value=-0.0047490208073311781 -0.00096138997572249292 0 0.0057780035557590832 0 -0.01297099818716559 0.010837355799418032
leaf_weight=1.4653525976900703 0.31747074364102523 0.30009533566771907 2.0772589398256969 0.48857015422254324 5.6546297211534693 4.5816110133309849
leaf_count=955 89 26 233 118 4845 218
internal_value=-0.00131962 -0.00856792 0.000461022 0.00882986 -0.0122687 0.0102365
internal_weight=14.885 9.49734 3.54261 5.38765 5.95473 5.07018
internal_count=6484 6059 1188 425 4871 336
is_linear=0
shrinkage=0.025


Tree=158
num_leaves=6
num_cat=0
split_feature=22 26 5 26 13
split_gain=2.27518 1.37544 0.773642 0.499901 0.278847
threshold=0.73978024721145641 -0.96880489587783802 4.0129206180572519 -0.38679364323616022 2.9765458106994633
decision_type=2 2 2 2 2
left_child=1 2 -1 -3 -2
right_child=4 3 -4 -5 -6
leaf_value=0.0075017636965896729 0 -0.011715985338572639 -0.0042899449918440188 0.00097089060028544534 0.011102049329939984
leaf_weight=3.2146877271879921 0.40589727149927135 5.7957235305148052 1.1098959949522393 0.45186224697681598 4.7624988679090166
leaf_count=459 75 4827 758 90 224
internal_value=0.000796238 -0.00510692 0.0031276 -0.010219 0.0100596
internal_weight=15.7406 10.5722 4.32458 6.24759 5.1684
internal_count=6433 6134 1217 4917 299
is_linear=0
shrinkage=0.025


Tree=159
num_leaves=7
num_cat=0
split_feature=26 13 26 18 22 18
split_gain=2.152 1.46099 0.504407 0.402809 0.361001 0.109052
threshold=-0.93761727213859547 2.9765458106994633 -0.38679364323616022 0.33664736151695257 0.034461727365851409 0.53752049803733837
decision_type=2 2 2 2 2 2
left_child=1 5 3 -2 -3 -1
right_child=2 4 -4 -5 -6 -7
leaf_value=-0.0053451382515931969 -0.011120349060461892 -2.510964768353777e-05 0.0016458332367964429 0 0.012540107714275226 0
leaf_weight=1.3833502656052568 4.7199669940237063 0.50605151038325846 0.65421541463729393 1.6944332951024987 5.9335024814790813 0.53840810115798365
leaf_count=1007 4128 410 107 450 290 99
internal_value=7.39875e-05 0.00721124 -0.00734053 -0.00912408 0.0114269 -0.00406218
internal_weight=15.4299 8.36131 7.06862 6.4144 6.43955 1.92176
internal_count=6491 1806 4685 4578 700 1106
is_linear=0
shrinkage=0.025


Tree=160
num_leaves=7
num_cat=0
split_feature=21 24 2 13 27 13
split_gain=2.08071 1.36132 0.642395 0.369081 0.248433 0.149512
threshold=0.99673113226890575 -3.6407675743103023 1.0000000180025095e-35 2.2157694101333623 0.30249199271202093 3.0641437768936162
decision_type=2 2 2 2 2 2
left_child=1 5 -3 -2 -5 -1
right_child=3 2 -4 4 -6 -7
leaf_value=-0.00053731379444874809 -0.00096921311430900434 0.00093356308234888031 -0.012361733606766191 0.010555219800530148 0 0.0055213180057342619
leaf_weight=0.23555194988148231 0.32123137108283195 0.97216027922695403 6.7653046026462107 4.1983225173898973 0.35619834033423092 1.7714477769477524
leaf_count=67 79 184 5765 154 120 86
internal_value=-0.00066508 -0.0067171 -0.0104899 0.00807442 0.00953982 0.00404227
internal_weight=14.6202 9.74446 7.73746 4.87575 4.55452 2.007
internal_count=6455 6102 5949 353 274 153
is_linear=0
shrinkage=0.025


Tree=161
num_leaves=7
num_cat=0
split_feature=21 19 13 27 12 20
split_gain=1.88432 1.82217 0.674006 0.647447 0.438676 0.165422
threshold=0.94090729951858532 0.2447050288319588 2.9765458106994633 0.73578736186027538 3.0049713850021367 1.3778911232948305
decision_type=2 2 2 2 2 2
left_child=1 3 -3 -1 -2 -6
right_child=4 2 -4 -5 5 -7
leaf_value=-0.013939448725488008 -0.0014111661723639453 -0.0037124766075490958 0.0075734945237592695 0.0011272286774266895 0.010128427845749454 0
leaf_weight=5.2981211159203649 0.38443767823628228 0.8845842864175214 3.0072529727913206 0.43423112611344539 4.4003214559415937 0.40100359907955851
leaf_count=5255 88 397 332 84 206 120
internal_value=-0.000409675 -0.00631679 0.00366027 -0.0122223 0.00765896 0.00937227
internal_weight=14.81 9.62419 3.89184 5.73235 5.18576 4.80133
internal_count=6482 6068 729 5339 414 326
is_linear=0
shrinkage=0.025


Tree=162
num_leaves=7
num_cat=0
split_feature=27 13 22 24 27 16
split_gain=2.27683 1.33134 0.607314 0.574293 0.544555 0.0352043
threshold=0.17022031545639041 2.2157694101333623 0.73978024721145641 0.45088237524032598 0.73578736186027538 0.46706055104732519
decision_type=2 2 2 2 2 2
left_child=1 -1 4 -3 -2 -4
right_child=2 3 5 -5 -6 -7
leaf_value=-0.0045373133286596441 -0.011859774071057101 0.012205410002814781 0.0024754459227291133 -0.0011891990295608615 0.0012126098285123743 0
leaf_weight=1.1661574226964129 5.0707066645409222 6.8211114771256689 0.84922897169599287 0.45334741722035676 0.41517755262611888 0.24033566837897524
leaf_count=662 4388 586 48 594 85 100
internal_value=0 0.00724064 -0.00787782 0.0107171 -0.0101679 0.00150758
internal_weight=15.0161 8.44062 6.57545 7.27446 5.48588 1.08956
internal_count=6463 1842 4621 1180 4473 148
is_linear=0
shrinkage=0.025


Tree=163
num_leaves=6
num_cat=0
split_feature=21 13 26 21 24
split_gain=1.91636 1.13574 0.471236 0.227874 0.149767
threshold=0.006716053234413267 2.9765458106994633 -0.89381760358810414 1.3803803324699404 -4.7776813507080069
decision_type=2 2 2 2 2
left_child=4 3 -3 -2 -1
right_child=1 2 -4 -5 -6
leaf_value=0 -0.0062005426152592817 0.011115532411294553 0 0.00094677622353513992 -0.0098717909161957218
leaf_weight=0.31935427174903486 1.4875557386112626 6.1419850682505039 3.108453117623867 0.76357765385182563 3.2911218892113547
leaf_count=22 999 592 1642 53 3155
internal_value=0.000235249 0.00541832 0.00871415 -0.00393312 -0.00910861
internal_weight=15.112 11.5016 9.25044 2.25113 3.61048
internal_count=6463 3286 2234 1052 3177
is_linear=0
shrinkage=0.025


Tree=164
num_leaves=7
num_cat=0
split_feature=27 6 18 21 21 0
split_gain=2.84689 1.59846 0.452286 0.149364 0.110422 0.0391548
threshold=0.16833519190549853 3.352224707603455 0.33664736151695257 -0.50445398688316334 1.8080657720565798 2.7446514368057255
decision_type=2 2 2 2 2 2
left_child=1 3 -2 -1 -3 -4
right_child=2 4 5 -5 -6 -7
leaf_value=0 -0.012145525247904174 -0.0054616441249750909 0.0016876144488445891 0.012041674295765931 2.9346898032216014e-05 -0.0011504710309556633
leaf_weight=0.1202713047605356 4.5824789808466457 1.8369044065984783 0.79365201344626246 6.1392734491237189 0.25600373232737172 1.0224436817370586
leaf_count=74 4184 1296 57 420 8 419
internal_value=-0.000687019 0.00701864 -0.00996049 0.0116259 -0.00436161 0
internal_weight=14.751 8.35245 6.39857 6.25954 2.09291 1.8161
internal_count=6458 1798 4660 494 1304 476
is_linear=0
shrinkage=0.025


Tree=165
num_leaves=6
num_cat=0
split_feature=21 6 26 21 24
split_gain=2.0012 1.12475 0.592985 0.180906 0.156906
threshold=0.006716053234413267 3.3197416067123418 -0.88257181644439686 1.8080657720565798 -4.7776813507080069
decision_type=2 2 2 2 2
left_child=4 2 -2 -3 -1
right_child=1 3 -4 -5 -6
leaf_value=0 0.01169030636985729 -0.0054655042893285667 0 0.00083616801099694769 -0.0098627421315781363
leaf_weight=0.30731883074622635 6.1853245485035568 1.8541270468267605 3.124987482020515 0.53941836557351042 3.2759943749551903
leaf_count=24 496 1209 1554 23 3199
internal_value=0.000579305 0.00574123 0.00899562 -0.00359494 -0.00907555
internal_weight=15.2872 11.7039 9.31031 2.39355 3.58331
internal_count=6505 3282 2050 1232 3223
is_linear=0
shrinkage=0.025


Tree=166
num_leaves=7
num_cat=0
split_feature=25 6 27 27 25 19
split_gain=1.77834 1.63222 0.652733 0.467076 0.117695 0.102819
threshold=0.42028801143169409 3.1933562755584721 0.074200976639986052 0.73578736186027538 -4.5186681747436515 -0.42853857576847071
decision_type=2 2 2 2 2 2
left_child=1 5 -2 -4 -3 -1
right_child=2 4 3 -5 -6 -7
leaf_value=0 0.0017811909173215661 0 -0.011463581253668751 0.0008895596509057354 -0.0060273784100377259 0.011416448192862323
leaf_weight=0.057246126591053215 1.2975470008459531 0.65722415572963688 4.5391729561961256 0.45419777410279483 1.5083666820646611 6.1633845691612787
leaf_count=53 335 66 4488 95 892 479
internal_value=0 0.00631285 -0.00715479 -0.00983164 -0.00476776 0.011133
internal_weight=14.6771 8.38622 6.29092 4.99337 2.16559 6.22063
internal_count=6408 1490 4918 4583 958 532
is_linear=0
shrinkage=0.025


Tree=167
num_leaves=7
num_cat=0
split_feature=27 6 27 22 22 15
split_gain=2.22611 1.51609 0.360929 0.304443 0.277913 0.0728782
threshold=0.17022031545639041 3.352224707603455 0.73578736186027538 1.3181343674659731 -0.25572586059570307 1.2637177109718325
decision_type=2 2 2 2 2 2
left_child=1 4 3 -2 -1 -3
right_child=2 5 -4 -5 -6 -7
leaf_value=0 -0.010490378027577286 -0.0049532060506829161 0.00081373369500863644 0.00024763357182484695 0.012368446436990194 0
leaf_weight=0.20703241901355784 5.3481217769513032 1.7218371972558091 0.46629166910133779 0.3963330042461165 5.8925172685994749 0.32522978834458616
leaf_count=157 4464 1258 101 30 337 67
internal_value=0 0.00710917 -0.00805221 -0.00939735 0.0115964 -0.00411563
internal_weight=14.3574 8.14662 6.21075 5.74445 6.09955 2.04707
internal_count=6414 1819 4595 4494 494 1325
is_linear=0
shrinkage=0.025


Tree=168
num_leaves=7
num_cat=0
split_feature=26 6 24 27 21 10
split_gain=1.88533 0.888363 0.860099 0.476473 0.231414 0.0378932
threshold=-0.99842628836631764 4.6562788486480722 -4.0352768898010245 0.73578736186027538 -0.1615222170948982 2.1605457067489628
decision_type=2 2 2 2 2 2
left_child=1 4 5 -4 -1 -2
right_child=2 -3 3 -5 -6 -7
leaf_value=0 0 -0.0031474107709643195 -0.011138884970446267 0.0010045506728658948 0.011111413821739566 0.0032752024925456198
leaf_weight=0.19483412171393855 0.15501762226631299 0.84364611312776094 6.1608480448558103 0.44464898110891216 4.8856404981343085 1.4436255365435497
leaf_count=156 26 499 5212 91 330 127
internal_value=-0.000171769 0.00727737 -0.00674293 -0.0097023 0.010331 0.00262409
internal_weight=14.1283 5.92412 8.20414 6.6055 5.08047 1.59864
internal_count=6441 985 5456 5303 486 153
is_linear=0
shrinkage=0.025


Tree=169
num_leaves=7
num_cat=0
split_feature=27 5 24 24 19 24
split_gain=2.24829 1.27407 0.72806 0.424799 0.179061 0.112341
threshold=0.16833519190549853 4.0479609966278085 -3.6407675743103023 0.45088237524032598 0.56665897369384777 -5.4789879322051993
decision_type=2 2 2 2 2 2
left_child=1 3 -2 -1 -4 -3
right_child=2 5 4 -5 -6 -7
leaf_value=0.011942143835349521 0.0017757447957185023 0.00011732297189915989 -0.011377753270703332 -0.00064579003714616097 0 -0.0052048640269136554
leaf_weight=6.164220470163853 1.2520744801149692 0.37630361685296509 5.1886169596182317 0.33689159659115819 0.31618706726294465 1.3119584580708759
leaf_count=421 160 16 4451 443 48 914
internal_value=0 0.00693028 -0.00810181 0.0107492 -0.0107193 -0.00388324
internal_weight=14.9463 8.18937 6.75688 6.50111 5.5048 1.68826
internal_count=6453 1794 4659 864 4499 930
is_linear=0
shrinkage=0.025


Tree=170
num_leaves=7
num_cat=0
split_feature=22 6 2 5 17 16
split_gain=1.56702 1.09467 0.680633 0.419153 0.237928 0.0965985
threshold=0.034461727365851409 3.1933562755584721 1.5855779051780703 -0.19835704565048215 1.023099482059479 -1.4987025260925291
decision_type=2 2 2 2 2 2
left_child=3 2 -2 -1 -5 -3
right_child=1 5 -4 4 -6 -7
leaf_value=0.0014929450057497668 -0.0015743576695472633 3.7719658170910306e-05 0.011107402437089619 -0.010195122989624434 0 -0.004897445509677573
leaf_weight=0.37733373106311674 0.93778131696308076 0.23186761542456213 7.1952096093300497 3.4436032857920527 0.88197219828725781 1.6579216102109047
leaf_count=85 387 6 724 4365 111 770
internal_value=0.000660536 0.00582112 0.00912655 -0.00702572 -0.00884106 -0.00379685
internal_weight=14.7257 10.0228 8.13299 4.70291 4.32558 1.88979
internal_count=6448 1887 1111 4561 4476 776
is_linear=0
shrinkage=0.025


Tree=171
num_leaves=6
num_cat=0
split_feature=21 6 24 27 0
split_gain=2.30243 1.02229 0.449019 0.403192 0.0819008
threshold=0.31240266561508184 3.352224707603455 -4.7776813507080069 0.3142485916614533 3.5935618877410893
decision_type=2 2 2 2 2
left_child=2 3 -1 -2 -3
right_child=1 4 -4 -5 -6
leaf_value=0.00044584327973019096 0.010610971917423025 0 -0.011939471785300441 -6.3840931988396843e-05 -0.004965920978777693
leaf_weight=0.69052758463658293 5.6251583747944078 0.27751961033209216 4.3970122415194073 1.2935632732842348 1.2321287066588409
leaf_count=43 463 48 4701 502 637
internal_value=-0.00125015 0.00551152 -0.0102511 0.00890125 -0.00396808
internal_weight=13.5159 8.42837 5.08754 6.91872 1.50965
internal_count=6394 1650 4744 965 685
is_linear=0
shrinkage=0.025


Tree=172
num_leaves=6
num_cat=0
split_feature=21 6 26 21 24
split_gain=1.67814 1.1039 0.577915 0.220406 0.133743
threshold=0.006716053234413267 3.1933562755584721 -0.84846758842468251 1.8080657720565798 -4.7776813507080069
decision_type=2 2 2 2 2
left_child=4 2 -2 -3 -1
right_child=1 3 -4 -5 -6
leaf_value=0 0.010846158254487391 -0.0060557513904660456 -0.00025441391697148317 0.0010244655660292591 -0.0095442856514013057
leaf_weight=0.30632585458806749 6.2680542495800164 1.786977597017539 2.2312458178857923 0.50880431011319149 3.1302193693045419
leaf_count=20 582 1277 1341 17 3152
internal_value=0 0.00498058 0.00845417 -0.00400323 -0.00882484
internal_weight=14.2316 10.7951 8.4993 2.29578 3.43655
internal_count=6389 3217 1923 1294 3172
is_linear=0
shrinkage=0.025


Tree=173
num_leaves=7
num_cat=0
split_feature=21 6 25 21 15 16
split_gain=1.74852 1.00995 0.664293 0.182956 0.0844051 0.0802249
threshold=0.006716053234413267 3.3197416067123418 0.74626433849334728 1.8080657720565798 2.8981758356094365 1.3850457668304446
decision_type=2 2 2 2 2 2
left_child=4 2 -2 -3 5 -1
right_child=1 3 -4 -5 -6 -7
leaf_value=-0.0095749615998072905 0.011251055380442092 -0.0053712454482233614 -0.00028031847396584026 0.00092143945580396675 0 0
leaf_weight=3.0983936947741331 6.1666425998773757 1.8316186874872067 2.5969020265256404 0.52179071697173629 0.09715828326443432 0.20144073514529726
leaf_count=3141 588 1250 1438 20 12 64
internal_value=0.00031349 0.00531432 0.00851939 -0.00344824 -0.00872732 -0.00913311
internal_weight=14.5139 11.117 8.76354 2.35341 3.39699 3.29983
internal_count=6513 3296 2026 1270 3217 3205
is_linear=0
shrinkage=0.025


Tree=174
num_leaves=7
num_cat=0
split_feature=25 6 26 27 1 0
split_gain=1.5896 1.80432 0.77156 0.509811 0.11909 0.0820143
threshold=0.74626433849334728 3.1933562755584721 -1.0318367481231687 0.73578736186027538 1.7325796484947207 3.5935618877410893
decision_type=2 2 2 2 2 2
left_child=1 4 -2 -4 -1 -3
right_child=2 5 3 -5 -6 -7
leaf_value=0 0.0023559240211018001 0 -0.011750770257992428 0.0010880309592681576 0.011640206668793838 -0.0060868398625997461
leaf_weight=0.089268628551506413 1.4549801656830812 0.321800819197961 3.7898174776055402 0.42356539519096248 6.4056063160096528 1.7931529038032747
leaf_count=66 326 90 4363 87 551 991
internal_value=0.000523475 0.00632046 -0.00653134 -0.00989171 0.0113123 -0.0053075
internal_weight=14.2782 8.60983 5.66836 4.21338 6.49487 2.11495
internal_count=6474 1698 4776 4450 617 1081
is_linear=0
shrinkage=0.025


Tree=175
num_leaves=6
num_cat=0
split_feature=21 13 26 21 24
split_gain=1.72006 1.12415 0.477571 0.198361 0.150181
threshold=0.018845100887119774 3.1729196310043339 -0.79605466127395619 1.8080657720565798 -4.7776813507080069
decision_type=2 2 2 2 2
left_child=4 3 -3 -2 -1
right_child=1 2 -4 -5 -6
leaf_value=0 -0.0060059391089746471 0.010544321236327342 -9.3059532511422278e-05 0.00079858983700535125 -0.0095251254634263829
leaf_weight=0.28587574238190372 1.605748540045169 6.8205324522277797 1.829567304404917 0.53377202135743562 3.1363333863919269
leaf_count=22 1129 981 1066 21 3258
internal_value=0.000134468 0.00522492 0.0086266 -0.00406253 -0.00874664
internal_weight=14.2118 10.7896 8.6501 2.13952 3.42221
internal_count=6477 3197 2047 1150 3280
is_linear=0
shrinkage=0.025


Tree=176
num_leaves=7
num_cat=0
split_feature=22 6 26 26 19 24
split_gain=2.34123 1.36031 0.856953 0.0690029 0.0595712 0.0404302
threshold=0.034461727365851409 3.1933562755584721 -0.79605466127395619 -1.1257838010787962 0.33767369389534002 -5.4789879322051993
decision_type=2 2 2 2 2 2
left_child=3 2 -2 -1 -5 -3
right_child=1 5 -4 4 -6 -7
leaf_value=0 0.011943781713039874 0 -0.0017001755797444288 -0.011067444101666862 0 -0.0055052980190227162
leaf_weight=0.23484472424024616 6.7386446203454389 0.32912460222723883 1.3624087263888203 3.7518128462907061 0.31277035826497002 1.3262721076607693
leaf_count=93 475 27 628 4408 146 724
internal_value=-0.000324219 0.0056654 0.00939898 -0.0103264 -0.0106843 -0.00500127
internal_weight=14.0559 9.75645 8.10105 4.29943 4.06458 1.6554
internal_count=6501 1854 1103 4647 4554 751
is_linear=0
shrinkage=0.025


Tree=177
num_leaves=7
num_cat=0
split_feature=22 17 27 12 13 23
split_gain=1.63714 1.47153 0.626254 0.507416 0.33362 0.0647444
threshold=0.73978024721145641 0.5253126621246339 0.73578736186027538 4.1236133575439462 2.9765458106994633 -4.9096617698669425
decision_type=2 2 2 2 2 2
left_child=1 2 -1 -3 -2 -6
right_child=4 3 -4 -5 5 -7
leaf_value=-0.01294778279439948 -0.00086872443397205282 -0.0029641919399373217 0.0013338980451004182 0.0066494304014615415 0 0.0097078830686153778
leaf_weight=4.926851826705386 0.27411576782469715 1.159050500624289 0.39990594681876235 2.9327183926579892 0.42706948584236659 3.6782184519179282
leaf_count=5241 71 549 81 337 96 141
internal_value=-5.50478e-05 -0.00558908 -0.0111437 0.00310627 0.00781516 0.00924005
internal_weight=13.7979 9.41853 5.32676 4.09177 4.3794 4.10529
internal_count=6516 6208 5322 886 308 237
is_linear=0
shrinkage=0.025


Tree=178
num_leaves=7
num_cat=0
split_feature=22 26 27 5 13 16
split_gain=1.88708 1.14137 0.514527 0.43557 0.253692 0.0617211
threshold=0.73978024721145641 -1.0062959194183347 0.73578736186027538 4.0129206180572519 2.5988241434097294 0.57612982392311107
decision_type=2 2 2 2 2 2
left_child=1 3 -3 -1 -2 -6
right_child=4 2 -4 -5 5 -7
leaf_value=0.0062446647668752842 -0.00029911612463750392 -0.011688206912910205 0.001074930447037939 -0.0029096674390582966 0.010004113106943997 0
leaf_weight=2.351872462451865 0.20851217527524646 5.5958482444621032 0.43456649166182604 0.80352085708727816 3.92872923098912 0.45065691819763731
leaf_count=230 46 5299 92 561 159 89
internal_value=0 -0.00583196 -0.0101315 0.00279247 0.00852582 0.00954781
internal_weight=13.7737 9.18581 6.03041 3.15539 4.5879 4.37939
internal_count=6476 6182 5391 791 294 248
is_linear=0
shrinkage=0.025


Tree=179
num_leaves=6
num_cat=0
split_feature=21 6 25 21 24
split_gain=1.70613 0.940233 0.289295 0.185284 0.112829
threshold=0.006716053234413267 3.3197416067123418 0.74626433849334728 1.8080657720565798 -4.7776813507080069
decision_type=2 2 2 2 2
left_child=4 2 -2 -3 -1
right_child=1 3 -4 -5 -6
leaf_value=0 0.01051184743438517 -0.0051107947386177478 0 0.0011168602178964842 -0.0089933245544127349
leaf_weight=0.30376734345918555 5.9615203245048161 1.7615904715712525 2.6473352484972565 0.49881244264543045 2.8998401224744166
leaf_count=27 593 1214 1411 20 3150
internal_value=0.000810885 0.00567152 0.00870157 -0.00305296 -0.008324
internal_weight=14.0729 10.8693 8.60886 2.2604 3.20361
internal_count=6415 3238 2004 1234 3177
is_linear=0
shrinkage=0.025


Tree=180
num_leaves=7
num_cat=0
split_feature=21 19 7 12 12 3
split_gain=1.82222 1.12714 0.743666 0.331596 0.141196 0.130567
threshold=0.94090729951858532 0.64220607280731212 5.0761897563934335 2.8851087093353276 2.441713929176331 1.0993610024452212
decision_type=2 2 2 2 2 2
left_child=1 2 -1 -2 -3 -5
right_child=3 4 -4 5 -6 -7
leaf_value=-0.012529017870029052 -0.00090570302653433647 -0.00063494853484178911 0.0014868177316930649 0 0.0050212632191284886 0.0094340196080177074
leaf_weight=5.5561343202862172 0.32272939581889737 0.30156605591764662 0.85946360610250838 0.16767947026528407 1.5566033936192978 4.5031960093183443
leaf_count=5593 86 117 274 48 80 290
internal_value=-0.000360942 -0.00661002 -0.0102751 0.00749443 0.00339831 0.00888929
internal_weight=13.2674 8.27377 6.4156 4.9936 1.85817 4.67088
internal_count=6488 6064 5867 424 197 338
is_linear=0
shrinkage=0.025


Tree=181
num_leaves=6
num_cat=0
split_feature=21 19 12 21 20
split_gain=1.94775 1.96739 0.274336 0.216761 0.113645
threshold=0.94090729951858532 0.2447050288319588 3.0049713850021367 0.006716053234413267 1.3778911232948305
decision_type=2 2 2 2 2
left_child=1 -1 -2 -3 -4
right_child=2 3 4 -5 -6
leaf_value=-0.013420164955772879 -0.00040196176969177673 -0.00097957925656980615 0.0095153227632804611 0.0056855008467170069 0
leaf_weight=4.7765925317435158 0.47183183964807618 0.81222028066986274 4.003089457131864 2.7146190105559072 0.49259606753184915
leaf_count=5283 91 414 214 293 115
internal_value=-0.000611666 -0.00699335 0.00758562 0.00374323 0.00885237
internal_weight=13.2709 8.30343 4.96752 3.52684 4.49569
internal_count=6410 5990 420 707 329
is_linear=0
shrinkage=0.025


Tree=182
num_leaves=7
num_cat=0
split_feature=27 5 26 24 21 24
split_gain=1.67926 1.04757 0.464988 0.412033 0.281237 0.0942037
threshold=0.17022031545639041 4.0479609966278085 -0.38679364323616022 0.45088237524032598 0.94090729951858532 -5.4789879322051993
decision_type=2 2 2 2 2 2
left_child=1 3 4 -1 -2 -3
right_child=2 5 -4 -5 -6 -7
leaf_value=0.011507293071911062 -0.010081171117849768 0.00010222344761296392 0.0017320108637315559 -0.00068461009034024049 0 -0.0046184154337533759
leaf_weight=5.6935938096939935 4.0724759783042828 0.3001990251650567 0.62130147030984506 0.33434925540495886 1.382708753852057 1.1833140594753784
leaf_count=426 4312 15 114 441 239 919
internal_value=0.000351975 0.00680473 -0.00653136 0.0102605 -0.00844851 -0.00335702
internal_weight=13.5879 7.51146 6.07649 6.02794 5.45518 1.48351
internal_count=6466 1801 4665 867 4551 934
is_linear=0
shrinkage=0.025


Tree=183
num_leaves=6
num_cat=0
split_feature=21 6 25 27 24
split_gain=1.47016 0.98558 0.532499 0.180874 0.115187
threshold=0.006716053234413267 3.1933562755584721 0.74626433849334728 0.10011577606201173 -4.7776813507080069
decision_type=2 2 2 2 2
left_child=4 2 -2 -3 -1
right_child=1 3 -4 -5 -6
leaf_value=0 0.010799284378264344 0.00055575137254028708 0 -0.0056637070607271495 -0.0088018110594350382
leaf_weight=0.29096364055294577 5.6891730714414717 1.1571563275138026 2.456646670907503 1.2524662949363117 2.8131125329600772
leaf_count=24 538 336 1389 1007 3152
internal_value=0.000301237 0.00498941 0.00833746 -0.0034739 -0.00811215
internal_weight=13.6595 10.5554 8.14582 2.40962 3.10408
internal_count=6446 3270 1927 1343 3176
is_linear=0
shrinkage=0.025


Tree=184
num_leaves=7
num_cat=0
split_feature=21 19 26 13 13 23
split_gain=1.33777 1.27482 0.584077 0.554116 0.323242 0.160069
threshold=0.96874171495437633 0.20129314064979556 -0.38679364323616022 3.0641437768936162 2.2157694101333623 -6.246882200241088
decision_type=2 2 2 2 2 2
left_child=1 2 -1 -3 -2 -6
right_child=4 3 -4 -5 5 -7
leaf_value=-0.012528176295039724 -0.0010121225439636706 -0.0035299138036183793 0.0012410501560666874 0.0066274496098151477 0 0.0091933181810701353
leaf_weight=4.3286891953757722 0.32937324277008961 0.85785767912602784 0.41828310265554947 2.9126234415889485 0.37593709025531996 3.8476920410103048
leaf_count=5059 81 472 88 401 106 212
internal_value=-1.29186e-05 -0.00533638 -0.0106594 0.00290894 0.00687228 0.00838009
internal_weight=13.0705 8.51745 4.74697 3.77048 4.553 4.22363
internal_count=6419 6020 5147 873 399 318
is_linear=0
shrinkage=0.025


Tree=185
num_leaves=7
num_cat=0
split_feature=22 13 3 18 13 23
split_gain=1.32044 0.891681 0.332475 0.230111 0.200388 0.16813
threshold=0.73978024721145641 4.288215398788453 1.6040492057800295 0.53752049803733837 2.5988241434097294 -4.9096617698669425
decision_type=2 2 2 2 2 2
left_child=1 3 -3 -1 -2 -6
right_child=4 2 -4 -5 5 -7
leaf_value=-0.01070453435504538 -0.00021723157489531893 -0.002455866726304864 0.0050593520238412584 0 0 0.0090252663600238134
leaf_weight=4.0197371760368679 0.19792613646132018 1.655816601043625 2.6247531653571059 0.80018729505536601 0.28420041447680011 3.5373547689887346
leaf_count=3948 48 1292 715 236 93 154
internal_value=-1.14079e-05 -0.00505242 0.00172193 -0.00951862 0.00718278 0.00818042
internal_weight=13.12 9.10049 4.28057 4.81992 4.01948 3.82156
internal_count=6486 6191 2007 4184 295 247
is_linear=0
shrinkage=0.025


Tree=186
num_leaves=7
num_cat=0
split_feature=21 6 26 26 24 7
split_gain=1.44525 0.896575 0.54606 0.445082 0.179083 0.0737677
threshold=0.23607862740755084 3.352224707603455 -0.79605466127395619 -0.38679364323616022 -4.7776813507080069 -1.1592777371406553
decision_type=2 2 2 2 2 2
left_child=3 2 -2 4 -1 -3
right_child=1 5 -4 -5 -6 -7
leaf_value=0 0.010447453648636713 0 -0.0008333375324633028 0.0014858596762064382 -0.010268492128554657 -0.004539234991245979
leaf_weight=0.4124445463821752 5.9681236549658925 0.2876728608243867 1.3707969491370011 0.37578095495701003 3.5110116058858694 1.3218991510730116
leaf_count=38 563 27 621 73 4363 778
internal_value=0 0.00524754 0.00835 -0.007472 -0.00938219 -0.00356825
internal_weight=13.2477 8.94849 7.33892 4.29924 3.92346 1.60957
internal_count=6463 1989 1184 4474 4401 805
is_linear=0
shrinkage=0.025


Tree=187
num_leaves=7
num_cat=0
split_feature=26 13 26 24 21 21
split_gain=1.45095 1.04449 0.508153 0.325218 0.306515 0.146232
threshold=-0.93761727213859547 2.9765458106994633 -0.38679364323616022 0.45088237524032598 0.99673113226890575 1.3803803324699404
decision_type=2 2 2 2 2 2
left_child=1 5 4 -3 -2 -1
right_child=2 3 -4 -5 -6 -7
leaf_value=-0.0052579740972747988 -0.010461349909222378 0.010778943338481119 0.0018980104014777385 -0.00041129617764354805 0 0.00057350393677894961
leaf_weight=1.3476496295115792 3.9770506601198576 5.1795990306927706 0.59249666173855065 0.28780681986972911 1.2456858372606801 0.38239915220765386
leaf_count=1072 4322 363 110 348 205 21
internal_value=0 0.00582183 -0.0067545 0.00967771 -0.0087957 -0.00357188
internal_weight=13.0127 7.19745 5.81523 5.46741 5.22274 1.73005
internal_count=6441 1804 4637 711 4527 1093
is_linear=0
shrinkage=0.025


Tree=188
num_leaves=6
num_cat=0
split_feature=21 6 27 21 24
split_gain=1.55094 1.03386 0.194938 0.162993 0.0868892
threshold=0.006716053234413267 3.1933562755584721 0.3142485916614533 1.8080657720565798 -4.7776813507080069
decision_type=2 2 2 2 2
left_child=4 2 -2 -3 -1
right_child=1 3 -4 -5 -6
leaf_value=0 0.010071055599646687 -0.0052655261626968885 0 0.00071959299889392343 -0.0085664956032607681
leaf_weight=0.30889037562883492 6.3305917877223674 1.7119325022795231 1.837222473004658 0.52971264463849355 2.723696000255587
leaf_count=28 834 1302 1084 22 3136
internal_value=0.000788283 0.00551277 0.00883302 -0.00346782 -0.00798763
internal_weight=13.442 10.4095 8.16781 2.24165 3.03259
internal_count=6406 3242 1918 1324 3164
is_linear=0
shrinkage=0.025


Tree=189
num_leaves=5
num_cat=0
split_feature=27 13 24 22
split_gain=1.99124 0.798677 0.466551 0.386986
threshold=0.17022031545639041 2.2157694101333623 0.18952437490224841 0.73978024721145641
decision_type=2 2 2 2
left_child=1 -1 -3 -2
right_child=3 2 -4 -5
leaf_value=-0.0035877521590729545 -0.011236826181966725 0.010047049681727272 -0.0012768800501069004 9.9986083896236124e-05
leaf_weight=0.94562268091249269 4.5042593664620654 5.3575279021752067 0.46012427718960669 0.9220537082874215
leaf_count=642 4511 525 639 140
internal_value=-0.00177121 0.00537769 0.00839745 -0.00958686
internal_weight=12.1896 6.76327 5.81765 5.42631
internal_count=6457 1806 1164 4651
is_linear=0
shrinkage=0.025


Tree=190
num_leaves=7
num_cat=0
split_feature=21 19 7 13 13 26
split_gain=1.36263 0.675217 0.666058 0.323617 0.300734 0.174641
threshold=0.94090729951858532 0.20129314064979556 5.0761897563934335 3.0641437768936162 2.2157694101333623 -0.80571988224983204
decision_type=2 2 2 2 2 2
left_child=1 2 -1 -3 -2 -6
right_child=4 3 -4 -5 5 -7
leaf_value=-0.011742631749852695 -0.00093234321880202779 -0.0031063764406810521 0.0014677301754773978 0.0046276482638584375 0.0090550097891183012 0
leaf_weight=3.9318703827157151 0.32302215322852124 0.79046610992372768 0.85886741142167 2.4120736144832335 3.8570241826892016 0.53231860749656323
leaf_count=4897 89 450 266 400 198 145
internal_value=-0.000144979 -0.00567381 -0.00919588 0.00122683 0.00668266 0.00810677
internal_weight=12.7056 7.99328 4.79074 3.20254 4.71236 4.38934
internal_count=6445 6013 5163 850 432 343
is_linear=0
shrinkage=0.025


Tree=191
num_leaves=7
num_cat=0
split_feature=27 6 12 20 21 22
split_gain=1.39687 1.03492 0.323206 0.238756 0.219405 0.173973
threshold=0.16833519190549853 3.3197416067123418 5.3473250865936288 0.58069756627082836 1.8080657720565798 -0.25572586059570307
decision_type=2 2 2 2 2 2
left_child=1 5 -2 -4 -3 -1
right_child=2 4 3 -5 -6 -7
leaf_value=0 -0.0087118384876510597 -0.0054108116906992415 0.0037678948419747624 -0.0032331725031393452 0.0014171907746493803 0.010645590600423771
leaf_weight=0.15986880833224848 3.5860236212756718 1.6690983107619106 1.3713312824111197 0.62195583779975994 0.43095085467211891 4.7939006635497208
leaf_count=137 3712 1338 432 501 8 315
internal_value=0 0.00592673 -0.00651936 0 -0.00311808 0.0100292
internal_weight=12.6331 7.05382 5.57931 1.99329 2.10005 4.95377
internal_count=6443 1798 4645 933 1346 452
is_linear=0
shrinkage=0.025


Tree=192
num_leaves=6
num_cat=0
split_feature=21 6 26 27 24
split_gain=1.43576 0.756939 0.375419 0.136721 0.0998074
threshold=0.018845100887119774 3.3197416067123418 -0.88257181644439686 0.10011577606201173 -4.7776813507080069
decision_type=2 2 2 2 2
left_child=4 2 -2 -3 -1
right_child=1 3 -4 -5 -6
leaf_value=0 0.010142471477176096 0.0005496738197588052 0 -0.0046938801818607687 -0.0084361958191840978
leaf_weight=0.28925104421796222 5.4900043365196316 1.0685522236308309 2.6193496485575443 1.0584637058054793 2.6736627357386187
leaf_count=22 483 320 1493 899 3211
internal_value=0.000648327 0.00525808 0.00802603 -0.00264514 -0.00779426
internal_weight=13.1993 10.2364 8.10935 2.12702 2.96291
internal_count=6428 3195 1976 1219 3233
is_linear=0
shrinkage=0.025


Tree=193
num_leaves=7
num_cat=0
split_feature=27 13 22 12 21 11
split_gain=1.4843 0.737439 0.566786 0.468924 0.264096 0.0553621
threshold=0.11026668548583986 2.2157694101333623 0.78722152113914501 5.3473250865936288 -0.1615222170948982 2.6566843986511235
decision_type=2 2 2 2 2 2
left_child=1 -1 3 -2 -3 -4
right_child=2 4 5 -5 -6 -7
leaf_value=-0.0026545033881569986 -0.010633893105707788 -9.6896787257035795e-05 -0.0001175244835694372 0.00012248734304227339 0.010846873543322418 0.0029946053379443782
leaf_weight=0.74706175169558253 3.904461665697454 0.230728081674897 0.2043084846518467 1.8442101849650496 4.6057435738257482 1.4459914989420211
leaf_count=469 4351 189 39 872 372 136
internal_value=4.28557e-05 0.00717434 -0.00555765 -0.00814992 0.00990553 0.00187083
internal_weight=12.9825 5.58353 7.39897 5.74867 4.83647 1.6503
internal_count=6428 1030 5398 5223 561 175
is_linear=0
shrinkage=0.025


Tree=194
num_leaves=6
num_cat=0
split_feature=21 13 26 21 22
split_gain=1.3063 0.852901 0.342952 0.208702 0.082206
threshold=0.006716053234413267 3.1729196310043339 -0.79605466127395619 1.3803803324699404 0.86845800280570995
decision_type=2 2 2 2 2
left_child=4 3 -3 -2 -1
right_child=1 2 -4 -5 -6
leaf_value=-0.0083638929105494097 -0.0056545550068199833 0.0094802492678875035 0 0.0010442928970555425 0
leaf_weight=2.629339536870249 1.3612623962908386 6.1566252763732328 1.7258414364187054 0.74279918865067873 0.30358670474379312
leaf_count=3174 1150 975 1105 54 30
internal_value=0.000150511 0.00472451 0.0078228 -0.00333935 -0.0077975
internal_weight=12.9195 9.98653 7.88247 2.10406 2.93293
internal_count=6488 3284 2080 1204 3204
is_linear=0
shrinkage=0.025


Tree=195
num_leaves=7
num_cat=0
split_feature=27 13 24 27 24 26
split_gain=1.49557 0.888951 0.45128 0.362335 0.476503 0.0519106
threshold=0.17022031545639041 2.2157694101333623 0.18952437490224841 0.73578736186027538 -3.6407675743103023 -0.34565120935440058
decision_type=2 2 2 2 2 2
left_child=1 -1 -3 4 -2 -5
right_child=3 2 -4 5 -6 -7
leaf_value=-0.0038095592038993745 0.00067496265577803363 0.010358128477464291 -0.0011189119351776879 0.0026894388591496951 -0.01097092227633964 -0.00039248863992988493
leaf_weight=0.9955365958448964 0.93518935795873392 5.3963291996260523 0.42778118880960381 0.1640341279853601 3.9716795476488187 0.26484706871269725
leaf_count=677 146 543 622 16 4404 85
internal_value=-0.000223058 0.00560702 0.00881027 -0.00738694 -0.00890004 0.00102636
internal_weight=12.1554 6.81965 5.82411 5.33575 4.90687 0.428881
internal_count=6493 1842 1165 4651 4550 101
is_linear=0
shrinkage=0.025


Tree=196
num_leaves=6
num_cat=0
split_feature=21 27 13 14 24
split_gain=1.25214 0.773239 0.515242 0.27687 0.100919
threshold=0.006716053234413267 0.16833519190549853 2.2157694101333623 0.26593658328056341 -4.7776813507080069
decision_type=2 2 2 2 2
left_child=4 2 -2 -3 -1
right_child=1 3 -4 -5 -6
leaf_value=0 -0.0014698827636401262 0.0018330643418336186 0.010283124229578194 -0.0049924260475006539 -0.0082705223457411221
leaf_weight=0.27591963266604613 0.47443018623016353 2.2075672024511732 5.340050002821954 2.0364018460677471 2.6026033564849067
leaf_count=21 274 1230 624 1144 3167
internal_value=0.000215384 0.00465615 0.00851 -0.00169481 -0.00761578
internal_weight=12.937 10.0584 5.81448 4.24397 2.87852
internal_count=6460 3272 898 2374 3188
is_linear=0
shrinkage=0.025


Tree=197
num_leaves=7
num_cat=0
split_feature=27 13 19 24 13 24
split_gain=1.49721 0.795059 0.685091 0.364696 0.0517292 0.0364868
threshold=0.16675938665866855 2.2157694101333623 0.54332491755485546 0.45088237524032598 4.5881156921386728 -5.8737454414367667
decision_type=2 2 2 2 2 2
left_child=1 -1 5 -3 -4 -2
right_child=2 3 4 -5 -6 -7
leaf_value=-0.0036028378557112942 0 0.0096872252366487013 -3.7221105862005605e-05 -0.00083692109764995748 0.0029953953618078039 -0.010561013587882594
leaf_weight=0.9610708661348325 0.037017960916273185 5.3026224653367535 0.20931503069004953 0.37622437701793376 0.91888560676306952 4.4486064219236141
leaf_count=659 2 548 91 566 59 4506
internal_value=-0.000798748 0.00526873 -0.00766538 0.00833932 0.00184157 -0.0104257
internal_weight=12.2537 6.63992 5.61383 5.67885 1.1282 4.48562
internal_count=6431 1773 4658 1114 150 4508
is_linear=0
shrinkage=0.025


Tree=198
num_leaves=7
num_cat=0
split_feature=6 25 27 21 1 22
split_gain=1.35323 1.26216 0.398442 0.136528 0.0905336 0.0146014
threshold=3.1933562755584721 0.74626433849334728 0.094533510506153121 1.1975888013839724 1.7325796484947207 1.1230337023735049
decision_type=2 2 2 2 2 2
left_child=1 4 -3 5 -1 -2
right_child=3 2 -4 -5 -6 -7
leaf_value=0 -0.0088065268246107862 0.0024468139979289217 -0.0062294416939487774 0 0.010348455746488015 0
leaf_weight=0.077566202147861918 2.4199461536845792 0.92351705661712946 2.7742358694085851 0.69675473561801471 5.481639050609374 0.19866111772716966
leaf_count=67 2645 66 2990 74 564 24
internal_value=0.000151464 0.005061 -0.00318305 -0.00760555 0.0100471 -0.00862176
internal_weight=12.5723 9.25696 3.69775 3.31536 5.55921 2.61861
internal_count=6430 3687 3056 2743 631 2669
is_linear=0
shrinkage=0.025


Tree=199
num_leaves=7
num_cat=0
split_feature=21 19 7 13 13 16
split_gain=1.24396 0.771746 0.622766 0.415383 0.294663 0.137585
threshold=0.99673113226890575 0.20129314064979556 5.0761897563934335 2.9765458106994633 2.2157694101333623 0.84109690785408031
decision_type=2 2 2 2 2 2
left_child=1 2 -1 -3 -2 -6
right_child=4 3 -4 -5 5 -7
leaf_value=-0.011318736058342355 -0.000794805262488133 -0.0032733856723527821 0.0014106083178994295 0.0055159124112246945 0.0091930014152329168 0
leaf_weight=3.8523798891583265 0.29994123065262179 0.80947441284661215 0.85361140740860708 2.529865967349906 3.7368106439462281 0.35000943805061968
leaf_count=4938 81 443 271 423 184 108
internal_value=0 -0.00484259 -0.00882863 0.00195069 0.00708773 0.00847306
internal_weight=12.4321 8.04533 4.70599 3.33934 4.38676 4.08682
internal_count=6448 6075 5209 866 373 292
is_linear=0
shrinkage=0.025


Tree=200
num_leaves=7
num_cat=0
split_feature=25 13 26 19 18 20
split_gain=1.82311 1.22889 0.804957 0.13758 0.12647 0.0952817
threshold=0.49990084767341619 2.9765458106994633 -1.0352077484130857 -0.17698500305414197 1.1967553496360781 -1.1674753427505491
decision_type=2 2 2 2 2 2
left_child=1 5 -2 -3 -4 -1
right_child=2 3 4 -5 -6 -7
leaf_value=0 0.0020050216732424189 0 -0.011853369526574904 0.010846783027352603 0 -0.0052107926384696987
leaf_weight=0.4512461530684958 1.2148513917927628 0.47864856538944867 3.6930673696151648 5.3570850298128789 0.1125413211993872 1.2706368992512578
leaf_count=41 309 256 4569 484 2 791
internal_value=0 0.00615159 -0.00814176 0.0102235 -0.0113899 -0.00405836
internal_weight=12.5781 7.55762 5.02046 5.83573 3.80561 1.72188
internal_count=6452 1572 4880 740 4571 832
is_linear=0
shrinkage=0.025


Tree=201
num_leaves=5
num_cat=0
split_feature=21 13 15 27
split_gain=1.37967 0.734887 0.311535 0.228267
threshold=0.006716053234413267 3.7160929441452031 0.43468998372554785 0.10011577606201173
decision_type=2 2 2 2
left_child=-1 3 -3 -2
right_child=1 2 -4 -5
leaf_value=-0.0082985784333294357 0.0014732081875691886 0.009657297378070813 0 -0.0050538331934635852
leaf_weight=2.5616471359535362 1.3602678433089734 5.2580620269945939 1.545256724093633 1.5755782720152636
leaf_count=3189 334 1262 382 1227
internal_value=0.000114105 0.0048154 0.00803477 -0.00221928
internal_weight=12.3008 9.73916 6.80332 2.93585
internal_count=6394 3205 1644 1561
is_linear=0
shrinkage=0.025


Tree=202
num_leaves=6
num_cat=0
split_feature=21 6 25 21 15
split_gain=1.15089 0.823691 0.24649 0.154756 0.0653018
threshold=0.006716053234413267 3.1933562755584721 2.6962850093841557 1.8080657720565798 2.8981758356094365
decision_type=2 2 2 2 2
left_child=4 2 -2 -3 -1
right_child=1 3 -4 -5 -6
leaf_value=-0.0081915343614623066 0.0088098680407938685 -0.005101230747950612 0 0.00069552215003467355 0
leaf_weight=2.5190191248148053 5.8458176522763079 1.7909962845224074 1.406506003164395 0.5073899354902095 0.085125794008490518
leaf_count=3169 1181 1304 696 23 13
internal_value=0 0.00419105 0.00749203 -0.00336539 -0.00780915
internal_weight=12.1549 9.55071 7.25232 2.29839 2.60414
internal_count=6386 3204 1877 1327 3182
is_linear=0
shrinkage=0.025


Tree=203
num_leaves=6
num_cat=0
split_feature=6 25 27 22 22
split_gain=1.66035 0.84492 0.337807 0.153837 0.0197156
threshold=2.839848637580872 0.74626433849334728 0.094533510506153121 1.1230337023735049 0.037470653653144843
decision_type=2 2 2 2 2
left_child=1 4 -3 -2 -1
right_child=3 2 -4 -5 -6
leaf_value=0 -0.010391638276670294 0.0025100412067944871 -0.0053978494964772861 0 0.0090251450541865025
leaf_weight=0.25555179266302541 3.1322039209517256 0.90550050434103502 2.523385430136841 0.36071516776428314 4.401119498659682
leaf_count=127 3215 59 2664 32 351
internal_value=-0.000949176 0.00454778 -0.00231787 -0.00959577 0.00883299
internal_weight=11.5785 8.08556 3.42889 3.49292 4.65667
internal_count=6448 3201 2723 3247 478
is_linear=0
shrinkage=0.025


Tree=204
num_leaves=7
num_cat=0
split_feature=21 24 7 13 27 13
split_gain=1.2574 0.722244 0.619925 0.228031 0.101005 0.0966059
threshold=0.99673113226890575 -3.6407675743103023 5.0761897563934335 2.2157694101333623 0.30249199271202093 3.0641437768936162
decision_type=2 2 2 2 2 2
left_child=1 5 -3 -2 -5 -1
right_child=3 2 -4 4 -6 -7
leaf_value=-0.00048821091602129028 -0.00055412918764541255 -0.010948498381967472 0.0014936337361461406 0.0082778332276595076 0 0.0039694464624149706
leaf_weight=0.22489421383943398 0.26739414932671923 5.0707947511255043 0.83440402394626279 3.3469587699146364 0.47336746484506864 1.3556472601703715
leaf_count=72 76 5633 265 181 119 82
internal_value=-0.000515537 -0.00581608 -0.00873855 0.00636285 0.00759526 0.00249638
internal_weight=11.5735 7.48574 5.9052 4.08772 3.82033 1.58054
internal_count=6428 6052 5898 376 300 154
is_linear=0
shrinkage=0.025


Tree=205
num_leaves=7
num_cat=0
split_feature=26 19 6 26 21 13
split_gain=0.983045 0.884812 0.567433 0.446179 0.15032 0.11551
threshold=-1.0062959194183347 0.51602095365524303 4.6562788486480722 -0.38679364323616022 -0.1615222170948982 3.0641437768936162
decision_type=2 2 2 2 2 2
left_child=2 3 4 -2 -1 -3
right_child=1 5 -4 -5 -6 -7
leaf_value=0 -0.010279572862741761 -0.0003928287209916259 -0.0024202563019131607 0.0011357503135776092 0.0091976026904705618 0.0047475885904130688
leaf_weight=0.15893307883379781 4.8324340941799164 0.24940126958972531 0.69538738472328976 0.41702540430560464 3.72524394094944 1.6013998449489006
leaf_count=139 5226 101 468 100 293 125
internal_value=0 -0.00490834 0.00580566 -0.00865127 0.00851513 0.00336145
internal_weight=11.6798 7.10026 4.57956 5.24946 3.88418 1.8508
internal_count=6452 5552 900 5326 432 226
is_linear=0
shrinkage=0.025


Tree=206
num_leaves=7
num_cat=0
split_feature=27 13 13 24 14 19
split_gain=1.23686 0.75873 0.450274 0.402336 0.289623 0.112669
threshold=0.17022031545639041 2.2157694101333623 5.4658324718475351 0.45088237524032598 0.28070098161697393 0.40039856731891638
decision_type=2 2 2 2 2 2
left_child=1 -1 5 -3 -4 -2
right_child=2 3 4 -5 -6 -7
leaf_value=-0.003260936736678675 -0.0093840740044742032 0.010052275517031193 0.0049084247769629131 -0.00094828907650421372 -0.0028391066914304312 0
leaf_weight=0.87620973406228575 3.1687100825511156 5.4532841060208739 0.95209542196971575 0.39356227260941512 0.60616819158167345 0.67961843779630715
leaf_count=646 3858 590 275 595 298 189
internal_value=0 0.00582636 -0.00600355 0.0086398 0.00107481 -0.0085638
internal_weight=12.1296 6.72306 5.40659 5.84685 1.55826 3.84833
internal_count=6451 1831 4620 1185 573 4047
is_linear=0
shrinkage=0.025


Tree=207
num_leaves=7
num_cat=0
split_feature=27 5 12 24 14 18
split_gain=1.21847 0.769357 0.45257 0.359837 0.239275 0.11419
threshold=0.17022031545639041 4.0479609966278085 5.8253378868103036 0.083996899425983443 0.26593658328056341 0.53752049803733837
decision_type=2 2 2 2 2 2
left_child=1 3 5 -1 -4 -2
right_child=2 -3 4 -5 -6 -7
leaf_value=0.0099306343336286462 -0.0099977577201846995 -0.0031421959775131299 0.0045393533287878159 -0.00077486467174173006 -0.0025314267487514816 0
leaf_weight=4.5880893232970266 3.0574369155729078 1.3306006445382079 0.77707782940706216 0.35072280853273685 0.59092436372884549 0.60327893772773666
leaf_count=376 3948 935 206 506 277 164
internal_value=-0.000167651 0.00520681 -0.00674664 0.00853419 0.00091413 -0.00920609
internal_weight=11.2981 6.26941 5.02872 4.93881 1.368 3.66072
internal_count=6412 1817 4595 882 483 4112
is_linear=0
shrinkage=0.025


Tree=208
num_leaves=7
num_cat=0
split_feature=22 17 7 12 13 25
split_gain=1.08043 0.963828 0.665891 0.238914 0.217166 0.0136143
threshold=0.73978024721145641 0.66432902216911327 5.0761897563934335 3.0049713850021367 2.9765458106994633 -0.84309452772140492
decision_type=2 2 2 2 2 2
left_child=1 2 -1 -3 -2 -6
right_child=4 3 -4 -5 5 -7
leaf_value=-0.011577822596092247 -0.00046671754689466883 -0.0016927528436053202 0.0015384594499347596 0.0052201571734272999 0.0079755224427230167 0
leaf_weight=4.3550796487397729 0.23522939067334059 0.48060926138714455 0.82334448747133127 2.3410805088933557 2.9074847528681866 0.47907166183722383
leaf_count=5370 65 225 271 334 138 94
internal_value=-0.000126617 -0.00492751 -0.00914704 0.00291424 0.00646079 0.00767859
internal_weight=11.6219 8.00011 5.17842 2.82169 3.62179 3.38656
internal_count=6497 6200 5641 559 297 232
is_linear=0
shrinkage=0.025


Tree=209
num_leaves=6
num_cat=0
split_feature=21 13 25 18 24
split_gain=1.09073 0.732914 0.245079 0.119284 0.0688822
threshold=0.018845100887119774 2.9765458106994633 0.49990084767341619 0.53752049803733837 -4.7776813507080069
decision_type=2 2 2 2 2
left_child=4 3 -3 -2 -1
right_child=1 2 -4 -5 -6
leaf_value=0 -0.0047541011793947258 0.0092101724480288145 0 0.0003118243510593831 -0.0075995168976192642
leaf_weight=0.28065996698569451 1.1486440070657389 5.0084396649399423 2.6418584562961769 0.75895068921090558 2.3465367747339787
leaf_count=26 883 633 1539 147 3216
internal_value=0.000361451 0.00456006 0.00741645 -0.00306699 -0.00706987
internal_weight=12.1851 9.55789 7.6503 1.90759 2.6272
internal_count=6444 3202 2172 1030 3242
is_linear=0
shrinkage=0.025


Tree=210
num_leaves=7
num_cat=0
split_feature=26 19 13 26 22 11
split_gain=0.956293 0.569114 0.556362 0.37569 0.139918 0.0962169
threshold=-0.99842628836631764 0.51602095365524303 2.2157694101333623 -0.38679364323616022 -0.25572586059570307 2.6566843986511235
decision_type=2 2 2 2 2 2
left_child=2 3 -1 -2 -4 -3
right_child=1 5 4 -5 -6 -7
leaf_value=-0.002272375491301634 -0.0086528539218080729 -0.00046200889000562283 0 0.001212300529033393 0.0092412963900993916 0.0040028427762742683
leaf_weight=0.67575770640542021 5.197128699735913 0.21402178477728728 0.15334330176847277 0.40593246099888336 4.1304089699769975 1.3821356678745358
leaf_count=460 5153 70 178 102 350 143
internal_value=0.000144488 -0.00428658 0.00612702 -0.00711404 0.00863547 0.00256024
internal_weight=12.1587 7.19922 4.95951 5.60306 4.28375 1.59616
internal_count=6456 5468 988 5255 528 213
is_linear=0
shrinkage=0.025


Tree=211
num_leaves=7
num_cat=0
split_feature=21 19 7 13 13 20
split_gain=1.06048 0.940541 0.630045 0.230404 0.204109 0.161251
threshold=0.99673113226890575 0.51602095365524303 5.0761897563934335 2.2157694101333623 2.9765458106994633 1.3778911232948305
decision_type=2 2 2 2 2 2
left_child=1 2 -1 -2 -3 -5
right_child=3 4 -4 5 -6 -7
leaf_value=-0.011124893113550895 -0.00056477504435028375 -0.0012060120723988465 0.0015141163196092464 0.0085157129684967012 0.0054457678869165036 0
leaf_weight=4.5200852388006751 0.2673638665000907 0.39642447415826643 0.82363562937098311 3.4737095177188171 1.7831495293503392 0.35747541069576971
leaf_count=5514 78 176 269 187 116 113
internal_value=0 -0.00482389 -0.00878236 0.00638892 0.00336807 0.00762692
internal_weight=11.6218 7.52329 5.34372 4.09855 2.17957 3.83118
internal_count=6453 6075 5783 378 292 300
is_linear=0
shrinkage=0.025


Tree=212
num_leaves=6
num_cat=0
split_feature=21 13 25 21 24
split_gain=1.01728 0.795959 0.246893 0.141135 0.0598672
threshold=0.006716053234413267 2.9765458106994633 2.6962850093841557 1.8080657720565798 -4.7776813507080069
decision_type=2 2 2 2 2
left_child=4 3 -3 -2 -1
right_child=1 2 -4 -5 -6
leaf_value=0 -0.0052375754359648983 0.0086365734396047656 0 0.00046565349765420448 -0.0074222131514278663
leaf_weight=0.28805176424793932 1.2656151041082901 6.2692499446893635 1.3307579141801396 0.51948374952189613 2.2708409687838875
leaf_count=27 1021 1411 792 25 3131
internal_value=0.000242063 0.00436165 0.0073801 -0.00353664 -0.00693108
internal_weight=11.944 9.38511 7.60001 1.7851 2.55889
internal_count=6407 3249 2203 1046 3158
is_linear=0
shrinkage=0.025


Tree=213
num_leaves=7
num_cat=0
split_feature=26 19 12 27 24 1
split_gain=0.839814 0.667167 0.51753 0.436042 0.119261 0.0972917
threshold=-0.99842628836631764 0.56665897369384777 2.6077899932861333 0.73578736186027538 0.18952437490224841 4.0772311687469491
decision_type=2 2 2 2 2 2
left_child=2 3 -1 -2 -4 -3
right_child=1 5 4 -5 -6 -7
leaf_value=-0.0024421526157704198 -0.0095582567475600254 0.0041777901812550238 0.0085149156028519295 0.0013238931908233754 0 -0.00037594860478162265
leaf_weight=0.69148963563929999 4.8693491447338602 1.2939475234597919 3.5184045940113724 0.39124988342518907 0.33897617192269525 0.26163085925509211
leaf_count=425 5180 84 275 91 272 96
internal_value=-7.16848e-05 -0.00479255 0.00515312 -0.00788905 0.00783031 0.00275593
internal_weight=11.365 6.81618 4.54887 5.2606 3.85738 1.55558
internal_count=6423 5451 972 5271 547 180
is_linear=0
shrinkage=0.025


Tree=214
num_leaves=7
num_cat=0
split_feature=6 25 26 21 22 1
split_gain=0.976412 0.948667 0.357516 0.109477 0.0851324 0.082337
threshold=3.1933562755584721 0.74626433849334728 -1.0146263241767881 1.3024011850357058 0.96658754348754894 1.7325796484947207
decision_type=2 2 2 2 2 2
left_child=1 5 -3 4 -2 -1
right_child=3 2 -4 -5 -6 -7
leaf_value=0 -0.0082087083650446441 0.0023886033942906873 -0.005836080171337619 0 0 0.0090848337534929508
leaf_weight=0.080562541574179636 2.2470943871958315 0.85422684146033079 2.6012572210092921 0.56364415033021931 0.36425805249018584 4.9241930099306046
leaf_count=64 2710 57 2945 57 35 544
internal_value=0 0.00425378 -0.00285355 -0.00669748 -0.00756092 0.00875934
internal_weight=11.6352 8.46024 3.45548 3.175 2.61135 5.00476
internal_count=6412 3610 3002 2802 2745 608
is_linear=0
shrinkage=0.025


Tree=215
num_leaves=6
num_cat=0
split_feature=21 6 15 26 24
split_gain=0.963269 0.606474 0.282546 0.149056 0.0751747
threshold=0.006716053234413267 3.0469113588333134 0.34646926820278173 -1.0062959194183347 -4.7776813507080069
decision_type=2 2 2 2 2
left_child=4 2 -2 -3 -1
right_child=1 3 -4 -5 -6
leaf_value=0 0.008786506985163858 0.00075268643846173092 0 -0.004593437016558787 -0.0074154320236847334
leaf_weight=0.26169680574093979 4.8893764290587551 1.260190382228757 1.9190175811672814 1.1857208985420582 2.2822017455036994
leaf_count=19 1285 350 542 1109 3197
internal_value=9.8773e-05 0.00417745 0.00704993 -0.0023438 -0.00684492
internal_weight=11.7982 9.25431 6.80839 2.44591 2.5439
internal_count=6502 3286 1827 1459 3216
is_linear=0
shrinkage=0.025


Tree=216
num_leaves=6
num_cat=0
split_feature=21 13 14 7 15
split_gain=0.965006 0.818321 0.286263 0.0760361 0.0576056
threshold=0.006716053234413267 2.9765458106994633 0.54883357882499706 -1.1592777371406553 2.8981758356094365
decision_type=2 2 2 2 2
left_child=4 3 -3 -2 -1
right_child=1 2 -4 -5 -6
leaf_value=-0.0077256578145834965 0 0.0086042309345959085 0 -0.0051042174413292174 0
leaf_weight=2.3370284482844013 0.28168694587657239 5.4974937931074237 2.0742087794715189 1.2159346962944233 0.079520766106725094
leaf_count=3189 34 1618 622 992 11
internal_value=0 0.00378176 0.0068983 -0.0041964 -0.00736148
internal_weight=11.4859 9.06932 7.5717 1.49762 2.41655
internal_count=6466 3266 2240 1026 3200
is_linear=0
shrinkage=0.025


Tree=217
num_leaves=7
num_cat=0
split_feature=25 6 26 26 19 14
split_gain=1.07024 1.07653 0.327672 0.432822 0.0792852 0.0487405
threshold=0.74626433849334728 3.1933562755584721 -0.38679364323616022 -1.0318367481231687 -0.42853857576847071 0.11066809669137002
decision_type=2 2 2 2 2 2
left_child=1 4 3 -2 -1 -4
right_child=2 -3 5 -5 -6 -7
leaf_value=0 0.00066905709201535489 -0.0039047558841032327 0.0026785039330419207 -0.010242516397434828 0.009539867385811699 -0.00027299779152048937
leaf_weight=0.05626177063822968 0.99237946388893794 1.9759175591243545 0.16524585681327142 2.9898510832244938 5.024834699856001 0.25143075067171594
leaf_count=53 319 1065 18 4353 557 79
internal_value=0 0.00495757 -0.00629599 -0.00796873 0.00925125 0.00113566
internal_weight=11.4559 7.05701 4.39891 3.98223 5.0811 0.416677
internal_count=6444 1675 4769 4672 610 97
is_linear=0
shrinkage=0.025


Tree=218
num_leaves=5
num_cat=0
split_feature=21 13 26 21
split_gain=1.03339 0.554892 0.229073 0.12658
threshold=0.006716053234413267 2.9765458106994633 -0.79605466127395619 1.3803803324699404
decision_type=2 2 2 2
left_child=-1 3 -3 -2
right_child=1 2 -4 -5
leaf_value=-0.0075570711644263478 -0.004477713756422759 0.0079786228714741874 0 0.00061878205225939192
leaf_weight=2.2754831986167128 1.1047437114393668 5.6016643162220126 1.6334442150109687 0.68398697263910424
leaf_count=3226 989 1117 1103 50
internal_value=0 0.00405303 0.00659228 -0.00258784
internal_weight=11.2993 9.02384 7.23511 1.78873
internal_count=6485 3259 2220 1039
is_linear=0
shrinkage=0.025


Tree=219
num_leaves=7
num_cat=0
split_feature=25 6 27 27 2 16
split_gain=0.761069 0.975914 0.421088 0.442186 0.0709334 0.0653906
threshold=0.74626433849334728 3.1933562755584721 0.074200976639986052 0.73578736186027538 1.5855779051780703 -1.4987025260925291
decision_type=2 2 2 2 2 2
left_child=1 4 -2 -4 -1 -3
right_child=2 5 3 -5 -6 -7
leaf_value=0 0.0014551797454905669 0 -0.0099887831487864114 0.001289370510101638 0.0087388405431788711 -0.0048269875480360432
leaf_weight=0.072072980779921525 1.1279762162375844 0.26963915908709157 2.9323352125466049 0.38895881360804185 4.7272633100619714 1.614985502870695
leaf_count=62 317 13 4362 86 558 1079
internal_value=0 0.00415615 -0.00538335 -0.00793579 0.00844284 -0.00405598
internal_weight=11.1332 6.68396 4.44927 3.32129 4.79934 1.88462
internal_count=6477 1712 4765 4448 620 1092
is_linear=0
shrinkage=0.025


Tree=220
num_leaves=7
num_cat=0
split_feature=22 17 27 5 13 25
split_gain=0.929602 1.24752 0.573911 0.209197 0.161696 0.133349
threshold=0.73978024721145641 0.65079712867736828 0.73578736186027538 4.0129206180572519 2.5988241434097294 -0.60918611288070668
decision_type=2 2 2 2 2 2
left_child=1 2 -1 -3 -2 -6
right_child=4 3 -4 -5 5 -7
leaf_value=-0.012034818988194597 -0.0001987814811933393 0.0055293624667375613 0.0013569290744845646 -0.0011598556664550105 0.0077282455995001127 0
leaf_weight=4.0581581921942416 0.19858166467747684 2.5386017943383199 0.39828532701358188 0.40799592722760269 2.9651058414820008 0.3161245234732627
leaf_count=5427 53 354 89 203 154 89
internal_value=-0.000255437 -0.0048397 -0.0100924 0.00366964 0.00586333 0.00688344
internal_weight=10.8829 7.40304 4.45644 2.9466 3.47981 3.28123
internal_count=6369 6073 5516 557 296 243
is_linear=0
shrinkage=0.025


Tree=221
num_leaves=6
num_cat=0
split_feature=21 19 13 16 16
split_gain=1.33376 1.17973 0.233368 0.09886 0.0974951
threshold=0.94090729951858532 0.20129314064979556 2.2157694101333623 0.84109690785408031 -0.19689074903726575
decision_type=2 2 2 2 2
left_child=1 -1 -2 -4 -3
right_child=2 4 3 -5 -6
leaf_value=-0.011567070352040286 -0.00060269886160750315 -0.00055922760562719003 0.0081609457495607496 0 0.003685027110373538
leaf_weight=3.7174047214066377 0.28428763063857321 0.35189914873626582 3.5724574910418601 0.3826703853192156 2.7929100748842757
leaf_count=5149 87 191 220 112 675
internal_value=-0.000668977 -0.00633193 0.00628709 0.00754025 0.00239099
internal_weight=11.1016 6.86221 4.23942 3.95513 3.14481
internal_count=6434 6015 419 332 866
is_linear=0
shrinkage=0.025


Tree=222
num_leaves=7
num_cat=0
split_feature=22 13 14 21 13 23
split_gain=1.17298 0.730463 0.269095 0.206553 0.17096 0.0445578
threshold=0.70924809575080883 4.711766481399537 0.35226245224475866 1.8080657720565798 2.5988241434097294 -4.8011484146118155
decision_type=2 2 2 2 2 2
left_child=1 3 -3 -1 -2 -6
right_child=4 2 -4 -5 5 -7
leaf_value=-0.010220063277711659 -0.00015385725630983848 0.004860827174258165 -0.0023053864368951129 0 0 0.0078094605116209
leaf_weight=4.1547282354040362 0.1931784049374986 1.7951218913840423 0.82896400296885975 0.37676612829091016 0.3316698818089211 2.8575119551969692
leaf_count=4812 51 890 412 25 100 155
internal_value=-0.000592082 -0.00569268 0.00174997 -0.00931541 0.00641205 0.00742408
internal_weight=10.5379 7.15558 2.62409 4.53149 3.38236 3.18918
internal_count=6445 6139 1302 4837 306 255
is_linear=0
shrinkage=0.025


Tree=223
num_leaves=7
num_cat=0
split_feature=21 6 27 15 15 16
split_gain=0.875286 0.583826 0.319824 0.313121 0.046793 0.0477458
threshold=0.018845100887119774 2.7253834009170537 0.10011577606201173 0.34646926820278173 2.8981758356094365 1.3850457668304446
decision_type=2 2 2 2 2 2
left_child=4 3 -3 -2 5 -1
right_child=1 2 -4 -5 -6 -7
leaf_value=-0.007399766708782703 0.0089112982927301281 0.0019954969346227527 -0.0058057271394612074 0 0 0
leaf_weight=2.217419324279037 4.2666299837728712 1.5829897497751519 1.2104609129455637 1.5897059912131224 0.083726102155196602 0.1666005176375619
leaf_count=3185 1083 362 1285 492 12 62
internal_value=0 0.00393112 -0.00213896 0.00705383 -0.00670886 -0.00703419
internal_weight=11.1175 8.64979 2.79345 5.85634 2.46775 2.38402
internal_count=6481 3222 1647 1575 3259 3247
is_linear=0
shrinkage=0.025


Tree=224
num_leaves=7
num_cat=0
split_feature=25 6 27 18 1 16
split_gain=1.01557 0.863245 0.634081 0.117803 0.0756592 0.0615424
threshold=0.74626433849334728 3.1933562755584721 0.074200976639986052 1.1967553496360781 1.7794929146766665 -1.4987025260925291
decision_type=2 2 2 2 2 2
left_child=1 4 -2 -4 -1 -3
right_child=2 5 3 -5 -6 -7
leaf_value=0 0.0016869622287034479 0 -0.01077269669012818 0 0.0083419522822569103 -0.0045222943941528827
leaf_weight=0.080191351644316344 1.1833549204238805 0.26217350573278952 3.0808742939480003 0.11552401864901174 4.4427932821163267 1.6698839360433337
leaf_count=70 316 13 4384 2 519 1061
internal_value=-0.00109447 0.00383229 -0.0071942 -0.010268 0.00800229 -0.00375885
internal_weight=10.8348 6.45504 4.37975 3.1964 4.52298 1.93206
internal_count=6365 1663 4702 4386 589 1074
is_linear=0
shrinkage=0.025


Tree=225
num_leaves=7
num_cat=0
split_feature=21 19 27 13 12 16
split_gain=0.955729 0.670346 0.533651 0.217055 0.197484 0.136514
threshold=0.94090729951858532 0.33767369389534002 0.73578736186027538 2.9765458106994633 2.8851087093353276 0.84109690785408031
decision_type=2 2 2 2 2 2
left_child=1 2 -1 -3 -2 -6
right_child=4 3 -4 -5 5 -7
leaf_value=-0.010757854747236437 -0.00049579190798392121 -0.0019346766082627696 0.0015756925820259362 0.0045586042562475804 0.0077260659209242022 0
leaf_weight=3.8194057350119692 0.26699096630909513 0.55167382436047807 0.35937109056976613 1.8370946340728549 3.3191367154649929 0.31904663157183666
leaf_count=5390 72 313 86 233 230 115
internal_value=-0.000178639 -0.00516585 -0.00873571 0.00191871 0.00569806 0.00690001
internal_weight=10.4727 6.56755 4.17878 2.38877 3.90517 3.63818
internal_count=6439 6022 5476 546 417 345
is_linear=0
shrinkage=0.025


Tree=226
num_leaves=5
num_cat=0
split_feature=21 13 3 24
split_gain=0.849625 0.494551 0.298424 0.0619682
threshold=0.006716053234413267 2.2157694101333623 -0.22731537371873853 -4.7776813507080069
decision_type=2 2 2 2
left_child=3 -2 -3 -1
right_child=1 2 -4 -5
leaf_value=0 -0.0029422699239573281 -0.0011070713150174846 0.0073144518881977164 -0.0068871956612602293
leaf_weight=0.2589777129760481 0.76788833279715429 0.34854259579151303 7.5970027805888103 2.0797005605454624
leaf_count=23 480 124 2632 3185
internal_value=0.000237076 0.00413815 0.00617733 -0.00636255
internal_weight=11.0521 8.71343 7.94555 2.33868
internal_count=6444 3236 2756 3208
is_linear=0
shrinkage=0.025


Tree=227
num_leaves=5
num_cat=0
split_feature=22 6 26 16
split_gain=1.15568 0.508109 0.451404 0.0725773
threshold=0.034461727365851409 3.1933562755584721 -0.79605466127395619 -1.4987025260925291
decision_type=2 2 2 2
left_child=-1 2 -2 -3
right_child=1 3 -4 -5
leaf_value=-0.0092218305980335518 0.0080845058826113439 0 -0.0015174872668884017 -0.0041072137204670109
leaf_weight=2.9034935307172418 4.6958874110132447 0.20687946700491 1.1111960491980433 1.3076717875592292
leaf_count=4590 469 5 603 759
internal_value=-0.00196805 0.00297614 0.00581681 -0.00306113
internal_weight=10.2251 7.32163 5.80708 1.51455
internal_count=6426 1836 1072 764
is_linear=0
shrinkage=0.025


Tree=228
num_leaves=5
num_cat=0
split_feature=21 27 13 7
split_gain=0.907898 0.588885 0.387562 0.351148
threshold=0.006716053234413267 0.16833519190549853 2.2157694101333623 3.6388857364654545
decision_type=2 2 2 2
left_child=-1 2 -2 -3
right_child=1 3 -4 -5
leaf_value=-0.0072702729744404688 -0.0012020376017865745 -0.0053074590941529082 0.0089372093861104836 0.0026039931242189678
leaf_weight=2.1594308373532849 0.42050420565283086 2.2578258921275851 4.5546989098402264 1.387178681703517
leaf_count=3203 281 1666 627 678
internal_value=0 0.00372522 0.00728072 -0.00180896
internal_weight=10.7796 8.62021 4.9752 3.645
internal_count=6455 3252 908 2344
is_linear=0
shrinkage=0.025


Tree=229
num_leaves=7
num_cat=0
split_feature=22 17 27 2 13 16
split_gain=0.905092 0.897024 0.541669 0.331768 0.149741 0.0156601
threshold=0.73978024721145641 0.5253126621246339 0.73578736186027538 4.0085339546203622 2.5988241434097294 0.60853451490402233
decision_type=2 2 2 2 2 2
left_child=1 2 -1 -3 -2 -6
right_child=4 3 -4 -5 5 -7
leaf_value=-0.011218547786555342 -5.2306719935311274e-05 0.0054230021213943812 0.0014617274782669938 -0.0025188400306098233 0.0072850612455786119 0
leaf_weight=3.6253273299989814 0.1798451950453458 2.6302523967824532 0.38040281788562413 0.64414689911063749 2.8823288419225723 0.35287367909040757
leaf_count=5264 52 475 90 367 167 94
internal_value=0 -0.00451842 -0.00917738 0.00252733 0.00611796 0.0070434
internal_weight=10.6952 7.28013 4.00573 3.2744 3.41505 3.2352
internal_count=6509 6196 5354 842 313 261
is_linear=0
shrinkage=0.025


Tree=230
num_leaves=7
num_cat=0
split_feature=27 5 22 27 22 20
split_gain=0.805127 0.562402 0.415267 0.426797 0.163224 0.0489079
threshold=0.13069365173578265 4.5054733753204355 0.82584869861602794 0.73578736186027538 -0.25572586059570307 0.73137882351875316
decision_type=2 2 2 2 2 2
left_child=1 4 3 -2 -1 -4
right_child=2 -3 5 -5 -6 -7
leaf_value=0 -0.0089760732807585616 -0.0026645587506667224 0.002826928922189611 0.0015137282268001347 0.008696251435658154 -5.1328446821884458e-05
leaf_weight=0.1899434296065009 4.2061842301009165 0.73227092413071648 1.0101245870901037 0.35954878891061515 3.8702845444131526 0.26245763337647066
leaf_count=279 4987 562 45 76 401 98
internal_value=0 0.00513286 -0.0047565 -0.00713719 0.00792336 0.00166918
internal_weight=10.6308 4.7925 5.83832 4.56573 4.06023 1.27258
internal_count=6448 1242 5206 5063 680 143
is_linear=0
shrinkage=0.025


Tree=231
num_leaves=7
num_cat=0
split_feature=6 25 26 21 22 1
split_gain=0.773132 0.582363 0.292272 0.224045 0.266268 0.0724257
threshold=2.8130863904953007 0.74626433849334728 -1.0146263241767881 1.8080657720565798 0.92063546180725109 1.7325796484947207
decision_type=2 2 2 2 2 2
left_child=1 5 -3 4 -2 -1
right_child=3 2 -4 -5 -6 -7
leaf_value=0 -0.0090372447800411339 0.0024528310572170639 -0.004906565211038035 0.00043271589104806185 0.00021002618960895949 0.0079151595189574722
leaf_weight=0.083794057230989316 2.496528003070126 0.85269944850006174 2.3108233401326288 0.53776689508231346 0.6571985752088948 3.8876563846752106
leaf_count=66 3219 53 2652 24 60 415
internal_value=0 0.00380956 -0.00186995 -0.00594415 -0.00739659 0.00755109
internal_weight=10.8265 7.13497 3.16352 3.69149 3.15373 3.97145
internal_count=6489 3186 2705 3303 3279 481
is_linear=0
shrinkage=0.025


Tree=232
num_leaves=7
num_cat=0
split_feature=22 17 27 12 16 13
split_gain=0.899544 0.810218 0.544457 0.199511 0.174548 0.0829245
threshold=0.73978024721145641 0.65079712867736828 0.73578736186027538 3.0049713850021367 0.57612982392311107 2.9765458106994633
decision_type=2 2 2 2 2 2
left_child=1 2 -1 -3 5 -2
right_child=4 3 -4 -5 -6 -7
leaf_value=-0.010964753075917055 0 -0.001572775640401139 0.0015658422809121716 0.0046720203765659952 -0.000245583800693563 0.0075814015475253018
leaf_weight=3.901539840069745 0.24175737754558291 0.47603849136066889 0.36059369948634401 2.1830546964192763 0.28489708570123173 2.6802108362280705
leaf_count=5443 52 225 80 354 105 128
internal_value=-0.000248158 -0.00486632 -0.00895683 0.00244112 0.00584978 0.00701294
internal_weight=10.1281 6.92123 4.26213 2.65909 3.20687 2.92197
internal_count=6387 6102 5523 579 285 180
is_linear=0
shrinkage=0.025


Tree=233
num_leaves=7
num_cat=0
split_feature=22 12 14 17 6 5
split_gain=0.805553 0.645413 0.314736 0.290571 0.0600611 0.0158902
threshold=0.82584869861602794 5.2464146614074716 0.35226245224475866 0.90001845359802257 3.9215564727783208 0.35157349705696112
decision_type=2 2 2 2 2 2
left_child=1 3 -3 -1 5 -2
right_child=4 2 -4 -5 -6 -7
leaf_value=-0.0096128076253541687 0 0.0054450665405840855 -0.00243634762941942 0 0 0.006397022560759906
leaf_weight=3.5822106874366 0.20288071842514988 1.7456172524834985 0.69338390112898185 1.350034516508458 0.29226657937397238 2.4904420022357954
leaf_count=4919 53 704 362 218 40 141
internal_value=-0.00021731 -0.00445146 0.00223273 -0.0078461 0.00569562 0.00620901
internal_weight=10.3568 7.37125 2.439 4.93225 2.98559 2.69332
internal_count=6437 6203 1066 5137 234 194
is_linear=0
shrinkage=0.025


Tree=234
num_leaves=7
num_cat=0
split_feature=26 19 6 22 21 26
split_gain=1.13973 0.787924 0.415903 0.182988 0.170384 0.0241871
threshold=-1.0007800459861753 0.51602095365524303 4.6562788486480722 0.73978024721145641 0.039243239909410484 -0.98304933309555043
decision_type=2 2 2 2 2 2
left_child=2 3 4 -2 -1 -3
right_child=1 5 -4 -5 -6 -7
leaf_value=0 -0.010261406841491454 0 -0.0017540802049002314 0 0.0086986534735496827 0.0029984287514722074
leaf_weight=0.18527382599131703 4.2732567193779687 0.075597926002956117 0.56887972385084129 0.57696997441234987 3.6371309559472138 1.5490368538230539
leaf_count=201 5249 17 470 91 289 205
internal_value=-0.000577946 -0.00600209 0.00569181 -0.00935511 0.00787446 0.00257022
internal_weight=10.8661 6.47486 4.39128 4.85023 3.8224 1.62463
internal_count=6522 5562 960 5340 490 222
is_linear=0
shrinkage=0.025


Tree=235
num_leaves=7
num_cat=0
split_feature=27 5 19 27 22 3
split_gain=0.739298 0.539297 0.433811 0.375623 0.132203 0.0547166
threshold=0.13069365173578265 4.0129206180572519 0.51602095365524303 0.73578736186027538 -0.25572586059570307 3.5948607921600346
decision_type=2 2 2 2 2 2
left_child=1 4 3 -2 -1 -4
right_child=2 -3 5 -5 -6 -7
leaf_value=0 -0.0090813154123245109 -0.0025822078136370497 0.0029084897340475456 0.0010788021374851348 0.0082313026862344246 -0.00018780957955962096
leaf_weight=0.1649053773544441 4.117404389908188 1.0261381446507583 1.0697722822224021 0.42900490306783456 3.4603092507168185 0.20290926425514033
leaf_count=201 4957 753 102 103 291 87
internal_value=-0.000292511 0.00448012 -0.00499252 -0.007405 0.00754184 0.00166224
internal_weight=10.4704 4.65135 5.81909 4.54641 3.62521 1.27268
internal_count=6494 1245 5249 5060 492 189
is_linear=0
shrinkage=0.025


Tree=236
num_leaves=6
num_cat=0
split_feature=6 25 26 21 19
split_gain=0.812811 0.649582 0.310373 0.254467 0.0528525
threshold=3.1933562755584721 0.74626433849334728 -1.0146263241767881 1.8080657720565798 -0.42853857576847071
decision_type=2 2 2 2 2
left_child=1 4 -3 -2 -1
right_child=3 2 -4 -5 -6
leaf_value=0 -0.0077355371730147213 0.0025666578067649465 -0.0049759765715541027 0.00065506607611001807 0.0083102259824759297
leaf_weight=0.073414097794738953 2.268442611843057 0.94145029332139563 2.3759255736949854 0.46735527872806404 4.2835171201913909
leaf_count=53 2738 69 2999 19 548
internal_value=8.65839e-05 0.00425886 -0.00182783 -0.00599729 0.0080615
internal_weight=10.4101 7.67431 3.31738 2.7358 4.35693
internal_count=6426 3669 3068 2757 601
is_linear=0
shrinkage=0.025


Tree=237
num_leaves=7
num_cat=0
split_feature=21 19 7 13 13 20
split_gain=0.803726 0.589267 0.602911 0.228297 0.224815 0.162441
threshold=0.94090729951858532 0.33767369389534002 5.0761897563934335 2.2157694101333623 2.9765458106994633 1.3778911232948305
decision_type=2 2 2 2 2 2
left_child=1 2 -1 -2 -3 -5
right_child=3 4 -4 5 -6 -7
leaf_value=-0.01026158401789983 -0.00066928142013493821 -0.0018777412938725101 0.0018284526934561783 0.0081270287669615599 0.0047689395504501974 0
leaf_weight=3.3254416150994075 0.29173965967493121 0.52234084060910424 0.7556865726946852 3.449894306413626 1.8771197850874157 0.39217712768004265
leaf_count=5251 89 287 270 226 220 118
internal_value=8.10342e-05 -0.0040269 -0.00756054 0.00588434 0.00218625 0.00718589
internal_weight=10.6144 6.48059 4.08113 4.13381 2.39946 3.84207
internal_count=6461 6028 5521 433 507 344
is_linear=0
shrinkage=0.025


Tree=238
num_leaves=7
num_cat=0
split_feature=21 19 2 13 13 23
split_gain=0.745892 0.484 0.541804 0.252849 0.208598 0.094258
threshold=0.94090729951858532 0.2447050288319588 1.0000000180025095e-35 2.9765458106994633 2.2742590904235844 -6.246882200241088
decision_type=2 2 2 2 2 2
left_child=1 2 -1 -3 -2 -6
right_child=4 3 -4 -5 5 -7
leaf_value=0.0014439295773714721 -0.00073178686552221543 -0.0025334968863691496 -0.010261340533732389 0.0044085620875328997 0 0.0071631380406370505
leaf_weight=0.80984783546591677 0.3015969492553271 0.65716890654584892 3.0879703605678515 1.9436207018006824 0.38068806621595319 3.1236134581231454
leaf_count=185 92 398 5159 316 110 223
internal_value=-5.12414e-05 -0.00452885 -0.00768215 0.00131946 0.00511489 0.00648741
internal_weight=10.3045 6.49861 3.89782 2.60079 3.8059 3.5043
internal_count=6483 6058 5344 714 425 333
is_linear=0
shrinkage=0.025


Tree=239
num_leaves=6
num_cat=0
split_feature=21 6 14 27 15
split_gain=0.722249 0.461704 0.353085 0.144667 0.0373753
threshold=0.006716053234413267 2.931096196174622 0.55912283062934887 0.10011577606201173 -0.70699605345726002
decision_type=2 2 2 2 2
left_child=4 2 -2 -3 -1
right_child=1 3 -4 -5 -6
leaf_value=0 0.0083092588708637959 0.00089517286133203094 -0.00048838942582867082 -0.0043412694811273784 -0.0065708655454212858
leaf_weight=0.17104431709594825 4.4705666674890363 1.2082035731073122 1.5567444060143314 1.0894976022427725 1.9305685126346368
leaf_count=86 1290 345 487 1134 3103
internal_value=0 0.00362945 0.00627906 -0.00200457 -0.00623274
internal_weight=10.4266 8.32501 6.02731 2.2977 2.10161
internal_count=6445 3256 1777 1479 3189
is_linear=0
shrinkage=0.025


Tree=240
num_leaves=7
num_cat=0
split_feature=22 17 27 12 13 16
split_gain=0.745138 0.872926 0.531635 0.231883 0.131893 0.0850572
threshold=0.73978024721145641 0.65079712867736828 0.73578736186027538 3.0049713850021367 2.5988241434097294 0.57612982392311107
decision_type=2 2 2 2 2 2
left_child=1 2 -1 -3 -2 -6
right_child=4 3 -4 -5 5 -7
leaf_value=-0.010658635429152198 0 -0.001618009060454196 0.0016062684481358903 0.0051938626407959107 0.0071815181782856107 0
leaf_weight=3.727172335551586 0.17689426455763202 0.47493597519496722 0.35277320460590988 2.4126546612969832 2.8432550865400121 0.37838367153017305
leaf_count=5508 48 226 83 353 161 104
internal_value=0 -0.00405513 -0.00860928 0.00296565 0.00565857 0.00653717
internal_weight=10.3661 6.96754 4.07995 2.88759 3.39853 3.22164
internal_count=6483 6170 5591 579 313 265
is_linear=0
shrinkage=0.025


Tree=241
num_leaves=7
num_cat=0
split_feature=25 13 26 1 16 21
split_gain=1.00504 0.869994 0.591205 0.0741159 0.0545579 0.0407757
threshold=0.74626433849334728 2.9765458106994633 -1.0318367481231687 1.7325796484947207 -1.4987025260925291 0.35167987644672399
decision_type=2 2 2 2 2 2
left_child=1 4 5 -3 -1 -2
right_child=2 3 -4 -5 -6 -7
leaf_value=0 0 0 -0.010056189061760111 0.0084112403412786897 -0.0047126396890941093 0.0026545725950377491
leaf_weight=0.2712175688066053 0.21531184181003504 0.078983342842548043 2.7683317824667029 4.7266383860842325 1.1474770986897054 0.89828359172679484
leaf_count=15 275 65 4426 716 846 51
internal_value=-0.000547103 0.00422658 -0.00697542 0.00809043 -0.00399476 0.00162174
internal_weight=10.1062 6.22432 3.88193 4.80562 1.41869 1.1136
internal_count=6394 1642 4752 781 861 326
is_linear=0
shrinkage=0.025


Tree=242
num_leaves=7
num_cat=0
split_feature=21 6 25 21 15 15
split_gain=0.706384 0.51847 0.297055 0.0991647 0.0398164 0.0382323
threshold=0.018845100887119774 3.3197416067123418 2.6962850093841557 1.8080657720565798 2.8981758356094365 -0.70699605345726002
decision_type=2 2 2 2 2 2
left_child=4 2 -2 -3 5 -1
right_child=1 3 -4 -5 -6 -7
leaf_value=0 0.0078611918172580789 -0.0041098560597655305 -0.00051512042028376893 0.0003815931994716818 0 -0.0067421382812301346
leaf_weight=0.16952112952640153 5.2881404623694817 1.3107362630944406 1.0346954779779478 0.49991876311833028 0.076775115245254599 1.9773434778653625
leaf_count=86 1250 1202 729 26 14 3163
internal_value=0 0.00363049 0.0063163 -0.00258235 -0.00609538 -0.00640584
internal_weight=10.3571 8.13349 6.32284 1.81066 2.22364 2.14686
internal_count=6470 3207 1979 1228 3263 3249
is_linear=0
shrinkage=0.025


Tree=243
num_leaves=7
num_cat=0
split_feature=27 5 22 27 22 16
split_gain=0.618229 0.536063 0.41789 0.403126 0.14423 0.0341068
threshold=0.13069365173578265 4.5054733753204355 0.73978024721145641 0.73578736186027538 -0.25572586059570307 0.57612982392311107
decision_type=2 2 2 2 2 2
left_child=1 4 3 -2 -1 -4
right_child=2 -3 5 -5 -6 -7
leaf_value=0 -0.0087156417970946139 -0.0027862636883091763 0.002642302925531425 0.0014410552149671388 0.0081680932529377605 0
leaf_weight=0.18070297458325546 3.8843761936041119 0.75164963844872534 1.1385256111861961 0.38274567307962559 3.5803575739300868 0.22534819976135612
leaf_count=294 4958 567 77 93 401 96
internal_value=0 0.0044918 -0.00427692 -0.00684422 0.00741974 0.00183981
internal_weight=10.1437 4.51271 5.631 4.26712 3.76106 1.36387
internal_count=6486 1262 5224 5051 695 173
is_linear=0
shrinkage=0.025


Tree=244
num_leaves=6
num_cat=0
split_feature=21 13 14 21 24
split_gain=0.740905 0.518415 0.295745 0.101894 0.0404601
threshold=0.006716053234413267 2.9765458106994633 0.55912283062934887 1.8080657720565798 -4.7776813507080069
decision_type=2 2 2 2 2
left_child=4 3 -3 -2 -1
right_child=1 2 -4 -5 -6
leaf_value=0 -0.0041404259155454742 0.008333904364966848 0 0.00044136674445432273 -0.0062198614102881682
leaf_weight=0.26710791079676743 1.0313741339559763 5.0047682243675808 1.7377454994930301 0.4848822661442681 1.8499109947915719
leaf_count=25 1006 1637 595 20 3113
internal_value=0.000473669 0.00413592 0.00659049 -0.00250168 -0.00580359
internal_weight=10.3758 8.25877 6.74251 1.51626 2.11702
internal_count=6396 3258 2232 1026 3138
is_linear=0
shrinkage=0.025


Tree=245
num_leaves=6
num_cat=0
split_feature=22 6 27 16 27
split_gain=0.942615 0.492609 0.328397 0.0601258 0.0330725
threshold=0.034461727365851409 3.1933562755584721 0.3142485916614533 -1.4987025260925291 -0.017611912451684471
decision_type=2 2 2 2 2
left_child=4 2 -2 -3 -1
right_child=1 3 -4 -5 -6
leaf_value=0 0.0079352977544300072 0 -0.00068205195081758822 -0.0037801672029576109 -0.0079464706201251845
leaf_weight=0.18750296851794734 4.4747993215351016 0.21184096252545703 1.1556188705617385 1.1649161439563611 2.6900681834995339
leaf_count=96 477 7 597 749 4518
internal_value=-0.000922404 0.00337623 0.00608978 -0.00281458 -0.00768241
internal_weight=9.88475 7.00718 5.63042 1.37676 2.87757
internal_count=6444 1830 1074 756 4614
is_linear=0
shrinkage=0.025


Tree=246
num_leaves=7
num_cat=0
split_feature=13 22 25 17 7 26
split_gain=0.623802 0.667583 0.401372 0.169188 0.120058 0.0909303
threshold=4.2367825508117685 0.82584869861602794 2.6962850093841557 0.0094836493954062479 -1.1592777371406553 -1.0827886462211607
decision_type=2 2 2 2 2 2
left_child=1 4 3 -2 -1 -4
right_child=2 -3 5 -5 -6 -7
leaf_value=0 -4.2112304365108156e-05 0.0025755545114108753 0.00051348246378491477 0.0074855548092134161 -0.0093995681215550148 -0.0037557067304814758
leaf_weight=0.31864020099965307 0.31630651816522037 1.3945353400595193 0.37882550591893938 3.4555324705142993 2.8966846916846407 0.79976100585554377
leaf_count=95 345 116 26 712 4025 1141
internal_value=-0.000326333 -0.00507829 0.00379885 0.0064776 -0.00870582 -0.00206686
internal_weight=9.56029 4.60986 4.95043 3.77184 3.21532 1.17859
internal_count=6460 4236 2224 1057 4120 1167
is_linear=0
shrinkage=0.025


Tree=247
num_leaves=6
num_cat=0
split_feature=13 25 26 19 20
split_gain=0.700184 0.535612 0.313782 0.117 0.097135
threshold=2.9765458106994633 0.74626433849334728 -1.0146263241767881 -0.17698500305414197 -1.1674753427505491
decision_type=2 2 2 2 2
left_child=4 3 -3 -2 -1
right_child=1 2 -4 -5 -6
leaf_value=0 0 0.002645529730367763 -0.0049268936090213437 0.0077910645935670951 -0.006876870799004977
leaf_weight=0.45383111829141887 0.44617379672854429 0.94906626142255879 2.392958588017791 4.1938450563393417 1.833235013138619
leaf_count=50 274 112 3362 552 2105
internal_value=0 0.00367333 -0.0017305 0.00709265 -0.00600125
internal_weight=10.2691 7.98204 3.34202 4.64002 2.28707
internal_count=6455 4300 3474 826 2155
is_linear=0
shrinkage=0.025


Tree=248
num_leaves=7
num_cat=0
split_feature=26 22 13 27 22 11
split_gain=0.708751 0.47971 0.413116 0.400938 0.110208 0.0620042
threshold=-1.0007800459861753 0.73978024721145641 2.2157694101333623 0.73578736186027538 -0.25572586059570307 2.6566843986511235
decision_type=2 2 2 2 2 2
left_child=2 3 -1 -2 -4 -3
right_child=1 5 4 -5 -6 -7
leaf_value=-0.0017893513019713665 -0.008578312397351082 -8.6287812216469966e-05 0 0.0014850435248337144 0.0083198118537057171 0.0033543444999590507
leaf_weight=0.57307400364879857 4.0124063582406961 0.13702110178564897 0.13626080194444545 0.36603002857009403 3.583163172872446 1.4815036024083381
leaf_count=462 5231 45 174 91 337 155
internal_value=0.000222864 -0.00380055 0.00553694 -0.0067274 0.00776131 0.00227361
internal_weight=10.2895 5.99696 4.2925 4.37844 3.71942 1.61852
internal_count=6495 5522 973 5322 511 200
is_linear=0
shrinkage=0.025


Tree=249
num_leaves=7
num_cat=0
split_feature=21 19 26 13 13 20
split_gain=0.732064 0.534761 0.482382 0.234985 0.195325 0.0946639
threshold=0.94090729951858532 0.20129314064979556 -0.38679364323616022 2.9765458106994633 2.2157694101333623 1.3778911232948305
decision_type=2 2 2 2 2 2
left_child=1 2 -1 -3 -2 -6
right_child=4 3 -4 -5 5 -7
leaf_value=-0.010026500887339732 -0.00056108135469964623 -0.0022918403696574408 0.0015412070868967382 0.004355062201553842 0.0073124969926143804 0
leaf_weight=3.0388067526218951 0.27953992673428762 0.63200977603264652 0.36762054919017817 2.1649180290769436 3.1037297654147555 0.4228717328805941
leaf_count=5069 86 454 84 418 219 125
internal_value=0 -0.00426502 -0.00786047 0.00154497 0.00536794 0.00662433
internal_weight=10.0095 6.20336 3.40643 2.79693 3.80614 3.5266
internal_count=6455 6025 5153 872 430 344
is_linear=0
shrinkage=0.025


Tree=250
num_leaves=7
num_cat=0
split_feature=22 13 14 17 11 16
split_gain=0.618563 0.633147 0.233132 0.178036 0.131975 0.0605639
threshold=0.78722152113914501 4.2367825508117685 0.35226245224475866 1.1159101724624636 2.2217351198196416 0.57612982392311107
decision_type=2 2 2 2 2 2
left_child=1 3 -3 -1 -2 -6
right_child=4 2 -4 -5 5 -7
leaf_value=-0.0089566755488523619 0 0.0046655038161600056 -0.0017775849294224537 0 0.0070079449401096771 0
leaf_weight=2.6329199821630032 0.31975675954890936 2.4470787419013509 1.1534926296881165 0.80941690494364582 2.4476390733070734 0.35391518007236289
leaf_count=4035 63 1403 617 107 119 95
internal_value=0 -0.00342385 0.00204126 -0.00770392 0.00549728 0.00648317
internal_weight=10.1642 7.04291 3.60057 3.44234 3.12131 2.80155
internal_count=6439 6162 2020 4142 277 214
is_linear=0
shrinkage=0.025


Tree=251
num_leaves=7
num_cat=0
split_feature=6 25 27 22 21 1
split_gain=0.693008 0.591162 0.22989 0.080768 0.103592 0.0526614
threshold=3.1933562755584721 0.49990084767341619 0.094533510506153121 0.92063546180725109 1.8080657720565798 1.7325796484947207
decision_type=2 2 2 2 2 2
left_child=1 5 -3 4 -2 -1
right_child=3 2 -4 -5 -6 -7
leaf_value=0 -0.0073527511847973322 0.0019349569499583327 -0.0045941014298518093 0 0 0.0077799633056025762
leaf_weight=0.059259514695440774 1.9496562153617567 0.79495918732573079 2.2750762735049648 0.44116632820805524 0.27316006837645534 3.9787436706101289
leaf_count=50 2730 67 2999 50 20 490
internal_value=0 0.00377597 -0.00197762 -0.00583004 -0.00656158 0.00751594
internal_weight=9.77202 7.10804 3.07004 2.66398 2.22282 4.038
internal_count=6406 3606 3066 2800 2750 540
is_linear=0
shrinkage=0.025


Tree=252
num_leaves=6
num_cat=0
split_feature=21 6 26 21 15
split_gain=0.76135 0.502567 0.236716 0.102385 0.0395331
threshold=0.006716053234413267 3.3197416067123418 -0.79605466127395619 1.8080657720565798 2.8981758356094365
decision_type=2 2 2 2 2
left_child=4 2 -2 -3 -1
right_child=1 3 -4 -5 -6
leaf_value=-0.00640957736606141 0.008036765909570677 -0.0039313928634871036 0 0.00056417991657743726 0
leaf_weight=1.8644823787108187 5.0242703728363258 1.3158538178468004 1.5660211684116792 0.47121085098478932 0.069852071574132313
leaf_count=3172 914 1217 1157 20 11
internal_value=0.000382423 0.00406251 0.00656489 -0.00228278 -0.00609144
internal_weight=10.3117 8.37736 6.59029 1.78706 1.93433
internal_count=6491 3308 2071 1237 3183
is_linear=0
shrinkage=0.025


Tree=253
num_leaves=6
num_cat=0
split_feature=21 6 25 26 24
split_gain=0.527796 0.354769 0.189527 0.0940093 0.0537362
threshold=0.006716053234413267 3.1933562755584721 2.6962850093841557 -1.0062959194183347 -4.7776813507080069
decision_type=2 2 2 2 2
left_child=4 2 -2 -3 -1
right_child=1 3 -4 -5 -6
leaf_value=0 0.0065482954031978839 0.00039627048894892464 -0.00011700490252079815 -0.0038204878349900129 -0.006128677822150496
leaf_weight=0.23346404416952315 4.7751210657079355 0.95913992173518636 1.0465910518869348 0.89706647155981023 1.8195491625810971
leaf_count=21 1199 328 701 1016 3217
internal_value=0 0.00290936 0.00527208 -0.00203002 -0.00561743
internal_weight=9.73093 7.67792 5.82171 1.85621 2.05301
internal_count=6482 3244 1900 1344 3238
is_linear=0
shrinkage=0.025


Tree=254
num_leaves=6
num_cat=0
split_feature=22 17 27 12 16
split_gain=0.623379 0.549042 0.493601 0.251816 0.0943722
threshold=0.78722152113914501 0.5253126621246339 0.73578736186027538 4.1236133575439462 0.57612982392311107
decision_type=2 2 2 2 2
left_child=1 2 -1 -3 -2
right_child=4 3 -4 -5 -6
leaf_value=-0.010088483695070177 0.0056992316764542137 -0.0023052195076248877 0.0015918562439769777 0.0044907062052449449 0
leaf_weight=3.1715102482958177 2.3797250228999478 0.96199780198003315 0.35735347238369275 2.1063104706372542 0.39109703828580666
leaf_count=5173 163 544 84 333 106
internal_value=-0.000401365 -0.00426754 -0.00793306 0.00147722 0.00482247
internal_weight=9.36799 6.59717 3.52886 3.06831 2.77082
internal_count=6403 6134 5257 877 269
is_linear=0
shrinkage=0.025


Tree=255
num_leaves=7
num_cat=0
split_feature=26 6 26 19 21 26
split_gain=0.718956 0.459128 0.406288 0.269279 0.0990598 0.0621315
threshold=-0.99842628836631764 4.1174354553222665 -0.38679364323616022 0.51602095365524303 0.17968884855508807 -0.34565120935440058
decision_type=2 2 2 2 2 2
left_child=1 4 3 -2 -1 -4
right_child=2 -3 5 -5 -6 -7
leaf_value=0 -0.008943363443269077 -0.002467263950503203 0.00331844086150891 3.263818754596254e-05 0.0077337993683116741 -0.00017257666946389707
leaf_weight=0.23102199265122259 3.7207762674806872 0.6960028920075273 0.30005301995697664 0.95224699570826477 2.9674297598139674 0.2308649231417802
leaf_count=154 5079 623 22 214 184 85
internal_value=-0.000752798 0.00427237 -0.00537671 -0.00739674 0.00711158 0.0018867
internal_weight=9.0984 3.89445 5.20394 4.67302 3.19845 0.530918
internal_count=6361 961 5400 5293 338 107
is_linear=0
shrinkage=0.025


Tree=256
num_leaves=7
num_cat=0
split_feature=6 26 14 21 24 18
split_gain=0.598039 0.509344 0.332253 0.224419 0.209367 0.022608
threshold=3.1933562755584721 -0.88257181644439686 0.10022979602217676 1.8080657720565798 0.18952437490224841 0.93612518906593334
decision_type=2 2 2 2 2 2
left_child=1 4 -3 5 -1 -2
right_child=3 2 -4 -5 -6 -7
leaf_value=0.0080196116053320669 -0.0072353882373337973 0.0027078224136079724 -0.0052387463354168235 0.000638700058161473 -0.00027562946180536202 0
leaf_weight=3.8641018615708163 2.1948188274473077 0.82036197198613114 2.0314466064810404 0.45502566773211572 0.27397367474623013 0.12303539818094567
leaf_count=341 2775 959 1951 21 429 30
internal_value=0 0.0035286 -0.00188816 -0.0053741 0.00693614 -0.00703845
internal_weight=9.76276 6.98988 2.85181 2.77288 4.13808 2.31785
internal_count=6506 3680 2910 2826 770 2805
is_linear=0
shrinkage=0.025


Tree=257
num_leaves=7
num_cat=0
split_feature=6 25 26 21 24 19
split_gain=0.665223 0.533213 0.247967 0.0697123 0.0515991 0.0445155
threshold=3.1933562755584721 0.74626433849334728 -1.0146263241767881 1.8080657720565798 -5.4789879322051993 -0.42853857576847071
decision_type=2 2 2 2 2 2
left_child=1 5 -3 4 -2 -1
right_child=3 2 -4 -5 -6 -7
leaf_value=0 0 0.0021671683545250614 -0.0046068650650689623 0 -0.0068165416878121421 0.0074517891576789085
leaf_weight=0.06795817456440989 0.26043222728185411 0.82965249735571012 2.2261609267479798 0.29655714367981989 1.9706218519313552 4.0584998984559206
leaf_count=47 20 64 3018 21 2735 561
internal_value=0 0.00371016 -0.00178829 -0.00574064 -0.00635074 0.00721576
internal_weight=9.70988 7.18227 3.05581 2.52761 2.23105 4.12646
internal_count=6466 3690 3082 2776 2755 608
is_linear=0
shrinkage=0.025


Tree=258
num_leaves=6
num_cat=0
split_feature=21 6 26 21 15
split_gain=0.684293 0.421607 0.126175 0.0912619 0.0380809
threshold=0.006716053234413267 3.3197416067123418 -0.79605466127395619 1.8080657720565798 2.8981758356094365
decision_type=2 2 2 2 2
left_child=4 2 -2 -3 -1
right_child=1 3 -4 -5 -6
leaf_value=-0.0063472255008269717 0.0071283069993279633 -0.0036318730610385994 0 0.00053470202474261612 0
leaf_weight=1.8334148482572352 4.6505105484138758 1.3419690052687654 1.6358589555275092 0.47224573208950449 0.069178886300505726
leaf_count=3216 887 1226 1146 21 12
internal_value=8.51393e-06 0.00366724 0.00603828 -0.00203357 -0.00603618
internal_weight=10.0032 8.10058 6.28637 1.81421 1.90259
internal_count=6508 3280 2033 1247 3228
is_linear=0
shrinkage=0.025


Tree=259
num_leaves=7
num_cat=0
split_feature=17 22 27 12 23 13
split_gain=0.566494 0.483609 0.494509 0.289092 0.200546 0.0694195
threshold=0.4797064363956452 0.70924809575080883 0.73578736186027538 2.8851087093353276 -5.8730993270874015 2.9765458106994633
decision_type=2 2 2 2 2 2
left_child=1 2 -1 -2 -5 -3
right_child=3 5 -4 4 -6 -7
leaf_value=-0.010044169994645788 -0.0017537924973329286 -0.00039349605580857924 0.0016294009260227464 -0.00045923724895918457 0.0070354249056261073 0.0031791488953339317
leaf_weight=2.9283158436519447 0.51680950603258669 0.22739262136747118 0.35170695987471834 0.31104521778615923 3.4944879530848993 1.2756230817612957
leaf_count=5000 273 73 83 152 697 99
internal_value=-0.000380786 -0.00478063 -0.00780955 0.00377029 0.00580014 0.00179058
internal_weight=9.10538 4.78304 3.28002 4.32234 3.80553 1.50302
internal_count=6377 5255 5083 1122 849 172
is_linear=0
shrinkage=0.025


Tree=260
num_leaves=7
num_cat=0
split_feature=26 19 0 13 21 13
split_gain=0.551291 0.468018 0.36263 0.338368 0.104117 0.0746677
threshold=-1.0062959194183347 0.51602095365524303 0.3149582445621491 2.2157694101333623 0.17968884855508807 3.0641437768936162
decision_type=2 2 2 2 2 2
left_child=3 2 -2 -1 -5 -3
right_child=1 5 -4 4 -6 -7
leaf_value=-0.0015904785215836723 0.0012983962586365176 -0.00023054326643228703 -0.0082618202124379331 0 0.0077226878373780304 0.00361572665480836
leaf_weight=0.52939873079594724 0.40500470739789296 0.21532206638948981 4.0007516317236878 0.24822439165654975 2.8160063489049207 1.3517582539134307
leaf_count=427 124 99 5217 235 210 120
internal_value=0 -0.00358439 -0.00649546 0.0048672 0.00705229 0.00236237
internal_weight=9.56647 5.97284 4.40576 3.59363 3.06423 1.56708
internal_count=6432 5560 5341 872 445 219
is_linear=0
shrinkage=0.025


Tree=261
num_leaves=7
num_cat=0
split_feature=21 27 13 25 15 14
split_gain=0.759879 0.401583 0.216441 0.167611 0.0334099 0.0252381
threshold=0.17968884855508807 0.12888943403959277 2.2157694101333623 0.74626433849334728 -0.70699605345726002 3.0217237472534184
decision_type=2 2 2 2 2 2
left_child=4 2 -2 -3 -1 -6
right_child=1 3 -4 -5 5 -7
leaf_value=0 -0.00043564721450367757 0.0011110129702985696 0.0076705316540955082 -0.0043059210017424845 -0.0075370024527603129 0
leaf_weight=0.17999011312713298 0.28584161878825431 2.2818095452093989 3.1087545831178431 1.0566107092381569 2.2512706514426104 0.06319535536749743
leaf_count=118 167 735 320 1007 4094 25
internal_value=-0.000781969 0.003039 0.0063905 -0.00140783 -0.00707617 -0.00735929
internal_weight=9.22747 6.73302 3.3946 3.33842 2.49446 2.31447
internal_count=6466 2229 487 1742 4237 4119
is_linear=0
shrinkage=0.025


Tree=262
num_leaves=7
num_cat=0
split_feature=26 13 24 0 21 16
split_gain=0.597212 0.30722 0.290855 0.388799 0.107848 0.0300423
threshold=-1.0062959194183347 2.2157694101333623 -3.6407675743103023 0.3149582445621491 -0.1615222170948982 0.43558105826377874
decision_type=2 2 2 2 2 2
left_child=1 -1 5 -4 -3 -2
right_child=2 4 3 -5 -6 -7
leaf_value=-0.0015818872689567392 0.0020354339820587639 0 0.0014957199503232961 -0.0083047426461339956 0.0071992433939128062 0
leaf_weight=0.52660773238676517 1.0723897301213581 0.14720179485812002 0.37890083272941399 3.9517875638885016 2.8881873534628539 0.26150192737986788
leaf_count=431 97 144 125 5240 287 116
internal_value=-0.000267315 0.00436655 -0.00444831 -0.00643543 0.00651852 0.00100374
internal_weight=9.22658 3.562 5.66458 4.33069 3.03539 1.33389
internal_count=6440 862 5578 5365 431 213
is_linear=0
shrinkage=0.025


Tree=263
num_leaves=7
num_cat=0
split_feature=6 21 6 21 24 4
split_gain=0.607188 0.377848 0.198802 0.198486 0.0728012 0.040647
threshold=2.9688662290573125 0.018845100887119774 -0.14089732617139814 1.3803803324699404 -5.4789879322051993 3.6422913074493413
decision_type=2 2 2 2 2 2
left_child=1 5 -3 4 -2 -1
right_child=3 2 -4 -5 -6 -7
leaf_value=-0.003020892282441818 0 -7.6287175452259461e-05 0.0070805607044813652 0.00032370135956495683 -0.0075010569847143091 0
leaf_weight=0.91108577535123891 0.2892925347841816 0.90778309846064065 4.7420820462430129 0.67408811426139426 1.9646633427582856 0.16885285079479218
leaf_count=1643 26 284 1433 57 3010 2
internal_value=0 0.00365362 0.00584784 -0.00530254 -0.00691009 -0.00216655
internal_weight=9.65785 6.7298 5.64987 2.92804 2.25396 1.07994
internal_count=6455 3362 1717 3093 3036 1645
is_linear=0
shrinkage=0.025


Tree=264
num_leaves=7
num_cat=0
split_feature=26 19 26 12 22 1
split_gain=0.490543 0.422037 0.370664 0.327059 0.108026 0.0721049
threshold=-0.99842628836631764 0.54332491755485546 -0.38679364323616022 2.6077899932861333 -0.25572586059570307 4.0772311687469491
decision_type=2 2 2 2 2 2
left_child=3 2 -2 -1 -5 -3
right_child=1 5 -4 4 -6 -7
leaf_value=-0.0018253982234789951 -0.0083609063017480219 0.0033846949771877757 0.0013401914893427635 0 0.0070610451899655764 -0.00032502801966864648
leaf_weight=0.56605179871985489 3.9008895666447638 1.1860051235198623 0.38293763614274245 0.16551148748476485 2.9660413372330363 0.21848356867121754
leaf_count=417 5182 95 95 239 318 102
internal_value=-6.89824e-06 -0.00390274 -0.00656576 0.00406601 0.00636714 0.00202851
internal_weight=9.38592 5.68832 4.28383 3.6976 3.13155 1.40449
internal_count=6448 5474 5277 974 557 197
is_linear=0
shrinkage=0.025


Tree=265
num_leaves=7
num_cat=0
split_feature=25 6 27 18 16 1
split_gain=0.767466 0.585251 0.365398 0.0999654 0.0494432 0.0469067
threshold=0.49990084767341619 3.1933562755584721 0.049033371731638915 1.1967553496360781 -1.4987025260925291 1.7325796484947207
decision_type=2 2 2 2 2 2
left_child=1 5 -2 -4 -3 -1
right_child=2 4 3 -5 -6 -7
leaf_value=0 0.00086220869491791601 0 -0.0094880170987090909 0 -0.003903655013079676 0.0069369121906725992
leaf_weight=0.058866165603831511 0.7389731723487788 0.24256342471926462 2.7677792138638329 0.11308163730427612 1.405590245794883 3.8696047794874175
leaf_count=49 227 14 4667 2 984 493
internal_value=-0.00148832 0.00305053 -0.0069193 -0.00898904 -0.0031677 0.00667233
internal_weight=9.19646 5.57662 3.61983 2.88086 1.64815 3.92847
internal_count=6436 1540 4896 4669 998 542
is_linear=0
shrinkage=0.025


Tree=266
num_leaves=7
num_cat=0
split_feature=21 19 26 13 13 26
split_gain=0.642736 0.327468 0.446457 0.190857 0.151915 0.121094
threshold=0.94090729951858532 0.20129314064979556 -0.38679364323616022 2.2157694101333623 2.9765458106994633 -0.80571988224983204
decision_type=2 2 2 2 2 2
left_child=1 2 -1 -2 -3 -5
right_child=3 4 -4 5 -6 -7
leaf_value=-0.0093486038262203738 -0.00070559964619812821 -0.0020850906780186941 0.0015675386630372896 0.0069936901075987323 0.0032786223462358552 0
leaf_weight=2.786227842632798 0.30248611530987579 0.58488197255428565 0.36397563150603662 2.7982651589118186 1.8266628891906291 0.42755220321123433
leaf_count=5102 97 426 90 194 404 121
internal_value=-7.00404e-05 -0.00448743 -0.0071326 0.00470881 0.000605416 0.00609661
internal_weight=9.09005 5.56175 3.1502 3.5283 2.41154 3.22582
internal_count=6434 6022 5192 412 830 315
is_linear=0
shrinkage=0.025


Tree=267
num_leaves=7
num_cat=0
split_feature=26 13 27 19 18 26
split_gain=0.498669 0.267828 0.236234 0.331402 0.0735499 0.0425033
threshold=-1.0092523097991941 2.2742590904235844 0.73578736186027538 0.51602095365524303 -0.21509554982185361 -0.34565120935440058
decision_type=2 2 2 2 2 2
left_child=1 -1 3 -2 -3 -4
right_child=2 4 5 -5 -6 -7
leaf_value=-0.0013653577467281257 -0.0075349839212264557 0 0.0026665303731660647 0.0009439096431247744 0.0067919240367948419 -2.4954802381195024e-05
leaf_weight=0.48829064298479385 3.8345068066555541 0.1878775294608207 0.1682923778280383 1.0938678665188488 2.6385001946619013 0.20912465621950094
leaf_count=437 5189 153 18 214 284 82
internal_value=0 0.00423657 -0.00397004 -0.00549595 0.00625694 0.00137639
internal_weight=8.62046 3.31467 5.30579 4.92837 2.82638 0.377417
internal_count=6377 874 5503 5403 437 100
is_linear=0
shrinkage=0.025


Tree=268
num_leaves=7
num_cat=0
split_feature=22 13 16 6 13 6
split_gain=0.67707 0.526938 0.137471 0.102064 0.0695382 0.0151056
threshold=0.73978024721145641 4.4454226493835458 0.57612982392311107 0.054766865447163589 2.9765458106994633 1.4355859756469729
decision_type=2 2 2 2 2 2
left_child=1 5 4 -3 -2 -1
right_child=2 3 -4 -5 -6 -7
leaf_value=0 0 -0.0013292113636543135 -0.00042567151783765782 0.0029235234801173529 0.0058830927368572665 -0.0092321359688623764
leaf_weight=0.2108560950327959 0.23467098173569034 0.63219618894800111 0.30743551172781725 1.986009541666135 2.2498271530821512 2.9067752314658719
leaf_count=142 53 330 112 1376 140 4303
internal_value=-0.00172685 -0.00563589 0.00396507 0.000877816 0.00526486 -0.0090474
internal_weight=8.52777 5.73584 2.79193 2.61821 2.4845 3.11763
internal_count=6456 6151 305 1706 193 4445
is_linear=0
shrinkage=0.025


Tree=269
num_leaves=7
num_cat=0
split_feature=21 19 20 6 26 12
split_gain=0.65271 0.545554 0.174145 0.169357 0.129615 0.0728802
threshold=0.94090729951858532 0.2447050288319588 2.1173686981201176 3.0469113588333134 -0.80571988224983204 2.8851087093353276
decision_type=2 2 2 2 2 2
left_child=1 2 -1 -3 5 -2
right_child=4 3 -4 -5 -6 -7
leaf_value=-0.0096935893894902862 0 0.0038434416492833211 0 -0.0018299998033542222 -0.00030115066073644974 0.0057261128094424326
leaf_weight=2.9741163016515206 0.27165271324338469 1.6794202668388609 0.25382999132489192 0.59865140387046256 0.51433981020818453 2.5835380837488628
leaf_count=5209 72 212 76 490 154 208
internal_value=-0.00136094 -0.00544123 -0.00882262 0.00126083 0.0038272 0.00508485
internal_weight=8.87555 5.50602 3.22795 2.27807 3.36953 2.85519
internal_count=6421 5987 5285 702 434 280
is_linear=0
shrinkage=0.025


Tree=270
num_leaves=7
num_cat=0
split_feature=26 26 6 19 22 26
split_gain=0.606908 0.361851 0.313513 0.276281 0.108258 0.0570924
threshold=-0.99842628836631764 -0.38679364323616022 4.6562788486480722 0.56665897369384777 -0.085302907973527894 -0.34565120935440058
decision_type=2 2 2 2 2 2
left_child=2 3 4 -2 -1 -3
right_child=1 5 -4 -5 -6 -7
leaf_value=0 -0.0082425483431186348 0.0032596394769405139 -0.0016517805026365327 0.00027386990353353119 0.0071627879892947255 -6.8445573208737352e-05
leaf_weight=0.15802140811865761 3.8249449943286891 0.30108617426230921 0.54027346734437731 1.0141063617811594 2.942154643478716 0.21071831710287359
leaf_count=217 5218 26 478 174 283 80
internal_value=-0.000329236 -0.00462957 0.00428954 -0.00659037 0.006477 0.00193639
internal_weight=8.99131 5.35086 3.64045 4.83905 3.10018 0.511804
internal_count=6476 5498 978 5392 500 106
is_linear=0
shrinkage=0.025


Tree=271
num_leaves=6
num_cat=0
split_feature=21 27 17 6 15
split_gain=0.539269 0.31285 0.233805 0.192379 0.033778
threshold=0.006716053234413267 0.13621754199266436 0.013749443460255863 4.6562788486480722 2.8981758356094365
decision_type=2 2 2 2 2
left_child=4 3 -3 -2 -1
right_child=1 2 -4 -5 -6
leaf_value=-0.005889889000331344 0.0072099748376921154 0.0028904432442783401 -0.003534110018282854 -0.00035394068781976768 0
leaf_weight=1.6924629964487392 3.3995644542046652 0.7179650841171682 3.2314469461525732 0.27480770162946999 0.066237996885320061
leaf_count=3212 452 304 2296 210 10
internal_value=0 0.00315914 -0.000705453 0.00604582 -0.00558813
internal_weight=9.38249 7.62378 3.94941 3.67437 1.7587
internal_count=6484 3262 2600 662 3222
is_linear=0
shrinkage=0.025


Tree=272
num_leaves=7
num_cat=0
split_feature=13 22 26 19 7 21
split_gain=0.549581 0.386454 0.275032 0.16033 0.111398 0.0736188
threshold=4.0148773193359384 0.82584869861602794 -0.88257181644439686 -0.11987363547086714 -1.1592777371406553 0.006716053234413267
decision_type=2 2 2 2 2 2
left_child=1 4 5 -4 -1 -2
right_child=2 -3 3 -5 -6 -7
leaf_value=0 0 0.0013442484529729746 0.0017184018306790885 -0.0038210196251405835 -0.0085318705276740733 0.0062747378566004779
leaf_weight=0.29524950569248254 0.12645704826354665 1.0360034764489681 0.79500697306866674 1.2769657768076283 2.4895453004755836 2.9345647387744975
leaf_count=86 218 99 620 1501 3670 285
internal_value=-0.000567429 -0.00526952 0.00318895 -0.00109959 -0.00781591 0.00574863
internal_weight=8.95379 3.8208 5.13299 2.07197 2.78479 3.06102
internal_count=6479 3855 2624 2121 3756 503
is_linear=0
shrinkage=0.025


Tree=273
num_leaves=7
num_cat=0
split_feature=6 21 22 14 7 2
split_gain=0.670919 0.390437 0.151342 0.131234 0.0844418 0.0212069
threshold=2.8939073085784917 0.018845100887119774 0.96658754348754894 0.55912283062934887 -1.1592777371406553 4.7848598957061776
decision_type=2 2 2 2 2 2
left_child=1 5 4 -3 -2 -1
right_child=2 3 -4 -5 -6 -7
leaf_value=-0.0024973032949328396 0 0.0076510700835957643 0.00011335521357126193 0 -0.0069558381010160729 0
leaf_weight=0.78866508311330097 0.29693400512769663 4.0582811931381002 0.55761967442231242 1.5396519776950297 2.0627483649841452 0.10118500143289566
leaf_count=1579 94 1241 48 460 3025 1
internal_value=0.00038796 0.00444586 -0.00495554 0.00650347 -0.00626583 -0.00196952
internal_weight=9.40509 6.48778 2.9173 5.59793 2.35968 0.88985
internal_count=6448 3281 3167 1701 3119 1580
is_linear=0
shrinkage=0.025


Tree=274
num_leaves=7
num_cat=0
split_feature=21 19 13 20 13 23
split_gain=0.763728 0.49339 0.169357 0.1657 0.152056 0.14429
threshold=0.94090729951858532 0.2447050288319588 3.4219893217086796 2.1173686981201176 2.2157694101333623 -5.8730993270874015
decision_type=2 2 2 2 2 2
left_child=1 3 -3 -1 -2 -6
right_child=4 2 -4 -5 5 -7
leaf_value=-0.0097369690146340525 -0.00049947165121117562 -0.0020390905497121945 0.0036361332950199271 0 -8.0015825541930022e-05 0.0065673617601516958
leaf_weight=2.9485497998684882 0.27154391858493943 0.66222170021137605 1.6443800678571276 0.25374568468396308 0.25947862047178238 2.8363275733245246
leaf_count=5223 86 479 251 73 112 220
internal_value=-0.00131479 -0.00574794 0.000871003 -0.00890222 0.0042917 0.00553288
internal_weight=8.87625 5.5089 2.3066 3.2023 3.36735 3.09581
internal_count=6444 6026 730 5296 418 332
is_linear=0
shrinkage=0.025


Tree=275
num_leaves=7
num_cat=0
split_feature=6 25 7 25 19 22
split_gain=0.528403 0.373331 0.193203 0.168128 0.0986362 0.0412355
threshold=3.0469113588333134 0.74626433849334728 5.0761897563934335 -4.5186681747436515 -0.17698500305414197 1.0438584089279177
decision_type=2 2 2 2 2 2
left_child=1 4 -3 -2 -1 -5
right_child=3 2 -4 5 -6 -7
leaf_value=0 5.41306297531803e-05 -0.0040609001594677377 0.0019104836247849867 -0.0072377979846810856 0.0067346422953947112 0
leaf_weight=0.2078325902220971 0.62807004601927507 2.1309520135473581 0.71602934601833101 1.8528228615214173 3.3666778648839681 0.11403262510430057
leaf_count=154 66 2662 262 2867 414 10
internal_value=-8.64193e-05 0.00299136 -0.0015022 -0.00548091 0.00608822 -0.00691585
internal_weight=9.01642 6.42149 2.84698 2.59493 3.57451 1.96686
internal_count=6435 3492 2924 2943 568 2877
is_linear=0
shrinkage=0.025


Tree=276
num_leaves=7
num_cat=0
split_feature=6 25 26 25 7 1
split_gain=0.548748 0.464878 0.222447 0.098059 0.0688618 0.0658276
threshold=3.0690348148345952 0.74626433849334728 -1.0146263241767881 -4.5186681747436515 -1.1592777371406553 1.7325796484947207
decision_type=2 2 2 2 2 2
left_child=1 5 -3 -2 -5 -1
right_child=3 2 -4 4 -6 -7
leaf_value=0 0 0.0021869249538311168 -0.0042674136732787577 0 -0.0060312451622116835 0.0076625283789471879
leaf_weight=0.078582718258985884 0.65011396023328449 0.79186593821941675 1.9103169527697899 0.2981180256247179 1.8586974945683317 3.8601977031394199
leaf_count=67 74 56 2854 91 2785 501
internal_value=0.00060234 0.00417638 -0.0013727 -0.00431213 -0.00537094 0.00732089
internal_weight=9.44789 6.64096 2.70218 2.80693 2.15682 3.93878
internal_count=6428 3478 2910 2950 2876 568
is_linear=0
shrinkage=0.025


Tree=277
num_leaves=6
num_cat=0
split_feature=21 13 14 18 15
split_gain=0.490001 0.361673 0.297133 0.0729275 0.0307774
threshold=0.006716053234413267 2.9765458106994633 0.39199681580066686 0.53752049803733837 2.8981758356094365
decision_type=2 2 2 2 2
left_child=4 3 -3 -2 -1
right_child=1 2 -4 -5 -6
leaf_value=-0.0055197960513274644 -0.0035386532492281322 0.0076057782852807822 -0.00015157150294589316 0.00016907260283650794 0
leaf_weight=1.5768398721702395 0.89490026998828376 3.7867088548737229 2.1792291982128518 0.66774511491530575 0.065282649076834676
leaf_count=3151 897 1399 833 146 12
internal_value=0 0.00315996 0.00542513 -0.00208022 -0.00522232
internal_weight=9.17071 7.52858 5.96594 1.56265 1.64212
internal_count=6438 3275 2232 1043 3163
is_linear=0
shrinkage=0.025


Tree=278
num_leaves=7
num_cat=0
split_feature=6 21 14 21 22 2
split_gain=0.524445 0.382448 0.178854 0.176267 0.0844586 0.023299
threshold=2.8939073085784917 0.018845100887119774 0.55912283062934887 1.3024011850357058 1.0438584089279177 4.7848598957061776
decision_type=2 2 2 2 2 2
left_child=1 5 -3 4 -2 -1
right_child=3 2 -4 -5 -6 -7
leaf_value=-0.0027210150929080248 -0.0068972090502188044 0.0073552799385700352 0 0.00035787651422422508 0 0
leaf_weight=0.83844702023998241 1.8544125430307765 3.9857891606661724 1.4354890767644972 0.72613183053908859 0.31922907984699112 0.10065208375453949
leaf_count=1602 3073 1243 473 63 30 1
internal_value=6.54755e-05 0.00379931 0.00599346 -0.0045543 -0.00617221 -0.00219695
internal_weight=9.26015 6.36038 5.42128 2.89977 2.17364 0.939099
internal_count=6485 3319 1716 3166 3103 1603
is_linear=0
shrinkage=0.025


Tree=279
num_leaves=7
num_cat=0
split_feature=25 13 27 19 18 20
split_gain=0.630483 0.543676 0.377366 0.105238 0.0936335 0.0602247
threshold=0.74626433849334728 2.9765458106994633 0.067776922136545195 -0.17698500305414197 1.1967553496360781 -1.1674753427505491
decision_type=2 2 2 2 2 2
left_child=1 5 -2 -3 -4 -1
right_child=2 3 4 -5 -6 -7
leaf_value=0 0.0011256783443700843 0 -0.0089598578140303638 0.0071389753137750299 0 -0.0040804474579699355
leaf_weight=0.3839393892267251 0.8387832276275734 0.36529137481920759 2.3494070585802551 3.7118431351191248 0.11294040456414212 0.99437829015369061
leaf_count=39 297 278 4403 539 2 843
internal_value=-0.000834046 0.00310181 -0.00604188 0.00645507 -0.00843931 -0.00312194
internal_weight=8.75658 5.45545 3.30113 4.07713 2.46235 1.37832
internal_count=6401 1699 4702 817 4405 882
is_linear=0
shrinkage=0.025


Tree=280
num_leaves=7
num_cat=0
split_feature=13 25 17 24 26 7
split_gain=0.529663 0.29772 0.161751 0.141728 0.103661 0.0911064
threshold=3.560726642608643 2.6962850093841557 0.011952029541134836 -4.7776813507080069 -1.0146263241767881 -1.1592777371406553
decision_type=2 2 2 2 2 2
left_child=3 2 -2 -1 -3 -5
right_child=1 4 -4 5 -6 -7
leaf_value=2.7902972756832826e-05 0 0.0010284432050950976 0.0069300868605354756 0 -0.0034193622121248737 -0.0068191505138749222
leaf_weight=0.6672847993904728 0.7045451663489074 0.53365141787799064 3.9203154242513847 0.27842705080183883 1.0083865992201024 1.9676625400315964
leaf_count=60 657 56 1072 74 1662 2891
internal_value=0 0.00369612 0.00583156 -0.00474919 -0.00131516 -0.0060709
internal_weight=9.08027 6.1669 4.62486 2.91337 1.54204 2.24609
internal_count=6472 3447 1729 3025 1718 2965
is_linear=0
shrinkage=0.025


Tree=281
num_leaves=6
num_cat=0
split_feature=6 25 14 21 1
split_gain=0.4537 0.534346 0.236737 0.186536 0.0554057
threshold=3.1933562755584721 0.74626433849334728 0.14039661735296252 1.8080657720565798 1.7325796484947207
decision_type=2 2 2 2 2
left_child=1 4 -3 -2 -1
right_child=3 2 -4 -5 -6
leaf_value=0 -0.0063876266153042316 0.0016807934639971522 -0.0051171015444032011 0.00051257542521791842 0.0069554376537371669
leaf_weight=0.074859686115814728 2.082474374561571 0.84185599883494466 1.7020462163090995 0.45409816462779407 3.9771596731952741
leaf_count=75 2768 1339 1730 20 549
internal_value=0 0.00307627 -0.002416 -0.00480252 0.00664474
internal_weight=9.13249 6.59592 2.5439 2.53657 4.05202
internal_count=6481 3693 3069 2788 624
is_linear=0
shrinkage=0.025


Tree=282
num_leaves=6
num_cat=0
split_feature=21 13 14 21 15
split_gain=0.386848 0.269405 0.253053 0.0916585 0.0240732
threshold=0.006716053234413267 3.1729196310043339 0.36882813274860388 1.3803803324699404 -0.70699605345726002
decision_type=2 2 2 2 2
left_child=4 3 -3 -2 -1
right_child=1 2 -4 -5 -6
leaf_value=0 -0.0035976971927660535 0.0067501433620469611 -0.00024824908794669661 0.00057014179171839964 -0.0053050017373272402
leaf_weight=0.16486281623292609 0.95870758085220564 3.2882182264584117 2.1532860712286492 0.64844633522443473 1.5237228208989104
leaf_count=92 1123 1284 825 56 3127
internal_value=0 0.00246531 0.00458946 -0.00181125 -0.00501995
internal_weight=8.73724 7.04866 5.4415 1.60715 1.68859
internal_count=6507 3288 2109 1179 3219
is_linear=0
shrinkage=0.025


Tree=283
num_leaves=7
num_cat=0
split_feature=6 27 14 16 22 22
split_gain=0.40574 0.331386 0.273816 0.0819161 0.0716676 0.0362577
threshold=3.3197416067123418 0.17022031545639041 0.10022979602217676 -1.4987025260925291 -0.25572586059570307 0.96658754348754894
decision_type=2 2 2 2 2 2
left_child=1 4 -3 -2 -1 -5
right_child=3 2 -4 5 -6 -7
leaf_value=0 0 0.0025829359849030339 -0.004494511469704511 -0.0062980655580827972 0.0061677552528154791 0
leaf_weight=0.12433568178312304 0.24586690359865349 0.8391348392269723 2.3957206506656803 1.6507895713984906 2.8709924878348829 0.3303876359714194
leaf_count=144 18 1133 2184 2524 318 34
internal_value=-0.000285243 0.00240088 -0.00144605 -0.00512671 0.00564334 -0.00587728
internal_weight=8.45723 6.23018 3.23486 2.22704 2.99533 1.98118
internal_count=6355 3779 3317 2576 462 2558
is_linear=0
shrinkage=0.025


Tree=284
num_leaves=7
num_cat=0
split_feature=22 17 16 13 13 16
split_gain=0.744276 0.615058 0.144776 0.11503 0.099291 0.0534635
threshold=0.73978024721145641 0.65079712867736828 1.2230110764503481 4.2367825508117685 2.9765458106994633 0.57612982392311107
decision_type=2 2 2 2 2 2
left_child=1 2 -1 -3 -2 -6
right_child=4 3 -4 -5 5 -7
leaf_value=-0.010621743189709685 -9.7774495621009744e-05 -0.0011708860864477985 0 0.0034320722803470602 0.005285919277235665 0
leaf_weight=3.2520865301085 0.32919970311922986 0.94022211501578601 0.2178949745830322 1.1713851362437706 1.9897347746737071 0.30772902042372141
leaf_count=5493 70 442 119 138 131 88
internal_value=-0.00274833 -0.00662947 -0.00996173 0.00112145 0.00361885 0.00470996
internal_weight=8.20825 5.58159 3.46998 2.11161 2.62666 2.29746
internal_count=6481 6192 5612 580 289 219
is_linear=0
shrinkage=0.025


Tree=285
num_leaves=7
num_cat=0
split_feature=26 26 5 25 22 26
split_gain=0.458795 0.303742 0.237098 0.225535 0.0938951 0.0567747
threshold=-1.0007800459861753 -0.38679364323616022 4.7359309196472177 0.74626433849334728 -0.25572586059570307 -0.34565120935440058
decision_type=2 2 2 2 2 2
left_child=2 3 4 -2 -1 -3
right_child=1 5 -4 -5 -6 -7
leaf_value=0 0 0.0032497508122632242 -0.0012113646796800179 -0.0080555358647572111 0.0065920101093142475 -6.609481167360312e-05
leaf_weight=0.1519910591014203 2.8307271556841442 0.29588870773659437 0.46105884848657286 2.0306826433716196 2.8173951013377518 0.21023966876964539
leaf_count=223 1212 28 417 4157 294 77
internal_value=0 -0.0037514 0.00408738 -0.00565424 0.00593819 0.00192802
internal_weight=8.79798 5.36754 3.43045 4.86141 2.96939 0.506128
internal_count=6408 5474 934 5369 517 105
is_linear=0
shrinkage=0.025


Tree=286
num_leaves=6
num_cat=0
split_feature=6 25 14 21 1
split_gain=0.422207 0.541929 0.23093 0.138765 0.0442166
threshold=3.1933562755584721 0.74626433849334728 0.14039661735296252 1.8080657720565798 1.7325796484947207
decision_type=2 2 2 2 2
left_child=1 4 -3 -2 -1
right_child=3 2 -4 -5 -6
leaf_value=0 -0.0056264114602496565 0.001680351399701468 -0.005013793989172852 0.00023483515693557087 0.0071426781286940237
leaf_weight=0.056196022851509375 2.062444159359075 0.86648518558104148 1.6652140245678309 0.4955771297099999 3.8849017046959489
leaf_count=63 2788 1329 1741 26 569
internal_value=0 0.0033236 -0.00229832 -0.0042598 0.00689974
internal_weight=9.03082 6.4728 2.5317 2.55802 3.9411
internal_count=6516 3702 3070 2814 632
is_linear=0
shrinkage=0.025


Tree=287
num_leaves=7
num_cat=0
split_feature=6 25 27 0 24 1
split_gain=0.597109 0.324186 0.155885 0.0589884 0.0736389 0.0498339
threshold=2.8939073085784917 0.74626433849334728 0.097923103719949736 6.2604074478149423 -5.1041293144226065 1.7325796484947207
decision_type=2 2 2 2 2 2
left_child=1 5 -3 4 -2 -1
right_child=3 2 -4 -5 -6 -7
leaf_value=0 0 0.0020207200171949969 -0.0033404100191645812 0 -0.0061995406950700873 0.0070523652090555555
leaf_weight=0.062677974663529645 0.37368129451351784 0.78938330250093747 1.924951296599829 0.35122085396869795 2.0059116284755873 3.38944898585396
leaf_count=61 30 58 2762 140 3026 433
internal_value=0.000106847 0.004092 -0.000671925 -0.00491 -0.00550013 0.00675885
internal_weight=8.89728 6.16646 2.71433 2.73081 2.37959 3.45213
internal_count=6510 3314 2820 3196 3056 494
is_linear=0
shrinkage=0.025


Tree=288
num_leaves=7
num_cat=0
split_feature=27 5 22 0 22 17
split_gain=0.431033 0.389414 0.314215 0.377467 0.10184 0.0409157
threshold=0.13621754199266436 4.0129206180572519 0.73978024721145641 0.3149582445621491 -0.25572586059570307 0.67501869797706615
decision_type=2 2 2 2 2 2
left_child=1 4 3 -2 -1 -4
right_child=2 -3 5 -5 -6 -7
leaf_value=0 0.0015089145281731045 -0.0021827876786967497 0.0025227473565758371 -0.0081641113734923429 0.0071724477713880552 0
leaf_weight=0.14902105673900257 0.37570756793502402 0.76432338777158282 1.1685495433230242 3.0945967570969515 3.0828467357350751 0.17789658855326695
leaf_count=223 131 792 92 4838 330 92
internal_value=0 0.00389162 -0.00368289 -0.00610648 0.00654068 0.00146849
internal_weight=8.81294 3.99619 4.81675 3.4703 3.23187 1.34645
internal_count=6498 1345 5153 4969 553 184
is_linear=0
shrinkage=0.025


Tree=289
num_leaves=6
num_cat=0
split_feature=25 13 26 19 20
split_gain=0.713606 0.447572 0.270869 0.0726094 0.0563243
threshold=0.74626433849334728 2.9765458106994633 -1.0352077484130857 -0.13682132214307782 -1.1674753427505491
decision_type=2 2 2 2 2
left_child=1 4 -2 -3 -1
right_child=2 3 -4 -5 -6
leaf_value=0 0.00028527196026005818 0 -0.0086533086089114041 0.0066210860335662401 -0.0037011570529320078
leaf_weight=0.372416894570051 0.78231255784703568 0.46111059653776498 2.346691347693195 3.4514264378485677 0.92856826184288366
leaf_count=39 307 317 4408 488 821
internal_value=-0.00141433 0.00299142 -0.00684877 0.00603977 -0.00270223
internal_weight=8.34253 5.21352 3.129 3.91254 1.30099
internal_count=6380 1665 4715 805 860
is_linear=0
shrinkage=0.025


Tree=290
num_leaves=6
num_cat=0
split_feature=13 25 26 19 16
split_gain=0.503583 0.342701 0.228672 0.0927848 0.0601375
threshold=2.9765458106994633 0.74626433849334728 -1.0146263241767881 -0.18961268663406369 -1.4987025260925291
decision_type=2 2 2 2 2
left_child=4 3 -3 -2 -1
right_child=1 2 -4 -5 -6
leaf_value=0 0 0.0022646288616809196 -0.0042101586670137596 0.0065290762875893534 -0.0061536803177853943
leaf_weight=0.28726415048004117 0.35677855955509619 0.86652365883855953 2.1530710505703614 3.464075016672723 1.5948493539035551
leaf_count=24 274 115 3396 549 2119
internal_value=0 0.00294357 -0.00131928 0.00585921 -0.0055521
internal_weight=8.72256 6.84045 3.01959 3.82085 1.88211
internal_count=6477 4334 3511 823 2143
is_linear=0
shrinkage=0.025


Tree=291
num_leaves=7
num_cat=0
split_feature=22 13 14 25 5 13
split_gain=0.373688 0.546376 0.230553 0.097792 0.074887 0.0867839
threshold=0.78722152113914501 4.5536975860595712 0.39199681580066686 -4.5186681747436515 1.4075108170509341 2.9765458106994633
decision_type=2 2 2 2 2 2
left_child=1 3 -3 -1 -2 -6
right_child=4 2 -4 -5 5 -7
leaf_value=0 0 0.0047617864695297558 -0.0018914413381252385 -0.0078996768879494791 0 0.0054264629148315239
leaf_weight=0.27052842538250876 0.30116068165807552 1.9461898894151093 0.69190022322800349 3.0605291840838618 0.26914459922409184 1.8624420622873001
leaf_count=41 94 1137 436 4567 61 107
internal_value=-0.000351555 -0.00349751 0.00210267 -0.007283 0.00368682 0.00455298
internal_weight=8.4019 5.96915 2.63809 3.33106 2.43275 2.13159
internal_count=6443 6181 1573 4608 262 168
is_linear=0
shrinkage=0.025


Tree=292
num_leaves=7
num_cat=0
split_feature=26 26 13 19 17 26
split_gain=0.384298 0.271887 0.254713 0.199196 0.0732995 0.0559984
threshold=-0.99842628836631764 -0.38679364323616022 2.2157694101333623 0.51602095365524303 -0.0069545244332402936 -0.34565120935440058
decision_type=2 2 2 2 2 2
left_child=2 3 -1 -2 -4 -3
right_child=1 5 4 -5 -6 -7
leaf_value=-0.0013519093363219712 -0.0065591893254710876 0.0032722778794458418 0 0.00026462400774360717 0.0065947970527979079 -3.0029018397377595e-05
leaf_weight=0.48524787101996514 3.6317830625757779 0.28693715156987309 0.35511670641062743 0.99139255517729896 2.7301445446209978 0.20318472651706532
leaf_count=444 5144 23 223 212 311 81
internal_value=0 -0.00312835 0.00405912 -0.00506922 0.00599291 0.00198431
internal_weight=8.68381 5.1133 3.57051 4.62318 3.08526 0.490122
internal_count=6438 5460 978 5356 534 104
is_linear=0
shrinkage=0.025


Tree=293
num_leaves=6
num_cat=0
split_feature=6 27 27 22 21
split_gain=0.413864 0.325634 0.112081 0.0694036 0.0530243
threshold=3.3197416067123418 0.17022031545639041 0.73578736186027538 -0.25572586059570307 1.8080657720565798
decision_type=2 2 2 2 2
left_child=1 3 -3 -1 -2
right_child=4 2 -4 -5 -6
leaf_value=0 -0.0055266377611937383 -0.0029818899380674082 0.0014247306654658668 0.0063714492842603387 0
leaf_weight=0.11512906070856876 1.7665535550549978 2.9501487576053482 0.37246269898605522 2.8945728604630858 0.29856858725543123
leaf_count=140 2552 3255 104 305 20
internal_value=0 0.00274082 -0.00117777 0.00588186 -0.00495604
internal_weight=8.39744 6.33231 3.32261 3.0097 2.06512
internal_count=6376 3804 3359 445 2572
is_linear=0
shrinkage=0.025


Tree=294
num_leaves=7
num_cat=0
split_feature=26 26 12 22 22 26
split_gain=0.588471 0.436198 0.258213 0.172557 0.0894277 0.0482549
threshold=-1.0007800459861753 -0.38679364323616022 2.6077899932861333 1.2044067382812502 -0.25572586059570307 -0.34565120935440058
decision_type=2 2 2 2 2 2
left_child=2 3 -1 -2 -4 -3
right_child=1 5 4 -5 -6 -7
leaf_value=-0.0014324944155567549 -0.0083534024143727785 0.0032777356905352322 0 0 0.0065716744209845124 0
leaf_weight=0.48878250895359121 3.6362595470145607 0.28401828742789803 0.14721910908338109 0.43932906600093691 2.7042415061878269 0.17661816786858242
leaf_count=418 5376 23 219 50 311 78
internal_value=-0.000772586 -0.00510753 0.00389777 -0.00738364 0.00593788 0.00220749
internal_weight=7.87647 4.53623 3.34024 4.07559 2.85146 0.460636
internal_count=6475 5527 948 5426 530 101
is_linear=0
shrinkage=0.025


Tree=295
num_leaves=7
num_cat=0
split_feature=22 21 18 13 25 13
split_gain=0.788085 0.230539 0.169976 0.103638 0.0690215 0.0411189
threshold=0.73978024721145641 0.99673113226890575 -0.44004681706428522 2.9765458106994633 -0.60918611288070668 3.4741402864456181
decision_type=2 2 2 2 2 2
left_child=1 2 -1 -2 -5 -3
right_child=3 5 -4 4 -6 -7
leaf_value=0 0 -0.00094307412751251868 -0.008809506753870348 0.0058812409283413563 0 0.0018823116390242753
leaf_weight=0.85647528691333707 0.30992654757574234 0.31926701514021238 3.4650660818388133 2.1383780384676365 0.2621821736247506 0.91811126031825552
leaf_count=726 78 136 5273 137 96 83
internal_value=-0.00199994 -0.00620569 -0.00768635 0.00424583 0.00524733 0
internal_weight=8.26941 5.55892 4.32154 2.71049 2.40056 1.23738
internal_count=6529 6218 5999 311 233 219
is_linear=0
shrinkage=0.025


Tree=296
num_leaves=6
num_cat=0
split_feature=13 21 14 16 8
split_gain=0.510539 0.350555 0.165609 0.100291 0.0330991
threshold=2.9765458106994633 0.006716053234413267 0.55912283062934887 -1.4987025260925291 1.7162398099899294
decision_type=2 2 2 2 2
left_child=3 4 -3 -1 -2
right_child=1 2 -4 -5 -6
leaf_value=0 0 0.0070556937958990585 0 -0.005859833600832547 -0.0027932401143070549
leaf_weight=0.36261052562622342 0.15908195669908287 4.1626006504375255 1.6605220391829787 1.5317123781169355 0.84617987786987214
leaf_count=23 19 1614 620 2108 2095
internal_value=0.000267102 0.00366018 0.00570803 -0.00484147 -0.00203733
internal_weight=8.72271 6.82838 5.82312 1.89432 1.00526
internal_count=6479 4348 2234 2131 2114
is_linear=0
shrinkage=0.025


Tree=297
num_leaves=7
num_cat=0
split_feature=13 24 14 21 6 5
split_gain=0.42306 0.512219 0.264829 0.120873 0.0542274 0.0325756
threshold=4.8708693981170663 -3.5142350196838374 0.35226245224475866 0.018845100887119774 3.9379875659942631 1.5086767077445986
decision_type=2 2 2 2 2 2
left_child=1 4 3 -2 -1 -4
right_child=2 -3 5 -5 -6 -7
leaf_value=0.003101116523006116 0 -0.0075925052346980399 -0.0023452203598961288 0.006923003838612319 -1.7014524727461074e-05 0
leaf_weight=1.4813897118365273 0.19880177787126774 3.2034038067595247 0.71535031373787195 1.6796508600564264 0.17735657616867673 0.26991654762969119
leaf_count=146 411 4966 403 374 67 64
internal_value=-0.000738415 -0.00428638 0.00338593 0.00596321 0.00206667 -0.00136029
internal_weight=7.72587 4.86215 2.86372 1.87845 1.65875 0.985267
internal_count=6431 5179 1252 785 213 467
is_linear=0
shrinkage=0.025


Tree=298
num_leaves=6
num_cat=0
split_feature=21 13 26 18 16
split_gain=0.378303 0.307796 0.096419 0.0536254 0.0299458
threshold=0.006716053234413267 2.9765458106994633 -0.79605466127395619 0.53752049803733837 1.3850457668304446
decision_type=2 2 2 2 2
left_child=4 3 -3 -2 -1
right_child=1 2 -4 -5 -6
leaf_value=-0.0051729456406456355 -0.0032548574963126384 0.0057718122802774656 0 0 0
leaf_weight=1.4688383641714606 0.83428564834684926 4.1972298870205114 1.3979419196330134 0.5604729147926264 0.13263851144074568
leaf_count=3137 877 1092 1145 149 67
internal_value=0 0.00261602 0.00481982 -0.00210343 -0.00483597
internal_weight=8.59141 6.98993 5.59517 1.39476 1.60148
internal_count=6467 3263 2237 1026 3204
is_linear=0
shrinkage=0.025


Tree=299
num_leaves=7
num_cat=0
split_feature=27 27 5 24 22 27
split_gain=0.39802 0.322259 0.295681 0.138091 0.131692 0.0463227
threshold=0.17022031545639041 0.7019026279449464 4.0479609966278085 0.45088237524032598 0.73978024721145641 0.76813560724258434
decision_type=2 2 2 2 2 2
left_child=2 4 3 -1 -2 -3
right_child=1 5 -4 -5 -6 -7
leaf_value=0.006667873654619425 -0.0071818471533112802 0.0030667845134959783 -0.0016100474724527218 -4.7794437613402364e-06 0 0
leaf_weight=3.3465080227688309 2.6724949419040067 0.31590802954633534 1.0620520426800792 0.21521693263275654 0.80773379210586416 0.17676508735166863
leaf_count=411 4392 49 961 472 144 70
internal_value=0 -0.00385093 0.00346728 0.00576736 -0.0060795 0.00195743
internal_weight=8.59668 3.9729 4.62378 3.56172 3.48023 0.492673
internal_count=6499 4655 1844 883 4536 119
is_linear=0
shrinkage=0.025


Tree=300
num_leaves=7
num_cat=0
split_feature=27 6 6 15 24 22
split_gain=0.376641 0.310411 0.272944 0.261604 0.114663 0.0530341
threshold=0.13069365173578265 1.4355859756469729 4.6562788486480722 0.17023803293704989 0.45088237524032598 0.73978024721145641
decision_type=2 2 2 2 2 2
left_child=2 3 4 -2 -1 -3
right_child=1 5 -4 -5 -6 -7
leaf_value=0.0066161144525962255 0.0046608208077795156 -0.0069052487162606854 -0.0015995904823302089 -0.0024829624351599073 0 0
leaf_weight=3.0307181821299318 1.2037497752608035 1.9379485708013819 0.52969115553787549 1.0094843807619325 0.18344524773419824 0.37299337161675783
leaf_count=385 447 3853 537 817 321 72
internal_value=0 -0.00342887 0.00375705 0.00107348 0.00583703 -0.00638091
internal_weight=8.26803 4.52418 3.74385 2.21323 3.21416 2.31094
internal_count=6432 5189 1243 1264 706 3925
is_linear=0
shrinkage=0.025


Tree=301
num_leaves=6
num_cat=0
split_feature=21 19 6 16 7
split_gain=0.724334 0.528374 0.0767454 0.0723508 0.0275188
threshold=0.94090729951858532 0.28968106210231787 4.6562788486480722 0.84109690785408031 1.6390507221221926
decision_type=2 2 2 2 2
left_child=1 -1 3 -2 -3
right_child=2 4 -4 -5 -6
leaf_value=-0.00945945383638821 0.0052999595939552122 0 0 0 0.0020114664294696646
leaf_weight=2.7437322690511792 2.6374915652704667 0.86921004060422991 0.16250900016166259 0.30675064005481534 1.0692838219583789
leaf_count=5342 239 353 49 124 240
internal_value=-0.00173916 -0.00618213 0.00386896 0.00461659 0.00102972
internal_weight=7.78898 4.68223 3.10675 2.94424 1.93849
internal_count=6347 5935 412 363 593
is_linear=0
shrinkage=0.025


Tree=302
num_leaves=7
num_cat=0
split_feature=21 7 19 12 27 8
split_gain=0.442042 0.351412 0.399153 0.0996433 0.0684378 0.0575433
threshold=0.99673113226890575 5.0761897563934335 0.28968106210231787 2.8851087093353276 0.30249199271202093 5.8354294300079355
decision_type=2 2 2 2 2 2
left_child=1 2 -1 -2 -5 -3
right_child=3 5 -4 4 -6 -7
leaf_value=-0.0089655692099049247 -8.1362624693328815e-05 0.0033002122903531164 0.00048203265281748179 0.0055350667783775134 0 -3.9020286705223597e-05
leaf_weight=2.4979110067379224 0.21001564193284172 0.44153772281060799 1.8722769910164059 2.29637766101223 0.372273938381113 0.23600549444745411
leaf_count=5130 73 159 620 174 116 120
internal_value=-0.000239688 -0.00397169 -0.0061536 0.00387859 0.0048551 0.00202621
internal_weight=7.9264 5.04773 4.37019 2.87867 2.66865 0.677543
internal_count=6392 6029 5750 363 290 279
is_linear=0
shrinkage=0.025


Tree=303
num_leaves=7
num_cat=0
split_feature=21 7 24 13 20 7
split_gain=0.364668 0.276243 0.347159 0.116241 0.0579527 0.0562005
threshold=0.94090729951858532 5.0761897563934335 -3.6407675743103023 2.2157694101333623 1.3778911232948305 5.4053282737731942
decision_type=2 2 2 2 2 2
left_child=1 2 -1 -2 -5 -3
right_child=3 5 -4 4 -6 -7
leaf_value=0.0011522421585092335 -0.00022050574553279467 0.003199644789997529 -0.0074232717661152081 0.005659605813426144 0 -6.3451849845807604e-05
leaf_weight=1.10233838516433 0.23694747910485636 0.45632254589509091 3.2897101914004452 2.5082586100943449 0.37499343122181006 0.24223516524580191
leaf_count=144 87 131 5622 216 116 150
internal_value=0 -0.00308502 -0.0051379 0.00403003 0.00509047 0.00190849
internal_weight=8.21081 5.09061 4.39205 3.1202 2.88325 0.698558
internal_count=6466 6047 5766 419 332 281
is_linear=0
shrinkage=0.025


Tree=304
num_leaves=6
num_cat=0
split_feature=13 21 20 21 22
split_gain=0.389303 0.286128 0.123204 0.0936559 0.0511222
threshold=3.560726642608643 0.006716053234413267 0.81249868869781505 1.3803803324699404 0.96658754348754894
decision_type=2 2 2 2 2
left_child=3 -2 -3 4 -1
right_child=1 2 -4 -5 -6
leaf_value=-0.0060574098807356603 -0.0021158364987974507 0.0060796282012757687 0 0 0
leaf_weight=1.6516693522662542 0.69230641594913311 3.6598791142896516 1.3068269415562097 0.49372757786477439 0.40692484594910627
leaf_count=2918 1650 1333 475 58 50
internal_value=0 0.00290152 0.00493857 -0.00450946 -0.00548182
internal_weight=8.21133 5.65901 4.96671 2.55232 2.05859
internal_count=6484 3458 1808 3026 2968
is_linear=0
shrinkage=0.025


Tree=305
num_leaves=7
num_cat=0
split_feature=26 0 6 19 21 14
split_gain=0.454556 0.297036 0.256611 0.153083 0.0636415 0.0464168
threshold=-0.99842628836631764 0.3149582445621491 4.1174354553222665 0.56665897369384777 0.17968884855508807 0.10022979602217676
decision_type=2 2 2 2 2 2
left_child=2 5 4 -3 -1 -2
right_child=1 3 -4 -5 -6 -7
leaf_value=0 0.002764083300834923 -0.0078592086782329745 -0.0017996713755857611 0 0.0058585096091440508 -9.6015643408747011e-05
leaf_weight=0.20210596381730361 0.1522443012036091 3.3116671960306121 0.56683032990986237 0.85281322383525537 2.2997753446288698 0.23856419098592596
leaf_count=151 21 5133 649 184 188 111
internal_value=-0.0014566 -0.00503736 0.0029119 -0.00675125 0.0053005 0.00138908
internal_weight=7.624 4.55529 3.06871 4.16448 2.50188 0.390808
internal_count=6437 5449 988 5317 339 132
is_linear=0
shrinkage=0.025


Tree=306
num_leaves=7
num_cat=0
split_feature=26 26 24 13 21 26
split_gain=0.396057 0.307461 0.286493 0.252566 0.114801 0.055638
threshold=-0.99842628836631764 -0.38679364323616022 -3.6407675743103023 2.2157694101333623 -0.1615222170948982 -0.34565120935440058
decision_type=2 2 2 2 2 2
left_child=3 2 -2 -1 -5 -3
right_child=1 5 -4 4 -6 -7
leaf_value=-0.0014669226198963626 0.00050206660548817773 0.0032660610663031589 -0.0076681040905826493 0 0.0065660704266136951 -2.3508922927629811e-05
leaf_weight=0.50650521010175031 1.2016339559595506 0.28288477972091641 3.1864676982640958 0.17521199383190911 2.7007370638311836 0.20376924096490245
leaf_count=461 193 24 5232 177 345 83
internal_value=0 -0.00367393 -0.00568923 0.00369181 0.0057484 0.00198334
internal_weight=8.25721 4.87476 4.3881 3.38245 2.87595 0.486654
internal_count=6515 5532 5425 983 522 107
is_linear=0
shrinkage=0.025


Tree=307
num_leaves=7
num_cat=0
split_feature=22 17 27 16 12 13
split_gain=0.442073 0.403197 0.421168 0.125402 0.100046 0.0876175
threshold=0.73978024721145641 0.71390482783317577 0.73578736186027538 0.57612982392311107 2.8851087093353276 2.9765458106994633
decision_type=2 2 2 2 2 2
left_child=1 2 -1 5 -3 -2
right_child=3 4 -4 -5 -6 -7
leaf_value=-0.0087460537042879545 0 -0.00089370884205076679 0.0016132973588996924 -0.00022585073851944237 0.0034199354809476413 0.0061651280950253753
leaf_weight=3.1088623591949731 0.2450459985702772 0.3613466211172639 0.35424221153516544 0.27051015511824505 1.6487358273734569 2.1211118336068466
leaf_count=5625 55 184 91 119 270 143
internal_value=0 -0.0036365 -0.0066208 0.00424783 0.00166856 0.0054139
internal_weight=8.10986 5.47319 3.4631 2.63667 2.01008 2.36616
internal_count=6487 6170 5716 317 454 198
is_linear=0
shrinkage=0.025


Tree=308
num_leaves=7
num_cat=0
split_feature=24 17 23 12 11 23
split_gain=0.460389 0.461004 0.143846 0.126726 0.0797963 0.0661931
threshold=-3.6407675743103023 0.5253126621246339 -7.2117302417755118 4.0115416049957284 2.2217351198196416 -6.246882200241088
decision_type=2 2 2 2 2 2
left_child=4 2 -2 -3 -1 -6
right_child=1 3 -4 -5 5 -7
leaf_value=0 0 -0.001300418064882976 -0.0085457068047231546 0.0034930842926552902 0 0.0051820431662967757
leaf_weight=0.19645977042091578 0.23270258624688755 0.80446578397823065 2.7796092213429802 1.6860340107377849 0.22768573953362681 2.048360654280259
leaf_count=68 54 523 5212 350 79 160
internal_value=-0.000984888 -0.00438878 -0.00772576 0.00127584 0.00362199 0.00450859
internal_weight=7.97532 5.50281 3.01231 2.4905 2.47251 2.27605
internal_count=6446 6139 5266 873 307 239
is_linear=0
shrinkage=0.025


Tree=309
num_leaves=5
num_cat=0
split_feature=21 13 14 15
split_gain=0.41988 0.285667 0.240285 0.0242804
threshold=0.006716053234413267 2.2157694101333623 0.39199681580066686 2.8981758356094365
decision_type=2 2 2 2
left_child=3 -2 -3 -1
right_child=1 2 -4 -5
leaf_value=-0.0048678702318595661 -0.0020405650175418753 0.0069344888249226293 0 0
leaf_weight=1.3951125691091872 0.59209806211038074 3.9868616718795238 2.3511513863431901 0.059105073429236543
leaf_count=3176 505 1783 994 12
internal_value=0.000221475 0.00325908 0.00498696 -0.00459651
internal_weight=8.38433 6.93011 6.33801 1.45422
internal_count=6470 3282 2777 3188
is_linear=0
shrinkage=0.025


Tree=310
num_leaves=7
num_cat=0
split_feature=22 12 14 25 6 23
split_gain=0.369866 0.504904 0.158534 0.0993103 0.0602003 0.0422667
threshold=0.82584869861602794 5.3853561878204355 0.35226245224475866 -4.5186681747436515 3.4109725952148442 -6.246882200241088
decision_type=2 2 2 2 2 2
left_child=1 3 -3 -1 5 -2
right_child=4 2 -4 -5 -6 -7
leaf_value=0 0 0.004385865656586968 -0.0012613599293521806 -0.0079936834749879931 0 0.0044578224469774613
leaf_weight=0.25488473410951007 0.20898307832976581 1.1954107867240962 0.53310260784928676 3.2326347845282726 0.28700797539204348 1.7178135751200898
leaf_count=40 70 573 322 5256 68 120
internal_value=-0.00112048 -0.00416613 0.00207223 -0.00739372 0.00310293 0.00393179
internal_weight=7.42984 5.21603 1.72851 3.48752 2.2138 1.9268
internal_count=6449 6191 895 5296 258 190
is_linear=0
shrinkage=0.025


Tree=311
num_leaves=7
num_cat=0
split_feature=21 7 24 26 13 7
split_gain=0.345978 0.301935 0.3499 0.119152 0.110942 0.0596985
threshold=0.94090729951858532 5.0761897563934335 -3.6407675743103023 -0.80571988224983204 2.2157694101333623 5.4053282737731942
decision_type=2 2 2 2 2 2
left_child=1 2 -1 4 -2 -3
right_child=3 5 -4 -5 -6 -7
leaf_value=0.00096864197503575213 0 0.0032927026977337698 -0.007787307647088822 -0.00030013736225461526 0.0057672074607724791 -0.00010378876255309896
leaf_weight=1.17765478196452 0.19090704625705335 0.43821307298640011 3.160549140371586 0.46080563466239244 2.3532652651883836 0.25002798784043989
leaf_count=152 74 123 5642 158 193 150
internal_value=0 -0.00338637 -0.00549514 0.00355659 0.00481954 0.00195342
internal_weight=8.03142 5.02644 4.3382 3.00498 2.54417 0.688241
internal_count=6492 6067 5794 425 267 273
is_linear=0
shrinkage=0.025


Tree=312
num_leaves=7
num_cat=0
split_feature=6 21 4 16 22 22
split_gain=0.455725 0.257098 0.0978555 0.074838 0.0245191 0.0238069
threshold=3.3197416067123418 0.006716053234413267 -0.411990076303482 -1.4987025260925291 0.86845800280570995 1.0438584089279177
decision_type=2 2 2 2 2 2
left_child=1 4 -3 -2 -1 -5
right_child=3 2 -4 5 -6 -7
leaf_value=-0.0021818552199345718 0 0 0.0060613309896694091 -0.0055350963805766411 0 0
leaf_weight=0.71135868618330267 0.21949267119634885 0.56954215654695861 4.8299620613088337 1.4274664348959047 0.15266925955074839 0.19564656328293484
leaf_count=1833 16 159 1892 2538 3 23
internal_value=0.000350243 0.00366348 0.0053709 -0.00444616 -0.00142241 -0.00524268
internal_weight=8.10614 6.26353 5.3995 1.84261 0.864028 1.62311
internal_count=6464 3887 2051 2577 1836 2561
is_linear=0
shrinkage=0.025


Tree=313
num_leaves=7
num_cat=0
split_feature=27 6 0 22 24 14
split_gain=0.308961 0.274495 0.226299 0.150748 0.133391 0.0462819
threshold=0.17022031545639041 4.6562788486480722 0.3149582445621491 1.3181343674659731 0.45088237524032598 0.10022979602217676
decision_type=2 2 2 2 2 2
left_child=1 4 5 -4 -1 -2
right_child=2 -3 3 -5 -6 -7
leaf_value=0.0061004949072317061 0.0027379393840585098 -0.0019952029036078406 -0.0065971146553833321 7.4682149868951248e-05 -9.2992265191920324e-05 -0.0001137243959804483
leaf_weight=3.3281080443302931 0.15621422470576396 0.60319768245790317 2.848233615581194 0.38254186629637832 0.24149676248453023 0.24199193161621224
leaf_count=584 21 627 4430 31 603 111
internal_value=0 0.00290409 -0.00366236 -0.00548232 0.00514238 0.00134698
internal_weight=7.80178 4.1728 3.62898 3.23078 3.5696 0.398206
internal_count=6407 1814 4593 4461 1187 132
is_linear=0
shrinkage=0.025


Tree=314
num_leaves=7
num_cat=0
split_feature=22 17 27 12 6 25
split_gain=0.278369 0.376899 0.424761 0.131294 0.0982209 0.0978087
threshold=0.73978024721145641 0.5253126621246339 0.73578736186027538 2.8851087093353276 3.9379875659942631 -0.60918611288070668
decision_type=2 2 2 2 2 2
left_child=1 2 -1 -3 5 -2
right_child=4 3 -4 -5 -6 -7
leaf_value=-0.0084970927177931612 0.0055725560949290128 -0.001272729768841809 0.0018046851513138366 0.0036455948375252074 -0.00015510110813407639 0
leaf_weight=2.4623699476396728 2.0585296973440572 0.44313723096638602 0.31971307305502694 2.1742579357487557 0.19617881171870966 0.28847441241668992
leaf_count=5240 154 263 76 602 59 95
internal_value=0 -0.0027243 -0.00611122 0.00170357 0.00358224 0.00463828
internal_weight=7.94266 5.39948 2.78208 2.6174 2.54318 2.347
internal_count=6489 6181 5316 865 308 249
is_linear=0
shrinkage=0.025


Tree=315
num_leaves=7
num_cat=0
split_feature=22 26 13 5 23 18
split_gain=0.64701 0.345503 0.0978024 0.0867603 0.08216 0.0385767
threshold=0.73978024721145641 -1.0062959194183347 2.9765458106994633 3.6571062803268437 -6.246882200241088 -0.48554779589176172
decision_type=2 2 2 2 2 2
left_child=1 3 -2 -1 -4 -3
right_child=2 5 4 -5 -6 -7
leaf_value=0.002720002279674756 -4.3617651901211262e-06 0 0 -0.0013279952607316925 0.0056666773247733785 -0.0083921042503153596
leaf_weight=1.2701044732748412 0.30840250196342855 0.32738778737439167 0.22489989762107176 0.48443838914681681 2.1086052929786092 2.9749557078794169
leaf_count=176 73 403 80 631 152 4962
internal_value=-0.00165661 -0.00567108 0.00389255 0.000521337 0.00491166 -0.0080465
internal_weight=7.69879 5.05689 2.64191 1.75454 2.33351 3.30234
internal_count=6477 6172 305 807 232 5365
is_linear=0
shrinkage=0.025


Tree=316
num_leaves=7
num_cat=0
split_feature=23 25 19 5 26 22
split_gain=0.279013 0.201376 0.155361 0.130545 0.0988199 0.0257077
threshold=-0.93021708726882923 2.6962850093841557 0.49833458662033087 4.0479609966278085 -1.0146263241767881 0.86845800280570995
decision_type=2 2 2 2 2 2
left_child=1 3 5 -1 -3 -2
right_child=2 4 -4 -5 -6 -7
leaf_value=0.0059225454278528985 -0.0054664417555089981 0.0011615014873667903 0.00045965616943921843 -0.0001229923517527186 -0.0031842409659021773 0
leaf_weight=3.1021446339218532 1.8041981455953653 0.53013928496511631 1.077266856387723 0.22890733499480109 0.95914883159275632 0.21287677449436149
leaf_count=1321 2560 139 188 227 2003 28
internal_value=0 0.00290622 -0.00336105 0.00493241 -0.000971154 -0.00516582
internal_weight=7.91468 4.82034 3.09434 3.33105 1.48929 2.01707
internal_count=6466 3690 2776 1548 2142 2588
is_linear=0
shrinkage=0.025


Tree=317
num_leaves=6
num_cat=0
split_feature=21 14 5 19 15
split_gain=0.312234 0.249766 0.2837 0.103034 0.0227962
threshold=0.006716053234413267 0.42535112798213964 4.0129206180572519 0.64220607280731212 2.8981758356094365
decision_type=2 2 2 2 2
left_child=4 2 -2 -3 -1
right_child=1 3 -4 -5 -6
leaf_value=-0.0046980567640807543 0.0066386598583921853 -0.0032655755038920684 -0.0013049572825028926 0.0010413551158506586 0
leaf_weight=1.3361186716319933 3.644227852279073 1.6573479885191775 0.45477621290956438 0.63283920127651061 0.057432912610238307
leaf_count=3177 1704 1047 457 61 10
internal_value=0 0.00247108 0.00483765 -0.00132017 -0.00443227
internal_weight=7.78274 6.38919 4.099 2.29019 1.39355
internal_count=6456 3269 2161 1108 3187
is_linear=0
shrinkage=0.025


Tree=318
num_leaves=7
num_cat=0
split_feature=26 26 13 22 21 26
split_gain=0.361356 0.308641 0.217711 0.162079 0.0863929 0.0502596
threshold=-1.0007800459861753 -0.38679364323616022 2.2157694101333623 0.73978024721145641 -0.1615222170948982 -0.34565120935440058
decision_type=2 2 2 2 2 2
left_child=2 3 -1 -2 -4 -3
right_child=1 5 4 -5 -6 -7
leaf_value=-0.0012081136006285712 -0.0068710348393906983 0.0032610971858252182 0 0 0.0061982242757757126 0
leaf_weight=0.45494912150024935 3.0950919074766716 0.27476864299751469 0.13984265684848729 1.1129281063622327 2.6862109015164601 0.18291982013033692
leaf_count=448 5186 23 169 190 340 80
internal_value=0 -0.00341407 0.00369704 -0.00552302 0.00555266 0.00212667
internal_weight=7.94671 4.66571 3.281 4.20802 2.82605 0.457688
internal_count=6436 5479 957 5376 509 103
is_linear=0
shrinkage=0.025


Tree=319
num_leaves=5
num_cat=0
split_feature=21 13 26 15
split_gain=0.399688 0.261615 0.11364 0.0228757
threshold=0.006716053234413267 2.2157694101333623 -0.88257181644439686 2.8981758356094365
decision_type=2 2 2 2
left_child=3 -2 -3 -1
right_child=1 2 -4 -5
leaf_value=-0.0047874986061445975 -0.0019062993656527355 0.0060331700171045444 0 0
leaf_weight=1.3527337048308252 0.56537231655784115 4.1539588994492069 2.1321014591012508 0.057804546549959812
leaf_count=3174 503 994 1782 12
internal_value=0.000171416 0.00316724 0.00481972 -0.00452584
internal_weight=8.26197 6.85143 6.28606 1.41054
internal_count=6465 3279 2776 3186
is_linear=0
shrinkage=0.025


Tree=320
num_leaves=7
num_cat=0
split_feature=26 0 18 6 18 14
split_gain=0.261467 0.204359 0.178884 0.164399 0.0678763 0.0429202
threshold=-1.0062959194183347 0.3149582445621491 0.46212239563465124 4.6562788486480722 -0.2331653758883476 0.10022979602217676
decision_type=2 2 2 2 2 2
left_child=3 5 -3 4 -1 -2
right_child=1 2 -4 -5 -6 -7
leaf_value=0 0.0027243078489956143 -0.0063193436485215583 4.0832107092831969e-05 -0.0010426125224311273 0.0053212239870345426 0
leaf_weight=0.13365867251923269 0.15822545957053069 3.0914637810001295 1.3311767098639391 0.42018714264850121 2.3357042190909851 0.219754260215268
leaf_count=157 22 4988 376 442 292 109
internal_value=-8.18115e-05 -0.00311451 -0.00473585 0.00294516 0.00470417 0.00145967
internal_weight=7.69017 4.80062 4.42264 2.88955 2.46936 0.37798
internal_count=6386 5495 5364 891 449 131
is_linear=0
shrinkage=0.025


Tree=321
num_leaves=6
num_cat=0
split_feature=21 14 12 25 15
split_gain=0.307731 0.269834 0.253194 0.124701 0.0224259
threshold=0.006716053234413267 0.39199681580066686 2.6077899932861333 -2.5018540620803829 2.8981758356094365
decision_type=2 2 2 2 2
left_child=4 2 -2 -3 -1
right_child=1 3 -4 -5 -6
leaf_value=-0.0047177330550122664 -0.0011115992527517592 0.0010736410712075958 0.0064613327530461387 -0.0037105833469046503 0
leaf_weight=1.3396621906849757 0.41092590463631484 0.92327240214945083 3.8298854418462724 1.3860048982260194 0.057433408848737488
leaf_count=3189 241 139 1833 1016 11
internal_value=0 0.00237675 0.00484677 -0.00151675 -0.00445715
internal_weight=7.94718 6.55009 4.24081 2.30928 1.3971
internal_count=6429 3229 2074 1155 3200
is_linear=0
shrinkage=0.025


Tree=322
num_leaves=7
num_cat=0
split_feature=21 27 22 22 20 26
split_gain=0.363483 0.257774 0.309044 0.0885913 0.0867641 0.0398392
threshold=0.99673113226890575 0.73578736186027538 0.73978024721145641 0.037470653653144843 0.88113602995872509 -0.34565120935440058
decision_type=2 2 2 2 2 2
left_child=1 2 -1 -2 -5 -3
right_child=3 5 -4 4 -6 -7
leaf_value=-0.0077117621902521687 -0.00017846337704264934 0.0026884960522531682 0.00072929025624446126 0.0051353261962764395 0 0
leaf_weight=3.3729329459110886 0.21962082160462193 0.16288488762802444 1.0593440202173949 1.9836889174621322 0.48476752661008493 0.19472953758668143
leaf_count=5843 86 15 139 157 127 76
internal_value=-0.000743189 -0.00403421 -0.00571453 0.00311794 0.0041712 0.00152243
internal_weight=7.47797 4.78989 4.43228 2.68808 2.46846 0.357614
internal_count=6443 6073 5982 370 284 91
is_linear=0
shrinkage=0.025


Tree=323
num_leaves=7
num_cat=0
split_feature=22 27 17 13 23 23
split_gain=0.451863 0.368666 0.0917322 0.0826078 0.0786044 0.0528135
threshold=0.73978024721145641 0.067776922136545195 0.66432902216911327 3.0641437768936162 -1.8102911114692686 -6.246882200241088
decision_type=2 2 2 2 2 2
left_child=1 4 -3 -2 -1 -5
right_child=3 2 -4 5 -6 -7
leaf_value=0.0031025892188382333 0 -0.0081586243602708892 0 0 -0.00070050276834306363 0.0048905318999232991
leaf_weight=0.92272843804676086 0.30343834844825357 2.5500832436773639 1.2184833313294801 0.21028793712321259 0.51843675222698926 1.9088170410541347
leaf_count=110 77 5128 471 73 430 147
internal_value=-0.00136651 -0.00469863 -0.00712566 0.00329531 0.00128239 0.00430978
internal_weight=7.63228 5.20973 3.76857 2.42254 1.44117 2.1191
internal_count=6436 6139 5599 297 540 220
is_linear=0
shrinkage=0.025


Tree=324
num_leaves=7
num_cat=0
split_feature=13 22 21 14 21 5
split_gain=0.250493 0.316503 0.199726 0.174648 0.167493 0.0743396
threshold=4.2216577529907235 0.82584869861602794 1.3024011850357058 0.39199681580066686 0.018845100887119774 1.5086767077445986
decision_type=2 2 2 2 2 2
left_child=1 2 -1 4 -2 -5
right_child=3 -3 -4 5 -6 -7
leaf_value=-0.0073884844313303992 -0.00041452502304476809 0.0018419959313746891 0.00020302572907387139 -0.0028365431554007079 0.0062423091692811036 0.00087955509040689667
leaf_weight=2.0466137566181724 0.32607658850975063 1.1528826131361709 0.6263268413604236 0.69714867687616766 2.2515701729862485 0.68589183373842388
leaf_count=4032 839 112 62 442 716 197
internal_value=0 -0.00306917 -0.00582195 0.00286246 0.00485754 -0.000769093
internal_weight=7.78651 3.82582 2.67294 3.96069 2.57765 1.38304
internal_count=6400 4206 4094 2194 1555 639
is_linear=0
shrinkage=0.025


Tree=325
num_leaves=6
num_cat=0
split_feature=6 21 14 16 19
split_gain=0.532367 0.276289 0.159364 0.071935 0.0241889
threshold=3.3197416067123418 0.006716053234413267 0.39199681580066686 -1.4987025260925291 0.81835404038429271
decision_type=2 2 2 2 2
left_child=1 4 -3 -2 -1
right_child=3 2 -4 -5 -6
leaf_value=-0.0021953197850477788 0 0.0072173913486854148 0 -0.0056215343674248129 0
leaf_weight=0.7034903232124633 0.22806733980542038 3.2678100602934137 2.0431308548377274 1.5881380647024341 0.15169055841397494
leaf_count=1813 19 1255 777 2600 5
internal_value=0.000312727 0.00391061 0.00566648 -0.0048937 -0.00145347
internal_weight=7.98233 6.16612 5.31094 1.81621 0.855181
internal_count=6469 3850 2032 2619 1818
is_linear=0
shrinkage=0.025


Tree=326
num_leaves=6
num_cat=0
split_feature=13 25 26 19 16
split_gain=0.370658 0.258236 0.138004 0.0862211 0.0842881
threshold=2.9765458106994633 0.49990084767341619 -0.38679364323616022 -0.18961268663406369 -1.4987025260925291
decision_type=2 2 2 2 2
left_child=4 3 -3 -2 -1
right_child=1 2 -4 -5 -6
leaf_value=0 0 -0.0032337268725426342 0.0018374310121644418 0.006085409605767117 -0.0054061091641667263
leaf_weight=0.3441703900170977 0.3639673171219332 2.2224748888620525 0.30614130926915128 3.2525153056012641 1.3926277303871755
leaf_count=25 272 3482 86 488 2148
internal_value=0 0.0029579 -0.000977051 0.00540498 -0.00446242
internal_weight=7.8819 6.1451 2.52862 3.61648 1.7368
internal_count=6501 4328 3568 760 2173
is_linear=0
shrinkage=0.025


Tree=327
num_leaves=6
num_cat=0
split_feature=21 13 25 15 15
split_gain=0.288701 0.245966 0.1312 0.0206709 0.0207039
threshold=0.006716053234413267 2.2157694101333623 2.6962850093841557 -0.70699605345726002 2.8981758356094365
decision_type=2 2 2 2 2
left_child=3 -2 -3 -1 -5
right_child=1 2 -4 4 -6
leaf_value=0 -0.0020243780196707879 0.0054025708097278496 0 -0.0044535544589104255 0
leaf_weight=0.14261713096493633 0.58953770023435925 5.1025260239730414 0.91154495863520413 1.2644100707002501 0.056957631883051474
leaf_count=84 496 1863 904 3094 15
internal_value=0 0.00265912 0.00439626 -0.00390144 -0.00419624
internal_weight=8.06759 6.60361 6.01407 1.46398 1.32137
internal_count=6456 3263 2767 3193 3109
is_linear=0
shrinkage=0.025


Tree=328
num_leaves=6
num_cat=0
split_feature=6 26 22 26 21
split_gain=0.342374 0.221276 0.201293 0.16715 0.142227
threshold=3.1933562755584721 -0.79605466127395619 0.034461727365851409 -0.38679364323616022 1.8080657720565798
decision_type=2 2 2 2 2
left_child=1 2 -1 -3 -2
right_child=4 3 -4 -5 -6
leaf_value=-0.0005680358155120607 -0.0056274173869559812 -0.0038991280723801197 0.0064304773989802382 0.001884874757024458 0.0003127147050234531
leaf_weight=0.52210421660674944 1.666547116761649 1.1050594547377839 3.3598942310200073 0.49249225110543182 0.45182733176625323
leaf_count=1084 2798 2021 444 107 22
internal_value=0 0.00295047 0.00499565 -0.00109158 -0.00415271
internal_weight=7.59792 5.47955 3.882 1.59755 2.11837
internal_count=6476 3656 1528 2128 2820
is_linear=0
shrinkage=0.025


Tree=329
num_leaves=7
num_cat=0
split_feature=13 22 15 21 7 26
split_gain=0.428046 0.297816 0.225902 0.169083 0.112023 0.0921595
threshold=4.2367825508117685 0.86845800280570995 0.29623569548130041 0.018845100887119774 -1.1592777371406553 -0.98541969060897816
decision_type=2 2 2 2 2 2
left_child=1 4 3 -2 -1 -4
right_child=2 -3 5 -5 -6 -7
leaf_value=0 -0.00033694182004550551 0.0010284406394606711 0.00092837083430139628 0.0065327269191213545 -0.0078031098136639781 -0.0032905066100192256
leaf_weight=0.30185672399784458 0.30582929974298245 1.0180576095481226 0.47175005699682515 2.4448892468608392 2.2448633083113236 0.72365755649116159
leaf_count=89 689 103 30 723 4080 774
internal_value=-0.000590577 -0.00472662 0.0030006 0.00523792 -0.00701253 -0.00121121
internal_weight=7.5109 3.56478 3.94613 2.75072 2.54672 1.19541
internal_count=6488 4272 2216 1412 4169 804
is_linear=0
shrinkage=0.025


Tree=330
num_leaves=7
num_cat=0
split_feature=26 26 6 25 18 26
split_gain=0.389806 0.364668 0.173623 0.0801409 0.0688929 0.0475567
threshold=-1.0146263241767881 -0.38679364323616022 4.6562788486480722 -3.8140494823455806 -0.2331653758883476 -0.34565120935440058
decision_type=2 2 2 2 2 2
left_child=2 3 4 -2 -1 -3
right_child=1 5 -4 -5 -6 -7
leaf_value=0 0 0.003182332924441509 -0.0010356846944637298 -0.0071573263996348923 0.0055779232676435716 0
leaf_weight=0.12781112525044624 0.60157433622225642 0.28466379531528219 0.41881451443987305 3.4191478433986049 2.1220175059606849 0.18101256920635922
leaf_count=137 100 23 432 5425 240 80
internal_value=-0.00087385 -0.00432052 0.00314455 -0.00650065 0.00496241 0.00208656
internal_weight=7.15504 4.4864 2.66864 4.02072 2.24983 0.465676
internal_count=6437 5628 809 5525 377 103
is_linear=0
shrinkage=0.025


Tree=331
num_leaves=7
num_cat=0
split_feature=26 26 25 12 24 26
split_gain=0.315813 0.246861 0.215797 0.185632 0.0892697 0.0527699
threshold=-1.0007800459861753 -0.38679364323616022 0.42028801143169409 2.6077899932861333 0.45088237524032598 -0.34565120935440058
decision_type=2 2 2 2 2 2
left_child=3 2 -2 -1 -5 -3
right_child=1 5 -4 4 -6 -7
leaf_value=-0.0008932903583471068 0 0.0031600375385397173 -0.0071398952310910762 0.0061844874660092397 0 -6.122139794043393e-06
leaf_weight=0.38874815388044259 2.306426729355735 0.28659277792758076 1.8044941432526682 2.5133118016674421 0.15374548369072716 0.19848597842064908
leaf_count=390 1014 25 4412 280 253 83
internal_value=0 -0.0028424 -0.00482385 0.00385721 0.0054958 0.00190043
internal_weight=7.65181 4.596 4.11092 3.05581 2.66706 0.485079
internal_count=6457 5534 5426 923 533 108
is_linear=0
shrinkage=0.025


Tree=332
num_leaves=7
num_cat=0
split_feature=21 19 20 6 20 20
split_gain=0.466666 0.48284 0.0891289 0.0942125 0.0567361 0.0367498
threshold=0.94090729951858532 0.40039856731891638 1.3778911232948305 4.6562788486480722 1.539854168891907 -0.1581609100103378
decision_type=2 2 2 2 2 2
left_child=1 4 3 -2 -1 -3
right_child=2 5 -4 -5 -6 -7
leaf_value=-0.0089412754774045415 0.0048155995386244864 0 -0.00033876921227391247 -2.4139067017945725e-05 0 0.0023206231841724394
leaf_weight=2.6519563597430538 2.3416110040561771 0.17164246574975561 0.25790858680556983 0.19859654632455193 0.24644087101296452 1.48120345418647
leaf_count=5448 245 112 112 58 167 315
internal_value=-0.00203318 -0.00547635 0.00268623 0.00384323 -0.00854181 0.00133937
internal_weight=7.34936 4.55124 2.79812 2.54021 2.8984 1.65285
internal_count=6457 6042 415 303 5615 427
is_linear=0
shrinkage=0.025


Tree=333
num_leaves=7
num_cat=0
split_feature=22 17 13 23 13 25
split_gain=0.40885 0.428332 0.179011 0.132316 0.0680575 0.0624698
threshold=0.73978024721145641 0.5253126621246339 4.1066613197326669 -7.2117302417755118 2.5988241434097294 -0.60918611288070668
decision_type=2 2 2 2 2 2
left_child=1 3 -3 -1 -2 -6
right_child=4 2 -4 -5 5 -7
leaf_value=0 0 -0.0018635863647757695 0.0039427364190546908 -0.0082543912407066281 0.0050252458604769451 0
leaf_weight=0.2233548900985628 0.14406271489860989 0.71476034544321043 1.7135727980712543 2.4010898974629526 1.9810602509351161 0.25861925505887451
leaf_count=54 47 633 250 5136 150 86
internal_value=-0.000657711 -0.00406601 0.0012883 -0.0074359 0.00358153 0.00435408
internal_weight=7.43652 5.05278 2.42833 2.62444 2.38374 2.23968
internal_count=6356 6073 883 5190 283 236
is_linear=0
shrinkage=0.025


Tree=334
num_leaves=7
num_cat=0
split_feature=13 21 14 24 21 18
split_gain=0.372848 0.382617 0.179331 0.120035 0.103915 0.042346
threshold=4.6783151626586923 1.0618990659713747 0.35226245224475866 -4.7776813507080069 0.018845100887119774 0.15507807582616809
decision_type=2 2 2 2 2 2
left_child=1 3 4 -1 -2 -3
right_child=2 5 -4 -5 -6 -7
leaf_value=0 0 0 -0.0005781207173586588 -0.0075858924897159235 0.0063982981041254402 0.0027019793990480309
leaf_weight=0.4948508875750125 0.18726126784895347 0.14165530761238176 1.075295003269275 2.3790126080675691 1.7851929459975506 1.334631429537694
leaf_count=60 509 46 521 4706 485 133
internal_value=0 -0.00373239 0.00357361 -0.00666342 0.00552485 0.00174768
internal_weight=7.3979 4.35015 3.04775 2.87386 1.97245 1.47629
internal_count=6460 4945 1515 4766 994 179
is_linear=0
shrinkage=0.025


Tree=335
num_leaves=6
num_cat=0
split_feature=6 21 14 21 22
split_gain=0.272072 0.203152 0.173068 0.0987052 0.0415668
threshold=2.9688662290573125 0.018845100887119774 0.54883357882499706 1.3024011850357058 1.0438584089279177
decision_type=2 2 2 2 2
left_child=1 -1 -3 4 -2
right_child=3 2 -4 -5 -6
leaf_value=-0.0016839115428308818 -0.0055840606915430416 0.0057903444874720898 -0.00021112321160298266 0 0
leaf_weight=0.70439264901688137 1.4388176708707763 3.2206215279657044 1.3252520745554646 0.5049277092621195 0.21174123539822165
leaf_count=1670 2969 1225 494 62 25
internal_value=0 0.00235693 0.00419185 -0.00397574 -0.00512666
internal_weight=7.40575 5.25027 4.54587 2.15549 1.65056
internal_count=6445 3389 1719 3056 2994
is_linear=0
shrinkage=0.025


Tree=336
num_leaves=7
num_cat=0
split_feature=6 14 26 21 22 0
split_gain=0.290766 0.225928 0.196292 0.133816 0.0907334 0.0686164
threshold=2.8939073085784917 0.23329807072877887 -0.85247987508773793 0.018845100887119774 0.92063546180725109 6.3350937366485605
decision_type=2 2 2 2 2 2
left_child=1 3 -3 -1 5 -2
right_child=4 2 -4 -5 -6 -7
leaf_value=-0.00017225655667850936 -0.0062048240118988893 0.0016031780412580467 -0.00446129549121834 0.00588821892797586 0 0
leaf_weight=0.2788292748100506 1.5826278396452838 1.545837454399589 0.97505941754752701 2.0980239071031974 0.52272307156817976 0.28547056628303824
leaf_count=1021 3055 363 1168 766 58 106
internal_value=-0.000732067 0.00186639 -0.00131798 0.00469515 -0.00456229 -0.00553674
internal_weight=7.28857 4.89775 2.5209 2.37685 2.39082 1.8681
internal_count=6537 3318 1531 1787 3219 3161
is_linear=0
shrinkage=0.025


Tree=337
num_leaves=7
num_cat=0
split_feature=26 19 27 13 17 9
split_gain=0.234515 0.225501 0.281622 0.195162 0.057283 0.0460824
threshold=-0.99842628836631764 0.54332491755485546 0.73578736186027538 2.2157694101333623 -0.0069545244332402936 3.340102076530457
decision_type=2 2 2 2 2 2
left_child=3 2 -2 -1 -5 -3
right_child=1 5 -4 4 -6 -7
leaf_value=-0.0010653447302961866 -0.0063413238420157118 0 0.0015056318151657215 0 0.0059076557312050908 0.0028325179839478456
leaf_weight=0.42780366624720079 3.1931900522431538 0.35341226566379169 0.35993574179155974 0.32855076117266513 2.3143570839201852 0.90593681251630187
leaf_count=458 5220 159 93 217 301 46
internal_value=0.000160912 -0.00209943 -0.00440021 0.00358378 0.00535871 0.00172302
internal_weight=7.88319 4.81247 3.55313 3.07071 2.64291 1.25935
internal_count=6494 5518 5313 976 518 205
is_linear=0
shrinkage=0.025


Tree=338
num_leaves=7
num_cat=0
split_feature=22 17 27 12 13 23
split_gain=0.221736 0.37789 0.40471 0.100244 0.0787764 0.050322
threshold=0.73978024721145641 0.65079712867736828 0.73578736186027538 2.8851087093353276 2.9765458106994633 -6.246882200241088
decision_type=2 2 2 2 2 2
left_child=1 2 -1 -3 -2 -6
right_child=4 3 -4 -5 5 -7
leaf_value=-0.0080765933290017269 0 -0.00070192492843202628 0.0018275876152034042 0.0036512914867684338 0 0.004839262841034247
leaf_weight=2.6196447537986391 0.28883938011131283 0.33350411044011741 0.31411832207231771 1.8898348957663982 0.2102454513587878 1.90807386274173
leaf_count=5468 72 204 77 376 72 154
internal_value=0 -0.00237919 -0.00574491 0.00209918 0.0033087 0.00427884
internal_weight=7.56426 5.1571 2.93376 2.22334 2.40716 2.11832
internal_count=6423 6125 5545 580 298 226
is_linear=0
shrinkage=0.025


Tree=339
num_leaves=6
num_cat=0
split_feature=6 21 14 16 24
split_gain=0.403375 0.233351 0.219833 0.0572868 0.0229716
threshold=3.352224707603455 0.018845100887119774 0.55912283062934887 -1.4987025260925291 -4.7776813507080069
decision_type=2 2 2 2 2
left_child=1 4 -3 -2 -1
right_child=3 2 -4 -5 -6
leaf_value=0 0 0.0065957803411315179 -0.00028249443106781691 -0.0052697855474745422 -0.00218014772830071
leaf_weight=0.14946944627445191 0.24744423807715055 3.7107359158617328 1.3722018528424085 1.443695780713824 0.70204405723052321
leaf_count=7 20 1445 541 2528 1880
internal_value=0 0.00315683 0.00489976 -0.00462522 -0.00147582
internal_weight=7.62559 5.93445 5.08294 1.69114 0.851514
internal_count=6421 3873 1986 2548 1887
is_linear=0
shrinkage=0.025


Tree=340
num_leaves=7
num_cat=0
split_feature=26 26 13 22 21 26
split_gain=0.371166 0.305541 0.205874 0.175745 0.0718403 0.0500037
threshold=-0.99842628836631764 -0.38679364323616022 2.2157694101333623 0.82584869861602794 -0.1615222170948982 -0.34565120935440058
decision_type=2 2 2 2 2 2
left_child=2 3 -1 -2 -4 -3
right_child=1 5 4 -5 -6 -7
leaf_value=-0.0010752940295258486 -0.0070725833541317399 0.0031761070191993583 0 0 0.0061287657318078829 0
leaf_weight=0.42945261739441809 2.8774975754786287 0.28073010778462049 0.1198186332148915 0.8329122778304735 2.5612564270850267 0.1898101842671166
leaf_count=466 5208 24 161 139 358 81
internal_value=0 -0.00354318 0.00379358 -0.00571209 0.00557945 0.00200619
internal_weight=7.29148 4.18095 3.11053 3.71041 2.68108 0.47054
internal_count=6437 5452 985 5347 519 105
is_linear=0
shrinkage=0.025


Tree=341
num_leaves=6
num_cat=0
split_feature=6 25 14 25 22
split_gain=0.324054 0.277471 0.144835 0.0492732 0.0238487
threshold=3.352224707603455 2.6962850093841557 0.59946620464324962 5.6197366714477548 0.96658754348754894
decision_type=2 2 2 2 2
left_child=1 2 -1 -3 -2
right_child=4 3 -4 -5 -6
leaf_value=0.0059279929320202873 -0.0050263729661367516 -0.0031491224159197551 0 0 0
leaf_weight=3.4030984745641035 1.3143913019794125 0.78332529611725454 1.0576116901520434 0.45583745462681691 0.30426748300669704
leaf_count=1492 2538 1712 507 180 38
internal_value=0 0.00232642 0.00465236 -0.00206314 -0.0046745
internal_weight=7.31853 5.69987 4.46071 1.23916 1.61866
internal_count=6467 3891 1999 1892 2576
is_linear=0
shrinkage=0.025


Tree=342
num_leaves=7
num_cat=0
split_feature=26 5 27 25 22 26
split_gain=0.311654 0.19648 0.161295 0.189094 0.0729577 0.0398113
threshold=-1.0062959194183347 4.7359309196472177 0.73578736186027538 0.74626433849334728 -0.25572586059570307 -0.34565120935440058
decision_type=2 2 2 2 2 2
left_child=1 4 3 -2 -1 -4
right_child=2 -3 5 -5 -6 -7
leaf_value=0 0 -0.00087423138714567581 0.0026033523660735722 -0.0062708095784030846 0.0063674799311700808 0
leaf_weight=0.12225665627011117 2.6795758355146972 0.38422393643668318 0.17443613389332313 1.7753523142710035 2.4532832751174283 0.19479629856505187
leaf_count=198 1240 421 16 4258 288 81
internal_value=0.000241658 0.00416242 -0.00242184 -0.00395967 0.0058199 0.00137745
internal_weight=7.78392 2.95976 4.82416 4.45493 2.57554 0.369232
internal_count=6502 907 5595 5498 486 97
is_linear=0
shrinkage=0.025


Tree=343
num_leaves=7
num_cat=0
split_feature=17 22 24 27 15 13
split_gain=0.346529 0.348336 0.143831 0.12639 0.11028 0.043374
threshold=0.4797064363956452 0.70924809575080883 0.45088237524032598 0.22563968598842624 1.2637177109718325 3.0641437768936162
decision_type=2 2 2 2 2 2
left_child=1 4 3 -2 -1 -3
right_child=2 5 -4 -5 -6 -7
leaf_value=-0.0079415211823651542 0.0053236501555175876 -0.00017055316203507735 -0.0011433405184672956 -7.1199181529364383e-05 0 0.0024538665831898422
leaf_weight=2.3400884513630453 2.3642360982048567 0.18527704413281743 0.42955536721638043 0.79757224355125789 0.25451912242715469 1.0944599345930326
leaf_count=5038 202 68 662 293 132 92
internal_value=-0.0011469 -0.00457847 0.0023377 0.00398709 -0.00720268 0.00124537
internal_weight=7.46571 3.87434 3.59136 3.16181 2.59461 1.27974
internal_count=6487 5330 1157 495 5170 160
is_linear=0
shrinkage=0.025


Tree=344
num_leaves=7
num_cat=0
split_feature=25 6 27 18 25 2
split_gain=0.391673 0.321891 0.187785 0.0758255 0.0528891 0.0331368
threshold=0.74626433849334728 2.9688662290573125 0.067776922136545195 1.1967553496360781 -4.5186681747436515 1.5855779051780703
decision_type=2 2 2 2 2 2
left_child=1 5 -2 -4 -3 -1
right_child=2 4 3 -5 -6 -7
leaf_value=0 0.00031278856524094594 0 -0.0072394794305322765 0 -0.0032523026530958971 0.0055370514834614352
leaf_weight=0.05614314616104854 0.66284413440371315 0.54661087771819417 1.8911141107782898 0.11491793114691962 0.89446597196183575 3.0868266855231923
leaf_count=59 292 70 4440 2 1095 477
internal_value=-0.000782344 0.00240282 -0.00506786 -0.00669224 -0.00213256 0.00528244
internal_weight=7.25292 4.58405 2.66888 2.00603 1.44108 3.14297
internal_count=6435 1701 4734 4442 1165 536
is_linear=0
shrinkage=0.025


Tree=345
num_leaves=6
num_cat=0
split_feature=26 6 24 19 1
split_gain=0.322088 0.168625 0.132656 0.0935709 0.0338092
threshold=-0.99842628836631764 4.1174354553222665 -3.6407675743103023 0.64220607280731212 2.5861912965774541
decision_type=2 2 2 2 2
left_child=1 4 -2 -4 -1
right_child=2 -3 3 -5 -6
leaf_value=0 0 -0.0015324421968678776 -0.0067278153700309415 0 0.0044721297528136491
leaf_weight=0.13084492080452115 1.1073061249880991 0.51439376384405466 3.0125193927633522 0.21224976620578662 2.1144127105580992
leaf_count=55 200 647 5250 55 292
internal_value=-0.00200675 0.00192373 -0.0048695 -0.00608153 0.00408929
internal_weight=7.09173 2.75965 4.33208 3.22477 2.24526
internal_count=6499 994 5505 5305 347
is_linear=0
shrinkage=0.025


Tree=346
num_leaves=7
num_cat=0
split_feature=13 25 17 27 26 20
split_gain=0.285066 0.167929 0.116424 0.108765 0.0590695 0.0559272
threshold=3.7160929441452031 2.6962850093841557 0.011952029541134836 0.10011577606201173 -1.0146263241767881 1.539854168891907
decision_type=2 2 2 2 2 2
left_child=3 2 -2 -1 -3 -5
right_child=1 4 -4 5 -6 -7
leaf_value=0.0001135674181968808 0 0.00087021262875182207 0.0060431434456744652 -0.0051191040160392031 -0.0024324957393491269 0
leaf_weight=1.3944010659270136 0.45481794892839422 0.45052994675279479 3.1425383130826958 1.2290093663687001 0.80665419724755316 0.19198005815633212
leaf_count=753 589 40 996 2454 1523 104
internal_value=0.000519925 0.0035071 0.00511116 -0.00277958 -0.000500471 -0.00446967
internal_weight=7.66993 4.85454 3.59736 2.81539 1.25718 1.42099
internal_count=6459 3148 1585 3311 1563 2558
is_linear=0
shrinkage=0.025


Tree=347
num_leaves=6
num_cat=0
split_feature=6 21 15 25 22
split_gain=0.442109 0.266034 0.13142 0.106289 0.0226873
threshold=2.8130863904953007 0.018845100887119774 0.34646926820278173 -4.5186681747436515 1.0438584089279177
decision_type=2 2 2 2 2
left_child=1 -1 -3 -2 -5
right_child=3 2 -4 4 -6
leaf_value=-0.0015803419145690705 0 0.0067891281078342096 0 -0.0057948798172683929 0
leaf_weight=0.57357243302067207 0.59256996849580934 3.0801745314984146 1.2245967532926441 1.5211327171946321 0.098031116598576662
leaf_count=1553 76 1134 474 3185 12
internal_value=0 0.00373689 0.00558557 -0.00438033 -0.00556247
internal_weight=7.09008 4.87834 4.30477 2.21173 1.61916
internal_count=6434 3161 1608 3273 3197
is_linear=0
shrinkage=0.025


Tree=348
num_leaves=7
num_cat=0
split_feature=13 18 15 21 22 15
split_gain=0.191491 0.303198 0.269305 0.161075 0.0555125 0.035282
threshold=4.2367825508117685 0.52295354008674633 0.34646926820278173 0.018845100887119774 0.86845800280570995 0.13671537488698962
decision_type=2 2 2 2 2 2
left_child=1 4 3 -2 -1 -3
right_child=2 5 -4 -5 -6 -7
leaf_value=-0.0064113857330651411 -0.00035746079631984316 0 -0.0021103801893636639 0.0062085810140445116 0 0.0025644948393731041
leaf_weight=1.8514135526820616 0.30830863757546545 0.28941060735087365 0.81886341622521275 2.4437620443914057 0.34820581025996933 1.0452149934681072
leaf_count=3895 786 217 648 777 47 104
internal_value=0 -0.00296735 0.00227953 0.00491065 -0.00585651 0.00167186
internal_weight=7.10518 3.53424 3.57093 2.75207 2.19962 1.33463
internal_count=6474 4263 2211 1563 3942 321
is_linear=0
shrinkage=0.025


Tree=349
num_leaves=7
num_cat=0
split_feature=23 14 18 25 25 18
split_gain=0.277229 0.174867 0.151771 0.110441 0.0763514 0.0569906
threshold=-1.0076336264610288 0.36882813274860388 0.0049652794841676959 -4.5186681747436515 0.42028801143169409 -0.44004681706428522
decision_type=2 2 2 2 2 2
left_child=1 2 -1 -2 -3 -5
right_child=3 4 -4 5 -6 -7
leaf_value=0 0.00030343111961616913 0.0011916078297341383 0.0066627339247969583 0 -0.0025732673010867291 -0.0050970087835747746
leaf_weight=0.68594939230206398 0.81704000351601314 0.92723199118881883 2.0344036032747681 0.49262327691030861 1.0442907281285441 1.5266423857883633
leaf_count=1767 97 205 572 439 990 2354
internal_value=0.000285927 0.00335117 0.00530672 -0.00289 -0.000321399 -0.00436826
internal_weight=7.52818 4.69188 2.72035 2.83631 1.97152 2.01927
internal_count=6424 3534 2339 2890 1195 2793
is_linear=0
shrinkage=0.025


end of trees

feature_importances:
Column_21=262
Column_13=223
Column_22=191
Column_26=185
Column_27=168
Column_6=149
Column_24=120
Column_19=104
Column_17=74
Column_25=74
Column_12=50
Column_23=48
Column_16=47
Column_5=43
Column_7=37
Column_14=37
Column_18=35
Column_20=35
Column_3=30
Column_15=30
Column_2=28
Column_1=16
Column_0=15
Column_11=10
Column_4=3
Column_8=2
Column_9=1
Column_10=1

parameters:
[boosting: gbdt]
[objective: binary]
[metric: binary_logloss]
[tree_learner: serial]
[device_type: cpu]
[data_sample_strategy: bagging]
[data: ]
[valid: ]
[num_iterations: 350]
[learning_rate: 0.025]
[num_leaves: 7]
[num_threads: 4]
[seed: 990036]
[deterministic: 0]
[force_col_wise: 0]
[force_row_wise: 0]
[histogram_pool_size: -1]
[max_depth: 3]
[min_data_in_leaf: 20]
[min_sum_hessian_in_leaf: 0.001]
[bagging_fraction: 0.8]
[pos_bagging_fraction: 1]
[neg_bagging_fraction: 1]
[bagging_freq: 1]
[bagging_seed: 990036]
[bagging_by_query: 0]
[feature_fraction: 0.8]
[feature_fraction_bynode: 1]
[feature_fraction_seed: 990036]
[extra_trees: 0]
[extra_seed: 20214]
[early_stopping_round: 0]
[early_stopping_min_delta: 0]
[first_metric_only: 0]
[max_delta_step: 0]
[lambda_l1: 0.25]
[lambda_l2: 5]
[linear_lambda: 0]
[min_gain_to_split: 0.01]
[drop_rate: 0.1]
[max_drop: 50]
[skip_drop: 0.5]
[xgboost_dart_mode: 0]
[uniform_drop: 0]
[drop_seed: 26544]
[top_rate: 0.2]
[other_rate: 0.1]
[min_data_per_group: 100]
[max_cat_threshold: 32]
[cat_l2: 10]
[cat_smooth: 10]
[max_cat_to_onehot: 4]
[top_k: 20]
[monotone_constraints: ]
[monotone_constraints_method: basic]
[monotone_penalty: 0]
[feature_contri: ]
[forcedsplits_filename: ]
[refit_decay_rate: 0.9]
[cegb_tradeoff: 1]
[cegb_penalty_split: 0]
[cegb_penalty_feature_lazy: ]
[cegb_penalty_feature_coupled: ]
[path_smooth: 0]
[interaction_constraints: ]
[verbosity: -1]
[saved_feature_importance_type: 0]
[use_quantized_grad: 0]
[num_grad_quant_bins: 4]
[quant_train_renew_leaf: 0]
[stochastic_rounding: 1]
[linear_tree: 0]
[max_bin: 255]
[max_bin_by_feature: ]
[min_data_in_bin: 3]
[bin_construct_sample_cnt: 200000]
[data_random_seed: 21815]
[is_enable_sparse: 1]
[enable_bundle: 1]
[use_missing: 1]
[zero_as_missing: 0]
[feature_pre_filter: 1]
[pre_partition: 0]
[two_round: 0]
[header: 0]
[label_column: ]
[weight_column: ]
[group_column: ]
[ignore_column: ]
[categorical_feature: ]
[forcedbins_filename: ]
[precise_float_parser: 0]
[parser_config_file: ]
[objective_seed: 22100]
[num_class: 1]
[is_unbalance: 0]
[scale_pos_weight: 1]
[sigmoid: 1]
[boost_from_average: 1]
[reg_sqrt: 0]
[alpha: 0.9]
[fair_c: 1]
[poisson_max_delta_step: 0.7]
[tweedie_variance_power: 1.5]
[lambdarank_truncation_level: 30]
[lambdarank_norm: 1]
[label_gain: ]
[lambdarank_position_bias_regularization: 0]
[eval_at: ]
[multi_error_top_k: 1]
[auc_mu_weights: ]
[num_machines: 1]
[local_listen_port: 12400]
[time_out: 120]
[machine_list_filename: ]
[machines: ]
[gpu_platform_id: -1]
[gpu_device_id: -1]
[gpu_device_id_list: ]
[gpu_use_dp: 0]
[num_gpu: 1]

end of parameters

pandas_categorical:null
