tree
version=v4
num_class=1
num_tree_per_iteration=1
label_index=0
max_feature_idx=29
objective=binary sigmoid:1
feature_names=Column_0 Column_1 Column_2 Column_3 Column_4 Column_5 Column_6 Column_7 Column_8 Column_9 Column_10 Column_11 Column_12 Column_13 Column_14 Column_15 Column_16 Column_17 Column_18 Column_19 Column_20 Column_21 Column_22 Column_23 Column_24 Column_25 Column_26 Column_27 Column_28 Column_29
feature_infos=[-3.5659151077270508:8.5159740447998047] [-3.9143400192260742:8.5709085464477539] [-3.9879875183105469:8.4101123809814453] [-4.1254391670227051:11.453814506530762] [-5.2541928291320801:11.272500991821289] [-4.7806706428527832:11.612167358398438] [-4.7623138427734375:7.1708102226257324] [-2.6070883274078369:7.920936107635498] [-2.2888696193695068:8.0504245758056641] [-2.6229252815246582:8.1066179275512695] [-2.6212742328643799:8.0450630187988281] [-1.4607493877410889:8.3505964279174805] [-2.641162633895874:8.4423837661743164] [-1.7980664968490601:8.2853422164916992] [-4.9066057205200195:5.5208940505981445] [-5.1695089340209961:6.7352347373962402] [-10.663614273071289:7.1673679351806641] [-3.209864616394043:3.8428208827972412] [-7.9804916381835938:2.5530338287353516] [-2.9184699058532715:9.0236291885375977] [-10.828666687011719:6.4521923065185547] [-11.190356254577637:4.2495932579040527] [-5.1244850158691406:8.2166194915771484] [-19.253122329711914:26.217466354370117] [-55.443672180175781:33.612693786621094] [-62.643627166748047:32.017269134521484] [-2.397939920425415:0.75535547733306885] [-1.2905910015106201:1.8538972139358521] [1:7] [0:7]
tree_sizes=884 894 885 871 894 874 873 874 881 878 876 888 886 852 791 871 853 879 897 875 872 880 887 896 901 873 891 897 857 873 859 856 880 886 749 763 878 877 869 848 879 771 881 877 880 875 877 873 876 866 873 870 884 875 903 856 878 902 845 768 877 885 885 877 874 904 903 863 882 878 879 860 903 879 857 897 880 897 903 871 902 907 900 879 911 884 847 878 832 899 749 847 834 847 861 795 856 879 890 845 904 879 692 860 863 904 911 908 904 859 884 873 836 862 873 881 886 855 783 881 863 866 908 905 904 876 870 904 875 864 872 878 840 839 884 863 862 761 879 858 796 859 761 777 769 907 780 885 769 800 831 864 863 888 909 884 881 786 865 771 759 866 885 762 877 850 833 837 865 874 791 847 862 869 789 763 850 849 781 871 887 857 884 765 860 886 760 873 690 840 850 877 875 866 867 877 782 870 884 867 878 867 864 845 857 879 854 783 784 851 889 877 858 789 765 784 833 863 670 876 806 774 846 836 788 766 870 886 877 852 783 755 898 867 893 684 857 850 872 888 869 765 868 861 860 875 765 887 761 860 859 855 878 854 876 756 756 754 878 854 864 877 872 850 785 875 764 850 847 916 768 856 766 898 758 824 884 880 779 869 839 691 870 760 844 876 747 877 896 841 848 854 857 773 779 800 857 768 893 912 876 841 765 872 871 857 770 885 761 758 739 855 850 871 864 739 692 762 863 762 848 861 891 858 748 874 875 662 899 848 660 769 763 735 854 851 893 874 887 776 864 885 754 847 827 873 889 874 864 788

Tree=0
num_leaves=7
num_cat=0
split_feature=21 22 6 26 13 5
split_gain=143.587 17.2157 10.3715 4.09212 1.90824 0.275032
threshold=0.48578093945980078 0.8592553734779359 3.7464358806610112 -0.84853374958038319 6.975719928741456 4.0252473354339608
decision_type=2 2 2 2 2 2
left_child=1 4 3 -2 -1 -4
right_child=2 -3 5 -5 -6 -7
leaf_value=-0.13457042697964625 -0.053014439000011876 -0.083205496446139712 -0.094649949425085797 -0.094991859709375626 -0.094868105541371206 -0.10312794112829048
leaf_weight=29.827558179618794 26.185202826512981 2.2266776200849554 0.83593404130078752 1.9181425729766513 0.34336252487264474 1.1360378039535133
leaf_count=5232 343 67 141 473 17 220
internal_value=-0.095131 -0.129136 -0.0587222 -0.0552099 -0.133942 -0.100741
internal_weight=62.4729 32.3976 30.0753 28.1033 30.1709 1.97197
internal_count=6493 5316 1177 816 5249 361
is_linear=0
shrinkage=1


Tree=1
num_leaves=7
num_cat=0
split_feature=22 13 17 2 24 22
split_gain=131.691 15.6131 9.64213 5.77174 2.64796 0.512897
threshold=0.18924176692962649 2.9648406505584721 0.52494058012962352 1.5850765109062197 0.084095437079668059 1.6950672864913943
decision_type=2 2 2 2 2 2
left_child=2 5 -1 -3 -4 -2
right_child=1 3 4 -5 -6 -7
leaf_value=-0.038623060059815986 -0.012529095013566117 -0.0043570242073201855 0.011132047920921562 0.040787725891102661 -0.010633199186768199 0.0011299324822358909
leaf_weight=27.182018994819376 1.9921790280495799 0.65123336284887301 2.3331385700730602 26.752985472092405 1.6241912255645727 0.26303963433019806
leaf_count=4608 383 168 99 586 599 3
internal_value=-0.000652304 0.0341206 -0.0340839 0.0390153 0.00055223 -0.0103937
internal_weight=60.7988 29.6594 31.1393 27.4042 3.95733 2.25522
internal_count=6446 1140 5306 754 698 386
is_linear=0
shrinkage=0.025


Tree=2
num_leaves=7
num_cat=0
split_feature=22 6 26 26 24 0
split_gain=129.71 14.6938 8.16602 2.52102 2.06126 0.452412
threshold=0.22227813303470614 3.3615400791168217 -1.0283769965171812 -0.79763978719711293 -0.2697709053754806 3.6525892019271855
decision_type=2 2 2 2 2 2
left_child=2 3 4 -2 -1 -3
right_child=1 5 -4 -5 -6 -7
leaf_value=0.0097212225631441058 0.040587281822959495 0.00096433890382600018 -0.036636930759514151 0.00026045528685792867 -0.0093497849956146791 -0.011811061451480054
leaf_weight=2.0618738933699206 26.804049861733809 0.28808498987927977 27.681723890767898 1.3891584333032359 2.1028782782959778 1.859360550297424
leaf_count=83 336 6 4931 298 378 411
internal_value=0.000319538 0.0346014 -0.0324351 0.0391271 0 -0.00974709
internal_weight=62.1871 30.3407 31.8465 28.1932 4.16475 2.14745
internal_count=6443 1051 5392 634 461 417
is_linear=0
shrinkage=0.025


Tree=3
num_leaves=7
num_cat=0
split_feature=22 13 17 3 21 24
split_gain=119.769 15.7857 14.4153 2.84202 1.63859 1.63636
threshold=0.18924176692962649 2.9648406505584721 0.82944732904434215 1.10604465007782 0.97700640559196483 0.25173573195934301
decision_type=2 2 2 2 2 2
left_child=2 -2 4 -3 -1 -4
right_child=1 3 5 -5 -6 -7
leaf_value=-0.036850066364380922 -0.010775578164424232 0 0.013751277801625567 0.039221926371411947 0.00017520846932688567 -0.005142860856251162
leaf_weight=28.174310143454939 2.3531745375366908 1.0777333196019778 2.4234355551889162 27.580493522167671 0.37338012008694832 0.77311433671275143
leaf_count=5023 396 214 44 556 42 209
internal_value=0.000604864 0.0330486 -0.031104 0.0378989 -0.0362256 0.00806942
internal_weight=62.7556 31.0114 31.7442 28.6582 28.5477 3.19655
internal_count=6484 1166 5318 770 5065 253
is_linear=0
shrinkage=0.025


Tree=4
num_leaves=7
num_cat=0
split_feature=21 19 6 27 23 13
split_gain=124.778 13.601 11.6034 4.63404 2.9026 0.959708
threshold=0.39027060568332678 0.63379478454589855 3.7464358806610112 0.25857786834239965 -5.2715854644775382 2.9648406505584721
decision_type=2 2 2 2 2 2
left_child=1 4 3 -2 -1 -3
right_child=2 5 -4 -5 -6 -7
leaf_value=0.00040325608706869525 0.039607293937054359 -0.0029353587781431544 -0.0081676849939014765 0.00026918404173429078 -0.037019694255333691 0.012973224424517212
leaf_weight=0.8943411231157431 28.256341749045536 0.48531565925804843 1.8906306599383231 2.396351055649574 28.110224098258186 2.0393237486714497
leaf_count=100 394 105 457 578 4847 48
internal_value=0.00166162 -0.0312594 0.0336386 0.0371763 -0.0357924 0.00916607
internal_weight=64.0725 31.5292 32.5433 30.6527 29.0046 2.52464
internal_count=6529 5100 1429 972 4947 153
is_linear=0
shrinkage=0.025


Tree=5
num_leaves=7
num_cat=0
split_feature=22 17 13 2 13 16
split_gain=108.86 15.3198 12.0826 3.02815 2.20798 0.869555
threshold=0.22227813303470614 0.82944732904434215 2.9648406505584721 1.5850765109062197 3.5581232309341435 1.2435489892959597
decision_type=2 2 2 2 2 2
left_child=1 5 -2 -4 -3 -1
right_child=2 4 3 -5 -6 -7
leaf_value=-0.035726957649723105 -0.0087948065687019853 -0.0060894176322438473 -0.00091065871424651887 0.037559016189094324 0.015583784047054617 0
leaf_weight=28.212641265359711 2.0187289343448382 0.9093803161522368 0.76171931490535172 26.183344053977635 2.5449503231211565 0.6369964677724046
leaf_count=5048 347 204 139 556 43 91
internal_value=-0.000160315 -0.0297184 0.0321442 0.0363035 0.00891191 -0.0351616
internal_weight=61.2678 32.304 28.9638 26.9451 3.45433 28.8496
internal_count=6428 5386 1042 695 247 5139
is_linear=0
shrinkage=0.025


Tree=6
num_leaves=7
num_cat=0
split_feature=21 22 6 2 17 26
split_gain=110.047 15.5621 10.5188 4.18535 1.96148 0.619431
threshold=0.39027060568332678 0.8592553734779359 3.3615400791168217 1.6337019801139834 0.57245939970016491 -1.0079506635665891
decision_type=2 2 2 2 2 2
left_child=1 4 3 -2 -1 -4
right_child=2 -3 5 -5 -6 -7
leaf_value=-0.035061127928172772 -0.0033824310721281116 0.012374074315512691 0.0022158961812153797 0.037431118578278549 0 -0.0095000545447170119
leaf_weight=27.629486622172415 0.52990989998216065 2.4473030441440633 1.1471367492340507 29.042785855475813 1.1488890331238497 1.4800344189861778
leaf_count=4653 180 60 150 695 247 399
internal_value=0.00215493 -0.0289205 0.0322949 0.0361356 -0.033929 -0.00546589
internal_weight=63.4255 31.2257 32.1999 29.5727 28.7784 2.62717
internal_count=6384 4960 1424 875 4900 549
is_linear=0
shrinkage=0.025


Tree=7
num_leaves=7
num_cat=0
split_feature=22 6 17 26 24 16
split_gain=98.6508 11.3154 8.13514 5.648 0.788526 0.772456
threshold=0.18924176692962649 3.9463615417480473 0.89958903193473827 -0.84853374958038319 0.46367314457893377 1.2435489892959597
decision_type=2 2 2 2 2 2
left_child=2 3 5 -2 -4 -1
right_child=1 -3 4 -5 -6 -7
leaf_value=-0.034542182811015953 0.035934682303693156 -0.010395919112057183 0.0092179940392510245 -0.0017241587700270189 -0.0038416826903801384 0
leaf_weight=27.72294760867954 24.518146258429628 1.6776326281251375 1.6516989741357968 1.8914244382758649 0.60297804768197227 0.65404503577155892
leaf_count=5082 370 326 39 460 154 101
internal_value=-0.00190711 0.0292235 -0.0307224 0.0331935 0.00462329 -0.03399
internal_weight=58.7189 28.0872 30.6317 26.4096 2.25468 28.377
internal_count=6532 1156 5376 830 193 5183
is_linear=0
shrinkage=0.025


Tree=8
num_leaves=7
num_cat=0
split_feature=21 19 6 26 13 13
split_gain=103.485 12.3074 9.79518 5.24217 1.65109 0.894196
threshold=0.39027060568332678 0.63379478454589855 3.7464358806610112 -0.84853374958038319 6.975719928741456 2.9648406505584721
decision_type=2 2 2 2 2 2
left_child=1 4 3 -2 -1 -3
right_child=2 5 -4 -5 -6 -7
leaf_value=-0.034876217147538489 0.036606292235848346 -0.0028754527240515294 -0.0065042609563700313 -0.0011465251645945921 0.00052603993875945674 0.012337249972178804
leaf_weight=27.96064797940199 26.218512752326212 0.4895848569576623 2.2646964918822041 1.816458397428504 0.33846423547947679 2.0359336122055538
leaf_count=4895 385 115 482 567 13 53
internal_value=0 -0.0298528 0.03046 0.0341677 -0.0342497 0.00860659
internal_weight=61.1243 30.8246 30.2997 28.035 28.2991 2.52552
internal_count=6510 5076 1434 952 4908 168
is_linear=0
shrinkage=0.025


Tree=9
num_leaves=7
num_cat=0
split_feature=21 19 6 26 23 21
split_gain=95.3662 10.1772 9.03259 5.44787 1.0439 0.727381
threshold=0.39027060568332678 0.63379478454589855 3.7464358806610112 -0.84853374958038319 -5.2715854644775382 0.0073586713988333949
decision_type=2 2 2 2 2 2
left_child=1 4 3 -2 -1 -3
right_child=2 5 -4 -5 -6 -7
leaf_value=0 0.035365870566828071 -0.0027278412200086454 -0.0063622651690886101 -0.0016425801351279434 -0.03422568356205153 0.010726760843890099
leaf_weight=0.57085721794283628 24.664502356550663 0.46870414650766123 2.2445238273357964 1.8947911332361389 27.395550125511363 1.8209456545882856
leaf_count=86 373 135 472 563 4833 36
internal_value=-0.00101681 -0.0297986 0.028967 0.0326856 -0.0336351 0.00713325
internal_weight=59.0599 30.2561 28.8038 26.5593 27.9664 2.28965
internal_count=6498 5090 1408 936 4919 171
is_linear=0
shrinkage=0.025


Tree=10
num_leaves=7
num_cat=0
split_feature=21 19 6 3 21 27
split_gain=87.9722 13.7403 10.4246 4.31254 0.965195 0.399208
threshold=0.39027060568332678 0.63379478454589855 3.3615400791168217 1.10604465007782 0.35213902592659002 0.069573577493429198
decision_type=2 2 2 2 2 2
left_child=1 4 3 -2 -1 -4
right_child=2 -3 5 -5 -6 -7
leaf_value=-0.033593663923343703 -0.004003789769582611 0.010502214542537134 0.00072537911464942565 0.03428465660027024 0 -0.010099502930345757
leaf_weight=26.600446530792404 0.60833363619167968 2.6585400828625998 0.79968950757756774 25.932646837318316 0.59557084430707519 1.6134348236373623
leaf_count=4704 208 157 98 661 125 479
internal_value=-4.28708e-06 -0.0279949 0.0285452 0.0327133 -0.0329988 -0.00759942
internal_weight=58.8087 29.8546 28.9541 26.541 27.196 2.41312
internal_count=6432 4986 1446 869 4829 577
is_linear=0
shrinkage=0.025


Tree=11
num_leaves=7
num_cat=0
split_feature=21 6 19 2 23 5
split_gain=87.174 9.84864 6.61303 3.26853 1.46697 0.503581
threshold=0.39027060568332678 3.3084526062011723 0.63379478454589855 1.5850765109062197 -7.3525879383087149 4.141651153564454
decision_type=2 2 2 2 2 2
left_child=2 3 4 -2 -1 -4
right_child=1 -3 5 -5 -6 -7
leaf_value=0.0002899135124678739 -0.0030044337526231712 -0.0074392441333831112 0.00817809658921855 0.033212603277818928 -0.033193463484814799 -0.0026012878951517746
leaf_weight=0.3727980045368956 0.48429762275191635 2.383954288379754 1.2742094012210134 24.316041651822161 26.770786562527064 0.45158757350873191
leaf_count=30 167 571 33 668 4769 126
internal_value=-0.00186133 0.0276456 -0.02981 0.0319102 -0.0325656 0.00459127
internal_weight=56.0537 27.1843 28.8694 24.8003 27.1436 1.7258
internal_count=6364 1406 4958 835 4799 159
is_linear=0
shrinkage=0.025


Tree=12
num_leaves=7
num_cat=0
split_feature=22 13 17 2 24 21
split_gain=86.6649 10.95 8.28525 2.84021 2.00485 0.468236
threshold=0.18924176692962649 2.9648406505584721 0.52494058012962352 1.5850765109062197 0.44720697402954107 1.8244875073432925
decision_type=2 2 2 2 2 2
left_child=2 5 -1 -3 -4 -2
right_child=1 3 4 -5 -6 -7
leaf_value=-0.0323779116736648 -0.011125212502565462 -0.001182099559967965 0.010151440336590307 0.033715328428915885 -0.0086780479697144818 0.0012590521035814751
leaf_weight=25.314323888800576 1.9128467743867106 0.82115679106209682 2.758302755712065 26.295336924900766 1.4270307725528253 0.2634505247697233
leaf_count=4584 383 164 140 605 557 6
internal_value=0.000108803 0.028336 -0.0277838 0.0324444 0.0018218 -0.00892242
internal_weight=58.7924 29.2928 29.4997 27.1165 4.18533 2.1763
internal_count=6439 1158 5281 769 697 389
is_linear=0
shrinkage=0.025


Tree=13
num_leaves=7
num_cat=0
split_feature=24 17 13 26 13 23
split_gain=81.1714 12.3621 9.44451 2.76174 1.80352 0.730391
threshold=-1.2255063056945799 0.82944732904434215 2.9648406505584721 -0.84853374958038319 4.2895624637603769 -5.2715854644775382
decision_type=2 2 2 2 2 2
left_child=2 5 -1 -4 -3 -2
right_child=1 4 3 -5 -6 -7
leaf_value=-0.0079596395887591449 0 -0.00548670221139791 0.0334314484476037 0 0.014173301528101007 -0.03241926446174153
leaf_weight=1.9984836001531245 0.66411570931086927 0.83997153153177295 24.083353868976705 1.5046868892968621 2.4818185395561159 26.458103871031199
leaf_count=389 97 212 353 386 29 4995
internal_value=-0.00055253 -0.0267864 0.0278748 0.0317215 0.00814126 -0.0318601
internal_weight=58.0305 30.444 27.5865 25.588 3.32179 27.1222
internal_count=6461 5333 1128 739 241 5092
is_linear=0
shrinkage=0.025


Tree=14
num_leaves=6
num_cat=0
split_feature=21 24 13 26 23
split_gain=82.7376 11.274 6.35215 3.64731 2.30431
threshold=0.48578093945980078 -4.7598583698272696 2.2310250997543339 -0.89399585127830494 -5.2715854644775382
decision_type=2 2 2 2 2
left_child=1 -1 -2 -4 -3
right_child=2 4 3 -5 -6
leaf_value=0.010597631431715739 -0.0067423753191809994 0.00045216419886849927 0.033296662465816265 0.00084649421026703343 -0.03152162043454388
leaf_weight=2.0735718624782775 1.0574389589019144 0.92597868142184125 25.24352442909731 3.0472442923346525 27.077660899318289
leaf_count=51 214 117 390 597 5111
internal_value=0.000709838 -0.0262563 0.0283269 0.0306412 -0.0303667
internal_weight=59.4254 30.0772 29.3482 28.2908 28.0036
internal_count=6480 5279 1201 987 5228
is_linear=0
shrinkage=0.025


Tree=15
num_leaves=7
num_cat=0
split_feature=21 19 6 26 10 6
split_gain=77.5409 10.2676 8.4962 3.1405 1.4367 0.723413
threshold=0.39027060568332678 0.63379478454589855 3.3084526062011723 -0.79763978719711293 6.9759864807128915 3.9654622077941899
decision_type=2 2 2 2 2 2
left_child=1 4 3 -2 -1 -3
right_child=2 5 -4 -5 -6 -7
leaf_value=-0.032221332702893707 0.032235131299374185 0.011021569427475937 -0.0066164954887745313 0 0.00036020882388921818 -0.002553787966194928
leaf_weight=25.49302268674365 24.477567136229489 2.0925631381105627 2.3177304050768717 1.605942983587737 0.36880432534962793 0.46020034240791563
leaf_count=4807 397 76 574 446 16 96
internal_value=-0.000235537 -0.0272371 0.0266249 0.0303689 -0.0315711 0.00767626
internal_weight=56.8158 28.4146 28.4012 26.0835 25.8618 2.55276
internal_count=6412 4995 1417 843 4823 172
is_linear=0
shrinkage=0.025


Tree=16
num_leaves=7
num_cat=0
split_feature=21 19 6 26 21 13
split_gain=74.992 9.92206 9.29757 3.59104 1.63585 0.784038
threshold=0.39027060568332678 0.63379478454589855 3.3615400791168217 -0.84853374958038319 0.31186422705650335 2.9648406505584721
decision_type=2 2 2 2 2 2
left_child=1 4 3 -2 -1 -3
right_child=2 5 -4 -5 -6 -7
leaf_value=-0.031613974624789348 0.032499398012921392 -0.0026772491137299083 -0.007289658787964913 0 0 0.01150260329536406
leaf_weight=24.551805537659682 25.068786559451844 0.47276369627797921 2.4629285223782054 2.0166236719232975 1.2464743286836881 2.0189221716718748
leaf_count=4587 323 112 586 529 254 58
internal_value=0.000560455 -0.0261644 0.0264117 0.0303294 -0.0304269 0.00798671
internal_weight=57.8383 28.29 29.5483 27.0854 25.7983 2.49169
internal_count=6449 5011 1438 852 4841 170
is_linear=0
shrinkage=0.025


Tree=17
num_leaves=7
num_cat=0
split_feature=22 13 17 26 22 27
split_gain=62.6702 11.4235 7.49247 5.51983 1.62293 0.622006
threshold=0.12450602650642396 2.9648406505584721 0.52494058012962352 -0.88379603624343861 -0.25799408555030817 0.73340532183647167
decision_type=2 2 2 2 2 2
left_child=2 -2 5 -3 -4 -1
right_child=1 3 4 -5 -6 -7
leaf_value=-0.030776223965818989 -0.0105679366200193 0.031470315139460539 -0.0074994941677202888 -0.0020448276614935244 0.0095787485593668911 0
leaf_weight=22.607760528044317 2.6780011004884754 23.049097425420776 1.246572265634313 2.4051072919391983 2.7806977768777861 0.82797233434393902
leaf_count=4334 461 336 472 563 201 74
internal_value=-0.000792328 0.0233589 -0.0255119 0.0282825 0.00237427 -0.0300986
internal_weight=55.5952 28.1322 27.463 25.4542 4.02727 23.4357
internal_count=6441 1360 5081 899 673 4408
is_linear=0
shrinkage=0.025


Tree=18
num_leaves=7
num_cat=0
split_feature=22 17 13 24 2 27
split_gain=72.6152 10.2876 7.96812 2.48414 2.28775 0.594547
threshold=0.23135621845722201 0.52494058012962352 2.9648406505584721 0.44720697402954107 1.5850765109062197 0.73340532183647167
decision_type=2 2 2 2 2 2
left_child=1 5 -2 -3 -4 -1
right_child=2 3 4 -5 -6 -7
leaf_value=-0.030817178152888008 -0.006949055107829125 0.012132375037517459 -0.00087008241283488509 -0.0085768301843649648 0.031551605725280943 -8.0084119492851609e-05
leaf_weight=23.597913088742651 1.8621189313125821 3.4979544098605393 0.75712009397102775 1.4538987889536654 26.14749782870058 0.84036466723773529
leaf_count=4627 331 166 137 596 544 76
internal_value=0.00112467 -0.0244337 0.0271735 0.00416971 0.03045 -0.0301656
internal_weight=58.1569 29.3901 28.7667 4.95185 26.9046 24.4383
internal_count=6477 5465 1012 762 681 4703
is_linear=0
shrinkage=0.025


Tree=19
num_leaves=7
num_cat=0
split_feature=21 19 6 3 27 18
split_gain=70.7891 8.15802 7.0813 4.04092 0.739686 0.617738
threshold=0.39027060568332678 0.63379478454589855 3.2911256551742558 1.51239550113678 0.73340532183647167 0.53866854310035717
decision_type=2 2 2 2 2 2
left_child=1 4 3 -2 -1 -4
right_child=2 -3 5 -5 -6 -7
leaf_value=-0.030658434247470862 -0.0043602560008488712 0.0066733722301586008 -0.0090171116860150568 0.030648825867589671 0 0.0025240331090059815
leaf_weight=24.184066603251274 0.6473495900281766 2.189967429090756 1.4771768507198424 25.574290285061579 0.77106870914576475 1.0798905838746575
leaf_count=4762 266 163 430 588 67 156
internal_value=0.000201963 -0.0262739 0.0255526 0.0290245 -0.0300052 -0.00487088
internal_weight=55.9238 27.1451 28.7787 26.2216 24.9551 2.55707
internal_count=6432 4992 1440 854 4829 586
is_linear=0
shrinkage=0.025


Tree=20
num_leaves=7
num_cat=0
split_feature=22 13 21 2 27 19
split_gain=61.4007 8.25032 6.74093 2.8231 2.15427 0.961549
threshold=0.18924176692962649 2.9648406505584721 0.35213902592659002 1.5850765109062197 0.078727521002292647 0.63379478454589855
decision_type=2 2 2 2 2 2
left_child=2 -2 5 -3 -4 -1
right_child=1 3 4 -5 -6 -7
leaf_value=-0.028976364101987669 -0.006861324365372028 -0.0017509730160645391 0.010541100839828161 0.030057580350723003 -0.008307448285957959 0
leaf_weight=22.923455592943363 2.4702706995303769 0.89994320832193153 2.4674428559374055 24.096055887872353 2.6095341116306372 0.46368898829677974
leaf_count=4346 397 169 98 606 788 63
internal_value=7.27507e-05 0.0246554 -0.023601 0.028603 0.00091786 -0.028368
internal_weight=55.9304 27.4663 28.4641 24.996 5.07698 23.3871
internal_count=6467 1172 5295 775 886 4409
is_linear=0
shrinkage=0.025


Tree=21
num_leaves=7
num_cat=0
split_feature=22 17 6 2 22 16
split_gain=62.4946 10.179 6.28508 1.61875 1.07838 0.870565
threshold=0.23135621845722201 0.82944732904434215 4.1095016002655038 1.5850765109062197 -0.25799408555030817 1.2435489892959597
decision_type=2 2 2 2 2 2
left_child=1 5 3 -2 -3 -1
right_child=2 4 -4 -5 -6 -7
leaf_value=-0.029510019482323204 -0.00028722592425160803 -0.0038490492801611163 -0.0071994892450358457 0.028958737289839026 0.011703713706905794 0
leaf_weight=24.478458527417395 0.69247635843931377 0.63557028927607495 1.2403407467645582 24.156234199588653 2.6759586822590782 0.60486727143870567
leaf_count=5059 130 166 245 634 76 100
internal_value=-0.000164168 -0.0239941 0.0252586 0.0280227 0.00744696 -0.0289006
internal_weight=54.4839 28.3949 26.0891 24.8487 3.31153 25.0833
internal_count=6410 5401 1009 764 242 5159
is_linear=0
shrinkage=0.025


Tree=22
num_leaves=7
num_cat=0
split_feature=22 13 19 2 21 12
split_gain=64.767 8.64821 2.73989 2.44104 1.63876 0.619795
threshold=0.18924176692962649 2.9648406505584721 0.28072077035903936 1.5850765109062197 1.2085964083671572 3.3098564147949223
decision_type=2 2 2 2 2 2
left_child=2 -2 4 -3 -1 -4
right_child=1 3 5 -5 -6 -7
leaf_value=-0.029027438494297071 -0.0083068942774519976 -0.0013676863296611147 -0.0053538262158246532 0.02935838777576677 0.00015611755512667157 0.0059642246206448573
leaf_weight=23.789598804782152 2.1702989889890913 0.84538586210692557 1.018202267121523 24.471433734288439 0.75690865033538912 1.0404100013547575
leaf_count=4950 382 174 215 593 52 49
internal_value=-0.000563651 0.0241688 -0.0260949 0.0280699 -0.0280419 0
internal_weight=54.0922 27.4871 26.6051 25.3168 24.5465 2.05861
internal_count=6415 1149 5266 767 5002 264
is_linear=0
shrinkage=0.025


Tree=23
num_leaves=7
num_cat=0
split_feature=21 19 26 13 23 13
split_gain=56.3012 9.07378 6.29065 4.17252 2.25514 0.778476
threshold=0.39027060568332678 0.63379478454589855 -0.88249015808105458 2.2310250997543339 -5.2715854644775382 2.9648406505584721
decision_type=2 2 2 2 2 2
left_child=1 4 3 -2 -1 -3
right_child=2 5 -4 -5 -6 -7
leaf_value=0.0011136071241363192 -0.004574747910976079 -0.0026122548719873726 -0.0044326339094838841 0.029425379245741248 -0.028679193157932204 0.011534703368547177
leaf_weight=0.87133476237068563 0.775071828858933 0.4757434480125079 2.6179614549619137 23.051466433680616 23.854200484289322 2.2057943539111875
leaf_count=92 185 107 743 480 4728 54
internal_value=9.74894e-06 -0.023017 0.0239386 0.0275009 -0.0274083 0.00814455
internal_weight=53.8516 27.4071 26.4445 23.8265 24.7255 2.68154
internal_count=6389 4981 1408 665 4820 161
is_linear=0
shrinkage=0.025


Tree=24
num_leaves=7
num_cat=0
split_feature=21 19 13 26 23 13
split_gain=58.1786 10.7631 5.15498 3.16877 2.16118 0.984293
threshold=0.48578093945980078 0.63379478454589855 2.2310250997543339 -0.89399585127830494 -5.2715854644775382 2.9648406505584721
decision_type=2 2 2 2 2 2
left_child=1 4 -2 -4 -1 -3
right_child=2 5 3 -5 -6 -7
leaf_value=0.00089659130694469272 -0.0063033386613281298 -0.0029625175330286967 0.029478137848258937 4.5656258711962265e-05 -0.028564613540992618 0.012935884544454004
leaf_weight=0.89864993549418315 1.0356767126941147 0.52134075423236881 23.996228249161508 2.9624100599903604 23.910915199841838 2.6521876165643334
leaf_count=114 224 122 385 595 4982 63
internal_value=0.00129825 -0.0221829 0.0247641 0.0269526 -0.0273164 0.00934489
internal_weight=55.9774 27.9831 27.9943 26.9586 24.8096 3.17353
internal_count=6485 5281 1204 980 5096 185
is_linear=0
shrinkage=0.025


Tree=25
num_leaves=7
num_cat=0
split_feature=21 6 24 26 5 0
split_gain=55.424 8.11798 5.41956 4.4006 1.82876 0.36142
threshold=0.35213902592659002 3.7464358806610112 -5.4228928089141837 -0.88249015808105458 -0.19506730884313581 3.5938054323196416
decision_type=2 2 2 2 2 2
left_child=2 3 -1 -2 -4 -3
right_child=1 5 4 -5 -6 -7
leaf_value=0.0061159039061474381 0.029048723012501811 0.00073713689324818256 0 -0.0010797214403434822 -0.02832862448286888 -0.01049090140488829
leaf_weight=1.2837142578791851 22.736496781115427 0.31894775154069011 1.1972754270536885 2.5656311740749507 23.446066310862076 1.8438465234357861
leaf_count=25 353 19 115 697 4814 496
internal_value=-0.000469574 0.0222829 -0.0244796 0.0261134 -0.027047 -0.00860381
internal_weight=53.392 27.4649 25.9271 25.3021 24.6433 2.16279
internal_count=6519 1565 4954 1050 4929 515
is_linear=0
shrinkage=0.025


Tree=26
num_leaves=7
num_cat=0
split_feature=21 19 6 3 23 13
split_gain=51.4632 7.38743 5.92399 2.38151 2.22521 0.75445
threshold=0.39027060568332678 0.63379478454589855 3.7464358806610112 1.10604465007782 -5.2715854644775382 2.9648406505584721
decision_type=2 2 2 2 2 2
left_child=1 4 3 -2 -1 -3
right_child=2 5 -4 -5 -6 -7
leaf_value=0.0013208691710420795 -0.0019524028541418631 -0.0029409493317450143 -0.0055412476679758613 0.027098988462090398 -0.0278395228848974 0.010473695397136478
leaf_weight=0.83955687837442994 0.77327188715572148 0.52213282848242615 2.1754605208989224 23.218202558578923 23.454757431347389 1.9496324472711419
leaf_count=95 200 125 452 773 4780 57
internal_value=-0.000246035 -0.0227178 0.0224967 0.0257718 -0.026565 0.00673175
internal_weight=52.933 26.7661 26.1669 23.9915 24.2943 2.47177
internal_count=6482 5057 1425 973 4875 182
is_linear=0
shrinkage=0.025


Tree=27
num_leaves=7
num_cat=0
split_feature=24 13 26 19 26 13
split_gain=52.0133 5.92451 5.27633 2.07614 1.63018 1.38002
threshold=-1.2255063056945799 2.9648406505584721 -1.0283769965171812 0.55844023823738109 -0.88379603624343861 2.2682938575744633
decision_type=2 2 2 2 2 2
left_child=1 -1 5 -4 -3 -2
right_child=2 4 3 -5 -6 -7
leaf_value=-0.0051542985457721287 -0.0069352426827657011 0.028629855574425819 -0.026849973567235882 0.0015885311968136988 0.0011169751277534119 0.0087637807657342595
leaf_weight=2.1186599582433727 1.3921920353896013 22.099708110967192 21.943031820817854 0.69833216839469869 2.3593360659433484 2.5980561515316367
leaf_count=399 285 313 4788 59 434 156
internal_value=0.000949638 0.0236683 -0.0216828 -0.025618 0.0268281 0.00178041
internal_weight=53.2093 26.5777 26.6316 22.6414 24.459 3.99025
internal_count=6434 1146 5288 4847 747 441
is_linear=0
shrinkage=0.025


Tree=28
num_leaves=7
num_cat=0
split_feature=21 19 13 26 5 27
split_gain=52.5956 8.62278 6.48026 2.17767 0.814501 0.783945
threshold=0.39027060568332678 0.63379478454589855 3.0550500154495244 -0.84853374958038319 4.0862703323364267 0.73340532183647167
decision_type=2 2 2 2 2 2
left_child=1 5 -2 -4 -3 -1
right_child=2 4 3 -5 -6 -7
leaf_value=-0.028053796168829345 -0.0061077710859402494 0.01130634525936557 0.028004934333096438 0 -0.002872825340532111 0
leaf_weight=22.180560211651034 2.2144259439082843 2.1599386445013802 23.145950693404309 2.2017587920417965 0.51192352559883136 0.75438326474977557
leaf_count=4761 515 32 381 539 128 73
internal_value=0.000640756 -0.0228382 0.0228034 0.0261252 0.00767323 -0.0273537
internal_weight=53.1689 25.6068 27.5621 25.3477 2.67186 22.9349
internal_count=6429 4994 1435 920 160 4834
is_linear=0
shrinkage=0.025


Tree=29
num_leaves=7
num_cat=0
split_feature=22 17 13 2 20 16
split_gain=53.2298 8.20731 5.57541 1.93521 0.898363 0.885608
threshold=0.22227813303470614 0.89958903193473827 2.9648406505584721 1.5850765109062197 -0.11415060609579085 1.2435489892959597
decision_type=2 2 2 2 2 2
left_child=1 5 -2 -4 -3 -1
right_child=2 4 3 -5 -6 -7
leaf_value=-0.027290911896687198 -0.0047760800379751797 -0.0035244193288005753 -0.00092147169322018263 0.02773270522203768 0.01066161402758916 0
leaf_weight=22.632438388362068 2.0751454695127931 0.58915091794915531 0.7788971482077639 24.401246124412864 2.5120160972583099 0.56559642282081668
leaf_count=5121 341 134 144 572 63 88
internal_value=0.00113436 -0.02208 0.0236786 0.0266334 0.0066832 -0.0266501
internal_weight=53.5545 26.2992 27.2553 25.1801 3.10117 23.198
internal_count=6463 5406 1057 716 197 5209
is_linear=0
shrinkage=0.025


Tree=30
num_leaves=7
num_cat=0
split_feature=21 6 19 26 27 18
split_gain=48.1737 7.06276 5.03133 3.54472 0.812108 0.602187
threshold=0.31186422705650335 3.3615400791168217 0.63379478454589855 -0.88249015808105458 0.73340532183647167 0.53866854310035717
decision_type=2 2 2 2 2 2
left_child=2 3 4 -2 -1 -3
right_child=1 5 -4 -5 -6 -7
leaf_value=-0.027259065337231422 0.027907523499361261 -0.0099457697950502341 0.0042729384396169266 0 0 0.0018519987289469142
leaf_weight=20.88102965179133 21.601269196020446 1.7893732858938158 1.9594309880048957 3.1695127229904747 0.72272137255640601 1.1068456399370914
leaf_count=4534 301 542 161 717 67 147
internal_value=0.000176573 0.0209987 -0.0234493 0.0249298 -0.0265291 -0.0063278
internal_weight=51.2302 27.667 23.5632 24.7708 21.6038 2.89622
internal_count=6469 1707 4762 1018 4601 689
is_linear=0
shrinkage=0.025


Tree=31
num_leaves=7
num_cat=0
split_feature=22 13 21 26 13 16
split_gain=44.4968 6.59379 5.05798 1.57503 1.52561 0.857898
threshold=0.22227813303470614 3.0550500154495244 0.48578093945980078 -0.79763978719711293 4.4055523872375497 1.2435489892959597
decision_type=2 2 2 2 2 2
left_child=2 -2 5 -3 -4 -1
right_child=1 3 4 -5 -6 -7
leaf_value=-0.026323413438894178 -0.0074224425487969831 0.026580513716433347 -0.0071345585821011963 0 0.0093494674622495704 0
leaf_weight=21.105082097754355 1.9303346312954115 20.679639467620294 1.7019127421663136 1.3854186388780352 2.2442455354030244 0.55503635533386741
leaf_count=4669 360 376 508 306 118 95
internal_value=-0.000624961 0.0215132 -0.0217 0.0251791 0.00152743 -0.025659
internal_weight=49.6017 23.9954 25.6063 22.0651 3.94616 21.6601
internal_count=6432 1042 5390 682 626 4764
is_linear=0
shrinkage=0.025


Tree=32
num_leaves=7
num_cat=0
split_feature=22 17 13 2 22 21
split_gain=45.7756 8.58197 5.52873 1.95745 1.11335 0.917124
threshold=0.22227813303470614 0.66221347451210033 2.9648406505584721 1.5850765109062197 -0.25799408555030817 0.97700640559196483
decision_type=2 2 2 2 2 2
left_child=1 5 -2 -4 -3 -1
right_child=2 4 3 -5 -6 -7
leaf_value=-0.027224694258401995 -0.0051783201737947001 -0.0043385619401159637 -0.0011676495361539446 0.026551976543890604 0.010829250367940801 0
leaf_weight=21.370315782784026 2.1641439110389937 0.77054919349029694 0.80279666092247026 22.148149217129685 2.9189276606775811 0.36422987433615972
leaf_count=4935 345 322 146 554 136 40
internal_value=0.000121484 -0.0214129 0.0220641 0.0253233 0.00626852 -0.0266392
internal_weight=50.5391 25.424 25.1151 22.9509 3.68948 21.7345
internal_count=6478 5433 1045 700 458 4975
is_linear=0
shrinkage=0.025


Tree=33
num_leaves=7
num_cat=0
split_feature=22 13 19 3 18 13
split_gain=43.5248 6.02644 2.82917 1.84209 1.44293 0.959989
threshold=0.18924176692962649 2.9648406505584721 0.24769496917724612 1.10604465007782 0.46559029817581182 4.2895624637603769
decision_type=2 2 2 2 2 2
left_child=2 -2 4 -3 -1 -4
right_child=1 3 5 -5 -6 -7
leaf_value=-0.025407183132859924 -0.0060018993437779798 -0.00046532364344297654 -0.0061199244556775917 0.025842242850995623 0.00012576023486811873 0.007672488846114555
leaf_weight=20.612479440285831 2.3566107011865851 1.0933416574262107 1.2525139789795496 21.937546092492994 0.8984881064388891 1.2398483882425351
leaf_count=4737 381 224 286 560 189 43
internal_value=0 0.0209506 -0.0218643 0.0245101 -0.0242824 0.000448491
internal_weight=49.3908 25.3875 24.0033 23.0309 21.511 2.49236
internal_count=6420 1165 5255 784 4926 329
is_linear=0
shrinkage=0.025


Tree=34
num_leaves=6
num_cat=0
split_feature=21 24 13 26 16
split_gain=43.804 8.04009 4.09478 2.17403 0.925553
threshold=0.48578093945980078 -4.0392110347747794 2.2310250997543339 -0.84853374958038319 1.2435489892959597
decision_type=2 2 2 2 2
left_child=1 -1 -2 -4 -3
right_child=2 4 3 -5 -6
leaf_value=0.00822596332089944 -0.0058547783632881475 -0.027174964039058537 0.025653682569462117 0 0
leaf_weight=2.2408360980334718 1.0010658954852285 21.883198256895415 19.938377651385967 2.2239485716563641 0.54876008880091731
leaf_count=90 216 5169 468 498 107
internal_value=-0.00107913 -0.0222872 0.0212353 0.0235415 -0.0265069
internal_weight=47.8362 24.6728 23.1634 22.1623 22.432
internal_count=6548 5366 1182 966 5276
is_linear=0
shrinkage=0.025


Tree=35
num_leaves=6
num_cat=0
split_feature=22 6 17 26 22
split_gain=38.8458 6.86221 4.62553 3.66214 1.20833
threshold=0.12450602650642396 4.1095016002655038 0.52494058012962352 -0.93052101135253895 -0.099524945020675645
decision_type=2 2 2 2 2
left_child=2 3 -1 -2 -4
right_child=1 -3 4 -5 -6
leaf_value=-0.025788299782916687 0.026406633537487723 -0.009281460866710927 -0.0063011189778777038 0 0.0084803419411492061
leaf_weight=18.797090197331276 19.83880409528502 1.8190814166446205 1.6963918160763571 4.2836519720731294 1.9928174698143255
leaf_count=4365 297 347 586 745 106
internal_value=0 0.0191357 -0.0217046 0.0227189 0.00124945
internal_weight=48.4278 25.9415 22.4863 24.1225 3.68921
internal_count=6446 1389 5057 1042 692
is_linear=0
shrinkage=0.025


Tree=36
num_leaves=7
num_cat=0
split_feature=21 26 12 19 22 27
split_gain=41.4367 5.489 4.02061 3.67971 1.20511 0.818202
threshold=0.31186422705650335 -0.88249015808105458 2.7672842741012578 0.63379478454589855 0.78497454524040233 0.73340532183647167
decision_type=2 2 2 2 2 2
left_child=3 2 -2 5 -3 -1
right_child=1 4 -4 -5 -6 -7
leaf_value=-0.025905905415014991 -0.0050797454340318132 -0.0091980526505096808 0.026023409965543889 0.0031628075896715079 0.0056427189176606329 0
leaf_weight=19.470101090555552 0.89518670580583304 2.608662053244188 21.464334222429898 1.6430596325662907 1.2749352321843614 0.71218229661462729
leaf_count=4559 192 824 587 156 104 73
internal_value=0.000111979 0.0197778 0.023849 -0.0225804 -0.00318871 -0.0251362
internal_weight=48.0685 26.2431 22.3595 21.8253 3.8836 20.1823
internal_count=6495 1707 779 4788 928 4632
is_linear=0
shrinkage=0.025


Tree=37
num_leaves=7
num_cat=0
split_feature=22 17 13 27 13 27
split_gain=35.6903 8.8229 4.52598 1.8746 1.71603 0.754639
threshold=0.23135621845722201 0.52494058012962352 2.9648406505584721 0.31410817801952368 4.2895624637603769 0.73340532183647167
decision_type=2 2 2 2 2 2
left_child=1 5 -2 -4 -3 -1
right_child=2 4 3 -5 -6 -7
leaf_value=-0.025794037409199323 -0.0045462058709984368 -0.0049215501091193223 0.025167086139221435 -0.00069658341419148945 0.012549871118925854 0
leaf_weight=19.291680024063687 2.0333709781407405 2.0196250686421982 19.686367459595207 1.1000323272892263 2.9325121928122826 0.74363246001303096
leaf_count=4682 341 593 375 304 132 79
internal_value=8.64566e-05 -0.0187326 0.020581 0.0236863 0.00590371 -0.0250346
internal_weight=47.8072 24.9874 22.8198 20.7864 4.95214 20.0353
internal_count=6506 5486 1020 679 725 4761
is_linear=0
shrinkage=0.025


Tree=38
num_leaves=7
num_cat=0
split_feature=21 26 13 24 22 26
split_gain=34.2228 9.90108 3.89352 3.09311 1.27605 0.790981
threshold=0.18379594385623935 -0.88249015808105458 2.9648406505584721 -4.7598583698272696 0.963395655155182 -0.38460642099380488
decision_type=2 2 2 2 2 2
left_child=3 2 -2 -1 -3 -5
right_child=1 4 -4 5 -6 -7
leaf_value=0.0036145134314021694 -0.0029609970073565749 -0.013582543008192461 0.025865924439841082 -0.025153632595732008 0.0035969518639541505 0
leaf_weight=1.0220142722828338 1.7977025355794527 3.3191168589983127 20.652867689495906 17.641213324968707 0.77976213337387879 0.70462069095810775
leaf_count=32 477 1176 485 4104 68 69
internal_value=0 0.0172729 0.0232111 -0.0221694 -0.00944679 -0.02434
internal_weight=45.9173 26.5494 22.4506 19.3678 4.09888 18.3458
internal_count=6411 2206 962 4205 1244 4173
is_linear=0
shrinkage=0.025


Tree=39
num_leaves=7
num_cat=0
split_feature=22 6 21 26 13 19
split_gain=36.0611 4.74795 3.84719 2.26606 1.19694 0.799952
threshold=0.23135621845722201 4.1095016002655038 0.48578093945980078 -0.90509778261184681 4.4055523872375497 0.63379478454589855
decision_type=2 2 2 2 2 2
left_child=2 3 5 -2 -4 -1
right_child=1 -3 4 -5 -6 -7
leaf_value=-0.024251351194212505 0.025280748570148632 -0.0067803572673160537 -0.0066912700061793964 0 0.007930744798870619 0
leaf_weight=19.006255605025224 19.118296682776421 1.2620568495476607 1.6350557734258466 2.5329799109604236 2.2557407438871451 0.44066883070627128
leaf_count=4670 282 255 506 483 131 59
internal_value=0 0.0201367 -0.0198979 0.0229179 0.000775687 -0.0236024
internal_weight=46.2511 22.9133 23.3377 21.6513 3.8908 19.4469
internal_count=6386 1020 5366 765 637 4729
is_linear=0
shrinkage=0.025


Tree=40
num_leaves=7
num_cat=0
split_feature=21 19 26 13 5 13
split_gain=33.7423 5.5136 4.83852 3.25675 1.6035 0.558665
threshold=0.39027060568332678 0.63379478454589855 -0.88249015808105458 2.2310250997543339 -0.19506730884313581 2.9648406505584721
decision_type=2 2 2 2 2 2
left_child=1 4 3 -2 -1 -3
right_child=2 5 -4 -5 -6 -7
leaf_value=0 -0.0043601144434524258 -0.0024783930752825404 -0.0041509733439702374 0.024631525362608084 -0.025231983852503765 0.0089920374007140327
leaf_weight=1.1839856709702932 0.7853298424743177 0.47465883428230826 2.9406695095822206 19.652239916787948 18.804827937972732 1.845390247821342
leaf_count=124 190 120 764 487 4699 58
internal_value=-7.75714e-05 -0.0200198 0.0189066 0.0226337 -0.0237988 0.00570155
internal_weight=45.6871 22.3089 23.3782 20.4376 19.9888 2.32005
internal_count=6442 5001 1441 677 4823 178
is_linear=0
shrinkage=0.025


Tree=41
num_leaves=6
num_cat=0
split_feature=22 17 13 13 27
split_gain=31.5061 11.8501 2.65844 2.4656 0.837722
threshold=0.45002765953540808 0.52494058012962352 3.5581232309341435 2.5965435504913335 0.73340532183647167
decision_type=2 2 2 2 2
left_child=1 4 -3 -2 -1
right_child=3 2 -4 -5 -6
leaf_value=-0.025834722410136443 -0.003398667374376105 -0.0067574284702790538 0.014360941304722786 0.023415303038916951 0
leaf_weight=19.333679259696517 0.64934806240489962 1.8328511381987471 4.7753299697069451 17.266627291508485 0.68186990130925451
leaf_count=4974 136 539 272 469 78
internal_value=-0.000618748 -0.0168491 0.00757745 0.0216412 -0.0250661
internal_weight=44.5397 26.6237 6.60818 17.916 20.0155
internal_count=6468 5863 811 605 5052
is_linear=0
shrinkage=0.025


Tree=42
num_leaves=7
num_cat=0
split_feature=22 13 17 2 27 22
split_gain=37.7764 5.1855 2.86289 1.49469 0.769131 0.665038
threshold=0.22227813303470614 2.9648406505584721 0.66221347451210033 1.5850765109062197 0.73340532183647167 -0.099524945020675645
decision_type=2 2 2 2 2 2
left_child=2 -2 4 -3 -1 -4
right_child=1 3 5 -5 -6 -7
leaf_value=-0.024893273189194553 -0.0063890928820267536 -0.00077545743955567497 -0.0051327420438262708 0.024375285098264671 0 0.0063300610240793025
leaf_weight=18.026396777917405 1.7471342400531309 0.74024838133482518 0.91967064852360669 21.097508877690416 0.7167576746433032 1.5611193604418065
leaf_count=4827 339 144 372 564 76 68
internal_value=0.0001768 0.0201531 -0.0213934 0.0233042 -0.0240982 0.000654763
internal_weight=44.8088 23.5849 21.2239 21.8378 18.7432 2.48079
internal_count=6390 1047 5343 708 4903 440
is_linear=0
shrinkage=0.025


Tree=43
num_leaves=7
num_cat=0
split_feature=21 26 6 24 24 27
split_gain=31.7812 6.97319 4.62529 4.5077 0.882903 0.784407
threshold=0.22217440605163577 -0.88249015808105458 3.7464358806610112 -4.7598583698272696 -3.6482713222503658 0.73340532183647167
decision_type=2 2 2 2 2 2
left_child=3 2 -2 -1 -3 -5
right_child=1 4 -4 5 -6 -7
leaf_value=0.0058951966473887825 0.025175069125003852 0.0032883959229239503 -0.0050252534831826106 -0.024384538156575323 -0.010065694526438797 0
leaf_weight=1.3821356202824997 21.074805269599899 1.0764032133156458 1.5397804309613992 17.26077348281979 3.0205000295245519 0.68700176605489005
leaf_count=35 446 127 482 4317 996 66
internal_value=0.00104555 0.0175511 0.0223549 -0.0204257 -0.00599108 -0.0235678
internal_weight=46.0414 26.7115 22.6146 19.3299 4.0969 17.9478
internal_count=6469 2051 928 4418 1123 4383
is_linear=0
shrinkage=0.025


Tree=44
num_leaves=7
num_cat=0
split_feature=22 17 13 3 12 5
split_gain=31.1004 5.31187 4.80131 1.78794 0.902047 0.597989
threshold=0.18924176692962649 0.82944732904434215 3.0550500154495244 1.1961777806282046 3.0122863054275517 -0.19506730884313581
decision_type=2 2 2 2 2 2
left_child=1 5 -2 -4 -3 -1
right_child=2 4 3 -5 -6 -7
leaf_value=0 -0.0054031936968037576 -0.0041886509748653364 -0.0014538453243071827 0.023513789990150493 0.0094607812613532634 -0.023868825743818781
leaf_weight=0.80663275445113569 2.2359970923862447 0.72480819106567596 0.82877632539021107 19.879073393181898 2.2016867837519385 17.980636483553099
leaf_count=111 393 142 223 539 98 4969
internal_value=0.000257615 -0.0189373 0.0187852 0.022183 0.00478198 -0.0231234
internal_weight=44.6576 21.7138 22.9438 20.7078 2.92649 18.7873
internal_count=6475 5320 1155 762 240 5080
is_linear=0
shrinkage=0.025


Tree=45
num_leaves=7
num_cat=0
split_feature=21 26 22 13 22 26
split_gain=30.8156 6.46638 4.94206 3.39899 1.14821 0.73979
threshold=0.31186422705650335 -0.88249015808105458 0.8592553734779359 3.0550500154495244 0.78497454524040233 -0.38460642099380488
decision_type=2 2 2 2 2 2
left_child=2 3 5 -2 -3 -1
right_child=1 4 -4 -5 -6 -7
leaf_value=-0.024276739762548901 -0.002800986688294095 -0.011797668997941902 0.0061793449004159222 0.024682741179187454 0.0038210400952622238 0
leaf_weight=17.32426414827933 1.6515941083198473 2.1019222589093256 1.6549775255261909 19.902139079524204 1.0873620033380573 0.71794862003298732
leaf_count=4622 405 813 55 383 101 77
internal_value=0.000597177 0.017794 -0.0199809 0.0222105 -0.00662769 -0.0234719
internal_weight=44.4402 24.743 19.6972 21.5537 3.18928 18.0422
internal_count=6456 1702 4754 788 914 4699
is_linear=0
shrinkage=0.025


Tree=46
num_leaves=7
num_cat=0
split_feature=22 27 6 17 24 27
split_gain=27.3214 5.34883 3.95602 3.30291 1.09657 0.730238
threshold=0.12450602650642396 0.16958870738744738 4.1095016002655038 0.82944732904434215 -3.8422269821166988 0.73340532183647167
decision_type=2 2 2 2 2 2
left_child=3 2 -2 5 -3 -1
right_child=1 4 -4 -5 -6 -7
leaf_value=-0.02325566448187498 0.023976393969749519 0.004468052260253672 -0.0053898500932422003 0.0026435784345347924 -0.0097637694937840816 0
leaf_weight=17.014791589521344 17.811544838885318 1.4521396851632768 1.0522554093622591 2.1850738998036823 2.6389649521734064 0.68511023576138441
leaf_count=4804 300 147 243 228 717 74
internal_value=-0.000334592 0.0165378 0.0212903 -0.0194723 -0.00434563 -0.0224588
internal_weight=42.8399 22.9549 18.8638 19.885 4.0911 17.6999
internal_count=6513 1407 543 5106 864 4878
is_linear=0
shrinkage=0.025


Tree=47
num_leaves=7
num_cat=0
split_feature=21 19 6 3 5 13
split_gain=30.6009 3.95441 3.51611 2.20564 1.42377 0.56538
threshold=0.48578093945980078 0.53911316394805919 3.3084526062011723 1.10604465007782 -0.19506730884313581 3.1660896539688115
decision_type=2 2 2 2 2 2
left_child=1 4 3 -2 -1 -3
right_child=2 5 -4 -5 -6 -7
leaf_value=0 -0.0031544978714790452 -0.0032516008771793317 -0.0033331289816124336 0.023294983455661802 -0.024054411499602794 0.0076305085065716417
leaf_weight=1.190515687194426 0.50598619045923143 0.63867563463281785 2.1509439038345581 18.962133745953906 17.174910802656086 1.6764163501793516
leaf_count=140 166 166 453 549 4862 65
internal_value=5.59358e-05 -0.0192986 0.0189524 0.021848 -0.0226064 0.00360347
internal_weight=42.2996 20.6805 21.6191 19.4681 18.3654 2.31509
internal_count=6401 5233 1168 715 5002 231
is_linear=0
shrinkage=0.025


Tree=48
num_leaves=7
num_cat=0
split_feature=21 6 24 26 27 26
split_gain=27.1848 5.44305 4.21357 3.13059 0.752124 0.568396
threshold=0.239883728325367 3.3615400791168217 -5.4228928089141837 -0.88249015808105458 0.73340532183647167 -1.0079506635665891
decision_type=2 2 2 2 2 2
left_child=2 3 -1 -2 -4 -3
right_child=1 5 4 -5 -6 -7
leaf_value=0.0057464509431547611 0.023838161445132192 0.001628104931122358 -0.023697912542878265 -0.0002753141640540906 0 -0.0095600058469373708
leaf_weight=1.3394492426887179 17.671220260817798 1.4247368491778618 16.500706671155061 3.222702441882574 0.68832614779239421 1.8264453940209922
leaf_count=23 336 211 4468 858 68 574
internal_value=0.000128312 0.0163707 -0.019753 0.0205425 -0.0228689 -0.00588409
internal_weight=42.6736 24.1451 18.5285 20.8939 17.189 3.25118
internal_count=6538 1979 4559 1194 4536 785
is_linear=0
shrinkage=0.025


Tree=49
num_leaves=7
num_cat=0
split_feature=22 17 24 13 5 2
split_gain=24.8719 10.0635 2.23957 1.63775 1.04935 0.639468
threshold=0.48874953389167791 0.52494058012962352 0.44720697402954107 2.5965435504913335 -0.19506730884313581 1.5850765109062197
decision_type=2 2 2 2 2 2
left_child=1 4 -3 -2 -1 -5
right_child=3 2 -4 5 -6 -7
leaf_value=0 -0.0022083698617155647 0.013217750395139383 -0.0066759928253812238 -0.00020690821787631563 -0.024229110964882613 0.02252652242070317
leaf_weight=1.3499364024901357 0.47269895643694582 5.1129287563962853 1.2531578944763166 0.14856367302127083 16.90473521198146 15.459123814769553
leaf_count=176 105 231 564 45 4871 374
internal_value=0 -0.0148811 0.0075377 0.0206458 -0.0229078 0.0220091
internal_weight=40.7011 24.6208 6.36609 16.0804 18.2547 15.6077
internal_count=6366 5842 795 524 5047 419
is_linear=0
shrinkage=0.025


Tree=50
num_leaves=7
num_cat=0
split_feature=22 6 17 2 6 27
split_gain=26.549 4.11505 3.38318 1.57832 1.31931 0.727593
threshold=0.18924176692962649 4.1095016002655038 0.52494058012962352 1.5850765109062197 3.2911256551742558 0.73340532183647167
decision_type=2 2 2 2 2 2
left_child=2 3 5 -2 -4 -1
right_child=1 -3 4 -5 -6 -7
leaf_value=-0.023003014818625163 -0.0013821632013434535 -0.0065947437710515734 0.0081668845952549019 0.021746843792116527 -0.0072766168149753828 0
leaf_weight=15.593094174517322 0.83419869909994915 1.3112370096496295 2.4216123840014911 19.383575741143432 1.36366740197991 0.68268514337251041
leaf_count=4540 166 285 284 703 431 69
internal_value=0.000103013 0.0176441 -0.0182367 0.0204599 0.00091693 -0.0221537
internal_weight=41.5901 21.529 20.0611 20.2178 3.78528 16.2758
internal_count=6478 1154 5324 869 715 4609
is_linear=0
shrinkage=0.025


Tree=51
num_leaves=7
num_cat=0
split_feature=22 17 13 2 16 13
split_gain=28.0466 4.71886 3.77643 1.41144 0.843468 0.718877
threshold=0.22227813303470614 0.82944732904434215 2.9648406505584721 1.5850765109062197 1.2435489892959597 2.2682938575744633
decision_type=2 2 2 2 2 2
left_child=1 4 -2 -4 -1 -3
right_child=2 5 3 -5 -6 -7
leaf_value=-0.023691217017930165 -0.0043621700727325711 -0.0037900451437624764 -0.00096251065580858471 0.022347633493013334 0 0.0083276592478012529
leaf_weight=16.771579778753228 2.0261201257235397 0.68616793240653295 0.76856495911488565 18.546723502135137 0.50636405206750978 2.1688680936931632
leaf_count=5055 352 133 142 553 95 121
internal_value=0 -0.0187893 0.0181278 0.0211559 -0.0229097 0.00406097
internal_weight=41.4744 20.133 21.3414 19.3153 17.2779 2.85504
internal_count=6451 5404 1047 695 5150 254
is_linear=0
shrinkage=0.025


Tree=52
num_leaves=7
num_cat=0
split_feature=21 26 19 13 27 19
split_gain=23.0942 5.27408 5.02895 2.77435 0.760532 0.691555
threshold=0.31186422705650335 -0.88249015808105458 0.70354560017585765 2.2310250997543339 0.73340532183647167 0.55844023823738109
decision_type=2 2 2 2 2 2
left_child=2 3 4 -2 -1 -3
right_child=1 5 -4 -5 -6 -7
leaf_value=-0.022831206043906579 -0.0040372739364879012 -0.0091045097155609041 0.0061951046087186205 0.022624095001746249 0 0.0029911884055574449
leaf_weight=15.435858700278917 0.77223765556119062 2.6106402333534784 2.1887899329885832 18.093868194933748 0.65880771283991713 0.76767063653096546
leaf_count=4532 203 845 115 564 68 44
internal_value=0.000484992 0.0161826 -0.0177188 0.0206537 -0.0219648 -0.00546518
internal_weight=40.5279 22.2444 18.2835 18.8661 16.0947 3.37831
internal_count=6371 1656 4715 767 4600 889
is_linear=0
shrinkage=0.025


Tree=53
num_leaves=7
num_cat=0
split_feature=22 17 6 2 24 16
split_gain=24.0333 4.18944 3.94557 1.64987 0.815693 0.767146
threshold=0.18924176692962649 0.82944732904434215 4.1095016002655038 1.5850765109062197 0.25173573195934301 1.2435489892959597
decision_type=2 2 2 2 2 2
left_child=1 5 3 -2 -3 -1
right_child=2 4 -4 -5 -6 -7
leaf_value=-0.022095597354539264 -0.0016132283137406033 0.0086567639878751667 -0.0065365524654973353 0.021285807231040885 -0.0041988459866205956 0
leaf_weight=16.192908386467032 0.86927853524685517 2.1011390053317878 1.2972738568787452 18.9837490535283 0.73963441292289633 0.50430472352309053
leaf_count=4997 179 43 288 702 204 95
internal_value=0.000345936 -0.0173334 0.0171081 0.0199088 0.00396938 -0.0213253
internal_weight=40.6883 19.538 21.1503 19.853 2.84077 16.6972
internal_count=6508 5339 1169 881 247 5092
is_linear=0
shrinkage=0.025


Tree=54
num_leaves=7
num_cat=0
split_feature=21 13 24 26 5 18
split_gain=22.8072 4.23162 4.09168 1.92427 1.65582 0.228942
threshold=0.40142171084880834 3.0550500154495244 -4.7598583698272696 -0.79763978719711293 -0.19506730884313581 0.53866854310035717
decision_type=2 2 2 2 2 2
left_child=2 5 -1 -3 -4 -2
right_child=1 3 4 -5 -6 -7
leaf_value=0.0056656209233862456 -0.0077998829761139685 0.021429413245635721 0.00091467913377140081 -0.001689775443774833 -0.023133206646877472 0.00028393664044199364
leaf_weight=1.5643353798950581 1.4142344184801943 16.626635004853604 1.0131290952558654 1.1910090562305367 16.116934330872027 0.75926971633452911
leaf_count=49 397 454 119 423 4885 113
internal_value=-0.000657463 0.0159392 -0.0182875 0.0195785 -0.0215432 -0.00587509
internal_weight=38.6855 19.9911 18.6944 17.8176 17.1301 2.1735
internal_count=6440 1387 5053 877 5004 510
is_linear=0
shrinkage=0.025


Tree=55
num_leaves=7
num_cat=0
split_feature=22 17 6 24 5 25
split_gain=23.0324 6.87733 2.26407 1.22126 0.96536 0.664757
threshold=0.39657014608383184 0.66221347451210033 3.9463615417480473 0.46367314457893377 -0.19506730884313581 0.31732405722141271
decision_type=2 2 2 2 2 2
left_child=1 4 5 -3 -1 -2
right_child=2 3 -4 -5 -6 -7
leaf_value=0 0.021796685726728771 0.010806838108478883 -0.0036089815571206047 -0.0046935015372909124 -0.02289455925846753 0
leaf_weight=1.3341720529133514 14.813111639145061 3.5628502303734413 0.70375336421420875 0.86734819714911271 16.521361641149269 0.9851809572719511
leaf_count=177 300 127 178 372 5145 196
internal_value=-0.000388087 -0.0157225 0.0188706 0.00622987 -0.021614 0.0207994
internal_weight=38.7878 22.2857 16.502 4.4302 17.8555 15.7983
internal_count=6495 5821 674 499 5322 496
is_linear=0
shrinkage=0.025


Tree=56
num_leaves=7
num_cat=0
split_feature=22 13 17 2 16 24
split_gain=23.4752 4.13728 3.61364 1.62944 0.824147 0.58365
threshold=0.18924176692962649 3.0550500154495244 0.82944732904434215 1.5850765109062197 1.2435489892959597 0.46367314457893377
decision_type=2 2 2 2 2 2
left_child=2 -2 4 -3 -1 -4
right_child=1 3 5 -5 -6 -7
leaf_value=-0.022588126345637564 -0.0053391769799171112 -0.0015221754049457377 0.0072667201130150426 0.021507108741374185 0 -0.0036063822563627136
leaf_weight=15.064025010855403 2.2109513768227798 0.86538648826536047 1.8970103285391808 17.745973887183936 0.49184773297747675 0.65505079773720343
leaf_count=4955 412 175 47 583 92 201
internal_value=0.000129875 0.0166241 -0.0180594 0.020076 -0.0217476 0.00310834
internal_weight=38.9302 20.8223 18.1079 18.6114 15.5559 2.55206
internal_count=6465 1170 5295 758 5047 248
is_linear=0
shrinkage=0.025


Tree=57
num_leaves=7
num_cat=0
split_feature=21 26 19 13 5 14
split_gain=21.446 3.27063 3.2639 2.09605 1.39885 0.556185
threshold=0.40142171084880834 -0.88249015808105458 0.63379478454589855 2.2310250997543339 -0.19506730884313581 0.28365607559680944
decision_type=2 2 2 2 2 2
left_child=2 3 4 -2 -1 -3
right_child=1 5 -4 -5 -6 -7
leaf_value=0.00031354971189380778 -0.0032010032748850193 0.0026404487301625139 0.0036399319983102217 0.021240711607380249 -0.022370014689630846 -0.0076911861291564009
leaf_weight=1.1193234618695029 0.63606100581819802 1.9032737711677321 1.9833633090602223 15.818333313683977 15.121140274190111 1.1656166468746958
leaf_count=130 179 271 172 472 4782 478
internal_value=-0.000358165 0.0158507 -0.017666 0.0194788 -0.0208066 -0.00284341
internal_weight=37.7471 19.5233 18.2238 16.4544 16.2405 3.06889
internal_count=6484 1400 5084 651 4912 749
is_linear=0
shrinkage=0.025


Tree=58
num_leaves=7
num_cat=0
split_feature=22 13 2 5 21 21
split_gain=19.9713 5.60832 3.45752 0.604352 0.639886 0.387115
threshold=0.034267753362655647 2.9648406505584721 1.5850765109062197 -0.19506730884313581 1.8244875073432925 1.8244875073432925
decision_type=2 2 2 2 2 2
left_child=3 5 -3 -1 -5 -2
right_child=1 2 -4 4 -6 -7
leaf_value=0 -0.010557454820425272 -0.0047099835094658853 0.020483573351591951 -0.02112962563346105 0 0.00090046154616372348
leaf_weight=0.69789765242603508 2.393944636656673 1.6134091625572207 18.857507382228505 13.327815317607016 0.3826744867255919 0.27458622812991951
leaf_count=81 576 393 906 4496 19 5
internal_value=0 0.0134323 0.0177178 -0.019533 -0.020395 -0.00874505
internal_weight=37.5478 23.1394 20.4709 14.4084 13.7105 2.66853
internal_count=6476 1880 1299 4596 4515 581
is_linear=0
shrinkage=0.025


Tree=59
num_leaves=6
num_cat=0
split_feature=22 17 6 26 27
split_gain=22.3927 4.21401 3.039 1.25586 0.787378
threshold=0.22227813303470614 0.66221347451210033 4.1095016002655038 -0.79763978719711293 0.12957300245761874
decision_type=2 2 2 2 2
left_child=1 -1 3 -2 -3
right_child=2 4 -4 -5 -6
leaf_value=-0.022344489284002043 0.020718659128729545 0.007832914976342158 -0.005373062157142023 0 -0.0044948618016245681
leaf_weight=14.876775736687707 16.285009471757807 2.3857430345378812 1.0662086972733948 1.663945968903138 0.82447985510225397
leaf_count=4942 462 138 251 333 306
internal_value=-0.000172417 -0.0178657 0.0166127 0.0190771 0.00309634
internal_weight=37.1022 18.087 19.0152 17.949 3.21022
internal_count=6432 5386 1046 795 444
is_linear=0
shrinkage=0.025


Tree=60
num_leaves=7
num_cat=0
split_feature=22 27 5 13 22 25
split_gain=18.6377 5.48992 2.6731 1.8634 0.944379 0.14497
threshold=0.48874953389167791 0.12957300245761874 4.0252473354339608 2.9648406505584721 0.35296510159969335 1.0000000180025095e-35
decision_type=2 2 2 2 2 2
left_child=1 2 -1 -2 -3 -5
right_child=3 4 -4 5 -6 -7
leaf_value=0.01210847032832979 -0.0028878417371579097 -0.020185823767879776 -0.0084168117834657382 0.021417312197248364 0 0.0003298097057769952
leaf_weight=4.4093019835418117 0.5729942704201666 14.763557735364882 2.0228041706141084 13.884858519828409 1.2081988200079639 0.98198832027264948
leaf_count=359 154 4752 663 253 145 153
internal_value=0.00101075 -0.0124357 0.00424879 0.0190971 -0.0188639 0.0207726
internal_weight=37.8437 22.4039 6.43211 15.4398 15.9718 14.8668
internal_count=6479 5919 1022 560 4897 406
is_linear=0
shrinkage=0.025


Tree=61
num_leaves=7
num_cat=0
split_feature=22 17 13 24 2 26
split_gain=19.4186 3.75838 3.38864 0.895184 0.851885 0.700739
threshold=0.23135621845722201 0.66221347451210033 3.0550500154495244 0.084095437079668059 1.5850765109062197 -0.38460642099380488
decision_type=2 2 2 2 2 2
left_child=1 5 -2 -3 -4 -1
right_child=2 3 4 -5 -6 -7
leaf_value=-0.021113426448102345 -0.0044677339993393957 0.0086138512438899383 -0.00010256242904694948 -0.0046419505824111156 0.020490139908005751 0
leaf_weight=14.400741903635208 1.9960445786709922 2.1842483679065476 0.64642458129674452 0.86978971917415027 15.688164781022349 0.66364536678884256
leaf_count=4927 363 60 130 379 514 81
internal_value=5.00859e-05 -0.0160583 0.0162691 0.00352454 0.0195492 -0.0202288
internal_weight=36.4491 18.1184 18.3306 3.05404 16.3346 15.0644
internal_count=6454 5447 1007 439 644 5008
is_linear=0
shrinkage=0.025


Tree=62
num_leaves=7
num_cat=0
split_feature=22 13 17 26 18 27
split_gain=18.9677 3.69708 2.50253 2.16962 0.363246 0.351867
threshold=0.15039592236280444 2.9648406505584721 0.82944732904434215 -0.90509778261184681 0.46559029817581182 0.12957300245761874
decision_type=2 2 2 2 2 2
left_child=2 -2 4 -3 -1 -4
right_child=1 3 5 -5 -6 -7
leaf_value=-0.021480430972756818 -0.0054936473021017576 0.020847057878207214 0.0055127408505891472 -0.00075482698797895678 0 -0.0029234469127188902
leaf_weight=13.627380653168075 2.2667999511468251 14.523485964717114 1.5138357788091519 2.3713144419307328 0.53774294056347649 0.55321234522853036
leaf_count=4747 421 288 82 554 165 148
internal_value=-0.000631679 0.0144453 -0.0179345 0.0180496 -0.0208954 0.0018996
internal_weight=35.3938 19.1616 16.2322 16.8948 14.1651 2.06705
internal_count=6405 1263 5142 842 4912 230
is_linear=0
shrinkage=0.025


Tree=63
num_leaves=7
num_cat=0
split_feature=21 26 24 5 22 27
split_gain=17.5969 4.95327 2.86959 2.68582 1.0977 0.748214
threshold=0.239883728325367 -0.88249015808105458 -4.7598583698272696 4.0252473354339608 0.78497454524040233 0.73340532183647167
decision_type=2 2 2 2 2 2
left_child=2 3 -1 -2 -3 -4
right_child=1 4 5 -5 -6 -7
leaf_value=0.0042557987867265822 0.02126347220504873 -0.010647190246054386 -0.021208689549628946 -0.0037259181663044151 0.0040849359533673898 0
leaf_weight=1.2660758510464791 15.808321297576191 2.5889279057446397 13.120640313543841 1.0793282921658818 1.1786566928494719 0.63375161238946098
leaf_count=41 583 1000 4394 303 111 70
internal_value=0.000124533 0.0139541 -0.0173162 0.0188945 -0.00562428 -0.0202404
internal_weight=35.6757 20.6552 15.0205 16.8876 3.76758 13.7544
internal_count=6502 1997 4505 886 1111 4464
is_linear=0
shrinkage=0.025


Tree=64
num_leaves=7
num_cat=0
split_feature=18 17 13 3 13 27
split_gain=16.6289 3.8283 2.87784 1.81624 1.57032 0.655032
threshold=0.14786035567522052 0.57245939970016491 2.2310250997543339 1.10604465007782 4.1078596115112314 0.73340532183647167
decision_type=2 2 2 2 2 2
left_child=1 5 -2 -4 -3 -1
right_child=2 4 3 -5 -6 -7
leaf_value=-0.020429075410766113 -0.0053954299463423797 -0.0068091308938376663 -0.0031750455540135395 0.019415907772135504 0.010157513241545159 0
leaf_weight=13.011109185259556 1.1324797518609582 1.2205955249664833 0.54495514556765812 17.026584986655507 2.6331187458999921 0.66964746930170882
leaf_count=4395 260 455 179 924 139 80
internal_value=0.000703694 -0.0146089 0.015376 0.0178903 0.00326718 -0.0195057
internal_weight=36.2385 17.5345 18.704 17.5715 3.85371 13.6808
internal_count=6432 5069 1363 1103 594 4475
is_linear=0
shrinkage=0.025


Tree=65
num_leaves=7
num_cat=0
split_feature=22 27 6 27 18 27
split_gain=15.8799 5.47234 3.98599 0.774003 0.43401 0.0408818
threshold=0.034267753362655647 0.22463303804397586 4.1095016002655038 0.73340532183647167 0.53866854310035717 0.765637367963791
decision_type=2 2 2 2 2 2
left_child=3 2 -2 -1 -3 -5
right_child=1 4 -4 5 -6 -7
leaf_value=-0.020107403345100642 0.020414620740416618 -0.010258249883409705 -0.0064168718930551266 0.0020696963599664995 0.00079516367083804797 -0.00076706566317978338
leaf_weight=12.126715688558757 15.661896111618267 2.7599922321096524 1.3515029250120267 0.24483799544395957 0.83910293818917114 0.32443770003737882
leaf_count=4474 503 901 338 13 119 54
internal_value=-0.000822681 0.0117067 0.0170259 -0.0190779 -0.00799048 9.35541e-05
internal_weight=33.3085 20.6125 17.0134 12.696 3.5991 0.569276
internal_count=6402 1861 841 4541 1020 67
is_linear=0
shrinkage=0.025


Tree=66
num_leaves=7
num_cat=0
split_feature=21 19 13 12 24 12
split_gain=18.8035 6.42787 2.14057 0.976182 0.881958 0.0442237
threshold=0.94733256101608287 0.24769496917724612 3.0550500154495244 3.0122863054275517 -3.5142350196838374 2.8747087717056279
decision_type=2 2 2 2 2 2
left_child=1 4 -3 5 -1 -2
right_child=3 2 -4 -5 -6 -7
leaf_value=0.0004008350109432366 -0.0021805465799317968 -0.0072715930837621116 0.011700451390729382 0.020297075161032838 -0.021901139503410633 0.00068138385469839521
leaf_weight=0.4102402615826567 0.44711283326614548 1.5770067400007963 4.1314995855500456 12.703204088815253 14.548030311212644 0.28751071094302461
leaf_count=19 77 415 304 330 5252 12
internal_value=-8.66847e-05 -0.0140527 0.00492761 0.0190396 -0.0210292 -0.000353094
internal_weight=34.1046 20.6668 5.70851 13.4378 14.9583 0.734624
internal_count=6409 5990 719 419 5271 89
is_linear=0
shrinkage=0.025


Tree=67
num_leaves=7
num_cat=0
split_feature=22 17 13 22 27 25
split_gain=15.7422 8.14483 1.57083 1.51927 0.774843 0.21456
threshold=0.48874953389167791 0.52494058012962352 2.9648406505584721 -0.099524945020675645 0.73340532183647167 0.13098116219043734
decision_type=2 2 2 2 2 2
left_child=1 4 -2 -3 -1 -4
right_child=2 3 5 -5 -6 -7
leaf_value=-0.022154776840185308 -0.0026263080036868953 -0.0047308699609869449 0.019848948402285266 0.011809593490335781 0 0
leaf_weight=13.837119447358418 0.54682826355565239 1.4114035593520382 11.996574713208243 4.7161564821144557 0.64722035013255741 0.94011650426546189
leaf_count=4998 142 577 248 227 86 151
internal_value=-6.40531e-06 -0.0128364 0.0174352 0.00702421 -0.0212055 0.0191273
internal_weight=34.0954 20.6119 13.4835 6.12756 14.4843 12.9367
internal_count=6429 5888 541 804 5084 399
is_linear=0
shrinkage=0.025


Tree=68
num_leaves=7
num_cat=0
split_feature=22 6 26 17 27 22
split_gain=15.1263 4.59268 3.45405 0.885119 0.854448 0.245604
threshold=0.034267753362655647 3.1927362680435185 -0.88249015808105458 1.0219545364379885 0.73340532183647167 0.963395655155182
decision_type=2 2 2 2 2 2
left_child=3 2 -2 4 -1 -3
right_child=1 5 -4 -5 -6 -7
leaf_value=-0.019883751843290026 0.020966945423239305 -0.0083860570530159551 -0.0020311455092113049 0 0.00048616794811031364 0.00022650494355088837
leaf_weight=11.070568993891353 15.059011840494353 2.5239333933859593 3.493136966775638 1.1606634852942068 0.50444924060138951 0.68715749657712866
leaf_count=4342 290 720 815 122 63 40
internal_value=0.000591352 0.0125272 0.0168594 -0.0172342 -0.0187401 -0.00676621
internal_weight=34.4989 21.7632 18.5521 12.7357 11.575 3.21109
internal_count=6392 1865 1105 4527 4405 760
is_linear=0
shrinkage=0.025


Tree=69
num_leaves=7
num_cat=0
split_feature=21 27 24 13 2 22
split_gain=16.044 3.09026 2.92969 2.11578 1.12871 0.664695
threshold=0.40142171084880834 0.22463303804397586 -4.7598583698272696 2.2310250997543339 1.0000000180025095e-35 0.963395655155182
decision_type=2 2 2 2 2 2
left_child=2 3 -1 -2 -4 -3
right_child=1 5 4 -5 -6 -7
leaf_value=0.0044850651770954181 -0.003562794341405703 -0.008196828317173669 0 0.019779350553325192 -0.020997859736948756 0.003427453199012262
leaf_weight=1.4181428873562243 0.71546337785548786 1.8322691197099623 1.2489131005713705 14.336748288071247 13.012688694579991 0.89737424330087368
leaf_count=53 189 687 144 488 4895 62
internal_value=-0.000311864 0.0140491 -0.0163595 0.0177464 -0.0193829 -0.00382165
internal_weight=33.4616 17.7819 15.6797 15.0522 14.2616 2.72964
internal_count=6518 1426 5092 677 5039 749
is_linear=0
shrinkage=0.025


Tree=70
num_leaves=7
num_cat=0
split_feature=21 13 24 26 27 19
split_gain=14.7477 4.3051 2.96724 2.03299 0.730974 0.213917
threshold=0.31186422705650335 3.0550500154495244 -4.7598583698272696 -0.88089025020599354 0.73340532183647167 1.1698681116104128
decision_type=2 2 2 2 2 2
left_child=2 5 -1 -3 -4 -2
right_child=1 3 4 -5 -6 -7
leaf_value=0.0045735026608735357 -0.0089802449401808117 0.020096777282649653 -0.020539752053341645 -0.00054911210296776337 0 0.00015994642624459133
leaf_weight=1.4015103701385658 1.7790933779615472 13.788208680547545 12.428835517785043 2.5458172789367355 0.6236476805352148 0.22493098280392576
leaf_count=47 594 367 4612 697 71 3
internal_value=-0.000103417 0.0131608 -0.0163105 0.0172114 -0.0195448 -0.00768019
internal_weight=32.792 18.3381 14.454 16.334 13.0525 2.00402
internal_count=6391 1661 4730 1064 4683 597
is_linear=0
shrinkage=0.025


Tree=71
num_leaves=7
num_cat=0
split_feature=21 19 13 27 6 26
split_gain=15.3418 7.11479 2.10609 0.672555 0.602729 0.105009
threshold=0.94733256101608287 0.24769496917724612 2.9648406505584721 0.73340532183647167 3.1927362680435185 -1.0079506635665891
decision_type=2 2 2 2 2 2
left_child=1 3 -3 -1 -2 -6
right_child=4 2 -4 -5 5 -7
leaf_value=-0.021659584476241826 0.018889227872249312 -0.0067531371218982192 0.012148313300846609 0 0.002353873061373224 -0.0025204844557967601
leaf_weight=13.089951843547169 11.666682156268505 1.5045932216162317 4.6129451905726455 0.67891421748208891 0.55170252310927026 0.48891566431848221
leaf_count=5214 271 391 327 87 39 105
internal_value=0 -0.0127074 0.00599095 -0.0207309 0.0177359 0
internal_weight=32.5937 19.8864 6.11754 13.7689 12.7073 1.04062
internal_count=6434 6019 718 5301 415 144
is_linear=0
shrinkage=0.025


Tree=72
num_leaves=7
num_cat=0
split_feature=21 6 26 24 27 22
split_gain=14.5104 4.43732 2.57585 1.46092 0.749336 0.202534
threshold=0.22217440605163577 3.2911256551742558 -0.84853374958038319 -4.7598583698272696 0.73340532183647167 1.0423915982246401
decision_type=2 2 2 2 2 2
left_child=3 2 -2 -1 -5 -3
right_child=1 5 -4 4 -6 -7
leaf_value=0.0019158133649758763 0.020234468070662266 -0.0083340970216434808 -0.0017878503560203049 -0.019873627942748422 4.153535870742968e-05 0.00010312414997363552
leaf_weight=0.83996241673594241 14.316079143085521 2.3490516660967837 2.4800864740100232 11.446535452792883 0.58186274481704536 0.37167503323871631
leaf_count=36 408 849 786 4309 66 15
internal_value=3.61465e-05 0.0126661 0.0170318 -0.0169536 -0.0188139 -0.00705164
internal_weight=32.3853 19.5169 16.7962 12.8684 12.0284 2.72073
internal_count=6469 2058 1194 4411 4375 864
is_linear=0
shrinkage=0.025


Tree=73
num_leaves=7
num_cat=0
split_feature=22 17 6 24 5 3
split_gain=13.614 6.74845 1.34678 1.16848 0.847254 0.613438
threshold=0.48874953389167791 0.66221347451210033 3.9463615417480473 0.46367314457893377 -0.19506730884313581 1.1961777806282046
decision_type=2 2 2 2 2 2
left_child=1 4 5 -3 -1 -2
right_child=2 3 -4 -5 -6 -7
leaf_value=0 -0.00048827897686722581 0.011411456485339852 -0.0023486273217587779 -0.004092449575731869 -0.020877009625088018 0.018741914524591223
leaf_weight=1.3011761579837209 0.17576985654886534 3.9833986050216472 0.50864011002704579 0.80753610539250065 13.383572643419031 11.808166879927738
leaf_count=189 85 131 126 373 5229 343
internal_value=-0.000317776 -0.0124634 0.0164099 0.00740446 -0.0194971 0.0180312
internal_weight=31.9683 19.4757 12.4926 4.79093 14.6847 11.9839
internal_count=6476 5922 554 504 5418 428
is_linear=0
shrinkage=0.025


Tree=74
num_leaves=7
num_cat=0
split_feature=22 17 24 12 7 16
split_gain=11.8306 5.98074 1.49977 1.23143 1.01558 0.0428884
threshold=0.48874953389167791 0.52494058012962352 0.44720697402954107 2.6158263683319096 5.0931773185729989 0.89604741334915172
decision_type=2 2 2 2 2 2
left_child=1 4 -3 -2 -1 -5
right_child=3 2 -4 5 -6 -7
leaf_value=-0.020813807175268262 -0.0022060021385606576 0.010668945539380529 -0.0056463419243012909 0.0177002820713065 0 0
leaf_weight=11.86835749179591 0.49727323546539892 4.6130746442358932 1.1458692003798203 10.578554458741561 1.3392975779715914 0.57009610385284837
leaf_count=4771 109 232 584 319 239 127
internal_value=-0.000361089 -0.0117123 0.00572637 0.0157153 -0.0191439 0.0173372
internal_weight=30.6125 18.9666 5.75894 11.6459 13.2077 11.1487
internal_count=6381 5826 816 555 5010 446
is_linear=0
shrinkage=0.025


Tree=75
num_leaves=7
num_cat=0
split_feature=22 17 13 2 24 22
split_gain=13.1189 3.69923 2.73796 1.09809 1.09734 0.145088
threshold=0.23135621845722201 0.52494058012962352 2.9648406505584721 1.5850765109062197 0.44720697402954107 1.6950672864913943
decision_type=2 2 2 2 2 2
left_child=1 -1 5 -4 -3 -2
right_child=2 4 3 -5 -6 -7
leaf_value=-0.019901941973792598 -0.0064172401678223665 0.0083592639297357715 -0.0011024299449565113 0.018201239966710536 -0.0057099462209746921 0.00019542793085527643
leaf_weight=11.688303438277218 1.2907002810388792 2.9194181695638681 0.77724586398107831 13.293743743299272 1.1491949428746009 0.20889306423487131
leaf_count=4747 322 164 144 547 583 3
internal_value=-0.000379654 -0.0145032 0.0136602 0.0167978 0.002739 -0.00509278
internal_weight=31.3275 15.7569 15.5706 14.071 4.06861 1.49959
internal_count=6510 5494 1016 691 747 325
is_linear=0
shrinkage=0.025


Tree=76
num_leaves=7
num_cat=0
split_feature=22 13 26 27 21 26
split_gain=13.5461 3.81043 2.82275 0.74313 0.373659 0.195304
threshold=0.034267753362655647 2.9648406505584721 -0.88249015808105458 0.73340532183647167 1.3347840905189516 -1.1347316503524778
decision_type=2 2 2 2 2 2
left_child=3 4 -3 5 -2 -1
right_child=1 2 -4 -5 -6 -7
leaf_value=0 -0.0088076656098086577 0.019785041640922457 -0.001362831712073424 0.00043240716918109762 0.001131842467399999 -0.018620733987224823
leaf_weight=0.45980173107818778 2.0189509773335916 14.273458011972256 3.518852565553968 0.51677373488200906 0.59995818440802384 10.382126283628166
leaf_count=80 562 424 848 62 33 4436
internal_value=0.000626579 0.01212 0.0159469 -0.0170365 -0.00646186 -0.0181373
internal_weight=31.7699 20.4112 17.7923 11.3587 2.61891 10.8419
internal_count=6445 1867 1272 4578 595 4516
is_linear=0
shrinkage=0.025


Tree=77
num_leaves=7
num_cat=0
split_feature=21 26 6 24 22 5
split_gain=12.623 4.04509 1.94866 1.29239 1.16469 0.750213
threshold=0.18379594385623935 -0.93219599127769459 3.9463615417480473 -4.7598583698272696 0.74295443296432506 -0.19506730884313581
decision_type=2 2 2 2 2 2
left_child=3 2 -2 -1 -3 -5
right_child=1 4 -4 5 -6 -7
leaf_value=0.0017311330050241221 0.019918590827788175 -0.0088225601691920893 -0.0024275081528053622 0.00020264682137190572 0.0051766721264532613 -0.01908209706386221
leaf_weight=0.8133911033510256 12.944564283243382 3.7157912361726622 1.1089242115267541 0.57099180453224185 1.621766782045597 10.43078066554153
leaf_count=34 347 1358 361 86 127 4128
internal_value=0.000461941 0.0120427 0.017653 -0.0161021 -0.00351794 -0.0179401
internal_weight=31.2062 19.391 14.0535 11.8152 5.33756 11.0018
internal_count=6441 2193 708 4248 1485 4214
is_linear=0
shrinkage=0.025


Tree=78
num_leaves=7
num_cat=0
split_feature=22 13 26 17 27 19
split_gain=11.5899 3.98884 2.87181 0.850351 0.710988 0.27952
threshold=0.034267753362655647 2.9648406505584721 -0.88249015808105458 1.0219545364379885 0.73340532183647167 -0.44364613294601435
decision_type=2 2 2 2 2 2
left_child=3 5 -3 4 -1 -2
right_child=1 2 -4 -5 -6 -7
leaf_value=-0.018542852214552867 0.00053818061533183722 0.019379789983900213 -0.0016220566981550268 0.00015737516258513718 0.00020064189060365999 -0.0091384804106143906
leaf_weight=9.6908808459702414 0.31089067281573113 13.692883905489001 3.601138572324996 1.063475102506344 0.55707272540894415 2.0981283370347255
leaf_count=4419 40 414 864 117 69 558
internal_value=0.000443242 0.0113369 0.0153432 -0.0158074 -0.0173824 -0.00752568
internal_weight=31.0145 19.703 17.294 11.3114 10.248 2.40902
internal_count=6481 1876 1278 4605 4488 598
is_linear=0
shrinkage=0.025


Tree=79
num_leaves=7
num_cat=0
split_feature=21 19 13 13 22 3
split_gain=12.882 5.94576 1.6007 1.05317 0.703987 0.187232
threshold=0.94733256101608287 0.28072077035903936 2.9648406505584721 2.2310250997543339 0.78497454524040233 1.1961777806282046
decision_type=2 2 2 2 2 2
left_child=1 4 -3 -2 -1 -5
right_child=3 2 -4 5 -6 -7
leaf_value=-0.02065781272922312 -0.0017259497394513726 -0.0058087865479563875 0.011069703854424857 0 7.7992036717204236e-05 0.017973056751626755
leaf_weight=12.818390597123656 0.3997436425415789 1.27570701172226 4.038377387681976 0.22785478227888134 0.41483718395466063 10.676770353136815
leaf_count=5418 91 354 286 58 21 280
internal_value=-0.000764292 -0.0126477 0.00556016 0.0162491 -0.0198219 0.0176365
internal_weight=29.8517 18.5473 5.31408 11.3044 13.2332 10.9046
internal_count=6508 6079 640 429 5439 338
is_linear=0
shrinkage=0.025


Tree=80
num_leaves=7
num_cat=0
split_feature=21 27 22 6 22 27
split_gain=11.0837 2.85974 2.32491 1.25628 0.900979 0.736251
threshold=0.31186422705650335 0.16958870738744738 0.91675469279289257 4.6479361057281503 0.74295443296432506 0.73340532183647167
decision_type=2 2 2 2 2 2
left_child=2 3 5 -2 -3 -1
right_child=1 4 -4 -5 -6 -7
leaf_value=-0.019142250664172598 0.018551777497315191 -0.0074077220306330753 0.0038055406540889528 -0.0020121844839408073 0.0049417171650948588 0.00014969830121563303
leaf_weight=10.674597087607253 11.014081333763897 3.1005895579000926 1.3368788021616627 0.4753171461925384 1.6694712656317277 0.56970487293438132
leaf_count=4596 401 1009 47 142 124 70
internal_value=-0.000105612 0.01189 -0.0149363 0.0169698 -0.00212878 -0.0180348
internal_weight=28.8406 16.2595 12.5812 11.4894 4.77006 11.2443
internal_count=6389 1676 4713 543 1133 4666
is_linear=0
shrinkage=0.025


Tree=81
num_leaves=7
num_cat=0
split_feature=21 27 13 22 24 27
split_gain=11.7296 3.94563 1.75675 1.28771 0.846266 0.719735
threshold=0.18379594385623935 0.16958870738744738 2.2310250997543339 0.74295443296432506 -4.7598583698272696 0.73340532183647167
decision_type=2 2 2 2 2 2
left_child=4 2 -2 -3 -1 -6
right_child=1 3 -4 -5 5 -7
leaf_value=0.00070673610974236007 -0.0029448261951838524 -0.0090596627826427436 0.019234300139902107 0.0055120940714020331 -0.018606772910722678 0.00020822758371927819
leaf_weight=0.64666297932854178 0.64201180418604309 3.8423965072433921 12.580157436546868 1.7599254895758347 9.9970412564289255 0.56152263248805034
leaf_count=34 203 1434 478 128 4139 64
internal_value=0.000136505 0.0114349 0.0173019 -0.00345187 -0.0161305 -0.0174591
internal_weight=30.0297 18.8245 13.2222 5.60232 11.2052 10.5586
internal_count=6480 2243 681 1562 4237 4203
is_linear=0
shrinkage=0.025


Tree=82
num_leaves=7
num_cat=0
split_feature=22 17 6 2 27 12
split_gain=12.162 2.71929 2.21204 0.880672 0.756519 0.498883
threshold=0.23135621845722201 0.82944732904434215 4.1095016002655038 1.5850765109062197 0.73340532183647167 3.0122863054275517
decision_type=2 2 2 2 2 2
left_child=1 4 3 -2 -1 -3
right_child=2 5 -4 -5 -6 -7
leaf_value=-0.019525501752476158 -0.00074842716021270321 -0.0032273524963373074 -0.0047899170373401165 0.01720314274560706 0.00013655233724965186 0.0068190948646839741
leaf_weight=11.06252059948747 0.71864336589351197 0.63455813069594968 1.0027823024138331 13.159222475194836 0.57413128172629591 1.910590626648627
leaf_count=5096 145 144 257 650 78 101
internal_value=-0.000134032 -0.0144761 0.0134232 0.0159905 -0.0184302 0.00300713
internal_weight=29.0624 14.1818 14.8806 13.8779 11.6367 2.54515
internal_count=6471 5419 1052 795 5174 245
is_linear=0
shrinkage=0.025


Tree=83
num_leaves=7
num_cat=0
split_feature=27 6 22 22 0 1
split_gain=10.3885 4.78692 2.13248 1.36603 0.588859 0.219852
threshold=0.16958870738744738 4.1095016002655038 0.74295443296432506 0.034267753362655647 0.20302995294332507 6.4543018341064462
decision_type=2 2 2 2 2 2
left_child=1 3 4 -1 -2 -3
right_child=2 5 -4 -5 -6 -7
leaf_value=-0.001499750333963635 0 -0.0092288387175537816 0.0034023401448429074 0.018941610714100072 -0.018476670280623022 4.0358471238775265e-05
leaf_weight=0.90722388844006019 0.66453109754365769 2.3686996778706084 1.4369618517230254 12.258467573672531 10.435202901717274 0.35659474949352432
leaf_count=492 96 955 145 336 4360 32
internal_value=-7.4899e-05 0.0116799 -0.0144132 0.0171639 -0.0174481 -0.00796583
internal_weight=28.4277 15.891 12.5367 13.1657 11.0997 2.72529
internal_count=6416 1815 4601 828 4456 987
is_linear=0
shrinkage=0.025


Tree=84
num_leaves=7
num_cat=0
split_feature=22 21 26 27 24 26
split_gain=10.7115 3.36755 2.07362 0.674786 0.305927 0.0477495
threshold=0.034267753362655647 0.18379594385623935 -0.88249015808105458 0.73340532183647167 -4.7598583698272696 -0.35134677588939661
decision_type=2 2 2 2 2 2
left_child=3 4 -3 -1 -2 -5
right_child=1 2 -4 5 -6 -7
leaf_value=-0.017757332580350282 0.00077538852242477533 0.017838569340834342 -0.0013107409063128368 0.0022606057225094552 -0.0083433891855061223 -0.00080491196027235995
leaf_weight=9.5164182522858027 0.61530261149164323 12.651837133191293 2.8777871277707137 0.21834026637952775 2.136413385334893 0.33684048047871407
leaf_count=4506 36 494 668 8 698 56
internal_value=-2.70439e-05 0.0104427 0.0145306 -0.0166055 -0.00631316 0.000225181
internal_weight=28.3529 18.2813 15.5296 10.0716 2.75172 0.555181
internal_count=6466 1896 1162 4570 734 64
is_linear=0
shrinkage=0.025


Tree=85
num_leaves=7
num_cat=0
split_feature=22 13 26 5 17 0
split_gain=10.2155 3.52857 2.22867 0.648188 0.493221 0.215361
threshold=0.034267753362655647 2.9648406505584721 -0.88249015808105458 -0.19506730884313581 1.1159101724624636 3.5938054323196416
decision_type=2 2 2 2 2 2
left_child=3 5 -3 -1 -5 -2
right_child=1 2 -4 4 -6 -7
leaf_value=0.00035354085653586899 0.00019740678326482121 0.018460324077446001 -0.00092701285045696132 -0.017803049699400057 0 -0.0084918924787348565
leaf_weight=0.54002798628062265 0.34259302020655313 12.423236396018183 3.367803456494582 8.8450842278543824 0.82870582462055686 1.9154388803872278
leaf_count=72 33 410 844 4401 84 557
internal_value=0.000217678 0.0108447 0.0147964 -0.0155431 -0.0166746 -0.00708463
internal_weight=28.2629 18.0491 15.791 10.2138 9.67379 2.25803
internal_count=6401 1844 1254 4557 4485 590
is_linear=0
shrinkage=0.025


Tree=86
num_leaves=7
num_cat=0
split_feature=21 19 13 7 12 3
split_gain=10.1777 5.28852 1.38459 0.881777 0.761048 0.18594
threshold=0.94733256101608287 0.34236119687557226 2.9648406505584721 5.0931773185729989 2.8747087717056279 1.10604465007782
decision_type=2 2 2 2 2 2
left_child=1 3 -3 -1 -2 -6
right_child=4 2 -4 -5 5 -7
leaf_value=-0.019514774251577174 -0.00064455239709145255 -0.0050664382135964343 0.010965031857612301 0 0 0.01701544423047955
leaf_weight=11.292351028329 0.61567342659691249 1.1202652544307046 3.9595351729367394 1.3178754006221414 0.22205394943011825 9.6245284791511931
leaf_count=5292 81 307 231 255 47 294
internal_value=-0.000140401 -0.0109429 0.00605008 -0.0179174 0.0153529 0.0166544
internal_weight=28.1523 17.69 5.0798 12.6102 10.4623 9.84658
internal_count=6507 6085 538 5547 422 341
is_linear=0
shrinkage=0.025


Tree=87
num_leaves=7
num_cat=0
split_feature=22 17 13 13 7 25
split_gain=9.00538 3.70122 1.49229 1.46138 1.02366 0.603453
threshold=0.39657014608383184 0.52494058012962352 3.5581232309341435 2.9648406505584721 5.0931773185729989 0.31732405722141271
decision_type=2 2 2 2 2 2
left_child=1 4 -3 -2 -1 -5
right_child=3 2 -4 5 -6 -7
leaf_value=-0.019321554509710522 -0.0032258111193331825 -0.0063743011945477006 0.0099301872718427706 0.016841473960489177 1.8046465577035022e-06 0
leaf_weight=10.149414966610495 0.67963785928441112 1.2335740886919655 3.3053687085048296 9.2483772159321198 1.2094055532943446 0.77965928340563628
leaf_count=4746 193 512 248 271 241 186
internal_value=-0.000866019 -0.011662 0.00382529 0.0133749 -0.0175104 0.0156148
internal_weight=26.6054 15.8978 4.53894 10.7077 11.3588 10.028
internal_count=6397 5747 760 650 4987 457
is_linear=0
shrinkage=0.025


Tree=88
num_leaves=7
num_cat=0
split_feature=21 19 26 12 3 2
split_gain=10.4822 5.18922 0.874359 0.67559 0.474854 0.22339
threshold=0.94733256101608287 0.50878581404685985 -1.0349369049072263 2.4489061832427983 5.9491984844207773 1.5850765109062197
decision_type=2 2 2 2 2 2
left_child=1 2 -1 -3 5 -2
right_child=4 3 -4 -5 -6 -7
leaf_value=0 0 -0.0024070343342082528 -0.019192490173861185 0.01028072754568269 0 0.016955524670713863
leaf_weight=2.1062223034969092 0.074526786338535156 0.55839520887820926 11.150209014143913 3.3089015112200286 0.70504085667198602 10.097720475081585
leaf_count=463 22 152 5252 128 58 348
internal_value=2.14249e-05 -0.010939 -0.0172024 0.00741966 0.0156808 0.0166396
internal_weight=28.001 17.1237 13.2564 3.8673 10.8773 10.1722
internal_count=6423 5995 5715 280 428 370
is_linear=0
shrinkage=0.025


Tree=89
num_leaves=7
num_cat=0
split_feature=21 26 22 5 5 22
split_gain=8.32827 2.51149 2.26288 1.62582 0.70702 0.467143
threshold=0.31186422705650335 -0.88249015808105458 0.8592553734779359 4.141651153564454 -0.19506730884313581 0.78497454524040233
decision_type=2 2 2 2 2 2
left_child=2 3 4 -2 -1 -3
right_child=1 5 -4 -5 -6 -7
leaf_value=0.00021275830102738099 0.016922308957489363 -0.0073282173533579424 0.0039872833397473694 -0.0029556678975565321 -0.018255609250372156 0.0023859511616115513
leaf_weight=0.57402706838911299 10.749409452022515 2.2196870215993836 1.4213033169507969 0.88737232642597597 9.590982441572125 0.93405632884241629
leaf_count=101 537 824 55 220 4595 92
internal_value=-0.00053261 0.0103138 -0.0136907 0.0145981 -0.0170743 -0.00398578
internal_weight=26.3768 14.7905 11.5863 11.6368 10.165 3.15374
internal_count=6424 1673 4751 757 4696 916
is_linear=0
shrinkage=0.025


Tree=90
num_leaves=6
num_cat=0
split_feature=21 24 27 17 13
split_gain=9.40774 4.48111 1.33964 1.11306 0.306915
threshold=0.94733256101608287 -3.3349294662475581 0.26005317270755773 0.66221347451210033 2.5965435504913335
decision_type=2 2 2 2 2
left_child=1 -1 4 -3 -2
right_child=2 3 -4 -5 -6
leaf_value=0.0069853596279755917 0 -0.019143532760771069 -0.0029883388967365449 0 0.016774927214636786
leaf_weight=2.9635551893443379 0.5320634844247224 11.664118323955334 0.48003639996750358 1.5335026631655644 8.8767365186940861
leaf_count=185 83 5480 169 377 168
internal_value=-0.00119161 -0.0119051 0.0140156 -0.0172442 0.0160529
internal_weight=26.05 16.1612 9.88884 13.1976 9.4088
internal_count=6462 6042 420 5857 251
is_linear=0
shrinkage=0.025


Tree=91
num_leaves=7
num_cat=0
split_feature=21 19 13 7 12 3
split_gain=9.19165 4.79384 1.53392 0.923586 0.866441 0.21034
threshold=0.94733256101608287 0.24769496917724612 2.9648406505584721 5.0931773185729989 2.8747087717056279 1.10604465007782
decision_type=2 2 2 2 2 2
left_child=1 3 -3 -1 -2 -6
right_child=4 2 -4 -5 5 -7
leaf_value=-0.019202189944097194 -0.00093928616488080726 -0.0056135811124711811 0.010922379324662612 0 0 0.017100590990631704
leaf_weight=9.7691927165433352 0.65670320042408903 1.281820595730095 4.0243565378768835 1.2655916821531707 0.2195891864830618 9.4603013270534557
leaf_count=4985 89 400 342 262 52 284
internal_value=0.000357829 -0.010126 0.0055359 -0.0174248 0.015237 0.0167063
internal_weight=26.6776 16.341 5.30618 11.0348 10.3366 9.67989
internal_count=6414 5989 742 5247 425 336
is_linear=0
shrinkage=0.025


Tree=92
num_leaves=7
num_cat=0
split_feature=21 22 17 12 6 12
split_gain=8.66066 3.92949 0.933414 0.834275 0.341546 0.108694
threshold=0.94733256101608287 0.74295443296432506 0.55315044522285473 2.8747087717056279 -0.72159233689308155 2.6158263683319096
decision_type=2 2 2 2 2 2
left_child=1 2 -1 -2 -5 -3
right_child=3 5 -4 4 -6 -7
leaf_value=-0.01761365579784081 -0.001014544344638775 0 0 0 0.016419178711721105 0.0078655971835375638
leaf_weight=11.153052273555664 0.66898919036611815 0.39733805877040085 2.2592672374157692 0.1089179037953717 9.0201976043754239 2.4202260923921131
leaf_count=5286 87 53 617 58 273 77
internal_value=-0.000169691 -0.0105505 -0.0155077 0.014358 0.0158872 0.00707342
internal_weight=26.028 16.2299 13.4123 9.7981 9.12912 2.81756
internal_count=6451 6033 5903 418 331 130
is_linear=0
shrinkage=0.025


Tree=93
num_leaves=7
num_cat=0
split_feature=22 27 5 13 0 25
split_gain=9.52831 2.78777 1.29868 1.04672 0.5616 0.454598
threshold=0.48874953389167791 0.12957300245761874 3.6603866815567021 2.5965435504913335 0.20302995294332507 0.31732405722141271
decision_type=2 2 2 2 2 2
left_child=1 2 -1 -2 -3 -5
right_child=3 4 -4 5 -6 -7
leaf_value=0.0085436092877572267 -0.0019818054280920246 0 -0.0063280777892380921 0.016994819234673421 -0.017527249681269164 0
leaf_weight=3.241048514959405 0.46359742301865381 0.65797472221311082 1.5568722243042428 9.8399121850088669 10.061160292039856 0.57529607581091191
leaf_count=286 112 99 734 288 4772 158
internal_value=0 -0.0112267 0.00231334 0.0145666 -0.0164929 0.0161125
internal_weight=26.3959 15.5171 4.79792 10.8788 10.7191 10.4152
internal_count=6449 5891 1020 558 4871 446
is_linear=0
shrinkage=0.025


Tree=94
num_leaves=7
num_cat=0
split_feature=27 6 24 27 25 24
split_gain=7.96833 4.29162 1.35218 0.506485 0.369221 0.21794
threshold=0.16958870738744738 3.3615400791168217 -3.8422269821166988 0.73340532183647167 -4.6009182929992667 -0.12502338364720342
decision_type=2 2 2 2 2 2
left_child=1 5 -2 -4 -3 -1
right_child=2 4 3 -5 -6 -7
leaf_value=0.017910840966346171 0.0024049016721244174 0.0011260273680960583 -0.015883731181881352 0 -0.0084389941240140959 0
leaf_weight=10.274870155408278 1.2283547192346294 0.70639586428296697 9.6334748106601147 0.60772959559108208 2.8239064614317613 0.95679554124945099
leaf_count=229 140 48 4418 90 1307 259
internal_value=0.00021263 0.0110554 -0.0124828 -0.0148816 -0.00625421 0.0171317
internal_weight=26.2315 14.762 11.4696 10.2412 3.5303 11.2317
internal_count=6491 1843 4648 4508 1355 488
is_linear=0
shrinkage=0.025


Tree=95
num_leaves=6
num_cat=0
split_feature=21 26 13 22 24
split_gain=8.65265 3.17588 1.4556 1.17432 1.05562
threshold=0.18379594385623935 -0.93219599127769459 2.2310250997543339 0.74295443296432506 -4.7598583698272696
decision_type=2 2 2 2 2
left_child=4 2 -2 -3 -1
right_child=1 3 -4 -5 -6
leaf_value=0.0013368763824349636 -0.0027286680721066506 -0.0092766932276171759 0.017316994158632498 0.0049059809825952099 -0.017300317585123931
leaf_weight=0.72564939688891428 0.61579376395093532 3.3001481907995176 10.645696328007032 1.724853225139668 8.6309937466576212
leaf_count=34 199 1411 495 130 4206
internal_value=-0.000336427 0.00964729 0.0153346 -0.00376618 -0.0154574
internal_weight=25.6431 16.2865 11.2615 5.025 9.35664
internal_count=6475 2235 694 1541 4240
is_linear=0
shrinkage=0.025


Tree=96
num_leaves=7
num_cat=0
split_feature=22 21 19 6 5 1
split_gain=7.87329 3.77423 0.902976 0.659608 0.350424 0.335344
threshold=0.57076480984687816 0.94733256101608287 0.24769496917724612 3.7464358806610112 4.066361904144288 2.192917108535767
decision_type=2 2 2 2 2 2
left_child=1 2 -1 5 -3 -2
right_child=3 4 -4 -5 -6 -7
leaf_value=-0.017753620416139794 0 0.0083096683773387948 0 -0.00066122252094957584 -0.0012760706504884236 0.015794181473346377
leaf_weight=10.022322206845276 0.11426708960788978 2.9171008407138284 2.4749750145419958 0.565903373819311 0.34512006439035747 8.6029681415529904
leaf_count=5247 31 143 537 110 71 316
internal_value=-0.000195351 -0.0101721 -0.0154387 0.0139359 0.00638058 0.0152348
internal_weight=25.0427 15.7595 12.4973 9.28314 3.26222 8.71724
internal_count=6455 5998 5784 457 214 347
is_linear=0
shrinkage=0.025


Tree=97
num_leaves=7
num_cat=0
split_feature=21 6 2 19 0 8
split_gain=8.26051 2.64768 1.15403 1.02412 0.634614 0.12481
threshold=0.35213902592659002 3.3615400791168217 1.5850765109062197 0.63379478454589855 0.20302995294332507 -0.96212852001190174
decision_type=2 2 2 2 2 2
left_child=3 2 -2 4 -1 -3
right_child=1 5 -4 -5 -6 -7
leaf_value=0.00012386072625951829 -0.0023454146717203513 0 0.01605047150223254 0.00093541601389175624 -0.017209444205579818 -0.0064889111321193814
leaf_weight=0.60346906396444211 0.46578597242478181 0.35103974654339287 11.744917821604757 1.2276867610926263 8.5718664150335808 1.7701027296425298
leaf_count=97 187 19 746 162 4641 622
internal_value=-0.000109276 0.0106066 0.0145081 -0.0139287 -0.0159869 -0.00539223
internal_weight=24.7349 14.3318 12.2107 10.403 9.17534 2.12114
internal_count=6474 1574 933 4900 4738 641
is_linear=0
shrinkage=0.025


Tree=98
num_leaves=7
num_cat=0
split_feature=21 26 13 24 27 22
split_gain=8.52657 2.41711 1.60819 1.1388 0.654184 0.476639
threshold=0.31186422705650335 -0.88249015808105458 2.2310250997543339 -4.7598583698272696 0.73340532183647167 0.963395655155182
decision_type=2 2 2 2 2 2
left_child=3 2 -2 -1 -5 -3
right_child=1 5 -4 4 -6 -7
leaf_value=0.0017116556924952342 -0.0031961680740287021 -0.0072290703873985548 0.016854800392389162 -0.017375812395134652 0.00019719947772033487 0.0026183327807245932
leaf_weight=0.87446770764654402 0.70221982841030595 2.1605210874404288 11.273132325746699 8.7485239627858391 0.57737032379373054 0.78724009171128262
leaf_count=42 221 849 577 4684 79 61
internal_value=0 0.0107008 0.0147158 -0.01416 -0.0161625 -0.00382007
internal_weight=25.1235 14.9231 11.9754 10.2004 9.32589 2.94776
internal_count=6513 1708 798 4805 4763 910
is_linear=0
shrinkage=0.025


Tree=99
num_leaves=7
num_cat=0
split_feature=21 24 17 5 13 15
split_gain=7.42969 3.87216 1.3307 0.655264 0.159063 0.142537
threshold=0.94733256101608287 -3.5142350196838374 0.82944732904434215 4.066361904144288 3.0550500154495244 -0.43900752067565912
decision_type=2 2 2 2 2 2
left_child=1 4 -3 5 -1 -2
right_child=3 2 -4 -5 -6 -7
leaf_value=0 0 -0.017207999080753135 0.0014120262158806151 -0.00062801176403369182 0.0082572362030970368 0.015555250349905708
leaf_weight=0.4206826612062281 0.32735790692095079 11.031028478188093 1.278361787641187 0.59307952545350495 2.5183477761747781 8.3035901541443273
leaf_count=70 38 5700 169 76 85 300
internal_value=0 -0.00974011 -0.0150639 0.013835 0.00721435 0.0151532
internal_weight=24.4724 15.2484 12.3094 9.22403 2.93903 8.63095
internal_count=6438 6024 5869 414 155 338
is_linear=0
shrinkage=0.025


Tree=100
num_leaves=7
num_cat=0
split_feature=24 26 6 25 27 13
split_gain=8.31074 2.13073 1.25286 0.837019 0.704068 0.626047
threshold=-1.7362994551658628 -1.0283769965171812 4.1095016002655038 0.31732405722141271 0.73340532183647167 4.4407367706298837
decision_type=2 2 2 2 2 2
left_child=2 5 3 -1 -3 -2
right_child=1 4 -4 -5 -6 -7
leaf_value=0.015954079013033105 -0.0039021135923171637 -0.017668236453446801 -0.0029667556210259717 -0.00063704765242409149 0.00036966255963193453 0.0071463008212092772
leaf_weight=9.688115043070864 0.98418924937141072 9.2197858532745123 0.66470373360789459 0.94618102893582623 0.53666764101944942 1.7655650610104201
leaf_count=409 469 5046 201 232 76 36
internal_value=-0.000362869 -0.0124495 0.0123469 0.0143465 -0.0164634 0.00241914
internal_weight=23.8052 12.5062 11.299 10.6343 9.75645 2.74975
internal_count=6469 5627 842 641 5122 505
is_linear=0
shrinkage=0.025


Tree=101
num_leaves=7
num_cat=0
split_feature=21 19 13 12 27 22
split_gain=8.22346 3.79459 1.22554 0.697054 0.666735 0.0231122
threshold=0.94733256101608287 0.24769496917724612 2.9648406505584721 2.8747087717056279 0.73340532183647167 1.6950672864913943
decision_type=2 2 2 2 2 2
left_child=1 4 -3 5 -1 -2
right_child=3 2 -4 -5 -6 -7
leaf_value=-0.017806835171431223 -0.0017472985995100672 -0.0051784121160190792 0.009669537344280622 0.015940005632538824 0.00018386212170850609 0
leaf_weight=9.3889777100848733 0.4080629960517389 1.2013760635163624 3.6111689299577847 9.1619635799579537 0.55948580140830095 0.18507459113607183
leaf_count=5191 82 398 325 333 80 2
internal_value=0.00040809 -0.0100095 0.00457605 0.0146453 -0.0166539 -0.000607767
internal_weight=24.5161 14.761 4.81254 9.7551 9.94846 0.593138
internal_count=6411 5994 723 417 5271 84
is_linear=0
shrinkage=0.025


Tree=102
num_leaves=5
num_cat=0
split_feature=22 6 26 25
split_gain=7.84952 2.60858 1.94487 0.220527
threshold=0.034267753362655647 3.1927362680435185 -0.88249015808105458 -4.6009182929992667
decision_type=2 2 2 2
left_child=-1 2 -2 -3
right_child=1 3 -4 -5
leaf_value=-0.016897943172895346 0.016420160668849063 0.00020463200033165251 -0.0019791332201471996 -0.0076763210592274179
leaf_weight=7.8307263439346597 9.3588687121664389 0.80278183845803175 2.7268949648423577 1.9350352651381388
leaf_count=4577 283 72 804 707
internal_value=-0.00174941 0.00818138 0.0125386 -0.00591874
internal_weight=22.6543 14.8236 12.0858 2.73782
internal_count=6443 1866 1087 779
is_linear=0
shrinkage=0.025


Tree=103
num_leaves=7
num_cat=0
split_feature=25 13 17 18 16 19
split_gain=7.516 3.51158 0.910505 0.377387 0.302987 0.147622
threshold=0.48533590137958532 2.9648406505584721 1.1159101724624636 0.34167301654815679 -1.1899354457855222 -0.4314271062612533
decision_type=2 2 2 2 2 2
left_child=1 4 3 -2 -1 -3
right_child=2 5 -4 -5 -6 -7
leaf_value=0.0006197382431028202 -0.0171590642413663 0 0.00097741101717934071 0 -0.0088127338918948164 0.015206269356411051
leaf_weight=0.57309083070140276 8.1805906978261138 0.16243365127593357 0.85904615567415099 0.88990392886626146 2.1144391241832672 10.47626400768058
leaf_count=27 4661 93 80 154 761 685
internal_value=-0.00120269 0.00950849 -0.0143667 -0.016095 -0.00689348 0.0149308
internal_weight=23.2558 13.3262 9.92954 9.07049 2.68753 10.6387
internal_count=6461 1566 4895 4815 788 778
is_linear=0
shrinkage=0.025


Tree=104
num_leaves=7
num_cat=0
split_feature=27 6 24 21 21 21
split_gain=7.64914 3.71122 1.72536 0.493529 0.31843 0.255771
threshold=0.16958870738744738 3.3615400791168217 -3.6482713222503658 1.8244875073432925 0.0073586713988333949 1.0043461918830874
decision_type=2 2 2 2 2 2
left_child=1 4 -2 -3 -1 -4
right_child=2 3 5 -5 -6 -7
leaf_value=0 0.0027987615276130096 -0.0084448103779407851 -0.017334483217551756 0.0021730126284376797 0.017288409741999203 0
leaf_weight=0.63989423679595603 1.4155200914537989 2.8014927221665853 7.916978667402871 0.49970039690379042 9.4935871055204171 0.89858629394439038
leaf_count=184 157 1352 4348 9 287 120
internal_value=-4.58319e-06 0.0106409 -0.0132979 -0.0057439 0.0165257 -0.0164125
internal_weight=23.6658 13.4347 10.2311 3.30119 10.1335 8.81556
internal_count=6457 1832 4625 1361 471 4468
is_linear=0
shrinkage=0.025


Tree=105
num_leaves=7
num_cat=0
split_feature=22 26 6 22 5 21
split_gain=5.90106 2.60041 2.15593 0.621834 0.574085 0.574264
threshold=0.034267753362655647 -0.88249015808105458 4.1095016002655038 0.78497454524040233 -0.19506730884313581 1.3347840905189516
decision_type=2 2 2 2 2 2
left_child=4 2 -2 -3 -1 -6
right_child=1 3 -4 -5 5 -7
leaf_value=0.00072049942177039735 0.016442609518896641 -0.0086119407033394234 -0.0045164515133376028 0.0026804112337256397 -0.015199696604649241 0.00030269909558401425
leaf_weight=0.49306875382899296 10.671776928866164 2.268753667682176 1.0208721366070665 1.0445456302550153 7.2153267625399184 0.60488476807950053
leaf_count=77 481 919 337 118 4505 33
internal_value=0.0001441 0.00888964 0.0134336 -0.00482915 -0.0125825 -0.0138627
internal_weight=23.3192 15.0059 11.6926 3.3133 8.31328 7.82021
internal_count=6470 1855 818 1037 4615 4538
is_linear=0
shrinkage=0.025


Tree=106
num_leaves=7
num_cat=0
split_feature=21 26 13 5 22 22
split_gain=6.85029 2.62304 1.52048 0.679915 0.487219 0.432913
threshold=0.18379594385623935 -0.88249015808105458 2.2310250997543339 -0.19506730884313581 1.1152496933937075 0.78497454524040233
decision_type=2 2 2 2 2 2
left_child=3 2 -2 -1 -5 -3
right_child=1 5 -4 4 -6 -7
leaf_value=0.00089474458007712549 -0.0031301610881842115 -0.0074664185020617869 0.016189044736057978 -0.016151721506336071 0.00019861563729742872 0.0020223685362628411
leaf_weight=0.46638246753718693 0.72352768809650925 2.4556036060821493 10.813667589973191 7.3671254020009673 0.30755593522917468 0.87580628442810837
leaf_count=88 258 1148 727 4145 11 112
internal_value=1.79871e-05 0.00946513 0.0140195 -0.0137968 -0.0151835 -0.00450507
internal_weight=23.0097 14.8686 11.5372 8.14106 7.67468 3.33141
internal_count=6489 2245 985 4244 4156 1260
is_linear=0
shrinkage=0.025


Tree=107
num_leaves=7
num_cat=0
split_feature=27 13 19 24 0 21
split_gain=6.05227 4.06702 1.50882 0.603784 0.565302 0.279419
threshold=0.16958870738744738 2.9648406505584721 0.55844023823738109 0.19656626880168918 0.20302995294332507 1.8244875073432925
decision_type=2 2 2 2 2 2
left_child=1 5 4 -3 -2 -1
right_child=2 3 -4 -5 -6 -7
leaf_value=-0.0094201491198416115 8.9852757009270691e-05 0.016561843507570655 0.0029059528705707733 -0.0001549435596407375 -0.016083072457594497 0.00050407771086676976
leaf_weight=2.4025211413099927 0.60121458335197431 9.7121071815927245 1.2862955063610559 0.58311962931475214 8.2498417338792915 0.25070277927443374
leaf_count=1125 100 355 139 353 4439 7
internal_value=-0.000217859 0.0094414 -0.0120118 0.0154653 -0.0148974 -0.00794908
internal_weight=23.0858 12.9485 10.1374 10.2952 8.85106 2.65322
internal_count=6518 1840 4678 708 4539 1132
is_linear=0
shrinkage=0.025


Tree=108
num_leaves=7
num_cat=0
split_feature=21 27 13 22 22 27
split_gain=5.89585 2.58146 1.0206 0.948366 0.643227 0.675072
threshold=0.18379594385623935 0.12957300245761874 2.2310250997543339 0.74295443296432506 0.8592553734779359 0.73340532183647167
decision_type=2 2 2 2 2 2
left_child=4 2 -2 -3 5 -1
right_child=1 3 -4 -5 -6 -7
leaf_value=-0.015511521305825096 -0.0017564485666633244 -0.0073721958163901194 0.01677084581447898 0.0049201851023206213 0.00069516771836095829 0.00080068744561502872
leaf_weight=6.9676132623280882 0.46015197814267494 3.8907773607934351 8.5162624539516383 1.9382800313178448 0.72394188327598374 0.4762429388356394
leaf_count=4149 150 1593 319 149 47 64
internal_value=0.000300634 0.00905971 0.0150853 -0.0023231 -0.0125133 -0.0140633
internal_weight=22.9733 14.8055 8.97641 5.82906 8.1678 7.44386
internal_count=6471 2211 469 1742 4260 4213
is_linear=0
shrinkage=0.025


Tree=109
num_leaves=7
num_cat=0
split_feature=27 13 22 12 22 21
split_gain=5.39891 3.1144 1.45034 0.57968 0.48897 0.28923
threshold=0.16958870738744738 2.9648406505584721 0.74295443296432506 5.893489122390748 0.034267753362655647 1.3347840905189516
decision_type=2 2 2 2 2 2
left_child=1 5 3 -2 -3 -1
right_child=2 4 -4 -5 -6 -7
leaf_value=-0.0080161182822363463 -0.015107315076951136 0 0.003117923232331649 0 0.016227911069506894 0.00083283299334368848
leaf_weight=2.0299451321770934 7.6456079025519994 0.84494103174074453 1.4960212381265581 1.2913504956959512 8.9426266475347784 0.50904904195340339
leaf_count=1041 4144 418 154 356 291 29
internal_value=0.00014582 0.00988898 -0.0104351 -0.0134569 0.0150875 -0.00603724
internal_weight=22.7595 12.3266 10.433 8.93696 9.78757 2.53899
internal_count=6433 1779 4654 4500 709 1070
is_linear=0
shrinkage=0.025


Tree=110
num_leaves=7
num_cat=0
split_feature=24 17 7 2 13 25
split_gain=6.06249 2.96143 0.983237 0.954768 0.824324 0.232381
threshold=-2.8150448799133296 0.66221347451210033 5.0931773185729989 3.9948598146438603 3.0550500154495244 0.22050983458757403
decision_type=2 2 2 2 2 2
left_child=4 2 -2 -3 -1 -6
right_child=1 3 -4 -5 5 -7
leaf_value=-0.0017874754947177496 -0.017255053714862512 0.008861404257490213 0.00064893422219848313 -0.0046414371351903962 0.014811670403601804 0
leaf_weight=0.42905794174294154 8.6681652525730879 3.0496282224194142 1.0600560496241076 0.85322380653815333 7.1678003882843768 0.55125562564353447
leaf_count=128 5223 229 241 283 210 124
internal_value=-0.000448969 -0.00974172 -0.0153218 0.00425859 0.0124144 0.0140875
internal_weight=21.7792 13.6311 9.72822 3.90285 8.14811 7.71906
internal_count=6438 5976 5464 512 462 334
is_linear=0
shrinkage=0.025


Tree=111
num_leaves=7
num_cat=0
split_feature=21 25 6 7 5 26
split_gain=5.58048 1.26886 1.16847 0.846509 0.793712 0.0981732
threshold=0.94733256101608287 0.48533590137958532 3.1927362680435185 5.0931773185729989 3.7742452621459965 -0.67788591980934132
decision_type=2 2 2 2 2 2
left_child=1 2 -1 -3 5 -2
right_child=4 3 -4 -5 -6 -7
leaf_value=0.0065157857359797351 0.014168974506540505 -0.015648140614123365 -0.0072343449347141223 0.00066340590795264422 -0.0017936842422733965 0
leaf_weight=3.4860850739496545 7.1624356864340371 6.8736140795663232 2.0700089815072715 1.0659005108609561 0.41380923078395415 0.5509347269544359
leaf_count=423 246 4399 863 247 96 90
internal_value=-0.000267762 -0.00926594 0 -0.0135651 0.0120361 0.0136833
internal_weight=21.6228 13.4956 5.55609 7.93951 8.12718 7.71337
internal_count=6364 5932 1286 4646 432 336
is_linear=0
shrinkage=0.025


Tree=112
num_leaves=7
num_cat=0
split_feature=22 6 3 8 26 22
split_gain=6.03153 2.56972 1.827 0.350661 0.156582 0.135777
threshold=0.034267753362655647 3.3615400791168217 1.51239550113678 -0.96212852001190174 -1.1347316503524778 0.963395655155182
decision_type=2 2 2 2 2 2
left_child=3 2 -2 -1 -5 -3
right_child=1 5 -4 4 -6 -7
leaf_value=0 -0.0033550654835857101 -0.0073357329288542168 0.015594337985525897 0 -0.014728610471261906 0
leaf_weight=0.36770794344192914 1.4156783874932433 1.6423291768151096 11.22526797481987 0.32556318596471179 6.7287882310629366 0.52438712798175391
leaf_count=42 494 660 681 73 4437 35
internal_value=8.12279e-05 0.0088248 0.0127684 -0.0133904 -0.0142462 -0.00616722
internal_weight=22.2297 14.8077 12.6409 7.42206 7.05435 2.16672
internal_count=6422 1870 1175 4552 4510 695
is_linear=0
shrinkage=0.025


Tree=113
num_leaves=7
num_cat=0
split_feature=21 24 17 12 26 16
split_gain=6.75422 2.68146 1.30905 0.665578 0.0755417 0.06905
threshold=0.94733256101608287 -3.3349294662475581 0.66221347451210033 2.8747087717056279 -0.67788591980934132 -0.20305061340332028
decision_type=2 2 2 2 2 2
left_child=1 5 -3 -2 -5 -1
right_child=3 2 -4 4 -6 -7
leaf_value=0 -0.00098135167745043591 -0.018415184790198529 0.00058321982415796946 0.0141425820024334 0 0.0053179439128561139
leaf_weight=0.1971524581749694 0.63875182706396838 8.8055843464098889 1.6109986605151778 6.9441049443121301 0.53536475595319633 2.1031989332113872
leaf_count=62 93 5391 389 242 90 127
internal_value=-0.00149127 -0.0115112 -0.0158353 0.0121332 0.0136985 0.00464815
internal_weight=20.8352 12.7169 10.4166 8.11822 7.47947 2.30035
internal_count=6394 5969 5780 425 332 189
is_linear=0
shrinkage=0.025


Tree=114
num_leaves=7
num_cat=0
split_feature=21 19 13 13 27 26
split_gain=5.66571 3.64362 1.12379 0.809604 0.745638 0.0852678
threshold=0.94733256101608287 0.24769496917724612 2.9648406505584721 2.2682938575744633 0.73340532183647167 -0.674596607685089
decision_type=2 2 2 2 2 2
left_child=1 4 -3 -2 -1 -5
right_child=3 2 -4 5 -6 -7
leaf_value=-0.017538046464979078 -0.0017622468029191909 -0.0047746515967982293 0.0095656257175089302 0.014404588266661298 0.00060251958440675501 0
leaf_weight=8.1165657090750756 0.42858243570662846 1.1249615330889344 3.6335471567581408 7.3528419998765457 0.49807104995125051 0.53900229348801065
leaf_count=5248 96 403 328 242 77 95
internal_value=0 -0.00909673 0.00482561 0.0123166 -0.0161941 0.0139529
internal_weight=21.6936 13.3731 4.75851 8.32043 8.61464 7.89184
internal_count=6489 6056 731 433 5325 337
is_linear=0
shrinkage=0.025


Tree=115
num_leaves=7
num_cat=0
split_feature=21 19 7 13 13 26
split_gain=5.43909 3.02299 0.856932 0.747328 0.495174 0.124829
threshold=0.94733256101608287 0.50878581404685985 5.0931773185729989 2.2310250997543339 2.9648406505584721 -0.67788591980934132
decision_type=2 2 2 2 2 2
left_child=1 2 -1 -2 -3 -5
right_child=3 4 -4 5 -6 -7
leaf_value=-0.015725392219458661 -0.0015621774588196822 -0.0020844497531491263 0.00060503871106745005 0.014391253700132748 0.0086542963084901125 0
leaf_weight=9.105913715859062 0.40080137469340016 0.52059372403891702 1.0880958863708645 7.4594266839121692 2.6246579219587147 0.55136110750026901
leaf_count=5490 89 178 258 256 115 96
internal_value=7.8284e-05 -0.00858316 -0.0139455 0.0123589 0.00592108 0.0138685
internal_weight=21.7509 13.3393 10.194 8.41159 3.14525 8.01079
internal_count=6482 6041 5748 441 293 352
is_linear=0
shrinkage=0.025


Tree=116
num_leaves=7
num_cat=0
split_feature=21 19 13 2 13 26
split_gain=5.46805 2.62778 0.958994 0.783378 0.694424 0.133339
threshold=0.94733256101608287 0.24769496917724612 3.0550500154495244 1.0000000180025095e-35 2.2310250997543339 -0.80550479888916005
decision_type=2 2 2 2 2 2
left_child=1 3 -3 -1 -2 -6
right_child=4 2 -4 -5 5 -7
leaf_value=0.00021207907682064127 -0.0013218069887904187 -0.0046574505712728654 0.0085687850553655236 -0.016122325655608265 0.014723116949327181 0
leaf_weight=1.1324739647534459 0.3625870880787242 1.0836666441900877 3.3112293527810834 7.6031561442214297 7.1834062647103565 0.56065208837389935
leaf_count=164 85 415 320 5143 189 137
internal_value=0.000312293 -0.00842551 0.00389922 -0.0142434 0.0127571 0.0141667
internal_weight=21.2372 13.1305 4.3949 8.73563 8.10665 7.74406
internal_count=6453 6042 735 5307 411 326
is_linear=0
shrinkage=0.025


Tree=117
num_leaves=7
num_cat=0
split_feature=21 19 7 13 6 26
split_gain=5.15066 3.24919 1.02813 0.896104 0.36065 0.013335
threshold=0.91853779554367077 0.28072077035903936 5.0931773185729989 2.9648406505584721 4.1095016002655038 -0.674596607685089
decision_type=2 2 2 2 2 2
left_child=1 2 -1 -3 5 -2
right_child=4 3 -4 -5 -6 -7
leaf_value=-0.01710446529638086 0.013729078857698505 -0.0039631261271270276 0.00090523348437350135 0.0091313962944271163 0 0
leaf_weight=7.5170546347362706 6.7867211948032491 0.95250982968718645 1.026991102757165 3.4580997299926821 0.60661271028220642 0.52653242205269535
leaf_count=5212 252 357 239 288 94 91
internal_value=0.000203399 -0.00828465 -0.0149432 0.0050362 0.0124042 0.0134071
internal_weight=20.8745 12.9547 8.54405 4.41061 7.91987 7.31325
internal_count=6533 6096 5451 645 437 343
is_linear=0
shrinkage=0.025


Tree=118
num_leaves=6
num_cat=0
split_feature=21 6 26 24 21
split_gain=5.46753 1.89124 1.3347 1.14033 0.277951
threshold=0.22217440605163577 3.3084526062011723 -0.84853374958038319 -4.7598583698272696 1.8244875073432925
decision_type=2 2 2 2 2
left_child=3 2 -2 -1 -3
right_child=1 4 -4 -5 -6
leaf_value=0.0020495852300807939 0.015273468843138648 -0.0068384561939273504 -0.0012775780338591639 -0.015303657230004234 0.001212248982751853
leaf_weight=0.88808754802448753 8.7978011149243667 1.6126859596843126 2.132677715184399 6.7303349652938795 0.59510273649357248
leaf_count=40 416 792 794 4376 21
internal_value=0 0.00865242 0.0122644 -0.0127749 -0.00446571
internal_weight=20.7567 13.1383 10.9305 7.61842 2.20779
internal_count=6439 2023 1210 4416 813
is_linear=0
shrinkage=0.025


Tree=119
num_leaves=7
num_cat=0
split_feature=21 19 7 13 5 26
split_gain=4.65469 2.46252 0.944083 0.783072 0.633405 0.323106
threshold=0.94733256101608287 0.34236119687557226 5.0931773185729989 2.9648406505584721 4.066361904144288 -0.84853374958038319
decision_type=2 2 2 2 2 2
left_child=1 2 -1 -3 5 -2
right_child=4 3 -4 -5 -6 -7
leaf_value=-0.01626535576437324 0.013670185725506739 -0.004061321228505047 0.00083816570730917096 0.0081087278310428366 -0.0014453876037669145 0
leaf_weight=7.8392063070496096 6.2604197308974108 0.94428857164166347 1.0403206964983835 2.9052236819843529 0.36859744280809525 0.64644059864804049
leaf_count=5279 185 307 257 221 71 163
internal_value=-0.000592672 -0.00888722 -0.0142311 0.00380921 0.0111191 0.0126399
internal_weight=20.0045 12.729 8.87953 3.84951 7.27546 6.90686
internal_count=6483 6064 5536 528 419 348
is_linear=0
shrinkage=0.025


Tree=120
num_leaves=7
num_cat=0
split_feature=21 24 11 12 11 26
split_gain=4.28432 2.49321 0.802516 0.765587 0.197183 0.176761
threshold=0.94733256101608287 -3.3349294662475581 5.5955002307891855 2.8747087717056279 2.2192913293838505 -0.80550479888916005
decision_type=2 2 2 2 2 2
left_child=1 4 -3 -2 -1 -5
right_child=3 2 -4 5 -6 -7
leaf_value=-0.00046344703414071355 -0.0018700778417031615 -0.014865738939090496 0 0.013674719636207059 0.0071794889607884552 0
leaf_weight=0.22559627334703813 0.43554443796165188 8.4010923455207358 1.842127997340868 6.1799940710479859 2.3238263654639013 0.57666211313335214
leaf_count=66 84 5229 616 187 117 137
internal_value=-4.28124e-05 -0.00806417 -0.0127035 0.0111681 0.00581628 0.012978
internal_weight=19.9848 12.7926 10.2432 7.1922 2.54942 6.75666
internal_count=6436 6028 5845 408 183 324
is_linear=0
shrinkage=0.025


Tree=121
num_leaves=7
num_cat=0
split_feature=26 5 24 17 24 13
split_gain=5.25387 2.68442 0.897394 0.727783 0.331534 0.218033
threshold=-0.93052101135253895 4.141651153564454 0.44720697402954107 0.52494058012962352 -3.6482713222503658 4.5994338989257821
decision_type=2 2 2 2 2 2
left_child=1 2 -1 4 -2 -5
right_child=3 -3 -4 5 -6 -7
leaf_value=0.015553944546966637 0 -0.0060332951554546259 -0.0016013498365961235 -0.003260741924463584 -0.015079788693650443 0.0033472207963218745
leaf_weight=9.2624002858647145 0.39858136029215518 2.0744795034988774 0.47017862461507398 0.99901395497727241 5.8284908280475047 1.4697735437221124
leaf_count=502 60 913 486 414 3847 233
internal_value=0 0.00939453 0.0140387 -0.0114652 -0.0141729 0
internal_weight=20.5029 11.8071 9.73258 8.69586 6.22707 2.46879
internal_count=6455 1901 988 4554 3907 647
is_linear=0
shrinkage=0.025


Tree=122
num_leaves=7
num_cat=0
split_feature=21 27 13 24 24 5
split_gain=4.37228 2.15629 0.926583 0.842365 0.587316 0.653679
threshold=0.18379594385623935 0.16958870738744738 2.2310250997543339 -3.6482713222503658 -4.7598583698272696 -0.19506730884313581
decision_type=2 2 2 2 2 2
left_child=4 2 -2 -3 -1 -6
right_child=1 3 -4 -5 5 -7
leaf_value=0.00094582395987497241 -0.0017938396432935471 0.0041817409938400656 0.015203950472224469 -0.0081070840993382725 0.0010371793483172108 -0.014311000310633901
leaf_weight=0.61734967608936209 0.48503677023108949 1.4527557269175293 8.3138559597136901 2.7272024775593309 0.44679786870256144 5.9366032087418725
leaf_count=37 199 130 484 1391 91 4107
internal_value=0.000455219 0.00838055 0.0135035 -0.00320386 -0.0110869 -0.012704
internal_weight=19.9796 12.9789 8.79889 4.17996 7.00075 6.3834
internal_count=6439 2204 683 1521 4235 4198
is_linear=0
shrinkage=0.025


Tree=123
num_leaves=7
num_cat=0
split_feature=21 26 12 22 5 22
split_gain=4.13554 1.80903 0.957926 0.621183 0.584677 0.594365
threshold=0.18897207081317904 -0.93052101135253895 2.6158263683319096 0.78497454524040233 -0.19506730884313581 0.8592553734779359
decision_type=2 2 2 2 2 2
left_child=4 2 -2 -3 -1 -6
right_child=1 3 -4 -5 5 -7
leaf_value=0.0011680720492042442 -0.0020737062387902344 -0.0067997901933334708 0.014512711834386009 0.0036664718138041939 -0.014237744353233757 0.00056357572742295789
leaf_weight=0.42126938678848169 0.51469837882905167 2.976221336532034 8.0195743511139863 1.3379608206305418 5.9028576438577165 0.64717315952293564
leaf_count=81 138 1382 571 114 4127 46
internal_value=3.2141e-05 0.00785865 0.0126541 -0.0026571 -0.011128 -0.0126233
internal_weight=19.8198 12.8485 8.53427 4.31418 6.9713 6.55003
internal_count=6459 2205 709 1496 4254 4173
is_linear=0
shrinkage=0.025


Tree=124
num_leaves=7
num_cat=0
split_feature=22 17 6 25 26 12
split_gain=4.9513 1.56491 1.08939 0.789105 0.649736 0.291172
threshold=0.23135621845722201 0.89958903193473827 4.1095016002655038 1.1369383335113528 -0.38460642099380488 3.0122863054275517
decision_type=2 2 2 2 2 2
left_child=1 4 3 -2 -1 -3
right_child=2 5 -4 -5 -6 -7
leaf_value=-0.015121777578279608 0.014164786720425898 -0.0020567258106644281 -0.0030358279226945679 -0.0007616840427319008 0.00077125615882991461 0.0057264723890602769
leaf_weight=6.9419564173440449 9.0113074008549976 0.47916750278091091 0.71898166323080737 1.1384286980464828 0.48735946769011373 1.6548748927598351
leaf_count=5162 496 115 244 280 87 71
internal_value=0.000566928 -0.00983713 0.0103304 0.0123792 -0.0136855 0.00288614
internal_weight=20.4321 9.56336 10.8687 10.1497 7.42932 2.13404
internal_count=6455 5435 1020 776 5249 186
is_linear=0
shrinkage=0.025


Tree=125
num_leaves=7
num_cat=0
split_feature=22 13 26 26 16 26
split_gain=4.019 1.72035 1.28695 0.565417 0.227687 0.0852287
threshold=0.034267753362655647 2.9648406505584721 -0.88249015808105458 -0.38460642099380488 -1.1899354457855222 -1.1347316503524778
decision_type=2 2 2 2 2 2
left_child=3 4 -3 5 -2 -1
right_child=1 2 -4 -5 -6 -7
leaf_value=0 0.00079935032615744458 0.014306062095696582 -0.001146773792522251 0.00096854548855044339 -0.0067888485137176215 -0.013335081656487694
leaf_weight=0.32356289961899243 0.47111451043747399 8.2649220207385934 2.6374409727723096 0.45228083358961324 1.5666875596361922 5.7085600165883079
leaf_count=82 15 427 839 77 586 4362
internal_value=0 0.00750012 0.0109896 -0.0114389 -0.00482493 -0.012953
internal_weight=19.4246 12.9402 10.9024 6.4844 2.0378 6.03212
internal_count=6388 1867 1266 4521 601 4444
is_linear=0
shrinkage=0.025


Tree=126
num_leaves=7
num_cat=0
split_feature=22 12 17 27 25 13
split_gain=4.39278 1.23227 0.874256 0.638551 0.540194 0.350051
threshold=0.23135621845722201 2.822126150131226 0.82944732904434215 0.73340532183647167 1.09226930141449 3.5581232309341435
decision_type=2 2 2 2 2 2
left_child=2 -2 3 -1 -3 -4
right_child=1 4 5 -5 -6 -7
leaf_value=-0.014004016905411813 -0.0031349180622567995 0.013563578372666536 -0.0033064159076344659 0.0010395263534941533 0 0.0051139059459109452
leaf_weight=6.9796073418401665 1.3523889464413503 7.9047738173976523 0.67995422607054923 0.43876395167899307 1.1964776444510787 1.2600208850926717
leaf_count=5195 282 466 195 73 271 43
internal_value=0 0.00927266 -0.00993332 -0.0125507 0.0120174 0.00100618
internal_weight=19.812 10.4536 9.35835 7.41837 9.10125 1.93998
internal_count=6525 1019 5506 5268 737 238
is_linear=0
shrinkage=0.025


Tree=127
num_leaves=7
num_cat=0
split_feature=21 6 26 24 26 26
split_gain=4.02948 1.73383 1.09618 0.880127 0.605437 0.269312
threshold=0.239883728325367 3.0735037326812749 -0.79763978719711293 -4.7598583698272696 -0.38460642099380488 -1.0079506635665891
decision_type=2 2 2 2 2 2
left_child=3 2 -2 -1 -5 -3
right_child=1 5 -4 4 -6 -7
leaf_value=0.002070005963749295 0.014497785834272853 0.0010438078324377326 -0.001543483250990893 -0.014160861708743805 0.00082833825189449156 -0.0065093234937905311
leaf_weight=0.82402401676517989 8.7852648737898544 1.2431413978629282 1.3749345204996632 5.8709132037329264 0.48032970004715103 1.3419872757076508
leaf_count=39 482 232 592 4388 75 694
internal_value=0.000718468 0.00839662 0.0121216 -0.0102541 -0.0126111 -0.00375938
internal_weight=19.9206 12.7453 10.1602 7.17527 6.35124 2.58513
internal_count=6502 2000 1074 4502 4463 926
is_linear=0
shrinkage=0.025


Tree=128
num_leaves=7
num_cat=0
split_feature=22 17 13 10 5 4
split_gain=4.93628 3.33299 1.07438 0.486694 0.380461 0.0172121
threshold=0.71198669075965892 0.52494058012962352 4.1078596115112314 6.9759864807128915 4.512784719467164 0.88177907466888439
decision_type=2 2 2 2 2 2
left_child=1 3 -3 -1 5 -2
right_child=4 2 -4 -5 -6 -7
leaf_value=-0.017048250207737793 0 -0.0043850601410935315 0.0092943484671041063 5.4674530801220223e-05 -6.3962932343435985e-05 0.013382547265474451
leaf_weight=7.3452354400942585 0.26289979845750977 1.6658684739668386 3.31879067227419 0.3181006402010097 0.44271729729371134 5.946778758225264
leaf_count=5266 67 622 252 19 67 191
internal_value=-0.000343506 -0.00883026 0.00419018 -0.0161035 0.012121 0.0131884
internal_weight=19.3004 12.648 4.98466 7.66334 6.6524 6.20968
internal_count=6484 6159 874 5285 325 258
is_linear=0
shrinkage=0.025


Tree=129
num_leaves=7
num_cat=0
split_feature=26 22 13 12 22 25
split_gain=3.7861 1.90919 1.58036 0.772152 0.327476 0.104542
threshold=-1.0020638108253477 0.74295443296432506 2.2310250997543339 5.893489122390748 -0.099524945020675645 -2.5187940597534175
decision_type=2 2 2 2 2 2
left_child=2 3 -1 -2 -4 -3
right_child=1 5 4 -5 -6 -7
leaf_value=-0.0041961274245987364 -0.014676303259188263 0.0054966999114186166 0 0.00040480220502173766 0.014263050488726154 0
leaf_weight=1.0514309729769618 7.3037352226383501 1.9241482797369829 0.20289847727690347 1.3022151556651804 6.468023593275575 0.32765876202029076
leaf_count=444 4979 79 204 373 270 122
internal_value=-4.28092e-05 -0.00840108 0.00990091 -0.0126248 0.0135041 0.00445405
internal_weight=18.5801 10.8578 7.72235 8.60595 6.67092 2.25181
internal_count=6471 5553 918 5352 474 201
is_linear=0
shrinkage=0.025


Tree=130
num_leaves=7
num_cat=0
split_feature=21 6 24 5 2 8
split_gain=3.69047 1.70942 1.00323 0.580634 0.574273 0.095993
threshold=0.31186422705650335 3.3615400791168217 -5.4228928089141837 -0.19506730884313581 1.5850765109062197 -0.96212852001190174
decision_type=2 2 2 2 2 2
left_child=2 4 -1 -4 -2 -3
right_child=1 5 3 -5 -6 -7
leaf_value=0.0023340688488025746 -0.0007056122380070289 0 0.00059718496433967252 -0.01446056857268257 0.01272695499668515 -0.0057465766820520084
leaf_weight=0.93263794539962042 0.74528462754096736 0.33576551330043014 0.52777009189594615 5.976609209756135 8.7946224813931604 1.5687185107235551
leaf_count=28 213 23 115 4676 806 669
internal_value=0 0.00766786 -0.0103787 -0.012967 0.0113659 -0.00476737
internal_weight=18.8814 11.4444 7.43702 6.50438 9.53991 1.90448
internal_count=6530 1711 4819 4791 1019 692
is_linear=0
shrinkage=0.025


Tree=131
num_leaves=7
num_cat=0
split_feature=21 27 22 27 6 20
split_gain=3.99544 1.81206 0.947755 0.613809 0.613384 0.170667
threshold=0.18379594385623935 0.12957300245761874 0.74295443296432506 0.73340532183647167 4.6479361057281503 3.3267217874526982
decision_type=2 2 2 2 2 2
left_child=3 4 -3 5 -2 -1
right_child=1 2 -4 -5 -6 -7
leaf_value=-0.013738590094777507 0.014408223165901225 -0.0074239010314300887 0.0050190355294567387 0.0011546902803452256 -0.00095973611683361048 0
leaf_weight=5.4323146881070015 6.9410141326952708 3.3651041830307804 1.9271777087706139 0.42014348108205002 0.34832996892509971 0.13459387252805743
leaf_count=4147 330 1580 146 66 141 18
internal_value=0 0.00758359 -0.00204852 -0.0116298 0.0130736 -0.0132759
internal_weight=18.5687 12.5816 5.29228 5.98705 7.28934 5.56691
internal_count=6428 2197 1726 4231 471 4165
is_linear=0
shrinkage=0.025


Tree=132
num_leaves=7
num_cat=0
split_feature=21 24 17 5 26 17
split_gain=4.12819 2.62845 0.833316 0.524901 0.213815 0.0559524
threshold=0.94733256101608287 -3.3349294662475581 0.66221347451210033 4.066361904144288 -0.67788591980934132 -0.26610907912254328
decision_type=2 2 2 2 2 2
left_child=1 5 -3 4 -2 -1
right_child=3 2 -4 -5 -6 -7
leaf_value=0 0.01188625089896988 -0.017073196056291828 0 -0.0013457036138535331 0 0.0057639931102405418
leaf_weight=0.28370256497873958 5.5147868365747854 7.4259985439275624 1.3809073601005364 0.36149856343399722 0.33381418552016739 1.9599991247087025
leaf_count=59 253 5478 380 78 90 118
internal_value=-0.00220488 -0.0101537 -0.0149873 0.00960209 0.0111632 0.00520526
internal_weight=17.2607 11.0506 8.80691 6.2101 5.8486 2.2437
internal_count=6456 6035 5858 421 343 177
is_linear=0
shrinkage=0.025


Tree=133
num_leaves=7
num_cat=0
split_feature=21 24 17 13 26 16
split_gain=4.51097 1.90188 0.825476 0.607588 0.0903623 0.023241
threshold=0.94733256101608287 -3.5142350196838374 0.66221347451210033 2.2682938575744633 -0.674596607685089 -0.19550220668315885
decision_type=2 2 2 2 2 2
left_child=1 5 -3 -2 -5 -1
right_child=3 2 -4 4 -6 -7
leaf_value=0 -0.001590026039997215 -0.016642772318849818 0 0.012064248644462615 0 0.0040471654032388626
leaf_weight=0.21699752354470558 0.41337396748713118 7.115220830673934 1.3548389701318226 5.8066572723910213 0.53483903390588228 1.674878950521816
leaf_count=55 97 5480 388 231 93 107
internal_value=-0.00186443 -0.0106607 -0.0145197 0.00989243 0.011563 0.00370893
internal_weight=17.1168 10.3619 8.47006 6.75487 6.3415 1.89188
internal_count=6451 6030 5868 421 324 162
is_linear=0
shrinkage=0.025


Tree=134
num_leaves=7
num_cat=0
split_feature=27 13 22 24 27 10
split_gain=3.52313 2.11146 0.986375 0.732482 0.500812 0.0195857
threshold=0.16958870738744738 2.2310250997543339 0.74295443296432506 0.44720697402954107 0.73340532183647167 2.6088814735412602
decision_type=2 2 2 2 2 2
left_child=1 -1 4 -3 -2 -4
right_child=2 3 5 -5 -6 -7
leaf_value=-0.0057443612247752608 -0.01279953657361358 0.014393975140196039 0 -0.0013296847453323319 0.00064042078396957453 0.0029533969543956303
leaf_weight=1.4271809472265911 6.593397629549143 8.2760332723846624 0.15487153040885449 0.4277007452183178 0.5020631008374038 1.1081032792135372
leaf_count=682 4377 555 31 531 91 119
internal_value=0.000505459 0.00888629 -0.00870871 0.012962 -0.0114602 0.00255975
internal_weight=18.4894 10.1309 8.35844 8.70373 7.09546 1.26297
internal_count=6386 1768 4618 1086 4468 150
is_linear=0
shrinkage=0.025


Tree=135
num_leaves=7
num_cat=0
split_feature=21 19 12 21 20 24
split_gain=3.78869 3.21504 0.485883 0.40219 0.0440408 0.0371449
threshold=0.94733256101608287 0.24769496917724612 2.8747087717056279 0.040613936260342605 1.2586480379104616 -3.5142350196838374
decision_type=2 2 2 2 2 2
left_child=1 5 -2 -3 -4 -1
right_child=2 3 4 -5 -6 -7
leaf_value=0 -0.00075681132741039049 -0.0016592839391370035 0.012166517339908953 0.0074069630818631316 0 -0.015996490664304586
leaf_weight=0.14692538738017979 0.57201429814449412 1.0143448822345815 5.5186945102905156 3.187247315683635 0.50070694429450657 6.5714510603429526
leaf_count=19 91 452 206 278 114 5261
internal_value=-0.000411915 -0.00847233 0.010297 0.00482668 0.0117814 -0.0158335
internal_weight=17.5114 10.92 6.59142 4.20159 6.0194 6.71838
internal_count=6421 6010 411 730 320 5280
is_linear=0
shrinkage=0.025


Tree=136
num_leaves=7
num_cat=0
split_feature=27 22 13 12 21 13
split_gain=3.34963 1.69859 1.58478 0.628942 0.353267 0.0238714
threshold=0.12957300245761874 0.74295443296432506 2.2310250997543339 5.893489122390748 0.18897207081317904 3.1004073619842534
decision_type=2 2 2 2 2 2
left_child=2 3 -1 -2 -4 -3
right_child=1 5 4 -5 -6 -7
leaf_value=-0.0043353872318834209 -0.013509429481863358 0 0 0.00029251009950866211 0.014098970250935676 0.0049003077965804826
leaf_weight=1.0728322552167826 6.764076025283428 0.14303058391669754 0.59712299016246095 1.2080064340698298 6.8433476820791839 1.8490439705929018
leaf_count=536 4794 28 358 364 320 144
internal_value=0.000503135 -0.00750284 0.00964502 -0.0116296 0.0130955 0.00462472
internal_weight=18.4775 9.96416 8.5133 7.97208 7.44047 1.99207
internal_count=6544 5330 1214 5158 678 172
is_linear=0
shrinkage=0.025


Tree=137
num_leaves=6
num_cat=0
split_feature=27 22 13 22 19
split_gain=3.8249 2.03983 1.57109 0.300655 0.0927149
threshold=0.12957300245761874 0.91675469279289257 2.2310250997543339 -0.25799408555030817 0.55844023823738109
decision_type=2 2 2 2 2
left_child=2 4 -1 -4 -2
right_child=1 -3 3 -5 -6
leaf_value=-0.0044955157780831182 -0.014554259808277015 0.0046748775379142453 0 0.013437233311799652 0
leaf_weight=1.1026153354032455 6.9926781815738632 1.6916025364625964 0.18808636438916426 6.6027533932210645 0.50090588662715152
leaf_count=519 5022 108 225 437 100
internal_value=-0.000727284 -0.00976909 0.00901767 0.0127178 -0.0140959
internal_weight=17.0786 9.18519 7.89346 6.79084 7.49358
internal_count=6411 5230 1181 662 5122
is_linear=0
shrinkage=0.025


Tree=138
num_leaves=7
num_cat=0
split_feature=22 26 5 27 6 4
split_gain=3.63341 1.62551 0.706855 0.574555 0.391636 0.149568
threshold=0.71198669075965892 -1.0020638108253477 3.6603866815567021 0.73340532183647167 3.5834454298019414 1.9424259066581728
decision_type=2 2 2 2 2 2
left_child=1 2 -1 -3 5 -2
right_child=4 3 -4 -5 -6 -7
leaf_value=0.0071546092442693601 0 -0.014337662825612619 -0.004297155587380347 0.00061080650267214846 -0.00052306752205982744 0.012214229897547148
leaf_weight=2.4251368533150539 0.39449234034691372 7.037366773089162 1.0809511647530596 0.50626708965864953 0.37277070560958225 4.8769164410186931
leaf_count=173 96 5208 629 98 85 145
internal_value=-0.000909626 -0.0084725 0.00243863 -0.0129926 0.0103341 0.0115912
internal_weight=16.6939 11.0497 3.50609 7.54363 5.64418 5.27141
internal_count=6434 6108 802 5306 326 241
is_linear=0
shrinkage=0.025


Tree=139
num_leaves=7
num_cat=0
split_feature=22 13 26 21 13 4
split_gain=2.83531 2.0373 0.701407 0.31594 0.314928 0.0530934
threshold=0.71198669075965892 4.2895624637603769 -0.88249015808105458 1.3347840905189516 2.9648406505584721 1.1990776658058169
decision_type=2 2 2 2 2 2
left_child=1 3 -3 -1 -2 -6
right_child=4 2 -4 -5 5 -7
leaf_value=-0.013704690292092226 -4.5188974561736373e-05 0.0076491113102286181 -0.0029622768715054232 0 0 0.011826825728648988
leaf_weight=5.4633629130185017 0.45389674633042787 3.1640499868153711 2.5846499350009253 0.77845617310958903 0.32125073453062203 5.0307526628312189
leaf_count=4148 80 322 1544 71 72 174
internal_value=0.000234498 -0.00594395 0.00313804 -0.0125398 0.010419 0.0115034
internal_weight=17.7964 11.9905 5.7487 6.24182 5.8059 5.352
internal_count=6411 6085 1866 4219 326 246
is_linear=0
shrinkage=0.025


Tree=140
num_leaves=6
num_cat=0
split_feature=21 19 7 13 13
split_gain=3.64882 1.98663 0.897023 0.60563 0.346681
threshold=0.94733256101608287 0.50878581404685985 5.0931773185729989 2.2310250997543339 3.0550500154495244
decision_type=2 2 2 2 2
left_child=1 2 -1 -2 -3
right_child=3 4 -4 -5 -6
leaf_value=-0.015081041412261518 -0.0015331418798947049 -0.0018806912846072964 0.0011359388767550038 0.011757361608967017 0.0068381494476499605
leaf_weight=7.1905405820798496 0.40736600806121614 0.48541577045398243 0.9569495865725911 6.1197031009069178 2.1205161309335381
leaf_count=5565 95 177 257 322 105
internal_value=-0.000449112 -0.00840799 -0.0129933 0.0100805 0.00422365
internal_weight=17.2805 10.7534 8.14749 6.52707 2.60593
internal_count=6521 6104 5822 417 282
is_linear=0
shrinkage=0.025


Tree=141
num_leaves=7
num_cat=0
split_feature=21 22 7 13 13 26
split_gain=3.16047 1.89301 0.731101 0.56708 0.0793527 0.0531263
threshold=1.0043461918830874 0.78497454524040233 5.0931773185729989 2.2310250997543339 3.1004073619842534 -0.80550479888916005
decision_type=2 2 2 2 2 2
left_child=1 2 -1 -2 -3 -5
right_child=3 4 -4 5 -6 -7
leaf_value=-0.013023693171775087 -0.0013013626694605498 0 0.0010934745994916305 0.012466064378470754 0.0059939126751379955 0
leaf_weight=7.781894009793179 0.3715964641305608 0.3329871400201222 0.96596356941154216 5.4048427472298499 2.0085744128155056 0.49547113210428495
leaf_count=5677 85 64 251 168 67 116
internal_value=0.000133457 -0.00676935 -0.0111795 0.0104817 0.00524805 0.0120537
internal_weight=17.3613 11.0894 8.74786 6.27191 2.34156 5.90031
internal_count=6428 6059 5928 369 131 284
is_linear=0
shrinkage=0.025


Tree=142
num_leaves=6
num_cat=0
split_feature=21 13 26 24 8
split_gain=2.79954 2.04204 1.25146 0.157106 0.126705
threshold=0.0073586713988333949 2.9648406505584721 -0.88249015808105458 -4.7598583698272696 -0.96212852001190174
decision_type=2 2 2 2 2
left_child=3 4 -3 -1 -2
right_child=1 2 -4 -5 -6
leaf_value=0 0 0.013602267872449418 -0.0010788530113814345 -0.011317661361367097 -0.0074519984572085085
leaf_weight=0.35517771099694062 0.32268811715766821 8.2467895715381001 3.0303450412538941 3.9968192768792532 1.7606998873961845
leaf_count=27 25 668 1604 3194 1001
internal_value=0.00033779 0.00616618 0.0101537 -0.0106172 -0.00646704
internal_weight=17.7125 13.3605 11.2771 4.352 2.08339
internal_count=6519 3298 2272 3221 1026
is_linear=0
shrinkage=0.025


Tree=143
num_leaves=6
num_cat=0
split_feature=21 6 3 24 8
split_gain=3.20033 1.59962 0.802361 0.397687 0.094925
threshold=0.22217440605163577 3.3084526062011723 1.6266078948974612 -5.8454883098602286 -0.96212852001190174
decision_type=2 2 2 2 2
left_child=3 2 -2 -1 -3
right_child=1 4 -4 -5 -6
leaf_value=0.00019919850774702152 -0.0018017301039030765 0 0.011839408632868894 -0.013360811494652245 -0.0063353229072731559
leaf_weight=0.37610809048055749 0.99560706662304976 0.33096947570447843 7.5670826834539184 5.1905454584702984 1.6798137878868136
leaf_count=14 406 24 791 4369 812
internal_value=-0.00167249 0.00560096 0.009713 -0.0121924 -0.00545703
internal_weight=16.1401 10.5735 8.56269 5.56665 2.01078
internal_count=6416 2033 1197 4383 836
is_linear=0
shrinkage=0.025


Tree=144
num_leaves=6
num_cat=0
split_feature=21 24 17 13 26
split_gain=3.04956 1.79946 0.880693 0.513322 0.147421
threshold=0.97700640559196483 -4.7598583698272696 0.66221347451210033 2.2310250997543339 -0.80550479888916005
decision_type=2 2 2 2 2
left_child=1 -1 -3 -2 -5
right_child=3 2 -4 4 -6
leaf_value=0.0052411759758470358 -0.0012338437641093085 -0.013781151986477988 0.00080522698606176005 0.011993486208336394 0
leaf_weight=1.8872350389428909 0.36148090806091104 7.0462919293859159 1.6432600459811508 5.4595310843578773 0.53981984441634256
leaf_count=79 84 5605 406 182 133
internal_value=0 -0.00719437 -0.0112796 0.00983873 0.0113317
internal_weight=16.9376 10.5768 8.68955 6.36083 5.99935
internal_count=6489 6090 6011 399 315
is_linear=0
shrinkage=0.025


Tree=145
num_leaves=7
num_cat=0
split_feature=22 6 21 25 20 22
split_gain=3.75233 0.881358 0.806092 0.60847 0.104879 0.0792281
threshold=0.23135621845722201 3.5553669929504399 0.97700640559196483 0.41893194615840917 0.11867920681834222 0.23909286409616473
decision_type=2 2 2 2 2 2
left_child=2 3 -1 -2 -4 -3
right_child=1 5 4 -5 -6 -7
leaf_value=-0.01354768285288082 0.012146607720604701 0.00016705070374943657 -0.0012923959776889897 -0.00074953549589515335 0.0032490462067725624 -0.003940264813138237
leaf_weight=6.0729791785342995 6.6590747178997827 0.23261112798354566 0.33350513459299669 1.079412579842028 0.93566010636277497 0.99493960851395968
leaf_count=5351 363 10 100 305 26 353
internal_value=-0.00109381 0.00773762 -0.0111505 0.010269 0.000979753 -0.00264912
internal_weight=16.3082 8.96604 7.34214 7.73849 1.26917 1.22755
internal_count=6508 1031 5477 668 126 363
is_linear=0
shrinkage=0.025


Tree=146
num_leaves=6
num_cat=0
split_feature=22 6 26 21 26
split_gain=3.73218 1.43502 1.30085 0.105097 0.0970758
threshold=0.034267753362655647 3.1927362680435185 -0.79763978719711293 1.8244875073432925 -1.1347316503524778
decision_type=2 2 2 2 2
left_child=4 2 -2 -3 -1
right_child=1 3 -4 -5 -6
leaf_value=0 0.013262215769839922 -0.0052777944222003647 -0.0029177920544365657 1.8973359638845112e-05 -0.012841562220819461
leaf_weight=0.25920897822652555 8.1680778719019127 1.8475686164019856 1.2919397876685241 0.24902383057633404 4.7592732728080609
leaf_count=84 491 744 613 9 4522
internal_value=-0.000200341 0.00688479 0.0103755 -0.00419786 -0.0124331
internal_weight=16.5751 11.5566 9.46002 2.09659 5.01848
internal_count=6463 1857 1104 753 4606
is_linear=0
shrinkage=0.025


Tree=147
num_leaves=7
num_cat=0
split_feature=22 6 26 26 21 0
split_gain=2.9654 1.88018 0.945501 0.543093 0.301919 0.138772
threshold=0.034267753362655647 3.1927362680435185 -0.88249015808105458 -0.38460642099380488 1.3347840905189516 3.5938054323196416
decision_type=2 2 2 2 2 2
left_child=3 2 -2 4 -1 -3
right_child=1 5 -4 -5 -6 -7
leaf_value=-0.012225792046977879 0.014203138468395405 8.8136069242829662e-05 -0.00019067340155303196 0.0014873642477504902 0 -0.0064360166000638434
leaf_weight=4.4434950807626601 7.7236235535528968 0.24564162512251542 2.4306920683520721 0.36833529191062719 0.55493042385205615 1.712431664309406
leaf_count=4506 307 25 779 70 36 739
internal_value=0.00123322 0.00761493 0.0114191 -0.00929295 -0.011059 -0.00524412
internal_weight=17.4791 12.1124 10.1543 5.36676 4.99843 1.95807
internal_count=6462 1850 1086 4612 4542 764
is_linear=0
shrinkage=0.025


Tree=148
num_leaves=6
num_cat=0
split_feature=22 6 26 8 25
split_gain=3.62447 1.27307 1.15228 0.272608 0.104997
threshold=0.034267753362655647 3.1927362680435185 -0.79763978719711293 -0.96212852001190174 -4.6009182929992667
decision_type=2 2 2 2 2
left_child=3 2 -2 -1 -3
right_child=1 4 -4 -5 -6
leaf_value=0 0.013201939868451241 5.1994498143988682e-05 -0.002209966754421758 -0.012800530963223962 -0.0048502095377208169
leaf_weight=0.32589349436602866 7.8825200766295884 0.65014565023011561 1.4765267163020315 4.6881746922081238 1.4930885271969589
leaf_count=48 494 62 615 4519 680
internal_value=0 0.00716945 0.0104123 -0.0118957 -0.00349268
internal_weight=16.5163 11.5023 9.35905 5.01407 2.14323
internal_count=6418 1851 1109 4567 742
is_linear=0
shrinkage=0.025


Tree=149
num_leaves=6
num_cat=0
split_feature=22 26 6 26 13
split_gain=3.24103 0.779013 0.680155 0.642034 0.111144
threshold=0.23135621845722201 -1.0349369049072263 4.1095016002655038 -0.88379603624343861 3.5581232309341435
decision_type=2 2 2 2 2
left_child=1 4 3 -2 -1
right_child=2 -3 -4 -5 -6
leaf_value=-0.0014409012027818933 0.011437699779464525 -0.013413032237064358 -0.0026753924254364191 -0.00071220701664829284 0.003229969416121799
leaf_weight=0.50141246237035264 5.9083372809109278 5.661395387505765 0.66108061005070329 1.6680465508252362 0.93461569248756859
leaf_count=381 322 4973 236 447 49
internal_value=-0.00162963 -0.0108916 0.00697805 0.0090461 0.000775577
internal_weight=15.3349 7.09742 8.23746 7.57638 1.43603
internal_count=6408 5403 1005 769 430
is_linear=0
shrinkage=0.025


Tree=150
num_leaves=7
num_cat=0
split_feature=27 13 22 13 21 0
split_gain=2.70368 1.42385 1.00316 0.496053 0.302007 0.0359634
threshold=0.12957300245761874 2.2310250997543339 0.74295443296432506 5.4542055130004892 0.18379594385623935 5.3770208358764657
decision_type=2 2 2 2 2 2
left_child=1 -1 3 -2 -3 -4
right_child=2 4 5 -5 -6 -7
leaf_value=-0.0043250921370952284 -0.012585676205635946 0 0.0033686209793519352 0 0.013032720492641188 0
leaf_weight=1.0730391242541397 5.5809602684093971 0.54880214668810356 1.4026507356466025 1.4590503165454718 5.9840992734389147 0.20574763879994851
leaf_count=538 4502 363 101 560 329 72
internal_value=0 0.00845242 -0.00760411 -0.0106515 0.0120583 0.00275554
internal_weight=16.2543 7.60594 8.64841 7.04001 6.5329 1.6084
internal_count=6465 1230 5235 5062 692 173
is_linear=0
shrinkage=0.025


Tree=151
num_leaves=7
num_cat=0
split_feature=27 5 19 0 21 13
split_gain=2.70832 1.91769 0.59285 0.516877 0.232008 0.0838034
threshold=0.16958870738744738 4.0444679260253915 0.53911316394805919 0.20302995294332507 0.0073586713988333949 2.9648406505584721
decision_type=2 2 2 2 2 2
left_child=1 4 3 -2 -1 -3
right_child=2 5 -4 -5 -6 -7
leaf_value=0 0.0010071487108487085 -0.0060426498973455041 0.0012957963144432216 -0.011918407548897551 0.013107192175798026 0
leaf_weight=0.55048098018596814 0.45333774308528418 1.491584007424535 1.1348679448419714 5.5240656390524236 6.8510446920336108 0.28491834230953816
leaf_count=306 89 867 148 4347 550 110
internal_value=0.000271274 0.00786525 -0.00821384 -0.0103565 0.0123483 -0.00522007
internal_weight=16.2903 9.17803 7.11227 5.9774 7.40153 1.7765
internal_count=6417 1833 4584 4436 856 977
is_linear=0
shrinkage=0.025


Tree=152
num_leaves=7
num_cat=0
split_feature=22 17 27 12 12 4
split_gain=2.45552 2.53511 0.669827 0.647569 0.213408 0.0380925
threshold=0.71198669075965892 0.52494058012962352 0.73340532183647167 4.0068635940551767 2.4489061832427983 0.93915030360221874
decision_type=2 2 2 2 2 2
left_child=1 2 -1 -3 -2 -6
right_child=4 3 -4 -5 5 -7
leaf_value=-0.014676720023711074 0 -0.0025172995941877912 0.0010310619393340333 0.0085190930259172789 0 0.010967925924711902
leaf_weight=5.6546690179093293 0.38885272812330995 1.4786035903234731 0.44110368126712263 3.1773692060087342 0.26079427808872413 4.6874172829266172
leaf_count=5119 55 525 85 340 65 196
internal_value=0.000221693 -0.00578731 -0.0130244 0.00487835 0.00987568 0.0107121
internal_weight=16.0888 10.7517 6.09577 4.65597 5.33706 4.94821
internal_count=6385 6069 5204 865 316 261
is_linear=0
shrinkage=0.025


Tree=153
num_leaves=7
num_cat=0
split_feature=27 13 18 0 22 6
split_gain=2.44294 1.26637 0.798295 0.529591 0.22811 0.0992718
threshold=0.12957300245761874 2.2310250997543339 0.45255728065967565 0.20302995294332507 -0.25799408555030817 2.8941595554351811
decision_type=2 2 2 2 2 2
left_child=1 -1 3 -2 -3 -4
right_child=2 4 5 -5 -6 -7
leaf_value=-0.0041824233656603963 0.0010039261696572082 0 0.0034969318967179998 -0.012135531657892627 0.011867565816361753 -0.00084816833496126256
leaf_weight=1.0399440063993104 0.45512203765974657 0.16306014985457284 1.4448951218073487 5.9253460833642748 6.0085798672298552 0.30541693372651924
leaf_count=536 94 231 168 4785 466 192
internal_value=-0.000131267 0.00768947 -0.00783052 -0.0106198 0.0112259 0.00174621
internal_weight=15.3424 7.21158 8.13078 6.38047 6.17164 1.75031
internal_count=6472 1233 5239 4879 697 360
is_linear=0
shrinkage=0.025


Tree=154
num_leaves=7
num_cat=0
split_feature=21 13 27 27 24 21
split_gain=2.73352 1.24562 0.651415 0.510604 0.470764 0.183491
threshold=0.31186422705650335 3.1660896539688115 0.22463303804397586 0.73340532183647167 -4.7598583698272696 1.8244875073432925
decision_type=2 2 2 2 2 2
left_child=3 5 -3 4 -1 -2
right_child=1 2 -4 -5 -6 -7
leaf_value=0.00046904138835233267 -0.0057123684182487991 0.012835627876566173 -7.7766231244173956e-06 0.0012863103240982696 -0.012578296065348738 0.00078019879629375637
leaf_weight=0.60638910642592136 1.2335985502577376 6.3113759333355102 1.9324170876207061 0.40744175252621051 4.7438432892086002 0.56193696783157054
leaf_count=43 639 352 693 73 4626 26
internal_value=4.27868e-05 0.00715561 0.0104868 -0.00933991 -0.0109835 -0.00368171
internal_weight=15.797 10.0393 8.24379 5.75767 5.35023 1.79554
internal_count=6452 1710 1045 4742 4669 665
is_linear=0
shrinkage=0.025


Tree=155
num_leaves=7
num_cat=0
split_feature=21 24 13 13 13 4
split_gain=2.33515 1.26187 0.931929 0.431843 0.115435 0.0742025
threshold=0.94733256101608287 -3.5142350196838374 5.4542055130004892 2.2310250997543339 2.9648406505584721 0.82071277499198925
decision_type=2 2 2 2 2 2
left_child=1 4 -3 -2 -1 -5
right_child=3 2 -4 5 -6 -7
leaf_value=-0.00029594622746601228 -0.0011958616120566002 -0.013182833967276179 0.0015098764697016763 0 0.0049951518196261323 0.010320523293470643
leaf_weight=0.2056570353161068 0.36240657308371815 6.2837162357391199 1.3870027172160915 0.36251440150954284 1.6928970104781909 5.0387096392296371
leaf_count=63 92 5302 510 86 99 242
internal_value=-0.000208164 -0.00693009 -0.0104854 0.00840643 0.00371693 0.00991676
internal_weight=15.3329 9.56927 7.67072 5.76363 1.89855 5.40122
internal_count=6394 5974 5812 420 162 328
is_linear=0
shrinkage=0.025


Tree=156
num_leaves=7
num_cat=0
split_feature=27 13 21 19 21 6
split_gain=3.17019 1.37897 1.25777 0.437025 0.255455 0.211974
threshold=0.12957300245761874 2.2310250997543339 0.94733256101608287 0.67999252676963817 0.18379594385623935 2.4704817533493046
decision_type=2 2 2 2 2 2
left_child=1 -1 3 -2 -3 -4
right_child=2 4 5 -5 -6 -7
leaf_value=-0.004263009872114489 -0.014547489606929545 0 0.004600718493542902 5.2670584737462866e-05 0.012729948560025404 -0.001890435521404883
leaf_weight=1.0726247375278033 5.2534521679117461 0.51261444562260283 1.8141543936944802 0.470653199328808 5.8518833813577658 0.38038879758096289
leaf_count=539 4878 367 167 54 319 112
internal_value=-0.000615738 0.00825443 -0.00940076 -0.0132994 0.0118614 0.00207501
internal_weight=15.3558 7.43712 7.91865 5.72411 6.3645 2.19454
internal_count=6436 1225 5211 4932 686 279
is_linear=0
shrinkage=0.025


Tree=157
num_leaves=6
num_cat=0
split_feature=22 17 13 27 13
split_gain=2.34547 2.31809 0.793167 0.650395 0.294787
threshold=0.81920394301414501 0.55315044522285473 4.1078596115112314 0.73340532183647167 2.9648406505584721
decision_type=2 2 2 2 2
left_child=1 3 -3 -1 -2
right_child=4 2 -4 -5 -6
leaf_value=-0.014355649897261591 -0.00033796614081388668 -0.0034303545118677574 0.0085769995751983266 0.001018343062504972 0.010669018249159024
leaf_weight=5.8072167488862743 0.20582339333486821 1.4219815102551363 3.2402712419861928 0.44436305081762828 4.5406145894376095
leaf_count=5332 54 561 254 84 200
internal_value=0 -0.005951 0.00438791 -0.0127405 0.00962194
internal_weight=15.6603 10.9138 4.66225 6.25158 4.74644
internal_count=6485 6231 815 5416 254
is_linear=0
shrinkage=0.025


Tree=158
num_leaves=7
num_cat=0
split_feature=21 6 2 20 21 16
split_gain=2.64985 1.04761 0.560185 0.239028 0.141885 0.124646
threshold=0.18379594385623935 3.1927362680435185 1.5850765109062197 2.8015156984329228 1.8244875073432925 1.4093104004859927
decision_type=2 2 2 2 2 2
left_child=3 2 -2 5 -3 -1
right_child=1 4 -4 -5 -6 -7
leaf_value=-0.012120595537514756 -0.0011602340570219033 -0.0048901405843281183 0.010803593350301184 0 0.00059344890242077179 0
leaf_weight=4.3286184065946154 0.83898827041411816 1.8536246879666571 7.3143503106839489 0.23349383386812395 0.58041351631982241 0.19382675653469039
leaf_count=4130 301 934 939 34 28 58
internal_value=-0.000469184 0.00576179 0.00912427 -0.0108248 -0.00322214 -0.0116506
internal_weight=15.3433 10.5874 8.15334 4.75594 2.43404 4.52245
internal_count=6424 2202 1240 4222 962 4188
is_linear=0
shrinkage=0.025


Tree=159
num_leaves=6
num_cat=0
split_feature=22 17 13 6 5
split_gain=2.43795 2.38249 1.07084 0.262792 0.0797119
threshold=0.71198669075965892 0.52494058012962352 4.1078596115112314 3.4156885147094731 0.54672881960868847
decision_type=2 2 2 2 2
left_child=1 -1 -3 4 -2
right_child=3 2 -4 -5 -6
leaf_value=-0.01440908084919691 0 -0.004929296216697826 0.00892773124723336 -0.00016111732703168459 0.010108714377795015
leaf_weight=5.6130058632552373 0.27044345768808931 1.3317337462140129 3.0496784920396749 0.41376590970321547 4.0396528966521146
leaf_count=5257 76 614 242 89 156
internal_value=-0.00116343 -0.00748741 0.00366729 0.00854377 0.00968848
internal_weight=14.7183 9.99442 4.38141 4.72386 4.3101
internal_count=6434 6113 856 321 232
is_linear=0
shrinkage=0.025


Tree=160
num_leaves=6
num_cat=0
split_feature=21 6 27 21 15
split_gain=2.11796 1.22005 0.499797 0.185612 0.103223
threshold=0.0073586713988333949 3.3084526062011723 0.22463303804397586 1.8244875073432925 2.9630355834960942
decision_type=2 2 2 2 2
left_child=4 2 -2 -3 -1
right_child=1 3 -4 -5 -6
leaf_value=-0.010231244792144928 0.01155481802649167 -0.0057581439040977648 0 0.0007346152943491568 0
leaf_weight=3.3302124792244299 6.0522901070580684 1.9181125273607897 3.2024579889111919 0.56044513190863643 0.12298841887240985
leaf_count=3126 485 1234 1548 25 15
internal_value=0.000205684 0.00555899 0.00903355 -0.0039447 -0.00977361
internal_weight=15.1865 11.7333 9.25475 2.47856 3.4532
internal_count=6433 3292 2033 1259 3141
is_linear=0
shrinkage=0.025


Tree=161
num_leaves=7
num_cat=0
split_feature=22 13 26 27 21 26
split_gain=2.06886 1.25149 0.871517 0.569073 0.116684 0.0378862
threshold=0.053181888535618789 3.0550500154495244 -0.79763978719711293 0.73340532183647167 1.8244875073432925 -0.35134677588939661
decision_type=2 2 2 2 2 2
left_child=3 4 -3 -1 -2 -5
right_child=1 2 -4 5 -6 -7
leaf_value=-0.011339309385469334 -0.006008617332083438 0.011340345422419889 -0.002223953729911144 0.0026690327593392685 0 0
leaf_weight=4.4107595404057074 1.370521365708554 7.1839787109274758 1.1170619140102633 0.16869180937646888 0.24314094748115156 0.19176980514021114
leaf_count=4660 598 581 567 11 9 59
internal_value=-0.000303899 0.00535283 0.00889528 -0.0094224 -0.00487334 0.00156575
internal_weight=14.6859 9.9147 8.30104 4.77122 1.61366 0.360462
internal_count=6485 1755 1148 4730 607 70
is_linear=0
shrinkage=0.025


Tree=162
num_leaves=7
num_cat=0
split_feature=21 19 27 13 13 23
split_gain=2.40219 1.81501 0.670111 0.621212 0.499605 0.129761
threshold=0.94733256101608287 0.24769496917724612 0.73340532183647167 2.9648406505584721 2.2310250997543339 -5.0860803127288809
decision_type=2 2 2 2 2 2
left_child=1 2 -1 -3 -2 -6
right_child=4 3 -4 -5 5 -7
leaf_value=-0.01402433455757144 -0.0013262417730357317 -0.0034404484954810646 0.0012358573198651384 0.0074782432680746127 0 0.011272376013904052
leaf_weight=5.2596332474131469 0.38944709178758863 0.85130293979455052 0.40893153235083435 2.8546123217602144 0.43571170246286772 5.1688344542490086
leaf_count=5300 92 406 81 333 127 215
internal_value=6.54852e-05 -0.00642404 -0.0122744 0.00371674 0.00908915 0.0106863
internal_weight=15.3685 9.37448 5.66856 3.70592 5.99399 5.60455
internal_count=6554 6120 5381 739 434 342
is_linear=0
shrinkage=0.025


Tree=163
num_leaves=6
num_cat=0
split_feature=18 13 16 27 7
split_gain=2.65395 0.604331 0.454128 0.302693 0.0929411
threshold=0.14786035567522052 2.2310250997543339 1.2435489892959597 0.16958870738744738 -1.7662935853004453
decision_type=2 2 2 2 2
left_child=2 -2 4 -3 -1
right_child=1 3 -4 -5 -6
leaf_value=0 -0.0024270963888101522 0.010721299573225318 0.00087486197901878086 0 -0.01150226828484896
leaf_weight=0.097242857329546406 0.62650411018694097 4.9011145201002364 0.44338459782738926 2.6647653192922007 5.5910782824066718
leaf_count=13 253 356 101 735 4963
internal_value=-0.000686348 0.00676835 -0.00977422 0.00868994 -0.01121
internal_weight=14.3241 8.19238 6.13171 7.56588 5.68832
internal_count=6421 1344 5077 1091 4976
is_linear=0
shrinkage=0.025


Tree=164
num_leaves=7
num_cat=0
split_feature=27 13 13 24 15 18
split_gain=2.24344 1.36553 0.692404 0.439336 0.283148 0.133402
threshold=0.16958870738744738 2.2310250997543339 5.4542055130004892 0.19656626880168918 0.17114830017089847 1.1605603098869326
decision_type=2 2 2 2 2 2
left_child=1 -1 5 -3 -4 -2
right_child=2 3 4 -5 -6 -7
leaf_value=-0.0046796227514818737 -0.01151807940350762 0.011946458085354709 0.0049539720872444687 -0.00070437715934428121 -0.0026255638512300877 0
leaf_weight=1.1836903690782472 4.4490544783402592 6.5348787984839873 0.90405379056028301 0.34676797587599129 0.87728687305934727 0.12663413109839883
leaf_count=693 4030 535 149 586 441 3
internal_value=0 0.00708726 -0.00810408 0.0107548 0.0011159 -0.0110546
internal_weight=14.4224 8.06534 6.35703 6.88165 1.78134 4.57569
internal_count=6437 1814 4623 1121 590 4033
is_linear=0
shrinkage=0.025


Tree=165
num_leaves=7
num_cat=0
split_feature=22 13 15 13 21 5
split_gain=1.88922 1.72041 0.658158 0.270541 0.23023 0.0453738
threshold=0.74295443296432506 4.2895624637603769 0.2948805838823319 2.5965435504913335 1.8244875073432925 0.36415921151638037
decision_type=2 2 2 2 2 2
left_child=1 4 -3 -2 -1 -5
right_child=3 2 -4 5 -6 -7
leaf_value=-0.012727538588166304 -0.000334631572567497 0.0069089503801287172 -0.0037192850399672011 0 0 0.010140042014947444
leaf_weight=4.6160038038069597 0.223457798711025 3.8373361600170028 1.2885865918651687 0.24871861339488521 0.37652278720634047 4.1576616038073553
leaf_count=4209 49 1254 648 61 28 185
internal_value=0 -0.00537035 0.0031027 0.00879409 -0.0118948 0.00985327
internal_weight=14.7483 10.1184 5.12592 4.62984 4.99253 4.40638
internal_count=6434 6139 1902 295 4237 246
is_linear=0
shrinkage=0.025


Tree=166
num_leaves=7
num_cat=0
split_feature=22 13 15 13 7 23
split_gain=2.06487 1.39646 0.520677 0.23667 0.163183 0.0469919
threshold=0.74295443296432506 4.2895624637603769 0.17114830017089847 2.9648406505584721 -1.0770112872123716 -4.0337238311767569
decision_type=2 2 2 2 2 2
left_child=1 4 -3 -2 -1 -5
right_child=3 2 -4 5 -6 -7
leaf_value=0 0 0.0062516538758605467 -0.0030633188250695324 0 -0.012302240788137344 0.010439468474703902
leaf_weight=0.49252035593963128 0.40160420924075957 2.9393346430370002 1.9240807458481866 0.33570269736810576 4.4499522618716574 3.8322441018390236
leaf_count=120 75 904 987 94 4091 130
internal_value=0 -0.00584179 0.00224804 0.00905866 -0.0115581 0.010089
internal_weight=14.3754 9.80589 4.86342 4.56955 4.94247 4.16795
internal_count=6401 6102 1891 299 4211 224
is_linear=0
shrinkage=0.025


Tree=167
num_leaves=7
num_cat=0
split_feature=22 6 2 0 26 19
split_gain=2.64603 1.15868 0.59207 0.0893479 0.0624286 0.0558311
threshold=0.034267753362655647 3.1927362680435185 1.5850765109062197 3.5938054323196416 -1.1347316503524778 0.34236119687557226
decision_type=2 2 2 2 2 2
left_child=4 2 -2 -3 -1 -6
right_child=1 3 -4 -5 5 -7
leaf_value=0 -0.0011056338429587338 0 0.011351514738820088 -0.0046741803582983224 -0.011275589052998513 0
leaf_weight=0.25707406099536356 0.87134536114899486 0.2394499585643638 7.3701176317699719 1.8159112617431672 3.8696358598972456 0.33962250440526975
leaf_count=84 364 27 724 743 4390 159
internal_value=0 0.00626292 0.00964229 -0.00363202 -0.0105507 -0.0108932
internal_weight=14.7632 10.2968 8.24146 2.05536 4.46633 4.20926
internal_count=6491 1858 1088 770 4633 4549
is_linear=0
shrinkage=0.025


Tree=168
num_leaves=7
num_cat=0
split_feature=26 5 24 13 13 16
split_gain=1.88027 1.0542 1.03102 0.476162 0.0588259 0.0541322
threshold=-1.0020638108253477 4.0252473354339608 -3.6482713222503658 5.4542055130004892 2.9648406505584721 0.57673048973083507
decision_type=2 2 2 2 2 2
left_child=1 -1 5 -4 -3 -2
right_child=2 4 3 -5 -6 -7
leaf_value=0.011574339712364316 0.0041805492906554246 -0.0039379221056611907 -0.011283304028251616 0.0002359468058862037 0 0
leaf_weight=4.8435718080727392 1.6777844154930779 0.98796107757516416 5.3582714006770393 1.3023360594816038 0.2332886346266605 0.22152553961495858
leaf_count=300 102 592 4763 534 49 105
internal_value=0.000192409 0.00804374 -0.00582427 -0.00935959 -0.00300266 0.00346584
internal_weight=14.6247 6.06482 8.55992 6.66061 1.22125 1.89931
internal_count=6445 941 5504 5297 641 207
is_linear=0
shrinkage=0.025


Tree=169
num_leaves=7
num_cat=0
split_feature=21 19 7 13 12 16
split_gain=1.79836 1.38881 0.820168 0.501187 0.489258 0.140809
threshold=0.94733256101608287 0.28072077035903936 5.0931773185729989 2.9648406505584721 2.8747087717056279 0.74584656953811657
decision_type=2 2 2 2 2 2
left_child=1 2 -1 -3 -2 -6
right_child=4 3 -4 -5 5 -7
leaf_value=-0.013345960076176994 -0.0015831963613964118 -0.0030728269425396742 0.0015791384778736596 0.006767824154289114 0.010325000887007342 0
leaf_weight=4.8027686892601178 0.41783455433324057 0.77706484024383859 0.85520106594776724 2.6351952400364098 4.6914122802627389 0.40248243961832475
leaf_count=5186 82 371 249 282 202 132
internal_value=0 -0.00578594 -0.0108211 0.00328945 0.00788137 0.00967658
internal_weight=14.582 9.07023 5.65797 3.41226 5.51173 5.09389
internal_count=6504 6088 5435 653 416 334
is_linear=0
shrinkage=0.025


Tree=170
num_leaves=6
num_cat=0
split_feature=21 26 6 22 24
split_gain=2.24724 1.13869 0.706246 0.389513 0.30845
threshold=0.18379594385623935 -0.88249015808105458 4.1095016002655038 0.963395655155182 -4.7598583698272696
decision_type=2 2 2 2 2
left_child=4 2 -2 -3 -1
right_child=1 3 -4 -5 -6
leaf_value=3.8435736875735716e-05 0.011565299170085265 -0.0064472708092216668 -0.0015703650297599157 0.0023737586254638232 -0.011125112128481253
leaf_weight=0.52514001278905098 6.5799476695246994 2.0312596303483574 0.91185966911871208 0.81030168553115789 3.9308319665797189
leaf_count=34 573 1172 402 66 4250
internal_value=0 0.00566422 0.00947755 -0.00322515 -0.00982386
internal_weight=14.7893 10.3334 7.49181 2.84156 4.45597
internal_count=6497 2213 975 1238 4284
is_linear=0
shrinkage=0.025


Tree=171
num_leaves=7
num_cat=0
split_feature=22 17 7 12 5 16
split_gain=2.02193 1.3146 0.790362 0.449801 0.244526 0.071829
threshold=0.74295443296432506 0.66221347451210033 5.0931773185729989 3.0122863054275517 4.512784719467164 0.56987538933753978
decision_type=2 2 2 2 2 2
left_child=1 2 -1 -3 5 -2
right_child=4 3 -4 -5 -6 -7
leaf_value=-0.012790354064324145 0.010527544666132895 -0.0029027200063106245 0.001630801881290345 0.006446773179636477 0 0
leaf_weight=5.3841666712105489 3.8153563398154811 0.67650097663863595 0.84116506890131848 2.6757997842069017 0.39007916653645214 0.42702760042448051
leaf_count=5377 130 235 248 316 61 101
internal_value=0 -0.00576462 -0.0104265 0.00320353 0.0089945 0.0100425
internal_weight=14.2101 9.57763 6.22533 3.3523 4.63246 4.24238
internal_count=6468 6176 5625 551 292 231
is_linear=0
shrinkage=0.025


Tree=172
num_leaves=7
num_cat=0
split_feature=21 22 13 12 27 13
split_gain=2.16816 0.968759 0.854768 0.342346 0.140478 0.041475
threshold=0.94733256101608287 0.78497454524040233 5.4542055130004892 2.8747087717056279 0.30167564749717718 3.1004073619842534
decision_type=2 2 2 2 2 2
left_child=1 2 -1 -2 -5 -3
right_child=3 5 -4 4 -6 -7
leaf_value=-0.012175535977064328 -0.00047115698784457337 0 0.0016679714064739546 0.010880541629542202 0 0.0039806316510451484
leaf_weight=5.5040486974248761 0.48626559838885519 0.30460792442318041 1.347931285810773 4.7039147667237557 0.5171383712440728 1.2938513449626041
leaf_count=5376 81 59 523 213 142 54
internal_value=0.000329728 -0.00615117 -0.0093701 0.00890071 0.0101885 0.00334447
internal_weight=14.1578 8.45044 6.85198 5.70732 5.22105 1.59846
internal_count=6448 6012 5899 436 355 113
is_linear=0
shrinkage=0.025


Tree=173
num_leaves=7
num_cat=0
split_feature=25 13 27 1 0 17
split_gain=2.36747 1.64778 0.579631 0.124718 0.0917521 0.0457383
threshold=0.74213770031929027 3.0550500154495244 0.072812922298908248 1.7337122559547427 3.5938054323196416 0.66221347451210033
decision_type=2 2 2 2 2 2
left_child=1 4 5 -3 -1 -2
right_child=2 3 -4 -5 -6 -7
leaf_value=0 -0.00050889790872135046 0 -0.012028706663610337 0.011094873768336469 -0.006209714633090755 0.0022807865371887687
leaf_weight=0.29912142756802307 0.28369515331724027 0.095164585087331832 3.9918983951793052 6.8236719842025195 1.4590192294708684 0.82884141693648417
leaf_count=81 252 68 4424 743 810 57
internal_value=-0.000288431 0.00627977 -0.00965471 0.0107505 -0.00532621 0.000712549
internal_weight=13.7814 8.67698 5.10443 6.91884 1.75814 1.11254
internal_count=6435 1702 4733 811 891 309
is_linear=0
shrinkage=0.025


Tree=174
num_leaves=6
num_cat=0
split_feature=22 13 21 15 13
split_gain=1.80025 1.12517 0.543884 0.50508 0.285366
threshold=0.78497454524040233 4.2895624637603769 1.8244875073432925 0.17755726724863055 2.9648406505584721
decision_type=2 2 2 2 2
left_child=1 2 -1 -3 -2
right_child=4 3 -4 -5 -6
leaf_value=-0.01222246215348426 -0.00044343849543423161 0.0060161363961819189 0.00097018204029072864 -0.0031639552208929259 0.0098050292820403354
leaf_weight=4.5401120754322601 0.22630685093463476 2.861266669628094 0.56185553793329734 1.8957870419617391 4.1257651476698811
leaf_count=4255 58 933 26 1001 212
internal_value=0 -0.00534902 -0.0103898 0.00197052 0.00865165
internal_weight=14.2111 9.85902 5.10197 4.75705 4.35207
internal_count=6485 6215 4281 1934 270
is_linear=0
shrinkage=0.025


Tree=175
num_leaves=6
num_cat=0
split_feature=21 6 26 26 16
split_gain=1.86362 1.04103 0.380174 0.183404 0.0914182
threshold=0.019692956469953064 3.3084526062011723 -0.88249015808105458 -1.0079506635665891 1.4093104004859927
decision_type=2 2 2 2 2
left_child=4 2 -2 -3 -1
right_child=1 3 -4 -5 -6
leaf_value=-0.0095612846932002331 0.01091858506362893 0.00062726729855947308 0 -0.0056085171289765624 0
leaf_weight=3.0290061451887609 5.8595908381394102 1.1280400400573856 2.7326002705449346 1.261101616641098 0.17081009334651742
leaf_count=3235 465 304 1499 935 57
internal_value=0.000408875 0.00554346 0.00881855 -0.00338626 -0.00908547
internal_weight=14.1811 10.9813 8.59219 2.38914 3.19982
internal_count=6495 3203 1964 1239 3292
is_linear=0
shrinkage=0.025


Tree=176
num_leaves=7
num_cat=0
split_feature=27 22 13 0 21 1
split_gain=1.43809 1.04686 0.852414 0.492027 0.197574 0.0260897
threshold=0.11286577209830286 0.8592553734779359 2.2310250997543339 0.20302995294332507 0.18379594385623935 4.4943008422851571
decision_type=2 2 2 2 2 2
left_child=2 3 -1 -2 -4 -3
right_child=1 5 4 -5 -6 -7
leaf_value=-0.0032173247627297636 0.0012076657866967628 0.0041860518348673251 0 -0.010819428610845965 0.010685527335337874 0
leaf_weight=0.84459383167995827 0.42058154591359187 1.3929799302786703 0.32161555021593802 5.9265820162108866 4.4031872482519248 0.25318286764377251
leaf_count=491 95 79 273 5134 264 48
internal_value=0 -0.00569145 0.00672436 -0.0092907 0.00988466 0.003795
internal_weight=13.5627 7.99333 5.5694 6.34716 4.7248 1.64616
internal_count=6384 5356 1028 5229 537 127
is_linear=0
shrinkage=0.025


Tree=177
num_leaves=7
num_cat=0
split_feature=21 13 27 21 16 15
split_gain=1.7632 0.857555 0.34698 0.156229 0.078967 0.0836488
threshold=0.019692956469953064 2.9648406505584721 0.22463303804397586 1.8244875073432925 1.4093104004859927 2.9630355834960942
decision_type=2 2 2 2 2 2
left_child=4 3 -3 -2 5 -1
right_child=1 2 -4 -5 -6 -7
leaf_value=-0.0093169660414862653 -0.0048682055244841337 0.010521348944192516 0 0.00087413391629771221 0 0
leaf_weight=2.9133093336859037 1.4391163096879598 6.0543204334680905 2.7630229702481302 0.51115728198783461 0.17345416996249685 0.11189137268229377
leaf_count=3190 968 662 1534 21 61 16
internal_value=0.000838185 0.00579789 0.00853625 -0.00291779 -0.00844915 -0.00889275
internal_weight=13.9663 10.7676 8.81734 1.95027 3.19865 3.0252
internal_count=6452 3185 2196 989 3267 3206
is_linear=0
shrinkage=0.025


Tree=178
num_leaves=6
num_cat=0
split_feature=22 26 6 21 22
split_gain=2.11857 0.912849 0.943577 0.203757 0.177745
threshold=0.034267753362655647 -0.88249015808105458 4.1095016002655038 1.8244875073432925 0.78497454524040233
decision_type=2 2 2 2 2
left_child=3 2 -2 -1 -3
right_child=1 4 -4 -5 -6
leaf_value=-0.010921872303783629 0.011348674511823649 -0.0049443135102483042 -0.0029541694007704134 0 0.0010061636485583613
leaf_weight=3.6939702328818398 6.3811499895818997 1.7840096502040963 0.7400514168475637 0.29779066599439818 0.80542844880255859
leaf_count=4597 501 913 335 16 117
internal_value=-0.000317662 0.00531947 0.0087412 -0.0100585 -0.00282644
internal_weight=13.7024 9.71064 7.1212 3.99176 2.58944
internal_count=6479 1866 836 4613 1030
is_linear=0
shrinkage=0.025


Tree=179
num_leaves=7
num_cat=0
split_feature=13 25 22 14 17 9
split_gain=1.52769 0.801948 0.742999 0.493708 0.318675 0.0396091
threshold=4.2292997837066659 0.74213770031929027 0.91675469279289257 0.14099253714084628 1.1159101724624636 1.0259730815887453
decision_type=2 2 2 2 2 2
left_child=2 5 4 -3 -1 -2
right_child=1 3 -4 -5 -6 -7
leaf_value=-0.011483255637228185 0 0.0036081999450016389 0.0021685610979857383 -0.0061313808619022957 0 0.0098992550679792134
leaf_weight=3.9602734876098111 0.069254268775693961 0.94689572155039092 1.3480879894850657 1.8405714861073645 0.87185225967550639 4.256350894283969
leaf_count=4091 7 732 91 1138 104 282
internal_value=-9.77616e-05 0.00579744 -0.00700015 -0.00182788 -0.00999575 0.00972692
internal_weight=13.2933 7.11307 6.18021 2.78747 4.83213 4.32561
internal_count=6445 2159 4286 1870 4195 289
is_linear=0
shrinkage=0.025


Tree=180
num_leaves=7
num_cat=0
split_feature=18 13 13 27 23 6
split_gain=1.53646 0.663167 0.58523 0.4641 0.204713 0.052379
threshold=0.14786035567522052 4.2895624637603769 2.2310250997543339 0.31410817801952368 -1.2441717982292173 1.4650595784187319
decision_type=2 2 2 2 2 2
left_child=1 5 -2 -4 -3 -1
right_child=2 4 3 -5 -6 -7
leaf_value=0 -0.0023698730776075005 -0.0019057892361283362 0.010275585749239251 -0.00066278420956068351 0.00424513022771869 -0.010165791876828222
leaf_weight=0.23482401972432976 0.62240615882183004 1.2485566507748447 6.4179052849722211 1.0643058719506369 1.4568008823480338 2.9907432556065032
leaf_count=92 273 1105 728 400 491 3394
internal_value=0.000838771 -0.00597072 0.00667566 0.00857671 0.00120066 -0.00981902
internal_weight=14.0355 5.93092 8.10462 7.48221 2.70536 3.22557
internal_count=6483 5082 1401 1128 1596 3486
is_linear=0
shrinkage=0.025


Tree=181
num_leaves=7
num_cat=0
split_feature=27 5 22 12 22 11
split_gain=1.76893 0.934158 0.867433 0.504826 0.128653 0.0383025
threshold=0.11286577209830286 4.4075009822845468 0.74295443296432506 5.893489122390748 -0.25799408555030817 2.6431058645248418
decision_type=2 2 2 2 2 2
left_child=1 4 3 -2 -1 -4
right_child=2 -3 5 -5 -6 -7
leaf_value=0 -0.011735313291937905 -0.0031155651962139035 0 0.00042600944722670693 0.010948511243969014 0.0033520513388193875
leaf_weight=0.11056278002797615 4.7965896930181771 1.0624891031038712 0.16362300696346199 1.0872389897194805 4.7627966516010929 1.4130192473239729
leaf_count=172 4815 582 35 388 300 138
internal_value=0 0.00718691 -0.00658751 -0.00975051 0.0105064 0.00270494
internal_weight=13.3963 5.93585 7.46047 5.88383 4.87336 1.57664
internal_count=6430 1054 5376 5203 472 173
is_linear=0
shrinkage=0.025


Tree=182
num_leaves=7
num_cat=0
split_feature=26 22 13 26 21 16
split_gain=1.5663 1.091 0.88134 0.49086 0.197841 0.104297
threshold=-0.99712044000625599 0.74295443296432506 2.2310250997543339 -0.38460642099380488 0.18379594385623935 0.45483826100826269
decision_type=2 2 2 2 2 2
left_child=2 3 -1 -2 -4 -3
right_child=1 5 4 -5 -6 -7
leaf_value=-0.0030703678986121123 -0.01099709979555228 0.0048962873519462534 0 0.0011625790646487481 0.011252910475753669 -0.00014961840780105227
leaf_weight=0.81056593653920561 5.4771892591670621 1.7700996424464395 0.30855919037276169 0.41704965240205627 4.6054459447186673 0.24312919523799781
leaf_count=478 5202 88 250 94 255 113
internal_value=0.000184236 -0.00544701 0.00745855 -0.00942433 0.0104983 0.00372352
internal_weight=13.632 7.90747 5.72457 5.89424 4.91401 2.01323
internal_count=6480 5497 983 5296 505 201
is_linear=0
shrinkage=0.025


Tree=183
num_leaves=6
num_cat=0
split_feature=21 13 26 21 15
split_gain=1.6522 1.12502 0.414405 0.179316 0.0482793
threshold=0.019692956469953064 3.1660896539688115 -0.88249015808105458 1.8244875073432925 -0.72542160749435414
decision_type=2 2 2 2 2
left_child=4 3 -3 -2 -1
right_child=1 2 -4 -5 -6
leaf_value=0 -0.0058683496906941982 0.010879050313793888 0 0.00064508289269582172 -0.0089629043418686764
leaf_weight=0.21546283709903891 1.5408882812189397 5.8773852952290317 2.5194072885860797 0.52687729249009851 2.7800234640089929
leaf_count=82 1112 569 1463 25 3198
internal_value=0.000397791 0.00533842 0.00876144 -0.00404214 -0.00862525
internal_weight=13.46 10.4646 8.39679 2.06777 2.99549
internal_count=6449 3169 2032 1137 3280
is_linear=0
shrinkage=0.025


Tree=184
num_leaves=7
num_cat=0
split_feature=13 26 22 14 22 7
split_gain=1.50764 1.32968 0.34077 0.30283 0.128537 0.112555
threshold=3.4364690780639653 -0.88249015808105458 0.034267753362655647 0.099982444196939482 0.8592553734779359 -1.0770112872123716
decision_type=2 2 2 2 2 2
left_child=4 2 -2 -3 5 -1
right_child=1 3 -4 -5 -6 -7
leaf_value=0 -0.0001837431506262569 0.0017579939427324253 0.01125428119831063 -0.0058868428820379459 0 -0.0096274324856438567
leaf_weight=0.38924198866880111 0.5111978018321669 0.87208009296591571 5.4724515715352027 2.8171065712158452 0.56992383342003439 2.6665435478571462
leaf_count=93 552 889 315 1927 70 2648
internal_value=0 0.00510483 0.0100693 -0.00338869 -0.00805678 -0.00891496
internal_weight=13.2985 9.67284 5.98365 3.68919 3.62571 3.05579
internal_count=6494 3683 867 2816 2811 2741
is_linear=0
shrinkage=0.025


Tree=185
num_leaves=7
num_cat=0
split_feature=26 6 22 27 22 21
split_gain=1.57805 1.30718 0.636395 0.465414 0.150092 0.10104
threshold=-0.93918883800506581 3.5553669929504399 0.74295443296432506 0.73340532183647167 -0.25799408555030817 1.8244875073432925
decision_type=2 2 2 2 2 2
left_child=1 4 3 -2 -1 -3
right_child=2 5 -4 -5 -6 -7
leaf_value=0 -0.010458605513095368 -0.0049273013653920554 0.002297573763007502 0.0012110079428211649 0.01161485965557198 0.00010193190899884916
leaf_weight=0.11935889020969614 4.472573393060884 1.5837918442921362 1.2333041281672192 0.40881260963215016 5.5606660833800561 0.22094192594522599
leaf_count=152 4441 1222 155 89 391 7
internal_value=0.000826114 0.00699361 -0.00591094 -0.00873054 0.0111631 -0.00377063
internal_weight=13.5994 7.48476 6.11469 4.88139 5.68002 1.80473
internal_count=6457 1772 4685 4530 543 1229
is_linear=0
shrinkage=0.025


Tree=186
num_leaves=6
num_cat=0
split_feature=21 6 26 21 19
split_gain=1.57149 1.0948 0.54607 0.152501 0.0743615
threshold=0.0073586713988333949 3.3084526062011723 -0.88249015808105458 1.8244875073432925 0.7953697443008424
decision_type=2 2 2 2 2
left_child=4 2 -2 -3 -1
right_child=1 3 -4 -5 -6
leaf_value=-0.0083819814981850645 0.011523343892637912 -0.0052808550217177232 0 0.00056621311592280703 0
leaf_weight=2.6102510875571183 5.942242720819193 1.6884104797572939 2.6537323102602386 0.54336356511339534 0.3222808257996802
leaf_count=3103 496 1228 1535 27 65
internal_value=0.00118756 0.00573422 0.0090425 -0.00358581 -0.00784502
internal_weight=13.7603 10.8277 8.59598 2.23177 2.93253
internal_count=6454 3286 2031 1255 3168
is_linear=0
shrinkage=0.025


Tree=187
num_leaves=7
num_cat=0
split_feature=6 21 3 21 4 24
split_gain=1.50567 1.07572 0.434368 0.310917 0.0955244 0.0472707
threshold=3.1927362680435185 0.0073586713988333949 -0.24073475599288938 1.8244875073432925 3.6491390466690068 -5.4228928089141837
decision_type=2 2 2 2 2 2
left_child=1 4 -3 5 -1 -2
right_child=3 2 -4 -5 -6 -7
leaf_value=-0.0051976238840416612 0 -0.0011800479826395349 0.009875686549404572 0.00048770927119403865 0 -0.0096837912549676813
leaf_weight=1.4617781267952512 0.1938101347768687 0.36085911522968483 7.9473754625287256 0.55482719856081519 0.22084890771657217 2.7554288794126487
leaf_count=1722 23 110 1845 29 9 2737
internal_value=0.000517311 0.00542548 0.00866292 -0.00770397 -0.0041459 -0.00936872
internal_weight=13.4949 9.99086 8.30823 3.50407 1.68263 2.94924
internal_count=6475 3686 1955 2789 1731 2760
is_linear=0
shrinkage=0.025


Tree=188
num_leaves=5
num_cat=0
split_feature=22 6 3 25
split_gain=1.74992 0.810801 0.565756 0.149571
threshold=0.034267753362655647 2.9303286075592045 1.51239550113678 -4.6009182929992667
decision_type=2 2 2 2
left_child=-1 2 -2 -3
right_child=1 3 -4 -5
leaf_value=-0.0093460696210972919 -0.0011767846230554962 0.00060379986448579363 0.010214843260721291 -0.0050166989596849825
leaf_weight=3.8060675526430723 1.1896013231453233 0.81814211161690797 5.6778668405095232 1.2556208009118561
leaf_count=4564 499 69 520 782
internal_value=-0.000472341 0.0048539 0.00805049 -0.0030563
internal_weight=12.7473 8.94123 6.86747 2.07376
internal_count=6434 1870 1019 851
is_linear=0
shrinkage=0.025


Tree=189
num_leaves=7
num_cat=0
split_feature=6 27 25 21 8 22
split_gain=1.30839 1.13009 0.403532 0.130344 0.111469 0.11037
threshold=3.1927362680435185 0.16958870738744738 0.74213770031929027 0.0073586713988333949 -0.96212852001190174 0.91675469279289257
decision_type=2 2 2 2 2 2
left_child=1 3 -3 -1 -2 -6
right_child=4 2 -4 -5 5 -7
leaf_value=0 0 0.0022326529412687603 -0.0060042725734831574 0.010296267957192861 -0.0094266124590050172 0
leaf_weight=0.29716494515741754 0.36073656794906162 1.9974168940025263 2.7764771499423659 4.5041068049831665 2.5800987777474815 0.42214430271997105
leaf_count=167 72 475 2765 248 2655 46
internal_value=0 0.004405 -0.00253934 0.00972045 -0.00799772 -0.00869213
internal_weight=12.9381 9.57517 4.77389 4.80127 3.36298 3.00224
internal_count=6428 3655 3240 415 2773 2701
is_linear=0
shrinkage=0.025


Tree=190
num_leaves=7
num_cat=0
split_feature=6 21 14 21 24 8
split_gain=1.48902 1.00394 0.175756 0.105577 0.121451 0.0882255
threshold=3.3084526062011723 0.0073586713988333949 0.36992880702018743 1.8244875073432925 -5.4228928089141837 1.7053381204605105
decision_type=2 2 2 2 2 2
left_child=1 5 -3 4 -2 -1
right_child=3 2 -4 -5 -6 -7
leaf_value=0 0 0.010295847384359978 0.00032961538741689702 0 -0.0093498239707005878 -0.0049919941179511745
leaf_weight=0.2335747451215856 0.35608225717442188 4.8834379465260991 3.1713221002864884 0.34719009598484252 2.5417833135143164 1.4009490396638282
leaf_count=22 25 1182 796 27 2554 1759
internal_value=0.000366474 0.00531934 0.0084798 -0.0079217 -0.00859458 -0.00396629
internal_weight=12.9343 9.68928 8.05476 3.24506 2.89787 1.63452
internal_count=6365 3759 1978 2606 2579 1781
is_linear=0
shrinkage=0.025


Tree=191
num_leaves=7
num_cat=0
split_feature=27 5 22 27 24 6
split_gain=1.38736 1.00854 0.561968 0.523566 0.342324 0.0734713
threshold=0.16958870738744738 4.141651153564454 0.74295443296432506 0.73340532183647167 0.44720697402954107 3.9463615417480473
decision_type=2 2 2 2 2 2
left_child=1 4 3 -2 -1 -3
right_child=2 5 -4 -5 -6 -7
leaf_value=0.010598547358835683 -0.011105658754135802 0 0.0016811044183515076 0.001371094208068442 -0.00054730423131867524 -0.0046929868179809726
leaf_weight=5.1691204926901264 4.1484243630038691 0.29851788817904878 1.1392351916438199 0.38900562170601904 0.29215825238497917 1.1790165921120204
leaf_count=440 4370 41 147 88 480 859
internal_value=0 0.00571364 -0.00668652 -0.00922266 0.00942824 -0.00373096
internal_weight=12.6155 6.93881 5.67667 4.53743 5.46128 1.47753
internal_count=6425 1820 4605 4458 920 900
is_linear=0
shrinkage=0.025


Tree=192
num_leaves=7
num_cat=0
split_feature=21 19 7 13 13 15
split_gain=1.5422 0.76396 0.723519 0.317828 0.313345 0.142961
threshold=0.94733256101608287 0.28072077035903936 5.0931773185729989 2.2310250997543339 3.4364690780639653 -0.46135626733303065
decision_type=2 2 2 2 2 2
left_child=1 2 -1 -2 -3 -5
right_child=3 4 -4 5 -6 -7
leaf_value=-0.01170773201266039 -0.00084046019529630638 -0.0026487741048634491 0.0018263389985961925 0 0.0050726287132747154 0.0093802164133483714
leaf_weight=4.4376329569859063 0.32290061214007515 0.74941519922140321 0.76616635372920416 0.18880771911790351 2.0740329209147603 4.528558559679368
leaf_count=5139 88 427 234 30 206 316
internal_value=0 -0.00560804 -0.00918406 0.00742931 0.00184126 0.00877974
internal_weight=13.0675 8.02725 5.2038 5.04027 2.82345 4.71737
internal_count=6440 6006 5373 434 633 346
is_linear=0
shrinkage=0.025


Tree=193
num_leaves=7
num_cat=0
split_feature=22 27 13 6 18 16
split_gain=1.93594 0.573395 0.316353 0.257444 0.199022 0.0762904
threshold=0.74295443296432506 0.12957300245761874 4.263643980026246 3.9463615417480473 0.45255728065967565 0.54698663949966442
decision_type=2 2 2 2 2 2
left_child=1 2 -1 5 -3 -2
right_child=3 4 -4 -5 -6 -7
leaf_value=-0.0032842596958924651 0.0093384043406670846 -0.011206388713992833 0.0044724451651193403 -0.00046837864479587992 0 0
leaf_weight=1.3325070123755707 3.3928951262860227 4.5190583806397626 1.495548061589943 0.24196034588385362 0.76852300301834464 0.36234168490773289
leaf_count=1022 145 4805 86 56 262 89
internal_value=-0.00127225 -0.00737406 0.000255924 0.007635 -0.0102035 0.00884029
internal_weight=12.1128 8.11564 2.82806 3.9972 5.28758 3.75524
internal_count=6465 6175 1108 290 5067 234
is_linear=0
shrinkage=0.025


Tree=194
num_leaves=7
num_cat=0
split_feature=27 22 13 13 22 2
split_gain=1.37952 0.996043 0.797203 0.547268 0.172261 0.0528981
threshold=0.12957300245761874 0.74295443296432506 2.2310250997543339 5.4542055130004892 -0.25799408555030817 4.0677230358123788
decision_type=2 2 2 2 2 2
left_child=2 3 -1 -2 -4 -3
right_child=1 5 4 -5 -6 -7
leaf_value=-0.0030154433688009308 -0.011827182894413119 0.0042057558270483563 0 0.00049496423384584674 0.010319501714523213 0
leaf_weight=0.81044041378481768 3.8890585499393637 1.5531273091546607 0.14602889604429936 1.2708678505514397 4.880159425905731 0.22045178516418662
leaf_count=529 4509 113 216 515 461 52
internal_value=8.17389e-05 -0.00551714 0.00678636 -0.0094271 0.00970582 0.0034974
internal_weight=12.7701 6.93351 5.83663 5.15993 5.02619 1.77358
internal_count=6395 5189 1206 5024 677 165
is_linear=0
shrinkage=0.025


Tree=195
num_leaves=7
num_cat=0
split_feature=27 6 22 0 21 21
split_gain=1.3014 0.959217 0.457434 0.446335 0.193118 0.0934081
threshold=0.16958870738744738 3.1927362680435185 0.91675469279289257 0.20302995294332507 1.8244875073432925 -0.50625339150428761
decision_type=2 2 2 2 2 2
left_child=1 5 3 -2 -3 -1
right_child=2 4 -4 -5 -6 -7
leaf_value=0 0.0011640906877545972 -0.0051225107578145197 0.0015925843324554653 -0.010178532396398061 0.001253329197993946 0.010076027456992763
leaf_weight=0.084541392447135766 0.43251787972985756 1.6690695031647922 0.77319950249511737 4.4437862853519619 0.42587242170702655 4.5826597098493949
leaf_count=57 105 1403 90 4399 10 359
internal_value=0 0.00566762 -0.00639519 -0.00845964 -0.00297564 0.00972623
internal_weight=12.4116 6.76214 5.6495 4.8763 2.09494 4.6672
internal_count=6423 1829 4594 4504 1413 416
is_linear=0
shrinkage=0.025


Tree=196
num_leaves=6
num_cat=0
split_feature=21 26 13 22 22
split_gain=1.72117 0.716722 0.543602 0.276669 0.134392
threshold=0.18897207081317904 -0.88249015808105458 2.2310250997543339 0.963395655155182 1.1152496933937075
decision_type=2 2 2 2 2
left_child=4 2 -2 -3 -1
right_child=1 3 -4 -5 -6
leaf_value=-0.010173645243094878 -0.0017590890152114728 -0.0053224033171799141 0.009776532864435512 0.0020359247630320847 0
leaf_weight=3.3253648516547414 0.52077219628699811 1.8095460900367455 5.7845858085856889 0.77117033509421151 0.21707467842497852
leaf_count=4256 267 1181 725 60 13
internal_value=-0.000589657 0.00467957 0.00791433 -0.00240656 -0.0095415
internal_weight=12.4285 8.88607 6.30536 2.58072 3.54244
internal_count=6502 2233 992 1241 4269
is_linear=0
shrinkage=0.025


Tree=197
num_leaves=7
num_cat=0
split_feature=6 26 24 18 22 8
split_gain=1.27327 1.00766 0.27858 0.251509 0.105529 0.127522
threshold=3.3084526062011723 -0.88249015808105458 0.44720697402954107 0.53866854310035717 0.963395655155182 -0.96212852001190174
decision_type=2 2 2 2 2 2
left_child=1 2 -1 -3 5 -2
right_child=4 3 -4 -5 -6 -7
leaf_value=0.010148058010998287 0 -0.0049185340066893396 -0.00028657064242684093 0.0018546766796529984 0 -0.0089170778954215778
leaf_weight=5.6882584894192396 0.33689453245460832 2.990362872875266 0.25257981204049418 0.82496650375833258 0.4542965649452525 2.4175432481933976
leaf_count=466 67 2893 382 100 40 2543
internal_value=0.000310686 0.00489371 0.00920495 -0.00252372 -0.00735569 -0.00811059
internal_weight=12.9649 9.75617 5.94084 3.81533 3.20873 2.75444
internal_count=6491 3841 848 2993 2650 2610
is_linear=0
shrinkage=0.025


Tree=198
num_leaves=7
num_cat=0
split_feature=22 17 7 12 13 16
split_gain=1.32764 1.38493 0.7559 0.348006 0.184036 0.0702812
threshold=0.74295443296432506 0.66221347451210033 5.0931773185729989 2.8747087717056279 2.5965435504913335 0.56509107351303112
decision_type=2 2 2 2 2 2
left_child=1 2 -1 -3 -2 -6
right_child=4 3 -4 -5 5 -7
leaf_value=-0.012519358031062936 -9.8868837913299739e-06 -0.0020125729198720889 0.0016641831055330164 0.0064451669556622945 0.0090879182262240052 0
leaf_weight=4.4513369752239651 0.17770338439731981 0.54760292117862297 0.78779885506082781 2.8561981956590898 3.4520456188038229 0.34885949337331101
leaf_count=5329 49 199 256 352 152 95
internal_value=1.98719e-05 -0.00461581 -0.010005 0.00395292 0.00774879 0.00862122
internal_weight=12.6215 8.64294 5.23914 3.4038 3.97861 3.80091
internal_count=6432 6136 5585 551 296 247
is_linear=0
shrinkage=0.025


Tree=199
num_leaves=7
num_cat=0
split_feature=27 13 21 19 21 0
split_gain=1.71669 0.77092 0.44597 0.317365 0.195151 0.0715257
threshold=0.12957300245761874 2.2310250997543339 0.94733256101608287 0.53911316394805919 0.18897207081317904 3.0754867792129521
decision_type=2 2 2 2 2 2
left_child=1 -1 3 -2 -3 -4
right_child=2 4 5 -5 -6 -7
leaf_value=-0.0031252048974729899 -0.01140851807011023 0 0.0024762390482495167 0 0.010142996787427073 -0.0012027710444501923
leaf_weight=0.82437569734611305 3.9485065978333296 0.44230761019571208 0.9473672812382572 0.67291290610592103 4.2336300195747754 0.8893227661610581
leaf_count=534 4844 371 36 116 326 232
internal_value=-0.00103045 0.00619554 -0.00774822 -0.0100218 0.00925052 0.000203841
internal_weight=11.9584 5.50031 6.45811 4.62142 4.67594 1.83669
internal_count=6459 1231 5228 4960 697 268
is_linear=0
shrinkage=0.025


Tree=200
num_leaves=7
num_cat=0
split_feature=27 5 25 0 13 22
split_gain=1.2959 0.738964 0.406819 0.503301 0.296597 0.180396
threshold=0.12957300245761874 4.7276937961578378 0.41893194615840917 0.20302995294332507 3.9438340663909917 -0.25799408555030817
decision_type=2 2 2 2 2 2
left_child=1 5 4 -4 -2 -1
right_child=2 -3 3 -5 -6 -7
leaf_value=0 -0.0033447181964883495 -0.0028644208968613819 0.0014783707835646625 -0.010560879926155517 0.004082437876515437 0.010179219592003019
leaf_weight=0.16507425829331612 1.1948275120666951 0.75391523171856523 0.37512676832557224 3.1058936490771885 1.9816182773502076 4.5549174623665749
leaf_count=297 716 478 85 4129 274 434
internal_value=0 0.00664623 -0.00545804 -0.00841985 0.000187376 0.00950038
internal_weight=12.1314 5.47391 6.65747 3.48102 3.17645 4.71999
internal_count=6413 1209 5204 4214 990 731
is_linear=0
shrinkage=0.025


Tree=201
num_leaves=7
num_cat=0
split_feature=22 12 14 21 16 12
split_gain=1.30667 0.675541 0.291994 0.197689 0.178035 0.11037
threshold=0.78497454524040233 5.2846040725708017 0.32838469743728643 1.2571114897727969 0.57673048973083507 2.6158263683319096
decision_type=2 2 2 2 2 2
left_child=1 3 -3 -1 5 -2
right_child=4 2 -4 -5 -6 -7
leaf_value=-0.0097153902551060465 0 0.0051328542159589131 -0.002386577665324676 0 -3.6617628525140306e-06 0.0086734023140662905
leaf_weight=4.7235702989855763 0.28849736062693576 1.5841174723245788 0.87999262098310271 0.86247657588683058 0.30406655831757223 3.0052395256279851
leaf_count=5063 48 634 355 82 102 119
internal_value=-0.000327341 -0.00551198 0.0018103 -0.00866182 0.00700558 0.00801834
internal_weight=11.648 8.05016 2.46411 5.58605 3.5978 3.29374
internal_count=6403 6134 989 5145 269 167
is_linear=0
shrinkage=0.025


Tree=202
num_leaves=7
num_cat=0
split_feature=22 26 27 5 5 20
split_gain=1.14823 0.727134 0.476721 0.309294 0.140941 0.0412554
threshold=0.81920394301414501 -1.0020638108253477 0.73340532183647167 4.0252473354339608 4.4075009822845468 0.89298149943351757
decision_type=2 2 2 2 2 2
left_child=1 3 -3 -1 5 -2
right_child=4 2 -4 -5 -6 -7
leaf_value=0.0052091316527282357 0.0080117820337263293 -0.010143661909641707 0.001383787482578119 -0.002503739418004274 0 0
leaf_weight=2.0576294652200882 2.7717600897594838 5.1227637987030894 0.38043527519039333 0.70364655958110223 0.25000974151771505 0.32587081683595887
leaf_count=249 106 5279 90 593 50 93
internal_value=-0.000214489 -0.0050136 -0.00847232 0.00209162 0.00679111 0.00764338
internal_weight=11.6121 8.26448 5.5032 2.76128 3.34764 3.09763
internal_count=6460 6211 5369 842 249 199
is_linear=0
shrinkage=0.025


Tree=203
num_leaves=7
num_cat=0
split_feature=27 22 5 22 19 13
split_gain=1.45618 0.868583 0.678724 0.177286 0.158383 0.0275004
threshold=0.12957300245761874 0.74295443296432506 4.512784719467164 -0.25799408555030817 0.39187607169151312 3.1004073619842534
decision_type=2 2 2 2 2 2
left_child=2 4 3 -1 -2 -3
right_child=1 5 -4 -5 -6 -7
leaf_value=0 -0.010642808833844858 0 -0.0025353238311743905 0.009883330064227324 0 0.0031701058982961934
leaf_weight=0.1636159209665492 4.5341701784709585 0.14537885243771587 0.94091963999380812 4.4306142672066926 0.64612923457025306 1.4957167458196634
leaf_count=265 4859 31 557 395 182 150
internal_value=-0.000155355 -0.00641296 0.00634672 0.00919051 -0.00981614 0.002691
internal_weight=12.3565 6.8214 5.53515 4.59423 5.1803 1.6411
internal_count=6439 5222 1217 660 5041 181
is_linear=0
shrinkage=0.025


Tree=204
num_leaves=7
num_cat=0
split_feature=21 13 20 26 16 20
split_gain=1.11497 0.800785 0.210972 0.162768 0.0646726 0.0631199
threshold=0.0073586713988333949 3.5581232309341435 0.80740720033645641 -1.0079506635665891 1.4093104004859927 2.8015156984329228
decision_type=2 2 2 2 2 2
left_child=4 3 -3 -2 5 -1
right_child=1 2 -4 -5 -6 -7
leaf_value=-0.0080618242361000046 0.00064311064346593734 0.009100129259670282 0 -0.0050691729334680037 0 0
leaf_weight=2.4062644185214612 1.1876927356788658 5.4421255171000666 1.568307639674458 1.3445802711285049 0.16713846090715367 0.098269852893281384
leaf_count=3114 313 1342 475 1141 63 18
internal_value=0.000225934 0.00451344 0.00781154 -0.00291179 -0.00723419 -0.00767366
internal_weight=12.2144 9.54271 7.01043 2.53227 2.67167 2.50453
internal_count=6466 3271 1817 1454 3195 3132
is_linear=0
shrinkage=0.025


Tree=205
num_leaves=7
num_cat=0
split_feature=22 6 27 17 16 26
split_gain=1.11668 0.430929 0.363499 0.492416 0.253132 0.0379758
threshold=0.23135621845722201 4.1095016002655038 0.73340532183647167 0.89958903193473827 0.8359370529651643 -0.35134677588939661
decision_type=2 2 2 2 2 2
left_child=2 4 3 -1 -2 -4
right_child=1 -3 5 -5 -6 -7
leaf_value=-0.010194516787401013 0.0082660047476334243 -0.0020882644642877704 0.0026512587457388995 0.00073889300937213026 -0.00043533268830885227 0
leaf_weight=3.534680895965721 5.7132753139230772 0.56596506939968083 0.17311982785759028 1.3872211263660572 0.40726367160823418 0.1961152094445423
leaf_count=5134 596 248 15 198 186 74
internal_value=0 0.00531201 -0.00598119 -0.0076636 0.00718958 0.00153359
internal_weight=11.9776 6.6865 5.29114 4.9219 6.12054 0.369235
internal_count=6451 1030 5421 5332 782 89
is_linear=0
shrinkage=0.025


Tree=206
num_leaves=7
num_cat=0
split_feature=21 6 26 21 16 15
split_gain=1.27643 0.805779 0.441776 0.123529 0.0639048 0.0635296
threshold=0.0073586713988333949 3.3084526062011723 -0.88249015808105458 1.8244875073432925 1.4093104004859927 2.9630355834960942
decision_type=2 2 2 2 2 2
left_child=4 2 -2 -3 5 -1
right_child=1 3 -4 -5 -6 -7
leaf_value=-0.0081070010234132114 0.01048254060152456 -0.0044745843488461952 0 0.00057670477965965827 0 0
leaf_weight=2.4259355832728051 5.2315501282537289 1.6326706820218535 2.4381476467606253 0.50907486723735917 0.16886287951638213 0.096505381912720511
leaf_count=3144 478 1236 1555 27 63 14
internal_value=0.000849313 0.00520961 0.00818198 -0.00283563 -0.00728701 -0.00772023
internal_weight=12.5027 9.81144 7.6697 2.14175 2.6913 2.52244
internal_count=6517 3296 2033 1263 3221 3158
is_linear=0
shrinkage=0.025


Tree=207
num_leaves=6
num_cat=0
split_feature=21 19 13 21 20
split_gain=1.59505 1.22219 0.317881 0.181274 0.146852
threshold=0.94733256101608287 0.19740001112222674 2.2310250997543339 0.040613936260342605 1.2586480379104616
decision_type=2 2 2 2 2
left_child=1 -1 -2 -3 -4
right_child=2 3 4 -5 -6
leaf_value=-0.011830906195835676 -0.00093927675261282868 -0.0013631255690228347 0.0091772715548991482 0.0043896344773576871 0
leaf_weight=3.9274642090240377 0.34212609220412549 0.82440017635235596 3.9894153152417857 2.5247191995913454 0.34207965773384774
leaf_count=5131 91 522 208 359 125
internal_value=-0.000398364 -0.00655953 0.00698045 0.00225669 0.00844388
internal_weight=11.9502 7.27658 4.67362 3.34912 4.33149
internal_count=6436 6012 424 881 333
is_linear=0
shrinkage=0.025


Tree=208
num_leaves=6
num_cat=0
split_feature=21 6 26 22 26
split_gain=1.62662 0.722575 0.605217 0.185984 0.10477
threshold=0.18379594385623935 3.3615400791168217 -0.79763978719711293 0.8592553734779359 -1.0079506635665891
decision_type=2 2 2 2 2
left_child=3 2 -2 -1 -3
right_child=1 4 -4 -5 -6
leaf_value=-0.0091994634810897355 0.010636521381551932 0.00036980691536502019 -0.0012364431300003534 0 -0.0041649905144802747
leaf_weight=2.9915585870148802 5.9594337887174325 0.96481248002965003 1.1524128007949901 0.49107425352849521 0.94849545168108285
leaf_count=4240 618 234 716 46 672
internal_value=0.000283644 0.00571427 0.00848039 -0.00812573 -0.00236061
internal_weight=12.5078 9.02515 7.11185 3.48263 1.91331
internal_count=6526 2240 1334 4286 906
is_linear=0
shrinkage=0.025


Tree=209
num_leaves=7
num_cat=0
split_feature=6 25 26 17 1 25
split_gain=1.16309 0.961073 0.438697 0.118392 0.0852335 0.0269604
threshold=3.3084526062011723 0.74213770031929027 -1.0384178757667539 1.1159101724624636 1.7337122559547427 -7.6841704845428458
decision_type=2 2 2 2 2 2
left_child=1 4 -3 5 -1 -2
right_child=3 2 -4 -5 -6 -7
leaf_value=0 0 0.0030320118957879966 -0.0059885336987916997 0 0.0095835460680767162 -0.0080409952882780824
leaf_weight=0.07527289347490107 0.099767153908033701 0.97052331927989088 2.5189120478098639 0.71276675463013806 5.5003070908678637 2.1669393202173532
leaf_count=59 6 50 3047 96 608 2555
internal_value=0.000613907 0.00506482 -0.00243533 -0.00683292 0.00928189 -0.00783907
internal_weight=12.0445 9.06502 3.48944 2.97947 5.57558 2.26671
internal_count=6421 3764 3097 2657 667 2561
is_linear=0
shrinkage=0.025


Tree=210
num_leaves=7
num_cat=0
split_feature=21 19 20 26 6 5
split_gain=1.23452 0.884574 0.332591 0.202079 0.116841 0.112513
threshold=0.94733256101608287 0.50878581404685985 1.5560982823371889 -0.84853374958038319 3.5553669929504399 4.0862703323364267
decision_type=2 2 2 2 2 2
left_child=1 2 -1 5 -3 -2
right_child=3 4 -4 -5 -6 -7
leaf_value=-0.011345182430660072 0.0076262258350199832 0.0041677362692571357 6.8286030655964817e-05 -0.00033762962659286856 -0.00071869496820794977 0
leaf_weight=4.7456194627484365 3.067989635841514 1.501783905776392 0.57642059610952845 0.64335376856615756 0.30329855682066398 0.30238709127297614
leaf_count=5592 176 105 190 170 175 59
internal_value=-0.00153461 -0.00665028 -0.0100692 0.00550591 0.00250346 0.00690341
internal_weight=11.1409 7.12712 5.32204 4.01373 1.80508 3.37038
internal_count=6467 6062 5782 405 280 235
is_linear=0
shrinkage=0.025


Tree=211
num_leaves=7
num_cat=0
split_feature=27 22 5 27 22 5
split_gain=0.980347 0.662891 0.648625 0.488281 0.20795 0.0363936
threshold=0.12957300245761874 0.74295443296432506 4.512784719467164 0.73340532183647167 -0.099524945020675645 3.1451030969619755
decision_type=2 2 2 2 2 2
left_child=2 3 4 -2 -1 -3
right_child=1 5 -4 -5 -6 -7
leaf_value=-1.2999397165205609e-05 -0.0099870446089596228 0.0032416294353986492 -0.002844860270722822 0.001542040769081602 0.0094235608800607041 0
leaf_weight=0.2041573284077457 4.505910427429626 1.3645890444895483 0.75933941231050983 0.3582749602064722 4.1881542546980199 0.20733207090233907
leaf_count=329 4945 125 566 89 316 47
internal_value=0 -0.00499668 0.0056772 -0.00815306 0.00854608 0.00259144
internal_weight=11.5878 6.43611 5.15165 4.86419 4.39231 1.57192
internal_count=6417 5206 1211 5034 645 172
is_linear=0
shrinkage=0.025


Tree=212
num_leaves=7
num_cat=0
split_feature=26 5 24 12 21 17
split_gain=1.01455 0.634202 0.523537 0.437847 0.104899 0.0436723
threshold=-1.0020638108253477 4.7276937961578378 -3.6482713222503658 5.893489122390748 -0.16039368510246274 0.59085991978645336
decision_type=2 2 2 2 2 2
left_child=1 4 5 -4 -1 -2
right_child=2 -3 3 -5 -6 -7
leaf_value=0 0.002953637230830617 -0.0026033171051531891 -0.0095079228100971042 0.000922048466670883 0.0094118798599590395 0
leaf_weight=0.1118895774270644 1.3003046674493814 0.71454887567961112 4.2760721393715357 0.97447005088906724 3.8826435195514932 0.31787243641156226
leaf_count=126 105 446 4999 371 353 98
internal_value=0 0.00611999 -0.00477351 -0.00745692 0.00895503 0.00204467
internal_weight=11.5778 4.70908 6.86872 5.25054 3.99453 1.61818
internal_count=6498 925 5573 5370 479 203
is_linear=0
shrinkage=0.025


Tree=213
num_leaves=6
num_cat=0
split_feature=21 6 15 21 15
split_gain=0.883814 0.733474 0.394704 0.149532 0.0623863
threshold=0.019692956469953064 3.2911256551742558 0.2948805838823319 1.8244875073432925 2.9630355834960942
decision_type=2 2 2 2 2
left_child=4 2 -2 -3 -1
right_child=1 3 -4 -5 -6
leaf_value=-0.0078573815655071932 0.0088302249704928226 -0.0054284373346895681 -0.0002550400621294671 0.00048117515258355232 0
leaf_weight=2.3237811623839675 4.5743620497632929 1.4875629984417171 2.1163300692969642 0.50857952973456111 0.090146657345030579
leaf_count=3239 1306 1232 645 28 14
internal_value=-0.000321975 0.00320834 0.00654186 -0.00376161 -0.00746516
internal_weight=11.1008 8.68683 6.69069 1.99614 2.41393
internal_count=6464 3211 1951 1260 3253
is_linear=0
shrinkage=0.025


Tree=214
num_leaves=6
num_cat=0
split_feature=21 24 11 12 23
split_gain=1.182 0.55047 0.55941 0.254945 0.172951
threshold=0.94733256101608287 -4.7598583698272696 5.5955002307891855 2.8747087717056279 -5.0860803127288809
decision_type=2 2 2 2 2
left_child=1 -1 -3 -2 -5
right_child=3 2 -4 4 -6
leaf_value=0.0023888533939313127 -0.00051386519122637877 -0.010139287507809562 0.0011262148827523794 0 0.0088678234709133174
leaf_weight=1.1102236085280308 0.46447335433913384 4.3593544126451889 1.3441201896093842 0.30225223424349668 3.8164708784461254
leaf_count=76 93 5301 622 123 208
internal_value=0 -0.00513437 -0.00761457 0.00667762 0.00801109
internal_weight=11.3969 6.8137 5.70347 4.5832 4.11872
internal_count=6423 5999 5923 424 331
is_linear=0
shrinkage=0.025


Tree=215
num_leaves=6
num_cat=0
split_feature=22 17 26 0 13
split_gain=0.930609 0.902257 0.528864 0.381036 0.0731682
threshold=0.91675469279289257 0.57245939970016491 -0.38460642099380488 4.0258665084838876 3.0763757228851323
decision_type=2 2 2 2 2
left_child=1 2 -1 -3 -2
right_child=4 3 -4 -5 -6
leaf_value=-0.011142249755303264 0 0.0056095139192291693 0.0013931398674942904 -0.0027752796794598736 0.0067870318322160207
leaf_weight=4.0876010840911476 0.32220505061559412 2.5841164204030069 0.38673600089532545 0.93150594892358629 2.3922256032965379
leaf_count=5358 50 417 98 364 144
internal_value=-0.000476479 -0.00472828 -0.00923567 0.00232885 0.00618159
internal_weight=10.7044 7.98996 4.47434 3.51562 2.71443
internal_count=6431 6237 5456 781 194
is_linear=0
shrinkage=0.025


Tree=216
num_leaves=7
num_cat=0
split_feature=6 21 25 21 1 25
split_gain=0.949883 0.692006 0.196727 0.0854532 0.0324121 0.0141518
threshold=3.2911256551742558 0.0073586713988333949 2.7126348018646245 1.8244875073432925 6.4543018341064462 -7.6841704845428458
decision_type=2 2 2 2 2 2
left_child=1 4 -3 5 -1 -2
right_child=3 2 -4 -5 -6 -7
leaf_value=-0.004339944152538887 0 0.0076518158976593741 0 0 0 -0.008247844568822162
leaf_weight=1.2076744820224119 0.11129399755736891 5.4724264242795471 1.2049578685291633 0.30394442033139046 0.085095345428271574 2.4322579068139021
leaf_count=1774 9 1260 762 27 4 2646
internal_value=-0.000505008 0.00344992 0.00647915 -0.00751628 -0.00391934 -0.00811485
internal_weight=10.8177 7.97015 6.67738 2.8475 1.29277 2.54355
internal_count=6482 3800 2022 2682 1778 2655
is_linear=0
shrinkage=0.025


Tree=217
num_leaves=7
num_cat=0
split_feature=21 19 13 13 12 25
split_gain=1.15014 1.06591 0.329268 0.218884 0.216096 0.134912
threshold=0.94733256101608287 0.24769496917724612 2.9648406505584721 2.2310250997543339 7.1952238082885751 1.6763198971748354
decision_type=2 2 2 2 2 2
left_child=1 4 -3 -2 -1 -5
right_child=3 2 -4 5 -6 -7
leaf_value=-0.011714451789809496 -0.0006954570174496213 -0.0024831892257823813 0.0055149330532463575 0.0076166515058896352 0 0
leaf_weight=3.8264806122679147 0.30455303046619508 0.67606342221552074 2.137420954008121 3.5949698344484209 0.28856400446966279 0.28794122143881384
leaf_count=5258 89 400 316 228 18 122
internal_value=-0.0010424 -0.00618476 0.00243395 0.00552119 -0.0108659 0.00682938
internal_weight=11.116 6.92853 2.81348 4.18746 4.11504 3.88291
internal_count=6431 5992 716 439 5276 350
is_linear=0
shrinkage=0.025


Tree=218
num_leaves=5
num_cat=0
split_feature=22 17 5 1
split_gain=1.77027 1.23977 0.170758 0.122848
threshold=0.78497454524040233 0.66221347451210033 4.4075009822845468 4.3819875717163095
decision_type=2 2 2 2
left_child=1 -1 -2 -3
right_child=2 3 -4 -5
leaf_value=-0.012444096901846967 0.0080856220748513809 0.0039879386599764666 0 -0.00075924263183788923
leaf_weight=4.3902437498400104 3.2713910672609932 1.9648901115433548 0.26615504643996235 0.84857940070651228
leaf_count=5625 218 354 62 212
internal_value=-0.00167676 -0.00766308 0.00713012 0.00218662
internal_weight=10.7413 7.20371 3.53755 2.81347
internal_count=6471 6191 280 566
is_linear=0
shrinkage=0.025


Tree=219
num_leaves=7
num_cat=0
split_feature=26 19 13 0 21 9
split_gain=1.0652 0.75074 0.525268 0.492166 0.119505 0.118451
threshold=-1.0020638108253477 0.53911316394805919 2.2310250997543339 0.20302995294332507 -0.16039368510246274 2.7992346286773686
decision_type=2 2 2 2 2 2
left_child=2 3 -1 -2 -4 -3
right_child=1 5 4 -5 -6 -7
leaf_value=-0.0020808499059796173 0.0014853340991373763 -0.00054456332211769642 0 -0.010166907449046912 0.0092667050650320684 0.0045625371788611865
leaf_weight=0.61158913793769887 0.3794738589785992 0.26050122299784551 0.12506801245035593 4.531534960900899 3.9084160602724296 1.3237471460015511
leaf_count=448 105 126 150 5217 329 81
internal_value=0 -0.00493058 0.0063286 -0.00834082 0.00874155 0.00299771
internal_weight=11.1403 6.49526 4.64507 4.91101 4.03348 1.58425
internal_count=6456 5529 927 5322 479 207
is_linear=0
shrinkage=0.025


Tree=220
num_leaves=6
num_cat=0
split_feature=26 6 22 22 21
split_gain=1.31435 0.87389 0.296954 0.252991 0.178212
threshold=-0.88249015808105458 3.3084526062011723 0.963395655155182 0.034267753362655647 1.8244875073432925
decision_type=2 2 2 2 2
left_child=1 3 -2 -1 -3
right_child=2 4 -4 -5 -6
leaf_value=-5.2814995225645404e-05 -0.0092322878951589908 -0.0050269289900936815 0.00047684020008227808 0.0097436682081230991 0.0011028064423094844
leaf_weight=0.44530096643575223 3.3782982664524757 1.8383506142963599 0.47609227593056846 4.7770423029214726 0.39526863832725201
leaf_count=514 3709 1795 61 322 11
internal_value=-0.000118878 0.00484111 -0.00773511 0.00867968 -0.00306568
internal_weight=11.3104 7.45596 3.85439 5.22234 2.23362
internal_count=6412 2642 3770 836 1806
is_linear=0
shrinkage=0.025


Tree=221
num_leaves=6
num_cat=0
split_feature=21 12 26 24 24
split_gain=1.13413 0.48152 0.395473 0.283341 0.0283551
threshold=0.22217440605163577 2.822126150131226 -0.79763978719711293 -4.7598583698272696 -7.1812334060668936
decision_type=2 2 2 2 2
left_child=3 4 -3 -1 -2
right_child=1 2 -4 -5 -6
leaf_value=0.00042134852582250445 0 0.0083680487289116683 -0.00084058466084052533 -0.0089285114228226485 -0.0031280994390075951
leaf_weight=0.55920821859035585 0.16169570217607543 5.8952757499100699 1.2943082335405049 2.863589975848301 0.77612062862317355
leaf_count=39 6 1042 689 4383 337
internal_value=0 0.00443373 0.00653273 -0.0073156 -0.00255616
internal_weight=11.5502 8.1274 7.18958 3.4228 0.937816
internal_count=6496 2074 1731 4422 343
is_linear=0
shrinkage=0.025


Tree=222
num_leaves=7
num_cat=0
split_feature=6 25 26 25 2 8
split_gain=0.8969 0.607826 0.361558 0.112802 0.107684 0.0897643
threshold=3.3084526062011723 0.74213770031929027 -1.0131375193595884 -4.6009182929992667 1.5850765109062197 -0.96212852001190174
decision_type=2 2 2 2 2 2
left_child=1 4 -3 -2 -1 -5
right_child=3 2 -4 5 -6 -7
leaf_value=0 0 0.0031557771368835989 -0.004939874192846536 0 0.0086295217160198816 -0.0074043660683799032
leaf_weight=0.09694799629505535 0.57061396019707933 1.0323866864564473 2.4292075175217187 0.32219038412949963 4.9384615781527827 2.0849468435008025
leaf_count=55 69 63 3033 68 630 2537
internal_value=0.000762007 0.00477936 -0.00134874 -0.00572883 0.00818796 -0.00669819
internal_weight=11.4748 8.497 3.46159 2.97775 5.03541 2.40714
internal_count=6455 3781 3096 2674 685 2605
is_linear=0
shrinkage=0.025


Tree=223
num_leaves=7
num_cat=0
split_feature=25 6 27 22 0 19
split_gain=1.17278 1.29338 0.586996 0.101482 0.0697306 0.0682246
threshold=0.74213770031929027 3.1927362680435185 0.072812922298908248 1.4481104612350466 3.5938054323196416 -0.4314271062612533
decision_type=2 2 2 2 2 2
left_child=1 5 -2 -4 -3 -1
right_child=2 4 3 -5 -6 -7
leaf_value=0 0.001704103153658557 0 -0.010185311546593611 0 -0.0055527461844068924 0.0097563002951917416
leaf_weight=0.041873916750773676 1.1226745286039657 0.2602942794219415 3.0873256332561145 0.10635513515444461 1.5294550766775499 5.5035765450229519
leaf_count=50 314 83 4401 6 985 592
internal_value=0 0.00498493 -0.00676579 -0.00972899 -0.00481998 0.00952701
internal_weight=11.6516 7.3352 4.31636 3.19368 1.78975 5.54545
internal_count=6431 1710 4721 4407 1068 642
is_linear=0
shrinkage=0.025


Tree=224
num_leaves=6
num_cat=0
split_feature=21 26 13 24 14
split_gain=1.26885 0.636836 0.386148 0.148972 0.126233
threshold=0.22217440605163577 -0.88249015808105458 2.2310250997543339 -5.8454883098602286 0.26474699378013616
decision_type=2 2 2 2 2
left_child=3 2 -2 -1 -3
right_child=1 4 -4 -5 -6
leaf_value=0 -0.0011037208949045494 0.00057109324855444466 0.0091971098777610463 -0.0089181129426390351 -0.0043430849498309766
leaf_weight=0.25552138703642446 0.40280573363634165 1.2110152751265562 5.1706545753986575 2.8046710502785572 1.0851118890132054
leaf_count=14 248 504 668 4394 636
internal_value=-3.24233e-05 0.00454143 0.00769166 -0.00809073 -0.00227944
internal_weight=10.9298 7.86959 5.57346 3.06019 2.29613
internal_count=6464 2056 916 4408 1140
is_linear=0
shrinkage=0.025


Tree=225
num_leaves=6
num_cat=0
split_feature=21 6 14 21 15
split_gain=1.0376 0.771497 0.290903 0.143092 0.0521447
threshold=0.0073586713988333949 3.3084526062011723 0.39241008460521704 1.8244875073432925 2.9630355834960942
decision_type=2 2 2 2 2
left_child=4 2 -2 -3 -1
right_child=1 3 -4 -5 -6
leaf_value=-0.0073039681443444818 0.0096557541790673121 -0.0048988967023516601 0 0.00067763609302217949 0
leaf_weight=2.1164605425437926 4.6843028236362425 1.4636902478923728 2.5284986645019671 0.45365944149671111 0.089914495067205169
leaf_count=3166 1255 1225 745 21 15
internal_value=0.000588456 0.00466192 0.00768399 -0.00313984 -0.00693973
internal_weight=11.3365 9.13015 7.2128 1.91735 2.20638
internal_count=6427 3246 2000 1246 3181
is_linear=0
shrinkage=0.025


Tree=226
num_leaves=7
num_cat=0
split_feature=6 25 7 21 22 1
split_gain=0.850847 0.810428 0.264862 0.215931 0.174694 0.083351
threshold=2.9673367738723759 0.74213770031929027 5.0931773185729989 1.8244875073432925 0.91675469279289257 1.7337122559547427
decision_type=2 2 2 2 2 2
left_child=1 5 -3 4 -2 -1
right_child=3 2 -4 -5 -6 -7
leaf_value=0 -0.0084422606507115593 -0.0051941386315805544 0.0019547999183524806 0.00042454162653591675 0 0.0089341152914630042
leaf_weight=0.080661717143811873 2.2629861890127367 2.1903691103507303 0.71181384248484381 0.53390295829740342 0.51613849689601909 4.5987055327932467
leaf_count=68 2958 2608 235 26 54 463
internal_value=0.000184605 0.00452678 -0.00252238 -0.00574637 -0.0072462 0.00858902
internal_weight=10.8946 7.58155 2.90218 3.31303 2.77912 4.67937
internal_count=6412 3374 2843 3038 3012 531
is_linear=0
shrinkage=0.025


Tree=227
num_leaves=7
num_cat=0
split_feature=21 19 27 13 13 26
split_gain=0.830528 0.748857 0.546249 0.325569 0.237729 0.164571
threshold=0.97700640559196483 0.19740001112222674 0.73340532183647167 2.9648406505584721 2.2310250997543339 -0.674596607685089
decision_type=2 2 2 2 2 2
left_child=1 2 -1 -3 -2 -6
right_child=4 3 -4 -5 5 -7
leaf_value=-0.010593194972744654 -0.0006630580766755715 -0.0024810559485383119 0.00175391679499528 0.0054024757155401466 0.0083212584738670166 0
leaf_weight=3.2194353128543303 0.30215387238422398 0.68263519992615362 0.33145806942775369 2.421522821430699 3.5481818750558887 0.28592470270814407
leaf_count=5046 90 459 80 433 224 86
internal_value=0.000268495 -0.00390161 -0.00835809 0.00243649 0.00612541 0.00744037
internal_weight=10.7913 6.65505 3.55089 3.10416 4.13626 3.83411
internal_count=6418 6018 5126 892 400 310
is_linear=0
shrinkage=0.025


Tree=228
num_leaves=7
num_cat=0
split_feature=6 26 26 22 25 22
split_gain=0.88046 0.588194 0.249945 0.207557 0.138003 0.0216141
threshold=2.9673367738723759 -0.88249015808105458 -0.38460642099380488 0.034267753362655647 -4.2259836196899405 1.2008115053176882
decision_type=2 2 2 2 2 2
left_child=1 3 -3 -1 -2 -6
right_child=4 2 -4 -5 5 -7
leaf_value=-0.00022370208231353172 0 -0.0048527481107244995 0.0020830987306482587 0.0081887619301989293 -0.0084544319863204785 0
leaf_weight=0.26701401973332384 0.70830125245265696 2.3706975748646077 0.51155027939239506 3.8843596831247851 2.240491750195361 0.063607616029912495
leaf_count=396 101 2588 108 251 2973 7
internal_value=-0.000702486 0.00341016 -0.00228831 0.00713813 -0.00722084 -0.00830695
internal_weight=10.046 7.03362 2.88225 4.15137 3.0124 2.3041
internal_count=6424 3343 2696 647 3081 2980
is_linear=0
shrinkage=0.025


Tree=229
num_leaves=7
num_cat=0
split_feature=6 25 26 18 2 25
split_gain=0.898235 0.705393 0.361321 0.108806 0.0896632 0.070485
threshold=3.3084526062011723 0.74213770031929027 -1.0131375193595884 0.53866854310035717 1.5850765109062197 -5.4577026367187491
decision_type=2 2 2 2 2 2
left_child=1 4 -3 5 -1 -2
right_child=3 2 -4 -5 -6 -7
leaf_value=0 0 0.0029401435530000044 -0.0052233220470843267 0 0.0089713587049087811 -0.0071694534794042135
leaf_weight=0.077158689578935014 0.26054329841281365 0.98763248128670911 2.2585648796812174 0.80956142148716015 5.0370767788990634 1.9133426908156259
leaf_count=56 21 64 3078 209 634 2439
internal_value=0.00101376 0.00500663 -0.00170495 -0.00552043 0.00862152 -0.00658737
internal_weight=11.3439 8.36043 3.2462 2.98345 5.11424 2.17389
internal_count=6501 3832 3142 2669 690 2460
is_linear=0
shrinkage=0.025


Tree=230
num_leaves=6
num_cat=0
split_feature=21 6 25 26 16
split_gain=0.837316 0.617583 0.329 0.10346 0.053644
threshold=0.0073586713988333949 3.2911256551742558 2.7126348018646245 -1.0079506635665891 1.4093104004859927
decision_type=2 2 2 2 2
left_child=4 2 -2 -3 -1
right_child=1 3 -4 -5 -6
leaf_value=-0.0066842556791340312 0.0086449562603778621 0.00025381733782098656 -0.00046397165850489333 -0.0043096993874913699 0
leaf_weight=1.9294241866009554 5.6268477710837015 0.94128832076239621 1.0049530823489474 1.0127030713156271 0.15760384326858901
leaf_count=3090 1256 304 762 953 56
internal_value=0.00050691 0.00430064 0.00712121 -0.00261072 -0.00624138
internal_weight=10.6728 8.58579 6.6318 1.95399 2.08703
internal_count=6421 3275 2018 1257 3146
is_linear=0
shrinkage=0.025


Tree=231
num_leaves=6
num_cat=0
split_feature=21 6 26 24 20
split_gain=0.944452 0.656747 0.548014 0.166865 0.0816532
threshold=0.18379594385623935 3.3084526062011723 -0.79763978719711293 -4.7598583698272696 0.60813239216804515
decision_type=2 2 2 2 2
left_child=3 2 -2 -1 -3
right_child=1 4 -4 -5 -6
leaf_value=0 0.0092290394914029249 -0.0043762256418474954 -0.0015771354482760265 -0.0080689778265626653 0
leaf_weight=0.41597496713802629 5.2899884164362438 1.1751856175869759 1.1021597333055968 2.5057734979491233 0.44126608923397714
leaf_count=32 615 826 719 4163 90
internal_value=0 0.00397829 0.00694274 -0.00696595 -0.00318764
internal_weight=10.9303 8.0086 6.39215 2.92175 1.61645
internal_count=6445 2250 1334 4195 916
is_linear=0
shrinkage=0.025


Tree=232
num_leaves=7
num_cat=0
split_feature=27 5 26 18 21 26
split_gain=0.761682 0.549276 0.299784 0.283201 0.124941 0.0506621
threshold=0.12957300245761874 4.512784719467164 -0.38460642099380488 0.45255728065967565 -0.16039368510246274 -0.35134677588939661
decision_type=2 2 2 2 2 2
left_child=1 4 3 -2 -1 -4
right_child=2 -3 5 -5 -6 -7
leaf_value=0 -0.0074820142413862048 -0.0024127966622680326 0.0030572897665026321 0.00045463290630059811 0.0088868268144148381 -2.3496160196112212e-06
leaf_weight=0.1358908326365057 4.2064520757739956 0.67759086253136036 0.34147028222650988 1.3086240809170702 3.8022344487071678 0.20899397315224622
leaf_count=170 4762 561 29 348 482 86
internal_value=0.000294679 0.00564882 -0.00392629 -0.00568372 0.00830894 0.00181394
internal_weight=10.6813 4.61572 6.06554 5.51508 3.93813 0.550464
internal_count=6438 1213 5225 5110 652 115
is_linear=0
shrinkage=0.025


Tree=233
num_leaves=7
num_cat=0
split_feature=22 17 13 12 6 16
split_gain=0.973301 0.848674 0.414261 0.223444 0.152932 0.0653538
threshold=0.74295443296432506 0.52494058012962352 4.2292997837066659 7.1952238082885751 3.9463615417480473 0.57673048973083507
decision_type=2 2 2 2 2 2
left_child=1 3 -3 -1 5 -2
right_child=4 2 -4 -5 -6 -7
leaf_value=-0.011249185697001556 0.0069054997081554777 -0.0032685136923727418 0.0054738964682751069 0 -0.00025536792233690151 0
leaf_weight=3.5060671994797308 2.4429994639576771 1.1063200050739399 2.1295738376356894 0.24953343257948279 0.21833805026835751 0.31462493400613301
leaf_count=5271 139 644 243 15 61 90
internal_value=-0.00156786 -0.00596218 0.00155635 -0.0103435 0.00523805 0.00636291
internal_weight=9.96746 6.99149 3.23589 3.7556 2.97596 2.75762
internal_count=6463 6173 887 5286 290 229
is_linear=0
shrinkage=0.025


Tree=234
num_leaves=7
num_cat=0
split_feature=27 5 21 22 17 0
split_gain=1.13369 0.68913 0.309109 0.236221 0.151349 0.0832213
threshold=0.16958870738744738 4.0444679260253915 0.94733256101608287 -0.099524945020675645 0.71338036656379711 2.4331792593002324
decision_type=2 2 2 2 2 2
left_child=1 3 4 -1 -2 -4
right_child=2 -3 5 -5 -6 -7
leaf_value=-0.00021182951735714911 -0.0096389349988261642 -0.0029026861333261273 0.0026079209902060991 0.0092701687713349894 0 -0.00147904680487488
leaf_weight=0.23950187507216458 2.8025624691435955 1.2717108466313218 0.82183128764154367 4.2872252763336292 0.43823874703957688 0.69465883103839587
leaf_count=442 4246 967 18 415 163 219
internal_value=-0.000307476 0.0050266 -0.00669371 0.00826457 -0.00874583 7.82951e-05
internal_weight=10.5557 5.79844 4.75729 4.52673 3.2408 1.51649
internal_count=6470 1824 4646 857 4409 237
is_linear=0
shrinkage=0.025


Tree=235
num_leaves=5
num_cat=0
split_feature=21 27 7 5
split_gain=0.821577 0.454979 0.314799 0.229955
threshold=0.019692956469953064 0.12957300245761874 3.2669216394424443 4.7276937961578378
decision_type=2 2 2 2
left_child=-1 3 -3 -2
right_child=1 2 -4 -5
leaf_value=-0.0069902023157911268 0.0081872308323943498 -0.0045692127408675188 0.0026614482693686266 -0.00040675103252808223
leaf_weight=2.0339704224825264 3.7717300259319 2.4770395562882186 2.0119130634338944 0.2654229999607195
leaf_count=3286 456 1618 999 132
internal_value=0 0.00354294 -0.000975064 0.00701819
internal_weight=10.5601 8.52611 4.48895 4.03715
internal_count=6491 3205 2617 588
is_linear=0
shrinkage=0.025


Tree=236
num_leaves=7
num_cat=0
split_feature=22 13 23 6 16 21
split_gain=0.784812 0.685588 0.270551 0.177849 0.136894 0.125141
threshold=0.71198669075965892 4.2895624637603769 -1.5464454293251035 3.9463615417480473 0.57673048973083507 1.8244875073432925
decision_type=2 2 2 2 2 2
left_child=1 5 -3 4 -2 -1
right_child=3 2 -4 -5 -6 -7
leaf_value=-0.00918408399758339 0.0077438442467645157 -0.0019529618355992795 0.0049980731210535929 -0.00034174340664896514 0 0
leaf_weight=3.2010590233367116 2.8911867727692888 1.5445099970129379 1.9053302817410438 0.22901353043562256 0.28449235831794784 0.30638725170865644
leaf_count=4200 155 1152 701 57 101 26
internal_value=0 -0.00422455 0.00183224 0.005742 0.00688588 -0.00849213
internal_weight=10.362 6.95729 3.44984 3.40469 3.17568 3.50745
internal_count=6392 6079 1853 313 256 4226
is_linear=0
shrinkage=0.025


Tree=237
num_leaves=7
num_cat=0
split_feature=6 25 26 1 25 8
split_gain=0.887434 0.555533 0.308092 0.104244 0.090164 0.114383
threshold=3.3084526062011723 0.74213770031929027 -1.0131375193595884 1.7337122559547427 -4.6009182929992667 -0.96212852001190174
decision_type=2 2 2 2 2 2
left_child=1 3 -3 -1 -2 -6
right_child=4 2 -4 -5 5 -7
leaf_value=0 0 0.0030042574389057388 -0.004500625891880365 0.0087151851279502063 0 -0.0072065094787280562
leaf_weight=0.097993112707625118 0.58835557769634794 0.95472515129222246 2.3124471269838986 4.7529574892760138 0.26305392433278108 1.9993191209068757
leaf_count=72 72 60 3034 619 63 2532
internal_value=0.00108323 0.00507395 -0.00106095 0.00828161 -0.00547882 -0.00634104
internal_weight=10.9689 8.11812 3.26717 4.85095 2.85073 2.26237
internal_count=6452 3785 3094 691 2667 2595
is_linear=0
shrinkage=0.025


Tree=238
num_leaves=7
num_cat=0
split_feature=21 26 13 18 16 14
split_gain=0.977558 0.650786 0.360092 0.136601 0.0701557 0.0246899
threshold=0.239883728325367 -0.84853374958038319 2.2310250997543339 0.57843890786170971 1.4093104004859927 2.6716451644897465
decision_type=2 2 2 2 2 2
left_child=4 2 -2 -3 5 -1
right_child=1 3 -4 -5 -6 -7
leaf_value=-0.0085280593610413871 -0.0012455601552478724 -0.0052178839590002416 0.0082056019485719275 0.00041440051201005018 0 0
leaf_weight=2.5939470603625532 0.43309867946300062 1.0457649752133873 5.0632871673697082 0.54967236725497048 0.15860233256898926 0.10312304655235482
leaf_count=4379 261 855 766 94 70 39
internal_value=-0.00104842 0.0033338 0.00662686 -0.0034867 -0.00792204 -0.00835156
internal_weight=9.9475 7.09182 5.49639 1.59544 2.85567 2.69707
internal_count=6464 1976 1027 949 4488 4418
is_linear=0
shrinkage=0.025


Tree=239
num_leaves=7
num_cat=0
split_feature=13 22 15 17 26 25
split_gain=0.762654 0.67776 0.434881 0.305095 0.135586 0.0913558
threshold=4.1078596115112314 0.78497454524040233 0.33399999141693121 0.007388466503471137 -1.0079506635665891 -4.6009182929992667
decision_type=2 2 2 2 2 2
left_child=1 5 3 -2 -4 -1
right_child=2 -3 4 -5 -6 -7
leaf_value=0 -0.00061969495032470246 0.0027141055711326972 0.0011755251448040006 0.0088648841927799794 -0.0040354767135499887 -0.0091622919098652469
leaf_weight=0.29940882157825432 0.49062837977544393 1.3908614793217564 0.60312280380458105 3.793131724189152 0.79838326554818173 2.8883461373843602
leaf_count=42 621 123 28 1018 689 3969
internal_value=0 -0.00488512 0.00481831 0.00735667 -0.00165002 -0.00859676
internal_weight=10.2639 4.57862 5.68527 4.28376 1.40151 3.18775
internal_count=6490 4134 2356 1639 717 4011
is_linear=0
shrinkage=0.025


Tree=240
num_leaves=7
num_cat=0
split_feature=26 19 5 0 22 6
split_gain=0.846443 0.62795 0.465259 0.44158 0.111792 0.0617418
threshold=-1.0020638108253477 0.53911316394805919 4.7276937961578378 0.20302995294332507 -0.25799408555030817 3.1927362680435185
decision_type=2 2 2 2 2 2
left_child=2 3 4 -2 -1 -3
right_child=1 5 -4 -5 -6 -7
leaf_value=0 0.0015135487775730918 0.0038239040536516503 -0.0018889685833910514 -0.0091857929168043667 0.0089200862122571466 0
leaf_weight=0.12431865873441017 0.37638424598844711 1.3876539507764389 0.57485214975167753 4.4496677005517995 3.4704661355244752 0.16080141934435221
leaf_count=188 107 117 428 5263 289 99
internal_value=0.000116217 -0.00415135 0.00602816 -0.00736972 0.00838377 0.00289316
internal_weight=10.5441 6.37451 4.16964 4.82605 3.59478 1.54846
internal_count=6491 5586 905 5370 477 216
is_linear=0
shrinkage=0.025


Tree=241
num_leaves=6
num_cat=0
split_feature=21 13 14 21 15
split_gain=0.80241 0.48134 0.326185 0.0861082 0.0450182
threshold=0.0073586713988333949 2.9648406505584721 0.43624366819858557 1.8244875073432925 2.9630355834960942
decision_type=2 2 2 2 2
left_child=4 3 -3 -2 -1
right_child=1 2 -4 -5 -6
leaf_value=-0.0065882988734882273 -0.0037389922061305115 0.0086011705648779118 0 0.00036086486321062886 0
leaf_weight=1.887857161742432 1.1228969322983156 4.5332699842656439 2.1885069355812448 0.49209527650964435 0.081921531640546053
leaf_count=3160 999 1471 776 27 14
internal_value=0.0003956 0.00418036 0.00654031 -0.00221641 -0.00623367
internal_weight=10.3065 8.33677 6.72178 1.61499 1.96978
internal_count=6447 3273 2247 1026 3174
is_linear=0
shrinkage=0.025


Tree=242
num_leaves=7
num_cat=0
split_feature=27 5 22 24 6 18
split_gain=1.2118 0.620161 0.505292 0.189476 0.0460141 0.0123297
threshold=0.16958870738744738 4.0444679260253915 0.74295443296432506 0.44720697402954107 3.5553669929504399 0.57843890786170971
decision_type=2 2 2 2 2 2
left_child=1 3 -2 -1 -3 -4
right_child=2 4 5 -5 -6 -7
leaf_value=0.0086216014983434026 -0.010288406914116636 0 0 -2.6940360106994743e-05 -0.0036852963177131867 0.0015903808446056499
leaf_weight=3.9765744830074254 3.3159899419733847 0.20234615296067182 0.33400164285558254 0.20899619995179808 0.9369281763501931 0.67706723277660785
leaf_count=417 4438 14 96 426 940 52
internal_value=-0.00135326 0.00454308 -0.00782502 0.00772974 -0.00290678 0.00105204
internal_weight=9.6519 5.32485 4.32706 4.18557 1.13927 1.01107
internal_count=6383 1797 4586 843 954 148
is_linear=0
shrinkage=0.025


Tree=243
num_leaves=7
num_cat=0
split_feature=6 25 7 21 26 25
split_gain=0.552322 0.577946 0.265381 0.213901 0.106849 0.051944
threshold=3.3084526062011723 0.74213770031929027 5.0931773185729989 1.8244875073432925 -0.79763978719711293 -5.4577026367187491
decision_type=2 2 2 2 2 2
left_child=1 4 -3 5 -1 -2
right_child=3 2 -4 -5 -6 -7
leaf_value=0.0074452252784497188 0 -0.0051436045156255808 0.0020138690319453367 0.0005488596681141821 0 -0.0074779393555176616
leaf_weight=4.0634801077248994 0.28524252453644372 2.1682229284124337 0.68309482906261099 0.45650142431259144 0.32257218958329748 1.9469862120204195
leaf_count=426 35 2877 248 24 263 2560
internal_value=0 0.00314756 -0.00244233 -0.00539711 0.0068126 -0.00701606
internal_weight=9.9261 7.23737 2.85132 2.68873 4.38605 2.23223
internal_count=6433 3814 3125 2619 689 2595
is_linear=0
shrinkage=0.025


Tree=244
num_leaves=7
num_cat=0
split_feature=22 13 14 21 13 16
split_gain=0.664559 0.520144 0.370843 0.275643 0.119859 0.0678966
threshold=0.74295443296432506 4.2895624637603769 0.22478785365819934 1.8244875073432925 2.9648406505584721 0.57673048973083507
decision_type=2 2 2 2 2 2
left_child=1 3 -3 -1 -2 -6
right_child=4 2 -4 -5 5 -7
leaf_value=-0.0089695284615551266 0 0.0054031372933623671 -0.0027777211746146824 0.00039992174056242011 0.0068847341392980661 0
leaf_weight=3.1964268825795448 0.32448248352739062 1.7968123760765595 1.5990511755589976 0.48122915872954752 2.4304492632581973 0.27628232946153719
leaf_count=4262 71 1038 871 26 134 91
internal_value=0 -0.0038665 0.0014464 -0.00749926 0.00540763 0.00633988
internal_weight=10.1047 7.07352 3.39586 3.67766 3.03121 2.70673
internal_count=6493 6197 1909 4288 296 225
is_linear=0
shrinkage=0.025


Tree=245
num_leaves=7
num_cat=0
split_feature=26 13 24 24 19 23
split_gain=0.983688 0.515744 0.425561 0.227405 0.134554 0.0199288
threshold=-0.93918883800506581 2.2310250997543339 -3.6482713222503658 0.44720697402954107 0.39187607169151312 -3.1211365461349483
decision_type=2 2 2 2 2 2
left_child=1 -1 5 -3 -4 -2
right_child=2 3 4 -5 -6 -7
leaf_value=-0.0028636205347198681 0 0.0080436990937559454 -0.010020890299154388 -0.00041695372216552716 0 0.0017343199099531298
leaf_weight=0.78545528996983183 0.20883551475708373 4.1352289492897398 3.0345266340409585 0.26695641381957091 0.46921109209506529 0.86823825335886773
leaf_count=667 100 556 4333 521 162 56
internal_value=-0.00122278 0.004144 -0.00694369 0.006917 -0.0092189 0.000924617
internal_weight=9.76845 5.18764 4.58081 4.40219 3.50374 1.07707
internal_count=6395 1744 4651 1077 4495 156
is_linear=0
shrinkage=0.025


Tree=246
num_leaves=6
num_cat=0
split_feature=21 6 14 21 15
split_gain=0.7075 0.528888 0.225721 0.0971441 0.0392529
threshold=0.0073586713988333949 3.2911256551742558 0.55027586221694957 1.8244875073432925 2.9630355834960942
decision_type=2 2 2 2 2
left_child=4 2 -2 -3 -1
right_child=1 3 -4 -5 -6
leaf_value=-0.0062400776666481084 0.0080523638085751564 -0.0040627891863464832 0 0.00037953318997775536 0
leaf_weight=1.8259175226594386 4.7264955381033342 1.2619455332242067 1.8533585419536391 0.47913438969408151 0.084134985554555786
leaf_count=3124 1433 1219 568 25 15
internal_value=0.000318694 0.0038987 0.0065023 -0.00253838 -0.00590882
internal_weight=10.231 8.32093 6.57985 1.74108 1.91005
internal_count=6384 3245 2001 1244 3139
is_linear=0
shrinkage=0.025


Tree=247
num_leaves=7
num_cat=0
split_feature=13 15 22 21 21 26
split_gain=0.653422 0.553676 0.356412 0.355796 0.249341 0.0639865
threshold=4.2292997837066659 0.35171176493167883 0.78497454524040233 0.019692956469953064 1.8244875073432925 -1.0162615776062009
decision_type=2 2 2 2 2 2
left_child=2 3 4 -2 -1 -3
right_child=1 5 -4 -5 -6 -7
leaf_value=-0.0086373687664052737 -0.00096272204004104822 0 0.0012476168243564978 0.0090696868955406421 0.00029254839032861194 -0.0038334622181864664
leaf_weight=2.9912808072585908 0.43389099768683115 0.34269775499706157 1.2559387423825681 3.4944930777710397 0.4958596542419399 0.79894158513707203
leaf_count=4193 745 20 132 790 30 641
internal_value=0 0.00423483 -0.00483531 0.00734299 -0.00720688 -0.00271365
internal_weight=9.8131 5.07002 4.74308 3.92838 3.48714 1.14164
internal_count=6551 2196 4355 1535 4223 661
is_linear=0
shrinkage=0.025


Tree=248
num_leaves=6
num_cat=0
split_feature=18 24 18 13 16
split_gain=1.1061 0.673227 0.155543 0.140912 0.0479257
threshold=0.44349674880504614 -4.7598583698272696 -0.49250227212905878 2.2310250997543339 0.79250717163085949
decision_type=2 2 2 2 2
left_child=1 -1 -3 -2 -5
right_child=3 2 -4 4 -6
leaf_value=0.0023223712830672395 -0.0001321974490859007 0 -0.010234842644426888 0.00663584464734269 0
leaf_weight=1.0438668256065282 0.22555139999894924 0.76123420513249573 4.2685283463579253 3.1065845692246516 0.16467952163657162
leaf_count=60 120 574 5209 393 76
internal_value=-0.00151037 -0.00662149 -0.00933322 0.00530401 0.00628779
internal_weight=9.57044 6.07363 5.02976 3.49682 3.27126
internal_count=6432 5843 5783 589 469
is_linear=0
shrinkage=0.025


Tree=249
num_leaves=7
num_cat=0
split_feature=22 11 14 6 23 21
split_gain=0.689092 0.60962 0.215048 0.156245 0.100655 0.0984058
threshold=0.74295443296432506 4.4849858283996591 0.35134422779083258 4.0063145160675058 -4.8200831413269034 1.8244875073432925
decision_type=2 2 2 2 2 2
left_child=1 5 -3 4 -2 -1
right_child=3 2 -4 -5 -6 -7
leaf_value=-0.0087493843173177231 0 0.0042772623105677343 -0.001880371728381661 -0.00020186310962565254 0.0072944465032888694 0
leaf_weight=2.7208154507898148 0.13740519483690228 2.4652685358414606 1.0870040484187482 0.20909967775514804 2.8711093109450303 0.28025966495624732
leaf_count=3771 88 1729 600 54 154 25
internal_value=0 -0.00386089 0.00166448 0.00560824 0.00666639 -0.00813532
internal_weight=9.77096 6.55335 3.55227 3.21761 3.00851 3.00108
internal_count=6421 6125 2329 296 242 3796
is_linear=0
shrinkage=0.025


Tree=250
num_leaves=7
num_cat=0
split_feature=13 26 22 12 21 22
split_gain=0.606516 0.477843 0.280405 0.195917 0.0759216 0.0569692
threshold=2.9648406505584721 -0.88249015808105458 0.034267753362655647 5.831057310104371 1.8244875073432925 1.6950672864913943
decision_type=2 2 2 2 2 2
left_child=4 2 -2 -3 5 -1
right_child=1 3 -4 -5 -6 -7
leaf_value=-0.0067807376456590325 -0.00079614056552980471 -0.0043718946334937517 0.007935264301017245 0.001596844619374478 0 0
leaf_weight=1.7776522448548351 0.3690489867258292 1.926523021385947 4.4574554326609359 1.0955780079639224 0.28415466294973146 0.10358767886646081
leaf_count=2095 767 2683 439 429 23 3
internal_value=0 0.00342252 0.00656621 -0.00178237 -0.00564792 -0.0063334
internal_weight=10.014 7.84861 4.8265 3.0221 2.16539 1.88124
internal_count=6439 4318 1206 3112 2121 2098
is_linear=0
shrinkage=0.025


Tree=251
num_leaves=7
num_cat=0
split_feature=6 25 14 25 1 22
split_gain=0.887265 0.479392 0.276134 0.131327 0.0712565 0.0126055
threshold=2.8941595554351811 0.74213770031929027 0.14099253714084628 -4.6009182929992667 1.7829299569129946 1.2008115053176882
decision_type=2 2 2 2 2 2
left_child=1 4 -3 -2 -1 -5
right_child=3 2 -4 5 -6 -7
leaf_value=0 0 0.0027220414141711589 -0.0044782421392362886 -0.0072537025851415185 0.0081017886807798062 0
leaf_weight=0.076927817779505747 0.69324883415538385 0.87577189072908401 1.9270850295397393 2.1942991582400286 4.1506885682829306 0.068523451744113006
leaf_count=69 82 1137 1602 3088 454 7
internal_value=0.000162917 0.00470536 -0.00112485 -0.00602259 0.00776308 -0.00714388
internal_weight=9.98654 7.03047 2.80286 2.95607 4.22762 2.26282
internal_count=6439 3262 2739 3177 523 3095
is_linear=0
shrinkage=0.025


Tree=252
num_leaves=7
num_cat=0
split_feature=6 26 14 21 24 24
split_gain=0.624771 0.460211 0.259473 0.17527 0.122202 0.0901147
threshold=3.0735037326812749 -0.88249015808105458 0.099982444196939482 1.8244875073432925 -5.4228928089141837 0.084095437079668059
decision_type=2 2 2 2 2 2
left_child=1 5 -3 4 -2 -1
right_child=3 2 -4 -5 -6 -7
leaf_value=0.0076329901124850734 0 0.0024717071320701114 -0.0045174410130083588 0.00032401351576481405 -0.0074524393100908921 0
leaf_weight=3.7920193148129329 0.43112929092603813 0.74595027843679451 2.0342861958997673 0.48676707519916806 2.0410492526389135 0.31781002430579963
leaf_count=320 32 903 1907 27 2933 379
internal_value=1.07448e-05 0.00394212 -0.00145557 -0.00508391 -0.00648945 0.00707442
internal_weight=9.84901 6.89007 2.78024 2.95895 2.47218 4.10983
internal_count=6501 3509 2810 2992 2965 699
is_linear=0
shrinkage=0.025


Tree=253
num_leaves=7
num_cat=0
split_feature=27 24 12 24 19 20
split_gain=1.04257 0.393465 0.385933 0.123169 0.0507401 0.0217492
threshold=0.12957300245761874 -4.0392110347747794 2.6158263683319096 0.44720697402954107 0.55844023823738109 0.73346206545829784
decision_type=2 2 2 2 2 2
left_child=2 5 -1 -4 -3 -2
right_child=1 4 3 -5 -6 -7
leaf_value=-0.0016923618728821015 0.0018232330377690052 -0.0087116725568799815 0.0079786226868404208 0 0 0
leaf_weight=0.73119961057091121 0.91112723771220749 4.1079189160263923 3.543667864716554 0.15592397554792103 0.27673597262037208 0.19213564114761539
leaf_count=493 58 5032 387 361 83 94
internal_value=-0.000825108 -0.00632562 0.0050667 0.00732589 -0.00838308 0.000996153
internal_weight=9.91871 5.48792 4.43079 3.69959 4.38465 1.10326
internal_count=6508 5267 1241 748 5115 152
is_linear=0
shrinkage=0.025


Tree=254
num_leaves=7
num_cat=0
split_feature=27 6 22 21 22 21
split_gain=0.923904 0.499693 0.19537 0.121425 0.0681657 0.0492128
threshold=0.16958870738744738 3.3084526062011723 1.0423915982246401 1.8244875073432925 -0.25799408555030817 0.97700640559196483
decision_type=2 2 2 2 2 2
left_child=1 4 5 -3 -1 -2
right_child=2 3 -4 -5 -6 -7
leaf_value=0 -0.0084885045202012701 -0.0039985344239377866 8.0331309117769902e-05 0.00091511473334064642 0.0076867518782517772 0
leaf_weight=0.088636580785533048 2.9247717996513534 1.3072161048621636 0.48125806096504664 0.38521184280398291 3.4382567386601295 0.94526760275766708
leaf_count=123 4339 1345 62 8 327 166
internal_value=-0.000976056 0.00411603 -0.00668729 -0.00209812 0.0073127 -0.00780438
internal_weight=9.57062 5.21932 4.3513 1.69243 3.52689 3.87004
internal_count=6370 1803 4567 1353 450 4505
is_linear=0
shrinkage=0.025


Tree=255
num_leaves=6
num_cat=0
split_feature=6 27 14 25 2
split_gain=0.65545 0.547108 0.237328 0.0773233 0.0273136
threshold=3.2911256551742558 0.16958870738744738 0.32838469743728643 -4.6009182929992667 -0.91580104827880848
decision_type=2 2 2 2 2
left_child=1 4 -3 -2 -1
right_child=3 2 -4 -5 -6
leaf_value=0 0 0.0015341108874194693 -0.0049342583818474273 -0.0067625608133383298 0.0074807264301836839
leaf_weight=0.034208998898975884 0.59702708288386963 2.0653617402240347 1.4664541465754153 1.8791881375764203 3.5176737246147241
leaf_count=11 73 2180 1149 2594 429
internal_value=0 0.00344467 -0.00173681 -0.00596792 0.00733084
internal_weight=9.55991 7.0837 3.53182 2.47622 3.55188
internal_count=6436 3769 3329 2667 440
is_linear=0
shrinkage=0.025


Tree=256
num_leaves=6
num_cat=0
split_feature=13 25 26 21 16
split_gain=0.643254 0.460594 0.227649 0.0657345 0.0547013
threshold=2.9648406505584721 0.74213770031929027 -1.0131375193595884 1.8244875073432925 -0.26593649387359614
decision_type=2 2 2 2 2
left_child=3 4 -3 -1 -2
right_child=1 2 -4 -5 -6
leaf_value=-0.0066731974718877611 0 0.002064479168436223 -0.0043953793376085822 0 0.0068983501925970817
leaf_weight=1.7438777628522077 0.33445835195743701 0.82797907603162491 2.280234617057431 0.31181633396772657 4.2809365140565205
leaf_count=2078 121 113 3381 26 746
internal_value=0 0.00335014 -0.00169182 -0.00606141 0.00650972
internal_weight=9.7793 7.72361 3.10821 2.05569 4.61539
internal_count=6465 4361 3494 2104 867
is_linear=0
shrinkage=0.025


Tree=257
num_leaves=6
num_cat=0
split_feature=13 27 14 19 0
split_gain=0.624389 0.471531 0.183669 0.077781 0.0525667
threshold=2.9648406505584721 0.16958870738744738 0.32838469743728643 -0.40896274149417872 3.5938054323196416
decision_type=2 2 2 2 2
left_child=4 3 -3 -2 -1
right_child=1 2 -4 -5 -6
leaf_value=0 0 0.0013767221655653535 -0.0042133018318957962 0.0074534426621710162 -0.0063686869492263687
leaf_weight=0.3057037391263292 0.096646620080719337 2.1496083509591704 1.571557333183591 3.64820728273844 1.6705995429656466
leaf_count=246 106 2357 1189 588 1886
internal_value=0 0.00349802 -0.00132952 0.00702715 -0.00583724
internal_weight=9.44232 7.46602 3.72117 3.74485 1.9763
internal_count=6372 4240 3546 694 2132
is_linear=0
shrinkage=0.025


Tree=258
num_leaves=7
num_cat=0
split_feature=21 6 6 27 16 15
split_gain=0.6287 0.477415 0.215977 0.077368 0.0437552 0.0354713
threshold=0.0073586713988333949 3.1927362680435185 -0.43228390812873835 0.1000044457614422 1.4093104004859927 2.9630355834960942
decision_type=2 2 2 2 2 2
left_child=4 2 -2 -3 5 -1
right_child=1 3 -4 -5 -6 -7
leaf_value=-0.0060023978144147184 -0.00016825637604990279 0.00013253520420906272 0.0076224246932267981 -0.003676196329633822 0 0
leaf_weight=1.7018776508957669 0.66284855792036879 0.92344044735727926 5.4685290415727659 0.89524354603054235 0.14084210992950819 0.079445921965088817
leaf_count=3151 202 333 1720 1015 61 16
internal_value=0.000605482 0.0039927 0.00652145 -0.0021466 -0.00526582 -0.00568661
internal_weight=9.87223 7.95006 6.13138 1.81868 1.92217 1.78132
internal_count=6498 3270 1922 1348 3228 3167
is_linear=0
shrinkage=0.025


Tree=259
num_leaves=7
num_cat=0
split_feature=21 6 14 26 16 15
split_gain=0.692439 0.480188 0.165574 0.103777 0.0424551 0.0359848
threshold=0.019692956469953064 3.3084526062011723 0.55027586221694957 -1.0079506635665891 1.4093104004859927 2.9630355834960942
decision_type=2 2 2 2 2 2
left_child=4 2 -2 -3 5 -1
right_child=1 3 -4 -5 -6 -7
leaf_value=-0.0061406871959965581 0.0080212127984247445 0.00053649093685643274 0 -0.0039157991895970093 0 0
leaf_weight=1.744016554275732 4.5173772622765664 0.91997026290482609 1.7854926647378304 0.932499849477608 0.14663572515928525 0.080450100427697069
leaf_count=3163 1418 299 545 929 58 16
internal_value=0.000773884 0.00424048 0.00670975 -0.00201452 -0.00542652 -0.0058282
internal_weight=10.1264 8.15534 6.30287 1.85247 1.9711 1.82447
internal_count=6428 3191 1963 1228 3237 3179
is_linear=0
shrinkage=0.025


Tree=260
num_leaves=7
num_cat=0
split_feature=26 5 26 24 26 9
split_gain=0.658759 0.383527 0.348801 0.334737 0.0529385 0.0206644
threshold=-1.0020638108253477 4.4075009822845468 -0.38460642099380488 -3.6482713222503658 -0.35134677588939661 1.0259730815887453
decision_type=2 2 2 2 2 2
left_child=1 5 3 -2 -4 -1
right_child=2 -3 4 -5 -6 -7
leaf_value=0 0.00066079748374815164 -0.0016655730946224358 0.0032490955884883518 -0.0080911247593966548 0 0.0075497772411959683
leaf_weight=0.072867506045441455 1.1900979283091144 0.75353902834831377 0.30854878261015983 4.1053017900885607 0.19752855150727544 2.9623522112051432
leaf_count=17 193 533 23 5231 87 372
internal_value=0 0.00497113 -0.00424383 -0.00615146 0.00204177 0.00740776
internal_weight=9.59024 3.78876 5.80148 5.2954 0.506077 3.03522
internal_count=6456 922 5534 5424 110 389
is_linear=0
shrinkage=0.025


Tree=261
num_leaves=7
num_cat=0
split_feature=6 25 14 25 8 1
split_gain=0.737116 0.478808 0.206142 0.15255 0.0830923 0.0772619
threshold=2.8941595554351811 0.74213770031929027 0.14099253714084628 -4.2259836196899405 -0.96212852001190174 1.7337122559547427
decision_type=2 2 2 2 2 2
left_child=1 5 -3 -2 -5 -1
right_child=3 2 -4 4 -6 -7
leaf_value=0 0.00014313787321099133 0.0023385818383129548 -0.0038604544081733538 0 -0.0066114238677919771 0.0085245231634049276
leaf_weight=0.080181702622212359 0.84044491009262889 0.80874538109856109 1.9275143598424618 0.29220405326123078 2.0320171360799573 4.2083719996080617
leaf_count=68 102 1146 1598 74 3010 447
internal_value=0.00134058 0.00522095 -0.000893084 -0.00442984 -0.00590563 0.00817566
internal_weight=10.1895 7.02481 2.73626 3.16467 2.32422 4.28855
internal_count=6445 3259 2744 3186 3084 515
is_linear=0
shrinkage=0.025


Tree=262
num_leaves=7
num_cat=0
split_feature=21 19 20 13 13 20
split_gain=0.834239 0.693679 0.253197 0.182719 0.165217 0.0796258
threshold=0.94733256101608287 0.28072077035903936 1.5560982823371889 2.9648406505584721 2.2310250997543339 1.2586480379104616
decision_type=2 2 2 2 2 2
left_child=1 2 -1 -3 -2 -6
right_child=4 3 -4 -5 5 -7
leaf_value=-0.010132848909607537 -0.00032809779415813418 -0.0015928117772771762 0 0.004348798121648771 0.0070474602276515254 0
leaf_weight=3.1142505441675898 0.25324359993101131 0.49616201340541044 0.50078846843825875 1.9359898733091538 3.0911335654491272 0.39105683626257803
leaf_count=5236 88 362 165 284 203 122
internal_value=-0.000129608 -0.00496429 -0.00885084 0.00203963 0.00534324 0.00644281
internal_weight=9.78262 6.04719 3.61504 2.43215 3.73543 3.48219
internal_count=6460 6047 5401 646 413 325
is_linear=0
shrinkage=0.025


Tree=263
num_leaves=7
num_cat=0
split_feature=26 22 13 17 21 17
split_gain=0.877172 0.392586 0.346681 0.115937 0.0530527 0.0177789
threshold=-1.0079506635665891 0.8592553734779359 2.2310250997543339 0.66221347451210033 0.18379594385623935 0.62593919038772594
decision_type=2 2 2 2 2 2
left_child=2 3 -1 -2 -4 -3
right_child=1 5 4 -5 -6 -7
leaf_value=-0.0016503777056933516 -0.0089353800256265197 0.0018817392712414793 0 0 0.0074681868639791234 0
leaf_weight=0.5330706349013784 3.3186491185515479 0.86531909456243716 0.26670788548653979 1.3493777237817992 2.878157301191095 0.17636212363140658
leaf_count=447 5034 55 210 447 218 74
internal_value=-0.000928343 -0.00576549 0.004856 -0.00782321 0.00706233 0.00126427
internal_weight=9.38764 5.70971 3.67794 4.66803 3.14487 1.04168
internal_count=6485 5610 875 5481 428 129
is_linear=0
shrinkage=0.025


Tree=264
num_leaves=6
num_cat=0
split_feature=26 6 26 18 26
split_gain=0.59278 0.421246 0.378469 0.33742 0.0503201
threshold=-1.0020638108253477 4.1095016002655038 -0.38460642099380488 0.53866854310035717 -0.35134677588939661
decision_type=2 2 2 2 2
left_child=1 -1 3 -2 -4
right_child=2 -3 4 -5 -6
leaf_value=0.0069210671860519997 -0.0086971628160064565 -0.0023233741930883773 0.0031847401597497474 0.0004337852214309568 0
leaf_weight=2.8758812168016452 3.6439862916740822 0.65687971664010536 0.31200797075871378 1.2311748881802485 0.19352696088753862
leaf_count=294 5130 634 24 281 87
internal_value=-0.000538817 0.00411549 -0.00470713 -0.00670624 0.00201832
internal_weight=8.91346 3.53276 5.3807 4.87516 0.505535
internal_count=6450 928 5522 5411 111
is_linear=0
shrinkage=0.025


Tree=265
num_leaves=7
num_cat=0
split_feature=26 26 13 22 21 26
split_gain=0.55312 0.377609 0.296174 0.257563 0.0777638 0.0490681
threshold=-1.0020638108253477 -0.38460642099380488 2.2310250997543339 0.78497454524040233 -0.16039368510246274 -0.35134677588939661
decision_type=2 2 2 2 2 2
left_child=2 3 -1 -2 -4 -3
right_child=1 5 4 -5 -6 -7
leaf_value=-0.0015846642230677112 -0.0079495632577514779 0.0032889519353942361 0 0.00019630065966649734 0.0068442816282450695 0
leaf_weight=0.51567794560833169 3.9904893072452978 0.29867294143332401 0.11595434816627026 1.0720791233397902 2.868180192981526 0.18091874009405717
leaf_count=449 5271 23 154 164 330 84
internal_value=-0.000277061 -0.00433444 0.0041829 -0.00636304 0.0063306 0.0022053
internal_weight=9.04197 5.54216 3.49981 5.06257 2.98413 0.479592
internal_count=6475 5542 933 5435 484 107
is_linear=0
shrinkage=0.025


Tree=266
num_leaves=6
num_cat=0
split_feature=6 21 23 21 8
split_gain=0.775178 0.495227 0.207832 0.188492 0.0428376
threshold=3.3084526062011723 0.0073586713988333949 -3.1211365461349483 1.8244875073432925 1.7053381204605105
decision_type=2 2 2 2 2
left_child=1 4 -3 -2 -1
right_child=3 2 -4 -5 -6
leaf_value=0 -0.0069594757874859138 0 0.008338347251425746 0.000325732401692407 -0.0031958150167856556
leaf_weight=0.18699554503473315 1.8940831696236275 1.5491304232345999 4.8489369984417872 0.47051536463550281 0.89952313541289186
leaf_count=21 2594 503 1507 25 1788
internal_value=0.000862338 0.00472601 0.00697726 -0.00542423 -0.00234534
internal_weight=9.84918 7.48459 6.39807 2.3646 1.08652
internal_count=6438 3819 2010 2619 1809
is_linear=0
shrinkage=0.025


Tree=267
num_leaves=7
num_cat=0
split_feature=22 12 15 13 19 23
split_gain=0.711253 0.543754 0.24233 0.0990851 0.0965152 0.0923622
threshold=0.78497454524040233 5.2846040725708017 0.2948805838823319 2.9648406505584721 0.61150118708610546 -4.9233973026275626
decision_type=2 2 2 2 2 2
left_child=1 4 -3 -2 -1 -5
right_child=3 2 -4 5 -6 -7
leaf_value=-0.0082158617616477116 0 0.0048552249795377348 -0.0020681664967207069 0 0 0.0068434230003797045
leaf_weight=3.738953039253829 0.28713616226741612 1.5394711917433599 0.63004105965956103 0.19064331216941388 0.41172336941235688 2.4251221652848471
leaf_count=5019 65 572 404 93 132 123
internal_value=-5.62006e-05 -0.00437319 0.00193273 0.0053722 -0.00760731 0.00617092
internal_weight=9.22309 6.32019 2.16951 2.9029 4.15068 2.61577
internal_count=6408 6127 976 281 5151 216
is_linear=0
shrinkage=0.025


Tree=268
num_leaves=7
num_cat=0
split_feature=26 19 5 18 13 0
split_gain=0.695316 0.568941 0.294129 0.182881 0.0536565 0.0468378
threshold=-1.0079506635665891 0.53911316394805919 4.7276937961578378 0.45255728065967565 2.2310250997543339 5.3770208358764657
decision_type=2 2 2 2 2 2
left_child=2 3 4 -2 -1 -3
right_child=1 5 -4 -5 -6 -7
leaf_value=0 -0.0090885760367662907 0.0032154146473183849 -0.001421044461314638 0 0.0069716426677886092 0
leaf_weight=0.071917575412954515 3.3854991563312069 1.22184286970878 0.48586110019095929 1.3113107179742653 2.9715280559066741 0.2261344775542965
leaf_count=104 5051 117 407 393 347 94
internal_value=-0.000548292 -0.0048098 0.00460864 -0.00772298 0.00663325 0.00233159
internal_weight=9.67409 6.14479 3.52931 4.69681 3.04345 1.44798
internal_count=6513 5655 858 5444 451 211
is_linear=0
shrinkage=0.025


Tree=269
num_leaves=7
num_cat=0
split_feature=13 14 21 21 24 27
split_gain=0.568175 0.337499 0.375119 0.30002 0.212661 0.0623195
threshold=4.1078596115112314 0.55027586221694957 0.019692956469953064 1.2085964083671572 -4.7598583698272696 0.16435227543115619
decision_type=2 2 2 2 2 2
left_child=3 2 -2 4 -1 -3
right_child=1 5 -4 -5 -6 -7
leaf_value=0.00010805795247230265 -0.0012197225883135573 0.00036230148253492476 0.0085641439450830203 0.0013661558955243348 -0.0078615940321910792 -0.003005939577719293
leaf_weight=0.71437977308232836 0.50202378082758503 0.39974983811407561 3.6490587865555426 1.0473236250327316 2.3667408879664436 0.61860971869828063
leaf_count=67 1003 46 929 98 3895 394
internal_value=0.000237288 0.00454086 0.00667799 -0.00400235 -0.0063168 -0.00144273
internal_weight=9.29789 5.16944 4.15108 4.12844 3.08112 1.01836
internal_count=6432 2372 1932 4060 3962 440
is_linear=0
shrinkage=0.025


Tree=270
num_leaves=6
num_cat=0
split_feature=6 26 14 25 21
split_gain=0.681821 0.46897 0.375618 0.0975067 0.0589011
threshold=3.3084526062011723 -0.88249015808105458 0.099982444196939482 -4.6009182929992667 0.0073586713988333949
decision_type=2 2 2 2 2
left_child=1 4 -3 -2 -1
right_child=3 2 -4 -5 -6
leaf_value=0 0 0.0031747230862076113 -0.0053040726492708835 -0.0065677235403787549 0.0074907278843739144
leaf_weight=0.37706236862868525 0.53810286286170628 0.84414482601641827 1.8793012092282877 1.8003641206159953 4.0186601850946317
leaf_count=356 63 947 2006 2609 488
internal_value=6.34534e-05 0.00399894 -0.0015129 -0.0056274 0.0070669
internal_weight=9.45764 7.11917 2.72345 2.33847 4.39572
internal_count=6469 3797 2953 2672 844
is_linear=0
shrinkage=0.025


Tree=271
num_leaves=7
num_cat=0
split_feature=22 13 26 7 13 16
split_gain=0.703285 0.407165 0.319735 0.125021 0.110952 0.0742897
threshold=0.74295443296432506 4.2895624637603769 -0.80550479888916005 -1.0770112872123716 2.5965435504913335 0.57673048973083507
decision_type=2 2 2 2 2 2
left_child=1 3 -3 -1 -2 -6
right_child=4 2 -4 -5 5 -7
leaf_value=0 0 0.0041028896788291719 -0.0035390509093508045 -0.0086444254450680907 0.0064872778386385783 0
leaf_weight=0.33803640288897474 0.16921510570682619 2.5742578369427069 0.91699894581688557 2.6921372655779123 2.4793092992222232 0.29325438347586885
leaf_count=107 45 697 1247 4180 148 96
internal_value=-0.000484952 -0.00460162 0.000457622 -0.00786447 0.00500559 0.00587565
internal_weight=9.46321 6.52143 3.49126 3.03017 2.94178 2.77256
internal_count=6520 6231 1944 4287 289 244
is_linear=0
shrinkage=0.025


Tree=272
num_leaves=6
num_cat=0
split_feature=6 21 21 6 2
split_gain=0.583027 0.45433 0.194484 0.138757 0.0295702
threshold=3.3084526062011723 0.0073586713988333949 1.8244875073432925 -0.15668146312236783 4.7881953716278085
decision_type=2 2 2 2 2
left_child=1 4 -2 -3 -1
right_child=2 3 -4 -5 -6
leaf_value=-0.0032013249777546066 -0.0067994848277800326 0 0.00045265089760526049 0.0069892034102386862 0
leaf_weight=0.90344592664405332 1.8477349624336059 0.76041969787911501 0.45296345686074335 5.1728634452665574 0.10594895110989455
leaf_count=1782 2640 261 21 1745 2
internal_value=5.16926e-05 0.00375369 -0.00518345 0.00612531 -0.00264431
internal_weight=9.24338 6.94268 2.3007 5.93328 1.00939
internal_count=6451 3790 2661 2006 1784
is_linear=0
shrinkage=0.025


Tree=273
num_leaves=7
num_cat=0
split_feature=13 22 15 21 26 21
split_gain=0.647949 0.400368 0.293448 0.272989 0.104098 0.0827694
threshold=4.2292997837066659 0.81920394301414501 0.35171176493167883 0.019692956469953064 -1.0244186520576475 1.8244875073432925
decision_type=2 2 2 2 2 2
left_child=1 5 3 -2 -4 -1
right_child=2 -3 4 -5 -6 -7
leaf_value=-0.0086441129732100132 -0.00085461555395273012 0.0012553173985584403 0.00098002650070707904 0.0076211732204304024 -0.0035415679566143804 0
leaf_weight=2.6125849071795533 0.41273282499969388 1.1300919162313219 0.48354057571850717 3.1051716222427785 0.73431469647766767 0.28823347762227047
leaf_count=4120 776 112 20 754 631 27
internal_value=-0.000563777 -0.00553344 0.00369367 0.00597507 -0.0013967 -0.00808995
internal_weight=8.76667 4.03091 4.73576 3.5179 1.21786 2.90082
internal_count=6440 4259 2181 1530 651 4147
is_linear=0
shrinkage=0.025


Tree=274
num_leaves=6
num_cat=0
split_feature=6 26 14 24 8
split_gain=0.618614 0.439305 0.280384 0.14031 0.0722428
threshold=3.3084526062011723 -0.88249015808105458 0.099982444196939482 0.44720697402954107 -0.96212852001190174
decision_type=2 2 2 2 2
left_child=1 3 -3 -1 -2
right_child=4 2 -4 -5 -6
leaf_value=0.0071419373482971716 0 0.0024128366816175526 -0.0049165424695129262 0 -0.0066323594671514746
leaf_weight=4.0940902634574741 0.30561646756541483 0.73397096979897503 1.9162610791754557 0.18553138123752422 1.9303969617030814
leaf_count=472 69 960 2012 377 2597
internal_value=0 0.00326185 -0.00181942 0.00636689 -0.00599086
internal_weight=9.16587 6.92985 2.65023 4.27962 2.23601
internal_count=6487 3821 2972 849 2666
is_linear=0
shrinkage=0.025


Tree=275
num_leaves=7
num_cat=0
split_feature=6 21 23 24 8 4
split_gain=0.603717 0.339205 0.155308 0.121906 0.0793137 0.0370656
threshold=2.9673367738723759 0.019692956469953064 -3.1211365461349483 -5.4228928089141837 -0.96212852001190174 3.6491390466690068
decision_type=2 2 2 2 2 2
left_child=1 5 -3 -2 -5 -1
right_child=3 2 -4 4 -6 -7
leaf_value=-0.002766104021765298 0 0 0.0070490003904190371 0 -0.0069111726729388498 0
leaf_weight=0.84324442657452869 0.44127748475875739 1.5270713491954655 4.1083298825142274 0.30709954578924303 2.0771419954035077 0.17374774103518575
leaf_count=1645 33 491 1251 76 3024 3
internal_value=0 0.00376358 0.00578162 -0.00520823 -0.00625018 -0.00189217
internal_weight=9.47791 6.65239 5.6354 2.82552 2.38424 1.01699
internal_count=6523 3390 1742 3133 3100 1648
is_linear=0
shrinkage=0.025


Tree=276
num_leaves=7
num_cat=0
split_feature=26 12 13 22 14 21
split_gain=0.581869 0.34785 0.316115 0.282934 0.222441 0.0639432
threshold=-1.0020638108253477 5.831057310104371 2.2310250997543339 0.74295443296432506 0.26474699378013616 -0.16039368510246274
decision_type=2 2 2 2 2 2
left_child=2 3 -1 -2 -3 -4
right_child=1 4 5 -5 -6 -7
leaf_value=-0.001568285734565019 -0.0083505878186049889 0.0047441927676640291 0 0.00031804212164891169 -0.0021066550155680432 0.0071155193886293794
leaf_weight=0.52246772010767051 3.1149105943622999 0.73878432750279877 0.090897757108905686 1.0030346228923006 0.46817574199303635 2.9196412210367271
leaf_count=469 4906 203 142 146 264 308
internal_value=0 -0.00425173 0.00455473 -0.00653711 0.00152351 0.0067132
internal_weight=8.85791 5.32491 3.53301 4.11795 1.20696 3.01054
internal_count=6438 5519 919 5052 467 450
is_linear=0
shrinkage=0.025


Tree=277
num_leaves=7
num_cat=0
split_feature=22 17 27 12 16 13
split_gain=0.509454 0.720555 0.531692 0.189075 0.121985 0.0688781
threshold=0.74295443296432506 0.66221347451210033 0.73340532183647167 2.8747087717056279 0.57673048973083507 2.9648406505584721
decision_type=2 2 2 2 2 2
left_child=1 2 -1 -3 5 -2
right_child=4 3 -4 -5 -6 -7
leaf_value=-0.010141529742793351 0 -0.0013075585059268045 0.0018440294603121845 0.0048641300167739238 -6.0028400144498592e-05 0.006393760095266334
leaf_weight=3.1849200051474331 0.23933169056545089 0.44159248938740381 0.3133961109779192 2.1741913872610894 0.23005296984774748 2.3280066721017647
leaf_count=5503 55 211 88 340 110 137
internal_value=0 -0.00352512 -0.00787916 0.00282715 0.00480865 0.00582224
internal_weight=8.91149 6.1141 3.49832 2.61578 2.79739 2.56734
internal_count=6444 6142 5591 551 302 192
is_linear=0
shrinkage=0.025


Tree=278
num_leaves=6
num_cat=0
split_feature=21 26 12 22 24
split_gain=0.674448 0.319555 0.272878 0.121957 0.0543971
threshold=0.18379594385623935 -0.88249015808105458 2.6158263683319096 0.78497454524040233 -4.7598583698272696
decision_type=2 2 2 2 2
left_child=4 2 -2 -3 -1
right_child=1 3 -4 -5 -6
leaf_value=0 -0.00088378779640621314 -0.0035250921331992733 0.0072503514855964532 0.0011929733001881865 -0.0067377700807409874
leaf_weight=0.31380149131291579 0.5210140212875557 1.4436999832869335 4.3394069754176599 0.87628262603539031 2.0119389845131082
leaf_count=36 184 1137 796 108 4177
internal_value=0 0.00335623 0.00573856 -0.00129159 -0.00622993
internal_weight=9.50614 7.1804 4.86042 2.31998 2.32574
internal_count=6438 2225 980 1245 4213
is_linear=0
shrinkage=0.025


Tree=279
num_leaves=7
num_cat=0
split_feature=21 26 27 13 3 26
split_gain=0.498801 0.312438 0.286797 0.154911 0.0719523 0.0404109
threshold=0.94733256101608287 -0.38460642099380488 0.12957300245761874 2.2310250997543339 1.10604465007782 -0.35134677588939661
decision_type=2 2 2 2 2 2
left_child=1 2 -1 -2 -5 -3
right_child=3 5 -4 4 -6 -7
leaf_value=0.00020675126156850527 -0.00032913855608278678 0.0032567138854726931 -0.0074420501653155021 0 0.0065801961857579047 0
leaf_weight=2.1601382817316335 0.25476302424795028 0.30170085747886333 3.0046108667283988 0.12152083402907043 3.173417566500575 0.14950494826189231
leaf_count=1066 88 26 4845 50 267 72
internal_value=0.000267965 -0.0030705 -0.00510001 0.00498756 0.00610273 0.0023837
internal_weight=9.16566 5.61595 5.16475 3.5497 3.29494 0.451206
internal_count=6414 6009 5911 405 317 98
is_linear=0
shrinkage=0.025


Tree=280
num_leaves=7
num_cat=0
split_feature=22 12 19 15 13 16
split_gain=0.594328 0.547288 0.195048 0.169867 0.110787 0.0737389
threshold=0.74295443296432506 5.2846040725708017 0.50878581404685985 0.17755726724863055 2.5965435504913335 0.57673048973083507
decision_type=2 2 2 2 2 2
left_child=1 2 -1 -3 -2 -6
right_child=4 3 -4 -5 5 -7
leaf_value=-0.0081882004003356167 0 0.0048307171194526821 0 -0.0010078440485465771 0.0068285582338832723 0
leaf_weight=3.3047241172098443 0.16284875315614078 1.1433411790640096 0.66092768510134181 0.91627492987390713 2.5218535582316695 0.28672018840006774
leaf_count=4954 49 404 194 567 154 90
internal_value=0 -0.00351276 -0.00696471 0.0024738 0.0054343 0.0062462
internal_weight=8.99669 6.02527 3.96565 2.05962 2.97142 2.80857
internal_count=6412 6119 5148 971 293 244
is_linear=0
shrinkage=0.025


Tree=281
num_leaves=5
num_cat=0
split_feature=21 6 14 26
split_gain=0.547753 0.394517 0.314442 0.132695
threshold=0.0073586713988333949 2.8941595554351811 0.55027586221694957 -1.0079506635665891
decision_type=2 2 2 2
left_child=-1 2 -2 -3
right_child=1 3 -4 -5
leaf_value=-0.0055150123623260395 0.007831711819921372 0.00091598583833329213 -0.00051926630811773564 -0.0040950898761636517
leaf_weight=1.5754789716265802 4.1188242532953154 1.0356401405078943 1.3775523077129035 1.0996701920685152
leaf_count=3184 1265 326 498 1205
internal_value=0 0.00335697 0.00589292 -0.00184997
internal_weight=9.20717 7.63169 5.49638 2.13531
internal_count=6478 3294 1763 1531
is_linear=0
shrinkage=0.025


Tree=282
num_leaves=7
num_cat=0
split_feature=22 17 10 10 6 16
split_gain=0.617999 0.542985 0.262779 0.163347 0.13206 0.0527634
threshold=0.74295443296432506 0.52494058012962352 2.5889680385589604 6.9759864807128915 3.5834454298019414 0.46334528923034674
decision_type=2 2 2 2 2 2
left_child=1 3 -3 -1 5 -2
right_child=4 2 -4 -5 -6 -7
leaf_value=-0.0096040321845856924 0.0057589326628652623 -0.0027711849886975764 0.0042717252047874896 0 -0.00040938421300130306 0
leaf_weight=2.9498633019393314 2.0304490804774113 0.69291070540202815 2.081234026572929 0.22639726026682172 0.23363195439742401 0.34356046233733639
leaf_count=5268 123 399 476 19 77 100
internal_value=-0.00155526 -0.00523863 0.00105773 -0.00878618 0.00394719 0.00521038
internal_weight=8.55805 5.95041 2.77414 3.17626 2.60764 2.37401
internal_count=6462 6162 875 5287 300 223
is_linear=0
shrinkage=0.025


Tree=283
num_leaves=6
num_cat=0
split_feature=22 17 26 6 16
split_gain=0.819953 0.780056 0.175409 0.110779 0.0611124
threshold=0.78497454524040233 0.52494058012962352 -0.88249015808105458 3.5834454298019414 0.57673048973083507
decision_type=2 2 2 2 2
left_child=1 -1 -3 4 -2
right_child=3 2 -4 -5 -6
leaf_value=-0.0099782056286811752 0.0064225144902264122 0.0040081436889635681 -0.0016691429893331028 0 0
leaf_weight=3.0492547772628313 2.2986429459087967 2.2478131588504771 0.65744083217941796 0.23888773215003301 0.27344396555417905
leaf_count=5298 129 455 448 71 89
internal_value=-0.0011311 -0.005542 0.00168966 0.00497887 0.00589194
internal_weight=8.76548 5.95451 2.90525 2.81097 2.57209
internal_count=6490 6201 903 289 218
is_linear=0
shrinkage=0.025


Tree=284
num_leaves=7
num_cat=0
split_feature=6 25 14 18 2 25
split_gain=0.362241 0.403738 0.260502 0.0802158 0.0793566 0.0426343
threshold=3.1927362680435185 0.74213770031929027 0.14099253714084628 0.53866854310035717 1.5850765109062197 -5.4577026367187491
decision_type=2 2 2 2 2 2
left_child=1 4 -3 5 -1 -2
right_child=3 2 -4 -5 -6 -7
leaf_value=0 0 0.0021828844243611057 -0.004872414847560954 0 0.0065123815383009006 -0.0055915809068900341
leaf_weight=0.096854745741439152 0.23872377695806801 0.84971711360776714 1.7504313345125408 0.72924726906785498 3.896272690675687 1.476631660687417
leaf_count=61 23 1310 1736 223 581 2563
internal_value=0 0.00294699 -0.00182518 -0.00410936 0.00603649 -0.00511726
internal_weight=9.03788 6.59328 2.60015 2.4446 3.99313 1.71536
internal_count=6497 3688 3046 2809 642 2586
is_linear=0
shrinkage=0.025


Tree=285
num_leaves=7
num_cat=0
split_feature=21 14 12 22 16 15
split_gain=0.511088 0.423524 0.374196 0.122312 0.0393938 0.0289536
threshold=0.0073586713988333949 0.55027586221694957 2.6158263683319096 0.91675469279289257 1.4093104004859927 2.9630355834960942
decision_type=2 2 2 2 2 2
left_child=4 2 -2 -3 5 -1
right_child=1 3 -4 -5 -6 -7
leaf_value=-0.0053291348598990566 -0.0014037156115768775 -0.0039754310022288644 0.0080059088617690441 0.00090076890002738414 0 0
leaf_weight=1.4791186401271259 0.46074811228390888 1.1088561954038594 5.1418329145162716 0.6642657488300755 0.13471845196181664 0.073100576348224311
leaf_count=3071 253 795 2124 81 56 14
internal_value=0.000789951 0.00388633 0.00634555 -0.00190948 -0.00459662 -0.005032
internal_weight=9.06264 7.3757 5.60258 1.77312 1.68694 1.55222
internal_count=6394 3253 2377 876 3141 3085
is_linear=0
shrinkage=0.025


Tree=286
num_leaves=6
num_cat=0
split_feature=6 21 14 21 8
split_gain=0.822673 0.410645 0.144698 0.0525655 0.0363578
threshold=3.3084526062011723 0.0073586713988333949 0.39241008460521704 1.8244875073432925 1.7053381204605105
decision_type=2 2 2 2 2
left_child=1 4 -3 -2 -1
right_child=3 2 -4 -5 -6
leaf_value=0 -0.0068252329843238625 0.0080417951062546917 0 0 -0.0028492561104432861
leaf_weight=0.18302632355698722 1.7243328291606306 3.6072891897856607 2.1436075154779246 0.29399391869083036 0.81350190082957852
leaf_count=21 2637 1272 743 25 1731
internal_value=0.00013231 0.00446329 0.00658513 -0.00632071 -0.00202015
internal_weight=8.76575 6.74742 5.7509 2.01833 0.996528
internal_count=6429 3767 2015 2662 1752
is_linear=0
shrinkage=0.025


Tree=287
num_leaves=7
num_cat=0
split_feature=27 5 18 24 24 24
split_gain=0.691574 0.338893 0.205457 0.170403 0.0602502 0.0321155
threshold=0.16958870738744738 4.0444679260253915 0.45255728065967565 0.084095437079668059 -4.7598583698272696 -5.4228928089141837
decision_type=2 2 2 2 2 2
left_child=1 3 4 -1 -2 -3
right_child=2 5 -4 -5 -6 -7
leaf_value=0.0071075638589316427 0 0 2.419276714024458e-06 -0.00019875891233692299 -0.0078706971954629733 -0.0026490898374104139
leaf_weight=3.3849241281386644 0.1359271324763548 0.34971700768801361 0.98805451354201057 0.2376245271807419 2.7987751424589078 0.74401836552351597
leaf_count=383 20 23 295 494 4309 918
internal_value=-0.000878926 0.00359709 -0.00596094 0.00606611 -0.00749272 -0.00182237
internal_weight=8.63904 4.71628 3.92276 3.62255 2.9347 1.09374
internal_count=6442 1818 4624 877 4329 941
is_linear=0
shrinkage=0.025


Tree=288
num_leaves=7
num_cat=0
split_feature=13 22 23 26 21 21
split_gain=0.496021 0.307101 0.299767 0.270513 0.178882 0.0695566
threshold=4.2292997837066659 0.81920394301414501 -1.5464454293251035 -1.0079506635665891 0.019692956469953064 1.8244875073432925
decision_type=2 2 2 2 2 2
left_child=1 5 3 -2 -4 -1
right_child=2 -3 4 -5 -6 -7
leaf_value=-0.0075488435620630892 0.0025193033379904677 0.0010348689413018982 -0.0001862934345052686 -0.0048217983726335772 0.0074532855923096913 0
leaf_weight=2.5769956235362779 0.92468678747172806 1.1125895149634741 0.27738957687324761 1.0479977327449885 2.1716615726654709 0.28229173031286325
leaf_count=4163 47 116 379 1344 422 27
internal_value=-0.000331057 -0.00475566 0.00339461 -0.00114535 0.00620472 -0.007029
internal_weight=8.39361 3.97188 4.42174 1.97268 2.44905 2.85929
internal_count=6498 4306 2192 1391 801 4190
is_linear=0
shrinkage=0.025


Tree=289
num_leaves=7
num_cat=0
split_feature=6 27 26 2 8 22
split_gain=0.457225 0.362877 0.170158 0.107077 0.0570243 0.028817
threshold=3.2911256551742558 0.16958870738744738 -0.38460642099380488 2.3099688291549687 -0.96212852001190174 0.963395655155182
decision_type=2 2 2 2 2 2
left_child=1 3 -3 -1 -2 -6
right_child=4 2 -4 -5 5 -7
leaf_value=0 0 -0.0034868731082898594 0.0020326720142067305 0.0069675643544646771 -0.0060248370103372579 0
leaf_weight=0.13613872752830536 0.30292072406882686 2.8855462906885809 0.48403238289029094 2.8945731839376094 1.5483235559295279 0.32717224885709573
leaf_count=108 73 3210 107 333 2528 36
internal_value=0 0.00298708 -0.00120659 0.00627619 -0.00506346 -0.0056526
internal_weight=8.57871 6.40029 3.36958 3.03071 2.17842 1.8755
internal_count=6395 3758 3317 441 2637 2564
is_linear=0
shrinkage=0.025


Tree=290
num_leaves=7
num_cat=0
split_feature=6 21 23 21 22 2
split_gain=0.514842 0.364633 0.262079 0.0603087 0.0515426 0.0248184
threshold=3.3084526062011723 0.0073586713988333949 -3.2702020406723018 1.8244875073432925 0.963395655155182 4.7881953716278085
decision_type=2 2 2 2 2 2
left_child=1 5 -3 4 -2 -1
right_child=3 2 -4 -5 -6 -7
leaf_value=-0.0027845790953897331 -0.0060877354800104953 -0.00039813609478649712 0.0073185151810447662 0 0 0
leaf_weight=0.79947888792958099 1.5751775093467588 1.1874066529999252 4.5081144645082531 0.28253155035781663 0.31001748359994952 0.10461033567844424
leaf_count=1744 2644 469 1545 23 33 3
internal_value=0 0.00357203 0.00569134 -0.00492379 -0.00554194 -0.00223366
internal_weight=8.76734 6.59961 5.69552 2.16773 1.88519 0.904089
internal_count=6461 3761 2014 2700 2677 1747
is_linear=0
shrinkage=0.025


Tree=291
num_leaves=7
num_cat=0
split_feature=22 26 19 13 25 23
split_gain=0.603805 0.332126 0.112845 0.0958388 0.0601001 0.0555196
threshold=0.71198669075965892 -1.0312622189521787 0.34236119687557226 2.9648406505584721 -0.3514308482408523 -1.5060051679611204
decision_type=2 2 2 2 2 2
left_child=1 5 -3 -2 -5 -1
right_child=3 2 -4 4 -6 -7
leaf_value=0.0024920162454701196 0 -0.0081638425678083309 0 0.0054895053743889968 0 -0.00059946357637199283
leaf_weight=0.96334656997350976 0.32209712045732919 3.5634945702076948 0.69108616127050471 1.9974606775795114 0.2449888445116809 0.5291341280826598
leaf_count=149 80 5275 296 135 99 422
internal_value=-0.00157407 -0.00525656 -0.0073519 0.00387189 0.00489171 0.00081575
internal_weight=8.31161 5.74706 4.25458 2.56455 2.24245 1.49248
internal_count=6456 6142 5571 314 234 571
is_linear=0
shrinkage=0.025


Tree=292
num_leaves=7
num_cat=0
split_feature=21 6 6 26 16 20
split_gain=0.47114 0.37977 0.213141 0.0481738 0.0349273 0.0278859
threshold=0.0073586713988333949 3.3615400791168217 0.053473759442567832 -1.0079506635665891 1.4093104004859927 2.8015156984329228
decision_type=2 2 2 2 2 2
left_child=4 2 -2 -3 5 -1
right_child=1 3 -4 -5 -6 -7
leaf_value=-0.0052705133384866381 -0.00020860258642457598 0 0.0072011236898007636 -0.0030682558571407748 0 0
leaf_weight=1.4597139021734618 0.81758698716294009 0.75525373117488925 4.7118142469425948 0.78204500478568639 0.1397213910568097 0.072742196934996062
leaf_count=3106 317 299 1743 921 65 18
internal_value=0.000493434 0.00361426 0.00593314 -0.00192897 -0.00458365 -0.00498006
internal_weight=8.73888 7.0667 5.5294 1.5373 1.67218 1.53246
internal_count=6469 3280 2060 1220 3189 3124
is_linear=0
shrinkage=0.025


Tree=293
num_leaves=6
num_cat=0
split_feature=21 14 5 22 15
split_gain=0.381428 0.3268 0.325576 0.126691 0.0270064
threshold=0.0073586713988333949 0.42346172034740454 4.0252473354339608 0.91675469279289257 2.9630355834960942
decision_type=2 2 2 2 2
left_child=4 2 -2 -3 -1
right_child=1 3 -4 -5 -6
leaf_value=-0.0051446910296294836 0.0071297459684499373 -0.0038560565080059291 -0.0013143119981900023 0.0010177975434759146 0
leaf_weight=1.466865408581725 4.032975657732095 1.4653113441872849 0.65691373286790611 0.73714198127709085 0.073000415770365978
leaf_count=3147 1684 981 436 95 16
internal_value=0 0.0026594 0.0052341 -0.00178291 -0.0048571
internal_weight=8.43221 6.89234 4.68989 2.20245 1.53987
internal_count=6359 3196 2120 1076 3163
is_linear=0
shrinkage=0.025


Tree=294
num_leaves=6
num_cat=0
split_feature=21 13 23 21 15
split_gain=0.396849 0.284084 0.310003 0.0746789 0.0278492
threshold=0.0073586713988333949 2.9648406505584721 -3.1211365461349483 1.8244875073432925 2.9630355834960942
decision_type=2 2 2 2 2
left_child=4 3 -3 -2 -1
right_child=1 2 -4 -5 -6
leaf_value=-0.005087484815138113 -0.0033115574416124945 -0.0010162331759320353 0.006847095544240892 0.00041187831690639399 0
leaf_weight=1.4520202283201795 1.0119363967005481 1.1915237567409338 4.4527946147736666 0.44618582769180637 0.069826419403398066
leaf_count=3172 984 509 1709 26 13
internal_value=0 0.00285202 0.00490235 -0.00176765 -0.00478921
internal_weight=8.62429 7.10244 5.64432 1.45812 1.52185
internal_count=6413 3228 2218 1010 3185
is_linear=0
shrinkage=0.025


Tree=295
num_leaves=6
num_cat=0
split_feature=27 13 24 25 21
split_gain=0.687574 0.42167 0.20097 0.174361 0.0136086
threshold=0.16958870738744738 2.2310250997543339 0.44720697402954107 0.74213770031929027 0.40794339776039129
decision_type=2 2 2 2 2
left_child=1 -1 -3 4 -2
right_child=3 2 -4 -5 -6
leaf_value=-0.0023879989359221641 -0.0007830040431472474 0.007661672488443131 -0.00031054512496685036 -0.0073311347544329428 0.00087402843874649291
leaf_weight=0.69183152505684109 0.35516848343831986 3.9053321605933888 0.25319253155248578 1.9310128859124231 1.8359058271671527
leaf_count=706 487 577 561 3713 459
internal_value=-0.000162766 0.00411217 0.00658931 -0.00537492 0
internal_weight=8.97244 4.85036 4.15852 4.12209 2.19107
internal_count=6503 1844 1138 4659 946
is_linear=0
shrinkage=0.025


Tree=296
num_leaves=7
num_cat=0
split_feature=26 19 13 18 22 15
split_gain=0.746862 0.376515 0.28021 0.155497 0.0671855 0.0157127
threshold=-1.0020638108253477 0.53911316394805919 2.2310250997543339 0.45255728065967565 -0.25799408555030817 0.15040361881256106
decision_type=2 2 2 2 2 2
left_child=2 3 -1 -2 -4 -3
right_child=1 5 4 -5 -6 -7
leaf_value=-0.0012068315218275315 -0.0084638100435001015 0.0019053638697061168 0 0 0.0072537358134227223 0
leaf_weight=0.45559184003286679 3.0546736292890273 0.89308191525560665 0.090998647301604119 1.1390567484013443 2.9920342045261346 0.34067672833771212
leaf_count=448 4982 100 150 358 315 107
internal_value=-0.000210796 -0.00495554 0.00497502 -0.00722426 0.0068432 0.00136259
internal_weight=8.96611 5.42749 3.53862 4.19373 3.08303 1.23376
internal_count=6460 5547 913 5340 465 207
is_linear=0
shrinkage=0.025


Tree=297
num_leaves=6
num_cat=0
split_feature=6 21 23 21 8
split_gain=0.578967 0.359033 0.157052 0.151087 0.0319651
threshold=3.1927362680435185 0.0073586713988333949 -3.1211365461349483 1.8244875073432925 1.7289175391197207
decision_type=2 2 2 2 2
left_child=1 4 -3 -2 -1
right_child=3 2 -4 -5 -6
leaf_value=0 -0.0058637966795929281 0 0.0076097323990689317 0.00031954722598221389 -0.0025673215725723576
leaf_weight=0.17554249357272045 1.8251794534717194 1.5021423745565696 4.3320063138962723 0.45948672509985033 0.75165031970027485
leaf_count=16 2755 510 1416 24 1683
internal_value=0.00102398 0.00447736 0.00638898 -0.00439648 -0.00173935
internal_weight=9.04601 6.76134 5.83415 2.28467 0.927193
internal_count=6404 3625 1926 2779 1699
is_linear=0
shrinkage=0.025


Tree=298
num_leaves=7
num_cat=0
split_feature=13 22 17 21 15 13
split_gain=0.412851 0.261773 0.221616 0.197501 0.194475 0.045354
threshold=4.2292997837066659 0.78497454524040233 0.007388466503471137 1.8244875073432925 0.35171176493167883 2.9648406505584721
decision_type=2 2 2 2 2 2
left_child=1 3 -2 -1 -4 -3
right_child=2 5 4 -5 -6 -7
leaf_value=-0.0070561525784287888 -0.0010996027733497634 -0.00014082068843295932 0.0072095721181029346 0.00037214959867867175 0 0.002580297188169948
leaf_weight=2.4986494158929422 0.48356030151444418 0.19784510428144109 2.9541546838918298 0.44880050275241945 1.0209257045571574 0.96755020336058806
leaf_count=4126 784 65 937 24 425 63
internal_value=0.000197927 -0.00328852 0.00411306 -0.00561612 0.00570286 0.00136505
internal_weight=8.57149 4.11285 4.45864 2.94745 3.97508 1.1654
internal_count=6424 4278 2146 4150 1362 128
is_linear=0
shrinkage=0.025


Tree=299
num_leaves=7
num_cat=0
split_feature=13 26 14 22 18 17
split_gain=0.407907 0.301338 0.25595 0.174377 0.0977389 0.0100739
threshold=2.9648406505584721 -0.88249015808105458 0.099982444196939482 0.034267753362655647 0.53866854310035717 0.49844337999820715
decision_type=2 2 2 2 2 2
left_child=4 3 -3 -2 -1 -6
right_child=1 2 -4 -5 5 -7
leaf_value=-0.0051042802859957775 -8.430950216470459e-05 0.002809401104798021 -0.004142360014767729 0.0072550931557954701 -0.00010202693288469884 0.0010680233052115019
leaf_weight=1.3288408383923527 0.4228976271588184 0.81890011463474399 1.9251264336853635 3.5617869643319864 0.21795516698330164 0.47209345255396329
leaf_count=1985 792 1022 2091 413 152 21
internal_value=0.000714917 0.00367224 -0.00078625 0.00616709 -0.00384565 0
internal_weight=8.7476 6.72871 2.74403 3.98468 2.01889 0.690049
internal_count=6476 4318 3113 1205 2158 173
is_linear=0
shrinkage=0.025


Tree=300
num_leaves=7
num_cat=0
split_feature=27 13 18 19 21 0
split_gain=0.798238 0.335109 0.323025 0.275593 0.0887056 0.0203791
threshold=0.12957300245761874 2.2310250997543339 0.45255728065967565 0.53911316394805919 0.18379594385623935 4.4550962448120126
decision_type=2 2 2 2 2 2
left_child=1 -1 3 -2 -3 -4
right_child=2 4 5 -5 -6 -7
leaf_value=-0.0016449166709867861 -0.0093721089703762278 0 0.0016214079098724383 0.00013449376793507823 0.0074182951507367374 0
leaf_weight=0.52571467077359546 2.599422171044353 0.29335104715937665 1.0567482687547451 0.72180120775010426 3.2408769749163184 0.25857285664460494
leaf_count=540 4725 372 193 137 321 166
internal_value=-0.000311874 0.00474019 -0.0055484 -0.00771558 0.00682958 0.000710276
internal_weight=8.69649 4.05994 4.63654 3.32122 3.53423 1.31532
internal_count=6454 1233 5221 4862 693 359
is_linear=0
shrinkage=0.025


Tree=301
num_leaves=7
num_cat=0
split_feature=21 6 23 26 16 15
split_gain=0.361 0.262151 0.148655 0.06849 0.0354244 0.0275507
threshold=0.0073586713988333949 3.1927362680435185 -3.1211365461349483 -1.0079506635665891 1.4093104004859927 2.9630355834960942
decision_type=2 2 2 2 2 2
left_child=4 2 -2 -3 5 -1
right_child=1 3 -4 -5 -6 -7
leaf_value=-0.0050548906122459105 0 0.00035506355836770952 0.0062234050638490411 -0.0031101694014175037 0 0
leaf_weight=1.388047618753262 1.2745626257783436 0.9155349548018421 3.8998085743260167 0.77636824497130852 0.13115696200839 0.066841569469033746
leaf_count=3073 486 328 1450 1032 59 11
internal_value=0 0.00292837 0.00497465 -0.00143682 -0.00433677 -0.00475602
internal_weight=8.45232 6.86627 5.17437 1.6919 1.58605 1.45489
internal_count=6439 3296 1936 1360 3143 3084
is_linear=0
shrinkage=0.025


Tree=302
num_leaves=6
num_cat=0
split_feature=21 6 20 21 15
split_gain=0.45513 0.303847 0.12844 0.0736074 0.0266337
threshold=0.0073586713988333949 3.3084526062011723 0.58107057213783275 1.8244875073432925 2.9630355834960942
decision_type=2 2 2 2 2
left_child=4 2 -2 -3 -1
right_child=1 3 -4 -5 -6
leaf_value=-0.0051883419322469515 0.0067111942958988195 -0.003152194571869109 0 0.0004997929317039103 0
leaf_weight=1.4260571215709203 3.4728761755904998 1.1823094027058685 1.9548556053414357 0.42279225483071048 0.071501846750834264
leaf_count=3162 1264 1236 735 23 17
internal_value=8.55341e-05 0.00326432 0.00537572 -0.00159385 -0.00490518
internal_weight=8.53039 7.03283 5.42773 1.6051 1.49756
internal_count=6437 3258 1999 1259 3179
is_linear=0
shrinkage=0.025


Tree=303
num_leaves=7
num_cat=0
split_feature=26 0 5 22 22 2
split_gain=0.525472 0.320421 0.26376 0.232047 0.0586179 0.0367288
threshold=-1.0079506635665891 0.20302995294332507 4.7276937961578378 0.74295443296432506 -0.25799408555030817 -0.1434628292918205
decision_type=2 2 2 2 2 2
left_child=2 5 4 -3 -1 -2
right_child=1 3 -4 -5 -6 -7
leaf_value=0 0 -0.0078794359489209511 -0.0014394298271668898 2.7993801940588819e-05 0.0064740020396232712 0.0028190455820032885
leaf_weight=0.093932967996807615 0.17245310581347439 3.5029879369394621 0.48067941011322535 1.0814256466001095 2.6439711267157691 0.1450682832582969
leaf_count=186 81 5307 430 183 275 17
internal_value=-0.000426471 -0.00450048 0.00398097 -0.00632052 0.00605552 0.00183639
internal_weight=8.12052 4.90193 3.21858 4.58441 2.7379 0.317521
internal_count=6479 5588 891 5490 461 98
is_linear=0
shrinkage=0.025


Tree=304
num_leaves=7
num_cat=0
split_feature=21 19 15 26 6 12
split_gain=0.5002 0.511084 0.222774 0.156923 0.120355 0.089498
threshold=0.97700640559196483 0.28072077035903936 1.0832958817481997 -0.80550479888916005 3.5553669929504399 2.8747087717056279
decision_type=2 2 2 2 2 2
left_child=1 2 -1 5 -3 -2
right_child=3 4 -4 -5 -6 -7
leaf_value=-0.0092497812708873806 0 0.0035691847043337506 0 -0.00072252742207206387 -0.001182173161720472 0.0058902392272774376
leaf_weight=2.6822347643410471 0.27407316553581118 1.7509051767628991 0.47614024595168292 0.36167734456830647 0.40585123211712915 2.4172753879211086
leaf_count=5206 70 258 159 149 374 196
internal_value=-0.000884335 -0.00458611 -0.00796861 0.00363024 0.00160053 0.00511722
internal_weight=8.36816 5.31513 3.15838 3.05303 2.15676 2.69135
internal_count=6412 5997 5365 415 632 266
is_linear=0
shrinkage=0.025


Tree=305
num_leaves=7
num_cat=0
split_feature=21 6 6 26 16 15
split_gain=0.410112 0.30626 0.132921 0.0592873 0.0343645 0.0257857
threshold=0.0073586713988333949 3.3084526062011723 0.053473759442567832 -1.0079506635665891 1.4093104004859927 2.9630355834960942
decision_type=2 2 2 2 2 2
left_child=4 2 -2 -3 5 -1
right_child=1 3 -4 -5 -6 -7
leaf_value=-0.0049550692698904575 0 0.00016046868585165995 0.0064006200126254494 -0.0030168210633749163 0 0
leaf_weight=1.3642005978672385 0.96093389008819929 0.91013283487700392 4.7874683401896618 0.76523273091879651 0.13444459088350402 0.068853760667479835
leaf_count=3074 319 316 1704 966 66 14
internal_value=0.000560589 0.00338141 0.0054384 -0.00152715 -0.0042507 -0.00466741
internal_weight=8.99127 7.42377 5.7484 1.67537 1.5675 1.43305
internal_count=6459 3305 2023 1282 3154 3088
is_linear=0
shrinkage=0.025


Tree=306
num_leaves=6
num_cat=0
split_feature=6 21 21 13 2
split_gain=0.303516 0.24 0.153 0.139836 0.0214592
threshold=3.2911256551742558 0.0073586713988333949 1.8244875073432925 5.7217354774475107 4.7881953716278085
decision_type=2 2 2 2 2
left_child=1 4 -2 -3 -1
right_child=2 3 -4 -5 -6
leaf_value=-0.00247818628620587 -0.0056855551304218236 0.0055141782235780213 0.00043258859058131695 -4.5370175880575675e-05 0
leaf_weight=0.73187215002508299 1.7476318838726004 4.2672569287060469 0.42626483537605953 0.95653767569820036 0.10350433414350846
leaf_count=1748 2684 1658 19 341 2
internal_value=0 0.00244638 -0.00414931 0.00436052 -0.00193238
internal_weight=8.23307 6.05917 2.1739 5.22379 0.835376
internal_count=6452 3749 2703 1999 1750
is_linear=0
shrinkage=0.025


Tree=307
num_leaves=7
num_cat=0
split_feature=13 22 14 17 25 8
split_gain=0.427371 0.3904 0.348143 0.180969 0.086252 0.0860565
threshold=4.4615759849548349 0.81920394301414501 0.39241008460521704 0.011127915233373644 -2.7701810598373409 -0.96212852001190174
decision_type=2 2 2 2 2 2
left_child=1 5 3 -2 -4 -1
right_child=2 -3 4 -5 -6 -7
leaf_value=0 -0.00015765286142392155 0.0018077457669499154 0.00061477843992874585 0.0076183271992849716 -0.0034732520708124015 -0.0072978082930472941
leaf_weight=0.28333937688330513 0.2717649467304003 1.3837303074506051 0.39522443544410635 2.5621470720507205 0.78768336511348003 2.8437942593718617
leaf_count=74 515 129 30 773 516 4447
internal_value=0 -0.0038479 0.0037424 0.00645014 -0.00170393 -0.00669203
internal_weight=8.52768 4.51086 4.01682 2.83391 1.18291 3.12713
internal_count=6484 4650 1834 1288 546 4521
is_linear=0
shrinkage=0.025


Tree=308
num_leaves=6
num_cat=0
split_feature=22 13 17 14 9
split_gain=0.397912 0.382026 0.268247 0.181073 0.07967
threshold=0.91675469279289257 5.4542055130004892 0.71338036656379711 0.35134422779083258 1.5455974936485293
decision_type=2 2 2 2 2
left_child=1 2 -1 -3 -2
right_child=4 3 -4 -5 -6
leaf_value=-0.0083389707351836755 0 0.004502091262487083 0 -0.0015883114140206917 0.0046321349693965981
leaf_weight=2.802272590193752 0.19677804213642991 0.96139097263949203 1.7044337713996354 0.51789267726053367 1.8603389281852285
leaf_count=5170 42 359 435 227 160
internal_value=-0.000702057 -0.00378896 -0.00627978 0.00182498 0.00371518
internal_weight=8.04311 5.98599 4.50671 1.47928 2.05712
internal_count=6393 6191 5605 586 202
is_linear=0
shrinkage=0.025


Tree=309
num_leaves=6
num_cat=0
split_feature=6 25 23 26 25
split_gain=0.401469 0.302158 0.117548 0.0646715 0.0609991
threshold=3.3084526062011723 2.7126348018646245 -3.1211365461349483 -1.0131375193595884 -4.6009182929992667
decision_type=2 2 2 2 2
left_child=1 2 -1 -3 -2
right_child=4 3 -4 -5 -6
leaf_value=0 0 0.00022376442218662265 0.0059990498804889259 -0.003219115197152038 -0.0053866579311066566
leaf_weight=0.59352103976198023 0.53933779992075903 0.38893174539043684 4.3913291699736883 0.99219494061617275 1.5974686290919633
leaf_count=122 77 40 1888 1766 2623
internal_value=0 0.00293051 0.00514698 -0.00185449 -0.0046348
internal_weight=8.50278 6.36598 4.98485 1.38113 2.13681
internal_count=6516 3816 2010 1806 2700
is_linear=0
shrinkage=0.025


Tree=310
num_leaves=6
num_cat=0
split_feature=13 21 14 8 9
split_gain=0.413194 0.310377 0.209859 0.0599498 0.0228686
threshold=2.9648406505584721 0.0073586713988333949 0.39241008460521704 -0.96212852001190174 1.5838230252265932
decision_type=2 2 2 2 2
left_child=3 4 -3 -1 -2
right_child=1 2 -4 -5 -6
leaf_value=0 0 0.0069376802990572771 0 -0.0053743867390338429 -0.002652060809360343
leaf_weight=0.27207766463106975 0.10492820708896022 3.5066847959624283 2.1014556067002559 1.4086570888357524 0.77370749136935046
leaf_count=58 3 1441 840 2085 2025
internal_value=0 0.00310308 0.00512176 -0.00470098 -0.00211579
internal_weight=8.16751 6.48678 5.60814 1.68073 0.878636
internal_count=6452 4309 2281 2143 2028
is_linear=0
shrinkage=0.025


Tree=311
num_leaves=7
num_cat=0
split_feature=6 25 14 1 8 22
split_gain=0.451711 0.280431 0.200594 0.0695768 0.0507249 0.0482053
threshold=3.1927362680435185 0.74213770031929027 0.14099253714084628 1.7829299569129946 -0.96212852001190174 0.91675469279289257
decision_type=2 2 2 2 2 2
left_child=1 3 -3 -1 -2 -6
right_child=4 2 -4 -5 5 -7
leaf_value=0 0 0.0022899223464758691 -0.0038654103667937439 0.0063293850235872466 -0.0056953602976468716 0
leaf_weight=0.08640459628804853 0.28911422432429423 0.80893752815973163 1.718328553071842 3.6890375706971099 1.4540014856574996 0.40939539155806404
leaf_count=68 75 1318 1714 560 2699 51
internal_value=2.24385e-05 0.00345356 -0.000852512 0.00589163 -0.00454143 -0.00511005
internal_weight=8.45522 6.30271 2.52727 3.77544 2.15251 1.8634
internal_count=6485 3660 3032 628 2825 2750
is_linear=0
shrinkage=0.025


Tree=312
num_leaves=7
num_cat=0
split_feature=22 12 14 7 16 12
split_gain=0.463024 0.593426 0.198712 0.1157 0.093546 0.0584645
threshold=0.78497454524040233 5.2846040725708017 0.35134422779083258 -1.0770112872123716 0.57673048973083507 2.6158263683319096
decision_type=2 2 2 2 2 2
left_child=1 3 -3 -1 5 -2
right_child=4 2 -4 -5 -6 -7
leaf_value=0 0 0.0048878284139578275 -0.0014481193542110274 -0.0082936616074712217 0 0.0057712610316857918
leaf_weight=0.31524491912932751 0.21386952290777195 1.4841891827163638 0.59692019903013704 3.0099972885200259 0.33331236436788447 2.0323262417732622
leaf_count=118 44 663 338 5034 101 130
internal_value=-6.18466e-05 -0.00379937 0.00244857 -0.0075825 0.00428582 0.00522319
internal_weight=7.98586 5.40635 2.08111 3.32524 2.57951 2.2462
internal_count=6428 6153 1001 5152 275 174
is_linear=0
shrinkage=0.025


Tree=313
num_leaves=7
num_cat=0
split_feature=26 22 12 12 22 16
split_gain=0.413077 0.333282 0.439774 0.267494 0.0621757 0.0424805
threshold=-1.0020638108253477 0.74295443296432506 5.893489122390748 2.6158263683319096 -0.25799408555030817 0.45483826100826269
decision_type=2 2 2 2 2 2
left_child=3 2 -2 -1 -5 -3
right_child=1 5 -4 4 -6 -7
leaf_value=-0.0015165509600261391 -0.0087874928544140508 0.0025982748447119794 0.0014276804367947334 0 0.0064675399810405383 0
leaf_weight=0.48690158580939202 2.7316255499263211 1.1563087144932067 0.8063124997242993 0.097024998452980848 2.4323691407953443 0.22634470387129102
leaf_count=413 4925 90 353 199 299 99
internal_value=-3.306e-05 -0.00376628 -0.00625468 0.00382796 0.00601074 0.00153358
internal_weight=7.93689 4.92059 3.53794 3.0163 2.52939 1.38265
internal_count=6378 5467 5278 911 498 189
is_linear=0
shrinkage=0.025


Tree=314
num_leaves=7
num_cat=0
split_feature=26 26 19 13 21 15
split_gain=0.398805 0.285331 0.328181 0.229995 0.0622363 0.0381886
threshold=-1.0020638108253477 -0.38460642099380488 0.53911316394805919 2.2310250997543339 -0.16039368510246274 0.17114830017089847
decision_type=2 2 2 2 2 2
left_child=3 2 -2 -1 -5 -3
right_child=1 5 -4 4 -6 -7
leaf_value=-0.0010959326746203619 -0.0072911024895867919 0.0030146224069280293 0.0010445008896232159 0 0.006489076341082374 0
leaf_weight=0.43180931767346953 3.4536624140964705 0.31992654140049115 1.1139701866741232 0.098291947069811481 2.7959305359836431 0.13440427866589744
leaf_count=457 5255 47 211 149 342 57
internal_value=0 -0.00311271 -0.00512148 0.00427483 0.00605446 0.0021185
internal_weight=8.348 5.02196 4.56763 3.32603 2.89422 0.454331
internal_count=6518 5570 5466 948 491 104
is_linear=0
shrinkage=0.025


Tree=315
num_leaves=6
num_cat=0
split_feature=6 21 6 0 8
split_gain=0.46895 0.256501 0.141992 0.0655424 0.0292732
threshold=3.3084526062011723 0.0073586713988333949 -0.15668146312236783 3.5938054323196416 1.7053381204605105
decision_type=2 2 2 2 2
left_child=1 4 -3 -2 -1
right_child=3 2 -4 -5 -6
leaf_value=0 0 0 0.0059795737498213528 -0.0057584286716226294 -0.0024547972087890207
leaf_weight=0.17395257619136817 0.24569127359791298 0.74603235134782142 4.6860361854014627 1.6538917731104446 0.71598906096733117
leaf_count=18 309 278 1757 2368 1721
internal_value=0 0.00316504 0.00496904 -0.00510309 -0.00165583
internal_weight=8.22159 6.32201 5.43207 1.89958 0.889942
internal_count=6451 3774 2035 2677 1739
is_linear=0
shrinkage=0.025


Tree=316
num_leaves=5
num_cat=0
split_feature=21 14 13 22
split_gain=0.390842 0.256432 0.233117 0.175839
threshold=0.0073586713988333949 0.44563430547714239 2.2310250997543339 1.0423915982246401
decision_type=2 2 2 2
left_child=-1 2 -2 -3
right_child=1 3 -4 -5
leaf_value=-0.0047153562601132473 -0.00086562439409049695 -0.0038516592220542364 0.0066032983794068554 0.0019007396379197316
leaf_weight=1.3422579431844495 0.38115304061830091 1.5565388244522185 4.0987246322583815 0.83740355176632864
leaf_count=3195 338 1002 1858 77
internal_value=0 0.00294896 0.00518715 -0.00106955
internal_weight=8.21608 6.87382 4.47988 2.39394
internal_count=6470 3275 2196 1079
is_linear=0
shrinkage=0.025


Tree=317
num_leaves=6
num_cat=0
split_feature=13 25 14 19 19
split_gain=0.303552 0.237419 0.154917 0.0941138 0.0599574
threshold=2.9648406505584721 0.74213770031929027 0.14099253714084628 -0.14166469126939771 -0.44364613294601435
decision_type=2 2 2 2 2
left_child=4 3 -3 -2 -1
right_child=1 2 -4 -5 -6
leaf_value=0 0 0.0017691476444404164 -0.0035889137268323885 0.0057343724184553534 -0.0048669991719327947
leaf_weight=0.64362480843010406 0.46581540991610415 0.73567533644927641 1.7678075560634168 3.4633072659798927 1.2396162528366401
leaf_count=497 318 1589 1864 542 1691
internal_value=0 0.0026352 -0.00105175 0.00495782 -0.00400357
internal_weight=8.31585 6.43261 2.50348 3.92912 1.88324
internal_count=6501 4313 3453 860 2188
is_linear=0
shrinkage=0.025


Tree=318
num_leaves=7
num_cat=0
split_feature=26 0 5 22 22 1
split_gain=0.408488 0.270389 0.256871 0.217877 0.071831 0.0378173
threshold=-1.0020638108253477 0.20302995294332507 4.7276937961578378 0.78497454524040233 -0.099524945020675645 1.0000000180025095e-35
decision_type=2 2 2 2 2 2
left_child=2 5 4 -3 -1 -2
right_child=1 3 -4 -5 -6 -7
leaf_value=0 0 -0.0070298867359479961 -0.0014061980744191015 0.00025451193980440093 0.0064969354974838932 0.0028398123938271442
leaf_weight=0.11375414845315468 0.1801568024457082 3.3829832644914859 0.47619730992664688 1.0119177620108528 2.6427117146085948 0.13928707271770691
leaf_count=239 93 5238 431 160 265 7
internal_value=0 -0.0036202 0.00394292 -0.00544458 0.00598357 0.00182979
internal_weight=7.94701 4.71434 3.23266 4.3949 2.75647 0.319444
internal_count=6433 5498 935 5398 504 100
is_linear=0
shrinkage=0.025


Tree=319
num_leaves=6
num_cat=0
split_feature=6 21 13 21 15
split_gain=0.382082 0.268646 0.170119 0.0554269 0.0210383
threshold=3.3084526062011723 0.0073586713988333949 5.7715349197387704 1.8244875073432925 -0.72542160749435414
decision_type=2 2 2 2 2
left_child=1 4 -3 -2 -1
right_child=3 2 -4 -5 -6
leaf_value=0 -0.0051400845233748075 0.0060754216819189268 -0.00018170020040055867 0 -0.0024407272856149915
leaf_weight=0.1033679884421872 1.6067998777507453 4.5369765042050858 0.88478986891277589 0.26567349777906191 0.71650385428438301
leaf_count=3 2610 1701 320 22 1765
internal_value=0 0.00296591 0.00485732 -0.00451203 -0.00189526
internal_weight=8.11411 6.24164 5.42177 1.87247 0.819872
internal_count=6421 3789 2021 2632 1768
is_linear=0
shrinkage=0.025


Tree=320
num_leaves=7
num_cat=0
split_feature=6 19 12 3 22 16
split_gain=0.405129 0.204066 0.147226 0.128257 0.0348953 0.0265276
threshold=3.3084526062011723 0.19090957939624789 5.3485457897186288 1.1961777806282046 0.963395655155182 -1.1899354457855222
decision_type=2 2 2 2 2 2
left_child=1 2 -1 -3 5 -2
right_child=4 3 -4 -5 -6 -7
leaf_value=-0.0032141310503301422 0 0 0.0019723612468592537 0.0064067799564509311 0 -0.0051514996883543895
leaf_weight=1.520094479677937 0.3116029991360848 0.19647135473860577 1.4625889175640621 3.067449794647473 0.37540774437366042 1.3209080070118944
leaf_count=2487 40 137 769 384 35 2555
internal_value=7.34955e-05 0.00331944 -0.000245516 0.00551098 -0.00429632 -0.00477403
internal_weight=8.25452 6.2466 2.98268 3.26392 2.00792 1.63251
internal_count=6407 3777 3256 521 2630 2595
is_linear=0
shrinkage=0.025


Tree=321
num_leaves=7
num_cat=0
split_feature=27 15 6 5 25 21
split_gain=0.310154 0.270556 0.314093 0.200349 0.0988327 0.0527333
threshold=0.1000044457614422 0.17114830017089847 1.3088130354881289 4.7276937961578378 -2.7701810598373409 0.18379594385623935
decision_type=2 2 2 2 2 2
left_child=3 2 -2 5 -3 -1
right_child=1 4 -4 -5 -6 -7
leaf_value=0 0.0050165246815329443 0 -0.0026055760759117023 -0.0010129094296414045 -0.0066337012839418593 0.0060439346983621051
leaf_weight=0.17595068907758182 1.2388673392943022 0.37902467992171329 1.7855664931539648 0.4089672093396074 1.7941277186382647 2.4350328609725693
leaf_count=207 419 59 2730 419 2360 260
internal_value=0 -0.00270974 0.000918086 0.0038515 -0.0057506 0.00559949
internal_weight=8.21754 5.19759 3.02443 3.01995 2.17315 2.61098
internal_count=6454 5568 3149 886 2419 467
is_linear=0
shrinkage=0.025


Tree=322
num_leaves=7
num_cat=0
split_feature=13 15 24 17 18 26
split_gain=0.374213 0.253138 0.194997 0.164189 0.113391 0.0565698
threshold=4.1078596115112314 0.35171176493167883 -5.4228928089141837 0.007388466503471137 0.53866854310035717 -1.0244186520576475
decision_type=2 2 2 2 2 2
left_child=2 3 -1 -2 -4 -3
right_child=1 5 4 -5 -6 -7
leaf_value=0.00092678737502513886 -0.00010984838658638684 0.00038131940367512146 -0.0064318674352201871 0.0068807486227742453 0 -0.0027771153690922586
leaf_weight=0.75391757749093846 0.41261337564174061 0.41622490691952407 2.1497707685866776 2.9794822234052845 0.74946328781152249 0.63395328005935858
leaf_count=53 642 22 3759 1037 259 670
internal_value=0 0.0036516 -0.00353249 0.00572685 -0.00533594 -0.00121167
internal_weight=8.09543 4.44227 3.65315 3.3921 2.89923 1.05018
internal_count=6442 2371 4071 1679 4018 692
is_linear=0
shrinkage=0.025


Tree=323
num_leaves=7
num_cat=0
split_feature=22 17 7 12 13 9
split_gain=0.290661 0.347796 0.487121 0.112242 0.0734287 0.0414843
threshold=0.81920394301414501 0.80934745073318493 5.0931773185729989 2.8747087717056279 2.5965435504913335 1.0849327445030215
decision_type=2 2 2 2 2 2
left_child=1 2 -1 -3 -2 -6
right_child=4 3 -4 -5 5 -7
leaf_value=-0.0081319113627543443 0 -0.00089974725527038795 0.0021759617820912834 0.0037417466914794191 0 0.0050494645629132716
leaf_weight=3.235023501747492 0.14522402564762193 0.3666572909860405 0.59920163335482346 1.6056051477426079 0.10788444936770281 1.9636854845775813
leaf_count=5630 37 159 252 182 25 181
internal_value=0 -0.00265072 -0.00549373 0.00195602 0.00382766 0.00463051
internal_weight=8.02328 5.80649 3.83423 1.97226 2.21679 2.07157
internal_count=6466 6223 5882 341 243 206
is_linear=0
shrinkage=0.025


Tree=324
num_leaves=6
num_cat=0
split_feature=6 21 15 14 2
split_gain=0.327907 0.201437 0.16014 0.0572461 0.0182566
threshold=2.8941595554351811 0.019692956469953064 0.25619821250438696 -0.74703747034072865 4.7881953716278085
decision_type=2 2 2 2 2
left_child=1 4 -3 -2 -1
right_child=3 2 -4 -5 -6
leaf_value=-0.0021657756493181466 0 0.0059322276403759502 0 -0.0051617065662894887 0
leaf_weight=0.65825607071747061 0.57655011861788841 2.6626917766625411 1.853208877291763 1.8412706215422074 0.10309701412916183
leaf_count=1522 259 1006 654 2931 1
internal_value=-0.000167865 0.00239204 0.00422137 -0.00444399 -0.00162054
internal_weight=7.69507 5.27725 4.5159 2.41782 0.761353
internal_count=6373 3183 1660 3190 1523
is_linear=0
shrinkage=0.025


Tree=325
num_leaves=7
num_cat=0
split_feature=6 21 15 24 21 2
split_gain=0.378305 0.238726 0.231977 0.139254 0.050805 0.0164199
threshold=2.7690155506134038 0.019692956469953064 0.35171176493167883 -5.4228928089141837 1.8244875073432925 4.7881953716278085
decision_type=2 2 2 2 2 2
left_child=1 5 -3 -2 -5 -1
right_child=3 2 -4 4 -6 -7
leaf_value=-0.001981049969912317 0.00035811024053896946 0.0069354910706723354 -0.0002665827388000775 -0.0057922123795821866 0 0
leaf_weight=0.61894349250906078 0.56695728706108672 3.4533717538906785 1.3490833609430408 1.8518798102886651 0.26975170790683467 0.10309701412916183
leaf_count=1431 41 1099 509 3334 27 1
internal_value=4.94168e-05 0.00344172 0.00517072 -0.00381336 -0.00527449 -0.0014354
internal_weight=8.21308 5.5245 4.80246 2.68859 2.12163 0.722041
internal_count=6442 3040 1608 3402 3361 1432
is_linear=0
shrinkage=0.025


Tree=326
num_leaves=7
num_cat=0
split_feature=21 26 22 12 2 26
split_gain=0.445003 0.38158 0.217814 0.127325 0.0703723 0.0373848
threshold=0.94733256101608287 -0.38460642099380488 0.78497454524040233 2.8747087717056279 1.5850765109062197 -0.35134677588939661
decision_type=2 2 2 2 2 2
left_child=1 2 -1 -2 -5 -3
right_child=3 5 -4 4 -6 -7
leaf_value=-0.0077341258807288654 -0.00037812950067161294 0.0031937842862005137 0.00010644131849759003 0 0.0056258692999917948 0
leaf_weight=3.3585586085464456 0.25749519951932631 0.27799098092509666 0.81451873662808782 0.092498875863384789 2.744328746724932 0.14318391318374768
leaf_count=5838 81 23 111 25 300 76
internal_value=-7.57453e-05 -0.00403102 -0.00629857 0.00388711 0.00506602 0.00237082
internal_weight=7.68858 4.59425 4.17308 3.09432 2.83683 0.421175
internal_count=6454 6048 5949 406 325 99
is_linear=0
shrinkage=0.025


Tree=327
num_leaves=5
num_cat=0
split_feature=22 13 3 13
split_gain=0.56748 0.168528 0.140761 0.0750564
threshold=0.8592553734779359 4.1078596115112314 1.6266078948974612 2.5965435504913335
decision_type=2 2 2 2
left_child=1 -1 -3 -2
right_child=3 2 -4 -5
leaf_value=-0.0073396410053841914 0 -0.0028556309787363936 0.0022898977446313847 0.0047016710938446171
leaf_weight=2.1912862623212277 0.14736697272746857 1.2439265397533747 2.0673748650569905 1.9437604654522145
leaf_count=4069 39 1312 920 182
internal_value=-0.00164257 -0.00518237 0 0.00387698
internal_weight=7.59372 5.50259 3.3113 2.09113
internal_count=6522 6301 2232 221
is_linear=0
shrinkage=0.025


Tree=328
num_leaves=7
num_cat=0
split_feature=13 15 22 21 26 21
split_gain=0.384133 0.389761 0.216567 0.157786 0.116008 0.0679177
threshold=4.2292997837066659 0.17114830017089847 0.81920394301414501 0.019692956469953064 -0.9930097460746764 1.8244875073432925
decision_type=2 2 2 2 2 2
left_child=2 3 5 -2 -3 -1
right_child=1 4 -4 -5 -6 -7
leaf_value=-0.0066848791968072531 -2.4920495617564992e-06 0.00079586774566217276 0.00066223278103060186 0.0074971451686136718 -0.0040202047454538587 0
leaf_weight=2.2600827296791985 0.23806997399879115 0.54113678175053814 1.0579164796108669 2.227898595163424 0.92941207373587487 0.25759983647731122
leaf_count=4150 469 49 114 548 1071 26
internal_value=-8.2512e-05 0.00318895 -0.00417236 0.0064192 -0.00203653 -0.00612453
internal_weight=7.51212 3.93652 3.5756 2.46597 1.47055 2.51768
internal_count=6427 2137 4290 1017 1120 4176
is_linear=0
shrinkage=0.025


Tree=329
num_leaves=7
num_cat=0
split_feature=26 19 18 5 22 0
split_gain=0.4394 0.39406 0.227154 0.188941 0.0576429 0.0400011
threshold=-1.0020638108253477 0.53911316394805919 0.45255728065967565 4.7276937961578378 -0.25799408555030817 5.2404901981353769
decision_type=2 2 2 2 2 2
left_child=3 2 -2 4 -1 -3
right_child=1 5 -4 -5 -6 -7
leaf_value=0 -0.0083426852003808342 0.0027581956840772594 0 -0.00097163291829476461 0.0058874045902588355 0
leaf_weight=0.10480802918027698 2.677691926775879 1.0509988352205253 1.1348732805599864 0.39769482897099795 2.4614894581536646 0.225611713289254
leaf_count=207 4973 100 353 432 286 109
internal_value=-0.000403746 -0.00407023 -0.00667287 0.00370984 0.00542401 0.00183058
internal_weight=8.05317 5.08918 3.81257 2.96399 2.5663 1.27661
internal_count=6460 5535 5326 925 493 209
is_linear=0
shrinkage=0.025


Tree=330
num_leaves=5
num_cat=0
split_feature=6 25 21 27
split_gain=0.533537 0.309358 0.132382 0.0420783
threshold=3.3084526062011723 2.7126348018646245 0.0073586713988333949 0.024167957715690139
decision_type=2 2 2 2
left_child=1 2 -1 -3
right_child=-2 3 -4 -5
leaf_value=0 -0.0060061214525631221 0 0.0060640633685184742 -0.0029270569499124594
leaf_weight=0.49931132516576315 1.71188516433358 0.26202031622233313 4.3254539472691249 0.97418209141687839
leaf_count=755 2639 20 1267 1759
internal_value=-0.000173071 0.00287966 0.00514612 -0.00199763
internal_weight=7.77285 6.06097 4.82477 1.2362
internal_count=6440 3801 2022 1779
is_linear=0
shrinkage=0.025


Tree=331
num_leaves=6
num_cat=0
split_feature=22 6 26 21 26
split_gain=0.389155 0.225118 0.236794 0.0341441 0.0282527
threshold=0.034267753362655647 3.0285285711288457 -0.79763978719711293 1.8244875073432925 -1.1347316503524778
decision_type=2 2 2 2 2
left_child=4 2 -2 -3 -1
right_child=1 3 -4 -5 -6
leaf_value=0 0.0059225826052269476 -0.0026334516348365099 -0.00093052314254154697 0 -0.0057637885808663131
leaf_weight=0.14227560622021007 3.6559605815637037 1.1789855483693825 1.0083071326262145 0.20828746928600583 1.8621611616181324
leaf_count=80 451 825 606 10 4515
internal_value=-0.000817879 0.00194117 0.00407944 -0.00183518 -0.00547955
internal_weight=8.05598 6.05154 4.66427 1.38727 2.00444
internal_count=6487 1892 1057 835 4595
is_linear=0
shrinkage=0.025


Tree=332
num_leaves=6
num_cat=0
split_feature=27 22 13 21 25
split_gain=0.502522 0.294746 0.180885 0.0643632 0.0169265
threshold=0.12957300245761874 0.74295443296432506 2.2310250997543339 0.18379594385623935 -2.896613240242004
decision_type=2 2 2 2 2
left_child=2 -2 -1 -4 -3
right_child=1 4 3 -5 -6
leaf_value=-0.0012765215989268251 -0.007630627242188312 0.0015054096797983616 0 0.0052698754009225229 0
leaf_weight=0.4647148999229106 3.1486821784692438 0.7923059186359751 0.2812777089147861 2.4811354385929008 0.29133185885075341
leaf_count=541 5086 63 371 316 108
internal_value=-0.00183846 -0.00563158 0.00277574 0.00464575 0.000647145
internal_weight=7.45945 4.23232 3.22713 2.76241 1.08364
internal_count=6485 5257 1228 687 171
is_linear=0
shrinkage=0.025


Tree=333
num_leaves=6
num_cat=0
split_feature=6 21 14 21 8
split_gain=0.351921 0.227958 0.160975 0.0468337 0.0262417
threshold=3.3084526062011723 0.0073586713988333949 0.3864531815052033 1.8244875073432925 1.7053381204605105
decision_type=2 2 2 2 2
left_child=1 4 -3 -2 -1
right_child=3 2 -4 -5 -6
leaf_value=0 -0.0048086615300881718 0.0063307555210335544 0 0 -0.0023023566116097188
leaf_weight=0.1730429818999254 1.5049970195650528 3.1879701833440777 2.1171664859703014 0.25189766153926019 0.6834771287831245
leaf_count=24 2555 1259 765 24 1769
internal_value=0 0.00297526 0.00469909 -0.00423428 -0.00153093
internal_weight=7.91855 6.16166 5.30514 1.75689 0.85652
internal_count=6396 3817 2024 2579 1793
is_linear=0
shrinkage=0.025


Tree=334
num_leaves=7
num_cat=0
split_feature=26 22 13 19 22 21
split_gain=0.643942 0.372801 0.189675 0.0727051 0.0491163 0.0132178
threshold=-1.0020638108253477 0.74295443296432506 2.2310250997543339 0.55844023823738109 -0.099524945020675645 1.413585960865021
decision_type=2 2 2 2 2 2
left_child=2 3 -1 -2 -4 -3
right_child=1 5 4 -5 -6 -7
leaf_value=-0.0011524382897479958 -0.0091212440802813689 0.001414586693662958 0 0 0.0055115499342494757 0
leaf_weight=0.43564004178188076 2.9018149276253102 1.0134986632801881 0.091644684380299046 0.28180803974828439 2.4045090797299054 0.11769550897952274
leaf_count=458 5246 117 189 90 267 66
internal_value=-0.0022713 -0.00641009 0.00323295 -0.00864751 0.00509025 0.00078438
internal_weight=7.24661 4.31482 2.93179 3.18362 2.49615 1.13119
internal_count=6433 5519 914 5336 456 183
is_linear=0
shrinkage=0.025


Tree=335
num_leaves=7
num_cat=0
split_feature=26 19 5 18 22 0
split_gain=0.48537 0.426992 0.217761 0.0989894 0.0548804 0.033913
threshold=-1.0020638108253477 0.53911316394805919 4.512784719467164 0.53866854310035717 -0.25799408555030817 5.3770208358764657
decision_type=2 2 2 2 2 2
left_child=2 3 4 -2 -1 -3
right_child=1 5 -4 -5 -6 -7
leaf_value=0 -0.0079609441830400061 0.0026467092756399004 -0.0011565053472317726 0 0.0061192823653236162 0
leaf_weight=0.091657646349631583 2.8079795444355118 1.1215955243205824 0.42783764455816697 0.81211902216637089 2.5185632814573187 0.17593230344937172
leaf_count=165 5036 114 489 236 268 92
internal_value=-0.000467501 -0.00435145 0.0038379 -0.00708721 0.00569978 0.00185571
internal_weight=7.95568 4.91763 3.03806 3.6201 2.61022 1.29753
internal_count=6400 5478 922 5272 433 206
is_linear=0
shrinkage=0.025


Tree=336
num_leaves=7
num_cat=0
split_feature=13 15 22 21 21 26
split_gain=0.339964 0.282206 0.197004 0.172862 0.086947 0.083342
threshold=4.1078596115112314 0.2948805838823319 0.8592553734779359 0.019692956469953064 1.8244875073432925 -0.9930097460746764
decision_type=2 2 2 2 2 2
left_child=2 3 4 -2 -1 -3
right_child=1 5 -4 -5 -6 -7
leaf_value=-0.006993413688737367 -0.00040004717442092036 0.00045215713013240123 0.00041963937818958422 0.0064311102905801809 0 -0.0035494985341402332
leaf_weight=2.00825301283112 0.31985283905123685 0.50413413345449953 0.97436076203666733 2.5689098820112122 0.26008857405395236 0.85720741605109629
leaf_count=3977 761 41 102 776 21 818
internal_value=-0.000702926 0.00237801 -0.00449227 0.00510832 -0.0062993 -0.00189448
internal_weight=7.49281 4.2501 3.2427 2.88876 2.26834 1.36134
internal_count=6496 2396 4100 1537 3998 859
is_linear=0
shrinkage=0.025


Tree=337
num_leaves=7
num_cat=0
split_feature=26 0 5 14 22 21
split_gain=0.25644 0.249239 0.15092 0.120084 0.108873 0.0448453
threshold=-1.0079506635665891 2.3466641902923588 4.7276937961578378 0.32838469743728643 0.74295443296432506 0.18379594385623935
decision_type=2 2 2 2 2 2
left_child=2 3 5 -2 -3 -1
right_child=1 4 -4 -5 -6 -7
leaf_value=0 0.0034356150570834451 -0.0065651074681462585 -0.00094191333834909869 -0.0013753297684562312 0 0.0050323543830085044
leaf_weight=0.14702751171717032 1.1936961211940795 2.2512115051085861 0.38716358783858584 0.47861975663545298 0.89329703667681304 2.1559376493678428
leaf_count=196 1139 3908 418 374 183 249
internal_value=-0.000200303 -0.0031455 0.00287689 0.00112319 -0.00547892 0.00458004
internal_weight=7.50695 4.81682 2.69013 1.67232 3.14451 2.30297
internal_count=6467 5604 863 1513 4091 445
is_linear=0
shrinkage=0.025


Tree=338
num_leaves=7
num_cat=0
split_feature=13 15 21 21 24 26
split_gain=0.3716 0.290865 0.204925 0.203075 0.0935409 0.0599499
threshold=4.1078596115112314 0.2948805838823319 0.019692956469953064 1.2085964083671572 -5.4228928089141837 -1.0020638108253477
decision_type=2 2 2 2 2 2
left_child=3 2 -2 4 -1 -3
right_child=1 5 -4 -5 -6 -7
leaf_value=0 -0.00041770115813541744 0.00038550129679336539 0.0073351538545176403 0.00084075183576231302 -0.0064144325982780402 -0.0028467284399671337
leaf_weight=0.40733701560384439 0.31940629414202737 0.48571249142696615 2.8474563927611598 0.97761419320158882 2.0253988590084191 0.88797182971575217
leaf_count=38 760 37 773 110 3957 790
internal_value=0 0.00361024 0.00601092 -0.00358182 -0.00556996 -0.0013174
internal_weight=7.9509 4.54055 3.16686 3.41035 2.43274 1.37368
internal_count=6465 2360 1533 4105 3995 827
is_linear=0
shrinkage=0.025


Tree=339
num_leaves=6
num_cat=0
split_feature=21 19 2 5 3
split_gain=0.401859 0.43908 0.0806817 0.0683542 0.0370006
threshold=0.94733256101608287 0.19740001112222674 5.2937641143798837 4.7276937961578378 1.10604465007782
decision_type=2 2 2 2 2
left_child=1 -1 4 -3 -2
right_child=2 3 -4 -5 -6
leaf_value=-0.0082575092671839448 0 0.002609380617922364 -0.0002217677258910802 -0.00080788107095757498 0.0042007778119629285
leaf_weight=2.2436793235083314 0.10610427953361146 1.8443138431102855 0.21441061756559054 0.35269826221883693 2.30464790588303
leaf_count=5006 47 572 68 316 295
internal_value=-0.00161101 -0.00490215 0.00270047 0.00101224 0.00377801
internal_weight=7.06585 4.44069 2.62516 2.19701 2.41075
internal_count=6304 5894 410 888 342
is_linear=0
shrinkage=0.025


Tree=340
num_leaves=7
num_cat=0
split_feature=27 27 5 19 22 15
split_gain=0.31082 0.265164 0.221437 0.218194 0.0511442 0.0378987
threshold=0.1000044457614422 0.70211651921272289 4.512784719467164 0.53911316394805919 -0.25799408555030817 0.17114830017089847
decision_type=2 2 2 2 2 2
left_child=2 3 4 -2 -1 -3
right_child=1 5 -4 -5 -6 -7
leaf_value=0 -0.0067281692022461764 0.0028843730484737155 -0.0012691406207575064 0.00042000158671257358 0.0059873232281572415 0
leaf_weight=0.088078046439477808 3.2243139538550167 0.32315280148031877 0.44033925041367172 0.93594835705152934 2.3648217002155438 0.14101144139567623
leaf_count=160 5259 59 491 198 250 71
internal_value=0 -0.00308922 0.00360207 -0.00508626 0.00557991 0.00194165
internal_weight=7.51767 4.62443 2.89324 4.16026 2.4529 0.464164
internal_count=6488 5587 901 5457 410 130
is_linear=0
shrinkage=0.025


Tree=341
num_leaves=7
num_cat=0
split_feature=13 15 22 21 21 26
split_gain=0.28126 0.25156 0.20711 0.197685 0.0783579 0.0752919
threshold=4.1078596115112314 0.35171176493167883 0.78497454524040233 0.019692956469953064 1.8244875073432925 -1.0079506635665891
decision_type=2 2 2 2 2 2
left_child=2 3 4 -2 -1 -3
right_child=1 5 -4 -5 -6 -7
leaf_value=-0.0063457264359422887 -0.00059726265069936688 0.00048739864619566078 0.00083094920395972616 0.0065299260065994624 0 -0.0032905657439766833
leaf_weight=1.9064443440638577 0.3538845540788319 0.42972942405322101 1.0582778592361135 2.860636720639377 0.25106825112015929 0.66787631812258019
leaf_count=3928 853 25 124 838 24 680
internal_value=0 0.00277892 -0.00355576 0.0050985 -0.00565804 -0.00159966
internal_weight=7.52792 4.31213 3.21579 3.21452 2.15751 1.09761
internal_count=6472 2396 4076 1691 3952 705
is_linear=0
shrinkage=0.025


Tree=342
num_leaves=6
num_cat=0
split_feature=6 25 7 25 2
split_gain=0.304858 0.214287 0.172004 0.0614759 0.0312724
threshold=3.0735037326812749 0.48533590137958532 5.0931773185729989 -4.6009182929992667 1.5850765109062197
decision_type=2 2 2 2 2
left_child=1 4 -3 -2 -1
right_child=3 2 -4 -5 -6
leaf_value=0 0 -0.0035948898766167861 0.0021120720452732426 -0.0049414123950468469 0.0052638121230270734
leaf_weight=0.049516762450366847 0.45964933968934918 1.8150901877597792 0.60114727840482363 1.4571220451180122 2.9115099311566155
leaf_count=48 72 2774 245 2878 459
internal_value=0 0.00262107 -0.000865597 -0.0041521 0.00500802
internal_weight=7.29404 5.37726 2.41624 1.91677 2.96103
internal_count=6476 3526 3019 2950 507
is_linear=0
shrinkage=0.025


Tree=343
num_leaves=7
num_cat=0
split_feature=27 27 13 19 22 23
split_gain=0.26953 0.266241 0.225853 0.126287 0.0830427 0.0399034
threshold=0.12957300245761874 0.70211651921272289 2.2310250997543339 0.53911316394805919 -0.099524945020675645 -1.349224805831909
decision_type=2 2 2 2 2 2
left_child=2 3 -1 -2 -4 -3
right_child=1 5 4 -5 -6 -7
leaf_value=-0.0014523252305661887 -0.0061208133104692659 0 0 0 0.0058926042035629365 0.0029841009768877894
leaf_weight=0.49807231462364177 3.0678533988702843 0.14460438413516385 0.13869707633603034 0.74942048342199985 2.7955849011486857 0.30578926375892468
leaf_count=555 4963 77 307 172 385 46
internal_value=0 -0.00292397 0.00325282 -0.00503274 0.00525113 0.00202308
internal_weight=7.70002 4.26767 3.43235 3.81727 2.93428 0.450394
internal_count=6505 5258 1247 5135 692 123
is_linear=0
shrinkage=0.025


Tree=344
num_leaves=7
num_cat=0
split_feature=6 21 15 25 22 4
split_gain=0.280869 0.167921 0.123794 0.0588753 0.0302831 0.0232154
threshold=3.0494792461395268 0.019692956469953064 0.35171176493167883 -4.6009182929992667 1.0423915982246401 3.6491390466690068
decision_type=2 2 2 2 2 2
left_child=1 5 -3 -2 -5 -1
right_child=3 2 -4 4 -6 -7
leaf_value=-0.0020222726118305939 0 0.0054563799593240168 0 -0.0050507949175854459 0 0
leaf_weight=0.63648502375326632 0.51195249944430576 3.0266771463939222 1.4889465112901232 1.5101286410863393 0.093031663098372408 0.15984554862370715
leaf_count=1642 77 1239 523 2874 10 3
internal_value=0 0.00251433 0.00412099 -0.00393823 -0.00472067 -0.0012139
internal_weight=7.42707 5.31195 4.51562 2.11511 1.60316 0.796331
internal_count=6368 3407 1762 2961 2884 1645
is_linear=0
shrinkage=0.025


Tree=345
num_leaves=7
num_cat=0
split_feature=22 17 27 24 11 23
split_gain=0.272685 0.43671 0.438127 0.0799455 0.0641628 0.0571648
threshold=0.78497454524040233 0.80934745073318493 0.73340532183647167 0.25173573195934301 2.2192913293838505 -4.9233973026275626
decision_type=2 2 2 2 2 2
left_child=1 2 -1 -3 -2 -6
right_child=4 3 -4 -5 5 -7
leaf_value=-0.0089597643517946406 0 0.003432315991684266 0.0016719306947905082 -0.00045300313968880794 0 0.0042970020349470351
leaf_weight=2.9412679485540143 0.20439924835227463 1.4177204471343428 0.33619748584169418 0.28480391431367014 0.14326238322246365 1.7560821941697209
leaf_count=5766 65 113 97 214 82 128
internal_value=-0.000948011 -0.00364194 -0.00676296 0.0019968 0.00262411 0.00359199
internal_weight=7.08373 4.97999 3.27747 1.70252 2.10374 1.89934
internal_count=6465 6190 5863 327 275 210
is_linear=0
shrinkage=0.025


Tree=346
num_leaves=7
num_cat=0
split_feature=13 15 21 21 19 18
split_gain=0.301767 0.38403 0.224921 0.216823 0.0894069 0.0395839
threshold=4.1078596115112314 0.35171176493167883 0.019692956469953064 1.1127099394798281 0.7953697443008424 0.53866854310035717
decision_type=2 2 2 2 2 2
left_child=3 2 -2 4 -1 -5
right_child=1 -3 -4 5 -6 -7
leaf_value=-0.0065580076091550175 -0.00058902982158640853 -0.0025191514757450036 0.0072831330127260301 -0.00024149128598596536 0 0.0022598046334358374
leaf_weight=1.6862306965340401 0.35354059705059659 0.85629964875261055 3.0828908247494837 0.21376357704866655 0.45073796056749404 0.81560262208950007
leaf_count=3830 855 665 830 72 89 59
internal_value=0 0.00306287 0.00586331 -0.00352422 -0.00569752 0.000934269
internal_weight=7.45907 4.29273 3.43643 3.16633 2.13697 1.02937
internal_count=6400 2350 1685 4050 3919 131
is_linear=0
shrinkage=0.025


Tree=347
num_leaves=7
num_cat=0
split_feature=26 0 19 5 22 2
split_gain=0.273681 0.268207 0.202618 0.151307 0.0449151 0.0313836
threshold=-1.0020638108253477 0.20302995294332507 0.53911316394805919 4.7276937961578378 -0.25799408555030817 -0.1434628292918205
decision_type=2 2 2 2 2 2
left_child=3 5 -3 4 -1 -2
right_child=1 2 -4 -5 -6 -7
leaf_value=0 0 -0.0068087885841249503 0.0002441278942866203 -0.00097270821404158651 0.0049537063526401172 0.0027539186161372065
leaf_weight=0.096265425960155748 0.14970806491328403 3.2979760978978447 0.91939249148708757 0.39581997322784435 2.3232639012130676 0.15261216697399493
leaf_count=195 79 5263 211 424 300 15
internal_value=-0.000332549 -0.00340299 -0.00529479 0.00282052 0.00452076 0.0019159
internal_weight=7.33504 4.51969 4.21737 2.81535 2.41953 0.30232
internal_count=6487 5568 5474 919 495 94
is_linear=0
shrinkage=0.025


Tree=348
num_leaves=7
num_cat=0
split_feature=6 14 10 22 25 22
split_gain=0.292867 0.198235 0.200135 0.187051 0.0569815 0.0194036
threshold=3.1927362680435185 0.35134422779083258 3.5876046419143681 -0.30496506392955774 -4.6009182929992667 1.0423915982246401
decision_type=2 2 2 2 2 2
left_child=1 3 -3 -1 -2 -6
right_child=4 2 -4 -5 5 -7
leaf_value=-0.0005877583146623942 0 0.0020800490064230401 -0.0040989699469770107 0.0062519595327153316 -0.0049658349146567606 0
leaf_weight=0.35374945578223593 0.48845980327314453 1.281018980773297 1.082331305464322 2.930841836550826 1.3042637579383152 0.11088812301750284
leaf_count=792 68 293 922 1682 2704 11
internal_value=0 0.00265968 -0.00076276 0.00485076 -0.00395011 -0.00472682
internal_weight=7.55155 5.64794 2.36335 3.28459 1.90361 1.41515
internal_count=6472 3689 1215 2474 2783 2715
is_linear=0
shrinkage=0.025


Tree=349
num_leaves=6
num_cat=0
split_feature=21 14 13 22 16
split_gain=0.300895 0.25822 0.210706 0.160139 0.032768
threshold=0.0073586713988333949 0.44563430547714239 2.2310250997543339 0.91675469279289257 1.4093104004859927
decision_type=2 2 2 2 2
left_child=4 2 -2 -3 -1
right_child=1 3 -4 -5 -6
leaf_value=-0.0042235754972886168 -0.00071715326392368813 -0.0039405853108842089 0.0064580417281906322 0.0016056970630840051 0
leaf_weight=1.155845950312141 0.35540913077602443 1.1540396115487968 4.1040130142955604 0.85247469710157009 0.12085928166743531
leaf_count=3164 346 944 1849 99 63
internal_value=0.000307703 0.00295224 0.00514867 -0.00122789 -0.00377256
internal_weight=7.74264 6.46594 4.45942 2.00651 1.27671
internal_count=6465 3238 2195 1043 3227
is_linear=0
shrinkage=0.025


end of trees

feature_importances:
Column_21=258
Column_22=231
Column_13=228
Column_26=192
Column_6=150
Column_27=123
Column_24=95
Column_19=84
Column_17=78
Column_5=67
Column_25=62
Column_12=52
Column_16=50
Column_2=45
Column_15=44
Column_14=40
Column_0=32
Column_18=31
Column_23=27
Column_7=25
Column_8=23
Column_3=21
Column_20=16
Column_1=13
Column_4=8
Column_9=6
Column_10=6
Column_11=6

parameters:
[boosting: gbdt]
[objective: binary]
[metric: binary_logloss]
[tree_learner: serial]
[device_type: cpu]
[data_sample_strategy: bagging]
[data: ]
[valid: ]
[num_iterations: 350]
[learning_rate: 0.025]
[num_leaves: 7]
[num_threads: 4]
[seed: 990031]
[deterministic: 0]
[force_col_wise: 0]
[force_row_wise: 0]
[histogram_pool_size: -1]
[max_depth: 3]
[min_data_in_leaf: 20]
[min_sum_hessian_in_leaf: 0.001]
[bagging_fraction: 0.8]
[pos_bagging_fraction: 1]
[neg_bagging_fraction: 1]
[bagging_freq: 1]
[bagging_seed: 990031]
[bagging_by_query: 0]
[feature_fraction: 0.8]
[feature_fraction_bynode: 1]
[feature_fraction_seed: 990031]
[extra_trees: 0]
[extra_seed: 580]
[early_stopping_round: 0]
[early_stopping_min_delta: 0]
[first_metric_only: 0]
[max_delta_step: 0]
[lambda_l1: 0.25]
[lambda_l2: 5]
[linear_lambda: 0]
[min_gain_to_split: 0.01]
[drop_rate: 0.1]
[max_drop: 50]
[skip_drop: 0.5]
[xgboost_dart_mode: 0]
[uniform_drop: 0]
[drop_seed: 2760]
[top_rate: 0.2]
[other_rate: 0.1]
[min_data_per_group: 100]
[max_cat_threshold: 32]
[cat_l2: 10]
[cat_smooth: 10]
[max_cat_to_onehot: 4]
[top_k: 20]
[monotone_constraints: ]
[monotone_constraints_method: basic]
[monotone_penalty: 0]
[feature_contri: ]
[forcedsplits_filename: ]
[refit_decay_rate: 0.9]
[cegb_tradeoff: 1]
[cegb_penalty_split: 0]
[cegb_penalty_feature_lazy: ]
[cegb_penalty_feature_coupled: ]
[path_smooth: 0]
[interaction_constraints: ]
[verbosity: -1]
[saved_feature_importance_type: 0]
[use_quantized_grad: 0]
[num_grad_quant_bins: 4]
[quant_train_renew_leaf: 0]
[stochastic_rounding: 1]
[linear_tree: 0]
[max_bin: 255]
[max_bin_by_feature: ]
[min_data_in_bin: 3]
[bin_construct_sample_cnt: 200000]
[data_random_seed: 21799]
[is_enable_sparse: 1]
[enable_bundle: 1]
[use_missing: 1]
[zero_as_missing: 0]
[feature_pre_filter: 1]
[pre_partition: 0]
[two_round: 0]
[header: 0]
[label_column: ]
[weight_column: ]
[group_column: ]
[ignore_column: ]
[categorical_feature: ]
[forcedbins_filename: ]
[precise_float_parser: 0]
[parser_config_file: ]
[objective_seed: 3296]
[num_class: 1]
[is_unbalance: 0]
[scale_pos_weight: 1]
[sigmoid: 1]
[boost_from_average: 1]
[reg_sqrt: 0]
[alpha: 0.9]
[fair_c: 1]
[poisson_max_delta_step: 0.7]
[tweedie_variance_power: 1.5]
[lambdarank_truncation_level: 30]
[lambdarank_norm: 1]
[label_gain: ]
[lambdarank_position_bias_regularization: 0]
[eval_at: ]
[multi_error_top_k: 1]
[auc_mu_weights: ]
[num_machines: 1]
[local_listen_port: 12400]
[time_out: 120]
[machine_list_filename: ]
[machines: ]
[gpu_platform_id: -1]
[gpu_device_id: -1]
[gpu_device_id_list: ]
[gpu_use_dp: 0]
[num_gpu: 1]

end of parameters

pandas_categorical:null
