tree
version=v4
num_class=1
num_tree_per_iteration=1
label_index=0
max_feature_idx=29
objective=binary sigmoid:1
feature_names=Column_0 Column_1 Column_2 Column_3 Column_4 Column_5 Column_6 Column_7 Column_8 Column_9 Column_10 Column_11 Column_12 Column_13 Column_14 Column_15 Column_16 Column_17 Column_18 Column_19 Column_20 Column_21 Column_22 Column_23 Column_24 Column_25 Column_26 Column_27 Column_28 Column_29
feature_infos=[-3.7132275104522705:8.7125797271728516] [-4.2714190483093262:8.5709085464477539] [-4.7237739562988281:8.3457145690917969] [-5.0738191604614258:11.453814506530762] [-5.2410306930541992:11.272500991821289] [-4.9670805931091309:10.40467643737793] [-4.4671697616577148:9.3660593032836914] [-2.6070883274078369:7.7766919136047363] [-2.2888696193695068:7.9583759307861328] [-2.3000214099884033:8.2179374694824219] [-2.6888628005981445:8.4424037933349609] [-2.8478834629058838:8.5433006286621094] [-2.0381121635437012:8.4176969528198242] [-3.2685577869415283:8.0963125228881836] [-4.7838373184204102:5.5208940505981445] [-5.1695089340209961:6.7352347373962402] [-10.663614273071289:7.1673679351806641] [-5.7337617874145508:5.256220817565918] [-5.4988350868225098:3.1674933433532715] [-2.9558851718902588:6.6505193710327148] [-10.828666687011719:6.4521923065185547] [-4.5618934631347656:4.2495932579040527] [-5.5256314277648926:8.2166194915771484] [-19.253122329711914:26.217466354370117] [-37.500007629394531:27.575136184692383] [-62.643627166748047:27.679864883422852] [-2.397939920425415:0.75535547733306885] [-1.2993983030319214:1.8538972139358521] [0:7] [0:7]
tree_sizes=884 874 891 892 880 873 852 872 857 894 895 896 895 891 876 858 874 878 879 876 868 849 878 900 889 900 872 858 878 868 865 880 891 874 865 875 880 866 876 877 787 899 883 894 782 878 852 880 766 893 855 881 876 885 900 876 871 857 865 883 878 902 867 878 879 819 787 885 878 874 870 892 771 887 882 793 861 838 848 866 904 853 863 869 827 887 905 886 870 895 853 852 786 873 879 860 875 839 903 861 857 856 893 867 904 863 878 900 879 906 875 778 865 909 874 904 879 907 867 859 797 888 886 872 777 861 765 863 902 879 874 896 865 860 794 859 858 864 840 799 776 863 882 848 886 894 829 872 839 895 884 867 888 874 854 906 879 884 676 864 867 883 897 862 842 857 771 911 882 887 908 864 843 865 847 756 874 861 900 877 886 867 779 850 858 865 871 869 881 886 785 892 887 871 890 871 767 787 765 846 856 862 879 762 775 884 875 884 846 765 866 841 761 869 865 859 865 871 767 889 866 851 895 888 755 852 869 866 882 767 907 879 891 863 866 839 850 856 882 758 850 861 862 755 784 913 876 873 897 893 788 871 879 838 807 898 848 865 865 861 809 765 840 894 886 862 874 863 841 884 896 863 849 897 769 880 879 866 762 919 768 856 770 839 658 854 880 912 733 883 849 876 854 885 874 888 860 879 844 869 789 848 886 864 767 856 786 856 859 875 856 868 672 899 870 867 760 826 875 837 874 865 876 840 854 895 870 761 869 877 849 878 850 848 856 876 886 876 862 850 859 873 847 877 825 862 870 879 759 878

Tree=0
num_leaves=7
num_cat=0
split_feature=22 6 27 2 19 24
split_gain=135.962 14.7328 11.7385 3.97754 3.28916 2.51898
threshold=0.2222264036536217 4.0995640754699716 0.078005172312259688 1.5855779051780703 0.57990548014640819 0.46687902510166174
decision_type=2 2 2 2 2 2
left_child=2 3 5 -2 -4 -1
right_child=1 -3 4 -5 -6 -7
leaf_value=-0.084862685611111349 -0.096610616179558489 -0.10626716330773943 -0.13452381712302708 -0.053846702272633357 -0.094532071781712801 -0.10556626188990609
leaf_weight=3.2920184815302482 0.81315242475830629 1.6598949222825456 26.70042648748495 27.8776908388827 0.82175157219171424 1.5353211450856177
leaf_count=153 145 278 4861 634 58 316
internal_value=-0.0945534 -0.0593791 -0.127779 -0.0552573 -0.133202 -0.0939513
internal_weight=62.7003 30.3507 32.3495 28.6908 27.5222 4.82734
internal_count=6445 1057 5388 779 4919 469
is_linear=0
shrinkage=1


Tree=1
num_leaves=7
num_cat=0
split_feature=22 13 17 26 18 24
split_gain=127.502 18.7866 10.6373 6.78724 0.979044 0.724329
threshold=0.14091093093156817 2.9592347145080571 0.90056219696998607 -0.79664191603660572 0.46275307238101965 0.52096381783485424
decision_type=2 2 2 2 2 2
left_child=2 -2 4 -3 -1 -4
right_child=1 3 5 -5 -6 -7
leaf_value=-0.03874621404396722 -0.012530142980172052 0.040714792220453155 0.010044428250359436 -0.0025966176322255894 0 -0.0030498400031928699
leaf_weight=27.50834990473232 2.6704644395504173 26.754286673152826 1.6196328257792623 1.525003221118818 0.6132896933122528 0.4887624448747373
leaf_count=4888 437 471 30 391 162 139
internal_value=-0.000605788 0.0324707 -0.0344494 0.0381521 -0.0381444 0.00611961
internal_weight=61.1798 30.9498 30.23 28.2793 28.1216 2.1084
internal_count=6518 1299 5219 862 5050 169
is_linear=0
shrinkage=0.025


Tree=2
num_leaves=7
num_cat=0
split_feature=22 17 13 27 21 24
split_gain=124.237 15.0856 13.419 2.63118 1.79713 1.3684
threshold=0.2222264036536217 0.82996404170990001 2.9592347145080571 0.29996825754642492 0.97409975528717052 0.46687902510166174
decision_type=2 2 2 2 2 2
left_child=1 4 -2 -4 -1 -3
right_child=2 5 3 -5 -6 -7
leaf_value=-0.037610046826621009 -0.0079009457664679858 0.013317302271451854 0.040348089701792704 0.00010937002010154684 0.0004144886723239351 -0.0043631832185371498
leaf_weight=28.64616676513106 2.4110276119899963 2.4797641924815248 25.464792750601195 1.4020728814648453 0.35289103334071015 0.66119052522117261
leaf_count=5075 353 56 381 299 47 183
internal_value=-6.72028e-05 -0.031827 0.0341719 0.038791 -0.0369706 0.00843384
internal_weight=61.4179 32.14 29.2779 26.8669 28.9991 3.14095
internal_count=6394 5361 1033 680 5122 239
is_linear=0
shrinkage=0.025


Tree=3
num_leaves=7
num_cat=0
split_feature=21 26 19 12 20 12
split_gain=130.12 10.1059 9.90396 5.4351 2.76296 1.37236
threshold=0.48482091724872595 -0.84810379147529591 0.53393712639808666 2.8835002183914189 1.5094720721244814 2.612237930297852
decision_type=2 2 2 2 2 2
left_child=2 3 4 -2 -1 -4
right_child=1 -3 5 -5 -6 -7
leaf_value=-0.037559509166038493 -0.0027714135548270115 -0.0057233143589670238 -0.0058252075797081146 0.04007750787906262 1.3478625967838243e-06 0.010849228707345282
leaf_weight=27.779290266160395 1.0172144543030359 2.0352336658397681 0.864052355405874 27.570440903422423 0.92630156560335208 1.8861981904483398
leaf_count=4863 170 548 157 482 124 98
internal_value=0.000675111 0.034694 -0.0324877 0.0381812 -0.0363416 0.00442574
internal_weight=62.0787 30.6229 31.4558 28.5877 28.7056 2.75025
internal_count=6442 1200 5242 652 4987 255
is_linear=0
shrinkage=0.025


Tree=4
num_leaves=7
num_cat=0
split_feature=21 24 13 2 13 21
split_gain=118.365 15.8771 11.4507 4.28391 1.71563 0.751242
threshold=0.39209222793579107 -4.7407565116882315 3.047528982162476 1.5855779051780703 6.9778192043304452 1.3386311531066897
decision_type=2 2 2 2 2 2
left_child=1 -1 5 -4 -3 -2
right_child=2 4 3 -5 -6 -7
leaf_value=0.011885035150369738 -0.010398745355971017 -0.037791744960116051 -0.00342060376581805 0.037915235300678814 0.00022819095349479215 0.0025551312747603321
leaf_weight=2.1459645446739186 1.6230680790031358 27.944969677133489 0.53309387678746389 27.272648757265415 0.36452980106696387 1.0997153599164446
leaf_count=48 462 4902 168 755 15 65
internal_value=0 -0.0323333 0.0322322 0.0365317 -0.0371538 -0.00609055
internal_weight=60.984 30.4555 30.5285 27.8057 28.3095 2.72278
internal_count=6415 4965 1450 923 4917 527
is_linear=0
shrinkage=0.025


Tree=5
num_leaves=7
num_cat=0
split_feature=21 24 13 26 21 21
split_gain=117.785 13.0499 10.6432 4.24184 1.91887 0.685679
threshold=0.39209222793579107 -5.0472402572631827 3.0870565176010136 -0.84810379147529591 0.31097455322742468 1.3386311531066897
decision_type=2 2 2 2 2 2
left_child=1 -1 5 -4 -3 -2
right_child=2 4 3 -5 -6 -7
leaf_value=0.01080867902652701 -0.009776928720701435 -0.036337802665818257 0.038702460129120111 0.00041171172919660668 0 0.002511797224534575
leaf_weight=1.8523392312927196 1.5208077688585029 27.700321179931056 27.159934997092932 2.3819519891985719 1.1886023253900919 1.1035049731726756
leaf_count=36 468 4685 372 559 252 70
internal_value=0.00127905 -0.0311245 0.0324363 0.0363025 -0.0351957 -0.00553135
internal_weight=62.9075 30.7413 32.1662 29.5419 28.8889 2.62431
internal_count=6442 4973 1469 931 4937 538
is_linear=0
shrinkage=0.025


Tree=6
num_leaves=7
num_cat=0
split_feature=21 24 6 26 20 5
split_gain=109.603 15.9981 9.23402 3.29156 2.28405 0.350486
threshold=0.48482091724872595 -3.9611554145812984 3.3648620843887334 -0.79664191603660572 1.5094720721244814 3.7587609291076665
decision_type=2 2 2 2 2 2
left_child=1 -1 3 -2 -3 -4
right_child=2 4 5 -5 -6 -7
leaf_value=0.012613571110516794 0.037760954984651908 -0.035384796231198272 0.0010847806512654678 0 0 -0.0083976366243791491
leaf_weight=2.4360008038347578 25.812374886008918 28.873462359071713 0.7485689196037123 1.5408380566514086 1.0246047258842725 1.270518710312899
leaf_count=90 353 5073 167 378 137 283
internal_value=0.000231137 -0.029354 0.0325138 0.0359777 -0.0342698 -0.00572319
internal_weight=61.7064 32.3341 29.3723 27.3532 29.8981 2.01909
internal_count=6481 5300 1181 731 5210 450
is_linear=0
shrinkage=0.025


Tree=7
num_leaves=7
num_cat=0
split_feature=21 13 24 3 23 21
split_gain=107.661 12.3036 10.4074 3.3451 2.8765 0.235745
threshold=0.39209222793579107 3.047528982162476 -4.7407565116882315 1.1817650198936465 -5.1983947753906241 1.8383264541625979
decision_type=2 2 2 2 2 2
left_child=2 5 -1 -3 -4 -2
right_child=1 3 4 -5 -6 -7
leaf_value=0.0093569218723045678 -0.010666432371008809 -0.0014854832540986472 0.0010495582033988435 0.036385981697604645 -0.034666500719753475 0
leaf_weight=1.5959036290296378 1.695861215237531 0.79524969833437609 0.81811267964076506 28.293411247432232 28.373364016762935 0.40519306057831261
leaf_count=43 487 204 96 690 4899 21
internal_value=0.000617899 0.0310654 -0.0300836 0.0351013 -0.0334756 -0.00930224
internal_weight=61.9771 31.1897 30.7874 29.0887 29.1915 2.10105
internal_count=6440 1402 5038 894 4995 508
is_linear=0
shrinkage=0.025


Tree=8
num_leaves=7
num_cat=0
split_feature=21 19 6 26 21 16
split_gain=102.998 18.7517 7.67756 3.30802 1.07584 0.979044
threshold=0.50397130846977245 0.57990548014640819 4.0995640754699716 -0.79664191603660572 -1.0000000180025095e-35 1.2281779646873476
decision_type=2 2 2 2 2 2
left_child=1 5 3 -2 -3 -1
right_child=2 4 -4 -5 -6 -7
leaf_value=-0.035456367436427702 0.036355910927237348 -0.0020249033885129876 -0.0058622625552228556 0 0.015109834191946159 0
leaf_weight=27.258767084451399 26.53851691068849 0.9424248117138635 1.4849490539054375 1.5643004340818176 2.899513231473974 0.61937068297993292
leaf_count=4965 474 160 285 378 54 90
internal_value=0.000845307 -0.0282852 0.0318302 0.0345953 0.0114316 -0.0348548
internal_weight=61.3078 31.7201 29.5878 28.1028 3.84194 27.8781
internal_count=6406 5269 1137 852 214 5055
is_linear=0
shrinkage=0.025


Tree=9
num_leaves=7
num_cat=0
split_feature=22 6 17 3 27 27
split_gain=94.9868 10.9865 10.1467 3.50419 2.13077 0.295466
threshold=0.19017673283815387 4.0995640754699716 0.52673539519310009 1.5253348350524905 0.12957300245761874 0.73201322555542003
decision_type=2 2 2 2 2 2
left_child=2 3 5 -2 -4 -1
right_child=1 -3 4 -5 -6 -7
leaf_value=-0.034537233029286789 -0.00074883126495594102 -0.010005939127847681 0.011107836795290801 0.034941404502940913 -0.0080346457033866996 -0.0011754221827824755
leaf_weight=25.482706262613654 1.2405458568246164 1.6592880078824226 2.6355200886609955 26.017478618770838 1.9025526702171189 0.92227092897519369
leaf_count=4522 271 289 198 589 549 76
internal_value=-0.000468795 0.0294831 -0.0288413 0.033259 0.00242235 -0.0339436
internal_weight=59.8604 28.9173 30.943 27.258 4.53807 26.405
internal_count=6494 1149 5345 860 747 4598
is_linear=0
shrinkage=0.025


Tree=10
num_leaves=7
num_cat=0
split_feature=22 6 17 2 22 12
split_gain=92.9291 11.7426 10.3947 2.85328 0.843166 0.451668
threshold=0.2222264036536217 3.3845950365066533 0.82996404170990001 1.5855779051780703 -0.25467561185359949 2.8835002183914189
decision_type=2 2 2 2 2 2
left_child=2 3 -1 -2 -4 -3
right_child=1 5 4 -5 -6 -7
leaf_value=-0.033687204016194121 -0.0010671531073949733 -0.01081325353124335 -0.0035611302115775446 0.034963786714910662 0.010107969308084441 0.00082954162699799437
leaf_weight=26.806295341055378 0.78480968839722365 1.8046716435346746 0.569484984269366 25.118261198978871 2.2806720818625754 0.75916602573124681
leaf_count=5074 141 295 159 488 80 139
internal_value=-0.000627882 0.0290383 -0.0293656 0.0336738 0.006052 -0.00827003
internal_weight=58.1234 28.4669 29.6565 25.9031 2.85016 2.56384
internal_count=6376 1063 5313 629 239 434
is_linear=0
shrinkage=0.025


Tree=11
num_leaves=7
num_cat=0
split_feature=21 24 6 2 23 21
split_gain=88.5028 17.4326 8.15536 3.26676 2.72632 0.458275
threshold=0.48482091724872595 -3.9611554145812984 3.5606416463851933 1.5855779051780703 -5.1983947753906241 1.8383264541625979
decision_type=2 2 2 2 2 2
left_child=1 -1 3 -2 -3 -4
right_child=2 4 5 -5 -6 -7
leaf_value=0.013928095445318629 -0.0028745030222521468 0.00098622118429163253 -0.0087881867420354243 0.034150591317123773 -0.03348238580356596 0.0017694189567308352
leaf_weight=2.9277237727073979 0.46441185020376607 0.84046723030042159 1.3673381384578527 26.476196775445715 27.605322981020436 0.68064043158665288
leaf_count=89 139 101 392 638 5085 25
internal_value=0.000578186 -0.026476 0.0296296 0.0329666 -0.0322819 -0.00562657
internal_weight=60.3621 31.3735 28.9886 26.9406 28.4458 2.04798
internal_count=6469 5275 1194 777 5186 417
is_linear=0
shrinkage=0.025


Tree=12
num_leaves=7
num_cat=0
split_feature=21 19 6 27 6 13
split_gain=87.5987 11.2353 6.9047 4.51866 1.44459 1.33525
threshold=0.48482091724872595 0.57990548014640819 4.0995640754699716 0.31384447216987615 3.2023401260375981 6.9778192043304452
decision_type=2 2 2 2 2 2
left_child=1 5 3 -2 -3 -1
right_child=2 4 -4 -5 -6 -7
leaf_value=-0.032084459169180367 0.034152265324600105 0.012990549028544874 -0.0057671340153181627 -0.0020144340684869048 -0.0047677907076023361 0.00010607685293754994
leaf_weight=26.872474349627744 26.087321481260012 2.3240837877383451 1.4960043173632573 1.3963453402393486 0.77825461799511675 0.39685850532259692
leaf_count=5032 500 56 277 397 176 20
internal_value=0.000690115 -0.0268066 0.0293956 0.0320951 0.00757119 -0.0314785
internal_weight=59.3513 30.3717 28.9797 27.4837 3.10234 27.2693
internal_count=6458 5284 1174 897 232 5052
is_linear=0
shrinkage=0.025


Tree=13
num_leaves=7
num_cat=0
split_feature=22 6 17 2 24 22
split_gain=83.4117 11.84 10.8941 2.77911 2.61323 0.643125
threshold=0.19017673283815387 3.3845950365066533 0.52673539519310009 1.5855779051780703 0.44985876977443701 0.96658754348754894
decision_type=2 2 2 2 2 2
left_child=2 3 -1 -2 -4 -3
right_child=1 5 4 -5 -6 -7
leaf_value=-0.031974173642650476 -0.0010901857250607098 -0.011590627567524653 0.012695598582333524 0.033917173562499681 -0.008740968179778319 0.0017314329494105094
leaf_weight=25.223767060670074 0.80466652323958143 2.0431359986541788 3.15222203178564 26.732843426405452 1.4525831622304393 0.63320134533569206
leaf_count=4620 160 436 133 511 558 33
internal_value=0.00101926 0.0281659 -0.0263945 0.0326918 0.00425261 -0.00854976
internal_weight=60.0424 30.2138 29.8286 27.5375 4.60481 2.67634
internal_count=6451 1140 5311 671 691 469
is_linear=0
shrinkage=0.025


Tree=14
num_leaves=7
num_cat=0
split_feature=21 19 13 20 12 3
split_gain=75.7146 17.3497 5.08883 3.53015 1.89651 1.3377
threshold=0.67416232824325573 0.57990548014640819 3.047528982162476 1.5094720721244814 2.4631798267364506 1.1059762835502627
decision_type=2 2 2 2 2 2
left_child=1 3 -2 -1 -3 -4
right_child=2 4 5 -5 -6 -7
leaf_value=-0.031724643026210607 -0.00296043432066409 -0.0044288026302837487 -0.00064863811565217858 0.0016165765590149418 0.016917582572390767 0.032777312403363026
leaf_weight=27.436622864508539 1.6007088809274161 0.7361861877143373 0.19758721004473301 1.2374949972727325 3.5761782279587351 23.188260077033192
leaf_count=5326 267 139 94 148 95 402
internal_value=0 -0.023509 0.0296307 -0.0300737 0.012181 0.0322102
internal_weight=57.973 32.9865 24.9866 28.6741 4.31236 23.3858
internal_count=6471 5708 763 5474 234 496
is_linear=0
shrinkage=0.025


Tree=15
num_leaves=7
num_cat=0
split_feature=21 24 6 26 23 12
split_gain=80.6786 9.44904 7.43554 2.76801 2.41629 0.168189
threshold=0.48482091724872595 -3.9611554145812984 4.0995640754699716 -0.79664191603660572 -5.1983947753906241 3.0009840726852421
decision_type=2 2 2 2 2 2
left_child=1 -1 3 -2 -3 -4
right_child=2 4 5 -5 -6 -7
leaf_value=0.0090016500940842906 0.032684577130148183 0.00093250774165707035 -0.0078938483383407809 0 -0.031025476031145319 0
leaf_weight=1.9183496237965325 25.624973524827514 0.85517393233021977 1.2414631304563943 1.5271948679001095 26.862009972799569 0.39739258115878318
leaf_count=93 485 112 195 387 5043 92
internal_value=0.000534935 -0.0262244 0.0280689 0.031044 -0.0298566 -0.00653828
internal_weight=58.4266 29.6355 28.791 27.1522 27.7172 1.63886
internal_count=6407 5248 1159 872 5155 287
is_linear=0
shrinkage=0.025


Tree=16
num_leaves=7
num_cat=0
split_feature=24 13 17 3 23 21
split_gain=75.8848 11.6856 7.71791 3.59038 1.14212 0.761364
threshold=-0.7481308877468108 2.9592347145080571 0.82996404170990001 1.1817650198936465 -5.1983947753906241 1.3386311531066897
decision_type=2 2 2 2 2 2
left_child=1 5 4 -3 -2 -1
right_child=2 3 -4 -5 -6 -7
leaf_value=-0.012361276082562711 0 -0.0014300022091128456 0.0048684682685193274 0.031802075592558883 -0.031558526862641392 0.0020528401619278065
leaf_weight=2.3246225703624108 0.49505509418668836 1.3421318883774827 2.5568355375435194 27.05063656962011 24.380955294182058 0.6138518918887711
leaf_count=473 68 251 232 702 4706 34
internal_value=0.000599186 0.0254585 -0.0271479 0.0300651 -0.0309119 -0.00916641
internal_weight=58.7641 31.3312 27.4328 28.3928 24.876 2.93847
internal_count=6466 1460 5006 953 4774 507
is_linear=0
shrinkage=0.025


Tree=17
num_leaves=7
num_cat=0
split_feature=22 13 17 26 26 26
split_gain=71.2348 10.338 7.74694 2.60257 1.85013 0.32526
threshold=0.2222264036536217 2.9592347145080571 0.56457394361495983 -0.84810379147529591 -0.96844109892845143 -0.38624651730060572
decision_type=2 2 2 2 2 2
left_child=2 -2 5 -3 -4 -1
right_child=1 3 4 -5 -6 -7
leaf_value=-0.031162100795296344 -0.010387877652178575 0.031681925570905871 0.010405886270206222 0 -0.0079039368847108517 -0.00090048623421316561
leaf_weight=23.850041934114419 1.8189426471944923 23.762800273078032 2.6071712922421288 1.4757772753364395 1.2911006773938414 0.96166985778836789
leaf_count=4655 353 323 178 369 430 88
internal_value=-0.000730693 0.0259084 -0.026141 0.0300161 0.00260555 -0.0305466
internal_weight=55.7675 27.0575 28.71 25.2386 3.89827 24.8117
internal_count=6396 1045 5351 692 608 4743
is_linear=0
shrinkage=0.025


Tree=18
num_leaves=7
num_cat=0
split_feature=21 19 6 27 16 21
split_gain=65.5456 9.56362 6.65079 2.62832 1.00694 0.914155
threshold=0.52307125926017772 0.53393712639808666 3.5606416463851933 0.29996825754642492 1.2281779646873476 -0.16018923372030255
decision_type=2 2 2 2 2 2
left_child=1 4 3 -2 -1 -3
right_child=2 5 -4 -5 -6 -7
leaf_value=-0.030470035763956457 0.030493816427795323 -0.0036558669097343692 -0.0064884665887941133 -0.00063976687792487055 0 0.010464137357990138
leaf_weight=25.32966204587138 21.654491522756878 0.65086118411272798 1.6252223883057002 1.1768425162881602 0.54553916677832504 2.5525233307271256
leaf_count=4989 347 150 367 345 92 106
internal_value=-0.00177606 -0.0253405 0.0255752 0.0288378 -0.0298603 0.0063537
internal_weight=53.5351 29.0786 24.4566 22.8313 25.8752 3.20338
internal_count=6396 5337 1059 692 5081 256
is_linear=0
shrinkage=0.025


Tree=19
num_leaves=7
num_cat=0
split_feature=22 13 17 2 22 27
split_gain=62.5817 11.225 8.20332 3.91511 1.82017 0.599159
threshold=0.14091093093156817 2.9592347145080571 0.52673539519310009 1.5855779051780703 -0.098771106451749788 0.73201322555542003
decision_type=2 2 2 2 2 2
left_child=2 -2 5 -3 -4 -1
right_child=1 3 4 -5 -6 -7
leaf_value=-0.030082005719774419 -0.01032411445149104 -0.0029130097388770405 -0.0069426576990862261 0.030506127321088185 0.010962377716488701 0
leaf_weight=22.289113875885967 2.556798885343599 1.1107369426754328 1.7372316013788802 25.561862004571594 2.5633298439206547 0.81718817155342449
leaf_count=4372 456 209 578 645 117 73
internal_value=0.000440047 0.0240731 -0.0243971 0.0286769 0.00321355 -0.0294159
internal_weight=56.6363 29.2294 27.4069 26.6726 4.30056 23.1063
internal_count=6450 1310 5140 854 695 4445
is_linear=0
shrinkage=0.025


Tree=20
num_leaves=7
num_cat=0
split_feature=22 6 21 3 19 27
split_gain=67.8186 9.26599 4.74673 2.8064 1.10804 0.824739
threshold=0.19937147945165637 3.3845950365066533 0.41732601821422582 1.1059762835502627 0.64994701743125927 0.10719843581318857
decision_type=2 2 2 2 2 2
left_child=2 3 4 -2 -1 -4
right_child=1 -3 5 -5 -6 -7
leaf_value=-0.029961479687270864 -0.0016419474091706647 -0.0077537159662549419 0.0063899205705678103 0.03074382998270055 0 -0.0058267228917601756
leaf_weight=23.150593992555521 0.86880060518161073 2.4879737214068873 1.7050321850692847 24.470517565205228 0.47597006848081846 2.118794939131476
leaf_count=4500 205 448 127 455 62 610
internal_value=-8.86351e-05 0.0251571 -0.0258066 0.0293398 -0.0293014 0
internal_weight=55.2777 27.8273 27.4504 25.3393 23.6266 3.82383
internal_count=6407 1108 5299 660 4562 737
is_linear=0
shrinkage=0.025


Tree=21
num_leaves=7
num_cat=0
split_feature=22 17 6 26 22 27
split_gain=60.3327 8.94818 8.08457 2.14133 1.95804 0.600682
threshold=0.2222264036536217 0.52673539519310009 4.0995640754699716 -0.84810379147529591 -0.083981372416019426 0.73201322555542003
decision_type=2 2 2 2 2 2
left_child=1 5 3 -2 -3 -1
right_child=2 4 -4 -5 -6 -7
leaf_value=-0.029696374433418556 0.029941077220630077 -0.0069415202122518034 -0.0088987471935084196 0 0.011538858560983722 0
leaf_weight=22.584825908299543 22.971552364528183 1.755255492927972 1.5732025029719796 1.7777354107820453 2.8330168211250557 0.82076698262244363
leaf_count=4580 376 600 275 386 135 75
internal_value=0 -0.0236812 0.0247616 0.0282473 0.00388415 -0.0290375
internal_weight=54.3164 27.9939 26.3225 24.7493 4.58827 23.4056
internal_count=6427 5390 1037 762 735 4655
is_linear=0
shrinkage=0.025


Tree=22
num_leaves=7
num_cat=0
split_feature=21 24 13 27 5 18
split_gain=59.2148 9.46158 7.51908 3.04997 1.38177 0.634661
threshold=0.35266748070716863 -4.7407565116882315 3.047528982162476 0.22468334436416629 -0.18626956641674039 0.53452977538108837
decision_type=2 2 2 2 2 2
left_child=1 -1 5 -4 -3 -2
right_child=2 4 3 -5 -6 -7
leaf_value=0.0098261772217414813 -0.0097378613107283133 0 0.030187871095531612 0.00048782135187737857 -0.029054083775868753 0.0021882757628154843
leaf_weight=2.032610492664392 1.6464878866681858 1.4134872850845628 22.633748860796917 2.9924273383803657 23.754960087244395 1.1007214407436547
leaf_count=45 447 136 324 668 4727 134
internal_value=0.000358376 -0.0237577 0.0237609 0.0275696 -0.0278561 -0.00582436
internal_weight=55.5744 27.2011 28.3734 25.6262 25.1684 2.74721
internal_count=6481 4908 1573 992 4863 581
is_linear=0
shrinkage=0.025


Tree=23
num_leaves=7
num_cat=0
split_feature=22 6 17 26 21 24
split_gain=60.2513 8.22086 7.49622 3.23693 1.10295 0.915362
threshold=0.19937147945165637 4.0995640754699716 0.82996404170990001 -0.79664191603660572 0.97409975528717052 0.46687902510166174
decision_type=2 2 2 2 2 2
left_child=2 3 4 -2 -1 -4
right_child=1 -3 5 -5 -6 -7
leaf_value=-0.028746893369243728 0.029420273024839152 -0.0091548644638550208 0.010056840150948834 -0.0016269191021741998 0.00021391643863116923 -0.0039781540803015998
leaf_weight=23.871646504383541 24.487359561782799 1.652064773486926 2.1123040472157295 1.3089809658122273 0.33156157261691888 0.64276103884913016
leaf_count=4987 486 298 48 357 38 192
internal_value=6.92365e-05 0.0241572 -0.0242034 0.0276335 -0.0281674 0.00552278
internal_weight=54.4067 27.4484 26.9583 25.7963 24.2032 2.75507
internal_count=6406 1141 5265 843 5025 240
is_linear=0
shrinkage=0.025


Tree=24
num_leaves=7
num_cat=0
split_feature=22 6 17 3 22 26
split_gain=57.3823 11.1763 4.0536 2.83462 1.16687 0.369807
threshold=0.14091093093156817 3.3845950365066533 0.52673539519310009 1.1059762835502627 -0.098771106451749788 -0.38624651730060572
decision_type=2 2 2 2 2 2
left_child=2 3 5 -2 -4 -1
right_child=1 -3 4 -5 -6 -7
leaf_value=-0.028443728148990224 -0.0010829392450794771 -0.010815274649219598 -0.0071949406781389369 0.029156728260181654 0.0074503004492902777 -0.00042752950027544011
leaf_weight=21.096761932480153 1.2758364491746821 2.6101066572591654 1.8069418190862054 24.850266754860058 1.790425234066787 0.91525258723413827
leaf_count=4346 250 531 581 526 113 81
internal_value=0.000219585 0.0227866 -0.0244844 0.0275425 0 -0.027805
internal_weight=54.3456 28.7362 25.6094 26.1261 3.59737 22.012
internal_count=6428 1307 5121 776 694 4427
is_linear=0
shrinkage=0.025


Tree=25
num_leaves=7
num_cat=0
split_feature=21 19 6 26 13 13
split_gain=54.0702 9.55887 5.00899 2.57317 1.27532 0.835684
threshold=0.48482091724872595 0.64994701743125927 4.0995640754699716 -0.80419731140136708 5.4572844505310067 2.9592347145080571
decision_type=2 2 2 2 2 2
left_child=1 4 3 -2 -1 -3
right_child=2 5 -4 -5 -6 -7
leaf_value=-0.028835716112225348 0.028324881980604774 -0.0027369893755098433 -0.0052655896868072883 -0.00024001595692445282 -0.0020209427392527952 0.011783461747964886
leaf_weight=22.358398229349412 22.163146870268978 0.52099214302143027 1.4575221441918973 1.5700469958828787 2.513164499483536 2.4557926158304326
leaf_count=4711 473 116 284 406 397 57
internal_value=-0.000172732 -0.0224544 0.0238919 0.0265047 -0.0271272 0.00833596
internal_weight=53.0391 27.8483 25.1907 23.7332 24.8716 2.97678
internal_count=6444 5281 1163 879 5108 173
is_linear=0
shrinkage=0.025


Tree=26
num_leaves=7
num_cat=0
split_feature=22 6 21 2 19 25
split_gain=51.5388 9.11119 4.1631 3.26175 0.991413 0.468167
threshold=0.14091093093156817 3.3648620843887334 0.97409975528717052 1.5855779051780703 0.64994701743125927 -4.5618700981140128
decision_type=2 2 2 2 2 2
left_child=2 3 4 -2 -1 -3
right_child=1 5 -4 -5 -6 -7
leaf_value=-0.0270564833533945 -0.0026588650492758016 0.00084728239356129812 0.0033503916656426312 0.02800506847381308 0 -0.011036074537475881
leaf_weight=22.884269687288914 1.0655785090057239 0.74574964097701046 1.7046787893050339 23.138278918748256 0.4632697484921654 2.0937264673993914
leaf_count=4964 211 55 117 574 53 468
internal_value=-0.000383142 0.0216026 -0.0239697 0.026217 -0.0264241 -0.008568
internal_weight=52.0956 27.0433 25.0522 24.2039 23.3475 2.83948
internal_count=6442 1308 5134 785 5017 523
is_linear=0
shrinkage=0.025


Tree=27
num_leaves=7
num_cat=0
split_feature=21 13 24 26 27 8
split_gain=51.4934 8.56908 6.52603 3.75606 0.579063 0.242036
threshold=0.31097455322742468 3.047528982162476 -4.7407565116882315 -0.79664191603660572 0.73201322555542003 -0.80985695123672474
decision_type=2 2 2 2 2 2
left_child=2 5 -1 -3 -4 -2
right_child=1 3 4 -5 -6 -7
leaf_value=0.0069507568988348813 0 0.027836755338949526 -0.028443292021970504 -0.0018617641338498374 0 -0.010663989187059339
leaf_weight=1.5359215418575356 0.4031771530862901 22.18356275965926 22.658880461240191 1.8546886643744027 0.83575506310444225 1.9247532489825996
leaf_count=44 24 544 4701 518 77 580
internal_value=-0.00125775 0.0211425 -0.024653 0.0254041 -0.0277955 -0.00931775
internal_weight=51.3967 26.3662 25.0306 24.0383 23.4946 2.32793
internal_count=6488 1666 4822 1062 4778 604
is_linear=0
shrinkage=0.025


Tree=28
num_leaves=7
num_cat=0
split_feature=21 19 13 3 23 21
split_gain=53.29 9.20231 5.83482 2.26123 0.857769 0.654962
threshold=0.48482091724872595 0.57990548014640819 3.047528982162476 1.1817650198936465 -5.1983947753906241 -1.0000000180025095e-35
decision_type=2 2 2 2 2 2
left_child=1 4 -2 -4 -1 -3
right_child=2 5 3 -5 -6 -7
leaf_value=0 -0.0054877229914294329 -0.0019653547456056301 -0.0017156413093772278 0.02749119812438397 -0.028338259710933594 0.010525717917836033
leaf_weight=0.55670571501833066 2.0208004435990032 0.92803827364696223 0.73687632381916301 23.41792440332938 23.052130859461613 2.2862581578665404
leaf_count=105 407 172 182 593 5006 57
internal_value=-2.6265e-05 -0.022881 0.0231069 0.0262444 -0.0277253 0.00715733
internal_weight=52.9987 26.8231 26.1756 24.1548 23.6088 3.2143
internal_count=6522 5340 1182 775 5111 229
is_linear=0
shrinkage=0.025


Tree=29
num_leaves=7
num_cat=0
split_feature=22 6 21 13 3 19
split_gain=50.8918 6.96404 4.56445 1.97162 1.75648 0.897855
threshold=0.2222264036536217 4.0995640754699716 0.35266748070716863 4.3950636386871347 1.1059762835502627 0.64994701743125927
decision_type=2 2 2 2 2 2
left_child=2 4 5 -4 -2 -1
right_child=1 -3 3 -5 -6 -7
leaf_value=-0.026436321429067208 -1.5317301896182386e-05 -0.0082671220090646657 -0.0090708043356085219 0.0091870813740947636 0.027461357921077231 0
leaf_weight=21.196155154320884 1.0480508432956472 1.5289230233174738 2.2414963570190585 2.5404756959760562 24.103085545124486 0.49706015066476439
leaf_count=4441 190 272 716 200 602 59
internal_value=0.000717195 0.0231263 -0.0217531 0 0.0262964 -0.0257845
internal_weight=53.1552 26.6801 26.4752 4.78197 25.1511 21.6932
internal_count=6480 1064 5416 916 792 4500
is_linear=0
shrinkage=0.025


Tree=30
num_leaves=7
num_cat=0
split_feature=21 22 26 22 26 26
split_gain=47.2557 9.74096 4.17441 3.89508 0.542996 0.353689
threshold=0.18243902176618579 0.0368129350244999 -0.88315320014953602 1.0463464856147768 -0.38624651730060572 -1.0014911293983457
decision_type=2 2 2 2 2 2
left_child=3 5 -3 4 -1 -2
right_child=1 2 -4 -5 -6 -7
leaf_value=-0.027069858774870743 0 0.027495200362625524 -0.00021584539965884797 0.0045365138368332293 0 -0.011536981843002151
leaf_weight=19.819954390928618 0.82221703894902054 24.091061523591641 3.2554587131016843 0.98073460854357009 0.83711528120329859 2.3666189803043407
leaf_count=4147 152 493 625 19 78 951
internal_value=0.000999554 0.0198878 0.0244797 -0.0241508 -0.026375 -0.00963031
internal_weight=52.1732 30.5354 27.3465 21.6378 20.6571 3.18884
internal_count=6465 2221 1118 4244 4225 1103
is_linear=0
shrinkage=0.025


Tree=31
num_leaves=7
num_cat=0
split_feature=21 19 13 26 27 18
split_gain=43.6506 7.09843 6.43566 3.43227 0.627728 0.569359
threshold=0.35266748070716863 0.64994701743125927 3.047528982162476 -0.88315320014953602 0.73201322555542003 0.53452977538108837
decision_type=2 2 2 2 2 2
left_child=1 4 5 -4 -1 -2
right_child=2 -3 3 -5 -6 -7
leaf_value=-0.027124470920443039 -0.0095776519882620308 0.0065405770818335986 0.027164153796267073 -0.0001168294794033287 0 0.001832400390661691
leaf_weight=20.829099732451148 1.6820464663906052 2.439581516198813 20.318835605692591 2.6925716734258414 0.79488989216042583 1.118214576912578
leaf_count=4641 461 161 345 675 73 116
internal_value=-0.000272086 -0.0223307 0.0203763 0.0242978 -0.0264393 -0.00596612
internal_weight=49.8752 24.0636 25.8117 23.0114 21.624 2.80026
internal_count=6472 4875 1597 1020 4714 577
is_linear=0
shrinkage=0.025


Tree=32
num_leaves=7
num_cat=0
split_feature=22 26 6 17 24 24
split_gain=42.1408 9.01557 8.18837 2.40881 1.64317 0.151919
threshold=0.0368129350244999 -0.88315320014953602 4.0995640754699716 1.0155803561210635 -3.719550251960754 0.46687902510166174
decision_type=2 2 2 2 2 2
left_child=3 2 -2 -1 -3 -5
right_child=1 4 -4 5 -6 -7
leaf_value=-0.026498034866764872 0.026868798509075888 0.0048033202047313844 -0.0091442874440071722 0.0040629296650955661 -0.013004593722289846 -0.0015509991494349925
leaf_weight=18.820618690282576 23.750645211664967 1.3526611825800525 1.8181867118109938 0.76537259900942334 3.3485147423925774 0.3270486886613071
leaf_count=4483 500 126 376 12 847 93
internal_value=6.44243e-05 0.0177443 0.0230267 -0.0247275 -0.0074017 0.00146281
internal_weight=50.183 30.27 25.5688 19.913 4.70118 1.09242
internal_count=6437 1849 876 4588 973 105
is_linear=0
shrinkage=0.025


Tree=33
num_leaves=7
num_cat=0
split_feature=22 13 21 13 2 19
split_gain=42.7667 6.77965 5.17656 1.73445 1.63164 0.866205
threshold=0.23162174969911578 2.9592347145080571 0.41732601821422582 4.3950636386871347 1.5855779051780703 0.64994701743125927
decision_type=2 2 2 2 2 2
left_child=2 -2 5 -4 -3 -1
right_child=1 4 3 -5 -6 -7
leaf_value=-0.025594196997496068 -0.0074679637125858907 -0.00069934925708665778 -0.00761485812911563 0.009654095373341982 0.026382457731666212 0
leaf_weight=20.440001366077929 2.0062694301013861 0.7288772620959233 1.9173553332802828 2.5476749349618331 21.844897953968029 0.48284282675012846
leaf_count=4578 341 139 622 160 564 57
internal_value=0.000124518 0.0216161 -0.0206106 0.00147293 0.0253131 -0.0249395
internal_weight=49.9679 24.58 25.3879 4.46503 22.5738 20.9228
internal_count=6461 1044 5417 782 703 4635
is_linear=0
shrinkage=0.025


Tree=34
num_leaves=7
num_cat=0
split_feature=22 6 17 26 27 12
split_gain=41.269 7.39257 4.42623 2.93413 0.61255 0.43516
threshold=0.14091093093156817 3.2023401260375981 0.90056219696998607 -0.79664191603660572 0.73201322555542003 2.8835002183914189
decision_type=2 2 2 2 2 2
left_child=2 3 4 -2 -1 -3
right_child=1 5 -4 -5 -6 -7
leaf_value=-0.025839633542119118 0.026251974068737822 -0.0099155336773051224 0.0037254210142071025 -0.0012660513916797839 0 0.00083048400166283766
leaf_weight=20.080995630763944 21.306151733093436 1.921024184150155 2.0331932926201253 1.7059110749978561 0.77678175829350848 1.0497236135415731
leaf_count=4894 347 341 176 393 82 226
internal_value=0 0.0197609 -0.0221586 0.024127 -0.025156 -0.00719524
internal_weight=48.8738 25.9828 22.891 23.0121 20.8578 2.97075
internal_count=6459 1307 5152 740 4976 567
is_linear=0
shrinkage=0.025


Tree=35
num_leaves=7
num_cat=0
split_feature=22 17 6 24 3 27
split_gain=36.0466 6.57721 6.03495 1.9609 1.62092 0.560327
threshold=0.23162174969911578 0.52673539519310009 3.7449173927307133 0.44985876977443701 1.5253348350524905 0.73201322555542003
decision_type=2 2 2 2 2 2
left_child=1 5 4 -3 -2 -1
right_child=2 3 -4 -5 -6 -7
leaf_value=-0.026167838512259844 -0.00033769452771425091 0.010808606745460556 -0.0082778284845158329 -0.007761256828476411 0.024921611597234633 0
leaf_weight=19.569790808076512 1.0418973171035819 3.0265982311684629 1.5267064829240542 1.4262892948463557 18.436355417477898 0.81581015506526355
leaf_count=4620 216 147 323 585 462 83
internal_value=-0.00173184 -0.0204369 0.0198233 0.00324031 0.0235222 -0.0254746
internal_weight=45.8434 24.8385 21.005 4.45289 19.4783 20.3856
internal_count=6436 5435 1001 732 678 4703
is_linear=0
shrinkage=0.025


Tree=36
num_leaves=7
num_cat=0
split_feature=21 6 26 22 21 26
split_gain=41.337 7.61848 4.08007 3.42232 0.628941 0.593543
threshold=0.23880209028720858 3.3648620843887334 -0.88315320014953602 0.85830289125442516 1.8383264541625979 -0.38624651730060572
decision_type=2 2 2 2 2 2
left_child=3 2 -2 5 -3 -1
right_child=1 4 -4 -5 -6 -7
leaf_value=-0.025977901205262513 0.026745719555550419 -0.011144723264481753 -0.00048664182399721075 0.0039082813684178149 0.0017939950439170233 0
leaf_weight=19.316791247518271 21.05452168016928 2.1708830864517945 3.2438841248513191 1.0316749531775702 0.65336695365840558 0.79627810243983077
leaf_count=4385 342 766 843 44 25 71
internal_value=0.000107419 0.0192017 0.0234342 -0.0231342 -0.00811904 -0.0252722
internal_weight=48.2674 27.1227 24.2984 21.1447 2.82425 20.1131
internal_count=6476 1976 1185 4500 791 4456
is_linear=0
shrinkage=0.025


Tree=37
num_leaves=7
num_cat=0
split_feature=22 17 13 27 12 27
split_gain=37.2986 6.47618 5.2025 2.1096 0.872067 0.538182
threshold=0.19017673283815387 0.82996404170990001 2.9592347145080571 0.31384447216987615 3.0009840726852421 0.73201322555542003
decision_type=2 2 2 2 2 2
left_child=1 5 -2 -4 -3 -1
right_child=2 4 3 -5 -6 -7
leaf_value=-0.025257662337513226 -0.0054913753476963888 -0.0037188204456967723 0.025319088999864597 -0.00033181253525849011 0.010030938078338892 0
leaf_weight=19.66613636887633 2.1825695919687886 0.6336608570418315 20.03269518213347 1.5203038306208316 2.2783500668592751 0.79850384732708235
leaf_count=4945 361 127 421 352 105 84
internal_value=0 -0.0202333 0.0201736 0.0235526 0.00578969 -0.0245914
internal_weight=47.1122 23.3767 23.7356 21.553 2.91201 20.4646
internal_count=6395 5261 1134 773 232 5029
is_linear=0
shrinkage=0.025


Tree=38
num_leaves=7
num_cat=0
split_feature=21 13 19 2 27 21
split_gain=34.4562 5.79031 4.24625 2.59449 0.659998 0.557811
threshold=0.35266748070716863 3.047528982162476 0.64994701743125927 1.632316052913666 0.73201322555542003 1.8383264541625979
decision_type=2 2 2 2 2 2
left_child=2 5 4 -3 -1 -2
right_child=1 3 -4 -5 -6 -7
leaf_value=-0.025583456248974845 -0.0099659163148100669 -0.0036934748258782278 0.0036765644302069011 0.023713280384206746 0 0.001895616171576663
leaf_weight=19.043000947276603 1.8152919319109089 0.59720517764799552 1.9719775981502596 19.41309138329234 0.74817848071688686 0.64093554357532401
leaf_count=4631 536 200 162 767 71 24
internal_value=-0.00169538 0.0180133 -0.0218389 0.0220706 -0.0248621 -0.00683691
internal_weight=44.2297 22.4665 21.7632 20.0103 19.7912 2.45623
internal_count=6391 1527 4864 967 4702 560
is_linear=0
shrinkage=0.025


Tree=39
num_leaves=7
num_cat=0
split_feature=22 6 26 21 25 27
split_gain=34.7274 8.55302 5.64316 1.58718 0.732821 0.668994
threshold=0.0368129350244999 3.3075606822967534 -0.88315320014953602 1.3386311531066897 -4.5618700981140128 0.73201322555542003
decision_type=2 2 2 2 2 2
left_child=3 2 -2 5 -3 -1
right_child=1 4 -4 -5 -6 -7
leaf_value=-0.025042851351144313 0.025827646718622595 0.0015047065628933144 -0.0021273674224019522 0.0012086548202368016 -0.012400321135577029 0
leaf_weight=17.269321880710784 20.827525217377122 0.99620416818652335 4.1104491373407646 0.65165830339537834 2.724337338411714 0.72248288645641778
leaf_count=4572 308 65 814 32 675 74
internal_value=6.47656e-05 0.0164794 0.0214254 -0.0230522 -0.00923242 -0.0242745
internal_weight=47.302 28.6585 24.938 18.6435 3.72054 17.9918
internal_count=6540 1862 1122 4678 740 4646
is_linear=0
shrinkage=0.025


Tree=40
num_leaves=6
num_cat=0
split_feature=21 6 24 2 21
split_gain=36.1273 6.54267 5.09731 2.95931 0.591456
threshold=0.22188699990510943 3.3075606822967534 -4.7407565116882315 1.5855779051780703 1.8383264541625979
decision_type=2 2 2 2 2
left_child=2 3 -1 -2 -3
right_child=1 4 -4 -5 -6
leaf_value=0.0060287340634049254 -0.0031325590285054394 -0.0098417478147088677 -0.025319707462859983 0.024048057157736075 0.0021220968150141083
leaf_weight=1.4536713504348906 1.143623047741136 2.4585282431216906 18.668272764014546 22.42591850674944 0.61363935156259675
leaf_count=41 275 825 4378 924 19
internal_value=0.000235421 0.0180949 -0.0220571 0.022193 -0.00684355
internal_weight=46.7637 26.6417 20.1219 23.5695 3.07217
internal_count=6462 2043 4419 1199 844
is_linear=0
shrinkage=0.025


Tree=41
num_leaves=7
num_cat=0
split_feature=24 17 13 24 26 17
split_gain=30.8303 8.26235 5.85219 2.10341 1.85522 0.276826
threshold=-1.2270513176918028 0.52673539519310009 2.9592347145080571 0.44985876977443701 -0.84810379147529591 1.1826586723327639
decision_type=2 2 2 2 2 2
left_child=2 -2 5 -3 -4 -1
right_child=1 3 4 -5 -6 -7
leaf_value=-0.0090292211164617591 -0.025080367188890826 0.011933346617443304 0.024470314954367429 -0.0072792535775799199 -0.0002245807276195352 0.00057456578197111099
leaf_weight=1.7499261974007851 18.454946615849625 3.7304485143395132 18.150582516042057 1.3510515872621907 1.4309210248175031 0.290260967274662
leaf_count=399 4612 149 360 589 394 12
internal_value=-0.000461646 -0.0185835 0.0188155 0.00512846 0.0227329 -0.00733744
internal_weight=45.1581 23.5364 21.6217 5.0815 19.5815 2.04019
internal_count=6515 5350 1165 738 754 411
is_linear=0
shrinkage=0.025


Tree=42
num_leaves=7
num_cat=0
split_feature=22 17 13 26 22 27
split_gain=31.2838 5.47881 4.80013 1.89489 1.48779 0.552702
threshold=0.2222264036536217 0.56457394361495983 3.047528982162476 -0.79664191603660572 -0.098771106451749788 0.73201322555542003
decision_type=2 2 2 2 2 2
left_child=1 5 -2 -4 -3 -1
right_child=2 4 3 -5 -6 -7
leaf_value=-0.024760266370294465 -0.0054712214962933849 -0.0065675412022643022 0.024008113033778571 -0.00099248076229033959 0.0099805353218079471 0
leaf_weight=17.939591202535674 2.1780985065270242 1.1879743019235323 17.824032186297707 1.1295079721603496 2.6307650281232773 0.78961688873823632
leaf_count=4666 373 503 349 310 115 79
internal_value=-0.000794368 -0.0194216 0.0187553 0.0223611 0.00331899 -0.024044
internal_weight=43.6796 22.5479 21.1316 18.9535 3.81874 18.7292
internal_count=6395 5363 1032 659 618 4745
is_linear=0
shrinkage=0.025


Tree=43
num_leaves=7
num_cat=0
split_feature=22 6 26 19 21 21
split_gain=33.9615 6.50453 2.99648 2.36867 2.18743 0.435533
threshold=0.14091093093156817 3.3648620843887334 -0.79664191603660572 0.2481057941913605 1.2115253806114199 0.23880209028720858
decision_type=2 2 2 2 2 2
left_child=3 2 -2 4 -1 -5
right_child=1 -3 -4 5 -6 -7
leaf_value=-0.024861220976768766 0.0245227745062397 -0.0075323364673082309 -0.0025426364628112139 -0.0038028381692295369 0.0017692433973420811 0.0056096050988723401
leaf_weight=17.720664757885977 20.732581410731662 2.5678926242399021 1.4064147046883579 0.87315516502712753 0.94369743420975183 1.0944524242077021
leaf_count=4817 393 523 388 254 51 37
internal_value=5.4558e-05 0.018354 0.0224214 -0.0209209 -0.0231613 0.000804123
internal_weight=45.3389 24.7069 22.139 20.632 18.6644 1.96761
internal_count=6463 1304 781 5159 4868 291
is_linear=0
shrinkage=0.025


Tree=44
num_leaves=6
num_cat=0
split_feature=21 22 26 22 19
split_gain=33.8407 7.43581 3.53094 1.40953 0.260976
threshold=0.18243902176618579 0.0368129350244999 -0.88315320014953602 1.1237759590148928 0.34062892198562628
decision_type=2 2 2 2 2
left_child=3 4 -3 -1 -2
right_child=1 2 -4 -5 -6
leaf_value=-0.024410775303730606 -0.010124438339171395 0.024211095088835108 -0.0009164485808801459 0.0011518230895280475 0.00018992775544196346
leaf_weight=17.219446659350073 2.7809971155656998 20.583746132848326 3.0902364800276656 0.48055896494770323 0.27976233582012344
leaf_count=4224 1094 480 644 16 19
internal_value=0 0.016637 0.0211253 -0.0233406 -0.00887329
internal_weight=44.4347 26.7347 23.674 17.7 3.06076
internal_count=6477 2237 1124 4240 1113
is_linear=0
shrinkage=0.025


Tree=45
num_leaves=7
num_cat=0
split_feature=22 6 26 17 16 13
split_gain=27.6224 5.49579 3.91501 3.83077 0.69754 0.461046
threshold=0.14091093093156817 4.0995640754699716 -0.88482519984245289 0.90056219696998607 1.2281779646873476 2.2659231424331669
decision_type=2 2 2 2 2 2
left_child=3 2 -2 4 -1 -5
right_child=1 -3 -4 5 -6 -7
leaf_value=-0.022595748691414688 0.023804710900450266 -0.0084065680688243279 -0.0030962296217340091 -0.002731806360018036 0 0.0071922560449326966
leaf_weight=17.637362264795236 19.310804602748252 1.6646647113957431 2.2338746075402041 0.50874396797735189 0.50937841733684663 1.7640996729605829
leaf_count=4846 397 333 562 105 90 75
internal_value=0.000159472 0.0172917 0.0207222 -0.0186385 -0.0219202 0.00376061
internal_weight=43.6289 23.2093 21.5447 20.4196 18.1467 2.27284
internal_count=6408 1292 959 5116 4936 180
is_linear=0
shrinkage=0.025


Tree=46
num_leaves=7
num_cat=0
split_feature=22 17 24 13 27 2
split_gain=28.4369 11.5364 2.53245 2.03433 0.652474 0.551799
threshold=0.4507413804531098 0.52673539519310009 0.44985876977443701 2.9592347145080571 0.73201322555542003 1.5855779051780703
decision_type=2 2 2 2 2 2
left_child=1 4 -3 -2 -1 -5
right_child=3 2 -4 5 -6 -7
leaf_value=-0.024957601460462137 -0.0020479171745704477 0.01401747825326637 -0.0070212160334701488 0 0 0.023296765366872852
leaf_weight=18.024346284597421 0.90360081207473086 5.2599515874753697 1.3432422850746659 0.12767833098769443 0.76560122583759849 16.91758756316267
leaf_count=4991 167 220 575 47 86 389
internal_value=7.37173e-05 -0.0156766 0.00801774 0.0211895 -0.0242011 0.02289
internal_weight=43.342 25.3931 6.60319 17.9489 18.7899 17.0453
internal_count=6475 5872 795 603 5077 436
is_linear=0
shrinkage=0.025


Tree=47
num_leaves=7
num_cat=0
split_feature=22 13 17 2 21 24
split_gain=27.8305 5.84068 3.03743 2.39835 0.702279 0.572717
threshold=0.14091093093156817 2.9592347145080571 0.82996404170990001 1.5855779051780703 0.97409975528717052 0.14213291555643084
decision_type=2 2 2 2 2 2
left_child=2 -2 4 -3 -1 -4
right_child=1 3 5 -5 -6 -7
leaf_value=-0.022890037234083952 -0.0078530396799924695 -0.0025916880560914357 0.0068020871626563208 0.022871502586100347 0 -0.0039693861470026645
leaf_weight=17.190275034634404 2.2217897878726971 1.0304723525187025 1.5215332288062193 19.344699742388912 0.32958036666968737 0.68931722990237165
leaf_count=4848 429 216 34 662 37 202
internal_value=-4.13741e-05 0.0171018 -0.0194158 0.0210805 -0.0222889 0.00215327
internal_weight=42.3277 22.597 19.7307 20.3752 17.5199 2.21085
internal_count=6428 1307 5121 878 4885 236
is_linear=0
shrinkage=0.025


Tree=48
num_leaves=6
num_cat=0
split_feature=22 6 2 21 5
split_gain=27.057 6.37521 4.19532 1.40246 0.571452
threshold=0.0368129350244999 4.0995640754699716 1.5855779051780703 1.3386311531066897 -0.18626956641674039
decision_type=2 2 2 2 2
left_child=3 2 -2 4 -1
right_child=1 -3 -4 -5 -6
leaf_value=0 -0.0054616829452159704 -0.0099811214822282546 0.021581532394527474 0.0011981648518932997 -0.0231687169919307
leaf_weight=0.81086034278269004 1.6871323563100364 2.1468027215742032 23.253335143876029 0.64673008787212971 14.92347721653641
leaf_count=91 373 437 1042 30 4481
internal_value=0.000684749 0.015252 0.0189368 -0.0210446 -0.0223287
internal_weight=43.4683 27.0873 24.9405 16.3811 15.7343
internal_count=6454 1852 1415 4602 4572
is_linear=0
shrinkage=0.025


Tree=49
num_leaves=7
num_cat=0
split_feature=22 6 19 26 21 21
split_gain=26.9895 4.60797 3.75084 2.52477 2.40887 0.749236
threshold=0.2222264036536217 4.0995640754699716 0.2481057941913605 -0.88482519984245289 1.1478423476219179 0.23880209028720858
decision_type=2 2 2 2 2 2
left_child=2 3 4 -2 -1 -4
right_child=1 -3 5 -5 -6 -7
leaf_value=-0.024123029744212762 0.023130875792598066 -0.0072353460195389505 -0.0042061730112961122 -0.0019029007215312082 0.001986878654609375 0.0079617297599687779
leaf_weight=16.930631305731374 17.399766470014587 1.405850360286421 0.96999264569603783 1.5182464864337841 1.173258187889586 1.736734518810408
leaf_count=4965 331 274 291 439 65 47
internal_value=-0.000625745 0.0176464 -0.0186742 0.0208827 -0.0220966 0.00289036
internal_weight=41.1345 20.3239 20.8106 18.918 18.1039 2.70673
internal_count=6412 1044 5368 770 5030 338
is_linear=0
shrinkage=0.025


Tree=50
num_leaves=7
num_cat=0
split_feature=22 13 17 26 27 26
split_gain=26.1136 5.67652 4.22697 1.30708 0.582263 0.440451
threshold=0.23798914253711703 3.047528982162476 0.95563554763793956 -0.89620056748390187 0.73201322555542003 -1.0014911293983457
decision_type=2 2 2 2 2 2
left_child=2 -2 4 -3 -1 -4
right_child=1 3 5 -5 -6 -7
leaf_value=-0.0227619933238183 -0.0086114814565028518 0.022920665925868146 0.0075417853658126411 0 0 -0.0023682719928816206
leaf_weight=17.53028249548516 1.6577739506028617 16.707248753838943 1.8259540121653119 1.8538080191356119 0.7474920098320571 0.4511931516462927
leaf_count=5215 359 238 54 399 85 104
internal_value=-0.000707869 0.0172831 -0.0185683 0.0211978 -0.0220417 0.0044413
internal_weight=40.7738 20.2188 20.5549 18.5611 18.2778 2.27715
internal_count=6454 996 5458 637 5300 158
is_linear=0
shrinkage=0.025


Tree=51
num_leaves=7
num_cat=0
split_feature=21 13 26 24 27 18
split_gain=25.9178 5.93681 3.66982 3.22519 0.72961 0.429998
threshold=0.23880209028720858 3.0870565176010136 -0.88315320014953602 -4.7407565116882315 0.73201322555542003 0.67056339979171764
decision_type=2 2 2 2 2 2
left_child=3 5 -3 -1 -5 -2
right_child=1 2 -4 4 -6 -7
leaf_value=0.0044440469986735112 -0.010132784919539638 0.023587475298288089 -0.0017815723324998763 -0.023124894291630314 0 0.00099325468886143193
leaf_weight=1.1204088568338217 2.0239466308266887 18.412328302947579 2.8906890088983301 15.666632708191173 0.67709491687128398 0.65524713968625281
leaf_count=36 666 419 833 4379 67 71
internal_value=0.000387978 0.0160918 0.0202232 -0.0196805 -0.0222807 -0.00772282
internal_weight=41.4463 23.9822 21.303 17.4641 16.3437 2.67919
internal_count=6471 1989 1252 4482 4446 737
is_linear=0
shrinkage=0.025


Tree=52
num_leaves=7
num_cat=0
split_feature=24 17 13 12 5 27
split_gain=25.3652 5.73252 2.78666 1.81995 0.994815 0.733546
threshold=-2.0176582336425777 0.52673539519310009 2.5992114543914799 4.1765463352203378 0.0513669140636921 0.73201322555542003
decision_type=2 2 2 2 2 2
left_child=2 5 -1 -3 -4 -2
right_child=1 3 4 -5 -6 -7
leaf_value=-0.0044043166394998083 -0.023731601353312818 -0.0074266780419664467 -0.0010551614092200786 0.010365907519305636 0.02212581225414165 0
leaf_weight=0.83690524028498003 16.357124729751384 1.3738381786970411 0.22250663494923983 3.3597607435367536 15.535866299964253 0.68825276725692575
leaf_count=187 4839 524 104 247 426 77
internal_value=-0.00112525 -0.0173909 0.0190159 0.00339752 0.0213221 -0.0229087
internal_weight=38.3743 21.779 16.5953 4.7336 15.7584 17.0454
internal_count=6404 5687 717 771 530 4916
is_linear=0
shrinkage=0.025


Tree=53
num_leaves=7
num_cat=0
split_feature=22 13 26 17 13 22
split_gain=24.4526 4.67146 2.53692 1.66557 0.881962 0.333623
threshold=0.14091093093156817 2.9592347145080571 -0.79664191603660572 0.82996404170990001 5.4572844505310067 -0.083981372416019426
decision_type=2 2 2 2 2 2
left_child=3 -2 -3 4 -1 -5
right_child=1 2 -4 5 -6 -7
leaf_value=-0.022557206490421772 -0.0062238770865291823 0.021938070287928612 -0.0026168282166592867 -0.0035818115615151207 0 0.0047479526316266552
leaf_weight=14.581335739203501 2.391992025193761 18.034792715596275 1.3540162844292307 0.64078958699246857 1.6058379058667913 1.0774607000639651
leaf_count=4544 429 478 395 193 342 29
internal_value=-3.26431e-05 0.0160639 0.0197821 -0.0191183 -0.0210771 0.000357422
internal_weight=39.6862 21.7808 19.3888 17.9054 16.1872 1.71825
internal_count=6410 1302 873 5108 4886 222
is_linear=0
shrinkage=0.025


Tree=54
num_leaves=7
num_cat=0
split_feature=21 26 24 13 17 18
split_gain=24.4719 4.29648 2.87982 2.51861 0.936666 0.68783
threshold=0.35266748070716863 -0.88315320014953602 -4.7407565116882315 2.220696330070496 0.82996404170990001 0.53452977538108837
decision_type=2 2 2 2 2 2
left_child=2 3 -1 -2 -4 -3
right_child=1 5 4 -5 -6 -7
leaf_value=0.0039897688534359047 -0.0037402949602197578 -0.0086494292037026799 -0.022249787021564115 0.022226932596639951 0.00066189433704148392 0.0030356315346351565
leaf_weight=1.1184345624060394 0.70761997567024693 1.900280928355641 16.570768455043439 17.142413545167074 0.32588606199715187 1.2838308462523853
leaf_count=43 189 689 4816 516 48 133
internal_value=-0.000211287 0.0162844 -0.0190965 0.0203308 -0.0214722 -0.00419815
internal_weight=39.0492 21.0341 18.0151 17.85 16.8967 3.18411
internal_count=6434 1527 4907 705 4864 822
is_linear=0
shrinkage=0.025


Tree=55
num_leaves=7
num_cat=0
split_feature=21 26 6 22 22 27
split_gain=23.4582 5.9836 3.19418 2.19198 1.08466 0.693116
threshold=0.18243902176618579 -0.88315320014953602 4.0995640754699716 1.0463464856147768 0.78700777888298046 0.73201322555542003
decision_type=2 2 2 2 2 2
left_child=3 2 -2 5 -3 -1
right_child=1 4 -4 -5 -6 -7
leaf_value=-0.022225639896477176 0.022737584744671576 -0.01049693439982919 -0.0036838671244956525 0.003016466617193775 0.0039723760001642858 0
leaf_weight=14.213193442585174 18.821241784200545 2.9942384180321815 1.3653916755865783 0.83986069686943743 1.2547101596137507 0.67571537120966318
leaf_count=4135 566 1108 411 19 122 69
internal_value=0.00101953 0.0153851 0.0203258 -0.0193245 -0.0057108 -0.0213405
internal_weight=40.1644 24.4356 20.1866 15.7288 4.24895 14.8889
internal_count=6430 2207 977 4223 1230 4204
is_linear=0
shrinkage=0.025


Tree=56
num_leaves=7
num_cat=0
split_feature=21 19 26 12 22 27
split_gain=21.6256 4.56807 4.46221 1.91335 0.746026 0.664091
threshold=0.35266748070716863 0.64994701743125927 -0.88315320014953602 2.8835002183914189 0.96658754348754894 0.73201322555542003
decision_type=2 2 2 2 2 2
left_child=1 5 3 -2 -4 -1
right_child=2 -3 4 -5 -6 -7
leaf_value=-0.022517832224441699 -0.0016901219427231159 0.0053137311804868905 -0.0092141516835806871 0.021786395665339124 0.0031855453090014144 0
leaf_weight=15.069015066983411 1.1161663204839047 2.3111686663469291 2.0305421119846865 16.445470644859597 1.0300149216200223 0.70431223604828197
leaf_count=4667 206 166 784 503 74 72
internal_value=0 -0.0175528 0.015809 0.0199734 -0.00487827 -0.0216767
internal_weight=38.7067 18.0845 20.6222 17.5616 3.06056 15.7733
internal_count=6472 4905 1567 709 858 4739
is_linear=0
shrinkage=0.025


Tree=57
num_leaves=7
num_cat=0
split_feature=22 17 6 24 7 25
split_gain=20.2555 7.02053 2.3997 2.12249 0.922673 0.447603
threshold=0.39783185720443731 0.52673539519310009 3.9461137056350712 0.18791432678699496 5.0887603759765634 0.32199044525623327
decision_type=2 2 2 2 2 2
left_child=1 4 5 -3 -1 -2
right_child=2 3 -4 -5 -6 -7
leaf_value=-0.022913518784285297 0.021276004466279492 0.011884744032377022 -0.0039458656947919113 -0.0071955032684933046 0 0
leaf_weight=14.696062376635387 14.131345470668743 4.2625513114326159 0.76637997332727614 1.4000865509151479 1.5038566002331197 0.92755209057941179
leaf_count=4712 301 180 179 606 242 195
internal_value=-8.65869e-05 -0.0145535 0.018295 0.00541903 -0.0214612 0.0204399
internal_weight=37.6878 21.8626 15.8253 5.66264 16.1999 15.0589
internal_count=6415 5740 675 786 4954 496
is_linear=0
shrinkage=0.025


Tree=58
num_leaves=7
num_cat=0
split_feature=22 17 6 24 2 26
split_gain=20.2435 4.24637 3.88081 1.36313 1.24804 0.478983
threshold=0.2222264036536217 0.52673539519310009 4.0995640754699716 0.44985876977443701 1.5855779051780703 -0.38624651730060572
decision_type=2 2 2 2 2 2
left_child=1 5 4 -3 -2 -1
right_child=2 3 -4 -5 -6 -7
leaf_value=-0.021907942512760015 -0.0009784905685089986 0.0089615536957417859 -0.006649910573911991 -0.006586923705163338 0.02061803825833378 0
leaf_weight=14.188626098650275 0.74796276295092567 3.0055437640403388 1.3282017422025081 1.2710839601350015 16.766316183086019 0.79961115680635053
leaf_count=4598 140 143 265 580 645 90
internal_value=0 -0.016138 0.0162975 0.00260709 0.0194057 -0.0211135
internal_weight=38.1073 19.2649 18.8425 4.27663 17.5143 14.9882
internal_count=6461 5411 1050 723 785 4688
is_linear=0
shrinkage=0.025


Tree=59
num_leaves=7
num_cat=0
split_feature=21 24 6 2 20 21
split_gain=20.5031 3.53117 3.26703 1.54871 1.1617 0.337188
threshold=0.48482091724872595 -3.9611554145812984 3.3648620843887334 1.5855779051780703 1.5094720721244814 1.8383264541625979
decision_type=2 2 2 2 2 2
left_child=1 -1 3 -2 -3 -4
right_child=2 4 5 -5 -6 -7
leaf_value=0.0052717540292243625 -0.0023718949015615848 -0.02086660673454431 -0.0071773928686209134 0.020828793853158195 0.00045080629279093011 0.0016207429469924162
leaf_weight=1.6459701750718547 0.40948810812552139 15.993023005314171 1.2866234180401068 16.372936656582169 0.89049417979549694 0.63091799558605988
leaf_count=87 134 4990 434 598 144 23
internal_value=0 -0.0164841 0.0164598 0.0195613 -0.0196105 -0.00429998
internal_weight=37.2295 18.5295 18.7 16.7824 16.8835 1.91754
internal_count=6410 5221 1189 732 5134 457
is_linear=0
shrinkage=0.025


Tree=60
num_leaves=7
num_cat=0
split_feature=21 26 19 6 22 26
split_gain=19.912 4.3067 2.59475 1.91155 0.589831 0.561339
threshold=0.35266748070716863 -0.88315320014953602 0.64994701743125927 4.0995640754699716 0.78700777888298046 -0.38624651730060572
decision_type=2 2 2 2 2 2
left_child=2 3 5 -2 -3 -1
right_child=1 4 -4 -5 -6 -7
leaf_value=-0.021794396828529947 0.021116103519261974 -0.0088691104473728622 0.002495915914037685 -0.002045847468933896 0.0023770620661023893 0
leaf_weight=14.103957872692263 15.110918041871633 1.9864024278940626 1.7689689723192703 1.0349355752696272 1.0056030395207924 0.75506945082452226
leaf_count=4649 406 745 169 284 108 82
internal_value=-0.000697777 0.0148472 -0.0181744 0.0192032 -0.00518487 -0.0209588
internal_weight=35.7659 19.1379 16.628 16.1459 2.99201 14.859
internal_count=6443 1543 4900 690 853 4731
is_linear=0
shrinkage=0.025


Tree=61
num_leaves=7
num_cat=0
split_feature=22 6 17 26 13 24
split_gain=18.1142 4.06338 3.89398 1.84072 0.729403 0.539281
threshold=0.19017673283815387 3.3845950365066533 0.90056219696998607 -0.79664191603660572 5.4572844505310067 0.46687902510166174
decision_type=2 2 2 2 2 2
left_child=2 3 4 -2 -1 -4
right_child=1 -3 5 -5 -6 -7
leaf_value=-0.021717510925813702 0.020931478860875562 -0.005449886111519915 0.0079754621899316841 -0.0016954833666843038 -3.5147462786658056e-05 -0.0028381491204253683
leaf_weight=13.566425910714317 14.981485771888405 2.5125911608920424 1.9710801301989698 1.1718315655307385 1.6545883156941261 0.53125546808587376
leaf_count=4725 328 477 39 347 372 148
internal_value=-0.000222675 0.0149724 -0.0162741 0.0189818 -0.0202611 0.00448514
internal_weight=36.3893 18.6659 17.7233 16.1533 15.221 2.50234
internal_count=6436 1152 5284 675 5097 187
is_linear=0
shrinkage=0.025


Tree=62
num_leaves=7
num_cat=0
split_feature=22 26 6 17 24 27
split_gain=17.2564 5.7009 4.58182 1.15504 0.720945 0.693446
threshold=0.0368129350244999 -0.88315320014953602 3.7449173927307133 1.0155803561210635 -3.719550251960754 0.73201322555542003
decision_type=2 2 2 2 2 2
left_child=3 2 -2 5 -3 -1
right_child=1 4 -4 -5 -6 -7
leaf_value=-0.020838578636648793 0.021407969286574031 0.0020155004038547807 -0.0060980852993996713 0.00028264837024410651 -0.010956858927743006 0
leaf_weight=12.283416255086191 17.037311930937001 1.0239584107766888 1.8965384328912467 1.1495600762427773 2.7588143398461362 0.62967568711610589
leaf_count=4460 399 132 458 117 858 69
internal_value=0 0.0126494 0.0176933 -0.018252 -0.00758541 -0.0198692
internal_weight=36.7793 22.7166 18.9339 14.0627 3.78277 12.9131
internal_count=6493 1847 857 4646 990 4529
is_linear=0
shrinkage=0.025


Tree=63
num_leaves=7
num_cat=0
split_feature=21 26 24 5 24 27
split_gain=18.4851 4.2877 2.85917 2.68274 0.965426 0.692337
threshold=0.23880209028720858 -0.88315320014953602 -4.7407565116882315 4.0181686878204355 -3.719550251960754 0.73201322555542003
decision_type=2 2 2 2 2 2
left_child=2 3 -1 -2 -3 -4
right_child=1 4 5 -5 -6 -7
leaf_value=0.0041981473849022222 0.021066864544949111 0.0041362806818301097 -0.021352568192804872 -0.0034223117106750179 -0.0093480071978767343 0
leaf_weight=1.2374726287671354 16.24762839399046 1.2989767399267322 13.317030613543462 1.2780657201656129 2.6059114797098992 0.65373782010283399
leaf_count=38 583 113 4367 317 969 72
internal_value=0.000322786 0.014182 -0.0175745 0.0186403 -0.00435668 -0.0204306
internal_weight=36.6388 21.4306 15.2082 17.5257 3.90489 13.9708
internal_count=6459 1982 4477 900 1082 4439
is_linear=0
shrinkage=0.025


Tree=64
num_leaves=7
num_cat=0
split_feature=22 13 17 3 27 12
split_gain=18.8539 4.60634 2.36482 1.86376 0.629083 0.401462
threshold=0.14091093093156817 2.9592347145080571 0.82996404170990001 1.1059762835502627 0.73201322555542003 3.0009840726852421
decision_type=2 2 2 2 2 2
left_child=2 -2 4 -3 -1 -4
right_child=1 3 5 -5 -6 -7
leaf_value=-0.021048312442705015 -0.0071318514953065005 -0.0022419963027393791 -0.0032362704138330367 0.020533663590436364 0 0.0057716859898791287
leaf_weight=12.907365775958166 2.0905153598578208 0.94084555760491895 0.59624320673174169 17.195150007115444 0.68188570038182739 1.5103158357960635
leaf_count=4834 443 241 131 634 73 96
internal_value=0.000444313 0.0150381 -0.0171497 0.0188528 -0.0201402 0.00185949
internal_weight=35.9223 20.2265 15.6958 18.136 13.5893 2.10656
internal_count=6452 1318 5134 875 4907 227
is_linear=0
shrinkage=0.025


Tree=65
num_leaves=7
num_cat=0
split_feature=21 24 13 17 2 6
split_gain=17.3993 7.03035 1.72109 1.4514 0.233047 0.214727
threshold=0.90774849057197582 -3.2897858619689937 2.220696330070496 0.56457394361495983 1.5855779051780703 3.3845950365066533
decision_type=2 2 2 2 2 2
left_child=1 5 -2 -3 -4 -1
right_child=2 3 4 -5 -6 -7
leaf_value=0.010320377376237234 -0.0028110577443829503 -0.021032454269471632 0 0 0.020342057791227976 0
leaf_weight=3.1343819428875608 0.52430023130727832 15.62061203326448 0.064227468450552716 2.1810451073397408 13.123117868963162 0.50893641525180999
leaf_count=85 97 5244 24 549 324 98
internal_value=0 -0.0131212 0.0183806 -0.0189807 0.0201079 0.0092039
internal_weight=35.1566 21.445 13.7116 17.8017 13.1873 3.64332
internal_count=6421 5976 445 5793 348 183
is_linear=0
shrinkage=0.025


Tree=66
num_leaves=6
num_cat=0
split_feature=22 17 6 2 24
split_gain=17.7666 3.62314 3.38148 1.67903 1.30581
threshold=0.2222264036536217 0.52673539519310009 4.0995640754699716 1.5855779051780703 0.18791432678699496
decision_type=2 2 2 2 2
left_child=1 -1 3 -2 -3
right_child=2 4 -4 -5 -6
leaf_value=-0.021088094926317455 -0.00285024057979884 0.0086619542428599382 -0.0062302048266178432 0.01968721633943385 -0.0066687522045463538
leaf_weight=13.154504895588618 0.48770360357594356 2.6014825005549933 1.276673839020076 15.992166878277201 1.3045779446838421
leaf_count=4682 144 121 271 638 614
internal_value=-0.000169847 -0.0162754 0.0152058 0.0182211 0.00197057
internal_weight=34.8171 17.0606 17.7565 16.4799 3.90606
internal_count=6470 5417 1053 782 735
is_linear=0
shrinkage=0.025


Tree=67
num_leaves=7
num_cat=0
split_feature=21 26 13 22 22 5
split_gain=18.5236 4.23004 2.6938 1.03663 0.816609 0.652527
threshold=0.18243902176618579 -0.88315320014953602 2.220696330070496 0.78700777888298046 1.0463464856147768 -0.18626956641674039
decision_type=2 2 2 2 2 2
left_child=4 2 -2 -3 5 -1
right_child=1 3 -4 -5 -6 -7
leaf_value=0 -0.0044326893101267421 -0.0094129278575772815 0.020330924969286453 0.0043568987928736943 0.00054454731404849786 -0.020686721350144717
leaf_weight=0.71036931025446115 0.87992447489523939 2.7685711113736025 17.124389836506452 1.4529583345283752 0.41864696535049084 12.310433655977247
leaf_count=103 245 1108 745 115 16 4157
internal_value=0.000498362 0.0136813 0.0181486 -0.00420322 -0.0187625 -0.0197089
internal_weight=35.6653 22.2258 18.0043 4.22153 13.4394 13.0208
internal_count=6489 2213 990 1223 4276 4260
is_linear=0
shrinkage=0.025


Tree=68
num_leaves=7
num_cat=0
split_feature=27 13 24 24 17 17
split_gain=13.5647 7.01219 2.98513 1.05915 0.712403 0.513286
threshold=0.17100916057825091 3.047528982162476 -3.719550251960754 0.18791432678699496 0.6637384593486787 1.1826586723327639
decision_type=2 2 2 2 2 2
left_child=1 5 -2 -3 -4 -1
right_child=2 3 4 -5 -6 -7
leaf_value=-0.011410850022648782 0.0044572666030052921 0.020539182040372663 -0.020088543824237845 -0.00048341226173734161 0 0.00098705129350757834
leaf_weight=3.02397367532831 1.7860760546172958 14.216781106108098 12.002561329340095 0.75819895855966102 1.6525736493058492 0.68342089315410692
leaf_count=1113 157 338 4173 341 323 53
internal_value=-8.9653e-05 0.0126555 -0.0151395 0.0193073 -0.0185454 -0.0091532
internal_weight=34.1236 18.6824 15.4412 14.975 13.6551 3.70739
internal_count=6498 1845 4653 679 4496 1166
is_linear=0
shrinkage=0.025


Tree=69
num_leaves=7
num_cat=0
split_feature=22 17 6 24 7 4
split_gain=14.8131 5.83773 1.65583 1.58982 0.970272 0.838031
threshold=0.42832988500595098 0.56457394361495983 3.9461137056350712 0.18791432678699496 5.0887603759765634 0.8352487087249757
decision_type=2 2 2 2 2 2
left_child=1 4 5 -3 -1 -2
right_child=2 3 -4 -5 -6 -7
leaf_value=-0.02159317088177326 -0.001063892116800094 0.010913393330028921 -0.0030133987517229227 -0.0060019903646198669 0 0.019109176032498659
leaf_weight=13.009609664499296 0.22260727340471653 3.8750431449443559 0.61974634614307511 1.1705473462061489 1.4071248071559228 12.38774405553704
leaf_count=4923 125 156 149 517 250 339
internal_value=-0.000678963 -0.013454 0.0163068 0.00533281 -0.0200311 0.0181972
internal_weight=32.6924 19.4623 13.2301 5.04559 14.4167 12.6104
internal_count=6459 5846 613 673 5173 464
is_linear=0
shrinkage=0.025


Tree=70
num_leaves=7
num_cat=0
split_feature=22 6 2 18 5 25
split_gain=14.9436 4.34429 2.74466 0.632892 0.619534 0.431192
threshold=0.0368129350244999 3.3648620843887334 1.5855779051780703 0.53452977538108837 -0.18626956641674039 -4.5618700981140128
decision_type=2 2 2 2 2 2
left_child=3 2 -2 4 -1 -3
right_child=1 5 -4 -5 -6 -7
leaf_value=0 -0.0041975251131743004 0.0010326099654524535 0.018707321817913295 0.00021487865532143909 -0.020076634114406369 -0.0096289805979325165
leaf_weight=0.71041585633065274 1.4651351278589633 0.85341585206333581 16.574452568107517 0.3436111361661468 11.101278134097809 2.1399257319862945
leaf_count=99 372 56 817 63 4446 639
internal_value=0 0.0118122 0.0160685 -0.0182399 -0.0190527 -0.00706287
internal_weight=33.1882 21.0329 18.0396 12.1553 11.8117 2.99334
internal_count=6492 1884 1189 4608 4545 695
is_linear=0
shrinkage=0.025


Tree=71
num_leaves=7
num_cat=0
split_feature=22 6 2 17 24 24
split_gain=15.4156 4.16176 3.24489 0.665138 0.371327 0.0486184
threshold=0.0368129350244999 3.2023401260375981 1.5855779051780703 1.0155803561210635 -5.3866806030273429 0.29684279859066015
decision_type=2 2 2 2 2 2
left_child=3 2 -2 -1 -3 -5
right_child=1 4 -4 5 -6 -7
leaf_value=-0.019830694599138669 -0.0057497056420937323 0.0011374303574996575 0.01902195314252892 0.0018694366061419731 -0.0086574093559472626 -0.0014431849856378388
leaf_weight=11.164366913551927 1.1572955642186631 0.60751996719045598 16.50339981194702 0.51469839119818139 2.5210533151403061 0.33602908538887277
leaf_count=4535 359 21 735 10 711 102
internal_value=-8.04872e-05 0.0119681 0.0162124 -0.0186859 -0.00645681 0
internal_weight=32.8044 20.7893 17.6607 12.0151 3.12857 0.850727
internal_count=6473 1826 1094 4647 732 112
is_linear=0
shrinkage=0.025


Tree=72
num_leaves=6
num_cat=0
split_feature=22 17 6 24 27
split_gain=15.7346 3.12877 2.94818 1.04866 0.886934
threshold=0.23162174969911578 0.52673539519310009 4.0995640754699716 0.18791432678699496 0.31573574244976049
decision_type=2 2 2 2 2
left_child=1 -1 4 -3 -2
right_child=2 3 -4 -5 -6
leaf_value=-0.020382617724634264 0.018905525846886685 0.0076169883231354887 -0.0057122666720904568 -0.0061437919958387266 0
leaf_weight=12.262998705380598 14.015211455902319 2.5941336978576142 1.1812818018661335 1.2258187993138561 1.2682735291309644
leaf_count=4689 449 131 261 587 294
internal_value=-0.000313091 -0.0157602 0.014641 0.00151297 0.0175426
internal_weight=32.5477 16.083 16.4648 3.81995 15.2835
internal_count=6411 5407 1004 718 743
is_linear=0
shrinkage=0.025


Tree=73
num_leaves=7
num_cat=0
split_feature=22 5 21 27 19 20
split_gain=13.3338 3.49269 1.86895 1.58409 1.25242 0.293507
threshold=0.19017673283815387 4.1350474357604989 0.97409975528717052 0.26023676991462713 0.2481057941913605 0.1173645853996277
decision_type=2 2 2 2 2 2
left_child=2 3 4 -2 -1 -4
right_child=1 -3 5 -5 -6 -7
leaf_value=-0.019095931831060255 0.019192377097245812 -0.0064202644497308838 -0.0022875104218965446 -0.0008079234190575713 0.00035025571137782302 0.0055768752971610781
leaf_weight=12.230195980519055 13.602441938215636 1.7497265809506632 0.43153205065755074 1.7265697459515639 1.444741858576889 1.2320903356303459
leaf_count=4841 386 352 104 433 303 23
internal_value=0 0.0133955 -0.0146612 0.0169876 -0.0171631 0.00241324
internal_weight=32.4173 17.0787 15.3386 15.329 13.6749 1.66362
internal_count=6442 1171 5271 819 5144 127
is_linear=0
shrinkage=0.025


Tree=74
num_leaves=7
num_cat=0
split_feature=21 27 24 6 19 5
split_gain=12.9649 3.90687 2.18804 1.7021 0.934095 0.701864
threshold=0.22188699990510943 0.17100916057825091 -4.7407565116882315 4.6446580886840829 0.53393712639808666 -0.18626956641674039
decision_type=2 2 2 2 2 2
left_child=2 3 -1 -2 -3 -4
right_child=1 4 5 -5 -6 -7
leaf_value=0.0035402503261090022 0.019572456891432242 -0.0079502314069582383 0 -0.0027625050501519947 0.0046590069116876102 -0.019597930312436986
leaf_weight=1.1392639745026851 13.478073433594545 3.7335345264873459 0.64053861325373951 0.59928187917103137 1.4434746367624027 10.921628383686762
leaf_count=39 494 1304 103 177 79 4219
internal_value=0.000423359 0.0123908 -0.0157408 0.0178192 -0.00325866 -0.0185132
internal_weight=31.9558 19.2544 12.7014 14.0774 5.17701 11.5622
internal_count=6415 2054 4361 671 1383 4322
is_linear=0
shrinkage=0.025


Tree=75
num_leaves=6
num_cat=0
split_feature=21 27 24 13 22
split_gain=13.7017 4.12011 2.05932 1.78232 1.3203
threshold=0.18243902176618579 0.17100916057825091 -4.7407565116882315 2.220696330070496 0.73933693766593944
decision_type=2 2 2 2 2
left_child=2 3 -1 -2 -3
right_child=1 4 -4 -5 -6
leaf_value=0.0030538830829638045 -0.0029785626491229665 -0.0092533481555840576 -0.019809185144918556 0.019391998576050774 0.0055057637725145032
leaf_weight=0.94799805787625047 0.62996263595414603 3.8060411700571413 11.381661555788012 13.274991037586004 1.7968215830042025
leaf_count=35 205 1415 4202 497 130
internal_value=-0.000177459 0.011723 -0.0173167 0.0175282 -0.00356636
internal_weight=31.8375 19.5078 12.3297 13.905 5.60286
internal_count=6484 2247 4237 702 1545
is_linear=0
shrinkage=0.025


Tree=76
num_leaves=7
num_cat=0
split_feature=22 17 24 13 2 12
split_gain=13.1164 5.47556 1.36959 1.00202 0.822156 0.0402697
threshold=0.4898571521043778 0.56457394361495983 0.44985876977443701 2.9592347145080571 1.0000000180025095e-35 5.9430108070373544
decision_type=2 2 2 2 2 2
left_child=1 4 -3 -2 -1 -5
right_child=3 2 -4 5 -6 -7
leaf_value=0 -0.0010750598338123841 0.010233439271276949 -0.0055004486336417352 0.018123027496403831 -0.020846025649022253 0
leaf_weight=1.3603689833253216 0.68841266969684412 4.0479630125919348 1.0870212375302797 10.495301179820668 12.082799296214942 0.58325525655527677
leaf_count=170 138 186 517 295 5052 84
internal_value=-0.000527238 -0.0126333 0.00521564 0.0162811 -0.0193557 0.0177472
internal_weight=30.3451 18.5782 5.13498 11.767 13.4432 11.0786
internal_count=6442 5925 703 517 5222 379
is_linear=0
shrinkage=0.025


Tree=77
num_leaves=7
num_cat=0
split_feature=21 19 13 13 7 2
split_gain=12.3619 6.18605 1.92038 1.32307 0.954102 0.123786
threshold=0.94192287325859081 0.2481057941913605 3.047528982162476 2.220696330070496 5.0887603759765634 1.5855779051780703
decision_type=2 2 2 2 2 2
left_child=1 4 -3 -2 -1 -5
right_child=3 2 -4 5 -6 -7
leaf_value=-0.020320179227550243 -0.0022820537815896611 -0.0062987836711318234 0.011957490665817768 0 0 0.018551098196568114
leaf_weight=12.191153691383084 0.456342319608665 1.3939091037900642 4.5354286404326558 0.038522284303325161 1.3092739762796544 11.125322278967358
leaf_count=5078 87 404 303 21 240 317
internal_value=0 -0.0111783 0.00617567 0.0167689 -0.0187472 0.0183994
internal_weight=31.05 19.4298 5.92934 11.6202 13.5004 11.1638
internal_count=6450 6025 707 425 5318 338
is_linear=0
shrinkage=0.025


Tree=78
num_leaves=7
num_cat=0
split_feature=22 6 26 26 27 13
split_gain=12.9722 2.84898 1.55423 1.14846 0.688902 0.499296
threshold=0.19017673283815387 4.0995640754699716 -1.0014911293983457 -0.88482519984245289 0.73201322555542003 3.5716581344604497
decision_type=2 2 2 2 2 2
left_child=2 3 5 -2 -4 -1
right_child=1 -3 4 -5 -6 -7
leaf_value=-0.0046054078681552176 0.018381487546101163 -0.006038026777053996 -0.019652800226254347 0 0 0.0052957979292612275
leaf_weight=1.1380043555982404 12.062453387276035 1.2814842992520414 10.598851331975311 2.426477636297931 0.61262177742901336 1.4849783404206389
leaf_count=550 332 299 4572 505 80 67
internal_value=-0.000559702 0.012973 -0.0156667 0.0160929 -0.0185763 0
internal_weight=29.6049 15.7704 13.8345 14.4889 11.2115 2.62298
internal_count=6405 1136 5269 837 4652 617
is_linear=0
shrinkage=0.025


Tree=79
num_leaves=7
num_cat=0
split_feature=21 27 6 12 26 3
split_gain=12.8747 2.85964 1.94194 1.19116 1.01497 0.164943
threshold=0.94192287325859081 0.12957300245761874 3.5606416463851933 3.0009840726852421 -0.38624651730060572 1.1059762835502627
decision_type=2 2 2 2 2 2
left_child=1 2 -1 -2 -3 -5
right_child=3 4 -4 5 -6 -7
leaf_value=0.0095929716618208764 -0.0014782814943947091 -0.01810034658836163 -0.0081575887804426778 0 0.00065633169782952172 0.018685423515649707
leaf_weight=3.4506793048058233 0.70411484793294121 12.541386988421438 2.0024546815257054 0.22584437907789734 0.92784909153123862 10.821407463925423
leaf_count=202 93 4922 848 48 106 276
internal_value=0 -0.0118475 0.0016927 0.0167305 -0.016642 0.0183795
internal_weight=30.6737 18.9224 5.45313 11.7514 13.4692 11.0473
internal_count=6495 6078 1050 417 5028 324
is_linear=0
shrinkage=0.025


Tree=80
num_leaves=7
num_cat=0
split_feature=21 26 13 24 26 22
split_gain=10.4603 3.97966 1.98079 1.25129 0.693435 0.605535
threshold=0.18243902176618579 -0.9314206838607787 2.220696330070496 -4.7407565116882315 -0.38624651730060572 0.78700777888298046
decision_type=2 2 2 2 2 2
left_child=3 2 -2 -1 -5 -3
right_child=1 5 -4 4 -6 -7
leaf_value=0.0017628961564178495 -0.0036220595041851857 -0.008237896272841801 0.018517640858451152 -0.018678241982487905 8.1266503977726906e-05 0.0025510567298462471
leaf_weight=0.78878099145367997 0.73854048532666894 3.4834161920880424 12.316061122081008 9.9422868019028101 0.58130729474941922 1.1740803044813217
leaf_count=36 211 1356 513 4072 70 117
internal_value=-0.000299927 0.0105443 0.0162627 -0.0156897 -0.017547 -0.00495833
internal_weight=29.0245 17.7121 13.0546 11.3124 10.5236 4.6575
internal_count=6375 2197 724 4178 4142 1473
is_linear=0
shrinkage=0.025


Tree=81
num_leaves=7
num_cat=0
split_feature=21 19 12 12 7 2
split_gain=11.7095 5.26057 1.22509 1.1302 0.956377 0.187731
threshold=0.94192287325859081 0.34062892198562628 2.612237930297852 2.8835002183914189 5.0887603759765634 1.5855779051780703
decision_type=2 2 2 2 2 2
left_child=1 4 -3 -2 -1 -5
right_child=3 2 -4 5 -6 -7
leaf_value=-0.020203673664213238 -0.0020130459950206399 -0.0048381774484703467 0.010355785104504753 0 0 0.017620450152325207
leaf_weight=12.242233516619313 0.42090172367170353 1.009626797022064 3.7424928260443266 0.062402888317591443 1.2987073150870845 10.090181504492646
leaf_count=5296 87 265 236 22 248 309
internal_value=-0.000942607 -0.0121967 0.00566131 0.0157913 -0.0186375 0.0173626
internal_weight=28.8665 18.2931 4.75212 10.5735 13.5409 10.1526
internal_count=6463 6045 501 418 5544 331
is_linear=0
shrinkage=0.025


Tree=82
num_leaves=7
num_cat=0
split_feature=22 17 24 13 26 23
split_gain=11.4954 7.39716 1.47293 0.742624 0.653796 0.453231
threshold=0.59568065404891979 0.56457394361495983 0.44985876977443701 2.9592347145080571 -0.38624651730060572 -6.29791235923767
decision_type=2 2 2 2 2 2
left_child=1 4 -3 -2 -1 -5
right_child=3 2 -4 5 -6 -7
leaf_value=-0.020685629208413811 -0.00043917204859795849 0.011689565120311564 -0.0049589950133112973 0 0 0.018303428666165591
leaf_weight=11.780192330625143 0.57291313595487636 5.1324040201725429 0.99326986109372217 0.29104035897762415 0.67987233787426049 10.440449098503448
leaf_count=5212 102 221 509 107 93 224
internal_value=0.000208389 -0.0108169 0.00741284 0.0164769 -0.0196934 0.0176298
internal_weight=29.8901 18.5857 6.12567 11.3044 12.4601 10.7315
internal_count=6468 6035 730 433 5305 331
is_linear=0
shrinkage=0.025


Tree=83
num_leaves=7
num_cat=0
split_feature=22 6 27 26 5 27
split_gain=10.5377 2.52778 1.61688 1.15553 0.633459 0.539759
threshold=0.2222264036536217 4.0995640754699716 0.12957300245761874 -0.79664191603660572 4.0181686878204355 0.73201322555542003
decision_type=2 2 2 2 2 2
left_child=2 3 4 -2 -1 -4
right_child=1 -3 5 -5 -6 -7
leaf_value=0.005736007595378987 0.017718820444405897 -0.0055014072804827532 -0.017343932522226126 -0.00060745422932638265 -0.0050694585339275287 0
leaf_weight=2.1827046148537224 12.25236273606424 1.1558604700549029 10.390631635207679 1.3503256076364767 1.2577829197398385 0.63649384805467057
leaf_count=317 437 271 4429 337 570 83
internal_value=0 0.0129295 -0.0129861 0.0158893 0.000382262 -0.0163651
internal_weight=29.2262 14.7585 14.4676 13.6027 3.44049 11.0271
internal_count=6444 1045 5399 774 887 4512
is_linear=0
shrinkage=0.025


Tree=84
num_leaves=7
num_cat=0
split_feature=22 6 27 6 17 0
split_gain=9.78093 3.93702 2.61697 0.562503 0.31623 0.173642
threshold=0.0368129350244999 3.3075606822967534 0.26023676991462713 0.10924571007490159 1.0155803561210635 3.5869443416595463
decision_type=2 2 2 2 2 2
left_child=3 2 -2 -1 -5 -3
right_child=1 5 -4 4 -6 -7
leaf_value=0 0.018256642323921397 0 -0.0027200279056962245 -0.017698260077318104 0 -0.0088416119823803568
leaf_weight=0.63847756621544505 12.813719754747583 0.32535184838343356 2.6028180091816457 8.7436723487917298 0.76576129841851148 2.2722301612084266
leaf_count=113 398 29 740 4287 105 691
internal_value=0 0.0101209 0.0146102 -0.015746 -0.0168248 -0.00778088
internal_weight=28.162 18.0141 15.4165 10.1479 9.50943 2.59758
internal_count=6363 1858 1138 4505 4392 720
is_linear=0
shrinkage=0.025


Tree=85
num_leaves=7
num_cat=0
split_feature=21 13 26 24 26 18
split_gain=10.9327 3.56216 2.39437 0.859316 0.687513 0.198534
threshold=0.18243902176618579 2.9592347145080571 -0.88315320014953602 -5.8370013236999503 -0.38624651730060572 0.53452977538108837
decision_type=2 2 2 2 2 2
left_child=3 5 -3 -1 -5 -2
right_child=1 2 -4 4 -6 -7
leaf_value=0.0010089724275976081 -0.0082253994987753053 0.018877635056461953 -0.0014971595144612265 -0.018281142511591152 0.0001534679625930592 0
leaf_weight=0.52673620497808116 1.6992158867651626 12.749940130364848 2.9693010290502544 9.5019963828090113 0.56892456588684304 0.71770012017805118
leaf_count=15 614 483 977 4128 66 125
internal_value=0.000260953 0.0112912 0.0152947 -0.0157833 -0.0171196 -0.00666187
internal_weight=28.7338 18.1362 15.7192 10.5977 10.0709 2.41692
internal_count=6408 2199 1460 4209 4194 739
is_linear=0
shrinkage=0.025


Tree=86
num_leaves=7
num_cat=0
split_feature=21 26 13 24 22 5
split_gain=10.2506 3.58948 2.18943 1.13805 0.847636 0.690064
threshold=0.18243902176618579 -0.88315320014953602 2.220696330070496 -4.7407565116882315 0.96658754348754894 -0.18626956641674039
decision_type=2 2 2 2 2 2
left_child=3 2 -2 -1 -3 -5
right_child=1 4 -4 5 -6 -7
leaf_value=0.0016641578224929521 -0.0041199023769522723 -0.0093787102875164691 0.018055340415194823 0.00017643668359896503 0.0035283595076464392 -0.018062632683498402
leaf_weight=0.75305975618539633 0.8529137402074437 2.6899673462030473 14.008379775506908 0.58594799414277154 1.1160713473218491 9.2233793535706319
leaf_count=32 257 1184 746 98 70 4060
internal_value=0.000648412 0.0110827 0.0157512 -0.0150268 -0.00502976 -0.0168594
internal_weight=29.2297 18.6673 14.8613 10.5624 3.80604 9.80933
internal_count=6447 2257 1003 4190 1254 4158
is_linear=0
shrinkage=0.025


Tree=87
num_leaves=7
num_cat=0
split_feature=22 13 26 27 21 19
split_gain=10.2221 3.14402 2.18744 0.639727 0.257557 0.0664001
threshold=0.0368129350244999 2.9592347145080571 -0.88315320014953602 0.73201322555542003 1.3386311531066897 0.34062892198562628
decision_type=2 2 2 2 2 2
left_child=3 4 -3 5 -2 -1
right_child=1 2 -4 -5 -6 -7
leaf_value=-0.017948381467800183 -0.0082187704666807325 0.01780585008878928 -0.0012482483704884708 0.00013439853938227703 0.00048679877620603427 0
leaf_weight=8.7634204001369636 1.8693119600357051 12.068681063712575 3.2801560963853236 0.56632722954964343 0.54630207252921525 0.55003046244382936
leaf_count=4342 535 420 847 67 31 163
internal_value=-0.000119766 0.0102607 0.0141205 -0.0163806 -0.0064064 -0.0175176
internal_weight=27.6442 17.7645 15.3488 9.87978 2.41561 9.31345
internal_count=6405 1833 1267 4572 566 4505
is_linear=0
shrinkage=0.025


Tree=88
num_leaves=7
num_cat=0
split_feature=18 6 19 6 25 26
split_gain=9.14829 1.80763 1.72657 1.39671 0.917495 0.570724
threshold=0.20732465386390689 3.3648620843887334 0.12547438591718676 2.8165165185928349 0.76623818278312694 -0.38624651730060572
decision_type=2 2 2 2 2 2
left_child=2 4 5 -4 -2 -1
right_child=1 -3 3 -5 -6 -7
leaf_value=-0.018171803451609979 0.016664923689050835 -0.003154462078087992 0.007352825412078383 -0.0081152748857464992 -0.00074302823852822198 0
leaf_weight=9.057425431776208 10.027711227899996 1.7645061336515926 2.8103379703243254 1.8433540152909698 0.92831052246037948 0.64626774284988897
leaf_count=4175 416 545 384 694 201 80
internal_value=-0.00095647 0.0119744 -0.0128697 0 0.0150276 -0.0170717
internal_weight=27.0779 12.7205 14.3574 4.65369 10.956 9.70369
internal_count=6495 1162 5333 1078 617 4255
is_linear=0
shrinkage=0.025


Tree=89
num_leaves=7
num_cat=0
split_feature=24 17 6 24 7 3
split_gain=9.10122 3.50991 1.78739 1.04339 1.02529 0.880313
threshold=-1.8506432771682737 0.56457394361495983 3.3845950365066533 0.44985876977443701 5.0887603759765634 1.1059762835502627
decision_type=2 2 2 2 2 2
left_child=2 4 5 -3 -2 -1
right_child=1 3 -4 -5 -6 -7
leaf_value=-0.0014569276359752033 -0.019045495848081448 0.0086896854039688488 -0.0032288567070560105 -0.0051038897324413631 0.00016804338598928751 0.017038058118478912
leaf_weight=0.29563004188821906 10.052425284884519 3.307523008377756 1.3466961724334385 1.0319357008847871 1.1454816358163942 10.576263599155935
leaf_count=103 4834 167 323 495 230 379
internal_value=-0.000215637 -0.0115884 0.0130488 0.00376397 -0.017249 0.0158408
internal_weight=27.756 15.5374 12.2186 4.33946 11.1979 10.8719
internal_count=6531 5726 805 662 5064 482
is_linear=0
shrinkage=0.025


Tree=90
num_leaves=7
num_cat=0
split_feature=21 24 17 5 3 5
split_gain=10.199 3.93861 1.31044 0.86481 0.156056 0.0772059
threshold=0.94192287325859081 -3.5995274782180782 0.64880579710006725 4.0390315055847177 1.1059762835502627 4.1525709629058847
decision_type=2 2 2 2 2 2
left_child=1 5 -3 4 -2 -1
right_child=3 2 -4 -5 -6 -7
leaf_value=0.0073811012114777148 0 -0.018536136717457616 0.00015703454446331754 -0.00098542306867173998 0.016928397094949661 0
leaf_weight=2.2379303000052508 0.21189312712521946 12.12224089882511 1.8607736317208043 0.64016459486447352 9.2004611165903025 0.38912846182938654
leaf_count=71 48 5523 414 83 282 69
internal_value=-0.000591436 -0.011681 -0.0163332 0.0151104 0.0166009 0.00673605
internal_weight=26.6626 16.6101 13.983 10.0525 9.41235 2.62706
internal_count=6490 6077 5937 413 330 140
is_linear=0
shrinkage=0.025


Tree=91
num_leaves=7
num_cat=0
split_feature=26 6 22 22 26 15
split_gain=9.06379 4.15395 1.63138 0.918241 0.479686 0.187388
threshold=-0.93495863676071156 4.0995640754699716 0.73933693766593944 0.0368129350244999 -0.38624651730060572 1.2483545541763308
decision_type=2 2 2 2 2 2
left_child=1 3 4 -1 -2 -3
right_child=2 5 -4 -5 -6 -7
leaf_value=-0.00016266032496372682 -0.017177022264278679 -0.0085392250381420825 0.0025484304375750976 0.018005441358727153 0 0
leaf_weight=1.0915204224293145 9.6536737998248991 2.1794530581973954 1.4077209003735323 11.603141021914778 0.67781917596585017 0.34883941095904436
leaf_count=482 4401 971 156 350 96 39
internal_value=0 0.0113803 -0.013489 0.0164855 -0.0162003 -0.00734728
internal_weight=26.9622 15.223 11.7392 12.6947 10.3315 2.52829
internal_count=6495 1842 4653 832 4497 1010
is_linear=0
shrinkage=0.025


Tree=92
num_leaves=6
num_cat=0
split_feature=22 21 19 13 13
split_gain=9.38078 4.2353 0.858755 0.774074 0.608208
threshold=0.67286008596420299 0.94192287325859081 0.2481057941913605 3.4703110456466679 2.5992114543914799
decision_type=2 2 2 2 2
left_child=1 2 -1 -3 -2
right_child=4 3 -4 -5 -6
leaf_value=-0.017759304779000763 -0.00064645577399122635 -0.0031236305369431281 -7.5666623077296643e-06 0.0099552841103665423 0.016753560496170362
leaf_weight=11.214802742644684 0.24287359742447634 0.56599586366792154 2.7037145424692417 3.2472549501108006 8.9759657359973044
leaf_count=5314 55 147 585 93 278
internal_value=0 -0.0100984 -0.0155547 0.00663406 0.0157895
internal_weight=26.9506 17.7318 13.9185 3.81325 9.21884
internal_count=6472 6139 5899 240 333
is_linear=0
shrinkage=0.025


Tree=93
num_leaves=7
num_cat=0
split_feature=18 6 17 26 27 6
split_gain=8.51391 1.78313 1.59259 1.19967 0.623882 0.506328
threshold=0.14817416667938235 4.0995640754699716 0.76120311021804821 -0.89347743988037098 0.73201322555542003 2.8332542181015019
decision_type=2 2 2 2 2 2
left_child=2 3 4 -2 -1 -4
right_child=1 -3 5 -5 -6 -7
leaf_value=-0.01716298422826934 0.016660550649502084 -0.00386865795498847 0.0059801403134723471 0 0.00012146459940592497 -0.0040318253058230259
leaf_weight=9.7395121244044276 9.8527782897581329 1.4682104210660316 1.6540929900365875 2.4189682264841386 0.57922251924173984 0.7336038258508778
leaf_count=4711 368 397 72 609 76 247
internal_value=-0.000414351 0.0112109 -0.0129541 0.0139745 -0.0160618 0.0014112
internal_weight=26.4464 13.74 12.7064 12.2717 10.3187 2.3877
internal_count=6480 1374 5106 977 4787 319
is_linear=0
shrinkage=0.025


Tree=94
num_leaves=7
num_cat=0
split_feature=21 22 17 5 10 26
split_gain=9.28955 2.83402 2.0866 0.881696 0.131826 0.103475
threshold=0.94192287325859081 0.73933693766593944 0.71338036656379711 4.4429035186767587 2.0512316226959233 -0.84810379147529591
decision_type=2 2 2 2 2 2
left_child=1 2 -1 5 -3 -2
right_child=3 4 -4 -5 -6 -7
leaf_value=-0.018304541760414468 0.016510538180625822 -5.8237302070858166e-05 0.002339036071903161 -0.0016173215689611531 0.0061827680919785931 0
leaf_weight=11.807357014942687 8.3710458306013589 0.27640196646097992 1.8510323092923489 0.37337938346900124 2.0893783252395224 0.91239052420132516
leaf_count=5610 206 37 294 55 99 177
internal_value=-0.000795422 -0.0115035 -0.0152948 0.0144095 0.00506052 0.0158322
internal_weight=25.681 16.0242 13.6584 9.65682 2.36578 9.28344
internal_count=6478 6040 5904 438 136 383
is_linear=0
shrinkage=0.025


Tree=95
num_leaves=7
num_cat=0
split_feature=21 19 13 12 2 23
split_gain=8.47935 4.10041 1.18099 0.894714 0.741981 0.207507
threshold=0.94192287325859081 0.2481057941913605 2.9592347145080571 2.8835002183914189 1.0000000180025095e-35 -6.29791235923767
decision_type=2 2 2 2 2 2
left_child=1 4 -3 -2 -1 -5
right_child=3 2 -4 5 -6 -7
leaf_value=0 -0.001250581404665201 -0.0051094497080478663 0.0093973355798943545 0 -0.018796752108945838 0.016419305477611973
leaf_weight=1.2849639714986612 0.66005153692094509 1.1799058370088449 3.8584770445595495 0.42373272762051684 9.6851708333124389 8.4116106351139006
leaf_count=177 87 387 344 109 5151 224
internal_value=-0.000343791 -0.0106158 0.00452465 0.0142311 -0.0172003 0.0158733
internal_weight=25.5039 16.0085 5.03838 9.49539 10.9701 8.83534
internal_count=6479 6059 731 420 5328 333
is_linear=0
shrinkage=0.025


Tree=96
num_leaves=7
num_cat=0
split_feature=27 6 18 22 27 21
split_gain=7.98258 3.80646 1.77984 1.07985 0.502014 0.214778
threshold=0.17100916057825091 4.0995640754699716 0.46275307238101965 0.0368129350244999 0.73201322555542003 1.8383264541625979
decision_type=2 2 2 2 2 2
left_child=1 3 4 -1 -2 -3
right_child=2 5 -4 -5 -6 -7
leaf_value=-0.001112544596545996 -0.016817582803342095 -0.0083576911649544654 0.0028379876818601614 0.017674957064807945 0 0.0002593431074793229
leaf_weight=0.83642433727800636 8.925505521052397 2.1292382585234004 1.7225627644511394 11.346972214843843 0.64803128683706823 0.28662822174374003
leaf_count=489 4257 959 272 351 97 8
internal_value=0.000233522 0.0111216 -0.0125497 0.016073 -0.015771 -0.00700699
internal_weight=25.8954 14.5993 11.2961 12.1834 9.57354 2.41587
internal_count=6433 1807 4626 840 4354 967
is_linear=0
shrinkage=0.025


Tree=97
num_leaves=7
num_cat=0
split_feature=22 27 13 11 21 4
split_gain=8.4853 3.40543 1.6808 0.666102 0.610636 0.202536
threshold=0.59568065404891979 0.12957300245761874 4.2900307178497323 2.2256655693054204 0.94192287325859081 0.89846274256706249
decision_type=2 2 2 2 2 2
left_child=1 2 -1 -2 -3 -5
right_child=3 4 -4 5 -6 -7
leaf_value=-0.0060976841662685292 -0.00068079350304121921 -0.017690149664873089 0.010554154217901271 0 0 0.016189211639849124
leaf_weight=2.207742053549743 0.49394061020575364 9.76731475915585 3.1206493310310179 0.36682684879633498 1.08620677149156 8.7751709018484672
leaf_count=968 90 4853 79 96 151 253
internal_value=0 -0.0102682 0.00343771 0.014483 -0.0163532 0.0156953
internal_weight=25.8179 16.1819 5.32839 9.63594 10.8535 9.142
internal_count=6490 6051 1047 439 5004 349
is_linear=0
shrinkage=0.025


Tree=98
num_leaves=7
num_cat=0
split_feature=21 27 6 22 22 27
split_gain=7.96329 2.68621 1.23895 0.877901 0.663048 0.696603
threshold=0.18243902176618579 0.1673485413193703 4.0995640754699716 0.78700777888298046 1.1237759590148928 0.73201322555542003
decision_type=2 2 2 2 2 2
left_child=4 2 -2 -3 5 -1
right_child=1 3 -4 -5 -6 -7
leaf_value=-0.016836425795249532 0.017091043160867552 -0.0075657635747849675 -0.0016116813570899076 0.00456419447451755 0.00073157173932784719 0.00055480821415568077
leaf_weight=8.0019013770797738 10.41975099031697 3.4294860289955968 0.96004279654880598 1.6671780294855123 0.48003426822833795 0.50774187251227054
leaf_count=4121 377 1406 316 129 16 62
internal_value=0.000287137 0.00998017 0.0151213 -0.00268358 -0.0142491 -0.0155148
internal_weight=25.4661 16.4765 11.3798 5.09666 8.98968 8.50964
internal_count=6427 2228 693 1535 4199 4183
is_linear=0
shrinkage=0.025


Tree=99
num_leaves=7
num_cat=0
split_feature=22 17 13 27 13 23
split_gain=7.52707 5.06926 1.24202 0.671425 0.605596 0.279872
threshold=0.59568065404891979 0.56457394361495983 3.5716581344604497 0.73201322555542003 2.9592347145080571 -5.7159230709075919
decision_type=2 2 2 2 2 2
left_child=1 3 -3 -1 -2 -6
right_child=4 2 -4 -5 5 -7
leaf_value=-0.018875512500731637 -0.00051762191260187938 -0.0044240946561974496 0.010601677460604905 0 0 0.015775826006691696
leaf_weight=9.9383837878267514 0.54688879827153769 1.3616423103085242 3.9795221062377095 0.61020716337952841 0.45986146718496357 7.7381512834836021
leaf_count=5215 110 477 256 86 105 203
internal_value=-0.000441653 -0.010007 0.00587975 -0.0177571 0.0138019 0.0150649
internal_weight=24.6347 15.8898 5.34116 10.5486 8.7449 8.19801
internal_count=6452 6034 733 5301 418 308
is_linear=0
shrinkage=0.025


Tree=100
num_leaves=7
num_cat=0
split_feature=21 13 24 26 13 24
split_gain=7.44062 1.93908 1.8047 0.986498 0.643955 0.0891275
threshold=0.50397130846977245 3.0870565176010136 -3.9611554145812984 -0.79664191603660572 5.4572844505310067 -7.988656520843505
decision_type=2 2 2 2 2 2
left_child=2 5 -1 -3 -4 -2
right_child=1 3 4 -5 -6 -7
leaf_value=0.0033786136311189856 0 0.015973762772814915 -0.016940648359582578 -0.0010802816980844978 0 -0.0050625547708803044
leaf_weight=1.4369552873831697 0.17755837732693169 9.6957280409987998 9.2030926858278708 1.000649238587356 1.2930000049964281 1.5278149393561751
leaf_count=91 2 373 4838 350 398 407
internal_value=-0.00054327 0.010827 -0.0124369 0.0141443 -0.015397 -0.00407962
internal_weight=24.3348 12.4018 11.933 10.6964 10.4961 1.70537
internal_count=6459 1132 5327 723 5236 409
is_linear=0
shrinkage=0.025


Tree=101
num_leaves=7
num_cat=0
split_feature=22 13 26 27 21 27
split_gain=7.39547 2.98648 2.21062 0.661088 0.158788 0.126409
threshold=0.0368129350244999 2.9592347145080571 -0.88315320014953602 0.73201322555542003 1.8383264541625979 -0.021562705747783181
decision_type=2 2 2 2 2 2
left_child=3 4 -3 5 -2 -1
right_child=1 2 -4 -5 -6 -7
leaf_value=0 -0.0080648172428530104 0.017016052288541052 -0.0024002095586626395 0.00061934877575911724 0 -0.016413486713707875
leaf_weight=0.43036300722451404 1.8450398458371631 11.018014775618211 2.6213752805488175 0.49761301762191568 0.26631724089384068 7.3703351849544578
leaf_count=98 573 430 824 65 8 4413
internal_value=0 0.00926083 0.0133063 -0.0146202 -0.00697496 -0.0159428
internal_weight=24.0491 15.7507 13.6394 8.29831 2.11136 7.8007
internal_count=6411 1835 1254 4576 581 4511
is_linear=0
shrinkage=0.025


Tree=102
num_leaves=7
num_cat=0
split_feature=22 27 6 24 5 4
split_gain=7.36859 2.58321 2.05524 0.842036 0.545911 0.0639171
threshold=0.0368129350244999 0.1673485413193703 4.0995640754699716 -3.719550251960754 -0.18626956641674039 -0.29879419505596155
decision_type=2 2 2 2 2 2
left_child=4 2 -2 -3 5 -1
right_child=1 3 -4 -5 -6 -7
leaf_value=-0.0011792981494539718 0.016945925681826523 0.0039440177745313307 -0.0041272852445949628 -0.008250635240380123 -0.015810828094105694 0.0025004186168653005
leaf_weight=0.43024721658730414 10.499877543872568 1.5884325500810508 0.9499944247654647 2.9175901464768685 7.7129954639385705 0.18436727825610422
leaf_count=92 347 147 294 1057 4502 8
internal_value=0 0.00918654 0.0140945 -0.00348098 -0.0145895 5.5072e-05
internal_weight=24.2835 15.9559 11.4499 4.50602 8.32761 0.614614
internal_count=6447 1845 641 1204 4602 100
is_linear=0
shrinkage=0.025


Tree=103
num_leaves=7
num_cat=0
split_feature=21 22 17 5 11 23
split_gain=7.17406 3.15578 1.75909 0.86763 0.31621 0.177514
threshold=0.94192287325859081 0.64817723631858837 0.64880579710006725 4.0390315055847177 2.2256655693054204 -6.29791235923767
decision_type=2 2 2 2 2 2
left_child=1 2 -1 5 -3 -2
right_child=3 4 -4 -5 -6 -7
leaf_value=-0.017198587532575377 0 -0.0011657552352049049 0.0018096466228713509 -0.0012600123806720438 0.0080518791322386398 0.01600824961153658
leaf_weight=10.569001850322822 0.45497455797158082 0.28052871290128623 1.9843555139959779 0.66774323960999105 2.5358950329537038 7.7744498754036586
leaf_count=5461 108 79 402 89 112 218
internal_value=0 -0.00954126 -0.0141782 0.0137552 0.00617575 0.0154617
internal_weight=24.2669 15.3698 12.5534 8.89717 2.81642 8.22942
internal_count=6469 6054 5863 415 191 326
is_linear=0
shrinkage=0.025


Tree=104
num_leaves=7
num_cat=0
split_feature=21 26 6 24 5 22
split_gain=6.74618 2.44604 1.7211 0.812833 0.644278 0.643642
threshold=0.18243902176618579 -0.88315320014953602 3.3648620843887334 -4.7407565116882315 -0.18626956641674039 0.96658754348754894
decision_type=2 2 2 2 2 2
left_child=3 2 -2 -1 -5 -3
right_child=1 5 -4 4 -6 -7
leaf_value=0.0012351886016237679 0.016783741061646235 -0.0080400701291644325 -0.002039849080047975 0.00045770677592937311 -0.016129967483296672 0.0031755310106114931
leaf_weight=0.67352389683946956 10.362149866123216 2.3864677778474284 1.8498121146403708 0.54510831022344053 7.4339425981306722 1.0541118315013589
leaf_count=35 383 1190 635 101 4104 71
internal_value=0.00043289 0.00956052 0.013805 -0.0130754 -0.0147754 -0.00401782
internal_weight=24.3051 15.6525 12.212 8.65257 7.97905 3.44058
internal_count=6519 2279 1018 4240 4205 1261
is_linear=0
shrinkage=0.025


Tree=105
num_leaves=7
num_cat=0
split_feature=22 17 24 2 13 23
split_gain=5.98096 4.83786 0.915265 0.904998 0.719353 0.279087
threshold=0.59568065404891979 0.64880579710006725 0.46687902510166174 1.0000000180025095e-35 2.9592347145080571 -6.29791235923767
decision_type=2 2 2 2 2 2
left_child=1 3 -3 -1 -2 -6
right_child=4 2 -4 -5 5 -7
leaf_value=0 -0.0014844472516775641 0.010210277553740526 -0.0035454285551028554 -0.01872428866004042 0 0.01462282257910695
leaf_weight=1.1500393096794166 0.35888730158330773 3.8744102268392444 0.74851886698161241 9.1224720699246955 0.26561892649624486 7.0837702696881024
leaf_count=165 98 155 387 5352 101 206
internal_value=-0.000870769 -0.0094784 0.00664862 -0.0169459 0.0124557 0.0139679
internal_weight=22.6037 14.8954 4.62293 10.2725 7.70828 7.34939
internal_count=6464 6059 542 5517 405 307
is_linear=0
shrinkage=0.025


Tree=106
num_leaves=7
num_cat=0
split_feature=22 26 6 6 21 22
split_gain=6.08158 2.41372 2.09053 0.542762 0.5393 0.489816
threshold=0.0368129350244999 -0.88315320014953602 4.0995640754699716 0.10924571007490159 1.3386311531066897 0.78700777888298046
decision_type=2 2 2 2 2 2
left_child=3 2 -2 -1 -5 -3
right_child=1 5 -4 4 -6 -7
leaf_value=0.00035412511686864535 0.015875640458680697 -0.0080897417200757396 -0.0045242696256462015 -0.015862929257801455 0 0.0020102448266535395
leaf_weight=0.5626244473533023 10.690475579263873 2.1210659249773012 1.055462687567341 7.0356265837763203 0.64787159580737341 1.1300314085383432
leaf_count=112 492 865 344 4471 40 125
internal_value=-4.55108e-06 0.00850952 0.0128658 -0.0133279 -0.0145672 -0.00473085
internal_weight=23.2432 14.997 11.7459 8.24612 7.6835 3.2511
internal_count=6449 1826 836 4623 4511 990
is_linear=0
shrinkage=0.025


Tree=107
num_leaves=7
num_cat=0
split_feature=22 13 26 17 16 17
split_gain=7.2753 2.42993 1.93626 0.235195 0.213603 0.0131529
threshold=0.0368129350244999 2.9592347145080571 -0.84810379147529591 1.0155803561210635 -1.1682992577552793 1.2634109854698183
decision_type=2 2 2 2 2 2
left_child=3 4 -3 -1 -2 -5
right_child=1 2 -4 5 -6 -7
leaf_value=-0.015883076214982781 0.00039034371850381311 0.015965122267011536 -0.0026197234441754664 0.00077485949105325993 -0.0074657455352565242 -0.00096807163148334937
leaf_weight=7.1462263312278109 0.49743174022296477 10.970606280010541 2.1907864453241919 0.44945474524865847 1.6824231662321825 0.28049803309841082
leaf_count=4507 19 504 738 45 546 64
internal_value=-0.000191986 0.00895429 0.0126579 -0.0150517 -0.00577914 0
internal_weight=23.2174 15.3412 13.1614 7.87618 2.17985 0.729953
internal_count=6423 1807 1242 4616 565 109
is_linear=0
shrinkage=0.025


Tree=108
num_leaves=7
num_cat=0
split_feature=21 19 6 13 27 23
split_gain=6.02402 3.31957 1.03541 0.964396 0.665959 0.0954255
threshold=0.94192287325859081 0.2481057941913605 4.1697216033935556 2.9592347145080571 0.73201322555542003 -6.29791235923767
decision_type=2 2 2 2 2 2
left_child=1 4 5 -3 -1 -2
right_child=2 3 -4 -5 -6 -7
leaf_value=-0.017322656382399906 0 -0.0046071598787239352 -0.0024773928307143507 0.0086231369940778565 0.00028322411480990746 0.014734915924364262
leaf_weight=8.8934481069591129 0.65610549124539819 1.0795199063722964 0.51890023198211555 3.535764504908002 0.55217858732794489 7.0407292608870176
leaf_count=5207 115 384 104 317 79 205
internal_value=-0.000763547 -0.00982394 0.0121201 0.004092 -0.016119 0.0141845
internal_weight=22.2766 14.0609 8.21573 4.61528 9.44563 7.69683
internal_count=6411 5987 424 701 5286 320
is_linear=0
shrinkage=0.025


Tree=109
num_leaves=7
num_cat=0
split_feature=21 13 26 24 5 18
split_gain=6.06804 2.3065 1.26978 0.763848 0.635153 0.29108
threshold=0.18243902176618579 2.9592347145080571 -0.84810379147529591 -5.8370013236999503 -0.18626956641674039 0.53452977538108837
decision_type=2 2 2 2 2 2
left_child=3 5 -3 -1 -5 -2
right_child=1 2 -4 4 -6 -7
leaf_value=0.0012291807744488504 -0.0075259450514403546 0.015443122717823469 -0.00066033380984312142 0.00047573544366154627 -0.015902242400916328 0.00083747417613174368
leaf_weight=0.58452972787199531 1.5895659435336704 10.1914486271271 2.4343101339618434 0.542806631172425 7.1430058486002981 0.94107694787089702
leaf_count=15 622 589 891 101 4138 139
internal_value=5.19704e-05 0.00887197 0.0126771 -0.0128934 -0.0145213 -0.00509481
internal_weight=23.4267 15.1564 12.6258 8.27034 7.68581 2.53064
internal_count=6495 2241 1480 4254 4239 761
is_linear=0
shrinkage=0.025


Tree=110
num_leaves=7
num_cat=0
split_feature=27 13 18 27 24 21
split_gain=5.66387 3.62002 1.04153 0.52407 0.504443 0.269785
threshold=0.17100916057825091 2.9592347145080571 0.33559334278106695 0.73201322555542003 0.18791432678699496 1.8383264541625979
decision_type=2 2 2 2 2 2
left_child=1 5 3 -2 -3 -1
right_child=2 4 -4 -5 -6 -7
leaf_value=-0.0088525492744472595 -0.015379489964539429 0.016070749724517715 0.00085614886561628356 9.7420357831842145e-05 0 0.000582941227570294
leaf_weight=2.2451133817230615 7.3095258608955174 9.6299986658850649 2.0580836204317166 0.58244400832336385 0.56921817714464928 0.25184006016934279
leaf_count=1075 4081 371 455 90 366 5
internal_value=0 0.00951354 -0.0113864 -0.0141577 0.0150948 -0.00731313
internal_weight=22.6462 12.6962 9.95005 7.89197 10.1992 2.49695
internal_count=6443 1817 4626 4171 737 1080
is_linear=0
shrinkage=0.025


Tree=111
num_leaves=6
num_cat=0
split_feature=21 24 13 26 10
split_gain=7.42825 2.48505 0.88945 0.619811 0.078999
threshold=0.94192287325859081 -3.5995274782180782 2.220696330070496 -0.96844109892845143 2.0512316226959233
decision_type=2 2 2 2 2
left_child=1 4 -2 -3 -1
right_child=2 3 -4 -5 -6
leaf_value=0 -0.0017625312122787548 -0.00073452713045125799 0.015181280504629028 -0.016840729814556765 0.0056889922133404039
leaf_weight=0.23212624731240739 0.41115769540192459 3.1581063232733859 8.4511872102739272 8.5461541113763833 1.9778931764303704
leaf_count=37 88 1086 334 4834 116
internal_value=-0.000136131 -0.0104921 0.0135921 -0.0143897 0.00494718
internal_weight=22.7766 13.9143 8.86234 11.7043 2.21002
internal_count=6495 6073 422 5920 153
is_linear=0
shrinkage=0.025


Tree=112
num_leaves=7
num_cat=0
split_feature=22 13 27 5 27 21
split_gain=5.48879 2.61274 1.41204 0.570563 0.146113 0.123037
threshold=0.0368129350244999 2.9592347145080571 0.22468334436416629 -0.18626956641674039 -0.021562705747783181 1.8383264541625979
decision_type=2 2 2 2 2 2
left_child=3 5 -3 -1 -5 -2
right_child=1 2 -4 4 -6 -7
leaf_value=0.0004738462854829025 -0.0077881558586888333 0.015220083678076752 -0.0010048594430007115 0 -0.015227822322067604 0
leaf_weight=0.54054310283390883 1.7861467614275164 9.709400451552936 2.6870222679281133 0.38158727400878056 6.3983389997738422 0.28265607589855779
leaf_count=92 596 424 824 100 4444 11
internal_value=-0.000121003 0.00796352 0.0120659 -0.013352 -0.0147181 -0.00688124
internal_weight=21.7857 14.4652 12.3964 7.32047 6.77993 2.0688
internal_count=6491 1855 1248 4636 4544 607
is_linear=0
shrinkage=0.025


Tree=113
num_leaves=7
num_cat=0
split_feature=21 26 13 24 5 22
split_gain=5.49192 2.28151 1.59977 0.651771 0.63695 0.437055
threshold=0.18243902176618579 -0.88315320014953602 2.220696330070496 -4.7407565116882315 -0.18626956641674039 0.78700777888298046
decision_type=2 2 2 2 2 2
left_child=3 2 -2 -1 -5 -3
right_child=1 5 -4 4 -6 -7
leaf_value=0.00089576822780101147 -0.003560564921540452 -0.0073226321783307867 0.015507249639612562 0.00067763994521825139 -0.015224836727556349 0.0020488151204865719
leaf_weight=0.65199622733052898 0.77769735718902566 2.2626487163943234 10.606435029432758 0.50667205003264904 6.6237006787559958 1.0975836345751302
leaf_count=39 265 1132 739 96 4064 112
internal_value=0.000456923 0.00883807 0.0131341 -0.0121788 -0.0137661 -0.00411937
internal_weight=22.5267 14.7444 11.3841 7.78237 7.13037 3.36023
internal_count=6447 2248 1004 4199 4160 1244
is_linear=0
shrinkage=0.025


Tree=114
num_leaves=7
num_cat=0
split_feature=21 19 5 13 12 23
split_gain=6.70128 3.82833 0.950573 0.941341 0.523843 0.10844
threshold=0.94192287325859081 0.2481057941913605 4.0181686878204355 2.9592347145080571 7.2184128761291513 -6.29791235923767
decision_type=2 2 2 2 2 2
left_child=1 4 5 -3 -1 -2
right_child=2 3 -4 -5 -6 -7
leaf_value=-0.01821494723644548 0 -0.004403790606910222 -0.0020540782001629626 0.0087064484392492328 5.9479379909472904e-05 0.01536424220890914
leaf_weight=8.5107614174921764 0.61898231598024711 1.0463184410182282 0.44748048606561486 3.7087431317631854 0.29721052461536679 7.2028156473970721
leaf_count=5300 115 382 83 340 17 221
internal_value=-0.000432978 -0.0102536 0.0129976 0.00440238 -0.0173474 0.0148114
internal_weight=21.8323 13.563 8.26928 4.75506 8.80797 7.8218
internal_count=6458 6039 419 722 5317 336
is_linear=0
shrinkage=0.025


Tree=115
num_leaves=7
num_cat=0
split_feature=21 13 3 26 24 21
split_gain=5.77822 1.83945 1.16887 0.561809 0.583738 0.233569
threshold=0.35266748070716863 3.047528982162476 1.1059762835502627 -0.38624651730060572 -5.3866806030273429 1.8383264541625979
decision_type=2 2 2 2 2 2
left_child=3 5 -3 4 -1 -2
right_child=1 2 -4 -5 -6 -7
leaf_value=0.00048897836896520241 -0.0065825296672460346 -0.0028423248307346324 0.014485021350915199 0.00064358061238766818 -0.015171014106277756 0.00091499368408647606
leaf_weight=0.49062662600772355 1.3541433789650899 0.50958972537773561 9.9154468326887564 0.50053070385183929 7.5949855008657314 0.57584522769320745
leaf_count=20 560 216 763 70 4730 23
internal_value=-0.000334905 0.00907034 0.0125861 -0.012686 -0.0139194 -0.00439748
internal_weight=20.9412 12.355 10.425 8.58614 8.08561 1.92999
internal_count=6382 1562 979 4820 4750 583
is_linear=0
shrinkage=0.025


Tree=116
num_leaves=7
num_cat=0
split_feature=22 17 6 27 2 23
split_gain=5.92269 3.08502 0.659257 0.651457 0.598131 0.24268
threshold=0.59568065404891979 0.71338036656379711 3.9461137056350712 0.73201322555542003 3.9955312013626103 -5.7159230709075919
decision_type=2 2 2 2 2 2
left_child=1 3 5 -1 -3 -2
right_child=2 4 -4 -5 -6 -7
leaf_value=-0.01706439863587654 0 0.0079490357153920183 -0.0013330949081803395 0.00026670721574885946 -0.0030089335987004795 0.014179302336411301
leaf_weight=8.9076037651539082 0.33205192776222237 2.8294137165066782 0.36228586203651492 0.56170003116130907 0.77638366997416586 6.9096929481602265
leaf_count=5526 112 188 97 85 237 224
internal_value=-0.00101976 -0.0102205 0.0120834 -0.0158675 0.00448599 0.0135355
internal_weight=20.6791 13.0751 7.60403 9.4693 3.6058 7.24174
internal_count=6469 6036 433 5611 425 336
is_linear=0
shrinkage=0.025


Tree=117
num_leaves=7
num_cat=0
split_feature=21 27 24 6 24 27
split_gain=5.07504 2.04838 0.937827 0.84713 0.812227 0.645117
threshold=0.18243902176618579 0.13673096150159839 -3.719550251960754 4.6446580886840829 -4.7407565116882315 0.73201322555542003
decision_type=2 2 2 2 2 2
left_child=4 3 -3 -2 -1 -6
right_child=1 2 -4 -5 5 -7
leaf_value=0.0015457322456508974 0.015799257430396157 0.0053120179805283274 -0.0068098547034309356 -0.0014438526459491919 -0.014926467999163901 0.00082611548529815896
leaf_weight=0.76220374205149788 8.2652500228141399 2.1289327468548427 3.7914176797639811 0.41956405022938348 6.4371840035601071 0.46916310905362468
leaf_count=39 357 149 1579 158 4145 63
internal_value=0.000823687 0.00885006 -0.00144219 0.0142864 -0.0114292 -0.0134339
internal_weight=22.2737 14.6052 5.92035 8.68481 7.66855 6.90635
internal_count=6490 2243 1728 515 4247 4208
is_linear=0
shrinkage=0.025


Tree=118
num_leaves=7
num_cat=0
split_feature=22 13 26 13 23 23
split_gain=5.12605 2.20059 1.07586 0.481968 0.120213 0.0673275
threshold=0.59568065404891979 4.3723306655883798 -0.88315320014953602 2.9592347145080571 -5.1983947753906241 -7.3405051231384268
decision_type=2 2 2 2 2 2
left_child=1 5 -3 -2 -5 -1
right_child=3 2 -4 4 -6 -7
leaf_value=0 -0.0004134101956948218 0.0077100825381719602 -0.0050902653604845633 0 0.013855732667120793 -0.015304782744884804
leaf_weight=0.11314504174515683 0.5233124524820586 3.1757345935329795 3.0519379601028049 0.52960068952233985 6.2997680943662999 6.9807644960237676
leaf_count=28 114 281 1497 116 199 4172
internal_value=-0.000221219 -0.00877606 0.00140716 0.012051 0.0133054 -0.0151184
internal_weight=20.6743 13.3216 6.22767 7.35268 6.82937 7.09391
internal_count=6407 5978 1778 429 315 4200
is_linear=0
shrinkage=0.025


Tree=119
num_leaves=7
num_cat=0
split_feature=21 24 13 7 27 10
split_gain=5.27871 2.67661 0.941955 0.775671 0.216866 0.111952
threshold=0.94192287325859081 -3.5995274782180782 2.220696330070496 5.0887603759765634 0.30564436316490179 1.8534496426582339
decision_type=2 2 2 2 2 2
left_child=1 5 -2 -3 -4 -1
right_child=2 3 4 -5 -6 -7
leaf_value=0 -0.0022291949794868682 -0.015036831161841261 0.014732155900979503 0.00053858940428659532 0 0.0067229187017117708
leaf_weight=0.25817441649269435 0.4846597999567156 9.7762166559987218 6.7685021200886695 1.0505575780116494 0.6183615315821952 2.2351530118030496
leaf_count=27 95 5665 179 253 136 124
internal_value=-6.41262e-05 -0.0088723 0.0120119 -0.0134379 0.0139735 0.00585686
internal_weight=21.1916 13.3201 7.87152 10.8268 7.38686 2.49333
internal_count=6479 6069 410 5918 315 151
is_linear=0
shrinkage=0.025


Tree=120
num_leaves=6
num_cat=0
split_feature=21 12 24 27 22
split_gain=5.75728 1.54613 1.17047 0.999824 0.123732
threshold=0.31097455322742468 2.8835002183914189 -4.7407565116882315 0.22332070767879489 1.3181343674659731
decision_type=2 2 2 2 2
left_child=2 4 -1 -3 -2
right_child=1 3 -4 -5 -6
leaf_value=0.0019820116210387535 -0.0057842634196440109 0.014180883321080175 -0.015831034015361921 -0.00034560218543196029 0.00012005934891310657
leaf_weight=0.87456977897090826 1.1536737658898335 8.5990573196031601 7.1634839965263399 2.4449740747659225 0.25583285989705462
leaf_count=41 325 542 4736 820 4
internal_value=-0.000759344 0.0085404 -0.0133967 0.0114699 -0.00447982
internal_weight=20.4916 12.4535 8.03805 11.044 1.40951
internal_count=6468 1691 4777 1362 329
is_linear=0
shrinkage=0.025


Tree=121
num_leaves=7
num_cat=0
split_feature=21 6 26 24 26 20
split_gain=4.24901 2.10265 1.41085 0.597921 0.594048 0.167898
threshold=0.18243902176618579 3.3648620843887334 -0.88315320014953602 -4.7407565116882315 -0.38624651730060572 0.61580815911293041
decision_type=2 2 2 2 2 2
left_child=3 2 -2 -1 -5 -3
right_child=1 5 -4 4 -6 -7
leaf_value=0.00086416718053755528 0.014816619964633879 -0.0072008661153923782 -0.0015254662228403766 -0.014583242375712794 0.00065424390973449183 0
leaf_weight=0.63127552054356861 8.4993272703140956 1.5088596819259685 2.3722237434703848 6.1756668352609276 0.5026939117524315 0.65457253584463604
leaf_count=32 366 790 954 4176 73 94
internal_value=-1.21858e-05 0.00751052 0.0114997 -0.0115366 -0.0131121 -0.00569785
internal_weight=20.3446 13.035 10.8716 7.30964 6.67836 2.16343
internal_count=6485 2204 1320 4281 4249 884
is_linear=0
shrinkage=0.025


Tree=122
num_leaves=7
num_cat=0
split_feature=18 26 6 11 19 25
split_gain=4.89624 1.07628 0.855793 0.546689 0.553105 0.200772
threshold=0.14817416667938235 -0.89347743988037098 4.6446580886840829 5.8678677082061776 0.62978747487068187 -3.6152582168579097
decision_type=2 2 2 2 2 2
left_child=3 2 -2 4 -1 -3
right_child=1 5 -4 -5 -6 -7
leaf_value=-0.014228240743216339 0.013657483177195048 0.001838987075379284 -0.0019078716444192176 0.00030774584644258936 0 -0.0043599037378534286
leaf_weight=7.1220497215545056 8.1965517931821488 0.67543328640749623 0.52515761143877249 1.0625966169318406 1.149868886801414 1.7279981236642923
leaf_count=4612 498 31 179 331 179 667
internal_value=-0.000328649 0.00896389 0.0119111 -0.0111034 -0.0126038 -0.00170818
internal_weight=20.4597 11.1251 8.72171 9.33452 8.27192 2.40343
internal_count=6497 1375 677 5122 4791 698
is_linear=0
shrinkage=0.025


Tree=123
num_leaves=7
num_cat=0
split_feature=27 6 24 27 21 21
split_gain=4.3611 2.45614 0.968531 0.481359 0.301168 0.218846
threshold=0.17100916057825091 3.3648620843887334 -3.719550251960754 0.73201322555542003 1.8383264541625979 0.0066418247297406205
decision_type=2 2 2 2 2 2
left_child=1 5 -2 -4 -3 -1
right_child=2 4 3 -5 -6 -7
leaf_value=0 0.0019069051520656404 -0.006961950466996907 -0.013816929475722351 0.00025394844604446616 0.0013685372537167778 0.014685347690387799
leaf_weight=0.39339285003370772 1.2990434613602699 2.3391409623727664 7.2651664840377617 0.56207681796513487 0.49625775089953084 7.8034052091825288
leaf_count=179 157 1328 4357 94 9 295
internal_value=0 0.00889012 -0.0101614 -0.0126141 -0.00476337 0.014102
internal_weight=20.1585 11.0322 9.12629 7.82724 2.8354 8.1968
internal_count=6419 1811 4608 4451 1337 474
is_linear=0
shrinkage=0.025


Tree=124
num_leaves=6
num_cat=0
split_feature=22 13 26 21 21
split_gain=5.06407 1.90476 1.38899 0.474502 0.129824
threshold=0.0368129350244999 3.047528982162476 -0.79664191603660572 1.3386311531066897 1.3386311531066897
decision_type=2 2 2 2 2
left_child=3 4 -3 -1 -2
right_child=1 2 -4 -5 -6
leaf_value=-0.014580304259262641 -0.0064907531458276617 0.014035371773240574 -0.0023693070853058572 5.4233246055385621e-05 0
leaf_weight=6.0244493711215936 1.5132486668444465 9.9552745648397813 1.7082483190024493 0.58889727486530308 0.52569105982547615
leaf_count=4574 580 625 630 37 32
internal_value=-0.000130782 0.00773299 0.0112677 -0.0132767 -0.00523986
internal_weight=20.3158 13.7025 11.6635 6.61335 2.03894
internal_count=6478 1867 1255 4611 612
is_linear=0
shrinkage=0.025


Tree=125
num_leaves=7
num_cat=0
split_feature=21 22 17 13 26 5
split_gain=4.40452 1.58614 1.39641 0.803187 0.175413 0.0704867
threshold=0.94192287325859081 0.70655325055122387 0.64880579710006725 2.2659231424331669 -0.80419731140136708 4.1525709629058847
decision_type=2 2 2 2 2 2
left_child=1 2 -1 -2 -5 -3
right_child=3 5 -4 4 -6 -7
leaf_value=-0.014830954651882314 -0.0019995535481182906 0.0048463061411873629 0.0019339655780528681 0.013770329646696387 0 0
leaf_weight=8.4922434609179636 0.44833378554903802 1.5933561670972256 1.8791193949000433 6.0925419746054104 0.61972662271000434 0.35411583521636192
leaf_count=5483 98 73 394 182 135 71
internal_value=-0.000189395 -0.0084621 -0.0117458 0.0111563 0.0130471 0.00399356
internal_weight=19.4794 12.3188 10.3714 7.1606 6.71227 1.94747
internal_count=6436 6021 5877 415 317 144
is_linear=0
shrinkage=0.025


Tree=126
num_leaves=6
num_cat=0
split_feature=21 24 17 13 26
split_gain=4.57463 2.30093 1.03446 0.696616 0.186053
threshold=0.94192287325859081 -3.9611554145812984 0.64880579710006725 2.220696330070496 -0.80633345246314991
decision_type=2 2 2 2 2
left_child=1 -1 -3 -2 -5
right_child=3 2 -4 4 -6
leaf_value=0.0056618343214996127 -0.0015533312182343221 -0.014910981820740849 0.00089534979193740859 0.013930825574908025 0
leaf_weight=2.2059413508395673 0.39154396441881445 8.7228586694400274 1.6418166608491453 6.3104519872140372 0.6276279724552295
leaf_count=111 91 5571 385 197 144
internal_value=0 -0.0082738 -0.0125238 0.0115904 0.0131956
internal_weight=19.9002 12.5706 10.3647 7.32962 6.93808
internal_count=6499 6067 5956 432 341
is_linear=0
shrinkage=0.025


Tree=127
num_leaves=7
num_cat=0
split_feature=22 17 12 4 11 5
split_gain=4.05654 2.6673 0.720409 0.591771 0.365098 0.0733069
threshold=0.70655325055122387 0.64880579710006725 2.8835002183914189 -0.21867321431636808 2.2256655693054204 0.56544014811515819
decision_type=2 2 2 2 2 2
left_child=1 3 -3 -1 -2 -6
right_child=4 2 -4 -5 5 -7
leaf_value=0 -9.545071955879974e-05 -0.0036620328249063611 0.0081216300101218646 -0.015385119062196077 0 0.012636387549236636
leaf_weight=1.122325440883287 0.50920382080948812 0.78151534938660816 3.3963756784796715 7.6926619107252936 0.31010443490231399 5.4393416187376715
leaf_count=221 78 212 354 5332 81 170
internal_value=-0.000506137 -0.00798965 0.00444221 -0.0138094 0.0111232 0.0122805
internal_weight=19.2515 12.9929 4.17789 8.81499 6.25865 5.74945
internal_count=6448 6119 566 5553 329 251
is_linear=0
shrinkage=0.025


Tree=128
num_leaves=7
num_cat=0
split_feature=22 13 2 5 18 4
split_gain=3.25822 1.92742 1.03683 0.524364 0.374807 0.0572711
threshold=0.0368129350244999 2.9592347145080571 1.632316052913666 -0.18626956641674039 0.53452977538108837 -0.29879419505596155
decision_type=2 2 2 2 2 2
left_child=3 -2 -3 5 -5 -1
right_child=1 2 -4 4 -6 -7
leaf_value=-0.00066829468655067237 -0.0069224535358898172 -0.0025820028394360822 0.012045208830200051 -0.014070740933378621 4.9190061260193378e-05 0.002642665867595758
leaf_weight=0.3405698292190209 1.5767031178111199 1.0954703456081905 9.1360909822978993 5.4853884652111464 0.31338845290883899 0.16586980370630122
leaf_count=88 564 368 878 4402 69 7
internal_value=-0.00121948 0.00574162 0.00973529 -0.0115825 -0.0130594 0.00069602
internal_weight=18.1135 11.8083 10.2316 6.30522 5.79878 0.50644
internal_count=6376 1810 1246 4566 4471 95
is_linear=0
shrinkage=0.025


Tree=129
num_leaves=7
num_cat=0
split_feature=21 19 7 13 13 16
split_gain=4.21863 2.54561 0.973369 0.631421 0.607065 0.175324
threshold=0.94192287325859081 0.34062892198562628 5.0887603759765634 2.220696330070496 2.9592347145080571 0.86281535029411327
decision_type=2 2 2 2 2 2
left_child=1 2 -1 -2 -3 -5
right_child=3 4 -4 5 -6 -7
leaf_value=-0.016242185354042288 -0.0014523032672387579 -0.0031949485277581006 0.0010924947606649452 0.013215394167959124 0.0077364921014459916 0
leaf_weight=7.232599255556126 0.37621764524374057 0.75674803699075655 0.9356832579942419 6.0860542085865745 3.0229202527989401 0.47364707825181529
leaf_count=5261 87 292 233 217 243 114
internal_value=-0.000199807 -0.00839468 -0.014121 0.0109963 0.00426289 0.0125703
internal_weight=18.8839 11.948 8.16828 6.93592 3.77967 6.5597
internal_count=6447 6029 5494 418 535 331
is_linear=0
shrinkage=0.025


Tree=130
num_leaves=7
num_cat=0
split_feature=26 22 6 26 1 18
split_gain=3.93722 1.8749 1.53381 0.544382 0.126715 0.0808688
threshold=-1.0014911293983457 0.73933693766593944 4.6446580886840829 -0.38624651730060572 4.6197991371154794 -0.23548559099435803
decision_type=2 2 2 2 2 2
left_child=2 3 5 -2 -3 -1
right_child=1 4 -4 -5 -6 -7
leaf_value=0 -0.013727847329786318 0.0056287003758408484 -0.0040104001899937854 0.00061067698365397738 -0.00016394152986019185 0.013936347572274764
leaf_weight=0.30805551591038227 8.2916299324569973 1.9147190962830785 1.0156053987302582 0.49896491359686379 0.30772689540754061 6.5244919099204735
leaf_count=143 5239 127 474 83 53 306
internal_value=0 -0.00841855 0.0101586 -0.0125344 0.00440304 0.0135976
internal_weight=18.8612 11.013 7.84815 8.79059 2.22245 6.83255
internal_count=6425 5502 923 5322 180 449
is_linear=0
shrinkage=0.025


Tree=131
num_leaves=7
num_cat=0
split_feature=21 6 27 22 27 21
split_gain=3.55392 1.82056 0.844384 0.586739 0.571468 0.240286
threshold=0.22188699990510943 3.3648620843887334 0.31384447216987615 0.85830289125442516 0.73201322555542003 1.8383264541625979
decision_type=2 2 2 2 2 2
left_child=3 2 -2 4 -1 -3
right_child=1 5 -4 -5 -6 -7
leaf_value=-0.01383546762987121 0.013505979452195567 -0.0070999308312528642 -0.00066984854615311006 0.00095696798699468648 0.00074971981842514822 0.00074718598462522178
leaf_weight=5.6100283645064364 8.0807200993585848 1.5336812118184746 1.7099557358014852 0.72231716351234343 0.48960673643159669 0.56759930425323535
leaf_count=4274 567 804 628 42 72 21
internal_value=0 0.00732269 0.0112181 -0.0105484 -0.0122913 -0.0050665
internal_weight=18.7139 11.892 9.79068 6.82195 6.09964 2.10128
internal_count=6408 2020 1195 4388 4346 825
is_linear=0
shrinkage=0.025


Tree=132
num_leaves=7
num_cat=0
split_feature=22 17 7 24 25 29
split_gain=3.75485 3.01205 0.915571 0.863484 0.260694 0.0971989
threshold=0.70655325055122387 0.52673539519310009 5.0887603759765634 0.44985876977443701 -0.67175844311714161 3.5000000000000004
decision_type=2 2 2 2 2 2
left_child=1 2 -1 -3 5 -2
right_child=4 3 -4 -5 -6 -7
leaf_value=-0.015791043329114223 0 0.0087104600884514907 0.0010059176400021332 -0.0039860148267878591 0 0.013181974115128845
leaf_weight=6.8642163455078862 0.54754875802609593 4.2940810400468763 0.95371951302513469 0.87307420033903316 0.44725090557767444 5.3960760823101737
leaf_count=5010 38 284 242 568 103 175
internal_value=0.000429088 -0.00653674 -0.0136613 0.00504522 0.0117878 0.0126301
internal_weight=19.376 12.9851 7.81794 5.16716 6.39088 5.94362
internal_count=6420 6104 5252 852 316 213
is_linear=0
shrinkage=0.025


Tree=133
num_leaves=7
num_cat=0
split_feature=21 19 13 5 24 16
split_gain=4.84104 2.18379 0.763526 0.48135 0.4305 0.0966748
threshold=0.94192287325859081 0.36850512027740484 2.220696330070496 4.0390315055847177 -3.5995274782180782 0.86281535029411327
decision_type=2 2 2 2 2 2
left_child=1 4 -2 -3 -1 -4
right_child=2 3 5 -5 -6 -7
leaf_value=0 -0.001878722168541359 0.0067912382556883063 0.013398316204044334 -0.0028914886995148378 -0.015554855780328431 0
leaf_weight=0.35630822155508202 0.44149099572677997 2.4106217071821443 6.2769543523609173 0.83592824637889851 7.7072099030920089 0.54178531513025507
leaf_count=19 92 168 225 315 5540 108
internal_value=-0.000672789 -0.00968654 0.011083 0.00329869 -0.0146546 0.0128908
internal_weight=18.5703 11.3101 7.26023 3.24655 8.06352 6.81874
internal_count=6467 6042 425 483 5559 333
is_linear=0
shrinkage=0.025


Tree=134
num_leaves=6
num_cat=0
split_feature=21 27 24 13 25
split_gain=4.25597 1.50711 1.02658 0.93543 0.191244
threshold=0.35266748070716863 0.22468334436416629 -4.7407565116882315 2.220696330070496 -4.5618700981140128
decision_type=2 2 2 2 2
left_child=2 3 -1 -2 -3
right_child=1 4 -4 -5 -6
leaf_value=0.0018301382809152483 -0.0023722290608771588 0.00085238926103180929 -0.014822102740774029 0.013106203566573112 -0.005760834908632999
leaf_weight=0.87250600539846423 0.56429606127494292 0.44829103042138685 6.2958626529725752 7.9252474037057254 1.8671637178631497
leaf_count=42 201 12 4876 528 810
internal_value=-0.0012687 0.00727837 -0.0123625 0.0111161 -0.00391863
internal_weight=17.9734 10.805 7.16837 8.48954 2.31545
internal_count=6469 1551 4918 729 822
is_linear=0
shrinkage=0.025


Tree=135
num_leaves=7
num_cat=0
split_feature=27 6 24 27 21 1
split_gain=4.07418 1.95365 1.83401 0.543188 0.211737 0.0950581
threshold=0.12957300245761874 4.0995640754699716 -3.719550251960754 0.73201322555542003 0.041651247069239623 4.4847221374511728
decision_type=2 2 2 2 2 2
left_child=1 4 5 -4 -1 -2
right_child=2 -3 3 -5 -6 -7
leaf_value=0 0.0053796296271332346 -0.0049283298884540451 -0.014184306132039446 0.00048114779601586121 0.01464304821700997 0
leaf_weight=0.29492237794329579 1.6796361802989848 1.218229254329344 7.3091186457750137 0.52896781021263439 7.2360156201466452 0.25397445829003107
leaf_count=164 120 745 4951 87 283 61
internal_value=0.00019452 0.0101673 -0.00873063 -0.0129058 0.0141001 0.00439451
internal_weight=18.5209 8.74917 9.7717 7.83809 7.53094 1.93361
internal_count=6411 1192 5219 5038 447 181
is_linear=0
shrinkage=0.025


Tree=136
num_leaves=7
num_cat=0
split_feature=21 24 7 13 16 10
split_gain=4.06549 2.11719 0.78053 0.709493 0.205829 0.120326
threshold=0.94192287325859081 -3.5995274782180782 5.0887603759765634 2.220696330070496 0.84674474596977245 1.8534496426582339
decision_type=2 2 2 2 2 2
left_child=1 5 -3 -2 -5 -1
right_child=3 2 -4 4 -6 -7
leaf_value=0 -0.0016348016352015441 -0.013856807646392466 0.0010441959207616815 0.013732699693313533 0 0.0063821868352797661
leaf_weight=0.25926633895142126 0.4074266902753142 8.3776984002179216 0.94637442404928229 6.2605705627211137 0.44838366405747354 2.0412704415648477
leaf_count=28 90 5744 248 222 116 121
internal_value=0.000174257 -0.00766086 -0.0120715 0.0113686 0.0130529 0.00538374
internal_weight=18.741 11.6246 9.32407 7.11638 6.70895 2.30054
internal_count=6569 6141 5992 428 338 149
is_linear=0
shrinkage=0.025


Tree=137
num_leaves=7
num_cat=0
split_feature=22 13 26 6 0 19
split_gain=3.53936 1.83275 1.32727 0.501503 0.117403 0.0750054
threshold=0.0368129350244999 2.9592347145080571 -0.84810379147529591 0.10924571007490159 3.5869443416595463 0.34062892198562628
decision_type=2 2 2 2 2 2
left_child=3 4 -3 -1 -2 -5
right_child=1 2 -4 5 -6 -7
leaf_value=0.00086061916465309148 0 0.014149775566455925 -0.0017671185017568199 -0.012515178121500412 -0.006528739842135394 0
leaf_weight=0.48082786517625464 0.22368616941093833 8.7149797072052007 2.1229758766712612 5.0682422498503001 1.4740596700721651 0.42247197832330119
leaf_count=110 24 503 752 4403 567 171
internal_value=0.000432319 0.00753559 0.0110637 -0.0105481 -0.00549959 -0.012077
internal_weight=18.5072 12.5357 10.838 5.97154 1.69775 5.49071
internal_count=6530 1846 1255 4684 591 4574
is_linear=0
shrinkage=0.025


Tree=138
num_leaves=7
num_cat=0
split_feature=27 13 24 21 22 4
split_gain=3.32941 1.65484 1.38591 0.47083 0.32016 0.0321325
threshold=0.12957300245761874 2.220696330070496 -3.719550251960754 0.94192287325859081 -0.25467561185359949 3.7371778488159184
decision_type=2 2 2 2 2 2
left_child=1 -1 5 -4 -3 -2
right_child=2 4 3 -5 -6 -7
leaf_value=-0.0045552886647983277 0.0043093975633672439 0 -0.012828987703071053 0 0.013801504896665751 0
leaf_weight=1.1214549421565623 1.5123687371087715 0.18182212738611259 6.8639704571978637 1.2429583548509979 7.0545267849374795 0.22127510538848572
leaf_count=535 134 240 4893 163 443 42
internal_value=0.000200247 0.00943385 -0.00775712 -0.0112483 0.0130881 0.00387017
internal_weight=18.1984 8.3578 9.84057 8.10693 7.23635 1.73364
internal_count=6450 1218 5232 5056 683 176
is_linear=0
shrinkage=0.025


Tree=139
num_leaves=6
num_cat=0
split_feature=21 26 6 24 22
split_gain=3.64788 1.45476 0.888975 0.496248 0.44247
threshold=0.18243902176618579 -0.88315320014953602 4.0995640754699716 -4.7407565116882315 0.78700777888298046
decision_type=2 2 2 2 2
left_child=3 2 -2 -1 -3
right_child=1 4 -4 -5 -6
leaf_value=0.00041465122678489646 0.012841888692621048 -0.0071111529262713573 -0.0017855046240125867 -0.013333809463775173 0.0023149458924330945
leaf_weight=0.59511057226336639 7.8427709770476195 1.8039565150975243 1.000421326520154 5.234802882747319 1.0730028749967457
leaf_count=37 575 1102 413 4187 112
internal_value=-0.000355322 0.00679637 0.0106884 -0.0118098 -0.00356423
internal_weight=17.5501 11.7202 8.84319 5.82991 2.87696
internal_count=6426 2202 988 4224 1214
is_linear=0
shrinkage=0.025


Tree=140
num_leaves=6
num_cat=0
split_feature=21 19 12 21 24
split_gain=4.06989 2.56345 0.808766 0.440193 0.353748
threshold=0.94192287325859081 0.2481057941913605 2.8835002183914189 0.18243902176618579 -3.5995274782180782
decision_type=2 2 2 2 2
left_child=1 4 -2 -3 -1
right_child=2 3 -4 -5 -6
leaf_value=0 -0.0021312948283772038 -0.0023270870207948873 0.01265903975950008 0.0067726204193939545 -0.015886970698743959
leaf_weight=0.26446053717518303 0.47139755048556153 1.1205535394983597 6.3110565581009723 2.9433111297112191 6.5490628052721158
leaf_count=14 88 501 339 206 5252
internal_value=-0.000322698 -0.0087444 0.0106324 0.00367437 -0.0151007
internal_weight=17.6598 10.8774 6.78245 4.06386 6.81352
internal_count=6400 5973 427 707 5266
is_linear=0
shrinkage=0.025


Tree=141
num_leaves=7
num_cat=0
split_feature=26 5 24 21 24 21
split_gain=3.66546 1.30795 1.17978 0.288954 0.194078 0.187938
threshold=-0.96844109892845143 3.8091342449188237 -3.719550251960754 0.97409975528717052 -5.3866806030273429 0.23880209028720858
decision_type=2 2 2 2 2 2
left_child=1 5 -2 -4 -3 -1
right_child=2 4 3 -5 -6 -7
leaf_value=0 0.0022898016529499755 0.0010952224585879702 -0.01440155642891185 0 -0.0053786968683559146 0.012707733042481205
leaf_weight=0.28036556727602402 1.4937827032845241 0.55844822915969405 6.4734672606064096 1.0262918158550745 1.3140354706629294 5.6261095427034888
leaf_count=192 179 22 4855 152 859 232
internal_value=-0.00157353 0.00815128 -0.0103387 -0.0132638 -0.00314639 0.0121064
internal_weight=16.7725 7.77896 8.99354 7.49976 1.87248 5.90648
internal_count=6491 1305 5186 5007 881 424
is_linear=0
shrinkage=0.025


Tree=142
num_leaves=7
num_cat=0
split_feature=21 19 7 13 13 16
split_gain=3.21637 2.02053 0.876857 0.639408 0.604135 0.128457
threshold=0.94192287325859081 0.28269316256046301 5.0887603759765634 2.220696330070496 2.9592347145080571 0.86281535029411327
decision_type=2 2 2 2 2 2
left_child=1 2 -1 -2 -3 -5
right_child=3 4 -4 5 -6 -7
leaf_value=-0.014467430963086461 -0.0015462103694120664 -0.0031902551549587519 0.0013750346436811635 0.012918154182545875 0.0076927914514187332 0
leaf_weight=6.180644881322225 0.39713998101069492 0.78875550952216178 0.87288821370748326 5.7424319244892104 2.9619160854490474 0.57660219357057929
leaf_count=5111 83 346 246 217 277 118
internal_value=0.000609607 -0.00662153 -0.0122313 0.0106371 0.00417474 0.0122998
internal_weight=17.5204 10.8042 7.05353 6.71617 3.75067 6.31903
internal_count=6398 5980 5357 418 623 335
is_linear=0
shrinkage=0.025


Tree=143
num_leaves=7
num_cat=0
split_feature=21 24 7 13 16 11
split_gain=3.25201 1.37669 0.7309 0.647944 0.0880248 0.0631278
threshold=0.94192287325859081 -3.719550251960754 5.0887603759765634 2.220696330070496 0.86281535029411327 2.2551796436309819
decision_type=2 2 2 2 2 2
left_child=1 5 -3 -2 -5 -1
right_child=3 2 -4 4 -6 -7
leaf_value=0 -0.0016762601419021449 -0.01261752710971881 0.0013051277850787222 0.012371175907356393 0 0.0046888985966320566
leaf_weight=0.31815215863753188 0.41561252708197471 7.8323425380149274 0.88685089221689839 5.6890759583475301 0.38611868476436928 1.5990773101366356
leaf_count=61 92 5643 233 219 109 81
internal_value=0 -0.00733533 -0.0107863 0.0101814 0.0119475 0.00390777
internal_weight=17.1272 10.6364 8.71919 6.49081 6.07519 1.91723
internal_count=6438 6018 5876 420 328 142
is_linear=0
shrinkage=0.025


Tree=144
num_leaves=7
num_cat=0
split_feature=27 22 6 21 27 11
split_gain=3.06822 1.42933 1.21985 0.528365 0.488954 0.0891546
threshold=0.12957300245761874 0.73933693766593944 4.6446580886840829 0.18243902176618579 0.73201322555542003 2.6541662216186528
decision_type=2 2 2 2 2 2
left_child=2 4 3 -1 -2 -3
right_child=1 5 -4 -5 -6 -7
leaf_value=-0.00079238271053544472 -0.012596063609523282 0 -0.0035207732184683719 0.013566370767344186 0.00062036075726880954 0.004797655686529222
leaf_weight=0.33509175455401674 7.0530144752992765 0.12389621138572682 0.91556551607209247 6.4970220854447689 0.50725603947648767 1.8733048233989391
leaf_count=338 4983 34 513 334 92 153
internal_value=0.000136419 -0.00749617 0.00928938 0.0122967 -0.0113178 0.00382708
internal_weight=17.3052 9.55747 7.74768 6.83211 7.56027 1.9972
internal_count=6447 5262 1185 672 5075 187
is_linear=0
shrinkage=0.025


Tree=145
num_leaves=7
num_cat=0
split_feature=22 6 25 17 27 9
split_gain=3.19817 0.991967 0.635125 0.489555 0.509274 0.179889
threshold=0.23162174969911578 4.0995640754699716 1.0596545338630678 0.90056219696998607 0.73201322555542003 2.6980035305023198
decision_type=2 2 2 2 2 2
left_child=3 2 -2 4 -1 -5
right_child=1 -3 -4 5 -6 -7
leaf_value=-0.012337288183869408 0.012586574106027915 -0.0033195225658995292 -0.00064830526847428193 -0.0025132477183036376 0.0008300244350143614 0.00359290034144223
leaf_weight=5.7176640189427443 7.2346111049700959 0.78496831950906276 1.1508342545275807 0.50921695405850176 0.47984200608334493 1.0449517781380562
leaf_count=5112 460 260 276 150 86 36
internal_value=0 0.00834844 0.0107396 -0.00890515 -0.0108442 0.000247611
internal_weight=16.9221 9.17041 8.38545 7.75167 6.19751 1.55417
internal_count=6380 996 736 5384 5198 186
is_linear=0
shrinkage=0.025


Tree=146
num_leaves=7
num_cat=0
split_feature=21 13 27 27 15 19
split_gain=2.84542 1.82016 0.720269 0.526979 0.272769 0.0912246
threshold=0.1884684041142464 2.9592347145080571 0.22468334436416629 0.73201322555542003 2.9407961368560795 1.221763074398041
decision_type=2 2 2 2 2 2
left_child=3 5 -3 4 -1 -2
right_child=1 2 -4 -5 -6 -7
leaf_value=-0.012665455768583744 -0.0063897890021663191 0.012996535424904485 0 0.0011283711631533417 0 0
leaf_weight=4.6972991495713385 1.8158019761758613 7.3275097126315796 2.2783880993447383 0.42762850705184963 0.24306411114230275 0.14625939313555125
leaf_count=4151 760 497 950 66 16 3
internal_value=0 0.00657269 0.0105707 -0.0101239 -0.0118043 -0.00563757
internal_weight=16.936 11.568 9.6059 5.36799 4.94036 1.96206
internal_count=6443 2210 1447 4233 4167 763
is_linear=0
shrinkage=0.025


Tree=147
num_leaves=7
num_cat=0
split_feature=21 13 3 4 22 21
split_gain=2.87324 1.23104 0.786007 0.457297 0.31576 0.162471
threshold=0.22188699990510943 3.047528982162476 1.5253348350524905 -0.21867321431636808 1.1237759590148928 1.8383264541625979
decision_type=2 2 2 2 2 2
left_child=3 5 -3 -1 -5 -2
right_child=1 2 -4 4 -6 -7
leaf_value=0.00073259856467075026 -0.0054704685130216521 -0.001583465543321495 0.012036938881726284 -0.012643516277536376 0 0.0006243511446396582
leaf_weight=0.51158829083578972 1.5116582213959184 1.0568669822387144 7.9100247190508526 4.7302617687455513 0.35284661373589177 0.52593314176192496
leaf_count=129 714 399 917 4245 15 20
internal_value=0 0.00670966 0.00999194 -0.0100743 -0.0116057 -0.00368332
internal_weight=16.5992 11.0045 8.96689 5.5947 5.08311 2.03759
internal_count=6439 2050 1316 4389 4260 734
is_linear=0
shrinkage=0.025


Tree=148
num_leaves=7
num_cat=0
split_feature=22 13 17 11 23 25
split_gain=2.86702 2.16357 1.09335 0.268575 0.158576 0.142028
threshold=0.67286008596420299 4.2282896041870126 0.52673539519310009 2.2256655693054204 -5.4501814842224112 -4.5618700981140128
decision_type=2 2 2 2 2 2
left_child=1 5 -3 -2 -5 -1
right_child=3 2 -4 4 -6 -7
leaf_value=0 0 -0.0043236300065774549 0.0088177677732417005 0 0.011962392440318442 -0.014148788356013057
leaf_weight=0.32011677598347965 0.43392700297408637 2.771891858195886 3.098215848163818 0.26790815385174926 4.8501047608733643 4.9844219118385817
leaf_count=34 77 1773 220 101 170 4033
internal_value=4.904e-05 -0.0063362 0.00290295 0.0104058 0.0113804 -0.0136145
internal_weight=16.7266 11.1746 5.87011 5.55194 5.11801 5.30454
internal_count=6408 6060 1993 348 271 4067
is_linear=0
shrinkage=0.025


Tree=149
num_leaves=7
num_cat=0
split_feature=27 13 22 27 22 16
split_gain=2.70877 1.88107 0.425686 0.448676 0.300414 0.110312
threshold=0.17100916057825091 2.9592347145080571 0.78700777888298046 0.73201322555542003 -0.098771106451749788 -1.1682992577552793
decision_type=2 2 2 2 2 2
left_child=1 5 3 -2 -3 -1
right_child=2 4 -4 -5 -6 -7
leaf_value=0 -0.011839520661790656 -1.4581705585382429e-06 0.00040554314456364948 0.00061806391163612365 0.012709314897018254 -0.0062756228650369221
leaf_weight=0.46865360578522119 5.8583502117253365 0.22027853695180954 1.0419286776304941 0.50885964525514271 6.6996351377456449 1.5426101916818895
leaf_count=30 4375 317 149 99 397 1071
internal_value=-0.00019408 0.00716457 -0.00888076 -0.0104602 0.0119495 -0.00518821
internal_weight=16.3403 8.93118 7.40914 6.36721 6.91991 2.01126
internal_count=6438 1815 4623 4474 714 1101
is_linear=0
shrinkage=0.025


Tree=150
num_leaves=7
num_cat=0
split_feature=21 27 24 27 24 24
split_gain=2.63 1.0342 0.719189 0.507703 0.320363 0.170019
threshold=0.18243902176618579 0.22468334436416629 0.44985876977443701 0.73201322555542003 -3.719550251960754 -4.7407565116882315
decision_type=2 2 2 2 2 2
left_child=3 2 -2 5 -3 -1
right_child=1 4 -4 -5 -6 -7
leaf_value=0 0.011705015686596834 0.0021941341557430052 -0.0019994060855479607 0.0011596474295480716 -0.0055660214671555026 -0.012043972299704282
leaf_weight=0.34743368448107581 7.5609418498061114 1.1778745553165202 0.47274232060590282 0.42255504292552348 1.8579280546764492 4.4521715630326089
leaf_count=34 653 124 330 61 1101 4118
internal_value=8.1262e-06 0.00654766 0.0099614 -0.00966474 -0.00228556 -0.0113609
internal_weight=16.2916 11.0695 8.03368 5.22216 3.0358 4.79961
internal_count=6421 2208 983 4213 1225 4152
is_linear=0
shrinkage=0.025


Tree=151
num_leaves=7
num_cat=0
split_feature=22 12 19 14 12 25
split_gain=2.48116 1.18986 0.491201 0.315268 0.259317 0.182362
threshold=0.6228691339492799 5.2487237453460702 0.27443808317184454 0.35004997253417974 2.612237930297852 -0.18090753257274625
decision_type=2 2 2 2 2 2
left_child=1 2 -1 -3 -2 -6
right_child=4 3 -4 -5 5 -7
leaf_value=-0.013067412343922969 -0.00010573135304222368 0.0052237998885870602 0 -0.0023608731877115957 0.010609425614370591 0
leaf_weight=5.5002988868727716 0.41551962192170222 2.4038515973225008 1.8710926526255205 1.0609190317554746 4.3911467442085268 0.43077458601328533
leaf_count=4583 73 720 469 339 203 117
internal_value=-0.000737815 -0.00702317 -0.0109597 0.0021403 0.00873477 0.00979892
internal_weight=16.0736 10.8362 7.37139 3.46477 5.23744 4.82192
internal_count=6504 6111 5052 1059 393 320
is_linear=0
shrinkage=0.025


Tree=152
num_leaves=7
num_cat=0
split_feature=21 19 5 13 20 26
split_gain=3.09709 1.69468 0.483186 0.459186 0.357883 0.315274
threshold=0.94192287325859081 0.28269316256046301 3.6605139970779423 2.9592347145080571 1.5094720721244814 -0.80633345246314991
decision_type=2 2 2 2 2 2
left_child=1 4 5 -3 -1 -2
right_child=2 3 -4 -5 -6 -7
leaf_value=-0.014755839214612333 0.011685491588458699 -0.0032837069547501209 -0.0010991061644102156 0.0059845201111743025 0 -9.9879533064279387e-05
leaf_weight=5.9660645251205988 4.681001366552664 0.80892182362731579 0.58611159978318017 2.6379246830183547 0.62227940679440497 0.37127588226576413
leaf_count=5266 183 362 109 282 156 141
internal_value=-0.00152479 -0.00876104 0.00883132 0.00241327 -0.0136653 0.0105788
internal_weight=15.6736 10.0352 5.63839 3.44685 6.58834 5.05228
internal_count=6499 6066 433 644 5422 324
is_linear=0
shrinkage=0.025


Tree=153
num_leaves=7
num_cat=0
split_feature=22 17 7 12 25 5
split_gain=2.52964 1.87315 0.815948 0.61177 0.326913 0.0461244
threshold=0.70655325055122387 0.64880579710006725 5.0887603759765634 3.0009840726852421 -0.18090753257274625 4.0563411712646493
decision_type=2 2 2 2 2 2
left_child=1 2 -1 -3 5 -2
right_child=4 3 -4 -5 -6 -7
leaf_value=-0.013831764545168927 0.011355896262916538 -0.0033660492058535229 0.0013254539801895566 0.0075293036816261776 -0.00036650490926190917 0
leaf_weight=6.1552111258861277 4.3507918507093564 0.73238067090278525 0.87931197585567122 3.1351488938380498 0.33023877639789034 0.63287627010140557
leaf_count=5270 139 230 252 340 108 73
internal_value=0 -0.0061814 -0.0116543 0.00402666 0.00971486 0.0108579
internal_weight=16.216 10.9021 7.03452 3.86753 5.31391 4.98367
internal_count=6412 6092 5522 570 320 212
is_linear=0
shrinkage=0.025


Tree=154
num_leaves=7
num_cat=0
split_feature=27 22 13 27 22 8
split_gain=2.74867 1.38313 1.24574 0.480369 0.263571 0.0259663
threshold=0.12957300245761874 0.85830289125442516 2.220696330070496 0.73201322555542003 -0.25467561185359949 2.2559831142425542
decision_type=2 2 2 2 2 2
left_child=2 3 -1 -2 -4 -3
right_child=1 5 4 -5 -6 -7
leaf_value=-0.0038178447618519916 -0.012664078696666024 0 0 0.00055658949181878971 0.012549445185975236 0.0043540973910956519
leaf_weight=0.96193054439936787 6.6192132940777793 0.30177473864750926 0.1638708455939194 0.51894874381832767 6.2379802956711501 1.3409937508258734
leaf_count=525 5049 65 234 100 447 52
internal_value=0 -0.00764047 0.00859533 -0.0113547 0.011865 0.00395649
internal_weight=16.1447 8.78093 7.36378 7.13816 6.40185 1.64277
internal_count=6472 5266 1206 5149 681 117
is_linear=0
shrinkage=0.025


Tree=155
num_leaves=7
num_cat=0
split_feature=21 13 27 5 24 18
split_gain=2.4683 1.23224 0.862381 0.464122 0.311775 0.182491
threshold=0.1884684041142464 2.9592347145080571 0.26023676991462713 -0.18626956641674039 -4.7407565116882315 0.53452977538108837
decision_type=2 2 2 2 2 2
left_child=3 5 -3 -1 -5 -2
right_child=1 2 -4 4 -6 -7
leaf_value=0.0011057500133606194 -0.0057833023182631213 0.012458745692940955 -0.0010054950347654224 1.0797853761580813e-05 -0.011826930730513642 0.00063610496600100225
leaf_weight=0.43956759538559786 1.2623984400343027 7.4324250655699853 1.92767748368351 0.41967628599377427 4.3055777275731097 0.80156655957398459
leaf_count=98 630 607 859 31 4101 138
internal_value=0.00052882 0.00664572 0.00986599 -0.00899997 -0.0106679 -0.00371986
internal_weight=16.5889 11.4241 9.3601 5.16482 4.72525 2.06396
internal_count=6464 2234 1466 4230 4132 768
is_linear=0
shrinkage=0.025


Tree=156
num_leaves=7
num_cat=0
split_feature=27 6 24 27 21 10
split_gain=2.4528 1.33836 1.07543 0.518989 0.182126 0.0736281
threshold=0.12957300245761874 4.0995640754699716 -3.719550251960754 0.73201322555542003 0.041651247069239623 2.3752938508987431
decision_type=2 2 2 2 2 2
left_child=1 4 5 -4 -1 -2
right_child=2 -3 3 -5 -6 -7
leaf_value=0 -0.00018522628026930649 -0.0045013744348372424 -0.013077066591111667 0.00066280551276154853 0.01179540019547679 0.0036745821309003704
leaf_weight=0.30006903850153399 0.12928804039256547 1.1293170756689503 6.0859437917897585 0.5062699366826563 5.3266115206715767 1.5505945386976234
leaf_count=183 38 771 4993 96 278 145
internal_value=-0.00104723 0.00720717 -0.0084351 -0.011652 0.0111576 0.00252559
internal_weight=15.0281 6.756 8.2721 6.59221 5.62668 1.67988
internal_count=6504 1232 5272 5089 461 183
is_linear=0
shrinkage=0.025


Tree=157
num_leaves=7
num_cat=0
split_feature=21 24 13 27 16 11
split_gain=2.54878 1.06855 0.638946 0.421342 0.187668 0.119595
threshold=0.94192287325859081 -3.5995274782180782 2.220696330070496 0.73201322555542003 0.82914096117019664 2.2551796436309819
decision_type=2 2 2 2 2 2
left_child=1 5 -2 -3 -4 -1
right_child=2 3 4 -5 -6 -7
leaf_value=-0.00044842203087973748 -0.001797532186331911 -0.010770150152286282 0.012066261422034867 0.00073473317986740851 0 0.0048269847203683486
leaf_weight=0.16809478288632718 0.44941617327276695 7.594049088584141 5.1551168970836443 0.49498311389470462 0.40073410338663951 1.6407218844105953
leaf_count=60 97 5819 223 94 113 99
internal_value=9.37706e-05 -0.00641806 0.00943415 -0.00957691 0.0113559 0.00344952
internal_weight=15.9031 9.89785 6.00527 8.08903 5.55585 1.80882
internal_count=6505 6072 433 5913 336 159
is_linear=0
shrinkage=0.025


Tree=158
num_leaves=5
num_cat=0
split_feature=21 6 26 22
split_gain=2.30078 1.7549 0.800836 0.0970447
threshold=0.0066418247297406205 3.272639393806458 -0.88315320014953602 1.0463464856147768
decision_type=2 2 2 2
left_child=-1 2 -2 -3
right_child=1 3 -4 -5
leaf_value=-0.010304892722198167 0.012560727935199438 -0.0065033003107884931 -8.0962383304150008e-06 0
leaf_weight=3.4338914822728848 7.0565439652054902 2.0681261123027066 2.9692659058491699 0.26058362214826036
leaf_count=3177 468 1302 1520 18
internal_value=0.000188838 0.00559428 0.00965834 -0.00570202
internal_weight=15.7884 12.3545 10.0258 2.32871
internal_count=6485 3308 1988 1320
is_linear=0
shrinkage=0.025


Tree=159
num_leaves=7
num_cat=0
split_feature=27 22 13 27 22 1
split_gain=2.32352 1.44905 1.15637 0.445984 0.285521 0.0656425
threshold=0.12957300245761874 0.73933693766593944 2.220696330070496 0.73201322555542003 -0.25467561185359949 4.3172209262847909
decision_type=2 2 2 2 2 2
left_child=2 3 -1 -2 -4 -3
right_child=1 5 4 -5 -6 -7
leaf_value=-0.0035256515419413159 -0.011859560949459225 0.0052078845462436687 0 0.00058933947874191094 0.012579090554508641 0
leaf_weight=0.90012461868173055 6.1864483907629602 1.7105053530904117 0.17884972485626338 0.51396260526962567 6.1147004090671544 0.31578382468433108
leaf_count=515 4977 111 224 96 444 67
internal_value=0.000709657 -0.00622465 0.00873734 -0.0105267 0.0118291 0.0044793
internal_weight=15.9204 8.7267 7.19367 6.70041 6.29355 2.02629
internal_count=6434 5251 1183 5073 668 178
is_linear=0
shrinkage=0.025


Tree=160
num_leaves=7
num_cat=0
split_feature=22 12 25 15 19 5
split_gain=2.00007 0.973275 0.282724 0.263927 0.249244 0.135877
threshold=0.70655325055122387 5.2487237453460702 -0.18090753257274625 0.29623296856880194 0.32701821625232702 4.4266846179962167
decision_type=2 2 2 2 2 2
left_child=1 4 5 -3 -1 -2
right_child=2 3 -4 -5 -6 -7
leaf_value=-0.011180711558621723 0.01019763963939751 0.0049077739147855128 -0.00040742307982259246 -0.0020523498832419836 0 0
leaf_weight=5.4779243492012011 3.9625059342652094 2.2735344530010484 0.32764776793192218 0.9981006178059032 1.4797794030091607 0.42875234666280437
leaf_count=4674 142 641 120 414 398 61
internal_value=-0.000354092 -0.00617793 0.00831084 0.00207174 -0.009824 0.00949744
internal_weight=14.9482 10.2293 4.71891 3.27164 6.9577 4.39126
internal_count=6450 6127 323 1055 5072 203
is_linear=0
shrinkage=0.025


Tree=161
num_leaves=7
num_cat=0
split_feature=22 17 7 13 25 6
split_gain=2.26081 1.59691 0.82228 0.667485 0.285615 0.0481797
threshold=0.70655325055122387 0.55342271924018871 5.0887603759765634 4.1172935962677011 -0.28035981953144068 3.3845950365066533
decision_type=2 2 2 2 2 2
left_child=1 2 -1 -3 5 -2
right_child=4 3 -4 -5 -6 -7
leaf_value=-0.014107796568144725 0.010485099462289085 -0.0035420876463581712 0.0012993188712666283 0.0073934985782122993 -0.00029483929160884848 0
leaf_weight=5.3436337654638901 3.966142575343838 1.4903298806166274 0.87173153086041555 2.6106597392790718 0.32914779437123876 0.4708110159554052
leaf_count=5116 139 570 250 214 113 69
internal_value=-0.000267638 -0.00644844 -0.0117737 0.00297002 0.00892288 0.0100629
internal_weight=15.0825 10.3164 6.21537 4.10099 4.7661 4.43695
internal_count=6471 6150 5366 784 321 208
is_linear=0
shrinkage=0.025


Tree=162
num_leaves=7
num_cat=0
split_feature=22 26 6 6 25 6
split_gain=2.1449 1.35024 1.12993 0.476213 0.248043 0.0531343
threshold=0.0368129350244999 -0.88315320014953602 4.0995640754699716 0.10924571007490159 -3.6152582168579097 0.050416095182299621
decision_type=2 2 2 2 2 2
left_child=3 2 -2 5 -3 -1
right_child=1 4 -4 -5 -6 -7
leaf_value=-0.00039579970794670387 0.012208499581281035 0.00099828079677927368 -0.0032673298360285084 -0.011110253554922733 -0.0065945263585949349 0.002728723090431975
leaf_weight=0.29667222045827735 7.3979403767007152 0.65733225399162565 0.8144435135036473 4.1791034084453713 1.6384834947893976 0.15403496391809313
leaf_count=103 505 43 364 4486 962 10
internal_value=0 0.00567329 0.00954503 -0.0093475 -0.00436963 0.00104895
internal_weight=15.138 10.5082 8.21238 4.62981 2.29582 0.450707
internal_count=6473 1874 869 4599 1005 113
is_linear=0
shrinkage=0.025


Tree=163
num_leaves=7
num_cat=0
split_feature=27 5 24 24 19 24
split_gain=2.54427 1.5213 0.615343 0.499091 0.146741 0.118452
threshold=0.1695247292518616 4.0390315055847177 -3.719550251960754 0.44985876977443701 0.57990548014640819 -5.3866806030273429
decision_type=2 2 2 2 2 2
left_child=1 3 -2 -1 -4 -3
right_child=2 5 4 -5 -6 -7
leaf_value=0.012386018175565866 0.001071729910269923 0 -0.011947334394485235 -0.00091445135228878564 0 -0.0058310092455872179
leaf_weight=6.3178418266979843 1.107699664440587 0.37019574688747514 5.0920600647295959 0.33799001635634329 0.37849370548792638 1.4227243000132146
leaf_count=416 149 18 4417 419 57 967
internal_value=-0.00041471 0.00680274 -0.00915888 0.0110719 -0.0113499 -0.00460969
internal_weight=15.027 8.44875 6.57825 6.65583 5.47055 1.79292
internal_count=6443 1820 4623 835 4474 985
is_linear=0
shrinkage=0.025


Tree=164
num_leaves=7
num_cat=0
split_feature=21 24 5 17 20 23
split_gain=2.79967 1.35189 0.552934 0.525445 0.254192 0.0274552
threshold=0.94192287325859081 -3.5995274782180782 4.0181686878204355 0.55342271924018871 1.2629154324531557 0.15116026997566226
decision_type=2 2 2 2 2 2
left_child=1 5 4 -3 -2 -1
right_child=2 3 -4 -5 -6 -7
leaf_value=0.0035360530857312614 0.011071144249507867 -0.014526947041597403 -0.0017992952586797205 0 0 0
leaf_weight=1.4934696795535263 4.5672613515926068 5.5815915552884681 0.44302139442879696 1.520181207473797 0.41825212289404579 0.25942145162844088
leaf_count=119 217 5290 86 574 130 31
internal_value=-0.00176092 -0.00900612 0.00810954 -0.0125454 0.010076 0.00307933
internal_weight=14.2832 8.85466 5.42853 7.10177 4.98551 1.75289
internal_count=6447 6014 433 5864 347 150
is_linear=0
shrinkage=0.025


Tree=165
num_leaves=7
num_cat=0
split_feature=22 17 12 12 13 23
split_gain=2.77267 1.73289 0.438056 0.323573 0.267784 0.234916
threshold=0.70655325055122387 0.56457394361495983 2.8835002183914189 7.2184128761291513 2.5992114543914799 -6.29791235923767
decision_type=2 2 2 2 2 2
left_child=1 3 -3 -1 -2 -6
right_child=4 2 -4 -5 5 -7
leaf_value=-0.014128368980281648 -0.0002521030225296209 -0.0031162221834602419 0.0059152566850066042 0 0 0.01110706653669313
leaf_weight=5.612806059943976 0.20160774412215765 0.71186042908811975 3.0541298698226456 0.28536537618492719 0.22304530000837974 4.4401356776579632
leaf_count=5343 52 239 528 23 89 183
internal_value=-0.000860608 -0.00781953 0.0026914 -0.01326 0.00928657 0.0102628
internal_weight=14.529 9.66416 3.76599 5.89817 4.86479 4.66318
internal_count=6457 6133 767 5366 324 272
is_linear=0
shrinkage=0.025


Tree=166
num_leaves=6
num_cat=0
split_feature=21 6 25 21 24
split_gain=1.71299 1.31488 0.472775 0.194975 0.157195
threshold=0.018845100887119774 3.2023401260375981 2.705929279327393 1.8383264541625979 -4.7407565116882315
decision_type=2 2 2 2 2
left_child=4 2 -2 -3 -1
right_child=1 3 -4 -5 -6
leaf_value=0 0.010330621244765224 -0.0063906228566565117 -0.00040207369572787827 0.00057499304447536435 -0.0099072698143741998
leaf_weight=0.30498024480766561 7.2109670572681335 2.018812713809893 1.4317511380941139 0.51644090999616299 3.306556960007585
leaf_count=24 1144 1296 731 22 3227
internal_value=0 0.00467476 0.00859879 -0.00470225 -0.00912519
internal_weight=14.7895 11.178 8.64272 2.53525 3.61154
internal_count=6444 3193 1875 1318 3251
is_linear=0
shrinkage=0.025


Tree=167
num_leaves=7
num_cat=0
split_feature=27 5 21 27 22 17
split_gain=2.2115 0.953591 0.653748 0.719377 0.280534 0.14009
threshold=0.11264026537537576 4.510911464691163 0.94192287325859081 0.70389392971992504 -0.098771106451749788 0.82996404170990001
decision_type=2 2 2 2 2 2
left_child=1 4 3 -2 -1 -4
right_child=2 -3 5 -5 -6 -7
leaf_value=-9.3427378557556231e-05 -0.012499533743052639 -0.0033243931212493319 0.0035125863487190136 0.0015498097504874158 0.011520929306660242 -0.0016716255864418642
leaf_weight=0.21414967175223854 5.3704488836810906 0.85127772608393559 1.4564387264035756 0.70551716240152007 4.9044125054060723 0.50693114024761587
leaf_count=253 5046 511 133 121 237 151
internal_value=-0.000691303 0.00744486 -0.0077504 -0.0103407 0.0106113 0.00103732
internal_weight=14.0092 5.96984 8.03934 6.07597 5.11856 1.96337
internal_count=6452 1001 5451 5167 490 284
is_linear=0
shrinkage=0.025


Tree=168
num_leaves=7
num_cat=0
split_feature=27 13 24 26 18 26
split_gain=1.7752 1.26827 0.500932 0.497073 0.344957 0.0686442
threshold=0.17100916057825091 2.220696330070496 0.44985876977443701 -0.38624651730060572 0.46275307238101965 -0.35065858066081995
decision_type=2 2 2 2 2 2
left_child=1 -1 -3 4 -2 -5
right_child=3 2 -4 5 -6 -7
leaf_value=-0.0047590886543963633 -0.01061758201921802 0.011355505119378551 -0.0011263946931628379 0.0032565488386699657 0 -0.00038999804617111886
leaf_weight=1.1899465338210573 4.8622434971912298 6.3805961216567084 0.3896828947472385 0.40170226789632579 1.1321349786448989 0.27429700235370535
leaf_count=677 4241 573 580 25 296 84
internal_value=0 0.00626555 0.00993277 -0.00717452 -0.00902855 0.00163565
internal_weight=14.6306 7.96023 6.77028 6.67038 5.99438 0.675999
internal_count=6476 1830 1153 4646 4537 109
is_linear=0
shrinkage=0.025


Tree=169
num_leaves=7
num_cat=0
split_feature=21 19 27 6 13 26
split_gain=2.03285 1.04278 0.571064 0.488935 0.421409 0.184485
threshold=0.94192287325859081 0.19702113419771197 0.73201322555542003 4.1697216033935556 2.9592347145080571 -0.80633345246314991
decision_type=2 2 2 2 2 2
left_child=1 2 -1 5 -3 -2
right_child=3 4 -4 -5 -6 -7
leaf_value=-0.012995262004829212 0.010471826125664149 -0.0035491385894560329 0.0010120625798825673 -0.001624082929271185 0.0052221289822137725 0
leaf_weight=4.7840530768371519 4.2487322339511593 0.85988630276551736 0.44903697901463591 0.41955304346629407 2.6871010228205705 0.54573023685952726
leaf_count=5076 176 435 84 101 423 142
internal_value=-0.000579481 -0.0069692 -0.0112753 0.00771287 0.00153218 0.00958002
internal_weight=13.9941 8.78008 5.23309 5.21402 3.54699 4.79446
internal_count=6437 6018 5160 419 858 318
is_linear=0
shrinkage=0.025


Tree=170
num_leaves=7
num_cat=0
split_feature=27 13 22 27 22 9
split_gain=1.82454 1.06977 0.846628 0.432223 0.29969 0.0755454
threshold=0.12957300245761874 2.220696330070496 0.73933693766593944 0.73201322555542003 -0.098771106451749788 2.0227433443069462
decision_type=2 2 2 2 2 2
left_child=1 -1 3 -2 -3 -4
right_child=2 4 5 -5 -6 -7
leaf_value=-0.0035132658452380868 -0.01017235622812075 -0.00012993512926028785 -1.3466051394336142e-05 0.0010413265266699797 0.011993285825801722 0.0040917375831379006
leaf_weight=0.90630086932651543 5.9991575857784465 0.20294720026868152 0.16663735058682494 0.43783052246726573 5.6057246055424912 1.556674613333598
leaf_count=524 4992 302 45 87 368 136
internal_value=0.000694575 0.00796169 -0.00556341 -0.00874136 0.0111273 0.00305037
internal_weight=14.8753 6.71497 8.1603 6.43699 5.80867 1.72331
internal_count=6454 1194 5260 5079 670 181
is_linear=0
shrinkage=0.025


Tree=171
num_leaves=7
num_cat=0
split_feature=26 25 5 13 18 22
split_gain=2.32867 1.02732 1.02381 0.56389 0.134225 0.0968471
threshold=-0.99626988172531117 0.76623818278312694 4.1350474357604989 4.0745751857757577 1.1967553496360781 -0.098771106451749788
decision_type=2 2 2 2 2 2
left_child=2 3 5 -2 -3 -1
right_child=1 4 -4 -5 -6 -7
leaf_value=0 -0.0041854908377378132 -0.012735398656374828 -0.0029675949760054354 0.0057278623646337418 0 0.011812560464867308
leaf_weight=0.28021900742169226 1.8057760681258495 4.0660782588238362 1.2004183594399362 2.2677090186189162 0.11511395405977953 4.6934835215797657
leaf_count=153 913 4254 636 271 2 194
internal_value=-0.00023499 -0.00752072 0.00795313 0.000759678 -0.012289 0.0113819
internal_weight=14.4288 8.25468 6.17412 4.07349 4.18119 4.9737
internal_count=6423 5440 983 1184 4256 347
is_linear=0
shrinkage=0.025


Tree=172
num_leaves=7
num_cat=0
split_feature=6 25 26 1 0 24
split_gain=1.69076 1.80373 0.572182 0.150729 0.0341726 0.0359895
threshold=3.3648620843887334 0.76623818278312694 -1.0135286450386045 2.010175466537476 3.5869443416595463 -5.8370013236999503
decision_type=2 2 2 2 2 2
left_child=1 3 -3 -1 -2 -6
right_child=4 2 -4 -5 5 -7
leaf_value=0 0 0.0026729808726598204 -0.0078624940870689088 0.010744706170171004 0 -0.010225248867593833
leaf_weight=0.12425506679573839 0.39605146486428688 0.98188204127654799 3.412869984997088 6.281520725118753 0.12270334927598092 2.8127485181103107
leaf_count=102 295 57 3180 631 13 2211
internal_value=-0.000353699 0.00425524 -0.00467353 0.0102923 -0.00963236 -0.0100052
internal_weight=14.132 10.8005 4.39475 6.40578 3.3315 2.93545
internal_count=6489 3970 3237 733 2519 2224
is_linear=0
shrinkage=0.025


Tree=173
num_leaves=7
num_cat=0
split_feature=21 24 7 13 26 10
split_gain=1.72506 1.01528 0.655995 0.415583 0.16003 0.0620272
threshold=0.94192287325859081 -3.5995274782180782 5.0887603759765634 2.220696330070496 -0.80633345246314991 2.0512316226959233
decision_type=2 2 2 2 2 2
left_child=1 5 -3 -2 -5 -1
right_child=3 2 -4 4 -6 -7
leaf_value=0 -0.001340249083456279 -0.011440954193046117 0.0014655889317178512 0.0099979924191956181 0 0.0042159504637111437
leaf_weight=0.20460850858944368 0.3843233899970081 6.2734954482511958 0.82205407353467297 4.0805865933944006 0.54995484856772225 1.5586217646632574
leaf_count=41 92 5675 251 187 137 110
internal_value=-0.000213444 -0.00613381 -0.00944123 0.00746177 0.00915784 0.00339183
internal_weight=13.8736 8.85878 7.09555 5.01486 4.63054 1.76323
internal_count=6493 6077 5926 416 324 151
is_linear=0
shrinkage=0.025


Tree=174
num_leaves=7
num_cat=0
split_feature=25 6 0 21 0 24
split_gain=1.56628 1.46315 0.4145 0.362515 0.102918 0.0820345
threshold=0.76623818278312694 3.2023401260375981 0.95591256022453319 1.0661486983299258 1.8488806486129763 -5.3866806030273429
decision_type=2 2 2 2 2 2
left_child=1 4 -2 -4 -1 -3
right_child=2 5 3 -5 -6 -7
leaf_value=0 0.00073412821256481787 0 -0.0113257675949735 0 0.010301793107503107 -0.0057653204678121146
leaf_weight=0.091704144775574536 0.97765025179978771 0.35434393462492186 3.6082434102281695 0.93736503248510405 5.9663773806460085 1.7750348007830323
leaf_count=58 298 24 4300 123 601 1011
internal_value=-0.000312042 0.00521723 -0.00768684 -0.00958859 0.00997145 -0.00493916
internal_weight=13.7107 8.18746 5.52326 4.54561 6.05808 2.12938
internal_count=6415 1694 4721 4423 659 1035
is_linear=0
shrinkage=0.025


Tree=175
num_leaves=6
num_cat=0
split_feature=6 25 26 2 24
split_gain=1.83377 1.97486 0.371759 0.141601 0.0470893
threshold=3.2023401260375981 0.76623818278312694 -1.0348488092422483 1.5855779051780703 -5.3866806030273429
decision_type=2 2 2 2 2
left_child=1 3 -3 -1 -2
right_child=4 2 -4 -5 -6
leaf_value=0 0 0.0015913887854293414 -0.0074496180171452781 0.011167696157097916 -0.010345763225101168
leaf_weight=0.11522010841872354 0.20592011418193612 0.6522092649029213 3.2700966469274144 6.1547182126887492 3.1331400417620907
leaf_count=66 23 28 3049 573 2707
internal_value=-0.000482838 0.00451229 -0.00519644 0.0107513 -0.010043
internal_weight=13.5313 10.1922 3.92231 6.26994 3.33906
internal_count=6446 3716 3077 639 2730
is_linear=0
shrinkage=0.025


Tree=176
num_leaves=7
num_cat=0
split_feature=21 19 0 13 13 23
split_gain=1.82708 1.44597 0.521815 0.393241 0.377984 0.173681
threshold=0.94192287325859081 0.2481057941913605 0.33183918893337255 2.9592347145080571 2.220696330070496 -6.29791235923767
decision_type=2 2 2 2 2 2
left_child=1 2 -1 -3 -2 -6
right_child=4 3 -4 -5 5 -7
leaf_value=0.00068922520352454023 -0.0010373452767195492 -0.0025305700076808401 -0.013039646597785932 0.0062251376487159737 0 0.010192933343814445
leaf_weight=0.52615691253595098 0.33426205106661733 0.68274926262529367 4.5968031384254573 2.6907327012668247 0.34891363083443128 4.5076144133563503
leaf_count=140 83 378 5183 331 107 237
internal_value=0 -0.00604492 -0.0113682 0.00325376 0.00797876 0.00944484
internal_weight=13.6872 8.49644 5.12296 3.37348 5.19079 4.85653
internal_count=6459 6032 5323 709 427 344
is_linear=0
shrinkage=0.025


Tree=177
num_leaves=7
num_cat=0
split_feature=22 17 7 12 4 23
split_gain=1.76337 1.49839 0.736371 0.521993 0.16322 0.13776
threshold=0.70655325055122387 0.52673539519310009 5.0887603759765634 2.8835002183914189 5.0323932170867929 -5.7159230709075919
decision_type=2 2 2 2 2 2
left_child=1 2 -1 -3 5 -2
right_child=4 3 -4 -5 -6 -7
leaf_value=-0.012745584879354045 0 -0.0030858529858877161 0.0014363412523865457 0.0068545166284727441 0 0.010430963617602883
leaf_weight=4.6737200012285012 0.29165447899140406 0.73038035440549709 0.83765816585218988 3.4994093958594021 0.38612148474203412 4.0573068077865182
leaf_count=5009 95 264 259 606 55 169
internal_value=0.000706943 -0.00461877 -0.0103376 0.00371907 0.00905023 0.00980822
internal_weight=14.4763 9.74117 5.51138 4.22979 4.73508 4.34896
internal_count=6457 6138 5268 870 319 264
is_linear=0
shrinkage=0.025


Tree=178
num_leaves=7
num_cat=0
split_feature=27 13 24 18 27 0
split_gain=2.02863 1.14806 0.465647 0.446245 0.463283 0.0297117
threshold=0.17100916057825091 2.220696330070496 0.44985876977443701 0.53452977538108837 0.73201322555542003 4.4710471630096444
decision_type=2 2 2 2 2 2
left_child=1 -1 -3 4 -2 -5
right_child=3 2 -4 5 -6 -7
leaf_value=-0.0041809991151037038 -0.011446858034594472 0.011471150803809048 -0.00095003469759296928 0.0019626952767784651 0.00086876462936624939 -6.4909981672206887e-05
leaf_weight=1.0672446155731448 4.3939844421329326 6.3620352828293107 0.352095247573743 0.82724080152547663 0.46266384636692226 0.20314488871372305
leaf_count=677 4329 588 582 93 96 89
internal_value=0 0.00683681 0.0101588 -0.00784754 -0.00979398 0.000804155
internal_weight=13.6684 7.78138 6.71413 5.88703 4.85665 1.03039
internal_count=6454 1847 1170 4607 4425 182
is_linear=0
shrinkage=0.025


Tree=179
num_leaves=7
num_cat=0
split_feature=21 17 26 12 16 13
split_gain=1.65496 0.565696 0.602956 0.446601 0.22352 0.193796
threshold=0.94192287325859081 0.54082497954368602 -0.38624651730060572 3.0009840726852421 0.86281535029411327 4.1172935962677011
decision_type=2 2 2 2 2 2
left_child=1 2 -1 -2 -5 -3
right_child=3 5 -4 4 -6 -7
leaf_value=-0.010030527233649944 -0.001213893443102217 -0.0017916309950607987 0.0018973298478823669 0.010599346122086638 0 0.0043737458317909149
leaf_weight=5.9506074198507113 0.56511467025848183 0.60970422880200237 0.63208134358865109 4.1996738402522169 0.34165232480154362 1.4254873887475694
leaf_count=5288 93 481 95 205 117 175
internal_value=0 -0.00549656 -0.00802097 0.00785087 0.00967893 0.0016777
internal_weight=13.7243 8.61788 6.58269 5.10644 4.54133 2.03519
internal_count=6454 6039 5383 415 322 656
is_linear=0
shrinkage=0.025


Tree=180
num_leaves=7
num_cat=0
split_feature=22 17 11 26 11 23
split_gain=1.56354 1.22283 0.559911 0.538887 0.232369 0.103806
threshold=0.67286008596420299 0.52673539519310009 4.0117421150207528 -0.38624651730060572 2.2256655693054204 -4.871222496032714
decision_type=2 2 2 2 2 2
left_child=1 3 -3 -1 -2 -6
right_child=4 2 -4 -5 5 -7
leaf_value=-0.012606959304748722 -0.00022838462505982875 -0.0035476099247170531 0.0065713234963670755 0.00094516294217979213 0 0.0090653529773568799
leaf_weight=4.6677818674434084 0.4210530568816474 1.1454849423462294 2.552341344045999 0.46252434967027412 0.20664329882129129 3.4972551682512858
leaf_count=5177 84 478 372 90 101 161
internal_value=-0.000536266 -0.00597631 0.00248075 -0.0109047 0.0073166 0.00853086
internal_weight=12.9531 8.82813 3.69783 5.13031 4.12495 3.7039
internal_count=6463 6117 850 5267 346 262
is_linear=0
shrinkage=0.025


Tree=181
num_leaves=7
num_cat=0
split_feature=24 27 12 27 6 16
split_gain=1.53661 1.00386 0.505098 0.364281 0.158515 0.0158559
threshold=-3.5995274782180782 0.12957300245761874 2.8835002183914189 0.73201322555542003 3.3845950365066533 0.57771277427673351
decision_type=2 2 2 2 2 2
left_child=4 2 -2 -3 5 -1
right_child=1 3 -4 -5 -6 -7
leaf_value=0.0098490364216254466 -0.0031958441508595187 -0.0098739738407028661 0.0065390215481965584 0.00066855201872846116 0 0
leaf_weight=3.5490941191164902 0.84894057155179181 5.497794766248262 2.8781942474379321 0.506167843719595 0.3282785415649413 0.47905712967622083
leaf_count=132 564 4958 530 103 79 109
internal_value=0.000782933 -0.00413414 0.00304491 -0.00851728 0.00877415 0.00952673
internal_weight=14.0875 9.7311 3.72713 6.00396 4.35643 4.02815
internal_count=6475 6155 1094 5061 320 241
is_linear=0
shrinkage=0.025


Tree=182
num_leaves=6
num_cat=0
split_feature=27 5 22 24 25
split_gain=2.03619 1.29316 0.635115 0.417961 0.023676
threshold=0.1695247292518616 4.0390315055847177 0.78700777888298046 0.44985876977443701 -0.67175844311714161
decision_type=2 2 2 2 2
left_child=1 3 -2 -1 -4
right_child=2 -3 4 -5 -6
leaf_value=0.011081257959790019 -0.01188242182680673 -0.0049959587119643017 0.0019097008902477432 -0.00085176749368354263 0
leaf_weight=5.2868699719765573 4.6249581140000373 1.3535411831398958 0.85615761361259501 0.30645758730679507 0.21932877640938364
leaf_count=409 4544 952 51 425 85
internal_value=-0.00171841 0.00545997 -0.00951408 0.00974402 0.00103908
internal_weight=12.6473 6.94687 5.70044 5.59333 1.07549
internal_count=6466 1786 4680 834 136
is_linear=0
shrinkage=0.025


Tree=183
num_leaves=7
num_cat=0
split_feature=21 13 25 21 16 20
split_gain=1.54301 1.28301 0.428088 0.187149 0.0933104 0.071725
threshold=0.0066418247297406205 2.9592347145080571 2.705929279327393 1.8383264541625979 1.384754002094269 2.8255935907363896
decision_type=2 2 2 2 2 2
left_child=4 3 -3 -2 5 -1
right_child=1 2 -4 -5 -6 -7
leaf_value=-0.0088765689391543286 -0.0064044372111124424 0.010572756962672089 0 0.00052214674838894643 0 0
leaf_weight=2.7783097599240154 1.4828055142206711 7.4110117826930928 1.5588389661352264 0.49515106185572211 0.16353173920651887 0.10498759214533482
leaf_count=3106 1030 1434 831 21 59 18
internal_value=0.000849124 0.00541915 0.00895307 -0.00464311 -0.00795901 -0.00848868
internal_weight=13.9946 10.9478 8.96985 1.97796 3.04683 2.8833
internal_count=6499 3316 2265 1051 3183 3124
is_linear=0
shrinkage=0.025


Tree=184
num_leaves=7
num_cat=0
split_feature=27 19 13 21 22 13
split_gain=1.7695 1.03769 0.827181 0.402788 0.205583 0.120243
threshold=0.12957300245761874 0.53393712639808666 2.2659231424331669 0.94192287325859081 -0.25467561185359949 3.1041098833084111
decision_type=2 2 2 2 2 2
left_child=2 3 -1 -2 -4 -3
right_child=1 5 4 -5 -6 -7
leaf_value=-0.0030413275348063293 -0.012200162554117678 -0.00052850838043462718 0 0 0.010642865652638459 0.0046306858099161505
leaf_weight=0.80878911110630713 4.3641831932982313 0.26395356732973585 0.15275991710950609 1.2919922641813171 5.0577038840710884 1.4646850466524481
leaf_count=540 4762 96 224 212 441 104
internal_value=0 -0.00671498 0.00704877 -0.0103525 0.00994946 0.0031067
internal_weight=13.4041 7.38481 6.01925 5.65618 5.21046 1.72864
internal_count=6379 5174 1205 4974 665 200
is_linear=0
shrinkage=0.025


Tree=185
num_leaves=7
num_cat=0
split_feature=22 17 12 23 12 29
split_gain=1.94162 1.45083 0.446135 0.29273 0.261931 0.034671
threshold=0.70655325055122387 0.64880579710006725 3.0009840726852421 -4.871222496032714 7.2184128761291513 3.5000000000000004
decision_type=2 2 2 2 2 2
left_child=1 4 -3 -2 -1 -5
right_child=3 2 -4 5 -6 -7
leaf_value=-0.012759400290261581 -0.00070967167236584913 -0.0030191475997188048 0.0062665407704384658 0 0 0.0093662051610624297
leaf_weight=5.3780526093760255 0.19709885127667792 0.69240318929951206 2.5171026377283852 0.40449715350405435 0.29026329649786919 3.5649452796496917
leaf_count=5574 113 244 325 33 23 170
internal_value=-0.00113354 -0.00703762 0.00288325 0.0077415 -0.0119594 0.00901963
internal_weight=13.0444 8.87782 3.20951 4.16654 5.66832 3.96944
internal_count=6482 6166 569 316 5597 203
is_linear=0
shrinkage=0.025


Tree=186
num_leaves=7
num_cat=0
split_feature=6 26 26 22 25 22
split_gain=1.4523 1.57127 0.338429 0.274146 0.151128 0.0327815
threshold=3.3648620843887334 -0.88315320014953602 -0.38624651730060572 -0.25467561185359949 -4.5618700981140128 1.0463464856147768
decision_type=2 2 2 2 2 2
left_child=1 3 -3 -1 -2 -6
right_child=4 2 -4 -5 5 -7
leaf_value=-0.00014412327943998123 0 -0.0065704654144173999 0.001790914021231772 0.011004661490585621 -0.0093005626418601779 0
leaf_weight=0.20302343184448535 0.59329551958944682 3.0265422945740279 0.63138629004242819 6.2950441675566244 2.5737292261837879 0.08795543509768311
leaf_count=257 59 2962 104 615 2417 9
internal_value=8.78794e-05 0.00492514 -0.00420456 0.0102016 -0.00808936 -0.00910128
internal_weight=13.411 10.156 3.65793 6.49807 3.25498 2.66168
internal_count=6423 3938 3066 872 2485 2426
is_linear=0
shrinkage=0.025


Tree=187
num_leaves=7
num_cat=0
split_feature=6 25 21 7 19 22
split_gain=1.39404 1.45387 0.322592 0.287194 0.183342 0.136852
threshold=3.2023401260375981 0.76623818278312694 1.8383264541625979 5.0887603759765634 -0.19191905111074445 0.96658754348754894
decision_type=2 2 2 2 2 2
left_child=1 4 5 -3 -1 -2
right_child=2 3 -4 -5 -6 -7
leaf_value=0 -0.0098084029276230122 -0.0057937074363256409 0.00073970016480361599 0.0016690305221161057 0.011110956453455178 0
leaf_weight=0.30661721464275604 2.7129760610841931 3.085545817688399 0.46744920505443577 0.78087403146491841 5.8091387278109305 0.39194494075491082
leaf_count=180 2686 2779 18 232 484 35
internal_value=0.000557723 0.00528948 -0.00730833 -0.00349034 0.0104757 -0.00899996
internal_weight=13.5545 9.98218 3.57237 3.86642 6.11576 3.10492
internal_count=6414 3675 2739 3011 664 2721
is_linear=0
shrinkage=0.025


Tree=188
num_leaves=7
num_cat=0
split_feature=18 11 26 11 19 10
split_gain=1.26396 0.470373 0.374878 0.36426 0.333719 0.0605561
threshold=0.14817416667938235 2.2256655693054204 -0.79664191603660572 5.8678677082061776 0.27443808317184454 5.7919707298278817
decision_type=2 2 2 2 2 2
left_child=3 -2 -3 4 -1 -5
right_child=1 2 -4 5 -6 -7
leaf_value=-0.0098983615839573734 -0.0021402281529901077 0.0093246865245178497 -0.00047657021490892865 0.0029209436646123119 0 -0.0004184836913806174
leaf_weight=3.2756404657484381 0.55351870504091483 5.4437132224993547 1.0870566747689734 0.35211509399232443 1.75383383956796 0.42184828410245245
leaf_count=4193 214 722 411 96 510 234
internal_value=0 0.00580073 0.007652 -0.0059569 -0.00774908 0.00123213
internal_weight=12.8877 7.08429 6.53077 5.80344 5.02947 0.773963
internal_count=6380 1347 1133 5033 4703 330
is_linear=0
shrinkage=0.025


Tree=189
num_leaves=7
num_cat=0
split_feature=21 19 27 13 13 20
split_gain=1.39541 1.11322 0.533869 0.414956 0.35067 0.120566
threshold=0.94192287325859081 0.19702113419771197 0.73201322555542003 2.9592347145080571 2.220696330070496 1.3679675459861758
decision_type=2 2 2 2 2 2
left_child=1 2 -1 -3 -2 -6
right_child=4 3 -4 -5 5 -7
leaf_value=-0.011806221572269526 -0.00099739812913245693 -0.002847126801690158 0.0011907567181165433 0.0060191231303599749 0.0096659554999016031 0
leaf_weight=4.1064288108027522 0.33777806445141401 0.73552402602217659 0.42175429724738922 2.7838140756357461 4.0473249115384533 0.47025980040780258
leaf_count=5051 86 441 80 414 216 114
internal_value=0.000195239 -0.00492696 -0.00995012 0.00284904 0.00751164 0.00899428
internal_weight=12.9029 8.04752 4.52818 3.51934 4.85536 4.51758
internal_count=6402 5986 5131 855 416 330
is_linear=0
shrinkage=0.025


Tree=190
num_leaves=6
num_cat=0
split_feature=21 6 6 21 20
split_gain=1.38447 1.09522 0.553454 0.139504 0.0627386
threshold=0.0066418247297406205 3.2023401260375981 -0.15399117022752759 1.8383264541625979 2.8255935907363896
decision_type=2 2 2 2 2
left_child=4 2 -2 -3 -1
right_child=1 3 -4 -5 -6
leaf_value=-0.008642609437701362 -0.0013916950911484697 -0.0055361033988404716 0.010153783654614775 0.00028079184871092566 0
leaf_weight=2.6685073564513018 0.80990581506921344 1.7964027464331596 6.9237781209594678 0.52214558300329361 0.10578337944025396
leaf_count=3139 273 1338 1634 23 29
internal_value=2.21548e-07 0.00469438 0.00838217 -0.00407526 -0.0082846
internal_weight=12.8265 10.0522 7.73368 2.31855 2.77429
internal_count=6436 3268 1907 1361 3168
is_linear=0
shrinkage=0.025


Tree=191
num_leaves=7
num_cat=0
split_feature=27 13 24 27 22 16
split_gain=1.58101 0.813113 0.570196 0.386163 0.199516 0.0608334
threshold=0.12957300245761874 2.220696330070496 -3.719550251960754 0.73201322555542003 -0.25467561185359949 0.46695940196514135
decision_type=2 2 2 2 2 2
left_child=1 -1 5 -4 -3 -2
right_child=2 4 3 -5 -6 -7
leaf_value=-0.0029343261603198023 0.0031647198086152441 0 -0.0097376636483976677 0.00087767758243439465 0.010718869037357337 -0.00016287770470602961
leaf_weight=0.78502663334074885 1.1664819531215469 0.1462433429333031 5.3629777875903528 0.46876532887108613 5.0828433248316287 0.27826796213048499
leaf_count=539 68 234 5031 100 450 107
internal_value=0.000117604 0.00722772 -0.00580018 -0.00829611 0.0100529 0.0019249
internal_weight=13.2906 6.01411 7.27649 5.83174 5.22909 1.44475
internal_count=6529 1223 5306 5131 684 175
is_linear=0
shrinkage=0.025


Tree=192
num_leaves=7
num_cat=0
split_feature=22 26 26 5 25 11
split_gain=1.35282 1.10733 0.443553 0.416958 0.219046 0.160281
threshold=0.73933693766593944 -1.0073747634887693 -0.38624651730060572 4.0181686878204355 -0.67175844311714161 2.3876576423645024
decision_type=2 2 2 2 2 2
left_child=1 3 -3 -1 5 -2
right_child=4 2 -4 -5 -6 -7
leaf_value=0.0063714287260750891 0 -0.011117570026609458 0.00081529655643511616 -0.0026765856368001829 -0.00026860715742718779 0.0091884978826340183
leaf_weight=2.2974037227395452 0.40994558887177879 5.238444383852765 0.47985338310536452 0.7478868977705132 0.29407134573557492 3.3573083725350443
leaf_count=211 65 5295 97 567 98 138
internal_value=-3.17355e-05 -0.0052311 -0.0096199 0.00309003 0.00719355 0.00830991
internal_weight=12.8249 8.76359 5.7183 3.04529 4.06133 3.76725
internal_count=6471 6170 5392 778 301 203
is_linear=0
shrinkage=0.025


Tree=193
num_leaves=7
num_cat=0
split_feature=21 19 27 13 13 23
split_gain=1.59718 1.14731 0.541762 0.41409 0.398077 0.175676
threshold=0.94192287325859081 0.2481057941913605 0.73201322555542003 2.9592347145080571 2.220696330070496 -6.29791235923767
decision_type=2 2 2 2 2 2
left_child=1 2 -1 -3 -2 -6
right_child=4 3 -4 -5 5 -7
leaf_value=-0.01225690902882335 -0.0011752487831939475 -0.0029139961344368109 0.0010874465866701143 0.0059523880572855048 0 0.010120008413956043
leaf_weight=4.2539270162451412 0.36758875905070532 0.73136727369274046 0.43731413477507874 2.6452259888246772 0.32146257355634578 4.2534213741819258
leaf_count=5258 80 388 87 333 110 230
internal_value=0 -0.00554457 -0.0104488 0.00269276 0.00774567 0.00935462
internal_weight=13.0103 8.06783 4.69124 3.37659 4.94247 4.57488
internal_count=6486 6066 5345 721 420 340
is_linear=0
shrinkage=0.025


Tree=194
num_leaves=7
num_cat=0
split_feature=22 17 2 13 12 23
split_gain=1.54235 0.958993 0.631253 0.235445 0.215509 0.156129
threshold=0.67286008596420299 0.79165926575660717 1.0000000180025095e-35 2.5992114543914799 2.8835002183914189 -6.29791235923767
decision_type=2 2 2 2 2 2
left_child=1 2 -1 -2 -3 -5
right_child=3 4 -4 5 -6 -7
leaf_value=0.0010435582191687103 -0.00048389377402304168 -0.0016939223750124825 -0.012318150839288387 0 0.0048691434484423408 0.0088964400683697858
leaf_weight=0.88161487678735273 0.23447799585119344 0.46070199123641975 4.749918610919849 0.20405469593242775 1.8877572947603765 3.6279782454948872
leaf_count=180 65 156 5570 83 169 203
internal_value=-0.000824829 -0.00642725 -0.0101315 0.00696136 0.00245459 0.00814061
internal_weight=12.0465 7.97999 5.63153 4.06651 2.34846 3.83203
internal_count=6426 6075 5750 351 325 286
is_linear=0
shrinkage=0.025


Tree=195
num_leaves=7
num_cat=0
split_feature=27 6 26 18 22 22
split_gain=1.16848 0.905002 0.470228 0.354346 0.122985 0.078706
threshold=0.1695247292518616 3.272639393806458 -0.38624651730060572 0.46275307238101965 0.0368129350244999 0.96658754348754894
decision_type=2 2 2 2 2 2
left_child=1 4 3 -2 -1 -3
right_child=2 5 -4 -5 -6 -7
leaf_value=0 -0.010161965172893223 -0.0043147511087378108 0.001815013585028444 0.00010777740022226514 0.0096809011672134501 0
leaf_weight=0.31168551598966576 4.033108801668277 1.5692472241426001 0.61541797815880261 1.0957834004293543 4.2261642237572232 0.29648799131973635
leaf_count=218 4284 1324 101 272 199 24
internal_value=-0.000242939 0.00508868 -0.00637036 -0.00838069 0.00908836 -0.00326319
internal_weight=12.1479 6.40358 5.74431 5.12889 4.53785 1.86574
internal_count=6422 1765 4657 4556 417 1348
is_linear=0
shrinkage=0.025


Tree=196
num_leaves=6
num_cat=0
split_feature=21 6 26 21 24
split_gain=1.24222 0.907145 0.361315 0.139229 0.105696
threshold=0.0066418247297406205 3.3648620843887334 -0.84810379147529591 1.8383264541625979 -4.7407565116882315
decision_type=2 2 2 2 2
left_child=4 2 -2 -3 -1
right_child=1 3 -4 -5 -6
leaf_value=0 0.0099860146138017157 -0.005068707337459454 0 0.00051697466217384637 -0.0079490566224185745
leaf_weight=0.26115779491374302 5.9373224630835448 1.5842739956897269 2.2589989249245264 0.47466293972684059 2.4682041375854178
leaf_count=22 654 1221 1401 19 3116
internal_value=0.000780106 0.00500074 0.00809552 -0.00344152 -0.00724609
internal_weight=12.9846 10.2553 8.19632 2.05894 2.72936
internal_count=6433 3295 2055 1240 3138
is_linear=0
shrinkage=0.025


Tree=197
num_leaves=6
num_cat=0
split_feature=21 13 25 21 24
split_gain=1.17983 0.845516 0.457401 0.152829 0.10509
threshold=0.0066418247297406205 2.9592347145080571 2.705929279327393 1.8383264541625979 -4.7407565116882315
decision_type=2 2 2 2 2
left_child=4 3 -3 -2 -1
right_child=1 2 -4 -5 -6
leaf_value=0 -0.0052662095738259893 0.0094292354248821791 -0.00065512871987545205 0.00062187946472236333 -0.0080610183355943592
leaf_weight=0.26514434220735017 1.4865643997472933 6.7236242545623082 1.4632018344418609 0.46139892091741774 2.5046964884058989
leaf_count=23 1008 1434 838 18 3158
internal_value=0.000323249 0.00457868 0.00758792 -0.00352812 -0.00736948
internal_weight=12.9046 10.1348 8.18683 1.94796 2.76984
internal_count=6479 3298 2272 1026 3181
is_linear=0
shrinkage=0.025


Tree=198
num_leaves=6
num_cat=0
split_feature=26 13 24 22 21
split_gain=1.42592 1.38354 0.388349 0.281889 0.110914
threshold=-0.88315320014953602 2.9592347145080571 0.18791432678699496 0.78700777888298046 1.8383264541625979
decision_type=2 2 2 2 2
left_child=1 4 -3 -2 -1
right_child=3 2 -4 -5 -6
leaf_value=-0.0065103169019600643 -0.01013565778202774 0.010178806466775013 -0.00085763052859016249 0 0
leaf_weight=1.6407296930592545 3.3728752185743369 5.7919421814003726 0.35517569433795859 0.75869114321540099 0.28020623803604383
leaf_count=1439 3705 527 648 113 12
internal_value=-0.00106638 0.00416581 0.00888179 -0.00865463 -0.00553643
internal_weight=12.1996 8.06805 6.14712 4.13157 1.92094
internal_count=6444 2626 1175 3818 1451
is_linear=0
shrinkage=0.025


Tree=199
num_leaves=7
num_cat=0
split_feature=27 5 24 19 22 22
split_gain=1.68613 0.881046 0.321303 0.306033 0.162622 0.0641105
threshold=0.1673485413193703 4.0181686878204355 0.44985876977443701 0.53393712639808666 1.3181343674659731 1.7221329808235171
decision_type=2 2 2 2 2 2
left_child=1 2 -1 4 -2 -3
right_child=3 5 -4 -5 -6 -7
leaf_value=0.0095461576163826268 -0.011610382018525043 -0.0047919273013958688 -0.00068064228987941341 0 0 0
leaf_weight=4.6328249756625155 3.9860304394605919 1.1290921054969656 0.28891718101658614 0.92137381195789192 0.13899955135275366 0.15360867220442731
leaf_count=406 4470 932 424 158 4 4
internal_value=-0.00240595 0.00452565 0.00827542 -0.00956124 -0.0110277 -0.00400293
internal_weight=11.2508 6.20444 4.92174 5.0464 4.12503 1.2827
internal_count=6398 1766 830 4632 4474 936
is_linear=0
shrinkage=0.025


Tree=200
num_leaves=7
num_cat=0
split_feature=13 24 25 26 21 13
split_gain=1.19389 1.05005 0.636735 0.282929 0.160268 0.0520022
threshold=4.2282896041870126 -3.5995274782180782 0.44260199368000036 -1.0135286450386045 1.8383264541625979 2.9592347145080571
decision_type=2 2 2 2 2 2
left_child=1 5 -2 -4 -3 -1
right_child=2 4 3 -5 -6 -7
leaf_value=0 0.0092159584406121438 -0.011068850289189958 0.0027005395445006443 -0.0046099436700426421 0 0.0040859809219001633
leaf_weight=0.29807705405983131 3.7116220480602351 3.7483645426400471 0.79560133075574446 1.9623325128159192 0.33345229295082379 1.4648347195688982
leaf_count=70 261 4073 32 1901 21 85
internal_value=0 -0.00600322 0.00556615 -0.0013141 -0.0103437 0.0033397
internal_weight=12.3143 5.84473 6.46956 2.75793 4.08182 1.76291
internal_count=6443 4249 2194 1933 4094 155
is_linear=0
shrinkage=0.025


Tree=201
num_leaves=7
num_cat=0
split_feature=21 19 6 12 13 4
split_gain=1.60644 0.719229 0.355979 0.24643 0.243933 0.125679
threshold=0.94192287325859081 0.19702113419771197 4.1697216033935556 7.2184128761291513 2.9592347145080571 0.8352487087249757
decision_type=2 2 2 2 2 2
left_child=1 3 5 -1 -3 -2
right_child=2 4 -4 -5 -6 -7
leaf_value=-0.011773608730625926 0 -0.0028941233354658215 -0.0013067826375919944 0 0.0038439318675293969 0.0088003787485768144
leaf_weight=4.0672475804494752 0.26402825403783969 0.7444770379479454 0.38541686363168981 0.26680312200915057 2.2826526331700734 3.701685618958436
leaf_count=5107 87 443 88 19 436 235
internal_value=-0.00144015 -0.00728826 0.00639209 -0.0108699 0.000637687 0.00814892
internal_weight=11.7123 7.36118 4.35113 4.33405 3.02713 3.96571
internal_count=6415 6005 410 5126 879 322
is_linear=0
shrinkage=0.025


Tree=202
num_leaves=7
num_cat=0
split_feature=21 19 26 12 13 16
split_gain=1.26689 0.937517 0.525701 0.395377 0.298439 0.198717
threshold=0.94192287325859081 0.2481057941913605 -0.38624651730060572 2.8835002183914189 2.9592347145080571 0.84674474596977245
decision_type=2 2 2 2 2 2
left_child=1 2 -1 -2 -3 -5
right_child=3 4 -4 5 -6 -7
leaf_value=-0.011738229757453672 -0.0014498967673609291 -0.0024214286302791706 0.0011667881417456811 0.009443493971544965 0.0050949734813181659 0
leaf_weight=3.9750039060054405 0.40221250685863186 0.63570643535786109 0.42602074277237978 3.7571935046362341 2.5030132618485368 0.36914834828348819
leaf_count=5256 93 383 90 222 340 115
internal_value=0 -0.00543779 -0.00986804 0.00664711 0.00225234 0.00848314
internal_weight=12.0683 7.53974 4.40102 4.52855 3.13872 4.12634
internal_count=6499 6069 5346 430 723 337
is_linear=0
shrinkage=0.025


Tree=203
num_leaves=6
num_cat=0
split_feature=22 6 3 25 19
split_gain=1.48053 0.793282 0.589757 0.0603197 0.0385397
threshold=0.0368129350244999 3.0434429645538335 1.5253348350524905 -4.2510156631469718 0.34062892198562628
decision_type=2 2 2 2 2
left_child=4 2 -2 -3 -1
right_child=1 3 -4 -5 -6
leaf_value=-0.0097421874542683255 -0.0017601031667511308 0 0.009635575134999172 -0.0045857274461533438 0
leaf_weight=3.0426637022428635 0.93425958076841009 0.71423339666216623 5.4006763755096472 1.084358659936697 0.30392121431214025
leaf_count=4464 482 82 533 717 171
internal_value=-0.00120138 0.00399752 0.00736851 -0.00364341 -0.00941108
internal_weight=11.4801 8.13353 6.33494 1.79859 3.34658
internal_count=6449 1814 1015 799 4635
is_linear=0
shrinkage=0.025


Tree=204
num_leaves=6
num_cat=0
split_feature=21 13 25 21 15
split_gain=1.22145 0.791639 0.539045 0.136481 0.0563954
threshold=0.018845100887119774 2.9592347145080571 2.705929279327393 1.8383264541625979 2.9407961368560795
decision_type=2 2 2 2 2
left_child=4 3 -3 -2 -1
right_child=1 2 -4 -5 -6
leaf_value=-0.0082238973555144694 -0.0050309728101143661 0.009454754715473036 -0.0012684990707748623 0.00050590343126063401 0
leaf_weight=2.5077924250472292 1.4469180868691163 6.5583971732667123 1.2469379287940681 0.47012737538898353 0.091495462598686461
leaf_count=3253 984 1376 820 21 12
internal_value=0 0.00444498 0.00742718 -0.00338539 -0.00788543
internal_weight=12.3217 9.72238 7.80534 1.91705 2.59929
internal_count=6466 3201 2196 1005 3265
is_linear=0
shrinkage=0.025


Tree=205
num_leaves=7
num_cat=0
split_feature=13 21 21 15 15 17
split_gain=1.48419 0.683892 0.428937 0.414872 0.138655 0.0308068
threshold=4.0745751857757577 0.018845100887119774 1.3386311531066897 0.34943303465843206 2.9407961368560795 1.4487925767898562
decision_type=2 2 2 2 2 2
left_child=2 -2 4 -3 -1 -4
right_child=1 3 5 -5 -6 -7
leaf_value=-0.0098161858078797716 -0.0028343517754040905 0.010656805807389327 0.0020323540402369315 -3.1929297358972791e-05 0 -2.9457609040818875e-05
leaf_weight=3.8104705974983522 0.86207548444872362 4.4054250130357104 0.84379873338912126 1.4664009217303826 0.16681929797778128 0.28009518788894638
leaf_count=3914 1160 865 45 444 19 36
internal_value=0 0.00604318 -0.00702922 0.00862554 -0.00921487 0.000893407
internal_weight=11.8351 6.7339 5.10118 5.87183 3.97729 1.12389
internal_count=6483 2469 4014 1309 3933 81
is_linear=0
shrinkage=0.025


Tree=206
num_leaves=7
num_cat=0
split_feature=26 13 21 27 8 21
split_gain=1.31404 0.63883 0.490795 0.400494 0.140411 0.12758
threshold=-0.99626988172531117 2.220696330070496 0.94192287325859081 0.73201322555542003 2.9027165174484257 0.18243902176618579
decision_type=2 2 2 2 2 2
left_child=1 -1 3 -2 -4 -3
right_child=2 5 4 -5 -6 -7
leaf_value=-0.0023634047047871062 -0.0096180343995703084 0 -0.0013903646786586137 0.0010420289667714495 0.0037566561001216997 0.010108136312239821
leaf_weight=0.66761519000283431 4.5548707958878367 0.22863614256493736 0.82496404181438299 0.44647117200656783 1.2625892072901477 4.0433035015303176
leaf_count=452 5093 242 209 94 86 264
internal_value=0 0.00692491 -0.00533929 -0.0079963 0.00129489 0.00954228
internal_weight=12.0285 4.93955 7.0889 5.00134 2.08755 4.27194
internal_count=6440 958 5482 5187 295 506
is_linear=0
shrinkage=0.025


Tree=207
num_leaves=7
num_cat=0
split_feature=21 19 0 13 6 23
split_gain=1.2186 0.659644 0.472124 0.378605 0.244533 0.135315
threshold=0.94192287325859081 0.19702113419771197 0.33183918893337255 3.0870565176010136 3.2023401260375981 -6.29791235923767
decision_type=2 2 2 2 2 2
left_child=1 2 -1 -2 -3 -5
right_child=3 4 -4 5 -6 -7
leaf_value=0.0010049534216747702 -0.001255023674478646 0.0042456311854550729 -0.011178900821789054 0 -0.0024325091785542098 0.009024820344098532
leaf_weight=0.4667764592959428 0.64863365556811903 2.1285740622115559 3.7126913787215017 0.33001430671720333 0.98083124569893687 3.3202646426070714
leaf_count=134 138 314 5016 111 564 175
internal_value=-0.000325534 -0.00569113 -0.00933109 0.00626823 0.00116739 0.0082803
internal_weight=11.5878 7.28887 4.17947 4.29891 3.10941 3.65028
internal_count=6452 6028 5150 424 878 286
is_linear=0
shrinkage=0.025


Tree=208
num_leaves=7
num_cat=0
split_feature=6 26 26 22 8 22
split_gain=1.17813 0.868868 0.249819 0.224749 0.0810975 0.0445646
threshold=3.2023401260375981 -0.88315320014953602 -0.38624651730060572 0.052331168204545982 -0.80985695123672474 1.0463464856147768
decision_type=2 2 2 2 2 2
left_child=1 3 -3 -1 -2 -6
right_child=4 2 -4 -5 5 -7
leaf_value=0 0 -0.0049776647440687508 0.0019006769699579222 0.0095183938512227104 -0.0087843061921096793 0
leaf_weight=0.52027156258190999 0.40946878708200563 2.8163361853512465 0.59103427278023435 4.6570112530243932 2.3315423002131879 0.19649242528248567
leaf_count=471 78 2826 101 277 2637 23
internal_value=0 0.0042825 -0.00262036 0.00849507 -0.00783445 -0.00845281
internal_weight=11.5222 8.58465 3.40737 5.17728 2.9375 2.52803
internal_count=6413 3675 2927 748 2738 2660
is_linear=0
shrinkage=0.025


Tree=209
num_leaves=6
num_cat=0
split_feature=21 5 14 16 20
split_gain=0.966691 0.750305 0.587114 0.0744353 0.0349518
threshold=0.0066418247297406205 4.0390315055847177 0.55241712927818309 1.384754002094269 1.0736510753631594
decision_type=2 2 2 2 2
left_child=3 2 -2 -1 -3
right_child=1 4 -4 -5 -6
leaf_value=-0.0074785120045111637 0.0094464942218508586 -0.0044575459834624376 -0.0010898976374521241 0 0
leaf_weight=2.2492378228198517 5.9381663163803733 0.97127248910328468 2.0148405612599163 0.1515712352193076 0.16928713407105533
leaf_count=3070 1924 605 719 64 27
internal_value=6.1367e-05 0.00417219 0.00690433 -0.00696395 -0.00397045
internal_weight=11.4944 9.09357 7.95301 2.40081 1.14056
internal_count=6409 3275 2643 3134 632
is_linear=0
shrinkage=0.025


Tree=210
num_leaves=7
num_cat=0
split_feature=6 26 22 14 18 22
split_gain=1.07721 0.716283 0.290709 0.26754 0.174272 0.0346526
threshold=3.2023401260375981 -0.88315320014953602 0.043939270079135902 0.10101843625307085 0.53452977538108837 1.1237759590148928
decision_type=2 2 2 2 2 2
left_child=1 2 -1 -3 5 -2
right_child=4 3 -4 -5 -6 -7
leaf_value=-0.00042211120798119653 -0.0085415650211201448 0.002189430976284277 0.0095145821110819082 -0.0047671791141387469 0 0
leaf_weight=0.36621162903975246 2.296605736697531 0.99040396173950229 4.5975333706155652 2.4609767159963667 0.73674990214931302 0.099467074032872804
leaf_count=459 2531 979 283 1942 210 8
internal_value=0 0.00449859 0.00831027 -0.00191711 -0.00702859 -0.00830956
internal_weight=11.5479 8.41513 4.96374 3.45138 3.13282 2.39607
internal_count=6412 3663 742 2921 2749 2539
is_linear=0
shrinkage=0.025


Tree=211
num_leaves=7
num_cat=0
split_feature=22 17 12 12 25 11
split_gain=1.42193 1.03084 0.428418 0.25175 0.1497 0.137723
threshold=0.70655325055122387 0.52673539519310009 4.0120677947998056 7.2184128761291513 -0.67175844311714161 2.2256655693054204
decision_type=2 2 2 2 2 2
left_child=1 3 -3 -1 5 -2
right_child=4 2 -4 -5 -6 -7
leaf_value=-0.011972313647856206 0 -0.0031918797796056035 0.0057109864741947299 0 0 0.008335316924156122
leaf_weight=4.0481165779383446 0.29542599248816337 1.0721833246934696 2.2042412834853167 0.26184178108815093 0.30440774971066265 3.0941801518056309
leaf_count=5235 54 526 337 20 115 153
internal_value=-0.00106305 -0.00645463 0.0018742 -0.0110637 0.00663487 0.00753465
internal_weight=11.2804 7.58638 3.27642 4.30996 3.69401 3.38961
internal_count=6440 6118 863 5255 322 207
is_linear=0
shrinkage=0.025


Tree=212
num_leaves=6
num_cat=0
split_feature=21 6 3 24 21
split_gain=1.24769 0.746545 0.433296 0.116258 0.0486391
threshold=0.1884684041142464 3.3648620843887334 1.1059762835502627 -4.7407565116882315 0.19342039525508883
decision_type=2 2 2 2 2
left_child=3 2 -2 -1 -3
right_child=1 4 -4 -5 -6
leaf_value=0 -0.0012147815626096931 0 0.0087673238580795679 -0.0090876828976258536 -0.0043122532603121055
leaf_weight=0.37799928066669908 0.83875204123614633 0.133403881547565 5.9810651285151835 2.9276446922231134 1.4507213086981208
leaf_count=37 318 11 996 4202 877
internal_value=-0.000651124 0.00390924 0.00701633 -0.00837132 -0.00368804
internal_weight=11.7096 8.40394 6.81982 3.30564 1.58413
internal_count=6441 2202 1314 4239 888
is_linear=0
shrinkage=0.025


Tree=213
num_leaves=7
num_cat=0
split_feature=22 27 12 18 23 4
split_gain=1.39495 0.867757 0.29851 0.257875 0.197407 0.0682908
threshold=0.70655325055122387 0.12957300245761874 3.0009840726852421 0.34693878889083868 -4.871222496032714 4.9360945224761972
decision_type=2 2 2 2 2 2
left_child=1 2 -1 -3 -2 -6
right_child=4 3 -4 -5 5 -7
leaf_value=-0.0026204547757388286 -0.00021388311567393636 -0.011674369791033021 0.0049049413903267851 0 0.008194807970085807 0
leaf_weight=0.71874215109710382 0.34384834120282937 3.728926205119933 2.1103211785666645 0.93926607866887923 3.0959663150279089 0.30607388837961469
leaf_count=589 118 4651 470 407 169 52
internal_value=-0.000990641 -0.00638767 0.00174223 -0.0103141 0.00657306 0.00772196
internal_weight=11.2431 7.49726 2.82906 4.66819 3.74589 3.40204
internal_count=6456 6117 1059 5058 339 221
is_linear=0
shrinkage=0.025


Tree=214
num_leaves=7
num_cat=0
split_feature=27 13 24 27 21 11
split_gain=1.0514 0.672607 0.497645 0.380775 0.155617 0.0438922
threshold=0.12957300245761874 2.220696330070496 -3.719550251960754 0.73201322555542003 0.041651247069239623 2.6541662216186528
decision_type=2 2 2 2 2 2
left_child=1 -1 5 -4 -3 -2
right_child=2 4 3 -5 -6 -7
leaf_value=-0.0027213755913688014 0 0 -0.0090264877175842747 0.0011213302322292818 0.0097692541467857465 0.0028705218520735836
leaf_weight=0.73626761806372076 0.1079702089409692 0.27482756946119469 4.4611407049669651 0.42955757994786825 4.2110534774328698 1.4275772495457202
leaf_count=534 37 279 4938 91 371 147
internal_value=0.000246995 0.0062861 -0.00471681 -0.007387 0.00907855 0.00197644
internal_weight=11.6484 5.22215 6.42625 4.8907 4.48588 1.53555
internal_count=6397 1184 5213 5029 650 184
is_linear=0
shrinkage=0.025


Tree=215
num_leaves=7
num_cat=0
split_feature=27 13 22 0 21 11
split_gain=1.13461 0.666603 0.440461 0.427357 0.143002 0.0328198
threshold=0.12957300245761874 2.220696330070496 0.73933693766593944 0.33183918893337255 0.041651247069239623 2.6541662216186528
decision_type=2 2 2 2 2 2
left_child=1 -1 3 -2 -3 -4
right_child=2 4 5 -5 -6 -7
leaf_value=-0.0028605311730786139 0.0011750670960151675 0 0 -0.0097878657380363193 0.0093559527611890049 0.0022336633729781448
leaf_weight=0.7779188167551182 0.43391064904426446 0.26802532001602219 0.1139394182464456 4.2874404503818369 4.1645676128100604 1.2707208460560648
leaf_count=544 121 294 30 4902 396 137
internal_value=0 0.00580003 -0.0057379 -0.00805125 0.00869318 0.00129902
internal_weight=11.3165 5.21051 6.10601 4.72135 4.43259 1.38466
internal_count=6424 1234 5190 5023 690 167
is_linear=0
shrinkage=0.025


Tree=216
num_leaves=7
num_cat=0
split_feature=21 19 12 21 16 24
split_gain=1.21684 1.21327 0.293845 0.179737 0.140986 0.0252104
threshold=0.94192287325859081 0.19702113419771197 2.8835002183914189 0.18243902176618579 0.81575119495391857 -3.5995274782180782
decision_type=2 2 2 2 2 2
left_child=1 5 -2 -3 -4 -1
right_child=2 3 4 -5 -6 -7
leaf_value=0 -0.0008179965895179956 -0.0010494006204817574 0.0087601624055490563 0.0047200304177491374 0 -0.011282650701396455
leaf_weight=0.060834836505819445 0.51634696178371076 1.033616100849031 3.34556612513552 2.4095216220521252 0.3847824869735631 3.6706088286737213
leaf_count=12 93 622 209 259 119 5198
internal_value=-0.000237318 -0.0056532 0.00634586 0.00265203 0.00795393 -0.0111627
internal_weight=11.4213 7.17458 4.2467 3.44314 3.73035 3.73144
internal_count=6512 6091 421 881 328 5210
is_linear=0
shrinkage=0.025


Tree=217
num_leaves=7
num_cat=0
split_feature=6 21 6 22 21 2
split_gain=1.15822 0.76611 0.367723 0.318437 0.105915 0.0411247
threshold=2.9009968042373662 0.018845100887119774 -0.15399117022752759 0.91675469279289257 1.8383264541625979 4.792407989501954
decision_type=2 2 2 2 2 2
left_child=1 5 -3 4 -2 -1
right_child=3 2 -4 -5 -6 -7
leaf_value=-0.0038640887776666371 -0.008935656836711799 -0.00042066473132966963 0.0096708460968100759 0.00077349881793791961 0 0
leaf_weight=1.1337191469283423 2.7478547310274744 0.92255877276329545 5.8164192051845021 0.74608458456350479 0.33745811198605213 0.1177128106355666
leaf_count=1599 3096 281 1410 56 21 1
internal_value=0.000411974 0.00533613 0.00816617 -0.00635667 -0.00826596 -0.00324631
internal_weight=11.8218 7.99041 6.73898 3.8314 3.08531 1.25143
internal_count=6464 3291 1691 3173 3117 1600
is_linear=0
shrinkage=0.025


Tree=218
num_leaves=6
num_cat=0
split_feature=27 13 25 13 21
split_gain=1.36008 0.558106 0.479854 0.370521 0.165237
threshold=0.12957300245761874 2.220696330070496 0.76623818278312694 4.1566250324249276 0.041651247069239623
decision_type=2 2 2 2 2
left_child=1 -1 3 -2 -3
right_child=2 4 -4 -5 -6
leaf_value=-0.0025249113024873012 -0.0039916241464359797 0 -0.010438361046419082 0.0044375271093494324 0.0088644783570920333
leaf_weight=0.70869707183010167 1.312662735963386 0.17354570623865573 3.007096645742422 1.6523357737059994 4.092480558938405
leaf_count=533 883 277 4110 243 384
internal_value=-0.0011549 0.00547302 -0.00722367 0 0.00812169
internal_weight=10.9468 4.97472 5.9721 2.965 4.26603
internal_count=6430 1194 5236 1126 661
is_linear=0
shrinkage=0.025


Tree=219
num_leaves=7
num_cat=0
split_feature=26 5 18 26 13 16
split_gain=0.970694 0.534628 0.443604 0.365437 0.0761112 0.0644924
threshold=-1.0014911293983457 4.510911464691163 0.46275307238101965 -0.38624651730060572 2.220696330070496 0.57771277427673351
decision_type=2 2 2 2 2 2
left_child=1 4 3 -2 -1 -4
right_child=2 -3 5 -5 -6 -7
leaf_value=0 -0.0086195596428074572 -0.0021420073237644831 0.0030267657664110052 0.0011608349733550701 0.0090641719587427772 -0.00037004718146503622
leaf_weight=0.073172103671822586 4.5220813783525955 0.62277968142734597 1.5425369602307908 0.41931865610240482 3.9278604117353098 0.13510072087956349
leaf_count=77 5070 486 267 101 357 97
internal_value=0.000147691 0.0062638 -0.0044438 -0.00699451 0.00872963 0.001745
internal_weight=11.2428 4.62381 6.61904 4.9414 4.00103 1.67764
internal_count=6455 920 5535 5171 434 364
is_linear=0
shrinkage=0.025


Tree=220
num_leaves=7
num_cat=0
split_feature=22 17 10 20 25 4
split_gain=1.22398 0.836134 0.251886 0.197679 0.160753 0.0987236
threshold=0.70655325055122387 0.64880579710006725 2.5953748226165776 2.1127607822418217 -0.18090753257274625 5.0682466030120858
decision_type=2 2 2 2 2 2
left_child=1 3 -3 -1 5 -2
right_child=4 2 -4 -5 -6 -7
leaf_value=-0.011242011646489095 0.0074570966065612507 -0.0022671566365248357 0.0046036731691518366 0 -0.00016901427556689828 0
leaf_weight=4.2501614621796762 2.8025738537326115 0.90707895846571807 1.8630030099448047 0.27056220249505702 0.2935771151096559 0.31204820258426469
leaf_count=5464 165 316 261 88 106 48
internal_value=-0.00175208 -0.00663644 0.0015383 -0.0104792 0.00568625 0.00677245
internal_weight=10.699 7.29081 2.77008 4.52072 3.4082 3.11462
internal_count=6448 6129 577 5552 319 213
is_linear=0
shrinkage=0.025


Tree=221
num_leaves=7
num_cat=0
split_feature=6 25 26 2 22 21
split_gain=1.08086 0.875883 0.333816 0.0859436 0.0368545 0.021621
threshold=3.2023401260375981 0.76623818278312694 -1.0135286450386045 1.632316052913666 0.91675469279289257 1.8383264541625979
decision_type=2 2 2 2 2 2
left_child=1 3 -3 -1 5 -2
right_child=4 2 -4 -5 -6 -7
leaf_value=0 -0.0082959522744476492 0.0022568388210845959 -0.0057638644833175653 0.0087831603356613528 0 0
leaf_weight=0.091111573747182706 2.1949133865091444 0.77934227354853591 2.4081002242346594 4.7370592014267459 0.33572727712453332 0.29151549388188858
leaf_count=72 2662 42 2988 573 47 25
internal_value=-3.21585e-05 0.00408248 -0.0028588 0.00842398 -0.00765714 -0.00802109
internal_weight=10.8378 8.01561 3.18744 4.82817 2.82216 2.48643
internal_count=6409 3675 3030 645 2734 2687
is_linear=0
shrinkage=0.025


Tree=222
num_leaves=7
num_cat=0
split_feature=18 26 13 16 25 14
split_gain=1.31535 0.359473 0.33364 0.249614 0.0864322 0.024726
threshold=0.14817416667938235 -0.79664191603660572 2.220696330070496 1.2281779646873476 -3.6152582168579097 3.6380107402801518
decision_type=2 2 2 2 2 2
left_child=3 2 -2 5 -3 -1
right_child=1 4 -4 -5 -6 -7
leaf_value=-0.0084810701171309493 -0.00095523333416335952 0.00082605603649213248 0.0086221119875996861 0.0004248933906228325 -0.0032579911407133039 0
leaf_weight=4.2248230080549547 0.37349983963576949 0.4624624484567903 5.0626773639232852 0.38154789581676585 0.62119427240395431 0.061570554589707061
leaf_count=5025 222 16 703 110 426 6
internal_value=-7.49866e-05 0.00534531 0.00722282 -0.00714123 -0.00124128 -0.00835389
internal_weight=11.1878 6.51983 5.43618 4.66794 1.08366 4.28639
internal_count=6508 1367 925 5141 442 5031
is_linear=0
shrinkage=0.025


Tree=223
num_leaves=7
num_cat=0
split_feature=6 26 26 24 21 25
split_gain=0.839307 0.886049 0.311102 0.248552 0.215833 0.0120654
threshold=3.2023401260375981 -0.88315320014953602 -0.38624651730060572 0.18791432678699496 1.8383264541625979 -8.0223875045776349
decision_type=2 2 2 2 2 2
left_child=1 3 -3 -1 5 -2
right_child=4 2 -4 -5 -6 -7
leaf_value=0.0090326274521160231 0 -0.0059149182568528072 0.0020138926110214797 -0.00033669815141426591 0.00018520115497679034 -0.0082812609856061353
leaf_weight=4.696046831599233 0.11844549136003557 2.4164567082698345 0.55743803232326161 0.25184601618821023 0.48632823600200925 2.2425059029919794
leaf_count=367 8 2822 106 406 23 2703
internal_value=0 0.00362851 -0.00331402 0.00799792 -0.00672063 -0.00815177
internal_weight=10.7691 7.92179 2.97389 4.94789 2.84728 2.36095
internal_count=6435 3701 2928 773 2734 2711
is_linear=0
shrinkage=0.025


Tree=224
num_leaves=6
num_cat=0
split_feature=21 13 14 18 24
split_gain=0.829656 0.662768 0.336688 0.110059 0.079693
threshold=0.018845100887119774 2.9592347145080571 0.55241712927818309 0.53452977538108837 -4.7407565116882315
decision_type=2 2 2 2 2
left_child=4 3 -3 -2 -1
right_child=1 2 -4 -5 -6
leaf_value=0 -0.0047548063264919232 0.0086870800141141871 0 0.00018272631796575781 -0.0071070130817341808
leaf_weight=0.250591706251725 1.1049052283597101 5.0994024759456806 1.9455964559565471 0.70044241747382319 2.1555469952400035
leaf_count=24 856 1634 601 149 3237
internal_value=0 0.00386518 0.00676796 -0.00319396 -0.00648655
internal_weight=11.2565 8.85035 7.045 1.80535 2.40614
internal_count=6501 3240 2235 1005 3261
is_linear=0
shrinkage=0.025


Tree=225
num_leaves=7
num_cat=0
split_feature=26 22 5 17 18 13
split_gain=1.02829 0.54243 0.436544 0.0956046 0.0627436 0.0234979
threshold=-0.99626988172531117 0.85830289125442516 4.0181686878204355 0.6637384593486787 -0.17246820032596585 2.9592347145080571
decision_type=2 2 2 2 2 2
left_child=2 3 4 -2 -1 -4
right_child=1 -3 5 -5 -6 -7
leaf_value=0 -0.010045495142905161 0.0014944826222132172 -0.0025939547901645352 0 0.0078315483890404377 0
leaf_weight=0.26478322351613348 3.7004186706217297 1.3233682155332642 0.70518962508867833 1.2872316602588396 2.8771661788741767 0.21820305832079612
leaf_count=114 4938 136 580 417 213 62
internal_value=-0.00171881 -0.00660415 0.0046353 -0.00905116 0.00738391 -0.00200035
internal_weight=10.3764 6.31102 4.06534 4.98765 3.14195 0.923393
internal_count=6460 5491 969 5355 327 642
is_linear=0
shrinkage=0.025


Tree=226
num_leaves=7
num_cat=0
split_feature=17 22 12 24 22 27
split_gain=1.28372 0.838683 0.507626 0.31866 0.0289696 0.0184009
threshold=0.48244491219520574 0.70655325055122387 2.8835002183914189 0.44985876977443701 1.7221329808235171 0.1569410637021065
decision_type=2 2 2 2 2 2
left_child=1 -1 4 -4 -2 -3
right_child=2 5 3 -5 -6 -7
leaf_value=-0.011130581923812862 -0.0030784880411463024 0.0025328790412264563 0.0087923225551038292 -0.00085487264367485518 0 0
leaf_weight=3.7440790369037131 0.70093462552904373 1.2425102197958038 4.3040254205479869 0.31867859236808715 0.10874172300100327 0.22953905750910042
leaf_count=5131 293 107 391 457 1 59
internal_value=-0.00133706 -0.00758447 0.00482257 0.00737913 -0.0024866 0.00210023
internal_weight=10.6485 5.21613 5.43238 4.6227 0.809676 1.47205
internal_count=6439 5297 1142 848 294 166
is_linear=0
shrinkage=0.025


Tree=227
num_leaves=7
num_cat=0
split_feature=19 6 18 3 26 3
split_gain=1.08993 0.632334 0.594562 0.20704 0.0525686 0.0260543
threshold=0.19070576876401904 3.2253212928771977 0.53452977538108837 1.1059762835502627 -1.1272813677787779 5.9769117832183847
decision_type=2 2 2 2 2 2
left_child=2 3 4 -2 -1 -4
right_child=1 -3 5 -5 -6 -7
leaf_value=0 -9.9474676715989177e-06 -0.0026580590875658209 0.00239536565831523 0.0092873775268127005 -0.0093307781650604858 0
leaf_weight=0.20534418275929001 0.23312290960166127 1.0389563926983099 1.4062293069873701 3.9962689959102136 3.8632786680827853 0.10847082216059778
leaf_count=88 134 574 291 375 4951 17
internal_value=-0.00018022 0.00535118 -0.00605241 0.00836997 -0.00902602 0.00177276
internal_weight=10.8517 5.26835 5.58332 4.22939 4.06862 1.5147
internal_count=6430 1083 5347 509 5039 308
is_linear=0
shrinkage=0.025


Tree=228
num_leaves=7
num_cat=0
split_feature=22 17 7 12 25 11
split_gain=0.785691 0.694634 0.683208 0.299745 0.158281 0.139224
threshold=0.73933693766593944 0.55342271924018871 5.0887603759765634 2.8835002183914189 -0.67175844311714161 2.2256655693054204
decision_type=2 2 2 2 2 2
left_child=1 2 -1 -3 5 -2
right_child=4 3 -4 -5 -6 -7
leaf_value=-0.010684741250777188 0 -0.0024639579627568301 0.0021653975612936733 0.0050099932375249684 -5.4563416999548186e-05 0.0079764162334574548
leaf_weight=3.4788848235584737 0.29128810155089091 0.63703955838718718 0.67116466061997915 2.7801961729783216 0.28552914788451733 2.8806904203120212
leaf_count=5118 50 255 242 551 100 143
internal_value=0 -0.00373788 -0.00787584 0.00223818 0.00610742 0.00712091
internal_weight=11.0248 7.56729 4.15005 3.41724 3.45751 3.17198
internal_count=6459 6166 5360 806 293 193
is_linear=0
shrinkage=0.025


Tree=229
num_leaves=6
num_cat=0
split_feature=13 21 14 21 22
split_gain=0.98036 0.739954 0.212235 0.178879 0.0252554
threshold=3.1553028821945195 0.0066418247297406205 0.55241712927818309 1.8383264541625979 1.2044067382812502
decision_type=2 2 2 2 2
left_child=3 4 -3 -1 -2
right_child=1 2 -4 -5 -6
leaf_value=-0.0076257399258259336 -0.0038648126790538323 0.0089615894522424733 0 2.0757544863127017e-06 0
leaf_weight=2.3785091606187065 1.1254649281399887 5.1785164543834981 1.8102559940743956 0.50272080284776155 0.073907986283302196
leaf_count=2395 1914 1558 541 24 1
internal_value=0.00040065 0.00475377 0.00755773 -0.00634484 -0.00349464
internal_weight=11.0694 8.18815 6.98877 2.88123 1.19937
internal_count=6433 4014 2099 2419 1915
is_linear=0
shrinkage=0.025


Tree=230
num_leaves=7
num_cat=0
split_feature=13 25 24 21 21 26
split_gain=0.967655 0.609255 0.482487 0.277447 0.239187 0.107836
threshold=4.1408989429473886 2.705929279327393 -3.5995274782180782 1.8383264541625979 0.018845100887119774 -1.0135286450386045
decision_type=2 2 2 2 2 2
left_child=2 4 -1 -4 -2 -3
right_child=1 5 3 -5 -6 -7
leaf_value=0.0014618417433512037 -0.00023462831415890195 0.0005390440995884509 -0.010028755493651759 0.00014620131572911515 0.0091247929559046866 -0.0042422856825940431
leaf_weight=1.2394571850090867 0.28185651436797332 0.35068914471048607 3.0403618886812187 0.48134995426516969 3.9688301199821581 0.92836567177801044
leaf_count=140 424 20 3928 23 683 1202
internal_value=0 0.00494636 -0.00596367 -0.00863482 0.00803718 -0.00255063
internal_weight=10.2909 5.52974 4.76117 3.52171 4.25069 1.27905
internal_count=6420 2329 4091 3951 1107 1222
is_linear=0
shrinkage=0.025


Tree=231
num_leaves=7
num_cat=0
split_feature=21 19 7 12 13 16
split_gain=0.759592 0.515823 0.616187 0.292685 0.160845 0.118289
threshold=0.97409975528717052 0.34062892198562628 5.0887603759765634 2.8835002183914189 2.9592347145080571 0.86281535029411327
decision_type=2 2 2 2 2 2
left_child=1 2 -1 -2 -3 -5
right_child=3 4 -4 5 -6 -7
leaf_value=-0.010006385771651834 -0.0012027216479970429 -0.0015072943985365581 0.0020442246195670421 0.0079239240779710347 0.0040480684198087808 0
leaf_weight=3.7189517819460889 0.37174094008514691 0.45686213357112171 0.68643546966632119 3.1336720948456791 1.8345043529116081 0.31622766132204549
leaf_count=5247 88 292 241 198 238 112
internal_value=0 -0.00426865 -0.00737565 0.00544572 0.00180919 0.00718954
internal_weight=10.5184 6.69675 4.40539 3.82164 2.29137 3.4499
internal_count=6416 6018 5488 398 530 310
is_linear=0
shrinkage=0.025


Tree=232
num_leaves=7
num_cat=0
split_feature=27 13 26 18 21 26
split_gain=0.848954 0.596525 0.415695 0.333149 0.110017 0.0568283
threshold=0.17100916057825091 2.220696330070496 -0.38624651730060572 0.46275307238101965 0.0066418247297406205 -0.35065858066081995
decision_type=2 2 2 2 2 2
left_child=1 -1 3 -2 -3 -4
right_child=2 4 5 -5 -6 -7
leaf_value=-0.0030079198013704192 -0.0096131459004873548 0 0.0031773013028252705 0.00022640745346504045 0.0081799282079936964 -0.00010970293129684878
leaf_weight=0.81439107425103419 3.023221549407026 0.45997972113400454 0.35311102202831535 1.0332623447757212 4.3745729027868947 0.22804480628110457
leaf_count=673 4215 485 25 277 646 80
internal_value=0 0.00473034 -0.00550731 -0.00767543 0.00753591 0.00182488
internal_weight=10.2866 5.64894 4.63764 4.05648 4.83455 0.581156
internal_count=6401 1804 4597 4492 1131 105
is_linear=0
shrinkage=0.025


Tree=233
num_leaves=7
num_cat=0
split_feature=6 27 14 21 24 24
split_gain=0.780272 0.734434 0.335816 0.173582 0.151829 0.0169501
threshold=3.3075606822967534 0.22468334436416629 0.10101843625307085 1.8383264541625979 0.18791432678699496 -5.3866806030273429
decision_type=2 2 2 2 2 2
left_child=1 4 -3 5 -1 -2
right_child=3 2 -4 -5 -6 -7
leaf_value=0.0086009592717015883 0 0.0022995007442855281 -0.0057443281511179575 2.6788393495388961e-05 0 -0.0076024138948644019
leaf_weight=4.4878097185792285 0.20284222366171967 0.9107087254051297 2.0094724584087089 0.49141591403167684 0.34506690171110665 2.026787265571329
leaf_count=388 22 967 2008 26 437 2582
internal_value=0 0.00396628 -0.00257861 -0.00609731 0.00785683 -0.0073966
internal_weight=10.4741 7.75306 2.92018 2.72105 4.83288 2.22963
internal_count=6430 3800 2975 2630 825 2604
is_linear=0
shrinkage=0.025


Tree=234
num_leaves=7
num_cat=0
split_feature=22 17 27 0 29 23
split_gain=0.822351 0.537548 0.483155 0.255547 0.0810667 0.0403685
threshold=0.85830289125442516 0.55342271924018871 0.73201322555542003 4.0114660263061532 3.5000000000000004 -4.7480492591857901
decision_type=2 2 2 2 2 2
left_child=1 2 -1 -3 -2 -6
right_child=4 3 -4 -5 5 -7
leaf_value=-0.010436396884976397 0 0.0042619017111852229 0.0013542846926070016 -0.0026272613086721782 0 0.0062651046953776466
leaf_weight=3.7404217294133559 0.2625385957071561 2.0110009136187732 0.39815912958874822 0.8999516033072722 0.27026709746860467 2.103138039336045
leaf_count=5335 36 432 91 379 75 107
internal_value=-0.00120293 -0.00525152 -0.0084978 0.00102762 0.00515493 0.00586438
internal_weight=9.68548 7.04953 4.13858 2.91095 2.63594 2.37341
internal_count=6455 6237 5426 811 218 182
is_linear=0
shrinkage=0.025


Tree=235
num_leaves=7
num_cat=0
split_feature=22 6 26 18 27 0
split_gain=0.882272 0.604549 0.384689 0.143436 0.0420478 0.0409545
threshold=0.0368129350244999 3.2023401260375981 -0.79664191603660572 0.53452977538108837 -0.021562705747783181 3.5869443416595463
decision_type=2 2 2 2 2 2
left_child=3 2 -2 4 -1 -3
right_child=1 5 -4 -5 -6 -7
leaf_value=0 0.0086102999172883131 0 -0.00071423150977583793 0 -0.0079210301892339748 -0.0037306226281379733
leaf_weight=0.20138528040843162 4.949958782788598 0.18876809714129184 1.2729031962335291 0.25706677295238467 2.68791344667261 1.3225586189983003
leaf_count=96 489 28 602 68 4446 715
internal_value=0 0.0038114 0.0066776 -0.0067068 -0.00760329 -0.00309564
internal_weight=10.8806 7.73419 6.22286 3.14637 2.8893 1.51133
internal_count=6444 1834 1091 4610 4542 743
is_linear=0
shrinkage=0.025


Tree=236
num_leaves=7
num_cat=0
split_feature=6 25 26 0 22 0
split_gain=1.0467 0.67255 0.380322 0.0556046 0.0552614 0.0164087
threshold=3.3075606822967534 0.76623818278312694 -1.0135286450386045 1.8488806486129763 0.96658754348754894 3.5869443416595463
decision_type=2 2 2 2 2 2
left_child=1 3 -3 -1 5 -2
right_child=4 2 -4 -5 -6 -7
leaf_value=0 0 0.0030740737108994349 -0.005308312590888941 0.0086478868342691993 0 -0.0075782149232017752
leaf_weight=0.058601775603163264 0.32649502540152919 0.98280798576888573 2.2614742019140985 4.7871525895134255 0.32468616528785776 1.9640926817955913
leaf_count=54 324 52 3091 619 36 2235
internal_value=0.000282795 0.00478966 -0.00168657 0.00841493 -0.00682909 -0.00731101
internal_weight=10.7053 8.09004 3.24428 4.84575 2.61527 2.29059
internal_count=6411 3816 3143 673 2595 2559
is_linear=0
shrinkage=0.025


Tree=237
num_leaves=7
num_cat=0
split_feature=25 6 26 18 22 22
split_gain=1.15347 0.870105 0.399131 0.0920145 0.0737904 0.0470442
threshold=0.76623818278312694 3.2023401260375981 -1.0348488092422483 1.1967553496360781 0.043939270079135902 0.91675469279289257
decision_type=2 2 2 2 2 2
left_child=1 4 -2 -4 -1 -3
right_child=2 5 3 -5 -6 -7
leaf_value=0 0.00075109035959617667 -0.0042358607750855072 -0.010082998332254109 0 0.0088413679204342854 0
leaf_weight=0.15067466291657172 0.87734971882309798 1.3424627112290179 2.8838203182276634 0.11246520467102517 4.3938450961722992 0.43142823365633365
leaf_count=174 292 1012 4462 3 449 44
internal_value=-0.000614236 0.00449587 -0.00749046 -0.00964598 0.00849139 -0.00352976
internal_weight=10.192 6.31841 3.87364 2.99629 4.54452 1.77389
internal_count=6436 1679 4757 4465 623 1056
is_linear=0
shrinkage=0.025


Tree=238
num_leaves=7
num_cat=0
split_feature=22 17 26 12 25 13
split_gain=0.859547 0.785923 0.491821 0.240325 0.209263 0.109464
threshold=0.73933693766593944 0.55342271924018871 -0.38624651730060572 2.8835002183914189 -0.18090753257274625 2.9592347145080571
decision_type=2 2 2 2 2 2
left_child=1 2 -1 -3 5 -2
right_child=4 3 -4 -5 -6 -7
leaf_value=-0.010785929234060512 0 -0.0019974970337692656 0.0013036582511933193 0.0047389346763150996 -0.00045057890254216804 0.0080746650973750056
leaf_weight=3.3104204012779523 0.26156754104886282 0.54993791582819573 0.40562759032763995 2.632973106832651 0.28716950013040321 2.8924406600599468
leaf_count=5270 57 230 94 544 111 152
internal_value=0 -0.0043073 -0.00875839 0.00230189 0.00612289 0.00739719
internal_weight=10.3401 6.89896 3.71605 3.18291 3.44118 3.15401
internal_count=6458 6138 5364 774 320 209
is_linear=0
shrinkage=0.025


Tree=239
num_leaves=6
num_cat=0
split_feature=21 13 27 24 19
split_gain=0.803085 0.527779 0.411068 0.17982 0.0326701
threshold=0.18243902176618579 2.9592347145080571 0.31384447216987615 -4.7407565116882315 1.221763074398041
decision_type=2 2 2 2 2
left_child=3 4 -3 -1 -2
right_child=1 2 -4 -5 -6
leaf_value=0 -0.0035882598003087792 0.0081715395471036508 -0.001174986553049365 -0.0079202228058680626 0
leaf_weight=0.47719737315492272 1.15726189013003 4.992576584147173 1.1190511909117047 2.4545526878027886 0.1064606713480315
leaf_count=36 730 785 685 4192 3
internal_value=-0.000265732 0.00345557 0.00613906 -0.00669228 -0.00306544
internal_weight=10.3071 7.37535 6.11163 2.93175 1.26372
internal_count=6431 2203 1470 4228 733
is_linear=0
shrinkage=0.025


Tree=240
num_leaves=7
num_cat=0
split_feature=22 17 13 20 25 13
split_gain=0.943885 0.607118 0.447551 0.207837 0.108372 0.0947402
threshold=0.78700777888298046 0.52673539519310009 4.2282896041870126 2.1127607822418217 -0.67175844311714161 2.9592347145080571
decision_type=2 2 2 2 2 2
left_child=1 3 -3 -1 5 -2
right_child=4 2 -4 -5 -6 -7
leaf_value=-0.010725356888655889 0 -0.0040082339060674554 0.0051726094912369191 0 0 0.0064790116826104419
leaf_weight=3.5078428137676387 0.27764603347168382 1.0679435065685541 1.9443838073348159 0.24311347946422746 0.27364527415193141 2.3323438667976006
leaf_count=5191 49 652 246 82 95 131
internal_value=-0.00208755 -0.00634051 0.000667577 -0.00984853 0.00478955 0.00571534
internal_weight=9.64692 6.76328 3.01233 3.75096 2.88364 2.60999
internal_count=6446 6171 898 5273 275 180
is_linear=0
shrinkage=0.025


Tree=241
num_leaves=7
num_cat=0
split_feature=21 27 22 13 16 27
split_gain=0.862075 0.395056 0.334119 0.235949 0.127221 0.0492144
threshold=0.94192287325859081 0.70389392971992504 0.70655325055122387 2.220696330070496 0.86281535029411327 0.76658397912979137
decision_type=2 2 2 2 2 2
left_child=1 2 -1 -2 -5 -3
right_child=3 5 -4 4 -6 -7
leaf_value=-0.008552281877232679 -0.00078765983600607038 0.0031961053603366285 0.00049875542725595612 0.0077986485708390983 0 0
leaf_weight=4.3844109696110536 0.31621885218191925 0.34813260685041303 1.1239452951049314 3.3268100272362067 0.35040252689941542 0.19642105654929765
leaf_count=5798 90 47 144 218 115 71
internal_value=0 -0.00481311 -0.00675213 0.00560705 0.00701424 0.002075
internal_weight=10.0463 6.05291 5.50836 3.99343 3.67721 0.544554
internal_count=6483 6060 5942 423 333 118
is_linear=0
shrinkage=0.025


Tree=242
num_leaves=7
num_cat=0
split_feature=6 27 9 13 24 0
split_gain=0.672305 0.640822 0.199749 0.195444 0.0669185 0.0389755
threshold=3.3648620843887334 0.22468334436416629 4.4383385181427011 5.4572844505310067 -5.3866806030273429 3.5869443416595463
decision_type=2 2 2 2 2 2
left_child=1 2 -1 -3 -2 -6
right_child=4 3 -4 -5 5 -7
leaf_value=0.0082707128089720867 0 -0.0049449806563162885 -0.00011263538474567748 0.0011164208818565632 0 -0.0068783054026060764
leaf_weight=4.3427959972977987 0.24039352248655665 1.5873141177762593 0.30035852465880442 1.3318578560647436 0.2884861409038425 1.8853731363051336
leaf_count=697 19 2451 183 564 284 2226
internal_value=0 0.00357573 0.00730306 -0.00243146 -0.0059169 -0.00648174
internal_weight=9.97658 7.56233 4.64315 2.91917 2.41425 2.17386
internal_count=6424 3895 880 3015 2529 2510
is_linear=0
shrinkage=0.025


Tree=243
num_leaves=6
num_cat=0
split_feature=6 25 14 8 0
split_gain=0.839621 0.836805 0.253717 0.0651608 0.0500115
threshold=3.2023401260375981 0.76623818278312694 0.13943941891193393 -0.80985695123672474 1.8488806486129763
decision_type=2 2 2 2 2
left_child=1 4 -3 -2 -1
right_child=3 2 -4 -5 -6
leaf_value=0 0 0.001473257715913762 -0.0056028185749010771 -0.0070055060322214285 0.0084414232696980139
leaf_weight=0.055150249063444678 0.38014607596414896 0.98612639086059095 1.8340186724017256 2.3983547755451582 4.6510282056297001
leaf_count=57 78 1316 1745 2738 590
internal_value=0 0.00401969 -0.00296934 -0.00643762 0.00822389
internal_weight=10.3048 7.52632 2.82015 2.7785 4.70618
internal_count=6524 3708 3061 2816 647
is_linear=0
shrinkage=0.025


Tree=244
num_leaves=6
num_cat=0
split_feature=6 25 22 17 26
split_gain=0.97905 0.435226 0.22699 0.190375 0.159957
threshold=2.9009968042373662 2.705929279327393 0.91675469279289257 0.012764601036906244 -1.0135286450386045
decision_type=2 2 2 2 2
left_child=1 3 -2 -1 -3
right_child=2 4 -4 -5 -6
leaf_value=0 -0.0087160399145373053 0.0013620621273954519 9.7860860278132966e-05 0.0078653863777869495 -0.00427677805307512
leaf_weight=0.88695418032148143 2.3434289890428777 0.59275122341932718 0.52455711329821486 4.1233405239436252 1.1567182097460316
leaf_count=613 3093 27 52 1035 1603
internal_value=-0.000198508 0.00408692 -0.00727187 0.00667058 -0.00184655
internal_weight=9.62775 6.75976 2.86799 5.01029 1.74947
internal_count=6423 3278 3145 1648 1630
is_linear=0
shrinkage=0.025


Tree=245
num_leaves=7
num_cat=0
split_feature=13 22 25 21 21 27
split_gain=0.785646 0.456054 0.444232 0.240675 0.220131 0.150048
threshold=4.1172935962677011 0.85830289125442516 2.705929279327393 1.8383264541625979 0.018845100887119774 0.067607447504997267
decision_type=2 2 2 2 2 2
left_child=1 3 4 -1 -2 -4
right_child=2 -3 5 -5 -6 -7
leaf_value=-0.0087978754348813411 -0.00018821887535229356 0.0019179147205506564 0.0014300853725391274 0.00019625699858357305 0.0087484315211613217 -0.0040779124197352166
leaf_weight=2.9893503491039159 0.2701758017647079 1.2434181270109546 0.50504708110383922 0.47840171901043493 3.962017261183064 0.87265072504669661
leaf_count=3961 454 98 17 25 705 1215
internal_value=0.00026737 -0.00460704 0.00519196 -0.00743576 0.00770799 -0.0015406
internal_weight=10.3211 4.71117 5.60989 3.46775 4.23219 1.3777
internal_count=6475 4084 2391 3986 1159 1232
is_linear=0
shrinkage=0.025


Tree=246
num_leaves=7
num_cat=0
split_feature=21 19 27 13 13 20
split_gain=0.665293 0.619419 0.477188 0.215951 0.210172 0.138085
threshold=0.94192287325859081 0.2481057941913605 0.73201322555542003 2.220696330070496 2.9592347145080571 1.3679675459861758
decision_type=2 2 2 2 2 2
left_child=1 2 -1 -2 -3 -5
right_child=3 4 -4 5 -6 -7
leaf_value=-0.0100861218552971 -0.00076204158837765712 -0.0018313869849236088 0.0014797206472299169 0.0074524963517236297 0.0045114926047673575 0
leaf_weight=3.1063923627189074 0.31573270296212319 0.53149615330767153 0.37442977302998759 3.1005653456377336 2.1655654403512017 0.26497064378054336
leaf_count=5256 93 382 87 221 343 110
internal_value=0 -0.00405822 -0.00796614 0.0051664 0.00207184 0.00659273
internal_weight=9.85915 6.17788 3.48082 3.68127 2.69706 3.36554
internal_count=6492 6068 5343 424 725 331
is_linear=0
shrinkage=0.025


Tree=247
num_leaves=7
num_cat=0
split_feature=13 25 18 23 26 6
split_gain=0.632295 0.578796 0.474789 0.197993 0.0986903 0.0349981
threshold=4.0074670314788827 2.705929279327393 0.53452977538108837 -2.1321634054183956 -1.0815608501434324 4.6446580886840829
decision_type=2 2 2 2 2 2
left_child=2 3 -1 -2 -3 -4
right_child=1 4 5 -5 -6 -7
leaf_value=-0.0084962065439221756 0 0.00021283253463746243 0.0024419340261378989 0.0080946674214794814 -0.0045611522439088217 0
leaf_weight=2.7263792384255794 0.62484753145690808 0.31175866027479038 1.1156854233922784 3.350489455027855 0.95089933098643087 0.16477243916233408
leaf_count=3542 309 15 195 961 1320 71
internal_value=-0.000557216 0.00348053 -0.00553147 0.00686838 -0.0031556 0.00152439
internal_weight=9.24483 5.23799 4.00684 3.97534 1.26266 1.28046
internal_count=6413 2605 3808 1270 1335 266
is_linear=0
shrinkage=0.025


Tree=248
num_leaves=7
num_cat=0
split_feature=6 25 21 18 26 24
split_gain=0.74141 0.517117 0.251269 0.228452 0.160937 0.0966871
threshold=2.9009968042373662 2.705929279327393 0.018845100887119774 0.52245736122131359 -1.0135286450386045 -5.3866806030273429
decision_type=2 2 2 2 2 2
left_child=1 2 -1 5 -3 -2
right_child=3 4 -4 -5 -6 -7
leaf_value=-0.00030948783220162559 0 0.0012491531083154107 0.0084383965229408806 0.00035823113039808505 -0.0044335314528083421 -0.0078412054681541027
leaf_weight=0.52649206359274092 0.33927145882626142 0.58790685979329271 4.5142727245693095 1.0105905579366661 1.1900085682900678 2.1286598314181902
leaf_count=640 20 32 988 264 1623 2920
internal_value=5.83601e-05 0.00438809 0.00720312 -0.00527434 -0.00209702 -0.00711332
internal_weight=10.2972 6.81868 5.04076 3.47852 1.77792 2.46793
internal_count=6487 3283 1628 3204 1655 2940
is_linear=0
shrinkage=0.025


Tree=249
num_leaves=7
num_cat=0
split_feature=26 19 13 27 1 21
split_gain=0.640614 0.405358 0.391601 0.361966 0.146496 0.0836097
threshold=-0.99626988172531117 0.53393712639808666 2.220696330070496 0.73201322555542003 4.2701318264007577 -0.16018923372030255
decision_type=2 2 2 2 2 2
left_child=2 3 -1 -2 -3 -4
right_child=1 4 5 -5 -6 -7
leaf_value=-0.0017272405621939519 -0.0080302941468261401 0.0041612144433705199 0 0.0013954057966281928 -0.0012855357644762089 0.008053215209288065
leaf_weight=0.5509398804897504 4.0563053508849407 1.3102355986484324 0.099293034945731828 0.38410338589164883 0.28829762780151202 3.3247211604502804
leaf_count=480 5120 101 144 95 114 351
internal_value=0.000166712 -0.00357841 0.00537661 -0.00624568 0.00200195 0.00760833
internal_weight=10.0139 6.03894 3.97495 4.44041 1.59853 3.42401
internal_count=6405 5430 975 5215 215 495
is_linear=0
shrinkage=0.025


Tree=250
num_leaves=6
num_cat=0
split_feature=21 13 25 18 24
split_gain=0.647748 0.515693 0.257334 0.0892926 0.065505
threshold=0.0066418247297406205 2.9592347145080571 2.705929279327393 0.53452977538108837 -4.7407565116882315
decision_type=2 2 2 2 2
left_child=4 3 -3 -2 -1
right_child=1 2 -4 -5 -6
leaf_value=0 -0.0040022882087135739 0.0079941069737279099 -6.426424065515705e-05 0.00023309074612645232 -0.0059578473007699719
leaf_weight=0.22117524797795352 0.97408710246963692 5.2313796436683333 1.220467453527817 0.66759601611556718 1.7673268364778782
leaf_count=18 882 1402 818 148 3185
internal_value=0.000595696 0.00401359 0.00656147 -0.00246006 -0.00533988
internal_weight=10.082 8.09353 6.45185 1.64168 1.9885
internal_count=6453 3250 2220 1030 3203
is_linear=0
shrinkage=0.025


Tree=251
num_leaves=7
num_cat=0
split_feature=6 25 7 21 24 1
split_gain=0.748985 0.543574 0.238007 0.163441 0.177651 0.0781127
threshold=2.9009968042373662 0.76623818278312694 5.0887603759765634 1.8383264541625979 -5.3866806030273429 1.7296949625015261
decision_type=2 2 2 2 2 2
left_child=1 5 -3 4 -2 -1
right_child=3 2 -4 -5 -6 -7
leaf_value=0 0 -0.0043991729734516516 0.0023221630216301585 0.00020606864239136361 -0.0077309288224828689 0.0083610355764146514
leaf_weight=0.087754011197830439 0.51195185221149664 2.0040818000525182 0.63928601768566284 0.49713260889984656 2.1936763833400619 3.9383136494507198
leaf_count=73 33 2506 232 23 3136 443
internal_value=0.000400039 0.00466083 -0.00150023 -0.00514336 -0.00643329 0.00798864
internal_weight=9.8722 6.66944 2.64337 3.20276 2.70563 4.02607
internal_count=6446 3254 2738 3192 3169 516
is_linear=0
shrinkage=0.025


Tree=252
num_leaves=7
num_cat=0
split_feature=21 24 7 13 23 10
split_gain=0.691309 0.401171 0.573759 0.200107 0.143869 0.0482633
threshold=0.94192287325859081 -3.5995274782180782 5.0887603759765634 2.220696330070496 -6.0028388500213614 2.0512316226959233
decision_type=2 2 2 2 2 2
left_child=1 5 -3 -2 -5 -1
right_child=3 2 -4 4 -6 -7
leaf_value=-4.2608182786395272e-06 -0.0006318223260809515 -0.0092309278431950432 0.0021331349758234664 0 0.007441728821510292 0.0028705951120294631
leaf_weight=0.16422580133075815 0.29864124776213463 3.9201839204506541 0.6670301612393813 0.27670962773117969 3.0869405293888121 1.1536957716525647
leaf_count=38 88 5679 242 116 217 110
internal_value=0 -0.00425123 -0.00667587 0.00520833 0.00654187 0.00180325
internal_weight=9.56743 5.90514 4.58721 3.66229 3.36365 1.31792
internal_count=6490 6069 5921 421 333 148
is_linear=0
shrinkage=0.025


Tree=253
num_leaves=7
num_cat=0
split_feature=27 6 18 22 18 21
split_gain=0.925854 0.469315 0.180881 0.0921603 0.0766631 0.0450671
threshold=0.17100916057825091 3.3648620843887334 0.80014723539352428 -0.25467561185359949 -0.48511856794357294 1.8383264541625979
decision_type=2 2 2 2 2 2
left_child=1 3 4 -1 -2 -3
right_child=2 5 -4 -5 -6 -7
leaf_value=0 0 -0.0031819373320537097 0 0.0073305913349963354 -0.0085497255403401296 0
leaf_weight=0.092572266545176141 0.33971196205675402 1.1613182469664023 0.32794148550965463 3.5276583884697175 3.6599818665963539 0.25839966285275284
leaf_count=139 270 1323 40 342 4332 10
internal_value=-0.00155967 0.0037548 -0.00711399 0.00681751 -0.00806316 -0.0023086
internal_weight=9.36758 5.03995 4.32764 3.62023 3.99969 1.41972
internal_count=6456 1814 4642 481 4602 1333
is_linear=0
shrinkage=0.025


Tree=254
num_leaves=6
num_cat=0
split_feature=22 27 6 25 13
split_gain=0.962618 0.524344 0.213752 0.161621 0.169147
threshold=0.70655325055122387 0.13673096150159839 2.5708408355712895 -0.18090753257274625 2.9592347145080571
decision_type=2 2 2 2 2
left_child=1 2 -1 4 -2
right_child=3 -3 -4 -5 -6
leaf_value=0.0038592210830882866 -0.00026976292554891051 -0.0099257833891992636 -0.0025554501291122547 -0.00051160740535592707 0.0069554994871306192
leaf_weight=1.4368591620259397 0.19391285197343755 3.6378379217348993 0.99700970789490373 0.30078606770257454 2.5367739690191229
leaf_count=92 66 5002 1092 118 150
internal_value=-0.0024223 -0.00688431 0.000439368 0.00445858 0.00579132
internal_weight=9.10318 6.07171 2.43387 3.03147 2.73069
internal_count=6520 6186 1184 334 216
is_linear=0
shrinkage=0.025


Tree=255
num_leaves=7
num_cat=0
split_feature=26 13 13 22 15 22
split_gain=0.67943 0.382124 0.363033 0.244488 0.230951 0.0763873
threshold=-0.99626988172531117 5.4572844505310067 2.220696330070496 0.78700777888298046 0.17136932164430621 -0.25467561185359949
decision_type=2 2 2 2 2 2
left_child=2 3 -1 -2 -3 -4
right_child=1 4 5 -5 -6 -7
leaf_value=-0.0018724110333877609 -0.0087314758443472178 0.0046433310578956151 0 1.8703680490649964e-05 -0.0022269111418343405 0.0073165404670232472
leaf_weight=0.57495176366501288 3.3035021597570449 0.83640348272820098 0.081679136186722512 0.80628080161841342 0.73503759071172681 3.0554997161125352
leaf_count=489 4806 160 171 107 476 337
internal_value=-0.000444075 -0.00485097 0.00449632 -0.00726068 0.0012294 0.00686493
internal_weight=9.39335 5.68122 3.71213 4.10978 1.57144 3.13718
internal_count=6546 5549 997 4913 636 508
is_linear=0
shrinkage=0.025


Tree=256
num_leaves=7
num_cat=0
split_feature=21 19 13 27 1 15
split_gain=1.09448 0.641577 0.218784 0.0686818 0.029068 0.0162582
threshold=0.94192287325859081 0.50829738378524791 2.220696330070496 0.30323407053947454 4.4847221374511728 -1.4789470434188841
decision_type=2 2 2 2 2 2
left_child=1 5 -2 -4 -3 -1
right_child=2 4 3 -5 -6 -7
leaf_value=0 -0.00087885803959694144 0.0022797592184981659 0.0069907502040127203 0 0 -0.010298312216334357
leaf_weight=0.046140295835357725 0.33931098884204436 1.0747555523485059 2.6943658587224495 0.57885478119715106 0.50626188071328204 3.7948708412513952
leaf_count=34 96 135 188 141 167 5667
internal_value=-0.0019144 -0.00716475 0.00482477 0.00634529 0.0014272 -0.0102153
internal_weight=9.03456 5.42203 3.61253 3.27322 1.58102 3.84101
internal_count=6428 6003 425 329 302 5701
is_linear=0
shrinkage=0.025


Tree=257
num_leaves=7
num_cat=0
split_feature=13 22 25 15 18 26
split_gain=0.613803 0.586206 0.410129 0.197036 0.153605 0.126804
threshold=4.1408989429473886 0.78700777888298046 2.705929279327393 0.33827355504035955 0.53452977538108837 -1.038487374782562
decision_type=2 2 2 2 2 2
left_child=1 4 3 -2 -1 -4
right_child=2 -3 5 -5 -6 -7
leaf_value=-0.0089229326713604392 0.0083682239089783502 0.0025715794673219976 0.0011177977035109635 0 0 -0.0039227067228683752
leaf_weight=2.5222725843923404 3.0945982032353645 1.3929219760175326 0.49331381390220463 0.57673223843084986 0.61451767721882777 0.83870440337341279
leaf_count=3808 854 117 19 249 237 1212
internal_value=0 -0.00433166 0.00452493 0.00715318 -0.00786174 -0.00166031
internal_weight=9.53306 4.52971 5.00335 3.67133 3.13679 1.33202
internal_count=6496 4162 2334 1103 4045 1231
is_linear=0
shrinkage=0.025


Tree=258
num_leaves=7
num_cat=0
split_feature=24 17 13 12 23 5
split_gain=0.800173 0.566112 0.215568 0.173881 0.131556 0.0795199
threshold=-3.5995274782180782 0.6637384593486787 3.5716581344604497 7.2184128761291513 -4.6284666061401358 4.0563411712646493
decision_type=2 2 2 2 2 2
left_child=4 3 -3 -2 -1 -6
right_child=1 2 -4 -5 5 -7
leaf_value=-0.000123133878106071 -0.0095321089120232252 -0.0021224784678476809 0.0042792458514467639 0 0.0065826485962748385 0
leaf_weight=0.28515220044937484 3.6950121148765906 0.83282787167263483 1.6030949011910705 0.25788648455636565 2.26309596232386 0.32839489376055997
leaf_count=111 5586 381 174 22 124 72
internal_value=-0.00126347 -0.0054639 0.00129456 -0.00872383 0.00481846 0.00590847
internal_weight=9.26546 6.38882 2.43592 3.9529 2.87664 2.59149
internal_count=6470 6163 555 5608 307 196
is_linear=0
shrinkage=0.025


Tree=259
num_leaves=7
num_cat=0
split_feature=6 27 24 12 22 0
split_gain=0.64055 0.452631 0.190944 0.135847 0.0733262 0.0420818
threshold=3.3075606822967534 0.22468334436416629 0.44985876977443701 5.832956314086915 0.96658754348754894 3.5869443416595463
decision_type=2 2 2 2 2 2
left_child=1 2 -1 -3 5 -2
right_child=4 3 -4 -5 -6 -7
leaf_value=0.0078370107645918015 0 -0.0037573007677500526 -0.00020553226701749622 0.0011654032485345041 0 -0.006738049040596529
leaf_weight=3.9587808889154985 0.27260607265270742 1.7323489807276931 0.21488752843288228 1.0680418295996785 0.37476695273653593 1.7370401698171916
leaf_count=447 322 2507 387 452 33 2215
internal_value=0 0.0037301 0.0068553 -0.00153502 -0.00562612 -0.00631534
internal_weight=9.35847 6.97406 4.17367 2.80039 2.38441 2.00965
internal_count=6363 3793 834 2959 2570 2537
is_linear=0
shrinkage=0.025


Tree=260
num_leaves=6
num_cat=0
split_feature=13 27 14 24 21
split_gain=0.631833 0.560076 0.229582 0.226258 0.179708
threshold=2.9592347145080571 0.22468334436416629 0.10101843625307085 0.44985876977443701 1.8383264541625979
decision_type=2 2 2 2 2
left_child=4 3 -3 -2 -1
right_child=1 2 -4 -5 -6
leaf_value=-0.0067735716819624057 0.0083123931812558467 0.0019123654795118368 -0.0047003479857084642 -0.00034307396749811905 0.00031851185892690925
leaf_weight=1.7566732847699316 4.54426403639809 0.75437118607442277 1.9132118615125362 0.25252626544533985 0.44438327383249987
leaf_count=2118 611 1052 2098 605 22
internal_value=0.000392823 0.00399488 -0.00198759 0.00727623 -0.00524683
internal_weight=9.66543 7.46437 2.66758 4.79679 2.20106
internal_count=6506 4366 3150 1216 2140
is_linear=0
shrinkage=0.025


Tree=261
num_leaves=6
num_cat=0
split_feature=6 25 21 18 26
split_gain=0.757712 0.511511 0.180776 0.130868 0.094271
threshold=2.9658141136169438 2.705929279327393 0.018845100887119774 0.67056339979171764 -1.0135286450386045
decision_type=2 2 2 2 2
left_child=1 2 -1 -2 -3
right_child=3 4 -4 -5 -6
leaf_value=0 -0.0078202912301475087 0.00026144344683317553 0.00739434495153203 0 -0.0042174924485810193
leaf_weight=0.58383613011756086 2.108024382792792 0.41678402088291466 4.2736909076193115 0.56774478910301684 1.147981178924965
leaf_count=695 2977 28 1032 138 1656
internal_value=-0.000566306 0.00331046 0.00632267 -0.00678067 -0.00278196
internal_weight=9.09806 6.42229 4.85753 2.67577 1.56477
internal_count=6526 3411 1727 3115 1684
is_linear=0
shrinkage=0.025


Tree=262
num_leaves=7
num_cat=0
split_feature=6 21 22 15 2 18
split_gain=0.663319 0.40183 0.27863 0.2357 0.0259358 0.0163984
threshold=2.9009968042373662 0.018845100887119774 0.91675469279289257 0.34943303465843206 4.792407989501954 0.67056339979171764
decision_type=2 2 2 2 2 2
left_child=1 4 5 -3 -1 -2
right_child=2 3 -4 -5 -6 -7
leaf_value=-0.0028834630308780854 -0.0079047065215293033 0.0077285962399977481 0.00074916958376704344 0 0 0
leaf_weight=0.8813927261653588 2.0830562369083063 3.688094863169681 0.70484935530112114 1.5675769776753439 0.10468665510416031 0.30614818005415134
leaf_count=1579 3067 1172 57 493 1 112
internal_value=0 0.00369139 -0.00568278 0.00601974 -0.00233688 -0.00764909
internal_weight=9.3358 6.24175 3.09405 5.25567 0.986079 2.3892
internal_count=6481 3245 3236 1665 1580 3179
is_linear=0
shrinkage=0.025


Tree=263
num_leaves=7
num_cat=0
split_feature=27 5 24 0 24 16
split_gain=0.596799 0.380655 0.378621 0.416508 0.0973401 0.0543933
threshold=0.12957300245761874 4.0181686878204355 -3.719550251960754 0.33183918893337255 0.15997706353664401 0.57771277427673351
decision_type=2 2 2 2 2 2
left_child=1 4 5 -4 -1 -2
right_child=2 -3 3 -5 -6 -7
leaf_value=0.0074408056473855462 0.0027582838216715626 -0.0018794737674969271 0.0014067163272870177 -0.0090960068068243489 0 -0.00029175166663879986
leaf_weight=2.8626381529211362 1.0978490125744427 0.92744535342717416 0.39520474642267833 3.3327440871544241 0.25524490910902375 0.25804317749862082
leaf_count=222 73 780 135 4877 224 98
internal_value=-0.000189246 0.00417295 -0.00462816 -0.00709848 0.00679194 0.0014216
internal_weight=9.12917 4.04533 5.08384 3.72795 3.11788 1.35589
internal_count=6409 1226 5183 5012 446 171
is_linear=0
shrinkage=0.025


Tree=264
num_leaves=7
num_cat=0
split_feature=27 22 27 13 22 16
split_gain=0.673909 0.398355 0.429564 0.377065 0.111906 0.0503012
threshold=0.12957300245761874 0.73933693766593944 0.73201322555542003 2.220696330070496 -0.25467561185359949 0.69168269634246837
decision_type=2 2 2 2 2 2
left_child=3 2 -2 -1 -5 -3
right_child=1 5 -4 4 -6 -7
leaf_value=-0.0018170575079183991 -0.0090831264167523032 0.0027926318002710333 0.0015272077300554296 0 0.0077376189411156072 -0.00012036816186788533
leaf_weight=0.56330216282367462 3.3114422512699098 1.1404818179835272 0.36248513052123588 0.11327585402614238 3.5371931773406686 0.23870176848140534
leaf_count=518 4945 80 90 236 447 100
internal_value=0 -0.00443014 -0.00703882 0.00492944 0.00714153 0.00160954
internal_weight=9.26688 5.05311 3.67393 4.21377 3.65047 1.37918
internal_count=6416 5215 5035 1201 683 180
is_linear=0
shrinkage=0.025


Tree=265
num_leaves=7
num_cat=0
split_feature=27 5 0 19 22 2
split_gain=0.640409 0.365591 0.275233 0.255753 0.0895876 0.0422877
threshold=0.12957300245761874 4.0181686878204355 0.33183918893337255 0.53393712639808666 -0.25467561185359949 -0.1624379679560661
decision_type=2 2 2 2 2 2
left_child=1 4 5 -4 -1 -2
right_child=2 -3 3 -5 -6 -7
leaf_value=0 0 -0.0014801053082544515 -0.0078320474816298575 0.00020012790351566607 0.0076845301752442932 0.0027164200258775486
leaf_weight=0.091755612789711782 0.2238828075278434 1.0404697513622521 3.4652497964889335 1.1537501477905605 2.9965981961249781 0.16030496070015932
leaf_count=181 105 759 4942 203 267 25
internal_value=0 0.0046919 -0.00446353 -0.00611485 0.00717353 0.00147083
internal_weight=9.13201 4.12882 5.00319 4.619 3.08835 0.384188
internal_count=6482 1207 5275 5145 448 130
is_linear=0
shrinkage=0.025


Tree=266
num_leaves=7
num_cat=0
split_feature=24 13 14 11 16 21
split_gain=0.537044 0.434058 0.24018 0.12309 0.109473 0.0256524
threshold=-3.5995274782180782 4.1172935962677011 0.16796167194843295 2.2256655693054204 0.59078633785247814 1.3386311531066897
decision_type=2 2 2 2 2 2
left_child=3 5 -3 -1 -5 -2
right_child=1 2 -4 4 -6 -7
leaf_value=-0.00025272832487080004 -0.0081290818309494861 0.0043775407375876031 -0.0022180258119880118 0.0062450755573669877 0 0
leaf_weight=0.20650135977484785 2.3071635910127957 1.4635058587991809 1.6598493836972918 2.2634510734096698 0.35367503408633627 0.58635249358485442
leaf_count=66 3818 1010 1220 145 102 66
internal_value=-0.000581071 -0.00428267 0.000895263 0.00420385 0.00531108 -0.00769039
internal_weight=8.8405 6.01687 3.12336 2.82363 2.61713 2.89352
internal_count=6427 6114 2230 313 247 3884
is_linear=0
shrinkage=0.025


Tree=267
num_leaves=7
num_cat=0
split_feature=27 6 25 19 21 17
split_gain=0.637896 0.511071 0.219118 0.0698762 0.0519076 0.0400523
threshold=0.1695247292518616 3.2023401260375981 0.76623818278312694 -0.19191905111074445 1.8383264541625979 0.48244491219520574
decision_type=2 2 2 2 2 2
left_child=1 3 5 -1 -3 -2
right_child=2 4 -4 -5 -6 -7
leaf_value=0 -0.0012111140329432585 -0.0035822281021209526 -0.007901832734274649 0.0072651141586205885 0 0.001625597618351847
leaf_weight=0.15470071596428203 0.7822505613221441 1.1731181616851243 2.0772139181099192 3.0461895148946496 0.25682302779750887 1.2633399148398892
leaf_count=100 701 1381 3709 292 10 206
internal_value=-0.00103153 0.00335453 -0.00578158 0.00681622 -0.00269709 0
internal_weight=8.75364 4.63083 4.1228 3.20089 1.42994 2.04559
internal_count=6399 1783 4616 392 1391 907
is_linear=0
shrinkage=0.025


Tree=268
num_leaves=7
num_cat=0
split_feature=27 13 27 25 21 27
split_gain=0.612455 0.375144 0.226473 0.313632 0.0968396 0.0388
threshold=0.12957300245761874 2.220696330070496 0.73201322555542003 0.44260199368000036 -0.16018923372030255 0.76658397912979137
decision_type=2 2 2 2 2 2
left_child=1 -1 3 -2 -3 -4
right_child=2 4 5 -5 -6 -7
leaf_value=-0.0018097712059951595 0 0 0.0025289722076334191 -0.008149238121709132 0.0076712763067379661 0
leaf_weight=0.56095244565949531 2.5696455894030805 0.12374961294335696 0.18759981008770399 2.3930906322129886 3.4491932413329778 0.21220143491518684
leaf_count=525 976 206 24 4203 476 83
internal_value=0 0.00491273 -0.00395802 -0.00544113 0.00713716 0.00128587
internal_weight=9.49643 4.1339 5.36254 4.96274 3.57294 0.399801
internal_count=6493 1207 5286 5179 682 107
is_linear=0
shrinkage=0.025


Tree=269
num_leaves=7
num_cat=0
split_feature=27 13 0 18 22 0
split_gain=0.495879 0.383327 0.218552 0.295937 0.113877 0.042605
threshold=0.12957300245761874 2.220696330070496 0.33183918893337255 0.46275307238101965 -0.25467561185359949 0.16176421195268634
decision_type=2 2 2 2 2 2
left_child=1 -1 5 -4 -3 -2
right_child=2 4 3 -5 -6 -7
leaf_value=-0.0020093844556888889 -1.8155624433194843e-05 0 -0.007173192210141466 0.0007311013781004952 0.0075234311440962494 0.0026756045467317105
leaf_weight=0.59456385849262039 0.23136288220121048 0.11995152394592956 3.4989096037206764 1.3153041633740938 3.2787395505911259 0.16733883611595957
leaf_count=537 109 228 4780 351 428 25
internal_value=0 0.00447915 -0.00356083 -0.00510455 0.00687891 0.00138566
internal_weight=9.20617 3.99325 5.21292 4.81421 3.39869 0.398702
internal_count=6458 1193 5265 5131 656 134
is_linear=0
shrinkage=0.025


Tree=270
num_leaves=7
num_cat=0
split_feature=13 22 15 21 26 7
split_gain=0.613098 0.498811 0.421683 0.375949 0.116341 0.10207
threshold=4.1172935962677011 0.78700777888298046 0.34943303465843206 0.018845100887119774 -1.0073747634887693 -1.0770112872123716
decision_type=2 2 2 2 2 2
left_child=1 5 3 -2 -4 -1
right_child=2 -3 4 -5 -6 -7
leaf_value=0 -0.0010996345322575412 0.0022316419996861055 0.00095764041277097078 0.0090106200538622866 -0.0038829735552910701 -0.0082159604406554596
leaf_weight=0.40378553549817331 0.45758141012265685 1.3673373586425439 0.45209892543789465 3.6106910283306206 0.75433654741209444 2.433858772918029
leaf_count=110 857 117 20 835 686 3831
internal_value=0.000264636 -0.00414251 0.00469245 0.00720494 -0.00175186 -0.00747563
internal_weight=9.47969 4.20498 5.27471 4.06827 1.20644 2.83764
internal_count=6456 4058 2398 1692 706 3941
is_linear=0
shrinkage=0.025


Tree=271
num_leaves=7
num_cat=0
split_feature=13 22 26 14 8 22
split_gain=0.576091 0.370377 0.341245 0.187253 0.108576 0.0787857
threshold=4.0074670314788827 0.85830289125442516 -0.88315320014953602 0.10101843625307085 -0.80985695123672474 -0.098771106451749788
decision_type=2 2 2 2 2 2
left_child=1 4 5 -4 -1 -2
right_child=2 -3 3 -5 -6 -7
leaf_value=0 0 0.00152058440077043 0.0021166526209023969 -0.003927912182664541 -0.0078720148343148482 0.0073016814162035135
leaf_weight=0.32332445492647899 0.10695802919872255 1.1321757983569112 0.59238507894770043 1.4409234753657072 2.5358599808678264 3.1283779700497689
leaf_count=71 194 99 647 1439 3723 282
internal_value=0 -0.00449684 0.00416622 -0.00102544 -0.00712634 0.00682956
internal_weight=9.26 3.99136 5.26864 2.03331 2.85918 3.23534
internal_count=6455 3893 2562 2086 3794 476
is_linear=0
shrinkage=0.025


Tree=272
num_leaves=7
num_cat=0
split_feature=27 27 5 18 27 2
split_gain=0.600201 0.298394 0.289528 0.153886 0.0352885 0.0295807
threshold=0.10981229320168497 0.73201322555542003 4.0181686878204355 0.46275307238101965 0.76658397912979137 2.2990269660949711
decision_type=2 2 2 2 2 2
left_child=2 3 5 -2 -3 -1
right_child=1 4 -4 -5 -6 -7
leaf_value=0 -0.0076868050212584348 0.0025613245052229466 -0.0014108173676045609 0 0 0.0065543077740054497
leaf_weight=0.10933859886427022 3.7075341751333326 0.18082583612704173 0.79188706363856898 1.082404199423763 0.18127245573850814 2.5804412808683992
leaf_count=33 5053 19 646 347 74 307
internal_value=-0.000683369 -0.00490009 0.00402975 -0.00653681 0.00149178 0.00632012
internal_weight=8.6337 5.15204 3.48167 4.78994 0.362098 2.68978
internal_count=6479 5493 986 5400 93 340
is_linear=0
shrinkage=0.025


Tree=273
num_leaves=7
num_cat=0
split_feature=18 19 11 26 13 16
split_gain=0.648402 0.297608 0.242486 0.213499 0.134206 0.0237626
threshold=0.18968506902456286 0.2481057941913605 2.2256655693054204 -0.79664191603660572 4.1172935962677011 2.3008575439453129
decision_type=2 2 2 2 2 2
left_child=1 5 -2 -4 -3 -1
right_child=2 4 3 -5 -6 -7
leaf_value=-0.0077668041417970667 -0.0013672615098253025 -0.0019031879431985355 0.0070549772545841841 -0.00029877533287125409 0.0032528586543742015 0
leaf_weight=2.4324916811892767 0.44647931046711153 0.68180159791154427 3.6652363585199055 0.80231619545156707 1.086726111203461 0.040878809180867282
leaf_count=4693 214 509 647 350 118 14
internal_value=-0.000157533 -0.00518646 0.00397948 0.00561385 0.000404183 -0.00761617
internal_weight=9.15593 4.2419 4.91403 4.46755 1.76853 2.47337
internal_count=6545 5334 1211 997 627 4707
is_linear=0
shrinkage=0.025


Tree=274
num_leaves=6
num_cat=0
split_feature=21 5 26 17 19
split_gain=0.659559 0.377107 0.207726 0.0794206 0.0771186
threshold=0.31097455322742468 4.0181686878204355 -0.79664191603660572 0.82996404170990001 0.92299509048461925
decision_type=2 2 2 2 2
left_child=3 2 -2 4 -1
right_child=1 -3 -4 -5 -6
leaf_value=-0.0075980286724300072 0.0066956487095656079 -0.0027602165823714352 -0.00023310012667639548 0 0
leaf_weight=2.3696947159223791 4.2872528634979972 0.73388795140999707 1.0739142243583044 0.19383451536123164 0.26304364052339213
leaf_count=4646 779 362 581 44 48
internal_value=-0.00085805 0.00292397 0.0052618 -0.00646989 -0.00703034
internal_weight=8.92163 6.09506 5.36117 2.82657 2.63274
internal_count=6460 1722 1360 4738 4694
is_linear=0
shrinkage=0.025


Tree=275
num_leaves=7
num_cat=0
split_feature=27 6 18 18 21 22
split_gain=0.638071 0.348431 0.202971 0.0732314 0.0701304 0.0251918
threshold=0.17100916057825091 3.2023401260375981 0.80014723539352428 -0.48511856794357294 1.8383264541625979 0.052331168204545982
decision_type=2 2 2 2 2 2
left_child=1 5 3 -2 -3 -1
right_child=2 4 -4 -5 -6 -7
leaf_value=0 0 -0.0030384864228739025 0.00052923587325552613 -0.0071826031155657818 0.00050414976207509429 0.0067542470100158854
leaf_weight=0.37204138294691835 0.30823407702337169 1.1906025178141133 0.43661523907576327 3.3903254267916054 0.39732887526042748 2.8512078573803592
leaf_count=232 261 1390 44 4320 11 183
internal_value=-0.000406824 0.00376872 -0.00535286 -0.00667083 -0.00149349 0.006453
internal_weight=8.94636 4.81118 4.13517 3.69856 1.58793 3.22325
internal_count=6441 1816 4625 4581 1401 415
is_linear=0
shrinkage=0.025


Tree=276
num_leaves=7
num_cat=0
split_feature=6 21 14 21 24 24
split_gain=0.509769 0.358549 0.322669 0.144628 0.047713 0.0366182
threshold=3.3648620843887334 0.0066418247297406205 0.42362438142299658 1.8383264541625979 -5.3866806030273429 -4.7407565116882315
decision_type=2 2 2 2 2 2
left_child=1 5 -3 4 -2 -1
right_child=3 2 -4 -5 -6 -7
leaf_value=0 0 0.0079204291291187917 -0.00023860624475923218 0.00018578349059121088 -0.0064834952434115571 -0.0028931593625220161
leaf_weight=0.16982714203186333 0.25656255616922874 3.8811986125729163 2.0627109740162268 0.44947902843705367 1.6864445210303529 0.87804424450223428
leaf_count=7 21 1329 720 22 2522 1850
internal_value=0.000193849 0.00363101 0.0057025 -0.00466742 -0.00601559 -0.00208593
internal_weight=9.38427 6.99178 5.94391 2.39249 1.94301 1.04787
internal_count=6471 3906 2049 2565 2543 1857
is_linear=0
shrinkage=0.025


Tree=277
num_leaves=7
num_cat=0
split_feature=26 13 0 25 21 1
split_gain=0.508805 0.354393 0.225843 0.350657 0.0717678 0.0419071
threshold=-0.99626988172531117 2.220696330070496 0.33183918893337255 0.76623818278312694 -0.16018923372030255 1.0000000180025095e-35
decision_type=2 2 2 2 2 2
left_child=1 -1 5 -4 -3 -2
right_child=2 4 3 -5 -6 -7
leaf_value=-0.0017283306813372418 0 0 0.0001941574373024106 -0.0081361779594784998 0.0074673233528773078 0.0027359404064644694
leaf_weight=0.54325286165476461 0.21922122815885803 0.095147837091645537 2.848392638599762 2.1093443744339311 2.976651722550741 0.15645860874428763
leaf_count=468 114 148 1181 4151 345 20
internal_value=0 0.00475752 -0.00345023 -0.00502816 0.00703894 0.00151915
internal_weight=8.94847 3.61505 5.33342 4.95774 3.0718 0.37568
internal_count=6427 961 5466 5332 493 134
is_linear=0
shrinkage=0.025


Tree=278
num_leaves=6
num_cat=0
split_feature=6 25 25 26 6
split_gain=0.729668 0.376748 0.135299 0.130026 0.125048
threshold=2.9009968042373662 2.705929279327393 -4.5618700981140128 -1.0135286450386045 -0.44899937510490412
decision_type=2 2 2 2 2
left_child=1 4 -2 -3 -1
right_child=2 3 -4 -5 -6
leaf_value=0 0 0.0012893840428780667 -0.0067340513935197762 -0.00374563081672016 0.0074286771776378218
leaf_weight=0.14214641450234911 0.75599970918847281 0.57112870470882615 2.0517251674064028 1.0471938204173055 4.4525941493884602
leaf_count=66 76 28 3076 1617 1595
internal_value=4.70673e-05 0.00443807 -0.00548872 -0.00139268 0.00679868
internal_weight=9.02079 6.21306 2.80772 1.61832 4.59474
internal_count=6458 3306 3152 1645 1661
is_linear=0
shrinkage=0.025


Tree=279
num_leaves=7
num_cat=0
split_feature=13 15 17 26 26 13
split_gain=0.51392 0.371982 0.269907 0.231994 0.110011 0.0923849
threshold=4.1172935962677011 0.34943303465843206 0.010012439452111723 -1.0073747634887693 -1.0073747634887693 2.220696330070496
decision_type=2 2 2 2 2 2
left_child=3 2 -2 5 -3 -1
right_child=1 4 -4 -5 -6 -7
leaf_value=-0.0013195169540519709 -0.00050204040205549093 0.00099341624594288672 0.0084802411730483147 -0.0058862766231472952 -0.0036758342533695083 0.0028314003137426941
leaf_weight=0.46801700752985187 0.47298767644679207 0.50700937458896078 3.2920176951301983 2.3919241062267247 0.70734584557067115 1.4148101423597834
leaf_count=443 662 27 1017 3304 672 328
internal_value=0.000491015 0.00459069 0.00699608 -0.00351095 -0.00148986 0.000682533
internal_weight=9.25411 4.97936 3.76501 4.27475 1.21436 1.88283
internal_count=6453 2378 1679 4075 699 771
is_linear=0
shrinkage=0.025


Tree=280
num_leaves=6
num_cat=0
split_feature=6 25 26 18 25
split_gain=0.483035 0.341038 0.150091 0.0794982 0.0657555
threshold=3.3648620843887334 2.705929279327393 -1.0135286450386045 0.0054198598954826602 -4.5618700981140128
decision_type=2 2 2 2 2
left_child=1 3 -3 -1 -2
right_child=4 2 -4 -5 -6
leaf_value=0 0 0.0011334700527820989 -0.0043778798937478209 0.0060043299984455772 -0.0061943838053071833
leaf_weight=0.88287813719580288 0.52028176371823098 0.58799850843934098 1.01017358005447 3.9742848946225422 1.6135555650471358
leaf_count=989 64 40 1879 1017 2531
internal_value=-5.31599e-05 0.00279154 -0.00208057 0.00527089 -0.00545995
internal_weight=8.58917 6.45534 1.59817 4.85716 2.13384
internal_count=6520 3925 1919 2006 2595
is_linear=0
shrinkage=0.025


Tree=281
num_leaves=7
num_cat=0
split_feature=22 6 26 0 27 19
split_gain=0.665826 0.383159 0.293691 0.0310493 0.0259888 0.0237512
threshold=0.0368129350244999 3.2023401260375981 -0.79664191603660572 3.5869443416595463 -0.021562705747783181 0.34062892198562628
decision_type=2 2 2 2 2 2
left_child=4 2 -2 -3 -1 -6
right_child=1 3 -4 -5 5 -7
leaf_value=0 0.0073340127942697203 0 -0.00069158814600908875 -0.0030081718896277504 -0.007025743465646825 0
leaf_weight=0.1871840585554313 4.083872154231357 0.17482336247121555 1.1431912181178638 1.1409920004480225 2.0173469645051232 0.19937774891150173
leaf_count=96 472 31 601 726 4412 148
internal_value=-0.000523879 0.00301133 0.00548766 -0.00239292 -0.00652573 -0.00677794
internal_weight=8.94679 6.54288 5.22706 1.31582 2.40391 2.21672
internal_count=6486 1830 1073 757 4656 4560
is_linear=0
shrinkage=0.025


Tree=282
num_leaves=6
num_cat=0
split_feature=21 13 14 18 16
split_gain=0.491588 0.390632 0.220423 0.0707796 0.0407029
threshold=0.0066418247297406205 2.9592347145080571 0.55241712927818309 0.53452977538108837 1.384754002094269
decision_type=2 2 2 2 2
left_child=4 3 -3 -2 -1
right_child=1 2 -4 -5 -6
leaf_value=-0.0052703391331997721 -0.0035332698116715732 0.0073608767578497132 0 0.00012719066940293367 0
leaf_weight=1.5000742728770999 0.86839115882685269 4.3657091857421619 1.8400739673088535 0.64139740429163794 0.13109017358510744
leaf_count=3093 860 1666 627 143 55
internal_value=0.000419997 0.00348759 0.0057438 -0.00211483 -0.00483643
internal_weight=9.34674 7.71557 6.20578 1.50979 1.63116
internal_count=6444 3296 2293 1003 3148
is_linear=0
shrinkage=0.025


Tree=283
num_leaves=7
num_cat=0
split_feature=6 25 21 26 22 0
split_gain=0.622577 0.40172 0.172517 0.114168 0.0285749 0.0270258
threshold=3.3648620843887334 2.705929279327393 0.0066418247297406205 -1.038487374782562 0.96658754348754894 3.5869443416595463
decision_type=2 2 2 2 2 2
left_child=1 2 -1 -3 5 -2
right_child=4 3 -4 -5 -6 -7
leaf_value=0 0 0.0008594439641801141 0.0071828218676379257 -0.0038840556732365919 0 -0.0062311338334071062
leaf_weight=0.55965514962008445 0.27271311888034722 0.4635617868771077 4.718806471908465 1.1137784631118846 0.2464673819777089 1.6042874579943598
leaf_count=735 317 26 1258 1906 31 2211
internal_value=0 0.00375802 0.00618818 -0.00194617 -0.00557843 -0.00590179
internal_weight=8.97927 6.8558 5.27846 1.57734 2.12347 1.877
internal_count=6484 3925 1993 1932 2559 2528
is_linear=0
shrinkage=0.025


Tree=284
num_leaves=5
num_cat=0
split_feature=6 21 14 19
split_gain=0.709985 0.301679 0.158038 0.0241041
threshold=3.2023401260375981 0.0066418247297406205 0.42362438142299658 0.99935302138328563
decision_type=2 2 2 2
left_child=1 3 -3 -1
right_child=-2 2 -4 -5
leaf_value=-0.0027252628839196814 -0.007241377413478408 0.0065096074736952034 0 0
leaf_weight=0.83313317801184883 2.0984290806991339 3.1522255346935708 2.1032808745621878 0.10390103608369827
leaf_count=1768 2779 1223 699 1
internal_value=-0.0010577 0.00277815 0.0049044 -0.00218165
internal_weight=8.29097 6.19254 5.25551 0.937034
internal_count=6470 3691 1922 1769
is_linear=0
shrinkage=0.025


Tree=285
num_leaves=7
num_cat=0
split_feature=6 21 25 21 22 22
split_gain=0.51243 0.424249 0.191211 0.132238 0.0249406 0.0148876
threshold=3.3075606822967534 0.0066418247297406205 2.705929279327393 1.8383264541625979 1.1237759590148928 1.2044067382812502
decision_type=2 2 2 2 2 2
left_child=1 5 -3 4 -2 -1
right_child=3 2 -4 -5 -6 -7
leaf_value=-0.0028532496956897575 -0.0062989770677978167 0.0072757402593089139 0 2.0007045134918901e-05 0 0
leaf_weight=0.86267728697930568 1.6311656928555751 4.4795054649803205 1.1376822812599128 0.48067204252583895 0.13783083271118801 0.061316769570112228
leaf_count=1833 2567 1250 762 27 22 1
internal_value=0.000112436 0.00367147 0.00600067 -0.00476885 -0.00604701 -0.00254678
internal_weight=8.79085 6.54118 5.61719 2.24967 1.769 0.923994
internal_count=6462 3846 2012 2616 2589 1834
is_linear=0
shrinkage=0.025


Tree=286
num_leaves=7
num_cat=0
split_feature=21 19 6 12 23 13
split_gain=0.70359 0.276395 0.246816 0.151481 0.150883 0.0834484
threshold=0.94192287325859081 0.34062892198562628 3.3075606822967534 7.2184128761291513 -6.29791235923767 4.0074670314788827
decision_type=2 2 2 2 2 2
left_child=1 3 4 -1 -2 -3
right_child=2 5 -4 -5 -6 -7
leaf_value=-0.0089984086866377409 -0.0001146794343673113 -0.0015805278412740341 -0.0014719000155887858 0 0.0067764497056264777 0.0025219483247538718
leaf_weight=3.144132981595249 0.23222402826650146 0.65838154715675024 0.48369788288255211 0.23556312105210953 2.4236064508913842 0.97780934208276449
leaf_count=5515 112 416 149 23 162 101
internal_value=-0.00207344 -0.00625618 0.00357935 -0.00820956 0.00567615 0
internal_weight=8.15542 5.01589 3.13953 3.3797 2.65583 1.63619
internal_count=6478 6055 423 5538 274 517
is_linear=0
shrinkage=0.025


Tree=287
num_leaves=7
num_cat=0
split_feature=18 14 11 25 19 11
split_gain=0.40677 0.299911 0.276269 0.239634 0.0362905 0.0228464
threshold=0.0054198598954826602 0.39028939604759222 2.2256655693054204 -2.7816532850265498 0.28269316256046301 3.6889284849166875
decision_type=2 2 2 2 2 2
left_child=4 2 -2 -3 -1 -6
right_child=1 3 -4 -5 5 -7
leaf_value=-0.0056515785915111196 -0.0011530551078086377 0.0020040571848687202 0.0069369038400473359 -0.0048172969862291699 -0.0011914683072152771 0.0010938641354391342
leaf_weight=1.5814832556952754 0.39379305344846249 0.99533188980785814 3.3423761044959974 1.2511300073092568 0.37979861919302482 0.55087993219058262
leaf_count=3713 192 117 1003 995 327 92
internal_value=-0.00029503 0.00248596 0.00519689 -0.00163508 -0.00499639 0
internal_weight=8.49479 5.98263 3.73617 2.24646 2.51216 0.930679
internal_count=6439 2307 1195 1112 4132 419
is_linear=0
shrinkage=0.025


Tree=288
num_leaves=6
num_cat=0
split_feature=25 5 14 27 22
split_gain=0.406838 0.564163 0.1219 0.0996403 0.0283936
threshold=2.705929279327393 4.0390315055847177 0.42362438142299658 0.024204450659453872 0.96658754348754894
decision_type=2 2 2 2 2
left_child=1 2 -1 -2 -3
right_child=3 4 -4 -5 -6
leaf_value=0.0072376890131035376 0 -0.003910790138966151 0 -0.0056441829153626106 0
leaf_weight=3.9012062914698618 0.33474937731443777 1.0041401502621736 1.9080550676517303 1.4342170535801413 0.39658692237571802
leaf_count=1697 90 1004 906 2746 35
internal_value=0 0.00302292 0.0060074 -0.00459143 -0.00340208
internal_weight=8.97895 7.20999 5.80926 1.76897 1.40073
internal_count=6478 3642 2603 2836 1039
is_linear=0
shrinkage=0.025


Tree=289
num_leaves=7
num_cat=0
split_feature=13 15 18 21 24 27
split_gain=0.389081 0.346791 0.310655 0.260009 0.0925741 0.0510375
threshold=4.2282896041870126 0.33350928127765661 0.53452977538108837 0.018845100887119774 -4.7407565116882315 0.084011998027563109
decision_type=2 2 2 2 2 2
left_child=2 3 4 -2 -1 -3
right_child=1 5 -4 -5 -6 -7
leaf_value=0 -0.00085270120500731492 0 0.0011814420629927161 0.0073776414607839144 -0.0074633057731903832 -0.0033324862965129335
leaf_weight=0.45569332482045899 0.40718735274276729 0.29224539271672245 1.1870665853821263 2.6556426532370097 2.5202475472269725 0.69727555455756374
leaf_count=45 747 18 281 725 3971 659
internal_value=-0.000619698 0.00283484 -0.00437646 0.00565805 -0.00672788 -0.00228864
internal_weight=8.21536 4.05235 4.16301 3.06283 2.97594 0.989521
internal_count=6446 2149 4297 1472 4016 677
is_linear=0
shrinkage=0.025


Tree=290
num_leaves=7
num_cat=0
split_feature=6 25 18 17 2 22
split_gain=0.386613 0.40004 0.110935 0.0970524 0.0710883 0.0699877
threshold=2.9009968042373662 2.705929279327393 0.52245736122131359 0.010012439452111723 2.9328023195266728 0.91675469279289257
decision_type=2 2 2 2 2 2
left_child=1 3 5 -1 -3 -2
right_child=2 4 -4 -5 -6 -7
leaf_value=0 -0.0059945202615225013 -0.0036734450796168197 0 0.0066927997784473926 9.3485303663713766e-05 0
leaf_weight=0.81594296863840998 1.8203265688134713 0.86843176787078824 0.79559998263357545 3.6061943550375872 0.42474367875365715 0.34652267399360415
leaf_count=602 2913 1470 262 1030 153 30
internal_value=0 0.00319856 -0.00407169 0.00587169 -0.00235179 -0.00530032
internal_weight=8.67776 5.71531 2.96245 4.42214 1.29318 2.16685
internal_count=6460 3255 3205 1632 1623 2943
is_linear=0
shrinkage=0.025


Tree=291
num_leaves=7
num_cat=0
split_feature=26 25 13 21 22 22
split_gain=0.620387 0.329246 0.250937 0.0638155 0.055298 0.0294005
threshold=-0.99626988172531117 0.76623818278312694 2.220696330070496 -0.16018923372030255 1.4670578837394717 0.043939270079135902
decision_type=2 2 2 2 2 2
left_child=2 5 -1 -4 -3 -2
right_child=1 4 3 -5 -6 -7
leaf_value=-0.001404606506365469 -0.00079852153947657838 -0.0084878443514180314 0 0.0063046720493655332 0 0.0014140005535465644
leaf_weight=0.4855424715788107 0.34954135378393436 2.2501159916864713 0.10069924468553004 2.7725212180994272 0.1172944220015778 2.4846096943983866
leaf_count=479 480 4286 155 347 10 716
internal_value=-0.00112929 -0.0052575 0.00383682 0.00584591 -0.00813667 7.85257e-06
internal_weight=8.56032 5.20156 3.35876 2.87322 2.36741 2.83415
internal_count=6473 5492 981 502 4296 1196
is_linear=0
shrinkage=0.025


Tree=292
num_leaves=7
num_cat=0
split_feature=6 25 21 21 24 26
split_gain=0.384069 0.362424 0.139271 0.106813 0.0728291 0.0643716
threshold=2.9009968042373662 2.705929279327393 0.018845100887119774 1.3386311531066897 -5.3866806030273429 -1.077171206474304
decision_type=2 2 2 2 2 2
left_child=1 2 -1 4 -2 -3
right_child=3 5 -4 -5 -6 -7
leaf_value=0 0 4.191672169291933e-05 0.0063782989302701328 0 -0.0063694375739247137 -0.0035105007499724311
leaf_weight=0.44472106463945227 0.32132635239395368 0.28763273039658077 3.7105184969259426 0.65621969444327977 1.8192024066556769 1.1024107019165965
leaf_count=646 28 15 983 67 3088 1622
internal_value=-9.58714e-05 0.00268086 0.0054036 -0.00459159 -0.00568942 -0.00233971
internal_weight=8.34203 5.54528 4.15524 2.79675 2.14053 1.39004
internal_count=6449 3266 1629 3183 3116 1637
is_linear=0
shrinkage=0.025


Tree=293
num_leaves=7
num_cat=0
split_feature=6 15 22 24 26 8
split_gain=0.425936 0.366078 0.200842 0.146115 0.115588 0.075786
threshold=2.9009968042373662 0.17917069047689441 -0.30285616219043726 -5.3866806030273429 -0.98391422629356373 -0.80985695123672474
decision_type=2 2 2 2 2 2
left_child=1 2 -1 -2 -3 -5
right_child=3 4 -4 5 -6 -7
leaf_value=-0.00036329183210281982 0.00017615488293909974 0.0009988020516433424 0.0074097738120863762 0 -0.0035979845835269436 -0.0066110089368571065
leaf_weight=0.31010785251419326 0.54223406428354826 0.72057755829519043 2.8743282595369237 0.33556991887599075 1.6154252112064567 2.0221984590516509
leaf_count=584 32 60 1070 71 1535 3129
internal_value=0 0.00304925 0.00612967 -0.00461687 -0.00161375 -0.00593924
internal_weight=8.42044 5.52044 3.18444 2.9 2.336 2.35777
internal_count=6481 3249 1654 3232 1595 3200
is_linear=0
shrinkage=0.025


Tree=294
num_leaves=7
num_cat=0
split_feature=6 25 7 18 19 22
split_gain=0.437219 0.281378 0.204561 0.176055 0.0799311 0.0321192
threshold=2.9009968042373662 0.76623818278312694 5.0887603759765634 0.52245736122131359 -0.19191905111074445 1.1237759590148928
decision_type=2 2 2 2 2 2
left_child=1 4 -3 5 -1 -2
right_child=3 2 -4 -5 -6 -7
leaf_value=0 -0.0069032739913871865 -0.0040242382243617153 0.002202990954398268 0.00014160094053870448 0.006071529055179394 0
leaf_weight=0.15477893943170817 1.7579064520577961 1.8941933015539691 0.61829270766611433 0.84751848161613441 3.043705738557037 0.14879622141597781
leaf_count=122 2895 2565 241 270 395 10
internal_value=-0.000204035 0.00276292 -0.00121356 -0.00497676 0.00548398 -0.00661226
internal_weight=8.46519 5.71097 2.51249 2.75422 3.19848 1.9067
internal_count=6498 3323 2806 3175 517 2905
is_linear=0
shrinkage=0.025


Tree=295
num_leaves=7
num_cat=0
split_feature=13 18 15 21 22 26
split_gain=0.407227 0.449865 0.308103 0.270354 0.136091 0.0901095
threshold=4.1408989429473886 0.52245736122131359 0.34943303465843206 0.018845100887119774 0.85830289125442516 -1.0073747634887693
decision_type=2 2 2 2 2 2
left_child=1 4 3 -2 -1 -4
right_child=2 -3 5 -5 -6 -7
leaf_value=-0.0081310707314580424 -0.000846370608197348 0.0020744533232181614 0.00069617744263877381 0.0076075743210720142 0 -0.0034932321884664692
leaf_weight=2.1782186994696535 0.40702909089486672 1.4103652532648991 0.44152142715756781 2.9544441883117543 0.50601029844256107 0.69945777735665593
leaf_count=3734 824 320 24 814 50 667
internal_value=0 -0.00386628 0.00353239 0.00594245 -0.00711981 -0.00160744
internal_weight=8.59705 4.09459 4.50245 3.36147 2.68423 1.14098
internal_count=6433 4104 2329 1638 3784 691
is_linear=0
shrinkage=0.025


Tree=296
num_leaves=7
num_cat=0
split_feature=21 7 19 13 16 18
split_gain=0.400462 0.323967 0.417768 0.15262 0.120129 0.0452066
threshold=0.94192287325859081 5.0887603759765634 0.34062892198562628 2.220696330070496 0.81575119495391857 0.0054198598954826602
decision_type=2 2 2 2 2 2
left_child=1 2 -1 -2 -5 -3
right_child=3 5 -4 4 -6 -7
leaf_value=-0.0083615709562350569 -0.00057716718355158936 0 0.00088703074609416867 0.0063220775247831845 0 0.0031857714491944251
leaf_weight=2.831677291487722 0.29400428221561048 0.18454976046268701 1.8508784868317887 2.5739276739295751 0.38127217163855665 0.43530922543868655
leaf_count=5281 89 190 509 207 123 56
internal_value=0 -0.00335947 -0.0054901 0.00403061 0.00534931 0.00218822
internal_weight=8.55162 5.30241 4.68256 3.2492 2.9552 0.619859
internal_count=6455 6036 5790 419 330 246
is_linear=0
shrinkage=0.025


Tree=297
num_leaves=7
num_cat=0
split_feature=26 6 18 22 21 14
split_gain=0.567758 0.439627 0.183866 0.109178 0.0899977 0.0356821
threshold=-0.88315320014953602 3.2023401260375981 0.84199908375740062 -0.098771106451749788 1.8383264541625979 -0.6927228271961211
decision_type=2 2 2 2 2 2
left_child=1 3 5 -1 -3 -2
right_child=2 4 -4 -5 -6 -7
leaf_value=0 0 -0.0037484840630356018 0.0003510795199531172 0.0070254429809735912 0.00044314229971359617 -0.0071728690994450287
leaf_weight=0.15915606411908845 0.23881846681797547 1.3481990309664977 0.35083584207313823 3.4220981312864751 0.40212424343917508 2.5231665724440973
leaf_count=335 101 1855 27 413 15 3707
internal_value=-0.000418755 0.0032136 -0.00555682 0.00636315 -0.00224466 -0.00685521
internal_weight=8.4444 5.33158 3.11282 3.58125 1.75032 2.76199
internal_count=6453 2618 3835 748 1870 3808
is_linear=0
shrinkage=0.025


Tree=298
num_leaves=7
num_cat=0
split_feature=6 21 14 18 2 14
split_gain=0.446265 0.302012 0.191732 0.1742 0.0194088 0.0191713
threshold=2.9009968042373662 0.018845100887119774 0.55241712927818309 0.52245736122131359 4.792407989501954 -1.2468337416648863
decision_type=2 2 2 2 2 2
left_child=1 4 -3 5 -1 -2
right_child=3 2 -4 -5 -6 -7
leaf_value=-0.0022888980134763248 0 0.0071422685354358036 0 0.00040756303770213823 0 -0.0061315051614521032
leaf_weight=0.73912657306209428 0.20798767378983107 3.4933432622601686 1.327335323745501 0.85798609486664634 0.10254205763339996 1.8144001555301654
leaf_count=1586 87 1229 461 263 1 2832
internal_value=0 0.00365719 0.00564936 -0.00415895 -0.0017523 -0.00589708
internal_weight=8.54272 5.66235 4.82068 2.88037 0.841669 2.02239
internal_count=6459 3277 1690 3182 1587 2919
is_linear=0
shrinkage=0.025


Tree=299
num_leaves=7
num_cat=0
split_feature=21 19 6 12 6 20
split_gain=0.562301 0.339788 0.188045 0.153419 0.104997 0.071359
threshold=0.94192287325859081 0.2481057941913605 3.3075606822967534 7.2184128761291513 3.2023401260375981 1.3679675459861758
decision_type=2 2 2 2 2 2
left_child=1 3 5 -1 -3 -2
right_child=2 4 -4 -5 -6 -7
leaf_value=-0.0091144105759795313 0.0056561511912759273 0.0027656353496385692 -0.0012115665292919315 0 -0.0017361453388725257 0
leaf_weight=2.7105820557953852 2.1524805133158234 1.4534758545378283 0.44313185053761106 0.23059110829490226 0.57048728263907822 0.37958076341601543
leaf_count=5296 161 237 137 21 489 115
internal_value=-0.00208137 -0.00577907 0.00306018 -0.00828164 0.000274316 0.00494556
internal_weight=7.94033 4.96514 2.97519 2.94117 2.02396 2.53206
internal_count=6456 6043 413 5317 726 276
is_linear=0
shrinkage=0.025


Tree=300
num_leaves=6
num_cat=0
split_feature=6 25 24 21 27
split_gain=0.50276 0.303464 0.147527 0.133583 0.112547
threshold=2.9009968042373662 2.705929279327393 -5.3866806030273429 0.018845100887119774 0.092750731855630889
decision_type=2 2 2 2 2
left_child=1 3 -2 -1 -3
right_child=2 4 -4 -5 -6
leaf_value=-1.361541838944103e-05 0 0.00077092960351884694 -0.0070026559952544717 0.0060221297191223374 -0.0039827755039439031
leaf_weight=0.44830185173123016 0.3990151358302686 0.49300861336087087 2.1048430652590469 3.6603785848419648 0.89454595220558986
leaf_count=643 30 27 3130 1021 1604
internal_value=-0.000846775 0.00253308 -0.00584312 0.00503144 -0.00203394
internal_weight=8.00009 5.49624 2.50386 4.10868 1.38755
internal_count=6455 3295 3160 1664 1631
is_linear=0
shrinkage=0.025


Tree=301
num_leaves=7
num_cat=0
split_feature=6 25 21 26 8 24
split_gain=0.467159 0.371842 0.144443 0.0922046 0.0547012 0.0368575
threshold=3.3075606822967534 2.705929279327393 0.0066418247297406205 -1.038487374782562 -0.80985695123672474 -5.3866806030273429
decision_type=2 2 2 2 2 2
left_child=1 2 -1 -3 -2 -6
right_child=4 3 -4 -5 5 -7
leaf_value=0 0 0.00051918515301527539 0.0066884993644197397 -0.0037302191891585759 0 -0.0060089830380940391
leaf_weight=0.53330283051582217 0.35095912444739985 0.44003532812348556 4.1247399523017521 1.0620582818719411 0.26671612757490959 1.521650837939887
leaf_count=723 81 27 1240 1838 23 2505
internal_value=0 0.00319209 0.00573746 -0.00208216 -0.00499686 -0.00559426
internal_weight=8.29946 6.16014 4.65804 1.50209 2.13933 1.78837
internal_count=6437 3828 1963 1865 2609 2528
is_linear=0
shrinkage=0.025


Tree=302
num_leaves=7
num_cat=0
split_feature=6 25 22 21 21 26
split_gain=0.366609 0.304976 0.140157 0.162218 0.13685 0.0959063
threshold=2.9009968042373662 2.705929279327393 0.96658754348754894 1.8383264541625979 0.018845100887119774 -1.0135286450386045
decision_type=2 2 2 2 2 2
left_child=1 4 3 -2 -1 -3
right_child=2 5 -4 -5 -6 -7
leaf_value=0 -0.0068248125907060843 0.00075277108361164967 0.00029712552415218885 0.00011370180962371146 0.0064411594735855685 -0.0035318456132098957
leaf_weight=0.4324722351557283 1.7281836375696009 0.48851544009812642 0.57130156538914878 0.46150176925584663 3.7328213561995653 0.99874886067300372
leaf_count=647 3081 26 43 24 995 1599
internal_value=0 0.00312708 -0.00401266 -0.00543106 0.00549534 -0.00166558
internal_weight=8.41354 5.65256 2.76099 2.18969 4.16529 1.48726
internal_count=6415 3267 3148 3105 1642 1625
is_linear=0
shrinkage=0.025


Tree=303
num_leaves=7
num_cat=0
split_feature=6 25 17 17 22 26
split_gain=0.333931 0.301053 0.121257 0.0930663 0.08319 0.0626449
threshold=2.9009968042373662 2.705929279327393 1.1826586723327639 0.012764601036906244 0.91675469279289257 -1.0135286450386045
decision_type=2 2 2 2 2 2
left_child=1 3 4 -1 -2 -3
right_child=2 5 -4 -5 -6 -7
leaf_value=0 -0.0061898525322812347 0.00017837157159630539 3.6787441818659056e-05 0.0060923317820881021 0 -0.0032083793064950068
leaf_weight=0.77149232264855516 1.6138242341003213 0.3906783983547939 0.70654344235663291 3.276957316626067 0.4276593298127408 0.9423030855868999
leaf_count=608 3004 32 88 1043 46 1597
internal_value=0 0.00282882 -0.00402676 0.00524629 -0.00534821 -0.00187173
internal_weight=8.12946 5.38143 2.74803 4.04845 2.04148 1.33298
internal_count=6418 3280 3138 1651 3050 1629
is_linear=0
shrinkage=0.025


Tree=304
num_leaves=6
num_cat=0
split_feature=18 13 16 16 18
split_gain=0.658004 0.177826 0.17493 0.111916 0.0904172
threshold=0.14817416667938235 2.220696330070496 0.81575119495391857 1.384754002094269 -0.48511856794357294
decision_type=2 2 2 2 2
left_child=3 -2 -3 4 -1
right_child=1 2 -4 -5 -6
leaf_value=0 -0.000929411993359966 0.0061883352680926632 -0.00046072961592304108 0 -0.0072442534985201965
leaf_weight=0.62301781565656789 0.37828402281593287 4.2798962922806822 0.32462925583058666 0.22481543394496828 2.5901543720319751
leaf_count=563 259 896 172 81 4438
internal_value=-0.000310756 0.00375398 0.00507301 -0.00567622 -0.00645119
internal_weight=8.4208 4.98281 4.60453 3.43799 3.21317
internal_count=6409 1327 1068 5082 5001
is_linear=0
shrinkage=0.025


Tree=305
num_leaves=7
num_cat=0
split_feature=26 22 13 17 22 25
split_gain=0.55891 0.273909 0.215966 0.0773573 0.0540897 0.0147839
threshold=-0.99626988172531117 0.73933693766593944 2.220696330070496 0.6637384593486787 -0.25467561185359949 -0.89736446738243092
decision_type=2 2 2 2 2 2
left_child=2 3 -1 -2 -4 -3
right_child=1 5 4 -5 -6 -7
leaf_value=-0.0013452214223188097 -0.0081751797670401704 0.001349454964109551 0 0 0.0057093504361651519 0
leaf_weight=0.46743384444926084 2.6394120086824846 0.98519522388960468 0.074550544573868005 1.1087192283339389 2.6220916303136614 0.27265576665740787
leaf_count=468 4815 91 164 409 332 97
internal_value=-0.00158131 -0.00540844 0.00331217 -0.00726887 0.00528097 0.000514929
internal_weight=8.17006 5.00598 3.16408 3.74813 2.69664 1.25785
internal_count=6376 5412 964 5224 496 188
is_linear=0
shrinkage=0.025


Tree=306
num_leaves=6
num_cat=0
split_feature=21 14 5 25 24
split_gain=0.381192 0.324699 0.339267 0.151831 0.0362154
threshold=0.0066418247297406205 0.44500677287578588 4.0181686878204355 -2.7816532850265498 -4.7407565116882315
decision_type=2 2 2 2 2
left_child=4 2 -2 -3 -1
right_child=1 3 -4 -5 -6
leaf_value=0 0.007525838980732032 0.0014456980857380781 -0.0012175232798970481 -0.003858393110632752 -0.004691389033698464
leaf_weight=0.21697069777292188 4.0815027612006816 0.9137652339486525 0.70524393994855916 1.5035575818546929 1.3717414069433287
leaf_count=25 1745 114 455 984 3199
internal_value=0.000327697 0.00316336 0.00563514 -0.0013878 -0.00422481
internal_weight=8.79278 7.20407 4.78675 2.41732 1.58871
internal_count=6522 3298 2200 1098 3224
is_linear=0
shrinkage=0.025


Tree=307
num_leaves=7
num_cat=0
split_feature=26 26 13 22 22 26
split_gain=0.386473 0.34176 0.22257 0.155859 0.0831253 0.0414987
threshold=-0.99626988172531117 -0.38624651730060572 2.220696330070496 0.78700777888298046 -0.098771106451749788 -0.35065858066081995
decision_type=2 2 2 2 2 2
left_child=2 3 -1 -2 -4 -3
right_child=1 5 4 -5 -6 -7
leaf_value=-0.0013355262762770803 -0.0071614001867967396 0.0031181248399391698 0 0 0.0060670456954568033 0
leaf_weight=0.47105242788893553 3.3930668884095212 0.31710149351056316 0.10938961913416356 1.061872261445387 2.5695494980755025 0.16389969032024954
leaf_count=476 5204 22 217 170 298 84
internal_value=-0.000272643 -0.00382267 0.00345571 -0.0059349 0.00543314 0.00216791
internal_weight=8.08593 4.93594 3.14999 4.45494 2.67894 0.481001
internal_count=6471 5480 991 5374 515 106
is_linear=0
shrinkage=0.025


Tree=308
num_leaves=7
num_cat=0
split_feature=21 7 19 13 16 7
split_gain=0.397221 0.306783 0.450211 0.14186 0.115173 0.0456326
threshold=0.94192287325859081 5.0887603759765634 0.36850512027740484 2.220696330070496 0.82914096117019664 5.5036964416503915
decision_type=2 2 2 2 2 2
left_child=1 2 -1 -2 -5 -3
right_child=3 5 -4 4 -6 -7
leaf_value=-0.0083996312895911664 -0.00042227898946788436 0.0031634574753867115 0.001110567882261431 0.0063451772466336992 0 0
leaf_weight=2.6849754783961544 0.27297018794342909 0.42723472670695617 1.8559667395311406 2.5665158703268394 0.36979623141087348 0.19069717362435767
leaf_count=5281 91 128 486 207 116 122
internal_value=0 -0.00318928 -0.00531257 0.00420174 0.00541435 0.00214269
internal_weight=8.36816 5.15887 4.54094 3.20928 2.93631 0.617932
internal_count=6431 6017 5767 414 323 250
is_linear=0
shrinkage=0.025


Tree=309
num_leaves=7
num_cat=0
split_feature=13 25 24 21 26 18
split_gain=0.585515 0.399996 0.341248 0.142347 0.0630067 0.0253701
threshold=4.1408989429473886 2.705929279327393 -3.5995274782180782 0.018845100887119774 -1.077171206474304 0.38815404474735266
decision_type=2 2 2 2 2 2
left_child=2 3 5 -2 -3 -1
right_child=1 4 -4 -5 -6 -7
leaf_value=0 0 4.5802350586815851e-05 -0.0079041904197778741 0.0072225075616185498 -0.00349887768173897 0.0019058778154957133
leaf_weight=0.19788452380453259 0.21713086218005662 0.23462604102678586 2.3680039091796061 3.1451756101123465 0.7585333526985778 0.88386726514363545
leaf_count=83 421 10 3956 695 1207 62
internal_value=-0.00053524 0.00353721 -0.00546715 0.00633807 -0.00227904 0.000952356
internal_weight=7.80522 4.35547 3.44976 3.36231 0.993159 1.08175
internal_count=6434 2333 4101 1116 1217 145
is_linear=0
shrinkage=0.025


Tree=310
num_leaves=7
num_cat=0
split_feature=21 13 14 21 16 20
split_gain=0.345165 0.300339 0.181027 0.0626846 0.0367124 0.0223658
threshold=0.0066418247297406205 2.9592347145080571 0.55241712927818309 1.8383264541625979 1.384754002094269 2.8255935907363896
decision_type=2 2 2 2 2 2
left_child=4 3 -3 -2 5 -1
right_child=1 2 -4 -5 -6 -7
leaf_value=-0.004759401026856693 -0.0031630902636837484 0.0066069200570847411 0 0.00020040009633160317 0 0
leaf_weight=1.3486858043233949 0.9889120494462984 3.929054311445725 1.7207786192448109 0.43548134333104827 0.11976136289740669 0.065958295579548465
leaf_count=3128 995 1671 618 21 55 21
internal_value=0.000275188 0.00301658 0.00509652 -0.00180627 -0.00404443 -0.00449887
internal_weight=8.60863 7.07423 5.64983 1.42439 1.53441 1.41464
internal_count=6509 3305 2289 1016 3204 3149
is_linear=0
shrinkage=0.025


Tree=311
num_leaves=7
num_cat=0
split_feature=26 0 19 13 22 2
split_gain=0.387341 0.228221 0.316859 0.226216 0.0852651 0.0373339
threshold=-0.99626988172531117 0.33183918893337255 0.53393712639808666 2.220696330070496 -0.098771106451749788 -0.1624379679560661
decision_type=2 2 2 2 2 2
left_child=3 5 -3 -1 -5 -2
right_child=1 2 -4 4 -6 -7
leaf_value=-0.0012163927448527309 0 -0.0072925764514663212 0.00084405573183412609 0 0.0063451499426158964 0.0026320445518956386
leaf_weight=0.45580814149434479 0.20054185424669413 3.3694490991056227 1.3427974986552724 0.10444890077269597 2.6317204609040341 0.17055641805563926
leaf_count=488 108 5149 234 220 296 22
internal_value=0 -0.00347027 -0.00508957 0.00383779 0.00572965 0.00152469
internal_weight=8.27532 5.08334 4.71225 3.19198 2.73617 0.371098
internal_count=6517 5513 5383 1004 516 130
is_linear=0
shrinkage=0.025


Tree=312
num_leaves=5
num_cat=0
split_feature=18 11 14 16
split_gain=0.324835 0.232313 0.284557 0.0565759
threshold=0.0054198598954826602 2.2256655693054204 0.37235820293426519 1.384754002094269
decision_type=2 2 2 2
left_child=3 -2 -3 -1
right_child=1 2 -4 -5
leaf_value=-0.0048251106062012277 -0.0019527392834661446 0.0067131172152112648 -0.00062479808161369798 0
leaf_weight=2.1642677428117172 0.50325203780812433 3.2308138563785178 1.9552929572273567 0.15941025219581195
leaf_count=4052 292 1020 1041 73
internal_value=0 0.00258784 0.00438428 -0.00423636
internal_weight=8.01304 5.68936 5.18611 2.32368
internal_count=6478 2353 2061 4125
is_linear=0
shrinkage=0.025


Tree=313
num_leaves=7
num_cat=0
split_feature=13 22 15 21 27 21
split_gain=0.379535 0.444983 0.263559 0.189346 0.0770485 0.0610033
threshold=4.5526418685913095 0.85830289125442516 0.34943303465843206 0.018845100887119774 0.060676593333482749 1.8383264541625979
decision_type=2 2 2 2 2 2
left_child=1 5 3 -2 -4 -1
right_child=2 -3 4 -5 -6 -7
leaf_value=-0.0075652786754824121 -0.00037889601474210206 0.0020482328750654672 0.00061164616346571002 0.0070518259965925856 -0.003222005342601759 0
leaf_weight=2.6130598923755319 0.31132707245888092 1.3612573701975632 0.36337270014337242 2.2658583832271688 0.65181915977518656 0.30444298865040753
leaf_count=4583 571 114 13 567 572 28
internal_value=-0.00019671 -0.00396899 0.00326399 0.00567165 -0.00144296 -0.00708641
internal_weight=7.87114 4.27876 3.59238 2.57719 1.01519 2.9175
internal_count=6448 4725 1723 1138 585 4611
is_linear=0
shrinkage=0.025


Tree=314
num_leaves=7
num_cat=0
split_feature=17 24 12 23 21 10
split_gain=0.452381 0.602048 0.220809 0.132197 0.0384355 0.0367639
threshold=0.54082497954368602 -3.5995274782180782 2.8835002183914189 -6.0028388500213614 1.0661486983299258 1.8534496426582339
decision_type=2 2 2 2 2 2
left_child=1 5 -2 -4 -3 -1
right_child=2 4 3 -5 -6 -7
leaf_value=0 -0.0017864174800824252 -0.009121374591195169 -0.00019397042908576186 0.0057531242357726246 0 0.002864538020895114
leaf_weight=0.11546806014666788 0.4802566346334064 2.704015922337931 0.25068817383726161 2.7324610384748667 0.11259410343336629 1.2614044262045352
leaf_count=33 265 5285 139 555 29 143
internal_value=-0.00176258 -0.00540993 0.00250222 0.00466199 -0.00888413 0.00211039
internal_weight=7.65689 4.19348 3.46341 2.98315 2.81661 1.37687
internal_count=6449 5490 959 694 5314 176
is_linear=0
shrinkage=0.025


Tree=315
num_leaves=7
num_cat=0
split_feature=13 22 21 21 23 5
split_gain=0.356617 0.331716 0.234961 0.194813 0.18229 0.0248163
threshold=4.1172935962677011 0.78700777888298046 0.018845100887119774 1.8383264541625979 -2.3957002162933345 4.510911464691163
decision_type=2 2 2 2 2 2
left_child=1 3 -2 -1 -4 -3
right_child=2 5 4 -5 -6 -7
leaf_value=-0.0074782897013970246 -0.0013040617992027752 0.0024287718018755054 0 0.00023746390174479126 0.007127844479457978 0
leaf_weight=2.0476297139593962 0.51018792920694966 1.0923432850249808 1.1691938060575924 0.43276983496616583 2.6530124779637845 0.25792157714022312
leaf_count=3917 1139 77 550 23 688 52
internal_value=0.000154636 -0.00311692 0.00383717 -0.00603766 0.005582 0.00179357
internal_weight=8.16306 3.83066 4.33239 2.4804 3.82221 1.35026
internal_count=6446 4069 2377 3940 1238 129
is_linear=0
shrinkage=0.025


Tree=316
num_leaves=6
num_cat=0
split_feature=21 12 25 10 20
split_gain=0.373726 0.281507 0.241484 0.0204654 0.0202805
threshold=0.018845100887119774 2.8835002183914189 2.705929279327393 2.0512316226959233 2.8255935907363896
decision_type=2 2 2 2 2
left_child=4 3 -3 -2 -1
right_child=1 2 -4 -5 -6
leaf_value=-0.0047484299904018276 -0.0024593721454877916 0.0064530552668388965 -0.00065192238891349211 0 0
leaf_weight=1.3518751536721536 0.79960545518224524 4.7269155203357514 1.0430495342588981 0.17609164536588651 0.069350404381111619
leaf_count=3207 422 1747 905 130 29
internal_value=0 0.00296178 0.00488198 -0.00193127 -0.00450889
internal_weight=8.16689 6.74566 5.76997 0.975697 1.42123
internal_count=6440 3204 2652 552 3236
is_linear=0
shrinkage=0.025


Tree=317
num_leaves=7
num_cat=0
split_feature=13 21 14 22 0 8
split_gain=0.431865 0.292093 0.235829 0.0351157 0.0344444 0.0310308
threshold=2.9592347145080571 0.0066418247297406205 0.39028939604759222 1.7221329808235171 3.5869443416595463 1.682836174964905
decision_type=2 2 2 2 2 2
left_child=3 5 -3 4 -1 -2
right_child=1 2 -4 -5 -6 -7
leaf_value=0 0 0.0070785453638403445 0 0 -0.0055297540430044373 -0.0026472060907460453
leaf_weight=0.24059712563757774 0.16852177293549164 3.5128429842388869 2.1706773217683804 0.10018663055961941 1.3932487899000987 0.80783567676917301
leaf_count=275 23 1413 872 4 1863 2069
internal_value=0 0.00317983 0.00511165 -0.00475129 -0.00512094 -0.0018881
internal_weight=8.39391 6.65988 5.68352 1.73403 1.63385 0.976357
internal_count=6519 4377 2285 2142 2138 2092
is_linear=0
shrinkage=0.025


Tree=318
num_leaves=7
num_cat=0
split_feature=13 18 25 17 26 22
split_gain=0.391311 0.372419 0.2733 0.151697 0.0928354 0.0870328
threshold=4.0074670314788827 0.53452977538108837 2.705929279327393 0.010012439452111723 -1.0135286450386045 0.91675469279289257
decision_type=2 2 2 2 2 2
left_child=1 5 3 -2 -4 -1
right_child=2 -3 4 -5 -6 -7
leaf_value=-0.0072955234531757833 0 0.0018829847706727911 0.0009382950241203366 0.0069539233849065692 -0.0032898237972994074 0
leaf_weight=1.9209313008614124 0.42261239886465807 1.2646654544223563 0.48259417724329956 3.226071130933633 0.75969875536247855 0.33586326817021461
leaf_count=3573 452 278 26 813 1292 35
internal_value=0.000108032 -0.00348372 0.00377974 0.00591876 -0.00121015 -0.00657765
internal_weight=8.41244 3.52146 4.89098 3.64868 1.24229 2.25679
internal_count=6469 3886 2583 1265 1318 3608
is_linear=0
shrinkage=0.025


Tree=319
num_leaves=7
num_cat=0
split_feature=13 25 17 22 26 25
split_gain=0.387178 0.367806 0.127357 0.119673 0.0541389 0.0162495
threshold=4.0074670314788827 2.705929279327393 0.010012439452111723 0.85830289125442516 -1.0135286450386045 -4.5618700981140128
decision_type=2 2 2 2 2 2
left_child=3 2 -2 5 -3 -1
right_child=1 4 -4 -5 -6 -7
leaf_value=0 0 0 0.0062708804370192051 0 -0.0036939119197887185 -0.0064594067155091806
leaf_weight=0.25776291640068016 0.41346238733604002 0.31709431720810222 2.9046017166401725 0.67315383521054162 0.79710952346431441 2.0904691972027649
leaf_count=46 442 26 821 87 1312 3748
internal_value=-0.00111678 0.00222338 0.00527257 -0.00512748 -0.00272088 -0.00623524
internal_weight=7.45365 4.43227 3.31806 3.02139 1.1142 2.34823
internal_count=6482 2601 1263 3881 1338 3794
is_linear=0
shrinkage=0.025


Tree=320
num_leaves=7
num_cat=0
split_feature=21 19 12 13 13 26
split_gain=0.552699 0.371361 0.138294 0.128522 0.0944303 0.0846949
threshold=0.94192287325859081 0.19702113419771197 7.2184128761291513 2.220696330070496 2.9592347145080571 -0.80633345246314991
decision_type=2 2 2 2 2 2
left_child=1 2 -1 -2 -3 -5
right_child=3 4 -4 5 -6 -7
leaf_value=-0.0085030988115772643 -0.0003524021078274736 -0.0013822233493913309 0 0.0059897630954822874 0.0027471344901158759 0
leaf_weight=2.4263244800022226 0.26123478084628038 0.4640936879513905 0.22023759491275985 2.2937613351350601 1.9268751166036961 0.52246168599231113
leaf_count=5161 91 450 20 188 438 135
internal_value=-0.000661634 -0.00470398 -0.00767572 0.00399743 0.000707141 0.00516786
internal_weight=8.11499 5.03753 2.64656 3.07746 2.39097 2.81622
internal_count=6483 6069 5181 414 888 323
is_linear=0
shrinkage=0.025


Tree=321
num_leaves=7
num_cat=0
split_feature=26 6 0 18 21 2
split_gain=0.338906 0.205741 0.205709 0.216474 0.0775773 0.0357879
threshold=-1.0014911293983457 4.6446580886840829 0.33183918893337255 0.33559334278106695 0.041651247069239623 -0.1624379679560661
decision_type=2 2 2 2 2 2
left_child=1 4 5 -4 -1 -2
right_child=2 -3 3 -5 -6 -7
leaf_value=0 0 -0.0010017519899418804 -0.0066063501601892165 0.00019756483364550398 0.0063239534319384774 0.0026144961811520946
leaf_weight=0.11067545168043658 0.19048719221245847 0.41187432854349015 2.6663647260284051 1.6362876117182166 2.4885684210021282 0.17240212146862166
leaf_count=175 106 484 4765 603 270 24
internal_value=0 0.00399477 -0.00294753 -0.00463154 0.00574714 0.00155628
internal_weight=7.67666 3.01112 4.66554 4.30265 2.59924 0.362889
internal_count=6427 929 5498 5368 445 130
is_linear=0
shrinkage=0.025


Tree=322
num_leaves=7
num_cat=0
split_feature=6 25 21 21 24 25
split_gain=0.31387 0.249569 0.106612 0.104074 0.0603634 0.0569203
threshold=3.3075606822967534 2.705929279327393 0.0066418247297406205 1.8383264541625979 -5.3866806030273429 5.2708168029785165
decision_type=2 2 2 2 2 2
left_child=1 2 -1 4 -2 -3
right_child=3 5 -4 -5 -6 -7
leaf_value=0 0 -0.0027813322725761744 0.0059624684287449981 0.00018504763420666194 -0.005325957578378171 0.0003182644857662533
leaf_weight=0.49030218403277093 0.25835864429245714 0.79036915242795636 4.3020379267090902 0.42547332492540579 1.4774336092268641 0.76932095242955256
leaf_count=703 23 1590 1235 23 2589 261
internal_value=0.000460679 0.00322251 0.00519292 -0.00336627 -0.00465584 -0.00122243
internal_weight=8.5133 6.35203 4.79234 2.16127 1.73579 1.55969
internal_count=6424 3789 1938 2635 2612 1851
is_linear=0
shrinkage=0.025


Tree=323
num_leaves=7
num_cat=0
split_feature=27 27 13 25 21 27
split_gain=0.39653 0.274137 0.226873 0.208273 0.0732407 0.0352216
threshold=0.12957300245761874 0.70389392971992504 2.220696330070496 0.32199044525623327 0.1884684041142464 0.76658397912979137
decision_type=2 2 2 2 2 2
left_child=2 3 -1 -2 -4 -3
right_child=1 5 4 -5 -6 -7
leaf_value=-0.0011152056409887874 0 0.002778911530428349 0 -0.0074554862641367584 0.0065129494713444666 0
leaf_weight=0.43036774432766867 1.9974575726737387 0.35865589097375039 0.2709836570429619 1.9008028455318706 2.7138625872466946 0.15616402240266325
leaf_count=516 880 52 361 4190 311 74
internal_value=0 -0.00328272 0.00417088 -0.00533649 0.00593685 0.00187403
internal_weight=7.82829 4.41308 3.41521 3.89826 2.98485 0.51482
internal_count=6384 5196 1188 5070 672 126
is_linear=0
shrinkage=0.025


Tree=324
num_leaves=7
num_cat=0
split_feature=27 5 22 21 21 6
split_gain=0.672872 0.24602 0.220161 0.0474614 0.0379897 0.0176477
threshold=0.12957300245761874 4.0181686878204355 0.73933693766593944 0.18243902176618579 0.94192287325859081 3.9461137056350712
decision_type=2 2 2 2 2 2
left_child=1 3 4 -1 -2 -3
right_child=2 5 -4 -5 -6 -7
leaf_value=0 -0.008014678359713685 0 9.2621430268802554e-05 0.0062758350519674343 0 -0.0018605276984466426
leaf_weight=0.14044605362505613 2.564121647870707 0.24283216070762126 1.0729217175103256 2.4760962023465254 0.78238379708636774 0.57555971445799514
leaf_count=186 4880 45 181 259 169 718
internal_value=-0.00134759 0.00376077 -0.00587023 0.00589621 -0.00744104 -0.00119223
internal_weight=7.85436 3.43493 4.41943 2.61654 3.34651 0.818392
internal_count=6438 1208 5230 445 5049 763
is_linear=0
shrinkage=0.025


Tree=325
num_leaves=7
num_cat=0
split_feature=13 15 21 22 21 26
split_gain=0.406256 0.242647 0.230885 0.220349 0.149306 0.083383
threshold=4.2282896041870126 0.34943303465843206 0.018845100887119774 0.96658754348754894 1.8383264541625979 -1.0073747634887693
decision_type=2 2 2 2 2 2
left_child=3 2 -2 4 -1 -3
right_child=1 5 -4 -5 -6 -7
leaf_value=-0.0067339145386507444 -0.00059447146612770594 0.00094667349177939865 0.0074478942204899371 0.0011074692102916439 0 -0.0030544994517048298
leaf_weight=2.3285231055306221 0.35567390775759156 0.49418235933990218 2.8266271241300274 0.78360802825045528 0.45010228423052456 0.64192218187417871
leaf_count=4132 777 26 741 69 26 662
internal_value=8.85117e-06 0.00395197 0.00597119 -0.00355772 -0.00554304 -0.0009423
internal_weight=7.88064 4.31841 3.1823 3.56223 2.77863 1.1361
internal_count=6433 2206 1518 4227 4158 688
is_linear=0
shrinkage=0.025


Tree=326
num_leaves=7
num_cat=0
split_feature=21 26 22 3 16 26
split_gain=0.339633 0.31793 0.193181 0.11334 0.0869289 0.038754
threshold=0.97409975528717052 -0.38624651730060572 0.70655325055122387 5.9769117832183847 0.81575119495391857 -0.35065858066081995
decision_type=2 2 2 2 2 2
left_child=1 2 -1 4 -2 -3
right_child=3 5 -4 -5 -6 -7
leaf_value=-0.0069904258070773691 0.0054935197623617186 0.0030720077929504426 5.2398971591929119e-05 -0.00034620373683223748 0 0
leaf_weight=3.4195147873306269 2.25442508485503 0.3144139228752465 0.98680945587329905 0.2583506934752221 0.23996639230608696 0.15697653999814054
leaf_count=5774 210 22 156 50 114 76
internal_value=-6.56359e-05 -0.00345533 -0.00555927 0.00348931 0.00468646 0.00217706
internal_weight=7.63046 4.87771 4.40632 2.75274 2.49439 0.47139
internal_count=6402 6028 5930 374 324 98
is_linear=0
shrinkage=0.025


Tree=327
num_leaves=6
num_cat=0
split_feature=22 17 13 13 23
split_gain=0.47453 0.696764 0.120305 0.081203 0.0519264
threshold=0.73933693766593944 0.52673539519310009 2.220696330070496 2.5992114543914799 -5.7159230709075919
decision_type=2 2 2 2 2
left_child=1 -1 -3 -2 -5
right_child=3 2 -4 4 -6
leaf_value=-0.0087954361019069553 0 -0.00095186612591320575 0.0037788105347727669 0 0.005292137385472441
leaf_weight=2.6198726143702515 0.15629815786087453 0.39162803729050244 2.3720106761466013 0.22822966736566774 2.0379945630629663
leaf_count=5303 50 235 644 84 167
internal_value=-0.000700288 -0.00426588 0.00212211 0.00391738 0.00476032
internal_weight=7.80603 5.38351 2.76364 2.42252 2.26622
internal_count=6483 6182 879 301 251
is_linear=0
shrinkage=0.025


Tree=328
num_leaves=7
num_cat=0
split_feature=27 6 0 24 24 0
split_gain=0.285303 0.205224 0.17424 0.235114 0.0528589 0.038288
threshold=0.12957300245761874 4.6446580886840829 0.33183918893337255 -3.719550251960754 0.18791432678699496 0.16176421195268634
decision_type=2 2 2 2 2 2
left_child=1 4 5 -4 -1 -2
right_child=2 -3 3 -5 -6 -7
leaf_value=0.0059167405472172084 0 -0.0011111336413945389 0.0008003781717585306 -0.006104922327923811 0 0.0026029321368300769
leaf_weight=2.7324893331569919 0.21073233788047208 0.43331879724973976 1.1254373117189969 3.1305333923664875 0.23840084230505443 0.17405592192517361
leaf_count=363 114 538 174 4917 299 26
internal_value=3.78429e-05 0.00371685 -0.00254062 -0.00415771 0.00546041 0.0014374
internal_weight=8.04497 3.40421 4.64076 4.25597 2.97089 0.384788
internal_count=6431 1200 5231 5091 662 140
is_linear=0
shrinkage=0.025


Tree=329
num_leaves=7
num_cat=0
split_feature=26 0 19 6 18 1
split_gain=0.275035 0.243039 0.221987 0.144215 0.0627625 0.0334303
threshold=-1.0014911293983457 0.33183918893337255 0.53393712639808666 4.6446580886840829 -0.074992086738347993 1.0000000180025095e-35
decision_type=2 2 2 2 2 2
left_child=3 5 -3 4 -1 -2
right_child=1 2 -4 -5 -6 -7
leaf_value=0 0 -0.006993529114779855 0.00027395101471426462 -0.00094993678738302225 0.0050715604216896573 0.0025909844543721759
leaf_weight=0.29323643608222516 0.17817254276087613 3.1094398419609206 1.1052678972082501 0.3967630220686259 2.001563420893945 0.17607523247716017
leaf_count=204 105 5205 216 472 257 25
internal_value=-0.000570919 -0.00354567 -0.00529491 0.00268848 0.00439425 0.00160857
internal_weight=7.26052 4.56896 4.21471 2.69156 2.2948 0.354248
internal_count=6484 5551 5421 933 461 130
is_linear=0
shrinkage=0.025


Tree=330
num_leaves=7
num_cat=0
split_feature=6 25 27 18 8 24
split_gain=0.300827 0.22418 0.0913283 0.0792174 0.0574035 0.0152185
threshold=3.2023401260375981 2.705929279327393 0.092750731855630889 0.53452977538108837 5.2882926464080819 -5.3866806030273429
decision_type=2 2 2 2 2 2
left_child=1 4 -3 5 -1 -2
right_child=3 2 -4 -5 -6 -7
leaf_value=0.0052827903672291914 0 0.00092537434389087375 -0.0032125337140777527 0 0 -0.0049755587594732106
leaf_weight=4.2363618560666509 0.16877646656939771 0.55005672449624377 0.97720218003087211 0.63562629845546315 0.11638954624868336 1.2975185121376853
leaf_count=1773 14 38 1767 223 127 2537
internal_value=0 0.00289422 -0.00119745 -0.00369343 0.00487079 -0.00475805
internal_weight=7.98193 5.88001 1.52726 2.10192 4.35275 1.46629
internal_count=6479 3705 1805 2774 1900 2551
is_linear=0
shrinkage=0.025


Tree=331
num_leaves=7
num_cat=0
split_feature=26 25 13 18 22 22
split_gain=0.438766 0.306019 0.177674 0.0720771 0.0717002 0.028675
threshold=-1.0073747634887693 0.76623818278312694 2.220696330070496 1.1967553496360781 -0.083981372416019426 0.043939270079135902
decision_type=2 2 2 2 2 2
left_child=2 5 -1 -3 -4 -2
right_child=1 3 4 -5 -6 -7
leaf_value=-0.00086795475611284507 -0.00042858021509364544 -0.0075962646061599696 0 0 0.0059424326522168223 0.0015549442000858808
leaf_weight=0.38470517618043265 0.28607181326697206 1.987901998581947 0.09000105287486837 0.11022513359785069 2.3671725144777156 2.5675195513249491
leaf_count=442 506 4274 175 2 254 746
internal_value=-0.000431567 -0.0041119 0.00371712 -0.00710357 0.00537373 0.000414023
internal_weight=7.7936 4.95172 2.84188 2.09813 2.45717 2.85359
internal_count=6399 5528 871 4276 429 1252
is_linear=0
shrinkage=0.025


Tree=332
num_leaves=7
num_cat=0
split_feature=21 7 24 24 13 8
split_gain=0.419728 0.383373 0.151539 0.107191 0.0673788 0.0379001
threshold=0.94192287325859081 5.0887603759765634 -4.7407565116882315 -0.26696278154850001 2.220696330070496 5.8843157291412362
decision_type=2 2 2 2 2 2
left_child=1 2 -1 4 -2 -3
right_child=3 5 -4 -5 -6 -7
leaf_value=0 0 0.0030128638489786311 -0.0076681575544075833 -0.00028633878266485125 0.0052434426327028598 0
leaf_weight=0.68195159507740788 0.12191324276500459 0.44284079883436778 3.0718884106099722 0.19615807107766148 2.5399785525987681 0.16024948004996986
leaf_count=70 46 146 5711 64 306 95
internal_value=-0.000436072 -0.00421238 -0.0065879 0.00354266 0.00464327 0.00214246
internal_weight=7.21498 4.35693 3.75384 2.85805 2.66189 0.60309
internal_count=6438 6022 5781 416 352 241
is_linear=0
shrinkage=0.025


Tree=333
num_leaves=7
num_cat=0
split_feature=6 25 21 21 27 24
split_gain=0.292878 0.220362 0.111189 0.0884631 0.0803603 0.0717493
threshold=2.9009968042373662 2.705929279327393 0.018845100887119774 1.8383264541625979 0.084011998027563109 -5.3866806030273429
decision_type=2 2 2 2 2 2
left_child=1 2 -1 5 -3 -2
right_child=3 4 -4 -5 -6 -7
leaf_value=0 0 0.00084066921491289482 0.0059531041748024606 0 -0.0030218597642302988 -0.0052503877865376775
leaf_weight=0.40231214526647852 0.38930604663619361 0.5004771628155138 3.3686996925534913 0.46009770708042186 0.90495494235074148 1.7558306742012064
leaf_count=641 31 20 992 25 1571 3152
internal_value=0 0.00308651 0.00508831 -0.00336474 -0.00108812 -0.00444843
internal_weight=7.78168 5.17644 3.77101 2.60523 1.40543 2.14514
internal_count=6432 3224 1633 3208 1591 3183
is_linear=0
shrinkage=0.025


Tree=334
num_leaves=7
num_cat=0
split_feature=27 22 6 19 17 25
split_gain=0.461023 0.267854 0.223581 0.0394574 0.034373 0.0194738
threshold=0.12957300245761874 0.73933693766593944 4.0995640754699716 0.57990548014640819 -0.0084674572572112066 -0.22312953323125836
decision_type=2 2 2 2 2 2
left_child=2 3 4 -2 -1 -3
right_child=1 5 -4 -5 -6 -7
leaf_value=0 -0.0074344389190877215 0.0015588560732158086 -0.001553590294280096 0 0.0054468232830650132 0
leaf_weight=0.25318760710797539 2.8696149778443218 0.95334713968622964 0.52041347359045165 0.30329294648981875 2.3121318736702965 0.22804932278813772
leaf_count=153 5025 78 767 84 301 90
internal_value=-0.00144808 -0.00511968 0.00292205 -0.00708537 0.00508284 0.000609416
internal_weight=7.44004 4.3543 3.08573 3.17291 2.56532 1.1814
internal_count=6498 5277 1221 5109 454 168
is_linear=0
shrinkage=0.025


Tree=335
num_leaves=7
num_cat=0
split_feature=13 15 18 17 22 26
split_gain=0.313844 0.301304 0.27756 0.202727 0.0771843 0.048362
threshold=4.1172935962677011 0.34943303465843206 0.52245736122131359 0.012764601036906244 1.0463464856147768 -1.0073747634887693
decision_type=2 2 2 2 2 2
left_child=2 3 4 -2 -1 -3
right_child=1 5 -4 -5 -6 -7
leaf_value=-0.0072604337682546293 -0.00061642499329969799 0 0.00098857923677102863 0.006614574511119734 0 -0.0032398028360796139
leaf_weight=1.9081119946531551 0.36806770428302149 0.30260151327820495 1.1864555101201402 2.6696090610766987 0.26002440869342525 0.68122504379971349
leaf_count=3737 656 28 304 1039 14 689
internal_value=-0.000590964 0.00240062 -0.00421577 0.0051224 -0.00663867 -0.0022168
internal_weight=7.3761 4.0215 3.35459 3.03768 2.16814 0.983827
internal_count=6467 2412 4055 1695 3751 717
is_linear=0
shrinkage=0.025


Tree=336
num_leaves=7
num_cat=0
split_feature=13 15 21 24 21 26
split_gain=0.29817 0.25498 0.224964 0.214575 0.140296 0.0782446
threshold=4.1172935962677011 0.34943303465843206 0.018845100887119774 -3.5995274782180782 1.8383264541625979 -1.0073747634887693
decision_type=2 2 2 2 2 2
left_child=3 2 -2 -1 -5 -3
right_child=1 5 -4 4 -6 -7
leaf_value=0.0010924985826910993 -0.00064855073241719614 0.00068048040839606622 0.0071213655762336573 -0.0064640058133996524 0 -0.0031746510048534329
leaf_weight=1.1823590257881735 0.36423355041552019 0.41531440586550161 2.7594367652454821 2.0457806007616459 0.4378722051042131 0.65253744893016097
leaf_count=146 837 27 818 3874 25 687
internal_value=0 0.00340194 0.00560446 -0.00303798 -0.00525564 -0.00132004
internal_weight=7.85753 4.19152 3.12367 3.66601 2.48365 1.06785
internal_count=6414 2369 1655 4045 3899 714
is_linear=0
shrinkage=0.025


Tree=337
num_leaves=7
num_cat=0
split_feature=21 7 19 26 5 18
split_gain=0.237632 0.308206 0.273064 0.118827 0.0989669 0.0391234
threshold=0.94192287325859081 5.0887603759765634 0.34062892198562628 -0.85303589701652516 4.0181686878204355 0.0054198598954826602
decision_type=2 2 2 2 2 2
left_child=1 2 -1 4 -2 -3
right_child=3 5 -4 -5 -6 -7
leaf_value=-0.0075655852106761325 0.0053152079415316501 0 0.0003718843902206807 -0.00050891200260588083 0 0.0030787539098968944
leaf_weight=2.3966244839139113 1.9121269036186284 0.16012399038299907 1.4323456176753095 0.63711188914021466 0.18370104552013788 0.4285822743549943
leaf_count=5298 181 174 485 176 66 55
internal_value=-7.26221e-05 -0.00305626 -0.00535937 0.00279977 0.00433625 0.00219815
internal_weight=7.15062 4.41768 3.82897 2.73294 2.09583 0.588706
internal_count=6435 6012 5783 423 247 229
is_linear=0
shrinkage=0.025


Tree=338
num_leaves=7
num_cat=0
split_feature=6 25 21 21 22 26
split_gain=0.275013 0.208699 0.10613 0.100165 0.114765 0.0731081
threshold=2.9009968042373662 2.705929279327393 0.018845100887119774 1.8383264541625979 0.91675469279289257 -1.0135286450386045
decision_type=2 2 2 2 2 2
left_child=1 2 -1 4 -2 -3
right_child=3 5 -4 -5 -6 -7
leaf_value=0 -0.005780586060237269 0.00073170089630909742 0.0057332759949027231 0.00015150434824116331 0 -0.002924160683992118
leaf_weight=0.40209185895219013 1.4911661504957012 0.49730789934983477 3.4716309843370254 0.43930729426210735 0.50753493538650207 0.87518080685913424
leaf_count=648 3047 29 1007 25 52 1561
internal_value=0 0.0029503 0.00488938 -0.0033344 -0.00455447 -0.00108397
internal_weight=7.68422 5.24621 3.87372 2.43801 1.9987 1.37249
internal_count=6369 3245 1655 3124 3099 1590
is_linear=0
shrinkage=0.025


Tree=339
num_leaves=7
num_cat=0
split_feature=22 17 12 13 13 23
split_gain=0.451854 0.341062 0.130476 0.110023 0.0738445 0.0728025
threshold=0.70655325055122387 0.52673539519310009 7.2184128761291513 4.1172935962677011 2.5992114543914799 -6.29791235923767
decision_type=2 2 2 2 2 2
left_child=1 2 -1 -3 -2 -6
right_child=4 3 -4 -5 5 -7
leaf_value=-0.0081334256271558963 0 -0.0014248121788547046 0 0.0030642932736742855 0 0.0051267965487219059
leaf_weight=2.3423661807028116 0.15544586472970001 0.84342974644278035 0.21175642564776342 1.4551574268516558 0.21032842497515991 2.1661431712855119
leaf_count=5261 50 611 20 241 87 192
internal_value=-0.000852891 -0.00444553 -0.00731458 0.000713111 0.00358313 0.0044007
internal_weight=7.38463 4.85271 2.55412 2.29859 2.53192 2.37647
internal_count=6462 6133 5281 852 329 279
is_linear=0
shrinkage=0.025


Tree=340
num_leaves=7
num_cat=0
split_feature=26 26 24 13 24 26
split_gain=0.285802 0.272 0.196445 0.16538 0.0555118 0.0383069
threshold=-1.0014911293983457 -0.38624651730060572 -3.719550251960754 2.220696330070496 0.1173512563109398 -0.35065858066081995
decision_type=2 2 2 2 2 2
left_child=3 2 -2 -1 -5 -3
right_child=1 5 -4 4 -6 -7
leaf_value=-0.00086676701529137109 0.00014462798018774706 0.0029478892857983528 -0.0066935022372052542 0.005593619488823566 0 0
leaf_weight=0.37806236254618886 1.1363515469420233 0.32433103523726459 2.992501959681249 2.1872282481690495 0.18986255254640116 0.15928435887326475
leaf_count=448 176 26 5231 272 211 79
internal_value=0 -0.00302164 -0.00507844 0.0034229 0.00507743 0.00201781
internal_weight=7.36762 4.61247 4.12885 2.75515 2.37709 0.483615
internal_count=6443 5512 5407 931 483 105
is_linear=0
shrinkage=0.025


Tree=341
num_leaves=7
num_cat=0
split_feature=6 26 26 24 21 24
split_gain=0.317679 0.209685 0.148396 0.121502 0.115795 0.107561
threshold=2.8332542181015019 -0.84810379147529591 -0.38624651730060572 0.18791432678699496 1.3386311531066897 -5.3866806030273429
decision_type=2 2 2 2 2 2
left_child=1 3 -3 -1 5 -2
right_child=4 2 -4 -5 -6 -7
leaf_value=0.0065155220052802946 0 -0.0033057153007213591 0.0021168062582666001 0 0.0003737359844291873 -0.005583982050456569
leaf_weight=3.1579640651962113 0.3856135982568959 1.3938330996224975 0.4641815439754281 0.17619584950989509 0.76815566769801069 1.5193943849335483
leaf_count=376 28 2218 103 439 70 3157
internal_value=0.000731097 0.0037186 -0.000484044 0.00569586 -0.00289904 -0.00443889
internal_weight=7.86534 5.19217 1.85801 3.33416 2.67316 1.90501
internal_count=6391 3136 2321 815 3255 3185
is_linear=0
shrinkage=0.025


Tree=342
num_leaves=7
num_cat=0
split_feature=6 21 14 15 22 11
split_gain=0.371888 0.199877 0.221636 0.0460931 0.0368154 0.0220832
threshold=3.0434429645538335 0.018845100887119774 0.55241712927818309 1.2483545541763308 1.0463464856147768 2.7243567705154423
decision_type=2 2 2 2 2 2
left_child=1 5 -3 4 -2 -1
right_child=3 2 -4 -5 -6 -7
leaf_value=0 -0.0052142091101627722 0.0066056507562669009 -0.00035512621582525273 0 0 -0.0019563332293232737
leaf_weight=0.1580967628979123 1.5725843718173567 3.2582189330823894 1.2767819423388571 0.31185851186273783 0.20384212836506765 0.66050865273609816
leaf_count=3 2796 1245 484 146 24 1723
internal_value=0 0.00319292 0.00483187 -0.00423079 -0.00479318 -0.00116241
internal_weight=7.44189 5.35361 4.535 2.08829 1.77643 0.818605
internal_count=6421 3455 1729 2966 2820 1726
is_linear=0
shrinkage=0.025


Tree=343
num_leaves=7
num_cat=0
split_feature=24 17 20 16 11 21
split_gain=0.50256 0.393735 0.138837 0.107428 0.0629448 0.0303983
threshold=-3.5995274782180782 0.52673539519310009 -0.085086021572351442 0.57771277427673351 2.2256655693054204 1.0661486983299258
decision_type=2 2 2 2 2 2
left_child=3 5 -3 4 -1 -2
right_child=1 2 -4 -5 -6 -7
leaf_value=0 -0.0081199051893645242 -0.0018933939654650488 0.0031948359023622969 -0.00019033884971244282 0.0055379549724318029 0
leaf_weight=0.23762210925633631 2.3678452347030547 0.52933485277208125 1.9557355147499036 0.21997022337018268 1.8602833423974514 0.10483091725473048
leaf_count=48 5260 347 528 118 139 27
internal_value=-0.00109616 -0.00475079 0.000735227 0.00377173 0.00490914 -0.00790351
internal_weight=7.27562 4.95775 2.48507 2.31788 2.09791 2.47268
internal_count=6467 6162 875 305 187 5287
is_linear=0
shrinkage=0.025


Tree=344
num_leaves=7
num_cat=0
split_feature=6 21 14 24 15 4
split_gain=0.327449 0.182162 0.157088 0.0660134 0.0503582 0.0145379
threshold=2.9009968042373662 0.018845100887119774 0.39028939604759222 -5.3866806030273429 1.2483545541763308 3.6404589414596562
decision_type=2 2 2 2 2 2
left_child=1 5 -3 -2 -5 -1
right_child=3 2 -4 4 -6 -7
leaf_value=-0.0018084680022131502 0 0.0060415783011907396 0 -0.0055264810723185615 0 0
leaf_weight=0.62488209172988707 0.40878818053170141 2.5485296755305171 1.7014731410599777 1.6983961408659527 0.32490918948678871 0.10164142400026321
leaf_count=1614 30 1004 660 3005 146 1
internal_value=0 0.00270142 0.00437865 -0.00421196 -0.00496465 -0.00127508
internal_weight=7.40862 4.97653 4.25 2.43209 2.02331 0.726524
internal_count=6460 3279 1664 3181 3151 1615
is_linear=0
shrinkage=0.025


Tree=345
num_leaves=7
num_cat=0
split_feature=27 27 22 5 22 27
split_gain=0.220035 0.214298 0.193882 0.145876 0.0614419 0.0324337
threshold=0.10719843581318857 0.70389392971992504 0.73933693766593944 4.7303695678710946 -0.25467561185359949 0.76658397912979137
decision_type=2 2 2 2 2 2
left_child=3 2 -2 4 -1 -3
right_child=1 5 -4 -5 -6 -7
leaf_value=0 -0.0061597693027080009 0.0026150187846486392 0.00035327093686699277 -0.0008237901356219629 0.0052102665488826666 0
leaf_weight=0.10095805360833843 2.9790284857863298 0.3633774379177338 1.1220670285802041 0.3726870260616123 2.3174626054278633 0.1568601945109549
leaf_count=205 5191 49 171 436 313 78
internal_value=0 -0.00259526 -0.00447597 0.00305509 0.00464768 0.00172391
internal_weight=7.41244 4.62133 4.1011 2.79111 2.41842 0.520238
internal_count=6443 5489 5362 954 518 127
is_linear=0
shrinkage=0.025


Tree=346
num_leaves=7
num_cat=0
split_feature=21 27 17 5 16 26
split_gain=0.31424 0.243711 0.222296 0.135002 0.099657 0.0299167
threshold=0.94192287325859081 0.73201322555542003 0.54082497954368602 4.0181686878204355 0.81575119495391857 -0.35065858066081995
decision_type=2 2 2 2 2 2
left_child=1 2 -1 4 -2 -3
right_child=3 5 -4 -5 -6 -7
leaf_value=-0.0071720934650988362 0.0055292760855517936 0.002487464309526643 0.00016108293069676391 -0.00070453573205221957 0 0
leaf_weight=2.7458680628187726 2.208195648912807 0.19095025088608963 1.2380526329470738 0.31148129403300107 0.2644042515894397 0.15958602193131799
leaf_count=5267 209 17 647 86 120 78
internal_value=-0.000243156 -0.00359691 -0.00537619 0.00313184 0.00459956 0.00158377
internal_weight=7.11854 4.33446 3.98392 2.78408 2.4726 0.350536
internal_count=6424 6009 5914 415 329 95
is_linear=0
shrinkage=0.025


Tree=347
num_leaves=7
num_cat=0
split_feature=6 26 26 24 8 22
split_gain=0.384738 0.294581 0.189013 0.150722 0.0420383 0.0230358
threshold=3.3648620843887334 -0.84810379147529591 -0.38624651730060572 0.44985876977443701 -0.80985695123672474 0.96658754348754894
decision_type=2 2 2 2 2 2
left_child=1 3 -3 -1 -2 -6
right_child=4 2 -4 -5 5 -7
leaf_value=0.0068646288648814115 0 -0.0039594791291489781 0.0021398272931096264 -8.4586839958016355e-05 -0.004831090918026788 0
leaf_weight=3.658935414012376 0.31671663210181589 1.4964364451116119 0.46059298981344987 0.20633376330624731 1.2215089801702554 0.31990965679869998
leaf_count=601 73 2600 102 584 2395 33
internal_value=0.000448479 0.00357708 -0.00111941 0.00595018 -0.00390417 -0.00447181
internal_weight=7.68043 5.8223 1.95703 3.86527 1.85814 1.54142
internal_count=6388 3887 2702 1185 2501 2428
is_linear=0
shrinkage=0.025


Tree=348
num_leaves=6
num_cat=0
split_feature=13 26 26 22 0
split_gain=0.36214 0.2255 0.172732 0.0778832 0.0210605
threshold=2.9592347145080571 -0.88315320014953602 -0.38624651730060572 -0.25467561185359949 3.5869443416595463
decision_type=2 2 2 2 2
left_child=4 3 -3 -2 -1
right_child=1 2 -4 -5 -6
leaf_value=0 0 -0.0036598735211353338 0.0020933562438468375 0.0055636559931537162 -0.0050581510083427279
leaf_weight=0.23924862145395298 0.12631931395299067 1.8001543869395389 0.47065846055920779 3.4573155422422128 1.2624022257550676
leaf_count=278 397 3042 104 812 1829
internal_value=0 0.00270253 -0.000988289 0.00498275 -0.00475593
internal_weight=7.3561 5.85445 2.27081 3.58363 1.50165
internal_count=6462 4355 3146 1209 2107
is_linear=0
shrinkage=0.025


Tree=349
num_leaves=7
num_cat=0
split_feature=6 25 27 5 27 18
split_gain=0.278756 0.168631 0.109651 0.0825257 0.0675928 0.0265458
threshold=2.9009968042373662 2.705929279327393 0.10185793042182924 -0.2544844895601272 0.092750731855630889 0.14817416667938235
decision_type=2 2 2 2 2 2
left_child=1 3 5 -1 -3 -2
right_child=2 4 -4 -5 -6 -7
leaf_value=0 -0.00071189864071255862 0.00084657005578724792 -0.0050255605410001814 0.0053214173780835906 -0.0026742860560967337 0.0015179531582527085
leaf_weight=0.13965741393622044 0.33985324386958415 0.5199133487549259 1.2041731341578268 3.4604414307941624 0.83697286500500923 1.0259392373154694
leaf_count=77 567 28 2390 1580 1597 220
internal_value=0 0.00293994 -0.00341267 0.00467549 -0.00073727 0
internal_weight=7.52695 4.95699 2.56997 3.6001 1.35689 1.36579
internal_count=6459 3282 3177 1657 1625 787
is_linear=0
shrinkage=0.025


end of trees

feature_importances:
Column_21=252
Column_22=216
Column_13=197
Column_26=176
Column_27=158
Column_6=153
Column_24=149
Column_17=93
Column_25=86
Column_19=76
Column_18=66
Column_5=53
Column_12=49
Column_2=37
Column_16=36
Column_23=35
Column_0=30
Column_7=27
Column_14=25
Column_11=24
Column_15=21
Column_3=20
Column_20=19
Column_4=12
Column_8=12
Column_10=11
Column_1=9
Column_9=3
Column_29=3

parameters:
[boosting: gbdt]
[objective: binary]
[metric: binary_logloss]
[tree_learner: serial]
[device_type: cpu]
[data_sample_strategy: bagging]
[data: ]
[valid: ]
[num_iterations: 350]
[learning_rate: 0.025]
[num_leaves: 7]
[num_threads: 4]
[seed: 990005]
[deterministic: 0]
[force_col_wise: 0]
[force_row_wise: 0]
[histogram_pool_size: -1]
[max_depth: 3]
[min_data_in_leaf: 20]
[min_sum_hessian_in_leaf: 0.001]
[bagging_fraction: 0.8]
[pos_bagging_fraction: 1]
[neg_bagging_fraction: 1]
[bagging_freq: 1]
[bagging_seed: 990005]
[bagging_by_query: 0]
[feature_fraction: 0.8]
[feature_fraction_bynode: 1]
[feature_fraction_seed: 990005]
[extra_trees: 0]
[extra_seed: 29557]
[early_stopping_round: 0]
[early_stopping_min_delta: 0]
[first_metric_only: 0]
[max_delta_step: 0]
[lambda_l1: 0.25]
[lambda_l2: 5]
[linear_lambda: 0]
[min_gain_to_split: 0.01]
[drop_rate: 0.1]
[max_drop: 50]
[skip_drop: 0.5]
[xgboost_dart_mode: 0]
[uniform_drop: 0]
[drop_seed: 29811]
[top_rate: 0.2]
[other_rate: 0.1]
[min_data_per_group: 100]
[max_cat_threshold: 32]
[cat_l2: 10]
[cat_smooth: 10]
[max_cat_to_onehot: 4]
[top_k: 20]
[monotone_constraints: ]
[monotone_constraints_method: basic]
[monotone_penalty: 0]
[feature_contri: ]
[forcedsplits_filename: ]
[refit_decay_rate: 0.9]
[cegb_tradeoff: 1]
[cegb_penalty_split: 0]
[cegb_penalty_feature_lazy: ]
[cegb_penalty_feature_coupled: ]
[path_smooth: 0]
[interaction_constraints: ]
[verbosity: -1]
[saved_feature_importance_type: 0]
[use_quantized_grad: 0]
[num_grad_quant_bins: 4]
[quant_train_renew_leaf: 0]
[stochastic_rounding: 1]
[linear_tree: 0]
[max_bin: 255]
[max_bin_by_feature: ]
[min_data_in_bin: 3]
[bin_construct_sample_cnt: 200000]
[data_random_seed: 21714]
[is_enable_sparse: 1]
[enable_bundle: 1]
[use_missing: 1]
[zero_as_missing: 0]
[feature_pre_filter: 1]
[pre_partition: 0]
[two_round: 0]
[header: 0]
[label_column: ]
[weight_column: ]
[group_column: ]
[ignore_column: ]
[categorical_feature: ]
[forcedbins_filename: ]
[precise_float_parser: 0]
[parser_config_file: ]
[objective_seed: 30029]
[num_class: 1]
[is_unbalance: 0]
[scale_pos_weight: 1]
[sigmoid: 1]
[boost_from_average: 1]
[reg_sqrt: 0]
[alpha: 0.9]
[fair_c: 1]
[poisson_max_delta_step: 0.7]
[tweedie_variance_power: 1.5]
[lambdarank_truncation_level: 30]
[lambdarank_norm: 1]
[label_gain: ]
[lambdarank_position_bias_regularization: 0]
[eval_at: ]
[multi_error_top_k: 1]
[auc_mu_weights: ]
[num_machines: 1]
[local_listen_port: 12400]
[time_out: 120]
[machine_list_filename: ]
[machines: ]
[gpu_platform_id: -1]
[gpu_device_id: -1]
[gpu_device_id_list: ]
[gpu_use_dp: 0]
[num_gpu: 1]

end of parameters

pandas_categorical:null
