tree
version=v4
num_class=1
num_tree_per_iteration=1
label_index=0
max_feature_idx=29
objective=binary sigmoid:1
feature_names=Column_0 Column_1 Column_2 Column_3 Column_4 Column_5 Column_6 Column_7 Column_8 Column_9 Column_10 Column_11 Column_12 Column_13 Column_14 Column_15 Column_16 Column_17 Column_18 Column_19 Column_20 Column_21 Column_22 Column_23 Column_24 Column_25 Column_26 Column_27 Column_28 Column_29
feature_infos=[-3.540635347366333:11.419490814208984] [-4.286867618560791:11.685395240783691] [-4.3701949119567871:11.701414108276367] [-4.3805141448974609:11.453814506530762] [-4.3497223854064941:11.272500991821289] [-4.4950685501098633:9.7064008712768555] [-4.2664017677307129:10.730356216430664] [-4.0279655456542969:7.7766919136047363] [-2.3082084655761719:8.0853128433227539] [-3.0162770748138428:8.1079425811767578] [-2.8176460266113281:8.1392879486083984] [-1.8426212072372437:8.2351627349853516] [-1.5101014375686646:8.3152599334716797] [-2.0828602313995361:8.1382904052734375] [-4.6340794563293457:5.5208940505981445] [-5.1695089340209961:6.7352347373962402] [-10.663614273071289:7.1673679351806641] [-3.0304303169250488:4.1948041915893555] [-2.3025016784667969:6.3999519348144531] [-7.1896843910217285:6.6505193710327148] [-10.828666687011719:6.4521923065185547] [-3.5727789402008057:7.5959486961364746] [-3.6624157428741455:8.2166194915771484] [-19.253122329711914:26.217466354370117] [-36.426158905029297:15.56666088104248] [-62.643627166748047:19.118513107299805] [-2.397939920425415:0.98987960815429688] [-1.2905910015106201:2.0972285270690918] [0:7] [0:7]
tree_sizes=885 896 894 892 855 876 874 878 895 850 857 895 891 897 885 894 875 871 872 895 892 895 895 788 768 873 876 896 894 854 873 866 874 870 895 878 874 879 877 867 875 898 897 875 902 898 878 878 895 879 893 876 876 877 771 856 875 846 789 794 870 903 893 833 739 880 894 900 905 878 901 880 899 894 878 901 773 846 902 856 885 894 779 898 875 877 794 904 891 851 875 887 850 903 879 869 893 883 792 870 882 842 896 905 899 801 901 875 895 867 879 871 858 865 878 883 888 885 793 784 906 887 882 904 884 883 877 798 846 876 871 879 881 890 692 872 793 887 790 872 882 897 802 869 880 885 901 875 872 879 863 880 900 665 880 881 886 872 843 752 911 759 881 880 763 884 831 882 858 783 763 840 855 859 669 872 879 888 869 858 884 886 862 869 807 837 872 878 870 909 872 757 857 835 674 766 844 913 870 879 676 859 871 849 858 764 861 870 832 861 784 767 766 790 873 903 846 871 871 860 869 861 888 869 846 887 855 885 888 883 678 779 894 736 896 789 867 871 745 773 853 865 778 747 890 873 784 860 877 867 895 853 875 776 874 869 890 788 881 765 871 875 870 735 867 892 808 842 771 880 866 853 855 884 866 870 854 737 870 840 884 895 786 753 691 786 869 867 894 881 837 782 888 845 869 851 786 882 769 854 851 898 864 648 857 855 778 771 856 850 872 899 862 865 854 868 864 880 872 650 858 668 865 745 761 786 869 864 781 853 757 856 857 857 875 867 879 872 857 782 763 845 660 747 923 866 878 770 793 775

Tree=0
num_leaves=7
num_cat=0
split_feature=21 19 13 23 2 13
split_gain=139.85 20.3067 13.2419 3.36259 2.15775 2.09518
threshold=0.49744996428489691 0.54313117265701305 3.0557918548583989 -5.430037021636962 1.6396026611328127 2.9645712375640874
decision_type=2 2 2 2 2 2
left_child=1 3 -2 -1 -4 -3
right_child=2 5 4 -5 -6 -7
leaf_value=-0.094496420831623879 -0.10363546617513439 -0.10050852525364946 -0.095310194858114469 -0.13492268360557727 -0.053254715778026533 -0.078489569085950534
leaf_weight=0.81747579085640865 1.8495597622822995 0.75811082636937444 0.60113428323529916 28.258599391905591 27.939360274234787 2.8606179277412593
leaf_count=100 405 153 128 4969 635 90
internal_value=-0.0937257 -0.127256 -0.0580592 -0.13365 -0.0541185 -0.0841673
internal_weight=63.0849 32.6948 30.3901 29.0761 28.5405 3.61873
internal_count=6480 5312 1168 5069 763 243
is_linear=0
shrinkage=1


Tree=1
num_leaves=7
num_cat=0
split_feature=21 6 25 2 23 21
split_gain=130.621 13.5171 9.17786 4.70256 2.81129 0.611938
threshold=0.39593385159969335 3.5677664279937749 -4.0523319244384757 1.5967977643013003 -3.9563295841217037 1.8499938249588015
decision_type=2 2 2 2 2 2
left_child=2 3 -1 -2 -4 -3
right_child=1 5 4 -5 -6 -7
leaf_value=0.0069047250737188761 -0.0034914110328462277 -0.011119646877705593 -0.00043767950693967953 0.040312285825850953 -0.037952301488407253 0.0016949945176699113
leaf_weight=1.5347629792522663 0.53922964190133527 1.7026040769997046 1.7726564548211197 27.459904297080357 27.581973823835142 0.71647926839068521
leaf_count=60 175 481 296 721 4624 27
internal_value=0.000263131 0.034392 -0.0332802 0.0388781 -0.0362622 -0.00789736
internal_weight=61.3076 30.4182 30.8894 27.9991 29.3546 2.41908
internal_count=6384 1404 4980 896 4920 508
is_linear=0
shrinkage=0.025


Tree=2
num_leaves=7
num_cat=0
split_feature=21 19 6 26 23 5
split_gain=115.336 18.8467 12.1093 6.81384 1.84016 1.32456
threshold=0.39593385159969335 0.63966628909111034 3.7310278415679936 -0.84915360808372486 -7.2919981479644767 4.7675356864929208
decision_type=2 2 2 2 2 2
left_child=1 4 3 -2 -1 -3
right_child=2 5 -4 -5 -6 -7
leaf_value=0.00046104541364324551 0.039871677306984342 0.015718895372109905 -0.0075907489474400349 -0.0017804099392212975 -0.038189169609677866 -0.0033086457768178785
leaf_weight=0.34120629675454139 24.52721855905839 2.5885205160011533 2.371150806953664 1.9141449559829187 28.180144275480416 0.52022514556301747
leaf_count=30 368 72 476 595 4817 102
internal_value=-0.000834376 -0.0315967 0.0324299 0.036854 -0.0375405 0.0116872
internal_weight=60.4426 31.6301 28.8125 26.4414 28.5214 3.10875
internal_count=6460 5021 1439 963 4847 174
is_linear=0
shrinkage=0.025


Tree=3
num_leaves=7
num_cat=0
split_feature=22 17 5 2 24 24
split_gain=118.419 13.0167 12.9152 5.67356 1.32469 1.22244
threshold=0.14144344627857211 0.83499798178672802 4.141651153564454 1.5967977643013003 -5.4482588768005362 0.46034276485443121
decision_type=2 2 2 2 2 2
left_child=1 -1 3 -2 -4 -3
right_child=2 5 4 -5 -6 -7
leaf_value=-0.037378832351041287 -0.0033269105318449914 0.012070053876888243 0.0043801782729543624 0.038059877965461703 -0.012640645561608821 -0.0044114466055615404
leaf_weight=27.23893898003735 1.1010424312553393 2.1619242512970227 0.87294726114487309 28.035130510455929 2.0801388404215677 0.66303071856964368
leaf_count=4882 206 39 27 717 355 185
internal_value=0.000255404 -0.0326145 0.0314644 0.0360546 -0.00723279 0.00705597
internal_weight=62.1532 30.0639 32.0893 29.1362 2.95309 2.82495
internal_count=6411 5106 1305 923 382 224
is_linear=0
shrinkage=0.025


Tree=4
num_leaves=7
num_cat=0
split_feature=21 24 13 26 20 18
split_gain=116.576 13.3636 11.9535 5.72629 2.23839 0.713956
threshold=0.40486755967140203 -4.7863144874572745 3.0557918548583989 -0.88096362352371205 1.5116681456565859 0.53333166241645824
decision_type=2 2 2 2 2 2
left_child=1 -1 5 -4 -3 -2
right_child=2 4 3 -5 -6 -7
leaf_value=0.011061351437377073 -0.010512463508579921 -0.036297952215512748 0.039525379634116925 0 0 0.0022453559013872692
leaf_weight=1.8816282473853814 1.6200136348488769 28.419756559480451 26.033801507262986 2.1433580466546074 1.0787551167886693 1.1419761288561856
leaf_count=43 421 4850 299 569 129 123
internal_value=0.000417861 -0.0310715 0.0324093 0.0367893 -0.0351538 -0.0063839
internal_weight=62.3193 31.3801 30.9391 28.1772 29.4985 2.76199
internal_count=6434 5022 1412 868 4979 544
is_linear=0
shrinkage=0.025


Tree=5
num_leaves=7
num_cat=0
split_feature=22 13 17 3 21 24
split_gain=110.245 13.8281 13.6094 3.11995 1.69317 1.29397
threshold=0.21671868115663531 2.9645712375640874 0.83499798178672802 1.1114910244941714 0.98096084594726574 0.46034276485443121
decision_type=2 2 2 2 2 2
left_child=2 -2 4 -3 -1 -4
right_child=1 3 5 -5 -6 -7
leaf_value=-0.036320666838818731 -0.0099240482749475643 0 0.012629097810783361 0.037986732419569874 0.00048992149292568534 -0.0043859959567724887
leaf_weight=27.606274869991474 2.233470089442565 1.1366448524058821 2.4536009402945633 26.076412792492192 0.32321437553036858 0.66756404249463219
leaf_count=5068 358 202 53 505 37 193
internal_value=-3.77189e-05 0.0318589 -0.0306832 0.0364903 -0.0356952 0.00776051
internal_weight=60.4972 29.4465 31.0507 27.2131 27.9295 3.12116
internal_count=6416 1065 5351 707 5105 246
is_linear=0
shrinkage=0.025


Tree=6
num_leaves=7
num_cat=0
split_feature=21 6 19 26 20 6
split_gain=105.103 12.0235 10.9076 5.36639 2.22736 0.904421
threshold=0.39593385159969335 3.3653833866119389 0.63966628909111034 -0.79773235321044911 1.5116681456565859 3.2042828798294072
decision_type=2 2 2 2 2 2
left_child=2 3 4 -2 -1 -4
right_child=1 -3 5 -5 -6 -7
leaf_value=-0.035589416603646916 0.037246174010714346 -0.0080593891599012087 0.011671428214585663 -0.0021820445978251593 0 -0.0032198291308462956
leaf_weight=27.244846773915931 25.992230434843812 2.4883186016231766 1.7841754121473052 1.4268436130951148 1.0729200692148868 0.52347272931365285
leaf_count=4702 418 579 39 450 125 126
internal_value=-0.00017312 0.03058 -0.0304575 0.0349815 -0.0344098 0.00754639
internal_weight=60.5328 29.9074 30.6254 27.4191 28.3178 2.30765
internal_count=6439 1447 4992 868 4827 165
is_linear=0
shrinkage=0.025


Tree=7
num_leaves=7
num_cat=0
split_feature=22 13 17 2 23 22
split_gain=105.086 14.7236 7.63573 7.22141 1.20361 0.640803
threshold=0.14144344627857211 3.0557918548583989 0.83499798178672802 1.5967977643013003 -5.430037021636962 -0.25484709441661829
decision_type=2 2 2 2 2 2
left_child=2 -2 4 -3 -1 -4
right_child=1 3 5 -5 -6 -7
leaf_value=0 -0.0099358923904194103 -0.0062428244204831042 -0.0037920661175000585 0.03661926006335129 -0.035608602012034557 0.0077222724145596016
leaf_weight=0.52361311600544169 2.9685180781525551 0.95514510193607094 0.59166717017069492 28.185613854555413 26.007459683227353 1.7750951258931298
leaf_count=62 482 212 170 619 4832 69
internal_value=0.000129286 0.0292752 -0.0316126 0.0343228 -0.0349723 0.00337532
internal_weight=61.0071 32.1093 28.8978 29.1408 26.5311 2.36676
internal_count=6446 1313 5133 831 4894 239
is_linear=0
shrinkage=0.025


Tree=8
num_leaves=7
num_cat=0
split_feature=21 13 19 2 23 12
split_gain=98.5207 11.8641 8.40185 3.98801 2.91561 0.790754
threshold=0.40486755967140203 3.0557918548583989 0.63966628909111034 1.5967977643013003 -5.430037021636962 2.6171165704727177
decision_type=2 2 2 2 2 2
left_child=2 -2 4 -3 -1 -4
right_child=1 3 5 -5 -6 -7
leaf_value=0.0011869783142724288 -0.0082432315133311417 -0.0034874854666420312 -0.0034388458371824994 0.035346775472795709 -0.03454021067906797 0.010004002992252632
leaf_weight=0.80248703772668406 2.5522809831891236 0.54337776661850767 0.55906072177458499 26.646233186416794 27.025184550846461 1.5405457771848885
leaf_count=87 529 166 113 725 4792 48
internal_value=-0.000246635 0.029489 -0.0299681 0.0339554 -0.0332957 0.00564325
internal_weight=59.6692 29.7419 29.9273 27.1896 27.8277 2.09961
internal_count=6460 1420 5040 891 4879 161
is_linear=0
shrinkage=0.025


Tree=9
num_leaves=7
num_cat=0
split_feature=21 24 6 26 20 21
split_gain=98.1577 14.7721 9.45839 2.41751 1.95301 0.51563
threshold=0.48637431859970098 -4.7863144874572745 3.5677664279937749 -0.79773235321044911 1.5116681456565859 1.8499938249588015
decision_type=2 2 2 2 2 2
left_child=1 -1 3 -2 -3 -4
right_child=2 4 5 -5 -6 -7
leaf_value=0.012349539306166739 0.035726274552311803 -0.033718778409279546 -0.0095010999967650236 0 0 0.0018147471478003148
leaf_weight=2.4182254782645058 26.679869356274146 27.929661866801329 1.4791198230814182 1.4068225520895783 1.105523359903599 0.7037840723642147
leaf_count=58 396 5059 397 374 143 26
internal_value=0.000973728 -0.0277729 0.0307244 0.0342991 -0.0326215 -0.00625901
internal_weight=61.723 31.4534 30.2696 28.0867 29.0352 2.1829
internal_count=6453 5260 1193 770 5202 423
is_linear=0
shrinkage=0.025


Tree=10
num_leaves=7
num_cat=0
split_feature=24 13 17 26 16 24
split_gain=88.2491 15.1588 7.53678 5.20336 1.11626 0.731051
threshold=-0.60493060946464527 2.9645712375640874 0.88856437802314769 -0.84915360808372486 1.2253343462944033 0.46034276485443121
decision_type=2 2 2 2 2 2
left_child=1 -1 4 -3 -2 -4
right_child=2 3 5 -5 -6 -7
leaf_value=-0.010940917802535581 -0.033979517727150875 0.034956155759902324 0.008899767550937852 0 0 -0.003688010405649856
leaf_weight=3.2902046116651062 25.008029560092844 25.697287933959167 1.5824231021106236 2.6152927502407648 0.54708988213678722 0.5862816241569816
leaf_count=562 4602 454 25 561 89 149
internal_value=-4.57564e-05 0.026537 -0.0299635 0.0320683 -0.0333332 0.00442615
internal_weight=59.3266 31.6028 27.7238 28.3126 25.5551 2.1687
internal_count=6442 1577 4865 1015 4691 174
is_linear=0
shrinkage=0.025


Tree=11
num_leaves=7
num_cat=0
split_feature=21 6 25 26 23 13
split_gain=88.4291 9.45851 8.63526 4.87143 2.76272 2.40247
threshold=0.39593385159969335 3.7310278415679936 -0.90302807092666615 -0.84915360808372486 -5.430037021636962 2.9645712375640874
decision_type=2 2 2 2 2 2
left_child=2 3 5 -2 -4 -1
right_child=1 -3 4 -5 -6 -7
leaf_value=-0.0087708700604854917 0.034791303057982378 -0.0067788407677491398 0.0013458074852429327 -0.0013112172948706818 -0.032853596385627445 0.012032441426267174
leaf_weight=1.4963109265081613 26.396338487276815 2.309818274981807 0.7825366093893561 1.7834722182014946 25.537060971837491 2.4641974181868136
leaf_count=257 374 479 93 574 4534 148
internal_value=0.00089307 0.0287795 -0.0271084 0.0324648 -0.0315847 0.00296682
internal_weight=60.7697 30.4896 30.2801 28.1798 26.3196 3.96051
internal_count=6459 1427 5032 948 4627 405
is_linear=0
shrinkage=0.025


Tree=12
num_leaves=7
num_cat=0
split_feature=21 6 19 2 23 12
split_gain=84.4929 10.0115 9.34799 3.72664 2.67599 0.80246
threshold=0.39593385159969335 3.5677664279937749 0.63966628909111034 1.5967977643013003 -5.430037021636962 2.6171165704727177
decision_type=2 2 2 2 2 2
left_child=2 3 4 -2 -1 -4
right_child=1 -3 5 -5 -6 -7
leaf_value=0.0012048916239171059 -0.0035335826717786383 -0.0074794606482076927 -0.0029534653689698175 0.033115391721632352 -0.032595469018040245 0.011093266551230217
leaf_weight=0.79935438599205255 0.55320934084011852 2.4481001272215499 0.50844278209842686 26.768680145498365 26.245279903989285 1.7863555169315075
leaf_count=84 181 527 113 719 4764 53
internal_value=0.00018326 0.0277309 -0.0275544 0.0317481 -0.0313693 0.00723308
internal_weight=59.1094 29.77 29.3394 27.3219 27.0446 2.2948
internal_count=6441 1427 5014 900 4848 166
is_linear=0
shrinkage=0.025


Tree=13
num_leaves=7
num_cat=0
split_feature=22 13 2 17 24 21
split_gain=88.2519 11.4088 5.09708 3.56225 1.80021 0.713179
threshold=0.14144344627857211 2.9645712375640874 1.5967977643013003 0.51844686269760143 0.067617669701576247 1.3485633730888369
decision_type=2 2 2 2 2 2
left_child=3 5 -3 -1 -5 -2
right_child=1 2 -4 4 -6 -7
leaf_value=-0.031766250129488548 -0.011742670310821169 -0.0036222788100300956 0.033438052291160245 0.0079576929513413448 -0.010267584194697435 0.0020184944968528774
leaf_weight=24.377927896101031 2.0901682465337212 1.1831062633427816 28.514474565163255 1.7148567207623266 1.7409160059178246 0.65982058236841101
leaf_count=4457 411 214 655 86 628 31
internal_value=0.000994525 0.0272429 0.0314723 -0.0289034 -0.00112682 -0.00846236
internal_weight=60.2813 32.4476 29.6976 27.8337 3.45577 2.74999
internal_count=6482 1311 869 5171 714 442
is_linear=0
shrinkage=0.025


Tree=14
num_leaves=7
num_cat=0
split_feature=22 13 17 2 21 21
split_gain=80.7467 11.797 8.01262 4.94497 1.38734 0.759775
threshold=0.14144344627857211 2.9645712375640874 0.83499798178672802 1.5967977643013003 0.98096084594726574 1.3485633730888369
decision_type=2 2 2 2 2 2
left_child=2 5 4 -3 -1 -2
right_child=1 3 -4 -5 -6 -7
leaf_value=-0.032512959427644574 -0.012346518763462043 -0.0036451248519405854 0.0047297146825833383 0.032623863397765636 0.00043364594259491111 0.0020112373791442181
leaf_weight=25.246896916709382 2.248115380818493 1.1901417913031789 2.5723515849094829 26.875948019267526 0.30388629878871043 0.6598780111526138
leaf_count=4892 432 225 230 663 31 31
internal_value=0 0.0259353 -0.0281616 0.0305782 -0.0319097 -0.00908646
internal_weight=59.0972 30.9741 28.1231 28.0661 25.5508 2.90799
internal_count=6504 1351 5153 888 4923 463
is_linear=0
shrinkage=0.025


Tree=15
num_leaves=7
num_cat=0
split_feature=22 17 13 24 3 23
split_gain=78.6706 11.772 7.52914 2.72009 2.15188 1.45017
threshold=0.29910723865032202 0.56839969754219066 2.5983111858367924 0.46034276485443121 1.1114910244941714 -7.2919981479644767
decision_type=2 2 2 2 2 2
left_child=1 5 -2 -3 -4 -1
right_child=2 3 4 -5 -6 -7
leaf_value=0.00057774136184292476 -0.007563493058317515 0.013053808612986762 -0.00072010007963624627 -0.0086537391275221184 0.032567957648020257 -0.031551168980298146
leaf_weight=0.33003075612942367 1.2433103927178333 3.6386892259470178 0.6615761536522794 1.4488511755480429 25.712974217312876 25.448401102505159
leaf_count=32 209 151 147 515 508 4873
internal_value=0.000564215 -0.0249371 0.0287101 0.0050271 0.0315521 -0.0309097
internal_weight=58.4838 30.866 27.6179 5.08754 26.3746 25.7784
internal_count=6435 5571 864 666 655 4905
is_linear=0
shrinkage=0.025


Tree=16
num_leaves=7
num_cat=0
split_feature=21 19 6 23 26 13
split_gain=71.485 13.3488 8.39506 2.51547 2.21668 1.43049
threshold=0.48637431859970098 0.54313117265701305 3.7310278415679936 -5.430037021636962 -0.84915360808372486 2.9645712375640874
decision_type=2 2 2 2 2 2
left_child=1 3 4 -1 -2 -3
right_child=2 5 -4 -5 -6 -7
leaf_value=0.00092965567217740623 0.03183111077150224 -0.0041611375145523231 -0.0077188603675191871 -0.032046991792967404 0 0.014070825556511408
leaf_weight=0.84263424598612502 22.900455866474662 0.69755849533248637 1.8664199158665713 26.002759253780823 1.747927082527897 2.817346548079513
leaf_count=101 322 148 397 5025 447 90
internal_value=-0.000901694 -0.0253271 0.0264489 -0.0308322 0.0301124 0.00939978
internal_weight=56.8751 30.3603 26.5148 26.8454 24.6484 3.51491
internal_count=6530 5364 1166 5126 769 238
is_linear=0
shrinkage=0.025


Tree=17
num_leaves=7
num_cat=0
split_feature=21 19 6 26 23 13
split_gain=73.627 12.6016 8.0518 2.57025 2.36903 1.394
threshold=0.50758665800094616 0.56569987535476696 4.1107506752014169 -0.84915360808372486 -5.430037021636962 2.9645712375640874
decision_type=2 2 2 2 2 2
left_child=1 4 3 -2 -1 -3
right_child=2 5 -4 -5 -6 -7
leaf_value=0.00091430278098591881 0.032019922683059941 -0.0040982092415924138 -0.0084721649163198506 0 -0.030880733265152067 0.013926517280782154
leaf_weight=0.84353556612041458 25.632265180174731 0.68395118747139294 1.3483171975822177 1.8039057553978661 25.895619468763471 2.807442192803137
leaf_count=102 391 142 282 460 5014 88
internal_value=0.000934541 -0.0243269 0.0273239 0.0303106 -0.0296948 0.0093255
internal_weight=59.015 30.2305 28.7845 27.4362 26.7392 3.49139
internal_count=6479 5346 1133 851 5116 230
is_linear=0
shrinkage=0.025


Tree=18
num_leaves=7
num_cat=0
split_feature=22 13 17 3 13 23
split_gain=73.2497 9.93535 9.334 2.77749 1.15825 1.02934
threshold=0.19326040148735049 2.9645712375640874 0.83499798178672802 1.1114910244941714 2.2732647657394414 -5.430037021636962
decision_type=2 2 2 2 2 2
left_child=2 -2 5 -3 -4 -1
right_child=1 3 4 -5 -6 -7
leaf_value=0 -0.0077600354946165242 -0.00055725569861765352 -0.004414301371375484 0.031556026481409795 0.011390302188285701 -0.030344439120951118
leaf_weight=0.49383439752273872 2.6337029162095886 1.1945021009305516 0.69644125510239918 26.954049874271732 2.3316875072778203 25.056379414570983
leaf_count=59 403 224 129 569 106 5020
internal_value=0.0011888 0.0260787 -0.0253256 0.0301262 0.00649147 -0.0297463
internal_weight=59.3606 30.7823 28.5783 28.1486 3.02813 25.5502
internal_count=6510 1196 5314 793 235 5079
is_linear=0
shrinkage=0.025


Tree=19
num_leaves=7
num_cat=0
split_feature=22 13 17 3 24 18
split_gain=66.1769 10.0515 8.00235 3.73826 2.67178 0.565445
threshold=0.14144344627857211 2.9645712375640874 0.51844686269760143 1.1114910244941714 0.46034276485443121 0.67047435045242321
decision_type=2 2 2 2 2 2
left_child=2 5 -1 -3 -4 -2
right_child=1 3 4 -5 -6 -7
leaf_value=-0.03023880419596214 -0.011199123377128823 -0.0027670987014530614 0.011945936278034881 0.030387138676570231 -0.0096044601095414128 0.0013547288335121073
leaf_weight=22.918524545966651 2.0655385921127194 1.0668670645100089 2.7458066518302067 26.219417968590278 1.6815330716781316 0.7366344270412809
leaf_count=4461 374 243 122 625 615 66
internal_value=0.000515109 0.0243463 -0.0252231 0.0286695 0.00234514 -0.00834463
internal_weight=57.4343 30.0885 27.3459 27.2863 4.42734 2.80217
internal_count=6506 1308 5198 868 737 440
is_linear=0
shrinkage=0.025


Tree=20
num_leaves=7
num_cat=0
split_feature=22 13 17 2 24 18
split_gain=58.5665 9.79895 6.6332 4.64259 2.27889 0.621245
threshold=0.14144344627857211 2.9645712375640874 0.51844686269760143 1.5967977643013003 0.46034276485443121 0.67047435045242321
decision_type=2 2 2 2 2 2
left_child=2 5 -1 -3 -4 -2
right_child=1 3 4 -5 -6 -7
leaf_value=-0.029824070986665653 -0.011686461804052676 -0.00519229097309345 0.010611778732618359 0.029294634865897007 -0.0093998072631526295 0.0014915850385852775
leaf_weight=22.460231186472814 2.1816858527017788 0.84679927938850852 2.5404335714410982 23.721156309358776 1.6624079312896354 0.71826794167282049
leaf_count=4418 382 207 124 640 603 70
internal_value=-0.00111558 0.0224643 -0.025316 0.0272176 0.00121072 -0.00875312
internal_weight=54.131 27.4679 26.6631 24.568 4.20284 2.89995
internal_count=6444 1299 5145 847 727 452
is_linear=0
shrinkage=0.025


Tree=21
num_leaves=7
num_cat=0
split_feature=21 19 13 23 26 13
split_gain=58.0445 13.2195 6.72948 2.25001 2.21056 1.54182
threshold=0.48637431859970098 0.54313117265701305 2.2160764932632451 -5.430037021636962 -0.89360073208808888 2.9645712375640874
decision_type=2 2 2 2 2 2
left_child=1 3 -2 -1 -4 -3
right_child=2 5 4 -5 -6 -7
leaf_value=0.0010456305559909999 -0.0078849408848929471 -0.0042216800359160733 0.030014059833242342 -0.029374184848137752 0.0012775235780355595 0.014699543832595544
leaf_weight=0.83353641832946479 1.2676102575496795 0.71837778849294354 22.572252933750864 24.412129486619961 2.7592019572621203 3.2504603531560861
leaf_count=93 229 155 378 4901 571 85
internal_value=0.000449362 -0.0220512 0.024939 -0.0281564 0.0278166 0.0101336
internal_weight=55.8136 29.2145 26.5991 25.2457 25.3315 3.96884
internal_count=6412 5234 1178 4994 949 240
is_linear=0
shrinkage=0.025


Tree=22
num_leaves=7
num_cat=0
split_feature=22 17 13 3 13 21
split_gain=59.7452 11.3045 7.59121 2.59338 1.34012 1.11691
threshold=0.23340168595314029 0.83499798178672802 2.9645712375640874 1.5212844014167788 2.2732647657394414 0.98096084594726574
decision_type=2 2 2 2 2 2
left_child=1 5 -2 -4 -3 -1
right_child=2 4 3 -5 -6 -7
leaf_value=-0.029253230644525077 -0.0064061203697689563 -0.0044253252174553471 -0.00079613048752237971 0.029777478599940607 0.012681897841693865 0.00021736284995071552
leaf_weight=24.249438495782677 2.344558788288853 0.7052194124553347 1.1525608767988185 23.833909759880044 3.0655702476506121 0.32019500678870727
leaf_count=5065 343 128 227 462 121 41
internal_value=0.000275383 -0.0231309 0.0245632 0.0282612 0.00807103 -0.028686
internal_weight=55.6715 28.3404 27.331 24.9865 3.77079 24.5696
internal_count=6387 5355 1032 689 249 5106
is_linear=0
shrinkage=0.025


Tree=23
num_leaves=6
num_cat=0
split_feature=22 17 6 26 22
split_gain=59.522 7.86114 7.47338 3.21176 2.56539
threshold=0.21671868115663531 0.51844686269760143 4.1107506752014169 -0.79773235321044911 -0.099197253584861741
decision_type=2 2 2 2 2
left_child=1 -1 3 -2 -3
right_child=2 4 -4 -5 -6
leaf_value=-0.029248345638336583 0.029133463853308613 -0.0094215333903649081 -0.0085958306133663443 -0.001750119638157307 0.011580370862830437
leaf_weight=22.713093427591961 23.90132681577234 1.6534129702486096 1.5093038665363554 1.2748736128560292 2.977969678642693
leaf_count=4580 474 606 271 341 138
internal_value=-0.000204109 -0.024142 0.0240666 0.0273316 0.00243501
internal_weight=54.03 27.3445 26.6855 25.1762 4.63138
internal_count=6410 5324 1086 815 744
is_linear=0
shrinkage=0.025


Tree=24
num_leaves=6
num_cat=0
split_feature=21 22 13 17 26
split_gain=55.8317 7.34469 6.46076 2.68426 2.6032
threshold=0.48637431859970098 0.9230114519596101 2.2160764932632451 0.56839969754219066 -0.88541197776794422
decision_type=2 2 2 2 2
left_child=1 3 -2 -1 -4
right_child=2 -3 4 -5 -6
leaf_value=-0.028102292087041455 -0.0079186664952466436 0.0081325406961522337 0.028779459828642003 0.00078326295438974644 0
leaf_weight=24.66225795150968 1.2898326861322882 1.7869040407822456 22.246057380863935 1.4236015159403894 2.159917095443233
leaf_count=4935 237 44 402 342 532
internal_value=-0.000443218 -0.0231453 0.0237375 -0.0264524 0.026685
internal_weight=53.5686 27.8728 25.6958 26.0859 24.406
internal_count=6492 5321 1171 5277 934
is_linear=0
shrinkage=0.025


Tree=25
num_leaves=7
num_cat=0
split_feature=22 6 17 27 16 24
split_gain=52.9459 9.01214 6.55227 4.17886 0.910218 0.88432
threshold=0.14144344627857211 3.3653833866119389 0.83499798178672802 0.25930537283420568 1.2253343462944033 0.46034276485443121
decision_type=2 2 2 2 2 2
left_child=2 3 4 -2 -1 -4
right_child=1 -3 5 -5 -6 -7
leaf_value=-0.027593419280929551 0.02915439011465927 -0.0082820764774731003 0.0094395033558629469 -0.00137266840320493 0 -0.0041512713983609473
leaf_weight=21.847145978128545 24.305929763999309 2.7562964981188989 2.1253213135641995 2.1898926127469158 0.54184890724718471 0.67271637480007473
leaf_count=4763 328 526 45 482 88 200
internal_value=0.00113548 0.0224158 -0.0229916 0.0266155 -0.0269363 0.00480384
internal_weight=54.4392 29.2521 25.187 26.4958 22.389 2.79804
internal_count=6432 1336 5096 810 4851 245
is_linear=0
shrinkage=0.025


Tree=26
num_leaves=7
num_cat=0
split_feature=21 19 12 27 23 5
split_gain=51.2003 8.12237 4.70104 2.54225 2.08321 0.86585
threshold=0.48637431859970098 0.56569987535476696 2.8843159675598149 0.22370055317878726 -5.430037021636962 4.0891640186309823
decision_type=2 2 2 2 2 2
left_child=1 4 -2 -4 -1 -3
right_child=2 5 3 -5 -6 -7
leaf_value=0.0010364625158359941 -0.0044817520534682891 0.011045702681558156 0.027990780664162773 0 -0.027888942489061836 -0.0032068269600934031
leaf_weight=0.84010860783747077 1.7140739402384522 2.1998356375843282 21.067600171023518 2.1727070803754023 23.220648461254314 0.57625545450719062
leaf_count=94 222 54 380 544 4910 156
internal_value=-0.000244312 -0.0223984 0.0231342 0.0258252 -0.0266594 0.00712378
internal_weight=51.7912 26.8368 24.9544 23.2403 24.0608 2.77609
internal_count=6360 5214 1146 924 5004 210
is_linear=0
shrinkage=0.025


Tree=27
num_leaves=7
num_cat=0
split_feature=21 13 19 2 13 13
split_gain=51.3468 7.61384 7.33842 3.08101 1.27451 0.746216
threshold=0.35699070990085607 3.0557918548583989 0.63966628909111034 1.5967977643013003 6.9779391288757333 2.9645712375640874
decision_type=2 2 2 2 2 2
left_child=2 -2 4 -3 -1 -4
right_child=1 3 5 -5 -6 -7
leaf_value=-0.027455679680365802 -0.0072115491731473942 -0.0036169650187606334 -0.0029460471393249134 0.027598002540543894 0.00075290752065690619 0.010330754213353764
leaf_weight=22.627602363179911 2.4765524251852211 0.59298486827174457 0.54161519766785149 24.622846843092702 0.32285463198786502 1.9476656822953371
leaf_count=4733 549 200 118 768 13 49
internal_value=0.000547133 0.0223564 -0.0227606 0.02618 -0.0267715 0.00656922
internal_weight=53.1321 27.6924 25.4397 25.2158 22.9505 2.48928
internal_count=6430 1517 4913 968 4746 167
is_linear=0
shrinkage=0.025


Tree=28
num_leaves=7
num_cat=0
split_feature=22 17 13 26 12 21
split_gain=47.089 8.35643 7.66806 3.31714 1.26337 0.978585
threshold=0.21671868115663531 0.83499798178672802 2.9645712375640874 -0.89666655659675587 2.9998610019683842 0.98096084594726574
decision_type=2 2 2 2 2 2
left_child=1 5 -2 -4 -3 -1
right_child=2 4 3 -5 -6 -7
leaf_value=-0.02649451454900148 -0.0080423349003565861 -0.0046599199302669097 0.028530485980782061 -0.00075081780692834931 0.011647806917073809 0.00026567789030648638
leaf_weight=22.450049537292223 2.1148786373087232 0.74708607746288125 22.073685679992202 1.9263324997154949 2.7064635459682904 0.30529849411686782
leaf_count=5059 358 143 268 465 107 41
internal_value=0.000603954 -0.02104 0.0224171 0.0262405 0.00671108 -0.0259271
internal_weight=52.3238 26.2089 26.1149 24 3.45355 22.7553
internal_count=6441 5350 1091 733 250 5100
is_linear=0
shrinkage=0.025


Tree=29
num_leaves=7
num_cat=0
split_feature=21 13 19 26 5 5
split_gain=44.273 7.78737 6.9319 3.03517 1.66588 0.694741
threshold=0.35699070990085607 3.0557918548583989 0.63966628909111034 -0.88096362352371205 -0.17795903235673902 4.0891640186309823
decision_type=2 2 2 2 2 2
left_child=2 -2 4 -3 -1 -4
right_child=1 3 5 -5 -6 -7
leaf_value=0 -0.0079502289181917814 0.027599580580527989 0.010069729081584659 0 -0.027502109194160487 -0.0027876751328958808
leaf_weight=1.2831620309734777 2.597704749961852 20.651760202250451 1.915247795172035 2.6627668482833498 20.753217785910238 0.51938132138457138
leaf_count=126 583 334 36 634 4574 122
internal_value=-9.75562e-05 0.0207082 -0.0221163 0.0249621 -0.0261143 0.00645606
internal_weight=50.3832 25.9122 24.471 23.3145 22.0364 2.43463
internal_count=6409 1551 4858 968 4700 158
is_linear=0
shrinkage=0.025


Tree=30
num_leaves=7
num_cat=0
split_feature=24 27 13 13 3 18
split_gain=46.2935 7.45822 4.83031 4.23943 1.91353 0.893432
threshold=-1.8359516859054563 0.12796683609485629 2.9645712375640874 4.2866063117980966 1.1114910244941714 0.34513933956623083
decision_type=2 2 2 2 2 2
left_child=2 3 -1 -2 -4 -3
right_child=1 5 4 -5 -6 -7
leaf_value=-0.0061703263045493461 -0.011564426487451474 -0.027605173516927331 -0.0020631129680786149 0.013373385336963518 0.027055849176188015 0
leaf_weight=1.0434999226126844 3.4176682519610067 20.245935343962632 0.36125664552673953 3.5783594164531678 20.811275760061108 1.0257976170978498
leaf_count=262 849 4464 115 74 437 258
internal_value=-0.00071051 -0.0205354 0.0234235 0.00092749 0.026021 -0.0266653
internal_weight=50.4838 28.2678 22.216 6.99603 21.1725 21.2717
internal_count=6459 5645 814 923 552 4722
is_linear=0
shrinkage=0.025


Tree=31
num_leaves=7
num_cat=0
split_feature=21 19 13 26 27 5
split_gain=44.0627 7.76413 7.07262 3.08065 0.900523 0.814067
threshold=0.35699070990085607 0.63966628909111034 3.0557918548583989 -0.84915360808372486 0.71480849385261547 4.0891640186309823
decision_type=2 2 2 2 2 2
left_child=1 4 -2 -4 -1 -3
right_child=2 5 3 -5 -6 -7
leaf_value=-0.027215120318654491 -0.007161239000715032 0.010815346849280788 0.027047826467835875 -0.00065007507357804921 0 -0.0030573814617626976
leaf_weight=21.001539239427082 2.5287009490421068 2.1284716688096519 21.348193671670749 2.0365732848877043 0.71726002189097826 0.56123068119632069
leaf_count=4701 569 35 380 600 76 138
internal_value=0 -0.0219894 0.020757 0.0247258 -0.0264521 0.0070021
internal_weight=50.322 24.4085 25.9135 23.3848 21.7188 2.6897
internal_count=6499 4950 1549 980 4777 173
is_linear=0
shrinkage=0.025


Tree=32
num_leaves=7
num_cat=0
split_feature=21 26 24 6 24 27
split_gain=41.7899 8.618 5.79444 5.54231 1.22269 0.987295
threshold=0.23759736865758899 -0.88230291008949269 -4.7863144874572745 3.3653833866119389 -3.6482713222503658 0.71480849385261547
decision_type=2 2 2 2 2 2
left_child=2 3 -1 -2 -3 -4
right_child=1 4 5 -5 -6 -7
leaf_value=0.0067140333328236899 0.027498872646311429 0.0038477104845959934 -0.026838940659404661 -0.0045063317614916967 -0.01218586225317882 0
leaf_weight=1.5056634125066946 21.830352594959557 1.0633104079170181 19.989400462538473 2.035612126288469 2.7893937016488017 0.65072399290511285
leaf_count=36 332 113 4366 547 970 67
internal_value=7.87183e-05 0.0192019 -0.0227546 0.0242448 -0.00738087 -0.0260381
internal_weight=49.8645 27.7187 22.1458 23.866 3.8527 20.6401
internal_count=6431 1962 4469 879 1083 4433
is_linear=0
shrinkage=0.025


Tree=33
num_leaves=7
num_cat=0
split_feature=22 13 17 2 22 27
split_gain=44.1895 7.94893 3.0697 3.02658 1.56611 0.909825
threshold=0.14144344627857211 2.9645712375640874 0.51844686269760143 1.5967977643013003 -0.086229275912046419 0.71480849385261547
decision_type=2 2 2 2 2 2
left_child=2 -2 5 -3 -4 -1
right_child=1 3 4 -5 -6 -7
leaf_value=-0.026144991735845592 -0.0079124399711949615 -0.0026934806723047794 -0.0088158832296945967 0.026266339222004699 0.0081925907908186862 0
leaf_weight=19.060057382215753 2.8226259260554825 1.0802820337121399 1.6126176117686557 24.001389670185745 1.9264032347709861 0.67516192561015387
leaf_count=4403 464 204 607 656 103 71
internal_value=0.000649617 0.0203921 -0.0222196 0.0245709 0 -0.025336
internal_weight=51.1785 27.9043 23.2742 25.0817 3.53902 19.7352
internal_count=6508 1324 5184 860 710 4474
is_linear=0
shrinkage=0.025


Tree=34
num_leaves=7
num_cat=0
split_feature=21 24 6 26 20 21
split_gain=41.041 8.3983 4.59583 1.80308 1.45119 0.166883
threshold=0.48637431859970098 -4.7863144874572745 4.1107506752014169 -0.88541197776794422 1.5116681456565859 1.8499938249588015
decision_type=2 2 2 2 2 2
left_child=1 -1 3 -2 -3 -4
right_child=2 4 5 -5 -6 -7
leaf_value=0.0098528719136661887 0.026496165181035217 -0.024872467064764134 -0.0068023837659817558 0.00022422644852539004 3.4592030799410118e-06 0.00024636529630457876
leaf_weight=2.4300349596887854 20.956749656528704 22.073821611178577 1.1430664951913048 2.3494990327744771 1.0194205406005483 0.35211575747234736
leaf_count=59 354 5054 266 538 151 14
internal_value=0.00110744 -0.019253 0.021985 0.0245759 -0.0237467 -0.00526835
internal_weight=50.3247 25.5233 24.8014 23.3062 23.0932 1.49518
internal_count=6436 5264 1172 892 5205 280
is_linear=0
shrinkage=0.025


Tree=35
num_leaves=7
num_cat=0
split_feature=21 27 24 6 24 27
split_gain=38.8826 7.09055 5.44248 4.83156 0.987426 0.974677
threshold=0.22057909518480304 0.22512593865394595 -4.7863144874572745 3.7310278415679936 -3.6482713222503658 0.71480849385261547
decision_type=2 2 2 2 2 2
left_child=2 3 -1 -2 -3 -4
right_child=1 4 5 -5 -6 -7
leaf_value=0.0065185635285566054 0.026302305599033845 0.0038675733809390798 -0.026117543046206559 -0.0039835792064173564 -0.010124420224937944 0
leaf_weight=1.4884939111070732 21.945748574333273 1.039679598994556 19.142733436659913 1.9856215397012409 2.9433528502122464 0.63941292912932013
leaf_count=34 451 123 4277 514 989 64
internal_value=0.000608524 0.0187637 -0.0220159 0.0233192 -0.00565655 -0.0252971
internal_weight=49.185 27.9144 21.2706 23.9314 3.98303 19.7821
internal_count=6452 2077 4375 965 1112 4341
is_linear=0
shrinkage=0.025


Tree=36
num_leaves=7
num_cat=0
split_feature=22 13 19 2 21 13
split_gain=38.6858 6.87408 3.49658 2.45055 1.41388 0.85023
threshold=0.19326040148735049 2.9645712375640874 0.24833724647760394 1.5967977643013003 0.98096084594726574 4.2866063117980966
decision_type=2 2 2 2 2 2
left_child=2 -2 4 -3 -1 -4
right_child=1 3 5 -5 -6 -7
leaf_value=-0.025199290947464439 -0.0080453993556772654 -0.002113996158520494 -0.0050704974422933887 0.025265663102492883 0 0.0079059068960388012
leaf_weight=19.673885726078886 2.216666056134275 0.97115287504857661 1.0481498455046669 21.45647079939954 1.1359021828975517 1.4273360011284237
leaf_count=4896 392 193 267 589 116 43
internal_value=-0.000114665 0.0197426 -0.0211267 0.023683 -0.0239336 0.00185898
internal_weight=47.9296 24.6443 23.2853 22.4276 20.8098 2.47549
internal_count=6496 1174 5322 782 5012 310
is_linear=0
shrinkage=0.025


Tree=37
num_leaves=7
num_cat=0
split_feature=21 6 26 24 27 26
split_gain=37.9052 7.12766 4.30718 3.20748 0.963203 0.53555
threshold=0.22057909518480304 3.3653833866119389 -0.84915360808372486 -4.7863144874572745 0.71480849385261547 -1.0072752833366392
decision_type=2 2 2 2 2 2
left_child=3 2 -2 -1 -5 -3
right_child=1 5 -4 4 -6 -7
leaf_value=0.0036526005269030548 0.025949262679506448 0.0010248777206280314 -0.0019019279553914338 -0.025603860549392413 0 -0.010181558614459962
leaf_weight=1.0396278004045623 21.040881063614513 1.5609625591896477 2.7814520965330294 18.513557614467576 0.63271659647580136 1.926386204373556
leaf_count=34 425 235 800 4266 67 616
internal_value=0.000283887 0.0182885 0.0227147 -0.0226215 -0.0247679 -0.00678035
internal_weight=47.4956 27.3097 23.8223 20.1859 19.1463 3.48735
internal_count=6443 2076 1225 4367 4333 851
is_linear=0
shrinkage=0.025


Tree=38
num_leaves=7
num_cat=0
split_feature=22 6 17 2 22 27
split_gain=39.1878 6.77249 4.00726 1.89746 1.09394 1.01645
threshold=0.19326040148735049 3.3653833866119389 0.51844686269760143 1.5967977643013003 -0.086229275912046419 0.71480849385261547
decision_type=2 2 2 2 2 2
left_child=2 3 5 -2 -4 -1
right_child=1 -3 4 -5 -6 -7
leaf_value=-0.025225068943040121 -0.0011575683971615234 -0.0070385894512759607 -0.0062842628771989277 0.025672112321867509 0.0077278223079571681 0
leaf_weight=18.108986301464036 0.83826676366152852 2.435062453208956 1.6576168799074369 22.362995311210398 2.1422116169123901 0.58604547561844711
leaf_count=4469 168 461 616 512 126 62
internal_value=0.0011406 0.0205924 -0.0205138 0.0244478 0.000807462 -0.0243671
internal_weight=48.1312 25.6363 22.4949 23.2013 3.79983 18.695
internal_count=6414 1141 5273 680 742 4531
is_linear=0
shrinkage=0.025


Tree=39
num_leaves=7
num_cat=0
split_feature=22 6 17 3 12 16
split_gain=34.3527 6.39542 6.18901 2.60396 0.910826 0.769972
threshold=0.19326040148735049 4.1107506752014169 0.83499798178672802 1.5212844014167788 2.9998610019683842 1.2253343462944033
decision_type=2 2 2 2 2 2
left_child=2 3 5 -2 -4 -1
right_child=1 -3 4 -5 -6 -7
leaf_value=-0.024028377890741484 -0.002554217578406761 -0.0086850212108687663 -0.003840760540108941 0.024714308170668119 0.010148147866288228 0
leaf_weight=19.574990936147522 0.981275650789036 1.6685820221900929 0.65413430682383422 21.96871396334609 2.3762904782779515 0.50148179644020174
leaf_count=4968 276 307 140 605 103 91
internal_value=0.000785569 0.01961 -0.0189686 0.0230764 0.00583898 -0.02338
internal_weight=47.7255 24.6186 23.1069 22.95 3.03042 20.0765
internal_count=6490 1188 5302 881 243 5059
is_linear=0
shrinkage=0.025


Tree=40
num_leaves=7
num_cat=0
split_feature=21 19 6 12 12 26
split_gain=35.4658 10.1406 3.22519 1.29515 1.07385 0.763757
threshold=0.63047504425048839 0.44700992107391363 3.3146660327911381 2.4535624980926518 7.1874547004699716 -0.84915360808372486
decision_type=2 2 2 2 2 2
left_child=1 4 5 -3 -1 -2
right_child=2 3 -4 -5 -6 -7
leaf_value=-0.025705662810521321 0.024810653259646799 -0.0041611371281487855 -0.0028464680448526069 0.012480597694129226 0.00050075202544811294 0
leaf_weight=20.83664458262502 17.616064195055518 0.79479913110844691 1.6401618684758421 3.608527354313992 0.33735684957355161 1.1548377841245407
leaf_count=5293 209 174 324 159 14 299
internal_value=-0.000499742 -0.0187034 0.0212572 0.00819674 -0.0250334 0.023782
internal_weight=45.9884 25.5773 20.4111 4.40333 21.174 18.7709
internal_count=6472 5640 832 333 5307 508
is_linear=0
shrinkage=0.025


Tree=41
num_leaves=7
num_cat=0
split_feature=21 6 24 26 17 18
split_gain=33.2379 5.8138 5.4364 3.4238 0.978619 0.500196
threshold=0.35699070990085607 3.3653833866119389 -4.7863144874572745 -0.84915360808372486 0.83499798178672802 0.53333166241645824
decision_type=2 2 2 2 2 2
left_child=2 3 -1 -2 -4 -3
right_child=1 5 4 -5 -6 -7
leaf_value=0.0068550613076396056 0.024926545817147355 -0.0093894286023876051 -0.024346927340951733 -0.0024447567941188689 0.00047185779066881233 0.0014782145180042986
leaf_weight=1.6812441964284541 20.009018733224373 1.6828672764822834 19.249107050563911 1.8188924266141828 0.32916829251916979 1.0963938971399327
leaf_count=48 339 476 4776 590 44 149
internal_value=0.000214386 0.0184662 -0.020167 0.0223822 -0.0236643 -0.00610425
internal_weight=45.8667 24.6072 21.2595 21.8279 19.5783 2.77926
internal_count=6422 1554 4868 929 4820 625
is_linear=0
shrinkage=0.025


Tree=42
num_leaves=7
num_cat=0
split_feature=21 13 19 3 5 13
split_gain=32.4249 5.84549 4.44327 2.80505 1.66309 0.511872
threshold=0.35699070990085607 3.0557918548583989 0.63966628909111034 1.1114910244941714 -0.17795903235673902 2.9645712375640874
decision_type=2 2 2 2 2 2
left_child=2 -2 4 -3 -1 -4
right_child=1 3 5 -5 -6 -7
leaf_value=0.0002469343303599025 -0.0066829778104081335 -0.0039773535790183076 -0.0026564319178606667 0.023916912251975161 -0.024686853085457969 0.008012333513817655
leaf_weight=1.1671750180539735 2.481993481807879 0.63634918414755048 0.52992490201722775 21.376882315380499 17.717443730391096 1.6232916127191854
leaf_count=134 565 229 122 771 4574 53
internal_value=0.000494976 0.0185092 -0.0197663 0.0222923 -0.023155 0.00449143
internal_weight=45.5331 24.4952 21.0378 22.0132 18.8846 2.15322
internal_count=6448 1565 4883 1000 4708 175
is_linear=0
shrinkage=0.025


Tree=43
num_leaves=7
num_cat=0
split_feature=24 17 6 24 3 5
split_gain=27.5225 8.80343 2.75118 2.33888 1.38369 1.2917
threshold=-1.6698372364044187 0.56839969754219066 3.5677664279937749 0.46034276485443121 1.5212844014167788 -0.17795903235673902
decision_type=2 2 2 2 2 2
left_child=2 5 4 -3 -1 -2
right_child=1 3 -4 -5 -6 -7
leaf_value=-0.00094521958058255216 0 0.013173803361988153 -0.0033017354521455789 -0.0071865354740869303 0.023164919825567114 -0.02475914666920738
leaf_weight=0.66068831231678515 1.3521101515507385 4.1003206712775855 1.2341084368526924 1.333944412646815 16.792018610110972 17.654337427084101
leaf_count=166 157 148 296 517 397 4672
internal_value=-0.000277821 -0.0165077 0.0196893 0.00652818 0.0219666 -0.0233422
internal_weight=43.1275 24.4407 18.6868 5.43427 17.4527 19.0064
internal_count=6353 5494 859 665 563 4829
is_linear=0
shrinkage=0.025


Tree=44
num_leaves=7
num_cat=0
split_feature=21 24 27 6 5 18
split_gain=26.5993 5.76493 5.47071 3.27636 1.53204 0.375462
threshold=0.35699070990085607 -4.7863144874572745 0.22512593865394595 4.1107506752014169 -0.17795903235673902 0.53333166241645824
decision_type=2 2 2 2 2 2
left_child=1 -1 3 -2 -3 -4
right_child=2 4 5 -5 -6 -7
leaf_value=0.0076609442038096838 0.023504658834957896 9.7485489648893228e-05 -0.0087742047491591695 -0.0037247847773969733 -0.023866256526992508 0.00096632615288511471
leaf_weight=1.8819717483711453 17.928054545191124 1.1969432853220556 1.9783779191202477 1.2920169444405463 18.176237578358265 0.90274641651194532
leaf_count=47 427 134 685 300 4755 132
internal_value=-0.000565584 -0.0185603 0.0167411 0.0210251 -0.022413 -0.00625237
internal_weight=43.3563 21.2552 22.1012 19.2201 19.3732 2.88112
internal_count=6480 4936 1544 727 4889 817
is_linear=0
shrinkage=0.025


Tree=45
num_leaves=7
num_cat=0
split_feature=22 13 26 21 27 22
split_gain=26.2935 7.74743 6.20771 1.19183 0.980329 0.347822
threshold=0.03394336253404618 2.9645712375640874 -0.88230291008949269 1.2718510627746584 0.71480849385261547 1.7320631146430971
decision_type=2 2 2 2 2 2
left_child=3 5 -3 4 -1 -2
right_child=1 2 -4 -5 -6 -7
leaf_value=-0.023274653227131112 -0.01213837925858028 0.024219087933192343 -0.0044476881298817737 0.00053955936515516674 0.00016179246855727033 0.00031754159809753722
leaf_weight=16.140504567825708 2.7004679190577039 18.8438139728678 3.731334317795695 0.70916985673829813 0.55046405736356874 0.27377275173785154
leaf_count=4567 589 405 847 40 70 6
internal_value=-0.000598855 0.0144224 0.0193069 -0.0212302 -0.0223545 -0.0107279
internal_weight=42.9495 25.5494 22.5751 17.4001 16.691 2.97424
internal_count=6524 1847 1252 4677 4637 595
is_linear=0
shrinkage=0.025


Tree=46
num_leaves=7
num_cat=0
split_feature=22 13 17 2 27 12
split_gain=28.859 6.31222 5.2537 1.53266 0.838231 0.78416
threshold=0.21671868115663531 2.9645712375640874 0.83499798178672802 1.5967977643013003 0.71480849385261547 2.9998610019683842
decision_type=2 2 2 2 2 2
left_child=2 -2 4 -3 -1 -4
right_child=1 3 5 -5 -6 -7
leaf_value=-0.023169283648013728 -0.0089139883741985951 -0.00094128920245803319 -0.0036567829098494431 0.023473318441254522 0 0.0092155558810189993
leaf_weight=17.911870941607056 1.7282938903081255 0.79712031700182961 0.64406673534540404 19.884171794401482 0.6433668450335962 2.2977855799836107
leaf_count=5083 362 151 138 579 79 108
internal_value=0.000406496 0.0184673 -0.0181171 0.0222889 -0.0223587 0.00508244
internal_weight=43.9067 22.4096 21.4971 20.6813 18.5552 2.94185
internal_count=6500 1092 5408 730 5162 246
is_linear=0
shrinkage=0.025


Tree=47
num_leaves=7
num_cat=0
split_feature=21 19 13 2 27 21
split_gain=27.4928 6.30276 4.50505 1.25212 0.922643 0.363736
threshold=0.48637431859970098 0.56569987535476696 2.2160764932632451 1.5967977643013003 0.71480849385261547 -0.15788888931274411
decision_type=2 2 2 2 2 2
left_child=1 4 -2 -4 -1 -3
right_child=2 5 3 -5 -6 -7
leaf_value=-0.023584903739650439 -0.0072057075491910984 -0.0009744350795365212 -0.0015538330145266519 0.021906485553417163 0 0.0087637459293447694
leaf_weight=18.159350946982165 1.2671087469207147 0.729231933190022 0.31776003405684861 19.465522169310134 0.60246625571744417 2.2709589565056367
leaf_count=5039 233 142 123 835 74 87
internal_value=-0.000132297 -0.0180333 0.0180432 0.02104 -0.0227569 0.00648585
internal_weight=42.8124 21.762 21.0504 19.7833 18.7618 3.00019
internal_count=6533 5342 1191 958 5113 229
is_linear=0
shrinkage=0.025


Tree=48
num_leaves=7
num_cat=0
split_feature=22 6 19 26 21 13
split_gain=27.6545 5.99151 2.76277 1.84171 1.7437 0.924558
threshold=0.19326040148735049 3.3653833866119389 0.19246674329042437 -0.79773235321044911 0.98096084594726574 4.2866063117980966
decision_type=2 2 2 2 2 2
left_child=2 3 4 -2 -1 -4
right_child=1 -3 5 -5 -6 -7
leaf_value=-0.02274264332935259 0.023586348457639534 -0.0073322964043563178 -0.0055558814787574204 -0.00038729207883918498 0.00078842030132797122 0.0077977768876314737
leaf_weight=16.597764450154507 19.136778979853268 2.4025718703633165 1.2248136799898923 1.455771094188093 1.249218713492154 1.5719002427067605
leaf_count=4754 345 471 374 348 117 65
internal_value=0.000625406 0.017861 -0.0180688 0.0219028 -0.0210099 0.00133542
internal_weight=43.6388 22.9951 20.6437 20.5926 17.847 2.79671
internal_count=6474 1164 5310 693 4871 439
is_linear=0
shrinkage=0.025


Tree=49
num_leaves=7
num_cat=0
split_feature=22 17 6 2 12 27
split_gain=27.4276 5.26695 4.56648 1.27606 0.904438 0.823853
threshold=0.21671868115663531 0.83499798178672802 4.1107506752014169 1.5967977643013003 2.9998610019683842 0.71480849385261547
decision_type=2 2 2 2 2 2
left_child=1 5 3 -2 -3 -1
right_child=2 4 -4 -5 -6 -7
leaf_value=-0.02323643936018913 -0.00065340640747821278 -0.0042290716084194919 -0.0070565046719562726 0.022258152797073869 0.0093353932325887842 0
leaf_weight=17.297751642792726 0.76353521290003001 0.73203440418001209 1.3641283331089642 19.335176421533106 2.4469064015429467 0.65735811102786001
leaf_count=5129 156 140 274 654 109 83
internal_value=0.000108679 -0.0179482 0.0181568 0.021182 0.00477184 -0.0224062
internal_weight=42.5969 21.1341 21.4628 20.0987 3.17894 17.9551
internal_count=6545 5461 1084 810 249 5212
is_linear=0
shrinkage=0.025


Tree=50
num_leaves=7
num_cat=0
split_feature=24 13 26 26 21 13
split_gain=25.8115 6.99571 4.70776 0.734572 0.454199 0.225215
threshold=-0.2763883769512176 2.9645712375640874 -0.88230291008949269 -1.0422126650810239 1.3485633730888369 3.5632777214050297
decision_type=2 2 2 2 2 2
left_child=1 4 -3 5 -1 -2
right_child=3 2 -4 -5 -6 -7
leaf_value=-0.011399562247685853 -0.0041477003059536763 0.0232578243441257 -0.0026954421720658192 -0.022856138742584006 0.00065887261709409828 0.0026163498566441302
leaf_weight=2.5587366525433057 0.93844511965289956 19.078625539375942 3.6548503394296814 14.364404180523705 0.71522189507959399 0.84428465148084797
leaf_count=598 289 447 818 4282 41 34
internal_value=0 0.0144493 0.0191263 -0.021371 -0.00920366 -0.000455598
internal_weight=42.1546 26.0074 22.7335 16.1471 3.27396 1.78273
internal_count=6509 1904 1265 4605 639 323
is_linear=0
shrinkage=0.025


Tree=51
num_leaves=7
num_cat=0
split_feature=22 13 27 2 27 12
split_gain=26.1344 5.44939 3.3189 1.24582 0.859448 0.809087
threshold=0.21671868115663531 2.9645712375640874 0.073907162994146361 1.5967977643013003 0.71480849385261547 2.9998610019683842
decision_type=2 2 2 2 2 2
left_child=2 -2 5 -3 -4 -1
right_child=1 3 4 -5 -6 -7
leaf_value=-0.0051507376126636228 -0.0081165222444491755 -0.0005693209779715334 -0.022241400588899771 0.022539429159656201 0 0.0070931017146267719
leaf_weight=1.1382813242671574 1.5941010179813044 0.73861156165367248 16.036578758183172 19.174494234845042 0.59055769673432124 2.2494142565410584
leaf_count=301 355 144 4870 579 74 144
internal_value=0.000583516 0.017942 -0.0176773 0.0214892 -0.021362 0.00161596
internal_weight=41.522 21.5072 20.0148 19.9131 16.6271 3.3877
internal_count=6467 1078 5389 723 4944 445
is_linear=0
shrinkage=0.025


Tree=52
num_leaves=7
num_cat=0
split_feature=22 13 3 25 4 27
split_gain=26.0334 4.41817 1.93217 1.11262 0.988244 0.804932
threshold=0.19326040148735049 2.9645712375640874 1.5212844014167788 0.47176826000213629 2.7289407253265385 0.71480849385261547
decision_type=2 2 2 2 2 2
left_child=3 -2 -3 4 -1 -5
right_child=1 2 -4 5 -6 -7
leaf_value=0.0051267969267169205 -0.00543967217604047 -0.0010624865825831855 0.022394167631650707 -0.022006625110809808 -0.0082047554269894414 0
leaf_weight=1.9534118518349743 2.2944529059459482 1.3863994786806895 18.300403830275172 14.637915967730802 1.7812780623207798 0.61680105718551281
leaf_count=153 394 279 516 4397 628 75
internal_value=0.00020569 0.0171537 0.0206085 -0.0186383 -0.00157304 -0.0210881
internal_weight=40.9707 21.9813 19.6868 18.9894 3.73469 15.2547
internal_count=6442 1189 795 5253 781 4472
is_linear=0
shrinkage=0.025


Tree=53
num_leaves=7
num_cat=0
split_feature=21 19 5 27 5 5
split_gain=23.8702 4.82638 3.06623 1.94619 1.30244 0.703723
threshold=0.48637431859970098 0.54313117265701305 4.0280480384826669 0.30096831917762762 -0.17795903235673902 4.0891640186309823
decision_type=2 2 2 2 2 2
left_child=1 4 3 -2 -1 -3
right_child=2 5 -4 -5 -6 -7
leaf_value=0 0.021535691257330021 0.0089280590239463001 -0.0046482708866599108 -0.0017728988157156051 -0.023264641227339275 -0.0033357363103290621
leaf_weight=1.2613931770902187 16.74999994455721 2.1221519042155701 1.3630648590624321 1.1534792580641795 16.170478641899535 0.64803711022250343
leaf_count=163 541 63 236 382 4903 169
internal_value=-0.000499965 -0.0176135 0.0171188 0.0197019 -0.0217835 0.0049544
internal_weight=39.4686 20.2021 19.2665 17.9035 17.4319 2.77019
internal_count=6457 5298 1159 923 5066 232
is_linear=0
shrinkage=0.025


Tree=54
num_leaves=6
num_cat=0
split_feature=22 17 6 22 25
split_gain=22.45 9.99791 2.47596 2.10544 0.547547
threshold=0.39403000473976141 0.51844686269760143 3.7310278415679936 -0.099197253584861741 0.31351348757743841
decision_type=2 2 2 2 2
left_child=1 -1 4 -3 -2
right_child=2 3 -4 -5 -6
leaf_value=-0.02371305021629137 0.021688564805823592 -0.0060050338721112477 -0.0040302532808573583 0.012989595610825078 0
leaf_weight=16.462374762340918 15.064612168265743 1.6411075768701264 0.74785462283762072 4.7629620523657641 0.96580173220718357
leaf_count=4937 295 605 195 201 193
internal_value=-0.00017461 -0.0151437 0.0187323 0.00707527 0.0207971
internal_weight=39.6447 22.8664 16.7783 6.40407 16.0304
internal_count=6426 5743 683 806 488
is_linear=0
shrinkage=0.025


Tree=55
num_leaves=7
num_cat=0
split_feature=18 19 6 6 26 27
split_gain=23.2951 3.44982 2.54572 1.7715 1.18622 0.775957
threshold=0.19548504054546359 0.24833724647760394 4.1107506752014169 2.8113741874694829 -0.79773235321044911 0.71480849385261547
decision_type=2 2 2 2 2 2
left_child=1 5 4 -3 -2 -1
right_child=2 3 -4 -5 -6 -7
leaf_value=-0.021989074068010924 0.021451853878721474 0.0092726308685432395 -0.0034072293072051059 -0.0082429080599403168 0 0
leaf_weight=15.37906362928334 15.857284999219704 2.6510916803672435 1.3285401091270603 1.7432316194172015 1.2921374257421128 0.63833422758034508
leaf_count=4590 497 150 327 485 307 86
internal_value=-0.000160134 -0.0168575 0.0176804 0.000969938 0.0199966 -0.021113
internal_weight=38.8897 20.4117 18.478 4.39432 17.1494 16.0174
internal_count=6442 5311 1131 635 804 4676
is_linear=0
shrinkage=0.025


Tree=56
num_leaves=7
num_cat=0
split_feature=22 27 6 13 3 22
split_gain=22.238 3.91758 2.39274 2.12769 0.933277 0.752674
threshold=0.44820851087570196 0.12796683609485629 2.8113741874694829 2.5983111858367924 1.178652882575989 0.34845811128616339
decision_type=2 2 2 2 2 2
left_child=1 2 -1 -2 -5 -3
right_child=3 5 -4 4 -6 -7
leaf_value=0.010624030847039195 -0.0033813600576757838 -0.020982992385881312 -0.0086974259639578232 -0.00097754432414081586 0.02162202598715024 0
leaf_weight=3.1393523910082903 0.6449441693257566 15.815942863118835 2.8078685968066566 0.21406010782811691 15.286212960811097 0.97137241513701233
leaf_count=86 129 4743 907 94 379 111
internal_value=-0.000193203 -0.0150236 0.00112489 0.0190088 0.0208427 -0.0199766
internal_weight=38.8798 22.7345 5.94722 16.1452 15.5003 16.7873
internal_count=6449 5847 993 602 473 4854
is_linear=0
shrinkage=0.025


Tree=57
num_leaves=7
num_cat=0
split_feature=27 6 19 27 17 12
split_gain=17.7657 9.25828 2.25302 0.713691 0.59763 0.273972
threshold=0.17020188271999362 4.1107506752014169 0.39547626674175268 0.71480849385261547 -0.2688766717910766 3.7722984552383427
decision_type=2 2 2 2 2 2
left_child=1 4 3 -2 -1 -4
right_child=2 -3 5 -5 -6 -7
leaf_value=0 -0.020201396182201015 -0.0122733040406873 -0.0023705091561875479 0 0.021153932440892149 0.0050502521071056272
leaf_weight=1.0144033585966123 14.383535665809177 3.2171118692203882 0.51243107728077975 0.61503621886367987 17.218935020355278 1.5515325032174585
leaf_count=153 4297 986 133 87 695 143
internal_value=0 0.0137772 -0.0166047 -0.0193195 0.0202947 0.00194928
internal_weight=38.513 21.4505 17.0625 14.9986 18.2333 2.06396
internal_count=6494 1834 4660 4384 848 276
is_linear=0
shrinkage=0.025


Tree=58
num_leaves=6
num_cat=0
split_feature=21 13 24 27 21
split_gain=21.1366 4.31726 3.4201 2.52729 0.430819
threshold=0.30891102552413946 3.0557918548583989 -4.7863144874572745 0.22512593865394595 1.8499938249588015
decision_type=2 2 2 2 2
left_child=2 4 -1 -3 -2
right_child=1 3 -4 -5 -6
leaf_value=0.0045107985012306047 -0.0090208844716800473 0.02143871967250098 -0.022430335484544654 -0.00099464278388652102 0.0014025414333383914
leaf_weight=1.2848859557416314 1.7859881856129534 14.982828929903919 15.002908949827541 2.5976540841220404 0.7093892742996103
leaf_count=42 587 364 4684 707 28
internal_value=-0.0011225 0.0144119 -0.0194512 0.018361 -0.00626492
internal_weight=36.3637 20.0759 16.2878 17.5805 2.49538
internal_count=6412 1686 4726 1071 615
is_linear=0
shrinkage=0.025


Tree=59
num_leaves=6
num_cat=0
split_feature=21 26 13 22 22
split_gain=21.2018 5.25019 3.25529 2.84337 0.809157
threshold=0.22057909518480304 -0.88230291008949269 2.2160764932632451 1.0590199232101443 0.74925556778907787
decision_type=2 2 2 2 2
left_child=3 2 -2 -1 -3
right_child=1 4 -4 -5 -6
leaf_value=-0.022130239634669695 -0.0050504648706997746 -0.010244026268389834 0.021492416634681356 0.0038633800621004043 0.0028722537720457337
leaf_weight=14.418030052882385 0.98876850857050769 2.5187084733915976 17.215393748483621 1.0462339603691351 1.044203169934917
leaf_count=4374 247 1019 696 20 111
internal_value=-0.000297449 0.0142453 0.0190038 -0.019552 -0.00623752
internal_weight=37.2313 21.7671 18.2042 15.4643 3.56291
internal_count=6467 2073 943 4394 1130
is_linear=0
shrinkage=0.025


Tree=60
num_leaves=7
num_cat=0
split_feature=22 13 26 17 27 19
split_gain=18.0505 5.40825 4.54679 0.9456 0.879579 0.318945
threshold=0.03394336253404618 2.9645712375640874 -0.88230291008949269 1.0018075704574587 0.71480849385261547 -0.44611886143684382
decision_type=2 2 2 2 2 2
left_child=3 5 -3 4 -1 -2
right_child=1 2 -4 -5 -6 -7
leaf_value=-0.021128021222793655 0.00044877775596880148 0.021709598300606852 -0.0033469966827469454 0 0.00025301221342889716 -0.01045980579999232
leaf_weight=12.577454436337572 0.33696369273820925 16.434409192617757 3.6935580786666788 1.2381331193610083 0.5522354587446906 2.2762917838408638
leaf_count=4397 40 415 853 128 72 527
internal_value=0 0.0128427 0.0171118 -0.0186077 -0.0200622 -0.00886132
internal_weight=37.109 22.7412 20.128 14.3678 13.1297 2.61326
internal_count=6432 1835 1268 4597 4469 567
is_linear=0
shrinkage=0.025


Tree=61
num_leaves=7
num_cat=0
split_feature=22 6 26 21 27 21
split_gain=19.1955 5.29935 4.11347 1.07403 0.878026 0.294524
threshold=0.03394336253404618 3.3653833866119389 -0.88230291008949269 1.2718510627746584 0.71480849385261547 1.1729609966278078
decision_type=2 2 2 2 2 2
left_child=3 2 -2 4 -1 -3
right_child=1 5 -4 -5 -6 -7
leaf_value=-0.021220537078246116 0.021998243965235094 -0.0092987535672246317 -0.0025411164035357391 0.00078263138278241394 0.00022262549717575977 0.00035700764306160408
leaf_weight=12.635073111858214 17.023152037931148 2.4358023855893403 3.5665226322889785 0.65884477901272553 0.55795273769763376 0.62973540066741396
leaf_count=4462 333 665 820 34 68 36
internal_value=0.000635393 0.0135863 0.0178374 -0.0188872 -0.0201582 -0.00754864
internal_weight=37.5071 23.6552 20.5897 13.8519 13.193 3.06554
internal_count=6418 1854 1153 4564 4530 701
is_linear=0
shrinkage=0.025


Tree=62
num_leaves=7
num_cat=0
split_feature=22 21 2 26 24 13
split_gain=19.0337 5.36314 2.09264 0.881516 0.77404 0.0419543
threshold=0.03394336253404618 0.22057909518480304 1.5967977643013003 -0.39754366874694819 -4.7863144874572745 5.4592490196228036
decision_type=2 2 2 2 2 2
left_child=3 4 -3 -1 -2 -5
right_child=1 2 -4 5 -6 -7
leaf_value=-0.020716590839404955 0.0025603417556214125 -0.003684449834108375 0.019389643309413531 -0.00060352964239686509 -0.010669994036529929 0.0021861797804368912
leaf_weight=12.894504519033941 0.87740849476540494 0.6538794463849652 18.710409967548912 0.30248400525306429 2.7351160398102392 0.23148957395460457
leaf_count=4531 30 221 868 60 725 11
internal_value=0 0.0130526 0.0177577 -0.0196694 -0.00711005 0.000359013
internal_weight=36.4053 22.9768 19.3643 13.4285 3.61252 0.533974
internal_count=6446 1844 1089 4602 755 71
is_linear=0
shrinkage=0.025


Tree=63
num_leaves=7
num_cat=0
split_feature=21 22 12 20 2 6
split_gain=18.8187 7.13638 2.06854 0.982936 0.433942 0.128886
threshold=0.925102859735489 0.71705839037895214 2.8843159675598149 1.5116681456565859 1.5967977643013003 3.5907719135284428
decision_type=2 2 2 2 2 2
left_child=1 3 -2 -1 -4 -3
right_child=2 5 4 -5 -6 -7
leaf_value=-0.020739917002801832 -0.0034429805804799835 0.010059058212854204 0 0 0.020789102991227153 0
leaf_weight=17.344502466556158 0.62360191758489136 2.8911392697773404 0.11225979606388037 0.95740722364280273 13.531431520445038 0.45624166895868246
leaf_count=5717 102 72 28 185 321 73
internal_value=-0.00033617 -0.0140421 0.0183838 -0.0196496 0.0203725 0.00927384
internal_weight=35.9166 21.6493 14.2673 18.3019 13.6437 3.34738
internal_count=6498 6047 451 5902 349 145
is_linear=0
shrinkage=0.025


Tree=64
num_leaves=6
num_cat=0
split_feature=21 22 13 13 26
split_gain=16.9805 4.04409 3.07538 1.39265 1.2668
threshold=0.48637431859970098 0.74925556778907787 2.2160764932632451 5.4592490196228036 -0.89360073208808888
decision_type=2 2 2 2 2
left_child=1 3 -2 -1 -4
right_child=2 -3 4 -5 -6
leaf_value=-0.020872046799987425 -0.0057722683765495282 0.0061584695086663007 0.020513244932300917 0 0
leaf_weight=14.015877564204859 1.078290953766557 2.0597113341791546 13.941012487426637 1.9303222523885768 2.2308430297998685
leaf_count=4775 216 94 375 405 579
internal_value=0 -0.0149675 0.0156634 -0.0188133 0.0184135
internal_weight=35.2561 18.0059 17.2501 15.9462 16.1719
internal_count=6444 5274 1170 5180 954
is_linear=0
shrinkage=0.025


Tree=65
num_leaves=7
num_cat=0
split_feature=21 13 27 24 27 7
split_gain=17.3118 5.75067 3.34001 1.72996 0.844117 0.232165
threshold=0.18131413310766223 2.9645712375640874 0.25930537283420568 -4.7863144874572745 0.71480849385261547 2.2293454408645634
decision_type=2 2 2 2 2 2
left_child=3 5 -3 -1 -5 -2
right_child=1 2 -4 4 -6 -7
leaf_value=0.0022503174912260064 -0.010464501053688714 0.021083827686085858 -0.0026163476039731846 -0.020842283649841916 0.00016703518637907068 0
leaf_weight=0.89686740515753527 2.1745432276511596 16.896063172549479 2.709174201329005 12.627184486365874 0.57116134086391035 0.41822627291548986
leaf_count=38 628 588 873 4131 72 143
internal_value=0.000297952 0.0132085 0.0176886 -0.0178417 -0.0197936 -0.00918495
internal_weight=36.2932 22.198 19.6052 14.0952 13.1983 2.59277
internal_count=6473 2232 1461 4241 4203 771
is_linear=0
shrinkage=0.025


Tree=66
num_leaves=7
num_cat=0
split_feature=24 27 13 12 2 27
split_gain=16.1816 3.88422 2.3479 1.11166 1.0861 0.740008
threshold=-1.8359516859054563 0.077164761722087874 2.9645712375640874 2.9998610019683842 2.3001364469528203 0.71480849385261547
decision_type=2 2 2 2 2 2
left_child=2 3 -1 -2 -4 -3
right_child=1 5 4 -5 -6 -7
leaf_value=-0.0036945126466997368 -0.0051675646855875342 -0.019407045456735328 -0.0009647502651106047 0.0091133035563582768 0.01995752227842134 8.319518276908946e-05
leaf_weight=1.2025630150747009 1.2073713115532907 15.060695712076264 0.59655439949710753 2.811557377979625 13.544442378683014 0.57728174742078486
leaf_count=277 359 5097 152 159 387 80
internal_value=-0.000198906 -0.0139309 0.0161863 0.00364368 0.0187269 -0.0185389
internal_weight=35.0005 19.6569 15.3436 4.01893 14.141 15.638
internal_count=6511 5695 816 518 539 5177
is_linear=0
shrinkage=0.025


Tree=67
num_leaves=7
num_cat=0
split_feature=21 13 26 24 27 19
split_gain=15.9823 4.22867 2.9051 2.023 0.884054 0.227047
threshold=0.23759736865758899 3.0557918548583989 -0.84915360808372486 -5.4482588768005362 0.71480849385261547 1.1841418147087099
decision_type=2 2 2 2 2 2
left_child=3 5 -3 -1 -5 -2
right_child=1 2 -4 4 -6 -7
leaf_value=0.0031472168808648576 -0.0082205323551471348 0.020247600211592779 -0.0027722737633993398 -0.020875610908471821 0.00032553668261175864 0.00043200267417592398
leaf_weight=0.81716717424569552 2.3377002539346026 14.739473638241183 2.2645512252929594 12.689589203015199 0.54213573902961876 0.22575575590599317
leaf_count=16 723 486 764 4335 68 2
internal_value=-0.000393448 0.012831 0.0169645 -0.0176739 -0.0198131 -0.00685034
internal_weight=33.6164 19.5675 17.004 14.0489 13.2317 2.56346
internal_count=6394 1975 1250 4419 4403 725
is_linear=0
shrinkage=0.025


Tree=68
num_leaves=7
num_cat=0
split_feature=22 26 6 17 27 24
split_gain=14.6764 4.37391 4.08419 0.975113 0.901886 0.857451
threshold=0.03394336253404618 -0.88230291008949269 4.1107506752014169 1.0018075704574587 0.71480849385261547 -3.6482713222503658
decision_type=2 2 2 2 2 2
left_child=3 2 -2 4 -1 -3
right_child=1 5 -4 -5 -6 -7
leaf_value=-0.019940296688459869 0.020331666020004684 0.0033335780427842469 -0.0065981341633581606 4.1378836003760971e-05 0.00064591075504181615 -0.0095742324980077065
leaf_weight=11.275808101898289 15.846134882071061 1.2319412055076124 1.3820501330483228 1.1626812914619211 0.48660654752166088 2.9705731453141162
leaf_count=4420 493 138 343 129 64 876
internal_value=0.000138328 0.0121048 0.0168919 -0.0171963 -0.0187772 -0.00535587
internal_weight=34.3558 21.4307 17.2282 12.9251 11.7624 4.20251
internal_count=6463 1850 836 4613 4484 1014
is_linear=0
shrinkage=0.025


Tree=69
num_leaves=7
num_cat=0
split_feature=22 6 27 26 5 27
split_gain=15.2532 3.3326 2.62405 1.28534 0.961843 0.841729
threshold=0.21671868115663531 4.1107506752014169 0.12796683609485629 -0.88541197776794422 4.0280480384826669 0.71480849385261547
decision_type=2 2 2 2 2 2
left_child=2 3 4 -2 -1 -4
right_child=1 -3 5 -5 -6 -7
leaf_value=0.0068765353724744615 0.019931964991170927 -0.0063394881362225921 -0.019983729763309529 0 -0.0061009487907716133 0.00039213387813336081
leaf_weight=2.7572249809454688 13.87144514799002 1.2943053668132041 12.100573781848649 2.4708222592598768 1.4659716222668064 0.52357321503222998
leaf_count=320 325 281 4465 473 532 76
internal_value=0.000155722 0.0146586 -0.0146207 0.0177101 0.000828809 -0.0189125
internal_weight=34.4839 17.6366 16.8473 16.3423 4.2232 12.6241
internal_count=6472 1079 5393 798 852 4541
is_linear=0
shrinkage=0.025


Tree=70
num_leaves=7
num_cat=0
split_feature=24 26 6 19 24 27
split_gain=13.505 4.02167 3.24927 1.60867 0.888861 0.783658
threshold=-0.2763883769512176 -0.88230291008949269 4.1107506752014169 0.24833724647760394 -3.6482713222503658 0.71480849385261547
decision_type=2 2 2 2 2 2
left_child=1 2 -1 5 -3 -2
right_child=3 4 -4 -5 -6 -7
leaf_value=0.019758729040082891 -0.019275566251037785 0.0036517723438987109 -0.0046502373768476232 0.0016181273273034335 -0.0093396175552012874 0.00030520438691799515
leaf_weight=15.689764244307304 11.264908314362398 1.2765665540937359 1.631763995043001 1.4644241150817823 2.8810015943308791 0.54744197960826646
leaf_count=539 4246 143 387 275 870 71
internal_value=0.00065191 0.0121239 0.0166527 -0.0158049 -0.00485227 -0.0181755
internal_weight=34.7559 21.4791 17.3215 13.2768 4.15757 11.8124
internal_count=6531 1939 926 4592 1013 4317
is_linear=0
shrinkage=0.025


Tree=71
num_leaves=7
num_cat=0
split_feature=22 13 26 17 26 19
split_gain=14.6799 4.8225 3.08575 0.897931 0.844476 0.288058
threshold=0.03394336253404618 2.9645712375640874 -0.88230291008949269 1.0018075704574587 -0.39754366874694819 -0.44611886143684382
decision_type=2 2 2 2 2 2
left_child=3 5 -3 4 -1 -2
right_child=1 2 -4 -5 -6 -7
leaf_value=-0.019594023418128142 0.00042009874160251056 0.020505422041344805 -0.0013719528077035862 0 0.00049018344281854945 -0.0097921854984987199
leaf_weight=10.84819130186224 0.32377808907767791 15.508060974505501 3.6263504045491546 1.1973463922040526 0.51514063857030201 2.1621510650147711
leaf_count=4385 39 416 838 138 73 545
internal_value=0.000818557 0.0125673 0.016675 -0.0168685 -0.01843 -0.008235
internal_weight=34.181 21.6203 19.1344 12.5607 11.3633 2.48593
internal_count=6434 1838 1254 4596 4458 584
is_linear=0
shrinkage=0.025


Tree=72
num_leaves=7
num_cat=0
split_feature=22 6 17 26 27 12
split_gain=14.9306 3.05854 2.18346 1.2624 0.829047 0.382225
threshold=0.21671868115663531 4.1107506752014169 0.83499798178672802 -0.79773235321044911 0.71480849385261547 2.9998610019683842
decision_type=2 2 2 2 2 2
left_child=2 3 4 -2 -1 -4
right_child=1 -3 5 -5 -6 -7
leaf_value=-0.020504116332786509 0.018614007866493868 -0.0062049945257529838 -0.0031572795717809323 -0.00061213440203417306 0.00020547173371066662 0.0056163044111405339
leaf_weight=12.247967062721727 13.544927601702511 1.26883662099135 0.62435569040826466 1.3631388082285418 0.55829172162339169 1.4814014121075159
leaf_count=4969 457 278 141 338 76 94
internal_value=-0.000871906 0.0136895 -0.0164533 0.0168299 -0.0194461 0.0017442
internal_weight=31.0889 16.1769 14.912 14.9081 12.8063 2.10576
internal_count=6353 1073 5280 795 5045 235
is_linear=0
shrinkage=0.025


Tree=73
num_leaves=7
num_cat=0
split_feature=22 17 13 12 3 12
split_gain=13.4502 3.63205 2.84778 1.41136 1.06696 0.788014
threshold=0.29910723865032202 0.83499798178672802 2.9645712375640874 5.9062838554382333 1.1114910244941714 2.9998610019683842
decision_type=2 2 2 2 2 2
left_child=1 3 -2 -1 -4 -3
right_child=2 5 4 -5 -6 -7
leaf_value=-0.020156622489839855 -0.0056114082451631797 -0.003964802090644844 -0.0012747428114339477 0.000236694903009766 0.018955929632220828 0.0085972901148025707
leaf_weight=12.721107116230998 1.0805014430370636 0.75229099602438454 0.509653967252233 1.5994082331017114 12.974671991629291 2.4885433542076498
leaf_count=5067 267 153 143 302 431 119
internal_value=-0.00038997 -0.0136433 0.0146734 -0.0180837 0.0177152 0.00428652
internal_weight=32.1262 17.5613 14.5648 14.3205 13.4843 3.24083
internal_count=6482 5641 841 5369 574 272
is_linear=0
shrinkage=0.025


Tree=74
num_leaves=7
num_cat=0
split_feature=21 6 26 24 27 22
split_gain=13.7664 4.35126 2.69387 2.04399 0.800292 0.167501
threshold=0.22057909518480304 3.3653833866119389 -0.89360073208808888 -4.7863144874572745 0.71480849385261547 1.0590199232101443
decision_type=2 2 2 2 2 2
left_child=3 2 -2 -1 -5 -3
right_child=1 5 -4 4 -6 -7
leaf_value=0.0032492399869239979 0.020317511774147676 -0.0081411604200648299 -0.0013886025134698498 -0.019878330082057083 0.00022859061969473583 0
leaf_weight=1.012694903591181 13.99184004357085 2.3492605169012672 3.0101084015041133 11.412596598529486 0.56027615949278775 0.37275418045464892
leaf_count=35 333 829 898 4269 65 14
internal_value=0.000230857 0.0124536 0.0167482 -0.0162879 -0.018779 -0.00703719
internal_weight=32.7095 19.724 17.0019 12.9856 11.9729 2.72201
internal_count=6443 2074 1231 4369 4334 843
is_linear=0
shrinkage=0.025


Tree=75
num_leaves=7
num_cat=0
split_feature=22 26 13 22 27 21
split_gain=13.8577 4.37221 3.37517 1.14715 0.813859 0.64274
threshold=0.03394336253404618 -0.88230291008949269 2.9645712375640874 0.98220717906951915 0.71480849385261547 1.8499938249588015
decision_type=2 2 2 2 2 2
left_child=4 2 -2 -3 5 -1
right_child=1 3 -4 -5 -6 -7
leaf_value=-0.019559751690390551 -0.0041927189402661763 -0.010743994287011609 0.020095544136450587 0.0042773682956510281 0.00058713094968499693 0.00015283138868527361
leaf_weight=10.713986682530953 2.0281187867804027 2.8667464086902323 14.745938423759069 1.1088958162581546 0.49822420949931334 0.3591591903241359
leaf_count=4522 424 962 421 67 66 17
internal_value=0.000150953 0.0117554 0.0165834 -0.00580909 -0.0175492 -0.0186829
internal_weight=32.3211 20.7497 16.7741 3.97564 11.5714 11.0731
internal_count=6479 1874 845 1029 4605 4539
is_linear=0
shrinkage=0.025


Tree=76
num_leaves=6
num_cat=0
split_feature=24 5 26 16 24
split_gain=13.3487 3.2577 2.72201 0.576075 0.211351
threshold=-0.2763883769512176 4.0458197593688974 -0.88230291008949269 1.2253343462944033 -5.4482588768005362
decision_type=2 2 2 2 2
left_child=1 2 -1 -2 -3
right_child=3 4 -4 -5 -6
leaf_value=0.018403534805293217 -0.018967124619668433 0.00020533532014811444 -0.0017787985821931321 0 -0.0081048181355437687
leaf_weight=13.601600396563303 11.176515928818841 0.44095978548284653 3.633759454445685 0.42132626759121272 1.8048046964395315
leaf_count=497 4485 22 881 87 473
internal_value=-0.00077833 0.0108938 0.0144242 -0.0181364 -0.00659482
internal_weight=31.079 19.4811 17.2354 11.5978 2.24576
internal_count=6445 1873 1378 4572 495
is_linear=0
shrinkage=0.025


Tree=77
num_leaves=7
num_cat=0
split_feature=21 19 13 27 3 13
split_gain=13.9581 2.89572 2.75447 1.09532 1.07861 0.302939
threshold=0.48637431859970098 0.63966628909111034 2.2160764932632451 0.21345476806163791 -0.2152161970734596 2.9645712375640874
decision_type=2 2 2 2 2 2
left_child=1 4 -2 -4 -1 -3
right_child=2 5 3 -5 -6 -7
leaf_value=0 -0.005658593202207551 -0.0017036957930480412 0.019067673010533095 0 -0.020226256353792826 0.0065469298844837284
leaf_weight=1.1752553251571978 1.0969558144279314 0.42979104068945106 12.595093557931248 2.3489961150917216 11.897521324979605 1.5859813443094024
leaf_count=170 236 114 381 572 4936 53
internal_value=0 -0.0150292 0.0141052 0.0169242 -0.0185795 0.00393645
internal_weight=31.1296 15.0885 16.041 14.9441 13.0728 2.01577
internal_count=6462 5273 1189 953 5106 167
is_linear=0
shrinkage=0.025


Tree=78
num_leaves=7
num_cat=0
split_feature=24 17 6 26 12 23
split_gain=13.2682 4.0043 1.7534 0.956378 0.879318 0.704399
threshold=-1.7204926609992979 0.65583968162536632 4.1107506752014169 -0.84915360808372486 2.9998610019683842 -7.2919981479644767
decision_type=2 2 2 2 2 2
left_child=2 5 3 -1 -3 -2
right_child=1 4 -4 -5 -6 -7
leaf_value=0.017830243697943785 0.00028778744295220699 -0.0046047672764629871 -0.0037466564624928402 -0.00010797243098466838 0.0082877990324124566 -0.020693709707785495
leaf_weight=11.709087601397185 0.30132276756922038 0.90713410073658396 0.75956408013007681 1.2531644756963949 2.8140260716609191 12.481207438657291
leaf_count=337 36 228 206 306 272 5084
internal_value=-0.00133405 -0.0147145 0.014057 0.0162007 0.00359013 -0.0199058
internal_weight=30.2255 16.5037 13.7218 12.9623 3.72116 12.7825
internal_count=6469 5620 849 643 500 5120
is_linear=0
shrinkage=0.025


Tree=79
num_leaves=7
num_cat=0
split_feature=22 17 5 7 13 23
split_gain=11.7288 6.55844 1.51773 1.02599 0.901791 0.384249
threshold=0.62353724241256725 0.65583968162536632 3.6578217744827275 5.0568530559539804 2.5983111858367924 -6.2159631252288809
decision_type=2 2 2 2 2 2
left_child=1 3 -3 -1 -2 -6
right_child=4 2 -4 -5 5 -7
leaf_value=-0.020844873598378125 -0.0013587508906602033 0.011486383483384705 -0.0053155489169974431 0 0 0.017977131891422547
leaf_weight=12.56333160490613 0.35028405554476094 4.4794562289607702 1.0406607089098541 1.3138329598295957 0.099765869352267056 9.8278121823968814
leaf_count=5182 75 280 291 282 97 219
internal_value=-0.000954041 -0.0117423 0.00670385 -0.0192431 0.0161769 0.0174622
internal_weight=29.6751 19.3973 5.52012 13.8772 10.2779 9.92758
internal_count=6426 6035 571 5464 391 316
is_linear=0
shrinkage=0.025


Tree=80
num_leaves=7
num_cat=0
split_feature=27 6 24 27 21 22
split_gain=11.1212 5.13421 1.81981 0.701724 0.553381 0.493189
threshold=0.17020188271999362 3.2748706340789799 -3.6482713222503658 0.71480849385261547 1.8499938249588015 -0.099197253584861741
decision_type=2 2 2 2 2 2
left_child=1 5 -2 -4 -3 -1
right_child=2 4 3 -5 -6 -7
leaf_value=0 0.0025372217099815723 -0.0090911768100421942 -0.018689583890347288 0.00010156543427658203 0.0021755072836878728 0.019085467381181821
leaf_weight=0.54463814990595061 1.383564948511778 3.4767876202822654 10.793800551822635 0.58051540501765053 0.56636131036793802 11.764723758271433
leaf_count=176 168 1375 4298 90 11 241
internal_value=-0.000229077 0.011795 -0.0149745 -0.0176107 -0.00649158 0.0183026
internal_weight=29.1104 16.3525 12.7579 11.3743 4.04315 12.3094
internal_count=6359 1803 4556 4388 1386 417
is_linear=0
shrinkage=0.025


Tree=81
num_leaves=7
num_cat=0
split_feature=21 6 19 3 12 21
split_gain=12.9093 2.71474 2.14109 1.437 0.728732 0.267558
threshold=0.39593385159969335 3.3146660327911381 0.63966628909111034 1.1114910244941714 7.1874547004699716 1.8499938249588015
decision_type=2 2 2 2 2 2
left_child=2 3 4 -2 -1 -3
right_child=1 5 -4 -5 -6 -7
leaf_value=-0.0196155192599776 -0.0023622554086686568 -0.0063909841069746095 0.0025338187745366056 0.018040295798042449 0.00057586848458809545 0.0012775984045469923
leaf_weight=11.417336683924077 0.64954884088365616 1.7997435189899982 1.6760316460567981 13.271711744193452 0.26547072059474963 0.68523706716950972
leaf_count=4836 204 556 173 632 9 26
internal_value=-0.000273226 0.0127924 -0.0157737 0.0163853 -0.018747 -0.00400049
internal_weight=29.7651 16.4062 13.3588 13.9213 11.6828 2.48498
internal_count=6436 1418 5018 836 4845 582
is_linear=0
shrinkage=0.025


Tree=82
num_leaves=6
num_cat=0
split_feature=21 24 13 17 3
split_gain=11.2935 2.66717 2.47374 1.37577 1.07853
threshold=0.48637431859970098 -4.7863144874572745 2.2160764932632451 0.56839969754219066 1.1114910244941714
decision_type=2 2 2 2 2
left_child=1 -1 -2 -3 -4
right_child=2 3 4 -5 -6
leaf_value=0.0049228812786744382 -0.0053853851655784567 -0.01871306934440127 -0.0019472928949114143 0.0011447376107655723 0.017281700419684923
leaf_weight=1.5485302561428405 1.0665402993909072 11.837883157335453 0.35134081426076491 1.2095346605055972 13.570216079853706
leaf_count=51 231 4888 157 331 785
internal_value=0 -0.0134335 0.0132746 -0.0167187 0.0160798
internal_weight=29.584 14.5959 14.9881 13.0474 13.9216
internal_count=6443 5270 1173 5219 942
is_linear=0
shrinkage=0.025


Tree=83
num_leaves=7
num_cat=0
split_feature=21 13 19 13 3 5
split_gain=11.7975 2.21653 1.75782 1.29391 0.896968 0.312567
threshold=0.49744996428489691 3.0557918548583989 0.56569987535476696 5.4592490196228036 1.5212844014167788 3.9078392982482915
decision_type=2 2 2 2 2 2
left_child=2 -2 3 -1 -3 -4
right_child=1 4 5 -5 -6 -7
leaf_value=-0.019164860583791032 -0.0036225441996899639 -0.00086757870021135454 0.005316768953764356 5.4014680375642126e-05 0.017623856441716972 -0.0026368921745263309
leaf_weight=10.570594922697639 1.7425981059786853 0.61564083123812352 1.4212182714254584 1.7691483734815836 12.354232900164787 0.57206877748831164
leaf_count=4645 412 200 59 422 534 167
internal_value=-6.00467e-05 0.0133951 -0.0140871 -0.016828 0.0164011 0.00188712
internal_weight=29.0455 14.7125 14.333 12.3397 12.9699 1.99329
internal_count=6439 1146 5293 5067 734 226
is_linear=0
shrinkage=0.025


Tree=84
num_leaves=7
num_cat=0
split_feature=22 17 13 13 7 4
split_gain=9.37547 5.26299 1.44714 1.24718 1.00804 0.626567
threshold=0.48858617246150976 0.51844686269760143 3.5632777214050297 2.5983111858367924 5.0568530559539804 0.81888815760612499
decision_type=2 2 2 2 2 2
left_child=1 4 -3 -2 -1 -5
right_child=3 2 -4 5 -6 -7
leaf_value=-0.01999894682428191 -0.0025538552170995578 -0.005057962231504465 0.01071381516623617 -0.00076273831075384638 0 0.017019975698928526
leaf_weight=10.779420126433257 0.53617528660106373 1.6466201492294192 4.0614356726582628 0.18316706467885424 1.2712558347266156 9.8620795447786787
leaf_count=4779 122 546 298 108 264 319
internal_value=-0.000574651 -0.0108868 0.0053431 0.0142709 -0.0182534 0.0161346
internal_weight=28.3402 17.7587 5.70806 10.5814 12.0507 10.0452
internal_count=6436 5887 844 549 5043 427
is_linear=0
shrinkage=0.025


Tree=85
num_leaves=7
num_cat=0
split_feature=22 26 6 22 27 7
split_gain=9.22088 3.49124 3.36337 0.902192 0.624549 0.462608
threshold=0.03394336253404618 -0.88230291008949269 4.1107506752014169 0.98220717906951915 0.71480849385261547 -1.102497339248657
decision_type=2 2 2 2 2 2
left_child=4 2 -2 -3 5 -1
right_child=1 3 -4 -5 -6 -7
leaf_value=0 0.018517698699058484 -0.0094421909888419871 -0.0061068884309983121 0.0037763718823925251 0.00047361797749020457 -0.016541984618720845
leaf_weight=0.42026754058315496 13.529955788544614 2.9584269754122934 1.3082827286270902 1.093741367163602 0.5285617775225554 9.2997265978483465
leaf_count=43 504 968 340 66 76 4395
internal_value=0.00052386 0.0103065 0.0150395 -0.0050687 -0.0145647 -0.0156902
internal_weight=29.139 18.8904 14.8382 4.05217 10.2486 9.71999
internal_count=6392 1878 844 1034 4514 4438
is_linear=0
shrinkage=0.025


Tree=86
num_leaves=6
num_cat=0
split_feature=21 27 6 24 24
split_gain=10.7089 3.96219 1.78205 1.21519 1.08161
threshold=0.18131413310766223 0.17020188271999362 4.6524088382720956 -4.7863144874572745 -3.6482713222503658
decision_type=2 2 2 2 2
left_child=3 2 -2 -1 -3
right_child=1 4 -4 -5 -6
leaf_value=0.0014533043897533785 0.01831875466327083 0.0041463181622810761 -0.0032021486987722156 -0.018353727758768968 -0.0098187341729943246
leaf_weight=0.78301045176340522 12.264818760566413 1.5455528417078319 0.70074215315980914 9.6997365354327467 3.2322398122050782
leaf_count=36 534 126 194 4193 1376
internal_value=-0.000325508 0.0104679 0.0162403 -0.016479 -0.00485183
internal_weight=28.2261 17.7434 12.9656 10.4827 4.77779
internal_count=6459 2230 728 4229 1502
is_linear=0
shrinkage=0.025


Tree=87
num_leaves=7
num_cat=0
split_feature=22 6 26 26 26 12
split_gain=10.2043 2.52915 1.34119 1.21321 0.699868 0.301876
threshold=0.21671868115663531 4.1107506752014169 -0.89666655659675587 -1.028134763240814 -0.39754366874694819 2.9998610019683842
decision_type=2 2 2 2 2 2
left_child=3 2 -2 5 -5 -1
right_child=1 -3 -4 4 -6 -7
leaf_value=-0.003381132629536722 0.017735256020354327 -0.0057649401168185371 -0.00015036144665588397 -0.017500268321178458 0.00036923118344790485 0.0043766767173832365
leaf_weight=0.83739813376450856 11.223821890831458 1.2138985079654947 2.211066255811601 10.289676466592935 0.54294938448583963 1.3947163934353737
leaf_count=308 304 278 487 4817 87 146
internal_value=-0.000197154 0.0121293 0.0152103 -0.0138959 -0.0163761 0.000276626
internal_weight=27.7135 14.6488 13.4349 13.0647 10.8326 2.23211
internal_count=6427 1069 791 5358 4904 454
is_linear=0
shrinkage=0.025


Tree=88
num_leaves=7
num_cat=0
split_feature=21 13 24 26 27 18
split_gain=9.72156 2.47354 1.88176 1.3541 0.748393 0.298478
threshold=0.30891102552413946 3.0771182775497441 -5.4482588768005362 -0.84915360808372486 0.71480849385261547 0.53333166241645824
decision_type=2 2 2 2 2 2
left_child=2 5 -1 -3 -4 -2
right_child=1 3 4 -5 -6 -7
leaf_value=0.0035665428975620462 -0.0069449883750850264 0.017443895153195554 -0.017829619031929807 -0.00042116064813439204 0.00049200907740847846 0.0011483623351410963
leaf_weight=1.0487030388903793 1.4077780467632686 11.411645889747886 10.43946811191563 2.088812613306799 0.52755130510195236 1.0818472148966973
leaf_count=25 509 427 4663 638 72 128
internal_value=0 0.0114116 -0.0140157 0.0149752 -0.0166788 -0.00417481
internal_weight=28.0058 15.9901 12.0157 13.5005 10.967 2.48963
internal_count=6462 1702 4760 1065 4735 637
is_linear=0
shrinkage=0.025


Tree=89
num_leaves=7
num_cat=0
split_feature=22 17 13 13 7 3
split_gain=9.13694 4.67461 1.33074 1.07254 1.01869 0.297208
threshold=0.48858617246150976 0.56839969754219066 4.1129770278930673 2.5983111858367924 5.0568530559539804 1.5212844014167788
decision_type=2 2 2 2 2 2
left_child=1 4 -3 -2 -1 -5
right_child=3 2 -4 5 -6 -7
leaf_value=-0.019635516319844334 -0.0021327360524851487 -0.004793218624192787 0.010556449667137596 0 0 0.016430713062160859
leaf_weight=10.279479617587645 0.48011365084675972 1.5985668998036988 3.470035033300519 0.42069920542416994 1.2180598636332423 9.6261015306226891
leaf_count=4888 118 538 166 98 270 332
internal_value=-0.000323369 -0.0109726 0.0051184 0.0141695 -0.0178464 0.0158138
internal_weight=27.0931 16.5661 5.0686 10.5269 11.4975 10.0468
internal_count=6410 5862 704 548 5158 430
is_linear=0
shrinkage=0.025


Tree=90
num_leaves=7
num_cat=0
split_feature=21 6 26 24 27 23
split_gain=9.94203 3.32313 1.97306 0.736028 0.787965 0.190191
threshold=0.22057909518480304 3.2748706340789799 -0.84915360808372486 -4.7863144874572745 0.71480849385261547 -1.2223781347274778
decision_type=2 2 2 2 2 2
left_child=3 2 -2 -1 -5 -3
right_child=1 5 -4 4 -6 -7
leaf_value=0.00058825349704791276 0.018116297953235074 0 -0.0015329190834129109 -0.017896551514279373 0.00066750127855205147 -0.0076936712054212668
leaf_weight=0.59922294522403063 12.073583269520896 0.82057892603916149 2.334812825458358 9.2607231517322326 0.49629867338808331 1.8008609403623257
leaf_count=34 409 149 786 4304 65 721
internal_value=0 0.010852 0.0150356 -0.0153524 -0.0166225 -0.00610105
internal_weight=27.3861 17.0298 14.4084 10.3562 9.75702 2.62144
internal_count=6468 2065 1195 4403 4369 870
is_linear=0
shrinkage=0.025


Tree=91
num_leaves=7
num_cat=0
split_feature=22 6 19 3 27 9
split_gain=9.73315 2.31506 1.05514 0.894145 0.682741 0.316118
threshold=0.21671868115663531 4.1107506752014169 0.19246674329042437 1.1114910244941714 0.71480849385261547 3.1775277853012089
decision_type=2 2 2 2 2 2
left_child=2 3 4 -2 -1 -4
right_child=1 -3 5 -5 -6 -7
leaf_value=-0.016871087537381882 -0.00078504982884988923 -0.0054208161767004895 -0.0034280109113738392 0.016186731171280607 0.00044982967475478509 0.004592310996963592
leaf_weight=10.285734200355364 0.90794101261417282 1.161257776810088 0.86110361111059219 12.70178699059761 0.52876671828562472 1.124090955025167
leaf_count=4890 201 278 357 642 80 96
internal_value=0 0.0119365 -0.0135462 0.0148119 -0.0157545 0.000255083
internal_weight=27.5707 14.771 12.7997 13.6097 10.8145 1.98519
internal_count=6544 1121 5423 843 4970 453
is_linear=0
shrinkage=0.025


Tree=92
num_leaves=7
num_cat=0
split_feature=21 19 6 13 7 3
split_gain=9.36611 3.62704 1.27359 1.0396 0.99328 0.365779
threshold=0.925102859735489 0.24833724647760394 3.5677664279937749 2.2732647657394414 5.0568530559539804 1.627750098705292
decision_type=2 2 2 2 2 2
left_child=1 4 -3 -2 -1 -5
right_child=3 2 -4 5 -6 -7
leaf_value=-0.019293996668568316 -0.0020360259447894931 0.0090463981606196241 -0.0058629677698174842 0 0 0.016470494867137944
leaf_weight=10.059949382484779 0.46936983661726017 3.5266957420099052 1.2875819743348982 0.27898775899666262 1.216295163379981 9.3467212321411335
leaf_count=5018 101 286 425 80 269 268
internal_value=-0.000777597 -0.0115969 0.00346658 0.0141824 -0.0175014 0.0158263
internal_weight=26.1856 16.0905 4.81428 10.0951 11.2762 9.62571
internal_count=6447 5998 711 449 5287 348
is_linear=0
shrinkage=0.025


Tree=93
num_leaves=7
num_cat=0
split_feature=21 6 19 26 3 13
split_gain=8.79776 2.05464 1.83213 1.21161 0.984345 0.314883
threshold=0.48637431859970098 3.3146660327911381 0.54313117265701305 -0.79773235321044911 -0.2152161970734596 3.1028076410293584
decision_type=2 2 2 2 2 2
left_child=2 3 4 -2 -1 -4
right_child=1 -3 5 -5 -6 -7
leaf_value=0.00034999783851609088 0.016768862393996161 -0.0037961798428165407 -0.0024627518977582263 -0.0019846436004618555 -0.018223282440914024 0.0055431252051994359
leaf_weight=1.0832696257857595 10.399451651261186 1.8857657094486047 0.56435721940942984 0.70798002381343295 9.5250155921821733 1.4924163376563226
leaf_count=165 337 461 165 333 4870 73
internal_value=-0.000636576 0.0115746 -0.0132482 0.0149405 -0.0164217 0.00227223
internal_weight=25.6583 12.9932 12.6651 11.1074 10.6083 2.05677
internal_count=6404 1131 5273 670 5035 238
is_linear=0
shrinkage=0.025


Tree=94
num_leaves=7
num_cat=0
split_feature=21 6 19 3 23 24
split_gain=8.83807 3.32671 1.90397 1.57117 0.111295 0.105244
threshold=0.35699070990085607 3.3653833866119389 0.63966628909111034 1.5212844014167788 0.017956745810806755 -3.6482713222503658
decision_type=2 2 2 2 2 2
left_child=2 3 -1 -2 -4 -3
right_child=1 5 4 -5 -6 -7
leaf_value=-0.018089179167806082 -0.0029051249647460728 0 0.0039516214875907688 0.016550026858285667 -0.00076901904342211932 -0.0082044937893824468
leaf_weight=9.5963953408063407 0.88162706987350148 0.3563194001035298 1.4012879011279427 11.749528743064728 0.28970805613789696 1.6381266853713885
leaf_count=4723 288 30 104 635 68 626
internal_value=-0.00131231 0.00998653 -0.0149078 0.0143988 0.00223847 -0.00738108
internal_weight=25.913 14.6256 11.2874 12.6312 1.691 1.99445
internal_count=6474 1579 4895 923 172 656
is_linear=0
shrinkage=0.025


Tree=95
num_leaves=7
num_cat=0
split_feature=21 19 13 7 13 2
split_gain=8.37204 3.55189 1.16916 1.05403 1.04643 0.226305
threshold=0.925102859735489 0.24833724647760394 2.9645712375640874 5.0568530559539804 2.2732647657394414 1.5967977643013003
decision_type=2 2 2 2 2 2
left_child=1 3 -3 -1 -2 -6
right_child=4 2 -4 -5 5 -7
leaf_value=-0.018910485941307106 -0.0021405321184027027 -0.0053793983945069068 0.0090099127023108832 0.00029395849846062676 0 0.015844556188272955
leaf_weight=9.5771370626316656 0.48545660637318988 1.2349139153520798 3.4762800788448658 1.1457138431869669 0.086491948284673437 9.1003181866544747
leaf_count=5060 95 382 343 257 24 322
internal_value=-0.000562697 -0.011 0.00376683 -0.0170201 0.013739 0.0154774
internal_weight=25.1063 15.434 4.71119 10.7229 9.67227 9.18681
internal_count=6483 6042 725 5317 441 346
is_linear=0
shrinkage=0.025


Tree=96
num_leaves=7
num_cat=0
split_feature=22 21 19 11 12 6
split_gain=7.85854 3.61427 1.41657 0.611946 0.490034 0.0356937
threshold=0.62353724241256725 0.98096084594726574 0.28363554179668432 2.2459126710891728 2.8843159675598149 3.2418990135192876
decision_type=2 2 2 2 2 2
left_child=1 2 -1 5 -3 -2
right_child=3 4 -4 -5 -6 -7
leaf_value=-0.01732230315866742 0.00067797344553077363 -0.0020030198445784419 0.00030808376584690858 0.015909755313350513 0.0087865007493572525 -0.0019188919203765543
leaf_weight=10.713999371408141 0.36661759798880567 0.45405324012972359 2.4343535670195697 8.3645760278159269 3.0819771083479282 0.39914959718589671
leaf_count=5386 7 82 449 297 140 89
internal_value=0 -0.00938807 -0.0145282 0.0145718 0.00630711 -8.18556e-05
internal_weight=25.8147 16.6844 13.1484 9.13034 3.53603 0.765767
internal_count=6450 6057 5835 393 222 96
is_linear=0
shrinkage=0.025


Tree=97
num_leaves=7
num_cat=0
split_feature=22 17 6 24 27 3
split_gain=8.1578 4.88774 1.16874 1.12054 0.873833 0.539127
threshold=0.48858617246150976 0.56839969754219066 3.7310278415679936 0.46034276485443121 0.71480849385261547 1.178652882575989
decision_type=2 2 2 2 2 2
left_child=1 4 5 -3 -1 -2
right_child=2 3 -4 -5 -6 -7
leaf_value=-0.019141169593754202 -0.00054854062526322155 0.010152600976888065 -0.0024844060797174182 -0.0044571309063499839 0.00070765218876831047 0.016360532441077404
leaf_weight=9.8989540237380425 0.17797684637480138 3.9184494492074 0.5227324152656373 0.96046703052707005 0.49179938976885829 9.6919227520993427
leaf_count=5156 81 189 148 493 79 333
internal_value=0 -0.010413 0.0137278 0.00584364 -0.0178709 0.0155534
internal_weight=25.6623 15.2697 10.3926 4.87892 10.3908 9.8699
internal_count=6479 5917 562 682 5235 414
is_linear=0
shrinkage=0.025


Tree=98
num_leaves=6
num_cat=0
split_feature=21 6 27 24 27
split_gain=8.33542 2.45024 1.65092 1.04205 0.291995
threshold=0.18131413310766223 3.2748706340789799 0.25930537283420568 -4.7863144874572745 0.10138624906539918
decision_type=2 2 2 2 2
left_child=3 2 -2 -1 -3
right_child=1 4 -4 -5 -6
leaf_value=0.0013501818030166174 0.01677509220648888 0.00077234198519461421 -0.0013255240981195884 -0.017140356118348701 -0.0072075696945723237
leaf_weight=0.71734690986340766 10.282196754211325 1.463737289188429 2.328615686914417 8.4265432120009809 1.523606934410054
leaf_count=36 427 257 850 4231 693
internal_value=-0.000388252 0.00963042 0.0136505 -0.0152834 -0.00447923
internal_weight=24.742 15.5982 12.6108 9.14389 2.98734
internal_count=6494 2227 1277 4267 950
is_linear=0
shrinkage=0.025


Tree=99
num_leaves=7
num_cat=0
split_feature=22 26 6 27 22 26
split_gain=7.8388 2.5331 2.45971 0.752672 0.697368 0.0980983
threshold=0.03394336253404618 -0.88230291008949269 4.1107506752014169 0.71480849385261547 0.98220717906951915 -1.1316003203392027
decision_type=2 2 2 2 2 2
left_child=3 2 -2 5 -3 -1
right_child=1 4 -4 -5 -6 -7
leaf_value=0 0.016900311562075665 -0.0082247870003100514 -0.0050154109835612712 0.00095774872414403772 0.0034071528940499678 -0.01666377976357012
leaf_weight=0.4265206108393621 11.540762896707749 2.5668176046747244 1.0958622739854025 0.44974411136354397 1.0314762259658889 7.6862391255126559
leaf_count=86 501 941 343 72 70 4505
internal_value=0 0.00946721 0.0137623 -0.0148628 -0.0041212 -0.0162473
internal_weight=24.7974 16.2349 12.6366 8.5625 3.59829 8.11276
internal_count=6518 1855 844 4663 1011 4591
is_linear=0
shrinkage=0.025


Tree=100
num_leaves=7
num_cat=0
split_feature=22 6 26 26 19 5
split_gain=7.31616 2.07968 1.04389 0.57778 0.586392 0.180507
threshold=0.19326040148735049 3.3653833866119389 -0.90456548333168019 -0.39754366874694819 0.28363554179668432 3.7555809020996098
decision_type=2 2 2 2 2 2
left_child=3 2 -2 4 -1 -3
right_child=1 5 -4 -5 -6 -7
leaf_value=-0.015172650627938537 0.016397153042807391 0.00051753424399252318 -7.0314010753526628e-05 0.00074659329592152051 0 -0.0062839877018628712
leaf_weight=9.4499460417428036 9.0943117789429362 0.47194723100983438 1.9526758429419704 0.48272336677473759 1.1902417827513989 1.3020565063634419
leaf_count=4935 201 56 475 82 263 389
internal_value=-0.000379088 0.0105268 0.0139819 -0.0127037 -0.0137571 -0.00450548
internal_weight=23.9439 12.821 11.047 11.1229 10.6402 1.774
internal_count=6401 1121 676 5280 5198 445
is_linear=0
shrinkage=0.025


Tree=101
num_leaves=7
num_cat=0
split_feature=21 19 6 6 4 3
split_gain=7.28957 3.28979 1.43549 0.843277 0.809718 0.229179
threshold=0.925102859735489 0.24833724647760394 3.1866152286529545 4.6524088382720956 -0.20420630276203153 1.178652882575989
decision_type=2 2 2 2 2 2
left_child=1 4 -3 5 -1 -2
right_child=3 2 -4 -5 -6 -7
leaf_value=0 0 0.0098676342175531458 -0.006028652092228531 -0.0016232924687049324 -0.017498860972042705 0.015485137790757487
leaf_weight=1.1229218673688581 0.2352217542647822 3.4403638732037498 1.3295757793239316 0.4121545477537446 9.2135747381544224 8.6250912050600146
leaf_count=201 60 229 482 71 5098 316
internal_value=0 -0.00983503 0.00397931 0.0135259 -0.0158364 0.0150129
internal_weight=24.3789 15.1064 4.76994 9.27247 10.3365 8.86031
internal_count=6457 6010 711 447 5299 376
is_linear=0
shrinkage=0.025


Tree=102
num_leaves=7
num_cat=0
split_feature=27 5 24 24 27 24
split_gain=7.25159 3.1705 1.18348 1.08561 0.689504 0.393875
threshold=0.17020188271999362 4.0458197593688974 0.46034276485443121 -3.6482713222503658 0.71480849385261547 -5.4482588768005362
decision_type=2 2 2 2 2 2
left_child=1 2 -1 -2 -5 -3
right_child=3 5 -4 4 -6 -7
leaf_value=0.01680952758085489 0.0013509570787985916 0.00140505961824631 -0.0020616705882608973 -0.016490022989717319 0.00059089344188790647 -0.0083869613629114059
leaf_weight=10.280402446165681 1.260903036862145 0.66981977398972903 0.5898539126064869 8.7774351141852058 0.50720463288598772 2.1043431324942503
leaf_count=427 164 22 465 4398 86 942
internal_value=-0.000317347 0.0100547 0.0150648 -0.013057 -0.0152392 -0.00583567
internal_weight=24.19 13.6444 10.8703 10.5455 9.28464 2.77416
internal_count=6504 1856 892 4648 4484 964
is_linear=0
shrinkage=0.025


Tree=103
num_leaves=7
num_cat=0
split_feature=22 6 3 27 21 22
split_gain=6.85207 2.63758 2.16956 0.639572 0.666978 0.169416
threshold=0.03394336253404618 3.1866152286529545 1.5212844014167788 0.71480849385261547 1.2718510627746584 0.98220717906951915
decision_type=2 2 2 2 2 2
left_child=3 2 -2 4 -1 -3
right_child=1 5 -4 -5 -6 -7
leaf_value=-0.016246546353930007 -0.0039112817838321693 -0.0067957711580917748 0.016330232634541149 0.00080012606382680459 0.00036470736992638502 6.4805825353402065e-05
leaf_weight=7.4226952318713302 1.4788007040042455 2.1019465297868005 11.877286692266351 0.47853368229698467 0.65759369306033466 0.70529226149665181
leaf_count=4482 490 724 596 74 42 42
internal_value=0.000235418 0.00926726 0.0132937 -0.0134878 -0.0147942 -0.00533396
internal_weight=24.7221 16.1633 13.3561 8.55882 8.08029 2.80724
internal_count=6450 1852 1086 4598 4524 766
is_linear=0
shrinkage=0.025


Tree=104
num_leaves=7
num_cat=0
split_feature=18 17 26 13 27 13
split_gain=5.85054 1.509 1.31367 1.06913 0.740333 0.67657
threshold=0.14907678961753848 0.56839969754219066 -0.89360073208808888 2.2160764932632451 0.71480849385261547 4.1129770278930673
decision_type=2 2 2 2 2 2
left_child=1 4 3 -2 -1 -3
right_child=2 5 -4 -5 -6 -7
leaf_value=-0.016104587544307842 -0.0022715164458726711 -0.0047284815310266954 -0.0019609237183931963 0.014902858742276641 0.00093863274322569801 0.0066327891161912182
leaf_weight=7.9923645469534694 0.57455078192287956 1.0023778491449769 2.4361536992801112 8.9792163900856377 0.4536389349377713 1.9287495038588529
leaf_count=4403 175 474 682 487 68 144
internal_value=-0.000192372 -0.0110088 0.0099227 0.013015 -0.0147157 0.00142789
internal_weight=23.3671 11.3771 11.9899 9.55377 8.446 2.93113
internal_count=6433 5089 1344 662 4471 618
is_linear=0
shrinkage=0.025


Tree=105
num_leaves=6
num_cat=0
split_feature=21 13 26 24 2
split_gain=7.07363 2.72665 1.68177 1.00879 0.205641
threshold=0.18131413310766223 2.9645712375640874 -0.88230291008949269 -5.8641088008880606 4.0110907554626474
decision_type=2 2 2 2 2
left_child=3 4 -3 -1 -2
right_child=1 2 -4 -5 -6
leaf_value=0.0015867432897118461 3.3340614366745692e-05 0.016332654914078145 -0.00093618954116245201 -0.016506309827835054 -0.0079797528933946635
leaf_weight=0.60083343170117576 0.71988913447421454 10.068729128135599 3.0678046739194533 7.7485032917466032 1.6631550343154229
leaf_count=13 193 487 1003 4184 578
internal_value=-0.000336484 0.00873945 0.0128089 -0.0146295 -0.00632932
internal_weight=23.8689 15.5196 13.1365 8.34934 2.38304
internal_count=6458 2261 1490 4197 771
is_linear=0
shrinkage=0.025


Tree=106
num_leaves=7
num_cat=0
split_feature=22 13 26 27 0 12
split_gain=5.79603 2.5287 2.28268 0.73578 0.201912 0.045388
threshold=0.046454247087240226 2.9645712375640874 -0.88230291008949269 0.71480849385261547 3.5882822275161748 5.9062838554382333
decision_type=2 2 2 2 2 2
left_child=3 4 -3 -1 -2 -5
right_child=1 2 -4 5 -6 -7
leaf_value=-0.015687469349542439 0.00013607267428110431 0.015536904148908189 -0.0035667374698490533 -0.00025796124727170866 -0.0083439784101981638 0.0025567163197564441
leaf_weight=7.6559994240960823 0.32805644474865348 9.8274144989845791 2.5008861122623776 0.25892858655424777 1.849623889866052 0.17983462102711201
leaf_count=4582 31 406 817 65 561 5
internal_value=-0.0014298 0.00722549 0.0113899 -0.0142541 -0.00699085 0.00103641
internal_weight=22.6007 14.506 12.3283 8.09476 2.17768 0.438763
internal_count=6467 1815 1223 4652 592 70
is_linear=0
shrinkage=0.025


Tree=107
num_leaves=7
num_cat=0
split_feature=27 13 21 22 27 9
split_gain=6.32332 2.72976 1.06416 1.0492 0.673505 0.0427373
threshold=0.17020188271999362 2.2160764932632451 0.0059378370642662057 0.74925556778907787 0.71480849385261547 2.0532641410827641
decision_type=2 2 2 2 2 2
left_child=1 -1 -3 4 -2 -5
right_child=3 2 -4 5 -6 -7
leaf_value=-0.0065713224880227621 -0.015469595311522125 -0.0012661218332238094 0.015923370775859893 0 0.00078162474932348322 0.0027002628147458946
leaf_weight=1.6299880317819795 8.5802356672793358 1.0679999935673539 10.118189451255601 0.13181065837852557 0.47897804423701096 1.0571649660560067
leaf_count=630 4423 503 658 40 87 101
internal_value=0 0.00993378 0.0140119 -0.0119952 -0.0141934 0.00167936
internal_weight=23.0644 12.8162 11.1862 10.2482 9.05921 1.18898
internal_count=6442 1791 1161 4651 4510 141
is_linear=0
shrinkage=0.025


Tree=108
num_leaves=7
num_cat=0
split_feature=27 6 18 27 21 21
split_gain=6.13628 3.12923 1.04953 1.06944 0.857355 0.232934
threshold=0.17020188271999362 4.1107506752014169 0.46275307238101965 0.71480849385261547 0.0059378370642662057 1.8499938249588015
decision_type=2 2 2 2 2 2
left_child=1 4 3 -2 -1 -3
right_child=2 5 -4 -5 -6 -7
leaf_value=-0.00094841808600827724 -0.016143838395275879 -0.0079599807837314549 0.001387180448142135 0.0017591513506253296 0.01625208163894486 0.00051574346513999535
leaf_weight=0.70440521057753613 8.0181236170465091 2.0444927716162051 1.4950937052053621 0.69292068341747004 9.8445574135694169 0.29491933260578651
leaf_count=359 4295 1003 279 94 489 8
internal_value=0 0.00985286 -0.0117478 -0.0141417 0.0147659 -0.00641648
internal_weight=23.0945 12.8884 10.2061 8.71104 10.549 2.33941
internal_count=6527 1859 4668 4389 848 1011
is_linear=0
shrinkage=0.025


Tree=109
num_leaves=7
num_cat=0
split_feature=21 19 13 13 27 3
split_gain=6.28726 3.6407 1.20378 0.908687 0.745974 0.0896732
threshold=0.925102859735489 0.24833724647760394 2.9645712375640874 2.2160764932632451 0.71480849385261547 1.5212844014167788
decision_type=2 2 2 2 2 2
left_child=1 4 -3 -2 -1 -5
right_child=3 2 -4 5 -6 -7
leaf_value=-0.017227364454217759 -0.0018913905399545552 -0.0051053955513436708 0.0095680885959858759 0 0.00064511504282361556 0.015138338429732938
leaf_weight=8.7971874452632619 0.4588074054045127 1.1776948797778448 3.8658039441361325 0.47129872324876299 0.50608376608579497 7.9087845359463245
leaf_count=5209 97 391 329 78 85 265
internal_value=0 -0.00902465 0.00468355 0.0130418 -0.0159325 0.0147278
internal_weight=23.1857 14.3468 5.0435 8.83889 9.30327 8.38008
internal_count=6454 6014 720 440 5294 343
is_linear=0
shrinkage=0.025


Tree=110
num_leaves=7
num_cat=0
split_feature=24 17 7 13 13 25
split_gain=5.38125 2.65922 0.978908 0.72185 0.689584 0.228251
threshold=-2.718518733978271 0.56839969754219066 5.0568530559539804 3.5632777214050297 2.5983111858367924 0.31351348757743841
decision_type=2 2 2 2 2 2
left_child=4 2 -2 -3 -1 -6
right_child=1 3 -4 -5 5 -7
leaf_value=-0.001607746381842564 -0.017299620960933269 -0.0037251574521242163 0.00062877291304483732 0.0076603755887692431 0.013572826963106709 0
leaf_weight=0.39884335518582048 8.5979573610384232 1.3965683444694139 1.0565767845400831 2.8212532007455593 6.4315727841894841 0.44705130712827656
leaf_count=101 5026 474 262 242 241 143
internal_value=-0.00172327 -0.0100197 -0.015366 0.00323672 0.0112224 0.0128561
internal_weight=21.1498 13.8724 9.65453 4.21782 7.27747 6.87862
internal_count=6489 6004 5288 716 485 384
is_linear=0
shrinkage=0.025


Tree=111
num_leaves=7
num_cat=0
split_feature=22 17 13 7 13 25
split_gain=5.89017 3.27938 1.49983 0.989605 0.5994 0.0661283
threshold=0.62353724241256725 0.51844686269760143 3.5632777214050297 5.0568530559539804 2.9645712375640874 -0.10795890912413596
decision_type=2 2 2 2 2 2
left_child=1 3 -3 -1 -2 -6
right_child=4 2 -4 -5 5 -7
leaf_value=-0.017234781757486731 -0.00063265014018663098 -0.0062942036109192388 0.009734107571691665 0.00072237165537221177 0.014888528524240587 0
leaf_weight=8.2321494738862402 0.54833772432175276 1.3024930951651175 4.1129765196383232 1.030828104019746 6.9721180409396766 0.55185982667899214
leaf_count=4950 106 553 336 266 184 121
internal_value=0 -0.00855805 0.00410807 -0.0152455 0.0130905 0.014443
internal_weight=22.7508 14.6784 5.41547 9.26298 8.07232 7.52398
internal_count=6516 6105 889 5216 411 305
is_linear=0
shrinkage=0.025


Tree=112
num_leaves=7
num_cat=0
split_feature=21 19 13 12 15 26
split_gain=6.23031 3.39745 0.99463 0.784406 0.584328 0.15343
threshold=0.925102859735489 0.28363554179668432 2.9645712375640874 2.8843159675598149 1.0717265605926516 -0.80675241351127613
decision_type=2 2 2 2 2 2
left_child=1 4 -3 -2 -1 -5
right_child=3 2 -4 5 -6 -7
leaf_value=-0.01788332578101659 -0.001314284246267121 -0.0047185254252028732 0.0087398655490507487 0.014655750607011582 0 0
leaf_weight=8.2757388290629024 0.69741445351973919 1.0821348914905673 3.4291534804360708 6.9632403110881569 0.77261576574528668 0.63335176953114558
leaf_count=5192 93 356 278 205 153 146
internal_value=-0.000725405 -0.0101572 0.00407105 0.012245 -0.0166201 0.0140135
internal_weight=21.8536 13.5596 4.51129 8.29401 9.04835 7.59659
internal_count=6423 5979 634 444 5345 351
is_linear=0
shrinkage=0.025


Tree=113
num_leaves=7
num_cat=0
split_feature=21 19 13 6 3 16
split_gain=5.70377 2.99885 1.00195 0.847829 0.823634 0.146839
threshold=0.925102859735489 0.28363554179668432 2.9645712375640874 4.6524088382720956 -0.2152161970734596 0.86026468873023998
decision_type=2 2 2 2 2 2
left_child=1 4 -3 5 -1 -2
right_child=3 2 -4 -5 -6 -7
leaf_value=0.00025269106003547533 0.014555992665915876 -0.0046974947552297476 0.0088074150886865762 -0.0018548302719775913 -0.016736573023310157 0
leaf_weight=1.0723743986454781 7.7716755535948288 1.0787392730999261 3.5120375280675944 0.45355118915904391 8.1454283541825152 0.49702939960116044
leaf_count=195 259 356 295 74 5212 127
internal_value=0 -0.0088157 0.00418779 0.01238 -0.0149267 0.0140365
internal_weight=22.5308 13.8086 4.59078 8.72226 9.2178 8.2687
internal_count=6518 6058 651 460 5407 386
is_linear=0
shrinkage=0.025


Tree=114
num_leaves=7
num_cat=0
split_feature=22 17 7 13 0 25
split_gain=5.31592 2.3271 0.944728 0.842231 0.757276 0.34648
threshold=0.48858617246150976 0.66836953163146984 5.0568530559539804 2.5983111858367924 4.0475769042968759 1.0741081237792971
decision_type=2 2 2 2 2 2
left_child=1 2 -1 -2 -3 -5
right_child=3 4 -4 5 -6 -7
leaf_value=-0.016654925018778473 -0.002102060741960887 0.0076722423655537541 0.00071565820647089343 0.013897839170626654 -0.0042522735463523115 0
leaf_weight=8.1711500863457349 0.48977645623381061 2.7511131202336396 1.046144955937051 7.2052068641933147 0.93255929496081069 0.40540527162374917
leaf_count=5142 113 239 270 290 273 137
internal_value=-0.000837478 -0.00975065 -0.0146855 0.0111844 0.00322347 0.0130295
internal_weight=21.0014 12.901 9.2173 8.10039 3.68367 7.61061
internal_count=6464 5924 5412 540 512 427
is_linear=0
shrinkage=0.025


Tree=115
num_leaves=7
num_cat=0
split_feature=27 6 18 21 22 6
split_gain=6.23453 3.18132 1.31334 0.435638 0.287592 0.0645804
threshold=0.17020188271999362 3.3146660327911381 0.46275307238101965 1.8499938249588015 -0.099197253584861741 2.899608969688416
decision_type=2 2 2 2 2 2
left_child=1 4 -2 -3 -1 -4
right_child=2 3 5 -5 -6 -7
leaf_value=0 -0.016227192134164289 -0.0081950329544193939 0.0029411778978860499 0.0018379150929098123 0.015726809743222128 -0.00044639406385988523
leaf_weight=0.43982591606618449 7.6200637048023037 2.711135865290998 1.2860224675969218 0.55236524710198853 8.388111779364408 0.22889763621787995
leaf_count=191 4335 1380 152 11 250 128
internal_value=-0.0010401 0.00907506 -0.0133452 -0.00565598 0.0150488 0.00152023
internal_weight=21.2264 12.0914 9.13498 3.2635 8.82794 1.51492
internal_count=6447 1832 4615 1391 441 280
is_linear=0
shrinkage=0.025


Tree=116
num_leaves=7
num_cat=0
split_feature=25 6 26 26 26 18
split_gain=4.66579 2.80829 1.34872 0.718027 0.434854 0.183685
threshold=0.41349826753139501 3.1866152286529545 -1.0385655760765073 -0.39754366874694819 -0.88096362352371205 0.67047435045242321
decision_type=2 2 2 2 2 2
left_child=1 4 -2 -4 -1 -3
right_child=2 5 3 -5 -6 -7
leaf_value=0.015135160040714919 0.0021473871026361888 -0.0073937500447570281 -0.015855252424314171 0.00093097297800209073 0 3.7367242237130201e-06
leaf_weight=7.6472627737966832 1.7511861627863252 2.0869724998628949 7.0887687983195065 0.4457719488273123 1.0764698234124823 0.71786419278942037
leaf_count=223 310 846 4594 88 315 106
internal_value=-0.000616558 0.00831513 -0.0111722 -0.0143883 0.0138312 -0.00591017
internal_weight=20.8143 11.5286 9.28573 7.53454 8.72373 2.80484
internal_count=6482 1490 4992 4682 538 952
is_linear=0
shrinkage=0.025


Tree=117
num_leaves=7
num_cat=0
split_feature=22 6 26 27 18 24
split_gain=4.17794 2.74493 1.72452 0.6381 0.415306 0.0490521
threshold=0.03394336253404618 3.1866152286529545 -0.88230291008949269 0.71480849385261547 0.53333166241645824 -5.4482588768005362
decision_type=2 2 2 2 2 2
left_child=3 2 -2 4 -1 -3
right_child=1 5 -4 -5 -6 -7
leaf_value=-0.014494182590161265 0.015290870890677528 0 -0.002129296394004969 0.0011938444315387742 9.3452971124682296e-05 -0.0082396632422990206
leaf_weight=6.5958600019075702 8.5532020146929408 0.29261335305636782 2.5396926047105799 0.41251840238692228 0.36094511418195896 1.7850651015614847
leaf_count=4472 282 22 810 64 77 731
internal_value=-0.000737688 0.00679777 0.0114918 -0.0120144 -0.013492 -0.00779446
internal_weight=20.5399 13.1706 11.0929 7.36932 6.95681 2.07768
internal_count=6458 1845 1092 4613 4549 753
is_linear=0
shrinkage=0.025


Tree=118
num_leaves=6
num_cat=0
split_feature=21 6 24 2 23
split_gain=5.45617 1.84819 1.64229 0.995497 0.139916
threshold=0.35699070990085607 3.3146660327911381 -4.7863144874572745 1.5967977643013003 -1.2223781347274778
decision_type=2 2 2 2 2
left_child=2 3 -1 -2 -3
right_child=1 4 -4 -5 -6
leaf_value=0.0030019854584820878 -0.0024560454583433368 1.7971708226073688e-05 -0.016140902158974593 0.0138162682185744 -0.0061043617794866722
leaf_weight=1.1933858867560045 0.47715703051653591 0.68461706618836649 7.4808221427665575 9.4373664946615445 1.4171383395150758
leaf_count=50 194 90 4825 716 551
internal_value=-0.00115456 0.00826844 -0.0129155 0.0120532 -0.00462144
internal_weight=20.6905 12.0163 8.67421 9.91452 2.10176
internal_count=6426 1551 4875 910 641
is_linear=0
shrinkage=0.025


Tree=119
num_leaves=6
num_cat=0
split_feature=22 17 7 24 13
split_gain=4.82563 2.92813 0.937138 0.832993 0.808217
threshold=0.62353724241256725 0.51844686269760143 5.0568530559539804 0.46034276485443121 2.9645712375640874
decision_type=2 2 2 2 2
left_child=1 2 -1 -3 -2
right_child=4 3 -4 -5 -6
leaf_value=-0.016542975799071047 -0.0018531270528669688 0.0081699952578278487 0.00076285912503641076 -0.0041611466865187239 0.013858109774063002
leaf_weight=7.5224642352986866 0.38681920172530126 3.9199287702795109 1.0245437714474972 0.94709710402821645 7.029165106752771
leaf_count=4918 110 278 257 574 301
internal_value=0 -0.00804734 -0.0144912 0.00424434 0.012119
internal_weight=20.83 13.414 8.54701 4.86703 7.41598
internal_count=6438 6027 5175 852 411
is_linear=0
shrinkage=0.025


Tree=120
num_leaves=7
num_cat=0
split_feature=25 6 27 27 18 6
split_gain=4.55034 2.8925 1.21666 0.720597 0.257179 0.220907
threshold=0.47176826000213629 3.065698623657227 0.091795228421688094 0.71480849385261547 0.67047435045242321 2.1185078620910649
decision_type=2 2 2 2 2 2
left_child=1 -1 5 -4 -3 -2
right_child=2 4 3 -5 -6 -7
leaf_value=0.014143361392705365 0.0045910860195547748 -0.0075918178432012404 -0.015949315227287878 0.00093276565638337008 0.00051633485791548791 -0.0020512273403922132
leaf_weight=8.4681692182639399 1.2707351172575707 2.2996807393501508 6.3493277095258236 0.44434920369531017 0.84379147022264067 0.60819293448002998
leaf_count=503 35 905 4412 87 114 391
internal_value=-0.000318981 0.00831253 -0.0111464 -0.0143879 -0.00566718 0.00160429
internal_weight=20.2842 11.6116 8.6726 6.79368 3.14347 1.87893
internal_count=6447 1522 4925 4499 1019 426
is_linear=0
shrinkage=0.025


Tree=121
num_leaves=7
num_cat=0
split_feature=18 11 17 26 27 1
split_gain=4.19914 1.22168 0.881984 0.724998 0.634094 0.267216
threshold=0.14907678961753848 2.2204465866088872 0.83499798178672802 -0.89360073208808888 0.71480849385261547 3.8082381486892705
decision_type=2 2 2 2 2 2
left_child=2 -2 4 -3 -1 -4
right_child=1 3 5 -5 -6 -7
leaf_value=-0.014000003021685754 -0.0039453140170572941 0.013416577842458102 0.0045914083196040385 0 0.0010158547963315249 -0.0027464775825169051
leaf_weight=7.2769246356911044 0.91601711936527763 7.6576280110457438 1.2894623025204053 2.0568346967484095 0.44009420578367997 0.58639848566963326
leaf_count=4797 234 503 65 599 76 165
internal_value=-0.000238717 0.00859186 -0.0100437 0.0111377 -0.0125895 0.00105944
internal_weight=20.2234 10.6305 9.59288 9.71446 7.71702 1.87586
internal_count=6439 1336 5103 1102 4873 230
is_linear=0
shrinkage=0.025


Tree=122
num_leaves=7
num_cat=0
split_feature=27 6 27 21 24 21
split_gain=4.94834 2.56766 0.8178 0.825755 0.771261 0.207524
threshold=0.17020188271999362 4.1107506752014169 0.71480849385261547 0.925102859735489 0.46034276485443121 1.8499938249588015
decision_type=2 2 2 2 2 2
left_child=1 4 3 -2 -1 -3
right_child=2 5 -4 -5 -6 -7
leaf_value=0.014969762427830886 -0.015637040439512084 -0.0074101210102854023 0.0017051804853554849 0 -0.0013097530307902099 0.00046165928448399388
leaf_weight=8.9789985642710235 6.4463222533377085 1.8932671103102614 0.68151039085933085 1.6448461932595817 0.44584965739341065 0.29476677952334274
leaf_count=440 4307 980 103 246 411 9
internal_value=-0.000135373 0.00886324 -0.0113943 -0.013205 0.0135793 -0.00589668
internal_weight=20.3856 11.6129 8.77268 8.09117 9.42485 2.18803
internal_count=6496 1840 4656 4553 851 989
is_linear=0
shrinkage=0.025


Tree=123
num_leaves=7
num_cat=0
split_feature=27 6 24 24 27 21
split_gain=4.42445 2.47979 1.34201 0.707856 0.625696 0.20038
threshold=0.16833028197288516 4.1107506752014169 -3.6482713222503658 0.46034276485443121 0.71480849385261547 1.8499938249588015
decision_type=2 2 2 2 2 2
left_child=1 3 -2 -1 -4 -3
right_child=2 5 4 -5 -6 -7
leaf_value=0.015013805273712912 0.0028529942164289696 -0.0071517026487661773 -0.014615832116361678 -0.0011002285146001357 0.0008004263066639525 0.00047884426926133136
leaf_weight=8.9058597393741366 1.5700810709968207 1.8266200478246895 7.0062909154948994 0.41262979444582093 0.47514162736479182 0.29342685313895334
leaf_count=424 162 965 4405 382 94 8
internal_value=0.000164081 0.00914239 -0.00995303 0.0137287 -0.0132076 -0.00562317
internal_weight=20.4901 11.4385 9.05151 9.31849 7.48143 2.12005
internal_count=6440 1779 4661 806 4499 973
is_linear=0
shrinkage=0.025


Tree=124
num_leaves=7
num_cat=0
split_feature=21 19 13 13 23 26
split_gain=4.98135 2.71434 0.93354 0.906006 0.459322 0.0624725
threshold=0.925102859735489 0.19867277890443805 2.9645712375640874 2.2732647657394414 -7.2919981479644767 -0.80675241351127613
decision_type=2 2 2 2 2 2
left_child=1 4 -3 -2 -1 -5
right_child=3 2 -4 5 -6 -7
leaf_value=4.4180130275318366e-05 -0.0022962922063975008 -0.0049984746980662412 0.0077639481960668213 0.013575813518864853 -0.016700922660427702 0
leaf_weight=0.28921185067156407 0.53343001284520042 1.193738003275939 3.5795694565749727 6.7308351885731099 7.2993362467968845 0.5936750177934299
leaf_count=41 112 458 410 205 5087 131
internal_value=-0.000564075 -0.00940421 0.00300841 0.0111059 -0.0158022 0.0131247
internal_weight=20.2198 12.3619 4.77331 7.85794 7.58855 7.32451
internal_count=6444 5996 868 448 5128 336
is_linear=0
shrinkage=0.025


Tree=125
num_leaves=7
num_cat=0
split_feature=22 17 13 27 6 16
split_gain=4.74206 2.73816 0.82871 0.816903 0.620773 0.0814966
threshold=0.62353724241256725 0.51844686269760143 3.5632777214050297 0.71480849385261547 3.7310278415679936 0.68654131889343273
decision_type=2 2 2 2 2 2
left_child=1 3 -3 -1 5 -2
right_child=4 2 -4 -5 -6 -7
leaf_value=-0.016654304444303585 0.013595332028706717 -0.0040376501518704947 0.0079998627867429416 0.0011522742085114518 -0.0012889609493777455 0
leaf_weight=7.4384045615152008 6.0593160323769544 1.4687279044737804 3.292809399383259 0.42080971159157332 0.34757623946643423 0.48080516510526639
leaf_count=5100 180 551 324 76 103 114
internal_value=-0.000394298 -0.00876432 0.00348028 -0.0151375 0.0116524 0.0131422
internal_weight=19.5084 12.6208 4.76154 7.85921 6.8877 6.54012
internal_count=6448 6051 875 5176 397 294
is_linear=0
shrinkage=0.025


Tree=126
num_leaves=7
num_cat=0
split_feature=21 19 7 13 6 26
split_gain=3.95701 2.60385 0.96341 0.841146 0.83446 0.194526
threshold=0.925102859735489 0.24833724647760394 5.0568530559539804 2.9645712375640874 4.1617054939270028 -0.80499020218849171
decision_type=2 2 2 2 2 2
left_child=1 2 -1 -3 5 -2
right_child=4 3 -4 -5 -6 -7
leaf_value=-0.016248964870658255 0.013323841719288569 -0.0042155404220236975 0.0010027005486697544 0.00823005002573504 -0.0022140297646202323 0
leaf_weight=7.01253929291852 6.1972932633361779 0.99201808396901459 0.98208499465545163 3.4552985144255217 0.5154260356503072 0.64176294908975151
leaf_count=5046 192 379 265 339 110 147
internal_value=-8.81211e-05 -0.00794723 -0.0140784 0.00403056 0.0105371 0.0125552
internal_weight=19.7964 12.4419 7.99462 4.44732 7.35448 6.83906
internal_count=6478 6029 5311 718 449 339
is_linear=0
shrinkage=0.025


Tree=127
num_leaves=6
num_cat=0
split_feature=21 27 13 24 24
split_gain=4.9931 1.73281 0.867192 0.70188 0.48755
threshold=0.18131413310766223 0.13753519207239154 2.2160764932632451 -3.6482713222503658 -5.8641088008880606
decision_type=2 2 2 2 2
left_child=4 2 -2 -3 -1
right_child=1 3 -4 -5 -6
leaf_value=0.00032596341749901699 -0.0017845696881353098 0.0043010316828783713 0.014448773240869409 -0.006450814210621901 -0.014635006049576287
leaf_weight=0.40353588626021597 0.48835714827873555 1.6443076021096201 7.5020279205782572 3.5753993609250756 6.1403257829515514
leaf_count=13 174 138 382 1569 4212
internal_value=-0.000441291 0.00757018 0.0126705 -0.00200504 -0.0134294
internal_weight=19.754 13.2101 7.99039 5.21971 6.54386
internal_count=6488 2263 556 1707 4225
is_linear=0
shrinkage=0.025


Tree=128
num_leaves=7
num_cat=0
split_feature=21 22 17 13 13 16
split_gain=4.23487 1.79453 0.84941 0.646729 0.0733069 0.0307579
threshold=0.925102859735489 0.71705839037895214 0.55058518052101146 2.2160764932632451 3.0557918548583989 0.98826161026954662
decision_type=2 2 2 2 2 2
left_child=1 2 -1 -2 -3 -5
right_child=3 4 -4 5 -6 -7
leaf_value=-0.014207150550217882 -0.0014483377179442681 0 0.00017722886786757523 0.013031013003129872 0.0053718801908787745 0
leaf_weight=7.8492014675721311 0.3973924485326269 0.39494165123323854 2.006648728493019 6.5928346676373621 1.7535730416420845 0.449414084694581
leaf_count=5246 94 70 618 254 74 110
internal_value=0 -0.00800763 -0.0117838 0.0111857 0.00456657 0.012723
internal_weight=19.444 12.0044 9.85585 7.43964 2.14851 7.04225
internal_count=6466 6008 5864 458 144 364
is_linear=0
shrinkage=0.025


Tree=129
num_leaves=7
num_cat=0
split_feature=18 21 13 26 13 14
split_gain=4.8325 1.06317 0.808135 0.680558 0.490598 0.155937
threshold=0.19548504054546359 0.35699070990085607 2.2160764932632451 -0.79773235321044911 4.2411184310913095 3.1107785701751713
decision_type=2 2 2 2 2 2
left_child=1 5 -2 -4 -3 -1
right_child=2 4 3 -5 -6 -7
leaf_value=-0.01495159030206991 -0.0024586202533529748 -0.0047736915493241166 0.012779587340422558 -0.0010278681347902472 0.0048769303233517159 0
leaf_weight=6.4272207320755133 0.61709436397359141 0.99892354903568081 8.0828688928304455 0.88600344979204138 2.1441521127999295 0.14276744934613805
leaf_count=4603 216 436 628 329 237 22
internal_value=-0.000877396 -0.011038 0.00924404 0.0110885 0 -0.0145729
internal_weight=19.299 9.71306 9.58597 8.96887 3.14308 6.56999
internal_count=6471 5298 1173 957 673 4625
is_linear=0
shrinkage=0.025


Tree=130
num_leaves=7
num_cat=0
split_feature=21 19 6 27 12 23
split_gain=3.64731 2.36373 0.710535 0.689726 0.662322 0.117842
threshold=0.925102859735489 0.24833724647760394 3.9529620409011845 0.71480849385261547 2.8843159675598149 -4.3057169914245597
decision_type=2 2 2 2 2 2
left_child=1 3 -3 -1 -2 -6
right_child=4 2 -4 -5 5 -7
leaf_value=-0.015019983950256711 -0.0013491729456307521 0.0076617391374405527 -0.0038023395832350497 0.001010384405997222 0 0.013042391354398931
leaf_weight=6.8884773567406246 0.66956148177268815 3.5052868598286295 0.91713915293803427 0.44342969779972907 0.84724253806052718 5.7987859939603368
leaf_count=5157 98 365 350 83 141 215
internal_value=0 -0.00740993 0.00386486 -0.0135271 0.0105071 0.0123047
internal_weight=19.0699 11.7543 4.42243 7.33191 7.31559 6.64603
internal_count=6409 5955 715 5240 454 356
is_linear=0
shrinkage=0.025


Tree=131
num_leaves=7
num_cat=0
split_feature=21 24 12 13 23 13
split_gain=3.79224 1.6492 0.870073 0.789387 0.322989 0.13421
threshold=0.925102859735489 -3.316931843757629 2.8843159675598149 5.4592490196228036 -4.3057169914245597 2.9645712375640874
decision_type=2 2 2 2 2 2
left_child=1 5 -2 -3 -4 -1
right_child=2 3 4 -5 -6 -7
leaf_value=-0.00040398137479228296 -0.0024809277458337758 -0.014245919145880127 0 0.00034458225885082908 0.013282334833518523 0.0053622868984653091
leaf_weight=0.21867136887158389 0.54004357146914017 7.6884627032413846 0.6672295454336562 1.5587533828656885 5.8915612857672386 1.8248467623488975
leaf_count=72 100 5369 136 524 213 116
internal_value=-0.000449757 -0.00845636 0.0100002 -0.01209 0.0121972 0.00400915
internal_weight=18.3896 11.2907 7.09883 9.24722 6.55879 2.04352
internal_count=6530 6081 449 5893 349 188
is_linear=0
shrinkage=0.025


Tree=132
num_leaves=7
num_cat=0
split_feature=27 5 24 24 27 6
split_gain=3.23067 2.17944 1.08672 0.703423 0.599449 0.142506
threshold=0.17020188271999362 4.0458197593688974 -3.6482713222503658 0.46034276485443121 0.71480849385261547 3.9529620409011845
decision_type=2 2 2 2 2 2
left_child=1 3 -2 -1 -4 -3
right_child=2 5 4 -5 -6 -7
leaf_value=0.014249316609103842 0.0027096081233266198 0 -0.013095665006861441 -0.0012332328631388463 0.0011047963436977921 -0.0066667599796795046
leaf_weight=8.0107453927194001 1.5311510393657952 0.3896431473694969 6.460931375549988 0.44104907587461717 0.43218379491008807 1.6670522049244025
leaf_count=433 167 54 4333 447 86 889
internal_value=0.000325948 0.00824974 -0.00848391 0.0128187 -0.0115897 -0.00541941
internal_weight=18.9328 10.5085 8.42427 8.45179 6.89312 2.0567
internal_count=6409 1823 4586 880 4419 943
is_linear=0
shrinkage=0.025


Tree=133
num_leaves=7
num_cat=0
split_feature=22 17 26 22 13 25
split_gain=3.66236 2.66508 0.793901 0.723369 0.543047 0.101359
threshold=0.62353724241256725 0.51844686269760143 -0.39754366874694819 -0.099197253584861741 2.9645712375640874 -0.66525912284851063
decision_type=2 2 2 2 2 2
left_child=1 2 -1 -3 -2 -6
right_child=4 3 -4 -5 5 -7
leaf_value=-0.016017690732541581 -0.00096439650098359647 -0.00384121860707383 0.0012310188969839428 0.0077085728850817374 0.012613585961905861 0
leaf_weight=6.8365918870695177 0.56456210988107969 0.89159979393298261 0.41082962298241987 3.7151320302509703 5.3853512850182597 0.45230374381935678
leaf_count=5113 110 594 78 275 177 122
internal_value=-0.00026968 -0.00783983 -0.0144262 0.00398682 0.0104902 0.0121086
internal_weight=18.2564 11.8542 7.24742 4.60673 6.40222 5.83766
internal_count=6469 6060 5191 869 409 299
is_linear=0
shrinkage=0.025


Tree=134
num_leaves=5
num_cat=0
split_feature=21 13 26 21
split_gain=3.86897 1.77375 1.04927 0.281459
threshold=0.0059378370642662057 2.9645712375640874 -0.88230291008949269 1.8499938249588015
decision_type=2 2 2 2
left_child=-1 3 -3 -2
right_child=1 2 -4 -5
leaf_value=-0.012460038069334276 -0.0072455758078097121 0.013744071063688711 -8.8332980227964655e-05 0.0010243303711843263
leaf_weight=4.5540153114270678 1.7038993191235925 8.3409639687597501 3.344050468018394 0.63779877923661832
leaf_count=3215 996 660 1547 27
internal_value=0.000351137 0.00702031 0.0105707 -0.00497823
internal_weight=18.5807 14.0267 11.685 2.3417
internal_count=6445 3230 2207 1023
is_linear=0
shrinkage=0.025


Tree=135
num_leaves=7
num_cat=0
split_feature=22 17 7 13 13 16
split_gain=3.06904 2.3633 0.956813 0.73721 0.715317 0.0512679
threshold=0.62353724241256725 0.51844686269760143 5.0568530559539804 3.5632777214050297 2.9645712375640874 0.68654131889343273
decision_type=2 2 2 2 2 2
left_child=1 2 -1 -3 -2 -6
right_child=4 3 -4 -5 5 -7
leaf_value=-0.015295018880981018 -0.0019466033079227705 -0.0034426828910701156 0.0013765855054549781 0.0080829662374348899 0.012590399560330529 0
leaf_weight=6.4187576675904001 0.40990459514432487 1.341103913131519 0.90443102829158295 3.3713582334166858 5.1441475013853051 0.48166375319124188
leaf_count=4898 101 548 263 315 182 111
internal_value=0 -0.00671751 -0.0130057 0.00407569 0.0102056 0.0121785
internal_weight=18.0714 12.0357 7.32319 4.71246 6.03572 5.62581
internal_count=6418 6024 5161 863 394 293
is_linear=0
shrinkage=0.025


Tree=136
num_leaves=6
num_cat=0
split_feature=21 19 7 13 13
split_gain=3.67879 1.84883 0.894989 0.748971 0.683852
threshold=0.925102859735489 0.24833724647760394 5.0568530559539804 2.9645712375640874 2.2160764932632451
decision_type=2 2 2 2 2
left_child=1 2 -1 -3 -2
right_child=4 3 -4 -5 -6
leaf_value=-0.014608323057893481 -0.001622848085942717 -0.0042001363816127728 0.0013378237614550179 0.0075136980818730215 0.012596900120553515
leaf_weight=6.4809718667602301 0.42775103627354738 0.99810167963732954 0.91954409408208437 3.1067945732938824 6.8171734112402191
leaf_count=5050 92 388 266 322 354
internal_value=0.000409344 -0.00713883 -0.0123824 0.00323663 0.0109271
internal_weight=18.7503 11.5054 7.40052 4.1049 7.24492
internal_count=6472 6026 5316 710 446
is_linear=0
shrinkage=0.025


Tree=137
num_leaves=7
num_cat=0
split_feature=22 17 2 12 13 5
split_gain=3.32707 2.01172 0.788579 0.599898 0.408449 0.0682151
threshold=0.64902415871620189 0.65583968162536632 1.0000000180025095e-35 2.9998610019683842 3.0557918548583989 0.36583699285984045
decision_type=2 2 2 2 2 2
left_child=1 2 -1 -3 -2 -6
right_child=4 3 -4 -5 5 -7
leaf_value=0.00075639647630854198 -0.00052680357381497097 -0.0035386619152569876 -0.01487355849084979 0.0071167656180039524 0 0.0117917385551418
leaf_weight=0.99264036746171935 0.49504285951843385 0.77898856948013451 6.8246976586233359 3.113276376738213 0.31556643793010142 5.0995011204795446
leaf_count=174 101 228 5299 330 76 192
internal_value=-0.000513269 -0.00764842 -0.0128804 0.00349072 0.0100771 0.0114341
internal_weight=17.6197 11.7096 7.81734 3.89226 5.91011 5.41507
internal_count=6400 6031 5473 558 369 268
is_linear=0
shrinkage=0.025


Tree=138
num_leaves=6
num_cat=0
split_feature=21 6 27 24 27
split_gain=4.01908 1.43714 0.884068 0.536411 0.182922
threshold=0.18800146877765658 3.3146660327911381 0.22512593865394595 -4.7863144874572745 0.10138624906539918
decision_type=2 2 2 2 2
left_child=3 2 -2 -1 -3
right_child=1 4 -4 -5 -6
leaf_value=0.00059654110621415804 0.013734941185483455 0.00048281664133491774 -0.00016510951608846917 -0.013490124305031241 -0.0057016008529269862
leaf_weight=0.56010237967711951 7.2704396970220824 1.4108518940338393 2.4467422139859991 5.3932881202417793 1.2255611817236056
leaf_count=34 354 241 945 4204 677
internal_value=0 0.00741367 0.0109433 -0.0119269 -0.00342443
internal_weight=18.307 12.3536 9.71718 5.95339 2.63641
internal_count=6455 2217 1299 4238 918
is_linear=0
shrinkage=0.025


Tree=139
num_leaves=7
num_cat=0
split_feature=22 17 7 2 13 23
split_gain=3.78653 1.98695 0.871633 0.725089 0.446906 0.171157
threshold=0.74925556778907787 0.56839969754219066 5.0568530559539804 4.0110907554626474 2.5983111858367924 -6.2159631252288809
decision_type=2 2 2 2 2 2
left_child=1 2 -1 -3 -2 -6
right_child=4 3 -4 -5 5 -7
leaf_value=-0.015381149199659766 -0.00074768417034504642 0.0072820318628403942 0.00095692272661233348 -0.0041711437141049674 0 0.012871670921745787
leaf_weight=6.2755651898114611 0.26805651941685837 3.2190110659284983 0.97416307836829208 1.0288093734852735 0.2175635756284463 5.7191943620709935
leaf_count=5097 53 414 284 351 83 177
internal_value=0 -0.00768358 -0.0131811 0.00307684 0.0111484 0.0123533
internal_weight=17.7024 11.4975 7.24973 4.24782 6.20481 5.93676
internal_count=6459 6146 5381 765 313 260
is_linear=0
shrinkage=0.025


Tree=140
num_leaves=7
num_cat=0
split_feature=21 19 8 13 13 23
split_gain=3.21091 1.98333 0.786943 0.769534 0.586294 0.0699807
threshold=0.925102859735489 0.24833724647760394 5.2462029457092294 2.9645712375640874 2.2160764932632451 -4.3057169914245597
decision_type=2 2 2 2 2 2
left_child=1 2 -1 -3 -2 -6
right_child=4 3 -4 -5 5 -7
leaf_value=-0.014746391616433553 -0.0013995527137503421 -0.004134092018341415 0.00078131282812256536 0.0077612912153543594 0 0.012522057548991109
leaf_weight=5.8089897501122341 0.39575862398487416 0.98266168346162874 1.0224498622701501 3.2524558251752751 0.81790010246913869 5.6347311817517038
leaf_count=5011 97 389 292 325 135 203
internal_value=0.000314091 -0.00679183 -0.0125461 0.00358055 0.0103448 0.0119073
internal_weight=17.9149 11.0666 6.83144 4.23512 6.84839 6.45263
internal_count=6452 6017 5303 714 435 338
is_linear=0
shrinkage=0.025


Tree=141
num_leaves=7
num_cat=0
split_feature=26 6 24 26 21 21
split_gain=3.57501 1.51802 0.985905 0.601764 0.385533 0.135775
threshold=-0.9674662947654723 4.1107506752014169 -3.6482713222503658 -0.39754366874694819 0.18131413310766223 1.8499938249588015
decision_type=2 2 2 2 2 2
left_child=1 4 -2 -4 -1 -3
right_child=2 5 3 -5 -6 -7
leaf_value=-2.9191356737756101e-05 0.0020906699074100536 -0.0053274287831650662 -0.013323423480014369 0.0010466836287396188 0.013627516851840811 0.00043929989830151031
leaf_weight=0.42266770197602621 1.5564275049255227 1.3217838066848342 6.8890087945546838 0.43691547664638886 6.7158370319230016 0.27557991130743165
leaf_count=264 184 789 4889 90 280 6
internal_value=0 0.00887371 -0.00911259 -0.0118824 0.0126251 -0.00380626
internal_weight=17.6182 8.73587 8.88235 7.32592 7.1385 1.59736
internal_count=6502 1339 5163 4979 544 795
is_linear=0
shrinkage=0.025


Tree=142
num_leaves=6
num_cat=0
split_feature=21 6 26 24 26
split_gain=3.63175 1.41868 0.990468 0.476705 0.197357
threshold=0.18131413310766223 3.3146660327911381 -0.79773235321044911 -4.7863144874572745 -1.0072752833366392
decision_type=2 2 2 2 2
left_child=3 2 -2 -1 -3
right_child=1 4 -4 -5 -6
leaf_value=0.00038779411986820424 0.012925124796054774 0.00052674023173615711 -0.0017678819080988312 -0.013178235587370347 -0.0059830533570985681
leaf_weight=0.57050910627003837 8.0732653060986177 1.3085296383651441 1.3931269732565841 5.1627694382332283 1.3012949532567279
leaf_count=37 610 251 695 4155 711
internal_value=-9.74986e-05 0.00685417 0.0104671 -0.0116942 -0.00369628
internal_weight=17.8095 12.0762 9.46639 5.73328 2.60982
internal_count=6459 2267 1305 4192 962
is_linear=0
shrinkage=0.025


Tree=143
num_leaves=7
num_cat=0
split_feature=21 19 7 6 13 26
split_gain=3.32743 1.16811 0.906136 0.617063 0.54187 0.235238
threshold=0.925102859735489 0.24833724647760394 5.0568530559539804 3.0430790185928349 2.2160764932632451 -0.84915360808372486
decision_type=2 2 2 2 2 2
left_child=1 2 -1 -3 -2 -6
right_child=4 3 -4 -5 5 -7
leaf_value=-0.014455615977691117 -0.0013535485356090417 0.0061995028533039682 0.0015056779982130907 -0.0044240459927084985 0.01222341907960591 0
leaf_weight=5.6632520201237657 0.39122728086658654 2.3810034289344917 0.87742624839302141 1.1311896398838142 5.6569519525946816 0.64557696052361269
leaf_count=5003 95 215 263 492 202 156
internal_value=0 -0.00799917 -0.0120482 0.00145484 0.00977113 0.011308
internal_weight=16.7466 10.0529 6.54068 3.51219 6.69376 6.30253
internal_count=6426 5973 5266 707 453 358
is_linear=0
shrinkage=0.025


Tree=144
num_leaves=7
num_cat=0
split_feature=27 5 22 27 22 6
split_gain=2.64456 1.58067 1.25473 0.587259 0.348185 0.06193
threshold=0.12988281995058062 4.0280480384826669 0.82965636253356945 0.71480849385261547 -0.25484709441661829 3.9529620409011845
decision_type=2 2 2 2 2 2
left_child=1 4 3 -2 -1 -3
right_child=2 5 -4 -5 -6 -7
leaf_value=-0.0001803323487817038 -0.012733772531647675 0 0.0034255944863954275 0.0011478269626880666 0.013057646406517643 -0.005189736238718142
leaf_weight=0.2277857456501805 6.8653195570877852 0.2615359670453471 1.6808453734702196 0.42018267288221967 5.9678446152101996 1.273196604917757
leaf_count=203 4983 46 138 85 283 713
internal_value=-0.000121501 0.00790212 -0.00783906 -0.0112831 0.0121495 -0.00446456
internal_weight=16.6967 7.73036 8.96635 7.2855 6.19563 1.53473
internal_count=6451 1245 5206 5068 486 759
is_linear=0
shrinkage=0.025


Tree=145
num_leaves=7
num_cat=0
split_feature=24 13 11 25 19 9
split_gain=2.92622 1.16815 0.777014 0.686557 0.370084 0.212072
threshold=-1.6698372364044187 5.4592490196228036 2.2204465866088872 0.41349826753139501 0.3466890156269074 5.5587589740753183
decision_type=2 2 2 2 2 2
left_child=2 4 -1 -4 -2 -3
right_child=1 5 3 -5 -6 -7
leaf_value=-0.0027930638875665599 -0.013560374436017868 0.0053094876902021713 0.011822213791315039 -0.0017164991206605812 0 -0.0014406344298990249
leaf_weight=0.67079818219645204 5.8437246244429826 1.0672327339198089 6.5400959523685742 0.57858270288852498 1.1422210888267725 0.48002273049496569
leaf_count=177 4831 252 462 230 255 198
internal_value=-0.000762971 -0.00894345 0.00770281 0.0099519 -0.0121269 0.00275981
internal_weight=16.3227 8.5332 7.78948 7.11868 6.98595 1.54726
internal_count=6405 5536 869 692 5086 450
is_linear=0
shrinkage=0.025


Tree=146
num_leaves=7
num_cat=0
split_feature=21 6 26 24 27 21
split_gain=2.74077 1.16193 0.835024 0.670275 0.621158 0.149051
threshold=0.30891102552413946 3.3146660327911381 -0.79773235321044911 -4.7863144874572745 0.71480849385261547 1.8499938249588015
decision_type=2 2 2 2 2 2
left_child=3 2 -2 -1 -5 -3
right_child=1 5 -4 4 -6 -7
leaf_value=0.0016094327919710816 0.01266617906828062 -0.004962422007813095 -0.0013327956299874358 -0.013051151660666151 0.0012713944521191654 0.00065507841940762421
leaf_weight=0.8330951561219998 7.1519653531577196 1.5103493599744973 1.3224702188017534 5.0634314753333474 0.40726962429471303 0.66473395755747322
leaf_count=48 464 676 549 4619 69 30
internal_value=8.28818e-05 0.00707026 0.0103338 -0.00907453 -0.01129 -0.00311442
internal_weight=16.9533 10.6495 8.47444 6.3038 5.4707 2.17508
internal_count=6455 1719 1013 4736 4688 706
is_linear=0
shrinkage=0.025


Tree=147
num_leaves=7
num_cat=0
split_feature=21 19 7 13 12 16
split_gain=2.58448 1.52774 0.832329 0.748733 0.641807 0.101855
threshold=0.925102859735489 0.19867277890443805 5.0568530559539804 2.9645712375640874 2.8843159675598149 1.0207258462905886
decision_type=2 2 2 2 2 2
left_child=1 2 -1 -3 -2 -6
right_child=4 3 -4 -5 5 -7
leaf_value=-0.01388041474714847 -0.0018330110573067618 -0.0044105377620964155 0.0013869825173694452 0.007151333632219742 0.011697064568976215 0
leaf_weight=5.3325437124294712 0.45165577356237818 1.0705233613916787 0.89590990835858964 3.2676543783745728 5.6934228028403595 0.38141807859938115
leaf_count=4877 94 465 264 427 263 97
internal_value=0.000242512 -0.00620828 -0.011488 0.00279503 0.00939139 0.011241
internal_weight=17.0931 10.5666 6.22845 4.33818 6.5265 6.07484
internal_count=6487 6033 5141 892 454 360
is_linear=0
shrinkage=0.025


Tree=148
num_leaves=7
num_cat=0
split_feature=22 17 7 12 13 23
split_gain=2.27453 2.01726 0.849077 0.620162 0.545111 0.233221
threshold=0.6799285113811494 0.51844686269760143 5.0568530559539804 2.8843159675598149 3.0771182775497441 -5.6387891769409171
decision_type=2 2 2 2 2 2
left_child=1 2 -1 -3 -2 -6
right_child=4 3 -4 -5 5 -7
leaf_value=-0.014447852196243045 -0.0015794588983151178 -0.0035338678738677989 0.0012559380932658237 0.007162326337727204 0 0.011626699355078186
leaf_weight=5.6509867005515861 0.34644843000569281 0.79974479397060338 0.90184062780463126 3.8772074184525991 0.14890832948731247 4.7154997421603184
leaf_count=4965 94 265 263 623 92 159
internal_value=0 -0.00598502 -0.0121374 0.00380656 0.00907123 0.0108795
internal_weight=16.4406 11.2298 6.55283 4.67695 5.21086 4.86441
internal_count=6461 6116 5228 888 345 251
is_linear=0
shrinkage=0.025


Tree=149
num_leaves=7
num_cat=0
split_feature=27 6 27 18 21 22
split_gain=2.75101 1.73334 0.656432 0.740397 0.248751 0.166505
threshold=0.17020188271999362 3.3146660327911381 0.71480849385261547 0.46275307238101965 1.8499938249588015 -0.099197253584861741
decision_type=2 2 2 2 2 2
left_child=1 5 3 -2 -3 -1
right_child=2 4 -4 -5 -6 -7
leaf_value=0 -0.013059061722155414 -0.0059272918309324733 0.0019849584279168597 0.00087563704207197987 0.0013524333401409494 0.012868012938625516
leaf_weight=0.35269409562897625 5.3066172690669182 2.3204108277132041 0.59610556383267965 1.3006040176405802 0.53903215192258347 6.3741366004614992
leaf_count=190 4281 1375 102 270 13 269
internal_value=0 0.00744202 -0.0086427 -0.010582 -0.00377241 0.0123179
internal_weight=16.7896 9.58627 7.20333 6.60722 2.85944 6.72683
internal_count=6500 1847 4653 4551 1388 459
is_linear=0
shrinkage=0.025


Tree=150
num_leaves=7
num_cat=0
split_feature=22 27 5 13 21 23
split_gain=3.48271 1.77259 0.437841 0.392566 0.267757 0.111959
threshold=0.64902415871620189 0.073907162994146361 4.0280480384826669 2.9645712375640874 0.96298798918724071 -6.2159631252288809
decision_type=2 2 2 2 2 2
left_child=1 2 -1 -2 -3 -5
right_child=3 4 -4 5 -6 -7
leaf_value=0.0067295199080287032 -0.00044940713367276424 -0.01394597069562472 -0.0026382462657729357 0 0 0.011903805619972428
leaf_weight=2.2281433855532691 0.47178913091192853 6.4923840067131096 0.72752963822858863 0.20264468726236362 1.1654185937368309 5.1858222226874204
leaf_count=140 98 5351 426 79 187 191
internal_value=-0.000524647 -0.0082142 0.00342916 0.0101964 -0.0127813 0.0114979
internal_weight=16.4737 10.6135 2.95567 5.86026 7.6578 5.38847
internal_count=6472 6104 566 368 5538 270
is_linear=0
shrinkage=0.025


Tree=151
num_leaves=7
num_cat=0
split_feature=21 24 6 27 26 11
split_gain=2.83182 1.43452 0.693486 0.653267 0.195336 0.132819
threshold=0.925102859735489 -3.316931843757629 4.1617054939270028 0.71480849385261547 -0.80675241351127613 2.2459126710891728
decision_type=2 2 2 2 2 2
left_child=1 5 4 -3 -2 -1
right_child=2 3 -4 -5 -6 -7
leaf_value=-0.00058105495985106442 0.011454813663371208 -0.013551496005538533 -0.0022560532992928891 0.0012567834576093036 0 0.00489229005176634
leaf_weight=0.24921771624940392 5.1448332755244337 6.9578921389329471 0.53427466211724084 0.40305017255013798 0.57509444686002176 1.7887953080935401
leaf_count=67 194 5787 114 85 150 125
internal_value=-0.000846549 -0.00825367 0.00845109 -0.0120547 0.01062 0.00339765
internal_weight=15.6532 9.39896 6.2542 7.36094 5.71993 2.03801
internal_count=6522 6064 458 5872 344 192
is_linear=0
shrinkage=0.025


Tree=152
num_leaves=7
num_cat=0
split_feature=27 22 13 27 21 12
split_gain=2.72723 1.56026 1.20857 0.656882 0.449049 0.126035
threshold=0.12796683609485629 0.74925556778907787 2.2160764932632451 0.71480849385261547 -0.15788888931274411 3.4690983295440678
decision_type=2 2 2 2 2 2
left_child=2 3 -1 -2 -4 -3
right_child=1 5 4 -5 -6 -7
leaf_value=-0.0037880219053737078 -0.013671413383587273 -0.00035819442922123689 -0.00062161714335645624 0.0012582592232771063 0.012697558888723467 0.0051986062538871124
leaf_weight=0.96941209545184648 6.0867931630491494 0.20819261281576507 0.32026446982490586 0.40225763543276105 6.4707039649074432 1.9000765408854929
leaf_count=524 4997 48 238 85 465 135
internal_value=0 -0.00768677 0.00840339 -0.0120571 0.0115421 0.00390464
internal_weight=16.3577 8.59732 7.76038 6.48905 6.79097 2.10827
internal_count=6492 5265 1227 5082 703 183
is_linear=0
shrinkage=0.025


Tree=153
num_leaves=5
num_cat=0
split_feature=21 13 26 15
split_gain=2.41424 1.58231 0.766368 0.11475
threshold=0.0059378370642662057 2.9645712375640874 -0.88230291008949269 1.2656324505805971
decision_type=2 2 2 2
left_child=-1 3 -3 -2
right_child=1 2 -4 -5
leaf_value=-0.010757364785416557 -0.0064564182841821416 0.012165442703396818 -9.650654735665562e-05 0
leaf_weight=3.6377630190036152 1.7802156467878369 6.9344066939520399 2.8962475352236652 0.38676809809112445
leaf_count=3177 989 650 1573 54
internal_value=0 0.00547402 0.00931687 -0.00542485
internal_weight=15.6354 11.9976 9.83065 2.16698
internal_count=6443 3266 2223 1043
is_linear=0
shrinkage=0.025


Tree=154
num_leaves=7
num_cat=0
split_feature=27 6 27 18 22 25
split_gain=2.32099 2.03966 0.592823 0.53428 0.195683 0.163141
threshold=0.17020188271999362 3.3146660327911381 0.71480849385261547 0.46275307238101965 -0.25484709441661829 -4.3370885848999015
decision_type=2 2 2 2 2 2
left_child=1 4 3 -2 -1 -3
right_child=2 5 -4 -5 -6 -7
leaf_value=0 -0.011917330890670416 2.3697875635887675e-05 0.0019051680530462155 0.00029584347246836338 0.01276050166617315 -0.0068465365336655235
leaf_weight=0.14125973126647284 5.3243988842004901 0.65629186286241781 0.60830172372516234 1.3318460133450569 6.3968779168862984 1.6376795658507033
leaf_count=136 4261 59 99 280 330 1327
internal_value=0 0.00694856 -0.00798899 -0.00985875 0.0122571 -0.00535525
internal_weight=16.0967 8.83211 7.26455 6.65624 6.53814 2.29397
internal_count=6492 1852 4640 4541 466 1386
is_linear=0
shrinkage=0.025


Tree=155
num_leaves=7
num_cat=0
split_feature=21 24 13 13 13 23
split_gain=2.57764 1.12017 0.72515 0.477751 0.118087 0.103173
threshold=0.925102859735489 -3.316931843757629 5.4592490196228036 2.2160764932632451 3.0557918548583989 -3.288956761360168
decision_type=2 2 2 2 2 2
left_child=1 4 -3 -2 -1 -5
right_child=3 2 -4 5 -6 -7
leaf_value=-0.00053991782516799719 -0.0013138147719289116 -0.013039128057331074 0.00067296431659884378 0 0.0045458424143044107 0.010993007947137175
leaf_weight=0.23430966446176071 0.38262888210010793 6.0365945258745333 1.4288228599762076 0.62443514118785959 1.585522006585961 4.7375755265093176
leaf_count=85 96 5281 512 141 102 193
internal_value=-0.000296373 -0.00743568 -0.0106961 0.00875174 0.00305882 0.0103605
internal_weight=15.0299 9.28525 7.46542 5.74464 1.81983 5.36201
internal_count=6410 5980 5793 430 187 334
is_linear=0
shrinkage=0.025


Tree=156
num_leaves=7
num_cat=0
split_feature=18 11 11 26 17 9
split_gain=2.14162 0.660017 0.560688 0.541618 0.448538 0.129197
threshold=0.14907678961753848 5.6036620140075692 2.2459126710891728 -0.79773235321044911 0.75141450762748729 5.5587589740753183
decision_type=2 2 2 2 2 2
left_child=1 4 -2 -4 -1 -3
right_child=2 5 3 -5 -6 -7
leaf_value=-0.011765045118835088 -0.0018387740614423478 0.0039684577130549284 0.010884290895183155 -0.00078029219897903152 0 -0.0011224667615160478
leaf_weight=4.4295302324826489 0.84334837283677 0.97050899618625386 6.5809305572329322 1.166986431693658 1.5571280918229602 0.43022259668214247
leaf_count=4293 222 334 703 413 304 205
internal_value=0.00015395 -0.00714548 0.00721004 0.00902015 -0.00965829 0.001773
internal_weight=15.9787 7.38739 8.59127 7.74792 5.98666 1.40073
internal_count=6474 5136 1338 1116 4597 539
is_linear=0
shrinkage=0.025


Tree=157
num_leaves=7
num_cat=0
split_feature=21 19 4 6 13 23
split_gain=2.08642 1.25569 0.740311 0.670304 0.526739 0.0795536
threshold=0.925102859735489 0.19867277890443805 -0.20420630276203153 3.5677664279937749 2.2160764932632451 -4.3057169914245597
decision_type=2 2 2 2 2 2
left_child=1 2 -1 -3 -2 -6
right_child=4 3 -4 -5 5 -7
leaf_value=0.0013109660668189909 -0.001584463971797082 0.0066346960527510854 -0.013118957678759095 -0.0043213260069013991 0 0.010847176273173839
leaf_weight=0.84742117333371325 0.4313297468179379 3.1468840075031039 4.8971186949929679 1.0130706890122381 0.71668704839248665 4.7859714610822266
leaf_count=178 100 387 4956 500 129 212
internal_value=0 -0.00589463 -0.0107891 0.00238185 0.00847927 0.010242
internal_weight=15.8385 9.90449 5.74454 4.15995 5.93399 5.50266
internal_count=6462 6021 5134 887 441 341
is_linear=0
shrinkage=0.025


Tree=158
num_leaves=7
num_cat=0
split_feature=27 6 19 15 18 13
split_gain=2.90172 1.767 0.536237 0.120781 0.0501834 0.0480002
threshold=0.16666830331087115 3.2748706340789799 0.54313117265701305 1.2656324505805971 0.53333166241645824 3.426399946212769
decision_type=2 2 2 2 2 2
left_child=1 5 4 -3 -2 -1
right_child=2 3 -4 -5 -6 -7
leaf_value=0 -0.013370167723126767 -0.0063650205749337637 0.00029382831269835348 0 0 0.011572642758961933
leaf_weight=0.27503702334797697 5.0773798256195732 1.7529230614381961 0.98273810716636933 0.36485984844330221 0.49344748187286303 5.5535951416386524
leaf_count=73 4432 1254 149 70 155 340
internal_value=-0.00225318 0.00607073 -0.0111464 -0.00527553 -0.0129402 0.0113028
internal_weight=14.5 7.94642 6.55357 2.11778 5.57083 5.82863
internal_count=6473 1737 4736 1324 4587 413
is_linear=0
shrinkage=0.025


Tree=159
num_leaves=6
num_cat=0
split_feature=21 24 6 18 16
split_gain=2.85912 1.16689 0.597761 0.405702 0.112313
threshold=0.925102859735489 -5.4482588768005362 4.1789538860321054 -0.44421078264713282 1.0207258462905886
decision_type=2 2 2 2 2
left_child=1 -1 4 -3 -2
right_child=2 3 -4 -5 -6
leaf_value=0.0029818706572956387 0.010272163490193897 0 -0.0021059930791605774 -0.013705773554715795 0
leaf_weight=1.1992918281175651 5.0221050294858296 1.2210229736156168 0.509838294063229 6.5233044226770289 0.34115973729058158
leaf_count=43 245 695 118 5323 98
internal_value=-0.00210821 -0.00941838 0.00766097 -0.0122456 0.00976064
internal_weight=14.8167 8.94362 5.8731 7.74433 5.36326
internal_count=6522 6061 461 6018 343
is_linear=0
shrinkage=0.025


Tree=160
num_leaves=7
num_cat=0
split_feature=27 5 24 18 27 24
split_gain=2.43588 1.47548 0.479884 0.467532 0.566949 0.130378
threshold=0.17020188271999362 3.9078392982482915 0.46034276485443121 0.53333166241645824 0.71480849385261547 -5.4482588768005362
decision_type=2 2 2 2 2 2
left_child=1 2 -1 4 -2 -3
right_child=3 5 -4 -5 -6 -7
leaf_value=0.012087228808937055 -0.012696064484107889 7.1511689830848599e-05 -0.00086639847771578229 0.00058127021026263515 0.0010890939394334182 -0.0058521090507057914
leaf_weight=6.3276088711136236 4.8484733734439951 0.48773020674707357 0.35881582776346466 0.93447186598496035 0.4296036916784941 1.4552246668899895
leaf_count=379 4307 28 386 175 95 1005
internal_value=-0.000417383 0.00650377 0.010784 -0.00920165 -0.010982 -0.00448429
internal_weight=14.8419 8.62938 6.68642 6.21255 5.27808 1.94295
internal_count=6375 1798 765 4577 4402 1033
is_linear=0
shrinkage=0.025


Tree=161
num_leaves=6
num_cat=0
split_feature=21 6 26 26 15
split_gain=2.33623 1.40852 0.555507 0.366046 0.0932293
threshold=0.018667518161237243 2.8445436954498295 -0.88230291008949269 -1.0072752833366392 2.9302917718887334
decision_type=2 2 2 2 2
left_child=4 2 -2 -3 -1
right_child=1 3 -4 -5 -6
leaf_value=-0.01043864531823253 0.012568233989029023 0.0014349322047152431 0 -0.0069742194292915427 0
leaf_weight=3.5053022943393457 5.876080329726391 1.8663182593591048 2.6582143136256482 1.5501055655331573 0.11730570196232282
leaf_count=3248 340 345 1303 1202 18
internal_value=0.000368986 0.00592184 0.010064 -0.00351446 -0.0100362
internal_weight=15.5733 11.9507 8.53429 3.41642 3.62261
internal_count=6456 3190 1643 1547 3266
is_linear=0
shrinkage=0.025


Tree=162
num_leaves=7
num_cat=0
split_feature=21 19 7 13 13 3
split_gain=2.84576 0.869098 0.884058 0.604134 0.277054 0.210313
threshold=0.925102859735489 0.37149070203304296 5.0568530559539804 2.2160764932632451 3.4533895254135136 1.1114910244941714
decision_type=2 2 2 2 2 2
left_child=1 2 -1 -2 -3 -5
right_child=3 4 -4 5 -6 -7
leaf_value=-0.013849435082769222 -0.0017960764277611529 -0.0026359145497175298 0.0017052016081118334 0 0.0046939743418496892 0.011414197772479579
leaf_weight=5.2558709530858305 0.46886635117698539 0.75861432337842449 0.81271528985962493 0.20000194513704617 1.6107770326198076 5.517359899735311
leaf_count=5264 105 327 262 56 126 290
internal_value=-0.000235565 -0.00818758 -0.0113724 0.00886374 0.0013029 0.0107512
internal_weight=14.6242 8.43798 6.06859 6.18623 2.36939 5.71736
internal_count=6430 5979 5526 451 453 346
is_linear=0
shrinkage=0.025


Tree=163
num_leaves=7
num_cat=0
split_feature=27 6 24 27 18 22
split_gain=1.94169 1.36359 0.605769 0.532058 0.182752 0.0805427
threshold=0.16221481561660769 3.2748706340789799 -3.6482713222503658 0.71480849385261547 0.53333166241645824 -0.099197253584861741
decision_type=2 2 2 2 2 2
left_child=1 5 -2 -4 -3 -1
right_child=2 4 3 -5 -6 -7
leaf_value=0 0.0016577531595159012 -0.0055674366869180418 -0.011150126403247735 0.0013705693635456294 0.0007279238286274104 0.01165556612787182
leaf_weight=0.28700775252946176 1.2339030268776694 1.5558632218962887 5.5701352816831786 0.3842835854156873 0.80177028063917521 5.2599605429713847
leaf_count=152 166 1140 4537 83 144 212
internal_value=0 0.00672326 -0.00719086 -0.00951477 -0.00353729 0.0112864
internal_weight=15.0929 7.9046 7.18832 5.95442 2.35763 5.54697
internal_count=6434 1648 4786 4620 1284 364
is_linear=0
shrinkage=0.025


Tree=164
num_leaves=6
num_cat=0
split_feature=21 13 27 18 24
split_gain=2.07658 1.17416 0.561853 0.19359 0.139637
threshold=0.018667518161237243 2.9645712375640874 0.22512593865394595 0.53333166241645824 -4.7863144874572745
decision_type=2 2 2 2 2
left_child=4 3 -3 -2 -1
right_child=1 2 -4 -5 -6
leaf_value=0 -0.0059761831885582874 0.011386949550783884 0 0.00062264137334518859 -0.010034866857820452
leaf_weight=0.31734143494395484 1.4043177217972691 6.7518306495549023 2.8931983294969541 0.90048915268562257 3.3480353091872548
leaf_count=27 881 667 1528 145 3231
internal_value=0.000455934 0.0056901 0.00894814 -0.00388094 -0.00932413
internal_weight=15.6152 11.9498 9.64503 2.30481 3.66538
internal_count=6479 3221 2195 1026 3258
is_linear=0
shrinkage=0.025


Tree=165
num_leaves=7
num_cat=0
split_feature=22 17 27 3 11 23
split_gain=1.86749 1.86874 0.705038 0.633446 0.303143 0.0902328
threshold=0.74925556778907787 0.51844686269760143 0.71480849385261547 3.8876817226409917 2.2204465866088872 -4.3057169914245597
decision_type=2 2 2 2 2 2
left_child=1 2 -1 -3 -2 -6
right_child=4 3 -4 -5 5 -7
leaf_value=-0.013965382798169805 -0.00043483391925056231 0.0074447989079455146 0.0014378639541154756 -0.0032824182544037048 0 0.010055116089985326
leaf_weight=5.1994872078139434 0.43892384716309685 3.1823297949013067 0.3798027101001934 1.2228947657786191 0.2654043428483418 3.8622909484402044
leaf_count=5225 69 478 82 443 94 141
internal_value=-0.000142502 -0.00587037 -0.0121421 0.00364049 0.00825042 0.00959099
internal_weight=14.5511 9.98451 5.57929 4.40522 4.56662 4.1277
internal_count=6532 6228 5307 921 304 235
is_linear=0
shrinkage=0.025


Tree=166
num_leaves=7
num_cat=0
split_feature=6 25 26 1 22 0
split_gain=1.95093 1.72331 0.746417 0.145071 0.132168 0.0816779
threshold=3.3146660327911381 0.74007445573806774 -1.0137537717819212 1.7257800102233889 0.98220717906951915 3.5882822275161748
decision_type=2 2 2 2 2 2
left_child=1 3 -3 -1 5 -2
right_child=4 2 -4 -5 -6 -7
leaf_value=0 0 0.0038052331217331655 -0.0077365930239277599 0.011452312683538718 0 -0.010559283818098439
leaf_weight=0.10729258850187573 0.45700946843135337 1.2488750599732146 3.3945291605705288 6.4989056548001827 0.43574163198354643 2.9476687253118143
leaf_count=69 324 71 3091 608 33 2251
internal_value=0 0.00535993 -0.00362078 0.0110513 -0.00922607 -0.00996804
internal_weight=15.09 11.2496 4.6434 6.6062 3.84042 3.40468
internal_count=6447 3839 3162 677 2608 2575
is_linear=0
shrinkage=0.025


Tree=167
num_leaves=7
num_cat=0
split_feature=27 13 27 21 22 11
split_gain=2.22982 1.17265 0.40258 0.398014 0.287867 0.0423095
threshold=0.16221481561660769 2.2160764932632451 0.71480849385261547 0.041003031656146056 0.74925556778907787 5.8930304050445566
decision_type=2 2 2 2 2 2
left_child=1 -1 4 -3 -2 -4
right_child=2 3 5 -5 -6 -7
leaf_value=-0.0041021802429665839 -0.010519132998824534 -0.00019164341483092007 -0.00012681998524828643 0.011767027915009262 0 0.0025499749195364175
leaf_weight=1.0555584723333575 5.2438064784364551 0.69177566596772511 0.22710998659022141 6.2945074544477393 0.9065467121254186 0.18416694144252688
leaf_count=632 4508 484 88 566 151 12
internal_value=0 0.00724369 -0.0078327 0.0104755 -0.00924772 0.00116545
internal_weight=14.6035 8.04184 6.56163 6.98628 6.15035 0.411277
internal_count=6441 1682 4759 1050 4659 100
is_linear=0
shrinkage=0.025


Tree=168
num_leaves=7
num_cat=0
split_feature=21 22 13 13 23 4
split_gain=1.86226 0.812938 0.636936 0.495654 0.233028 0.0512264
threshold=0.925102859735489 0.74925556778907787 5.4592490196228036 2.2160764932632451 -4.2331917285919181 4.6920299530029306
decision_type=2 2 2 2 2 2
left_child=1 2 -1 -2 -5 -3
right_child=3 5 -4 4 -6 -7
leaf_value=-0.010843791208127021 -0.0015017519315388657 0.0037451046353922076 0.001200130253579337 0 0.010968525422822395 0
leaf_weight=5.9216172724409244 0.42234034204739224 1.3638859708444213 1.303677513169532 0.49504659591184452 4.666628841223428 0.36329969853977662
leaf_count=5333 98 68 504 130 212 59
internal_value=0.000117167 -0.00564366 -0.00855738 0.0082466 0.0100057 0.00291703
internal_weight=14.5365 8.95248 7.22529 5.58402 5.16168 1.72719
internal_count=6404 5964 5837 440 342 127
is_linear=0
shrinkage=0.025


Tree=169
num_leaves=6
num_cat=0
split_feature=21 27 13 17 15
split_gain=2.13298 1.08351 0.634897 0.358337 0.085803
threshold=0.0059378370642662057 0.13753519207239154 2.2160764932632451 0.01482002390548587 2.9302917718887334
decision_type=2 2 2 2 2
left_child=4 2 -2 -3 -1
right_child=1 3 -4 -5 -6
leaf_value=-0.0098811456116262696 -0.001480133864173687 0.0033091242761638809 0.012253949117598832 -0.0044602578474537517 0
leaf_weight=3.2220362324151224 0.45790666440734451 0.93561283466260636 5.8806424128415529 4.0393063338196953 0.11235981239587989
leaf_count=3185 226 285 458 2276 16
internal_value=0.000664671 0.00602732 0.0104954 -0.00144622 -0.00948084
internal_weight=14.6479 11.3135 6.33855 4.97492 3.3344
internal_count=6446 3245 684 2561 3201
is_linear=0
shrinkage=0.025


Tree=170
num_leaves=6
num_cat=0
split_feature=21 13 25 21 24
split_gain=1.95226 1.25383 0.360138 0.191126 0.132854
threshold=0.018667518161237243 2.9645712375640874 0.74007445573806774 1.8499938249588015 -4.7863144874572745
decision_type=2 2 2 2 2
left_child=4 3 -3 -2 -1
right_child=1 2 -4 -5 -6
leaf_value=0 -0.0059199572907957148 0.011191856818410978 0 0.00071436601146794381 -0.0095874202211110593
leaf_weight=0.31059554210514706 1.6973012045127682 6.6280894390511076 2.6092818156612338 0.61382882855832566 3.1508683856227453
leaf_count=25 1003 712 1485 29 3240
internal_value=0.000771746 0.00584777 0.00930012 -0.00401954 -0.00887307
internal_weight=15.01 11.5485 9.23737 2.31113 3.46146
internal_count=6494 3229 2197 1032 3265
is_linear=0
shrinkage=0.025


Tree=171
num_leaves=7
num_cat=0
split_feature=6 25 26 22 2 21
split_gain=1.96113 1.44958 0.487074 0.229385 0.143787 0.115079
threshold=2.899608969688416 0.74007445573806774 -1.0385655760765073 0.9230114519596101 1.5967977643013003 1.8499938249588015
decision_type=2 2 2 2 2 2
left_child=1 4 -3 5 -1 -2
right_child=3 2 -4 -5 -6 -7
leaf_value=0 -0.011065912418464607 0.0029191596249603046 -0.0066213270025195989 0 0.011199966191031913 0
leaf_weight=0.1013869964372115 3.2427130136202336 0.92747339958441388 3.0098840319624296 0.7978709177696145 5.6048124289081898 0.38303197093773622
leaf_count=57 3085 39 2742 65 455 25
internal_value=-3.92609e-05 0.00542939 -0.00329883 -0.00917951 0.0107637 -0.0104249
internal_weight=14.0672 9.64356 3.93736 4.42362 5.7062 3.62574
internal_count=6468 3293 2781 3175 512 3110
is_linear=0
shrinkage=0.025


Tree=172
num_leaves=7
num_cat=0
split_feature=26 22 5 27 22 10
split_gain=1.74432 0.91471 0.851524 0.547577 0.150367 0.069045
threshold=-0.99653384089469899 0.74925556778907787 4.0280480384826669 0.71480849385261547 -0.099197253584861741 2.615546822547913
decision_type=2 2 2 2 2 2
left_child=2 3 4 -2 -1 -3
right_child=1 5 -4 -5 -6 -7
leaf_value=0 -0.011315153690441672 0 -0.0026763870158579822 0.0014047040135951282 0.010927212024527611 0.0038442529912332923
leaf_weight=0.33339024611632329 5.8369090980268066 0.29498018706362916 1.2323270293345556 0.37783865534584027 4.5025317524559805 1.5021251321886664
leaf_count=163 5127 59 623 81 181 132
internal_value=0 -0.00642477 0.00706907 -0.00970303 0.010286 0.00279073
internal_weight=14.0801 8.01185 6.06825 6.21475 4.83592 1.79711
internal_count=6366 5399 967 5208 344 191
is_linear=0
shrinkage=0.025


Tree=173
num_leaves=7
num_cat=0
split_feature=6 25 26 22 18 22
split_gain=1.68315 1.59686 0.385877 0.300693 0.262023 0.0862215
threshold=2.899608969688416 0.47176826000213629 -1.0137537717819212 0.9230114519596101 0.53333166241645824 0.046454247087240226
decision_type=2 2 2 2 2 2
left_child=1 5 -3 4 -2 -1
right_child=3 2 -4 -5 -6 -7
leaf_value=0 -0.011085597501180447 0.002140767644553657 -0.0065719957181697075 8.7997277005291539e-05 0 0.011217843347819842
leaf_weight=0.18077124331466432 3.1951803476113141 0.78973521772422772 3.0133365983128906 0.85080115642631415 0.80183638758171571 5.465418150597543
leaf_count=105 2938 47 2776 58 217 359
internal_value=0 0.00523847 -0.00386446 -0.00815835 -0.00968174 0.0108923
internal_weight=14.2971 9.44926 3.80307 4.84782 3.99702 5.64619
internal_count=6500 3287 2823 3213 3155 464
is_linear=0
shrinkage=0.025


Tree=174
num_leaves=5
num_cat=0
split_feature=6 25 27 2
split_gain=1.76236 1.421 0.698635 0.116063
threshold=3.3146660327911381 0.74007445573806774 0.091795228421688094 1.5967977643013003
decision_type=2 2 2 2
left_child=1 3 -3 -1
right_child=-2 2 -4 -5
leaf_value=0 -0.01023309303043545 0.0034937729393150702 -0.0078587574752800472 0.0099589145957367543
leaf_weight=0.092612579872364154 3.3246744947682609 1.1491623966721816 3.1538836491090478 5.7437596340096206
leaf_count=58 2612 67 3094 611
internal_value=-0.000963952 0.00403838 -0.00390685 0.00957279
internal_weight=13.4641 10.1394 4.30305 5.83637
internal_count=6442 3830 3161 669
is_linear=0
shrinkage=0.025


Tree=175
num_leaves=7
num_cat=0
split_feature=22 17 7 6 24 25
split_gain=1.7192 1.28144 0.736983 0.351992 0.319248 0.174159
threshold=0.62353724241256725 0.7178199589252473 5.0568530559539804 3.9529620409011845 0.46034276485443121 -0.66525912284851063
decision_type=2 2 2 2 2 2
left_child=1 2 -1 5 -3 -2
right_child=3 4 -4 -5 -6 -7
leaf_value=-0.012507694329998251 0.01019842095220133 0.0059203666512108481 0.0015207564249527694 -0.00090664213654529638 -0.0020771433150182195 0
leaf_weight=5.1845267507815134 4.2508447678628727 2.6230634973035198 0.8167120167199754 0.30174907522450656 0.54777923102665216 0.36274304849212136
leaf_count=5355 183 141 262 87 314 118
internal_value=0 -0.00555186 -0.010207 0.00801946 0.00334822 0.0094213
internal_weight=14.0874 9.17208 6.00124 4.91534 3.17084 4.61359
internal_count=6460 6072 5617 388 455 301
is_linear=0
shrinkage=0.025


Tree=176
num_leaves=7
num_cat=0
split_feature=26 6 13 11 21 22
split_gain=1.67337 1.19741 0.395604 0.230915 0.183269 0.181558
threshold=-0.93846106529235829 3.1866152286529545 5.4592490196228036 5.9224390983581552 1.8499938249588015 1.3153609633445742
decision_type=2 2 2 2 2 2
left_child=1 -1 5 -4 -3 -2
right_child=2 4 3 -5 -6 -7
leaf_value=0.010636580496026947 -0.0097256657535667347 -0.0050808192705308263 0.004130368005682201 -0.0027724786119739191 0.0010678993940054261 0
leaf_weight=5.3377817299988237 4.6233447955528391 2.0570065792344399 0.98262005137075881 0.65074525470117806 0.53538054990349326 0.20402534981258202
leaf_count=375 4108 1392 258 348 14 11
internal_value=0 0.0061882 -0.00693194 0.000421182 -0.00312078 -0.00900434
internal_weight=14.3909 7.93017 6.46074 1.63337 2.59239 4.82737
internal_count=6506 1781 4725 606 1406 4119
is_linear=0
shrinkage=0.025


Tree=177
num_leaves=7
num_cat=0
split_feature=22 6 3 27 18 16
split_gain=1.402 1.00482 0.661098 0.463759 0.251027 0.126514
threshold=0.03394336253404618 2.899608969688416 1.178652882575989 0.71480849385261547 0.53333166241645824 -1.1954106688499448
decision_type=2 2 2 2 2 2
left_child=3 2 -2 4 -1 -3
right_child=1 5 -4 -5 -6 -7
leaf_value=-0.010308820596161325 -0.0015179319973225652 0.00040205222724014501 0.010837401669449728 0.0016790610582713022 4.3489094449162917e-05 -0.004863980510051439
leaf_weight=3.839170437575377 1.0535845797130585 0.4925826643884651 6.1428468564918148 0.33871511626057316 0.3163761339674237 1.98656181422848
leaf_count=4493 421 22 562 68 69 849
internal_value=0 0.00501148 0.00863536 -0.00731244 -0.00924469 -0.00341272
internal_weight=14.1698 9.67558 7.19643 4.49426 4.15555 2.47914
internal_count=6484 1854 983 4630 4562 871
is_linear=0
shrinkage=0.025


Tree=178
num_leaves=7
num_cat=0
split_feature=6 26 24 14 24 15
split_gain=1.60603 1.8102 0.376383 0.350609 0.148487 0.119322
threshold=3.3146660327911381 -0.88230291008949269 0.46034276485443121 0.099766124039888396 -5.4482588768005362 1.2656324505805971
decision_type=2 2 2 2 2 2
left_child=1 2 -1 -3 -2 -6
right_child=4 3 -4 -5 5 -7
leaf_value=0.011949599984409512 0 0.0015569323587942341 -0.0004416346969713334 -0.0069151965849630712 -0.0098496270739994278 0
leaf_weight=6.3458031235277295 0.40301691892091218 0.94179543537757071 0.29058359793270927 2.9185188460978679 2.668992323240674 0.48133466645958822
leaf_count=457 26 967 393 2045 2450 135
internal_value=0.000262742 0.00525816 0.0109133 -0.00443067 -0.0082107 -0.00906287
internal_weight=14.05 10.4967 6.63639 3.86031 3.55334 3.15033
internal_count=6473 3862 850 3012 2611 2585
is_linear=0
shrinkage=0.025


Tree=179
num_leaves=7
num_cat=0
split_feature=26 22 13 27 22 13
split_gain=1.20786 0.850663 0.641567 0.469694 0.200888 0.0717746
threshold=-1.0015391111373899 0.74925556778907787 2.2160764932632451 0.71480849385261547 -0.25484709441661829 3.0557918548583989
decision_type=2 2 2 2 2 2
left_child=2 3 -1 -2 -4 -3
right_child=1 5 4 -5 -6 -7
leaf_value=-0.0025040707774048906 -0.0096556135882876273 0 0 0.0014865473889865012 0.00995760165992126 0.004279097690970477
leaf_weight=0.69309215024986848 6.1535470933304151 0.14884974973392662 0.18391554309346236 0.36843860287626728 4.4874479001446161 1.7389085316972339
leaf_count=411 5258 40 169 85 329 154
internal_value=0 -0.00476937 0.00658833 -0.00811179 0.00918075 0.0033767
internal_weight=13.7742 8.40974 5.36446 6.52199 4.67136 1.88776
internal_count=6446 5537 909 5343 498 194
is_linear=0
shrinkage=0.025


Tree=180
num_leaves=7
num_cat=0
split_feature=21 19 26 13 13 23
split_gain=1.67776 1.44632 0.626816 0.50174 0.390735 0.165143
threshold=0.925102859735489 0.24833724647760394 -0.39754366874694819 2.9645712375640874 2.2160764932632451 -4.3057169914245597
decision_type=2 2 2 2 2 2
left_child=1 2 -1 -3 -2 -6
right_child=4 3 -4 -5 5 -7
leaf_value=-0.012739311208726576 -0.0010747139009612066 -0.0029501754591251283 0.001427318299919155 0.0069364273138986399 0 0.010316060213877286
leaf_weight=4.5387699789134777 0.35837694740621451 0.75812953709100872 0.37839439351227966 2.7559270276105963 0.56416532497678407 4.5820155986148166
leaf_count=5224 92 384 85 338 141 218
internal_value=0.000390451 -0.00526979 -0.0108489 0.00358947 0.00803682 0.00950426
internal_weight=13.9358 8.43122 4.91716 3.51406 5.50456 5.14618
internal_count=6482 6031 5309 722 451 359
is_linear=0
shrinkage=0.025


Tree=181
num_leaves=7
num_cat=0
split_feature=21 22 7 13 23 11
split_gain=1.46712 0.856633 0.61763 0.328574 0.188444 0.0995874
threshold=0.925102859735489 0.74925556778907787 5.0568530559539804 2.2160764932632451 -4.3057169914245597 2.4790947437286381
decision_type=2 2 2 2 2 2
left_child=1 2 -1 -2 -5 -3
right_child=3 5 -4 4 -6 -7
leaf_value=-0.010953232239632165 -0.0010497754042265214 -0.00031045559221957487 0.0014608440095364766 0 0.0092598793546784814 0.0043749503131012626
leaf_weight=5.8276558450452267 0.35827618735493238 0.25992807111470018 0.82385445164982218 0.56258366812835436 4.1405106671882095 1.4009086981677681
leaf_count=5589 95 66 268 138 219 64
internal_value=-0.000147356 -0.00581936 -0.00891216 0.0068094 0.00828467 0.00302074
internal_weight=13.3737 8.31235 6.65151 5.06137 4.70309 1.66084
internal_count=6439 5987 5857 452 357 130
is_linear=0
shrinkage=0.025


Tree=182
num_leaves=7
num_cat=0
split_feature=24 17 4 6 10 23
split_gain=1.68944 1.43271 0.734565 0.281911 0.280069 0.105264
threshold=-3.5142350196838374 0.51844686269760143 3.1296335458755498 3.9529620409011845 6.9753286838531503 -6.2159631252288809
decision_type=2 2 2 2 2 2
left_child=3 4 -3 5 -2 -1
right_child=1 2 -4 -5 -6 -7
leaf_value=0 -0.012598435312919452 0.0069138872714699338 -0.0045914490917920176 -0.00066495446406566658 0 0.0092223460687965875
leaf_weight=0.200630709077814 4.9275601965637161 3.2181696988773183 0.94582157096738217 0.26142375395284023 0.28133343426452473 3.7519412209658194
leaf_count=87 5247 473 432 67 22 179
internal_value=-0.000840168 -0.00626596 0.00253924 0.00740111 -0.0117133 0.00870614
internal_weight=13.5869 9.37288 4.16399 4.214 5.20889 3.95257
internal_count=6507 6174 905 333 5269 266
is_linear=0
shrinkage=0.025


Tree=183
num_leaves=7
num_cat=0
split_feature=22 27 6 5 19 16
split_gain=1.91703 1.01977 0.324566 0.238109 0.136298 0.108866
threshold=0.6799285113811494 0.077164761722087874 3.3308292627334599 4.0280480384826669 0.50143873691558849 0.56447991728782665
decision_type=2 2 2 2 2 2
left_child=1 3 5 -1 -3 -2
right_child=2 4 -4 -5 -6 -7
leaf_value=0.0050330593823789786 0.0094801010769498609 -0.011535000698312299 -0.00077046934779273794 -0.0018709542856158675 0 0
leaf_weight=1.6170984435811973 3.4441889640875174 5.7534792010192177 0.47415215511864506 0.58095687132299634 0.51204680830414862 0.34829295372765035
leaf_count=129 137 5402 106 455 120 107
internal_value=-0.00149687 -0.00744678 0.00728101 0.00230792 -0.0109292 0.00886418
internal_weight=12.7302 8.46358 4.26663 2.19806 6.26553 3.79248
internal_count=6456 6106 350 584 5522 244
is_linear=0
shrinkage=0.025


Tree=184
num_leaves=6
num_cat=0
split_feature=21 26 13 24 24
split_gain=1.92722 0.909722 0.661341 0.348959 0.245024
threshold=0.22057909518480304 -0.88230291008949269 2.2160764932632451 -4.7863144874572745 -3.6482713222503658
decision_type=2 2 2 2 2
left_child=3 2 -2 -1 -3
right_child=1 4 -4 -5 -6
leaf_value=0.00033451792624705876 -0.0020047928099792998 0.0014275379621296784 0.010722611654187524 -0.010753699965474709 -0.0056402918846025748
leaf_weight=0.55760147745604527 0.55485942571249314 0.90586800655000876 6.377698499156395 3.7349355803889939 1.4391545122780351
leaf_count=36 251 111 680 4338 1001
internal_value=-0.000153436 0.00537377 0.00876696 -0.00923577 -0.00294592
internal_weight=13.5701 9.27758 6.93256 4.29254 2.34502
internal_count=6417 2043 931 4374 1112
is_linear=0
shrinkage=0.025


Tree=185
num_leaves=7
num_cat=0
split_feature=25 6 26 2 18 0
split_gain=1.95512 1.55316 0.564476 0.145744 0.14049 0.0760365
threshold=0.74007445573806774 3.1866152286529545 -1.0347015261650083 1.5967977643013003 1.1718809604644778 3.5882822275161748
decision_type=2 2 2 2 2 2
left_child=1 3 -2 -1 -4 -3
right_child=2 5 4 -5 -6 -7
leaf_value=0 0.00078443732157140148 0 -0.01199207827041779 0.010942124593703095 0 -0.005628912228210786
leaf_weight=0.10569511156063338 1.1648146484076267 0.30079234540608046 3.7831354569207201 5.7988144200135139 0.1216621035709976 1.9464094659051623
leaf_count=68 321 85 4426 568 2 959
internal_value=-0.000664132 0.00554035 -0.00905859 0.0104984 -0.0114885 -0.00487977
internal_weight=13.2213 8.15171 5.06961 5.90451 3.9048 2.2472
internal_count=6429 1680 4749 636 4428 1044
is_linear=0
shrinkage=0.025


Tree=186
num_leaves=7
num_cat=0
split_feature=18 27 27 13 5 3
split_gain=1.32945 0.653483 0.468017 0.460594 0.197034 0.0673103
threshold=0.46275307238101965 0.12796683609485629 0.71480849385261547 2.9645712375640874 4.0280480384826669 1.178652882575989
decision_type=2 2 2 2 2 2
left_child=1 3 -3 -1 5 -2
right_child=4 2 -4 -5 -6 -7
leaf_value=-0.003653209655942723 0 -0.010102651500355518 0.0013432290606407292 0.0056146797211205322 -2.9153497382391316e-05 0.0085228924912223759
leaf_weight=0.93921782662800835 0.0344255933887333 4.8803888084366918 0.38991711767448567 2.2459259156385087 0.40882460430293566 4.0733441517804749
leaf_count=709 21 4786 99 286 118 400
internal_value=0 -0.0050048 -0.00840561 0.00155603 0.0072039 0.0082308
internal_weight=12.972 8.45545 5.27031 3.18514 4.51659 4.10777
internal_count=6419 5880 4885 995 539 421
is_linear=0
shrinkage=0.025


Tree=187
num_leaves=7
num_cat=0
split_feature=21 19 3 6 13 3
split_gain=1.40702 0.784872 0.637235 0.388427 0.352254 0.147951
threshold=0.925102859735489 0.19867277890443805 -0.2152161970734596 3.0430790185928349 2.2160764932632451 1.1114910244941714
decision_type=2 2 2 2 2 2
left_child=1 2 -1 -3 -2 -6
right_child=4 3 -4 -5 5 -7
leaf_value=0.0015300392748595071 -0.0010000778639977226 0.0055471495098310302 -0.011341647207170567 -0.0028528479841966187 0 0.0095523458385627369
leaf_weight=0.79169429787725576 0.34945643116952929 2.293827699766553 3.8964697755072839 1.2003685672971185 0.17749369001830917 4.7415856963561964
leaf_count=172 94 281 4955 573 54 297
internal_value=0.00043429 -0.00478047 -0.00885504 0.001945 0.00752599 0.00896059
internal_weight=13.4509 8.18236 4.68816 3.4942 5.26854 4.91908
internal_count=6426 5981 5127 854 445 351
is_linear=0
shrinkage=0.025


Tree=188
num_leaves=7
num_cat=0
split_feature=6 25 27 21 22 18
split_gain=1.63217 1.30325 0.498588 0.280334 0.114998 0.0366011
threshold=3.3146660327911381 0.74007445573806774 0.091795228421688094 1.8499938249588015 -0.099197253584861741 1.0158400535583498
decision_type=2 2 2 2 2 2
left_child=1 4 -3 5 -1 -2
right_child=3 2 -4 -5 -6 -7
leaf_value=0 -0.0095297596156778061 0.0032461042707731579 -0.0062581460649708629 0.00023151002032288691 0.011161777008887907 0
leaf_weight=0.091126343257201259 2.7066506589180808 1.0696737721300453 2.8818762594382861 0.6447479209746233 5.9267522902591718 0.09950871457112942
leaf_count=83 2570 63 3047 32 599 17
internal_value=0.000986904 0.00598349 -0.00261107 -0.00770809 0.0108181 -0.0093128
internal_weight=13.4203 9.96943 3.95155 3.45091 6.01788 2.80616
internal_count=6411 3792 3110 2619 682 2587
is_linear=0
shrinkage=0.025


Tree=189
num_leaves=7
num_cat=0
split_feature=18 17 6 4 12 17
split_gain=1.64713 0.444226 0.420106 0.406943 0.110411 0.102035
threshold=0.14907678961753848 0.83499798178672802 3.2748706340789799 0.81888815760612499 3.3079409599304204 1.1301875710487368
decision_type=2 2 2 2 2 2
left_child=1 -1 3 -2 -3 -4
right_child=2 4 5 -5 -6 -7
leaf_value=-0.010336954780671833 -0.0010592089925269617 -0.0017498615756354301 -0.0035131432303509001 0.0091186589188814553 0.0029639919554641969 0.0009231066305787558
leaf_weight=4.2264901084417943 0.67362789272738144 0.49778658975264978 0.83852320795995161 5.0361915249523008 1.0034454959968568 0.55975258746184409
leaf_count=4907 216 170 613 498 67 22
internal_value=-0.000957191 -0.00812847 0.00527562 0.00740041 0.000295913 -0.00142684
internal_weight=12.8358 5.72772 7.1081 5.70982 1.50123 1.39828
internal_count=6493 5144 1349 714 237 635
is_linear=0
shrinkage=0.025


Tree=190
num_leaves=7
num_cat=0
split_feature=22 17 7 12 11 3
split_gain=1.50159 1.03138 0.726719 0.331916 0.287337 0.166304
threshold=0.62353724241256725 0.66836953163146984 5.0568530559539804 2.8843159675598149 2.2204465866088872 1.178652882575989
decision_type=2 2 2 2 2 2
left_child=1 2 -1 -3 -2 -6
right_child=4 3 -4 -5 5 -7
leaf_value=-0.012024494574198304 -0.00040976995699075491 -0.0024146277220401958 0.0017116869132879572 0.0055921135135723228 0 0.0097546883533485215
leaf_weight=4.5548228873740282 0.50376165304624088 0.6116598098597027 0.77432867939933192 2.576892738827155 0.095626468013506272 4.0301828188967193
leaf_count=5271 93 208 262 334 47 268
internal_value=0 -0.00517376 -0.0095611 0.00275638 0.00773847 0.00909765
internal_weight=13.1473 8.5177 5.32915 3.18855 4.62957 4.12581
internal_count=6483 6075 5533 542 408 315
is_linear=0
shrinkage=0.025


Tree=191
num_leaves=6
num_cat=0
split_feature=21 6 26 20 20
split_gain=1.34302 1.11421 0.399833 0.128083 0.0685174
threshold=0.0059378370642662057 3.3146660327911381 -0.88230291008949269 0.60926595330238353 2.7990188598632817
decision_type=2 2 2 2 2
left_child=4 2 -2 -3 -1
right_child=1 3 -4 -5 -6
leaf_value=-0.0086519913900519885 0.010403405238182385 -0.0056647466379750487 0 6.6712165064938776e-05 0
leaf_weight=2.6861811892595155 5.3408870790808569 1.6673314844229028 2.3808582000929155 0.57649840071826464 0.09693407608574478
leaf_count=3185 478 1140 1492 151 20
internal_value=0 0.0045281 0.00826634 -0.00429976 -0.00827179
internal_weight=12.7487 9.96558 7.72175 2.24383 2.78312
internal_count=6466 3261 1970 1291 3205
is_linear=0
shrinkage=0.025


Tree=192
num_leaves=7
num_cat=0
split_feature=6 25 26 22 15 22
split_gain=1.45628 1.07672 0.388225 0.265552 0.125903 0.0748095
threshold=2.899608969688416 0.74007445573806774 -1.028134763240814 0.9230114519596101 1.2656324505805971 -0.099197253584861741
decision_type=2 2 2 2 2 2
left_child=1 5 -3 4 -2 -1
right_child=3 2 -4 -5 -6 -7
leaf_value=0 -0.0098014958796129696 0.002744727797772668 -0.0057221163033397693 2.1585326220637855e-05 0 0.010289982960176103
leaf_weight=0.064325870618631487 2.9002202177580343 0.92532915033370899 2.672198693428073 0.9060224157583433 0.45711299858521659 5.033283303571805
leaf_count=57 3018 44 2711 62 144 447
internal_value=0 0.00537637 -0.00248767 -0.00745125 -0.00902215 0.0100289
internal_weight=12.9585 8.69514 3.59753 4.26336 3.35733 5.09761
internal_count=6483 3259 2755 3224 3162 504
is_linear=0
shrinkage=0.025


Tree=193
num_leaves=7
num_cat=0
split_feature=6 21 26 22 18 24
split_gain=1.65684 1.23171 0.320606 0.0412122 0.0365571 0.0437226
threshold=3.3146660327911381 0.0059378370642662057 -0.88230291008949269 1.2008115053176882 0.67047435045242321 -5.4482588768005362
decision_type=2 2 2 2 2 2
left_child=1 3 -3 -1 5 -2
right_child=4 2 -4 -5 -6 -7
leaf_value=-0.0052199839435288012 0 0.010907821399538605 0 0 0 -0.0093505814967740665
leaf_weight=1.510209303240116 0.24635705724358636 5.4561511610227145 2.6620479839548361 0.087297933176159748 0.51537043681310013 2.5524479920932217
leaf_count=1839 21 468 1509 2 110 2460
internal_value=9.18702e-05 0.00537734 0.00891971 -0.00479412 -0.00856668 -0.0090093
internal_weight=13.0299 9.71571 8.1182 1.59751 3.31418 2.79881
internal_count=6409 3818 1977 1841 2591 2481
is_linear=0
shrinkage=0.025


Tree=194
num_leaves=5
num_cat=0
split_feature=21 6 14 26
split_gain=1.54651 0.907505 0.275838 0.258419
threshold=0.018667518161237243 2.899608969688416 0.39495874941349035 -1.0072752833366392
decision_type=2 2 2 2
left_child=-1 2 -2 -3
right_child=1 3 -4 -5
leaf_value=-0.0086758581325580321 0.010553184726449318 0.0012365623150021033 0 -0.0057794473305532879
leaf_weight=2.7012955313766733 4.5984950194469985 1.7570692784138375 2.7014787744337809 1.2744570020804529
leaf_count=3217 1053 350 675 1142
internal_value=0.000224109 0.0050293 0.00853774 -0.00269654
internal_weight=13.0328 10.3315 7.29997 3.03153
internal_count=6437 3220 1728 1492
is_linear=0
shrinkage=0.025


Tree=195
num_leaves=6
num_cat=0
split_feature=21 13 14 21 24
split_gain=1.23339 0.843675 0.260587 0.142516 0.100408
threshold=0.0059378370642662057 3.1725608110427861 0.44002763926982885 1.8499938249588015 -4.7863144874572745
decision_type=2 2 2 2 2
left_child=4 3 -3 -2 -1
right_child=1 2 -4 -5 -6
leaf_value=0 -0.004926229668525693 0.0095743710258530765 0 0.00058086264608166248 -0.0083421328763007094
leaf_weight=0.2872502462123524 1.7537685876523013 5.0032056576528703 2.5500195992135559 0.60709683276945714 2.6172035479685301
leaf_count=23 1179 1393 719 28 3174
internal_value=1.42535e-05 0.00451134 0.00775069 -0.00322838 -0.00768915
internal_weight=12.8185 9.91409 7.55323 2.36087 2.90445
internal_count=6516 3319 2112 1207 3197
is_linear=0
shrinkage=0.025


Tree=196
num_leaves=7
num_cat=0
split_feature=13 21 6 24 15 1
split_gain=1.26043 1.01132 0.350333 0.142892 0.122529 0.0397677
threshold=3.426399946212769 0.0059378370642662057 -0.15069099515676496 -5.4482588768005362 1.2656324505805971 6.5411970615386972
decision_type=2 2 2 2 2 2
left_child=3 5 -3 -1 -5 -2
right_child=1 2 -4 4 -6 -7
leaf_value=0 -0.0049643655735551453 -0.00033305132145649338 0.0093975211392967675 -0.0093561937411828829 0 0
leaf_weight=0.43683883867925066 1.4310477693506962 1.0058225165776082 6.2357540825032638 2.7465154324163463 0.45082063045992971 0.087171420454978832
leaf_count=34 1773 290 1568 2614 143 1
internal_value=0 0.00447491 0.00795143 -0.00770232 -0.00856633 -0.00452794
internal_weight=12.394 8.7598 7.24158 3.63417 3.19734 1.51822
internal_count=6423 3632 1858 2791 2757 1774
is_linear=0
shrinkage=0.025


Tree=197
num_leaves=7
num_cat=0
split_feature=18 12 26 6 14 8
split_gain=1.57458 0.512632 0.424812 0.304666 0.113656 0.0713264
threshold=0.14907678961753848 5.9062838554382333 -0.89360073208808888 4.6524088382720956 0.27955849468708044 5.2906944751739511
decision_type=2 2 2 2 2 2
left_child=1 -1 3 -2 -4 -3
right_child=2 5 4 -5 -6 -7
leaf_value=-0.01010199477647912 0.0090212821055757533 0.0031678614283948353 0.0011376451803675103 -0.00067649249965353545 -0.0034776442515963555 -0.00054551876996368346
leaf_weight=4.2451647943889839 4.8256975094991503 0.36117049412132463 1.0368165040708843 0.32317221046105249 0.85929319683782512 0.31723461142973974
leaf_count=4793 505 96 210 165 459 179
internal_value=-0.000458571 -0.00799227 0.00541973 0.00776336 -0.00105259 0.0013794
internal_weight=11.9685 4.92357 7.04498 5.14887 1.89611 0.678405
internal_count=6407 5068 1339 670 669 275
is_linear=0
shrinkage=0.025


Tree=198
num_leaves=7
num_cat=0
split_feature=26 13 24 26 21 10
split_gain=1.22895 0.576901 0.530646 0.47341 0.180027 0.0358475
threshold=-0.99653384089469899 2.2160764932632451 -3.6482713222503658 -0.39754366874694819 -0.15788888931274411 2.615546822547913
decision_type=2 2 2 2 2 2
left_child=1 -1 5 -4 -3 -2
right_child=2 4 3 -5 -6 -7
leaf_value=-0.0023950794950307152 0 0 -0.0098927087604992608 0.0014453539667836867 0.009465369291040587 0.0025825025347911753
leaf_weight=0.66748742291383667 0.27833457892120339 0.18559833862673247 5.2505334142770153 0.37677141040330742 3.9723820252838777 1.1944531160697804
leaf_count=440 62 167 5194 95 349 140
internal_value=-0.000240795 0.0060807 -0.00579097 -0.00822261 0.00868857 0.00170914
internal_weight=11.9256 4.82547 7.10009 5.6273 4.15798 1.47279
internal_count=6447 956 5491 5289 516 202
is_linear=0
shrinkage=0.025


Tree=199
num_leaves=7
num_cat=0
split_feature=27 6 24 27 24 10
split_gain=1.28973 0.700554 0.658001 0.517731 0.258847 0.0460697
threshold=0.12988281995058062 4.6524088382720956 -3.6482713222503658 0.71480849385261547 0.46034276485443121 2.1531234979629521
decision_type=2 2 2 2 2 2
left_child=1 4 5 -4 -1 -2
right_child=2 -3 3 -5 -6 -7
leaf_value=0.010012057188445908 0 -0.0028526174660617213 -0.010468642880757686 0.0015499066284382511 -0.00019929211362008546 0.0031229189711877115
leaf_weight=4.7425839509814978 0.17283453700656526 0.76588696197723027 4.7697725184189039 0.35628688798169594 0.25022032863489574 1.3610501232906242
leaf_count=378 39 513 4903 88 317 157
internal_value=0 0.00627856 -0.00572357 -0.00866324 0.0090312 0.00225562
internal_weight=12.4186 5.75869 6.65994 5.12606 4.9928 1.53388
internal_count=6395 1208 5187 4991 695 196
is_linear=0
shrinkage=0.025


Tree=200
num_leaves=5
num_cat=0
split_feature=6 26 22 21
split_gain=1.39407 0.887774 0.327911 0.133114
threshold=3.3146660327911381 -0.93147119879722584 0.74925556778907787 -0.15788888931274411
decision_type=2 2 2 2
left_child=1 3 -3 -1
right_child=-2 2 -4 -5
leaf_value=0 -0.0092944348969067284 -0.0052600120382426969 0.0023336688522578577 0.009197799408846602
leaf_weight=0.14476343651040213 2.9592038724476888 3.1923480333643957 1.1025172932349958 4.2378156627819399
leaf_count=125 2609 3238 122 343
internal_value=-0.00093963 0.00380875 -0.00243151 0.00862712
internal_weight=11.6366 8.67744 4.29487 4.38258
internal_count=6437 3828 3360 468
is_linear=0
shrinkage=0.025


Tree=201
num_leaves=7
num_cat=0
split_feature=27 22 6 21 17 17
split_gain=1.62689 0.750364 0.722691 0.278584 0.222462 0.0451433
threshold=0.12988281995058062 0.74925556778907787 4.6524088382720956 0.18131413310766223 0.66836953163146984 0.63167250156402599
decision_type=2 2 2 2 2 2
left_child=2 4 3 -1 -2 -3
right_child=1 5 -4 -5 -6 -7
leaf_value=-7.3334278448695158e-05 -0.010859471085056537 0.0032569842383552761 -0.0026849897224865637 0.010694330829447631 0 0
leaf_weight=0.37767918065219408 3.9155758968663577 1.231937733471568 0.73666803273954418 4.7924001220890204 1.411731888860231 0.19480719917919476
leaf_count=354 4669 75 521 348 376 91
internal_value=0 -0.00639886 0.00700721 0.00964386 -0.00939916 0.00242821
internal_weight=12.6608 6.75405 5.90675 5.17008 5.32731 1.42674
internal_count=6434 5211 1223 702 5045 166
is_linear=0
shrinkage=0.025


Tree=202
num_leaves=7
num_cat=0
split_feature=21 19 7 13 10 3
split_gain=1.07244 0.860021 0.677429 0.294718 0.291703 0.164764
threshold=0.925102859735489 0.24833724647760394 5.0568530559539804 2.9645712375640874 0.32467211782932287 1.178652882575989
decision_type=2 2 2 2 2 2
left_child=1 2 -1 -3 -2 -6
right_child=4 3 -4 -5 5 -7
leaf_value=-0.011453843111882226 -0.00086725011518538886 -0.0022365608050080041 0.0017269627138043924 0.0052867303336178954 0 0.0086188079809900887
leaf_weight=3.8087112959983642 0.43117895090836089 0.6291191135242119 0.76245094055047946 2.4591146134625887 0.1922249543131328 4.2502952156864922
leaf_count=4965 64 368 277 330 65 328
internal_value=0 -0.00456954 -0.00884867 0.00254622 0.00641197 0.00786549
internal_weight=12.5331 7.6594 4.57116 3.08823 4.8737 4.44252
internal_count=6397 5940 5242 698 457 393
is_linear=0
shrinkage=0.025


Tree=203
num_leaves=7
num_cat=0
split_feature=27 5 24 19 21 15
split_gain=1.45732 0.852503 0.634957 0.191573 0.171698 0.0127511
threshold=0.12988281995058062 4.141651153564454 -4.2244420051574698 0.54313117265701305 0.041003031656146056 0.42192418873310095
decision_type=2 2 2 2 2 2
left_child=1 4 5 -4 -1 -2
right_child=2 -3 3 -5 -6 -7
leaf_value=0 0.0021439635577117345 -0.0036401301645557905 -0.01053180175376358 0 0.0097529003657606042 0
leaf_weight=0.17171057840459969 0.97234915039734893 0.91625614684744494 4.907016404580645 0.47656035470572522 4.3685408087258111 0.24993642917252146
leaf_count=174 63 695 5046 93 354 69
internal_value=-0.00109204 0.00561261 -0.00720077 -0.00971067 0.00906415 0.00176951
internal_weight=12.0624 5.45651 6.60586 5.38358 4.54025 1.22229
internal_count=6494 1223 5271 5139 528 132
is_linear=0
shrinkage=0.025


Tree=204
num_leaves=7
num_cat=0
split_feature=6 25 26 24 21 3
split_gain=1.21963 0.881227 0.302854 0.277933 0.105358 0.0997607
threshold=2.899608969688416 0.74007445573806774 -1.0137537717819212 -5.4482588768005362 1.8499938249588015 1.178652882575989
decision_type=2 2 2 2 2 2
left_child=1 5 -3 -2 -5 -1
right_child=3 2 -4 4 -6 -7
leaf_value=0 0.00038097327329503195 0.0023235762177984082 -0.005169142463818859 -0.0092810912353416871 0 0.0096010103090901511
leaf_weight=0.079354923989738313 0.68328097776975472 0.85376320822251672 2.513789133136016 3.0151842375380524 0.43108428645064112 4.5532218287044088
leaf_count=36 32 52 2710 3083 28 471
internal_value=0 0.00488781 -0.00226926 -0.00703385 -0.00859919 0.00921668
internal_weight=12.1297 8.00013 3.36755 4.12955 3.44627 4.63258
internal_count=6412 3269 2762 3143 3111 507
is_linear=0
shrinkage=0.025


Tree=205
num_leaves=6
num_cat=0
split_feature=21 6 25 21 24
split_gain=1.23362 0.888765 0.291762 0.106523 0.0930074
threshold=0.0059378370642662057 3.3146660327911381 2.6968485116958623 1.8499938249588015 -4.7863144874572745
decision_type=2 2 2 2 2
left_child=4 2 -2 -3 -1
right_child=1 3 -4 -5 -6
leaf_value=0 0.0096309898930023192 -0.0045617013648272227 0 0.0002113762574819204 -0.0078106205988551641
leaf_weight=0.27543189626885611 6.3940200748256739 1.6141749995003922 1.2911661524703957 0.63192155031720165 2.4052195988188041
leaf_count=26 1262 1229 724 27 3174
internal_value=0.000857859 0.00511299 0.00830299 -0.00313706 -0.0071589
internal_weight=12.6119 9.93128 7.68519 2.2461 2.68065
internal_count=6442 3242 1986 1256 3200
is_linear=0
shrinkage=0.025


Tree=206
num_leaves=7
num_cat=0
split_feature=24 17 2 11 10 23
split_gain=1.1744 0.967728 0.40697 0.314831 0.220287 0.107821
threshold=-3.0578016042709346 0.51844686269760143 4.0110907554626474 2.2204465866088872 6.9753286838531503 -6.2159631252288809
decision_type=2 2 2 2 2 2
left_child=3 4 -3 -1 -2 -5
right_child=1 2 -4 5 -6 -7
leaf_value=-0.0012365579294637921 -0.011314458315484563 0.0054608118034609908 -0.0032124906594487483 0 0 0.008162783729903202
leaf_weight=0.38432422440382685 4.2012038062421198 2.4867415558110229 0.88164620519819425 0.20969947917910792 0.26960515607061086 3.242119107999315
leaf_count=94 5179 478 382 92 23 209
internal_value=-0.00120615 -0.00601809 0.00188076 0.00576093 -0.0104802 0.00755014
internal_weight=11.6753 7.8392 3.36839 3.83614 4.47081 3.45182
internal_count=6457 6062 860 395 5202 301
is_linear=0
shrinkage=0.025


Tree=207
num_leaves=7
num_cat=0
split_feature=21 19 12 21 4 22
split_gain=1.27688 1.20298 0.304952 0.173382 0.127565 0.0401254
threshold=0.98096084594726574 0.24833724647760394 2.9998610019683842 0.18800146877765658 -0.46580097079277033 0.79272177815437328
decision_type=2 2 2 2 2 2
left_child=1 5 -2 -3 -4 -1
right_child=2 3 4 -5 -6 -7
leaf_value=-0.012092968432717724 -0.0011616894371097701 -0.0012469298298361984 0 0.0043995517731785531 0.0078509519657797757 0
leaf_weight=3.9836963021989504 0.59318833224824619 0.91666191803233266 0.095768507366301825 2.1867066525155678 3.6037597549220663 0.054805150080937781
leaf_count=5311 103 535 29 209 273 8
internal_value=-0.00167776 -0.00689224 0.00536564 0.00222014 0.00719682 -0.0119406
internal_weight=11.4346 7.14187 4.29272 3.10337 3.69953 4.0385
internal_count=6468 6063 405 744 302 5319
is_linear=0
shrinkage=0.025


Tree=208
num_leaves=7
num_cat=0
split_feature=6 21 15 24 16 2
split_gain=1.55918 0.780216 0.273603 0.170557 0.0755431 0.0428074
threshold=2.8113741874694829 0.018667518161237243 0.47093865275383001 -5.4482588768005362 -1.1954106688499448 4.7834270000457773
decision_type=2 2 2 2 2 2
left_child=1 5 -3 -2 -5 -1
right_child=3 2 -4 4 -6 -7
leaf_value=-0.0040019491723927254 0 0.0095177761361209257 0 0 -0.010016921298890308 0
leaf_weight=1.1742836179619187 0.54194510975503396 5.16171811541426 1.3913954071686019 0.46302756285877045 2.9251452290700395 0.11766856163740147
leaf_count=1519 36 1251 375 51 3279 1
internal_value=-0.000234214 0.00509941 0.00805461 -0.00847484 -0.00944306 -0.00338584
internal_weight=11.7752 7.84507 6.55311 3.93012 3.38817 1.29195
internal_count=6512 3146 1626 3366 3330 1520
is_linear=0
shrinkage=0.025


Tree=209
num_leaves=7
num_cat=0
split_feature=6 25 26 24 22 15
split_gain=1.2167 0.752294 0.393251 0.245975 0.136788 0.0859681
threshold=2.899608969688416 0.74007445573806774 -1.0137537717819212 -5.4482588768005362 0.03394336253404618 1.2656324505805971
decision_type=2 2 2 2 2 2
left_child=1 4 -3 -2 -1 -5
right_child=3 2 -4 5 -6 -7
leaf_value=0 0.0002742212081436056 0.0032401318364000155 -0.00520757758996028 -0.0088048258897729 0.0096981111050470532 0
leaf_weight=0.13286991976928941 0.68723304994637135 1.0195159577342559 2.4974790944870628 2.8472998436081993 4.5093627559326706 0.47624065927811887
leaf_count=137 35 55 2716 2978 369 153
internal_value=0.000139205 0.0052264 -0.00156037 -0.00667371 0.00915919 -0.00816297
internal_weight=12.17 8.15923 3.517 4.01077 4.64223 3.32354
internal_count=6443 3277 2771 3166 506 3131
is_linear=0
shrinkage=0.025


Tree=210
num_leaves=6
num_cat=0
split_feature=22 13 26 16 26
split_gain=1.42482 0.620522 0.550298 0.101171 0.0163425
threshold=0.03394336253404618 2.9645712375640874 -0.84915360808372486 -1.1954106688499448 -1.1316003203392027
decision_type=2 2 2 2 2
left_child=4 3 -3 -2 -1
right_child=1 2 -4 -5 -6
leaf_value=0 0.00028344021469361909 0.0095426987803488208 -0.0010459055705288071 -0.0044398608208356663 -0.0088895333788099815
leaf_weight=0.2323492815412459 0.40813742522732344 5.2127051578863748 1.7263023406339932 1.0039506560533462 3.1355929710152868
leaf_count=85 19 496 768 556 4528
internal_value=-0.000446452 0.0044227 0.00705014 -0.00294348 -0.00869534
internal_weight=11.719 8.3511 6.93901 1.41209 3.36794
internal_count=6452 1839 1264 575 4613
is_linear=0
shrinkage=0.025


Tree=211
num_leaves=6
num_cat=0
split_feature=18 13 26 16 19
split_gain=1.50982 0.313668 0.291107 0.204459 0.112782
threshold=0.14907678961753848 2.2732647657394414 -0.79773235321044911 1.2253343462944033 0.61781668663024913
decision_type=2 2 2 2 2
left_child=3 -2 -3 4 -1
right_child=1 2 -4 -5 -6
leaf_value=-0.010225654497883645 -0.0016103450753087705 0.0078679656611735614 -0.00051630150661936337 0 0
leaf_weight=3.7494523363166081 0.48760970109287871 5.0315682163345627 0.9616435932330204 0.36051858992141195 0.61064369101222826
leaf_count=4857 251 690 387 115 160
internal_value=-0.00140101 0.00474819 0.00633118 -0.00858603 -0.00949798
internal_weight=11.2014 6.48082 5.99321 4.72061 4.3601
internal_count=6460 1328 1077 5132 5017
is_linear=0
shrinkage=0.025


Tree=212
num_leaves=6
num_cat=0
split_feature=21 6 14 26 24
split_gain=1.02419 0.690901 0.482093 0.117067 0.0806919
threshold=0.0059378370642662057 3.3146660327911381 0.39495874941349035 -1.0072752833366392 -4.7863144874572745
decision_type=2 2 2 2 2
left_child=4 2 -2 -3 -1
right_child=1 3 -4 -5 -6
leaf_value=0 0.010139206623336481 0.00032244572046403195 0 -0.0044862160309481038 -0.0073424397120126356
leaf_weight=0.2769085151376206 4.6158413188459217 1.1983874958095841 2.5392637104596361 1.0511783306756113 2.2532725906348796
leaf_count=23 1195 324 774 914 3129
internal_value=0.000552407 0.00459911 0.00751922 -0.00260681 -0.00672544
internal_weight=11.9349 9.40467 7.15511 2.24957 2.53018
internal_count=6359 3207 1969 1238 3152
is_linear=0
shrinkage=0.025


Tree=213
num_leaves=6
num_cat=0
split_feature=21 6 4 21 24
split_gain=0.990837 0.730976 0.360318 0.122005 0.0871871
threshold=0.0059378370642662057 3.1866152286529545 -0.46580097079277033 1.8499938249588015 -4.7863144874572745
decision_type=2 2 2 2 2
left_child=4 2 -2 -3 -1
right_child=1 3 -4 -5 -6
leaf_value=0 -0.0010137259413214408 -0.0044045584317903364 0.0088487800613390958 0.00056393939215296869 -0.0072329133682771263
leaf_weight=0.26599581903428804 0.39887286080192907 1.7074017515515154 6.8134801826708999 0.58448458847124118 2.2039404081260736
leaf_count=20 132 1323 1789 24 3155
internal_value=0.000653634 0.00457922 0.00759984 -0.0027625 -0.00656942
internal_weight=11.9742 9.50424 7.21235 2.29189 2.46994
internal_count=6443 3268 1921 1347 3175
is_linear=0
shrinkage=0.025


Tree=214
num_leaves=7
num_cat=0
split_feature=27 22 12 24 17 17
split_gain=0.990338 0.550825 0.487934 0.193732 0.187511 0.0239036
threshold=0.12988281995058062 0.74925556778907787 2.6171165704727177 0.46034276485443121 0.66836953163146984 0.66836953163146984
decision_type=2 2 2 2 2 2
left_child=2 4 -1 -4 -2 -3
right_child=1 5 3 -5 -6 -7
leaf_value=-0.0026936297220866486 -0.010413659607471462 0.0022059139446746075 0.0079800232176527961 -0.00018113186891971809 0 0
leaf_weight=0.72556956516200433 3.6843725004036969 0.98057236131717196 3.7326677356832083 0.23974056877705141 1.1914768054921294 0.37027330806449754
leaf_count=471 4677 84 384 360 359 92
internal_value=-0.00172322 -0.0066366 0.00420863 0.00696444 -0.00913752 0.0014933
internal_weight=10.9247 6.22669 4.69798 3.97241 4.87585 1.35085
internal_count=6427 5212 1215 744 5036 176
is_linear=0
shrinkage=0.025


Tree=215
num_leaves=7
num_cat=0
split_feature=26 22 27 13 21 13
split_gain=1.10828 0.693004 0.513842 0.468403 0.209057 0.0670095
threshold=-1.0015391111373899 0.74925556778907787 0.71480849385261547 2.2160764932632451 0.041003031656146056 3.0557918548583989
decision_type=2 2 2 2 2 2
left_child=3 2 -2 -1 -5 -3
right_child=1 5 -4 4 -6 -7
leaf_value=-0.0018443696784844366 -0.010121485809911386 -4.0220813201150269e-05 0.0016575165001169263 -2.4584208865309841e-05 0.0093676616131706993 0.0036420403543847082
leaf_weight=0.56189805620670075 4.7197930249603814 0.17322444467572484 0.34136878512799729 0.21331293608818658 4.069974540725525 1.5575132931335245
leaf_count=418 5297 39 89 207 289 151
internal_value=0 -0.00505438 -0.00827691 0.00630543 0.00846535 0.00258882
internal_weight=11.6371 6.7919 5.06116 4.84519 4.28329 1.73074
internal_count=6490 5576 5386 914 496 190
is_linear=0
shrinkage=0.025


Tree=216
num_leaves=7
num_cat=0
split_feature=25 6 26 18 14 21
split_gain=1.11439 1.09074 0.548034 0.121057 0.0815364 0.0632579
threshold=0.47176826000213629 2.899608969688416 -1.0422126650810239 1.1718809604644778 -0.74703747034072865 0.18131413310766223
decision_type=2 2 2 2 2 2
left_child=1 5 -2 -4 -3 -1
right_child=2 4 3 -5 -6 -7
leaf_value=0 0.0013123944148849904 0 -0.010725551920486522 0 -0.0051981102457978141 0.0091896241901411584
leaf_weight=0.16639583674987068 1.0191441639544789 0.71630914545676239 3.3257035361712046 0.10711974650621403 1.649275719271827 4.074923215470335
leaf_count=91 295 124 4568 1 993 334
internal_value=-0.00130339 0.00386987 -0.00762785 -0.0102276 -0.00418018 0.00886851
internal_weight=11.0589 6.6069 4.45197 3.43282 2.36558 4.24132
internal_count=6406 1542 4864 4569 1117 425
is_linear=0
shrinkage=0.025


Tree=217
num_leaves=7
num_cat=0
split_feature=21 19 7 13 13 16
split_gain=1.20101 0.425924 0.656531 0.317599 0.203614 0.143741
threshold=0.925102859735489 0.24833724647760394 5.0568530559539804 2.2160764932632451 2.9645712375640874 0.68654131889343273
decision_type=2 2 2 2 2 2
left_child=1 2 -1 -2 -3 -5
right_child=3 4 -4 5 -6 -7
leaf_value=-0.010875483420513284 -0.0010635814635508096 -0.0025686833540039642 0.0019081067742731835 0.0087875021360794177 0.0036328260622069501 0
leaf_weight=3.376762091927958 0.37228035723092023 0.68852585100103203 0.71684858835214971 4.0015523799374932 2.0061749322267133 0.46705203865712963
leaf_count=4979 99 398 279 215 333 144
internal_value=0 -0.005353 -0.00813131 0.00647701 0.00059654 0.0079952
internal_weight=11.6292 6.78831 4.09361 4.84088 2.6947 4.4686
internal_count=6447 5989 5258 458 731 359
is_linear=0
shrinkage=0.025


Tree=218
num_leaves=7
num_cat=0
split_feature=27 5 27 22 22 26
split_gain=0.856781 0.51073 0.438655 0.430816 0.148539 0.0557314
threshold=0.12988281995058062 4.0280480384826669 0.71480849385261547 0.9230114519596101 -0.25484709441661829 -0.3663568496704101
decision_type=2 2 2 2 2 2
left_child=1 4 3 -2 -1 -4
right_child=2 -3 5 -5 -6 -7
leaf_value=0 -0.0091583447259770325 -0.0021738657066485683 0.0034080036962014456 0.0010295444410866404 0.008430865084499509 0
leaf_weight=0.16831614990951527 4.7175981565087568 1.1809747151019108 0.30350521770014893 0.92380707343545498 3.6461961179011269 0.19686018064385269
leaf_count=192 5043 748 19 91 283 87
internal_value=-0.000240876 0.00481495 -0.00522941 -0.00720284 0.0076935 0.00220593
internal_weight=11.1373 4.99549 6.14177 5.64141 3.81451 0.500365
internal_count=6463 1223 5240 5134 475 106
is_linear=0
shrinkage=0.025


Tree=219
num_leaves=7
num_cat=0
split_feature=6 25 26 21 22 19
split_gain=0.915059 0.7256 0.305787 0.285607 0.153687 0.108671
threshold=2.899608969688416 0.74007445573806774 -1.0137537717819212 1.2718510627746584 0.98220717906951915 -0.14085081964731214
decision_type=2 2 2 2 2 2
left_child=1 5 -3 4 -2 -1
right_child=3 2 -4 -5 -6 -7
leaf_value=0 -0.0088133061741679473 0.0024543287094380955 -0.005087963360265472 0.00053402339540317549 0 0.0091866316606878159
leaf_weight=0.30156809089385195 2.3884620784338049 0.90784877230180461 2.2263054223149084 1.0684496005414983 0.52431958727538575 4.0139472690789262
leaf_count=149 3089 50 2687 84 40 364
internal_value=0 0.00466425 -0.00196915 -0.00578979 -0.00777099 0.00862387
internal_weight=11.4309 7.44967 3.13415 3.98123 2.91278 4.31552
internal_count=6463 3250 2737 3213 3129 513
is_linear=0
shrinkage=0.025


Tree=220
num_leaves=7
num_cat=0
split_feature=21 19 13 24 16 26
split_gain=1.24048 1.07399 0.2943 0.199093 0.137589 0.0928119
threshold=0.98096084594726574 0.24833724647760394 2.2160764932632451 -3.6482713222503658 -0.19964164495468137 -0.80499020218849171
decision_type=2 2 2 2 2 2
left_child=1 3 -2 -1 -3 -4
right_child=2 4 5 -5 -6 -7
leaf_value=0 -0.00094209713016189561 -0.0010107261557449399 0.0085354748292090915 -0.011436028261585129 0.004106773517734595 0
leaf_weight=0.18037812889087979 0.34811134327901516 0.36148115809919579 3.4275316551866126 3.7599717414996121 2.714138603383617 0.43981376505689729
leaf_count=11 88 185 184 5332 521 121
internal_value=-0.000253489 -0.0057665 0.00639422 -0.0106877 0.00247798 0.00791828
internal_weight=11.2314 7.01597 4.21546 3.94035 3.07562 3.86735
internal_count=6442 6049 393 5343 706 305
is_linear=0
shrinkage=0.025


Tree=221
num_leaves=7
num_cat=0
split_feature=21 19 12 13 12 27
split_gain=1.11917 0.8737 0.364161 0.362076 0.214809 0.099382
threshold=0.925102859735489 0.19867277890443805 2.8843159675598149 3.0557918548583989 7.1874547004699716 0.30272102355957037
decision_type=2 2 2 2 2 2
left_child=1 4 -2 -3 -1 -4
right_child=2 3 5 -5 -6 -7
leaf_value=-0.010979969810176272 -0.0014998619081213979 -0.0030244417598605904 0.008397850489731639 0.0051731293653283468 0 0
leaf_weight=3.4949462871154542 0.42193507769843552 0.78167137406489962 3.606366669293493 2.5085071261746634 0.24697149253915984 0.46843165345489968
leaf_count=5088 97 467 210 412 16 142
internal_value=-0.000281985 -0.00555552 0.00588978 0.00182217 -0.0100894 0.00774848
internal_weight=11.5288 7.0321 4.49673 3.29018 3.74192 4.0748
internal_count=6432 5983 449 879 5104 352
is_linear=0
shrinkage=0.025


Tree=222
num_leaves=7
num_cat=0
split_feature=21 19 15 13 23 13
split_gain=1.21074 0.666848 0.276299 0.227232 0.18093 0.116203
threshold=0.925102859735489 0.54313117265701305 1.0717265605926516 2.2732647657394414 -4.3057169914245597 2.9645712375640874
decision_type=2 2 2 2 2 2
left_child=1 2 -1 -2 -5 -3
right_child=3 5 -4 4 -6 -7
leaf_value=-0.011036304206472407 -0.00081315893178895851 -0.0011340673011203629 0 -1.9735966413388205e-05 0.0077831711847467294 0.0035850320833581287
leaf_weight=4.1341388375221868 0.32580207570572373 0.38626999976986542 0.56598736332307442 0.40292761352611739 3.3636780438100686 1.3894004438188856
leaf_count=5518 95 162 193 117 204 110
internal_value=-0.00155926 -0.00685647 -0.0098433 0.00529657 0.00670035 0.00155672
internal_weight=10.5682 6.4758 4.70013 4.09241 3.76661 1.77567
internal_count=6399 5983 5711 416 321 272
is_linear=0
shrinkage=0.025


Tree=223
num_leaves=7
num_cat=0
split_feature=27 6 27 22 22 26
split_gain=0.963682 0.586015 0.400995 0.410983 0.146889 0.0529476
threshold=0.12988281995058062 4.6524088382720956 0.71480849385261547 0.82965636253356945 -0.25484709441661829 -0.3663568496704101
decision_type=2 2 2 2 2 2
left_child=1 4 3 -2 -1 -4
right_child=2 -3 5 -5 -6 -7
leaf_value=0 -0.0085693757766214379 -0.0024649648325194189 0.003415295747745236 0.0010304371124366107 0.0091701716099353587 0
leaf_weight=0.16033064361181448 4.5565469968496473 0.6977775880077387 0.29792463101330213 1.1004510101774938 4.4905195020619431 0.18569602708157606
leaf_count=244 5030 518 20 133 466 80
internal_value=0.00033073 0.00601674 -0.00453848 -0.00650817 0.00855467 0.0022879
internal_weight=11.4892 5.34863 6.14062 5.657 4.65085 0.483621
internal_count=6491 1228 5263 5163 710 100
is_linear=0
shrinkage=0.025


Tree=224
num_leaves=7
num_cat=0
split_feature=26 6 26 18 21 26
split_gain=0.912308 0.594636 0.4136 0.263306 0.204742 0.0497123
threshold=-0.96963617205619801 4.6524088382720956 -0.39754366874694819 0.3349821418523789 0.18131413310766223 -0.3663568496704101
decision_type=2 2 2 2 2 2
left_child=1 4 3 -2 -1 -4
right_child=2 -3 5 -5 -6 -7
leaf_value=0 -0.00849447995573341 -0.0026088910950980769 0.0033876196930630099 0 0.0093219984051759828 0
leaf_weight=0.4334328920340339 3.6549117874747026 0.7237590861514035 0.30199474892651779 1.7566180817302663 4.207695043325657 0.17628035110828921
leaf_count=388 4443 547 23 539 355 81
internal_value=0.000177855 0.00572312 -0.00460784 -0.0066465 0.00834987 0.00233134
internal_weight=11.2547 5.36489 5.8898 5.41153 4.64113 0.478275
internal_count=6376 1290 5086 4982 743 104
is_linear=0
shrinkage=0.025


Tree=225
num_leaves=7
num_cat=0
split_feature=13 21 22 21 5 17
split_gain=0.998717 0.438792 0.402893 0.358025 0.321757 0.0272124
threshold=4.224147081375123 0.018667518161237243 0.71705839037895214 1.8499938249588015 -0.34785591065883631 -0.26092500984668726
decision_type=2 2 2 2 2 2
left_child=2 -2 3 -1 -3 -4
right_child=1 4 5 -5 -6 -7
leaf_value=-0.01000015644523247 -0.0020463662433742851 -0.00056183487803216487 0 0.00060596207294670665 0.0089130489203670654 0.0019066167035282468
leaf_weight=3.0117820057166687 0.67774383851065056 0.69616975574899687 0.25197552402096324 0.56459317074040871 4.3207103954919148 1.283553057699464
leaf_count=4078 1019 189 52 27 1017 103
internal_value=0 0.00521354 -0.00574296 -0.00821992 0.00735016 0.000944816
internal_weight=10.8065 5.69462 5.1119 3.57638 5.01688 1.53553
internal_count=6485 2225 4260 4105 1206 155
is_linear=0
shrinkage=0.025


Tree=226
num_leaves=7
num_cat=0
split_feature=27 6 19 18 22 15
split_gain=1.10657 0.755466 0.395461 0.154081 0.0853039 0.0697535
threshold=0.16833028197288516 3.1866152286529545 0.56569987535476696 0.46275307238101965 0.03394336253404618 1.2656324505805971
decision_type=2 2 2 2 2 2
left_child=1 4 3 -2 -1 -3
right_child=2 5 -4 -5 -6 -7
leaf_value=0 -0.01012068572129546 -0.0040291414549180589 0.00083259618753338174 0 0.0088304281326277816 0
leaf_weight=0.28666521776176557 3.2537155898135097 1.5314083462544656 0.94809198745497258 0.79311851733655192 3.5794760904973373 0.31160357088810986
leaf_count=201 4307 1339 133 240 176 68
internal_value=-0.00114031 0.00438535 -0.00711569 -0.00909967 0.00833318 -0.00302058
internal_weight=10.7041 5.70915 4.99493 4.04683 3.86614 1.84301
internal_count=6464 1784 4680 4547 377 1407
is_linear=0
shrinkage=0.025


Tree=227
num_leaves=7
num_cat=0
split_feature=27 13 0 22 24 21
split_gain=0.803325 0.608517 0.354355 0.335442 0.172277 0.0774055
threshold=0.17020188271999362 2.9645712375640874 0.34448446333408361 1.3153609633445742 0.46034276485443121 1.3485633730888369
decision_type=2 2 2 2 2 2
left_child=1 5 -2 -4 -3 -1
right_child=2 4 3 -5 -6 -7
leaf_value=-0.0039845157294002313 0.0016344746741628312 0.0084061234813269034 -0.0089158833486798605 0.00086342718872150679 0 5.0884168271678068e-05
leaf_weight=1.0249543269565036 0.35820393632457115 4.1925563562326715 3.8809606613940559 0.4271239177614915 0.19979798881104205 0.43618592809070822
leaf_count=1060 122 374 4470 27 344 31
internal_value=0 0.00438682 -0.00550758 -0.00733187 0.00759578 -0.00270539
internal_weight=10.5198 5.85349 4.66629 4.30808 4.39235 1.46114
internal_count=6428 1809 4619 4497 718 1091
is_linear=0
shrinkage=0.025


Tree=228
num_leaves=7
num_cat=0
split_feature=22 21 19 11 12 23
split_gain=1.02057 0.693441 0.489555 0.280543 0.132428 0.0854669
threshold=0.74925556778907787 0.98096084594726574 0.24833724647760394 2.2204465866088872 2.8843159675598149 -5.430037021636962
decision_type=2 2 2 2 2 2
left_child=1 2 -1 -2 -3 -5
right_child=3 4 -4 5 -6 -7
leaf_value=-0.011187155966497322 -0.0010723905275599045 -0.0010846291702827449 0.00013721119991568165 0 0.0039849173198726806 0.0079369167224916087
leaf_weight=3.622791467118077 0.29787768604001064 0.36732128844596479 1.6885147152061106 0.22191525502421461 1.7925599595328092 2.9425851744235842
leaf_count=5273 74 83 607 80 152 140
internal_value=-0.000836332 -0.00545662 -0.00866008 0.00572827 0.00209448 0.00739864
internal_weight=10.9336 7.47119 5.31131 3.46238 2.15988 3.1645
internal_count=6409 6115 5880 294 235 220
is_linear=0
shrinkage=0.025


Tree=229
num_leaves=7
num_cat=0
split_feature=27 5 27 19 24 20
split_gain=0.807799 0.754741 0.342486 0.316875 0.293334 0.0370326
threshold=0.17020188271999362 4.0458197593688974 0.71480849385261547 0.54313117265701305 0.46034276485443121 -1.5685700774192808
decision_type=2 2 2 2 2 2
left_child=1 4 3 -2 -1 -3
right_child=2 5 -4 -5 -6 -7
leaf_value=0.0093286681884457261 -0.0086765861969096119 0 0.0017533955285836758 0.00047546774000447358 -0.00053799980650972451 -0.0039068971841556745
leaf_weight=4.545930875443446 3.6488585098377371 0.12276396970264603 0.31714733214175783 0.92950105773343228 0.30356580882289552 1.1652477429270218
leaf_count=421 4424 4 97 146 466 931
internal_value=0 0.00472046 -0.00509324 -0.00688774 0.00811691 -0.00335931
internal_weight=11.033 6.13751 4.89551 4.57836 4.8495 1.28801
internal_count=6489 1822 4667 4570 887 935
is_linear=0
shrinkage=0.025


Tree=230
num_leaves=5
num_cat=0
split_feature=21 6 14 26
split_gain=0.981536 0.649107 0.428426 0.148492
threshold=0.0059378370642662057 2.899608969688416 0.39495874941349035 -1.0072752833366392
decision_type=2 2 2 2
left_child=-1 2 -2 -3
right_child=1 3 -4 -5
leaf_value=-0.0071585222481450788 0.0098647035325877871 0.00067535574260318987 0 -0.0046283707258875997
leaf_weight=2.1226912762649599 4.0387156212345854 1.4433680651854959 2.213927524346218 1.1782195618070543
leaf_count=3197 1042 343 699 1182
internal_value=9.32346e-05 0.00423298 0.00737364 -0.00236086
internal_weight=10.9969 8.87423 6.25264 2.62159
internal_count=6463 3266 1741 1525
is_linear=0
shrinkage=0.025


Tree=231
num_leaves=6
num_cat=0
split_feature=17 22 24 2 10
split_gain=0.942822 1.26101 0.496788 0.261041 0.0459358
threshold=0.48352667689323431 0.74925556778907787 0.46034276485443121 5.4060261249542245 2.2629096508026127
decision_type=2 2 2 2 2
left_child=1 -1 3 -2 -3
right_child=2 4 -4 -5 -6
leaf_value=-0.010952180881502207 0.0084938324270333286 0 -0.0025338011072237442 -0.00051683945525239823 0.0044799905030017953
leaf_weight=3.5968646287255979 4.4017321215069387 0.3668265677915773 0.67884548947040446 0.31810603889243783 1.6536153347333309
leaf_count=5162 432 60 674 56 91
internal_value=-0.00026891 -0.00572423 0.00482937 0.00729005 0.00386421
internal_weight=11.016 5.61731 5.39868 4.71984 2.02044
internal_count=6475 5313 1162 488 151
is_linear=0
shrinkage=0.025


Tree=232
num_leaves=7
num_cat=0
split_feature=6 26 22 21 27 24
split_gain=0.981127 0.690818 0.322949 0.212379 0.166184 0.0203928
threshold=3.1866152286529545 -0.88230291008949269 0.03394336253404618 1.8499938249588015 0.71480849385261547 -5.4482588768005362
decision_type=2 2 2 2 2 2
left_child=1 2 -1 5 -3 -2
right_child=3 4 -4 -5 -6 -7
leaf_value=-0.0005924823636554601 0 -0.0038311137494022283 0.0098002969703846858 0.0002284886971443126 0.0017091381700971003 -0.007922477184858244
leaf_weight=0.33017525843388273 0.23803166468860659 2.7590771389004662 4.5729729731137922 0.59422026883112256 0.32395145705959283 2.159235801333125
leaf_count=493 24 2775 290 30 96 2748
internal_value=0.000515162 0.00491164 0.00852355 -0.00616935 -0.00177861 -0.00768264
internal_weight=10.9777 7.98618 4.90315 2.99149 3.08303 2.39727
internal_count=6456 3654 783 2802 2871 2772
is_linear=0
shrinkage=0.025


Tree=233
num_leaves=6
num_cat=0
split_feature=13 21 14 15 21
split_gain=0.884003 0.714404 0.309755 0.0425183 0.0339813
threshold=2.9645712375640874 0.0059378370642662057 0.39495874941349035 -0.72788414359092701 1.8499938249588015
decision_type=2 2 2 2 2
left_child=4 3 -3 -2 -1
right_child=1 2 -4 -5 -6
leaf_value=-0.0072233137455920797 0 0.0090794290535660179 0 -0.00425440037209995 0
leaf_weight=1.9681410238990804 0.1120541790733115 4.2701729268992494 2.5900617768566008 1.2235243063551002 0.36221074455534097
leaf_count=2104 3 1360 839 2090 27
internal_value=0 0.00399085 0.00693616 -0.00368584 -0.0068338
internal_weight=10.5262 8.19581 6.86023 1.33558 2.33035
internal_count=6423 4292 2199 2093 2131
is_linear=0
shrinkage=0.025


Tree=234
num_leaves=7
num_cat=0
split_feature=27 6 27 24 22 21
split_gain=0.808108 0.567507 0.360602 0.290124 0.157359 0.114048
threshold=0.17020188271999362 3.1866152286529545 0.71480849385261547 -3.6482713222503658 0.03394336253404618 1.8499938249588015
decision_type=2 2 2 2 2 2
left_child=1 4 3 -2 -1 -3
right_child=2 5 -4 -5 -6 -7
leaf_value=0 0.00015037323226633865 -0.0039295744980280154 0.0016353290874027166 -0.0091568716735771702 0.0084496180608546675 0.00076701530745368124
leaf_weight=0.18392448873055434 0.91046975214703696 1.5237187539896697 0.33640400960575778 3.3419502225515316 3.6618149479727435 0.50684523282689031
leaf_count=212 145 1425 99 4410 191 14
internal_value=-0.000103842 0.00426751 -0.00565978 -0.00748425 0.00766768 -0.00215653
internal_weight=10.4651 5.8763 4.58882 4.25242 3.84574 2.03056
internal_count=6496 1842 4654 4555 403 1439
is_linear=0
shrinkage=0.025


Tree=235
num_leaves=6
num_cat=0
split_feature=21 12 14 24 24
split_gain=0.765752 0.505503 0.39499 0.101683 0.0693021
threshold=0.0059378370642662057 2.9998610019683842 0.39495874941349035 -5.4482588768005362 -4.7863144874572745
decision_type=2 2 2 2 2
left_child=4 3 -3 -2 -1
right_child=1 2 -4 -5 -6
leaf_value=0 0.00043297798058164797 0.0088390818032046872 -2.3190454771341963e-05 -0.0041614059139285491 -0.0065685751064212747
leaf_weight=0.25437238588347133 0.46105804390390392 4.5325374678177468 2.6339969619330077 1.0070713113309446 1.9669597405954853
leaf_count=23 20 1653 991 609 3169
internal_value=0.000368615 0.00404839 0.00639721 -0.00253293 -0.00596895
internal_weight=10.856 8.63466 7.16653 1.46813 2.22133
internal_count=6465 3273 2644 629 3192
is_linear=0
shrinkage=0.025


Tree=236
num_leaves=7
num_cat=0
split_feature=21 19 20 13 13 26
split_gain=1.12192 0.579047 0.261613 0.218571 0.16067 0.131396
threshold=0.98096084594726574 0.3466890156269074 1.5116681456565859 2.2160764932632451 2.9645712375640874 -0.84915360808372486
decision_type=2 2 2 2 2 2
left_child=1 2 -1 -2 -3 -5
right_child=3 4 -4 5 -6 -7
leaf_value=-0.010979615166677649 -0.0008036523897572991 -0.0019566906673731299 0 0.0074399031600239198 0.0035929917334893372 0
leaf_weight=3.5678173404739937 0.32897041100659441 0.55055005532631218 0.52178775261199906 3.0173268925464081 1.6087226606250622 0.4869015284639312
leaf_count=5332 90 294 164 175 219 142
internal_value=-0.0016466 -0.00675708 -0.00977973 0.00508597 0.000926683 0.00652122
internal_weight=10.0821 6.24888 4.08961 3.8332 2.15927 3.50423
internal_count=6416 6009 5496 407 513 317
is_linear=0
shrinkage=0.025


Tree=237
num_leaves=7
num_cat=0
split_feature=6 21 5 21 22 2
split_gain=0.924173 0.638835 0.269621 0.206425 0.181964 0.0329033
threshold=2.899608969688416 0.018667518161237243 -0.34785591065883631 1.8499938249588015 0.9230114519596101 4.7834270000457773
decision_type=2 2 2 2 2 2
left_child=1 5 -3 4 -2 -1
right_child=3 2 -4 -5 -6 -7
leaf_value=-0.0033809653437124818 -0.008216056226125654 -0.00017942106896515805 0.0090384313280627033 0.00043286005510129302 0 0
leaf_weight=1.0126319612936638 2.3845444390353814 0.64402371909091005 5.3525726416955877 0.57464222275302734 0.76211065272218537 0.11028768867254246
leaf_count=1605 3127 182 1458 28 63 1
internal_value=0.00058785 0.00518877 0.00784864 -0.00542618 -0.00687231 -0.00280471
internal_weight=10.8408 7.11952 5.9966 3.7213 3.14666 1.12292
internal_count=6464 3246 1640 3218 3190 1606
is_linear=0
shrinkage=0.025


Tree=238
num_leaves=6
num_cat=0
split_feature=6 21 4 24 22
split_gain=1.29777 0.686558 0.176622 0.110854 0.0588679
threshold=3.3146660327911381 0.0059378370642662057 -0.46580097079277033 -5.4482588768005362 0.87360870838165294
decision_type=2 2 2 2 2
left_child=1 4 -3 -2 -1
right_child=3 2 -4 -5 -6
leaf_value=-0.0038682108187139269 0 0 0.008568093109414995 -0.0085226623810930394 0
leaf_weight=1.1278386346566529 0.37025645643007044 0.56962685441976546 6.368619071701688 2.3067245315869522 0.18836385212489393
leaf_count=1817 27 143 1850 2612 5
internal_value=0.000147024 0.00513875 0.00778863 -0.00775292 -0.00294817
internal_weight=10.9314 8.25445 6.93825 2.67698 1.3162
internal_count=6454 3815 1993 2639 1822
is_linear=0
shrinkage=0.025


Tree=239
num_leaves=6
num_cat=0
split_feature=18 17 13 26 13
split_gain=1.08971 0.328225 0.224975 0.193167 0.122006
threshold=0.19548504054546359 0.55058518052101146 2.2160764932632451 -0.84915360808372486 3.5632777214050297
decision_type=2 2 2 2 2
left_child=1 -1 -2 -4 -3
right_child=2 4 3 -5 -6
leaf_value=-0.0090574126771867085 -0.00092939992191154583 -0.0020965753461100961 0.0075038989081920903 0 0.0028933939366898877
leaf_weight=2.7917840889385843 0.37103052564634698 0.57558086945209641 4.00379219106253 1.0588394701699142 1.1809694713156202
leaf_count=4561 214 428 525 411 227
internal_value=-0.000469008 -0.00674244 0.00489784 0.00619562 0
internal_weight=9.982 4.54833 5.43366 5.06263 1.75655
internal_count=6366 5216 1150 936 655
is_linear=0
shrinkage=0.025


Tree=240
num_leaves=7
num_cat=0
split_feature=6 25 27 2 15 24
split_gain=0.906255 0.497652 0.268324 0.0891459 0.0764401 0.0846731
threshold=3.2748706340789799 0.74007445573806774 0.091795228421688094 1.5967977643013003 1.2656324505805971 -5.4482588768005362
decision_type=2 2 2 2 2 2
left_child=1 3 -3 -1 5 -2
right_child=4 2 -4 -5 -6 -7
leaf_value=0 0 0.0026693842419430991 -0.0043188957620503851 0.0080930112419286999 0 -0.0076544402540844707
leaf_weight=0.086981020096572936 0.24663192266598422 0.94763192748359903 2.2874204942454526 4.2793596908522886 0.41620322312519409 2.0916613251247327
leaf_count=61 20 69 3063 590 142 2527
internal_value=4.24786e-05 0.0044686 -0.00113504 0.00767724 -0.00637156 -0.0070292
internal_weight=10.3559 7.60139 3.23505 4.36634 2.7545 2.33829
internal_count=6472 3783 3132 651 2689 2547
is_linear=0
shrinkage=0.025


Tree=241
num_leaves=7
num_cat=0
split_feature=24 17 13 12 11 23
split_gain=0.799913 0.817693 0.310711 0.20939 0.151647 0.0823182
threshold=-3.5142350196838374 0.51844686269760143 4.1129770278930673 7.1874547004699716 2.2204465866088872 -4.1484918594360343
decision_type=2 2 2 2 2 2
left_child=4 3 -3 -2 -1 -6
right_child=1 2 -4 -5 5 -7
leaf_value=-0.00030573752400407612 -0.010690464587531825 -0.0025291983329250507 0.0050157839616366664 0 0 0.0065423060322981055
leaf_weight=0.41829788303584825 3.5555901940824701 1.0853795187831567 2.1450203646163573 0.22520713171979867 0.26904819326591711 2.4255466043614433
leaf_count=76 5203 639 262 15 96 149
internal_value=-0.00146602 -0.0054773 0.00172492 -0.00982094 0.00460584 0.00588377
internal_weight=10.1241 7.0112 3.2304 3.7808 3.11289 2.69459
internal_count=6440 6119 901 5218 321 245
is_linear=0
shrinkage=0.025


Tree=242
num_leaves=6
num_cat=0
split_feature=21 6 14 26 20
split_gain=0.790957 0.57534 0.405902 0.145166 0.0416393
threshold=0.018667518161237243 2.899608969688416 0.38945910334587103 -1.0072752833366392 2.7990188598632817
decision_type=2 2 2 2 2
left_child=4 2 -2 -3 -1
right_child=1 3 -4 -5 -6
leaf_value=-0.0068405444010830154 0.0094240047386462047 0.00066791890474828506 -8.5232982424651938e-05 -0.0046065457739233109 0
leaf_weight=2.0222609507618485 3.5993362161570968 1.364964609158051 2.1876729880968924 1.0871018087418631 0.088767138051480177
leaf_count=3251 1002 353 670 1169 29
internal_value=0 0.00380603 0.00687656 -0.00235361 -0.00652297
internal_weight=10.3501 8.23908 5.78701 2.45207 2.11103
internal_count=6474 3194 1672 1522 3280
is_linear=0
shrinkage=0.025


Tree=243
num_leaves=6
num_cat=0
split_feature=6 25 27 25 2
split_gain=0.947234 0.597372 0.201445 0.147957 0.105976
threshold=2.899608969688416 0.74007445573806774 0.073907162994146361 -4.0523319244384757 1.5967977643013003
decision_type=2 2 2 2 2
left_child=1 4 -3 -2 -1
right_child=3 2 -4 -5 -6
leaf_value=0 0 0.0019467709447529653 -0.0041332013782492249 -0.0075166629241654945 0.0087524035658069019
leaf_weight=0.096116092849115264 1.0849723065766741 0.78493475216964759 2.1650655195517174 2.2940704075590475 4.0535862765027559
leaf_count=66 112 46 2746 3072 446
internal_value=0 0.00474459 -0.00152235 -0.0061764 0.00828014
internal_weight=10.4787 7.0997 2.95 3.37904 4.1497
internal_count=6488 3304 2792 3184 512
is_linear=0
shrinkage=0.025


Tree=244
num_leaves=7
num_cat=0
split_feature=6 25 7 21 22 2
split_gain=0.658837 0.612746 0.242172 0.22744 0.226962 0.0742757
threshold=2.899608969688416 0.47176826000213629 5.0568530559539804 1.8499938249588015 0.9230114519596101 1.5967977643013003
decision_type=2 2 2 2 2 2
left_child=1 5 -3 4 -2 -1
right_child=3 2 -4 -5 -6 -7
leaf_value=0 -0.0082437650304988796 -0.0046628244502196579 0.0021152119822597294 0.00075403061522068531 9.7307750202042925e-05 0.0082664018447188067
leaf_weight=0.075492678057344498 2.1513362576006339 2.1677763372790655 0.64231404681049742 0.57113221814506676 0.74818970372143656 3.8731259465457697
leaf_count=58 3062 2546 257 26 61 403
internal_value=8.88451e-05 0.00419237 -0.00195099 -0.00492214 -0.00660098 0.00791007
internal_weight=10.2294 6.75871 2.81009 3.47066 2.89953 3.94862
internal_count=6413 3264 2803 3149 3123 461
is_linear=0
shrinkage=0.025


Tree=245
num_leaves=7
num_cat=0
split_feature=21 19 10 24 16 27
split_gain=1.02474 0.608603 0.20081 0.170037 0.120627 0.0499728
threshold=0.98096084594726574 0.28363554179668432 0.32467211782932287 -3.5142350196838374 0.86026468873023998 0.22512593865394595
decision_type=2 2 2 2 2 2
left_child=1 3 -2 -1 -4 -3
right_child=2 5 4 -5 -6 -7
leaf_value=0 -0.00066400573926528284 0.0022810336453119198 0.0071330353523399101 -0.010548522558636848 0 -0.00050998028237813297
leaf_weight=0.20201221402385305 0.37085694080451537 2.1583307640030402 3.1906499999277007 3.3498668104002718 0.23376607737736765 0.25687233783173713
leaf_count=12 64 435 226 5364 111 219
internal_value=-0.0013669 -0.00640441 0.00498098 -0.00980898 0.00636546 0.000997612
internal_weight=9.76236 5.96708 3.79527 3.55188 3.42442 2.4152
internal_count=6431 6030 401 5376 337 654
is_linear=0
shrinkage=0.025


Tree=246
num_leaves=6
num_cat=0
split_feature=21 6 26 24 15
split_gain=0.782901 0.581329 0.465643 0.217185 0.0609157
threshold=0.23759736865758899 2.899608969688416 -0.79773235321044911 -5.8641088008880606 1.2656324505805971
decision_type=2 2 2 2 2
left_child=3 2 -2 -1 -3
right_child=1 4 -4 -5 -6
leaf_value=0.00020522318827038055 0.0086261258499409597 -0.0040855125093800472 -0.0014661174234334232 -0.0084645408072354534 0
leaf_weight=0.33850445633288506 3.9787652614868416 1.5404549521554143 1.0048617348293194 2.6255728021897085 0.33172673640365236
leaf_count=15 419 932 593 4515 54
internal_value=-0.00114086 0.0028715 0.00625005 -0.00718242 -0.00321646
internal_weight=9.81989 6.85581 4.98363 2.96408 1.87218
internal_count=6528 1998 1012 4530 986
is_linear=0
shrinkage=0.025


Tree=247
num_leaves=7
num_cat=0
split_feature=22 17 2 12 13 23
split_gain=0.87618 0.774 0.30958 0.203386 0.180674 0.0484781
threshold=0.74925556778907787 0.56839969754219066 4.0110907554626474 7.1874547004699716 2.9645712375640874 -5.430037021636962
decision_type=2 2 2 2 2 2
left_child=1 3 -3 -1 -2 -6
right_child=4 2 -4 -5 5 -7
leaf_value=-0.010598551822547589 -0.00045738659513398197 0.0048691149351857187 -0.002722256383298146 0 0 0.0067861751518435405
leaf_weight=3.4964715801070274 0.39022410615871228 2.2363140260858931 0.8322181894109234 0.22514395808684629 0.2397699414432285 2.5440347468029358
leaf_count=5380 71 417 363 14 88 140
internal_value=-0.00122743 -0.00556271 0.00162454 -0.00973934 0.00501192 0.00638287
internal_weight=9.96418 6.79015 3.06853 3.72162 3.17403 2.7838
internal_count=6473 6174 780 5394 299 228
is_linear=0
shrinkage=0.025


Tree=248
num_leaves=7
num_cat=0
split_feature=6 27 27 24 17 15
split_gain=0.661875 0.483621 0.287894 0.182474 0.153109 0.0450685
threshold=2.8445436954498295 0.25930537283420568 0.71480849385261547 0.19250217825174334 1.1301875710487368 2.9302917718887334
decision_type=2 2 2 2 2 2
left_child=1 3 -3 -1 5 -2
right_child=4 2 -4 -5 -6 -7
leaf_value=0.0073871731705852503 -0.0078614037333136332 -0.0053241371399730649 0.0022956806188902004 -0.00021804449829115758 0 0
leaf_weight=3.5745875447646545 2.4254800324160906 1.8059001047913628 0.46677915494365141 0.26350483703936323 0.96753911268024229 0.093168528983369359
leaf_count=369 3114 2308 101 440 113 20
internal_value=-0.00101484 0.00290337 -0.00239741 0.0063299 -0.00628342 -0.00756898
internal_weight=9.59696 6.11077 2.27268 3.83809 3.48619 2.51865
internal_count=6465 3218 2409 809 3247 3134
is_linear=0
shrinkage=0.025


Tree=249
num_leaves=7
num_cat=0
split_feature=6 26 21 27 22 15
split_gain=0.769679 0.492672 0.241231 0.237653 0.151964 0.0446755
threshold=2.8445436954498295 -0.88230291008949269 1.8499938249588015 0.71480849385261547 -0.099197253584861741 2.9302917718887334
decision_type=2 2 2 2 2 2
left_child=1 4 5 -3 -1 -2
right_child=2 3 -4 -5 -6 -7
leaf_value=0 -0.0078275710874399287 -0.0043068766405565386 0.00052054257322861402 0.0024224636872400619 0.0081912265688041698 0
leaf_weight=0.18190798666182706 2.6579073759567118 2.2716978047828893 0.58161440529511299 0.44368386715359509 3.5492600905017753 0.093492047646577592
leaf_count=223 3203 2535 27 93 345 22
internal_value=0 0.00406367 -0.00591985 -0.00153993 0.00740407 -0.00754517
internal_weight=9.77956 6.44655 3.33301 2.71538 3.73117 2.7514
internal_count=6448 3196 3252 2628 568 3225
is_linear=0
shrinkage=0.025


Tree=250
num_leaves=7
num_cat=0
split_feature=13 18 14 21 22 10
split_gain=0.636667 0.571716 0.310927 0.24597 0.224278 0.0877398
threshold=4.551394224166871 0.52201768755912792 0.39495874941349035 0.018667518161237243 0.87360870838165294 4.0184772014617929
decision_type=2 2 2 2 2 2
left_child=1 4 3 -2 -1 -4
right_child=2 -3 5 -5 -6 -7
leaf_value=-0.0093362642401690222 -0.00048794490411762227 0.0020040237553701815 0.00093235782893186779 0.0082865140636113784 0 -0.0031292595890632748
leaf_weight=3.0351112802818538 0.33945791755468269 1.9260452877606438 0.57113719189510426 2.3919725073355949 0.56394283259578504 0.86003260958386818
leaf_count=4306 610 350 58 562 53 463
internal_value=-0.000256799 -0.00468184 0.00428427 0.00677731 -0.00807145 -0.00107185
internal_weight=9.6877 5.5251 4.1626 2.73143 3.59905 1.43117
internal_count=6402 4709 1693 1172 4359 521
is_linear=0
shrinkage=0.025


Tree=251
num_leaves=7
num_cat=0
split_feature=26 22 12 17 18 15
split_gain=0.974555 0.795586 0.300916 0.124388 0.0869738 0.0211536
threshold=-1.0072752833366392 0.74925556778907787 2.6171165704727177 -0.00600196374580264 0.46275307238101965 -0.13006496429443357
decision_type=2 2 2 2 2 2
left_child=2 4 -1 -4 -2 -3
right_child=1 5 3 -5 -6 -7
leaf_value=-0.0015110130838634349 -0.010809854684493143 0 0 0.0073481427476126716 0 0.0027289945057774189
leaf_weight=0.48941008848123635 3.4705092414660612 0.16937901697383506 0.26969773096789218 3.020703573532955 0.62965376159263531 1.3937944293938922
leaf_count=387 5111 34 183 294 283 160
internal_value=-0.00173148 -0.00665733 0.00452532 0.00654685 -0.0101388 0.00228928
internal_weight=9.44315 5.66334 3.77981 3.2904 4.10016 1.56317
internal_count=6452 5588 864 477 5394 194
is_linear=0
shrinkage=0.025


Tree=252
num_leaves=7
num_cat=0
split_feature=26 26 5 22 24 26
split_gain=0.620927 0.481541 0.445658 0.188795 0.181738 0.0441736
threshold=-0.93846106529235829 -0.39754366874694819 4.0458197593688974 1.4670578837394717 0.46034276485443121 -0.3663568496704101
decision_type=2 2 2 2 2 2
left_child=2 3 4 -2 -1 -3
right_child=1 5 -4 -5 -6 -7
leaf_value=0.0075086400560966287 -0.0086451020014941694 0.0033447700882985607 -0.0024337375265434309 0 -0.00019327257484915027 0
leaf_weight=3.6538237450185993 3.6411143809309583 0.2950517893768847 1.155989728253189 0.25002337037585665 0.24071115733750037 0.15162085878546339
leaf_count=414 4597 27 932 15 428 76
internal_value=-0.000444526 -0.00526135 0.00363001 -0.00770486 0.00648888 0.00240981
internal_weight=9.38834 4.33781 5.05052 3.89114 3.89453 0.446673
internal_count=6489 4715 1774 4612 842 103
is_linear=0
shrinkage=0.025


Tree=253
num_leaves=6
num_cat=0
split_feature=21 12 26 22 19
split_gain=0.923006 0.440561 0.335457 0.280976 0.0275303
threshold=0.30891102552413946 2.8843159675598149 -0.79773235321044911 0.87360870838165294 1.1841418147087099
decision_type=2 2 2 2 2
left_child=3 4 -3 -1 -2
right_child=1 2 -4 -5 -6
leaf_value=-0.0082567376910372466 -0.0029433250003026859 0.0082646738038518637 -0.00058894452300043267 0.0005960825339532957 0
leaf_weight=2.5763649266809812 0.7212814430677098 5.0214363066043006 1.1382986566495672 0.60495153936790291 0.11087766563287005
leaf_count=4723 306 801 567 45 2
internal_value=0 0.00441726 0.00653768 -0.0064739 -0.00235546
internal_weight=10.1732 6.99189 6.15973 3.18132 0.832159
internal_count=6444 1676 1368 4768 308
is_linear=0
shrinkage=0.025


Tree=254
num_leaves=7
num_cat=0
split_feature=26 5 26 24 24 26
split_gain=0.596969 0.364593 0.320401 0.441024 0.134858 0.0361124
threshold=-0.96963617205619801 4.0280480384826669 -0.39754366874694819 -3.6482713222503658 0.46034276485443121 -0.3663568496704101
decision_type=2 2 2 2 2 2
left_child=1 4 3 -2 -1 -4
right_child=2 -3 5 -5 -6 -7
leaf_value=0.0071946357044989587 0.0010005022973369954 -0.001934208431114243 0.0027069198365125518 -0.0090173895437097636 0 0
leaf_weight=3.2733565258313324 1.2528276573357287 0.97278091501357256 0.16431731319244136 3.5104788936259865 0.18313495901020349 0.16193739940354124
leaf_count=275 181 768 24 4831 252 76
internal_value=-0.000453721 0.0038317 -0.0048533 -0.00657936 0.00637767 0.00169325
internal_weight=9.51883 4.42927 5.08956 4.76331 3.45649 0.326255
internal_count=6407 1295 5112 5012 527 100
is_linear=0
shrinkage=0.025


Tree=255
num_leaves=7
num_cat=0
split_feature=6 25 7 21 24 2
split_gain=0.634866 0.494649 0.207328 0.17397 0.0900006 0.085065
threshold=2.899608969688416 0.74007445573806774 5.0568530559539804 1.2718510627746584 -5.4482588768005362 1.5967977643013003
decision_type=2 2 2 2 2 2
left_child=1 5 -3 4 -2 -1
right_child=3 2 -4 -5 -6 -7
leaf_value=0 0 -0.0041767358339522449 0.0020609202831484309 0.00012144148479546573 -0.0072009242938137659 0.0079149915339830432
leaf_weight=0.086045296589873366 0.49275975028285834 2.0575913081665935 0.63977076799346821 0.97496950978529628 2.0176540973116062 3.6616362704917265
leaf_count=60 31 2501 257 84 3026 431
internal_value=1.59246e-05 0.00415723 -0.0015076 -0.00484267 -0.00640012 0.00748019
internal_weight=9.93043 6.44504 2.69736 3.48538 2.51041 3.74768
internal_count=6390 3249 2758 3141 3057 491
is_linear=0
shrinkage=0.025


Tree=256
num_leaves=7
num_cat=0
split_feature=21 19 10 3 16 15
split_gain=0.849868 0.595672 0.164466 0.136836 0.0323458 0.0194836
threshold=0.925102859735489 0.3466890156269074 0.32467211782932287 1.1114910244941714 -0.19964164495468137 -1.4503160119056699
decision_type=2 2 2 2 2 2
left_child=1 5 -2 -4 -3 -1
right_child=2 4 3 -5 -6 -7
leaf_value=0 -0.00085406597268032766 -0.00014419917717616734 -0.00022329227110165614 0.005971158273916085 0.0019341174488516208 -0.010417315235546509
leaf_weight=0.037877664606640216 0.39913494695792939 0.29979859616287319 0.14473162349895607 3.1284762892573781 1.7777681287479934 3.336660503391613
leaf_count=33 65 149 56 327 362 5439
internal_value=-0.0026609 -0.00709045 0.00349115 0.00497239 0.00086114 -0.0103235
internal_weight=9.12445 5.4521 3.67234 3.27321 2.07757 3.37454
internal_count=6431 5983 448 383 511 5472
is_linear=0
shrinkage=0.025


Tree=257
num_leaves=6
num_cat=0
split_feature=27 13 19 24 18
split_gain=0.80667 0.442582 0.30044 0.175636 0.101031
threshold=0.15857991576194766 2.2160764932632451 0.54313117265701305 0.46034276485443121 0.34513933956623083
decision_type=2 2 2 2 2
left_child=1 -1 4 -3 -2
right_child=2 3 -4 -5 -6
leaf_value=-0.002396250627199348 -0.0084837014536377226 0.0077383430580925993 0.00080978756030079119 -8.4143276242716768e-05 0
leaf_weight=0.6847532886204134 2.7377121760509913 4.1730025965516688 0.93158379246597167 0.23107989606069157 1.1168525118482646
leaf_count=628 4304 540 148 482 412
internal_value=-0.000295573 0.00440304 -0.00562716 0.00683678 -0.00746751
internal_weight=9.87498 5.08884 4.78615 4.40408 3.85456
internal_count=6514 1650 4864 1022 4716
is_linear=0
shrinkage=0.025


Tree=258
num_leaves=7
num_cat=0
split_feature=22 13 21 14 13 23
split_gain=0.59071 0.574162 0.365318 0.303094 0.166227 0.0935379
threshold=0.74925556778907787 4.551394224166871 1.8499938249588015 0.38945910334587103 2.9645712375640874 -4.3057169914245597
decision_type=2 2 2 2 2 2
left_child=1 2 -1 -3 -2 -6
right_child=4 3 -4 -5 5 -7
leaf_value=-0.0091408188425311839 -0.00025705143539908419 0.005225137366512235 0.0008789379752632393 -0.0024250691717200407 0 0.0072264545605390494
leaf_weight=3.0654502145043812 0.36477712576743249 2.1694845273850665 0.62506087555084366 0.63503716177365266 0.30707319648354348 2.6724724968880764
leaf_count=4566 78 1145 33 421 95 135
internal_value=0 -0.00336968 -0.00719529 0.00224821 0.00534816 0.00654871
internal_weight=9.83936 6.49503 3.69051 2.80452 3.34432 2.97955
internal_count=6473 6165 4599 1566 308 230
is_linear=0
shrinkage=0.025


Tree=259
num_leaves=6
num_cat=0
split_feature=6 21 14 24 21
split_gain=0.755588 0.492112 0.3025 0.169196 0.0770795
threshold=2.899608969688416 0.018667518161237243 0.44002763926982885 -5.4482588768005362 1.8499938249588015
decision_type=2 2 2 2 2
left_child=1 -1 -3 -2 -5
right_child=3 2 -4 4 -6
leaf_value=-0.0028917791937489164 0 0.008495966226979082 -8.457434382705604e-06 -0.0080921770221771359 0
leaf_weight=0.88451097848155757 0.60444517253199626 3.374479578302271 1.7466425966194945 2.1720343605265957 0.33011051570065308
leaf_count=1582 35 1069 596 3119 22
internal_value=-0.000195975 0.00377766 0.00640663 -0.00624075 -0.00749536
internal_weight=9.11222 6.00563 5.12112 3.10659 2.50214
internal_count=6423 3247 1665 3176 3141
is_linear=0
shrinkage=0.025


Tree=260
num_leaves=7
num_cat=0
split_feature=21 19 6 10 23 23
split_gain=0.793779 0.452333 0.244666 0.208556 0.161671 0.150439
threshold=0.925102859735489 0.19867277890443805 3.0430790185928349 0.32467211782932287 -7.2919981479644767 -4.2331917285919181
decision_type=2 2 2 2 2 2
left_child=1 4 -3 -2 -1 -5
right_child=3 2 -4 5 -6 -7
leaf_value=0 -0.00077970475974379857 0.0040876412763540598 -0.0027519778041789449 0 -0.0092126907412605971 0.007315037768293892
leaf_weight=0.21053257242965662 0.38436537774396118 1.8422234021454644 0.71962148239254009 0.59478933466016348 2.8717840186036483 3.0433068154670764
leaf_count=37 64 279 581 140 5147 231
internal_value=-0.000393099 -0.00521139 0.000790585 0.00481637 -0.00837621 0.00624023
internal_weight=9.66662 5.64416 2.56184 4.02246 3.08232 3.6381
internal_count=6479 6044 860 435 5184 371
is_linear=0
shrinkage=0.025


Tree=261
num_leaves=7
num_cat=0
split_feature=27 6 19 24 22 21
split_gain=0.944336 0.453295 0.284797 0.214964 0.014486 0.0102657
threshold=0.17020188271999362 4.6524088382720956 0.54313117265701305 0.46034276485443121 1.3153609633445742 0.41287510097026831
decision_type=2 2 2 2 2 2
left_child=1 3 4 -1 -2 -4
right_child=2 -3 5 -5 -6 -7
leaf_value=0.0078660253920056749 -0.0083625065710479906 -0.0024704588454885785 0 -0.00035338894354009019 0 0.0011501354704001035
leaf_weight=4.416746321010578 3.2985347301291772 0.69839358958051878 0.11103466046915844 0.27353319908434048 0.025560688685800304 0.7253258866694523
leaf_count=591 4505 632 81 577 4 68
internal_value=-0.000565587 0.00439239 -0.00656189 0.00680669 -0.00828427 0.000445337
internal_weight=9.54913 5.38867 4.16046 4.69028 3.3241 0.836361
internal_count=6458 1800 4658 1168 4509 149
is_linear=0
shrinkage=0.025


Tree=262
num_leaves=7
num_cat=0
split_feature=22 17 27 12 6 23
split_gain=0.503318 0.515997 0.522062 0.195052 0.0922096 0.0513877
threshold=0.87360870838165294 0.51844686269760143 0.71480849385261547 2.8843159675598149 3.5907719135284428 -6.2159631252288809
decision_type=2 2 2 2 2 2
left_child=1 2 -1 -3 5 -2
right_child=4 3 -4 -5 -6 -7
leaf_value=-0.009632788748169769 0 -0.0019622951126526968 0.0019921476222057241 0.0040020655406425376 0 0.0059298146136622099
leaf_weight=3.1867169531869881 0.17354640418489076 0.56461710911389706 0.29209875185915724 2.6435569321147341 0.35305680391320482 2.1266387975701946
leaf_count=5251 68 272 80 669 47 108
internal_value=-7.4087e-05 -0.00362777 -0.00732039 0.00163503 0.00458436 0.00547058
internal_weight=9.34023 6.68699 3.47882 3.20817 2.65324 2.30019
internal_count=6495 6272 5331 941 223 176
is_linear=0
shrinkage=0.025


Tree=263
num_leaves=6
num_cat=0
split_feature=13 21 14 16 22
split_gain=0.60685 0.403127 0.226346 0.092403 0.0477663
threshold=3.0557918548583989 0.0059378370642662057 0.44002763926982885 -1.1954106688499448 0.87360870838165294
decision_type=2 2 2 2 2
left_child=3 4 -3 -1 -2
right_child=1 2 -4 -5 -6
leaf_value=0 -0.0034022743712224892 0.0074186526467301742 0 -0.0068354015466964377 0
leaf_weight=0.50834614827181246 1.0021054708704467 3.6472403947591374 2.189061085213325 1.7401351228036217 0.17660364005132567
leaf_count=52 2003 1427 737 2218 4
internal_value=0 0.00318804 0.0055555 -0.00595639 -0.00253236
internal_weight=9.26349 7.01501 5.8363 2.24848 1.17871
internal_count=6441 4171 2164 2270 2007
is_linear=0
shrinkage=0.025


Tree=264
num_leaves=7
num_cat=0
split_feature=21 19 12 12 6 3
split_gain=0.885374 0.404426 0.174583 0.155423 0.140862 0.0846548
threshold=0.925102859735489 0.24833724647760394 2.8843159675598149 7.1874547004699716 3.0430790185928349 1.178652882575989
decision_type=2 2 2 2 2 2
left_child=1 3 -2 -1 -3 -4
right_child=2 4 5 -5 -6 -7
leaf_value=-0.0093413485235545879 -0.00040048642478066206 0.003281405420850102 0 0 -0.0019166138332857305 0.0067698818370010632
leaf_weight=2.8795027902851875 0.46236758321174454 1.4352783809044924 0.20208416320383582 0.22953665896784503 0.69760001995018672 3.2860940229766129
leaf_count=5231 100 208 62 17 502 299
internal_value=-0.000599804 -0.0057604 0.00494214 -0.00853297 0.000553305 0.00620539
internal_weight=9.19246 5.24192 3.95055 3.10904 2.13288 3.48818
internal_count=6419 5958 461 5248 710 361
is_linear=0
shrinkage=0.025


Tree=265
num_leaves=7
num_cat=0
split_feature=27 5 27 22 24 26
split_gain=0.508182 0.354369 0.326108 0.332385 0.168473 0.047239
threshold=0.12988281995058062 4.7367353439331064 0.71480849385261547 0.74925556778907787 0.46034276485443121 -0.3663568496704101
decision_type=2 2 2 2 2 2
left_child=1 4 3 -2 -1 -4
right_child=2 -3 5 -5 -6 -7
leaf_value=0.0078022143986482793 -0.0074955307784610736 -0.0017413344748597262 0.0034149943238537331 0.0009034533332349002 -2.4478746269988173e-05 0
leaf_weight=3.696595413370233 3.4738362338357547 0.54880600516844413 0.27658415446057916 1.2649645134733871 0.21429001497381239 0.16070850337564468
leaf_count=385 4945 467 19 168 367 80
internal_value=0.000488535 0.00481651 -0.00316061 -0.00529899 0.00689887 0.00242642
internal_weight=9.63578 4.45969 5.17609 4.7388 3.91089 0.437293
internal_count=6431 1219 5212 5113 752 99
is_linear=0
shrinkage=0.025


Tree=266
num_leaves=6
num_cat=0
split_feature=27 25 13 17 17
split_gain=0.715362 0.438791 0.34183 0.181823 0.0500389
threshold=0.12988281995058062 0.74007445573806774 2.2160764932632451 -0.00600196374580264 0.33505587279796606
decision_type=2 2 2 2 2
left_child=2 4 -1 -4 -2
right_child=1 -3 3 -5 -6
leaf_value=-0.0018318590685003676 -0.00067062019332330585 -0.0086526715675599528 -6.675935852069229e-05 0.0076343395528255045 0.0021253424241901562
leaf_weight=0.56608359966776323 1.1121795916878912 2.2924090080632595 0.40202844927989678 3.312535351185943 1.7758228054699428
leaf_count=522 770 4141 294 425 329
internal_value=-0.000424798 -0.00518612 0.00435355 0.00652357 0.000513691
internal_weight=9.46106 5.18041 4.28065 3.71456 2.888
internal_count=6481 5240 1241 719 1099
is_linear=0
shrinkage=0.025


Tree=267
num_leaves=7
num_cat=0
split_feature=6 26 0 24 24 7
split_gain=0.572666 0.451056 0.197736 0.121484 0.0554017 0.0546495
threshold=3.2748706340789799 -0.88230291008949269 0.34448446333408361 0.46034276485443121 -5.4482588768005362 -1.102497339248657
decision_type=2 2 2 2 2 2
left_child=1 3 -3 -1 -2 -6
right_child=4 2 -4 -5 5 -7
leaf_value=0.0071869262687477998 0 0.0019646800954682881 -0.0041930099326007858 0 0 -0.0066724172860310391
leaf_weight=3.7892907573514099 0.25244426104472983 0.30077917507151175 2.3659548692921817 0.17897753932265903 0.39876158452898458 1.8320951456516916
leaf_count=447 22 118 2825 368 104 2530
internal_value=0 0.00324511 -0.00185492 0.00649268 -0.00560852 -0.00611083
internal_weight=9.1183 6.635 2.66673 3.96827 2.4833 2.23086
internal_count=6414 3758 2943 815 2656 2634
is_linear=0
shrinkage=0.025


Tree=268
num_leaves=6
num_cat=0
split_feature=6 25 21 16 25
split_gain=0.881403 0.398631 0.157666 0.125456 0.0688183
threshold=2.9659875631332402 2.6968485116958623 0.018667518161237243 -1.1954106688499448 5.3100507259368905
decision_type=2 2 2 2 2
left_child=1 2 -1 -2 -3
right_child=3 4 -4 -5 -6
leaf_value=0 0 -0.0032495746345669631 0.0075168716187236292 -0.0077964130543776381 0.00027636011281922127
leaf_weight=0.54527756066818245 0.47024549832713125 0.89392078016680876 4.1640302167616028 2.2308671112186857 0.64934027578055975
leaf_count=664 46 1448 1048 3022 213
internal_value=-1.96569e-05 0.00410666 0.00657122 -0.00684769 -0.00173331
internal_weight=8.95368 6.25257 4.70931 2.70111 1.54326
internal_count=6441 3373 1712 3068 1661
is_linear=0
shrinkage=0.025


Tree=269
num_leaves=7
num_cat=0
split_feature=13 25 21 27 15 22
split_gain=0.60907 0.476596 0.235295 0.0851752 0.0698648 0.0489513
threshold=2.9645712375640874 2.6968485116958623 0.018667518161237243 0.02500249166041613 1.2656324505805971 1.7320631146430971
decision_type=2 2 2 2 2 2
left_child=4 2 -2 -3 5 -1
right_child=1 3 -4 -5 -6 -7
leaf_value=-0.0065194827108556496 -0.00036135854248940799 0.00031102217524000197 0.0075603914680232561 -0.0038439860350192416 0 0
leaf_weight=1.6054987809729939 0.64876591486608948 0.32755380019079883 5.1463784893676348 1.1805882103290057 0.38894830731078389 0.12958992552012194
leaf_count=1991 880 21 1398 2034 132 4
internal_value=0.000118758 0.00376471 0.00633798 -0.00243558 -0.00538387 -0.00609453
internal_weight=9.42732 7.30329 5.79514 1.50814 2.12404 1.73509
internal_count=6460 4333 2278 2055 2127 1995
is_linear=0
shrinkage=0.025


Tree=270
num_leaves=7
num_cat=0
split_feature=6 21 14 21 22 26
split_gain=0.596281 0.382132 0.241897 0.196405 0.0618972 0.0298482
threshold=2.899608969688416 0.018667518161237243 0.38945910334587103 1.2718510627746584 1.0590199232101443 -1.0041493773460386
decision_type=2 2 2 2 2 2
left_child=1 -1 -3 4 -2 -5
right_child=3 2 -4 5 -6 -7
leaf_value=-0.0021250153001029903 -0.0072538263742506631 0.0081056476872944372 0 0.0017792406181251872 0 -0.00043831070917772731
leaf_weight=0.93033050779195026 1.8095951700597659 3.1977544772380497 2.1577608909537958 0.7138779130182229 0.40262107507442113 0.24118014602572646
leaf_count=1578 3071 1003 687 22 34 57
internal_value=0 0.00394191 0.00611653 -0.00491513 -0.00665708 0.000271886
internal_weight=9.45312 6.28585 5.35552 3.16727 2.21222 0.955058
internal_count=6452 3268 1690 3184 3105 79
is_linear=0
shrinkage=0.025


Tree=271
num_leaves=7
num_cat=0
split_feature=26 19 5 18 21 20
split_gain=0.742492 0.313505 0.285752 0.16747 0.0286204 0.0191233
threshold=-1.0015391111373899 0.56569987535476696 4.0280480384826669 0.46275307238101965 0.041003031656146056 -0.11211024969816206
decision_type=2 2 2 2 2 2
left_child=2 3 4 -2 -1 -3
right_child=1 5 -4 -5 -6 -7
leaf_value=0 -0.0091310640525641834 0 -0.0015028057808807226 0 0.0063648897174433316 0.0015380715105848873
leaf_weight=0.1679378354201625 3.0289270058092375 0.12557302052300645 0.73593404954954156 0.96677906131299085 2.6883378779020859 1.0069900682792647
leaf_count=81 5069 47 584 323 227 145
internal_value=-0.00159612 -0.00605287 0.00385879 -0.0079234 0.00611302 0.000606852
internal_weight=8.72048 5.12827 3.59221 3.99571 2.85628 1.13256
internal_count=6476 5584 892 5392 308 192
is_linear=0
shrinkage=0.025


Tree=272
num_leaves=7
num_cat=0
split_feature=6 25 21 24 15 4
split_gain=0.589398 0.573101 0.179792 0.110201 0.0683804 0.0350845
threshold=2.899608969688416 2.6968485116958623 0.018667518161237243 -5.4482588768005362 1.2656324505805971 2.9169685840606694
decision_type=2 2 2 2 2 2
left_child=1 2 -1 -2 -5 -3
right_child=3 5 -4 4 -6 -7
leaf_value=-2.7063085307113995e-05 0 -0.0038524877035907706 0.0075498600168252619 -0.0071047747271086974 0 0
leaf_weight=0.45245298871304829 0.4947146033518951 1.0802083412781938 4.1538097393458884 2.1510907924930511 0.41281297713067022 0.10255201318068419
leaf_count=653 30 1592 1037 3003 147 2
internal_value=-0.000192539 0.00332848 0.00652829 -0.00556264 -0.00648635 -0.00332399
internal_weight=8.84764 5.78902 4.60626 3.05862 2.5639 1.18276
internal_count=6464 3284 1690 3180 3150 1594
is_linear=0
shrinkage=0.025


Tree=273
num_leaves=7
num_cat=0
split_feature=13 22 25 23 26 13
split_gain=0.785828 0.359983 0.331267 0.203318 0.103471 0.0268822
threshold=4.0095963478088388 0.82965636253356945 2.6968485116958623 -2.465857625007629 -1.0101807713508604 2.9645712375640874
decision_type=2 2 2 2 2 2
left_child=1 -1 3 -2 -4 -3
right_child=2 5 4 -5 -6 -7
leaf_value=-0.0079367054836038016 -8.194853350562883e-05 0 0.0010968663186319892 0.0080881174661103887 -0.0033977489782099357 0.0019878874563892435
leaf_weight=2.6020179431507136 0.47440841676143497 0.31555854415637419 0.52041600978554903 3.5092063398660684 0.7473572411799978 0.86490214385412401
leaf_count=3806 194 62 38 1055 1286 51
internal_value=0 -0.00544357 0.00474589 0.00691535 -0.00115239 0.00101561
internal_weight=9.03387 3.78248 5.25139 3.98361 1.26777 1.18046
internal_count=6492 3919 2573 1249 1324 113
is_linear=0
shrinkage=0.025


Tree=274
num_leaves=7
num_cat=0
split_feature=26 26 6 22 24 26
split_gain=0.470883 0.391058 0.298116 0.237283 0.138156 0.042977
threshold=-0.96963617205619801 -0.39754366874694819 4.6524088382720956 0.74925556778907787 0.46034276485443121 -0.3663568496704101
decision_type=2 2 2 2 2 2
left_child=2 3 4 -2 -1 -3
right_child=1 5 -4 -5 -6 -7
leaf_value=0.0068299710993691767 -0.0079089171975016935 0.0033314955711834359 -0.0017565691503293838 0.00011116939888527959 0 0
leaf_weight=3.3277517684255149 3.3483872790602618 0.28448367161036003 0.55593609089555673 0.99462872150979809 0.20180932436778665 0.14905007601191744
leaf_count=414 4887 28 550 159 343 81
internal_value=0 -0.00406251 0.00382534 -0.00632668 0.00595159 0.00241887
internal_weight=8.86205 4.77655 4.0855 4.34302 3.52956 0.433534
internal_count=6462 5155 1307 5046 757 109
is_linear=0
shrinkage=0.025


Tree=275
num_leaves=7
num_cat=0
split_feature=22 13 14 6 7 16
split_gain=0.465721 0.453713 0.206346 0.133817 0.122073 0.0136268
threshold=0.74925556778907787 4.4419162273406991 0.38945910334587103 3.9529620409011845 -1.102497339248657 0.63004603981971752
decision_type=2 2 2 2 2 2
left_child=1 4 -3 5 -1 -2
right_child=3 2 -4 -5 -6 -7
leaf_value=0 0.0055600074649258865 0.0041356579895161071 -0.0020547536263139901 -0.00037629349004824871 -0.0080954440022520044 0
leaf_weight=0.38843542686663601 2.2160255584640263 2.0112127851352857 0.7640582884014292 0.2328472089866408 2.7043519790313439 0.3046525312020093
leaf_count=105 141 1237 453 55 4317 93
internal_value=-0.000260089 -0.00384094 0.00140217 0.0041208 -0.00727757 0.00534125
internal_weight=8.62158 5.86806 2.77527 2.75353 3.09279 2.52068
internal_count=6401 6112 1690 289 4422 234
is_linear=0
shrinkage=0.025


Tree=276
num_leaves=7
num_cat=0
split_feature=27 27 5 19 21 26
split_gain=0.485703 0.411368 0.306384 0.132499 0.0676439 0.043339
threshold=0.12988281995058062 0.71480849385261547 4.0280480384826669 0.54313117265701305 -0.15788888931274411 -0.3663568496704101
decision_type=2 2 2 2 2 2
left_child=2 3 4 -2 -1 -3
right_child=1 5 -4 -5 -6 -7
leaf_value=0 -0.0074927325354991955 0.0033927500477868126 -0.0015419783549500638 0 0.0066384666178063911 0
leaf_weight=0.1073708519470532 3.580703483783509 0.27239227572863456 0.98808276075214951 0.82602484393282782 2.8921972018615638 0.14588950278994151
leaf_count=113 4972 16 768 167 371 75
internal_value=-9.48726e-05 -0.00422539 0.00377786 -0.00651212 0.00618003 0.00249031
internal_weight=8.81266 4.82501 3.98765 4.40673 2.99957 0.418282
internal_count=6482 5230 1252 5139 484 91
is_linear=0
shrinkage=0.025


Tree=277
num_leaves=6
num_cat=0
split_feature=6 21 14 24 11
split_gain=0.797943 0.459145 0.229806 0.0421721 0.0180744
threshold=3.3146660327911381 0.0059378370642662057 0.39495874941349035 -5.4482588768005362 2.5567806959152226
decision_type=2 2 2 2 2
left_child=1 4 -3 -2 -1
right_child=3 2 -4 -5 -6
leaf_value=0 0 0.0080676435455051959 0 -0.0072667165019113166 -0.0030462734939585988
leaf_weight=0.069111987948417553 0.28358387778280336 3.477838659324334 2.3924709790699126 1.8224846906159653 0.91657801585461129
leaf_count=1 22 1217 767 2607 1841
internal_value=0 0.00372839 0.00612771 -0.00685483 -0.00269915
internal_weight=8.96207 6.856 5.87031 2.10607 0.98569
internal_count=6455 3826 1984 2629 1842
is_linear=0
shrinkage=0.025


Tree=278
num_leaves=7
num_cat=0
split_feature=17 24 6 23 21 15
split_gain=0.729015 0.497903 0.292841 0.170119 0.119802 0.0427189
threshold=0.48352667689323431 -4.7863144874572745 3.2748706340789799 -5.8622725009918204 1.1299512982368471 1.2656324505805971
decision_type=2 2 2 2 2 2
left_child=1 -1 3 -2 -3 -4
right_child=2 4 5 -5 -6 -7
leaf_value=0.001489517940626714 -0.00020938089911770445 -0.00958233037753509 -0.0026689921135784811 0.0069705570545751374 0 0
leaf_weight=1.1429136794249641 0.28776050204760384 2.9924952504607067 0.77984506740904158 3.0962937750082351 0.20794265102813358 0.27058183470217045
leaf_count=88 150 5216 509 451 25 26
internal_value=-0.00133491 -0.00621969 0.00354769 0.00585379 -0.00896448 -0.00154666
internal_weight=8.77783 4.34335 4.43448 3.38405 3.20044 1.05043
internal_count=6465 5329 1136 601 5241 535
is_linear=0
shrinkage=0.025


Tree=279
num_leaves=7
num_cat=0
split_feature=6 21 21 6 22 2
split_gain=0.434236 0.338148 0.160822 0.150859 0.107684 0.0224036
threshold=2.899608969688416 0.018667518161237243 1.8499938249588015 -0.15069099515676496 0.9230114519596101 4.7834270000457773
decision_type=2 2 2 2 2 2
left_child=1 5 4 -3 -2 -1
right_child=2 3 -4 -5 -6 -7
leaf_value=-0.002567561221429468 -0.0066203861967696039 0 0.00047797384161456583 0.0067944983593059109 0 0
leaf_weight=0.80606501999136515 1.940960006562819 0.80971244098327577 0.55665809678612266 3.9912153395380301 0.63630550759262394 0.10348135232925415
leaf_count=1581 3117 268 27 1369 57 1
internal_value=0 0.00353348 -0.00411408 0.0057211 -0.00559167 -0.0020267
internal_weight=8.8444 5.71047 3.13392 4.80093 2.57727 0.909546
internal_count=6420 3219 3201 1637 3174 1582
is_linear=0
shrinkage=0.025


Tree=280
num_leaves=7
num_cat=0
split_feature=6 25 21 21 22 26
split_gain=0.477214 0.466417 0.22594 0.182518 0.134908 0.104892
threshold=2.899608969688416 2.6968485116958623 0.018667518161237243 1.8499938249588015 0.9230114519596101 -1.0137537717819212
decision_type=2 2 2 2 2 2
left_child=1 2 -1 4 -2 -3
right_child=3 5 -4 -5 -6 -7
leaf_value=-0.00053178824920979055 -0.0073808075765099115 0.00044647432638013162 0.0074206064756001684 0.00048153734389740446 0 -0.0042698559024696844
leaf_weight=0.34334222505276546 1.8597079651881365 0.41679734302306315 4.2417092822470295 0.53658176091266785 0.64152175642084319 0.9493411109469887
leaf_count=647 3079 36 1045 25 57 1590
internal_value=0 0.00333326 0.00620628 -0.00468713 -0.00621103 -0.00262865
internal_weight=8.989 5.95119 4.58505 3.03781 2.50123 1.36614
internal_count=6479 3318 1692 3161 3136 1626
is_linear=0
shrinkage=0.025


Tree=281
num_leaves=7
num_cat=0
split_feature=6 21 23 21 18 26
split_gain=0.440909 0.28925 0.345986 0.172665 0.0499751 0.0306022
threshold=2.899608969688416 0.018667518161237243 -3.1106020212173457 1.2718510627746584 1.0158400535583498 -1.0041493773460386
decision_type=2 2 2 2 2 2
left_child=1 -1 -3 4 -2 -5
right_child=3 2 -4 5 -6 -7
leaf_value=-0.0019796700161692116 -0.0067093950671885533 -0.0011871997089024742 0.0072955882349923428 0.0017467134449250519 0 -0.00056735499526511311
leaf_weight=0.89484982395515533 2.1421072374814694 1.0971986868171368 3.6147789408751123 0.74861052754567936 0.12062234453333065 0.26513865642482393
leaf_count=1590 3090 483 1191 26 18 63
internal_value=-8.42436e-05 0.00296426 0.00508252 -0.00469536 -0.006322 0.000133689
internal_weight=8.88331 5.60683 4.71198 3.27648 2.26273 1.01375
internal_count=6461 3264 1674 3197 3108 89
is_linear=0
shrinkage=0.025


Tree=282
num_leaves=6
num_cat=0
split_feature=21 19 12 16 16
split_gain=0.678868 0.589279 0.154299 0.135978 0.0563641
threshold=0.925102859735489 0.19867277890443805 2.8843159675598149 0.66635900735855114 -0.19964164495468137
decision_type=2 2 2 2 2
left_child=1 -1 -2 -4 -3
right_child=2 4 3 -5 -6
leaf_value=-0.0091804162377807121 -0.00047201411954283438 -0.00050287820325243854 0.0064924305190228243 0 0.0024758332902315768
leaf_weight=2.684609144103888 0.46643357441644218 0.31467314920519163 2.7444733504016772 0.35520284200902086 2.3831611675523163
leaf_count=5143 97 193 216 140 687
internal_value=-0.000953348 -0.00529173 0.00413178 0.00545991 0.00121552
internal_weight=8.94855 5.38244 3.56611 3.09968 2.69783
internal_count=6476 6023 453 356 880
is_linear=0
shrinkage=0.025


Tree=283
num_leaves=6
num_cat=0
split_feature=21 6 14 21 16
split_gain=0.45264 0.370459 0.26041 0.0654882 0.0403037
threshold=0.0059378370642662057 3.3146660327911381 0.39495874941349035 1.8499938249588015 1.395306468009949
decision_type=2 2 2 2 2
left_child=4 2 -2 -3 -1
right_child=1 3 -4 -5 -6
leaf_value=-0.0053460111192014 0.0076374614678895976 -0.0032937700840368145 0 0.00013883299472881131 0
leaf_weight=1.5362610720221708 3.3748778438821319 1.2575282379657435 2.1353695592588338 0.56474071863340203 0.12930281085209561
leaf_count=3064 1229 1256 750 28 59
internal_value=0 0.00313601 0.00556725 -0.00199176 -0.00492406
internal_weight=8.99808 7.33252 5.51025 1.82227 1.66556
internal_count=6386 3263 1979 1284 3123
is_linear=0
shrinkage=0.025


Tree=284
num_leaves=5
num_cat=0
split_feature=21 6 14 26
split_gain=0.505482 0.39745 0.309733 0.0971323
threshold=0.0059378370642662057 2.899608969688416 0.38945910334587103 -1.0072752833366392
decision_type=2 2 2 2
left_child=-1 2 -2 -3
right_child=1 3 -4 -5
leaf_value=-0.0055001854284481054 0.0080552767802528451 0.00039808286108785446 -0.00021682938164273118 -0.0037702072923977178
leaf_weight=1.5710204312672429 3.2122262871271232 1.4279207501313069 1.8370106317561292 1.0238499956794838
leaf_count=3192 1052 358 678 1180
internal_value=0 0.00306111 0.00581331 -0.00186564
internal_weight=9.07203 7.50101 5.04924 2.45177
internal_count=6460 3268 1730 1538
is_linear=0
shrinkage=0.025


Tree=285
num_leaves=6
num_cat=0
split_feature=21 19 10 27 14
split_gain=0.847487 0.429051 0.165605 0.096496 0.0328314
threshold=0.98096084594726574 0.3466890156269074 0.57107949256896984 0.42994664609432226 0.046013014391064651
decision_type=2 2 2 2 2
left_child=1 -1 -2 -4 -3
right_child=2 4 3 -5 -6
leaf_value=-0.0098520567220330979 -0.00080851504155794686 -0.00060129477096363152 0.0059118597768017906 0 0.001706323238456441
leaf_weight=3.1142908858746523 0.3940661852830093 0.33740287469481689 2.6599175706214742 0.21740840288111929 1.5252861900335117
leaf_count=5540 72 183 241 86 343
internal_value=-0.00271418 -0.00721837 0.00360387 0.00513121 0.000244058
internal_weight=8.24837 4.97698 3.27139 2.87733 1.86269
internal_count=6465 6066 399 327 526
is_linear=0
shrinkage=0.025


Tree=286
num_leaves=7
num_cat=0
split_feature=13 25 14 27 15 24
split_gain=0.432914 0.325966 0.272031 0.0863174 0.0695709 0.0301712
threshold=2.9645712375640874 2.6968485116958623 0.42311178147792822 0.091795228421688094 1.2656324505805971 -7.9206814765930167
decision_type=2 2 2 2 2 2
left_child=4 2 -2 -3 5 -1
right_child=1 3 -4 -5 -6 -7
leaf_value=0 0.007130331443364113 0.00045457795491851862 -0.00041846311259775994 -0.0036426418251564322 0 -0.0060940802521800112
leaf_weight=0.15052424703026202 3.5657176664772123 0.41489452172754671 1.6006884733324112 1.0594907443810369 0.3725911864239605 1.5279679736704566
leaf_count=7 1458 78 824 1996 133 2028
internal_value=0 0.00278789 0.00512121 -0.00206368 -0.00505387 -0.00578595
internal_weight=8.69187 6.64079 5.16641 1.47439 2.05108 1.67849
internal_count=6524 4356 2282 2074 2168 2035
is_linear=0
shrinkage=0.025


Tree=287
num_leaves=7
num_cat=0
split_feature=13 21 23 22 15 0
split_gain=0.617085 0.283713 0.246555 0.244107 0.110075 0.0122907
threshold=4.0095963478088388 0.0059378370642662057 -2.465857625007629 0.87360870838165294 1.2656324505805971 5.7447135448455819
decision_type=2 2 2 2 2 2
left_child=3 -2 -3 4 -1 -5
right_child=1 2 -4 5 -6 -7
leaf_value=-0.0076878643736427226 -0.0015601151272585652 -5.2142006646361524e-05 0.0077564744125657717 0.0013171601594078176 0 0
leaf_weight=2.3488306636409115 0.56606192270919553 1.3913489493024824 3.1161810860830883 0.73188221166128631 0.35862353073389375 0.21553570783726173
leaf_count=3630 1201 611 795 49 156 40
internal_value=0 0.00411333 0.00592895 -0.00498689 -0.00688674 0.000616799
internal_weight=8.72846 5.07359 4.50753 3.65487 2.70745 0.947418
internal_count=6482 2607 1406 3875 3786 89
is_linear=0
shrinkage=0.025


Tree=288
num_leaves=7
num_cat=0
split_feature=13 22 21 21 23 0
split_gain=0.524445 0.251144 0.236508 0.228167 0.221019 0.0176511
threshold=4.1549561023712167 0.87360870838165294 1.8499938249588015 0.018667518161237243 -2.465857625007629 5.7447135448455819
decision_type=2 2 2 2 2 2
left_child=1 2 -1 -2 -5 -3
right_child=3 5 -4 4 -6 -7
leaf_value=-0.0082907849408577743 -0.0013705182984071441 0.001535651193752984 0.00025760129336878937 -7.4212204314862772e-05 0.0071789273591290718 0
leaf_weight=2.4160806366871843 0.5244932123878242 0.83609919056834747 0.57260596018750209 1.4248631807095078 2.5837065682535467 0.25681482259096811
leaf_count=4069 1088 55 29 571 664 45
internal_value=-0.000244285 -0.00478666 -0.00673448 0.00355548 0.00529674 0.000669484
internal_weight=8.61466 4.0816 2.98869 4.53306 4.00857 1.09291
internal_count=6521 4198 4098 2323 1235 100
is_linear=0
shrinkage=0.025


Tree=289
num_leaves=7
num_cat=0
split_feature=22 17 27 13 12 11
split_gain=0.386999 0.390379 0.467838 0.186239 0.171533 0.0723519
threshold=0.74925556778907787 0.51844686269760143 0.71480849385261547 2.9645712375640874 2.8843159675598149 4.8302047252655038
decision_type=2 2 2 2 2 2
left_child=1 2 -1 -2 -3 -5
right_child=3 4 -4 5 -6 -7
leaf_value=-0.0087472883145975275 -0.0007730202455648365 -0.0017354406507033345 0.0020304193160736333 0.0065331850045497464 0.0038945121507269632 0
leaf_weight=2.5857587086193239 0.24441129360639058 0.52237219538801616 0.28375694072747126 2.3563841385657729 2.3266695101119694 0.28987020854037826
leaf_count=5131 70 273 81 156 632 83
internal_value=0 -0.00283868 -0.00627441 0.00443928 0.00161804 0.00592878
internal_weight=8.60922 5.71856 2.86952 2.89067 2.84904 2.64625
internal_count=6426 6117 5212 309 905 239
is_linear=0
shrinkage=0.025


Tree=290
num_leaves=7
num_cat=0
split_feature=24 12 14 5 23 21
split_gain=0.326146 0.434998 0.156285 0.0864003 0.087545 0.0862229
threshold=-3.5142350196838374 5.2846040725708017 0.35273365676403051 4.7367353439331064 -4.1484918594360343 1.2718510627746584
decision_type=2 2 2 2 2 2
left_child=3 5 -3 4 -1 -2
right_child=1 2 -4 -5 -6 -7
leaf_value=0 -0.0069083478309700189 0.0044747597372831651 -0.0011138111758389406 0 0.0053982517600384694 0
leaf_weight=0.32679111181642007 3.217973295359116 1.2793657770162097 0.63715959231194563 0.1784748237550956 2.2428663775572204 0.73380424137576472
leaf_count=114 5088 649 350 50 165 84
internal_value=0 -0.00305587 0.00225112 0.0036345 0.00454475 -0.00614761
internal_weight=8.61644 5.8683 1.91653 2.74813 2.56966 3.95178
internal_count=6500 6171 999 329 279 5172
is_linear=0
shrinkage=0.025


Tree=291
num_leaves=6
num_cat=0
split_feature=21 6 6 20 16
split_gain=0.37806 0.288397 0.199622 0.0563904 0.0363195
threshold=0.0059378370642662057 3.3146660327911381 0.044244499877095229 0.60926595330238353 1.395306468009949
decision_type=2 2 2 2 2
left_child=4 2 -2 -3 -1
right_child=1 3 -4 -5 -6
leaf_value=-0.0052336269752359232 -0.00045966565995825915 -0.0029661570632807397 0.0063158232799525359 0.00012938155634692228 0
leaf_weight=1.4974788177150911 0.75317106942020462 1.3187954906079538 4.1344824224615877 0.47479329955604033 0.13486363258198242
leaf_count=3132 338 1125 1622 138 59
internal_value=0 0.00263354 0.00493517 -0.00173461 -0.00483852
internal_weight=8.31358 6.68124 4.88765 1.79359 1.63234
internal_count=6414 3223 1960 1263 3191
is_linear=0
shrinkage=0.025


Tree=292
num_leaves=7
num_cat=0
split_feature=6 25 7 26 2 18
split_gain=0.373519 0.312941 0.190918 0.146427 0.0785164 0.0607285
threshold=2.899608969688416 0.74007445573806774 5.0568530559539804 -1.0072752833366392 1.5967977643013003 0.14907678961753848
decision_type=2 2 2 2 2 2
left_child=1 4 -3 5 -1 -2
right_child=3 2 -4 -5 -6 -7
leaf_value=0 -0.0012261010371880923 -0.003727033811655193 0.0022874823129301787 -0.0052947869562635719 0.0068290488135896443 0.0021754211485193161
leaf_weight=0.094807682693499706 0.43394934659954776 1.9287840479501031 0.58545460824461759 1.4492307059063021 3.2719553131209977 1.315415117460361
leaf_count=68 522 2525 259 2424 432 220
internal_value=0.000476412 0.00367879 -0.000904574 -0.00330193 0.00634368 0.000122399
internal_weight=9.0796 5.881 2.51424 3.1986 3.36676 1.74936
internal_count=6450 3284 2784 3166 500 742
is_linear=0
shrinkage=0.025


Tree=293
num_leaves=7
num_cat=0
split_feature=6 25 26 14 0 14
split_gain=0.521774 0.311925 0.152799 0.0703947 0.0530354 0.0174116
threshold=3.2748706340789799 2.6968485116958623 -1.0137537717819212 0.56035840511322033 3.5882822275161748 -1.1693200469017027
decision_type=2 2 2 2 2 2
left_child=1 3 -3 -1 -2 -6
right_child=4 2 -4 -5 5 -7
leaf_value=0.0063288622404810676 0 0.0013698569386974826 -0.0041628822552449724 0 0 -0.0061283884611660414
leaf_weight=3.4968137974865385 0.31932196341767882 0.58949835995736066 0.94080600823144755 1.2623041221577294 0.26294685446555388 1.6781270527353622
leaf_count=1431 354 46 1786 515 95 2202
internal_value=0 0.00325112 -0.00165751 0.00551048 -0.00533674 -0.00587933
internal_weight=8.54982 6.28942 1.5303 4.75912 2.2604 1.94107
internal_count=6429 3778 1832 1946 2651 2297
is_linear=0
shrinkage=0.025


Tree=294
num_leaves=7
num_cat=0
split_feature=21 14 5 25 16 20
split_gain=0.305848 0.21137 0.270571 0.164383 0.0380177 0.0278539
threshold=0.0059378370642662057 0.37017516791820532 4.0280480384826669 -2.2444958686828609 1.395306468009949 2.7990188598632817
decision_type=2 2 2 2 2 2
left_child=4 2 -2 -3 5 -1
right_child=1 3 -4 -5 -6 -7
leaf_value=-0.0050993963921130356 0.0064538206172472653 0.0017298154335404405 -0.0011674420537566399 -0.0037412522559680051 0 0
leaf_weight=1.4670025280665866 3.4061108448768209 1.1669575711312066 0.66785151546537225 1.5587567552483959 0.12204226750509395 0.078216032994532614
leaf_count=3153 1602 161 436 1088 57 21
internal_value=0 0.00233179 0.00456081 -0.000986351 -0.00436439 -0.00479931
internal_weight=8.46694 6.79968 4.07396 2.72571 1.66726 1.54522
internal_count=6518 3287 2038 1249 3231 3174
is_linear=0
shrinkage=0.025


Tree=295
num_leaves=7
num_cat=0
split_feature=6 21 14 21 22 2
split_gain=0.513436 0.353733 0.227475 0.135424 0.122229 0.0208792
threshold=2.899608969688416 0.018667518161237243 0.39495874941349035 1.8499938249588015 0.9230114519596101 4.7834270000457773
decision_type=2 2 2 2 2 2
left_child=1 5 -3 4 -2 -1
right_child=3 2 -4 -5 -6 -7
leaf_value=-0.0024449425632079727 -0.0066554779185543454 0.0080141805472584669 0 0.0002024949643103108 0 0
leaf_weight=0.77539832854563417 1.8872117744176655 3.0848226221423829 1.9295936381677163 0.55535285288351577 0.69232475479657285 0.1021115854382515
leaf_count=1614 3106 1027 670 27 63 1
internal_value=0.000246656 0.00403671 0.00613637 -0.00421121 -0.00549277 -0.00191145
internal_weight=9.02682 5.89193 5.01442 3.13489 2.57954 0.87751
internal_count=6508 3312 1697 3196 3169 1615
is_linear=0
shrinkage=0.025


Tree=296
num_leaves=6
num_cat=0
split_feature=6 26 14 22 22
split_gain=0.763257 0.227371 0.26953 0.147049 0.0553303
threshold=2.899608969688416 -0.88230291008949269 0.27955849468708044 0.03394336253404618 0.9230114519596101
decision_type=2 2 2 2 2
left_child=1 3 -3 -1 -2
right_child=4 2 -4 -5 -6
leaf_value=-1.9756879764928624e-05 -0.0071631225177336208 0.0028440379666985899 -0.0043546359326492911 0.006978837841578038 0
leaf_weight=0.22348462205809516 1.9813797435344898 1.4771679300665712 1.151636136248271 2.9535637110420794 0.66707958425104141
leaf_count=376 3111 1595 1063 236 61
internal_value=-0.000201861 0.00377449 -0.000277478 0.00601115 -0.00650491
internal_weight=8.45431 5.80585 2.6288 3.17705 2.64846
internal_count=6442 3270 2658 612 3172
is_linear=0
shrinkage=0.025


Tree=297
num_leaves=7
num_cat=0
split_feature=26 12 23 6 22 22
split_gain=0.379464 0.276632 0.26113 0.223235 0.191474 0.0880609
threshold=-1.0015391111373899 5.3304333686828622 -2.465857625007629 4.6524088382720956 0.74925556778907787 -0.25484709441661829
decision_type=2 2 2 2 2 2
left_child=3 4 -3 5 -2 -1
right_child=1 2 -4 -5 -6 -7
leaf_value=0 -0.0070921769666768275 -0.0025762021071661246 0.004703182203367671 -0.0011279829035374428 9.9365689823571578e-05 0.006438477611612356
leaf_weight=0.13467178635619426 2.5098512095064511 0.53053986837403488 1.2435778346916775 0.42997875147921139 0.84197595850855567 2.9119139845242898
leaf_count=143 4401 510 478 451 124 321
internal_value=0 -0.00309243 0.00130894 0.00406878 -0.00555935 0.00582411
internal_weight=8.60251 5.12594 1.77412 3.47656 3.35183 3.04659
internal_count=6428 5513 988 915 4525 464
is_linear=0
shrinkage=0.025


Tree=298
num_leaves=6
num_cat=0
split_feature=6 26 27 24 22
split_gain=0.682906 0.344205 0.212258 0.131647 0.0937589
threshold=2.8445436954498295 -0.88230291008949269 0.71480849385261547 -5.4482588768005362 -0.099197253584861741
decision_type=2 2 2 2 2
left_child=1 4 -3 -2 -1
right_child=3 2 -4 -5 -6
leaf_value=0 0 -0.0040022922914043765 0.0023743401731321505 -0.0072965521856873496 0.0069141945807879579
leaf_weight=0.13876182687818106 0.52051235068211132 2.0755906359427176 0.4244470684279803 2.2720167249499355 3.0953010879566136
leaf_count=228 31 2537 100 3249 344
internal_value=-0.000438405 0.00340615 -0.00122521 -0.00625498 0.00631536
internal_weight=8.52663 5.7341 2.50004 2.79253 3.23406
internal_count=6489 3209 2637 3280 572
is_linear=0
shrinkage=0.025


Tree=299
num_leaves=7
num_cat=0
split_feature=6 21 14 22 21 2
split_gain=0.476401 0.268573 0.275132 0.0891671 0.0534587 0.0201821
threshold=2.899608969688416 0.018667518161237243 0.39495874941349035 1.0590199232101443 1.8499938249588015 4.7834270000457773
decision_type=2 2 2 2 2 2
left_child=1 5 -3 4 -2 -1
right_child=3 2 -4 -5 -6 -7
leaf_value=-0.002396726765236501 -0.0066857348016723193 0.0071653854728802695 -0.00046177638138655483 0 0 0
leaf_weight=0.76706496140286606 1.7721950986106101 2.8630755072808824 1.6241634651596539 0.61274490039795626 0.37156119468272653 0.10101655125617981
leaf_count=1609 3131 1017 638 40 28 1
internal_value=-0.00035383 0.00287885 0.00495751 -0.00524731 -0.0061398 -0.00186972
internal_weight=8.11182 5.35532 4.48724 2.7565 2.14376 0.868082
internal_count=6464 3265 1655 3199 3159 1610
is_linear=0
shrinkage=0.025


Tree=300
num_leaves=7
num_cat=0
split_feature=6 25 24 15 2 16
split_gain=0.500289 0.3388 0.119028 0.118575 0.0675486 0.0513325
threshold=2.8445436954498295 2.6968485116958623 -5.4482588768005362 0.17156413942575457 2.932014107704163 -1.1954106688499448
decision_type=2 2 2 2 2 2
left_child=1 3 -2 -1 -3 -4
right_child=2 4 5 -5 -6 -7
leaf_value=0.0068591576932118953 0 -0.0033833002558061598 0 0 0.0001857698153022746 -0.0068169293095738858
leaf_weight=2.5944004341945401 0.50375306627393035 0.90344732702760644 0.3945266719347279 1.5092262345642664 0.42575210038557998 1.9488517735935598
leaf_count=957 31 1433 46 664 141 3143
internal_value=-0.000237398 0.00304899 -0.00525188 0.00557742 -0.00200897 -0.00629324
internal_weight=8.27996 5.43283 2.84713 4.10363 1.3292 2.34338
internal_count=6415 3195 3220 1621 1574 3189
is_linear=0
shrinkage=0.025


Tree=301
num_leaves=7
num_cat=0
split_feature=13 23 21 18 26 24
split_gain=0.445823 0.272901 0.226679 0.207951 0.13192 0.0678994
threshold=4.224147081375123 -2.3998926877975459 0.018667518161237243 0.52201768755912792 -1.0245457291603086 -5.4482588768005362
decision_type=2 2 2 2 2 2
left_child=3 4 -3 5 -2 -1
right_child=1 2 -4 -5 -6 -7
leaf_value=0 0.0013092011793771751 -0.00062449381177750725 0.0072514553319730675 0.00036382317116413472 -0.0038164437992570799 -0.0068681323892958073
leaf_weight=0.30027128432266215 0.58215318410293548 0.36383747866784721 2.6141218191114604 1.330324447557359 0.78876988144293114 2.4029478820884833
leaf_count=21 25 614 616 317 908 3870
internal_value=-0.000222626 0.00329766 0.00571747 -0.00443444 -0.00133958 -0.00631059
internal_weight=8.38243 4.34888 2.97796 4.03354 1.37092 2.70322
internal_count=6371 2163 1230 4208 933 3891
is_linear=0
shrinkage=0.025


Tree=302
num_leaves=7
num_cat=0
split_feature=6 25 24 21 15 2
split_gain=0.36538 0.34212 0.148129 0.121177 0.0781651 0.0631198
threshold=2.899608969688416 2.6968485116958623 -5.4482588768005362 0.018667518161237243 1.2656324505805971 2.9689218997955327
decision_type=2 2 2 2 2 2
left_child=1 3 -2 -1 -4 -3
right_child=2 5 4 -5 -6 -7
leaf_value=0 0.00027319633895148875 -0.0033932235373721913 -0.0064007822863758378 0.0063624947138937269 0 6.8127694137438006e-05
leaf_weight=0.40475245470952392 0.6089706851053055 0.9194168546800936 1.9849466434807257 3.4985768375881889 0.37546130343616813 0.39422511405609839
leaf_count=629 36 1451 2995 1009 150 145
internal_value=0 0.00285372 -0.00426784 0.0054895 -0.00567827 -0.00213322
internal_weight=8.18635 5.21697 2.96938 3.90333 2.36041 1.31364
internal_count=6415 3234 3181 1638 3145 1596
is_linear=0
shrinkage=0.025


Tree=303
num_leaves=5
num_cat=0
split_feature=6 21 14 15
split_gain=0.641922 0.409154 0.241577 0.0899975
threshold=2.899608969688416 0.018667518161237243 0.42311178147792822 1.2656324505805971
decision_type=2 2 2 2
left_child=1 -1 -3 -2
right_child=3 2 -4 -5
leaf_value=-0.0023259022420213031 -0.0061385047658207683 0.0082131065635483533 0 0
leaf_weight=0.74743732587194234 2.3129118124670645 3.2648157385010563 1.7997412407603404 0.48211260489915719
leaf_count=1611 3052 1053 603 161
internal_value=0 0.00410158 0.0063554 -0.00530422
internal_weight=8.60702 5.81199 5.06456 2.79502
internal_count=6480 3267 1656 3213
is_linear=0
shrinkage=0.025


Tree=304
num_leaves=7
num_cat=0
split_feature=27 27 22 5 24 27
split_gain=0.382581 0.34312 0.331869 0.208373 0.087909 0.0363106
threshold=0.10868817195296289 0.71480849385261547 0.74925556778907787 4.7367353439331064 0.51121774315834057 0.74845585227012645
decision_type=2 2 2 2 2 2
left_child=3 2 -2 4 -1 -3
right_child=1 5 -4 -5 -6 -7
leaf_value=0.0061351193756859698 -0.0078065192616983432 0.0031640964180505537 0.0008615112253032251 -0.0011385959775418696 0 0
leaf_weight=2.8417031368844627 3.3549327999826346 0.29241773010289751 1.0748630271227737 0.4262226576283864 0.1487557490254402 0.12670697085559368
leaf_count=308 5223 24 166 427 252 73
internal_value=0 -0.00352092 -0.00569889 0.00372868 0.00548296 0.00236424
internal_weight=8.2656 4.84892 4.4298 3.41668 2.99046 0.419125
internal_count=6473 5486 5389 987 560 97
is_linear=0
shrinkage=0.025


Tree=305
num_leaves=7
num_cat=0
split_feature=6 21 14 22 15 4
split_gain=0.473851 0.311578 0.299026 0.0930906 0.0751298 0.0193908
threshold=2.899608969688416 0.018667518161237243 0.42311178147792822 0.9230114519596101 0.72387486696243297 3.6489561796188359
decision_type=2 2 2 2 2 2
left_child=1 5 -3 4 -2 -1
right_child=3 2 -4 -5 -6 -7
leaf_value=-0.002314059669393223 -0.0061895734840923334 0.0078842412173355855 -0.00023767443917387918 0 0 0
leaf_weight=0.74414890082516638 1.4815692452775699 3.2962677654213621 1.7652158843557115 0.6890968262014211 0.58731086418629264 0.10113149136304855
leaf_count=1599 2776 1065 628 56 340 1
internal_value=9.4083e-05 0.00374664 0.00572002 -0.00429597 -0.00533715 -0.00178574
internal_weight=8.66474 5.90676 5.06148 2.75798 2.06888 0.84528
internal_count=6465 3293 1693 3172 3116 1600
is_linear=0
shrinkage=0.025


Tree=306
num_leaves=6
num_cat=0
split_feature=6 25 22 7 2
split_gain=0.587987 0.316037 0.181148 0.176279 0.06917
threshold=2.899608969688416 0.74007445573806774 0.9230114519596101 5.0568530559539804 1.5967977643013003
decision_type=2 2 2 2 2
left_child=1 4 -2 -3 -1
right_child=2 3 -4 -5 -6
leaf_value=0 -0.0072032308858192354 -0.0037604903310006418 5.9429907778408718e-07 0.0020015010778732232 0.0065932623543739815
leaf_weight=0.084176346023014381 1.9366868404995332 1.8376293295004873 0.80879603621724516 0.62161791014659673 3.1130929810678936
leaf_count=58 3180 2468 60 273 438
internal_value=-0.000116314 0.00336923 -0.00564369 -0.0011008 0.00614417
internal_weight=8.402 5.65652 2.74548 2.45925 3.19727
internal_count=6477 3237 3240 2741 496
is_linear=0
shrinkage=0.025


Tree=307
num_leaves=6
num_cat=0
split_feature=27 6 24 24 19
split_gain=0.577369 0.289792 0.148226 0.0874014 0.0737409
threshold=0.17020188271999362 4.6524088382720956 0.46034276485443121 -3.6482713222503658 0.39547626674175268
decision_type=2 2 2 2 2
left_child=1 2 -1 -2 -5
right_child=3 -3 -4 4 -6
leaf_value=0.006289620999415566 0 -0.0020418482102506708 -0.00019857007059735708 -0.0071937336623890749 0
leaf_weight=3.5337205441301198 0.80404053048550883 0.61788185264231277 0.24191857524237992 2.5896880647014773 0.36396442066325096
leaf_count=597 151 648 568 4364 133
internal_value=-0.00119088 0.00305126 0.00528542 -0.00577477 -0.00660205
internal_weight=8.15121 4.39352 3.77564 3.75769 2.95365
internal_count=6461 1813 1165 4648 4497
is_linear=0
shrinkage=0.025


Tree=308
num_leaves=7
num_cat=0
split_feature=27 6 22 21 21 24
split_gain=0.528034 0.304962 0.150719 0.0913474 0.0893102 0.0401951
threshold=0.17020188271999362 3.3146660327911381 0.74925556778907787 0.98096084594726574 1.8499938249588015 0.19250217825174334
decision_type=2 2 2 2 2 2
left_child=1 5 3 -2 -3 -1
right_child=2 4 -4 -5 -6 -7
leaf_value=0.0061223688257562399 -0.0073942002619474456 -0.0033785537152892621 0 0 0.0007183543855845847 0
leaf_weight=2.7916928499325881 2.2628950530706797 1.06112810351442 0.92080745746352466 0.63566145068034519 0.47941124028875481 0.2398596516031829
leaf_count=229 4351 1356 160 117 11 215
internal_value=-0.000787738 0.00310912 -0.00527927 -0.00656094 -0.00157352 0.00576507
internal_weight=8.39146 4.57209 3.81936 2.89856 1.54054 3.03155
internal_count=6439 1811 4628 4468 1367 444
is_linear=0
shrinkage=0.025


Tree=309
num_leaves=7
num_cat=0
split_feature=26 19 6 22 22 15
split_gain=0.594244 0.34706 0.219341 0.145944 0.0824828 0.0196207
threshold=-1.0015391111373899 0.56569987535476696 4.6524088382720956 1.2008115053176882 -0.25484709441661829 0.35796099901199346
decision_type=2 2 2 2 2 2
left_child=2 3 4 -2 -1 -3
right_child=1 5 -4 -5 -6 -7
leaf_value=0 -0.0081577795626703829 0.0017983372128276992 -0.0011902224977871304 0 0.0061970501970340514 0
leaf_weight=0.13146638333637417 3.3937172532005211 1.0813776986287846 0.44529893262733811 0.20049354099319305 2.9321378802414988 0.14967838904703956
leaf_count=147 5294 118 474 12 325 71
internal_value=-0.000873183 -0.00512308 0.00381277 -0.0073745 0.00560216 0.00109009
internal_weight=8.33417 4.82527 3.5089 3.59421 3.0636 1.23106
internal_count=6441 5495 946 5306 472 189
is_linear=0
shrinkage=0.025


Tree=310
num_leaves=7
num_cat=0
split_feature=24 17 10 6 16 12
split_gain=0.594551 0.314303 0.129684 0.113354 0.0786589 0.0690357
threshold=-3.6482713222503658 0.7178199589252473 6.9753286838531503 3.9529620409011845 0.63004603981971752 2.9998610019683842
decision_type=2 2 2 2 2 2
left_child=3 2 -2 4 -1 -3
right_child=1 5 -4 -5 -6 -7
leaf_value=0.0053786096380771626 -0.0087621642656366735 -0.0012952559766910773 0 -0.00039997347713064177 0 0.0023150978785490533
leaf_weight=2.0415307124058026 3.1705824368855251 0.43319953806712863 0.21928568062139664 0.23697275653830718 0.25551662791986007 1.4165884836911571
leaf_count=150 5623 211 22 62 90 246
internal_value=-0.00222276 -0.00584784 -0.00806896 0.00334974 0.00460209 0.000228861
internal_weight=7.77368 5.23966 3.38987 2.53402 2.29705 1.84979
internal_count=6404 6102 5645 302 240 457
is_linear=0
shrinkage=0.025


Tree=311
num_leaves=7
num_cat=0
split_feature=13 25 18 27 8 16
split_gain=0.272999 0.301898 0.122397 0.063594 0.0628074 0.0175209
threshold=2.9645712375640874 2.6968485116958623 0.53333166241645824 0.091795228421688094 5.2906944751739511 -0.63316541910171498
decision_type=2 2 2 2 2 2
left_child=2 4 -1 -3 -2 -4
right_child=1 3 5 -5 -6 -7
leaf_value=-0.0050104820928153094 0.0053906658205137067 0.00015830048455870089 0.0014163560808236582 -0.0032761141285473205 0 -7.4495522439923568e-05
leaf_weight=1.337608397989243 5.0193722766744031 0.36746067240892422 0.5862208418911905 0.98674579752514546 0.12245242801873235 0.15684271483041801
leaf_count=1998 2164 77 23 1958 133 131
internal_value=9.60657e-05 0.0027645 -0.00342151 -0.00196934 0.00498376 0.000222515
internal_weight=8.5767 6.49603 2.08067 1.35421 5.14182 0.743064
internal_count=6484 4332 2152 2035 2297 154
is_linear=0
shrinkage=0.025


Tree=312
num_leaves=7
num_cat=0
split_feature=13 25 22 23 7 26
split_gain=0.387636 0.333749 0.281723 0.13784 0.104509 0.061667
threshold=4.0095963478088388 2.6968485116958623 0.87360870838165294 -2.6385393142700191 -1.102497339248657 -1.0137537717819212
decision_type=2 2 2 2 2 2
left_child=2 3 4 -2 -1 -3
right_child=1 5 -4 -5 -6 -7
leaf_value=0 0 0.00012969783490196287 0.0011977506995949148 0.006860540222248232 -0.0071913454524373185 -0.0032688078909856853
leaf_weight=0.33814092849570521 0.50263950192311346 0.37029161143436773 1.0595827970682874 3.0057042453481699 2.1585812573630392 0.72341583566230838
leaf_count=101 173 40 88 1104 3686 1299
internal_value=0 0.00330314 -0.00400885 0.00584475 -0.0063773 -0.00193023
internal_weight=8.15836 4.60205 3.5563 3.50834 2.49672 1.09371
internal_count=6491 2616 3875 1277 3787 1339
is_linear=0
shrinkage=0.025


Tree=313
num_leaves=7
num_cat=0
split_feature=6 21 14 21 24 2
split_gain=0.358371 0.257122 0.252828 0.14989 0.144657 0.0176507
threshold=2.899608969688416 0.018667518161237243 0.39495874941349035 1.8499938249588015 -5.4482588768005362 4.7834270000457773
decision_type=2 2 2 2 2 2
left_child=1 5 -3 4 -2 -1
right_child=3 2 -4 -5 -6 -7
leaf_value=-0.0021742135384797486 0 0.0071916183342734252 -0.00018305664957513664 0.00046189614055185325 -0.0066828529332545938 0
leaf_weight=0.71336282106676652 0.60769893263932373 2.9190186023770366 1.7957387604874382 0.55236976809101168 1.7137005866788968 0.099008791148662567
leaf_count=1584 34 1018 652 27 3139 1
internal_value=0 0.00318891 0.00509087 -0.00385364 -0.00534834 -0.00165792
internal_weight=8.4009 5.52713 4.71476 2.87377 2.3214 0.812372
internal_count=6455 3255 1670 3200 3173 1585
is_linear=0
shrinkage=0.025


Tree=314
num_leaves=7
num_cat=0
split_feature=6 26 27 24 19 24
split_gain=0.339491 0.251177 0.17569 0.104281 0.089124 0.0315436
threshold=3.2748706340789799 -0.88230291008949269 0.71480849385261547 0.46034276485443121 -0.44611886143684382 -5.4482588768005362
decision_type=2 2 2 2 2 2
left_child=1 3 -3 -1 -2 -6
right_child=4 2 -4 -5 5 -7
leaf_value=0.0063943843065476756 0 -0.0033714251510656105 0.0023870417121069688 0 0 -0.00520991104592455
leaf_weight=3.1924491633453731 0.71910536633004118 2.2754783384043553 0.41299252666794917 0.16704797564671015 0.26797437458299112 1.3281175777592575
leaf_count=431 593 2897 99 391 25 2048
internal_value=0.000230859 0.00324794 -0.000696848 0.00568107 -0.00362918 -0.00480121
internal_weight=8.36317 6.04797 2.68847 3.3595 2.3152 1.59609
internal_count=6484 3818 2996 822 2666 2073
is_linear=0
shrinkage=0.025


Tree=315
num_leaves=7
num_cat=0
split_feature=6 26 14 22 18 24
split_gain=0.3738 0.22516 0.190451 0.186196 0.106431 0.0900362
threshold=2.899608969688416 -0.79773235321044911 0.099766124039888396 0.03394336253404618 0.52201768755912792 -5.8641088008880606
decision_type=2 2 2 2 2 2
left_child=1 3 -3 -1 5 -2
right_child=4 2 -4 -5 -6 -7
leaf_value=-0.00046017472031698319 0 0.0021266411528806299 -0.0040800771800797685 0.0063814579544125439 0 -0.0063589446665495725
leaf_weight=0.47010775888702516 0.24010496411938231 0.42939778334039136 1.1714476226843542 3.2798309029240045 0.97908313808511582 1.6009748740016221
leaf_count=925 13 576 1364 411 262 2941
internal_value=0 0.00294051 -0.00111858 0.00503663 -0.00429302 -0.00554899
internal_weight=8.17095 5.35078 1.60085 3.74994 2.82016 1.84108
internal_count=6492 3276 1940 1336 3216 2954
is_linear=0
shrinkage=0.025


Tree=316
num_leaves=7
num_cat=0
split_feature=26 27 22 13 22 26
split_gain=0.321327 0.287861 0.315004 0.214779 0.0713775 0.0421862
threshold=-0.99880212545394886 0.71480849385261547 0.74925556778907787 2.2160764932632451 -0.25484709441661829 -0.3663568496704101
decision_type=2 2 2 2 2 2
left_child=3 2 -2 -1 -5 -3
right_child=1 5 -4 4 -6 -7
leaf_value=-0.0011622447060141625 -0.007153059907460688 0.0032264856553081431 0.00094291309859376518 0 0.006103227042052909 0
leaf_weight=0.43358471888859673 3.2646760270326922 0.27763946243794635 1.2605396994804321 0.11337643812294196 2.8421273017811468 0.15156943981855864
leaf_count=453 5235 19 174 165 320 80
internal_value=0 -0.00283885 -0.00493055 0.00379164 0.00557772 0.00229416
internal_weight=8.34351 4.95442 4.52522 3.38909 2.9555 0.429209
internal_count=6446 5508 5409 938 485 99
is_linear=0
shrinkage=0.025


Tree=317
num_leaves=7
num_cat=0
split_feature=27 5 22 22 19 6
split_gain=0.497494 0.283094 0.177978 0.150136 0.0664659 0.0367609
threshold=0.16833028197288516 4.0458197593688974 0.74925556778907787 -0.099197253584861741 0.39547626674175268 3.5677664279937749
decision_type=2 2 2 2 2 2
left_child=1 3 4 -1 -2 -3
right_child=2 5 -4 -5 -6 -7
leaf_value=-0.00020033606577334398 -0.00725808614769356 0 2.6119040759484772e-05 0.0063832499514400289 0 -0.0027462734539689224
leaf_weight=0.23861511725954221 2.4809402275113834 0.19368032098282117 0.99518112620717136 3.1428581025611493 0.36919595702784125 0.72043557638244238
leaf_count=464 4337 14 157 395 156 908
internal_value=-0.000946987 0.00295915 -0.00522325 0.00533062 -0.00670153 -0.00184666
internal_weight=8.14091 4.29559 3.84532 3.38147 2.85014 0.914116
internal_count=6431 1781 4650 859 4493 922
is_linear=0
shrinkage=0.025


Tree=318
num_leaves=7
num_cat=0
split_feature=6 15 25 26 10 18
split_gain=0.295564 0.253242 0.127235 0.110164 0.101468 0.028684
threshold=2.899608969688416 0.17156413942575457 2.6968485116958623 -1.0072752833366392 3.2348266839981084 0.14907678961753848
decision_type=2 2 2 2 2 2
left_child=1 2 -1 5 -3 -2
right_child=3 4 -4 -5 -6 -7
leaf_value=0.0062411488680061463 -0.00095908419254403141 0.001056697230251355 0 -0.0054329400423177533 -0.0032324732681923321 0.0014444599359545716
leaf_weight=2.5863988101373256 0.38666285336148609 0.64283165480628701 0.33753370290651208 1.2668316830058755 1.5091690710905821 1.2174998539921942
leaf_count=1002 516 92 612 2423 1537 221
internal_value=0 0.00260934 0.00522083 -0.00384102 -0.00123433 0
internal_weight=7.94693 5.07593 2.92393 2.87099 2.152 1.60416
internal_count=6403 3243 1614 3160 1629 737
is_linear=0
shrinkage=0.025


Tree=319
num_leaves=5
num_cat=0
split_feature=21 13 23 24
split_gain=0.304994 0.244517 0.152763 0.0302521
threshold=0.0059378370642662057 2.2160764932632451 -2.465857625007629 -4.7863144874572745
decision_type=2 2 2 2
left_child=3 -2 -3 -1
right_child=1 2 -4 -5
leaf_value=0 -0.0020110534812029126 0 0.0057143605326056487 -0.0044729117989127107
leaf_weight=0.23653779257438134 0.60362225198514341 1.7131104588424921 4.4592008520885438 1.3120888385128635
leaf_count=21 493 723 2056 3166
internal_value=0 0.00265874 0.00437048 -0.00404932
internal_weight=8.32456 6.77593 6.17231 1.54863
internal_count=6459 3272 2779 3187
is_linear=0
shrinkage=0.025


Tree=320
num_leaves=7
num_cat=0
split_feature=21 27 24 12 16 26
split_gain=0.33674 0.327138 0.18899 0.166211 0.123645 0.0398565
threshold=0.925102859735489 0.71480849385261547 -4.7863144874572745 2.8843159675598149 0.66635900735855114 -0.3663568496704101
decision_type=2 2 2 2 2 2
left_child=1 2 -1 -2 -5 -3
right_child=3 5 -4 4 -6 -7
leaf_value=0.00013607618976235904 -0.00085548712026543286 0.0032469646338732735 -0.0068105808892414514 0.0061158437074038084 0 0
leaf_weight=0.85575324102683215 0.33561262355942778 0.27175019271817291 3.5261358382376784 2.5940605642572341 0.37809268914133998 0.14845877687912423
leaf_count=79 98 17 5757 222 140 73
internal_value=0 -0.00325217 -0.00543826 0.00358528 0.00509275 0.0023787
internal_weight=8.10986 4.8021 4.38189 3.30777 2.97215 0.420209
internal_count=6386 5926 5836 460 362 90
is_linear=0
shrinkage=0.025


Tree=321
num_leaves=5
num_cat=0
split_feature=25 6 6 19
split_gain=0.22476 0.308719 0.108558 0.083399
threshold=2.6968485116958623 3.3146660327911381 0.044244499877095229 -0.44611886143684382
decision_type=2 2 2 2
left_child=1 2 -1 -3
right_child=-2 3 -4 -5
leaf_value=0 -0.0037956459694555942 0.00033570605669895246 0.0054555441535266043 -0.0036169364705349824
leaf_weight=0.23002905998509948 1.6248004740882604 0.59362884978509134 4.1868051377841766 1.4130876727995199
leaf_count=122 2823 309 1880 1322
internal_value=0 0.00198545 0.00467235 -0.0021505
internal_weight=8.04835 6.42355 4.41683 2.00672
internal_count=6456 3633 2002 1631
is_linear=0
shrinkage=0.025


Tree=322
num_leaves=7
num_cat=0
split_feature=26 0 18 6 17 2
split_gain=0.332248 0.249273 0.21946 0.165815 0.0701778 0.0342397
threshold=-1.0072752833366392 0.34448446333408361 0.46275307238101965 4.6524088382720956 0.10543455928564073 -0.10518401116132735
decision_type=2 2 2 2 2 2
left_child=3 5 -3 4 -1 -2
right_child=1 2 -4 -5 -6 -7
leaf_value=0 0 -0.0068970508510905739 0.00018154771705501779 -0.00087940060775727302 0.0057737483641645245 0.0027101375528121585
leaf_weight=0.52042316969527824 0.17197531442434411 3.1949878195955534 1.3459930408134821 0.38255137255327998 2.1215185076180205 0.16046735610871099
leaf_count=208 112 5054 396 426 228 17
internal_value=0 -0.00339175 -0.00514823 0.00342388 0.00503254 0.00175922
internal_weight=7.89792 4.87342 4.54098 3.02449 2.64194 0.332443
internal_count=6441 5579 5450 862 436 129
is_linear=0
shrinkage=0.025


Tree=323
num_leaves=6
num_cat=0
split_feature=21 13 23 16 15
split_gain=0.363154 0.279194 0.198026 0.0284108 0.0254191
threshold=0.0059378370642662057 2.2160764932632451 -2.465857625007629 1.395306468009949 2.9302917718887334
decision_type=2 2 2 2 2
left_child=3 -2 -3 4 -1
right_child=1 2 -4 -5 -6
leaf_value=-0.0045713664923267821 -0.0019327656807084951 0 0.006523564761261114 0 0
leaf_weight=1.3104090997385354 0.58880983893504879 1.5771976209834964 4.6641020172592116 0.12261488532749343 0.06648330721509399
leaf_count=3105 493 703 2048 61 13
internal_value=0.000621273 0.00336417 0.00505728 -0.00388755 -0.00426476
internal_weight=8.32962 6.83011 6.2413 1.49951 1.37689
internal_count=6423 3244 2751 3179 3118
is_linear=0
shrinkage=0.025


Tree=324
num_leaves=6
num_cat=0
split_feature=13 21 14 0 14
split_gain=0.370001 0.286912 0.227391 0.0579009 0.0136666
threshold=2.9645712375640874 0.0059378370642662057 0.39495874941349035 3.5882822275161748 -0.91893070936202992
decision_type=2 2 2 2 2
left_child=3 4 -3 -1 -2
right_child=1 2 -4 -5 -6
leaf_value=0 0 0.0067099752842901322 -6.0200503705811503e-05 -0.0054959461771979003 -0.0025386397071116723
leaf_weight=0.3123523645899694 0.065047119132941589 3.1746108243351046 2.0961456150089361 1.358271556538966 0.7859000624030158
leaf_count=271 8 1378 834 1861 2047
internal_value=0 0.00260349 0.00469043 -0.00483385 -0.00221657
internal_weight=7.79233 6.1217 5.27076 1.67062 0.850947
internal_count=6399 4267 2212 2132 2055
is_linear=0
shrinkage=0.025


Tree=325
num_leaves=6
num_cat=0
split_feature=27 22 6 16 18
split_gain=0.546993 0.522827 0.160747 0.0436993 0.0387202
threshold=0.077164761722087874 0.74925556778907787 4.6524088382720956 0.4413857907056809 -0.23548559099435803
decision_type=2 2 2 2 2
left_child=2 -2 4 -3 -1
right_child=1 3 -4 -5 -6
leaf_value=0 -0.008579009992488805 0.0026224427999984434 -0.00090651946046353563 -4.2881313346343523e-06 0.0052736738287361869
leaf_weight=0.11237802051982759 3.5402736206779082 1.3240602198056874 0.37995507191953937 0.24809192556131154 2.115677042089374
leaf_count=98 5588 110 383 109 214
internal_value=-0.00205567 -0.00560747 0.00319479 0.00156904 0.00490216
internal_weight=7.72044 5.11243 2.60801 1.57215 2.22806
internal_count=6502 5807 695 219 312
is_linear=0
shrinkage=0.025


Tree=326
num_leaves=7
num_cat=0
split_feature=6 26 27 21 22 24
split_gain=0.293627 0.243481 0.187497 0.174578 0.0844297 0.0631723
threshold=2.8113741874694829 -0.88541197776794422 0.71480849385261547 1.2718510627746584 -0.099197253584861741 -5.4482588768005362
decision_type=2 2 2 2 2 2
left_child=1 4 -3 5 -1 -2
right_child=3 2 -4 -5 -6 -7
leaf_value=0 0 -0.0037667779878167596 0.0022283566093226205 0.00051420564322867529 0.0059463581488852085 -0.0063152932095852368
leaf_weight=0.1458378925417495 0.41546011052560072 1.9298058695039801 0.43610532698949089 0.93225252281990822 2.5716169266306679 1.5097570638336038
leaf_count=213 31 2501 102 76 313 3224
internal_value=0 0.00265194 -0.00105071 -0.00378559 0.00527763 -0.00563817
internal_weight=7.94084 5.08337 2.36591 2.85747 2.71745 1.92522
internal_count=6460 3129 2603 3331 526 3255
is_linear=0
shrinkage=0.025


Tree=327
num_leaves=7
num_cat=0
split_feature=22 13 17 13 14 16
split_gain=0.362483 0.367914 0.187165 0.129566 0.106656 0.0681491
threshold=0.74925556778907787 5.4592490196228036 0.83499798178672802 2.9645712375640874 0.35273365676403051 0.63004603981971752
decision_type=2 2 2 2 2 2
left_child=1 2 -1 -2 -3 -5
right_child=3 4 -4 5 -6 -7
leaf_value=-0.0076135011750644984 -0.00036772642227992204 0.0039177546192529951 0 0.0057526378603347823 -0.00071118932867205516 0
leaf_weight=2.5056184679342555 0.36050945887109298 0.82750282980487078 1.2334028757977646 2.1224911964854987 0.47287945631251205 0.29788203239149869
leaf_count=5269 79 337 285 134 237 95
internal_value=0 -0.00336525 -0.00603313 0.00380845 0.00201392 0.00510141
internal_weight=7.82029 5.0394 3.73902 2.78088 1.30038 2.42037
internal_count=6436 6128 5554 308 574 229
is_linear=0
shrinkage=0.025


Tree=328
num_leaves=6
num_cat=0
split_feature=21 13 25 21 15
split_gain=0.277546 0.255355 0.162647 0.0693409 0.0307786
threshold=0.0059378370642662057 2.9645712375640874 2.6968485116958623 1.8499938249588015 -0.72788414359092701
decision_type=2 2 2 2 2
left_child=4 3 -3 -2 -1
right_child=1 2 -4 -5 -6
leaf_value=0 -0.0033450915852876006 0.0057056536002134377 -0.000259568338692952 0.00023842789754967517 -0.0045660764955681218
leaf_weight=0.12543066338184883 0.84216818744971511 4.2094635610319528 0.88475190921781166 0.56423851565341465 1.3023605630623929
leaf_count=73 1007 1440 821 31 3156
internal_value=0 0.0023088 0.00443507 -0.0018678 -0.00417726
internal_weight=7.92841 6.50062 5.09422 1.40641 1.42779
internal_count=6528 3299 2261 1038 3229
is_linear=0
shrinkage=0.025


Tree=329
num_leaves=7
num_cat=0
split_feature=26 22 6 21 22 25
split_gain=0.417273 0.352202 0.191307 0.0730868 0.0644229 0.0266865
threshold=-1.0015391111373899 0.74925556778907787 4.6524088382720956 0.98096084594726574 -0.25484709441661829 -0.66525912284851063
decision_type=2 2 2 2 2 2
left_child=2 3 4 -2 -1 -3
right_child=1 5 -4 -5 -6 -7
leaf_value=0 -0.0073394181594207729 0.0022213488026083532 -0.001087459714945766 0 0.0057225544061919355 0
leaf_weight=0.11428490006073921 2.6926642483558685 1.227866317694861 0.42092253564624105 0.80680742589902354 2.744223199733824 0.21664927142410295
leaf_count=145 5176 98 459 170 318 93
internal_value=-0.000390479 -0.00404405 0.00347856 -0.0065863 0.00521035 0.00147662
internal_weight=8.22342 4.94399 3.27943 3.49947 2.85851 1.44452
internal_count=6459 5537 922 5346 463 191
is_linear=0
shrinkage=0.025


Tree=330
num_leaves=6
num_cat=0
split_feature=21 13 14 16 20
split_gain=0.226203 0.230246 0.215105 0.0267933 0.0219967
threshold=0.0059378370642662057 2.2160764932632451 0.39495874941349035 1.395306468009949 2.7990188598632817
decision_type=2 2 2 2 2
left_child=3 -2 -3 4 -1
right_child=1 2 -4 -5 -6
leaf_value=-0.0043706203017043581 -0.0021499017212529203 0.0060337903228369315 -0.00019801560942335874 0 0
leaf_weight=1.2588952590976985 0.63027722130391328 3.3595481366737658 2.368972845017197 0.12385820340386988 0.07202254294497823
leaf_count=3117 512 1723 991 55 22
internal_value=0 0.00214601 0.0039829 -0.00371462 -0.00408821
internal_weight=7.81357 6.3588 5.72852 1.45478 1.33092
internal_count=6420 3226 2714 3194 3139
is_linear=0
shrinkage=0.025


Tree=331
num_leaves=7
num_cat=0
split_feature=21 27 19 12 3 26
split_gain=0.272015 0.31069 0.395494 0.114376 0.0569479 0.039175
threshold=0.98096084594726574 0.71480849385261547 0.50143873691558849 2.8843159675598149 1.178652882575989 -0.3663568496704101
decision_type=2 2 2 2 2 2
left_child=1 2 -1 -2 -5 -3
right_child=3 5 -4 4 -6 -7
leaf_value=-0.0078569539780114338 -0.00040519694791340676 0.0032253129700675247 0.0011814318034197848 0 0.0049995589825590258 0
leaf_weight=2.9805997787952947 0.44547589743160676 0.2713307848025579 1.4103283785079836 0.12738338748749845 2.4254175514979579 0.14555839917011315
leaf_count=5680 96 16 299 45 268 73
internal_value=0 -0.00303917 -0.00520501 0.00315112 0.00445663 0.00236709
internal_weight=7.80609 4.80782 4.39093 2.99828 2.5528 0.416889
internal_count=6477 6068 5979 409 313 89
is_linear=0
shrinkage=0.025


Tree=332
num_leaves=7
num_cat=0
split_feature=22 7 17 6 16 14
split_gain=0.333853 0.290416 0.349323 0.0967915 0.0731626 0.0358815
threshold=0.74925556778907787 5.0568530559539804 0.7178199589252473 3.9529620409011845 0.63004603981971752 0.35273365676403051
decision_type=2 2 2 2 2 2
left_child=1 2 -1 4 -2 -3
right_child=3 5 -4 -5 -6 -7
leaf_value=-0.0079467888401364827 0.0053838983638656527 0.0028505960562449058 0.00063417258054531626 -0.00011724876883752899 0 0
leaf_weight=2.6382637318183697 2.16199152803165 0.46073407550284162 1.7875811078047261 0.1972294543229508 0.26035768821748195 0.14840119726432022
leaf_count=5423 151 217 456 50 90 63
internal_value=0 -0.00326855 -0.00531997 0.00364889 0.00467 0.00197808
internal_weight=7.65456 5.03498 4.42584 2.61958 2.42235 0.609135
internal_count=6450 6159 5879 291 241 280
is_linear=0
shrinkage=0.025


Tree=333
num_leaves=7
num_cat=0
split_feature=27 27 6 24 22 27
split_gain=0.272243 0.321819 0.195812 0.136901 0.0943338 0.0376998
threshold=0.12988281995058062 0.71480849385261547 4.6524088382720956 -3.6482713222503658 -0.099197253584861741 0.74845585227012645
decision_type=2 2 2 2 2 2
left_child=2 3 4 -2 -1 -3
right_child=1 5 -4 -5 -6 -7
leaf_value=0 0 0.0031179227666428087 -0.0013749373008632407 -0.0067424469790982435 0.0055859337868973393 0
leaf_weight=0.1707219553463809 0.86465371285885373 0.28578398779791303 0.48135279115922447 2.9517764811480447 2.6459365656555747 0.13636765139381168
leaf_count=327 173 24 539 4914 372 82
internal_value=-6.83358e-05 -0.00333276 0.0028541 -0.00559439 0.00479359 0.00226525
internal_weight=7.53659 4.23858 3.29801 3.81643 2.81666 0.422152
internal_count=6431 5193 1238 5087 699 106
is_linear=0
shrinkage=0.025


Tree=334
num_leaves=7
num_cat=0
split_feature=13 15 24 21 21 26
split_gain=0.251862 0.233756 0.227934 0.231442 0.12444 0.0286402
threshold=4.7029547691345224 0.34530578553676611 -3.6482713222503658 1.8499938249588015 0.018667518161237243 -1.02165150642395
decision_type=2 2 2 2 2 2
left_child=2 4 -1 -4 -2 -3
right_child=1 5 3 -5 -6 -7
leaf_value=0.0011220792131114142 0 0 -0.0069305953633087419 0.00067067904286826003 0.0063180383748159446 -0.0023927311249094703
leaf_weight=1.4144360174213941 0.23090112452700928 0.17580271093174815 2.6453817442106815 0.56982825160957862 1.9430668233399044 0.47572832465993986
leaf_count=192 499 12 4806 29 509 481
internal_value=-3.63544e-05 0.00292009 -0.00306906 -0.00523437 0.00527177 -0.00154265
internal_weight=7.45514 2.8255 4.62965 3.21521 2.17397 0.651531
internal_count=6528 1501 5027 4835 1008 493
is_linear=0
shrinkage=0.025


Tree=335
num_leaves=7
num_cat=0
split_feature=6 21 20 22 16 2
split_gain=0.335921 0.195625 0.278031 0.139813 0.0688079 0.0149378
threshold=2.8445436954498295 0.018667518161237243 0.60278505086898815 0.9230114519596101 -1.1954106688499448 4.7834270000457773
decision_type=2 2 2 2 2 2
left_child=1 5 -3 4 -2 -1
right_child=3 2 -4 -5 -6 -7
leaf_value=-0.0019281511654532573 0 0.0066177157167361892 -0.00086590307063161048 9.3431830108967235e-05 -0.0064087310604954584 0
leaf_weight=0.65172760577115685 0.31052154589269787 3.0035424011548457 1.3544090882605813 0.79413733722321911 1.5586373539081251 0.096494145691394806
leaf_count=1578 44 1004 636 68 3129 1
internal_value=0 0.00264893 0.00440405 -0.0042595 -0.00574061 -0.0014252
internal_weight=7.76947 5.10617 4.35795 2.6633 1.86916 0.748222
internal_count=6460 3219 1640 3241 3173 1579
is_linear=0
shrinkage=0.025


Tree=336
num_leaves=7
num_cat=0
split_feature=21 14 5 25 16 15
split_gain=0.295562 0.231684 0.232625 0.106492 0.0257655 0.0232968
threshold=0.0059378370642662057 0.44002763926982885 4.0280480384826669 -2.5561543703079219 1.395306468009949 2.9302917718887334
decision_type=2 2 2 2 2 2
left_child=4 2 -2 -3 5 -1
right_child=1 3 -4 -5 -6 -7
leaf_value=-0.0043834985331429868 0.0065185069937440734 0.0011667690898748823 -0.00072653421122406713 -0.0032085807107768587 0 0
leaf_weight=1.2561643869521502 3.852805868100404 0.96204647370177587 0.71793257377612452 1.3691888213597847 0.12531735437732994 0.066360658665871486
leaf_count=3129 1788 141 482 952 61 13
internal_value=0.000265473 0.0028418 0.00494244 -0.000986154 -0.00372668 -0.00408784
internal_weight=8.34982 6.90197 4.57074 2.33124 1.44784 1.32253
internal_count=6566 3363 2270 1093 3203 3142
is_linear=0
shrinkage=0.025


Tree=337
num_leaves=7
num_cat=0
split_feature=21 14 13 19 16 15
split_gain=0.251009 0.238779 0.229868 0.0975098 0.0303533 0.0233158
threshold=0.0059378370642662057 0.39495874941349035 2.2160764932632451 0.39547626674175268 1.395306468009949 2.9302917718887334
decision_type=2 2 2 2 2 2
left_child=4 2 -2 -3 5 -1
right_child=1 3 -4 -5 -6 -7
leaf_value=-0.004330594431537051 -0.00091454240880114936 -0.0031729401630709152 0.0064590637912690088 0.00094983102101933248 0 0
leaf_weight=1.2386826468882643 0.38088366824740694 1.4148630222061913 3.4534807400523277 1.1112925359811923 0.11300555068737583 0.065271870309515978
leaf_count=3112 338 1011 1741 182 59 12
internal_value=0 0.00254225 0.00491609 -0.00110273 -0.00360635 -0.00403091
internal_weight=7.77748 6.36052 3.83436 2.52616 1.41696 1.30395
internal_count=6455 3272 2079 1193 3183 3124
is_linear=0
shrinkage=0.025


Tree=338
num_leaves=7
num_cat=0
split_feature=26 22 13 22 18 25
split_gain=0.592852 0.283016 0.181928 0.075193 0.0333279 0.0108306
threshold=-1.0015391111373899 0.74925556778907787 2.2160764932632451 -0.25484709441661829 -0.49047251045703882 -0.66525912284851063
decision_type=2 2 2 2 2 2
left_child=2 4 -1 -4 -2 -3
right_child=1 5 3 -5 -6 -7
leaf_value=-0.00096433134782427938 0 0.0012050117344719047 0 0.0058302468368551319 -0.00777840033336109 0
leaf_weight=0.39993454294381114 0.25852143123120219 0.98898369582457235 0.12960993019078237 2.7053248286938465 2.9304269940257655 0.19794527797421302
leaf_count=435 359 101 162 326 4975 89
internal_value=-0.00125105 -0.00550398 0.0035918 0.00523749 -0.00748664 0.00055812
internal_weight=7.61075 4.37588 3.23487 2.83493 3.18895 1.18693
internal_count=6447 5524 923 488 5334 190
is_linear=0
shrinkage=0.025


Tree=339
num_leaves=6
num_cat=0
split_feature=13 25 14 21 27
split_gain=0.262216 0.284641 0.117371 0.110603 0.0557367
threshold=2.9645712375640874 2.6968485116958623 0.38945910334587103 1.8499938249588015 0.02500249166041613
decision_type=2 2 2 2 2
left_child=3 2 -2 -1 -3
right_child=1 4 -4 -5 -6
leaf_value=-0.00486699705706496 0.0062899164115077059 7.7150896912749859e-05 0 0.0001811859881072148 -0.0030902500818018978
leaf_weight=1.2595785634493948 2.9349654869947699 0.29932483129232401 1.8530338766577186 0.53283081061090332 0.9457811272732215
leaf_count=2149 1390 26 876 30 1996
internal_value=8.55872e-05 0.0027699 0.00495767 -0.00341747 -0.00187589
internal_weight=7.82551 6.03311 4.788 1.79241 1.24511
internal_count=6467 4288 2266 2179 2022
is_linear=0
shrinkage=0.025


Tree=340
num_leaves=6
num_cat=0
split_feature=6 25 14 24 2
split_gain=0.421079 0.228159 0.134043 0.0717403 0.065177
threshold=3.065698623657227 2.6968485116958623 0.39495874941349035 -5.4482588768005362 2.932014107704163
decision_type=2 2 2 2 2
left_child=1 2 -1 -2 -3
right_child=3 4 -4 -5 -6
leaf_value=0.0056817593202750406 0 -0.0033013452797129011 0 -0.0066438036763225477 0.00018393602859532215
leaf_weight=2.4637932500427273 0.3693491929443552 0.78347820766248311 1.4968222922852872 1.6016434758003013 0.45230852737222449
leaf_count=1106 28 1487 682 2914 214
internal_value=-0.00129611 0.00190633 0.00418812 -0.00594722 -0.00189878
internal_weight=7.16739 5.1964 3.96062 1.97099 1.23579
internal_count=6431 3489 1788 2942 1701
is_linear=0
shrinkage=0.025


Tree=341
num_leaves=7
num_cat=0
split_feature=6 26 27 24 25 18
split_gain=0.355301 0.22244 0.158926 0.112416 0.0913354 0.0137398
threshold=2.8445436954498295 -0.88230291008949269 0.71480849385261547 0.19250217825174334 -4.3370885848999015 0.92484667897224437
decision_type=2 2 2 2 2 2
left_child=1 3 -3 -1 -2 -6
right_child=4 2 -4 -5 5 -7
leaf_value=0.0064568951058208979 0 -0.0033004378519185815 0.0022370910164280417 0 -0.0051995722050512602 0
leaf_weight=2.6381097989506093 0.8975431574872349 1.8526916677055854 0.42406979553197732 0.18127647083929321 1.5141315586097333 0.12711144668719487
leaf_count=257 101 2531 98 306 3165 25
internal_value=0 0.00332504 -0.00058168 0.00563379 -0.0038275 -0.00502246
internal_weight=7.63493 5.09615 2.27676 2.81939 2.53879 1.64124
internal_count=6483 3192 2629 563 3291 3190
is_linear=0
shrinkage=0.025


Tree=342
num_leaves=5
num_cat=0
split_feature=13 21 14 15
split_gain=0.348734 0.302093 0.15239 0.0649174
threshold=2.9645712375640874 0.0059378370642662057 0.38945910334587103 1.2656324505805971
decision_type=2 2 2 2
left_child=3 -2 -3 -1
right_child=1 2 -4 -5
leaf_value=-0.005571746936207822 -0.0025058133760642808 0.0062309047881521961 0 0
leaf_weight=1.3416564249018845 0.77373108108986333 2.9707621032994211 2.2169877238193294 0.35587669388405618
leaf_count=2042 2137 1357 854 138
internal_value=-8.4271e-06 0.00237175 0.00458549 -0.00483082
internal_weight=7.65901 5.96148 5.18775 1.69753
internal_count=6528 4348 2211 2180
is_linear=0
shrinkage=0.025


Tree=343
num_leaves=6
num_cat=0
split_feature=21 13 14 16 20
split_gain=0.319314 0.258212 0.22042 0.0246242 0.0209736
threshold=0.0059378370642662057 2.2160764932632451 0.39495874941349035 1.395306468009949 2.7990188598632817
decision_type=2 2 2 2 2
left_child=3 -2 -3 4 -1
right_child=1 2 -4 -5 -6
leaf_value=-0.0042204303473040283 -0.0018453716423987533 0.0067470212429012952 0 0 0
leaf_weight=1.2106498751381876 0.57309192620050442 3.8746051857960992 2.4607769921240106 0.1247037902012379 0.069007582518679444
leaf_count=3097 498 1789 1010 61 18
internal_value=0.000692291 0.00322461 0.0048463 -0.00358098 -0.00394067
internal_weight=8.31284 6.90847 6.33538 1.40436 1.27966
internal_count=6473 3297 2799 3176 3115
is_linear=0
shrinkage=0.025


Tree=344
num_leaves=7
num_cat=0
split_feature=13 26 14 24 18 16
split_gain=0.271035 0.171489 0.195656 0.126295 0.096167 0.0148017
threshold=2.9645712375640874 -0.88230291008949269 0.27955849468708044 0.46034276485443121 0.53333166241645824 -0.63316541910171498
decision_type=2 2 2 2 2 2
left_child=4 3 -3 -2 -1 -6
right_child=1 2 -4 -5 5 -7
leaf_value=-0.0045153167167442127 0.0059026956199364584 0.0023462671088974895 -0.0037501608492263375 -7.5715306286636816e-05 0.0012850091945502441 -0.00011707301485255406
leaf_weight=1.2107240811292284 3.3808610880732886 1.4289134047685372 1.2147850595629277 0.22496040007717955 0.56929285373189487 0.16154403995824385
leaf_count=1979 599 1892 1206 611 24 142
internal_value=0.000520086 0.00307583 -0.000258055 0.00497617 -0.003096 5.27523e-05
internal_weight=8.19108 6.24952 2.6437 3.60582 1.94156 0.730837
internal_count=6453 4308 3098 1210 2145 166
is_linear=0
shrinkage=0.025


Tree=345
num_leaves=7
num_cat=0
split_feature=26 0 13 22 21 14
split_gain=0.28503 0.21088 0.183537 0.165263 0.0813154 0.0324202
threshold=-1.0015391111373899 0.34448446333408361 2.2160764932632451 0.74925556778907787 0.18131413310766223 0.099766124039888396
decision_type=2 2 2 2 2 2
left_child=2 5 -1 -3 -4 -2
right_child=1 3 4 -5 -6 -7
leaf_value=-0.00098240777622361731 0.0026520218894275495 -0.0059397235887129578 0 0.00010700811017358582 0.0059265038037259153 0
leaf_weight=0.39818667638246585 0.16764686080932723 3.2719974702777108 0.23896316525861072 1.1793342436831151 2.5608625991080771 0.16681641274044523
leaf_count=419 19 5214 242 200 253 121
internal_value=0 -0.00272944 0.00358293 -0.00446732 0.00524705 0.00173633
internal_weight=7.98381 4.78579 3.19801 4.45133 2.79983 0.334463
internal_count=6468 5554 914 5414 495 140
is_linear=0
shrinkage=0.025


Tree=346
num_leaves=7
num_cat=0
split_feature=13 24 15 26 21 23
split_gain=0.333492 0.252314 0.203642 0.176248 0.112694 0.0199759
threshold=4.224147081375123 -3.6482713222503658 0.17156413942575457 -0.99880212545394886 0.018667518161237243 1.0000000180025095e-35
decision_type=2 2 2 2 2 2
left_child=1 5 4 -4 -2 -1
right_child=2 -3 3 -5 -6 -7
leaf_value=0.0015964419248882115 0 -0.006800356986547235 0.0018092792075233876 -0.0041150133263294537 0.005797068631928564 0
leaf_weight=0.94199795531312724 0.23051939701144952 2.2363139959143155 0.68854380304765095 0.98324983446764191 1.874807778473041 0.24799588188761845
leaf_count=104 450 4105 42 1173 536 52
internal_value=-0.00108174 -0.00461679 0.00221617 -0.00121092 0.00475426 0.000655412
internal_weight=7.20343 3.42631 3.77712 1.67179 2.10533 1.18999
internal_count=6462 4261 2201 1215 986 156
is_linear=0
shrinkage=0.025


Tree=347
num_leaves=6
num_cat=0
split_feature=6 21 14 24 11
split_gain=0.428834 0.230927 0.207796 0.0183996 0.0106119
threshold=3.3146660327911381 0.0059378370642662057 0.37017516791820532 -5.4482588768005362 2.5567806959152226
decision_type=2 2 2 2 2
left_child=1 4 -3 -2 -1
right_child=3 2 -4 -5 -6
leaf_value=0 0 0.0064689535362041769 -3.6245608131261876e-05 -0.005726301817545079 -0.00212434060822861
leaf_weight=0.06261621497105796 0.19516418062266883 2.7115597305637493 2.0467943000658124 1.5003967016164095 0.69344140456269088
leaf_count=2 22 1194 803 2621 1809
internal_value=-0.000314409 0.00253516 0.00444545 -0.00548792 -0.00181975
internal_weight=7.20997 5.51441 4.75835 1.69556 0.756058
internal_count=6451 3808 1997 2643 1811
is_linear=0
shrinkage=0.025


Tree=348
num_leaves=6
num_cat=0
split_feature=21 14 13 19 24
split_gain=0.25341 0.221669 0.222419 0.0882319 0.0335863
threshold=0.0059378370642662057 0.44002763926982885 2.2160764932632451 0.63966628909111034 -4.7863144874572745
decision_type=2 2 2 2 2
left_child=4 2 -2 -3 -1
right_child=1 3 -4 -5 -6
leaf_value=0 -0.00087573032414239881 -0.0029021766805449214 0.0063426042001494473 0.0010378373669602736 -0.0039156396847659395
leaf_weight=0.20356805427581992 0.38278527906186344 1.6058752429507879 3.7699658384826762 0.72125717199378403 1.1530822557997451
leaf_count=25 347 1012 1853 74 3183
internal_value=0.000279199 0.00273756 0.00487947 -0.000953126 -0.0033969
internal_weight=7.83653 6.47988 4.15275 2.32713 1.35665
internal_count=6494 3286 2200 1086 3208
is_linear=0
shrinkage=0.025


Tree=349
num_leaves=6
num_cat=0
split_feature=13 26 14 15 19
split_gain=0.289707 0.214876 0.275319 0.0701849 0.0630239
threshold=3.1028076410293584 -0.88230291008949269 0.099766124039888396 1.2656324505805971 -0.11566217243671416
decision_type=2 2 2 2 2
left_child=3 4 -3 -1 -2
right_child=1 2 -4 -5 -6
leaf_value=-0.0053049414094814146 0 0.0026956826153472016 -0.0046349687317438987 0 0.0052485910633575522
leaf_weight=1.3442217648298536 0.52847547555029484 0.70471280435413142 1.5853652696805509 0.33137168928260496 2.6035857754213789
leaf_count=2176 410 1007 2009 135 656
internal_value=-0.000139678 0.00211514 -0.00122013 -0.00449159 0.00457315
internal_weight=7.09773 5.42214 2.29008 1.67559 3.13206
internal_count=6393 4082 3016 2311 1066
is_linear=0
shrinkage=0.025


end of trees

feature_importances:
Column_21=242
Column_13=195
Column_6=184
Column_22=179
Column_26=162
Column_27=160
Column_24=149
Column_19=85
Column_17=77
Column_25=56
Column_23=53
Column_18=52
Column_12=51
Column_14=49
Column_2=48
Column_5=41
Column_16=41
Column_15=39
Column_3=38
Column_7=32
Column_11=17
Column_20=16
Column_10=14
Column_0=12
Column_4=12
Column_9=4
Column_1=3
Column_8=3

parameters:
[boosting: gbdt]
[objective: binary]
[metric: binary_logloss]
[tree_learner: serial]
[device_type: cpu]
[data_sample_strategy: bagging]
[data: ]
[valid: ]
[num_iterations: 350]
[learning_rate: 0.025]
[num_leaves: 7]
[num_threads: 4]
[seed: 990038]
[deterministic: 0]
[force_col_wise: 0]
[force_row_wise: 0]
[histogram_pool_size: -1]
[max_depth: 3]
[min_data_in_leaf: 20]
[min_sum_hessian_in_leaf: 0.001]
[bagging_fraction: 0.8]
[pos_bagging_fraction: 1]
[neg_bagging_fraction: 1]
[bagging_freq: 1]
[bagging_seed: 990038]
[bagging_by_query: 0]
[feature_fraction: 0.8]
[feature_fraction_bynode: 1]
[feature_fraction_seed: 990038]
[extra_trees: 0]
[extra_seed: 28067]
[early_stopping_round: 0]
[early_stopping_min_delta: 0]
[first_metric_only: 0]
[max_delta_step: 0]
[lambda_l1: 0.25]
[lambda_l2: 5]
[linear_lambda: 0]
[min_gain_to_split: 0.01]
[drop_rate: 0.1]
[max_drop: 50]
[skip_drop: 0.5]
[xgboost_dart_mode: 0]
[uniform_drop: 0]
[drop_seed: 29505]
[top_rate: 0.2]
[other_rate: 0.1]
[min_data_per_group: 100]
[max_cat_threshold: 32]
[cat_l2: 10]
[cat_smooth: 10]
[max_cat_to_onehot: 4]
[top_k: 20]
[monotone_constraints: ]
[monotone_constraints_method: basic]
[monotone_penalty: 0]
[feature_contri: ]
[forcedsplits_filename: ]
[refit_decay_rate: 0.9]
[cegb_tradeoff: 1]
[cegb_penalty_split: 0]
[cegb_penalty_feature_lazy: ]
[cegb_penalty_feature_coupled: ]
[path_smooth: 0]
[interaction_constraints: ]
[verbosity: -1]
[saved_feature_importance_type: 0]
[use_quantized_grad: 0]
[num_grad_quant_bins: 4]
[quant_train_renew_leaf: 0]
[stochastic_rounding: 1]
[linear_tree: 0]
[max_bin: 255]
[max_bin_by_feature: ]
[min_data_in_bin: 3]
[bin_construct_sample_cnt: 200000]
[data_random_seed: 21822]
[is_enable_sparse: 1]
[enable_bundle: 1]
[use_missing: 1]
[zero_as_missing: 0]
[feature_pre_filter: 1]
[pre_partition: 0]
[two_round: 0]
[header: 0]
[label_column: ]
[weight_column: ]
[group_column: ]
[ignore_column: ]
[categorical_feature: ]
[forcedbins_filename: ]
[precise_float_parser: 0]
[parser_config_file: ]
[objective_seed: 9962]
[num_class: 1]
[is_unbalance: 0]
[scale_pos_weight: 1]
[sigmoid: 1]
[boost_from_average: 1]
[reg_sqrt: 0]
[alpha: 0.9]
[fair_c: 1]
[poisson_max_delta_step: 0.7]
[tweedie_variance_power: 1.5]
[lambdarank_truncation_level: 30]
[lambdarank_norm: 1]
[label_gain: ]
[lambdarank_position_bias_regularization: 0]
[eval_at: ]
[multi_error_top_k: 1]
[auc_mu_weights: ]
[num_machines: 1]
[local_listen_port: 12400]
[time_out: 120]
[machine_list_filename: ]
[machines: ]
[gpu_platform_id: -1]
[gpu_device_id: -1]
[gpu_device_id_list: ]
[gpu_use_dp: 0]
[num_gpu: 1]

end of parameters

pandas_categorical:null
