tree
version=v4
num_class=1
num_tree_per_iteration=1
label_index=0
max_feature_idx=29
objective=binary sigmoid:1
feature_names=Column_0 Column_1 Column_2 Column_3 Column_4 Column_5 Column_6 Column_7 Column_8 Column_9 Column_10 Column_11 Column_12 Column_13 Column_14 Column_15 Column_16 Column_17 Column_18 Column_19 Column_20 Column_21 Column_22 Column_23 Column_24 Column_25 Column_26 Column_27 Column_28 Column_29
feature_infos=[-3.9632859230041504:8.5159740447998047] [-4.5016298294067383:8.5709085464477539] [-5.0761327743530273:8.3457145690917969] [-6.059171199798584:11.453814506530762] [-5.5235939025878906:11.272500991821289] [-5.0994277000427246:10.168195724487305] [-5.0772733688354492:8.5794353485107422] [-2.6070883274078369:8.374119758605957] [-2.2888696193695068:8.5405845642089844] [-2.7226605415344238:8.620152473449707] [-2.6362011432647705:9.5086498260498047] [-1.7108373641967773:8.8350791931152344] [-2.4624171257019043:8.6367120742797852] [-2.0177903175354004:8.6089515686035156] [-4.6340794563293457:5.5208940505981445] [-5.1695089340209961:6.7352347373962402] [-10.663614273071289:7.1673679351806641] [-8.725468635559082:4.5856432914733887] [-4.4181065559387207:4.1803483963012695] [-6.276221752166748:6.6505193710327148] [-10.828666687011719:6.4521923065185547] [-9.5000228881835938:4.2495932579040527] [-6.3502793312072754:8.2166194915771484] [-19.253122329711914:26.217466354370117] [-36.426158905029297:26.036386489868164] [-62.643627166748047:27.191383361816406] [-2.397939920425415:0.75535547733306885] [-1.2905910015106201:1.8538972139358521] [0:7] [0:7]
tree_sizes=887 894 875 893 871 898 882 870 880 898 901 877 891 900 896 876 876 875 903 893 873 874 877 892 779 886 894 876 876 879 883 896 857 896 874 879 881 871 866 856 881 876 787 876 874 856 887 883 876 863 892 879 897 864 876 880 780 900 869 857 873 890 865 901 896 883 893 882 881 876 878 896 900 835 854 894 881 896 874 899 905 888 864 899 898 886 870 900 794 797 853 898 895 856 879 773 882 881 871 878 765 906 898 842 886 862 878 881 856 872 855 874 871 861 906 762 856 880 881 904 851 849 863 904 857 846 906 887 846 871 902 866 886 855 843 899 858 883 857 878 886 684 878 760 863 908 871 878 898 881 794 776 777 886 884 888 870 879 862 877 764 869 846 900 846 888 891 777 748 781 779 886 804 882 888 896 911 835 879 885 780 787 854 772 778 780 866 861 867 885 898 890 870 908 886 772 774 781 875 858 767 885 877 883 848 888 867 914 788 769 902 838 851 874 853 889 862 888 882 788 856 870 898 890 750 764 764 849 868 874 864 910 890 838 887 874 890 871 771 882 781 836 874 789 789 842 894 852 848 795 673 877 752 862 871 904 843 870 861 890 871 863 744 681 846 894 852 773 857 805 873 864 772 763 858 682 841 860 864 780 872 856 851 848 870 880 789 853 769 905 855 791 788 753 776 885 896 745 913 831 884 739 860 876 878 681 770 735 892 766 862 754 769 750 871 890 856 757 753 784 762 876 873 852 883 883 854 861 873 765 886 885 777 887 865 662 886 879 883 771 768 857 781 857 858 781 739 880 840 880

Tree=0
num_leaves=7
num_cat=0
split_feature=22 17 13 27 23 21
split_gain=139.619 13.364 12.8518 4.16188 0.77489 0.373161
threshold=0.21669366210699084 0.83788955211639415 2.9630731344223027 0.31367157399654394 -0.085315208882093416 1.8595926761627199
decision_type=2 2 2 2 2 2
left_child=1 -1 5 -4 -3 -2
right_child=2 4 3 -5 -6 -7
leaf_value=-0.13573665389707895 -0.10585428538610958 -0.084674249212639177 -0.05377343641936104 -0.095521849977792561 -0.098327344708678877 -0.094488008745145916
leaf_weight=28.542336448095742 1.5859441929496849 1.9801902251783761 24.489889357239012 1.2060934747569252 0.47720175539143284 0.30152900074608613
leaf_count=5198 321 70 373 309 154 8
internal_value=-0.0975083 -0.131374 -0.0599466 -0.0556519 -0.0884089 -0.103852
internal_weight=58.5832 30.9997 27.5835 25.696 2.45739 1.88747
internal_count=6433 5422 1011 682 224 329
is_linear=0
shrinkage=1


Tree=1
num_leaves=7
num_cat=0
split_feature=21 19 6 2 23 13
split_gain=131.531 10.7104 10.6908 5.40274 1.87572 0.80339
threshold=0.39093764126300817 0.63345649838447582 3.3511469364166264 1.594282925128937 -7.2586274147033683 2.9630731344223027
decision_type=2 2 2 2 2 2
left_child=1 4 3 -2 -1 -3
right_child=2 5 -4 -5 -6 -7
leaf_value=0.00045420353092270519 -0.0042120893589423286 -0.0032735304629999858 -0.0051252575557878899 0.039769299741715308 -0.038862862040881713 0.010517788028937358
leaf_weight=0.33846260514110937 0.62550748622744023 0.51456605317071025 2.5210640211007549 26.282393976813182 28.186335832462646 1.5428387032588942
leaf_count=26 180 110 564 709 4845 50
internal_value=-0.000841252 -0.0345756 0.0339637 0.0380512 -0.0382118 0.00630743
internal_weight=60.0112 30.5822 29.429 26.9079 28.5248 2.0574
internal_count=6484 5031 1453 889 4871 160
is_linear=0
shrinkage=0.025


Tree=2
num_leaves=7
num_cat=0
split_feature=22 6 3 19 21 21
split_gain=117.888 16.8663 7.45009 5.22524 1.05658 0.765994
threshold=0.12323508411645891 3.3197416067123418 1.527107894420624 0.28580045700073248 0.97734311223030101 0.24130524694919589
decision_type=2 2 2 2 2 2
left_child=3 2 -2 4 -1 -5
right_child=1 -3 -4 5 -6 -7
leaf_value=-0.037886774520070318 -0.0034604193959511622 -0.011998215329581282 0.039346458714637343 -0.0054387500981783413 0 0.0071765028589355732
leaf_weight=27.013549382507343 1.6513449778431155 2.6077651647501616 24.740588547720108 0.81852332741254841 0.56268329406157036 1.037361661030445
leaf_count=4790 325 550 454 192 92 24
internal_value=-0.00241767 0.0306882 0.0363444 -0.0349383 -0.0372873 0.000792261
internal_weight=58.4318 28.9997 26.3919 29.4321 27.5762 1.85588
internal_count=6427 1329 779 5098 4882 216
is_linear=0
shrinkage=0.025


Tree=3
num_leaves=7
num_cat=0
split_feature=21 24 13 2 23 21
split_gain=124.383 11.6978 10.4935 5.03548 3.15806 0.722103
threshold=0.40656009316444403 -4.7164649963378897 3.0790266990661626 1.594282925128937 -5.2764496803283683 1.3346919417381289
decision_type=2 2 2 2 2 2
left_child=1 -1 5 -4 -3 -2
right_child=2 4 3 -5 -6 -7
leaf_value=0.0094056662125420933 -0.0096611598358471336 0.00081762076829083874 -0.0040073200430387817 0.038864151913785332 -0.037689324724420097 0.0028401947758494271
leaf_weight=1.6370643605478132 1.4765251294011279 0.83900595334125938 0.60240341967437672 26.910558224015404 28.545276756689418 1.073555562412366
leaf_count=49 434 103 165 711 4885 62
internal_value=-0.00018451 -0.032886 0.0332588 0.0372613 -0.0364491 -0.00517487
internal_weight=61.0844 31.0213 30.063 27.513 29.3843 2.55008
internal_count=6409 5037 1372 876 4988 496
is_linear=0
shrinkage=0.025


Tree=4
num_leaves=7
num_cat=0
split_feature=22 17 13 3 16 18
split_gain=118.622 18.1052 10.0269 4.57181 0.81413 0.738383
threshold=0.21669366210699084 0.91354510188102733 2.9630731344223027 1.1059364080429079 -0.24785092473030088 0.46297191083431249
decision_type=2 2 2 2 2 2
left_child=1 5 -2 -4 -3 -1
right_child=2 4 3 -5 -6 -7
leaf_value=-0.037044111420617969 -0.0059155891437410119 -0.001872660383066413 -0.002248676461215991 0.03882746848287498 0.014570433583781515 0
leaf_weight=28.522061411291364 2.1024678553221774 0.34380866889841888 0.92992527369642886 26.593071279581636 2.6403367201564825 0.6528143766336133
leaf_count=5050 341 85 192 511 74 201
internal_value=9.54126e-05 -0.030846 0.0334675 0.0371151 0.0119068 -0.0365041
internal_weight=61.7845 32.159 29.6255 27.523 2.98415 29.1749
internal_count=6454 5410 1044 703 159 5251
is_linear=0
shrinkage=0.025


Tree=5
num_leaves=7
num_cat=0
split_feature=22 13 21 27 19 27
split_gain=117.479 11.6248 8.20181 5.20181 4.88962 0.530771
threshold=0.19013981521129611 2.9630731344223027 0.71911528706550609 0.31367157399654394 0.57991504669189464 0.21326892077922824
decision_type=2 2 2 2 2 2
left_child=2 -2 4 -3 -1 -4
right_child=1 3 5 -5 -6 -7
leaf_value=-0.036236547934070613 -0.0084158269587443647 0.038449771893808674 0.0079848198140646462 -0.001776340438237796 0.0028875185692195863 -0.0028367489186674954
leaf_weight=27.681161927233923 1.9421937905135589 27.834433084877677 1.8088414735975669 1.3694001112598915 1.0650412763352495 0.46272172796307121
leaf_count=4956 353 430 157 356 86 120
internal_value=0.000779726 0.0326519 -0.0311407 0.0363969 -0.0343887 0.00448611
internal_weight=62.1638 31.146 31.0178 29.2038 28.7462 2.27156
internal_count=6458 1139 5319 786 5042 277
is_linear=0
shrinkage=0.025


Tree=6
num_leaves=7
num_cat=0
split_feature=22 6 17 2 22 25
split_gain=108.941 14.1373 7.05165 7.01237 1.72173 0.535414
threshold=0.12323508411645891 3.3197416067123418 0.52558162808418285 1.594282925128937 0.034168725833296783 -4.6009182929992667
decision_type=2 2 2 2 2 2
left_child=2 3 -1 -2 -4 -3
right_child=1 5 4 -5 -6 -7
leaf_value=-0.03526942621111713 -0.0046900574561323993 0.00082000463950330496 -0.008252768336655095 0.037184343497049653 0.0095145046030433514 -0.012122854113830468
leaf_weight=26.231482683389917 1.293003525002862 0.81133480707649175 1.9416271678637707 28.292175975628197 1.6643671416095456 2.0102846814552313
leaf_count=4468 231 61 639 583 48 493
internal_value=0.00030215 0.0299936 -0.031443 0.0347601 0 -0.00945704
internal_weight=62.2443 32.4068 29.8375 29.5852 3.60599 2.82162
internal_count=6523 1368 5155 814 687 554
is_linear=0
shrinkage=0.025


Tree=7
num_leaves=7
num_cat=0
split_feature=22 17 13 2 13 23
split_gain=106.914 14.0451 11.4637 4.36895 1.11048 1.0498
threshold=0.19013981521129611 0.83788955211639415 2.9630731344223027 1.594282925128937 2.2682034969329838 -5.2764496803283683
decision_type=2 2 2 2 2 2
left_child=1 5 -2 -4 -3 -1
right_child=2 4 3 -5 -6 -7
leaf_value=0 -0.0075625898434318328 -0.0034333519237193869 -0.0024081405433744197 0.036645799327713467 0.013188299019740741 -0.035290397348881834
leaf_weight=0.59370951872552424 2.4298549357336041 0.54178663023048956 0.95258025458315643 27.577062145108357 2.4080184209160507 28.15051010332536
leaf_count=69 380 117 176 608 118 5100
internal_value=0.000181859 -0.029766 0.03089 0.0349908 0.00910994 -0.0346995
internal_weight=62.6535 31.694 30.9595 28.5296 2.94981 28.7442
internal_count=6568 5404 1164 784 235 5169
is_linear=0
shrinkage=0.025


Tree=8
num_leaves=7
num_cat=0
split_feature=21 24 6 2 23 0
split_gain=99.2828 11.7487 11.1414 4.13441 2.66832 0.410993
threshold=0.39093764126300817 -4.7164649963378897 3.5511296987533574 1.594282925128937 -5.2764496803283683 3.6402722597122197
decision_type=2 2 2 2 2 2
left_child=1 -1 3 -2 -3 -4
right_child=2 4 5 -5 -6 -7
leaf_value=0.010199263443005284 -0.0036565809473553543 0.0004813363173241328 0.00097363525310425244 0.035269374918747744 -0.034702935540538472 -0.010857624165581947
leaf_weight=1.8488613844383532 0.5624008828890571 0.90030099370051431 0.29167271748883594 27.326175170950592 27.438867128570564 1.7526863583480006
leaf_count=43 176 100 12 717 4856 493
internal_value=0 -0.0295706 0.029925 0.0338578 -0.0334932 -0.00878944
internal_weight=60.121 30.188 29.9329 27.8886 28.3392 2.04436
internal_count=6397 4999 1398 893 4956 505
is_linear=0
shrinkage=0.025


Tree=9
num_leaves=7
num_cat=0
split_feature=21 19 26 23 12 22
split_gain=97.083 12.7126 6.53485 2.66198 1.30022 0.882128
threshold=0.506261706352234 0.53344660997390758 -0.9161921739578246 -5.2764496803283683 2.6012637615203862 0.78748854994773876
decision_type=2 2 2 2 2 2
left_child=1 3 -2 -1 -3 -4
right_child=2 4 5 -5 -6 -7
leaf_value=0.00038798549936582504 0.034253484167400712 -0.004220997795396926 -0.0065727654866669233 -0.035022728870219393 0.013029856942692639 0.0061745928861932061
leaf_weight=0.90762915159576252 24.068990775675051 0.6771996429888526 2.0639553336077365 27.440800699288957 2.308088184625376 1.4568017853307536
leaf_count=109 468 152 571 5011 94 109
internal_value=-0.000953653 -0.0290739 0.0303516 -0.0338134 0.00814121 -3.65695e-05
internal_weight=58.9235 31.3337 27.5897 28.3484 2.98529 3.52076
internal_count=6514 5366 1148 5120 246 680
is_linear=0
shrinkage=0.025


Tree=10
num_leaves=7
num_cat=0
split_feature=21 24 13 26 21 27
split_gain=90.3096 13.217 9.96725 4.60025 0.623957 0.345563
threshold=0.39093764126300817 -5.0322093963623038 3.0572668313980107 -0.84902614355087269 1.8595926761627199 0.71666583418846141
decision_type=2 2 2 2 2 2
left_child=1 -1 4 -4 -2 -3
right_child=2 5 3 -5 -6 -7
leaf_value=0.011413854753557605 -0.010524075951867641 -0.033656997702463227 0.035185345481777132 -9.2541566266883828e-05 0.0020493042870656838 -0.00095772193639159374
leaf_weight=2.0806276449002352 1.7147447270108416 26.647894121473659 24.780793297104545 2.0943924226448827 0.66918525175424282 0.90243725501932104
leaf_count=42 497 4873 371 535 26 73
internal_value=-2.92121e-05 -0.0285874 0.0286608 0.0326568 -0.00715047 -0.0330896
internal_weight=58.8901 29.631 29.2591 26.8752 2.38393 27.5503
internal_count=6417 4988 1429 906 523 4946
is_linear=0
shrinkage=0.025


Tree=11
num_leaves=7
num_cat=0
split_feature=22 13 17 2 23 24
split_gain=88.9718 13.6235 7.90238 7.07557 0.956182 0.471261
threshold=0.12323508411645891 3.0572668313980107 0.91354510188102733 1.594282925128937 -5.2764496803283683 0.45475338399410253
decision_type=2 2 2 2 2 2
left_child=2 -2 4 -3 -1 -4
right_child=1 3 5 -5 -6 -7
leaf_value=0 -0.011035175391471591 -0.0066101273385482219 0.0085321381811545496 0.034288071393502276 -0.033022172149298645 -0.0021574292075225532
leaf_weight=0.59145706519485131 2.6049717721180086 1.0168570542009572 1.6685372351785184 28.028109825449064 26.039232484647073 0.38466963282553468
leaf_count=70 480 223 35 649 4894 127
internal_value=0.000149668 0.0271836 -0.0291014 0.0319121 -0.0324219 0.00553363
internal_weight=60.3338 31.6499 28.6839 29.045 26.6307 2.05321
internal_count=6478 1352 5126 872 4964 162
is_linear=0
shrinkage=0.025


Tree=12
num_leaves=7
num_cat=0
split_feature=21 19 13 2 23 12
split_gain=86.3686 10.846 8.53057 3.73194 2.68555 0.775008
threshold=0.39093764126300817 0.63345649838447582 3.0572668313980107 1.594282925128937 -5.2764496803283683 2.6012637615203862
decision_type=2 2 2 2 2 2
left_child=1 4 -2 -4 -1 -3
right_child=2 5 3 -5 -6 -7
leaf_value=0.0011188231435795603 -0.0051978906422668674 -0.002482931776730605 -0.0035256293761088508 0.033212874067876694 -0.032682488607766118 0.011917010722877321
leaf_weight=0.82900385494577378 2.6315702511346926 0.44985027378424947 0.5507752846460815 27.318726559111383 26.51052412338322 2.0241476360242814
leaf_count=85 529 113 178 750 4744 55
internal_value=0.000742778 -0.0271991 0.0282149 0.0318708 -0.0314498 0.00855302
internal_weight=60.3146 29.8135 30.5011 27.8695 27.3395 2.474
internal_count=6454 4997 1457 928 4829 168
is_linear=0
shrinkage=0.025


Tree=13
num_leaves=7
num_cat=0
split_feature=21 19 26 23 5 21
split_gain=91.3008 11.5523 5.81047 1.50689 1.09149 0.937301
threshold=0.48644316196441656 0.53344660997390758 -0.88397437334060658 -7.2586274147033683 4.0100378990173349 -0.15830024331808087
decision_type=2 2 2 2 2 2
left_child=1 3 4 -1 -2 -3
right_child=2 5 -4 -5 -6 -7
leaf_value=0.00056506884331980283 0.034036187465538964 -0.0031760004138606476 -0.00049242601949036821 -0.032509452534613667 0.00069249285685721133 0.011910884281545162
leaf_weight=0.33140136179282009 25.360019758110873 0.54815212613903019 3.0287994336104012 27.082706472428981 1.234232548449653 2.3800809424137688
leaf_count=34 387 141 629 5022 143 91
internal_value=0.000985242 -0.0272604 0.0298559 -0.0318913 0.033041 0.0080765
internal_weight=59.9654 30.3423 29.6231 27.4141 26.5943 2.92823
internal_count=6447 5288 1159 5056 530 232
is_linear=0
shrinkage=0.025


Tree=14
num_leaves=7
num_cat=0
split_feature=22 17 6 26 21 26
split_gain=78.7281 8.10408 7.33906 5.79569 1.31002 0.643997
threshold=0.20126960426568988 0.83788955211639415 4.1044580936431894 -0.85167580842971791 0.97734311223030101 -0.9687494933605193
decision_type=2 2 2 2 2 2
left_child=1 4 3 -2 -1 -3
right_child=2 5 -4 -5 -6 -7
leaf_value=-0.031268973689982937 0.03278793646642706 0.0093688941971014125 -0.0078579236605968491 -0.0028630412185473957 0.00028659721273309935 -0.0028537711389303552
leaf_weight=26.702234034717556 24.431896651803985 1.9016405009315351 1.279077530838548 1.9620095010614047 0.3503176299855103 0.4787619331618761
leaf_count=5069 392 93 251 474 43 131
internal_value=-0.000724556 -0.0271393 0.0270327 0.0299048 -0.0306844 0.00579584
internal_weight=57.1059 29.433 27.673 26.3939 27.0526 2.3804
internal_count=6453 5336 1117 866 5112 224
is_linear=0
shrinkage=0.025


Tree=15
num_leaves=7
num_cat=0
split_feature=21 19 6 2 16 21
split_gain=76.7355 15.9297 6.15553 3.20723 0.95148 0.528223
threshold=0.48644316196441656 0.57991504669189464 3.5511296987533574 1.594282925128937 1.1933067440986636 -0.15830024331808087
decision_type=2 2 2 2 2 2
left_child=1 4 3 -2 -1 -3
right_child=2 5 -4 -5 -6 -7
leaf_value=-0.031731523126504894 -0.0031324206298088027 -0.00037022324949956015 -0.0044201812151388768 0.031845282011202146 0 0.013890929698722451
leaf_weight=26.786921908089433 0.49835831986275181 0.70213963818969238 1.8626162584405381 25.55348373047309 0.62161178921814908 2.8404094733996308
leaf_count=5005 137 125 410 638 110 76
internal_value=7.07823e-05 -0.025094 0.0277364 0.0305783 -0.0311324 0.0117704
internal_weight=58.8655 30.9511 27.9145 26.0518 27.4085 3.54255
internal_count=6501 5316 1185 775 5115 201
is_linear=0
shrinkage=0.025


Tree=16
num_leaves=7
num_cat=0
split_feature=22 17 13 2 16 27
split_gain=78.2417 11.6155 8.00652 3.46504 0.842273 0.664345
threshold=0.19013981521129611 0.83788955211639415 2.9630731344223027 1.594282925128937 1.1933067440986636 0.12888943403959277
decision_type=2 2 2 2 2 2
left_child=1 4 -2 -4 -1 -3
right_child=2 5 3 -5 -6 -7
leaf_value=-0.03178163504373184 -0.0060397650897649514 0.011768261638163692 -0.0021795490734820978 0.03212915469177885 0 -0.0020100152945879694
leaf_weight=25.034256285231102 2.2274989410652806 2.3812894510920155 0.94786743423901754 26.636039980803616 0.66469106997828831 0.37162494781659905
leaf_count=4990 361 82 178 608 107 128
internal_value=0.000956451 -0.0263233 0.027213 0.0306048 -0.0311617 0.00900537
internal_weight=58.2633 28.4519 29.8114 27.5839 25.6989 2.75291
internal_count=6454 5307 1147 786 5097 210
is_linear=0
shrinkage=0.025


Tree=17
num_leaves=7
num_cat=0
split_feature=21 13 19 26 23 12
split_gain=71.5697 9.25563 8.31071 3.8021 1.45669 0.674093
threshold=0.35226470232009893 3.0572668313980107 0.63345649838447582 -0.84902614355087269 -7.2586274147033683 2.4632176160812382
decision_type=2 2 2 2 2 2
left_child=2 -2 4 -3 -1 -4
right_child=1 3 5 -5 -6 -7
leaf_value=0.00076474869784897608 -0.0075258605237179853 0.031937788899141367 -0.0025934535822711826 0 -0.030562678770114222 0.010338965836711305
leaf_weight=0.31042093853466823 2.5262850968283628 24.559135233866989 0.47369105386314858 2.3797549543087326 25.067812504014 1.7495378490420987
leaf_count=22 575 391 104 591 4681 52
internal_value=0.000316749 0.025503 -0.0261661 0.0294893 -0.0299109 0.00683039
internal_weight=57.0666 29.4652 27.6015 26.9389 25.3782 2.22323
internal_count=6416 1557 4859 982 4703 156
is_linear=0
shrinkage=0.025


Tree=18
num_leaves=7
num_cat=0
split_feature=21 19 26 5 24 26
split_gain=62.6474 9.62894 7.90628 4.91059 1.01938 0.613891
threshold=0.35226470232009893 0.63345649838447582 -0.88277277350425709 4.1463034152984628 -3.7682125568389888 -0.39578501880168909
decision_type=2 2 2 2 2 2
left_child=1 5 3 -2 -4 -1
right_child=2 -3 4 -5 -6 -7
leaf_value=-0.030804106800505122 0.030444408607792184 0.0078552552517667049 0.0041070331507099189 -0.0052737389283496342 -0.010091284423194249 -1.9412057273511806e-05
leaf_weight=23.809316530532673 22.498529344855349 2.4703628852730608 1.1800783644430368 0.84950307343387876 2.2189575149095582 0.83062218164559709
leaf_count=4600 506 163 109 200 737 77
internal_value=-0.00118959 -0.0258134 0.0237065 0.0282234 -0.00490732 -0.0301555
internal_weight=53.8574 27.1103 26.7471 23.348 3.39904 24.6399
internal_count=6392 4840 1552 706 846 4677
is_linear=0
shrinkage=0.025


Tree=19
num_leaves=7
num_cat=0
split_feature=21 24 6 3 17 21
split_gain=62.3871 10.5124 5.02333 2.70445 2.63706 0.348298
threshold=0.48644316196441656 -3.9626399278640743 3.5511296987533574 1.1059364080429079 0.56478285789489757 1.8595926761627199
decision_type=2 2 2 2 2 2
left_child=1 -1 3 -2 -3 -4
right_child=2 4 5 -5 -6 -7
leaf_value=0.010322818841161988 -0.0019144423961246822 -0.029434140571451717 -0.0070254918296781162 0.029667220702930125 5.6806788216547517e-05 0.0018130554525027202
leaf_weight=2.384753717051356 0.7928298159968169 25.386516623606443 1.0992155620479014 23.184935645957012 1.5511716256733041 0.68056451919255767
leaf_count=91 173 4831 373 610 344 25
internal_value=-0.000212542 -0.0234627 0.0255637 0.0282571 -0.0277972 -0.0038793
internal_weight=55.08 29.3224 25.7575 23.9778 26.9377 1.77978
internal_count=6447 5266 1181 783 5175 398
is_linear=0
shrinkage=0.025


Tree=20
num_leaves=7
num_cat=0
split_feature=22 17 13 3 12 23
split_gain=68.1414 10.6239 6.85451 3.49912 1.12748 0.910788
threshold=0.21669366210699084 0.83788955211639415 2.9630731344223027 1.1059364080429079 3.0099058151245122 -5.2764496803283683
decision_type=2 2 2 2 2 2
left_child=1 5 -2 -4 -3 -1
right_child=2 4 3 -5 -6 -7
leaf_value=0 -0.0053247868499225843 -0.0036466738791212602 -0.0024646460549497592 0.030926854743922677 0.012747859717147057 -0.029198667745279124
leaf_weight=0.55291939864401385 2.1213091040845056 0.5869207705254661 0.97747428988805296 25.95834150823066 2.5025515932939015 25.403598430333659
leaf_count=78 335 138 204 512 94 5105
internal_value=0.00119519 -0.0238096 0.0261999 0.0293232 0.0085318 -0.0286172
internal_weight=58.1031 29.046 29.0571 26.9358 3.08947 25.9565
internal_count=6466 5415 1051 716 232 5183
is_linear=0
shrinkage=0.025


Tree=21
num_leaves=7
num_cat=0
split_feature=22 17 6 26 23 27
split_gain=64.9833 9.1771 6.6885 3.5861 0.909252 0.772161
threshold=0.19013981521129611 0.83788955211639415 4.1044580936431894 -0.84902614355087269 -5.2764496803283683 0.12888943403959277
decision_type=2 2 2 2 2 2
left_child=1 4 3 -2 -1 -3
right_child=2 5 -4 -5 -6 -7
leaf_value=0 0.030288210733272494 0.010992807639595963 -0.0075829689549748768 -0.00038012469716417743 -0.028686736814010551 -0.0027935300908131172
leaf_weight=0.54586856492097169 25.642101342265963 2.3572951629757877 1.2900729276589107 2.0168109147343811 24.77530426211888 0.47756101819686581
leaf_count=70 416 79 258 454 5031 150
internal_value=0.00116994 -0.0237158 0.0254862 0.0281448 -0.0280958 0.00757201
internal_weight=57.105 28.156 28.949 27.6589 25.3212 2.83486
internal_count=6458 5330 1128 870 5101 229
is_linear=0
shrinkage=0.025


Tree=22
num_leaves=7
num_cat=0
split_feature=22 13 17 26 27 21
split_gain=60.2874 9.40397 5.6561 4.7604 0.962343 0.647701
threshold=0.12323508411645891 2.9630731344223027 0.83788955211639415 -0.79746627807617176 0.71666583418846141 1.3346919417381289
decision_type=2 2 2 2 2 2
left_child=2 5 4 -3 -1 -2
right_child=1 3 -4 -5 -6 -7
leaf_value=-0.028701917871807606 -0.011378331827761356 0.029793529841780648 0.0042037148892167236 -0.0025408841057712856 0 0.0017999052784934807
leaf_weight=23.038028800569016 2.141216321324467 25.283470463240526 2.1390736018656744 1.9313228515675245 0.64154673070879553 0.66467221226776008
leaf_count=4802 419 501 211 438 61 37
internal_value=0.000560626 0.023053 -0.0248866 0.0272667 -0.0280071 -0.00830261
internal_weight=55.8393 30.0207 25.8186 27.2148 23.6796 2.80589
internal_count=6469 1395 5074 939 4863 456
is_linear=0
shrinkage=0.025


Tree=23
num_leaves=7
num_cat=0
split_feature=22 13 17 26 21 13
split_gain=60.7125 7.92406 5.2492 2.78058 1.05127 0.528953
threshold=0.19013981521129611 2.9630731344223027 0.9803149700164796 -0.79746627807617176 0.97734311223030101 4.4003615379333505
decision_type=2 2 2 2 2 2
left_child=2 -2 4 -3 -1 -4
right_child=1 3 5 -5 -6 -7
leaf_value=-0.028142832927071822 -0.00792684315946059 0.029326183433152915 -0.0028967316219220655 -0.00036896999504631539 4.3789784659263126e-05 0.0079498095067778579
leaf_weight=24.64930389699294 2.021656057448129 23.526379955292221 0.47578772623091836 1.54100935242604 0.38111023971578006 1.4373233083751982
leaf_count=5145 366 429 126 365 55 10
internal_value=-0.000345052 0.023871 -0.024813 0.027535 -0.0275697 0.00420413
internal_weight=54.0326 27.089 26.9435 25.0674 25.0304 1.91311
internal_count=6496 1160 5336 794 5200 136
is_linear=0
shrinkage=0.025


Tree=24
num_leaves=6
num_cat=0
split_feature=21 24 13 2 21
split_gain=61.518 8.37157 6.86401 3.61609 0.344049
threshold=0.39093764126300817 -5.0322093963623038 3.0572668313980107 1.594282925128937 1.3346919417381289
decision_type=2 2 2 2 2
left_child=1 -1 4 -4 -2
right_child=2 -3 3 -5 -6
leaf_value=0.0082728383485382567 -0.0086698773276114843 -0.029388608915171317 -0.0042196339704499396 0.028508192616666872 0.00089509998238884074
leaf_weight=1.7782626248081239 1.4893264230340748 23.69567811395973 0.64171927393181505 25.275178104988299 0.76366843341384072
leaf_count=41 449 4937 181 745 61
internal_value=0 -0.0256285 0.0235735 0.0269443 -0.00618401
internal_weight=53.6438 25.4739 28.1699 25.9169 2.25299
internal_count=6414 4978 1436 926 510
is_linear=0
shrinkage=0.025


Tree=25
num_leaves=7
num_cat=0
split_feature=22 13 26 2 19 13
split_gain=55.5377 7.47742 4.65524 3.01228 2.47778 1.82262
threshold=0.19013981521129611 2.9630731344223027 -1.0016046166419981 1.594282925128937 0.57991504669189464 3.5611013174057011
decision_type=2 2 2 2 2 2
left_child=2 -2 5 -3 -4 -1
right_child=1 3 4 -5 -6 -7
leaf_value=-0.0084731184183095484 -0.0075987077322003981 -0.0022667260118155465 -0.027809455047714579 0.028715723815965467 0.0023768515764801441 0.0091315492814695483
leaf_weight=2.5074137066258144 1.9558072069194192 0.95826174435206013 21.822623590182051 24.775312842102721 0.61553978675510634 2.1973465477349237
leaf_count=565 356 181 4687 613 38 67
internal_value=0.000763722 0.0237435 -0.022531 0.0271776 -0.0264714 0
internal_weight=54.8323 27.6894 27.1429 25.7336 22.4382 4.70476
internal_count=6507 1150 5357 794 4725 632
is_linear=0
shrinkage=0.025


Tree=26
num_leaves=7
num_cat=0
split_feature=21 24 6 3 17 21
split_gain=57.0098 8.91174 4.74556 2.76414 2.66192 0.343301
threshold=0.48644316196441656 -3.9626399278640743 3.5511296987533574 1.527107894420624 0.56478285789489757 1.8595926761627199
decision_type=2 2 2 2 2 2
left_child=1 -1 3 -2 -3 -4
right_child=2 4 5 -5 -6 -7
leaf_value=0.0091173754805067061 -0.0023237007529408058 -0.028228388660870452 -0.0069499424466386364 0.028423816130136833 0.0005246066082822226 0.0018052543085036853
leaf_weight=2.3363335533649687 0.78598337940639496 23.854809819429651 1.1291578187374387 24.537398798274808 1.5141855423571531 0.67988818231970061
leaf_count=94 223 4897 363 554 331 25
internal_value=0.000828202 -0.0223731 0.0245088 0.0270376 -0.0265026 -0.0038322
internal_weight=54.8378 27.7053 27.1324 25.3234 25.369 1.80905
internal_count=6487 5322 1165 777 5228 388
is_linear=0
shrinkage=0.025


Tree=27
num_leaves=7
num_cat=0
split_feature=21 6 19 27 27 5
split_gain=48.4586 9.79187 7.40468 3.40013 0.834205 0.735521
threshold=0.35226470232009893 3.2778618335723881 0.63345649838447582 0.26001283526420599 0.71666583418846141 4.0728392601013192
decision_type=2 2 2 2 2 2
left_child=2 3 4 -2 -1 -4
right_child=1 -3 5 -5 -6 -7
leaf_value=-0.028132366038402974 0.028329001519597625 -0.011438084942012726 0.010189974936233484 -0.00019451765748185995 0 -0.0029614461490031756
leaf_weight=21.871683064673569 21.436378978192813 2.0451366484630844 1.9172962544253089 2.3429675339721134 0.71966179151786391 0.53585376939736296
leaf_count=4673 319 650 38 598 68 142
internal_value=-0.000748609 0.02123 -0.0233813 0.0257559 -0.0274206 0.00641916
internal_weight=50.869 25.8245 25.0445 23.7793 22.5913 2.45315
internal_count=6488 1567 4921 917 4741 180
is_linear=0
shrinkage=0.025


Tree=28
num_leaves=7
num_cat=0
split_feature=22 13 17 26 23 5
split_gain=49.8481 8.48073 5.19833 4.65329 0.934472 0.359327
threshold=0.12323508411645891 3.0572668313980107 0.91354510188102733 -0.79746627807617176 -5.2764496803283683 4.0100378990173349
decision_type=2 2 2 2 2 2
left_child=2 -2 4 -3 -1 -4
right_child=1 3 5 -5 -6 -7
leaf_value=0 -0.0088932587993709959 0.028075934366460005 0.0076649013243725366 -0.0037764585297163904 -0.026293482461367125 -0.0017112955059622487
leaf_weight=0.50513517583022505 2.3507694996660602 25.083165697462398 1.5450478657730844 1.5829671508399723 22.070952913200017 0.34208351920824487
leaf_count=63 475 471 67 431 4892 89
internal_value=0.00118936 0.0218092 -0.022607 0.02569 -0.0256418 0.00504931
internal_weight=53.4801 29.0169 24.4632 26.6661 22.5761 1.88713
internal_count=6488 1377 5111 902 4955 156
is_linear=0
shrinkage=0.025


Tree=29
num_leaves=7
num_cat=0
split_feature=22 17 13 26 27 12
split_gain=51.8809 7.4144 5.81793 2.59518 0.856952 0.777735
threshold=0.20126960426568988 0.83788955211639415 2.9630731344223027 -0.79746627807617176 0.71666583418846141 3.0099058151245122
decision_type=2 2 2 2 2 2
left_child=1 4 -2 -4 -1 -3
right_child=2 5 3 -5 -6 -7
leaf_value=-0.027858587042236527 -0.0052884083075747162 -0.0031427042274654905 0.027666232122419972 -0.00055369966287077243 0 0.010309154799007167
leaf_weight=21.911737728572923 2.180556260864253 0.53572483733296339 23.037150956224657 1.5230554998270189 0.71310419851215456 1.9882688480429349
leaf_count=5085 357 123 436 347 75 93
internal_value=0.000355148 -0.023057 0.0227341 0.0259071 -0.0271418 0.00643222
internal_weight=51.8896 25.1488 26.7408 24.5602 22.6248 2.52399
internal_count=6516 5376 1140 783 5160 216
is_linear=0
shrinkage=0.025


Tree=30
num_leaves=7
num_cat=0
split_feature=22 17 6 2 21 24
split_gain=47.4146 7.66026 5.2259 2.44331 1.1149 0.568332
threshold=0.20126960426568988 0.83788955211639415 3.5511296987533574 1.594282925128937 0.97734311223030101 0.45475338399410253
decision_type=2 2 2 2 2 2
left_child=1 4 3 -2 -1 -3
right_child=2 5 -4 -5 -6 -7
leaf_value=-0.026866803251370353 -0.0018346796987278027 0.0096770698142289203 -0.004936859784699087 0.026828013008970798 0.00044870545568660215 -0.0022237595438822618
leaf_weight=22.470520254923038 0.90525348146912321 2.3436026258859779 2.026484129135496 22.13674297335092 0.33592092694016074 0.41115332779008884
leaf_count=5079 176 54 378 566 43 175
internal_value=0 -0.0219353 0.0222825 0.0253527 -0.0262314 0.00680633
internal_weight=50.6297 25.5612 25.0685 23.042 22.8064 2.75476
internal_count=6471 5351 1120 742 5122 229
is_linear=0
shrinkage=0.025


Tree=31
num_leaves=7
num_cat=0
split_feature=21 24 13 2 17 21
split_gain=47.8595 6.98394 6.4013 3.34915 1.21257 0.485836
threshold=0.35226470232009893 -4.7164649963378897 3.0572668313980107 1.594282925128937 0.83788955211639415 1.8595926761627199
decision_type=2 2 2 2 2 2
left_child=1 -1 5 -4 -3 -2
right_child=2 4 3 -5 -6 -7
leaf_value=0.0077092277780986714 -0.0092945249288989337 -0.027424608521859118 -0.0042308787455526981 0.026576646074836674 0.00054327556984512494 0.0016896215557053889
leaf_weight=1.7328415142837936 1.6857227887958317 21.573089658631947 0.65763171482831495 23.817517839663196 0.35521661204984312 0.69291508547030378
leaf_count=43 547 4793 200 779 45 28
internal_value=0.000278704 -0.023078 0.0214469 0.0249595 -0.0267227 -0.00627104
internal_weight=50.5149 23.6611 26.8538 24.4751 21.9283 2.37864
internal_count=6435 4881 1554 979 4838 575
is_linear=0
shrinkage=0.025


Tree=32
num_leaves=7
num_cat=0
split_feature=21 19 13 26 5 13
split_gain=44.1023 8.09894 3.88754 1.92715 1.41129 0.919852
threshold=0.506261706352234 0.53344660997390758 3.0572668313980107 -0.79746627807617176 -0.18233227729797361 2.9630731344223027
decision_type=2 2 2 2 2 2
left_child=1 4 -2 -4 -1 -3
right_child=2 5 3 -5 -6 -7
leaf_value=0 -0.0033946279193621878 -0.003339949300659604 0.026437821050082286 0 -0.027111023815409325 0.011223321513665965
leaf_weight=1.4029258004739009 1.7657661364064576 0.62248562485910897 20.127325462643061 1.3920302189071652 20.964343295141589 2.3828529956517741
leaf_count=156 377 151 377 345 4927 92
internal_value=-0.000112319 -0.0211278 0.0222531 0.0248365 -0.0257895 0.00722409
internal_weight=48.6577 25.3726 23.2851 21.5194 22.3673 3.00534
internal_count=6425 5326 1099 722 5083 243
is_linear=0
shrinkage=0.025


Tree=33
num_leaves=7
num_cat=0
split_feature=24 17 26 13 24 25
split_gain=40.755 9.9737 5.30085 3.81788 1.98365 0.335296
threshold=-1.2111124992370603 0.52558162808418285 -0.88397437334060658 2.592665553092957 0.45475338399410253 -3.864897489547729
decision_type=2 2 2 2 2 2
left_child=2 -2 3 -1 -3 -4
right_child=1 4 5 -5 -6 -7
leaf_value=-0.0035801578770920783 -0.026701245428795341 0.012477883181928601 0.001278031779333097 0.026635031205370141 -0.0065661645102186653 -0.0078201647631573317
leaf_weight=1.2939112620079019 20.498677732306536 3.7313897566054939 0.59433266735868562 21.157807951094583 1.1995846361387519 1.5641053385916155
leaf_count=232 4601 147 34 385 572 522
internal_value=8.89084e-05 -0.0201318 0.0210653 0.0243311 0.00624226 -0.00529901
internal_weight=50.0398 25.4297 24.6102 22.4517 4.93097 2.15844
internal_count=6493 5320 1173 617 719 556
is_linear=0
shrinkage=0.025


Tree=34
num_leaves=7
num_cat=0
split_feature=21 24 27 23 12 22
split_gain=41.48 6.60488 3.84794 1.15268 1.1138 0.602899
threshold=0.506261706352234 -3.9626399278640743 0.21326892077922824 -7.2586274147033683 2.7670134305953984 0.78748854994773876
decision_type=2 2 2 2 2 2
left_child=1 -1 4 -3 -2 -4
right_child=2 3 5 -5 -6 -7
leaf_value=0.0073580396191731626 0 0.0007218401253538425 -0.0063044739354217857 -0.025659155592693706 0.025662590427882812 0.0042956119322543019
leaf_weight=2.0084358307067331 0.63808448321652278 0.32203883555485191 1.8190076642786146 22.155033132061362 18.72792115790071 1.3356006923713719
leaf_count=90 105 29 519 5179 382 107
internal_value=-0.000677573 -0.0213279 0.0213432 -0.0249911 0.0247538 -0.00116805
internal_weight=47.0061 24.4855 22.5206 22.4771 19.366 3.15461
internal_count=6411 5298 1113 5208 487 626
is_linear=0
shrinkage=0.025


Tree=35
num_leaves=7
num_cat=0
split_feature=24 17 6 26 24 27
split_gain=39.7697 7.17162 5.29276 2.84677 1.51579 0.86721
threshold=-1.2111124992370603 0.56478285789489757 4.1044580936431894 -0.88397437334060658 0.45475338399410253 0.71666583418846141
decision_type=2 2 2 2 2 2
left_child=2 5 3 -1 -3 -2
right_child=1 4 -4 -5 -6 -7
leaf_value=0.026167129705876487 -0.02611206152395254 0.010815707897494429 -0.0072246173392568266 -0.00024820203207634044 -0.0060349819672598504 0
leaf_weight=20.926016364595856 19.484419867338154 2.9246272103628135 1.3085195490857575 2.2083139513270025 1.0975567717105148 0.68288578453939308
leaf_count=372 4605 123 285 491 504 70
internal_value=0.000440431 -0.0201673 0.0210083 0.0238275 0.00472855 -0.0253338
internal_weight=48.6323 24.1895 24.4428 23.1343 4.02218 20.1673
internal_count=6450 5302 1148 863 627 4675
is_linear=0
shrinkage=0.025


Tree=36
num_leaves=7
num_cat=0
split_feature=22 13 17 26 23 21
split_gain=38.6439 6.71959 4.37893 3.72742 0.926705 0.592838
threshold=0.12323508411645891 3.0572668313980107 0.83788955211639415 -0.90448489785194386 -5.2764496803283683 1.3346919417381289
decision_type=2 2 2 2 2 2
left_child=2 5 4 -3 -1 -2
right_child=1 3 -4 -5 -6 -7
leaf_value=0 -0.010207707910460245 0.026466005974765325 0.0040732966342757046 -0.00034722146594522163 -0.024927555174166897 0.0019970994781002799
leaf_weight=0.49719793035183713 2.0342235032585481 21.022790823713883 2.0326533937477498 3.0334661200758957 19.617726708354894 0.62959583662450302
leaf_count=61 461 292 204 578 4827 25
internal_value=0.000738612 0.0195182 -0.0211099 0.0233919 -0.0242078 -0.0070866
internal_weight=48.8677 26.7201 22.1476 24.0563 20.1149 2.66382
internal_count=6448 1356 5092 870 4888 486
is_linear=0
shrinkage=0.025


Tree=37
num_leaves=7
num_cat=0
split_feature=22 6 21 26 13 19
split_gain=38.4592 4.79891 4.5264 3.76543 1.26851 0.802222
threshold=0.20126960426568988 4.1044580936431894 0.35226470232009893 -0.84902614355087269 4.4003615379333505 0.63345649838447582
decision_type=2 2 2 2 2 2
left_child=2 3 5 -2 -4 -1
right_child=1 -3 4 -5 -6 -7
leaf_value=-0.024378913395438823 0.025986814027569572 -0.0066911067901171449 -0.0060052076506868779 -0.0027244742729673043 0.0088142862480566336 0
leaf_weight=19.063347400573555 21.848454120801765 1.2081751888035785 2.22296645870665 1.7685178449610273 2.0771525734453462 0.4836307042860416
leaf_count=4406 415 256 696 446 177 65
internal_value=0.00104253 0.020963 -0.0195174 0.023518 0.00137145 -0.0237107
internal_weight=48.6722 24.8251 23.8471 23.617 4.30012 19.547
internal_count=6461 1117 5344 861 873 4471
is_linear=0
shrinkage=0.025


Tree=38
num_leaves=7
num_cat=0
split_feature=22 6 21 27 27 27
split_gain=34.5149 4.62183 4.0835 3.3159 1.46397 0.914714
threshold=0.19013981521129611 4.1044580936431894 0.24130524694919589 0.22357513010501864 0.12888943403959277 0.71666583418846141
decision_type=2 2 2 2 2 2
left_child=2 3 5 -2 -4 -1
right_child=1 -3 4 -5 -6 -7
leaf_value=-0.024718675961289748 0.02526977870865681 -0.0067949376413527079 0.0079815956205525323 -0.0011683911805699424 -0.0074719398164685494 0
leaf_weight=17.33617180335569 19.60567780077691 1.2293505489942607 2.5606433016364454 2.3790165131213135 2.7614622483379208 0.61717901489464466
leaf_count=4050 343 260 245 515 954 62
internal_value=0.000127887 0.0197891 -0.0192922 0.0224908 0 -0.0238679
internal_weight=46.4895 23.214 23.2755 21.9847 5.32211 17.9534
internal_count=6429 1118 5311 858 1199 4112
is_linear=0
shrinkage=0.025


Tree=39
num_leaves=7
num_cat=0
split_feature=21 6 26 24 26 22
split_gain=36.38 8.3421 5.02249 4.17864 0.91004 0.221296
threshold=0.22382836788892749 3.3197416067123418 -0.84902614355087269 -5.3367252349853507 -0.39578501880168909 1.0431639552116396
decision_type=2 2 2 2 2 2
left_child=3 2 -2 -1 -5 -3
right_child=1 5 -4 4 -6 -7
leaf_value=0.0054007454679697404 0.025942250633455136 -0.010379537175012447 -0.0034521264315469122 -0.025333915570130441 0 0
leaf_weight=1.1315902741043853 22.063332723337233 2.7409791643149215 2.5261277613462871 18.541263291204817 0.64449252793565293 0.25726238358765829
leaf_count=20 428 840 787 4379 66 11
internal_value=0.000550256 0.0180746 0.0226382 -0.0218683 -0.0245191 -0.00932614
internal_weight=47.905 27.5877 24.5895 20.3173 19.1858 2.99824
internal_count=6531 2066 1215 4465 4445 851
is_linear=0
shrinkage=0.025


Tree=40
num_leaves=7
num_cat=0
split_feature=21 19 13 26 3 12
split_gain=34.5516 5.59446 4.73356 2.71062 1.22843 0.482592
threshold=0.40656009316444403 0.63345649838447582 3.0572668313980107 -0.84902614355087269 -0.14054387062788007 2.4632176160812382
decision_type=2 2 2 2 2 2
left_child=1 4 -2 -4 -1 -3
right_child=2 5 3 -5 -6 -7
leaf_value=0 -0.0052479889393166499 -0.0020352988856582469 0.02481389291540953 -0.00090046303512392515 -0.025202811300058942 0.0088665195734250659
leaf_weight=1.4429244955536038 2.1478570430772406 0.43045466719195191 19.552630380494527 1.9627624690765468 18.512372816971038 1.8168156995670868
leaf_count=157 504 103 370 519 4739 60
internal_value=2.97419e-05 -0.0200423 0.0192918 0.0225049 -0.0238262 0.00595242
internal_weight=45.8658 22.2026 23.6632 21.5154 19.9553 2.24727
internal_count=6452 5059 1393 889 4896 163
is_linear=0
shrinkage=0.025


Tree=41
num_leaves=7
num_cat=0
split_feature=22 17 6 3 5 27
split_gain=34.5991 5.40167 4.34973 2.34899 1.51901 0.835109
threshold=0.19013981521129611 0.52558162808418285 4.1044580936431894 1.1059364080429079 3.1767911911010747 0.71666583418846141
decision_type=2 2 2 2 2 2
left_child=1 5 3 -2 -3 -1
right_child=2 4 -4 -5 -6 -7
leaf_value=-0.024837785791706368 -0.0023110607253744773 0.0098833733045258759 -0.0063959140387695708 0.024049559176636037 -0.0067599693647640083 0
leaf_weight=18.186660672974547 0.93855067808181658 2.6751193372765552 1.1779480326222245 21.002148567466065 1.2283857588190583 0.6726953056640913
leaf_count=4621 217 284 258 645 407 71
internal_value=0.000268512 -0.0194393 0.0199015 0.0224703 0.00308894 -0.0240343
internal_weight=45.8815 22.7629 23.1186 21.9407 3.90351 18.8594
internal_count=6503 5383 1120 862 691 4692
is_linear=0
shrinkage=0.025


Tree=42
num_leaves=6
num_cat=0
split_feature=21 26 6 22 22
split_gain=32.6542 8.12978 4.26759 4.04592 0.772679
threshold=0.22382836788892749 -0.88277277350425709 3.2778618335723881 0.963395655155182 0.963395655155182
decision_type=2 2 2 2 2
left_child=3 2 -2 -1 -3
right_child=1 4 -4 -5 -6
leaf_value=-0.024801211963981256 0.025382442016865143 -0.011196216391706662 -0.0030864394918803943 0.0050534123632996301 0.0023581710846838802
leaf_weight=17.884779321524551 19.544566044874962 3.158062467759009 2.2026133154868139 1.1406400883570302 0.77475688903359685
leaf_count=4384 327 1048 602 22 71
internal_value=-0.000145659 0.0168448 0.0222274 -0.022072 -0.00800101
internal_weight=44.7054 25.68 21.7472 19.0254 3.93282
internal_count=6454 2048 929 4406 1119
is_linear=0
shrinkage=0.025


Tree=43
num_leaves=7
num_cat=0
split_feature=18 17 6 25 26 6
split_gain=29.298 6.58854 3.59213 2.29079 2.07709 1.78034
threshold=0.18832770735025409 0.56478285789489757 4.1044580936431894 -4.2199261188507071 -0.89374431967735279 2.8125554323196416
decision_type=2 2 2 2 2 2
left_child=1 3 4 -1 -2 -3
right_child=2 5 -4 -5 -6 -7
leaf_value=0.0023547097766649103 0.024075378856020388 0.011136469293181947 -0.0045464638344020125 -0.024918658636819097 0 -0.0067931513280666371
leaf_weight=0.76531359174987912 16.943223519687312 3.2741906294249921 1.5370340465160541 18.061917417071527 2.0883578578068436 1.2208696216694077
leaf_count=27 338 201 347 4584 520 420
internal_value=-0.000220805 -0.0178291 0.0190826 -0.0232862 0.0217999 0.00459565
internal_weight=43.8909 23.3223 20.5686 18.8272 19.0316 4.49506
internal_count=6437 5232 1205 4611 858 621
is_linear=0
shrinkage=0.025


Tree=44
num_leaves=7
num_cat=0
split_feature=21 27 13 19 25 18
split_gain=31.8243 7.79329 3.966 3.26816 1.1822 0.0271799
threshold=0.17925047874450686 0.22468997538089755 2.2139854431152348 0.71703976392745983 -3.864897489547729 0.15766037255525592
decision_type=2 2 2 2 2 2
left_child=3 2 -2 -1 -3 -5
right_child=1 4 -4 5 -6 -7
leaf_value=-0.024015489347871219 -0.0052771840680413788 0.0042918258820199475 0.024495065921640444 0 -0.0108179764091387 0.0039483330435148047
leaf_weight=16.790260442066941 0.99203197986935876 1.0667389640584612 21.885040252731415 0.49457620095927157 3.7194327358156407 0.86142560298321769
leaf_count=4124 253 33 760 92 1229 12
internal_value=0.00100042 0.0169117 0.0222649 -0.0213991 -0.00633948 0.00342106
internal_weight=45.8095 27.6632 22.8771 18.1463 4.78617 1.356
internal_count=6503 2275 1013 4228 1262 104
is_linear=0
shrinkage=0.025


Tree=45
num_leaves=7
num_cat=0
split_feature=22 6 27 26 5 27
split_gain=28.4368 4.05857 2.78247 2.48191 1.4551 0.82619
threshold=0.19013981521129611 4.1044580936431894 0.12888943403959277 -0.84902614355087269 4.0100378990173349 0.71666583418846141
decision_type=2 2 2 2 2 2
left_child=2 3 4 -2 -1 -4
right_child=1 -3 5 -5 -6 -7
leaf_value=0.0070835805874873495 0.023148073624514418 -0.0064740275638191895 -0.023150885532516187 -0.0010675076974884573 -0.0086033116325907669 0
leaf_weight=2.7537549102562506 18.582817025482658 1.2203334419755254 15.91764110114309 1.9521123153972464 2.0305096476513427 0.63201515801483843
leaf_count=319 420 266 4321 447 551 73
internal_value=0 0.0181536 -0.0184413 0.020843 0 -0.0222774
internal_weight=43.0892 21.7553 21.3339 20.5349 4.78426 16.5497
internal_count=6397 1133 5264 867 870 4394
is_linear=0
shrinkage=0.025


Tree=46
num_leaves=7
num_cat=0
split_feature=21 22 6 2 23 21
split_gain=29.6241 6.19402 3.17877 2.0906 1.63839 0.24816
threshold=0.506261706352234 0.7440452277660371 3.5511296987533574 1.6435424089431765 -5.2764496803283683 1.8595926761627199
decision_type=2 2 2 2 2 2
left_child=1 4 3 -2 -1 -4
right_child=2 -3 5 -5 -6 -7
leaf_value=0.0011176684793701393 -0.0030269531869888417 0.007840530912474138 -0.0060773502235863851 0.023034992248215459 -0.023282888077433138 0.0013183769159812451
leaf_weight=0.85450929868966952 0.47342202806613087 2.284983057761564 1.025412591814528 19.280807091272436 19.421766889776336 0.71391396177932609
leaf_count=118 132 99 348 617 5160 29
internal_value=0.0001775 -0.0178674 0.019152 0.0216727 -0.0219896 -0.00338839
internal_weight=44.0548 22.5613 21.4936 19.7542 20.2763 1.73933
internal_count=6503 5377 1126 749 5278 377
is_linear=0
shrinkage=0.025


Tree=47
num_leaves=7
num_cat=0
split_feature=22 17 6 26 20 18
split_gain=29.5084 5.73675 3.92451 2.44934 0.565769 0.348775
threshold=0.23457908630371097 0.83788955211639415 3.3197416067123418 -0.84902614355087269 -0.11097141355276106 0.46297191083431249
decision_type=2 2 2 2 2 2
left_child=1 5 3 -2 -3 -1
right_child=2 4 -4 -5 -6 -7
leaf_value=-0.023835623390106735 0.023704226589497421 -0.0024334437191246994 -0.0047107100369207858 -0.0015054969982252243 0.0091533312671541189 0
leaf_weight=18.110332384647343 17.542650363349825 0.45961731264833394 1.8935790293035086 1.5447322556865426 2.0700771386618717 0.58117008721455832
leaf_count=5008 255 132 392 373 78 212
internal_value=-0.000336316 -0.0191316 0.018457 0.0215155 0.00600012 -0.0233452
internal_weight=42.2022 21.2212 20.981 19.0874 2.52969 18.6915
internal_count=6450 5430 1020 628 210 5220
is_linear=0
shrinkage=0.025


Tree=48
num_leaves=7
num_cat=0
split_feature=24 17 6 12 3 27
split_gain=26.4983 8.99534 2.80526 1.83798 1.6393 0.926497
threshold=-1.8735966086387632 0.52558162808418285 3.9405726194381718 4.0066099166870126 1.1808076500892641 0.71666583418846141
decision_type=2 2 2 2 2 2
left_child=2 5 4 -3 -1 -2
right_child=1 3 -4 -5 -6 -7
leaf_value=-0.0022451522433056051 -0.024493251028341823 -0.0054907079731583109 -0.0043565283008726932 0.012516315504471541 0.022921060055349878 0
leaf_weight=0.36352417129092529 17.524173173762399 1.6491051352641068 0.80155988875776429 3.9167301476700231 16.789373133971822 0.61682256741914798
leaf_count=121 4864 483 216 267 452 73
internal_value=-0.000345365 -0.0164415 0.0195874 0.00651594 0.0217192 -0.0236412
internal_weight=41.6613 23.7068 17.9545 5.56584 17.1529 18.141
internal_count=6476 5687 789 750 573 4937
is_linear=0
shrinkage=0.025


Tree=49
num_leaves=7
num_cat=0
split_feature=22 26 5 26 24 21
split_gain=26.1093 6.438 4.4001 0.932873 0.863254 0.435456
threshold=0.034168725833296783 -0.88277277350425709 4.5194709300994882 -0.39578501880168909 -5.777301311492919 1.3346919417381289
decision_type=2 2 2 2 2 2
left_child=3 2 -2 5 -3 -1
right_child=1 4 -4 -5 -6 -7
leaf_value=-0.023055516537533974 0.022698334738419507 0.003350669552885883 -0.0055235907504783931 0.0001568929552112977 -0.010112647724161072 0
leaf_weight=14.874720926454751 19.784894650714712 0.73602703108918177 1.6351361394627009 0.55038561890251081 3.6619779437314683 0.35417928086826655
leaf_count=4477 570 41 289 66 962 32
internal_value=0 0.014644 0.0196698 -0.0216164 -0.00661055 -0.0225565
internal_weight=41.5973 25.818 21.42 15.7793 4.398 15.2289
internal_count=6437 1862 859 4575 1003 4509
is_linear=0
shrinkage=0.025


Tree=50
num_leaves=7
num_cat=0
split_feature=21 19 26 13 22 21
split_gain=25.3266 5.60242 5.1795 3.12959 0.422364 0.19817
threshold=0.31220807135105139 0.63345649838447582 -0.88277277350425709 2.2139854431152348 0.78748854994773876 -0.15830024331808087
decision_type=2 2 2 2 2 2
left_child=1 -1 3 -2 -4 -3
right_child=2 5 4 -5 -6 -7
leaf_value=-0.023393621476583734 -0.0045769885427683933 -0.00011284517506836441 -0.0081670159123682709 0.022840056764029556 0.0015735778190143577 0.0076740063304695273
leaf_weight=16.336372562014734 0.8418787845003014 0.61857991584111038 2.3792159921140406 18.399843038612744 0.87660474103176955 1.7738340129144479
leaf_count=4577 206 116 811 595 103 48
internal_value=0 -0.018871 0.0163813 0.0206861 -0.0054227 0.00610063
internal_weight=41.2263 18.7288 22.4975 19.2417 3.25582 2.39241
internal_count=6456 4741 1715 801 914 164
is_linear=0
shrinkage=0.025


Tree=51
num_leaves=7
num_cat=0
split_feature=21 19 13 13 26 23
split_gain=28.5622 5.84336 1.90677 1.78499 1.30566 0.929079
threshold=0.6850065588951112 0.25033596158027654 2.2139854431152348 3.1018847227096562 -0.84902614355087269 -7.2586274147033683
decision_type=2 2 2 2 2 2
left_child=1 5 -2 -3 -4 -1
right_child=2 3 4 -5 -6 -7
leaf_value=0.00040013117081693782 -0.0029154897409772703 -0.007145305395721638 0.022878069768535785 0.010518024198480098 0 -0.024167575793554486
leaf_weight=0.31917933298973977 0.52415519335773098 1.4839122357079748 16.129534453153614 3.0899425244133454 1.3355180636863213 17.061594695667736
leaf_count=38 121 374 310 263 308 5032
internal_value=-0.000499239 -0.0180316 0.0198941 0.00339578 0.0213534 -0.0234486
internal_weight=39.9438 21.9546 17.9892 4.57385 17.4651 17.3808
internal_count=6446 5707 739 637 618 5070
is_linear=0
shrinkage=0.025


Tree=52
num_leaves=7
num_cat=0
split_feature=21 19 27 13 20 13
split_gain=24.845 4.25559 3.44463 1.802 1.56437 0.613075
threshold=0.48644316196441656 0.53344660997390758 0.22357513010501864 2.2139854431152348 1.5268691778182986 2.9630731344223027
decision_type=2 2 2 2 2 2
left_child=1 4 3 -2 -1 -3
right_child=2 5 -4 -5 -6 -7
leaf_value=-0.022417095208851642 -0.0024603227458011622 -0.0030356150797254057 -0.0028197456391003484 0.022613108656722183 0.0011552879082082099 0.0084903235476479575
leaf_weight=16.909301193401923 0.47486074449262261 0.61335480111301821 2.6426166216842821 16.840326932317112 0.85961899335961689 1.8889644164592025
leaf_count=4911 132 153 616 417 130 84
internal_value=7.59188e-05 -0.0172795 0.0178845 0.0212482 -0.0209989 0.00469182
internal_weight=40.229 20.2712 19.9578 17.3152 17.7689 2.50232
internal_count=6443 5278 1165 549 5041 237
is_linear=0
shrinkage=0.025


Tree=53
num_leaves=7
num_cat=0
split_feature=24 17 13 3 13 27
split_gain=24.3843 8.12157 2.07394 1.70771 1.14344 0.969297
threshold=-1.7581225037574766 0.66106122732162487 2.9630731344223027 1.1059364080429079 3.5611013174057011 0.71666583418846141
decision_type=2 2 2 2 2 2
left_child=2 5 -1 -4 -3 -2
right_child=1 4 3 -5 -6 -7
leaf_value=-0.0018146715209564606 -0.023791420819819168 -0.003507427589614847 -0.0025143371747954053 0.022171810824784838 0.011763366750220489 0
leaf_weight=1.4408403600391491 16.719520089129226 1.219514391676056 0.39155033050338062 16.235764689248754 3.2031035588297527 0.5829395258333524
leaf_count=270 5004 346 116 436 140 73
internal_value=0 -0.0163098 0.0187744 0.0208546 0.00726248 -0.0228926
internal_weight=39.7932 21.7251 18.0682 16.6273 4.42262 17.3025
internal_count=6385 5563 822 552 486 5077
is_linear=0
shrinkage=0.025


Tree=54
num_leaves=7
num_cat=0
split_feature=22 17 13 2 27 12
split_gain=23.1791 3.6031 3.58762 1.76769 0.915091 0.578677
threshold=0.19013981521129611 0.83788955211639415 2.9630731344223027 1.6435424089431765 0.71666583418846141 3.0099058151245122
decision_type=2 2 2 2 2 2
left_child=1 4 -2 -4 -1 -3
right_child=2 5 3 -5 -6 -7
leaf_value=-0.023009512201850817 -0.0048532472698047798 -0.0034643580126329596 -0.0019384185817334252 0.021034987576966639 0 0.0075184949359619266
leaf_weight=15.978831020387592 2.0644530818681259 0.61404997855424825 0.90264885837678122 16.129727409424959 0.59344097314169708 1.6309458958567118
leaf_count=5032 373 131 178 591 73 92
internal_value=-0.0012544 -0.0187392 0.0160285 0.0193702 -0.0220989 0.00333412
internal_weight=37.9141 18.8173 19.0968 17.0324 16.5723 2.245
internal_count=6470 5328 1142 769 5105 223
is_linear=0
shrinkage=0.025


Tree=55
num_leaves=7
num_cat=0
split_feature=24 27 6 27 27 24
split_gain=21.8456 4.50391 3.89757 1.40187 0.925011 0.649829
threshold=-0.59198105335235585 0.22357513010501864 4.1044580936431894 0.0778934881091118 0.71666583418846141 -4.4209785461425772
decision_type=2 2 2 2 2 2
left_child=1 2 -1 -2 -5 -3
right_child=3 5 -4 4 -6 -7
leaf_value=0.021833112009166558 0 0.0025615782770171455 -0.005889152043494229 -0.022179990879886587 0.00020246564468257792 -0.0091370277433367834
leaf_weight=17.280657683324542 2.3281533661938765 1.0656584694515916 1.1742824487737369 13.895710765587861 0.5498574507073507 2.1629616036079815
leaf_count=478 399 90 325 4386 67 675
internal_value=-0.000299757 0.0147632 0.0189233 -0.0189775 -0.0211736 -0.00530593
internal_weight=38.4573 21.6836 18.4549 16.7737 14.4456 3.22862
internal_count=6420 1568 803 4852 4453 765
is_linear=0
shrinkage=0.025


Tree=56
num_leaves=6
num_cat=0
split_feature=21 26 24 12 25
split_gain=23.0865 4.6217 3.12342 2.87482 0.903183
threshold=0.24130524694919589 -0.88277277350425709 -4.7164649963378897 2.8129891157150273 -3.864897489547729
decision_type=2 2 2 2 2
left_child=2 3 -1 -2 -3
right_child=1 4 -4 -5 -6
leaf_value=0.004293909283754057 -0.0044050833968455484 0.0040626085309463612 -0.022408748642863952 0.021783682896744351 -0.0091648748802343177
leaf_weight=1.0811278714099888 0.83945815393236145 1.0363398751360393 14.814393441862192 17.573587387392763 2.671009103127286
leaf_count=38 217 32 4443 667 1038
internal_value=0 0.0152646 -0.0197006 0.019637 -0.00453991
internal_weight=38.0159 22.1204 15.8955 18.413 3.70735
internal_count=6435 1954 4481 884 1070
is_linear=0
shrinkage=0.025


Tree=57
num_leaves=7
num_cat=0
split_feature=21 26 13 24 27 18
split_gain=19.8921 5.66793 3.63266 2.16726 0.902677 0.78392
threshold=0.17925047874450686 -0.88277277350425709 2.9630731344223027 -5.777301311492919 0.71666583418846141 0.33629630506038671
decision_type=2 2 2 2 2 2
left_child=3 2 -2 -1 -5 -3
right_child=1 5 -4 4 -6 -7
leaf_value=0.0031944304678838127 -0.0038296460917254188 -0.010711867422887962 0.022148575906197773 -0.021827911569785936 0.00018996025455259393 0.0019604130402451824
leaf_weight=0.80400641559390251 1.9491805856232591 2.2306528133922248 16.800210966583109 13.768669078068339 0.55531520486692976 1.8722618138126561
leaf_count=14 524 919 487 4088 62 340
internal_value=5.03565e-05 0.0138588 0.018947 -0.0187592 -0.0208226 -0.00634207
internal_weight=37.9803 22.8523 18.7494 15.128 14.324 4.10291
internal_count=6434 2270 1011 4164 4150 1259
is_linear=0
shrinkage=0.025


Tree=58
num_leaves=7
num_cat=0
split_feature=21 19 13 3 7 13
split_gain=18.9186 7.22192 1.9573 1.09685 1.09377 0.881553
threshold=0.67099457979202282 0.53344660997390758 3.0572668313980107 1.1059364080429079 5.0910816192626962 2.9630731344223027
decision_type=2 2 2 2 2 2
left_child=1 4 -2 -4 -1 -3
right_child=2 5 3 -5 -6 -7
leaf_value=-0.02208231961298732 -0.0026918955998808522 -0.0028494072861553893 -0.0010254069320920936 0.020576137944771467 0 0.011753420726154729
leaf_weight=16.030400926334558 1.0435865121544328 0.59544806904159431 0.5096573006012467 13.964795104460789 1.384900349046801 3.0631944480410311
leaf_count=5215 253 153 117 400 241 95
internal_value=-0.000536432 -0.0147414 0.017341 0.0194266 -0.0206641 0.00838196
internal_weight=36.592 21.0739 15.518 14.4745 17.4153 3.65864
internal_count=6474 5704 770 517 5456 248
is_linear=0
shrinkage=0.025


Tree=59
num_leaves=7
num_cat=0
split_feature=22 6 17 27 13 27
split_gain=20.8673 3.34045 2.57708 1.9959 1.12754 0.829779
threshold=0.19013981521129611 4.1044580936431894 0.52558162808418285 0.19951710104942325 3.5611013174057011 0.71666583418846141
decision_type=2 2 2 2 2 2
left_child=2 3 5 -2 -4 -1
right_child=1 -3 4 -5 -6 -7
leaf_value=-0.021596842683193659 0.021558246514289132 -0.0060002950632732496 -0.0067052955472637543 0 0.0078413958399068083 0
leaf_weight=13.773354855249636 15.492412865947705 1.1643324116594147 1.276031505869468 2.8984575916838358 1.9464069470996035 0.59848925171536471
leaf_count=4520 309 267 493 553 212 75
internal_value=8.11474e-05 0.0161578 -0.0171321 0.0188106 0.000746358 -0.0206214
internal_weight=37.1495 19.5552 17.5943 18.3909 3.22244 14.3718
internal_count=6429 1129 5300 862 705 4595
is_linear=0
shrinkage=0.025


Tree=60
num_leaves=7
num_cat=0
split_feature=22 17 6 3 13 5
split_gain=21.5892 3.93191 3.01232 1.90778 0.953992 0.391426
threshold=0.21669366210699084 0.91354510188102733 4.1044580936431894 1.527107894420624 5.4478700160980233 4.0100378990173349
decision_type=2 2 2 2 2 2
left_child=1 4 3 -2 -1 -3
right_child=2 5 -4 -5 -6 -7
leaf_value=-0.021939864302513615 -0.0018421969246342224 0.0075716994186409261 -0.0052013731693970697 0.021183969865788053 0 -0.0019622363603630445
leaf_weight=13.765723963646453 1.1138911240850635 1.8738599826465354 1.0228002414223727 17.943977029179223 1.6415278576605477 0.40248769696336228
leaf_count=4773 244 72 249 577 392 97
internal_value=0.00119761 -0.0164652 0.0171827 0.0194752 -0.0203327 0.00483702
internal_weight=37.7643 17.6836 20.0807 19.0579 15.4073 2.27635
internal_count=6404 5334 1070 821 5165 169
is_linear=0
shrinkage=0.025


Tree=61
num_leaves=7
num_cat=0
split_feature=21 6 27 22 27 27
split_gain=19.9298 4.64514 2.90642 2.64199 0.88283 0.382293
threshold=0.22382836788892749 3.3511469364166264 0.25833037495613104 0.963395655155182 0.71666583418846141 0.10138624906539918
decision_type=2 2 2 2 2 2
left_child=3 2 -2 4 -1 -3
right_child=1 5 -4 -5 -6 -7
leaf_value=-0.021472599977480349 0.02200258416317321 0.00082440680932233416 -0.0010442701687208703 0.00411222511621041 0.00019045053957067416 -0.008644581998136806
leaf_weight=13.431290708016599 16.81184340061737 1.389184048312017 2.935598783165914 0.99626055912813249 0.55804419497144486 1.709117649879772
leaf_count=4297 439 233 793 22 68 602
internal_value=0.00114049 0.0148191 0.0188052 -0.0178904 -0.0204567 -0.0057395
internal_weight=37.8313 22.8457 19.7474 14.9856 13.9893 3.0983
internal_count=6454 2067 1232 4387 4365 835
is_linear=0
shrinkage=0.025


Tree=62
num_leaves=7
num_cat=0
split_feature=21 19 13 13 5 3
split_gain=18.0933 6.61484 1.7173 1.69671 1.06012 0.931498
threshold=0.6850065588951112 0.25033596158027654 3.1018847227096562 2.2139854431152348 -0.18233227729797361 1.1059364080429079
decision_type=2 2 2 2 2 2
left_child=1 4 -3 -2 -1 -5
right_child=3 2 -4 5 -6 -7
leaf_value=0 -0.0029302490704314504 -0.005849219748102632 0.011858159486012309 -0.00069320200511030397 -0.022158019740664059 0.020212097961930044
leaf_weight=1.2490431289770629 0.54488195391604577 1.2607671940349963 3.7220146583276801 0.47228853023261663 14.217575913469775 14.325044477853224
leaf_count=169 131 369 274 101 4924 491
internal_value=0 -0.014025 0.00606609 0.0176017 -0.0207036 0.0192226
internal_weight=35.7916 20.4494 4.98278 15.3422 15.4666 14.7973
internal_count=6459 5736 643 723 5093 592
is_linear=0
shrinkage=0.025


Tree=63
num_leaves=7
num_cat=0
split_feature=21 13 26 24 27 21
split_gain=18.2338 4.6889 3.35049 1.41526 0.978983 0.458043
threshold=0.17925047874450686 2.9630731344223027 -0.84902614355087269 -5.777301311492919 0.71666583418846141 1.8595926761627199
decision_type=2 2 2 2 2 2
left_child=3 5 -3 -1 -5 -2
right_child=1 2 -4 4 -6 -7
leaf_value=0.0018726475439070668 -0.0097567973676520557 0.020944262386359144 -0.0021343897583578153 -0.021054939565060708 0.00068079660547322278 0.0012971028488339869
leaf_weight=0.60252450406551261 2.0796389428142024 16.770188781985787 3.1683841538324442 12.857104846654689 0.47589511520345773 0.66764461784623552
leaf_count=15 766 588 924 4152 54 27
internal_value=0.000361406 0.0133842 0.0173336 -0.0184447 -0.0199641 -0.00716033
internal_weight=36.6214 22.6859 19.9386 13.9355 13.333 2.74728
internal_count=6526 2305 1512 4221 4206 793
is_linear=0
shrinkage=0.025


Tree=64
num_leaves=7
num_cat=0
split_feature=22 26 13 3 19 21
split_gain=17.8449 3.40006 2.71943 1.95011 1.57455 0.735126
threshold=0.21669366210699084 -1.0273881554603574 2.9630731344223027 1.1059364080429079 0.57991504669189464 0.35226470232009893
decision_type=2 2 2 2 2 2
left_child=1 5 -2 -4 -3 -1
right_child=2 4 3 -5 -6 -7
leaf_value=-0.0041615550951577584 -0.0039157056674393297 -0.021976403592499517 -0.0026644975909813837 0.019903826424442255 0.0018307108604804529 0.0077527634828943402
leaf_weight=1.0552290584018948 1.8699153939378472 13.82069045558455 0.95255750598152999 14.876211581635287 0.59118597410270091 1.93840282925521
leaf_count=364 331 4895 201 510 53 88
internal_value=-0.000546853 -0.0164483 0.0149943 0.017932 -0.0204578 0.00279505
internal_weight=35.1042 17.4055 17.6987 15.8288 14.4119 2.99363
internal_count=6442 5400 1042 711 4948 452
is_linear=0
shrinkage=0.025


Tree=65
num_leaves=7
num_cat=0
split_feature=21 27 24 12 22 27
split_gain=17.2365 3.89613 3.32398 2.46187 0.857841 0.780196
threshold=0.31220807135105139 0.22468997538089755 -4.7164649963378897 2.8753541707992558 0.78748854994773876 0.71666583418846141
decision_type=2 2 2 2 2 2
left_child=2 3 -1 -2 -3 -4
right_child=1 4 5 -5 -6 -7
leaf_value=0.0049309267163865963 -0.0041131244742312906 -0.0097965910202686933 -0.021407115229450251 0.020327966782045639 0.0033824220752701238 0
leaf_weight=1.4080643481574942 0.77710414078319701 1.8248046945955132 13.667278145934684 15.134016757860079 1.2878305455087682 0.63247147461515929
leaf_count=45 214 791 4703 560 111 79
internal_value=-0.000422781 0.0138896 -0.0172267 0.0181373 -0.00484944 -0.0204446
internal_weight=34.7316 19.0238 15.7078 15.9111 3.11264 14.2997
internal_count=6503 1676 4827 774 902 4782
is_linear=0
shrinkage=0.025


Tree=66
num_leaves=7
num_cat=0
split_feature=22 6 21 19 3 13
split_gain=17.3546 3.14657 1.91429 1.76395 1.65697 0.19456
threshold=0.19013981521129611 4.1044580936431894 0.97734311223030101 0.28580045700073248 1.1059364080429079 2.2682034969329838
decision_type=2 2 2 2 2 2
left_child=2 4 3 -1 -2 -4
right_child=1 -3 5 -5 -6 -7
leaf_value=-0.020048186370826865 -0.001677821075158827 -0.0058961663540244534 -0.0014522105146713704 0.0013230262868142815 0.019792321305667604 0.0050069019745441392
leaf_weight=13.515350736968687 1.0990132776787565 1.1615013852133405 0.33768897113622998 1.4825249610585149 16.544279313791776 1.0866228514350948
leaf_count=4929 223 268 68 246 649 45
internal_value=0.000682379 0.0154317 -0.0155749 -0.0178205 0.0181037 0.00256427
internal_weight=35.227 18.8048 16.4222 14.9979 17.6433 1.42431
internal_count=6428 1140 5288 5175 872 113
is_linear=0
shrinkage=0.025


Tree=67
num_leaves=7
num_cat=0
split_feature=22 13 26 17 0 24
split_gain=17.7684 4.98939 3.45751 1.21881 0.212101 0.0732908
threshold=0.034168725833296783 2.9630731344223027 -0.88100090622901905 1.0108916759490969 3.5960761308670048 0.45475338399410253
decision_type=2 2 2 2 2 2
left_child=3 4 -3 -1 -2 -5
right_child=1 2 -4 5 -6 -7
leaf_value=-0.020298767871064775 0 0.021194993174437231 -0.0015749559952642816 0.0026932795189606503 -0.009501238991242715 -0.0010852387262785192
leaf_weight=11.7997211360489 0.37501459245686719 16.653512239980053 3.7369060714845501 0.72763878921978065 2.0284542673034593 0.28658963035559282
leaf_count=4529 37 446 861 15 542 101
internal_value=0.000841032 0.0133744 0.0172875 -0.0185992 -0.00823379 0.000571797
internal_weight=35.6078 22.7939 20.3904 12.8139 2.40347 1.01423
internal_count=6531 1886 1307 4645 579 116
is_linear=0
shrinkage=0.025


Tree=68
num_leaves=7
num_cat=0
split_feature=22 27 6 22 27 17
split_gain=15.6988 4.24096 3.8473 0.803456 0.750712 0.731597
threshold=0.034168725833296783 0.22468997538089755 4.1044580936431894 0.78748854994773876 0.71666583418846141 1.0108916759490969
decision_type=2 2 2 2 2 2
left_child=4 2 -2 -3 5 -1
right_child=1 3 -4 -5 -6 -7
leaf_value=-0.019886033235569964 0.020350280543215332 -0.0090555502631690984 -0.00620118260531154 0.003316785641697368 0.00030035614435996804 0
leaf_weight=11.175741324259429 16.630168868287008 2.9129408161097663 1.3075289516127657 1.2851129389600826 0.54612522592651735 0.78668114321772087
leaf_count=4394 509 889 344 118 73 111
internal_value=0.000712909 0.0126772 0.0172125 -0.00484447 -0.0176767 -0.0187125
internal_weight=34.6443 22.1358 17.9377 4.19805 12.5085 11.9624
internal_count=6438 1860 853 1007 4578 4505
is_linear=0
shrinkage=0.025


Tree=69
num_leaves=7
num_cat=0
split_feature=22 17 5 13 3 2
split_gain=15.2635 7.48482 1.50907 1.39531 1.04689 0.986908
threshold=0.44855302572250372 0.52558162808418285 4.0100378990173349 2.592665553092957 1.1808076500892641 1.0000000180025095e-35
decision_type=2 2 2 2 2 2
left_child=1 5 -3 -2 -5 -1
right_child=3 2 -4 4 -6 -7
leaf_value=0 -0.0022667355449670318 0.011637956369578447 -0.0051620973142730521 -0.0014156189411886396 0.020086439813209005 -0.021558309611789329
leaf_weight=1.3283565542660678 0.47570955182891239 4.9178192115505217 1.0007778605213387 0.27853191384929132 13.455854023632126 12.944319657981394
leaf_count=167 120 502 281 103 378 4888
internal_value=0.000779745 -0.0119627 0.00716178 0.017612 0.0190553 -0.0200181
internal_weight=34.4014 20.1913 5.9186 14.2101 13.7344 14.2727
internal_count=6439 5838 783 601 481 5055
is_linear=0
shrinkage=0.025


Tree=70
num_leaves=7
num_cat=0
split_feature=22 13 19 2 18 13
split_gain=13.5255 3.13048 2.18858 1.6335 0.818432 0.539893
threshold=0.19013981521129611 2.9630731344223027 0.19281166046857837 1.594282925128937 0.46297191083431249 4.2893052101135263
decision_type=2 2 2 2 2 2
left_child=2 -2 4 -3 -1 -4
right_child=1 3 5 -5 -6 -7
leaf_value=-0.018943343339822418 -0.0058203552631901252 -0.0022867054844341425 -0.0035372741110504635 0.018602840002337164 0 0.0069231701383264538
leaf_weight=12.826109852350779 1.6623806825955423 0.92915269877994333 0.86234014856745433 14.130706413270671 0.84907850393210615 1.3346584210230501
leaf_count=4720 360 174 347 595 194 67
internal_value=-0.000295489 0.0133987 -0.0147761 0.0167537 -0.0177523 0.00234392
internal_weight=32.5944 16.7222 15.8722 15.0599 13.6752 2.197
internal_count=6457 1129 5328 769 4914 414
is_linear=0
shrinkage=0.025


Tree=71
num_leaves=7
num_cat=0
split_feature=21 6 26 24 27 21
split_gain=14.0304 4.03356 2.8634 2.56411 0.898747 0.35461
threshold=0.22382836788892749 3.3511469364166264 -0.88277277350425709 -4.7164649963378897 0.71666583418846141 1.8595926761627199
decision_type=2 2 2 2 2 2
left_child=3 2 -2 -1 -5 -3
right_child=1 5 -4 4 -6 -7
leaf_value=0.004157860128412405 0.020351189180898968 -0.0089411388638626476 -0.0019068369361441525 -0.020168892865283023 0.00056400243016602853 0.00087878667365767587
leaf_weight=1.206053738540503 14.1345309324679 1.8284610988339403 2.8572108512744316 11.849460586672645 0.50288609848939891 0.71235819533467282
leaf_count=41 345 780 884 4320 63 32
internal_value=0.000196014 0.0127237 0.0167416 -0.0160804 -0.0190453 -0.00660197
internal_weight=33.091 19.5326 16.9917 13.5584 12.3523 2.54082
internal_count=6465 2041 1229 4424 4383 812
is_linear=0
shrinkage=0.025


Tree=72
num_leaves=7
num_cat=0
split_feature=22 17 6 25 24 27
split_gain=14.3832 4.43791 2.08085 1.59132 1.22845 0.871109
threshold=0.29565630853176122 0.52558162808418285 3.9405726194381718 0.41873282194137579 0.19651007652282718 0.71666583418846141
decision_type=2 2 2 2 2 2
left_child=1 5 3 -2 -3 -1
right_child=2 4 -4 -5 -6 -7
leaf_value=-0.020634030943748771 0.019505141419372256 0.0094655576199419236 -0.0041051710297859484 -0.0012864607260148573 -0.0055077618860620847 0.00034467819797099139
leaf_weight=12.316789881821023 13.318308598536527 3.189984760945662 0.81205863232025954 1.3283426110574517 1.1189794239471664 0.53497375562437888
leaf_count=4778 366 161 220 256 610 67
internal_value=3.22716e-05 -0.0137783 0.0152894 0.0174539 0.00403599 -0.0195587
internal_weight=32.6194 17.1607 15.4587 14.6467 4.30896 12.8518
internal_count=6458 5616 842 622 771 4845
is_linear=0
shrinkage=0.025


Tree=73
num_leaves=7
num_cat=0
split_feature=24 17 13 7 6 25
split_gain=13.1868 7.28147 1.68006 1.07606 0.617279 0.137398
threshold=-2.7837070226669307 0.56478285789489757 3.5611013174057011 5.0910816192626962 3.5511296987533574 -0.13909640908241269
decision_type=2 2 2 2 2 2
left_child=4 3 -3 -2 5 -1
right_child=1 2 -4 -5 -6 -7
leaf_value=0.01882194227562935 -0.021144019159280183 -0.004965739305077304 0.012351102031526786 0 0 0
leaf_weight=9.976818166614974 13.062183130794439 1.5397401473310299 4.4752360024431255 1.3156759188859712 0.75764334580162618 0.86159439443145025
leaf_count=192 5086 480 250 245 129 146
internal_value=-0.000126867 -0.0115854 0.00710895 -0.0195451 0.0170669 0.0181541
internal_weight=31.9889 20.3928 6.01498 14.3779 11.5961 10.8384
internal_count=6528 6061 730 5331 467 338
is_linear=0
shrinkage=0.025


Tree=74
num_leaves=7
num_cat=0
split_feature=21 19 13 7 12 3
split_gain=13.8317 6.18134 1.50281 1.14035 0.870428 0.311637
threshold=0.97734311223030101 0.28580045700073248 2.9630731344223027 5.0910816192626962 2.8753541707992558 1.1808076500892641
decision_type=2 2 2 2 2 2
left_child=1 3 -3 -1 -2 -6
right_child=4 2 -4 -5 5 -7
leaf_value=-0.021263923517498944 -0.00062254319103793854 -0.0053406330173572467 0.011307382715660702 0 0 0.018802782647858268
leaf_weight=12.571334094420314 0.64320766797754814 1.1505745968024701 4.0009827770991251 1.2645048622216553 0.46275012695696105 10.914018374664009
leaf_count=5100 86 340 276 239 54 258
internal_value=-0.000150632 -0.0125131 0.00617438 -0.0195949 0.0169497 0.0182116
internal_weight=31.0074 18.9874 5.15156 13.8358 12.02 11.3768
internal_count=6353 5955 616 5339 398 312
is_linear=0
shrinkage=0.025


Tree=75
num_leaves=7
num_cat=0
split_feature=22 26 6 17 22 15
split_gain=13.8718 4.29404 3.39488 0.694593 0.451122 0.016461
threshold=0.034168725833296783 -0.88277277350425709 4.1044580936431894 1.1752665638923647 0.78748854994773876 0.72662058472633373
decision_type=2 2 2 2 2 2
left_child=3 2 -2 -1 -3 -5
right_child=1 4 -4 5 -6 -7
leaf_value=-0.019338257183124513 0.019460504684758802 -0.0087322616931061053 -0.0057997880758510877 -0.00046396278364597737 0.0013588405625047715 0.001288416194686808
leaf_weight=10.651119621150428 14.875611455820041 2.7576545958581842 1.240712522092507 0.21148538275156248 1.0762528466293586 0.52180408977437764
leaf_count=4527 502 885 354 59 122 13
internal_value=-0.000188787 0.0114171 0.016307 -0.0181861 -0.00602624 0
internal_weight=31.3346 19.9502 16.1163 11.3844 3.83391 0.733289
internal_count=6462 1863 856 4599 1007 72
is_linear=0
shrinkage=0.025


Tree=76
num_leaves=7
num_cat=0
split_feature=25 6 26 26 24 14
split_gain=12.32 5.39016 2.99303 0.682359 0.408317 0.255509
threshold=0.32610778510570532 3.3511469364166264 -1.030458331108093 -0.39578501880168909 0.46941223740577703 -0.7491447627544402
decision_type=2 2 2 2 2 2
left_child=1 -1 4 -4 -2 -3
right_child=2 5 3 -5 -6 -7
leaf_value=0.019069227654973476 0.0068359140263821215 9.3024312797636421e-05 -0.018986341567746014 0 -0.0023679255098237716 -0.0090797802777651104
leaf_weight=13.963072639075113 2.0318475812382562 0.70520147948991629 11.447939973702887 0.58679481828584634 0.65586746876942914 2.3305846300208923
leaf_count=577 68 84 4540 96 275 762
internal_value=0.000485909 0.0134362 -0.0137655 -0.017973 0.00369764 -0.00743914
internal_weight=31.7213 16.9989 14.7224 12.0347 2.68772 3.03579
internal_count=6402 1423 4979 4636 343 846
is_linear=0
shrinkage=0.025


Tree=77
num_leaves=7
num_cat=0
split_feature=21 13 22 2 27 21
split_gain=12.9681 3.04098 2.96542 1.91368 0.838106 0.320617
threshold=0.35226470232009893 3.0790266990661626 0.91645777225494396 1.594282925128937 0.71666583418846141 1.8595926761627199
decision_type=2 2 2 2 2 2
left_child=2 5 4 -3 -1 -2
right_child=1 3 -4 -5 -6 -7
leaf_value=-0.019888165455453511 -0.0075987872114267442 -0.0036496213849937613 0.0049456882657422374 0.01836435440254186 0.00037983095580162665 0.0012283242223494713
leaf_weight=11.442705761088291 1.5063041278044722 0.62160103020141733 1.4124448537477281 14.747946090443291 0.53615728186559941 0.64495505136437703
leaf_count=4747 555 189 43 788 72 24
internal_value=0.00017924 0.0130273 -0.0152626 0.0164899 -0.0187682 -0.0050699
internal_weight=30.9121 17.5208 13.3913 15.3695 11.9789 2.15126
internal_count=6418 1556 4862 977 4819 579
is_linear=0
shrinkage=0.025


Tree=78
num_leaves=7
num_cat=0
split_feature=24 17 6 13 3 13
split_gain=11.9877 4.38076 1.5622 1.33053 1.26178 0.835912
threshold=-1.7581225037574766 0.83788955211639415 4.1044580936431894 5.4478700160980233 1.1059364080429079 3.5611013174057011
decision_type=2 2 2 2 2 2
left_child=2 3 4 -2 -1 -3
right_child=1 5 -4 -5 -6 -7
leaf_value=-0.0022743911903608245 -0.019817449280497671 -0.0034374662449817837 -0.0030938795938723648 0 0.018246516842474199 0.010073125239402736
leaf_weight=0.36705179067212235 11.585409080900719 0.62574427333311122 0.65445289600757028 1.8895142258843396 12.764604768482966 2.6410238274256699
leaf_count=123 4854 194 199 468 506 50
internal_value=0.000262423 -0.0122515 0.015008 -0.0175372 0.0168592 0.00621533
internal_weight=30.5278 16.7417 13.7861 13.4749 13.1317 3.26677
internal_count=6394 5566 828 5322 629 244
is_linear=0
shrinkage=0.025


Tree=79
num_leaves=7
num_cat=0
split_feature=25 6 27 27 27 17
split_gain=11.8121 5.30511 2.41485 0.737032 0.406201 0.343242
threshold=0.48586350679397589 3.3511469364166264 0.071763388812541976 0.71666583418846141 0.22468997538089755 0.56478285789489757
decision_type=2 2 2 2 2 2
left_child=1 4 5 -4 -1 -2
right_child=2 -3 3 -5 -6 -7
leaf_value=0.019790088405861994 -0.0022860736671441381 -0.0076204662691883793 -0.018767123697389126 0.00025912897303944314 0.00045132183839223468 0.006119542013493403
leaf_weight=12.561547425139002 0.62910190250840914 3.0015212194703045 10.701302998961179 0.54361608150065954 1.6529781935678318 1.6529590565187389
leaf_count=262 251 891 4560 88 358 66
internal_value=0.000676625 0.0130344 -0.013987 -0.0176659 0.0185691 0.00296544
internal_weight=30.743 17.216 13.527 11.2449 14.2145 2.28206
internal_count=6476 1511 4965 4648 620 317
is_linear=0
shrinkage=0.025


Tree=80
num_leaves=7
num_cat=0
split_feature=22 13 26 19 8 21
split_gain=12.4817 3.19982 1.71203 1.5534 0.610674 0.183487
threshold=0.12323508411645891 2.9630731344223027 -0.89658844470977772 0.28580045700073248 -0.82618010044097889 1.8595926761627199
decision_type=2 2 2 2 2 2
left_child=3 5 -3 4 -1 -2
right_child=1 2 -4 -5 -6 -7
leaf_value=3.6006367462430696e-05 -0.0076619698189547853 0.018425886116911247 -0.00045729687020658154 0.0015320713816094423 -0.019555321722119864 0.00017205534325025608
leaf_weight=0.36924442986492145 1.6218437041097811 12.376165046909591 2.5749072838225375 1.2952889847219911 10.807690798654221 0.30220993328839529
leaf_count=34 437 314 571 220 4793 10
internal_value=-0.000579467 0.0119146 0.0155609 -0.0164138 -0.0187107 -0.00629315
internal_weight=29.3474 16.8751 14.9511 12.4722 11.1769 1.92405
internal_count=6379 1332 885 5047 4827 447
is_linear=0
shrinkage=0.025


Tree=81
num_leaves=7
num_cat=0
split_feature=22 26 6 25 17 17
split_gain=12.4598 4.05062 3.51261 0.844188 0.266531 0.0155923
threshold=0.034168725833296783 -0.88277277350425709 3.3511469364166264 -3.864897489547729 1.0108916759490969 1.248143255710602
decision_type=2 2 2 2 2 2
left_child=4 2 -2 -3 -1 -6
right_child=1 3 -4 -5 5 -7
leaf_value=-0.018519159903016769 0.019506312011317313 0.003103326171427917 -0.0049192659466483282 -0.010246543863631588 0.00069174064895719044 -0.0011594256235344682
leaf_weight=9.8322324925102293 13.648848363984145 0.9773335879435775 1.965476185636361 2.6318672305205819 0.4633751797955491 0.3046759141725488
leaf_count=4547 329 42 499 974 50 68
internal_value=-0.00020667 0.0108822 0.0156811 -0.00620274 -0.0177594 0
internal_weight=29.8238 19.2235 15.6143 3.6092 10.6003 0.768051
internal_count=6509 1844 828 1016 4665 118
is_linear=0
shrinkage=0.025


Tree=82
num_leaves=7
num_cat=0
split_feature=24 17 25 13 4 12
split_gain=10.8398 4.0492 1.52898 1.23533 1.11883 0.65034
threshold=-1.7581225037574766 0.83788955211639415 0.32610778510570532 5.4478700160980233 5.3207228183746347 3.0099058151245122
decision_type=2 2 2 2 2 2
left_child=2 3 4 -2 -1 -3
right_child=1 5 -4 -5 -6 -7
leaf_value=0.017691333549639799 -0.019554859716402903 -0.0028009747564697526 -0.002750930217048933 0 -0.0018322602989686216 0.0092960085990138573
leaf_weight=11.572118345648049 11.208476839616198 0.55296171671943684 0.96332327352138314 1.8788128149171814 0.45018312483443956 2.4900400215410627
leaf_count=476 4893 135 260 472 83 109
internal_value=0 -0.0122667 0.0141386 -0.0173201 0.0162696 0.00594601
internal_weight=29.1159 16.1303 12.9856 13.0873 12.0223 3.043
internal_count=6428 5609 819 5365 559 244
is_linear=0
shrinkage=0.025


Tree=83
num_leaves=7
num_cat=0
split_feature=24 27 5 6 25 27
split_gain=9.85838 2.42946 1.31596 1.31528 1.0242 0.655711
threshold=-2.1919178962707515 0.12888943403959277 4.0100378990173349 3.9405726194381718 0.32610778510570532 0.71666583418846141
decision_type=2 2 2 2 2 2
left_child=3 2 -2 4 -1 -3
right_child=1 5 -4 -5 -6 -7
leaf_value=0.01757005529191635 0.0080421675237439989 -0.017093345927625268 -0.006808242604104401 -0.0027879779156324662 -0.0010300460617754046 0.00026996322725130541
leaf_weight=10.078296099149155 3.2657448589452569 11.544356638070891 1.6815663106681311 0.56723831078852605 0.80327885056613091 0.55385205999482501
leaf_count=305 346 4745 656 157 193 85
internal_value=-0.000504168 -0.0115245 0.00148128 0.0140392 0.0159114 -0.0160864
internal_weight=28.4943 17.0455 4.94731 11.4488 10.8816 12.0982
internal_count=6487 5832 1002 655 498 4830
is_linear=0
shrinkage=0.025


Tree=84
num_leaves=7
num_cat=0
split_feature=22 13 2 19 27 21
split_gain=10.2157 3.12845 1.75479 1.11458 0.800018 0.185332
threshold=0.12323508411645891 2.9630731344223027 1.594282925128937 0.25033596158027654 0.71666583418846141 1.8595926761627199
decision_type=2 2 2 2 2 2
left_child=3 5 -3 4 -1 -2
right_child=1 2 -4 -5 -6 -7
leaf_value=-0.01793170256358546 -0.0078235650747449283 -0.0029017540752025589 0.017164143235664838 0.0010078287919357512 0.00070890052860094529 0.00014732578163643517
leaf_weight=10.349395079800161 1.650060858111831 1.0823931194900058 13.157309985137543 1.1913186181045592 0.48537849818239998 0.29991954821161915
leaf_count=4717 452 228 667 270 72 8
internal_value=-0.000296658 0.0111615 0.0149563 -0.0148368 -0.0167418 -0.00647432
internal_weight=28.2158 16.1897 14.2397 12.0261 10.8348 1.94998
internal_count=6414 1355 895 5059 4789 460
is_linear=0
shrinkage=0.025


Tree=85
num_leaves=7
num_cat=0
split_feature=25 13 27 27 26 18
split_gain=10.2629 4.5909 1.41182 0.784222 0.339252 0.274677
threshold=0.48586350679397589 2.9630731344223027 0.071763388812541976 0.71666583418846141 -0.88100090622901905 0.67366957664489757
decision_type=2 2 2 2 2 2
left_child=1 5 -2 -4 -3 -1
right_child=2 4 3 -5 -6 -7
leaf_value=-0.0093072128093763876 0.0009407444338319584 0.018011202785493684 -0.018645035448913716 0.00050356193507877312 0 0.00017730091351206767
leaf_weight=2.1942579110036635 1.7980011335457664 11.152006455202352 9.9023693050257826 0.50132566076354201 1.3554012353997666 0.69572549682925444
leaf_count=701 314 371 4505 76 376 75
internal_value=-0.000589047 0.0113121 -0.0148933 -0.0174526 0.0169463 -0.00756638
internal_weight=27.5991 15.3974 12.2017 10.4037 12.5074 2.88998
internal_count=6418 1523 4895 4581 747 776
is_linear=0
shrinkage=0.025


Tree=86
num_leaves=7
num_cat=0
split_feature=21 19 13 7 12 3
split_gain=10.4567 4.74098 1.43487 1.01821 0.789778 0.421821
threshold=0.91574203968048107 0.25033596158027654 2.9630731344223027 5.0910816192626962 2.8753541707992558 1.1059364080429079
decision_type=2 2 2 2 2 2
left_child=1 3 -3 -1 -2 -6
right_child=4 2 -4 -5 5 -7
leaf_value=-0.019091072891340558 -0.00063018127888059185 -0.0054199977020624127 0.010689498827622171 3.8809888528749024e-05 0 0.01773826549594875
leaf_weight=10.936792217558837 0.62863773124990885 1.203710488451178 3.8945285907830112 1.2053506141237438 0.31746584578649972 10.2057026362163
leaf_count=5047 87 362 319 242 64 304
internal_value=0.000376024 -0.0106251 0.00546669 -0.01737 0.0157946 0.0170654
internal_weight=28.3922 17.2404 5.09824 12.1421 11.1518 10.5232
internal_count=6425 5970 681 5289 455 368
is_linear=0
shrinkage=0.025


Tree=87
num_leaves=7
num_cat=0
split_feature=21 27 19 12 19 14
split_gain=10.6032 2.8351 1.6885 1.64188 0.253501 0.0875083
threshold=0.31220807135105139 0.22468997538089755 0.63345649838447582 2.8753541707992558 0.63345649838447582 0.36459085345268255
decision_type=2 2 2 2 2 2
left_child=2 3 -1 -2 -3 -4
right_child=1 4 5 -5 -6 -7
leaf_value=-0.018511716665567814 -0.0029438694996121151 -0.0066394864407401215 -0.00064144098865472933 0.017315674234335814 0.0010973565421079697 0.0034631593171707783
leaf_weight=10.018833529291443 0.8174678880313867 2.3633875550003718 0.25844334397697721 12.038739087525753 0.4282703885110094 1.1650947348389307
leaf_count=4599 222 858 81 565 40 77
internal_value=-0.000781161 0.0110776 -0.0158156 0.0152138 -0.0047079 0.00182574
internal_weight=27.0902 15.6479 11.4424 12.8562 2.79166 1.42354
internal_count=6442 1685 4757 787 898 158
is_linear=0
shrinkage=0.025


Tree=88
num_leaves=6
num_cat=0
split_feature=21 26 13 24 24
split_gain=10.5952 3.94379 2.21792 1.23101 0.419374
threshold=0.17925047874450686 -0.88277277350425709 2.2139854431152348 -4.7164649963378897 -3.7682125568389888
decision_type=2 2 2 2 2
left_child=3 2 -2 -1 -3
right_child=1 4 -4 -5 -6
leaf_value=0.0017012189901132885 -0.0041450602891844436 0.0012911257291469617 0.018128299384979413 -0.018000018973930002 -0.0085031816018367925
leaf_weight=0.72010661035892809 0.86908488220069813 1.001573412155268 13.844564112339866 9.289556433548567 2.6815263175521959
leaf_count=36 266 120 748 4175 1147
internal_value=0.00017938 0.0108337 0.015778 -0.0160717 -0.00591017
internal_weight=28.4064 18.3967 14.7136 10.0097 3.6831
internal_count=6492 2281 1014 4211 1267
is_linear=0
shrinkage=0.025


Tree=89
num_leaves=6
num_cat=0
split_feature=21 26 13 22 24
split_gain=9.64117 3.55013 1.56447 1.24495 0.984518
threshold=0.17925047874450686 -0.94462773203849781 2.2139854431152348 0.86549249291419994 -3.7682125568389888
decision_type=2 2 2 2 2
left_child=3 2 -2 -1 -3
right_child=1 4 -4 -5 -6
leaf_value=-0.017800434354549324 -0.0027497376405072171 0.0042661322287592457 0.018253381179482542 0.0018302492125078112 -0.0085895806961269819
leaf_weight=9.0476156036893371 0.62500513244595168 1.8227989515289671 11.049975272995651 0.70282827634946521 3.5561597570776922
leaf_count=4126 205 137 453 35 1464
internal_value=-7.98306e-06 0.0102867 0.0162668 -0.015821 -0.00367444
internal_weight=26.8044 17.0539 11.675 9.75044 5.37896
internal_count=6420 2259 658 4161 1601
is_linear=0
shrinkage=0.025


Tree=90
num_leaves=7
num_cat=0
split_feature=22 6 26 27 17 21
split_gain=8.85025 3.23595 2.46663 0.745306 0.314961 0.183224
threshold=0.034168725833296783 3.3511469364166264 -0.79746627807617176 0.71666583418846141 1.0108916759490969 1.1543967723846438
decision_type=2 2 2 2 2 2
left_child=3 2 -2 4 -1 -3
right_child=1 5 -4 -5 -6 -7
leaf_value=-0.017193091243265676 0.017467517504834461 -0.007901635976442941 -0.0034768934736521817 0.00088588456763518146 0 0
leaf_weight=8.4093419691344007 12.645901597177726 1.9843439473188476 1.9894565861613962 0.45918635829002674 0.68101197507348921 0.55742624745471392
leaf_count=4422 518 655 629 72 109 39
internal_value=0 0.0100186 0.0141418 -0.0150727 -0.0163507 -0.0065297
internal_weight=26.7267 17.1771 14.6354 9.54954 9.09035 2.54177
internal_count=6444 1841 1147 4603 4531 694
is_linear=0
shrinkage=0.025


Tree=91
num_leaves=7
num_cat=0
split_feature=26 5 18 22 27 22
split_gain=9.83673 3.5294 1.68371 1.06828 0.714342 0.376796
threshold=-0.93772077560424794 4.1463034152984628 0.46297191083431249 -0.098699886351823793 0.71666583418846141 0.963395655155182
decision_type=2 2 2 2 2 2
left_child=1 3 4 -1 -2 -3
right_child=2 5 -4 -5 -6 -7
leaf_value=-0.001032013695395388 -0.018229215974379518 -0.0082109327973632958 0.0021034221716663267 0.01808592042785874 0.00028285565195205982 0.0014093052164036639
leaf_weight=0.79305758466943999 9.2963233012851525 2.0715415162267159 1.637914880469906 11.757328331266764 0.54867924720747474 0.58200183510780323
leaf_count=478 4278 844 270 430 93 22
internal_value=5.73434e-05 0.0119109 -0.0141103 0.0165719 -0.0170287 -0.00574207
internal_weight=26.6868 15.2039 11.4829 12.5504 9.845 2.65354
internal_count=6415 1774 4641 908 4371 866
is_linear=0
shrinkage=0.025


Tree=92
num_leaves=7
num_cat=0
split_feature=24 17 6 3 13 27
split_gain=8.9974 2.97016 1.25956 1.07162 0.90816 0.77952
threshold=-1.7581225037574766 0.52558162808418285 4.1044580936431894 1.1059364080429079 4.1058831214904794 0.71666583418846141
decision_type=2 2 2 2 2 2
left_child=2 5 3 -1 -3 -2
right_child=1 4 -4 -5 -6 -7
leaf_value=-0.0021663284811175403 -0.018572864877108724 -0.0045562367972571231 -0.0028695110749415442 0.016263526213150827 0.0081856970774825139 0.00045478828511066909
leaf_weight=0.37061474146321494 9.7368703930987941 1.535365027753868 0.62945384171325791 10.872541973920304 2.520835278352024 0.53104767462355162
leaf_count=120 4805 595 188 500 176 83
internal_value=-0.000290051 -0.0120654 0.0129118 0.0147914 0.00281979 -0.0173528
internal_weight=26.1967 14.3241 11.8726 11.2432 4.0562 10.2679
internal_count=6467 5659 808 620 771 4888
is_linear=0
shrinkage=0.025


Tree=93
num_leaves=7
num_cat=0
split_feature=21 13 24 2 13 2
split_gain=9.03707 1.871 1.84704 1.26261 0.824256 0.172366
threshold=0.506261706352234 3.1883696317672734 -4.7164649963378897 1.594282925128937 5.4478700160980233 4.0011610984802255
decision_type=2 2 2 2 2 2
left_child=2 5 -1 -3 -4 -2
right_child=1 3 4 -5 -6 -7
leaf_value=0.003660575844177557 0.000721645407086655 -0.0025606560099733014 -0.017303336272046849 0.016582376787778647 0 -0.0055637291363555136
leaf_weight=1.2237763891171187 0.5883778311253981 0.46361344782053393 9.9740847168723139 11.700466465117641 1.346330940912593 1.0183373081963507
leaf_count=55 97 140 4869 578 426 326
internal_value=0 0.0121061 -0.0128505 0.0149552 -0.015593 -0.00351182
internal_weight=26.315 13.7708 12.5442 12.1641 11.3204 1.60672
internal_count=6491 1141 5350 718 5295 423
is_linear=0
shrinkage=0.025


Tree=94
num_leaves=7
num_cat=0
split_feature=21 6 24 26 27 22
split_gain=8.7367 2.673 1.48098 1.38511 0.765687 0.133438
threshold=0.31220807135105139 3.3511469364166264 -5.0322093963623038 -0.79746627807617176 0.71666583418846141 1.0431639552116396
decision_type=2 2 2 2 2 2
left_child=2 3 -1 -2 -4 -3
right_child=1 5 4 -5 -6 -7
leaf_value=0.0025667901065382429 0.016719444510627488 -0.0065143710952331709 -0.017938683379669886 -0.001479002422809485 0.00055143949069678597 0
leaf_weight=0.92806199091137287 11.358589208219199 1.8901755291735747 9.1855913320177933 1.4825072573148634 0.51892381324432868 0.28710864670574654
leaf_count=35 484 690 4665 522 74 11
internal_value=-0.000155721 0.0106247 -0.0143106 0.0144424 -0.0166736 -0.00539626
internal_weight=25.651 15.0184 10.6326 12.8411 9.70452 2.17728
internal_count=6481 1707 4774 1006 4739 701
is_linear=0
shrinkage=0.025


Tree=95
num_leaves=6
num_cat=0
split_feature=21 19 6 13 3
split_gain=7.79852 3.84337 1.49792 1.21242 0.712897
threshold=0.91574203968048107 0.28580045700073248 3.3197416067123418 2.9630731344223027 -0.14054387062788007
decision_type=2 2 2 2 2
left_child=1 4 -2 -3 -1
right_child=2 3 -4 -5 -6
leaf_value=0 0.015934584498355581 -0.0051204941197173399 -0.0033854959480488912 0.0097603859959615423 -0.018057823952789126
leaf_weight=1.2217659176239966 8.8858228501630911 1.1316984644654429 0.59909844712819982 3.5173256250272971 9.9007811870542373
leaf_count=210 288 341 160 270 5162
internal_value=-0.000419879 -0.0103513 0.0135354 0.00471395 -0.016545
internal_weight=25.2565 15.7716 9.48492 4.64902 11.1225
internal_count=6431 5983 448 611 5372
is_linear=0
shrinkage=0.025


Tree=96
num_leaves=7
num_cat=0
split_feature=18 19 13 26 6 27
split_gain=8.28131 1.41729 1.23991 0.963891 0.88992 0.742621
threshold=0.18832770735025409 0.25033596158027654 2.2139854431152348 -0.89374431967735279 2.8125554323196416 0.71666583418846141
decision_type=2 2 2 2 2 2
left_child=1 5 -2 -4 -3 -1
right_child=2 4 3 -5 -6 -7
leaf_value=-0.016955512818685944 -0.0030117479139868731 0.0067784001435292774 0.016155794227539936 0 -0.0061047028343324469 0.00071514605805103387
leaf_weight=8.933434237158508 0.70068891717528359 2.0002499176771376 9.7202138001302938 2.0587037158693411 1.3165022391767705 0.48652220502845089
leaf_count=4603 208 146 439 526 471 77
internal_value=-3.9873e-05 -0.0122449 0.0119985 0.0138954 0.000317447 -0.0156779
internal_weight=25.2163 12.7367 12.4796 11.7789 3.31675 9.41996
internal_count=6470 5297 1173 965 617 4680
is_linear=0
shrinkage=0.025


Tree=97
num_leaves=7
num_cat=0
split_feature=21 24 20 12 4 13
split_gain=8.53173 3.32739 0.784437 0.782246 0.293373 0.208578
threshold=0.91574203968048107 -3.2943897247314449 1.5268691778182986 3.0099058151245122 -0.41353613138198847 3.0572668313980107
decision_type=2 2 2 2 2 2
left_child=1 5 -3 -2 -5 -1
right_child=3 2 -4 4 -6 -7
leaf_value=-0.00047704494550218374 -0.00094316033992195936 -0.016713774941862127 0.00039054501105137852 0 0.01602319080166327 0.0075070205291253404
leaf_weight=0.21845844580093343 0.65786503360140969 11.751597345733899 0.83410124033980615 0.27656645321985607 9.052064039569812 2.2880234292242676
leaf_count=82 96 5685 175 43 308 102
internal_value=-0.00010165 -0.0109113 -0.0154361 0.0140076 0.0154593 0.00612429
internal_weight=25.0787 15.0922 12.5857 9.9865 9.32863 2.50648
internal_count=6491 6044 5860 447 351 184
is_linear=0
shrinkage=0.025


Tree=98
num_leaves=7
num_cat=0
split_feature=22 13 21 3 19 21
split_gain=7.72099 1.87359 1.55016 1.15925 0.806054 0.118644
threshold=0.19013981521129611 2.9630731344223027 1.1543967723846438 1.1059364080429079 0.28580045700073248 1.8595926761627199
decision_type=2 2 2 2 2 2
left_child=2 5 4 -3 -1 -2
right_child=1 3 -4 -5 -6 -7
leaf_value=-0.017843035280594392 -0.0057812019841538683 -0.001813926461877977 0.0026158569822210941 0.015346954574569159 0 3.7541007136620273e-05
leaf_weight=9.0264820527518186 1.1957175408897445 1.0372592119092576 1.1691965817590233 10.188200514123308 1.086045780321 0.29338322597322974
leaf_count=4964 342 228 58 553 254 9
internal_value=-0.00123404 0.0101765 -0.0136536 0.0133057 -0.0161913 -0.00452605
internal_weight=23.9963 12.7146 11.2817 11.2255 10.1125 1.4891
internal_count=6408 1132 5276 781 5218 351
is_linear=0
shrinkage=0.025


Tree=99
num_leaves=7
num_cat=0
split_feature=22 17 7 5 6 25
split_gain=8.45121 3.9934 1.20374 0.991553 0.60668 0.165088
threshold=0.59879374504089367 0.52558162808418285 5.0910816192626962 4.0100378990173349 3.7636044025421147 -0.13909640908241269
decision_type=2 2 2 2 2 2
left_child=1 2 -1 -3 5 -2
right_child=4 3 -4 -5 -6 -7
leaf_value=-0.018820476994521232 0.016654339246775576 0.0088891223581939027 0.00096747880926239095 -0.0045782790096298934 -0.00035840404711016467 0
leaf_weight=9.3343557804619213 8.3757912534056214 4.0546638995583626 1.0029175705567457 0.9535870356921804 0.52915248501813117 0.79255109821678793
leaf_count=4959 197 530 227 287 101 127
internal_value=0.000235879 -0.0100509 -0.0168036 0.00469421 0.0148207 0.0159552
internal_weight=25.043 15.3455 10.3373 5.00825 9.69749 9.16834
internal_count=6428 6003 5186 817 425 324
is_linear=0
shrinkage=0.025


Tree=100
num_leaves=6
num_cat=0
split_feature=22 6 2 22 27
split_gain=8.51774 3.18139 2.08916 0.244409 0.167847
threshold=0.034168725833296783 3.3511469364166264 1.594282925128937 0.963395655155182 -0.028547190129756924
decision_type=2 2 2 2 2
left_child=4 2 -2 -3 -1
right_child=1 3 -4 -5 -6
leaf_value=0 -0.0037866520708215753 -0.0084916618061485257 0.016450047318284002 0.00030459871165432965 -0.016117983154604078
leaf_weight=0.35690503258956852 1.3312021590245446 1.8630892053624841 13.121144320874008 0.53371094714384515 8.0317227251653076
leaf_count=78 384 648 796 33 4528
internal_value=0 0.00966977 0.0137706 -0.00680611 -0.0156534
internal_weight=25.2378 16.8491 14.4523 2.3968 8.38863
internal_count=6467 1861 1180 681 4606
is_linear=0
shrinkage=0.025


Tree=101
num_leaves=7
num_cat=0
split_feature=21 27 13 25 19 27
split_gain=7.06619 2.56047 1.14081 0.910867 0.782717 0.825937
threshold=0.22382836788892749 0.13674183934926989 2.2139854431152348 0.73857644200325023 0.71703976392745983 0.71666583418846141
decision_type=2 2 2 2 2 2
left_child=4 2 -2 -3 5 -1
right_child=1 3 -4 -5 -6 -7
leaf_value=-0.016411015273874004 -0.0019757717050398554 0.0033969318396685671 0.017278440990584232 -0.0086690352111990273 0.00085914491311580514 0.0012697552507877291
leaf_weight=7.7102122999931453 0.48638439655769516 4.2419943805725771 9.2218922649917641 1.6420028049178652 0.8527756714611322 0.39657521588378575
leaf_count=4212 156 675 324 883 101 56
internal_value=0.000406072 0.00983169 0.0155451 -0.00183162 -0.0131957 -0.0149148
internal_weight=24.5518 15.5923 9.70828 5.884 8.95956 8.10679
internal_count=6407 2038 480 1558 4369 4268
is_linear=0
shrinkage=0.025


Tree=102
num_leaves=7
num_cat=0
split_feature=24 17 6 7 3 12
split_gain=6.51994 3.09015 1.32717 1.09476 0.962544 0.644998
threshold=-1.8735966086387632 0.66106122732162487 3.2028585672378544 5.0910816192626962 1.1059364080429079 3.0099058151245122
decision_type=2 2 2 2 2 2
left_child=2 3 4 -2 -1 -3
right_child=1 5 -4 -5 -6 -7
leaf_value=-0.0019942911289021971 -0.018200216071215174 -0.0032850223068783043 -0.0030693711417788248 0.00076355174659049972 0.015619888111553314 0.0081744694583489423
leaf_weight=0.35841387571417804 8.7439740302797855 0.69164865311176926 0.92957428508089002 1.0429771357303241 8.6493530218576762 2.6414474259654526
leaf_count=116 4943 208 320 233 344 259
internal_value=-0.000621816 -0.0107898 0.0115024 -0.0161818 0.0140112 0.00450224
internal_weight=23.0574 13.12 9.93734 9.78695 9.00777 3.3331
internal_count=6423 5643 780 5176 460 467
is_linear=0
shrinkage=0.025


Tree=103
num_leaves=7
num_cat=0
split_feature=26 22 6 17 22 23
split_gain=6.35937 2.97833 2.42131 0.777076 0.25598 0.120424
threshold=-0.99881544709205616 0.7440452277660371 4.6658742427825937 0.66106122732162487 -0.098699886351823793 -4.0951664447784415
decision_type=2 2 2 2 2 2
left_child=2 3 4 -2 -1 -3
right_child=1 5 -4 -5 -6 -7
leaf_value=0 -0.015866463701658461 0 -0.0050575503900489923 0 0.016942530227210328 0.0069599971696951979
leaf_weight=0.4132176487473761 9.0827332181506772 0.32577965379459817 1.2401295525487501 2.0235899049439459 9.0027959337021475 2.5366928552684831
leaf_count=192 4902 107 471 425 287 97
internal_value=0.000803952 -0.00885674 0.0126512 -0.0137827 0.0163623 0.00607138
internal_weight=24.6249 13.9688 10.6561 11.1063 9.41601 2.86247
internal_count=6481 5531 950 5327 479 204
is_linear=0
shrinkage=0.025


Tree=104
num_leaves=7
num_cat=0
split_feature=27 6 19 27 22 17
split_gain=6.75316 3.34567 1.00873 0.598194 0.380811 0.325376
threshold=0.16939511895179751 3.3511469364166264 0.53344660997390758 0.71666583418846141 -0.098699886351823793 1.1752665638923647
decision_type=2 2 2 2 2 2
left_child=1 4 3 -2 -1 -3
right_child=2 5 -4 -5 -6 -7
leaf_value=0 -0.014715706667688129 -0.0071595189187726883 0.0016830096179503177 0.00061606624209350602 0.016939351958156625 0.0014135030128961238
leaf_weight=0.47684540887712579 8.9982487951638142 2.8016873564629345 1.257579025637823 0.49881061271298754 10.003570950124413 0.57898358817328688
leaf_count=209 4414 1309 152 87 266 44
internal_value=0.000578243 0.0107602 -0.0113982 -0.0135446 0.0162089 -0.00497817
internal_weight=24.6157 13.8611 10.7546 9.49706 10.4804 3.38067
internal_count=6481 1828 4653 4501 475 1353
is_linear=0
shrinkage=0.025


Tree=105
num_leaves=7
num_cat=0
split_feature=21 19 5 21 3 24
split_gain=8.18259 4.24887 0.663716 0.451832 0.362709 0.105936
threshold=0.91574203968048107 0.28580045700073248 4.0100378990173349 0.039347678422927863 1.1059364080429079 -3.6267998218536373
decision_type=2 2 2 2 2 2
left_child=1 5 4 -3 -2 -1
right_child=2 3 -4 -5 -6 -7
leaf_value=0 0 -0.0019146647382897758 -0.00071869038311021469 0.0075253999703899718 0.015451815908446874 -0.018827131351075062
leaf_weight=0.12619500551954743 0.29528553321142403 1.1411715988215281 0.62109631649218577 3.1926222566980869 8.4800232015113561 9.2909839673375263
leaf_count=13 64 379 83 215 305 5394
internal_value=-0.000696618 -0.0116568 0.0133866 0.00467596 0.0147372 -0.0186216
internal_weight=23.1474 13.751 9.39641 4.33379 8.77531 9.41718
internal_count=6453 6001 452 594 369 5407
is_linear=0
shrinkage=0.025


Tree=106
num_leaves=7
num_cat=0
split_feature=21 6 26 22 5 21
split_gain=6.00751 2.61402 2.09265 0.77845 0.791774 0.0684184
threshold=0.24130524694919589 3.2778618335723881 -0.84902614355087269 1.0431639552116396 -0.18233227729797361 1.8595926761627199
decision_type=2 2 2 2 2 2
left_child=3 2 -2 4 -1 -3
right_child=1 5 -4 -5 -6 -7
leaf_value=0.001128479167674512 0.016366351823138656 -0.00698926223213687 -0.0034103886436311899 0.0012573422292091081 -0.016241197332207191 0
leaf_weight=0.43612163531361137 9.9776185396331112 1.7213814194255967 1.7614683742140176 0.56191506650065992 7.4624107678246236 0.39907013572519634
leaf_count=98 406 799 752 19 4288 25
internal_value=-0.00022147 0.00872111 0.0128932 -0.013133 -0.0147319 -0.00633297
internal_weight=22.32 13.8595 11.7391 8.46045 7.89853 2.12045
internal_count=6387 1982 1158 4405 4386 824
is_linear=0
shrinkage=0.025


Tree=107
num_leaves=7
num_cat=0
split_feature=21 19 6 27 27 12
split_gain=6.9194 1.98384 0.903919 0.80914 0.791157 0.372146
threshold=0.6850065588951112 0.19770912826061252 3.2028585672378544 0.26142439246177679 0.71666583418846141 2.7670134305953984
decision_type=2 2 2 2 2 2
left_child=1 4 -3 5 -1 -2
right_child=3 2 -4 -5 -6 -7
leaf_value=-0.017082080334874045 0 0.0072703314924875478 -0.0054992597254841851 -0.00039527562692482618 0.00090279400806993974 0.015100285221053309
leaf_weight=8.0123662718542619 0.46228074669488606 2.5886707162135276 1.2260919597174504 1.5615136279084243 0.46279083474655713 8.0270243921258935
leaf_count=4836 78 272 508 333 76 315
internal_value=-2.12854e-05 -0.0109985 0.00166576 0.0121808 -0.0156656 0.0142465
internal_weight=22.3407 12.2899 3.81476 10.0508 8.47516 8.48931
internal_count=6418 5692 780 726 4912 393
is_linear=0
shrinkage=0.025


Tree=108
num_leaves=7
num_cat=0
split_feature=21 22 17 6 5 17
split_gain=5.4935 2.15489 2.06175 0.819877 0.305496 0.048971
threshold=0.95127859711647045 0.71216142177581798 0.55350714921951305 4.1382005214691171 0.22198139131069186 -0.20532549172639844
decision_type=2 2 2 2 2 2
left_child=1 2 -1 4 -2 -3
right_child=3 5 -4 -5 -6 -7
leaf_value=-0.017151507649034087 0 0 0.0022692438459214928 -0.0019808803110158714 0.014103338978391262 0.0053007999621444936
leaf_weight=9.2964214923558774 0.37168693219427851 0.284262458328158 2.4039277869596836 0.44257882889360178 6.9560361217736499 1.7919286338146765
leaf_count=5279 80 54 578 96 233 87
internal_value=-0.00108519 -0.00970525 -0.0133023 0.0115246 0.0133199 0.00475861
internal_weight=21.5468 13.7765 11.7003 7.7703 7.32772 2.07619
internal_count=6407 5998 5857 409 313 141
is_linear=0
shrinkage=0.025


Tree=109
num_leaves=7
num_cat=0
split_feature=21 24 12 5 3 22
split_gain=5.63557 1.37505 1.23057 0.960448 0.937961 0.0275877
threshold=0.506261706352234 -4.7164649963378897 2.8753541707992558 -0.18233227729797361 1.1059364080429079 1.3145634531974795
decision_type=2 2 2 2 2 2
left_child=1 -1 5 -3 -4 -2
right_child=2 3 4 -5 -6 -7
leaf_value=0.0031821118024376706 -0.0038439101576969075 0.0013699061920255965 -0.0020098887014792979 -0.015193270581755744 0.014074919481511742 0
leaf_weight=1.2266274070716452 0.76232146433903736 0.89716230181511392 0.57526686441269603 8.7751809754117875 10.107819027558433 0.084932122495956719
leaf_count=56 195 162 164 5125 749 3
internal_value=0 -0.0106232 0.0102242 -0.0132877 0.0124456 -0.00340767
internal_weight=22.4293 10.899 11.5303 9.67234 10.6831 0.847254
internal_count=6454 5343 1111 5287 913 198
is_linear=0
shrinkage=0.025


Tree=110
num_leaves=7
num_cat=0
split_feature=21 24 7 13 5 25
split_gain=6.40253 2.59291 0.978366 0.851732 0.101364 0.0830398
threshold=0.95127859711647045 -3.6267998218536373 5.0910816192626962 2.2139854431152348 3.9033905267715459 2.4901169538497929
decision_type=2 2 2 2 2 2
left_child=1 4 -3 -2 -1 -5
right_child=3 2 -4 5 -6 -7
leaf_value=0.0061342800730605747 -0.0019015244969317374 -0.016199344947252486 0.00097389597203000858 0.014566698546095347 0 0
leaf_weight=1.8739786302612622 0.42089378839591418 10.11477448603546 1.0051889770693367 7.4405591298564087 0.41712979666772287 0.5872553392255212
leaf_count=66 88 5662 246 226 84 105
internal_value=-0.000575542 -0.0102528 -0.0144387 0.0124217 0.00517567 0.014094
internal_weight=21.8598 13.4111 11.12 8.44871 2.29111 8.02781
internal_count=6477 6058 5908 419 150 331
is_linear=0
shrinkage=0.025


Tree=111
num_leaves=7
num_cat=0
split_feature=22 17 7 13 6 23
split_gain=5.86404 3.65747 1.09055 1.04675 0.58802 0.260624
threshold=0.67913451790809642 0.52558162808418285 5.0910816192626962 3.5611013174057011 3.3355718851089482 -6.29791235923767
decision_type=2 2 2 2 2 2
left_child=1 2 -1 -3 5 -2
right_child=4 3 -4 -5 -6 -7
leaf_value=-0.017891963046175845 0 -0.004332945511530616 0.00085977653586890115 0.0092528617628072195 -0.00055370428649077937 0.01507038698938659
leaf_weight=8.3013019370846468 0.28475119292852458 1.4042732758534828 1.0316876292199584 3.8466505765245529 0.58138834513374593 6.779739798497757
leaf_count=5032 88 544 243 333 103 147
internal_value=-5.25348e-05 -0.00880534 -0.0158062 0.0046686 0.0130289 0.014431
internal_weight=22.2298 14.5839 9.33299 5.25092 7.64588 7.06449
internal_count=6490 6152 5275 877 338 235
is_linear=0
shrinkage=0.025


Tree=112
num_leaves=7
num_cat=0
split_feature=27 5 22 22 27 6
split_gain=4.95732 2.80967 1.00124 0.722471 0.593463 0.161446
threshold=0.16939511895179751 4.1463034152984628 0.7440452277660371 -0.085271131247282014 0.71666583418846141 3.9405726194381718
decision_type=2 2 2 2 2 2
left_child=1 3 4 -1 -2 -3
right_child=2 5 -4 -5 -6 -7
leaf_value=-0.00065960752420623006 -0.014133451981311419 0 0.0018323667516989791 0.015555836963970469 0.00074569774082272058 -0.0073983546570473603
leaf_weight=0.6900765114260129 7.9981201925984333 0.35319170885486473 1.3847106593166234 9.07068395066017 0.4883947638736571 1.855319551672437
leaf_count=502 4360 38 154 423 93 824
internal_value=0 0.00932032 -0.0104508 0.0141509 -0.0128547 -0.00616895
internal_weight=21.8405 11.9693 9.87123 9.76076 8.48651 2.20851
internal_count=6394 1787 4607 925 4453 862
is_linear=0
shrinkage=0.025


Tree=113
num_leaves=7
num_cat=0
split_feature=21 22 17 12 26 6
split_gain=5.55778 2.3617 1.47239 0.688525 0.161825 0.0579439
threshold=0.97734311223030101 0.78748854994773876 0.83788955211639415 2.8753541707992558 -0.80709132552146901 3.2028585672378544
decision_type=2 2 2 2 2 2
left_child=1 2 -1 -2 -5 -3
right_child=3 5 -4 4 -6 -7
leaf_value=-0.015162326513637048 -0.00097357599300731718 0.006317743571017477 0.0027263374777609832 0.014699831364118805 0 0
leaf_weight=10.192209800341518 0.63849342853063529 1.8005382547707989 1.2019634514581401 7.1347508871403988 0.58190832554828364 0.36273119683028188
leaf_count=5794 81 46 161 188 131 63
internal_value=4.33775e-05 -0.00861608 -0.0126381 0.0125277 0.0140799 0.00573037
internal_weight=21.9126 13.5574 11.3942 8.35515 7.71666 2.16327
internal_count=6464 6064 5955 400 319 109
is_linear=0
shrinkage=0.025


Tree=114
num_leaves=7
num_cat=0
split_feature=26 13 22 27 22 21
split_gain=5.07481 2.61097 0.806706 0.567522 0.46919 0.465129
threshold=-0.93772077560424794 2.9630731344223027 0.7440452277660371 0.71666583418846141 -0.25589592754840845 1.3346919417381289
decision_type=2 2 2 2 2 2
left_child=1 5 3 -2 -3 -1
right_child=2 4 -4 -5 -6 -7
leaf_value=-0.0078937940826082371 -0.013504669671629034 -0.00027283743912328255 0.0013392204214595963 0.0007913119191124198 0.015562794976888929 0.0021681558817340254
leaf_weight=2.0140532199147887 7.8772250444890215 0.26101015124004412 1.3234753034630546 0.47769292964949261 9.1487497875059454 0.74214425677200768
leaf_count=1059 4375 224 153 91 470 27
internal_value=0.000549147 0.0098795 -0.0101237 -0.0122291 0.0147476 -0.00472753
internal_weight=21.8444 12.166 9.67839 8.35492 9.40976 2.7562
internal_count=6399 1780 4619 4466 694 1086
is_linear=0
shrinkage=0.025


Tree=115
num_leaves=6
num_cat=0
split_feature=22 27 6 22 17
split_gain=6.02251 2.55158 1.91277 0.383254 0.153971
threshold=0.034168725833296783 0.22468997538089755 3.3511469364166264 1.3145634531974795 1.0108916759490969
decision_type=2 2 2 2 2
left_child=4 2 -2 -3 -1
right_child=1 3 -4 -5 -6
leaf_value=-0.014748713883186236 0.016372424354149834 -0.0077973234558285868 -0.0029437544356536388 0.001647107591763986 0
leaf_weight=6.2954375354456742 9.589521780391804 2.3816442032984919 1.7350577832112311 0.54677424745750602 0.64841566496761505
leaf_count=4461 320 945 520 25 108
internal_value=0 0.0085373 0.0130349 -0.00531896 -0.0140591
internal_weight=21.1969 14.253 11.3246 2.92842 6.94385
internal_count=6379 1810 840 970 4569
is_linear=0
shrinkage=0.025


Tree=116
num_leaves=7
num_cat=0
split_feature=21 24 17 13 20 6
split_gain=5.26645 2.41272 1.99205 0.843836 0.155989 0.0911174
threshold=0.91574203968048107 -3.6267998218536373 0.55350714921951305 2.2139854431152348 1.3124114871025088 3.5511296987533574
decision_type=2 2 2 2 2 2
left_child=1 5 -3 -2 -5 -1
right_child=3 2 -4 4 -6 -7
leaf_value=0.006706179326724954 -0.0018740766524554836 -0.016403361770186205 0.0023927442964276949 0.014790909375712697 0 0
leaf_weight=1.9637440850056003 0.4249257537885559 8.6113023232028372 2.4978141847532234 7.3180207602854335 0.83701797580579285 0.39641264147940081
leaf_count=67 89 5273 589 224 134 73
internal_value=0.0004723 -0.00808932 -0.0123583 0.0124028 0.0140513 0.00590028
internal_weight=22.0492 13.4693 11.1091 8.57996 8.15504 2.36016
internal_count=6449 6002 5862 447 358 140
is_linear=0
shrinkage=0.025


Tree=117
num_leaves=7
num_cat=0
split_feature=22 17 13 27 5 5
split_gain=5.11096 3.11685 1.00036 0.832821 0.588529 0.298898
threshold=0.59879374504089367 0.52558162808418285 4.2408092021942148 0.71666583418846141 4.4153571128845224 0.36907115578651434
decision_type=2 2 2 2 2 2
left_child=1 3 -3 -1 5 -2
right_child=4 2 -4 -5 -6 -7
leaf_value=-0.017511102551152565 0 -0.0044952708357748191 0.0088411121387287125 0.00098085749571777707 -0.0012144658152607654 0.013613006065482942
leaf_weight=7.7915262177266431 0.20477978244889428 1.4284656914387586 3.1696096742816735 0.44938219661707979 0.33324225133401331 6.6517854401317891
leaf_count=5137 89 630 207 77 95 249
internal_value=-0.000903738 -0.00947744 0.00386335 -0.0160411 0.0115013 0.012898
internal_weight=20.0288 12.839 4.59808 8.24091 7.18981 6.85657
internal_count=6484 6051 837 5214 433 338
is_linear=0
shrinkage=0.025


Tree=118
num_leaves=7
num_cat=0
split_feature=26 5 21 19 6 22
split_gain=5.31159 1.78141 1.61347 0.758077 0.280358 0.270894
threshold=-1.0016046166419981 4.5194709300994882 0.95127859711647045 0.57991504669189464 2.911378145217896 -0.098699886351823793
decision_type=2 2 2 2 2 2
left_child=1 5 3 -2 -4 -1
right_child=2 -3 4 -5 -6 -7
leaf_value=0 -0.015799608929675999 -0.004382303159652207 0.0049496962516188828 0.00047566829297906429 -0.0024112705024012526 0.015131279416415767
leaf_weight=0.4158292611100477 7.8192271913430869 1.0740117441600885 2.3347762583871368 0.9052352745347888 0.47793097379326344 6.9837698072806251
leaf_count=203 5102 466 190 117 123 228
internal_value=-0.000733061 0.0108211 -0.0103031 -0.0140974 0.00215625 0.0144091
internal_weight=20.0108 8.47361 11.5372 8.72446 2.81271 7.3996
internal_count=6429 897 5532 5219 313 431
is_linear=0
shrinkage=0.025


Tree=119
num_leaves=7
num_cat=0
split_feature=27 6 22 24 27 5
split_gain=4.60421 2.61964 0.931496 0.806948 0.546547 0.151462
threshold=0.16939511895179751 4.1044580936431894 0.91645777225494396 0.45475338399410253 0.71666583418846141 4.0100378990173349
decision_type=2 2 2 2 2 2
left_child=1 3 4 -1 -2 -3
right_child=2 5 -4 -5 -6 -7
leaf_value=0.015507880985459728 -0.01302838849389752 3.0741642359805127e-05 0.0023112689076837038 -0.0012962970046697846 0.00081824370685726659 -0.0070012212584953191
leaf_weight=9.4163309762225254 8.0039774234610341 0.31279117533995249 1.0549338784039708 0.45711157476762387 0.46837810572469685 1.7529126849549355
leaf_count=434 4458 105 93 413 92 873
internal_value=0.000696186 0.0096302 -0.00953047 0.0141354 -0.0117794 -0.00578362
internal_weight=21.4664 11.9391 9.52729 9.87344 8.47236 2.0657
internal_count=6468 1825 4643 847 4550 978
is_linear=0
shrinkage=0.025


Tree=120
num_leaves=7
num_cat=0
split_feature=27 6 18 21 22 24
split_gain=5.45079 2.69796 1.39364 0.336463 0.334732 0.325108
threshold=0.17115201801061633 3.3511469364166264 0.46297191083431249 1.1543967723846438 -0.098699886351823793 -5.777301311492919
decision_type=2 2 2 2 2 2
left_child=1 4 5 -3 -1 -2
right_child=2 3 -4 -5 -6 -7
leaf_value=0 0 -0.0072261417608982699 0.0022723735905142563 0.0014490722348110916 0.015669865268379959 -0.015226260043501222
leaf_weight=0.44233264293870966 0.19983443140517909 2.2115269634959982 1.714060481652268 0.7122100906271952 8.554818167220219 7.2289300102129328
leaf_count=211 7 1305 280 43 271 4348
internal_value=0 0.0097579 -0.0112677 -0.00474323 0.0149278 -0.0145521
internal_weight=21.0637 11.9209 9.14282 2.92374 8.99715 7.42876
internal_count=6465 1830 4635 1348 482 4355
is_linear=0
shrinkage=0.025


Tree=121
num_leaves=7
num_cat=0
split_feature=21 24 17 13 26 6
split_gain=5.11641 2.23909 1.40868 0.696627 0.276993 0.0790676
threshold=0.95127859711647045 -3.6267998218536373 0.66106122732162487 2.2139854431152348 -0.84902614355087269 3.415839791297913
decision_type=2 2 2 2 2 2
left_child=1 5 -3 -2 -5 -1
right_child=3 2 -4 4 -6 -7
leaf_value=0.0059646034072470579 -0.0015203177925713998 -0.015925049405438707 0.0016997309447483379 0.014388403399730585 0 0
leaf_weight=1.8163336202123894 0.37458092562155609 8.5421019213390554 1.6968009928241361 6.7226600582071114 0.91540839595836576 0.39713572757318605
leaf_count=69 80 5516 384 178 165 78
internal_value=0 -0.00885012 -0.0129948 0.0118615 0.0133541 0.0051737
internal_weight=20.465 12.4524 10.2389 8.01265 7.63807 2.21347
internal_count=6470 6047 5900 423 343 147
is_linear=0
shrinkage=0.025


Tree=122
num_leaves=7
num_cat=0
split_feature=25 6 21 22 19 22
split_gain=5.82544 2.61966 1.69006 0.185387 0.0620921 0.0288064
threshold=0.32610778510570532 3.2028585672378544 1.0085228681564333 0.91645777225494396 0.23221597075462344 0.037703206762671478
decision_type=2 2 2 2 2 2
left_child=1 5 -2 -3 -4 -1
right_child=2 3 4 -5 -6 -7
leaf_value=0 -0.016057043961672849 -0.0066108539553312255 0.0037305729110743615 0.00034813410293633816 0 0.014848487732121406
leaf_weight=0.29367573196941776 7.1976479392033053 2.0214301669329866 1.2685118282242909 0.59911064483458165 0.33328785008052353 8.4718260977097071
leaf_count=100 4879 871 63 41 91 434
internal_value=-0.000331708 0.00958881 -0.0124445 -0.00501518 0.00270855 0.0146447
internal_weight=20.1855 11.386 8.79945 2.62054 1.6018 8.7655
internal_count=6479 1446 5033 912 154 534
is_linear=0
shrinkage=0.025


Tree=123
num_leaves=7
num_cat=0
split_feature=21 12 2 22 5 24
split_gain=4.07585 1.34022 0.839874 0.706917 0.71782 0.136707
threshold=0.24130524694919589 2.8753541707992558 1.594282925128937 0.86549249291419994 -0.18233227729797361 -6.3584589958190909
decision_type=2 2 2 2 2 2
left_child=3 5 -3 4 -1 -2
right_child=1 2 -4 -5 -6 -7
leaf_value=0.0013155621031121524 0.0003467973962739932 -0.0017790822146361918 0.012326492484415334 0.0013543513933109647 -0.014451161082776812 -0.0056047156803902196
leaf_weight=0.40888165650540109 0.27214545682363667 0.92677017732057621 10.429923587609663 0.72410068270983163 6.0526292669819686 1.1797132812498592
leaf_count=101 6 264 1336 43 4273 356
internal_value=7.96303e-05 0.00789483 0.0106013 -0.0108616 -0.0127695 -0.0041162
internal_weight=19.9942 12.8086 11.3567 7.18561 6.46151 1.45186
internal_count=6379 1962 1600 4417 4374 362
is_linear=0
shrinkage=0.025


Tree=124
num_leaves=7
num_cat=0
split_feature=21 22 7 5 26 19
split_gain=5.24205 2.12825 1.05625 0.512394 0.0735153 0.0203799
threshold=0.97734311223030101 0.963395655155182 5.0910816192626962 4.0100378990173349 -0.80494666099548329 1.1708868741989138
decision_type=2 2 2 2 2 2
left_child=1 2 -1 4 -2 -5
right_child=3 -3 -4 5 -6 -7
leaf_value=-0.015893870439598456 0.013263621414445124 0.0049700321812461267 0.0014694138877817725 -0.0016594359921191959 0 0
leaf_weight=8.9919240381714189 6.050521757293609 1.5912661485490378 0.91330855523119758 0.39986294979462389 0.53386941255303 0.17191039025783539
leaf_count=5740 187 51 239 71 125 1
internal_value=-0.000997778 -0.0102105 -0.0139177 0.0114006 0.0128004 -0.000618628
internal_weight=18.6527 11.4965 9.90523 7.15616 6.58439 0.571773
internal_count=6414 6030 5979 384 312 72
is_linear=0
shrinkage=0.025


Tree=125
num_leaves=7
num_cat=0
split_feature=21 24 7 13 20 5
split_gain=4.64268 2.55482 0.946216 0.658732 0.128019 0.079269
threshold=0.95127859711647045 -3.6267998218536373 5.0910816192626962 2.2139854431152348 1.4395262598991396 4.0475790500640878
decision_type=2 2 2 2 2 2
left_child=1 5 -3 -2 -5 -1
right_child=3 2 -4 4 -6 -7
leaf_value=0.0066088606143120026 -0.001438886769659785 -0.015094665262984242 0.0012832895837759347 0.01371320400856804 0 0
leaf_weight=1.9968993526854331 0.36606223770650004 8.8368418344325601 0.94909874230506908 6.4429500875849044 0.62746443915239059 0.37271486435201939
leaf_count=68 84 5680 248 208 117 67
internal_value=0 -0.00846884 -0.0131867 0.0115924 0.0131014 0.00589453
internal_weight=19.592 12.1556 9.78594 7.43648 7.07041 2.36961
internal_count=6472 6063 5928 409 325 135
is_linear=0
shrinkage=0.025


Tree=126
num_leaves=7
num_cat=0
split_feature=21 27 13 27 19 19
split_gain=4.31322 2.09817 0.728954 0.617844 0.541878 0.48244
threshold=0.17925047874450686 0.13674183934926989 2.2139854431152348 0.71666583418846141 0.19770912826061252 0.71703976392745983
decision_type=2 2 2 2 2 2
left_child=3 2 -2 5 -3 -1
right_child=1 4 -4 -5 -6 -7
leaf_value=-0.013719950184271615 -0.0011251182555045548 -0.0061038299129036284 0.015632182754074592 0.0014948527262217577 0.003129920545326537 0.00012789706910281199
leaf_weight=5.5698794311902047 0.36453598414663968 3.0308368150435845 7.9014766270847758 0.36939304543193419 2.5550748428358929 0.71675950972712588
leaf_count=4067 156 1412 369 59 325 101
internal_value=0.0013333 0.00870046 0.0142765 -0.0106177 -0.00180637 -0.0122301
internal_weight=20.508 13.8519 8.26601 6.65603 5.58591 6.28664
internal_count=6489 2262 525 4227 1737 4168
is_linear=0
shrinkage=0.025


Tree=127
num_leaves=7
num_cat=0
split_feature=21 26 6 24 26 22
split_gain=3.76436 1.62454 1.1047 1.06728 0.695352 0.259684
threshold=0.31220807135105139 -0.88277277350425709 3.3511469364166264 -4.7164649963378897 -0.39578501880168909 0.963395655155182
decision_type=2 2 2 2 2 2
left_child=3 2 -2 -1 -5 -3
right_child=1 5 -4 4 -6 -7
leaf_value=0.0025182433181410984 0.014357949710144775 -0.0060258680904243965 -0.001723438583264434 -0.014610624561047336 0.0011568934829253952 0.0013296727090912946
leaf_weight=0.99511912761954668 7.6853787572472338 1.908550256484886 1.321738270591595 6.1590955004066936 0.42940543050644997 0.82064948062179599
leaf_count=48 295 877 467 4647 76 77
internal_value=0 0.00783329 0.0117791 -0.0102644 -0.0129879 -0.00357611
internal_weight=19.3199 11.7363 9.00712 7.58362 6.5885 2.7292
internal_count=6487 1716 762 4771 4723 954
is_linear=0
shrinkage=0.025


Tree=128
num_leaves=7
num_cat=0
split_feature=27 6 19 19 24 18
split_gain=4.76863 2.36985 1.09927 0.175294 0.125333 0.112921
threshold=0.17115201801061633 3.3511469364166264 0.53344660997390758 -0.4242177009582519 -5.3367252349853507 0.80072763562202465
decision_type=2 2 2 2 2 2
left_child=1 3 5 -1 -3 -2
right_child=2 4 -4 -5 -6 -7
leaf_value=0 -0.015136770391509114 0 0.0017515908960161399 0.014208133894674331 -0.0060236717402380006 0
leaf_weight=0.17162627927609708 6.5064836772216941 0.33738683699630234 1.1603939742053624 7.4066841392195801 2.3139869618316879 0.19200307586288534
leaf_count=66 4365 20 154 402 1333 28
internal_value=-0.000886886 0.00850209 -0.0121481 0.0137988 -0.00494438 -0.0148097
internal_weight=18.0886 10.2297 7.85888 7.57831 2.65137 6.69849
internal_count=6368 1821 4547 468 1353 4393
is_linear=0
shrinkage=0.025


Tree=129
num_leaves=7
num_cat=0
split_feature=21 6 27 24 27 0
split_gain=3.52476 1.65161 1.13418 0.914492 0.711631 0.105724
threshold=0.31220807135105139 3.2778618335723881 0.26001283526420599 -4.7164649963378897 0.71666583418846141 3.5960761308670048
decision_type=2 2 2 2 2 2
left_child=3 2 -2 -1 -5 -3
right_child=1 5 -4 4 -6 -7
leaf_value=0.0021057500686795161 0.014057349398927152 0 -0.0015621524741710078 -0.014320503810851707 0.0013383388350074665 -0.0057207337490528167
leaf_weight=0.92334551052772518 7.6987212364620046 0.2791701803507739 1.7070594507385974 5.9650075171084627 0.39756646519526828 1.6044745631370458
leaf_count=44 338 46 619 4614 68 667
internal_value=0 0.00757501 0.0112304 -0.0101602 -0.0126336 -0.00466908
internal_weight=18.5753 11.2894 9.40578 7.28592 6.36257 1.88364
internal_count=6396 1670 957 4726 4682 713
is_linear=0
shrinkage=0.025


Tree=130
num_leaves=7
num_cat=0
split_feature=24 17 27 12 6 23
split_gain=3.83953 3.28344 0.745734 0.613885 0.523701 0.354494
threshold=-2.7837070226669307 0.66106122732162487 0.71666583418846141 2.8753541707992558 3.9405726194381718 -6.29791235923767
decision_type=2 2 2 2 2 2
left_child=4 2 -2 -3 5 -1
right_child=1 3 -4 -5 -6 -7
leaf_value=-5.2196912260234611e-05 -0.015643282708602612 -0.0026457004122120912 0.0010898025708614115 0.0088656056241177561 -0.0010383806561128047 0.013363304081249947
leaf_weight=0.3190417671430622 7.6027570437290688 0.60072541869885654 0.43478298527770665 3.5292802670010133 0.31618997074838251 6.4539302068151327
leaf_count=123 5338 191 87 336 99 253
internal_value=0.000178847 -0.0072332 -0.0141879 0.00597474 0.0111475 0.0124467
internal_weight=19.2567 12.1675 8.03754 4.13001 7.08916 6.77297
internal_count=6427 5952 5425 527 475 376
is_linear=0
shrinkage=0.025


Tree=131
num_leaves=7
num_cat=0
split_feature=27 6 18 27 1 24
split_gain=3.34315 2.56142 0.954526 0.915942 0.29323 0.0967762
threshold=0.16270735114812854 3.5511296987533574 0.46297191083431249 0.71666583418846141 2.4979504346847539 -5.3367252349853507
decision_type=2 2 2 2 2 2
left_child=1 4 3 -2 -1 -3
right_child=2 5 -4 -5 -6 -7
leaf_value=0 -0.01436986598532031 0 0.0017402596642408297 0.0018152775457560848 0.014097977523034488 -0.0072400798563173529
leaf_weight=0.32209996320307421 6.3204049790074333 0.21279447397682805 1.6612298481632022 0.65532447982695874 6.9529920508357463 1.7748452642699701
leaf_count=97 4385 15 278 100 390 1180
internal_value=-0.000420957 0.00788241 -0.00940932 -0.0122044 0.0133644 -0.00649357
internal_weight=17.8997 9.26273 8.63696 6.97573 7.27509 1.98764
internal_count=6445 1682 4763 4485 487 1195
is_linear=0
shrinkage=0.025


Tree=132
num_leaves=7
num_cat=0
split_feature=27 22 13 27 21 21
split_gain=3.67929 1.89561 1.68041 0.621331 0.241482 0.162555
threshold=0.13674183934926989 0.78748854994773876 2.9630731344223027 0.71666583418846141 -0.15830024331808087 1.3346919417381289
decision_type=2 2 2 2 2 2
left_child=2 3 5 -2 -4 -1
right_child=1 -3 4 -5 -6 -7
leaf_value=-0.0054333301043444559 -0.013903998097842318 0.0046314520889582447 0 0.00096170593787423995 0.014190438536037381 0.0006771244405065043
leaf_weight=1.3710210865829155 7.5305959648103435 2.1359002303506713 0.15407023736042891 0.45556269522057835 6.9440629957680358 0.46545647439779703
leaf_count=853 4948 160 127 96 337 21
internal_value=0.00018906 -0.00816219 0.00963266 -0.0125309 0.0136502 -0.00360786
internal_weight=19.0567 10.1221 8.93461 7.98616 7.09813 1.83648
internal_count=6542 5204 1338 5044 464 874
is_linear=0
shrinkage=0.025


Tree=133
num_leaves=7
num_cat=0
split_feature=22 17 7 2 6 4
split_gain=3.43421 2.89753 1.06499 0.997858 0.330951 0.0416095
threshold=0.71216142177581798 0.52558162808418285 5.0910816192626962 4.0011610984802255 3.7636044025421147 0.90473470091819774
decision_type=2 2 2 2 2 2
left_child=1 2 -1 -3 5 -2
right_child=4 3 -4 -5 -6 -7
leaf_value=-0.015971134494934921 0 0.0091157897955452104 0.0015867569876434617 -0.0043493651293560545 0 0.01257881847587748
leaf_weight=6.5602329607500014 0.28651768428971891 4.0352879645797657 0.87686987205233879 1.1002219074580351 0.45931116200517852 5.4374708309333073
leaf_count=4986 62 491 240 386 72 179
internal_value=0.000272913 -0.00644316 -0.0135928 0.00489188 0.0112629 0.0123115
internal_weight=18.7559 12.5726 7.4371 5.13551 6.1833 5.72399
internal_count=6416 6103 5226 877 313 241
is_linear=0
shrinkage=0.025


Tree=134
num_leaves=7
num_cat=0
split_feature=22 13 2 18 27 22
split_gain=4.22336 1.94799 1.2172 0.289659 0.110003 0.0989446
threshold=0.034168725833296783 2.9630731344223027 1.594282925128937 0.5380009412765504 -0.028547190129756924 1.7367267012596133
decision_type=2 2 2 2 2 2
left_child=3 5 -3 4 -1 -2
right_child=1 2 -4 -5 -6 -7
leaf_value=0 -0.0064737994383649638 -0.0025095831226139391 0.013767103348882141 0 -0.012898438382557862 0
leaf_weight=0.26413576697814356 1.4941777489148069 1.1137313340295794 10.237852735474005 0.31483430255320843 5.4297061633260473 0.17287032626336429
leaf_count=73 565 383 900 74 4450 4
internal_value=0.000431386 0.00801898 0.0115089 -0.0116159 -0.0124832 -0.00561675
internal_weight=19.0273 13.0186 11.3516 6.00868 5.69384 1.66705
internal_count=6449 1852 1283 4597 4523 569
is_linear=0
shrinkage=0.025


Tree=135
num_leaves=7
num_cat=0
split_feature=24 21 7 6 25 5
split_gain=3.82096 1.37266 0.860877 0.600462 0.365062 0.364579
threshold=-2.7837070226669307 0.95127859711647045 5.0910816192626962 3.7636044025421147 1.2708535790443423 2.8276917934417729
decision_type=2 2 2 2 2 2
left_child=3 2 -2 4 -1 -3
right_child=1 5 -4 -5 -6 -7
leaf_value=0.013181961110846137 -0.013780692356258542 0.0060926339905325181 0.00144656896365529 -0.0014359172197278517 -4.9243655294570508e-05 -0.0025749195961632639
leaf_weight=5.8985212188854375 7.6664829998408077 1.9182233587052899 0.91019319734186854 0.36822222531191062 0.39434916611935467 0.44402602617628861
leaf_count=234 5469 70 255 110 128 134
internal_value=-9.65135e-05 -0.00825784 -0.0117668 0.0105642 0.0121447 0.00297223
internal_weight=17.6 10.9389 8.57668 6.66109 6.29287 2.36225
internal_count=6400 5928 5724 472 362 204
is_linear=0
shrinkage=0.025


Tree=136
num_leaves=7
num_cat=0
split_feature=21 24 7 13 20 6
split_gain=3.72748 1.98809 0.891221 0.660091 0.20945 0.0876395
threshold=0.95127859711647045 -3.6267998218536373 5.0910816192626962 2.2139854431152348 1.4395262598991396 3.5511296987533574
decision_type=2 2 2 2 2 2
left_child=1 5 -3 -2 -5 -1
right_child=3 2 -4 4 -6 -7
leaf_value=0.0060301391892596846 -0.0015733320296592813 -0.013939208766822706 0.0015294938239591273 0.013325844860827954 0 0
leaf_weight=1.8246465034899313 0.39033343456685443 7.8917348948671133 0.89248018209764257 5.9679269959888188 0.54993863907293405 0.39159307428053569
leaf_count=80 86 5670 251 202 124 75
internal_value=0.000124113 -0.00755174 -0.0119294 0.0109105 0.0125592 0.00517676
internal_weight=17.9087 11.0005 8.78422 6.9082 6.51787 2.21624
internal_count=6488 6076 5921 412 326 155
is_linear=0
shrinkage=0.025


Tree=137
num_leaves=7
num_cat=0
split_feature=27 6 22 27 22 21
split_gain=3.49939 2.02543 0.696569 0.550723 0.279449 0.268869
threshold=0.17115201801061633 3.3511469364166264 0.7440452277660371 0.71666583418846141 -0.098699886351823793 1.8595926761627199
decision_type=2 2 2 2 2 2
left_child=1 4 3 -2 -1 -3
right_child=2 5 -4 -5 -6 -7
leaf_value=0 -0.012126670238456851 -0.0061660087374032224 0.0014362372559953472 0.0011272205056284529 0.014429640420949338 0.0014750168122781813
leaf_weight=0.40311317380837852 6.5029745447682199 2.1568685376551007 1.4350254360178949 0.42963977708131995 7.4948878834402439 0.48943213938036922
leaf_count=214 4394 1335 159 86 283 10
internal_value=0.000962446 0.00906404 -0.00835078 -0.0106534 0.0137174 -0.003895
internal_weight=18.9119 10.5443 8.36764 6.93261 7.898 2.6463
internal_count=6481 1842 4639 4480 497 1345
is_linear=0
shrinkage=0.025


Tree=138
num_leaves=7
num_cat=0
split_feature=25 6 21 22 22 3
split_gain=3.83759 1.59246 1.0212 0.182718 0.076353 0.0256682
threshold=0.32610778510570532 3.2028585672378544 1.0661486983299258 0.963395655155182 0.045538656413555152 1.6146138310432436
decision_type=2 2 2 2 2 2
left_child=1 4 -2 -3 -1 -4
right_child=2 3 5 -5 -6 -7
leaf_value=0 -0.014748269903984626 -0.0058557185639535568 0 0.00067242776251077237 0.011983066152601286 0.0021579578967739032
leaf_weight=0.21600713419320694 6.1579428988843565 1.8101141433362502 0.19322139285213769 0.53262612654361863 6.2518972304533236 1.069355284766061
leaf_count=100 4896 876 59 27 396 79
internal_value=-0.00213717 0.00709143 -0.0120415 -0.00407311 0.0116931 0.00139694
internal_weight=16.2312 8.81064 7.42052 2.34274 6.4679 1.26258
internal_count=6433 1399 5034 903 496 138
is_linear=0
shrinkage=0.025


Tree=139
num_leaves=7
num_cat=0
split_feature=21 19 7 13 13 20
split_gain=3.24826 2.64982 1.00578 0.683426 0.546198 0.301452
threshold=0.95127859711647045 0.37083515524864202 5.0910816192626962 2.2139854431152348 2.9630731344223027 1.4395262598991396
decision_type=2 2 2 2 2 2
left_child=1 2 -1 -2 -3 -5
right_child=3 4 -4 5 -6 -7
leaf_value=-0.01532586064861173 -0.0017267589179901057 -0.0023669717981167188 0.0015785782641894739 0.013193342161511924 0.0086191786336747549 0
leaf_weight=6.4061772739078169 0.41832984087522973 0.60992249146511346 0.87867675458255678 6.2358021516120061 2.92152718656871 0.48059205466415722
leaf_count=5284 90 249 240 222 199 122
internal_value=0.000773899 -0.00659326 -0.0129655 0.0105724 0.00571398 0.0122818
internal_weight=17.951 10.8163 7.28485 7.13472 3.53145 6.71639
internal_count=6406 5972 5524 434 448 344
is_linear=0
shrinkage=0.025


Tree=140
num_leaves=7
num_cat=0
split_feature=22 6 26 26 22 26
split_gain=2.96022 1.68823 1.50973 0.620017 0.1627 0.0758887
threshold=0.034168725833296783 3.3511469364166264 -0.79746627807617176 -0.39578501880168909 0.963395655155182 -1.130488336086273
decision_type=2 2 2 2 2 2
left_child=3 2 -2 5 -3 -1
right_child=1 4 -4 -5 -6 -7
leaf_value=0 0.013676368007937006 -0.0066397198447341148 -0.0033423818397693042 0.0016990672418714552 0.00018382386392554152 -0.012141938171085319
leaf_weight=0.28913392740651112 8.6118556442379468 1.4651220986124815 1.3999176469951624 0.33545818598941135 0.46851451351540152 4.9607505267340457
leaf_count=90 518 672 612 62 29 4434
internal_value=0.000220841 0.00688083 0.0105597 -0.00995459 -0.00514468 -0.0117746
internal_weight=17.5308 11.9454 10.0118 5.58534 1.93364 5.24988
internal_count=6417 1831 1130 4586 701 4524
is_linear=0
shrinkage=0.025


Tree=141
num_leaves=5
num_cat=0
split_feature=21 13 26 21
split_gain=3.02231 1.30894 0.865805 0.204821
threshold=0.0067948610521852979 2.9630731344223027 -0.84902614355087269 1.3346919417381289
decision_type=2 2 2 2
left_child=-1 3 -3 -2
right_child=1 2 -4 -5
leaf_value=-0.011612341245335792 -0.0062026202148415402 0.012259041786230876 -0.0003254262343312924 0.00064600850366620336
leaf_weight=4.0874579345036208 1.4942938571330153 7.6268025060126092 3.0602075561109796 0.86480115322046902
leaf_count=3182 966 834 1440 63
internal_value=0 0.00606372 0.00930193 -0.0041096
internal_weight=17.1336 13.0461 10.687 2.3591
internal_count=6485 3303 2274 1029
is_linear=0
shrinkage=0.025


Tree=142
num_leaves=7
num_cat=0
split_feature=26 6 24 27 22 17
split_gain=3.25541 1.7484 0.627016 0.5709 0.342266 0.201886
threshold=-0.93772077560424794 3.3197416067123418 -3.7682125568389888 0.71666583418846141 0.034168725833296783 1.1752665638923647
decision_type=2 2 2 2 2 2
left_child=1 4 -2 -4 -1 -3
right_child=2 5 3 -5 -6 -7
leaf_value=0 0.00099551625536034366 -0.0058212990086917733 -0.012961187749618869 0.00099303723113901526 0.013633727438659066 0.00089462584097411361
leaf_weight=0.45804593600041865 1.2146613416698535 1.8689038372685902 5.772381031092662 0.45524601827491995 6.6082716869277647 0.57381719184922975
leaf_count=250 156 1271 4345 94 204 42
internal_value=0 0.00814318 -0.00928437 -0.0113965 0.0126923 -0.00386276
internal_weight=16.9513 9.50904 7.44229 6.22763 7.06632 2.44272
internal_count=6362 1767 4595 4439 454 1313
is_linear=0
shrinkage=0.025


Tree=143
num_leaves=6
num_cat=0
split_feature=21 13 27 15 24
split_gain=3.07292 1.80464 0.96336 0.121823 0.0955909
threshold=0.01910982467234135 2.9630731344223027 0.22468997538089755 2.9411590099334721 -7.9206814765930167
decision_type=2 2 2 2 2
left_child=3 4 -3 -1 -2
right_child=1 2 -4 -5 -6
leaf_value=-0.011572342888232272 0 0.013242998750617414 -0.00023525557731374571 0 -0.0062779105828116204
leaf_weight=4.0755147707677706 0.15271026705158908 8.1175780821213248 3.0205237857808234 0.10724925408430852 2.001865028840256
leaf_count=3230 2 656 1516 12 1009
internal_value=0.000510209 0.00655991 0.0102601 -0.0111384 -0.00549731
internal_weight=17.4754 13.2927 11.1381 4.18276 2.15458
internal_count=6425 3183 2172 3242 1011
is_linear=0
shrinkage=0.025


Tree=144
num_leaves=7
num_cat=0
split_feature=22 17 12 23 6 23
split_gain=3.12186 2.58197 0.604025 0.414137 0.256095 0.113955
threshold=0.67913451790809642 0.55350714921951305 3.0099058151245122 -7.2586274147033683 3.3712117671966557 -6.29791235923767
decision_type=2 2 2 2 2 2
left_child=1 3 -3 -1 5 -2
right_child=4 2 -4 -5 -6 -7
leaf_value=4.9298070345232631e-05 0 -0.0033630524854105764 0.0073437665869282133 -0.015506960996978032 0 0.011192919549106312
leaf_weight=0.27870809250453099 0.22941237658960734 0.75990249747701444 3.5189454904902959 6.3331190230965158 0.57288762353709888 4.5825444407382738
leaf_count=53 83 266 485 5202 100 157
internal_value=-0.000914927 -0.0079318 0.00398113 -0.0145741 0.00966083 0.0107282
internal_weight=16.2755 10.8907 4.27885 6.61183 5.38484 4.81196
internal_count=6346 6006 751 5255 340 240
is_linear=0
shrinkage=0.025


Tree=145
num_leaves=7
num_cat=0
split_feature=21 27 13 5 24 18
split_gain=2.66884 1.46137 1.02402 0.574018 0.329818 0.262371
threshold=0.17925047874450686 0.22468997538089755 2.2139854431152348 -0.18233227729797361 -4.7164649963378897 0.5380009412765504
decision_type=2 2 2 2 2 2
left_child=3 2 -2 -1 -5 -3
right_child=1 5 -4 4 -6 -7
leaf_value=0.0016545304857384247 -0.002715639914387807 -0.0059272887781040527 0.012890239436501706 6.2333370804177447e-06 -0.012268630918798047 0.0013211245921933529
leaf_weight=0.35134107898920852 0.64073753659613331 2.0581574364841795 8.2417922893655469 0.43458798897336315 4.5844259192090258 1.0210436262859728
leaf_count=91 265 1106 736 38 4023 138
internal_value=0.000572742 0.00679415 0.0107417 -0.00927644 -0.0111093 -0.00342004
internal_weight=17.3321 11.9617 8.88253 5.37035 5.01901 3.0792
internal_count=6397 2245 1001 4152 4061 1244
is_linear=0
shrinkage=0.025


Tree=146
num_leaves=7
num_cat=0
split_feature=25 13 26 26 19 12
split_gain=2.62011 2.60417 0.74392 0.617959 0.162826 0.103103
threshold=0.73857644200325023 2.9630731344223027 -1.0332854390144346 -0.39578501880168909 -0.4291499108076095 4.3069691658020028
decision_type=2 2 2 2 2 2
left_child=1 -1 5 -4 -3 -2
right_child=2 4 3 -5 -6 -7
leaf_value=-0.0075293187764888959 -0.0010456832556329735 0 -0.013434276830860556 0.0011575270705536653 0.01263920545826208 0.0034333306113954578
leaf_weight=1.767452459527705 0.33325486550165884 0.12510682332504064 4.8370221461009359 0.4129381406673901 7.7675825623809942 1.0080653288605388
leaf_count=812 263 92 4362 93 721 40
internal_value=0 0.00687983 -0.00902289 -0.011672 0.0122599 0.00138785
internal_weight=16.2514 9.66014 6.59128 5.24996 7.89269 1.34132
internal_count=6383 1625 4758 4455 813 303
is_linear=0
shrinkage=0.025


Tree=147
num_leaves=7
num_cat=0
split_feature=22 17 7 5 13 23
split_gain=2.66316 2.5591 0.988032 0.640797 0.383836 0.147152
threshold=0.7440452277660371 0.52558162808418285 5.0910816192626962 4.0100378990173349 2.9630731344223027 -4.8897838592529288
decision_type=2 2 2 2 2 2
left_child=1 2 -1 -3 -2 -6
right_child=4 3 -4 -5 5 -7
leaf_value=-0.014991171997166656 -0.00063526791168845283 0.0080828925989572548 0.001668337723741112 -0.0031138520198275171 0 0.01216456363293621
leaf_weight=5.9884150338766649 0.24054597230860864 4.1033675634098472 0.85016540069773316 0.7188009926030644 0.51077421446098004 5.0175904751231428
leaf_count=5087 67 595 238 270 96 148
internal_value=0.000544633 -0.00557869 -0.0125622 0.00504207 0.0103456 0.0114918
internal_weight=17.4297 11.6607 6.83858 4.82217 5.76891 5.52836
internal_count=6501 6190 5325 865 311 244
is_linear=0
shrinkage=0.025


Tree=148
num_leaves=7
num_cat=0
split_feature=26 6 18 26 24 21
split_gain=3.07629 1.59043 0.571829 0.570531 0.509141 0.11527
threshold=-0.93772077560424794 4.1044580936431894 0.46297191083431249 -0.39578501880168909 0.45475338399410253 1.8595926761627199
decision_type=2 2 2 2 2 2
left_child=1 4 3 -2 -1 -3
right_child=2 5 -4 -5 -6 -7
leaf_value=0.013075161811633054 -0.012817173240395399 -0.0055747345191138028 0.00068793730852961907 0.0010594795314499107 -0.00077656753154659052 6.1556148098180073e-05
leaf_weight=7.2460947133440659 5.4413886967668086 1.4249880749484871 1.3629068235168231 0.43248936443705854 0.35551299948565418 0.27420605660881836
leaf_count=427 4329 948 276 93 401 8
internal_value=0 0.00798681 -0.00908704 -0.0112033 0.0118803 -0.00436514
internal_weight=16.5376 9.3008 7.23678 5.87388 7.60161 1.69919
internal_count=6482 1784 4698 4422 828 956
is_linear=0
shrinkage=0.025


Tree=149
num_leaves=7
num_cat=0
split_feature=27 22 6 12 24 3
split_gain=3.18102 1.34509 1.29664 0.65142 0.443338 0.0582741
threshold=0.13069365173578265 0.7440452277660371 4.6658742427825937 5.9207127094268808 0.45475338399410253 4.1899788379669198
decision_type=2 2 2 2 2 2
left_child=2 3 4 -2 -1 -3
right_child=1 5 -4 -5 -6 -7
leaf_value=0.01354422551347851 -0.013939049814424627 0.0040755172514234193 -0.0036961948157727695 0.00024896899878132817 -0.00046565602254024224 0
leaf_weight=6.5609944163734353 5.5224232164473488 1.7565458415629107 0.96228223400248669 1.2522852618494651 0.2911539632041239 0.23105664596369013
leaf_count=396 4650 139 526 366 316 37
internal_value=0.000172967 -0.00796385 0.00933191 -0.0117936 0.0124763 0.00329368
internal_weight=16.5767 8.76231 7.81443 6.77471 6.85215 1.9876
internal_count=6430 5192 1238 5016 712 176
is_linear=0
shrinkage=0.025


Tree=150
num_leaves=6
num_cat=0
split_feature=22 5 3 21 24
split_gain=3.48097 1.19898 0.971403 0.386734 0.203926
threshold=0.034168725833296783 3.9033905267715459 1.1808076500892641 1.3346919417381289 -5.3367252349853507
decision_type=2 2 2 2 2
left_child=3 2 -2 -1 -3
right_child=1 4 -4 -5 -6
leaf_value=-0.012587854000816124 -0.0021285855241645539 0.0010308596618282084 0.012455468932528288 0.00016375525440409362 -0.0057012508919006702
leaf_weight=4.6874846732171163 1.1190534358829598 0.57479669207532413 8.7151912506014906 0.5004144808044656 1.2973222073196655
leaf_count=4571 424 25 861 32 524
internal_value=1.61918e-05 0.0072666 0.0102165 -0.0112677 -0.00347866
internal_weight=16.8943 11.7064 9.83424 5.1879 1.87212
internal_count=6437 1834 1285 4603 549
is_linear=0
shrinkage=0.025


Tree=151
num_leaves=6
num_cat=0
split_feature=22 13 26 6 25
split_gain=2.99205 1.4282 0.764692 0.340603 0.240004
threshold=0.67913451790809642 4.2408092021942148 -0.88277277350425709 3.5511296987533574 0.18562120944261554
decision_type=2 2 2 2 2
left_child=1 -1 -3 4 -2
right_child=3 2 -4 -5 -6
leaf_value=-0.01385147093519745 0.011402948279021254 0.0062819378944850394 -0.0049051681162559421 -0.00048061211552324575 0
leaf_weight=4.8984288140636618 4.5545962143951337 2.8600366389218834 2.2179647340672091 0.38273503759410221 0.36032508558128018
leaf_count=4106 154 322 1709 98 93
internal_value=-0.00106805 -0.00822204 0.000766117 0.00924805 0.0104963
internal_weight=15.2741 9.97643 5.078 5.29766 4.91492
internal_count=6482 6137 2031 345 247
is_linear=0
shrinkage=0.025


Tree=152
num_leaves=6
num_cat=0
split_feature=22 13 27 16 17
split_gain=3.47946 1.23892 0.951587 0.132908 0.131842
threshold=0.034168725833296783 2.9630731344223027 0.22468997538089755 -1.1992939114570615 1.0108916759490969
decision_type=2 2 2 2 2
left_child=4 3 -3 -2 -1
right_child=1 2 -4 -5 -6
leaf_value=-0.011953951212632099 0.00033674733262475075 0.01326187262891006 -0.0006083187506498635 -0.0053145470787300366 0
leaf_weight=4.4143637497400077 0.46801223448710505 7.4312133764542505 2.4578607382209157 1.2031466459084175 0.51563228378654447
leaf_count=4534 20 417 846 539 104
internal_value=0.000219394 0.00742434 0.0103482 -0.00372882 -0.0112773
internal_weight=16.4902 11.5602 9.88907 1.67116 4.93
internal_count=6460 1822 1263 559 4638
is_linear=0
shrinkage=0.025


Tree=153
num_leaves=7
num_cat=0
split_feature=22 6 26 27 14 19
split_gain=2.6686 1.29924 1.15667 0.589634 0.131563 0.0497146
threshold=0.034168725833296783 3.3511469364166264 -0.79746627807617176 0.71666583418846141 -0.7491447627544402 0.34453327953815466
decision_type=2 2 2 2 2 2
left_child=3 2 -2 5 -3 -1
right_child=1 4 -4 -5 -6 -7
leaf_value=-0.011804758509302227 0.012957494400140504 0.0002290760846462914 -0.0022927692958252441 0.0016523420656595991 -0.0054602377324454686 0
leaf_weight=4.1848470128243234 7.9433310602398697 0.51547637005569402 1.5180491186474672 0.34546455391682673 1.3745365590293648 0.342988320684526
leaf_count=4377 523 62 638 67 629 151
internal_value=0.000599591 0.00690924 0.0101317 -0.00952059 -0.00396124 -0.0114488
internal_weight=16.2247 11.3514 9.46138 4.8733 1.89001 4.52784
internal_count=6447 1852 1161 4595 691 4528
is_linear=0
shrinkage=0.025


Tree=154
num_leaves=7
num_cat=0
split_feature=21 19 7 13 13 16
split_gain=2.50215 1.21448 0.927144 0.582133 0.470838 0.191802
threshold=0.95127859711647045 0.19770912826061252 5.0910816192626962 2.2682034969329838 2.9630731344223027 0.69191488623619091
decision_type=2 2 2 2 2 2
left_child=1 2 -1 -2 -3 -5
right_child=3 4 -4 5 -6 -7
leaf_value=-0.014063950207149635 -0.0017838064746659771 -0.00353134922871146 0.0018117648122374182 0.011355439125912708 0.0057914705477359373 0
leaf_weight=5.2472760257005557 0.43906442567822601 0.87276032895897548 0.81030594940239087 4.9928140412011999 2.6238676037173718 0.51931161095853884
leaf_count=4943 99 419 243 192 431 130
internal_value=-0.000136054 -0.00714059 -0.0115161 0.00866443 0.00202017 0.0105438
internal_weight=15.5054 9.55421 6.05758 5.95119 3.49663 5.51213
internal_count=6457 6036 5186 421 850 322
is_linear=0
shrinkage=0.025


Tree=155
num_leaves=7
num_cat=0
split_feature=25 13 27 27 19 18
split_gain=2.4635 1.71894 0.797843 0.631241 0.15674 0.0762262
threshold=0.48586350679397589 2.9630731344223027 0.068304497748613371 0.71666583418846141 -0.4291499108076095 -0.014420583844184874
decision_type=2 2 2 2 2 2
left_child=1 -1 5 -4 -3 -2
right_child=2 4 3 -5 -6 -7
leaf_value=-0.0052445923973833642 -0.00053047616070862869 0 -0.013440033693753173 0.0012258475892361475 0.011701396679563906 0.0032509155495561194
leaf_weight=1.7503328623788528 0.2931976633844896 0.12043871881905932 4.7934519460322917 0.40531344422197424 6.867438960900472 1.0339964699305717
leaf_count=742 239 93 4558 93 661 60
internal_value=-0.000101012 0.00681626 -0.00884439 -0.0116434 0.0112861 0.00166869
internal_weight=15.2642 8.73821 6.52596 5.19877 6.98788 1.32719
internal_count=6446 1496 4950 4651 754 299
is_linear=0
shrinkage=0.025


Tree=156
num_leaves=7
num_cat=0
split_feature=21 22 17 6 3 13
split_gain=2.2094 1.11651 0.76368 0.479975 0.185555 0.106426
threshold=0.95127859711647045 0.78748854994773876 0.55350714921951305 4.1382005214691171 1.1808076500892641 3.1018847227096562
decision_type=2 2 2 2 2 2
left_child=1 2 -1 4 -2 -3
right_child=3 5 -4 -5 -6 -7
leaf_value=-0.012034957112320638 0 -0.00013359421510925033 0.00086638416234533172 -0.0013692087816628235 0.010899006507326798 0.0050206181190950742
leaf_weight=6.2682078965444799 0.31025455289636816 0.26752521583693933 1.8631342773878712 0.37730945742805477 5.3272228211499169 1.5178516196610869
leaf_count=5323 60 67 597 97 275 55
internal_value=0 -0.00612711 -0.0093986 0.00863279 0.0102187 0.00379786
internal_weight=15.9315 9.91672 8.13134 6.01479 5.63748 1.78538
internal_count=6474 6042 5920 432 335 122
is_linear=0
shrinkage=0.025


Tree=157
num_leaves=7
num_cat=0
split_feature=21 26 19 6 18 18
split_gain=3.09207 0.91726 0.642017 0.492892 0.21034 0.0149133
threshold=0.35226470232009893 -0.94462773203849781 0.63345649838447582 4.6658742427825937 0.46297191083431249 -0.61108559370040882
decision_type=2 2 2 2 2 2
left_child=2 3 -1 -2 -3 -4
right_child=1 4 5 -5 -6 -7
leaf_value=-0.012496487316858183 0.012391645546955576 -0.0041313825280487231 0 -0.00090115666288062524 0.0019528781455255913 0.0015002121392226593
leaf_weight=4.7423089366566282 5.9094170593743911 1.8343016024009542 0.13320050317270216 0.32666087437246449 1.5407370624598113 0.97879700819612458
leaf_count=4767 359 782 70 129 274 104
internal_value=0 0.00743774 -0.0101773 0.0110479 -0.00109992 0.000822548
internal_weight=15.4654 9.61112 5.85431 6.23608 3.37504 1.112
internal_count=6485 1544 4941 488 1056 174
is_linear=0
shrinkage=0.025


Tree=158
num_leaves=7
num_cat=0
split_feature=25 6 7 17 1 18
split_gain=2.47555 1.86538 0.665791 0.648201 0.162018 0.118583
threshold=0.73857644200325023 3.2028585672378544 5.0910816192626962 1.0460528135299685 1.7832744121551516 0.67366957664489757
decision_type=2 2 2 2 2 2
left_child=1 4 3 -2 -1 -3
right_child=2 5 -4 -5 -6 -7
leaf_value=0 -0.013005072793424733 -0.0059984054600576413 0.0018015066686243031 0.0010322151584158965 0.01237796861155277 0
leaf_weight=0.10744806108414007 4.4072609726717937 1.7455223961660524 0.80638631574402087 0.76844724573311385 7.0887009692087304 0.60068942251382385
leaf_count=65 4452 912 237 98 550 105
internal_value=0.000244118 0.00719883 -0.00850727 -0.0108236 0.0119817 -0.00479061
internal_weight=15.5245 9.54236 5.98209 5.17571 7.19615 2.34621
internal_count=6419 1632 4787 4550 615 1017
is_linear=0
shrinkage=0.025


Tree=159
num_leaves=7
num_cat=0
split_feature=22 17 7 5 6 25
split_gain=2.01045 2.10907 0.957177 0.623381 0.37246 0.220111
threshold=0.71216142177581798 0.55350714921951305 5.0910816192626962 4.0100378990173349 3.5511296987533574 -0.25615258514881128
decision_type=2 2 2 2 2 2
left_child=1 2 -1 -3 5 -2
right_child=4 3 -4 -5 -6 -7
leaf_value=-0.014336046721412558 0.011272685187409757 0.0078634102725295991 0.0018383184817355163 -0.0031673568699355395 -0.00069455471156813211 0
leaf_weight=5.3740417145963857 4.3561612557023182 3.6108771821454866 0.80749878283677379 0.73853866405261204 0.388149990903912 0.37734327434736847
leaf_count=5077 138 514 245 277 84 99
internal_value=0.000128587 -0.00529664 -0.011787 0.00462969 0.00900717 0.010393
internal_weight=15.6526 10.531 6.18154 4.34942 5.12165 4.7335
internal_count=6434 6113 5322 791 321 237
is_linear=0
shrinkage=0.025


Tree=160
num_leaves=6
num_cat=0
split_feature=21 6 26 21 24
split_gain=2.14121 1.18175 0.713525 0.211347 0.138986
threshold=0.0067948610521852979 3.3511469364166264 -0.88277277350425709 1.8595926761627199 -4.7164649963378897
decision_type=2 2 2 2 2
left_child=4 2 -2 -3 -1
right_child=1 3 -4 -5 -6
leaf_value=0 0.012148316514845056 -0.0055192409931637144 0 0.0011870805080708695 -0.0097890810464742895
leaf_weight=0.29506182679324444 6.9058070905011828 1.9904010492027731 2.7066362756595481 0.51328835677122686 3.2339432722583306
leaf_count=22 494 1209 1522 18 3107
internal_value=0.00110153 0.00621508 0.00947241 -0.00343657 -0.00907338
internal_weight=15.6451 12.1161 9.61244 2.50369 3.52901
internal_count=6372 3243 2016 1227 3129
is_linear=0
shrinkage=0.025


Tree=161
num_leaves=7
num_cat=0
split_feature=24 26 27 6 5 23
split_gain=2.2392 0.999991 0.59166 0.495192 0.454284 0.268031
threshold=-2.7837070226669307 -1.0016046166419981 0.71666583418846141 3.7636044025421147 3.6577399969100957 -5.744278907775878
decision_type=2 2 2 2 2 2
left_child=3 4 -3 5 -2 -1
right_child=1 2 -4 -5 -6 -7
leaf_value=0 0.0060172942117747447 -0.011703368485387854 0.0015225038637425232 -0.0014128793365546649 -0.0032897190849023915 0.01136796901943982
leaf_weight=0.33745196441304859 2.1701876876322781 6.1722490871616165 0.36612314930243872 0.3672432019811821 0.84481642342143448 4.8966598613478718
leaf_count=116 177 5123 82 122 599 234
internal_value=0 -0.00635012 -0.0100823 0.00875531 0.00220428 0.0104212
internal_weight=15.1547 9.55338 6.53837 5.60136 3.015 5.23411
internal_count=6453 5981 5205 472 776 350
is_linear=0
shrinkage=0.025


Tree=162
num_leaves=7
num_cat=0
split_feature=21 24 7 12 3 6
split_gain=2.10591 1.34872 0.768725 0.296928 0.178074 0.0667167
threshold=0.97734311223030101 -3.6267998218536373 5.0910816192626962 2.8753541707992558 1.1059364080429079 3.415839791297913
decision_type=2 2 2 2 2 2
left_child=1 5 -3 -2 -5 -1
right_child=3 2 -4 4 -6 -7
leaf_value=0.0050980693701239005 -0.00030956144586750381 -0.012290431794522492 0.0016837824431819592 0 0.01045044674007088 0
leaf_weight=1.5435659248760192 0.47275106067536476 6.5253356352914116 0.82620316917746084 0.21880373099702399 4.6152763370337198 0.36572773195803154
leaf_count=68 74 5602 242 45 265 76
internal_value=0 -0.0062801 -0.0101681 0.00855167 0.0097706 0.0043104
internal_weight=14.5677 9.26083 7.35154 5.30683 4.83408 1.90929
internal_count=6372 5988 5844 384 310 144
is_linear=0
shrinkage=0.025


Tree=163
num_leaves=7
num_cat=0
split_feature=21 19 2 6 12 2
split_gain=2.171 1.26306 0.801408 0.579955 0.463202 0.255468
threshold=0.95127859711647045 0.19770912826061252 1.0000000180025095e-35 3.3511469364166264 2.8753541707992558 1.594282925128937
decision_type=2 2 2 2 2 2
left_child=1 2 -1 -3 -2 -6
right_child=4 3 -4 -5 5 -7
leaf_value=0.0015164593292480738 -0.0012776601130651275 0.0065888598813419299 -0.013350263603861989 -0.003786329704553123 -7.8394724900835032e-05 0.01105585303691492
leaf_weight=0.83605991287185855 0.36091385883628468 2.7540524471623944 4.818157488021825 0.89422697886766389 0.15704372315667559 5.3547167006181553
leaf_count=165 83 347 5013 489 31 308
internal_value=6.31742e-05 -0.00609697 -0.0108853 0.00260432 0.00871235 0.0102576
internal_weight=15.1752 9.3025 5.65422 3.64828 5.87267 5.51176
internal_count=6436 6014 5178 836 422 339
is_linear=0
shrinkage=0.025


Tree=164
num_leaves=7
num_cat=0
split_feature=6 26 25 19 15 24
split_gain=1.96404 1.70808 0.626085 0.144243 0.137656 0.0154512
threshold=3.3511469364166264 -0.93772077560424794 0.73857644200325023 -0.4242177009582519 1.2623354792594912 -5.777301311492919
decision_type=2 2 2 2 2 2
left_child=1 3 -3 -1 5 -2
right_child=4 2 -4 -5 -6 -7
leaf_value=0 0 0.003013539993831589 -0.0070686563616071466 0.012037511680149843 0 -0.01008484010817385
leaf_weight=0.14506257676839585 0.15630561916623342 2.2560773897494064 3.2499451726616826 5.9162883688768479 0.41039385978365306 3.0124252345776776
leaf_count=63 17 499 2938 404 126 2443
internal_value=0.000357415 0.00555314 -0.0028745 0.0116125 -0.00915597 -0.00992853
internal_weight=15.1465 11.5674 5.50602 6.06135 3.57912 3.16873
internal_count=6490 3904 3437 467 2586 2460
is_linear=0
shrinkage=0.025


Tree=165
num_leaves=7
num_cat=0
split_feature=21 6 3 27 19 26
split_gain=2.06959 0.665637 0.520795 0.471085 0.58799 0.0392183
threshold=0.48644316196441656 4.1044580936431894 1.1059364080429079 0.71666583418846141 0.53344660997390758 -0.36019937694072718
decision_type=2 2 2 2 2 2
left_child=3 2 -2 4 -1 -5
right_child=1 -3 -4 5 -6 -7
leaf_value=-0.012176193549877781 -0.001496170261197651 -0.0028305620282671647 0.010162248542525343 0.0026131347352870708 0.00058291170164719713 0
leaf_weight=4.5052105600116192 0.48428806554875325 0.66080128379689984 6.788828119111713 0.18038417625939474 1.2294468364707425 0.20686114048294246
leaf_count=4959 160 255 734 21 239 66
internal_value=-0.000138221 0.00642283 0.00858344 -0.00826803 -0.00986115 0.00141999
internal_weight=14.0558 7.93392 7.27312 6.1219 5.73466 0.387245
internal_count=6434 1149 894 5285 5198 87
is_linear=0
shrinkage=0.025


Tree=166
num_leaves=7
num_cat=0
split_feature=26 6 22 26 18 17
split_gain=2.32162 0.828968 0.667756 0.539252 0.197378 0.0539095
threshold=-0.99881544709205616 4.6658742427825937 0.78748854994773876 -0.39578501880168909 -0.23425611853599546 0.68411836028099071
decision_type=2 2 2 2 2 2
left_child=1 4 3 -2 -1 -4
right_child=2 -3 5 -5 -6 -7
leaf_value=0 -0.011418696281954294 -0.0026978222730493556 0.0028021086953720084 0.0012985226731553837 0.011471676027783992 -0.00022298773498737637
leaf_weight=0.15359121397341358 6.3239424879284334 0.7439522689237491 1.3034985061094628 0.40013800533779331 4.918321193945304 0.23318916943389911
leaf_count=164 5188 458 82 92 319 89
internal_value=-0.000311261 0.00807689 -0.00750683 -0.00989779 0.0108326 0.00156748
internal_weight=14.0766 5.81586 8.26077 6.72408 5.07191 1.53669
internal_count=6392 941 5451 5280 483 171
is_linear=0
shrinkage=0.025


Tree=167
num_leaves=6
num_cat=0
split_feature=27 24 6 21 25
split_gain=2.74616 1.17301 1.02894 0.455873 0.0491874
threshold=0.13674183934926989 -3.6267998218536373 4.6658742427825937 0.18584701418876651 -0.52784371376037587
decision_type=2 2 2 2 2
left_child=2 4 3 -1 -2
right_child=1 -3 -4 -5 -6
leaf_value=-0.0006363727512631441 0.0032925454323170819 -0.012891594468842124 -0.0035479257413243274 0.012063821298120494 0
leaf_weight=0.48079035403497972 1.3743153687100855 5.6732647830285714 0.93089086226245843 5.3837341058169841 0.28568407683633257
leaf_count=417 82 4940 554 360 105
internal_value=-0.00109125 -0.00935369 0.00748065 0.0106337 0.00239998
internal_weight=14.1287 7.33326 6.79542 5.86452 1.66
internal_count=6458 5127 1331 777 187
is_linear=0
shrinkage=0.025


Tree=168
num_leaves=6
num_cat=0
split_feature=21 6 25 25 19
split_gain=1.84887 1.35178 0.410329 0.2894 0.0481461
threshold=0.01910982467234135 2.911378145217896 0.73857644200325023 -4.6009182929992667 0.99051427841186535
decision_type=2 2 2 2 2
left_child=4 2 -2 -3 -1
right_child=1 3 -4 -5 -6
leaf_value=-0.0097432917290046425 0.011287964771856906 0.0011785271057125832 0 -0.006742167131828368 0
leaf_weight=3.1888793726175222 5.7064498717299994 0.92558585217921097 2.6831654181733029 1.9959850147060922 0.21996152809879266
leaf_count=3209 443 61 1260 1436 40
internal_value=0 0.00500288 0.00909567 -0.00428383 -0.00942709
internal_weight=14.72 11.3112 8.38962 2.92157 3.40884
internal_count=6449 3200 1703 1497 3249
is_linear=0
shrinkage=0.025


Tree=169
num_leaves=6
num_cat=0
split_feature=21 6 26 21 20
split_gain=1.896 1.3106 0.784488 0.180833 0.0695679
threshold=0.0067948610521852979 3.2778618335723881 -0.88277277350425709 1.8595926761627199 2.7990188598632817
decision_type=2 2 2 2 2
left_child=4 2 -2 -3 -1
right_child=1 3 -4 -5 -6
leaf_value=-0.0097668335502471629 0.011765337536243268 -0.0062781479410727098 -0.00051330186298063159 0.00044094513486064467 0
leaf_weight=3.1730242229823502 6.581770732176663 1.728132825737702 2.67476117885235 0.60300226049730543 0.11371728878293641
leaf_count=3164 482 1261 1545 26 27
internal_value=9.81101e-05 0.00520292 0.00884324 -0.00457222 -0.00942524
internal_weight=14.8744 11.5877 9.25653 2.33114 3.28674
internal_count=6505 3314 2027 1287 3191
is_linear=0
shrinkage=0.025


Tree=170
num_leaves=6
num_cat=0
split_feature=26 13 22 26 22
split_gain=2.21098 0.797604 0.784522 0.524174 0.193378
threshold=-1.0016046166419981 2.2139854431152348 1.0431639552116396 -0.39578501880168909 -0.25589592754840845
decision_type=2 2 2 2 2
left_child=1 -1 3 -2 -3
right_child=2 4 -4 -5 -6
leaf_value=-0.0024570889145364237 -0.010805097185314885 0 0.0027361830435899438 0.0014184121840022596 0.011717477070001061
leaf_weight=0.69578423948405621 6.5020313222630639 0.1559604515423415 1.1893730581650741 0.37717506743501772 5.0856800309411483
leaf_count=438 5259 161 86 91 314
internal_value=3.15571e-06 0.00855121 -0.00667389 -0.00929385 0.0111089
internal_weight=14.006 5.93742 8.06858 6.87921 5.24164
internal_count=6349 913 5436 5350 475
is_linear=0
shrinkage=0.025


Tree=171
num_leaves=7
num_cat=0
split_feature=22 17 7 5 25 5
split_gain=1.70162 1.67951 0.899926 0.480566 0.254405 0.107982
threshold=0.71216142177581798 0.52558162808418285 5.0910816192626962 4.0100378990173349 -0.13909640908241269 4.2024343013763437
decision_type=2 2 2 2 2 2
left_child=1 2 -1 -3 5 -2
right_child=4 3 -4 -5 -6 -7
leaf_value=-0.013631464765241963 0.010144764239755157 0.0068838559248471948 0.0019101475929681287 -0.0027699365879327704 -0.00019166948239407618 0
leaf_weight=4.8068548417941184 3.9008862230839441 3.4300522951962193 0.77209097526065296 0.67855901440634614 0.35239061655738702 0.46537683001952235
leaf_count=5060 145 586 235 280 109 68
internal_value=7.83438e-05 -0.00504537 -0.0110036 0.00395801 0.00842448 0.00951825
internal_weight=14.4062 9.68756 5.57895 4.10861 4.71865 4.36626
internal_count=6483 6161 5295 866 322 213
is_linear=0
shrinkage=0.025


Tree=172
num_leaves=6
num_cat=0
split_feature=21 26 13 24 18
split_gain=2.1234 1.00845 0.722331 0.309671 0.181868
threshold=0.17925047874450686 -0.88277277350425709 2.2139854431152348 -4.7164649963378897 0.5380009412765504
decision_type=2 2 2 2 2
left_child=3 2 -2 -1 -3
right_child=1 4 -4 -5 -6
leaf_value=0.00012355709448124804 -0.0021513193385862186 -0.0050728193128579784 0.01109713308697103 -0.010951443282420342 0.00092910076219554396
leaf_weight=0.48083435677108255 0.5678496483087655 1.8128594465088084 6.7614964699750999 3.8497834836089186 0.95493764367711254
leaf_count=36 270 1119 731 4204 136
internal_value=-2.45888e-05 0.00551515 0.00910759 -0.00964467 -0.00293232
internal_weight=14.4278 10.0971 7.32935 4.33062 2.7678
internal_count=6496 2256 1001 4240 1255
is_linear=0
shrinkage=0.025


Tree=173
num_leaves=7
num_cat=0
split_feature=27 22 6 27 22 25
split_gain=1.71802 0.93642 0.934842 0.566537 0.337575 0.0634325
threshold=0.13674183934926989 0.78748854994773876 4.6658742427825937 0.71666583418846141 -0.085271131247282014 -0.13909640908241269
decision_type=2 2 2 2 2 2
left_child=2 3 4 -2 -1 -3
right_child=1 5 -4 -5 -6 -7
leaf_value=-0.00039735226754281149 -0.011254011658932431 0.0038921257038247465 -0.0033909015330613277 0.0015399685289152571 0.011226167685225314 0
leaf_weight=0.27867118029826077 5.7620468414534116 1.5450579362004644 0.89615214960940637 0.36222816015651904 5.3507902867277153 0.29539279756136227
leaf_count=364 4941 69 556 89 410 84
internal_value=0 -0.00618475 0.00708066 -0.00958341 0.0101465 0.00294937
internal_weight=14.4903 7.96473 6.52561 6.12428 5.62946 1.84045
internal_count=6513 5183 1330 5030 774 153
is_linear=0
shrinkage=0.025


Tree=174
num_leaves=7
num_cat=0
split_feature=22 17 13 20 13 25
split_gain=2.12487 1.85224 0.433659 0.317047 0.266684 0.285044
threshold=0.67913451790809642 0.56478285789489757 3.5611013174057011 2.0920531749725346 2.592665553092957 0.18562120944261554
decision_type=2 2 2 2 2 2
left_child=1 3 -3 -1 -2 -6
right_child=4 2 -4 -5 5 -7
leaf_value=-0.013803344467441451 -0.00044145473424075379 -0.0023996113193797274 0.0066985118086953406 0 0.010370061062011519 -0.00020776644479756696
leaf_weight=5.1798998506637854 0.22915048674622163 1.0564122335854338 2.5992797794606304 0.27913739636278467 4.2196978325300734 0.35256042108812824
leaf_count=5255 58 464 265 88 192 109
internal_value=-0.000668717 -0.00698475 0.00347989 -0.0129035 0.00813029 0.00921901
internal_weight=13.9161 9.11473 3.65569 5.45904 4.80141 4.57226
internal_count=6431 6072 729 5343 359 301
is_linear=0
shrinkage=0.025


Tree=175
num_leaves=7
num_cat=0
split_feature=27 13 21 27 24 2
split_gain=1.76967 0.971208 0.680851 0.776961 0.326904 0.12046
threshold=0.13674183934926989 2.2682034969329838 0.95127859711647045 0.71666583418846141 0.45475338399410253 3.5729376077651982
decision_type=2 2 2 2 2 2
left_child=1 -1 3 -2 -3 -4
right_child=2 4 5 -5 -6 -7
leaf_value=-0.0034336101614922559 -0.011806116599940013 0.01144718607889565 0.0036480413964073825 0.0022680211303466283 -0.00030155015904434002 -0.0011220671898560482
leaf_weight=0.89562936985021213 4.7235507042933023 5.3401337089380831 1.6282997427479133 0.53555891774885811 0.27210746168566391 0.441854802709713
leaf_count=566 4733 406 152 93 360 127
internal_value=0 0.00730216 -0.0063198 -0.00935682 0.0104149 0.00167241
internal_weight=13.8371 6.50787 7.32926 5.25911 5.61224 2.07015
internal_count=6437 1332 5105 4826 766 279
is_linear=0
shrinkage=0.025


Tree=176
num_leaves=7
num_cat=0
split_feature=26 5 19 27 22 1
split_gain=1.45251 0.684709 0.566109 0.474941 0.272305 0.0575308
threshold=-0.99881544709205616 4.728438377380372 0.53344660997390758 0.71666583418846141 0.034168725833296783 4.6178011894226083
decision_type=2 2 2 2 2 2
left_child=1 4 3 -2 -1 -4
right_child=2 -3 5 -5 -6 -7
leaf_value=-0.00026499192265632933 -0.010175040198121342 -0.0027965264632730407 0.0029281124744216722 0.0013268646566522776 0.010157028246544554 -0.00024480569917276088
leaf_weight=0.24868773969501567 6.1697631164570321 0.75258822682371818 1.2254507856559937 0.39344465767499048 4.1046495309565216 0.22935559241159342
leaf_count=288 5144 434 133 95 221 81
internal_value=-0.00080279 0.0061843 -0.00639865 -0.00866943 0.00907006 0.00165747
internal_weight=13.1239 5.10593 8.01801 6.56321 4.35334 1.45481
internal_count=6396 943 5453 5239 509 214
is_linear=0
shrinkage=0.025


Tree=177
num_leaves=7
num_cat=0
split_feature=6 25 14 22 1 1
split_gain=1.78899 1.51642 0.329012 0.181875 0.128017 0.126694
threshold=3.0438868999481206 0.73857644200325023 0.14182612299919131 0.91645777225494396 6.416534662246705 1.7375270724296572
decision_type=2 2 2 2 2 2
left_child=1 5 -3 4 -2 -1
right_child=3 2 -4 -5 -6 -7
leaf_value=0 -0.010478695533441039 0.0016437076685563235 -0.0062339373124218368 0 0 0.011102949325048947
leaf_weight=0.096821844621443165 2.9152639288149675 1.2609969426630416 2.6903703913558275 0.57590912445448328 0.40357717806182325 6.0279832203086698
leaf_count=65 2822 1261 1637 55 86 512
internal_value=0 0.00541876 -0.00350785 -0.00871417 -0.00973951 0.0107278
internal_weight=13.9709 10.0762 3.95137 3.89475 3.31884 6.12481
internal_count=6438 3475 2898 2963 2908 577
is_linear=0
shrinkage=0.025


Tree=178
num_leaves=7
num_cat=0
split_feature=26 5 25 6 26 22
split_gain=1.50154 0.871652 0.721643 0.638899 0.540403 0.185939
threshold=-0.99881544709205616 4.4153571128845224 0.73857644200325023 2.911378145217896 -0.39578501880168909 -0.25589592754840845
decision_type=2 2 2 2 2 2
left_child=1 5 3 -2 -4 -1
right_child=2 -3 4 -5 -6 -7
leaf_value=0 0.0057612269720880346 -0.0031028410233963563 -0.011641439400621484 -0.0048199160606406562 0.0013198891971586567 0.011019054155866228
leaf_weight=0.15238052593485907 2.8479644716935564 0.81858944448322279 3.5964995019385237 1.3165226686105596 0.39018963913986304 4.4703282453992879
leaf_count=175 419 526 4200 786 95 247
internal_value=0 0.00722411 -0.00547041 0.000929544 -0.00964885 0.0103644
internal_weight=13.5925 5.4413 8.15118 4.16449 3.98669 4.62271
internal_count=6448 948 5500 1205 4295 422
is_linear=0
shrinkage=0.025


Tree=179
num_leaves=7
num_cat=0
split_feature=27 13 22 27 22 21
split_gain=1.6079 0.832863 0.649019 0.538727 0.176781 0.0847964
threshold=0.13069365173578265 2.9630731344223027 0.7440452277660371 0.71666583418846141 -0.098699886351823793 1.3346919417381289
decision_type=2 2 2 2 2 2
left_child=1 5 3 -2 -3 -1
right_child=2 4 -4 -5 -6 -7
leaf_value=-0.0040153084935164373 -0.010856883544131141 0 0.0018296835502182671 0.0015157016995999146 0.01060129541682637 0.00019900562575238712
leaf_weight=1.0347761188168076 5.4729107416278566 0.15967088699107979 1.6119448913304948 0.3660906289005651 4.4768278003975865 0.3885544134536757
leaf_count=809 4947 185 172 87 257 22
internal_value=-0.00010644 0.00657802 -0.00650328 -0.00916319 0.00995287 -0.00263246
internal_weight=13.5108 6.05983 7.45095 5.839 4.6365 1.42333
internal_count=6479 1273 5206 5034 442 831
is_linear=0
shrinkage=0.025


Tree=180
num_leaves=6
num_cat=0
split_feature=21 13 26 21 15
split_gain=1.42018 0.897189 0.699468 0.139745 0.0701998
threshold=0.0067948610521852979 2.9630731344223027 -0.88277277350425709 1.8595926761627199 2.9411590099334721
decision_type=2 2 2 2 2
left_child=4 3 -3 -2 -1
right_child=1 2 -4 -5 -6
leaf_value=-0.0091198416793059345 -0.0055816539942593031 0.010246936207773578 -0.0010032531576078302 0.00026231712416441619 0
leaf_weight=2.8905409366998369 1.3273703261511389 6.0039608293518514 2.4962080448676724 0.58761480060638849 0.085407227794348617
leaf_count=3185 1016 658 1594 27 12
internal_value=0 0.00422538 0.00733223 -0.00399154 -0.00876242
internal_weight=13.3911 10.4152 8.50017 1.91499 2.97595
internal_count=6492 3295 2252 1043 3197
is_linear=0
shrinkage=0.025


Tree=181
num_leaves=6
num_cat=0
split_feature=21 13 26 21 24
split_gain=1.44395 0.874283 0.512757 0.128083 0.0960357
threshold=0.0067948610521852979 2.9630731344223027 -0.84902614355087269 1.8595926761627199 -4.7164649963378897
decision_type=2 2 2 2 2
left_child=4 3 -3 -2 -1
right_child=1 2 -4 -5 -6
leaf_value=0 -0.0050342410762244071 0.010041009834408303 -0.000173412887196843 0.0003412860100218726 -0.008796872228471574
leaf_weight=0.29462097969371859 1.4939217758947045 6.3094977167274902 2.3996568601141917 0.57565722754225124 2.8064635177288446
leaf_count=25 1004 817 1411 25 3174
internal_value=0.000137524 0.00476822 0.00773393 -0.00347108 -0.00819521
internal_weight=13.8798 10.7787 8.70915 2.06958 3.10108
internal_count=6456 3257 2228 1029 3199
is_linear=0
shrinkage=0.025


Tree=182
num_leaves=7
num_cat=0
split_feature=22 13 17 13 1 16
split_gain=1.51402 1.45939 0.581745 0.211718 0.178897 0.0449122
threshold=0.78748854994773876 4.2408092021942148 0.52558162808418285 2.592665553092957 6.416534662246705 0.57853996753692638
decision_type=2 2 2 2 2 2
left_child=1 4 -3 -2 -1 -5
right_child=3 2 -4 5 -6 -7
leaf_value=-0.011938370007848616 -0.0001508752771365029 -0.0027792152712102073 0.0070670918737271299 0.0093470241097960358 0 0
leaf_weight=4.1687831373128557 0.17852876635151993 2.2992397209454793 2.7209055067287409 3.5306019940398987 0.38158975526312122 0.39704309692024242
leaf_count=4131 43 1803 244 136 78 93
internal_value=0 -0.00497927 0.00279718 0.00801523 -0.0111858 0.0089631
internal_weight=13.6767 9.57052 5.02015 4.10617 4.55037 3.92765
internal_count=6528 6256 2047 272 4209 229
is_linear=0
shrinkage=0.025


Tree=183
num_leaves=6
num_cat=0
split_feature=21 27 6 25 22
split_gain=1.92633 0.973792 0.43479 0.341642 0.192319
threshold=0.17925047874450686 0.13674183934926989 4.6658742427825937 0.73857644200325023 0.86549249291419994
decision_type=2 2 2 2 2
left_child=4 2 -2 -3 -1
right_child=1 3 -4 -5 -6
leaf_value=-0.010217569626425487 0.011284529914832512 0.0017297399908056564 -0.00086112768468896606 -0.0059233693358215524 0
leaf_weight=3.4810376312889288 5.1056702435307653 3.1827007194951875 0.34255856159143139 1.1942057362175544 0.39166507676418394
leaf_count=4142 377 716 163 1017 44
internal_value=0 0.00544012 0.00987604 -0.00173689 -0.00928672
internal_weight=13.6978 9.82514 5.44823 4.37691 3.8727
internal_count=6459 2273 540 1733 4186
is_linear=0
shrinkage=0.025


Tree=184
num_leaves=6
num_cat=0
split_feature=21 6 3 15 20
split_gain=1.96022 0.85028 0.675194 0.154248 0.094932
threshold=0.18584701418876651 3.3511469364166264 1.1808076500892641 2.9411590099334721 0.60944369435310375
decision_type=2 2 2 2 2
left_child=3 2 -2 -1 -3
right_child=1 4 -4 -5 -6
leaf_value=-0.010659043424918656 -0.002024191307678959 -0.0046610726818296115 0.010071791242041874 0 1.7373055446085204e-05
leaf_weight=3.6214830399039797 0.88479113960783973 1.3645521019934674 6.8145979473119951 0.16827301341254486 0.52406463047373097
leaf_count=4265 348 802 988 19 96
internal_value=-0.000576365 0.00488501 0.00793993 -0.0100236 -0.00338525
internal_weight=13.3778 9.58801 7.69939 3.78976 1.88862
internal_count=6518 2234 1336 4284 898
is_linear=0
shrinkage=0.025


Tree=185
num_leaves=6
num_cat=0
split_feature=21 6 26 24 26
split_gain=1.847 0.858538 0.597754 0.214173 0.207041
threshold=0.22382836788892749 2.9303046464920048 -0.84902614355087269 -5.777301311492919 -1.0072752833366392
decision_type=2 2 2 2 2
left_child=3 2 -2 -1 -3
right_child=1 4 -4 -5 -6
leaf_value=0 0.010606448999417961 0.00091256455195573355 -0.00084580135801949358 -0.010604251459785387 -0.005618390627699945
leaf_weight=0.28246737108565811 5.3104285876179347 1.1799690342159013 1.693047559740078 3.6298548440900067 1.180585057743883
leaf_count=12 330 244 743 4365 789
internal_value=-0.000642149 0.00475916 0.00811815 -0.00968848 -0.00310239
internal_weight=13.2764 9.36403 7.00348 3.91232 2.36055
internal_count=6483 2106 1073 4377 1033
is_linear=0
shrinkage=0.025


Tree=186
num_leaves=7
num_cat=0
split_feature=25 13 27 27 22 16
split_gain=1.31377 1.37152 0.60764 0.518193 0.119856 0.0941935
threshold=0.73857644200325023 2.9630731344223027 0.071763388812541976 0.71666583418846141 0.037703206762671478 -1.1992939114570615
decision_type=2 2 2 2 2 2
left_child=1 5 -2 -4 -3 -1
right_child=2 4 3 -5 -6 -7
leaf_value=0 0.0020460022688425033 0 -0.010819530001619483 0.0014631854209704929 0.01065907921992771 -0.0056378243280825989
leaf_weight=0.49716584602720093 1.3612886112459825 0.33234363389055932 3.743107377726119 0.36795667410478916 6.0894130915185087 1.3294766939870877
leaf_count=35 297 240 4402 88 598 788
internal_value=0.000611321 0.00595703 -0.00584652 -0.00883453 0.0101858 -0.0045658
internal_weight=13.7208 8.2484 5.47235 4.11106 6.42176 1.82664
internal_count=6448 1661 4787 4490 838 823
is_linear=0
shrinkage=0.025


Tree=187
num_leaves=7
num_cat=0
split_feature=26 6 22 27 21 4
split_gain=1.50579 0.790997 0.60958 0.489696 0.224567 0.0529501
threshold=-0.99881544709205616 4.6658742427825937 0.7440452277660371 0.71666583418846141 0.039347678422927863 3.8349156379699711
decision_type=2 2 2 2 2 2
left_child=1 4 3 -2 -1 -4
right_child=2 -3 5 -5 -6 -7
leaf_value=0 -0.009620725134093332 -0.0027529972207425337 0.0031530037480785389 0.00165122797047352 0.011078414603443365 0
leaf_weight=0.17884184536524106 5.7760377190716099 0.75760018175060384 1.5168630358748485 0.34391712090291537 4.5875531556157512 0.22639782436453959
leaf_count=177 5227 478 139 86 285 54
internal_value=0.000246023 0.00745952 -0.00526542 -0.00796759 0.0103011 0.00216794
internal_weight=13.3872 5.524 7.86322 6.11995 4.7664 1.74326
internal_count=6446 940 5506 5313 462 193
is_linear=0
shrinkage=0.025


Tree=188
num_leaves=7
num_cat=0
split_feature=22 17 13 23 13 23
split_gain=1.93133 1.36245 0.591929 0.282371 0.258212 0.189726
threshold=0.67913451790809642 0.56478285789489757 3.5611013174057011 -7.2586274147033683 2.592665553092957 -4.8897838592529288
decision_type=2 2 2 2 2 2
left_child=1 3 -3 -1 -2 -6
right_child=4 2 -4 -5 5 -7
leaf_value=0 -0.00050663811174230639 -0.0039629114975243086 0.0065805203819688136 -0.013123481079053515 0 0.0095661529523379061
leaf_weight=0.25632100950315262 0.24381190091662652 0.87332602374954182 2.4942267800943227 4.7359649264253667 0.33622221026598698 3.8616919489504653
leaf_count=60 53 485 271 5250 108 186
internal_value=-0.00108159 -0.00721559 0.00236514 -0.0122534 0.0075087 0.00867607
internal_weight=12.8016 8.35984 3.36755 4.99229 4.44173 4.19791
internal_count=6413 6066 756 5310 347 294
is_linear=0
shrinkage=0.025


Tree=189
num_leaves=7
num_cat=0
split_feature=26 22 5 12 14 22
split_gain=1.40316 0.849503 0.51594 0.460197 0.286195 0.114388
threshold=-0.93772077560424794 0.034168725833296783 4.5194709300994882 5.8347213268280038 0.26332974433898931 0.7440452277660371
decision_type=2 2 2 2 2 2
left_child=1 -1 -3 5 -5 -2
right_child=3 2 -4 4 -6 -7
leaf_value=-0.0036411468429810596 -0.0099051085485840837 0.010612031713686493 -0.0011749184333279244 0.0048567251723024285 -0.0028881978719854087 0
leaf_weight=0.97319932784739638 3.6739000189991202 5.1799478884495329 0.69118589973368205 0.80530328187160172 0.6296445185362245 0.48056178387196258
leaf_count=1163 4044 376 241 207 269 101
internal_value=0 0.00566465 0.00874732 -0.00685022 0.000883494 -0.00922774
internal_weight=12.4337 6.84433 5.87113 5.58941 1.43495 4.15446
internal_count=6401 1780 617 4621 476 4145
is_linear=0
shrinkage=0.025


Tree=190
num_leaves=7
num_cat=0
split_feature=27 6 27 22 15 26
split_gain=1.58545 0.837213 0.598708 0.548999 0.0627181 0.0617316
threshold=0.13674183934926989 3.1852635145187382 0.71666583418846141 0.82463103532791149 0.55643698573112499 -0.36019937694072718
decision_type=2 2 2 2 2 2
left_child=1 -1 3 -2 -3 -4
right_child=2 4 5 -5 -6 -7
leaf_value=0.0097512835585721325 -0.011466766517174827 -0.0037595046687240383 0.0035559917261492736 0.00065119191617410638 0 -1.5834715731545233e-05
leaf_weight=4.0936858280474553 4.8780589337766287 1.0980315313427125 0.30278515710961074 1.1897582507444893 0.58613853536371596 0.20612703372898966
leaf_count=250 4895 903 18 132 174 76
internal_value=-0.000764173 0.00600329 -0.00727446 -0.00930524 -0.00265142 0.00227345
internal_weight=12.3546 5.77786 6.57673 6.06782 1.68417 0.508912
internal_count=6448 1327 5121 5027 1077 94
is_linear=0
shrinkage=0.025


Tree=191
num_leaves=7
num_cat=0
split_feature=26 6 19 21 22 13
split_gain=1.65202 0.951092 0.733946 0.19871 0.159603 0.0582302
threshold=-0.93772077560424794 3.3511469364166264 0.53344660997390758 1.8595926761627199 -0.25589592754840845 4.3335664272308358
decision_type=2 2 2 2 2 2
left_child=1 4 -2 -3 -1 -4
right_child=2 3 5 -5 -6 -7
leaf_value=0 -0.010869382270967794 -0.005313220923829045 -0.00015139253927781994 0.0012034443421343292 0.0099847290549617898 0.0031293961755642185
leaf_weight=0.14624091704172304 4.7071055791602703 1.6067565516787001 0.15451174937334122 0.46180670498870302 4.671577556648117 0.95639926940202713
leaf_count=129 4561 1326 84 10 315 70
internal_value=-0.00100572 0.00535024 -0.00810229 -0.00315201 0.00938347 0.00189981
internal_weight=12.7044 6.88638 5.81802 2.06856 4.81782 1.11091
internal_count=6495 1780 4715 1336 444 154
is_linear=0
shrinkage=0.025


Tree=192
num_leaves=7
num_cat=0
split_feature=22 17 13 16 11 22
split_gain=1.51631 2.06358 0.344246 0.209907 0.0692746 0.0142181
threshold=0.78748854994773876 0.56478285789489757 2.2139854431152348 0.57853996753692638 2.2196315526962285 0.7440452277660371
decision_type=2 2 2 2 2 2
left_child=1 5 -3 4 -2 -1
right_child=3 2 -4 -5 -6 -7
leaf_value=-0.012913690603411666 0 -0.0019132345436777829 0.0064927269993833719 -0.00014896141419693622 0.0088880901442696669 0
leaf_weight=4.6826182583245082 0.32782129396218973 0.5239856927073564 3.4518300139170606 0.32815122469037294 3.2289523552972241 0.10544631967786688
leaf_count=5410 51 205 582 101 123 21
internal_value=-0.000555396 -0.00588963 0.00423992 0.00731713 0.00842091 -0.0128086
internal_weight=12.6488 8.76388 3.97582 3.88492 3.55677 4.78806
internal_count=6493 6218 787 275 174 5431
is_linear=0
shrinkage=0.025


Tree=193
num_leaves=7
num_cat=0
split_feature=21 19 27 13 13 23
split_gain=1.51842 0.911307 0.63829 0.330167 0.292422 0.219711
threshold=0.95127859711647045 0.25033596158027654 0.71666583418846141 2.2139854431152348 2.9630731344223027 -5.744278907775878
decision_type=2 2 2 2 2 2
left_child=1 2 -1 -2 -3 -5
right_child=3 4 -4 5 -6 -7
leaf_value=-0.01255685383742091 -0.0011560552325561679 -0.0025447263122395647 0.0015532595997444223 -9.9445253011251961e-06 0.0049328192878623179 0.0090632731379746388
leaf_weight=4.3061795017856639 0.35981308374903154 0.66645744005654739 0.36623479929403391 0.40748364788305469 2.0826475140420371 4.1844307848441531
leaf_count=5307 84 365 87 120 322 227
internal_value=-0.000633868 -0.00658159 -0.0105735 0.00648038 0.00184122 0.00802105
internal_weight=12.3732 7.42152 4.67241 4.95173 2.7491 4.59191
internal_count=6512 6081 5394 431 687 347
is_linear=0
shrinkage=0.025


Tree=194
num_leaves=7
num_cat=0
split_feature=24 17 7 12 13 25
split_gain=1.22556 1.07548 0.805873 0.309968 0.179682 0.146371
threshold=-3.6267998218536373 0.66106122732162487 5.0910816192626962 3.0099058151245122 2.592665553092957 -0.13909640908241269
decision_type=2 2 2 2 2 2
left_child=4 2 -2 -3 -1 -6
right_child=1 3 -4 -5 5 -7
leaf_value=-0.00018627904964559509 -0.012371678171615563 -0.0021962759819047399 0.0019976289544036559 0.0056172506517997356 0.008431351191785218 0
leaf_weight=0.18921173978014971 4.5992868130851985 0.56985207573598051 0.7326175129492184 2.431526024302002 3.2801733013329804 0.32445971959532416
leaf_count=46 5332 225 258 324 162 102
internal_value=-0.000415044 -0.00536596 -0.00978112 0.00290723 0.00661682 0.00760102
internal_weight=12.1271 8.33328 5.3319 3.00138 3.79384 3.60463
internal_count=6449 6139 5590 549 310 264
is_linear=0
shrinkage=0.025


Tree=195
num_leaves=6
num_cat=0
split_feature=26 6 22 27 21
split_gain=1.25848 0.841058 0.628448 0.462433 0.102811
threshold=-0.99881544709205616 4.1044580936431894 1.0431639552116396 0.71666583418846141 0.039347678422927863
decision_type=2 2 2 2 2
left_child=1 4 3 -2 -1
right_child=2 -3 -4 -5 -6
leaf_value=0 -0.0093031868328064052 -0.0031480862203680012 0.0027816014992037585 0.0015869065971194658 0.010448764516288563
leaf_weight=0.21417868218850333 5.8591240357854986 0.82498405711521616 1.1718539551802676 0.34873774733568996 4.1546069595642621
leaf_count=115 5287 638 80 95 205
internal_value=0 0.00677051 -0.00507838 -0.00769875 0.00999111
internal_weight=12.5735 5.19377 7.37972 6.20786 4.36879
internal_count=6420 958 5462 5382 320
is_linear=0
shrinkage=0.025


Tree=196
num_leaves=6
num_cat=0
split_feature=13 26 24 27 24
split_gain=1.42797 1.16841 0.416565 0.339865 0.101271
threshold=2.9630731344223027 -0.88277277350425709 0.45475338399410253 0.71666583418846141 -7.9206814765930167
decision_type=2 2 2 2 2
left_child=4 2 -2 -3 -1
right_child=1 3 -4 -5 -6
leaf_value=0 0.01065880347638537 -0.0057430943665091527 -0.00087624411837840125 0.0023726281591396519 -0.0091352171786195681
leaf_weight=0.1283040129928853 5.8239136725678682 3.2014102149223613 0.37463005971949304 0.49280654980975658 2.4718155178161405
leaf_count=4 590 3051 615 94 2132
internal_value=0 0.00472319 0.00932358 -0.00319972 -0.00858576
internal_weight=12.4929 9.89276 6.19854 3.69422 2.60012
internal_count=6486 4350 1205 3145 2136
is_linear=0
shrinkage=0.025


Tree=197
num_leaves=6
num_cat=0
split_feature=21 6 3 24 26
split_gain=1.67128 0.546301 0.589662 0.170343 0.138935
threshold=0.35226470232009893 3.0438868999481206 1.1808076500892641 -5.0322093963623038 -1.0072752833366392
decision_type=2 2 2 2 2
left_child=3 2 -2 -1 -3
right_child=1 4 -4 -5 -6
leaf_value=0 -0.0022835047660144641 0.00072068471471049096 0.0091241926699455935 -0.010787171510022359 -0.0045374545349021423
leaf_weight=0.32167515218316145 0.57220764468365803 0.99520820741599891 5.1885487059989828 3.6610684857769229 0.96558069145248715
leaf_count=35 252 179 613 4803 568
internal_value=-0.0019451 0.00402783 0.00687574 -0.0100172 -0.00237012
internal_weight=11.7043 7.72155 5.76076 3.98274 1.96079
internal_count=6450 1612 865 4838 747
is_linear=0
shrinkage=0.025


Tree=198
num_leaves=7
num_cat=0
split_feature=21 19 7 13 13 16
split_gain=1.34244 0.740985 0.769472 0.348625 0.286321 0.170258
threshold=0.97734311223030101 0.25033596158027654 5.0910816192626962 2.2139854431152348 2.9630731344223027 0.79470506310462963
decision_type=2 2 2 2 2 2
left_child=1 2 -1 -2 -3 -5
right_child=3 4 -4 5 -6 -7
leaf_value=-0.011775497278314707 -0.0011103100445427657 -0.002488427509368047 0.0021075276467442997 0.0093359292268750116 0.0048946855163118355 0
leaf_weight=3.9901868107444898 0.36077319239848282 0.66667825553304316 0.70749684663314827 4.1940876900262083 2.1503319575058413 0.31831005326966977
leaf_count=5101 88 371 241 210 324 110
internal_value=0 -0.00532875 -0.00903156 0.00699909 0.0018738 0.0085473
internal_weight=12.3879 7.51469 4.69768 4.87317 2.81701 4.5124
internal_count=6445 6037 5342 408 695 320
is_linear=0
shrinkage=0.025


Tree=199
num_leaves=7
num_cat=0
split_feature=25 6 27 27 19 14
split_gain=1.12081 1.04105 0.466659 0.501611 0.100466 0.0841431
threshold=0.48586350679397589 3.1852635145187382 0.071763388812541976 0.71666583418846141 -0.4291499108076095 -0.7491447627544402
decision_type=2 2 2 2 2 2
left_child=1 4 -2 -4 -1 -3
right_child=2 5 3 -5 -6 -7
leaf_value=0 0.0013102270978793153 0 -0.01071217943135469 0.0014011223399907193 0.0096245102820390286 -0.0047603871994692246
leaf_weight=0.094521064602304139 1.2110454278954419 0.51782587004709091 3.5246861544474091 0.37761652418703295 4.9769356810720637 1.5356053854411582
leaf_count=51 321 95 4532 96 486 875
internal_value=0 0.00502568 -0.00624377 -0.00870935 0.0092481 -0.00367991
internal_weight=12.2382 7.12489 5.11335 3.9023 5.07146 2.05343
internal_count=6456 1507 4949 4628 537 970
is_linear=0
shrinkage=0.025


Tree=200
num_leaves=6
num_cat=0
split_feature=21 5 14 19 24
split_gain=1.10399 0.694094 0.490018 0.0623181 0.0512435
threshold=0.0067948610521852979 4.0475790500640878 0.38677980005741125 0.99051427841186535 -5.3367252349853507
decision_type=2 2 2 2 2
left_child=3 2 -2 -1 -3
right_child=1 4 -4 -5 -6
leaf_value=-0.0078194071975136985 0.0094521472796299279 0 -9.4969544683465762e-05 0 -0.0042971877074150571
leaf_weight=2.396831295685844 5.4952984700394136 0.20321900898125012 2.9652242215488513 0.17425782782083832 1.0198912003470457
leaf_count=3166 1643 14 1014 31 611
internal_value=9.0718e-05 0.00434191 0.00684941 -0.0073886 -0.00356599
internal_weight=12.2547 9.68363 8.46052 2.57109 1.22311
internal_count=6479 3282 2657 3197 625
is_linear=0
shrinkage=0.025


Tree=201
num_leaves=7
num_cat=0
split_feature=19 21 13 20 5 3
split_gain=1.54365 1.08185 0.662197 0.260797 0.248251 0.234455
threshold=0.22444386780261996 0.95127859711647045 2.9630731344223027 2.0920531749725346 2.8681613206863408 1.1059364080429079
decision_type=2 2 2 2 2 2
left_child=1 3 -2 -1 -3 -4
right_child=2 4 5 -5 -6 -7
leaf_value=-0.012244051629077731 -0.0025846858347177725 0.0052252092232693247 -7.4491443611248093e-05 0 -0.0018846659721409595 0.0098577396161900407
leaf_weight=4.0371055458635965 0.90519714814945462 1.7175001679861455 0.24696344044059504 0.24912051686987968 0.47757554041163519 4.5333270172050106
leaf_count=5159 429 101 96 75 130 428
internal_value=-0.00048652 -0.00700488 0.00616005 -0.0113288 0.00257495 0.00892982
internal_weight=12.1668 6.4813 5.68549 4.28623 2.19508 4.78029
internal_count=6418 5465 953 5234 231 524
is_linear=0
shrinkage=0.025


Tree=202
num_leaves=7
num_cat=0
split_feature=21 19 7 27 12 5
split_gain=1.23388 0.749789 0.784038 0.315292 0.234054 0.204881
threshold=0.97734311223030101 0.28580045700073248 5.0910816192626962 0.30174805223941809 2.6012637615203862 4.0100378990173349
decision_type=2 2 2 2 2 2
left_child=1 2 -1 5 -3 -2
right_child=3 4 -4 -5 -6 -7
leaf_value=-0.01184448361128178 0.0092529150184438753 -0.0020593700736308792 0.0021758854187271109 -0.00090990614207799947 0.0046411485366006115 0
leaf_weight=3.9477709938109911 3.6214445050063664 0.57333239907166023 0.68590272076107783 0.46647906521684479 2.0885015640960773 0.37262901081703592
leaf_count=5204 188 307 234 144 317 62
internal_value=0 -0.00536282 -0.00906818 0.00664353 0.0019801 0.00823602
internal_weight=11.7561 7.29551 4.63367 4.46055 2.66183 3.99407
internal_count=6456 6062 5438 394 624 250
is_linear=0
shrinkage=0.025


Tree=203
num_leaves=7
num_cat=0
split_feature=22 17 27 20 6 16
split_gain=1.32678 1.10371 0.657309 0.253318 0.237659 0.103444
threshold=0.7440452277660371 0.66106122732162487 0.71666583418846141 -0.34906584024429316 3.415839791297913 0.60976806282997142
decision_type=2 2 2 2 2 2
left_child=1 2 -1 -3 5 -2
right_child=4 3 -4 -5 -6 -7
leaf_value=-0.01261489337349085 0.0085576227117640357 -0.0019218857412366024 0.0016461503627045529 0.0051642653030990826 -0.00050979729860672917 0
leaf_weight=4.3382973629086337 3.0861097121814973 0.45819941228546701 0.34918150378507551 2.3160146154768881 0.33257054188288737 0.36647004763653956
leaf_count=5457 123 169 89 373 75 94
internal_value=-0.000701551 -0.0060549 -0.0106061 0.00270662 0.00658 0.00789993
internal_weight=11.2468 7.46169 4.68748 2.77421 3.78515 3.45258
internal_count=6380 6088 5546 542 292 217
is_linear=0
shrinkage=0.025


Tree=204
num_leaves=7
num_cat=0
split_feature=6 21 4 24 21 11
split_gain=1.10293 0.665848 0.421306 0.196473 0.074863 0.0696903
threshold=3.0622291564941411 0.01910982467234135 -0.41353613138198847 -5.3367252349853507 1.8595926761627199 2.7367916107177739
decision_type=2 2 2 2 2 2
left_child=1 5 -3 -2 -5 -1
right_child=3 2 -4 4 -6 -7
leaf_value=0 0 -0.0014604302348105811 0.0085976460558326948 -0.0090657409557441341 0 -0.0042367824268723228
leaf_weight=0.19674501090775987 0.389787958672969 0.48020201541657925 6.1873723696480747 2.6807192692176627 0.36015192238846783 1.2485590432806928
leaf_count=5 26 153 1619 2926 24 1697
internal_value=-8.97341e-05 0.0041679 0.00702216 -0.0074001 -0.0085257 -0.0032626
internal_weight=11.5435 8.11288 6.66757 3.43066 3.04087 1.4453
internal_count=6450 3474 1772 2976 2950 1702
is_linear=0
shrinkage=0.025


Tree=205
num_leaves=7
num_cat=0
split_feature=22 6 26 17 21 16
split_gain=1.40287 0.439573 0.463048 0.29543 0.159504 0.0260249
threshold=0.22629640251398089 4.1044580936431894 -0.79746627807617176 0.83788955211639415 0.97734311223030101 -0.24785092473030088
decision_type=2 2 2 2 2 2
left_child=3 2 -2 4 -1 -5
right_child=1 -3 -4 5 -6 -7
leaf_value=-0.010084507840046338 0.0089002979485861694 -0.0022555432466803255 -0.0013885104949508073 -0.00058527439886862671 0 0.0015726964123132792
leaf_weight=3.6055696451694534 5.3357800673838938 0.59123712652944949 0.82087386897183012 0.27640909237379674 0.26808785606408481 0.84550989800482035
leaf_count=5136 467 241 326 97 45 117
internal_value=-0.000704785 0.00500497 0.00696079 -0.00768825 -0.00934829 0
internal_weight=11.7435 6.74789 6.15665 4.99558 3.87366 1.12192
internal_count=6429 1034 793 5395 5181 214
is_linear=0
shrinkage=0.025


Tree=206
num_leaves=7
num_cat=0
split_feature=25 6 27 18 14 5
split_gain=1.52685 1.03186 0.930741 0.151152 0.0784884 0.0658654
threshold=0.41873282194137579 3.2028585672378544 0.068304497748613371 1.2024145126342776 -0.7491447627544402 4.0319950580596933
decision_type=2 2 2 2 2 2
left_child=1 -1 5 -4 -3 -2
right_child=2 4 3 -5 -6 -7
leaf_value=0.0096363742918361139 0.0036152058662072013 0 -0.01187178930318936 0 -0.0045222908363405307 -2.9949140246323727e-05
leaf_weight=5.1441628259053687 1.2068349160763316 0.50600520147418127 3.5968452762645033 0.13066041842102993 1.4171083356850429 0.2255512212141183
leaf_count=539 80 96 4697 2 843 226
internal_value=-0.000148583 0.00560609 -0.00752566 -0.0113139 -0.00344538 0.00249246
internal_weight=12.2272 7.06728 5.15989 3.72751 1.92311 1.43239
internal_count=6483 1478 5005 4699 939 306
is_linear=0
shrinkage=0.025


Tree=207
num_leaves=7
num_cat=0
split_feature=18 17 26 13 13 14
split_gain=1.46887 0.412002 0.310134 0.295452 0.156726 0.113829
threshold=0.16777174919843676 0.66106122732162487 -0.89374431967735279 2.2139854431152348 4.1058831214904794 0.28152075409889227
decision_type=2 2 2 2 2 2
left_child=1 -1 3 -2 -3 -4
right_child=2 4 5 -5 -6 -7
leaf_value=-0.0098968181137512965 -0.00071213332964604982 -0.0023117064618395334 0.0015316473467644172 0.0087110442977277013 0.0033492742967234411 -0.003146809545125757
leaf_weight=3.5786726847072714 0.31546275002256141 0.5581662409385898 1.1568822713416009 4.4044532623156556 1.1090367972647071 0.82807932074138069
leaf_count=4736 172 357 218 481 92 436
internal_value=-0.000475611 -0.00754348 0.00538046 0.00739588 0.000204282 -0.000380773
internal_weight=11.9508 5.24588 6.70488 4.71992 1.6672 1.98496
internal_count=6492 5185 1307 653 449 654
is_linear=0
shrinkage=0.025


Tree=208
num_leaves=6
num_cat=0
split_feature=26 6 24 24 18
split_gain=1.33394 0.905136 0.321666 0.252936 0.101068
threshold=-0.93772077560424794 4.1044580936431894 -3.7682125568389888 0.45475338399410253 -0.48851683735847468
decision_type=2 2 2 2 2
left_child=1 3 -2 -1 -4
right_child=2 -3 4 -5 -6
leaf_value=0.0094881153283605437 0.0002162272171207281 -0.0041163848580860257 0 -0.00026441682726396605 -0.0097886814338164607
leaf_weight=4.8784036738798022 1.0560439640103139 1.0688294721221607 0.31475328451415396 0.25209824506600842 3.8089953030503239
leaf_count=414 155 961 246 396 4230
internal_value=-0.000961062 0.00489824 -0.00754911 0.00849797 -0.00925145
internal_weight=11.3791 6.19933 5.17979 5.1305 4.12375
internal_count=6402 1771 4631 810 4476
is_linear=0
shrinkage=0.025


Tree=209
num_leaves=6
num_cat=0
split_feature=21 13 26 21 16
split_gain=1.17841 0.836362 0.324222 0.123227 0.0390856
threshold=0.0067948610521852979 3.0572668313980107 -0.79746627807617176 1.8595926761627199 1.3389987945556643
decision_type=2 2 2 2 2
left_child=4 3 -3 -2 -1
right_child=1 2 -4 -5 -6
leaf_value=-0.0074992998486085151 -0.0050193683704645572 0.0093329310474401395 0 0.00030189242846304955 0
leaf_weight=2.251828050175392 1.2044789743522404 6.5989456510542341 1.6490045425962314 0.54990512743825082 0.20202814116782963
leaf_count=3101 1056 1091 1145 28 65
internal_value=0.000817155 0.00493081 0.00780806 -0.00343734 -0.00717202
internal_weight=12.4562 10.0023 8.24795 1.75438 2.45386
internal_count=6486 3320 2236 1084 3166
is_linear=0
shrinkage=0.025


Tree=210
num_leaves=7
num_cat=0
split_feature=27 6 19 27 24 8
split_gain=1.1036 0.636332 0.454634 0.453292 0.233776 0.059724
threshold=0.13069365173578265 4.6658742427825937 0.53344660997390758 0.71666583418846141 0.45475338399410253 2.9091473817825322
decision_type=2 2 2 2 2 2
left_child=1 4 3 -2 -1 -4
right_child=2 -3 5 -5 -6 -7
leaf_value=0.0096822529566707154 -0.0095200147328724956 -0.0026824848668141974 -0.00025186598285250158 0.0014708761861546601 -0.00012390539370370871 0.0030095539040760834
leaf_weight=4.2119177006534301 4.5787153987730562 0.74294760336488241 0.37769873581419211 0.37181320435774967 0.22628497008554393 0.88180985863436945
leaf_count=366 4917 542 126 101 318 47
internal_value=0 0.00595602 -0.00541399 -0.00774213 0.0087193 0.00161309
internal_weight=11.3912 5.18115 6.21004 4.95053 4.4382 1.25951
internal_count=6417 1226 5191 5018 684 173
is_linear=0
shrinkage=0.025


Tree=211
num_leaves=7
num_cat=0
split_feature=6 21 14 21 22 3
split_gain=1.03341 0.600639 0.303794 0.275188 0.149881 0.0362809
threshold=2.7825828790664677 0.01910982467234135 0.54944658279418956 1.3346919417381289 1.0431639552116396 3.3781870603561406
decision_type=2 2 2 2 2 2
left_child=1 5 -3 4 -2 -1
right_child=3 2 -4 -5 -6 -7
leaf_value=-0.0034108875810068442 -0.008985456051351275 0.0092289234834764516 0 0.00041144630156576627 0 0
leaf_weight=1.0238871021829252 2.6001395114290071 4.5662647340759577 1.7874240519340672 0.91437666332058132 0.35842261846846657 0.1198391020298003
leaf_count=1486 3211 1109 464 68 34 1
internal_value=0 0.0048743 0.00741895 -0.00627122 -0.00808281 -0.00277783
internal_weight=11.3704 7.49741 6.35369 3.87294 2.95856 1.14373
internal_count=6373 3060 1573 3313 3245 1487
is_linear=0
shrinkage=0.025


Tree=212
num_leaves=7
num_cat=0
split_feature=25 13 27 22 2 17
split_gain=1.22735 0.942099 0.653632 0.148345 0.0770078 0.0376758
threshold=0.73857644200325023 2.9630731344223027 0.071763388812541976 0.037703206762671478 4.0011610984802255 0.065338589251041426
decision_type=2 2 2 2 2 2
left_child=1 4 5 -3 -1 -2
right_child=2 3 -4 -5 -6 -7
leaf_value=0 0 0 -0.010798413856583039 0.0088438222014178593 -0.0050703919296408335 0.0024994346676793372
leaf_weight=0.488838707544346 0.17386001352133451 0.16012049203709455 3.2844545874468167 5.0184835922482307 1.2011933509784283 1.0585568153546772
leaf_count=150 166 233 4495 597 677 152
internal_value=-0.00104957 0.00423977 -0.00775128 0.00823857 -0.00407873 0.00151482
internal_weight=11.3855 6.86864 4.51687 5.1786 1.69003 1.23242
internal_count=6470 1657 4813 830 827 318
is_linear=0
shrinkage=0.025


Tree=213
num_leaves=7
num_cat=0
split_feature=21 24 7 12 3 5
split_gain=0.873156 0.506355 0.608684 0.320997 0.16503 0.0746001
threshold=0.95127859711647045 -3.6267998218536373 5.0910816192626962 2.8753541707992558 1.1059364080429079 4.0475790500640878
decision_type=2 2 2 2 2 2
left_child=1 5 -3 -2 -5 -1
right_child=3 2 -4 4 -6 -7
leaf_value=0.0036094164269213666 -0.0012610323968965296 -0.0092996901398195268 0.0022572639968219945 0 0.0084321340768577346 -0.00023622631326824899
leaf_weight=1.2157802235014967 0.36847270090947848 4.9315444659951027 0.66499530496366777 0.21389216624083962 3.6555831321747974 0.23434943333268154
leaf_count=70 89 5614 245 54 283 78
internal_value=0 -0.00432684 -0.00691951 0.0058873 0.00759982 0.0023176
internal_weight=11.2846 7.04667 5.59654 4.23795 3.86948 1.45013
internal_count=6433 6007 5859 426 337 148
is_linear=0
shrinkage=0.025


Tree=214
num_leaves=7
num_cat=0
split_feature=6 21 4 1 22 22
split_gain=1.11137 0.813641 0.283061 0.0822087 0.0854983 0.0255159
threshold=3.2778618335723881 0.0067948610521852979 -0.41353613138198847 6.416534662246705 1.0431639552116396 1.2008115053176882
decision_type=2 2 2 2 2 2
left_child=1 5 -3 4 -2 -1
right_child=3 2 -4 -5 -6 -7
leaf_value=-0.0040933697820133737 -0.0081785618532573112 -0.00026893684115451903 0.008866147450236948 0 0 0
leaf_weight=1.195993026252834 2.2409274513265718 0.68981698263814806 6.6216359716563611 0.368640863784094 0.25530605553649355 0.070137187838554271
leaf_count=1809 2559 156 1806 82 27 1
internal_value=0.000283401 0.00482736 0.00773742 -0.00694659 -0.00758171 -0.00374474
internal_weight=11.4425 8.57758 7.31145 2.86487 2.49623 1.26613
internal_count=6440 3772 1962 2668 2586 1810
is_linear=0
shrinkage=0.025


Tree=215
num_leaves=7
num_cat=0
split_feature=27 6 13 14 21 22
split_gain=1.19706 0.562448 0.474102 0.32619 0.261509 0.233823
threshold=0.13069365173578265 4.6658742427825937 5.4478700160980233 0.28152075409889227 0.17925047874450686 0.7440452277660371
decision_type=2 2 2 2 2 2
left_child=1 4 5 -4 -1 -2
right_child=2 -3 3 -5 -6 -7
leaf_value=-0.00023702861776212921 -0.0098973842297831842 -0.0024052354007384558 0.0051673442755809009 -0.0030426595144142279 0.0095618005018842916 0
leaf_weight=0.34856912394025119 3.5140333160561568 0.68953861984846287 0.99902313950587973 0.64835153194871964 4.075700494380726 0.7998916176802594
leaf_count=369 4448 531 303 331 344 101
internal_value=-4.05781e-05 0.005866 -0.00604216 0.00113774 0.00841044 -0.0085939
internal_weight=11.0751 5.11381 5.9613 1.64737 4.42427 4.31392
internal_count=6427 1244 5183 634 713 4549
is_linear=0
shrinkage=0.025


Tree=216
num_leaves=7
num_cat=0
split_feature=21 19 12 23 12 3
split_gain=1.24702 1.07735 0.318101 0.235557 0.23338 0.103257
threshold=0.95127859711647045 0.25033596158027654 2.8753541707992558 -7.2586274147033683 2.4632176160812382 1.1059364080429079
decision_type=2 2 2 2 2 2
left_child=1 3 -2 -1 -3 -4
right_child=2 4 5 -5 -6 -7
leaf_value=0 -0.0012501949268522263 -0.001853437125144378 0 -0.011890610593214656 0.0048782710417651894 0.0080955154395151493
leaf_weight=0.24056841056881229 0.3755615290137938 0.53952384107833529 0.16906316397944499 3.8438686689150927 2.2364184786019905 3.7320423157871119
leaf_count=56 87 292 54 5305 409 289
internal_value=-0.000902798 -0.00632988 0.00584868 -0.0110198 0.00241566 0.00755263
internal_weight=11.137 6.86038 4.27667 4.08444 2.77594 3.90111
internal_count=6492 6062 430 5361 701 343
is_linear=0
shrinkage=0.025


Tree=217
num_leaves=7
num_cat=0
split_feature=26 6 19 27 21 3
split_gain=0.999812 0.589583 0.393687 0.410405 0.139971 0.0561399
threshold=-1.0016046166419981 4.6658742427825937 0.53344660997390758 0.71666583418846141 -0.15830024331808087 4.0620901584625253
decision_type=2 2 2 2 2 2
left_child=1 4 3 -2 -1 -4
right_child=2 -3 5 -5 -6 -7
leaf_value=0 -0.008010171076026874 -0.0022002867569519994 0.0030706996256640723 0.001762026446567723 0.0099327187418460413 -9.731139256723358e-05
leaf_weight=0.13207197140582172 5.2925292103536776 0.64504558963380976 1.1023303924739591 0.32493764204264142 3.7368715961129055 0.27084730983915495
leaf_count=139 5254 485 114 89 301 81
internal_value=0.0005678 0.00674881 -0.00405205 -0.00629267 0.00934483 0.00187905
internal_weight=11.5046 4.51399 6.99064 5.61747 3.86894 1.37318
internal_count=6463 925 5538 5343 440 195
is_linear=0
shrinkage=0.025


Tree=218
num_leaves=7
num_cat=0
split_feature=26 19 13 27 21 9
split_gain=0.823632 0.52141 0.479046 0.416113 0.168975 0.0911991
threshold=-0.99881544709205616 0.53344660997390758 2.2139854431152348 0.71666583418846141 0.17925047874450686 3.3444007635116582
decision_type=2 2 2 2 2 2
left_child=2 3 -1 -2 -4 -3
right_child=1 5 4 -5 -6 -7
leaf_value=-0.0020411756839904078 -0.0085457503230930622 -0.00032949153452444739 0 0.001578615553560905 0.0090284933170686303 0.0039471038158237779
leaf_weight=0.61120662131725101 5.0452086857731047 0.53470438559452294 0.28438872075639698 0.3514126946683972 3.5508290170473629 1.0854419771640094
leaf_count=458 5174 161 249 101 239 50
internal_value=0 -0.00407346 0.00577803 -0.00684319 0.00818148 0.00240874
internal_weight=11.4632 7.01677 4.44642 5.39662 3.83522 1.62015
internal_count=6432 5486 946 5275 488 211
is_linear=0
shrinkage=0.025


Tree=219
num_leaves=6
num_cat=0
split_feature=21 27 13 7 15
split_gain=0.945032 0.501566 0.324711 0.265473 0.0448583
threshold=0.0067948610521852979 0.13674183934926989 2.2139854431152348 3.2598662376403813 2.9411590099334721
decision_type=2 2 2 2 2
left_child=4 2 -2 -3 -1
right_child=1 3 -4 -5 -6
leaf_value=-0.0071851476098503649 -0.00078512187911861098 -0.0041462932219804207 0.0091452426227291144 0.0025000308067192898 0
leaf_weight=2.1315516259346636 0.33635281442184162 2.4656409111958055 4.0688503675082757 1.935136984408018 0.072899920283816644
leaf_count=3145 208 1579 444 1022 13
internal_value=0.000195357 0.00426485 0.0077082 -0.000783625 -0.00687113
internal_weight=11.0104 8.80598 4.4052 4.40078 2.20445
internal_count=6411 3253 652 2601 3158
is_linear=0
shrinkage=0.025


Tree=220
num_leaves=7
num_cat=0
split_feature=21 7 19 12 20 18
split_gain=1.15751 0.494062 0.70203 0.220639 0.201156 0.0566327
threshold=0.95127859711647045 5.0910816192626962 0.50779852271080028 2.8753541707992558 1.4395262598991396 0.0055863142479211101
decision_type=2 2 2 2 2 2
left_child=1 2 -1 -2 -5 -3
right_child=3 5 -4 4 -6 -7
leaf_value=-0.010724532315485959 -0.00035390197538147741 0 0.0015196544609332252 0.00875683612450282 0 0.0034738877300841174
leaf_weight=3.9974307643642533 0.42922005406580854 0.2206174436432774 1.5497591533639932 3.5272562591198953 0.37630317728326179 0.42581505045382073
leaf_count=5473 83 188 278 219 125 58
internal_value=0 -0.00545014 -0.00761244 0.00647222 0.007702 0.00230819
internal_weight=10.5264 6.19362 5.54719 4.33278 3.90356 0.646432
internal_count=6424 5997 5751 427 344 246
is_linear=0
shrinkage=0.025


Tree=221
num_leaves=7
num_cat=0
split_feature=27 22 6 24 21 13
split_gain=1.0831 0.632764 0.521143 0.196646 0.168237 0.0131924
threshold=0.13674183934926989 0.78748854994773876 4.6658742427825937 0.45475338399410253 0.97734311223030101 6.1156888008117685
decision_type=2 2 2 2 2 2
left_child=2 4 3 -1 -2 -3
right_child=1 5 -4 -5 -6 -7
leaf_value=0.0087160121308112216 -0.010151973581351757 0.0022963015238358048 -0.0024510942634080393 -5.5808199270186071e-05 0 0
leaf_weight=4.0137513964000391 3.6205777916475199 1.2801340629084732 0.6960577032114087 0.21829363283904957 1.0481743893906239 0.26220671519695304
leaf_count=403 4839 110 547 347 167 50
internal_value=-0.000617119 -0.00606729 0.00521864 0.00780139 -0.00900081 0.00194971
internal_weight=11.1392 6.21109 4.9281 4.23205 4.66875 1.54234
internal_count=6463 5166 1297 750 5006 160
is_linear=0
shrinkage=0.025


Tree=222
num_leaves=7
num_cat=0
split_feature=27 5 27 24 18 24
split_gain=0.885309 0.612672 0.278006 0.254736 0.242787 0.0764302
threshold=0.17115201801061633 4.0475790500640878 0.71666583418846141 0.45475338399410253 0.33629630506038671 -5.3367252349853507
decision_type=2 2 2 2 2 2
left_child=1 3 4 -1 -2 -3
right_child=2 5 -4 -5 -6 -7
leaf_value=0.0094309501662302956 -0.0080159304178828526 0.00022933908256876328 0.0014823055037177565 -0.00028390470598297751 0 -0.0036600155333757507
leaf_weight=4.6731736494475626 3.1367723779585504 0.38669100735569351 0.36464587552472938 0.26094187731723639 1.6657343224251233 0.95734314944274956
leaf_count=427 4076 19 106 465 465 937
internal_value=0.000641803 0.00557849 -0.00453523 0.00840373 -0.00615276 -0.00225702
internal_weight=11.4453 6.27815 5.16715 4.93412 4.80251 1.34403
internal_count=6495 1848 4647 892 4541 956
is_linear=0
shrinkage=0.025


Tree=223
num_leaves=7
num_cat=0
split_feature=27 5 24 27 24 10
split_gain=0.914058 0.583736 0.454586 0.461585 0.213661 0.0435441
threshold=0.13069365173578265 4.4153571128845224 -3.7682125568389888 0.71666583418846141 0.45475338399410253 2.615546822547913
decision_type=2 2 2 2 2 2
left_child=1 4 5 -4 -1 -2
right_child=2 -3 3 -5 -6 -7
leaf_value=0.0094743311712243271 0 -0.0023765635523344286 -0.0089551342632124744 0.0017777774606940963 -3.7351300459891534e-05 0.0027992369972483812
leaf_weight=4.1508919368789066 0.18825055992783735 0.81481268371499016 4.3451443766643933 0.32485035405261431 0.21220679887483118 1.4079940463125238
leaf_count=328 46 619 4903 89 325 139
internal_value=0.00027549 0.00591326 -0.00438517 -0.00702902 0.0085713 0.00186715
internal_weight=11.4442 5.17791 6.26624 4.66999 4.3631 1.59624
internal_count=6449 1272 5177 4992 653 185
is_linear=0
shrinkage=0.025


Tree=224
num_leaves=6
num_cat=0
split_feature=21 13 26 15 15
split_gain=0.914324 0.655862 0.296826 0.0479432 0.0390505
threshold=0.0067948610521852979 2.9630731344223027 -0.88277277350425709 1.2623354792594912 2.9411590099334721
decision_type=2 2 2 2 2
left_child=4 3 -3 -2 -1
right_child=1 2 -4 -5 -6
leaf_value=-0.0070522688043106021 -0.0039340399197262971 0.0088138765893024783 0 0 0
leaf_weight=2.0960557218459157 1.1940244569050245 4.9510772156936573 2.2755589564512784 0.30431934952866857 0.078255880631331709
leaf_count=3213 963 654 1585 58 14
internal_value=0.000189589 0.00421215 0.00693203 -0.00318446 -0.00676684
internal_weight=10.8993 8.72498 7.22664 1.49834 2.17431
internal_count=6487 3260 2239 1021 3227
is_linear=0
shrinkage=0.025


Tree=225
num_leaves=6
num_cat=0
split_feature=26 12 22 22 18
split_gain=1.66208 0.495906 0.319953 0.145595 0.0787042
threshold=-1.0016046166419981 2.6012637615203862 1.1152496933937075 -0.25589592754840845 -0.48851683735847468
decision_type=2 2 2 2 2
left_child=1 -1 4 -3 -2
right_child=2 3 -4 -5 -6
leaf_value=-0.0021286709800090969 0 0 0.0003110030604986153 0.0089442186476486243 -0.010349167193022538
leaf_weight=0.61279128740716249 0.35487426774125186 0.15360217806301113 0.59899789047631191 3.5901830773655092 4.743553839634842
leaf_count=415 369 209 68 311 5070
internal_value=-0.00212325 0.00577179 -0.00862055 0.00825752 -0.00992322
internal_weight=10.054 4.35658 5.69743 3.74379 5.09843
internal_count=6442 935 5507 520 5439
is_linear=0
shrinkage=0.025


Tree=226
num_leaves=6
num_cat=0
split_feature=6 25 7 19 0
split_gain=0.887618 0.799603 0.337965 0.0871778 0.0682813
threshold=3.2778618335723881 0.73857644200325023 5.0910816192626962 -0.4291499108076095 3.5960761308670048
decision_type=2 2 2 2 2
left_child=1 3 -3 -1 -2
right_child=4 2 -4 -5 -6
leaf_value=0 0 -0.0060560989100012751 0.0021597842280055408 0.0079388486869475788 -0.0081413642491895734
leaf_weight=0.085503195281489641 0.34996926912572268 2.3483437843897268 0.6568877551544573 4.3926898778918257 2.3361493412994605
leaf_count=65 339 2908 246 594 2350
internal_value=-0.000860226 0.00313141 -0.0032522 0.00753048 -0.00759681
internal_weight=10.1695 7.48342 3.00523 4.47819 2.68612
internal_count=6502 3813 3154 659 2689
is_linear=0
shrinkage=0.025


Tree=227
num_leaves=7
num_cat=0
split_feature=6 25 7 19 22 1
split_gain=1.02543 0.893711 0.327073 0.162797 0.0978533 0.114654
threshold=3.0622291564941411 0.73857644200325023 5.0910816192626962 -0.19270475208759305 0.963395655155182 6.416534662246705
decision_type=2 2 2 2 2 2
left_child=1 3 -3 -1 5 -2
right_child=4 2 -4 -5 -6 -7
leaf_value=0 -0.0087655368482975598 -0.0058367737632997047 0.0022041767375322809 0.0092267307482444671 0 0
leaf_weight=0.22636461887304893 2.301820981720085 2.3197272415054617 0.64988633740722423 4.4046495203983795 0.44703804905293498 0.33495941771980131
leaf_count=159 2831 2706 246 408 40 78
internal_value=-5.18185e-05 0.00410874 -0.00301398 0.00851863 -0.00727818 -0.00800507
internal_weight=10.6844 7.60063 2.96961 4.63101 3.08382 2.63678
internal_count=6468 3519 2952 567 2949 2909
is_linear=0
shrinkage=0.025


Tree=228
num_leaves=7
num_cat=0
split_feature=18 19 20 13 13 16
split_gain=1.25426 0.843216 0.237916 0.19571 0.11092 0.106935
threshold=0.46297191083431249 0.53344660997390758 2.0920531749725346 2.2139854431152348 2.9630731344223027 0.65332776308059703
decision_type=2 2 2 2 2 2
left_child=1 2 -1 -2 -3 -5
right_child=3 4 -4 5 -6 -7
leaf_value=-0.010682927235439144 -0.00039305207251418218 -0.00064394275816738759 0 0.0078464831796765597 0.0041173716312521797 0
leaf_weight=4.761773443176935 0.26005488893133621 0.30288477195426811 0.33503726378330601 3.2582668990835377 1.4641582895274039 0.24874928395001905
leaf_count=5521 111 156 114 356 114 89
internal_value=-0.00104294 -0.00636613 -0.00977808 0.00604247 0.00250487 0.0072049
internal_weight=10.6309 6.86385 5.09681 3.76707 1.76704 3.50702
internal_count=6461 5905 5635 556 270 445
is_linear=0
shrinkage=0.025


Tree=229
num_leaves=7
num_cat=0
split_feature=24 27 13 13 18 16
split_gain=0.934569 0.761437 0.189685 0.181849 0.0889887 0.0622792
threshold=-3.6267998218536373 0.12888943403959277 2.2139854431152348 2.9630731344223027 -0.48851683735847468 0.57853996753692638
decision_type=2 2 2 2 2 2
left_child=3 2 -2 -1 -3 -5
right_child=1 4 -4 5 -6 -7
leaf_value=-0.00053505188911759122 -0.0019460741569287201 0 0.0039577920060605027 0.0069406916378432397 -0.010293899118214375 0
leaf_weight=0.23962153494358096 0.59999641407193882 0.33190722087601887 2.3751538688084111 2.4229983685690972 3.7735397511933115 0.29275953739852401
leaf_count=67 493 316 600 125 4728 95
internal_value=-0.00160537 -0.00587061 0.00150985 0.00509495 -0.00979763 0.00642655
internal_weight=10.036 7.0806 2.97515 2.95538 4.10545 2.71576
internal_count=6424 6137 1093 287 5044 220
is_linear=0
shrinkage=0.025


Tree=230
num_leaves=7
num_cat=0
split_feature=21 27 22 13 20 26
split_gain=0.935368 0.471063 0.381915 0.238126 0.144313 0.0502177
threshold=0.95127859711647045 0.71666583418846141 0.78748854994773876 2.2139854431152348 1.4395262598991396 -0.36019937694072718
decision_type=2 2 2 2 2 2
left_child=1 2 -1 -2 -5 -3
right_child=3 5 -4 4 -6 -7
leaf_value=-0.0089532228098462546 -0.00081031671130902681 0.0035006799923351494 0.00085223075306809285 0.0078924792505416473 0 0
leaf_weight=4.8524502952241164 0.31530305751948606 0.28413643564272206 0.82392703802906897 3.4422278628808276 0.47680002203560423 0.17704250421957102
leaf_count=5796 91 18 95 220 124 72
internal_value=0 -0.00514011 -0.00721198 0.00560728 0.00698917 0.00247191
internal_weight=10.3719 6.13756 5.67638 4.23433 3.91903 0.461179
internal_count=6416 5981 5891 435 344 90
is_linear=0
shrinkage=0.025


Tree=231
num_leaves=7
num_cat=0
split_feature=21 19 7 13 3 13
split_gain=0.663356 0.686731 0.719136 0.220774 0.162611 0.116046
threshold=0.95127859711647045 0.50779852271080028 5.0910816192626962 2.2139854431152348 1.1059364080429079 2.9630731344223027
decision_type=2 2 2 2 2 2
left_child=1 2 -1 -2 -5 -3
right_child=3 5 -4 4 -6 -7
leaf_value=-0.010781089796198857 -0.0010369829235773651 -0.00059387555901466963 0.0023283521649667314 -0.00015379174874374644 0.0069658638747772828 0.0043624763512393238
leaf_weight=3.8772371405502781 0.3526810910552739 0.29888529353047477 0.63213190819806175 0.24639363519963842 3.5378659756534034 1.4305861787215688
leaf_count=5507 92 160 249 59 296 117
internal_value=-0.000297232 -0.00457666 -0.00802816 0.00444526 0.00596712 0.00277234
internal_weight=10.3758 6.23884 4.50937 4.13694 3.78426 1.72947
internal_count=6480 6033 5756 447 355 277
is_linear=0
shrinkage=0.025


Tree=232
num_leaves=7
num_cat=0
split_feature=19 12 12 3 14 24
split_gain=0.680938 0.724741 0.430459 0.305617 0.266906 0.123107
threshold=0.19281166046857837 5.143789768218995 2.4632176160812382 1.1059364080429079 0.35254208743572241 -2.7837070226669307
decision_type=2 2 2 2 2 2
left_child=1 5 -2 -4 -3 -1
right_child=2 4 3 -5 -6 -7
leaf_value=0 -0.0018065763990136722 0.005673892749989559 -0.0007625305845394626 0.0089437052571778621 -0.0017418419407427455 -0.0085162210577809355
leaf_weight=0.36719876020652042 0.74345687406821515 1.8094340501920672 0.25875359116616881 4.4598958689712163 0.58856986730461347 3.0250448401639005
leaf_count=59 350 721 145 596 338 4241
internal_value=0.000939326 -0.00335528 0.00551711 0.00764989 0.00306185 -0.00775787
internal_weight=11.2524 5.79025 5.46211 4.71865 2.398 3.39224
internal_count=6450 5359 1091 741 1059 4300
is_linear=0
shrinkage=0.025


Tree=233
num_leaves=7
num_cat=0
split_feature=6 21 14 21 22 4
split_gain=0.805388 0.520966 0.337199 0.181007 0.123647 0.0338468
threshold=2.911378145217896 0.01910982467234135 0.42142887413501745 1.3346919417381289 0.963395655155182 3.6358540058135991
decision_type=2 2 2 2 2 2
left_child=1 5 -3 4 -2 -1
right_child=3 2 -4 -5 -6 -7
leaf_value=-0.0033052044037009502 -0.0080931980568183289 0.0088998207368820911 0 2.6543775620839788e-05 0 0
leaf_weight=0.99501259243334039 2.1977001871891853 4.0186602603389474 2.1214916241260653 0.71755766338901583 0.42766437152749848 0.11616265773773193
leaf_count=1617 3041 1079 637 61 41 1
internal_value=0 0.00425992 0.00672346 -0.005804 -0.0071897 -0.00269354
internal_weight=10.5942 7.25133 6.14015 3.34292 2.62536 1.11118
internal_count=6477 3334 1716 3143 3082 1618
is_linear=0
shrinkage=0.025


Tree=234
num_leaves=7
num_cat=0
split_feature=26 24 5 0 22 1
split_gain=0.674447 0.591076 0.380298 0.328898 0.169362 0.0485848
threshold=-0.88277277350425709 0.19651007652282718 4.0475790500640878 0.28506888449192053 1.4670578837394717 1.0000000180025095e-35
decision_type=2 2 2 2 2 2
left_child=1 2 -1 5 -5 -2
right_child=3 -3 -4 4 -6 -7
leaf_value=0.0086469930301049831 -5.8834208334792729e-05 -0.00327735946450264 -0.00085009025565251735 -0.0081348577300473079 0 0.002907711130081629
leaf_weight=4.9019788644327491 0.23111749633244505 0.90541203256725555 0.98240235558841948 2.8406631923717218 0.24428119379444968 0.13384119173861109
leaf_count=633 98 1572 456 3639 17 15
internal_value=0 0.00412922 0.00682508 -0.00510842 -0.00714731 0.00156012
internal_weight=10.2397 6.78979 5.88438 3.4499 3.08494 0.364959
internal_count=6430 2661 1089 3769 3656 113
is_linear=0
shrinkage=0.025


Tree=235
num_leaves=7
num_cat=0
split_feature=26 27 13 22 22 26
split_gain=0.857746 0.454224 0.39606 0.386355 0.112379 0.0512411
threshold=-1.0016046166419981 0.71666583418846141 2.2682034969329838 0.7440452277660371 -0.25589592754840845 -0.36019937694072718
decision_type=2 2 2 2 2 2
left_child=2 3 -1 -2 -4 -3
right_child=1 5 4 -5 -6 -7
leaf_value=-0.0017772795396086274 -0.0091814026945262368 0.0034731224253387915 0 0.00048010399283329887 0.0081322908397615749 0
leaf_weight=0.55803648537766992 4.1231259811429481 0.28629045432899147 0.130591150849796 1.3567905941163187 3.4586154068892938 0.17566280261962663
leaf_count=454 5258 20 151 185 325 83
internal_value=-6.83487e-06 -0.00503061 0.00532305 -0.00710513 0.00754661 0.00241065
internal_weight=10.0891 5.94187 4.14724 5.47992 3.58921 0.461953
internal_count=6476 5546 930 5443 476 103
is_linear=0
shrinkage=0.025


Tree=236
num_leaves=7
num_cat=0
split_feature=22 21 0 25 13 13
split_gain=0.924522 0.614654 0.606288 0.141952 0.119283 0.0903868
threshold=0.78748854994773876 1.0661486983299258 0.96086755394935619 -0.13909640908241269 2.9630731344223027 2.2139854431152348
decision_type=2 2 2 2 2 2
left_child=1 2 -1 4 -2 -3
right_child=3 5 -4 -5 -6 -7
leaf_value=0.0016422484849552773 0 -0.00054500408556774991 -0.010656363962739454 -3.8869082703371302e-05 0.0073728745770369171 0.0036507951523747696
leaf_weight=0.75011703242489591 0.28796935745049346 0.27215558968600806 4.2290466826598276 0.2904127195579348 2.6711643869493855 1.4103088762858531
leaf_count=311 55 68 5694 94 131 108
internal_value=-0.00067896 -0.00532735 -0.00828275 0.00554594 0.0065594 0.00213684
internal_weight=9.91117 6.66163 4.97916 3.24955 2.95913 1.68246
internal_count=6461 6181 6005 280 186 176
is_linear=0
shrinkage=0.025


Tree=237
num_leaves=7
num_cat=0
split_feature=6 25 27 21 24 19
split_gain=0.74147 0.597072 0.244728 0.169786 0.114377 0.108901
threshold=3.2778618335723881 0.73857644200325023 0.09194567054510118 1.8595926761627199 -5.3367252349853507 -0.4291499108076095
decision_type=2 2 2 2 2 2
left_child=1 5 -3 4 -2 -1
right_child=3 2 -4 -5 -6 -7
leaf_value=0 0 0.0022603719286333306 -0.0044090464198369627 0.00021975935267727988 -0.0074412393984610763 0.0084712318759641008
leaf_weight=0.063779096264624857 0.30108747590566109 0.90875586681067977 2.3163455777576019 0.53128941945033137 1.9864158669151948 4.5276521585619776
leaf_count=62 23 57 3077 28 2582 591
internal_value=0.000717467 0.00452089 -0.00153823 -0.00517654 -0.00657837 0.00801176
internal_weight=10.6353 7.81653 3.2251 2.81879 2.2875 4.59143
internal_count=6420 3787 3134 2633 2605 653
is_linear=0
shrinkage=0.025


Tree=238
num_leaves=6
num_cat=0
split_feature=21 6 26 26 22
split_gain=0.758645 0.526475 0.299796 0.101646 0.0442839
threshold=0.0067948610521852979 3.3511469364166264 -0.84902614355087269 -1.0072752833366392 0.86549249291419994
decision_type=2 2 2 2 2
left_child=4 2 -2 -3 -1
right_child=1 3 -4 -5 -6
leaf_value=-0.0061412235564070093 0.0086546981955988572 0.00042443278514995794 0 -0.0039901391274778809 0
leaf_weight=1.8213956098588835 4.8471289309673002 0.97982242300349753 1.6281598262576142 0.94606705568367011 0.26453415828291316
leaf_count=3121 627 309 1392 906 26
internal_value=0.000754695 0.0043483 0.00692443 -0.00215678 -0.00569216
internal_weight=10.4871 8.40118 6.47529 1.92589 2.08593
internal_count=6381 3234 2019 1215 3147
is_linear=0
shrinkage=0.025


Tree=239
num_leaves=7
num_cat=0
split_feature=6 25 14 25 2 6
split_gain=0.893946 0.682779 0.314116 0.23187 0.0813613 0.0258672
threshold=3.0438868999481206 0.73857644200325023 0.14182612299919131 -4.2199261188507071 1.594282925128937 4.1751887798309335
decision_type=2 2 2 2 2 2
left_child=1 4 -3 5 -1 -2
right_child=3 2 -4 -5 -6 -7
leaf_value=0 0.0016594720692760046 0.0023612763871767133 -0.0053814859422967034 -0.0079323909250876411 0.008584069423264817 -0.00040003006704889362
leaf_weight=0.079518213082337641 0.62688296529813703 0.96130282218655372 1.8233462797870741 2.1938467802501691 4.4166220068655093 0.24139755514624994
leaf_count=52 38 1260 1662 2874 515 51
internal_value=0 0.00451918 -0.00210587 -0.00617994 0.00822887 0.000168864
internal_weight=10.3429 7.28079 2.78465 3.06213 4.49614 0.868281
internal_count=6452 3489 2922 2963 567 89
is_linear=0
shrinkage=0.025


Tree=240
num_leaves=6
num_cat=0
split_feature=21 6 14 26 19
split_gain=0.579079 0.402295 0.307203 0.0867615 0.0338115
threshold=0.01910982467234135 3.3511469364166264 0.42142887413501745 -1.0072752833366392 0.79722976684570324
decision_type=2 2 2 2 2
left_child=4 2 -2 -3 -1
right_child=1 3 -4 -5 -6
leaf_value=-0.0061438028936600777 0.0077726609796505385 0.00021926264018745124 -9.5326310574126938e-05 -0.0038383085520614078 0
leaf_weight=1.8177527883599407 3.8677918361026951 0.98431130186509108 2.3057072458723269 0.92419783492368857 0.28938131203176443
leaf_count=3160 1259 319 721 897 72
internal_value=0 0.00309992 0.00554705 -0.00219682 -0.00576507
internal_weight=10.1891 8.08201 6.1735 1.90851 2.10713
internal_count=6428 3196 1980 1216 3232
is_linear=0
shrinkage=0.025


Tree=241
num_leaves=7
num_cat=0
split_feature=6 21 14 22 21 6
split_gain=0.761182 0.478323 0.294787 0.289041 0.19578 0.0173612
threshold=2.5711821317672734 0.01910982467234135 0.36995439231395727 0.86549249291419994 1.3346919417381289 3.3197416067123418
decision_type=2 2 2 2 2 2
left_child=1 -1 -3 4 -2 -5
right_child=3 2 -4 5 -6 -7
leaf_value=-0.002461946017638399 -0.0085226864022015809 0.0090709389209470154 0 0.0016553404261402248 0 0
leaf_weight=0.78325389390010958 2.4288217749963228 3.2960660319586168 1.8512299217982215 0.66578944495267922 0.7217155614926013 0.2625205957738217
leaf_count=1310 3551 850 604 32 61 55
internal_value=0 0.00463157 0.00700814 -0.00515501 -0.00715483 0.000887966
internal_weight=10.0094 5.93055 5.1473 4.07885 3.15054 0.92831
internal_count=6463 2764 1454 3699 3612 87
is_linear=0
shrinkage=0.025


Tree=242
num_leaves=7
num_cat=0
split_feature=26 6 13 15 21 22
split_gain=0.725166 0.385082 0.300132 0.350513 0.149959 0.129305
threshold=-1.0072752833366392 4.6658742427825937 4.0086710453033456 0.17064511030912402 0.17925047874450686 0.78748854994773876
decision_type=2 2 2 2 2 2
left_child=1 4 5 -4 -1 -2
right_child=2 -3 3 -5 -6 -7
leaf_value=0 -0.0077307406237232014 -0.001571663605982844 0.0045449018853281793 -0.0033748099934331382 0.0086495622621957074 0
leaf_weight=0.23584229403059032 2.0407585435350488 0.52244789607357223 1.9827391931030436 1.6621108582330633 3.3124897190646152 0.53155892492941337
leaf_count=208 3089 452 1150 1250 230 58
internal_value=0.000296224 0.00576184 -0.00369841 0.000347317 0.00786046 -0.00670049
internal_weight=10.2879 4.07078 6.21717 3.64485 3.54833 2.57232
internal_count=6437 890 5547 2400 438 3147
is_linear=0
shrinkage=0.025


Tree=243
num_leaves=6
num_cat=0
split_feature=6 26 27 22 22
split_gain=0.876839 0.572746 0.269824 0.215547 0.164119
threshold=2.8394842147827153 -0.84902614355087269 0.71666583418846141 0.91645777225494396 -0.098699886351823793
decision_type=2 2 2 2 2
left_child=1 4 -3 -2 -1
right_child=3 2 -4 -5 -6
leaf_value=0 -0.0081844447740956599 -0.0050563186009240351 0.0022683715138427465 6.3187220424109605e-05 0.0081682984321287035
leaf_weight=0.19919856075648557 2.3841646394066633 1.8666351561842023 0.47518331033643324 0.66556032032531209 4.1959806961276627
leaf_count=340 3206 2301 105 59 462
internal_value=-3.98481e-05 0.00400342 -0.00218613 -0.00668685 0.00737487
internal_weight=9.78672 6.737 2.34182 3.04972 4.39518
internal_count=6473 3208 2406 3265 802
is_linear=0
shrinkage=0.025


Tree=244
num_leaves=6
num_cat=0
split_feature=21 6 4 26 22
split_gain=0.797036 0.487739 0.274692 0.167929 0.0382619
threshold=0.01910982467234135 2.911378145217896 -0.41353613138198847 -1.0072752833366392 0.86549249291419994
decision_type=2 2 2 2 2
left_child=4 2 -2 -3 -1
right_child=1 3 -4 -5 -6
leaf_value=-0.0062566178148284329 -0.00046630694044787473 0.0012574518870420905 0.0083183121319161998 -0.0043518070082576342 0
leaf_weight=1.8618998092460981 0.58282626861182496 1.3712639340083117 5.3643343984986114 1.0400271863836676 0.26936721213860426
leaf_count=3230 149 337 1530 1154 32
internal_value=0.000714266 0.00442319 0.00706671 -0.00162232 -0.00585775
internal_weight=10.4897 8.35845 5.94716 2.41129 2.13127
internal_count=6432 3170 1679 1491 3262
is_linear=0
shrinkage=0.025


Tree=245
num_leaves=7
num_cat=0
split_feature=26 13 27 22 22 26
split_gain=0.91883 0.54554 0.48802 0.19415 0.188589 0.0502735
threshold=-0.93772077560424794 2.2139854431152348 0.71666583418846141 1.3145634531974795 -0.098699886351823793 -0.36019937694072718
decision_type=2 2 2 2 2 2
left_child=1 -1 3 -2 -3 -4
right_child=2 4 5 -5 -6 -7
leaf_value=-0.0025849949494828554 -0.0087872466489853033 0 0.0034379033148117101 0 0.0086135289266405304 0
leaf_weight=0.72978520661854407 3.7224338318847003 0.37824574584374193 0.28367625616374426 0.30556066839199036 4.6590269179432653 0.16695930922287505
leaf_count=640 4574 540 19 31 578 78
internal_value=0 0.00524399 -0.00541739 -0.00782058 0.0077236 0.0023859
internal_weight=10.2457 5.76706 4.47863 4.02799 5.03727 0.450636
internal_count=6460 1758 4702 4605 1118 97
is_linear=0
shrinkage=0.025


Tree=246
num_leaves=7
num_cat=0
split_feature=17 22 13 23 23 18
split_gain=0.875843 0.950538 0.329762 0.231788 0.197121 0.0555799
threshold=0.47964549064636236 0.82463103532791149 3.4533895254135136 -5.744278907775878 -7.2586274147033683 0.5380009412765504
decision_type=2 2 2 2 2 2
left_child=1 4 5 -4 -1 -2
right_child=2 -3 3 -5 -6 -7
leaf_value=0 -0.0028004125454737152 0.0032004776529161896 -0.00041155216450788321 0.0080672255944586272 -0.010884903986290377 0.00031432704727929657
leaf_weight=0.22080756560899306 0.6741377468279095 1.5880274448863927 0.33739757516013913 3.4001277761599344 3.3933182422915711 0.43489260343631031
leaf_count=52 528 118 158 406 5144 29
internal_value=-0.000525583 -0.00581219 0.00458409 0.00678901 -0.0100569 -0.00129834
internal_weight=10.0487 5.20215 4.84656 3.73753 3.61413 1.10903
internal_count=6435 5314 1121 564 5196 557
is_linear=0
shrinkage=0.025


Tree=247
num_leaves=7
num_cat=0
split_feature=6 25 27 19 24 15
split_gain=0.748631 0.509754 0.294122 0.0912089 0.0705329 0.0815421
threshold=3.2778618335723881 0.73857644200325023 0.09194567054510118 -0.4291499108076095 -5.3367252349853507 1.2623354792594912
decision_type=2 2 2 2 2 2
left_child=1 3 -3 -1 -2 -6
right_child=4 2 -4 -5 5 -7
leaf_value=0 0 0.0027209443776678127 -0.0046556738584717971 0.008014667483217339 -0.0068642470549884083 0
leaf_weight=0.083964489131176268 0.32116377883357961 0.93314363722311133 2.1140518798747507 4.3395113398728427 1.9397875173635841 0.33079497246217204
leaf_count=67 25 57 3093 602 2522 133
internal_value=0.000420787 0.0043743 -0.001333 0.00759034 -0.00552737 -0.00616154
internal_weight=10.0624 7.47067 3.0472 4.42348 2.59175 2.27058
internal_count=6499 3819 3150 669 2680 2655
is_linear=0
shrinkage=0.025


Tree=248
num_leaves=7
num_cat=0
split_feature=26 22 6 21 18 20
split_gain=0.989477 0.632999 0.354575 0.12123 0.11789 0.0238349
threshold=-1.0016046166419981 0.7440452277660371 4.6658742427825937 -0.15830024331808087 0.46297191083431249 1.5977012515068056
decision_type=2 2 2 2 2 2
left_child=2 4 3 -1 -2 -3
right_child=1 5 -4 -5 -6 -7
leaf_value=0 -0.010097323389064604 0.0023630775721627554 -0.0016799133775923913 0.0077697746335886487 0 0
leaf_weight=0.15050654691731358 3.5540212783453171 1.4006327946517556 0.54690246839527379 3.245836570822576 0.71545142153627228 0.24683722929330532
leaf_count=141 5135 117 475 321 282 77
internal_value=-0.00119783 -0.00622967 0.00491532 0.00708966 -0.00928105 0.00177082
internal_weight=9.86019 5.91694 3.94325 3.39634 4.26947 1.64747
internal_count=6548 5611 937 462 5417 194
is_linear=0
shrinkage=0.025


Tree=249
num_leaves=6
num_cat=0
split_feature=6 26 27 24 21
split_gain=0.679772 0.635479 0.279296 0.20438 0.190411
threshold=3.2778618335723881 -0.88277277350425709 0.71666583418846141 0.45475338399410253 1.8595926761627199
decision_type=2 2 2 2 2
left_child=1 3 -3 -1 -2
right_child=4 2 -4 -5 -6
leaf_value=0.0083833843893726823 -0.0071524194532073607 -0.0050311022653999676 0.0023263265939141072 -0.00017015438014197291 0.00023929728532585373
leaf_weight=4.3043604312697425 2.2625301786829373 2.4216139543714239 0.46237517154077057 0.23576294301528822 0.52472995757125307
leaf_count=440 2637 2863 92 385 28
internal_value=0 0.00372095 -0.00233151 0.0074277 -0.0056981
internal_weight=10.2114 7.42411 2.88399 4.54012 2.78726
internal_count=6445 3780 2955 825 2665
is_linear=0
shrinkage=0.025


Tree=250
num_leaves=5
num_cat=0
split_feature=6 25 7 19
split_gain=0.805241 0.617895 0.310759 0.117085
threshold=3.2028585672378544 0.73857644200325023 5.0910816192626962 -0.19270475208759305
decision_type=2 2 2 2
left_child=1 3 -3 -1
right_child=-2 2 -4 -5
leaf_value=0 -0.0075959873798777146 -0.0056614162801449323 0.0021922428359727815 0.0075091644778176635
leaf_weight=0.25590052049665235 2.28006471792105 2.1073266065577632 0.62672064946673334 3.8254299866930523
leaf_count=174 2759 2840 245 450
internal_value=-0.00105462 0.00289318 -0.00279962 0.0068367
internal_weight=9.09544 6.81538 2.73405 4.08133
internal_count=6468 3709 3085 624
is_linear=0
shrinkage=0.025


Tree=251
num_leaves=7
num_cat=0
split_feature=27 6 27 25 24 26
split_gain=0.565116 0.399148 0.344861 0.297979 0.178309 0.0508564
threshold=0.13674183934926989 4.6658742427825937 0.71666583418846141 0.73857644200325023 0.19651007652282718 -0.36019937694072718
decision_type=2 2 2 2 2 2
left_child=1 4 3 -2 -1 -4
right_child=2 -3 5 -5 -6 -7
leaf_value=0.0079996296480256308 0 -0.0019889018034821089 0.0034300803810606698 -0.0083528752956826199 -6.1156761076823791e-05 0
leaf_weight=3.7493518564333503 2.7530970654152043 0.60643976135543187 0.28041638173453975 2.2220678086778207 0.21953538378875226 0.17680232887505543
leaf_count=397 1034 543 18 4017 392 78
internal_value=0.000173175 0.00480628 -0.00356321 -0.00564306 0.00707137 0.00235793
internal_weight=10.0077 4.57533 5.43238 4.97516 3.96889 0.457219
internal_count=6479 1332 5147 5051 789 96
is_linear=0
shrinkage=0.025


Tree=252
num_leaves=6
num_cat=0
split_feature=13 25 7 19 1
split_gain=0.675959 0.583405 0.263198 0.0711255 0.0558699
threshold=2.9630731344223027 0.41873282194137579 5.0910816192626962 -0.4291499108076095 6.416534662246705
decision_type=2 2 2 2 2
left_child=4 3 -3 -2 -1
right_child=1 2 -4 -5 -6
leaf_value=-0.0068273606686436762 0 -0.0047541494019713209 0.0022517653728095447 0.0074483699849957896 0
leaf_weight=1.7599738257158608 0.064786897724843473 2.6704362321797821 0.61142994229885506 4.2658475658136012 0.36286784531330329
leaf_count=2076 91 3320 242 641 84
internal_value=0 0.00335884 -0.0021228 0.00709428 -0.00627183
internal_weight=9.73534 7.6125 3.28187 4.33063 2.12284
internal_count=6454 4294 3562 732 2160
is_linear=0
shrinkage=0.025


Tree=253
num_leaves=7
num_cat=0
split_feature=26 26 22 6 21 26
split_gain=0.773326 0.408422 0.407422 0.341656 0.122174 0.0448149
threshold=-1.0016046166419981 -0.39578501880168909 0.7440452277660371 4.6658742427825937 -0.15830024331808087 -0.36019937694072718
decision_type=2 2 2 2 2 2
left_child=3 2 -2 4 -1 -3
right_child=1 5 -4 -5 -6 -7
leaf_value=0 -0.0089792740534046147 0.0032808016297571139 0.00064789813546388484 -0.0014738001798399736 0.0079896006080759311 0
leaf_weight=0.14883986853237763 3.7500723298508092 0.29975429854675895 1.4806149882897441 0.50548181144768012 3.3641539802374609 0.15424616189557117
leaf_count=145 5262 27 196 464 329 74
internal_value=0 -0.00461281 -0.00665845 0.00532766 0.0073313 0.00230731
internal_weight=9.70316 5.68469 5.23069 4.01848 3.51299 0.454
internal_count=6497 5559 5458 938 474 101
is_linear=0
shrinkage=0.025


Tree=254
num_leaves=7
num_cat=0
split_feature=26 25 6 20 18 21
split_gain=0.86912 0.395855 0.37144 0.121634 0.116957 0.11082
threshold=-1.0016046166419981 0.73857644200325023 4.6658742427825937 -0.11097141355276106 1.2024145126342776 -0.15830024331808087
decision_type=2 2 2 2 2 2
left_child=2 3 5 -2 -3 -1
right_child=1 4 -4 -5 -6 -7
leaf_value=0 -0.002139260953367804 -0.009224689394640443 -0.0017347378252402037 0.0025843939618121338 0 0.0078593507776986531
leaf_weight=0.13753282753532436 0.74405286375622415 2.5049954238129435 0.55412311417239823 2.4559807266377902 0.12198335677385319 3.3069020266666489
leaf_count=142 525 4363 472 665 1 318
internal_value=-0.000479473 -0.00542116 0.00503819 8.91659e-05 -0.00861103 0.00724991
internal_weight=9.82557 5.82701 3.99856 3.20003 2.62698 3.44443
internal_count=6486 5554 932 1190 4364 460
is_linear=0
shrinkage=0.025


Tree=255
num_leaves=7
num_cat=0
split_feature=21 19 27 13 13 3
split_gain=0.618381 0.58567 0.516878 0.189105 0.174907 0.163499
threshold=0.95127859711647045 0.34453327953815466 0.71666583418846141 2.9630731344223027 2.2139854431152348 1.1808076500892641
decision_type=2 2 2 2 2 2
left_child=1 2 -1 -3 -2 -6
right_child=4 3 -4 -5 5 -7
leaf_value=-0.0094994884943042056 -0.00042777257782503547 -0.0014338088035482292 0.0020003639127122671 0.0047238785832816755 -7.7866146956744289e-05 0.00737115887410884
leaf_weight=3.4240271570270129 0.26248003236833062 0.46041775513367644 0.28939234137942538 1.8125397255280402 0.2190408447349913 3.4660051186838245
leaf_count=5493 85 282 80 221 58 282
internal_value=0.000144364 -0.00353536 -0.0072524 0.002489 0.00528042 0.00641884
internal_weight=9.9339 5.98638 3.71342 2.27296 3.94753 3.68505
internal_count=6501 6076 5573 503 425 340
is_linear=0
shrinkage=0.025


Tree=256
num_leaves=7
num_cat=0
split_feature=22 21 20 2 13 6
split_gain=1.10349 0.537683 0.169294 0.112004 0.0920457 0.080763
threshold=0.78748854994773876 1.0085228681564333 2.0920531749725346 4.0011610984802255 2.9630731344223027 -0.1439823433756828
decision_type=2 2 2 2 2 2
left_child=1 2 -1 -3 -2 -6
right_child=4 3 -4 -5 5 -7
leaf_value=-0.010433600038787887 0 0.0032645731888467757 0 -0.0013874449454312461 0 0.006399382529520499
leaf_weight=4.2842222608378506 0.28792565807816606 1.2174875962373333 0.22271444452417188 0.37156952077930316 0.26778651203494597 2.435096130950114
leaf_count=5890 61 106 100 110 68 145
internal_value=-0.00241587 -0.00720127 -0.00975603 0.00100085 0.00495862 0.00574242
internal_weight=9.0868 6.09599 4.50694 1.58906 2.99081 2.70288
internal_count=6480 6206 5990 216 274 213
is_linear=0
shrinkage=0.025


Tree=257
num_leaves=7
num_cat=0
split_feature=26 22 27 6 17 3
split_gain=0.704941 0.431206 0.457136 0.384605 0.0998062 0.0404975
threshold=-0.99881544709205616 0.78748854994773876 0.71666583418846141 4.6658742427825937 -0.2627278715372085 4.1432297229766855
decision_type=2 2 2 2 2 2
left_child=3 2 -2 4 -1 -3
right_child=1 5 -4 -5 -6 -7
leaf_value=0 -0.0087245837038107243 0.002831040074932397 0.0018666409793392427 -0.0016578818145490855 0.0081837446571842009 0
leaf_weight=0.17677664773509638 3.9364367947528081 1.3177226098050594 0.31130582239711646 0.54436037917548663 3.3509976787754567 0.22382861269943521
leaf_count=94 5260 127 87 480 390 44
internal_value=4.86841e-05 -0.00395591 -0.00668297 0.00547335 0.00763352 0.00196756
internal_weight=9.86143 5.78929 4.24774 4.07213 3.52777 1.54155
internal_count=6482 5518 5347 964 484 171
is_linear=0
shrinkage=0.025


Tree=258
num_leaves=7
num_cat=0
split_feature=21 27 19 5 16 27
split_gain=0.650341 0.435497 0.46599 0.206683 0.151261 0.0407793
threshold=0.95127859711647045 0.71666583418846141 0.34453327953815466 4.0100378990173349 0.71125736832618724 0.75264418125152599
decision_type=2 2 2 2 2 2
left_child=1 2 -1 4 -2 -3
right_child=3 5 -4 -5 -6 -7
leaf_value=-0.0094907764908019766 0.0071350785764197761 0.0033725538844887396 0.00064528667003666061 -0.00085344720528024583 0 0
leaf_weight=3.2257374393084319 3.0796397644553517 0.28497063388931554 1.8184910852287428 0.33010710403323162 0.45971090205421195 0.14668471149343532
leaf_count=5408 199 24 501 89 139 66
internal_value=0 -0.00452992 -0.00671219 0.00464656 0.00609079 0.0025248
internal_weight=9.34534 5.47588 5.04423 3.86946 3.53935 0.431655
internal_count=6426 5999 5909 427 338 90
is_linear=0
shrinkage=0.025


Tree=259
num_leaves=7
num_cat=0
split_feature=6 26 22 26 22 16
split_gain=0.662821 0.44791 0.284496 0.253369 0.178612 0.0243094
threshold=2.9642271995544438 -0.79746627807617176 0.034168725833296783 -0.39578501880168909 0.91645777225494396 -1.1992939114570615
decision_type=2 2 2 2 2 2
left_child=1 2 -1 -3 5 -2
right_child=4 3 -4 -5 -6 -7
leaf_value=-0.00063032056830076828 0 -0.0049433083527363458 0.0081904017227697624 0.0022428364606666587 0.0002038038986632918 -0.0070919710997095504
leaf_weight=0.54679129498617829 0.3626955993568125 1.3575225959684756 4.2160388584670727 0.46370583785756014 0.61049132473999623 2.0320835368402186
leaf_count=894 46 1949 401 103 52 2992
internal_value=0 0.00401965 0.00673338 -0.00189453 -0.00532616 -0.00676569
internal_weight=9.58933 6.58406 4.76283 1.82123 3.00527 2.39478
internal_count=6437 3347 1295 2052 3090 3038
is_linear=0
shrinkage=0.025


Tree=260
num_leaves=7
num_cat=0
split_feature=6 25 7 21 24 1
split_gain=0.652939 0.553502 0.25234 0.160613 0.0879493 0.0735612
threshold=3.2778618335723881 0.73857644200325023 5.0910816192626962 1.8595926761627199 -5.3367252349853507 1.7375270724296572
decision_type=2 2 2 2 2 2
left_child=1 5 -3 4 -2 -1
right_child=3 2 -4 -5 -6 -7
leaf_value=0 0 -0.0044674767750489276 0.0024323258946822683 0.00025057211440641654 -0.0069895544634698608 0.0080489024822397361
leaf_weight=0.074829951874562428 0.30121113674249556 2.2779854963082475 0.57651427398377553 0.50769183191005129 1.8481111022410914 4.3750929523557716
leaf_count=59 22 2870 231 25 2630 596
internal_value=0.000705613 0.00437937 -0.00161695 -0.00484244 -0.00625356 0.00770757
internal_weight=9.96144 7.30442 2.8545 2.65701 2.14932 4.44992
internal_count=6433 3756 3101 2677 2652 655
is_linear=0
shrinkage=0.025


Tree=261
num_leaves=7
num_cat=0
split_feature=13 15 21 21 25 25
split_gain=0.636753 0.530121 0.346023 0.332904 0.147192 0.0478003
threshold=4.1058831214904794 0.34662917256355291 0.01910982467234135 1.2085964083671572 -4.8997793197631827 -1.1371899247169492
decision_type=2 2 2 2 2 2
left_child=3 2 -2 4 -1 -3
right_child=1 5 -4 -5 -6 -7
leaf_value=0 -0.00088813339770390349 0 0.009112915992135406 0.0012521057858693517 -0.0079211320471033551 -0.003383773824338741
leaf_weight=0.44472786594633396 0.41849260415983724 0.26634207295137458 3.6571206988483027 1.2353539549876584 2.5801230660363217 0.84318454256208475
leaf_count=50 859 27 853 100 3949 658
internal_value=0 0.00456924 0.00747379 -0.0044736 -0.00691399 -0.00246188
internal_weight=9.44534 5.18514 4.07561 4.2602 3.02485 1.10953
internal_count=6496 2397 1712 4099 3999 685
is_linear=0
shrinkage=0.025


Tree=262
num_leaves=6
num_cat=0
split_feature=21 13 14 18 16
split_gain=0.72754 0.467748 0.253182 0.0590861 0.0282829
threshold=0.0067948610521852979 2.9630731344223027 0.44003073871135717 0.5380009412765504 1.3389987945556643
decision_type=2 2 2 2 2
left_child=4 3 -3 -2 -1
right_child=1 2 -4 -5 -6
leaf_value=-0.0056326709068136478 -0.0032539438366609736 0.0087107326258253816 0 0 0
leaf_weight=1.6248816351471767 0.81531917797474107 4.3923125293003977 2.3101354712161992 0.71982987198134651 0.16729948358988611
leaf_count=3086 869 1506 762 145 69
internal_value=0.0012773 0.004654 0.00688306 -0.00194193 -0.00532381
internal_weight=10.0298 8.2376 6.70245 1.53515 1.79218
internal_count=6437 3282 2268 1014 3155
is_linear=0
shrinkage=0.025


Tree=263
num_leaves=5
num_cat=0
split_feature=22 6 26 19
split_gain=0.835821 0.397989 0.406317 0.0183967
threshold=0.034168725833296783 4.1044580936431894 -0.79746627807617176 0.34453327953815466
decision_type=2 2 2 2
left_child=3 2 -2 -1
right_child=1 -3 -4 -5
leaf_value=-0.0073923850235129143 0.0076553420491640954 -0.002682927124235636 -0.0013130638375329403 0
leaf_weight=2.1850670508792978 5.1348881746962434 0.71050380664382817 1.2346652733467633 0.19257005921463122
leaf_count=4441 758 424 673 147
internal_value=-0.000359622 0.00344193 0.00555427 -0.00718766
internal_weight=9.45769 7.08006 6.36955 2.37764
internal_count=6443 1855 1431 4588
is_linear=0
shrinkage=0.025


Tree=264
num_leaves=7
num_cat=0
split_feature=27 13 27 21 22 26
split_gain=0.564214 0.363315 0.283073 0.172096 0.155003 0.0384124
threshold=0.13069365173578265 2.2139854431152348 0.71666583418846141 0.17925047874450686 0.78748854994773876 -0.36019937694072718
decision_type=2 2 2 2 2 2
left_child=1 -1 4 -3 -2 -4
right_child=2 3 5 -5 -6 -7
leaf_value=-0.0018668185008444754 -0.0069455513130696218 0 0.0028009476861599941 0.0078379367868624834 0 0
leaf_weight=0.57866337235464005 3.6439920742195682 0.37808411087826277 0.15118404787790496 3.2727889518318989 0.89605294552166004 0.16909656707139209
leaf_count=532 4935 401 18 330 138 74
internal_value=0 0.00457328 -0.00402319 0.00680551 -0.00579266 0.00175598
internal_weight=9.08986 4.22954 4.86033 3.65087 4.54005 0.320281
internal_count=6428 1263 5165 731 5073 92
is_linear=0
shrinkage=0.025


Tree=265
num_leaves=7
num_cat=0
split_feature=6 25 14 24 21 1
split_gain=0.600694 0.461725 0.288825 0.150261 0.174656 0.0742882
threshold=2.9642271995544438 0.73857644200325023 0.14182612299919131 -5.3367252349853507 1.8595926761627199 1.7375270724296572
decision_type=2 2 2 2 2 2
left_child=1 5 -3 -2 -5 -1
right_child=3 2 -4 4 -6 -7
leaf_value=0 0.0002928691568109058 0.0026630565239215121 -0.0047526466250892418 -0.0072081186417649688 9.4719624442287536e-05 0.0077577133680025211
leaf_weight=0.082049702759832033 0.47519978496711734 0.88647610380576258 1.7334405152214456 1.9880804635904499 0.49700731184566382 4.0032345840554626
leaf_count=63 29 1237 1649 3026 26 473
internal_value=0.000597747 0.00433679 -0.00132228 -0.00449063 -0.00582495 0.00738432
internal_weight=9.66549 6.7052 2.61992 2.96029 2.48509 4.08528
internal_count=6503 3422 2886 3081 3052 536
is_linear=0
shrinkage=0.025


Tree=266
num_leaves=7
num_cat=0
split_feature=25 13 27 0 26 0
split_gain=0.603155 0.570878 0.38911 0.105939 0.0899265 0.0402554
threshold=0.48586350679397589 2.9630731344223027 0.71666583418846141 7.3229739665985116 -0.84902614355087269 3.5960761308670048
decision_type=2 2 2 2 2 2
left_child=1 5 3 -2 -3 -1
right_child=2 4 -4 -5 -6 -7
leaf_value=0 -0.0082503901475261317 0.0074626782625612622 0.0018769849029489428 0 0 -0.0038339889200880795
leaf_weight=0.25744818690509397 2.9171676760524869 3.621568780545203 0.29939002062019415 0.16077084768767225 0.62805473756088792 0.93876562377045047
leaf_count=70 4764 440 85 19 316 681
internal_value=-0.000187948 0.00351802 -0.00544287 -0.00764968 0.00677006 -0.00316674
internal_weight=8.82317 5.44584 3.37733 3.07794 4.24962 1.19621
internal_count=6375 1507 4868 4783 756 751
is_linear=0
shrinkage=0.025


Tree=267
num_leaves=6
num_cat=0
split_feature=21 6 4 20 15
split_gain=0.608217 0.422637 0.214254 0.0439218 0.0268735
threshold=0.0067948610521852979 3.3511469364166264 -0.41353613138198847 0.60944369435310375 2.9411590099334721
decision_type=2 2 2 2 2
left_child=4 2 -2 -3 -1
right_child=1 3 -4 -5 -6
leaf_value=-0.0058356129455952484 -0.00034352102360372895 -0.0030046662039716725 0.0071899056493973578 0 0
leaf_weight=1.6637118307262424 0.57178073592513001 1.2623902154300592 5.4231954362949191 0.45234397869353404 0.062143516784999409
leaf_count=3158 162 1072 1876 144 13
internal_value=0.000187626 0.00366276 0.00607348 -0.00208126 -0.0055895
internal_weight=9.43557 7.70971 5.99498 1.71473 1.72586
internal_count=6425 3254 2038 1216 3171
is_linear=0
shrinkage=0.025


Tree=268
num_leaves=7
num_cat=0
split_feature=26 13 23 6 24 21
split_gain=0.55379 0.418609 0.467726 0.318189 0.163846 0.0874603
threshold=-1.0016046166419981 4.5953121185302743 -2.4639186859130855 4.6658742427825937 -3.7682125568389888 -0.15830024331808087
decision_type=2 2 2 2 2 2
left_child=3 4 -3 5 -2 -1
right_child=1 2 -4 -5 -6 -7
leaf_value=0 0 -0.0038606907708658936 0.005658594268192943 -0.0014382863905147106 -0.008158682254731469 0.0075375138017813263
leaf_weight=0.11609160463922341 0.67332002582043093 0.72375019489481962 1.960597975656128 0.49900123874976987 2.1931798305049597 3.0550579543596545
leaf_count=138 87 735 810 468 3866 317
internal_value=0 -0.0035187 0.00143663 0.00498535 -0.00691729 0.00702262
internal_weight=9.221 5.55085 2.68435 3.67015 2.8665 3.17115
internal_count=6421 5498 1545 923 3953 455
is_linear=0
shrinkage=0.025


Tree=269
num_leaves=6
num_cat=0
split_feature=6 27 27 21 24
split_gain=0.588895 0.507102 0.236483 0.181809 0.170118
threshold=3.2778618335723881 0.22468997538089755 0.71666583418846141 1.8595926761627199 0.45475338399410253
decision_type=2 2 2 2 2
left_child=1 4 -3 -2 -1
right_child=3 2 -4 -5 -6
leaf_value=0.0079507337133543701 -0.0066412652699613488 -0.0044358132600568617 0.0022797989089672756 0.00036054985983380701 -5.8356379392764277e-06
leaf_weight=4.1192619707981066 1.8935569296008909 2.2978772434253192 0.45571643311996002 0.48520920734154049 0.20912610460436543
leaf_count=456 2640 2833 97 22 384
internal_value=0.00017192 0.00383135 -0.00176487 -0.0050895 0.00709924
internal_weight=9.46075 7.08198 2.75359 2.37877 4.32839
internal_count=6432 3770 2930 2662 840
is_linear=0
shrinkage=0.025


Tree=270
num_leaves=7
num_cat=0
split_feature=26 6 27 25 21 26
split_gain=0.524585 0.338266 0.335617 0.399829 0.140723 0.0449869
threshold=-0.99881544709205616 4.6658742427825937 0.71666583418846141 0.41873282194137579 0.17925047874450686 -0.36019937694072718
decision_type=2 2 2 2 2 2
left_child=1 4 3 -2 -1 -4
right_child=2 -3 5 -5 -6 -7
leaf_value=0 0.00026035462452110396 -0.0015707108692013185 0.0034016970386625124 -0.008620503278119751 0.0079189481220048874 0
leaf_weight=0.22650689918737121 2.8875371248323063 0.51867035691248009 0.27074002097651828 2.2794585267765797 2.9602723159368907 0.14978307536512137
leaf_count=226 1037 461 17 4395 236 74
internal_value=0.000140263 0.00495149 -0.00329163 -0.00535547 0.00708742 0.00246266
internal_weight=9.29297 3.70545 5.58752 5.167 3.18678 0.420523
internal_count=6446 923 5523 5432 462 91
is_linear=0
shrinkage=0.025


Tree=271
num_leaves=7
num_cat=0
split_feature=26 27 22 5 22 26
split_gain=0.569312 0.370688 0.357537 0.281169 0.109504 0.0498555
threshold=-1.0016046166419981 0.71666583418846141 0.7440452277660371 4.728438377380372 -0.098699886351823793 -0.36019937694072718
decision_type=2 2 2 2 2 2
left_child=3 2 -2 4 -1 -3
right_child=1 5 -4 -5 -6 -7
leaf_value=0 -0.0083327306145561698 0.0033659863519073987 0.0006466162464001617 -0.0013404933966897825 0.0072458725705130261 0
leaf_weight=0.14353796598879931 3.6200521025493799 0.27606337216275278 1.3780878958132232 0.46857667252334056 2.9137272089283215 0.17261954375135236
leaf_count=239 5281 18 184 431 242 83
internal_value=0 -0.00408902 -0.00614658 0.00460944 0.00656301 0.00229176
internal_weight=8.97266 5.44682 4.99814 3.52584 3.05727 0.448683
internal_count=6478 5566 5465 912 481 101
is_linear=0
shrinkage=0.025


Tree=272
num_leaves=6
num_cat=0
split_feature=26 5 25 22 17
split_gain=0.816341 0.288763 0.244945 0.115346 0.0754374
threshold=-1.0016046166419981 4.728438377380372 0.73857644200325023 -0.25589592754840845 0.4896961003541947
decision_type=2 2 2 2 2
left_child=1 3 4 -1 -2
right_child=2 -3 -4 -5 -6
leaf_value=0 -0.0019425774216069531 -0.0014604654665522996 -0.0084052731202791716 0.0071578282962919239 0.0018599780049809542
leaf_weight=0.1545261039973419 1.3575320877716879 0.48837767897566653 2.2792643460343243 2.9968250220517803 1.6938714112038722
leaf_count=217 946 418 4354 293 261
internal_value=-0.00119103 0.00442081 -0.00591286 0.00643577 0
internal_weight=8.9704 3.63973 5.33067 3.15135 3.0514
internal_count=6489 928 5561 510 1207
is_linear=0
shrinkage=0.025


Tree=273
num_leaves=6
num_cat=0
split_feature=25 6 21 1 0
split_gain=0.841074 0.726696 0.236904 0.0635024 0.0472272
threshold=0.73857644200325023 3.2028585672378544 1.0661486983299258 1.7375270724296572 3.5960761308670048
decision_type=2 2 2 2 2
left_child=1 3 -2 -1 -3
right_child=2 4 -4 -5 -6
leaf_value=0 -0.0083812717671753745 0 8.1094592519120146e-05 0.0078612162367641299 -0.0041685290863791007
leaf_weight=0.072532351365225511 2.5300559640891156 0.24004023647285055 0.81745387295813987 4.143957816027978 1.3172451861792067
leaf_count=69 4732 83 128 550 953
internal_value=-0.000689974 0.00374951 -0.00675527 0.00755024 -0.00349845
internal_weight=9.12129 5.77378 3.34751 4.21649 1.55729
internal_count=6515 1655 4860 619 1036
is_linear=0
shrinkage=0.025


Tree=274
num_leaves=7
num_cat=0
split_feature=17 24 12 23 23 11
split_gain=0.601696 0.738023 0.323466 0.23484 0.164342 0.051142
threshold=0.47964549064636236 -3.489845752716064 2.8753541707992558 -5.744278907775878 -7.2586274147033683 2.2486585378646855
decision_type=2 2 2 2 2 2
left_child=1 5 -2 -4 -3 -1
right_child=2 4 3 -5 -6 -7
leaf_value=0 -0.0018129142090258185 0 -0.00054378648384422292 0.0076030419524605753 -0.009506918816695676 0.0037303338986275354
leaf_weight=0.17624515564239107 0.51605482552986348 0.20214835289516475 0.37681867431092531 3.627584191144706 2.8937825665634596 1.3988791455849421
leaf_count=61 283 45 166 674 5051 118
internal_value=0 -0.00462146 0.00421954 0.00626605 -0.00868549 0.00294637
internal_weight=9.19151 4.67106 4.52046 4.0044 3.09593 1.57512
internal_count=6398 5275 1123 840 5096 179
is_linear=0
shrinkage=0.025


Tree=275
num_leaves=5
num_cat=0
split_feature=21 13 6 20
split_gain=0.522226 0.357278 0.274551 0.0207504
threshold=0.0067948610521852979 2.2139854431152348 -0.42880946397781367 2.7990188598632817
decision_type=2 2 2 2
left_child=3 -2 -3 -1
right_child=1 2 -4 -5
leaf_value=-0.0054002143874379892 -0.0024498928564158861 -0.00097316977510086963 0.0066983011700866334 0
leaf_weight=1.5397788287773435 0.6803308607522921 0.68730300422612334 6.2473035581169825 0.068984378322056616
leaf_count=3110 489 232 2563 28
internal_value=0.000201304 0.00343933 0.00532511 -0.00518609
internal_weight=9.2237 7.61494 6.93461 1.60876
internal_count=6422 3284 2795 3138
is_linear=0
shrinkage=0.025


Tree=276
num_leaves=7
num_cat=0
split_feature=6 21 14 24 8 5
split_gain=0.52554 0.312884 0.31772 0.133013 0.0397335 0.0219409
threshold=2.911378145217896 0.01910982467234135 0.42142887413501745 -5.3367252349853507 -0.82618010044097889 3.8802852630615239
decision_type=2 2 2 2 2 2
left_child=1 5 -3 -2 -5 -1
right_child=3 2 -4 4 -6 -7
leaf_value=-0.0025066437376567697 0 0.0077291204029419471 -0.00043266215464535479 0 -0.0066445068910429899 0
leaf_weight=0.79587661174809898 0.43399476047488894 3.2678732428066724 1.8203669562863067 0.33268520560886905 2.0818180556052535 0.10420729219913483
leaf_count=1626 26 1072 646 75 3037 1
internal_value=0 0.00335616 0.0054224 -0.0051069 -0.00623051 -0.00196165
internal_weight=8.83682 5.98832 5.08824 2.8485 2.4145 0.900084
internal_count=6483 3345 1718 3138 3112 1627
is_linear=0
shrinkage=0.025


Tree=277
num_leaves=7
num_cat=0
split_feature=27 19 6 18 21 0
split_gain=0.556228 0.390712 0.372403 0.257425 0.130387 0.0295961
threshold=0.13674183934926989 0.53344660997390758 4.6658742427825937 0.46297191083431249 0.18584701418876651 5.4524955749511728
decision_type=2 2 2 2 2 2
left_child=2 3 4 -2 -1 -3
right_child=1 5 -4 -5 -6 -7
leaf_value=0 -0.0083378391027186197 0.0025703088635643358 -0.0020054648034829926 7.2425085310447642e-05 0.0074826881768818012 0
leaf_weight=0.32700792119067079 3.0279854668115149 1.0394810527795924 0.61342063407573721 1.1082196223906065 3.3024454894584778 0.16413656808435906
leaf_count=392 4660 98 569 279 364 81
internal_value=0 -0.00410752 0.00432872 -0.00659395 0.00666524 0.00185741
internal_weight=9.5827 5.33982 4.24287 4.13621 3.62945 1.20362
internal_count=6443 5118 1325 4939 756 179
is_linear=0
shrinkage=0.025


Tree=278
num_leaves=7
num_cat=0
split_feature=22 13 14 19 25 13
split_gain=0.401007 0.56519 0.185639 0.143475 0.111958 0.0928391
threshold=0.7440452277660371 5.4478700160980233 0.35254208743572241 0.57991504669189464 -0.13909640908241269 2.9630731344223027
decision_type=2 2 2 2 2 2
left_child=1 3 -3 -1 5 -2
right_child=4 2 -4 -5 -6 -7
leaf_value=-0.0071827474831723838 0 0.0054199871500809852 -0.00099901454482753107 0 -3.6628826615356342e-06 0.0063005556883138081
leaf_weight=3.9644112261630653 0.25969766624621193 1.1485458963143171 0.49789434480408079 0.49628120081615623 0.27114388237532683 2.279379084950051
leaf_count=5416 56 365 241 145 103 143
internal_value=0 -0.00284115 0.00324724 -0.00627751 0.00453986 0.00553472
internal_weight=8.91735 6.10713 1.64644 4.46069 2.81022 2.53908
internal_count=6469 6167 606 5561 302 199
is_linear=0
shrinkage=0.025


Tree=279
num_leaves=6
num_cat=0
split_feature=21 14 13 19 15
split_gain=0.402197 0.318121 0.310752 0.123551 0.0245128
threshold=0.0067948610521852979 0.44003073871135717 4.020078420639039 0.50779852271080028 2.9411590099334721
decision_type=2 2 2 2 2
left_child=4 2 -2 -3 -1
right_child=1 3 -4 -5 -6
leaf_value=-0.0054614771404087022 -0.00050480698755913202 -0.0038601512200484647 0.0075011030927607915 0.00095144737848022764 0
leaf_weight=1.561166199891886 1.8668394945489124 1.490098564536311 2.7774106016149744 0.73157181530405058 0.057961178157711291
leaf_count=3170 1282 942 891 109 10
internal_value=0 0.00244593 0.00504163 -0.00184853 -0.00522034
internal_weight=8.48505 6.86592 4.64425 2.22167 1.61913
internal_count=6404 3224 2173 1051 3180
is_linear=0
shrinkage=0.025


Tree=280
num_leaves=7
num_cat=0
split_feature=21 19 24 6 16 26
split_gain=0.824772 0.56315 0.181711 0.122192 0.142474 0.0410971
threshold=0.95127859711647045 0.34453327953815466 -3.6267998218536373 4.6929147243499765 0.71125736832618724 -0.88277277350425709
decision_type=2 2 2 2 2 2
left_child=1 2 -1 4 -2 -3
right_child=3 5 -4 -5 -6 -7
leaf_value=0 0.006584329761664641 0.0024348757584041489 -0.010047291249888811 -0.00015559623263366521 0 -5.4741191914465273e-05
leaf_weight=0.23571139706473365 2.8070758657922861 1.6304984631460682 3.0506823190535215 0.21349477961484797 0.40858063583436877 0.14444783359067503
leaf_count=16 215 337 5527 60 138 151
internal_value=-0.0011708 -0.00598834 -0.00918537 0.00453261 0.00550987 0.00141888
internal_weight=8.49049 5.06134 3.28639 3.42915 3.21566 1.77495
internal_count=6444 6031 5543 413 353 488
is_linear=0
shrinkage=0.025


Tree=281
num_leaves=7
num_cat=0
split_feature=25 13 27 18 16 2
split_gain=0.550578 0.503575 0.321673 0.104255 0.0981549 0.0474853
threshold=0.73857644200325023 2.9630731344223027 0.071763388812541976 1.2024145126342776 -0.26767612993717188 4.0011610984802255
decision_type=2 2 2 2 2 2
left_child=1 5 -2 -4 -3 -1
right_child=2 4 3 -5 -6 -7
leaf_value=0 0.00086152534097319415 0 -0.0085433812506334663 0 0.006720660126345754 -0.0039005363531125965
leaf_weight=0.41089314950295353 0.92251429066527668 0.29037893991335284 2.3069921304995664 0.11930541694164265 3.8139088669922785 0.94988850022491533
leaf_count=173 297 111 4542 1 704 662
internal_value=-0.000862476 0.00281391 -0.00570284 -0.00793994 0.00608181 -0.00309282
internal_weight=8.81388 5.46507 3.34881 2.4263 4.10429 1.36078
internal_count=6490 1650 4840 4543 815 835
is_linear=0
shrinkage=0.025


Tree=282
num_leaves=7
num_cat=0
split_feature=6 25 14 17 24 1
split_gain=0.629766 0.331526 0.187979 0.126337 0.123804 0.0676095
threshold=2.9303046464920048 0.73857644200325023 0.14182612299919131 1.1752665638923647 -5.3367252349853507 1.7375270724296572
decision_type=2 2 2 2 2 2
left_child=1 5 -3 4 -2 -1
right_child=3 2 -4 -5 -6 -7
leaf_value=0 0 0.0023773986576873189 -0.00356901486173703 0 -0.0068807109392275819 0.0074155369455056984
leaf_weight=0.077140298486483849 0.36390236834995504 0.82459674709025454 1.8254179381983702 0.74296482843055844 1.8871810881591955 3.6423629075179633
leaf_count=62 27 1192 1592 90 3011 453
internal_value=0.000546305 0.0044797 -0.000557205 -0.00460783 -0.00585637 0.00704681
internal_weight=9.36357 6.36952 2.65001 2.99405 2.25108 3.7195
internal_count=6427 3299 2784 3128 3038 515
is_linear=0
shrinkage=0.025


Tree=283
num_leaves=7
num_cat=0
split_feature=6 25 14 19 22 8
split_gain=0.557687 0.310294 0.171199 0.110395 0.0876345 0.0711498
threshold=3.0438868999481206 0.73857644200325023 0.14182612299919131 -0.13580463081598279 0.91645777225494396 -0.82618010044097889
decision_type=2 2 2 2 2 2
left_child=1 3 -3 -1 5 -2
right_child=4 2 -4 -5 -6 -7
leaf_value=0 0 0.0020199020079306701 -0.0035939870268080934 0.0069389351517855115 0 -0.0067250381664115764
leaf_weight=0.28019325267450801 0.31247527119921947 0.78866179060059982 1.950937058922136 3.1305344174143102 0.47984069620724756 1.9173947243070868
leaf_count=190 70 1238 1718 359 49 2867
internal_value=0 0.00347887 -0.000909485 0.00619204 -0.00526367 -0.00609268
internal_weight=8.86004 6.15033 2.7396 3.41073 2.70971 2.22987
internal_count=6491 3505 2956 549 2986 2937
is_linear=0
shrinkage=0.025


Tree=284
num_leaves=7
num_cat=0
split_feature=13 21 5 21 22 22
split_gain=0.435382 0.301357 0.191772 0.126777 0.0478763 0.0319887
threshold=3.0572668313980107 0.0067948610521852979 -0.34132620692253107 1.8595926761627199 1.7367267012596133 0.86549249291419994
decision_type=2 2 2 2 2 2
left_child=3 5 -3 4 -1 -2
right_child=1 2 -4 -5 -6 -7
leaf_value=-0.0062926498503766207 -0.0027090352977532876 -0.00040795817313508368 0.0063178521863462428 2.1198538971977921e-06 0 0
leaf_weight=1.6395432257268114 0.8355258209776365 0.64347606916635403 5.0912682285925257 0.50019098544726137 0.098450846911873557 0.15646378631936386
leaf_count=2240 1968 198 1983 27 3 5
internal_value=0 0.00317701 0.00514245 -0.00460886 -0.0058803 -0.00195208
internal_weight=8.96492 6.72673 5.73474 2.23819 1.73799 0.99199
internal_count=6424 4154 2181 2270 2243 1973
is_linear=0
shrinkage=0.025


Tree=285
num_leaves=7
num_cat=0
split_feature=13 24 15 21 26 13
split_gain=0.527755 0.484497 0.368459 0.258462 0.0776888 0.0505723
threshold=4.2248365879058847 -3.6267998218536373 0.34662917256355291 0.01910982467234135 -1.0163696408271787 2.592665553092957
decision_type=2 2 2 2 2 2
left_child=1 5 3 -2 -4 -1
right_child=2 -3 4 -5 -6 -7
leaf_value=0 -0.0006323090679361096 -0.0076738497563447888 0.00043384708408046455 0.0080198955743385394 -0.003437508757614954 0.0030185418924573446
leaf_weight=0.16967360769922368 0.3646774093176649 2.7760895831906964 0.3962004421337042 3.0717426097071439 0.71656565851844767 1.2397542161997988
leaf_count=46 782 4091 20 772 633 98
internal_value=0 -0.00443109 0.00395665 0.00653031 -0.00180927 0.00198468
internal_weight=8.7347 4.18552 4.54919 3.43642 1.11277 1.40943
internal_count=6442 4235 2207 1554 653 144
is_linear=0
shrinkage=0.025


Tree=286
num_leaves=6
num_cat=0
split_feature=21 6 25 21 22
split_gain=0.44464 0.322247 0.304502 0.0653705 0.0309355
threshold=0.0067948610521852979 3.3511469364166264 2.6992017030715947 1.8595926761627199 0.86549249291419994
decision_type=2 2 2 2 2
left_child=4 2 -2 -3 -1
right_child=1 3 -4 -5 -6
leaf_value=-0.0048785007522004886 0.0072718057993503768 -0.0030387467692170643 -0.00089955474651575253 0.00035150079717242164 0
leaf_weight=1.4239308208179862 4.785612419807876 1.190830381163323 0.91260600592431718 0.47261308040469874 0.22454623211524438
leaf_count=3156 1279 1193 745 21 27
internal_value=0.000474908 0.00345436 0.00557012 -0.00159658 -0.00448194
internal_weight=9.01014 7.36166 5.69822 1.66344 1.64848
internal_count=6421 3238 2024 1214 3183
is_linear=0
shrinkage=0.025


Tree=287
num_leaves=7
num_cat=0
split_feature=26 27 6 22 21 26
split_gain=0.509343 0.39295 0.267627 0.235527 0.0954937 0.0465468
threshold=-0.99881544709205616 0.71666583418846141 4.6658742427825937 0.78748854994773876 0.18584701418876651 -0.36019937694072718
decision_type=2 2 2 2 2 2
left_child=2 3 4 -2 -1 -3
right_child=1 5 -4 -5 -6 -7
leaf_value=0 -0.0079428165005869644 0.0033806912532132667 -0.0014344936843900752 0 0.0068062370435059763 0
leaf_weight=0.27404251952612035 3.5845690982769156 0.26131269754841924 0.49816331585316209 1.1500151448053655 2.653140332626208 0.16096364019904275
leaf_count=220 5315 16 484 174 235 81
internal_value=-0.000167778 -0.00420774 0.0040602 -0.00636502 0.00609872 0.00239261
internal_weight=8.58221 5.15686 3.42535 4.73458 2.92718 0.422276
internal_count=6525 5586 939 5489 455 97
is_linear=0
shrinkage=0.025


Tree=288
num_leaves=6
num_cat=0
split_feature=6 25 21 25 26
split_gain=0.55197 0.353006 0.148264 0.118732 0.0801737
threshold=2.9303046464920048 2.6992017030715947 0.01910982467234135 -3.864897489547729 -1.0135025978088377
decision_type=2 2 2 2 2
left_child=1 2 -1 -2 -3
right_child=3 4 -4 -5 -6
leaf_value=0 0 0.00033266895070901205 0.0065886487489618733 -0.0067497016779514384 -0.0036304730300925183
leaf_weight=0.44233929491565493 0.77431516257638611 0.44614447803178336 4.0637107459915569 1.8467240616355409 0.84009441959460651
leaf_count=679 109 38 1026 3031 1590
internal_value=-0.000166343 0.00315804 0.00562515 -0.00558502 -0.00209037
internal_weight=8.41333 5.79229 4.50605 2.62104 1.28624
internal_count=6473 3333 1705 3140 1628
is_linear=0
shrinkage=0.025


Tree=289
num_leaves=7
num_cat=0
split_feature=21 19 26 13 26 13
split_gain=0.385073 0.350603 0.476764 0.160969 0.157297 0.160455
threshold=0.97734311223030101 0.19770912826061252 -0.39578501880168909 2.9630731344223027 -0.80709132552146901 2.2139854431152348
decision_type=2 2 2 2 2 2
left_child=1 2 -1 -3 5 -2
right_child=4 3 -4 -5 -6 -7
leaf_value=-0.0087692044423932289 -0.0002655623610184964 -0.0017391448788980698 0.0020921000453298405 0.0037485071890825217 -0.00057292634501549661 0.0065687520835628526
leaf_weight=2.5754717776180773 0.23384463143884282 0.52357967083116852 0.27497960808250344 1.9768694318372579 0.36787251880741667 2.7516091381912702
leaf_count=5087 70 426 78 439 144 192
internal_value=0 -0.00314934 -0.00626016 0.00137279 0.00406462 0.00541967
internal_weight=8.70423 5.3509 2.85045 2.50045 3.35333 2.98545
internal_count=6436 6030 5165 865 406 262
is_linear=0
shrinkage=0.025


Tree=290
num_leaves=7
num_cat=0
split_feature=27 27 13 18 21 26
split_gain=0.407142 0.326445 0.277866 0.21833 0.129674 0.0460764
threshold=0.13674183934926989 0.71666583418846141 2.2139854431152348 0.46297191083431249 0.17925047874450686 -0.36019937694072718
decision_type=2 2 2 2 2 2
left_child=2 3 -1 -2 -4 -3
right_child=1 5 4 -5 -6 -7
leaf_value=-0.0015517907637270705 -0.0072228123229470947 0.0032980018715794267 0 0.00010020339469850365 0.006899980793982941 0
leaf_weight=0.51567576919842428 3.1345669120273669 0.27315158288547536 0.33724333938880624 1.212437202746514 3.0526992449522368 0.1615421492315362
leaf_count=523 4734 19 428 308 367 80
internal_value=0 -0.00339143 0.0039925 -0.00555065 0.006003 0.0022923
internal_weight=8.68732 4.7817 3.90562 4.347 3.38994 0.434694
internal_count=6459 5141 1318 5042 795 99
is_linear=0
shrinkage=0.025


Tree=291
num_leaves=6
num_cat=0
split_feature=21 14 13 25 22
split_gain=0.398451 0.398942 0.331128 0.197567 0.0243657
threshold=0.0067948610521852979 0.44003073871135717 2.2139854431152348 -2.7457467317581172 0.86549249291419994
decision_type=2 2 2 2 2
left_child=4 2 -2 -3 -1
right_child=1 3 -4 -5 -6
leaf_value=-0.0048624525702091166 -0.0013275341759954769 0.0015689899590222254 0.0074474456016724788 -0.0046244609262643191 0
leaf_weight=1.4201422544829254 0.44654660184642114 0.82194974805315757 4.5688255203094741 1.4351569025329807 0.23863766505382944
leaf_count=3181 342 114 1870 968 27
internal_value=5.40272e-05 0.00302777 0.00576941 -0.00198076 -0.0045287
internal_weight=8.93126 7.27248 5.01537 2.25711 1.65878
internal_count=6502 3294 2212 1082 3208
is_linear=0
shrinkage=0.025


Tree=292
num_leaves=6
num_cat=0
split_feature=6 14 26 21 25
split_gain=0.529944 0.289859 0.253449 0.188868 0.098575
threshold=2.9642271995544438 0.23141224682331088 -0.88397437334060658 0.01910982467234135 -4.6009182929992667
decision_type=2 2 2 2 2
left_child=1 3 -3 -1 -2
right_child=4 2 -4 -5 -6
leaf_value=-0.0003130389346765804 0 0.0021278559393682634 -0.0046895120071514598 0.0070557637138206689 -0.0069081503279884091
leaf_weight=0.4155787924792097 0.57870036989334073 1.6967012136010455 1.2816287575114982 2.319109265019506 1.7783208000000739
leaf_count=1061 66 288 1298 754 2951
internal_value=-0.000700407 0.00265924 -0.00112281 0.00564944 -0.00596611
internal_weight=8.07004 5.71302 2.97833 2.73469 2.35702
internal_count=6418 3401 1586 1815 3017
is_linear=0
shrinkage=0.025


Tree=293
num_leaves=6
num_cat=0
split_feature=6 25 7 17 19
split_gain=0.437654 0.260448 0.190451 0.0823189 0.0700663
threshold=3.3511469364166264 0.73857644200325023 5.0910816192626962 1.1752665638923647 -0.4291499108076095
decision_type=2 2 2 2 2
left_child=1 4 -3 -2 -1
right_child=3 2 -4 -5 -6
leaf_value=0 -0.0055193760968047989 -0.003559146737616297 0.0024179529295603173 0 0.0061009966301616772
leaf_weight=0.071480503509519955 1.6125252061920039 2.1745155802491358 0.56530038593336929 0.61131854452833057 3.7508184297803382
leaf_count=69 2486 2997 241 81 623
internal_value=0 0.0032688 -0.000753057 -0.00455669 0.00565304
internal_weight=8.78596 6.56211 2.73982 2.22384 3.8223
internal_count=6497 3930 3238 2567 692
is_linear=0
shrinkage=0.025


Tree=294
num_leaves=6
num_cat=0
split_feature=26 13 25 21 22
split_gain=0.75299 0.269093 0.242775 0.130446 0.032399
threshold=-0.99881544709205616 2.2139854431152348 0.73857644200325023 0.17925047874450686 0.7440452277660371
decision_type=2 2 2 2 2
left_child=1 -1 4 -3 -2
right_child=2 3 -4 -5 -6
leaf_value=-0.0012710462817214821 -0.0010557121748501273 0 -0.0079557300270752442 0.0073078788390394892 0.0014309265942039229
leaf_weight=0.46081195648366735 1.7877083380371916 0.2219378797199173 2.1086431764779263 2.8628785397995671 1.1948564977974454
leaf_count=451 1083 246 4320 258 111
internal_value=-0.000696046 0.00457708 -0.00543601 0.00646954 0
internal_weight=8.63684 3.54563 5.09121 3.08482 2.98256
internal_count=6469 955 5514 504 1194
is_linear=0
shrinkage=0.025


Tree=295
num_leaves=7
num_cat=0
split_feature=13 14 21 25 15 10
split_gain=0.395174 0.368179 0.226538 0.181402 0.139005 0.107275
threshold=4.2248365879058847 0.39208140969276434 0.01910982467234135 -3.864897489547729 1.0842423439025881 3.9051216840744023
decision_type=2 2 2 2 2 2
left_child=3 2 -2 -1 -5 -3
right_child=1 5 -4 4 -6 -7
leaf_value=0.00063765449036146311 -0.00044460367483453473 0.00081081112619430591 0.0078594627556285331 -0.0064701184179757985 0 -0.0037723589000526569
leaf_weight=1.073163963799743 0.33445778354143874 0.58806177448423091 2.7519947237378801 2.5721254965064877 0.54812770106218511 0.82879495735687669
leaf_count=127 853 76 729 3933 201 561
internal_value=0 0.00366686 0.0064682 -0.00360085 -0.00532332 -0.00174656
internal_weight=8.69673 4.50331 3.08645 4.19342 3.12025 1.41686
internal_count=6480 2219 1582 4261 4134 637
is_linear=0
shrinkage=0.025


Tree=296
num_leaves=7
num_cat=0
split_feature=24 17 27 16 12 13
split_gain=0.433011 0.557981 0.500523 0.128516 0.0993537 0.0694956
threshold=-3.6267998218536373 0.79558783769607555 0.71666583418846141 0.57853996753692638 2.8753541707992558 2.9630731344223027
decision_type=2 2 2 2 2 2
left_child=3 2 -2 5 -3 -1
right_child=1 4 -4 -5 -6 -7
leaf_value=0 -0.0093996713272426029 -0.00048206111165190191 0.0019177354230610387 -0.00034476827268111821 0.0040313081640051393 0.0058001452462681131
leaf_weight=0.23767424900143019 3.4996260143325348 0.28790061785548449 0.3035686910006915 0.30854466569144268 1.4348463214773799 2.1950488496913749
leaf_count=56 5749 149 87 111 171 149
internal_value=-0.000262975 -0.00380784 -0.00721021 0.00391953 0.00254981 0.00516935
internal_weight=8.26721 5.52594 3.80319 2.74127 1.72275 2.43272
internal_count=6472 6156 5836 316 320 205
is_linear=0
shrinkage=0.025


Tree=297
num_leaves=6
num_cat=0
split_feature=26 6 22 21 18
split_gain=0.915236 0.240426 0.181923 0.0790038 0.0581615
threshold=-1.0016046166419981 4.6658742427825937 1.0431639552116396 0.17925047874450686 -0.48851683735847468
decision_type=2 2 2 2 2
left_child=1 3 4 -1 -2
right_child=2 -3 -4 -5 -6
leaf_value=0 0 -0.0011441468304187236 0 0.0067545448386808638 -0.0083058883595543351
leaf_weight=0.25155565107343214 0.27207650977470654 0.43956417823937943 0.57331367584265525 2.73604950265144 3.7138154224812752
leaf_count=218 372 466 82 249 5070
internal_value=-0.00174397 0.00436311 -0.00686946 0.00616484 -0.00792803
internal_weight=7.98637 3.42717 4.55921 2.98761 3.98589
internal_count=6457 933 5524 467 5442
is_linear=0
shrinkage=0.025


Tree=298
num_leaves=7
num_cat=0
split_feature=13 22 15 21 21 27
split_gain=0.446578 0.367456 0.277372 0.255675 0.189098 0.0761133
threshold=4.0751702785491952 0.82463103532791149 0.34662917256355291 0.01910982467234135 1.8595926761627199 0.10331087559461595
decision_type=2 2 2 2 2 2
left_child=1 4 3 -2 -1 -4
right_child=2 -3 5 -5 -6 -7
leaf_value=-0.0078610059335401695 -0.0007046243710596247 0.0018693975305153069 0.00072658524686146624 0.007670296064031603 4.7285204627762677e-05 -0.003057043280631938
leaf_weight=2.1359482244497494 0.38259664519864633 1.1832872864215458 0.46398306969786041 3.277814388020488 0.48134579131146882 0.65512945854970894
leaf_count=3901 908 98 23 842 26 684
internal_value=0.000155016 -0.00361084 0.00410374 0.00617183 -0.00650973 -0.00115506
internal_weight=8.5801 3.80058 4.77952 3.66041 2.61729 1.11911
internal_count=6482 4025 2457 1750 3927 707
is_linear=0
shrinkage=0.025


Tree=299
num_leaves=7
num_cat=0
split_feature=6 21 14 21 22 4
split_gain=0.495115 0.260428 0.162857 0.112806 0.120708 0.0248185
threshold=2.9642271995544438 0.01910982467234135 0.55891215801239025 1.8595926761627199 1.0431639552116396 3.6358540058135991
decision_type=2 2 2 2 2 2
left_child=1 5 -3 4 -2 -1
right_child=3 2 -4 -5 -6 -7
leaf_value=-0.0021669762018455743 -0.0066728827569759999 0.0068697576817709494 0 0 0 0
leaf_weight=0.71472093422016758 1.7569693670830027 3.640244707956299 1.4422628132779207 0.52009738137712691 0.40981005039066065 0.15517619298771024
leaf_count=1638 3001 1270 489 31 33 3
internal_value=2.79445e-05 0.00375628 0.00550885 -0.00448935 -0.00560843 -0.00138891
internal_weight=8.63928 5.9524 5.08251 2.68688 2.16678 0.869897
internal_count=6465 3400 1759 3065 3034 1641
is_linear=0
shrinkage=0.025


Tree=300
num_leaves=7
num_cat=0
split_feature=26 13 8 22 21 8
split_gain=0.338351 0.216461 0.215772 0.251956 0.0776603 0.0707343
threshold=-1.0016046166419981 2.2139854431152348 4.9635865688323983 0.7440452277660371 -0.15830024331808087 5.2618353366851816
decision_type=2 2 2 2 2 2
left_child=1 -1 3 -2 -3 -4
right_child=2 4 5 -5 -6 -7
leaf_value=-0.0011362359222983661 -0.0066471215965851543 0 0.0032149597592278307 0.00059343777737705513 0.0062419216213275789 -0.00047858775176855771
leaf_weight=0.43695463098629295 3.2364990899004624 0.1255964471165506 0.40514579751834379 1.350966125137347 2.7401856971628145 0.31620071943325456
leaf_count=433 4873 154 186 193 332 294
internal_value=0 0.00387644 -0.00290015 -0.00466548 0.00567175 0.00150018
internal_weight=8.61155 3.30274 5.30881 4.58747 2.86578 0.721347
internal_count=6465 919 5546 5066 486 480
is_linear=0
shrinkage=0.025


Tree=301
num_leaves=6
num_cat=0
split_feature=6 21 14 14 19
split_gain=0.390957 0.243753 0.208505 0.0726658 0.0280376
threshold=3.2778618335723881 0.0067948610521852979 0.38677980005741125 -0.7491447627544402 0.79722976684570324
decision_type=2 2 2 2 2
left_child=1 4 -3 -2 -1
right_child=3 2 -4 -5 -6
leaf_value=-0.0024250550934955453 0 0.0067103389788829631 0 -0.0053879618360434429 0
leaf_weight=0.76387864313073794 0.448339073431271 3.0622598819645646 2.3310716032501659 1.6489296464314973 0.15688544721342623
leaf_count=1821 219 1203 790 2418 6
internal_value=0 0.00292418 0.00473191 -0.00456039 -0.00166295
internal_weight=8.41136 6.3141 5.39333 2.09727 0.920764
internal_count=6457 3820 1993 2637 1827
is_linear=0
shrinkage=0.025


Tree=302
num_leaves=7
num_cat=0
split_feature=21 7 25 13 20 1
split_gain=0.33426 0.317699 0.201775 0.146913 0.123607 0.0453206
threshold=0.95127859711647045 5.0910816192626962 -4.2199261188507071 2.2139854431152348 0.89918234944343578 1.0000000180025095e-35
decision_type=2 2 2 2 2 2
left_child=1 2 -1 -2 -5 -3
right_child=3 5 -4 4 -6 -7
leaf_value=0.00042367890232930435 -0.00056730750370908363 0 -0.0065170203332077644 0.006278212235576841 0 0.0033755014554152276
leaf_weight=0.72905171998718277 0.29245393117889795 0.172714059401187 3.7703852118356735 2.4698330548490053 0.5763270410025142 0.38271189000079175
leaf_count=84 90 96 5677 184 146 147
internal_value=0 -0.0028532 -0.00510341 0.00390351 0.00519531 0.00243744
internal_weight=8.39348 5.05486 4.49944 3.33861 3.04616 0.555426
internal_count=6424 6004 5761 420 330 243
is_linear=0
shrinkage=0.025


Tree=303
num_leaves=7
num_cat=0
split_feature=27 27 19 6 22 27
split_gain=0.31681 0.331061 0.225892 0.188053 0.0762539 0.0416145
threshold=0.10857519879937173 0.71666583418846141 0.53344660997390758 4.6658742427825937 -0.098699886351823793 0.75264418125152599
decision_type=2 2 2 2 2 2
left_child=3 2 -2 4 -1 -3
right_child=1 5 -4 -5 -6 -7
leaf_value=0 -0.0071017326564392011 0.0032464760118351243 0.00029662012845704111 -0.0011593926160467839 0.0056598138637593979 0
leaf_weight=0.13155442645802473 3.6214535121252993 0.27650306658324542 0.99903591295878857 0.4461734267133578 2.4752189932587498 0.15317288415099028
leaf_count=195 5182 25 194 476 288 72
internal_value=-0.000182206 -0.00340986 -0.00552964 0.00318296 0.00502137 0.00233498
internal_weight=8.10311 5.05017 4.62049 3.05295 2.60677 0.429676
internal_count=6432 5473 5376 959 483 97
is_linear=0
shrinkage=0.025


Tree=304
num_leaves=7
num_cat=0
split_feature=21 27 19 12 3 27
split_gain=0.450524 0.310408 0.340501 0.131459 0.138657 0.0284951
threshold=0.95127859711647045 0.71666583418846141 0.39581985771656042 2.8753541707992558 1.1808076500892641 0.75264418125152599
decision_type=2 2 2 2 2 2
left_child=1 2 -1 -2 -5 -3
right_child=3 5 -4 4 -6 -7
leaf_value=-0.008274859671214033 -0.00035115052609044318 0.0027297997960046682 0.00058233179282526839 -0.00017946021204960459 0.0061581118346656361 0
leaf_weight=2.8553678700063756 0.39757736539468203 0.16121427267353272 1.3975624016420622 0.17477618233533609 2.797050815239345 0.12990572112175869
leaf_count=5508 88 21 407 60 269 67
internal_value=0 -0.00401543 -0.00594693 0.00390602 0.0051226 0.00197559
internal_weight=7.91345 4.54405 4.25293 3.3694 2.97183 0.29112
internal_count=6420 6003 5915 417 329 88
is_linear=0
shrinkage=0.025


Tree=305
num_leaves=5
num_cat=0
split_feature=21 13 14 15
split_gain=0.333892 0.273336 0.271732 0.0373134
threshold=0.01910982467234135 2.9630731344223027 0.44003073871135717 1.2623354792594912
decision_type=2 2 2 2
left_child=-1 3 -3 -2
right_child=1 2 -4 -5
leaf_value=-0.0050450226986984851 -0.0030954190741453308 0.0064209673628596396 -0.00065176301928312618 0
leaf_weight=1.4319453177649846 0.93239091763462034 3.4873097932122619 1.9529111667343384 0.25706354856083635
leaf_count=3279 945 1429 756 57
internal_value=-0.000240267 0.00198295 0.00418718 -0.00232719
internal_weight=8.06162 6.62968 5.44022 1.18945
internal_count=6466 3187 2185 1002
is_linear=0
shrinkage=0.025


Tree=306
num_leaves=6
num_cat=0
split_feature=21 13 14 18 24
split_gain=0.369964 0.282798 0.200054 0.0572272 0.0320536
threshold=0.0067948610521852979 2.9630731344223027 0.55891215801239025 0.5380009412765504 -4.7164649963378897
decision_type=2 2 2 2 2
left_child=4 3 -3 -2 -1
right_child=1 2 -4 -5 -6
leaf_value=0 -0.002997878386288841 0.0067225623970025008 0 0.00015287879866157921 -0.0045056743852926115
leaf_weight=0.21369027488981363 0.75915933431133431 4.1024831234808516 1.642741652933182 0.63504673635179643 1.3231292093314548
leaf_count=26 871 1654 628 140 3189
internal_value=0.000453577 0.00321797 0.00516212 -0.00158797 -0.00407096
internal_weight=8.67625 7.13943 5.74522 1.39421 1.53682
internal_count=6508 3293 2282 1011 3215
is_linear=0
shrinkage=0.025


Tree=307
num_leaves=6
num_cat=0
split_feature=6 21 14 25 5
split_gain=0.520759 0.260315 0.214057 0.127252 0.0266036
threshold=3.0438868999481206 0.01910982467234135 0.38677980005741125 -3.864897489547729 3.7855110168457036
decision_type=2 2 2 2 2
left_child=1 4 -3 -2 -1
right_child=3 2 -4 -5 -6
leaf_value=-0.0022941573829306544 0 0.0071555628281914294 0 -0.0064515677294000387 0
leaf_weight=0.73994390797633958 0.75554494930838734 3.0770839166434598 1.964326471177628 1.5911779690668479 0.15630190639058128
leaf_count=1736 107 1083 704 2851 4
internal_value=0 0.00345634 0.00527849 -0.00514943 -0.00151778
internal_weight=8.28438 5.93766 5.04141 2.34672 0.896246
internal_count=6485 3527 1787 2958 1740
is_linear=0
shrinkage=0.025


Tree=308
num_leaves=7
num_cat=0
split_feature=13 22 15 22 8 26
split_gain=0.508092 0.331156 0.322487 0.190309 0.0933029 0.0896984
threshold=4.1058831214904794 0.82463103532791149 0.34662917256355291 -0.30390624701976771 -0.82618010044097889 -1.0103924274444578
decision_type=2 2 2 2 2 2
left_child=1 4 3 -2 -1 -4
right_child=2 -3 5 -5 -6 -7
leaf_value=0 -0.00021392147238160654 0.0013961729055948344 0.00080043386311853121 0.0076546565105953829 -0.0075511007292672185 -0.0033577226179568511
leaf_weight=0.29017111615940017 0.28134142470298718 1.1164043990538628 0.48618367385643069 3.1627313638000487 2.0380093625244626 0.68882202927306913
leaf_count=72 469 112 27 1239 3835 672
internal_value=0 -0.00418552 0.00419925 0.00652566 -0.00684133 -0.00137007
internal_weight=8.06366 3.44458 4.61908 3.44407 2.32818 1.17501
internal_count=6426 4019 2407 1708 3907 699
is_linear=0
shrinkage=0.025


Tree=309
num_leaves=6
num_cat=0
split_feature=22 26 6 7 27
split_gain=0.437104 0.269879 0.302038 0.0592 0.0247492
threshold=0.034168725833296783 -0.84902614355087269 3.2028585672378544 3.8690935373306279 -0.028547190129756924
decision_type=2 2 2 2 2
left_child=4 2 -2 -3 -1
right_child=1 3 -4 -5 -6
leaf_value=0 0.0064229738020112467 -0.0034206266272616258 -0.0012480164517479492 0 -0.0061314956211852151
leaf_weight=0.14786422043107483 3.6975676565016329 0.81464031599170972 1.1168205240392124 0.56245192310598213 1.9459303010135043
leaf_count=85 379 655 602 213 4497
internal_value=-0.00104127 0.00193559 0.00427743 -0.00220606 -0.00588482
internal_weight=8.28527 6.19148 4.81439 1.37709 2.09379
internal_count=6431 1849 981 868 4582
is_linear=0
shrinkage=0.025


Tree=310
num_leaves=7
num_cat=0
split_feature=26 27 22 5 22 26
split_gain=0.416995 0.313589 0.281769 0.21415 0.0902782 0.0413033
threshold=-1.0072752833366392 0.71666583418846141 0.7440452277660371 4.728438377380372 -0.25589592754840845 -0.36019937694072718
decision_type=2 2 2 2 2 2
left_child=3 2 -2 4 -1 -3
right_child=1 5 -4 -5 -6 -7
leaf_value=0 -0.0072065345587739513 0.0032788570052399157 0.00058434540001994426 -0.00092777438028386876 0.0067048254597184415 0
leaf_weight=0.12694517386989979 3.3844978194447322 0.26997129532537656 1.3526536597491938 0.39169108582791512 2.7832538910879521 0.14920870067726344
leaf_count=190 5362 19 190 405 292 79
internal_value=0 -0.00308012 -0.00518232 0.00444823 0.00609099 0.00238565
internal_weight=8.45822 5.15633 4.73715 3.30189 2.9102 0.41918
internal_count=6537 5650 5552 887 482 98
is_linear=0
shrinkage=0.025


Tree=311
num_leaves=6
num_cat=0
split_feature=5 25 27 19 24
split_gain=0.325287 0.377454 0.189892 0.0774197 0.018212
threshold=3.9033905267715459 0.73857644200325023 0.71666583418846141 -0.44982376694679255 -5.777301311492919
decision_type=2 2 2 2 2
left_child=1 3 -3 -1 -2
right_child=4 2 -4 -5 -6
leaf_value=0 0 -0.0041275077610437253 0.0018904553050895748 0.0061053976897748096 -0.004684924001250256
leaf_weight=0.11595801568910236 0.19682877135346633 2.4427324541138664 0.29388793544785574 3.9989325875885697 1.2193818314863163
leaf_count=152 22 3742 87 811 1698
internal_value=0 0.00256841 -0.0018693 0.00561187 -0.00441601
internal_weight=8.26772 6.85151 2.73662 4.11489 1.41621
internal_count=6512 4792 3829 963 1720
is_linear=0
shrinkage=0.025


Tree=312
num_leaves=6
num_cat=0
split_feature=26 13 24 24 18
split_gain=0.590648 0.286718 0.150809 0.140932 0.0644083
threshold=-0.93772077560424794 2.2139854431152348 0.45475338399410253 -5.777301311492919 -0.48851683735847468
decision_type=2 2 2 2 2
left_child=1 -1 -3 -2 -5
right_child=3 2 -4 4 -6
leaf_value=-0.0018826031739236637 0 0.0064696781134808076 -0.0001728638114683308 0 -0.006964908168237742
leaf_weight=0.58444018274531107 0.41050103121961035 3.6306973441860468 0.24034446086079686 0.22228678388455669 3.211804075786858
leaf_count=638 52 576 589 249 4351
internal_value=-0.000804536 0.00337568 0.00548774 -0.0055253 -0.00651602
internal_weight=8.30007 4.45548 3.87104 3.84459 3.43409
internal_count=6455 1803 1165 4652 4600
is_linear=0
shrinkage=0.025


Tree=313
num_leaves=6
num_cat=0
split_feature=6 25 10 2 22
split_gain=0.47742 0.33685 0.100946 0.0826634 0.0410589
threshold=3.3511469364166264 2.6992017030715947 5.8071551322937021 2.9319713115692143 0.963395655155182
decision_type=2 2 2 2 2
left_child=1 2 -1 -3 -2
right_child=4 3 -4 -5 -6
leaf_value=0.0059947855207676155 -0.0058764656809046677 -0.0036454945630637957 0 0.00036218109632668485 0
leaf_weight=4.6197070762227668 1.5181435147587761 0.85523954942618707 0.16278830681403622 0.52486042190321314 0.3019111907633486
leaf_count=1918 2563 1562 110 313 34
internal_value=0 0.00297745 0.00537494 -0.00205236 -0.00540754
internal_weight=7.98265 6.1626 4.7825 1.3801 1.82005
internal_count=6500 3903 2028 1875 2597
is_linear=0
shrinkage=0.025


Tree=314
num_leaves=7
num_cat=0
split_feature=24 17 2 12 16 13
split_gain=0.366414 0.385184 0.486864 0.125029 0.0815823 0.0467062
threshold=-3.6267998218536373 0.66106122732162487 1.0000000180025095e-35 2.8753541707992558 0.57853996753692638 2.9630731344223027
decision_type=2 2 2 2 2 2
left_child=4 2 -2 -3 5 -1
right_child=1 3 -4 -5 -6 -7
leaf_value=0 0.0020676044064884386 -0.00096833397840546975 -0.0084152227534462515 0.003952075804224498 0 0.005882892010460241
leaf_weight=0.20321236981544721 0.60002271865960244 0.38042026348557589 2.8140969325504557 1.793448777098092 0.40873228161944997 2.0671372173674172
leaf_count=53 172 199 5422 357 119 137
internal_value=0.00022541 -0.00248305 -0.00569623 0.00214503 0.004627 0.00544297
internal_weight=8.26707 5.58799 3.41412 2.17387 2.67908 2.27035
internal_count=6459 6150 5594 556 309 190
is_linear=0
shrinkage=0.025


Tree=315
num_leaves=7
num_cat=0
split_feature=13 15 21 22 8 26
split_gain=0.374883 0.22711 0.268717 0.125317 0.0676345 0.0515779
threshold=3.7447079420089726 0.34662917256355291 0.01910982467234135 0.86549249291419994 -0.82618010044097889 -0.85167580842971791
decision_type=2 2 2 2 2 2
left_child=3 2 -2 4 -1 -3
right_child=1 5 -4 -5 -6 -7
leaf_value=0 -0.0010705225044752317 0.00026020875505604373 0.0068877390849563782 3.341813013147066e-05 -0.0061251288822143941 -0.0026680430059887739
leaf_weight=0.29945953091737543 0.45566456234701069 0.8081467110387166 3.3051724934139202 0.71187485656992056 1.8350939648189522 0.60993110026174668
leaf_count=74 1164 196 1087 72 3232 627
internal_value=0 0.00311008 0.00514945 -0.00416089 -0.00547883 -0.0011228
internal_weight=8.02534 5.17891 3.76084 2.84643 2.13455 1.41808
internal_count=6452 3074 2251 3378 3306 823
is_linear=0
shrinkage=0.025


Tree=316
num_leaves=7
num_cat=0
split_feature=26 22 6 18 17 15
split_gain=0.576581 0.318801 0.232395 0.0839904 0.0668423 0.0200749
threshold=-0.99881544709205616 0.7440452277660371 4.6658742427825937 -0.59292843937873829 -0.55924558639526356 0.074419178068637862
decision_type=2 2 2 2 2 2
left_child=2 3 4 -2 -1 -3
right_child=1 5 -4 -5 -6 -7
leaf_value=0 0 0 -0.0011499753915383232 -0.0075450479930328539 0.0064545157199532204 0.0017191061777907534
leaf_weight=0.068362296631676478 0.21752676688811368 0.25713589437509643 0.44365531551011361 3.1990336722228676 2.7361786927249345 1.2001034239801809
leaf_count=41 202 57 470 5111 407 140
internal_value=-0.000469455 -0.00472871 0.00415607 -0.00701566 0.00599525 0.000945824
internal_weight=8.122 4.8738 3.2482 3.41656 2.80454 1.45724
internal_count=6428 5510 918 5313 448 197
is_linear=0
shrinkage=0.025


Tree=317
num_leaves=6
num_cat=0
split_feature=5 26 27 22 22
split_gain=0.299325 0.303711 0.181236 0.098322 0.0394718
threshold=4.0475790500640878 -0.93772077560424794 0.71666583418846141 -0.25589592754840845 1.7367267012596133
decision_type=2 2 2 2 2
left_child=1 3 -3 -1 -2
right_child=4 2 -4 -5 -6
leaf_value=0 -0.0046131095050782802 -0.0034690111904965605 0.0022342128599312297 0.0062439467007999088 0
leaf_weight=0.15543513436387035 1.1829280230922448 3.0481749537066216 0.43394531620288024 3.2267985167982256 0.10013178322697047
leaf_count=341 1546 4003 105 528 4
internal_value=0 0.00259947 -0.00112338 0.00556173 -0.00412495
internal_weight=8.14741 6.86435 3.48212 3.38223 1.28306
internal_count=6527 4977 4108 869 1550
is_linear=0
shrinkage=0.025


Tree=318
num_leaves=6
num_cat=0
split_feature=6 21 15 21 22
split_gain=0.382319 0.215844 0.226992 0.109307 0.124205
threshold=2.5711821317672734 0.01910982467234135 0.34662917256355291 1.3346919417381289 1.0431639552116396
decision_type=2 2 2 2 2
left_child=1 -1 -3 4 -2
right_child=3 2 -4 -5 -6
leaf_value=-0.0014736396994342509 -0.0064534971311181718 0.0067077297360777907 -0.00035434405454736742 0 0
leaf_weight=0.55074507076278667 1.9651218445396814 2.97306403944458 1.3260531290761717 0.79856420261057781 0.40198543364749628
leaf_count=1323 3575 983 486 72 40
internal_value=0 0.00310256 0.00483805 -0.00420136 -0.0053701
internal_weight=8.01553 4.84986 4.29912 3.16567 2.36711
internal_count=6479 2792 1469 3687 3615
is_linear=0
shrinkage=0.025


Tree=319
num_leaves=6
num_cat=0
split_feature=6 21 6 24 4
split_gain=0.576185 0.288635 0.196184 0.138112 0.016347
threshold=2.9303046464920048 0.01910982467234135 -0.42880946397781367 -5.3367252349853507 3.6358540058135991
decision_type=2 2 2 2 2
left_child=1 4 -3 -2 -1
right_child=3 2 -4 -5 -6
leaf_value=-0.0020028519999169907 4.0660573095183567e-05 -0.00015549651030132288 0.00713683818592968 -0.0061733916241424793 0
leaf_weight=0.67559196219553985 0.48908453967305865 0.68987887381081225 4.3375225020645303 1.8656253501976605 0.10108839720487595
leaf_count=1643 35 218 1503 3078 1
internal_value=0.000196066 0.00414112 0.0059343 -0.00488272 -0.00147397
internal_weight=8.15879 5.80408 5.0274 2.35471 0.77668
internal_count=6478 3365 1721 3113 1644
is_linear=0
shrinkage=0.025


Tree=320
num_leaves=6
num_cat=0
split_feature=13 25 27 16 16
split_gain=0.420881 0.206204 0.0928647 0.0764171 0.0140592
threshold=2.9630731344223027 2.6992017030715947 0.065077137202024474 -0.26767612993717188 -1.1992939114570615
decision_type=2 2 2 2 2
left_child=4 3 -3 -2 -1
right_child=1 2 -4 -5 -6
leaf_value=0 0 0.0010810601332433406 -0.0031038483630126345 0.0053854984739964036 -0.0051674754127558863
leaf_weight=0.33301113708148466 0.28267428780600212 0.51604520178443625 1.0214576972193752 4.4426843870787716 1.2985189653300038
leaf_count=46 135 46 1980 2131 2085
internal_value=0 0.00303361 -0.000990671 0.00482179 -0.00490274
internal_weight=7.89439 6.26286 1.5375 4.72536 1.63153
internal_count=6423 4292 2026 2266 2131
is_linear=0
shrinkage=0.025


Tree=321
num_leaves=7
num_cat=0
split_feature=6 14 24 2 24 17
split_gain=0.436483 0.239658 0.218545 0.144526 0.0904877 0.0505088
threshold=3.0438868999481206 0.38677980005741125 1.4840046763420107 2.4951910972595219 -5.3367252349853507 1.1752665638923647
decision_type=2 2 2 2 2 2
left_child=1 2 -1 -3 -2 -6
right_child=4 3 -4 -5 5 -7
leaf_value=0.0072480675090186566 0 -0.0035482224347159483 -0.00054132590153890207 0.0016775518228049936 -0.0056917610656121356 0
leaf_weight=3.276499937557674 0.37778844588319804 0.88087642531718335 0.34698132772609813 1.4715544798673361 1.4993773327569213 0.49477111230953585
leaf_count=1655 27 687 758 379 2860 92
internal_value=0.000340222 0.00372032 0.00589601 -0.000511435 -0.00407527 -0.00505875
internal_weight=8.34785 5.97591 3.62348 2.35243 2.37194 1.99415
internal_count=6458 3479 2413 1066 2979 2952
is_linear=0
shrinkage=0.025


Tree=322
num_leaves=7
num_cat=0
split_feature=21 19 13 23 16 13
split_gain=0.532856 0.269839 0.121961 0.120337 0.115876 0.0713882
threshold=0.95127859711647045 0.19770912826061252 2.2139854431152348 -7.2586274147033683 0.57270506024360668 2.9630731344223027
decision_type=2 2 2 2 2 2
left_child=1 3 -2 -1 -4 -3
right_child=2 5 4 -5 -6 -7
leaf_value=0 -0.00045991479185944115 -0.0014045667105291597 0.0057146636158195508 -0.0081989038734133386 0 0.0022750031758656322
leaf_weight=0.19410059250367373 0.27593343611806664 0.46257755718033911 2.5476472081063553 2.3366711470844166 0.4145742554537718 1.5669640104188145
leaf_count=42 90 430 197 5140 140 425
internal_value=-0.00109663 -0.00510829 0.00346578 -0.00744999 0.0046756 0.000144719
internal_weight=7.79847 4.56031 3.23815 2.53077 2.96222 2.02954
internal_count=6464 6037 427 5182 337 855
is_linear=0
shrinkage=0.025


Tree=323
num_leaves=7
num_cat=0
split_feature=22 27 21 6 25 12
split_gain=0.396326 0.306086 0.26634 0.0702999 0.0538587 0.0287196
threshold=0.78748854994773876 0.71666583418846141 0.97734311223030101 3.5511296987533574 -0.13909640908241269 5.9207127094268808
decision_type=2 2 2 2 2 2
left_child=1 2 -1 4 -2 -3
right_child=3 5 -4 -5 -6 -7
leaf_value=-0.0077141267455252995 0.0049899899083847774 0 0.00023008052513649464 0 0 0.0027287776470984533
leaf_weight=3.3678809717039258 1.8029951542412168 0.13239050513220707 1.3670592405906061 0.29315832110296458 0.26317603214920393 0.15958751790458336
leaf_count=5804 120 78 235 64 88 10
internal_value=-0.000640759 -0.00400701 -0.00583835 0.00353176 0.00438279 0.00196674
internal_weight=7.38625 5.02692 4.73494 2.35933 2.06617 0.291978
internal_count=6399 6127 6039 272 208 88
is_linear=0
shrinkage=0.025


Tree=324
num_leaves=7
num_cat=0
split_feature=21 26 19 12 16 14
split_gain=0.293253 0.236352 0.399792 0.133074 0.167927 0.0282811
threshold=0.95127859711647045 -0.39578501880168909 0.19770912826061252 2.8753541707992558 0.69191488623619091 0.12132207676768304
decision_type=2 2 2 2 2 2
left_child=1 2 -1 -2 -5 -3
right_child=3 5 -4 4 -6 -7
leaf_value=-0.0078933374456528187 -0.0005328212788680884 0.002710233248374402 0.00090896725186203589 0.0062097100897815019 -0.00040658505991113893 0
leaf_weight=2.1865098692687752 0.27577305001614183 0.16336046707874619 2.2571446606034442 2.5884687139769089 0.35312978149158869 0.12953832033963408
leaf_count=5066 80 23 863 208 135 67
internal_value=0 -0.00280139 -0.0046464 0.00360634 0.00487253 0.00195604
internal_weight=7.95392 4.73655 4.44365 3.21737 2.9416 0.292899
internal_count=6442 6019 5929 423 343 90
is_linear=0
shrinkage=0.025


Tree=325
num_leaves=7
num_cat=0
split_feature=27 12 22 6 14 21
split_gain=0.344226 0.248433 0.214633 0.192706 0.162915 0.0787285
threshold=0.10857519879937173 5.8347213268280038 0.7440452277660371 4.6658742427825937 0.26332974433898931 0.17925047874450686
decision_type=2 2 2 2 2 2
left_child=3 2 -2 5 -3 -1
right_child=1 4 -4 -5 -6 -7
leaf_value=0 -0.0068980060727018098 0.0042452094293586465 0.00034338884766449862 -0.0009340051539933321 -0.0015962622554466467 0.006219998748651253
leaf_weight=0.24182194888999298 2.7286392372661799 0.60922198564003316 0.92474464770566545 0.40111470826013818 0.42976215961425623 2.442644476370333
leaf_count=235 4883 210 143 458 275 258
internal_value=0 -0.00308312 -0.00520348 0.00390044 0.00147293 0.00557384
internal_weight=7.77795 4.69237 3.65338 3.08558 1.03898 2.68447
internal_count=6462 5511 5026 951 485 493
is_linear=0
shrinkage=0.025


Tree=326
num_leaves=7
num_cat=0
split_feature=6 21 15 22 21 8
split_gain=0.325148 0.20478 0.185743 0.130154 0.110162 0.0101833
threshold=2.5711821317672734 0.01910982467234135 0.3136392235755921 0.82463103532791149 1.3346919417381289 1.648987948894501
decision_type=2 2 2 2 2 2
left_child=1 -1 -3 4 -2 -5
right_child=3 2 -4 5 -6 -7
leaf_value=-0.0013247099747171964 -0.0060944995791491962 0.0065082417710127655 -5.7014127601939858e-05 0 0 0.0011079949720233517
leaf_weight=0.51700408199940273 1.75766928178382 2.9403050570690539 1.2816943839461599 0.24780706486490078 0.64654665962734714 0.56012544252007501
leaf_count=1287 3521 953 516 46 61 49
internal_value=0 0.00323553 0.00488715 -0.00351154 -0.0049599 0.000281833
internal_weight=7.95115 4.739 4.222 3.21215 2.40422 0.807933
internal_count=6433 2756 1469 3677 3582 95
is_linear=0
shrinkage=0.025


Tree=327
num_leaves=7
num_cat=0
split_feature=13 15 24 21 21 11
split_gain=0.316919 0.332045 0.23613 0.204027 0.149069 0.0290739
threshold=4.1058831214904794 0.3136392235755921 -3.6267998218536373 0.01910982467234135 1.8595926761627199 6.9402148723602304
decision_type=2 2 2 2 2 2
left_child=2 3 -1 -2 -4 -3
right_child=1 5 4 -5 -6 -7
leaf_value=0.0012379840452584529 -0.00041225604219167204 -0.0025059485294704384 -0.0067574050168903417 0.0073041415819489197 0 0
leaf_weight=1.0858898519290963 0.32345432166766874 0.96174449994759903 1.9364231301169641 3.0155877572215104 0.47765443031676103 0.28666374023305252
leaf_count=132 815 745 3926 808 25 36
internal_value=0 0.0034295 -0.00316809 0.00600817 -0.00549129 -0.001756
internal_weight=8.08742 4.58745 3.49997 3.33904 2.41408 1.24841
internal_count=6487 2404 4083 1623 3951 781
is_linear=0
shrinkage=0.025


Tree=328
num_leaves=7
num_cat=0
split_feature=13 22 15 21 21 26
split_gain=0.3037 0.347866 0.316886 0.169393 0.0555935 0.0409069
threshold=4.2248365879058847 0.86549249291419994 0.33498454093933111 0.01910982467234135 1.3346919417381289 -1.0103924274444578
decision_type=2 2 2 2 2 2
left_child=1 4 3 -2 -1 -4
right_child=2 -3 5 -5 -6 -7
leaf_value=-0.0073381425644023449 -0.00033810003550769149 0.0015553195331727396 0 0.006532912510607879 0 -0.0031697376650533897
leaf_weight=2.0673269709550377 0.30350617358817622 1.1371393744520899 0.27150550740770996 2.5623552979122906 0.46362513882922929 0.71412842606878246
leaf_count=4117 755 108 21 739 60 674
internal_value=-0.000613641 -0.0040652 0.00240693 0.0052583 -0.0067764 -0.00230654
internal_weight=7.51959 3.66809 3.8515 2.86586 2.53095 0.985634
internal_count=6474 4285 2189 1494 4177 695
is_linear=0
shrinkage=0.025


Tree=329
num_leaves=6
num_cat=0
split_feature=6 26 0 22 15
split_gain=0.269515 0.260259 0.182663 0.105407 0.0518901
threshold=3.3511469364166264 -0.88277277350425709 0.28506888449192053 0.037703206762671478 1.2623354792594912
decision_type=2 2 2 2 2
left_child=1 3 -3 -1 -2
right_child=4 2 -4 -5 -6
leaf_value=0 -0.004958319979786051 0.0018698115529933092 -0.0040906750451618684 0.0055569588617540282 0
leaf_weight=0.34851203228572547 1.5723215224261364 0.3132476129576397 1.938692334015286 3.0309780502029753 0.29155462720700587
leaf_count=545 2421 116 2871 331 126
internal_value=-0.00023274 0.00193909 -0.00168219 0.00466192 -0.00433771
internal_weight=7.49531 5.63143 2.25194 3.37949 1.86388
internal_count=6410 3863 2987 876 2547
is_linear=0
shrinkage=0.025


Tree=330
num_leaves=7
num_cat=0
split_feature=13 14 22 21 7 3
split_gain=0.316408 0.357704 0.330942 0.215591 0.0821357 0.0780098
threshold=4.1058831214904794 0.42142887413501745 0.82463103532791149 0.01910982467234135 -1.0743680000305174 2.7512394189834599
decision_type=2 2 2 2 2 2
left_child=2 3 4 -2 -1 -3
right_child=1 5 -4 -5 -6 -7
leaf_value=0 -0.00047238638353305708 -0.0035761448324978171 0.0016957297344537923 0.0074525824958707118 -0.0070610941083259883 0.00031698571671924606
leaf_weight=0.34496894888070584 0.34058418968015791 0.79005340300318472 1.086703662163927 2.5940350007185771 1.9781178484390693 0.47244818169565406
leaf_count=111 974 560 102 800 3882 80
internal_value=0 0.00313696 -0.00357115 0.00602705 -0.00636399 -0.00203136
internal_weight=7.60691 4.19712 3.40979 2.93462 2.32309 1.2625
internal_count=6509 2414 4095 1774 3993 640
is_linear=0
shrinkage=0.025


Tree=331
num_leaves=7
num_cat=0
split_feature=13 15 21 22 21 26
split_gain=0.380472 0.267729 0.203818 0.162253 0.162874 0.0680667
threshold=4.1353931427001962 0.34662917256355291 0.01910982467234135 0.86549249291419994 1.3346919417381289 -1.0163696408271787
decision_type=2 2 2 2 2 2
left_child=3 2 -2 4 -1 -3
right_child=1 5 -4 -5 -6 -7
leaf_value=-0.0068905964409607945 -0.00048579509654375885 0.0005016579123154894 0.007048204014252585 0.00041904513290542836 0 -0.0030356275811050889
leaf_weight=1.8796276070079336 0.33448121892979576 0.4177390497061424 2.959260868596175 0.92120780767072563 0.67324914470373176 0.70322702911471402
leaf_count=3976 838 23 801 97 71 652
internal_value=0 0.00346925 0.00569791 -0.00383272 -0.00545621 -0.00136335
internal_weight=7.88879 4.41471 3.29374 3.47408 2.55288 1.12097
internal_count=6458 2314 1639 4144 4047 675
is_linear=0
shrinkage=0.025


Tree=332
num_leaves=6
num_cat=0
split_feature=6 14 21 10 14
split_gain=0.314664 0.185057 0.232348 0.125968 0.0581991
threshold=3.3511469364166264 0.38677980005741125 0.01910982467234135 4.0191714763641366 -0.7491447627544402
decision_type=2 2 2 2 2
left_child=1 2 -1 -3 -2
right_child=4 3 -4 -5 -6
leaf_value=-0.00097701246366529537 0 0.0012612630539988717 0.0062333462008873569 -0.003556284551667838 -0.0051983139428475305
leaf_weight=0.54937444005554459 0.45650348782510253 1.449755614552487 2.9118031473644805 0.8680431817392672 1.4933160222881268
leaf_count=1518 223 489 1233 652 2364
internal_value=0 0.00231113 0.00444917 -0.000886003 -0.00447366
internal_weight=7.7288 5.77898 3.46118 2.3178 1.94982
internal_count=6479 3892 2751 1141 2587
is_linear=0
shrinkage=0.025


Tree=333
num_leaves=7
num_cat=0
split_feature=13 15 22 22 18 26
split_gain=0.305029 0.280259 0.225549 0.161371 0.111478 0.0679384
threshold=4.2248365879058847 0.34662917256355291 0.78748854994773876 -0.30390624701976771 0.5380009412765504 -1.0163696408271787
decision_type=2 2 2 2 2 2
left_child=2 3 4 -2 -1 -3
right_child=1 5 -4 -5 -6 -7
leaf_value=-0.0064977488073825517 -0.00018693907047383495 0.00042243715635729962 0.0011146711934055663 0.0068285556750788835 0 -0.00312343023555311
leaf_weight=1.9309257526201697 0.25591803430870674 0.39670044265221804 1.14512595229462 2.7796547451307561 0.60749089586897742 0.69873814330276196
leaf_count=3920 425 19 118 1137 240 629
internal_value=0 0.00332618 -0.00321261 0.00571101 -0.00543837 -0.00152078
internal_weight=7.81455 4.13101 3.68354 3.03557 2.53842 1.09544
internal_count=6488 2210 4278 1562 4160 648
is_linear=0
shrinkage=0.025


Tree=334
num_leaves=7
num_cat=0
split_feature=26 26 19 6 21 26
split_gain=0.402512 0.314601 0.36159 0.207611 0.101244 0.0411006
threshold=-1.0016046166419981 -0.39578501880168909 0.53344660997390758 4.6658742427825937 0.17925047874450686 -0.36019937694072718
decision_type=2 2 2 2 2 2
left_child=3 2 -2 4 -1 -3
right_child=1 5 -4 -5 -6 -7
leaf_value=0 -0.0079611838897602708 0.0030784623242434807 0.00099206105823433709 -0.0010190380254369105 0.0065084837958558524 0
leaf_weight=0.19484486970031945 3.1265446423658432 0.28440382180269808 1.1557738603441974 0.41516321528615652 2.4618245270157786 0.15719749767595192
leaf_count=209 5215 26 206 470 242 80
internal_value=0 -0.00355506 -0.00563868 0.00399265 0.00574613 0.00211719
internal_weight=7.79575 4.72392 4.28232 3.07183 2.65667 0.441601
internal_count=6448 5527 5421 921 451 106
is_linear=0
shrinkage=0.025


Tree=335
num_leaves=5
num_cat=0
split_feature=21 13 26 19
split_gain=0.281505 0.206745 0.155929 0.0169537
threshold=0.0067948610521852979 2.2139854431152348 -0.93772077560424794 0.99051427841186535
decision_type=2 2 2 2
left_child=3 -2 -3 -1
right_child=1 2 -4 -5
leaf_value=-0.0041054752214944373 -0.0016983482899483348 0.0059432583168850944 0 0
leaf_weight=1.1771844136437719 0.53158493704904675 3.2992438345427213 2.8041767270897258 0.15142095635383146
leaf_count=3122 489 650 2160 35
internal_value=3.01906e-05 0.00266174 0.00419816 -0.00384413
internal_weight=7.96361 6.63501 6.10342 1.32861
internal_count=6456 3299 2810 3157
is_linear=0
shrinkage=0.025


Tree=336
num_leaves=7
num_cat=0
split_feature=26 8 22 6 22 8
split_gain=0.327395 0.256031 0.290252 0.183524 0.0603213 0.0598906
threshold=-1.0016046166419981 4.9635865688323983 0.78748854994773876 4.6658742427825937 -0.25589592754840845 5.2618353366851816
decision_type=2 2 2 2 2 2
left_child=3 2 -2 4 -1 -3
right_child=1 5 -4 -5 -6 -7
leaf_value=0 -0.0074239136200562857 0.0031233145162205874 0.00067195074355109997 -0.0009715077990134687 0.0057684048678220169 -0.00023341213765315085
leaf_weight=0.096012815123686202 2.7136319934361386 0.39259397487694503 1.1917623141780493 0.40620144048079954 2.5120418727819929 0.27555984258651733
leaf_count=143 4894 190 167 464 318 282
internal_value=0 -0.00326351 -0.00526139 0.00357904 0.00528197 0.00165158
internal_weight=7.5878 4.57355 3.90539 3.01426 2.60805 0.668154
internal_count=6458 5533 5061 925 461 472
is_linear=0
shrinkage=0.025


Tree=337
num_leaves=7
num_cat=0
split_feature=22 17 8 5 25 13
split_gain=0.209522 0.394496 0.485891 0.118866 0.0886859 0.0852275
threshold=0.7440452277660371 0.66106122732162487 5.2170829772949228 4.0100378990173349 0.18562120944261554 2.9630731344223027
decision_type=2 2 2 2 2 2
left_child=1 2 -1 -3 5 -2
right_child=4 3 -4 -5 -6 -7
leaf_value=-0.0087116568001684089 0 0.0038939060382962368 0.0019360109957864712 -0.00089887719435082056 -0.00020777524384270769 0.0049975882131742724
leaf_weight=2.40917990919661 0.27570827951422039 1.7682937465797297 0.62527950656840392 0.37301661559467891 0.29796372258351755 1.9505811750022983
leaf_count=5258 62 340 336 215 97 142
internal_value=0 -0.00254332 -0.00590029 0.00213902 0.0029421 0.00408065
internal_weight=7.70002 5.17577 3.03446 2.14131 2.52425 2.22629
internal_count=6450 6149 5594 555 301 204
is_linear=0
shrinkage=0.025


Tree=338
num_leaves=7
num_cat=0
split_feature=13 22 25 20 27 1
split_gain=0.276449 0.331219 0.168527 0.135773 0.0863712 0.0771164
threshold=4.0751702785491952 0.78748854994773876 2.6992017030715947 0.83601924777030956 0.09194567054510118 6.416534662246705
decision_type=2 2 2 2 2 2
left_child=1 5 3 -2 -4 -1
right_child=2 -3 4 -5 -6 -7
leaf_value=-0.0071183966888071814 0.0057134868006753483 0.001665015591751351 0.0010215381817622585 -0.0002653782806903273 -0.0030560153681670164 0
leaf_weight=1.7983126160143008 2.707326698731777 1.0860684551626034 0.51437426602205938 0.22149138365784882 0.68422194216145726 0.29845630911950127
leaf_count=3760 1066 114 39 102 1197 83
internal_value=0 -0.0036016 0.00270198 0.00459085 -0.00088535 -0.00646135
internal_weight=7.31025 3.18284 4.12741 2.92882 1.1986 2.09677
internal_count=6361 3957 2404 1168 1236 3843
is_linear=0
shrinkage=0.025


Tree=339
num_leaves=6
num_cat=0
split_feature=26 6 19 24 14
split_gain=0.544831 0.268599 0.15362 0.136881 0.0520118
threshold=-0.93772077560424794 4.6658742427825937 0.53344660997390758 0.45475338399410253 -0.70411124825477589
decision_type=2 2 2 2 2
left_child=1 3 4 -1 -2
right_child=2 -3 -4 -5 -6
leaf_value=0.0064167754645722934 0 -0.0017006424361397602 0 -5.4371740374185982e-05 -0.0069463534404799179
leaf_weight=3.5015870109364191 0.24262284901851749 0.55362831330421602 0.75029694295881189 0.21556669168239739 2.4336204174978775
leaf_count=590 131 645 155 582 4390
internal_value=-0.00043043 0.0034867 -0.00522632 0.00550859 -0.00651858
internal_weight=7.69732 4.27078 3.42654 3.71715 2.67624
internal_count=6493 1817 4676 1172 4521
is_linear=0
shrinkage=0.025


Tree=340
num_leaves=6
num_cat=0
split_feature=26 24 6 21 18
split_gain=0.47454 0.220349 0.139326 0.0578632 0.0442097
threshold=-1.0072752833366392 -4.4209785461425772 4.6658742427825937 0.17925047874450686 -0.48851683735847468
decision_type=2 2 2 2 2
left_child=2 -2 3 -1 -3
right_child=1 4 -4 -5 -6
leaf_value=0 0.00024322701436900636 0 -0.00083545872318683363 0.0050396604303061358 -0.0073364434297662519
leaf_weight=0.23470802167867155 1.1142967786727238 0.24988815830329292 0.38346714527142456 2.2219800511757057 3.1344287951360457
leaf_count=215 141 370 458 236 5001
internal_value=-0.0018047 -0.00535945 0.00285576 0.00444396 -0.00699455
internal_weight=7.33877 4.49861 2.84016 2.45669 3.38432
internal_count=6421 5512 909 451 5371
is_linear=0
shrinkage=0.025


Tree=341
num_leaves=7
num_cat=0
split_feature=26 18 6 22 22 20
split_gain=0.398301 0.210526 0.173588 0.090241 0.066416 0.0152563
threshold=-0.99881544709205616 0.46297191083431249 4.6658742427825937 0.86549249291419994 -0.098699886351823793 -0.0054697822779417029
decision_type=2 2 2 2 2 2
left_child=2 3 4 -2 -1 -3
right_child=1 5 -4 -5 -6 -7
leaf_value=0 -0.0066145499262974909 0 -0.00095136509996881591 0 0.0056428083543804027 0.0013585673349686956
leaf_weight=0.1121305307933661 2.9015919745215801 0.22376666803029377 0.40122763168255904 0.325050625251606 2.4491446029642248 1.1491753469126702
leaf_count=188 5073 151 470 37 286 228
internal_value=-0.000462389 -0.00407679 0.00340056 -0.00593023 0.00508717 0.00053357
internal_weight=7.56209 4.59958 2.9625 3.22664 2.56128 1.37294
internal_count=6433 5489 944 5110 474 379
is_linear=0
shrinkage=0.025


Tree=342
num_leaves=6
num_cat=0
split_feature=21 14 6 22 15
split_gain=0.287893 0.252365 0.232126 0.111371 0.0150142
threshold=0.0067948610521852979 0.44003073871135717 4.6658742427825937 0.91645777225494396 2.9411590099334721
decision_type=2 2 2 2 2
left_child=4 2 -2 -3 -1
right_child=1 3 -4 -5 -6
leaf_value=-0.0042453110300004976 0.0064000579019800928 -0.0034475170962877458 -0.00094726013634856157 0.0010702703143941406 0
leaf_weight=1.2014213916554579 3.8642270202944928 1.3452795122575483 0.37966802928895038 0.79303121928023745 0.054155012181581585
leaf_count=3177 1894 975 291 101 15
internal_value=0 0.00261024 0.00490979 -0.00132039 -0.00404556
internal_weight=7.63778 6.38221 4.2439 2.13831 1.25558
internal_count=6453 3261 2185 1076 3192
is_linear=0
shrinkage=0.025


Tree=343
num_leaves=7
num_cat=0
split_feature=18 27 19 13 26 26
split_gain=0.305667 0.262644 0.271189 0.0583395 0.050738 0.0331675
threshold=0.46297191083431249 0.71666583418846141 0.23221597075462344 2.2139854431152348 -0.79746627807617176 -0.36019937694072718
decision_type=2 2 2 2 2 2
left_child=1 2 -1 -2 -5 -3
right_child=3 5 -4 4 -6 -7
leaf_value=-0.0077685513495596818 0 0.0027081208079628603 4.0083409695445357e-05 0.0044818876670041597 0 0
leaf_weight=2.2412514939987886 0.16197496978202286 0.16159779331792379 2.0003880251570081 1.9934956574961693 0.21826334099023337 0.15254445534810646
leaf_count=5000 103 16 787 308 116 76
internal_value=-0.000385031 -0.00355113 -0.00538037 0.00313146 0.00388358 0.00179514
internal_weight=6.92952 4.55578 4.24164 2.37373 2.21176 0.314142
internal_count=6406 5879 5787 527 424 92
is_linear=0
shrinkage=0.025


Tree=344
num_leaves=7
num_cat=0
split_feature=27 6 18 19 1 22
split_gain=0.377566 0.193584 0.156658 0.137245 0.0250575 0.0230266
threshold=0.13674183934926989 3.3511469364166264 0.46297191083431249 0.53344660997390758 5.9578571319580087 -0.098699886351823793
decision_type=2 2 2 2 2 2
left_child=1 5 3 -2 -3 -1
right_child=2 4 -4 -5 -6 -7
leaf_value=0 -0.0067954429009770964 -0.0019443730889525631 0.00013224357508534137 0 0 0.0054219790382448486
leaf_weight=0.17920998242334496 2.4663060515158581 0.61053783582428856 1.2162627469951983 0.66287437891151046 0.40896422889636597 2.0927938398890551
leaf_count=110 4702 930 344 130 102 161
internal_value=-0.000555628 0.00308048 -0.00415318 -0.00564452 -0.000960228 0.00516666
internal_weight=7.63695 3.29151 4.34544 3.12918 1.0195 2.272
internal_count=6479 1303 5176 4832 1032 271
is_linear=0
shrinkage=0.025


Tree=345
num_leaves=6
num_cat=0
split_feature=21 14 2 24 15
split_gain=0.247103 0.243271 0.23713 0.0995219 0.0154953
threshold=0.0067948610521852979 0.38677980005741125 4.0413956642150888 -5.3367252349853507 2.9411590099334721
decision_type=2 2 2 2 2
left_child=4 2 -2 -3 -1
right_child=1 3 -4 -5 -6
leaf_value=-0.0041582289118687263 0.0065324496708550452 0.00090542089335096231 -0.00061102717893563008 -0.0033383246210256651 0
leaf_weight=1.182724855834749 2.9694559399267746 0.64849181420504498 1.1406349424050857 1.5205652949643989 0.050992730364669003
leaf_count=3174 1449 76 650 1083 13
internal_value=0 0.00225234 0.00461664 -0.00145117 -0.00394916
internal_weight=7.51287 6.27915 4.11009 2.16906 1.23372
internal_count=6445 3258 2099 1159 3187
is_linear=0
shrinkage=0.025


Tree=346
num_leaves=6
num_cat=0
split_feature=6 21 14 15 11
split_gain=0.367128 0.175777 0.168779 0.0426273 0.0188229
threshold=3.3511469364166264 0.0067948610521852979 0.39208140969276434 1.2623354792594912 2.6847175359725957
decision_type=2 2 2 2 2
left_child=1 4 -3 -2 -1
right_child=3 2 -4 -5 -6
leaf_value=0 -0.0050694242426952479 0.0061104080483266356 0 0 -0.0018366863353355871
leaf_weight=0.14914001722354431 1.4566271802104891 2.9890719813138276 1.981779977066253 0.30481913211951894 0.62955087900445506
leaf_count=8 2438 1253 757 124 1817
internal_value=0 0.00289621 0.00439733 -0.00453875 -0.00111828
internal_weight=7.51099 5.74954 4.97085 1.76145 0.778691
internal_count=6397 3835 2010 2562 1825
is_linear=0
shrinkage=0.025


Tree=347
num_leaves=7
num_cat=0
split_feature=14 21 2 26 22 19
split_gain=0.243174 0.352675 0.230897 0.118528 0.0632063 0.0142602
threshold=0.38677980005741125 0.01910982467234135 4.0413956642150888 -0.93772077560424794 1.4670578837394717 0.12555272877216342
decision_type=2 2 2 2 2 2
left_child=1 -1 -3 5 -5 -2
right_child=3 2 -4 4 -6 -7
leaf_value=-0.0023634364529454034 0 0.0072035293475030586 -0.00031530896883882518 -0.0052566239029376259 0 0.0012504903127515832
leaf_weight=0.85764429027040012 0.31149581077988864 3.2243765303646796 1.0015009827384345 1.1857767235924255 0.14394333769450884 0.96881559615212609
leaf_count=2496 289 1415 622 1391 8 190
internal_value=0.000298728 0.00307512 0.00553901 -0.00275506 -0.00455661 0.000258895
internal_weight=7.69355 5.08352 4.22588 2.61003 1.32972 1.28031
internal_count=6411 4533 2037 1878 1399 479
is_linear=0
shrinkage=0.025


Tree=348
num_leaves=7
num_cat=0
split_feature=18 27 19 11 3 26
split_gain=0.295712 0.232272 0.326549 0.0750279 0.0448323 0.0329611
threshold=0.46297191083431249 0.71666583418846141 0.53344660997390758 2.3318535089492802 1.1808076500892641 -0.36019937694072718
decision_type=2 2 2 2 2 2
left_child=1 2 -1 -2 -5 -3
right_child=3 5 -4 4 -6 -7
leaf_value=-0.0071403233589455248 0 0.0026795840512641011 0.001062573583899209 0 0.0048645506120412836 0
leaf_weight=3.2161481271868979 0.33446579082738059 0.16610822104848921 1.2354560124804264 0.06778963879332911 2.0389519738655508 0.15432287879229978
leaf_count=5547 129 18 277 22 386 74
internal_value=0 -0.00308768 -0.00484471 0.00350961 0.00441536 0.00176066
internal_weight=7.21324 4.77204 4.4516 2.44121 2.10674 0.320431
internal_count=6453 5916 5824 537 408 92
is_linear=0
shrinkage=0.025


Tree=349
num_leaves=7
num_cat=0
split_feature=26 27 13 18 24 26
split_gain=0.343435 0.404045 0.188789 0.115949 0.110452 0.0433549
threshold=-0.93772077560424794 0.71666583418846141 2.2139854431152348 0.80072763562202465 0.45475338399410253 -0.36019937694072718
decision_type=2 2 2 2 2 2
left_child=2 3 -1 -2 -4 -3
right_child=1 5 4 -5 -6 -7
leaf_value=-0.0015753160304513647 -0.0079910991980127587 0.0031475368594521126 0.0052493598633554118 0 -8.6658760868224256e-05 0
leaf_weight=0.52397464543173589 2.4903690535466021 0.27319119469757425 3.0151666251003921 0.32467540799552796 0.22318866658315517 0.1637833854620111
leaf_count=644 4525 18 563 41 571 85
internal_value=-0.000974328 -0.00465047 0.00233041 -0.00720637 0.00429356 0.00215052
internal_weight=7.01435 3.25202 3.76233 2.81504 3.23836 0.436975
internal_count=6447 4669 1778 4566 1134 103
is_linear=0
shrinkage=0.025


end of trees

feature_importances:
Column_21=243
Column_22=206
Column_13=185
Column_6=182
Column_26=171
Column_27=171
Column_24=117
Column_19=99
Column_17=84
Column_25=78
Column_5=56
Column_18=47
Column_3=44
Column_12=44
Column_14=43
Column_2=37
Column_7=36
Column_23=34
Column_15=31
Column_16=25
Column_20=23
Column_1=17
Column_8=12
Column_0=11
Column_4=11
Column_11=6
Column_10=4
Column_9=1

parameters:
[boosting: gbdt]
[objective: binary]
[metric: binary_logloss]
[tree_learner: serial]
[device_type: cpu]
[data_sample_strategy: bagging]
[data: ]
[valid: ]
[num_iterations: 350]
[learning_rate: 0.025]
[num_leaves: 7]
[num_threads: 4]
[seed: 990001]
[deterministic: 0]
[force_col_wise: 0]
[force_row_wise: 0]
[histogram_pool_size: -1]
[max_depth: 3]
[min_data_in_leaf: 20]
[min_sum_hessian_in_leaf: 0.001]
[bagging_fraction: 0.8]
[pos_bagging_fraction: 1]
[neg_bagging_fraction: 1]
[bagging_freq: 1]
[bagging_seed: 990001]
[bagging_by_query: 0]
[feature_fraction: 0.8]
[feature_fraction_bynode: 1]
[feature_fraction_seed: 990001]
[extra_trees: 0]
[extra_seed: 13850]
[early_stopping_round: 0]
[early_stopping_min_delta: 0]
[first_metric_only: 0]
[max_delta_step: 0]
[lambda_l1: 0.25]
[lambda_l2: 5]
[linear_lambda: 0]
[min_gain_to_split: 0.01]
[drop_rate: 0.1]
[max_drop: 50]
[skip_drop: 0.5]
[xgboost_dart_mode: 0]
[uniform_drop: 0]
[drop_seed: 23890]
[top_rate: 0.2]
[other_rate: 0.1]
[min_data_per_group: 100]
[max_cat_threshold: 32]
[cat_l2: 10]
[cat_smooth: 10]
[max_cat_to_onehot: 4]
[top_k: 20]
[monotone_constraints: ]
[monotone_constraints_method: basic]
[monotone_penalty: 0]
[feature_contri: ]
[forcedsplits_filename: ]
[refit_decay_rate: 0.9]
[cegb_tradeoff: 1]
[cegb_penalty_split: 0]
[cegb_penalty_feature_lazy: ]
[cegb_penalty_feature_coupled: ]
[path_smooth: 0]
[interaction_constraints: ]
[verbosity: -1]
[saved_feature_importance_type: 0]
[use_quantized_grad: 0]
[num_grad_quant_bins: 4]
[quant_train_renew_leaf: 0]
[stochastic_rounding: 1]
[linear_tree: 0]
[max_bin: 255]
[max_bin_by_feature: ]
[min_data_in_bin: 3]
[bin_construct_sample_cnt: 200000]
[data_random_seed: 21701]
[is_enable_sparse: 1]
[enable_bundle: 1]
[use_missing: 1]
[zero_as_missing: 0]
[feature_pre_filter: 1]
[pre_partition: 0]
[two_round: 0]
[header: 0]
[label_column: ]
[weight_column: ]
[group_column: ]
[ignore_column: ]
[categorical_feature: ]
[forcedbins_filename: ]
[precise_float_parser: 0]
[parser_config_file: ]
[objective_seed: 21538]
[num_class: 1]
[is_unbalance: 0]
[scale_pos_weight: 1]
[sigmoid: 1]
[boost_from_average: 1]
[reg_sqrt: 0]
[alpha: 0.9]
[fair_c: 1]
[poisson_max_delta_step: 0.7]
[tweedie_variance_power: 1.5]
[lambdarank_truncation_level: 30]
[lambdarank_norm: 1]
[label_gain: ]
[lambdarank_position_bias_regularization: 0]
[eval_at: ]
[multi_error_top_k: 1]
[auc_mu_weights: ]
[num_machines: 1]
[local_listen_port: 12400]
[time_out: 120]
[machine_list_filename: ]
[machines: ]
[gpu_platform_id: -1]
[gpu_device_id: -1]
[gpu_device_id_list: ]
[gpu_use_dp: 0]
[num_gpu: 1]

end of parameters

pandas_categorical:null
