tree
version=v4
num_class=1
num_tree_per_iteration=1
label_index=0
max_feature_idx=29
objective=binary sigmoid:1
feature_names=Column_0 Column_1 Column_2 Column_3 Column_4 Column_5 Column_6 Column_7 Column_8 Column_9 Column_10 Column_11 Column_12 Column_13 Column_14 Column_15 Column_16 Column_17 Column_18 Column_19 Column_20 Column_21 Column_22 Column_23 Column_24 Column_25 Column_26 Column_27 Column_28 Column_29
feature_infos=[-4.4581594467163086:8.5159740447998047] [-4.9792227745056152:9.1503047943115234] [-5.3707637786865234:8.4522132873535156] [-5.605412483215332:11.453814506530762] [-5.4484105110168457:11.272500991821289] [-5.0017485618591309:10.254034996032715] [-4.7606854438781738:8.8928852081298828] [-2.6070883274078369:7.7766919136047363] [-2.465862512588501:7.9961123466491699] [-2.725466251373291:8.067591667175293] [-3.649064302444458:8.2824888229370117] [-3.9038512706756592:8.4823122024536133] [-4.1922345161437988:8.5122480392456055] [-3.3687105178833008:8.3070468902587891] [-4.6340794563293457:5.5208940505981445] [-5.1695089340209961:6.7352347373962402] [-10.663614273071289:7.1673679351806641] [-1.9023224115371704:5.3787193298339844] [-2.6563105583190918:3.1034266948699951] [-3.4577350616455078:6.6505193710327148] [-10.828666687011719:6.4521923065185547] [-2.5894672870635986:5.3428850173950195] [-3.1398642063140869:8.2166194915771484] [-28.096717834472656:26.217466354370117] [-36.426158905029297:14.206513404846191] [-62.643627166748047:22.133077621459961] [-2.397939920425415:0.75535547733306885] [-1.2905910015106201:1.8538972139358521] [0:7] [0:7]
tree_sizes=886 856 843 872 877 897 886 895 889 877 851 871 894 893 895 875 872 898 885 900 881 869 877 897 854 877 867 881 788 881 857 875 875 855 887 878 883 898 878 849 884 880 877 788 872 895 859 862 858 857 891 879 876 793 875 877 865 876 898 896 779 883 871 875 876 777 780 881 876 852 775 793 866 853 860 862 878 882 873 866 797 860 877 775 868 794 873 878 796 879 833 888 770 900 869 877 884 797 880 871 797 838 908 893 845 864 754 882 905 763 884 882 887 858 754 858 754 873 873 771 797 776 906 798 856 775 863 869 868 872 789 886 780 862 901 801 848 762 766 762 760 872 868 777 778 861 774 862 772 883 863 864 866 907 786 882 767 803 863 679 865 850 865 855 885 898 695 866 768 859 876 884 886 749 845 768 884 758 859 843 848 787 782 879 857 873 766 875 847 879 839 761 762 874 769 668 569 841 861 766 886 751 872 820 856 805 876 863 767 764 884 790 788 861 873 756 752 754 855 861 853 845 863 882 788 861 856 871 886 890 859 781 868 858 894 879 863 778 776 777 833 873 841 876 733 745 869 772 859 750 905 848 673 873 775 885 846 698 853 769 758 792 864 860 850 879 870 844 878 877 856 763 878 889 877 886 787 871 899 863 855 673 852 872 766 870 876 864 898 759 843 860 649 894 859 845 900 865 754 864 771 879 873 869 897 889 749 868 782 858 858 678 860 788 891 888 858 756 768 872 868 857 866 863 859 896 790 767 897 829 830 883 865 875 790 856 844 770 853 864 871 768 877 783 892 865 854 781 863 891

Tree=0
num_leaves=7
num_cat=0
split_feature=22 13 17 2 24 16
split_gain=132.066 17.7034 11.7646 5.4714 1.37868 0.946368
threshold=0.14006952196359637 2.9607307910919194 0.8368440866470338 1.5937303304672243 0.26164147257804876 1.2378446459770205
decision_type=2 2 2 2 2 2
left_child=2 -2 5 -3 -4 -1
right_child=1 3 4 -5 -6 -7
leaf_value=-0.13466155926355428 -0.10698655194433057 -0.098020506289650214 -0.083643566716505524 -0.054488058751002565 -0.10068221839914873 -0.095310194858114469
leaf_weight=27.221741181332625 2.4862554287537959 0.99521504784934478 1.8590606185607605 27.268836618633941 0.78172406111843873 0.61788171995431085
leaf_count=4804 425 201 33 661 201 87
internal_value=-0.0955537 -0.0617127 -0.129794 -0.0563858 -0.0897201 -0.134058
internal_weight=61.2307 30.7503 30.4804 28.2641 2.64078 27.8396
internal_count=6412 1287 5125 862 234 4891
is_linear=0
shrinkage=1


Tree=1
num_leaves=7
num_cat=0
split_feature=21 13 19 26 13 21
split_gain=137.149 14.7616 9.10404 4.19893 1.69655 0.758663
threshold=0.39578266441822058 3.0535480976104741 0.65201070904731762 -0.79632219672203053 7.048504352569581 1.8383264541625979
decision_type=2 2 2 2 2 2
left_child=2 5 4 -3 -1 -2
right_child=1 3 -4 -5 -6 -7
leaf_value=-0.039004927912251831 -0.012190520740582057 0.040911674968800389 0.0055290786265258978 0 0 0.0020868387941778868
leaf_weight=28.510552091873258 1.9144708301173552 26.408435749239295 1.6947383935912501 1.9543021601275494 0.40313733986113121 0.66904992068884883
leaf_count=4912 515 468 149 441 19 26
internal_value=-0.000499561 0.0338952 -0.035326 0.0386919 -0.0383671 -0.00873085
internal_weight=61.5547 30.9463 30.6084 28.3627 28.9137 2.58352
internal_count=6530 1450 5080 909 4931 541
is_linear=0
shrinkage=0.025


Tree=2
num_leaves=7
num_cat=0
split_feature=21 19 6 26 16 21
split_gain=124.305 19.3336 11.3982 4.02311 0.80259 0.614619
threshold=0.4829604327678681 0.56897929310798656 3.3658443689346318 -0.85234221816062916 1.2378446459770205 -0.50965106487274159
decision_type=2 2 2 2 2 2
left_child=1 4 3 -2 -1 -3
right_child=2 5 -4 -5 -6 -7
leaf_value=-0.038252340181399835 0.040599932458373261 -0.0011629322752064125 -0.0065853513195374865 0 0 0.014368313599987748
leaf_weight=28.300728502625141 25.125746416160844 0.26238432951504398 2.1792754508787757 1.5622695800266218 0.65901613794267078 2.7245194347924544
leaf_count=4929 278 70 454 453 97 126
internal_value=0 -0.031799 0.0345087 0.0385712 -0.0376839 0.0123475
internal_weight=60.8139 31.9466 28.8673 26.688 28.9597 2.9869
internal_count=6407 5222 1185 731 5026 196
is_linear=0
shrinkage=0.025


Tree=3
num_leaves=7
num_cat=0
split_feature=21 19 13 27 23 5
split_gain=112.952 12.623 11.5864 5.48843 2.74492 0.663896
threshold=0.39578266441822058 0.65201070904731762 2.2151846885681157 0.31392602622509008 -5.3722805976867667 3.7903957366943364
decision_type=2 2 2 2 2 2
left_child=1 4 -2 -4 -1 -3
right_child=2 5 3 -5 -6 -7
leaf_value=0 -0.0100684706484548 0.012023150621136847 0.037806650245842836 -0.0020892038406521841 -0.037398002854640434 -0.0019791544433480999
leaf_weight=0.95284534920938924 1.537526913278273 1.778758600354194 25.856185568438381 1.4571337897796173 27.56594651384512 0.35506216523936007
leaf_count=98 292 31 701 475 4732 116
internal_value=-0.000933091 -0.0320087 0.0317497 0.0354909 -0.0361617 0.00906296
internal_weight=59.5035 30.6526 28.8508 27.3133 28.5188 2.13382
internal_count=6445 4977 1468 1176 4830 147
is_linear=0
shrinkage=0.025


Tree=4
num_leaves=7
num_cat=0
split_feature=24 13 27 12 27 18
split_gain=114.253 11.9676 8.36979 2.52889 2.33352 2.12648
threshold=-1.2250545620918272 3.0535480976104741 0.077177058905363097 2.9992038011550908 0.25763370096683508 0.33931531012058264
decision_type=2 2 2 2 2 2
left_child=1 -1 3 -2 -3 -4
right_child=2 4 5 -5 -6 -7
leaf_value=-0.0083968264661689052 -0.010424988457916885 0.039267569892581122 -0.035168840664486105 0.010517328646650085 0.0022299842294037551 0
leaf_weight=1.9363468920346374 1.6861958113731805 25.612402254773773 26.707093808974609 2.7490871750633232 2.1248810030519953 0.99826563632814114
leaf_count=410 306 340 4664 138 383 173
internal_value=0.000779805 0.0334467 -0.029654 0.000587813 0.0373951 -0.0340361
internal_weight=61.8143 29.6736 32.1406 4.43528 27.7373 27.7054
internal_count=6414 1133 5281 444 723 4837
is_linear=0
shrinkage=0.025


Tree=5
num_leaves=7
num_cat=0
split_feature=24 6 17 2 13 27
split_gain=112.957 11.4612 10.5486 3.10721 1.85208 0.389198
threshold=-1.2250545620918272 4.1178398132324228 0.56762325763702404 1.5937303304672243 3.5682592391967778 0.72156876325607311
decision_type=2 2 2 2 2 2
left_child=1 3 5 -1 -4 -2
right_child=2 -3 4 -5 -6 -7
leaf_value=-0.0010353745517480439 -0.036794663070473306 -0.0097525290894691814 -0.0074412630329371166 0.037219351427200183 0.010667216586985037 -0.0010237850174118703
leaf_weight=0.77815417898819461 26.299631197995048 1.5311440009390924 1.7604033206007432 26.406956385821104 2.3390669170184992 0.84861742676002805
leaf_count=146 4584 294 441 713 189 70
internal_value=-0.000660317 0.0322328 -0.0313376 0.0359394 0.00238821 -0.0362041
internal_weight=59.964 28.7163 31.2477 27.1851 4.09947 27.1482
internal_count=6437 1153 5284 859 630 4654
is_linear=0
shrinkage=0.025


Tree=6
num_leaves=7
num_cat=0
split_feature=22 17 6 26 24 27
split_gain=106.824 12.8838 11.5136 4.01029 3.75868 0.356243
threshold=0.18843943625688556 0.52575585246086132 4.1178398132324228 -0.89667558670043934 0.18917535990476611 0.72156876325607311
decision_type=2 2 2 2 2 2
left_child=1 5 3 -2 -3 -1
right_child=2 4 -4 -5 -6 -7
leaf_value=-0.03615395717620884 0.037612677328776718 0.014493902997529021 -0.0099975760083169125 0.0011650585313935122 -0.010865815223032959 -0.0010142267750236152
leaf_weight=26.047754301223911 25.637889323872518 3.0513369744294314 1.5965722168330092 2.7391479867510524 1.7560472328332251 0.84775650117080559
leaf_count=4560 334 107 277 531 623 69
internal_value=0 -0.0297359 0.0313219 0.0349833 0.00377627 -0.0355749
internal_weight=61.6765 31.7029 29.9736 28.377 4.80738 26.8955
internal_count=6501 5359 1142 865 730 4629
is_linear=0
shrinkage=0.025


Tree=7
num_leaves=7
num_cat=0
split_feature=21 6 19 26 23 21
split_gain=101.577 12.1227 5.77966 5.16691 1.58635 0.667467
threshold=0.35430774092674261 3.2758486270904545 0.65201070904731762 -0.79632219672203053 -7.3525879383087149 1.8383264541625979
decision_type=2 2 2 2 2 2
left_child=2 3 4 -2 -1 -3
right_child=1 5 -4 -5 -6 -7
leaf_value=0.00031859357969066579 0.036101232143073453 -0.011799870414522061 0.0036150455983414613 -0.001116814356951841 -0.035131386782273274 0.0017386148871575231
leaf_weight=0.3604777513537617 24.784182006842464 1.9207832910469727 1.4108118926524174 1.8598653157823708 27.050992130942177 0.69389999785926182
leaf_count=26 415 605 137 483 4690 27
internal_value=-0.00147101 0.0288852 -0.0321863 0.0335398 -0.0344951 -0.00860375
internal_weight=58.081 29.2587 28.8223 26.644 27.4115 2.61468
internal_count=6383 1530 4853 898 4716 632
is_linear=0
shrinkage=0.025


Tree=8
num_leaves=7
num_cat=0
split_feature=22 13 17 2 24 17
split_gain=104.671 12.2082 9.57662 4.70415 1.06578 0.630493
threshold=0.14006952196359637 2.9607307910919194 0.8368440866470338 1.5937303304672243 0.38999566435813909 0.49945004284381872
decision_type=2 2 2 2 2 2
left_child=2 5 -1 -3 -4 -2
right_child=1 3 4 -5 -6 -7
leaf_value=-0.034459943919379357 -0.011404240359422543 -0.0027920920558570073 0.010577794208334547 0.035866735300727128 -0.0045113561103352334 0.0016942813445863165
leaf_weight=26.295871104055554 1.915372924471739 1.040167325525547 1.8827614531619468 29.341618419857696 0.69947876821970556 0.68772079306654621
leaf_count=4867 362 212 32 693 192 51
internal_value=0.00152203 0.0299956 -0.0304433 0.034159 0.00538654 -0.0082832
internal_weight=61.863 32.9849 28.8781 30.3818 2.58224 2.60309
internal_count=6409 1318 5091 905 224 413
is_linear=0
shrinkage=0.025


Tree=9
num_leaves=7
num_cat=0
split_feature=21 6 19 26 13 21
split_gain=94.2352 11.8674 10.9972 4.40257 1.48992 0.741112
threshold=0.35430774092674261 3.5626829862594609 0.65201070904731762 -0.79632219672203053 7.048504352569581 1.8383264541625979
decision_type=2 2 2 2 2 2
left_child=2 3 4 -2 -1 -3
right_child=1 5 -4 -5 -6 -7
leaf_value=-0.034908616641648363 0.035067599768231372 -0.012043855840394628 0.0081601471853379459 0 5.6838077364169623e-05 0.0020580495200378649
leaf_weight=26.856419563235256 25.123636550270028 2.0049672002787697 2.1497349666897199 2.153258108533918 0.39915812894469027 0.65576498402515415
leaf_count=4705 494 553 147 513 19 23
internal_value=-0.000859742 0.0280313 -0.0302544 0.0325952 -0.0342733 -0.00867763
internal_weight=59.3429 29.9376 29.4053 27.2769 27.2556 2.66073
internal_count=6454 1583 4871 1007 4724 576
is_linear=0
shrinkage=0.025


Tree=10
num_leaves=7
num_cat=0
split_feature=22 6 27 26 13 18
split_gain=95.5225 10.5363 6.04321 2.88209 1.84522 0.64336
threshold=0.22140643000602725 4.1178398132324228 0.077177058905363097 -0.79632219672203053 2.2775670289993291 0.46519304811954504
decision_type=2 2 2 2 2 2
left_child=2 3 4 -2 -1 -4
right_child=1 -3 5 -5 -6 -7
leaf_value=-0.0094981337103781961 0.035176652011634522 -0.0095719166093235133 -0.032148188360045876 0 0.0085782396393116935 0
leaf_weight=1.6403690662700707 26.975255091034345 1.5663710348890152 26.092858173826247 1.5266910250065873 2.5313612335012294 0.59854967606952314
leaf_count=298 464 269 4741 343 150 179
internal_value=0.000730598 0.0301043 -0.0279196 0.0335744 0 -0.0316433
internal_weight=60.9315 30.0683 30.8631 28.5019 4.17173 26.6914
internal_count=6444 1076 5368 807 448 4920
is_linear=0
shrinkage=0.025


Tree=11
num_leaves=7
num_cat=0
split_feature=21 19 13 2 13 21
split_gain=89.9731 11.8845 10.6847 4.09012 1.26957 0.634257
threshold=0.39578266441822058 0.65201070904731762 3.0535480976104741 1.5937303304672243 7.048504352569581 1.8383264541625979
decision_type=2 2 2 2 2 2
left_child=1 4 5 -4 -1 -2
right_child=2 -3 3 -5 -6 -7
leaf_value=-0.033258514980102037 -0.011004667074844621 0.0093911110541194578 -0.0038346864821372745 0.034003859978060068 0 0.0018982994930606886
leaf_weight=26.705771076027311 1.8169839790207363 2.3690432484145267 0.57355345558608206 27.388494010374416 0.43508127395762031 0.66804548847721879
leaf_count=4861 510 147 176 735 22 24
internal_value=0.000447026 -0.0282286 0.0284777 0.0325742 -0.0326568 -0.00775
internal_weight=59.957 29.5099 30.4471 27.962 27.1409 2.48503
internal_count=6475 5030 1445 911 4883 534
is_linear=0
shrinkage=0.025


Tree=12
num_leaves=7
num_cat=0
split_feature=22 13 17 2 22 2
split_gain=85.0921 10.3093 8.63075 3.60896 1.76139 0.595176
threshold=0.15293742716312411 2.9607307910919194 0.52575585246086132 1.5937303304672243 -0.098312754184007631 4.0022001266479501
decision_type=2 2 2 2 2 2
left_child=2 5 -1 -3 -4 -2
right_child=1 3 4 -5 -6 -7
leaf_value=-0.03233940872516286 0.0017500217214504532 -0.0021486914094957818 -0.0071555126636393381 0.033276706994094962 0.01051233105405283 -0.010789223070676639
leaf_weight=24.954741365218073 0.67701979796402456 0.93882024782942863 1.7811826419783754 27.010047099727672 2.3012971558491691 1.8342534521361811
leaf_count=4481 58 185 592 655 112 351
internal_value=0.000552566 0.0277037 -0.0276312 0.0317516 0.00242013 -0.007662
internal_weight=59.4974 30.4601 29.0372 27.9489 4.08248 2.51127
internal_count=6434 1249 5185 840 704 409
is_linear=0
shrinkage=0.025


Tree=13
num_leaves=7
num_cat=0
split_feature=21 24 6 2 27 21
split_gain=80.8529 12.0971 7.6649 2.28562 0.608082 0.547461
threshold=0.4829604327678681 -4.7351050376892081 3.7416980266571049 1.5937303304672243 0.72156876325607311 1.8383264541625979
decision_type=2 2 2 2 2 2
left_child=1 -1 3 -2 -3 -4
right_child=2 4 5 -5 -6 -7
leaf_value=0.010934284579933028 -0.0019587950827254811 -0.032214002144367468 -0.0091754992679897937 0.03211107154858682 -3.1099091628975141e-05 0.0022444539613841589
leaf_weight=2.0572200060123604 0.3492609306704314 27.431413408194206 1.4755914324196049 24.161208797653671 0.77538906270638008 0.62699203216470767
leaf_count=50 125 5155 377 689 73 16
internal_value=-0.00143231 -0.0274433 0.0276115 0.0311642 -0.0316554 -0.0057074
internal_weight=56.8771 30.264 26.6131 24.5105 28.2068 2.10258
internal_count=6485 5278 1207 814 5228 393
is_linear=0
shrinkage=0.025


Tree=14
num_leaves=7
num_cat=0
split_feature=22 13 17 2 24 2
split_gain=78.9837 9.46175 9.29678 3.05683 2.63218 0.619439
threshold=0.18843943625688556 2.9607307910919194 0.52575585246086132 1.5937303304672243 0.45993100106716162 4.0022001266479501
decision_type=2 2 2 2 2 2
left_child=2 5 -1 -3 -4 -2
right_child=1 3 4 -5 -6 -7
leaf_value=-0.031646856114546811 0.002040168051528333 -0.0017140947137636434 0.012217072394132451 0.032254604476955655 -0.0092701316244050199 -0.010522359316536009
leaf_weight=24.983970980159942 0.63488007942214908 0.86743007256882521 2.8298530399915753 26.215906855708454 1.5586956775514407 1.8176955063245257
leaf_count=4574 48 178 139 636 574 328
internal_value=0.000156736 0.0269374 -0.0265922 0.0308743 0.00304711 -0.00724476
internal_weight=58.9084 29.5359 29.3725 27.0833 4.38855 2.45258
internal_count=6477 1190 5287 814 713 376
is_linear=0
shrinkage=0.025


Tree=15
num_leaves=7
num_cat=0
split_feature=22 17 13 24 26 17
split_gain=77.378 13.4149 8.95544 3.33716 2.38688 0.31336
threshold=0.22140643000602725 0.52575585246086132 2.9607307910919194 0.45993100106716162 -0.79632219672203053 1.1195971369743349
decision_type=2 2 2 2 2 2
left_child=1 -1 5 -3 -4 -2
right_child=2 3 4 -5 -6 -7
leaf_value=-0.032113652996496107 -0.0096013520697676713 0.014833936537456181 0.032623731750537698 -0.0092384818528634463 0 0.00067685731379651536
leaf_weight=24.80612853058847 1.6273733636480781 3.5659344893647349 25.384038141637578 1.5555512782302683 1.4645573027082708 0.30295773432590056
leaf_count=4660 333 144 396 556 314 10
internal_value=0.000536706 -0.0255008 0.0275652 0.005953 0.0311211 -0.00776188
internal_weight=58.7065 29.9276 28.7789 5.12149 26.8486 1.93033
internal_count=6413 5360 1053 700 710 343
is_linear=0
shrinkage=0.025


Tree=16
num_leaves=7
num_cat=0
split_feature=22 17 6 2 13 16
split_gain=74.5707 9.93874 9.4339 3.15911 1.13413 0.818601
threshold=0.18843943625688556 0.8368440866470338 3.7416980266571049 1.5937303304672243 2.2775670289993291 1.2378446459770205
decision_type=2 2 2 2 2 2
left_child=1 5 3 -2 -3 -1
right_child=2 4 -4 -5 -6 -7
leaf_value=-0.031091350276878 -0.0019794280020954346 -0.0043466858343544417 -0.0084877422630542775 0.031446773300016342 0.011244133669882703 0
leaf_weight=25.298697765974801 0.89992737385910615 0.69857642584247459 2.0901707941666237 26.383984959975351 2.4818829172290862 0.60120270570041512
leaf_count=4922 176 135 367 611 110 98
internal_value=0.000200024 -0.0259277 0.0262572 0.0300148 0.00649198 -0.0305173
internal_weight=58.4544 29.0804 29.3741 27.2839 3.18046 25.8999
internal_count=6419 5265 1154 787 245 5020
is_linear=0
shrinkage=0.025


Tree=17
num_leaves=7
num_cat=0
split_feature=21 19 6 26 23 5
split_gain=72.4069 11.2461 8.26664 2.87171 2.05736 0.215758
threshold=0.39578266441822058 0.65201070904731762 4.1178398132324228 -0.84831795096397389 -5.3722805976867667 4.0166051387786874
decision_type=2 2 2 2 2 2
left_child=1 4 3 -2 -1 -4
right_child=2 -3 5 -5 -6 -7
leaf_value=6.7576031684657575e-05 0.0319598261072142 0.0098340425471266802 4.8575696109240862e-05 0.00066557226417525959 -0.030748709422207157 -0.009047565493811879
leaf_weight=0.97261968429666623 25.338013382803187 2.5741465206374405 0.38528345053782587 2.617725012823942 25.145583802950568 1.4930401984020134
leaf_count=101 455 143 80 580 4735 276
internal_value=0.00120632 -0.0249181 0.0264808 0.0297647 -0.0295738 -0.00759409
internal_weight=58.5264 28.6924 29.8341 27.9557 26.1182 1.87832
internal_count=6370 4979 1391 1035 4836 356
is_linear=0
shrinkage=0.025


Tree=18
num_leaves=7
num_cat=0
split_feature=21 19 13 2 23 21
split_gain=66.9609 9.53031 8.11657 2.88925 1.9957 0.657363
threshold=0.40451921522617346 0.65201070904731762 3.0950499773025517 1.5937303304672243 -5.3722805976867667 1.3406988978385928
decision_type=2 2 2 2 2 2
left_child=1 4 5 -4 -1 -2
right_child=2 -3 3 -5 -6 -7
leaf_value=1.029442747218029e-06 -0.0098671562805916629 0.0084380568204281189 -0.0029855351000362346 0.030256663492182114 -0.030375381007571752 0.0022729963376050383
leaf_weight=0.98597734363284573 1.6554972463636688 2.35551662382204 0.47453462914563971 25.071425819885917 24.872758332407102 1.0841155419475397
leaf_count=106 447 148 156 710 4776 67
internal_value=0 -0.0250743 0.0250987 0.0290469 -0.0292021 -0.00589069
internal_weight=56.4998 28.2143 28.2856 25.546 25.8587 2.73961
internal_count=6410 5030 1380 866 4882 514
is_linear=0
shrinkage=0.025


Tree=19
num_leaves=7
num_cat=0
split_feature=21 19 6 26 5 21
split_gain=65.1871 9.4735 9.07991 4.28813 1.21959 0.665077
threshold=0.35430774092674261 0.65201070904731762 3.5626829862594609 -0.79632219672203053 -0.20256123691797254 1.8383264541625979
decision_type=2 2 2 2 2 2
left_child=1 4 3 -2 -1 -4
right_child=2 -3 5 -5 -6 -7
leaf_value=-0.00056727711306056713 0.03062319709275408 0.0083293753410376755 -0.011102118077967883 -0.0017223843847948986 -0.030525960631940408 0.0020446057372242202
leaf_weight=1.5145492796436943 25.175614543550189 2.3603409407660356 1.9333052517613389 1.8430259298766021 23.434056992351543 0.64171380555490021
leaf_count=136 506 141 540 508 4607 21
internal_value=0.000387427 -0.0250818 0.0242992 0.0282972 -0.0293143 -0.00781375
internal_weight=56.9026 27.3089 29.5937 27.0186 24.9486 2.57502
internal_count=6459 4884 1575 1014 4743 561
is_linear=0
shrinkage=0.025


Tree=20
num_leaves=7
num_cat=0
split_feature=24 17 6 27 16 27
split_gain=66.9136 7.30008 7.25826 2.21966 0.808631 0.632314
threshold=-1.2585175633430479 0.8368440866470338 4.1178398132324228 0.25763370096683508 -0.25003591179847712 0.72156876325607311
decision_type=2 2 2 2 2 2
left_child=2 5 3 -1 -3 -2
right_child=1 4 -4 -5 -6 -7
leaf_value=0.030227494101293557 -0.030064218437196519 -0.004095639975134794 -0.0081089132611492001 0.00024169394770955983 0.0087731694883911998 0
leaf_weight=22.823640450660612 24.615411843929913 0.66468585393158752 1.4053033756208595 2.1666999624576411 2.2371256425976744 0.78562619426520441
leaf_count=413 4960 122 299 436 127 76
internal_value=-0.000972212 -0.0256771 0.0251892 0.0283098 0.00430813 -0.0294534
internal_weight=54.6985 28.3028 26.3956 24.9903 2.90181 25.401
internal_count=6433 5285 1148 849 249 5036
is_linear=0
shrinkage=0.025


Tree=21
num_leaves=7
num_cat=0
split_feature=22 17 6 3 24 16
split_gain=65.6927 8.80506 8.42066 2.4901 1.16587 0.928226
threshold=0.18843943625688556 0.8368440866470338 4.1178398132324228 1.094015419483185 0.45993100106716162 1.2378446459770205
decision_type=2 2 2 2 2 2
left_child=1 5 3 -2 -3 -1
right_child=2 4 -4 -5 -6 -7
leaf_value=-0.029312466515658921 -0.0014389200034812457 0.011300927942029597 -0.0090618245651418235 0.029760199361252539 -0.0044710340655626183 0
leaf_weight=23.948646928591195 0.81337125657592579 2.3468047148198816 1.6023177715833288 26.95345944701694 0.72891226992942382 0.52734653529478137
leaf_count=4951 206 46 287 681 201 82
internal_value=0.0012145 -0.024232 0.0253206 0.0285754 0.00633523 -0.0287083
internal_weight=56.9209 27.5517 29.3691 27.7668 3.07572 24.476
internal_count=6454 5280 1174 887 247 5033
is_linear=0
shrinkage=0.025


Tree=22
num_leaves=7
num_cat=0
split_feature=22 17 6 24 25 26
split_gain=59.2459 8.65443 6.72369 2.6575 2.24702 0.434288
threshold=0.22140643000602725 0.52575585246086132 4.1178398132324228 0.45993100106716162 1.0621435642242434 -0.39495889842510218
decision_type=2 2 2 2 2 2
left_child=1 5 4 -3 -2 -1
right_child=2 3 -4 -5 -6 -7
leaf_value=-0.029571330104231963 0.029032115032573282 0.012475177506095107 -0.0078683891318519737 -0.0090277134456438184 0 -0.00035383381962932731
leaf_weight=22.91085239045788 22.782082215941053 3.0045286149252197 1.3608834595652286 1.5863020287360994 1.7130002405610856 0.88578033249359833
leaf_count=4638 486 148 255 562 298 86
internal_value=-0.000634413 -0.0237603 0.024289 0.00356055 0.0273185 -0.0289511
internal_weight=54.2434 28.3875 25.856 4.59083 24.4951 23.7966
internal_count=6473 5434 1039 710 784 4724
is_linear=0
shrinkage=0.025


Tree=23
num_leaves=7
num_cat=0
split_feature=21 19 13 26 20 21
split_gain=57.1925 9.84551 7.06167 3.15045 1.16351 0.584341
threshold=0.39578266441822058 0.65201070904731762 3.1623370647430424 -0.79632219672203053 2.0988131761550908 1.3406988978385928
decision_type=2 2 2 2 2 2
left_child=1 4 5 -4 -1 -2
right_child=2 -3 3 -5 -6 -7
leaf_value=-0.028747114690348147 -0.0093512831906776631 0.0090877470349292663 0.02909777917867273 -0.00079642085778783202 0.00017996945118865738 0.0020893871006830837
leaf_weight=23.756761082680903 1.592729286814577 2.5338136860518707 23.80847758229357 1.6657779147499194 0.39158814935944875 1.0758839053451081
leaf_count=4770 501 144 453 426 60 65
internal_value=0.000447307 -0.0235065 0.0234665 0.0271279 -0.0281132 -0.00556888
internal_weight=54.825 26.6822 28.1429 25.4743 24.1483 2.66861
internal_count=6419 4974 1445 879 4830 566
is_linear=0
shrinkage=0.025


Tree=24
num_leaves=7
num_cat=0
split_feature=22 6 17 27 24 27
split_gain=59.3071 8.31697 5.01009 4.4829 1.92261 0.635512
threshold=0.14006952196359637 4.1178398132324228 0.52575585246086132 0.22193000465631488 0.45993100106716162 0.72156876325607311
decision_type=2 2 2 2 2 2
left_child=2 3 5 -2 -4 -1
right_child=1 -3 4 -5 -6 -7
leaf_value=-0.02856293559521432 0.029598614672188828 -0.0095093751285895266 0.0095809659333474864 0 -0.009010349102760223 0
leaf_weight=21.352572563977454 25.322093930968556 1.737798400747123 2.2707807885017242 3.2275926928850813 1.6014972729608414 0.7742234428296787
leaf_count=4364 406 309 112 576 600 68
internal_value=0.00114036 0.0233101 -0.0240787 0.0266136 0.000442875 -0.0278911
internal_weight=56.2866 30.2875 25.9991 28.5497 3.87228 22.1268
internal_count=6435 1291 5144 982 712 4432
is_linear=0
shrinkage=0.025


Tree=25
num_leaves=7
num_cat=0
split_feature=21 19 13 2 27 21
split_gain=52.2557 11.1486 5.64995 2.35523 0.639254 0.43126
threshold=0.50389787554740917 0.56897929310798656 3.0535480976104741 1.5937303304672243 0.72156876325607311 1.8383264541625979
decision_type=2 2 2 2 2 2
left_child=1 4 5 -4 -1 -2
right_child=2 -3 3 -5 -6 -7
leaf_value=-0.028524938727879069 -0.0082928084173523996 0.0096351184134021457 -0.0026792954244819565 0.02757038155259884 0 0.001828869804340604
leaf_weight=23.71707366214833 1.3761652836110472 3.0917463240912175 0.42745041090529667 22.259115746535826 0.76764482044381921 0.64217081904644135
leaf_count=5032 379 193 123 615 71 25
internal_value=-0.000772369 -0.0226755 0.0231677 0.0263938 -0.0279094 -0.00517324
internal_weight=52.2814 27.5765 24.7049 22.6866 24.4847 2.01834
internal_count=6438 5296 1142 738 5103 404
is_linear=0
shrinkage=0.025


Tree=26
num_leaves=7
num_cat=0
split_feature=22 5 17 26 24 24
split_gain=55.4034 7.17738 4.16379 3.83251 1.79505 0.58108
threshold=0.12087747454643251 4.1458957195281991 0.52575585246086132 -0.84831795096397389 0.45993100106716162 -5.8286581039428702
decision_type=2 2 2 2 2 2
left_child=2 3 -1 -2 -4 -3
right_child=1 5 4 -5 -6 -7
leaf_value=-0.028091607689918183 0.028260773078901732 0.0020959264848674389 0.0090701679991122934 0 -0.0091167948078666305 -0.010114039081623101
leaf_weight=21.177967624971647 23.908200452162426 0.48350653180386904 1.9398837714688846 2.916007929830811 1.628978081687819 1.9105228657717805
leaf_count=4391 438 12 103 560 586 368
internal_value=0.000237088 0.0220087 -0.0246369 0.0254995 0 -0.00705302
internal_weight=53.9651 29.2182 24.7468 26.8242 3.56886 2.39403
internal_count=6458 1378 5080 998 689 380
is_linear=0
shrinkage=0.025


Tree=27
num_leaves=7
num_cat=0
split_feature=21 24 13 26 5 21
split_gain=54.0483 9.45233 6.21286 1.59157 1.15413 0.427828
threshold=0.4829604327678681 -3.9611554145812984 3.0535480976104741 -0.79632219672203053 -0.20256123691797254 1.8383264541625979
decision_type=2 2 2 2 2 2
left_child=1 -1 5 -4 -3 -2
right_child=2 4 3 -5 -6 -7
leaf_value=0.0095527687355977629 -0.0087055179406268415 -0.00033415297574707032 0.027773848269598497 0 -0.028782996577149045 0.0015797129203196387
leaf_weight=2.2104761668597375 1.4642671764595463 1.5047455160529413 22.377303107816267 1.3768298486829689 23.102678792492949 0.66526956245070312
leaf_count=85 398 153 413 346 5036 26
internal_value=-0.000391038 -0.0233256 0.0230983 0.0264548 -0.0276047 -0.00576129
internal_weight=52.7016 26.8179 25.8837 23.7541 24.6074 2.12954
internal_count=6457 5274 1183 759 5189 424
is_linear=0
shrinkage=0.025


Tree=28
num_leaves=6
num_cat=0
split_feature=22 17 6 24 2
split_gain=50.6709 8.57179 6.70246 2.53801 2.10509
threshold=0.22140643000602725 0.52575585246086132 4.1178398132324228 0.45993100106716162 1.5937303304672243
decision_type=2 2 2 2 2
left_child=1 -1 4 -3 -2
right_child=2 3 -4 -5 -6
leaf_value=-0.028022235962527065 -0.0013637509815724866 0.012285993591780751 -0.0081959155305765443 -0.0086696524967537214 0.027063643193118506
leaf_weight=21.938740470504857 0.7952150185010457 3.2061679943581103 1.4888520104577754 1.5601305586169472 23.381164732621983
leaf_count=4720 146 138 270 569 650
internal_value=-0.000177347 -0.0224235 0.0226482 0.00385989 0.0258409
internal_weight=52.3703 26.705 25.6652 4.7663 24.1764
internal_count=6493 5427 1066 707 796
is_linear=0
shrinkage=0.025


Tree=29
num_leaves=7
num_cat=0
split_feature=22 17 6 26 12 27
split_gain=49.1633 7.04877 6.89748 2.64707 0.963727 0.655232
threshold=0.18843943625688556 0.8368440866470338 3.7416980266571049 -0.79632219672203053 2.9992038011550908 0.72156876325607311
decision_type=2 2 2 2 2 2
left_child=1 5 3 -2 -3 -1
right_child=2 4 -4 -5 -6 -7
leaf_value=-0.027068263121870519 0.027517756662276984 -0.0042105056124214528 -0.0074727928700346995 -0.00055376528774448471 0.0099822714683869222 0
leaf_weight=22.003979872679345 22.867793686396912 0.70228486595442463 1.9710759011795733 1.5919054762925977 2.3333995388238691 0.74078699125675385
leaf_count=5006 420 139 367 368 98 70
internal_value=0.000146102 -0.0222221 0.0222271 0.0256947 0.00534422 -0.0264266
internal_weight=52.2112 25.7805 26.4308 24.4597 3.03568 22.7448
internal_count=6468 5313 1155 788 237 5076
is_linear=0
shrinkage=0.025


Tree=30
num_leaves=7
num_cat=0
split_feature=22 21 6 26 13 27
split_gain=44.3407 8.56584 3.66016 1.7762 1.71716 0.592419
threshold=0.36065077781677252 0.42064204812049871 3.9350837469100957 -0.89667558670043934 4.3758718967437753 0.72156876325607311
decision_type=2 2 2 2 2 2
left_child=1 5 3 -2 -3 -1
right_child=2 4 -4 -5 -6 -7
leaf_value=-0.027543758271429738 0.026815230620136899 -0.0060739506111362716 -0.0048144419629494008 0 0.010311021793484247 0
leaf_weight=21.457113345735713 18.259778340288907 2.7127662713755845 0.84803715359885146 1.2935959739261331 3.3382708698045462 0.79306930431630362
leaf_count=4746 214 705 185 328 231 78
internal_value=-0.00190958 -0.0208277 0.0230219 0.0252183 0.00297521 -0.0268885
internal_weight=48.7026 28.3012 20.4014 19.5534 6.05104 22.2502
internal_count=6487 5760 727 542 936 4824
is_linear=0
shrinkage=0.025


Tree=31
num_leaves=7
num_cat=0
split_feature=22 6 21 27 16 20
split_gain=45.7975 7.06121 4.37171 3.66874 0.874485 0.30615
threshold=0.14006952196359637 4.1178398132324228 0.98125115036964428 0.22193000465631488 1.2378446459770205 0.11856989189982416
decision_type=2 2 2 2 2 2
left_child=2 3 4 -2 -1 -4
right_child=1 -3 5 -5 -6 -7
leaf_value=-0.026673178211200951 0.02687231012281362 -0.0091206047858539748 -0.001694029965210292 -0.00040943375709456522 0 0.0067725832475364831
leaf_weight=21.474647365801509 21.472257049346815 1.7312686055665825 0.34574083372717623 2.812069251376669 0.53731364500708778 1.2557225073105653
leaf_count=4968 385 333 83 578 89 23
internal_value=-0.000531356 0.0204503 -0.0234001 0.0239692 -0.0260206 0.00409933
internal_weight=49.629 26.0156 23.6134 24.2843 22.012 1.60146
internal_count=6459 1296 5163 963 5057 106
is_linear=0
shrinkage=0.025


Tree=32
num_leaves=7
num_cat=0
split_feature=21 27 19 6 22 27
split_gain=45.185 7.00968 5.80495 4.75374 1.2178 0.684213
threshold=0.31315416097640997 0.22563968598842624 0.65201070904731762 4.1178398132324228 0.95955023169517528 0.72156876325607311
decision_type=2 2 2 2 2 2
left_child=2 3 5 -2 -3 -1
right_child=1 4 -4 -5 -6 -7
leaf_value=-0.026844883445300005 0.027306946802696602 -0.010944378564179626 0.0055149987843520079 -0.0046103158638924951 0.0046782329299007294 0
leaf_weight=20.247222863661598 22.988129915145699 2.3842871292727064 2.0494492109282865 1.4284929016139347 1.0305804334930142 0.73770104214781795
leaf_count=4529 461 824 145 312 59 68
internal_value=0.000630009 0.0205833 -0.022627 0.0247609 -0.00550858 -0.0261483
internal_weight=50.8659 27.8315 23.0344 24.4166 3.41487 20.9849
internal_count=6398 1656 4742 773 883 4597
is_linear=0
shrinkage=0.025


Tree=33
num_leaves=7
num_cat=0
split_feature=21 19 12 26 20 12
split_gain=39.9144 6.37707 3.71232 1.92796 1.44652 0.409848
threshold=0.4829604327678681 0.65201070904731762 2.7512185573577885 -0.84831795096397389 1.5307978987693789 2.8198354244232182
decision_type=2 2 2 2 2 2
left_child=1 4 -2 -4 -1 -3
right_child=2 5 3 -5 -6 -7
leaf_value=-0.026342935749469689 -0.0047392867486998926 -0.00152511288547505 0.024858798824191775 0 0 0.0090067003237264236
leaf_weight=21.685377521615017 1.3350627623731295 0.32957735506351982 18.53864371881355 2.2316283921827553 1.1302611621213134 1.8386416712310163
leaf_count=4994 186 103 485 506 148 38
internal_value=-0.00173124 -0.0215616 0.0202938 0.0227528 -0.0251645 0.00658677
internal_weight=47.0892 24.9839 22.1053 20.7703 22.8156 2.16822
internal_count=6460 5283 1177 991 5142 141
is_linear=0
shrinkage=0.025


Tree=34
num_leaves=7
num_cat=0
split_feature=22 6 26 19 21 13
split_gain=40.1154 6.70945 4.59468 3.36463 1.85148 0.756768
threshold=0.14006952196359637 3.3658443689346318 -0.89667558670043934 0.24833724647760394 0.98125115036964428 4.2883481979370126
decision_type=2 2 2 2 2 2
left_child=3 2 -2 4 -1 -5
right_child=1 -3 -4 5 -6 -7
leaf_value=-0.025488596070278625 0.026947578287635329 -0.0072666424823740992 -0.0028505810019624606 -0.0046176845150758166 0.00045256950909429677 0.0077736579668335557
leaf_weight=19.897770969022538 20.804396141204059 2.442178370722103 2.2519772902596733 0.94250525080133174 1.1579426692333061 1.2324271814431993
leaf_count=4757 233 504 533 258 106 39
internal_value=0 0.0199391 0.023825 -0.0214152 -0.024009 0.0020569
internal_weight=48.7292 25.4986 23.0564 23.2306 21.0557 2.17493
internal_count=6430 1270 766 5160 4863 297
is_linear=0
shrinkage=0.025


Tree=35
num_leaves=7
num_cat=0
split_feature=22 17 5 2 12 21
split_gain=36.9664 5.94828 3.98416 1.60208 0.850084 0.776171
threshold=0.22140643000602725 0.94695115089416515 4.7333509922027597 1.5937303304672243 2.9992038011550908 0.98125115036964428
decision_type=2 2 2 2 2 2
left_child=1 5 3 -2 -3 -1
right_child=2 4 -4 -5 -6 -7
leaf_value=-0.025083671761605794 -0.0011495948197956533 -0.0039033352126545762 -0.005957392484278564 0.023544452688638116 0.0094826206310469514 0
leaf_weight=21.357741702930078 0.76534562034067377 0.67144758382346426 1.0825501963845443 20.045872654998675 2.1790382237522863 0.37839715287554909
leaf_count=5158 142 122 187 713 62 47
internal_value=-0.00135101 -0.0206218 0.0198681 0.0223474 0.00505555 -0.0245386
internal_weight=46.4804 24.5866 21.8938 20.8112 2.85049 21.7361
internal_count=6431 5389 1042 855 184 5205
is_linear=0
shrinkage=0.025


Tree=36
num_leaves=7
num_cat=0
split_feature=21 19 13 26 27 21
split_gain=36.9526 7.44557 6.83814 2.79782 0.824108 0.581847
threshold=0.35430774092674261 0.65201070904731762 3.452074527740479 -0.84831795096397389 0.72156876325607311 1.6108554601669314
decision_type=2 2 2 2 2 2
left_child=1 4 5 -4 -1 -2
right_child=2 -3 3 -5 -6 -7
leaf_value=-0.026184875717158371 -0.0098135330606542847 0.0076233337263771923 0.025699310706788075 -0.00056481117086178438 0 0.0018582543711364826
leaf_weight=19.982673358870677 2.2275844768155397 2.4305151734151869 19.794032595236793 2.0745045974035703 0.66575260483659704 0.93107465357752506
leaf_count=4702 687 139 316 535 62 42
internal_value=-0.000312645 -0.0210083 0.0188841 0.0233338 -0.0254513 -0.00657666
internal_weight=48.1061 23.0789 25.0272 21.8685 20.6484 3.15866
internal_count=6483 4903 1580 851 4764 729
is_linear=0
shrinkage=0.025


Tree=37
num_leaves=7
num_cat=0
split_feature=21 24 13 2 23 21
split_gain=36.3132 6.07455 4.95671 1.74157 1.51681 0.354082
threshold=0.50389787554740917 -3.9611554145812984 3.0535480976104741 1.5937303304672243 -5.3722805976867667 1.8383264541625979
decision_type=2 2 2 2 2 2
left_child=1 -1 5 -4 -3 -2
right_child=2 4 3 -5 -6 -7
leaf_value=0.0074422994135184264 -0.0080501609273255278 0.00021949911906910839 -0.0021553603486494351 0.024493114600637658 -0.024911709966693028 0.001299119475325949
leaf_weight=1.8634547037654581 1.4087138547911338 0.9805780384340349 0.36592376802582549 19.634914654016029 21.219085398362949 0.67315964505542059
leaf_count=91 382 124 122 600 5081 28
internal_value=-0.000795185 -0.0202411 0.0199887 0.023422 -0.0237356 -0.00536173
internal_weight=46.1458 24.0631 22.0827 20.0008 22.1997 2.08187
internal_count=6428 5296 1132 722 5205 410
is_linear=0
shrinkage=0.025


Tree=38
num_leaves=7
num_cat=0
split_feature=22 13 27 21 27 0
split_gain=32.7004 8.03915 6.71496 1.33956 0.767884 0.350977
threshold=0.034461727365851409 2.9607307910919194 0.22563968598842624 1.2649849653244021 0.72156876325607311 3.5979031324386601
decision_type=2 2 2 2 2 2
left_child=3 5 -3 4 -1 -2
right_child=1 2 -4 -5 -6 -7
leaf_value=-0.025081375936244311 0.00033207971844812504 0.025511191011569359 -0.0042819892573800677 0.00043270393691825949 0 -0.011985512846420784
leaf_weight=17.144006569869823 0.30701497395057531 19.665662326675378 3.8292922864202401 0.75058565870858629 0.66496804711641644 2.5530158809851855
leaf_count=4467 26 386 845 44 72 531
internal_value=-0.000850797 0.0158325 0.0205367 -0.0231391 -0.0242836 -0.010498
internal_weight=44.9145 26.355 23.495 18.5596 17.809 2.86003
internal_count=6371 1788 1231 4583 4539 557
is_linear=0
shrinkage=0.025


Tree=39
num_leaves=7
num_cat=0
split_feature=22 6 17 27 12 21
split_gain=37.641 5.74139 4.88609 2.1718 0.795013 0.794943
threshold=0.18843943625688556 4.1178398132324228 0.8368440866470338 0.25928501784801489 2.9992038011550908 0.98125115036964428
decision_type=2 2 2 2 2 2
left_child=2 3 5 -2 -4 -1
right_child=1 -3 4 -5 -6 -7
leaf_value=-0.02474108055983136 0.02509511188967245 -0.0079021088838708061 -0.00419751579112992 0 0.0084957025250372974 0
leaf_weight=19.719464909401729 21.00866628339282 1.5174264299566846 0.73906074243131969 2.241523760254494 2.0077825177577324 0.34867390629369666
leaf_count=5078 415 294 142 461 97 44
internal_value=0.000327018 0.0199441 -0.0205013 0.0230596 0.00376879 -0.0241617
internal_weight=47.5826 24.7676 22.815 23.2502 2.74684 20.0681
internal_count=6531 1170 5361 876 239 5122
is_linear=0
shrinkage=0.025


Tree=40
num_leaves=7
num_cat=0
split_feature=21 6 26 24 17 21
split_gain=34.6504 5.47941 4.09011 3.89921 0.991555 0.490033
threshold=0.31315416097640997 3.7416980266571049 -0.79632219672203053 -4.7351050376892081 0.8368440866470338 1.8383264541625979
decision_type=2 2 2 2 2 2
left_child=3 2 -2 -1 -5 -3
right_child=1 5 -4 4 -6 -7
leaf_value=0.0050453364920252861 0.024758346462240149 -0.0093238786493918344 -0.0039763721514724766 -0.02453093545592681 0.00042086853505807898 0.0017496091404535408
leaf_weight=1.1693725772202039 20.395535585761543 1.7733167590922669 1.680923502834047 19.20196734106867 0.35500097251497109 0.61870151292532671
leaf_count=38 576 549 560 4672 38 19
internal_value=0 0.0184133 0.0220094 -0.021294 -0.02383 -0.00636809
internal_weight=45.1948 24.4685 22.0765 20.7263 19.557 2.39202
internal_count=6452 1704 1136 4748 4710 568
is_linear=0
shrinkage=0.025


Tree=41
num_leaves=7
num_cat=0
split_feature=21 19 13 26 26 21
split_gain=31.5708 6.7903 6.65511 2.89367 0.699898 0.455266
threshold=0.31315416097640997 0.65201070904731762 3.0950499773025517 -0.79632219672203053 -0.39495889842510218 1.8383264541625979
decision_type=2 2 2 2 2 2
left_child=1 4 5 -4 -1 -2
right_child=2 -3 3 -5 -6 -7
leaf_value=-0.024981049288609575 -0.010292935184257418 0.0075157955147952277 0.02441274547261188 -0.0016390464667404188 0 0.0010672921653890209
leaf_weight=18.284257213148525 1.9892867520684405 2.3526087941718279 20.092406912357553 1.8142929647001391 0.72649918362731369 0.6953476445050909
leaf_count=4605 630 144 544 511 74 29
internal_value=5.58071e-05 -0.0197319 0.0178868 0.0221192 -0.0242271 -0.00775726
internal_weight=45.9547 21.3634 24.5913 21.9067 19.0108 2.68463
internal_count=6537 4823 1714 1055 4679 659
is_linear=0
shrinkage=0.025


Tree=42
num_leaves=7
num_cat=0
split_feature=22 17 6 5 25 5
split_gain=32.9545 8.62776 2.39844 1.67149 1.07751 0.834986
threshold=0.39642159640789038 0.65091958642005932 3.7593727111816411 4.0166051387786874 0.32187408208847051 -0.20256123691797254
decision_type=2 2 2 2 2 2
left_child=1 5 4 -3 -2 -1
right_child=2 3 -4 -5 -6 -7
leaf_value=-0.00017026371457920696 0.024447280729474052 0.011899829182479652 -0.0025439855066162649 -0.0058208077605031898 0 -0.024933000634711738
leaf_weight=1.4843251169659257 17.144781831128064 3.8723739541601381 1.0099306168267492 1.0340520454919895 1.1893853485235002 19.122330046287971
leaf_count=177 271 296 194 226 203 5059
internal_value=-0.00024517 -0.0176429 0.0213549 0.00648132 0.0232022 -0.0237749
internal_weight=44.8572 25.5131 19.3441 4.90643 18.3342 20.6067
internal_count=6426 5758 668 522 474 5236
is_linear=0
shrinkage=0.025


Tree=43
num_leaves=6
num_cat=0
split_feature=24 17 6 24 3
split_gain=31.9764 10.8216 3.46509 2.56236 1.50739
threshold=-1.6608743071556089 0.52575585246086132 4.137824773788453 0.45993100106716162 1.094015419483185
decision_type=2 2 2 2 2
left_child=2 -2 4 -3 -1
right_child=1 3 -4 -5 -6
leaf_value=-0.0018342467577798279 -0.025291298910051392 0.014023246083766486 -0.0049888385264290555 -0.0072735948597225444 0.023903248112905617
leaf_weight=0.31788919493556633 18.696380626497561 4.3820217660977496 0.94650858914246683 1.3685467500472439 19.424850768933538
leaf_count=121 4826 168 218 570 546
internal_value=0.000231264 -0.0174574 0.0207057 0.00734791 0.0229493
internal_weight=45.1362 24.4469 20.6892 5.75057 19.7427
internal_count=6449 5564 885 738 667
is_linear=0
shrinkage=0.025


Tree=44
num_leaves=7
num_cat=0
split_feature=21 24 27 5 5 22
split_gain=30.9769 5.2607 3.70487 2.63944 1.24591 0.940608
threshold=0.40451921522617346 -4.7351050376892081 0.22563968598842624 4.5077655315399179 -0.20256123691797254 0.77244064211845409
decision_type=2 2 2 2 2 2
left_child=1 -1 3 -2 -3 -4
right_child=2 4 5 -5 -6 -7
leaf_value=0.006908336722058552 0.023157880154060558 0 -0.008510019381761989 -0.0037313060919320173 -0.024792322955736957 0.0048862714375743199
leaf_weight=1.5600968701182889 18.736009989690508 1.3519371811999068 1.813161899801343 0.69778915564529498 18.14261267171241 1.2666395296691915
leaf_count=43 560 145 629 124 4829 97
internal_value=-0.00043796 -0.0200474 0.017984 0.0213706 -0.0234295 -0.00261264
internal_weight=43.5682 21.0546 22.5136 19.4338 19.4945 3.0798
internal_count=6427 5017 1410 684 4974 726
is_linear=0
shrinkage=0.025


Tree=45
num_leaves=7
num_cat=0
split_feature=21 19 13 3 23 13
split_gain=27.4265 7.65347 3.71315 2.011 1.54707 0.637871
threshold=0.50389787554740917 0.54697370529174816 2.2151846885681157 1.094015419483185 -5.3722805976867667 2.9607307910919194
decision_type=2 2 2 2 2 2
left_child=1 4 -2 -4 -1 -3
right_child=2 5 3 -5 -6 -7
leaf_value=0.00074042917710229498 -0.0059532406186252294 -0.0019637646345922219 -0.0030069327959562006 0.022577520308093065 -0.023733435782062801 0.011271160911834364
leaf_weight=0.89014752698131516 1.0445362952305028 0.43292274232953731 0.44899942126358183 19.329693181731272 18.44510836750851 2.6657826344599016
leaf_count=109 211 133 161 765 4963 84
internal_value=0.000167775 -0.0171353 0.0187597 0.0212549 -0.0224293 0.00857955
internal_weight=43.2572 22.434 20.8232 19.7787 19.3353 3.09871
internal_count=6426 5289 1137 926 5072 217
is_linear=0
shrinkage=0.025


Tree=46
num_leaves=7
num_cat=0
split_feature=21 19 13 27 27 21
split_gain=30.1162 5.66246 4.15214 1.82811 0.740784 0.392901
threshold=0.4829604327678681 0.54697370529174816 2.2151846885681157 0.22193000465631488 0.72156876325607311 -0.15822178125381467
decision_type=2 2 2 2 2 2
left_child=1 4 -2 -4 -1 -3
right_child=2 5 3 -5 -6 -7
leaf_value=-0.024461132498565855 -0.0066832985109306856 -0.0016056934342070532 0.023091587072310897 0 0 0.0083696756514306039
leaf_weight=17.718153379304574 1.182616834121293 0.37901143386261571 18.317674077756241 2.3832771516754283 0.69765160587848996 2.0238920422270885
leaf_count=4947 227 127 421 558 79 84
internal_value=-0.000146073 -0.0195338 0.0182684 0.0209599 -0.0236801 0.00593019
internal_weight=42.7023 20.8187 21.8836 20.701 18.4158 2.4029
internal_count=6443 5237 1206 979 5026 211
is_linear=0
shrinkage=0.025


Tree=47
num_leaves=7
num_cat=0
split_feature=22 27 13 21 21 27
split_gain=27.1478 6.92149 4.30662 1.21268 0.935108 0.678035
threshold=0.034461727365851409 0.17108870297670367 2.5923023223876958 0.98125115036964428 1.2649849653244021 0.72156876325607311
decision_type=2 2 2 2 2 2
left_child=4 2 -2 -3 5 -1
right_child=1 3 -4 -5 -6 -7
leaf_value=-0.022671973405853446 -0.0048591412116198805 -0.0097271384665028968 0.024302496858935471 0.004600698474439331 0 0
leaf_weight=15.313709746493258 1.5434606198687166 4.1459739994897964 18.980795374925947 1.6885558947687966 0.78501520759891796 0.6690652575343855
leaf_count=4453 289 1032 353 172 50 71
internal_value=0.000564263 0.0155158 0.0213424 -0.00479413 -0.0208174 -0.0218502
internal_weight=43.1266 26.3588 20.5243 5.83453 16.7678 15.9828
internal_count=6420 1846 642 1204 4574 4524
is_linear=0
shrinkage=0.025


Tree=48
num_leaves=7
num_cat=0
split_feature=22 17 13 22 25 27
split_gain=28.0147 7.72979 2.96709 2.22822 1.07459 0.717469
threshold=0.34609855711460119 0.52575585246086132 2.9607307910919194 -0.098312754184007631 0.32187408208847051 0.72156876325607311
decision_type=2 2 2 2 2 2
left_child=1 5 -2 -3 -4 -1
right_child=2 3 4 -5 -6 -7
leaf_value=-0.024289040473566392 -0.004498294338173974 -0.0075608974839144793 0.023379744121932281 0.011940683264774696 0 0
leaf_weight=17.207867135613931 0.83532965864287945 1.4634310651454141 16.641580882627753 4.0376707809627979 1.1670934652211133 0.69816474750405078
leaf_count=4861 206 589 308 187 214 75
internal_value=-2.31503e-05 -0.0168732 0.0199619 0.00502772 0.0221178 -0.0235032
internal_weight=42.0511 23.4071 18.644 5.5011 17.8087 17.906
internal_count=6440 5712 728 776 522 4936
is_linear=0
shrinkage=0.025


Tree=49
num_leaves=7
num_cat=0
split_feature=22 21 13 25 13 27
split_gain=24.9945 3.79198 3.77176 1.66957 1.54061 0.77929
threshold=0.22140643000602725 0.35430774092674261 2.9607307910919194 0.74371552467346203 4.4454226493835458 0.72156876325607311
decision_type=2 2 2 2 2 2
left_child=1 5 -2 -4 -3 -1
right_child=2 4 3 -5 -6 -7
leaf_value=-0.022937755386773888 -0.0047511308340866185 -0.0071939245934363183 0.022501385775338459 0 0.0088527798942908582 0
leaf_weight=15.660097500891428 1.9660316451336282 2.4291569265769786 16.435106083372379 1.7002387341926795 2.4278429933474399 0.62318073218921277
leaf_count=4357 341 749 420 295 190 63
internal_value=-0.000313343 -0.0175124 0.017411 0.0205913 0.000615021 -0.0220873
internal_weight=41.2417 21.1403 20.1014 18.1353 4.857 16.2833
internal_count=6415 5359 1056 715 939 4420
is_linear=0
shrinkage=0.025


Tree=50
num_leaves=7
num_cat=0
split_feature=22 26 6 18 17 24
split_gain=27.3882 6.27703 5.4399 1.24292 1.21923 0.161273
threshold=0.034461727365851409 -0.88223657011985768 4.1178398132324228 0.33931531012058264 1.0050244927406313 0.45993100106716162
decision_type=2 2 2 2 2 2
left_child=4 2 -2 -3 -1 -6
right_child=1 3 -4 -5 5 -7
leaf_value=-0.022850038133691918 0.023654232105883664 -0.011460623400223455 -0.0072500649644908974 0.003666303744730644 0.0031807307047218257 -0.0027714426096918702
leaf_weight=14.746064281556757 20.506254304695183 2.5285234073526217 1.4819707747374185 2.0469116952444892 0.75816266593756043 0.53838283830555156
leaf_count=4475 507 715 338 286 15 125
internal_value=0.000738521 0.0155128 0.0203825 -0.00565984 -0.0213012 0
internal_weight=42.6063 26.5637 21.9882 4.57544 16.0426 1.29655
internal_count=6461 1846 845 1001 4615 140
is_linear=0
shrinkage=0.025


Tree=51
num_leaves=7
num_cat=0
split_feature=22 17 13 22 2 5
split_gain=25.2484 5.03505 3.65654 1.64301 1.52677 1.05296
threshold=0.29793128371238714 0.52575585246086132 2.9607307910919194 -0.084720000624656663 1.5937303304672243 -0.20256123691797254
decision_type=2 2 2 2 2 2
left_child=1 5 -2 -3 -4 -1
right_child=2 3 4 -5 -6 -7
leaf_value=0 -0.0058117147292681753 -0.0070194674513019643 -0.0020768388883435989 0.010022355788990314 0.022340827545369119 -0.023370894510290077
leaf_weight=1.3489519177819662 1.0864891030942114 1.348731450649211 0.36590887670172634 3.0576272533508009 17.378905005811248 15.745785787119528
leaf_count=158 259 591 105 163 475 4706
internal_value=-4.91294e-05 -0.0169587 0.0185028 0.00318313 0.0212167 -0.0219788
internal_weight=40.3324 21.5011 18.8313 4.40636 17.7448 17.0947
internal_count=6457 5618 839 754 580 4864
is_linear=0
shrinkage=0.025


Tree=52
num_leaves=7
num_cat=0
split_feature=22 17 6 3 24 27
split_gain=21.9525 4.64205 3.8077 2.34819 1.6418 0.754439
threshold=0.22140643000602725 0.52575585246086132 4.1178398132324228 1.5110182762145998 0.45993100106716162 0.72156876325607311
decision_type=2 2 2 2 2 2
left_child=1 5 3 -2 -3 -1
right_child=2 4 -4 -5 -6 -7
leaf_value=-0.022803396803778738 -0.0034393352564766281 0.0097981433916247453 -0.006584828121468495 0.021268973345708458 -0.0072207983487550106 0
leaf_weight=15.310559143486898 0.80833374755457654 2.9279025374562471 1.2797293519834045 17.073444855166599 1.3947547910793217 0.63789019605610597
leaf_count=4621 233 144 267 542 579 68
internal_value=-0.000592839 -0.016946 0.0163753 0.0193714 0.00270883 -0.0219466
internal_weight=39.4326 20.2711 19.1615 17.8818 4.32266 15.9484
internal_count=6454 5412 1042 775 723 4689
is_linear=0
shrinkage=0.025


Tree=53
num_leaves=6
num_cat=0
split_feature=21 13 27 22 21
split_gain=22.506 5.98088 4.39266 1.66409 0.543756
threshold=0.18561808019876483 2.9607307910919194 0.22563968598842624 0.85049793124198925 1.8383264541625979
decision_type=2 2 2 2 2
left_child=3 4 -3 -1 -2
right_child=1 2 -4 -5 -6
leaf_value=-0.022565370313540056 -0.011187318603941645 0.022454400835909726 -0.0027817017712079852 0.0017417705017179728 0.0013134357189027682
leaf_weight=14.605359262000999 2.4402238543843882 16.728215866896793 3.5890961184632024 0.67399124265648502 0.6203937756945378
leaf_count=4107 753 484 1007 39 22
internal_value=-0.000873205 0.0134576 0.0180806 -0.0210199 -0.00863509
internal_weight=38.6573 23.3779 20.3173 15.2794 3.06062
internal_count=6412 2266 1491 4146 775
is_linear=0
shrinkage=0.025


Tree=54
num_leaves=7
num_cat=0
split_feature=21 6 19 3 27 6
split_gain=23.0352 5.24956 3.75936 2.05639 0.766978 0.260505
threshold=0.35430774092674261 3.3658443689346318 0.65201070904731762 1.094015419483185 0.72156876325607311 3.2411599159240727
decision_type=2 2 2 2 2 2
left_child=2 3 4 -2 -1 -4
right_child=1 -3 5 -5 -6 -7
leaf_value=-0.022748959544251844 -0.0028158869639530668 -0.0074616201672347386 0.0067128402803037146 0.021349704570553407 0 -0.0012556127296112522
leaf_weight=15.416423210641373 0.75186838750960916 2.3105043953109989 1.4688642129185598 18.336164510808885 0.6365158843109392 0.31710830167867232
leaf_count=4648 216 640 33 719 68 108
internal_value=-6.42032e-05 0.0157196 -0.0185677 0.0197515 -0.0218883 0.0044943
internal_weight=39.2374 21.3985 17.8389 19.088 16.0529 1.78597
internal_count=6432 1575 4857 935 4716 141
is_linear=0
shrinkage=0.025


Tree=55
num_leaves=7
num_cat=0
split_feature=21 27 6 22 27 18
split_gain=22.4233 5.19989 4.05853 1.66009 0.806961 0.742485
threshold=0.22162510454654696 0.22563968598842624 4.1178398132324228 1.0463464856147768 0.72156876325607311 0.33931531012058264
decision_type=2 2 2 2 2 2
left_child=3 2 -2 4 -1 -3
right_child=1 5 -4 -5 -6 -7
leaf_value=-0.022368150434794835 0.02217772384481698 -0.010232192342606958 -0.0051921477800057165 0.0020774158674206865 0 0.0020946951549619896
leaf_weight=14.387398544728052 17.653552648465855 1.9925433764001348 1.6215683673799492 0.6330247121513829 0.59716303367167789 1.7771787993551695
leaf_count=4269 568 803 427 16 63 313
internal_value=-1.51357e-06 0.0144205 0.0190225 -0.0199217 -0.021451 -0.0058272
internal_weight=38.6624 23.0448 19.2751 15.6176 14.9846 3.76972
internal_count=6459 2111 995 4348 4332 1116
is_linear=0
shrinkage=0.025


Tree=56
num_leaves=7
num_cat=0
split_feature=22 26 13 25 27 26
split_gain=21.1086 6.25583 5.47921 0.989626 0.659261 0.255859
threshold=0.034461727365851409 -0.89363202452659596 3.0535480976104741 -4.5424878597259513 0.72156876325607311 -1.1335668563842771
decision_type=2 2 2 2 2 2
left_child=4 2 -2 -3 5 -1
right_child=1 3 -4 -5 -6 -7
leaf_value=0 -0.0070057114744664362 0.0033355764873843289 0.022558429770596813 -0.011483085753414644 0 -0.02190917994353694
leaf_weight=0.51945007059839277 1.9703757833340265 0.75274240598082798 17.463528204039903 3.2536745437537284 0.64449878293089646 13.332290060672674
leaf_count=81 451 17 374 1003 70 4435
internal_value=-0.000423704 0.0132231 0.0184849 -0.00769884 -0.0205431 -0.021408
internal_weight=37.9366 23.4403 19.4339 4.00642 14.4962 13.8517
internal_count=6431 1845 825 1020 4586 4516
is_linear=0
shrinkage=0.025


Tree=57
num_leaves=7
num_cat=0
split_feature=21 13 19 2 27 21
split_gain=22.5713 3.70029 3.67911 1.96431 0.742462 0.131278
threshold=0.39578266441822058 2.2151846885681157 0.65201070904731762 1.5937303304672243 0.72156876325607311 -0.50965106487274159
decision_type=2 2 2 2 2 2
left_child=2 -2 4 -3 -1 -4
right_child=1 3 5 -5 -6 -7
leaf_value=-0.022311669065509368 -0.006581779226681044 -0.003332791193858767 -0.0002193853147424064 0.020318470562058613 0 0.0058022674601131462
leaf_weight=14.768081376969349 1.2401883068960184 0.51943615433993073 0.20272176375146966 19.480576896981802 0.63644220319110978 1.5936942957341658
leaf_count=4754 267 169 61 1004 68 86
internal_value=0.000435029 0.0162133 -0.0180305 0.0189105 -0.0214369 0.00454166
internal_weight=38.4411 21.2402 17.2009 20 15.4045 1.79642
internal_count=6409 1440 4969 1173 4822 147
is_linear=0
shrinkage=0.025


Tree=58
num_leaves=7
num_cat=0
split_feature=21 19 13 27 23 13
split_gain=20.8177 5.21965 3.51115 1.83633 1.61589 0.417319
threshold=0.4829604327678681 0.56897929310798656 2.2151846885681157 0.22193000465631488 -5.3722805976867667 2.9607307910919194
decision_type=2 2 2 2 2 2
left_child=1 4 -2 -4 -1 -3
right_child=2 5 3 -5 -6 -7
leaf_value=0.001329975164789012 -0.0063707659384538559 -0.0015985877039869604 0.021097907582561526 -0.00025876793814614288 -0.022746125290718289 0.0087992879131991979
leaf_weight=0.79761636492913091 1.1643629590980733 0.38538259989581947 16.088143021537693 2.0715336318244217 15.627651259943377 2.1373320002458058
leaf_count=100 225 122 416 550 4965 74
internal_value=-8.04198e-05 -0.0167465 0.0160875 0.0188619 -0.0212477 0.00637329
internal_weight=38.272 18.948 19.324 18.1597 16.4253 2.52271
internal_count=6452 5261 1191 966 5065 196
is_linear=0
shrinkage=0.025


Tree=59
num_leaves=7
num_cat=0
split_feature=22 17 13 2 24 21
split_gain=20.7241 3.54333 3.32583 1.29935 1.24294 0.310497
threshold=0.22140643000602725 0.52575585246086132 3.0535480976104741 1.5937303304672243 0.45993100106716162 1.3406988978385928
decision_type=2 2 2 2 2 2
left_child=1 -1 5 -4 -3 -2
right_child=2 4 3 -5 -6 -7
leaf_value=-0.022067067007210839 -0.0072888386152594065 0.0083130957600498281 -0.0011743421233043382 0.020227773144153405 -0.0067158559355788979 0.0013643368175356933
leaf_weight=14.456935791211437 1.4078891121316726 2.3740958723938088 0.77086438715923833 15.622256217291577 1.3269883936736731 0.5154313541133887
leaf_count=4664 351 133 151 553 580 20
internal_value=-0.000949088 -0.0177281 0.0156514 0.01889 0.00144355 -0.00475656
internal_weight=36.4745 18.158 18.3164 16.3931 3.70108 1.92332
internal_count=6452 5377 1075 704 713 371
is_linear=0
shrinkage=0.025


Tree=60
num_leaves=6
num_cat=0
split_feature=21 6 26 22 21
split_gain=20.3224 5.27557 3.47698 2.92958 0.43854
threshold=0.23880209028720858 3.3658443689346318 -0.84831795096397389 0.95955023169517528 1.8383264541625979
decision_type=2 2 2 2 2
left_child=3 2 -2 -1 -3
right_child=1 4 -4 -5 -6
leaf_value=-0.021889385642118078 0.021828593144944425 -0.0097193239437826894 -0.0025614319677316217 0.0041836585974133131 0.0012042537023545762
leaf_weight=13.988321606884709 16.653074412781287 2.3802870859799437 2.6959188986802465 1.0294045992195595 0.6152082219487055
leaf_count=4407 428 797 792 25 22
internal_value=0 0.0139598 0.0183455 -0.0191914 -0.00734404
internal_weight=37.3622 22.3445 19.349 15.0177 2.9955
internal_count=6471 2039 1220 4432 819
is_linear=0
shrinkage=0.025


Tree=61
num_leaves=7
num_cat=0
split_feature=24 6 26 17 27 12
split_gain=18.2929 4.17003 2.66494 1.92767 0.800837 0.347329
threshold=-0.65984860062599171 4.1178398132324228 -0.89667558670043934 0.8368440866470338 0.72156876325607311 2.9992038011550908
decision_type=2 2 2 2 2 2
left_child=1 2 -1 4 -2 -5
right_child=3 -3 -4 5 -6 -7
leaf_value=0.02050229840946706 -0.021291509248553366 -0.0078381935427010822 -0.00090689775933805959 -0.0033028493183593502 0 0.0051002889012411699
leaf_weight=15.682966198859507 13.301224396214817 1.6597331797820505 3.2483745256031407 0.62838528881547873 0.57203247654251832 1.2681089188554322
leaf_count=422 4647 398 707 132 64 89
internal_value=-0.000292172 0.0137496 0.0171456 -0.0178241 -0.0203241 0.00103378
internal_weight=36.3608 20.5911 18.9313 15.7698 13.8733 1.89649
internal_count=6459 1527 1129 4932 4711 221
is_linear=0
shrinkage=0.025


Tree=62
num_leaves=7
num_cat=0
split_feature=22 17 24 13 7 23
split_gain=18.9608 8.80454 2.16774 1.21213 1.0082 0.916864
threshold=0.49050377309322363 0.52575585246086132 0.45993100106716162 2.5923023223876958 5.0924525260925302 -6.1012856960296622
decision_type=2 2 2 2 2 2
left_child=1 4 -3 -2 -1 -5
right_child=3 2 -4 5 -6 -7
leaf_value=-0.022723054973071068 -0.0016085687804615893 0.013074043529132599 -0.0064847661459885202 -0.001023193785409009 0 0.02113490827408171
leaf_weight=14.33391242765356 0.39452775317476962 5.1214246133167753 1.2782743135176131 0.20409169615595502 1.4621628669265181 14.460482937138293
leaf_count=4847 99 219 589 130 234 328
internal_value=0.00068956 -0.0128478 0.00748834 0.019183 -0.0212069 0.0203269
internal_weight=37.2549 22.1958 6.3997 15.0591 15.7961 14.6646
internal_count=6446 5889 808 557 5081 458
is_linear=0
shrinkage=0.025


Tree=63
num_leaves=7
num_cat=0
split_feature=22 13 17 2 27 12
split_gain=19.5407 3.46382 3.33874 1.30055 0.700031 0.623453
threshold=0.22140643000602725 2.9607307910919194 0.8368440866470338 1.5937303304672243 0.72156876325607311 2.9992038011550908
decision_type=2 2 2 2 2 2
left_child=2 -2 4 -3 -1 -4
right_child=1 3 5 -5 -6 -7
leaf_value=-0.020466737458160675 -0.0052955615134988292 -0.0011099809849093338 -0.0035911907559464324 0.020611546678969413 0 0.0076922240637542052
leaf_weight=14.244384063000325 1.5883383679320129 0.75204539060360076 0.6639624426607037 17.13943037338322 0.60479040577774945 1.9620083536719901
leaf_count=5029 332 144 146 574 70 107
internal_value=0.00096563 0.0164443 -0.0158304 0.0193825 -0.019598 0.00353568
internal_weight=36.955 19.4798 17.4751 17.8915 14.8492 2.62597
internal_count=6402 1050 5352 718 5099 253
is_linear=0
shrinkage=0.025


Tree=64
num_leaves=7
num_cat=0
split_feature=24 17 13 3 13 16
split_gain=18.2808 6.18527 2.0696 1.50448 0.779327 0.677801
threshold=-1.6608743071556089 0.8368440866470338 2.5923023223876958 1.1903196573257449 2.2775670289993291 1.2378446459770205
decision_type=2 2 2 2 2 2
left_child=2 5 -1 -4 -3 -2
right_child=1 4 3 -5 -6 -7
leaf_value=-0.0031171751036131873 -0.022457796606175064 -0.0031767571710286826 -0.0025139141456974839 0.019920547249343452 0.0099120823614571845 0
leaf_weight=1.1609120276989404 14.673553422471741 0.60236958716995959 0.39330574730411072 14.179103750677312 2.950095419830177 0.51337180865812193
leaf_count=218 5223 131 151 518 128 110
internal_value=-0.000857406 -0.0158761 0.0162442 0.0185082 0.0064022 -0.021692
internal_weight=34.4727 18.7394 15.7333 14.5724 3.55247 15.1869
internal_count=6479 5592 887 669 259 5333
is_linear=0
shrinkage=0.025


Tree=65
num_leaves=6
num_cat=0
split_feature=22 6 26 21 26
split_gain=18.0038 4.55622 4.02112 0.802654 0.631304
threshold=0.034461727365851409 4.1178398132324228 -0.89363202452659596 1.2649849653244021 -0.39495889842510218
decision_type=2 2 2 2 2
left_child=3 2 -2 4 -1
right_child=1 -3 -4 -5 -6
leaf_value=-0.020566549134987976 0.021252550830215086 -0.0084105986069155023 -0.0021651564785781694 5.8549313886475884e-06 0
leaf_weight=11.776930928841463 16.952334954403348 1.8510070099146094 4.1177367733616839 0.72460810712073076 0.66473685562959772
leaf_count=4468 460 427 965 45 79
internal_value=0.000847508 0.0134909 0.0168988 -0.0184743 -0.019602
internal_weight=36.0874 22.9211 21.0701 13.1663 12.4417
internal_count=6444 1852 1425 4592 4547
is_linear=0
shrinkage=0.025


Tree=66
num_leaves=6
num_cat=0
split_feature=21 13 24 27 21
split_gain=17.8348 4.46904 3.99685 2.61969 0.383497
threshold=0.31315416097640997 3.0535480976104741 -4.7351050376892081 0.22563968598842624 1.8383264541625979
decision_type=2 2 2 2 2
left_child=2 4 -1 -3 -2
right_child=1 3 -4 -5 -6
leaf_value=0.0058304827064498176 -0.0091367305060206846 0.021160290347085615 -0.02132685478210038 -0.0017453439289446893 0.0010731672816856814
leaf_weight=1.5022526818793256 1.8321654808241903 15.254976343916498 13.524514012591679 2.2609027963771942 0.62414241943042714
leaf_count=42 599 379 4729 698 24
internal_value=0 0.0141474 -0.017522 0.0181951 -0.00672424
internal_weight=34.999 19.9722 15.0268 17.5159 2.45631
internal_count=6471 1700 4771 1077 623
is_linear=0
shrinkage=0.025


Tree=67
num_leaves=7
num_cat=0
split_feature=22 13 27 27 18 21
split_gain=16.232 4.64637 3.49232 0.667417 0.638312 0.236505
threshold=0.034461727365851409 2.9607307910919194 0.22563968598842624 0.72156876325607311 0.53946271538734447 1.8383264541625979
decision_type=2 2 2 2 2 2
left_child=3 5 -3 4 -1 -2
right_child=1 2 -4 -5 -6 -7
leaf_value=-0.020520300547245282 -0.0096498214379707997 0.02029263101008167 -0.0020859052678026866 0 8.7038039720243725e-06 0.00014491284491334466
leaf_weight=11.721898240444711 2.1333439053560173 15.524066527781544 3.8191329072578801 0.61055266065523106 0.35973812901647839 0.26583878323435772
leaf_count=4439 556 434 845 70 73 7
internal_value=-4.69425e-05 0.012107 0.0160965 -0.018758 -0.0197195 -0.0083553
internal_weight=34.4346 21.7424 19.3432 12.6922 12.0816 2.39918
internal_count=6424 1842 1279 4582 4512 563
is_linear=0
shrinkage=0.025


Tree=68
num_leaves=7
num_cat=0
split_feature=24 26 6 25 12 19
split_gain=15.4127 3.61195 1.99093 1.26887 1.18953 0.577403
threshold=-1.6608743071556089 -1.0281028747558592 4.1178398132324228 0.48908245563507086 4.3043704032897958 0.65201070904731762
decision_type=2 2 2 2 2 2
left_child=2 4 3 -1 -2 -3
right_child=1 5 -4 -5 -6 -7
leaf_value=0.018943985165247201 -0.0056254534350169833 -0.020011787659251899 -0.0039189897869606914 -0.0012955705287706859 0.0091653369341450752 0
leaf_weight=12.917127854365384 1.3089304043096484 14.320782382914331 0.80883528644335534 0.85565303606563325 2.4077524692402221 0.4091986604616985
leaf_count=416 435 5087 208 245 50 44
internal_value=-0.00121676 -0.0148888 0.0151454 0.0173435 0.00300045 -0.0193358
internal_weight=33.0283 18.4467 14.5816 13.7728 3.71668 14.73
internal_count=6485 5616 869 661 485 5131
is_linear=0
shrinkage=0.025


Tree=69
num_leaves=7
num_cat=0
split_feature=22 6 19 27 27 13
split_gain=15.1549 2.87126 1.70486 1.25333 0.590134 0.303863
threshold=0.23111806064844134 3.5626829862594609 0.284290760755539 0.22193000465631488 0.72156876325607311 4.2883481979370126
decision_type=2 2 2 2 2 2
left_child=2 3 4 -2 -1 -4
right_child=1 -3 5 -5 -6 -7
leaf_value=-0.018790810788965273 0.019336845113503646 -0.0051315205570169773 -0.0026745340684744406 0 0 0.0052141334555300747
leaf_weight=14.0365169144643 12.657856183301194 1.545875382493249 0.6548917137843081 1.9594136954692647 0.63420538179343644 1.0802357636275699
leaf_count=5125 239 366 236 419 72 29
internal_value=-0.000868937 0.0140825 -0.0157399 0.0172231 -0.0179711 0.0015336
internal_weight=32.569 16.1631 16.4058 14.6173 14.6707 1.73513
internal_count=6486 1024 5462 658 5197 265
is_linear=0
shrinkage=0.025


Tree=70
num_leaves=6
num_cat=0
split_feature=22 26 13 22 26
split_gain=17.4892 4.70132 2.64717 1.38101 0.236226
threshold=0.034461727365851409 -0.9307650327682494 2.5923023223876958 0.73357522487640392 -1.1335668563842771
decision_type=2 2 2 2 2
left_child=4 2 -2 -3 -1
right_child=1 3 -4 -5 -6
leaf_value=0 -0.0035515053281083967 -0.010142659529573982 0.020431965091695075 0.0052345793046006178 -0.020470501607445277
leaf_weight=0.484335310960886 1.3100149854144607 3.5753233993309541 15.149647283920784 1.7024180185399016 11.651609499822369
leaf_count=82 269 1061 385 148 4556
internal_value=-0.000121321 0.0123851 0.0178492 -0.00444088 -0.0199645
internal_weight=33.8733 21.7374 16.4597 5.27774 12.1359
internal_count=6501 1863 654 1209 4638
is_linear=0
shrinkage=0.025


Tree=71
num_leaves=6
num_cat=0
split_feature=21 13 27 24 21
split_gain=15.649 4.19583 2.46193 1.82014 0.377062
threshold=0.23880209028720858 3.1623370647430424 0.22563968598842624 -5.8286581039428702 1.3406988978385928
decision_type=2 2 2 2 2
left_child=3 4 -3 -1 -2
right_child=1 2 -4 -5 -6
leaf_value=0.0026056571805880414 -0.0090748477782707972 0.020006129384068566 -0.001407817562121467 -0.020582629745604236 0.00077919338891140771
leaf_weight=0.70871710783103381 1.9320185063406854 13.510798750328833 2.6918586568790479 12.245912582671734 1.0337688952567985
leaf_count=13 717 401 825 4496 73
internal_value=-0.000876708 0.0122079 0.0166607 -0.0185936 -0.00652234
internal_weight=32.1231 19.1684 16.2027 12.9546 2.96579
internal_count=6525 2016 1226 4509 790
is_linear=0
shrinkage=0.025


Tree=72
num_leaves=7
num_cat=0
split_feature=22 21 27 22 26 19
split_gain=14.7979 4.11705 2.3435 0.466554 0.155377 0.0800215
threshold=0.034461727365851409 0.18561808019876483 0.22563968598842624 1.0463464856147768 -1.1335668563842771 0.34645025432109838
decision_type=2 2 2 2 2 2
left_child=4 3 -3 -2 -1 -6
right_child=1 2 -4 -5 5 -7
leaf_value=0 -0.0094746099035286635 0.018776546234294519 -0.0016774225342786287 0.0015240027349461708 -0.019702066853784689 0
leaf_weight=0.50687147420830925 2.3670650487765701 14.724574736086653 2.6635350913566063 0.56031258276198048 10.677173605567074 0.57641445938497859
leaf_count=85 708 483 635 16 4343 148
internal_value=-0.000520648 0.0114526 0.0156893 -0.00694759 -0.018823 -0.0192699
internal_weight=32.0759 20.3155 17.3881 2.92738 11.7605 11.2536
internal_count=6418 1842 1118 724 4576 4491
is_linear=0
shrinkage=0.025


Tree=73
num_leaves=7
num_cat=0
split_feature=22 6 27 27 8 22
split_gain=13.4119 4.1337 2.95294 0.608039 0.536325 0.433918
threshold=0.034461727365851409 3.2038844823837285 0.22563968598842624 0.72156876325607311 -0.82806363701820362 0.91118156909942638
decision_type=2 2 2 2 2 2
left_child=3 2 -2 4 -1 -3
right_child=1 5 -4 -5 -6 -7
leaf_value=0 0.019902331290781311 -0.0089006898637127123 -0.0021782657332426636 0 -0.018866753003031297 0.0014195886944889909
leaf_weight=0.41440573069848774 13.928330746857688 2.5249117808998558 2.9819507294159839 0.60328829099307846 10.886702629504724 0.70671620505163435
leaf_count=42 298 703 747 76 4451 44
internal_value=0 0.0117018 0.0161149 -0.0170943 -0.0180649 -0.00639311
internal_weight=32.0463 20.1419 16.9103 11.9044 11.3011 3.23163
internal_count=6361 1792 1045 4569 4493 747
is_linear=0
shrinkage=0.025


Tree=74
num_leaves=7
num_cat=0
split_feature=21 19 13 13 7 26
split_gain=13.1962 3.20237 1.81736 0.979294 0.930102 0.529191
threshold=0.68379634618759166 0.24833724647760394 2.2151846885681157 3.1623370647430424 5.0924525260925302 -0.80684596300125111
decision_type=2 2 2 2 2 2
left_child=1 4 -2 -3 -1 -4
right_child=2 3 5 -5 -6 -7
leaf_value=-0.020108682925560756 -0.0037472352631236269 -0.0052358805498710281 0.018049772322869105 0.0081756177297171353 0 0
leaf_weight=11.897494137141626 0.72488601270015252 1.1507525903871276 11.420823196764102 2.5843020565516781 1.3427259778254654 1.173472363851032
leaf_count=4777 152 382 355 247 246 261
internal_value=-0.000911279 -0.0140101 0.0147093 0.00269623 -0.0185128 0.0168898
internal_weight=30.2945 16.9753 13.3192 3.73505 13.2402 12.5943
internal_count=6420 5652 768 629 5023 616
is_linear=0
shrinkage=0.025


Tree=75
num_leaves=7
num_cat=0
split_feature=22 17 13 13 2 25
split_gain=14.4445 4.46255 1.79403 1.12106 0.757751 0.712575
threshold=0.49050377309322363 0.52575585246086132 4.2296717166900644 2.5923023223876958 1.0000000180025095e-35 0.27894610166549688
decision_type=2 2 2 2 2 2
left_child=1 4 -3 -2 -1 -5
right_child=3 2 -4 5 -6 -7
leaf_value=0 -0.0018607364257315199 -0.0068644467695881664 0.010469867122675114 0.018757748671446445 -0.020998737323110049 0
leaf_weight=1.4032916937139877 0.44154316064668719 1.8603891823149741 3.2805998168187216 11.501042206044072 12.059981750702716 0.73711567776626985
leaf_count=184 110 636 181 290 4911 164
internal_value=-0.000752269 -0.0136058 0.00328903 0.0162678 -0.0195393 0.0176344
internal_weight=31.284 18.6043 5.14099 12.6797 13.4633 12.2382
internal_count=6476 5912 817 564 5095 454
is_linear=0
shrinkage=0.025


Tree=76
num_leaves=7
num_cat=0
split_feature=22 13 17 26 27 12
split_gain=12.5267 2.98698 2.5572 0.991377 0.707626 0.491711
threshold=0.18843943625688556 2.9607307910919194 0.8368440866470338 -0.79632219672203053 0.72156876325607311 2.9992038011550908
decision_type=2 2 2 2 2 2
left_child=2 -2 4 -3 -1 -4
right_child=1 3 5 -5 -6 -7
leaf_value=-0.01915581676897439 -0.005628369640250928 0.018302369339772844 -0.0032515286322349203 0 4.3367431185924788e-05 0.0067260564983031125
leaf_weight=11.878714866208611 1.6087962962337758 12.602968181978211 0.64744020515354295 1.350817557889967 0.5753355426713832 1.7933653245854655
leaf_count=5009 379 422 141 333 73 95
internal_value=-0.000294538 0.0132673 -0.0145517 0.0166857 -0.0181525 0.00283299
internal_weight=30.4574 15.5626 14.8949 13.9538 12.4541 2.44081
internal_count=6452 1134 5318 755 5082 236
is_linear=0
shrinkage=0.025


Tree=77
num_leaves=7
num_cat=0
split_feature=22 13 27 27 17 0
split_gain=12.6125 3.93436 3.36943 0.655877 0.231328 0.199478
threshold=0.034461727365851409 2.9607307910919194 0.22563968598842624 0.72156876325607311 1.0050244927406313 3.5979031324386601
decision_type=2 2 2 2 2 2
left_child=3 5 -3 4 -1 -2
right_child=1 2 -4 -5 -6 -7
leaf_value=-0.018641153543637667 2.1416362533935617e-05 0.019365521856500995 -0.0030505849565796036 0.00014746962885288579 0 -0.0088805339929933207
leaf_weight=9.8495206959196349 0.28699111466994809 14.581208983698163 3.2004907811933654 0.55173485699924718 0.93655192418373268 1.9466102417209183
leaf_count=4398 27 439 832 65 119 545
internal_value=0.000159415 0.0114473 0.0152725 -0.01679 -0.0178246 -0.00764852
internal_weight=31.3531 20.0153 17.7817 11.3378 10.7861 2.2336
internal_count=6425 1843 1271 4582 4517 572
is_linear=0
shrinkage=0.025


Tree=78
num_leaves=7
num_cat=0
split_feature=22 26 6 18 26 17
split_gain=11.8761 3.74225 3.39397 0.865336 0.645959 0.236792
threshold=0.034461727365851409 -0.88223657011985768 4.1178398132324228 0.53946271538734447 -0.39495889842510218 1.0050244927406313
decision_type=2 2 2 2 2 2
left_child=4 2 -2 -3 5 -1
right_child=1 3 -4 -5 -6 -7
leaf_value=-0.018465610586755683 0.018963912190733678 -0.0098492003374366453 -0.0059547832317746446 0.0033377974448380084 0.00013933221584491964 0
leaf_weight=9.6349945228721463 14.356260703265436 2.5467855914903335 1.29361012415029 1.1530473032617008 0.55737578537082377 0.92707394046010527
leaf_count=4421 502 890 344 119 71 128
internal_value=0 0.01107 0.0156584 -0.00546472 -0.0165939 -0.0176396
internal_weight=30.4691 19.3497 15.6499 3.69983 11.1194 10.5621
internal_count=6475 1855 846 1009 4620 4549
is_linear=0
shrinkage=0.025


Tree=79
num_leaves=7
num_cat=0
split_feature=24 17 13 13 3 5
split_gain=11.1573 3.84767 1.78011 1.61044 1.06674 0.957398
threshold=-1.6608743071556089 0.52575585246086132 2.9607307910919194 3.5682592391967778 1.1903196573257449 -0.20256123691797254
decision_type=2 2 2 2 2 2
left_child=2 5 -1 -3 -4 -2
right_child=1 3 4 -5 -6 -7
leaf_value=-0.0031700625211450988 0 -0.0066711279256267885 -0.0018564444070935911 0.010242226038935022 0.017732020579278404 -0.019627080823216639
leaf_weight=1.1431681140966272 1.1531229556712812 1.3026539128040884 0.32926326972665165 3.1969592536624987 12.115944140357895 10.991134567360858
leaf_count=293 163 509 126 238 461 4641
internal_value=0 -0.0123306 0.0140751 0.00375376 0.016472 -0.0180114
internal_weight=30.2322 16.6439 13.5884 4.49961 12.4452 12.1443
internal_count=6431 5551 880 747 587 4804
is_linear=0
shrinkage=0.025


Tree=80
num_leaves=6
num_cat=0
split_feature=21 26 13 24 24
split_gain=12.6617 3.73677 1.72567 1.64857 0.64595
threshold=0.18561808019876483 -0.9515075385570525 2.2151846885681157 -3.7637677192687984 -4.7351050376892081
decision_type=2 2 2 2 2
left_child=4 2 -2 -3 -1
right_child=1 3 -4 -5 -6
leaf_value=0.00018260173314015572 -0.0029536462741428906 0.0063919143497723893 0.018945509890687523 -0.0099069596151600044 -0.019131557250968607
leaf_weight=0.3830391878727849 0.64728636757354507 2.0410379151871902 11.579267244727815 3.7549070213863143 10.422684141725766
leaf_count=29 196 126 418 1514 4138
internal_value=-0.000949894 0.0108348 0.0169025 -0.00328631 -0.0182103
internal_weight=28.8282 18.0225 12.2266 5.79594 10.8057
internal_count=6421 2254 614 1640 4167
is_linear=0
shrinkage=0.025


Tree=81
num_leaves=7
num_cat=0
split_feature=22 13 27 17 27 24
split_gain=11.576 4.09641 2.4971 0.718319 0.720142 0.185431
threshold=0.034461727365851409 2.9607307910919194 0.22563968598842624 1.0050244927406313 0.72156876325607311 -7.9609997272491446
decision_type=2 2 2 2 2 2
left_child=3 5 -3 4 -1 -2
right_child=1 2 -4 -5 -6 -7
leaf_value=-0.018099830145900744 0 0.019253262450644199 -0.00094112958670524826 0 0.00036517322579127489 -0.0089060828028753834
leaf_weight=9.3036729432933498 0.20837111963192034 14.354736590990798 3.4951084073691154 1.2195061853853975 0.52289026812650341 1.9837312506861078
leaf_count=4397 4 437 833 134 66 559
internal_value=0.00119814 0.0118209 0.0156849 -0.0153638 -0.0169039 -0.00780424
internal_weight=31.088 20.0419 17.8498 11.0461 9.82656 2.1921
internal_count=6430 1833 1270 4597 4463 563
is_linear=0
shrinkage=0.025


Tree=82
num_leaves=7
num_cat=0
split_feature=22 6 2 21 5 22
split_gain=10.7039 3.84114 2.33727 0.515522 0.552322 0.386519
threshold=0.034461727365851409 3.2038844823837285 1.5937303304672243 1.8383264541625979 -0.20256123691797254 0.95955023169517528
decision_type=2 2 2 2 2 2
left_child=3 2 -2 4 -1 -3
right_child=1 5 -4 -5 -6 -7
leaf_value=0 -0.0037822842718259887 -0.0087503971299166226 0.0178597163300722 0.0002264880198905521 -0.017532639278886101 0.0011862703430751756
leaf_weight=0.67390595941105935 1.3433568519831229 2.474746377614792 14.866004379116928 0.32073709846008647 9.5117465715738927 0.64898576238192607
leaf_count=95 363 727 722 14 4481 35
internal_value=0.000489719 0.0109256 0.0153026 -0.0156414 -0.0164627 -0.0064571
internal_weight=29.8395 19.3331 16.2094 10.5064 10.1857 3.12373
internal_count=6437 1847 1085 4590 4576 762
is_linear=0
shrinkage=0.025


Tree=83
num_leaves=6
num_cat=0
split_feature=22 6 2 18 5
split_gain=9.65506 3.20455 2.34624 0.480341 0.496346
threshold=0.034461727365851409 4.1178398132324228 1.6191917061805727 0.53946271538734447 -0.20256123691797254
decision_type=2 2 2 2 2
left_child=3 2 -2 4 -1
right_child=1 -3 -4 -5 -6
leaf_value=0 -0.0043886171463617812 -0.0076437685940478678 0.016236006660839228 0.00014722449852990106 -0.016811243229958105
leaf_weight=0.69455425333581011 1.4212166545621645 1.709496710798702 15.633383845444767 0.35116850284976031 9.7165363732201495
leaf_count=99 383 432 1048 67 4425
internal_value=7.99298e-06 0.0102271 0.0136286 -0.0150049 -0.0158035
internal_weight=29.5264 18.7641 17.0546 10.7623 10.4111
internal_count=6454 1863 1431 4591 4524
is_linear=0
shrinkage=0.025


Tree=84
num_leaves=7
num_cat=0
split_feature=22 17 5 7 13 25
split_gain=10.0986 5.75647 1.47258 1.08806 0.796955 0.676012
threshold=0.49050377309322363 0.52575585246086132 4.0166051387786874 5.0924525260925302 2.9607307910919194 0.27894610166549688
decision_type=2 2 2 2 2 2
left_child=1 3 -3 -1 -2 -6
right_child=4 2 -4 -5 5 -7
leaf_value=-0.020240006354982798 -0.00076073822154299614 0.010808345412624118 -0.0054535335297391336 0 0.017666390827967043 -3.4987618448645522e-05
leaf_weight=10.764217829273553 0.64586516207782452 4.6711700478044795 1.1118199330521745 1.1917877190280695 9.9236210840172099 0.69564330231514837
leaf_count=4821 142 518 300 239 250 157
internal_value=0 -0.0106339 0.00602322 -0.0184596 0.0151645 0.0164667
internal_weight=29.0041 17.739 5.78299 11.956 11.2651 10.6193
internal_count=6427 5878 818 5060 549 407
is_linear=0
shrinkage=0.025


Tree=85
num_leaves=6
num_cat=0
split_feature=21 26 13 24 22
split_gain=11.8962 3.8851 2.10575 1.79047 0.468032
threshold=0.31315416097640997 -0.88223657011985768 2.2151846885681157 -4.7351050376892081 0.77244064211845409
decision_type=2 2 2 2 2
left_child=3 2 -2 -1 -3
right_child=1 4 -4 -5 -6
leaf_value=0.0026492460203441787 -0.0039473449595020214 -0.0097418918307720717 0.018187844938366848 -0.019255473071214543 0.0013203190549001132
leaf_weight=0.88410039423615927 0.80399712073267693 1.8346340520656661 13.169828640238846 10.698765472217927 0.75869574304670084
leaf_count=41 208 805 572 4725 102
internal_value=-0.000961328 0.0112361 0.0158803 -0.016912 -0.00694411
internal_weight=28.15 16.5672 13.9738 11.5829 2.59333
internal_count=6453 1687 780 4766 907
is_linear=0
shrinkage=0.025


Tree=86
num_leaves=7
num_cat=0
split_feature=21 19 13 13 27 3
split_gain=9.09227 6.16563 1.3917 1.12639 0.728383 0.139214
threshold=0.9617266356945039 0.24833724647760394 2.9607307910919194 2.2151846885681157 0.72156876325607311 1.094015419483185
decision_type=2 2 2 2 2 2
left_child=1 4 -3 -2 -1 -5
right_child=3 2 -4 5 -6 -7
leaf_value=-0.019645239494404738 -0.0022103882464959731 -0.0048908939163897318 0.011163642772045346 0 2.5038138153082019e-05 0.016574263773654268
leaf_weight=11.388725370823526 0.4718001636210819 1.0930553177895479 4.6329892439825926 0.20433626451995124 0.57705036900006312 9.4105370452743937
leaf_count=5249 94 373 347 43 75 283
internal_value=-0.000367724 -0.010481 0.00666497 0.0145512 -0.0186004 0.0162761
internal_weight=27.7785 17.6918 5.72604 10.0867 11.9658 9.61487
internal_count=6464 6044 720 420 5324 326
is_linear=0
shrinkage=0.025


Tree=87
num_leaves=7
num_cat=0
split_feature=22 17 12 6 25 20
split_gain=10.3295 5.17105 1.30851 1.16403 0.660786 0.546073
threshold=0.49050377309322363 0.52575585246086132 4.0128617286682138 3.9551951885223393 0.32187408208847051 2.0988131761550908
decision_type=2 2 2 2 2 2
left_child=1 5 -3 4 -2 -1
right_child=3 2 -4 -5 -6 -7
leaf_value=-0.019970468066542804 0.017342623115895597 -0.0048611139312312659 0.010280482441605586 -0.0022956358130428972 -2.7580380249786601e-05 0
leaf_weight=10.966877245940854 10.045382009149757 1.5659566361573514 3.6732474825112149 0.50984847641666498 0.70786910929018709 0.35484268885920833
leaf_count=4949 276 515 301 122 162 77
internal_value=-0.000442166 -0.0118911 0.00498059 0.014488 0.0161566 -0.0192156
internal_weight=27.824 16.5609 5.2392 11.2631 10.7533 11.3217
internal_count=6402 5842 816 560 438 5026
is_linear=0
shrinkage=0.025


Tree=88
num_leaves=6
num_cat=0
split_feature=22 21 6 18 24
split_gain=10.2326 3.13091 1.43041 0.560647 0.38777
threshold=0.034461727365851409 0.18561808019876483 4.1178398132324228 0.53946271538734447 -5.8286581039428702
decision_type=2 2 2 2 2
left_child=3 4 -3 -1 -2
right_child=1 2 -4 -5 -6
leaf_value=-0.018205275023230157 0.001345883293856156 0.015449184504143277 -0.0031426945575331409 9.3683597963002577e-05 -0.0087473254336476493
leaf_weight=9.2036659236327978 0.46093773352913592 14.048374021542255 0.65055868777562942 0.35123710689367804 2.1721341863740262
leaf_count=4575 12 950 178 72 706
internal_value=-0.000962579 0.00962236 0.0137202 -0.0173021 -0.00643741
internal_weight=26.8869 17.332 14.6989 9.5549 2.63307
internal_count=6493 1846 1128 4647 718
is_linear=0
shrinkage=0.025


Tree=89
num_leaves=7
num_cat=0
split_feature=27 6 18 1 21 19
split_gain=9.62266 3.97427 1.379 0.520303 0.401345 0.379501
threshold=0.17108870297670367 3.3658443689346318 0.33931531012058264 2.4019461870193486 1.159135162830353 0.54697370529174816
decision_type=2 2 2 2 2 2
left_child=1 3 5 -1 -3 -2
right_child=2 4 -4 -5 -6 -7
leaf_value=-0.00031239291435643869 -0.018861918730979359 -0.0084231960766894664 0.00030631951330450995 0.016902743260983601 0.0013223909883107194 0
leaf_weight=0.23373107860971032 9.4296973595919518 2.9093266586423847 2.0917710458452339 10.952062625932738 0.77139532746514294 0.59417537154513489
leaf_count=85 4121 1322 458 406 40 92
internal_value=-0.00168207 0.0102061 -0.0153547 0.0161715 -0.0060755 -0.0180531
internal_weight=26.9822 14.8665 12.1156 11.1858 3.68072 10.0239
internal_count=6524 1853 4671 491 1362 4213
is_linear=0
shrinkage=0.025


Tree=90
num_leaves=7
num_cat=0
split_feature=21 22 17 5 3 6
split_gain=11.4459 4.45571 1.33697 0.881819 0.191175 0.0316451
threshold=0.9617266356945039 0.73357522487640392 0.54923364520072948 4.0166051387786874 1.1903196573257449 3.7240022420883183
decision_type=2 2 2 2 2 2
left_child=1 2 -1 4 -2 -5
right_child=3 -3 -4 5 -6 -7
leaf_value=-0.020486348936385304 0 0.0068098578820745609 0 0 0.016867973695754639 -0.0021736568903268885
leaf_weight=11.329936139271018 0.20446430685114769 2.6430121840676284 2.1881514138076446 0.18474549427628595 9.9727046348853019 0.46898234213585965
leaf_count=5281 56 135 616 2 288 82
internal_value=-0.0009595 -0.0130205 -0.0180271 0.0150707 0.0165173 -0.00103544
internal_weight=26.992 16.1611 13.5181 10.8309 10.1772 0.653728
internal_count=6460 6032 5897 428 344 84
is_linear=0
shrinkage=0.025


Tree=91
num_leaves=7
num_cat=0
split_feature=22 17 5 5 2 27
split_gain=9.14799 2.04156 1.66929 0.808561 0.735173 0.687534
threshold=0.22140643000602725 0.52575585246086132 4.7333509922027597 3.1733294725418095 1.5937303304672243 0.72156876325607311
decision_type=2 2 2 2 2 2
left_child=1 5 4 -3 -2 -1
right_child=2 3 -4 -5 -6 -7
leaf_value=-0.017844251931949943 -0.00065089392150648 0.0069986413952516568 -0.0039599370353775474 -0.0052537398448262024 0.015755599105473084 0.00024755200079496393
leaf_weight=9.2348255435645115 0.6742120177659644 2.2828742572164624 0.86532508782693263 1.0872185142361557 12.238383318413979 0.55951889333664517
leaf_count=4700 134 286 193 415 708 75
internal_value=0 -0.0125186 0.0123646 0.00152203 0.0146075 -0.0166539
internal_weight=26.9424 13.1644 13.7779 3.37009 12.9126 9.79434
internal_count=6511 5476 1035 701 842 4775
is_linear=0
shrinkage=0.025


Tree=92
num_leaves=6
num_cat=0
split_feature=21 6 24 26 8
split_gain=9.67406 2.98019 2.49412 1.69761 0.126655
threshold=0.31315416097640997 3.311758399009705 -4.7351050376892081 -0.79632219672203053 -0.82806363701820362
decision_type=2 2 2 2 2
left_child=2 3 -1 -2 -3
right_child=1 4 -4 -5 -6
leaf_value=0.0042367985776395247 0.017325467814106068 0 -0.018399494927077233 -0.001957499391420496 -0.006930169307670932
leaf_weight=1.2854012129537284 12.132654532062586 0.38446905498858575 9.7645863256911998 1.6304963432194188 1.8487940065679129
leaf_count=45 470 24 4675 535 684
internal_value=-0.000114945 0.0108994 -0.0148773 0.0147951 -0.00587628
internal_weight=27.0464 15.9964 11.05 13.7632 2.23326
internal_count=6433 1713 4720 1005 708
is_linear=0
shrinkage=0.025


Tree=93
num_leaves=7
num_cat=0
split_feature=22 17 13 7 13 25
split_gain=8.31789 5.01845 1.38933 1.04551 0.977311 0.725153
threshold=0.49050377309322363 0.52575585246086132 3.5682592391967778 5.0924525260925302 2.5923023223876958 0.32187408208847051
decision_type=2 2 2 2 2 2
left_child=1 3 -3 -1 -2 -6
right_child=4 2 -4 -5 5 -7
leaf_value=-0.019360322774725554 -0.0019066300759951835 -0.0048220209589146575 0.010919221288841461 0.00011616890958244885 0.016833647266219064 -0.0003657674496988254
leaf_weight=9.7133188875304821 0.45383996839518559 1.4531832221837238 4.0033679109474178 1.1709371320321214 9.6904339729226159 0.6991458889970098
leaf_count=4869 113 525 270 245 289 157
internal_value=0.000166703 -0.00987289 0.00582815 -0.0174945 0.0140317 0.0155273
internal_weight=27.1842 16.3408 5.45655 10.8843 10.8434 10.3896
internal_count=6468 5909 795 5114 559 446
is_linear=0
shrinkage=0.025


Tree=94
num_leaves=7
num_cat=0
split_feature=21 19 7 6 5 6
split_gain=8.69631 5.13661 1.04358 0.992159 0.954536 0.0344318
threshold=0.9617266356945039 0.284290760755539 5.0924525260925302 3.9350837469100957 4.0166051387786874 3.7240022420883183
decision_type=2 2 2 2 2 2
left_child=1 2 -1 -3 -2 -6
right_child=4 3 -4 -5 5 -7
leaf_value=-0.018896541819084567 0.016500346032629003 0.010054140260022713 0.0002404403882292663 -0.00386317991881748 0 -0.00235556569100951
leaf_weight=10.398317969578789 9.5932371726084931 4.3839382037840542 1.1552875196939556 0.88239059037005052 0.18000343121821138 0.49986104146228172
leaf_count=5239 327 316 245 296 2 87
internal_value=0.000296718 -0.00969858 -0.0171108 0.00636768 0.0148886 -0.00125859
internal_weight=27.093 16.8199 11.5536 5.26633 10.2731 0.679864
internal_count=6512 6096 5484 612 416 89
is_linear=0
shrinkage=0.025


Tree=95
num_leaves=7
num_cat=0
split_feature=22 17 24 7 6 23
split_gain=7.82711 4.38261 1.1484 1.04637 0.898876 0.354564
threshold=0.49050377309322363 0.56762325763702404 0.45993100106716162 5.0924525260925302 3.9350837469100957 -5.3722805976867667
decision_type=2 2 2 2 2 2
left_child=1 3 -3 -1 5 -2
right_child=4 2 -4 -5 -6 -7
leaf_value=-0.019127003989647354 0 0.0097455272216053247 -0.0048135009245062789 0.00021149148356081369 -0.0018065779553141617 0.015771468543646455
leaf_weight=9.4977172769868066 0.5503789042995767 3.9171727436478241 1.0207792315632103 1.1497823751415115 0.43318989573163058 8.9843254583538474
leaf_count=4981 141 186 512 234 124 279
internal_value=-0.000133204 -0.0102901 0.00519941 -0.017239 0.0134625 0.0149691
internal_weight=25.5533 15.5855 4.93795 10.6475 9.96789 9.5347
internal_count=6457 5913 698 5215 544 420
is_linear=0
shrinkage=0.025


Tree=96
num_leaves=7
num_cat=0
split_feature=27 13 22 24 21 21
split_gain=7.67684 3.29067 1.80862 0.750942 0.584385 0.501254
threshold=0.17108870297670367 2.9607307910919194 0.73357522487640392 0.18917535990476611 0.98125115036964428 1.3406988978385928
decision_type=2 2 2 2 2 2
left_child=1 5 4 -3 -2 -1
right_child=2 3 -4 -5 -6 -7
leaf_value=-0.0084211315194043183 -0.016484339803710162 0.017334564652052638 0.0035030737451908368 -0.00033232041151693922 0 0.0021293170893412722
leaf_weight=2.1439538586710145 8.8116967508976796 10.897571992842128 1.4852820770174719 0.70292293840611897 1.0754053908167396 0.75958614732371632
leaf_count=1048 4301 367 144 387 122 28
internal_value=0.000572483 0.0112559 -0.0119475 0.0161099 -0.0150854 -0.00526931
internal_weight=25.8764 14.504 11.3724 11.6005 9.8871 2.90354
internal_count=6397 1830 4567 754 4423 1076
is_linear=0
shrinkage=0.025


Tree=97
num_leaves=6
num_cat=0
split_feature=24 26 6 24 16
split_gain=8.42951 2.68908 1.52989 0.765513 0.502406
threshold=-0.28004749119281763 -0.9307650327682494 4.649207830429078 -3.7637677192687984 1.2378446459770205
decision_type=2 2 2 2 2
left_child=1 2 -1 -3 -2
right_child=4 3 -4 -5 -6
leaf_value=0.016352970643780742 -0.016968853838775798 0.0036266923210463947 -0.0030780972450764623 -0.007933196581573234 4.3515186955392627e-05
leaf_weight=10.563724218271091 8.5617085995472699 1.5967013748886536 0.74408444561413567 3.1885169236047677 0.36654433612420767
leaf_count=489 4499 150 190 1063 89
internal_value=-0.000927601 0.00898616 0.0141394 -0.00355505 -0.0160568
internal_weight=25.0213 16.093 11.3078 4.78522 8.92825
internal_count=6480 1892 679 1213 4588
is_linear=0
shrinkage=0.025


Tree=98
num_leaves=7
num_cat=0
split_feature=21 19 7 13 13 23
split_gain=7.36015 4.46098 1.07423 0.931971 0.544579 0.201268
threshold=0.9617266356945039 0.284290760755539 5.0924525260925302 2.9607307910919194 2.2775670289993291 -6.4588320255279532
decision_type=2 2 2 2 2 2
left_child=1 2 -1 -3 -2 -6
right_child=4 3 -4 -5 5 -7
leaf_value=-0.01891274366775185 -0.00026838768494218547 -0.0039099233828586476 0.00041839605250259756 0.0094757384016960489 0 0.015274699200903567
leaf_weight=9.4142831863282499 0.61593793999054369 0.91579463824746099 1.1013675857248006 3.9384472464153077 0.54325587427592736 8.1080693067342491
leaf_count=5170 88 329 239 291 103 220
internal_value=-0.000123749 -0.00992851 -0.0170029 0.00561363 0.0134802 0.0146566
internal_weight=24.6372 15.3699 10.5157 4.85424 9.26726 8.65133
internal_count=6440 6029 5409 620 411 323
is_linear=0
shrinkage=0.025


Tree=99
num_leaves=7
num_cat=0
split_feature=27 6 24 27 21 5
split_gain=6.95645 2.99662 2.83809 0.563957 0.517253 0.186147
threshold=0.12928209453821185 4.1178398132324228 -3.7637677192687984 0.72156876325607311 0.040223699063062675 4.0166051387786874
decision_type=2 2 2 2 2 2
left_child=1 4 -2 -4 -1 -3
right_child=2 5 3 -5 -6 -7
leaf_value=0 0.0054932944007406379 0.00033686990432060712 -0.016262492451400646 8.0031013951552228e-05 0.016959747369855623 -0.0071613986622167548
leaf_weight=0.47060550354945263 2.1809086058201492 0.30044999388337545 10.321195916083521 0.56978870337479826 9.5048753907612973 1.7306182739557696
leaf_count=196 163 61 4986 89 282 681
internal_value=0 0.0113876 -0.0108881 -0.015258 0.0160314 -0.00571251
internal_weight=25.0784 12.0065 13.0719 10.891 9.97548 2.03107
internal_count=6458 1220 5238 5075 478 742
is_linear=0
shrinkage=0.025


Tree=100
num_leaves=6
num_cat=0
split_feature=21 27 13 24 24
split_gain=8.02217 3.00708 2.04329 0.78205 0.39254
threshold=0.18561808019876483 0.22563968598842624 2.2151846885681157 -5.8286581039428702 -4.4163529872894278
decision_type=2 2 2 2 2
left_child=3 2 -2 -1 -3
right_child=1 4 -4 -5 -6
leaf_value=0.00093542367669226809 -0.0043570728900597646 0.001438191410002822 0.016258870097916756 -0.016998532572623473 -0.0082346763451458908
leaf_weight=0.43129872094141575 0.92819991103897592 0.6613387673860428 12.014116957070653 8.0669129479938402 2.4957658571656776
leaf_count=11 273 82 767 4167 1171
internal_value=-0.000458489 0.00905085 0.0136298 -0.015616 -0.00580269
internal_weight=24.5976 16.0994 12.9423 8.49821 3.1571
internal_count=6471 2293 1040 4178 1253
is_linear=0
shrinkage=0.025


Tree=101
num_leaves=7
num_cat=0
split_feature=21 22 5 19 26 6
split_gain=7.40442 4.06676 0.788226 0.612976 0.237685 0.0303552
threshold=0.9617266356945039 0.73357522487640392 4.0166051387786874 0.56897929310798656 -0.8046760857105254 3.7240022420883183
decision_type=2 2 2 2 2 2
left_child=1 3 4 -1 -2 -4
right_child=2 -3 5 -5 -6 -7
leaf_value=-0.01687044169219996 0.015440385010702379 0.0074572239818062784 0 0 0 -0.0022059612389630306
leaf_weight=11.382075309782522 8.008744422812013 2.6993942105036686 0.17139263451099473 0.80499558626615986 0.66233769702375589 0.48727743851486593
leaf_count=5730 199 129 1 142 140 83
internal_value=-0.00045291 -0.0104361 0.0131233 -0.0157794 0.0146966 -0.00116882
internal_weight=24.2162 14.8865 9.32975 12.1871 8.67108 0.65867
internal_count=6424 6001 423 5872 339 84
is_linear=0
shrinkage=0.025


Tree=102
num_leaves=7
num_cat=0
split_feature=27 5 24 24 27 24
split_gain=6.15493 3.24451 1.57089 0.948982 0.537109 0.271041
threshold=0.17108870297670367 4.0348145961761483 -3.7637677192687984 0.45993100106716162 0.72156876325607311 -5.8286581039428702
decision_type=2 2 2 2 2 2
left_child=1 3 -2 -1 -4 -3
right_child=2 5 4 -5 -6 -7
leaf_value=0.016122013767973377 0.0029604862995175649 0.00064438408921018342 -0.015918995903121982 -0.0015805504261024181 4.5328674863299362e-05 -0.0083930340163028676
leaf_weight=10.114504088633112 1.4310904895537522 0.37313839117996339 8.6405769451521302 0.50562629755586463 0.57580466163926836 2.0754197936039418
leaf_count=425 150 14 4372 440 94 933
internal_value=-0.000219387 0.00956364 -0.0118455 0.0146429 -0.0148168 -0.00666866
internal_weight=23.7162 13.0687 10.6475 10.6201 9.21638 2.44856
internal_count=6428 1812 4616 865 4466 947
is_linear=0
shrinkage=0.025


Tree=103
num_leaves=7
num_cat=0
split_feature=21 26 13 24 27 24
split_gain=6.23506 2.61131 1.44558 0.786895 0.732215 0.663652
threshold=0.18561808019876483 -0.9307650327682494 2.2151846885681157 -4.7351050376892081 0.72156876325607311 -3.7637677192687984
decision_type=2 2 2 2 2 2
left_child=3 2 -2 -1 -5 -3
right_child=1 5 -4 4 -6 -7
leaf_value=0.0011989345238477987 -0.0030167069925497335 0.0033393742919848469 0.01607139589829578 -0.016236967801751347 0.00087734856378980208 -0.007538144425059512
leaf_weight=0.61667731250054192 0.6773345397959919 1.3428548678348295 10.07528652907058 7.4979583345557348 0.46029902365989972 3.3288685115694534
leaf_count=32 216 115 522 4120 60 1384
internal_value=0 0.00868087 0.0138964 -0.013179 -0.0148082 -0.0036553
internal_weight=23.9993 15.4243 10.7526 8.57493 7.95826 4.67172
internal_count=6449 2237 738 4212 4180 1499
is_linear=0
shrinkage=0.025


Tree=104
num_leaves=7
num_cat=0
split_feature=25 6 27 0 18 0
split_gain=6.94352 3.87763 0.957975 0.547876 0.184768 0.131781
threshold=0.48908245563507086 3.2038844823837285 0.073713496327400221 0.20205116271972659 0.67888456583023082 1.8639786839485171
decision_type=2 2 2 2 2 2
left_child=1 5 -2 -4 -3 -1
right_child=2 4 3 -5 -6 -7
leaf_value=0 0.00062221192392541698 -0.0083716428519275878 0 -0.016295246448448677 0 0.016029904751684278
leaf_weight=0.060661883006107753 1.5831605202693015 2.1492952981934645 0.64136488402436764 7.9943399789917748 0.71844468955532637 10.370455306037909
leaf_count=37 333 874 120 4566 112 520
internal_value=-0.000221317 0.00999827 -0.0128471 -0.0150975 -0.0070005 0.0158307
internal_weight=23.5177 13.2989 10.2189 8.6357 2.86774 10.4311
internal_count=6562 1543 5019 4686 986 557
is_linear=0
shrinkage=0.025


Tree=105
num_leaves=7
num_cat=0
split_feature=27 6 24 21 22 22
split_gain=7.2983 3.7695 1.37655 0.723239 0.308711 0.273952
threshold=0.17108870297670367 3.311758399009705 -3.7637677192687984 0.98125115036964428 -0.098312754184007631 0.95955023169517528
decision_type=2 2 2 2 2 2
left_child=1 4 -2 -4 -1 -3
right_child=2 5 3 -5 -6 -7
leaf_value=0 0.0022181018692796028 -0.0081156082118093789 -0.017188189400658121 0 0.016544794474296697 0.00071391021217302513
leaf_weight=0.46684875042410645 1.2536504901072465 2.6693481071415586 8.2564578450983372 1.0288572417630337 10.125280074527836 0.40379239679896262
leaf_count=196 151 1337 4412 129 266 24
internal_value=-0.000218771 0.0101634 -0.0130216 -0.0155728 0.015911 -0.00645766
internal_weight=24.2042 13.6653 10.539 9.28532 10.5921 3.07314
internal_count=6515 1823 4692 4541 462 1361
is_linear=0
shrinkage=0.025


Tree=106
num_leaves=6
num_cat=0
split_feature=22 13 27 7 25
split_gain=6.38241 2.92035 1.55563 0.400241 0.327969
threshold=0.62243741750717174 4.2883481979370126 0.2140082269906998 -1.1571438312530515 0.32187408208847051
decision_type=2 2 2 2 2
left_child=1 3 -3 -1 -2
right_child=4 2 -4 -5 -6
leaf_value=0 0.014568829733099965 0.0093359963385554398 -0.0056999842700250908 -0.016499001693385761 0
leaf_weight=0.58211540267802675 7.9385790745873219 3.7890693313092916 3.35734236027929 7.7084662995475837 0.56986585637787346
leaf_count=92 268 285 1581 4082 131
internal_value=0.000239048 -0.00842147 0.00231904 -0.0155394 0.0137158
internal_weight=23.9454 15.437 7.14641 8.29058 8.50844
internal_count=6439 6040 1866 4174 399
is_linear=0
shrinkage=0.025


Tree=107
num_leaves=7
num_cat=0
split_feature=22 17 24 13 4 20
split_gain=6.25383 3.01803 0.872458 0.617381 0.597726 0.466329
threshold=0.49050377309322363 0.56762325763702404 0.18917535990476611 2.5923023223876958 0.82584431767463695 2.0988131761550908
decision_type=2 2 2 2 2 2
left_child=1 5 -3 -2 -5 -1
right_child=3 2 -4 4 -6 -7
leaf_value=-0.018273831891408222 -0.00138806082603496 0.0078158445426832878 -0.0047975894644048354 -0.0011651157257548948 0.013728104698050542 0
leaf_weight=8.8232185828237562 0.38752585891052049 2.9850598647899451 1.0457214091729836 0.24907716290908855 7.2057669176429044 0.35388681764016006
leaf_count=5091 103 161 545 114 313 87
internal_value=-0.00255219 -0.0117643 0.00300695 0.0110157 0.0124607 -0.0174654
internal_weight=21.0503 13.2079 4.03078 7.84237 7.45484 9.17711
internal_count=6414 5884 706 530 427 5178
is_linear=0
shrinkage=0.025


Tree=108
num_leaves=7
num_cat=0
split_feature=27 5 18 22 27 22
split_gain=6.08438 2.63462 1.75836 0.682651 0.602234 0.315596
threshold=0.17108870297670367 4.0348145961761483 0.45315983891487127 -0.098312754184007631 0.72156876325607311 0.95955023169517528
decision_type=2 2 2 2 2 2
left_child=1 3 4 -1 -2 -3
right_child=2 5 -4 -5 -6 -7
leaf_value=-0.00043987995073462808 -0.016303915299866356 -0.0075070558456812406 0.0030540164488784879 0.015772668951751473 0.00026509228330157895 0.0012471251149240858
leaf_weight=0.70140480071131683 7.7383588352677162 1.8603236948547412 1.8400555926345976 9.8816054478957085 0.5456992007093503 0.55609350040322159
leaf_count=448 4284 896 279 412 88 26
internal_value=8.24098e-05 0.0100777 -0.0114271 0.0145007 -0.015053 -0.00516714
internal_weight=23.1235 12.9994 10.1241 10.583 8.28406 2.41642
internal_count=6433 1782 4651 860 4372 922
is_linear=0
shrinkage=0.025


Tree=109
num_leaves=6
num_cat=0
split_feature=22 17 7 12 20
split_gain=6.27852 4.89305 1.04153 0.921684 0.07555
threshold=0.73357522487640392 0.65091958642005932 5.0924525260925302 2.8702677488327031 1.6061293482780459
decision_type=2 2 2 2 2
left_child=1 2 -1 -3 -2
right_child=4 3 -4 -5 -6
leaf_value=-0.018344211331345808 0.014308770389554977 -0.0035723923545246529 0.00053441800902197787 0.010096484722750182 0
leaf_weight=9.0124820412020217 7.2199248469551085 0.75866954948287357 1.0598132729792258 4.4564133249223232 0.55198527802713204
leaf_count=5365 217 203 249 386 82
internal_value=0 -0.00851047 -0.0164248 0.00672088 0.0138634
internal_weight=23.0593 15.2874 10.0723 5.21508 7.77191
internal_count=6502 6203 5614 589 299
is_linear=0
shrinkage=0.025


Tree=110
num_leaves=7
num_cat=0
split_feature=21 19 13 24 12 26
split_gain=6.71195 3.21181 0.883022 0.543806 0.497792 0.272976
threshold=0.9617266356945039 0.37112207710742956 2.2151846885681157 -3.6241533756256099 2.7512185573577885 -0.84831795096397389
decision_type=2 2 2 2 2 2
left_child=1 3 -2 -1 -3 -4
right_child=2 4 5 -5 -6 -7
leaf_value=0.0001230999201027058 -0.0019558914458042572 -0.0026360418446185092 0.015058344258789184 -0.017277850962572294 0.0074708464427987592 0
leaf_weight=0.37901550793321703 0.45038758410373514 0.61781017447356079 7.2519072060094913 9.4699777797504812 2.9370027273107553 0.65423541230848048
leaf_count=18 93 233 169 5547 214 150
internal_value=-0.00096494 -0.0107918 0.0124687 -0.0163713 0.00446969 0.0142141
internal_weight=21.7603 13.4038 8.35653 9.84899 3.55481 7.90614
internal_count=6424 6012 412 5565 447 319
is_linear=0
shrinkage=0.025


Tree=111
num_leaves=7
num_cat=0
split_feature=24 13 6 27 3 18
split_gain=5.28448 1.50352 1.06087 0.738544 0.69262 0.344589
threshold=-1.6608743071556089 4.2883481979370126 4.1178398132324228 0.22563968598842624 1.094015419483185 0.53946271538734447
decision_type=2 2 2 2 2 2
left_child=2 5 4 -3 -1 -2
right_child=1 3 -4 -5 -6 -7
leaf_value=-0.0014346200145794179 -0.015714351785289796 0.00605746839321257 -0.0028573653609658468 -0.0048979642713802797 0.014004233829271698 0
leaf_weight=0.29142215516185466 6.3163573110650741 2.4541920156189008 0.67898219256312664 2.8406804941914743 8.7805427701823628 0.36690441396785889
leaf_count=119 3808 272 207 1457 517 86
internal_value=-0.000146607 -0.00982655 0.0106209 4.85834e-05 0.0127306 -0.0148577
internal_weight=21.7291 11.9781 9.75095 5.29487 9.07196 6.68326
internal_count=6466 5623 843 1729 636 3894
is_linear=0
shrinkage=0.025


Tree=112
num_leaves=7
num_cat=0
split_feature=22 17 3 12 6 25
split_gain=5.43849 3.23456 0.785946 0.747407 0.468484 0.268841
threshold=0.62243741750717174 0.65091958642005932 -0.15849301218986508 2.8702677488327031 3.5867693424224858 0.082733828574419035
decision_type=2 2 2 2 2 2
left_child=1 2 -1 -3 5 -2
right_child=4 3 -4 -5 -6 -7
leaf_value=3.3070296851935076e-05 0.0140164124372202 -0.0036722229040138097 -0.016917542650485739 0.0083405730527693692 -0.00051630505390727166 0
leaf_weight=1.1045412632374798 6.7215758408419779 0.78404787965700862 8.5187005068582948 3.5562054334732238 0.39269578346284095 0.49934160684642837
leaf_count=206 181 210 5311 353 107 124
internal_value=-0.000503853 -0.00907681 -0.0151985 0.00469723 0.0120891 0.0132168
internal_weight=21.5771 13.9635 9.62324 4.34025 7.61361 7.22092
internal_count=6492 6080 5517 563 412 305
is_linear=0
shrinkage=0.025


Tree=113
num_leaves=7
num_cat=0
split_feature=22 17 5 5 23 11
split_gain=5.10391 4.25247 1.02745 0.812321 0.0986275 0.0710467
threshold=0.73357522487640392 0.52575585246086132 4.0166051387786874 -0.20256123691797254 -5.6153295040130606 2.2268080711364751
decision_type=2 2 2 2 2 2
left_child=1 3 -3 -1 -2 -6
right_child=4 2 -4 -5 5 -7
leaf_value=0.00011096648389408501 0 0.0095426751393064679 -0.0042520890664144353 -0.01725943717063879 0 0.013896284459044195
leaf_weight=1.0519293981633371 0.4220502100070006 4.99741484603146 0.91678257992316492 8.0307575046899746 0.35127728059887786 6.4228412042575656
leaf_count=181 94 577 287 5077 51 160
internal_value=0.000222131 -0.00738808 0.00586332 -0.0154787 0.0131213 0.013549
internal_weight=22.1931 14.9969 5.9142 9.08269 7.19617 6.77412
internal_count=6427 6122 864 5258 305 211
is_linear=0
shrinkage=0.025


Tree=114
num_leaves=6
num_cat=0
split_feature=22 17 13 13 23
split_gain=6.06685 4.53607 1.19039 0.142016 0.298032
threshold=0.73357522487640392 0.52575585246086132 4.1188964843750009 3.0950499773025517 -6.1012856960296622
decision_type=2 2 2 2 2
left_child=1 -1 -3 -2 -5
right_child=3 2 -4 4 -6
leaf_value=-0.017899697666699615 0 -0.0042175059209534176 0.0099453322185550572 0 0.014248814789335127
leaf_weight=8.6081487838237098 0.42803760172682714 1.9635006792668708 3.7993054219987243 0.097636381397023686 6.3895534006733214
leaf_count=5244 76 637 256 78 148
internal_value=-0.000889494 -0.00957301 0.00482155 0.0130763 0.0136047
internal_weight=21.2862 14.371 5.76281 6.91523 6.48719
internal_count=6439 6137 893 302 226
is_linear=0
shrinkage=0.025


Tree=115
num_leaves=7
num_cat=0
split_feature=21 22 17 13 26 11
split_gain=5.28899 2.00789 1.55208 0.9185 0.313835 0.0397761
threshold=0.9617266356945039 0.73357522487640392 0.54923364520072948 2.2151846885681157 -0.80684596300125111 2.2599365711212163
decision_type=2 2 2 2 2 2
left_child=1 2 -1 -2 -5 -3
right_child=3 5 -4 4 -6 -7
leaf_value=-0.015314809122911506 -0.0020948156802085001 0 0.0016108571022347953 0.014937640081217025 0 0.0057142930646253871
leaf_weight=8.7629638049256773 0.48003370114019972 0.30180507074692231 2.4992326615174525 7.7412467437388832 0.65883489983389054 1.7251686525851253
leaf_count=5188 100 54 632 195 138 74
internal_value=0.000557427 -0.0081581 -0.011834 0.0122909 0.0140543 0.0052643
internal_weight=22.1693 13.2892 11.2622 8.88012 8.40008 2.02697
internal_count=6381 5948 5820 433 333 128
is_linear=0
shrinkage=0.025


Tree=116
num_leaves=6
num_cat=0
split_feature=21 24 13 18 20
split_gain=6.54057 2.43751 0.783511 0.397165 0.237544
threshold=0.9617266356945039 -3.6241533756256099 2.2151846885681157 -0.49289526045322413 1.6061293482780459
decision_type=2 2 2 2 2
left_child=1 -1 -2 -3 -4
right_child=2 3 4 -5 -6
leaf_value=0.0048983884090678873 -0.001715201166132659 0 0.014431824606401002 -0.016083922826926566 0
leaf_weight=1.9215786088316225 0.42257337571936471 1.2060769975214487 7.5019261459237896 9.4351736185490171 0.47352522902656335
leaf_count=137 88 539 225 5380 103
internal_value=-0.000930661 -0.0110093 0.0121617 -0.014929 0.0137563
internal_weight=20.9609 12.5628 8.39802 10.6413 7.97545
internal_count=6472 6056 416 5919 328
is_linear=0
shrinkage=0.025


Tree=117
num_leaves=7
num_cat=0
split_feature=21 19 13 13 13 26
split_gain=4.97181 2.82751 0.968889 0.851977 0.351535 0.149745
threshold=0.98125115036964428 0.5067332684993745 5.4610106945037851 2.2151846885681157 3.0950499773025517 -0.80684596300125111
decision_type=2 2 2 2 2 2
left_child=1 2 -1 -2 -3 -5
right_child=3 4 -4 5 -6 -7
leaf_value=-0.015863705799106211 -0.0020161379338455034 -0.0013876685085030167 0.00027571195060284404 0.014131519615115051 0.0080208227963485326 0
leaf_weight=8.5452115325897484 0.46775870284181831 0.39044546247168854 1.705107378962565 7.0265261645690771 2.4977751157130115 0.59100288071203966
leaf_count=5246 92 175 537 182 111 127
internal_value=0 -0.00849685 -0.013559 0.0117215 0.00588322 0.0135251
internal_weight=21.2238 13.1385 10.2503 8.08529 2.88822 7.61753
internal_count=6470 6069 5783 401 286 309
is_linear=0
shrinkage=0.025


Tree=118
num_leaves=7
num_cat=0
split_feature=27 6 22 27 21 21
split_gain=5.44286 2.57281 1.1951 0.598547 0.279557 0.256449
threshold=0.17108870297670367 3.3658443689346318 0.85049793124198925 0.72156876325607311 0.0042100283317267903 1.8383264541625979
decision_type=2 2 2 2 2 2
left_child=1 4 3 -2 -1 -3
right_child=2 5 -4 -5 -6 -7
leaf_value=0 -0.015319014775390188 -0.0066783928990653066 0.0024088962692036392 0.0004968328004014167 0.015312119040060024 0.0010766326059538109
leaf_weight=0.35587744321674364 7.3602266461966774 2.2720583143091058 1.1157821712404254 0.5081874738971236 8.6383390332484833 0.49962969904299814
leaf_count=180 4409 1323 105 85 294 11
internal_value=0 0.00972413 -0.011397 -0.0140157 0.0146974 -0.00468297
internal_weight=20.7501 11.7659 8.9842 7.86841 8.99422 2.77169
internal_count=6407 1808 4599 4494 474 1334
is_linear=0
shrinkage=0.025


Tree=119
num_leaves=6
num_cat=0
split_feature=21 24 17 13 26
split_gain=5.92839 2.06889 1.35137 0.935074 0.0352531
threshold=0.9617266356945039 -3.9611554145812984 0.65091958642005932 2.2151846885681157 -0.67594161629676808
decision_type=2 2 2 2 2
left_child=1 -1 -3 -2 -5
right_child=3 2 -4 4 -6
leaf_value=0.005109918168917058 -0.002050856475062591 -0.015836255046592307 0.0012791429519364527 0.014800878402221022 0
leaf_weight=1.767976619201362 0.47946234841947344 8.7425282193871698 1.9482237137272012 7.751703450237982 0.55611491150921111
leaf_count=116 92 5495 425 247 88
internal_value=0.000253368 -0.00925947 -0.0129052 0.0126608 0.0144311
internal_weight=21.246 12.4587 10.6908 8.78728 8.30782
internal_count=6463 6036 5920 427 335
is_linear=0
shrinkage=0.025


Tree=120
num_leaves=6
num_cat=0
split_feature=21 6 2 24 21
split_gain=5.13802 1.74767 1.00324 0.641269 0.205452
threshold=0.18561808019876483 3.3658443689346318 1.5937303304672243 -4.7351050376892081 1.8383264541625979
decision_type=2 2 2 2 2
left_child=3 2 -2 -1 -3
right_child=1 4 -4 -5 -6
leaf_value=0.00074956660618807468 -0.0020508454682677322 -0.0061584864155783551 0.01327455258939067 -0.014762756624401206 0.00077949679479752735
leaf_weight=0.54729180198046457 0.97131929596071032 1.9251503988052712 10.367028630236744 6.2780212673824298 0.54967478435719375
leaf_count=31 312 900 1053 4138 23
internal_value=-0.000103943 0.0078228 0.0113533 -0.0131994 -0.00429073
internal_weight=20.6385 13.8132 11.3383 6.82531 2.47483
internal_count=6457 2288 1365 4169 923
is_linear=0
shrinkage=0.025


Tree=121
num_leaves=6
num_cat=0
split_feature=22 21 27 10 25
split_gain=5.412 3.24816 0.694292 0.439164 0.114766
threshold=0.73357522487640392 0.9617266356945039 0.72156876325607311 0.60684794187545787 -0.65144318342208851
decision_type=2 2 2 2 2
left_child=1 2 -1 -3 -2
right_child=4 3 -4 -5 -6
leaf_value=-0.016375784827419727 0.012956566065433063 -0.0020444053049843923 0.00064901302287559285 0.0078914697451872295 0
leaf_weight=9.1344737966865068 6.2421741571306484 0.46341154040419441 0.49232300758012648 3.0552242481062422 0.48954708670498703
leaf_count=5815 197 66 89 198 100
internal_value=-0.000685683 -0.00932744 -0.0151536 0.00541731 0.01244
internal_weight=19.8772 13.1454 9.6268 3.51864 6.73172
internal_count=6465 6168 5904 264 297
is_linear=0
shrinkage=0.025


Tree=122
num_leaves=7
num_cat=0
split_feature=21 13 26 24 27 22
split_gain=4.00872 2.37662 0.98951 0.983859 0.678771 0.173938
threshold=0.22162510454654696 3.553958654403687 -0.84831795096397389 -4.7351050376892081 0.72156876325607311 0.77244064211845409
decision_type=2 2 2 2 2 2
left_child=3 5 -3 -1 -5 -2
right_child=1 2 -4 4 -6 -7
leaf_value=0.0023421983202501716 -0.0070787239841100282 0.014805421605420623 -0.00045817192297596009 -0.014656165822105053 0.0010647397645598662 0.00010910053578533585
leaf_weight=0.80766777892131436 2.0653560312348413 8.4573447522707266 1.9832569871796284 6.2370647420611949 0.43923630344215769 0.52611716910905659
leaf_count=35 958 370 690 4301 68 38
internal_value=5.22465e-05 0.00778509 0.0122918 -0.0106375 -0.0130736 -0.00568543
internal_weight=20.516 13.0321 10.4406 7.48397 6.6763 2.59147
internal_count=6460 2056 1060 4404 4369 996
is_linear=0
shrinkage=0.025


Tree=123
num_leaves=6
num_cat=0
split_feature=21 26 13 22 22
split_gain=5.08237 1.96183 1.57958 0.528228 0.418557
threshold=0.19095911085605624 -0.88223657011985768 2.2775670289993291 0.77244064211845409 0.85049793124198925
decision_type=2 2 2 2 2
left_child=4 2 -2 -3 -1
right_child=1 3 -4 -5 -6
leaf_value=-0.014540608340101666 -0.0038206698246992469 -0.0079415417411687669 0.014541827300950397 0.0024699931029603054 1.118360338512958e-07
leaf_weight=6.1053151761007056 0.84763441038376086 2.0139313660183684 9.5237547079741471 1.0182253976236095 0.4436034089012536
leaf_count=4178 287 1090 704 115 40
internal_value=-0.000288702 0.0077036 0.0118799 -0.004306 -0.0134409
internal_weight=19.9525 13.4035 10.3714 3.03216 6.54892
internal_count=6414 2196 991 1205 4218
is_linear=0
shrinkage=0.025


Tree=124
num_leaves=7
num_cat=0
split_feature=22 17 7 5 25 6
split_gain=4.46365 2.96723 1.0213 0.552366 0.337896 0.109214
threshold=0.62243741750717174 0.81464380025863659 5.0924525260925302 4.0166051387786874 0.32187408208847051 3.2038844823837285
decision_type=2 2 2 2 2 2
left_child=1 2 -1 -3 5 -2
right_child=4 3 -4 -5 -6 -7
leaf_value=-0.016488275090664941 0.013086307080967913 0.008213308282579693 0.0011288965858891585 -0.0026185523462503111 0 0
leaf_weight=7.8680846401257458 5.6401662119606035 3.045716530657955 0.96731220778019622 0.6008392973744775 0.46696247410727654 0.63624642774811935
leaf_count=5518 162 158 250 148 136 108
internal_value=-0.000285759 -0.00845273 -0.0143968 0.00522357 0.0114616 0.0124714
internal_weight=19.2253 12.482 8.8354 3.64656 6.74338 6.27641
internal_count=6480 6074 5768 306 406 270
is_linear=0
shrinkage=0.025


Tree=125
num_leaves=6
num_cat=0
split_feature=21 27 5 18 19
split_gain=5.05333 1.74548 0.823828 0.556589 0.325858
threshold=0.22162510454654696 0.15692623704671863 4.0166051387786874 0.45315983891487127 0.98951619863510143
decision_type=2 2 2 2 2
left_child=4 2 -2 -3 -1
right_child=1 3 -4 -5 -6
leaf_value=-0.01480180777735237 0.01411300741203729 -0.0068241561060204074 -0.0014491445926831589 0.0029596851372437226 0
leaf_weight=6.176326107481148 7.3865585440653359 2.6236017810151671 0.69674645258055523 1.8966286457289241 0.32559621220570978
leaf_count=4349 355 1175 237 301 35
internal_value=-0.00106815 0.00731066 0.0122527 -0.0026641 -0.0139709
internal_weight=19.1055 12.6035 8.0833 4.52023 6.50192
internal_count=6452 2068 592 1476 4384
is_linear=0
shrinkage=0.025


Tree=126
num_leaves=7
num_cat=0
split_feature=27 6 22 27 22 22
split_gain=3.9564 2.36302 1.1921 0.496746 0.241694 0.114239
threshold=0.16388100385665896 3.3658443689346318 0.77244064211845409 0.72156876325607311 0.034461727365851409 0.95955023169517528
decision_type=2 2 2 2 2 2
left_child=1 4 3 -2 -1 -3
right_child=2 5 -4 -5 -6 -7
leaf_value=0 -0.013233386037360826 -0.0059621800747379624 0.0030086394024331315 0.00050737859411417079 0.014768641522929164 0
leaf_weight=0.4325094326632114 7.3460416079760744 2.0531069931312227 1.3894232937163904 0.50828167627332721 7.642727871396346 0.29146056919125829
leaf_count=228 4524 1262 139 88 205 24
internal_value=0.000282033 0.00921332 -0.0090469 -0.0120065 0.014119 -0.00494121
internal_weight=19.6636 10.4198 9.24375 7.85432 8.07524 2.34457
internal_count=6470 1719 4751 4612 433 1286
is_linear=0
shrinkage=0.025


Tree=127
num_leaves=7
num_cat=0
split_feature=22 13 27 27 7 26
split_gain=4.37912 1.85392 1.2526 0.67426 0.12764 0.0457194
threshold=0.034461727365851409 3.0950499773025517 0.22563968598842624 0.72156876325607311 1.9950007200241091 -0.35687099397182459
decision_type=2 2 2 2 2 2
left_child=3 4 -3 -1 -2 -5
right_child=1 2 -4 5 -6 -7
leaf_value=-0.014161361621221814 -0.0065773898654091362 0.014217251609952462 -0.00098959763126764389 0.0026551278728821227 0 -0.00017035861139698847
leaf_weight=5.660248408123155 1.4101936078805 8.600008336332392 2.7189884948893441 0.16855871299048886 0.56458350464527018 0.2359063884068745
leaf_count=4513 494 408 828 11 129 56
internal_value=0 0.00743953 0.0109974 -0.012484 -0.00532189 0.00121773
internal_weight=19.3585 13.2938 11.319 6.06471 1.97478 0.404465
internal_count=6439 1859 1236 4580 623 67
is_linear=0
shrinkage=0.025


Tree=128
num_leaves=7
num_cat=0
split_feature=21 19 7 6 13 20
split_gain=3.59683 2.24388 0.93844 0.659881 0.626093 0.347069
threshold=0.9617266356945039 0.24833724647760394 5.0924525260925302 3.2038844823837285 2.2151846885681157 1.190294146537781
decision_type=2 2 2 2 2 2
left_child=1 2 -1 -3 -2 -6
right_child=4 3 -4 -5 5 -7
leaf_value=-0.01536965846402478 -0.0015722653746802939 0.0077352670067687606 0.0012268800353525179 -0.0034409918908620096 0.012935272024494593 0
leaf_weight=6.9538404494815058 0.41153297881828521 3.0155028943117945 0.94063516169262573 0.97189070087915741 6.1233761020703241 0.45577270525973279
leaf_count=5021 94 244 242 459 209 122
internal_value=0 -0.00762565 -0.0131985 0.00391691 0.0102766 0.0119164
internal_weight=18.8726 11.8819 7.89448 3.98739 6.99068 6.57915
internal_count=6391 5966 5263 703 425 331
is_linear=0
shrinkage=0.025


Tree=129
num_leaves=7
num_cat=0
split_feature=21 19 7 13 13 26
split_gain=4.29667 1.90886 1.01229 0.617296 0.553508 0.0244268
threshold=0.9617266356945039 0.24833724647760394 5.0924525260925302 2.2151846885681157 2.9607307910919194 -0.67594161629676808
decision_type=2 2 2 2 2 2
left_child=1 2 -1 -2 -3 -5
right_child=3 4 -4 5 -6 -7
leaf_value=-0.015494753120129585 -0.0013713784237149413 -0.0035025908393613945 0.0015147052061435175 0.012927998053777846 0.0066478066132243628 0
leaf_weight=7.024159488326406 0.37789880955824529 0.85700507789442815 0.89128237585828163 6.5144130606931867 2.9509568719076924 0.53523028519703064
leaf_count=5106 85 379 232 241 341 92
internal_value=0 -0.00829951 -0.0132506 0.0111083 0.00296229 0.0125874
internal_weight=19.1509 11.7234 7.91544 7.42754 3.80796 7.04964
internal_count=6476 6058 5338 418 720 333
is_linear=0
shrinkage=0.025


Tree=130
num_leaves=6
num_cat=0
split_feature=21 26 13 24 24
split_gain=4.29277 1.77497 1.08986 0.653324 0.609268
threshold=0.18561808019876483 -0.94507405161857594 2.2775670289993291 -5.8286581039428702 -3.7637677192687984
decision_type=2 2 2 2 2
left_child=3 2 -2 -1 -3
right_child=1 4 -4 -5 -6
leaf_value=0.0010548035840463245 -0.002536862164588048 0.0035001674624543719 0.014260664082940858 -0.014097441813160591 -0.0067681734794920708
leaf_weight=0.47669573116581965 0.60630007582949375 1.4704119266825717 8.0428010078903736 5.6456860538601195 3.1427961990848416
leaf_count=14 217 134 458 4153 1451
internal_value=0 0.00728617 0.0121273 -0.0124119 -0.00272691
internal_weight=19.3847 13.2623 8.6491 6.12238 4.61321
internal_count=6427 2260 675 4167 1585
is_linear=0
shrinkage=0.025


Tree=131
num_leaves=7
num_cat=0
split_feature=27 5 22 27 22 24
split_gain=3.66445 1.68413 1.46867 0.569457 0.189265 0.128241
threshold=0.12928209453821185 4.0166051387786874 0.73357522487640392 0.72156876325607311 -0.098312754184007631 -5.8286581039428702
decision_type=2 2 2 2 2 2
left_child=1 4 3 -2 -1 -3
right_child=2 5 -4 -5 -6 -7
leaf_value=0 -0.01377460501559151 0.00023938045601658168 0.0034262859535974279 0.00073744078073676887 0.013677058846105917 -0.005531682721902932
leaf_weight=0.41266227899177454 7.5276151090802141 0.30962023988831777 1.8227550467709068 0.48175708454800759 6.5554807548469416 1.3330017905827842
leaf_count=233 4937 13 181 90 240 742
internal_value=-0.000161053 0.00900891 -0.008943 -0.0124734 0.0130663 -0.00414161
internal_weight=18.4429 8.61077 9.83213 8.00937 6.96814 1.64262
internal_count=6436 1228 5208 5027 473 755
is_linear=0
shrinkage=0.025


Tree=132
num_leaves=6
num_cat=0
split_feature=22 17 13 2 20
split_gain=3.94751 2.49959 0.939155 0.764819 0.0831393
threshold=0.73357522487640392 0.52575585246086132 3.5682592391967778 1.0000000180025095e-35 1.6061293482780459
decision_type=2 2 2 2 2
left_child=1 3 -3 -1 -2
right_child=4 2 -4 -5 -6
leaf_value=0.00051533340644897754 0.012296882067181289 -0.0043009895338594001 0.0084684899648055211 -0.015322184776705633 0
leaf_weight=1.0203686635359206 6.2278048489679341 1.4234150172560474 3.7335587829293218 6.5318179663154297 0.48224776505958278
leaf_count=176 234 543 346 5026 85
internal_value=0.000473778 -0.00683302 0.00394635 -0.0133316 0.0118553
internal_weight=19.4192 12.7092 5.15697 7.55219 6.71005
internal_count=6410 6091 889 5202 319
is_linear=0
shrinkage=0.025


Tree=133
num_leaves=7
num_cat=0
split_feature=22 13 26 17 0 24
split_gain=3.89289 1.65034 1.31078 0.40324 0.109597 0.0555643
threshold=0.034461727365851409 2.9607307910919194 -0.88223657011985768 1.0050244927406313 3.5979031324386601 0.45993100106716162
decision_type=2 2 2 2 2 2
left_child=3 4 -3 -1 -2 -5
right_child=1 2 -4 5 -6 -7
leaf_value=-0.013112999973359055 0 0.013873204578533386 -0.001590225997717765 0.0020456005272210284 -0.0061869751132383084 -0.001434082753175261
leaf_weight=5.1042877777945277 0.22447035828372364 8.5236996194435033 2.4269818643806493 0.64302212721668162 1.4060134059836853 0.4043437413056381
leaf_count=4481 21 432 851 15 547 121
internal_value=0 0.00734173 0.01063 -0.0115413 -0.00516255 0
internal_weight=18.7328 12.5812 10.9507 6.15165 1.63048 1.04737
internal_count=6468 1851 1283 4617 568 136
is_linear=0
shrinkage=0.025


Tree=134
num_leaves=7
num_cat=0
split_feature=27 5 21 27 24 24
split_gain=3.65899 1.98724 0.761603 0.597255 0.568016 0.155234
threshold=0.16948933899402621 4.0348145961761483 0.98125115036964428 0.72156876325607311 0.45993100106716162 -5.3795025348663321
decision_type=2 2 2 2 2 2
left_child=1 4 3 -2 -1 -3
right_child=2 5 -4 -5 -6 -7
leaf_value=0.013840946987540043 -0.013903098515735372 0.00023083754480667475 0.00085614402470900988 0.00088258589224778604 -0.00084958960549335282 -0.0064277864233246223
leaf_weight=7.8301445867837192 5.7924343062040853 0.33838867853046295 1.6953342033521037 0.45678136008791614 0.37099137707264151 1.6043027420382712
leaf_count=409 4326 15 225 87 449 946
internal_value=0 0.00829047 -0.00981108 -0.0123548 0.0126329 -0.00503677
internal_weight=18.0884 10.1438 7.94455 6.24922 8.20114 1.94269
internal_count=6457 1819 4638 4413 858 961
is_linear=0
shrinkage=0.025


Tree=135
num_leaves=6
num_cat=0
split_feature=21 24 27 13 26
split_gain=3.57254 1.78042 0.60195 0.559963 0.407632
threshold=0.98125115036964428 -3.6241533756256099 0.72156876325607311 2.2775670289993291 -0.80684596300125111
decision_type=2 2 2 2 2
left_child=1 -1 -3 -2 -5
right_child=3 2 -4 4 -6
leaf_value=0.0046038301838488812 -0.0014181394052903123 -0.013432923000410461 0.00099109269859489445 0.012612057230136418 -0.00032587223909357962
leaf_weight=1.858430294145365 0.39047787906019849 8.6093552927050023 0.44373471033759493 5.7890250728378305 0.42723085210309353
leaf_count=142 85 5799 82 176 136
internal_value=-0.000574394 -0.00838029 -0.0121801 0.00983556 0.0114168
internal_weight=17.5183 10.9115 9.05309 6.60673 6.21626
internal_count=6420 6023 5881 397 312
is_linear=0
shrinkage=0.025


Tree=136
num_leaves=7
num_cat=0
split_feature=21 22 13 7 16 11
split_gain=3.81224 1.56841 0.762445 0.75297 0.0728745 0.0122793
threshold=0.9617266356945039 0.73357522487640392 2.2151846885681157 5.0924525260925302 0.86488527059555065 2.2599365711212163
decision_type=2 2 2 2 2 2
left_child=1 3 -2 -1 -4 -3
right_child=2 5 4 -5 -6 -7
leaf_value=-0.013138282616546697 -0.0019862995209743101 0 0.012778711950183146 0.0011602612135152533 0 0.0045657043491265743
leaf_weight=8.4018127793387976 0.47569294489221547 0.25886868208181013 6.5358570768148638 0.94215579243609759 0.43473816303594492 1.5508920926804419
leaf_count=5736 104 46 233 254 111 83
internal_value=0 -0.00786549 0.0105423 -0.0113589 0.0123919 0.00435043
internal_weight=18.6 11.1537 7.44629 9.34397 6.9706 1.80976
internal_count=6567 6119 448 5990 344 129
is_linear=0
shrinkage=0.025


Tree=137
num_leaves=6
num_cat=0
split_feature=21 13 27 18 19
split_gain=3.33102 1.79411 0.751619 0.182525 0.106032
threshold=0.0042100283317267903 3.1623370647430424 0.17650754004716876 0.53946271538734447 0.98951619863510143
decision_type=2 2 2 2 2
left_child=4 3 -3 -2 -1
right_child=1 2 -4 -5 -6
leaf_value=-0.01186205032169993 -0.0064928915429085122 0.013550617306600697 0 0.00020928204420955405 0
leaf_weight=4.1366473177986363 1.8729847172289731 7.4747930622397671 4.1050925030140206 0.96226816013222549 0.1864099520316812
leaf_count=3126 1052 403 1734 168 32
internal_value=0.00073734 0.00671504 0.0104796 -0.00473855 -0.0114362
internal_weight=18.7382 14.4151 11.5799 2.83525 4.32306
internal_count=6515 3357 2137 1220 3158
is_linear=0
shrinkage=0.025


Tree=138
num_leaves=6
num_cat=0
split_feature=21 26 13 24 25
split_gain=3.97791 1.49892 1.26195 0.34804 0.303242
threshold=0.18561808019876483 -0.88223657011985768 2.2151846885681157 -4.7351050376892081 -4.5424878597259513
decision_type=2 2 2 2 2
left_child=3 2 -2 -1 -3
right_child=1 4 -4 -5 -6
leaf_value=0 -0.0032906363931158272 0.0018616269079604307 0.01339735814903955 -0.013257189323389155 -0.0060078309987066239
leaf_weight=0.39943416154710654 0.76283083847374555 0.59862721705576349 8.803970218257744 5.2117101400872361 2.3301689477229957
leaf_count=30 264 15 734 4148 1250
internal_value=0 0.00720796 0.0109649 -0.0121917 -0.00345145
internal_weight=18.1067 12.4956 9.5668 5.61114 2.9288
internal_count=6441 2263 998 4178 1265
is_linear=0
shrinkage=0.025


Tree=139
num_leaves=6
num_cat=0
split_feature=22 17 13 27 11
split_gain=2.73902 2.87283 1.01912 0.664288 0.15152
threshold=0.73357522487640392 0.52575585246086132 4.1188964843750009 0.72156876325607311 2.2599365711212163
decision_type=2 2 2 2 2
left_child=1 3 -3 -1 -2
right_child=4 2 -4 -5 -6
leaf_value=-0.015190928330815846 0 -0.003834380179349547 0.0094406247582692459 0.00083958757647930736 0.010734790154481042
leaf_weight=6.4831686186953466 0.43179730797419225 1.7943830063886705 3.6223957819020143 0.47237357805715863 4.8242320150602609
leaf_count=5194 62 625 261 83 220
internal_value=0 -0.006231 0.00471341 -0.0136836 0.0100574
internal_weight=17.6284 12.3723 5.41678 6.95554 5.25603
internal_count=6445 6163 886 5277 282
is_linear=0
shrinkage=0.025


Tree=140
num_leaves=6
num_cat=0
split_feature=22 27 5 18 25
split_gain=3.64238 2.36817 0.972491 0.235027 0.151893
threshold=0.73357522487640392 0.12928209453821185 4.0166051387786874 0.45315983891487127 -0.65144318342208851
decision_type=2 2 2 2 2
left_child=1 2 -1 -3 -2
right_child=4 3 -4 -5 -6
leaf_value=0.0083382468414858243 0.011470242756984779 -0.014912418678701354 -0.0048234585441629136 0 0
leaf_weight=3.345785386249192 5.2646794626925839 6.3984967864089413 1.2058878235548034 0.79677301109768439 0.38657851057359849
leaf_count=399 193 4756 707 265 104
internal_value=-0.000406338 -0.00782196 0.00349733 -0.0139931 0.0108572
internal_weight=17.3982 11.7469 4.55167 7.19527 5.65126
internal_count=6424 6127 1106 5021 297
is_linear=0
shrinkage=0.025


Tree=141
num_leaves=7
num_cat=0
split_feature=22 27 5 27 25 13
split_gain=3.33807 1.34317 0.678778 0.583194 0.376808 0.207228
threshold=0.62243741750717174 0.12928209453821185 4.0166051387786874 0.72156876325607311 0.3738494217395783 3.0535480976104741
decision_type=2 2 2 2 2 2
left_child=1 2 -1 -3 5 -2
right_child=4 3 -4 -5 -6 -7
leaf_value=0.0066162209347477617 0 -0.013206196082306243 -0.0044381723682558206 0.00098787715887789593 -0.00046306229054486988 0.012246854009207693
leaf_weight=2.7503415158571465 0.32840849010972206 6.8042879459899268 1.1298031230544436 0.44157361087854941 0.35833506684866723 5.3633520156436134
leaf_count=377 84 4956 685 86 128 174
internal_value=0 -0.00745326 0.00200704 -0.0117806 0.0103795 0.011544
internal_weight=17.1761 11.126 3.88014 7.24586 6.0501 5.69176
internal_count=6490 6104 1062 5042 386 258
is_linear=0
shrinkage=0.025


Tree=142
num_leaves=7
num_cat=0
split_feature=22 13 27 8 16 19
split_gain=3.76192 1.40631 0.905559 0.270383 0.114378 0.0841379
threshold=0.034461727365851409 2.9607307910919194 0.31392602622509008 -0.82806363701820362 -1.2292346358299253 0.34645025432109838
decision_type=2 2 2 2 2 2
left_child=3 4 -3 -1 -2 -5
right_child=1 2 -4 5 -6 -7
leaf_value=0 2.8002540911789786e-05 0.012982598435138056 -0.0010814695586222273 -0.012725717973235781 -0.0054749361051227678 0
leaf_weight=0.31425149456481527 0.42638606048421923 8.7482526428357215 1.722212719512753 4.7411132525303419 1.2691255602112494 0.39090974377177179
leaf_count=38 17 659 608 4388 547 144
internal_value=0.000244662 0.00761955 0.0106634 -0.011393 -0.00417012 -0.0122681
internal_weight=17.6123 12.166 10.4705 5.44627 1.69551 5.13202
internal_count=6401 1831 1267 4570 564 4532
is_linear=0
shrinkage=0.025


Tree=143
num_leaves=6
num_cat=0
split_feature=21 13 27 21 24
split_gain=3.7331 1.32757 0.910972 0.191051 0.176768
threshold=0.19095911085605624 2.9607307910919194 0.31392602622509008 1.8383264541625979 -4.7351050376892081
decision_type=2 2 2 2 2
left_child=4 3 -3 -2 -1
right_child=1 2 -4 -5 -6
leaf_value=0 -0.0060336214060981545 0.012537750698212266 -0.0012959130755961223 0.00072529446785291095 -0.012878844134145582
leaf_weight=0.28502098200260739 1.3721391778453824 8.1390066101157554 1.738402302180474 0.51388807408511628 4.955907499148454
leaf_count=31 728 762 704 22 4200
internal_value=-0.000184701 0.00687826 0.0100657 -0.00409494 -0.0122662
internal_weight=17.0044 11.7634 9.87741 1.88603 5.24093
internal_count=6447 2216 1466 750 4231
is_linear=0
shrinkage=0.025


Tree=144
num_leaves=6
num_cat=0
split_feature=22 26 2 26 16
split_gain=2.88694 1.60831 0.717068 0.562779 0.213415
threshold=0.73357522487640392 -0.97066053748130787 4.0022001266479501 -0.39495889842510218 0.56744262576103222
decision_type=2 2 2 2 2
left_child=1 2 -1 -3 -2
right_child=4 3 -4 -5 -6
leaf_value=0.007224626737982168 0.010868459873141509 -0.013341228671420031 -0.0039635169715739509 0.00084831681366648044 0
leaf_weight=2.8632947353835343 4.8708920485078115 6.5762238469324084 1.529770508110232 0.4578145233390386 0.40260674169985566
leaf_count=373 183 4869 803 90 102
internal_value=-0.000156008 -0.00685651 0.00262731 -0.0119296 0.0100255
internal_weight=16.7006 11.4271 4.39307 7.03404 5.2735
internal_count=6420 6135 1176 4959 285
is_linear=0
shrinkage=0.025


Tree=145
num_leaves=7
num_cat=0
split_feature=25 13 27 22 18 2
split_gain=3.31948 1.83766 0.753636 0.301342 0.230947 0.121202
threshold=0.74371552467346203 2.9607307910919194 0.070507004857063307 0.046578928828239448 1.2076085805892947 4.0022001266479501
decision_type=2 2 2 2 2 2
left_child=1 5 -2 -3 -4 -1
right_child=2 3 4 -5 -6 -7
leaf_value=0 0.00075991789910966718 -0.00012907188868610081 -0.014504400109405673 0.01181606519126949 0 -0.0066618363251330047
leaf_weight=0.50973430578597101 1.1804507075285062 0.22902504816738645 5.1399610973458039 7.347655838704668 0.14383932016789902 1.5421886563708538
leaf_count=161 280 243 4432 593 2 660
internal_value=-0.00151678 0.0064138 -0.01152 0.0110503 -0.0139068 -0.00551636
internal_weight=16.0929 9.6286 6.46425 7.57668 5.2838 2.05192
internal_count=6371 1657 4714 836 4434 821
is_linear=0
shrinkage=0.025


Tree=146
num_leaves=6
num_cat=0
split_feature=22 17 13 27 23
split_gain=3.45497 2.14776 0.783099 0.716634 0.208434
threshold=0.73357522487640392 0.52575585246086132 4.2296717166900644 0.72156876325607311 -5.6153295040130606
decision_type=2 2 2 2 2
left_child=1 3 -3 -1 -2
right_child=4 2 -4 -5 -6
leaf_value=-0.014992113527100163 0 -0.0037169608314463979 0.0079771874162625281 0.0011823790802650237 0.01194389512964222
leaf_weight=5.9990996368724172 0.27362457322305989 1.6630876393901415 2.9828404416912235 0.40970010519959021 5.4415630294970461
leaf_count=5172 88 650 246 74 211
internal_value=5.03603e-05 -0.00705956 0.00338632 -0.0133453 0.011263
internal_weight=16.7699 11.0547 4.64593 6.4088 5.71519
internal_count=6441 6142 896 5246 299
is_linear=0
shrinkage=0.025


Tree=147
num_leaves=7
num_cat=0
split_feature=27 24 13 27 8 16
split_gain=1.98271 1.26372 1.25381 0.533063 0.083439 0.0718875
threshold=0.13069365173578265 -3.7637677192687984 3.4418492317199711 0.72156876325607311 0.15086157619953158 0.57400938868522655
decision_type=2 2 2 2 2 2
left_child=2 5 4 -3 -1 -2
right_child=1 3 -4 -5 -6 -7
leaf_value=0 0.0045000314460270103 -0.012448135685453379 0.010803867974507456 0.0009396626644479942 -0.0049276367411661623 0
leaf_weight=0.63068927469430569 1.4642440924217215 6.6615874960116335 5.0291697798093082 0.44518189242808137 1.2299074872498748 0.2570058257842901
leaf_count=97 78 4936 274 87 868 94
internal_value=-0.0010249 -0.00748552 0.00639426 -0.0110515 -0.00380107 0.00357648
internal_weight=15.7178 8.82802 6.88977 7.10677 1.8606 1.72125
internal_count=6434 5195 1239 5023 965 172
is_linear=0
shrinkage=0.025


Tree=148
num_leaves=6
num_cat=0
split_feature=22 17 2 12 25
split_gain=2.41287 2.40807 0.780834 0.675714 0.147861
threshold=0.73357522487640392 0.54923364520072948 1.0000000180025095e-35 2.8702677488327031 -0.65144318342208851
decision_type=2 2 2 2 2
left_child=1 2 -1 -3 -2
right_child=4 3 -4 -5 -6
leaf_value=0.00083303606884613853 0.010439657867217067 -0.0034374607787184229 -0.014790293912300082 0.0078685070359592636 0
leaf_weight=0.94869938705233092 4.7294699525664328 0.78386163739196479 5.6099397118450725 4.077841075573815 0.38311706893728015
leaf_count=181 189 243 5153 554 97
internal_value=0 -0.00573504 -0.0126069 0.00459325 0.00978361
internal_weight=16.5329 11.4203 6.55864 4.8617 5.11259
internal_count=6417 6131 5334 797 286
is_linear=0
shrinkage=0.025


Tree=149
num_leaves=7
num_cat=0
split_feature=21 19 27 12 6 26
split_gain=2.20008 2.00384 0.669958 0.547737 0.475894 0.229689
threshold=0.9617266356945039 0.24833724647760394 0.72156876325607311 2.8702677488327031 3.0159275531768803 -0.80684596300125111
decision_type=2 2 2 2 2 2
left_child=1 2 -1 -2 -3 -5
right_child=3 4 -4 5 -6 -7
leaf_value=-0.014239889623380964 -0.0018000114961023055 0.0071912020784121611 0.0011580945695119718 0.010838068846946637 -0.0024237608727189983 0
leaf_weight=5.8648516085740976 0.44144483158015724 2.7512752239563274 0.41936446714680631 4.9462412143475376 1.022118424218206 0.37766826403094444
leaf_count=5255 91 221 82 196 476 124
internal_value=-0.00038327 -0.00671045 -0.0126006 0.00806407 0.00397734 0.00996301
internal_weight=15.823 10.0576 6.28422 5.76535 3.77339 5.32391
internal_count=6445 6034 5337 411 697 320
is_linear=0
shrinkage=0.025


Tree=150
num_leaves=7
num_cat=0
split_feature=27 5 24 24 19 24
split_gain=3.176 1.52841 0.698084 0.492335 0.168304 0.101941
threshold=0.17108870297670367 4.0348145961761483 -3.7637677192687984 0.45993100106716162 0.56897929310798656 -5.3795025348663321
decision_type=2 2 2 2 2 2
left_child=1 3 -2 -1 -4 -3
right_child=2 5 4 -5 -6 -7
leaf_value=0.012799629923997866 0.0013139806435076176 0 -0.012366645332159721 -0.00076601422423567178 0 -0.0054853190718221374
leaf_weight=7.0887967582821165 1.0705723069404491 0.2467707156902178 5.9082977441139501 0.34999958770640649 0.33271604405308597 1.3543762731424065
leaf_count=438 143 13 4411 439 47 907
internal_value=-0.000138245 0.00777246 -0.009611 0.0116075 -0.0117919 -0.00439455
internal_weight=16.3515 9.03994 7.31159 7.4388 6.24101 1.60115
internal_count=6398 1797 4601 877 4458 920
is_linear=0
shrinkage=0.025


Tree=151
num_leaves=7
num_cat=0
split_feature=22 6 27 12 21 22
split_gain=2.4943 1.50911 1.07846 0.495933 0.282439 0.0927131
threshold=0.034461727365851409 3.2038844823837285 0.31392602622509008 5.9114830493927011 1.2649849653244021 0.91118156909942638
decision_type=2 2 2 2 2 2
left_child=3 2 -2 4 -1 -3
right_child=1 5 -4 -5 -6 -7
leaf_value=-0.011882106538209458 0.01290273309620042 -0.0055849267417465032 -0.0020177257494518701 0.001286626662516179 0 0
leaf_weight=4.2855925846961354 8.0501733430282894 1.6464730350780876 1.5077154242899258 0.42181119016458968 0.61557589715812344 0.42147158453008149
leaf_count=4454 479 714 617 167 42 47
internal_value=0.000512687 0.00663187 0.0102351 -0.00898553 -0.0107041 -0.00459707
internal_weight=16.9488 11.6258 9.55789 5.32298 4.90117 2.06794
internal_count=6520 1857 1096 4663 4496 761
is_linear=0
shrinkage=0.025


Tree=152
num_leaves=7
num_cat=0
split_feature=21 19 7 13 13 20
split_gain=2.79397 1.36996 0.940389 0.574282 0.33737 0.135756
threshold=0.9617266356945039 0.24833724647760394 5.0924525260925302 2.2151846885681157 2.9607307910919194 1.380499601364136
decision_type=2 2 2 2 2 2
left_child=1 2 -1 -2 -3 -5
right_child=3 4 -4 5 -6 -7
leaf_value=-0.014497599980432825 -0.0016431126887028677 -0.0025926871320100268 0.0016934776993137249 0.0114544763885555 0.0053763390502878112 0
leaf_weight=5.383264253716332 0.42871054049464952 0.69586441381397923 0.82884128787554789 5.4568453461542958 2.6395761263047461 0.52801230199111149
leaf_count=5091 94 366 239 218 353 116
internal_value=0 -0.00743122 -0.0119881 0.009089 0.00240603 0.0108247
internal_weight=15.9611 9.54755 6.21211 6.41357 3.33544 5.98486
internal_count=6477 6049 5330 428 719 334
is_linear=0
shrinkage=0.025


Tree=153
num_leaves=7
num_cat=0
split_feature=21 22 17 6 26 20
split_gain=2.27741 1.18652 0.856304 0.523343 0.346986 0.0412631
threshold=0.9617266356945039 0.73357522487640392 0.71609485149383556 3.311758399009705 -0.8046760857105254 0.61290323734283458
decision_type=2 2 2 2 2 2
left_child=1 2 -1 4 -2 -5
right_child=3 -3 -4 5 -6 -7
leaf_value=-0.012012370372001532 0.01189013356915522 0.0041351422366401637 0.0015589975868050858 -0.0024510184199891382 -0.00019731982072556214 0.0001406771984491238
leaf_weight=6.6786602152351424 5.0492444505362073 1.7523396386241064 1.4928591236821374 0.49111247889231879 0.40072253131074731 0.24361614615190774
leaf_count=5580 150 122 296 136 120 13
internal_value=0.000163719 -0.00601347 -0.00940788 0.00889162 0.0107341 -0.00112842
internal_weight=16.1086 9.92386 8.17152 6.1847 5.44997 0.734729
internal_count=6417 5998 5876 419 270 149
is_linear=0
shrinkage=0.025


Tree=154
num_leaves=6
num_cat=0
split_feature=21 6 26 21 24
split_gain=2.19721 1.30517 0.833076 0.173628 0.130581
threshold=0.0042100283317267903 3.2038844823837285 -0.88223657011985768 1.8383264541625979 -4.7351050376892081
decision_type=2 2 2 2 2
left_child=4 2 -2 -3 -1
right_child=1 3 -4 -5 -6
leaf_value=0 0.01234700836372101 -0.0056127040315344535 -0.00027528622124282009 0.00066735824036057113 -0.010268563939938068
leaf_weight=0.25390327186323736 6.6964750820989138 2.1993626365219821 2.9432048757880676 0.49964775354601432 3.4477062682708519
leaf_count=20 462 1349 1520 20 3092
internal_value=0.000431671 0.00572374 0.00928844 -0.00395994 -0.00964301
internal_weight=16.0403 12.3387 9.63968 2.69901 3.70161
internal_count=6463 3351 1982 1369 3112
is_linear=0
shrinkage=0.025


Tree=155
num_leaves=7
num_cat=0
split_feature=21 19 8 13 13 23
split_gain=2.42555 1.39874 0.631311 0.480248 0.362149 0.138631
threshold=0.9617266356945039 0.24833724647760394 5.2275099754333505 2.2151846885681157 2.9607307910919194 -6.4588320255279532
decision_type=2 2 2 2 2 2
left_child=1 2 -1 -2 -3 -5
right_child=3 4 -4 5 -6 -7
leaf_value=-0.013138189734061348 -0.001246958806873042 -0.0024365607852247853 0.00063746404452950586 0 0.0059310731664026228 0.011249138397637873
leaf_weight=5.2392002781125466 0.37308779920567836 0.66228333089384284 1.0199669697394709 0.4939618729695211 2.7452623986464459 5.3869972982793115
leaf_count=5019 94 358 318 111 333 232
internal_value=0.000195315 -0.00629288 -0.0110521 0.00911956 0.00307952 0.0106224
internal_weight=15.9208 9.66671 6.25917 6.25405 3.40755 5.88096
internal_count=6465 6028 5337 437 691 343
is_linear=0
shrinkage=0.025


Tree=156
num_leaves=6
num_cat=0
split_feature=22 17 7 12 16
split_gain=2.35957 1.85322 0.855009 0.523281 0.170773
threshold=0.73357522487640392 0.65091958642005932 5.0924525260925302 2.8702677488327031 0.57400938868522655
decision_type=2 2 2 2 2
left_child=1 2 -1 -3 -2
right_child=4 3 -4 -5 -6
leaf_value=-0.014016359940512474 0.010206238297755063 -0.0030264756523565263 0.0014444570384533869 0.0070119150214748953 0
leaf_weight=5.8380027328457782 4.5736706568932286 0.70214533462421957 0.8713438409831723 3.3429291329666739 0.39564213060657483
leaf_count=5392 189 205 260 376 111
internal_value=0 -0.00608946 -0.0117153 0.00386868 0.0094513
internal_weight=15.7237 10.7544 6.70935 4.04507 4.96931
internal_count=6533 6233 5652 581 300
is_linear=0
shrinkage=0.025


Tree=157
num_leaves=6
num_cat=0
split_feature=18 13 13 21 3
split_gain=2.46092 0.864145 0.548784 0.436005 0.398269
threshold=0.14930655062198642 4.1188964843750009 2.2151846885681157 0.019692956469953064 1.094015419483185
decision_type=2 2 2 2 2
left_child=1 -1 -2 -3 -4
right_child=2 3 4 -5 -6
leaf_value=-0.011835962412923801 -0.0018489115735098095 -0.0040216032735664797 -0.00052005962255327371 0.004864997905845784 0.010604477657424338
leaf_weight=3.7605100026776226 0.53635028594726364 1.1646511789440412 0.63824779764399675 2.4287924387972453 7.6636539620085387
leaf_count=3271 251 1099 171 801 921
internal_value=0.000473438 -0.00747451 0.00784947 0.000593392 0.00940536
internal_weight=16.1922 7.35395 8.83825 3.59344 8.3019
internal_count=6514 5171 1343 1900 1092
is_linear=0
shrinkage=0.025


Tree=158
num_leaves=7
num_cat=0
split_feature=27 6 24 19 19 25
split_gain=2.66392 1.30346 0.707785 0.224286 0.153683 0.126436
threshold=0.17108870297670367 3.3658443689346318 -3.7637677192687984 0.56897929310798656 -0.41149315237998957 -4.5424878597259513
decision_type=2 2 2 2 2 2
left_child=1 4 -2 -4 -1 -3
right_child=2 5 3 -5 -6 -7
leaf_value=0 0.0010988463515520656 0.0002677905743267331 -0.01323587648656765 0 0.011073248832287549 -0.0051475762062587341
leaf_weight=0.1289191986361401 1.1001436645601632 0.52710334266885217 5.1433227701418236 0.29487614077515889 5.7447753236192494 1.7812322236786711
leaf_count=69 145 36 4462 45 409 1300
internal_value=-0.00150551 0.00620684 -0.0102058 -0.0125224 0.0105986 -0.0037186
internal_weight=14.7204 8.18203 6.53834 5.4382 5.87369 2.30834
internal_count=6466 1814 4652 4507 478 1336
is_linear=0
shrinkage=0.025


Tree=159
num_leaves=5
num_cat=0
split_feature=21 13 27 24
split_gain=2.77884 1.11277 1.0605 0.359792
threshold=0.18561808019876483 2.2151846885681157 0.22563968598842624 -4.7351050376892081
decision_type=2 2 2 2
left_child=3 -2 -3 -1
right_child=1 2 -4 -5
leaf_value=0.00027780443860425701 -0.0044297503634974627 0.012184942956822872 -0.001600227710416526 -0.011707239610240901
leaf_weight=0.4366972359130149 1.0264632847029123 7.8960588574700505 2.3400328585266834 4.2496366233754106
leaf_count=31 395 750 1134 4159
internal_value=0 0.00653011 0.0091324 -0.0103783
internal_weight=15.9489 11.2626 10.2361 4.68633
internal_count=6469 2279 1884 4190
is_linear=0
shrinkage=0.025


Tree=160
num_leaves=7
num_cat=0
split_feature=25 13 27 19 21 24
split_gain=2.48589 1.8826 1.18705 0.180773 0.100146 0.0830223
threshold=0.74371552467346203 2.9607307910919194 0.091773416846990599 -0.42594331502914423 0.31315416097640997 -7.9609997272491446
decision_type=2 2 2 2 2 2
left_child=1 5 4 -3 -2 -1
right_child=2 3 -4 -5 -6 -7
leaf_value=0 -0.00056888212885725445 0 -0.013563360611139464 0.011244554582750914 0.0039176524833327364 -0.0068210895465704927
leaf_weight=0.126605566125363 0.33996048036351645 0.11932004762638815 4.5241674777644221 7.2890290830328013 1.2446565623249624 1.625103636069978
leaf_count=3 319 99 4410 749 77 801
internal_value=-0.000771942 0.00606331 -0.00969981 0.0107758 0.00230485 -0.00616194
internal_weight=15.2688 9.16006 6.10878 7.40835 1.58462 1.75171
internal_count=6458 1652 4806 848 396 804
is_linear=0
shrinkage=0.025


Tree=161
num_leaves=7
num_cat=0
split_feature=22 17 27 5 11 16
split_gain=2.22381 1.74406 0.708059 0.587927 0.200722 0.0942284
threshold=0.73357522487640392 0.52575585246086132 0.72156876325607311 3.1733294725418095 2.2268080711364751 0.57400938868522655
decision_type=2 2 2 2 2 2
left_child=1 2 -1 -3 -2 -6
right_child=4 3 -4 -5 5 -7
leaf_value=-0.013777817367977608 0 0.0069500715621618721 0.001525564713498488 -0.0032914821645731937 0.010600107790834269 0
leaf_weight=5.3656049287746992 0.32638254779158238 3.2824775021290407 0.35572658736782603 1.2221209696726871 4.1367310875939438 0.46175258950097475
leaf_count=5210 60 410 75 478 139 98
internal_value=0 -0.00599708 -0.0119756 0.00324409 0.00921225 0.010041
internal_weight=15.1508 10.2259 5.72133 4.5046 4.92487 4.59848
internal_count=6470 6173 5285 888 297 237
is_linear=0
shrinkage=0.025


Tree=162
num_leaves=7
num_cat=0
split_feature=27 6 24 27 2 22
split_gain=2.22989 1.31702 0.42578 0.481159 0.134304 0.08898
threshold=0.16388100385665896 3.3658443689346318 -3.7637677192687984 0.72156876325607311 2.3039872646331792 0.95955023169517528
decision_type=2 2 2 2 2 2
left_child=1 4 -2 -4 -1 -3
right_child=2 5 3 -5 -6 -7
leaf_value=0 0.00057208855539873655 -0.0048004379690983687 -0.011534359268084935 0.00094425509436938445 0.011401601456635331 0
leaf_weight=0.23072346299886515 1.051887161185731 1.6865698345936837 5.2237668141533522 0.4405900365236447 5.7883211884618504 0.33294316471437913
leaf_count=85 156 1238 4520 93 353 26
internal_value=-0.000130686 0.00674871 -0.00826417 -0.00999003 0.0109388 -0.00374548
internal_weight=14.7548 8.03856 6.71624 5.66436 6.01904 2.01951
internal_count=6471 1702 4769 4613 438 1264
is_linear=0
shrinkage=0.025


Tree=163
num_leaves=7
num_cat=0
split_feature=22 17 27 12 25 6
split_gain=2.02597 1.80035 0.65091 0.580931 0.122969 0.0385133
threshold=0.73357522487640392 0.52575585246086132 0.72156876325607311 4.1254806518554696 -0.65144318342208851 3.2038844823837285
decision_type=2 2 2 2 2 2
left_child=1 2 -1 -3 5 -2
right_child=4 3 -4 -5 -6 -7
leaf_value=-0.013847342282229501 0.0097070434546280421 -0.0030545368298510681 0.0011969059378594694 0.0071191815449915333 0 0
leaf_weight=5.1635352188313828 3.8535294029425131 1.3843721601151626 0.41032775740313798 3.1264606797631131 0.36202552450413428 0.4862864086171611
leaf_count=5169 128 553 81 335 106 72
internal_value=0 -0.00594376 -0.0121065 0.00337536 0.00869396 0.00931362
internal_weight=14.7865 10.0847 5.57386 4.51083 4.70184 4.33982
internal_count=6444 6138 5250 888 306 200
is_linear=0
shrinkage=0.025


Tree=164
num_leaves=7
num_cat=0
split_feature=25 5 21 19 24 26
split_gain=2.78971 1.21548 0.792757 0.25749 0.14638 0.0354156
threshold=0.42285746335983282 4.0348145961761483 1.0167824625968935 -0.4480928480625152 -5.3795025348663321 -1.0137248039245603
decision_type=2 2 2 2 2 2
left_child=1 3 -2 -1 -3 -4
right_child=2 4 5 -5 -6 -7
leaf_value=-3.9452062190750882e-05 -0.01254068212444075 0.00051133700064657551 0.0023934320544460983 0.011199576224828698 -0.0053623683187220906 0
leaf_weight=0.17610717438947165 4.7146881359367407 0.43265503909788083 0.71958351910870988 7.2055657155578938 1.2759606707841156 0.61910694639664121
leaf_count=163 4790 21 18 748 588 133
internal_value=-8.70457e-05 0.00705215 -0.0097138 0.010519 -0.00367082 0.00129499
internal_weight=15.1437 9.09029 6.05338 7.38167 1.70862 1.33869
internal_count=6461 1520 4941 911 609 151
is_linear=0
shrinkage=0.025


Tree=165
num_leaves=7
num_cat=0
split_feature=27 6 18 0 21 6
split_gain=1.95074 1.09131 0.595073 0.481716 0.310493 0.0754092
threshold=0.13069365173578265 4.649207830429078 0.45315983891487127 0.20205116271972659 0.040223699063062675 2.9009747505187993
decision_type=2 2 2 2 2 2
left_child=1 4 3 -2 -1 -4
right_child=2 -3 5 -5 -6 -7
leaf_value=-8.6713327437367308e-05 0.0010781050316224364 -0.0038539053756188081 0.0029567739357760779 -0.011025632105469065 0.011524720358039316 -0.00073126771614975882
leaf_weight=0.38101439656020364 0.44416320274467569 1.0040735552101976 1.4091566440984022 5.4838878924711025 5.4397348214843078 0.2695288997638271
leaf_count=314 112 561 163 4755 389 203
internal_value=0 0.0071214 -0.00701015 -0.00946849 0.0104982 0.00132466
internal_weight=14.4316 6.82482 7.60674 5.92805 5.82075 1.67869
internal_count=6497 1264 5233 4867 703 366
is_linear=0
shrinkage=0.025


Tree=166
num_leaves=5
num_cat=0
split_feature=21 13 2 24
split_gain=2.63246 0.811161 0.651428 0.490581
threshold=0.35430774092674261 2.2151846885681157 1.5937303304672243 -4.7351050376892081
decision_type=2 2 2 2
left_child=3 -2 -3 -1
right_child=1 2 -4 -5
leaf_value=0.00066114459472626553 -0.0036275166027747762 -0.0022571856168391905 0.0099808990657891186 -0.012335333075439428
leaf_weight=0.57569880853406985 0.84503701071662263 0.4784620323771368 8.1867131611143105 4.5887871031372942
leaf_count=37 285 201 1114 4822
internal_value=-0.000841088 0.0058956 0.00826915 -0.0106591
internal_weight=14.6747 9.51021 8.66518 5.16449
internal_count=6459 1600 1315 4859
is_linear=0
shrinkage=0.025


Tree=167
num_leaves=7
num_cat=0
split_feature=27 6 27 22 25 8
split_gain=1.82034 1.36 0.577781 0.188387 0.115257 0.0925327
threshold=0.17108870297670367 3.3658443689346318 0.72156876325607311 0.034461727365851409 0.74371552467346203 0.15086157619953158
decision_type=2 2 2 2 2 2
left_child=1 3 4 -1 -2 -3
right_child=2 5 -4 -5 -6 -7
leaf_value=0 -0.00034324778251515334 0 0.001757438187455469 0.01104107548448862 -0.011644176861918905 -0.0054976543496552538
leaf_weight=0.41130874338705314 2.2276743826587335 0.60292489492712809 0.6320601682527921 5.1552276817456004 3.5285216410411522 1.4278350586828308
leaf_count=273 847 109 103 208 3698 1219
internal_value=-0.000740831 0.00568181 -0.00806888 0.0102965 -0.0100443 -0.00440529
internal_weight=13.9856 7.5973 6.38826 5.56654 5.7562 2.03076
internal_count=6457 1809 4648 481 4545 1328
is_linear=0
shrinkage=0.025


Tree=168
num_leaves=6
num_cat=0
split_feature=21 6 26 20 22
split_gain=1.82057 1.25375 0.706355 0.132407 0.0901625
threshold=0.0042100283317267903 3.311758399009705 -0.88223657011985768 0.61290323734283458 0.85049793124198925
decision_type=2 2 2 2 2
left_child=4 2 -2 -3 -1
right_child=1 3 -4 -5 -6
leaf_value=-0.0093533915165725165 0.011808975995834914 -0.0056016036720846051 0 0.00016537889097717787 0
leaf_weight=3.0328064453569836 6.4154774001581227 1.8296693692827823 2.9818499654720654 0.51237271349964419 0.25222948871669348
leaf_count=3069 502 1127 1587 137 23
internal_value=0.000595349 0.00545736 0.00893904 -0.00423526 -0.00883294
internal_weight=15.0244 11.7394 9.39733 2.34204 3.28504
internal_count=6445 3353 2089 1264 3092
is_linear=0
shrinkage=0.025


Tree=169
num_leaves=7
num_cat=0
split_feature=27 6 27 18 19 18
split_gain=1.7787 1.09794 0.538973 0.505301 0.101196 0.0894751
threshold=0.16948933899402621 3.3658443689346318 0.72156876325607311 0.33931531012058264 -0.42230857908725733 0.19411749392747882
decision_type=2 2 2 2 2 2
left_child=1 4 3 -2 -1 -3
right_child=2 5 -4 -5 -6 -7
leaf_value=0 -0.011642653076580248 -0.0045244071035631479 0.0018082058127571778 0.00016725431920157344 0.010620642242809617 0
leaf_weight=0.10675720731524041 4.2811950389368576 1.131693699557218 0.62488131845020678 1.4835351010115116 5.3510290303456713 1.1241963834327178
leaf_count=60 4098 1019 99 446 395 326
internal_value=0 0.00619363 -0.00740169 -0.00935679 0.0102761 -0.00309703
internal_weight=14.1033 7.71368 6.38961 5.76473 5.45779 2.25589
internal_count=6443 1800 4643 4544 455 1345
is_linear=0
shrinkage=0.025


Tree=170
num_leaves=7
num_cat=0
split_feature=26 13 18 19 22 19
split_gain=2.15001 0.766984 0.729066 0.182799 0.159192 0.0718385
threshold=-0.99331107735633839 2.2151846885681157 0.49784442782402044 0.54697370529174816 -0.25582544505596155 -0.17906074970960614
decision_type=2 2 2 2 2 2
left_child=1 -1 3 -2 -3 -4
right_child=2 4 5 -5 -6 -7
leaf_value=-0.0031646369579361416 -0.012472199808509145 0 -0.00081313579910403532 0 0.0096988779558615824 0.002789417779212139
leaf_weight=0.83628515040618356 5.3280899224992027 0.15827569622342696 0.24564727919641893 0.43689892926340679 4.7484734623139957 1.3073777112949752
leaf_count=466 4992 180 205 126 359 119
internal_value=-0.00231962 0.00607602 -0.00920762 -0.0117741 0.00908417 0.00108019
internal_weight=13.061 5.74303 7.31801 5.76499 4.90675 1.55302
internal_count=6447 1005 5442 5118 539 324
is_linear=0
shrinkage=0.025


Tree=171
num_leaves=7
num_cat=0
split_feature=21 19 7 13 13 23
split_gain=1.74831 1.43318 0.856839 0.486773 0.303538 0.0303483
threshold=0.9617266356945039 0.34645025432109838 5.0924525260925302 2.2151846885681157 2.9607307910919194 -10.773673057556151
decision_type=2 2 2 2 2 2
left_child=1 2 -1 -2 -3 -5
right_child=3 4 -4 5 -6 -7
leaf_value=-0.01307722150375115 -0.0015354871655853784 -0.0017492076452448992 0.0018947724199241721 0 0.0062254793490331816 0.0098919422965986267
leaf_weight=4.9454632675042358 0.41843025712296444 0.5176035128970401 0.78965545174287388 0.084949752927059197 2.5699890674368362 5.1471589844513801
leaf_count=5269 91 269 249 28 245 304
internal_value=0.000187103 -0.00545216 -0.0105112 0.00800495 0.0038609 0.00975625
internal_weight=14.4733 8.82271 5.73512 5.65054 3.08759 5.23211
internal_count=6455 6032 5518 423 514 332
is_linear=0
shrinkage=0.025


Tree=172
num_leaves=7
num_cat=0
split_feature=21 19 12 27 22 21
split_gain=2.23257 1.71427 0.41436 0.301481 0.287902 0.223959
threshold=0.9617266356945039 0.24833724647760394 2.8702677488327031 0.30280339717864996 0.77244064211845409 0.0042100283317267903
decision_type=2 2 2 2 2 2
left_child=1 4 -2 -4 -1 -3
right_child=2 5 3 -5 -6 -7
leaf_value=-0.013940754936551678 -0.0011078421218695018 -0.001378389330207378 0.010533826382451372 -0.00021268998691538048 0 0.0051810392253993538
leaf_weight=5.0454335767863068 0.55984623709810044 0.79324504111718885 4.645720407650515 0.41469571235938918 0.23834897569031444 2.6555502905830508
leaf_count=5372 92 427 198 131 13 295
internal_value=-0.000789616 -0.00752419 0.00770181 0.0093639 -0.0131279 0.0030097
internal_weight=14.3528 8.73258 5.62026 5.06042 5.28378 3.4488
internal_count=6528 6107 421 329 5385 722
is_linear=0
shrinkage=0.025


Tree=173
num_leaves=6
num_cat=0
split_feature=6 25 26 25 19
split_gain=1.69518 1.73314 0.814522 0.212005 0.130859
threshold=3.2758486270904545 0.48908245563507086 -1.0351216197013853 -4.5424878597259513 -0.42594331502914423
decision_type=2 2 2 2 2
left_child=1 4 -3 -2 -1
right_child=3 2 -4 -5 -6
leaf_value=0 0 0.0039396420812257563 -0.0083051629271317859 -0.0099986593578220775 0.01119127232221852
leaf_weight=0.098518274113302939 0.59344818556564893 1.1389270079234837 3.2065221423181365 2.993871811471764 6.2225127737692656
leaf_count=60 68 49 3126 2638 536
internal_value=0 0.00500737 -0.00403633 -0.00881103 0.0108134
internal_weight=14.2538 10.6665 4.34545 3.58732 6.32103
internal_count=6477 3771 3175 2706 596
is_linear=0
shrinkage=0.025


Tree=174
num_leaves=7
num_cat=0
split_feature=22 13 21 21 23 6
split_gain=1.64764 1.45113 0.398849 0.212939 0.138422 0.013078
threshold=0.73357522487640392 4.2883481979370126 0.019692956469953064 1.2649849653244021 -6.4588320255279532 3.4059963226318364
decision_type=2 2 2 2 2 2
left_child=1 3 -3 -1 -2 -6
right_child=4 2 -4 -5 5 -7
leaf_value=-0.011846955678108643 0 -0.0026623832177747296 0.0058139054964956938 0 0.0093170606808476528 0
leaf_weight=4.3130332713262742 0.26127888960763801 0.82451831376965845 3.8504604093977832 0.72102999140042801 3.8277691444673119 0.41802741555147793
leaf_count=4179 80 924 977 77 153 68
internal_value=5.57149e-05 -0.00493486 0.00306963 -0.0108167 0.00840507 0.00905532
internal_weight=14.2161 9.70904 4.67498 5.03406 4.50708 4.2458
internal_count=6458 6157 1901 4256 301 221
is_linear=0
shrinkage=0.025


Tree=175
num_leaves=6
num_cat=0
split_feature=22 26 0 12 11
split_gain=1.76198 1.29917 0.595245 0.571469 0.0464482
threshold=0.85049793124198925 -0.97066053748130787 0.20205116271972659 2.8702677488327031 2.2268080711364751
decision_type=2 2 2 2 2
left_child=1 3 -3 -1 -2
right_child=4 2 -4 -5 -6
leaf_value=-0.0036110779962232869 0 0.001412647174308308 -0.012116032725579753 0.006580278086643178 0.0091033096358635757
leaf_weight=0.9413833808794142 0.26816771918675053 0.3927329700672989 5.3031241913631675 3.2022453546451288 3.6348252924799453
leaf_count=587 44 108 4952 612 180
internal_value=0 -0.00528635 -0.0103746 0.00287285 0.00878142
internal_weight=13.7425 9.83949 5.69586 4.14363 3.90299
internal_count=6483 6259 5060 1199 224
is_linear=0
shrinkage=0.025


Tree=176
num_leaves=7
num_cat=0
split_feature=22 17 13 27 11 16
split_gain=1.49874 1.53459 0.637175 0.631789 0.18259 0.0886107
threshold=0.77244064211845409 0.52575585246086132 4.2883481979370126 0.72156876325607311 2.2268080711364751 0.57400938868522655
decision_type=2 2 2 2 2 2
left_child=1 3 -3 -1 -2 -6
right_child=4 2 -4 -5 5 -7
leaf_value=-0.013126983179181099 -2.9589032616689081e-05 -0.0032977980055169604 0.0073926442935621688 0.0013231240702065942 0.0089687556755386633 0
leaf_weight=4.8516469903988746 0.2004788614867733 1.4870113302167736 2.7109053393505746 0.39205564830626816 3.2416160979773854 0.39710371124965593
leaf_count=5247 56 655 229 82 116 98
internal_value=-0.000439469 -0.00556218 0.00319215 -0.011318 0.00747161 0.00838631
internal_weight=13.2808 9.44162 4.19792 5.2437 3.8392 3.63872
internal_count=6483 6213 884 5329 270 214
is_linear=0
shrinkage=0.025


Tree=177
num_leaves=6
num_cat=0
split_feature=22 6 26 26 0
split_gain=2.12417 0.955272 0.690901 0.082879 0.0803484
threshold=0.034461727365851409 3.3658443689346318 -0.79632219672203053 -1.1335668563842771 3.5856389999389653
decision_type=2 2 2 2 2
left_child=3 2 -2 -1 -3
right_child=1 4 -4 -5 -6
leaf_value=0 0.010427457208752466 0 -0.0016063377931509382 -0.010936244624040078 -0.0049789995431013317
leaf_weight=0.25278479108237606 6.5743041203168096 0.19765816432482086 1.3252159962648864 3.6997147563815833 1.360619694998604
leaf_count=79 521 16 617 4519 657
internal_value=-0.000888043 0.00494421 0.00808403 -0.010509 -0.00404798
internal_weight=13.4103 9.4578 7.89952 3.9525 1.55828
internal_count=6409 1811 1138 4598 673
is_linear=0
shrinkage=0.025


Tree=178
num_leaves=7
num_cat=0
split_feature=27 13 22 27 21 10
split_gain=1.69375 0.888408 0.634764 0.510656 0.271167 0.0137299
threshold=0.13069365173578265 2.2151846885681157 0.85049793124198925 0.72156876325607311 0.040223699063062675 2.7193342447280888
decision_type=2 2 2 2 2 2
left_child=1 -1 3 -2 -3 -4
right_child=2 4 5 -5 -6 -7
leaf_value=-0.0032545117559808789 -0.010515377635215581 0 0 0.0014575984334871603 0.011001174552205973 0.0025497293449072171
leaf_weight=0.85338973712350696 5.510104959103046 0.37588118351413857 0.19157056643598458 0.37428323137282848 5.1925733456228045 0.94981141636526445
leaf_count=526 4991 318 29 85 399 83
internal_value=0 0.00706944 -0.00636867 -0.00885986 0.0100342 0.00221383
internal_weight=13.4476 6.42184 7.02577 5.88439 5.56845 1.14138
internal_count=6431 1243 5188 5076 717 112
is_linear=0
shrinkage=0.025


Tree=179
num_leaves=7
num_cat=0
split_feature=6 25 26 22 19 21
split_gain=1.78346 1.65102 0.399303 0.139906 0.127056 0.12222
threshold=3.2758486270904545 0.74371552467346203 -1.0137248039245603 0.95955023169517528 -0.42594331502914423 1.8383264541625979
decision_type=2 2 2 2 2 2
left_child=1 4 -3 5 -1 -2
right_child=3 2 -4 -5 -6 -7
leaf_value=0 -0.0099814854892530738 0.0022211538059362232 -0.0065265139509715492 0 0.01142259899558426 0
leaf_weight=0.106310302078782 2.8390359339755395 0.91766631339851246 3.0472414302494153 0.33308816154021759 6.4289268297725339 0.32473311794456083
leaf_count=68 2693 56 3047 30 596 23
internal_value=0.000503853 0.00569269 -0.00369512 -0.00852266 0.011063 -0.00929033
internal_weight=13.997 10.5001 3.96491 3.49686 6.53524 3.16377
internal_count=6513 3767 3103 2746 664 2716
is_linear=0
shrinkage=0.025


Tree=180
num_leaves=7
num_cat=0
split_feature=21 19 10 24 16 21
split_gain=2.06731 1.54033 0.423491 0.18632 0.153203 0.0957998
threshold=0.9617266356945039 0.52851247787475597 0.60684794187545787 -3.7637677192687984 0.86488527059555065 0.0042100283317267903
decision_type=2 2 2 2 2 2
left_child=1 3 -2 -1 -4 -3
right_child=2 5 4 -5 -6 -7
leaf_value=0 -0.0014289361718551718 0 0.0095155573978350956 -0.01299513386484627 0 0.0049024114124304498
leaf_weight=0.31391137471655284 0.49589847197057757 0.35211369635362633 4.3648705862506176 5.7275972384086336 0.32910110200464249 1.6411225588090017
leaf_count=42 69 164 236 5767 109 88
internal_value=-0.00146022 -0.00799024 0.00699603 -0.0123906 0.00880877 0.00377647
internal_weight=13.2246 8.03474 5.18987 6.04151 4.69397 1.99324
internal_count=6475 6061 414 5809 345 252
is_linear=0
shrinkage=0.025


Tree=181
num_leaves=6
num_cat=0
split_feature=21 13 4 25 15
split_gain=1.56619 1.037 0.294003 0.114002 0.0738751
threshold=0.0042100283317267903 3.1623370647430424 -0.40828126668930048 -4.5424878597259513 2.9407961368560795
decision_type=2 2 2 2 2
left_child=4 3 -3 -2 -1
right_child=1 2 -4 -5 -6
leaf_value=-0.0088920600008599252 8.944736652653216e-05 -0.00014469382587160886 0.0094614092982017398 -0.0050350638420999291 0
leaf_weight=2.7644176522371722 0.68040477359318208 0.7130744639071035 7.8284423035875079 1.6759565471511439 0.092364840471418463
leaf_count=3096 59 150 1976 1141 13
internal_value=0.000434788 0.00510714 0.0084406 -0.00365069 -0.00850074
internal_weight=13.7547 10.8979 8.54152 2.35636 2.85678
internal_count=6435 3326 2126 1200 3109
is_linear=0
shrinkage=0.025


Tree=182
num_leaves=6
num_cat=0
split_feature=21 5 14 19 24
split_gain=1.5484 0.832891 0.592109 0.145742 0.081513
threshold=0.019692956469953064 4.0166051387786874 0.39194670319557195 0.7935597598552705 -4.7351050376892081
decision_type=2 2 2 2 2
left_child=4 2 -2 -3 -1
right_child=1 3 -4 -5 -6
leaf_value=0 0.010457284701645827 -0.0052294971439122906 -3.3711215219850794e-05 0.00058747449557822141 -0.0088572274068567085
leaf_weight=0.23252751724794452 6.1283459254555037 1.2335812892924867 3.1200868470041314 0.3834320346941239 2.8215702514935419
leaf_count=23 1618 637 965 18 3229
internal_value=0.000361775 0.00506842 0.00770952 -0.00350398 -0.00835824
internal_weight=13.9195 10.8654 9.24843 1.61701 3.0541
internal_count=6490 3238 2583 655 3252
is_linear=0
shrinkage=0.025


Tree=183
num_leaves=7
num_cat=0
split_feature=13 27 18 14 24 21
split_gain=1.4926 0.8957 0.677315 0.308053 0.276754 0.210292
threshold=4.0085058212280282 0.22563968598842624 0.53946271538734447 0.100738812237978 -5.8286581039428702 0.0042100283317267903
decision_type=2 2 2 2 2 2
left_child=2 5 4 -3 -1 -2
right_child=1 3 -4 -5 -6 -7
leaf_value=2.876781800111324e-05 0 0.0023839423527984072 0.0016108058577863856 -0.0053359473864721379 -0.011325772703519952 0.010507252175927642
leaf_weight=0.30230247307918068 0.17079492298216781 0.72462667847139561 1.5862081533778107 2.0140587069035973 3.6067835506401025 4.5975663194985827
leaf_count=15 218 623 257 1419 3619 297
internal_value=0 0.00571192 -0.00707144 -0.00226517 -0.0102228 0.00974767
internal_weight=13.0023 7.50705 5.49529 2.73869 3.90909 4.76836
internal_count=6448 2557 3891 2042 3634 515
is_linear=0
shrinkage=0.025


Tree=184
num_leaves=7
num_cat=0
split_feature=22 17 27 5 25 4
split_gain=1.52517 1.25587 0.643512 0.457635 0.172526 0.0110201
threshold=0.73357522487640392 0.52575585246086132 0.72156876325607311 4.0166051387786874 -0.15012253075838086 4.7421007156372079
decision_type=2 2 2 2 2 2
left_child=1 2 -1 -3 5 -2
right_child=4 3 -4 -5 -6 -7
leaf_value=-0.012648085885758876 0.0088425455938029897 0.0058686703415420406 0.0015622063874598492 -0.0032547096795866697 0 0
leaf_weight=4.5401604788057721 3.3660167107300372 3.3145637810157496 0.35172180045628909 0.79059018105181156 0.32036485953722227 0.38923573709325854
leaf_count=5136 145 585 75 296 103 50
internal_value=0 -0.00543726 -0.0107213 0.00260278 0.00770954 0.00859813
internal_weight=13.0727 8.99704 4.89188 4.10515 4.07562 3.75525
internal_count=6390 6092 5211 881 298 195
is_linear=0
shrinkage=0.025


Tree=185
num_leaves=7
num_cat=0
split_feature=21 19 7 13 5 13
split_gain=1.59873 0.859747 0.725048 0.451761 0.130307 0.112541
threshold=0.9617266356945039 0.5067332684993745 5.0924525260925302 2.2151846885681157 0.19658907502889636 2.9607307910919194
decision_type=2 2 2 2 2 2
left_child=1 2 -1 -2 -5 -3
right_child=3 5 -4 4 -6 -7
leaf_value=-0.01145670739792453 -0.0015321562402970652 -0.00052241079992760024 0.0018709503478439899 0 0.0096943348550122699 0.0043821916955790706
leaf_weight=5.3428273859390174 0.42898451141081739 0.28018954268190999 0.78267618459358335 0.18402943777618919 4.649655534318299 1.5075709278025895
leaf_count=5554 102 154 246 71 244 113
internal_value=0 -0.00585961 -0.0091165 0.00735936 0.00916185 0.00287414
internal_weight=13.1759 7.91326 6.1255 5.26267 4.83368 1.78776
internal_count=6484 6067 5800 417 315 267
is_linear=0
shrinkage=0.025


Tree=186
num_leaves=6
num_cat=0
split_feature=22 17 27 5 23
split_gain=1.69039 1.09991 0.59869 0.31723 0.0466473
threshold=0.85049793124198925 0.65091958642005932 0.72156876325607311 4.0166051387786874 -5.3722805976867667
decision_type=2 2 2 2 2
left_child=1 2 -1 -3 -2
right_child=4 3 -4 -5 -6
leaf_value=-0.011863163162187463 0 0.0053282731035409273 0.0015436747898527527 -0.0024213575092309567 0.0088022926599972164
leaf_weight=5.1603082969886582 0.34643800331105046 2.8005677367909816 0.35791474547295354 0.61228568044316478 3.36980558972573
leaf_count=5536 82 366 83 216 147
internal_value=0 -0.00560174 -0.0100789 0.00258226 0.00842947
internal_weight=12.6473 8.93108 5.51822 3.41285 3.71624
internal_count=6430 6201 5619 582 229
is_linear=0
shrinkage=0.025


Tree=187
num_leaves=7
num_cat=0
split_feature=21 19 8 5 26 12
split_gain=1.34903 0.854559 0.572174 0.308916 0.180644 0.110813
threshold=0.98125115036964428 0.5067332684993745 5.2275099754333505 4.0166051387786874 -0.67594161629676808 2.7512185573577885
decision_type=2 2 2 2 2 2
left_child=1 2 -1 4 -2 -3
right_child=3 5 -4 -5 -6 -7
leaf_value=-0.010701297275220501 0.009241942510171337 -0.00040884286622156374 0.0012824747964520196 -0.00090087755267460694 0 0.0045526257792523452
leaf_weight=5.275751795314136 4.1643604610653711 0.25962233653262945 0.8828705528503632 0.31690317299216975 0.32258769773761731 1.5471316832990849
leaf_count=5456 234 166 324 67 87 112
internal_value=0 -0.0052843 -0.00861838 0.00700518 0.00840288 0.00314486
internal_weight=12.7692 7.96538 6.15862 4.80385 4.48695 1.80675
internal_count=6446 6058 5780 388 321 278
is_linear=0
shrinkage=0.025


Tree=188
num_leaves=7
num_cat=0
split_feature=6 25 26 21 24 0
split_gain=1.33318 1.1644 0.479682 0.211267 0.133308 0.0625039
threshold=3.2038844823837285 0.74371552467346203 -1.0137248039245603 1.8383264541625979 -5.3795025348663321 1.8639786839485171
decision_type=2 2 2 2 2 2
left_child=1 5 -3 4 -2 -1
right_child=3 2 -4 -5 -6 -7
leaf_value=0 0 0.003104206587019172 -0.0062941525954361604 0 -0.0093534064652474533 0.010027972017395069
leaf_weight=0.047922493213261919 0.22046698117628771 0.95212291023926754 2.9054136293052588 0.52330169832566742 2.7527060345673826 5.6159066892796545
leaf_count=41 18 44 2984 24 2692 576
internal_value=0.000248693 0.00505768 -0.00282598 -0.00738112 -0.00863813 0.00982064
internal_weight=13.0178 9.52137 3.85754 3.49647 2.97317 5.66383
internal_count=6379 3645 3028 2734 2710 617
is_linear=0
shrinkage=0.025


Tree=189
num_leaves=7
num_cat=0
split_feature=26 6 18 27 22 14
split_gain=1.5261 0.747614 0.369284 0.481637 0.168972 0.0747648
threshold=-0.9973798096179961 4.649207830429078 0.33931531012058264 0.72156876325607311 -0.098312754184007631 0.34401403367519384
decision_type=2 2 2 2 2 2
left_child=1 4 3 -2 -1 -4
right_child=2 -3 5 -5 -6 -7
leaf_value=0 -0.010036312314584168 -0.002811019586521744 0.0024578941751333197 0.0014727951895386114 0.010265986484296424 -0.0012451724617172427
leaf_weight=0.15587038930971164 4.6729684273086605 0.77362872248340853 1.3829116677807181 0.36687951610656444 4.7368254278699169 0.74192226394370653
leaf_count=201 4795 484 216 86 293 361
internal_value=0 0.00683928 -0.00611506 -0.00825975 0.00964648 0.000321248
internal_weight=12.831 5.66632 7.16468 5.03985 4.8927 2.12483
internal_count=6436 978 5458 4881 494 577
is_linear=0
shrinkage=0.025


Tree=190
num_leaves=7
num_cat=0
split_feature=6 25 26 19 0 22
split_gain=1.46825 1.34779 0.365366 0.162602 0.0562156 0.0475534
threshold=3.2758486270904545 0.74371552467346203 -1.0379431843757627 -0.19258021563291547 3.5856389999389653 1.0463464856147768
decision_type=2 2 2 2 2 2
left_child=1 3 -3 -1 -2 -6
right_child=4 2 -4 -5 5 -7
leaf_value=0 0 0.0020865079364936184 -0.0063551315101677752 0.010471768595941837 -0.0093988347660597851 0
leaf_weight=0.35683429407072242 0.35266616845183429 0.81639831156644449 2.9175455041331597 5.4446712526550964 2.521393865004939 0.2616302154783624
leaf_count=188 348 44 3057 463 2317 23
internal_value=0 0.00467798 -0.00365598 0.00982989 -0.00858465 -0.0090305
internal_weight=12.6711 9.53545 3.73394 5.80151 3.13569 2.78302
internal_count=6440 3752 3101 651 2688 2340
is_linear=0
shrinkage=0.025


Tree=191
num_leaves=6
num_cat=0
split_feature=22 13 26 7 23
split_gain=1.582 0.899209 0.355489 0.193356 0.105031
threshold=0.77244064211845409 4.2883481979370126 -0.89363202452659596 -1.1571438312530515 -6.4588320255279532
decision_type=2 2 2 2 2
left_child=1 3 -3 -1 -2
right_child=4 2 -4 -5 -6
leaf_value=0 0 0.0050485741367969367 -0.0028251672295236999 -0.011420343994276917 0.0079210273947165517
leaf_weight=0.41936099658050707 0.24160855764057521 2.155234257501434 1.6914442602355846 4.2630079946393371 3.4431967438285946
leaf_count=101 77 268 1649 4234 194
internal_value=-0.000908936 -0.00631114 0.00123993 -0.0105969 0.00731018
internal_weight=12.2139 8.52905 3.84668 4.68237 3.68481
internal_count=6523 6252 1917 4335 271
is_linear=0
shrinkage=0.025


Tree=192
num_leaves=6
num_cat=0
split_feature=22 13 17 25 16
split_gain=1.36016 1.09341 0.344533 0.0640355 0.061998
threshold=0.85049793124198925 4.2883481979370126 0.66588604450225841 -4.5424878597259513 0.57400938868522655
decision_type=2 2 2 2 2
left_child=1 3 -3 -1 -2
right_child=4 2 -4 -5 -6
leaf_value=0 0.0078188581796762441 -0.0019586313258459134 0.0057062072955134874 -0.010738880911384273 0
leaf_weight=0.32574776298133556 3.1387467130043674 2.2661396093099029 2.0315462036669487 4.3194212050293563 0.39039844676153723
leaf_count=48 136 1808 143 4249 84
internal_value=-0.000297775 -0.00530801 0.00211254 -0.0103576 0.00733438
internal_weight=12.472 8.94285 4.29769 4.64517 3.52915
internal_count=6468 6248 1951 4297 220
is_linear=0
shrinkage=0.025


Tree=193
num_leaves=7
num_cat=0
split_feature=21 19 7 13 6 20
split_gain=1.36762 0.673488 0.772849 0.318156 0.225779 0.150596
threshold=0.9617266356945039 0.24833724647760394 5.0924525260925302 2.2151846885681157 3.2038844823837285 1.380499601364136
decision_type=2 2 2 2 2 2
left_child=1 2 -1 -2 -3 -5
right_child=3 4 -4 5 -6 -7
leaf_value=-0.011383502131549983 -0.00091063635794182997 0.0044729520902157364 0.0022597051066228723 0.0092866956493216236 -0.0020331568632689706 0
leaf_weight=4.1997186306543881 0.33091760979732487 2.0337874366960027 0.71561576252861403 4.3055197674038936 0.75725234980200173 0.41313288781384461
leaf_count=5100 82 243 248 213 455 109
internal_value=0 -0.00517874 -0.008629 0.00715157 0.00173358 0.00853767
internal_weight=12.7559 7.70637 4.91533 5.04957 2.79104 4.71865
internal_count=6450 6046 5348 404 698 322
is_linear=0
shrinkage=0.025


Tree=194
num_leaves=6
num_cat=0
split_feature=22 17 27 5 16
split_gain=1.2063 1.08057 0.531433 0.326155 0.0403459
threshold=0.85049793124198925 0.71609485149383556 0.72156876325607311 4.0166051387786874 0.57400938868522655
decision_type=2 2 2 2 2
left_child=1 2 -1 -3 -2
right_child=4 3 -4 -5 -6
leaf_value=-0.010911297137283504 0.007575159350734096 0.0057841082272417051 0.0014607827689983287 -0.0022120300397601351 0
leaf_weight=5.2561018695996591 3.2253729892108836 2.7322929430520166 0.36997960753797077 0.58004978134704277 0.37445314362412307
leaf_count=5637 147 276 84 196 82
internal_value=0 -0.00469435 -0.00920499 0.00314366 0.00720779
internal_weight=12.5383 8.93842 5.62608 3.31234 3.59983
internal_count=6422 6193 5721 472 229
is_linear=0
shrinkage=0.025


Tree=195
num_leaves=5
num_cat=0
split_feature=21 6 25 15
split_gain=1.21626 0.975257 0.47305 0.0617704
threshold=0.019692956469953064 4.1178398132324228 0.74371552467346203 -0.73357713222503651
decision_type=2 2 2 2
left_child=3 2 -2 -1
right_child=1 -3 -4 -5
leaf_value=0 0.0095170703066674855 -0.0049414484693370044 -0.0001740709305384474 -0.0084439657006974041
leaf_weight=0.14736860308767008 6.2129630156414333 1.1890047676279198 2.4426570423820522 2.5315704183849466
leaf_count=65 831 743 1630 3143
internal_value=0 0.00419925 0.00726214 -0.00805634
internal_weight=12.5236 9.84462 8.65562 2.67894
internal_count=6412 3204 2461 3208
is_linear=0
shrinkage=0.025


Tree=196
num_leaves=4
num_cat=0
split_feature=21 13 27
split_gain=1.46275 0.785674 0.415214
threshold=0.019692956469953064 2.2151846885681157 0.22563968598842624
decision_type=2 2 2
left_child=-1 -2 -3
right_child=1 2 -4
leaf_value=-0.0083294224165536539 -0.0038202211343098427 0.0096889892140336331 0
leaf_weight=2.5023698545082889 0.94341657143377133 6.3096221719024452 2.7645195275836159
leaf_count=3217 503 990 1731
internal_value=0.000488592 0.00514734 0.00754971
internal_weight=12.5199 10.0176 9.07414
internal_count=6441 3224 2721
is_linear=0
shrinkage=0.025


Tree=197
num_leaves=7
num_cat=0
split_feature=6 25 26 25 22 18
split_gain=1.17716 1.02839 0.505566 0.147933 0.142586 0.0272254
threshold=3.2758486270904545 0.74371552467346203 -1.0137248039245603 -3.8048487901687618 0.034461727365851409 1.0420561432838442
decision_type=2 2 2 2 2 2
left_child=1 4 -3 -2 -1 -5
right_child=3 2 -4 5 -6 -7
leaf_value=0 0 0.0030679565958153074 -0.0066255508435334749 -0.0089268089841584661 0.0094233365866143465 0
leaf_weight=0.14519951858528468 0.66719734050275326 1.0437302310747321 2.679830184624735 2.4311488671919519 5.212374206748791 0.088929972727782913
leaf_count=178 93 61 3061 2624 474 11
internal_value=0 0.00423901 -0.00299089 -0.00767836 0.00888541 -0.00874545
internal_weight=12.2684 9.08113 3.72356 3.18728 5.35757 2.52008
internal_count=6502 3774 3122 2728 652 2635
is_linear=0
shrinkage=0.025


Tree=198
num_leaves=7
num_cat=0
split_feature=6 27 14 24 25 22
split_gain=1.36676 1.08217 0.397501 0.31279 0.121002 0.0556474
threshold=3.2038844823837285 0.22563968598842624 0.100738812237978 0.18917535990476611 -4.5424878597259513 0.91118156909942638
decision_type=2 2 2 2 2 2
left_child=1 3 -3 -1 -2 -6
right_child=4 2 -4 -5 5 -7
leaf_value=0.010427147482850792 0 0.0025102651452766369 -0.006156062455005838 -0.00040408512201767981 -0.0091571933198018336 0
leaf_weight=5.4346201772932528 0.48839214484905857 0.96790370001690496 2.5053094402428542 0.29339946541585948 2.4832906717965684 0.19196184861357313
leaf_count=374 61 916 1927 423 2689 21
internal_value=0 0.00487227 -0.00294719 0.00936001 -0.00795875 -0.00878781
internal_weight=12.3649 9.20123 3.47321 5.72802 3.16364 2.67525
internal_count=6411 3640 2843 797 2771 2710
is_linear=0
shrinkage=0.025


Tree=199
num_leaves=6
num_cat=0
split_feature=22 13 26 21 19
split_gain=1.4277 0.869279 0.798546 0.0719986 0.0181737
threshold=0.034461727365851409 3.4418492317199711 -0.80684596300125111 1.8383264541625979 0.34645025432109838
decision_type=2 2 2 2 2
left_child=4 3 -3 -2 -1
right_child=1 2 -4 -5 -6
leaf_value=-0.0096423560042394208 -0.0051771946122385294 0.0099968317622160605 -0.0025931645391565001 0 0
leaf_weight=3.1143002203643859 1.3066867206216537 5.6094582302539484 1.1029654726517044 0.23616598255466659 0.33316390947584285
leaf_count=4438 762 460 611 8 157
internal_value=-0.00142079 0.00371525 0.00717059 -0.00435411 -0.00937889
internal_weight=11.7027 8.25528 6.71242 1.54285 3.44746
internal_count=6436 1841 1071 770 4595
is_linear=0
shrinkage=0.025


Tree=200
num_leaves=7
num_cat=0
split_feature=26 6 19 0 12 10
split_gain=0.993113 0.592148 0.539507 0.38951 0.0767105 0.0706642
threshold=-1.0023019313812254 4.649207830429078 0.52851247787475597 0.20205116271972659 2.6136326789855961 2.3082413673400883
decision_type=2 2 2 2 2 2
left_child=1 4 3 -2 -1 -4
right_child=2 -3 5 -5 -6 -7
leaf_value=0 0.0013801443029339497 -0.0024032516250135525 -0.0001089538727495441 -0.0084615383812601322 0.0091006868962544857 0.0036698997081567224
leaf_weight=0.070591763746051472 0.3898535574262495 0.69208769640681556 0.22165925928129571 5.5444808444444789 4.4369219376822002 1.3004148115214773
leaf_count=88 111 467 71 5208 372 146
internal_value=0.000246773 0.00623434 -0.0042533 -0.00690794 0.00878435 0.00249966
internal_weight=12.656 5.1996 7.45641 5.93433 4.50751 1.52207
internal_count=6463 927 5536 5319 460 217
is_linear=0
shrinkage=0.025


Tree=201
num_leaves=6
num_cat=0
split_feature=13 22 21 14 21
split_gain=1.28173 0.914142 0.584401 0.43195 0.0743783
threshold=4.1448431015014657 0.85049793124198925 0.019692956469953064 0.39194670319557195 1.8383264541625979
decision_type=2 2 2 2 2
left_child=1 4 -2 -4 -1
right_child=2 -3 3 -5 -6
leaf_value=-0.010547453865918065 -0.0025367927044629823 0.0030252730779477587 0.010551646725053522 0 0
leaf_weight=3.7166553485694753 0.79241123787505774 1.4265637700809746 3.876764522967278 2.0379720467390143 0.27151715476065863
leaf_count=4013 1025 100 753 503 21
internal_value=0 -0.00627977 0.00577449 0.0081126 -0.0101349
internal_weight=12.1219 5.41474 6.70715 5.91474 3.98817
internal_count=6415 4134 2281 1256 4034
is_linear=0
shrinkage=0.025


Tree=202
num_leaves=7
num_cat=0
split_feature=27 5 22 24 18 24
split_gain=1.49559 0.868546 0.560448 0.237276 0.112339 0.0732857
threshold=0.17108870297670367 4.0348145961761483 0.91118156909942638 0.45993100106716162 0.33931531012058264 -5.3795025348663321
decision_type=2 2 2 2 2 2
left_child=1 3 4 -1 -2 -3
right_child=2 5 -4 -5 -6 -7
leaf_value=0.0099077542794617258 -0.01048418772434863 0 0.0016416323103847351 -8.8630216697725827e-05 0 -0.0043565066988447117
leaf_weight=5.215995088496129 3.7152120478494908 0.25091656314907584 0.93650906483526331 0.23464305875677371 0.9218099414865718 1.1061892950237959
leaf_count=422 4194 13 86 438 379 957
internal_value=-0.000178552 0.00568657 -0.00723496 0.00904286 -0.00959784 -0.00332038
internal_weight=12.3813 6.80774 5.57353 5.45064 4.63702 1.35711
internal_count=6489 1830 4659 860 4573 970
is_linear=0
shrinkage=0.025


Tree=203
num_leaves=7
num_cat=0
split_feature=21 6 27 26 15 16
split_gain=1.118 0.730992 0.427274 0.0975822 0.0562074 0.0559729
threshold=0.019692956469953064 3.2038844823837285 0.22563968598842624 -1.0079507231712339 2.9407961368560795 1.4034280180931094
decision_type=2 2 2 2 2 2
left_child=4 2 -2 -3 5 -1
right_child=1 3 -4 -5 -6 -7
leaf_value=-0.0081844670712347863 0.0096286979356578449 0 0 -0.004534346478982044 0 0
leaf_weight=2.4213508809953073 5.0530480962916027 1.1571185739667273 2.2791517911646224 1.060660225626634 0.085510624870948848 0.1439126008626771
leaf_count=3178 440 322 1444 1014 13 61
internal_value=0 0.00432161 0.00734323 -0.0029689 -0.00747079 -0.00781582
internal_weight=12.2008 9.54998 7.3322 2.21778 2.65077 2.56526
internal_count=6472 3220 1884 1336 3252 3239
is_linear=0
shrinkage=0.025


Tree=204
num_leaves=7
num_cat=0
split_feature=22 13 1 16 8 6
split_gain=1.60916 0.361578 0.35327 0.194491 0.160489 0.0671921
threshold=0.73357522487640392 4.3758718967437753 2.0681087970733647 0.57400938868522655 -0.82806363701820362 3.2038844823837285
decision_type=2 2 2 2 2 2
left_child=1 4 -3 5 -1 -2
right_child=3 2 -4 -5 -6 -7
leaf_value=0 0.0079415237593757036 -0.0045720533939005567 0.0035527627825561064 -0.00031115126968633567 -0.011050316460421308 0
leaf_weight=0.35703222960728442 3.0283113713012435 1.1880769036251879 2.244429090351332 0.27570315822958935 3.7267766415898222 0.3922982258372939
leaf_count=74 131 1089 673 110 4287 65
internal_value=-0.0021778 -0.00768566 0 0.00628291 -0.0103086 0.00742579
internal_weight=11.2126 7.51631 3.43251 3.69631 4.08381 3.42061
internal_count=6429 6123 1762 306 4361 196
is_linear=0
shrinkage=0.025


Tree=205
num_leaves=6
num_cat=0
split_feature=13 21 22 15 21
split_gain=1.1986 0.608541 0.561932 0.455346 0.316513
threshold=4.1188964843750009 0.019692956469953064 0.77244064211845409 0.35184349119663244 1.2649849653244021
decision_type=2 2 2 2 2
left_child=2 -2 4 -3 -1
right_child=1 3 -4 -5 -6
leaf_value=-0.010345082469081016 -0.0026445844676761688 0.010366481012518084 0.0018834990289230405 -0.00028611993537200309 4.9242911027677553e-05
leaf_weight=3.2189085739082657 0.81536402149504272 4.4931486800996936 1.2952466423521398 1.5786655387637436 0.81690403004176904
leaf_count=3877 1096 853 114 452 77
internal_value=0.00011716 0.00577505 -0.00584468 0.00815388 -0.00868642
internal_weight=12.2182 6.88718 5.33106 6.07181 4.03581
internal_count=6469 2401 4068 1305 3954
is_linear=0
shrinkage=0.025


Tree=206
num_leaves=7
num_cat=0
split_feature=21 19 26 5 13 26
split_gain=1.06391 0.808986 0.546635 0.359747 0.214037 0.154429
threshold=0.9617266356945039 0.24833724647760394 -0.39495889842510218 4.0166051387786874 3.0535480976104741 -0.80684596300125111
decision_type=2 2 2 2 2 2
left_child=1 2 -1 5 -3 -2
right_child=3 4 -4 -5 -6 -7
leaf_value=-0.011018006266353906 0.0087567884229859307 -0.001761911167937804 0.0015560759919505732 -0.001421587226948272 0.0046500869568810652 0
leaf_weight=4.0523825979180401 3.7384145266623818 0.53417755214468376 0.3603017750501748 0.40288304016576137 2.2727312341521611 0.52507575231720682
leaf_count=5240 205 377 88 89 324 135
internal_value=0 -0.00499854 -0.00904611 0.00609955 0.00228235 0.00786865
internal_weight=11.886 7.21959 4.41268 4.66637 2.80691 4.26349
internal_count=6458 6029 5328 429 701 340
is_linear=0
shrinkage=0.025


Tree=207
num_leaves=7
num_cat=0
split_feature=6 26 14 24 24 8
split_gain=0.982547 0.854153 0.351058 0.228965 0.118292 0.116512
threshold=3.2758486270904545 -0.88223657011985768 0.100738812237978 0.45993100106716162 -5.3795025348663321 -0.82806363701820362
decision_type=2 2 2 2 2 2
left_child=1 3 -3 -1 -2 -6
right_child=4 2 -4 -5 5 -7
leaf_value=0.0090955267358614235 0 0.0023141941675468782 -0.0057956056525969232 -0.00017843161461689858 0 -0.0085596536264542968
leaf_weight=5.0348932187152959 0.29974456509808112 0.98645941712675211 2.4732742110318213 0.25317135720979411 0.34701190927444336 2.4218808314944913
leaf_count=451 21 936 2006 386 67 2587
internal_value=0 0.00397351 -0.00274339 0.00817309 -0.00701475 -0.007786
internal_weight=11.8164 8.7478 3.45973 5.28806 3.06864 2.76889
internal_count=6454 3779 2942 837 2675 2654
is_linear=0
shrinkage=0.025


Tree=208
num_leaves=6
num_cat=0
split_feature=21 6 14 21 15
split_gain=1.09592 0.808564 0.239843 0.0959703 0.0536225
threshold=0.0042100283317267903 3.2038844823837285 0.39194670319557195 1.8383264541625979 -0.73357713222503651
decision_type=2 2 2 2 2
left_child=4 2 -2 -3 -1
right_child=1 3 -4 -5 -6
leaf_value=0 0.0095294988163911847 -0.0045889931799253407 0 6.7208420807645793e-05 -0.0076033185031345501
leaf_weight=0.14120638970052857 4.6715865797341376 1.4917272435122866 2.7772782190259022 0.50326233720988955 2.278576522872755
leaf_count=64 1182 1303 748 25 3048
internal_value=0.000352777 0.0045558 0.00764921 -0.00331246 -0.0072245
internal_weight=11.8636 9.44385 7.44886 1.99499 2.41978
internal_count=6370 3258 1930 1328 3112
is_linear=0
shrinkage=0.025


Tree=209
num_leaves=6
num_cat=0
split_feature=22 11 17 16 18
split_gain=1.09591 0.841081 0.355895 0.153999 0.110482
threshold=0.73357522487640392 4.5181584358215341 0.52575585246086132 0.57400938868522655 0.67888456583023082
decision_type=2 2 2 2 2
left_child=1 4 -3 -2 -1
right_child=3 2 -4 -5 -6
leaf_value=-0.010659914934339534 0.00719420718070405 -0.0026367152080340617 0.0052310617835038238 0 0
leaf_weight=3.3307034285207924 3.0529881369802756 1.7819951284000128 2.1036319741906482 0.38966809396515589 0.47041302836441889
leaf_count=3758 182 1979 275 112 124
internal_value=-0.000640839 -0.00540785 0.00146611 0.00616177 -0.00998571
internal_weight=11.1294 7.68674 3.88563 3.44266 3.80112
internal_count=6430 6136 2254 294 3882
is_linear=0
shrinkage=0.025


Tree=210
num_leaves=7
num_cat=0
split_feature=22 12 21 11 16 1
split_gain=0.972678 0.536548 0.35566 0.204232 0.144375 0.104086
threshold=0.73357522487640392 5.6773381233215341 1.2115253806114199 2.2268080711364751 0.57400938868522655 1.0000000180025095e-35
decision_type=2 2 2 2 2 2
left_child=1 2 -1 -2 -5 -3
right_child=3 5 -4 4 -6 -7
leaf_value=-0.0087992787738154377 -0.00044235360767826555 -0.00067607643804424309 0.00062547346490524904 0.0083422848467278581 0 0.0038606805078635815
leaf_weight=5.1396437441107992 0.18227494464372318 0.32879102956940176 0.97022492802352633 3.0767050883368943 0.35295896031311702 1.4092172963028131
leaf_count=5442 60 111 83 140 97 477
internal_value=0 -0.00452184 -0.00713216 0.00633139 0.00748167 0.00221004
internal_weight=11.4598 7.84788 6.10987 3.61194 3.42966 1.73801
internal_count=6410 6113 5525 297 237 588
is_linear=0
shrinkage=0.025


Tree=211
num_leaves=6
num_cat=0
split_feature=21 6 25 20 15
split_gain=1.11282 0.706166 0.393445 0.0888443 0.0569285
threshold=0.019692956469953064 3.3658443689346318 2.6989984512329106 0.61290323734283458 2.9407961368560795
decision_type=2 2 2 2 2
left_child=4 2 -2 -3 -1
right_child=1 3 -4 -5 -6
leaf_value=-0.007870211948247394 0.0089940269938951298 -0.0041878202432641398 -0.00066132679548861525 0.00013287620335496837 0
leaf_weight=2.2979605440777973 6.1729639686418505 1.5808532295668558 1.1380668147030517 0.48087275843136001 0.079798393126111367
leaf_count=3194 1267 1081 714 133 12
internal_value=9.96509e-05 0.00440761 0.00732519 -0.00291446 -0.00751316
internal_weight=11.7505 9.37276 7.31103 2.06173 2.37776
internal_count=6401 3195 1981 1214 3206
is_linear=0
shrinkage=0.025


Tree=212
num_leaves=6
num_cat=0
split_feature=13 27 27 21 24
split_gain=1.14023 0.959833 0.318923 0.230775 0.128258
threshold=3.4418492317199711 0.22563968598842624 0.72156876325607311 0.040223699063062675 -3.7637677192687984
decision_type=2 2 2 2 2
left_child=4 3 -3 -2 -1
right_child=1 2 -4 -5 -6
leaf_value=0 -5.6491046228472132e-05 -0.0060109161906465418 0.0020492294042289898 0.0093699999179280152 -0.008793728988181003
leaf_weight=0.53302744976099381 0.35088773129245776 2.3523961307837458 0.54028798731451377 4.9728049577679485 2.3973918542687906
leaf_count=80 424 2640 92 467 2737
internal_value=-0.000133444 0.00408974 -0.00336911 0.00841684 -0.00787553
internal_weight=11.1468 8.21638 2.89268 5.32369 2.93042
internal_count=6440 3623 2732 891 2817
is_linear=0
shrinkage=0.025


Tree=213
num_leaves=7
num_cat=0
split_feature=25 6 27 0 19 25
split_gain=0.916408 0.966731 0.476001 0.50638 0.109608 0.0738605
threshold=0.74371552467346203 3.2038844823837285 0.073713496327400221 0.20205116271972659 -0.42594331502914423 -4.5424878597259513
decision_type=2 2 2 2 2 2
left_child=1 4 -2 -4 -1 -3
right_child=2 5 3 -5 -6 -7
leaf_value=0 0.0015850274851615023 0 0.0014541637436720563 -0.010668804140866026 0.0090254544936018179 -0.0047861844639360586
leaf_weight=0.080347167160652933 1.0804352500490493 0.54241614766942792 0.3864220251925875 3.0303364921855973 5.0460337282784167 1.398505465218477
leaf_count=49 310 62 121 4326 575 998
internal_value=0 0.00451539 -0.00586528 -0.00850581 0.00860509 -0.00380349
internal_weight=11.5645 7.0673 4.49719 3.41676 5.12638 1.94092
internal_count=6441 1684 4757 4447 624 1060
is_linear=0
shrinkage=0.025


Tree=214
num_leaves=7
num_cat=0
split_feature=6 25 26 21 19 25
split_gain=1.05763 0.8837 0.339318 0.202152 0.0963609 0.0307903
threshold=3.2758486270904545 0.74371552467346203 -1.0137248039245603 1.8383264541625979 -0.42594331502914423 -7.8277063369750968
decision_type=2 2 2 2 2 2
left_child=1 4 -3 5 -1 -2
right_child=3 2 -4 -5 -6 -7
leaf_value=0 0 0.0025192145278497969 -0.0053977071435186048 0.00010085980195502465 0.0092284385272763426 -0.0081757388699319599
leaf_weight=0.080461094956262857 0.082914447819349202 0.88843139188247677 2.611640298146086 0.51352785728522565 5.3284115950518736 2.4093640706778396
leaf_count=59 7 52 3033 25 596 2641
internal_value=0.000410111 0.00475239 -0.00235306 -0.00660942 0.00887242 -0.00797085
internal_weight=11.9148 8.90894 3.50007 3.00581 5.40887 2.49228
internal_count=6413 3740 3085 2673 655 2648
is_linear=0
shrinkage=0.025


Tree=215
num_leaves=6
num_cat=0
split_feature=22 17 20 12 16
split_gain=1.44861 0.921316 0.225008 0.222175 0.105574
threshold=0.77244064211845409 0.65091958642005932 2.0988131761550908 2.8702677488327031 0.57400938868522655
decision_type=2 2 2 2 2
left_child=1 2 -1 -3 -2
right_child=4 3 -4 -5 -6
leaf_value=-0.011424157919745451 0.0074737378611614462 -0.00207877808618193 0 0.004388026336535962 0
leaf_weight=4.4259775409154827 3.120104961933976 0.55925912522798205 0.28453444853948884 2.3041025245620403 0.38554132252465922
leaf_count=5468 167 220 94 373 99
internal_value=-0.00116298 -0.00655059 -0.0105927 0.00181146 0.00675035
internal_weight=11.0795 7.57387 4.71051 2.86336 3.50565
internal_count=6421 6155 5562 593 266
is_linear=0
shrinkage=0.025


Tree=216
num_leaves=6
num_cat=0
split_feature=6 27 14 22 0
split_gain=1.13755 0.836147 0.337907 0.208267 0.070247
threshold=3.2758486270904545 0.22563968598842624 0.100738812237978 0.034461727365851409 3.5856389999389653
decision_type=2 2 2 2 2
left_child=1 3 -3 -1 -2
right_child=4 2 -4 -5 -6
leaf_value=0 0 0.0022965408931436269 -0.0056843996490403732 0.0092646930326679196 -0.0083537828478047124
leaf_weight=0.47249052396000291 0.31306727115225053 0.95595929098271915 2.3258796807713225 4.7416207468049834 2.3729846552705567
leaf_count=527 341 960 2016 310 2360
internal_value=0 0.00422004 -0.00262202 0.00831385 -0.00782502
internal_weight=11.182 8.49595 3.28184 5.21411 2.68605
internal_count=6514 3813 2976 837 2701
is_linear=0
shrinkage=0.025


Tree=217
num_leaves=6
num_cat=0
split_feature=22 13 14 17 16
split_gain=1.13488 0.993104 0.357692 0.0940526 0.0101736
threshold=0.85049793124198925 4.4454226493835458 0.39194670319557195 1.1195971369743349 0.56744262576103222
decision_type=2 2 2 2 2
left_child=1 3 -3 -1 -2
right_child=4 2 -4 -5 -6
leaf_value=-0.010570324555225205 0.0071112016850721389 0.0054996513530591812 -0.002599627250762483 0 0
leaf_weight=3.4074292575605796 3.041594686597819 2.6870880573769687 0.94100589438312443 0.70392897509736929 0.33023624478664704
leaf_count=4370 152 1264 477 114 80
internal_value=0 -0.00492498 0.00238545 -0.00983097 0.00691483
internal_weight=11.1113 7.73945 3.62809 4.11136 3.37183
internal_count=6457 6225 1741 4484 232
is_linear=0
shrinkage=0.025


Tree=218
num_leaves=7
num_cat=0
split_feature=21 6 14 21 15 15
split_gain=0.990895 0.616174 0.304337 0.079156 0.0467124 0.0476814
threshold=0.019692956469953064 3.311758399009705 0.39194670319557195 1.8383264541625979 2.9407961368560795 -0.73357713222503651
decision_type=2 2 2 2 2 2
left_child=4 2 -2 -3 5 -1
right_child=1 3 -4 -5 -6 -7
leaf_value=0 0.0093148889934998244 -0.0037961443434639699 0 0.00014873454198459997 0 -0.0073949223060129233
leaf_weight=0.14277627689080041 4.5087377282943617 1.4648723176251222 2.8479214502076502 0.50357979707769107 0.080123675055801757 2.1302253028516143
leaf_count=72 1200 1222 780 24 13 3105
internal_value=0.000555662 0.00452673 0.0071677 -0.00250745 -0.00670849 -0.00703661
internal_weight=11.6782 9.32511 7.35666 1.96845 2.35313 2.273
internal_count=6416 3226 1980 1246 3190 3177
is_linear=0
shrinkage=0.025


Tree=219
num_leaves=7
num_cat=0
split_feature=27 6 22 0 21 15
split_gain=0.899885 0.546961 0.460282 0.423673 0.13626 0.0203384
threshold=0.12928209453821185 4.649207830429078 0.85049793124198925 0.20205116271972659 0.19095911085605624 0.80908903479576122
decision_type=2 2 2 2 2 2
left_child=1 4 3 -2 -1 -4
right_child=2 -3 5 -5 -6 -7
leaf_value=0 0.0015147204111886367 -0.0023851227970105144 0.0025663242425134824 -0.0088438189734530489 0.0089678147862230859 0
leaf_weight=0.36680760663512035 0.37624226295156393 0.69191866846449546 0.96391810475324724 4.5760113972501131 3.9734605854537222 0.22820932176546194
leaf_count=360 118 525 61 5008 336 58
internal_value=0 0.00570946 -0.00459595 -0.00706323 0.00825504 0.00207134
internal_weight=11.1766 5.03219 6.14438 4.95225 4.34027 1.19213
internal_count=6466 1221 5245 5126 696 119
is_linear=0
shrinkage=0.025


Tree=220
num_leaves=7
num_cat=0
split_feature=21 6 14 21 15 15
split_gain=1.03358 0.686252 0.307582 0.09124 0.048714 0.0490859
threshold=0.0042100283317267903 3.2758486270904545 0.42346113920211798 1.8383264541625979 -0.73357713222503651 2.9407961368560795
decision_type=2 2 2 2 2 2
left_child=4 2 -2 -3 -1 -6
right_child=1 3 -4 -5 5 -7
leaf_value=0 0.0096094695909897613 -0.0040063585357448459 0 0.00027823243134754801 -0.0072676689040962611 0
leaf_weight=0.13501635037027915 5.0220339408770069 1.5293868548760658 2.7886657279887004 0.48201741921366181 2.0818981630327484 0.079341764841956208
leaf_count=67 1308 1295 743 20 3031 12
internal_value=0.00106613 0.00487675 0.00756535 -0.00262198 -0.00654902 -0.00692458
internal_weight=12.1184 9.8221 7.8107 2.0114 2.29626 2.16124
internal_count=6476 3366 2051 1315 3110 3043
is_linear=0
shrinkage=0.025


Tree=221
num_leaves=7
num_cat=0
split_feature=24 17 13 21 5 21
split_gain=1.43397 1.10627 0.284864 0.102559 0.0663588 0.0207387
threshold=-3.6241533756256099 0.65091958642005932 3.5682592391967778 0.9617266356945039 0.55934008955955516 0.0042100283317267903
decision_type=2 2 2 2 2 2
left_child=4 3 -3 -2 -1 -6
right_child=1 2 -4 -5 5 -7
leaf_value=0 -0.012070000044119594 -0.0021849637865311447 0.0051732217760391119 0 0 0.0070611124209763289
leaf_weight=0.24643802936770987 4.0020568918480421 0.8907588467918689 1.956215519850957 0.39532347240310617 0.24494028717163052 2.983343722706195
leaf_count=68 5456 381 185 84 50 185
internal_value=-0.00158662 -0.00695447 0.00214923 -0.0115211 0.0063675 0.00684104
internal_weight=10.7191 7.24435 2.84697 4.39738 3.47472 3.22828
internal_count=6409 6106 566 5540 303 235
is_linear=0
shrinkage=0.025


Tree=222
num_leaves=7
num_cat=0
split_feature=26 24 13 27 21 25
split_gain=0.909249 0.529052 0.452491 0.434261 0.131693 0.0477239
threshold=-0.9973798096179961 -3.7637677192687984 2.2151846885681157 0.72156876325607311 0.040223699063062675 -0.65144318342208851
decision_type=2 2 2 2 2 2
left_child=2 5 -1 -3 -4 -2
right_child=1 3 4 -5 -6 -7
leaf_value=-0.0020410974304274055 0.0030129948533007475 -0.0093083792010466102 0 0.0014185234750396696 0.0084230997659899814 0
leaf_weight=0.61695175203203678 1.2896864818394531 4.7596367699188704 0.24277679602892011 0.36958770047931455 3.8564964217221132 0.26371837525221042
leaf_count=472 92 5277 214 88 306 96
internal_value=0 -0.00490993 0.00543152 -0.00759974 0.00774662 0.00203994
internal_weight=11.3989 6.68263 4.71622 5.12922 4.09927 1.5534
internal_count=6545 5553 992 5365 520 188
is_linear=0
shrinkage=0.025


Tree=223
num_leaves=7
num_cat=0
split_feature=26 13 19 0 21 0
split_gain=0.943087 0.476771 0.413893 0.396453 0.143088 0.0602892
threshold=-1.0023019313812254 2.2151846885681157 0.52851247787475597 0.20205116271972659 0.040223699063062675 5.371598720550538
decision_type=2 2 2 2 2 2
left_child=1 -1 3 -2 -3 -4
right_child=2 4 5 -5 -6 -7
leaf_value=-0.0019828606326237983 0.0014244935767998952 0 0.003023661280749575 -0.0085393476345936199 0.0089410639306655663 -0.00026349957281097014
leaf_weight=0.59693962224264385 0.38431688020500576 0.2462228766780753 1.1538898587168658 4.8540531090729928 3.9172864893407677 0.21422142845403858
leaf_count=431 115 210 113 5181 285 101
internal_value=0 0.00596651 -0.00456589 -0.00685922 0.00824834 0.00172474
internal_weight=11.3669 4.76045 6.60648 5.23837 4.16351 1.36811
internal_count=6436 926 5510 5296 495 214
is_linear=0
shrinkage=0.025


Tree=224
num_leaves=6
num_cat=0
split_feature=6 26 24 0 22
split_gain=0.939592 0.759164 0.19306 0.170186 0.151063
threshold=3.2758486270904545 -0.88223657011985768 0.45993100106716162 0.20205116271972659 0.91118156909942638
decision_type=2 2 2 2 2
left_child=1 2 -1 -3 -2
right_child=4 3 -4 -5 -6
leaf_value=0.0085484471584705343 -0.0083228149267167359 0.0012544323523096639 -4.7465589680148075e-05 -0.0044624948178657413 0
leaf_weight=4.8215016298854598 2.2229061678444864 0.41317929836077327 0.22786404377620773 2.8638135701075953 0.41309927537804458
leaf_count=461 2679 117 390 2830 41
internal_value=-1.65904e-05 0.00368883 0.00770799 -0.00266422 -0.00729092
internal_weight=10.9624 8.32636 5.04937 3.27699 2.63601
internal_count=6518 3798 851 2947 2720
is_linear=0
shrinkage=0.025


Tree=225
num_leaves=7
num_cat=0
split_feature=22 17 27 5 11 16
split_gain=0.81524 1.0424 0.537748 0.30018 0.158472 0.110421
threshold=0.73357522487640392 0.56762325763702404 0.72156876325607311 4.0166051387786874 2.2268080711364751 0.57400938868522655
decision_type=2 2 2 2 2 2
left_child=1 2 -1 -3 -2 -6
right_child=4 3 -4 -5 5 -7
leaf_value=-0.010852214703776345 0 0.0057228663721764139 0.0015801312307637762 -0.0019502511421689514 0.0081698521550549966 0
leaf_weight=3.6910363346796657 0.26871228596428443 3.1590028364444156 0.35224992963776447 0.55066632938542159 2.9362400238824198 0.45205743379483454
leaf_count=5320 63 502 84 255 139 97
internal_value=0.000363327 -0.00342995 -0.00880319 0.00340055 0.00646346 0.00741095
internal_weight=11.41 7.75296 4.04329 3.70967 3.65701 3.3883
internal_count=6460 6161 5404 757 299 236
is_linear=0
shrinkage=0.025


Tree=226
num_leaves=7
num_cat=0
split_feature=26 22 6 27 22 10
split_gain=0.763086 0.54334 0.448589 0.402743 0.104529 0.0481826
threshold=-1.0023019313812254 0.73357522487640392 4.649207830429078 0.72156876325607311 -0.098312754184007631 2.3082413673400883
decision_type=2 2 2 2 2 2
left_child=2 3 4 -2 -1 -3
right_child=1 5 -4 -5 -6 -7
leaf_value=0 -0.0088547670547361769 0 -0.00201799495581571 0.0013739205252475467 0.008294921447384666 0.0032929380869473738
leaf_weight=0.12461818240626632 4.4716308493989345 0.13424737285822619 0.61420214090685465 0.37355832754110441 3.7017843144421931 1.4244756918196797
leaf_count=171 5248 37 462 90 270 148
internal_value=0 -0.00419861 0.00540597 -0.00713407 0.00777384 0.00245561
internal_weight=10.8445 6.40391 4.4406 4.84519 3.8264 1.55872
internal_count=6426 5523 903 5338 441 185
is_linear=0
shrinkage=0.025


Tree=227
num_leaves=7
num_cat=0
split_feature=21 6 23 20 15 15
split_gain=0.691934 0.554396 0.293984 0.0978828 0.0424525 0.0442718
threshold=0.0042100283317267903 3.3658443689346318 -3.1204837560653682 0.61290323734283458 2.9407961368560795 -0.73357713222503651
decision_type=2 2 2 2 2 2
left_child=4 2 -2 -3 5 -1
right_child=1 3 -4 -5 -6 -7
leaf_value=0 -0.00031202841045640758 -0.0044406014690621864 0.007709696497956102 0.00019430951463097524 0 -0.0069608364136527134
leaf_weight=0.13959927137693817 1.48734684224837 1.2531709989452791 5.364418780172854 0.46024653750282585 0.078407266111753304 1.9732527961641615
leaf_count=69 498 1120 1543 132 14 3014
internal_value=0 0.00331182 0.00604402 -0.00304716 -0.00628069 -0.00660395
internal_weight=10.7564 8.56518 6.85177 1.71342 2.19126 2.11285
internal_count=6390 3293 2041 1252 3097 3083
is_linear=0
shrinkage=0.025


Tree=228
num_leaves=7
num_cat=0
split_feature=21 19 7 10 6 23
split_gain=0.847338 0.485032 0.659505 0.281174 0.182535 0.0859439
threshold=0.9617266356945039 0.19809096306562426 5.0924525260925302 0.32297666370868688 3.2038844823837285 -6.4588320255279532
decision_type=2 2 2 2 2 2
left_child=1 2 -1 -2 -3 -5
right_child=3 4 -4 5 -6 -7
leaf_value=-0.01017686643573454 -0.00088861334137602273 0.0040112915378577958 0.002266140495764464 0 -0.0017890607463052089 0.0081840248064049409
leaf_weight=3.178669804539823 0.42309240566100914 2.1134649091072792 0.67948301886644902 0.4156234041583956 0.70696391075398413 3.6179233598959399
leaf_count=4883 64 329 240 105 551 253
internal_value=0.00035081 -0.00392074 -0.00723771 0.00610143 0.00154391 0.00761252
internal_weight=11.1352 6.67858 3.85815 4.45664 2.82043 4.03355
internal_count=6425 6003 5123 422 880 358
is_linear=0
shrinkage=0.025


Tree=229
num_leaves=7
num_cat=0
split_feature=26 19 5 27 22 10
split_gain=0.640772 0.578957 0.386848 0.362559 0.108003 0.0935002
threshold=-1.0023019313812254 0.52851247787475597 4.7333509922027597 0.72156876325607311 -0.25582544505596155 2.3082413673400883
decision_type=2 2 2 2 2 2
left_child=2 3 4 -2 -1 -3
right_child=1 5 -4 -5 -6 -7
leaf_value=0 -0.0082632697198421652 -0.000278042904324083 -0.0017374433780489224 0.001283526673945322 0.0080529774640248335 0.0042772782202967763
leaf_weight=0.13674995657856959 4.6904355053375184 0.15715426307724545 0.54865982153205539 0.39185698730580032 3.4985148831692641 1.4495769193163139
leaf_count=203 5215 62 420 95 281 146
internal_value=0.000109134 -0.00348629 0.00530641 -0.0066358 0.00748375 0.00301249
internal_weight=10.8729 6.68902 4.18392 5.08229 3.63526 1.60673
internal_count=6422 5518 904 5310 484 208
is_linear=0
shrinkage=0.025


Tree=230
num_leaves=7
num_cat=0
split_feature=26 24 0 6 21 16
split_gain=0.718096 0.424274 0.390568 0.379162 0.135206 0.0475842
threshold=-1.0023019313812254 -3.7637677192687984 0.20205116271972659 4.649207830429078 0.040223699063062675 0.61001065373420726
decision_type=2 2 2 2 2 2
left_child=3 5 -3 4 -1 -2
right_child=1 2 -4 -5 -6 -7
leaf_value=0 0.0028654532985608167 0.0013798631772134415 -0.0085553385287784316 -0.0018054591436350951 0.0078960719616145616 0
leaf_weight=0.13295626587205367 1.1951740340300601 0.39406514762231371 4.5422035163210239 0.57333941314209358 3.5258703995787073 0.22512546909274522
leaf_count=179 88 122 5196 459 270 96
internal_value=0 -0.00440688 -0.00683795 0.00497235 0.0071855 0.00181403
internal_weight=10.5887 6.35657 4.93627 4.23217 3.65883 1.4203
internal_count=6410 5502 5318 908 449 184
is_linear=0
shrinkage=0.025


Tree=231
num_leaves=6
num_cat=0
split_feature=21 13 23 20 16
split_gain=0.695075 0.550596 0.362928 0.145218 0.0426073
threshold=0.0042100283317267903 3.553958654403687 -3.0744163990020748 0.61290323734283458 1.4034280180931094
decision_type=2 2 2 2 2
left_child=4 3 -3 -2 -1
right_child=1 2 -4 -5 -6
leaf_value=-0.0067350331343615719 -0.0045423662501014673 -0.00058349250083220331 0.0082676511012337184 0.00081282329794624478 0
leaf_weight=1.9005736313883983 1.6563516298301677 1.5171983205218555 4.7491322780952041 0.74798201167141076 0.13693762794355269
leaf_count=3041 1318 496 1288 180 64
internal_value=0 0.00329071 0.00626199 -0.0026084 -0.00637919
internal_weight=10.7082 8.67066 6.26633 2.40433 2.03751
internal_count=6387 3282 1784 1498 3105
is_linear=0
shrinkage=0.025


Tree=232
num_leaves=7
num_cat=0
split_feature=27 6 19 24 0 7
split_gain=1.12144 0.646305 0.395042 0.161339 0.101811 0.0292228
threshold=0.17108870297670367 4.1178398132324228 0.54697370529174816 0.45993100106716162 7.3463616371154794 2.6693006753921513
decision_type=2 2 2 2 2 2
left_child=1 3 4 -1 -2 -4
right_child=2 -3 5 -5 -6 -7
leaf_value=0.0080936275908681989 -0.0099781831394256879 -0.0034456015401617222 -5.2670431227385827e-05 0 0 0.0019710571807567937
leaf_weight=4.4337218737855437 3.617098444832664 0.91082066370654491 0.25527937120932609 0.20355272134111135 0.14102374041976862 0.57847625286376569
leaf_count=430 4494 947 118 413 13 13
internal_value=-0.00148342 0.00416943 -0.00757814 0.0073253 -0.00952342 0.000766007
internal_weight=10.14 5.5481 4.59188 4.63727 3.75812 0.833756
internal_count=6428 1790 4638 843 4507 131
is_linear=0
shrinkage=0.025


Tree=233
num_leaves=7
num_cat=0
split_feature=22 13 14 21 4 16
split_gain=0.754955 0.696298 0.396989 0.256964 0.0893662 0.0780507
threshold=0.73357522487640392 4.3945212364196786 0.39194670319557195 1.8383264541625979 5.0354628562927255 0.54434871673583995
decision_type=2 2 2 2 2 2
left_child=1 3 -3 -1 5 -2
right_child=4 2 -4 -5 -6 -7
leaf_value=-0.0092336184716121684 0.0072497220296874878 0.005671222324203788 -0.0029496806391926499 0.0001764973743033784 0 0
leaf_weight=3.4735090969916205 2.7284216266853045 2.4880311035849449 0.8317360072142036 0.50106836220948014 0.2457867435296065 0.42171255337598257
leaf_count=4346 143 1267 471 24 45 104
internal_value=0 -0.00372169 0.00228546 -0.00791349 0.0059931 0.0066222
internal_weight=10.6903 7.29434 3.31977 3.97458 3.39592 3.15013
internal_count=6400 6108 1738 4370 292 247
is_linear=0
shrinkage=0.025


Tree=234
num_leaves=7
num_cat=0
split_feature=26 19 21 6 21 13
split_gain=0.934595 0.61734 0.463878 0.421099 0.0794805 0.0582965
threshold=-1.0023019313812254 0.52851247787475597 0.98125115036964428 4.649207830429078 0.040223699063062675 3.0950499773025517
decision_type=2 2 2 2 2 2
left_child=3 2 -2 4 -1 -3
right_child=1 5 -4 -5 -6 -7
leaf_value=0 -0.010738398812425283 -7.7177944217499605e-06 0.00033773474472432243 -0.0019756033324420641 0.0079392306704245599 0.0033270485823459076
leaf_weight=0.18757607426232459 3.5885359113563027 0.17577940029514127 1.4280865997861836 0.60546793152752787 3.4545086366415489 1.2416752037679541
leaf_count=169 5155 92 218 475 261 113
internal_value=-0.000607809 -0.00551682 -0.00836671 0.00511468 0.00747765 0.00225579
internal_weight=10.6816 6.43408 5.01662 4.24755 3.64208 1.41745
internal_count=6483 5578 5373 905 430 205
is_linear=0
shrinkage=0.025


Tree=235
num_leaves=7
num_cat=0
split_feature=13 22 25 21 25 26
split_gain=0.86269 0.624522 0.611598 0.210782 0.102406 0.0745286
threshold=4.1448431015014657 0.73357522487640392 2.6989984512329106 0.019692956469953064 -4.5424878597259513 -1.0137248039245603
decision_type=2 2 2 2 2 2
left_child=1 4 3 -2 -1 -4
right_child=2 -3 5 -5 -6 -7
leaf_value=0 -0.00017127757022141073 0.002031690551872366 0 0.0085009260483614509 -0.0098423959318012823 -0.0041083217949609693
leaf_weight=0.25432269522571038 0.26937178986554489 1.3126421451306667 0.32848405947879633 4.1275161955381918 2.9492881141923135 0.90749117232917342
leaf_count=36 424 125 27 721 3967 1164
internal_value=-0.000316437 -0.00599309 0.00432508 0.00749608 -0.00927727 -0.00291884
internal_weight=10.1491 4.51625 5.63286 4.39689 3.20361 1.23598
internal_count=6464 4128 2336 1145 4003 1191
is_linear=0
shrinkage=0.025


Tree=236
num_leaves=7
num_cat=0
split_feature=24 13 14 21 16 11
split_gain=0.693282 0.555967 0.31651 0.314153 0.120484 0.0403411
threshold=-3.6241533756256099 4.5493278503417978 0.39194670319557195 1.2649849653244021 0.57400938868522655 2.2599365711212163
decision_type=2 2 2 2 2 2
left_child=4 3 -3 -2 5 -1
right_child=1 2 -4 -5 -6 -7
leaf_value=0 -0.0093017256290285726 0.0050063104806762453 -0.0026893691212226249 0.00026965788708095505 0 0.0067409398302483133
leaf_weight=0.38098242772684976 3.1941237340615771 2.1928354544397739 0.83452453480640532 0.91783859918359656 0.40636901179095719 2.5611958062727354
leaf_count=50 4438 1137 423 84 111 145
internal_value=0 -0.00395865 0.00175255 -0.00750373 0.00539582 0.00633134
internal_weight=10.4879 7.13932 3.02736 4.11196 3.34855 2.94218
internal_count=6388 6082 1560 4522 306 195
is_linear=0
shrinkage=0.025


Tree=237
num_leaves=6
num_cat=0
split_feature=27 25 13 21 17
split_gain=0.96361 0.547801 0.423 0.15792 0.082222
threshold=0.13069365173578265 0.74371552467346203 2.2151846885681157 0.19095911085605624 0.31128193438053137
decision_type=2 2 2 2 2
left_child=2 4 -1 -4 -2
right_child=1 -3 3 -5 -6
leaf_value=-0.0021312261212040008 -0.001207464451886779 -0.0097841388229273404 0 0.0080375548231744493 0.0025336992182853463
leaf_weight=0.63491960519240809 1.1081606231564367 2.7004845437368203 0.36679564317819346 3.5859005179809174 1.9108387071537434
leaf_count=541 738 4089 393 330 349
internal_value=-0.00087055 -0.00608313 0.00475952 0.00713659 0.000484425
internal_weight=10.3071 5.71948 4.58762 3.9527 3.019
internal_count=6440 5176 1264 723 1087
is_linear=0
shrinkage=0.025


Tree=238
num_leaves=6
num_cat=0
split_feature=13 25 7 19 25
split_gain=0.694501 0.592642 0.278067 0.25518 0.152832
threshold=3.0950499773025517 0.74371552467346203 5.0924525260925302 -0.17906074970960614 -4.5424878597259513
decision_type=2 2 2 2 2
left_child=4 3 -3 -2 -1
right_child=1 2 -4 -5 -6
leaf_value=0 -0.00049370428225800655 -0.0047923900390886877 0.0024048411293706891 0.0084786580492828261 -0.0072046382547990735
leaf_weight=0.59769231909012921 0.29764744179919933 2.6000236930085525 0.64522536951699283 4.2853938138250669 1.8829058989540497
leaf_count=72 259 3109 241 516 2241
internal_value=0 0.00366501 -0.00201284 0.00729019 -0.00591528
internal_weight=10.3089 7.82829 3.24525 4.58304 2.4806
internal_count=6438 4125 3350 775 2313
is_linear=0
shrinkage=0.025


Tree=239
num_leaves=6
num_cat=0
split_feature=22 17 27 24 25
split_gain=0.596822 0.851872 0.509999 0.371013 0.0826694
threshold=0.77244064211845409 0.52575585246086132 0.72156876325607311 0.086502209305763259 -0.25556050240993494
decision_type=2 2 2 2 2
left_child=1 2 -1 -3 -2
right_child=4 3 -4 -5 -6
leaf_value=-0.010378013621219727 0.0060678422907789195 0.0057544183267307222 0.0015879136045193561 -0.0026144265747748102 0
leaf_weight=3.4568791355668513 2.6465519956764187 2.9422391221451112 0.34854583175911091 0.68899123545270402 0.28253478989063285
leaf_count=5214 168 266 84 631 93
internal_value=0 -0.00339264 -0.00829291 0.00284774 0.00538428
internal_weight=10.3657 7.43666 3.80542 3.63123 2.92909
internal_count=6456 6195 5298 897 261
is_linear=0
shrinkage=0.025


Tree=240
num_leaves=7
num_cat=0
split_feature=6 21 14 22 8 11
split_gain=0.725592 0.526989 0.276705 0.0750648 0.0851769 0.0448856
threshold=3.3658443689346318 0.0042100283317267903 0.42346113920211798 0.95955023169517528 -0.82806363701820362 2.7321416139602666
decision_type=2 2 2 2 2 2
left_child=1 5 -3 4 -2 -1
right_child=3 2 -4 -5 -6 -7
leaf_value=0 0 0.0083277505428389943 0 0 -0.007195481553354784 -0.0036439860671344144
leaf_weight=0.18090427509741669 0.34993582179595328 4.3438182045210851 2.498535965791234 0.3006920507759786 1.8758124119558495 1.0273032964978481
leaf_count=8 72 1336 751 33 2459 1815
internal_value=4.23948e-05 0.00389194 0.00633371 -0.00583032 -0.00647303 -0.0028936
internal_weight=10.577 8.05056 6.84235 2.52644 2.22575 1.20821
internal_count=6474 3910 2087 2564 2531 1823
is_linear=0
shrinkage=0.025


Tree=241
num_leaves=7
num_cat=0
split_feature=6 25 26 22 0 25
split_gain=0.940318 0.656654 0.284059 0.188395 0.0590671 0.0442304
threshold=2.9642271995544438 0.74371552467346203 -1.0137248039245603 0.91118156909942638 1.8639786839485171 -4.5424878597259513
decision_type=2 2 2 2 2 2
left_child=1 4 -3 5 -1 -2
right_child=3 2 -4 -5 -6 -7
leaf_value=0 0 0.0026404044257247569 -0.0045723812097143036 0.00022854635552131959 0.0089670430384618752 -0.0075101111727754024
leaf_weight=0.053686370039940701 0.28648455240181725 0.87928167112841071 2.3398008069489151 0.517972548957914 4.5269237444990722 2.2393845568694815
leaf_count=50 43 47 2789 45 493 3029
internal_value=0.000838125 0.00512061 -0.00143406 -0.00572033 0.00872376 -0.00711207
internal_weight=10.8435 7.79969 3.21908 3.04384 4.58061 2.52587
internal_count=6496 3379 2836 3117 543 3072
is_linear=0
shrinkage=0.025


Tree=242
num_leaves=7
num_cat=0
split_feature=6 27 14 22 22 8
split_gain=0.692595 0.54987 0.2788 0.151293 0.0914297 0.0916883
threshold=3.2758486270904545 0.22563968598842624 0.100738812237978 0.034461727365851409 0.95955023169517528 -0.82806363701820362
decision_type=2 2 2 2 2 2
left_child=1 3 -3 -1 5 -2
right_child=4 2 -4 -5 -6 -7
leaf_value=0 0 0.0023915126038692139 -0.0047639398592822756 0.0080595956703800094 0 -0.007271367114499278
leaf_weight=0.41900570371944912 0.33941271914591276 0.89112889636817305 2.336937787142233 4.1585071894951398 0.27557271934347216 1.8973434576619181
leaf_count=508 71 946 2012 318 28 2565
internal_value=0 0.00377657 -0.00177612 0.00722789 -0.00577145 -0.00651723
internal_weight=10.3179 7.80558 3.22807 4.57751 2.51233 2.23676
internal_count=6448 3784 2958 826 2664 2636
is_linear=0
shrinkage=0.025


Tree=243
num_leaves=7
num_cat=0
split_feature=26 6 26 25 22 26
split_gain=0.792319 0.65226 0.45348 0.182057 0.123876 0.0548201
threshold=-0.9307650327682494 4.1178398132324228 -0.39495889842510218 -3.8048487901687618 -0.25582544505596155 -0.35687099397182459
decision_type=2 2 2 2 2 2
left_child=1 4 3 -2 -1 -4
right_child=2 -3 5 -5 -6 -7
leaf_value=0 0 -0.0035026154245892159 0.0032182803408035612 -0.0090652049411799971 0.0078898113947803421 -2.6391728714356817e-05
leaf_weight=0.15916592336361635 0.37519034142314955 0.92546517277150986 0.32523879293876234 3.4835930383997038 4.4583626644453034 0.20577964073163446
leaf_count=302 55 979 28 4481 600 81
internal_value=-0.000369309 0.00409025 -0.00584552 -0.00811499 0.00729169 0.00194371
internal_weight=9.9328 5.54299 4.3898 3.85878 4.61753 0.531018
internal_count=6526 1881 4645 4536 902 109
is_linear=0
shrinkage=0.025


Tree=244
num_leaves=6
num_cat=0
split_feature=6 21 25 0 11
split_gain=0.711707 0.478581 0.157601 0.0621803 0.0453554
threshold=3.3658443689346318 0.0042100283317267903 2.6989984512329106 3.5856389999389653 2.6710553169250493
decision_type=2 2 2 2 2
left_child=1 4 -3 -2 -1
right_child=3 2 -4 -5 -6
leaf_value=0 0 0.0069611320688856559 0 -0.006897435813212633 -0.0036380203182571919
leaf_weight=0.17228697566315521 0.27388195251842296 5.2910957604835858 1.3687370313455174 1.9644683288679514 1.0165061778425295
leaf_count=6 295 1341 772 2266 1779
internal_value=0 0.00344342 0.00585842 -0.00635653 -0.0028786
internal_weight=10.087 7.84863 6.65983 2.23835 1.18879
internal_count=6459 3898 2113 2561 1785
is_linear=0
shrinkage=0.025


Tree=245
num_leaves=6
num_cat=0
split_feature=6 21 14 25 11
split_gain=0.768835 0.528813 0.290205 0.146469 0.0453082
threshold=3.3658443689346318 0.0042100283317267903 0.42346113920211798 -4.5424878597259513 2.6710553169250493
decision_type=2 2 2 2 2
left_child=1 4 -3 -2 -1
right_child=3 2 -4 -5 -6
leaf_value=0 0 0.0084243974990917455 0 -0.0072415366430420014 -0.0036105352417049453
leaf_weight=0.1702751394477654 0.48315147568064309 4.4927313408916234 2.3548951277916785 1.8731140396339476 1.0106471142389635
leaf_count=9 59 1330 759 2491 1801
internal_value=0.000117831 0.00403246 0.0064463 -0.00604577 -0.00284524
internal_weight=10.3848 8.02855 6.84763 2.35627 1.18092
internal_count=6449 3899 2089 2550 1810
is_linear=0
shrinkage=0.025


Tree=246
num_leaves=7
num_cat=0
split_feature=22 17 13 23 11 16
split_gain=0.809772 0.833641 0.319705 0.219476 0.114818 0.0962385
threshold=0.77244064211845409 0.52575585246086132 4.2627503871917733 -7.3525879383087149 2.2268080711364751 0.57400938868522655
decision_type=2 2 2 2 2 2
left_child=1 3 -3 -1 -2 -6
right_child=4 2 -4 -5 5 -7
leaf_value=0 -2.2664897637153005e-05 -0.0024761166895208905 0.0051260379219494638 -0.010812602959026658 0.0065151807284802776 0
leaf_weight=0.24542112079507239 0.17949707701336626 1.3256914361045349 2.0453296259584022 3.5338385186478263 2.2968718883348633 0.3214733320637605
leaf_count=57 57 659 241 5279 119 93
internal_value=-0.00153728 -0.00547044 0.0016965 -0.00990048 0.00477542 0.00572373
internal_weight=9.94812 7.15028 3.37102 3.77926 2.79784 2.61835
internal_count=6505 6236 900 5336 269 212
is_linear=0
shrinkage=0.025


Tree=247
num_leaves=6
num_cat=0
split_feature=6 26 26 21 21
split_gain=0.623074 0.548754 0.216582 0.184891 0.18156
threshold=3.2758486270904545 -0.88372796773910511 -0.39495889842510218 0.22162510454654696 1.8383264541625979
decision_type=2 2 2 2 2
left_child=1 3 -3 -1 -2
right_child=4 2 -4 -5 -6
leaf_value=0 -0.0069570952716977988 -0.004345424756920878 0.0020122513374166056 0.008189968298304021 0.00025033073252732943
leaf_weight=0.5176086852334264 2.028486954110122 2.5578358024758931 0.51881505685014406 3.8139164386848279 0.47543728267191898
leaf_count=498 2665 2835 109 324 23
internal_value=0 0.00361737 -0.00191747 0.00713943 -0.00550075
internal_weight=9.9121 7.40818 3.07665 4.33153 2.50392
internal_count=6454 3766 2944 822 2688
is_linear=0
shrinkage=0.025


Tree=248
num_leaves=7
num_cat=0
split_feature=21 6 25 20 15 15
split_gain=0.602426 0.443182 0.183947 0.0743696 0.0369103 0.0371459
threshold=0.0042100283317267903 3.311758399009705 2.6989984512329106 0.61290323734283458 -0.73357713222503651 2.9407961368560795
decision_type=2 2 2 2 2 2
left_child=4 2 -2 -3 -1 -6
right_child=1 3 -4 -5 5 -7
leaf_value=0 0.007099926375034692 -0.0035667586787963054 0 0.00019476397607829182 -0.0062320095535555019 0
leaf_weight=0.12697691749417583 5.2671586423894023 1.4075193213066084 1.313165471095999 0.44781127808164445 1.7487695727468238 0.073358670284506045
leaf_count=70 1272 1155 772 145 3062 13
internal_value=9.81297e-05 0.00345995 0.00589618 -0.00226729 -0.00557294 -0.00591754
internal_weight=10.3848 8.43565 6.58032 1.85533 1.94911 1.82213
internal_count=6489 3344 2044 1300 3145 3075
is_linear=0
shrinkage=0.025


Tree=249
num_leaves=6
num_cat=0
split_feature=21 6 26 24 21
split_gain=0.9352 0.514297 0.401888 0.173259 0.0611942
threshold=0.22162510454654696 3.3658443689346318 -0.79632219672203053 -5.8286581039428702 1.8383264541625979
decision_type=2 2 2 2 2
left_child=3 2 -2 -1 -3
right_child=1 4 -4 -5 -6
leaf_value=0 0.0085980177573827844 -0.0036646579974103153 -0.00087196111812214486 -0.0081832901592592041 0
leaf_weight=0.23908604079042595 4.716788232450198 0.99358046581983195 1.2278518048879057 2.4679326632794982 0.52957948684343137
leaf_count=8 569 821 657 4355 27
internal_value=0 0.00393126 0.0065662 -0.0071301 -0.00254485
internal_weight=10.1748 7.4678 5.94464 2.70702 1.52316
internal_count=6437 2074 1226 4363 848
is_linear=0
shrinkage=0.025


Tree=250
num_leaves=7
num_cat=0
split_feature=13 22 15 21 21 26
split_gain=0.564391 0.410775 0.342613 0.339327 0.266203 0.13941
threshold=4.1188964843750009 0.77244064211845409 0.35184349119663244 0.019692956469953064 1.2649849653244021 -1.0103924274444578
decision_type=2 2 2 2 2 2
left_child=1 4 3 -2 -1 -4
right_child=2 -3 5 -5 -6 -7
leaf_value=-0.0088111849315294852 -0.0011283728741839486 0.0018068571440222317 0.0013086824938866885 0.0081644641899028883 0.00019816595552359477 -0.0039756939487416215
leaf_weight=2.5255871003100769 0.46906650665550831 1.1819523743979514 0.58595169219188392 3.6451972528047918 0.77586386920302164 0.80284240215769365
leaf_count=3919 834 117 23 830 76 645
internal_value=0 -0.00437552 0.00403713 0.00638145 -0.00709692 -0.00148856
internal_weight=9.98646 4.4834 5.50306 4.11426 3.30145 1.38879
internal_count=6444 4112 2332 1664 3995 668
is_linear=0
shrinkage=0.025


Tree=251
num_leaves=7
num_cat=0
split_feature=6 21 23 22 0 11
split_gain=0.566073 0.435927 0.315425 0.109543 0.0598127 0.0463562
threshold=3.2758486270904545 0.0042100283317267903 -5.8126838207244864 0.91118156909942638 3.5856389999389653 2.6710553169250493
decision_type=2 2 2 2 2 2
left_child=1 5 -3 4 -2 -1
right_child=3 2 -4 -5 -6 -7
leaf_value=0 0 -0.001276124453528522 0.0071081181589660375 0 -0.0069518670081324691 -0.0035434845129330844
leaf_weight=0.16373606631532289 0.28060221153646203 0.48642213811399315 5.7915896270278617 0.37823539308737952 1.8034310099938009 0.99126894861183246
leaf_count=5 331 209 1795 43 2310 1734
internal_value=0 0.00324406 0.00562657 -0.00546601 -0.00641382 -0.00274137
internal_weight=9.89529 7.43302 6.27801 2.46227 2.08403 1.15501
internal_count=6427 3743 2004 2684 2641 1739
is_linear=0
shrinkage=0.025


Tree=252
num_leaves=5
num_cat=0
split_feature=6 21 4 21
split_gain=0.719166 0.543876 0.190641 0.0513591
threshold=3.2038844823837285 0.0042100283317267903 -0.40828126668930048 1.8383264541625979
decision_type=2 2 2 2
left_child=1 -1 -3 -2
right_child=3 2 -4 -5
leaf_value=-0.0034004701157612132 -0.0068951401439547901 -0.00016618287728205111 0.0070360158669148382 0
leaf_weight=0.96344961129580031 2.0854155728629853 0.59093399279663561 5.8003903874268872 0.34050293310428958
leaf_count=1733 2765 160 1816 24
internal_value=0 0.00342249 0.00604079 -0.00640627
internal_weight=9.78069 7.35477 6.39132 2.42592
internal_count=6498 3709 1976 2789
is_linear=0
shrinkage=0.025


Tree=253
num_leaves=7
num_cat=0
split_feature=6 26 14 24 25 8
split_gain=0.499467 0.422282 0.24121 0.16131 0.0891365 0.0747576
threshold=3.311758399009705 -0.88223657011985768 0.100738812237978 0.45993100106716162 -4.5424878597259513 -0.82806363701820362
decision_type=2 2 2 2 2 2
left_child=1 3 -3 -1 -2 -6
right_child=4 2 -4 -5 5 -7
leaf_value=0.0074462307444945509 0 0.0023458629192949993 -0.0042997502209315792 -3.1112697385426923e-05 0 -0.0061345910187332259
leaf_weight=4.2582838650523627 0.51162991613091469 0.87642787916775011 2.2089899180682551 0.21902510111976869 0.3311324124188112 1.723006516684108
leaf_count=457 64 952 1954 399 71 2519
internal_value=0.000351202 0.00360713 -0.00135572 0.00659754 -0.00446117 -0.00540769
internal_weight=10.1285 7.56273 3.08542 4.47731 2.56577 2.05414
internal_count=6416 3762 2906 856 2654 2590
is_linear=0
shrinkage=0.025


Tree=254
num_leaves=6
num_cat=0
split_feature=21 6 25 21 15
split_gain=0.642672 0.431584 0.28463 0.0618988 0.0384988
threshold=0.0042100283317267903 3.311758399009705 2.6989984512329106 1.8383264541625979 2.9407961368560795
decision_type=2 2 2 2 2
left_child=4 2 -2 -3 -1
right_child=1 3 -4 -5 -6
leaf_value=-0.006320073726264995 0.0074590222558139491 -0.0033669798732352037 -0.00054576062541268351 4.4005097095389476e-06 0
leaf_weight=1.7613274649629609 5.2131948967289627 1.3453478346564223 1.0983164376739294 0.50388495973311354 0.072174409306171472
leaf_count=3131 1278 1292 757 25 12
internal_value=0 0.00343915 0.005888 -0.00220323 -0.00600003
internal_weight=9.99425 8.16074 6.31151 1.84923 1.8335
internal_count=6495 3352 2035 1317 3143
is_linear=0
shrinkage=0.025


Tree=255
num_leaves=7
num_cat=0
split_feature=27 13 27 18 21 26
split_gain=0.595146 0.371262 0.335404 0.3019 0.160523 0.0557724
threshold=0.13069365173578265 2.2151846885681157 0.72156876325607311 0.45315983891487127 0.19095911085605624 -0.35687099397182459
decision_type=2 2 2 2 2 2
left_child=1 -1 3 -2 -3 -4
right_child=2 4 5 -5 -6 -7
leaf_value=-0.0019711740715243264 -0.0080923324641308889 0 0.0032424710110402983 0.00033656095858224273 0.0075962971267054232 -3.9748860558975194e-05
leaf_weight=0.60162003177174472 3.5485405140825605 0.2892663660932161 0.31109876905975398 1.3857740871899293 3.6538639294740278 0.20905968832084898
leaf_count=549 4781 386 16 366 344 83
internal_value=0 0.00444706 -0.00418619 -0.00611803 0.00667974 0.00194995
internal_weight=9.99922 4.54475 5.45447 4.93431 3.94313 0.520158
internal_count=6525 1279 5246 5147 730 99
is_linear=0
shrinkage=0.025


Tree=256
num_leaves=7
num_cat=0
split_feature=22 17 13 20 25 13
split_gain=0.871543 0.566648 0.23814 0.194742 0.0973076 0.0647241
threshold=0.73357522487640392 0.52575585246086132 4.3758718967437753 2.0988131761550908 0.18580613285303119 2.9607307910919194
decision_type=2 2 2 2 2 2
left_child=1 3 -3 -1 5 -2
right_child=4 2 -4 -5 -6 -7
leaf_value=-0.010535182282140274 0 -0.0025593323712711389 0.0040828901535677848 0 0 0.0059185798385614392
leaf_weight=3.214272744920891 0.20662797830300483 1.2591852890727753 1.6496921593061413 0.25344758268693102 0.27005878305499198 2.5172406055280589
leaf_count=5138 54 663 214 83 94 150
internal_value=-0.00197735 -0.00621083 0.000617107 -0.00965889 0.00450249 0.0053717
internal_weight=9.37053 6.3766 2.90888 3.46772 2.99393 2.72387
internal_count=6396 6098 877 5221 298 204
is_linear=0
shrinkage=0.025


Tree=257
num_leaves=5
num_cat=0
split_feature=21 14 13 22
split_gain=0.743464 0.446248 0.381454 0.208042
threshold=0.019692956469953064 0.4363189041614533 2.2151846885681157 0.85049793124198925
decision_type=2 2 2 2
left_child=-1 2 -2 -3
right_child=1 3 -4 -5
leaf_value=-0.0063885334560683654 -0.0013936727538500088 -0.0044869914682065569 0.0081499681276106517 0.0017237488112782685
leaf_weight=1.7887840805124149 0.46924232180390202 1.5577378566449627 5.1465951451755245 1.1710349650966234
leaf_count=3230 335 971 1798 119
internal_value=2.7391e-05 0.00374945 0.00648296 -0.00162215
internal_weight=10.1334 8.34461 5.61584 2.72877
internal_count=6453 3223 2133 1090
is_linear=0
shrinkage=0.025


Tree=258
num_leaves=7
num_cat=0
split_feature=22 17 7 12 23 6
split_gain=0.519523 0.556714 0.60981 0.172852 0.110236 0.058575
threshold=0.73357522487640392 0.71609485149383556 5.0924525260925302 2.8702677488327031 -5.3722805976867667 3.7593727111816411
decision_type=2 2 2 2 2 2
left_child=1 2 -1 -3 -2 -6
right_child=4 3 -4 -5 5 -7
leaf_value=-0.0097562356761627025 0 -0.0014018436355496145 0.0021486296953513858 0.0043967898832703006 0.006137598297646419 0
leaf_weight=3.4987508199301374 0.16901975662040092 0.4534972905457838 0.66422675880312443 2.0516521658209967 2.5705881848844006 0.26531652259291139
leaf_count=5417 90 197 257 276 160 53
internal_value=0 -0.00352549 -0.0070387 0.00227973 0.00473771 0.00563228
internal_weight=9.67305 6.66813 4.16298 2.50515 3.00492 2.8359
internal_count=6450 6147 5674 473 303 213
is_linear=0
shrinkage=0.025


Tree=259
num_leaves=6
num_cat=0
split_feature=6 21 14 7 22
split_gain=0.53951 0.450518 0.281317 0.0680347 0.0209861
threshold=3.2758486270904545 0.019692956469953064 0.42346113920211798 -1.1571438312530515 1.2044067382812502
decision_type=2 2 2 2 2
left_child=1 4 -3 -2 -1
right_child=3 2 -4 -5 -6
leaf_value=-0.0035396879211338633 0 0.0073868035148246733 -0.00017122181560107324 -0.0065634949919172033 0
leaf_weight=0.99252917669582508 0.35231476213084567 3.8193633886439784 2.0693873730597261 1.8487249475983842 0.067933730781078339
leaf_count=1785 92 1215 701 2578 1
internal_value=-0.000306362 0.00268281 0.0052978 -0.00592173 -0.00319761
internal_weight=9.15025 6.94921 5.88875 2.20104 1.06046
internal_count=6372 3702 1916 2670 1786
is_linear=0
shrinkage=0.025


Tree=260
num_leaves=6
num_cat=0
split_feature=6 25 27 25 19
split_gain=0.62544 0.495455 0.295521 0.0971543 0.0950756
threshold=3.2758486270904545 0.32187408208847051 0.073713496327400221 -4.5424878597259513 -0.42594331502914423
decision_type=2 2 2 2 2
left_child=1 4 -3 -2 -1
right_child=3 2 -4 -5 -6
leaf_value=0 0 0.0025370934291251402 -0.0048176149814510121 -0.0067642100559036737 0.0073394828025009733
leaf_weight=0.075977836415404343 0.53065859586058683 0.91054168150731163 2.3867136841763568 1.8756716871721435 3.9352460270783922
leaf_count=56 69 50 3176 2640 479
internal_value=0 0.00333659 -0.00172837 -0.00585471 0.00684248
internal_weight=9.71481 7.30848 3.29726 2.40633 4.01122
internal_count=6470 3761 3226 2709 535
is_linear=0
shrinkage=0.025


Tree=261
num_leaves=6
num_cat=0
split_feature=21 6 15 20 24
split_gain=0.604837 0.407748 0.271352 0.0613147 0.0370858
threshold=0.0042100283317267903 3.2038844823837285 0.47230897843837744 0.61290323734283458 -4.7351050376892081
decision_type=2 2 2 2 2
left_child=4 2 -2 -3 -1
right_child=1 3 -4 -5 -6
leaf_value=0 0.007776857442852371 -0.0030636532206323643 -0.00014210454349859877 0.0001981097615171824 -0.0055716387045241077
leaf_weight=0.19543504662578937 4.9821205230655305 1.4356750891965928 1.4514134325218035 0.44655432353101776 1.6465297705544804
leaf_count=21 1546 1234 428 148 3149
internal_value=0.000671327 0.00389201 0.00616281 -0.00179995 -0.00517385
internal_weight=10.1577 8.31576 6.43353 1.88223 1.84196
internal_count=6526 3356 1974 1382 3170
is_linear=0
shrinkage=0.025


Tree=262
num_leaves=7
num_cat=0
split_feature=21 27 27 13 16 27
split_gain=0.599481 0.353472 0.375928 0.157498 0.0919344 0.0434533
threshold=0.9617266356945039 0.72156876325607311 0.13069365173578265 2.2151846885681157 0.55571514368057262 0.76031199097633373
decision_type=2 2 2 2 2 2
left_child=1 2 -1 -2 -5 -3
right_child=3 5 -4 4 -6 -7
leaf_value=0.00041088910505431817 -0.00037110815121328992 0.0032491019095256244 -0.0084452965083949959 0.0068007638966484435 0 0
leaf_weight=2.0915701311278099 0.25657682870223686 0.30970885950955551 3.1606220301437133 3.077547995744681 0.59853753071365634 0.16067654557991773
leaf_count=1108 90 23 4866 190 145 65
internal_value=0 -0.00381743 -0.00582851 0.00494486 0.00603631 0.00229826
internal_weight=9.65524 5.72258 5.25219 3.93266 3.67609 0.470385
internal_count=6487 6062 5974 425 335 88
is_linear=0
shrinkage=0.025


Tree=263
num_leaves=7
num_cat=0
split_feature=27 22 12 27 21 10
split_gain=0.531227 0.434531 0.423488 0.410782 0.0956746 0.034353
threshold=0.13069365173578265 0.77244064211845409 2.8702677488327031 0.72156876325607311 0.040223699063062675 2.3833785057067876
decision_type=2 2 2 2 2 2
left_child=2 3 -1 -2 -4 -3
right_child=1 5 4 -5 -6 -7
leaf_value=-0.0022953390031555483 -0.0087198140080346591 0 0 0.0015273860156322845 0.00742962427283104 0.0028132791442242377
leaf_weight=0.69883012802529254 3.593502817810077 0.10309249586134672 0.21243433493509689 0.35405207634903479 3.3587965990991506 1.1862360208979223
leaf_count=606 4893 32 258 87 385 119
internal_value=0 -0.00401558 0.00424375 -0.0067623 0.00684506 0.00209069
internal_weight=9.50694 5.23688 4.27006 3.94755 3.57123 1.28933
internal_count=6380 5131 1249 4980 643 151
is_linear=0
shrinkage=0.025


Tree=264
num_leaves=7
num_cat=0
split_feature=21 6 26 21 19 25
split_gain=0.473176 0.374333 0.185121 0.0843631 0.0351578 0.0318343
threshold=0.0042100283317267903 3.2758486270904545 -0.79632219672203053 1.8383264541625979 0.98951619863510143 -4.8369202613830558
decision_type=2 2 2 2 2 2
left_child=4 2 -2 -3 5 -1
right_child=1 3 -4 -5 -6 -7
leaf_value=0 0.0066795165364902133 -0.0036804246669579644 0 0.0003585627674976216 0 -0.0058201574279569896
leaf_weight=0.071994424346485064 4.6554098580782002 1.2195579317085501 1.3282688738800068 0.46817255864152674 0.12171383743407194 1.6202333992623605
leaf_count=7 902 1293 1104 20 34 3066
internal_value=0 0.00299087 0.00535599 -0.00219505 -0.00517363 -0.00552601
internal_weight=9.48535 7.67141 5.98368 1.68773 1.81394 1.69223
internal_count=6426 3319 2006 1313 3107 3073
is_linear=0
shrinkage=0.025


Tree=265
num_leaves=7
num_cat=0
split_feature=19 21 13 23 3 13
split_gain=0.804165 0.283552 0.277007 0.198098 0.165832 0.0861414
threshold=0.19112227112054828 0.9617266356945039 2.9607307910919194 -7.3525879383087149 1.5110182762145998 3.4743096828460698
decision_type=2 2 2 2 2 2
left_child=1 3 -2 -1 -4 -3
right_child=2 5 4 -5 -6 -7
leaf_value=0 -0.0018163529588856612 -0.0018226479722901262 -0.00027423641628243709 -0.0097539588760360146 0.006562271012547311 0.002397293671641508
leaf_weight=0.21550835414018354 0.54598237492973556 0.4503889148327288 0.29564972907610387 2.922922873141943 3.4975623533136968 1.2174718166716045
leaf_count=47 471 157 166 5088 444 91
internal_value=-0.00202499 -0.00679483 0.00339832 -0.00879814 0.0054657 0
internal_weight=9.14549 4.80629 4.33919 3.13843 3.79321 1.66786
internal_count=6464 5383 1081 5135 610 248
is_linear=0
shrinkage=0.025


Tree=266
num_leaves=7
num_cat=0
split_feature=22 13 17 14 25 11
split_gain=0.556459 0.511026 0.385958 0.170737 0.0883439 0.0477287
threshold=0.77244064211845409 5.4610106945037851 0.65091958642005932 0.34998872876167303 -0.15012253075838086 2.2268080711364751
decision_type=2 2 2 2 2 2
left_child=1 2 -1 -3 5 -2
right_child=4 3 -4 -5 -6 -7
leaf_value=-0.0093758223133214389 0 0.0048123726168779858 0.0001044283938511452 -0.001170237487365686 0 0.0059398131177886161
leaf_weight=2.9152397338511946 0.21512559309485446 1.0001649515179449 2.0256580565110198 0.54049561879946839 0.2869633408190565 2.3118550572617096
leaf_count=5079 46 341 536 237 98 134
internal_value=-0.000127846 -0.00390512 -0.00676279 0.00246784 0.00470431 0.00550544
internal_weight=9.2955 6.48156 4.9409 1.54066 2.81394 2.52698
internal_count=6471 6193 5615 578 278 180
is_linear=0
shrinkage=0.025


Tree=267
num_leaves=7
num_cat=0
split_feature=6 25 7 22 8 19
split_gain=0.690635 0.424379 0.23995 0.107962 0.0954194 0.0834606
threshold=3.0379143953323369 0.74371552467346203 5.0924525260925302 1.0463464856147768 -0.82806363701820362 -0.42594331502914423
decision_type=2 2 2 2 2 2
left_child=1 5 -3 4 -2 -1
right_child=3 2 -4 -5 -6 -7
leaf_value=0 0 -0.0041312181597244679 0.0025515435474103643 0 -0.0074537415390159125 0.0073033395841685224
leaf_weight=0.067336873980820999 0.34024409085032026 2.3925288486243521 0.59018405617462111 0.32008551983744826 1.8673866445969904 4.0370725186367054
leaf_count=39 76 2673 230 31 2834 514
internal_value=0 0.00382909 -0.00125603 -0.00581366 -0.00668292 0.00687131
internal_weight=9.61484 7.08712 2.98271 2.52772 2.20763 4.10441
internal_count=6397 3456 2903 2941 2910 553
is_linear=0
shrinkage=0.025


Tree=268
num_leaves=7
num_cat=0
split_feature=21 6 25 21 15 15
split_gain=0.485161 0.370927 0.350346 0.0643395 0.0345137 0.0329008
threshold=0.0042100283317267903 3.2758486270904545 2.6989984512329106 1.8383264541625979 -0.73357713222503651 2.9407961368560795
decision_type=2 2 2 2 2 2
left_child=4 2 -2 -3 -1 -6
right_child=1 3 -4 -5 5 -7
leaf_value=0 0.0073615663009203754 -0.0032856545500827869 -0.001096392141905278 0.00012380574787453392 -0.0057469567602233219 0
leaf_weight=0.12230959133012231 5.0273111831520509 1.3204896991046551 1.1302451488336371 0.4919278279703575 1.5785991829798143 0.070453378735692351
leaf_count=68 1264 1304 768 22 3042 10
internal_value=4.82007e-06 0.00314253 0.00545331 -0.00203115 -0.00508576 -0.0054392
internal_weight=9.74134 7.96997 6.15756 1.81242 1.77136 1.64905
internal_count=6478 3358 2032 1326 3120 3052
is_linear=0
shrinkage=0.025


Tree=269
num_leaves=7
num_cat=0
split_feature=13 22 25 14 18 27
split_gain=0.559566 0.379164 0.355922 0.174069 0.152199 0.078155
threshold=4.1687417030334482 0.73357522487640392 2.6989984512329106 0.39194670319557195 0.53946271538734447 0.091773416846990599
decision_type=2 2 2 2 2 2
left_child=1 4 3 -2 -1 -4
right_child=2 -3 5 -5 -6 -7
leaf_value=-0.0087579706772566279 0.0074276578258945548 0.0012792586292166002 0.00035574852246261416 0 0 -0.003553070310592603
leaf_weight=2.3823237762771901 2.5515408154060428 1.1567058515502138 0.38424792130535912 1.0826519114125401 0.63584493748203375 0.79067962180124596
leaf_count=3845 710 125 28 398 228 1146
internal_value=-0.000585689 -0.00515922 0.0033535 0.00597093 -0.00766524 -0.00200962
internal_weight=8.98399 4.17487 4.80912 3.63419 3.01817 1.17493
internal_count=6480 4198 2282 1108 4073 1174
is_linear=0
shrinkage=0.025


Tree=270
num_leaves=7
num_cat=0
split_feature=21 7 19 10 16 7
split_gain=0.705665 0.408752 0.566485 0.1723 0.0816189 0.053631
threshold=0.9617266356945039 5.0924525260925302 0.39547626674175268 0.32297666370868688 0.86488527059555065 5.457972764968873
decision_type=2 2 2 2 2 2
left_child=1 2 -1 -2 -5 -3
right_child=3 5 -4 4 -6 -7
leaf_value=-0.0095956643635909979 -0.00039768855506590057 0.0033996328547777482 0.0013323070498728726 0.006952992620300036 0 0
leaf_weight=3.3435333238630847 0.30510820724885013 0.43248503309223441 1.5876433856465153 3.2578437699630745 0.33836846901976958 0.205383835502289
leaf_count=5415 52 122 413 253 102 125
internal_value=0 -0.00434663 -0.00654857 0.00520719 0.00636451 0.00227839
internal_weight=9.47037 5.56905 4.93118 3.90132 3.59621 0.637869
internal_count=6482 6075 5828 407 355 247
is_linear=0
shrinkage=0.025


Tree=271
num_leaves=6
num_cat=0
split_feature=22 17 13 22 16
split_gain=0.82066 0.701242 0.272197 0.0465057 0.0385502
threshold=0.85049793124198925 0.52575585246086132 4.1188964843750009 0.73357522487640392 0.63307100534439098
decision_type=2 2 2 2 2
left_child=1 3 -3 -1 -2
right_child=4 2 -4 -5 -6
leaf_value=-0.009993303612084118 0.0053917220388095257 -0.0025057460926320267 0.0045044919985198339 0 0
leaf_weight=3.1287626902885681 2.2365787363123677 1.1826918490551181 2.0906800993907382 0.23192312335595477 0.29389750865811937
leaf_count=5246 142 641 269 53 88
internal_value=-0.00146453 -0.00553959 0.00123259 -0.00967571 0.00497359
internal_weight=9.16453 6.63406 3.27337 3.36069 2.53048
internal_count=6439 6209 910 5299 230
is_linear=0
shrinkage=0.025


Tree=272
num_leaves=7
num_cat=0
split_feature=21 14 13 25 16 20
split_gain=0.482924 0.471516 0.355909 0.162117 0.0324022 0.0319563
threshold=0.0042100283317267903 0.4363189041614533 2.2151846885681157 -2.6074854135513301 1.4034280180931094 2.7943589687347417
decision_type=2 2 2 2 2 2
left_child=4 2 -2 -3 5 -1
right_child=1 3 -4 -5 -6 -7
leaf_value=-0.0055311991283394004 -0.0013144286695481809 0.0011503252819207146 0.0079023640786671685 -0.0043221360391843891 0 0
leaf_weight=1.5352432345898712 0.46148308971532781 1.0986740737098446 4.933865975268418 1.6384425519499926 0.12130438573876734 0.068502856403938384
leaf_count=3052 351 138 1902 992 54 15
internal_value=0.000294265 0.00330444 0.00625975 -0.00199387 -0.00487334 -0.00522038
internal_weight=9.85752 8.13247 5.39535 2.73712 1.72505 1.60375
internal_count=6504 3383 2253 1130 3121 3067
is_linear=0
shrinkage=0.025


Tree=273
num_leaves=7
num_cat=0
split_feature=13 22 25 17 26 25
split_gain=0.623234 0.460996 0.427079 0.18694 0.0580913 0.0528035
threshold=4.1188964843750009 0.85049793124198925 2.6989984512329106 0.0072389515116810807 -1.0379431843757627 -4.5424878597259513
decision_type=2 2 2 2 2 2
left_child=1 5 3 -2 -4 -1
right_child=2 -3 4 -5 -6 -7
leaf_value=0 -8.9453346590565776e-05 0.0019275260277342614 1.6512093987633239e-05 0.0078488911257627719 -0.0032949988823225587 -0.0080969660558242434
leaf_weight=0.27971494455414392 0.33760738125783962 1.1225374095956793 0.33358211343147537 3.8125055368873291 0.75542327629955253 2.6652508100160048
leaf_count=47 397 91 24 761 1183 4013
internal_value=0 -0.0047451 0.00425475 0.00682406 -0.00207358 -0.00768758
internal_weight=9.30662 4.0675 5.23912 4.15011 1.08901 2.94497
internal_count=6516 4151 2365 1158 1207 4060
is_linear=0
shrinkage=0.025


Tree=274
num_leaves=7
num_cat=0
split_feature=13 22 14 21 21 12
split_gain=0.461911 0.58851 0.423013 0.201421 0.184132 0.0406713
threshold=4.5493278503417978 0.85049793124198925 0.39194670319557195 0.019692956469953064 1.1205636858940127 4.8245661258697519
decision_type=2 2 2 2 2 2
left_child=1 4 3 -2 -1 -4
right_child=2 -3 5 -5 -6 -7
leaf_value=-0.0088504714632060277 -0.0002245662508968961 0.0027100040091700703 0 0.0080256136431584163 0 -0.0030577400447273041
leaf_weight=2.6979149466278618 0.28622026242374055 1.4257735496867097 0.31203184348123592 2.4878501816128846 0.80930522769631341 0.85258106749097351
leaf_count=4527 595 111 40 586 115 466
internal_value=-0.000111325 -0.00410369 0.00368821 0.00677348 -0.00757308 -0.00218015
internal_weight=8.87168 4.93299 3.93868 2.77407 3.50722 1.16461
internal_count=6440 4753 1687 1181 4642 506
is_linear=0
shrinkage=0.025


Tree=275
num_leaves=7
num_cat=0
split_feature=13 23 21 18 19 26
split_gain=0.518559 0.336487 0.314612 0.218303 0.161956 0.155309
threshold=4.1188964843750009 -2.4649626016616817 0.019692956469953064 0.55842700600624096 0.7935597598552705 -1.0137248039245603
decision_type=2 2 2 2 2 2
left_child=3 5 -3 4 -1 -2
right_child=1 2 -4 -5 -6 -7
leaf_value=-0.0072708975081556956 0.0015027301033649976 -0.00096155544369969927 0.0082051350120563166 0.00063915857559181165 0 -0.0040894179404574859
leaf_weight=2.410259656808194 0.63706280081532896 0.4348705303964383 3.2723784323789005 1.1663570022428755 0.45246772990867601 0.78895469348935854
leaf_count=3721 25 703 705 261 80 942
internal_value=0 0.00406558 0.00647737 -0.00416471 -0.00607865 -0.00139316
internal_weight=9.16235 5.13327 3.70725 4.02908 2.86273 1.42602
internal_count=6437 2375 1408 4062 3801 967
is_linear=0
shrinkage=0.025


Tree=276
num_leaves=6
num_cat=0
split_feature=21 14 13 22 15
split_gain=0.562376 0.496474 0.347926 0.126804 0.0371002
threshold=0.019692956469953064 0.4363189041614533 2.2151846885681157 0.91118156909942638 -0.73357713222503651
decision_type=2 2 2 2 2
left_child=4 2 -2 -3 -1
right_child=1 3 -4 -5 -6
leaf_value=0 -0.0012131143515660202 -0.0040888466256118732 0.0080470741462897368 0.00078503849107074716 -0.0057543498786682898
leaf_weight=0.1206376014815761 0.44100785342379811 1.5512437529432648 4.9306938507797895 0.90465325073455449 1.5799755638472557
leaf_count=65 348 992 1815 98 3139
internal_value=0.000174982 0.00350111 0.00646591 -0.00213276 -0.00539035
internal_weight=9.52821 7.8276 5.3717 2.4559 1.70061
internal_count=6457 3253 2163 1090 3204
is_linear=0
shrinkage=0.025


Tree=277
num_leaves=7
num_cat=0
split_feature=26 19 0 6 17 10
split_gain=0.375067 0.326676 0.340317 0.234386 0.0653276 0.0424809
threshold=-0.9973798096179961 0.54697370529174816 0.20205116271972659 4.649207830429078 -0.071322835981845842 2.3082413673400883
decision_type=2 2 2 2 2 2
left_child=3 2 -2 4 -1 -3
right_child=1 5 -4 -5 -6 -7
leaf_value=0 0.0014041852032395435 0 -0.0076001440283081636 -0.0014219904923709532 0.0060173637394761665 0.0027654099124697828
leaf_weight=0.31455095261117172 0.38406982020387648 0.16265044549072616 3.9379218593239784 0.49610328724884301 2.764322926679597 1.0215132956363957
leaf_count=159 118 55 5181 488 332 130
internal_value=-4.56096e-05 -0.0035111 -0.00580555 0.00349808 0.0054539 0.00177568
internal_weight=9.08113 5.50616 4.32199 3.57498 3.07887 1.18416
internal_count=6463 5484 5299 979 491 185
is_linear=0
shrinkage=0.025


Tree=278
num_leaves=7
num_cat=0
split_feature=26 6 0 19 1 21
split_gain=0.532589 0.309393 0.281312 0.311684 0.0475116 0.0352776
threshold=-1.0079507231712339 4.1178398132324228 0.20205116271972659 0.52851247787475597 1.0000000180025095e-35 0.18561808019876483
decision_type=2 2 2 2 2 2
left_child=1 5 4 -4 -2 -1
right_child=2 -3 3 -5 -6 -7
leaf_value=0 -7.7573706071103085e-05 -0.0018091293324778044 -0.0080307168691223871 0.00062491839212206011 0.0028360365442797893 0.0064730067781406542
leaf_weight=0.20672743177783637 0.23315262095275091 0.55254809743928479 3.9329632172884885 1.0018981163448186 0.13973489665295347 2.5764330723795865
leaf_count=116 114 598 5275 207 7 155
internal_value=-0.000708218 0.00379744 -0.00461467 -0.00621422 0.00147416 0.00616069
internal_weight=8.64346 3.33571 5.30775 4.93486 0.372888 2.78316
internal_count=6472 869 5603 5482 121 271
is_linear=0
shrinkage=0.025


Tree=279
num_leaves=7
num_cat=0
split_feature=21 27 19 10 27 27
split_gain=0.457745 0.334378 0.441155 0.181268 0.104859 0.0434294
threshold=0.98125115036964428 0.72156876325607311 0.24833724647760394 0.32297666370868688 0.30280339717864996 0.76031199097633373
decision_type=2 2 2 2 2 2
left_child=1 2 -1 -2 -5 -3
right_child=3 5 -4 4 -6 -7
leaf_value=-0.0086626849672084508 -0.00076976516632556687 0.0031955802610864124 0.00076953070301773814 0.0064185406557458833 0 0
leaf_weight=2.9308346732468635 0.40938749756605863 0.30623297225974955 2.1034447908205038 2.7680980753430053 0.42051505224662822 0.16204043663310586
leaf_count=5237 64 22 696 213 132 65
internal_value=0 -0.00367297 -0.00567913 0.00409817 0.00557482 0.00222381
internal_weight=9.10055 5.50255 5.03428 3.598 3.18861 0.468273
internal_count=6429 6020 5933 409 345 87
is_linear=0
shrinkage=0.025


Tree=280
num_leaves=7
num_cat=0
split_feature=18 19 11 3 25 23
split_gain=0.753397 0.207797 0.167992 0.137179 0.0190553 0.0100043
threshold=0.14930655062198642 0.24833724647760394 2.2268080711364751 1.094015419483185 -1.0569439530372617 -5.6153295040130606
decision_type=2 2 2 2 2 2
left_child=1 5 -2 -4 -3 -1
right_child=2 4 3 -5 -6 -7
leaf_value=0 -0.00061020217072326128 -0.00044426020135323712 0 0.0063184304546371932 0.0013468115294116734 -0.00751879397047245
leaf_weight=0.12713899783193516 0.43405474847713765 0.36693833449680824 0.51231694679154305 4.57139482148159 0.98174239775835281 2.3160556951061158
leaf_count=79 217 177 167 974 385 4482
internal_value=0 -0.00561778 0.00428818 0.00542141 0 -0.00739774
internal_weight=9.30964 3.79188 5.51777 5.08371 1.34868 2.44319
internal_count=6481 5123 1358 1141 562 4561
is_linear=0
shrinkage=0.025


Tree=281
num_leaves=5
num_cat=0
split_feature=6 27 14 22
split_gain=0.564277 0.30191 0.170301 0.0128106
threshold=3.2758486270904545 0.13069365173578265 0.100738812237978 0.91118156909942638
decision_type=2 2 2 2
left_child=1 -1 -3 -2
right_child=3 2 -4 -5
leaf_value=0.0057017100770426193 -0.0066800626918357524 0.0019230763465074966 -0.0034640622972187032 0
leaf_weight=2.6411438618451939 1.724918889969558 1.0405041987942243 2.7963372262129269 0.26200245213112783
leaf_count=237 2662 1228 2318 41
internal_value=-0.0007982 0.00245487 -0.00103438 -0.0064656
internal_weight=8.46491 6.47799 3.83684 1.98692
internal_count=6486 3783 3546 2703
is_linear=0
shrinkage=0.025


Tree=282
num_leaves=7
num_cat=0
split_feature=22 12 6 11 16 19
split_gain=0.464631 0.581225 0.180835 0.078737 0.0831004 0.0775085
threshold=0.77244064211845409 5.2770369052886972 0.058297663927078254 2.2268080711364751 0.57400938868522655 0.62978747487068187
decision_type=2 2 2 2 2 2
left_child=1 5 -3 -2 -5 -1
right_child=3 2 -4 4 -6 -7
leaf_value=-0.0083014078534695314 0 -0.0014333996225199775 0.0045422672715912859 0.0054239570838896271 0 0
leaf_weight=3.3953721585367025 0.241913715261035 0.60837841449028962 1.5078152374662748 1.9309063325417812 0.28375147224141972 0.34788912188378152
leaf_count=5011 55 324 693 115 86 120
internal_value=-0.000948382 -0.0042874 0.00214598 0.00371219 0.00458948 -0.00778658
internal_weight=8.31603 5.85945 2.11619 2.45657 2.21466 3.74326
internal_count=6404 6148 1017 256 201 5131
is_linear=0
shrinkage=0.025


Tree=283
num_leaves=7
num_cat=0
split_feature=26 22 0 13 17 25
split_gain=0.537105 0.445923 0.419251 0.249887 0.073084 0.0375887
threshold=-1.0023019313812254 0.73357522487640392 0.20205116271972659 2.2775670289993291 -0.0084890769794583303 -0.86812531948089589
decision_type=2 2 2 2 2 2
left_child=3 2 -2 -1 -5 -3
right_child=1 5 -4 4 -6 -7
leaf_value=-0.001322430205531373 0.001417014219328342 0.0027205715184711789 -0.0091405055592450029 0 0.0065686440496613907 0
leaf_weight=0.47185571694717543 0.381266204745771 1.1881104667336329 3.4098067703889683 0.37135467175176096 2.7389714176752018 0.28125305021967495
leaf_count=444 119 96 5207 194 270 96
internal_value=-0.000261341 -0.00435958 -0.00716574 0.00406232 0.0059615 0.00185696
internal_weight=8.84262 5.26044 3.79107 3.58218 3.11033 1.46936
internal_count=6426 5518 5326 908 464 192
is_linear=0
shrinkage=0.025


Tree=284
num_leaves=6
num_cat=0
split_feature=6 26 14 24 0
split_gain=0.570642 0.372659 0.260259 0.113887 0.0589118
threshold=3.2758486270904545 -0.88372796773910511 0.100738812237978 0.45993100106716162 3.5856389999389653
decision_type=2 2 2 2 2
left_child=1 3 -3 -1 -2
right_child=4 2 -4 -5 -6
leaf_value=0.0066562460609903788 0 0.0023476468387812893 -0.0046644944117440771 0 -0.0065939851410857014
leaf_weight=3.6512800462915043 0.26079637750081053 0.80560975728440132 1.9201736645627532 0.17465261917459418 1.7808308087005569
leaf_count=428 344 960 1978 375 2366
internal_value=-0.000186728 0.00292911 -0.00160496 0.00594677 -0.00605321
internal_weight=8.59334 6.55172 2.72578 3.82593 2.04163
internal_count=6451 3741 2938 803 2710
is_linear=0
shrinkage=0.025


Tree=285
num_leaves=7
num_cat=0
split_feature=26 22 0 5 22 20
split_gain=0.385964 0.356157 0.380464 0.239815 0.0713013 0.0202234
threshold=-1.0023019313812254 0.77244064211845409 0.20205116271972659 4.5077655315399179 -0.25582544505596155 1.6061293482780459
decision_type=2 2 2 2 2 2
left_child=3 2 -2 4 -1 -3
right_child=1 5 -4 -5 -6 -7
leaf_value=0 0.0015381317594050882 0.0023409893078030477 -0.0081201546656373153 -0.0014304262491386748 0.0061116840222477454 0
leaf_weight=0.12187400794937309 0.3626651344202404 1.0709351734985828 3.5159566966231068 0.48503993258418621 2.7654044966257065 0.2323782353196292
leaf_count=180 116 92 5223 485 256 70
internal_value=-6.20845e-05 -0.00363378 -0.0061555 0.00357217 0.00557902 0.00180913
internal_weight=8.55425 5.18194 3.87862 3.37232 2.88728 1.30331
internal_count=6422 5501 5339 921 436 162
is_linear=0
shrinkage=0.025


Tree=286
num_leaves=7
num_cat=0
split_feature=21 7 19 26 13 1
split_gain=0.404385 0.372568 0.375295 0.177279 0.118986 0.052228
threshold=0.98125115036964428 5.0924525260925302 0.65201070904731762 -0.84831795096397389 2.2151846885681157 1.0000000180025095e-35
decision_type=2 2 2 2 2 2
left_child=1 2 -1 4 -2 -3
right_child=3 5 -4 -5 -6 -7
leaf_value=-0.0081590692443740832 0 0 0.0010692013019344775 -0.00091629757851918563 0.0061555131752090257 0.0034026889192766184
leaf_weight=3.6751317923426541 0.19021270421217273 0.19010970710223762 0.98561154367780535 0.38737182668410231 2.5757759790176351 0.42300481010533986
leaf_count=5637 60 93 169 155 163 149
internal_value=-0.000235961 -0.00378367 -0.00601726 0.00361257 0.0052332 0.00231749
internal_weight=8.42722 5.27386 4.66074 3.15336 2.76599 0.613115
internal_count=6426 6048 5806 378 223 242
is_linear=0
shrinkage=0.025


Tree=287
num_leaves=7
num_cat=0
split_feature=26 13 25 24 18 20
split_gain=0.592539 0.309694 0.22347 0.114701 0.0794277 0.051889
threshold=-0.94507405161857594 2.2775670289993291 0.74371552467346203 0.45993100106716162 1.2076085805892947 0.14329060167074206
decision_type=2 2 2 2 2 2
left_child=1 -1 5 -3 -4 -2
right_child=2 3 4 -5 -6 -7
leaf_value=-0.0019671404087067816 -0.0013148863255949802 0.0064598142935651491 -0.0079584181540557995 0 0 0.0018765204291017739
leaf_weight=0.60886617470896442 0.78587027168941892 3.6277704034109779 2.1157545279056653 0.18753062305040646 0.13617164932657022 1.3689886298725467
leaf_count=665 669 496 3824 488 3 269
internal_value=-0.000737637 0.00351575 -0.00527122 0.0057192 -0.00743651 0
internal_weight=8.83095 4.42417 4.40679 3.8153 2.25193 2.15486
internal_count=6414 1649 4765 984 3827 938
is_linear=0
shrinkage=0.025


Tree=288
num_leaves=7
num_cat=0
split_feature=26 26 22 6 20 26
split_gain=0.343941 0.281267 0.30839 0.187008 0.0782478 0.054664
threshold=-1.0245724916458128 -0.39495889842510218 0.77244064211845409 4.649207830429078 -0.049833951517939561 -0.35687099397182459
decision_type=2 2 2 2 2 2
left_child=3 2 -2 4 -1 -3
right_child=1 5 -4 -5 -6 -7
leaf_value=0 -0.0072859293440026675 0.003179397370800135 0.00083918200614506758 -0.0010838057496487421 0.0058785980900508059 -4.9247963467627312e-05
leaf_weight=0.26781808165105792 3.9497186159787816 0.30535323791264091 1.1463980793632798 0.43288758037670039 2.1135195607603241 0.20668932150147146
leaf_count=112 5466 25 172 395 207 88
internal_value=-0.000368808 -0.00350557 -0.00532869 0.00332565 0.00516513 0.00187978
internal_weight=8.42238 5.60816 5.09612 2.81423 2.38134 0.512043
internal_count=6465 5751 5638 714 319 113
is_linear=0
shrinkage=0.025


Tree=289
num_leaves=6
num_cat=0
split_feature=13 21 6 19 7
split_gain=0.377485 0.344154 0.302327 0.0997814 0.0814472
threshold=3.553958654403687 0.0042100283317267903 1.0000000180025095e-35 0.7935597598552705 -1.1571438312530515
decision_type=2 2 2 2 2
left_child=3 -2 -3 4 -1
right_child=1 2 -4 -5 -6
leaf_value=0 -0.0025099191219817348 -0.0011890642573696465 0.0068937166802333083 0 -0.0061015776493571284
leaf_weight=0.30969649603139338 0.74505636398862396 0.67650199871786743 4.5682554364721 0.43892662298458152 1.8310079098282583
leaf_count=84 1611 306 1521 81 2857
internal_value=0 0.00293831 0.00516958 -0.00431375 -0.00533721
internal_weight=8.56944 5.98981 5.24476 2.57963 2.1407
internal_count=6460 3438 1827 3022 2941
is_linear=0
shrinkage=0.025


Tree=290
num_leaves=7
num_cat=0
split_feature=27 27 12 22 24 27
split_gain=0.516685 0.350482 0.242886 0.163962 0.10108 0.0505871
threshold=0.13069365173578265 0.72156876325607311 2.6136326789855961 0.85049793124198925 0.45993100106716162 0.76031199097633373
decision_type=2 2 2 2 2 2
left_child=2 3 -1 -2 -4 -3
right_child=1 5 4 -5 -6 -7
leaf_value=-0.001239124802833285 -0.0075658356301345157 0.0031601689882222077 0.0064934776891954222 0 0 0
leaf_weight=0.59404087049915677 3.3543400443395512 0.30772471864474926 3.3300351338293699 0.71006767806466076 0.16239270527876204 0.19017175726185087
leaf_count=491 5016 25 395 113 354 78
internal_value=0 -0.00431545 0.00399263 -0.00643836 0.00582409 0.00197243
internal_weight=8.64877 4.5623 4.08647 4.06441 3.49243 0.497896
internal_count=6472 5232 1240 5129 749 103
is_linear=0
shrinkage=0.025


Tree=291
num_leaves=7
num_cat=0
split_feature=26 22 0 6 21 16
split_gain=0.382359 0.274269 0.349645 0.210016 0.0938505 0.0296807
threshold=-1.0023019313812254 0.85049793124198925 0.20205116271972659 4.649207830429078 0.040223699063062675 0.63307100534439098
decision_type=2 2 2 2 2 2
left_child=3 2 -2 4 -1 -3
right_child=1 5 -4 -5 -6 -7
leaf_value=0 0.00155489066429528 0.0022918654026734433 -0.0074844002097101559 -0.0011518374548941119 0.0061676798007310124 0
leaf_weight=0.11770247138338241 0.35937215004014422 0.94352797584360792 3.7220261865404609 0.44489122465529352 2.8183337483860669 0.19172661457560025
leaf_count=177 122 59 5306 464 277 77
internal_value=0 -0.00348741 -0.00558239 0.00369975 0.00548497 0.00143698
internal_weight=8.59758 5.21665 4.0814 3.38093 2.93604 1.13525
internal_count=6482 5564 5428 918 454 136
is_linear=0
shrinkage=0.025


Tree=292
num_leaves=5
num_cat=0
split_feature=13 21 14 25
split_gain=0.493903 0.445796 0.218064 0.0501759
threshold=3.1623370647430424 0.0042100283317267903 0.5515255630016328 -4.5424878597259513
decision_type=2 2 2 2
left_child=3 -2 -3 -1
right_child=1 2 -4 -5
leaf_value=0 -0.0029303123081054852 0.0073256651725505904 0 -0.0056655898409135102
leaf_weight=0.43072313432639919 0.8315963534205365 4.2646188631588302 1.6542044245616123 1.4705731166013718
leaf_count=67 1921 1559 574 2338
internal_value=0 0.00335611 0.00574917 -0.00505485
internal_weight=8.65172 6.75042 5.91882 1.9013
internal_count=6459 4054 2133 2405
is_linear=0
shrinkage=0.025


Tree=293
num_leaves=7
num_cat=0
split_feature=21 7 22 10 16 1
split_gain=0.380138 0.308183 0.442902 0.102757 0.0784827 0.0601139
threshold=1.2115253806114199 5.0924525260925302 0.73357522487640392 0.32297666370868688 0.86488527059555065 1.0000000180025095e-35
decision_type=2 2 2 2 2 2
left_child=1 2 -1 -2 -5 -3
right_child=3 5 -4 4 -6 -7
leaf_value=-0.0078790917296964798 -9.6905548619648796e-05 -7.0740781168930733e-05 0.0014332847973310334 0.0056491604280999169 0 0.0033706754284154629
leaf_weight=4.0562801059877529 0.28781866485951502 0.22657531713048218 1.413969702698523 1.9439919972028294 0.26013882523693599 0.41966376508571557
leaf_count=5857 42 99 167 111 96 151
internal_value=-0.000240218 -0.00341961 -0.0053401 0.00380342 0.00489406 0.002063
internal_weight=8.60844 6.11649 5.47025 2.49195 2.20413 0.646239
internal_count=6523 6274 6024 249 207 250
is_linear=0
shrinkage=0.025


Tree=294
num_leaves=7
num_cat=0
split_feature=27 13 12 15 22 21
split_gain=0.576333 0.323938 0.270199 0.196664 0.1848 0.101819
threshold=0.13069365173578265 2.2151846885681157 5.8225953578948983 0.17060200870037082 0.34609855711460119 0.18561808019876483
decision_type=2 2 2 2 2 2
left_child=1 -1 4 -4 -2 -3
right_child=2 5 3 -5 -6 -7
leaf_value=-0.0015235258913864338 -0.0077117655017329275 0 0.0043754838128692002 -0.0020406422776322918 0 0.007551212260250577
leaf_weight=0.51619541010222736 2.1111675662286875 0.30220717660995466 0.64447621534782207 0.54299074681330239 1.3655739802889 3.1853732171148295
leaf_count=531 4368 389 108 384 349 333
internal_value=0 0.00486886 -0.00389699 0.00115331 -0.00602206 0.00689151
internal_weight=8.66798 4.00378 4.66421 1.18747 3.47674 3.48758
internal_count=6462 1253 5209 492 4717 722
is_linear=0
shrinkage=0.025


Tree=295
num_leaves=7
num_cat=0
split_feature=6 25 14 25 19 5
split_gain=0.507875 0.434467 0.170837 0.116195 0.0580687 0.0351525
threshold=3.0379143953323369 0.74371552467346203 0.1392958611249924 -4.5424878597259513 -0.42594331502914423 2.8633399009704594
decision_type=2 2 2 2 2 2
left_child=1 4 -3 -2 -1 -5
right_child=3 2 -4 5 -6 -7
leaf_value=0 0 0.0015794660488242516 -0.0040467350653902549 0 0.0071124474117237498 -0.0062997143385806077
leaf_weight=0.052326654709759501 0.60123599812504869 0.84451350187919194 1.7653985812157769 0.15302625226831867 3.6400745335413376 1.6565916448180358
leaf_count=41 72 1231 1700 130 517 2773
internal_value=0 0.00361667 -0.0015633 -0.00478363 0.00679022 -0.00596391
internal_weight=8.71317 6.30231 2.60991 2.41085 3.6924 1.80962
internal_count=6464 3489 2931 2975 558 2903
is_linear=0
shrinkage=0.025


Tree=296
num_leaves=7
num_cat=0
split_feature=13 22 14 21 7 27
split_gain=0.377158 0.289812 0.267694 0.225332 0.132584 0.0699885
threshold=4.1188964843750009 0.73357522487640392 0.42346113920211798 0.019692956469953064 -1.1571438312530515 0.20269422233104709
decision_type=2 2 2 2 2 2
left_child=1 4 3 -2 -1 -4
right_child=2 -3 5 -5 -6 -7
leaf_value=0 -0.00075801836408441318 0.0010339535582633041 0.00030814919857486144 0.0067939258350747907 -0.0077076533620845464 -0.0032622778802189525
leaf_weight=0.34823382104150447 0.39986363207935971 1.0890558094397418 0.71571993956604252 2.6194118923231144 2.3160555255490181 0.69901486432718229
leaf_count=94 927 126 100 789 3897 540
internal_value=-0.000647253 -0.00449858 0.00260674 0.00516537 -0.00677472 -0.0016494
internal_weight=8.18736 3.75335 4.43401 3.01928 2.66429 1.41473
internal_count=6473 4117 2356 1716 3991 640
is_linear=0
shrinkage=0.025


Tree=297
num_leaves=7
num_cat=0
split_feature=24 13 21 23 25 13
split_gain=0.482415 0.349504 0.216652 0.131954 0.0807445 0.0499071
threshold=-3.6241533756256099 4.2296717166900644 1.8383264541625979 -1.2447671890258787 0.082733828574419035 2.9607307910919194
decision_type=2 2 2 2 2 2
left_child=4 2 -2 -3 5 -1
right_child=1 3 -4 -5 -6 -7
leaf_value=0 -0.0081244438122398711 -0.0012454323981635977 0.00022038897717976342 0.0035663499899679604 0 0.0058748916465708066
leaf_weight=0.17415182550030373 2.2424264380406389 1.7164398608674676 0.45852043473860238 1.2432445508748058 0.25361407981836226 2.2824153002620733
leaf_count=53 4140 1426 23 590 103 150
internal_value=0 -0.00351639 -0.00667291 0.000961184 0.00469134 0.0054337
internal_weight=8.37081 5.66063 2.70095 2.95968 2.71018 2.45657
internal_count=6485 6179 4163 2016 306 203
is_linear=0
shrinkage=0.025


Tree=298
num_leaves=6
num_cat=0
split_feature=6 25 0 19 0
split_gain=0.570782 0.43082 0.199429 0.0901402 0.0481093
threshold=3.2038844823837285 0.74371552467346203 0.95022109150886547 -0.42594331502914423 3.5856389999389653
decision_type=2 2 2 2 2
left_child=1 3 -3 -1 -2
right_child=4 2 -4 -5 -6
leaf_value=0 0 0.0018566857061136151 -0.0042758771586099281 0.0070364202864882201 -0.0060447754734029302
leaf_weight=0.070774086801975833 0.26352366037281205 0.69417431741385405 1.9053251788864143 3.9279989113128977 1.8182447256003795
leaf_count=54 381 279 2756 573 2399
internal_value=0 0.0034453 -0.00167169 0.00654685 -0.00556181
internal_weight=8.68004 6.59827 2.5995 3.99877 2.08177
internal_count=6442 3662 3035 627 2780
is_linear=0
shrinkage=0.025


Tree=299
num_leaves=7
num_cat=0
split_feature=6 27 27 25 22 7
split_gain=0.313947 0.245642 0.166993 0.11493 0.113255 0.0715428
threshold=2.9642271995544438 0.22563968598842624 0.72156876325607311 -4.5424878597259513 0.034461727365851409 -1.1571438312530515
decision_type=2 2 2 2 2 2
left_child=1 4 -3 -2 -1 -5
right_child=3 2 -4 5 -6 -7
leaf_value=0 3.4854339651500659e-05 -0.0036397818796315325 0.0019704551956951357 0 0.0059626681779916327 -0.0059849378333239047
leaf_weight=0.21050287578327731 0.55520362227980546 1.9599260955928914 0.49191513751429727 0.32492911208282826 3.0894213548272091 1.7086663228928949
leaf_count=404 72 2566 96 100 254 2921
internal_value=0 0.00259592 -0.00110859 -0.00403839 0.00511111 -0.00527328
internal_weight=8.34056 5.75177 2.45184 2.5888 3.29992 2.0336
internal_count=6413 3320 2662 3093 658 3021
is_linear=0
shrinkage=0.025


Tree=300
num_leaves=6
num_cat=0
split_feature=22 17 27 5 16
split_gain=0.336721 0.451267 0.426382 0.153684 0.0544787
threshold=0.85049793124198925 0.52575585246086132 0.72156876325607311 4.0166051387786874 0.57400938868522655
decision_type=2 2 2 2 2
left_child=1 2 -1 -3 -2
right_child=4 3 -4 -5 -6
leaf_value=-0.0087328394564085334 0.0046717947530349148 0.0038297166864916204 0.001692359932493284 -0.001464765507627972 0
leaf_weight=2.8179718818937549 2.0629617305530705 2.6159743093921866 0.32687866562628176 0.4781363055044493 0.27541688294149924
leaf_count=5260 141 616 81 284 85
internal_value=0 -0.00283525 -0.00650817 0.00183996 0.00404557
internal_weight=8.57734 6.23896 3.14485 3.09411 2.33838
internal_count=6467 6241 5341 900 226
is_linear=0
shrinkage=0.025


Tree=301
num_leaves=7
num_cat=0
split_feature=26 19 0 6 10 21
split_gain=0.443842 0.36825 0.408785 0.29445 0.0519508 0.0196784
threshold=-1.0023019313812254 0.52851247787475597 0.20205116271972659 4.1178398132324228 2.3833785057067876 0.18561808019876483
decision_type=2 2 2 2 2 2
left_child=3 2 -2 5 -3 -1
right_child=1 4 -4 -5 -6 -7
leaf_value=0 0.0016502566241878563 -7.0673021475121234e-05 -0.0083990492989283426 -0.0016499921248220911 0.0029493863637174321 0.0063763495316895725
leaf_weight=0.19575072788939074 0.34763996084075222 0.17671583357514453 3.4450869376541959 0.53705327663919877 1.0969526403641792 2.7081515819736524
leaf_count=117 113 70 5241 638 128 184
internal_value=0 -0.00379871 -0.00635249 0.00395661 0.00181177 0.0061721
internal_weight=8.50735 5.0664 3.79273 3.44096 1.27367 2.9039
internal_count=6491 5552 5354 939 198 301
is_linear=0
shrinkage=0.025


Tree=302
num_leaves=7
num_cat=0
split_feature=21 19 3 23 14 5
split_gain=0.534188 0.503047 0.162502 0.133594 0.0911992 0.0846222
threshold=0.9617266356945039 0.24833724647760394 5.9761271476745614 -7.3525879383087149 0.39194670319557195 4.1458957195281991
decision_type=2 2 2 2 2 2
left_child=1 3 4 -1 -2 -3
right_child=2 5 -4 -5 -6 -7
leaf_value=0 0.0061260892901462624 0.0030794599928529506 -0.00073217815546764743 -0.0089194054390986932 0 -0.00079084790002818123
leaf_weight=0.24140669061307596 2.2886090148349476 1.8016434918608868 0.38559349767456286 2.6158066739808419 0.72512192543945264 0.42031803751160612
leaf_count=60 156 323 72 5237 178 386
internal_value=-0.000719253 -0.00470352 0.00374591 -0.00815382 0.00519812 0.00144126
internal_weight=8.4785 5.07917 3.39932 2.85721 3.01373 2.22196
internal_count=6412 6006 406 5297 334 709
is_linear=0
shrinkage=0.025


Tree=303
num_leaves=7
num_cat=0
split_feature=6 25 21 26 7 22
split_gain=0.313113 0.337698 0.143511 0.0631375 0.0547884 0.0565247
threshold=3.3658443689346318 2.6989984512329106 0.0042100283317267903 -1.0137248039245603 -1.1571438312530515 0.95955023169517528
decision_type=2 2 2 2 2 2
left_child=1 2 -1 -3 -2 -6
right_child=4 3 -4 -5 5 -7
leaf_value=-0.00010558142033180538 0 4.7134593691350206e-06 0.0059610434284451293 -0.0035011848980824006 -0.005513370633698585 0
leaf_weight=0.50385235060457478 0.32211949287921049 0.3472204743156907 4.4548259366674756 1.0754135153238165 1.4143654755371242 0.27529338040039864
leaf_count=715 88 37 1320 1799 2452 27
internal_value=0 0.00248509 0.0049735 -0.00233486 -0.00422911 -0.00488522
internal_weight=8.39309 6.38131 4.95868 1.42263 2.01178 1.68966
internal_count=6438 3871 2035 1836 2567 2479
is_linear=0
shrinkage=0.025


Tree=304
num_leaves=7
num_cat=0
split_feature=13 22 15 21 26 18
split_gain=0.560243 0.301277 0.287173 0.292 0.0952685 0.0442993
threshold=4.0719628334045419 0.73357522487640392 0.35184349119663244 0.019692956469953064 -1.0103924274444578 0.67888456583023082
decision_type=2 2 2 2 2 2
left_child=1 5 3 -2 -4 -1
right_child=2 -3 4 -5 -6 -7
leaf_value=-0.0068885922825038448 -0.00079861617006343635 0.0012983522168877033 0.0010999614460920851 0.0082139911668014636 -0.0032246580056630781 0
leaf_weight=2.138434824268189 0.40193046424064993 1.166855269912048 0.45394101401325315 3.4945809161981742 0.65640335761781876 0.30381992572074512
leaf_count=3758 888 127 20 862 661 104
internal_value=0.000504013 -0.00393268 0.00469373 0.00665546 -0.000980443 -0.00646493
internal_weight=8.61597 3.60911 5.00686 3.89651 1.11034 2.44225
internal_count=6420 3989 2431 1750 681 3862
is_linear=0
shrinkage=0.025


Tree=305
num_leaves=7
num_cat=0
split_feature=13 22 14 17 25 14
split_gain=0.532428 0.44683 0.344213 0.241209 0.0881578 0.023847
threshold=4.0085058212280282 0.73357522487640392 0.44386173784732824 0.013070842251181604 -1.8291081786155698 3.5927748680114751
decision_type=2 2 2 2 2 2
left_child=1 5 3 -2 -4 -1
right_child=2 -3 4 -5 -6 -7
leaf_value=-0.0081224055491783045 -0.00059067114050273615 0.0017508474412866208 0.00064646526554870004 0.0076947468310109603 -0.0034344469992808897 0
leaf_weight=2.0564521694468576 0.35663951825336004 1.1340889901803164 0.59964088606648147 3.2847051394910523 0.83674188061377186 0.041507571540932875
leaf_count=3693 798 116 61 1126 581 9
internal_value=0 -0.00480636 0.00376163 0.00628776 -0.00158101 -0.00796793
internal_weight=8.30978 3.23205 5.07773 3.64134 1.43638 2.09796
internal_count=6384 3818 2566 1924 642 3702
is_linear=0
shrinkage=0.025


Tree=306
num_leaves=6
num_cat=0
split_feature=21 13 27 15 15
split_gain=0.41884 0.31453 0.185996 0.0299596 0.0252612
threshold=0.0042100283317267903 2.2151846885681157 0.22563968598842624 -0.73357713222503651 2.9407961368560795
decision_type=2 2 2 2 2
left_child=3 -2 -3 -1 -5
right_child=1 2 -4 4 -6
leaf_value=0 -0.0021413293735876877 0.0068041669058163043 0 -0.0049023172379920703 0
leaf_weight=0.10718577999068668 0.63048666097893136 4.4440631945963105 2.3277074916240963 1.3335109305880899 0.064869587620705826
leaf_count=56 527 1027 1829 3078 13
internal_value=0.0006645 0.00348025 0.00522179 -0.00425346 -0.00461752
internal_weight=8.90782 7.40226 6.77177 1.50557 1.39838
internal_count=6530 3383 2856 3147 3091
is_linear=0
shrinkage=0.025


Tree=307
num_leaves=7
num_cat=0
split_feature=13 18 25 20 24 27
split_gain=0.321969 0.342242 0.328786 0.112371 0.070354 0.0601928
threshold=4.2883481979370126 0.53946271538734447 2.6989984512329106 0.80697718262672435 -5.8286581039428702 0.024374184198677543
decision_type=2 2 2 2 2 2
left_child=1 4 3 -2 -1 -4
right_child=2 -3 5 -5 -6 -7
leaf_value=0 0.0066770876119203936 0.0017284706084628677 0.00013458631227014652 0 -0.0066983022349655424 -0.0032291501720811302
leaf_weight=0.17640851160103954 3.0278028991997421 1.4855959836240797 0.27533995987323567 0.24052464680062247 2.4785534240272682 0.70849544841621537
leaf_count=16 900 308 14 99 4063 1046
internal_value=0 -0.00325839 0.00335568 0.00589852 -0.00617164 -0.00191743
internal_weight=8.39272 4.14056 4.25216 3.26833 2.65496 0.983835
internal_count=6446 4387 2059 999 4079 1060
is_linear=0
shrinkage=0.025


Tree=308
num_leaves=6
num_cat=0
split_feature=21 14 13 22 15
split_gain=0.386205 0.334922 0.265266 0.105993 0.0254498
threshold=0.0042100283317267903 0.4363189041614533 2.2151846885681157 0.73357522487640392 2.9407961368560795
decision_type=2 2 2 2 2
left_child=4 2 -2 -3 -1
right_child=1 3 -4 -5 -6
leaf_value=-0.0049157130014341015 -0.00099145790062435033 -0.0036167484113833262 0.0069865565752795641 0.00073926053283426938 0
leaf_weight=1.3312744457889492 0.40294556658227509 1.2383031423541981 4.3292757027138578 1.1536248825832442 0.064582492834233451
leaf_count=3094 342 939 1880 166 12
internal_value=0 0.00293295 0.00550468 -0.00159136 -0.00462961
internal_weight=8.52001 7.12415 4.73222 2.39193 1.39586
internal_count=6433 3327 2222 1105 3106
is_linear=0
shrinkage=0.025


Tree=309
num_leaves=7
num_cat=0
split_feature=22 27 20 19 16 17
split_gain=0.601711 0.582838 0.090254 0.0731372 0.0539242 0.0529736
threshold=0.73357522487640392 0.077177058905363097 -0.049833951517939561 0.65201070904731762 0.57400938868522655 -0.14822128415107724
decision_type=2 2 2 2 2 2
left_child=1 2 -1 -3 5 -2
right_child=4 3 -4 -5 -6 -7
leaf_value=-0.00062093350651445196 0 -0.008983940914168936 0.0035386198077917335 0 0 0.0050412520870733758
leaf_weight=0.3184729098538811 0.19369748605822756 3.4554320175357138 1.2990321132820095 0.19026282242703008 0.32087867724476371 1.9889718860868013
leaf_count=257 49 5480 350 63 102 137
internal_value=-0.00157624 -0.00537926 0.00192481 -0.00858184 0.00384284 0.00448546
internal_weight=7.76675 5.2632 1.61751 3.64569 2.50355 2.18267
internal_count=6438 6150 607 5543 288 186
is_linear=0
shrinkage=0.025


Tree=310
num_leaves=7
num_cat=0
split_feature=6 25 26 17 18 24
split_gain=0.345332 0.271929 0.135004 0.0761836 0.0607471 0.0538375
threshold=3.2758486270904545 2.6989984512329106 -1.0137248039245603 0.0072389515116810807 0.53946271538734447 -5.3795025348663321
decision_type=2 2 2 2 2 2
left_child=1 3 -3 -1 5 -2
right_child=4 2 -4 -5 -6 -7
leaf_value=0 0 0.001421944204827723 -0.003709634348892816 0.0060919269912577366 0 -0.0050030328727764207
leaf_weight=0.87335688135499356 0.19170937302988034 0.56585823557179526 1.0878262466612794 4.216578883379043 0.69495032903432719 1.3025779590443562
leaf_count=707 11 39 1736 1265 221 2487
internal_value=0.000624417 0.00339208 -0.00126535 0.00540188 -0.00346148 -0.00437152
internal_weight=8.93286 6.74362 1.65368 5.08994 2.18924 1.49429
internal_count=6466 3747 1775 1972 2719 2498
is_linear=0
shrinkage=0.025


Tree=311
num_leaves=5
num_cat=0
split_feature=6 25 15 26
split_gain=0.492029 0.338119 0.111107 0.0728554
threshold=3.2758486270904545 2.6989984512329106 0.18039471656084063 -1.0137248039245603
decision_type=2 2 2 2
left_child=1 2 -1 -3
right_child=-2 3 -4 -5
leaf_value=0.0061580485579555509 -0.0061530026744402123 0.00012228309198181452 0 -0.0036952938512504977
leaf_weight=2.9860057374608004 1.7196457830486904 0.36402497444942117 1.7585233437330314 1.0858979989425277
leaf_count=1194 2743 35 763 1747
internal_value=-0.000715408 0.00230982 0.00489407 -0.00241604
internal_weight=7.9141 6.19445 4.74453 1.44992
internal_count=6482 3739 1957 1782
is_linear=0
shrinkage=0.025


Tree=312
num_leaves=7
num_cat=0
split_feature=27 27 22 5 22 23
split_gain=0.324086 0.258186 0.205812 0.19369 0.0575679 0.0454001
threshold=0.1030348911881447 0.72156876325607311 0.77244064211845409 4.7333509922027597 -0.25582544505596155 -1.3365671038627622
decision_type=2 2 2 2 2 2
left_child=3 2 -2 4 -1 -3
right_child=1 5 -4 -5 -6 -7
leaf_value=0 -0.0065108103387226546 0 0.00035383124702195121 -0.0010299354378233022 0.0058419151088074618 0.003015755249704823
leaf_weight=0.10310983093950277 3.537935101745461 0.16705815262685064 0.98886815765581548 0.41573139890533628 2.6511772502199165 0.32403701434668608
leaf_count=205 5270 63 165 430 284 32
internal_value=0 -0.00304238 -0.00495652 0.00366644 0.00538834 0.00191066
internal_weight=8.18792 5.0179 4.5268 3.17002 2.75429 0.491095
internal_count=6449 5530 5435 919 489 95
is_linear=0
shrinkage=0.025


Tree=313
num_leaves=6
num_cat=0
split_feature=21 14 13 22 15
split_gain=0.350847 0.30875 0.265734 0.175833 0.028917
threshold=0.0042100283317267903 0.39194670319557195 2.2151846885681157 0.85049793124198925 -0.73357713222503651
decision_type=2 2 2 2 2
left_child=4 2 -2 -3 -1
right_child=1 3 -4 -5 -6
leaf_value=0 -0.0010171570008001818 -0.0040993648439161621 0.0069388984220346422 0.0016128412562809186 -0.0046477594606192099
leaf_weight=0.11192475127063528 0.4077908188864966 1.4578483057557607 4.1602613064842444 1.07478862026619 1.2725468781936793
leaf_count=67 344 1071 1767 118 3061
internal_value=0.000111651 0.00290365 0.00541506 -0.00138403 -0.00428861
internal_weight=8.48516 7.10069 4.56805 2.53264 1.38447
internal_count=6428 3300 2111 1189 3128
is_linear=0
shrinkage=0.025


Tree=314
num_leaves=7
num_cat=0
split_feature=13 18 15 21 26 22
split_gain=0.422762 0.385586 0.303436 0.249087 0.0923943 0.0811634
threshold=4.1188964843750009 0.52765265107154857 0.35184349119663244 0.019692956469953064 -1.0103924274444578 0.95955023169517528
decision_type=2 2 2 2 2 2
left_child=1 5 3 -2 -4 -1
right_child=2 -3 4 -5 -6 -7
leaf_value=-0.0075621154726827171 -0.00069494264647690775 0.0017391456025023335 0.00078271044480141677 0.0075437156239696662 -0.0034541778094079158 0
leaf_weight=1.9456709758396762 0.37812124065021668 1.3390831504730156 0.49497535014234018 3.2437662477532285 0.66194985539186724 0.22476247754821077
leaf_count=3739 846 292 27 847 672 22
internal_value=0 -0.00382727 0.00377804 0.00605449 -0.00146281 -0.00695116
internal_weight=8.28833 3.50952 4.77881 3.62189 1.15693 2.17043
internal_count=6445 4053 2392 1693 699 3761
is_linear=0
shrinkage=0.025


Tree=315
num_leaves=7
num_cat=0
split_feature=13 14 22 18 12 24
split_gain=0.344582 0.233865 0.203994 0.128224 0.105391 0.0519553
threshold=3.5682592391967778 0.39194670319557195 -0.3012870848178863 0.52765265107154857 4.7289037704467782 -5.8286581039428702
decision_type=2 2 2 2 2 2
left_child=3 2 -2 5 -3 -1
right_child=1 4 -4 -5 -6 -7
leaf_value=0 -0.00059941677483413194 0.0011081434362668389 0.0066496506403103898 8.2576838476828784e-05 -0.0032824697523453879 -0.005861012290974018
leaf_weight=0.15714555197337188 0.35589502004586426 1.2157430882471092 3.3964559083997301 0.89243662505759846 0.92048005932883814 1.4872115956823109
leaf_count=13 729 396 1719 245 570 2770
internal_value=0 0.00310667 0.00529836 -0.0038251 -0.00088224 -0.00535274
internal_weight=8.42537 5.88857 3.75235 2.53679 2.13622 1.64436
internal_count=6442 3414 2448 3028 966 2783
is_linear=0
shrinkage=0.025


Tree=316
num_leaves=7
num_cat=0
split_feature=21 5 14 15 15 19
split_gain=0.365015 0.294813 0.305914 0.0297795 0.0241343 0.0217647
threshold=0.0042100283317267903 4.0348145961761483 0.5515255630016328 -0.73357713222503651 2.9407961368560795 0.90533092617988598
decision_type=2 2 2 2 2 2
left_child=3 2 -2 -1 -5 -3
right_child=1 5 -4 4 -6 -7
leaf_value=0 0.0070619060428623358 -0.0025371218191607538 -0.00068576183370553691 -0.0047134589535430781 0 0
leaf_weight=0.10635364498921274 4.5215520763576933 0.67827495148594596 1.597513826578506 1.2737792765656188 0.064840096178159112 0.12635159253841266
leaf_count=62 1925 635 749 3041 14 9
internal_value=0.000473178 0.0032435 0.0050783 -0.00404948 -0.00442829 -0.00198832
internal_weight=8.36867 6.92369 6.11907 1.44497 1.33862 0.804627
internal_count=6435 3318 2674 3117 3055 644
is_linear=0
shrinkage=0.025


Tree=317
num_leaves=6
num_cat=0
split_feature=13 21 14 0 8
split_gain=0.38906 0.29815 0.229588 0.0464419 0.0312404
threshold=2.9607307910919194 0.0042100283317267903 0.42346113920211798 3.5856389999389653 1.6810204982757571
decision_type=2 2 2 2 2
left_child=3 4 -3 -1 -2
right_child=1 2 -4 -5 -6
leaf_value=0 0 0.0067611935208587775 -3.2765044610014896e-05 -0.0051114429994510262 -0.002790407582407541
leaf_weight=0.23533923979266536 0.15704124454168766 4.0009860459922493 2.0327319429561612 1.3170323256399568 0.7831984785188979
leaf_count=251 25 1512 817 1847 2027
internal_value=0 0.00299134 0.00492826 -0.00455616 -0.0020721
internal_weight=8.52633 6.97396 6.03372 1.55237 0.94024
internal_count=6479 4381 2329 2098 2052
is_linear=0
shrinkage=0.025


Tree=318
num_leaves=6
num_cat=0
split_feature=21 13 14 20 15
split_gain=0.382124 0.310168 0.229975 0.0830938 0.0307548
threshold=0.019692956469953064 3.553958654403687 0.42346113920211798 0.61290323734283458 -0.73357713222503651
decision_type=2 2 2 2 2
left_child=4 3 -3 -2 -1
right_child=1 2 -4 -5 -6
leaf_value=0 -0.0032907416178752252 0.0071900778434285835 0 0.00059030953699933 -0.0047936872453056174
leaf_weight=0.11338357285785616 1.2681098176053636 3.3849320849712967 1.8181482311265424 0.58986268663647923 1.2973024789498591
leaf_count=70 1306 1154 631 168 3110
internal_value=0.000180505 0.00307143 0.00532894 -0.0016152 -0.00442432
internal_weight=8.47174 7.06105 5.20308 1.85797 1.41069
internal_count=6439 3259 1785 1474 3180
is_linear=0
shrinkage=0.025


Tree=319
num_leaves=7
num_cat=0
split_feature=6 26 27 19 25 18
split_gain=0.287945 0.204222 0.149447 0.120912 0.0668289 0.0188647
threshold=3.2758486270904545 -0.84831795096397389 0.72156876325607311 -0.17906074970960614 -4.5424878597259513 0.94394695758819591
decision_type=2 2 2 2 2 2
left_child=1 3 -3 -1 -2 -6
right_child=4 2 -4 -5 5 -7
leaf_value=-0.00010321729792477064 0 -0.0035240784623605872 0.0017732343714763161 0.0054190073108900732 -0.0052790581736634782 0
leaf_weight=0.35398576512670876 0.47966426047787525 1.8499983989768232 0.50575300054333627 3.4799949757507416 1.4114314130747514 0.096082243690034264
leaf_count=308 65 2553 99 827 2590 20
internal_value=0 0.00221396 -0.00110484 0.00443181 -0.00423165 -0.00506411
internal_weight=8.17691 6.18973 2.35575 3.83398 1.98718 1.50751
internal_count=6462 3787 2652 1135 2675 2610
is_linear=0
shrinkage=0.025


Tree=320
num_leaves=7
num_cat=0
split_feature=26 27 25 13 22 26
split_gain=0.278271 0.230248 0.261507 0.184829 0.0609679 0.0481251
threshold=-0.9973798096179961 0.72156876325607311 0.74371552467346203 2.2151846885681157 -0.098312754184007631 -0.35687099397182459
decision_type=2 2 2 2 2 2
left_child=3 2 -2 -1 -5 -3
right_child=1 5 -4 4 -6 -7
leaf_value=-0.0010214721961000989 7.383134477446163e-05 0.0030216184997690285 -0.0072546179911929772 0 0.0056769441823923319 0
leaf_weight=0.41440644324757192 2.4754114270399441 0.30484883989265654 1.8744190661782338 0.11003334756969785 2.7276976657594783 0.18846012785797928
leaf_count=455 1171 13 4224 213 296 83
internal_value=0 -0.00272044 -0.00460643 0.00349971 0.00518782 0.00182798
internal_weight=8.09528 4.84314 4.34983 3.25214 2.83773 0.493309
internal_count=6455 5491 5395 964 509 96
is_linear=0
shrinkage=0.025


Tree=321
num_leaves=7
num_cat=0
split_feature=26 19 0 5 1 6
split_gain=0.312079 0.239894 0.32296 0.204434 0.0308905 0.0188252
threshold=-0.9973798096179961 0.54697370529174816 0.20205116271972659 4.0166051387786874 4.3709847927093515 3.9551951885223393
decision_type=2 2 2 2 2 2
left_child=3 2 -2 -1 -3 -5
right_child=1 4 -4 5 -6 -7
leaf_value=0.005613082051950876 0.0016032035741077402 0.0023435579113623558 -0.0069233136890554242 0 0 -0.0017343877045238284
leaf_weight=2.5386300535028572 0.34626837985706549 0.97932090980611952 3.4481479990681692 0.19666919206429145 0.17698614345499664 0.53133061181142693
leaf_count=326 115 107 5205 34 92 607
internal_value=0 -0.00284304 -0.00496543 0.00372361 0.00148267 -0.000922357
internal_weight=8.21735 4.95072 3.79442 3.26663 1.15631 0.728
internal_count=6486 5519 5320 967 199 641
is_linear=0
shrinkage=0.025


Tree=322
num_leaves=7
num_cat=0
split_feature=27 27 22 13 21 26
split_gain=0.382228 0.282939 0.266901 0.239926 0.109507 0.0514575
threshold=0.13069365173578265 0.72156876325607311 0.77244064211845409 2.2151846885681157 0.18561808019876483 -0.35687099397182459
decision_type=2 2 2 2 2 2
left_child=3 2 -2 -1 -5 -3
right_child=1 5 -4 4 -6 -7
leaf_value=-0.0013191486781013459 -0.0074085930226399106 0.0031256710065867403 0.00055531427357714055 0 0.0065445805860316914 0
leaf_weight=0.47722127585984742 2.8778929770305699 0.29484881962707732 1.016840170654177 0.23067853960674289 2.8817384347421466 0.19639445462235006
leaf_count=544 4934 13 147 386 319 87
internal_value=0 -0.00342604 -0.00548334 0.00387115 0.00575994 0.00188776
internal_weight=7.97561 4.38598 3.89473 3.58964 3.11242 0.491243
internal_count=6430 5181 5081 1249 705 100
is_linear=0
shrinkage=0.025


Tree=323
num_leaves=7
num_cat=0
split_feature=26 19 27 6 22 10
split_gain=0.382144 0.321472 0.354636 0.202671 0.0591493 0.0426105
threshold=-0.9973798096179961 0.52851247787475597 0.72156876325607311 4.649207830429078 -0.25582544505596155 2.3082413673400883
decision_type=2 2 2 2 2 2
left_child=3 2 -2 4 -1 -3
right_child=1 5 -4 -5 -6 -7
leaf_value=0 -0.0077011474777051239 0 0.0015288278981975502 -0.00097355684365777384 0.0061242598767618367 0.0028063534198366396
leaf_weight=0.098828907710413527 3.2950694802348157 0.15536404970771389 0.35120758935227048 0.41447665954547108 2.8522350436796842 1.0396275798411805
leaf_count=157 5157 59 95 469 329 133
internal_value=0 -0.00323255 -0.00571928 0.00403209 0.0056913 0.00183827
internal_weight=8.20681 4.84127 3.64628 3.36554 2.95106 1.19499
internal_count=6399 5444 5252 955 486 192
is_linear=0
shrinkage=0.025


Tree=324
num_leaves=7
num_cat=0
split_feature=22 13 14 21 11 16
split_gain=0.272711 0.362586 0.238581 0.169839 0.0757926 0.0288422
threshold=0.85049793124198925 4.3758718967437753 0.39194670319557195 1.8383264541625979 2.2268080711364751 0.56744262576103222
decision_type=2 2 2 2 2 2
left_child=1 3 -3 -1 -2 -6
right_child=4 2 -4 -5 5 -7
leaf_value=-0.0071653425321222585 0 0.0044491159903511266 -0.0021852429525767341 4.819830485088055e-05 0.0048598926421419743 0
leaf_weight=2.5396794113112269 0.16257377970032427 2.1261183499955227 0.86753327101177991 0.49387886605109077 1.8389522173092703 0.2644894674522219
leaf_count=4384 42 1297 528 29 106 76
internal_value=0 -0.002596 0.00158037 -0.00591389 0.00363731 0.0044946
internal_weight=8.29323 6.02721 2.99365 3.03356 2.26602 2.10344
internal_count=6462 6238 1825 4413 224 182
is_linear=0
shrinkage=0.025


Tree=325
num_leaves=7
num_cat=0
split_feature=13 14 22 21 21 12
split_gain=0.421206 0.28991 0.248097 0.179026 0.110747 0.0614351
threshold=4.2883481979370126 0.39194670319557195 0.73357522487640392 0.019692956469953064 1.8383264541625979 4.7289037704467782
decision_type=2 2 2 2 2 2
left_child=2 3 4 -2 -1 -3
right_child=1 5 -4 -5 -6 -7
leaf_value=-0.0073001380331299982 -0.00026285370602153763 0.00033257395620077488 0.00081986059666122471 0.0071145901387418128 0 -0.002943045630110041
leaf_weight=2.2110033405479053 0.2962481326721903 0.58193018444580935 1.0369865448483322 2.4881772516637284 0.30211174851865497 0.85601443046289205
leaf_count=4189 767 92 143 691 23 540
internal_value=-7.43025e-05 0.00328062 -0.00438054 0.00586211 -0.00647582 -0.00141786
internal_weight=7.77247 4.22237 3.5501 2.78443 2.51312 1.43794
internal_count=6445 2090 4355 1458 4212 632
is_linear=0
shrinkage=0.025


Tree=326
num_leaves=6
num_cat=0
split_feature=21 14 23 22 16
split_gain=0.289922 0.298978 0.238225 0.115449 0.0238074
threshold=0.0042100283317267903 0.4363189041614533 -0.041747082024812691 1.0463464856147768 1.4034280180931094
decision_type=2 2 2 2 2
left_child=4 2 -2 -3 -1
right_child=1 3 -4 -5 -6
leaf_value=-0.0040941463510827713 0.006948808099199121 -0.0035679762032481605 -0.0004961397822865367 0.0010258865436735341 0
leaf_weight=1.1860514210020481 3.5239824142390712 1.4316032467377229 0.95088321182811375 0.82348471570367099 0.11459739510246425
leaf_count=3043 1489 1035 755 75 56
internal_value=0.000241761 0.00281804 0.00528019 -0.00147808 -0.00375441
internal_weight=8.0306 6.72995 4.47487 2.25509 1.30065
internal_count=6453 3354 2244 1110 3099
is_linear=0
shrinkage=0.025


Tree=327
num_leaves=6
num_cat=0
split_feature=27 5 24 25 24
split_gain=0.525083 0.328272 0.165997 0.0902913 0.0177724
threshold=0.22563968598842624 4.0348145961761483 0.18917535990476611 -3.8048487901687618 -7.9609997272491446
decision_type=2 2 2 2 2
left_child=1 2 -1 -2 -3
right_child=3 4 -4 -5 -6
leaf_value=0.0059754695661567662 0 0 -0.00046041698170714505 -0.0071449563333267022 -0.003032087162407885
leaf_weight=3.719648061784028 0.25515452463878352 0.10133663445594721 0.30862951084600343 2.3797906459258229 0.80926444287251786
leaf_count=664 36 5 878 3715 1192
internal_value=-0.0017381 0.00214791 0.0048082 -0.00647712 -0.00267519
internal_weight=7.57382 4.93888 4.02828 2.63495 0.910601
internal_count=6490 2739 1542 3751 1197
is_linear=0
shrinkage=0.025


Tree=328
num_leaves=7
num_cat=0
split_feature=19 13 26 13 21 14
split_gain=0.23416 0.308825 0.152878 0.191051 0.119493 0.116273
threshold=0.19112227112054828 5.4610106945037851 -0.79632219672203053 2.9607307910919194 0.98125115036964428 0.22637375444173816
decision_type=2 2 2 2 2 2
left_child=1 4 3 -2 -1 -3
right_child=2 5 -4 -5 -6 -7
leaf_value=-0.0070638811749315026 -0.00083795513940453667 0.0039496000184136232 -0.0011230987676106191 0.005782252237096803 0 -0.00093168995866836505
leaf_weight=1.9531045833537066 0.36558917441834715 0.58438034733626387 0.62173621165857174 2.5635122192925337 1.1386708580066622 0.43649835257747327
leaf_count=4726 415 210 301 360 187 247
internal_value=-0.000258391 -0.00328624 0.00238857 0.00416037 -0.00580062 0.00178395
internal_weight=7.66349 4.11265 3.55084 2.9291 3.09178 1.02088
internal_count=6446 5370 1076 775 4913 457
is_linear=0
shrinkage=0.025


Tree=329
num_leaves=7
num_cat=0
split_feature=22 7 17 1 9 26
split_gain=0.445778 0.39162 0.186488 0.0502124 0.0387238 0.011702
threshold=0.85049793124198925 5.0924525260925302 0.71609485149383556 1.0000000180025095e-35 1.0762556791305544 -0.84648352861404408
decision_type=2 2 2 2 2 2
left_child=1 2 -1 -3 -2 -6
right_child=4 3 -4 -5 5 -7
leaf_value=-0.0083335612747329254 0 0 0 0.0032187316780920242 0.0042563312286974086 0
leaf_weight=2.8429859604111698 0.13801668624364571 0.1913099963494459 1.7247865787285261 0.41045180039509432 1.6219197283826361 0.28851853107335013
leaf_count=5556 31 87 474 158 113 75
internal_value=-0.00120947 -0.00452291 -0.0066893 0.0020986 0.00354241 0.00403753
internal_weight=7.21799 5.16953 4.56777 0.601762 2.04845 1.91044
internal_count=6494 6275 6030 245 219 188
is_linear=0
shrinkage=0.025


Tree=330
num_leaves=7
num_cat=0
split_feature=6 21 15 20 2 22
split_gain=0.298223 0.244565 0.137301 0.0459642 0.0173757 0.0127894
threshold=3.2758486270904545 0.0042100283317267903 0.47230897843837744 0.61290323734283458 4.7919359207153329 0.91118156909942638
decision_type=2 2 2 2 2 2
left_child=1 4 -3 5 -1 -2
right_child=3 2 -4 -5 -6 -7
leaf_value=-0.0023984158582947648 -0.0049129986687950966 0.0056834600089271936 0 0 0 0
leaf_weight=0.70413014237783489 1.2249486720265852 3.9645059917293111 1.4847585841635007 0.56908466491404386 0.087041767677874304 0.22726663909270417
leaf_count=1744 2091 1571 441 613 2 31
internal_value=0 0.00254589 0.00441583 -0.00402119 -0.00194697 -0.00469558
internal_weight=8.26174 6.24044 5.44926 2.0213 0.791172 1.45222
internal_count=6493 3758 2012 2735 1746 2122
is_linear=0
shrinkage=0.025


Tree=331
num_leaves=7
num_cat=0
split_feature=21 19 0 13 20 13
split_gain=0.368356 0.237288 0.372539 0.121786 0.0559886 0.0438878
threshold=0.9617266356945039 0.24833724647760394 0.20205116271972659 2.2151846885681157 0.89952611923217785 2.9607307910919194
decision_type=2 2 2 2 2 2
left_child=1 2 -1 -2 -5 -3
right_child=3 5 -4 4 -6 -7
leaf_value=0.0015094993234107262 -0.00039705525810340063 -0.00050364876332707287 -0.0081945153908345499 0.0054449037485949196 0 0.0021408749167550847
leaf_weight=0.37133244311917257 0.26861861364159301 0.30458946483668103 2.2649949602600827 2.3514674018842929 0.51604106508602843 1.4787528603228564
leaf_count=124 90 365 5189 196 131 333
internal_value=0 -0.00360698 -0.00591581 0.0036378 0.0048223 0.000729515
internal_weight=7.5558 4.41967 2.63633 3.13613 2.86751 1.78334
internal_count=6428 6011 5313 417 327 698
is_linear=0
shrinkage=0.025


Tree=332
num_leaves=7
num_cat=0
split_feature=26 0 6 25 1 1
split_gain=0.236387 0.205853 0.199995 0.143193 0.0854915 0.0426369
threshold=-0.93618690967559803 0.20205116271972659 4.649207830429078 -3.8048487901687618 3.0579615831375127 1.0000000180025095e-35
decision_type=2 2 2 2 2 2
left_child=2 5 4 -3 -1 -2
right_child=1 3 -4 -5 -6 -7
leaf_value=0 0 0.00013493510004678841 -0.0014976879865627366 -0.0060379464599937607 0.0053740622098211342 0.0027145864644683823
leaf_weight=0.38549432397485439 0.21704986528493497 0.44483128308638775 0.52006373612675805 2.9298087442330139 3.0127607905469631 0.15454490522824926
leaf_count=234 116 52 642 4502 891 5
internal_value=0 -0.00306896 0.00270728 -0.0048832 0.00460354 0.00145269
internal_weight=7.66455 3.74623 3.91832 3.37464 3.39826 0.371595
internal_count=6442 4675 1767 4554 1125 121
is_linear=0
shrinkage=0.025


Tree=333
num_leaves=7
num_cat=0
split_feature=27 13 27 25 21 27
split_gain=0.262624 0.22138 0.202982 0.234938 0.0866903 0.0482543
threshold=0.13069365173578265 2.2151846885681157 0.72156876325607311 0.74371552467346203 0.18561808019876483 0.76031199097633373
decision_type=2 2 2 2 2 2
left_child=1 -1 3 -2 -3 -4
right_child=2 4 5 -5 -6 -7
leaf_value=-0.0012497188958734695 0.00014834560594856913 0 0.0030091275309567394 -0.0067472082803946183 0.0061928367263376517 0
leaf_weight=0.45792819980852106 2.3590038073489268 0.2333331298996203 0.31042384538886825 1.6884793741792234 2.8297851160132268 0.19187926996528404
leaf_count=550 1078 386 24 3968 336 79
internal_value=0.000276925 0.0036938 -0.00226239 -0.00417651 0.00552465 0.00180497
internal_weight=8.07083 3.52105 4.54979 4.04748 3.06312 0.502303
internal_count=6421 1272 5149 5046 722 103
is_linear=0
shrinkage=0.025


Tree=334
num_leaves=6
num_cat=0
split_feature=21 14 13 22 22
split_gain=0.235948 0.225264 0.218788 0.169281 0.0291276
threshold=0.0042100283317267903 0.39194670319557195 2.2151846885681157 0.73357522487640392 0.85049793124198925
decision_type=2 2 2 2 2
left_child=4 2 -2 -3 -1
right_child=1 3 -4 -5 -6
leaf_value=-0.0038027139567384234 -0.00087313655924217345 -0.0038662526319677062 0.0062682628068695696 0.0017165012652731815 0
leaf_weight=1.12386091078406 0.37761960574789544 1.3307814889903968 3.7521387904162111 1.2733276656472297 0.17727401858428482
leaf_count=3107 344 1061 1767 162 22
internal_value=0.000222687 0.00257435 0.00481013 -0.000980815 -0.00334136
internal_weight=8.035 6.73387 4.12976 2.60411 1.30113
internal_count=6463 3334 2111 1223 3129
is_linear=0
shrinkage=0.025


Tree=335
num_leaves=7
num_cat=0
split_feature=27 0 13 18 24 1
split_gain=0.294493 0.261242 0.212605 0.132421 0.104519 0.0376259
threshold=0.17108870297670367 0.20205116271972659 2.2151846885681157 0.45315983891487127 0.45993100106716162 1.0000000180025095e-35
decision_type=2 2 2 2 2 2
left_child=2 5 -1 -3 -4 -2
right_child=1 3 4 -5 -6 -7
leaf_value=-0.0016529400182095583 0 -0.0069633277052412656 0.0053979131306985664 0 0 0.0027030684934444627
leaf_weight=0.54194286306301354 0.1831026366198788 2.2521955559514031 3.493624267081032 0.91513558851511323 0.20813060791260785 0.15605681532906601
leaf_count=669 100 4249 591 283 570 5
internal_value=-9.92249e-05 -0.00375218 0.00263993 -0.00573773 0.00457531 0.00162835
internal_weight=7.75019 3.50649 4.2437 3.16733 3.70175 0.339159
internal_count=6467 4637 1830 4532 1161 105
is_linear=0
shrinkage=0.025


Tree=336
num_leaves=7
num_cat=0
split_feature=25 6 0 27 19 1
split_gain=0.370718 0.332963 0.266881 0.093847 0.0836065 0.0403433
threshold=0.74371552467346203 3.2038844823837285 0.20205116271972659 0.014120703097432854 -0.17906074970960614 1.0000000180025095e-35
decision_type=2 2 2 2 2 2
left_child=1 4 5 -4 -1 -2
right_child=2 -3 3 -5 -6 -7
leaf_value=0 0 -0.001840217036898139 0 -0.0068377520579243779 0.0064206228471323738 0.0027000143471915114
leaf_weight=0.30024919574498232 0.21244450086669564 1.3013068437558102 0.25638255348530981 2.2317934357924969 3.3851624950839323 0.1564744452261948
leaf_count=174 111 1058 110 4503 446 6
internal_value=0 0.003268 -0.00398932 -0.0061091 0.00581231 0.00151829
internal_weight=7.84381 4.98672 2.85709 2.48818 3.68541 0.368919
internal_count=6408 1678 4730 4613 620 117
is_linear=0
shrinkage=0.025


Tree=337
num_leaves=6
num_cat=0
split_feature=6 25 19 19 0
split_gain=0.253271 0.254169 0.154467 0.0750325 0.0450149
threshold=3.2758486270904545 0.42285746335983282 -0.30588050186634058 -0.17906074970960614 3.5856389999389653
decision_type=2 2 2 2 2
left_child=1 3 -3 -1 -2
right_child=4 2 -4 -5 -6
leaf_value=0 0 0.0014708306364741126 -0.0038937289990535911 0.0052444808727966823 -0.0049354358740854015
leaf_weight=0.35916934232227538 0.22460288184083754 0.58064100857336609 1.9891482070415805 2.7877581285465567 1.5258674518918267
leaf_count=181 321 529 2650 383 2345
internal_value=-0.000445516 0.00167153 -0.00168508 0.00453164 -0.00440231
internal_weight=7.46719 5.71672 2.56979 3.14693 1.75047
internal_count=6409 3743 3179 564 2666
is_linear=0
shrinkage=0.025


Tree=338
num_leaves=7
num_cat=0
split_feature=26 22 13 21 19 25
split_gain=0.462646 0.215135 0.133038 0.0711889 0.0659074 0.012919
threshold=-0.9973798096179961 0.73357522487640392 2.2151846885681157 0.18561808019876483 0.65201070904731762 -0.65144318342208851
decision_type=2 2 2 2 2 2
left_child=2 4 -1 -4 -2 -3
right_child=1 5 3 -5 -6 -7
leaf_value=-0.00073130023051187418 -0.0072029717585595501 0.0012018577479881935 0 0.0051333216780555481 0 0
leaf_weight=0.36681444544592556 3.1369536763795627 0.9018597240865347 0.20357722528569899 2.3935344003220962 0.22878877160837863 0.27147100633374044
leaf_count=457 5163 93 258 247 56 91
internal_value=-0.00149298 -0.00508822 0.00296591 0.0044484 -0.00674833 0.000270173
internal_weight=7.503 4.53907 2.96393 2.59711 3.36574 1.17333
internal_count=6365 5403 962 505 5219 184
is_linear=0
shrinkage=0.025


Tree=339
num_leaves=7
num_cat=0
split_feature=26 13 14 6 18 21
split_gain=0.32199 0.277048 0.184511 0.177095 0.0913318 0.0394071
threshold=-0.9973798096179961 5.4610106945037851 0.3279364556074143 4.649207830429078 -0.49289526045322413 0.18561808019876483
decision_type=2 2 2 2 2 2
left_child=3 4 -3 5 -2 -1
right_child=1 2 -4 -5 -6 -7
leaf_value=0 0 0.0044068099199955843 -0.0017650475136620246 -0.00084768072448398427 -0.0061961476109254022 0.0057290974577951384
leaf_weight=0.22031315281492503 0.38774009478220284 0.85975643222627673 0.4720121396749164 0.39005741345499689 2.7882454143837094 2.5676400524935161
leaf_count=225 357 329 278 471 4503 272
internal_value=0 -0.00297757 0.00156583 0.00378158 -0.00543965 0.00536018
internal_weight=7.68576 4.50775 1.33177 3.17801 3.17599 2.78795
internal_count=6435 5467 607 968 4860 497
is_linear=0
shrinkage=0.025


Tree=340
num_leaves=7
num_cat=0
split_feature=21 19 20 12 20 13
split_gain=0.378588 0.532931 0.106679 0.103791 0.113281 0.042224
threshold=0.9617266356945039 0.52851247787475597 2.0988131761550908 2.8702677488327031 0.88964486122131359 2.9607307910919194
decision_type=2 2 2 2 2 2
left_child=1 2 -1 -2 -5 -3
right_child=3 5 -4 4 -6 -7
leaf_value=-0.0083392571389331229 -0.00053138121306766989 0 0 0.0051247463268855667 -9.6951572027860207e-05 0.0030932111257227445
leaf_weight=3.0849040626726496 0.27622003742726553 0.15543931452339155 0.22773576464169298 2.3713310012717561 0.45047834022625455 1.1999399093292593
leaf_count=5669 95 141 92 196 142 109
internal_value=-0.00119636 -0.00449595 -0.00772121 0.00270981 0.00396299 0.0022763
internal_weight=7.76605 4.66802 3.31264 3.09803 2.82181 1.35538
internal_count=6444 6011 5761 433 338 250
is_linear=0
shrinkage=0.025


Tree=341
num_leaves=6
num_cat=0
split_feature=27 19 12 18 22
split_gain=0.539117 0.314973 0.207254 0.0687431 0.0648055
threshold=0.11027710512280466 0.52851247787475597 2.6136326789855961 0.53946271538734447 -0.25582544505596155
decision_type=2 2 2 2 2
left_child=2 3 -1 -2 -4
right_child=1 -3 4 -5 -6
leaf_value=-0.0011064929574396407 -0.0077967738919523678 0.0010882140812422509 0 0 0.0060413097165738609
leaf_weight=0.41872015876469992 2.542399650868902 1.0166725660674272 0.11296790546657653 0.69837962690144184 2.6805650247733861
leaf_count=427 4984 185 248 224 331
internal_value=-0.000680366 -0.00493877 0.0037732 -0.00710101 0.00554719
internal_weight=7.4697 4.25745 3.21225 3.24078 2.79353
internal_count=6399 5393 1006 5208 579
is_linear=0
shrinkage=0.025


Tree=342
num_leaves=7
num_cat=0
split_feature=27 0 19 12 17 1
split_gain=0.275101 0.234253 0.1872 0.183906 0.0733506 0.039401
threshold=0.13069365173578265 0.20205116271972659 0.56897929310798656 2.6136326789855961 -0.0084890769794583303 1.0000000180025095e-35
decision_type=2 2 2 2 2 2
left_child=3 5 -3 -1 -5 -2
right_child=1 2 -4 4 -6 -7
leaf_value=-0.0013037666920409311 0 -0.006684254018224459 0.00021788424840798039 0 0.0053491443962506253 0.0027135061009823493
leaf_weight=0.45802121050837774 0.1935459554006228 2.9518871978452812 0.78084321770802478 0.34998811403420482 2.6205049261625386 0.15476077346102102
leaf_count=488 104 4936 153 294 482 5
internal_value=-8.13429e-05 -0.00340815 -0.00522664 0.00280974 0.00464814 0.0015787
internal_weight=7.50955 4.08104 3.73273 3.42851 2.97049 0.348307
internal_count=6462 5198 5089 1264 776 109
is_linear=0
shrinkage=0.025


Tree=343
num_leaves=6
num_cat=0
split_feature=26 5 22 24 24
split_gain=0.376589 0.321062 0.180937 0.141222 0.0255271
threshold=-0.88223657011985768 4.0348145961761483 0.95955023169517528 0.45993100106716162 -5.3795025348663321
decision_type=2 2 2 2 2
left_child=1 3 -2 -1 -3
right_child=2 4 -4 -5 -6
leaf_value=0.0062187290951879713 -0.0060936455288631312 0 0.00048892999212371503 -0.00013479115419837184 -0.0027760388410965854
leaf_weight=3.8680596019839868 2.1219708931057544 0.20421708721551113 0.62594136816915114 0.24698924472977513 0.77285938311797497
leaf_count=721 3711 17 68 767 1164
internal_value=0 0.00286178 -0.00443966 0.00528695 -0.00218491
internal_weight=7.84004 5.09213 2.74791 4.11505 0.977076
internal_count=6448 2669 3779 1488 1181
is_linear=0
shrinkage=0.025


Tree=344
num_leaves=7
num_cat=0
split_feature=14 13 17 22 18 18
split_gain=0.212506 0.299706 0.186684 0.127293 0.092155 0.0543947
threshold=0.4363189041614533 4.0085058212280282 0.013070842251181604 1.0463464856147768 0.14930655062198642 -0.23606713116168973
decision_type=2 2 2 2 2 2
left_child=1 4 -3 5 -1 -2
right_child=3 2 -4 -5 -6 -7
leaf_value=-0.0035138996479719522 0 -0.00044224806089625805 0.0067024609518495154 0.0004577005158150213 0.00052852984480625525 -0.0052918618034261461
leaf_weight=0.9808630323113906 0.32013803764130022 0.32650144586114072 2.7702350293002382 0.72689963463926677 1.2891480027683426 1.4652752034944567
leaf_count=2394 209 813 1080 89 436 1456
internal_value=0 0.00248698 0.00536933 -0.00302401 -0.00157388 -0.00465535
internal_weight=7.87906 5.36675 3.09674 2.51231 2.27001 1.78541
internal_count=6477 4723 1893 1754 2830 1665
is_linear=0
shrinkage=0.025


Tree=345
num_leaves=7
num_cat=0
split_feature=6 25 14 21 5 14
split_gain=0.371294 0.363461 0.189829 0.130012 0.0600262 0.0184348
threshold=1.8584978580474856 -4.5424878597259513 0.34998872876167303 0.019692956469953064 1.5116002559661867 3.5927748680114751
decision_type=2 2 2 2 2 2
left_child=2 -2 3 -1 -4 -3
right_child=1 5 4 -5 -6 -7
leaf_value=0 0.0017862181805405647 -0.0067777322303975403 -0.0025126626531861845 0.0065011032409411033 0.00077611967457733152 0
leaf_weight=0.23714798315086305 1.0623475892425633 2.6928441358795685 0.81260094481876854 1.988647827736713 0.57541684973148222 0.039162673561804584
leaf_count=601 106 4584 525 536 95 10
internal_value=0 -0.00390418 0.00337316 0.00544351 -0.000630542 -0.00664942
internal_weight=7.40817 3.79435 3.61381 2.2258 1.38802 2.73201
internal_count=6457 4700 1757 1137 620 4594
is_linear=0
shrinkage=0.025


Tree=346
num_leaves=7
num_cat=0
split_feature=22 13 14 6 11 16
split_gain=0.319311 0.379834 0.117571 0.0429856 0.0401476 0.0348123
threshold=0.85049793124198925 4.2883481979370126 0.39194670319557195 1.4421133995056155 2.2268080711364751 0.57400938868522655
decision_type=2 2 2 2 2 2
left_child=1 3 -3 -1 -2 -6
right_child=4 2 -4 -5 5 -7
leaf_value=0 0 0.0033086906713458634 -0.0012282249997756141 -0.0071788277662229718 0.0044245980544162225 0
leaf_weight=0.16884097773254358 0.16139875609951593 1.9285567138485933 0.91447750305997022 2.1884896696628857 1.6539655515989578 0.27276527183857968
leaf_count=86 41 1403 550 4194 106 79
internal_value=-0.000329809 -0.00339386 0.00119981 -0.00683384 0.00343049 0.00395791
internal_weight=7.28849 5.20036 2.84303 2.35733 2.08813 1.92673
internal_count=6459 6233 1953 4280 226 185
is_linear=0
shrinkage=0.025


Tree=347
num_leaves=6
num_cat=0
split_feature=25 23 21 19 0
split_gain=0.229651 0.301985 0.140303 0.0943046 0.0429353
threshold=2.6989984512329106 -0.93183627724647511 0.0042100283317267903 0.5067332684993745 7.3463616371154794
decision_type=2 2 2 2 2
left_child=1 2 -1 -3 -2
right_child=4 3 -4 -5 -6
leaf_value=-2.9868757402244498e-05 -0.0042675504308083024 -0.0033392479926107202 0.0062564641977545105 0.00070084552402743501 0
leaf_weight=0.44506090529102982 1.1946495133524875 1.7795081855456376 3.032568502740105 0.89974230546795286 0.1880996387117192
leaf_count=703 2704 1938 833 150 21
internal_value=0 0.00227117 0.00517159 -0.00159568 -0.00367029
internal_weight=7.53963 6.15688 3.47763 2.67925 1.38275
internal_count=6349 3624 1536 2088 2725
is_linear=0
shrinkage=0.025


Tree=348
num_leaves=7
num_cat=0
split_feature=26 27 22 5 22 26
split_gain=0.270489 0.25233 0.20965 0.16102 0.0562229 0.0446638
threshold=-1.0023019313812254 0.72156876325607311 0.77244064211845409 4.7333509922027597 -0.25582544505596155 -0.35687099397182459
decision_type=2 2 2 2 2 2
left_child=3 2 -2 4 -1 -3
right_child=1 5 -4 -5 -6 -7
leaf_value=0 -0.0064974314706734912 0.003057092316618007 0.00042141908431336225 -0.00083132893040876912 0.0054705596215786556 0
leaf_weight=0.10908662879956033 3.0216219557914883 0.29829631316533778 0.98316858493126336 0.37321443300425006 2.6367694818363816 0.17416401390801173
leaf_count=205 5270 15 167 434 297 87
internal_value=0 -0.00276724 -0.00481394 0.00344724 0.0049969 0.00198681
internal_weight=7.59632 4.47725 4.00479 3.11907 2.74586 0.47246
internal_count=6475 5539 5437 936 502 102
is_linear=0
shrinkage=0.025


Tree=349
num_leaves=7
num_cat=0
split_feature=17 22 7 24 23 11
split_gain=0.188829 0.277762 0.328557 0.151463 0.165159 0.0175604
threshold=0.49945004284381872 0.77244064211845409 5.0924525260925302 0.45993100106716162 -5.8126838207244864 2.4780441522598271
decision_type=2 2 2 2 2 2
left_child=1 2 -1 4 -2 -3
right_child=3 5 -4 -5 -6 -7
leaf_value=-0.0077916418339297189 -0.00071291284294348455 0 0.0013015370396228867 -0.0013194008645978023 0.0053869816078644939 0.0020861731209382661
leaf_weight=2.1550714421246093 0.33094044399331357 0.2279886790747695 0.41201591786375491 0.45702814140713588 2.7294196914117497 1.0031911926344035
leaf_count=4957 154 56 245 632 295 71
internal_value=-0.00017064 -0.00301074 -0.00561059 0.0021295 0.0039189 0.00155934
internal_weight=7.31566 3.79827 2.56709 3.51739 3.06036 1.23118
internal_count=6410 5329 5202 1081 449 127
is_linear=0
shrinkage=0.025


end of trees

feature_importances:
Column_21=237
Column_22=207
Column_13=193
Column_27=174
Column_6=145
Column_26=132
Column_24=110
Column_19=101
Column_25=92
Column_17=88
Column_5=56
Column_14=48
Column_18=43
Column_16=42
Column_0=40
Column_7=36
Column_12=36
Column_15=33
Column_23=33
Column_2=31
Column_20=31
Column_11=22
Column_3=15
Column_8=14
Column_10=14
Column_1=13
Column_4=5
Column_9=1

parameters:
[boosting: gbdt]
[objective: binary]
[metric: binary_logloss]
[tree_learner: serial]
[device_type: cpu]
[data_sample_strategy: bagging]
[data: ]
[valid: ]
[num_iterations: 350]
[learning_rate: 0.025]
[num_leaves: 7]
[num_threads: 4]
[seed: 990006]
[deterministic: 0]
[force_col_wise: 0]
[force_row_wise: 0]
[histogram_pool_size: -1]
[max_depth: 3]
[min_data_in_leaf: 20]
[min_sum_hessian_in_leaf: 0.001]
[bagging_fraction: 0.8]
[pos_bagging_fraction: 1]
[neg_bagging_fraction: 1]
[bagging_freq: 1]
[bagging_seed: 990006]
[bagging_by_query: 0]
[feature_fraction: 0.8]
[feature_fraction_bynode: 1]
[feature_fraction_seed: 990006]
[extra_trees: 0]
[extra_seed: 716]
[early_stopping_round: 0]
[early_stopping_min_delta: 0]
[first_metric_only: 0]
[max_delta_step: 0]
[lambda_l1: 0.25]
[lambda_l2: 5]
[linear_lambda: 0]
[min_gain_to_split: 0.01]
[drop_rate: 0.1]
[max_drop: 50]
[skip_drop: 0.5]
[xgboost_dart_mode: 0]
[uniform_drop: 0]
[drop_seed: 14907]
[top_rate: 0.2]
[other_rate: 0.1]
[min_data_per_group: 100]
[max_cat_threshold: 32]
[cat_l2: 10]
[cat_smooth: 10]
[max_cat_to_onehot: 4]
[top_k: 20]
[monotone_constraints: ]
[monotone_constraints_method: basic]
[monotone_penalty: 0]
[feature_contri: ]
[forcedsplits_filename: ]
[refit_decay_rate: 0.9]
[cegb_tradeoff: 1]
[cegb_penalty_split: 0]
[cegb_penalty_feature_lazy: ]
[cegb_penalty_feature_coupled: ]
[path_smooth: 0]
[interaction_constraints: ]
[verbosity: -1]
[saved_feature_importance_type: 0]
[use_quantized_grad: 0]
[num_grad_quant_bins: 4]
[quant_train_renew_leaf: 0]
[stochastic_rounding: 1]
[linear_tree: 0]
[max_bin: 255]
[max_bin_by_feature: ]
[min_data_in_bin: 3]
[bin_construct_sample_cnt: 200000]
[data_random_seed: 21717]
[is_enable_sparse: 1]
[enable_bundle: 1]
[use_missing: 1]
[zero_as_missing: 0]
[feature_pre_filter: 1]
[pre_partition: 0]
[two_round: 0]
[header: 0]
[label_column: ]
[weight_column: ]
[group_column: ]
[ignore_column: ]
[categorical_feature: ]
[forcedbins_filename: ]
[precise_float_parser: 0]
[parser_config_file: ]
[objective_seed: 7575]
[num_class: 1]
[is_unbalance: 0]
[scale_pos_weight: 1]
[sigmoid: 1]
[boost_from_average: 1]
[reg_sqrt: 0]
[alpha: 0.9]
[fair_c: 1]
[poisson_max_delta_step: 0.7]
[tweedie_variance_power: 1.5]
[lambdarank_truncation_level: 30]
[lambdarank_norm: 1]
[label_gain: ]
[lambdarank_position_bias_regularization: 0]
[eval_at: ]
[multi_error_top_k: 1]
[auc_mu_weights: ]
[num_machines: 1]
[local_listen_port: 12400]
[time_out: 120]
[machine_list_filename: ]
[machines: ]
[gpu_platform_id: -1]
[gpu_device_id: -1]
[gpu_device_id_list: ]
[gpu_use_dp: 0]
[num_gpu: 1]

end of parameters

pandas_categorical:null
