tree
version=v4
num_class=1
num_tree_per_iteration=1
label_index=0
max_feature_idx=29
objective=binary sigmoid:1
feature_names=Column_0 Column_1 Column_2 Column_3 Column_4 Column_5 Column_6 Column_7 Column_8 Column_9 Column_10 Column_11 Column_12 Column_13 Column_14 Column_15 Column_16 Column_17 Column_18 Column_19 Column_20 Column_21 Column_22 Column_23 Column_24 Column_25 Column_26 Column_27 Column_28 Column_29
feature_infos=[-4.3353586196899414:9.8639183044433594] [-5.0647220611572266:10.53105640411377] [-5.6816287040710449:8.3457145690917969] [-6.1038045883178711:11.453814506530762] [-5.9595270156860352:11.272500991821289] [-5.5963449478149414:10.427634239196777] [-5.659782886505127:9.5112380981445312] [-3.4821321964263916:8.0940933227539062] [-3.880422830581665:8.4941139221191406] [-2.4085826873779297:8.7439584732055664] [-3.3631231784820557:8.901789665222168] [-2.0665216445922852:8.8200912475585938] [-3.7529816627502441:8.6604156494140625] [-3.6251964569091797:8.5116157531738281] [-4.6340794563293457:7.7226486206054688] [-5.1695089340209961:10.202295303344727] [-10.663614273071289:7.1673679351806641] [-5.4490618705749512:5.6685628890991211] [-8.1361932754516602:5.9000306129455566] [-5.5538039207458496:6.6505193710327148] [-10.828666687011719:8.1278724670410156] [-9.258152961730957:5.6291584968566895] [-6.6448936462402344:8.2166194915771484] [-52.683582305908203:26.217466354370117] [-36.426158905029297:55.018150329589844] [-62.643627166748047:95.444610595703125] [-2.397939920425415:0.75535547733306885] [-1.2905910015106201:1.8538972139358521] [1:7] [0:7]
tree_sizes=888 788 894 892 894 865 864 893 895 898 888 887 882 907 877 895 898 850 895 875 898 887 892 856 878 874 875 876 880 898 879 857 893 875 872 865 894 872 896 782 860 878 886 850 874 898 875 863 877 868 899 873 880 879 876 881 882 878 868 882 790 870 876 899 855 879 897 897 876 844 870 862 899 896 792 861 894 901 880 849 879 877 872 871 859 904 866 848 900 839 876 875 872 855 862 881 904 903 876 888 832 892 887 762 902 909 881 854 858 886 902 880 882 910 759 864 909 881 881 861 893 892 880 886 891 904 867 899 867 902 857 854 885 841 879 867 872 853 848 883 783 869 825 843 762 878 800 870 886 859 885 891 864 855 768 869 760 900 909 879 886 873 675 902 856 860 886 879 870 846 905 902 872 873 886 877 882 766 783 869 772 871 875 761 845 872 877 752 879 787 906 877 872 912 839 908 890 768 875 872 881 757 895 912 850 779 777 890 776 778 865 897 913 858 785 882 894 754 888 863 858 841 847 779 885 847 895 589 687 847 894 802 919 844 871 900 681 873 769 869 764 881 853 856 909 889 887 781 847 848 898 856 908 888 755 855 909 909 848 888 868 865 877 864 875 767 887 797 876 874 766 843 769 840 871 906 755 694 824 680 778 826 880 894 880 856 863 768 852 915 894 833 868 850 845 811 862 789 882 887 889 875 904 861 779 898 859 841 864 832 885 885 779 866 865 778 767 775 901 883 871 853 765 847 674 774 890 791 790 905 897 871 779 828 894 857 876 892 844 877 857 905 765 886 872 860 826 861 884 879

Tree=0
num_leaves=7
num_cat=0
split_feature=22 13 21 19 26 21
split_gain=123.056 18.9623 11.2265 4.59154 4.06073 0.445793
threshold=0.19452362507581714 2.9715204238891606 0.98096084594726574 0.24884600192308429 -0.84888690710067738 1.7990581393241885
decision_type=2 2 2 2 2 2
left_child=2 5 3 -1 -3 -2
right_child=1 4 -4 -5 -6 -7
leaf_value=-0.13470091309997814 -0.10939257904032908 -0.053964057853212913 -0.087414564287168553 -0.095310194858114469 -0.095310194858114469 -0.094947211247079721
leaf_weight=27.373848285991706 2.2785606682300599 23.991664398694418 1.8746207633521397 2.1801650635898104 1.5694822871591849 0.3521520486101507
leaf_count=4899 401 340 105 287 401 13
internal_value=-0.0970786 -0.0622229 -0.128766 -0.132333 -0.0560844 -0.107669
internal_weight=59.6205 28.1919 31.4286 29.554 25.5611 2.63071
internal_count=6446 1155 5291 5186 741 414
is_linear=0
shrinkage=1


Tree=1
num_leaves=6
num_cat=0
split_feature=21 24 6 26 21
split_gain=134.148 18.0368 13.6524 4.00558 0.801261
threshold=0.39209222793579107 -4.8159768581390372 3.7428938150405888 -0.79753479361534108 1.7990581393241885
decision_type=2 2 2 2 2
left_child=1 -1 3 -2 -4
right_child=2 -3 4 -5 -6
leaf_value=0.012634269052036216 0.040850999387793983 -0.039805823078146951 -0.011786011429032258 0.00014175249296417106 0.0025291920357389634
leaf_weight=2.1320658507174839 25.602462988579653 28.762740499048959 1.8371906754327931 1.9509723957162339 0.61784580617677409
leaf_count=46 470 4955 458 471 20
internal_value=-0.000763897 -0.034757 0.0340204 0.038625 -0.00806496
internal_weight=60.9033 30.8948 30.0085 27.5534 2.45504
internal_count=6420 5001 1419 941 478
is_linear=0
shrinkage=0.025


Tree=2
num_leaves=7
num_cat=0
split_feature=21 6 19 2 23 13
split_gain=123.773 14.3235 10.6082 4.55039 3.01536 0.745696
threshold=0.39209222793579107 3.7428938150405888 0.63872236013412487 1.5871604681015017 -5.2889368534088126 2.9715204238891606
decision_type=2 2 2 2 2 2
left_child=2 3 4 -2 -1 -4
right_child=1 -3 5 -5 -6 -7
leaf_value=0.00018310304943524851 -0.0035626642251034716 -0.010080114962658347 -0.0029608925885381949 0.038865850993666962 -0.038789575594371115 0.010518857223982785
leaf_weight=0.910542619356426 0.54392653313698858 2.2014905260875812 0.47962359513621722 26.608745198114775 27.493882449169178 1.5417251591570673
leaf_count=102 165 489 111 802 4713 49
internal_value=-0.0010898 0.0327081 -0.0338879 0.0373997 -0.0375127 0.00659943
internal_weight=59.7799 29.3542 30.4258 27.1527 28.4044 2.02135
internal_count=6431 1456 4975 967 4815 160
is_linear=0
shrinkage=0.025


Tree=3
num_leaves=7
num_cat=0
split_feature=21 19 13 2 23 13
split_gain=121.994 15.9762 13.5443 4.57832 2.94776 1.22161
threshold=0.39209222793579107 0.63872236013412487 3.0566053390502934 1.5871604681015017 -5.2889368534088126 2.9715204238891606
decision_type=2 2 2 2 2 2
left_child=1 4 -2 -4 -1 -3
right_child=2 5 3 -5 -6 -7
leaf_value=0.00041044553798374957 -0.0071156354111684642 -0.0033460922525437018 -0.00353785871670606 0.039152427752226798 -0.037527319522407926 0.014615565710423883
leaf_weight=0.8820075344410786 2.9079058434581411 0.52924396691378151 0.54301881883293646 28.446476763812825 28.274868357519154 2.2905006855726242
leaf_count=95 535 115 180 747 4771 50
internal_value=0.000912995 -0.0311548 0.0330953 0.0377661 -0.0363046 0.0104611
internal_weight=63.874 31.9766 31.8974 28.9895 29.1569 2.81974
internal_count=6493 5031 1462 927 4866 165
is_linear=0
shrinkage=0.025


Tree=4
num_leaves=7
num_cat=0
split_feature=21 6 22 26 17 21
split_gain=119.095 14.8855 9.34237 7.7289 1.63291 0.402859
threshold=0.34867018461227423 3.7428938150405888 0.88723215460777294 -0.88267394900321949 0.82341760396957409 1.7990581393241885
decision_type=2 2 2 2 2 2
left_child=2 3 4 -2 -1 -3
right_child=1 5 -4 -5 -6 -7
leaf_value=-0.036899143730507858 0.03939160482629904 -0.012541723313447776 0.0073882858083579601 -0.001608394446952079 0.00010806866825397643 0.00047107968770783909
leaf_weight=28.129533646395437 26.641237276140608 2.0255513623706061 1.4464273322373618 2.4213615056942208 0.38903019519057025 0.3423820612952112
leaf_count=4824 353 529 50 708 49 16
internal_value=-0.000193901 0.0313643 -0.0332258 0.0360575 -0.036267 -0.0107691
internal_weight=61.3955 31.4305 29.965 29.0626 28.5186 2.36793
internal_count=6529 1606 4923 1061 4873 545
is_linear=0
shrinkage=0.025


Tree=5
num_leaves=7
num_cat=0
split_feature=22 6 17 3 16 23
split_gain=107.955 15.8554 10.4787 3.61712 0.937547 0.581718
threshold=0.19452362507581714 3.9379698038101201 0.89734515547752391 1.1048359870910647 1.2435489892959597 0.77511823177337658
decision_type=2 2 2 2 2 2
left_child=2 3 4 -2 -1 -4
right_child=1 -3 5 -5 -6 -7
leaf_value=-0.03545690809861949 -0.0015092320293419456 -0.012585021709002704 0.0097856974692299859 0.037406209779668007 0 -0.0023065780163363573
leaf_weight=27.103142647771172 0.84756330325035989 2.1104467348195604 1.9647276439354748 27.121906323242001 0.58900391112547268 0.39902723184786726
leaf_count=4950 210 359 79 600 86 97
internal_value=0 0.0310932 -0.0309392 0.0359873 -0.0348801 0.00671552
internal_weight=60.1358 30.0799 30.0559 27.9695 27.6921 2.36375
internal_count=6381 1169 5212 810 5036 176
is_linear=0
shrinkage=0.025


Tree=6
num_leaves=7
num_cat=0
split_feature=22 6 17 2 24 18
split_gain=107.846 14.1698 13.9541 2.73148 1.18857 0.733501
threshold=0.22702625393867495 3.7428938150405888 0.82341760396957409 1.5871604681015017 0.46393385529518133 0.46757680177688604
decision_type=2 2 2 2 2 2
left_child=2 3 5 -2 -4 -1
right_child=1 -3 4 -5 -6 -7
leaf_value=-0.036317623685895951 -0.0006112635652904771 -0.0115023320851966 0.012733933929640034 0.037218811310088015 -0.0039211573534432137 0
leaf_weight=26.762765402439989 0.73743410338648274 1.8941288320929732 2.4395893873879682 26.610991867433768 0.60607422015164036 0.61052754445699875
leaf_count=4922 140 352 51 562 189 191
internal_value=0 0.0315753 -0.0306457 0.0360687 0.00826569 -0.0357762
internal_weight=59.6615 29.2426 30.419 27.3484 3.04566 27.3733
internal_count=6407 1054 5353 702 240 5113
is_linear=0
shrinkage=0.025


Tree=7
num_leaves=7
num_cat=0
split_feature=24 17 13 13 2 0
split_gain=94.3167 14.7609 12.0653 2.47611 2.06153 0.438349
threshold=-1.2213861942291258 0.66106122732162487 2.9715204238891606 3.5632777214050297 1.6346762776374819 3.5839097499847417
decision_type=2 2 2 2 2 2
left_child=2 -2 5 -3 -4 -1
right_child=1 3 4 -5 -6 -7
leaf_value=0.00098381627968379261 -0.03457146698569822 -0.0071342408177985416 -8.5801806997150759e-05 0.014899696806811103 0.035387711093775226 -0.011410810646946452
leaf_weight=0.29083905823063405 28.070778854133096 1.0787380441324779 0.67309453414054843 2.9137590010650456 24.164276855590288 1.8776457174681125
leaf_count=11 4871 328 132 117 616 411
internal_value=-0.00172414 -0.0288361 0.029746 0.00759471 0.0343636 -0.00934986
internal_weight=59.0691 32.0633 27.0059 3.9925 24.8374 2.16848
internal_count=6486 5316 1170 445 748 422
is_linear=0
shrinkage=0.025


Tree=8
num_leaves=7
num_cat=0
split_feature=21 13 19 26 12 13
split_gain=95.1568 13.2197 12.2038 4.83358 1.62444 0.953395
threshold=0.34867018461227423 3.0769628286361699 0.63872236013412487 -0.79753479361534108 7.2158763408660898 2.9715204238891606
decision_type=2 2 2 2 2 2
left_child=2 -2 4 -3 -1 -4
right_child=1 3 5 -5 -6 -7
leaf_value=-0.034528777196175607 -0.0092560426877162354 0.035945171348247887 -0.0030473111941053972 -0.00092753870472759041 0.0004513008737687452 0.012562396884298437
leaf_weight=27.080090131144978 2.7984683819231604 25.889762179693214 0.51182473835069631 1.7742275045602536 0.36003545456332986 2.0355769245652482
leaf_count=4741 588 497 113 494 14 47
internal_value=-2.76295e-05 0.0287451 -0.0293656 0.033609 -0.0338783 0.00865695
internal_weight=60.45 30.4625 29.9875 27.664 27.4401 2.5474
internal_count=6494 1579 4915 991 4755 160
is_linear=0
shrinkage=0.025


Tree=9
num_leaves=7
num_cat=0
split_feature=24 13 2 19 18 24
split_gain=95.5222 16.7076 6.38748 4.68421 2.25067 0.681387
threshold=-0.73683145642280568 3.0566053390502934 1.8412019014358523 0.24884600192308429 0.15451572090387347 0.21036914736032489
decision_type=2 2 2 2 2 2
left_child=1 -1 -3 4 -2 -5
right_child=3 2 -4 5 -6 -7
leaf_value=-0.012528947232006685 -0.034309380703514802 -0.005783646365008565 0.035300792045209306 0.0061092084475124746 -0.00035533827418577973 -0.0055227559545631983
leaf_weight=2.9502478788490398 24.630689142330091 0.88208605966065334 28.827266253938433 1.5924092264031053 1.7724748858599912 0.90442220628028724
leaf_count=551 4438 242 692 60 272 242
internal_value=0.000362829 0.0278283 0.0332435 -0.0300177 -0.0326485 0.000188842
internal_weight=61.5596 32.6596 29.7094 28.9 26.4032 2.49683
internal_count=6497 1485 934 5012 4710 302
is_linear=0
shrinkage=0.025


Tree=10
num_leaves=7
num_cat=0
split_feature=22 13 17 2 22 21
split_gain=92.0055 15.8483 6.33468 5.25177 1.22692 0.531486
threshold=0.12536729127168658 2.9715204238891606 0.52575585246086132 1.5871604681015017 -0.099321972578763948 1.7990581393241885
decision_type=2 2 2 2 2 2
left_child=2 5 -1 -3 -4 -2
right_child=1 3 4 -5 -6 -7
leaf_value=-0.033749683556950565 -0.014088768904358196 -0.003554247150672991 -0.0071416645218230065 0.034432566405366981 0.0078682787281865851 0.00079115917414233374
leaf_weight=24.206986517296176 2.6001494926167648 1.1780289712478431 1.7480546013684946 28.873674050555564 1.8268751438590687 0.31353428395232175
leaf_count=4338 472 220 583 700 111 10
internal_value=0.000742589 0.027269 -0.0299007 0.0324706 0 -0.0122096
internal_weight=60.7473 32.9654 27.7819 30.0517 3.57493 2.91368
internal_count=6434 1402 5032 920 694 482
is_linear=0
shrinkage=0.025


Tree=11
num_leaves=7
num_cat=0
split_feature=22 6 17 26 22 0
split_gain=89.7844 14.7874 5.92876 4.34747 1.09571 0.479279
threshold=0.13842919468879702 3.5766773223876958 0.52575585246086132 -0.79753479361534108 -0.099321972578763948 3.5839097499847417
decision_type=2 2 2 2 2 2
left_child=2 3 -1 -2 -4 -3
right_child=1 5 4 -5 -6 -7
leaf_value=-0.03261636367078026 0.03483520406604964 0.00095559366989962787 -0.006742877698652317 -0.00069723009063029696 0.0074598879568651983 -0.01225156149567249
leaf_weight=24.857572910201274 27.271923422871623 0.29952033900190089 1.6848854845738972 1.7311831736587944 1.8442817757022556 2.8703041531844065
leaf_count=4394 412 9 577 389 120 500
internal_value=0.000728852 0.0274903 -0.0289895 0.0327398 0 -0.0104175
internal_weight=60.5597 32.1729 28.3867 29.0031 3.52917 3.16982
internal_count=6401 1310 5091 801 697 509
is_linear=0
shrinkage=0.025


Tree=12
num_leaves=7
num_cat=0
split_feature=22 6 17 3 24 27
split_gain=88.41 11.3848 10.2322 2.6822 1.1471 0.460845
threshold=0.21693707257509234 4.1021375656127939 0.82341760396957409 1.1048359870910647 0.24137630313634875 0.72317621111869823
decision_type=2 2 2 2 2 2
left_child=2 3 5 -2 -4 -1
right_child=1 -3 4 -5 -6 -7
leaf_value=-0.032871340273338205 -0.0010695814004024499 -0.010531294195296931 0.011649675055635656 0.033517612685639651 -0.0042780190221022897 -0.00060891457966106134
leaf_weight=26.243072469427723 0.78501718031475931 1.7875229667406518 2.1057677604258056 26.919692231342196 0.67185259162215505 0.87263927329331537
leaf_count=5027 189 284 41 602 204 82
internal_value=0 0.0284036 -0.0280372 0.0323328 0.00672 -0.0322841
internal_weight=59.3856 29.4922 29.8933 27.7047 2.77762 27.1157
internal_count=6429 1075 5354 791 245 5109
is_linear=0
shrinkage=0.025


Tree=13
num_leaves=7
num_cat=0
split_feature=22 13 17 26 22 26
split_gain=74.7055 14.5394 5.79299 5.52275 1.79879 0.561368
threshold=0.12536729127168658 2.9715204238891606 0.52575585246086132 -0.79753479361534108 -0.099321972578763948 -0.38688518106937403
decision_type=2 2 2 2 2 2
left_child=2 -2 5 -3 -4 -1
right_child=1 3 4 -5 -6 -7
leaf_value=-0.032299877043705856 -0.012327816615340229 0.032688093913567938 -0.0088782821903562945 -0.0033595475190176718 0.0093404751255562746 -0.00023662372327669455
leaf_weight=23.415267954929735 2.9399297649506506 25.249112231889747 1.4667568145086991 1.6124902811716264 2.0499505029292768 0.81991368363378825
leaf_count=4335 490 486 581 418 111 71
internal_value=-0.000872242 0.024602 -0.0279984 0.0301404 0.000256695 -0.0316549
internal_weight=57.5534 29.8015 27.7519 26.8616 3.51671 24.2352
internal_count=6492 1394 5098 904 692 4406
is_linear=0
shrinkage=0.025


Tree=14
num_leaves=7
num_cat=0
split_feature=22 6 17 3 24 18
split_gain=76.8587 13.9655 8.30809 4.63183 0.842485 0.768507
threshold=0.12536729127168658 3.7428938150405888 0.82341760396957409 1.1048359870910647 0.46393385529518133 0.46757680177688604
decision_type=2 2 2 2 2 2
left_child=2 3 5 -2 -4 -1
right_child=1 -3 4 -5 -6 -7
leaf_value=-0.031564779646669643 -0.0034005937726220149 -0.011705888912468805 0.010036537122484701 0.032373917395560073 -0.0036431597426795298 0
leaf_weight=25.034093705413405 1.1352197657106504 2.8235310133313751 1.9003614542889402 27.468407623411622 0.59013019973644976 0.55412506853463028
leaf_count=4771 256 472 33 644 189 139
internal_value=0.00030709 0.0254257 -0.0272116 0.0304734 0.00569255 -0.0310255
internal_weight=59.5059 31.4272 28.0787 28.6036 2.49049 25.5882
internal_count=6504 1372 5132 900 222 4910
is_linear=0
shrinkage=0.025


Tree=15
num_leaves=7
num_cat=0
split_feature=21 19 26 6 22 21
split_gain=75.5904 11.7277 9.30401 4.7274 0.604617 0.528024
threshold=0.34867018461227423 0.63872236013412487 -0.88267394900321949 4.1021375656127939 0.75734731554985057 -0.5097731053829192
decision_type=2 2 2 2 2 2
left_child=1 -1 3 -2 -4 -3
right_child=2 5 4 -5 -6 -7
leaf_value=-0.03156133379305872 0.032779187216706134 -0.0014718535913518112 -0.0086602411642376486 -0.0033786615912097273 0.002549205142717996 0.011285599570236763
leaf_weight=25.942896798427686 24.413873696990784 0.32456872460898045 2.5008686127257529 1.1619801504421037 0.966833910497371 2.3939120872528283
leaf_count=4737 413 70 727 296 111 94
internal_value=-0.000117955 -0.0267663 0.026065 0.0306482 -0.00513701 0.00898593
internal_weight=57.7049 28.6614 29.0436 25.5759 3.4677 2.71848
internal_count=6448 4901 1547 709 838 164
is_linear=0
shrinkage=0.025


Tree=16
num_leaves=7
num_cat=0
split_feature=22 13 17 2 21 27
split_gain=75.1943 10.9764 10.6928 1.93048 1.42864 0.876978
threshold=0.21693707257509234 2.9715204238891606 0.82341760396957409 1.5871604681015017 0.98096084594726574 0.12810740619897845
decision_type=2 2 2 2 2 2
left_child=2 -2 4 -3 -1 -4
right_child=1 3 5 -5 -6 -7
leaf_value=-0.031206312776677181 -0.0094119905726876667 -0.00032882686323111587 0.011513654946192735 0.0319373700119246 0.00065832974756704216 -0.0030817563604226689
leaf_weight=25.610385709849659 2.2923482719343182 0.70227799966233106 2.4237380158738229 26.082059062493499 0.30247088457690452 0.5099285120377316
leaf_count=5115 384 141 90 561 42 142
internal_value=0.000419817 0.0266948 -0.0259112 0.0309761 -0.0305859 0.00784557
internal_weight=57.9232 29.0767 28.8465 26.7843 25.9129 2.93367
internal_count=6475 1086 5389 702 5157 232
is_linear=0
shrinkage=0.025


Tree=17
num_leaves=7
num_cat=0
split_feature=22 17 6 26 13 16
split_gain=74.5897 10.405 9.39873 2.83953 1.10127 0.911262
threshold=0.22702625393867495 0.89734515547752391 4.1021375656127939 -0.79753479361534108 3.5632777214050297 1.2435489892959597
decision_type=2 2 2 2 2 2
left_child=1 5 3 -2 -3 -1
right_child=2 4 -4 -5 -6 -7
leaf_value=-0.030848112399270041 0.031901835076278924 -0.003750714224019772 -0.0095287588620188921 0 0.012325842772039595 0
leaf_weight=25.37951208738378 25.81192222022219 0.5984561246586958 1.6274200108600769 1.5288296504295456 2.2320082481601276 0.58449476934038003
leaf_count=5111 441 151 275 318 33 99
internal_value=0.00053966 -0.0257029 0.0267525 0.0302447 0.00790405 -0.0302531
internal_weight=57.7626 28.7945 28.9682 27.3408 2.83046 25.964
internal_count=6428 5394 1034 759 184 5210
is_linear=0
shrinkage=0.025


Tree=18
num_leaves=7
num_cat=0
split_feature=21 19 13 2 23 12
split_gain=66.8688 10.094 9.09709 3.18555 2.39404 0.849986
threshold=0.40358568727970129 0.63872236013412487 3.0566053390502934 1.6346762776374819 -5.2889368534088126 2.4627940654754643
decision_type=2 2 2 2 2 2
left_child=1 4 -2 -4 -1 -3
right_child=2 5 3 -5 -6 -7
leaf_value=0.0010483543341795378 -0.0074586893612818873 -0.0028008749178384772 -0.0032576471587366877 0.030723138158974511 -0.030407616371924347 0.011904249696340337
leaf_weight=0.8480526584899114 2.5021770179155309 0.50227169145364259 0.52485692029586317 25.210698320763186 25.001742742839269 2.2287675167899579
leaf_count=97 543 113 179 694 4806 59
internal_value=0.000100362 -0.0246944 0.025324 0.0294096 -0.0291704 0.00832901
internal_weight=56.8186 28.5808 28.2377 25.7356 25.8498 2.73104
internal_count=6491 5075 1416 873 4903 172
is_linear=0
shrinkage=0.025


Tree=19
num_leaves=7
num_cat=0
split_feature=21 19 6 2 27 21
split_gain=67.7961 9.17233 8.84652 4.05664 0.789804 0.629032
threshold=0.34867018461227423 0.63872236013412487 3.3222354650497441 1.5871604681015017 0.72317621111869823 1.7990581393241885
decision_type=2 2 2 2 2 2
left_child=1 4 3 -2 -1 -4
right_child=2 -3 5 -5 -6 -7
leaf_value=-0.030712272405391906 -0.0043632131804862808 0.0073564970281167269 -0.0099131205788666032 0.0303354231753045 0 0.002318618335898037
leaf_weight=24.029878715344246 0.68298058764776826 2.4599605059484011 2.2560054241912435 25.883029245946091 0.75121667969506134 0.64263127127196629
leaf_count=4644 196 165 624 722 70 23
internal_value=0.000113074 -0.0258593 0.0245747 0.0286955 -0.0300479 -0.00665894
internal_weight=56.7057 27.2411 29.4646 26.566 24.7811 2.89864
internal_count=6444 4879 1565 918 4714 647
is_linear=0
shrinkage=0.025


Tree=20
num_leaves=7
num_cat=0
split_feature=22 13 17 24 2 22
split_gain=64.5275 9.03391 8.97542 2.04971 1.62552 0.380579
threshold=0.23496163636446002 2.9715204238891606 0.56449806690216076 0.24137630313634875 1.5871604681015017 0.24352932721376422
decision_type=2 2 2 2 2 2
left_child=2 5 -1 -4 -3 -2
right_child=1 4 3 -5 -6 -7
leaf_value=-0.030321404135681719 0.00087660755652407742 -0.00018052256263856011 0.011760322950399591 -0.0076016199449879017 0.029798892612114332 -0.010478337627977669
leaf_weight=23.821990913827907 0.30111330468207897 0.68495369702577846 2.7138909535715348 1.2895927219651637 23.68227382103214 1.8436738458112811
leaf_count=4802 10 134 103 517 545 341
internal_value=-0.000748365 0.0247639 -0.0253162 0.0040714 0.0288561 -0.00851157
internal_weight=54.3375 26.512 27.8255 4.00348 24.3672 2.14479
internal_count=6452 1030 5422 620 679 351
is_linear=0
shrinkage=0.025


Tree=21
num_leaves=7
num_cat=0
split_feature=21 6 19 26 23 13
split_gain=62.7349 8.46532 7.47659 4.22828 1.36803 0.550816
threshold=0.39209222793579107 4.1021375656127939 0.63872236013412487 -0.84888690710067738 -7.33146047592163 2.9715204238891606
decision_type=2 2 2 2 2 2
left_child=2 3 4 -2 -1 -4
right_child=1 -3 5 -5 -6 -7
leaf_value=0.0006824128411167113 0.030246335853645157 -0.0095181969081476782 -0.0021861402120580708 -0.0011357883214183631 -0.029326889211162444 0.0096198630661811363
leaf_weight=0.33202714758227259 24.101086840499196 1.6251647008466523 0.4193625576444896 2.1487343933549736 24.221794643381145 1.7166493173572233
leaf_count=27 443 373 108 605 4786 48
internal_value=0 0.0242288 -0.0250658 0.0277068 -0.0286628 0.00651845
internal_weight=54.5648 27.875 26.6898 26.2498 24.5538 2.13601
internal_count=6390 1421 4969 1048 4813 156
is_linear=0
shrinkage=0.025


Tree=22
num_leaves=7
num_cat=0
split_feature=21 19 6 27 23 12
split_gain=60.5264 8.56886 7.15606 3.37289 1.48245 0.73897
threshold=0.41010145843029028 0.63872236013412487 3.7428938150405888 0.30008563399314886 -7.33146047592163 2.4627940654754643
decision_type=2 2 2 2 2 2
left_child=1 4 3 -2 -1 -3
right_child=2 5 -4 -5 -6 -7
leaf_value=0.00093023364831122972 0.029502848880435164 -0.0027901127118926511 -0.0062798233528492432 -0.0010367319846814685 -0.029917234595363565 0.010637027685864634
leaf_weight=0.29817380168242991 22.69706511852565 0.50249927665572558 2.3304165966692372 1.6739830974256609 23.983835925289895 1.9523443087236954
leaf_count=24 444 115 462 461 4871 50
internal_value=-0.00067419 -0.0251234 0.0237115 0.027373 -0.0292308 0.00702224
internal_weight=53.4383 26.7369 26.7015 24.371 24.282 2.45484
internal_count=6427 5060 1367 905 4895 165
is_linear=0
shrinkage=0.025


Tree=23
num_leaves=7
num_cat=0
split_feature=22 6 17 24 26 26
split_gain=56.8799 9.12359 8.93805 1.98548 1.51571 0.766734
threshold=0.21693707257509234 3.7428938150405888 0.56449806690216076 0.45058451592922216 -0.79753479361534108 -0.38688518106937403
decision_type=2 2 2 2 2 2
left_child=2 4 5 -4 -2 -1
right_child=1 -3 3 -5 -6 -7
leaf_value=-0.029092668493517233 0.029456809509051437 -0.0087368364021992492 0.011784873779335561 -0.0072365046902524354 0 0
leaf_weight=22.086885423399512 23.33825413312298 2.2319451157236463 3.0647451849072231 1.231146683974657 1.3163705847691733 0.75013070716522889
leaf_count=4628 380 365 132 494 317 73
internal_value=0.00035758 0.0240815 -0.0230456 0.00470103 0.0282355 -0.0283965
internal_weight=54.0195 26.8866 27.1329 4.29589 24.6546 22.837
internal_count=6389 1062 5327 626 697 4701
is_linear=0
shrinkage=0.025


Tree=24
num_leaves=7
num_cat=0
split_feature=24 6 17 26 16 24
split_gain=50.9687 12.6725 6.4573 4.1846 0.872922 0.754208
threshold=-0.61626639962196339 3.3531315326690678 0.82341760396957409 -0.79753479361534108 1.2435489892959597 0.46393385529518133
decision_type=2 2 2 2 2 2
left_child=1 3 4 -1 -2 -4
right_child=2 -3 5 -5 -6 -7
leaf_value=0.029193238188011936 -0.027847978121302342 -0.011303919917020656 0.0094467161948135134 -0.0019877053112428698 0 -0.0034609656468126224
leaf_weight=23.984595105750493 22.026601120771382 3.4684198129689312 1.8266572195570909 1.8847391458111804 0.54914572328561817 0.5789251715177669
leaf_count=432 4578 707 26 458 85 198
internal_value=0.000217297 0.0210917 -0.0235181 0.0267651 -0.0272081 0.00525698
internal_weight=54.3191 29.3378 24.9813 25.8693 22.5757 2.40558
internal_count=6484 1597 4887 890 4663 224
is_linear=0
shrinkage=0.025


Tree=25
num_leaves=7
num_cat=0
split_feature=21 19 26 6 22 27
split_gain=52.8983 9.03964 7.92458 4.492 1.39096 0.659476
threshold=0.30695560574531561 0.63872236013412487 -0.88267394900321949 4.1021375656127939 0.75734731554985057 0.72317621111869823
decision_type=2 2 2 2 2 2
left_child=1 5 3 -2 -4 -1
right_child=2 -3 4 -5 -6 -7
leaf_value=-0.028674957418297523 0.029243441945976917 0.0079591671621085953 -0.01100498533161336 -0.0038388304390783532 0.0051426602725705081 0
leaf_weight=22.130812989315025 22.827197892998818 2.6313199973665169 2.4635633051511827 1.2828218401409675 1.4456241345033047 0.80286768398946051
leaf_count=4534 439 155 818 312 112 73
internal_value=0.000223081 -0.0233956 0.0222418 0.0269115 -0.00479715 -0.0279976
internal_weight=53.5842 25.565 28.0192 24.11 3.90919 22.9337
internal_count=6443 4762 1681 751 930 4607
is_linear=0
shrinkage=0.025


Tree=26
num_leaves=7
num_cat=0
split_feature=21 19 12 26 23 12
split_gain=53.0952 9.80026 5.56705 2.67245 1.89604 1.1469
threshold=0.485549807548523 0.56465518474578869 2.7643239498138432 -0.84888690710067738 -5.2889368534088126 2.4627940654754643
decision_type=2 2 2 2 2 2
left_child=1 4 -2 -4 -1 -3
right_child=2 5 3 -5 -6 -7
leaf_value=0.00042167770131050882 -0.0060237079285128921 -0.0037449202368392619 0.028357682824829023 0 -0.027956497822152111 0.012530572306891467
leaf_weight=0.94236843468389153 1.556512222392487 0.65461280016461332 23.278503396140881 2.2871393273817366 23.314400766277686 2.6637283741147257
leaf_count=121 196 138 494 503 4928 87
internal_value=0.000712831 -0.0217332 0.023559 0.0262553 -0.0267567 0.00824742
internal_weight=54.6973 27.5751 27.1222 25.5656 24.2568 3.31834
internal_count=6467 5274 1193 997 5049 225
is_linear=0
shrinkage=0.025


Tree=27
num_leaves=7
num_cat=0
split_feature=21 19 6 2 21 26
split_gain=52.9338 11.1439 5.75491 2.42906 0.790141 0.659349
threshold=0.49811418354511267 0.54313117265701305 3.3531315326690678 1.5871604681015017 -0.16138603538274762 -0.38688518106937403
decision_type=2 2 2 2 2 2
left_child=1 5 3 -2 -3 -1
right_child=2 4 -4 -5 -6 -7
leaf_value=-0.0284660173408126 -0.0026852438700448052 -0.0024476559851417373 -0.0043816858237911245 0.027886060431435374 0.011909425265128276 0
leaf_weight=22.487060642743021 0.45260221062927186 0.48083162069087881 2.4037970653735092 23.885425122745801 3.0475504964706479 0.80798479053192096
leaf_count=4996 130 126 464 580 95 80
internal_value=0.00060802 -0.0221239 0.0234995 0.0267438 0.00893212 -0.0277959
internal_weight=53.5653 26.8234 26.7418 24.338 3.52838 23.295
internal_count=6471 5297 1174 710 221 5076
is_linear=0
shrinkage=0.025


Tree=28
num_leaves=7
num_cat=0
split_feature=21 26 19 13 27 22
split_gain=50.6213 6.50631 4.87952 3.60272 0.690025 0.681005
threshold=0.34867018461227423 -0.88267394900321949 0.63872236013412487 2.2260850667953496 0.72317621111869823 0.75734731554985057
decision_type=2 2 2 2 2 2
left_child=2 3 4 -2 -1 -3
right_child=1 5 -4 -5 -6 -7
leaf_value=-0.027865426216683465 -0.0042284606111611424 -0.0082968010352638226 0.0036365694463094747 0.027618714330727441 0 0.0031955901048876982
leaf_weight=21.545138644054539 0.73187942901859671 2.364817949943244 2.0114336900296612 21.883636790560558 0.773819683061446 1.1758229944971388
leaf_count=4604 184 731 169 510 72 115
internal_value=-0.000610431 0.021525 -0.0242328 0.0257828 -0.0271791 -0.00411199
internal_weight=50.4865 26.1562 24.3304 22.6155 22.319 3.54064
internal_count=6385 1540 4845 694 4676 846
is_linear=0
shrinkage=0.025


Tree=29
num_leaves=7
num_cat=0
split_feature=21 6 24 27 17 21
split_gain=48.6894 6.86192 6.15451 2.66502 1.06384 0.593542
threshold=0.39209222793579107 3.3531315326690678 -4.8159768581390372 0.31481404602527624 0.82341760396957409 1.7990581393241885
decision_type=2 2 2 2 2 2
left_child=2 3 -1 -2 -4 -3
right_child=1 5 4 -5 -6 -7
leaf_value=0.0069586774848040935 0.027262917299228636 -0.0093682171846829598 -0.027243896750076324 -0.0006168472176320773 0.00021420996288955727 0.002383179287794265
leaf_weight=1.5085273509030255 21.431569026084624 2.158919536916073 22.846206869813617 1.6221788762486529 0.36671603040303935 0.61803064949344833
leaf_count=40 410 568 4923 434 58 21
internal_value=-0.000663513 0.0212966 -0.0235419 0.0253181 -0.0266275 -0.00609848
internal_weight=50.5521 25.8307 24.7215 23.0537 23.2129 2.77695
internal_count=6454 1433 5021 844 4981 589
is_linear=0
shrinkage=0.025


Tree=30
num_leaves=7
num_cat=0
split_feature=21 26 6 24 24 27
split_gain=44.8255 10.6665 4.69694 2.69901 1.47221 0.695465
threshold=0.18308112770318988 -0.88267394900321949 4.1021375656127939 -4.8159768581390372 -3.6844568252563472 0.72317621111869823
decision_type=2 2 2 2 2 2
left_child=3 2 -2 -1 -3 -5
right_child=1 4 -4 5 -6 -7
leaf_value=0.002721957347715786 0.027474308775813933 0.0041669042372027183 -0.0044558097646386534 -0.026978387014414757 -0.012616527578665585 0
leaf_weight=0.80892739736009645 22.948994287115063 1.456605351006149 1.4278041309444223 19.578140411875214 3.7406673026853205 0.75404433818766747
leaf_count=34 555 134 399 4114 1146 70
internal_value=8.66223e-06 0.0187891 0.0249513 -0.0245928 -0.00756308 -0.026249
internal_weight=50.7152 29.5741 24.3768 21.1411 5.19727 20.3322
internal_count=6452 2234 954 4218 1280 4184
is_linear=0
shrinkage=0.025


Tree=31
num_leaves=7
num_cat=0
split_feature=22 12 17 26 27 1
split_gain=50.4687 5.34685 4.5136 2.12175 0.697722 0.383096
threshold=0.21693707257509234 2.6200177669525151 0.99226823449134838 -0.79753479361534108 0.72317621111869823 4.0705962181091317
decision_type=2 2 2 2 2 2
left_child=2 5 4 -3 -1 -2
right_child=1 3 -4 -5 -6 -7
leaf_value=-0.026886233311987553 0.0016167100599594213 0.02673826750775132 0.0034868811487659907 0 0 -0.0080192125550299347
leaf_weight=21.600314286595683 0.55919917160645427 22.925106157723356 1.9849834386841383 1.5093508360441728 0.74307012074859713 1.4561604522168634
leaf_count=5152 20 498 141 339 78 226
internal_value=9.72158e-05 0.0221909 -0.0233981 0.0251639 -0.026216 -0.00520796
internal_weight=50.7782 26.4498 24.3284 24.4345 22.3434 2.01536
internal_count=6454 1083 5371 837 5230 246
is_linear=0
shrinkage=0.025


Tree=32
num_leaves=7
num_cat=0
split_feature=22 17 13 3 13 21
split_gain=43.3984 7.17223 6.79669 1.65642 1.16466 0.937386
threshold=0.21693707257509234 0.82341760396957409 2.9715204238891606 1.1048359870910647 3.5632777214050297 0.98096084594726574
decision_type=2 2 2 2 2 2
left_child=1 5 -2 -4 -3 -1
right_child=2 4 3 -5 -6 -7
leaf_value=-0.025769336481046685 -0.0066991167562515976 -0.00454680090975662 -7.439096757171494e-05 0.026438546680312119 0.011147831438493161 0.00021361064354066643
leaf_weight=22.188642974128022 2.4258916357066509 0.74108999379677643 1.0336188897490526 21.874392928613815 2.336405623704195 0.32204820436891068
leaf_count=5103 376 207 190 522 47 45
internal_value=7.16909e-05 -0.0208435 0.0213564 0.0252193 0.00611965 -0.0251992
internal_weight=50.9221 25.5882 25.3339 22.908 3.0775 22.5107
internal_count=6490 5402 1088 712 254 5148
is_linear=0
shrinkage=0.025


Tree=33
num_leaves=7
num_cat=0
split_feature=22 13 17 3 24 27
split_gain=38.6634 7.28107 6.7742 2.663 1.91352 0.667628
threshold=0.19452362507581714 2.9715204238891606 0.52575585246086132 1.1048359870910647 0.46393385529518133 0.72317621111869823
decision_type=2 2 2 2 2 2
left_child=2 -2 5 -3 -4 -1
right_child=1 3 4 -5 -6 -7
leaf_value=-0.026284427840721648 -0.0083345280105022023 -0.0026682360445741231 0.010949111553523665 0.025829221152627563 -0.0075038884735093986 0
leaf_weight=19.372432964912157 2.2474255004781325 0.84614958247402938 3.0026453569880678 21.271497263282072 1.3548647853313012 0.75658245576778327
leaf_count=4490 396 208 138 544 571 71
internal_value=-0.000113591 0.0200943 -0.0204309 0.0242176 0.00359985 -0.025563
internal_weight=48.8516 24.3651 24.4865 22.1176 4.35751 20.129
internal_count=6418 1148 5270 752 709 4561
is_linear=0
shrinkage=0.025


Tree=34
num_leaves=7
num_cat=0
split_feature=21 26 19 13 19 27
split_gain=40.3161 8.79013 3.96399 3.85629 1.31939 0.709625
threshold=0.22165317088365558 -0.91731935739517201 0.79596155881881725 2.2260850667953496 0.40106500685215002 0.72317621111869823
decision_type=2 2 2 2 2 2
left_child=2 3 5 -2 -3 -1
right_child=1 4 -4 -5 -6 -7
leaf_value=-0.026279081147317848 -0.0047189897781841975 -0.010429760315663525 0.0040418006262582292 0.026487293013350639 0.0046723402580407239 0
leaf_weight=19.468052092299338 0.85733378696023166 3.9721008368069297 1.3875281512155186 21.502534672094043 1.6640699597774071 0.73410652863094483
leaf_count=4298 215 1162 87 542 145 67
internal_value=0 0.0183552 -0.0230121 0.0244186 -0.00528292 -0.0255514
internal_weight=49.5857 27.996 21.5897 22.3599 5.63617 20.2022
internal_count=6516 2064 4452 757 1307 4365
is_linear=0
shrinkage=0.025


Tree=35
num_leaves=7
num_cat=0
split_feature=22 13 26 17 27 18
split_gain=35.2421 9.19935 6.08244 0.709927 0.678895 0.527709
threshold=0.035654306411743171 2.9715204238891606 -0.88267394900321949 1.0218797326087954 0.72317621111869823 0.67199945449829113
decision_type=2 2 2 2 2 2
left_child=3 5 -3 4 -1 -2
right_child=1 2 -4 -5 -6 -7
leaf_value=-0.025431991106730091 -0.012722620326578338 0.025891425930686541 -0.0029620478245743083 0 0 0.00059351317216169218
leaf_weight=17.209372132900178 2.8050016657216506 20.484203939326115 3.9467715524369806 0.90895958745386352 0.71819219965254788 0.77976261306321237
leaf_count=4362 539 397 838 116 67 74
internal_value=-0.000573685 0.0160894 0.0213065 -0.0237954 -0.0246581 -0.0104394
internal_weight=46.8523 28.0157 24.431 18.8365 17.9276 3.58476
internal_count=6393 1848 1235 4545 4429 613
is_linear=0
shrinkage=0.025


Tree=36
num_leaves=7
num_cat=0
split_feature=21 13 19 3 18 5
split_gain=40.8674 6.71863 4.2671 2.14584 0.663554 0.467443
threshold=0.30695560574531561 3.0566053390502934 0.63872236013412487 1.1048359870910647 0.54179316759109508 3.7948236465454106
decision_type=2 2 2 2 2 2
left_child=2 4 -1 -3 -2 -4
right_child=1 3 5 -5 -6 -7
leaf_value=-0.025332436268347937 -0.010264818066222016 -0.0011014006824599913 0.007321766607181604 0.025006377964029759 0.0020587502961795503 -0.002766296746775072
leaf_weight=20.541062691132542 1.8979458013782307 1.1914486455498288 1.3726602677488688 22.061316954088397 1.1015357376309109 0.51932078809477378
leaf_count=4658 503 246 21 814 125 131
internal_value=-7.42225e-05 0.0193711 -0.022441 0.0234892 -0.00649975 0.00364787
internal_weight=48.6853 26.2522 22.433 23.2528 2.99948 1.89198
internal_count=6498 1688 4810 1060 628 152
is_linear=0
shrinkage=0.025


Tree=37
num_leaves=7
num_cat=0
split_feature=22 17 6 24 3 27
split_gain=38.2698 7.03767 6.70445 1.88998 1.51415 0.640682
threshold=0.22702625393867495 0.56449806690216076 4.1021375656127939 0.22830223292112353 1.1048359870910647 0.72317621111869823
decision_type=2 2 2 2 2 2
left_child=1 5 4 -3 -2 -1
right_child=2 3 -4 -5 -6 -7
leaf_value=-0.025713487146853856 -0.00066282406109807789 0.011360941002572171 -0.0086379283426992279 -0.0071255468853941547 0.02531740939371634 0
leaf_weight=18.876842288766063 0.72406645317096874 3.0645651012309818 1.6370107996044669 1.2653667497797867 22.178923831204884 0.76014786877203633
leaf_count=4685 179 111 281 523 599 72
internal_value=0.0007384 -0.0196333 0.0208015 0.00436519 0.0243005 -0.0249906
internal_weight=48.5069 23.9669 24.54 4.32993 22.903 19.637
internal_count=6450 5391 1059 634 778 4757
is_linear=0
shrinkage=0.025


Tree=38
num_leaves=7
num_cat=0
split_feature=22 13 19 21 2 13
split_gain=36.5217 7.25682 3.64168 1.71066 1.50615 0.73813
threshold=0.22702625393867495 3.0566053390502934 0.24884600192308429 0.98096084594726574 1.5871604681015017 4.2870876789093026
decision_type=2 2 2 2 2 2
left_child=2 -2 3 -1 -3 -4
right_child=1 4 5 -5 -6 -7
leaf_value=-0.024962704002363917 -0.0084770927588656616 -0.00068682665064819393 -0.0043803256608943531 0.0004539765723990775 0.024977152129218846 0.0078069810898501986
leaf_weight=19.343966897053186 2.2678073180723031 0.73861709085759031 0.90785561333177556 1.0730199696263287 20.500548707612325 1.4502107838634399
leaf_count=4949 385 134 256 118 534 39
internal_value=-0.000176984 0.019605 -0.0206734 -0.0235545 0.0238857 0.00247733
internal_weight=46.282 23.507 22.7751 20.417 21.2392 2.35807
internal_count=6415 1053 5362 5067 668 295
is_linear=0
shrinkage=0.025


Tree=39
num_leaves=6
num_cat=0
split_feature=21 6 19 26 21
split_gain=36.8909 8.8159 5.32077 2.78594 0.260546
threshold=0.30695560574531561 3.7428938150405888 0.63872236013412487 -0.79753479361534108 -0.5097731053829192
decision_type=2 2 2 2 2
left_child=2 3 -1 -2 -4
right_child=1 -3 4 -5 -6
leaf_value=-0.02547445524855926 0.025226378291613838 -0.011372815075115729 -0.0010875953314221493 -0.00068425409206715232 0.0070721083893077116
leaf_weight=19.055332435178574 21.570867878675934 2.1787955838954067 0.29735187988262657 2.0720289799501179 1.7699334591161449
leaf_count=4579 564 570 70 534 88
internal_value=0 0.0185358 -0.0218462 0.0230144 0.00507498
internal_weight=46.9443 25.8217 21.1226 23.6429 2.06729
internal_count=6405 1668 4737 1098 158
is_linear=0
shrinkage=0.025


Tree=40
num_leaves=7
num_cat=0
split_feature=21 13 19 26 26 18
split_gain=35.1261 6.32352 5.72006 2.50566 0.714192 0.667451
threshold=0.30695560574531561 3.0566053390502934 0.63872236013412487 -0.88093852996826161 -0.38688518106937403 0.54179316759109508
decision_type=2 2 2 2 2 2
left_child=2 5 4 -3 -1 -2
right_child=1 3 -4 -5 -6 -7
leaf_value=-0.02509450733660188 -0.010123825458851671 0.025292689577099244 0.0058515954328861343 0 0 0.0021715783831680055
leaf_weight=18.451498198090125 1.9064210723154276 20.301004426961306 2.2921049064025274 2.8670247774571136 0.71998099907068791 1.0734735926380379
leaf_count=4531 513 378 153 707 72 122
internal_value=0.000746762 0.018781 -0.0203846 0.0227818 -0.0243415 -0.00632595
internal_weight=47.6115 26.1479 21.4636 23.168 19.1715 2.97989
internal_count=6476 1720 4756 1085 4603 635
is_linear=0
shrinkage=0.025


Tree=41
num_leaves=7
num_cat=0
split_feature=21 27 6 24 24 27
split_gain=32.0818 7.77617 4.5029 2.21644 1.23931 0.748991
threshold=0.18308112770318988 0.22505828738212588 4.1021375656127939 -4.8159768581390372 -3.6844568252563472 0.72317621111869823
decision_type=2 2 2 2 2 2
left_child=3 2 -2 -1 -3 -5
right_child=1 4 -4 5 -6 -7
leaf_value=0.0025028415655258093 0.024751743855693273 0.0039635521169406806 -0.0049563807441794687 -0.024658463588711207 -0.011489861190227203 0
leaf_weight=0.74915316485567274 20.137237367016503 1.350165764917622 1.5638208278105583 17.278562651452379 3.4203746431739965 0.68273444724036281
leaf_count=32 578 119 416 4124 1136 67
internal_value=-0.000184745 0.0162632 0.0218496 -0.0222412 -0.0066864 -0.0238657
internal_weight=45.182 26.4716 21.7011 18.7105 4.77054 17.9613
internal_count=6472 2249 994 4223 1255 4191
is_linear=0
shrinkage=0.025


Tree=42
num_leaves=7
num_cat=0
split_feature=21 19 6 26 23 12
split_gain=32.1158 6.86881 3.92394 2.26106 1.87002 0.894209
threshold=0.485549807548523 0.54313117265701305 4.1021375656127939 -0.79753479361534108 -5.2889368534088126 2.4627940654754643
decision_type=2 2 2 2 2 2
left_child=1 4 3 -2 -1 -3
right_child=2 5 -4 -5 -6 -7
leaf_value=0.001298197945605116 0.023908395078864997 -0.0034694628366241744 -0.0051139450201168031 -0.00096284684408380952 -0.025184510743819347 0.010630492201568018
leaf_weight=0.8070393210509853 19.156878646579575 0.6540562974987546 1.5312290936708439 1.5812613987945976 18.735634347685846 2.4421751067857258
leaf_count=112 491 142 298 416 4853 92
internal_value=0 -0.0189763 0.0192639 0.0219505 -0.0237945 0.00657682
internal_weight=44.9083 22.6389 22.2694 20.7381 19.5427 3.09623
internal_count=6404 5199 1205 907 4965 234
is_linear=0
shrinkage=0.025


Tree=43
num_leaves=7
num_cat=0
split_feature=24 6 26 13 4 18
split_gain=32.4251 4.33567 3.82192 2.26454 0.894407 0.859805
threshold=-1.7101175785064695 4.1021375656127939 -0.96905222535133351 3.5632777214050297 0.82677358388900768 0.3416364192962647
decision_type=2 2 2 2 2 2
left_child=1 4 3 -2 -1 -4
right_child=2 -3 5 -5 -6 -7
leaf_value=0 -0.0094215390366450841 -0.0062637529077362976 -0.023738191596523305 0.0094539272835970998 0.023922787061745387 0
leaf_weight=0.78348084003665164 3.0188636663660899 1.1298694250290271 16.938304022682136 2.8715934886131436 19.215355504013132 0.83834829300758329
leaf_count=161 837 232 4295 153 488 230
internal_value=0.000112507 0.0203591 -0.0181429 0 0.0230652 -0.0227852
internal_weight=44.7958 21.1287 23.6671 5.89046 19.9988 17.7767
internal_count=6396 881 5515 990 649 4525
is_linear=0
shrinkage=0.025


Tree=44
num_leaves=7
num_cat=0
split_feature=22 6 3 19 5 18
split_gain=33.7673 7.45497 2.74323 1.02839 0.486903 0.441949
threshold=0.12536729127168658 3.3222354650497441 1.1873994469642641 0.28353358805179601 3.7475128173828129 0.15451572090387347
decision_type=2 2 2 2 2 2
left_child=3 2 -2 5 -3 -1
right_child=1 4 -4 -5 -6 -7
leaf_value=-0.024032918629344053 -0.0027807889001421424 0.0011252490848809311 0.024207586613043227 0 -0.010970249369219011 -0.001424839626238249
leaf_weight=16.247941095411086 1.0828315135440849 0.56020478473510538 21.434466391219757 1.3734024030272838 2.2498616409720853 1.8464364087849379
leaf_count=4396 280 95 524 238 503 453
internal_value=0.0001976 0.0179202 0.0224132 -0.0215542 -0.00858202 -0.0228045
internal_weight=44.7951 25.3274 22.5173 19.4678 2.81007 18.0944
internal_count=6489 1402 804 5087 598 4849
is_linear=0
shrinkage=0.025


Tree=45
num_leaves=7
num_cat=0
split_feature=21 19 6 26 23 12
split_gain=29.035 4.52853 3.92026 2.28931 1.62102 0.498834
threshold=0.485549807548523 0.63872236013412487 3.3222354650497441 -0.80531594157218922 -5.2889368534088126 2.4627940654754643
decision_type=2 2 2 2 2 2
left_child=1 4 3 -2 -1 -3
right_child=2 5 -4 -5 -6 -7
leaf_value=0.00096063759480293832 0.023428537756982625 -0.0024948052936386769 -0.004121058709411071 -0.001867414141324253 -0.023823353165223611 0.0081315267992545844
leaf_weight=0.85319623415126145 17.100962379132405 0.49276779015781302 2.2926506057265206 1.2105596522451367 18.715061944356421 1.7284559829859061
leaf_count=110 322 116 472 388 5026 61
internal_value=-0.000890376 -0.0191153 0.0181081 0.0214463 -0.0225128 0.00481348
internal_weight=42.3937 21.7895 20.6042 18.3115 19.5683 2.22122
internal_count=6495 5313 1182 710 5136 177
is_linear=0
shrinkage=0.025


Tree=46
num_leaves=7
num_cat=0
split_feature=21 24 6 27 20 7
split_gain=28.5487 5.99516 4.96333 1.74221 1.44626 0.198847
threshold=0.485549807548523 -4.8159768581390372 3.596652746200562 0.22345938533544543 1.5472281575202944 -1.0614281892776487
decision_type=2 2 2 2 2 2
left_child=1 -1 3 -2 -3 -4
right_child=2 4 5 -5 -6 -7
leaf_value=0.0080046914384289975 0.023612092347376185 -0.023196078563314789 0.00012715218362860335 0 0.00054166156907569448 -0.0081780644690242054
leaf_weight=2.0257181674242046 18.261995999782819 19.082128733629364 0.38333609048277151 2.0803384878090574 0.93261171283665945 1.4367242534062812
leaf_count=54 279 5135 20 504 146 406
internal_value=7.80583e-05 -0.0179974 0.0182881 0.0216517 -0.021953 -0.00670162
internal_weight=44.2029 22.0405 22.1624 20.3423 20.0147 1.82006
internal_count=6544 5335 1209 783 5281 426
is_linear=0
shrinkage=0.025


Tree=47
num_leaves=7
num_cat=0
split_feature=22 13 26 18 26 3
split_gain=26.8675 8.76644 5.05613 0.765393 0.742375 0.0110101
threshold=0.035654306411743171 2.9715204238891606 -0.88267394900321949 0.54179316759109508 -0.38688518106937403 5.9211106300354013
decision_type=2 2 2 2 2 2
left_child=3 -2 -3 4 -1 -5
right_child=1 2 -4 5 -6 -7
leaf_value=-0.022820516947768502 -0.012110216768031272 0.024115383028140081 -0.0031413278833125205 0 0 0.0011513422494963525
leaf_weight=15.429925931908659 2.7313917948631596 19.965408020565526 3.3796718796656888 0.13493959896732022 0.65496970136882815 0.25060823990497738
leaf_count=4438 605 430 818 62 72 2
internal_value=0.000148418 0.0151111 0.0200909 -0.0212521 -0.021968 0.000121013
internal_weight=42.5469 26.0765 23.3451 16.4704 16.0849 0.385548
internal_count=6427 1853 1248 4574 4510 64
is_linear=0
shrinkage=0.025


Tree=48
num_leaves=7
num_cat=0
split_feature=21 19 6 2 26 21
split_gain=28.9639 5.55276 4.97369 2.20425 0.693714 0.509268
threshold=0.34867018461227423 0.63872236013412487 3.7428938150405888 1.5871604681015017 -0.38688518106937403 1.7990581393241885
decision_type=2 2 2 2 2 2
left_child=1 4 3 -2 -1 -4
right_child=2 -3 5 -5 -6 -7
leaf_value=-0.023802618311592545 -0.0031743879524802122 0.0060301058599163074 -0.0090339300917088375 0.022847208262398631 0 0.002000673822817853
leaf_weight=16.951969011919577 0.54048753343523159 2.4633855351130469 1.7055206555523903 20.885345779184718 0.72461686641327361 0.6512415632023475
leaf_count=4726 189 177 494 855 76 24
internal_value=0.000849811 -0.0187142 0.0180074 0.0214779 -0.0230074 -0.00584781
internal_weight=43.9226 20.14 23.7826 21.4258 17.6766 2.35676
internal_count=6541 4979 1562 1044 4802 518
is_linear=0
shrinkage=0.025


Tree=49
num_leaves=7
num_cat=0
split_feature=21 6 26 19 27 21
split_gain=28.0531 5.3051 2.93861 2.46698 0.731687 0.587969
threshold=0.30695560574531561 3.7428938150405888 -0.79753479361534108 0.63872236013412487 0.72317621111869823 1.7990581393241885
decision_type=2 2 2 2 2 2
left_child=3 2 -2 4 -1 -3
right_child=1 5 -4 -5 -6 -7
leaf_value=-0.02340799340992401 0.022909755147220198 -0.0099112672558742398 -0.0023114448292350354 0.0017983985180128237 0 0.002101660383001744
leaf_weight=16.288048831280328 19.053313176089439 1.9269795570580748 1.8067926634394087 1.6222615980077524 0.68381831474834953 0.63772677909582842
leaf_count=4494 586 560 554 158 73 21
internal_value=0 0.0166145 0.020459 -0.0202622 -0.0225847 -0.00668321
internal_weight=42.0189 23.4248 20.8601 18.5941 16.9719 2.56471
internal_count=6446 1721 1140 4725 4567 581
is_linear=0
shrinkage=0.025


Tree=50
num_leaves=7
num_cat=0
split_feature=22 13 17 13 2 24
split_gain=27.8163 5.79066 3.74537 1.61712 1.31503 0.225853
threshold=0.21693707257509234 3.0566053390502934 0.52575585246086132 4.4041979312896737 1.5871604681015017 -7.9206814765930167
decision_type=2 2 2 2 2 2
left_child=2 5 -1 -4 -3 -2
right_child=1 4 3 -5 -6 -7
leaf_value=-0.023506328520469719 0.00017748148814239747 -0.00073672306643595819 -0.007981587611266416 0.0091105255515328745 0.022599798883405131 -0.0092243714511851468
leaf_weight=16.252241710084494 0.24961284373421255 0.7354523398680638 1.5099879678164136 2.2682925847766455 18.465279294963693 1.8109083616291197
leaf_count=4664 5 136 599 114 542 401
internal_value=-0.000456101 0.0174379 -0.0193885 0.000912243 0.0214801 -0.0078811
internal_weight=41.2918 21.2613 20.0305 3.77828 19.2007 2.06052
internal_count=6461 1084 5377 713 678 406
is_linear=0
shrinkage=0.025


Tree=51
num_leaves=7
num_cat=0
split_feature=22 17 6 27 24 16
split_gain=24.3826 5.60164 5.04457 1.45453 0.734585 0.660728
threshold=0.21693707257509234 0.82341760396957409 4.1021375656127939 0.20264409482479098 0.55395632982254039 1.2435489892959597
decision_type=2 2 2 2 2 2
left_child=1 5 3 -2 -3 -1
right_child=2 4 -4 -5 -6 -7
leaf_value=-0.022035160877012433 0.023280334318570933 0.0097062977773312853 -0.0077131790045086293 0.00035776657969592416 -0.003097350792592666 0
leaf_weight=17.09988086094382 16.79010356601794 2.4936403639730993 1.5230170696158882 2.6592074496729756 0.5733626449946313 0.49464450008235772
leaf_count=4989 283 55 288 498 191 92
internal_value=0.000559771 -0.0166535 0.0176999 0.021116 0.00610175 -0.0213692
internal_weight=41.6339 20.6615 20.9723 19.4493 3.067 17.5945
internal_count=6396 5327 1069 781 246 5081
is_linear=0
shrinkage=0.025


Tree=52
num_leaves=7
num_cat=0
split_feature=21 13 24 3 27 0
split_gain=25.3147 5.33231 3.26311 2.28146 0.753725 0.307556
threshold=0.34867018461227423 3.0566053390502934 -4.8159768581390372 1.1048359870910647 0.72317621111869823 3.5839097499847417
decision_type=2 2 2 2 2 2
left_child=2 5 -1 -3 -4 -2
right_child=1 3 4 -5 -6 -7
leaf_value=0.0043370779987374998 0.00066212452695291939 -0.0030313310398327326 -0.023262257261246866 0.021859498414250094 0 -0.0095056278588304677
leaf_weight=1.1850342522957387 0.29451347538270356 0.83600407018093648 16.024743126705292 18.292622147680959 0.67572425212710996 1.8135703141451811
leaf_count=38 38 226 4711 749 70 531
internal_value=-0.000525749 0.0161591 -0.0198121 0.0201099 -0.0224182 -0.00773931
internal_weight=39.1222 21.2367 17.8855 19.1286 16.7005 2.10808
internal_count=6363 1544 4819 975 4781 569
is_linear=0
shrinkage=0.025


Tree=53
num_leaves=7
num_cat=0
split_feature=21 27 6 22 22 27
split_gain=24.0602 6.68169 2.66687 2.4178 1.83817 0.756271
threshold=0.18308112770318988 0.16670115292072299 4.6459898948669442 0.75734731554985057 1.1347773075103762 0.72317621111869823
decision_type=2 2 2 2 2 2
left_child=4 2 -2 -3 5 -1
right_child=1 3 -4 -5 -6 -7
leaf_value=-0.022582723410749628 0.023236126730495032 -0.011606163375462995 -0.0036873967881697403 0.0075529242566230214 0.0024040912090565708 0
leaf_weight=14.646786419703853 17.613785027962884 4.3052141355001359 0.74056548735825245 2.516563249140745 0.66010543139418665 0.64832913549617011
leaf_count=4148 497 1479 196 141 15 67
internal_value=0.000438891 0.0148068 0.0213253 -0.00380449 -0.0200578 -0.0216887
internal_weight=41.1313 25.1761 18.3544 6.82178 15.9552 15.2951
internal_count=6543 2313 693 1620 4230 4215
is_linear=0
shrinkage=0.025


Tree=54
num_leaves=7
num_cat=0
split_feature=21 6 24 26 27 21
split_gain=23.0005 5.83309 3.8307 2.80291 0.744281 0.593969
threshold=0.23825499415397647 3.3531315326690678 -4.8159768581390372 -0.79753479361534108 0.72317621111869823 1.7990581393241885
decision_type=2 2 2 2 2 2
left_child=2 3 -1 -2 -4 -3
right_child=1 5 4 -5 -6 -7
leaf_value=0.0055013051087531529 0.02258811021234839 -0.010121518421538437 -0.022558989157485325 -0.0015855029324099081 0 0.0019973151608245203
leaf_weight=1.3652807318721922 18.369412293628564 2.4351492725836574 14.873384486068968 2.1797771685232865 0.65664616134017784 0.63878834102069948
leaf_count=33 534 786 4341 626 69 25
internal_value=0.000795165 0.0155904 -0.0184423 0.0199708 -0.0216788 -0.00715172
internal_weight=40.5184 23.6231 16.8953 20.5492 15.53 3.07394
internal_count=6414 1971 4443 1160 4410 811
is_linear=0
shrinkage=0.025


Tree=55
num_leaves=7
num_cat=0
split_feature=21 13 27 24 27 21
split_gain=21.4738 6.60964 3.26373 1.64417 0.781462 0.279393
threshold=0.18308112770318988 2.9715204238891606 0.22505828738212588 -4.8159768581390372 0.72317621111869823 1.7990581393241885
decision_type=2 2 2 2 2 2
left_child=3 5 -3 -1 -5 -2
right_child=1 2 -4 4 -6 -7
leaf_value=0.0019583412028606867 -0.011111229785908332 0.02219272072779931 -0.00090083975001240208 -0.022064692957642528 0 2.9709601239261993e-05
leaf_weight=0.71780167176620935 2.3764156618563024 17.559809875354407 3.5357782081409814 13.962929614383025 0.61236723011825311 0.37825208558933798
leaf_count=31 759 500 982 4130 65 21
internal_value=5.4477e-05 0.0140353 0.0186516 -0.0195272 -0.0211346 -0.00974268
internal_weight=39.1434 23.8503 21.0956 15.2931 14.5753 2.75467
internal_count=6488 2262 1482 4226 4195 780
is_linear=0
shrinkage=0.025


Tree=56
num_leaves=7
num_cat=0
split_feature=22 6 26 21 5 19
split_gain=21.1257 6.59915 3.99352 0.977712 0.357185 0.0394939
threshold=0.035654306411743171 3.3531315326690678 -0.88267394900321949 1.7990581393241885 3.7475128173828129 0.33886058628559118
decision_type=2 2 2 2 2 2
left_child=3 2 -2 5 -3 -1
right_child=1 4 -4 -5 -6 -7
leaf_value=-0.022107371160229539 0.022341238445995351 0.00020808069876170461 -0.0022988771254342727 0.00097501885176790092 -0.0112478128725226 0
leaf_weight=13.480155551340426 16.365652019827401 0.65178902578190845 3.4678826464805743 0.26729096728377122 2.5607604122778866 0.57839289691764939
leaf_count=4464 315 137 804 9 589 151
internal_value=-0.00068291 0.0131124 0.0181858 -0.0208497 -0.0094509 -0.0217396
internal_weight=37.3719 23.0461 19.8335 14.3258 3.21255 14.0585
internal_count=6469 1845 1119 4624 726 4615
is_linear=0
shrinkage=0.025


Tree=57
num_leaves=7
num_cat=0
split_feature=21 19 27 12 27 4
split_gain=20.1621 4.94988 3.32057 1.53586 0.771002 0.535772
threshold=0.485549807548523 0.54313117265701305 0.22345938533544543 2.8849375247955327 0.72317621111869823 4.2568829059600839
decision_type=2 2 2 2 2 2
left_child=1 4 3 -2 -1 -3
right_child=2 5 -4 -5 -6 -7
leaf_value=-0.021889478168330853 -0.0015456098829790116 0.0086252759647713739 -0.0034846080633043719 0.021014509480482609 0 -0.0024255318286357424
leaf_weight=15.746399088937327 0.80477983580204338 2.3178878017642996 2.6385484248166895 15.220194983645341 0.61857885331846851 0.50689323915867124
leaf_count=4980 137 116 622 414 73 121
internal_value=-0.000389697 -0.0165267 0.0159244 0.0194861 -0.021041 0.00556075
internal_weight=37.8533 19.1898 18.6635 16.025 16.365 2.82478
internal_count=6463 5290 1173 551 5053 237
is_linear=0
shrinkage=0.025


Tree=58
num_leaves=7
num_cat=0
split_feature=21 19 12 12 22 2
split_gain=20.0195 7.2725 2.06885 1.524 0.925335 0.485529
threshold=0.96155849099159252 0.24884600192308429 2.4627940654754643 3.0119251012802128 0.75734731554985057 1.5871604681015017
decision_type=2 2 2 2 2 2
left_child=1 4 -3 -2 -1 -5
right_child=3 2 -4 5 -6 -7
leaf_value=-0.0218676450637896 -0.0016002062865120249 -0.0070559547886007842 0.011500318788678375 0 0.00056841804242551406 0.021250066770150126
leaf_weight=16.457471185916809 0.79965414886828412 1.4785721956868645 4.8397036523383576 0.1230994300567535 0.38428439479321141 13.359983430622377
leaf_count=5318 98 318 414 25 15 282
internal_value=-0.000412825 -0.013937 0.00540694 0.0191205 -0.0210566 0.020788
internal_weight=37.4428 23.16 6.31828 14.2827 16.8418 13.4831
internal_count=6470 6065 732 405 5333 307
is_linear=0
shrinkage=0.025


Tree=59
num_leaves=7
num_cat=0
split_feature=22 6 17 26 27 12
split_gain=20.1229 4.89434 2.90895 2.37589 0.718187 0.423305
threshold=0.19452362507581714 3.9379698038101201 0.82341760396957409 -0.91731935739517201 0.72317621111869823 3.0119251012802128
decision_type=2 2 2 2 2 2
left_child=2 3 4 -2 -1 -4
right_child=1 -3 5 -5 -6 -7
leaf_value=-0.022150639209765233 0.021860242243291236 -0.0084247532956288045 -0.0030498667767516452 -0.0003656036148075382 0 0.0062508222338775498
leaf_weight=14.319419145089341 14.710452946426816 1.6898487832513627 0.59080392832402084 2.7113752347650015 0.66159008245449591 1.5653781510773113
leaf_count=4941 240 352 143 571 78 102
internal_value=-0.000856764 0.0148972 -0.0181047 0.0188123 -0.0212589 0.00247867
internal_weight=36.2489 19.1117 17.1372 17.4218 14.981 2.15618
internal_count=6427 1163 5264 811 5019 245
is_linear=0
shrinkage=0.025


Tree=60
num_leaves=6
num_cat=0
split_feature=21 19 13 13 24
split_gain=18.416 9.04885 2.53461 1.60143 0.943659
threshold=0.96155849099159252 0.24884600192308429 2.9715204238891606 2.2260850667953496 -3.564820289611816
decision_type=2 2 2 2 2
left_child=1 4 -3 -2 -1
right_child=3 2 -4 -5 -6
leaf_value=0.00046674267910147972 -0.0025346780541659311 -0.0072487154596264456 0.013397542459726268 0.020088050868326528 -0.022758794489666282
leaf_weight=0.39446068060351791 0.50334251625463267 1.5454545621178102 5.08428711630404 13.208076519978929 15.889719850703843
leaf_count=16 93 395 321 346 5307
internal_value=-0.000653038 -0.0135774 0.00700003 0.0184682 -0.0219251
internal_weight=36.6253 22.9139 6.62974 13.7114 16.2842
internal_count=6478 6039 716 439 5323
is_linear=0
shrinkage=0.025


Tree=61
num_leaves=7
num_cat=0
split_feature=21 27 13 24 22 27
split_gain=18.5412 6.35164 1.75287 1.61788 1.41302 0.761003
threshold=0.18308112770318988 0.16325903683900836 2.2260850667953496 -5.8370013236999503 0.75734731554985057 0.72317621111869823
decision_type=2 2 2 2 2 2
left_child=3 2 -2 -1 -3 -5
right_child=1 4 -4 5 -6 -7
leaf_value=0.002282156776560869 -0.0024063351591412869 -0.010154007403877549 0.021818045990914886 -0.021270011511136194 0.0049741912398240107 0
leaf_weight=0.62872592726489429 0.53838106003240938 4.2873359472141592 15.300060132256474 13.052188226982249 2.0368159256177023 0.60919004975585345
leaf_count=14 175 1445 464 4120 150 66
internal_value=0 0.0134019 0.0203149 -0.01865 -0.00468478 -0.0203017
internal_weight=36.4527 22.1626 15.8384 14.2901 6.32415 13.6614
internal_count=6434 2234 639 4200 1595 4186
is_linear=0
shrinkage=0.025


Tree=62
num_leaves=7
num_cat=0
split_feature=22 6 17 24 2 27
split_gain=17.4365 4.28836 3.4703 1.09968 0.906904 0.760381
threshold=0.22702625393867495 3.5766773223876958 0.52575585246086132 0.45058451592922216 1.5871604681015017 0.72317621111869823
decision_type=2 2 2 2 2 2
left_child=2 4 5 -4 -2 -1
right_child=1 -3 3 -5 -6 -7
leaf_value=-0.021348894854417877 -0.00026652553011894206 -0.0066874771965489063 0.0081245974401750014 -0.0060110327068136661 0.020134757587131197 0
leaf_weight=13.213775776472175 0.68070497084409254 1.950510738097363 2.6248775820713486 1.1766196737589778 15.076682772662023 0.61150700011057857
leaf_count=4602 122 392 141 569 506 68
internal_value=-0.000223638 0.0151376 -0.0158668 0.00211 0.0191004 -0.0203893
internal_weight=35.3347 17.7079 17.6268 3.8015 15.7574 13.8253
internal_count=6400 1020 5380 710 628 4670
is_linear=0
shrinkage=0.025


Tree=63
num_leaves=7
num_cat=0
split_feature=22 6 19 26 21 13
split_gain=17.2679 3.99746 2.26176 1.83901 1.33783 0.492257
threshold=0.21693707257509234 4.1021375656127939 0.24884600192308429 -0.90473023056983937 0.98096084594726574 4.2870876789093026
decision_type=2 2 2 2 2 2
left_child=2 3 4 -2 -1 -4
right_child=1 -3 5 -5 -6 -7
leaf_value=-0.020861499044859066 0.020724448335715052 -0.0073413050714708997 -0.0035620449723996598 -0.00023302341679157666 0.00076128274568771498 0.0064070815051573103
leaf_weight=14.31380497632199 13.521226348238997 1.4953324950765807 0.82972013283870127 2.2407508765172688 0.98888484516646791 1.3031880946073213
leaf_count=5007 275 293 275 497 115 38
internal_value=-0.0011152 0.0144658 -0.0166025 0.0181054 -0.019313 0.00187431
internal_weight=34.6929 17.2573 17.4356 15.762 15.3027 2.13291
internal_count=6500 1065 5435 772 5122 313
is_linear=0
shrinkage=0.025


Tree=64
num_leaves=7
num_cat=0
split_feature=22 6 17 27 13 13
split_gain=17.0974 4.43411 2.89383 1.89858 0.699608 0.353282
threshold=0.19452362507581714 4.1021375656127939 0.89734515547752391 0.19677933305501941 5.4390077590942392 2.2609025239944462
decision_type=2 2 2 2 2 2
left_child=2 3 4 -2 -1 -4
right_child=1 -3 5 -5 -6 -7
leaf_value=-0.020540045136852349 0.02128265633610071 -0.007802242597438132 -0.0022537783864605998 0 0 0.0064249171909513333
leaf_weight=12.984315297420837 14.464362462080322 1.6257551832532033 0.46930145850637872 2.985512189770815 1.5960519010550331 1.6966075415257362
leaf_count=4679 290 326 105 547 380 83
internal_value=0.000151921 0.0147836 -0.0157945 0.0184353 -0.0191095 0.00341179
internal_weight=35.8219 19.0756 16.7463 17.4499 14.5804 2.16591
internal_count=6410 1163 5247 837 5059 188
is_linear=0
shrinkage=0.025


Tree=65
num_leaves=7
num_cat=0
split_feature=21 13 22 3 26 18
split_gain=18.1791 4.07724 2.19392 1.95929 0.787059 0.279339
threshold=0.34867018461227423 3.0769628286361699 0.88723215460777294 1.1048359870910647 -0.38688518106937403 0.67199945449829113
decision_type=2 2 2 2 2 2
left_child=2 5 4 -3 -1 -2
right_child=1 3 -4 -5 -6 -7
leaf_value=-0.021478562830726224 -0.0084376705686085435 -0.0030459018839893719 0.002832478228187912 0.019588989482029563 0 0.00052253769284932891
leaf_weight=13.704069113504371 1.6485566442424926 0.79812059682444925 1.0934658186743025 15.842911789572097 0.60903236223384816 0.67139417032012705
leaf_count=4805 516 219 48 763 70 72
internal_value=-0.00089952 0.0138244 -0.0182739 0.0177617 -0.0205258 -0.00640507
internal_weight=34.3676 18.961 15.4066 16.641 14.3131 2.31995
internal_count=6493 1570 4923 982 4875 588
is_linear=0
shrinkage=0.025


Tree=66
num_leaves=7
num_cat=0
split_feature=22 17 13 24 3 12
split_gain=17.1496 6.84251 1.78398 1.62384 0.860037 0.825035
threshold=0.48394858837127691 0.52575585246086132 2.5959130525588994 0.45058451592922216 1.1873994469642641 7.2158763408660898
decision_type=2 2 2 2 2 2
left_child=1 5 -2 -3 -4 -1
right_child=2 3 4 -5 -6 -7
leaf_value=-0.02232280150691858 -0.0030549453106463662 0.01076098662654367 -0.00097542114633457323 -0.0061132959424761747 0.020055379996879251 0.00031061258098614481
leaf_weight=14.171129462483805 0.62409343695617181 4.400049720919923 0.22670933720655639 1.2090833135007413 13.05096079179202 0.35034393897513005
leaf_count=5090 125 224 91 569 353 18
internal_value=-0.000598382 -0.0141996 0.0173126 0.00536762 0.0191857 -0.0215169
internal_weight=34.0324 20.1306 13.9018 5.60913 13.2777 14.5215
internal_count=6470 5901 569 793 444 5108
is_linear=0
shrinkage=0.025


Tree=67
num_leaves=7
num_cat=0
split_feature=22 6 26 17 24 17
split_gain=16.3945 4.99355 3.65859 0.272915 0.251072 0.0151665
threshold=0.035654306411743171 3.1932774782180791 -0.88267394900321949 1.0218797326087954 -5.3866918087005606 1.1832907199859621
decision_type=2 2 2 2 2 2
left_child=3 2 -2 -1 -3 -5
right_child=1 4 -4 5 -6 -7
leaf_value=-0.020293335663848954 0.020746006882261567 0.00024225998450912685 -0.0032800753317005515 0.00049460983477930852 -0.0088959480108748209 -0.0012372037811738791
leaf_weight=11.607654041552447 14.631710811518136 0.48732326441677321 2.8931948326935535 0.50311684323242012 2.953110970236593 0.31319556361995637
leaf_count=4477 286 23 767 42 741 76
internal_value=-0.000753024 0.0117741 0.0166544 -0.0195636 -0.00748434 0
internal_weight=33.3893 20.9653 17.5249 12.424 3.44043 0.816312
internal_count=6412 1817 1053 4595 764 118
is_linear=0
shrinkage=0.025


Tree=68
num_leaves=7
num_cat=0
split_feature=22 17 6 12 2 3
split_gain=14.6374 6.87743 1.86474 1.51624 1.10502 0.968009
threshold=0.48394858837127691 0.52575585246086132 3.9379698038101201 3.0119251012802128 1.0000000180025095e-35 1.1873994469642641
decision_type=2 2 2 2 2 2
left_child=1 4 5 -3 -1 -2
right_child=2 3 -4 -5 -6 -7
leaf_value=0 -0.0013108155566311493 -0.0055030073176176135 -0.0033805247938567687 0.011095183369041943 -0.021872647944570205 0.019551384290526844
leaf_weight=1.3221583648992261 0.26280097814742198 1.077277643023989 0.68365714998799454 4.5997527904692106 13.100534189608878 12.67784837289946
leaf_count=163 93 290 142 506 4860 341
internal_value=-0.000182977 -0.0127631 0.0164846 0.00625808 -0.0202556 0.0185321
internal_weight=33.724 20.0997 13.6243 5.67703 14.4227 12.9406
internal_count=6395 5819 576 796 5023 434
is_linear=0
shrinkage=0.025


Tree=69
num_leaves=7
num_cat=0
split_feature=22 17 13 13 3 5
split_gain=15.9913 5.73314 2.50147 1.44717 1.13204 0.415169
threshold=0.44309607148170477 0.52575585246086132 2.9715204238891606 3.5632777214050297 -0.21102780848741529 0.37214681506156927
decision_type=2 2 2 2 2 2
left_child=1 4 -2 -3 -1 -4
right_child=2 3 5 -5 -6 -7
leaf_value=0 -0.0044939408196926836 -0.0052028831112302491 0 0.010668414012780861 -0.021623038807564089 0.020055473020705678
leaf_weight=1.2460754461644672 0.84081246700952661 1.6327945634839114 0.7645208990725213 3.6059572345402557 13.16174479032634 13.010138219920917
leaf_count=180 201 513 127 256 4947 304
internal_value=0 -0.0134452 0.0168043 0.00498618 -0.020027 0.0192879
internal_weight=34.262 19.6466 14.6155 5.23875 14.4078 13.7747
internal_count=6528 5896 632 769 5127 431
is_linear=0
shrinkage=0.025


Tree=70
num_leaves=7
num_cat=0
split_feature=21 19 6 3 27 5
split_gain=16.1628 3.00662 2.60628 1.51219 0.723915 0.385286
threshold=0.485549807548523 0.63872236013412487 4.1021375656127939 1.5108897686004641 0.72317621111869823 3.9028162956237797
decision_type=2 2 2 2 2 2
left_child=1 4 3 -2 -1 -3
right_child=2 5 -4 -5 -6 -7
leaf_value=-0.020048556499731304 -0.0022641317345632075 0.006917107947582395 -0.0043390147547669022 0.019117524472713514 0 -0.0022561682115110936
leaf_weight=13.154152865143256 0.643782337778254 1.5989382026018568 1.4733786208380468 15.404577950132078 0.603398794919486 0.49079028429696325
leaf_count=4979 214 37 301 668 75 140
internal_value=0.000141146 -0.0155921 0.0149508 0.0176288 -0.0191022 0.00380937
internal_weight=33.369 15.8473 17.5217 16.0484 13.7576 2.08973
internal_count=6414 5231 1183 882 5054 177
is_linear=0
shrinkage=0.025


Tree=71
num_leaves=7
num_cat=0
split_feature=27 6 21 22 22 25
split_gain=14.8133 6.95013 1.63183 0.931084 0.487354 0.370245
threshold=0.17022262513637546 3.3531315326690678 0.96155849099159252 0.035654306411743171 0.75734731554985057 -4.4997291564941397
decision_type=2 2 2 2 2 2
left_child=1 3 4 -1 -2 -3
right_child=2 5 -4 -5 -6 -7
leaf_value=0 -0.020654943864986952 0.00023335252161686728 0.00032829265517824504 0.020617279674637688 0 -0.011092080213249457
leaf_weight=0.94745877117384836 11.71161475856206 0.7470124908431911 2.0224348185874979 13.106090834306086 0.4910918273089927 2.8801008844166045
leaf_count=267 4392 56 249 197 54 1239
internal_value=-0.00123912 0.0124385 -0.017378 0.0193234 -0.0199184 -0.00925172
internal_weight=31.9058 17.6807 14.2251 14.0535 12.2027 3.62711
internal_count=6454 1759 4695 464 4446 1295
is_linear=0
shrinkage=0.025


Tree=72
num_leaves=7
num_cat=0
split_feature=22 26 6 17 24 24
split_gain=14.4858 4.31787 3.96382 1.02444 0.624075 0.0929154
threshold=0.035654306411743171 -0.88267394900321949 4.1021375656127939 1.0218797326087954 -4.4939754009246817 0.55395632982254039
decision_type=2 2 2 2 2 2
left_child=3 2 -2 -1 -3 -5
right_child=1 4 -4 5 -6 -7
leaf_value=-0.019740295828756114 0.020116806340521723 0.002306436183410207 -0.0064420467989943012 0.002758341196263172 -0.009191742207734506 -0.0016594255766303569
leaf_weight=11.029198743781306 14.904862755356595 1.0192993559176131 1.406687383976531 0.68619066977407672 2.8432361008599365 0.39204096811590716
leaf_count=4497 478 90 357 14 893 96
internal_value=-0.000234544 0.0117061 0.0165591 -0.0181023 -0.00586287 8.0083e-05
internal_weight=32.2815 20.1741 16.3116 12.1074 3.86254 1.07823
internal_count=6425 1818 835 4607 983 110
is_linear=0
shrinkage=0.025


Tree=73
num_leaves=7
num_cat=0
split_feature=24 17 5 3 27 27
split_gain=14.6372 3.41349 2.17389 1.37268 0.994764 0.78163
threshold=-1.6622710227966306 0.56449806690216076 3.9028162956237797 1.1048359870910647 0.12810740619897845 0.72317621111869823
decision_type=2 2 2 2 2 2
left_child=2 5 3 -1 -3 -2
right_child=1 4 -4 -5 -6 -7
leaf_value=-0.0023318903086627036 -0.02056009639264391 0.0079959438294401799 -0.0029626862161870986 0.01912651872503485 -0.005504445626105036 7.7327744401284707e-06
leaf_weight=0.39900955697521823 12.176823118061293 2.7476943941437635 1.7052576860878605 13.000508584140333 1.0514432085619771 0.58853559760609719
leaf_count=129 4865 185 299 453 463 74
internal_value=-0.000344758 -0.0147568 0.0148886 0.0176878 0.0025446 -0.0195247
internal_weight=31.6693 16.5645 15.1048 13.3995 3.79914 12.7654
internal_count=6468 5587 881 582 648 4939
is_linear=0
shrinkage=0.025


Tree=74
num_leaves=6
num_cat=0
split_feature=22 17 6 2 22
split_gain=14.2144 3.18942 3.1318 0.920431 0.441478
threshold=0.21693707257509234 0.82341760396957409 4.1021375656127939 1.5871604681015017 -0.099321972578763948
decision_type=2 2 2 2 2
left_child=1 -1 3 -2 -3
right_child=2 4 -4 -5 -6
leaf_value=-0.020595693972882235 -0.00075987950837612026 -0.0027972005192795683 -0.0065248306733838857 0.01757636898541166 0.0068097277259550303
leaf_weight=12.33651897616801 0.73667717489297402 0.5450618707109246 1.3482194064708881 13.690429714304626 1.7365726251155127
leaf_count=5095 141 191 286 646 44
internal_value=-0.00141875 -0.0166526 0.0130072 0.0163638 0.00331156
internal_weight=30.3935 14.6182 15.7753 14.4271 2.28163
internal_count=6403 5330 1073 787 235
is_linear=0
shrinkage=0.025


Tree=75
num_leaves=7
num_cat=0
split_feature=21 22 13 23 26 10
split_gain=15.5174 3.73788 2.06184 1.08844 0.959954 0.125243
threshold=0.66444408893585216 0.75734731554985057 2.2260850667953496 -5.2889368534088126 -0.85034775733947743 2.7007797956466679
decision_type=2 2 2 2 2 2
left_child=1 3 -2 -1 -4 -3
right_child=2 5 4 -5 -6 -7
leaf_value=0.00047024604088949617 -0.0040135881104839434 0 0.019294040484020863 -0.020208710671499232 0 0.0065672365643171709
leaf_weight=0.85693779663415881 0.77452006784733285 0.40033004881115575 12.602918358257737 13.986175280995669 1.2406645372975607 1.712876126373885
leaf_count=144 155 71 315 5433 308 40
internal_value=-0.000490004 -0.0150147 0.0155722 -0.0188822 0.0177739 0.00544948
internal_weight=31.5744 16.9563 14.6181 14.8431 13.8436 2.11321
internal_count=6466 5688 778 5577 623 111
is_linear=0
shrinkage=0.025


Tree=76
num_leaves=7
num_cat=0
split_feature=21 26 12 24 26 19
split_gain=12.5941 4.4996 2.07271 1.70656 0.783182 0.587211
threshold=0.22165317088365558 -0.88267394900321949 2.7643239498138432 -5.3866918087005606 -0.38688518106937403 0.63872236013412487
decision_type=2 2 2 2 2 2
left_child=3 2 -2 -1 -5 -3
right_child=1 5 -4 4 -6 -7
leaf_value=0.0028065916717977405 -0.003087028128795044 -0.0094749959646774351 0.019193281042221899 -0.019520453020398822 0.00025412927323040338 0.0021523399008323341
leaf_weight=0.80125373025657864 1.0396187216683781 2.754221419250825 13.933713438775156 11.011169448145665 0.55264068386167942 0.72220849010045629
leaf_count=17 218 1069 703 4327 67 48
internal_value=0 0.0118274 0.0169479 -0.0162598 -0.0184066 -0.00647738
internal_weight=30.8148 18.4498 14.9733 12.3651 11.5638 3.47643
internal_count=6449 2038 921 4411 4394 1117
is_linear=0
shrinkage=0.025


Tree=77
num_leaves=7
num_cat=0
split_feature=21 6 24 26 27 21
split_gain=12.4032 3.30472 2.39717 1.70968 0.786504 0.365979
threshold=0.30695560574531561 3.3531315326690678 -5.1236121654510489 -0.88093852996826161 0.72317621111869823 1.7990581393241885
decision_type=2 2 2 2 2 2
left_child=2 3 -1 -2 -4 -3
right_child=1 5 4 -5 -6 -7
leaf_value=0.0040323522653930256 0.019014462283193492 -0.0076684586987348707 -0.019670559422428839 -0.00041838041556674561 0.00023331910544133444 0.0015298534483325166
leaf_weight=1.1519948687055173 12.342452815762954 2.1402208707004315 11.281169100140684 2.3900246913544843 0.55469469129457216 0.64072852086974297
leaf_count=34 302 688 4644 688 67 27
internal_value=-3.14384e-05 0.0121834 -0.0156582 0.016238 -0.0185743 -0.0051247
internal_weight=30.5013 17.5134 12.9879 14.7325 11.8359 2.78095
internal_count=6450 1705 4745 990 4711 715
is_linear=0
shrinkage=0.025


Tree=78
num_leaves=7
num_cat=0
split_feature=22 6 27 5 18 5
split_gain=12.8631 4.68579 2.74442 0.609697 0.580604 0.299541
threshold=0.035654306411743171 3.1932774782180791 0.22505828738212588 -0.19943697750568387 0.54179316759109508 3.7475128173828129
decision_type=2 2 2 2 2 2
left_child=3 2 -2 -1 -5 -3
right_child=1 5 -4 4 -6 -7
leaf_value=0 0.020098700807659492 0.00035305400359060481 -0.0014485804216420642 -0.01852206070133337 9.405265777844002e-05 -0.009200293099457588
leaf_weight=0.63745920275687495 14.216698865609947 0.73115067667094935 3.1372079033462787 10.229852482938437 0.36216204173979427 2.4137932332523633
leaf_count=95 299 172 790 4477 70 610
internal_value=0.000710196 0.011844 0.0164711 -0.0166163 -0.0176586 -0.00735863
internal_weight=31.7283 20.4989 17.3539 11.2295 10.592 3.14494
internal_count=6513 1871 1089 4642 4547 782
is_linear=0
shrinkage=0.025


Tree=79
num_leaves=7
num_cat=0
split_feature=21 22 17 6 3 13
split_gain=11.7561 4.80408 1.47145 0.791478 0.455959 0.426837
threshold=0.96155849099159252 0.66200527548789989 0.56449806690216076 4.1382005214691171 1.5108897686004641 2.9715204238891606
decision_type=2 2 2 2 2 2
left_child=1 2 -1 4 -2 -3
right_child=3 5 -4 -5 -6 -7
leaf_value=-0.019063503587415136 0 -0.0013789044256227153 0 -0.00036458895500087731 0.018171484730700158 0.0094959644878928814
leaf_weight=12.971688963589264 0.27998290036339035 0.35960636922391076 2.4267654716386451 0.75226053188089359 10.308471610827835 2.9747136110381689
leaf_count=5272 75 88 583 102 235 105
internal_value=0 -0.0113764 -0.0165861 0.0161765 0.0174926 0.00744958
internal_weight=30.0735 18.7328 15.3985 11.3407 10.5885 3.33432
internal_count=6460 6048 5855 412 310 193
is_linear=0
shrinkage=0.025


Tree=80
num_leaves=7
num_cat=0
split_feature=24 17 6 3 27 12
split_gain=11.4076 4.1885 2.28521 1.06747 0.684969 0.683002
threshold=-1.7101175785064695 0.82341760396957409 4.1021375656127939 1.1048359870910647 0.72317621111869823 3.0119251012802128
decision_type=2 2 2 2 2 2
left_child=2 4 3 -1 -2 -3
right_child=1 5 -4 -5 -6 -7
leaf_value=-0.0017980780091353091 -0.018829121202330518 -0.0029721658909847041 -0.0047804606783339197 0.017913954335094386 0 0.0092767263717446046
leaf_weight=0.33751077495981086 12.135594757186478 0.60128530702786465 0.94858156025293361 12.975273961143101 0.59217413471196856 2.5740593666560017
leaf_count=123 5203 145 218 534 78 117
internal_value=6.92975e-05 -0.0125717 0.0140942 0.0167184 -0.0178478 0.00579358
internal_weight=30.1645 15.9031 14.2614 13.3128 12.7278 3.17534
internal_count=6418 5543 875 657 5281 262
is_linear=0
shrinkage=0.025


Tree=81
num_leaves=7
num_cat=0
split_feature=21 27 24 13 27 22
split_gain=11.2435 3.30578 2.96756 1.86069 0.686186 0.33137
threshold=0.30695560574531561 0.22505828738212588 -4.8159768581390372 2.2260850667953496 0.72317621111869823 0.75734731554985057
decision_type=2 2 2 2 2 2
left_child=2 3 -1 -2 -4 -3
right_child=1 5 4 -5 -6 -7
leaf_value=0.0051648068933185659 -0.0033271283570023924 -0.0071836403569264093 -0.019163961661690043 0.018549287759622068 0 0.0012966573285885024
leaf_weight=1.4995758723525821 0.69965817508637229 2.1587409498170014 10.78074199846014 13.420647226739673 0.612214675376891 0.97115356408176001
leaf_count=48 209 790 4634 575 76 106
internal_value=0.000277547 0.0122603 -0.0143518 0.0165518 -0.0180936 -0.0046044
internal_weight=30.1427 17.2502 12.8925 14.1203 11.393 3.12989
internal_count=6438 1680 4758 784 4710 896
is_linear=0
shrinkage=0.025


Tree=82
num_leaves=7
num_cat=0
split_feature=22 6 26 5 0 21
split_gain=10.7965 3.79968 2.97828 0.683746 0.205421 0.164967
threshold=0.035654306411743171 3.3531315326690678 -0.88267394900321949 -0.19943697750568387 3.5839097499847417 1.3374243378639223
decision_type=2 2 2 2 2 2
left_child=3 2 -2 -1 -3 -5
right_child=1 4 -4 5 -6 -7
leaf_value=0.00030630966172980224 0.019186430808685935 0.00030164558481509925 -0.0024164996919640047 -0.017787593463992796 -0.0077978910916319776 0
leaf_weight=0.56533432568540121 12.757037074334221 0.29987186912330743 3.2012283793883407 9.4753779904858639 2.8489776842470746 0.3406493383226924
leaf_count=85 319 24 823 4473 720 29
internal_value=0 0.0105786 0.015012 -0.0162268 -0.00654777 -0.0173829
internal_weight=29.4885 19.1071 15.9583 10.3814 3.14885 9.81603
internal_count=6473 1886 1142 4587 744 4502
is_linear=0
shrinkage=0.025


Tree=83
num_leaves=7
num_cat=0
split_feature=22 6 3 26 5 21
split_gain=10.9575 4.12472 2.87079 0.631397 0.248172 0.222909
threshold=0.035654306411743171 3.1932774782180791 1.5108897686004641 -0.38688518106937403 3.7475128173828129 1.3374243378639223
decision_type=2 2 2 2 2 2
left_child=3 2 -2 5 -3 -1
right_child=1 4 -4 -5 -6 -7
leaf_value=-0.018267876672757335 -0.0046607065051087046 9.4281840766595329e-05 0.018443185711443388 1.187976941618007e-05 -0.008847606166171194 0
leaf_weight=9.2442048786033393 1.4913727152452363 0.72132929097278919 13.936752565001369 0.59511060497607182 2.3294564419484232 0.31551362929167304
leaf_count=4469 468 177 590 77 598 26
internal_value=0 0.0105815 0.0153098 -0.0166862 -0.00721156 -0.0178021
internal_weight=28.6337 18.4789 15.4281 10.1548 3.05079 9.55972
internal_count=6405 1833 1058 4572 775 4495
is_linear=0
shrinkage=0.025


Tree=84
num_leaves=7
num_cat=0
split_feature=27 5 18 24 27 13
split_gain=10.2959 4.86067 1.90051 1.26337 0.602432 0.120807
threshold=0.16865636408329013 4.1318278312683114 0.54179316759109508 0.45058451592922216 0.72317621111869823 3.452074527740479
decision_type=2 2 2 2 2 2
left_child=1 3 4 -1 -2 -3
right_child=2 5 -4 -5 -6 -7
leaf_value=0.018554794844055113 -0.018564535694207455 -0.0092535939849893029 0.0022817914740898737 -0.0018956881364538246 0 0
leaf_weight=12.306887051498052 10.298905422736421 2.2976450643618587 1.7869258220889594 0.5463482321356431 0.62977709315600883 0.15159022991429072
leaf_count=437 4388 854 202 452 97 27
internal_value=-0.000519095 0.0115325 -0.0145368 0.017048 -0.0175322 -0.00858782
internal_weight=28.0181 15.3025 12.7156 12.8532 10.9287 2.44924
internal_count=6457 1770 4687 889 4485 881
is_linear=0
shrinkage=0.025


Tree=85
num_leaves=7
num_cat=0
split_feature=22 6 26 27 0 26
split_gain=11.0217 3.67266 2.50211 0.735953 0.182992 0.0353998
threshold=0.035654306411743171 3.1932774782180791 -0.79753479361534108 0.72317621111869823 3.5839097499847417 -0.36014892160892481
decision_type=2 2 2 2 2 2
left_child=3 2 -2 -1 -3 -5
right_child=1 4 -4 5 -6 -7
leaf_value=-0.018379376719849797 0.018226477387872496 0.00015006325234561972 -0.003222044588407066 0.0020278994658972597 -0.0075830720718533017 -0.0004711774839569614
leaf_weight=9.2123256405466236 13.069345491181593 0.32168049260508214 1.9666223263484433 0.25840990850701928 2.7540381414582953 0.27652912275516506
leaf_count=4536 456 30 587 17 740 53
internal_value=-0.000126098 0.0104987 0.0150052 -0.0171582 -0.0064082 0.000348214
internal_weight=27.859 18.1117 15.036 9.74726 3.07572 0.534939
internal_count=6419 1813 1043 4606 770 70
is_linear=0
shrinkage=0.025


Tree=86
num_leaves=7
num_cat=0
split_feature=22 17 13 7 13 23
split_gain=9.46846 5.64175 1.68399 1.07827 0.918399 0.754986
threshold=0.61767274141311657 0.52575585246086132 4.1068921089172372 5.0748519897460946 2.5959130525588994 -6.3734893798828116
decision_type=2 2 2 2 2 2
left_child=1 3 -3 -1 -2 -6
right_child=4 2 -4 -5 5 -7
leaf_value=-0.019908392733812615 -0.0015409744096625743 -0.0053774553514828278 0.011628785119970732 0 -0.0010801257106090841 0.017576442271529744
leaf_weight=10.716558737010933 0.39850660198135202 1.6788582790759381 4.2459465266438201 1.2417928441427637 0.2090349838254032 9.6461325997370277
leaf_count=4946 82 615 226 262 108 242
internal_value=0 -0.0102839 0.00598215 -0.0180992 0.0151427 0.0165296
internal_weight=28.1368 17.8832 5.9248 11.9584 10.2537 9.85517
internal_count=6481 6049 841 5208 432 350
is_linear=0
shrinkage=0.025


Tree=87
num_leaves=7
num_cat=0
split_feature=21 19 6 5 7 2
split_gain=9.5199 4.46193 1.15029 1.05823 0.92443 0.277
threshold=0.96155849099159252 0.28353358805179601 3.9379698038101201 4.077364683151246 5.0748519897460946 1.6346762776374819
decision_type=2 2 2 2 2 2
left_child=1 4 -3 5 -1 -2
right_child=3 2 -4 -5 -6 -7
leaf_value=-0.019064550245042163 0 0.0096563574188362998 -0.0048372828795594167 -0.0014951605379946381 0 0.01709715837532198
leaf_weight=10.537272118264815 0.094676681444977429 3.9229364905331741 1.0761053740861823 0.72353870031656775 1.2805707773950405 9.4904331255820562
leaf_count=5085 18 303 311 91 270 312
internal_value=-1.09406e-05 -0.0107813 0.00505261 0.0149336 -0.0173617 0.0166897
internal_weight=27.1255 16.8169 4.99904 10.3086 11.8178 9.58511
internal_count=6390 5969 614 421 5355 330
is_linear=0
shrinkage=0.025


Tree=88
num_leaves=7
num_cat=0
split_feature=18 17 6 13 25 27
split_gain=7.95356 2.26366 1.73056 1.13908 1.09429 0.656206
threshold=0.15451572090387347 0.55379953980445873 4.1021375656127939 4.2391607761383066 0.74213770031929027 0.72317621111869823
decision_type=2 2 2 2 2 2
left_child=1 5 4 -3 -2 -1
right_child=2 3 -4 -5 -6 -7
leaf_value=-0.016913597026345564 0.016389793844316752 -0.0059689292689665274 -0.0035215896853455424 0.0084864286824300819 -0.00090801441593227935 0.00033707663213520801
leaf_weight=9.5195358490746003 10.915450798522214 1.193681129952892 1.4291166465263803 2.4764525539067108 1.3061827293713566 0.54074598164879795
leaf_count=4422 612 495 385 139 300 68
internal_value=8.50172e-05 -0.0112641 0.0117949 0.00233315 0.0144513 -0.0157673
internal_weight=27.3812 13.7304 13.6508 3.67013 12.2216 10.0603
internal_count=6421 5124 1297 634 912 4490
is_linear=0
shrinkage=0.025


Tree=89
num_leaves=7
num_cat=0
split_feature=22 6 27 27 6 27
split_gain=8.98673 2.70797 1.31441 1.28589 0.62 0.519057
threshold=0.21693707257509234 4.1021375656127939 0.12810740619897845 0.20264409482479098 3.2833491563797002 0.72317621111869823
decision_type=2 2 2 2 2 2
left_child=2 3 4 -2 -1 -4
right_child=1 -3 5 -5 -6 -7
leaf_value=0.0058240450881674568 0.017694664480979613 -0.006174926671209259 -0.016780959474545162 0 -0.0050395033993376956 0
leaf_weight=1.7490804155677353 10.889347054675452 1.3164626260404464 9.3560288088774506 2.3762156383018 1.2554755807650506 0.64611497204168777
leaf_count=106 303 294 4385 501 705 89
internal_value=0 0.011785 -0.0126841 0.0151119 0.000191448 -0.0157432
internal_weight=27.5887 14.582 13.0067 13.2656 3.00456 10.0021
internal_count=6383 1098 5285 804 811 4474
is_linear=0
shrinkage=0.025


Tree=90
num_leaves=7
num_cat=0
split_feature=21 19 13 12 26 3
split_gain=8.37638 4.9834 1.65657 1.20077 0.708211 0.413263
threshold=0.96155849099159252 0.24884600192308429 3.0997161865234379 3.0119251012802128 -0.38688518106937403 1.5108897686004641
decision_type=2 2 2 2 2 2
left_child=1 4 -3 -2 -1 -5
right_child=3 2 -4 5 -6 -7
leaf_value=-0.019144449958540963 -0.0025157969713182713 -0.0060937227509351207 0.010889600858290648 0 3.424467391148361e-05 0.016676826440748856
leaf_weight=10.748881852254273 0.51515089860185881 1.3401432632235799 4.1714326756773517 0.26595459034433488 0.58695539608015934 8.4282490947807656
leaf_count=5239 101 419 308 70 87 235
internal_value=-0.000950267 -0.0107026 0.0052312 0.0139388 -0.0180623 0.0159328
internal_weight=26.0568 16.8474 5.51158 9.20935 11.3358 8.6942
internal_count=6459 6053 727 406 5326 305
is_linear=0
shrinkage=0.025


Tree=91
num_leaves=7
num_cat=0
split_feature=22 6 17 26 0 22
split_gain=10.5629 2.7096 1.87687 0.800793 0.181688 0.115093
threshold=0.19452362507581714 3.3531315326690678 0.89734515547752391 -0.90336138010025013 3.5839097499847417 -0.25619027018547053
decision_type=2 2 2 2 2 2
left_child=2 3 -1 -2 -3 -4
right_child=1 4 5 -5 -6 -7
leaf_value=-0.018576847612479127 0.017542711286949172 0.00054033070828905956 -0.0010077982585992044 0 -0.0064696581094403323 0.0037137865924150673
leaf_weight=9.8199014832353004 10.181344842916586 0.25129954778822083 0.31792907236376766 2.22451500740135 1.885554149688687 1.4748841170512594
leaf_count=5089 201 7 117 478 466 65
internal_value=-0.000726027 0.011654 -0.0154472 0.015481 -0.00496854 0.0018309
internal_weight=26.1554 14.5427 11.6127 12.4059 2.13685 1.79281
internal_count=6423 1152 5271 679 473 182
is_linear=0
shrinkage=0.025


Tree=92
num_leaves=7
num_cat=0
split_feature=22 6 17 26 13 27
split_gain=8.63651 2.53781 1.63398 0.834739 0.751147 0.713777
threshold=0.21693707257509234 4.1021375656127939 0.52575585246086132 -0.91731935739517201 3.5632777214050297 0.72317621111869823
decision_type=2 2 2 2 2 2
left_child=2 3 5 -2 -4 -1
right_child=1 -3 4 -5 -6 -7
leaf_value=-0.017613359109012149 0.017399215663139397 -0.0058369026742525502 -0.0054999438794752029 0 0.0063387414718923665 0.00043481949757994743
leaf_weight=8.8509774627746083 9.7264160176855494 1.2626763452426519 1.1350726142991328 2.5691308695240869 2.1508812552783638 0.52389070970821272
leaf_count=4594 263 295 518 530 227 67
internal_value=0 0.0117534 -0.0126679 0.0150864 0.000643865 -0.0163696
internal_weight=26.219 13.5582 12.6608 12.2955 3.28595 9.37487
internal_count=6494 1088 5406 793 745 4661
is_linear=0
shrinkage=0.025


Tree=93
num_leaves=7
num_cat=0
split_feature=21 19 13 7 12 3
split_gain=8.40564 3.98888 1.34543 0.923134 0.856543 0.336462
threshold=0.96155849099159252 0.24884600192308429 2.9715204238891606 5.0748519897460946 3.0119251012802128 1.1873994469642641
decision_type=2 2 2 2 2 2
left_child=1 3 -3 -1 -2 -6
right_child=4 2 -4 -5 5 -7
leaf_value=-0.019334748433309831 -0.0012212116009064757 -0.0058099405796198204 0.0094695202481937905 0 0 0.016144074596792572
leaf_weight=9.6017468014033565 0.65393492323346336 1.3058510053961061 3.8266424288740382 1.3069067919132056 0.2442636041669165 8.2978499143209756
leaf_count=5011 95 402 342 281 59 253
internal_value=-0.000947988 -0.0110131 0.00401653 -0.0175173 0.013864 0.0155049
internal_weight=25.2372 16.0411 5.13249 10.9087 9.19605 8.54211
internal_count=6443 6036 744 5292 407 312
is_linear=0
shrinkage=0.025


Tree=94
num_leaves=7
num_cat=0
split_feature=27 6 22 22 22 19
split_gain=8.69945 4.09327 2.36439 0.418424 0.190033 0.18958
threshold=0.17022262513637546 3.3222354650497441 0.83477169275283825 -0.099321972578763948 0.93059036135673534 0.56465518474578869
decision_type=2 2 2 2 2 2
left_child=1 3 5 -1 -3 -2
right_child=2 4 -4 -5 -6 -7
leaf_value=0 -0.018363757959491904 -0.0079076052121860065 0.0035950737636760775 0.01739652925567008 5.3599354381063936e-05 0
leaf_weight=0.48781458867597471 9.7712209260353085 2.7173686977912435 1.6257931075524528 9.8022347371734213 0.44210433808621008 0.34541701863054264
leaf_count=189 4523 1325 119 251 33 60
internal_value=-0.00137708 0.0104733 -0.0143978 0.0166096 -0.00667742 -0.0179355
internal_weight=25.192 13.4495 11.7424 10.29 3.15947 10.1166
internal_count=6500 1798 4702 440 1358 4583
is_linear=0
shrinkage=0.025


Tree=95
num_leaves=7
num_cat=0
split_feature=27 6 21 27 22 21
split_gain=7.78001 4.52927 1.66966 1.02966 0.705356 0.314219
threshold=0.16865636408329013 3.9379698038101201 0.96155849099159252 0.72317621111869823 0.035654306411743171 1.7990581393241885
decision_type=2 2 2 2 2 2
left_child=1 4 3 -2 -1 -3
right_child=2 5 -4 -5 -6 -7
leaf_value=0 -0.01682462875833959 -0.0093819439042711547 0.0022370761362938522 0.0012799048080201815 0.018259751039448349 0.00074990265237421996
leaf_weight=0.87428212822124152 9.054273020345132 2.3939248461392704 2.3058310598134986 0.78883658390259448 11.039131100755183 0.26151774410391215
leaf_count=402 4398 1044 254 90 291 7
internal_value=0.000510915 0.0113783 -0.0116745 -0.0150102 0.0170329 -0.00772963
internal_weight=26.7178 14.5689 12.1489 9.84311 11.9134 2.65544
internal_count=6486 1744 4742 4488 693 1051
is_linear=0
shrinkage=0.025


Tree=96
num_leaves=7
num_cat=0
split_feature=22 17 12 13 12 16
split_gain=8.43625 4.89137 0.895201 0.703963 0.614651 0.0120757
threshold=0.72814291715621959 0.66106122732162487 2.8849375247955327 2.5959130525588994 7.2158763408660898 0.57674682140350353
decision_type=2 2 2 2 2 2
left_child=1 4 -3 -2 -1 -5
right_child=3 2 -4 5 -6 -7
leaf_value=-0.019228693887936913 -0.0011657386913714112 -0.0038016733928685621 0.009550860336617081 0.015737326028485637 0.00014476649438370252 7.2360947044739822e-05
leaf_weight=11.047080676231417 0.33738704124698315 0.79343607084592704 3.6095784581557382 7.1061579882807546 0.33844726416282434 0.89597320623579424
leaf_count=5576 64 202 336 154 20 119
internal_value=-0.00172906 -0.0116092 0.00573796 0.0138478 -0.0184029 0.0151664
internal_weight=24.1281 15.7885 4.40301 8.33952 11.3855 8.00213
internal_count=6471 6134 538 337 5596 273
is_linear=0
shrinkage=0.025


Tree=97
num_leaves=7
num_cat=0
split_feature=22 17 6 24 26 25
split_gain=7.5367 5.08307 1.33246 0.906842 0.739428 0.555926
threshold=0.48394858837127691 0.66106122732162487 3.9379698038101201 0.24137630313634875 -0.38688518106937403 1.0618014931678774
decision_type=2 2 2 2 2 2
left_child=1 4 5 -3 -1 -2
right_child=2 3 -4 -5 -6 -7
leaf_value=-0.019107970750694141 0.016207535644530834 0.010182147763711312 -0.0030228105711426661 -0.0035394917839627199 0.00016175704947368774 -0.00018286297966363407
leaf_weight=9.7373649662331427 9.0452355754823603 3.706982099072774 0.6368811393913355 0.74227170777157869 0.57570471157669345 0.48704769162577655
leaf_count=5314 283 124 147 376 86 146
internal_value=-9.26155e-05 -0.0104299 0.0129932 0.00656994 -0.0179225 0.0151652
internal_weight=24.9315 14.7623 10.1692 4.44925 10.3131 9.53228
internal_count=6476 5900 576 500 5400 429
is_linear=0
shrinkage=0.025


Tree=98
num_leaves=7
num_cat=0
split_feature=27 5 22 24 27 6
split_gain=7.90981 3.858 1.5811 0.934465 0.531938 0.268593
threshold=0.17022262513637546 4.0395302772521982 0.75734731554985057 0.45058451592922216 0.72317621111869823 3.9379698038101201
decision_type=2 2 2 2 2 2
left_child=1 3 4 -1 -2 -3
right_child=2 5 -4 -5 -6 -7
leaf_value=0.017577840440736969 -0.016429309032443901 0.000578507187145745 0.0025200104525928755 -0.0012916839459700203 0 -0.0085558652909954371
leaf_weight=11.26572494712309 9.1747369256190687 0.36533539855736252 1.6116068116098166 0.43576282412686929 0.61904202715959478 2.1475263749453006
leaf_count=423 4461 45 153 426 93 875
internal_value=0.000127902 0.0111685 -0.0124611 0.0163246 -0.0153673 -0.00689476
internal_weight=25.6197 14.2143 11.4054 11.7015 9.79378 2.51286
internal_count=6476 1769 4707 849 4554 920
is_linear=0
shrinkage=0.025


Tree=99
num_leaves=7
num_cat=0
split_feature=21 6 22 27 27 21
split_gain=7.51773 2.39792 1.58764 1.25548 0.668423 0.297692
threshold=0.30695560574531561 3.3531315326690678 0.88723215460777294 0.31481404602527624 0.72317621111869823 1.7990581393241885
decision_type=2 2 2 2 2 2
left_child=2 3 4 -2 -1 -3
right_child=1 5 -4 -5 -6 -7
leaf_value=-0.017181902873654831 0.016339539124996104 -0.007117903600144606 0.0030219075252215428 -0.0012357152630465649 0.00032442681814953174 0.0012353520683791796
leaf_weight=8.5201678852172336 10.627272451063616 1.7130383884068572 1.0534438182367001 1.4804278337687709 0.54973380081355649 0.63498159061418835
leaf_count=4629 461 670 44 516 71 24
internal_value=0 0.0102933 -0.0132053 0.0140922 -0.0159384 -0.00470488
internal_weight=24.5791 14.4557 10.1233 12.1077 9.0699 2.34802
internal_count=6415 1671 4744 977 4700 694
is_linear=0
shrinkage=0.025


Tree=100
num_leaves=7
num_cat=0
split_feature=21 22 5 13 2 4
split_gain=7.80699 3.24151 1.0075 0.828352 0.308249 0.0835072
threshold=0.96155849099159252 0.75734731554985057 4.4129984378814706 5.4390077590942392 1.5871604681015017 4.4374585151672372
decision_type=2 2 2 2 2 2
left_child=1 3 4 -1 -2 -3
right_child=2 5 -4 -5 -6 -7
leaf_value=-0.017168233797623424 0 0.0068792220044799936 -0.0020794353493183517 0 0.015876428721609714 0
leaf_weight=10.194597362744391 0.11030643008416241 2.0094542223087042 0.45566219533793706 1.8353954081831023 8.7467287366307556 0.45713959078420874
leaf_count=5366 24 48 65 534 335 73
internal_value=-0.000214657 -0.0106574 0.0136487 -0.0152506 0.0153672 0.00611852
internal_weight=23.8093 14.4966 9.3127 12.03 8.85704 2.46659
internal_count=6445 6021 424 5900 359 121
is_linear=0
shrinkage=0.025


Tree=101
num_leaves=7
num_cat=0
split_feature=27 6 24 24 27 21
split_gain=6.91905 3.46115 1.46927 0.686875 0.573469 0.246932
threshold=0.17022262513637546 4.1021375656127939 -3.9066581726074214 0.19346694648265841 0.72317621111869823 1.7990581393241885
decision_type=2 2 2 2 2 2
left_child=1 3 -2 -1 -4 -3
right_child=2 5 4 -5 -6 -7
leaf_value=0.016809047798691759 0.002592140679382357 -0.0081785936900021557 -0.015880993901487762 -0.00030961014764692278 0.0002130805947514628 0.00058190086962131603
leaf_weight=10.361085554774036 1.4797491036006238 2.1083882785314922 8.8227937601186532 0.6442943503934665 0.55698517945711579 0.27185031247790892
leaf_count=391 147 963 4434 417 83 8
internal_value=0 0.0106137 -0.0119196 0.0156327 -0.0147489 -0.00661482
internal_weight=24.2451 13.3856 10.8595 11.0054 9.37978 2.38024
internal_count=6443 1779 4664 808 4517 971
is_linear=0
shrinkage=0.025


Tree=102
num_leaves=7
num_cat=0
split_feature=24 6 26 5 17 22
split_gain=6.67003 2.73014 2.01193 0.638682 0.418709 0.148933
threshold=-0.28157846629619593 3.3531315326690678 -0.88267394900321949 -0.19943697750568387 1.1144715547561648 0.057086311280727393
decision_type=2 2 2 2 2 2
left_child=1 2 -1 -2 -3 -5
right_child=3 4 -4 5 -6 -7
leaf_value=0.016243291069704371 0.00049378052483004659 -0.0086412892346537703 -0.0022585509558432251 -0.016304400569539673 0.0015118012098052887 0
leaf_weight=10.224593580089275 0.53428995130525425 2.2553422812343338 2.6630641672672963 7.3504621066385862 0.60303146363003168 0.25113391409104213
leaf_count=333 88 804 767 4400 21 62
internal_value=-0.000545385 0.00817097 0.0125081 -0.0145797 -0.00610493 -0.0159107
internal_weight=23.8819 15.746 12.8877 8.13589 2.85837 7.6016
internal_count=6475 1925 1100 4550 825 4462
is_linear=0
shrinkage=0.025


Tree=103
num_leaves=6
num_cat=0
split_feature=22 6 3 21 14
split_gain=7.51233 2.91476 1.56607 0.524635 0.17187
threshold=0.035654306411743171 3.1932774782180791 1.1048359870910647 1.7990581393241885 -0.76247376203536976
decision_type=2 2 2 2 2
left_child=3 2 -2 -1 -3
right_child=1 4 -4 -5 -6
leaf_value=-0.015987775190996849 -0.0027931720543346982 0 0.015808335540084116 0.00039599386636005328 -0.0071526558436063592
leaf_weight=7.8226680135121587 1.144099593002468 0.75157988270802922 11.935407607335945 0.28562158765271295 2.2804227332671863
leaf_count=4603 391 84 693 13 711
internal_value=0 0.00909074 0.013513 -0.0150029 -0.00574451
internal_weight=24.2198 16.1115 13.0795 8.10829 3.032
internal_count=6495 1879 1084 4616 795
is_linear=0
shrinkage=0.025


Tree=104
num_leaves=7
num_cat=0
split_feature=22 17 6 5 10 12
split_gain=6.21091 2.24773 1.77239 0.980599 0.684915 0.450603
threshold=0.35829675197601324 0.84752953052520763 3.3222354650497441 -0.19943697750568387 5.062005043029786 3.0119251012802128
decision_type=2 2 2 2 2 2
left_child=1 3 4 -1 -2 -3
right_child=2 5 -4 -5 -6 -7
leaf_value=0.00091595449585798571 0.015414958141769186 -0.0026405096574555337 -0.0043076905225765821 -0.016579990371799969 -0.0009407502170378822 0.0070505581314276242
leaf_weight=0.98667150059190944 9.0631299779342918 0.58470375958131571 1.0894973818794813 9.05596169823548 0.40045586143969636 2.0678784426709171
leaf_count=169 360 139 296 5262 104 107
internal_value=-0.000248077 -0.0105242 0.0111213 -0.0147125 0.0142048 0.00376814
internal_weight=23.2483 12.6952 10.5531 10.0426 9.46359 2.65258
internal_count=6437 5677 760 5431 464 246
is_linear=0
shrinkage=0.025


Tree=105
num_leaves=7
num_cat=0
split_feature=26 6 24 24 26 6
split_gain=6.37433 3.85132 1.16325 0.798627 0.55202 0.0508839
threshold=-0.93536394834518422 4.1021375656127939 -3.9066581726074214 0.45058451592922216 -0.38688518106937403 -0.42093785107135767
decision_type=2 2 2 2 2 2
left_child=1 3 5 -1 -4 -2
right_child=2 -3 4 -5 -6 -7
leaf_value=0.016408208123404273 -0.00017348802390155507 -0.0082638321542464945 -0.015944214568121069 -0.0011378316253537178 8.5202802812341238e-05 0.0027593564572208885
leaf_weight=9.9363272607151885 0.13034229798358854 2.1208070401044088 8.5478571815910964 0.4043495178921156 0.58505436062114213 1.2989805405086361
leaf_count=424 58 975 4446 390 92 101
internal_value=-0.000676535 0.00959735 -0.0123885 0.0151675 -0.0148083 0.00159287
internal_weight=23.0237 12.4615 10.5622 10.3407 9.13291 1.42932
internal_count=6486 1789 4697 814 4538 159
is_linear=0
shrinkage=0.025


Tree=106
num_leaves=7
num_cat=0
split_feature=21 24 12 12 27 13
split_gain=7.51108 3.70963 1.16827 0.515454 0.315102 0.305498
threshold=0.96155849099159252 -3.4268192052841182 2.8849375247955327 7.2158763408660898 0.26327474415302282 3.0566053390502934
decision_type=2 2 2 2 2 2
left_child=1 5 -2 -3 -4 -1
right_child=2 3 4 -5 -6 -7
leaf_value=-0.001181600044005188 -0.0027166398617806454 -0.017723585964519738 0.015620245758303992 5.9632476648380722e-06 0 0.0076785949051614696
leaf_weight=0.33224234156659749 0.56644064988358778 10.742502454391797 7.5941854644188407 0.34730646625394079 0.64388412376865733 2.5758132328337524
leaf_count=84 99 5874 180 22 145 101
internal_value=-0.00146974 -0.0116256 0.0125863 -0.0169506 0.0147393 0.00576893
internal_weight=22.8024 13.9979 8.80451 11.0898 8.23807 2.90806
internal_count=6505 6081 424 5896 325 185
is_linear=0
shrinkage=0.025


Tree=107
num_leaves=7
num_cat=0
split_feature=22 6 26 27 21 22
split_gain=6.48395 3.2967 1.90639 0.607453 0.161735 0.128665
threshold=0.035654306411743171 3.1932774782180791 -0.79753479361534108 0.72317621111869823 1.3374243378639223 0.93059036135673534
decision_type=2 2 2 2 2 2
left_child=3 2 -2 4 -1 -3
right_child=1 5 -4 -5 -6 -7
leaf_value=-0.015731489424619573 0.016479091304642989 -0.008312889812394959 -0.0027167912450430753 0.00053553732118371384 0 0
leaf_weight=6.9452428970398641 11.124562189565038 1.9274386683391633 1.8101490097906197 0.51297138887457538 0.29014924936927844 0.65182619931874786
leaf_count=4515 474 735 603 71 26 53
internal_value=0 0.00876342 0.0134358 -0.0139393 -0.0152758 -0.00724922
internal_weight=23.2623 15.514 12.9347 7.74836 7.23539 2.57926
internal_count=6477 1865 1077 4612 4541 788
is_linear=0
shrinkage=0.025


Tree=108
num_leaves=7
num_cat=0
split_feature=21 19 5 27 21 3
split_gain=6.65342 3.11885 0.98189 0.578338 0.535536 0.332031
threshold=0.96155849099159252 0.19825292378664019 4.4129984378814706 0.72317621111869823 0.0038791496772319083 1.1048359870910647
decision_type=2 2 2 2 2 2
left_child=1 3 5 -1 -3 -2
right_child=2 4 -4 -5 -6 -7
leaf_value=-0.017517310402225771 0 -0.0029143192779887131 -0.0021440204471181511 0 0.0067732332873034918 0.015427383843790977
leaf_weight=8.2780060082877753 0.2602422620984689 1.3370703307882639 0.47563461746904145 0.63618164308718483 3.55664517673722 7.9405439847760135
leaf_count=5086 56 504 66 89 360 304
internal_value=-0.000175456 -0.00998555 0.0129226 -0.0163355 0.0033595 0.014751
internal_weight=22.4843 13.8079 8.67642 8.91419 4.89372 8.20079
internal_count=6465 6039 426 5175 864 360
is_linear=0
shrinkage=0.025


Tree=109
num_leaves=7
num_cat=0
split_feature=22 6 26 5 14 19
split_gain=6.52382 2.67166 1.52211 0.653972 0.194264 0.10137
threshold=0.035654306411743171 3.3531315326690678 -0.88267394900321949 -0.19943697750568387 -0.76247376203536976 0.33886058628559118
decision_type=2 2 2 2 2 2
left_child=3 2 -2 -1 -3 -5
right_child=1 4 -4 5 -6 -7
leaf_value=0.00078160574457908014 0.016572361621524055 0.00014775199496419787 -0.00047095644981654027 -0.015569912714821117 -0.0073007471756828734 0
leaf_weight=0.48944444255903441 9.965252011024857 0.7023135681956777 2.9586499257275127 6.610329283706962 1.8758257418521669 0.40174677013419557
leaf_count=86 316 80 786 4372 646 146
internal_value=0.000398317 0.00920178 0.013279 -0.0136984 -0.00568822 -0.0151341
internal_weight=23.0036 15.502 12.9239 7.50152 2.57814 7.01208
internal_count=6432 1828 1102 4604 726 4518
is_linear=0
shrinkage=0.025


Tree=110
num_leaves=7
num_cat=0
split_feature=27 5 22 24 27 6
split_gain=5.12869 2.84013 1.75606 0.7058 0.572001 0.250281
threshold=0.17022262513637546 4.0395302772521982 0.75734731554985057 0.45058451592922216 0.72317621111869823 3.9379698038101201
decision_type=2 2 2 2 2 2
left_child=1 3 4 -1 -2 -3
right_child=2 5 -4 -5 -6 -7
leaf_value=0.015568997869767285 -0.015520939488782701 0.00066195024453671641 0.0034750549105806196 -0.0010105719396962087 0.00029592572780567564 -0.007786054709149318
leaf_weight=8.9745577269350179 8.0115837282646645 0.39085868904658072 1.7650221083313216 0.38510094700905106 0.54731913100113239 1.9529720566351896
leaf_count=409 4419 46 165 414 84 902
internal_value=-0.000101434 0.00929806 -0.0107219 0.0143372 -0.0143124 -0.00603469
internal_weight=22.0274 11.7035 10.3239 9.35966 8.5589 2.34383
internal_count=6439 1771 4668 823 4503 948
is_linear=0
shrinkage=0.025


Tree=111
num_leaves=7
num_cat=0
split_feature=21 19 7 6 13 26
split_gain=5.5592 2.63635 0.925663 0.89242 0.886074 0.348102
threshold=0.96155849099159252 0.28353358805179601 5.0748519897460946 4.6459898948669442 2.9715204238891606 -0.80531594157218922
decision_type=2 2 2 2 2 2
left_child=1 2 -1 5 -3 -2
right_child=3 4 -4 -5 -6 -7
leaf_value=-0.016710745707632049 0.014856012066197103 -0.0045079024889177928 0.00060135165563608023 -0.0020632979262145473 0.0083003722123056022 0
leaf_weight=8.0691928690212098 7.1191944655147381 1.004480268806218 1.0753155842539843 0.47951317758997891 3.1027966748661129 0.68051640724297424
leaf_count=5059 206 336 271 77 270 153
internal_value=-8.54033e-05 -0.00922123 -0.0147402 0.0120329 0.00372654 0.0138553
internal_weight=21.531 13.2518 9.14451 8.27922 4.10728 7.79971
internal_count=6372 5936 5330 436 606 359
is_linear=0
shrinkage=0.025


Tree=112
num_leaves=7
num_cat=0
split_feature=21 19 5 13 26 3
split_gain=5.59333 3.23872 0.886386 0.842369 0.626291 0.183927
threshold=0.96155849099159252 0.33886058628559118 4.4129984378814706 2.9715204238891606 -0.38688518106937403 1.1873994469642641
decision_type=2 2 2 2 2 2
left_child=1 4 5 -3 -1 -2
right_child=2 3 -4 -5 -6 -7
leaf_value=-0.016904581896353115 0 -0.003992186972871817 -0.002083929946378525 0.0087047270802110902 0.00020215675625636417 0.014284464625632954
leaf_weight=8.6713720264524436 0.31403936902643081 0.90969179847161186 0.47101592598482955 3.2203213913016953 0.56708578013058542 7.1005385018797824
leaf_count=5402 59 286 65 240 90 295
internal_value=-0.000617713 -0.00956913 0.0118972 0.00456878 -0.0157133 0.0137704
internal_weight=21.2541 13.3685 7.88559 4.13001 9.23846 7.41458
internal_count=6437 6018 419 526 5492 354
is_linear=0
shrinkage=0.025


Tree=113
num_leaves=7
num_cat=0
split_feature=21 27 6 24 5 24
split_gain=5.12552 2.22046 1.49722 0.672864 0.633917 0.531062
threshold=0.18308112770318988 0.22505828738212588 4.6459898948669442 -4.8159768581390372 -0.19943697750568387 -3.6844568252563472
decision_type=2 2 2 2 2 2
left_child=3 2 -2 -1 -5 -3
right_child=1 5 -4 4 -6 -7
leaf_value=0.0011020369663689862 0.015167517599681133 0.0024406661511379244 -0.0033627225548945512 0.00072228228521789594 -0.015024986636341048 -0.0078490797635752171
leaf_weight=0.60363756143488068 10.366893306505514 1.1783852462249336 0.77592427053605284 0.49761790351476598 6.4828671113937171 2.1464969867956825
leaf_count=31 765 117 247 101 4081 1105
internal_value=0.000379164 0.00854702 0.0128481 -0.0119105 -0.0135478 -0.00417592
internal_weight=22.0518 14.4677 11.1428 7.58412 6.98049 3.32488
internal_count=6447 2234 1012 4213 4182 1222
is_linear=0
shrinkage=0.025


Tree=114
num_leaves=6
num_cat=0
split_feature=22 6 26 24 26
split_gain=6.07325 2.9082 1.76945 0.178955 0.0876581
threshold=0.035654306411743171 3.3531315326690678 -0.88267394900321949 -5.3866918087005606 -1.1350832581520078
decision_type=2 2 2 2 2
left_child=4 2 -2 -3 -1
right_child=1 3 -4 -5 -6
leaf_value=0 0.016103463789093442 0 -0.0017888646568467463 -0.0083612317059538113 -0.014881069417132057
leaf_weight=0.37093823938630599 9.5119385204889095 0.43657271645497564 2.5548535882408023 1.9459417916368682 6.8408606200682716
leaf_count=87 320 28 821 707 4541
internal_value=-0.000587527 0.00797715 0.0125347 -0.00711518 -0.0144994
internal_weight=21.6611 14.4493 12.0668 2.38251 7.2118
internal_count=6504 1876 1141 735 4628
is_linear=0
shrinkage=0.025


Tree=115
num_leaves=7
num_cat=0
split_feature=27 5 24 27 21 23
split_gain=4.93575 2.40271 2.25239 0.534003 0.317931 0.113125
threshold=0.13023087382316592 4.1318278312683114 -3.6844568252563472 0.72317621111869823 -0.16138603538274762 -4.1026635169982901
decision_type=2 2 2 2 2 2
left_child=1 4 5 -4 -1 -2
right_child=2 -3 3 -5 -6 -7
leaf_value=0 0 -0.0052143481246940959 -0.015023260941108727 0.00021197492618230934 0.015519433179213993 0.0056968228446189284
leaf_weight=0.18192941081360903 0.30764406800153699 1.7711472158553077 8.8168638744391465 0.56682852804078798 7.7362342094565992 2.0066887615248552
leaf_count=111 96 737 4992 91 397 85
internal_value=-0.000107517 0.0102764 -0.00958439 -0.0139147 0.0149023 0.00462843
internal_weight=21.3873 9.68931 11.698 9.38369 7.91816 2.31433
internal_count=6509 1245 5264 5083 508 181
is_linear=0
shrinkage=0.025


Tree=116
num_leaves=7
num_cat=0
split_feature=21 13 27 24 5 21
split_gain=5.20478 2.19342 0.934113 0.788865 0.652515 0.316545
threshold=0.22165317088365558 3.0769628286361699 0.31481404602527624 -4.8159768581390372 -0.19943697750568387 1.7990581393241885
decision_type=2 2 2 2 2 2
left_child=3 5 -3 -1 -5 -2
right_child=1 2 -4 4 -6 -7
leaf_value=0.0013429074179501749 -0.0075684845730771277 0.014778793048197706 -0.00048977699251217524 0.00074386417031473877 -0.015250643109054357 0.0012228044540268019
leaf_weight=0.75663232157239768 1.6482080750574817 9.6062918029201665 1.7164344608900126 0.49813927701325234 6.6618060745386183 0.59414385730633501
leaf_count=35 734 667 615 101 4260 22
internal_value=0.000115852 0.00877171 0.0126403 -0.0118862 -0.0137756 -0.00514009
internal_weight=21.4817 13.5651 11.3227 7.91658 7.15995 2.24235
internal_count=6434 2038 1282 4396 4361 756
is_linear=0
shrinkage=0.025


Tree=117
num_leaves=7
num_cat=0
split_feature=22 17 7 6 12 25
split_gain=5.30484 3.08091 0.967956 0.865437 0.673342 0.365411
threshold=0.59452173113822948 0.66106122732162487 5.0748519897460946 3.7428938150405888 2.8849375247955327 1.0618014931678774
decision_type=2 2 2 2 2 2
left_child=1 2 -1 5 -3 -2
right_child=3 4 -4 -5 -6 -7
leaf_value=-0.017607311756475907 0.014259654178335713 -0.003460928563659134 0.00047288296409055646 -0.0020991755048130598 0.008027005215444246 0
leaf_weight=7.9803751207218756 6.8414400757319518 0.74204681951960028 1.0946319236390989 0.49878650970640581 3.1965162191772833 0.40194416072336014
leaf_count=5246 217 213 273 124 317 117
internal_value=-0.000842087 -0.00963145 -0.0155892 0.0114233 0.00443815 0.013342
internal_weight=20.7557 13.0136 9.07501 7.74217 3.93856 7.24338
internal_count=6507 6049 5519 458 530 334
is_linear=0
shrinkage=0.025


Tree=118
num_leaves=7
num_cat=0
split_feature=21 19 6 2 5 23
split_gain=5.04605 2.82525 1.0078 0.865154 0.702719 0.0513556
threshold=0.96155849099159252 0.19825292378664019 3.9379698038101201 1.0000000180025095e-35 4.4331030845642099 -6.053377389907836
decision_type=2 2 2 2 2 2
left_child=1 3 -3 -1 5 -2
right_child=4 2 -4 -5 -6 -7
leaf_value=0.00054079346739767387 0 0.0084074206372506087 -0.0048628991085753331 -0.016341378637831278 -0.0013859550442910575 0.014389880502335563
leaf_weight=1.0547030999005089 0.60707815186469805 4.0845827746816203 1.1547584336367434 7.2109996924700681 0.38003505091182876 7.1125532432197343
leaf_count=161 111 478 412 5014 57 252
internal_value=0.000523868 -0.00775855 0.00392583 -0.0143242 0.0125011 0.0139521
internal_weight=21.6047 13.505 5.23934 8.2657 8.09967 7.71963
internal_count=6485 6065 890 5175 420 363
is_linear=0
shrinkage=0.025


Tree=119
num_leaves=7
num_cat=0
split_feature=22 21 19 1 25 12
split_gain=4.85022 2.62841 0.826786 0.37629 0.374574 0.23605
threshold=0.72814291715621959 1.0145594477653506 0.24884600192308429 4.4613056182861337 -0.14555830508470533 2.6200177669525151
decision_type=2 2 2 2 2 2
left_child=1 2 -1 -3 5 -2
right_child=4 3 -4 -5 -6 -7
leaf_value=-0.015962185909362429 0 0.0075663990088823199 0 -0.0017767425301784827 -0.00011565235355803731 0.01372512477825855
leaf_weight=8.021536072832534 0.56501148469396856 2.6566094781155694 2.4339556080230969 0.39318206280586299 0.41851196372590393 5.8375166989426361
leaf_count=5357 59 120 592 94 109 153
internal_value=-0.000528442 -0.00863078 -0.0134623 0.00523003 0.0118502 0.0128882
internal_weight=20.3263 13.5053 10.4555 3.04979 6.82104 6.40253
internal_count=6484 6163 5949 214 321 212
is_linear=0
shrinkage=0.025


Tree=120
num_leaves=7
num_cat=0
split_feature=18 6 13 26 19 17
split_gain=4.82219 1.168 1.14512 0.703136 0.454858 0.0994504
threshold=0.14524345099925998 4.1021375656127939 4.4589073657989511 -0.79753479361534108 0.12518000602722171 1.3431324362754824
decision_type=2 2 2 2 2 2
left_child=2 3 -1 -2 -4 -3
right_child=1 5 4 -5 -6 -7
leaf_value=-0.01455896741351476 0.013740978732183254 -0.0043915995446902048 -0.0039123832792452625 -0.0001435685648432873 0.0051481784599544857 0.00031233212367893511
leaf_weight=5.5478502590704029 8.8201958153222204 1.0177408411836939 2.113866899744608 1.5628718263615144 1.6177902323397573 0.28890885529108334
leaf_count=3648 563 392 1219 407 215 9
internal_value=0.000167766 0.00946302 -0.0103175 0.0118774 0 -0.00293747
internal_weight=20.9692 11.6897 9.27951 10.3831 3.73166 1.30665
internal_count=6453 1371 5082 970 1434 401
is_linear=0
shrinkage=0.025


Tree=121
num_leaves=7
num_cat=0
split_feature=27 5 24 24 27 6
split_gain=4.35685 2.49629 1.17126 0.649844 0.537078 0.210569
threshold=0.16865636408329013 4.1318278312683114 -3.6844568252563472 0.45058451592922216 0.72317621111869823 3.9379698038101201
decision_type=2 2 2 2 2 2
left_child=1 3 -2 -1 -4 -3
right_child=2 5 4 -5 -6 -7
leaf_value=0.014899656751722355 0.0022127808640111115 0.00047902361145141085 -0.014377905122543595 -0.00094528931363898792 0.00041208588006181533 -0.0072862623031433541
leaf_weight=8.4237361007253639 1.6094904314086305 0.3859392796439346 7.1268381400441267 0.38056550260807931 0.53286085426225316 1.8254589606658553
leaf_count=427 165 46 4425 445 83 859
internal_value=0 0.00883638 -0.0101585 0.0136677 -0.0130989 -0.00567187
internal_weight=20.2849 11.0157 9.26919 8.8043 7.6597 2.2114
internal_count=6450 1777 4673 872 4508 905
is_linear=0
shrinkage=0.025


Tree=122
num_leaves=7
num_cat=0
split_feature=22 17 13 7 6 23
split_gain=4.37201 2.94437 1.01812 0.936987 0.534152 0.340435
threshold=0.72814291715621959 0.52575585246086132 4.1068921089172372 5.0748519897460946 3.9379698038101201 -5.753023386001586
decision_type=2 2 2 2 2 2
left_child=1 3 -3 -1 5 -2
right_child=4 2 -4 -5 -6 -7
leaf_value=-0.016635675374479887 0 -0.0042764700441855737 0.0090604198167642067 0.00071539643121623956 -0.00098260995577219333 0.013844364728089475
leaf_weight=7.3182093907817052 0.27774291599052947 1.5819401235348767 3.4284424822690198 1.0449548799806505 0.30917059810599301 6.022924414210137
leaf_count=5041 88 634 248 262 66 162
internal_value=-0.000192822 -0.00795325 0.00419242 -0.0145435 0.0116334 0.0129664
internal_weight=19.9834 13.3735 5.01038 8.36316 6.60984 6.30067
internal_count=6501 6185 882 5303 316 250
is_linear=0
shrinkage=0.025


Tree=123
num_leaves=7
num_cat=0
split_feature=22 17 2 13 13 23
split_gain=4.24694 3.11175 0.903662 0.757868 0.438808 0.214202
threshold=0.72814291715621959 0.66106122732162487 1.0000000180025095e-35 3.5632777214050297 2.9715204238891606 -6.3734893798828116
decision_type=2 2 2 2 2 2
left_child=1 2 -1 -3 -2 -6
right_child=4 3 -4 -5 5 -7
leaf_value=0.00072539776360343745 -0.00038542390378459217 -0.0031227177062598693 -0.016293739328837483 0.0089005926297021001 0 0.013414246414474107
leaf_weight=1.0119544429035174 0.47893146661226538 1.2286245014111035 7.8910892854619306 3.2301852708187653 0.26200386075652193 5.6132253673422383
leaf_count=156 84 386 5455 192 77 157
internal_value=-0.000354809 -0.0079311 -0.0143446 0.00502741 0.0115033 0.0127788
internal_weight=19.716 13.3619 8.90304 4.45881 6.35416 5.87523
internal_count=6507 6189 5611 578 318 234
is_linear=0
shrinkage=0.025


Tree=124
num_leaves=7
num_cat=0
split_feature=22 17 13 2 4 23
split_gain=4.1648 3.12862 1.28581 0.943036 0.37748 0.347654
threshold=0.72814291715621959 0.52575585246086132 3.5632777214050297 1.0000000180025095e-35 5.0989568233489999 -6.053377389907836
decision_type=2 2 2 2 2 2
left_child=1 3 -3 -1 5 -2
right_child=4 2 -4 -5 -6 -7
leaf_value=0.00077023977674436353 -9.7122374193850513e-06 -0.0054715830356867534 0.0095798713319811598 -0.016672380053473615 -0.00013855236658555535 0.013593731558934469
leaf_weight=1.012987172187424 0.30108113502501499 1.1868108515627671 4.0480239113676362 7.1501578351890203 0.45104072816320684 5.8663940815604283
leaf_count=161 89 552 342 5081 64 164
internal_value=0 -0.00754775 0.00455086 -0.0145627 0.0115684 0.012663
internal_weight=20.0165 13.398 5.23483 8.16315 6.61852 6.16748
internal_count=6453 6136 894 5242 317 253
is_linear=0
shrinkage=0.025


Tree=125
num_leaves=7
num_cat=0
split_feature=22 13 2 27 21 16
split_gain=4.16673 2.07276 1.10834 0.532613 0.448711 0.165715
threshold=0.035654306411743171 2.9715204238891606 1.5871604681015017 0.72317621111869823 1.7990581393241885 -1.1715217828750608
decision_type=2 2 2 2 2 2
left_child=3 5 -3 4 -1 -2
right_child=1 2 -4 -5 -6 -7
leaf_value=-0.01423386884279421 5.3553187765564267e-05 -0.0022635734387099708 0.013525316832081864 0.0007466881806837141 0.00040958830263002581 -0.0070678377487358628
leaf_weight=5.6568862210115212 0.50990451610414345 1.0595347227936134 10.219616082613355 0.48118176075513464 0.26575004775077093 1.6258162724116108
leaf_count=4548 22 356 865 70 9 578
internal_value=6.43099e-06 0.00756719 0.0114185 -0.0116574 -0.0131179 -0.00564556
internal_weight=19.8187 13.4149 11.2792 6.40382 5.92264 2.13572
internal_count=6448 1821 1221 4627 4557 600
is_linear=0
shrinkage=0.025


Tree=126
num_leaves=7
num_cat=0
split_feature=27 6 19 27 22 18
split_gain=4.14211 2.70875 0.823866 0.480453 0.210743 0.120668
threshold=0.16865636408329013 3.3531315326690678 0.56465518474578869 0.72317621111869823 -0.099321972578763948 0.67199945449829113
decision_type=2 2 2 2 2 2
left_child=1 4 3 -2 -1 -3
right_child=2 5 -4 -5 -6 -7
leaf_value=0 -0.014258301768105386 -0.0071239929712793859 0.0013690339245159406 0.00015523512724147177 0.014330780757841201 0
leaf_weight=0.40319666723371472 7.1527198546827986 2.0496204831870277 1.067648520809598 0.56795239829807531 7.1337421066418774 0.48641777236480255
leaf_count=196 4487 1262 135 92 246 76
internal_value=-0.00107781 0.00793725 -0.0109952 -0.0130624 0.0137208 -0.0061211
internal_weight=18.8613 10.073 8.78832 7.72067 7.53694 2.53604
internal_count=6494 1780 4714 4579 442 1338
is_linear=0
shrinkage=0.025


Tree=127
num_leaves=7
num_cat=0
split_feature=21 13 27 24 5 21
split_gain=3.98269 1.69485 1.0423 0.64665 0.627877 0.251399
threshold=0.18308112770318988 2.9715204238891606 0.31481404602527624 -4.8159768581390372 -0.19943697750568387 1.7990581393241885
decision_type=2 2 2 2 2 2
left_child=3 5 -3 -1 -5 -2
right_child=1 2 -4 4 -6 -7
leaf_value=0.0012450591915506056 -0.0064140780806223058 0.01384705331055117 -0.0011944190404975272 0.0010067788758436691 -0.013991293124295773 0.0011451787066648715
leaf_weight=0.68833438414731141 1.7470864916831481 9.3794354333513166 1.7625165498320701 0.44715380758862089 5.7206320362456617 0.59151350311003614
leaf_count=33 760 795 703 89 4147 26
internal_value=0.00066044 0.00800368 0.0114475 -0.0105371 -0.0123804 -0.00417287
internal_weight=20.3367 13.4806 11.142 6.85612 6.16779 2.3386
internal_count=6553 2284 1498 4269 4236 786
is_linear=0
shrinkage=0.025


Tree=128
num_leaves=7
num_cat=0
split_feature=27 13 22 27 24 20
split_gain=3.59574 3.04803 0.838216 0.458304 0.399745 0.0333217
threshold=0.16865636408329013 2.9715204238891606 0.83477169275283825 0.72317621111869823 0.19346694648265841 0.73600074648857128
decision_type=2 2 2 2 2 2
left_child=1 -1 3 -2 -3 -4
right_child=2 4 5 -5 -6 -7
leaf_value=-0.0078027726521471752 -0.013303096696964212 0.014466773125233265 0.0025122560950371297 0.00025606902214200426 0 0
leaf_weight=1.916972145394541 7.031292604209737 7.6672124803444586 0.95079655590234302 0.56633260165108357 0.5143336387554881 0.27943966299062595
leaf_count=1087 4491 347 32 95 363 87
internal_value=-0.000500664 0.00779474 -0.00982929 -0.0120958 0.0134969 0.00163878
internal_weight=18.9264 10.0985 8.82786 7.59763 8.18155 1.23024
internal_count=6502 1797 4705 4586 710 119
is_linear=0
shrinkage=0.025


Tree=129
num_leaves=7
num_cat=0
split_feature=21 6 5 24 27 26
split_gain=3.91728 1.43135 0.902449 0.884194 0.582649 0.156362
threshold=0.34867018461227423 3.065254926681519 0.21345505863428119 -4.8159768581390372 0.72317621111869823 -1.0102671384811399
decision_type=2 2 2 2 2 2
left_child=3 2 -2 -1 -5 -3
right_child=1 5 -4 4 -6 -7
leaf_value=0.0018145156906398477 -0.0021295917674603224 0.00031480718065012551 0.013085491869812721 -0.014696072849464531 0.00056309279720784212 -0.0056369386775890588
leaf_weight=0.84825443950831036 0.65321942412992839 1.0090366979275134 8.170099461800417 6.2483549435419281 0.51788857753854234 1.1487967834109429
leaf_count=39 219 177 619 4803 76 572
internal_value=-0.00048985 0.00758891 0.0111441 -0.011026 -0.013254 -0.00370485
internal_weight=18.5957 10.9812 8.82332 7.6145 6.76624 2.15783
internal_count=6505 1587 838 4918 4879 749
is_linear=0
shrinkage=0.025


Tree=130
num_leaves=7
num_cat=0
split_feature=22 17 12 6 10 23
split_gain=4.43407 3.07473 0.726944 0.567186 0.429206 0.267393
threshold=0.72814291715621959 0.66106122732162487 3.0119251012802128 3.9379698038101201 7.0104670524597177 -6.3734893798828116
decision_type=2 2 2 2 2 2
left_child=1 4 -3 5 -1 -2
right_child=3 2 -4 -5 -6 -7
leaf_value=-0.016291270141797327 0 -0.0036294862353345781 0.00823290236557973 -0.0012220229652157462 0 0.01323837845574774
leaf_weight=7.9856573270953977 0.2735771660809404 0.80525227273756073 3.3016240511788055 0.34249763315892767 0.33776557058445167 5.7080620105552944
leaf_count=5577 83 243 324 69 25 171
internal_value=-0.00117935 -0.00909346 0.00450499 0.010971 -0.0154448 0.0124768
internal_weight=18.7544 12.4303 4.10688 6.32414 8.32342 5.98164
internal_count=6492 6169 567 323 5602 254
is_linear=0
shrinkage=0.025


Tree=131
num_leaves=7
num_cat=0
split_feature=26 22 5 13 22 25
split_gain=3.69286 1.87952 1.57757 0.513556 0.237688 0.115291
threshold=-0.99703708291053761 0.75734731554985057 4.497793674468995 5.4390077590942392 -0.25619027018547053 -0.24053782969713208
decision_type=2 2 2 2 2 2
left_child=2 3 4 -2 -1 -3
right_child=1 5 -4 -5 -6 -7
leaf_value=0 -0.014186825806325585 0.0055866880591763039 -0.0041805484591748224 0 0.014057102913819603 -2.9582656004309728e-05
leaf_weight=0.15343846369069059 6.7884698761336022 2.0419329794094669 1.0418919139483476 1.7901720533845944 6.7017964872502516 0.30008010817982622
leaf_count=182 4733 94 497 570 291 95
internal_value=0 -0.00802257 0.00997533 -0.012292 0.0135098 0.00448573
internal_weight=18.8178 10.9207 7.89713 8.57864 6.85523 2.34201
internal_count=6462 5492 970 5303 473 189
is_linear=0
shrinkage=0.025


Tree=132
num_leaves=7
num_cat=0
split_feature=21 13 3 5 24 21
split_gain=3.74462 1.49305 0.819542 0.518259 0.367028 0.255464
threshold=0.18308112770318988 2.9715204238891606 1.1048359870910647 -0.19943697750568387 -4.8159768581390372 1.7990581393241885
decision_type=2 2 2 2 2 2
left_child=3 5 -3 -1 -5 -2
right_child=1 2 -4 4 -6 -7
leaf_value=0.00087498936299898868 -0.0062351972793186659 -0.0014890082898998359 0.012622291486157853 0 -0.013469966241986559 0.0012963493262464249
leaf_weight=0.47311491936852768 1.7243063540663564 1.037397565494756 9.6509088717575633 0.44816361239645708 5.3495267082616929 0.56612617417704303
leaf_count=99 761 335 1135 33 4090 21
internal_value=0.000261939 0.00750757 0.0108162 -0.0108577 -0.0123558 -0.00390398
internal_weight=19.2495 12.9787 10.6883 6.27081 5.79769 2.29043
internal_count=6474 2252 1470 4222 4123 782
is_linear=0
shrinkage=0.025


Tree=133
num_leaves=7
num_cat=0
split_feature=21 22 6 17 4 23
split_gain=4.54403 2.38156 0.665927 0.60348 0.0899324 0.084037
threshold=0.96155849099159252 0.72814291715621959 4.6459898948669442 0.66106122732162487 4.7064754962921151 -6.3734893798828116
decision_type=2 2 2 2 2 2
left_child=1 3 5 -1 -3 -2
right_child=2 4 -4 -5 -6 -7
leaf_value=-0.015825327349056905 0 0.0058532457168820502 -0.0015924285190969071 0 0 0.012944914353616235
leaf_weight=7.5418743808550079 0.56806829229753919 1.8500224565214005 0.42381276763626363 1.3223020417644873 0.46491976303514082 6.0637751947360803
leaf_count=5547 117 85 76 394 71 229
internal_value=-0.000742402 -0.00947937 0.0107724 -0.0141191 0.00493954 0.0124447
internal_weight=18.2348 11.1791 7.05566 8.86418 2.31494 6.63184
internal_count=6519 6097 422 5941 156 346
is_linear=0
shrinkage=0.025


Tree=134
num_leaves=7
num_cat=0
split_feature=21 19 13 7 13 20
split_gain=3.0953 1.95531 0.914979 0.901333 0.654843 0.241682
threshold=0.96155849099159252 0.19825292378664019 3.0566053390502934 5.0748519897460946 2.2609025239944462 1.5472281575202944
decision_type=2 2 2 2 2 2
left_child=1 3 -3 -1 -2 -6
right_child=4 2 -4 -5 5 -7
leaf_value=-0.015358423533532121 -0.0018320096620291285 -0.0049371116918017766 0.0077976305771777768 0.0010866242507057259 0.01225076644431086 0
leaf_weight=5.925047017764884 0.45632479092455369 1.1485190550883997 3.342410673503764 0.97218686252017494 5.6170437742985087 0.42178936641721509
leaf_count=4837 97 480 395 261 222 103
internal_value=-0.00018224 -0.00734413 0.00299708 -0.0130326 0.00956373 0.0114308
internal_weight=17.8833 11.3882 4.49093 6.89723 6.49516 6.03883
internal_count=6395 5973 875 5098 422 325
is_linear=0
shrinkage=0.025


Tree=135
num_leaves=7
num_cat=0
split_feature=26 13 24 24 19 18
split_gain=3.93016 2.01948 0.67767 0.344869 0.222116 0.171222
threshold=-0.93536394834518422 2.9715204238891606 -3.6844568252563472 0.19346694648265841 0.40106500685215002 0.54179316759109508
decision_type=2 2 2 2 2 2
left_child=1 5 -2 -3 -4 -1
right_child=2 3 4 -5 -6 -7
leaf_value=-0.006634935653651728 0.00053987706373609813 0.013414059585950794 -0.013945649144642842 0 0 0.00023283889427834367
leaf_weight=1.6782627865177366 1.2651013704162322 6.8803767601784784 6.3569041562586772 0.49017974504386064 0.53416573919821519 0.54093562706839282
leaf_count=992 164 347 4341 360 128 95
internal_value=-0.00131103 0.0076206 -0.0111927 0.0124653 -0.0131936 -0.00509332
internal_weight=17.7459 9.58975 8.15617 7.37056 6.89107 2.2192
internal_count=6427 1794 4633 707 4469 1087
is_linear=0
shrinkage=0.025


Tree=136
num_leaves=7
num_cat=0
split_feature=22 17 12 27 13 23
split_gain=3.58786 2.92456 0.85325 0.666337 0.335463 0.352765
threshold=0.72814291715621959 0.52575585246086132 3.0119251012802128 0.72317621111869823 3.0566053390502934 -6.053377389907836
decision_type=2 2 2 2 2 2
left_child=1 3 -3 -1 -2 -6
right_child=4 2 -4 -5 5 -7
leaf_value=-0.015854395495049443 0 -0.0040936960803578002 0.0084961243660569997 0.00066886405916107049 -0.00012522293259212741 0.012979269273847661
leaf_weight=6.7352132450469089 0.51841824394068581 0.91031400275824115 3.8853489145840285 0.49801402259618033 0.30869123214506533 5.4320096322917379
leaf_count=5290 88 303 563 81 89 157
internal_value=0 -0.00733056 0.00459857 -0.0143975 0.0108577 0.0119624
internal_weight=18.288 12.0289 4.79566 7.23323 6.25912 5.7407
internal_count=6571 6237 866 5371 334 246
is_linear=0
shrinkage=0.025


Tree=137
num_leaves=7
num_cat=0
split_feature=21 22 13 27 23 13
split_gain=3.75927 2.24536 0.610592 0.521188 0.349876 0.0398665
threshold=0.96155849099159252 0.75734731554985057 2.2260850667953496 0.72317621111869823 -6.053377389907836 3.0566053390502934
decision_type=2 2 2 2 2 2
left_child=1 3 -2 -1 -4 -3
right_child=2 5 4 -5 -6 -7
leaf_value=-0.013785183540759076 -0.0014440952424987228 0 0 0.00045733601045821679 0.013145920757724514 0.0059795838129356304
leaf_weight=8.1928404203936225 0.39422406698577006 0.38795765710528884 0.40439795354905061 0.53398830888909365 6.2120256465423154 1.9018539588432757
leaf_count=5804 87 67 104 93 215 65
internal_value=0 -0.00790545 0.0105963 -0.0126092 0.0121645 0.00551675
internal_weight=18.0273 11.0166 7.01065 8.72683 6.61642 2.28981
internal_count=6435 6029 406 5897 319 132
is_linear=0
shrinkage=0.025


Tree=138
num_leaves=7
num_cat=0
split_feature=21 22 17 13 2 13
split_gain=3.20664 2.22272 0.953822 0.706881 0.265218 0.0687265
threshold=0.98096084594726574 0.75734731554985057 0.75372496247291576 2.2260850667953496 1.5871604681015017 3.0566053390502934
decision_type=2 2 2 2 2 2
left_child=1 2 -1 -2 -5 -3
right_child=3 5 -4 4 -6 -7
leaf_value=-0.014041657888939133 -0.0018446264295050186 0 0.0013383826461598168 0 0.012831900623751891 0.0065186022820201174
leaf_weight=7.6821484337997408 0.45742359114228648 0.41635728569235597 1.2635716776130719 0.12128330877749238 5.9920860882557463 2.0547108350292547
leaf_count=5712 99 74 248 23 267 66
internal_value=0 -0.00690711 -0.0117201 0.0102722 0.0121633 0.005863
internal_weight=17.9876 11.4168 8.94572 6.57079 6.11337 2.47107
internal_count=6489 6100 5960 389 290 140
is_linear=0
shrinkage=0.025


Tree=139
num_leaves=7
num_cat=0
split_feature=21 19 13 6 27 26
split_gain=3.48422 1.35866 0.651524 0.582399 0.55912 0.173457
threshold=0.98096084594726574 0.19825292378664019 2.9715204238891606 4.6459898948669442 0.72317621111869823 -0.80531594157218922
decision_type=2 2 2 2 2 2
left_child=1 4 -3 5 -1 -2
right_child=3 2 -4 -5 -6 -7
leaf_value=-0.014453210137922915 0.012153083458392857 -0.0047102759373419513 0.0060782356613431465 -0.0015229429294829648 0.00051060418455419604 0
leaf_weight=5.9060539611164149 5.4663358119432814 1.1212847367278302 2.8115658468814217 0.40951631212374184 0.527220083400607 0.60095181735232372
leaf_count=5037 194 480 433 67 83 130
internal_value=-0.000550151 -0.00845416 0.00138787 0.00972751 -0.0129932 0.0113966
internal_weight=16.8429 10.3661 3.93285 6.4768 6.43327 6.06729
internal_count=6424 6033 913 391 5120 324
is_linear=0
shrinkage=0.025


Tree=140
num_leaves=6
num_cat=0
split_feature=21 26 6 14 24
split_gain=3.08495 1.91175 0.915714 0.469861 0.0586171
threshold=0.0038791496772319083 -0.93153336644172657 4.6459898948669442 0.33235298097133642 -4.8159768581390372
decision_type=2 2 2 2 2
left_child=4 2 -2 -3 -1
right_child=1 3 -4 -5 -6
leaf_value=0 0.013564154814049401 0.0016556646672638198 -0.002130764559175621 -0.0071408971009773213 -0.011671833397170161
leaf_weight=0.20437410875456397 7.7875971937828581 3.0714738628812457 0.5735164387806434 2.3770950511243427 4.1727843007392975
leaf_count=20 684 1355 262 1009 3177
internal_value=0.000134167 0.00616766 0.0116253 -0.00316459 -0.0113735
internal_weight=18.1868 13.8097 8.36111 5.44857 4.37716
internal_count=6507 3310 946 2364 3197
is_linear=0
shrinkage=0.025


Tree=141
num_leaves=7
num_cat=0
split_feature=22 13 26 5 21 26
split_gain=3.31894 1.64704 0.979018 0.501635 0.122876 0.0901841
threshold=0.035654306411743171 2.9715204238891606 -0.79753479361534108 -0.19943697750568387 1.3374243378639223 -1.1350832581520078
decision_type=2 2 2 2 2 2
left_child=3 4 -3 -1 -2 -5
right_child=1 2 -4 5 -6 -7
leaf_value=0.00096643491737548022 -0.006037626382697104 0.013316804112514466 -0.0012335985272214185 0 0 -0.012205323667823845
leaf_weight=0.45670348774001546 1.3837760064488964 8.8478609482117445 1.7163182313670393 0.29458321837592016 0.50998487812466908 4.8676922259837747
leaf_count=85 562 657 601 84 36 4437
internal_value=0.000704451 0.00749457 0.0109144 -0.0102018 -0.00475564 -0.0117943
internal_weight=18.0769 12.4579 10.5642 5.61898 1.89376 5.16228
internal_count=6462 1856 1258 4606 598 4521
is_linear=0
shrinkage=0.025


Tree=142
num_leaves=7
num_cat=0
split_feature=27 12 18 0 14 26
split_gain=3.63896 1.81483 0.339523 0.168777 0.0697145 0.0664151
threshold=0.16325903683900836 2.8108036518096928 0.45582196116447454 2.6350128650665288 1.6935515403747561 -0.94541674852371205
decision_type=2 2 2 2 2 2
left_child=1 5 4 -3 -2 -1
right_child=2 3 -4 -5 -6 -7
leaf_value=-0.0058066590594068289 -0.012228341239267174 0 0 0.01265989688708977 0 0
leaf_weight=1.4106845925052764 5.9788503500021744 0.25558981113135804 1.5394886963913448 7.2579956193949329 0.5067427384055917 0.1365004381514171
leaf_count=680 4305 96 306 914 160 11
internal_value=-0.000708324 0.00799833 -0.0103152 0.0121889 -0.0117958 -0.00516472
internal_weight=17.0859 9.06077 8.02508 7.51359 6.48559 1.54719
internal_count=6472 1701 4771 1010 4465 691
is_linear=0
shrinkage=0.025


Tree=143
num_leaves=7
num_cat=0
split_feature=27 5 27 21 24 6
split_gain=3.64095 1.96059 0.590514 0.583339 0.359591 0.104888
threshold=0.16865636408329013 4.0395302772521982 0.72317621111869823 0.96155849099159252 0.19346694648265841 3.9379698038101201
decision_type=2 2 2 2 2 2
left_child=1 4 3 -2 -1 -3
right_child=2 5 -4 -5 -6 -7
leaf_value=0.014130178964791016 -0.013411041281506667 0 0.0013284902174286869 0 0 -0.0058688865447106345
leaf_weight=7.1623183368938061 5.3583603898587162 0.28061026752402529 0.71277063942397934 1.7603630442317806 0.48085378878749896 1.4888358091411644
leaf_count=363 4325 52 97 248 445 908
internal_value=3.59744e-05 0.00887877 -0.00942338 -0.0111196 0.013202 -0.00483033
internal_weight=17.2441 9.41262 7.83149 7.11872 7.64317 1.76945
internal_count=6438 1768 4670 4573 808 960
is_linear=0
shrinkage=0.025


Tree=144
num_leaves=6
num_cat=0
split_feature=22 13 3 26 19
split_gain=3.40068 1.94189 1.05184 0.0806332 0.0658257
threshold=0.035654306411743171 2.9715204238891606 1.1048359870910647 -1.1350832581520078 0.33886058628559118
decision_type=2 2 2 2 2
left_child=3 -2 -3 -1 -5
right_child=1 2 -4 4 -6
leaf_value=0 -0.0067275388658800065 -0.0028331990522418343 0.012400110046156182 -0.012899465103995263 0
leaf_weight=0.28300423629116345 1.5466500597685797 0.78588760799902857 8.9009220261505089 4.7813721572601953 0.32728457459597837
leaf_count=80 591 388 839 4410 149
internal_value=-0.000955072 0.00612547 0.0101949 -0.0121579 -0.0125275
internal_weight=16.6251 11.2335 9.68681 5.39166 5.10866
internal_count=6457 1818 1227 4639 4559
is_linear=0
shrinkage=0.025


Tree=145
num_leaves=7
num_cat=0
split_feature=21 19 12 6 12 23
split_gain=3.66739 1.92717 0.708981 0.588964 0.445003 0.162173
threshold=0.96155849099159252 0.24884600192308429 2.8849375247955327 3.5766773223876958 7.2158763408660898 -6.3734893798828116
decision_type=2 2 2 2 2 2
left_child=1 4 -2 -3 -1 -4
right_child=2 3 5 -5 -6 -7
leaf_value=-0.015562016194122653 -0.0020241817476064007 0.006497469575260444 0 -0.0038964176215257329 0.00013632254950066963 0.012256324865168665
leaf_weight=6.1812662759693939 0.49511521167005312 2.8056026834819936 0.563645106187323 0.94934400697820809 0.300771462774719 5.4079345564241521
leaf_count=5289 98 309 111 424 15 220
internal_value=-0.0011041 -0.00915502 0.00953038 0.00243126 -0.0145471 0.0115439
internal_weight=16.7037 10.237 6.46669 3.75495 6.48204 5.97158
internal_count=6466 6037 429 733 5304 331
is_linear=0
shrinkage=0.025


Tree=146
num_leaves=6
num_cat=0
split_feature=22 21 2 11 6
split_gain=3.02733 1.77157 0.675522 0.360106 0.265619
threshold=0.83477169275283825 0.98096084594726574 1.0000000180025095e-35 2.2299132347106938 4.1751887798309335
decision_type=2 2 2 2 2
left_child=1 2 -1 -2 -3
right_child=3 4 -4 -5 -6
leaf_value=0.00059613149113326791 -0.00052779269090468537 0.0061971839303551247 -0.013679760629322486 0.011287414400748876 -0.0014482032749372029
leaf_weight=1.0369976681249662 0.27013334273942824 2.3759893347014436 7.2539958105480764 4.6552890106249833 0.40502229641424481
leaf_count=178 55 153 5756 181 93
internal_value=-0.000652384 -0.00746018 -0.0118714 0.0100703 0.00406538
internal_weight=15.9974 11.072 8.29099 4.92542 2.78101
internal_count=6416 6180 5934 236 246
is_linear=0
shrinkage=0.025


Tree=147
num_leaves=7
num_cat=0
split_feature=21 19 7 12 13 23
split_gain=3.30181 1.16723 0.86596 0.70702 0.544221 0.214158
threshold=0.96155849099159252 0.24884600192308429 5.0748519897460946 2.8849375247955327 2.9715204238891606 -6.3734893798828116
decision_type=2 2 2 2 2 2
left_child=1 2 -1 -2 -3 -5
right_child=3 4 -4 5 -6 -7
leaf_value=-0.014289439351476311 -0.0018995565751902235 -0.0041155797621999311 0.0013549268582164248 0 0.0058843675968984627 0.012687395414594103
leaf_weight=5.4718520600799838 0.45871667060418886 0.96841527371725566 0.92363561777165148 0.33327245134569228 2.5161835369217442 5.6858798311877763
leaf_count=5037 89 400 262 109 331 221
internal_value=0 -0.00777524 -0.0118785 0.0100707 0.00158104 0.0119981
internal_weight=16.358 9.88009 6.39549 6.47787 3.4846 6.01915
internal_count=6449 6030 5299 419 731 330
is_linear=0
shrinkage=0.025


Tree=148
num_leaves=7
num_cat=0
split_feature=27 6 22 27 21 12
split_gain=2.89732 1.58259 1.01756 0.485063 0.253993 0.0735825
threshold=0.13023087382316592 4.1021375656127939 0.75734731554985057 0.72317621111869823 -0.16138603538274762 3.4709013700485234
decision_type=2 2 2 2 2 2
left_child=1 4 3 -2 -1 -4
right_child=2 -3 5 -5 -6 -7
leaf_value=0 -0.012859064179592806 -0.0047049227388904352 -0.0002764801468896773 0.00052441858671022231 0.013099265868225268 0.0035015352931663832
leaf_weight=0.16100926177750796 6.5363508782611444 1.1868685246008679 0.1558378889603772 0.52867587516084302 5.6338990519579975 1.5574506379489319
leaf_count=132 4957 754 37 94 315 133
internal_value=-0.000610184 0.0082412 -0.00853963 -0.0115373 0.0124228 0.00227693
internal_weight=15.7601 6.98178 8.77832 7.06503 5.79491 1.71329
internal_count=6422 1201 5221 5051 447 170
is_linear=0
shrinkage=0.025


Tree=149
num_leaves=7
num_cat=0
split_feature=22 17 12 5 10 5
split_gain=2.88726 2.69601 0.734804 0.471501 0.412691 0.0939561
threshold=0.72814291715621959 0.52575585246086132 3.0119251012802128 4.497793674468995 7.0104670524597177 0.37214681506156927
decision_type=2 2 2 2 2 2
left_child=1 4 -3 5 -1 -2
right_child=3 2 -4 -5 -6 -7
leaf_value=-0.015410373139752199 0 -0.0037737264661217677 0.0079501758685991356 -0.0011355743141481184 0 0.011546906002773921
leaf_weight=6.0414586095575959 0.31292339859646645 0.85693142733362027 3.7191774265957065 0.31527955655474205 0.32544053383753624 4.7660952054720838
leaf_count=5259 68 293 575 70 23 180
internal_value=-0.000506304 -0.00732076 0.00427799 0.00958811 -0.0144218 0.011107
internal_weight=16.3373 10.943 4.57611 5.3943 6.3669 5.07902
internal_count=6468 6150 868 318 5282 248
is_linear=0
shrinkage=0.025


Tree=150
num_leaves=7
num_cat=0
split_feature=27 6 18 24 21 19
split_gain=3.47815 1.71249 0.824982 0.464572 0.149488 0.122275
threshold=0.16865636408329013 4.1021375656127939 0.46757680177688604 0.19346694648265841 1.7990581393241885 0.54313117265701305
decision_type=2 2 2 2 2 2
left_child=1 3 5 -1 -3 -2
right_child=2 4 -4 -5 -6 -7
leaf_value=0.013295527917747013 -0.013590527934747307 -0.0060001231311951203 0.0009153404686582054 -0.00058085209941846291 0.00035149242275917501 0
leaf_weight=6.850118732130797 5.2103577718953593 1.5463394239486659 1.6675085774040779 0.31274183169443848 0.25746179156703863 0.47426646480744228
leaf_count=389 4296 992 283 414 4 97
internal_value=-0.000452869 0.00793223 -0.0102566 0.0121861 -0.00458286 -0.0130135
internal_weight=16.3188 8.96666 7.35213 7.16286 1.8038 5.68462
internal_count=6475 1799 4676 803 996 4393
is_linear=0
shrinkage=0.025


Tree=151
num_leaves=7
num_cat=0
split_feature=27 6 27 18 22 26
split_gain=2.3958 2.02242 0.568359 0.535214 0.379641 0.0674063
threshold=0.16865636408329013 3.9379698038101201 0.72317621111869823 0.46757680177688604 0.035654306411743171 -0.36014892160892481
decision_type=2 2 2 2 2 2
left_child=1 4 3 -2 -1 -4
right_child=2 -3 5 -5 -6 -7
leaf_value=-0.00012069193514942351 -0.012950813486675473 -0.0064724600395484654 0.0030525448429910554 0 0.012659483912080969 -0.0005288024672951392
leaf_weight=0.48154490224987956 5.1170890323191998 1.6026903817692071 0.42250964109553024 1.3971273321658371 5.8196069337718654 0.28492868086323131
leaf_count=411 4314 1060 23 275 277 76
internal_value=-0.00120071 0.00628289 -0.00912219 -0.0108775 0.0115085 0.00131544
internal_weight=15.1255 7.90384 7.22165 6.51422 6.30115 0.707438
internal_count=6436 1748 4688 4589 688 99
is_linear=0
shrinkage=0.025


Tree=152
num_leaves=7
num_cat=0
split_feature=21 19 13 21 24 26
split_gain=3.2397 2.05529 0.505407 0.27912 0.249972 0.235364
threshold=0.96155849099159252 0.28353358805179601 2.2260850667953496 0.18308112770318988 -3.6844568252563472 -0.80531594157218922
decision_type=2 2 2 2 2 2
left_child=1 4 -2 -3 -1 -4
right_child=2 3 5 -5 -6 -7
leaf_value=0 -0.0013212804394242305 -0.0015809909414316011 0.011784972422398321 0.0057003444606171412 -0.015028176910145123 0
leaf_weight=0.18924866337329049 0.38000451054540541 1.0794605906412473 5.1720924673863919 2.4751303142256802 5.7774598126634364 0.62536065140739072
leaf_count=9 84 443 190 184 5364 133
internal_value=-0.000737209 -0.00861161 0.00926351 0.00312689 -0.0144119 0.0108267
internal_weight=15.6988 9.5213 6.17746 3.55459 5.96671 5.79745
internal_count=6407 6000 407 627 5373 323
is_linear=0
shrinkage=0.025


Tree=153
num_leaves=7
num_cat=0
split_feature=26 5 26 21 22 6
split_gain=2.52455 1.75632 0.521863 0.392978 0.385266 0.10197
threshold=-0.93153336644172657 4.0395302772521982 -0.38688518106937403 0.98096084594726574 -0.099321972578763948 3.9379698038101201
decision_type=2 2 2 2 2 2
left_child=1 4 3 -2 -1 -3
right_child=2 5 -4 -5 -6 -7
leaf_value=-6.4419893677417585e-05 -0.011748782976811886 0 0.0014096891261162401 0 0.01292031196010561 -0.005993282412998408
leaf_weight=0.50547965290752461 4.9595818031739318 0.2698519569239578 0.69195049381232987 1.4942050597455816 6.5757238119040249 1.4968075084034351
leaf_count=453 4307 51 100 222 416 928
internal_value=0 0.00742552 -0.00818802 -0.0099289 0.011833 -0.00500685
internal_weight=15.9936 8.84786 7.14574 6.45379 7.0812 1.76666
internal_count=6477 1848 4629 4529 869 979
is_linear=0
shrinkage=0.025


Tree=154
num_leaves=6
num_cat=0
split_feature=21 13 25 22 16
split_gain=2.24174 1.37583 0.657184 0.357197 0.0433253
threshold=0.0038791496772319083 3.5500662326812749 2.6934379339218144 0.75734731554985057 1.4034280180931094
decision_type=2 2 2 2 2
left_child=4 3 -3 -2 -1
right_child=1 2 -4 -5 -6
leaf_value=-0.01044165888913786 -0.0067276009280956275 0.011579574105376009 -0.0010616604627077793 0.0017299483275760358 0
leaf_weight=3.4883226882157046 2.1685553817733303 7.282386101644077 1.1881189031482788 1.0989329225049003 0.2122369479475309
leaf_count=3095 1416 1107 670 69 65
internal_value=0 0.00548027 0.00960655 -0.0038012 -0.0101615
internal_weight=15.4386 11.738 8.47051 3.26749 3.70056
internal_count=6422 3262 1777 1485 3160
is_linear=0
shrinkage=0.025


Tree=155
num_leaves=7
num_cat=0
split_feature=21 19 7 5 13 16
split_gain=2.85961 0.962986 0.717457 0.557624 0.257579 0.222638
threshold=0.96155849099159252 0.44308857619762426 5.0748519897460946 4.4129984378814706 2.9715204238891606 0.7263217866420747
decision_type=2 2 2 2 2 2
left_child=1 2 -1 5 -3 -2
right_child=3 4 -4 -5 -6 -7
leaf_value=-0.012868719897712655 0.011886580094431817 -0.0022164313949818728 0.0011540667163093899 -0.0015197802102666523 0.0049066410956327289 0
leaf_weight=5.979546058115373 5.31128374337277 0.54904190810339093 0.94580437515105575 0.40133998249075364 1.7864081948646342 0.51979030108486757
leaf_count=5304 228 205 277 60 150 139
internal_value=0 -0.00751581 -0.0107486 0.00934874 0.0020107 0.0110301
internal_weight=15.4932 9.2608 6.92535 6.23241 2.33545 5.83107
internal_count=6363 5936 5581 427 355 367
is_linear=0
shrinkage=0.025


Tree=156
num_leaves=6
num_cat=0
split_feature=21 13 27 27 24
split_gain=2.46916 1.32143 0.55318 0.336165 0.144116
threshold=0.0038791496772319083 3.5772831439971928 0.22345938533544543 0.10150882229208948 -4.8159768581390372
decision_type=2 2 2 2 2
left_child=4 3 -3 -2 -1
right_child=1 2 -4 -5 -6
leaf_value=0 0.0017595351081979495 0.012741743453462909 0 -0.006096840204195729 -0.010455408639088443
leaf_weight=0.27783416237798553 1.6437751114863197 6.1970922923283052 2.8279083063171129 2.0126729843468638 3.5493910845252712
leaf_count=23 322 420 1377 1204 3169
internal_value=0.000931432 0.00636963 0.0102452 -0.00286667 -0.00978115
internal_weight=16.5087 12.6814 9.025 3.65645 3.82723
internal_count=6515 3323 1797 1526 3192
is_linear=0
shrinkage=0.025


Tree=157
num_leaves=7
num_cat=0
split_feature=21 19 12 27 12 3
split_gain=2.32633 1.74146 0.603531 0.560076 0.524339 0.250901
threshold=0.96155849099159252 0.19825292378664019 2.6200177669525151 0.72317621111869823 2.8849375247955327 1.1048359870910647
decision_type=2 2 2 2 2 2
left_child=1 3 -3 -1 -2 -6
right_child=4 2 -4 -5 5 -7
leaf_value=-0.013664935545116573 -0.0012066147312751352 -0.0035573529470469055 0.0069773917636149667 0.00074207344876924463 -8.198531909686239e-06 0.01158024358161744
leaf_weight=5.085193036029521 0.61665743225603442 0.90648528498422809 3.3324098912053159 0.49467497534351412 0.12563974744989526 5.2894027197544347
leaf_count=5081 97 391 491 85 48 275
internal_value=0.000154702 -0.00609761 0.00334207 -0.0120499 0.0090498 0.0108364
internal_weight=15.8505 9.81876 4.2389 5.57987 6.0317 5.41504
internal_count=6468 6048 882 5166 420 323
is_linear=0
shrinkage=0.025


Tree=158
num_leaves=7
num_cat=0
split_feature=26 22 13 27 21 25
split_gain=2.12186 1.19582 0.852144 0.460679 0.28338 0.100865
threshold=-1.0023156404495237 0.75734731554985057 2.2260850667953496 0.72317621111869823 0.041212081909179694 -0.24053782969713208
decision_type=2 2 2 2 2 2
left_child=2 3 -1 -2 -4 -3
right_child=1 5 4 -5 -6 -7
leaf_value=-0.0028433382567914283 -0.011776225828878528 0.004564497897289947 -8.8935838799628891e-05 0.00069635905510847694 0.011605248328596491 -0.00021122297418473446
leaf_weight=0.77363544518448257 6.5472931608237541 1.8295723748233288 0.22031143739877723 0.49737837849534106 4.9605248925436172 0.29915701207937662
leaf_count=440 5200 99 198 92 269 94
internal_value=-0.000168295 -0.00676275 0.00787018 -0.0104532 0.0106946 0.0033392
internal_weight=15.1279 9.1734 5.95447 7.04467 5.18084 2.12873
internal_count=6392 5485 907 5292 467 193
is_linear=0
shrinkage=0.025


Tree=159
num_leaves=7
num_cat=0
split_feature=21 19 7 6 12 3
split_gain=2.32026 1.50261 0.78204 0.572518 0.366809 0.280785
threshold=0.96155849099159252 0.36729109287261968 5.0748519897460946 4.6459898948669442 2.4627940654754643 1.1048359870910647
decision_type=2 2 2 2 2 2
left_child=1 2 -1 5 -3 -2
right_child=3 4 -4 -5 -6 -7
leaf_value=-0.012821834931680029 0 -0.0020611760379667604 0.0015430826958404977 -0.0015400358855384207 0.0067118067822886573 0.01196782025711525
leaf_weight=5.6114615891783597 0.23683927149977613 0.55856724540353786 0.87146119114186138 0.42582113662501786 2.4874517158459639 5.6439056935269036
leaf_count=5298 53 221 260 78 245 310
internal_value=0.000880575 -0.00564054 -0.0105155 0.00942358 0.00404512 0.0111347
internal_weight=15.8355 9.52894 6.48292 6.30657 3.04602 5.88074
internal_count=6465 6024 5558 441 466 363
is_linear=0
shrinkage=0.025


Tree=160
num_leaves=7
num_cat=0
split_feature=26 22 6 27 21 25
split_gain=2.44511 1.45524 0.973923 0.541715 0.23082 0.096667
threshold=-1.0023156404495237 0.75734731554985057 4.6459898948669442 0.72317621111869823 -0.16138603538274762 -0.65154406428337086
decision_type=2 2 2 2 2 2
left_child=2 3 4 -2 -1 -3
right_child=1 5 -4 -5 -6 -7
leaf_value=0 -0.013182239911777119 0.0047376886420611129 -0.0031053255165793127 0.00076724385202881385 0.011965237242058056 -6.9544461030094509e-05
leaf_weight=0.18238814451615315 5.9455473816997237 1.9315265497425573 0.82236662482318923 0.48615229557617556 5.2871118723924164 0.29140893611474883
leaf_count=149 5246 101 466 91 304 97
internal_value=-7.5238e-05 -0.00742284 0.00828964 -0.0117067 0.0112647 0.0036303
internal_weight=14.9465 8.65464 6.29187 6.4317 5.4695 2.22294
internal_count=6454 5535 919 5337 453 198
is_linear=0
shrinkage=0.025


Tree=161
num_leaves=7
num_cat=0
split_feature=22 17 13 26 6 16
split_gain=2.28655 1.91649 0.681391 0.627647 0.476177 0.277252
threshold=0.72814291715621959 0.52575585246086132 4.2391607761383066 -0.38688518106937403 3.9379698038101201 0.57674682140350353
decision_type=2 2 2 2 2 2
left_child=1 3 -3 -1 5 -2
right_child=4 2 -4 -5 -6 -7
leaf_value=-0.014184889394679415 0.011644545881307276 -0.0033361515868316621 0.0078412938713544721 0.00096348548260721898 -0.0012750189200120038 0
leaf_weight=5.226315081541542 4.559098351652211 1.3600195978215195 2.7673789230466355 0.45194297304260445 0.34847421309677873 0.44413301987515286
leaf_count=5170 160 667 220 80 68 116
internal_value=0 -0.00634001 0.00366351 -0.0125073 0.00897573 0.0105949
internal_weight=15.1574 9.80566 4.1274 5.67826 5.35171 5.00323
internal_count=6481 6137 887 5250 344 276
is_linear=0
shrinkage=0.025


Tree=162
num_leaves=5
num_cat=0
split_feature=21 6 27 21
split_gain=2.31809 1.38937 0.675783 0.212895
threshold=0.0038791496772319083 3.3222354650497441 0.16865636408329013 1.7990581393241885
decision_type=2 2 2 2
left_child=-1 2 -2 -3
right_child=1 3 -4 -5
leaf_value=-0.010414880781286502 0.012481014489824638 -0.0064367391824947653 0 0.00073496779423677368
leaf_weight=3.4537794249772569 5.7147890926426026 1.8438139832724112 3.9686932612166856 0.56137941288761783
leaf_count=3197 270 1237 1791 26
internal_value=5.07207e-05 0.00557896 0.00921453 -0.00455281
internal_weight=15.5425 12.0887 9.68348 2.40519
internal_count=6521 3324 2061 1263
is_linear=0
shrinkage=0.025


Tree=163
num_leaves=7
num_cat=0
split_feature=27 5 22 27 22 26
split_gain=2.52389 1.1105 0.588433 0.474314 0.320909 0.0682389
threshold=0.13023087382316592 4.7413187026977548 0.75734731554985057 0.72317621111869823 -0.25619027018547053 -0.89536383748054493
decision_type=2 2 2 2 2 2
left_child=1 4 3 -2 -1 -4
right_child=2 -3 5 -5 -6 -7
leaf_value=-0.00014659078482074617 -0.011421395020626576 -0.003535653869234406 0.0028932431711372109 0.00090304418624615563 0.012347507787360781 -0.00060251738990874874
leaf_weight=0.23728674123412918 5.8318811145218206 0.90103915564395709 0.97998831036966294 0.46431755134835828 5.7277053308134782 0.44915314196259692
leaf_count=315 4937 468 36 90 429 136
internal_value=0 0.00828657 -0.00774143 -0.00996182 0.0114403 0.0012083
internal_weight=14.5914 6.86603 7.72534 6.2962 5.96499 1.42914
internal_count=6411 1212 5199 5027 744 172
is_linear=0
shrinkage=0.025


Tree=164
num_leaves=7
num_cat=0
split_feature=22 13 17 13 23 0
split_gain=2.18369 1.79992 0.986235 0.273809 0.225623 0.0361235
threshold=0.72814291715621959 4.1068921089172372 0.52575585246086132 2.5959130525588994 -6.3734893798828116 7.3816356658935556
decision_type=2 2 2 2 2 2
left_child=1 5 -3 -2 -5 -1
right_child=3 2 -4 4 -6 -7
leaf_value=-0.013414913726757431 -0.00032632299713841831 -0.004560381901813306 0.0080884312500280799 0 0.010816338941235508 0
leaf_weight=4.2663135676993971 0.22943431948078874 2.3361303639394464 3.028759200067725 0.25973624706966791 4.3588347919358057 0.074075530792469979
leaf_count=3894 55 1987 251 85 173 13
internal_value=0 -0.00628825 0.00243461 0.00891864 0.00995858 -0.0132709
internal_weight=14.5533 9.70528 5.36489 4.84801 4.61857 4.34039
internal_count=6458 6145 2238 313 258 3907
is_linear=0
shrinkage=0.025


Tree=165
num_leaves=7
num_cat=0
split_feature=27 13 27 24 24 15
split_gain=2.14209 1.62653 0.504935 0.456509 0.244995 0.0910689
threshold=0.17022262513637546 2.9715204238891606 0.72317621111869823 -3.6844568252563472 0.19346694648265841 1.2342182397842409
decision_type=2 2 2 2 2 2
left_child=1 5 3 -2 -3 -1
right_child=2 4 -4 -5 -6 -7
leaf_value=-0.0058010837005626889 0.00016355516791808006 0.012251205857565109 0.0014638308810083084 -0.011500683137084647 0 0
leaf_weight=1.4006104190120803 1.1963062211725617 5.9328716470699874 0.67454201023792837 4.8110853626640182 0.40466360802383849 0.37294143543113012
leaf_count=1027 156 358 104 4399 345 63
internal_value=0 0.00693029 -0.00779102 -0.0095909 0.0114555 -0.00483702
internal_weight=14.793 8.11109 6.68193 6.00739 6.33754 1.77355
internal_count=6452 1793 4659 4555 703 1090
is_linear=0
shrinkage=0.025


Tree=166
num_leaves=7
num_cat=0
split_feature=21 27 13 27 24 24
split_gain=1.81099 1.01349 0.767436 0.469743 0.367833 0.0753791
threshold=0.34867018461227423 0.25848411023616796 3.5500662326812749 0.72317621111869823 -5.8370013236999503 -7.9206814765930167
decision_type=2 2 2 2 2 2
left_child=3 2 -2 4 -1 -3
right_child=1 5 -4 -5 -6 -7
leaf_value=0.00030415207107022894 -0.0015524360496331619 0 0.011136104221055088 0.0010502942220700009 -0.012195002823584584 -0.0052327124717189248
leaf_weight=0.35245342372218047 1.5809145060848075 0.15755542350234453 5.1438911393415765 0.44357354682870198 4.4277322118505271 1.3354156051718744
leaf_count=12 533 6 285 72 4775 724
internal_value=-0.00147886 0.00466065 0.00823016 -0.0093044 -0.01095 -0.00441147
internal_weight=13.4415 8.21778 6.72481 5.22376 4.78019 1.49297
internal_count=6407 1548 818 4859 4787 730
is_linear=0
shrinkage=0.025


Tree=167
num_leaves=7
num_cat=0
split_feature=27 22 6 22 17 25
split_gain=2.47219 1.32326 1.12346 0.213046 0.15989 0.0957479
threshold=0.13023087382316592 0.75734731554985057 4.6459898948669442 -0.25619027018547053 0.52575585246086132 -0.24053782969713208
decision_type=2 2 2 2 2 2
left_child=2 4 3 -1 -2 -3
right_child=1 5 -4 -5 -6 -7
leaf_value=0 -0.012858875427245953 0.0045923797705644072 -0.0035214269213324832 0.012128455460301142 -9.4824152969110874e-05 -0.00012053460133992051
leaf_weight=0.15431947721663153 4.3891350674748519 1.792072937016201 0.92458897188771505 5.8626693234109561 1.8247574243723645 0.28427658963482816
leaf_count=223 4433 85 533 456 640 93
internal_value=0 -0.00730431 0.00836728 0.0115305 -0.0113815 0.00343466
internal_weight=15.2318 8.29024 6.94158 6.01699 6.21389 2.07635
internal_count=6463 5251 1212 679 5073 178
is_linear=0
shrinkage=0.025


Tree=168
num_leaves=7
num_cat=0
split_feature=26 22 6 17 22 25
split_gain=2.55892 1.20145 1.12051 0.149889 0.0814111 0.0704459
threshold=-1.0023156404495237 0.75734731554985057 4.1021375656127939 0.66106122732162487 -0.099321972578763948 -0.65154406428337086
decision_type=2 2 2 2 2 2
left_child=2 3 4 -2 -1 -3
right_child=1 5 -4 -5 -6 -7
leaf_value=0 -0.013577914717413514 0.0036432234316998123 -0.0037348341464842022 0 0.011587823853740131 -8.8655923242755505e-05
leaf_weight=0.26641021941031784 4.8260148333065427 1.6015624276842571 0.95923590773600143 1.2997654724895253 4.6281704894572622 0.28310715612315096
leaf_count=115 4909 88 637 409 177 92
internal_value=-0.00138182 -0.00881328 0.00758699 -0.0124259 0.0112036 0.00251756
internal_weight=13.8643 8.01045 5.85382 6.12578 4.89458 1.88467
internal_count=6427 5498 929 5318 292 180
is_linear=0
shrinkage=0.025


Tree=169
num_leaves=7
num_cat=0
split_feature=22 13 26 21 11 25
split_gain=1.89495 1.41056 0.623792 0.322468 0.211731 0.0865175
threshold=0.83477169275283825 4.2870876789093026 -0.88267394900321949 1.3374243378639223 2.1975883245468144 -1.6364065408706663
decision_type=2 2 2 2 2 2
left_child=1 3 -3 -1 -2 -6
right_child=4 2 -4 -5 5 -7
leaf_value=-0.012898986271617469 0 0.006795905234073839 -0.0034105761349149536 0 0.0098244804010372798 0
leaf_weight=4.5501897466601786 0.38929916196502823 2.6770929747290211 2.1290419295110041 0.66071140437270504 3.5030426912271651 0.39854848865798009
leaf_count=4186 57 316 1668 65 109 86
internal_value=-0.000422067 -0.00607092 0.00220359 -0.0116567 0.00826272 0.00928032
internal_weight=14.3079 10.017 4.80613 5.2109 4.29089 3.90159
internal_count=6487 6235 1984 4251 252 195
is_linear=0
shrinkage=0.025


Tree=170
num_leaves=7
num_cat=0
split_feature=27 5 22 27 24 24
split_gain=2.1116 1.29222 0.422245 0.42472 0.357209 0.139131
threshold=0.16865636408329013 4.0395302772521982 0.75734731554985057 0.72317621111869823 0.45058451592922216 -5.3866918087005606
decision_type=2 2 2 2 2 2
left_child=1 4 3 -2 -1 -3
right_child=2 5 -4 -5 -6 -7
leaf_value=0.01213041178351245 -0.010898150912329667 0.00042857694273114462 0.00064293876215462458 0.00077603762276835971 -0.00033846251559244719 -0.005274376144331825
leaf_weight=6.0462344777261006 4.7516900921109491 0.48374538146890689 1.276714359395555 0.48404063814086828 0.26482998536084768 1.3382875633833462
leaf_count=403 4414 20 164 93 423 924
internal_value=0.000160296 0.00722473 -0.00742536 -0.0093564 0.0111363 -0.00363972
internal_weight=14.6455 8.1331 6.51245 5.23573 6.31106 1.82203
internal_count=6441 1770 4671 4507 826 944
is_linear=0
shrinkage=0.025


Tree=171
num_leaves=7
num_cat=0
split_feature=27 5 27 22 24 25
split_gain=2.18123 1.50742 0.599758 0.41609 0.32172 0.0642569
threshold=0.16865636408329013 4.0395302772521982 0.72317621111869823 1.32355272769928 0.45058451592922216 2.7129707336425786
decision_type=2 2 2 2 2 2
left_child=1 4 3 -2 -1 -4
right_child=2 -3 5 -5 -6 -7
leaf_value=0.011783898449477755 -0.012045997854815069 -0.005072269979555892 0.0032009791240253543 0.00041530997720539689 -0.00023697796087961218 -0.00030995473455223266
leaf_weight=5.8813427175264223 5.0058857914700639 1.4324411112102096 0.376587253587786 0.50913426469196554 0.24378775367949845 0.2622676478640642
leaf_count=407 4561 956 28 33 397 65
internal_value=-0.000444044 0.00651837 -0.00864396 -0.0106508 0.0108522 0.00165446
internal_weight=13.7114 7.55757 6.15387 5.51502 6.12513 0.638855
internal_count=6447 1760 4687 4594 804 93
is_linear=0
shrinkage=0.025


Tree=172
num_leaves=7
num_cat=0
split_feature=27 6 25 13 27 21
split_gain=1.7114 1.13488 0.516132 0.515139 0.45059 0.148269
threshold=0.13023087382316592 3.9379698038101201 0.74213770031929027 3.9499182701110844 0.72317621111869823 0.041212081909179694
decision_type=2 2 2 2 2 2
left_child=1 5 3 -2 -4 -1
right_child=2 -3 4 -5 -6 -7
leaf_value=0 -0.0045727757769005589 -0.003439075722069581 -0.011294704485151626 0.0050409524017498908 0.00086980413683327676 0.011582308521145749
leaf_weight=0.2413317868777084 1.599180416975287 1.4616816136767736 3.4864298877218975 2.2397918135757209 0.45680096207070153 4.7847806231293362
leaf_count=156 779 817 4000 302 88 252
internal_value=0 0.00714877 -0.00614421 7.79203e-06 -0.00948822 0.0110308
internal_weight=14.27 6.48779 7.7822 3.83897 3.94323 5.02611
internal_count=6394 1225 5169 1081 4088 408
is_linear=0
shrinkage=0.025


Tree=173
num_leaves=7
num_cat=0
split_feature=27 5 19 27 21 13
split_gain=1.81953 1.07163 0.637331 0.380387 0.205248 0.125005
threshold=0.13023087382316592 4.497793674468995 0.51102831959724437 0.72317621111869823 0.041212081909179694 4.0164837837219247
decision_type=2 2 2 2 2 2
left_child=1 4 3 -2 -1 -4
right_child=2 -3 5 -5 -6 -7
leaf_value=0 -0.010278285970980598 -0.0037064532434070659 -0.001082530639714806 0.00066562135797597908 0.011512708458880021 0.0039143740476451517
leaf_weight=0.31144951954775013 5.7313176625830238 0.94284089283610217 0.2975994009466375 0.4882652039232197 5.0340823219376034 1.2358504556759724
leaf_count=244 4938 574 111 91 424 95
internal_value=0 0.0073723 -0.00640803 -0.00894832 0.0107774 0.0019017
internal_weight=14.0414 6.28837 7.75303 6.21958 5.34553 1.53345
internal_count=6477 1242 5235 5029 668 206
is_linear=0
shrinkage=0.025


Tree=174
num_leaves=7
num_cat=0
split_feature=22 17 7 12 13 25
split_gain=1.71573 1.53667 0.799687 0.604521 0.309077 0.215067
threshold=0.72814291715621959 0.52575585246086132 5.0748519897460946 3.0119251012802128 2.5959130525588994 -0.65154406428337086
decision_type=2 2 2 2 2 2
left_child=1 2 -1 -3 -2 -6
right_child=4 3 -4 -5 5 -7
leaf_value=-0.013135796678218818 -0.00056079111140699121 -0.0034519391220217224 0.0015810346353730916 0.0072076718881835576 0.010679815472581806 0
leaf_weight=4.6537122061054088 0.26550278390641402 0.81129669435176754 0.84339147391438007 3.3532755682463176 4.2551193285180489 0.35824032565869846
leaf_count=4980 57 311 262 578 166 94
internal_value=0.000382784 -0.00485437 -0.0106049 0.00369875 0.00859441 0.00978907
internal_weight=14.5405 9.66168 5.4971 4.16457 4.87886 4.61336
internal_count=6448 6131 5242 889 317 260
is_linear=0
shrinkage=0.025


Tree=175
num_leaves=7
num_cat=0
split_feature=27 5 22 27 22 25
split_gain=1.74869 1.12786 1.07484 0.500682 0.185039 0.0903185
threshold=0.13023087382316592 4.1318278312683114 0.75734731554985057 0.72317621111869823 -0.25619027018547053 -0.24053782969713208
decision_type=2 2 2 2 2 2
left_child=1 4 3 -2 -1 -4
right_child=2 -3 5 -5 -6 -7
leaf_value=0 -0.011877606323551948 -0.0037485359116497391 0.0043022851660583783 0.00093784561646401425 0.011394187140521799 -0.00015333450413591095
leaf_weight=0.14285204701445753 5.2752828452430549 1.2103104420602901 1.6952529331247204 0.4561648774833883 4.927928896722733 0.29769204123294901
leaf_count=196 5008 734 89 82 302 96
internal_value=0 0.00701799 -0.00649824 -0.0103135 0.0107936 0.00310921
internal_weight=14.0055 6.28109 7.72439 5.73145 5.07078 1.99294
internal_count=6507 1232 5275 5090 498 185
is_linear=0
shrinkage=0.025


Tree=176
num_leaves=7
num_cat=0
split_feature=22 6 13 3 8 8
split_gain=1.14903 0.763431 0.469389 0.392759 0.192913 0.112161
threshold=0.19452362507581714 4.1021375656127939 5.4390077590942392 1.6122960448265078 -0.94276756048202504 5.2760334014892587
decision_type=2 2 2 2 2 2
left_child=2 3 4 -2 -1 -4
right_child=1 -3 5 -5 -6 -7
leaf_value=0 -0.00071031675720480527 -0.0036651289306678849 0.0038467680924076705 0.0094210280751686262 -0.0089691712313854418 -0.00093798206144915768
leaf_weight=0.31618909639655601 0.84347428476030462 0.87956304979161348 0.5787011843494837 6.0477880889011431 4.6339778442124953 0.40178172069136053
leaf_count=43 258 312 186 591 4867 213
internal_value=0 0.00515875 -0.00588279 0.00787812 -0.00811001 0.00169605
internal_weight=13.7015 7.77083 5.93065 6.89126 4.95017 0.980483
internal_count=6470 1161 5309 849 4910 399
is_linear=0
shrinkage=0.025


Tree=177
num_leaves=6
num_cat=0
split_feature=21 13 27 27 16
split_gain=1.72608 1.20805 0.526079 0.282145 0.0385861
threshold=0.0038791496772319083 3.5632777214050297 0.22505828738212588 0.10150882229208948 1.4034280180931094
decision_type=2 2 2 2 2
left_child=4 3 -3 -2 -1
right_child=1 2 -4 -5 -6
leaf_value=-0.0090989720785662649 0.0011338957993700094 0.011565231741141518 0 -0.0064512082810425399 0
leaf_weight=2.8888687635990222 1.3664867096813389 5.7018609498336428 2.5657600677004666 1.5793568413064347 0.19196535791706981
leaf_count=3123 331 463 1385 1168 63
internal_value=0.000423986 0.00528729 0.00911627 -0.00364667 -0.00882271
internal_weight=14.2943 11.2135 8.26762 2.94584 3.08083
internal_count=6533 3347 1848 1499 3186
is_linear=0
shrinkage=0.025


Tree=178
num_leaves=6
num_cat=0
split_feature=21 13 3 24 8
split_gain=1.85534 1.01066 0.425035 0.319847 0.0797431
threshold=0.22165317088365558 3.0769628286361699 1.1048359870910647 -5.8370013236999503 -0.94276756048202504
decision_type=2 2 2 2 2
left_child=3 4 -3 -1 -2
right_child=1 2 -4 -5 -6
leaf_value=0.00024632521448107492 0 -0.00095471835628683143 0.009461071499710259 -0.011306590922874052 -0.0054191258225405612
leaf_weight=0.33104669256135721 0.35981467153760616 0.75593154596572265 6.3449589531883248 3.9542459739823261 1.2711656970423042
leaf_count=13 28 299 1011 4380 730
internal_value=-0.00155038 0.00433265 0.00789943 -0.0100889 -0.00450081
internal_weight=13.0172 8.73187 7.10089 4.28529 1.63098
internal_count=6461 2068 1310 4393 758
is_linear=0
shrinkage=0.025


Tree=179
num_leaves=7
num_cat=0
split_feature=26 22 6 21 19 25
split_gain=2.2736 1.14451 0.786791 0.216032 0.165457 0.0719596
threshold=-1.0023156404495237 0.75734731554985057 4.6459898948669442 0.041212081909179694 0.40106500685215002 -0.24053782969713208
decision_type=2 2 2 2 2 2
left_child=2 4 3 -1 -2 -3
right_child=1 5 -4 -5 -6 -7
leaf_value=0 -0.012677298595452663 0.0037102709464566161 -0.0027001991835005354 0.011129334272512821 0 -8.366589098405904e-05
leaf_weight=0.18022752529941488 4.9897687191914883 1.6393768162088234 0.7496408583028823 4.5905916404371965 0.70639760832273157 0.28891629126883334
leaf_count=175 5111 100 453 271 219 86
internal_value=-0.000918154 -0.00812411 0.00757121 0.0103807 -0.0118504 0.00258958
internal_weight=13.1449 7.62446 5.52046 4.77082 5.69617 1.92829
internal_count=6415 5516 899 446 5330 186
is_linear=0
shrinkage=0.025


Tree=180
num_leaves=6
num_cat=0
split_feature=21 13 25 15 15
split_gain=1.54399 1.23259 0.542799 0.201177 0.063997
threshold=0.0038791496772319083 3.5500662326812749 2.6934379339218144 0.55441930890083324 2.9411590099334721
decision_type=2 2 2 2 2
left_child=4 3 -3 -2 -1
right_child=1 2 -4 -5 -6
leaf_value=-0.0092291388892161482 -0.0061940454523071158 0.010643797526758082 -0.00083450528398031618 0.000517095128768167 0
leaf_weight=2.925479135155912 1.7987430099092292 6.46158041961462 1.2222738677883169 1.0404834593791745 0.10457843608310202
leaf_count=3190 1258 1113 712 210 17
internal_value=0 0.00461017 0.00871598 -0.00417621 -0.00889307
internal_weight=13.5531 10.5231 7.68385 2.83923 3.03006
internal_count=6500 3293 1825 1468 3207
is_linear=0
shrinkage=0.025


Tree=181
num_leaves=7
num_cat=0
split_feature=21 19 27 6 5 23
split_gain=1.5686 1.09785 0.52691 0.502948 0.426901 0.226075
threshold=0.96155849099159252 0.19825292378664019 0.72317621111869823 3.0440330505371098 4.4129984378814706 -6.3734893798828116
decision_type=2 2 2 2 2 2
left_child=1 2 -1 -3 5 -2
right_child=4 3 -4 -5 -6 -7
leaf_value=-0.01244862501141856 0 0.0061864582112388057 0.00094152572064684018 -0.003415712417092208 -0.0014594656560936983 0.0099291848136367662
leaf_weight=4.2109183050633856 0.3209969559975433 2.4616979201091458 0.45919928839430202 1.1030739084380909 0.40793944321922015 4.3090511550180972
leaf_count=5038 106 296 80 574 66 247
internal_value=0 -0.00589035 -0.0106796 0.00222599 0.00720558 0.00897942
internal_weight=13.2729 8.23489 4.67012 3.56477 5.03799 4.63005
internal_count=6407 5988 5118 870 419 353
is_linear=0
shrinkage=0.025


Tree=182
num_leaves=7
num_cat=0
split_feature=26 22 6 27 22 16
split_gain=1.82555 1.00632 0.866876 0.457427 0.139803 0.100596
threshold=-1.0023156404495237 0.83477169275283825 4.6459898948669442 0.72317621111869823 -0.099321972578763948 0.6509782373905183
decision_type=2 2 2 2 2 2
left_child=2 3 4 -2 -1 -3
right_child=1 5 -4 -5 -6 -7
leaf_value=0 -0.01110871068422032 0.0045222618270792294 -0.0029167609941053627 0.00089934372443508661 0.011240724392457909 -0.00023774502796763952
leaf_weight=0.30033689941046748 5.7161139998570416 1.5678695186870752 0.79152885297662567 0.46396676855511021 4.7910745268527544 0.29667322683962982
leaf_count=174 5255 67 484 93 286 84
internal_value=0 -0.00608955 0.0077712 -0.00964915 0.010674 0.0032329
internal_weight=13.9276 8.04462 5.88294 6.18008 5.09141 1.86454
internal_count=6443 5499 944 5348 460 151
is_linear=0
shrinkage=0.025


Tree=183
num_leaves=6
num_cat=0
split_feature=13 25 27 19 18
split_gain=1.40891 1.40994 0.534781 0.177462 0.135273
threshold=2.9715204238891606 0.74213770031929027 0.092750731855630889 -0.4262991845607757 0.67199945449829113
decision_type=2 2 2 2 2
left_child=4 3 -3 -2 -1
right_child=1 2 -4 -5 -6
leaf_value=-0.0090676584276418188 0 0.0029945110553314747 -0.0069462801175960535 0.010463995260171888 0
leaf_weight=2.4788793922707568 0.10057759535993671 1.0380404002498833 3.172703344898764 6.2185134282190102 0.51830798231094366
leaf_count=2011 96 104 3413 718 86
internal_value=0.000129521 0.00475068 -0.00352186 0.00993597 -0.00814381
internal_weight=13.527 10.5298 4.21074 6.31909 2.99719
internal_count=6428 4331 3517 814 2097
is_linear=0
shrinkage=0.025


Tree=184
num_leaves=7
num_cat=0
split_feature=21 6 26 27 15 19
split_gain=1.35924 1.0007 0.61068 0.110592 0.0538742 0.0243854
threshold=0.0038791496772319083 3.3222354650497441 -0.79753479361534108 0.067662026733160033 2.9411590099334721 0.99051427841186535
decision_type=2 2 2 2 2 2
left_child=4 2 -2 -3 5 -1
right_child=1 3 -4 -5 -6 -7
leaf_value=-0.0087184176372989142 0.010214197867100431 0 -0.00098423554646551083 -0.0053801988790478537 0 0
leaf_weight=2.7505959378395364 6.4386137980254698 0.71854824624460834 1.7620335066312689 1.411780345100851 0.10639497236115847 0.19405798961815879
leaf_count=3128 879 204 1152 1053 17 34
internal_value=0 0.00449168 0.00787316 -0.00404174 -0.00819139 -0.00849916
internal_weight=13.382 10.331 8.20065 2.13033 3.05105 2.94465
internal_count=6467 3288 2031 1257 3179 3162
is_linear=0
shrinkage=0.025


Tree=185
num_leaves=7
num_cat=0
split_feature=22 17 27 0 6 25
split_gain=1.41557 1.46397 0.588786 0.530152 0.335766 0.19922
threshold=0.72814291715621959 0.52575585246086132 0.72317621111869823 4.011552333831788 3.9582078456878667 -0.24053782969713208
decision_type=2 2 2 2 2 2
left_child=1 2 -1 -3 5 -2
right_child=4 3 -4 -5 -6 -7
leaf_value=-0.012823837002640462 0.0098650079648313609 0.0069119659594659771 0.0011817340267461026 -0.0030090849586739453 -0.00094731401016145435 0
leaf_weight=4.3266608382837131 3.7721365775432787 2.92801933066221 0.42118668937473547 1.0586603298143016 0.30333688715472806 0.34928877200582142
leaf_count=5150 158 484 76 408 66 98
internal_value=0 -0.00512431 -0.0109714 0.00337357 0.00745702 0.00894099
internal_weight=13.1593 8.73453 4.74785 3.98668 4.42476 4.12143
internal_count=6440 6118 5226 892 322 256
is_linear=0
shrinkage=0.025


Tree=186
num_leaves=7
num_cat=0
split_feature=22 17 7 12 13 23
split_gain=1.52783 1.38879 0.819858 0.428747 0.243158 0.150284
threshold=0.72814291715621959 0.66106122732162487 5.0748519897460946 3.0119251012802128 2.5959130525588994 -4.6315288543701163
decision_type=2 2 2 2 2 2
left_child=1 2 -1 -3 -2 -6
right_child=4 3 -4 -5 5 -7
leaf_value=-0.013196691124724068 -0.00035811129638861438 -0.0026235667384888754 0.0016796138411469428 0.0066015138028228636 0 0.0095964946118815616
leaf_weight=4.4591341381092189 0.23350680290605019 0.64050543780467739 0.82226704947970564 2.6925275459725526 0.31512385881069338 3.8027856071348651
leaf_count=5295 57 235 267 315 102 164
internal_value=0 -0.00534844 -0.0105822 0.00356822 0.00777599 0.00886614
internal_weight=12.9659 8.61443 5.2814 3.33303 4.35142 4.11791
internal_count=6435 6112 5562 550 323 266
is_linear=0
shrinkage=0.025


Tree=187
num_leaves=6
num_cat=0
split_feature=13 25 27 14 21
split_gain=1.45155 1.44908 0.373722 0.150394 0.0822913
threshold=3.0566053390502934 0.74213770031929027 0.092750731855630889 1.7878084778785708 1.7990581393241885
decision_type=2 2 2 2 2
left_child=4 3 -3 -2 -1
right_child=1 2 -4 -5 -6
leaf_value=-0.0094207791571609759 0.010244098680620985 0.0019572593339367483 -0.0066586241118615028 0 0
leaf_weight=2.6186880042077987 5.8161740053765225 0.81818749051308293 3.0829313166614156 0.29569800414174086 0.32175321708200488
leaf_count=2227 656 85 3363 112 25
internal_value=0 0.00433773 -0.00406505 0.00967935 -0.00887004
internal_weight=12.9534 10.013 3.90112 6.11187 2.94044
internal_count=6468 4216 3448 768 2252
is_linear=0
shrinkage=0.025


Tree=188
num_leaves=7
num_cat=0
split_feature=13 22 17 4 17 6
split_gain=1.43575 0.827002 0.602773 0.355401 0.337739 0.152023
threshold=4.1600961685180673 0.72814291715621959 0.012175242882221939 -0.411990076303482 1.1144715547561648 3.7675622701644902
decision_type=2 2 2 2 2 2
left_child=1 4 -2 -4 -1 -3
right_child=2 5 3 -5 -6 -7
leaf_value=-0.011535418460036138 -0.002356217827459775 0.0043899069950160859 -0.00034988824433306379 0.010046408447105824 0 -0.0011662269701466974
leaf_weight=3.3876468348753406 0.85363083419360908 1.5712949724547796 0.77965257974574331 5.2642822325506131 0.94003312825225283 0.33092307098559093
leaf_count=3855 870 81 172 1251 115 79
internal_value=0 -0.00616646 0.00628738 0.00858815 -0.00985015 0.00237319
internal_weight=13.1275 6.2299 6.89757 6.04393 4.32768 1.90222
internal_count=6423 4130 2293 1423 3970 160
is_linear=0
shrinkage=0.025


Tree=189
num_leaves=6
num_cat=0
split_feature=21 13 26 21 22
split_gain=1.38231 1.02366 0.452941 0.216965 0.0550511
threshold=0.0038791496772319083 3.5500662326812749 -0.80736905336379994 1.3374243378639223 0.88723215460777294
decision_type=2 2 2 2 2
left_child=4 3 -3 -2 -1
right_child=1 2 -4 -5 -6
leaf_value=-0.0084222829962516173 -0.0055977941158520195 0.01052694417219702 -0.00018068164118962803 0.0010477187384502859 0
leaf_weight=2.6513220307242604 1.8899655357236027 5.7581278765937887 1.5556473074611865 0.94790805809316214 0.30287601955933485
leaf_count=3143 1392 738 1061 68 32
internal_value=0.000201091 0.00484956 0.00859328 -0.00332831 -0.00799426
internal_weight=13.1058 10.1516 7.31378 2.83787 2.9542
internal_count=6434 3259 1799 1460 3175
is_linear=0
shrinkage=0.025


Tree=190
num_leaves=7
num_cat=0
split_feature=21 24 27 12 23 6
split_gain=1.30701 0.880702 0.434125 0.29667 0.235051 0.100334
threshold=0.96155849099159252 -3.4268192052841182 0.72317621111869823 2.8849375247955327 -6.053377389907836 3.596652746200562
decision_type=2 2 2 2 2 2
left_child=1 5 -3 -2 -5 -1
right_child=3 2 -4 4 -6 -7
leaf_value=0.0042742554107195367 -0.0008777494946839849 -0.01081336398990118 0.00084736547718554855 -0.00016913603913559964 0.0089671651970585128 -0.00037728577942621844
leaf_weight=1.5138870114096787 0.52404495299560938 5.345328997267643 0.47587373737769656 0.38108428043051379 3.7131525059812702 0.23315040708985169
leaf_count=94 89 5729 92 115 215 87
internal_value=-0.000522892 -0.00597618 -0.00933147 0.00622496 0.00780408 0.00290759
internal_weight=12.1865 7.56824 5.8212 4.61828 4.09424 1.74704
internal_count=6421 6002 5821 419 330 181
is_linear=0
shrinkage=0.025


Tree=191
num_leaves=7
num_cat=0
split_feature=21 19 7 13 13 26
split_gain=1.64781 0.645752 0.71737 0.323563 0.313252 0.19301
threshold=0.96155849099159252 0.24884600192308429 5.0748519897460946 3.0997161865234379 2.2260850667953496 -0.80531594157218922
decision_type=2 2 2 2 2 2
left_child=1 2 -1 -3 -2 -6
right_child=4 3 -4 -5 5 -7
leaf_value=-0.011924592269613543 -0.00076329978999220408 -0.0030573607457469267 0.0016931339865793598 0.0047959732481089763 0.009953260098805268 0
leaf_weight=3.8905843859320157 0.30603868610342022 0.75204201008455163 0.81990353407309147 1.9743605045441652 4.1080317618325353 0.58043876706506115
leaf_count=5032 82 397 268 299 193 139
internal_value=0 -0.00595406 -0.00925934 0.00124415 0.00767666 0.00898227
internal_weight=12.4314 7.43689 4.71049 2.7264 4.99451 4.68847
internal_count=6410 5996 5300 696 414 332
is_linear=0
shrinkage=0.025


Tree=192
num_leaves=7
num_cat=0
split_feature=21 19 7 5 13 5
split_gain=1.30987 0.767682 0.675449 0.3754 0.293397 0.195712
threshold=0.98096084594726574 0.33886058628559118 5.0748519897460946 4.4129984378814706 3.0566053390502934 0.21345505863428119
decision_type=2 2 2 2 2 2
left_child=1 2 -1 5 -3 -2
right_child=3 4 -4 -5 -6 -7
leaf_value=-0.011358766812297213 0 -0.0023794664838974267 0.0016718007066641961 -0.001306839119402675 0.0051853901402227629 0.0093873179292050385
leaf_weight=4.4210394415640621 0.29162548361637153 0.63445506581047117 0.81588923046365369 0.37912688846699882 1.9478255797730524 4.0927438541693846
leaf_count=5274 74 303 257 63 223 265
internal_value=0 -0.00533716 -0.00889313 0.00681539 0.00215901 0.00850581
internal_weight=12.5827 7.81921 5.23693 4.7635 2.58228 4.38437
internal_count=6459 6057 5531 402 526 339
is_linear=0
shrinkage=0.025


Tree=193
num_leaves=7
num_cat=0
split_feature=22 21 19 11 25 20
split_gain=1.60374 0.812363 0.616162 0.307862 0.233885 0.158124
threshold=0.72814291715621959 0.98096084594726574 0.24884600192308429 2.1975883245468144 -1.0000000180025095e-35 0.11949280649423601
decision_type=2 2 2 2 2 2
left_child=1 2 -1 -2 -5 -3
right_child=3 5 -4 4 -6 -7
leaf_value=-0.012377167788576228 -0.00085356960169940838 -0.0012606295537553578 0.00024094535274524296 0.00958893517076366 -7.3279209437817933e-05 0.004356619172025321
leaf_weight=4.2804595019770204 0.35136634891387064 0.4493327845702878 1.7574396872369105 3.5575232064438751 0.32006559195724582 1.5076435097871579
leaf_count=5309 79 136 584 155 88 83
internal_value=-0.000850913 -0.00657997 -0.00969275 0.0069997 0.00849529 0.00218942
internal_weight=12.2238 7.99488 6.0379 4.22896 3.87759 1.95698
internal_count=6434 6112 5893 322 243 219
is_linear=0
shrinkage=0.025


Tree=194
num_leaves=7
num_cat=0
split_feature=22 13 26 15 11 23
split_gain=1.12633 0.954996 0.386519 0.250764 0.182511 0.0191615
threshold=0.83477169275283825 4.2391607761383066 -0.88267394900321949 1.0954074859619143 2.2299132347106938 -4.1026635169982901
decision_type=2 2 2 2 2 2
left_child=1 3 -3 -1 -2 -6
right_child=4 2 -4 -5 5 -7
leaf_value=-0.010446312317219805 0 0.0059618029471716905 -0.0022591661481508032 0 0 0.0085159724176657632
leaf_weight=3.8077295160292106 0.35617264773463952 2.2730714415301918 1.822748558821331 0.65251909039216105 0.34804903894109918 2.869344469938369
leaf_count=3915 59 315 1699 203 74 105
internal_value=0 -0.00437358 0.00238537 -0.00922126 0.00720162 0.00824577
internal_weight=12.1296 8.55607 4.09582 4.46025 3.57357 3.21739
internal_count=6370 6132 2014 4118 238 179
is_linear=0
shrinkage=0.025


Tree=195
num_leaves=7
num_cat=0
split_feature=27 5 22 12 24 16
split_gain=1.15868 0.733869 0.554997 0.461327 0.24507 0.0907515
threshold=0.13023087382316592 4.7413187026977548 0.75734731554985057 5.3467297554016122 0.45058451592922216 0.45846882462501531
decision_type=2 2 2 2 2 2
left_child=1 4 3 -2 -1 -4
right_child=2 -3 5 -5 -6 -7
leaf_value=0.01019176221955731 -0.010282016730136812 -0.0029235470367886844 0.0036426505215099189 0.00022162987640330072 -9.9620410858578413e-05 -0.0005477697579846395
leaf_weight=4.6206784865353256 3.4498681549303001 0.77885392703319656 1.363759791383927 1.8877113923590512 0.22593600206164399 0.33125231273879752
leaf_count=377 4143 473 65 899 377 103
internal_value=0.000172261 0.00641255 -0.00489043 -0.00765219 0.0092703 0.0020927
internal_weight=12.6581 5.62547 7.03259 5.33758 4.84661 1.69501
internal_count=6437 1227 5210 5042 754 168
is_linear=0
shrinkage=0.025


Tree=196
num_leaves=7
num_cat=0
split_feature=26 6 26 24 18 21
split_gain=1.42308 0.882494 0.472701 0.299292 0.235975 0.0912372
threshold=-0.93153336644172657 4.1021375656127939 -0.38688518106937403 0.19346694648265841 0.45582196116447454 1.7990581393241885
decision_type=2 2 2 2 2 2
left_child=1 3 4 -1 -2 -3
right_child=2 5 -4 -5 -6 -7
leaf_value=0.010058755052873238 -0.010613646125946766 -0.0046057752687870815 0.0015079465934495415 -0.00041916177698845164 0 7.0969604853443431e-05
leaf_weight=4.9626404808732332 3.6704985340111307 1.2061213682754894 0.63077819655882184 0.27958202487934602 1.2339189207632442 0.2541639222181401
leaf_count=395 4297 972 103 441 285 8
internal_value=-0.000353758 0.0054294 -0.00720306 0.0089579 -0.00915011 -0.0033994
internal_weight=12.2377 6.70251 5.5352 5.24222 4.90442 1.46029
internal_count=6501 1816 4685 836 4582 980
is_linear=0
shrinkage=0.025


Tree=197
num_leaves=6
num_cat=0
split_feature=21 6 26 26 24
split_gain=1.30374 0.826381 0.343923 0.152835 0.0670917
threshold=0.0038791496772319083 3.1932774782180791 -0.79753479361534108 -1.0073124170303343 -4.8159768581390372
decision_type=2 2 2 2 2
left_child=4 2 -2 -3 -1
right_child=1 3 -4 -5 -6
leaf_value=0 0.0097401592807435308 0.00053049184273391283 0 -0.0050360911807679131 -0.0081115627241546834
leaf_weight=0.26450861251214552 5.9116829873673842 1.2229475209169325 1.748402554221683 1.1560083446602218 2.5198134995480368
leaf_count=22 832 324 1120 1040 3140
internal_value=0.000481386 0.00493402 0.00804923 -0.00290705 -0.00762725
internal_weight=12.8234 10.039 7.66009 2.37896 2.78432
internal_count=6478 3316 1952 1364 3162
is_linear=0
shrinkage=0.025


Tree=198
num_leaves=7
num_cat=0
split_feature=13 25 24 21 7 2
split_gain=1.20229 0.920028 0.623367 0.452319 0.235225 0.0788793
threshold=4.0164837837219247 0.45499326288700109 -3.564820289611816 1.3374243378639223 5.0748519897460946 1.5871604681015017
decision_type=2 2 2 2 2 2
left_child=2 5 -1 -4 -3 -2
right_child=1 4 3 -5 -6 -7
leaf_value=0.0019402645594566344 0 -0.0049624372564816667 -0.011199931195459353 0.00059608476551042369 0.0017545136577095982 0.01024094693406867
leaf_weight=1.4752429090149233 0.057708781641849671 1.967088398338092 3.1706264446802384 0.81795183612848621 0.79955731372319849 4.0991168497494073
leaf_count=153 41 1976 3681 64 260 288
internal_value=0 0.00558844 -0.00601872 -0.0090996 -0.0023367 0.00994143
internal_weight=12.3873 6.92347 5.46382 3.98858 2.76665 4.15683
internal_count=6463 2565 3898 3745 2236 329
is_linear=0
shrinkage=0.025


Tree=199
num_leaves=7
num_cat=0
split_feature=27 12 22 17 22 17
split_gain=1.71128 0.760041 0.475593 0.239956 0.179613 0.0302732
threshold=0.13023087382316592 2.6200177669525151 0.75734731554985057 0.52575585246086132 -0.25619027018547053 0.62693017721176159
decision_type=2 2 2 2 2 2
left_child=1 -1 3 -2 -3 -4
right_child=2 4 5 -5 -6 -7
leaf_value=-0.0030199357911732221 -0.011361974307356783 0 0.0019249069437578541 0 0.010018224588178774 -0.0001084679810629879
leaf_weight=0.80292332440149028 3.4156004956748802 0.16672696069872461 1.145210286893416 1.7296505608755977 4.6565429212350864 0.2668988040240946
leaf_count=492 4413 303 77 633 435 100
internal_value=-0.000697664 0.00639682 -0.0074595 -0.00960743 0.00933989 0.000780971
internal_weight=12.1836 5.62619 6.55736 5.14525 4.82327 1.41211
internal_count=6453 1230 5223 5046 738 177
is_linear=0
shrinkage=0.025


Tree=200
num_leaves=7
num_cat=0
split_feature=13 25 24 21 21 26
split_gain=1.2672 0.813467 0.759046 0.329893 0.200091 0.110759
threshold=4.1448700428009042 2.6934379339218144 -4.8159768581390372 0.019527789205312732 1.2628356814384463 -1.0132176876068113
decision_type=2 2 2 2 2 2
left_child=2 3 -1 -2 -4 -3
right_child=1 5 4 -5 -6 -7
leaf_value=0.0024279291559061609 -0.00052896836851901803 0.00036382500463723013 -0.010850571996746973 0.010190984348069363 0 -0.0046314921128828143
leaf_weight=1.34802485864202 0.34133530452527328 0.36338134769903252 3.5047021948812471 4.6741834645436029 0.66243295924505208 1.0434298773579938
leaf_count=81 423 27 3933 709 72 1168
internal_value=0 0.00555712 -0.00646328 0.00893754 -0.00977677 -0.00308871
internal_weight=11.9375 6.42233 5.51516 5.01552 4.16714 1.40681
internal_count=6413 2327 4086 1132 4005 1195
is_linear=0
shrinkage=0.025


Tree=201
num_leaves=6
num_cat=0
split_feature=13 21 10 18 22
split_gain=1.3194 0.959996 0.317152 0.212127 0.133216
threshold=3.5500662326812749 0.019527789205312732 5.7712764739990243 0.57603493332862865 1.1347773075103762
decision_type=2 2 2 2 2
left_child=3 -2 -3 4 -1
right_child=1 2 -4 -5 -6
leaf_value=-0.0097055575074737888 -0.004304779683877138 0.0094329860771301781 -0.00033676846040059236 0 0
leaf_weight=2.6763299167614623 1.2430070334776226 6.2299380672266125 0.69247981326043362 0.97031997115118418 0.19550223296391767
leaf_count=2788 1687 1523 179 202 11
internal_value=0 0.00490983 0.00820008 -0.00757415 -0.00901562
internal_weight=12.0076 8.16542 6.92242 3.84215 2.87183
internal_count=6390 3389 1702 3001 2799
is_linear=0
shrinkage=0.025


Tree=202
num_leaves=7
num_cat=0
split_feature=13 21 21 4 19 26
split_gain=1.30438 0.869021 0.375779 0.32649 0.265523 0.0307083
threshold=3.7185326814651494 0.0038791496772319083 1.3374243378639223 -0.411990076303482 0.75924715399742138 -0.99937069416046131
decision_type=2 2 2 2 2 2
left_child=2 -2 4 -3 -1 -4
right_child=1 3 5 -5 -6 -7
leaf_value=-0.010181845141467433 -0.0037162079375251144 -0.0002577857078061736 0.0020235861222913259 0.0097909444093610964 0 -5.1606042738999507e-05
leaf_weight=2.7959060911525744 1.0859101465430283 0.7434288609001668 0.72620132238080259 6.1314339552336605 0.6966816830827155 0.28207522722368572
leaf_count=3166 1463 155 27 1516 105 49
internal_value=0.000206247 0.00558533 -0.00658243 0.00852698 -0.00869625 0.000842983
internal_weight=12.4616 7.96077 4.50086 6.87486 3.49259 1.00828
internal_count=6481 3134 3347 1671 3271 76
is_linear=0
shrinkage=0.025


Tree=203
num_leaves=7
num_cat=0
split_feature=27 5 24 27 24 16
split_gain=1.09261 0.6442 0.478346 0.356313 0.229078 0.0651375
threshold=0.13023087382316592 4.7413187026977548 -3.6844568252563472 0.72317621111869823 0.45058451592922216 0.46745535731315618
decision_type=2 2 2 2 2 2
left_child=1 4 5 -4 -1 -2
right_child=2 -3 3 -5 -6 -7
leaf_value=0.0098429444329976648 0.0031425255438053065 -0.0026197262220405641 -0.0089125151827894808 0.00096592998469805099 -6.3867771251577567e-05 -0.00028940470988271652
leaf_weight=4.4422453011429752 1.2600857052966601 0.72137414286407864 4.6922037595395523 0.45555797041743051 0.2219782303291139 0.29800399852683757
leaf_count=398 78 469 4930 88 367 103
internal_value=0.000125474 0.00626999 -0.0048457 -0.00737722 0.00893564 0.00181291
internal_weight=12.0914 5.3856 6.70585 5.14776 4.66422 1.55809
internal_count=6433 1234 5199 5018 765 181
is_linear=0
shrinkage=0.025


Tree=204
num_leaves=7
num_cat=0
split_feature=27 6 22 21 22 21
split_gain=1.4571 1.09984 0.378719 0.203784 0.114784 0.0907554
threshold=0.16865636408329013 3.3531315326690678 0.75734731554985057 0.98096084594726574 0.035654306411743171 1.7990581393241885
decision_type=2 2 2 2 2 2
left_child=1 4 3 -2 -1 -3
right_child=2 5 -4 -5 -6 -7
leaf_value=0 -0.010567181658707491 -0.0049482336265708237 0.00043611252980720408 0 0.010350410946962978 0
leaf_weight=0.2941247623602975 3.6021601694010315 1.4874081190209834 1.2111343362194018 0.89968322045751836 4.156181721125904 0.25342246372019861
leaf_count=244 4444 1278 159 121 196 9
internal_value=-0.000802331 0.00537976 -0.00746929 -0.00936419 0.00980844 -0.00389227
internal_weight=11.9041 6.19114 5.71298 4.50184 4.45031 1.74083
internal_count=6451 1727 4724 4565 440 1287
is_linear=0
shrinkage=0.025


Tree=205
num_leaves=6
num_cat=0
split_feature=21 24 12 17 16
split_gain=1.63363 0.929773 0.409776 0.407494 0.25231
threshold=0.96155849099159252 -4.8159768581390372 2.8849375247955327 0.72362229228019725 0.6509782373905183
decision_type=2 2 2 2 2
left_child=1 -1 -2 -3 -4
right_child=2 3 4 -5 -6
leaf_value=0.0026217753382736918 -0.0017282874692628827 -0.01256235265980722 0.0092716849313290214 0 -0.00010072126276254646
leaf_weight=1.2557269205644841 0.45234111367608409 4.6794335041595332 3.5779760069053737 0.80906925232557103 0.54433575730945438
leaf_count=70 98 5682 186 279 132
internal_value=-0.00181335 -0.00790963 0.00595851 -0.0110162 0.00797209
internal_weight=11.3189 6.74423 4.57465 5.4885 4.12231
internal_count=6447 6031 416 5961 318
is_linear=0
shrinkage=0.025


Tree=206
num_leaves=6
num_cat=0
split_feature=21 13 25 18 24
split_gain=1.03658 0.777419 0.390025 0.184416 0.0654533
threshold=0.0038791496772319083 3.5500662326812749 2.6934379339218144 0.52887555956840526 -4.8159768581390372
decision_type=2 2 2 2 2
left_child=4 3 -3 -2 -1
right_child=1 2 -4 -5 -6
leaf_value=0 -0.0052738185477383933 0.009200137511995176 -0.00055303204299686254 0.00075634345172166835 -0.0078036337130478377
leaf_weight=0.25372766875079866 1.4311942078711566 5.6137314872576098 1.1772664601157883 1.3455621186731148 2.4046528721992226
leaf_count=25 1255 1100 703 231 3169
internal_value=0 0.00404071 0.00746176 -0.0029405 -0.00731693
internal_weight=12.2261 9.56775 6.791 2.77676 2.65838
internal_count=6483 3289 1803 1486 3194
is_linear=0
shrinkage=0.025


Tree=207
num_leaves=7
num_cat=0
split_feature=6 26 22 22 27 21
split_gain=1.0785 0.831451 0.559252 0.332819 0.304968 0.187454
threshold=2.5738308429718022 -0.84888690710067738 0.88723215460777294 0.035654306411743171 0.72317621111869823 1.7990581393241885
decision_type=2 2 2 2 2 2
left_child=1 3 5 -1 -3 -2
right_child=2 4 -4 -5 -6 -7
leaf_value=-0.00070580176707738451 -0.010737465486646385 -0.0059969830522481971 0.0014083860839260367 0.0096803881492206721 0.0019902904879527121 0
leaf_weight=0.31605729342118127 3.0152761318458947 1.7192687822025621 1.2167687333931096 4.2138960572847282 0.54010584259231098 0.30442828388186161
leaf_count=391 3589 2037 90 238 86 22
internal_value=-0.000658936 0.0042346 -0.0070184 0.0083098 -0.00317092 -0.00984847
internal_weight=11.3258 6.78933 4.53647 4.52995 2.25937 3.3197
internal_count=6453 2752 3701 629 2123 3611
is_linear=0
shrinkage=0.025


Tree=208
num_leaves=6
num_cat=0
split_feature=21 13 25 21 24
split_gain=1.00668 0.826385 0.48004 0.171078 0.0804692
threshold=0.0038791496772319083 3.5500662326812749 2.6934379339218144 1.6804466247558596 -4.8159768581390372
decision_type=2 2 2 2 2
left_child=4 3 -3 -2 -1
right_child=1 2 -4 -5 -6
leaf_value=0 -0.0050005708164243502 0.0096020615582541897 -0.00096835909197468667 0.00092224555205936613 -0.0076610826276342046
leaf_weight=0.2411178694746926 2.0885409500297087 5.665718180276599 1.1442583463212939 0.60149596534029104 2.3561857203894769
leaf_count=23 1440 1124 725 34 3174
internal_value=0 0.00413325 0.00763871 -0.00312493 -0.00708587
internal_weight=12.0973 9.50001 6.80998 2.69004 2.5973
internal_count=6520 3323 1849 1474 3197
is_linear=0
shrinkage=0.025


Tree=209
num_leaves=6
num_cat=0
split_feature=13 21 22 10 21
split_gain=1.13402 0.703424 0.459102 0.263613 0.132516
threshold=3.7185326814651494 0.0038791496772319083 0.88723215460777294 5.7712764739990243 1.7990581393241885
decision_type=2 2 2 2 2
left_child=2 -2 4 -3 -1
right_child=1 3 -4 -5 -6
leaf_value=-0.0099364498556050312 -0.0033868064309636411 0.0088523179486200716 0.0011224998141044608 -0.00011160613551560364 0
leaf_weight=2.8867010881003812 1.0083064444734189 5.5601575220243831 1.1296029238510525 0.75142422584758595 0.26501708303112526
leaf_count=3216 1441 1455 81 194 19
internal_value=0 0.00486944 -0.00670001 0.00765498 -0.00923921
internal_weight=11.6012 7.31989 4.28132 6.31158 3.15172
internal_count=6406 3090 3316 1649 3235
is_linear=0
shrinkage=0.025


Tree=210
num_leaves=7
num_cat=0
split_feature=27 6 6 25 22 22
split_gain=1.05369 0.672448 0.464166 0.265685 0.17399 0.133504
threshold=0.16325903683900836 4.1021375656127939 1.4644142985343935 2.6934379339218144 -0.099321972578763948 0.75734731554985057
decision_type=2 2 2 2 2 2
left_child=1 4 3 -2 -1 -4
right_child=2 -3 5 -5 -6 -7
leaf_value=0 0.0041794990125588799 -0.0024650477169016944 -0.0092311861654414667 -0.0028702849400154807 0.009594906184196117 0
leaf_weight=0.33863984338677244 2.0153456881816969 1.2293825428569105 2.5186883757014589 0.8742561944090993 4.548271640924213 0.55291469820076589
leaf_count=347 613 934 3412 708 401 54
internal_value=0.000281393 0.0059069 -0.00498187 0.000787092 0.00882668 -0.00830903
internal_weight=12.0775 6.11629 5.9612 2.8896 4.88691 3.0716
internal_count=6469 1682 4787 1321 748 3466
is_linear=0
shrinkage=0.025


Tree=211
num_leaves=7
num_cat=0
split_feature=22 17 27 12 6 25
split_gain=0.837113 0.995708 0.503302 0.354311 0.262859 0.244117
threshold=0.72814291715621959 0.52575585246086132 0.72317621111869823 2.8849375247955327 3.9379698038101201 0.15652348101139071
decision_type=2 2 2 2 2 2
left_child=1 2 -1 -3 5 -2
right_child=4 3 -4 -5 -6 -7
leaf_value=-0.01112415184656503 0.0086682868966154909 -0.002530664953655361 0.0012463591204184476 0.0056585698121891063 -0.00091577145922213266 -0.00037849730040433595
leaf_weight=3.7506298633816186 3.1251518559438418 0.6494156990447667 0.40992866070882872 2.9705640255197068 0.29988524899817992 0.30216499526432006
leaf_count=5152 144 284 82 602 65 97
internal_value=0 -0.0041896 -0.00920802 0.00284864 0.00585191 0.00737771
internal_weight=11.5077 7.78054 4.16056 3.61998 3.7272 3.42732
internal_count=6426 6120 5234 886 306 241
is_linear=0
shrinkage=0.025


Tree=212
num_leaves=7
num_cat=0
split_feature=27 5 24 27 24 3
split_gain=1.21391 0.634885 0.473263 0.408538 0.231776 0.0398091
threshold=0.13023087382316592 4.7413187026977548 -3.6844568252563472 0.72317621111869823 0.45058451592922216 1.1873994469642641
decision_type=2 2 2 2 2 2
left_child=1 4 5 -4 -1 -2
right_child=2 -3 3 -5 -6 -7
leaf_value=0.0096630926675710018 -8.6531669173526272e-05 -0.0026970944803541854 -0.010065033699813007 0.00095211355218475797 -0.00011223813002397013 0.0023662729347956931
leaf_weight=4.1321903016432771 0.13294625328853715 0.7356060158490435 4.2936307845775445 0.45807893545133982 0.22937029014428834 1.3453844156829289
leaf_count=388 43 482 4992 89 373 140
internal_value=-9.70437e-05 0.00591144 -0.00601273 -0.00841842 0.00869601 0.0012844
internal_weight=11.3272 5.09717 6.23004 4.75171 4.36156 1.47833
internal_count=6507 1243 5264 5081 761 183
is_linear=0
shrinkage=0.025


Tree=213
num_leaves=7
num_cat=0
split_feature=13 25 18 14 24 0
split_gain=1.02079 0.574158 0.486276 0.261156 0.135768 0.108271
threshold=4.0164837837219247 0.74213770031929027 0.52887555956840526 0.13959091156721118 -4.8159768581390372 1.9930752515792849
decision_type=2 2 2 2 2 2
left_child=2 5 4 -3 -1 -2
right_child=1 3 -4 -5 -6 -7
leaf_value=0 0 0.0024921420336889112 0.0011641837653910837 -0.0045567880313672751 -0.0095311140079212386 0.0089851001401033883
leaf_weight=0.34531894343672354 0.10419458882461219 0.73804584971367182 1.7236863516518495 1.88399999714602 2.9965541513811331 3.7003084271746047
leaf_count=35 64 907 286 1327 3529 301
internal_value=0 0.0050485 -0.00586942 -0.00141942 -0.00876981 0.00849063
internal_weight=11.4921 6.42655 5.06556 2.62205 3.34187 3.8045
internal_count=6449 2599 3850 2234 3564 365
is_linear=0
shrinkage=0.025


Tree=214
num_leaves=6
num_cat=0
split_feature=21 26 12 17 24
split_gain=0.842271 0.604633 0.444859 0.404454 0.0549324
threshold=0.0038791496772319083 -0.88267394900321949 2.6200177669525151 0.014015813358128073 -4.8159768581390372
decision_type=2 2 2 2 2
left_child=4 2 -2 -3 -1
right_child=1 3 -4 -5 -6
leaf_value=0 -0.0016710490026351874 0.0029780665182611733 0.0084645250167657716 -0.0059252341232591058 -0.0074128414167904432
leaf_weight=0.25774015183560584 0.50950466534777561 0.60149469407770029 5.4936363496417471 2.2192818662151694 2.2628893057808463
leaf_count=22 246 199 1060 1731 3122
internal_value=0 0.00341963 0.00666782 -0.00253738 -0.00696433
internal_weight=11.3445 8.82392 6.00314 2.82078 2.52063
internal_count=6380 3236 1306 1930 3144
is_linear=0
shrinkage=0.025


Tree=215
num_leaves=7
num_cat=0
split_feature=22 17 27 0 6 16
split_gain=1.03381 0.873284 0.533484 0.331834 0.241792 0.135861
threshold=0.75734731554985057 0.55379953980445873 0.72317621111869823 4.011552333831788 3.9379698038101201 0.6509782373905183
decision_type=2 2 2 2 2 2
left_child=1 2 -1 -3 5 -2
right_child=4 3 -4 -5 -6 -7
leaf_value=-0.011821801515956566 0.0080138431557930708 0.0051988577039956477 0.0011953325670860807 -0.0026504359059346038 -0.00083261586978335643 0
leaf_weight=3.8054778395817266 2.8440524402394667 2.2396205996337817 0.4197498316207201 0.93596752427401941 0.2840256898489314 0.3944973145116818
leaf_count=5313 131 404 85 390 62 95
internal_value=-0.000949575 -0.00560151 -0.00990417 0.00191483 0.005643 0.00713019
internal_weight=10.9234 7.40082 4.22523 3.17559 3.52258 3.23855
internal_count=6480 6192 5398 794 288 226
is_linear=0
shrinkage=0.025


Tree=216
num_leaves=7
num_cat=0
split_feature=27 5 24 12 16 17
split_gain=0.846607 0.550624 0.392777 0.376109 0.105085 0.0912548
threshold=0.13023087382316592 3.8796538114547734 -3.6844568252563472 5.3467297554016122 0.57674682140350353 -0.26550021767616266
decision_type=2 2 2 2 2 2
left_child=1 5 4 -4 -2 -1
right_child=2 -3 3 -5 -6 -7
leaf_value=0 0.0032496874990913071 -0.0021304491634848302 -0.0095751380755428328 0.00011454676028925717 -0.0012297262717973845 0.0085910518123959861
leaf_weight=0.16380844674131401 1.4424132732310679 1.3623325564112745 3.1700953085091896 1.6946688670614092 0.22108084522187699 3.4355487691136659
leaf_count=71 89 832 4139 923 109 340
internal_value=-3.11522e-05 0.00501259 -0.00491814 -0.00721892 0.00124039 0.00810974
internal_weight=11.4899 4.96169 6.52826 4.86476 1.66349 3.59936
internal_count=6503 1243 5260 5062 198 411
is_linear=0
shrinkage=0.025


Tree=217
num_leaves=6
num_cat=0
split_feature=6 25 26 22 21
split_gain=1.20325 0.728602 0.325874 0.143525 0.0851988
threshold=3.3531315326690678 0.74213770031929027 -1.0132176876068113 0.042677221819758422 1.7990581393241885
decision_type=2 2 2 2 2
left_child=1 3 -3 -1 -2
right_child=4 2 -4 -5 -6
leaf_value=0 -0.0081472325966011252 0.0027157578039038646 -0.0050195712154556052 0.0090774982184074326 0
leaf_weight=0.19824662251994407 2.4763691960361043 0.85700375955639119 2.5216530416146279 5.0127160606280086 0.3536498759058303
leaf_count=186 2576 47 3109 504 23
internal_value=0 0.00476859 -0.00186179 0.00848623 -0.00752188
internal_weight=11.4196 8.58962 3.37866 5.21096 2.83002
internal_count=6445 3846 3156 690 2599
is_linear=0
shrinkage=0.025


Tree=218
num_leaves=7
num_cat=0
split_feature=21 22 7 12 20 11
split_gain=0.90411 0.462261 0.622371 0.26134 0.148987 0.0525158
threshold=0.96155849099159252 0.75734731554985057 5.0748519897460946 3.0119251012802128 1.5472281575202944 2.4398381710052495
decision_type=2 2 2 2 2 2
left_child=1 2 -1 -2 -5 -3
right_child=3 5 -4 4 -6 -7
leaf_value=-0.010035969183060177 -0.00092698659153796984 -0.00011634316058758606 0.0019730901138425142 0.0078218895309269312 0 0.0029073366773573845
leaf_weight=4.4278797792794649 0.52050324162701134 0.19511373239220109 0.74883983396284737 3.2706048228574223 0.25402532058069471 1.0974768662417771
leaf_count=5613 101 65 272 210 99 62
internal_value=-0.000366863 -0.0052228 -0.00756874 0.00530233 0.00695956 0.00172791
internal_weight=10.5144 6.46931 5.17672 4.04513 3.52463 1.29259
internal_count=6422 6012 5885 410 309 127
is_linear=0
shrinkage=0.025


Tree=219
num_leaves=7
num_cat=0
split_feature=21 19 5 10 3 12
split_gain=1.47742 0.841964 0.300021 0.232604 0.156063 0.11415
threshold=0.96155849099159252 0.63872236013412487 4.4129984378814706 7.0104670524597177 1.1048359870910647 2.4627940654754643
decision_type=2 2 2 2 2 2
left_child=1 3 4 -1 -2 -3
right_child=2 5 -4 -5 -6 -7
leaf_value=-0.010934486347295715 0 -0.00071782970416856462 -0.00095294903240426571 0 0.008787940216208448 0.0041089465109216483
leaf_weight=4.7191986259822443 0.17943590717914037 0.30688596541585855 0.32496246695518483 0.29084859354770731 3.8328732333538937 1.3538970298686761
leaf_count=5805 52 125 62 23 297 77
internal_value=-0.000691635 -0.00673326 0.00656091 -0.010078 0.00805403 0.00240938
internal_weight=11.0081 6.67083 4.33727 5.01005 4.01231 1.66078
internal_count=6441 6030 411 5828 349 202
is_linear=0
shrinkage=0.025


Tree=220
num_leaves=7
num_cat=0
split_feature=27 6 22 17 22 21
split_gain=1.38054 0.668969 0.38358 0.218907 0.15125 0.0712152
threshold=0.16325903683900836 4.1021375656127939 0.75734731554985057 0.66106122732162487 -0.099321972578763948 1.7990581393241885
decision_type=2 2 2 2 2 2
left_child=1 4 3 -2 -1 -3
right_child=2 5 -4 -5 -6 -7
leaf_value=0 -0.01019349120543101 -0.0036614559786644334 0.00069989947395468065 0 0.0096136975137905978 0.00014190652299590949
leaf_weight=0.3163430096610681 3.0155990917701274 0.98168349303887203 1.2603636491112409 1.116082729618938 4.5246017724493868 0.2297600336605683
leaf_count=359 4230 934 152 322 410 7
internal_value=0 0.00604176 -0.00664876 -0.00873069 0.00893567 -0.00240033
internal_weight=11.4444 6.05239 5.39205 4.13168 4.84094 1.21144
internal_count=6414 1710 4704 4552 769 941
is_linear=0
shrinkage=0.025


Tree=221
num_leaves=7
num_cat=0
split_feature=6 25 27 25 0 4
split_gain=0.979658 0.74747 0.271834 0.0997822 0.0891638 0.0328104
threshold=3.065254926681519 0.74213770031929027 0.092750731855630889 -4.4997291564941397 1.8409863114356997 3.0183509588241582
decision_type=2 2 2 2 2 2
left_child=1 4 -3 -2 -1 -5
right_child=3 2 -4 5 -6 -7
leaf_value=0 0 0.0021882633616684684 -0.0049200195287180939 0 0.0087592721359178866 -0.0079041325686179369
leaf_weight=0.084603297909779829 0.8920673100074058 0.77661478601658052 2.4831770863529528 0.2145609047620386 4.528432189283194 2.1720861477806466
leaf_count=62 100 48 2898 336 509 2540
internal_value=0 0.00438107 -0.00217035 -0.00664184 0.00838168 -0.00760818
internal_weight=11.1515 7.87283 3.25979 3.27871 4.61304 2.38665
internal_count=6493 3517 2946 2976 571 2876
is_linear=0
shrinkage=0.025


Tree=222
num_leaves=7
num_cat=0
split_feature=6 25 27 19 8 19
split_gain=0.868874 0.678705 0.279404 0.0820593 0.0733799 0.033076
threshold=3.1932774782180791 0.74213770031929027 0.092750731855630889 -0.4262991845607757 -0.94276756048202504 0.75924715399742138
decision_type=2 2 2 2 2 2
left_child=1 3 -3 -1 -2 -6
right_child=4 2 -4 -5 5 -7
leaf_value=0 0 0.0022846737037239963 -0.0049185776275881745 0.0083211028523392429 -0.0073947781363949867 0
leaf_weight=0.092524001607671269 0.40242716381180832 0.78837565820140332 2.4450562129786704 4.5006814623775426 2.1599177585303555 0.39193869922019065
leaf_count=58 71 43 2964 558 2607 91
internal_value=0 0.00412314 -0.00208231 0.00795153 -0.00639196 -0.00700766
internal_weight=10.7809 7.82664 3.23343 4.59321 2.95428 2.55186
internal_count=6392 3623 3007 616 2769 2698
is_linear=0
shrinkage=0.025


Tree=223
num_leaves=6
num_cat=0
split_feature=22 17 13 6 16
split_gain=1.20271 1.30933 0.304681 0.234006 0.158157
threshold=0.72814291715621959 0.55379953980445873 3.5632777214050297 3.9582078456878667 0.57674682140350353
decision_type=2 2 2 2 2
left_child=1 -1 -3 4 -2
right_child=3 2 -4 -5 -6
leaf_value=-0.011764468864672646 0.0083390051348821541 -0.0019928589826855004 0.0056294687828660284 -0.00068816454308125077 0
leaf_weight=3.739300973014906 2.9769165054094637 0.93857175183802644 2.2708724749900284 0.26862953697855108 0.43669221873278719
leaf_count=5305 146 503 268 65 105
internal_value=-0.000985975 -0.00616942 0.00278294 0.00599558 0.00736078
internal_weight=10.631 6.94875 3.20944 3.68224 3.41361
internal_count=6392 6076 771 316 251
is_linear=0
shrinkage=0.025


Tree=224
num_leaves=7
num_cat=0
split_feature=27 6 22 27 17 25
split_gain=0.710071 0.480907 0.480556 0.362611 0.190286 0.0605207
threshold=0.13023087382316592 4.6459898948669442 0.75734731554985057 0.72317621111869823 -0.0064050564542412749 -0.65154406428337086
decision_type=2 2 2 2 2 2
left_child=1 4 3 -2 -1 -4
right_child=2 -3 5 -5 -6 -7
leaf_value=0 -0.0087594234713512849 -0.0023739357239642746 0.0031640665368913683 0.0010898474298947328 0.0085009025683703745 -0.0001390171538814559
leaf_weight=0.4500306061527225 4.1943603428517235 0.68278242494125141 1.3937787156610282 0.43601858182228159 3.5800426314708602 0.28111153906502284
leaf_count=267 4970 528 82 92 423 89
internal_value=0 0.00489331 -0.00432247 -0.00709867 0.0074494 0.00198448
internal_weight=11.0181 4.71286 6.30527 4.63038 4.03007 1.67489
internal_count=6451 1218 5233 5062 690 171
is_linear=0
shrinkage=0.025


Tree=225
num_leaves=7
num_cat=0
split_feature=6 25 14 19 21 22
split_gain=0.821738 0.810834 0.242503 0.163011 0.0803179 0.0768708
threshold=3.2833491563797002 0.74213770031929027 0.13959091156721118 -0.14271000027656552 1.7990581393241885 0.93059036135673534
decision_type=2 2 2 2 2 2
left_child=1 3 -3 -1 5 -2
right_child=4 2 -4 -5 -6 -7
leaf_value=0 -0.0076324421439877797 0.0015591947023491622 -0.0052292761480298685 0.0088634293797252312 0 0
leaf_weight=0.39954367957761849 2.0731669345586869 0.94154962424363509 2.2677398802661628 4.5063428936045948 0.33163619466358785 0.50023880382650521
leaf_count=232 2547 1359 1746 441 23 50
internal_value=0 0.00390299 -0.0027397 0.00806888 -0.00630048 -0.00693272
internal_weight=11.0202 8.11518 3.20929 4.90589 2.90504 2.57341
internal_count=6398 3778 3105 673 2620 2597
is_linear=0
shrinkage=0.025


Tree=226
num_leaves=7
num_cat=0
split_feature=27 5 22 27 24 25
split_gain=1.06755 0.454584 0.319503 0.414209 0.17374 0.0272283
threshold=0.13821415603160861 4.7413187026977548 0.75734731554985057 0.72317621111869823 0.45058451592922216 -0.24053782969713208
decision_type=2 2 2 2 2 2
left_child=1 4 3 -2 -1 -4
right_child=2 -3 5 -5 -6 -7
leaf_value=0.0082631797538802593 -0.010031477327647698 -0.0022254473813921507 0.0017255112778255387 0.0010171955887597372 0 -0.00026344361956888917
leaf_weight=3.8733123002602952 3.8390718304581242 0.63924447437238985 0.97072803610353731 0.44966769669554185 0.21585469729325257 0.29550920240581013
leaf_count=420 4856 472 77 91 428 89
internal_value=-0.000869425 0.00497823 -0.00643943 -0.00827621 0.00739673 0.000424097
internal_weight=10.2834 4.72841 5.55498 4.28874 4.08917 1.26624
internal_count=6433 1320 5113 4947 848 166
is_linear=0
shrinkage=0.025


Tree=227
num_leaves=4
num_cat=0
split_feature=22 13 26
split_gain=1.11046 0.833231 0.487184
threshold=0.035654306411743171 2.9715204238891606 -0.84888690710067738
decision_type=2 2 2
left_child=-1 -2 -3
right_child=1 2 -4
leaf_value=-0.0085170212524331868 -0.0047597175650691027 0.0089972289932127077 -0.0011369326774054494
leaf_weight=2.8325583096884657 1.0898558750704976 5.1884476425439052 1.3738429434524739
leaf_count=4559 592 528 722
internal_value=-0.00113176 0.00339351 0.00676087
internal_weight=10.4847 7.65215 6.56229
internal_count=6401 1842 1250
is_linear=0
shrinkage=0.025


Tree=228
num_leaves=5
num_cat=0
split_feature=22 6 26 21
split_gain=1.06913 0.602242 0.465809 0.233583
threshold=0.035654306411743171 4.1021375656127939 -0.79753479361534108 1.3374243378639223
decision_type=2 2 2 2
left_child=3 2 -2 -1
right_child=1 -3 -4 -5
leaf_value=-0.0085743991760558608 0.0089685312853474992 -0.0032825604172476426 -0.0010247209635244382 0.00024097147420310108
leaf_weight=2.6738234978183759 5.5382182080138591 0.84148134171118716 1.3349342583569521 0.4308404494950081
leaf_count=4619 738 439 626 31
internal_value=0 0.00443157 0.00688703 -0.00718595
internal_weight=10.8193 7.71463 6.87315 3.10466
internal_count=6453 1803 1364 4650
is_linear=0
shrinkage=0.025


Tree=229
num_leaves=7
num_cat=0
split_feature=6 25 14 24 21 19
split_gain=0.952487 0.847262 0.267566 0.0765363 0.0808148 0.0656375
threshold=3.1932774782180791 0.74213770031929027 0.13959091156721118 -5.3866918087005606 1.7990581393241885 -0.19253262132406232
decision_type=2 2 2 2 2 2
left_child=1 5 -3 -2 -5 -1
right_child=3 2 -4 4 -6 -7
leaf_value=0 0 0.0016294966634792249 -0.0055896735311622347 -0.0082599464050831847 0 0.0086267819660263267
leaf_weight=0.43484877407172451 0.37540014437399838 0.93476631987141479 2.0902445146421087 2.2800437854639317 0.27257163927424688 4.3717376593813242
leaf_count=166 29 1334 1739 2769 23 445
internal_value=0 0.00391781 -0.0029547 -0.00708842 -0.00768614 0.00818157
internal_weight=10.7596 7.8316 3.02501 2.92802 2.55262 4.80659
internal_count=6505 3684 3073 2821 2792 611
is_linear=0
shrinkage=0.025


Tree=230
num_leaves=7
num_cat=0
split_feature=26 22 5 21 25 17
split_gain=1.24155 0.670708 0.60588 0.215242 0.0543841 0.0322075
threshold=-0.96905222535133351 0.75734731554985057 4.497793674468995 0.18308112770318988 -0.24053782969713208 0.66106122732162487
decision_type=2 2 2 2 2 2
left_child=2 5 3 -1 -3 -2
right_child=1 4 -4 -5 -6 -7
leaf_value=-8.1078104069365103e-05 -0.010752165988705126 0.0028896768082001326 -0.0027517264313800327 0.0092692129649360952 -0.00016139506297635416 0
leaf_weight=0.22567703634558745 3.1092455354882986 1.2864461283388662 0.75969363378317201 3.6900949501468858 0.28002032509539265 1.1166530540067467
leaf_count=337 4639 76 584 363 89 377
internal_value=-0.00107685 -0.00692009 0.00535143 0.00828606 0.00168487 -0.00997169
internal_weight=10.4678 5.79237 4.67547 3.91577 1.56647 4.2259
internal_count=6465 5181 1284 700 165 5016
is_linear=0
shrinkage=0.025


Tree=231
num_leaves=6
num_cat=0
split_feature=21 24 27 5 23
split_gain=0.831316 0.375257 0.418164 0.24432 0.194919
threshold=0.96155849099159252 -4.8159768581390372 0.72317621111869823 4.4129984378814706 -6.053377389907836
decision_type=2 2 2 2 2
left_child=1 -1 -3 4 -2
right_child=3 2 -4 -5 -6
leaf_value=0.0013381283572462058 -0.00023018364433640857 -0.0091790978091817171 0.0013474054580255696 -0.0010856916227923645 0.0076174459349916237
leaf_weight=0.98233528894343169 0.33629324490903023 4.478949925305642 0.39316412166226644 0.35055566777009506 3.1319872815838607
leaf_count=71 122 5832 87 64 235
internal_value=-0.00072095 -0.00545733 -0.00744435 0.00480875 0.00643184
internal_weight=9.67329 5.85445 4.87211 3.81884 3.46828
internal_count=6411 5990 5919 421 357
is_linear=0
shrinkage=0.025


Tree=232
num_leaves=7
num_cat=0
split_feature=27 6 27 18 24 26
split_gain=0.80688 0.551747 0.307679 0.313889 0.222406 0.0603388
threshold=0.16325903683900836 4.6459898948669442 0.72317621111869823 0.45582196116447454 0.45058451592922216 -0.36014892160892481
decision_type=2 2 2 2 2 2
left_child=1 4 3 -2 -1 -4
right_child=2 -3 5 -5 -6 -7
leaf_value=0.0087406651511756847 -0.0084246324417425172 -0.0026107774839002869 0.0030782351856973606 0.00021586101810791583 -0.0002214117016280898 -0.00029574584219925005
leaf_weight=4.5618904969232972 3.3568708224011061 0.74217726969436615 0.33715074598148931 1.5518201149461672 0.24147018891744654 0.24969482644519292
leaf_count=555 4335 632 19 286 518 85
internal_value=5.06425e-05 0.00520838 -0.00456031 -0.00633174 0.00776945 0.00154406
internal_weight=11.0411 5.54554 5.49554 4.90869 4.80336 0.586846
internal_count=6430 1705 4725 4621 1073 104
is_linear=0
shrinkage=0.025


Tree=233
num_leaves=7
num_cat=0
split_feature=6 25 27 19 24 7
split_gain=0.773732 0.526167 0.268507 0.165353 0.150676 0.0913186
threshold=2.9681906700134282 0.74213770031929027 0.092750731855630889 -0.17822061479091642 -5.3866918087005606 -1.0614281892776487
decision_type=2 2 2 2 2 2
left_child=1 3 -3 -1 -2 -6
right_child=4 2 -4 -5 5 -7
leaf_value=0 0 0.0024352741547414188 -0.0046186349821615144 0.0081209313868604912 0 -0.0079269126166292194
leaf_weight=0.19631658864818735 0.46939069317886639 0.75748699656833229 2.3444148143389612 3.8422206971008563 0.38057130599918387 2.3348326304039797
leaf_count=135 31 47 2829 381 111 2914
internal_value=0 0.00378513 -0.0016848 0.00728582 -0.00615074 -0.00723457
internal_weight=10.3252 7.14044 3.1019 4.03854 3.18479 2.7154
internal_count=6448 3392 2876 516 3056 3025
is_linear=0
shrinkage=0.025


Tree=234
num_leaves=7
num_cat=0
split_feature=13 21 18 15 22 8
split_gain=0.92133 0.497911 0.492673 0.293263 0.175388 0.0664456
threshold=4.0164837837219247 0.0038791496772319083 0.52887555956840526 0.34547941386699682 1.1347773075103762 1.986946761608124
decision_type=2 2 2 2 2 2
left_child=2 -2 4 -3 -1 -4
right_child=1 3 5 -5 -6 -7
leaf_value=-0.0092401688744897081 -0.0023209598219382662 0.0092708823267417806 0.0029358858318220653 0 0 -0.00047309018989546791
leaf_weight=2.8646297766608773 0.73769096142495971 3.971114598960412 1.3519173614622557 1.3434875485945665 0.23967272524896532 0.37903833542077325
leaf_count=3620 1175 961 108 442 14 191
internal_value=4.21436e-05 0.00527456 -0.00522369 0.0075488 -0.00832645 0.00146394
internal_weight=10.8876 6.05229 4.83526 5.3146 3.1043 1.73096
internal_count=6511 2578 3933 1403 3634 299
is_linear=0
shrinkage=0.025


Tree=235
num_leaves=7
num_cat=0
split_feature=13 22 21 21 15 6
split_gain=0.748198 0.603229 0.37961 0.37254 0.283224 0.113385
threshold=4.1448700428009042 0.72814291715621959 0.019527789205312732 1.7990581393241885 0.34547941386699682 3.9379698038101201
decision_type=2 2 2 2 2 2
left_child=1 3 -2 -1 -4 -3
right_child=2 5 4 -5 -6 -7
leaf_value=-0.010365574110298268 -0.0020439810803613455 0.0038237517560064265 0.0083195475593294179 0.00066974827048465395 -0.00018965531207744559 -0.00089672359408024939
leaf_weight=2.8847412943468957 0.67255960418333405 1.4372186890032024 3.5340141357592074 0.47619761340320099 1.2291219543440091 0.29829226710717183
leaf_count=4007 1102 90 821 22 430 68
internal_value=0 -0.00514527 0.00438142 -0.00858901 0.006511 0.00202111
internal_weight=10.5321 5.09645 5.4357 3.36094 4.76314 1.73551
internal_count=6540 4187 2353 4029 1251 158
is_linear=0
shrinkage=0.025


Tree=236
num_leaves=5
num_cat=0
split_feature=21 13 14 24
split_gain=0.845046 0.506679 0.48207 0.0422073
threshold=0.0038791496772319083 2.2260850667953496 0.44406475126743322 -4.8159768581390372
decision_type=2 2 2 2
left_child=3 -2 -3 -1
right_child=1 2 -4 -5
leaf_value=0 -0.0028614007550285961 0.0090725378103335887 -0.00038596609117522791 -0.0064901982972701711
leaf_weight=0.23104093488655086 0.74958505501854045 5.2003391042781004 2.6723732349892089 1.9324871146236553
leaf_count=21 496 1798 920 3124
internal_value=0.000681481 0.00445078 0.00647351 -0.00608947
internal_weight=10.7858 8.6223 7.87271 2.16353
internal_count=6359 3214 2718 3145
is_linear=0
shrinkage=0.025


Tree=237
num_leaves=7
num_cat=0
split_feature=26 5 22 17 24 25
split_gain=0.772711 0.494381 0.490536 0.17131 0.140034 0.0499652
threshold=-0.96905222535133351 4.497793674468995 0.75734731554985057 0.52575585246086132 0.45058451592922216 -0.65154406428337086
decision_type=2 2 2 2 2 2
left_child=1 4 3 -2 -1 -4
right_child=2 -3 5 -5 -6 -7
leaf_value=0.0077284816329857252 -0.0098911985412579364 -0.0027841356425557123 0.0026619090969223196 0 0 -0.00020187990886410211
leaf_weight=3.3701141366182132 2.7670323798447498 0.75283401477281575 1.2607668808341257 1.6346957951973307 0.17553466606113932 0.28587274855817657
leaf_count=368 4312 590 83 628 349 92
internal_value=-0.00127206 0.0039899 -0.00573098 -0.00833287 0.00694701 0.00142798
internal_weight=10.2469 4.29848 5.94837 4.40173 3.54565 1.54664
internal_count=6422 1307 5115 4940 717 175
is_linear=0
shrinkage=0.025


Tree=238
num_leaves=6
num_cat=0
split_feature=21 13 14 26 16
split_gain=0.865748 0.68121 0.246329 0.135701 0.0203679
threshold=0.0038791496772319083 3.5500662326812749 0.42531791329383856 -1.0073124170303343 1.4034280180931094
decision_type=2 2 2 2 2
left_child=4 3 -3 -2 -1
right_child=1 2 -4 -5 -6
leaf_value=-0.0065228589561853014 0.00060135233713640439 0.0094496638379151961 0 -0.0045413228981582409 0
leaf_weight=1.9178070210109592 1.0841964864739568 3.9276824703956663 2.3736455739672238 1.3121097970542885 0.15493526010686753
leaf_count=3126 314 1155 670 1159 58
internal_value=0.000594566 0.00439896 0.00754442 -0.00253594 -0.00630997
internal_weight=10.7704 8.69763 6.30133 2.39631 2.07274
internal_count=6482 3298 1825 1473 3184
is_linear=0
shrinkage=0.025


Tree=239
num_leaves=7
num_cat=0
split_feature=27 5 19 24 22 0
split_gain=0.86956 0.661455 0.318283 0.155353 0.08015 0.0271316
threshold=0.16325903683900836 4.0254259109497079 0.51102831959724437 0.45058451592922216 1.4749805331230166 5.4891815185546884
decision_type=2 2 2 2 2 2
left_child=1 3 4 -1 -2 -4
right_child=2 -3 5 -5 -6 -7
leaf_value=0.008316059004856843 -0.0084070022507578019 -0.003364433546567069 0.0018425268516124615 0 0 -6.9239601206017227e-05
leaf_weight=3.8710251823831641 3.9318405219455599 1.0687484070222124 0.83700014034548065 0.17054758574886353 0.11858768563251931 0.13400819139496889
leaf_count=389 4579 921 87 370 3 72
internal_value=-0.000939352 0.00412078 -0.00619936 0.00755735 -0.00801353 0.000694917
internal_weight=10.1318 5.11032 5.02144 4.04157 4.05043 0.971008
internal_count=6421 1680 4741 759 4582 159
is_linear=0
shrinkage=0.025


Tree=240
num_leaves=6
num_cat=0
split_feature=6 25 7 19 14
split_gain=0.872512 0.616723 0.265827 0.063734 0.0137028
threshold=3.1932774782180791 0.45499326288700109 5.0748519897460946 -0.4262991845607757 -1.2241802811622617
decision_type=2 2 2 2 2
left_child=1 3 -3 -1 -2
right_child=4 2 -4 -5 -6
leaf_value=0 0 -0.005204365589222203 0.0019224267914862026 0.0072482057595501248 -0.0080715536905996543
leaf_weight=0.083785453934979048 0.33908569492632556 2.3725771913595968 0.74193771228965477 4.0175790773500921 2.2321137199505756
leaf_count=52 113 2885 270 481 2705
internal_value=-0.00117805 0.00290703 -0.00259795 0.00690479 -0.00781671
internal_weight=9.78708 7.21588 3.11451 4.10136 2.5712
internal_count=6506 3688 3155 533 2818
is_linear=0
shrinkage=0.025


Tree=241
num_leaves=7
num_cat=0
split_feature=6 25 7 21 22 19
split_gain=0.594291 0.511325 0.239785 0.186192 0.264827 0.122336
threshold=2.896875381469727 0.74213770031929027 5.0748519897460946 1.7990581393241885 0.93059036135673534 -0.19253262132406232
decision_type=2 2 2 2 2 2
left_child=1 5 -3 4 -2 -1
right_child=3 2 -4 -5 -6 -7
leaf_value=0 -0.0083479051985504236 -0.0047071143949021024 0.0020524076405494317 0.00039315420732876711 0.00032223380041851869 0.0077057238944330392
leaf_weight=0.1888993419670445 2.2303322662519358 1.9656342303678687 0.71538507527657191 0.53893541084835295 0.81889590722857963 3.6814029514644062
leaf_count=129 3092 2496 262 26 65 366
internal_value=0 0.00357938 -0.00192783 -0.00510067 -0.0064892 0.00703519
internal_weight=10.1395 6.55132 2.68102 3.58816 3.04923 3.8703
internal_count=6436 3253 2758 3183 3157 495
is_linear=0
shrinkage=0.025


Tree=242
num_leaves=7
num_cat=0
split_feature=6 26 14 22 21 20
split_gain=0.767018 0.559837 0.224561 0.1737 0.0697117 0.012886
threshold=3.3531315326690678 -0.88267394900321949 0.10022979602217676 0.035654306411743171 1.7990581393241885 1.0727142095565798
decision_type=2 2 2 2 2 2
left_child=1 3 -3 -1 5 -2
right_child=4 2 -4 -5 -6 -7
leaf_value=0 -0.0066523161020943314 0.0021384264281691201 -0.0042596818847379907 0.0085728081862250088 0 0
leaf_weight=0.53412332491279801 1.9551609313784872 0.77266045729993527 2.418022358786402 4.0023167847612058 0.32206802314613003 0.33462803744259861
leaf_count=541 2274 1000 2015 318 24 247
internal_value=0.000193055 0.00419332 -0.00158766 0.0076153 -0.00580116 -0.00641226
internal_weight=10.339 7.72712 3.19068 4.53644 2.61186 2.28979
internal_count=6419 3874 3015 859 2545 2521
is_linear=0
shrinkage=0.025


Tree=243
num_leaves=7
num_cat=0
split_feature=13 25 14 18 1 20
split_gain=0.746133 0.480673 0.263042 0.119193 0.086043 0.0345456
threshold=3.7466385364532475 0.74213770031929027 0.13959091156721118 0.67199945449829113 1.7388375997543337 2.7802977561950688
decision_type=2 2 2 2 2 2
left_child=3 4 -3 5 -2 -1
right_child=1 2 -4 -5 -6 -7
leaf_value=-0.0079803395492424652 0 0.0020463277490181202 -0.0050641195408161633 0 0.0071498810937219524 0
leaf_weight=2.6722970943337723 0.095883780428266951 0.86251479038764989 1.762176999265648 0.82416980462585332 3.2011381186384824 0.085180791127640876
leaf_count=3199 68 1125 1484 144 388 34
internal_value=-0.00130801 0.00300491 -0.00209816 -0.00676318 0.00663691 -0.00775908
internal_weight=9.50336 5.92171 2.62469 3.58165 3.29702 2.75748
internal_count=6442 3065 2609 3377 456 3233
is_linear=0
shrinkage=0.025


Tree=244
num_leaves=7
num_cat=0
split_feature=27 6 27 22 22 26
split_gain=0.758583 0.414429 0.325237 0.188895 0.176289 0.0527773
threshold=0.13023087382316592 4.6459898948669442 0.72317621111869823 1.1347773075103762 -0.084204759448766694 -0.36014892160892481
decision_type=2 2 2 2 2 2
left_child=1 4 3 -2 -1 -4
right_child=2 -3 5 -5 -6 -7
leaf_value=-3.5807247569223352e-05 -0.0076351066170970193 -0.0020273873216640139 0.0029504279054588193 1.1074075580557491e-05 0.0081669653855952554 -0.00015139523885348316
leaf_weight=0.18395577508636085 4.5658048787081498 0.61085328442641174 0.34902865621552337 0.56239313045807637 3.549428127858846 0.22825547534739588
leaf_count=318 5086 537 21 57 356 82
internal_value=0 0.00489734 -0.00483247 -0.00658798 0.00725804 0.00156714
internal_weight=10.0497 4.34424 5.70548 5.1282 3.73338 0.577284
internal_count=6457 1211 5246 5143 674 103
is_linear=0
shrinkage=0.025


Tree=245
num_leaves=7
num_cat=0
split_feature=13 22 14 21 21 25
split_gain=0.745028 0.688312 0.363975 0.359471 0.151678 0.133381
threshold=4.1068921089172372 0.88723215460777294 0.42531791329383856 0.019527789205312732 1.7990581393241885 -2.4029610157012935
decision_type=2 2 2 2 2 2
left_child=1 4 3 -2 -1 -4
right_child=2 -3 5 -5 -6 -7
leaf_value=-0.010159357409184305 -0.0011347099694978932 0.0023897341066349016 0.0012234381585536885 0.0086086370909243676 0 -0.00389950389391246
leaf_weight=2.7300968138879402 0.47969163216475896 1.3076302330591714 0.64777267936733551 2.9709529457577446 0.2398050091578624 0.9005018230382118
leaf_count=3921 925 97 47 772 18 582
internal_value=-0.000506363 -0.00576995 0.00400562 0.0066446 -0.00939215 -0.00150411
internal_weight=9.27645 4.27753 4.99892 3.45064 2.9699 1.54827
internal_count=6362 4036 2326 1697 3939 629
is_linear=0
shrinkage=0.025


Tree=246
num_leaves=7
num_cat=0
split_feature=13 22 25 17 17 26
split_gain=0.623949 0.440683 0.346953 0.225347 0.189048 0.149637
threshold=4.1068921089172372 0.75734731554985057 2.6934379339218144 1.1144715547561648 0.0093604251742362993 -1.0102671384811399
decision_type=2 2 2 2 2 2
left_child=1 3 4 -1 -2 -4
right_child=2 -3 5 -5 -6 -7
leaf_value=-0.0090832701136333814 -0.0001073699650724689 0.001692357537306022 0.0014868982642717405 0 0.0077411549582687388 -0.0039963100448434027
leaf_weight=2.3945306172026908 0.39217086610369767 1.3712855468766063 0.54047641031502258 0.84379086957778771 3.3466100041478057 0.88178812089245184
leaf_count=3782 397 138 25 111 760 1180
internal_value=0 -0.00469773 0.00418423 -0.00754714 0.0066123 -0.00140407
internal_weight=9.77065 4.60961 5.16105 3.23832 3.73878 1.42226
internal_count=6393 4031 2362 3893 1157 1205
is_linear=0
shrinkage=0.025


Tree=247
num_leaves=6
num_cat=0
split_feature=21 14 6 25 24
split_gain=0.572134 0.593066 0.476985 0.200065 0.0388114
threshold=0.0038791496772319083 0.44406475126743322 4.6459898948669442 -2.7673089504241939 -4.8159768581390372
decision_type=2 2 2 2 2
left_child=4 2 -2 -3 -1
right_child=1 3 -4 -5 -6
leaf_value=0 0.0082609922751331714 0.0010620942047228858 -0.0019527183713295608 -0.0053264924084281623 -0.0063099833799436338
leaf_weight=0.22682281440938856 5.0845548698380281 0.88558940526854746 0.56641188315916213 1.5450324202065528 1.8790713771486487
leaf_count=21 1927 112 298 963 3188
internal_value=0 0.00287257 0.00621435 -0.00300931 -0.00592717
internal_weight=10.1875 8.08159 5.65097 2.43062 2.10589
internal_count=6509 3300 2225 1075 3209
is_linear=0
shrinkage=0.025


Tree=248
num_leaves=7
num_cat=0
split_feature=27 13 24 21 0 21
split_gain=1.01061 0.420952 0.243 0.073352 0.0444665 0.0371984
threshold=0.13023087382316592 2.9715204238891606 -4.8159768581390372 0.18308112770318988 3.5839097499847417 0.98096084594726574
decision_type=2 2 2 2 2 2
left_child=1 4 -2 -3 -1 -4
right_child=2 3 5 -5 -6 -7
leaf_value=0 8.5542336518126921e-06 0 -0.0094618126817538686 0.0073198897504855552 -0.0031242050991937315 0
leaf_weight=0.20424255406760483 0.74242339951160818 0.17308070098442874 3.35060197502753 2.8752522902323108 0.76651714711260865 1.0210964525031156
leaf_count=53 95 187 4949 222 754 196
internal_value=-0.00241392 0.00396115 -0.00752338 0.0068361 -0.00218453 -0.00879152
internal_weight=9.13321 4.01909 5.11412 3.04833 0.97076 4.3717
internal_count=6456 1216 5240 409 807 5145
is_linear=0
shrinkage=0.025


Tree=249
num_leaves=7
num_cat=0
split_feature=26 5 22 19 22 6
split_gain=1.23301 0.486143 0.422228 0.127049 0.0963145 0.034901
threshold=-0.96905222535133351 4.0254259109497079 0.75734731554985057 0.56465518474578869 -0.25619027018547053 3.9379698038101201
decision_type=2 2 2 2 2 2
left_child=1 4 3 -2 -1 -3
right_child=2 5 -4 -5 -6 -7
leaf_value=0 -0.0099746929721694997 0 0.00062411631197656391 0 0.0085467842927627723 -0.002749363958732912
leaf_weight=0.10010729924397344 3.5645028733597433 0.25274025717953896 1.424919524703 0.32730595824250475 3.4451302637608023 0.7698762343825365
leaf_count=194 4861 48 184 73 319 753
internal_value=-0.00101564 0.00535786 -0.00704008 -0.00932212 0.00807139 -0.00190261
internal_weight=9.88458 4.56785 5.31673 3.89181 3.54524 1.02262
internal_count=6432 1314 5118 4934 513 801
is_linear=0
shrinkage=0.025


Tree=250
num_leaves=7
num_cat=0
split_feature=26 27 12 22 22 26
split_gain=0.591033 0.350162 0.296192 0.278318 0.0762793 0.05072
threshold=-1.0023156404495237 0.72317621111869823 2.6200177669525151 0.83477169275283825 -0.25619027018547053 -0.36014892160892481
decision_type=2 2 2 2 2 2
left_child=2 3 -1 -2 -4 -3
right_child=1 5 4 -5 -6 -7
leaf_value=-0.0017340376435516947 -0.0084420688148498912 0.0029857520691289156 0 0.00015891783794374768 0.0065718992917674843 -5.6698436513131005e-05
leaf_weight=0.54758197852061163 3.9937065527665254 0.34030621826241259 0.11000440349016649 1.1102510011987758 2.8000252813653783 0.20800048955425143
leaf_count=410 5262 21 196 148 298 81
internal_value=-0.00105213 -0.00498062 0.00377879 -0.00679976 0.00604666 0.00169413
internal_weight=9.10988 5.65226 3.45761 5.10396 2.91003 0.548307
internal_count=6416 5512 904 5410 494 102
is_linear=0
shrinkage=0.025


Tree=251
num_leaves=7
num_cat=0
split_feature=21 22 7 13 16 13
split_gain=0.618145 0.385497 0.508521 0.21789 0.170075 0.0499955
threshold=0.96155849099159252 0.75734731554985057 5.0748519897460946 2.2260850667953496 0.6509782373905183 2.9715204238891606
decision_type=2 2 2 2 2 2
left_child=1 2 -1 -2 -5 -3
right_child=3 5 -4 4 -6 -7
leaf_value=-0.0086768293256734089 -0.00084608820425127556 0 0.0019107382342839344 0.0075095860191339014 0 0.0029823613408244444
leaf_weight=4.0766042098039179 0.32839882836560752 0.17389765362895548 0.72939261877399975 3.0925242412777156 0.47600067574967386 1.1130510534057974
leaf_count=5574 92 61 269 203 135 70
internal_value=0 -0.00389898 -0.00627767 0.00494669 0.00639184 0.00191789
internal_weight=9.98987 6.09295 4.806 3.89692 3.56852 1.28695
internal_count=6404 5974 5843 430 338 131
is_linear=0
shrinkage=0.025


Tree=252
num_leaves=7
num_cat=0
split_feature=13 25 24 21 21 26
split_gain=0.642298 0.544609 0.355078 0.296805 0.192555 0.0899856
threshold=4.0164837837219247 2.6934379339218144 -3.6844568252563472 1.7990581393241885 0.0038791496772319083 -1.0132176876068113
decision_type=2 2 2 2 2 2
left_child=2 4 -1 -4 -2 -3
right_child=1 5 3 -5 -6 -7
leaf_value=0.001152820403291856 -0.00010638509021206845 0.00028502184199083691 -0.0090850697592892767 0.00054598542226969992 0.0082088469269783939 -0.0040743814927944591
leaf_weight=1.3314339921998906 0.25422062908546639 0.3638972135595393 2.464156748112146 0.47386405494762573 3.9148972660950676 0.93221821802580962
leaf_count=142 446 30 3712 25 824 1280
internal_value=0 0.00417867 -0.00485732 -0.00737888 0.00723865 -0.0026034
internal_weight=9.73469 5.46523 4.26945 2.93802 4.16912 1.29612
internal_count=6459 2580 3879 3737 1270 1310
is_linear=0
shrinkage=0.025


Tree=253
num_leaves=7
num_cat=0
split_feature=13 25 22 21 21 27
split_gain=0.727207 0.501851 0.469126 0.210865 0.133043 0.102388
threshold=4.1068921089172372 2.6934379339218144 0.83477169275283825 0.019527789205312732 1.3374243378639223 0.024005168117582801
decision_type=2 2 2 2 2 2
left_child=2 3 4 -2 -1 -3
right_child=1 5 -4 -5 -6 -7
leaf_value=-0.0090545832817255281 -0.0002037588568719506 0.00057503655787302145 0.0016226071311158401 0.0083754279824246498 0 -0.0040248687889977682
leaf_weight=2.5571424670451965 0.27448800431011511 0.34291364297678206 1.2943927667001842 3.649185407506593 0.50732793984934677 0.89184259138710331
leaf_count=3942 452 17 106 714 63 1191
internal_value=0 0.00437808 -0.00526868 0.00729698 -0.00815579 -0.00230827
internal_weight=9.51729 5.15843 4.35886 3.92367 3.06447 1.23476
internal_count=6485 2374 4111 1166 4005 1208
is_linear=0
shrinkage=0.025


Tree=254
num_leaves=6
num_cat=0
split_feature=6 25 27 20 19
split_gain=0.898431 0.589477 0.211565 0.0618987 0.0589182
threshold=3.065254926681519 0.45499326288700109 0.092750731855630889 -1.0419143438339231 -0.4262991845607757
decision_type=2 2 2 2 2
left_child=1 4 -3 -2 -1
right_child=3 2 -4 -5 -6
leaf_value=0 0 0.0019409532773399065 -0.0043046987458915881 -0.0072931279755980563 0.0081301621770850773
leaf_weight=0.070232360296358709 0.48823602393167709 0.74618774873670224 2.2607937513930665 2.0924608529057878 4.1413929883055971
leaf_count=48 73 48 2916 2847 466
internal_value=0 0.00427172 -0.00173005 -0.00668287 0.00784844
internal_weight=9.7993 7.21861 3.00698 2.5807 4.21163
internal_count=6398 3478 2964 2920 514
is_linear=0
shrinkage=0.025


Tree=255
num_leaves=7
num_cat=0
split_feature=6 21 14 21 22 24
split_gain=0.636348 0.477761 0.406012 0.075423 0.0416381 0.0158134
threshold=3.3531315326690678 0.0038791496772319083 0.42531791329383856 1.7990581393241885 0.88723215460777294 -5.3866918087005606
decision_type=2 2 2 2 2 2
left_child=1 4 -3 5 -1 -2
right_child=3 2 -4 -5 -6 -7
leaf_value=-0.003403912893594146 0 0.0087462885705599028 -0.00031446103860465998 0 0 -0.0063327091235714913
leaf_weight=1.0121355961346123 0.24663636082550566 4.0223012890710379 2.3038537987595191 0.3088595347944646 0.15558325109304849 1.8007874224094849
leaf_count=1875 21 1306 763 22 5 2453
internal_value=0.000109389 0.00381863 0.0062126 -0.0054151 -0.00265988 -0.00610715
internal_weight=9.85016 7.49387 6.32616 2.35628 1.16772 2.04742
internal_count=6445 3949 2069 2496 1880 2474
is_linear=0
shrinkage=0.025


Tree=256
num_leaves=7
num_cat=0
split_feature=21 19 27 5 16 13
split_gain=0.692053 0.40879 0.452176 0.209084 0.19648 0.187983
threshold=0.96155849099159252 0.24884600192308429 0.72317621111869823 4.077364683151246 0.6509782373905183 2.9715204238891606
decision_type=2 2 2 2 2 2
left_child=1 2 -1 4 -2 -3
right_child=3 5 -4 -5 -6 -7
leaf_value=-0.0098343961923639429 0.0074430133733109187 -0.0022614469652978502 0.0014056088712446498 -0.00086826953036083204 -0.00024011349053076328 0.00371761069441807
leaf_weight=2.9486228609821414 2.8796980998158697 0.60258058639010448 0.3864527248952071 0.32178272488818027 0.43337387252540782 1.8394721661716174
leaf_count=5265 196 386 82 84 135 339
internal_value=-0.000355175 -0.00478718 -0.00772023 0.00465825 0.00614623 0.000874296
internal_weight=9.41198 5.77713 3.33508 3.63485 3.31307 2.44205
internal_count=6487 6072 5347 415 331 725
is_linear=0
shrinkage=0.025


Tree=257
num_leaves=7
num_cat=0
split_feature=22 17 27 6 23 2
split_gain=0.633055 0.480102 0.42183 0.170925 0.167276 0.139144
threshold=0.75734731554985057 0.72362229228019725 0.72317621111869823 3.9379698038101201 -5.5430481433868399 4.0046634674072275
decision_type=2 2 2 2 2 2
left_child=1 2 -1 4 -2 -3
right_child=3 5 -4 -5 -6 -7
leaf_value=-0.0094925682611283774 -0.00020679729550888678 0.0037959293120525548 0.001287887761496444 -0.00058281567705526025 0.0070951457375690447 -0.0013582956717601404
leaf_weight=3.5249877544192718 0.20591064049222119 1.5434757002149129 0.40431103286391579 0.24659365396655619 2.5106677995972859 0.5094887184750404
leaf_count=5596 93 202 88 60 139 237
internal_value=-0.000534505 -0.00458547 -0.00758334 0.00460305 0.00595636 0.00157452
internal_weight=8.94544 5.98226 3.9293 2.96317 2.71658 2.05296
internal_count=6415 6123 5684 292 232 439
is_linear=0
shrinkage=0.025


Tree=258
num_leaves=7
num_cat=0
split_feature=6 21 14 24 21 11
split_gain=0.645636 0.419311 0.385556 0.0756918 0.0848875 0.0379508
threshold=3.2833491563797002 0.0038791496772319083 0.42531791329383856 -5.3866918087005606 1.7990581393241885 2.6803156137466435
decision_type=2 2 2 2 2 2
left_child=1 5 -3 -2 -5 -1
right_child=3 2 -4 4 -6 -7
leaf_value=0 0 0.0085121801197220945 -0.00027085848201386818 -0.0068940706361213903 0 -0.0031389074684390963
leaf_weight=0.15626678441185482 0.33666723879287053 3.8513140753566404 2.3777075992584287 1.9477283298874684 0.31069831509375934 0.94251726734364638
leaf_count=5 24 1290 775 2617 21 1793
internal_value=0 0.00375337 0.0059752 -0.00550119 -0.00617935 -0.00238979
internal_weight=9.9229 7.32781 6.22902 2.59509 2.25843 1.09878
internal_count=6525 3863 2065 2662 2638 1798
is_linear=0
shrinkage=0.025


Tree=259
num_leaves=7
num_cat=0
split_feature=13 25 24 21 26 21
split_gain=0.720925 0.376586 0.302367 0.179449 0.149808 0.147006
threshold=4.0164837837219247 2.6934379339218144 -3.564820289611816 0.0038791496772319083 -1.030191898345947 1.3374243378639223
decision_type=2 2 2 2 2 2
left_child=2 3 -1 -2 -3 -4
right_child=1 4 5 -5 -6 -7
leaf_value=0.00070564678810482997 -0.00011310297785081057 0.0014180733036667816 -0.0085618554031771359 0.0076987529708281658 -0.0040730824656192034 0
leaf_weight=1.2318338340846819 0.25719289777407528 0.52334933097881708 2.3037966104529919 3.8557991944508103 0.90796445780870272 0.55958006449509401
leaf_count=153 456 20 3629 805 1266 66
internal_value=0 0.00427746 -0.00532244 0.00673039 -0.00155196 -0.00751028
internal_weight=9.63952 5.54431 4.09521 4.11299 1.43131 2.86338
internal_count=6395 2547 3848 1261 1286 3695
is_linear=0
shrinkage=0.025


Tree=260
num_leaves=7
num_cat=0
split_feature=21 22 18 13 16 13
split_gain=0.846395 0.297688 0.213724 0.19715 0.161599 0.027471
threshold=0.98096084594726574 0.75734731554985057 -0.44390286505222315 2.2260850667953496 0.6509782373905183 2.9715204238891606
decision_type=2 2 2 2 2 2
left_child=1 2 -1 -2 -5 -3
right_child=3 5 -4 4 -6 -7
leaf_value=0 -0.00081105918092864472 -0.00010801541064393798 -0.0088519877292234147 0.0071529492894989253 0 0.001835730126054477
leaf_weight=0.77628399271270598 0.32047230380703728 0.20215752974036127 3.9164352405896352 2.70667831670653 0.4684936024568741 0.80976934087084373
leaf_count=679 87 62 5255 178 136 65
internal_value=-0.0013558 -0.00596988 -0.0076355 0.00452029 0.00598984 0.000640935
internal_weight=9.20029 5.70465 4.69272 3.49564 3.17517 1.01193
internal_count=6462 6061 5934 401 314 127
is_linear=0
shrinkage=0.025


Tree=261
num_leaves=7
num_cat=0
split_feature=26 5 26 22 22 26
split_gain=0.631496 0.42931 0.318117 0.273204 0.0899073 0.0481687
threshold=-0.99703708291053761 4.4129984378814706 -0.38688518106937403 0.75734731554985057 -0.25619027018547053 -0.36014892160892481
decision_type=2 2 2 2 2 2
left_child=1 4 3 -2 -1 -4
right_child=2 -3 5 -5 -6 -7
leaf_value=0 -0.0077752974789137416 -0.0020761889833548998 0.0030361189919047389 0.00030570681749325824 0.0079550994623002035 0
leaf_weight=0.10298661870547254 3.7485057813464664 0.60746162064606313 0.33120372152188793 1.2416620584881455 3.1551298497142857 0.1874912816856521
leaf_count=178 5167 526 27 165 261 71
internal_value=0 0.00493308 -0.00412643 -0.0059923 0.00746257 0.00185733
internal_weight=9.37444 3.86558 5.50886 4.99017 3.25812 0.518695
internal_count=6395 965 5430 5332 439 98
is_linear=0
shrinkage=0.025


Tree=262
num_leaves=7
num_cat=0
split_feature=13 21 23 21 20 27
split_gain=0.73324 0.324891 0.341352 0.237655 0.119142 0.0177268
threshold=4.0164837837219247 0.0038791496772319083 -2.4613231420516963 1.3374243378639223 1.2299522161483767 0.10318859294056894
decision_type=2 2 2 2 2 2
left_child=3 -2 -3 4 -1 -5
right_child=1 2 -4 5 -6 -7
leaf_value=-0.0084316802032598313 -0.0019572804818727462 -0.00066340685938878351 0.0080747492804017097 0.0014459292598045243 0 0
leaf_weight=2.5368718855825145 0.65574470764113346 1.3719562214027972 3.2848515105979459 0.61077461787499476 0.39894900765284536 0.18432426417712122
leaf_count=3512 1193 592 832 28 243 51
internal_value=-0.000495925 0.00379159 0.0058426 -0.00599198 -0.0076247 0.000335233
internal_weight=9.04347 5.31255 4.65681 3.73092 2.93582 0.795099
internal_count=6451 2617 1424 3834 3755 79
is_linear=0
shrinkage=0.025


Tree=263
num_leaves=7
num_cat=0
split_feature=27 6 6 25 21 19
split_gain=0.707093 0.380448 0.331371 0.187683 0.166279 0.133105
threshold=0.13023087382316592 4.6459898948669442 1.4644142985343935 2.6934379339218144 0.041212081909179694 0.68684935569763195
decision_type=2 2 2 2 2 2
left_child=1 4 3 -2 -1 -4
right_child=2 -3 5 -5 -6 -7
leaf_value=0 0.0035856102849124933 -0.0018217767152408988 -0.0082582590801242185 -0.0023986115109796533 0.0080961896066558802 0
leaf_weight=0.20389714311386375 1.6875315687684636 0.57352618592267379 2.4686695635646179 0.78808694759209164 3.3008181116383639 0.40313830777449755
leaf_count=301 599 535 3876 721 384 56
internal_value=0 0.00493281 -0.00462183 0.000514407 0.00719424 -0.00735785
internal_weight=9.42567 4.07824 5.34743 2.47562 3.50472 2.87181
internal_count=6472 1220 5252 1320 685 3932
is_linear=0
shrinkage=0.025


Tree=264
num_leaves=7
num_cat=0
split_feature=26 22 12 22 19 25
split_gain=0.697534 0.38951 0.285019 0.11803 0.0943998 0.0335301
threshold=-1.0023156404495237 0.75734731554985057 2.6200177669525151 -0.099321972578763948 0.40106500685215002 -0.65154406428337086
decision_type=2 2 2 2 2 2
left_child=2 4 -1 -4 -2 -3
right_child=1 5 3 -5 -6 -7
leaf_value=-0.001654716467365617 -0.0087264001336738659 0.0020655977789918439 0 0.0067998378776781597 0 -0.0001060596102614267
leaf_weight=0.53322902545915019 3.5244201392306422 1.1981216144158677 0.14875702831705062 2.7374039671813075 0.56689661380369205 0.27562294487142924
leaf_count=405 5143 96 253 252 205 96
internal_value=-0.00163289 -0.00577409 0.00379108 0.00600095 -0.0080568 0.000925785
internal_weight=8.98445 5.56506 3.41939 2.88616 4.09132 1.47374
internal_count=6450 5540 910 505 5348 192
is_linear=0
shrinkage=0.025


Tree=265
num_leaves=6
num_cat=0
split_feature=21 13 25 20 24
split_gain=0.657522 0.457785 0.187936 0.123068 0.0375099
threshold=0.0038791496772319083 3.5500662326812749 2.6934379339218144 0.61530175805091869 -4.8159768581390372
decision_type=2 2 2 2 2
left_child=4 3 -3 -2 -1
right_child=1 2 -4 -5 -6
leaf_value=0 -0.0037091824738981053 0.0079592461691768077 0 0.0010618474426389618 -0.0056979652626255707
leaf_weight=0.21981126671016693 1.5900335230944604 4.6278295833908487 1.1127159438583474 0.70604912048656832 1.6784936866097273
leaf_count=23 1269 1115 691 196 3175
internal_value=0.000774582 0.00416847 0.0067713 -0.00166318 -0.0052947
internal_weight=9.93493 8.03663 5.74055 2.29608 1.8983
internal_count=6469 3271 1806 1465 3198
is_linear=0
shrinkage=0.025


Tree=266
num_leaves=7
num_cat=0
split_feature=27 6 27 22 21 26
split_gain=0.614665 0.388844 0.305304 0.294186 0.161007 0.0500453
threshold=0.13821415603160861 4.6459898948669442 0.72317621111869823 0.75734731554985057 0.18308112770318988 -0.36014892160892481
decision_type=2 2 2 2 2 2
left_child=1 4 3 -2 -1 -4
right_child=2 -3 5 -5 -6 -7
leaf_value=0 -0.0081323827961786044 -0.002000702305290722 0.0029379715088825482 0.00040069180933085397 0.0078769655806925302 -7.0344776941202268e-05
leaf_weight=0.37268044509255593 3.2501272299741686 0.60866754090966413 0.33304382473579608 1.1456629380591037 3.3591712702072982 0.21038940844300658
leaf_count=414 4808 573 20 160 373 80
internal_value=0 0.00459775 -0.00433423 -0.00621349 0.00691911 0.00163289
internal_weight=9.27974 4.34052 4.93922 4.39579 3.73185 0.543433
internal_count=6428 1360 5068 4968 787 100
is_linear=0
shrinkage=0.025


Tree=267
num_leaves=6
num_cat=0
split_feature=6 26 21 24 27
split_gain=0.579829 0.440048 0.196679 0.171889 0.164422
threshold=3.1932774782180791 -0.88398256897926319 1.7990581393241885 0.19346694648265841 0.72317621111869823
decision_type=2 2 2 2 2
left_child=1 3 -2 -1 -3
right_child=2 4 -4 -5 -6
leaf_value=0.0075255143745445929 -0.0070084326848894518 -0.0039049288360125593 0.00038128399404563639 -0.00011092373247087471 0.0016133137437192861
leaf_weight=3.7594050697298376 2.1087319773287168 2.213919246099977 0.47145466960500915 0.2231348031782544 0.54726423414831504
leaf_count=342 2723 2808 22 404 100
internal_value=0 0.00339495 -0.00547281 0.00657828 -0.00167118
internal_weight=9.32391 6.74372 2.58019 3.98254 2.76118
internal_count=6399 3654 2745 746 2908
is_linear=0
shrinkage=0.025


Tree=268
num_leaves=7
num_cat=0
split_feature=26 22 6 17 22 25
split_gain=0.708769 0.480355 0.321474 0.160478 0.0908157 0.0602582
threshold=-1.0023156404495237 0.75734731554985057 4.6459898948669442 0.52575585246086132 -0.099321972578763948 -0.65154406428337086
decision_type=2 2 2 2 2 2
left_child=2 3 4 -2 -1 -3
right_child=1 5 -4 -5 -6 -7
leaf_value=0 -0.0091843268514668081 0.0029063219137348949 -0.0015592367396813911 0 0.0073890735373587134 -0.000313364718249264
leaf_weight=0.11336378171108696 2.6203569560639153 1.481385514460271 0.51536397197924078 1.5441169367295513 2.8932106943393596 0.29967836517607782
leaf_count=165 4642 99 474 688 256 103
internal_value=-0.000497492 -0.00487265 0.00468043 -0.00769384 0.00683639 0.00161129
internal_weight=9.46748 5.94554 3.52194 4.16447 3.00657 1.78106
internal_count=6427 5532 895 5330 421 202
is_linear=0
shrinkage=0.025


Tree=269
num_leaves=7
num_cat=0
split_feature=26 12 27 24 24 23
split_gain=0.528431 0.415204 0.281666 0.270286 0.137603 0.0459163
threshold=-0.96905222535133351 2.6200177669525151 0.72317621111869823 -3.6844568252563472 0.45058451592922216 -1.3530300259590147
decision_type=2 2 2 2 2 2
left_child=1 -1 3 -2 -3 -4
right_child=2 4 5 -5 -6 -7
leaf_value=-0.0021044841872100476 0.00049434863475386148 0.007875241593718111 0 -0.007347631287889277 0 0.0029747272670898372
leaf_weight=0.62585923819642619 1.2007517406309487 3.4313509620187692 0.17874723814020399 3.3897129114957352 0.16522938072012028 0.33712772397848301
leaf_count=508 179 400 69 4875 393 28
internal_value=6.81588e-05 0.00468377 -0.00355907 -0.00545638 0.00712904 0.00183289
internal_weight=9.32878 4.22244 5.10634 4.59046 3.59658 0.515875
internal_count=6452 1301 5151 5054 793 97
is_linear=0
shrinkage=0.025


Tree=270
num_leaves=6
num_cat=0
split_feature=26 22 6 22 25
split_gain=0.958345 0.388597 0.384585 0.0334157 0.0128373
threshold=-1.0023156404495237 0.75734731554985057 4.1021375656127939 -0.099321972578763948 -4.4997291564941397
decision_type=2 2 2 2 2
left_child=2 -2 3 -1 -3
right_child=1 4 -4 -5 -6
leaf_value=0 -0.0094724263410049889 0.0012698680261201149 -0.0021452115794372245 0.0070002092426543665 0
leaf_weight=0.20262646909395732 3.6759143727867922 0.71732884884113446 0.62506274181214383 2.6648121616599387 0.58506681805738459
leaf_count=115 5299 38 636 187 144
internal_value=-0.00240714 -0.00733452 0.00406358 0.00671463 0.000435675
internal_weight=8.47081 4.97831 3.4925 2.86744 1.3024
internal_count=6419 5481 938 302 182
is_linear=0
shrinkage=0.025


Tree=271
num_leaves=7
num_cat=0
split_feature=6 26 14 1 0 14
split_gain=0.537155 0.449649 0.321318 0.107945 0.0632569 0.0224753
threshold=3.3531315326690678 -0.88267394900321949 0.10022979602217676 2.5188238620758061 3.5839097499847417 -1.2241802811622617
decision_type=2 2 2 2 2 2
left_child=1 3 -3 -1 -2 -6
right_child=4 2 -4 -5 5 -7
leaf_value=0 0 0.0026708199587543169 -0.005133283797452746 0.0071707769505639507 0 -0.0063128997914504688
leaf_weight=0.43753535264841037 0.2672035599498489 0.82325576986841076 2.0319045188989548 3.567145827364584 0.28759427748809763 1.8067479901255858
leaf_count=241 272 1000 2067 635 94 2193
internal_value=0 0.00315479 -0.00181968 0.00643656 -0.00543788 -0.00602139
internal_weight=9.22139 6.85984 2.85516 4.00468 2.36155 2.09434
internal_count=6502 3943 3067 876 2559 2287
is_linear=0
shrinkage=0.025


Tree=272
num_leaves=6
num_cat=0
split_feature=13 21 14 21 20
split_gain=0.684269 0.478402 0.197384 0.180436 0.170312
threshold=3.5500662326812749 0.0038791496772319083 0.42531791329383856 1.7990581393241885 1.0727142095565798
decision_type=2 2 2 2 2
left_child=3 -2 -3 4 -1
right_child=1 2 -4 -5 -6
leaf_value=-0.0075487440579035713 -0.0025030315694149238 0.0085651225571023726 0 0.00045375188074650672 0
leaf_weight=2.1045766431270758 0.79042860323170305 3.6030379746953258 2.1823607596270449 0.51967967295786355 0.59719788107395277
leaf_count=2702 1619 1173 657 26 297
internal_value=0.000528776 0.00460092 0.00686141 -0.00476619 -0.00622448
internal_weight=9.79728 6.57583 5.7854 3.22145 2.70177
internal_count=6474 3449 1830 3025 2999
is_linear=0
shrinkage=0.025


Tree=273
num_leaves=7
num_cat=0
split_feature=6 25 7 21 1 24
split_gain=0.547848 0.389397 0.204486 0.0638852 0.0616846 0.0341022
threshold=3.1932774782180791 0.45499326288700109 5.0748519897460946 1.7990581393241885 1.7388375997543337 -5.3866918087005606
decision_type=2 2 2 2 2 2
left_child=1 4 -3 5 -1 -2
right_child=3 2 -4 -5 -6 -7
leaf_value=0 0 -0.0041290754723020563 0.002050091963795258 0 0.0067462559859573544 -0.006336012059458206
leaf_weight=0.073396158069954587 0.26805977724143359 2.0301171353494287 0.69227148066784128 0.30676185048650939 3.6877992723129864 1.8301276571000926
leaf_count=59 26 2836 281 23 478 2716
internal_value=0 0.00335749 -0.00143844 -0.00536268 0.00638203 -0.00596877
internal_weight=8.88853 6.48358 2.72239 2.40495 3.7612 2.09819
internal_count=6419 3654 3117 2765 537 2742
is_linear=0
shrinkage=0.025


Tree=274
num_leaves=7
num_cat=0
split_feature=27 13 27 18 24 23
split_gain=0.506084 0.392769 0.237045 0.23082 0.146602 0.0479563
threshold=0.16865636408329013 2.2260850667953496 0.72317621111869823 0.32969737052917486 0.45058451592922216 -1.3530300259590147
decision_type=2 2 2 2 2 2
left_child=1 -1 3 -2 -3 -4
right_child=2 4 5 -5 -6 -7
leaf_value=-0.0018903550805942895 -0.0069981704691673106 0.0078684307326868617 0 0.00010987318156434925 0 0.0029600193652988853
leaf_weight=0.59873781458009023 2.3387300399153901 4.1178974768299668 0.188251079278416 1.8041408860954105 0.1871487583448469 0.33762477827258397
leaf_count=638 4110 592 67 483 532 33
internal_value=0.0010138 0.00499813 -0.00294523 -0.00485188 0.00712882 0.00174332
internal_weight=9.57253 4.90378 4.66875 4.14287 4.30505 0.525876
internal_count=6455 1762 4693 4593 1124 100
is_linear=0
shrinkage=0.025


Tree=275
num_leaves=7
num_cat=0
split_feature=26 5 27 22 22 23
split_gain=0.574072 0.36655 0.291307 0.337134 0.194448 0.0492048
threshold=-0.96905222535133351 4.7413187026977548 0.72317621111869823 0.75734731554985057 -0.099321972578763948 -1.3530300259590147
decision_type=2 2 2 2 2 2
left_child=1 4 3 -2 -1 -4
right_child=2 -3 5 -5 -6 -7
leaf_value=-0.00022009501196836148 -0.0080107014589330429 -0.0018704924035852942 -2.4606404889619504e-05 0.00068190868006059167 0.0079136577267177703 0.0029602490402819951
leaf_weight=0.22092193345815792 3.3402121284016175 0.57248980091026158 0.20361317203787621 1.322789320394804 3.4355573667526187 0.3368094320030649
leaf_count=447 4924 473 67 171 391 30
internal_value=0 0.00462497 -0.00397701 -0.00582111 0.00685695 0.00170028
internal_weight=9.43239 4.22897 5.20342 4.663 3.65648 0.540423
internal_count=6503 1311 5192 5095 838 97
is_linear=0
shrinkage=0.025


Tree=276
num_leaves=6
num_cat=0
split_feature=21 13 23 20 24
split_gain=0.531372 0.385375 0.204968 0.146823 0.0271377
threshold=0.019527789205312732 3.5500662326812749 -2.3928192853927608 0.61530175805091869 -4.8159768581390372
decision_type=2 2 2 2 2
left_child=4 3 -3 -2 -1
right_child=1 2 -4 -5 -6
leaf_value=0 -0.00409397585684791 0 0.0075422810443865817 0.0012230254658280697 -0.0055846677708761136
leaf_weight=0.2181660526402992 1.3030613622104286 1.4832438165103665 3.586370113385783 0.72257500478735881 1.6418768721341619
leaf_count=25 1245 619 1118 188 3243
internal_value=0 0.0034254 0.00598204 -0.00178713 -0.00526538
internal_weight=8.95529 7.09525 5.06961 2.02564 1.86004
internal_count=6438 3170 1737 1433 3268
is_linear=0
shrinkage=0.025


Tree=277
num_leaves=5
num_cat=0
split_feature=21 26 17 6
split_gain=0.502391 0.297023 0.263397 0.148469
threshold=0.0038791496772319083 -0.96905222535133351 0.014015813358128073 4.6459898948669442
decision_type=2 2 2 2
left_child=-1 3 -3 -2
right_child=1 2 -4 -5
leaf_value=-0.0057331920153925291 0.0068087770678288062 0.0030273586723403448 -0.0038153734938078596 -7.7348299726175335e-05
leaf_weight=1.6392016774043439 2.9425627037489903 0.74637162037470339 3.1000927158565901 0.22276190070260771
leaf_count=3150 444 306 2323 211
internal_value=0 0.00282361 -0.000820503 0.00580812
internal_weight=8.65099 7.01179 3.84646 3.16532
internal_count=6434 3284 2629 655
is_linear=0
shrinkage=0.025


Tree=278
num_leaves=7
num_cat=0
split_feature=6 21 14 0 24 11
split_gain=0.653234 0.391199 0.225538 0.0568158 0.0523056 0.0329995
threshold=3.2833491563797002 0.0038791496772319083 0.42531791329383856 3.5839097499847417 -5.3866918087005606 2.6803156137466435
decision_type=2 2 2 2 2 2
left_child=1 5 -3 -2 -5 -1
right_child=3 2 -4 4 -6 -7
leaf_value=0 0 0.0079433437090045775 0 0 -0.0066140076149479744 -0.0028812256095487967
leaf_weight=0.15175281607662305 0.2794208233153771 3.4977821077955014 2.2580730384070193 0.35130364840733874 1.8026031183162554 0.87784613111580256
leaf_count=6 336 1247 702 26 2310 1803
internal_value=0 0.00389602 0.00606174 -0.00555502 -0.006085 -0.00216147
internal_weight=9.21878 6.78545 5.75586 2.43333 2.15391 1.0296
internal_count=6430 3758 1949 2672 2336 1809
is_linear=0
shrinkage=0.025


Tree=279
num_leaves=5
num_cat=0
split_feature=21 6 14 24
split_gain=0.510627 0.340109 0.354886 0.0257193
threshold=0.0038791496772319083 4.6459898948669442 0.44406475126743322 -4.8159768581390372
decision_type=2 2 2 2
left_child=3 2 -2 -1
right_child=1 -3 -4 -5
leaf_value=0 0.0078032145029979854 -0.0022326331387473308 -0.0003980476562658508 -0.0051513515729658989
leaf_weight=0.21774445455230318 4.369064297487057 0.62926015923585499 2.3191928703163285 1.5118630258093613
leaf_count=23 1881 399 951 3146
internal_value=0.000455684 0.00366367 0.00547091 -0.00482589
internal_weight=9.04712 7.31752 6.68826 1.72961
internal_count=6400 3231 2832 3169
is_linear=0
shrinkage=0.025


Tree=280
num_leaves=6
num_cat=0
split_feature=6 27 14 21 22
split_gain=0.488749 0.317787 0.219136 0.174994 0.0565904
threshold=3.2833491563797002 0.16865636408329013 0.28288200497627264 1.7990581393241885 -0.25619027018547053
decision_type=2 2 2 2 2
left_child=1 4 -3 -2 -1
right_child=3 2 -4 -5 -6
leaf_value=0 -0.0066952813127850262 0.0020579978818824505 -0.0041132844083008975 0.00027836569596065297 0.006481983179271099
leaf_weight=0.075114153682079965 1.8738082188847331 1.8443962729015768 1.7679336062919899 0.47114802448777471 2.9430036587982613
leaf_count=112 2644 2002 1338 26 305
internal_value=0 0.00302299 -0.000871156 -0.00520753 0.00610011
internal_weight=8.9754 6.63045 3.61233 2.34496 3.01812
internal_count=6427 3757 3340 2670 417
is_linear=0
shrinkage=0.025


Tree=281
num_leaves=7
num_cat=0
split_feature=6 21 4 11 24 21
split_gain=0.681092 0.407663 0.172686 0.0354016 0.0347921 0.0365749
threshold=3.1932774782180791 0.019527789205312732 -0.411990076303482 2.7411409616470341 -5.3866918087005606 1.7990581393241885
decision_type=2 2 2 2 2 2
left_child=1 3 -3 -1 -2 -6
right_child=4 2 -4 -5 5 -7
leaf_value=0 0 0 0.0070426460582515065 -0.0030049887274782145 -0.0065129974398243778 0
leaf_weight=0.14733715029433347 0.31707283045398105 0.62011821242049325 5.2966190700644802 0.90643327368707105 1.8623447317895627 0.26879473455483083
leaf_count=3 28 148 1764 1809 2753 25
internal_value=0 0.00386904 0.00607412 -0.00227052 -0.00575273 -0.00613308
internal_weight=9.41872 6.97051 5.91674 1.05377 2.44821 2.13114
internal_count=6530 3724 1912 1812 2806 2778
is_linear=0
shrinkage=0.025


Tree=282
num_leaves=7
num_cat=0
split_feature=27 27 24 6 21 26
split_gain=0.557473 0.361764 0.310301 0.264634 0.0654803 0.0477033
threshold=0.13023087382316592 0.72317621111869823 -4.4939754009246817 3.9379698038101201 -0.16138603538274762 -0.36014892160892481
decision_type=2 2 2 2 2 2
left_child=3 2 -2 4 -1 -3
right_child=1 5 -4 -5 -6 -7
leaf_value=0 0.00040759223924081186 0.0029625763951442439 -0.0088074380966981919 -0.0013337649221360527 0.0063766762448394954 0
leaf_weight=0.090856402206555109 0.90860962558508607 0.32309349977003876 3.3317506996409065 0.92736122830683587 2.6111326273821764 0.19607466029992782
leaf_count=108 108 19 5054 816 292 78
internal_value=-0.000839452 -0.00500164 -0.00700439 0.00362998 0.00590498 0.00175016
internal_weight=8.38888 4.75953 4.24036 3.62935 2.70199 0.519168
internal_count=6475 5259 5162 1216 400 97
is_linear=0
shrinkage=0.025


Tree=283
num_leaves=7
num_cat=0
split_feature=21 27 24 13 16 27
split_gain=0.584309 0.364912 0.316739 0.206534 0.171338 0.0470842
threshold=0.96155849099159252 0.72317621111869823 -5.3866918087005606 2.2260850667953496 0.6509782373905183 0.75402709841728222
decision_type=2 2 2 2 2 2
left_child=1 2 -1 -2 -5 -3
right_child=3 5 -4 4 -6 -7
leaf_value=0.00077385202663830636 -0.00098119528251640136 0.0030867918946974782 -0.0083177220569587238 0.0069925707644923054 -0.00014569316073993971 0
leaf_weight=0.64831648536346609 0.35696372870006632 0.31185516116966017 3.8638361653756874 2.8759343883102706 0.41948624296492187 0.19257376447785646
leaf_count=43 97 23 5872 192 136 70
internal_value=-0.00023996 -0.0045981 -0.00663425 0.00422164 0.00579036 0.00196183
internal_weight=8.66897 5.01658 4.51215 3.65238 3.29542 0.504429
internal_count=6433 6008 5915 425 328 93
is_linear=0
shrinkage=0.025


Tree=284
num_leaves=7
num_cat=0
split_feature=26 6 27 22 17 26
split_gain=0.518034 0.325649 0.308254 0.234188 0.132562 0.0453861
threshold=-0.96905222535133351 4.6459898948669442 0.72317621111869823 0.75734731554985057 -0.0064050564542412749 -0.36014892160892481
decision_type=2 2 2 2 2 2
left_child=1 4 3 -2 -1 -4
right_child=2 -3 5 -5 -6 -7
leaf_value=0 -0.0078035411248550818 -0.0018528029658575014 0.0028830176502218502 3.3431789071002297e-05 0.0071697413401833818 0
leaf_weight=0.41355696924438312 3.2587053234929044 0.57730036081193237 0.33517286514688749 1.1730102890760461 2.9978916459222091 0.19829069670231536
leaf_count=294 4916 564 19 163 457 84
internal_value=-8.81897e-06 0.00400108 -0.00424857 -0.00614849 0.00624724 0.0016993
internal_weight=8.95393 3.98875 4.96518 4.43172 3.41145 0.533464
internal_count=6497 1315 5182 5079 751 103
is_linear=0
shrinkage=0.025


Tree=285
num_leaves=7
num_cat=0
split_feature=27 6 24 21 18 0
split_gain=0.596054 0.392076 0.260741 0.0649634 0.0600025 0.0107675
threshold=0.13023087382316592 4.1021375656127939 -3.6844568252563472 -0.16138603538274762 -0.48890934884548182 5.3821315765380868
decision_type=2 2 2 2 2 2
left_child=1 3 5 -1 -4 -2
right_child=2 -3 4 -5 -6 -7
leaf_value=0 0.0011333037239022832 -0.0024157779905983295 0 0.0067799822415456068 -0.0076718418284080188 0
leaf_weight=0.092379977646487865 1.0493351353907199 0.69282094953086915 0.2957882449118191 2.7387098125655034 3.3767300068611803 0.22774624553858291
leaf_count=135 112 774 312 330 4714 80
internal_value=-0.00134516 0.00348134 -0.00543225 0.00634359 -0.00724745 0.000407033
internal_weight=8.47351 3.52391 4.9496 2.83109 3.67252 1.27708
internal_count=6457 1239 5218 465 5026 192
is_linear=0
shrinkage=0.025


Tree=286
num_leaves=7
num_cat=0
split_feature=13 24 25 15 27 8
split_gain=0.457231 0.318786 0.264088 0.117547 0.115302 0.0965621
threshold=4.1068921089172372 -3.564820289611816 2.6934379339218144 0.34547941386699682 0.092750731855630889 -0.94276756048202504
decision_type=2 2 2 2 2 2
left_child=1 -1 3 -2 -4 -3
right_child=2 5 4 -5 -6 -7
leaf_value=0.0013211388306405797 0.0068223396522411458 0 0.0012667942841485336 0 -0.0035046008821115909 -0.0073315969224603053
leaf_weight=1.247008919130167 2.9039850427179776 0.33289922954281825 0.52295173735910772 0.51198507880690147 0.78104783021626645 2.3911344994503452
leaf_count=155 923 70 30 224 1193 3848
internal_value=0 -0.00406997 0.00375658 0.00591467 -0.0011126 -0.00660471
internal_weight=8.69101 3.97104 4.71997 3.41597 1.304 2.72403
internal_count=6443 4073 2370 1147 1223 3918
is_linear=0
shrinkage=0.025


Tree=287
num_leaves=6
num_cat=0
split_feature=26 6 24 18 14
split_gain=0.662939 0.537191 0.15813 0.119029 0.066502
threshold=-0.88267394900321949 3.1932774782180791 0.19346694648265841 0.54179316759109508 -0.76247376203536976
decision_type=2 2 2 2 2
left_child=1 2 -1 -2 -3
right_child=3 4 -4 -5 -6
leaf_value=0.0070354197146161564 -0.0082082683178945938 0 -0.00010982876633725153 0 -0.0043126319009963868
leaf_weight=3.43384347034953 2.2243162583690723 0.47456292430069869 0.21912479422462627 0.72800314360210894 1.1875082781934905
leaf_count=350 3701 170 416 149 1693
internal_value=-0.00202619 0.00233946 0.00606872 -0.00720089 -0.00332191
internal_weight=8.26736 5.31504 3.65297 2.95232 1.66207
internal_count=6479 2629 766 3850 1863
is_linear=0
shrinkage=0.025


Tree=288
num_leaves=7
num_cat=0
split_feature=25 6 26 14 14 18
split_gain=0.672154 0.56334 0.313296 0.063338 0.0263075 0.0116258
threshold=0.33510525524616247 3.1932774782180791 -1.030191898345947 1.7878084778785708 -1.2241802811622617 -0.17244067043066022
decision_type=2 2 2 2 2 2
left_child=1 3 5 -1 -3 -2
right_child=2 4 -4 -5 -6 -7
leaf_value=0.0067116114888378367 0 0 -0.009082804512354754 0 -0.0039716631522875483 0.0012395970808289425
leaf_weight=3.2190760406592749 0.13813936610313249 0.22465913958876615 2.4689736806285509 0.34799324775303819 1.1576655236949589 0.59779405589142731
leaf_count=409 223 46 4681 109 921 115
internal_value=-0.00215077 0.00244032 -0.00716907 0.00621251 -0.00355565 0.000482518
internal_weight=8.1543 4.94939 3.20491 3.56707 1.38232 0.735933
internal_count=6504 1485 5019 518 967 338
is_linear=0
shrinkage=0.025


Tree=289
num_leaves=7
num_cat=0
split_feature=21 19 26 13 16 6
split_gain=0.510365 0.292306 0.39559 0.171085 0.163291 0.131672
threshold=0.98096084594726574 0.24884600192308429 -0.38688518106937403 2.2260850667953496 0.57674682140350353 3.1932774782180791
decision_type=2 2 2 2 2 2
left_child=1 2 -1 -2 -5 -3
right_child=3 5 -4 4 -6 -7
leaf_value=-0.0088199461709783239 -0.00069624061085019084 0.0032259069535173534 0.0014063310687212303 0.006803851002724827 -0.00013515382140768983 -0.0017892051653498654
leaf_weight=2.5828835190095565 0.31109644036041606 1.5490446327457905 0.38524386789504195 2.5868782211837247 0.40750619813479705 0.52136980762952578
leaf_count=5199 91 235 88 174 129 466
internal_value=-6.50554e-05 -0.00416489 -0.00665868 0.00417692 0.00558381 0.000706853
internal_weight=8.34402 5.03854 2.96813 3.30548 2.99438 2.07041
internal_count=6382 5988 5287 394 303 701
is_linear=0
shrinkage=0.025


Tree=290
num_leaves=7
num_cat=0
split_feature=21 27 16 5 16 26
split_gain=0.44199 0.346221 0.246444 0.151918 0.193777 0.0472596
threshold=0.96155849099159252 0.72317621111869823 0.80024877190589916 4.4129984378814706 0.6509782373905183 -0.36014892160892481
decision_type=2 2 2 2 2 2
left_child=1 2 -1 4 -2 -3
right_child=3 5 -4 -5 -6 -7
leaf_value=-0.0079065510905363037 0.0062895016928500138 0.0030463169702779108 0.00032849661732039354 -0.00084060584937298722 -0.0006433970862539007 0
leaf_weight=3.7444256202052202 2.5528838001591803 0.31770827212312724 0.72088410660762736 0.3206810128467622 0.38517882883024857 0.19847322419809632
leaf_count=5504 209 19 435 67 144 72
internal_value=-0.000829943 -0.00443873 -0.00644553 0.00327731 0.00476049 0.00189512
internal_weight=8.24023 4.98149 4.46531 3.25874 2.93806 0.516181
internal_count=6450 6030 5939 420 353 91
is_linear=0
shrinkage=0.025


Tree=291
num_leaves=7
num_cat=0
split_feature=6 25 14 21 2 24
split_gain=0.474867 0.372812 0.147538 0.0829279 0.0643277 0.0257549
threshold=2.9681906700134282 2.6934379339218144 0.42531791329383856 1.7990581393241885 2.9326300621032719 -5.3866918087005606
decision_type=2 2 2 2 2 2
left_child=1 2 -1 5 -3 -2
right_child=3 4 -4 -5 -6 -7
leaf_value=0.0066138697143504482 0 -0.0037783738328822387 0 0 0 -0.0067695603494068186
leaf_weight=2.8217528551540454 0.22610179154435228 0.91762627873868019 1.5870877962588563 0.31260453251888964 0.35876133638885221 1.808472861734117
leaf_count=1108 26 1504 653 24 173 3020
internal_value=-0.00080755 0.00239335 0.00515404 -0.00576382 -0.002656 -0.00648581
internal_weight=8.03241 5.68523 4.40884 2.34718 1.27639 2.03457
internal_count=6508 3438 1761 3070 1677 3046
is_linear=0
shrinkage=0.025


Tree=292
num_leaves=7
num_cat=0
split_feature=21 19 23 13 13 26
split_gain=0.683997 0.365886 0.178323 0.151274 0.144628 0.126565
threshold=0.96155849099159252 0.19825292378664019 -7.33146047592163 3.0566053390502934 2.2260850667953496 -0.80531594157218922
decision_type=2 2 2 2 2 2
left_child=1 2 -1 -3 -2 -6
right_child=4 3 -4 -5 5 -7
leaf_value=0 -0.00046592479162851756 -0.0021900054272032381 -0.0091573496214398843 0.0032119427144458091 0.0064247617777680238 0
leaf_weight=0.21762694972130736 0.27454175893217359 0.59121134964698319 2.61824208086 1.6827293103960981 2.5442238037685465 0.46119546947011203
leaf_count=41 90 483 5102 405 182 133
internal_value=-0.00107535 -0.00544672 -0.00820395 0.000408274 0.00415662 0.00538687
internal_weight=8.38977 5.10981 2.83587 2.27394 3.27996 3.00542
internal_count=6436 6031 5143 888 405 315
is_linear=0
shrinkage=0.025


Tree=293
num_leaves=7
num_cat=0
split_feature=21 20 24 2 16 21
split_gain=0.517859 0.297495 0.199359 0.1645 0.0925412 0.0141993
threshold=0.96155849099159252 1.5472281575202944 -4.8159768581390372 4.4819488525390634 0.7263217866420747 0.50782570242881786
decision_type=2 2 2 2 2 2
left_child=1 2 -1 4 -2 -3
right_child=3 5 -4 -5 -6 -7
leaf_value=0 0.0058621230318887923 0.0017161013884815042 -0.0079568396690503224 -0.00074832716858115459 0 0
leaf_weight=0.60567025255659235 2.3456560705308229 0.68906526542559721 3.6770468656504818 0.657593925945548 0.28790849648066785 0.08087264127243543
leaf_count=63 168 150 5679 144 105 65
internal_value=-0.00116099 -0.00495387 -0.00676444 0.00338403 0.00504892 0.00116861
internal_weight=8.34381 5.05266 4.28272 3.29116 2.63356 0.769938
internal_count=6374 5957 5742 417 273 215
is_linear=0
shrinkage=0.025


Tree=294
num_leaves=7
num_cat=0
split_feature=13 26 15 24 21 23
split_gain=0.663452 0.379895 0.17519 0.130455 0.0395635 0.0361975
threshold=3.5500662326812749 -0.88267394900321949 0.17265865951776507 0.45058451592922216 1.7990581393241885 -3.9861077070236202
decision_type=2 2 2 2 2 2
left_child=4 3 -3 -2 5 -1
right_child=1 2 -4 -5 -6 -7
leaf_value=0 0.0073386333464982318 0.0015139191335839053 -0.004218496599753466 0 0 -0.0068288008466014143
leaf_weight=0.27818458654655898 3.3165191407442767 1.2593948770336285 1.1245054269747923 0.16666770746815007 0.27945263613946725 1.8459407476748311
leaf_count=188 411 1337 1329 377 21 2777
internal_value=0 0.00362455 -0.00136919 0.00657162 -0.00606008 -0.0064526
internal_weight=8.27067 5.86709 2.3839 3.48319 2.40358 2.12413
internal_count=6440 3454 2666 788 2986 2965
is_linear=0
shrinkage=0.025


Tree=295
num_leaves=6
num_cat=0
split_feature=13 21 6 22 21
split_gain=0.470977 0.374983 0.22067 0.130422 0.195342
threshold=3.5500662326812749 0.0038791496772319083 0.058297663927078254 0.88723215460777294 1.7990581393241885
decision_type=2 2 2 2 2
left_child=3 -2 -3 4 -1
right_child=1 2 -4 -5 -6
leaf_value=-0.0070263603922514038 -0.002245713900073614 -0.00012086824373334957 0.0074264550487011943 7.0872262231331615e-05 0.00038640929877900663
leaf_weight=1.7973867560358492 0.72236706619514723 0.98615555971264246 4.1658645400602836 0.82579640435505997 0.44821129261981685
leaf_count=2952 1649 351 1475 75 24
internal_value=0.000215318 0.00386188 0.00601815 -0.00405664 -0.00543856
internal_weight=8.94578 5.87439 5.15202 3.07139 2.2456
internal_count=6526 3475 1826 3051 2976
is_linear=0
shrinkage=0.025


Tree=296
num_leaves=7
num_cat=0
split_feature=6 21 14 21 24 2
split_gain=0.443412 0.289639 0.327265 0.162501 0.134285 0.0164156
threshold=2.896875381469727 0.019527789205312732 0.42531791329383856 1.7990581393241885 -5.3866918087005606 4.7922155857086191
decision_type=2 2 2 2 2 2
left_child=1 5 -3 4 -2 -1
right_child=3 2 -4 -5 -6 -7
leaf_value=-0.0022418875834407017 0 0.0078004485332508998 -0.0004210241102837931 0.00045391176996874841 -0.006943281537426506 0
leaf_weight=0.72891079615328624 0.40906159835867639 3.1714016817641095 1.9577120432168156 0.4609274940448812 1.847055385587737 0.088708765804767609
leaf_count=1553 28 1068 658 23 3107 1
internal_value=0 0.00346472 0.00538658 -0.00434551 -0.00582451 -0.0017849
internal_weight=8.66378 5.94673 5.12911 2.71704 2.25612 0.81762
internal_count=6438 3280 1726 3158 3135 1554
is_linear=0
shrinkage=0.025


Tree=297
num_leaves=6
num_cat=0
split_feature=21 14 5 22 24
split_gain=0.40943 0.350768 0.400391 0.147813 0.0297222
threshold=0.0038791496772319083 0.39516195654869085 3.7475128173828129 0.72814291715621959 -4.8159768581390372
decision_type=2 2 2 2 2
left_child=4 2 -2 -3 -1
right_child=1 3 -4 -5 -6
leaf_value=0 0.0080345616605992324 -0.0039659675368359801 -0.0014520206173134161 0.0012447064637074136 -0.0048789937180622319
leaf_weight=0.20911434684239805 3.7200097020268004 1.3009502028398858 0.75057212282081298 1.181985900057043 1.4239506257690659
leaf_count=22 1516 1019 562 162 3123
internal_value=0.000152025 0.00319294 0.00585619 -0.00147597 -0.00450039
internal_weight=8.58658 6.95352 4.47058 2.48294 1.63306
internal_count=6404 3259 2078 1181 3145
is_linear=0
shrinkage=0.025


Tree=298
num_leaves=7
num_cat=0
split_feature=21 27 19 5 16 26
split_gain=0.458276 0.306343 0.335451 0.152639 0.164909 0.0460481
threshold=0.96155849099159252 0.72317621111869823 0.19825292378664019 4.4129984378814706 0.57674682140350353 -0.36014892160892481
decision_type=2 2 2 2 2 2
left_child=1 2 -1 4 -2 -3
right_child=3 5 -4 -5 -6 -7
leaf_value=-0.0083368732436954734 0.0067409295736658315 0.0030849586689362532 0.00018239244022491156 -0.00052436757576160883 -0.00012123091390705012 0
leaf_weight=2.3934630152398313 2.672461466230744 0.30754274691571482 2.2103276688812912 0.27172435712418508 0.49889566601632385 0.19106841107713979
leaf_count=5094 223 16 877 61 150 73
internal_value=0 -0.0036518 -0.00563041 0.0042388 0.00548292 0.00198802
internal_weight=8.54548 5.1024 4.60379 3.44308 3.17136 0.498611
internal_count=6494 6060 5971 434 373 89
is_linear=0
shrinkage=0.025


Tree=299
num_leaves=7
num_cat=0
split_feature=27 6 22 25 18 17
split_gain=0.569678 0.295775 0.164611 0.158231 0.0770586 0.0540034
threshold=0.16325903683900836 4.6459898948669442 -0.099321972578763948 0.74213770031929027 1.1770720481872561 0.49000982940196997
decision_type=2 2 2 2 2 2
left_child=1 2 -1 5 -5 -2
right_child=3 -3 -4 4 -6 -7
leaf_value=-0.00022978348205875837 -0.0015801570870518434 -0.0018092098357217323 0.0068331301159624512 -0.0074644630506644303 0 0.0017263411071452659
leaf_weight=0.21638381211960256 0.95056154453595842 0.58631086644891173 3.3602025611726276 1.9329696318800418 0.10466566681861866 1.339790504909615
leaf_count=518 724 635 540 3852 1 207
internal_value=-0.000568447 0.0036365 0.00579225 -0.0050643 -0.00693153 0
internal_weight=8.49088 4.1629 3.57659 4.32799 2.03764 2.29035
internal_count=6477 1693 1058 4784 3853 931
is_linear=0
shrinkage=0.025


Tree=300
num_leaves=7
num_cat=0
split_feature=13 14 21 24 27 21
split_gain=0.614264 0.276979 0.274383 0.214491 0.0795593 0.0766965
threshold=4.1068921089172372 0.42531791329383856 0.019527789205312732 -3.564820289611816 0.16045994311571124 1.3374243378639223
decision_type=2 2 2 2 2 2
left_child=3 2 -2 -1 -3 -5
right_child=1 4 -4 5 -6 -7
leaf_value=0.00025687903166310877 -0.00077311017128676236 0.00089858579928369731 0.007941853548023025 -0.0076580478564658621 -0.0029269380749559594 0
leaf_weight=1.0907352359281506 0.40093475154390068 0.56033830998785539 2.786459417489823 1.9875555640555833 0.97733388474989624 0.50778345504659217
leaf_count=149 929 56 815 3804 586 69
internal_value=0 0.00400147 0.00627958 -0.00515538 -0.000955821 -0.00694819
internal_weight=8.31114 4.72507 3.18739 3.58607 1.53767 2.49534
internal_count=6408 2386 1744 4022 642 3873
is_linear=0
shrinkage=0.025


Tree=301
num_leaves=7
num_cat=0
split_feature=21 14 6 22 15 16
split_gain=0.456701 0.344379 0.333182 0.16293 0.018902 0.0152505
threshold=0.0038791496772319083 0.44406475126743322 4.6459898948669442 0.88723215460777294 2.9411590099334721 1.4034280180931094
decision_type=2 2 2 2 2 2
left_child=4 2 -2 -3 5 -1
right_child=1 3 -4 -5 -6 -7
leaf_value=-0.0048540241756105662 0.0078104503127363464 -0.00390004931817222 -0.0012136210028004159 0.0015944852355039467 0 0
leaf_weight=1.3976821039686909 4.2855452286712534 1.3943570800984164 0.43822977608942881 1.0717294839341773 0.066137673475168302 0.13539804715765047
leaf_count=3088 1862 946 302 114 15 63
internal_value=0.000648757 0.00364379 0.00613695 -0.00120639 -0.00442803 -0.00464911
internal_weight=8.78908 7.18986 4.72378 2.46609 1.59922 1.53308
internal_count=6390 3224 2164 1060 3166 3151
is_linear=0
shrinkage=0.025


Tree=302
num_leaves=7
num_cat=0
split_feature=6 14 17 2 15 26
split_gain=0.415725 0.43797 0.255019 0.12374 0.104467 0.0110257
threshold=2.8133130073547368 0.39516195654869085 0.012175242882221939 3.0582580566406254 0.55441930890083324 -1.030191898345947
decision_type=2 2 2 2 2 2
left_child=1 2 -1 -3 -2 -6
right_child=4 3 -4 -5 5 -7
leaf_value=-0.0007104436705979906 -0.0061813699217673143 -0.0044839163963522706 0.0075000795187274765 0.0005854961599359574 0.0010155499294391378 -0.00045862137332317173
leaf_weight=0.47281442527310025 1.8382030997763652 1.0565489847322167 3.0215467582402198 0.63189436136963184 0.59054187352376175 0.34995502875790396
leaf_count=965 2823 822 1219 115 107 375
internal_value=-0.000511599 0.00256948 0.0058891 -0.00263284 -0.00501955 0
internal_weight=7.9615 5.1828 3.49436 1.68844 2.7787 0.940497
internal_count=6426 3121 2184 937 3305 482
is_linear=0
shrinkage=0.025


Tree=303
num_leaves=7
num_cat=0
split_feature=26 5 22 22 24 24
split_gain=0.548944 0.334661 0.205687 0.078237 0.0582966 0.0231241
threshold=-0.88267394900321949 4.0395302772521982 -0.099321972578763948 1.4749805331230166 -5.3866918087005606 -5.8370013236999503
decision_type=2 2 2 2 2 2
left_child=1 2 -1 5 -3 -2
right_child=3 4 -4 -5 -6 -7
leaf_value=-0.00067557687491099142 0 0 0.0065315929034492435 0 -0.0033754379397686282 -0.0066936567571488611
leaf_weight=0.29963727941139939 0.15864737829542797 0.31903294098447077 3.9247604144893558 0.23903644269739732 0.92237615988415178 2.6336375641240011
leaf_count=780 26 17 694 20 1183 3793
internal_value=-0.00094579 0.00270341 0.00525374 -0.00589054 -0.00223014 -0.00648368
internal_weight=8.49713 5.46581 4.2244 3.03132 1.24141 2.79228
internal_count=6513 2674 1474 3839 1200 3819
is_linear=0
shrinkage=0.025


Tree=304
num_leaves=6
num_cat=0
split_feature=21 14 12 26 15
split_gain=0.430974 0.285443 0.318711 0.13118 0.0221543
threshold=0.0038791496772319083 0.44406475126743322 2.6200177669525151 -0.93900611996650685 2.9411590099334721
decision_type=2 2 2 2 2
left_child=4 2 -2 -3 -1
right_child=1 3 -4 -5 -6
leaf_value=-0.0051315406670977637 -0.0013603412170573666 0.0012295430103385558 0.0071795506009019357 -0.003716536847167066 0
leaf_weight=1.4536728772254717 0.44112482908349182 1.0127339971695621 4.1025793640055781 1.1166123845559921 0.062664497701916733
leaf_count=3155 252 246 1956 807 13
internal_value=0 0.00311495 0.00541725 -0.00127497 -0.00489434
internal_weight=8.18939 6.67305 4.5437 2.12935 1.51634
internal_count=6429 3261 2208 1053 3168
is_linear=0
shrinkage=0.025


Tree=305
num_leaves=7
num_cat=0
split_feature=13 26 20 23 24 18
split_gain=0.510856 0.293969 0.184865 0.172348 0.111811 0.0251039
threshold=3.5500662326812749 -0.84888690710067738 0.61530175805091869 -1.5379574894905088 0.45058451592922216 0.19548504054546359
decision_type=2 2 2 2 2 2
left_child=2 4 -1 -3 -2 -4
right_child=1 3 5 -5 -6 -7
leaf_value=-0.0062885173901095536 0.0069983509210457713 -0.0039056938094155095 -0.00025815398228862664 0.0018660862262639213 0 0.0016739946662461588
leaf_weight=1.8089865302772525 3.4367468397776979 1.0485568489293657 0.27582727363187576 0.9960442349583899 0.17069622894996417 0.69378923861586372
leaf_count=2317 524 1448 607 981 498 93
internal_value=7.65031e-05 0.00393601 -0.0044544 -0.000877931 0.0063156 0.000321528
internal_weight=8.43065 5.65204 2.7786 2.0446 3.60744 0.969617
internal_count=6468 3451 3017 2429 1022 700
is_linear=0
shrinkage=0.025


Tree=306
num_leaves=7
num_cat=0
split_feature=13 21 14 20 25 25
split_gain=0.488478 0.320686 0.23718 0.226831 0.0574233 0.0231047
threshold=3.7185326814651494 0.0038791496772319083 0.42531791329383856 0.61530175805091869 -8.058198928833006 1.5593541860580447
decision_type=2 2 2 2 2 2
left_child=3 -2 -3 4 -1 -5
right_child=1 2 -4 5 -6 -7
leaf_value=0 -0.0018517531590932829 0.0078485510855947262 0 0.0017263019313775653 -0.0068110442660270706 0
leaf_weight=0.22983201975148437 0.63285824513150135 3.0040912072036008 1.6706569152302106 0.86038837296109683 1.8181612444350324 0.21346676867869974
leaf_count=15 1450 1073 598 172 2559 616
internal_value=6.75663e-05 0.00398514 0.00596996 -0.00417637 -0.00630757 0.000705623
internal_weight=8.42945 5.30761 4.67475 3.12185 2.04799 1.07386
internal_count=6483 3121 1671 3362 2574 788
is_linear=0
shrinkage=0.025


Tree=307
num_leaves=7
num_cat=0
split_feature=27 27 6 22 21 27
split_gain=0.386395 0.269908 0.251057 0.175605 0.0976049 0.0431491
threshold=0.12810740619897845 0.72317621111869823 4.6459898948669442 0.75734731554985057 0.18308112770318988 0.75402709841728222
decision_type=2 2 2 2 2 2
left_child=2 3 4 -2 -1 -3
right_child=1 5 -4 -5 -6 -7
leaf_value=0 -0.0070223356453451395 0.0028137092457607739 -0.0014968135836904801 0 0.0064170429058214799 0
leaf_weight=0.30904745205407458 2.9874386595711258 0.34190668327209994 0.50660023700402224 1.2074260183399017 2.6814238496590406 0.18715381363290362
leaf_count=355 5015 26 524 179 320 72
internal_value=0 -0.00366711 0.00360997 -0.00555889 0.00565255 0.00166477
internal_weight=8.221 4.72393 3.49707 4.19486 2.99047 0.52906
internal_count=6491 5292 1199 5194 675 98
is_linear=0
shrinkage=0.025


Tree=308
num_leaves=7
num_cat=0
split_feature=6 26 22 14 16 22
split_gain=0.438397 0.310091 0.230039 0.1881 0.0546382 0.030996
threshold=2.9681906700134282 -0.79753479361534108 0.035654306411743171 0.10022979602217676 -1.1715217828750608 0.93059036135673534
decision_type=2 2 2 2 2 2
left_child=1 2 -1 -3 -2 -6
right_child=4 3 -4 -5 5 -7
leaf_value=-0.00066825167136479755 0 0.0018147941624053452 0.006964959854430991 -0.0043308505538322715 -0.0058738476393418613 0
leaf_weight=0.46460617072261801 0.42500390661007292 0.45531702965672582 3.5555457612390455 1.269865198572006 1.655299588257549 0.51318430024548423
leaf_count=904 50 625 402 1449 2957 55
internal_value=0 0.0030184 0.00550848 -0.00163617 -0.0048157 -0.00541569
internal_weight=8.33882 5.74533 4.02015 1.72518 2.59349 2.16848
internal_count=6442 3380 1306 2074 3062 3012
is_linear=0
shrinkage=0.025


Tree=309
num_leaves=7
num_cat=0
split_feature=25 23 26 4 18 19
split_gain=0.436723 0.326649 0.159492 0.0954128 0.0824647 0.0148708
threshold=0.74213770031929027 -0.053946727886795991 -1.0339233279228208 4.9929215908050546 1.1770720481872561 0.86285299062728893
decision_type=2 2 2 2 2 2
left_child=1 3 -2 -1 -4 -3
right_child=2 5 4 -5 -6 -7
leaf_value=0.005486461874902363 0 -0.0029641702095584404 -0.0079839756137820087 0 0 0
leaf_weight=3.1143584731107699 0.6435785190224127 1.2219770085976049 2.1481958057429442 0.20317740655809746 0.10365661978721608 0.20139219542033959
leaf_count=674 322 885 4500 115 1 27
internal_value=-0.00212975 0.00162864 -0.0062095 0.00471131 -0.00746495 -0.0026578
internal_weight=7.63634 4.74091 2.89543 3.31754 2.25185 1.42337
internal_count=6524 1701 4823 789 4501 912
is_linear=0
shrinkage=0.025


Tree=310
num_leaves=7
num_cat=0
split_feature=27 6 27 22 24 23
split_gain=0.353204 0.252687 0.23606 0.233555 0.0944952 0.0470498
threshold=0.13023087382316592 4.6459898948669442 0.72317621111869823 0.75734731554985057 0.45058451592922216 -1.3530300259590147
decision_type=2 2 2 2 2 2
left_child=1 4 3 -2 -1 -4
right_child=2 -3 5 -5 -6 -7
leaf_value=0.0064528642755855882 -0.0068721771489651824 -0.0014315941117040397 -2.2510833425859951e-05 0.00042469242355702198 0 0.0028637965058605987
leaf_weight=2.9277792227148902 2.9263022123468545 0.49789125905226672 0.19279100286075845 1.140507264062762 0.13930191859253671 0.34504999517230306
leaf_count=394 4935 531 73 158 310 35
internal_value=0 0.00381088 -0.00316752 -0.00503078 0.0057965 0.00161439
internal_weight=8.16962 3.56497 4.60465 4.06681 3.06708 0.537841
internal_count=6436 1235 5201 5093 704 108
is_linear=0
shrinkage=0.025


Tree=311
num_leaves=7
num_cat=0
split_feature=26 26 19 6 21 26
split_gain=0.442343 0.265174 0.271427 0.229513 0.0685037 0.0505286
threshold=-1.0023156404495237 -0.38688518106937403 0.56465518474578869 4.6459898948669442 -0.16138603538274762 -0.36014892160892481
decision_type=2 2 2 2 2 2
left_child=3 2 -2 4 -1 -3
right_child=1 5 -4 -5 -6 -7
leaf_value=0 -0.0073936463102489058 0.002925042652455064 0.00055249107977715776 -0.0011740562845758945 0.0063683151946712681 -9.6502802976025507e-05
leaf_weight=0.11269511859427472 3.4002670663467143 0.3337904900254216 1.0613344749181122 0.44020603982062301 2.777971048442851 0.2172254770703147
leaf_count=144 5248 28 194 468 319 85
internal_value=0 -0.00373645 -0.00554978 0.00405045 0.00587794 0.00159396
internal_weight=8.34349 5.01262 4.4616 3.33087 2.89067 0.551016
internal_count=6486 5555 5442 931 463 113
is_linear=0
shrinkage=0.025


Tree=312
num_leaves=6
num_cat=0
split_feature=21 14 12 25 15
split_gain=0.357523 0.273566 0.361393 0.118332 0.0186903
threshold=0.019527789205312732 0.43624408543109899 2.8108036518096928 -2.7673089504241939 2.9411590099334721
decision_type=2 2 2 2 2
left_child=4 2 -2 -3 -1
right_child=1 3 -4 -5 -6
leaf_value=-0.0050142647502075949 -0.001753534660730977 0.0010316584387899364 0.0070426936444987574 -0.0036427540162820775 0
leaf_weight=1.4176376584491661 0.51634770169766842 0.83220001282097689 3.8181332931671932 1.3330593623377351 0.068320574029712478
leaf_count=3249 347 111 1765 954 15
internal_value=0 0.00253287 0.00494728 -0.00150768 -0.00480385
internal_weight=7.9857 6.49974 4.33448 2.16526 1.48596
internal_count=6441 3177 2112 1065 3264
is_linear=0
shrinkage=0.025


Tree=313
num_leaves=7
num_cat=0
split_feature=26 7 6 15 17 27
split_gain=0.326723 0.228447 0.205066 0.186304 0.0806953 0.0264292
threshold=-1.0073124170303343 3.2680711746215825 4.6459898948669442 0.17265865951776507 -0.0064050564542412749 0.16213691979646686
decision_type=2 2 2 2 2 2
left_child=2 5 4 -3 -1 -2
right_child=1 3 -4 -5 -6 -7
leaf_value=0 0 0.0036809044128717386 -0.0011502694470746219 -0.0023012662764270056 0.0061346146631568255 -0.0061084536012649656
leaf_weight=0.28205620660446618 0.7695949327462589 1.59594917468894 0.43615599250188086 0.72169965530520119 2.2457889145080121 1.9410615185533968
leaf_count=164 595 1350 449 1020 246 2554
internal_value=0 -0.00320368 0.00356605 0.000664408 0.00543357 -0.00560774
internal_weight=7.99231 5.02831 2.964 2.31765 2.52785 2.71066
internal_count=6378 5519 859 2370 410 3149
is_linear=0
shrinkage=0.025


Tree=314
num_leaves=7
num_cat=0
split_feature=22 6 6 6 7 23
split_gain=0.331559 0.453768 0.152659 0.11587 0.114671 0.0995065
threshold=0.75734731554985057 1.4644142985343935 0.058297663927078254 3.9582078456878667 -1.0614281892776487 -6.053377389907836
decision_type=2 2 2 2 2 2
left_child=1 2 -1 5 -3 -2
right_child=3 4 -4 -5 -6 -7
leaf_value=-0.0013202649512772833 0 0 0.004154743067338906 -0.0004679309373006778 -0.0076216339534591676 0.005514732104755748
leaf_weight=0.45476877950932237 0.24468591140612317 0.34028006036533076 1.5241288789566168 0.23541137612482987 2.9389740496990271 1.953207050482888
leaf_count=319 90 116 908 60 4834 144
internal_value=-0.000516402 -0.00359545 0.00195652 0.00323932 -0.00685896 0.00455392
internal_weight=7.69146 5.25815 1.9789 2.4333 3.27925 2.19789
internal_count=6471 6177 1227 294 4950 234
is_linear=0
shrinkage=0.025


Tree=315
num_leaves=6
num_cat=0
split_feature=27 5 25 24 25
split_gain=0.558704 0.243142 0.215509 0.0941703 0.027859
threshold=0.13023087382316592 4.7413187026977548 0.74213770031929027 0.45058451592922216 -0.99155589938163746
decision_type=2 2 2 2 2
left_child=1 3 4 -1 -2
right_child=2 -3 -4 -5 -6
leaf_value=0.0062219879763929821 -0.00099879933472062261 -0.0014866285449222274 -0.0075665128513985967 0 0.0013158225935450492
leaf_weight=2.7855640182933721 1.3687550540780651 0.50064840319464554 1.9512058252639688 0.14596355600951927 1.3870189238114106
leaf_count=376 496 475 4141 369 579
internal_value=-0.00113173 0.0034906 -0.00520793 0.00552993 0
internal_weight=8.13916 3.43218 4.70698 2.93153 2.75577
internal_count=6436 1220 5216 745 1075
is_linear=0
shrinkage=0.025


Tree=316
num_leaves=6
num_cat=0
split_feature=21 20 14 13 15
split_gain=0.437767 0.369861 0.19642 0.0579029 0.018051
threshold=0.019527789205312732 0.10576895251870157 0.42531791329383856 4.2391607761383066 2.9411590099334721
decision_type=2 2 2 2 2
left_child=4 3 -3 -2 -1
right_child=1 2 -4 -5 -6
leaf_value=-0.0049444224192754377 -0.0029519913564151805 0.0074688639624798745 0 0.00014502637363130382 0
leaf_weight=1.411611510100556 1.4824055944209251 3.2807873905858287 1.372318852043463 0.64865722538888793 0.066719527716486371
leaf_count=3232 1179 1240 582 201 15
internal_value=0.000147379 0.00330126 0.00592757 -0.00169215 -0.00473857
internal_weight=8.2625 6.78417 4.65311 2.13106 1.47833
internal_count=6449 3202 1822 1380 3247
is_linear=0
shrinkage=0.025


Tree=317
num_leaves=6
num_cat=0
split_feature=26 25 5 24 24
split_gain=0.550031 0.268381 0.236579 0.113298 0.0443985
threshold=-0.96905222535133351 0.45499326288700109 4.7413187026977548 0.45058451592922216 -3.6844568252563472
decision_type=2 2 2 2 2
left_child=2 4 3 -1 -2
right_child=1 -3 -4 -5 -6
leaf_value=0.0062306697710310223 0.0018648613740675493 -0.0077835920178090162 -0.001478254130596165 0 -0.0010024210670155787
leaf_weight=2.9065608408673151 1.1165877788662331 2.0438216313541488 0.49234311369400519 0.18086569302613487 1.4460986400481486
leaf_count=392 96 4223 477 400 847
internal_value=-0.00108449 -0.00519245 0.00341862 0.00540345 0
internal_weight=8.18628 4.60651 3.57977 3.08743 2.56269
internal_count=6435 5166 1269 792 943
is_linear=0
shrinkage=0.025


Tree=318
num_leaves=7
num_cat=0
split_feature=13 18 23 21 27 24
split_gain=0.325446 0.316859 0.229975 0.22917 0.139506 0.0550626
threshold=4.0164837837219247 0.54179316759109508 -2.3928192853927608 0.0038791496772319083 0.092750731855630889 -4.8159768581390372
decision_type=2 2 2 2 2 2
left_child=1 5 4 -4 -2 -1
right_child=2 -3 3 -5 -6 -7
leaf_value=0 0.0013839845676957402 0.0012013760992966146 -0.00085033579393589069 0.0066371495669592349 -0.0039257562011350798 -0.0072707745984952445
leaf_weight=0.31325802407809566 0.50112388838169841 1.4095168274507157 0.41340357824265117 2.6377940205311461 0.77710000443767058 1.8425508259952041
leaf_count=35 25 276 767 787 1016 3541
internal_value=-0.00026537 -0.00402154 0.00265547 0.00494833 -0.00140422 -0.00676319
internal_weight=7.89475 3.56533 4.32942 3.0512 1.27822 2.15581
internal_count=6447 3852 2595 1554 1041 3576
is_linear=0
shrinkage=0.025


Tree=319
num_leaves=7
num_cat=0
split_feature=27 6 0 22 21 1
split_gain=0.338149 0.256264 0.182141 0.194381 0.105193 0.042168
threshold=0.13023087382316592 4.6459898948669442 0.34351174533367163 0.75734731554985057 0.18308112770318988 1.0000000180025095e-35
decision_type=2 2 2 2 2 2
left_child=1 4 5 -4 -1 -2
right_child=2 -3 3 -5 -6 -7
leaf_value=0 -3.7354972810446505e-05 -0.0014091072458083367 -0.0061988738930072789 0.00030985952655047738 0.0066967828188166621 0.0026346122910823155
leaf_weight=0.29239023746777171 0.2289531441128928 0.49481927371743939 2.9439541016108706 1.2054557596202355 2.7215136216400424 0.16927385146846063
leaf_count=359 112 543 4932 177 334 22
internal_value=0 0.00392805 -0.0028957 -0.0044889 0.00591665 0.0013289
internal_weight=8.05636 3.50872 4.54764 4.14941 3.0139 0.398227
internal_count=6479 1236 5243 5109 693 134
is_linear=0
shrinkage=0.025


Tree=320
num_leaves=7
num_cat=0
split_feature=27 0 6 15 21 19
split_gain=0.300314 0.239647 0.183518 0.136128 0.0900438 0.0197132
threshold=0.12810740619897845 2.35273289680481 4.6459898948669442 0.17265865951776507 0.18910171091556552 0.75924715399742138
decision_type=2 2 2 2 2 2
left_child=2 3 4 -2 -1 -3
right_child=1 5 -4 -5 -6 -7
leaf_value=0 0.0034243180138042863 -0.0061634395535627492 -0.0013137275603146254 -0.0017447165563185319 0.0054831300006880357 0
leaf_weight=0.3109123562753674 1.1428739695184047 2.5818199664936405 0.47639422687643662 0.55698009977095342 2.4114775437919889 0.28963080200628599
leaf_count=356 821 3633 526 708 313 56
internal_value=-0.000515006 -0.00368235 0.00273434 0.000759688 0.004644 -0.00591819
internal_weight=7.77009 4.5713 3.19878 1.69985 2.72239 2.87145
internal_count=6413 5218 1195 1529 669 3689
is_linear=0
shrinkage=0.025


Tree=321
num_leaves=7
num_cat=0
split_feature=27 27 6 22 21 23
split_gain=0.41562 0.299662 0.222818 0.167475 0.102817 0.0404281
threshold=0.12810740619897845 0.72317621111869823 4.6459898948669442 0.93059036135673534 0.18308112770318988 -1.3530300259590147
decision_type=2 2 2 2 2 2
left_child=2 3 4 -2 -1 -3
right_child=1 5 -4 -5 -6 -7
leaf_value=0 -0.0071936463967173488 0 -0.0012719399053920911 0 0.0063190361064821721 0.0028194055670088198
leaf_weight=0.30250558823536344 3.1406612302125727 0.16355291336367372 0.46576894681129477 0.82499083725269873 2.7103588677709922 0.34975121325987846
leaf_count=357 5063 67 536 103 326 36
internal_value=-3.32505e-06 -0.00393219 0.00365389 -0.0059424 0.0055139 0.00176924
internal_weight=7.95759 4.47896 3.47863 3.96565 3.01286 0.513304
internal_count=6488 5269 1219 5166 683 103
is_linear=0
shrinkage=0.025


Tree=322
num_leaves=6
num_cat=0
split_feature=13 21 20 14 13
split_gain=0.458416 0.322662 0.206343 0.115372 0.0151234
threshold=3.5500662326812749 0.0038791496772319083 0.61530175805091869 0.42531791329383856 2.2609025239944462
decision_type=2 2 2 2 2
left_child=2 -2 -1 -3 -4
right_child=1 3 4 -5 -6
leaf_value=-0.006272302431732513 -0.0019387096972064294 0.0070762563884596997 0 0 0.001400731494463266
leaf_weight=1.6395293511395723 0.65384794445526484 3.0895505306489213 0.17469271064692282 1.7326367268251486 0.80884724737734359
leaf_count=2307 1626 1167 256 644 445
internal_value=0.000133057 0.003816 -0.00419563 0.0058223 0.000570154
internal_weight=8.0991 5.47604 2.62307 4.82219 0.98354
internal_count=6445 3437 3008 1811 701
is_linear=0
shrinkage=0.025


Tree=323
num_leaves=7
num_cat=0
split_feature=13 26 27 20 24 16
split_gain=0.370143 0.196206 0.12481 0.102457 0.0983879 0.0505145
threshold=3.5500662326812749 -0.88267394900321949 0.72317621111869823 0.61530175805091869 0.45058451592922216 -1.1715217828750608
decision_type=2 2 2 2 2 2
left_child=3 4 -3 5 -2 -1
right_child=1 2 -4 -5 -6 -7
leaf_value=0 0.006006746916351116 -0.0029626388864156853 0.0018935031197503957 0 0 -0.0059144920318326411
leaf_weight=0.40198056710141838 2.8006093981839517 1.8477748308978337 0.49458784669695877 0.87556806516113272 0.15689717688837834 1.5125201042283152
leaf_count=46 408 2577 89 715 365 2244
internal_value=0 0.00310234 -0.000494863 -0.00411964 0.00525757 -0.00532743
internal_weight=8.08994 5.29987 2.34236 2.79007 2.95751 1.9145
internal_count=6444 3439 2666 3005 773 2290
is_linear=0
shrinkage=0.025


Tree=324
num_leaves=5
num_cat=0
split_feature=6 26 14 9
split_gain=0.460953 0.299146 0.222934 0.114292
threshold=3.3531315326690678 -0.88267394900321949 0.10022979602217676 4.1412649154663095
decision_type=2 2 2 2
left_child=1 3 -3 -1
right_child=-2 2 -4 -5
leaf_value=0.0060864604572264027 -0.005898902538798728 0.0020750875427180925 -0.0044695604477731467 0
leaf_weight=3.0836815098373336 1.670566416602014 0.68570008311871866 1.7211061620710095 0.34539255244999356
leaf_count=582 2559 987 1992 276
internal_value=-0.000599672 0.00236245 -0.00161906 0.0052012
internal_weight=7.50645 5.83588 2.40681 3.42907
internal_count=6396 3837 2979 858
is_linear=0
shrinkage=0.025


Tree=325
num_leaves=6
num_cat=0
split_feature=5 26 27 24 24
split_gain=0.33337 0.343092 0.201663 0.192361 0.0113185
threshold=4.0395302772521982 -0.84888690710067738 0.72317621111869823 0.45058451592922216 -7.9206814765930167
decision_type=2 2 2 2 2
left_child=1 3 -3 -1 -2
right_child=4 2 -4 -5 -6
leaf_value=0.0065486293734125962 0 -0.0044202824256963456 0.0018592874358922475 -0.0005281968530432209 -0.0045876678133057102
leaf_weight=4.1775780317038871 0.12773703763377842 1.7299653461614082 0.49228275187488169 0.30451992454618437 1.204733793319974
leaf_count=881 7 2942 94 988 1546
internal_value=0 0.00269234 -0.00183968 0.0053837 -0.00441645
internal_weight=8.03682 6.70435 2.22225 4.4821 1.33247
internal_count=6458 4905 3036 1869 1553
is_linear=0
shrinkage=0.025


Tree=326
num_leaves=7
num_cat=0
split_feature=13 14 21 18 24 27
split_gain=0.341064 0.264865 0.227069 0.220777 0.120719 0.0813942
threshold=4.1448700428009042 0.39516195654869085 0.019527789205312732 0.52887555956840526 -4.8159768581390372 0.16213691979646686
decision_type=2 2 2 2 2 2
left_child=3 2 -2 4 -1 -3
right_child=1 5 -4 -5 -6 -7
leaf_value=0 -0.00061388435105310616 0.00076677862195960889 0.0073042266625429316 0.00078368927679987725 -0.0067908261685789744 -0.0031242795990894467
leaf_weight=0.33339880029961988 0.3664250559631913 0.49347125381609636 2.4602150637401792 1.3793267569271845 1.9431370413258264 0.89675229232670972
leaf_count=34 903 58 762 300 3784 611
internal_value=0 0.00333475 0.00574279 -0.00357566 -0.00579945 -0.00124578
internal_weight=7.87273 4.21686 2.82664 3.65586 2.27654 1.39022
internal_count=6452 2334 1665 4118 3818 669
is_linear=0
shrinkage=0.025


Tree=327
num_leaves=6
num_cat=0
split_feature=6 26 14 19 15
split_gain=0.356142 0.283732 0.227725 0.164845 0.0487489
threshold=3.3531315326690678 -0.79753479361534108 0.10022979602217676 -0.16212363541126248 1.2342182397842409
decision_type=2 2 2 2 2
left_child=1 3 -3 -1 -2
right_child=4 2 -4 -5 -6
leaf_value=-0.0003537472325051852 -0.0055628423452762929 0.0019652624721632388 -0.0048950910959634046 0.0059546325414750606 0
leaf_weight=0.52872501678757533 1.5780167004850225 0.44795389042883549 1.1645199049089567 3.5910099295142563 0.3399446096846076
leaf_count=475 2424 691 1544 1186 149
internal_value=-0.00038518 0.00218793 -0.00199913 0.00470963 -0.00500204
internal_weight=7.65017 5.73221 1.61247 4.11973 1.91796
internal_count=6469 3896 2235 1661 2573
is_linear=0
shrinkage=0.025


Tree=328
num_leaves=6
num_cat=0
split_feature=13 21 21 6 16
split_gain=0.355918 0.222447 0.203022 0.206178 0.0266424
threshold=3.7185326814651494 1.3374243378639223 0.0038791496772319083 -0.1439823433756828 1.4034280180931094
decision_type=2 2 2 2 2
left_child=1 4 -2 -4 -1
right_child=2 -3 3 -5 -6
leaf_value=-0.0068645493452232937 -0.0016762696872866557 0.00059342345574834308 -0.00070647357471073343 0.0059314335259658671 0
leaf_weight=1.8227711404742879 0.59168345668331301 0.89597850065911178 0.79517573936755059 3.3813455722047365 0.14151813140051661
leaf_count=3137 1478 84 289 1364 95
internal_value=-0.0005014 -0.00462173 0.00243096 0.00429022 -0.00661616
internal_weight=7.62847 2.86027 4.7682 4.17652 1.96429
internal_count=6447 3316 3131 1653 3232
is_linear=0
shrinkage=0.025


Tree=329
num_leaves=7
num_cat=0
split_feature=13 22 14 21 21 9
split_gain=0.325244 0.307704 0.244314 0.224101 0.189231 0.100643
threshold=4.1448700428009042 0.72814291715621959 0.35403922200202947 1.7990581393241885 0.019527789205312732 3.8656687736511235
decision_type=2 2 2 2 2 2
left_child=1 3 4 -1 -2 -4
right_child=2 -3 5 -5 -6 -7
leaf_value=-0.0075845744732716859 -0.00034101325705179075 0.0015470559714018215 0.0011209100703757509 0.00047600006150120698 0.007167835378022235 -0.0032497856771868529
leaf_weight=2.0908302199313775 0.31096405880089184 1.4450409994242361 0.79653102213524085 0.41888869460672129 2.3143247194493597 0.80146588792922557
leaf_count=3961 843 156 154 21 716 611
internal_value=0 -0.00320843 0.00347063 -0.00598578 0.00581837 -0.000925452
internal_weight=8.17805 3.95476 4.22329 2.50972 2.62529 1.598
internal_count=6462 4138 2324 3982 1559 765
is_linear=0
shrinkage=0.025


Tree=330
num_leaves=7
num_cat=0
split_feature=13 24 25 21 17 27
split_gain=0.369018 0.251746 0.250883 0.180811 0.124419 0.0807232
threshold=4.0164837837219247 -3.564820289611816 2.6934379339218144 1.7990581393241885 0.012175242882221939 0.092750731855630889
decision_type=2 2 2 2 2 2
left_child=1 -1 4 -3 -2 -4
right_child=2 3 5 -5 -6 -7
leaf_value=0.0012815886688817319 0 -0.0071271301460888699 0.000889604093634545 0.00021565720072062855 0.0068223546483161673 -0.0030218417130929501
leaf_weight=1.1749755691962493 0.32852804550566395 1.8265222323134369 0.46397927386715287 0.43813351457356464 3.0206904775095609 0.73464700383556192
leaf_count=149 421 3703 32 23 817 1307
internal_value=0.000299544 -0.00320713 0.00389693 -0.00567553 0.00594974 -0.00100319
internal_weight=7.98748 3.43963 4.54784 2.26466 3.34922 1.19863
internal_count=6452 3875 2577 3726 1238 1339
is_linear=0
shrinkage=0.025


Tree=331
num_leaves=7
num_cat=0
split_feature=13 25 22 17 7 27
split_gain=0.471902 0.27294 0.202835 0.118358 0.0981974 0.0952293
threshold=4.0164837837219247 2.6934379339218144 0.93059036135673534 0.0093604251742362993 -1.0614281892776487 0.092750731855630889
decision_type=2 2 2 2 2 2
left_child=2 3 4 -2 -1 -3
right_child=1 5 -4 -5 -6 -7
leaf_value=0 0 0.00088635076829258043 0.00039734725848976598 0.0065393359506821236 -0.0072906272379953327 -0.0034065180227041999
leaf_weight=0.34040044842731809 0.3339141304859371 0.46398485602549022 0.95469740305634321 3.0540516370601836 1.9699594247649654 0.77716456772759557
leaf_count=113 419 29 83 839 3705 1294
internal_value=0 0.00340542 -0.00470895 0.00567816 -0.00650252 -0.00137587
internal_weight=7.89417 4.62912 3.26506 3.38797 2.31036 1.24115
internal_count=6482 2581 3901 1258 3818 1323
is_linear=0
shrinkage=0.025


Tree=332
num_leaves=6
num_cat=0
split_feature=13 25 14 27 20
split_gain=0.305932 0.247587 0.18054 0.0533648 0.0414232
threshold=2.9715204238891606 2.6934379339218144 0.43624408543109899 0.092750731855630889 -1.0419143438339231
decision_type=2 2 2 2 2
left_child=4 2 -2 -3 -1
right_child=1 3 -4 -5 -6
leaf_value=0 0.0061696832200588379 6.7883881481032129e-05 -6.3855559735451325e-05 -0.002994326817374173 -0.0049920896268389669
leaf_weight=0.3933964484858733 3.1179339803875337 0.31390431315958245 1.4914650089576751 0.96826195119137992 1.2380473508183056
leaf_count=73 1493 67 804 1956 2078
internal_value=0 0.00237894 0.00451855 -0.00179241 -0.00442024
internal_weight=7.52301 5.89157 4.6094 1.28217 1.63144
internal_count=6471 4320 2297 2023 2151
is_linear=0
shrinkage=0.025


Tree=333
num_leaves=7
num_cat=0
split_feature=13 25 21 27 8 19
split_gain=0.250379 0.331009 0.11568 0.0655295 0.0474846 0.0140443
threshold=2.9715204238891606 2.6934379339218144 0.0038791496772319083 0.092750731855630889 -0.94276756048202504 1.2037463188171389
decision_type=2 2 2 2 2 2
left_child=4 2 -2 -3 -1 -6
right_child=1 3 -4 -5 5 -7
leaf_value=0 0 0 0.0055089687592352714 -0.0038017459872259161 -0.0049298355378826078 0
leaf_weight=0.3208279254668015 0.48901501396721858 0.2930415889532012 4.1689264520318829 0.90944979483901989 1.2297462251444806 0.11235055362340074
leaf_count=71 810 65 1411 2005 2019 18
internal_value=0 0.00200225 0.00461801 -0.00267718 -0.00411724 -0.00474223
internal_weight=7.52336 5.86043 4.65794 1.20249 1.66292 1.3421
internal_count=6399 4291 2221 2070 2108 2037
is_linear=0
shrinkage=0.025


Tree=334
num_leaves=7
num_cat=0
split_feature=21 27 22 16 6 14
split_gain=0.373241 0.261262 0.173446 0.128143 0.13828 0.0403212
threshold=0.96155849099159252 0.72317621111869823 1.0608457922935488 0.60337200760841381 4.6459898948669442 0.10284366086125375
decision_type=2 2 2 2 2 2
left_child=1 2 -1 4 -2 -3
right_child=3 5 -4 -5 -6 -7
leaf_value=-0.0074259658386940739 0.0054657859040272237 0.0025518145549008877 0 -0.00081252120228393241 -0.00038218428580289278 -3.3648139768298396e-05
leaf_weight=3.3885087793605639 2.2615297130068948 0.17975471857062064 0.48207979252401845 0.38272765272995446 0.26255264828796487 0.22546305299329106
leaf_count=5900 211 19 44 145 72 78
internal_value=-0.00130962 -0.00463676 -0.00631882 0.00263129 0.00417708 0.00125655
internal_weight=7.18262 4.27581 3.87059 2.90681 2.52408 0.405218
internal_count=6469 6041 5944 428 283 97
is_linear=0
shrinkage=0.025


Tree=335
num_leaves=7
num_cat=0
split_feature=26 26 6 22 26 17
split_gain=0.329081 0.273088 0.213974 0.16656 0.0425132 0.0282815
threshold=-1.0023156404495237 -0.38688518106937403 4.1021375656127939 0.75734731554985057 -0.36014892160892481 -0.0064050564542412749
decision_type=2 2 2 2 2 2
left_child=2 3 5 -2 -3 -1
right_child=1 4 -4 -5 -6 -7
leaf_value=0 -0.0070926337402675097 0.0027655129349977285 -0.0014303856690580413 0 0 0.0054731329404789884
leaf_weight=0.22183199452774749 2.9907798025687953 0.34060992985905614 0.49093567259842519 1.0930031283896822 0.19074026429734647 1.9797782024834307
leaf_count=98 5183 25 623 181 82 194
internal_value=-0.000618255 -0.00383585 0.00299289 -0.00572647 0.00160645 0.00515539
internal_weight=7.30768 4.61513 2.69255 4.08378 0.53135 2.20161
internal_count=6386 5471 915 5364 107 292
is_linear=0
shrinkage=0.025


Tree=336
num_leaves=7
num_cat=0
split_feature=26 24 6 21 21 20
split_gain=0.575775 0.275676 0.191513 0.0696992 0.0280354 0.0265104
threshold=-1.0023156404495237 -3.9066581726074214 4.6459898948669442 -0.16138603538274762 0.96155849099159252 0.823389232158661
decision_type=2 2 2 2 2 2
left_child=2 5 3 -1 -3 -2
right_child=1 4 -4 -5 -6 -7
leaf_value=0 0.0017674701201228504 -0.0076335947680948911 -0.00092173899859021222 0.0061113291013094942 0 -0.00010932150548809833
leaf_weight=0.11859645320510059 1.0188586186741302 2.4721422091042773 0.40354651870438818 2.5138778925829688 0.81763976868387533 0.29763671251203039
leaf_count=152 79 5238 473 306 195 106
internal_value=-0.000889249 -0.00507989 0.00389579 0.0055732 -0.00710004 0.000603025
internal_weight=7.6423 4.60628 3.03602 2.63247 3.28978 1.3165
internal_count=6549 5618 931 458 5433 185
is_linear=0
shrinkage=0.025


Tree=337
num_leaves=7
num_cat=0
split_feature=17 22 12 23 10 11
split_gain=0.407263 0.376121 0.182674 0.188733 0.142277 0.0602416
threshold=0.49000982940196997 0.72814291715621959 2.8849375247955327 -5.753023386001586 7.0104670524597177 2.2299132347106938
decision_type=2 2 2 2 2 2
left_child=1 4 -2 -4 -1 -3
right_child=2 5 3 -5 -6 -7
leaf_value=-0.0084301659719621305 -0.0013782299546953823 -0.00052943509886873837 -0.00071059223771384201 0.0059960730070608903 0 0.0027167689525609937
leaf_weight=2.369321919602954 0.4402225412668489 0.22333752461418033 0.35922903606115175 2.7978140733303007 0.20515104441437859 1.1852934527851173
leaf_count=5164 299 74 172 656 17 102
internal_value=-0.00112469 -0.00482564 0.00266947 0.00449894 -0.00757648 0.00121533
internal_weight=7.58037 3.9831 3.59727 3.15704 2.57447 1.40863
internal_count=6484 5357 1127 828 5181 176
is_linear=0
shrinkage=0.025


Tree=338
num_leaves=7
num_cat=0
split_feature=26 26 5 22 24 23
split_gain=0.236538 0.236366 0.172163 0.138838 0.0889326 0.0430348
threshold=-0.96905222535133351 -0.38688518106937403 4.7413187026977548 0.75734731554985057 0.45058451592922216 -1.3530300259590147
decision_type=2 2 2 2 2 2
left_child=2 3 4 -2 -1 -3
right_child=1 5 -4 -5 -6 -7
leaf_value=0.005353251106720136 -0.0062817866675139488 0 -0.001210713291492087 0 0 0.0028190050111168295
leaf_weight=2.5905113626649845 2.7155047415817539 0.1753103854280198 0.44179415953112755 1.0625571686541659 0.16570953534028365 0.34299158870271629
leaf_count=411 4896 71 470 159 415 33
internal_value=0 -0.00303304 0.00275705 -0.00497985 0.00456933 0.00167935
internal_weight=7.49438 4.29636 3.19802 3.77806 2.75622 0.518302
internal_count=6455 5159 1296 5055 826 104
is_linear=0
shrinkage=0.025


Tree=339
num_leaves=7
num_cat=0
split_feature=27 19 13 21 20 21
split_gain=0.405025 0.205754 0.163132 0.0845567 0.0394878 0.0230299
threshold=0.13023087382316592 0.54313117265701305 3.44029712677002 0.98096084594726574 0.61530175805091869 0.22165317088365558
decision_type=2 2 2 2 2 2
left_child=2 3 4 -2 -1 -4
right_child=1 -3 5 -5 -6 -7
leaf_value=-0.0022087993386826366 -0.0073743677453412017 0.00042944122198570268 0 0 0.0002918099821366201 0.0050554052823289794
leaf_weight=0.73115347596467495 2.3079974028696602 0.95450690327197651 0.17905860739847401 1.1802392047356987 0.45964274040670716 1.7291286669351391
leaf_count=763 4785 174 124 221 193 142
internal_value=-0.00136312 -0.00479461 0.00270755 -0.00637133 -0.000777895 0.0047761
internal_weight=7.54173 4.44274 3.09898 3.48824 1.1908 1.90819
internal_count=6402 5180 1222 5006 956 266
is_linear=0
shrinkage=0.025


Tree=340
num_leaves=7
num_cat=0
split_feature=21 22 17 26 13 17
split_gain=0.468776 0.213213 0.192202 0.143557 0.0950286 0.011938
threshold=0.96155849099159252 0.75734731554985057 0.82341760396957409 -0.84888690710067738 2.2260850667953496 0.62693017721176159
decision_type=2 2 2 2 2 2
left_child=1 2 -1 4 -2 -5
right_child=3 -3 -4 5 -6 -7
leaf_value=-0.0081802223953744615 0 0.00027774642606644091 0 0 0.0053790020986006701 -0.001463352962164356
leaf_weight=2.8555121003573736 0.17399731889600012 0.94045917221592379 0.55384775202401204 0.23974745204031922 2.1349722678132821 0.29238965632976033
leaf_count=5746 69 136 164 25 175 150
internal_value=-0.00183268 -0.00540092 -0.00694435 0.00279368 0.0044854 -0.000836593
internal_weight=7.19093 4.34982 3.40936 2.84111 2.30897 0.532137
internal_count=6465 6046 5910 419 244 175
is_linear=0
shrinkage=0.025


Tree=341
num_leaves=7
num_cat=0
split_feature=13 22 23 17 17 27
split_gain=0.346389 0.201049 0.183615 0.202919 0.179009 0.149462
threshold=4.1068921089172372 0.88723215460777294 -2.3928192853927608 0.0093604251742362993 1.1144715547561648 0.084412626922130599
decision_type=2 2 2 2 2 2
left_child=1 4 5 -4 -1 -2
right_child=2 -3 3 -5 -6 -7
leaf_value=-0.0071485939502150785 0.0018684460048207768 0.00073969042466909025 -0.00057593488932085118 0.0067265418201757883 7.3860074325953298e-05 -0.0036633607087145151
leaf_weight=1.850472456326316 0.59779589514437226 1.0799002649982865 0.38464137010123556 2.4605172973933804 0.66153150932223059 0.71558811199611227
leaf_count=3878 26 96 572 868 107 956
internal_value=0 -0.00367274 0.0033142 0.00520477 -0.0056314 -0.00066986
internal_weight=7.75045 3.5919 4.15854 2.84516 2.512 1.31338
internal_count=6503 4081 2422 1440 3985 982
is_linear=0
shrinkage=0.025


Tree=342
num_leaves=6
num_cat=0
split_feature=21 15 14 19 15
split_gain=0.253496 0.226637 0.212104 0.0352564 0.0145008
threshold=0.0038791496772319083 -0.014604859985411165 0.42531791329383856 0.61392250657081615 2.9411590099334721
decision_type=2 2 2 2 2
left_child=4 3 -3 -2 -1
right_child=1 2 -4 -5 -6
leaf_value=-0.0042992568892735259 -0.0026985426948269637 0.0060198285711028096 -0.00037162938698055221 0 0
leaf_weight=1.2391993669152723 0.90417427632746672 3.4027079623083409 1.721787558728465 0.23457551725732628 0.065029685818444594
leaf_count=3203 1139 1393 760 30 16
internal_value=0 0.00215229 0.00413204 -0.00184779 -0.00410553
internal_weight=7.56747 6.26325 5.1245 1.13875 1.30423
internal_count=6541 3322 2153 1169 3219
is_linear=0
shrinkage=0.025


Tree=343
num_leaves=7
num_cat=0
split_feature=27 27 19 6 22 14
split_gain=0.297528 0.191364 0.209377 0.166902 0.0474188 0.0395003
threshold=0.10150882229208948 0.72317621111869823 0.40106500685215002 4.6459898948669442 -0.25619027018547053 0.10284366086125375
decision_type=2 2 2 2 2 2
left_child=3 2 -2 4 -1 -3
right_child=1 5 -4 -5 -6 -7
leaf_value=0 -0.0065289699962762784 0.0025439851094474571 0.00025791818109815182 -0.00093808806734067449 0.0053644148643761857 -5.1572398300810562e-06
leaf_weight=0.078360545510804847 3.0263993434782606 0.17867529962677497 1.3357981203662346 0.397681463498884 2.4442882281036877 0.21056995777325938
leaf_count=137 5127 16 357 459 308 78
internal_value=0 -0.00321721 -0.00475529 0.00327641 0.00495354 0.00127988
internal_weight=7.67177 4.75144 4.3622 2.92033 2.52265 0.389245
internal_count=6482 5578 5484 904 445 94
is_linear=0
shrinkage=0.025


Tree=344
num_leaves=7
num_cat=0
split_feature=22 17 12 12 23 13
split_gain=0.380501 0.471579 0.127169 0.122439 0.0921534 0.0669064
threshold=0.75734731554985057 0.52575585246086132 2.8849375247955327 7.2158763408660898 -6.053377389907836 2.9715204238891606
decision_type=2 2 2 2 2 2
left_child=1 3 -3 -1 -2 -6
right_child=4 2 -4 -5 5 -7
leaf_value=-0.0081876889640327584 -1.4363651531370885e-05 -0.0012666484556640798 0.0035768205232926138 0 0 0.0053487475402256646
leaf_weight=2.3403457366548541 0.29744705006305627 0.43066278099468069 2.077464192519983 0.22520377392356739 0.24152895712177302 1.9231638000928795
leaf_count=5230 92 287 606 22 56 134
internal_value=-0.000339208 -0.00373595 0.00162305 -0.00741133 0.00363602 0.00466992
internal_weight=7.53582 5.07368 2.50813 2.56555 2.46214 2.16469
internal_count=6427 6145 893 5252 282 190
is_linear=0
shrinkage=0.025


Tree=345
num_leaves=7
num_cat=0
split_feature=27 12 25 18 24 0
split_gain=0.378355 0.187113 0.147418 0.0727157 0.0724913 0.0403649
threshold=0.12810740619897845 2.6200177669525151 0.74213770031929027 1.1770720481872561 0.45058451592922216 4.4671397209167489
decision_type=2 2 2 2 2 2
left_child=1 -1 5 -4 -3 -2
right_child=2 4 3 -5 -6 -7
leaf_value=-0.0013615979311617152 0.0014346863234561118 0.0053466388690920491 -0.00705632162487849 0 0 -0.0014038633710601964
leaf_weight=0.47193686973696491 1.713277685486901 2.2971436951193032 1.8023422760816172 0.1053490638732909 0.12961342184644298 0.78942411035859539
leaf_count=489 673 366 4144 1 350 466
internal_value=-0.00131042 0.00267434 -0.00462296 -0.0065156 0.00468904 0
internal_weight=7.30909 2.89869 4.41039 1.90769 2.42676 2.5027
internal_count=6489 1205 5284 4145 716 1139
is_linear=0
shrinkage=0.025


Tree=346
num_leaves=7
num_cat=0
split_feature=6 21 14 24 8 2
split_gain=0.327348 0.196835 0.173396 0.0991337 0.0609469 0.0126492
threshold=2.896875381469727 0.019527789205312732 0.42531791329383856 -5.3866918087005606 -0.94276756048202504 4.7922155857086191
decision_type=2 2 2 2 2 2
left_child=1 5 -3 -2 -5 -1
right_child=3 2 -4 4 -6 -7
leaf_value=-0.0018284979896721427 0 0.0062301638931781828 0 0 -0.0059182443896731857 0
leaf_weight=0.63106602054176608 0.44155671409680541 2.6934691637343349 1.6860785943681547 0.3123933816677894 1.4665334315286593 0.086598210036754608
leaf_count=1607 30 1050 639 77 3045 1
internal_value=0 0.00278201 0.00450371 -0.00418471 -0.00527185 -0.00138206
internal_weight=7.3177 5.09721 4.37955 2.22048 1.77893 0.717664
internal_count=6449 3297 1689 3152 3122 1608
is_linear=0
shrinkage=0.025


Tree=347
num_leaves=7
num_cat=0
split_feature=22 13 14 16 21 13
split_gain=0.270888 0.378603 0.203917 0.122853 0.113724 0.090162
threshold=0.75734731554985057 4.4041979312896737 0.39009320735931402 0.57674682140350353 1.3374243378639223 2.9715204238891606
decision_type=2 2 2 2 2 2
left_child=1 4 -3 5 -1 -2
right_child=3 2 -4 -5 -6 -7
leaf_value=-0.0073462547962698079 0 0.004275095218681981 -0.001977167539790057 -0.00048883164383569419 0 0.0055401291697549614
leaf_weight=2.050365031784168 0.27829135804495386 1.8173199603807009 0.58471551480397455 0.38011738280329144 0.49367076117778186 1.8220250269878304
leaf_count=4341 62 1261 499 119 64 118
internal_value=0 -0.00303748 0.00160129 0.00321958 -0.00640423 0.00464259
internal_weight=7.42651 4.94607 2.40204 2.48043 2.54404 2.10032
internal_count=6464 6165 1760 299 4405 180
is_linear=0
shrinkage=0.025


Tree=348
num_leaves=7
num_cat=0
split_feature=22 17 27 16 5 11
split_gain=0.340376 0.377615 0.380489 0.123994 0.0940375 0.0897436
threshold=0.75734731554985057 0.66106122732162487 0.72317621111869823 0.57674682140350353 4.0254259109497079 2.1975883245468144
decision_type=2 2 2 2 2 2
left_child=1 2 -1 5 -3 -2
right_child=3 4 -4 -5 -6 -7
leaf_value=-0.0085817570030644955 0 0.0033400509863697487 0.0013987717090417594 -0.00028790164237551348 -0.00081216901919977215 0.0059540560403306452
leaf_weight=2.3924904191862884 0.26451132330112237 1.7241038246938845 0.38331935050518939 0.35651577101089049 0.37056676809152111 1.9094312718552826
leaf_count=5558 60 333 92 117 216 121
internal_value=0 -0.00319777 -0.00638654 0.00385314 0.00166985 0.0051308
internal_weight=7.40094 4.87048 2.77581 2.53046 2.09467 2.17394
internal_count=6497 6199 5650 298 549 181
is_linear=0
shrinkage=0.025


Tree=349
num_leaves=7
num_cat=0
split_feature=6 25 21 21 27 24
split_gain=0.318595 0.210197 0.115851 0.0909196 0.0863815 0.0439525
threshold=3.065254926681519 2.6934379339218144 1.3374243378639223 0.019527789205312732 0.092750731855630889 -5.3866918087005606
decision_type=2 2 2 2 2 2
left_child=1 3 5 -1 -3 -2
right_child=2 4 -4 -5 -6 -7
leaf_value=0 0 0.0011063203605601467 0.00024795514457732673 0.006044990406274992 -0.0029481400745501006 -0.0052648086645470781
leaf_weight=0.41712395420836434 0.32144071275251929 0.45954391983832443 0.75663742900360365 3.5223060807329603 0.9267498059944046 1.2970754429461522
leaf_count=697 27 27 72 1077 1673 2814
internal_value=0.000511928 0.00351298 -0.00318937 0.00533668 -0.000811564 -0.00471397
internal_weight=7.70088 5.32572 2.37515 3.93943 1.38629 1.61852
internal_count=6387 3474 2913 1774 1700 2841
is_linear=0
shrinkage=0.025


end of trees

feature_importances:
Column_21=250
Column_22=208
Column_27=198
Column_6=181
Column_13=166
Column_26=152
Column_24=142
Column_17=93
Column_19=89
Column_25=73
Column_5=66
Column_12=56
Column_14=48
Column_23=46
Column_18=38
Column_16=34
Column_2=33
Column_3=32
Column_7=25
Column_20=21
Column_0=20
Column_15=19
Column_4=10
Column_11=10
Column_8=8
Column_10=8
Column_1=6
Column_9=2

parameters:
[boosting: gbdt]
[objective: binary]
[metric: binary_logloss]
[tree_learner: serial]
[device_type: cpu]
[data_sample_strategy: bagging]
[data: ]
[valid: ]
[num_iterations: 350]
[learning_rate: 0.025]
[num_leaves: 7]
[num_threads: 4]
[seed: 990033]
[deterministic: 0]
[force_col_wise: 0]
[force_row_wise: 0]
[histogram_pool_size: -1]
[max_depth: 3]
[min_data_in_leaf: 20]
[min_sum_hessian_in_leaf: 0.001]
[bagging_fraction: 0.8]
[pos_bagging_fraction: 1]
[neg_bagging_fraction: 1]
[bagging_freq: 1]
[bagging_seed: 990033]
[bagging_by_query: 0]
[feature_fraction: 0.8]
[feature_fraction_bynode: 1]
[feature_fraction_seed: 990033]
[extra_trees: 0]
[extra_seed: 8434]
[early_stopping_round: 0]
[early_stopping_min_delta: 0]
[first_metric_only: 0]
[max_delta_step: 0]
[lambda_l1: 0.25]
[lambda_l2: 5]
[linear_lambda: 0]
[min_gain_to_split: 0.01]
[drop_rate: 0.1]
[max_drop: 50]
[skip_drop: 0.5]
[xgboost_dart_mode: 0]
[uniform_drop: 0]
[drop_seed: 5720]
[top_rate: 0.2]
[other_rate: 0.1]
[min_data_per_group: 100]
[max_cat_threshold: 32]
[cat_l2: 10]
[cat_smooth: 10]
[max_cat_to_onehot: 4]
[top_k: 20]
[monotone_constraints: ]
[monotone_constraints_method: basic]
[monotone_penalty: 0]
[feature_contri: ]
[forcedsplits_filename: ]
[refit_decay_rate: 0.9]
[cegb_tradeoff: 1]
[cegb_penalty_split: 0]
[cegb_penalty_feature_lazy: ]
[cegb_penalty_feature_coupled: ]
[path_smooth: 0]
[interaction_constraints: ]
[verbosity: -1]
[saved_feature_importance_type: 0]
[use_quantized_grad: 0]
[num_grad_quant_bins: 4]
[quant_train_renew_leaf: 0]
[stochastic_rounding: 1]
[linear_tree: 0]
[max_bin: 255]
[max_bin_by_feature: ]
[min_data_in_bin: 3]
[bin_construct_sample_cnt: 200000]
[data_random_seed: 21805]
[is_enable_sparse: 1]
[enable_bundle: 1]
[use_missing: 1]
[zero_as_missing: 0]
[feature_pre_filter: 1]
[pre_partition: 0]
[two_round: 0]
[header: 0]
[label_column: ]
[weight_column: ]
[group_column: ]
[ignore_column: ]
[categorical_feature: ]
[forcedbins_filename: ]
[precise_float_parser: 0]
[parser_config_file: ]
[objective_seed: 23925]
[num_class: 1]
[is_unbalance: 0]
[scale_pos_weight: 1]
[sigmoid: 1]
[boost_from_average: 1]
[reg_sqrt: 0]
[alpha: 0.9]
[fair_c: 1]
[poisson_max_delta_step: 0.7]
[tweedie_variance_power: 1.5]
[lambdarank_truncation_level: 30]
[lambdarank_norm: 1]
[label_gain: ]
[lambdarank_position_bias_regularization: 0]
[eval_at: ]
[multi_error_top_k: 1]
[auc_mu_weights: ]
[num_machines: 1]
[local_listen_port: 12400]
[time_out: 120]
[machine_list_filename: ]
[machines: ]
[gpu_platform_id: -1]
[gpu_device_id: -1]
[gpu_device_id_list: ]
[gpu_use_dp: 0]
[num_gpu: 1]

end of parameters

pandas_categorical:null
