tree
version=v4
num_class=1
num_tree_per_iteration=1
label_index=0
max_feature_idx=29
objective=binary sigmoid:1
feature_names=Column_0 Column_1 Column_2 Column_3 Column_4 Column_5 Column_6 Column_7 Column_8 Column_9 Column_10 Column_11 Column_12 Column_13 Column_14 Column_15 Column_16 Column_17 Column_18 Column_19 Column_20 Column_21 Column_22 Column_23 Column_24 Column_25 Column_26 Column_27 Column_28 Column_29
feature_infos=[-3.3145689964294434:11.419490814208984] [-3.800492525100708:11.685395240783691] [-4.1085963249206543:11.701414108276367] [-4.471123218536377:14.799290657043457] [-4.6491799354553223:11.272500991821289] [-4.4419412612915039:14.854907989501953] [-4.2767033576965332:15.230170249938965] [-2.6255080699920654:7.7766919136047363] [-2.4129281044006348:7.9583759307861328] [-2.7924714088439941:7.9595637321472168] [-2.7998127937316895:8.0131950378417969] [-2.3432471752166748:8.0520820617675781] [-4.608130931854248:7.962162971496582] [-3.0847930908203125:7.9669203758239746] [-4.6340794563293457:5.5208940505981445] [-5.1695089340209961:6.7352347373962402] [-16.878068923950195:7.1673679351806641] [-7.9499320983886719:13.312758445739746] [-13.368375778198242:6.3999519348144531] [-7.1896843910217285:10.088415145874023] [-18.599782943725586:6.4521923065185547] [-11.509480476379395:7.5959486961364746] [-13.743638038635254:8.2166194915771484] [-19.253122329711914:75.43280029296875] [-101.5352783203125:23.625490188598633] [-104.40505218505859:26.062267303466797] [-2.397939920425415:0.93066060543060303] [-1.2905910015106201:2.0380096435546875] [0:7] [0:7]
tree_sizes=885 895 877 875 875 895 891 871 770 896 872 895 875 877 883 892 875 901 873 891 876 881 875 898 874 880 874 854 877 860 863 894 879 880 770 892 865 874 861 857 877 861 878 900 881 873 881 884 897 879 879 868 872 881 881 901 856 896 880 851 870 796 854 865 858 871 884 880 872 860 898 799 871 776 855 856 876 843 755 882 901 877 840 904 875 899 870 857 865 889 861 877 902 775 863 856 902 888 867 907 797 797 878 875 886 880 877 906 887 890 872 884 902 792 779 831 908 882 776 781 868 871 885 884 854 853 851 872 898 884 871 775 883 904 899 867 903 872 889 840 868 859 891 760 885 778 905 877 850 857 872 862 883 881 894 912 759 840 855 874 871 868 861 861 879 740 780 867 849 886 848 831 876 842 856 889 882 897 877 887 887 889 848 847 862 786 886 779 865 849 889 846 863 851 860 780 773 784 773 863 873 763 697 877 783 870 743 857 889 888 859 890 882 750 763 760 867 871 838 864 871 856 667 787 738 860 866 790 864 778 889 790 869 874 867 857 876 892 804 859 869 797 862 879 860 876 848 863 804 832 858 847 879 887 865 865 873 885 882 678 843 886 903 851 852 877 874 855 774 766 899 892 867 890 872 790 757 873 893 767 875 876 885 884 885 884 769 780 856 877 867 743 870 871 856 907 738 874 874 849 834 892 866 887 886 886 836 835 757 882 871 854 835 886 870 839 850 864 888 762 873 780 867 592 847 826 840 755 879 866 755 773 881 849 875 851 886 872 783 900 759 874 878 857 872 873 771 882 864 898

Tree=0
num_leaves=7
num_cat=0
split_feature=22 5 17 2 24 24
split_gain=142.732 13.8486 11.9482 3.72094 2.88634 0.308544
threshold=0.18978750705718997 4.5051579475402841 0.52575585246086132 1.5961002111434939 0.44871032238006597 -5.5527069568634024
decision_type=2 2 2 2 2 2
left_child=2 3 -1 -2 -4 -3
right_child=1 5 4 -5 -6 -7
leaf_value=-0.13465108520530511 -0.096416862293699376 -0.094993485337345723 -0.083169028278987006 -0.054164164015423358 -0.1057340016919561 -0.10606300261625339
leaf_weight=27.181498237419877 0.78899313253351167 0.35730703291483212 2.6398578695952883 28.839030260685831 1.5647080629132686 1.6231211980339129
leaf_count=4590 160 20 131 751 579 244
internal_value=-0.0943955 -0.0595216 -0.129436 -0.0554672 -0.0933462 -0.104374
internal_weight=62.9945 31.6085 31.3861 29.628 4.20457 1.98043
internal_count=6475 1175 5300 911 710 264
is_linear=0
shrinkage=1


Tree=1
num_leaves=7
num_cat=0
split_feature=22 13 17 2 8 17
split_gain=121.15 19.4119 7.1846 4.91533 0.796464 0.777516
threshold=0.14091093093156817 2.9653348922729497 0.52575585246086132 1.5961002111434939 2.2685248851776127 0.49812771379947668
decision_type=2 2 2 2 2 2
left_child=2 5 -1 -3 -4 -2
right_child=1 3 4 -5 -6 -7
leaf_value=-0.038303052314888432 -0.014792745758459045 -0.0024123825004075295 -0.0067801773241700841 0.039666912015048572 0.0051939318885155508 0.0011567203757364677
leaf_weight=26.062129363068383 2.4434103062958488 0.95891771808965387 1.5937194260768586 25.994339666969609 2.2200579724740237 0.76609743625158433
leaf_count=4393 419 200 297 647 414 61
internal_value=-0.00131221 0.0314363 -0.0343211 0.037831 -0.000108478 -0.0118386
internal_weight=60.0387 30.1628 29.8759 26.9533 3.81378 3.20951
internal_count=6431 1327 5104 847 711 480
is_linear=0
shrinkage=0.025


Tree=2
num_leaves=7
num_cat=0
split_feature=22 17 13 24 3 0
split_gain=121.98 16.179 15.1074 4.54794 1.35312 0.519151
threshold=0.22451979666948321 0.52575585246086132 2.9653348922729497 0.18714576214551928 1.6024565696716311 3.5835180282592778
decision_type=2 2 2 2 2 2
left_child=1 -1 5 -3 -4 -2
right_child=2 3 4 -5 -6 -7
leaf_value=-0.037950731258204223 0.0012117493086501645 0.016158180329902322 0.0023096088230368408 -0.011601413753653044 0.040161967811356163 -0.012377678397484571
leaf_weight=27.189732042315882 0.25424852117430718 3.2991200195392585 1.609799906436822 1.7918359222239812 25.536869813862722 1.9418098662863483
leaf_count=4645 7 120 243 618 463 344
internal_value=0 -0.0312848 0.0340212 0.00486116 0.0388201 -0.0101871
internal_weight=61.6234 32.2807 29.3427 5.09096 27.1467 2.19606
internal_count=6440 5383 1057 738 706 351
is_linear=0
shrinkage=0.025


Tree=3
num_leaves=7
num_cat=0
split_feature=21 6 22 26 17 21
split_gain=126.627 11.4516 9.36935 2.9099 1.39927 0.614723
threshold=0.48452487587928778 3.3203066587448125 0.86845800280570995 -0.80606129765510548 0.5688474476337434 1.2010505795478823
decision_type=2 2 2 2 2 2
left_child=2 3 4 -2 -1 -3
right_child=1 5 -4 -5 -6 -7
leaf_value=-0.037790475332168554 0.039656873836964777 -0.0096989749405607482 0.0072604671205078594 0 -0.0010568458252641581 0.0020745508110204119
leaf_weight=28.770722566987395 24.383034708909697 1.4711908507742912 1.4311218005605031 1.4352433038293373 1.3188118687830854 1.1532832335797136
leaf_count=4900 321 410 60 377 335 74
internal_value=-0.00169797 0.0334793 -0.0338492 0.0379528 -0.0367386 -0.00573792
internal_weight=59.9634 28.4428 31.5207 25.8183 30.0895 2.62447
internal_count=6477 1182 5295 698 5235 484
is_linear=0
shrinkage=0.025


Tree=4
num_leaves=7
num_cat=0
split_feature=22 6 17 26 23 22
split_gain=126.272 13.1732 11.5709 3.18277 1.20051 0.712608
threshold=0.18978750705718997 3.7343958616256718 0.9083727002143861 -0.79651692509651173 -5.4235351085662833 -0.25476640462875361
decision_type=2 2 2 2 2 2
left_child=2 3 4 -2 -1 -4
right_child=1 -3 5 -5 -6 -7
leaf_value=0 0.039072777724535837 -0.0081114874055683173 -0.002846198372648435 0.00041946153642549152 -0.037663090088620503 0.010256641464708954
leaf_weight=0.5311170353088589 27.603599964990288 2.4815919906832269 0.46313120465492863 1.8443926775362331 27.806807773129549 1.9746116669266474
leaf_count=68 421 392 120 354 5117 58
internal_value=0.000448251 0.0329302 -0.0329693 0.0372455 -0.0370595 0.0066871
internal_weight=62.7053 31.9296 30.7757 29.448 28.3379 2.43774
internal_count=6530 1167 5363 775 5185 178
is_linear=0
shrinkage=0.025


Tree=5
num_leaves=7
num_cat=0
split_feature=22 13 17 2 22 21
split_gain=115.819 16.5273 4.86233 4.72835 1.17155 1.0927
threshold=0.14091093093156817 2.9653348922729497 0.52575585246086132 1.5961002111434939 -0.25476640462875361 1.3932017087936404
decision_type=2 2 2 2 2 2
left_child=2 5 -1 -3 -4 -2
right_child=1 3 4 -5 -6 -7
leaf_value=-0.035649070459339675 -0.01428027893700985 -0.0024863140171488829 -0.0088216626045993386 0.037978923356523399 0.0058877504859941587 0.0028860947083569912
leaf_weight=25.714486271259378 2.4362957528210241 0.97891374136088671 1.3328184700803833 28.835267086164095 2.1107574275811194 0.56215946754673485
leaf_count=4380 442 198 493 648 201 23
internal_value=0.000874705 0.0310418 -0.032465 0.0363045 -0.000917813 -0.0104882
internal_weight=61.9707 32.8126 29.1581 29.8142 3.44358 2.99846
internal_count=6385 1311 5074 846 694 465
is_linear=0
shrinkage=0.025


Tree=6
num_leaves=7
num_cat=0
split_feature=22 13 17 3 27 21
split_gain=113.417 13.6061 11.5766 3.57502 1.0132 0.827865
threshold=0.18978750705718997 2.9653348922729497 0.84052234888076793 1.1022139191627505 0.12957102060317996 1.3932017087936404
decision_type=2 2 2 2 2 2
left_child=2 5 -1 -3 -4 -2
right_child=1 3 4 -5 -6 -7
leaf_value=-0.034967389269044045 -0.012275487730752719 -0.0015142373315419917 0.011021880923034072 0.037597018783591958 -0.0039675683412780261 0.002451811542319565
leaf_weight=27.576159529213331 1.9987313987221562 0.81267068994930269 2.2939292713999744 29.154771776462439 0.60508841054979701 0.60982014524051908
leaf_count=4991 370 209 91 572 138 24
internal_value=0.00161214 0.031853 -0.0304706 0.0362928 0.00657098 -0.00866244
internal_weight=63.0512 32.576 30.4752 29.9674 2.89902 2.60855
internal_count=6395 1175 5220 781 229 394
is_linear=0
shrinkage=0.025


Tree=7
num_leaves=7
num_cat=0
split_feature=21 6 22 26 23 21
split_gain=109.659 12.2543 9.8904 4.51184 3.13988 0.728242
threshold=0.39327090978622442 3.7343958616256718 0.92263543605804454 -0.84875690937042225 -5.4235351085662833 1.8219149708747866
decision_type=2 2 2 2 2 2
left_child=2 3 4 -2 -1 -3
right_child=1 5 -4 -5 -6 -7
leaf_value=0.0016928856000231749 0.037470777118538204 -0.011566378742237024 0.0086260860212309005 0 -0.034806251709130813 0.0022030362124844864
leaf_weight=0.73114479787182673 27.606354629795533 1.8848796209204004 1.6149600251228537 2.4027664616587598 28.387876704975497 0.64493743557250116
leaf_count=84 396 465 46 588 4944 24
internal_value=0.00102679 0.0308798 -0.0303029 0.0350307 -0.0335928 -0.0080941
internal_weight=63.2729 32.5389 30.734 30.0091 29.119 2.52982
internal_count=6547 1473 5074 984 5028 489
is_linear=0
shrinkage=0.025


Tree=8
num_leaves=6
num_cat=0
split_feature=21 24 13 26 23
split_gain=105.041 14.5833 8.86863 3.51595 2.69179
threshold=0.50320473313331615 -4.0409967899322501 2.2162357568740849 -0.84875690937042225 -5.4235351085662833
decision_type=2 2 2 2 2
left_child=1 -1 -2 -4 -3
right_child=2 4 3 -5 -6
leaf_value=0.011683329736279457 -0.0081193433192395734 0.00071653796947084892 0.036460019227660095 0 -0.03439207229807173
leaf_weight=2.4589505563490119 1.2445749909384201 0.85118737351149576 27.357001799915455 1.9238191490294401 28.653996173467021
leaf_count=88 222 105 457 472 5117
internal_value=0.000979151 -0.0285031 0.0316935 0.0345055 -0.033241
internal_weight=62.4895 31.9641 30.5254 29.2808 29.5052
internal_count=6461 5310 1151 929 5222
is_linear=0
shrinkage=0.025


Tree=9
num_leaves=7
num_cat=0
split_feature=22 6 17 24 2 26
split_gain=97.3777 14.5759 8.34527 2.83857 2.76792 0.176292
threshold=0.18978750705718997 3.3558827638626103 0.52575585246086132 0.44871032238006597 1.5961002111434939 -0.37220074236392969
decision_type=2 2 2 2 2 2
left_child=2 4 5 -4 -2 -1
right_child=1 -3 3 -5 -6 -7
leaf_value=-0.034366482780432826 -0.00088276627287588486 -0.012324832454232826 0.011344089840711646 -0.010848031244168832 0.035430599302661431 -0.0014799295614180003
leaf_weight=25.191267463203989 0.77036049589515343 2.0598515854217103 2.6581277530058278 1.7505816082120871 27.08215206960449 0.9690621331101309
leaf_count=4557 169 454 139 598 521 79
internal_value=-1.02776e-05 0.0295621 -0.029211 0.000785864 0.0342545 -0.0337818
internal_weight=60.4814 29.9124 30.569 4.40871 27.8525 26.1603
internal_count=6517 1144 5373 737 690 4636
is_linear=0
shrinkage=0.025


Tree=10
num_leaves=7
num_cat=0
split_feature=21 6 24 27 20 21
split_gain=90.6389 11.011 10.7074 3.19045 2.17702 0.680933
threshold=0.39327090978622442 3.7343958616256718 -4.8273584842681876 0.22547122836112979 1.507636606693268 1.8219149708747866
decision_type=2 2 2 2 2 2
left_child=2 3 -1 -2 -4 -3
right_child=1 5 4 -5 -6 -7
leaf_value=0.0096923062220647428 0.035344233581472866 -0.011304083319974637 -0.033115827816799809 0.0019525052422486502 0 0.0020458826718144862
leaf_weight=1.8551386074395875 24.71306825772627 1.8609171331045211 27.200125676870815 2.9772530007758169 1.0096128085860971 0.65501454833429296
leaf_count=46 321 458 4825 644 131 22
internal_value=0.000162594 0.0285752 -0.0282095 0.0327929 -0.0319742 -0.00794803
internal_weight=60.2711 30.2063 30.0649 27.6903 28.2097 2.51593
internal_count=6447 1445 5002 965 4956 480
is_linear=0
shrinkage=0.025


Tree=11
num_leaves=7
num_cat=0
split_feature=22 13 17 24 3 0
split_gain=90.4509 11.3219 10.1112 2.76777 2.40305 0.440013
threshold=0.23287693411111834 2.9653348922729497 0.52575585246086132 0.44871032238006597 1.1022139191627505 3.5835180282592778
decision_type=2 2 2 2 2 2
left_child=2 5 -1 -4 -3 -2
right_child=1 4 3 -5 -6 -7
leaf_value=-0.033632416476811505 0.0010888905391154707 -0.00062068764135537568 0.012175320234642578 -0.0097778182038917687 0.034408233040289664 -0.011146701391079162
leaf_weight=25.396876548358708 0.2645280510187179 0.72943157306872564 2.8981594019569448 1.5733544342219827 25.736863483500201 1.8736002525547517
leaf_count=4649 5 177 151 570 483 340
internal_value=-0.000114559 0.0290709 -0.0284048 0.00270702 0.033299 -0.00905496
internal_weight=58.4728 28.6044 29.8684 4.47151 26.4663 2.13813
internal_count=6375 1005 5370 721 660 345
is_linear=0
shrinkage=0.025


Tree=12
num_leaves=7
num_cat=0
split_feature=21 24 6 20 26 21
split_gain=85.4707 11.9325 8.64567 2.23411 1.98697 0.570773
threshold=0.48452487587928778 -4.8273584842681876 3.7343958616256718 1.507636606693268 -0.80606129765510548 1.8219149708747866
decision_type=2 2 2 2 2 2
left_child=1 -1 4 -3 -2 -4
right_child=2 3 5 -5 -6 -7
leaf_value=0.010492860271957666 0.033643511462957264 -0.032996905678859753 -0.0096920556693643051 0 0.0005372520727267568 0.0021295470257218659
leaf_weight=2.1202886468963724 24.316882271319635 26.840157040860507 1.5567741068662138 0.98177456215489556 1.7509535222197872 0.64321408711839456
leaf_count=51 405 5025 376 142 404 22
internal_value=-0.000207526 -0.0275894 0.0283959 -0.0318384 0.0320653 -0.00628906
internal_weight=58.21 29.9422 28.2678 27.8219 26.0678 2.19999
internal_count=6425 5218 1207 5167 809 398
is_linear=0
shrinkage=0.025


Tree=13
num_leaves=7
num_cat=0
split_feature=22 13 21 2 23 21
split_gain=83.2726 12.0618 5.10018 3.51508 1.07913 0.823604
threshold=0.14772171527147296 2.9653348922729497 0.57676774263381969 1.5961002111434939 -5.4235351085662833 1.3932017087936404
decision_type=2 2 2 2 2 2
left_child=2 5 4 -3 -1 -2
right_child=1 3 -4 -5 -6 -7
leaf_value=0 -0.012509034535622885 -0.0020698290756679932 0.00075518224287064739 0.032919342360791241 -0.031902842824648517 0.0023270225107346418
leaf_weight=0.48354586242931574 2.2421421835315445 0.94596187194111081 2.7761993620079002 26.789251500507817 24.981523959024344 0.5973792984150349
leaf_count=59 419 180 420 638 4700 26
internal_value=4.33481e-05 0.0267144 -0.0283184 0.0314012 -0.0312969 -0.00909711
internal_weight=58.816 30.5747 28.2413 27.7352 25.4651 2.83952
internal_count=6442 1263 5179 818 4759 445
is_linear=0
shrinkage=0.025


Tree=14
num_leaves=7
num_cat=0
split_feature=22 6 17 2 24 26
split_gain=75.1344 10.7436 7.57561 4.56462 2.48603 0.30448
threshold=0.14091093093156817 4.1119244098663339 0.52575585246086132 1.5961002111434939 0.44871032238006597 -0.37220074236392969
decision_type=2 2 2 2 2 2
left_child=2 3 5 -2 -4 -1
right_child=1 -3 4 -5 -6 -7
leaf_value=-0.031876762102990189 -0.0047367388767208755 -0.01084704632011929 0.011174760035559105 0.03134939030715158 -0.0097380768854922976 -0.0009479805744211727
leaf_weight=23.413262585119814 0.73808645427926123 1.8785909911966872 2.6018400844186536 27.168289868161082 1.6096338206552898 0.93825639248825865
leaf_count=4367 206 329 123 772 589 79
internal_value=0 0.0257055 -0.0267264 0.0296303 0.00155606 -0.0312625
internal_weight=58.348 29.785 28.563 27.9064 4.21147 24.3515
internal_count=6465 1307 5158 978 712 4446
is_linear=0
shrinkage=0.025


Tree=15
num_leaves=7
num_cat=0
split_feature=22 17 13 24 2 0
split_gain=73.8912 11.8952 9.65217 3.75082 1.83851 0.395455
threshold=0.23287693411111834 0.52575585246086132 2.9653348922729497 0.18714576214551928 1.5961002111434939 3.5993500947952275
decision_type=2 2 2 2 2 2
left_child=1 -1 5 -3 -4 -2
right_child=2 3 4 -5 -6 -7
leaf_value=-0.031181954369895598 0.0010249270014427538 0.014547051995798355 -0.0001724283973831412 -0.010500649389463265 0.032246702829221895 -0.010403681307802923
leaf_weight=24.75893185171299 0.26673568191472741 3.6140177791821761 0.68333358690142887 1.7547318297438321 24.95894806884462 1.7591028040624221
leaf_count=4702 8 133 131 614 533 342
internal_value=0.000224754 -0.0248682 0.0273639 0.00464178 0.0312916 -0.00835082
internal_weight=57.7958 30.1277 27.6681 5.36875 25.6423 2.02584
internal_count=6463 5449 1014 747 664 350
is_linear=0
shrinkage=0.025


Tree=16
num_leaves=7
num_cat=0
split_feature=21 24 6 26 23 21
split_gain=75.5769 10.2904 9.71345 2.91277 2.56356 0.626024
threshold=0.39327090978622442 -4.8273584842681876 3.7343958616256718 -0.79651692509651173 -5.4235351085662833 1.8219149708747866
decision_type=2 2 2 2 2 2
left_child=1 -1 3 -2 -3 -4
right_child=2 4 5 -5 -6 -7
leaf_value=0.0099506197710701374 0.032292427825360633 0.0015506953741804901 -0.010814660345239716 0 -0.030563295691216082 0.0019356072970870631
leaf_weight=2.0793845754233216 27.024466989329092 0.75694931735052051 1.8420865830266842 1.8925598087953392 25.854451413091738 0.65683516341960047
leaf_count=49 513 81 470 471 4871 25
internal_value=0.00175734 -0.0252634 0.0266863 0.0305113 -0.0293513 -0.00757381
internal_weight=60.1067 28.6908 31.4159 28.917 26.6114 2.49892
internal_count=6480 5001 1479 984 4952 495
is_linear=0
shrinkage=0.025


Tree=17
num_leaves=7
num_cat=0
split_feature=24 17 6 24 26 24
split_gain=68.9519 12.8319 8.96977 3.44408 1.85724 0.280858
threshold=-1.2255063056945799 0.52575585246086132 3.3558827638626103 0.44871032238006597 -0.84875690937042225 -3.6522214412689205
decision_type=2 2 2 2 2 2
left_child=2 -2 4 -3 -1 -4
right_child=1 3 5 -5 -6 -7
leaf_value=0.031844624742082842 -0.031174576881705614 0.014254816651551649 0.00021543214000394094 -0.0097663866689357056 0.00023147777281403169 -0.0092190484501486394
leaf_weight=23.620665266702424 23.993992418865677 3.9492649179301216 0.78295699344016645 1.6482466272427698 1.7045514878700476 1.5596752658020694
leaf_count=292 4530 154 78 593 375 408
internal_value=0.000200829 -0.0243191 0.0263252 0.00532113 0.0303119 -0.00721514
internal_weight=57.2594 29.5915 27.6678 5.59751 25.3252 2.34263
internal_count=6430 5277 1153 747 667 486
is_linear=0
shrinkage=0.025


Tree=18
num_leaves=7
num_cat=0
split_feature=21 6 19 27 12 5
split_gain=72.5046 10.8932 7.59339 3.57671 1.44931 0.722109
threshold=0.35296642780303961 3.3558827638626103 0.65201070904731762 0.25947242975234991 7.150001287460328 4.0750679969787607
decision_type=2 2 2 2 2 2
left_child=2 3 4 -2 -1 -4
right_child=1 -3 5 -5 -6 -7
leaf_value=-0.030388098085632462 0.031973881897218996 -0.0089255357104048496 0.009799332441050683 0 0.00074183212407532173 -0.0030996469754030176
leaf_weight=24.836984921712435 25.959102772700142 2.7228246631566426 1.733852022502105 2.3821065100491969 0.32090477121528138 0.54678412852808822
leaf_count=4743 354 651 34 570 12 126
internal_value=0.000963582 0.0253754 -0.0261324 0.0297025 -0.0297266 0.00584347
internal_weight=58.5026 31.064 27.4385 28.3412 25.1579 2.28064
internal_count=6490 1575 4915 924 4755 160
is_linear=0
shrinkage=0.025


Tree=19
num_leaves=7
num_cat=0
split_feature=22 6 17 13 2 5
split_gain=65.3532 8.40199 7.57303 3.03353 1.81878 0.584078
threshold=0.22451979666948321 3.3558827638626103 0.52575585246086132 4.2884340286254892 1.5961002111434939 3.7526332139968877
decision_type=2 2 2 2 2 2
left_child=2 4 -1 -4 -2 -3
right_child=1 5 3 -5 -6 -7
leaf_value=-0.029759915683866572 -0.00041114698592823688 0.0019874772576743268 -0.01045367293101743 0.012486396219310813 0.030173967323988173 -0.010234517713721865
leaf_weight=24.220667100336872 0.71183396375273034 0.59211709036026094 1.7485118993208733 2.678023710497655 23.256705181847792 1.773859721899498
leaf_count=4675 140 49 585 134 487 374
internal_value=-0.000870681 0.025078 -0.0250921 0.00202345 0.0291357 -0.00705446
internal_weight=54.9817 26.3345 28.6472 4.42654 23.9685 2.36598
internal_count=6444 1050 5394 719 627 423
is_linear=0
shrinkage=0.025


Tree=20
num_leaves=7
num_cat=0
split_feature=21 6 24 26 17 21
split_gain=62.1851 11.0316 8.24411 4.41594 1.20168 0.31376
threshold=0.31185957789421087 3.5511296987533574 -5.2470412254333487 -0.88278710842132557 0.84052234888076793 1.8219149708747866
decision_type=2 2 2 2 2 2
left_child=2 3 -1 -2 -4 -3
right_child=1 5 4 -5 -6 -7
leaf_value=0.0082369950586100877 0.030917845241432169 -0.01199780996255374 -0.029604822531508493 0 9.2206292613598043e-05 7.1336974491526369e-05
leaf_weight=1.7945545194088506 23.929187469708275 2.1681112998630847 24.065311442711394 2.9088119969819664 0.41493524750694533 0.36920529551571224
leaf_count=36 345 618 4654 717 46 21
internal_value=0.000113567 0.0234076 -0.0253082 0.0279623 -0.0289592 -0.0105301
internal_weight=55.6501 29.3753 26.2748 26.838 24.4802 2.53732
internal_count=6437 1701 4736 1062 4700 639
is_linear=0
shrinkage=0.025


Tree=21
num_leaves=7
num_cat=0
split_feature=21 24 13 26 21 26
split_gain=61.3866 9.70662 8.54151 3.16928 0.796978 0.565589
threshold=0.35296642780303961 -4.8273584842681876 3.0569137334823613 -0.84875690937042225 1.3932017087936404 -0.37220074236392969
decision_type=2 2 2 2 2 2
left_child=1 -1 4 -4 -2 -3
right_child=2 5 3 -5 -6 -7
leaf_value=0.0093278767379872847 -0.010900480314084629 -0.030111369535670097 0.030024805140227897 0 0.0025621036316806132 -0.00011451753695422695
leaf_weight=2.0411254520295214 1.915884181333243 23.471534110722136 23.081653194036342 2.3566956549184352 1.0244695558794772 0.86318062897771497
leaf_count=47 545 4722 392 576 55 74
internal_value=-5.42108e-05 -0.0252522 0.0234527 0.0276878 -0.00676307 -0.0294613
internal_weight=54.7545 26.3758 28.3787 25.4383 2.94035 24.3347
internal_count=6411 4843 1568 968 600 4796
is_linear=0
shrinkage=0.025


Tree=22
num_leaves=7
num_cat=0
split_feature=22 13 17 3 12 23
split_gain=60.5269 8.73954 7.31973 2.29131 1.02085 0.707984
threshold=0.22451979666948321 2.9653348922729497 0.9083727002143861 1.1022139191627505 3.0030308961868291 -5.4235351085662833
decision_type=2 2 2 2 2 2
left_child=2 -2 5 -3 -4 -1
right_child=1 3 4 -5 -6 -7
leaf_value=0 -0.0085448674448695364 -0.0011954091159609151 -0.0044002831571037506 0.029464178192191322 0.010290641637003391 -0.028590663527060575
leaf_weight=0.55053829617100447 2.0939818300539654 0.79757856688229622 0.70269477227702681 23.884833434480242 2.051851411932148 24.264909571153112
leaf_count=75 359 180 126 516 71 5114
internal_value=-0.000201268 0.0242639 -0.0242313 0.0282284 0.00531619 -0.0280623
internal_weight=54.3464 26.7764 27.57 24.6824 2.75455 24.8154
internal_count=6441 1055 5386 696 197 5189
is_linear=0
shrinkage=0.025


Tree=23
num_leaves=7
num_cat=0
split_feature=22 17 13 24 2 21
split_gain=59.9671 7.97486 6.92104 2.3436 1.58443 0.529703
threshold=0.22451979666948321 0.52575585246086132 2.9653348922729497 0.44871032238006597 1.6461102366447451 1.3932017087936404
decision_type=2 2 2 2 2 2
left_child=1 -1 5 -3 -4 -2
right_child=2 3 4 -5 -6 -7
leaf_value=-0.028349826244110345 -0.0090618913470151882 0.011421320541251917 -0.00017904212230256231 -0.0087446895949336214 0.029339879027196487 0.0021900040659451367
leaf_weight=22.918415099906273 1.5952219300670578 3.1201018791762172 0.68390208075288939 1.4989347818191161 24.082344817754347 0.58599015843356017
leaf_count=4661 317 144 135 559 550 19
internal_value=0.000616154 -0.0232216 0.0249933 0.00308359 0.0284216 -0.00574859
internal_weight=54.4849 27.5375 26.9475 4.61904 24.7662 2.18121
internal_count=6385 5364 1021 703 685 336
is_linear=0
shrinkage=0.025


Tree=24
num_leaves=7
num_cat=0
split_feature=21 6 18 3 17 13
split_gain=59.7177 7.19565 5.47682 2.65854 1.03785 0.859516
threshold=0.39327090978622442 3.7343958616256718 0.15620367974042895 1.179542660713196 0.84052234888076793 2.9653348922729497
decision_type=2 2 2 2 2 2
left_child=2 3 4 -2 -1 -4
right_child=1 -3 5 -5 -6 -7
leaf_value=-0.028460490613689677 -0.0029575450930238788 -0.0063564002454856959 -0.0053708836656661306 0.028410477418776583 0 0.0072687260129285173
leaf_weight=22.695028056215968 0.47121273615630954 2.3222357683698638 1.0306260820361779 25.68044283206109 0.46476942027220403 2.3827215222991072
leaf_count=4591 211 483 227 742 56 177
internal_value=0.00046996 0.0237923 -0.0241329 0.0272607 -0.0278136 0.00178564
internal_weight=55.047 28.4739 26.5731 26.1517 23.1598 3.41335
internal_count=6487 1436 5051 953 4647 404
is_linear=0
shrinkage=0.025


Tree=25
num_leaves=7
num_cat=0
split_feature=22 13 26 17 21 26
split_gain=52.2328 11.5181 7.57025 2.20178 0.904439 0.683293
threshold=0.037032051011919982 2.9653348922729497 -0.88090905547142018 1.023099482059479 1.3932017087936404 -0.37220074236392969
decision_type=2 2 2 2 2 2
left_child=3 4 -3 5 -2 -1
right_child=1 2 -4 -5 -6 -7
leaf_value=-0.028271355540574597 -0.013990917028517562 0.029061864169398523 -0.0035111906529944705 0.0003916746144459884 0.0021147608154919286 0
leaf_weight=20.381845282972794 2.9943039945792438 24.552295032422997 3.6834238447481722 1.2717608080711205 0.58910050499252964 0.78654878545785578
leaf_count=4475 568 420 784 128 25 74
internal_value=6.12749e-05 0.0196115 0.0247356 -0.0259545 -0.0109255 -0.0275486
internal_weight=54.2593 31.8191 28.2357 22.4402 3.5834 21.1684
internal_count=6474 1797 1204 4677 593 4549
is_linear=0
shrinkage=0.025


Tree=26
num_leaves=7
num_cat=0
split_feature=22 13 17 3 24 21
split_gain=52.6203 7.13357 6.7728 1.97707 1.05986 0.91539
threshold=0.22451979666948321 2.9653348922729497 0.84052234888076793 1.179542660713196 0.46542719006538397 0.97700640559196483
decision_type=2 2 2 2 2 2
left_child=2 -2 5 -3 -4 -1
right_child=1 3 4 -5 -6 -7
leaf_value=-0.02755922562781446 -0.0065978796217267743 -0.0010395704200888212 0.010012833387197705 0.027723549042583447 -0.0047175079065014643 0
leaf_weight=23.800748067442335 2.3838638435700004 0.76813951530494051 2.1402915485668923 22.374025935132522 0.78017703880323086 0.36481345060747017
leaf_count=5108 366 188 52 494 198 45
internal_value=-0.000799407 0.0226591 -0.0231875 0.0265317 0.00479473 -0.0270258
internal_weight=52.6121 25.526 27.086 23.1422 2.92047 24.1656
internal_count=6451 1048 5403 682 250 5153
is_linear=0
shrinkage=0.025


Tree=27
num_leaves=7
num_cat=0
split_feature=22 17 13 12 3 21
split_gain=51.0043 8.38798 7.43543 1.27843 1.13078 0.827452
threshold=0.22451979666948321 0.84052234888076793 2.9653348922729497 3.0030308961868291 1.1022139191627505 0.97700640559196483
decision_type=2 2 2 2 2 2
left_child=1 5 -2 -3 -4 -1
right_child=2 3 4 -5 -6 -7
leaf_value=-0.026999470983670528 -0.0075574664145523053 -0.0047301905034565659 0 0.011657340107638796 0.027876350519068782 0
leaf_weight=23.0972699848353 2.0152525398298193 0.76680712454253752 0.93264190660557034 2.585873453412205 22.996464538970031 0.39119171898346294
leaf_count=5077 347 143 182 108 503 52
internal_value=0.000377371 -0.0217648 0.0233022 0.0065731 0.0269742 -0.0264728
internal_weight=52.7855 26.8411 25.9444 3.35268 23.9291 23.4885
internal_count=6412 5380 1032 251 685 5129
is_linear=0
shrinkage=0.025


Tree=28
num_leaves=7
num_cat=0
split_feature=22 17 5 26 24 23
split_gain=49.997 7.48737 6.75892 1.12074 1.11809 0.743818
threshold=0.22451979666948321 0.84052234888076793 4.5051579475402841 -0.79651692509651173 0.46542719006538397 -5.4235351085662833
decision_type=2 2 2 2 2 2
left_child=1 5 3 -2 -3 -1
right_child=2 4 -4 -5 -6 -7
leaf_value=0 0.027280931160391209 0.010910820954122401 -0.0082347903217499276 0.00027755990312783215 -0.0044489001409585074 -0.026798673210444563
leaf_weight=0.51738767046481982 22.757980620837774 2.3315666638663965 1.4615342768374819 1.58979579783045 0.74285405641421665 22.757756720122416
leaf_count=75 486 48 239 309 195 5063
internal_value=0.000211889 -0.0219308 0.0229114 0.0260784 0.00596873 -0.0262409
internal_weight=52.1589 26.3496 25.8093 24.3478 3.07442 23.2751
internal_count=6415 5381 1034 795 243 5138
is_linear=0
shrinkage=0.025


Tree=29
num_leaves=7
num_cat=0
split_feature=22 6 21 13 26 26
split_gain=50.0257 6.76291 4.68843 1.89348 1.74102 0.502752
threshold=0.22451979666948321 4.1119244098663339 0.42028655111789709 4.4046952724456796 -0.79651692509651173 -0.37220074236392969
decision_type=2 2 2 2 2 2
left_child=2 4 5 -4 -2 -1
right_child=1 -3 3 -5 -6 -7
leaf_value=-0.026602639650209488 0.027275624172224101 -0.0082462723876292835 -0.0087081809240692944 0.0093331412270989504 0 0
leaf_weight=21.067066815623551 23.14375773770735 1.4846157794818271 2.0886182159883893 2.4166168267838657 1.3575641805073271 0.86322934587952005
leaf_count=4593 459 261 625 163 304 82
internal_value=0.000138354 0.0227689 -0.0219917 0.000130598 0.0259392 -0.0259489
internal_weight=52.4215 25.9859 26.4355 4.50524 24.5013 21.9303
internal_count=6487 1024 5463 788 763 4675
is_linear=0
shrinkage=0.025


Tree=30
num_leaves=7
num_cat=0
split_feature=22 13 17 3 5 22
split_gain=46.5399 7.62062 7.23938 2.3133 1.1846 0.512525
threshold=0.22451979666948321 2.9653348922729497 0.84052234888076793 1.5180625319480898 4.0176563262939462 0.19942200928926471
decision_type=2 2 2 2 2 2
left_child=2 -2 5 -3 -4 -1
right_child=1 3 4 -5 -6 -7
leaf_value=-0.026785806578046713 -0.0083342062247544393 -0.0012096455264288437 0.010721823091231767 0.027182520166601581 -0.0048646223852604831 0
leaf_weight=21.820411168562721 2.0842016875394647 1.0307951944414551 2.3736409828998144 22.274486231501214 0.7884103797841816 0.48782695538829912
leaf_count=5055 360 233 113 468 142 75
internal_value=0 0.021802 -0.0219214 0.0257141 0.00547049 -0.0263236
internal_weight=50.8598 25.3895 25.4703 23.3053 3.16205 22.3082
internal_count=6446 1061 5385 701 255 5130
is_linear=0
shrinkage=0.025


Tree=31
num_leaves=7
num_cat=0
split_feature=22 13 19 3 18 13
split_gain=38.5416 7.47142 3.12244 2.47385 1.58018 0.84911
threshold=0.14091093093156817 2.9653348922729497 0.24273744970560077 1.179542660713196 0.46519304811954504 4.2884340286254892
decision_type=2 2 2 2 2 2
left_child=2 -2 4 -3 -1 -4
right_child=1 3 5 -5 -6 -7
leaf_value=-0.025713054369626911 -0.0081493738352854152 -0.0022618336496731633 -0.0054840379969841738 0.02505278399816481 0.00040667589714097371 0.0075044019091000244
leaf_weight=21.04399138560985 2.7953318398213041 0.95760778692784043 1.1097756515955546 19.974051955912728 0.87478235387243231 1.2949769170954821
leaf_count=4718 450 242 273 597 169 44
internal_value=-0.00197699 0.0186642 -0.0220743 0.023367 -0.0245565 0.00101067
internal_weight=48.0505 23.727 24.3235 20.9317 21.9188 2.40475
internal_count=6493 1289 5204 839 4887 317
is_linear=0
shrinkage=0.025


Tree=32
num_leaves=7
num_cat=0
split_feature=21 13 24 22 5 21
split_gain=42.7982 9.73459 3.42169 3.34041 0.70749 0.459303
threshold=0.18306124210357669 2.9653348922729497 -4.8273584842681876 0.037032051011919982 -0.19943697750568387 1.3932017087936404
decision_type=2 2 2 2 2 2
left_child=2 5 -1 -3 -4 -2
right_child=1 3 4 -5 -6 -7
leaf_value=0.003811309726537552 -0.012329897155369494 -0.0024158523398715294 0 0.025351139026235148 -0.026708787527948238 0.00036637591051206652
leaf_weight=0.97880976565648126 2.5301587927388058 1.6313676596619213 0.79944680992048844 24.86141299456358 19.294293076673053 0.78258830751292396
leaf_count=31 717 605 92 868 4113 57
internal_value=0.000283054 0.0185035 -0.0238548 0.0233308 -0.0259425 -0.0101624
internal_weight=50.8781 29.8055 21.0725 26.4928 20.0937 3.31275
internal_count=6483 2247 4236 1473 4205 774
is_linear=0
shrinkage=0.025


Tree=33
num_leaves=7
num_cat=0
split_feature=21 13 26 24 21 26
split_gain=40.7585 8.4789 5.56867 1.52194 0.898413 0.792144
threshold=0.18306124210357669 2.9653348922729497 -0.84875690937042225 -5.9280598163604727 1.3932017087936404 -0.37220074236392969
decision_type=2 2 2 2 2 2
left_child=3 4 -3 -1 -2 -5
right_child=1 2 -4 5 -6 -7
leaf_value=0.0010869996471838869 -0.012481631625915335 0.026208273556355428 -0.0033668019595922793 -0.026443908022181842 0.0022263370997763791 0
leaf_weight=0.518664598872422 2.5696951347054013 21.459595738328069 3.0211660626227923 19.034985196485653 1.0557577979052437 0.72285059001296659
leaf_count=15 717 561 885 4120 58 64
internal_value=-0.000707913 0.0174953 0.0223944 -0.0246571 -0.00866621 -0.0256684
internal_weight=48.3827 28.1062 24.4808 20.2765 3.62545 19.7578
internal_count=6420 2221 1446 4199 775 4184
is_linear=0
shrinkage=0.025


Tree=34
num_leaves=6
num_cat=0
split_feature=21 24 5 26 23
split_gain=39.8777 8.7751 5.79759 2.34706 1.82851
threshold=0.48452487587928778 -4.0409967899322501 4.0176563262939462 -0.89369946718215931 -5.4235351085662833
decision_type=2 2 2 2 2
left_child=1 -1 3 -2 -3
right_child=2 4 -4 -5 -6
leaf_value=0.0096541399613604764 0.026331737934448787 0.001082386511460102 -0.0079150238208009396 0 -0.025756222627750087
leaf_weight=2.551967685052662 19.994876367971305 0.79825709841680037 1.3511467176722352 2.4183877500472617 22.439420344948303
leaf_count=91 368 108 245 579 5123
internal_value=-0.000107668 -0.0199759 0.0209609 0.0240558 -0.0245845
internal_weight=49.5541 25.7896 23.7644 22.4133 23.2377
internal_count=6514 5322 1192 947 5231
is_linear=0
shrinkage=0.025


Tree=35
num_leaves=7
num_cat=0
split_feature=22 13 17 2 4 22
split_gain=41.3775 8.90349 3.80386 2.28008 0.46257 0.351771
threshold=0.12167837470769884 2.9653348922729497 0.84052234888076793 1.5961002111434939 3.0263346433639531 1.7472424507141116
decision_type=2 2 2 2 2 2
left_child=2 5 -1 -3 -4 -2
right_child=1 3 4 -5 -6 -7
leaf_value=-0.025256425569827792 -0.011468107807309882 -0.0017944467215468059 0.0063761059601046086 0.025513679286202379 -0.0031668303614014095 0.00048735839087129368
leaf_weight=19.82081449509133 2.3490974403102913 0.92193310370203363 1.3004887438146391 23.582790334126912 1.1231215993175281 0.26507176185259584
leaf_count=4833 477 209 56 679 180 4
internal_value=0.00033677 0.0196352 -0.0222469 0.0241445 0.0019575 -0.00991103
internal_weight=49.3633 27.1189 22.2444 24.5047 2.42361 2.61417
internal_count=6438 1369 5069 888 236 481
is_linear=0
shrinkage=0.025


Tree=36
num_leaves=7
num_cat=0
split_feature=22 13 17 1 5 16
split_gain=41.3848 5.88931 4.42841 2.01105 0.811942 0.756353
threshold=0.19942200928926471 2.9653348922729497 0.84052234888076793 1.7279700636863711 4.0176563262939462 1.2435489892959597
decision_type=2 2 2 2 2 2
left_child=2 -2 5 -3 -4 -1
right_child=1 3 4 -5 -6 -7
leaf_value=-0.025428139462370478 -0.0060705757531347229 -0.0024575194301578746 0.0080030728574654406 0.025107767974809621 -0.0047002171311825323 0
leaf_weight=20.50416561705061 2.3445176167297204 0.43349169573048385 1.8685729589778923 22.266971085919067 0.79021573293721292 0.52084636781364579
leaf_count=5022 386 111 105 643 144 89
internal_value=0 0.0204418 -0.0215418 0.0240072 0.00280781 -0.024809
internal_weight=48.7288 25.045 23.6838 22.7005 2.65879 21.025
internal_count=6500 1140 5360 754 249 5111
is_linear=0
shrinkage=0.025


Tree=37
num_leaves=7
num_cat=0
split_feature=21 6 19 26 23 12
split_gain=39.0206 6.689 6.07476 2.05526 1.98696 0.685138
threshold=0.40426878631114965 3.3558827638626103 0.65201070904731762 -0.88090905547142018 -5.4235351085662833 2.4492747783660893
decision_type=2 2 2 2 2 2
left_child=2 3 4 -2 -1 -4
right_child=1 -3 5 -5 -6 -7
leaf_value=0.0016450129959507253 0.026466072360038374 -0.0070832042382373353 -0.0029233508632115286 0 -0.025359716163563379 0.0095605734943200547
leaf_weight=0.74012713466073066 20.702106893411845 2.3585993630695148 0.57229995750822071 2.3781450109672724 20.30950673512416 2.0672238525585271
leaf_count=86 264 581 115 552 4819 56
internal_value=0.000843889 0.0205921 -0.020038 0.0244005 -0.0240368 0.00589394
internal_weight=49.128 25.4389 23.6892 23.0803 21.0496 2.63952
internal_count=6473 1397 5076 816 4905 171
is_linear=0
shrinkage=0.025


Tree=38
num_leaves=7
num_cat=0
split_feature=22 13 27 17 5 0
split_gain=35.0311 9.16119 5.46098 0.732701 0.717299 0.441148
threshold=0.037032051011919982 2.9653348922729497 0.25947242975234991 1.023099482059479 -0.19943697750568387 3.5835180282592778
decision_type=2 2 2 2 2 2
left_child=3 5 -3 4 -1 -2
right_child=1 2 -4 -5 -6 -7
leaf_value=0 0.00064318246314839665 0.025252524739186294 -0.0035501984760107977 0 -0.024909320896087918 -0.012646584785423602
leaf_weight=0.76103552745190128 0.32676348323002757 22.214274481986653 3.0833811695338218 0.95088519784621794 16.776241185783874 2.7918087727739476
leaf_count=80 26 499 714 122 4414 571
internal_value=0.000130794 0.0166736 0.0215291 -0.0231661 -0.0240755 -0.0109457
internal_weight=46.9044 28.4162 25.2977 18.4882 17.5373 3.11857
internal_count=6426 1810 1213 4616 4494 597
is_linear=0
shrinkage=0.025


Tree=39
num_leaves=7
num_cat=0
split_feature=21 19 6 27 26 5
split_gain=34.0977 6.23359 5.85258 2.48662 0.87823 0.607434
threshold=0.31185957789421087 0.65201070904731762 3.2813643217086796 0.25947242975234991 -0.37220074236392969 4.7658002376556405
decision_type=2 2 2 2 2 2
left_child=1 4 3 -2 -1 -3
right_child=2 5 -4 -5 -6 -7
leaf_value=-0.025464464269682758 0.025162024773652616 0.0093563098715223232 -0.0054585724217683894 0 0 -0.0025681652737136063
leaf_weight=18.484992355573926 19.043173895042862 2.0537108792923386 3.1507557789445846 2.5935587436542837 0.67020792764378967 0.51928255701204751
leaf_count=4469 345 63 718 638 68 107
internal_value=5.32654e-05 -0.0203401 0.018553 0.0226525 -0.0246521 0.00601774
internal_weight=46.5157 21.7282 24.7875 21.6367 19.1552 2.57299
internal_count=6408 4707 1701 983 4537 170
is_linear=0
shrinkage=0.025


Tree=40
num_leaves=7
num_cat=0
split_feature=21 24 6 26 17 21
split_gain=34.7173 4.88892 4.82895 1.90203 0.895954 0.448461
threshold=0.50320473313331615 -4.0409967899322501 3.3558827638626103 -0.79651692509651173 0.5688474476337434 1.8219149708747866
decision_type=2 2 2 2 2 2
left_child=1 -1 3 -2 -3 -4
right_child=2 4 5 -5 -6 -7
leaf_value=0.0057419602550521191 0.024298941481064124 -0.025036735312199895 -0.0085059860933840836 -0.0010131227324927849 0 0.0018263405756226061
leaf_weight=1.6611769941519039 17.822118426847744 20.144653244526129 1.4955013628350564 1.0876062565948803 1.2958720165188413 0.66689883114304382
leaf_count=87 334 4880 419 342 343 27
internal_value=-0.00174898 -0.020977 0.0190715 0.0226743 -0.0239779 -0.00539637
internal_weight=44.1738 23.1017 21.0721 18.9097 21.4405 2.1624
internal_count=6432 5310 1122 676 5223 446
is_linear=0
shrinkage=0.025


Tree=41
num_leaves=7
num_cat=0
split_feature=21 19 5 20 5 27
split_gain=32.7414 7.47023 2.89227 2.55994 1.88335 1.22456
threshold=0.63131645321846019 0.37172937393188482 4.4222600460052499 1.507636606693268 4.0370707511901864 0.22200034558773044
decision_type=2 2 2 2 2 2
left_child=1 3 5 -1 -3 -2
right_child=2 4 -4 -5 -6 -7
leaf_value=-0.024935322826055505 0.024256367863794179 0.012063491973618383 -0.0043159810570984327 0.0022525598090090012 -0.0064874949896446769 0
leaf_weight=19.694727031019291 17.95494430302643 3.3900346673908635 0.74575158167863165 1.0616057701990929 1.2516008149832485 1.8437810062314373
leaf_count=5060 349 134 111 130 300 402
internal_value=0 -0.0176068 0.0207892 -0.0231348 0.00564281 0.0226664
internal_weight=45.9424 25.398 20.5445 20.7563 4.64164 19.7987
internal_count=6486 5624 862 5190 434 751
is_linear=0
shrinkage=0.025


Tree=42
num_leaves=7
num_cat=0
split_feature=22 6 17 3 12 26
split_gain=31.7005 6.10045 3.62887 2.676 0.794249 0.704445
threshold=0.18978750705718997 3.7343958616256718 0.84052234888076793 1.5180625319480898 3.0030308961868291 -0.37220074236392969
decision_type=2 2 2 2 2 2
left_child=2 3 5 -2 -4 -1
right_child=1 -3 4 -5 -6 -7
leaf_value=-0.024145607126528648 -0.0033114628107084551 -0.0088474446985004999 -0.0049432906095349047 0.023664729858994822 0.0075567262191543879 0
leaf_weight=18.182410487148449 0.85187508264789968 1.6898681322927576 0.83644589438335915 19.806848646490835 1.806924065982457 0.73569847951876255
leaf_count=4918 253 380 154 516 105 79
internal_value=-0.000703555 0.0181355 -0.0202038 0.0218802 0.00213738 -0.023381
internal_weight=43.9101 22.3486 21.5615 20.6587 2.64337 18.9181
internal_count=6405 1149 5256 769 259 4997
is_linear=0
shrinkage=0.025


Tree=43
num_leaves=7
num_cat=0
split_feature=21 13 24 2 23 21
split_gain=34.7952 6.38331 3.27159 1.78037 1.03363 0.254473
threshold=0.39327090978622442 3.0569137334823613 -5.9280598163604727 1.5961002111434939 -7.2949111461639395 1.3932017087936404
decision_type=2 2 2 2 2 2
left_child=2 5 -1 -3 -4 -2
right_child=1 3 4 -5 -6 -7
leaf_value=0.0042601470029816572 -0.0090438488970948222 -0.0022310596786953496 0.00079101672123381482 0.023948594029728716 -0.023588000839127168 5.9781533787086786e-05
leaf_weight=1.1143481876933972 1.6925782252219534 0.41362778644543396 0.29198860755423339 21.783895301690791 19.545876099145971 0.79632750584278245
leaf_count=21 478 165 26 733 4924 55
internal_value=0.000403334 0.0189625 -0.0206631 0.0229105 -0.0228905 -0.00720134
internal_weight=45.6386 24.6864 20.9522 22.1975 19.8379 2.48891
internal_count=6402 1431 4971 898 4950 533
is_linear=0
shrinkage=0.025


Tree=44
num_leaves=7
num_cat=0
split_feature=22 6 26 21 26 21
split_gain=30.3747 8.0005 5.04714 1.30122 0.848563 0.652596
threshold=0.037032051011919982 3.3558827638626103 -0.84875690937042225 1.3076707720756533 -0.37220074236392969 1.2010505795478823
decision_type=2 2 2 2 2 2
left_child=3 2 -2 4 -1 -3
right_child=1 5 -4 -5 -6 -7
leaf_value=-0.024104533078696744 0.024466460556547401 -0.012287299009929741 -0.0034210553136870729 0.00059950658773771145 0 0.0015726815938318884
leaf_weight=16.187515758763769 20.564663944416687 2.7289402337337374 3.0359125310496884 0.72823710588272561 0.6553570344112839 0.55070333834737528
leaf_count=4529 397 685 716 43 71 26
internal_value=3.37842e-05 0.0158561 0.0206896 -0.0220448 -0.0232232 -0.00966084
internal_weight=44.4513 26.8802 23.6006 17.5711 16.8429 3.27964
internal_count=6467 1824 1113 4643 4600 711
is_linear=0
shrinkage=0.025


Tree=45
num_leaves=7
num_cat=0
split_feature=21 6 19 27 27 5
split_gain=29.9971 5.66685 5.63646 3.01574 0.698404 0.534729
threshold=0.31185957789421087 3.3558827638626103 0.65201070904731762 0.31405539810657507 0.7136860489845277 4.7658002376556405
decision_type=2 2 2 2 2 2
left_child=2 3 4 -2 -1 -4
right_child=1 -3 5 -5 -6 -7
leaf_value=-0.02414891460754583 0.024263034084100337 -0.0054743770740341997 0.0090248004497459552 -0.0020582472676197896 0 -0.0022699731181569094
leaf_weight=16.794989650254145 20.423475799616433 3.1819889383332329 2.0146693850401785 1.7374966670176935 0.75353327832999539 0.48371866566594679
leaf_count=4467 487 724 64 532 86 94
internal_value=0.00127459 0.0179841 -0.018973 0.0219702 -0.0233307 0.00594902
internal_weight=45.3899 25.343 20.0469 22.161 17.5485 2.49839
internal_count=6454 1743 4711 1019 4553 158
is_linear=0
shrinkage=0.025


Tree=46
num_leaves=7
num_cat=0
split_feature=21 26 6 24 22 26
split_gain=27.9699 7.54544 4.09511 3.20862 1.01634 0.728072
threshold=0.18306124210357669 -0.88278710842132557 4.1119244098663339 -4.8273584842681876 0.98862224817276012 -0.37220074236392969
decision_type=2 2 2 2 2 2
left_child=3 2 -2 -1 -3 -5
right_child=1 4 -4 5 -6 -7
leaf_value=0.0040701331634004937 0.02378877295125191 -0.011494231578835922 -0.0046698640919395637 -0.023829746401141036 0.0032341252792284884 0
leaf_weight=1.1516034263186181 20.360562293644769 3.2619576074939678 1.5329339432064433 16.314583085768394 0.99633469217224035 0.72321306786034156
leaf_count=34 602 1174 417 4139 70 72
internal_value=0.000189292 0.0157605 0.021066 -0.0204998 -0.00748755 -0.0229907
internal_weight=44.3412 26.1518 21.8935 18.1894 4.25829 17.0378
internal_count=6508 2263 1019 4245 1244 4211
is_linear=0
shrinkage=0.025


Tree=47
num_leaves=7
num_cat=0
split_feature=21 26 19 13 26 12
split_gain=26.0241 5.43227 5.4045 3.40573 0.729375 0.539033
threshold=0.35296642780303961 -0.88278710842132557 0.65201070904731762 2.2162357568740849 -0.37220074236392969 2.4492747783660893
decision_type=2 2 2 2 2 2
left_child=2 3 4 -2 -1 -4
right_child=1 -3 5 -5 -6 -7
leaf_value=-0.023893529953223327 -0.0048589587903811503 -0.0058850227632137285 -0.0023593294595575546 0.023331887519962125 0 0.0088730998832922178
leaf_weight=16.600040840596197 0.89954867091728985 3.1025552371283984 0.50704217431484666 18.197056672768667 0.72070794057799759 1.9918709510820916
leaf_count=4589 210 855 111 499 76 59
internal_value=-0.000152573 0.0166322 -0.0187676 0.0210119 -0.0230661 0.00570705
internal_weight=42.0188 22.1992 19.8197 19.0966 17.3207 2.49891
internal_count=6399 1564 4835 709 4665 170
is_linear=0
shrinkage=0.025


Tree=48
num_leaves=7
num_cat=0
split_feature=21 19 13 23 2 12
split_gain=28.5262 5.81836 4.58442 1.65067 1.19654 0.807879
threshold=0.48452487587928778 0.53771728277206432 3.0569137334823613 -5.4235351085662833 1.5961002111434939 2.4492747783660893
decision_type=2 2 2 2 2 2
left_child=1 3 -2 -1 -4 -3
right_child=2 5 4 -5 -6 -7
leaf_value=0.0013676514154618558 -0.005155139672242153 -0.0033763325141876036 -0.0013058892363395894 -0.023325606745702498 0.02299289881896132 0.0098438568641829333
leaf_weight=0.74390942824539408 2.1502610095194568 0.68110751538188141 0.28271516214590775 17.892015054181684 19.975816403893987 2.4812385722179897
leaf_count=94 428 152 128 4982 645 105
internal_value=0.000942053 -0.0173668 0.0188993 -0.0219947 0.022215 0.00590675
internal_weight=44.2071 21.7983 22.4088 18.6359 20.2585 3.16235
internal_count=6534 5333 1201 5076 773 257
is_linear=0
shrinkage=0.025


Tree=49
num_leaves=7
num_cat=0
split_feature=22 13 17 3 16 13
split_gain=27.5446 4.33941 3.33426 1.74295 0.709945 0.669338
threshold=0.22451979666948321 2.9653348922729497 0.84052234888076793 1.1022139191627505 1.2435489892959597 2.2707862854003911
decision_type=2 2 2 2 2 2
left_child=2 -2 4 -3 -1 -4
right_child=1 3 5 -5 -6 -7
leaf_value=-0.022978522164814677 -0.0051914206103441437 -0.0018945407241265609 -0.0043935471944858634 0.022564081856148718 0 0.0071166759491506446
leaf_weight=17.249413217738045 2.2021991132642169 0.67968985851621511 0.76880306127713938 17.704272307018982 0.47904033749364217 1.7941721105016766
leaf_count=5043 351 177 136 509 93 120
internal_value=-0.000566146 0.0176522 -0.019132 0.0211808 -0.0223016 0.00221558
internal_weight=40.8776 20.5862 20.2914 18.384 17.7285 2.56298
internal_count=6429 1037 5392 686 5136 256
is_linear=0
shrinkage=0.025


Tree=50
num_leaves=7
num_cat=0
split_feature=22 17 6 24 3 26
split_gain=26.0435 4.70163 4.5484 1.57664 1.15819 0.693419
threshold=0.22451979666948321 0.52575585246086132 4.1119244098663339 0.44871032238006597 1.1022139191627505 -0.37220074236392969
decision_type=2 2 2 2 2 2
left_child=1 5 4 -3 -2 -1
right_child=2 3 -4 -5 -6 -7
leaf_value=-0.023212971592054061 -0.00056290698549526022 0.0096564704811607956 -0.0070774213328481626 -0.0070859254483252344 0.021977655634634916 0
leaf_weight=15.796533035958422 0.68515820481116563 2.8463554898044086 1.3876670582103532 1.353188711509574 19.067972399876453 0.72654179332312274
leaf_count=4586 182 144 266 587 606 80
internal_value=0.000235361 -0.0175242 0.0179049 0.00266316 0.0209875 -0.0223722
internal_weight=41.8634 20.7226 21.1408 4.19954 19.7531 16.5231
internal_count=6451 5397 1054 731 788 4666
is_linear=0
shrinkage=0.025


Tree=51
num_leaves=7
num_cat=0
split_feature=24 13 27 13 3 18
split_gain=25.2813 4.39576 2.83141 2.13752 1.48446 0.912413
threshold=-1.2255063056945799 2.9653348922729497 0.12957102060317996 4.2884340286254892 1.1022139191627505 0.35048253834247595
decision_type=2 2 2 2 2 2
left_child=1 -1 3 -2 -3 -4
right_child=2 4 5 -5 -6 -7
leaf_value=-0.0062207417925623596 -0.0097039775782801312 -0.0015598133098781366 -0.023332878680139526 0.0093886994276918996 0.02170318219677678 0
leaf_weight=1.868179230135868 2.3833718171517857 0.63110097282333555 15.180324115470281 2.2682368676178157 17.472883474692935 0.74319455097429532
leaf_count=416 767 168 4286 61 586 151
internal_value=-0.000884413 0.0169679 -0.0183873 0 0.0204597 -0.0223121
internal_weight=40.5473 19.9722 20.5751 4.65161 18.104 15.9235
internal_count=6435 1170 5265 828 754 4437
is_linear=0
shrinkage=0.025


Tree=52
num_leaves=7
num_cat=0
split_feature=22 17 6 13 2 26
split_gain=22.618 5.13547 4.0064 1.94232 1.31418 0.605878
threshold=0.29199419915676122 0.52575585246086132 3.3558827638626103 3.5596128702163701 1.5961002111434939 -0.37220074236392969
decision_type=2 2 2 2 2 2
left_child=1 5 4 -3 -2 -1
right_child=2 3 -4 -5 -6 -7
leaf_value=-0.023257469025270674 -0.0017454111561988001 -0.0079091603070077302 -0.0060327136995142992 0.010440448384688838 0.021649337822674555 0
leaf_weight=15.579600212542577 0.33332706347573804 1.4655355939175922 1.5436476395116177 3.166420909226872 15.592229010944719 0.78994672396220345
leaf_count=4687 97 516 346 233 415 90
internal_value=-0.00125289 -0.0171235 0.0171133 0.00289392 0.0205609 -0.022432
internal_weight=38.4707 21.0015 17.4692 4.63196 15.9256 16.3695
internal_count=6384 5526 858 749 512 4777
is_linear=0
shrinkage=0.025


Tree=53
num_leaves=7
num_cat=0
split_feature=21 26 13 19 5 18
split_gain=22.8072 6.75629 3.93009 2.05802 0.7558 0.530922
threshold=0.18306124210357669 -0.88278710842132557 2.2162357568740849 0.69875708222389232 -0.19943697750568387 0.53917524218559276
decision_type=2 2 2 2 2 2
left_child=3 2 -2 4 -1 -3
right_child=1 5 -4 -5 -6 -7
leaf_value=0 -0.005754697517216344 -0.010104684949981067 0.022485262435937674 0.0016160005274837902 -0.022377340372671171 0.001278493122799234
leaf_weight=0.69906944528338577 1.1154385530680944 3.042227775353239 19.338024421536829 1.4367552588519164 14.316414989443729 1.0318651397828942
leaf_count=100 276 1103 740 119 4042 145
internal_value=0.000294262 0.0146389 0.0198717 -0.0192274 -0.0214396 -0.00741699
internal_weight=40.9798 24.5276 20.4535 16.4522 15.0155 4.07409
internal_count=6525 2264 1016 4261 4142 1248
is_linear=0
shrinkage=0.025


Tree=54
num_leaves=7
num_cat=0
split_feature=21 26 13 24 22 26
split_gain=24.4153 5.0139 3.22625 2.81731 0.720997 0.670654
threshold=0.31185957789421087 -0.88278710842132557 2.2162357568740849 -5.5527069568634024 0.7876526713371278 -0.37220074236392969
decision_type=2 2 2 2 2 2
left_child=3 2 -2 -1 -3 -5
right_child=1 4 -4 5 -6 -7
leaf_value=0.0036830565281291867 -0.0048487678273249589 -0.0096608177218537455 0.022169800298692505 -0.023037316690288859 0.0027189621157994639 0
leaf_weight=1.0781255532056118 0.92724089170224644 2.1937892655550963 17.785259680415038 15.563150368077917 1.0521790612838229 0.74874949327204099
leaf_count=27 216 798 569 4617 107 81
internal_value=-0.000471637 0.0154724 0.0198273 -0.0198427 -0.00567456 -0.0221902
internal_weight=39.3485 21.9585 18.7125 17.39 3.24597 16.3119
internal_count=6415 1690 785 4725 905 4698
is_linear=0
shrinkage=0.025


Tree=55
num_leaves=7
num_cat=0
split_feature=21 13 26 19 21 18
split_gain=24.2504 6.0542 3.80943 1.56042 0.565589 0.068653
threshold=0.18306124210357669 2.9653348922729497 -0.88278710842132557 0.69875708222389232 1.8219149708747866 -0.24053268134593961
decision_type=2 2 2 2 2 2
left_child=3 4 -3 -1 -2 -5
right_child=1 2 -4 5 -6 -7
leaf_value=-0.022249816055787113 -0.010876849755330587 0.022747349956429908 -0.0018504085868474348 -0.0010821130020605555 0.0015079207088260892 0.0025335622709882098
leaf_weight=14.390082857978994 2.3195104186888815 18.472588711971191 3.324854218983087 0.3256843148265034 0.67480332509148855 0.94354796421248355
leaf_count=4113 753 495 997 76 29 47
internal_value=0.000282685 0.0148104 0.0191169 -0.0204329 -0.00810652 0.000485762
internal_weight=40.4511 24.7918 21.7974 15.6593 2.99431 1.26923
internal_count=6510 2274 1492 4236 782 123
is_linear=0
shrinkage=0.025


Tree=56
num_leaves=7
num_cat=0
split_feature=22 6 17 3 6 21
split_gain=20.6551 4.37972 2.61383 0.936494 0.722767 0.583429
threshold=0.18978750705718997 3.5511296987533574 0.84052234888076793 1.1022139191627505 3.2813643217086796 0.97700640559196483
decision_type=2 2 2 2 2 2
left_child=2 3 5 -2 -4 -1
right_child=1 -3 4 -5 -6 -7
leaf_value=-0.021535765589686558 0 -0.0067189976386630712 0.0070261111779928408 0.020365230709480632 -0.0049247266392983911 0
leaf_weight=15.455930296913721 0.92800802941201865 1.9885018603818014 1.6116157894721248 15.448226594686274 0.87068845779867832 0.32974996237317178
leaf_count=5028 200 421 58 502 190 46
internal_value=-0.00129812 0.0153058 -0.0179608 0.0192186 0.00150922 -0.0209497
internal_weight=36.6327 18.3647 18.268 16.3762 2.4823 15.7857
internal_count=6445 1123 5322 702 248 5074
is_linear=0
shrinkage=0.025


Tree=57
num_leaves=7
num_cat=0
split_feature=21 6 24 23 2 0
split_gain=22.8895 4.58857 4.33632 1.47996 1.17485 0.309357
threshold=0.48452487587928778 3.5511296987533574 -4.0409967899322501 -5.4235351085662833 1.5961002111434939 3.5835180282592778
decision_type=2 2 2 2 2 2
left_child=2 4 -1 -4 -2 -3
right_child=1 5 3 -5 -6 -7
leaf_value=0.0058126927332491848 -0.0015065811139539601 0.00095402185653351793 0.0011250107521299556 -0.022433434249966928 0.021155624864252959 -0.0086697978949182974
leaf_weight=1.8744515673024604 0.30864854267566144 0.26423793466528778 0.76789154717698949 16.498325656139059 17.71051946899388 1.6101237225811926
leaf_count=88 124 12 102 5070 643 426
internal_value=-7.18119e-05 0.0166277 -0.0175361 -0.0210877 0.020253 -0.0066968
internal_weight=39.0342 19.8935 19.1407 17.2662 18.0192 1.87436
internal_count=6465 1205 5260 5172 767 438
is_linear=0
shrinkage=0.025


Tree=58
num_leaves=7
num_cat=0
split_feature=24 17 6 26 24 26
split_gain=19.4766 5.34477 3.50777 1.65086 1.59689 0.681686
threshold=-1.2255063056945799 0.5688474476337434 4.1119244098663339 -0.84875690937042225 0.44871032238006597 -0.37220074236392969
decision_type=2 2 2 2 2 2
left_child=2 5 3 -1 -3 -2
right_child=1 4 -4 -5 -6 -7
leaf_value=0.021124524655357507 -0.022045447687490231 0.010414507513037756 -0.0061158317320938356 -0.00037892887836817149 -0.0064601794829848768 0
leaf_weight=16.018727138318358 14.310699159977958 3.3237409701396237 1.2265089330612671 1.6707926985982364 1.2681280198739839 0.71410826803185123
leaf_count=426 4616 126 299 418 495 86
internal_value=0.000167425 -0.0153296 0.0163448 0.0191821 0.00416441 -0.0211517
internal_weight=38.5327 19.6167 18.916 17.6895 4.59187 15.0248
internal_count=6466 5323 1143 844 621 4702
is_linear=0
shrinkage=0.025


Tree=59
num_leaves=7
num_cat=0
split_feature=21 19 5 13 7 10
split_gain=19.6148 7.61346 2.15322 1.3783 1.08074 0.0235798
threshold=0.97700640559196483 0.28609634935855871 4.0370707511901864 2.2162357568740849 5.0792167186737069 -0.47273932397365565
decision_type=2 2 2 2 2 2
left_child=1 4 -3 -2 -1 -5
right_child=3 2 -4 5 -6 -7
leaf_value=-0.022688901150754504 -0.0020049481831735105 0.012218942883363892 -0.0069449073713388461 0 0 0.020637414578652105
leaf_weight=15.605934886640176 0.41372846567537536 4.5866426308639339 1.4450306152284609 0.20077778428094362 1.4156665748741932 12.79051963452366
leaf_count=5144 89 243 388 7 241 301
internal_value=-0.000899618 -0.014091 0.00599442 0.0191118 -0.0212372 0.020502
internal_weight=36.4583 23.0533 6.03167 13.405 17.0216 12.9913
internal_count=6413 6016 631 397 5385 308
is_linear=0
shrinkage=0.025


Tree=60
num_leaves=7
num_cat=0
split_feature=25 6 27 5 26 16
split_gain=15.7956 8.1705 4.12488 0.669957 0.622212 0.356333
threshold=0.32471184432506567 3.1850359439849858 0.091763462871313109 4.0370707511901864 -0.37220074236392969 -1.5173342227935789
decision_type=2 2 2 2 2 2
left_child=1 -1 3 -2 -4 -3
right_child=2 5 4 -5 -6 -7
leaf_value=0.020722577435328775 0.0084671825555095431 0.0004313866920347011 -0.020753327740914776 -0.0032670607194138588 0 -0.011498625816710803
leaf_weight=15.756353022181431 2.248091737215876 0.32281264354242134 13.572110861190595 0.79586812038905907 0.67932702210964357 3.2618970530456846
leaf_count=524 124 13 4511 273 94 941
internal_value=0 0.0138622 -0.0152644 0.00449846 -0.0198822 -0.0100707
internal_weight=36.6365 19.3411 17.2954 3.04396 14.2514 3.58471
internal_count=6480 1478 5002 397 4605 954
is_linear=0
shrinkage=0.025


Tree=61
num_leaves=6
num_cat=0
split_feature=21 13 24 26 5
split_gain=21.3114 3.7336 2.47144 1.96578 1.41561
threshold=0.39327090978622442 2.2162357568740849 -5.5527069568634024 -0.88278710842132557 -0.19943697750568387
decision_type=2 2 2 2 2
left_child=2 -2 -1 -3 -4
right_child=1 3 4 -5 -6
leaf_value=0.0035512133896826261 -0.0067852557340408615 0.020949745889452212 0.00038871623199705931 -0.00024709275710776128 -0.022255833885586274
leaf_weight=1.0264377975254344 1.3018348920741143 16.063178138632797 1.1185536443081225 2.3472152343892949 14.585671705717683
leaf_count=25 275 471 139 668 4872
internal_value=-0.000221333 0.0155467 -0.0183895 0.0185047 -0.0206367
internal_weight=36.4429 19.7122 16.7307 18.4104 15.7042
internal_count=6450 1414 5036 1139 5011
is_linear=0
shrinkage=0.025


Tree=62
num_leaves=7
num_cat=0
split_feature=24 27 13 5 3 27
split_gain=16.1325 4.89478 2.28219 2.19572 0.727543 0.61915
threshold=-1.6856700181961057 0.12957102060317996 2.9653348922729497 4.0176563262939462 1.5180625319480898 0.7136860489845277
decision_type=2 2 2 2 2 2
left_child=2 3 -1 -2 -4 -3
right_child=1 5 4 -5 -6 -7
leaf_value=-0.0028569042867930042 0.010891226160686163 -0.020953828222821366 0 -0.0079851452026796898 0.019696078477538362 0
leaf_weight=1.6631337450526178 3.7656795789953348 13.585943700774802 0.72681170131545414 1.9140100402291862 13.276332522975279 0.71602938626892942
leaf_count=291 321 4533 160 596 421 95
internal_value=-0.000271482 -0.0138939 0.0159588 0.00318451 0.0186861 -0.0200681
internal_weight=35.6479 19.9817 15.6663 5.67969 14.0031 14.302
internal_count=6417 5545 872 917 581 4628
is_linear=0
shrinkage=0.025


Tree=63
num_leaves=7
num_cat=0
split_feature=18 17 6 24 26 11
split_gain=18.0371 2.80295 2.36557 1.18273 1.04076 0.596249
threshold=0.19094959646463397 0.9083727002143861 4.1119244098663339 -4.8273584842681876 -0.79651692509651173 3.6815953254699711
decision_type=2 2 2 2 2 2
left_child=1 3 4 -1 -2 -3
right_child=2 5 -4 -5 -6 -7
leaf_value=0.0011238980546507714 0.019904913596735397 -0.0036797038392003185 -0.0034901844279083441 -0.019635998137740137 0 0.0073087338747305957
leaf_weight=0.69447827915428817 14.738341850985307 0.67505145003087763 1.393834932707249 15.536207364872096 1.240818635531469 1.8384041372919453
leaf_count=35 543 143 346 5028 336 52
internal_value=0 -0.0152249 0.0160584 -0.0183978 0.0184869 0.00304089
internal_weight=36.1171 18.7441 17.373 16.2307 15.9792 2.51346
internal_count=6483 5258 1225 5063 879 195
is_linear=0
shrinkage=0.025


Tree=64
num_leaves=7
num_cat=0
split_feature=22 13 27 5 17 0
split_gain=15.9694 5.0644 3.58168 0.68404 0.651898 0.333464
threshold=0.037032051011919982 2.9653348922729497 0.22547122836112979 -0.19943697750568387 1.1148715019226076 3.5835180282592778
decision_type=2 2 2 2 2 2
left_child=3 5 -3 -1 -5 -2
right_child=1 2 -4 4 -6 -7
leaf_value=0 0.00057474268101296298 0.020231998059362603 -0.0032120097616386528 -0.020764300879344472 0 -0.010406945445977634
leaf_weight=0.65521576549508509 0.30784780604881534 15.027920809312493 3.0213546866434617 12.148084028071022 0.87655307882232669 2.4090652424492873
leaf_count=84 26 414 784 4438 88 567
internal_value=-0.00113149 0.0116096 0.016191 -0.0187377 -0.0196872 -0.00878656
internal_weight=34.446 20.7662 18.0493 13.6799 13.0246 2.71691
internal_count=6401 1791 1198 4610 4526 593
is_linear=0
shrinkage=0.025


Tree=65
num_leaves=7
num_cat=0
split_feature=24 17 13 13 11 3
split_gain=18.5342 4.19304 2.91977 1.4591 0.795052 0.539944
threshold=-1.8064904808998106 0.66133576631546032 2.9653348922729497 4.2884340286254892 7.0219130516052255 1.5180625319480898
decision_type=2 2 2 2 2 2
left_child=2 4 -1 -3 -2 -4
right_child=1 3 5 -5 -6 -7
leaf_value=-0.0052847003825736679 -0.021679931850683579 -0.0065884487734162445 0 0.0097491057407623066 0.00036799785938873217 0.019789280182156546
leaf_weight=1.02504659545957 14.687796203332255 1.2215902151074254 0.67256293777609144 2.628245048224926 0.32299714675173241 13.91889936319785
leaf_count=272 5125 417 136 96 15 397
internal_value=-0.0011367 -0.0161456 0.0162064 0.00306536 -0.0209198 0.0189986
internal_weight=34.4771 18.8606 15.6165 3.84984 15.0108 14.5915
internal_count=6458 5653 805 513 5140 533
is_linear=0
shrinkage=0.025


Tree=66
num_leaves=7
num_cat=0
split_feature=21 19 12 25 23 21
split_gain=18.7452 4.62681 2.24836 0.787498 0.389121 0.38257
threshold=0.66298997402191173 0.53771728277206432 2.8857741355896001 2.6325136423110966 -5.4235351085662833 0.0066880939994007358
decision_type=2 2 2 2 2 2
left_child=1 4 -2 -4 -1 -3
right_child=2 5 3 -5 -6 -7
leaf_value=0 -0.0038355467162753095 -0.0017086390787427559 0.01972072886105437 -0.00013559600372978705 -0.021705350597589872 0.0073680468269778148
leaf_weight=0.54376825515646388 0.95519554195925493 0.81949844848713782 13.758405796077565 0.60173822456272397 14.607318246533397 2.2828000313602388
leaf_count=124 152 195 469 174 5231 87
internal_value=-0.00108721 -0.0164282 0.0164323 0.0187457 -0.0211268 0.00462419
internal_weight=33.5687 18.2534 15.3153 14.3601 15.1511 3.1023
internal_count=6432 5637 795 643 5355 282
is_linear=0
shrinkage=0.025


Tree=67
num_leaves=7
num_cat=0
split_feature=21 19 13 26 26 5
split_gain=16.9112 5.01031 2.28852 1.09972 0.672291 0.628666
threshold=0.63131645321846019 0.55604141950607311 2.2162357568740849 -0.84875690937042225 -0.37220074236392969 4.7658002376556405
decision_type=2 2 2 2 2 2
left_child=1 4 -2 -4 -1 -3
right_child=2 5 3 -5 -6 -7
leaf_value=-0.021001023426876833 -0.004372093870441459 0.009153819841456844 0.019767846750421769 -5.7227471555678402e-05 0 -0.0027057314354385267
leaf_weight=14.33227853302378 0.80791103676892717 2.5517782798560797 13.740994770341784 1.2100771744735528 0.68802996398881333 0.5802828135783783
leaf_count=5241 167 112 358 331 92 130
internal_value=-0.000265998 -0.0150663 0.0160037 0.0182378 -0.0201221 0.00587537
internal_weight=33.9114 18.1524 15.759 14.9511 15.0203 3.13206
internal_count=6431 5575 856 689 5333 242
is_linear=0
shrinkage=0.025


Tree=68
num_leaves=7
num_cat=0
split_feature=22 27 5 5 21 22
split_gain=15.7508 3.93718 3.44033 0.740502 0.584427 0.441519
threshold=0.044787898659706123 0.22547122836112979 4.7393548488616952 -0.19943697750568387 1.8219149708747866 0.7876526713371278
decision_type=2 2 2 2 2 2
left_child=3 2 -2 -1 -5 -3
right_child=1 5 -4 4 -6 -7
leaf_value=0.00012740755639175454 0.019568424132533149 -0.0082592213416036973 -0.0058214566885938434 -0.019827206044216172 0 0.0016099376873589385
leaf_weight=0.59166286938125168 16.249233591981472 2.4556251222384158 1.2326094172603905 12.010193766152948 0.34442046063486564 0.9688502199423964
leaf_count=84 595 780 252 4535 17 119
internal_value=0 0.0124029 0.0166037 -0.0180686 -0.0190858 -0.00542683
internal_weight=33.8526 20.9063 17.4818 12.9463 12.3546 3.42448
internal_count=6382 1746 847 4636 4552 899
is_linear=0
shrinkage=0.025


Tree=69
num_leaves=7
num_cat=0
split_feature=22 6 27 5 0 17
split_gain=15.6427 5.31016 3.50484 0.689225 0.33995 0.266676
threshold=0.037032051011919982 3.3558827638626103 0.21549603343009952 -0.19943697750568387 3.5835180282592778 1.023099482059479
decision_type=2 2 2 2 2 2
left_child=3 2 -2 -1 -3 -5
right_child=1 4 -4 5 -6 -7
leaf_value=0 0.020660785956806815 0.00071133705178106244 -0.0029272834166997677 -0.020022922004207917 -0.010106590876767248 0
leaf_weight=0.63927359803346817 15.312504572764743 0.27492648010956999 2.9373923859675406 11.381802527670512 2.7090655287029222 0.92451798316324207
leaf_count=85 317 15 798 4493 707 120
internal_value=-0.000128804 0.0120465 0.0167823 -0.0182398 -0.00850579 -0.019232
internal_weight=34.1795 21.2339 18.2499 12.9456 2.98399 12.3063
internal_count=6535 1837 1115 4698 722 4613
is_linear=0
shrinkage=0.025


Tree=70
num_leaves=7
num_cat=0
split_feature=21 26 6 24 22 5
split_gain=15.4623 4.13448 2.9362 1.94457 1.01464 0.786464
threshold=0.18306124210357669 -0.88278710842132557 4.1119244098663339 -4.8273584842681876 0.7876526713371278 -0.19943697750568387
decision_type=2 2 2 2 2 2
left_child=3 2 -2 -1 -3 -5
right_child=1 4 -4 5 -6 -7
leaf_value=0.0029108886973219796 0.020445148348300281 -0.009420634339796112 -0.0039729119476925555 7.8093521641095986e-05 0.0042689201604330018 -0.020096557583611799
leaf_weight=1.0068796367268067 16.1119827310904 2.7935422050650223 1.4321057304041449 0.60239358159014678 1.3807931290357371 11.563552487990819
leaf_count=33 577 1136 423 93 114 4047
internal_value=0.00112694 0.0132363 0.0177356 -0.0166428 -0.00435247 -0.0190017
internal_weight=34.8912 21.7184 17.5441 13.1728 4.17434 12.1659
internal_count=6423 2250 1000 4173 1250 4140
is_linear=0
shrinkage=0.025


Tree=71
num_leaves=6
num_cat=0
split_feature=22 21 26 21 24
split_gain=14.8133 3.79715 1.99785 0.611908 0.388923
threshold=0.037032051011919982 0.18306124210357669 -0.88278710842132557 1.8219149708747866 -4.8273584842681876
decision_type=2 2 2 2 2
left_child=3 4 -3 -1 -2
right_child=1 2 -4 -5 -6
leaf_value=-0.01970373713938333 0.0011445872587847606 0.018375005526993251 -0.00087192646374451032 8.4379858397114091e-05 -0.0089246755668284244
leaf_weight=11.981546181865269 0.65923207771265913 13.898546254640681 2.8357024341239567 0.33092290704371485 2.2087104868260239
leaf_count=4671 33 474 622 15 643
internal_value=-0.00122795 0.0112316 0.0153757 -0.0189401 -0.00655926
internal_weight=31.9147 19.6022 16.7342 12.3125 2.86794
internal_count=6458 1772 1096 4686 676
is_linear=0
shrinkage=0.025


Tree=72
num_leaves=7
num_cat=0
split_feature=22 6 3 22 17 17
split_gain=15.3917 4.77567 2.29381 0.225138 0.224415 0.0337834
threshold=0.037032051011919982 3.3558827638626103 1.5180625319480898 0.98862224817276012 1.023099482059479 1.1848351359367373
decision_type=2 2 2 2 2 2
left_child=4 2 -2 -3 -1 -6
right_child=1 3 -4 -5 5 -7
leaf_value=-0.019787807865963552 -0.0025115788529121567 -0.0095662720331014615 0.018898024885337421 0 0.0007552279280432227 -0.001822294356022546
leaf_weight=11.197623510815898 1.8398696429503676 2.1900890731776594 15.426741353352552 0.53966496093198646 0.55124309117673043 0.40491153002949432
leaf_count=4523 456 654 644 32 42 77
internal_value=-0.000721649 0.0117262 0.0162843 -0.0081805 -0.0190146 0
internal_weight=32.1501 19.9964 17.2666 2.72975 12.1538 0.956155
internal_count=6428 1786 1100 686 4642 119
is_linear=0
shrinkage=0.025


Tree=73
num_leaves=6
num_cat=0
split_feature=22 13 27 0 27
split_gain=15.3208 5.13103 3.20815 0.305071 0.0960977
threshold=0.037032051011919982 3.0569137334823613 0.25947242975234991 3.5835180282592778 -0.02193153370171785
decision_type=2 2 2 2 2
left_child=4 3 -3 -2 -1
right_child=1 2 -4 -5 -6
leaf_value=0 0.00034592801817744209 0.019335549140212138 -0.0036328019977989166 -0.010574461796289665 -0.019985977348886259
leaf_weight=0.56655725065502238 0.32100618808181325 15.444118403393079 2.4153240609157356 2.4514325434574857 11.277004541974746
leaf_count=109 26 496 707 630 4545
internal_value=-0.00101366 0.011125 0.0158407 -0.00909678 -0.019556
internal_weight=32.4754 20.6319 17.8594 2.77244 11.8436
internal_count=6513 1859 1203 656 4654
is_linear=0
shrinkage=0.025


Tree=74
num_leaves=7
num_cat=0
split_feature=22 17 13 7 13 23
split_gain=12.7606 6.64864 1.83416 1.10451 0.760764 0.411674
threshold=0.62454932928085338 0.52575585246086132 3.5596128702163701 5.0792167186737069 2.5925354957580571 -6.2930314540863028
decision_type=2 2 2 2 2 2
left_child=1 3 -3 -1 -2 -6
right_child=4 2 -4 -5 5 -7
leaf_value=-0.021046060539965016 -0.00089212005395091691 -0.0057440201309943081 0.011757404573427273 0 0 0.018578902983514209
leaf_weight=12.432158211478969 0.28854361094999958 1.7460289036680468 4.6817673977930099 1.2718450829852361 0.28727219608845089 10.686093758238711
leaf_count=4896 71 535 306 240 105 227
internal_value=-0.000144566 -0.011442 0.00602331 -0.0193884 0.016975 0.0179683
internal_weight=31.3937 20.1318 6.4278 13.704 11.2619 10.9734
internal_count=6380 5977 841 5136 403 332
is_linear=0
shrinkage=0.025


Tree=75
num_leaves=7
num_cat=0
split_feature=22 17 24 6 5 23
split_gain=13.3236 5.10678 1.55359 1.4396 1.10189 0.507045
threshold=0.45739306509494787 0.52575585246086132 0.46542719006538397 3.9443567991256718 -0.19943697750568387 -6.2930314540863028
decision_type=2 2 2 2 2 2
left_child=1 4 -3 5 -1 -2
right_child=3 2 -4 -5 -6 -7
leaf_value=0 0 0.010146703451603237 -0.0062725634848611062 -0.0026442305342728842 -0.021031196282589829 0.018283087254408817
leaf_weight=1.1730127352348088 0.32633801753399794 3.976814142195507 1.288999861164484 0.57508526620222333 12.276238444697812 11.627297783852551
leaf_count=168 138 221 575 142 4940 319
internal_value=-0.000639302 -0.012925 0.00442117 0.0158081 -0.0194129 0.0175825
internal_weight=31.2438 18.7151 5.26581 12.5287 13.4493 11.9536
internal_count=6503 5904 796 599 5108 457
is_linear=0
shrinkage=0.025


Tree=76
num_leaves=7
num_cat=0
split_feature=22 17 13 13 3 22
split_gain=14.1405 3.78938 2.73745 1.39177 0.990574 0.113922
threshold=0.29199419915676122 0.5688474476337434 2.9653348922729497 3.5596128702163701 1.1022139191627505 1.7472424507141116
decision_type=2 2 2 2 2 2
left_child=1 -1 5 -3 -4 -2
right_child=2 3 4 -5 -6 -7
leaf_value=-0.020485142884004746 -0.0060552799604812781 -0.0066429281124721594 -0.0011280686629151653 0.0091388472044928708 0.018464844737662748 0
leaf_weight=12.033913403167395 1.230311741848708 1.3015077190066211 0.52038379665464063 2.7846779689425603 13.150335423037175 0.22734157124068577
leaf_count=4937 283 445 138 194 449 4
internal_value=-0.000796157 -0.0151353 0.0141368 0.00253489 0.0172819 -0.00493455
internal_weight=31.2485 16.1201 15.1284 4.08619 13.6707 1.45765
internal_count=6450 5576 874 639 587 287
is_linear=0
shrinkage=0.025


Tree=77
num_leaves=7
num_cat=0
split_feature=22 17 12 6 4 23
split_gain=12.3201 5.66298 1.4514 1.3011 1.10155 0.192846
threshold=0.49720352888107305 0.52575585246086132 2.8857741355896001 3.9443567991256718 -0.21192967891693112 -5.6700115203857413
decision_type=2 2 2 2 2 2
left_child=1 4 -3 5 -1 -2
right_child=3 2 -4 -5 -6 -7
leaf_value=0 0 -0.0056818738906858502 0.01036424074206773 -0.0022713970770282432 -0.020643209676897339 0.01824753486352702
leaf_weight=1.1800095659273235 0.53215892642037843 1.1089199177222315 4.5447381938283797 0.51844119769521135 11.76179261057405 11.142053757852405
leaf_count=195 137 261 538 132 4876 286
internal_value=0 -0.0117008 0.00544075 0.0161237 -0.0189669 0.0177515
internal_weight=30.7881 18.5955 5.65366 12.1927 12.9418 11.6742
internal_count=6425 5870 799 555 5071 423
is_linear=0
shrinkage=0.025


Tree=78
num_leaves=6
num_cat=0
split_feature=22 17 13 7 13
split_gain=12.1193 6.00461 1.65673 1.02243 0.983482
threshold=0.576450675725937 0.52575585246086132 3.5596128702163701 5.0792167186737069 2.5925354957580571
decision_type=2 2 2 2 2
left_child=1 3 -3 -1 -2
right_child=4 2 -4 -5 -6
leaf_value=-0.020470902115091991 -0.001496542556456806 -0.0055334724174369073 0.011127085875699876 0 0.017758224536729369
leaf_weight=12.00316708447645 0.38517528894590114 1.6985043441527512 4.5568480951187667 1.3067781193531107 11.14333695542882
leaf_count=4959 83 543 312 254 369
internal_value=0 -0.0112088 0.00559946 -0.0188215 0.0164787
internal_weight=31.0938 19.5653 6.25535 13.3099 11.5285
internal_count=6520 6068 855 5213 452
is_linear=0
shrinkage=0.025


Tree=79
num_leaves=7
num_cat=0
split_feature=22 6 17 13 2 26
split_gain=11.362 2.70415 1.91326 0.958786 0.704413 0.650467
threshold=0.22451979666948321 4.1119244098663339 0.52575585246086132 3.5596128702163701 1.5961002111434939 -0.37220074236392969
decision_type=2 2 2 2 2 2
left_child=2 4 5 -4 -2 -1
right_child=1 -3 3 -5 -6 -7
leaf_value=-0.01907199445767711 -0.00032534330593239332 -0.0059300098295085868 -0.0064563904697178508 0.0068342633001249502 0.016745833065328935 0
leaf_weight=10.589454218919853 0.67368452216032793 1.2635357169201586 1.2896029674739105 2.2330887468124274 12.728660178021526 0.65943672182038682
leaf_count=4598 134 269 499 223 637 91
internal_value=-0.000929063 0.0124781 -0.0143457 0.000302099 0.0156929 -0.0179989
internal_weight=29.4375 14.6659 14.7716 3.52269 13.4023 11.2489
internal_count=6451 1040 5411 722 771 4689
is_linear=0
shrinkage=0.025


Tree=80
num_leaves=7
num_cat=0
split_feature=21 6 19 26 26 5
split_gain=11.1444 3.46258 1.9903 1.47929 0.775115 0.249401
threshold=0.31185957789421087 3.3558827638626103 0.65201070904731762 -0.79651692509651173 -0.37220074236392969 4.0750679969787607
decision_type=2 2 2 2 2 2
left_child=2 3 4 -2 -1 -4
right_child=1 -3 5 -5 -6 -7
leaf_value=-0.019076595246310661 0.018136291997909341 -0.0060390678765170572 0.0053011400570145062 -0.00090082968094739593 0.00029614500444206883 -0.001930598117243412
leaf_weight=10.545474135840777 12.647890944237588 2.5134698068723074 1.2698789045389265 1.7368927256611648 0.5609655837761246 0.43500448958366167
leaf_count=4498 469 698 36 541 75 120
internal_value=-0.000101961 0.0116961 -0.0149294 0.0158758 -0.0179219 0.0024601
internal_weight=29.7096 16.8983 12.8113 14.3848 11.1064 1.70488
internal_count=6437 1708 4729 1010 4573 156
is_linear=0
shrinkage=0.025


Tree=81
num_leaves=7
num_cat=0
split_feature=22 6 19 13 3 13
split_gain=12.0738 2.57483 1.70107 0.835969 0.748624 0.195663
threshold=0.22451979666948321 3.2042828798294072 0.3457478135824204 5.4371109008789071 1.179542660713196 4.2884340286254892
decision_type=2 2 2 2 2 2
left_child=2 4 3 -1 -2 -4
right_child=1 -3 5 -5 -6 -7
leaf_value=-0.019350356526885631 -5.7957292322328915e-05 -0.0039320084061857863 -0.0016910367659563963 0 0.017556866457042689 0.0046546695492486216
leaf_weight=11.218178327719217 0.85503960476489638 2.3511071447574059 0.48625972904846904 1.430542936985147 11.384509536379481 1.0418196757964322
leaf_count=4802 191 450 187 401 386 26
internal_value=-0.00124273 0.0125528 -0.0153378 -0.0177336 0.0163039 0.00192939
internal_weight=28.7675 14.5907 14.1768 12.6487 12.2395 1.52808
internal_count=6443 1027 5416 5203 577 213
is_linear=0
shrinkage=0.025


Tree=82
num_leaves=7
num_cat=0
split_feature=21 24 13 26 9 21
split_gain=12.7667 5.64377 1.27464 0.754181 0.142829 0.0879093
threshold=0.95617026090621959 -3.3602128028869624 2.2707862854003911 -0.37220074236392969 0.35969942808151251 -0.15818623453378675
decision_type=2 2 2 2 2 2
left_child=1 5 -2 -3 -4 -1
right_child=2 3 4 -5 -6 -7
leaf_value=0 -0.0023415076792987584 -0.020308503460717452 0 0 0.017659312906021334 0.0082212645715672005
leaf_weight=0.35303749871673096 0.49286281070089799 13.391455594333822 0.18004719103919242 0.6271732487366507 10.47732134736725 2.7738470004987947
leaf_count=53 102 5766 15 95 322 123
internal_value=-0.00120898 -0.0135351 0.0156802 -0.0193404 0.0173944 0.0076087
internal_weight=28.2957 17.1455 11.1502 14.0186 10.6574 3.12688
internal_count=6476 6037 439 5861 337 176
is_linear=0
shrinkage=0.025


Tree=83
num_leaves=7
num_cat=0
split_feature=27 13 21 27 21 21
split_gain=10.4766 4.70888 1.30058 1.1243 0.99658 0.788332
threshold=0.1706517115235329 2.9653348922729497 0.97700640559196483 0.7136860489845277 0.0066880939994007358 1.3932017087936404
decision_type=2 2 2 2 2 2
left_child=1 5 3 -2 -3 -1
right_child=2 4 -4 -5 -6 -7
leaf_value=-0.010352084638742237 -0.018863036058710942 -0.0008292815460151314 0.00093767883693668657 0.00095510883989720395 0.018778337389861371 0.0028592599794378384
leaf_weight=2.762876350781887 9.8031766668136662 0.67867007217137043 1.6258571016660415 0.84372729560709636 11.906216351286274 0.79858751408755768
leaf_count=1069 4297 286 210 110 418 29
internal_value=-0.000178323 0.0114785 -0.0147596 -0.0170897 0.0174304 -0.00671991
internal_weight=28.4191 16.1464 12.2728 10.6469 12.5849 3.56146
internal_count=6419 1802 4617 4407 704 1098
is_linear=0
shrinkage=0.025


Tree=84
num_leaves=7
num_cat=0
split_feature=21 24 7 12 11 2
split_gain=11.5677 4.80812 1.05325 1.04971 0.192486 0.152293
threshold=0.95617026090621959 -3.3602128028869624 5.0792167186737069 2.8857741355896001 2.4828737974166875 1.6461102366447451
decision_type=2 2 2 2 2 2
left_child=1 4 -3 -2 -1 -5
right_child=3 2 -4 5 -6 -7
leaf_value=-4.7545265031296456e-05 -0.0013183523463036325 -0.019066773785791684 0.0001240249533405283 0 0.0083105362341368682 0.017530441884626456
leaf_weight=0.32846907683415816 0.70517456252127786 13.094269818800965 1.2019550138793427 0.049072579538914307 2.8008611441764515 10.123706724290967
leaf_count=79 96 5617 244 19 105 311
internal_value=-0.0005436 -0.0121916 -0.0175154 0.0156853 0.00717476 0.0173219
internal_weight=28.3035 17.4256 14.2962 10.878 3.12933 10.1728
internal_count=6471 6045 5861 426 184 330
is_linear=0
shrinkage=0.025


Tree=85
num_leaves=7
num_cat=0
split_feature=21 19 7 13 6 15
split_gain=11.9564 4.2755 1.08178 1.01301 0.861587 0.053878
threshold=0.95617026090621959 0.3457478135824204 5.0792167186737069 2.9653348922729497 4.1434867382049569 1.2637177109718325
decision_type=2 2 2 2 2 2
left_child=1 2 -1 -3 -2 -6
right_child=4 3 -4 -5 5 -7
leaf_value=-0.019530536492933737 0.017539769600299304 -0.0044603066440342147 9.2224690293609359e-05 0.0093543339274499478 -0.0024284037016350426 0.00074849131625749112
leaf_weight=11.336714575736556 10.953742355166465 1.0031019386951801 1.2127310086216301 3.3672752015700098 0.51061962841777209 0.25935273675713688
leaf_count=5208 329 300 245 218 100 5
internal_value=0.000100534 -0.0118955 -0.0177921 0.00482847 0.0161674 -0.000553803
internal_weight=28.6435 16.9198 12.5494 4.37038 11.7237 0.769972
internal_count=6405 5971 5453 518 434 105
is_linear=0
shrinkage=0.025


Tree=86
num_leaves=7
num_cat=0
split_feature=22 13 26 17 26 20
split_gain=9.26921 3.15474 2.41707 0.699004 0.730063 0.295763
threshold=0.037032051011919982 2.9653348922729497 -0.88090905547142018 1.023099482059479 -0.37220074236392969 -1.0566210150718687
decision_type=2 2 2 2 2 2
left_child=3 5 -3 4 -1 -2
right_child=1 2 -4 -5 -6 -7
leaf_value=-0.017622578457847111 0.0007314105312371421 0.017883583419474321 -0.0021722968073856481 0 0.00047943919400749975 -0.0083045892394637
leaf_weight=8.8092065843084129 0.59699937381083179 12.340901897492586 2.856960283708756 1.1707693744683627 0.52965118686552237 1.9277331337507373
leaf_count=4456 30 412 828 122 74 561
internal_value=0 0.01027 0.0141995 -0.0147987 -0.0163509 -0.00627109
internal_weight=28.2322 17.7226 15.1979 10.5096 9.33886 2.52473
internal_count=6483 1831 1240 4652 4530 591
is_linear=0
shrinkage=0.025


Tree=87
num_leaves=7
num_cat=0
split_feature=27 6 22 22 21 27
split_gain=9.89192 4.9187 1.68009 0.594858 0.581649 0.532012
threshold=0.1706517115235329 3.3558827638626103 0.74892738461494457 0.037032051011919982 1.8219149708747866 0.7136860489845277
decision_type=2 2 2 2 2 2
left_child=1 3 5 -1 -3 -2
right_child=2 4 -4 -5 -6 -7
leaf_value=0 -0.01773974286679561 -0.0092994845254147553 0.0025163242231770696 0.018718009825444502 0.0022956594201023598 0
leaf_weight=0.5890307924564756 9.7717898610717349 3.3016508591099405 1.3836489894601971 11.951910843141375 0.53924999490845937 0.6819662603375044
leaf_count=241 4336 1337 153 219 9 113
internal_value=0.000175191 0.0115996 -0.0140135 0.0178158 -0.00658698 -0.0167121
internal_weight=28.2192 16.3818 11.8374 12.5409 3.8409 10.4538
internal_count=6408 1806 4602 460 1346 4449
is_linear=0
shrinkage=0.025


Tree=88
num_leaves=7
num_cat=0
split_feature=22 13 26 18 21 19
split_gain=10.2329 3.5358 2.39457 0.514076 0.268539 0.0714003
threshold=0.037032051011919982 2.9653348922729497 -0.88090905547142018 0.53917524218559276 1.8219149708747866 0.3457478135824204
decision_type=2 2 2 2 2 2
left_child=3 4 -3 5 -2 -1
right_child=1 2 -4 -5 -6 -7
leaf_value=-0.018035045457941004 -0.0090331106208311959 0.017525863928228348 -0.0024609840607731082 0 0.00050790244298061016 0
leaf_weight=8.9868051577795978 2.1037081675312979 12.805926713452209 2.6772243725135896 0.38499471885734315 0.2808575759991071 0.57069026341196227
leaf_count=4377 581 431 787 71 6 170
internal_value=-0.000558926 0.00985819 0.0140076 -0.0167323 -0.00747998 -0.0175911
internal_weight=27.8102 17.8677 15.4832 9.94249 2.38457 9.5575
internal_count=6423 1805 1218 4618 587 4547
is_linear=0
shrinkage=0.025


Tree=89
num_leaves=7
num_cat=0
split_feature=21 6 24 26 26 21
split_gain=10.126 2.35303 2.15479 1.31829 0.769856 0.343509
threshold=0.35296642780303961 3.3203066587448125 -4.8273584842681876 -0.88278710842132557 -0.37220074236392969 1.8219149708747866
decision_type=2 2 2 2 2 2
left_child=2 3 -1 -2 -4 -3
right_child=1 5 4 -5 -6 -7
leaf_value=0.0038152072872117125 0.017691410148126429 -0.0067719180579149107 -0.018699508101830138 -0.0002696870000367807 0.00036268559641538205 0.0018772525254575449
leaf_weight=1.1909714529174369 10.99371150168008 1.7148380759172135 9.9886600308527687 2.061369392235064 0.55383938664454291 0.59124671749304969
leaf_count=41 274 630 4739 647 76 19
internal_value=0 0.0117783 -0.0144708 0.0152199 -0.0175014 -0.00393181
internal_weight=27.0946 15.3612 11.7335 13.0551 10.5425 2.30608
internal_count=6426 1570 4856 921 4815 649
is_linear=0
shrinkage=0.025


Tree=90
num_leaves=7
num_cat=0
split_feature=27 6 22 21 21 21
split_gain=9.953 4.60046 1.59806 0.574596 0.510923 0.444182
threshold=0.1706517115235329 3.3558827638626103 0.74892738461494457 1.8219149708747866 0.97700640559196483 0.0066880939994007358
decision_type=2 2 2 2 2 2
left_child=1 5 4 -3 -2 -1
right_child=2 3 -4 -5 -6 -7
leaf_value=0 -0.018313103798152604 -0.0090949167743154154 0.0021753936551631757 0.0023526248824113321 0 0.018313172960618958
leaf_weight=0.66711475477495952 9.5600203141366329 3.231916650300263 1.3116446929343499 0.53684471442829806 0.82111414129030968 11.183324985788202
leaf_count=169 4362 1355 144 11 118 289
internal_value=-0.000184923 0.0112874 -0.0146747 -0.00633983 -0.0172251 0.017482
internal_weight=27.312 15.6192 11.6928 3.76876 10.3811 11.8504
internal_count=6448 1824 4624 1366 4480 458
is_linear=0
shrinkage=0.025


Tree=91
num_leaves=7
num_cat=0
split_feature=27 5 18 24 26 24
split_gain=8.48586 4.14774 1.2606 1.10011 0.608659 0.451081
threshold=0.1706517115235329 4.0370707511901864 0.45237812399864202 0.2027559578418732 -0.37220074236392969 -5.5527069568634024
decision_type=2 2 2 2 2 2
left_child=1 3 4 -1 -2 -3
right_child=2 5 -4 -5 -6 -7
leaf_value=0.017754004196240427 -0.01759799912033114 0.0013034061928186829 0.0011877395193138351 -0.0016556719067648317 0 -0.0094133010991820157
leaf_weight=10.956464302536915 8.9444147758767922 0.74844161514192764 1.5269056918332342 0.51651820050028696 0.60889170196605746 2.4227454330102773
leaf_count=387 4208 25 291 453 97 959
internal_value=-0.00044323 0.0104625 -0.014017 0.0162635 -0.0164497 -0.00686926
internal_weight=25.7244 14.6442 11.0802 11.473 9.55331 3.17119
internal_count=6420 1824 4596 840 4305 984
is_linear=0
shrinkage=0.025


Tree=92
num_leaves=7
num_cat=0
split_feature=21 19 13 7 13 23
split_gain=8.97631 3.36623 1.06578 0.975008 0.791899 0.0681571
threshold=0.97700640559196483 0.3457478135824204 3.1516387462615971 5.0792167186737069 3.0569137334823613 -1.8215801715850828
decision_type=2 2 2 2 2 2
left_child=1 3 5 -1 -3 -2
right_child=2 4 -4 -5 -6 -7
leaf_value=-0.018386028847044943 0.0004528745787107413 -0.0041512671578547052 0.016097263487586663 0.000133463328898004 0.0079815204185434245 -0.0031349960688870321
leaf_weight=10.727313176757894 0.29586220093187876 0.92629954521544178 8.7046438504185044 1.1770913550863031 3.291048017796129 0.57430897609447029
leaf_count=5299 16 310 252 246 221 127
internal_value=-0.000936089 -0.0113871 0.0141017 -0.0166873 0.00383229 -0.00150372
internal_weight=25.6966 16.1218 9.57482 11.9044 4.21735 0.870171
internal_count=6471 6076 395 5545 531 143
is_linear=0
shrinkage=0.025


Tree=93
num_leaves=6
num_cat=0
split_feature=22 13 26 18 20
split_gain=10.0332 3.10398 2.04043 0.492573 0.29356
threshold=0.037032051011919982 2.9653348922729497 -0.88090905547142018 0.53917524218559276 -1.0566210150718687
decision_type=2 2 2 2 2
left_child=3 4 -3 -1 -2
right_child=1 2 -4 -5 -6
leaf_value=-0.016990734325725478 0.00079480681946842401 0.017678933076863829 -0.0013568516517424298 0 -0.0081193996125899642
leaf_weight=8.985002718254691 0.57711730699520591 12.492806317372015 2.8299270277202568 0.37397924964898344 1.9045859812904407
leaf_count=4559 27 421 779 72 577
internal_value=9.61365e-05 0.0105572 0.0143868 -0.016116 -0.00606524
internal_weight=27.1634 17.8044 15.3227 9.35898 2.4817
internal_count=6435 1804 1200 4631 604
is_linear=0
shrinkage=0.025


Tree=94
num_leaves=7
num_cat=0
split_feature=22 5 27 27 8 6
split_gain=7.7142 3.11607 2.31671 0.661322 0.410785 0.117132
threshold=0.037032051011919982 3.8843755722045903 0.25947242975234991 0.7136860489845277 -0.83637991547584523 3.5511296987533574
decision_type=2 2 2 2 2 2
left_child=3 2 -2 4 -1 -3
right_child=1 5 -4 -5 -6 -7
leaf_value=0 0.016832854795428398 0 -0.0032226007475338932 0.00062874257590031426 -0.016588552935655219 -0.0080927863771464489
leaf_weight=0.42852970080275454 11.580075511694302 0.30260677775368039 2.1766866721154647 0.50937161242473017 8.5987197051872499 1.8638705459015907
leaf_count=43 493 23 727 81 4571 546
internal_value=-0.000447034 0.00915395 0.0133132 -0.0145424 -0.0157629 -0.00724655
internal_weight=25.4599 15.9232 13.7568 9.53662 9.02725 2.16648
internal_count=6484 1789 1220 4695 4614 569
is_linear=0
shrinkage=0.025


Tree=95
num_leaves=7
num_cat=0
split_feature=21 19 13 5 5 6
split_gain=7.91182 3.59475 1.16996 0.941303 0.905116 0.189412
threshold=0.97700640559196483 0.24273744970560077 2.9653348922729497 3.7526332139968877 -0.19943697750568387 -0.42943722009658808
decision_type=2 2 2 2 2 2
left_child=1 4 -3 5 -1 -2
right_child=3 2 -4 -5 -6 -7
leaf_value=0 0 -0.0055024503821402915 0.008689396522513472 -0.0014910769764050632 -0.018466886392859285 0.015727317873640272
leaf_weight=1.12024406436831 0.19876419752836127 1.2673883855168231 3.9470842313749017 0.72183131752535779 9.8339433834189567 8.2677797197538858
leaf_count=179 65 397 350 99 5139 239
internal_value=-0.000876657 -0.0106043 0.00362317 0.0135051 -0.0167816 0.0153267
internal_weight=25.357 16.1687 5.21447 9.18838 10.9542 8.46654
internal_count=6468 6065 747 403 5318 304
is_linear=0
shrinkage=0.025


Tree=96
num_leaves=7
num_cat=0
split_feature=21 27 13 27 24 24
split_gain=8.3132 3.01577 1.93887 0.67502 0.667353 0.502508
threshold=0.18919637799263003 0.22547122836112979 2.2162357568740849 0.7136860489845277 -4.8273584842681876 -3.6522214412689205
decision_type=2 2 2 2 2 2
left_child=3 2 -2 4 -1 -3
right_child=1 5 -4 -5 -6 -7
leaf_value=0.00034386549939106079 -0.0038463554890994962 0.0021011133364935543 0.017026094112707002 0.00070938629119803606 -0.017006646201053046 -0.0080312102605896423
leaf_weight=0.55839155992725942 0.8571174949756849 1.1191510058415599 12.352761508242109 0.49573885899735692 8.2030585244210652 2.457140277954748
leaf_count=35 270 126 746 74 4109 1108
internal_value=0.000230599 0.0100815 0.0146443 -0.014465 -0.0157235 -0.0047553
internal_weight=26.0434 16.7862 13.2099 9.25719 8.76145 3.57629
internal_count=6468 2250 1016 4218 4144 1234
is_linear=0
shrinkage=0.025


Tree=97
num_leaves=7
num_cat=0
split_feature=21 19 21 6 22 20
split_gain=8.83556 5.34189 0.783723 0.736033 0.181818 0.0410589
threshold=0.95617026090621959 0.24273744970560077 0.0066880939994007358 3.7343958616256718 0.82463103532791149 0.6140868365764619
decision_type=2 2 2 2 2 2
left_child=1 4 -3 -2 -1 -5
right_child=3 2 -4 5 -6 -7
leaf_value=-0.019504712532999166 0.01571505700127835 -0.0030957632245410195 0.0088281321351246726 -0.0021960753558622325 0 0.00046606005548252804
leaf_weight=9.9576244338823017 9.0030004613799939 1.3773370145936485 4.2032706963072997 0.47923033469123844 0.11899779009400013 0.28569158911705017
leaf_count=5274 304 450 310 108 8 12
internal_value=-0.000385189 -0.0110595 0.00522229 0.0142531 -0.0192326 -0.000575785
internal_weight=25.4252 15.6572 5.58061 9.76792 10.0766 0.764922
internal_count=6466 6042 760 424 5282 120
is_linear=0
shrinkage=0.025


Tree=98
num_leaves=7
num_cat=0
split_feature=21 19 13 7 5 3
split_gain=7.89484 3.4576 1.42576 1.05302 1.04669 0.104305
threshold=0.95617026090621959 0.19825292378664019 2.9653348922729497 5.0792167186737069 4.0176563262939462 1.1022139191627505
decision_type=2 2 2 2 2 2
left_child=1 3 -3 -1 5 -2
right_child=4 2 -4 -5 -6 -7
leaf_value=-0.01854599810398283 0 -0.0063650804933643211 0.008990480602738932 0.00041672897120691318 -0.0021341323245769525 0.015855605426286942
leaf_weight=9.2424673708737881 0.20202276858617274 1.5139736623386841 4.136516750411829 1.1280796546488989 0.47232669082586731 8.6831514066725486
leaf_count=4926 43 470 418 246 89 292
internal_value=-0.000324782 -0.0102115 0.00323269 -0.0166121 0.0138284 0.01559
internal_weight=25.3785 16.021 5.65049 10.3705 9.3575 8.88517
internal_count=6484 6060 888 5172 424 335
is_linear=0
shrinkage=0.025


Tree=99
num_leaves=7
num_cat=0
split_feature=22 13 26 26 16 26
split_gain=7.11295 2.89304 1.92934 0.668929 0.251967 0.0411442
threshold=0.037032051011919982 2.9653348922729497 -0.88401830196380604 -0.37220074236392969 -1.5173342227935789 -0.33426733314990992
decision_type=2 2 2 2 2 2
left_child=3 4 -3 -1 -2 -5
right_child=1 2 -4 5 -6 -7
leaf_value=-0.016091893251651057 0.00054221697869995429 0.016332826042770962 -0.002068222599583335 0.0022558924217440496 -0.0084910515590258702 -0.00043609067393150992
leaf_weight=8.080506374491959 0.26389018853660706 10.452384155913022 2.5642325293156309 0.22943572330405004 2.0068142735253778 0.28837767677032644
leaf_count=4520 7 407 795 18 606 60
internal_value=-0.000723673 0.00856917 0.012793 -0.0147812 -0.0069307 0.00058734
internal_weight=23.8856 15.2873 13.0166 8.59832 2.2707 0.517813
internal_count=6413 1815 1202 4598 613 78
is_linear=0
shrinkage=0.025


Tree=100
num_leaves=6
num_cat=0
split_feature=21 6 26 24 21
split_gain=8.72356 2.68339 1.62697 0.878755 0.336533
threshold=0.18306124210357669 3.3558827638626103 -0.88278710842132557 -4.8273584842681876 1.8219149708747866
decision_type=2 2 2 2 2
left_child=3 2 -2 -1 -3
right_child=1 4 -4 -5 -6
leaf_value=0.00090727896136015118 0.017265850012332332 -0.0071508501680021472 -0.00067307200477639796 -0.016867843669761292 0.0015278295935869475
leaf_weight=0.69707486848347144 11.079549787420547 2.325155524158617 2.6688662904489329 8.0678347733482934 0.62159305432578538
leaf_count=35 376 897 949 4183 24
internal_value=0.000235252 0.0102522 0.0141994 -0.0151841 -0.00472423
internal_weight=25.4601 16.6952 13.7484 8.76491 2.94675
internal_count=6464 2246 1325 4218 921
is_linear=0
shrinkage=0.025


Tree=101
num_leaves=6
num_cat=0
split_feature=21 19 6 26 21
split_gain=7.99581 3.61513 1.26771 0.684758 0.427336
threshold=0.95617026090621959 0.3457478135824204 3.7343958616256718 -0.37220074236392969 0.0066880939994007358
decision_type=2 2 2 2 2
left_child=1 3 -2 -1 -3
right_child=2 4 -4 -5 -6
leaf_value=-0.018013523855261896 0.01575752655516912 -0.0019961462511173945 -0.0027320267831949132 0.00016095834373037218 0.0070653978249197932
leaf_weight=9.9872015840373916 8.7314910325949278 1.1159908828121832 0.56064784846967164 0.5868495222239315 3.2840169331175275
leaf_count=5404 292 332 126 95 199
internal_value=-0.00052344 -0.0108391 0.0136391 -0.0168757 0.00426292
internal_weight=24.2662 14.9741 9.29214 10.5741 4.40001
internal_count=6448 6030 418 5499 531
is_linear=0
shrinkage=0.025


Tree=102
num_leaves=7
num_cat=0
split_feature=21 6 24 26 26 21
split_gain=8.0975 2.5224 1.4598 1.27153 0.743398 0.107174
threshold=0.31185957789421087 3.3558827638626103 -4.8273584842681876 -0.88278710842132557 -0.37220074236392969 1.8219149708747866
decision_type=2 2 2 2 2 2
left_child=2 3 -1 -2 -4 -3
right_child=1 5 4 -5 -6 -7
leaf_value=0.0026376623117541787 0.017181733374065335 -0.0058590204673132015 -0.017206310515528483 -0.00016727224893842564 0.00063768604785416176 0
leaf_weight=1.055470226710894 10.684511775063582 1.8470654910197475 8.4245821524382318 2.2154435467382418 0.51024221853004093 0.36709840857656661
leaf_count=42 310 680 4643 707 74 21
internal_value=0.000521806 0.0109853 -0.0132754 0.0146386 -0.0158756 -0.00482662
internal_weight=25.1044 15.1141 9.99029 12.9 8.93482 2.21416
internal_count=6477 1718 4759 1017 4717 701
is_linear=0
shrinkage=0.025


Tree=103
num_leaves=7
num_cat=0
split_feature=26 22 5 26 22 25
split_gain=7.34046 2.58714 2.52278 0.594963 0.506072 0.0960724
threshold=-0.99777647852897633 0.74892738461494457 4.7393548488616952 -0.37220074236392969 -0.25476640462875361 -2.0341274738311763
decision_type=2 2 2 2 2 2
left_child=2 3 4 -2 -1 -3
right_child=1 5 -4 -5 -6 -7
leaf_value=-0.00022245318491421426 -0.016055743541663944 0.005741781113158405 -0.0053992372034057223 0.00023076557313092278 0.017004624964262804 0
leaf_weight=0.25281673853169095 10.329661530704469 1.9674874793272468 1.244344846534658 0.57068392547080193 9.4060108227713517 0.34824681481404596
leaf_count=217 5249 74 429 93 307 113
internal_value=0 -0.0108208 0.0124243 -0.0150056 0.0162053 0.0048157
internal_weight=24.1193 13.2161 10.9032 10.9003 9.65883 2.31573
internal_count=6482 5529 953 5342 524 187
is_linear=0
shrinkage=0.025


Tree=104
num_leaves=7
num_cat=0
split_feature=22 17 24 6 26 26
split_gain=6.61758 3.81168 1.02034 0.781492 0.645728 0.390185
threshold=0.49720352888107305 0.66964003443717968 0.18714576214551928 3.9443567991256718 -0.37220074236392969 -0.84994670748710621
decision_type=2 2 2 2 2 2
left_child=1 4 -3 5 -1 -2
right_child=3 2 -4 -5 -6 -7
leaf_value=-0.017829649194031221 0.014842510671580465 0.0095622606028804395 -0.0044063709610501055 -0.001650321764911181 3.240314838216381e-05 0
leaf_weight=9.2764057631720771 8.0371796490217076 3.2907381632830939 0.96375457782414731 0.43685520769213404 0.61153425966040487 0.65505269082495665
leaf_count=5288 223 122 388 126 97 200
internal_value=-0.000508774 -0.0101926 0.00505157 0.0123488 -0.0166653 0.0138546
internal_weight=23.2715 14.1424 4.25449 9.12909 9.88794 8.69223
internal_count=6444 5895 510 549 5385 423
is_linear=0
shrinkage=0.025


Tree=105
num_leaves=7
num_cat=0
split_feature=21 6 24 5 2 23
split_gain=6.53287 2.04845 1.54888 0.945628 0.658881 0.0999799
threshold=0.48452487587928778 3.3203066587448125 -4.0409967899322501 -0.19943697750568387 1.5961002111434939 -1.209290027618408
decision_type=2 2 2 2 2 2
left_child=2 4 -1 -4 -2 -3
right_child=1 5 3 -5 -6 -7
leaf_value=0.0033323960963894321 -0.0010148534458597218 0 0.0010959243586601368 -0.015672585297478583 0.015398032813796645 -0.0052624097602432026
leaf_weight=1.4101427686982777 0.27342589848558319 0.62731599804828886 0.95608997537055884 9.01192946181982 10.602669887011869 1.3045294179173639
leaf_count=88 123 77 154 5043 584 415
internal_value=0.000310347 0.0109234 -0.0109423 -0.0138178 0.0144021 -0.00402147
internal_weight=24.1861 12.8079 11.3782 9.96802 10.8761 1.93185
internal_count=6484 1199 5285 5197 707 492
is_linear=0
shrinkage=0.025


Tree=106
num_leaves=7
num_cat=0
split_feature=24 13 26 6 23 18
split_gain=6.02292 2.84394 1.85622 0.772866 0.432576 0.0250798
threshold=-2.7664788961410518 4.2884340286254892 -0.95995563268661488 3.9443567991256718 -6.2930314540863028 1.0289492011070254
decision_type=2 2 2 2 2 2
left_child=3 5 -3 4 -1 -2
right_child=1 2 -4 -5 -6 -7
leaf_value=-0.00016356631657146658 -0.015971668116114068 0.010357524821552451 -0.0060899633141448025 -0.0015432164650768776 0.015083388099972476 0
leaf_weight=0.28697930229827662 7.7115069623396248 3.1987355351448059 3.8999434445577208 0.41707957483595315 8.2113899158721324 0.14105188127723511
leaf_count=117 4097 103 1780 108 268 10
internal_value=0 -0.00866788 0.00202239 0.0127591 0.0142356 -0.0158453
internal_weight=23.8667 14.9512 7.09868 8.91545 8.49837 7.85256
internal_count=6483 5990 1883 493 385 4107
is_linear=0
shrinkage=0.025


Tree=107
num_leaves=7
num_cat=0
split_feature=21 26 6 25 5 24
split_gain=6.07792 2.66248 1.21609 0.762193 0.68531 0.612263
threshold=0.18306124210357669 -0.96796631813049305 4.6580410003662118 0.74235084652900707 -0.19943697750568387 -5.9280598163604727
decision_type=2 2 2 2 2 2
left_child=4 2 -2 -3 -1 -6
right_child=1 3 -4 -5 5 -7
leaf_value=0.0010007238287138922 0.01637279770614818 0.0023358669747080853 -0.0023400843972171946 -0.008866204520013677 0.00047404146437032791 -0.016117050447153666
leaf_weight=0.45508498625713389 8.7377085184998542 3.8423981489468124 0.57901377379312258 1.7487782283715203 0.44997472560498852 7.3685149719676719
leaf_count=91 363 719 168 1008 13 4150
internal_value=-0.000216932 0.0083604 0.0143622 -0.00310932 -0.0134705 -0.0148622
internal_weight=23.1815 14.9079 9.31672 5.59118 8.27357 7.81849
internal_count=6512 2258 531 1727 4254 4163
is_linear=0
shrinkage=0.025


Tree=108
num_leaves=7
num_cat=0
split_feature=22 6 26 26 16 26
split_gain=5.68476 2.50137 1.72997 0.574808 0.233256 0.109442
threshold=0.037032051011919982 3.3558827638626103 -0.84875690937042225 -0.37220074236392969 -1.5173342227935789 -1.1278459429740904
decision_type=2 2 2 2 2 2
left_child=3 2 -2 5 -3 -1
right_child=1 4 -4 -5 -6 -7
leaf_value=0 0.015486089528236206 0.00060262690425984884 -0.0021854775459139841 0.0005391076316946413 -0.0077708436824126693 -0.014951157884482816
leaf_weight=0.40734475418867067 10.045562559200333 0.25114440606557797 2.2991451141278949 0.52968646667432207 2.0871348711079909 7.0700702148023993
leaf_count=90 391 5 731 81 712 4449
internal_value=-0.000244612 0.00807226 0.0121533 -0.0132166 -0.00622197 -0.0145175
internal_weight=22.6901 14.683 12.3447 8.0071 2.33828 7.47741
internal_count=6459 1839 1122 4620 717 4539
is_linear=0
shrinkage=0.025


Tree=109
num_leaves=7
num_cat=0
split_feature=18 6 17 26 6 26
split_gain=5.3255 1.46462 1.3123 0.756869 0.640137 0.583415
threshold=0.14640060812234881 3.3558827638626103 0.5688474476337434 -0.79651692509651173 2.8185355663299565 -0.37220074236392969
decision_type=2 2 2 2 2 2
left_child=2 3 5 -2 -4 -1
right_child=1 -3 4 -5 -6 -7
leaf_value=-0.015043295490445478 0.01484351290649546 -0.0028827989547234442 0.0063432065183592597 -0.00039813206781962154 -0.0046805257149182128 0.00044265194866665593
leaf_weight=7.4994552914577062 8.6191821541578957 1.933707464049802 1.9935897847171866 1.1797890266025195 0.99511199089465652 0.54613381653325888
leaf_count=4412 363 621 183 362 426 81
internal_value=0 0.00999288 -0.0101674 0.0130716 0.00125822 -0.0137463
internal_weight=22.767 11.7327 11.0343 9.79897 2.9887 8.04559
internal_count=6448 1346 5102 725 609 4493
is_linear=0
shrinkage=0.025


Tree=110
num_leaves=7
num_cat=0
split_feature=27 5 22 24 12 24
split_gain=5.58478 3.40445 1.23653 0.725005 0.571103 0.220376
threshold=0.1706517115235329 4.0370707511901864 0.74892738461494457 0.44871032238006597 5.921607732772828 -5.5527069568634024
decision_type=2 2 2 2 2 2
left_child=1 3 4 -1 -2 -3
right_child=2 5 -4 -5 -6 -7
leaf_value=0.016235699125047617 -0.015552986618458895 0.00018620127180821145 0.0023373968082580129 -0.00094331754767738396 0 -0.0081752390937727005
leaf_weight=9.6377796995802782 7.2599312636593805 0.54593040631152634 1.3295500382082526 0.38317142348387356 1.1865035095397614 2.1105319429043448
leaf_count=420 4136 23 141 417 342 973
internal_value=0 0.00957317 -0.011251 0.0150674 -0.0139286 -0.00664114
internal_weight=22.4534 12.6774 9.77598 10.021 8.44643 2.65646
internal_count=6452 1833 4619 837 4478 996
is_linear=0
shrinkage=0.025


Tree=111
num_leaves=7
num_cat=0
split_feature=27 5 22 24 26 24
split_gain=5.23083 3.20002 1.84213 0.687899 0.600814 0.162354
threshold=0.16882523149251941 4.0370707511901864 0.74892738461494457 0.44871032238006597 -0.37220074236392969 -5.5527069568634024
decision_type=2 2 2 2 2 2
left_child=1 3 4 -1 -2 -3
right_child=2 5 -4 -5 -6 -7
leaf_value=0.016253399608706389 -0.01506459359740211 0 0.0041088793030834214 -0.00082624924301660991 0.0005400875245342309 -0.0075819390793374604
leaf_weight=9.7643379260553047 7.8801504434377412 0.45368614344624747 1.698998508232761 0.36826542195922307 0.51751646152115327 1.9355673066020243
leaf_count=411 4382 21 148 415 92 927
internal_value=0.000684027 0.0100543 -0.0100041 0.0151517 -0.0137938 -0.00634224
internal_weight=22.6185 12.5219 10.0967 10.1326 8.39767 2.38925
internal_count=6396 1774 4622 826 4474 948
is_linear=0
shrinkage=0.025


Tree=112
num_leaves=7
num_cat=0
split_feature=22 17 5 26 4 23
split_gain=5.08222 3.03919 0.809315 0.709971 0.668956 0.56329
threshold=0.49720352888107305 0.52575585246086132 3.6682116985321049 -0.37220074236392969 5.3048820495605478 -6.2930314540863028
decision_type=2 2 2 2 2 2
left_child=1 3 -3 -1 5 -2
right_child=4 2 -4 -5 -6 -7
leaf_value=-0.017582191119306496 -0.0012037445021324332 0.0080084477461880976 -0.0042489540165037273 0.0003962784594778565 -0.0017594050905189174 0.013275833693332822
leaf_weight=8.0805057919351366 0.17523079707461864 3.2527312850579611 0.93288288934854779 0.54930814265390182 0.3700993810489307 7.2221182655630392
leaf_count=5015 131 426 360 86 70 334
internal_value=-0.00157609 -0.0101402 0.00377035 -0.0162537 0.0105018 0.0120815
internal_weight=20.5829 12.8154 4.18561 8.62981 7.76745 7.39735
internal_count=6422 5887 786 5101 535 465
is_linear=0
shrinkage=0.025


Tree=113
num_leaves=6
num_cat=0
split_feature=21 19 6 7 12
split_gain=5.18872 2.51424 1.06213 1.00492 0.937061
threshold=0.95617026090621959 0.24273744970560077 3.2042828798294072 5.0792167186737069 2.8857741355896001
decision_type=2 2 2 2 2
left_child=1 3 -3 -1 -2
right_child=4 2 -4 -5 -6
leaf_value=-0.017034906377532799 -0.0023131693826779032 0.0082995649338035004 -0.0052903095842702736 0.00085968864475277856 0.013617662491009947
leaf_weight=7.7747870894672833 0.50037558752228406 3.2536292508739271 1.3954421806411117 1.0140224346832836 6.975407984587946
leaf_count=5053 96 248 519 234 310
internal_value=-0.000817163 -0.0093031 0.00294512 -0.0149539 0.0115507
internal_weight=20.9137 13.4379 4.64907 8.78881 7.47578
internal_count=6460 6054 767 5287 406
is_linear=0
shrinkage=0.025


Tree=114
num_leaves=6
num_cat=0
split_feature=22 6 26 16 26
split_gain=6.23125 2.42479 1.55881 0.188692 0.0833399
threshold=0.037032051011919982 3.2042828798294072 -0.79651692509651173 -1.5173342227935789 -1.1278459429740904
decision_type=2 2 2 2 2
left_child=4 2 -2 -3 -1
right_child=1 3 -4 -5 -6
leaf_value=0 0.015197118254826312 0.00047271303537683025 -0.0025298115702415535 -0.0068044664135168192 -0.014912623013965679
leaf_weight=0.40432212062296535 10.120506450490209 0.25857596733840216 1.5938465929502843 2.553676697832997 7.0483188957878173
leaf_count=97 480 5 578 781 4544
internal_value=-0.000618391 0.00808866 0.012376 -0.00546103 -0.0145252
internal_weight=21.9792 14.5266 11.7144 2.81225 7.45264
internal_count=6485 1844 1058 786 4641
is_linear=0
shrinkage=0.025


Tree=115
num_leaves=7
num_cat=0
split_feature=21 24 13 19 27 4
split_gain=6.04266 3.04104 0.833318 0.577145 0.204306 0.0691967
threshold=0.95617026090621959 -3.3602128028869624 2.2162357568740849 0.24273744970560077 0.30589328706264501 4.6978037357330331
decision_type=2 2 2 2 2 2
left_child=1 5 -2 -3 -4 -1
right_child=2 3 4 -5 -6 -7
leaf_value=0.0067156715280423974 -0.0017345754261092557 -0.016220813087784103 0.015099059069108245 0 0 0
leaf_weight=2.3683344644086897 0.42301079770549943 8.4999085839808703 7.4094800237362506 2.3759896092233239 0.56792254326865066 0.37819946592207987
leaf_count=112 96 5326 196 583 131 72
internal_value=0 -0.00921028 0.0128041 -0.014178 0.0144279 0.00610864
internal_weight=22.0228 13.6224 8.40041 10.8759 7.9774 2.74653
internal_count=6516 6093 423 5909 327 184
is_linear=0
shrinkage=0.025


Tree=116
num_leaves=7
num_cat=0
split_feature=21 26 13 24 5 22
split_gain=5.20685 1.93656 1.48079 0.726857 0.67309 0.588477
threshold=0.21916706115007403 -0.88278710842132557 2.2162357568740849 -4.8273584842681876 -0.19943697750568387 0.7876526713371278
decision_type=2 2 2 2 2 2
left_child=3 2 -2 -1 -5 -3
right_child=1 5 -4 4 -6 -7
leaf_value=0.0010926456574670608 -0.0033801900708186981 -0.0078130917879229503 0.014995765482470603 0.00083533863052934719 -0.015267489370878108 0.0029172913248556019
leaf_weight=0.75427519995719272 0.78010730739333567 1.9174062411766493 9.9400171205925272 0.48689279335667457 6.6744640019896915 1.2347433615941552
leaf_count=38 250 1022 692 106 4233 104
internal_value=4.74993e-05 0.00860476 0.0126112 -0.0119908 -0.0137654 -0.0036319
internal_weight=21.7879 13.8723 10.7201 7.91563 7.16136 3.15215
internal_count=6445 2068 942 4377 4339 1126
is_linear=0
shrinkage=0.025


Tree=117
num_leaves=7
num_cat=0
split_feature=18 6 17 16 26 0
split_gain=5.87763 0.966343 0.941256 0.636607 0.626773 0.177742
threshold=0.14640060812234881 4.1119244098663339 0.9083727002143861 1.2435489892959597 -0.93171429634094227 4.0467381477355966
decision_type=2 2 2 2 2 2
left_child=2 4 3 -1 -2 -4
right_child=1 -3 5 -5 -6 -7
leaf_value=-0.015616912968016695 0.014281405163122957 -0.0022063503631526769 0.0037263533789081886 0.0005562498544377175 0 -0.002238457700075404
leaf_weight=7.7151699744717934 7.3869528126670039 1.1829538209567534 1.2465760266059067 0.52552667165582523 2.4990033473004578 0.51020331060863089
leaf_count=4830 290 388 60 108 682 129
internal_value=-0.000525062 0.00985562 -0.011889 -0.0142929 0.0119751 0.000694501
internal_weight=21.0664 11.0689 9.99748 8.2407 9.88596 1.75678
internal_count=6487 1360 5127 4938 972 189
is_linear=0
shrinkage=0.025


Tree=118
num_leaves=6
num_cat=0
split_feature=21 6 26 24 15
split_gain=5.90944 2.29878 1.45266 0.680707 0.1151
threshold=0.21916706115007403 3.3203066587448125 -0.79651692509651173 -4.8273584842681876 1.2637177109718325
decision_type=2 2 2 2 2
left_child=3 2 -2 -1 -3
right_child=1 4 -4 -5 -6
leaf_value=0.00067803808015643515 0.015148786636146383 -0.006492537025747383 -0.0022728910917726602 -0.015412723843490322 0
leaf_weight=0.60285163484513837 9.8169799214083451 1.9676161135721479 1.5481197958724795 6.8217874529218552 0.38971786986803625
leaf_count=31 564 826 657 4360 50
internal_value=-0.000352785 0.00836872 0.0124244 -0.0138561 -0.00549022
internal_weight=21.1471 13.7224 11.3651 7.42464 2.35733
internal_count=6488 2097 1221 4391 876
is_linear=0
shrinkage=0.025


Tree=119
num_leaves=6
num_cat=0
split_feature=21 26 13 24 22
split_gain=5.64858 2.78578 1.40122 0.270377 0.259907
threshold=0.18919637799263003 -0.88278710842132557 2.2162357568740849 -5.9280598163604727 0.98862224817276012
decision_type=2 2 2 2 2
left_child=3 2 -2 -1 -3
right_child=1 4 -4 -5 -6
leaf_value=0 -0.0032324313252615321 -0.0083531649379305819 0.014727671122311478 -0.015261759244897722 0.0004215173730749719
leaf_weight=0.31079002376645881 0.76383637615071975 2.1773477126116627 9.9589482133451366 6.6232383359456453 0.59173662203829724
leaf_count=16 257 1168 731 4249 68
internal_value=-0.00117849 0.00745369 0.0124297 -0.0145841 -0.00660909
internal_weight=20.4259 13.4919 10.7228 6.93403 2.76908
internal_count=6489 2224 988 4265 1236
is_linear=0
shrinkage=0.025


Tree=120
num_leaves=7
num_cat=0
split_feature=21 19 13 7 5 26
split_gain=4.51523 3.02474 1.0751 0.961468 0.722144 0.16185
threshold=0.97700640559196483 0.19825292378664019 2.9653348922729497 5.0792167186737069 4.0176563262939462 -0.80606129765510548
decision_type=2 2 2 2 2 2
left_child=1 3 -3 -1 5 -2
right_child=4 2 -4 -5 -6 -7
leaf_value=-0.016888253548633169 0.013991948164153115 -0.0049121219864989183 0.0088496973612841225 0.00075890925980500964 -0.0016232538303776215 0
leaf_weight=7.1949957062897756 6.197441234238795 1.1942392094497325 3.9421965001092758 1.0226274344895498 0.40047998481895764 0.58777127525536244
leaf_count=4916 184 455 415 249 75 137
internal_value=0 -0.00797767 0.00418874 -0.014763 0.0116501 0.0133202
internal_weight=20.5398 13.3541 5.13644 8.21762 7.18569 6.78521
internal_count=6431 6035 870 5165 396 321
is_linear=0
shrinkage=0.025


Tree=121
num_leaves=7
num_cat=0
split_feature=21 19 7 5 13 23
split_gain=4.93989 2.96586 0.968698 0.814605 0.779738 0.163595
threshold=0.95617026090621959 0.28609634935855871 5.0792167186737069 4.0176563262939462 2.9653348922729497 -6.2930314540863028
decision_type=2 2 2 2 2 2
left_child=1 2 -1 5 -3 -2
right_child=3 4 -4 -5 -6 -7
leaf_value=-0.01694056414168001 0 -0.0038297705933410427 0.00077596148081650264 -0.001880954102298449 0.0082618531079279509 0.014207927467008014
leaf_weight=7.4870458383666136 0.53475010630791064 0.94153096700028882 1.0115802102809537 0.44095216944697302 3.4976536950271111 6.7485591081785961
leaf_count=5170 117 356 251 84 273 222
internal_value=0 -0.00853901 -0.0148625 0.0118259 0.00436496 0.0135924
internal_weight=20.6621 12.9378 8.49863 7.72426 4.43918 7.28331
internal_count=6473 6050 5421 423 629 339
is_linear=0
shrinkage=0.025


Tree=122
num_leaves=7
num_cat=0
split_feature=27 12 22 26 22 10
split_gain=4.31437 2.24148 1.78112 0.582966 0.405481 0.0603593
threshold=0.12957102060317996 2.6012917757034306 0.7876526713371278 -0.37220074236392969 -0.25476640462875361 2.6109836101531987
decision_type=2 2 2 2 2 2
left_child=1 -1 3 -2 -3 -4
right_child=2 4 5 -5 -6 -7
leaf_value=-0.0056993151526076704 -0.01432737229617085 -0.00014288751578014791 0 0.00062794806073446794 0.014841977134575591 0.0047089650475750696
leaf_weight=1.3702524902764723 8.2857046816643543 0.24683165346505109 0.24857741181040083 0.51129961779224586 7.6248621090926463 1.714806884046993
leaf_count=510 4983 286 44 92 432 112
internal_value=-9.97129e-05 0.0096772 -0.00929959 -0.0130926 0.0140136 0.00399565
internal_weight=20.0023 9.24195 10.7604 8.797 7.87169 1.96338
internal_count=6459 1228 5231 5075 718 156
is_linear=0
shrinkage=0.025


Tree=123
num_leaves=7
num_cat=0
split_feature=26 5 18 24 6 6
split_gain=5.59399 2.18402 1.56203 0.340287 0.140154 0.0678995
threshold=-0.96796631813049305 4.0176563262939462 0.46519304811954504 -5.9280598163604727 3.9443567991256718 2.8977894783020024
decision_type=2 2 2 2 2 2
left_child=1 -1 3 -2 -3 -4
right_child=2 4 5 -5 -6 -7
leaf_value=0.013997275777106306 0 6.2085162085509076e-05 0.0032991269278435601 -0.016772736080277247 -0.0062294816832474832 -0.0002547227325510929
leaf_weight=7.2882919724215771 0.26838737685466174 0.47586272054468315 1.5584484417486235 7.6103903314651671 1.5483820380177347 0.19573853761539783
leaf_count=526 9 48 159 4810 767 160
internal_value=-0.00205175 0.00919121 -0.0127746 -0.0160919 -0.00486929 0.00208222
internal_weight=18.9455 9.31254 9.63296 7.87878 2.02424 1.75419
internal_count=6479 1341 5138 4819 815 319
is_linear=0
shrinkage=0.025


Tree=124
num_leaves=7
num_cat=0
split_feature=22 6 26 18 22 26
split_gain=5.37895 1.96777 1.1531 0.362279 0.17989 0.0843423
threshold=0.037032051011919982 3.2042828798294072 -0.79651692509651173 0.53917524218559276 0.92263543605804454 -1.1278459429740904
decision_type=2 2 2 2 2 2
left_child=3 2 -2 5 -3 -1
right_child=1 4 -4 -5 -6 -7
leaf_value=0 0.01465426693227167 -0.0060755026313328376 -0.0012516631686744918 0 0.0004374572288362036 -0.014611626660019703
leaf_weight=0.36478239239659238 9.3303624338295759 1.9678291249292663 1.7763597485318303 0.35593459433584929 0.75586744034080755 6.0428074071533064
leaf_count=98 457 725 599 76 48 4482
internal_value=0 0.00825548 0.0121235 -0.0132925 -0.00434573 -0.0142145
internal_weight=20.5939 13.8304 11.1067 6.76352 2.7237 6.40759
internal_count=6485 1829 1056 4656 773 4580
is_linear=0
shrinkage=0.025


Tree=125
num_leaves=7
num_cat=0
split_feature=22 27 12 13 19 23
split_gain=4.8223 2.50552 0.995293 0.426758 0.337677 0.0186951
threshold=0.65188896656036388 0.13709136843681338 2.8857741355896001 2.5925354957580571 0.55604141950607311 -4.7179334163665763
decision_type=2 2 2 2 2 2
left_child=1 2 -1 -2 -3 -5
right_child=3 4 -4 5 -6 -7
leaf_value=-0.0050347174513702122 -0.00054505991952357043 -0.015455458099229463 0.008152899787346353 0 0 0.013293726572162193
leaf_weight=1.2677845470170739 0.25375258878921059 7.3603498222946655 3.488755488418974 0.61177015030989412 0.45089545096561767 6.3974020510358969
leaf_count=586 64 4805 575 112 69 206
internal_value=0 -0.00852451 0.0032185 0.0119027 -0.0146284 0.0129131
internal_weight=19.8307 12.5678 4.75654 7.26292 7.81125 7.00917
internal_count=6417 6035 1161 382 4874 318
is_linear=0
shrinkage=0.025


Tree=126
num_leaves=7
num_cat=0
split_feature=22 5 26 26 22 26
split_gain=4.43327 1.95675 1.60316 0.671924 0.103283 0.0526857
threshold=0.037032051011919982 3.9073251485824589 -0.88090905547142018 -0.37220074236392969 1.7472424507141116 -1.1278459429740904
decision_type=2 2 2 2 2 2
left_child=3 2 -2 5 -3 -1
right_child=1 4 -4 -5 -6 -7
leaf_value=0 0.014770430130096629 -0.006597666121974064 -0.0021514660882519221 0.0012738111340014349 0 -0.01420375466380152
leaf_weight=0.37654474926239423 8.8537928154109959 1.5351364230009483 2.363430800032801 0.40525339732994492 0.26086239278083656 5.723465929084341
leaf_count=97 415 560 833 71 6 4518
internal_value=0 0.00764021 0.0112556 -0.0122244 -0.00568857 -0.0138541
internal_weight=19.5185 13.0132 11.2172 6.50526 1.796 6.10001
internal_count=6500 1814 1248 4686 566 4615
is_linear=0
shrinkage=0.025


Tree=127
num_leaves=7
num_cat=0
split_feature=21 25 7 13 12 27
split_gain=4.68925 1.50439 0.742525 0.731229 0.225551 0.0895796
threshold=0.95617026090621959 -2.9746999740600581 5.0792167186737069 2.2162357568740849 2.6012917757034306 0.30183759331703192
decision_type=2 2 2 2 2 2
left_child=1 4 -3 -2 -1 -5
right_child=3 2 -4 5 -6 -7
leaf_value=-0.0014055349166799203 -0.0016702067638757053 -0.013583829214369412 0.00093551193325275251 0.013648433534133895 0.005563764615950006 0
leaf_weight=0.37414948528749059 0.42662712192395602 8.9997520342585613 0.97077542699116826 6.6070701422431739 1.8709540659619959 0.56820793147198845
leaf_count=85 96 5649 247 204 106 136
internal_value=0 -0.00857707 -0.0119124 0.011492 0.00337122 0.0131525
internal_weight=19.8175 12.2156 9.97053 7.60191 2.2451 7.17528
internal_count=6523 6087 5896 436 191 340
is_linear=0
shrinkage=0.025


Tree=128
num_leaves=7
num_cat=0
split_feature=21 26 13 26 24 24
split_gain=4.15712 1.74562 1.36563 0.551618 0.556991 0.372062
threshold=0.21916706115007403 -0.88278710842132557 2.2162357568740849 -0.37220074236392969 -5.9280598163604727 -3.6522214412689205
decision_type=2 2 2 2 2 2
left_child=3 2 -2 4 -1 -3
right_child=1 5 -4 -5 -6 -7
leaf_value=0.00056723949404539149 -0.0033499183611039509 0.0018037398746825074 0.014112833584107635 0.00088316009477221722 -0.014341590454098855 -0.0069402708352975257
leaf_weight=0.49320494214771393 0.78255599201656778 1.031838636263273 9.0872882760595513 0.47830494021764192 5.892126574908616 1.8821572088781975
leaf_count=16 255 121 677 81 4319 1007
internal_value=0 0.00766462 0.0116471 -0.0114431 -0.0128977 -0.00387088
internal_weight=19.6475 12.7838 9.86984 6.86364 6.38533 2.914
internal_count=6476 2060 932 4416 4335 1128
is_linear=0
shrinkage=0.025


Tree=129
num_leaves=7
num_cat=0
split_feature=22 6 25 5 8 0
split_gain=3.40658 1.60546 1.03598 0.563652 0.331768 0.140126
threshold=0.037032051011919982 3.1850359439849858 0.74235084652900707 -0.19943697750568387 -0.83637991547584523 3.5835180282592778
decision_type=2 2 2 2 2 2
left_child=3 2 -2 -1 -5 -3
right_child=1 5 -4 4 -6 -7
leaf_value=0.0011321090606292016 0.013370293547527102 0.00033009602510297595 -0.001084908889413299 0 -0.013283737239677202 -0.0056877429654209125
leaf_weight=0.43727900560770727 7.7167774319968867 0.24472844382398706 2.173265158868162 0.35482792068796776 5.7854161682771528 2.2641536451410502
leaf_count=85 448 21 588 37 4518 770
internal_value=-9.93675e-05 0.00669061 0.0104764 -0.0108004 -0.0123379 -0.00443946
internal_weight=18.9764 12.3989 9.89004 6.57752 6.14024 2.50888
internal_count=6467 1827 1036 4640 4555 791
is_linear=0
shrinkage=0.025


Tree=130
num_leaves=7
num_cat=0
split_feature=27 12 21 27 21 2
split_gain=3.97069 1.83106 1.08686 0.79391 0.418587 0.144348
threshold=0.12957102060317996 2.6012917757034306 0.97700640559196483 0.7136860489845277 0.18306124210357669 3.5966929197311406
decision_type=2 2 2 2 2 2
left_child=1 -1 3 -2 -3 -4
right_child=2 4 5 -5 -6 -7
leaf_value=-0.0046156714938280375 -0.013690571283953269 0 0.0040935788849122351 0.0013837753134448485 0.014529524388543611 -0.0011998734172972685
leaf_weight=1.4222189314605218 7.3752251542318827 0.62296792275446922 1.666801559244049 0.75717717778752547 7.1571376873907866 0.4693875505181494
leaf_count=488 4899 374 133 118 380 122
internal_value=0 0.00955724 -0.00880754 -0.0118186 0.0134293 0.00202888
internal_weight=19.4709 9.20232 10.2686 8.1324 7.78011 2.13619
internal_count=6514 1242 5272 5017 754 255
is_linear=0
shrinkage=0.025


Tree=131
num_leaves=6
num_cat=0
split_feature=22 17 13 26 11
split_gain=3.67179 2.76758 0.75048 0.668801 0.263255
threshold=0.82463103532791149 0.54966852068901073 4.1129186153411874 -0.37220074236392969 2.2347549200057988
decision_type=2 2 2 2 2
left_child=1 3 -3 -1 -2
right_child=4 2 -4 -5 -6
leaf_value=-0.015610882995452883 0 -0.003372409010360497 0.0082916879430711549 0.00071254297750613857 0.011874095261101522
leaf_weight=7.3697480012342576 0.34587990186992001 1.3748261478613129 3.3165621001680847 0.5043489208910622 5.0982755389995873
leaf_count=5315 54 564 248 94 191
internal_value=-0.000631861 -0.00771233 0.00425221 -0.0142092 0.0109805
internal_weight=18.0096 12.5655 4.69139 7.8741 5.44416
internal_count=6466 6221 812 5409 245
is_linear=0
shrinkage=0.025


Tree=132
num_leaves=7
num_cat=0
split_feature=21 19 13 13 26 20
split_gain=4.05857 2.70512 1.12563 0.739716 0.704733 0.103206
threshold=0.95617026090621959 0.19825292378664019 2.9653348922729497 2.2162357568740849 -0.37220074236392969 1.2742366790771487
decision_type=2 2 2 2 2 2
left_child=1 4 -3 -2 -1 -5
right_child=3 2 -4 5 -6 -7
leaf_value=-0.015670067218382374 -0.0016815246646694473 -0.0051735363641496855 0.0087689306091854689 0.013729670619335646 0.00088645388247844204 0
leaf_weight=6.6212562937143966 0.4345259859401257 1.2743769439839523 4.0383899704320356 6.5068238331004977 0.47489134126226495 0.53818671262706619
leaf_count=5077 99 476 427 219 86 114
internal_value=0.000537242 -0.00713464 0.00393166 0.0115251 -0.0141369 0.0132184
internal_weight=19.8885 12.4089 5.31277 7.47954 7.09615 7.04501
internal_count=6498 6066 903 432 5163 333
is_linear=0
shrinkage=0.025


Tree=133
num_leaves=7
num_cat=0
split_feature=26 5 25 22 22 12
split_gain=4.27223 1.90421 0.84405 0.514803 0.274866 0.039786
threshold=-0.93738695979118336 3.8843755722045903 -3.7432975769042964 0.037032051011919982 0.98862224817276012 3.7758096456527714
decision_type=2 2 2 2 2 2
left_child=1 3 5 -1 -3 -2
right_child=2 4 -4 -5 -6 -7
leaf_value=-0.00042025660065957713 -0.00010901257731052358 -0.0069330673277996904 -0.014390225820742564 0.013504977182965144 0.0010336805490380587 0.0023877149306878349
leaf_weight=0.60755016552866603 0.29088471303111951 1.767588959206478 6.7023944219108653 6.9479554627760081 0.77389062958536659 0.69172012049239129
leaf_count=476 54 1008 4596 281 37 22
internal_value=-0.00163894 0.00740535 -0.0122496 0.012166 -0.00460146 0.00113052
internal_weight=17.782 10.097 7.685 7.55551 2.54148 0.982605
internal_count=6474 1802 4672 757 1045 76
is_linear=0
shrinkage=0.025


Tree=134
num_leaves=7
num_cat=0
split_feature=18 27 13 13 21 19
split_gain=3.49697 0.94273 0.899682 0.793241 0.349012 0.177748
threshold=0.14640060812234881 0.21549603343009952 4.4536352157592782 2.2162357568740849 0.014984086621552707 0.55604141950607311
decision_type=2 2 2 2 2 2
left_child=2 3 -1 -2 -4 -3
right_child=1 5 4 -5 -6 -7
leaf_value=-0.013112040801476141 -0.0018623292413788605 -0.0043821087230418625 -0.0038172813388097043 0.013007268787472083 0.0042478288402955323 0.0015303173197210864
leaf_weight=5.0462253551668272 0.52787080191774105 1.3892695944814479 1.0977567695081236 7.1855908997385995 2.1704167157877237 0.61155578133184452
leaf_count=3640 189 602 774 485 627 54
internal_value=0 0.00832834 -0.00935413 0.0111658 0.000112703 -0.00187992
internal_weight=18.0287 9.71429 8.3144 7.71346 3.26817 2.00083
internal_count=6371 1330 5041 674 1401 656
is_linear=0
shrinkage=0.025


Tree=135
num_leaves=7
num_cat=0
split_feature=26 6 22 24 21 25
split_gain=4.09042 2.4038 0.994771 0.482162 0.0457821 0.0334626
threshold=-0.93738695979118336 4.1119244098663339 0.74892738461494457 0.44871032238006597 1.0058498978614809 -0.64534148573875416
decision_type=2 2 2 2 2 2
left_child=1 3 4 -1 -2 -4
right_child=2 -3 5 -5 -6 -7
leaf_value=0.013417489773437069 -0.014768360384426067 -0.0067696723909629816 0.0023727261058011169 -0.00060953289191415167 0 0
leaf_weight=7.9982253527705343 5.9353638450993449 1.7438180102908507 1.021303215253283 0.32770179260114662 0.49564948472834647 0.22778942977311079
leaf_count=428 4384 967 70 388 108 84
internal_value=-0.00130167 0.00749865 -0.0117401 0.0123748 -0.0143577 0.00144148
internal_weight=17.7499 10.0697 7.68011 8.32593 6.43101 1.24909
internal_count=6429 1783 4646 816 4492 154
is_linear=0
shrinkage=0.025


Tree=136
num_leaves=7
num_cat=0
split_feature=21 19 7 5 12 23
split_gain=3.09503 1.72485 0.843279 0.617769 0.540409 0.301456
threshold=0.95617026090621959 0.28609634935855871 5.0792167186737069 4.0370707511901864 2.8857741355896001 -6.2930314540863028
decision_type=2 2 2 2 2 2
left_child=1 2 -1 -3 -2 -6
right_child=4 3 -4 -5 5 -7
leaf_value=-0.015231361287112805 -0.0013466007834713216 0.0067450523832159898 0.00088886089044200572 -0.0039162437337586587 -0.00013475624833654513 0.01160051166029794
leaf_weight=6.6449801758426492 0.64314172934973513 2.6953778356546541 0.97109295503469173 1.0106056061486013 0.2733279568637953 5.0309108650690177
leaf_count=5240 98 242 251 391 104 212
internal_value=-0.00160043 -0.0084208 -0.0131429 0.00254041 0.00872848 0.0106173
internal_weight=17.2694 11.3221 7.61607 3.70598 5.94738 5.30424
internal_count=6538 6124 5491 633 414 316
is_linear=0
shrinkage=0.025


Tree=137
num_leaves=7
num_cat=0
split_feature=21 19 7 13 13 23
split_gain=3.32618 1.85199 0.92648 0.832995 0.623883 0.0974618
threshold=0.95617026090621959 0.19825292378664019 5.0792167186737069 2.9653348922729497 2.2162357568740849 -5.9085555076599112
decision_type=2 2 2 2 2 2
left_child=1 2 -1 -3 -2 -6
right_child=4 3 -4 -5 5 -7
leaf_value=-0.015277771164226997 -0.0015950730629608813 -0.0047971957309551477 0.0012997428505099249 0.0072498944417366713 0 0.012371868779683763
leaf_weight=5.9354829762596655 0.41743276303168286 1.1885494741145519 0.89215982872701705 3.4781133126380155 0.59494236466707651 5.6011298910016194
leaf_count=4884 96 470 232 427 121 210
internal_value=0 -0.00735913 -0.0129495 0.0026408 0.0101038 0.0118105
internal_weight=18.1078 11.4943 6.82764 4.66666 6.61351 6.19607
internal_count=6440 6013 5116 897 427 331
is_linear=0
shrinkage=0.025


Tree=138
num_leaves=7
num_cat=0
split_feature=22 26 5 26 13 25
split_gain=3.31508 1.48413 0.737343 0.548054 0.496949 0.222738
threshold=0.60147672891616832 -0.99345275759696949 4.0176563262939462 -0.37220074236392969 2.9653348922729497 -0.57922574877738942
decision_type=2 2 2 2 2 2
left_child=1 2 -1 -3 -2 -6
right_child=4 3 -4 -5 5 -7
leaf_value=0.0071187357789952894 -0.0011827255095781266 -0.013715917755810143 -0.0044962264205712713 0.00063292440246296051 0.012162245640318013 0
leaf_weight=2.5034388703352319 0.34300617701955971 6.9294788670522403 1.1558187129412543 0.50866522843716655 5.1581048821390141 0.53316548201837566
leaf_count=252 111 5077 610 96 179 128
internal_value=-0.00062071 -0.00796092 0.00225043 -0.0123722 0.00980244 0.0112926
internal_weight=17.1317 11.0974 3.65926 7.43814 6.03428 5.69127
internal_count=6453 6035 862 5173 418 307
is_linear=0
shrinkage=0.025


Tree=139
num_leaves=7
num_cat=0
split_feature=27 22 5 17 24 13
split_gain=3.58978 1.98672 1.753 0.169909 0.137903 0.0458677
threshold=0.1135963946580887 0.74892738461494457 4.5051579475402841 0.71985930204391491 0.2027559578418732 3.077228426933289
decision_type=2 2 2 2 2 2
left_child=2 3 4 -2 -1 -3
right_child=1 5 -4 -5 -6 -7
leaf_value=0.013410399968473095 -0.014859482585091538 0 -0.0050165057682161453 0 0 0.0047026757876573689
leaf_weight=6.1217295362585018 6.3761530624760763 0.16839741638978045 1.1751787701796272 1.3602862616389755 0.36063511548854865 2.0049938898009714
leaf_count=253 4910 34 522 332 241 155
internal_value=-0.000949728 -0.00930256 0.00877079 -0.0137435 0.0129106 0.00419519
internal_weight=17.5674 9.90983 7.65754 7.73644 6.48236 2.17339
internal_count=6447 5431 1016 5242 494 189
is_linear=0
shrinkage=0.025


Tree=140
num_leaves=7
num_cat=0
split_feature=26 6 26 18 14 9
split_gain=3.02619 2.39431 0.40276 0.461108 0.142922 0.0986541
threshold=-0.93171429634094227 3.3558827638626103 -0.37220074236392969 0.46519304811954504 -0.76541754603385914 0.63405069708824169
decision_type=2 2 2 2 2 2
left_child=1 5 3 -2 -3 -1
right_child=2 4 -4 -5 -6 -7
leaf_value=0 -0.012622048705901338 0 0.000554920977413108 2.9016431958435728e-07 -0.0071778566091865977 0.012779366368734722
leaf_weight=0.12793303461512717 6.0263876062163044 0.66154834908957161 0.5093605770089179 1.0055420800199497 1.9940303845796732 7.075704928880441
leaf_count=9 4291 121 101 265 1241 481
internal_value=-0.000735511 0.00678978 -0.00985677 -0.0110476 -0.0059499 0.0125119
internal_weight=17.4005 9.85922 7.54129 7.03193 2.65558 7.20364
internal_count=6509 1852 4657 4556 1362 490
is_linear=0
shrinkage=0.025


Tree=141
num_leaves=7
num_cat=0
split_feature=22 17 13 26 12 23
split_gain=3.2 2.49627 0.924944 0.63879 0.261759 0.238393
threshold=0.74892738461494457 0.52575585246086132 4.1129186153411874 -0.37220074236392969 2.4492747783660893 -6.2930314540863028
decision_type=2 2 2 2 2 2
left_child=1 3 -3 -1 -2 -6
right_child=4 2 -4 -5 5 -7
leaf_value=-0.015331448307056348 0 -0.0041991176512463984 0.0085884439583624652 0.00064699191406641509 0 0.011886127359050399
leaf_weight=6.4015255519407228 0.36862637838930723 1.4419337405706754 3.3173249853134621 0.52053187589626837 0.22368535643909115 5.2026455309969606
leaf_count=5159 53 622 254 95 78 172
internal_value=-0.000176131 -0.00722951 0.00390731 -0.0138382 0.010226 0.0111337
internal_weight=17.4763 11.6813 4.75926 6.92206 5.79496 5.42633
internal_count=6433 6130 876 5254 303 250
is_linear=0
shrinkage=0.025


Tree=142
num_leaves=7
num_cat=0
split_feature=18 27 13 13 19 14
split_gain=2.87789 0.916827 0.662879 0.454928 0.457881 0.127658
threshold=0.14640060812234881 0.16882523149251941 2.2162357568740849 5.4371109008789071 0.55604141950607311 0.26416118443012243
decision_type=2 2 2 2 2 2
left_child=3 2 -2 4 -1 -3
right_child=1 5 -4 -5 -6 -7
leaf_value=-0.012207088318412808 -0.0015153128061556054 0.00084372929007468052 0.012524193135529197 0.00065928365810693829 0 -0.0040214015392891584
leaf_weight=5.5554800177997121 0.46892809313430728 1.1581000984151617 6.1206293251161696 0.94123444036813442 1.3781138074991757 1.1705564356889224
leaf_count=4468 161 255 371 413 224 563
internal_value=-0.000109129 0.00755278 0.0107631 -0.00883503 -0.0103838 -0.00182414
internal_weight=16.793 8.91821 6.58956 7.87483 6.93359 2.32866
internal_count=6455 1350 532 5105 4692 818
is_linear=0
shrinkage=0.025


Tree=143
num_leaves=6
num_cat=0
split_feature=21 13 26 21 24
split_gain=3.09801 1.57681 0.860636 0.26426 0.174797
threshold=0.0066880939994007358 2.9653348922729497 -0.93171429634094227 1.3932017087936404 -4.8273584842681876
decision_type=2 2 2 2 2
left_child=4 3 -3 -2 -1
right_child=1 2 -4 -5 -6
leaf_value=0 -0.0067308267305795843 0.013498902004671014 0 0.0010205071917709285 -0.011380420684575244
leaf_weight=0.33050720504252229 1.6399569111381418 7.5544265370990615 3.8816747773744265 0.81655528716510151 4.0093574595302952
leaf_count=25 978 478 1754 54 3125
internal_value=0.00108438 0.00692491 0.0103179 -0.00435949 -0.0106411
internal_weight=18.2325 13.8926 11.4361 2.45651 4.33986
internal_count=6414 3264 2232 1032 3150
is_linear=0
shrinkage=0.025


Tree=144
num_leaves=7
num_cat=0
split_feature=21 19 12 26 12 26
split_gain=2.7951 2.11973 0.747754 0.64554 0.530305 0.192044
threshold=0.95617026090621959 0.19825292378664019 2.4492747783660893 -0.37220074236392969 2.8857741355896001 -0.80606129765510548
decision_type=2 2 2 2 2 2
left_child=1 3 -3 -1 -2 -6
right_child=4 2 -4 -5 5 -7
leaf_value=-0.01480531852946187 -0.0011739223881279089 -0.0042182409882604638 0.0073394565100730023 0.00084043601424627556 0.011835038340369548 0
leaf_weight=5.8857273239045762 0.6145459535473482 0.98010594076185942 3.7369083418743685 0.48669108183821741 5.132678079258767 0.56219373599742528
leaf_count=5080 93 357 550 88 189 145
internal_value=-5.35931e-06 -0.00692422 0.00335994 -0.0132167 0.00928755 0.0110219
internal_weight=17.3989 11.0894 4.71701 6.37242 6.30942 5.69487
internal_count=6502 6075 907 5168 427 334
is_linear=0
shrinkage=0.025


Tree=145
num_leaves=6
num_cat=0
split_feature=21 26 13 24 15
split_gain=3.21831 1.50513 0.880007 0.674522 0.122431
threshold=0.014984086621552707 -0.96796631813049305 2.2162357568740849 -3.6522214412689205 3.0025597810745244
decision_type=2 2 2 2 2
left_child=4 2 -2 -3 -1
right_child=1 3 -4 -5 -6
leaf_value=-0.011996087530814657 -0.001992951496730678 0.0041729859268079374 0.013725423223636238 -0.0061561444606621635 0
leaf_weight=4.2076376175464274 0.54865084135235509 1.9311303383292395 6.6641466026485432 3.8531784200822567 0.11911981656885462
leaf_count=3273 229 171 448 2348 14
internal_value=0.000136582 0.00651267 0.0116916 -0.00179223 -0.01157
internal_weight=17.3239 12.9971 7.2128 5.78431 4.32676
internal_count=6483 3196 677 2519 3287
is_linear=0
shrinkage=0.025


Tree=146
num_leaves=7
num_cat=0
split_feature=21 13 27 19 5 5
split_gain=2.771 1.53047 0.879342 0.682449 0.570946 0.0892429
threshold=0.31185957789421087 3.1883249282836919 0.31405539810657507 0.65201070904731762 -0.19943697750568387 4.7658002376556405
decision_type=2 2 2 2 2 2
left_child=3 -2 -3 4 -1 -5
right_child=1 2 -4 5 -6 -7
leaf_value=0.0010644929647831078 -0.0044062225063434277 0.013298615678496512 -0.0012778464292275255 0.003267563928744307 -0.012768941326075213 -0.00086342731507102965
leaf_weight=0.45112740928016215 1.8193304896558391 7.7591468896571296 1.3000997873168669 0.97840374306542777 4.887969972725843 0.31464082069578581
leaf_count=116 680 521 516 56 4468 104
internal_value=0.000602856 0.00749947 0.0110517 -0.00853327 -0.0110461 0.00138184
internal_weight=17.5107 10.8786 9.05925 6.63214 5.3391 1.29304
internal_count=6461 1717 1037 4744 4584 160
is_linear=0
shrinkage=0.025


Tree=147
num_leaves=7
num_cat=0
split_feature=27 5 27 18 22 22
split_gain=2.65518 1.79521 0.610102 0.530304 0.354891 0.112717
threshold=0.16671615839004519 4.0176563262939462 0.7136860489845277 0.55751365423202526 -0.25476640462875361 0.98862224817276012
decision_type=2 2 2 2 2 2
left_child=1 4 3 -2 -1 -3
right_child=2 5 -4 -5 -6 -7
leaf_value=-0.00025118248871837764 -0.012309641583951826 -0.0060915883915077726 0.0016890006743310226 0.0005156062251287886 0.012617750026590588 0
leaf_weight=0.25036277552135278 5.6467956899723495 1.5471533572635965 0.6694044319592648 0.9054831367539008 7.0107642841685465 0.48035000049276266
leaf_count=313 4379 946 113 174 502 27
internal_value=0 0.00720242 -0.00866801 -0.0105402 0.0117428 -0.00495443
internal_weight=16.5103 9.28863 7.22168 6.55228 7.26113 2.0275
internal_count=6454 1788 4666 4553 815 973
is_linear=0
shrinkage=0.025


Tree=148
num_leaves=7
num_cat=0
split_feature=27 5 22 27 22 10
split_gain=2.4558 1.57838 1.34408 0.495431 0.301144 0.0532117
threshold=0.12957102060317996 4.5051579475402841 0.7876526713371278 0.7136860489845277 -0.25476640462875361 2.6109836101531987
decision_type=2 2 2 2 2 2
left_child=1 4 3 -2 -1 -4
right_child=2 -3 5 -5 -6 -7
leaf_value=0 -0.01238709039079872 -0.0048438110633794024 0 0.00071298453475916626 0.01282848089175209 0.0044225355495353625
leaf_weight=0.21377954762283469 6.4577408163386263 1.1732456280587937 0.2863663364551029 0.50389779774559418 6.2774583966675008 1.6919730512890963
leaf_count=266 4901 573 48 108 382 120
internal_value=0 0.00807632 -0.00713073 -0.0110147 0.012047 0.00374037
internal_weight=16.6045 7.66448 8.93998 6.96164 6.49124 1.97834
internal_count=6398 1221 5177 5009 648 168
is_linear=0
shrinkage=0.025


Tree=149
num_leaves=7
num_cat=0
split_feature=21 22 17 5 20 11
split_gain=2.64461 1.19527 0.875682 0.504813 0.228576 0.0217251
threshold=0.95617026090621959 0.82463103532791149 0.66133576631546032 4.0176563262939462 1.2742366790771487 2.4511692523956303
decision_type=2 2 2 2 2 2
left_child=1 2 -1 4 -2 -3
right_child=3 5 -4 -5 -6 -7
leaf_value=-0.01268624466462865 0.011734054324275218 0 0.0010660005800715183 -0.0011063532435753912 0 0.0040862684181347036
leaf_weight=6.9905839665225376 4.9345674987125667 0.37449013939476472 1.825221574923489 0.594967511598952 0.3999487906548892 1.4054286410682832
leaf_count=5523 198 52 421 87 122 48
internal_value=-3.95973e-05 -0.0068723 -0.0100312 0.00915653 0.0108874 0.00371114
internal_weight=16.5252 10.5957 8.81581 5.92948 5.33452 1.77992
internal_count=6451 6044 5944 407 320 100
is_linear=0
shrinkage=0.025


Tree=150
num_leaves=7
num_cat=0
split_feature=21 19 7 5 13 23
split_gain=3.16566 1.37042 0.831409 0.591417 0.523932 0.151355
threshold=0.95617026090621959 0.24273744970560077 5.0792167186737069 4.0176563262939462 2.9653348922729497 -6.2930314540863028
decision_type=2 2 2 2 2 2
left_child=1 2 -1 5 -3 -2
right_child=3 4 -4 -5 -6 -7
leaf_value=-0.01438880319135372 0 -0.0037454925364941542 0.0012142260218718239 -0.0012751143419417656 0.0060257460364174171 0.012273519087993436
leaf_weight=5.5130849563283864 0.46064012573333446 0.95215974771417711 0.89704161256668147 0.62367498368257646 2.7781925378512824 5.5284948132029959
leaf_count=5014 110 407 252 87 349 229
internal_value=0 -0.00748224 -0.0120823 0.0098684 0.00209907 0.0116497
internal_weight=16.7533 10.1405 6.41013 6.61281 3.73035 5.98913
internal_count=6448 6022 5266 426 756 339
is_linear=0
shrinkage=0.025


Tree=151
num_leaves=7
num_cat=0
split_feature=22 17 7 24 4 23
split_gain=2.30336 2.51243 0.946569 0.674148 0.239289 0.249351
threshold=0.71705839037895214 0.52575585246086132 5.0792167186737069 0.44871032238006597 5.1142075061798105 -6.2930314540863028
decision_type=2 2 2 2 2 2
left_child=1 2 -1 -3 5 -2
right_child=4 3 -4 -5 -6 -7
leaf_value=-0.014743346800014229 0 0.008310353247458371 0.0016357110578303297 -0.0031488636659050572 0 0.011557013547146423
leaf_weight=5.6686768272775243 0.22926196090702422 4.0712988738232525 0.82179960900975846 0.79311354405945156 0.42587646248284716 4.8592784853535695
leaf_count=5029 90 283 239 585 55 177
internal_value=0.000571575 -0.00515902 -0.0123162 0.00515935 0.00980798 0.0107276
internal_weight=16.8693 11.3549 6.49048 4.86441 5.51442 5.08854
internal_count=6458 6136 5268 868 322 267
is_linear=0
shrinkage=0.025


Tree=152
num_leaves=7
num_cat=0
split_feature=21 19 26 12 13 3
split_gain=2.80681 1.61441 0.634343 0.624461 0.533409 0.110876
threshold=0.95617026090621959 0.24273744970560077 -0.37220074236392969 2.8857741355896001 2.9653348922729497 1.179542660713196
decision_type=2 2 2 2 2 2
left_child=1 2 -1 -2 -3 -5
right_child=3 4 -4 5 -6 -7
leaf_value=-0.014337828990642065 -0.001816323557453475 -0.0036120836202528529 0.00092392549069190023 0 0.0062352788067228668 0.011471102751445729
leaf_weight=5.5195587286798409 0.45402272307546709 0.91638997515838161 0.47351546773279629 0.24846497288672242 3.0532682982011465 5.4678347687295172
leaf_count=5135 93 405 94 52 347 279
internal_value=-0.000103354 -0.00739682 -0.0126917 0.00915304 0.00251892 0.0110485
internal_weight=16.1331 9.96273 5.99307 6.17032 3.96966 5.7163
internal_count=6405 5981 5229 424 752 331
is_linear=0
shrinkage=0.025


Tree=153
num_leaves=7
num_cat=0
split_feature=18 13 13 25 17 16
split_gain=2.51118 0.831812 0.689387 0.622271 0.200657 0.122445
threshold=0.15620367974042895 4.4536352157592782 2.2162357568740849 1.583248555660248 0.012980796862393619 1.4135047793388369
decision_type=2 2 2 2 2 2
left_child=1 5 -2 -4 -3 -1
right_child=2 4 3 -5 -6 -7
leaf_value=-0.012306257932751526 -0.0025719654762814191 -0.0024700717784657995 0.011133102017233901 -0.0012855700556600636 0.0036163141898327028 0
leaf_weight=4.2978675563354072 0.67097483779070799 0.76859962219896294 7.3156409415241779 0.9233468025777255 2.1888951718719909 0.23860423506994255
leaf_count=3607 264 612 827 262 810 76
internal_value=0 -0.00807905 0.00736241 0.00930935 0.000690977 -0.0118165
internal_weight=16.4039 7.49397 8.90996 8.23899 2.95749 4.53647
internal_count=6458 5105 1353 1089 1422 3683
is_linear=0
shrinkage=0.025


Tree=154
num_leaves=7
num_cat=0
split_feature=22 13 2 5 16 4
split_gain=2.45278 1.19345 0.642644 0.557936 0.203403 0.04978
threshold=0.037032051011919982 2.9653348922729497 1.5961002111434939 -0.19943697750568387 -1.5173342227935789 -0.29341126978397364
decision_type=2 2 2 2 2 2
left_child=3 4 -3 5 -2 -1
right_child=1 2 -4 -5 -6 -7
leaf_value=-0.00016094687545802988 0.00087380203868622211 -0.0014876624480523772 0.010837213298286408 -0.011610068874878136 -0.006150644650974646 0.0028372086830294957
leaf_weight=0.2515588993410347 0.37338794494280581 0.89685594163893156 8.5633258016605378 4.5873872318479716 1.4382763523826714 0.14020792939118187
leaf_count=75 7 336 895 4529 581 4
internal_value=0 0.00596502 0.00912617 -0.00977754 -0.00420665 0.0013889
internal_weight=16.251 11.2718 9.46018 4.97915 1.81166 0.391767
internal_count=6427 1819 1231 4608 588 79
is_linear=0
shrinkage=0.025


Tree=155
num_leaves=7
num_cat=0
split_feature=27 5 18 26 22 24
split_gain=2.86259 1.6749 0.466377 0.497602 0.32781 0.158691
threshold=0.16671615839004519 4.0176563262939462 0.53917524218559276 -0.37220074236392969 -0.25476640462875361 -5.5527069568634024
decision_type=2 2 2 2 2 2
left_child=1 4 3 -2 -1 -3
right_child=2 5 -4 -5 -6 -7
leaf_value=-0.00010732963459109254 -0.012230414326666564 0.00035246858290004235 0.00062842766831207179 0.00081121449221429167 0.012862306805008314 -0.0059167233879380129
leaf_weight=0.22566400060895819 5.1866087310190769 0.58611725672381032 0.97541550190362603 0.47775826956785916 6.9965328046018822 1.4947948038679895
leaf_count=308 4323 27 182 102 497 940
internal_value=4.27616e-05 0.00776287 -0.00892523 -0.0106798 0.0120676 -0.00426625
internal_weight=15.9429 9.30311 6.63978 5.66437 7.2222 2.08091
internal_count=6379 1772 4607 4425 805 967
is_linear=0
shrinkage=0.025


Tree=156
num_leaves=6
num_cat=0
split_feature=21 6 25 21 24
split_gain=2.41927 1.64904 0.520208 0.227392 0.1212
threshold=0.0066880939994007358 3.2042828798294072 0.74235084652900707 1.8219149708747866 -4.8273584842681876
decision_type=2 2 2 2 2
left_child=4 2 -2 -3 -1
right_child=1 3 -4 -5 -6
leaf_value=0 0.012384896138120707 -0.0066135631714175748 0 0.00078805375099423331 -0.01051585370460986
leaf_weight=0.32633926661219481 6.9201182951728679 2.1400500183954132 2.9016338146320777 0.56769447197439138 3.5757470844764638
leaf_count=25 546 1334 1376 23 3144
internal_value=0.000562188 0.0060717 0.0100708 -0.00474633 -0.00990051
internal_weight=16.4316 12.5295 9.82175 2.70774 3.90209
internal_count=6448 3279 1922 1357 3169
is_linear=0
shrinkage=0.025


Tree=157
num_leaves=7
num_cat=0
split_feature=27 13 22 13 22 0
split_gain=2.36838 1.4041 1.38102 0.552964 0.222629 0.0766699
threshold=0.12957102060317996 2.2162357568740849 0.74892738461494457 5.4371109008789071 -0.25476640462875361 5.3957750797271737
decision_type=2 2 2 2 2 2
left_child=1 -1 3 -2 -3 -4
right_child=2 4 5 -5 -6 -7
leaf_value=-0.0043915637893428335 -0.013244189551941768 0 0.0046477335001470837 0 0.012310319784987903 0
leaf_weight=1.1160209793815763 5.1053992855304369 0.17000397213269014 1.8034056920732839 1.3584495979666824 6.3241530246596085 0.3545595533796585
leaf_count=559 4510 231 109 554 460 76
internal_value=1.17298e-05 0.00805091 -0.0069759 -0.0111569 0.0117131 0.00371981
internal_weight=16.232 7.61018 8.62181 6.46385 6.49416 2.15797
internal_count=6499 1250 5249 5064 691 185
is_linear=0
shrinkage=0.025


Tree=158
num_leaves=7
num_cat=0
split_feature=22 13 27 21 11 23
split_gain=2.15469 1.28335 0.459287 0.327814 0.310494 0.225667
threshold=0.60147672891616832 4.2884340286254892 0.22547122836112979 1.3076707720756533 2.2347549200057988 -4.8660480976104727
decision_type=2 2 2 2 2 2
left_child=1 3 -3 -1 -2 -6
right_child=4 2 -4 -5 5 -7
leaf_value=-0.012428576900636734 -0.00027798412699885718 0.0060087748543586226 -0.0026773945959035939 0 0 0.010943177485799578
leaf_weight=4.6594178618688584 0.53326208557700816 2.5685309258769848 2.3329463652262348 0.61822960560675699 0.44005957372428373 4.6654363298148382
leaf_count=4050 96 321 1569 61 128 205
internal_value=0 -0.00587483 0.00197894 -0.0111912 0.00879427 0.010029
internal_weight=15.8179 10.1791 4.90148 5.27765 5.63876 5.1055
internal_count=6430 6001 1890 4111 429 333
is_linear=0
shrinkage=0.025


Tree=159
num_leaves=7
num_cat=0
split_feature=22 17 26 12 6 23
split_gain=2.45872 1.92317 0.646513 0.530501 0.348274 0.219483
threshold=0.62454932928085338 0.5688474476337434 -0.37220074236392969 2.8857741355896001 3.3717991113662724 -6.2930314540863028
decision_type=2 2 2 2 2 2
left_child=1 2 -1 -3 5 -2
right_child=4 3 -4 -5 -6 -7
leaf_value=-0.014150267939985101 0 -0.0030974913682796593 0.0010488414223150295 0.0069830516015891818 -0.00041632739650224513 0.011233279985424753
leaf_weight=5.5294489029911338 0.22111985900846765 0.73565650607633903 0.44965242889884294 3.2341783152514836 0.50424858037149523 4.9641950181903676
leaf_count=5189 95 247 84 495 118 186
internal_value=0 -0.0065085 -0.0124809 0.00373291 0.00919333 0.0104871
internal_weight=15.6385 9.94894 5.9791 3.96983 5.68956 5.18531
internal_count=6414 6015 5273 742 399 281
is_linear=0
shrinkage=0.025


Tree=160
num_leaves=7
num_cat=0
split_feature=22 13 25 21 26 19
split_gain=2.56626 1.06218 0.686478 0.124276 0.0129901 0.0401607
threshold=0.037032051011919982 2.9653348922729497 0.74235084652900707 1.3932017087936404 -1.1278459429740904 0.3457478135824204
decision_type=2 2 2 2 2 2
left_child=4 3 -3 -2 -1 -6
right_child=1 2 -4 -5 5 -7
leaf_value=0 -0.0055897009558434603 0.010823988413290403 -0.00088314213103449788 0.00010831085445846276 -0.011725610561617944 0
leaf_weight=0.32193273015582136 1.3422329307140888 6.7166514939672179 2.0568798299209448 0.44811768739600655 4.1651200966080086 0.37465839692595171
leaf_count=98 571 608 613 28 4411 151
internal_value=-0.00118817 0.00510654 0.00830133 -0.00421349 -0.0111539 -0.011378
internal_weight=15.4256 10.5639 8.77353 1.79035 4.86171 4.53978
internal_count=6480 1820 1221 599 4660 4562
is_linear=0
shrinkage=0.025


Tree=161
num_leaves=7
num_cat=0
split_feature=21 19 7 13 13 20
split_gain=2.3454 1.15299 0.849992 0.579384 0.549991 0.162684
threshold=0.95617026090621959 0.19825292378664019 5.0792167186737069 3.0569137334823613 2.2162357568740849 1.3620984554290774
decision_type=2 2 2 2 2 2
left_child=1 2 -1 -3 -2 -6
right_child=4 3 -4 -5 5 -7
leaf_value=-0.013469441764262048 -0.001579958091034255 -0.0040898519390979767 0.001712795626853983 0.0061199756876492723 0.011362111721164084 0
leaf_weight=4.9124285893485631 0.43154325391515236 1.0125143539116837 0.80594733249745321 2.9028111393345171 5.067947115865536 0.51696974995138578
leaf_count=4927 93 491 243 393 221 118
internal_value=0 -0.00639249 -0.0109457 0.00196568 0.00887585 0.0106389
internal_weight=15.6502 9.6337 5.71838 3.91533 6.01646 5.58492
internal_count=6486 6054 5170 884 432 339
is_linear=0
shrinkage=0.025


Tree=162
num_leaves=7
num_cat=0
split_feature=22 17 12 26 12 5
split_gain=1.88552 2.17605 0.675464 0.639943 0.202142 0.0798156
threshold=0.7876526713371278 0.52575585246086132 3.0030308961868291 -0.37220074236392969 2.4492747783660893 0.53856101632118236
decision_type=2 2 2 2 2 2
left_child=1 3 -3 -1 -2 -6
right_child=4 2 -4 -5 5 -7
leaf_value=-0.014040047125524761 0 -0.0035511848551677428 0.0076743201544412628 0.0010461983152359776 0 0.0097201308519943956
leaf_weight=5.52152171540365 0.34979950552224259 0.83353843841177866 3.8975651514920173 0.45060929213650425 0.24084873528045125 4.0945519726883504
leaf_count=5251 47 302 600 91 70 167
internal_value=-3.03385e-05 -0.0056169 0.00424585 -0.0123741 0.00839785 0.00931127
internal_weight=15.3884 10.7032 4.7311 5.97213 4.6852 4.3354
internal_count=6528 6244 902 5342 284 237
is_linear=0
shrinkage=0.025


Tree=163
num_leaves=7
num_cat=0
split_feature=21 24 7 12 3 16
split_gain=2.22279 1.26384 0.774304 0.509493 0.132887 0.0401931
threshold=0.95617026090621959 -3.5315110683441158 5.0792167186737069 3.0030308961868291 1.179542660713196 -0.13590112328529355
decision_type=2 2 2 2 2 2
left_child=1 5 -3 -2 -5 -1
right_child=3 2 -4 4 -6 -7
leaf_value=0 -0.0014116850749962672 -0.012775740270780465 0.0015271612994313664 0 0.010459234344145562 0.0041513697240798675
leaf_weight=0.36040147047606308 0.64319846028229299 6.5022874011847298 0.83990863760118362 0.16987981673446473 4.8459614045277704 1.6248694645619239
leaf_count=63 104 5600 239 53 272 98
internal_value=-0.00043911 -0.00702084 -0.0106773 0.00802742 0.00996232 0.0035705
internal_weight=14.9865 9.32747 7.3422 5.65904 5.01584 1.98527
internal_count=6429 6000 5839 429 325 161
is_linear=0
shrinkage=0.025


Tree=164
num_leaves=7
num_cat=0
split_feature=18 26 11 11 19 22
split_gain=2.22737 0.52118 0.465103 0.426123 0.398281 0.108476
threshold=0.14640060812234881 -0.89369946718215931 5.8757109642028817 2.1998300552368169 0.55604141950607311 0.7876526713371278
decision_type=2 2 2 2 2 2
left_child=2 3 4 -2 -1 -3
right_child=1 5 -4 -5 -6 -7
leaf_value=-0.011340762482646127 -0.00067838578689927609 -0.0032194953702317439 0.0011512216553669801 0.010821554321666441 0 0.0012866769675245911
leaf_weight=4.7627108989327107 0.60197745108598599 1.0045219248786432 0.79094614479254222 5.7053039151069243 1.3052297919639384 0.93647854376467865
leaf_count=4571 169 568 297 516 233 118
internal_value=0 0.00710315 -0.00781175 0.0093566 -0.00953704 -0.00078421
internal_weight=15.1072 8.24828 6.85889 6.30728 6.06794 1.941
internal_count=6472 1371 5101 685 4804 686
is_linear=0
shrinkage=0.025


Tree=165
num_leaves=6
num_cat=0
split_feature=21 13 27 24 0
split_gain=1.84671 1.37107 0.467859 0.116354 0.109665
threshold=0.0066880939994007358 2.9653348922729497 0.22547122836112979 -4.8273584842681876 3.5835180282592778
decision_type=2 2 2 2 2
left_child=3 4 -3 -1 -2
right_child=1 2 -4 -5 -6
leaf_value=0 0 0.011077397878862839 0 -0.0097497342660643506 -0.0060733054566096895
leaf_weight=0.29284089340944808 0.2629881936518349 6.5233649310248421 2.8136959574330831 3.2352843481130558 1.7238052866159703
leaf_count=24 111 672 1525 3168 916
internal_value=5.43654e-05 0.0052162 0.00884484 -0.00912502 -0.0050682
internal_weight=14.852 11.3239 9.33706 3.52813 1.98679
internal_count=6416 3224 2197 3192 1027
is_linear=0
shrinkage=0.025


Tree=166
num_leaves=6
num_cat=0
split_feature=21 27 13 25 24
split_gain=2.37604 1.10114 0.657995 0.430835 0.302564
threshold=0.18306124210357669 0.12957102060317996 2.2162357568740849 0.74235084652900707 -4.8273584842681876
decision_type=2 2 2 2 2
left_child=4 2 -2 -3 -1
right_child=1 3 -4 -5 -6
leaf_value=0 -0.0016422930355736766 0.0019684819667787033 0.012061922259155816 -0.0066377137994011425 -0.011557671987298667
leaf_weight=0.52699944240157393 0.47738391576421957 3.1909963617436006 5.345655458229885 1.2901819942853761 4.1222201172640798
leaf_count=37 181 708 323 1009 4152
internal_value=-0.000476187 0.00548309 0.0101213 -0.0020439 -0.0103289
internal_weight=14.9534 10.3042 5.82304 4.48118 4.64922
internal_count=6410 2221 504 1717 4189
is_linear=0
shrinkage=0.025


Tree=167
num_leaves=7
num_cat=0
split_feature=22 13 25 13 16 25
split_gain=1.98705 1.43099 0.374737 0.308538 0.227398 0.0351601
threshold=0.71705839037895214 4.4212369918823251 2.7013382911682133 2.9653348922729497 -1.5173342227935789 -0.85259082913398732
decision_type=2 2 2 2 2 2
left_child=1 4 -3 -2 -1 -5
right_child=3 2 -4 5 -6 -7
leaf_value=0 -0.00062424890906057496 0.0056535769222479798 -0.0023958051503929064 0.0099342046951007897 -0.012272086630384512 0
leaf_weight=0.29282740119378914 0.24960542586632151 2.9988709685421782 1.4526415985674246 4.159607096320542 5.1515257820792604 0.47507542309904227
leaf_count=19 66 760 928 153 4416 99
internal_value=-8.4926e-05 -0.0060812 0.00248775 0.00836226 -0.0115228 0.00956773
internal_weight=14.7802 9.89587 4.45151 4.88429 5.44435 4.63468
internal_count=6441 6123 1688 318 4435 252
is_linear=0
shrinkage=0.025


Tree=168
num_leaves=7
num_cat=0
split_feature=22 17 0 5 11 23
split_gain=2.3395 1.78848 0.572712 0.464821 0.2569 0.132941
threshold=0.74892738461494457 0.66964003443717968 0.37378866970539099 4.0176563262939462 2.1998300552368169 -4.0261743068695059
decision_type=2 2 2 2 2 2
left_child=1 2 -1 -3 -2 -6
right_child=4 3 -4 -5 5 -7
leaf_value=0.00082169259651912192 0 0.0069006557624714101 -0.013492977970516096 -0.002693866710345048 0 0.011038303887587361
leaf_weight=0.5010991164672286 0.46108235127758312 2.9240305880230157 5.617186172545189 0.66893759011873033 0.48005690088757536 4.1669314952378045
leaf_count=133 65 344 5420 223 105 134
internal_value=0 -0.00632697 -0.0119162 0.00385893 0.00929489 0.0103522
internal_weight=14.8193 9.71125 6.11829 3.59297 5.10807 4.64699
internal_count=6424 6120 5553 567 304 239
is_linear=0
shrinkage=0.025


Tree=169
num_leaves=7
num_cat=0
split_feature=26 5 22 24 24 19
split_gain=2.36891 1.26986 0.450552 0.393885 0.130825 0.10882
threshold=-0.93171429634094227 4.0370707511901864 0.74892738461494457 0.18714576214551928 -5.5527069568634024 0.55604141950607311
decision_type=2 2 2 2 2 2
left_child=1 3 5 -1 -3 -2
right_child=2 4 -4 -5 -6 -7
leaf_value=0.011679434785989172 -0.011150386505583211 0.00025358480524490288 0.00053569906110242829 -0.00056299577471445475 -0.0053508016305661753 0
leaf_weight=6.1418659768969501 5.0404129250309788 0.54816786712035526 1.0020998393010812 0.31667837400163978 1.3630935962573856 0.35668938430899277
leaf_count=422 4428 23 139 487 951 67
internal_value=-0.000344821 0.00660045 -0.00888777 0.01055 -0.00381851 -0.0106548
internal_weight=14.769 8.36981 6.3992 6.45854 1.91126 5.3971
internal_count=6517 1883 4634 909 974 4495
is_linear=0
shrinkage=0.025


Tree=170
num_leaves=7
num_cat=0
split_feature=26 22 13 17 19 0
split_gain=2.32288 1.30534 1.09861 0.168578 0.157829 0.0673537
threshold=-0.99777647852897633 0.74892738461494457 2.2162357568740849 -0.26199126243591303 0.55604141950607311 5.3957750797271737
decision_type=2 2 2 2 2 2
left_child=2 4 -1 -4 -2 -3
right_child=1 5 3 -5 -6 -7
leaf_value=-0.0037155170929279308 -0.012271631620382979 0.0042470713433664159 0 0.011542888926464412 0 0
leaf_weight=0.96030526272079519 5.8663844208203937 1.6081727956989196 0.29445785809366487 5.2611224278589361 0.49546465693856578 0.27862109873240104
leaf_count=483 5193 103 111 399 101 74
internal_value=-0.000486981 -0.00776593 0.00755592 0.0109334 -0.0116337 0.00334593
internal_weight=14.7645 8.24864 6.51589 5.55558 6.36185 1.88679
internal_count=6464 5471 993 510 5294 177
is_linear=0
shrinkage=0.025


Tree=171
num_leaves=7
num_cat=0
split_feature=21 6 26 20 16 20
split_gain=1.98913 1.5001 0.519019 0.113579 0.0896509 0.0697893
threshold=0.0066880939994007358 3.3558827638626103 -0.88278710842132557 0.6140868365764619 1.4135047793388369 2.8660912513732915
decision_type=2 2 2 2 2 2
left_child=4 2 -2 -3 5 -1
right_child=1 3 -4 -5 -6 -7
leaf_value=-0.0097874400693404844 0.01211944236344448 -0.005862384519857761 0 0 0 0
leaf_weight=3.083360859127426 6.4594630171704903 1.7657353447575581 2.7974669334726059 0.60325950185506361 0.20311211126681872 0.11624521233170515
leaf_count=3085 494 1116 1533 140 65 22
internal_value=0.000843209 0.00592042 0.00976254 -0.00468197 -0.00896069 -0.00944015
internal_weight=15.0286 11.6259 9.25693 2.36899 3.40272 3.19961
internal_count=6455 3283 2027 1256 3172 3107
is_linear=0
shrinkage=0.025


Tree=172
num_leaves=7
num_cat=0
split_feature=22 6 26 5 21 4
split_gain=1.84464 1.20032 0.627052 0.520636 0.112479 0.0467367
threshold=0.037032051011919982 3.1850359439849858 -0.79651692509651173 -0.19943697750568387 1.2010505795478823 -0.29341126978397364
decision_type=2 2 2 2 2 2
left_child=3 2 -2 5 -3 -1
right_child=1 4 -4 -5 -6 -7
leaf_value=-1.6467317429006857e-05 0.011165066034730874 -0.005540034023150061 -0.00086400381225438779 -0.010518687193242372 0 0.0028757934782862476
leaf_weight=0.22656616914900951 6.900994168710894 1.4762195564035199 1.4612177806775424 3.950337353031502 0.40316966704267532 0.13480070704099389
leaf_count=77 468 737 590 4527 31 4
internal_value=0 0.00558107 0.0090586 -0.00853391 -0.00432139 0.00157246
internal_weight=14.5533 10.2416 8.36221 4.3117 1.87939 0.361367
internal_count=6434 1826 1058 4608 768 81
is_linear=0
shrinkage=0.025


Tree=173
num_leaves=7
num_cat=0
split_feature=27 22 5 18 24 0
split_gain=2.56072 1.38718 1.17643 0.102622 0.0765804 0.0688017
threshold=0.12957102060317996 0.7876526713371278 4.0176563262939462 0.53917524218559276 -5.5527069568634024 5.1660320758819589
decision_type=2 2 2 2 2 2
left_child=2 3 -1 -2 -4 -3
right_child=1 5 4 -5 -6 -7
leaf_value=0.011543738559781781 -0.013067101489794215 0.0041921909369234756 0 0 -0.0043592129149629009 0
leaf_weight=5.4245764706793125 5.1839544974864111 1.5430028659466186 0.41483316151425231 0.4285561064898501 1.1197665931904337 0.33298428871057684
leaf_count=448 4906 84 20 167 759 83
internal_value=-0.000289298 -0.00839321 0.00777164 -0.0125623 -0.00323603 0.00323567
internal_weight=14.4477 7.4885 6.95918 5.61251 1.5346 1.87599
internal_count=6467 5240 1227 5073 779 167
is_linear=0
shrinkage=0.025


Tree=174
num_leaves=7
num_cat=0
split_feature=27 5 22 26 22 7
split_gain=1.76519 1.37669 0.844313 0.445875 0.185588 0.0535585
threshold=0.13709136843681338 4.0176563262939462 0.74892738461494457 -0.37220074236392969 -0.25476640462875361 0.63013276457786571
decision_type=2 2 2 2 2 2
left_child=1 4 3 -2 -1 -4
right_child=2 -3 5 -5 -6 -7
leaf_value=0 -0.011179052221542517 -0.0043231079699726895 0 0.00080680249732262451 0.011834408332637767 0.0034247236618458864
leaf_weight=0.14292823847790703 5.2538865432579769 1.4595861850684739 0.33615163732611097 0.48445337882731099 5.2681819731515134 1.4527045098147935
leaf_count=197 4832 835 81 104 316 98
internal_value=0 0.00700438 -0.00644807 -0.00968063 0.011269 0.00249344
internal_weight=14.3979 6.8707 7.5272 5.73834 5.41111 1.78886
internal_count=6463 1348 5115 4936 513 179
is_linear=0
shrinkage=0.025


Tree=175
num_leaves=7
num_cat=0
split_feature=22 17 13 27 11 23
split_gain=1.74717 1.61922 0.606442 0.595853 0.328126 0.136535
threshold=0.74892738461494457 0.52575585246086132 4.2884340286254892 0.7136860489845277 2.1998300552368169 -4.8660480976104727
decision_type=2 2 2 2 2 2
left_child=1 3 -3 -1 -2 -6
right_child=4 2 -4 -5 5 -7
leaf_value=-0.013454402054186335 -0.00077820256624704803 -0.0031638714767299398 0.0072953002622805456 0.00099033002842523806 0 0.0099439469241542986
leaf_weight=4.9648333592340332 0.34212212663260366 1.4591926120483547 2.6699606607289752 0.46402818254864531 0.39979832746030286 3.7272945624499698
leaf_count=5198 73 669 230 102 94 140
internal_value=-0.000357445 -0.00596861 0.00320606 -0.0117376 0.00779789 0.00923045
internal_weight=14.0272 9.55801 4.12915 5.42886 4.46922 4.12709
internal_count=6506 6199 899 5300 307 234
is_linear=0
shrinkage=0.025


Tree=176
num_leaves=7
num_cat=0
split_feature=21 19 27 12 3 23
split_gain=1.70716 1.3254 0.522312 0.41099 0.2862 0.114069
threshold=1.0058498978614809 0.28609634935855871 0.7136860489845277 2.4492747783660893 6.1109411716461191 -5.9085555076599112
decision_type=2 2 2 2 2 2
left_child=1 2 -1 -3 5 -2
right_child=4 3 -4 -5 -6 -7
leaf_value=-0.012416941397224546 0 -0.0027868674089120971 0.00089617403231877961 0.0060852861256716802 -0.00057015038585689598 0.0096012107301335897
leaf_weight=5.0607063270799681 0.23783681669738133 0.66782435950881369 0.4703141538921044 2.833555419856566 0.29052911672624748 4.0847222591401087
leaf_count=5295 107 284 106 362 44 213
internal_value=-2.14116e-05 -0.00583627 -0.0108034 0.00301409 0.00782763 0.00906554
internal_weight=13.6455 9.0324 5.53102 3.50138 4.61309 4.32256
internal_count=6411 6047 5401 646 364 320
is_linear=0
shrinkage=0.025


Tree=177
num_leaves=7
num_cat=0
split_feature=26 5 22 26 24 0
split_gain=1.95878 1.02583 0.651018 0.477153 0.364596 0.0561747
threshold=-0.96796631813049305 4.7393548488616952 0.74892738461494457 -0.37220074236392969 0.44871032238006597 5.3957750797271737
decision_type=2 2 2 2 2 2
left_child=1 4 3 -2 -1 -4
right_child=2 -3 5 -5 -6 -7
leaf_value=0.011530961767545853 -0.011180317223586622 -0.0036583041770198253 0.0029060715094457266 0.0010170328199673971 -0.00046423076024791962 -0.00021383385444697793
leaf_weight=5.7874194852556684 5.078649869414221 0.8889658944463007 1.3337650938847216 0.44574683811515559 0.29427724180277426 0.21390643432096101
leaf_count=441 4857 498 102 94 414 77
internal_value=0 0.00734194 -0.00692529 -0.00958668 0.010439 0.00168632
internal_weight=14.0427 6.97066 7.07207 5.5244 6.0817 1.54767
internal_count=6483 1353 5130 4951 855 179
is_linear=0
shrinkage=0.025


Tree=178
num_leaves=7
num_cat=0
split_feature=21 19 26 5 12 23
split_gain=1.79658 1.05161 0.574485 0.464462 0.362482 0.151629
threshold=0.95617026090621959 0.19825292378664019 -0.37220074236392969 4.0370707511901864 2.8857741355896001 -6.2930314540863028
decision_type=2 2 2 2 2 2
left_child=1 2 -1 -3 -2 -6
right_child=4 3 -4 -5 5 -7
leaf_value=-0.012599068088620994 -0.00082269573894862844 0.0056786450701888421 0.0011544262460416994 -0.0034898945277480938 0 0.0099801431910620381
leaf_weight=4.4408594786073072 0.54871616404852908 2.6600613336777319 0.43496980358031478 1.0317714366465223 0.36583747982513148 4.2436615611150046
leaf_count=5080 100 391 87 518 106 219
internal_value=0 -0.00618922 -0.010776 0.00186365 0.00770546 0.00927089
internal_weight=13.7259 8.56766 4.87583 3.69183 5.15822 4.6095
internal_count=6501 6076 5167 909 425 325
is_linear=0
shrinkage=0.025


Tree=179
num_leaves=7
num_cat=0
split_feature=18 17 13 3 13 16
split_gain=1.71298 0.557131 0.475094 0.577159 0.275641 0.112733
threshold=0.14640060812234881 0.5688474476337434 2.2162357568740849 1.5180625319480898 4.1129186153411874 1.4135047793388369
decision_type=2 2 2 2 2 2
left_child=1 5 -2 -4 -3 -1
right_child=2 4 3 -5 -6 -7
leaf_value=-0.011148821292004762 -0.0022460830970853891 -0.0031810808603638823 -0.0022007853840198795 0.0092711970225749542 0.0042213846214920461 0
leaf_weight=3.9579494864592561 0.60784758341469558 0.781140599297942 0.4440833826738525 6.4856056664866628 1.4340292099514043 0.19033791695255775
leaf_count=4410 252 478 210 857 135 75
internal_value=-0.000701126 -0.00782423 0.00553604 0.00739785 0.000349297 -0.0106775
internal_weight=13.901 6.36346 7.53754 6.92969 2.21517 4.14829
internal_count=6417 5098 1319 1067 613 4485
is_linear=0
shrinkage=0.025


Tree=180
num_leaves=7
num_cat=0
split_feature=21 5 27 27 24 6
split_gain=1.98923 0.68167 0.530732 0.477557 0.24933 0.0756103
threshold=0.35296642780303961 4.0176563262939462 0.22547122836112979 0.7136860489845277 -5.9280598163604727 3.5511296987533574
decision_type=2 2 2 2 2 2
left_child=3 2 -2 4 -1 -3
right_child=1 5 -4 -5 -6 -7
leaf_value=0 0.010508367540870506 8.0952037206019536e-05 -0.00043206074082101402 0.0012435212706079996 -0.011567279466255121 -0.003967970583476233
leaf_weight=0.44535411242395539 5.7616764884005516 0.23432211310137041 1.8190647979863568 0.42122283161006624 4.0557803611227445 0.89678360120160505
leaf_count=21 477 4 759 92 4806 334
internal_value=-2.46739e-08 0.00590124 0.00825797 -0.00878494 -0.0105418 -0.00272782
internal_weight=13.6342 8.71185 7.58074 4.92236 4.50113 1.13111
internal_count=6493 1574 1236 4919 4827 338
is_linear=0
shrinkage=0.025


Tree=181
num_leaves=7
num_cat=0
split_feature=22 17 4 12 11 23
split_gain=1.47818 1.28367 0.697519 0.458051 0.233414 0.115988
threshold=0.74892738461494457 0.52575585246086132 -0.21192967891693112 2.8857741355896001 2.1998300552368169 -4.3282368183135977
decision_type=2 2 2 2 2 2
left_child=1 2 -1 -3 -2 -6
right_child=4 3 -4 -5 5 -7
leaf_value=0.0014007054149942511 -0.00010355591992058564 -0.0029492002656074279 -0.012355424069300479 0.0063184415818138481 0 0.0097159249441211883
leaf_weight=0.83375105617596901 0.42370443828986104 0.73737265068484692 4.5016587915524715 3.2826540481910342 0.48981669486965973 3.7349862217306509
leaf_count=194 66 285 5010 602 99 141
internal_value=0.000140449 -0.00470643 -0.00996338 0.00323312 0.00792681 0.00902931
internal_weight=14.0039 9.35544 5.33541 4.02003 4.64851 4.2248
internal_count=6397 6091 5204 887 306 240
is_linear=0
shrinkage=0.025


Tree=182
num_leaves=7
num_cat=0
split_feature=27 5 22 21 21 24
split_gain=1.90472 1.19943 0.963003 0.146942 0.118625 0.0675455
threshold=0.13709136843681338 4.0176563262939462 0.7876526713371278 1.0058498978614809 0.038857111707329757 -5.5527069568634024
decision_type=2 2 2 2 2 2
left_child=1 4 3 -2 -1 -3
right_child=2 5 -4 -5 -6 -7
leaf_value=0 -0.011763391058675141 0 0.0025376622523892679 0 0.011043663889471367 -0.0047675870458860079
leaf_weight=0.23965996297920344 4.8617106065939879 0.38889039261266578 1.5773034256635581 0.72921763181511767 4.9104049361267244 1.2215228858549378
leaf_count=165 4837 21 158 130 338 835
internal_value=-0.000605357 0.00641592 -0.00765624 -0.0109626 0.0105725 -0.00387381
internal_weight=13.9287 6.76048 7.16823 5.59093 5.15006 1.61041
internal_count=6484 1359 5125 4967 503 856
is_linear=0
shrinkage=0.025


Tree=183
num_leaves=7
num_cat=0
split_feature=27 24 13 17 19 0
split_gain=1.68381 1.03299 0.985081 0.238554 0.180345 0.0743343
threshold=0.12957102060317996 -3.6522214412689205 2.2162357568740849 -0.0084470151923596842 0.39877441525459295 5.1660320758819589
decision_type=2 2 2 2 2 2
left_child=2 5 -1 -4 -3 -2
right_child=1 4 3 -5 -6 -7
leaf_value=-0.0037852045460972728 0.0040268320633807097 -0.011468010265569366 0 0.010809007109729037 0 0
leaf_weight=0.99258994260890165 1.4254998111136954 4.8832511501823319 0.54808515224431165 4.7195286687128828 0.68965212236071227 0.34688957350590488
leaf_count=542 90 4868 274 400 186 93
internal_value=-0.00043259 -0.00696682 0.00636834 0.00980189 -0.010596 0.00291972
internal_weight=13.6055 7.34529 6.2602 5.26761 5.5729 1.77239
internal_count=6453 5237 1216 674 5054 183
is_linear=0
shrinkage=0.025


Tree=184
num_leaves=7
num_cat=0
split_feature=21 22 13 12 23 10
split_gain=1.77345 0.652346 0.569331 0.383455 0.12696 0.0638743
threshold=0.95617026090621959 0.7876526713371278 5.4371109008789071 2.8857741355896001 -6.2930314540863028 2.6109836101531987
decision_type=2 2 2 2 2 2
left_child=1 2 -1 -2 -5 -3
right_child=3 5 -4 4 -6 -7
leaf_value=-0.010202642282581527 -0.00079473154087938362 0 0.0011482897937491418 0 0.010417331407164575 0.0036327648986846889
leaf_weight=5.7475502487795875 0.53859777221805494 0.27108157443581138 1.2574254285136701 0.38046911793935567 4.406436297831533 1.1478277712012639
leaf_count=5430 93 67 509 108 218 45
internal_value=0.00028712 -0.00549048 -0.00801485 0.00826468 0.00980787 0.00253383
internal_weight=13.7494 8.42389 7.00498 5.3255 4.78691 1.41891
internal_count=6470 6051 5939 419 326 112
is_linear=0
shrinkage=0.025


Tree=185
num_leaves=6
num_cat=0
split_feature=21 6 27 21 24
split_gain=1.51546 0.972977 0.58389 0.15941 0.105155
threshold=0.0066880939994007358 3.3203066587448125 0.25947242975234991 1.8219149708747866 -4.8273584842681876
decision_type=2 2 2 2 2
left_child=4 2 -2 -3 -1
right_child=1 3 -4 -5 -6
leaf_value=0 0.010835146115351432 -0.0050557194122752992 -0.00049837873138594839 0.00078019693699307713 -0.0087188662457838313
leaf_weight=0.29119905142579261 6.2401806863272196 1.8917975095391732 1.8994289426191242 0.50145064370008174 2.7667443067257418
leaf_count=24 639 1267 1358 23 3163
internal_value=0.000552794 0.00525014 0.00853149 -0.00328689 -0.00806941
internal_weight=13.5908 10.5329 8.13961 2.39325 3.05794
internal_count=6474 3287 1997 1290 3187
is_linear=0
shrinkage=0.025


Tree=186
num_leaves=7
num_cat=0
split_feature=21 19 12 24 26 16
split_gain=1.83771 1.46256 0.424444 0.419714 0.124476 0.102017
threshold=0.95617026090621959 0.5081714689731599 2.8857741355896001 -3.5315110683441158 -0.80606129765510548 -0.20279373973608014
decision_type=2 2 2 2 2 2
left_child=1 3 -2 -1 -4 -3
right_child=2 5 4 -5 -6 -7
leaf_value=0.00030818292126967486 -0.0014520236686333338 -0.0001791188581819408 0.0097150932541204011 -0.013110802188631143 0 0.0046563200888013953
leaf_weight=0.41359554124937847 0.3915768626902717 0.29455581073125392 3.9038850288488902 5.1054407733536209 0.48173815594054747 2.17576113382529
leaf_count=46 90 96 181 5697 138 210
internal_value=-0.000863185 -0.00709102 0.0072129 -0.0118425 0.00901386 0.00350913
internal_weight=12.7666 7.98935 4.7772 5.51904 4.38562 2.47032
internal_count=6458 6049 409 5743 319 306
is_linear=0
shrinkage=0.025


Tree=187
num_leaves=6
num_cat=0
split_feature=6 27 14 24 22
split_gain=1.43947 1.59523 0.298391 0.230751 0.0519295
threshold=3.3558827638626103 0.22547122836112979 0.10021449252963067 0.44871032238006597 0.98862224817276012
decision_type=2 2 2 2 2
left_child=1 3 -3 -1 -2
right_child=4 2 -4 -5 -6
leaf_value=0.010013394405719717 -0.0099187755812057896 0.00093257169687349 -0.0074721287164134431 -2.5264363753211086e-05 0
leaf_weight=5.8601334121412929 2.8149303543468718 0.79975182993075611 2.5079745840557734 0.23166554328781774 0.37558298121439282
leaf_count=466 2548 994 2024 418 37
internal_value=-0.0011222 0.0035885 -0.00534946 0.00922886 -0.00948199
internal_weight=12.59 9.39953 3.30773 6.0918 3.19051
internal_count=6487 3902 3018 884 2585
is_linear=0
shrinkage=0.025


Tree=188
num_leaves=7
num_cat=0
split_feature=27 5 22 12 22 17
split_gain=1.31252 0.937844 0.619273 0.479655 0.205399 0.0589911
threshold=0.12957102060317996 4.7393548488616952 0.74892738461494457 5.921607732772828 -0.25476640462875361 0.62183180451393139
decision_type=2 2 2 2 2 2
left_child=1 4 3 -2 -1 -4
right_child=2 -3 5 -5 -6 -7
leaf_value=0 -0.0099231524504711441 -0.0035011668398437501 0.0033985678310819883 0.00098023859354637744 0.010779832350193667 0
leaf_weight=0.18154983742715547 4.527338581654476 0.8581646269885822 1.4920382949421762 1.0127753939887041 5.1016041629845859 0.22311996208736662
leaf_count=302 4715 491 87 350 414 95
internal_value=0.000572226 0.00690455 -0.004908 -0.00781749 0.0100831 0.00238244
internal_weight=13.3966 6.14132 7.25527 5.54011 5.28315 1.71516
internal_count=6454 1207 5247 5065 716 182
is_linear=0
shrinkage=0.025


Tree=189
num_leaves=7
num_cat=0
split_feature=6 27 14 24 22 8
split_gain=1.36852 1.07797 0.313775 0.208792 0.182137 0.124027
threshold=3.3558827638626103 0.22547122836112979 0.10021449252963067 0.18714576214551928 0.98862224817276012 -0.83637991547584523
decision_type=2 2 2 2 2 2
left_child=1 3 -3 -1 5 -2
right_child=4 2 -4 -5 -6 -7
leaf_value=0.010230192028756425 0 0.002086685616105846 -0.0054784820641713399 0 0 -0.0093138504969477853
leaf_weight=5.8418536931276304 0.37562809194787483 1.0817198213117083 2.7054812865535496 0.41806691343663249 0.4028368332365061 2.5866196736169522
leaf_count=405 74 1019 1940 474 31 2489
internal_value=0.000438512 0.00510467 -0.00264859 0.00944361 -0.00746993 -0.00853931
internal_weight=13.4122 10.0471 3.7872 6.25992 3.36508 2.96225
internal_count=6432 3838 2959 879 2594 2563
is_linear=0
shrinkage=0.025


Tree=190
num_leaves=7
num_cat=0
split_feature=21 19 27 6 6 27
split_gain=1.81247 0.735364 0.580382 0.269732 0.1876 0.067204
threshold=0.97700640559196483 0.28609634935855871 0.7136860489845277 3.3203066587448125 3.2042828798294072 0.30183759331703192
decision_type=2 2 2 2 2 2
left_child=1 2 -1 5 -3 -2
right_child=3 4 -4 -5 -6 -7
leaf_value=-0.012608174428993056 0.0090788234827379553 0.0037587287741605658 0.0011948329660046919 -0.00027628806471367064 -0.0021166541186691946 0
leaf_weight=4.2549373974106857 3.4414101898946687 1.8293273760136801 0.42632216824131308 0.74454565841006104 0.96077786976820778 0.45179486460983742
leaf_count=5237 138 204 103 129 442 115
internal_value=-0.000949074 -0.00728883 -0.0107377 0.00709852 0.000873247 0.00857407
internal_weight=12.1091 7.47136 4.68126 4.63775 2.79011 3.89321
internal_count=6368 5986 5340 382 646 253
is_linear=0
shrinkage=0.025


Tree=191
num_leaves=7
num_cat=0
split_feature=6 25 27 1 22 16
split_gain=1.54358 1.2803 0.484192 0.174633 0.154206 0.136778
threshold=3.2042828798294072 0.74235084652900707 0.091763462871313109 1.7279700636863711 0.92263543605804454 -1.5173342227935789
decision_type=2 2 2 2 2 2
left_child=1 3 -3 -1 5 -2
right_child=4 2 -4 -5 -6 -7
leaf_value=0 0 0.0030172698538208451 -0.0064792593513919835 0.010703799757478111 0 -0.0096725322854722164
leaf_weight=0.12020775385462723 0.29164004267659116 0.93965688940807046 2.8538265554234385 5.9614834612366394 0.57728047389537085 2.7019383647784716
leaf_count=72 23 48 2995 577 48 2706
internal_value=0.000301564 0.00536215 -0.00303809 0.0101725 -0.00792805 -0.00891348
internal_weight=13.446 9.87517 3.79348 6.08169 3.57086 2.99358
internal_count=6469 3692 3043 649 2777 2729
is_linear=0
shrinkage=0.025


Tree=192
num_leaves=7
num_cat=0
split_feature=21 24 17 12 3 2
split_gain=1.90998 0.957208 0.563846 0.367239 0.197158 0.0139057
threshold=0.95617026090621959 -4.8273584842681876 0.66133576631546032 2.8857741355896001 1.5180625319480898 3.7190474271774296
decision_type=2 2 2 2 2 2
left_child=1 -1 -3 5 -5 -2
right_child=3 2 -4 4 -6 -7
leaf_value=0.0028151034119617059 0 -0.012653562267397004 0.00019460967416620517 0 0.0095631005391429019 -0.0016252203693748843
leaf_weight=1.4281820236938072 0.1376814396935514 5.0144896937927115 1.3471944267948854 0.10867600375786413 4.3371315203185077 0.42633612878853455
leaf_count=72 3 5526 412 62 264 94
internal_value=-0.000978265 -0.00741898 -0.0104944 0.0071155 0.00879519 -0.00100696
internal_weight=12.7997 7.78987 6.36168 5.00983 4.44581 0.564018
internal_count=6433 6010 5938 423 326 97
is_linear=0
shrinkage=0.025


Tree=193
num_leaves=7
num_cat=0
split_feature=6 26 26 24 16 24
split_gain=1.468 1.44653 0.301339 0.186636 0.11063 0.111177
threshold=3.2042828798294072 -0.88278710842132557 -0.39788511395454401 0.077787470072507872 -1.5173342227935789 -5.5527069568634024
decision_type=2 2 2 2 2 2
left_child=1 3 -3 -1 -2 -6
right_child=4 2 -4 -5 5 -7
leaf_value=0.010930539457370061 0 -0.0062358526205545627 0.0016527807016470766 0 0 -0.0092208866774353276
leaf_weight=5.7754452398003187 0.29600669001229141 2.7175168589674281 0.62794367588503508 0.42423456548567617 0.34844346408499483 2.7951367117129853
leaf_count=343 25 2762 132 419 25 2690
internal_value=0.000162628 0.00520346 -0.00390314 0.0102243 -0.00788074 -0.00853547
internal_weight=12.9847 9.54514 3.34546 6.19968 3.43959 3.14358
internal_count=6396 3656 2894 762 2740 2715
is_linear=0
shrinkage=0.025


Tree=194
num_leaves=7
num_cat=0
split_feature=22 26 5 12 11 16
split_gain=1.20066 0.873389 0.50283 0.495171 0.170132 0.0413023
threshold=0.74892738461494457 -1.0002914667129514 4.0176563262939462 5.921607732772828 2.2347549200057988 0.6292664408683778
decision_type=2 2 2 2 2 2
left_child=1 2 -1 -3 -2 -6
right_child=4 3 -4 -5 5 -7
leaf_value=0.0066264568255730849 0 -0.010232251989506766 -0.0031776556115654 0.00096414513694017667 0.0089370537628619875 0
leaf_weight=2.4474858391185985 0.44094806801877062 4.4435029629967167 0.86564676088164549 1.0048084930967887 3.4945105732113011 0.35409529370372173
leaf_count=245 66 4900 608 354 145 88
internal_value=0.00061559 -0.00391509 0.00294251 -0.00809593 0.00766876 0.00858822
internal_weight=13.051 8.76144 3.31313 5.44831 4.28955 3.84861
internal_count=6406 6107 853 5254 299 233
is_linear=0
shrinkage=0.025


Tree=195
num_leaves=6
num_cat=0
split_feature=21 26 13 25 24
split_gain=1.81971 0.841424 0.508039 0.239263 0.14061
threshold=0.18306124210357669 -0.96796631813049305 2.2162357568740849 0.74235084652900707 -5.9280598163604727
decision_type=2 2 2 2 2
left_child=4 2 -2 -3 -1
right_child=1 3 -4 -5 -6
leaf_value=0 -0.0012998210756826739 0.0012740501934922651 0.010856711215850436 -0.0051432986236517285 -0.010161553860984752
leaf_weight=0.29600588447647114 0.42933885550883122 2.7816552582225977 4.91940570755105 1.2370573685620909 3.3560239832695533
leaf_count=15 179 697 362 990 4183
internal_value=-0.000189387 0.00502665 0.00912043 -0.00176465 -0.009464
internal_weight=13.0195 9.36746 5.34874 4.01871 3.65203
internal_count=6426 2228 541 1687 4198
is_linear=0
shrinkage=0.025


Tree=196
num_leaves=6
num_cat=0
split_feature=21 27 13 22 24
split_gain=1.82099 0.936809 0.473907 0.271387 0.165945
threshold=0.18306124210357669 0.12957102060317996 2.2162357568740849 0.35899241268634802 -5.9280598163604727
decision_type=2 2 2 2 2
left_child=4 2 -2 -3 -1
right_child=1 3 -4 -5 -6
leaf_value=0 -0.0010195479274572423 -0.0050775537920283859 0.01136683554794804 0.0017000053249031065 -0.010019022909985371
leaf_weight=0.28912701318040435 0.38255319934978427 1.8700340290524762 4.6964716989532462 2.3083053932059556 3.3330544745476818
leaf_count=15 171 1416 324 360 4227
internal_value=0 0.00533209 0.00977083 -0.00176598 -0.00921877
internal_weight=12.8795 9.25736 5.07902 4.17834 3.62218
internal_count=6513 2271 495 1776 4242
is_linear=0
shrinkage=0.025


Tree=197
num_leaves=6
num_cat=0
split_feature=21 6 25 21 24
split_gain=1.29358 0.863342 0.374067 0.13627 0.0886782
threshold=0.0066880939994007358 3.3558827638626103 2.7013382911682133 1.8219149708747866 -4.8273584842681876
decision_type=2 2 2 2 2
left_child=4 2 -2 -3 -1
right_child=1 3 -4 -5 -6
leaf_value=0 0.0096129026342941081 -0.0047621080780823411 -0.00018864805158701377 0.00060408488510058566 -0.0081796865410346999
leaf_weight=0.2661342998617332 6.5109961130292486 1.8163137507508511 1.321335675238515 0.5131044914596713 2.5613624359975811
leaf_count=21 1288 1233 743 23 3192
internal_value=0.000469741 0.00488611 0.00804309 -0.00312162 -0.00758629
internal_weight=12.9892 10.1618 7.83233 2.32942 2.8275
internal_count=6500 3287 2031 1256 3213
is_linear=0
shrinkage=0.025


Tree=198
num_leaves=6
num_cat=0
split_feature=6 26 24 14 24
split_gain=1.70582 0.827181 0.286423 0.280576 0.248222
threshold=2.8977894783020024 -0.84875690937042225 0.18714576214551928 0.10021449252963067 -4.8273584842681876
decision_type=2 2 2 2 2
left_child=1 2 -1 -3 -2
right_child=4 3 -4 -5 -6
leaf_value=0.010158216806083063 0 0.0022690742635853235 -0.00030670263456270198 -0.004972547271765171 -0.010082374374769908
leaf_weight=5.212414824673032 0.68077715783147175 0.83080329318545354 0.28769996187111235 2.2562410640639428 3.1540075263401386
leaf_count=374 59 775 451 1665 3136
internal_value=0 0.00537395 0.0091302 -0.00205285 -0.00873276
internal_weight=12.4219 8.58716 5.50011 3.08704 3.83478
internal_count=6460 3265 825 2440 3195
is_linear=0
shrinkage=0.025


Tree=199
num_leaves=7
num_cat=0
split_feature=21 19 2 21 3 22
split_gain=1.55239 1.43624 0.281581 0.18997 0.144497 0.0344022
threshold=0.95617026090621959 0.3457478135824204 5.3932950496673593 0.0066880939994007358 1.5180625319480898 0.82463103532791149
decision_type=2 2 2 2 2 2
left_child=1 5 4 -3 -2 -1
right_child=2 3 -4 -5 -6 -7
leaf_value=-0.012539411462004185 0 -0.0012146322353980788 -0.00094699370840424881 0.0049562576687951203 0.008336917484623927 0
leaf_weight=4.470710063327715 0.23585884824569792 0.53463677236868568 0.32980158067948639 2.2983596202248009 4.0059350201699999 0.077020415512379148
leaf_count=5492 77 324 65 192 286 10
internal_value=-0.00139298 -0.00718254 0.00617043 0.00296183 0.00761304 -0.0123982
internal_weight=11.9523 7.38073 4.5716 2.833 4.24179 4.54773
internal_count=6446 6018 428 516 363 5502
is_linear=0
shrinkage=0.025


Tree=200
num_leaves=7
num_cat=0
split_feature=13 22 26 14 17 22
split_gain=1.02648 0.530327 0.496111 0.314099 0.281521 0.117587
threshold=4.1129186153411874 0.7876526713371278 -0.88278710842132557 0.28059390187263494 1.1148715019226076 -0.0991326868534088
decision_type=2 2 2 2 2 2
left_child=1 4 5 -4 -1 -2
right_child=2 -3 3 -5 -6 -7
leaf_value=-0.010415893271745618 0 0.0016181055707514295 0.0024330776518322519 -0.0052840254533214961 0 0.0083795511667360875
leaf_weight=3.2732521100115264 0.14187407052304513 1.221838840159762 1.5612977152886744 1.1160225156127124 0.86780292511684809 3.6563320354871394
leaf_count=3794 177 104 1199 752 108 261
internal_value=-0.000382384 -0.00626278 0.00454984 -0.00131596 -0.00888498 0.00779305
internal_weight=11.8384 5.36289 6.47553 2.67732 4.14106 3.79821
internal_count=6395 4006 2389 1951 3902 438
is_linear=0
shrinkage=0.025


Tree=201
num_leaves=6
num_cat=0
split_feature=13 27 25 22 0
split_gain=1.17882 0.996497 0.351481 0.131717 0.113261
threshold=2.9653348922729497 0.16882523149251941 0.32471184432506567 -0.25476640462875361 3.5835180282592778
decision_type=2 2 2 2 2
left_child=4 3 -3 -2 -1
right_child=1 2 -4 -5 -6
leaf_value=0 0 0.0019854856508110114 -0.0058203757529069582 0.0093334149667895876 -0.0089229146432078018
leaf_weight=0.31465644104901125 0.13599145406624291 1.7053679917335101 2.720060929783358 4.8316696556794323 2.384644492987718
leaf_count=233 221 464 3151 475 1887
internal_value=-3.68012e-05 0.00390622 -0.00269168 0.00881278 -0.00819576
internal_weight=12.0924 9.39309 4.42543 4.96766 2.6993
internal_count=6431 4311 3615 696 2120
is_linear=0
shrinkage=0.025


Tree=202
num_leaves=5
num_cat=0
split_feature=21 13 25 26
split_gain=1.30966 0.91228 0.483449 0.226152
threshold=0.0066880939994007358 3.7178292274475102 2.7013382911682133 -1.0055539011955259
decision_type=2 2 2 2
left_child=-1 3 -3 -2
right_child=1 2 -4 -5
leaf_value=-0.0079060500610832595 0.00099079934789877283 0.010372198191653912 -0.00070220214898412134 -0.0055922753536622408
leaf_weight=2.664802764666093 1.6835359449396494 5.6520425757007615 1.1386782047193262 1.3492520662330187
leaf_count=3203 358 999 646 1274
internal_value=0.000239672 0.00479237 0.00847484 -0.00281779
internal_weight=12.4883 9.82351 6.79072 3.03279
internal_count=6480 3277 1645 1632
is_linear=0
shrinkage=0.025


Tree=203
num_leaves=7
num_cat=0
split_feature=22 17 7 5 11 23
split_gain=1.08978 1.31548 0.812346 0.373165 0.200641 0.0952654
threshold=0.74892738461494457 0.66133576631546032 5.0792167186737069 4.0176563262939462 2.1998300552368169 -4.3282368183135977
decision_type=2 2 2 2 2 2
left_child=1 2 -1 -3 -2 -6
right_child=4 3 -4 -5 5 -7
leaf_value=-0.012628159708405277 -0.00016393645229425332 0.0064046241121866604 0.0019526915279118385 -0.002245079403882333 0 0.0084654458134557926
leaf_weight=4.2679944185474579 0.42589439614676061 2.8325856378942267 0.73061738647811569 0.60588042353629123 0.43952038661518633 3.0886330752182403
leaf_count=5302 66 352 246 223 98 132
internal_value=0 -0.00461547 -0.00996114 0.00371266 0.00664072 0.00780953
internal_weight=12.3911 8.43708 4.99861 3.43847 3.95405 3.52815
internal_count=6419 6123 5548 575 296 230
is_linear=0
shrinkage=0.025


Tree=204
num_leaves=6
num_cat=0
split_feature=21 6 25 21 16
split_gain=1.38881 0.863949 0.421034 0.119066 0.0710195
threshold=0.0066880939994007358 3.3558827638626103 2.7013382911682133 1.8219149708747866 1.4135047793388369
decision_type=2 2 2 2 2
left_child=4 2 -2 -3 -1
right_child=1 3 -4 -5 -6
leaf_value=-0.0080357937271268477 0.01022375272117472 -0.0044317744514085237 -0.00023341638756050351 0.00051951730703118709 0
leaf_weight=2.437414621086647 6.4359037743015488 1.7100380671145106 1.3481272009485108 0.51497988059418265 0.17940062574052706
leaf_count=3127 1263 1187 765 25 65
internal_value=0.00104645 0.00548428 0.00854082 -0.00285428 -0.00756476
internal_weight=12.6259 10.009 7.78403 2.22502 2.61682
internal_count=6432 3240 2028 1212 3192
is_linear=0
shrinkage=0.025


Tree=205
num_leaves=7
num_cat=0
split_feature=27 5 18 22 24 6
split_gain=1.67023 0.659048 0.645422 0.144549 0.0712764 0.0456152
threshold=0.10302430391311647 4.7393548488616952 0.46519304811954504 -0.25476640462875361 -5.9280598163604727 3.0416289567947392
decision_type=2 2 2 2 2 2
left_child=1 3 4 -1 -2 -4
right_child=2 -3 5 -5 -6 -7
leaf_value=0 0 -0.0026299529489721678 0.0024341219297460566 0.0098195963023471368 -0.010463311647645626 -0.00023821070717459914
leaf_weight=0.1419045960283255 0.18130138710694144 0.68857134516292706 1.5770443603469173 4.0051384650869295 5.0335890519490931 0.18154111711919529
leaf_count=199 13 429 197 280 5147 182
internal_value=-0.00116527 0.0064202 -0.00743173 0.00922235 -0.0101576 0.00126136
internal_weight=11.8091 4.83561 6.97348 4.14704 5.21489 1.75859
internal_count=6447 908 5539 479 5160 379
is_linear=0
shrinkage=0.025


Tree=206
num_leaves=6
num_cat=0
split_feature=6 21 14 16 16
split_gain=1.31847 0.817347 0.318557 0.110654 0.052562
threshold=2.8977894783020024 0.014984086621552707 0.55493181943893444 -1.5173342227935789 1.4135047793388369
decision_type=2 2 2 2 2
left_child=1 4 -3 -2 -1
right_child=3 2 -4 -5 -6
leaf_value=-0.0044659740276751713 0 0.0093957253971014929 0 -0.0085083113441468683 0
leaf_weight=1.2472353766788709 0.28412082299473729 5.1227110054715013 1.7716609438502926 3.5405064172518914 0.12766700441716228
leaf_count=1593 24 1207 484 3165 3
internal_value=-0.000169934 0.00455605 0.00764144 -0.0078882 -0.00379372
internal_weight=12.0939 8.26927 6.89437 3.82463 1.3749
internal_count=6476 3287 1691 3189 1596
is_linear=0
shrinkage=0.025


Tree=207
num_leaves=7
num_cat=0
split_feature=27 22 5 26 13 10
split_gain=1.14487 0.682282 0.660396 0.476778 0.162959 0.0430038
threshold=0.1010919325053692 0.7876526713371278 4.7393548488616952 -0.37220074236392969 2.2162357568740849 2.4394985437393193
decision_type=2 2 2 2 2 2
left_child=2 3 4 -2 -1 -3
right_child=1 5 -4 -5 -6 -7
leaf_value=0 -0.010048302683527348 0 -0.0027390362702283395 0.0014152775181416341 0.0096695435831795819 0.0032604373502804259
leaf_weight=0.14776940170850128 4.9287498618905374 0.23563647539413057 0.68410312117339334 0.38578935265832104 4.1656926599389408 1.4454498741688437
leaf_count=113 5281 54 418 94 359 117
internal_value=0 -0.00524902 0.00620591 -0.00832754 0.00900449 0.00249652
internal_weight=11.9932 6.99563 4.99757 5.31454 4.31346 1.68109
internal_count=6436 5546 890 5375 472 171
is_linear=0
shrinkage=0.025


Tree=208
num_leaves=7
num_cat=0
split_feature=21 19 26 5 13 20
split_gain=1.24766 0.629689 0.542563 0.388304 0.310688 0.126094
threshold=0.97700640559196483 0.24273744970560077 -0.37220074236392969 4.0176563262939462 3.4541230201721196 1.3620984554290774
decision_type=2 2 2 2 2 2
left_child=1 2 -1 5 -3 -2
right_child=3 4 -4 -5 -6 -7
leaf_value=-0.011454774686776716 0.0087114265544135372 -0.0031072098130926953 0.0013659770134149389 -0.0016046091265355493 0.0045071739864383075 0
leaf_weight=3.9010218021576293 3.4863004523067507 0.88479246753559015 0.40012727212160815 0.41906915689469304 2.108668107946869 0.4309612091310554
leaf_count=5240 207 510 93 79 256 112
internal_value=-0.000738371 -0.00606591 -0.00949697 0.00600324 0.000938857 0.00796138
internal_weight=11.6309 7.29461 4.30115 4.33633 2.99346 3.91726
internal_count=6497 6099 5333 398 766 319
is_linear=0
shrinkage=0.025


Tree=209
num_leaves=7
num_cat=0
split_feature=26 12 19 0 1 21
split_gain=1.10584 0.664196 0.621773 0.456618 0.0974269 0.0911779
threshold=-1.0002914667129514 2.6012917757034306 0.53771728277206432 0.37378866970539099 3.6161288022995 0.038857111707329757
decision_type=2 2 2 2 2 2
left_child=1 -1 3 -2 -4 -3
right_child=2 5 4 -5 -6 -7
leaf_value=-0.0027409636747770527 0.0012331491050144279 0 0.0038317702750329781 -0.010141262217005162 -0.00055781410258523025 0.0092345020201581151
leaf_weight=0.91210863074957149 0.42744572266383318 0.2242848254754789 1.0993979918130206 4.7465561816970876 0.43874073142069381 3.8208693903361564
leaf_count=449 131 184 61 5105 145 333
internal_value=-0.000148015 0.00570885 -0.00559777 -0.00844304 0.00215469 0.00876706
internal_weight=11.6694 4.95726 6.71214 5.174 1.53814 4.04515
internal_count=6408 966 5442 5236 206 517
is_linear=0
shrinkage=0.025


Tree=210
num_leaves=7
num_cat=0
split_feature=13 22 21 23 21 23
split_gain=1.04652 0.695783 0.613917 0.5361 0.151325 0.05168
threshold=4.0166947841644296 0.7876526713371278 0.0066880939994007358 -2.6520221233367915 1.3076707720756533 1.0000000180025095e-35
decision_type=2 2 2 2 2 2
left_child=1 4 -2 -4 -1 -3
right_child=2 5 3 -5 -6 -7
leaf_value=-0.010226589236912144 -0.0029380505290650129 0.0032169367219120159 -0.0010294127166071278 0.010113655017568043 0 0
leaf_weight=3.161527846808895 0.85924145036915422 1.1888547607522921 1.3069215740506477 4.3826149879059813 0.47502286726376031 0.38202714976068808
leaf_count=3725 1191 73 532 839 56 49
internal_value=0 -0.00590449 0.00508152 0.0076851 -0.00937443 0.00219804
internal_weight=11.7562 5.20743 6.54878 5.68954 3.63655 1.57088
internal_count=6465 3903 2562 1371 3781 122
is_linear=0
shrinkage=0.025


Tree=211
num_leaves=7
num_cat=0
split_feature=27 13 22 12 24 7
split_gain=1.00414 0.707691 0.438577 0.389852 0.204588 0.0567479
threshold=0.13709136843681338 2.2162357568740849 0.7876526713371278 5.921607732772828 0.44871032238006597 0.63013276457786571
decision_type=2 2 2 2 2 2
left_child=1 -1 3 -2 -3 -4
right_child=2 4 5 -5 -6 -7
leaf_value=-0.0029829112303475236 -0.0091683436424459669 0.0096682028196914266 -0.00026257835377800263 0.00081328340323907487 0 0.0028708640722220208
leaf_weight=0.81318962619116053 4.0219633544838871 4.4598283530795015 0.18689350778004143 0.88536079417099234 0.20499175754957821 1.3636060702119719
leaf_count=550 4605 405 68 347 353 95
internal_value=5.2382e-05 0.00590857 -0.00478039 -0.00723505 0.00884655 0.00162691
internal_weight=11.9358 5.47801 6.45782 4.90732 4.66482 1.5505
internal_count=6423 1308 5115 4952 758 163
is_linear=0
shrinkage=0.025


Tree=212
num_leaves=7
num_cat=0
split_feature=22 5 26 25 17 27
split_gain=1.00309 0.533704 0.349318 0.283662 0.228663 0.0492376
threshold=0.22451979666948321 4.0370707511901864 -0.37220074236392969 1.0868471860885622 0.84052234888076793 0.74190044403076183
decision_type=2 2 2 2 2 2
left_child=2 3 4 -2 -1 -4
right_child=1 -3 5 -5 -6 -7
leaf_value=-0.0092014224886205233 0.0088081188007049834 -0.0025916848129902328 0.0028392140765361364 -8.8263476968901866e-05 0 -0.00013843244974788137
leaf_weight=3.3627003845394938 4.5437762498768279 0.91445066396408936 0.14203414772055101 1.0598182878748046 1.2235672189417526 0.24919475740171038
leaf_count=5053 417 337 6 294 247 84
internal_value=0 0.00483584 -0.00598652 0.00728789 -0.00767798 0.0014139
internal_weight=11.4955 6.51805 4.9775 5.60359 4.58627 0.391229
internal_count=6438 1048 5390 711 5300 90
is_linear=0
shrinkage=0.025


Tree=213
num_leaves=6
num_cat=0
split_feature=6 25 7 21 19
split_gain=1.07592 1.04637 0.316614 0.108841 0.0619656
threshold=3.2042828798294072 0.43814763426780706 5.0792167186737069 1.8219149708747866 -0.4259792417287826
decision_type=2 2 2 2 2
left_child=1 4 -3 -2 -1
right_child=3 2 -4 -5 -6
leaf_value=0 -0.0080805810842628865 -0.0058588290659233886 0.002007473986500623 0 0.009175397755696953
leaf_weight=0.084396552818361559 2.7250890733994324 2.6714968485503054 0.71104808011295961 0.32081998197827477 4.9813462657366454
leaf_count=54 2742 2887 238 23 495
internal_value=0 0.00418965 -0.00324856 -0.00736461 0.00892382
internal_weight=11.4942 8.44829 3.38254 3.04591 5.06574
internal_count=6439 3674 3125 2765 549
is_linear=0
shrinkage=0.025


Tree=214
num_leaves=6
num_cat=0
split_feature=6 25 27 16 1
split_gain=1.15092 0.979037 0.368395 0.115482 0.111382
threshold=3.3558827638626103 0.74235084652900707 0.091763462871313109 -1.5173342227935789 1.7279700636863711
decision_type=2 2 2 2 2
left_child=1 4 -3 -2 -1
right_child=3 2 -4 -5 -6
leaf_value=0 0 0.0025519827864317422 -0.0057603232701162535 -0.0081015052787869989 0.0094586358944697552
leaf_weight=0.096442010224562114 0.25494153372710604 0.83557364511216325 2.6860167476661445 2.5493089834635621 5.2243776807335962
leaf_count=68 19 45 3128 2542 616
internal_value=1.70619e-05 0.00462431 -0.00271448 -0.00736491 0.00904902
internal_weight=11.6467 8.84241 3.52159 2.80425 5.32082
internal_count=6418 3857 3173 2561 684
is_linear=0
shrinkage=0.025


Tree=215
num_leaves=6
num_cat=0
split_feature=22 13 26 9 21
split_gain=1.07536 0.831289 0.264805 0.148206 0.0998171
threshold=0.7876526713371278 4.2884340286254892 -0.89369946718215931 0.96162539720535289 1.8219149708747866
decision_type=2 2 2 2 2
left_child=1 4 -3 -2 -1
right_child=3 2 -4 -5 -6
leaf_value=-0.010244339000218684 0 0.0047923150853090082 -0.0019856258435803293 0.0071852394733059113 0
leaf_weight=3.576951221642958 0.24057521632494205 2.0575779211758349 1.7189772264500787 3.2489903383611818 0.2811490581370889
leaf_count=4206 39 279 1686 233 22
internal_value=-0.000385969 -0.00519705 0.00162145 0.00626528 -0.00972485
internal_weight=11.1242 7.63466 3.77656 3.48957 3.8581
internal_count=6465 6193 1965 272 4228
is_linear=0
shrinkage=0.025


Tree=216
num_leaves=7
num_cat=0
split_feature=21 13 19 5 3 21
split_gain=1.21222 0.413332 0.40152 0.280036 0.114416 0.0660898
threshold=0.95617026090621959 5.4371109008789071 0.19825292378664019 4.0176563262939462 1.1022139191627505 0.35992056131362921
decision_type=2 2 2 2 2 2
left_child=1 2 -1 4 -2 -3
right_child=3 5 -4 -5 -6 -7
leaf_value=-0.010535037766867856 0 0.0028853119036128735 0 -0.0008241374141013865 0.0082167910760689578 -0.00058692348993969422
leaf_weight=3.2908185507294547 0.15965131955454159 0.91957909489065037 2.4129558928689221 0.51306569253210899 3.6457955448786379 0.23484835609269794
leaf_count=4779 51 370 792 84 284 158
internal_value=-0.000495353 -0.00595608 -0.0079071 0.00604873 0.00762695 0.00126045
internal_weight=11.1767 6.8582 5.70377 4.31851 3.80545 1.15443
internal_count=6518 6099 5571 419 335 528
is_linear=0
shrinkage=0.025


Tree=217
num_leaves=7
num_cat=0
split_feature=6 25 27 21 22 21
split_gain=1.09327 0.773569 0.302446 0.23854 0.158378 0.116382
threshold=2.8977894783020024 0.74235084652900707 0.091763462871313109 1.8219149708747866 0.92263543605804454 0.18306124210357669
decision_type=2 2 2 2 2 2
left_child=1 5 -3 4 -2 -1
right_child=3 2 -4 -5 -6 -7
leaf_value=0 -0.009042400488750213 0.002497345732769083 -0.0049985187493754735 0.00036552666791633825 0 0.0094135550423290974
leaf_weight=0.27075498705016787 2.5828024835500409 0.80185982707189429 2.4163192898158741 0.53512153506744642 0.56934324844041828 4.4158570199506357
leaf_count=121 3091 36 2728 26 52 383
internal_value=9.85165e-06 0.00490614 -0.00198722 -0.00654972 -0.00799451 0.00886729
internal_weight=11.5921 7.90479 3.21818 3.68727 3.15215 4.68661
internal_count=6437 3268 2764 3169 3143 504
is_linear=0
shrinkage=0.025


Tree=218
num_leaves=7
num_cat=0
split_feature=6 21 21 25 16 15
split_gain=1.00765 0.687362 0.302202 0.260537 0.0452052 0.037396
threshold=2.8977894783020024 0.014984086621552707 1.3076707720756533 2.7013382911682133 1.4135047793388369 3.0025597810745244
decision_type=2 2 2 2 2 2
left_child=1 4 5 -3 -1 -2
right_child=2 3 -4 -5 -6 -7
leaf_value=-0.00402755506768822 -0.008826012470580331 0.0087344003689361609 0.00051815436602635934 0 0 0
leaf_weight=1.1267748174977894 2.668219213028352 5.0201782504882431 0.79211060499073926 1.3670405027369268 0.12408368755131949 0.10936112940180454
leaf_count=1570 3083 1029 69 666 3 17
internal_value=0 0.00438611 -0.00671701 0.00726851 -0.00337332 -0.00859058
internal_weight=11.2078 7.63808 3.56969 6.38722 1.25086 2.77758
internal_count=6437 3268 3169 1695 1573 3100
is_linear=0
shrinkage=0.025


Tree=219
num_leaves=7
num_cat=0
split_feature=21 22 27 12 23 11
split_gain=0.9336 0.516651 0.412914 0.296257 0.151785 0.0218118
threshold=0.97700640559196483 0.7876526713371278 0.7136860489845277 2.8857741355896001 -6.2930314540863028 2.2588956356048588
decision_type=2 2 2 2 2 2
left_child=1 2 -1 -2 -5 -3
right_child=3 5 -4 4 -6 -7
leaf_value=-0.0095196257047871231 -0.0013146415570652562 0 0.0011464277740482552 0 0.0078694712700306362 0.0023841564328844311
leaf_weight=5.05465639929389 0.37728704471373964 0.28871525402064424 0.43766930226047396 0.23754733790701754 3.1903525356610771 1.1233951715039436
leaf_count=5831 90 51 116 111 197 67
internal_value=-0.000856065 -0.00548792 -0.00793272 0.00518241 0.00699478 0.0018172
internal_weight=10.7096 6.90444 5.49233 3.80519 3.4279 1.41211
internal_count=6463 6065 5947 398 308 118
is_linear=0
shrinkage=0.025


Tree=220
num_leaves=7
num_cat=0
split_feature=27 12 22 27 22 21
split_gain=0.966715 0.667002 0.531266 0.473287 0.0878305 0.0331048
threshold=0.11067584902048112 2.8150684833526616 0.7876526713371278 0.7136860489845277 -0.25476640462875361 1.3932017087936404
decision_type=2 2 2 2 2 2
left_child=1 -1 3 -2 -3 -4
right_child=2 4 5 -5 -6 -7
leaf_value=-0.0029444190584315849 -0.010060839773376981 0 0.0025837257629628277 0.0014100450933356087 0.0088499258972382974 0
leaf_weight=0.96244600391946722 4.3405438352892816 0.099752497866575474 1.2031245078323989 0.38344086791403231 3.651343669538619 0.21221943849377556
leaf_count=516 5201 179 93 102 290 72
internal_value=-0.000384208 0.00514878 -0.00559761 -0.00824074 0.00843538 0.00179712
internal_weight=10.8529 4.71354 6.13933 4.72398 3.7511 1.41534
internal_count=6453 985 5468 5303 469 165
is_linear=0
shrinkage=0.025


Tree=221
num_leaves=7
num_cat=0
split_feature=13 22 21 25 21 5
split_gain=1.08949 0.65697 0.6009 0.377933 0.189192 0.0260079
threshold=4.0166947841644296 0.82463103532791149 0.0066880939994007358 2.7013382911682133 1.8219149708747866 4.5051579475402841
decision_type=2 2 2 2 2 2
left_child=1 4 -2 -4 -1 -3
right_child=2 5 3 -5 -6 -7
leaf_value=-0.010140883158408028 -0.0027367910083976803 0.0027272816510443953 0.009772084794660062 -0.00034932428386188596 0 0
leaf_weight=3.1857804942083026 0.81235501159972034 1.1363811190385602 4.4883717227894522 1.117183220307197 0.27489273552782822 0.30765790285659012
leaf_count=3792 1194 62 783 591 17 41
internal_value=0 -0.00587908 0.00544558 0.0079519 -0.00924772 0.00213553
internal_weight=11.3226 4.90471 6.41791 5.60555 3.46067 1.44404
internal_count=6480 3912 2568 1374 3809 103
is_linear=0
shrinkage=0.025


Tree=222
num_leaves=5
num_cat=0
split_feature=21 13 25 21
split_gain=0.950288 0.659259 0.211279 0.103626
threshold=0.0066880939994007358 3.4541230201721196 2.7013382911682133 1.3932017087936404
decision_type=2 2 2 2
left_child=-1 3 -3 -2
right_child=1 2 -4 -5
leaf_value=-0.0074744049991282493 -0.0043757182180063697 0.0081248155566266463 0 0.00021232838799727235
leaf_weight=2.1932849873119276 1.5503902386699322 5.2288816933178168 1.2668540180857233 0.81271220004418854
leaf_count=3229 1314 1141 704 66
internal_value=0 0.00372272 0.00687394 -0.0028763
internal_weight=11.0521 8.85884 6.49574 2.3631
internal_count=6454 3225 1845 1380
is_linear=0
shrinkage=0.025


Tree=223
num_leaves=6
num_cat=0
split_feature=21 13 25 21 16
split_gain=0.958423 0.695451 0.377726 0.133642 0.0742538
threshold=0.0066880939994007358 2.9653348922729497 2.7013382911682133 1.8219149708747866 1.4135047793388369
decision_type=2 2 2 2 2
left_child=4 3 -3 -2 -1
right_child=1 2 -4 -5 -6
leaf_value=-0.0074989886730529118 -0.0049619462101802327 0.0086978177637082512 -0.00066735498618508335 0.00051271966637472344 0
leaf_weight=2.1693239359447047 1.2160203115126913 6.094606220463902 1.1510917548657742 0.47367186041083176 0.15921002274262708
leaf_count=3131 981 1415 787 19 64
internal_value=4.45498e-05 0.00416973 0.00703463 -0.00325682 -0.00697715
internal_weight=11.2639 8.93539 7.2457 1.68969 2.32853
internal_count=6397 3202 2202 1000 3195
is_linear=0
shrinkage=0.025


Tree=224
num_leaves=6
num_cat=0
split_feature=21 13 26 7 15
split_gain=0.976296 0.831421 0.332478 0.0729728 0.0527348
threshold=0.0066880939994007358 2.9653348922729497 -0.88278710842132557 -1.0770112872123716 3.0025597810745244
decision_type=2 2 2 2 2
left_child=4 3 -3 -2 -1
right_child=1 2 -4 -5 -6
leaf_value=-0.0076612597372537408 0 0.0091007680709700688 0 -0.0050078985124336322 0
leaf_weight=2.2100986735640631 0.30370220600889286 5.1169168286141931 2.1374105698450885 1.1832678812534121 0.078437913667585124
leaf_count=3227 42 656 1546 988 10
internal_value=0 0.0040008 0.00717081 -0.00410782 -0.00731718
internal_weight=11.0298 8.7413 7.25433 1.48697 2.28854
internal_count=6469 3232 2202 1030 3237
is_linear=0
shrinkage=0.025


Tree=225
num_leaves=7
num_cat=0
split_feature=26 4 22 26 22 16
split_gain=0.837228 0.574318 0.369723 0.395374 0.172229 0.0275362
threshold=-1.0002914667129514 4.9436626434326181 0.74892738461494457 -0.37220074236392969 -0.0991326868534088 0.57499760389328014
decision_type=2 2 2 2 2 2
left_child=1 4 3 -2 -1 -4
right_child=2 -3 5 -5 -6 -7
leaf_value=0 -0.0086623278126481944 -0.0027409932101654507 0.0020790482034714697 0.0013735475257438754 0.0088739755030690648 0
leaf_weight=0.2010731824266262 4.6570909095898969 0.66715872941131227 1.3107634164334738 0.39010029954079062 3.6428484075295273 0.24464512715348963
leaf_count=333 5156 352 91 90 270 95
internal_value=0 0.00519401 -0.00479422 -0.00696705 0.00804895 0.00123927
internal_weight=11.1137 4.51108 6.6026 5.04719 3.84392 1.55541
internal_count=6387 955 5432 5246 603 186
is_linear=0
shrinkage=0.025


Tree=226
num_leaves=7
num_cat=0
split_feature=21 24 20 12 16 0
split_gain=1.31244 0.53395 0.281031 0.264458 0.126478 0.0205705
threshold=0.97700640559196483 -4.0409967899322501 1.507636606693268 2.8857741355896001 0.69506606459617626 5.7317128181457528
decision_type=2 2 2 2 2 2
left_child=1 5 -3 -2 -5 -1
right_child=3 2 -4 4 -6 -7
leaf_value=0.0021292448382175281 -0.00072511250218108923 -0.010060764215751299 8.4651643253140518e-05 0.0083388603301571204 0 0
leaf_weight=1.0092621287185464 0.50648456488852378 4.9168060907213658 0.53841739484778361 3.1979561094922251 0.35686247198464105 0.27626685838185938
leaf_count=64 91 5732 194 184 114 59
internal_value=-0.00104251 -0.00658324 -0.00890003 0.00602214 0.00757599 0.00151294
internal_weight=10.8021 6.74075 5.45522 4.0613 3.55482 1.28553
internal_count=6438 6049 5926 389 298 123
is_linear=0
shrinkage=0.025


Tree=227
num_leaves=6
num_cat=0
split_feature=21 13 25 18 18
split_gain=0.997111 0.659789 0.392858 0.112492 0.0295576
threshold=0.0066880939994007358 2.9653348922729497 2.7013382911682133 0.53917524218559276 0.39138206839561468
decision_type=2 2 2 2 2
left_child=4 3 -3 -2 -1
right_child=1 2 -4 -5 -6
leaf_value=-0.0069990358767610871 -0.0044657969639635307 0.009037630739380579 -0.00060593599015756146 0.00037389230047275672 0
leaf_weight=2.0384304854196684 1.0713824647937125 6.1210031265145517 1.1946154074030344 0.7252763812575721 0.11046059987711476
leaf_count=3125 896 1407 794 130 40
internal_value=0.000675358 0.00464355 0.00734872 -0.00275472 -0.00675614
internal_weight=11.2612 9.11228 7.31562 1.79666 2.14889
internal_count=6392 3227 2201 1026 3165
is_linear=0
shrinkage=0.025


Tree=228
num_leaves=7
num_cat=0
split_feature=27 5 13 25 24 24
split_gain=0.93766 0.611644 0.278464 0.225742 0.211075 0.170651
threshold=0.12957102060317996 4.7393548488616952 5.4371109008789071 2.7013382911682133 -3.6522214412689205 0.46542719006538397
decision_type=2 2 2 2 2 2
left_child=1 5 4 -4 -2 -1
right_child=2 -3 3 -5 -6 -7
leaf_value=0.0088971591793324239 0 -0.0028745335091937795 0.0041140464437457143 -0.0027404179549669269 -0.0084079922612318638 0
leaf_weight=4.1124760408929433 0.81583223131747207 0.71643131567907392 0.96345788003236499 0.54288748310500523 3.6412774229502247 0.18651001125544997
leaf_count=387 111 485 231 402 4499 353
internal_value=0 0.00528401 -0.00528652 0.000475553 -0.00711662 0.00813031
internal_weight=10.9789 5.01542 5.96346 1.50635 4.45711 4.29899
internal_count=6468 1225 5243 633 4610 740
is_linear=0
shrinkage=0.025


Tree=229
num_leaves=6
num_cat=0
split_feature=21 13 25 18 24
split_gain=0.833326 0.606449 0.425175 0.101997 0.0471103
threshold=0.014984086621552707 2.9653348922729497 2.7013382911682133 0.53917524218559276 -4.8273584842681876
decision_type=2 2 2 2 2
left_child=4 3 -3 -2 -1
right_child=1 2 -4 -5 -6
leaf_value=0 -0.0044721606126889085 0.0084876889432291425 -0.0010906411865121762 0.00017966465111772902 -0.0069382394359812976
leaf_weight=0.26753259307588395 1.0714062870065371 5.9422436900131288 1.1213369722972855 0.75082402372208878 2.096123169219938
leaf_count=25 899 1408 790 146 3236
internal_value=0 0.00387655 0.00662723 -0.0029124 -0.00651089
internal_weight=11.2495 8.88581 7.06358 1.82223 2.36366
internal_count=6504 3243 2198 1045 3261
is_linear=0
shrinkage=0.025


Tree=230
num_leaves=7
num_cat=0
split_feature=21 19 11 2 12 26
split_gain=1.10155 0.913612 0.217327 0.197053 0.162137 0.153255
threshold=1.0058498978614809 0.39877441525459295 7.0219130516052255 5.5084846019744882 2.4492747783660893 -0.80606129765510548
decision_type=2 2 2 2 2 2
left_child=1 2 -1 5 -3 -2
right_child=3 4 -4 -5 -6 -7
leaf_value=-0.011949473116165404 0.0070881228488750827 -0.0015360538127390765 0 -0.00079740398743839811 0.0040373639706005977 -1.3030789277807752e-06
leaf_weight=4.0061003732844256 2.9047984312055641 0.42921562381525324 0.27909607977198891 0.28849991013703391 1.9147929789614861 0.31572940028854635
leaf_count=5582 197 222 25 52 232 119
internal_value=-0.00252387 -0.00720282 -0.0111297 0.00461935 0.00181481 0.00605475
internal_weight=10.1382 6.62921 4.2852 3.50903 2.34401 3.22053
internal_count=6429 6061 5607 368 454 316
is_linear=0
shrinkage=0.025


Tree=231
num_leaves=6
num_cat=0
split_feature=21 6 25 21 23
split_gain=0.828232 0.546842 0.436528 0.111405 0.0331823
threshold=0.0066880939994007358 3.3203066587448125 2.7013382911682133 1.8219149708747866 -3.9627650976181026
decision_type=2 2 2 2 2
left_child=4 2 -2 -3 -1
right_child=1 3 -4 -5 -6
leaf_value=0 0.0085584799068224374 -0.0040725574003693489 -0.0011171811613222011 0.00062344161299854176 -0.0068475178376794276
leaf_weight=0.22568042310013003 5.6201013118115934 1.5947434105037248 1.1690204659425942 0.46844117069849733 1.9446255902366836
leaf_count=203 1236 1231 766 21 2993
internal_value=8.08801e-05 0.00392005 0.00659506 -0.00243491 -0.00652077
internal_weight=11.0226 8.85231 6.78912 2.06318 2.17031
internal_count=6450 3254 2002 1252 3196
is_linear=0
shrinkage=0.025


Tree=232
num_leaves=7
num_cat=0
split_feature=25 5 27 19 20 21
split_gain=1.10889 0.81399 0.602118 0.19894 0.0356744 0.0291898
threshold=0.74235084652900707 4.0370707511901864 0.069847021251916899 -0.45194564759731287 1.0745312571525576 0.31185957789421087
decision_type=2 2 2 2 2 2
left_child=1 3 5 -1 -3 -2
right_child=2 4 -4 -5 -6 -7
leaf_value=-0.00011942731132048509 0 -0.004302925030636901 -0.01031415563752134 0.0086316117185970438 0 0.0024231433865614252
leaf_weight=0.16853018201072689 0.164143273828813 1.2451985939769654 3.1083358685900748 4.9513851259180228 0.18708557314312191 0.82659299161605304
leaf_count=170 243 671 4509 803 25 49
internal_value=-0.000835264 0.00417904 -0.00742934 0.00780928 -0.00380924 0.00163262
internal_weight=10.6513 6.5522 4.09907 5.11992 1.43228 0.990736
internal_count=6470 1669 4801 973 696 292
is_linear=0
shrinkage=0.025


Tree=233
num_leaves=7
num_cat=0
split_feature=22 17 26 12 4 23
split_gain=0.890179 0.92898 0.513328 0.254539 0.157019 0.139603
threshold=0.7876526713371278 0.66133576631546032 -0.37220074236392969 2.8857741355896001 5.0354628562927255 -4.7179334163665763
decision_type=2 2 2 2 2 2
left_child=1 2 -1 -3 5 -2
right_child=4 3 -4 -5 -6 -7
leaf_value=-0.010959475764784149 0 -0.0018000936170796526 0.001353716280987886 0.0053157751303874977 -2.7031596613386183e-05 0.0078765294418972828
leaf_weight=3.9839665524559678 0.32232831043074917 0.52300497644319 0.39981146097125009 2.3474070151205524 0.36958557879552234 2.8626960516085092
leaf_count=5501 92 209 98 368 49 140
internal_value=0 -0.00455228 -0.0090475 0.00290521 0.00594568 0.00699547
internal_weight=10.8088 7.25419 4.38378 2.87041 3.55461 3.18502
internal_count=6457 6176 5599 577 281 232
is_linear=0
shrinkage=0.025


Tree=234
num_leaves=7
num_cat=0
split_feature=22 21 26 12 11 23
split_gain=0.863666 0.528781 0.440757 0.11552 0.0815008 0.110606
threshold=0.86845800280570995 0.95617026090621959 -0.37220074236392969 2.8857741355896001 2.1998300552368169 -4.7179334163665763
decision_type=2 2 2 2 2 2
left_child=1 2 -1 -3 -2 -6
right_child=4 3 -4 -5 5 -7
leaf_value=-0.0094647141248562997 0 -0.0011126756211567838 0.001388905057396296 0.0035385320040533224 0 0.0070432841702806823
leaf_weight=4.7706764155154815 0.33860596874728832 0.36948556400602717 0.39014327334007237 1.7868275598302714 0.18177789007313583 2.4080416831857292
leaf_count=5881 52 97 95 201 74 98
internal_value=-0.000666284 -0.00492804 -0.0077494 0.00164762 0.00558641 0.0062699
internal_weight=10.2456 7.31713 5.16082 2.15631 2.92843 2.58982
internal_count=6498 6274 5976 298 224 172
is_linear=0
shrinkage=0.025


Tree=235
num_leaves=7
num_cat=0
split_feature=21 6 14 21 16 20
split_gain=0.819911 0.552921 0.312396 0.0844165 0.066803 0.0412796
threshold=0.0066880939994007358 3.3558827638626103 0.42127153277397161 1.8219149708747866 1.4135047793388369 2.8660912513732915
decision_type=2 2 2 2 2 2
left_child=4 2 -2 -3 5 -1
right_child=1 3 -4 -5 -6 -7
leaf_value=-0.0070718526613172787 0.0087631507916733995 -0.0037753174791489218 0 0.00026953786464779561 0 0
leaf_weight=2.0104724036318675 4.5218949940681323 1.5303954158698618 2.4180881730098918 0.50182418641634274 0.15472154133749416 0.085797523464861913
leaf_count=3164 1300 1241 718 26 61 21
internal_value=0.000324947 0.00406701 0.00669987 -0.00240626 -0.00624788 -0.00676541
internal_weight=11.2232 8.9722 6.93998 2.03222 2.25099 2.09627
internal_count=6531 3285 2018 1267 3246 3185
is_linear=0
shrinkage=0.025


Tree=236
num_leaves=7
num_cat=0
split_feature=21 19 26 6 13 2
split_gain=0.792223 0.500787 0.479122 0.259209 0.240401 0.109926
threshold=0.95617026090621959 0.19825292378664019 -0.37220074236392969 3.2042828798294072 2.2162357568740849 5.3139481544494638
decision_type=2 2 2 2 2 2
left_child=1 2 -1 -3 -2 -6
right_child=4 3 -4 -5 5 -7
leaf_value=-0.010071729493670713 -0.0008898306748944386 0.0043399566090063782 0.0014932112398457929 -0.0026176003713220628 0.0074668821636070543 0
leaf_weight=3.1070254943770128 0.33492216002196062 2.1238520183214864 0.37816673643828824 0.76166890158856393 3.5427280676594823 0.24144747469108541
leaf_count=4994 94 319 88 566 294 35
internal_value=0 -0.00453231 -0.00793984 0.00121558 0.00535566 0.0068118
internal_weight=10.4898 6.37071 3.48519 2.88552 4.1191 3.78418
internal_count=6390 5967 5082 885 423 329
is_linear=0
shrinkage=0.025


Tree=237
num_leaves=7
num_cat=0
split_feature=13 22 21 15 21 6
split_gain=0.809317 0.581378 0.487898 0.398862 0.288403 0.034947
threshold=4.0166947841644296 0.7876526713371278 0.0066880939994007358 0.34893518686294561 1.8219149708747866 3.7343958616256718
decision_type=2 2 2 2 2 2
left_child=1 4 -2 -4 -1 -3
right_child=2 5 3 -5 -6 -7
leaf_value=-0.0095791169787631109 -0.0023096091732512317 0.0030348073920446607 0.0095714145050509458 -0.00043197068541008177 0.00033642740693233633 0
leaf_weight=2.7912455017140023 0.71088124938250974 1.2050230101231134 3.9907974587404169 1.3294052103483407 0.4800300100177991 0.33575052526430216
leaf_count=3758 1176 63 934 438 23 56
internal_value=0.000396859 -0.00459569 0.00522438 0.00746793 -0.00804466 0.00232335
internal_weight=10.8431 4.81205 6.03108 5.3202 3.27128 1.54077
internal_count=6448 3900 2548 1372 3781 119
is_linear=0
shrinkage=0.025


Tree=238
num_leaves=6
num_cat=0
split_feature=6 27 22 14 2
split_gain=0.875501 0.562141 0.350271 0.233741 0.190969
threshold=2.7908093929290776 0.22547122836112979 0.92263543605804454 0.10021449252963067 2.0363695621490483
decision_type=2 2 2 2 2
left_child=1 4 -2 -3 -1
right_child=2 3 -4 -5 -6
leaf_value=-9.7838125835742699e-05 -0.0087552550010120446 0.001995379666658241 0.00075421278411555394 -0.004694784730186718 0.0084143682408436542
leaf_weight=0.19010011409773175 2.7102594593343388 0.66140062129852628 0.88717988072312426 1.983776175042294 3.6754108107998036
leaf_count=142 3347 797 60 1729 402
internal_value=-0.000384923 0.00388766 -0.00660837 -0.0019935 0.00747169
internal_weight=10.1081 6.51069 3.59744 2.64518 3.86551
internal_count=6477 3070 3407 2526 544
is_linear=0
shrinkage=0.025


Tree=239
num_leaves=7
num_cat=0
split_feature=18 12 19 14 4 16
split_gain=0.663422 0.427223 0.484351 0.128229 0.11308 0.0684474
threshold=0.46519304811954504 5.8290770053863534 0.3457478135824204 0.35290384292602545 5.3048820495605478 0.80184942483901989
decision_type=2 2 2 2 2 2
left_child=1 2 -1 -3 5 -2
right_child=4 3 -4 -5 -6 -7
leaf_value=-0.0094024763471874107 0.0063993956566980028 0.0042109578466023824 0.00054131539933627575 -0.0009279593095364799 0 0
leaf_weight=3.3384796533464396 3.0638622685655728 0.84998870130584669 2.3129042399777973 0.44002765543336864 0.15153853120864358 0.23352342908037815
leaf_count=4934 397 268 531 195 63 82
internal_value=0 -0.00407053 -0.00640234 0.00212017 0.00506533 0.00588591
internal_weight=10.3903 6.9414 5.65138 1.29002 3.44892 3.29739
internal_count=6470 5928 5465 463 542 479
is_linear=0
shrinkage=0.025


Tree=240
num_leaves=7
num_cat=0
split_feature=21 19 26 5 24 20
split_gain=1.10807 0.735693 0.234518 0.165258 0.10044 0.0498349
threshold=0.97700640559196483 0.5081714689731599 -0.84875690937042225 4.0176563262939462 -3.6522214412689205 -0.11058771237730979
decision_type=2 2 2 2 2 2
left_child=1 4 3 -2 -1 -3
right_child=2 5 -4 -5 -6 -7
leaf_value=0 0.0074168618709434062 -0.00011373726003743108 -0.00098899874419017546 0 -0.010925551202859256 0.0027523150681488581
leaf_weight=0.22854641643061757 2.8524322001867413 0.20225670313084276 0.45986480289138842 0.3765382521378341 4.0974144930041803 1.5439079200805277
leaf_count=39 171 90 156 61 5747 200
internal_value=-0.00228016 -0.00724918 0.00464464 0.0063199 -0.0104743 0.00165564
internal_weight=9.76096 6.07213 3.68884 3.22897 4.32596 1.74616
internal_count=6464 6076 388 232 5786 290
is_linear=0
shrinkage=0.025


Tree=241
num_leaves=6
num_cat=0
split_feature=19 21 13 3 13
split_gain=1.03967 0.615794 0.535705 0.220786 0.10406
threshold=0.19314625114202502 1.0058498978614809 2.9653348922729497 1.1022139191627505 3.2970587015151982
decision_type=2 2 2 2 2
left_child=1 -1 -2 -4 -3
right_child=2 4 3 -5 -6
leaf_value=-0.010297016137606314 -0.0029813353928009293 -0.0011252864715701929 -0.0004207248707833896 0.008067067584652152 0.0033403826402876621
leaf_weight=3.3923951183933241 0.77079874701666984 0.32746383050107386 0.17784729307822988 4.1004735727583466 1.2216057179102788
leaf_count=5157 496 112 131 463 86
internal_value=-0.00159087 -0.00720508 0.0041328 0.00700404 0.00130364
internal_weight=9.99058 4.94146 5.04912 4.27832 1.54907
internal_count=6445 5355 1090 594 198
is_linear=0
shrinkage=0.025


Tree=242
num_leaves=7
num_cat=0
split_feature=26 12 26 19 24 26
split_gain=0.672005 0.494935 0.340835 0.262665 0.170607 0.050738
threshold=-0.96796631813049305 2.6012917757034306 -0.39788511395454401 0.53771728277206432 0.44871032238006597 -0.33426733314990992
decision_type=2 2 2 2 2 2
left_child=1 -1 3 -2 -3 -4
right_child=2 4 5 -5 -6 -7
leaf_value=-0.0023642119622421845 -0.0079319612413833 0.0083328979166291967 0.0031148206736350756 0.00022595626371674788 0 0
leaf_weight=0.85478935731589434 3.8001878159157059 3.7325754480152686 0.33799671436281642 1.1152509685998664 0.2079312589339678 0.20336896379012603
leaf_count=510 4797 408 43 187 412 81
internal_value=0 0.00477273 -0.00433907 -0.00627012 0.00747635 0.00190352
internal_weight=10.2521 4.7953 5.4568 4.91544 3.94051 0.541366
internal_count=6438 1330 5108 4984 820 124
is_linear=0
shrinkage=0.025


Tree=243
num_leaves=7
num_cat=0
split_feature=21 13 25 18 16 15
split_gain=0.700371 0.48938 0.406953 0.0829243 0.0535395 0.0396695
threshold=0.0066880939994007358 2.9653348922729497 2.7013382911682133 0.53917524218559276 1.4135047793388369 3.0025597810745244
decision_type=2 2 2 2 2 2
left_child=4 3 -3 -2 5 -1
right_child=1 2 -4 -5 -6 -7
leaf_value=-0.0065868793168671978 -0.0038907310371163947 0.0082107100904956001 -0.0011169622551893148 0.00015613592458941272 0 0
leaf_weight=1.8489379014827148 0.94515899597535991 5.5958375354057353 1.0963655517953155 0.7265009801776614 0.16042309987096803 0.077929180755745509
leaf_count=3095 872 1447 788 139 59 14
internal_value=0.000278631 0.00386887 0.00632387 -0.00239624 -0.00580587 -0.00627053
internal_weight=10.4512 8.36386 6.6922 1.67166 2.08729 1.92687
internal_count=6414 3246 2235 1011 3168 3109
is_linear=0
shrinkage=0.025


Tree=244
num_leaves=7
num_cat=0
split_feature=6 25 26 21 19 22
split_gain=0.669811 0.547661 0.326431 0.196811 0.116794 0.0461151
threshold=3.2813643217086796 0.74235084652900707 -1.0140062570571897 1.8219149708747866 -0.14279016852378842 1.07265841960907
decision_type=2 2 2 2 2 2
left_child=1 4 -3 5 -1 -2
right_child=3 2 -4 -5 -6 -7
leaf_value=0 -0.0075141420145142489 0.0027330327888590075 -0.0050307066772846297 0.00034000414018757306 0.0078934460842170987 0
leaf_weight=0.47809991823305598 2.0107249759821579 0.87145649502781486 2.3840406036906643 0.48547608961234789 4.0288513486048032 0.28454241732833896
leaf_count=237 2591 49 3082 26 423 29
internal_value=0 0.00369222 -0.00179881 -0.00560738 0.007176 -0.00709291
internal_weight=10.5432 7.76245 3.2555 2.78074 4.50695 2.29527
internal_count=6437 3791 3131 2646 660 2620
is_linear=0
shrinkage=0.025


Tree=245
num_leaves=7
num_cat=0
split_feature=27 5 27 25 22 27
split_gain=0.931289 0.581412 0.351692 0.169732 0.139513 0.0695495
threshold=0.12957102060317996 4.7393548488616952 0.7136860489845277 0.74235084652900707 -0.25476640462875361 0.74190044403076183
decision_type=2 2 2 2 2 2
left_child=1 4 3 -2 -1 -4
right_child=2 -3 5 -5 -6 -7
leaf_value=0 0 -0.0025454477495792387 0.0033372163262639139 -0.0087598718435924049 0.0090439502067338091 -0.00036537892719988254
leaf_weight=0.15207139924314095 2.5471965743781766 0.67235925577188016 0.30581786947368517 2.2969613779387146 4.1146199538598012 0.26212854360346682
leaf_count=306 1042 482 23 4005 406 100
internal_value=7.09217e-06 0.00577686 -0.00490368 -0.00678997 0.00842859 0.0017123
internal_weight=10.3512 4.93905 5.4121 4.84416 4.26669 0.567946
internal_count=6364 1194 5170 5047 712 123
is_linear=0
shrinkage=0.025


Tree=246
num_leaves=7
num_cat=0
split_feature=27 5 25 24 18 24
split_gain=0.96886 0.591672 0.245217 0.165541 0.0932031 0.0511619
threshold=0.16882523149251941 4.0370707511901864 -3.7432975769042964 0.18714576214551928 1.1788150072097781 -5.5527069568634024
decision_type=2 2 2 2 2 2
left_child=1 3 -2 -1 -4 -3
right_child=2 5 4 -5 -6 -7
leaf_value=0.0083124918578361875 0.00032763301596910313 0 -0.00850281835861629 0 0 -0.0036164016720005099
leaf_weight=4.0466544976225123 0.63093717024457863 0.474970265291631 3.6506429340806794 0.19819023823947635 0.10828592855250452 0.96419450871326262
leaf_count=378 69 25 4506 438 2 937
internal_value=-0.00067396 0.0043035 -0.00664417 0.00751164 -0.00804696 -0.00267353
internal_weight=10.0739 5.68401 4.38987 4.24484 3.75893 1.43916
internal_count=6355 1778 4577 816 4508 962
is_linear=0
shrinkage=0.025


Tree=247
num_leaves=7
num_cat=0
split_feature=27 5 25 22 22 17
split_gain=1.00523 0.576998 0.35452 0.0970557 0.0962831 0.0522493
threshold=0.13709136843681338 4.0176563262939462 0.74235084652900707 1.4830462932586672 -0.25476640462875361 0.41856998205184942
decision_type=2 2 2 2 2 2
left_child=1 4 5 -4 -1 -2
right_child=2 -3 3 -5 -6 -7
leaf_value=0 -0.0012699211944759638 -0.0024575689600372873 -0.009524351796844412 0 0.0085518088035946693 0.0018548195650041944
leaf_weight=0.10814760516950661 1.3489647198839523 1.1647745403170118 2.583128809161281 0.11142369563458476 3.4139139050603262 1.5158547428363816
leaf_count=205 799 833 4129 7 306 253
internal_value=-0.000774977 0.00489146 -0.00619812 -0.00902863 0.00807119 0
internal_weight=10.2462 4.68684 5.55937 2.69455 3.52206 2.86482
internal_count=6532 1344 5188 4136 511 1052
is_linear=0
shrinkage=0.025


Tree=248
num_leaves=6
num_cat=0
split_feature=27 6 22 21 25
split_gain=1.25127 0.455263 0.432742 0.2041 0.0255016
threshold=0.12957102060317996 4.6580410003662118 0.74892738461494457 0.18306124210357669 -0.26279841363430018
decision_type=2 2 2 2 2
left_child=1 3 -2 -1 -4
right_child=2 -3 4 -5 -6
leaf_value=-1.8332537722336161e-05 -0.0096821612509732594 -0.0021809233774822421 0.0017680139592475203 0.0085468230681375029 -3.1321754405931307e-05
leaf_weight=0.40576118531316741 3.8148491902356909 0.65906418434678915 1.0079120949303613 3.6788202983188967 0.21478958542866156
leaf_count=364 5031 554 76 344 91
internal_value=-0.00131267 0.00505306 -0.00746079 0.00746619 0.000676352
internal_weight=9.7812 4.74365 5.03755 4.08458 1.2227
internal_count=6460 1262 5198 708 167
is_linear=0
shrinkage=0.025


Tree=249
num_leaves=7
num_cat=0
split_feature=6 21 14 21 24 10
split_gain=0.84774 0.638421 0.26737 0.095681 0.050807 0.0431969
threshold=3.2813643217086796 0.014984086621552707 0.38794639706611639 1.8219149708747866 -5.5527069568634024 2.9534498453140263
decision_type=2 2 2 2 2 2
left_child=1 5 -3 4 -2 -1
right_child=3 2 -4 -5 -6 -7
leaf_value=0 0 0.0095105699864084636 0 0 -0.0067951690743424664 -0.0035971411635737091
leaf_weight=0.20808673230567354 0.25327268324326779 4.1741585440468043 2.4739143130973389 0.25712327638757404 1.9907941742749244 1.0413810228747022
leaf_count=28 23 1166 750 18 2608 1795
internal_value=0.00102786 0.00494094 0.00754281 -0.00555222 -0.00633849 -0.00286156
internal_weight=10.3987 7.89754 6.64807 2.50119 2.24407 1.24947
internal_count=6388 3739 1916 2649 2631 1823
is_linear=0
shrinkage=0.025


Tree=250
num_leaves=7
num_cat=0
split_feature=21 7 22 5 16 1
split_gain=0.566029 0.35364 0.447531 0.237967 0.0858029 0.0541754
threshold=0.95617026090621959 5.0792167186737069 0.7876526713371278 4.0176563262939462 0.80184942483901989 1.0000000180025095e-35
decision_type=2 2 2 2 2 2
left_child=1 2 -1 4 -2 -3
right_child=3 5 -4 -5 -6 -7
leaf_value=-0.008289185630662655 0.0069270694164911455 0 0.0013262447447569521 -0.0010934181706085718 0 0.0033039373602730768
leaf_weight=4.2216602688640705 2.9199635890181534 0.21263285813620303 1.2691763762195476 0.34849776027840551 0.3169437280812416 0.4630318709932908
leaf_count=5650 210 80 120 84 115 172
internal_value=0 -0.00389832 -0.00589806 0.00463035 0.00629503 0.00213103
internal_weight=9.75191 6.1665 5.49084 3.58541 3.23691 0.675665
internal_count=6431 6022 5770 409 325 252
is_linear=0
shrinkage=0.025


Tree=251
num_leaves=7
num_cat=0
split_feature=25 13 27 1 18 2
split_gain=0.848019 0.718818 0.411917 0.107384 0.106085 0.0602671
threshold=0.74235084652900707 2.9653348922729497 0.091763462871313109 1.7279700636863711 1.1788150072097781 4.0055594444274911
decision_type=2 2 2 2 2 2
left_child=1 5 -2 -3 -4 -1
right_child=2 3 4 -5 -6 -7
leaf_value=0 0.0010296972247586321 0 -0.0095743666970179719 0.007749538348810401 0 -0.0044884518454607466
leaf_weight=0.44533725700603088 0.95286460346324053 0.10371986590325821 2.6230709150913758 4.7657307983390638 0.10745278745889653 1.0584431412753472
leaf_count=175 366 65 4330 768 1 705
internal_value=-0.0006228 0.00368567 -0.00662705 0.00725424 -0.0090453 -0.00360211
internal_weight=10.0566 6.37323 3.68339 4.86945 2.73052 1.50378
internal_count=6410 1713 4697 833 4331 880
is_linear=0
shrinkage=0.025


Tree=252
num_leaves=7
num_cat=0
split_feature=22 17 26 12 11 16
split_gain=0.647332 0.683167 0.47263 0.21636 0.15525 0.0439868
threshold=0.74892738461494457 0.66133576631546032 -0.37220074236392969 2.8857741355896001 2.2347549200057988 0.6292664408683778
decision_type=2 2 2 2 2 2
left_child=1 2 -1 -3 -2 -6
right_child=4 3 -4 -5 5 -7
leaf_value=-0.0099848169356945918 -0.00022695734085883732 -0.0017423754070708458 0.0014616891588081207 0.0047381783266616587 0.0066352692272318428 0
leaf_weight=3.6162660104128013 0.39982688569580238 0.51411286557413438 0.37791789743641846 2.2093236232176423 2.6619663619203497 0.33110969526751421
leaf_count=5482 70 226 94 364 143 97
internal_value=0 -0.00404259 -0.00799639 0.00236959 0.00503874 0.00622604
internal_weight=10.1105 6.71762 3.99418 2.72344 3.3929 2.99308
internal_count=6476 6166 5576 590 310 240
is_linear=0
shrinkage=0.025


Tree=253
num_leaves=7
num_cat=0
split_feature=13 21 14 21 24 25
split_gain=0.701089 0.438754 0.434185 0.345134 0.196209 0.133677
threshold=4.2231352329254159 1.2010505795478823 0.38794639706611639 0.014984086621552707 -4.8273584842681876 -1.7960736155509947
decision_type=2 2 2 2 2 2
left_child=1 4 3 -2 -1 -4
right_child=2 -3 5 -5 -6 -7
leaf_value=0 -0.00087713657197134522 0.0017408976442143478 0.0012290519930087435 0.0091481257592906356 -0.0086684420722733975 -0.0039001287314885517
leaf_weight=0.73872290019062381 0.42488613907698924 1.3847458952877785 0.58077999924353207 3.2982897107031022 2.8266979908112262 0.99038871733864631
leaf_count=68 854 121 47 701 4135 589
internal_value=0 -0.00460072 0.00470173 0.00744057 -0.00737186 -0.00156049
internal_weight=10.2445 4.95017 5.29434 3.72318 3.56542 1.57117
internal_count=6515 4324 2191 1555 4203 636
is_linear=0
shrinkage=0.025


Tree=254
num_leaves=7
num_cat=0
split_feature=21 14 12 26 16 15
split_gain=0.557895 0.41427 0.407831 0.19356 0.048951 0.0349444
threshold=0.0066880939994007358 0.44188146293163305 2.8857741355896001 -0.93918415904045094 1.4135047793388369 3.0025597810745244
decision_type=2 2 2 2 2 2
left_child=4 2 -2 -3 5 -1
right_child=1 3 -4 -5 -6 -7
leaf_value=-0.0061769121777240756 -0.001408591495777139 0.0013758387426469427 0.0081016672170371798 -0.0046427647740212982 0 0
leaf_weight=1.7171575463289626 0.79282973842418858 1.4801105333863236 4.5104555707803229 1.1062234102646469 0.15617140631729842 0.075362470655818359
leaf_count=3052 386 272 1808 795 62 13
internal_value=0 0.00335205 0.00607969 -0.00173788 -0.00541636 -0.005875
internal_weight=9.83831 7.88962 5.30329 2.58633 1.94869 1.79252
internal_count=6388 3261 2194 1067 3127 3065
is_linear=0
shrinkage=0.025


Tree=255
num_leaves=7
num_cat=0
split_feature=26 12 27 22 24 27
split_gain=0.649261 0.507479 0.347562 0.205045 0.132731 0.0672141
threshold=-0.96796631813049305 2.6012917757034306 0.7136860489845277 0.74892738461494457 0.44871032238006597 0.74190044403076183
decision_type=2 2 2 2 2 2
left_child=1 -1 3 -2 -3 -4
right_child=2 4 5 -5 -6 -7
leaf_value=-0.0025089949064245748 -0.0078821428647846432 0.0081093400057707602 0.0033924381020690266 0 0 -0.00026181024506564959
leaf_weight=0.863468194802408 3.5724620009532373 3.5539587817038414 0.29384605598170299 1.0637525425190686 0.16463851951993991 0.24759271320363041
leaf_count=518 4841 402 22 155 386 103
internal_value=0 0.00456062 -0.00450426 -0.00647848 0.00741651 0.00186507
internal_weight=9.75972 4.58207 5.17765 4.63621 3.7186 0.541439
internal_count=6427 1306 5121 4996 788 125
is_linear=0
shrinkage=0.025


Tree=256
num_leaves=7
num_cat=0
split_feature=6 25 7 18 24 1
split_gain=0.562317 0.439403 0.243496 0.187808 0.0894879 0.0884729
threshold=2.8977894783020024 0.74235084652900707 5.0792167186737069 0.52571055293083202 -5.9280598163604727 1.7279700636863711
decision_type=2 2 2 2 2 2
left_child=1 5 -3 4 -2 -1
right_child=3 2 -4 -5 -6 -7
leaf_value=0 0 -0.0045869913087624534 0.0022170908021750101 2.6309759039834372e-05 -0.0076111137482980391 0.0070936133747073653
leaf_weight=0.092481056271936146 0.18234994215890843 2.0337311111434251 0.6559131510912265 1.0364859039727887 2.0289982054164284 3.4263700177289138
leaf_count=68 11 2537 243 267 2958 423
internal_value=-9.33428e-05 0.00324047 -0.00175223 -0.00532506 -0.00697914 0.00657891
internal_weight=9.45633 6.2085 2.68964 3.24783 2.21135 3.51885
internal_count=6507 3271 2780 3236 2969 491
is_linear=0
shrinkage=0.025


Tree=257
num_leaves=7
num_cat=0
split_feature=27 12 12 22 15 24
split_gain=0.549716 0.364851 0.272672 0.385918 0.285124 0.0852754
threshold=0.1010919325053692 2.6012917757034306 5.3446052074432382 0.74892738461494457 0.17087481915950778 -0.082837201654911027
decision_type=2 2 2 2 2 2
left_child=1 -1 3 -2 -4 -3
right_child=2 5 4 -5 -6 -7
leaf_value=-0.0017860943079545562 -0.0084462609177599103 0.0074718114513508448 0.0047851941845198599 0.0010035797762457882 -0.0028166908298754754 0
leaf_weight=0.71043192880097228 2.9377246321018902 2.892979637144891 0.99045193749770966 1.0902440669487985 0.8334303210467624 0.19484631855084389
leaf_count=430 4414 255 333 108 639 219
internal_value=0 0.00449207 -0.00391155 -0.00605696 0.000876994 0.00692049
internal_weight=9.65011 3.79826 5.85185 4.02797 1.82388 3.08783
internal_count=6398 904 5494 4522 972 474
is_linear=0
shrinkage=0.025


Tree=258
num_leaves=7
num_cat=0
split_feature=27 5 27 24 13 27
split_gain=0.695173 0.471216 0.324978 0.318471 0.135364 0.0688563
threshold=0.12957102060317996 4.7393548488616952 0.7136860489845277 -3.6522214412689205 2.2162357568740849 0.74190044403076183
decision_type=2 2 2 2 2 2
left_child=1 4 3 -2 -1 -4
right_child=2 -3 5 -5 -6 -7
leaf_value=0 0.00038170118318531622 -0.0023538003119237226 0.0033247834992413934 -0.0083490538179111975 0.0081427510319539206 -0.00035587515622089122
leaf_weight=0.15321989653966772 1.335695478490379 0.63137941292734456 0.30237755909547548 3.5518639626789081 3.6157380683798692 0.2613590135879349
leaf_count=166 188 504 27 4932 578 102
internal_value=0 0.00487439 -0.00449463 -0.0063445 0.00744969 0.00170872
internal_weight=9.85163 4.40034 5.4513 4.88756 3.76896 0.563737
internal_count=6497 1248 5249 5120 744 129
is_linear=0
shrinkage=0.025


Tree=259
num_leaves=5
num_cat=0
split_feature=21 13 14 21
split_gain=0.771955 0.491763 0.242406 0.0860536
threshold=0.0066880939994007358 2.9653348922729497 0.44188146293163305 1.3932017087936404
decision_type=2 2 2 2
left_child=-1 3 -3 -2
right_child=1 2 -4 -5
leaf_value=-0.006444241244927127 -0.0039160356155484187 0.008138534091726329 0 0.00021913075080287386
leaf_weight=1.7921142935192627 0.99558926754252552 4.3753970241341449 2.2224034076280077 0.65662196499761194
leaf_count=3177 959 1456 763 54
internal_value=0.000101752 0.00389061 0.00636241 -0.00240362
internal_weight=10.0421 8.25001 6.5978 1.65221
internal_count=6409 3232 2219 1013
is_linear=0
shrinkage=0.025


Tree=260
num_leaves=7
num_cat=0
split_feature=6 25 14 18 22 1
split_gain=0.542166 0.573257 0.228411 0.154776 0.0691141 0.0656817
threshold=2.8977894783020024 0.43814763426780706 0.14147991687059405 0.52571055293083202 0.92263543605804454 1.7279700636863711
decision_type=2 2 2 2 2 2
left_child=1 5 -3 4 -2 -1
right_child=3 2 -4 -5 -6 -7
leaf_value=0 -0.0072202448137285427 0.0015818498903315552 -0.0050919443384623529 0 0 0.0073819828991057886
leaf_weight=0.073301214906678402 1.9135430845017261 0.86972604893162531 1.6945773738552814 1.0151602766309222 0.30598241934785608 3.6651943001161271
leaf_count=56 2907 1193 1625 264 30 403
internal_value=0 0.00323612 -0.00245276 -0.00517448 -0.00662866 0.00702416
internal_weight=9.53748 6.3028 2.5643 3.23469 2.21953 3.7385
internal_count=6478 3277 2818 3201 2937 459
is_linear=0
shrinkage=0.025


Tree=261
num_leaves=7
num_cat=0
split_feature=13 18 25 26 21 16
split_gain=0.624158 0.518148 0.388221 0.179233 0.176197 0.0845868
threshold=4.1129186153411874 0.52571055293083202 2.7013382911682133 -1.0140062570571897 0.014984086621552707 1.4135047793388369
decision_type=2 2 2 2 2 2
left_child=1 5 4 -4 -2 -1
right_child=2 -3 3 -5 -6 -7
leaf_value=-0.0083345887987717436 -3.7394669131242027e-05 0.0020593065541834013 0.00172603106249342 -0.0043105340995632626 0.0079616737228930291 0
leaf_weight=2.6608543611546343 0.24323488738082266 1.5811724982449957 0.56018014378059866 0.90640865705063334 3.6009610860710382 0.21788043679771352
leaf_count=3659 433 310 25 1230 716 82
internal_value=0 -0.00440264 0.00447776 -0.00148652 0.00701386 -0.00779963
internal_weight=9.77069 4.45991 5.31078 1.46659 3.8442 2.87873
internal_count=6455 4051 2404 1255 1149 3741
is_linear=0
shrinkage=0.025


Tree=262
num_leaves=7
num_cat=0
split_feature=13 25 22 21 21 26
split_gain=0.667658 0.44059 0.387997 0.240188 0.229723 0.137627
threshold=4.0423834323883066 2.7013382911682133 0.7876526713371278 1.8219149708747866 0.014984086621552707 -1.0394874215126035
decision_type=2 2 2 2 2 2
left_child=2 4 3 -1 -2 -3
right_child=1 5 -4 -5 -6 -7
leaf_value=-0.0088910906893564633 -0.00036940288812759708 0.0011439125939800424 0.0014046338731776742 0.00019292623392547139 0.0082978260164529322 -0.0041349702755709419
leaf_weight=2.4862602923312811 0.27580189173750103 0.49242477591178591 1.275671374176454 0.46027284726733331 3.7401964443452016 0.89399310390217579
leaf_count=3790 478 23 118 25 734 1262
internal_value=0 0.00444484 -0.00479197 -0.00745704 0.00713462 -0.00185372
internal_weight=9.62462 5.40242 4.2222 2.94653 4.016 1.38642
internal_count=6430 2497 3933 3815 1212 1285
is_linear=0
shrinkage=0.025


Tree=263
num_leaves=7
num_cat=0
split_feature=27 5 22 13 18 0
split_gain=0.939609 0.441564 0.271564 0.120273 0.0763289 0.0134713
threshold=0.12957102060317996 4.7393548488616952 0.74892738461494457 2.2162357568740849 0.45237812399864202 5.3957750797271737
decision_type=2 2 2 2 2 2
left_child=1 3 4 -1 -2 -4
right_child=2 -3 5 -5 -6 -7
leaf_value=0 -0.0085052418140403995 -0.0022785585015968018 0.0012029348305048057 0.0078221688408736043 0 0
leaf_weight=0.141971786051727 3.3531929915297956 0.60258255404187355 1.0089558263425713 3.6992622750622104 0.58533371548401181 0.29381883431051381
leaf_count=161 4810 481 100 581 259 70
internal_value=-0.000827912 0.00471801 -0.00614805 0.00719038 -0.00789082 0.000209158
internal_weight=9.68512 4.44382 5.2413 3.84123 3.93853 1.30277
internal_count=6462 1223 5239 742 5069 170
is_linear=0
shrinkage=0.025


Tree=264
num_leaves=7
num_cat=0
split_feature=6 27 27 22 22 13
split_gain=0.660611 0.420597 0.218108 0.157907 0.134777 0.0770916
threshold=2.5923089981079106 0.25947242975234991 0.7136860489845277 1.07265841960907 0.037032051011919982 4.509831666946412
decision_type=2 2 2 2 2 2
left_child=1 4 -3 5 -1 -2
right_child=3 2 -4 -5 -6 -7
leaf_value=0 -0.0077795172617916263 -0.0047774520285099355 0.0018481080095113411 0 0.0071987192790649831 0
leaf_weight=0.20245812841676558 2.6403325826140653 1.3913070441121815 0.53883911318189337 0.64074980742952892 3.2267780792353733 0.15459743970859552
leaf_count=395 3521 2042 120 48 247 76
internal_value=-0.000865564 0.00322422 -0.00202706 -0.00611586 0.00637053 -0.00728967
internal_weight=8.79506 5.35938 1.93015 3.43568 3.42924 2.79493
internal_count=6449 2804 2162 3645 642 3597
is_linear=0
shrinkage=0.025


Tree=265
num_leaves=7
num_cat=0
split_feature=27 13 19 17 22 0
split_gain=1.02847 0.444528 0.300353 0.152575 0.108761 0.0240631
threshold=0.13709136843681338 2.2162357568740849 0.53771728277206432 -0.0084470151923596842 1.2044067382812502 5.3957750797271737
decision_type=2 2 2 2 2 2
left_child=1 -1 4 -3 -2 -4
right_child=2 3 5 -5 -6 -7
leaf_value=-0.0022168877245043574 -0.0088702132996385987 0 0.0016598867524074447 0.0081880309739755484 0 -0.00015887022083147596
leaf_weight=0.65675843015196722 3.7117610490786324 0.48037434415164204 0.81197604759654485 3.4786347315821331 0.17586990717973083 0.18398348349001026
leaf_count=555 4937 313 102 469 9 86
internal_value=-0.000875513 0.00481627 -0.00660251 0.00726671 -0.00833519 0.000429229
internal_weight=9.49936 4.61577 4.88359 3.95901 3.88763 0.99596
internal_count=6471 1337 5134 782 4946 188
is_linear=0
shrinkage=0.025


Tree=266
num_leaves=7
num_cat=0
split_feature=27 5 18 22 18 0
split_gain=0.681333 0.585409 0.247882 0.107682 0.0525452 0.0353447
threshold=0.16882523149251941 4.0370707511901864 0.33855485916137701 -0.25476640462875361 -0.49233116209506983 2.7481634616851811
decision_type=2 2 2 2 2 2
left_child=1 3 4 -1 -2 -4
right_child=2 -3 5 -5 -6 -7
leaf_value=0 0 -0.003212780616234145 0.0018244674913526701 0.00742100134962702 -0.0082979644427660041 -0.00072136352155354692
leaf_weight=0.14256599970030936 0.33789942964358521 1.2815143686093504 0.74099586826923747 3.8756384898842953 2.3116124306907295 0.73016979265958071
leaf_count=317 248 1005 47 504 3899 394
internal_value=-0.000845108 0.0034197 -0.00588319 0.00683651 -0.00784356 1.40199e-05
internal_weight=9.4204 5.29972 4.12068 4.0182 2.64951 1.47117
internal_count=6414 1826 4588 821 4147 441
is_linear=0
shrinkage=0.025


Tree=267
num_leaves=7
num_cat=0
split_feature=21 6 25 27 16 15
split_gain=0.617102 0.457422 0.238942 0.056413 0.0459736 0.0339748
threshold=0.014984086621552707 3.1850359439849858 2.7013382911682133 0.1010919325053692 1.4135047793388369 3.0025597810745244
decision_type=2 2 2 2 2 2
left_child=4 2 -2 -3 5 -1
right_child=1 3 -4 -5 -6 -7
leaf_value=-0.0059660709738644626 0.0078710981406971223 0 -8.8586306175452374e-06 -0.0032816228523202921 0 0
leaf_weight=1.6484944165786144 4.8956169031334866 1.1228387741830372 1.1546002981049239 0.8050421762454788 0.15552600740920741 0.072318548129260196
leaf_count=3126 1143 355 711 970 68 13
internal_value=0.000640548 0.00397541 0.00647814 -0.00198352 -0.00521037 -0.00566141
internal_weight=9.85444 7.9781 6.05022 1.92788 1.87634 1.72081
internal_count=6386 3179 1854 1325 3207 3139
is_linear=0
shrinkage=0.025


Tree=268
num_leaves=6
num_cat=0
split_feature=21 27 13 25 24
split_gain=0.719516 0.389185 0.269394 0.202483 0.124785
threshold=0.18306124210357669 0.12957102060317996 2.2162357568740849 0.74235084652900707 -4.8273584842681876
decision_type=2 2 2 2 2
left_child=4 2 -2 -3 -1
right_child=1 3 -4 -5 -6
leaf_value=0 -0.00070229992980920541 0.0015278720596320907 0.008128180115965309 -0.0044757416437234392 -0.0072089930368765837
leaf_weight=0.46547482031746801 0.3279364291847745 2.4853356728599469 3.4014627302094596 0.89632010586501554 2.1690435219425126
leaf_count=37 170 739 324 990 4203
internal_value=0 0.0035788 0.00667821 -0.00103843 -0.00621172
internal_weight=9.74557 7.11105 3.7294 3.38166 2.63452
internal_count=6463 2223 494 1729 4240
is_linear=0
shrinkage=0.025


Tree=269
num_leaves=6
num_cat=0
split_feature=21 13 25 21 16
split_gain=0.586735 0.441386 0.239911 0.0687401 0.0480493
threshold=0.014984086621552707 2.9653348922729497 2.7013382911682133 1.3932017087936404 1.4135047793388369
decision_type=2 2 2 2 2
left_child=4 3 -3 -2 -1
right_child=1 2 -4 -5 -6
leaf_value=-0.0059901803802785312 -0.0036459619446622101 0.00738975010396066 -0.00020304310059526053 0 0
leaf_weight=1.6467264971252005 0.9406823034478291 5.0326529190788278 1.1223623044279518 0.67399187825503759 0.15799848529786675
leaf_count=3159 971 1371 786 57 60
internal_value=7.19623e-05 0.00352105 0.00597451 -0.00233314 -0.00553497
internal_weight=9.57441 7.76969 6.15502 1.61467 1.80472
internal_count=6404 3185 2157 1028 3219
is_linear=0
shrinkage=0.025


Tree=270
num_leaves=7
num_cat=0
split_feature=13 22 25 21 26 21
split_gain=0.767487 0.361605 0.344586 0.200327 0.134706 0.0538445
threshold=4.0166947841644296 0.86845800280570995 2.7013382911682133 0.0066880939994007358 -1.0140062570571897 1.8219149708747866
decision_type=2 2 2 2 2 2
left_child=1 5 3 -2 -4 -1
right_child=2 -3 4 -5 -6 -7
leaf_value=-0.0087629084797243764 -0.00032175568613224906 0.0008363980972599512 0.0012817211105318801 0.0075748243057848306 -0.0039108671342793213 0
leaf_weight=2.4048416344230654 0.27078626457660027 1.1752465941463013 0.5238787916023282 3.6081054284622951 0.84068093017776846 0.26466821413487185
leaf_count=3768 461 98 28 795 1273 25
internal_value=-0.000347206 -0.00595137 0.00405107 0.00644889 -0.00149453 -0.00835169
internal_weight=9.08821 3.84476 5.24345 3.87889 1.36456 2.66951
internal_count=6448 3891 2557 1256 1301 3793
is_linear=0
shrinkage=0.025


Tree=271
num_leaves=7
num_cat=0
split_feature=26 13 12 15 22 21
split_gain=0.644247 0.377087 0.322135 0.214396 0.182569 0.11059
threshold=-1.0002914667129514 2.2162357568740849 5.8290770053863534 0.17087481915950778 1.2044067382812502 0.18306124210357669
decision_type=2 2 2 2 2 2
left_child=1 -1 4 -4 -2 -3
right_child=2 5 3 -5 -6 -7
leaf_value=-0.0019690513658109166 -0.0078379477830142399 0 0.0044994580192376848 -0.0022009431644495719 6.2443948646843044e-05 0.0075920608893149336
leaf_weight=0.59874948903598157 3.7817235094007629 0.23627372343617059 0.67095747078928958 0.57664197618942126 0.32679729222581944 2.893812444905052
leaf_count=485 4998 238 118 393 32 227
internal_value=-0.000285353 0.00443776 -0.00473205 0.00111921 -0.00683405 0.00688932
internal_weight=9.08496 3.72884 5.35612 1.2476 4.10852 3.13009
internal_count=6491 950 5541 511 5030 465
is_linear=0
shrinkage=0.025


Tree=272
num_leaves=7
num_cat=0
split_feature=22 17 13 12 25 11
split_gain=0.760094 0.617189 0.288436 0.191751 0.123646 0.13919
threshold=0.71705839037895214 0.52575585246086132 3.5596128702163701 7.150001287460328 -0.44542385637760157 2.1998300552368169
decision_type=2 2 2 2 2 2
left_child=1 3 -3 -1 5 -2
right_child=4 2 -4 -5 -6 -7
leaf_value=-0.010084228870207672 0 -0.002804529641257711 0.0046089362403212803 0 -0.00013098440397283433 0.0066377569521115752
leaf_weight=3.0127753934684738 0.33359948790166605 0.68717277325049542 2.0015504926195717 0.23062408441910509 0.26561190547363356 2.5905674369023473
leaf_count=5238 61 539 334 17 112 158
internal_value=-0.00111738 -0.00543085 0.00130969 -0.00918196 0.00455949 0.00558808
internal_weight=9.1219 5.93212 2.68872 3.2434 3.18978 2.92417
internal_count=6459 6128 873 5255 331 219
is_linear=0
shrinkage=0.025


Tree=273
num_leaves=7
num_cat=0
split_feature=21 19 26 12 13 26
split_gain=0.426997 0.441584 0.448852 0.167713 0.144559 0.0938362
threshold=1.0058498978614809 0.19825292378664019 -0.37220074236392969 2.4492747783660893 2.2162357568740849 -0.80606129765510548
decision_type=2 2 2 2 2 2
left_child=1 2 -1 -3 -2 -6
right_child=4 3 -4 -5 5 -7
leaf_value=-0.0092115448913312799 -0.00052379766833537706 -0.001779771758712221 0.0016437232599994809 0.0037830870253993901 0.0060802911963691759 0
leaf_weight=2.8125903321742958 0.27555101578764185 0.49679575021218658 0.35145201267005166 2.3271031388030678 2.4688380142688411 0.40852495862054583
leaf_count=5087 87 343 84 551 167 122
internal_value=-2.525e-05 -0.00354786 -0.006972 0.00149363 0.00397117 0.00525429
internal_weight=9.14086 5.98794 3.16404 2.8239 3.15291 2.87736
internal_count=6441 6065 5171 894 376 289
is_linear=0
shrinkage=0.025


Tree=274
num_leaves=7
num_cat=0
split_feature=21 22 17 2 16 16
split_gain=0.880995 0.575202 0.415382 0.169437 0.098188 0.0143807
threshold=0.95617026090621959 0.7876526713371278 0.84052234888076793 5.3932950496673593 0.80184942483901989 -0.10374606028199194
decision_type=2 2 2 2 2 2
left_child=1 2 -1 4 -2 -3
right_child=3 5 -4 -5 -6 -7
leaf_value=-0.010766048269746711 0.0065614118206575719 0 0.00052386718014581647 -0.00054238838725977566 0 0.0022670038642423969
leaf_weight=3.4629292426070606 3.1652221213007588 0.20207573856168881 0.79876308629900439 0.31483248194126634 0.24356162904587098 1.0769049435330087
leaf_count=5734 268 48 181 65 107 72
internal_value=-0.00120888 -0.00604862 -0.00883473 0.00461538 0.00587427 0.00188215
internal_weight=9.26429 5.54067 4.26169 3.72362 3.40878 1.27898
internal_count=6475 6035 5915 440 375 120
is_linear=0
shrinkage=0.025


Tree=275
num_leaves=6
num_cat=0
split_feature=6 25 21 15 26
split_gain=0.549311 0.420957 0.196506 0.093515 0.0919391
threshold=2.8977894783020024 2.7013382911682133 0.014984086621552707 0.55889534950256359 -1.0140062570571897
decision_type=2 2 2 2 2
left_child=1 2 -1 -2 -3
right_child=3 4 -4 -5 -6
leaf_value=-0.00030068362657044629 -0.0064444486376657728 0.00038512194735304425 0.007036496190371621 0 -0.0039483986405939751
leaf_weight=0.49304959081200639 2.0273008152689731 0.37160663758550061 4.234347652985889 0.84788907762413135 1.0905657738403531
leaf_count=637 2766 26 1032 476 1586
internal_value=-0.000108534 0.00313654 0.00586753 -0.00544406 -0.00243405
internal_weight=9.06476 6.18957 4.7274 2.87519 1.46217
internal_count=6523 3281 1669 3242 1612
is_linear=0
shrinkage=0.025


Tree=276
num_leaves=6
num_cat=0
split_feature=6 25 17 26 16
split_gain=0.603983 0.464722 0.128189 0.0914089 0.0656104
threshold=3.3203066587448125 2.7013382911682133 0.012980796862393619 -1.0140062570571897 -1.5173342227935789
decision_type=2 2 2 2 2
left_child=1 2 -1 -3 -2
right_child=4 3 -4 -5 -6
leaf_value=0 0 0.00036454192297669937 0.0071785806929524736 -0.0039691172825610426 -0.006189895174525728
leaf_weight=1.0117149004072414 0.23682603184715878 0.35888382094708493 4.3712378641321266 1.0977676863985832 1.9555630003633266
leaf_count=748 21 36 1254 1766 2596
internal_value=0 0.00358299 0.00622852 -0.00247794 -0.00559927
internal_weight=9.03199 6.8396 5.38295 1.45665 2.19239
internal_count=6421 3804 2002 1802 2617
is_linear=0
shrinkage=0.025


Tree=277
num_leaves=7
num_cat=0
split_feature=21 19 2 12 12 26
split_gain=0.760092 0.453252 0.172309 0.158644 0.0846135 0.0791644
threshold=0.97700640559196483 0.5081714689731599 5.3932950496673593 7.150001287460328 2.6012917757034306 -0.80606129765510548
decision_type=2 2 2 2 2 2
left_child=1 3 5 -1 -3 -2
right_child=2 4 -4 -5 -6 -7
leaf_value=-0.0089451399177486006 0.0064912138105191544 -0.00086495179891834216 -0.00058068482422084526 0 0.0030998403665291048 0
leaf_weight=3.6374260707816579 2.6964396925068295 0.30399461419074203 0.35906737222830987 0.24519379591220047 1.2429449783085145 0.37903674416884303
leaf_count=5714 209 178 68 22 112 129
internal_value=-0.000991934 -0.00553711 0.00447533 -0.00816359 0.00130052 0.00583363
internal_weight=8.8641 5.42956 3.43454 3.88262 1.54694 3.07548
internal_count=6432 6026 406 5736 290 338
is_linear=0
shrinkage=0.025


Tree=278
num_leaves=7
num_cat=0
split_feature=13 25 18 20 27 17
split_gain=0.513666 0.517438 0.126295 0.111462 0.0930166 0.0130081
threshold=2.9653348922729497 2.7013382911682133 0.53917524218559276 -0.1244119070470333 0.091763462871313109 0.49812771379947668
decision_type=2 2 2 2 2 2
left_child=2 3 -1 -2 -3 -4
right_child=1 4 5 -5 -6 -7
leaf_value=-0.0058218243743784577 0 0.00033685201951525227 -0.00013691199326576814 0.0072886845577992375 -0.0040438128169949161 0.0012090228827823122
leaf_weight=1.5167106233075176 0.69123257546380035 0.40660968536758435 0.20608661447113252 5.0786613070849853 1.1463604147447766 0.49516484074410982
leaf_count=2000 363 71 141 1901 1949 22
internal_value=0.000655653 0.00387831 -0.00443451 0.00657624 -0.00256121 0
internal_weight=9.54083 7.32286 2.21796 5.76989 1.55297 0.701251
internal_count=6447 4284 2163 2264 2020 163
is_linear=0
shrinkage=0.025


Tree=279
num_leaves=6
num_cat=0
split_feature=6 21 14 21 10
split_gain=0.655672 0.426161 0.197638 0.14625 0.0318107
threshold=3.2813643217086796 0.0066880939994007358 0.55493181943893444 1.8219149708747866 2.9534498453140263
decision_type=2 2 2 2 2
left_child=1 4 -3 -2 -1
right_child=3 2 -4 -5 -6
leaf_value=0 -0.0062539263156358984 0.0080773720589035237 0 0.00011833200463432265 -0.0028073156545615351
leaf_weight=0.19616506151578483 1.8335101829161433 4.3184178219489695 1.7229725825709463 0.46703581357724022 0.84203582721966086
leaf_count=27 2644 1405 553 28 1750
internal_value=0.000850421 0.00449672 0.00662386 -0.00490913 -0.00208143
internal_weight=9.38014 7.07959 6.04139 2.30055 1.0382
internal_count=6407 3735 1958 2672 1777
is_linear=0
shrinkage=0.025


Tree=280
num_leaves=7
num_cat=0
split_feature=6 27 27 16 24 1
split_gain=0.599165 0.29253 0.150829 0.144429 0.050202 0.0439944
threshold=2.8349920511245732 0.22200034558773044 0.7136860489845277 -1.5173342227935789 -5.5527069568634024 0.55652940273284923
decision_type=2 2 2 2 2 2
left_child=1 5 -3 -2 -5 -1
right_child=3 2 -4 4 -6 -7
leaf_value=0 1.8730503511745382e-06 -0.0034292792861884817 0.0018796255965980325 0 -0.0071659949548361929 0.0062841908083366739
leaf_weight=0.05546509521082077 0.35677687567658756 1.9396870864256928 0.52645060524446297 0.37879748937848567 2.2442082344696241 3.3007912620960269
leaf_count=14 25 2469 126 33 3226 536
internal_value=-0.000127696 0.00338965 -0.000959059 -0.00560124 -0.00668459 0.00599486
internal_weight=8.80218 5.82239 2.46614 2.97978 2.62301 3.35626
internal_count=6429 3145 2595 3284 3259 550
is_linear=0
shrinkage=0.025


Tree=281
num_leaves=7
num_cat=0
split_feature=13 25 22 15 16 26
split_gain=0.528417 0.365119 0.318612 0.163382 0.09901 0.0802946
threshold=4.0166947841644296 2.7013382911682133 0.7876526713371278 0.2582028210163117 -1.5173342227935789 -1.0822340846061704
decision_type=2 2 2 2 2 2
left_child=2 3 4 -2 -1 -3
right_child=1 5 -4 -5 -6 -7
leaf_value=0 0.0071003907935883711 0.00033815635439016109 0.00083309548933803781 0 -0.0081867254255614946 -0.0036776464146704765
leaf_weight=0.2268643748539042 2.8971463954840151 0.29213334816449765 1.2515026442088126 0.79808254937597656 2.3858950218673272 0.85822730371910438
leaf_count=22 931 13 118 354 3733 1321
internal_value=-0.000637135 0.00314656 -0.00518541 0.00583477 -0.00754298 -0.00219579
internal_weight=8.70985 4.84559 3.86426 3.69523 2.61276 1.15036
internal_count=6492 2619 3873 1285 3755 1334
is_linear=0
shrinkage=0.025


Tree=282
num_leaves=7
num_cat=0
split_feature=27 5 1 19 24 3
split_gain=0.587034 0.393925 0.267378 0.363015 0.125963 0.0452563
threshold=0.12957102060317996 4.7393548488616952 0.12270747125148775 0.53771728277206432 0.18714576214551928 -0.23797519505023954
decision_type=2 2 2 2 2 2
left_child=1 4 5 -4 -1 -2
right_child=2 -3 3 -5 -6 -7
leaf_value=0.007559269042669116 -6.2709089055019976e-05 -0.0021210746385688776 -0.0083607959480300354 0.00080632821922427083 0 0.0027482453827065534
leaf_weight=3.3241283720672077 0.24071111109515186 0.5869233438897935 3.1587946448362345 1.1844710721379668 0.16826032002427371 0.15622829078347411
leaf_count=361 121 498 4892 190 369 20
internal_value=0 0.00440115 -0.00442859 -0.00609822 0.00683667 0.00140671
internal_weight=8.81952 4.07931 4.74021 4.34327 3.49239 0.396939
internal_count=6451 1228 5223 5082 730 141
is_linear=0
shrinkage=0.025


Tree=283
num_leaves=7
num_cat=0
split_feature=21 19 26 13 10 26
split_gain=0.517649 0.321718 0.410238 0.17163 0.161133 0.0819408
threshold=0.97700640559196483 0.19825292378664019 -0.37220074236392969 2.2162357568740849 2.6109836101531987 -0.80606129765510548
decision_type=2 2 2 2 2 2
left_child=1 2 -1 -2 -3 -5
right_child=3 4 -4 5 -6 -7
leaf_value=-0.0087332685174076746 -0.00055288214925481997 -0.0019628533119869819 0.0015593470033194367 0.0066399340575874133 0.0034982781179699568 0
leaf_weight=2.5824531200069036 0.28420809164526906 0.69242434470652403 0.36667226477584325 2.7196613335254378 1.9401441901318319 0.37912742563639712
leaf_count=5050 91 410 95 180 493 117
internal_value=0 -0.00363797 -0.00649142 0.00467842 0.000898146 0.00597505
internal_weight=8.96469 5.58169 2.94913 3.383 2.63257 3.09879
internal_count=6436 6048 5145 388 903 297
is_linear=0
shrinkage=0.025


Tree=284
num_leaves=7
num_cat=0
split_feature=13 26 22 21 26 21
split_gain=0.491711 0.328389 0.2673 0.203103 0.146306 0.0857832
threshold=4.0166947841644296 -0.88278710842132557 0.7876526713371278 1.3076707720756533 -0.37220074236392969 0.0066880939994007358
decision_type=2 2 2 2 2 2
left_child=2 5 3 -1 -3 -2
right_child=1 4 -4 -5 -6 -7
leaf_value=-0.0079430727767417064 0 -0.0036767691551089208 0.00091155445460369884 5.0706355370266334e-05 0.001673633007630043 0.0069442198073138301
leaf_weight=2.2417524207739921 0.1054428729858049 1.4740938590348376 1.2076290834811514 0.63632705344934937 0.32362052559619758 3.0277227787373704
leaf_count=3755 200 1997 115 64 79 290
internal_value=0 0.00374457 -0.00430097 -0.00647188 -0.0012716 0.00640351
internal_weight=9.01659 4.93088 4.08571 2.87808 1.79771 3.13317
internal_count=6500 2566 3934 3819 2076 490
is_linear=0
shrinkage=0.025


Tree=285
num_leaves=7
num_cat=0
split_feature=27 5 27 22 17 27
split_gain=0.380807 0.293443 0.276202 0.277121 0.114687 0.0617585
threshold=0.12957102060317996 4.7393548488616952 0.7136860489845277 0.74892738461494457 0.11401496455073358 0.74190044403076183
decision_type=2 2 2 2 2 2
left_child=1 4 3 -2 -1 -4
right_child=2 -3 5 -5 -6 -7
leaf_value=0 -0.0074692779611402974 -0.0018710673731461725 0.0032275561179589719 0.00047179780302751968 0.0066786529737452392 -0.00022530288942628268
leaf_weight=0.59751759599385046 3.2031575435212289 0.54191053758040642 0.30322188401623851 1.278014766932756 2.7020833860333369 0.24339663986029336
leaf_count=336 4897 490 28 169 387 102
internal_value=0 0.00349287 -0.00360245 -0.00549085 0.00572335 0.00174613
internal_weight=8.8693 3.84151 5.02779 4.48117 3.2996 0.546619
internal_count=6409 1213 5196 5066 723 130
is_linear=0
shrinkage=0.025


Tree=286
num_leaves=6
num_cat=0
split_feature=21 13 14 21 16
split_gain=0.476525 0.34265 0.28213 0.0568082 0.0425657
threshold=0.0066880939994007358 2.9653348922729497 0.44188146293163305 1.3932017087936404 1.4135047793388369
decision_type=2 2 2 2 2
left_child=4 3 -3 -2 -1
right_child=1 2 -4 -5 -6
leaf_value=-0.0054480861947878486 -0.0032109117793994372 0.0074636865070068746 -0.00013353483793075423 0 0
leaf_weight=1.4902000566689819 0.83644917893980142 3.9320204119430855 2.0735391185553453 0.64346654879045673 0.15397115451560228
leaf_count=3131 966 1480 753 52 57
internal_value=7.88437e-05 0.00325002 0.00540374 -0.00195113 -0.00499898
internal_weight=9.12965 7.48548 6.00556 1.47992 1.64417
internal_count=6439 3251 2233 1018 3188
is_linear=0
shrinkage=0.025


Tree=287
num_leaves=6
num_cat=0
split_feature=13 25 19 19 16
split_gain=0.484881 0.429459 0.187295 0.161668 0.11608
threshold=2.9653348922729497 0.74235084652900707 -0.14279016852378842 -0.30668282508850092 -1.5173342227935789
decision_type=2 2 2 2 2
left_child=4 2 -2 -3 -1
right_child=1 3 -4 -5 -6
leaf_value=0 -0.00016417362022620404 0.0014857225744371644 0.0073838290520353358 -0.0040004479091950698 -0.0062730162798608716
leaf_weight=0.34994404934695911 0.42091537447413419 0.57853422232256013 3.7300913598173793 2.1290203953667515 1.5968633616939767
leaf_count=26 307 607 512 2891 2129
internal_value=0 0.00312773 0.00626396 -0.00181395 -0.00518892
internal_weight=8.80537 6.85856 4.15101 2.70755 1.94681
internal_count=6472 4317 819 3498 2155
is_linear=0
shrinkage=0.025


Tree=288
num_leaves=7
num_cat=0
split_feature=6 21 14 21 24 16
split_gain=0.514337 0.365913 0.204926 0.142674 0.0977616 0.025078
threshold=2.8977894783020024 0.014984086621552707 0.38794639706611639 1.3932017087936404 -5.5527069568634024 1.4135047793388369
decision_type=2 2 2 2 2 2
left_child=1 5 -3 4 -2 -1
right_child=3 2 -4 -5 -6 -7
leaf_value=-0.0026166165590898686 0 0.0078637693262051372 0 0.00021769716099094623 -0.0064902177712276316 0
leaf_weight=0.76750479879046896 0.44482401321874987 3.3111666625627549 2.0157926417741692 0.66202865203376848 1.9369661980472301 0.11420725319476333
leaf_count=1567 29 1013 664 58 3106 3
internal_value=0.000348732 0.00401841 0.00611275 -0.00420456 -0.0055953 -0.00201219
internal_weight=9.25249 6.20867 5.32696 3.04382 2.38179 0.881712
internal_count=6440 3247 1677 3193 3135 1570
is_linear=0
shrinkage=0.025


Tree=289
num_leaves=7
num_cat=0
split_feature=22 27 19 9 13 23
split_gain=0.609261 0.280585 0.128683 0.104872 0.0422948 0.0241667
threshold=0.82463103532791149 0.073289144784212126 0.3457478135824204 0.63405069708824169 2.2707862854003911 -4.8660480976104727
decision_type=2 2 2 2 2 2
left_child=1 4 -3 -2 -1 -5
right_child=3 2 -4 5 -6 -7
leaf_value=-0.00062298812602992054 -0.00019734037343006181 -0.0083522440996984752 0 0 0.0020632985660884173 0.0050879953094597275
leaf_weight=0.34292173079666088 0.22179895154840812 3.3293848536377482 0.82655145441458433 0.28866829402977634 1.0207840464572653 2.0174704390301486
leaf_count=354 32 5198 345 75 217 139
internal_value=-0.00189731 -0.00557141 -0.00739448 0.00366687 0.000446925 0.00477468
internal_weight=8.04758 5.51964 4.15594 2.52794 1.36371 2.30614
internal_count=6360 6114 5543 246 571 214
is_linear=0
shrinkage=0.025


Tree=290
num_leaves=7
num_cat=0
split_feature=26 12 26 24 21 26
split_gain=0.541823 0.366356 0.307114 0.228042 0.159418 0.0491515
threshold=-0.96796631813049305 2.6012917757034306 -0.39788511395454401 -3.6522214412689205 0.18306124210357669 -0.33426733314990992
decision_type=2 2 2 2 2 2
left_child=1 -1 3 -2 -3 -4
right_child=2 4 5 -5 -6 -7
leaf_value=-0.0018220580844340566 7.3312286486388261e-05 0 0.0030001960523072424 -0.0076788612870476143 0.0077461586447695923 0
leaf_weight=0.72287256899289776 1.0933969810175765 0.19927602195457472 0.32979717875059578 3.0825009769941971 3.1470970772425062 0.2057385632288059
leaf_count=512 174 398 52 4862 395 79
internal_value=0 0.00444562 -0.00405136 -0.00603403 0.00682881 0.00176553
internal_weight=8.78068 4.06925 4.71143 4.1759 3.34637 0.535536
internal_count=6472 1305 5167 5036 793 131
is_linear=0
shrinkage=0.025


Tree=291
num_leaves=6
num_cat=0
split_feature=6 21 14 21 7
split_gain=0.575773 0.386248 0.214834 0.0638308 0.0258381
threshold=3.2813643217086796 0.014984086621552707 0.42127153277397161 1.8219149708747866 0.69337579607963573
decision_type=2 2 2 2 2
left_child=1 4 -3 -2 -1
right_child=3 2 -4 -5 -6
leaf_value=0 -0.0057091840666795924 0.0077921908833616695 0 0 -0.0027447538967483661
leaf_weight=0.20507171190183704 1.87188411101306 3.6370894995852723 2.0384408535683178 0.27786207728786383 0.80819428829454409
leaf_count=40 2659 1254 700 20 1798
internal_value=0.00020764 0.00388433 0.0060454 -0.00507427 -0.00214271
internal_weight=8.83854 6.6888 5.67553 2.14975 1.01327
internal_count=6471 3792 1954 2679 1838
is_linear=0
shrinkage=0.025


Tree=292
num_leaves=7
num_cat=0
split_feature=24 26 19 5 25 6
split_gain=0.729066 0.278034 0.135724 0.105439 0.105101 0.0686717
threshold=-3.5315110683441158 -1.0290753245353697 0.39877441525459295 4.7393548488616952 -0.51385000348091114 3.2813643217086796
decision_type=2 2 2 2 2 2
left_child=3 5 -3 4 -1 -2
right_child=1 2 -4 -5 -6 -7
leaf_value=0.005572410419787132 0.0024070327978112285 -0.0091464160893646885 0 -0.00026823859874036145 0 -0.0012981096155313149
leaf_weight=2.4004822294336927 0.83444920742476802 3.3505878706127992 0.57455635698715912 0.19162067638535507 0.27601840253919352 0.45735527361830464
leaf_count=170 59 5325 212 56 115 519
internal_value=-0.00251831 -0.00656293 -0.0082926 0.00353972 0.00462366 0.00011276
internal_weight=8.08507 5.21695 3.92514 2.86812 2.6765 1.2918
internal_count=6456 6115 5537 341 285 578
is_linear=0
shrinkage=0.025


Tree=293
num_leaves=7
num_cat=0
split_feature=21 19 13 11 26 5
split_gain=0.805571 0.484966 0.176122 0.16619 0.0922433 0.0614117
threshold=0.95617026090621959 0.5081714689731599 2.2162357568740849 7.0219130516052255 -0.84875690937042225 4.7393548488616952
decision_type=2 2 2 2 2 2
left_child=1 3 -2 -1 -4 -3
right_child=2 5 4 -5 -6 -7
leaf_value=-0.009915364541811883 -0.00073303968512908259 0.0026531603140991845 0.0064517363577892527 0 0 -0.00061502132960298032
leaf_weight=2.9917027349110872 0.31604637744021635 1.2766545340455193 2.5103284087599613 0.24571919578011137 0.53978428475966156 0.28397100785150531
leaf_count=5642 97 147 173 20 146 156
internal_value=-0.00152935 -0.00628088 0.00420236 -0.00909794 0.0056278 0.00109033
internal_weight=8.16421 4.79805 3.36616 3.23742 3.05011 1.56063
internal_count=6381 5965 416 5662 319 303
is_linear=0
shrinkage=0.025


Tree=294
num_leaves=7
num_cat=0
split_feature=6 26 14 24 24 16
split_gain=0.45312 0.307788 0.179368 0.113457 0.0549617 0.0550438
threshold=3.2813643217086796 -0.88278710842132557 0.28059390187263494 0.44871032238006597 -5.5527069568634024 -1.5173342227935789
decision_type=2 2 2 2 2 2
left_child=1 3 -3 -1 -2 -6
right_child=4 2 -4 -5 5 -7
leaf_value=0.0068891026195919691 0 0.0018615673402190285 -0.0038864935547270013 0 0 -0.0052996438088453741
leaf_weight=3.8565754229985032 0.31770753502496552 1.3993894717277728 1.2956042161422372 0.16961236372117117 0.2286072463903116 1.877519128423955
leaf_count=433 27 1771 1143 389 20 2619
internal_value=0.000492341 0.00372018 -0.000819355 0.00622188 -0.00409368 -0.00472667
internal_weight=9.14502 6.72118 2.69499 4.02619 2.42383 2.10613
internal_count=6402 3736 2914 822 2666 2639
is_linear=0
shrinkage=0.025


Tree=295
num_leaves=7
num_cat=0
split_feature=17 22 26 24 23 11
split_gain=0.375799 0.375306 0.436851 0.256628 0.213364 0.0556467
threshold=0.47026224434375768 0.71705839037895214 -0.37220074236392969 0.44871032238006597 -5.6700115203857413 2.1998300552368169
decision_type=2 2 2 2 2 2
left_child=1 2 -1 4 -2 -3
right_child=3 5 -4 -5 -6 -7
leaf_value=-0.0088204897056041922 -0.00064273001210316211 -0.00018636874506039675 0.001740079109780213 -0.0015949273942926006 0.006870970329313099 0.0029224770651214817
leaf_weight=2.5930082736977056 0.30585643472295521 0.17750363693630777 0.33361937061999958 0.51324113281407324 3.3247138755032211 1.4039827657034036
leaf_count=5063 161 59 86 688 336 113
internal_value=0 -0.00354356 -0.00648991 0.00355381 0.00550817 0.00174741
internal_weight=8.65193 4.50811 2.92663 4.14381 3.63057 1.58149
internal_count=6506 5321 5149 1185 497 172
is_linear=0
shrinkage=0.025


Tree=296
num_leaves=6
num_cat=0
split_feature=21 13 14 2 15
split_gain=0.425344 0.384479 0.2315 0.0416724 0.0301647
threshold=0.0066880939994007358 2.9653348922729497 0.44188146293163305 4.0055594444274911 3.0025597810745244
decision_type=2 2 2 2 2
left_child=4 3 -3 -2 -1
right_child=1 2 -4 -5 -6
leaf_value=-0.0055182101637480272 0 0.0070053780677487576 0 -0.0034800129847504576 0
leaf_weight=1.5003177919570587 0.40385330750359549 3.7060289233140793 2.0586835903450265 0.82431337730304222 0.066524267465865594
leaf_count=3226 263 1447 766 772 13
internal_value=0 0.00268957 0.00512338 -0.00267271 -0.00522219
internal_weight=8.55972 6.99288 5.76471 1.22817 1.56684
internal_count=6487 3248 2213 1035 3239
is_linear=0
shrinkage=0.025


Tree=297
num_leaves=7
num_cat=0
split_feature=27 27 5 25 22 27
split_gain=0.569558 0.41591 0.324282 0.126613 0.0863835 0.0561342
threshold=0.13709136843681338 0.7136860489845277 4.0176563262939462 -3.7432975769042964 -0.0991326868534088 0.74190044403076183
decision_type=2 2 2 2 2 2
left_child=2 3 4 -2 -1 -3
right_child=1 5 -4 -5 -6 -7
leaf_value=0 0 0.0033008535531245452 -0.0017133625048408336 -0.0082939038236741099 0.0068053702160336543 -1.4615549541161337e-05
leaf_weight=0.12536888952308833 0.59071863120334489 0.2853287954458209 0.98662857244744362 3.1808213626190991 2.6818347980879484 0.20935068102699006
leaf_count=259 85 22 792 4881 258 94
internal_value=-0.000725813 -0.00515432 0.00364255 -0.00742527 0.00621723 0.00202377
internal_weight=8.06005 4.26622 3.79383 3.77154 2.8072 0.494679
internal_count=6391 5082 1309 4966 517 116
is_linear=0
shrinkage=0.025


Tree=298
num_leaves=7
num_cat=0
split_feature=13 22 27 27 16 21
split_gain=0.388578 0.285674 0.270845 0.22483 0.0787776 0.0715901
threshold=4.0166947841644296 0.7876526713371278 0.22547122836112979 0.7136860489845277 -1.5173342227935789 0.0066880939994007358
decision_type=2 2 2 2 2 2
left_child=1 4 5 -4 -1 -2
right_child=2 -3 3 -5 -6 -7
leaf_value=0 0 0.00085749019929510497 -0.0046287488917133067 0.002137759062901375 -0.0076668001023781733 0.005774367219215793
leaf_weight=0.23955393348296716 0.10852781843641457 1.1125920011691048 1.1918723079870686 0.47704839841753699 2.0855544131809438 2.6568816089747997
leaf_count=25 214 109 1972 95 3736 301
internal_value=-0.000826667 -0.0047851 0.00248925 -0.00160476 -0.00708068 0.00520724
internal_weight=7.87203 3.4377 4.43433 1.66892 2.32511 2.76541
internal_count=6452 3870 2582 2067 3761 515
is_linear=0
shrinkage=0.025


Tree=299
num_leaves=7
num_cat=0
split_feature=27 19 5 18 21 8
split_gain=0.52164 0.348144 0.327104 0.152284 0.119242 0.0305611
threshold=0.12957102060317996 0.53771728277206432 4.7393548488616952 0.46519304811954504 0.18306124210357669 2.902554035186768
decision_type=2 2 2 2 2 2
left_child=2 3 4 -2 -1 -3
right_child=1 5 -4 -5 -6 -7
leaf_value=0 -0.0080132641461555798 0 -0.0019731261083176994 0 0.0069349773235126968 0.0023489315114557218
leaf_weight=0.27836653378108245 2.7763032121947622 0.31386432783256146 0.5323440187567029 0.89623894074611588 3.0141677620595146 0.78003380157315405
leaf_count=374 4736 133 495 292 396 47
internal_value=-0.000313809 -0.00451803 0.00380855 -0.00682657 0.0061231 0.00144876
internal_weight=8.59132 4.76644 3.82488 3.67254 3.29253 1.0939
internal_count=6473 5208 1265 5028 770 180
is_linear=0
shrinkage=0.025


Tree=300
num_leaves=7
num_cat=0
split_feature=6 21 25 22 21 8
split_gain=0.496028 0.338877 0.131431 0.0645426 0.0789302 0.0271054
threshold=3.2813643217086796 0.0066880939994007358 2.7013382911682133 0.98862224817276012 1.8219149708747866 1.7184534668922427
decision_type=2 2 2 2 2 2
left_child=1 5 -3 4 -2 -1
right_child=3 2 -4 -5 -6 -7
leaf_value=0 -0.00588883760454742 0.0069352185856626104 0 0 0 -0.0025349523562268861
leaf_weight=0.19052334789739678 1.6000028136768381 4.3081963774566248 1.1109458099745095 0.39023924092180085 0.24491080918232899 0.77463894147513201
leaf_count=19 2669 1193 729 35 19 1792
internal_value=0.00047806 0.00390863 0.00592325 -0.00438639 -0.00512158 -0.00183869
internal_weight=8.61946 6.3843 5.41914 2.23515 1.84491 0.965162
internal_count=6456 3733 1922 2723 2688 1811
is_linear=0
shrinkage=0.025


Tree=301
num_leaves=7
num_cat=0
split_feature=26 7 19 12 22 8
split_gain=0.409673 0.258451 0.341318 0.234888 0.049303 0.0425633
threshold=-1.0055539011955259 5.0792167186737069 0.53771728277206432 2.6012917757034306 -0.25476640462875361 5.2785959243774423
decision_type=2 2 2 2 2 2
left_child=3 2 -2 -1 -5 -3
right_child=1 5 -4 4 -6 -7
leaf_value=-0.0014514535048806608 -0.0080088045712798997 0.0026908498510517451 0.0008091222301308495 0 0.0057978700724610963 -3.3302373265021249e-06
leaf_weight=0.6358884748660788 3.4340905952903995 0.16454709712343163 1.1342856795236 0.091398477346957274 2.4024743070549444 0.22896117670825333
leaf_count=428 5081 30 215 180 276 193
internal_value=-0.000780159 -0.00426164 -0.00588748 0.00319695 0.00539383 0.00141459
internal_weight=8.09165 4.96188 4.56838 3.12976 2.49387 0.393508
internal_count=6403 5519 5296 884 456 223
is_linear=0
shrinkage=0.025


Tree=302
num_leaves=7
num_cat=0
split_feature=26 12 13 23 24 21
split_gain=0.396043 0.323912 0.259948 0.277292 0.16855 0.0496204
threshold=-1.0002914667129514 2.6012917757034306 4.8699512481689462 -2.4546442031860347 -3.6522214412689205 -0.15818623453378675
decision_type=2 2 2 2 2 2
left_child=1 -1 4 -4 -2 -3
right_child=2 5 3 -5 -6 -7
leaf_value=-0.0016505684973436862 0 0 -0.0028069199752155396 0.0046504873086234159 -0.0069348110204502603 0.006886926414982477
leaf_weight=0.66274402641283847 0.81105644155104561 0.074982548481785538 0.56444804253624159 1.4000889712369824 2.3082892627116962 2.8632572462665844
leaf_count=433 106 128 601 560 4212 389
internal_value=0 0.00424407 -0.00303043 0.00113354 -0.00550575 0.00656315
internal_weight=8.68487 3.60098 5.08388 1.96454 3.11935 2.93824
internal_count=6429 950 5479 1161 4318 517
is_linear=0
shrinkage=0.025


Tree=303
num_leaves=7
num_cat=0
split_feature=26 5 27 18 13 27
split_gain=0.378854 0.328328 0.253926 0.224547 0.0835609 0.0616178
threshold=-0.99777647852897633 4.7393548488616952 0.7136860489845277 0.52571055293083202 2.2162357568740849 0.74190044403076183
decision_type=2 2 2 2 2 2
left_child=1 4 3 -2 -1 -4
right_child=2 -3 5 -5 -6 -7
leaf_value=0 -0.0067670213729860056 -0.0019023769798910248 0.0032403235369307479 0.00038979640580391085 0.0068604336289345182 -0.00021360035775949143
leaf_weight=0.1183579376847782 3.3752931268736575 0.52138846869274846 0.29113400953792723 1.0843995129871471 2.8941687484148133 0.23855145855486626
leaf_count=129 5081 462 24 270 409 103
internal_value=0 0.00396398 -0.00320621 -0.00507988 0.00631287 0.00176792
internal_weight=8.52329 3.53392 4.98938 4.45969 3.01253 0.529685
internal_count=6478 1000 5478 5351 538 127
is_linear=0
shrinkage=0.025


Tree=304
num_leaves=7
num_cat=0
split_feature=27 5 12 22 15 22
split_gain=0.405177 0.355737 0.262551 0.238561 0.179258 0.086408
threshold=0.12957102060317996 4.7393548488616952 5.8290770053863534 0.74892738461494457 0.17087481915950778 -0.25476640462875361
decision_type=2 2 2 2 2 2
left_child=1 5 3 -2 -4 -1
right_child=2 -3 4 -5 -6 -7
leaf_value=0 -0.0073197195554753416 -0.0020360465814404922 0.0043757651486390353 0.00038635135185083834 -0.0017629100430416014 0.0069574206526726648
leaf_weight=0.12634603986953186 2.5170695978085864 0.5606330404698382 0.63395365756878141 0.96589792491067772 0.44390999486495275 3.3320686549013772
leaf_count=300 4615 496 113 126 353 440
internal_value=0 0.00407859 -0.00328551 -0.00547779 0.00144882 0.00642634
internal_weight=8.57988 4.01905 4.56083 3.48297 1.07786 3.45841
internal_count=6443 1236 5207 4741 466 740
is_linear=0
shrinkage=0.025


Tree=305
num_leaves=7
num_cat=0
split_feature=27 13 27 22 21 27
split_gain=0.470481 0.331222 0.30428 0.268673 0.155054 0.0594015
threshold=0.13709136843681338 2.2162357568740849 0.7136860489845277 0.82463103532791149 0.18306124210357669 0.74190044403076183
decision_type=2 2 2 2 2 2
left_child=1 -1 3 -2 -3 -4
right_child=2 4 5 -5 -6 -7
leaf_value=-0.0018257866849405594 -0.0077779314749534048 0 0.003241271700632882 0.00042025696186246732 0.0073867145515948045 -0.00014732315918674694
leaf_weight=0.57936987066386825 2.9043750647342681 0.34779755319141292 0.29019204754877126 1.0168028888620027 3.0576964026950009 0.23275590898992959
leaf_count=597 4858 418 27 133 347 106
internal_value=0 0.00414451 -0.00384631 -0.00590741 0.00638566 0.00183345
internal_weight=8.42899 3.98486 4.44413 3.92118 3.40549 0.522948
internal_count=6486 1362 5124 4991 765 133
is_linear=0
shrinkage=0.025


Tree=306
num_leaves=7
num_cat=0
split_feature=6 21 25 22 16 16
split_gain=0.485618 0.339757 0.141568 0.065258 0.0584792 0.0254071
threshold=3.2813643217086796 0.0066880939994007358 2.7013382911682133 0.98862224817276012 -1.5173342227935789 1.4135047793388369
decision_type=2 2 2 2 2 2
left_child=1 5 -3 4 -2 -1
right_child=3 2 -4 -5 -6 -7
leaf_value=-0.0026494424659492758 0 0.0067875270642422866 0 0 -0.0059638259469131302 0
leaf_weight=0.75615528240632546 0.22651742397283681 4.1829502997024974 1.1476970361200072 0.38947768782963965 1.5825100082838617 0.11345141284255078
leaf_count=1828 22 1197 759 34 2654 5
internal_value=5.21241e-05 0.00361986 0.005691 -0.00466694 -0.00538667 -0.00204414
internal_weight=8.39876 6.20025 5.33065 2.19851 1.80903 0.869607
internal_count=6499 3789 1956 2710 2676 1833
is_linear=0
shrinkage=0.025


Tree=307
num_leaves=7
num_cat=0
split_feature=6 21 25 22 21 7
split_gain=0.57427 0.34673 0.154576 0.0467766 0.0283824 0.0241277
threshold=3.2813643217086796 0.0066880939994007358 2.7013382911682133 0.98862224817276012 1.8219149708747866 0.69337579607963573
decision_type=2 2 2 2 2 2
left_child=1 5 -3 4 -2 -1
right_child=3 2 -4 -5 -6 -7
leaf_value=0 -0.0058914487801143244 0.0070019752123324109 0 0 0 -0.0025309432146471788
leaf_weight=0.19876090396064672 1.5526749457112603 4.6057438222160272 1.17897840653859 0.35404088074574236 0.26360462972661469 0.75642796548891056
leaf_count=35 2649 1239 779 35 25 1774
internal_value=0.000264122 0.00390939 0.00589152 -0.00501678 -0.00554657 -0.00191302
internal_weight=8.91023 6.73991 5.78472 2.17032 1.81628 0.955189
internal_count=6536 3827 2018 2709 2674 1809
is_linear=0
shrinkage=0.025


Tree=308
num_leaves=6
num_cat=0
split_feature=6 25 21 21 26
split_gain=0.313455 0.435036 0.141233 0.109109 0.086039
threshold=3.2813643217086796 2.7013382911682133 0.0066880939994007358 1.8219149708747866 -1.0822340846061704
decision_type=2 2 2 2 2
left_child=1 2 -1 -2 -3
right_child=3 4 -4 -5 -6
leaf_value=0 -0.0054531752163321703 0.00010477835845654233 0.0063349261536821914 0 -0.0043308275749092042
leaf_weight=0.53395985995302897 1.7136732820363252 0.2610233910381794 4.1271087533750688 0.47012731072027225 0.97454617527728238
leaf_count=735 2644 15 1173 28 1793
internal_value=0 0.00243213 0.00536437 -0.00427767 -0.00305882
internal_weight=8.08044 5.89664 4.66107 2.1838 1.23557
internal_count=6388 3716 1908 2672 1808
is_linear=0
shrinkage=0.025


Tree=309
num_leaves=7
num_cat=0
split_feature=21 19 26 5 12 16
split_gain=0.372689 0.302477 0.391895 0.164193 0.0982375 0.077162
threshold=0.95617026090621959 0.24273744970560077 -0.37220074236392969 4.0176563262939462 2.4492747783660893 0.84802544116973888
decision_type=2 2 2 2 2 2
left_child=1 2 -1 5 -3 -2
right_child=3 4 -4 -5 -6 -7
leaf_value=-0.0083835833601064377 0.0060364721273888713 -0.0011661524122398089 0.0015802334189072142 -0.00064062025649031613 0.0030574499422962157 0
leaf_weight=2.3871424152475815 2.5067848215039712 0.3947480796487074 0.36080715632851923 0.46629588509676967 1.7876075966451024 0.2482619041475117
leaf_count=5218 220 317 94 97 426 121
internal_value=0 -0.00329776 -0.00609315 0.00389828 0.00114331 0.00539016
internal_weight=8.15165 4.93031 2.74795 3.22134 2.18236 2.75505
internal_count=6493 6055 5312 438 743 341
is_linear=0
shrinkage=0.025


Tree=310
num_leaves=7
num_cat=0
split_feature=21 27 20 13 15 27
split_gain=0.556984 0.381 0.228433 0.139806 0.0674984 0.0492183
threshold=0.95617026090621959 0.7136860489845277 1.507636606693268 2.2162357568740849 -0.46596072614192957 0.74190044403076183
decision_type=2 2 2 2 2 2
left_child=1 2 -1 -2 -5 -3
right_child=3 5 -4 4 -6 -7
leaf_value=-0.0079603860285240701 -0.00035674481728937294 0.0032496572019124394 0.0002670172014381777 0 0.0060609150607740074 0
leaf_weight=3.6228100828993774 0.25385769105923861 0.28385941355736566 0.55864323115565628 0.16350695371875268 2.7886146287164588 0.19364226407924434
leaf_count=5692 89 23 211 32 295 84
internal_value=-6.04558e-05 -0.00444622 -0.00663366 0.00437706 0.00553844 0.00213799
internal_weight=7.86493 4.65895 4.18145 3.20598 2.95212 0.477502
internal_count=6426 6010 5903 416 327 107
is_linear=0
shrinkage=0.025


Tree=311
num_leaves=7
num_cat=0
split_feature=27 5 19 18 22 16
split_gain=0.440311 0.316889 0.301375 0.161162 0.10348 0.0217238
threshold=0.12957102060317996 4.7393548488616952 0.53771728277206432 0.45237812399864202 -0.0991326868534088 -0.26579093933105463
decision_type=2 2 2 2 2 2
left_child=1 4 3 -2 -1 -4
right_child=2 -3 5 -5 -6 -7
leaf_value=0 -0.0077281943274911643 -0.0020744600519754289 0 0 0.0065279481964729659 0.0019628601144647583
leaf_weight=0.16018859330142809 2.7032433046042574 0.55767293901953952 0.094587375588162104 0.94463026379526116 2.9031342832604423 0.98592636680768897
leaf_count=386 4775 498 39 298 346 153
internal_value=-0.000493607 0.00337109 -0.00430714 -0.0064462 0.00580919 0.00124898
internal_weight=8.34938 3.621 4.72839 3.64787 3.06332 1.08051
internal_count=6495 1230 5265 5073 732 192
is_linear=0
shrinkage=0.025


Tree=312
num_leaves=7
num_cat=0
split_feature=6 21 14 21 24 8
split_gain=0.477794 0.281172 0.139441 0.103305 0.0687857 0.029604
threshold=3.2042828798294072 0.0066880939994007358 0.42127153277397161 1.8219149708747866 -5.5527069568634024 1.7184534668922427
decision_type=2 2 2 2 2 2
left_child=1 5 -3 4 -2 -1
right_child=3 2 -4 -5 -6 -7
leaf_value=0 0 0.0072203756708434557 0 0 -0.0058720152563869234 -0.0022940764959156514
leaf_weight=0.17607562508965191 0.30484278048970748 3.4254134477596381 2.0974232002536155 0.4583470076904631 1.5643396482682874 0.72381276079249801
leaf_count=11 23 1215 686 27 2726 1753
internal_value=0.000769919 0.00405675 0.0057845 -0.00402627 -0.00516641 -0.00140344
internal_weight=8.75025 6.42273 5.52284 2.32753 1.86918 0.899888
internal_count=6441 3665 1901 2776 2749 1764
is_linear=0
shrinkage=0.025


Tree=313
num_leaves=7
num_cat=0
split_feature=13 25 24 21 21 26
split_gain=0.356822 0.238866 0.187606 0.166981 0.133168 0.108305
threshold=4.0166947841644296 2.7013382911682133 -4.8273584842681876 1.2010505795478823 0.0066880939994007358 -1.0140062570571897
decision_type=2 2 2 2 2 2
left_child=2 4 -1 -4 -2 -3
right_child=1 5 3 -5 -6 -7
leaf_value=0.00065869691580056175 -5.867048454314668e-05 0.0011088588185364657 -0.0070779766012302337 0 0.0062758770362917257 -0.0035039971003435286
leaf_weight=0.8650669664712044 0.21584976589110771 0.5142927212800712 1.9514189853343853 0.79581082188815333 3.0405908402462956 0.74661559343257977
leaf_count=74 461 30 3708 95 772 1259
internal_value=0 0.00313997 -0.00387289 -0.00561076 0.00531776 -0.00124128
internal_weight=8.12965 4.51735 3.6123 2.74723 3.25644 1.26091
internal_count=6399 2522 3877 3803 1233 1289
is_linear=0
shrinkage=0.025


Tree=314
num_leaves=7
num_cat=0
split_feature=27 19 12 22 21 0
split_gain=0.502393 0.34428 0.318327 0.11045 0.103765 0.0423852
threshold=0.12957102060317996 0.53771728277206432 2.6012917757034306 1.2044067382812502 0.18919637799263003 5.4866812229156503
decision_type=2 2 2 2 2 2
left_child=2 3 -1 -2 -4 -3
right_child=1 5 4 -5 -6 -7
leaf_value=-0.0018946987041919185 -0.0075696548870304234 0.0025107296928642631 0 0 0.0067119312790404478 -8.9184531959715093e-05
leaf_weight=0.71663698066186077 3.3464346170148933 0.9718224525277035 0.21959436811448574 0.16367883905331826 2.8899766377617198 0.15750248168114922
leaf_count=505 5051 105 367 9 390 88
internal_value=-0.000502444 -0.00461426 0.00356474 -0.0069344 0.00598607 0.00135148
internal_weight=8.46565 4.63944 3.82621 3.51011 3.10957 1.12932
internal_count=6515 5253 1262 5060 757 193
is_linear=0
shrinkage=0.025


Tree=315
num_leaves=7
num_cat=0
split_feature=13 15 22 8 17 13
split_gain=0.324544 0.355673 0.340275 0.147827 0.0800094 0.035798
threshold=4.4536352157592782 0.34893518686294561 0.7876526713371278 5.2785959243774423 1.1148715019226076 2.9653348922729497
decision_type=2 2 2 2 2 2
left_child=2 3 4 -2 -1 -4
right_child=1 -3 5 -5 -6 -7
leaf_value=-0.0069259818553255902 0.0071131475764740484 -0.0022265109710323302 0 0 0 0.002526986790515683
leaf_weight=2.3419203881330763 2.5512160117759786 0.71273506068064296 0.29677409579744551 0.23275352042583097 0.54785191096016195 1.2648341452004386
leaf_count=4382 1036 563 58 230 105 84
internal_value=0 0.00335608 -0.00336688 0.00610036 -0.00618872 0.00163922
internal_weight=7.94809 3.4967 4.45138 2.78397 2.88977 1.56161
internal_count=6458 1829 4629 1266 4487 142
is_linear=0
shrinkage=0.025


Tree=316
num_leaves=7
num_cat=0
split_feature=27 22 12 24 21 17
split_gain=0.502524 0.411083 0.284482 0.0811856 0.0586514 0.0355369
threshold=0.12957102060317996 0.7876526713371278 2.6012917757034306 0.44871032238006597 1.3076707720756533 0.62183180451393139
decision_type=2 2 2 2 2 2
left_child=2 4 -1 -4 -2 -3
right_child=1 5 3 -5 -6 -7
leaf_value=-0.0019216861426601447 -0.0084741833621120692 0.0022888385605079661 0.0060725161429556525 0 0 0
leaf_weight=0.70699106158645042 2.6067200555426102 1.0887859486174418 2.6818148229940566 0.13699064317552245 0.2551607276109279 0.27401165296760144
leaf_count=506 4997 71 389 352 50 91
internal_value=-0.00137429 -0.00533297 0.00298179 0.00545342 -0.00805099 0.00123389
internal_weight=7.75047 4.22468 3.5258 2.81881 2.86188 1.3628
internal_count=6456 5209 1247 741 5047 162
is_linear=0
shrinkage=0.025


Tree=317
num_leaves=7
num_cat=0
split_feature=27 12 5 15 22 22
split_gain=0.402975 0.310543 0.269708 0.20591 0.129602 0.0453122
threshold=0.12957102060317996 5.3446052074432382 4.0176563262939462 0.17087481915950778 0.74892738461494457 -0.25476640462875361
decision_type=2 2 2 2 2 2
left_child=2 4 5 -3 -2 -1
right_child=1 3 -4 -5 -6 -7
leaf_value=0 -0.0076608226994225497 0.0043798738600381235 -0.0013835377839338909 -0.002084899620624624 0 0.0062423689875968913
leaf_weight=0.074166658647300543 1.9468571226152565 0.88732812851594622 0.94174079002914357 0.68738023995319963 0.75994566238296091 2.5909863984852568
leaf_count=179 4238 317 764 612 104 289
internal_value=0 -0.00390555 0.0035796 0.00116783 -0.00651082 0.00590724
internal_weight=7.88841 4.28151 3.60689 1.57471 2.7068 2.66515
internal_count=6503 5271 1232 929 4342 468
is_linear=0
shrinkage=0.025


Tree=318
num_leaves=7
num_cat=0
split_feature=13 15 21 18 27 16
split_gain=0.533248 0.296331 0.292667 0.194163 0.0960738 0.037471
threshold=4.0166947841644296 0.34893518686294561 0.014984086621552707 0.53917524218559276 0.16882523149251941 1.4135047793388369
decision_type=2 2 2 2 2 2
left_child=3 2 -2 5 -3 -1
right_child=1 4 -4 -5 -6 -7
leaf_value=-0.0065984939552965098 -0.00091417928958180167 0.00093380887240860841 0.0079381450785722795 0.00030762667818088523 -0.0033863171579233443 0
leaf_weight=2.1952583554848397 0.39064716445682313 0.5427181258346534 3.2233630188784446 1.1994189640608963 0.65320560785039561 0.17879768107559346
leaf_count=3511 943 54 920 270 639 92
internal_value=0 0.00409101 0.00628049 -0.0044411 -0.00124561 -0.00626965
internal_weight=8.38341 4.80993 3.61401 3.57348 1.19592 2.37406
internal_count=6429 2556 1863 3873 693 3603
is_linear=0
shrinkage=0.025


Tree=319
num_leaves=6
num_cat=0
split_feature=21 13 25 18 15
split_gain=0.352121 0.251173 0.230174 0.0453239 0.0249327
threshold=0.0066880939994007358 2.9653348922729497 2.7013382911682133 0.53917524218559276 3.0025597810745244
decision_type=2 2 2 2 2
left_child=4 3 -3 -2 -1
right_child=1 2 -4 -5 -6
leaf_value=-0.0050179099316726341 -0.0028613421893333804 0.006170656008896748 -0.00073934199334582619 0 0
leaf_weight=1.3477939436415907 0.73592566452134611 4.3176605480875878 0.93439829657290818 0.64713012026186334 0.066251289972569682
leaf_count=3178 875 1423 799 149 15
internal_value=0 0.00255283 0.00457065 -0.0017086 -0.00474234
internal_weight=8.04916 6.63511 5.25206 1.38306 1.41405
internal_count=6439 3246 2222 1024 3193
is_linear=0
shrinkage=0.025


Tree=320
num_leaves=7
num_cat=0
split_feature=22 13 17 14 11 14
split_gain=0.370066 0.455071 0.12696 0.126068 0.105791 0.0401695
threshold=0.74892738461494457 5.4371109008789071 0.71985930204391491 0.24114860594272616 2.1998300552368169 1.8626557588577273
decision_type=2 2 2 2 2 2
left_child=1 2 -1 -3 -2 -6
right_child=4 3 -4 -5 5 -7
leaf_value=-0.0078401836020404927 -0.00020001494922948027 0.0044069113403396726 0 -0.00073273252243098925 0.0051280504863763163 0
leaf_weight=2.5495051630750827 0.35497529138228889 0.72933990329693166 1.2458925990758869 0.55532107832914335 2.1278444207637226 0.28553200864553208
leaf_count=5173 70 268 409 308 182 44
internal_value=-0.000262397 -0.00366972 -0.00661359 0.00237533 0.00352322 0.00467947
internal_weight=7.84841 5.08006 3.7954 1.28466 2.76835 2.41338
internal_count=6454 6158 5582 576 296 226
is_linear=0
shrinkage=0.025


Tree=321
num_leaves=6
num_cat=0
split_feature=22 17 13 5 25
split_gain=0.534115 0.461464 0.193206 0.097108 0.0909316
threshold=0.71705839037895214 0.52575585246086132 3.5596128702163701 4.5051579475402841 -0.38755309581756586
decision_type=2 2 2 2 2
left_child=1 -1 -3 4 -2
right_child=3 2 -4 -5 -6
leaf_value=-0.0087965130916678319 0.0052328374182121452 -0.0023866497891604286 0.0036955798829114471 -0.00027808988034512815 0
leaf_weight=2.595772294271228 2.1346793321645245 0.61268654261220978 1.7967324538367391 0.16648631481803011 0.2653178999571536
leaf_count=5271 165 554 336 58 103
internal_value=-0.00194984 -0.00550654 0.000738567 0.00321566 0.00432675
internal_weight=7.57167 5.00519 2.40942 2.56648 2.4
internal_count=6487 6161 890 326 268
is_linear=0
shrinkage=0.025


Tree=322
num_leaves=7
num_cat=0
split_feature=21 14 12 27 16 20
split_gain=0.316448 0.377564 0.32145 0.127591 0.034949 0.0228814
threshold=0.014984086621552707 0.44188146293163305 2.6012917757034306 0.12957102060317996 1.4135047793388369 2.8660912513732915
decision_type=2 2 2 2 2 2
left_child=4 2 -2 -3 5 -1
right_child=1 3 -4 -5 -6 -7
leaf_value=-0.004859445166963558 -0.001355290749441607 0.00075187084181692885 0.0072362743631256268 -0.0041951324878918101 0 0
leaf_weight=1.3075348806196414 0.44205363612672943 0.98232134776117197 4.1746695590718446 1.1257008221691647 0.14865933319560998 0.068415662814004352
leaf_count=3160 241 178 1918 879 66 20
internal_value=0 0.00269214 0.00548678 -0.00210328 -0.00415799 -0.00459542
internal_weight=8.24936 6.72475 4.61672 2.10802 1.52461 1.37595
internal_count=6462 3216 2159 1057 3246 3180
is_linear=0
shrinkage=0.025


Tree=323
num_leaves=4
num_cat=0
split_feature=24 11 26
split_gain=0.358033 0.248837 0.305951
threshold=-0.27079553902149195 2.2347549200057988 -0.79651692509651173
decision_type=2 2 2
left_child=1 -1 -3
right_child=-2 2 -4
leaf_value=-0.002543239988509608 -0.0053525266802239534 0.0059485168614109678 -0.0016109134842580764
leaf_weight=0.58912774102282117 2.0614858658991579 4.2939493767698877 0.91126066961987806
leaf_count=333 4586 937 626
internal_value=-0.000972213 0.00176465 0.00387181
internal_weight=7.85582 5.79434 5.20521
internal_count=6482 1896 1563
is_linear=0
shrinkage=0.025


Tree=324
num_leaves=7
num_cat=0
split_feature=6 26 14 21 22 22
split_gain=0.290328 0.27318 0.243652 0.0461206 0.0446155 0.0423181
threshold=3.2813643217086796 -0.93738695979118336 0.10021449252963067 1.8219149708747866 -0.25476640462875361 0.98862224817276012
decision_type=2 2 2 2 2 2
left_child=1 4 -3 5 -1 -2
right_child=3 2 -4 -5 -6 -7
leaf_value=0 -0.0051852260311582906 0.0024408826972179658 -0.0042939065172858002 0 0.0056868677107692264 0
leaf_weight=0.079390620452614136 1.4047323069535198 0.85750637888486414 1.982206873304676 0.27322008486953553 2.7858716489263315 0.34367149096215133
leaf_count=115 2591 1153 2155 22 316 33
internal_value=0 0.00245517 -0.00120329 -0.00408074 0.00533561 -0.00464737
internal_weight=7.7266 5.70498 2.83971 2.02162 2.86526 1.7484
internal_count=6385 3739 3308 2646 431 2624
is_linear=0
shrinkage=0.025


Tree=325
num_leaves=7
num_cat=0
split_feature=6 21 25 21 22 15
split_gain=0.324002 0.257038 0.126234 0.0950382 0.0507965 0.0106352
threshold=3.2813643217086796 0.0066880939994007358 2.7013382911682133 1.8219149708747866 0.98862224817276012 3.0025597810745244
decision_type=2 2 2 2 2 2
left_child=1 5 -3 4 -2 -1
right_child=3 2 -4 -5 -6 -7
leaf_value=-0.0021796477749412208 -0.0056159804375780706 0.005849875694316802 0 0 0 0
leaf_weight=0.6807597816659835 1.4739561492042415 4.0198289243217005 1.1057808471250608 0.45785509224515397 0.33641674279351708 0.059572163127086242
leaf_count=1806 2659 1206 742 26 32 4
internal_value=0 0.0028694 0.00476363 -0.00394363 -0.00503186 -0.00188245
internal_weight=8.13417 5.86594 5.12561 2.26823 1.81037 0.740332
internal_count=6475 3758 1948 2717 2691 1810
is_linear=0
shrinkage=0.025


Tree=326
num_leaves=7
num_cat=0
split_feature=6 25 7 17 1 24
split_gain=0.21097 0.275749 0.254009 0.0782627 0.0700235 0.0461574
threshold=3.1850359439849858 0.74235084652900707 5.0792167186737069 1.1148715019226076 1.7279700636863711 -5.5527069568634024
decision_type=2 2 2 2 2 2
left_child=1 4 -3 5 -1 -2
right_child=3 2 -4 -5 -6 -7
leaf_value=0 0 -0.004755349723244243 0.0023182196575284452 0 0.0054167808963643885 -0.0050719689828142194
leaf_weight=0.10104721634706981 0.30671734001953166 1.6135650824126062 0.58755679283422058 0.66679118447063945 3.241585799936729 1.3393459324943251
leaf_count=65 26 2782 234 104 542 2695
internal_value=0 0.00210096 -0.00170066 -0.00341564 0.00487239 -0.00449411
internal_weight=7.85661 5.54375 2.20112 2.31285 3.34263 1.64606
internal_count=6448 3623 3016 2825 607 2721
is_linear=0
shrinkage=0.025


Tree=327
num_leaves=6
num_cat=0
split_feature=22 6 26 15 16
split_gain=0.430669 0.224633 0.282659 0.0847704 0.0244692
threshold=0.037032051011919982 3.2042828798294072 -0.79651692509651173 1.2637177109718325 -1.5173342227935789
decision_type=2 2 2 2 2
left_child=3 2 -2 -1 -3
right_child=1 4 -4 -5 -6
leaf_value=-0.0058321205896188682 0.0065980067761048202 0 -0.0010229035384367445 0 -0.002124515420429381
leaf_weight=1.8750020608495108 3.8891905954842509 0.16043245836044651 0.99490059160962152 0.23502709216336359 1.0716359579218986
leaf_count=4608 460 6 584 80 769
internal_value=0 0.0028185 0.00468113 -0.00504357 -0.00139406
internal_weight=8.22619 6.11616 4.88409 2.11003 1.23207
internal_count=6507 1819 1044 4688 775
is_linear=0
shrinkage=0.025


Tree=328
num_leaves=7
num_cat=0
split_feature=21 14 12 22 16 18
split_gain=0.324526 0.286949 0.309828 0.0830776 0.0328817 0.013102
threshold=0.014984086621552707 0.44188146293163305 2.6012917757034306 0.71705839037895214 1.4135047793388369 0.39138206839561468
decision_type=2 2 2 2 2 2
left_child=4 2 -2 -3 5 -1
right_child=1 3 -4 -5 -6 -7
leaf_value=-0.0044778933257850475 -0.0013176556001361171 -0.0031853470481554933 0.0071234302822017681 0.00063884210793073047 0 0
leaf_weight=1.2577241832113939 0.43205833966931084 1.1304014436336731 4.0275970168931963 0.94400056826634671 0.14244918300573761 0.08840890800274781
leaf_count=3153 228 889 1921 149 65 38
internal_value=0.000296869 0.0030492 0.00538073 -0.00134007 -0.00386119 -0.00429905
internal_weight=8.02264 6.53406 4.45966 2.0744 1.48858 1.34613
internal_count=6443 3187 2149 1038 3256 3191
is_linear=0
shrinkage=0.025


Tree=329
num_leaves=7
num_cat=0
split_feature=13 25 21 27 0 22
split_gain=0.358537 0.296758 0.186907 0.0603059 0.0510767 0.0357036
threshold=2.9653348922729497 2.7013382911682133 0.014984086621552707 0.091763462871313109 3.5835180282592778 1.7472424507141116
decision_type=2 2 2 2 2 2
left_child=4 2 -2 -3 -1 -6
right_child=1 3 -4 -5 5 -7
leaf_value=0 -0.00044963222569895198 0.00010374491980239567 0.0061900575234692 -0.0032291878054138464 -0.0055393557014616042 0
leaf_weight=0.21346661553980073 0.59223019249293418 0.34896644604668814 4.3694445023847948 0.971406355714862 1.382432653705109 0.11981116421520699
leaf_count=246 925 62 1409 1960 1891 3
internal_value=0 0.00270386 0.00494224 -0.00197423 -0.00459189 -0.00516597
internal_weight=7.99776 6.28205 4.96167 1.32037 1.71571 1.50224
internal_count=6496 4356 2334 2022 2140 1894
is_linear=0
shrinkage=0.025


Tree=330
num_leaves=6
num_cat=0
split_feature=6 25 27 13 18
split_gain=0.36401 0.249062 0.0875432 0.0635801 0.0457229
threshold=3.3558827638626103 2.7013382911682133 0.091763462871313109 4.1129186153411874 0.53917524218559276
decision_type=2 2 2 2 2
left_child=1 3 -3 -1 -2
right_child=4 2 -4 -5 -6
leaf_value=0 -0.0049898075122347578 0.00079353529393716708 -0.0032665726484134455 0.0058806511435969475 0
leaf_weight=1.4022625418401728 1.32180385130232 0.45013540919535422 0.96750651018010103 3.1455360792442661 0.63696372821505054
leaf_count=886 2405 37 1808 1128 213
internal_value=0 0.00299989 -0.00138967 0.005034 -0.00430262
internal_weight=7.92421 5.96544 1.41764 4.5478 1.95877
internal_count=6477 3859 1845 2014 2618
is_linear=0
shrinkage=0.025


Tree=331
num_leaves=6
num_cat=0
split_feature=12 21 14 16 20
split_gain=0.259154 0.229308 0.18011 0.0786315 0.025323
threshold=3.4254734516143803 0.0066880939994007358 0.37100242078304296 -1.5173342227935789 1.0745312571525576
decision_type=2 2 2 2 2
left_child=3 -2 -3 -1 -5
right_child=1 2 -4 4 -6
leaf_value=0 -0.0021203495099645395 0.0058507257202710904 -4.7589124227211229e-05 -0.0053041831628123891 0
leaf_weight=0.32690117307356592 0.70073636296365283 3.0756114031773905 2.0144390577952436 1.4244722473358704 0.36788013205477899
leaf_count=27 2038 1436 886 1865 236
internal_value=-1.02894e-05 0.00206906 0.00403015 -0.00403268 -0.00492752
internal_weight=7.91004 5.79079 5.09005 2.11925 1.79235
internal_count=6488 4360 2322 2128 2101
is_linear=0
shrinkage=0.025


Tree=332
num_leaves=7
num_cat=0
split_feature=27 12 7 22 21 7
split_gain=0.377866 0.357938 0.23464 0.191104 0.0998376 0.042373
threshold=0.12957102060317996 2.6012917757034306 5.0792167186737069 1.1309945583343508 0.18306124210357669 5.121981382369996
decision_type=2 2 2 2 2 2
left_child=1 -1 3 -2 -3 -4
right_child=2 4 5 -5 -6 -7
leaf_value=-0.0022994303203338787 -0.0068430891271891508 0 0.0026648719552535504 0.00033527715163951576 0.0068024429820453388 -1.8024860188602082e-05
leaf_weight=0.58291372798521512 3.319162488856819 0.24539795368400552 0.16589083737198951 0.49037702064015309 2.7465177529666107 0.23255518747100723
leaf_count=490 4970 366 23 53 386 209
internal_value=0 0.00344669 -0.00381906 -0.00554376 0.00608643 0.00137486
internal_weight=7.78281 3.57483 4.20799 3.80954 2.99192 0.398446
internal_count=6497 1242 5255 5023 752 232
is_linear=0
shrinkage=0.025


Tree=333
num_leaves=7
num_cat=0
split_feature=26 26 13 22 17 26
split_gain=0.278229 0.264584 0.228302 0.112767 0.0813207 0.0441025
threshold=-0.96796631813049305 -0.39788511395454401 2.2162357568740849 0.86845800280570995 -0.0084470151923596842 -0.33426733314990992
decision_type=2 2 2 2 2 2
left_child=2 3 -1 -2 -4 -3
right_child=1 5 4 -5 -6 -7
leaf_value=-0.0016028152834104883 -0.0063991129409897915 0.002891406832048474 0 0 0.0057922512352136576 0
leaf_weight=0.53125723133416647 2.8218703394577465 0.32873002517771965 0.3864767634149765 0.76963066375174083 2.5040196027621273 0.18887757762422541
leaf_count=580 4843 51 293 105 443 83
internal_value=0 -0.00333702 0.00293318 -0.00539231 0.00504634 0.00175454
internal_weight=7.53086 4.10911 3.42175 3.5915 2.8905 0.517608
internal_count=6398 5082 1316 4948 736 134
is_linear=0
shrinkage=0.025


Tree=334
num_leaves=7
num_cat=0
split_feature=21 7 22 26 13 1
split_gain=0.283479 0.333302 0.335862 0.104753 0.0980823 0.0448498
threshold=0.95617026090621959 5.0792167186737069 0.74892738461494457 -0.80606129765510548 2.2162357568740849 1.0000000180025095e-35
decision_type=2 2 2 2 2 2
left_child=1 2 -1 4 -2 -3
right_child=3 5 -4 -5 -6 -7
leaf_value=-0.0079962439907651315 0 0 0.00080193902058470147 -0.00039514747478855845 0.0051331000332864689 0.0031690287261934729
leaf_weight=2.8802507257551042 0.18810541386483315 0.18338825225873723 1.1403101681862606 0.48149395793734573 2.1739138345110405 0.42235198829439469
leaf_count=5641 79 88 127 148 198 160
internal_value=-0.0003945 -0.00347148 -0.00574668 0.00283651 0.00416519 0.00217112
internal_weight=7.46981 4.6263 4.02056 2.84351 2.36202 0.60574
internal_count=6441 6016 5768 425 277 248
is_linear=0
shrinkage=0.025


Tree=335
num_leaves=7
num_cat=0
split_feature=21 25 20 16 20 17
split_gain=0.265388 0.239004 0.302803 0.0340939 0.0205564 0.0202975
threshold=0.0066880939994007358 2.7013382911682133 -0.11058771237730979 1.4135047793388369 2.8660912513732915 -0.13754124194383618
decision_type=2 2 2 2 2 2
left_child=3 2 -2 4 -1 -3
right_child=1 5 -4 -5 -6 -7
leaf_value=-0.0044930913131724067 -0.0011213389543010201 0 0.006477185226423628 0 0 -0.0023639827803014334
leaf_weight=1.2094847249863958 1.2783834427154932 0.1102354622889834 4.1912120644319666 0.14049313857140067 0.066733089584886218 0.81223428555313137
leaf_count=3082 763 10 1467 64 17 1022
internal_value=0 0.00256015 0.00441688 -0.00376999 -0.00423393 -0.00182822
internal_weight=7.80878 6.39207 5.4696 1.41671 1.27622 0.92247
internal_count=6425 3262 2230 3163 3099 1032
is_linear=0
shrinkage=0.025


Tree=336
num_leaves=7
num_cat=0
split_feature=13 22 14 21 21 26
split_gain=0.302687 0.289331 0.245511 0.165575 0.164298 0.11142
threshold=4.1356763839721689 0.82463103532791149 0.35290384292602545 0.014984086621552707 1.4836620688438418 -0.93738695979118336
decision_type=2 2 2 2 2 2
left_child=1 4 3 -2 -1 -4
right_child=2 -3 5 -5 -6 -7
leaf_value=-0.0073417246159134504 -0.00025723127049730074 0.0013897267576828873 0.0011103711578666481 0.0066899574031117695 0 -0.0035351367957642595
leaf_weight=1.9928955740815588 0.29630460254156821 1.2443849702867735 0.67680803799885325 2.3878734400423127 0.46407005937362544 0.78391445165107121
leaf_count=3989 891 116 84 738 48 658
internal_value=0 -0.00348146 0.00302558 0.00544133 -0.00606432 -0.00122178
internal_weight=7.84625 3.70135 4.1449 2.68418 2.45697 1.46072
internal_count=6524 4153 2371 1629 4037 742
is_linear=0
shrinkage=0.025


Tree=337
num_leaves=7
num_cat=0
split_feature=21 7 22 2 16 1
split_gain=0.342498 0.355543 0.383627 0.0821955 0.0645061 0.0467289
threshold=1.1104776263237002 5.0792167186737069 0.74892738461494457 5.3932950496673593 0.80184942483901989 1.0000000180025095e-35
decision_type=2 2 2 2 2 2
left_child=1 2 -1 4 -2 -3
right_child=3 5 -4 -5 -6 -7
leaf_value=-0.0084834662889742632 0.004829330351034708 0 0.00082685147829570879 -9.1130288313496886e-05 0 0.0031858823645181328
leaf_weight=3.1084125743836921 1.943789811692114 0.19069213604961976 1.3255948937185165 0.23317619640874898 0.2439646417624316 0.41816614756316994
leaf_count=5745 163 88 160 57 88 168
internal_value=-0.000797486 -0.00388638 -0.00607453 0.00307788 0.00411361 0.00214423
internal_weight=7.4638 5.04287 4.43401 2.42093 2.18775 0.608858
internal_count=6469 6161 5905 308 251 256
is_linear=0
shrinkage=0.025


Tree=338
num_leaves=6
num_cat=0
split_feature=5 14 22 25 24
split_gain=0.234104 0.278807 0.233685 0.113819 0.0339668
threshold=4.0370707511901864 0.37100242078304296 -0.30093088746070856 -0.85259082913398732 -5.9280598163604727
decision_type=2 2 2 2 2
left_child=1 2 -1 -3 -2
right_child=4 3 -4 -5 -6
leaf_value=-0.00098243902551999615 0 0.0007584543935445382 0.0063262693097270138 -0.0037931821557134794 -0.0044230352354389735
leaf_weight=0.42864699057281574 0.27030985534656782 1.1159906443863294 3.4948895687593904 1.2500365420692103 1.1505169166684934
leaf_count=1231 24 290 2096 1200 1579
internal_value=0 0.00204515 0.00472432 -0.00174026 -0.00392853
internal_weight=7.71039 6.28956 3.92354 2.36603 1.42083
internal_count=6420 4817 3327 1490 1603
is_linear=0
shrinkage=0.025


Tree=339
num_leaves=7
num_cat=0
split_feature=13 15 22 21 26 21
split_gain=0.420989 0.289855 0.194253 0.192647 0.0899306 0.0585596
threshold=4.2231352329254159 0.34893518686294561 0.7876526713371278 0.014984086621552707 -1.0090807080268858 1.8219149708747866
decision_type=2 2 2 2 2 2
left_child=2 3 5 -2 -3 -1
right_child=1 4 -4 -5 -6 -7
leaf_value=-0.0067983385237215047 -0.00039532431211426598 0.00068492166194827073 0.00034404803692083348 0.0070517910929013758 -0.0035409204691483308 0
leaf_weight=1.9390611634717068 0.31599816966263539 0.35178366448963061 1.103924160775932 2.7211612921310007 0.59861807390007005 0.21771397566772055
leaf_count=4021 775 17 126 788 618 21
internal_value=-4.52391e-05 0.00333102 -0.00444779 0.00573542 -0.00166522 -0.00630059
internal_weight=7.24826 3.98756 3.2607 3.03716 0.950402 2.15678
internal_count=6366 2198 4168 1563 635 4042
is_linear=0
shrinkage=0.025


Tree=340
num_leaves=6
num_cat=0
split_feature=5 26 26 22 24
split_gain=0.273624 0.245349 0.187508 0.106261 0.0314655
threshold=3.9073251485824589 -0.88278710842132557 -0.39788511395454401 0.037032051011919982 -5.9280598163604727
decision_type=2 2 2 2 2
left_child=1 3 -3 -1 -2
right_child=4 2 -4 -5 -6
leaf_value=0 0 -0.0039047603083008997 0.0020830473709465675 0.0057633771073079551 -0.0045270173309082265
leaf_weight=0.48936632818185888 0.35251675286417583 1.9126812372360289 0.4607109881344521 3.1869794203303172 1.1771284432270475
leaf_count=926 25 3238 119 425 1718
internal_value=0 0.0024083 -0.00127044 0.00486709 -0.00404669
internal_weight=7.57938 6.04974 2.37339 3.67635 1.52965
internal_count=6451 4708 3357 1351 1743
is_linear=0
shrinkage=0.025


Tree=341
num_leaves=7
num_cat=0
split_feature=21 27 22 2 16 27
split_gain=0.327129 0.346508 0.260193 0.10534 0.0737255 0.0431544
threshold=0.95617026090621959 0.7136860489845277 0.74892738461494457 5.2739470005035409 0.69506606459617626 0.74190044403076183
decision_type=2 2 2 2 2 2
left_child=1 2 -1 4 -2 -3
right_child=3 5 -4 -5 -6 -7
leaf_value=-0.0079042534670741797 0.0049154899279401157 0.0031409172417568112 0.00035970818932109052 -0.00045909933651067217 0 0
leaf_weight=2.8974948743998543 2.3875554204805676 0.29016698217310466 0.91264954052894598 0.29465484015236132 0.33403951373475127 0.17338875307905255
leaf_count=5827 237 21 120 70 117 86
internal_value=-0.000529974 -0.00388831 -0.00613463 0.00290606 0.00414117 0.00214841
internal_weight=7.28995 4.2737 3.81014 3.01625 2.72159 0.463556
internal_count=6478 6054 5947 424 354 107
is_linear=0
shrinkage=0.025


Tree=342
num_leaves=7
num_cat=0
split_feature=13 22 14 21 21 25
split_gain=0.270893 0.258678 0.186829 0.107406 0.0968768 0.0635258
threshold=4.4896421432495126 0.82463103532791149 0.38794639706611639 0.014984086621552707 1.8219149708747866 -1.7960736155509947
decision_type=2 2 2 2 2 2
left_child=1 4 3 -2 -1 -4
right_child=2 -3 5 -5 -6 -7
leaf_value=-0.0065966596695619766 0 0.0011303701452553304 0.00060054729655610551 0.0058515622526698133 0 -0.0027891552033661587
leaf_weight=2.5069192587325237 0.22024314947702883 1.3518252551984913 0.43986961489281384 1.8693542050787071 0.26376086944947008 0.71026865047497245
leaf_count=4569 618 122 44 611 20 496
internal_value=-0.000318273 -0.00351272 0.00265303 0.00486913 -0.00585209 -0.00104224
internal_weight=7.36224 4.12251 3.23974 2.0896 2.77068 1.15014
internal_count=6480 4711 1769 1229 4589 540
is_linear=0
shrinkage=0.025


Tree=343
num_leaves=7
num_cat=0
split_feature=13 25 18 17 16 15
split_gain=0.309429 0.358093 0.169728 0.0641209 0.0248759 0.0214742
threshold=4.0166947841644296 2.7013382911682133 0.53917524218559276 0.012980796862393619 1.7320467829704287 3.0025597810745244
decision_type=2 2 2 2 2 2
left_child=2 3 5 -2 -3 -1
right_child=1 4 -4 -5 -6 -7
leaf_value=-0.0067600292053975695 0 -0.0035139252084508219 1.8334298041616822e-05 0.0055270953532696619 0 0
leaf_weight=1.9010340844379245 0.38724795120651911 0.77371564499117074 1.0072961231489896 2.6472399879330624 0.11009027587715536 0.084872713283402734
leaf_count=3609 453 1314 270 804 14 22
internal_value=-0.00153168 0.00169009 -0.00495013 0.004908 -0.00307802 -0.00657431
internal_weight=6.9115 3.91829 2.9932 3.03449 0.883806 1.98591
internal_count=6486 2585 3901 1257 1328 3631
is_linear=0
shrinkage=0.025


Tree=344
num_leaves=7
num_cat=0
split_feature=6 25 21 21 26 13
split_gain=0.369709 0.253826 0.117599 0.098631 0.0854286 0.015158
threshold=2.8977894783020024 2.7013382911682133 1.3076707720756533 0.014984086621552707 -1.0090807080268858 3.7178292274475102
decision_type=2 2 2 2 2 2
left_child=1 3 5 -1 -3 -2
right_child=2 4 -4 -5 -6 -7
leaf_value=0 -0.0048832188688124637 0.0010091865677358128 0.00030285237589951322 0.0065821242318913429 -0.00301167500490059 0
leaf_weight=0.37536459935836308 1.7270657016761108 0.43471570771362167 0.71284349792404089 3.6645137293471635 0.92171063488785854 0.26882955638211559
leaf_count=629 2765 24 64 1029 1551 347
internal_value=0.000773813 0.00393468 -0.00318019 0.0058912 -0.0009596 -0.00464492
internal_weight=8.10504 5.3963 2.70874 4.03988 1.35643 1.9959
internal_count=6409 3233 3176 1658 1575 3112
is_linear=0
shrinkage=0.025


Tree=345
num_leaves=7
num_cat=0
split_feature=13 25 15 21 26 23
split_gain=0.550746 0.234682 0.185887 0.132036 0.0769264 0.0328631
threshold=4.0166947841644296 2.7013382911682133 1.2637177109718325 0.0066880939994007358 -1.0140062570571897 -4.0261743068695059
decision_type=2 2 2 2 2 2
left_child=2 3 5 -2 -3 -1
right_child=1 4 -4 -5 -6 -7
leaf_value=0 0 0.00084685634891431974 0.00036258174797937912 0.0066276549878629748 -0.0029644319616930191 -0.0069476165065357311
leaf_weight=0.19238978183966615 0.19623067622887935 0.45353829218947772 0.51794089106260788 3.0735644163996767 0.69591876921185758 2.2278431092818209
leaf_count=141 466 28 163 790 1290 3621
internal_value=0 0.00373394 -0.00517866 0.00573626 -0.000978428 -0.00665205
internal_weight=7.35743 4.41925 2.93817 3.2698 1.14946 2.42023
internal_count=6499 2574 3925 1256 1318 3762
is_linear=0
shrinkage=0.025


Tree=346
num_leaves=6
num_cat=0
split_feature=6 26 14 19 14
split_gain=0.281567 0.188414 0.189357 0.0676219 0.033878
threshold=3.2042828798294072 -0.93738695979118336 0.10021449252963067 0.0017117562238126995 -0.76541754603385914
decision_type=2 2 2 2 2
left_child=1 3 -3 -1 -2
right_child=4 2 -4 -5 -6
leaf_value=0 0 0.0022082576870708476 -0.0037173055804975278 0.0051783719489512789 -0.004968795209724524
leaf_weight=0.39860480300922096 0.49316057596843199 0.70931670899335619 2.0563965587971325 2.144396444564336 1.5081031705813073
leaf_count=176 235 1117 2122 211 2540
internal_value=-0.000411459 0.00193402 -0.000949448 0.00444921 -0.00446381
internal_weight=7.30998 5.30871 2.76571 2.543 2.00126
internal_count=6401 3626 3239 387 2775
is_linear=0
shrinkage=0.025


Tree=347
num_leaves=7
num_cat=0
split_feature=13 15 21 24 16 25
split_gain=0.269208 0.361189 0.238047 0.16784 0.0727561 0.0565845
threshold=4.0166947841644296 0.34893518686294561 0.014984086621552707 -3.5315110683441158 -1.5173342227935789 -1.1312205791473386
decision_type=2 2 2 2 2 2
left_child=3 2 -2 -1 -5 -3
right_child=1 5 -4 4 -6 -7
leaf_value=0.00037074872415730406 -0.00082739210054609677 0 0.0069455618202322158 0 -0.0062297083634600845 -0.0037255871472892479
leaf_weight=1.1391225424667939 0.37163187512305773 0.22747362127847737 2.8702549170229759 0.18439375958405468 1.8667180472075413 0.65747149821072515
leaf_count=159 953 24 932 19 3717 685
internal_value=-0.000237014 0.00238655 0.00533481 -0.00377901 -0.00559869 -0.00270814
internal_weight=7.31707 4.12683 3.24189 3.19023 2.05111 0.884945
internal_count=6489 2594 1885 3895 3736 709
is_linear=0
shrinkage=0.025


Tree=348
num_leaves=7
num_cat=0
split_feature=26 26 5 19 22 26
split_gain=0.286567 0.240838 0.19345 0.183718 0.0686173 0.0477134
threshold=-1.0002914667129514 -0.39788511395454401 4.7393548488616952 0.53771728277206432 -0.0991326868534088 -0.33426733314990992
decision_type=2 2 2 2 2 2
left_child=2 3 4 -2 -1 -3
right_child=1 5 -4 -5 -6 -7
leaf_value=0 -0.0064282995821307934 0.002967772383596115 -0.0011213592700939545 0.00022044799417578559 0.0058067859619303636 0
leaf_weight=0.11849920874738096 3.0543278645545802 0.30710403108241735 0.39961356003004755 0.90499631301645411 2.4562403444124357 0.20231661388243072
leaf_count=246 5192 48 439 200 267 88
internal_value=0 -0.0029907 0.00344087 -0.00493607 0.00524686 0.00175258
internal_weight=7.4431 4.46874 2.97435 3.95932 2.57474 0.509421
internal_count=6480 5528 952 5392 513 136
is_linear=0
shrinkage=0.025


Tree=349
num_leaves=7
num_cat=0
split_feature=13 15 23 21 16 26
split_gain=0.282299 0.262037 0.230995 0.190009 0.122658 0.078843
threshold=4.2231352329254159 0.34893518686294561 -1.8395513296127317 0.014984086621552707 -1.5173342227935789 -1.0140062570571897
decision_type=2 2 2 2 2 2
left_child=2 3 -1 -2 -4 -3
right_child=1 5 4 -5 -6 -7
leaf_value=0.0012094669615204182 -0.00037877710810127517 0.00066796714848973884 0 0.0070284219464071818 -0.0063253306501838864 -0.0032159830117065714
leaf_weight=1.4712023966167183 0.31569200319972957 0.39752343471627682 0.3308152983663607 2.6695767319961305 1.9922714669228296 0.6106411661057789
leaf_count=1144 770 20 25 777 3069 623
internal_value=3.63065e-05 0.00346955 -0.00278464 0.00571572 -0.00526631 -0.00136287
internal_weight=7.78772 3.99343 3.79429 2.98527 2.32309 1.00816
internal_count=6428 2190 4238 1547 3094 643
is_linear=0
shrinkage=0.025


end of trees

feature_importances:
Column_21=262
Column_22=206
Column_26=192
Column_13=181
Column_27=130
Column_24=125
Column_6=117
Column_5=99
Column_17=87
Column_19=76
Column_25=76
Column_12=66
Column_16=59
Column_23=47
Column_18=46
Column_14=33
Column_7=32
Column_2=30
Column_3=29
Column_15=27
Column_0=25
Column_11=22
Column_20=22
Column_1=13
Column_4=11
Column_8=9
Column_10=8
Column_9=4

parameters:
[boosting: gbdt]
[objective: binary]
[metric: binary_logloss]
[tree_learner: serial]
[device_type: cpu]
[data_sample_strategy: bagging]
[data: ]
[valid: ]
[num_iterations: 350]
[learning_rate: 0.025]
[num_leaves: 7]
[num_threads: 4]
[seed: 990032]
[deterministic: 0]
[force_col_wise: 0]
[force_row_wise: 0]
[histogram_pool_size: -1]
[max_depth: 3]
[min_data_in_leaf: 20]
[min_sum_hessian_in_leaf: 0.001]
[bagging_fraction: 0.8]
[pos_bagging_fraction: 1]
[neg_bagging_fraction: 1]
[bagging_freq: 1]
[bagging_seed: 990032]
[bagging_by_query: 0]
[feature_fraction: 0.8]
[feature_fraction_bynode: 1]
[feature_fraction_seed: 990032]
[extra_trees: 0]
[extra_seed: 4507]
[early_stopping_round: 0]
[early_stopping_min_delta: 0]
[first_metric_only: 0]
[max_delta_step: 0]
[lambda_l1: 0.25]
[lambda_l2: 5]
[linear_lambda: 0]
[min_gain_to_split: 0.01]
[drop_rate: 0.1]
[max_drop: 50]
[skip_drop: 0.5]
[xgboost_dart_mode: 0]
[uniform_drop: 0]
[drop_seed: 20624]
[top_rate: 0.2]
[other_rate: 0.1]
[min_data_per_group: 100]
[max_cat_threshold: 32]
[cat_l2: 10]
[cat_smooth: 10]
[max_cat_to_onehot: 4]
[top_k: 20]
[monotone_constraints: ]
[monotone_constraints_method: basic]
[monotone_penalty: 0]
[feature_contri: ]
[forcedsplits_filename: ]
[refit_decay_rate: 0.9]
[cegb_tradeoff: 1]
[cegb_penalty_split: 0]
[cegb_penalty_feature_lazy: ]
[cegb_penalty_feature_coupled: ]
[path_smooth: 0]
[interaction_constraints: ]
[verbosity: -1]
[saved_feature_importance_type: 0]
[use_quantized_grad: 0]
[num_grad_quant_bins: 4]
[quant_train_renew_leaf: 0]
[stochastic_rounding: 1]
[linear_tree: 0]
[max_bin: 255]
[max_bin_by_feature: ]
[min_data_in_bin: 3]
[bin_construct_sample_cnt: 200000]
[data_random_seed: 21802]
[is_enable_sparse: 1]
[enable_bundle: 1]
[use_missing: 1]
[zero_as_missing: 0]
[feature_pre_filter: 1]
[pre_partition: 0]
[two_round: 0]
[header: 0]
[label_column: ]
[weight_column: ]
[group_column: ]
[ignore_column: ]
[categorical_feature: ]
[forcedbins_filename: ]
[precise_float_parser: 0]
[parser_config_file: ]
[objective_seed: 13610]
[num_class: 1]
[is_unbalance: 0]
[scale_pos_weight: 1]
[sigmoid: 1]
[boost_from_average: 1]
[reg_sqrt: 0]
[alpha: 0.9]
[fair_c: 1]
[poisson_max_delta_step: 0.7]
[tweedie_variance_power: 1.5]
[lambdarank_truncation_level: 30]
[lambdarank_norm: 1]
[label_gain: ]
[lambdarank_position_bias_regularization: 0]
[eval_at: ]
[multi_error_top_k: 1]
[auc_mu_weights: ]
[num_machines: 1]
[local_listen_port: 12400]
[time_out: 120]
[machine_list_filename: ]
[machines: ]
[gpu_platform_id: -1]
[gpu_device_id: -1]
[gpu_device_id_list: ]
[gpu_use_dp: 0]
[num_gpu: 1]

end of parameters

pandas_categorical:null
