tree
version=v4
num_class=1
num_tree_per_iteration=1
label_index=0
max_feature_idx=29
objective=binary sigmoid:1
feature_names=Column_0 Column_1 Column_2 Column_3 Column_4 Column_5 Column_6 Column_7 Column_8 Column_9 Column_10 Column_11 Column_12 Column_13 Column_14 Column_15 Column_16 Column_17 Column_18 Column_19 Column_20 Column_21 Column_22 Column_23 Column_24 Column_25 Column_26 Column_27 Column_28 Column_29
feature_infos=[-3.0536949634552002:8.7805919647216797] [-3.3349788188934326:8.5709085464477539] [-3.5692510604858398:8.3457145690917969] [-3.9503355026245117:11.453814506530762] [-4.1200661659240723:11.272500991821289] [-4.1347784996032715:9.7064008712768555] [-3.8295736312866211:12.137441635131836] [-2.6070883274078369:7.7766919136047363] [-2.7627835273742676:7.9583759307861328] [-3.160203218460083:8.1045436859130859] [-2.3931400775909424:8.309269905090332] [-3.099614143371582:8.401881217956543] [-2.2625021934509277:8.4149999618530273] [-2.0782783031463623:8.2120819091796875] [-4.6340794563293457:7.2301712036132812] [-5.1695089340209961:6.7352347373962402] [-10.663614273071289:7.1673679351806641] [-7.4988069534301758:6.9949765205383301] [-8.2528038024902344:2.5530338287353516] [-10.226582527160645:6.6505193710327148] [-10.828666687011719:6.4521923065185547] [-6.44903564453125:4.2495932579040527] [-11.84007740020752:8.2166194915771484] [-19.253122329711914:26.217466354370117] [-36.426158905029297:58.5767822265625] [-62.643627166748047:58.501194000244141] [-2.397939920425415:0.75535547733306885] [-1.2905910015106201:1.8538972139358521] [1:7] [0:7]
tree_sizes=886 891 900 871 896 878 895 875 897 892 891 874 873 864 876 851 767 902 874 875 875 876 893 781 901 893 888 897 878 854 898 876 877 861 875 888 850 899 880 771 886 898 879 771 877 877 866 894 876 878 889 883 877 857 899 877 895 795 780 882 758 892 878 878 856 901 882 770 879 905 772 870 874 788 854 793 782 903 879 877 873 868 903 898 902 901 795 864 880 889 898 905 882 901 880 862 861 894 872 875 898 878 857 904 853 762 901 895 903 861 864 880 888 862 878 885 775 774 901 885 885 774 902 888 849 854 886 855 888 666 865 859 878 879 857 885 863 863 879 884 866 859 766 855 861 889 870 894 869 861 857 878 888 832 876 908 772 894 867 888 903 864 883 882 751 847 797 844 873 886 784 765 736 869 848 885 876 880 839 755 837 789 867 851 693 801 876 890 867 873 757 848 780 879 892 871 805 905 763 871 761 868 904 893 851 911 872 863 874 847 780 676 844 889 761 865 782 876 897 847 867 866 869 866 756 880 864 865 848 878 769 790 867 908 888 866 881 778 843 898 865 856 866 872 875 738 759 864 859 681 873 834 896 879 870 862 779 877 877 889 917 891 809 780 882 840 920 894 884 879 878 676 854 868 846 870 861 902 863 877 919 837 853 841 887 855 891 778 879 882 849 771 870 823 757 845 889 867 831 782 860 857 859 873 783 737 896 877 782 689 771 881 841 831 870 866 858 781 856 898 894 839 789 769 836 887 878 693 767 836 880 872 758 844 856 860 765 845 853 826 901 854 654 861 867 861 866 855 758 769

Tree=0
num_leaves=7
num_cat=0
split_feature=22 6 17 3 24 23
split_gain=144.359 15.4823 14.9131 4.94642 1.14793 1.04597
threshold=0.20104175060987475 4.0995640754699716 0.89788568019866954 1.1867098808288576 0.46567195653915411 -5.2440052032470694
decision_type=2 2 2 2 2 2
left_child=2 3 5 -2 -4 -1
right_child=1 -3 4 -5 -6 -7
leaf_value=-0.095310194858114469 -0.097367041586285646 -0.10658855224588033 -0.08211016289070136 -0.053238433598974573 -0.098935416623875769 -0.13430211276608919
leaf_weight=0.58336486690678313 0.90943390503526345 1.7186186597682525 2.0967584897298361 29.046985517954454 0.55272052180953313 28.757798745296896
leaf_count=72 212 294 34 597 145 5102
internal_value=-0.0941428 -0.0589916 -0.128983 -0.0548595 -0.0865125 -0.133723
internal_weight=63.6657 31.675 31.9906 29.9564 2.64948 29.3412
internal_count=6456 1103 5353 809 179 5174
is_linear=0
shrinkage=1


Tree=1
num_leaves=7
num_cat=0
split_feature=22 17 6 27 21 24
split_gain=127.195 18.1071 13.3979 6.21534 1.87185 1.75655
threshold=0.19066791236400607 0.82449483871459972 4.0995640754699716 0.31404937803745275 0.97342437505722057 0.46567195653915411
decision_type=2 2 2 2 2 2
left_child=1 4 3 -2 -1 -3
right_child=2 5 -4 -5 -6 -7
leaf_value=-0.03879626473076693 0.040982036658022053 0.015460666575753866 -0.010495789354086181 -0.0020926285369146425 0.0003980522386932495 -0.0047759265543848911
leaf_weight=27.87626150040888 26.64794601028553 2.6265112042310643 1.5885476581752289 1.4450638812850218 0.35442756931297381 0.70504791411804024
leaf_count=4979 484 45 278 361 49 193
internal_value=0.000289497 -0.0321761 0.0346541 0.0385961 -0.0381303 0.0101318
internal_weight=61.2438 31.5622 29.6816 28.093 28.2307 3.33156
internal_count=6389 5266 1123 845 5028 238
is_linear=0
shrinkage=0.025


Tree=2
num_leaves=7
num_cat=0
split_feature=22 13 17 26 21 24
split_gain=124.448 14.4154 13.5885 3.32772 1.92804 1.31973
threshold=0.21683702617883685 2.9677381515502934 0.82449483871459972 -0.84910276532173146 0.97342437505722057 0.46567195653915411
decision_type=2 2 2 2 2 2
left_child=2 -2 4 -3 -1 -4
right_child=1 3 5 -5 -6 -7
leaf_value=-0.037575827004484391 -0.0098512979413389809 0.040632480673192306 0.013077018401800975 0.00060739912427656625 0.00076125197251645919 -0.0043509876753983897
leaf_weight=28.790536057378638 2.1180114604067084 25.089509379002273 2.0934507074416611 1.8501914695370896 0.31343782128533249 0.65063551510684181
leaf_count=5108 356 322 43 378 41 199
internal_value=-0.000429956 0.0339615 -0.0323284 0.0386047 -0.0369286 0.00799647
internal_weight=60.9058 29.0577 31.8481 26.9397 29.104 2.74409
internal_count=6447 1056 5391 700 5149 242
is_linear=0
shrinkage=0.025


Tree=3
num_leaves=7
num_cat=0
split_feature=21 19 13 26 12 6
split_gain=123.998 16.1602 12.2009 3.97216 1.61447 1.07659
threshold=0.39948570728302008 0.63685172796249401 3.0808947086334233 -0.79668352007865895 7.2268977165222177 3.2106449604034428
decision_type=2 2 2 2 2 2
left_child=1 4 -2 -4 -1 -3
right_child=2 5 3 -5 -6 -7
leaf_value=-0.037519172889497604 -0.0072329287345490947 0.014288637655747175 0.039914757839832851 0 1.6865465505648113e-05 -0.0029312768652886788
leaf_weight=27.733249503944542 2.3126127693103653 2.2796951397322114 27.335535894962966 1.5869896762887901 0.38817344774724816 0.47886842919979233
leaf_count=4775 513 35 453 426 15 127
internal_value=0.00134833 -0.0316005 0.0339607 0.0380193 -0.036888 0.0105312
internal_weight=62.1151 30.88 31.2351 28.9225 28.1214 2.75856
internal_count=6344 4952 1392 879 4790 162
is_linear=0
shrinkage=0.025


Tree=4
num_leaves=7
num_cat=0
split_feature=21 19 6 27 23 12
split_gain=109.447 11.9121 11.157 5.12005 3.07954 0.751008
threshold=0.39948570728302008 0.63685172796249401 3.7438268661499028 0.31404937803745275 -5.2440052032470694 2.4567506313323979
decision_type=2 2 2 2 2 2
left_child=1 4 3 -2 -1 -3
right_child=2 5 -4 -5 -6 -7
leaf_value=0.00071556258549276375 0.037753360937094027 -0.0025757540724178282 -0.0085389094144904237 -0.00069085636269019006 -0.03755236776955613 0.011459463073928892
leaf_weight=0.84513612970477581 24.169102611776914 0.43619084544479791 1.9369993346044783 1.8043606042629097 27.326963173691183 1.7988188365707172
leaf_count=95 479 101 454 468 4745 59
internal_value=-0.00171463 -0.032186 0.0311389 0.0352005 -0.0362811 0.00796938
internal_weight=58.3176 30.4071 27.9105 25.9735 28.1721 2.23501
internal_count=6401 5000 1401 947 4840 160
is_linear=0
shrinkage=0.025


Tree=5
num_leaves=7
num_cat=0
split_feature=22 6 21 26 26 19
split_gain=113.504 13.7911 6.48667 5.70001 2.24682 1.11575
threshold=0.20104175060987475 4.0995640754699716 0.34953434765338903 -0.79668352007865895 -0.9999369978904723 0.63685172796249401
decision_type=2 2 2 2 2 2
left_child=2 3 5 -2 -4 -1
right_child=1 -3 4 -5 -6 -7
leaf_value=-0.035682143338069197 0.038318594431661836 -0.011302138973052838 0.0091395405531854504 -0.0021607216362868361 -0.010525417658839537 0
leaf_weight=25.771993662463508 27.555596135789532 1.8133448334992852 2.1214152272441424 1.4671096549718665 2.3394882461871012 0.52057191915810008
leaf_count=4359 475 294 153 361 771 69
internal_value=0.000423938 0.0319233 -0.0310327 0.0360718 -0.000625175 -0.0350678
internal_weight=61.5895 30.8361 30.7535 29.0227 4.4609 26.2926
internal_count=6482 1130 5352 836 924 4428
is_linear=0
shrinkage=0.025


Tree=6
num_leaves=7
num_cat=0
split_feature=21 24 6 26 23 21
split_gain=110.032 12.8205 9.97582 5.77557 2.76953 0.730839
threshold=0.39948570728302008 -4.7590053081512442 3.3542866706848149 -0.84910276532173146 -5.2440052032470694 1.1944395303726199
decision_type=2 2 2 2 2 2
left_child=1 -1 3 -2 -3 -4
right_child=2 4 5 -5 -6 -7
leaf_value=0.010506936732865096 0.037948409708520967 0.0003121324948710369 -0.0098584855238470284 -0.0012751589317078844 -0.036513144461628476 0.0027901432140848021
leaf_weight=1.8570349748479227 25.498465042968753 0.89186128898291173 1.5290663758059957 1.8660541208228085 27.586720579653047 1.0422905457671729
leaf_count=46 307 96 464 553 4849 68
internal_value=-3.60506e-05 -0.0312279 0.031339 0.0352968 -0.0352988 -0.0054492
internal_weight=60.2715 30.3356 29.9359 27.3645 28.4786 2.57136
internal_count=6383 4991 1392 860 4945 532
is_linear=0
shrinkage=0.025


Tree=7
num_leaves=7
num_cat=0
split_feature=21 24 6 26 17 21
split_gain=108.35 10.4985 10.1883 7.06834 2.39332 0.709997
threshold=0.39948570728302008 -4.7590053081512442 3.7438268661499028 -0.84910276532173146 0.5706164836883546 1.7831944823265078
decision_type=2 2 2 2 2 2
left_child=1 -1 3 -2 -3 -4
right_child=2 4 5 -5 -6 -7
leaf_value=0.0088164697216955093 0.037255151739369503 -0.035945671623524175 -0.010563345921328135 -0.0036289016143573045 0 0.0026108518101506809
leaf_weight=1.6325531639740827 26.496443296899095 27.431625810044356 1.6678213573759415 1.6712027071625914 1.0638538590865199 0.59502168570179481
leaf_count=48 387 4743 447 579 264 20
internal_value=-8.10072e-05 -0.0312764 0.0306831 0.0344597 -0.0347332 -0.00682608
internal_weight=60.5585 30.128 30.4305 28.1676 28.4955 2.26284
internal_count=6488 5055 1433 966 5007 467
is_linear=0
shrinkage=0.025


Tree=8
num_leaves=7
num_cat=0
split_feature=21 19 13 2 6 13
split_gain=101.256 12.4686 11.6628 5.02508 1.58374 0.819535
threshold=0.39948570728302008 0.63685172796249401 3.0808947086334233 1.6447262763977053 -1.8639495968818662 2.9677381515502934
decision_type=2 2 2 2 2 2
left_child=1 4 -2 -4 -1 -3
right_child=2 5 3 -5 -6 -7
leaf_value=0.00040791192637279261 -0.0080184719498142647 -0.0025176163283994876 -0.0044557021840720308 0.035938670952462802 -0.034639540925386049 0.012438582421601426
leaf_weight=0.34805206884630635 2.4713536660419804 0.43889232818037216 0.66325502115069213 27.826051806623582 27.430398495751433 2.0385920422850177
leaf_count=11 532 108 186 713 4827 53
internal_value=0.000524741 -0.0295294 0.0300907 0.0342868 -0.0340145 0.00904142
internal_weight=61.2166 30.2559 30.9607 28.4893 27.7785 2.47748
internal_count=6430 4999 1431 899 4838 161
is_linear=0
shrinkage=0.025


Tree=9
num_leaves=7
num_cat=0
split_feature=21 19 6 26 21 21
split_gain=96.8362 10.3703 9.51266 5.17017 0.749987 0.689052
threshold=0.39948570728302008 0.63685172796249401 3.3542866706848149 -0.84910276532173146 -0.15999218076467511 1.1944395303726199
decision_type=2 2 2 2 2 2
left_child=1 -1 3 -2 -3 -4
right_child=2 4 5 -5 -6 -7
leaf_value=-0.034182298900728249 0.035655447269453057 -0.0028361361030018821 -0.009976613434811198 -0.0012895176598674216 0.01075310710391135 0.0024319071135938644
leaf_weight=27.593119257770017 24.517307789647028 0.4790893460158262 1.5673589949146838 1.8515650811023068 1.8277459133532818 1.0769300817628389
leaf_count=4908 310 115 489 533 58 70
internal_value=-0.000991214 -0.0302644 0.0290072 0.03307 0.00706599 -0.00582022
internal_weight=58.9131 29.9 29.0132 26.3689 2.30684 2.64429
internal_count=6483 5081 1402 843 173 559
is_linear=0
shrinkage=0.025


Tree=10
num_leaves=7
num_cat=0
split_feature=21 24 13 2 23 21
split_gain=91.9933 11.3836 10.4253 4.28784 2.5846 0.746353
threshold=0.39948570728302008 -4.7590053081512442 3.0593694448471074 1.6011350750923159 -5.2440052032470694 1.7831944823265078
decision_type=2 2 2 2 2 2
left_child=1 -1 5 -4 -3 -2
right_child=2 4 3 -5 -6 -7
leaf_value=0.010274225208834482 -0.011182582157598604 0.00057408500816791708 -0.003981202570169773 0.034327736445896227 -0.033657844083176874 0.0025087510152189863
leaf_weight=1.8513695710571507 1.8023755160393222 0.89381726831197994 0.59889171493705617 26.968010700016748 27.235007144336123 0.6074290036340243
leaf_count=44 493 109 178 721 4896 21
internal_value=2.94636e-05 -0.02855 0.0287863 0.0328201 -0.032459 -0.00752388
internal_weight=59.9569 29.9802 29.9767 27.5669 28.1288 2.4098
internal_count=6462 5049 1413 899 5005 514
is_linear=0
shrinkage=0.025


Tree=11
num_leaves=7
num_cat=0
split_feature=22 13 26 21 23 21
split_gain=87.5966 14.9594 5.76088 3.60482 1.17815 0.545746
threshold=0.12149840220808984 2.9677381515502934 -0.79668352007865895 0.97342437505722057 -5.2440052032470694 1.7831944823265078
decision_type=2 2 2 2 2 2
left_child=3 5 -3 4 -1 -2
right_child=1 2 -4 -5 -6 -7
leaf_value=0 -0.013948482978551778 0.03433702198984611 -0.0020384774873135197 0.0018267409863533604 -0.032981204325970084 0.00092824399625350952
leaf_weight=0.50575645326171681 2.5995892686187321 25.558797382225755 2.0430064859101504 1.1401026414241631 25.822437709372025 0.2785347532480954
leaf_count=61 478 475 424 94 4886 8
internal_value=-0.000988846 0.026144 0.0315532 -0.0306787 -0.0323527 -0.01204
internal_weight=57.9482 30.4799 27.6018 27.4683 26.3282 2.87812
internal_count=6426 1385 899 5041 4947 486
is_linear=0
shrinkage=0.025


Tree=12
num_leaves=7
num_cat=0
split_feature=21 24 13 26 20 21
split_gain=85.162 10.5412 8.49869 4.48873 2.03904 0.846053
threshold=0.39948570728302008 -4.7590053081512442 3.0593694448471074 -0.79668352007865895 1.539457440376282 1.3755028247833254
decision_type=2 2 2 2 2 2
left_child=1 -1 5 -4 -3 -2
right_child=2 4 3 -5 -6 -7
leaf_value=0.010087422076885046 -0.010062866754607892 -0.032016099466689506 0.033887747457123328 -0.0019485403239530336 0 0.0034071455434346123
leaf_weight=1.8345567824435445 1.6242011252907134 26.83417412405834 26.060947759950075 1.4345996550982771 1.0475081795593713 0.97140692907851178
leaf_count=45 465 4864 470 447 133 51
internal_value=0.000632912 -0.0270829 0.0281406 0.0318135 -0.0308807 -0.0052745
internal_weight=59.8074 29.7162 30.0912 27.4955 27.8817 2.59561
internal_count=6475 5042 1433 917 4997 516
is_linear=0
shrinkage=0.025


Tree=13
num_leaves=7
num_cat=0
split_feature=22 17 5 27 16 24
split_gain=83.0771 9.44734 9.00942 4.9437 1.0327 1.02112
threshold=0.20104175060987475 0.89788568019866954 4.1442320346832284 0.31404937803745275 1.2253343462944033 0.14198169857263568
decision_type=2 2 2 2 2 2
left_child=1 4 3 -2 -1 -3
right_child=2 5 -4 -5 -6 -7
leaf_value=-0.032222878739197623 0.033467792992682398 0.010957092245368255 -0.0067999851960419098 -0.0035710063876782747 0 -0.0040530235467919088
leaf_weight=25.887929871154491 25.713656405685477 2.0831203139387067 2.2975234432378775 1.1291599935502734 0.57186997000826423 0.63772995403269295
leaf_count=4974 440 33 327 345 89 158
internal_value=0 -0.0274878 0.0276479 0.0313974 -0.0316057 0.00628306
internal_weight=58.321 29.1807 29.1403 26.8428 26.4598 2.72085
internal_count=6366 5254 1112 785 5063 191
is_linear=0
shrinkage=0.025


Tree=14
num_leaves=7
num_cat=0
split_feature=21 13 24 26 23 21
split_gain=86.5441 10.2966 5.57104 3.70745 2.40467 0.346521
threshold=0.39948570728302008 3.0593694448471074 -5.0628948211669913 -0.84910276532173146 -5.2440052032470694 1.7831944823265078
decision_type=2 2 2 2 2 2
left_child=2 5 -1 -3 -4 -2
right_child=1 3 4 -5 -6 -7
leaf_value=0.0054499574726807783 -0.010699208708560002 0.033534000784253705 0.00068537013838544853 0 -0.031925642022205609 0.00059272894623010972
leaf_weight=1.09288705774816 1.7629712374182447 26.03467757295585 0.87210444139782595 2.0952511534560427 26.577426557836588 0.32098363083787251
leaf_count=36 504 369 97 542 4886 18
internal_value=8.01647e-05 0.0275391 -0.0285727 0.0313603 -0.030751 -0.00888692
internal_weight=58.7563 30.2139 28.5424 28.1299 27.4495 2.08395
internal_count=6452 1433 5019 911 4983 522
is_linear=0
shrinkage=0.025


Tree=15
num_leaves=7
num_cat=0
split_feature=21 24 6 26 23 11
split_gain=79.406 12.1161 7.71323 2.5019 2.36196 0.0164627
threshold=0.49832788109779363 -4.0292575359344474 4.0995640754699716 -0.79668352007865895 -5.2440052032470694 2.4872494935989384
decision_type=2 2 2 2 2 2
left_child=1 5 3 -2 -3 -1
right_child=2 4 -4 -5 -6 -7
leaf_value=0 0.032464627176502205 0.0006586509321857459 -0.0080048700204407592 0 -0.031787084707007814 0.010904991746240432
leaf_weight=0.45913721615216063 25.132032554305628 0.86511699028779077 1.271700142067856 1.5586799096199708 26.747738000645768 1.993302521004807
leaf_count=54 479 118 289 390 5138 40
internal_value=1.46821e-05 -0.0260819 0.0279635 0.030867 -0.0306338 0.0104982
internal_weight=58.0277 30.0653 27.9624 26.6907 27.6129 2.45244
internal_count=6508 5350 1158 869 5256 94
is_linear=0
shrinkage=0.025


Tree=16
num_leaves=6
num_cat=0
split_feature=24 6 21 26 26
split_gain=79.0967 8.98961 8.86298 2.59719 2.13391
threshold=-1.2231355905532835 4.0995640754699716 0.34953434765338903 -0.84910276532173146 -0.9999369978904723
decision_type=2 2 2 2 2
left_child=1 3 -2 -1 -4
right_child=2 -3 4 -5 -6
leaf_value=0.032659580617619803 -0.030795834658489219 -0.0088894000883831138 0.010636158391813153 0 -0.0079723820641539166
leaf_weight=26.074378733581401 25.110552868689414 1.5501261521130789 2.8323439895757474 1.9227310224087002 2.49773912038654
leaf_count=428 4558 306 132 418 706
internal_value=0.00069856 0.0276548 -0.0255003 0.0309079 0.0016729
internal_weight=59.9879 29.5472 30.4406 27.9971 5.33008
internal_count=6548 1152 5396 846 838
is_linear=0
shrinkage=0.025


Tree=17
num_leaves=7
num_cat=0
split_feature=21 19 6 26 26 21
split_gain=72.2804 13.0398 7.57989 4.38687 0.634299 0.624818
threshold=0.39948570728302008 0.63685172796249401 3.7438268661499028 -0.79668352007865895 -0.38902664184570307 -0.50067153573036183
decision_type=2 2 2 2 2 2
left_child=1 4 3 -2 -1 -3
right_child=2 5 -4 -5 -6 -7
leaf_value=-0.031298227851479829 0.03163672992360763 -0.0015410131645529086 -0.0060700840817973674 -0.0023242239836220547 -6.0446032647968134e-05 0.01267749517064428
leaf_weight=24.669886431773197 26.007479047635577 0.34131937072379548 2.1865681821946046 1.4996656524017442 0.83957016706699761 2.6627133326255708
leaf_count=4740 491 68 474 461 77 107
internal_value=0.000904812 -0.0252527 0.0262222 0.0295202 -0.0306534 0.0103277
internal_weight=58.2072 28.5135 29.6937 27.5071 25.5095 3.00403
internal_count=6418 4992 1426 952 4817 175
is_linear=0
shrinkage=0.025


Tree=18
num_leaves=7
num_cat=0
split_feature=22 13 17 3 16 24
split_gain=71.2563 9.78185 8.27063 2.56403 0.960407 0.938763
threshold=0.19066791236400607 2.9677381515502934 0.89788568019866954 1.0983543992042544 1.2253343462944033 0.46567195653915411
decision_type=2 2 2 2 2 2
left_child=2 -2 4 -3 -1 -4
right_child=1 3 5 -5 -6 -7
leaf_value=-0.030337839556009411 -0.007736056315511778 -0.0012756446358745397 0.010397131427744351 0.031359852034776863 0 -0.0039280054343508886
leaf_weight=24.96138736006106 2.5956886171479736 0.79863920289790513 2.0573913875850844 25.21872135886224 0.57594517729012196 0.63535359810339276
leaf_count=5027 391 201 34 556 93 147
internal_value=0.000103029 0.025853 -0.0257711 0.0301124 -0.0297215 0.00584849
internal_weight=56.8431 28.613 28.2301 26.0174 25.5373 2.69274
internal_count=6449 1148 5301 757 5120 181
is_linear=0
shrinkage=0.025


Tree=19
num_leaves=7
num_cat=0
split_feature=22 13 17 3 24 27
split_gain=66.7822 10.095 9.47709 3.76305 2.55791 0.666705
threshold=0.19066791236400607 2.9677381515502934 0.52343070507049572 1.1867098808288576 0.45376531779766088 0.72676369547843944
decision_type=2 2 2 2 2 2
left_child=2 -2 5 -3 -4 -1
right_child=1 3 4 -5 -6 -7
leaf_value=-0.030337493514380864 -0.0091672095874208766 -0.0029458128425323706 0.012653171661726146 0.031138738921667183 -0.0086043465934730924 0
leaf_weight=23.200747830036569 2.2710454131010946 0.93824644613778474 3.054938555113039 25.926312919473276 1.4581289163907056 0.81056244345381756
leaf_count=4505 393 227 144 541 558 77
internal_value=0.000729435 0.0253799 -0.0242928 0.0294767 0.00421552 -0.0296696
internal_weight=57.66 29.1356 28.5244 26.8646 4.51307 24.0113
internal_count=6445 1161 5284 768 702 4582
is_linear=0
shrinkage=0.025


Tree=20
num_leaves=7
num_cat=0
split_feature=22 17 6 3 24 27
split_gain=63.7577 8.99797 8.13407 3.72334 2.56 0.676116
threshold=0.19066791236400607 0.52343070507049572 4.0995640754699716 1.0983543992042544 0.45376531779766088 0.72676369547843944
decision_type=2 2 2 2 2 2
left_child=1 5 3 -2 -3 -1
right_child=2 4 -4 -5 -6 -7
leaf_value=-0.029970443677622929 -0.0040970249070637508 0.012431180984571813 -0.0088735551105303713 0.029886318765301054 -0.0087680433020813613 0
leaf_weight=22.792173530964654 0.62152503227117151 3.0427356053260146 1.5702543426887121 25.902598169224802 1.4927745345048604 0.79602555779274453
leaf_count=4494 208 139 289 643 577 71
internal_value=0.000472508 -0.0239875 0.0250717 0.0283682 0.00385944 -0.0292991
internal_weight=56.2181 28.1237 28.0944 26.5241 4.53551 23.5882
internal_count=6421 5281 1140 851 716 4565
is_linear=0
shrinkage=0.025


Tree=21
num_leaves=7
num_cat=0
split_feature=22 17 6 2 13 27
split_gain=60.3342 10.0965 7.82442 2.93232 2.60184 0.703097
threshold=0.20104175060987475 0.52343070507049572 3.3542866706848149 1.6011350750923159 3.5623236894607548 0.72676369547843944
decision_type=2 2 2 2 2 2
left_child=1 5 3 -2 -3 -1
right_child=2 4 -4 -5 -6 -7
leaf_value=-0.029660917081050477 -0.0019298726797543743 -0.0083010190096896707 -0.006608699569054014 0.030138662016203584 0.013217140783794525 0
leaf_weight=22.665041978470988 0.89719454461010784 1.3961173653951835 2.3149842637358224 23.903948330378626 3.2536356946802698 0.77458861435297777
leaf_count=4551 179 488 434 498 232 70
internal_value=0.000402194 -0.0232231 0.0248754 0.0286397 0.00515507 -0.0289889
internal_weight=55.2055 28.0894 27.1161 24.8011 4.64975 23.4396
internal_count=6452 5341 1111 677 720 4621
is_linear=0
shrinkage=0.025


Tree=22
num_leaves=7
num_cat=0
split_feature=21 24 6 2 6 21
split_gain=59.3896 7.12308 6.69772 3.4434 1.20046 0.606617
threshold=0.39948570728302008 -5.4155149459838858 3.5513194799423222 1.6011350750923159 -1.8639495968818662 1.7831944823265078
decision_type=2 2 2 2 2 2
left_child=1 -1 3 -2 -3 -4
right_child=2 4 5 -5 -6 -7
leaf_value=0.0078865439311929537 -0.0039441955342031315 0.00037569765418538195 -0.009542540656278244 0.028813343426363394 -0.028403703712919972 0.0024708954853113925
leaf_weight=1.5065735443495238 0.60434950963827461 0.3613631179323481 1.592476915335282 23.990815919882152 24.55498202773742 0.59414198156446207
leaf_count=28 175 13 488 712 4928 20
internal_value=-0.000163407 -0.0246203 0.0238464 0.0272669 -0.0277844 -0.00596058
internal_weight=53.2047 26.4229 26.7818 24.5952 24.9163 2.18662
internal_count=6364 4969 1395 887 4941 508
is_linear=0
shrinkage=0.025


Tree=23
num_leaves=6
num_cat=0
split_feature=22 6 17 27 22
split_gain=58.9579 9.14895 7.64706 4.76511 1.73742
threshold=0.19066791236400607 3.5513194799423222 0.52343070507049572 0.25909180939197546 -0.085861478000879274
decision_type=2 2 2 2 2
left_child=2 3 -1 -2 -4
right_child=1 -3 4 -5 -6
leaf_value=-0.02911118253344748 0.030033100647763669 -0.010038672818455998 -0.0069779744341835204 -0.0034914555441228285 0.010497870639811569
leaf_weight=22.479485189018309 24.045862613595098 1.8172962108510535 1.7371803406858815 1.4861925979494106 2.5258324595051809
leaf_count=4573 296 406 583 432 126
internal_value=0 0.0237641 -0.0241937 0.0276248 0.00277915
internal_weight=54.0918 27.3494 26.7425 25.5321 4.26301
internal_count=6416 1134 5282 728 709
is_linear=0
shrinkage=0.025


Tree=24
num_leaves=7
num_cat=0
split_feature=22 17 13 2 21 24
split_gain=60.7658 7.64208 7.46898 2.66898 1.10437 0.821771
threshold=0.19066791236400607 0.89788568019866954 2.9677381515502934 1.6011350750923159 0.97342437505722057 0.26708436012268072
decision_type=2 2 2 2 2 2
left_child=1 4 -2 -4 -1 -3
right_child=2 5 3 -5 -6 -7
leaf_value=-0.02934270655848505 -0.0065194518995429817 0.0098895835748787735 -0.0017720700938115173 0.029056929167386447 0.00014160416503044385 -0.0035714872127507666
leaf_weight=23.672902247286409 2.3543133049970519 2.0313048133975822 0.87716762471245857 24.039310581283644 0.33541442919522424 0.60018794710049395
leaf_count=5087 373 35 171 588 46 153
internal_value=-9.53482e-05 -0.0248042 0.0239515 0.0276479 -0.0287619 0.00567198
internal_weight=53.9106 26.6398 27.2708 24.9165 24.0083 2.63149
internal_count=6453 5321 1132 759 5133 188
is_linear=0
shrinkage=0.025


Tree=25
num_leaves=7
num_cat=0
split_feature=21 24 6 17 26 5
split_gain=56.3765 8.17309 5.39223 2.76684 1.88347 0.201008
threshold=0.48637431859970098 -5.8699815273284903 4.0995640754699716 0.5706164836883546 -0.88419196009635914 4.0237820148468026
decision_type=2 2 2 2 2 2
left_child=1 -1 4 -3 -2 -4
right_child=2 3 5 -5 -6 -7
leaf_value=0.0091521045830300039 0.02906946282789576 -0.027830683368566353 0.00047802492644937735 0.0010336541696563217 0.001005268595188168 -0.0071814120402882639
leaf_weight=1.937355733243751 22.282061515783429 24.416035259375352 0.33432594343321298 1.4123697642935429 2.4635129920206991 1.1922825407818889
leaf_count=25 339 4957 71 328 535 211
internal_value=0.000382966 -0.022464 0.0244597 -0.0261379 0.0271243 -0.00546523
internal_weight=54.0379 27.7658 26.2722 25.8284 24.7456 1.52661
internal_count=6466 5310 1156 5285 874 282
is_linear=0
shrinkage=0.025


Tree=26
num_leaves=7
num_cat=0
split_feature=18 17 13 3 13 14
split_gain=48.529 8.06382 6.79293 2.47337 2.19052 1.02591
threshold=0.14892008900642398 0.64970400929451 2.9677381515502934 1.0983543992042544 4.2375118732452401 3.6380107402801518
decision_type=2 2 2 2 2 2
left_child=1 5 -2 -4 -3 -1
right_child=2 4 3 -5 -6 -7
leaf_value=-0.026913077210462301 -0.0052692495175010604 -0.0074025259015142912 -0.0017291560344848971 0.027932891857866744 0.012809252974529717 0.00039339627378444516
leaf_weight=22.141308782331187 2.8226132681011249 1.2271947291446839 0.85882352950284513 22.792628829774912 2.7765865492401645 0.2779369477648278
leaf_count=4592 511 397 179 668 92 9
internal_value=0.000649667 -0.0212779 0.022637 0.0265239 0.00524949 -0.0263366
internal_weight=52.8971 26.423 26.4741 23.6515 4.00378 22.4192
internal_count=6448 5090 1358 847 489 4601
is_linear=0
shrinkage=0.025


Tree=27
num_leaves=7
num_cat=0
split_feature=21 13 19 3 12 21
split_gain=53.7771 6.34688 4.71484 2.56709 1.20165 0.725279
threshold=0.39948570728302008 3.0593694448471074 0.63685172796249401 1.5050457119941714 7.2268977165222177 1.3755028247833254
decision_type=2 2 2 2 2 2
left_child=2 5 4 -3 -1 -2
right_child=1 3 -4 -5 -6 -7
leaf_value=-0.027585559782385156 -0.009544965421387169 -0.0019946945181134761 0.0042050801419469116 0.027595812263410131 0.00052363992258298484 0.0029609665186759639
leaf_weight=23.025010335491977 1.639515216811563 0.85569744854001584 1.6446822730940756 22.856432958098594 0.34492939413757895 0.97823043377138663
leaf_count=4842 474 250 158 617 13 55
internal_value=-0.000327936 0.0225062 -0.0243163 0.0261489 -0.0269312 -0.0051751
internal_weight=51.3445 26.3299 25.0146 23.7121 23.3699 2.61775
internal_count=6409 1396 5013 867 4855 529
is_linear=0
shrinkage=0.025


Tree=28
num_leaves=7
num_cat=0
split_feature=22 6 26 17 27 5
split_gain=52.9493 8.25508 4.54037 3.34921 0.771173 0.503305
threshold=0.14067479968070987 3.3542866706848149 -0.84910276532173146 0.89788568019866954 0.72676369547843944 3.7469426393508916
decision_type=2 2 2 2 2 2
left_child=3 2 -2 4 -1 -3
right_child=1 5 -4 -5 -6 -7
leaf_value=-0.027905037578475012 0.028547286426896079 0.001579370630002942 -0.0026328914595284657 0.0013139354903083363 0 -0.0098864419228385375
leaf_weight=21.437143154966186 22.728209305263597 0.58089585293782819 1.9692788374377403 1.8959040552144859 0.74298706592526187 2.4368456185329705
leaf_count=4919 291 78 475 180 73 456
internal_value=-0.000271147 0.0214657 0.0258259 -0.024897 -0.0271969 -0.00729129
internal_weight=51.7913 27.7152 24.6975 24.076 22.1801 3.01774
internal_count=6472 1300 766 5172 4992 534
is_linear=0
shrinkage=0.025


Tree=29
num_leaves=7
num_cat=0
split_feature=21 6 24 26 26 21
split_gain=46.1281 8.88653 6.19068 4.34451 0.822433 0.312601
threshold=0.23615141957998279 3.3542866706848149 -4.7590053081512442 -0.88267394900321949 -0.38902664184570307 1.1944395303726199
decision_type=2 2 2 2 2 2
left_child=2 3 -1 -2 -4 -3
right_child=1 5 4 -5 -6 -7
leaf_value=0.00692843341209585 0.02811575027287699 -0.010923356153797846 -0.0274789243010259 -1.372361059532361e-05 0 0
leaf_weight=1.5420288491295675 21.607458059035714 2.0588060162845063 20.809690765338022 3.4264043024159028 0.7140574108925638 0.8008567866636439
leaf_count=38 334 727 4356 834 69 69
internal_value=1.31466e-06 0.0201915 -0.0234394 0.0246962 -0.0267467 -0.00907214
internal_weight=50.9593 27.8935 23.0658 25.0339 21.5237 2.85966
internal_count=6427 1964 4463 1168 4425 796
is_linear=0
shrinkage=0.025


Tree=30
num_leaves=7
num_cat=0
split_feature=22 13 26 26 18 26
split_gain=47.6002 9.70501 6.83605 0.797554 0.558591 0.0337785
threshold=0.033334886655211456 2.9677381515502934 -0.88267394900321949 -0.38902664184570307 0.67116013169288646 -0.36093486845493311
decision_type=2 2 2 2 2 2
left_child=3 4 -3 -1 -2 -5
right_child=1 2 -4 5 -6 -7
leaf_value=-0.026448280821948812 -0.012210833828682184 0.028237247175444721 -0.001941554549179115 0.0014698109094058139 0.00095739187887243114 -0.0013389800447549691
leaf_weight=19.345301312801897 2.6296039444278025 23.548035185609486 4.4252894303062886 0.31138382636709139 0.72494201187510032 0.37525502539938216
leaf_count=4517 522 415 823 17 67 50
internal_value=0.000786969 0.0191006 0.023703 -0.0256984 -0.00974713 0
internal_weight=51.3598 31.3279 27.9733 20.0319 3.35455 0.686639
internal_count=6411 1827 1238 4584 589 67
is_linear=0
shrinkage=0.025


Tree=31
num_leaves=7
num_cat=0
split_feature=21 24 6 2 17 5
split_gain=45.216 9.15626 4.78583 2.33366 1.12923 0.193495
threshold=0.48637431859970098 -4.0292575359344474 4.0995640754699716 1.6011350750923159 0.5706164836883546 4.0237820148468026
decision_type=2 2 2 2 2 2
left_child=1 -1 3 -2 -3 -4
right_child=2 4 5 -5 -6 -7
leaf_value=0.0094026913016121497 -0.0028706326956339169 -0.026885435315226792 0.00042619756827544744 0.026014316613923862 0 -0.0070925567917125461
leaf_weight=2.5575683600618531 0.46452791261254489 22.660294183529917 0.34567516634706308 21.966972651018295 1.1719774058437895 1.2063877474865874
leaf_count=97 128 4903 72 752 333 221
internal_value=-0.000439161 -0.0212941 0.0220073 0.0247741 -0.0258644 -0.00541674
internal_weight=50.3734 26.3898 23.9836 22.4315 23.8323 1.55206
internal_count=6506 5333 1173 880 5236 293
is_linear=0
shrinkage=0.025


Tree=32
num_leaves=7
num_cat=0
split_feature=22 17 13 3 24 23
split_gain=40.737 8.96537 6.51767 1.68002 1.16208 0.888678
threshold=0.21683702617883685 0.82449483871459972 3.0593694448471074 1.0983543992042544 0.46567195653915411 -5.2440052032470694
decision_type=2 2 2 2 2 2
left_child=1 5 -2 -4 -3 -1
right_child=2 4 3 -5 -6 -7
leaf_value=0 -0.0073646879927487061 0.012198468323173832 -0.00014492356022806712 0.026271316390120487 -0.0039550171188942615 -0.02641055160570881
leaf_weight=0.53066077711992576 1.9734532909933502 2.6950129073229614 1.0451028450625042 20.038699057942722 0.6746642620419151 21.654594178951811
leaf_count=82 375 49 200 487 195 5057
internal_value=-0.000550164 -0.0205797 0.0211377 0.0249455 0.00778692 -0.0257579
internal_weight=48.6122 25.5549 23.0573 21.0838 3.36968 22.1853
internal_count=6445 5383 1062 687 244 5139
is_linear=0
shrinkage=0.025


Tree=33
num_leaves=7
num_cat=0
split_feature=22 6 26 2 19 24
split_gain=40.226 5.98873 2.98636 2.7677 1.1607 0.61668
threshold=0.19066791236400607 3.3542866706848149 -1.0290753245353697 1.8252396583557131 0.34236119687557226 0.47999712824821478
decision_type=2 2 2 2 2 2
left_child=2 3 5 -2 -4 -1
right_child=1 -3 4 -5 -6 -7
leaf_value=0.0051136837785028767 -0.0026416792891314476 -0.006259806317397869 -0.025299337784664686 0.02586715837141498 0 -0.005634638360578037
leaf_weight=2.214941435144286 0.94943975872593611 2.3431576943839891 20.321033938671466 20.003482309053652 0.9161674672504877 1.1972000807290895
leaf_count=136 208 447 4747 485 139 314
internal_value=-0.00106749 0.0202355 -0.021429 0.0240745 -0.0242911 0
internal_weight=47.9454 23.2961 24.6493 20.9529 21.2372 3.41214
internal_count=6476 1140 5336 693 4886 450
is_linear=0
shrinkage=0.025


Tree=34
num_leaves=7
num_cat=0
split_feature=21 19 13 26 26 21
split_gain=41.5605 7.09433 5.82995 3.58349 0.72246 0.717266
threshold=0.3060366958379746 0.63685172796249401 3.0593694448471074 -0.84910276532173146 -0.38902664184570307 1.3755028247833254
decision_type=2 2 2 2 2 2
left_child=1 4 5 -4 -1 -2
right_child=2 -3 3 -5 -6 -7
leaf_value=-0.02638264642523501 -0.0095432616012087988 0.0071687309821590025 0.026667895714790016 -0.00065993289514060239 0 0.0028900340005001434
leaf_weight=19.90506397391437 1.7691420462215348 2.3427152949152505 21.495679108134944 2.6161700569209598 0.7587747205398071 0.97243901301408175
leaf_count=4516 570 161 435 658 74 56
internal_value=0.00077206 -0.0214008 0.0203422 0.023884 -0.025649 -0.00530759
internal_weight=49.86 23.0066 26.8534 24.1118 20.6638 2.74158
internal_count=6470 4751 1719 1093 4590 626
is_linear=0
shrinkage=0.025


Tree=35
num_leaves=7
num_cat=0
split_feature=22 6 21 2 19 26
split_gain=41.0234 5.74423 4.51218 2.26746 1.83563 0.942874
threshold=0.20104175060987475 4.0995640754699716 0.51626244187355053 1.6011350750923159 0.56391394138336193 -0.9999369978904723
decision_type=2 2 2 2 2 2
left_child=2 3 4 -2 -1 -4
right_child=1 -3 5 -5 -6 -7
leaf_value=-0.026106329082394315 -0.0018913749241475427 -0.0076690056781891329 0.0077942214817655594 0.025289127118510852 0.0010279063390787881 -0.0053487518225965817
leaf_weight=19.805293896119117 0.89661057916237652 1.4568583024665702 2.0831674114451748 22.014085081464145 0.80161161319119756 1.4291492469492357
leaf_count=4656 175 289 110 678 87 449
internal_value=0 0.020771 -0.0211043 0.0238532 -0.0248121 0.00171162
internal_weight=48.4868 24.3676 24.1192 22.9107 20.6069 3.51232
internal_count=6444 1142 5302 853 4743 559
is_linear=0
shrinkage=0.025


Tree=36
num_leaves=7
num_cat=0
split_feature=21 19 27 6 16 25
split_gain=39.4767 7.2999 4.34012 1.4401 0.74542 0.694564
threshold=0.48637431859970098 0.63685172796249401 0.20028171688318255 3.7438268661499028 1.2253343462944033 -3.7135810852050777
decision_type=2 2 2 2 2 2
left_child=1 4 3 -2 -1 -4
right_child=2 -3 5 -5 -6 -7
leaf_value=-0.025755205483827356 0.025725712243267369 0.0074358347753386844 0.0041839776111055405 0 0 -0.007351621356422755
leaf_weight=21.334720579092398 18.29097050335259 2.4794312283629543 1.071588746854107 1.1497965977177944 0.61027430818648909 1.9215670482371896
leaf_count=5030 245 160 37 243 113 633
internal_value=-0.00074484 -0.0209008 0.0207815 0.0243691 -0.02512 -0.00240598
internal_weight=46.8583 24.4244 22.4339 19.4408 21.945 2.99316
internal_count=6461 5303 1158 488 5143 670
is_linear=0
shrinkage=0.025


Tree=37
num_leaves=7
num_cat=0
split_feature=22 6 17 27 21 0
split_gain=40.6498 5.84912 3.22372 3.08033 0.841308 0.262665
threshold=0.19066791236400607 3.3197416067123418 0.82449483871459972 0.25909180939197546 0.97342437505722057 3.597387552261353
decision_type=2 2 2 2 2 2
left_child=2 3 4 -2 -1 -3
right_child=1 5 -4 -5 -6 -7
leaf_value=-0.025187936092010279 0.026041084820507217 0.00079481257056828424 0.0019078680960756757 -0.0016348988816379192 2.3091040659177339e-05 -0.0079198161959915647
leaf_weight=20.329022132093094 20.273520403192386 0.27359207777772043 1.9729307738598425 1.6977506399853144 0.33627326705027272 2.0467089942540042
leaf_count=5035 269 7 239 431 40 463
internal_value=-0.000317284 0.0201195 -0.0221454 0.0237642 -0.0246096 -0.00619744
internal_weight=46.9298 24.2916 22.6382 21.9713 20.6653 2.3203
internal_count=6484 1170 5314 700 5075 470
is_linear=0
shrinkage=0.025


Tree=38
num_leaves=7
num_cat=0
split_feature=21 19 6 2 27 21
split_gain=34.6717 6.45513 5.40423 3.08912 0.806402 0.545788
threshold=0.34953434765338903 0.63685172796249401 3.3542866706848149 1.6011350750923159 0.72676369547843944 1.7831944823265078
decision_type=2 2 2 2 2 2
left_child=1 4 3 -2 -1 -4
right_child=2 -3 5 -5 -6 -7
leaf_value=-0.025593337062131988 -0.0042833517929437015 0.0067413617014715869 -0.0087447354121165562 0.024518550593961977 0 0.0024018046320365615
leaf_weight=19.127850568329457 0.68685840978287771 2.2989222104079081 2.0688745008083056 20.038966566557065 0.70538121013669197 0.59261290758149687
leaf_count=4671 203 160 616 706 70 20
internal_value=-0.000391366 -0.0206747 0.0188439 0.0226741 -0.0248217 -0.00549933
internal_weight=45.5195 22.1322 23.3873 20.7258 19.8332 2.66149
internal_count=6446 4901 1545 909 4741 636
is_linear=0
shrinkage=0.025


Tree=39
num_leaves=6
num_cat=0
split_feature=21 22 12 26 5
split_gain=37.9514 5.22813 4.78416 2.99355 1.22297
threshold=0.39948570728302008 0.87065240740776073 2.8749662637710576 -0.84910276532173146 -0.17561683803796765
decision_type=2 2 2 2 2
left_child=1 4 -2 -4 -1
right_child=2 -3 3 -5 -6
leaf_value=0 -0.0069543592559148651 0.0063777046243267306 0.025297544129657359 -0.00037136386155067844 -0.024722496210852915
leaf_weight=1.3971713212668024 1.2009028906468326 1.7785142990178417 21.866247830737851 2.4828949637012547 19.396554245206062
leaf_count=156 255 60 555 624 4853
internal_value=0.00113718 -0.020114 0.0203354 0.0228498 -0.0234193
internal_weight=48.1223 22.5722 25.55 24.3491 20.7937
internal_count=6503 5069 1434 1179 5009
is_linear=0
shrinkage=0.025


Tree=40
num_leaves=7
num_cat=0
split_feature=22 13 19 2 18 13
split_gain=33.3656 5.93845 2.69141 2.02327 1.47382 0.724316
threshold=0.19066791236400607 2.9677381515502934 0.19556613266468051 1.6011350750923159 0.14892008900642398 4.2883481979370126
decision_type=2 2 2 2 2 2
left_child=2 -2 4 -3 -1 -4
right_child=1 3 5 -5 -6 -7
leaf_value=-0.023960870073992929 -0.0074228676257472497 -0.0016572619559555768 -0.0047507205851324711 0.024447593065705705 -0.00060511788800659487 0.007291964158353351
leaf_weight=17.692917440319441 1.9673699907725701 0.87108182674274104 1.0260074003599577 20.07292115141172 2.7108760235132641 1.2526816701865753
leaf_count=4338 371 176 331 591 574 64
internal_value=0 0.019312 -0.0194235 0.0230108 -0.0218337 0.00147231
internal_weight=45.5939 22.9114 22.6825 20.944 20.4038 2.27869
internal_count=6445 1138 5307 767 4912 395
is_linear=0
shrinkage=0.025


Tree=41
num_leaves=7
num_cat=0
split_feature=22 6 21 19 3 20
split_gain=34.1337 4.74924 3.13292 2.59613 2.53825 0.242614
threshold=0.19066791236400607 4.0995640754699716 0.97342437505722057 0.24858719855546954 1.0983543992042544 0.14226989448070529
decision_type=2 2 2 2 2 2
left_child=2 4 3 -1 -2 -4
right_child=1 -3 5 -5 -6 -7
leaf_value=-0.024274418996384769 -0.0028993194740199002 -0.0068695388772053723 -0.0014460016632710272 0.0010330440064344379 0.024052718360341081 0.0060142433919492299
leaf_weight=18.698541075485998 0.84961076435866445 1.3208356963004906 0.31852532562333991 1.8706094681401726 21.050923389324453 1.1793799645965917
leaf_count=4884 223 279 94 300 652 24
internal_value=0.000298626 0.0196204 -0.0196714 -0.0219765 0.0224302 0.00357403
internal_weight=45.2884 23.2214 22.0671 20.5692 21.9005 1.49791
internal_count=6456 1154 5302 5184 875 118
is_linear=0
shrinkage=0.025


Tree=42
num_leaves=7
num_cat=0
split_feature=21 26 6 24 24 27
split_gain=32.7522 7.07837 4.40603 3.69936 1.60749 0.984621
threshold=0.17968884855508807 -0.88267394900321949 4.0995640754699716 -4.7590053081512442 -3.6522214412689205 0.72676369547843944
decision_type=2 2 2 2 2 2
left_child=3 2 -2 -1 -3 -5
right_child=1 4 -4 5 -6 -7
leaf_value=0.0046636257069078745 0.025229676915664547 0.0055995172295236701 -0.0046500990199489145 -0.024552868431267205 -0.011265506631191387 0
leaf_weight=1.2106891313451367 21.20530739414972 1.6039456847356657 1.5233283262059547 17.270697307190861 3.2858332809701061 0.57400802330812339
leaf_count=39 576 120 410 4171 1145 60
internal_value=0.00108752 0.0174197 0.0225243 -0.0210246 -0.00506737 -0.0236803
internal_weight=46.6738 27.6184 22.7286 19.0554 4.88978 17.8447
internal_count=6521 2251 986 4270 1265 4231
is_linear=0
shrinkage=0.025


Tree=43
num_leaves=6
num_cat=0
split_feature=21 22 13 3 23
split_gain=34.1061 6.35005 3.7275 1.45682 0.690131
threshold=0.48637431859970098 0.75029388070106517 2.220696330070496 1.0983543992042544 -5.2440052032470694
decision_type=2 2 2 2 2
left_child=1 4 -2 -4 -1
right_child=2 -3 3 -5 -6
leaf_value=0 -0.0057638001458959406 0.0069489258870856887 -0.0012513353489236249 0.022974125604974829 -0.025217838738612976
leaf_weight=0.58432367886417225 1.0161827775300505 2.1768216332420698 0.60859680100111546 19.869567420100793 19.040440805692924
leaf_count=113 228 91 159 784 5047
internal_value=-0.00052428 -0.0204739 0.0195197 0.0219046 -0.0245628
internal_weight=43.2959 21.8016 21.4943 20.4782 19.6248
internal_count=6422 5251 1171 943 5160
is_linear=0
shrinkage=0.025


Tree=44
num_leaves=7
num_cat=0
split_feature=22 13 26 17 21 21
split_gain=31.5663 5.95611 3.57419 1.87421 0.73977 0.568246
threshold=0.14067479968070987 2.9677381515502934 -0.79668352007865895 0.82449483871459972 0.97342437505722057 1.3755028247833254
decision_type=2 2 2 2 2 2
left_child=3 5 -3 4 -1 -2
right_child=1 2 -4 -5 -6 -7
leaf_value=-0.02352639440012964 -0.010110486641088616 0.024063902976856122 -0.0034953995318121227 0.00030869952115458764 0 0.0019601306834494316
leaf_weight=17.989823149138836 2.0764981426764311 19.408808364765726 1.587936204450666 1.665733751724473 0.31982943502953176 0.53493853728286911
leaf_count=4880 441 457 417 229 40 21
internal_value=-0.000466764 0.0173865 0.0214678 -0.0210737 -0.022936 -0.0071534
internal_weight=43.5836 23.6082 20.9967 19.9754 18.3097 2.61144
internal_count=6485 1336 874 5149 4920 462
is_linear=0
shrinkage=0.025


Tree=45
num_leaves=7
num_cat=0
split_feature=21 26 24 13 27 24
split_gain=28.9652 7.25306 4.25251 3.73705 0.867346 0.739944
threshold=0.23615141957998279 -0.88267394900321949 -4.7590053081512442 2.220696330070496 0.72676369547843944 -4.4468402862548819
decision_type=2 2 2 2 2 2
left_child=2 3 -1 -2 -4 -3
right_child=1 5 4 -5 -6 -7
leaf_value=0.0054827606376114477 -0.0051057951238546641 0.0022545660821529667 -0.024105574116225867 0.0240589338428287 0 -0.011110044016138026
leaf_weight=1.4194215484894837 0.95561207857099972 0.79142429743660914 17.02169525084901 20.08124167076312 0.64136435103136946 2.6384444574359769
leaf_count=39 242 84 4384 661 68 1013
internal_value=6.5282e-05 0.0167974 -0.0201617 0.021768 -0.0232533 -0.00777667
internal_weight=43.5492 24.4667 19.0825 21.0369 17.6631 3.42987
internal_count=6491 2000 4491 903 4452 1097
is_linear=0
shrinkage=0.025


Tree=46
num_leaves=7
num_cat=0
split_feature=21 13 19 2 27 5
split_gain=29.411 5.93016 5.58825 2.76005 0.82717 0.467669
threshold=0.34953434765338903 3.0593694448471074 0.63685172796249401 1.6011350750923159 0.72676369547843944 4.7686750888824472
decision_type=2 2 2 2 2 2
left_child=2 -2 4 -3 -1 -4
right_child=1 3 5 -5 -6 -7
leaf_value=-0.024241923182535683 -0.0080207113154589071 -0.0040454266633650031 0.0090084055132889952 0.023146765883366643 0 -0.0018718457253028402
leaf_weight=17.750246114621412 2.0854878139798556 0.66787387634394946 1.8193584547843777 20.429711362929083 0.67153963667806138 0.42111009516520415
leaf_count=4676 565 202 69 794 74 94
internal_value=0 0.0176118 -0.0193818 0.0214363 -0.0234254 0.00621977
internal_weight=43.8453 23.1831 20.6623 21.0976 18.4218 2.24047
internal_count=6474 1561 4913 996 4750 163
is_linear=0
shrinkage=0.025


Tree=47
num_leaves=7
num_cat=0
split_feature=21 26 24 13 17 22
split_gain=26.435 6.15908 4.16533 3.09328 1.03529 0.669366
threshold=0.3060366958379746 -0.88267394900321949 -4.7590053081512442 2.220696330070496 0.82449483871459972 0.96863451600074779
decision_type=2 2 2 2 2 2
left_child=2 3 -1 -2 -4 -3
right_child=1 5 4 -5 -6 -7
leaf_value=0.0056316655459944685 -0.004428067373855058 -0.010394868672810417 -0.023183216684713643 0.023174101169872147 0.0007089101345054944 0.0022248505809442007
leaf_weight=1.4380328058032343 0.82384121147334255 2.3456186951370905 17.91980341606541 18.327169988653623 0.35894899809500103 0.77239408588502545
leaf_count=42 213 840 4706 567 47 69
internal_value=-0.000585604 0.0163201 -0.0193714 0.021057 -0.0223941 -0.00705395
internal_weight=41.9858 22.269 19.7168 19.151 18.2788 3.11801
internal_count=6484 1689 4795 780 4753 909
is_linear=0
shrinkage=0.025


Tree=48
num_leaves=7
num_cat=0
split_feature=21 24 13 2 27 21
split_gain=28.6991 4.9948 4.39202 2.48836 0.870724 0.633678
threshold=0.34953434765338903 -4.7590053081512442 3.0593694448471074 1.6011350750923159 0.72676369547843944 1.3755028247833254
decision_type=2 2 2 2 2 2
left_child=1 -1 5 -4 -3 -2
right_child=2 4 3 -5 -6 -7
leaf_value=0.0065653604206841231 -0.0088276536135032113 -0.023943139924376865 -0.0037136306715349491 0.022658133577475779 0 0.0028240628644320667
leaf_weight=1.5996309912879976 1.6613523997948534 17.20733713023947 0.61601430445444094 19.621746917051496 0.63741775945527379 0.90462083695456375
leaf_count=40 534 4805 196 775 72 50
internal_value=9.18324e-05 -0.019557 0.0175749 0.0210311 -0.0230967 -0.00474216
internal_weight=42.2481 19.4444 22.8037 20.2378 17.8448 2.56597
internal_count=6472 4917 1555 971 4877 584
is_linear=0
shrinkage=0.025


Tree=49
num_leaves=7
num_cat=0
split_feature=22 13 27 3 19 21
split_gain=28.4454 5.10016 2.77553 1.83531 0.938882 0.812258
threshold=0.19066791236400607 2.9677381515502934 0.074448272585868849 1.0983543992042544 0.34236119687557226 0.34953434765338903
decision_type=2 2 2 2 2 2
left_child=2 -2 5 -3 -4 -1
right_child=1 3 4 -5 -6 -7
leaf_value=-0.0054718125488633675 -0.0067939278428674477 -0.0016627116922326925 -0.022880907460304405 0.022929609486345693 0 0.0069377986931100687
leaf_weight=1.30554354793276 1.945899211976214 0.8522086837328996 16.550659644330157 19.367733626073459 0.82255949775571835 1.7124045841046607
leaf_count=364 387 213 4776 555 140 75
internal_value=0.000125271 0.0180124 -0.0187906 0.0215211 -0.0218646 0.000725442
internal_weight=42.557 22.1658 20.3912 20.2199 17.3732 3.01795
internal_count=6510 1155 5355 768 4916 439
is_linear=0
shrinkage=0.025


Tree=50
num_leaves=7
num_cat=0
split_feature=24 21 6 26 19 5
split_gain=23.4937 4.28372 3.82212 2.83451 2.67012 0.331744
threshold=-1.2231355905532835 0.97342437505722057 4.0995640754699716 -0.84910276532173146 0.24858719855546954 4.0619351863861093
decision_type=2 2 2 2 2 2
left_child=2 4 3 -1 -2 -3
right_child=1 5 -4 -5 -6 -7
leaf_value=0.022706839650502388 -0.022875292996746146 0.0079890693609930181 -0.0063120833372393272 -0.0024021135254681256 0.001372604450805713 -0.0013350583473924432
leaf_weight=16.496301878767557 17.126872292777996 1.7506348438910202 1.2609214932890598 1.7035339239810152 2.0871603285777374 0.31761970982188348
leaf_count=415 4921 46 304 454 339 50
internal_value=-0.000374 -0.0168687 0.01717 0.020076 -0.0202437 0.00574144
internal_weight=40.743 21.2823 19.4608 18.1998 19.214 2.06825
internal_count=6529 5356 1173 869 5260 96
is_linear=0
shrinkage=0.025


Tree=51
num_leaves=7
num_cat=0
split_feature=22 26 13 21 21 19
split_gain=26.3194 7.16312 6.20678 0.910325 0.529225 0.211239
threshold=0.033334886655211456 -0.88267394900321949 2.9677381515502934 1.7831944823265078 1.0036993026733401 0.34236119687557226
decision_type=2 2 2 2 2 2
left_child=3 2 -2 5 -3 -1
right_child=1 4 -4 -5 -6 -7
leaf_value=-0.023047757641526972 -0.0072323568759152471 -0.010710513149861534 0.024024338985527111 0.00059578921886926689 0.00097033820106330994 0
leaf_weight=14.91989192515029 2.061941117688554 2.8795252436830188 19.213368743512547 0.3025372610427447 1.1252295449376104 0.54070407597464587
leaf_count=4449 454 851 405 11 152 147
internal_value=-1.71921e-05 0.014727 0.0199574 -0.0218164 -0.00801801 -0.0225989
internal_weight=41.0432 25.2801 21.2753 15.7631 4.00475 15.4606
internal_count=6469 1862 859 4607 1003 4596
is_linear=0
shrinkage=0.025


Tree=52
num_leaves=7
num_cat=0
split_feature=21 19 13 3 5 13
split_gain=24.7591 5.2455 3.04542 1.42683 1.14939 0.552747
threshold=0.48637431859970098 0.56391394138336193 2.220696330070496 1.0983543992042544 -0.17561683803796765 2.9677381515502934
decision_type=2 2 2 2 2 2
left_child=1 4 -2 -4 -1 -3
right_child=2 5 3 -5 -6 -7
leaf_value=0 -0.0052346844537342202 -0.0023022773276998648 -0.0015535618700533926 0.021111656563300489 -0.023369890592221228 0.0091837349690339406
leaf_weight=1.3506904644018565 0.95540861325571569 0.5089598949416535 0.62582349247532221 17.997457138699247 16.17995391486329 1.9803304764209313
leaf_count=179 205 139 164 802 4893 81
internal_value=-8.14816e-05 -0.0177052 0.0176209 0.0199178 -0.0219437 0.00603159
internal_weight=39.5986 20.0199 19.5787 18.6233 17.5306 2.48929
internal_count=6463 5292 1171 966 5072 220
is_linear=0
shrinkage=0.025


Tree=53
num_leaves=7
num_cat=0
split_feature=22 13 2 5 17 22
split_gain=22.461 6.62564 4.60587 0.65578 0.338583 0.290357
threshold=0.037176083773374564 2.9677381515502934 1.8252396583557131 -0.17561683803796765 1.0149448513984682 1.753094553947449
decision_type=2 2 2 2 2 2
left_child=3 5 -3 -1 -5 -2
right_child=1 2 -4 4 -6 -7
leaf_value=0 -0.01117140513957952 -0.0060694926341956223 0.021698403894295632 -0.022200424857117321 0 0.0002006885519423535
leaf_weight=0.73193176317727093 2.5450297408096989 1.8075104927993404 19.397821706166724 13.634950881969413 0.92493451910559166 0.24956457410007704
leaf_count=90 578 416 804 4386 117 4
internal_value=-0.000270963 0.0137445 0.0183866 -0.0205424 -0.0214181 -0.00987672
internal_weight=39.2917 23.9999 21.2053 15.2918 14.5599 2.79459
internal_count=6395 1802 1220 4593 4503 582
is_linear=0
shrinkage=0.025


Tree=54
num_leaves=7
num_cat=0
split_feature=22 6 19 26 21 13
split_gain=21.7934 4.07926 2.7473 2.42816 1.71513 0.953265
threshold=0.19066791236400607 4.0995640754699716 0.14113814383745196 -0.79668352007865895 1.2390282750129702 4.2883481979370126
decision_type=2 2 2 2 2 2
left_child=2 3 4 -2 -1 -4
right_child=1 -3 5 -5 -6 -7
leaf_value=-0.021942148861804983 0.021689280584846555 -0.0069057180935278061 -0.0055572201774074376 -0.0024253183216547403 0.0016545276340723895 0.0079240759075717426
leaf_weight=15.464062608603857 16.789089771918956 1.3952929120860051 1.2807122227095527 1.3877539950190136 0.85782191506587047 1.6754657046694772
leaf_count=4697 479 286 441 362 48 140
internal_value=-0.000191715 0.0162962 -0.0170973 0.0194525 -0.0203117 0.00147603
internal_weight=38.8502 19.5721 19.2781 18.1768 16.3219 2.95618
internal_count=6453 1127 5326 841 4745 581
is_linear=0
shrinkage=0.025


Tree=55
num_leaves=7
num_cat=0
split_feature=21 26 5 24 22 27
split_gain=21.3088 6.18933 2.396 1.5319 1.3672 0.855616
threshold=0.17968884855508807 -0.90436813235282887 3.8076846599578862 -4.7590053081512442 0.96863451600074779 0.72676369547843944
decision_type=2 2 2 2 2 2
left_child=3 2 -2 -1 -3 -5
right_child=1 4 -4 5 -6 -7
leaf_value=0.0015924205819168001 0.022094118424034803 -0.011099552057825758 -0.0017274390861085932 -0.022128238028128831 0.0048684832071401096 0
leaf_weight=0.75639446137938549 16.359444266010549 3.5920668677426866 1.6849043018301006 14.123794088780411 1.2312856643984558 0.59730496362317431
leaf_count=39 477 1271 376 4093 67 68
internal_value=-0.000150585 0.013962 0.0197064 -0.0196248 -0.00598382 -0.0211592
internal_weight=38.3452 22.8677 18.0443 15.4775 4.82335 14.7211
internal_count=6391 2191 853 4200 1338 4161
is_linear=0
shrinkage=0.025


Tree=56
num_leaves=7
num_cat=0
split_feature=21 26 24 24 22 27
split_gain=20.3353 5.80841 2.95653 2.07553 1.16464 0.943472
threshold=0.17968884855508807 -0.88267394900321949 0.45376531779766088 -4.7590053081512442 0.78722152113914501 0.72676369547843944
decision_type=2 2 2 2 2 2
left_child=3 2 -2 -1 -3 -5
right_child=1 4 -4 5 -6 -7
leaf_value=0.0026160610626924504 0.021502055743364279 -0.010915542454828031 -0.0045852550586071928 -0.021992655172952149 0.0040931192269858391 0.00031865607494901976
leaf_weight=0.96640192822087456 17.430412628687925 3.1535480386228292 0.89006121142301609 14.001676009094805 1.2427963737864045 0.53032581362640563
leaf_count=37 623 1171 360 4097 113 60
internal_value=0 0.0139119 0.0192553 -0.0189296 -0.00608725 -0.0209853
internal_weight=38.2152 22.7168 18.3205 15.4984 4.39634 14.532
internal_count=6461 2267 983 4194 1284 4157
is_linear=0
shrinkage=0.025


Tree=57
num_leaves=6
num_cat=0
split_feature=22 6 26 17 24
split_gain=22.1349 5.61756 5.12296 1.31206 0.125889
threshold=0.033334886655211456 4.0995640754699716 -0.88267394900321949 1.0149448513984682 0.57845404744148265
decision_type=2 2 2 2 2
left_child=3 2 -2 -1 -5
right_child=1 -3 -4 4 -6
leaf_value=-0.021891268071153637 0.02264039099562188 -0.0094417967699138468 -0.0030678745980954542 0.0031954336301943513 -0.0019562038144995404
leaf_weight=13.550091805809641 17.933787088986726 2.1285716892452902 4.2457947596849399 0.70871685538440832 0.41248359734890983
leaf_count=4507 479 459 929 13 107
internal_value=0.000145007 0.0140254 0.0178301 -0.0202544 0.000229351
internal_weight=38.9794 24.3082 22.1796 14.6713 1.1212
internal_count=6494 1867 1408 4627 120
is_linear=0
shrinkage=0.025


Tree=58
num_leaves=6
num_cat=0
split_feature=21 13 24 26 21
split_gain=23.324 4.16497 4.14652 1.98981 0.672368
threshold=0.3060366958379746 3.1536731719970708 -4.7590053081512442 -0.79668352007865895 1.3755028247833254
decision_type=2 2 2 2 2
left_child=2 4 -1 -3 -2
right_child=1 3 -4 -5 -6
leaf_value=0.0054398323329960608 -0.0090944986382602046 0.021709128085490598 -0.022529260843367403 -0.00044822857417569121 0.0028008569378331939
leaf_weight=1.5384925208636584 1.7272425396076898 16.858857988321695 15.362248936929971 2.0224813267996025 1.0821261650416998
leaf_count=43 598 531 4728 531 59
internal_value=0 0.015773 -0.0190372 0.0194771 -0.0048526
internal_weight=38.5914 21.6907 16.9007 18.8813 2.80937
internal_count=6490 1719 4771 1062 657
is_linear=0
shrinkage=0.025


Tree=59
num_leaves=7
num_cat=0
split_feature=22 26 13 18 27 21
split_gain=18.6997 5.6192 4.74647 0.838017 0.76108 0.78451
threshold=0.033334886655211456 -0.88267394900321949 2.9677381515502934 0.53299450874328624 0.72676369547843944 1.7831944823265078
decision_type=2 2 2 2 2 2
left_child=4 2 -2 -3 5 -1
right_child=1 3 -4 -5 -6 -7
leaf_value=-0.021098700782504476 -0.0054915682219733551 -0.010922666420297159 0.022069023567128157 0.0026250126473306469 0 0.00043665588794963888
leaf_weight=13.473530569433928 2.2727810257056325 2.8789491638890463 16.026384041440906 1.0476507075654806 0.59059968934161666 0.31439289788249958
leaf_count=4574 449 894 405 112 74 13
internal_value=-0.000508104 0.0127695 0.0179338 -0.00716219 -0.0193538 -0.0202895
internal_weight=36.6043 22.2258 18.2992 3.9266 14.3785 13.7879
internal_count=6521 1860 854 1006 4661 4587
is_linear=0
shrinkage=0.025


Tree=60
num_leaves=6
num_cat=0
split_feature=21 24 13 2 13
split_gain=20.423 3.93041 2.82247 1.57857 1.50904
threshold=0.48637431859970098 -5.0628948211669913 2.220696330070496 1.6011350750923159 5.4501395225524911
decision_type=2 2 2 2 2
left_child=1 -1 -2 -4 -3
right_child=2 4 3 -5 -6
leaf_value=0.0060141926001133078 -0.0051679054121927448 -0.022293800365275455 -0.0025570818551699944 0.020046425200151194 0
leaf_weight=1.5713145895279037 0.9753953018225755 14.363782653381351 0.44723151664948346 17.041851855407003 2.0610044171044128
leaf_count=38 219 4764 135 823 427
internal_value=0 -0.0167633 0.0163886 0.0187505 -0.0201291
internal_weight=36.4606 17.9961 18.4645 17.4891 16.4248
internal_count=6406 5229 1177 958 5191
is_linear=0
shrinkage=0.025


Tree=61
num_leaves=7
num_cat=0
split_feature=21 26 6 22 27 22
split_gain=18.433 6.05548 3.05857 1.44678 0.911463 0.624518
threshold=0.17968884855508807 -0.88267394900321949 3.9318096637725835 0.87065240740776073 0.72676369547843944 0.96863451600074779
decision_type=2 2 2 2 2 2
left_child=3 2 -2 4 -1 -3
right_child=1 5 -4 -5 -6 -7
leaf_value=-0.021201945969041274 0.021465149064014217 -0.010389906332935702 -0.0039039147141346725 0.0017072357355797426 0.00037032355198974654 0.0019341474393357269
leaf_weight=13.030428865720745 16.647557328164119 3.0198171778174578 1.3826562427566376 0.71529650222510177 0.52847248959005888 0.73973629050306033
leaf_count=4068 531 1173 447 39 62 66
internal_value=0 0.0134856 0.0188231 -0.0185728 -0.0201511 -0.00753162
internal_weight=36.064 21.7898 18.0302 14.2742 13.5589 3.75955
internal_count=6386 2217 978 4169 4130 1239
is_linear=0
shrinkage=0.025


Tree=62
num_leaves=7
num_cat=0
split_feature=22 27 5 27 5 27
split_gain=16.9925 3.10519 2.95176 2.08646 1.26489 0.703024
threshold=0.21683702617883685 0.12937081605196002 4.5029637813568124 0.25909180939197546 4.0237820148468026 0.72676369547843944
decision_type=2 2 2 2 2 2
left_child=1 4 3 -2 -1 -3
right_child=2 5 -4 -5 -6 -7
leaf_value=0.0078692267103185696 0.020244712458952666 -0.020943353334382037 -0.0056202504565766569 -0.001794570126444424 -0.0069003209771967824 0
leaf_weight=2.8028040838544284 14.437510284711612 13.166086348559471 1.153154894884209 1.6404192663612764 1.6469723837508352 0.65831600519595745
leaf_count=316 398 4457 235 422 528 86
internal_value=-0.000497903 -0.0155076 0.0150469 0.0178073 0.000982647 -0.0199986
internal_weight=35.5053 18.2742 17.2311 16.0779 4.44978 13.8244
internal_count=6442 5387 1055 820 844 4543
is_linear=0
shrinkage=0.025


Tree=63
num_leaves=7
num_cat=0
split_feature=21 24 13 2 27 21
split_gain=18.9737 4.19061 2.92044 1.70917 0.790366 0.36189
threshold=0.48637431859970098 -4.7590053081512442 3.0593694448471074 1.6011350750923159 0.72676369547843944 1.7831944823265078
decision_type=2 2 2 2 2 2
left_child=1 -1 5 -4 -3 -2
right_child=2 4 3 -5 -6 -7
leaf_value=0.0064560837465150863 -0.007119257409071468 -0.020869462871024567 -0.0028233787351805021 0.020103738030107888 0 0.0019121922310100443
leaf_weight=1.6727941149147252 1.2798553382745037 15.537456482968992 0.48648523137672128 15.996731205290414 0.60167659676517438 0.58151241147425015
leaf_count=53 390 5164 145 625 80 23
internal_value=-1.80679e-05 -0.0163656 0.0156926 0.0186365 -0.0199942 -0.00404948
internal_weight=36.1565 17.8119 18.3446 16.4832 16.1391 1.86137
internal_count=6480 5297 1183 770 5244 413
is_linear=0
shrinkage=0.025


Tree=64
num_leaves=7
num_cat=0
split_feature=22 6 17 26 27 22
split_gain=18.9834 3.40023 2.93508 1.64319 0.806792 0.756215
threshold=0.21683702617883685 4.0995640754699716 0.52343070507049572 -0.89540046453475941 0.72676369547843944 -0.099524945020675645
decision_type=2 2 2 2 2 2
left_child=2 3 4 -2 -1 -4
right_child=1 -3 5 -5 -6 -7
leaf_value=-0.02118714472540455 0.021177278042411964 -0.0060358552333600853 -0.004779037553295039 0 0 0.0070005262402777439
leaf_weight=13.115787810791517 15.027890045195822 1.2454551601549599 1.3771283133246472 2.5670819688530182 0.60015752902836617 2.063380170002346
leaf_count=4549 306 277 572 507 75 141
internal_value=0.000363387 0.01594 -0.016197 0.0187636 -0.0201881 0.00150712
internal_weight=35.9969 18.8404 17.1565 17.595 13.7159 3.44051
internal_count=6427 1090 5337 813 4624 713
is_linear=0
shrinkage=0.025


Tree=65
num_leaves=7
num_cat=0
split_feature=22 26 6 27 22 21
split_gain=17.3821 4.9687 4.56867 0.839025 0.826685 0.759174
threshold=0.033334886655211456 -0.88267394900321949 4.0995640754699716 0.72676369547843944 0.78722152113914501 1.7831944823265078
decision_type=2 2 2 2 2 2
left_child=3 2 -2 5 -3 -1
right_child=1 4 -4 -5 -6 -7
leaf_value=-0.020271021610105019 0.021433055479791647 -0.010135305423177948 -0.0068197343705614843 0.00052239540073695885 0.0029473797577362522 0.00050592758061905857
leaf_weight=12.426486763783027 16.845390800473986 2.7210289710201319 1.4821778771874949 0.4981383013364401 1.1175371944846118 0.3011815483914696
leaf_count=4475 501 890 357 64 118 12
internal_value=0.000398198 0.013161 0.0179083 -0.0183914 -0.00610668 -0.0194228
internal_weight=35.3919 22.1661 18.3276 13.2258 3.83857 12.7277
internal_count=6417 1866 858 4551 1008 4487
is_linear=0
shrinkage=0.025


Tree=66
num_leaves=7
num_cat=0
split_feature=22 26 6 17 22 26
split_gain=16.0159 5.83763 4.35902 1.03539 0.994905 0.725307
threshold=0.033334886655211456 -0.89381685853004444 4.0995640754699716 1.0149448513984682 0.96863451600074779 -0.38902664184570307
decision_type=2 2 2 2 2 2
left_child=3 2 -2 5 -3 -1
right_child=1 4 -4 -5 -6 -7
leaf_value=-0.020259617506180314 0.021465467493055723 -0.011683453284089155 -0.0065225656852990407 0.00017497917033174639 0.0030804102842678645 0
leaf_weight=11.606958310148908 16.456045481987537 2.8693379985925271 1.4216958791075729 1.1108390034642059 0.99978083954192687 0.61614483309676948
leaf_count=4443 461 967 353 120 74 77
internal_value=0.000224353 0.0126732 0.0180275 -0.0176572 -0.0075779 -0.019221
internal_weight=35.0808 21.7469 17.8777 13.3339 3.86912 12.2231
internal_count=6495 1855 814 4640 1041 4520
is_linear=0
shrinkage=0.025


Tree=67
num_leaves=6
num_cat=0
split_feature=22 6 2 21 26
split_gain=17.3987 3.30964 1.4091 1.26708 0.665236
threshold=0.19066791236400607 4.0995640754699716 1.6011350750923159 1.2390282750129702 -0.38902664184570307
decision_type=2 2 2 2 2
left_child=3 2 -2 4 -1
right_child=1 -3 -4 -5 -6
leaf_value=-0.019844358352630362 -0.0016332633208893011 -0.0063661402491450528 0.019072072347446237 0.0013682181005251653 0
leaf_weight=14.19122048799181 0.85678458717302675 1.3151084644196078 14.881354826531604 0.79038925201166499 0.64767705538542841
leaf_count=5159 177 294 669 43 83
internal_value=-0.00103698 0.0143702 0.0175215 -0.0175593 -0.0189733
internal_weight=32.6825 17.0532 15.7381 15.6293 14.8389
internal_count=6425 1140 846 5285 5242
is_linear=0
shrinkage=0.025


Tree=68
num_leaves=7
num_cat=0
split_feature=22 17 6 27 27 12
split_gain=15.6529 3.74077 3.13014 1.6563 0.737409 0.639902
threshold=0.19066791236400607 0.82449483871459972 3.3542866706848149 0.30025006830692297 0.72676369547843944 3.0119251012802128
decision_type=2 2 2 2 2 2
left_child=1 4 3 -2 -1 -3
right_child=2 5 -4 -5 -6 -7
leaf_value=-0.021026913721296586 0.019991457910371966 -0.0033388626928517449 -0.004536195386847801 -0.00098364138157545889 0 0.0082529760406714215
leaf_weight=12.944517733209068 13.396660927130144 0.65693398565053884 2.2001639160735058 1.5430118669464707 0.64203988155350167 1.948418378975475
leaf_count=4975 304 147 455 375 80 101
internal_value=-0.000307889 -0.0157716 0.014281 0.0178082 -0.0200515 0.00423483
internal_weight=33.3317 16.1919 17.1398 14.9397 13.5866 2.60535
internal_count=6437 5303 1134 679 5055 248
is_linear=0
shrinkage=0.025


Tree=69
num_leaves=7
num_cat=0
split_feature=21 26 13 24 22 26
split_gain=14.3532 4.82315 2.96539 1.24882 0.945366 0.819203
threshold=0.17968884855508807 -0.88267394900321949 2.9677381515502934 -5.8699815273284903 0.96863451600074779 -0.38902664184570307
decision_type=2 2 2 2 2 2
left_child=3 2 -2 -1 -3 -5
right_child=1 4 -4 5 -6 -7
leaf_value=0.0015703271250553305 -0.0037723625010366644 -0.011100038028769327 0.020124161843037589 -0.020308038038329909 0.0031910632877666769 0.00021494219066458902
leaf_weight=0.61379040608880941 1.7239791134488793 2.6586904736177526 13.922220668580847 11.902349737385517 0.96641049531172019 0.55650989251444194
leaf_count=13 498 1178 480 4157 63 65
internal_value=-0.000837827 0.0116683 0.0169125 -0.0177475 -0.00692427 -0.0192343
internal_weight=32.344 19.2713 15.6462 13.0727 3.6251 12.4589
internal_count=6454 2219 978 4235 1241 4222
is_linear=0
shrinkage=0.025


Tree=70
num_leaves=6
num_cat=0
split_feature=21 19 12 22 21
split_gain=15.3029 6.93808 1.52412 0.817429 0.556947
threshold=0.88643774390220653 0.49783010780811315 2.8749662637710576 0.7221142351627351 0.0042810691520571717
decision_type=2 2 2 2 2
left_child=1 3 -2 -1 -3
right_child=2 4 -4 -5 -6
leaf_value=-0.02074976429582032 -0.0026803913305730063 -0.0013834473485296467 0.018742686887153175 0 0.01064761261521683
leaf_weight=15.325490607094252 0.50767505168914695 0.79600179122644377 12.075042816199128 0.65752278102445494 3.264113149169134
leaf_count=5615 90 199 374 55 107
internal_value=-0.000812634 -0.0134107 0.0170064 -0.019817 0.00813727
internal_weight=32.6258 20.0431 12.5827 15.983 4.06011
internal_count=6440 5976 464 5670 306
is_linear=0
shrinkage=0.025


Tree=71
num_leaves=7
num_cat=0
split_feature=24 17 13 3 13 5
split_gain=14.8436 3.34973 2.05549 1.25369 1.19603 1.0719
threshold=-1.7359421849250791 0.52343070507049572 2.9677381515502934 1.1867098808288576 4.4585261344909677 -0.17561683803796765
decision_type=2 2 2 2 2 2
left_child=2 5 -1 -4 -3 -2
right_child=1 4 3 -5 -6 -7
leaf_value=-0.0032940995604246594 0 -0.0057120638134741837 -0.001683870912732221 0.019300970085778947 0.0089216422609673159 -0.020664935182301829
leaf_weight=1.1939408814942023 1.17529742169427 1.562154635699698 0.54536737728631024 12.860920191771582 2.395753347518621 12.1434237503272
leaf_count=287 175 627 139 416 121 4659
internal_value=-0.000320295 -0.0143897 0.0154331 0.0178822 0.00248371 -0.0190544
internal_weight=31.8769 17.2766 14.6002 13.4063 3.95791 13.3187
internal_count=6424 5582 842 555 748 4834
is_linear=0
shrinkage=0.025


Tree=72
num_leaves=7
num_cat=0
split_feature=24 17 13 3 24 26
split_gain=14.4542 4.46546 2.1286 1.18823 1.00731 0.71245
threshold=-1.7359421849250791 0.64970400929451 2.9677381515502934 1.0983543992042544 0.46567195653915411 -0.38902664184570307
decision_type=2 2 2 2 2 2
left_child=2 5 -1 -4 -3 -2
right_child=1 4 3 -5 -6 -7
leaf_value=-0.0035720319298027207 -0.021149631883678681 0.0091766099590885105 -0.0019081094717348273 0.018941972318472101 -0.004729970168662158 0
leaf_weight=1.2254439237585781 12.753675503161505 2.7894423967227335 0.36145306366961349 12.247949390643042 0.92382050558808249 0.66095425424282339
leaf_count=290 4989 106 122 428 405 88
internal_value=-0.00111448 -0.0148262 0.0149586 0.0176173 0.00427064 -0.020176
internal_weight=30.9627 17.1279 13.8348 12.6094 3.71326 13.4146
internal_count=6428 5588 840 550 511 5077
is_linear=0
shrinkage=0.025


Tree=73
num_leaves=6
num_cat=0
split_feature=22 17 6 24 3
split_gain=14.8123 6.7246 1.71288 1.65122 0.957129
threshold=0.43350051343441015 0.52343070507049572 3.9318096637725835 0.1963445991277695 1.1867098808288576
decision_type=2 2 2 2 2
left_child=1 -1 4 -3 -2
right_child=2 3 -4 -5 -6
leaf_value=-0.021534735984914902 -0.0013333391353756022 0.011253864049612729 -0.0031725321492608143 -0.0059802710695207213 0.019063181741067626
leaf_weight=13.291497041151166 0.28037887753452828 4.0288555719307615 0.65935778649873178 1.1916381604969499 12.26544737187214
leaf_count=5068 104 194 153 595 349
internal_value=-0.000856041 -0.0140065 0.0160196 0.00570734 0.0180011
internal_weight=31.7172 18.512 13.2052 5.22049 12.5458
internal_count=6463 5857 606 789 453
is_linear=0
shrinkage=0.025


Tree=74
num_leaves=7
num_cat=0
split_feature=21 19 6 7 12 3
split_gain=13.7444 6.51146 1.45499 0.936252 0.912845 0.406197
threshold=0.91158834099769603 0.36731137335300451 3.5513194799423222 5.0708143711090097 2.8749662637710576 1.0983543992042544
decision_type=2 2 2 2 2 2
left_child=1 3 -3 -1 -2 -6
right_child=4 2 -4 -5 5 -7
leaf_value=-0.020496469919804024 -0.00070345123414024529 0.011877500318674399 -0.0048855749538984248 0 0 0.019036305635186598
leaf_weight=13.021203281939966 0.64142278244253148 4.069650906691094 1.0260859960690139 1.3821891603001848 0.31220679011312213 11.508420854719587
leaf_count=5210 89 179 303 279 61 304
internal_value=0.000109952 -0.0118323 0.00713508 -0.0189742 0.0171913 0.0184543
internal_weight=31.9612 19.4991 5.09574 14.4034 12.4621 11.8206
internal_count=6425 5971 482 5489 454 365
is_linear=0
shrinkage=0.025


Tree=75
num_leaves=6
num_cat=0
split_feature=21 22 13 17 2
split_gain=14.6159 3.52049 1.83034 1.19662 0.873062
threshold=0.65469130873680126 0.78722152113914501 2.220696330070496 0.75690928101539623 1.6011350750923159
decision_type=2 2 2 2 2
left_child=1 3 -2 -1 -4
right_child=2 -3 4 -5 -6
leaf_value=-0.019533297025473881 -0.0035984909138981011 0.0057266138618134767 -0.0011819580407062588 0.00074737014841856902 0.018374345208606268
leaf_weight=13.928570607036821 0.70689818385289882 1.8952592780697148 0.28378058550879259 0.97052195254946205 13.485639449965673
leaf_count=5357 149 93 81 175 551
internal_value=-0.000183581 -0.0143748 0.0154228 -0.0180423 0.0174308
internal_weight=31.2707 16.7944 14.4763 14.8991 13.7694
internal_count=6406 5625 781 5532 632
is_linear=0
shrinkage=0.025


Tree=76
num_leaves=6
num_cat=0
split_feature=21 13 2 24 21
split_gain=13.8132 3.42291 2.04813 1.58615 0.446607
threshold=0.17968884855508807 2.9677381515502934 1.6011350750923159 -4.7590053081512442 1.7831944823265078
decision_type=2 2 2 2 2
left_child=3 4 -3 -1 -2
right_child=1 2 -4 -5 -6
leaf_value=0.0020915939631324745 -0.0088030881285189721 -0.0032006958026754781 0.017893763951998369 -0.019506889100125508 0.0017000447558835645
leaf_weight=0.83366449753521266 1.8644434064044646 1.2074839267588711 15.516995185287668 11.074684001388958 0.56908550887601439
leaf_count=36 722 316 1149 4188 21
internal_value=0 0.0120063 0.0156969 -0.0174538 -0.00601472
internal_weight=31.0664 19.158 16.7245 11.9083 2.43353
internal_count=6432 2208 1465 4224 743
is_linear=0
shrinkage=0.025


Tree=77
num_leaves=7
num_cat=0
split_feature=21 26 13 24 22 27
split_gain=12.3119 4.21188 1.85536 1.37493 1.33601 0.798141
threshold=0.17968884855508807 -0.9318101406097411 2.220696330070496 -4.7590053081512442 0.78722152113914501 0.72676369547843944
decision_type=2 2 2 2 2 2
left_child=3 2 -2 -1 -3 -5
right_child=1 4 -4 5 -6 -7
leaf_value=0.0018879056872837107 -0.0031078754233735011 -0.009734132893703033 0.019365178934910628 -0.019158497654203601 0.0053842736784110411 0.00039599048991028826
leaf_weight=0.85824588395189749 0.67154316470260056 3.6033195238851468 13.283803456812164 10.638889560039384 1.6114145670435389 0.53421997660189013
leaf_count=36 215 1366 519 4129 112 62
internal_value=5.32623e-05 0.0116692 0.0174195 -0.0160801 -0.00410174 -0.0180037
internal_weight=31.2014 19.1701 13.9553 12.0314 5.21473 11.1731
internal_count=6439 2212 734 4227 1478 4191
is_linear=0
shrinkage=0.025


Tree=78
num_leaves=7
num_cat=0
split_feature=22 5 17 26 22 26
split_gain=12.0573 2.30781 2.14733 1.3852 0.79875 0.719044
threshold=0.19066791236400607 4.0397942066192636 0.5706164836883546 -0.90436813235282887 -0.099524945020675645 -0.38902664184570307
decision_type=2 2 2 2 2 2
left_child=2 3 5 -2 -4 -1
right_child=1 -3 4 -5 -6 -7
leaf_value=-0.019191434172626295 0.018670966240234146 -0.0036997389173950993 -0.0051971085516803288 0 0.0071979442504523858 4.546171171828197e-05
leaf_weight=10.711684317764592 11.455497756222028 1.956541788909816 1.0247784304374365 2.2280971230356945 1.8225925660517521 0.5958810512674998
leaf_count=4629 251 377 480 526 105 78
internal_value=-3.73424e-05 0.0130657 -0.0144729 0.016146 0.00147148 -0.0180913
internal_weight=29.7951 15.6401 14.1549 13.6836 2.84737 11.3076
internal_count=6446 1154 5292 777 585 4707
is_linear=0
shrinkage=0.025


Tree=79
num_leaves=7
num_cat=0
split_feature=22 6 17 26 13 12
split_gain=10.9174 2.42744 2.02113 1.99514 0.912477 0.328595
threshold=0.19066791236400607 4.0995640754699716 0.89788568019866954 -0.84910276532173146 5.4501395225524911 3.0119251012802128
decision_type=2 2 2 2 2 2
left_child=2 3 4 -2 -1 -4
right_child=1 -3 5 -5 -6 -7
leaf_value=-0.019326311598793375 0.017956818595918422 -0.0055844694450560787 -0.0025338709712171854 -0.0024843586437072571 0 0.0056896275442775831
leaf_weight=10.579622564284366 11.642728318198349 1.1907935902418092 0.52806099902954784 1.6700655769382127 1.4929450656927645 1.4334360213833859
leaf_count=4751 390 301 118 460 402 62
internal_value=-0.00105243 0.0120597 -0.0145399 0.015073 -0.017534 0.00234812
internal_weight=28.5377 14.5036 14.0341 13.3128 12.0726 1.9615
internal_count=6484 1151 5333 850 5153 180
is_linear=0
shrinkage=0.025


Tree=80
num_leaves=7
num_cat=0
split_feature=24 17 6 24 7 3
split_gain=9.74363 5.59532 2.08083 1.51908 1.0389 0.82872
threshold=-1.7848407030105589 0.5706164836883546 3.9318096637725835 0.46567195653915411 5.0708143711090097 1.1867098808288576
decision_type=2 2 2 2 2 2
left_child=2 4 5 -3 -2 -1
right_child=1 3 -4 -5 -6 -7
leaf_value=-0.0009002914343220988 -0.019760629448127995 0.011916650449806275 -0.0043291380779558871 -0.0051882870879528774 0 0.017886340089749191
leaf_weight=0.42456541195861142 10.779573579173304 3.8049144395627073 0.87447297669132318 1.0197609570168422 1.2579206390073512 11.637352202029431
leaf_count=117 4710 149 238 486 255 454
internal_value=0.000452642 -0.0106469 0.0142039 0.00686464 -0.0179873 0.0167887
internal_weight=29.7986 16.8622 12.9364 4.82468 12.0375 12.0619
internal_count=6409 5600 809 635 4965 571
is_linear=0
shrinkage=0.025


Tree=81
num_leaves=7
num_cat=0
split_feature=22 6 2 27 8 22
split_gain=11.0439 3.887 3.01454 0.671855 0.533438 0.26495
threshold=0.033334886655211456 3.3542866706848149 1.6011350750923159 0.72676369547843944 -0.84863105416297901 0.96863451600074779
decision_type=2 2 2 2 2 2
left_child=3 2 -2 4 -1 -3
right_child=1 5 -4 -5 -6 -7
leaf_value=0 -0.005684544857478626 -0.0089615836539709854 0.018098395185530247 0.00033464939009948848 -0.018033513697490001 0.00026539094181303685
leaf_weight=0.37322764174314293 1.1477130926214218 2.004456571565242 14.986441690823993 0.54175947754993181 9.8398638852522691 0.61724353063618753
leaf_count=34 372 671 780 71 4441 36
internal_value=0 0.0109129 0.0151662 -0.0160794 -0.0171847 -0.00722021
internal_weight=29.5107 18.7559 16.1342 10.7549 10.2131 2.6217
internal_count=6405 1859 1152 4546 4475 707
is_linear=0
shrinkage=0.025


Tree=82
num_leaves=7
num_cat=0
split_feature=21 26 13 22 22 27
split_gain=11.476 3.62189 2.30887 1.20552 0.948347 0.760155
threshold=0.17968884855508807 -0.88267394900321949 2.220696330070496 0.87065240740776073 0.78722152113914501 0.72676369547843944
decision_type=2 2 2 2 2 2
left_child=3 2 -2 5 -3 -1
right_child=1 4 -4 -5 -6 -7
leaf_value=-0.018415560165171034 -0.0040901619717352263 -0.0092013773359769149 0.018919091202366366 0.001635939918092421 0.0040442852375101434 0.00042178130604774323
leaf_weight=9.7792035760357958 0.86451288888929667 2.7211026493459931 14.123601037950719 0.84479968046071086 1.4047251878946552 0.53079851440270509
leaf_count=4116 268 1124 744 43 114 64
internal_value=0.000918641 0.0118779 0.0165881 -0.0153374 -0.00426178 -0.0172165
internal_weight=30.2687 19.1139 14.9881 11.1548 4.12583 10.31
internal_count=6473 2250 1012 4223 1238 4180
is_linear=0
shrinkage=0.025


Tree=83
num_leaves=7
num_cat=0
split_feature=22 6 26 26 27 12
split_gain=10.6996 2.21881 1.79367 1.19989 0.686256 0.445838
threshold=0.20104175060987475 3.3542866706848149 -1.0290753245353697 -0.79668352007865895 0.72676369547843944 4.1245527267456064
decision_type=2 2 2 2 2 2
left_child=2 3 5 -2 -4 -1
right_child=1 -3 4 -5 -6 -7
leaf_value=-0.0035065962759910406 0.017794037454418675 -0.0037261813776615933 -0.018037654117896745 -0.00064797243362362542 0.00018017107069358572 0.0058509675470009206
leaf_weight=0.90223781793611069 11.074586528789949 1.9369499236927357 10.899118035798892 1.419670272123766 0.57092341358657073 1.508045733295148
leaf_count=394 330 442 4826 353 77 51
internal_value=-0.000371456 0.0125326 -0.0138847 0.015755 -0.016972 0.00150218
internal_weight=28.3115 14.4312 13.8803 12.4943 11.47 2.41028
internal_count=6473 1125 5348 683 4903 445
is_linear=0
shrinkage=0.025


Tree=84
num_leaves=7
num_cat=0
split_feature=21 27 13 22 27 22
split_gain=9.73911 2.94235 2.11214 1.44881 0.755112 0.694055
threshold=0.22067256271839145 0.2252323776483536 2.220696330070496 0.87065240740776073 0.72676369547843944 0.78722152113914501
decision_type=2 2 2 2 2 2
left_child=3 2 -2 4 -1 -3
right_child=1 5 -4 -5 -6 -7
leaf_value=-0.018396034949506333 -0.0041281845160540251 -0.0084077368298208412 0.017578078635044399 0.0021642352846143872 0.00040504342077240184 0.0032034905309999821
leaf_weight=9.7783620939298999 0.85658119988511572 2.4659781757218293 12.27585810527671 1.0041110335732799 0.53338771511335004 1.1545445151568854
leaf_count=4256 247 1017 674 44 67 114
internal_value=-0.000232373 0.0105822 0.0150696 -0.0149626 -0.0172006 -0.00426957
internal_weight=28.0688 16.753 13.1324 11.3159 10.3117 3.62052
internal_count=6419 2052 921 4367 4323 1131
is_linear=0
shrinkage=0.025


Tree=85
num_leaves=7
num_cat=0
split_feature=22 6 2 27 21 25
split_gain=9.88874 3.50766 2.99028 0.674282 0.553547 0.225252
threshold=0.033334886655211456 3.190449714660645 1.6011350750923159 0.72676369547843944 1.7831944823265078 -4.5818357467651358
decision_type=2 2 2 2 2 2
left_child=3 2 -2 4 -1 -3
right_child=1 5 -4 -5 -6 -7
leaf_value=-0.017505551805307121 -0.0057239159102013973 1.3984657066339855e-05 0.017824897678870539 0.00048969302357921034 0.00023568574805220917 -0.0083103473055820953
leaf_weight=9.3456724527641182 1.1824443295481639 0.85254090037778985 14.122502885584252 0.51636931984103362 0.30803999729687426 1.8611294592847105
leaf_count=4465 369 71 709 70 14 678
internal_value=4.08509e-05 0.0105255 0.0147363 -0.0154697 -0.0166257 -0.006571
internal_weight=28.1887 18.0186 15.3049 10.1701 9.65371 2.71367
internal_count=6376 1827 1078 4549 4479 749
is_linear=0
shrinkage=0.025


Tree=86
num_leaves=6
num_cat=0
split_feature=21 13 26 24 27
split_gain=9.1496 3.74529 2.83473 1.20596 0.768229
threshold=0.17968884855508807 2.9677381515502934 -0.88267394900321949 -4.7590053081512442 0.72676369547843944
decision_type=2 2 2 2 2
left_child=3 -2 -3 -1 -5
right_child=1 2 -4 4 -6
leaf_value=0.0018465735727393733 -0.0085974799825962022 0.01827017557943128 -0.0029222593262016455 -0.018090105056309334 0.000544649108206804
leaf_weight=0.77720404020510869 1.8419572334969441 12.195132302760612 2.9051383970072466 9.4639139381324604 0.50902872503502372
leaf_count=35 739 499 1002 4143 64
internal_value=-0.000290636 0.0100142 0.0141693 -0.0149513 -0.0168573
internal_weight=27.6924 16.9422 15.1003 10.7501 9.97294
internal_count=6482 2240 1501 4242 4207
is_linear=0
shrinkage=0.025


Tree=87
num_leaves=7
num_cat=0
split_feature=21 19 13 12 7 2
split_gain=9.49585 5.17678 1.64425 0.93482 0.931991 0.429159
threshold=0.94285640120506298 0.24858719855546954 2.9677381515502934 3.0119251012802128 5.0708143711090097 1.6011350750923159
decision_type=2 2 2 2 2 2
left_child=1 4 -3 -2 -1 -5
right_child=3 2 -4 5 -6 -7
leaf_value=-0.019655419555819374 -0.0012117498992753877 -0.0059338585074683592 0.011012960895032819 -8.7970212569671487e-05 0 0.017179424216108317
leaf_weight=10.461187615190289 0.6553649787674648 1.3285293749649998 4.305123977799667 0.14803593006217752 1.2872775314608578 9.5699534126033523
leaf_count=4989 100 391 323 29 264 301
internal_value=0 -0.0105241 0.0055178 0.0149933 -0.0179405 0.0165512
internal_weight=27.7555 17.3821 5.63365 10.3734 11.7485 9.71799
internal_count=6397 5967 714 430 5253 330
is_linear=0
shrinkage=0.025


Tree=88
num_leaves=7
num_cat=0
split_feature=22 17 13 26 27 13
split_gain=9.28929 2.39437 2.20946 1.32481 0.636695 0.453669
threshold=0.25026127696037298 0.82449483871459972 2.9677381515502934 -0.84910276532173146 0.72676369547843944 3.5623236894607548
decision_type=2 2 2 2 2 2
left_child=1 4 -2 -4 -1 -3
right_child=2 5 3 -5 -6 -7
leaf_value=-0.018012195298175705 -0.0047915295113439647 -0.0028163341368592372 0.017259680661299018 -0.0012085104668621729 0 0.00694605523286769
leaf_weight=10.734361498063663 1.3957392235752184 0.57847746665356625 10.403797716804545 1.4208828501286905 0.60575787938432846 1.6246508064505176
leaf_count=5195 311 199 298 354 85 47
internal_value=-0.000812729 -0.0133216 0.0117977 0.0149694 -0.0169723 0.00333943
internal_weight=26.7637 13.5432 13.2204 11.8247 11.3401 2.20313
internal_count=6489 5526 963 652 5280 246
is_linear=0
shrinkage=0.025


Tree=89
num_leaves=7
num_cat=0
split_feature=21 24 13 13 2 18
split_gain=8.79652 2.05271 1.82023 1.27149 1.23835 0.22275
threshold=0.48637431859970098 -4.7590053081512442 3.1536731719970708 5.4501395225524911 1.6011350750923159 0.52170851826667797
decision_type=2 2 2 2 2 2
left_child=1 -1 5 -3 -4 -2
right_child=2 3 4 -5 -6 -7
leaf_value=0.0041494360659702113 -0.0055938684391836531 -0.017694724044017757 -0.0024404127141939651 0.00053357352682809826 0.016757350486538865 0.0012333506503233432
leaf_weight=1.4047170720587008 1.0414178812643502 10.183068032652956 0.46358820324530725 1.7283505029045034 11.130646040837744 0.92213073591119599
leaf_count=54 313 4768 140 441 573 128
internal_value=0 -0.0123385 0.0120829 -0.0153045 0.0151091 -0.00290668
internal_weight=26.8739 13.3161 13.5578 11.9114 11.5942 1.96355
internal_count=6417 5263 1154 5209 713 441
is_linear=0
shrinkage=0.025


Tree=90
num_leaves=7
num_cat=0
split_feature=21 6 24 26 27 21
split_gain=9.19697 2.67766 2.50227 1.83611 0.720016 0.362848
threshold=0.3060366958379746 3.3542866706848149 -4.7590053081512442 -0.79668352007865895 0.72676369547843944 1.7831944823265078
decision_type=2 2 2 2 2 2
left_child=2 3 -1 -2 -4 -3
right_child=1 5 4 -5 -6 -7
leaf_value=0.0046147828070779639 0.017845956288595571 -0.0075417155451066092 -0.018280453033780682 -0.0021181330148864596 0.00027475654033661104 0.001658633720080939
leaf_weight=1.4257720499299456 11.753783837513764 1.735160717449616 9.6923954760713968 1.6536506712145627 0.55791901229531582 0.54665020387619723
leaf_count=46 462 662 4667 522 71 20
internal_value=0.000182175 0.0114576 -0.0134866 0.0151376 -0.0171017 -0.00485385
internal_weight=27.3653 15.6892 11.6761 13.4074 10.2503 2.28181
internal_count=6450 1666 4784 984 4738 682
is_linear=0
shrinkage=0.025


Tree=91
num_leaves=7
num_cat=0
split_feature=21 26 13 19 25 7
split_gain=9.84868 2.7782 1.53815 0.973665 0.879614 0.031665
threshold=0.18667254596948626 -0.9318101406097411 2.220696330070496 0.71493518352508556 0.74756243824958812 0.73053297400474559
decision_type=2 2 2 2 2 2
left_child=3 2 -2 -1 -3 -5
right_child=1 4 -4 5 -6 -7
leaf_value=-0.017722879712094332 -0.0028763272351904124 0.0034033600375356758 0.017451154573388149 0.0019528976971851667 -0.008640260207509496 -0.00022917252047239642
leaf_weight=9.0932014832796995 0.64844114857260393 3.1970169116102616 11.152153821924001 0.74886482371948737 2.0066947175364476 0.20130030263680965
leaf_count=4151 215 567 495 46 943 58
internal_value=-0.000210701 0.0103041 0.0154386 -0.0159364 -0.00258654 0.000636108
internal_weight=27.0477 17.0043 11.8006 10.0434 5.20371 0.950165
internal_count=6475 2220 710 4255 1510 104
is_linear=0
shrinkage=0.025


Tree=92
num_leaves=7
num_cat=0
split_feature=21 19 21 12 2 22
split_gain=9.61129 4.44915 0.995874 0.743688 0.418102 0.152164
threshold=0.94285640120506298 0.20129314064979556 0.038207763805985458 3.0119251012802128 1.6011350750923159 0.78722152113914501
decision_type=2 2 2 2 2 2
left_child=1 5 -3 -2 -5 -1
right_child=3 2 -4 4 -6 -7
leaf_value=-0.019902918996501276 -0.00081112346389960771 -0.0046488940932186027 0.0084068460994514999 -0.00016086296680854672 0.016050884925989266 0
leaf_weight=10.341455100715393 0.67476551583968003 1.5082260951749038 3.6296366676542675 0.15769408491905679 8.5941457783919741 0.1358911501301926
leaf_count=5149 96 523 327 27 302 12
internal_value=-0.00184651 -0.0127085 0.00355518 0.0138817 0.015352 -0.0196597
internal_weight=25.0418 15.6152 5.13786 9.42661 8.75184 10.4773
internal_count=6436 6011 850 425 329 5161
is_linear=0
shrinkage=0.025


Tree=93
num_leaves=7
num_cat=0
split_feature=22 17 13 13 25 27
split_gain=8.76171 3.82145 1.32649 0.972392 0.731207 0.705368
threshold=0.48234385251998907 0.52343070507049572 3.5623236894607548 2.5990464687347417 0.30653163790702825 0.72676369547843944
decision_type=2 2 2 2 2 2
left_child=1 5 -3 -2 -5 -1
right_child=3 2 -4 4 -6 -7
leaf_value=-0.019050768603903184 -0.001966325743676113 -0.0059687177604468939 0.0093528962175493634 0.01646582711764696 -0.00073594742862413871 2.971980353640681e-05
leaf_weight=9.8884525439207209 0.47196683619404112 1.1851817226561241 3.5462479402485769 9.0943524567119276 0.5113222877262168 0.59744823368964795
leaf_count=5011 121 518 277 279 155 82
internal_value=-0.000765674 -0.0115844 0.00377792 0.0135803 0.0151838 -0.0179015
internal_weight=25.295 15.2173 4.73143 10.0776 9.60567 10.4859
internal_count=6443 5888 795 555 434 5093
is_linear=0
shrinkage=0.025


Tree=94
num_leaves=7
num_cat=0
split_feature=21 6 24 26 27 15
split_gain=7.87657 3.09904 1.96668 1.77447 0.737044 0.156588
threshold=0.23615141957998279 3.3542866706848149 -4.7590053081512442 -0.88267394900321949 0.72676369547843944 1.2612855434417727
decision_type=2 2 2 2 2 2
left_child=2 3 -1 -2 -4 -3
right_child=1 5 4 -5 -6 -7
leaf_value=0.0038174134634520081 0.017876540603320317 -0.007334803823957581 -0.017396800916396778 -0.00068854866275907005 0.0005807984011174035 0
leaf_weight=1.2698928710888164 11.040500957606127 1.9939680265524651 8.7681451160169637 2.7870409182214653 0.50694757958990599 0.35436589733581048
leaf_count=45 339 753 4376 855 61 37
internal_value=0.000552252 0.0105618 -0.0128587 0.0146135 -0.0161171 -0.00615521
internal_weight=26.7209 16.1759 10.545 13.8275 9.27509 2.34833
internal_count=6466 1984 4482 1194 4437 790
is_linear=0
shrinkage=0.025


Tree=95
num_leaves=7
num_cat=0
split_feature=22 13 26 27 8 22
split_gain=7.74312 3.31626 2.95523 0.573985 0.408507 0.164355
threshold=0.033334886655211456 2.9677381515502934 -0.88267394900321949 0.72676369547843944 -0.84863105416297901 1.753094553947449
decision_type=2 2 2 2 2 2
left_child=3 5 -3 4 -1 -2
right_child=1 2 -4 -5 -6 -7
leaf_value=0 -0.0084380761111111143 0.018106339050704936 -0.0034494506746057976 0.0003975253939291131 -0.015897767695384372 0
leaf_weight=0.38679938536370251 1.9505135275103413 11.687338394782273 2.787981966408549 0.53644109383458349 8.5194518531061458 0.19982322864234436
leaf_count=35 599 420 842 70 4509 2
internal_value=7.56264e-05 0.00970276 0.013814 -0.0139329 -0.0150781 -0.00740576
internal_weight=26.0683 16.6257 14.4753 9.44269 8.90625 2.15034
internal_count=6477 1863 1262 4614 4544 601
is_linear=0
shrinkage=0.025


Tree=96
num_leaves=7
num_cat=0
split_feature=21 19 12 7 12 2
split_gain=7.8052 4.2218 1.09877 1.05169 0.782686 0.330523
threshold=0.94285640120506298 0.20129314064979556 2.4567506313323979 5.0708143711090097 2.8749662637710576 1.6011350750923159
decision_type=2 2 2 2 2 2
left_child=1 3 -3 -1 -2 -6
right_child=4 2 -4 -5 5 -7
leaf_value=-0.01872210210741005 -0.00093796818201338653 -0.0047617409844201578 0.0092293916001492584 0.0003761824879841131 0 0.016173230879121002
leaf_weight=9.3418203824985557 0.6360209506819946 1.1180776920518827 4.3067765229206998 1.1199694098904718 0.12383494595996936 8.7334180180623644
leaf_count=4927 84 336 508 248 28 312
internal_value=0 -0.0097284 0.00484546 -0.0168129 0.0141491 0.015631
internal_weight=25.3799 15.8866 5.42485 10.4618 9.49327 8.85725
internal_count=6443 6019 844 5175 424 340
is_linear=0
shrinkage=0.025


Tree=97
num_leaves=7
num_cat=0
split_feature=24 17 6 3 13 27
split_gain=8.76234 3.16742 1.34862 1.0482 1.03814 0.767024
threshold=-1.7359421849250791 0.5706164836883546 4.0995640754699716 1.0983543992042544 3.5623236894607548 0.72676369547843944
decision_type=2 2 2 2 2 2
left_child=2 5 3 -1 -3 -2
right_child=1 4 -4 -5 -6 -7
leaf_value=-0.0019755422407094609 -0.018332812073445059 -0.0050596704806932851 -0.0029708958817892235 0.016661898953097633 0.0088795115608401223 0.00047966505541589024
leaf_weight=0.37741950157214965 9.3509893600858014 1.0212133440945756 0.66492198554624415 10.916678391353342 2.7914112384605687 0.51984870687010776
leaf_count=124 4921 431 205 518 215 77
internal_value=0.00011491 -0.0115331 0.013282 0.0152404 0.00368432 -0.0170936
internal_weight=25.6425 13.6835 11.959 11.2941 3.81262 9.87084
internal_count=6491 5644 847 642 646 4998
is_linear=0
shrinkage=0.025


Tree=98
num_leaves=7
num_cat=0
split_feature=22 13 26 17 27 20
split_gain=7.05875 2.95173 2.52802 0.564896 0.6266 0.309464
threshold=0.033334886655211456 2.9677381515502934 -0.88267394900321949 1.0149448513984682 0.72676369547843944 -1.0159888863563535
decision_type=2 2 2 2 2 2
left_child=3 5 -3 4 -1 -2
right_child=1 2 -4 -5 -6 -7
leaf_value=-0.016476907022907047 0.00080368928213731211 0.017300417480321406 -0.0029799807646935933 0 0.0003137906006864937 -0.0085603493138705963
leaf_weight=7.6376235944626405 0.50881366420071605 10.905649109467049 2.7114076785801418 1.0745880857866712 0.551923170860391 1.9661602183477978
leaf_count=4475 26 411 835 122 76 598
internal_value=0 0.00904318 0.0132107 -0.0137245 -0.0151815 -0.00654924
internal_weight=25.3562 16.092 13.6171 9.26413 8.18955 2.47497
internal_count=6543 1870 1246 4673 4551 624
is_linear=0
shrinkage=0.025


Tree=99
num_leaves=7
num_cat=0
split_feature=21 19 6 7 12 4
split_gain=8.08877 3.74029 1.34796 1.00062 0.860407 0.160747
threshold=0.91158834099769603 0.28302469849586492 3.190449714660645 5.0708143711090097 2.8749662637710576 -0.43485568463802332
decision_type=2 2 2 2 2 2
left_child=1 3 -3 -1 -2 -6
right_child=4 2 -4 -5 5 -7
leaf_value=-0.018683565718624187 -0.0012076502293249351 0.0098054436575922763 -0.00570049811092984 0.00018745837523206766 0 0.015827938329618058
leaf_weight=9.3892404466896568 0.67514660133747284 3.5329047202685606 1.2248069267370736 1.1528284509404318 0.20973695389693503 8.7538316083664522
leaf_count=5183 88 207 444 272 32 322
internal_value=-0.000132979 -0.0105053 0.00429757 -0.0168214 0.0138689 0.0154779
internal_weight=24.9385 15.2998 4.75771 10.5421 9.63872 8.96357
internal_count=6548 6106 651 5455 442 354
is_linear=0
shrinkage=0.025


Tree=100
num_leaves=7
num_cat=0
split_feature=21 27 13 24 5 24
split_gain=7.19881 3.37438 1.21289 0.709916 0.62672 0.660834
threshold=0.17968884855508807 0.17022262513637546 2.220696330070496 -3.6522214412689205 -0.17561683803796765 -4.7590053081512442
decision_type=2 2 2 2 2 2
left_child=4 2 -2 -3 -1 -6
right_child=1 3 -4 -5 5 -7
leaf_value=0.00065261102480954623 -0.0021361908009521584 0.0030122021165482887 0.017189643148515853 -0.0084956183511368938 0.00035379630801914987 -0.016409045060140216
leaf_weight=0.51262346051225982 0.53587419862742436 1.3696052089508146 10.314569149573797 3.0990807211055653 0.62197588817798433 7.6973566386150205
leaf_count=97 203 132 492 1367 35 4060
internal_value=0 0.00962424 0.0154681 -0.00458038 -0.0137555 -0.0150242
internal_weight=24.1511 15.3191 10.8504 4.46869 8.83196 8.31933
internal_count=6386 2194 695 1499 4192 4095
is_linear=0
shrinkage=0.025


Tree=101
num_leaves=7
num_cat=0
split_feature=21 19 13 6 7 20
split_gain=6.5159 3.5035 1.2962 1.15335 0.965933 0.125325
threshold=0.94285640120506298 0.20129314064979556 2.9677381515502934 3.3197416067123418 5.0708143711090097 1.2703143954277041
decision_type=2 2 2 2 2 2
left_child=1 4 -3 5 -1 -2
right_child=3 2 -4 -5 -6 -7
leaf_value=-0.018308464037158235 0.015353590404390386 -0.0056938687829191405 0.0093092410097805802 -0.0027565422071093686 0.00018197116031952064 0
leaf_weight=8.8611015153292119 7.0870263332035375 1.3133580739522575 3.7603530985797988 0.51694009205675673 1.1573038963542774 0.74909328841022205
leaf_count=4919 155 450 407 136 266 120
internal_value=-0.000963659 -0.00999398 0.00390668 0.0125169 -0.0164069 0.0146926
internal_weight=23.4452 15.0921 5.07371 8.35306 10.0184 7.83612
internal_count=6453 6042 857 411 5185 275
is_linear=0
shrinkage=0.025


Tree=102
num_leaves=7
num_cat=0
split_feature=25 6 21 27 2 21
split_gain=7.43859 4.00933 1.24286 0.660746 0.247639 0.148845
threshold=0.48660917580127722 3.3542866706848149 1.0036993026733401 0.72676369547843944 1.6011350750923159 1.7831944823265078
decision_type=2 2 2 2 2 2
left_child=1 4 3 -2 -1 -3
right_child=2 5 -4 -5 -6 -7
leaf_value=0 -0.017039401249983498 -0.0078112812266592242 0.0014201932674249304 0.00033247425802897316 0.016514471322503811 0
leaf_weight=0.11130956027773464 8.2532286885834729 2.743103223125217 1.5085926320170973 0.54573179100407365 10.615390913662848 0.28793592506553967
leaf_count=48 4680 928 156 80 555 16
internal_value=-0.000116632 0.0102678 -0.0132118 -0.015779 0.0161541 -0.0068735
internal_weight=24.0653 13.7577 10.3076 8.79896 10.7267 3.03104
internal_count=6463 1547 4916 4760 603 944
is_linear=0
shrinkage=0.025


Tree=103
num_leaves=7
num_cat=0
split_feature=22 6 26 17 27 21
split_gain=6.18842 2.43463 1.94687 0.585667 0.631686 0.159104
threshold=0.033334886655211456 3.3542866706848149 -0.84910276532173146 1.0149448513984682 0.72676369547843944 1.1944395303726199
decision_type=2 2 2 2 2 2
left_child=3 2 -2 4 -1 -3
right_child=1 5 -4 -5 -6 -7
leaf_value=-0.015780085652429988 0.016500542364991082 -0.0065790755473018464 -0.0021903639050655449 8.9032453644247395e-05 0.00052303901124721235 0.00016286932289186052
leaf_weight=7.0289138944208407 10.148946687128044 2.1455518700095122 2.4268332803767398 0.9780666509468573 0.51732796814758319 0.42703510978026304
leaf_count=4429 372 693 721 105 70 27
internal_value=4.08706e-05 0.0089993 0.012941 -0.0128583 -0.0144012 -0.005266
internal_weight=23.6727 15.1484 12.5758 8.52431 7.54624 2.57259
internal_count=6417 1813 1093 4604 4499 720
is_linear=0
shrinkage=0.025


Tree=104
num_leaves=7
num_cat=0
split_feature=21 24 13 6 11 15
split_gain=7.2232 3.05757 1.0175 0.98942 0.216882 0.106839
threshold=0.97342437505722057 -3.5456136465072627 5.4501395225524911 4.1528427600860605 2.4544030427932744 0.84153923392295849
decision_type=2 2 2 2 2 2
left_child=1 4 -3 5 -1 -2
right_child=3 2 -4 -5 -6 -7
leaf_value=-0.00051593504892619233 0.01581015756130795 -0.016985863938279295 0 -0.0020702580095836669 0.0073679809240314864 0
leaf_weight=0.35088610413367805 7.6985206012031959 9.8705607096053445 1.8962177744542703 0.45180587045615617 2.244687305908883 0.73552185995504249
leaf_count=82 216 5355 547 94 89 80
internal_value=-0.000137731 -0.0101702 -0.0147635 0.013451 0.0058413 0.0152087
internal_weight=23.2482 14.3624 11.7668 8.88585 2.59557 8.43404
internal_count=6463 6073 5902 390 171 296
is_linear=0
shrinkage=0.025


Tree=105
num_leaves=6
num_cat=0
split_feature=21 24 13 2 13
split_gain=7.15596 2.15468 1.44224 0.895076 0.740932
threshold=0.48637431859970098 -5.0628948211669913 2.220696330070496 1.6011350750923159 5.4501395225524911
decision_type=2 2 2 2 2
left_child=1 -1 -2 -4 -3
right_child=2 4 3 -5 -6
leaf_value=0.0044683593583983465 -0.0037748615168437917 -0.017271743541448569 -0.0018667571230354335 0.014802782003695126 0
leaf_weight=1.4270451212651085 0.81135789220570487 8.2681332066713384 0.39687941543524985 11.22405777100357 1.3852941184741201
leaf_count=45 213 4807 143 819 439
internal_value=0 -0.0118986 0.0112234 0.0134671 -0.0154437
internal_weight=23.5128 11.0805 12.4323 11.6209 9.65343
internal_count=6466 5291 1175 962 5246
is_linear=0
shrinkage=0.025


Tree=106
num_leaves=7
num_cat=0
split_feature=22 6 27 21 27 21
split_gain=6.30281 2.33391 1.7847 0.561638 0.631997 0.201658
threshold=0.033334886655211456 3.190449714660645 0.2252323776483536 1.2945517897605898 0.72676369547843944 1.1944395303726199
decision_type=2 2 2 2 2 2
left_child=3 2 -2 4 -1 -3
right_child=1 5 -4 -5 -6 -7
leaf_value=-0.015861301735948252 0.016647172439073567 -0.0064476960743627774 -0.001269729451548461 0.00044679736351761648 0.00050319978314664754 0.00062684569635450076
leaf_weight=6.9883284962998022 9.6180330872593895 2.2618069697637107 2.874749525479273 0.56699655146803696 0.52114392738440063 0.48448707684292447
leaf_count=4472 296 752 804 30 71 26
internal_value=0.000179448 0.0090773 0.0129825 -0.0131828 -0.0144788 -0.00479378
internal_weight=23.3155 15.2391 12.4928 8.07647 7.50947 2.74629
internal_count=6451 1878 1100 4573 4543 778
is_linear=0
shrinkage=0.025


Tree=107
num_leaves=7
num_cat=0
split_feature=21 26 6 24 27 22
split_gain=5.81855 2.26484 1.52207 0.997035 0.729798 0.527718
threshold=0.22067256271839145 -0.88267394900321949 3.7438268661499028 -4.7590053081512442 0.72676369547843944 0.78722152113914501
decision_type=2 2 2 2 2 2
left_child=3 2 -2 -1 -5 -3
right_child=1 5 -4 4 -6 -7
leaf_value=0.0017819808391359372 0.016097977027079834 -0.0079266484402044351 -0.0021613250880202959 -0.015995707381762883 0.00093813669560195928 0.0024364245224481572
leaf_weight=0.85350329129141744 9.3133505214791494 1.9940761399921023 1.5151095219043771 7.4044436897238501 0.44781750260153774 1.09433848716435
leaf_count=40 423 1010 487 4294 59 116
internal_value=0 0.00895991 0.0132726 -0.012431 -0.0145544 -0.00424573
internal_weight=22.6226 13.9169 10.8285 8.70576 7.85226 3.08841
internal_count=6429 2036 910 4393 4353 1126
is_linear=0
shrinkage=0.025


Tree=108
num_leaves=7
num_cat=0
split_feature=21 27 6 27 19 15
split_gain=5.89118 2.51031 1.2209 0.62161 0.571523 0.495226
threshold=0.17968884855508807 0.17022262513637546 4.6642110347747812 0.72676369547843944 0.54007327556610119 2.9351965188980107
decision_type=2 2 2 2 2 2
left_child=3 2 -2 5 -3 -1
right_child=1 4 -4 -5 -6 -7
leaf_value=-0.015484433556119684 0.01596616396005408 -0.0069244198434837692 -0.002462964487733425 0.00081327401161806882 0.0032391093888443157 0.00031690315775787198
leaf_weight=7.3997005814453605 9.0554242382204357 3.5957941105443743 0.58519158505078017 0.46984464520937752 1.0310196849750353 0.3179610268853138
leaf_count=4155 520 1452 197 63 77 22
internal_value=-9.83158e-05 0.00853354 0.0139615 -0.0131464 -0.00350435 -0.0144733
internal_weight=22.4549 14.2674 9.64062 8.18751 4.62681 7.71766
internal_count=6486 2246 717 4240 1529 4177
is_linear=0
shrinkage=0.025


Tree=109
num_leaves=7
num_cat=0
split_feature=27 6 22 27 21 22
split_gain=5.37338 3.15936 1.44446 0.501275 0.454127 0.336225
threshold=0.17022262513637546 3.3542866706848149 0.75029388070106517 0.72676369547843944 1.7831944823265078 -0.099524945020675645
decision_type=2 2 2 2 2 2
left_child=1 5 3 -2 -3 -1
right_child=2 4 -4 -5 -6 -7
leaf_value=0 -0.015364723831107294 -0.008586425343356633 0.002702540911954837 0 0.0018693676374080895 0.01574230548038871
leaf_weight=0.45564934975118454 8.0465856724476872 2.4015781883354061 1.5393431361153478 0.598079853254604 0.47939256287645537 8.5287191897223238
leaf_count=198 4375 1319 153 96 6 282
internal_value=-0.000288262 0.00926897 -0.0112205 -0.0142396 -0.00597136 0.0149906
internal_weight=22.0493 11.8653 10.184 8.64467 2.88097 8.98437
internal_count=6429 1805 4624 4471 1325 480
is_linear=0
shrinkage=0.025


Tree=110
num_leaves=7
num_cat=0
split_feature=21 24 17 13 11 20
split_gain=5.32976 2.82703 1.46975 0.602012 0.269721 0.196653
threshold=0.97342437505722057 -3.4109321832656856 0.64970400929451 2.220696330070496 2.2416878938674931 0.87975242733955394
decision_type=2 2 2 2 2 2
left_child=1 4 -3 -2 -1 -5
right_child=3 2 -4 5 -6 -7
leaf_value=-0.00086677262134292592 -0.0011060205155679077 -0.015988014843663006 0.0015440766936937137 0.01449431630040604 0.0078605904867103931 0
leaf_weight=0.25940412413911085 0.32421250140759994 9.6599456217663811 1.9509435824438703 6.6515930758760078 2.47931139258435 0.86510444876330428
leaf_count=73 77 5497 411 189 111 129
internal_value=0 -0.0084326 -0.0130878 0.0123394 0.0062004 0.0136288
internal_weight=22.1905 14.3496 11.6109 7.84091 2.73872 7.5167
internal_count=6487 6092 5908 395 184 318
is_linear=0
shrinkage=0.025


Tree=111
num_leaves=7
num_cat=0
split_feature=21 19 13 12 27 3
split_gain=5.28651 3.45113 1.11379 0.969043 0.669636 0.234611
threshold=0.94285640120506298 0.20129314064979556 2.9677381515502934 2.8749662637710576 0.72676369547843944 1.0983543992042544
decision_type=2 2 2 2 2 2
left_child=1 4 -3 -2 -1 -5
right_child=3 2 -4 5 -6 -7
leaf_value=-0.017579974060021469 -0.0024969569635688118 -0.0050257784512405396 0.0090605841769350482 0 0.00024547094428908114 0.013960997749341312
leaf_weight=8.2917652073228965 0.5121765419607972 1.1912696822546411 3.6708992524218047 0.23206653760280449 0.55776585414423685 7.0406185842148261
leaf_count=5126 99 440 402 48 84 286
internal_value=-0.00105851 -0.00954521 0.00417732 0.0112876 -0.0163222 0.0133894
internal_weight=21.4966 13.7117 4.86217 7.78486 8.84953 7.27269
internal_count=6485 6052 842 433 5210 334
is_linear=0
shrinkage=0.025


Tree=112
num_leaves=7
num_cat=0
split_feature=21 19 13 7 6 23
split_gain=5.17179 3.34734 1.18384 0.961578 0.663136 0.405169
threshold=0.94285640120506298 0.24858719855546954 2.9677381515502934 5.0708143711090097 4.694951295852662 -6.3330190181732169
decision_type=2 2 2 2 2 2
left_child=1 3 -3 -1 5 -2
right_child=4 2 -4 -5 -6 -7
leaf_value=-0.017277613462477172 -0.00012294292138075407 -0.0050045106718150101 0.009639170366277882 0.00057080322199480247 -0.0013858991908762715 0.01425329957269595
leaf_weight=7.8312735575600545 0.32887707751069672 1.1642576652084233 3.6519773688632995 1.0744529228832105 0.36492227221606288 7.4636014739808143
leaf_count=5011 110 401 322 272 64 257
internal_value=0 -0.00851554 0.00471655 -0.0152438 0.0119368 0.0133471
internal_weight=21.8794 13.722 4.81624 8.90573 8.1574 7.79248
internal_count=6437 6006 723 5283 431 367
is_linear=0
shrinkage=0.025


Tree=113
num_leaves=7
num_cat=0
split_feature=27 6 22 22 17 21
split_gain=5.78051 3.21207 1.60771 0.317546 0.258421 0.213102
threshold=0.16680668294429782 3.5513194799423222 0.75029388070106517 -0.099524945020675645 0.6637384593486787 1.7831944823265078
decision_type=2 2 2 2 2 2
left_child=1 3 4 -1 -2 -3
right_child=2 5 -4 -5 -6 -7
leaf_value=0 -0.016711346453738628 -0.007950384918464665 0.0027442980395643852 0.015627667292236309 0 0.00036501679633563157
leaf_weight=0.44379892696451939 7.0257947738864441 2.2259055372123835 1.5150758025702078 8.4221027489838889 1.3648667987436054 0.26298419083468605
leaf_count=232 4208 1202 153 300 302 9
internal_value=-0.000967627 0.0092397 -0.012262 0.0149028 -0.0154513 -0.0065801
internal_weight=21.2605 11.3548 9.90574 8.8659 8.39066 2.48889
internal_count=6406 1743 4663 532 4510 1211
is_linear=0
shrinkage=0.025


Tree=114
num_leaves=7
num_cat=0
split_feature=21 19 13 7 13 23
split_gain=5.13024 3.00275 1.39507 0.927454 0.597644 0.270899
threshold=0.97342437505722057 0.20129314064979556 3.1913977861404423 5.0708143711090097 2.220696330070496 -4.188002109527587
decision_type=2 2 2 2 2 2
left_child=1 3 -3 -1 -2 -6
right_child=4 2 -4 -5 5 -7
leaf_value=-0.01718463527511636 -0.0011611919838757157 -0.0059521090215559598 0.0096195736311421916 0.00048345771908104066 0 0.014109494987621646
leaf_weight=7.6253526291693579 0.33302947436459263 1.3667535925196705 3.5972908769617788 1.0785677798849063 0.55343785144214042 6.6601578870904632
leaf_count=4921 78 493 369 261 125 191
internal_value=-0.000268486 -0.00872975 0.00386958 -0.0151616 0.0119298 0.0132738
internal_weight=21.2146 13.668 4.96404 8.70392 7.54663 7.2136
internal_count=6438 6044 862 5182 394 316
is_linear=0
shrinkage=0.025


Tree=115
num_leaves=7
num_cat=0
split_feature=27 13 21 27 24 21
split_gain=5.45405 3.3824 1.03624 0.539792 0.411491 0.180765
threshold=0.17022262513637546 2.9677381515502934 0.94285640120506298 0.72676369547843944 0.1963445991277695 1.7831944823265078
decision_type=2 2 2 2 2 2
left_child=1 5 3 -2 -3 -1
right_child=2 4 -4 -5 -6 -7
leaf_value=-0.0082680216315658053 -0.015677639052262143 0.015823422967598564 0.00093408720408355019 9.9717368956191331e-05 0 3.3475119775196855e-05
leaf_weight=2.0768299956544101 6.927807227446463 8.8095845267089281 1.8586673047248039 0.58737308142008249 0.49582488182932216 0.2396272703190333
leaf_count=1118 4316 363 254 94 371 8
internal_value=-0.000217343 0.00936334 -0.0116556 -0.0143979 0.0149574 -0.00711902
internal_weight=20.9957 11.6219 9.37385 7.51518 9.30541 2.31646
internal_count=6524 1860 4664 4410 734 1126
is_linear=0
shrinkage=0.025


Tree=116
num_leaves=6
num_cat=0
split_feature=22 26 5 26 11
split_gain=5.55287 2.35228 1.44749 0.490862 0.293166
threshold=0.78722152113914501 -0.96913751959800709 3.6611475944519047 -0.38902664184570307 2.2054876089096074
decision_type=2 2 2 2 2
left_child=1 2 -1 -3 -2
right_child=4 3 -4 -5 -6
leaf_value=0.0091155138274924986 0 -0.014744666363877527 -0.0064192651665643018 6.5622190362042593e-05 0.014388734007064644
leaf_weight=3.7087314028904084 0.52276793646160413 8.4159380048949952 1.6103418379934735 0.59063275117660019 6.706331031920854
leaf_count=339 64 4853 876 96 204
internal_value=0.000189344 -0.0079814 0.00297517 -0.0136505 0.0135352
internal_weight=21.5547 14.3256 5.31907 9.00657 7.2291
internal_count=6432 6164 1215 4949 268
is_linear=0
shrinkage=0.025


Tree=117
num_leaves=6
num_cat=0
split_feature=22 27 13 27 11
split_gain=5.18839 2.6576 1.34048 0.504805 0.325768
threshold=0.78722152113914501 0.13669675588607791 3.4727354049682622 0.72676369547843944 2.2416878938674931
decision_type=2 2 2 2 2
left_child=1 2 -1 -3 -2
right_child=4 3 -4 -5 -6
leaf_value=-0.005350910767376791 0 -0.014857873132931312 0.0095442187407635756 0.00010780378524024648 0.014321482671445666
leaf_weight=1.9237576262676181 0.46043900470249255 8.2701579312706563 3.5734170549694682 0.58562266096123572 6.4801837915292708
leaf_count=975 63 4851 243 96 195
internal_value=0.000322455 -0.00752009 0.00367034 -0.0137354 0.0134218
internal_weight=21.2936 14.353 5.49717 8.85578 6.94062
internal_count=6423 6165 1218 4947 258
is_linear=0
shrinkage=0.025


Tree=118
num_leaves=7
num_cat=0
split_feature=18 13 19 3 6 27
split_gain=4.4717 1.15389 1.05041 0.758462 0.684105 0.577869
threshold=0.14892008900642398 2.220696330070496 0.14113814383745196 1.0983543992042544 2.8121228218078618 0.72676369547843944
decision_type=2 2 2 2 2 2
left_child=2 -2 5 -3 -4 -1
right_child=1 3 4 -5 -6 -7
leaf_value=-0.01457556280869346 -0.0034417556855149407 -0.0012905083641855859 0.006035441613825218 0.013281728540822747 -0.0052206534824098729 0.00058006941971984461
leaf_weight=5.9740397935092933 0.83133008540607889 0.78016610168560774 2.1412194577133055 9.7208258658793039 1.2260689369722966 0.51218944654101495
leaf_count=4084 266 182 308 899 613 71
internal_value=0.000356283 0.0095203 -0.00941926 0.0117288 0.000519435 -0.0131031
internal_weight=21.1858 11.3323 9.85352 10.501 3.36729 6.48623
internal_count=6423 1347 5076 1081 921 4155
is_linear=0
shrinkage=0.025


Tree=119
num_leaves=7
num_cat=0
split_feature=22 13 3 21 21 19
split_gain=5.24512 1.89962 1.47936 0.431036 0.219592 0.115086
threshold=0.033334886655211456 2.9677381515502934 1.5050457119941714 1.7831944823265078 1.3755028247833254 0.34236119687557226
decision_type=2 2 2 2 2 2
left_child=3 4 -3 5 -2 -1
right_child=1 2 -4 -5 -6 -7
leaf_value=-0.015018682719048188 -0.0070487518318878388 -0.0029522454584119534 0.014030654861667319 0.00025976804788702438 0.00062597139052757188 0
leaf_weight=6.300019764457832 1.6148537315748392 1.4513514556165308 9.9410408676631032 0.27457846875768144 0.44591308385133732 0.36718308510899067
leaf_count=4455 561 481 770 12 24 145
internal_value=-0.000590933 0.00764742 0.0112453 -0.0135973 -0.00523562 -0.0145704
internal_weight=20.3949 13.4532 11.3924 6.94178 2.06077 6.6672
internal_count=6448 1836 1251 4612 585 4600
is_linear=0
shrinkage=0.025


Tree=120
num_leaves=7
num_cat=0
split_feature=18 26 13 13 17 25
split_gain=4.24768 0.996892 0.989972 0.780761 0.489994 0.176851
threshold=0.14892008900642398 -0.89381685853004444 5.4501395225524911 2.220696330070496 0.89788568019866954 -3.7135810852050777
decision_type=2 2 2 2 2 2
left_child=2 3 4 -2 -1 -3
right_child=1 5 -4 -5 -6 -7
leaf_value=-0.014211461862538645 -0.0017105273538122355 0.0017532416956650507 0.0017496110600948083 0.013429200425399732 0 -0.0040032743137813935
leaf_weight=6.8938706698245387 0.49957477136922523 0.70240821305196766 1.526661002280888 7.4141980161948595 1.1669609741948077 1.81220733070222
leaf_count=4502 181 31 443 478 174 643
internal_value=-0.000309823 0.00867117 -0.0101308 0.0116972 -0.0126678 -0.00146693
internal_weight=20.0159 10.4284 9.58749 7.91377 8.06083 2.51462
internal_count=6452 1333 5119 659 4676 674
is_linear=0
shrinkage=0.025


Tree=121
num_leaves=6
num_cat=0
split_feature=22 17 7 24 11
split_gain=4.87886 2.99389 0.924759 0.704457 0.236595
threshold=0.78722152113914501 0.5706164836883546 5.0708143711090097 0.45376531779766088 2.2416878938674931
decision_type=2 2 2 2 2
left_child=1 2 -1 -3 -2
right_child=4 3 -4 -5 -6
leaf_value=-0.01643570912426191 0 0.0079921966899656246 0.0007349483599374102 -0.0035706805940472308 0.013370838267811758
leaf_weight=7.9161666626459937 0.52020384866045688 3.8251041635085121 1.0300856259418649 0.79814784371410485 5.9449258589593228
leaf_count=5166 56 248 264 485 207
internal_value=-6.05711e-05 -0.0081734 -0.0144558 0.00452847 0.0125607
internal_weight=20.0346 13.5695 8.94625 4.62325 6.46513
internal_count=6426 6163 5430 733 263
is_linear=0
shrinkage=0.025


Tree=122
num_leaves=7
num_cat=0
split_feature=21 27 13 24 22 27
split_gain=3.89662 1.58837 1.20962 0.794878 0.598088 0.59747
threshold=0.22067256271839145 0.2252323776483536 2.220696330070496 -4.7590053081512442 0.78722152113914501 0.72676369547843944
decision_type=2 2 2 2 2 2
left_child=3 2 -2 -1 -3 -5
right_child=1 4 -4 5 -6 -7
leaf_value=0.001555386436350251 -0.0030155974861476283 -0.0076443083712545035 0.013817838380228998 -0.014568917528404508 0.0031115631043980244 0.00067596591870742865
leaf_weight=0.78933902402059253 0.70918993346276593 1.9638633798895164 8.1533357867738214 6.2300496315729124 1.21835172289866 0.4984844721329863
leaf_count=36 249 986 659 4310 113 71
internal_value=-0.000315084 0.00729838 0.0114181 -0.0110553 -0.00337746 -0.0130999
internal_weight=19.5626 12.0447 8.86253 7.51787 3.18222 6.72853
internal_count=6424 2007 908 4417 1099 4381
is_linear=0
shrinkage=0.025


Tree=123
num_leaves=7
num_cat=0
split_feature=27 6 22 22 22 19
split_gain=4.86096 2.70621 1.15979 0.376644 0.209865 0.199764
threshold=0.17022262513637546 3.0701851844787602 0.75029388070106517 -0.099524945020675645 0.96863451600074779 0.56391394138336193
decision_type=2 2 2 2 2 2
left_child=1 3 5 -1 -3 -2
right_child=2 4 -4 -5 -6 -7
leaf_value=-8.2402844934037424e-05 -0.015988964992662086 -0.0072463789059505892 0.0015451444842367907 0.014602614467831712 0.00033830547216533559 0
leaf_weight=0.22660679405089457 6.9210228030424314 2.3926241676381328 1.309994933530106 7.1479012442287075 0.61402109905611713 0.33486732968594868
leaf_count=147 4451 1438 151 227 33 60
internal_value=-0.00200331 0.00773934 -0.012772 0.0137953 -0.00567285 -0.0154426
internal_weight=18.947 10.3812 8.56589 7.37451 3.00665 7.25589
internal_count=6507 1845 4662 374 1471 4511
is_linear=0
shrinkage=0.025


Tree=124
num_leaves=7
num_cat=0
split_feature=21 22 17 12 20 13
split_gain=5.14362 2.17861 1.10255 0.513409 0.183954 0.111984
threshold=0.97342437505722057 0.75029388070106517 0.5706164836883546 2.8749662637710576 1.3875110149383547 3.1913977861404423
decision_type=2 2 2 2 2 2
left_child=1 2 -1 -2 -5 -3
right_child=3 5 -4 4 -6 -7
leaf_value=-0.015669366193417324 -0.00050703127734739257 0 0.0004829504496506777 0.014178770057693323 0 0.0059911435374244201
leaf_weight=8.1612742661091051 0.53340112394653161 0.53509189447504413 2.0293374073808073 6.398509099293733 0.61201673871255469 1.8329506756999761
leaf_count=5380 79 82 570 209 113 63
internal_value=0 -0.00879327 -0.0129412 0.0121675 0.0134618 0.00487729
internal_weight=20.1026 12.5587 10.1906 7.54393 7.01053 2.36804
internal_count=6496 6095 5950 401 322 145
is_linear=0
shrinkage=0.025


Tree=125
num_leaves=7
num_cat=0
split_feature=22 6 26 27 17 22
split_gain=3.85384 2.10568 1.48772 0.563647 0.334759 0.146482
threshold=0.033334886655211456 3.0701851844787602 -0.88267394900321949 0.72676369547843944 1.1572020649909975 0.96863451600074779
decision_type=2 2 2 2 2 2
left_child=3 2 -2 4 -1 -3
right_child=1 5 -4 -5 -6 -7
leaf_value=-0.013938035463033889 0.015058917426112893 -0.0067000373020403292 -0.0016456176924750415 0.0010054616262282425 0 0
leaf_weight=5.5777084201690768 7.8490068263199637 1.9781168921908823 2.4338051661034106 0.43956272222567339 0.66049067166750308 0.6478156882803886
leaf_count=4455 258 806 756 67 74 36
internal_value=0 0.00712731 0.0114514 -0.0113294 -0.0128154 -0.00539183
internal_weight=19.5865 12.9087 10.2828 6.67776 6.2382 2.62593
internal_count=6452 1856 1014 4596 4529 842
is_linear=0
shrinkage=0.025


Tree=126
num_leaves=7
num_cat=0
split_feature=27 6 22 27 22 21
split_gain=4.30083 2.38863 1.13116 0.550386 0.492702 0.181931
threshold=0.17022262513637546 4.0995640754699716 0.75029388070106517 0.72676369547843944 0.037176083773374564 1.7831944823265078
decision_type=2 2 2 2 2 2
left_child=1 4 3 -2 -1 -3
right_child=2 5 -4 -5 -6 -7
leaf_value=0 -0.015005056990459939 -0.0072067703212750443 0.0020709773485100952 0.0003165269865290359 0.014379179303628321 0.00030304234994496602
leaf_weight=0.85944074900180734 6.5755488835420675 1.8330655224563082 1.3751942246890392 0.55574376162257966 7.8956414221902378 0.25931130407843728
leaf_count=511 4370 999 152 92 341 9
internal_value=-0.000308814 0.00835841 -0.0108267 -0.0136575 0.0130941 -0.00583733
internal_weight=19.3539 10.8475 8.50649 7.13129 8.75508 2.09238
internal_count=6474 1860 4614 4462 852 1008
is_linear=0
shrinkage=0.025


Tree=127
num_leaves=7
num_cat=0
split_feature=22 13 26 5 17 19
split_gain=3.97803 2.03106 2.07468 0.562927 0.12387 0.0907135
threshold=0.033334886655211456 2.9677381515502934 -0.88267394900321949 -0.17561683803796765 1.1572020649909975 0.34236119687557226
decision_type=2 2 2 2 2 2
left_child=3 4 -3 -1 -2 -5
right_child=1 2 -4 5 -6 -7
leaf_value=0.00094425886310051511 -0.0069377287041839895 0.015384364377097596 -0.0032865221845519428 -0.013376578030774248 0 0
leaf_weight=0.46290459524607364 1.6054027551435854 8.6530136153451149 2.3612699428922488 5.6443135585577711 0.2578493240289389 0.36155391622742161
leaf_count=85 586 395 836 4356 13 146
internal_value=0 0.00742391 0.011215 -0.01144 -0.00591976 -0.0129578
internal_weight=19.3463 12.8775 11.0143 6.46877 1.86325 6.00587
internal_count=6417 1830 1231 4587 599 4502
is_linear=0
shrinkage=0.025


Tree=128
num_leaves=7
num_cat=0
split_feature=27 6 26 18 22 5
split_gain=4.65487 2.27957 0.712239 0.479228 0.457976 0.148791
threshold=0.16680668294429782 4.0995640754699716 -0.38902664184570307 0.46228502690792089 -0.099524945020675645 4.0237820148468026
decision_type=2 2 2 2 2 2
left_child=1 4 3 -2 -1 -3
right_child=2 5 -4 -5 -6 -7
leaf_value=-1.1223937463215031e-05 -0.014375462290007447 0.00012431143403135599 0.0012946179471693845 0 0.01471105760140496 -0.0065929851041772337
leaf_weight=0.53365223482251156 6.4930111330613727 0.30390793264086724 0.77618577342945894 1.2521648017573168 7.8635512486653187 1.6621817762934368
leaf_count=387 4304 111 111 276 409 873
internal_value=-0.000125894 0.0090905 -0.0110135 -0.0127613 0.0136539 -0.0053135
internal_weight=18.8847 10.3633 8.52136 7.74518 8.3972 1.96609
internal_count=6471 1780 4691 4580 796 984
is_linear=0
shrinkage=0.025


Tree=129
num_leaves=5
num_cat=0
split_feature=22 6 25 6
split_gain=4.7599 2.28235 1.25518 0.0232069
threshold=0.037176083773374564 3.190449714660645 0.74756243824958812 3.3542866706848149
decision_type=2 2 2 2
left_child=-1 2 -2 -3
right_child=1 3 -4 -5
leaf_value=-0.01405312469777269 0.014295952419667642 0 -0.0013574574261818162 -0.0070132075426857831
leaf_weight=6.1618593424354939 8.1744841919862647 0.19133772896020573 2.2638942468038286 1.7648377274163065
leaf_count=4628 453 60 636 719
internal_value=-0.00134472 0.00683732 0.0111561 -0.00676366
internal_weight=18.5564 12.3946 10.4384 1.95618
internal_count=6496 1868 1089 779
is_linear=0
shrinkage=0.025


Tree=130
num_leaves=7
num_cat=0
split_feature=27 6 21 21 19 21
split_gain=4.79108 2.21907 0.975277 0.356542 0.310709 0.175034
threshold=0.16298390924930575 4.0995640754699716 0.97342437505722057 0.038207763805985458 0.54007327556610119 1.7831944823265078
decision_type=2 2 2 2 2 2
left_child=1 3 4 -1 -2 -3
right_child=2 5 -4 -5 -6 -7
leaf_value=0 -0.01536400799683774 -0.0068179722968935257 0.0009171056190420239 0.014089359460134277 0 0.00035451107333208065
leaf_weight=0.66042148902488573 6.3143325886048824 1.7423306206619593 1.6284999938943654 7.8092540689831367 0.45261050983390294 0.25874292204389338
leaf_count=330 4428 961 224 448 91 6
internal_value=-0.000815489 0.00857542 -0.0118235 0.0131238 -0.0145076 -0.00540699
internal_weight=18.8662 10.4707 8.39544 8.46968 6.76694 2.00107
internal_count=6488 1745 4743 778 4519 967
is_linear=0
shrinkage=0.025


Tree=131
num_leaves=7
num_cat=0
split_feature=22 17 7 24 13 23
split_gain=3.86607 2.97905 0.868767 0.63835 0.192691 0.0165972
threshold=0.78722152113914501 0.64970400929451 5.0708143711090097 0.46567195653915411 2.9677381515502934 -4.2797057628631583
decision_type=2 2 2 2 2 2
left_child=1 2 -1 -3 -2 -6
right_child=4 3 -4 -5 5 -7
leaf_value=-0.015214732998282715 0 0.0085103474825727523 0.00096524610349717731 -0.0029151199417323023 0 0.012992197029238506
leaf_weight=7.7651555352931627 0.34360916225705196 3.801489046556525 0.96761759901710309 0.67270091018872324 0.50008212494140014 5.0997339282766916
leaf_count=5361 61 195 273 399 83 127
internal_value=4.77356e-05 -0.00680185 -0.0132681 0.00550096 0.0119929 0.0126434
internal_weight=19.1504 13.207 8.73277 4.47419 5.94343 5.59982
internal_count=6499 6228 5634 594 271 210
is_linear=0
shrinkage=0.025


Tree=132
num_leaves=7
num_cat=0
split_feature=27 6 22 27 22 5
split_gain=3.75752 2.08956 0.938505 0.536888 0.3245 0.15221
threshold=0.16680668294429782 4.0995640754699716 0.75029388070106517 0.72676369547843944 0.033334886655211456 4.0237820148468026
decision_type=2 2 2 2 2 2
left_child=1 4 3 -2 -1 -3
right_child=2 5 -4 -5 -6 -7
leaf_value=0 -0.014108969966727525 0.00015848889609823447 0.0017314833807653787 0.0004871613405749458 0.013791748816803708 -0.0066066965504434794
leaf_weight=0.76815024099778551 6.431817660937666 0.30057935653894663 1.3357662927446652 0.5237262772861867 7.0402749697241234 1.6766443488158982
leaf_count=465 4459 100 158 91 322 872
internal_value=-0.00037432 0.00813233 -0.0101668 -0.0127431 0.012766 -0.0053059
internal_weight=18.077 9.78565 8.29131 6.95554 7.80843 1.97722
internal_count=6467 1759 4708 4550 787 972
is_linear=0
shrinkage=0.025


Tree=133
num_leaves=7
num_cat=0
split_feature=21 19 7 13 13 27
split_gain=3.62488 2.3168 0.907435 0.865139 0.545668 0.127488
threshold=0.94285640120506298 0.20129314064979556 5.0708143711090097 2.9677381515502934 2.220696330070496 0.30254539847373968
decision_type=2 2 2 2 2 2
left_child=1 2 -1 -3 -2 -6
right_child=4 3 -4 -5 5 -7
leaf_value=-0.015577146501241366 -0.0011446263141932278 -0.0043420992549233891 0.0010782932318858906 0.0082205918633514383 0.012950986331114198 0
leaf_weight=6.2613165721704735 0.34551432298030604 1.0539118453889385 0.93501899742113881 3.3980241272074636 5.8163751092797611 0.59122012575971883
leaf_count=4944 84 452 249 414 198 131
internal_value=8.66419e-05 -0.00720912 -0.0133458 0.00386165 0.010916 0.0123309
internal_weight=18.4014 11.6483 7.19634 4.45194 6.75311 6.4076
internal_count=6472 6059 5193 866 413 329
is_linear=0
shrinkage=0.025


Tree=134
num_leaves=7
num_cat=0
split_feature=22 17 7 12 5 5
split_gain=3.91171 1.94269 0.751231 0.494791 0.228311 0.0312796
threshold=0.75029388070106517 0.80459529161453258 5.0708143711090097 3.0119251012802128 4.5029637813568124 0.36058960855007177
decision_type=2 2 2 2 2 2
left_child=1 2 -1 -3 5 -2
right_child=4 3 -4 -5 -6 -7
leaf_value=-0.014292615690524743 0 -0.0028103760362992902 0.00073740772999481192 0.00725248852738632 0 0.012266578970064506
leaf_weight=7.8815684307628562 0.2962044461601171 0.61556322498654426 1.010011045320425 2.4485924313194118 0.39838124727248203 5.1767220774199814
leaf_count=5575 66 169 280 160 61 172
internal_value=-0.000304188 -0.00797314 -0.0124845 0.00396681 0.0112219 0.0120144
internal_weight=17.827 11.9557 8.89158 3.06416 5.87131 5.47293
internal_count=6483 6184 5855 329 299 238
is_linear=0
shrinkage=0.025


Tree=135
num_leaves=7
num_cat=0
split_feature=21 27 13 5 22 22
split_gain=3.84712 1.88976 0.858334 0.57727 0.534725 0.267902
threshold=0.17968884855508807 0.17022262513637546 2.220696330070496 -0.17561683803796765 0.75029388070106517 1.1281317472457888
decision_type=2 2 2 2 2 2
left_child=3 2 -2 -1 -3 -5
right_child=1 4 -4 5 -6 -7
leaf_value=0.0010985375793040135 -0.0017737368013514218 -0.0068473616973157327 0.014300377794871597 -0.013535232426648709 0.0029640435054336719 0
leaf_weight=0.43945247125520914 0.49459964575362203 2.7630212375224792 7.988170955577516 5.2964992456327327 1.3770498044614212 0.2826888525742105
leaf_count=103 210 1409 507 4103 123 17
internal_value=0.000279613 0.00768806 0.0125894 -0.0111289 -0.00306391 -0.0127468
internal_weight=18.6415 12.6228 8.48277 6.01864 4.14007 5.57919
internal_count=6472 2249 717 4223 1532 4120
is_linear=0
shrinkage=0.025


Tree=136
num_leaves=7
num_cat=0
split_feature=27 6 22 21 24 19
split_gain=4.04662 2.26449 0.805749 0.378165 0.268814 0.166283
threshold=0.17022262513637546 3.5513194799423222 0.78722152113914501 1.7831944823265078 0.1963445991277695 0.56391394138336193
decision_type=2 2 2 2 2 2
left_child=1 4 5 -3 -1 -2
right_child=2 3 -4 -5 -6 -7
leaf_value=0.013840586661776981 -0.013879761269011331 -0.0078737103192138679 0.0012366149378890674 0.0016706141610659895 0 0
leaf_weight=7.0000035077682714 6.5349972353578769 1.9514768911467402 1.0453125758649546 0.44380755996098731 0.43609568386455055 0.31605175578442857
leaf_count=286 4427 1241 141 6 282 58
internal_value=-0.000938188 0.0078983 -0.0112214 -0.00532629 0.0130895 -0.0133694
internal_weight=17.7277 9.83138 7.89636 2.39528 7.4361 6.85105
internal_count=6441 1815 4626 1247 568 4485
is_linear=0
shrinkage=0.025


Tree=137
num_leaves=7
num_cat=0
split_feature=22 13 3 5 7 17
split_gain=3.18646 1.93083 1.54379 0.494762 0.29713 0.105904
threshold=0.033334886655211456 3.0593694448471074 1.0983543992042544 -0.17561683803796765 -1.0353288054466245 1.1572020649909975
decision_type=2 2 2 2 2 2
left_child=3 5 -3 -1 -5 -2
right_child=1 2 -4 4 -6 -7
leaf_value=0.00095786596029459603 -0.0067585699276097901 -0.0041113613303792622 0.01360328968479398 0 -0.012584481275272853 0
leaf_weight=0.46513494315149806 1.5526756781327993 0.83662757965794199 9.7033070474863035 0.34034299126506162 5.1197916789315068 0.26344894996145729
leaf_count=96 614 392 809 42 4454 16
internal_value=0.000306921 0.00712457 0.0109246 -0.0100921 -0.0116388 -0.00584825
internal_weight=18.2813 12.3561 10.5399 5.92527 5.46013 1.81612
internal_count=6423 1831 1201 4592 4496 630
is_linear=0
shrinkage=0.025


Tree=138
num_leaves=7
num_cat=0
split_feature=21 19 7 6 13 26
split_gain=3.84121 1.6876 0.864455 0.737483 0.555189 0.217908
threshold=0.94285640120506298 0.24858719855546954 5.0708143711090097 3.190449714660645 2.220696330070496 -0.80622163414955128
decision_type=2 2 2 2 2 2
left_child=1 2 -1 -3 -2 -6
right_child=4 3 -4 -5 5 -7
leaf_value=-0.015337212691828106 -0.001241217211439879 0.0071943879248579897 0.00097940334670889597 -0.0044694258022150183 0.012924592000939004 0
leaf_weight=6.1817723839922127 0.36327107614488241 2.6283608455560175 0.94584893556020677 1.0284385929553534 5.6590543083730154 0.6344987459888215
leaf_count=5062 87 229 259 487 190 136
internal_value=-8.32961e-05 -0.00833012 -0.0131455 0.00250528 0.0105832 0.0120665
internal_weight=17.4412 10.7844 7.12762 3.6568 6.65682 6.29355
internal_count=6450 6037 5321 716 413 326
is_linear=0
shrinkage=0.025


Tree=139
num_leaves=7
num_cat=0
split_feature=21 24 7 12 27 11
split_gain=3.35373 1.46384 0.674973 0.591844 0.209068 0.172281
threshold=0.94285640120506298 -3.4109321832656856 5.0708143711090097 3.0119251012802128 0.25909180939197546 2.4544030427932744
decision_type=2 2 2 2 2 2
left_child=1 5 -3 -2 -5 -1
right_child=3 2 -4 4 -6 -7
leaf_value=-0.00081728999946250453 -0.0012745267639706652 -0.012872428941045339 0.00089419995682385673 0.012583752108400967 0 0.0055241823400543552
leaf_weight=0.25409447975107591 0.59809023950947349 8.0661156815331179 0.96523421599704384 5.4170051638357108 0.60651690521626722 1.853700834646588
leaf_count=79 99 5589 273 182 145 100
internal_value=-3.42877e-05 -0.0076238 -0.0111613 0.00998236 0.0117382 0.00384324
internal_weight=17.7608 11.1391 9.03135 6.62161 6.02352 2.1078
internal_count=6467 6041 5862 426 327 179
is_linear=0
shrinkage=0.025


Tree=140
num_leaves=7
num_cat=0
split_feature=27 5 24 24 13 21
split_gain=3.88279 2.23147 1.42732 0.544177 0.123281 0.0908646
threshold=0.17022262513637546 4.0397942066192636 -3.6522214412689205 0.45376531779766088 2.9677381515502934 1.2945517897605898
decision_type=2 2 2 2 2 2
left_child=1 3 -2 -1 -3 -4
right_child=2 4 5 -5 -6 -7
leaf_value=0.014218543096911652 0.0028225689651937675 -0.0066030309327212953 -0.014478632536287828 -0.00070285678371885291 0 0
leaf_weight=7.669896670260643 1.5822536084597238 1.6469733236808672 5.8821673083002661 0.34629126375511976 0.38306296593509603 0.33579566900152702
leaf_count=426 155 870 4393 435 103 46
internal_value=-7.32351e-05 0.00832206 -0.0104013 0.0130714 -0.00550128 -0.0140817
internal_weight=17.8464 10.0462 7.80022 8.01619 2.03004 6.21796
internal_count=6428 1834 4594 861 973 4439
is_linear=0
shrinkage=0.025


Tree=141
num_leaves=7
num_cat=0
split_feature=22 6 2 5 18 0
split_gain=2.89546 1.61522 1.1371 0.46535 0.269493 0.0969192
threshold=0.033334886655211456 3.190449714660645 1.6011350750923159 -0.17561683803796765 0.53299450874328624 3.597387552261353
decision_type=2 2 2 2 2 2
left_child=3 2 -2 -1 -5 -3
right_child=1 5 -4 4 -6 -7
leaf_value=0.0010983376777245688 -0.0024823293519943982 0 0.013299430895717959 -0.011561678868441394 0 -0.0053828045273882708
leaf_weight=0.44074448710307557 1.0759489579941135 0.22736584553786032 8.9617235427867836 5.1304124448797683 0.31249860503885418 1.9454913758236214
leaf_count=89 359 25 703 4398 68 758
internal_value=0.00091085 0.00734061 0.0109292 -0.00910085 -0.0106557 -0.00442845
internal_weight=18.0942 12.2105 10.0377 5.88366 5.44291 2.17286
internal_count=6400 1845 1062 4555 4466 783
is_linear=0
shrinkage=0.025


Tree=142
num_leaves=6
num_cat=0
split_feature=22 17 7 24 11
split_gain=3.08066 1.97721 0.786113 0.607256 0.204396
threshold=0.78722152113914501 0.52343070507049572 5.0708143711090097 0.45376531779766088 2.2054876089096074
decision_type=2 2 2 2 2
left_child=1 2 -1 -3 -2
right_child=4 3 -4 -5 -6
leaf_value=-0.014288470874548181 0 0.0068867327220896975 0.0009801709863642039 -0.0036098156370799163 0.01168196399261422
leaf_weight=6.2077739290762128 0.45179955821367812 3.9156694012490334 0.95303883806627698 0.83137126435758535 5.0172525124944514
leaf_count=5012 60 316 262 579 204
internal_value=0 -0.00637025 -0.0121749 0.00349846 0.0108801
internal_weight=17.3769 11.9079 7.16081 4.74704 5.46905
internal_count=6433 6169 5274 895 264
is_linear=0
shrinkage=0.025


Tree=143
num_leaves=7
num_cat=0
split_feature=22 17 27 5 11 23
split_gain=3.19115 2.94472 0.708015 0.653431 0.295266 0.300373
threshold=0.7221142351627351 0.64970400929451 0.72676369547843944 4.0237820148468026 2.2054876089096074 -4.8647899627685538
decision_type=2 2 2 2 2 2
left_child=1 2 -1 -3 -2 -6
right_child=4 3 -4 -5 5 -7
leaf_value=-0.015979902594982148 0 0.0083372100788405724 0.00084043430548545067 -0.0031324564114265058 0 0.012188591627272011
leaf_weight=6.6061643498105713 0.5270578195922998 3.442813163754181 0.46940692196949374 0.69884349906351406 0.3239593265170696 4.76884808774048
leaf_count=5509 77 351 81 218 97 150
internal_value=-0.000402274 -0.00752783 -0.0144605 0.00506343 0.0100798 0.0111889
internal_weight=16.8371 11.2172 7.07557 4.14166 5.61987 5.09281
internal_count=6483 6159 5590 569 324 247
is_linear=0
shrinkage=0.025


Tree=144
num_leaves=7
num_cat=0
split_feature=22 6 26 5 1 22
split_gain=3.0082 1.47001 1.19573 0.47462 0.273384 0.106365
threshold=0.033334886655211456 3.190449714660645 -0.88419196009635914 -0.17561683803796765 6.4247455596923837 0.92108449339866649
decision_type=2 2 2 2 2 2
left_child=3 2 -2 -1 -5 -3
right_child=1 5 -4 4 -6 -7
leaf_value=0.0009663568901128179 0.014168868871297478 -0.005210984470326226 -0.0010981229189995071 -0.01215484668884065 0 0
leaf_weight=0.46334154126816507 7.0848551541857878 1.6484833604190492 2.4763647535000919 4.9206266975452326 0.33045486945775326 0.58697102218866337
leaf_count=98 269 732 802 4506 41 44
internal_value=0.000526921 0.00725093 0.0107662 -0.00967667 -0.0112388 -0.00397035
internal_weight=17.5111 11.7967 9.56122 5.71442 5.25108 2.23545
internal_count=6492 1847 1071 4645 4547 776
is_linear=0
shrinkage=0.025


Tree=145
num_leaves=7
num_cat=0
split_feature=21 26 13 27 24 24
split_gain=3.05718 1.61988 0.99077 0.545219 0.443911 0.177625
threshold=0.17968884855508807 -0.88267394900321949 2.220696330070496 0.72676369547843944 -3.6522214412689205 -4.7590053081512442
decision_type=2 2 2 2 2 2
left_child=3 2 -2 5 -3 -1
right_child=1 4 -4 -5 -6 -7
leaf_value=0 -0.0024167038224816896 0.0022079707296574964 0.013387149646247494 0.0012934315583803524 -0.0071848163059272281 -0.012341025243667952
leaf_weight=0.35248273410252373 0.62609601362782896 1.2114281239046243 8.3014475445816043 0.39717801063670766 1.8259413539635714 4.6586701559936063
leaf_count=32 253 124 730 62 1127 4116
internal_value=0.000589537 0.00724397 0.0113604 -0.00993949 -0.00361791 -0.0116554
internal_weight=17.3732 11.9649 8.92754 5.40833 3.03737 5.01115
internal_count=6444 2234 983 4210 1251 4148
is_linear=0
shrinkage=0.025


Tree=146
num_leaves=7
num_cat=0
split_feature=21 19 6 12 26 20
split_gain=2.85566 2.25085 0.848747 0.638583 0.60948 0.0929688
threshold=0.94285640120506298 0.20129314064979556 3.3542866706848149 2.8749662637710576 -0.38902664184570307 1.3875110149383547
decision_type=2 2 2 2 2 2
left_child=1 4 -3 -2 -1 -5
right_child=3 2 -4 5 -6 -7
leaf_value=-0.01472629409958294 -0.0017389113508129118 0.0082990015864634736 -0.00413971335390522 0.012183440504167612 0.00069778871334412245 0
leaf_weight=5.8288242808484947 0.41634768893709306 3.3078734528826317 1.1422701378469353 5.2083636933384696 0.49784072782495137 0.58923192191286933
leaf_count=5116 87 348 507 215 89 114
internal_value=0 -0.00670999 0.00394384 0.00978845 -0.0131885 0.011617
internal_weight=16.9908 10.7768 4.45014 6.21394 6.32667 5.7976
internal_count=6476 6060 855 416 5205 329
is_linear=0
shrinkage=0.025


Tree=147
num_leaves=7
num_cat=0
split_feature=27 6 18 24 27 6
split_gain=2.74567 2.07507 0.75171 0.467282 0.458996 0.0910443
threshold=0.16680668294429782 4.0995640754699716 0.33540251851081854 0.45376531779766088 0.72676369547843944 2.8988200426101689
decision_type=2 2 2 2 2 2
left_child=1 3 4 -1 -2 -4
right_child=2 -3 5 -5 -6 -7
leaf_value=0.013415747441668012 -0.012655950506266665 -0.006031102492779091 0.0029686451481849359 -0.00055933190552817462 0.0004622443458485797 -0.001100610192131102
leaf_weight=7.1149455451086414 5.1922855365701244 1.5273611495649673 1.6782073789363496 0.31970654342876503 0.53252632595831517 0.34489412035327394
leaf_count=422 4129 977 247 396 93 229
internal_value=0 0.00771296 -0.00833416 0.0123289 -0.0112063 0.00109533
internal_weight=16.7099 8.96201 7.74791 7.43465 5.72481 2.0231
internal_count=6493 1795 4698 818 4222 476
is_linear=0
shrinkage=0.025


Tree=148
num_leaves=7
num_cat=0
split_feature=22 17 7 13 13 25
split_gain=2.85395 1.81794 0.783747 0.77294 0.342469 0.27788
threshold=0.7221142351627351 0.64970400929451 5.0708143711090097 3.5623236894607548 2.5990464687347417 -0.61149841547012318
decision_type=2 2 2 2 2 2
left_child=1 2 -1 -3 -2 -6
right_child=4 3 -4 -5 5 -7
leaf_value=-0.014173721086267112 -0.00051914578096627845 -0.0042219253591771659 0.0010153881148489989 0.0078372753964731871 0.011858589090709684 0
leaf_weight=6.3048297368077346 0.25067491154186328 0.89029778463009313 0.94158178909856349 2.9398657548590563 5.0214753413165454 0.37445803904847696
leaf_count=5319 56 384 271 199 168 97
internal_value=0 -0.00687895 -0.012081 0.00352298 0.00980229 0.0109021
internal_weight=16.7232 11.0766 7.24641 3.83016 5.64661 5.39593
internal_count=6494 6173 5590 583 321 265
is_linear=0
shrinkage=0.025


Tree=149
num_leaves=7
num_cat=0
split_feature=22 17 3 12 6 23
split_gain=2.82461 2.19306 0.706637 0.59256 0.24971 0.0465866
threshold=0.75029388070106517 0.5706164836883546 -0.17154164612293241 2.8749662637710576 3.7653639316558842 -4.7391939163207999
decision_type=2 2 2 2 2 2
left_child=1 2 -1 -3 5 -2
right_child=4 3 -4 -5 -6 -7
leaf_value=0.00066525167422449986 0 -0.0030779305124427753 -0.014266257552133871 0.007693387833278437 0 0.011876508089556587
leaf_weight=0.96300091755983963 0.49505450839933463 0.72591422886762291 5.8690179159893896 3.4861172065284336 0.40976989330374625 4.6782946292805709
leaf_count=201 94 248 5196 483 64 143
internal_value=0.000384587 -0.00605709 -0.0122416 0.00449554 0.0105591 0.0114597
internal_weight=16.6272 11.0441 6.83202 4.21203 5.58312 5.17335
internal_count=6429 6128 5397 731 301 237
is_linear=0
shrinkage=0.025


Tree=150
num_leaves=7
num_cat=0
split_feature=25 6 27 27 2 0
split_gain=2.7682 2.24421 0.932345 0.492207 0.142513 0.0885394
threshold=0.48660917580127722 3.190449714660645 0.074448272585868849 0.72676369547843944 1.6011350750923159 3.597387552261353
decision_type=2 2 2 2 2 2
left_child=1 4 -2 -4 -1 -3
right_child=2 5 3 -5 -6 -7
leaf_value=0 0.0022850370667856466 0 -0.013188048994983654 0.00051622141490726249 0.013087046201413797 -0.006206353349639729
leaf_weight=0.081236315330899589 1.2910335272099462 0.27469914629182346 5.0203359329098021 0.5190941561013459 7.3502859081781935 2.1568170446553268
leaf_count=42 322 78 4463 91 510 892
internal_value=0.000153 0.00753503 -0.00865768 -0.0116752 0.0127666 -0.00544506
internal_weight=16.6935 9.86304 6.83046 5.53943 7.43152 2.43152
internal_count=6398 1522 4876 4554 552 970
is_linear=0
shrinkage=0.025


Tree=151
num_leaves=7
num_cat=0
split_feature=21 19 6 27 12 2
split_gain=3.08265 1.62177 0.618109 0.520876 0.269378 0.241077
threshold=0.94285640120506298 0.49783010780811315 4.1711940765380868 0.72676369547843944 2.4567506313323979 1.6011350750923159
decision_type=2 2 2 2 2 2
left_child=1 3 5 -1 -3 -2
right_child=2 4 -4 -5 -6 -7
leaf_value=-0.013691218394438371 0 -0.0016232378690374399 -0.0018025151671771347 0.00048873251726876653 0.0059812972735538289 0.01171012635786038
leaf_weight=6.9024577873569815 0.13361178775085036 0.4487725818762559 0.44072242939728301 0.5352184360672253 1.9672729390003949 5.676693878180231
leaf_count=5673 28 154 92 93 139 301
internal_value=-0.000560358 -0.0081579 0.00916352 -0.012382 0.00358394 0.0110224
internal_weight=16.1047 9.85372 6.25103 7.43768 2.41605 5.81031
internal_count=6480 6059 421 5766 293 329
is_linear=0
shrinkage=0.025


Tree=152
num_leaves=7
num_cat=0
split_feature=21 26 6 5 22 24
split_gain=2.72996 1.38616 0.726131 0.475016 0.429534 0.272728
threshold=0.17968884855508807 -0.9318101406097411 4.6642110347747812 -0.17561683803796765 0.75029388070106517 -4.7590053081512442
decision_type=2 2 2 2 2 2
left_child=3 2 -2 -1 -3 -5
right_child=1 4 -4 5 -6 -7
leaf_value=0.0010758906763644177 0.013064636897922925 -0.0060443094218094826 -0.0016263340897264963 0 0.0027350967254361758 -0.011985808940999626
leaf_weight=0.44620061133900968 7.1721916601381963 2.4380481107073124 0.46543978647969186 0.45242475761915635 1.3890559257415587 4.4218066766698039
leaf_count=106 528 1384 189 32 128 4100
internal_value=0.000650889 0.00706986 0.0113856 -0.00929939 -0.00240545 -0.010946
internal_weight=16.7852 11.4647 7.63763 5.32043 3.8271 4.87423
internal_count=6467 2229 717 4238 1512 4132
is_linear=0
shrinkage=0.025


Tree=153
num_leaves=7
num_cat=0
split_feature=25 13 7 26 19 16
split_gain=2.91656 2.34866 0.639658 0.396177 0.142393 0.0683638
threshold=0.74756243824958812 2.9677381515502934 5.0708143711090097 -1.0359588265419004 -0.42811937630176539 -1.1504657268524168
decision_type=2 2 2 2 2 2
left_child=1 5 3 -2 -3 -1
right_child=2 4 -4 -5 -6 -7
leaf_value=0 0 0 0.0012646349299770727 -0.013196926308962046 0.012699361488309675 -0.007036716885813251
leaf_weight=0.3111158316314685 0.81973391804786011 0.11664814091636788 0.88731993132387277 4.6066611466449086 7.7566884659754578 1.6657878852856827
leaf_count=28 269 99 251 4286 719 830
internal_value=0 0.00728327 -0.0095651 -0.0116926 0.0123652 -0.00641742
internal_weight=16.164 9.85024 6.31371 5.4264 7.87334 1.9769
internal_count=6482 1676 4806 4555 818 858
is_linear=0
shrinkage=0.025


Tree=154
num_leaves=7
num_cat=0
split_feature=24 17 7 24 6 23
split_gain=2.56826 1.51837 0.800136 0.44427 0.38687 0.273907
threshold=-3.0103238821029659 0.5706164836883546 5.0708143711090097 0.45376531779766088 3.9318096637725835 -5.5032112598419181
decision_type=2 2 2 2 2 2
left_child=4 2 -2 -3 5 -1
right_child=1 3 -4 -5 -6 -7
leaf_value=0 -0.013964484115003856 0.006268461190785956 0.0012005612960087955 -0.0029534921433395302 -0.00085399530722144877 0.011409537166576408
leaf_weight=0.45451628514274478 5.6934568785145512 2.7521080308069945 0.90931494320102491 0.70914723770692933 0.29614189749554487 4.931284191974556
leaf_count=124 5010 203 268 493 89 220
internal_value=-4.0687e-05 -0.00692061 -0.01172 0.00301159 0.00909555 0.0103922
internal_weight=15.746 10.064 6.60277 3.46126 5.68194 5.3858
internal_count=6407 5974 5278 696 433 344
is_linear=0
shrinkage=0.025


Tree=155
num_leaves=7
num_cat=0
split_feature=21 24 26 26 12 11
split_gain=2.63336 1.54037 0.476443 0.397138 0.289659 0.17773
threshold=0.97342437505722057 -3.5456136465072627 -0.38902664184570307 -0.80622163414955128 2.8749662637710576 2.4544030427932744
decision_type=2 2 2 2 2 2
left_child=1 5 -3 4 -2 -1
right_child=3 2 -4 -5 -6 -7
leaf_value=-0.00088734427260904892 -2.9032899060425116e-05 -0.013170907182538792 0.00038218011875264777 -0.00085716376571372168 0.011057393171363627 0.005512236789789543
leaf_weight=0.26346438415930551 0.42207880489877414 7.0034025658314922 0.55310029882821243 0.50826515286462459 4.5714870079609682 1.8696440201747462
leaf_count=75 70 5780 103 149 186 95
internal_value=-0.00108066 -0.0079326 -0.011924 0.00842299 0.00994923 0.00377768
internal_weight=15.1914 9.68961 7.5565 5.50183 4.99357 2.13311
internal_count=6458 6053 5883 405 256 170
is_linear=0
shrinkage=0.025


Tree=156
num_leaves=6
num_cat=0
split_feature=22 17 11 0 25
split_gain=3.0889 2.36808 0.413241 0.236147 0.0829576
threshold=0.7221142351627351 0.64970400929451 2.2054876089096074 4.0538270473480233 -0.83979052305221547
decision_type=2 2 2 2 2
left_child=1 -1 -2 -3 -4
right_child=2 3 4 -5 -6
leaf_value=-0.015056012046243831 -0.00091676335403382322 0.0057545106505972601 0.011038812162330866 -0.0010354206825457363 0
leaf_weight=6.3711033331564959 0.3765211217687473 2.4819977602892327 4.0945281405874994 1.1771196741028687 0.45181778139522055
leaf_count=5614 75 295 139 281 96
internal_value=-0.00195718 -0.00895158 0.00899361 0.00351183 0.0105194
internal_weight=14.9531 10.0302 4.92287 3.65912 4.54635
internal_count=6500 6190 310 576 235
is_linear=0
shrinkage=0.025


Tree=157
num_leaves=7
num_cat=0
split_feature=21 6 26 27 24 26
split_gain=2.28231 1.08472 0.712085 0.433899 0.359716 0.162659
threshold=0.22067256271839145 3.0701851844787602 -0.79668352007865895 0.72676369547843944 -4.7590053081512442 -1.0081937313079832
decision_type=2 2 2 2 2 2
left_child=3 2 -2 4 -1 -3
right_child=1 5 -4 -5 -6 -7
leaf_value=0.0001301825027686772 0.012151720290000969 0.00053443326121834563 -0.00082254429906953154 0.00098521640840478256 -0.011807382834160251 -0.0052512914299437108
leaf_weight=0.56555281649343569 6.278404787510226 1.2645629688777265 1.5615161976165817 0.453097987017827 4.3380435887229414 1.1005026377897591
leaf_count=36 468 247 614 71 4297 701
internal_value=0 0.0063609 0.0097668 -0.0088504 -0.0104289 -0.00304648
internal_weight=15.5617 10.205 7.83992 5.35669 4.9036 2.36507
internal_count=6434 2030 1082 4404 4333 948
is_linear=0
shrinkage=0.025


Tree=158
num_leaves=7
num_cat=0
split_feature=27 6 19 24 18 21
split_gain=2.69403 1.54171 0.869606 0.266352 0.235838 0.131662
threshold=0.17022262513637546 4.0995640754699716 0.56391394138336193 0.08673876523971559 0.46228502690792089 1.7831944823265078
decision_type=2 2 2 2 2 2
left_child=1 3 4 -1 -2 -3
right_child=2 5 -4 -5 -6 -7
leaf_value=0.012254693442615521 -0.012944853859756576 -0.0058323688838780889 0.0020387928363517632 0 0 0.00019590986086752413
leaf_weight=6.1852218632702698 4.9243156854936396 1.4873991042913983 1.135758296572021 0.47713484565610986 0.83140965128404776 0.25044064957182843
leaf_count=379 4248 1001 123 444 227 8
internal_value=-0.000326632 0.00716705 -0.00915931 0.0113912 -0.0118706 -0.00453532
internal_weight=15.2917 8.4002 6.89148 6.66236 5.75573 1.73784
internal_count=6430 1832 4598 823 4475 1009
is_linear=0
shrinkage=0.025


Tree=159
num_leaves=7
num_cat=0
split_feature=21 6 26 27 24 15
split_gain=2.37501 1.18625 0.678213 0.420167 0.381361 0.0837325
threshold=0.3060366958379746 3.3542866706848149 -0.79668352007865895 0.72676369547843944 -4.7590053081512442 1.2612855434417727
decision_type=2 2 2 2 2 2
left_child=3 2 -2 4 -1 -3
right_child=1 5 -4 -5 -6 -7
leaf_value=0.00032057788907709656 0.012420784362853609 -0.0047702233806495376 -0.00060417767052951528 0.0010737681952056692 -0.011288561084410216 0
leaf_weight=0.60661405984137573 6.6423270794475675 1.3273230735940149 1.5036520344729059 0.43712467435398128 4.8521601688116807 0.30937130736128882
leaf_count=43 461 634 558 72 4718 36
internal_value=0.00029906 0.00700247 0.0102257 -0.00835921 -0.00986438 -0.00371604
internal_weight=15.6786 9.78267 8.14598 5.8959 5.45877 1.63669
internal_count=6522 1689 1019 4833 4761 670
is_linear=0
shrinkage=0.025


Tree=160
num_leaves=7
num_cat=0
split_feature=21 26 24 13 27 24
split_gain=1.96242 0.820391 0.728117 0.623181 0.566239 0.0848623
threshold=0.34953434765338903 -0.88267394900321949 -4.7590053081512442 2.220696330070496 0.72676369547843944 -3.6522214412689205
decision_type=2 2 2 2 2 2
left_child=2 3 -1 -2 -4 -3
right_child=1 5 4 -5 -6 -7
leaf_value=0.0021196133551508048 -0.0017169118716598014 0.00025345072836470607 -0.012320945236372387 0.011192946669916399 0.0012070425203110661 -0.0037251374667751553
leaf_weight=0.96685737956431594 0.48606368250329968 0.80136971894535269 4.5915484776414832 6.1350132132865838 0.41466371994465578 1.3738751281634884
leaf_count=44 199 114 4761 512 70 728
internal_value=0 0.00628365 -0.00788237 0.00937646 -0.0105326 -0.00223312
internal_weight=14.7694 8.79632 5.97307 6.62108 5.00621 2.17524
internal_count=6428 1553 4875 711 4831 842
is_linear=0
shrinkage=0.025


Tree=161
num_leaves=7
num_cat=0
split_feature=22 17 10 26 4 23
split_gain=2.35783 1.2936 0.60225 0.542513 0.162301 0.0456628
threshold=0.78722152113914501 0.52343070507049572 2.6006428003311162 -0.38902664184570307 4.9818773269653329 -4.7391939163207999
decision_type=2 2 2 2 2 2
left_child=1 3 -3 -1 5 -2
right_child=4 2 -4 -5 -6 -7
leaf_value=-0.013145363263830968 0 -0.0042686928246994946 0.0060759961502960215 0.00079002623411258033 0 0.010139194541873009
leaf_weight=5.4309182878059792 0.38804128010815464 0.98814687335834595 3.1926189783334848 0.48463203625578799 0.37091920257080335 3.8935907940831394
leaf_count=5163 85 399 495 89 46 141
internal_value=-0.000458717 -0.00677771 0.001957 -0.0115922 0.00901413 0.00976885
internal_weight=14.7489 10.0963 4.18077 5.91555 4.65255 4.28163
internal_count=6418 6146 894 5252 272 226
is_linear=0
shrinkage=0.025


Tree=162
num_leaves=7
num_cat=0
split_feature=22 17 7 12 13 25
split_gain=2.11843 1.52162 0.78159 0.471673 0.211979 0.0841977
threshold=0.78722152113914501 0.5706164836883546 5.0708143711090097 2.8749662637710576 2.5990464687347417 -1.4814104437828062
decision_type=2 2 2 2 2 2
left_child=1 2 -1 -3 -2 -6
right_child=4 3 -4 -5 5 -7
leaf_value=-0.013573252727702363 -8.0652297707653227e-06 -0.0031078948432798001 0.0012698750620258124 0.0062942148187326288 0.010292533658779468 0
leaf_weight=5.405829604562312 0.1719602200319067 0.7131430914596425 0.89819141212501552 3.225331916459254 3.8376789238100173 0.43631520139751945
leaf_count=5142 42 235 272 508 128 102
internal_value=-0.000152511 -0.00613317 -0.0112793 0.00310636 0.00891727 0.00976104
internal_weight=14.6885 10.2425 6.30402 3.93848 4.44595 4.27399
internal_count=6429 6157 5414 743 272 230
is_linear=0
shrinkage=0.025


Tree=163
num_leaves=7
num_cat=0
split_feature=22 17 26 5 11 16
split_gain=2.61991 1.49372 0.565834 0.375534 0.305695 0.0616165
threshold=0.75029388070106517 0.64970400929451 -0.38902664184570307 4.0237820148468026 2.2054876089096074 0.5786511003971101
decision_type=2 2 2 2 2 2
left_child=1 2 -1 -3 -2 -6
right_child=4 3 -4 -5 5 -7
leaf_value=-0.013519075059089995 -0.00019873958074714641 0.0057944100629147011 0.00080716573178178327 -0.0026738926497593333 0.011033354153922301 0
leaf_weight=5.684100323211168 0.43988994686515148 2.7941688892315146 0.48089677342795667 0.64111134161066718 4.2875716934358934 0.41794720603502344
leaf_count=5490 66 372 93 222 136 94
internal_value=-9.18424e-05 -0.00710166 -0.0119808 0.00282491 0.00942523 0.0106078
internal_weight=14.7457 9.60028 6.165 3.43528 5.14541 4.70552
internal_count=6473 6177 5583 594 296 230
is_linear=0
shrinkage=0.025


Tree=164
num_leaves=6
num_cat=0
split_feature=21 13 26 22 24
split_gain=1.86939 1.25628 0.55193 0.418778 0.0937285
threshold=0.0042810691520571717 3.7144480943679814 -0.84910276532173146 0.78722152113914501 -4.7590053081512442
decision_type=2 2 2 2 2
left_child=4 3 -3 -2 -1
right_child=1 2 -4 -5 -6
leaf_value=0 -0.0069512961243842 0.01157203793770497 0 0.0021686911705913504 -0.009875108959212054
leaf_weight=0.33618649916024912 2.1507946240453735 5.7296691861483842 2.1877916707599079 1.0492534016302668 3.2856980669166669
leaf_count=26 1541 501 1177 63 3129
internal_value=0 0.00509837 0.00919386 -0.00369977 -0.00932314
internal_weight=14.7394 11.1175 7.91746 3.20005 3.62188
internal_count=6437 3282 1678 1604 3155
is_linear=0
shrinkage=0.025


Tree=165
num_leaves=7
num_cat=0
split_feature=21 6 26 21 15 16
split_gain=2.25106 1.2136 0.701284 0.186048 0.0925747 0.0703193
threshold=0.0042810691520571717 3.190449714660645 -0.88267394900321949 1.7831944823265078 2.9351965188980107 1.3912338018417361
decision_type=2 2 2 2 2 2
left_child=4 2 -2 -3 5 -1
right_child=1 3 -4 -5 -6 -7
leaf_value=-0.010214495453936006 0.012344617527452287 -0.0054827205763107447 0 0.00090395440008514568 0 0
leaf_weight=3.3425825040831132 6.5068395256530476 1.94116350794502 3.1165910850977525 0.49535324057796959 0.1053194623600574 0.20344828495581158
leaf_count=3117 453 1304 1517 21 11 66
internal_value=0.00085939 0.0061896 0.00948363 -0.00360907 -0.00942572 -0.00983409
internal_weight=15.7113 12.0599 9.62343 2.43652 3.65135 3.54603
internal_count=6489 3295 1970 1325 3194 3183
is_linear=0
shrinkage=0.025


Tree=166
num_leaves=6
num_cat=0
split_feature=22 26 5 0 11
split_gain=2.05438 1.43356 0.491695 0.444747 0.280629
threshold=0.78722152113914501 -0.9999369978904723 4.0237820148468026 0.33183918893337255 2.2054876089096074
decision_type=2 2 2 2 2
left_child=1 2 -1 -3 -2
right_child=4 3 -4 -5 -6
leaf_value=0.0070357266327615471 -0.00012079395751884365 0.0006317358247508527 -0.0028035775810949224 -0.011638372353635084 0.010415024872807002
leaf_weight=2.6229190643207398 0.40862110516172911 0.52091828247648564 0.78508511359541433 6.1129487219004659 4.3148083624328137
leaf_count=251 61 122 569 5203 218
internal_value=8.47748e-05 -0.00546375 0.00370645 -0.0102802 0.00926737
internal_weight=14.7653 10.0419 3.408 6.63387 4.72343
internal_count=6424 6145 820 5325 279
is_linear=0
shrinkage=0.025


Tree=167
num_leaves=7
num_cat=0
split_feature=21 6 26 21 15 15
split_gain=1.84737 1.08769 0.431804 0.206538 0.0889689 0.0589707
threshold=0.0042810691520571717 3.190449714660645 -0.79668352007865895 1.7831944823265078 2.9351965188980107 -0.73206302523612965
decision_type=2 2 2 2 2 2
left_child=4 2 -2 -3 5 -1
right_child=1 3 -4 -5 -6 -7
leaf_value=0 0.01056387796542789 -0.0056633785540464929 0 0.0010675342433429796 0 -0.0099147427953493825
leaf_weight=0.23128136152809098 6.5487463793542684 1.9905807430113776 2.1350962135620648 0.47046872071223322 0.10280081890232384 3.2053607023990489
leaf_count=78 810 1299 1116 19 16 3082
internal_value=0 0.00522323 0.00862907 -0.00368586 -0.00914487 -0.00955189
internal_weight=14.6843 11.1449 8.68384 2.46105 3.53944 3.43664
internal_count=6420 3244 1926 1318 3176 3160
is_linear=0
shrinkage=0.025


Tree=168
num_leaves=7
num_cat=0
split_feature=22 17 7 22 11 23
split_gain=2.13344 1.00002 0.740164 0.374711 0.299158 0.103427
threshold=0.7221142351627351 0.52343070507049572 5.0708143711090097 -0.099524945020675645 2.2054876089096074 -4.7391939163207999
decision_type=2 2 2 2 2 2
left_child=1 2 -1 -3 -2 -6
right_child=4 3 -4 -5 5 -7
leaf_value=-0.012788560245957257 -0.00019275971071930017 -0.0031695056983409931 0.0014100400063644812 0.0051029695812268823 0 0.010786013976428128
leaf_weight=4.753065843942748 0.50513637778931375 0.75245848393387893 0.86306544838589605 2.8677771669463255 0.35934648854890827 3.9154912722224253
leaf_count=4983 76 571 261 296 93 144
internal_value=0 -0.006202 -0.0103814 0.00181742 0.0089637 0.0102402
internal_weight=14.0163 9.23637 5.61613 3.62024 4.77997 4.27484
internal_count=6424 6111 5244 867 313 237
is_linear=0
shrinkage=0.025


Tree=169
num_leaves=7
num_cat=0
split_feature=22 17 27 13 13 23
split_gain=2.17685 1.36506 0.636271 0.585914 0.250215 0.0931033
threshold=0.75029388070106517 0.5706164836883546 0.72676369547843944 4.1089906692504892 2.5990464687347417 -4.7391939163207999
decision_type=2 2 2 2 2 2
left_child=1 2 -1 -3 -2 -6
right_child=4 3 -4 -5 5 -7
leaf_value=-0.013547962164354242 -0.00027517094394509839 -0.0037117221053962098 0.0012121663454621207 0.0067000393905776931 0 0.010107170210420385
leaf_weight=5.1247541250122577 0.21403044715407382 1.0799627624073767 0.40665425654151466 2.4602772691141581 0.48064177966443811 3.9174810899494332
leaf_count=5315 53 538 67 214 94 142
internal_value=-0.000474214 -0.00688967 -0.0118091 0.0024785 0.00851411 0.00952569
internal_weight=13.6838 9.07165 5.53141 3.54024 4.61215 4.39812
internal_count=6423 6134 5382 752 289 236
is_linear=0
shrinkage=0.025


Tree=170
num_leaves=6
num_cat=0
split_feature=21 26 13 14 24
split_gain=2.06887 1.07179 0.815797 0.3399 0.0866616
threshold=0.0042810691520571717 -0.88267394900321949 2.220696330070496 0.28304356336593633 -4.7590053081512442
decision_type=2 2 2 2 2
left_child=4 2 -2 -3 -1
right_child=1 3 -4 -5 -6
leaf_value=0 -0.0023252934452205895 0.0018654032528745573 0.011591446051794383 -0.006039133478696764 -0.0096754758347957649
leaf_weight=0.32960924200597252 0.63176832384487891 1.8026089996346848 7.5515818002168089 1.6106903241670805 3.2068339110846873
leaf_count=25 351 1005 989 938 3207
internal_value=0.000724438 0.00595977 0.00956854 -0.00249406 -0.00914632
internal_weight=15.1331 11.5966 8.18335 3.4133 3.53644
internal_count=6515 3283 1340 1943 3232
is_linear=0
shrinkage=0.025


Tree=171
num_leaves=6
num_cat=0
split_feature=21 13 26 21 15
split_gain=2.01906 1.14857 0.505086 0.180244 0.088128
threshold=0.0042810691520571717 3.1536731719970708 -0.88267394900321949 1.7831944823265078 2.9351965188980107
decision_type=2 2 2 2 2
left_child=4 3 -3 -2 -1
right_child=1 2 -4 -5 -6
leaf_value=-0.0097427808267580834 -0.0055927417406502269 0.011574699848022264 0 0.00079766061899035556 0
leaf_weight=3.1728697617072625 1.7584819092953687 6.0365026435683813 3.013818943160004 0.47070507000898931 0.10389659139764251
leaf_count=3230 1137 564 1547 17 16
internal_value=0.000557727 0.00579815 0.00909771 -0.00376041 -0.00933142
internal_weight=14.5563 11.2795 9.05032 2.22919 3.27677
internal_count=6511 3265 2111 1154 3246
is_linear=0
shrinkage=0.025


Tree=172
num_leaves=6
num_cat=0
split_feature=21 6 26 20 15
split_gain=1.78012 1.28532 0.610571 0.115902 0.0862641
threshold=0.0042810691520571717 3.3542866706848149 -0.88267394900321949 0.60961639881134044 2.9351965188980107
decision_type=2 2 2 2 2
left_child=4 2 -2 -3 -1
right_child=1 3 -4 -5 -6
leaf_value=-0.0096904654990527597 0.011389316281719904 -0.0060156805131955883 0 0 0
leaf_weight=3.0971003795566516 6.0116321217355999 1.4968660809099668 2.9517314249023912 0.58154951895994589 0.10539460973086523
leaf_count=3131 500 1112 1593 144 16
internal_value=0 0.00503161 0.00865832 -0.0047939 -0.00928038
internal_weight=14.2443 11.0418 8.96336 2.07842 3.20249
internal_count=6496 3349 2093 1256 3147
is_linear=0
shrinkage=0.025


Tree=173
num_leaves=7
num_cat=0
split_feature=13 25 21 27 22 2
split_gain=1.73072 1.39685 0.509993 0.444755 0.111014 0.0906471
threshold=3.7144480943679814 0.74756243824958812 1.7831944823265078 0.092306349426507964 0.92108449339866649 1.6011350750923159
decision_type=2 2 2 2 2 2
left_child=2 5 4 -3 -1 -2
right_child=1 3 -4 -5 -6 -7
leaf_value=-0.011474388808630298 0 0.0025916415425018325 0.0011503281519989767 -0.0066325315731882509 0 0.010687996307810999
leaf_weight=3.6124145852445517 0.073965519142800917 0.86796456740557948 0.64033042202936474 2.9217980707908282 0.45819880650378753 5.1069536172872176
leaf_count=3206 52 53 28 2591 53 429
internal_value=-0.000582749 0.00489527 -0.00880727 -0.00353638 -0.0108334 0.0103845
internal_weight=13.6816 8.97068 4.71094 3.78976 4.07061 5.18092
internal_count=6412 3125 3287 2644 3259 481
is_linear=0
shrinkage=0.025


Tree=174
num_leaves=7
num_cat=0
split_feature=22 6 27 21 19 27
split_gain=2.34414 1.11512 0.932018 0.0800475 0.0665866 0.0746667
threshold=0.033334886655211456 3.190449714660645 0.2252323776483536 1.7831944823265078 0.34236119687557226 -0.020808053202927109
decision_type=2 2 2 2 2 2
left_child=4 2 -2 -3 5 -1
right_child=1 3 -4 -5 -6 -7
leaf_value=0 0.012231031955479942 -0.0049573258552269702 -0.0013391869160050826 0 0 -0.011105695145967513
leaf_weight=0.25878876305068788 5.9205765682636393 1.5541216911369691 2.1190629179836833 0.21127683256054286 0.27749649387260422 3.730699991698204
leaf_count=98 292 778 781 8 148 4380
internal_value=-0.000279663 0.00568238 0.00903293 -0.00405126 -0.0103282 -0.0107049
internal_weight=14.072 9.80504 8.03964 1.7654 4.26699 3.98949
internal_count=6485 1859 1073 786 4626 4478
is_linear=0
shrinkage=0.025


Tree=175
num_leaves=7
num_cat=0
split_feature=22 26 12 6 11 23
split_gain=1.6328 0.882953 0.435675 0.328675 0.266558 0.0887607
threshold=0.75029388070106517 -1.0081937313079832 5.9152367115020761 4.0995640754699716 2.2054876089096074 -4.2797057628631583
decision_type=2 2 2 2 2 2
left_child=1 3 -3 -1 -2 -6
right_child=4 2 -4 -5 5 -7
leaf_value=0.005489901719435762 -0.00031772722340870892 -0.010931681908937198 0.00029528920707928938 -0.0024888644184193273 0 0.0096564356568223722
leaf_weight=2.0566816498685507 0.46189127021352838 5.376538184907985 1.0933824776002437 0.72667769472172938 0.53392584278481114 3.3981808458775049
leaf_count=186 76 4975 374 587 95 128
internal_value=-0.000107985 -0.00567562 -0.00918783 0.00234315 0.0077318 0.00902563
internal_weight=13.6473 9.25328 6.46992 2.78336 4.394 3.93211
internal_count=6421 6122 5349 773 299 223
is_linear=0
shrinkage=0.025


Tree=176
num_leaves=7
num_cat=0
split_feature=13 27 22 17 14 15
split_gain=1.42814 1.19236 0.551273 0.316743 0.28915 0.15446
threshold=3.7144480943679814 0.2252323776483536 0.87065240740776073 0.065618656575679793 0.10100539773702623 1.2612855434417727
decision_type=2 2 2 2 2 2
left_child=2 3 5 -2 -3 -1
right_child=1 4 -4 -5 -6 -7
leaf_value=-0.010969357657277022 -0.00016376863778407784 0.0018141849445288021 0.0012118030837810368 0.011042312069775 -0.0056357056133377152 0
leaf_weight=3.2233897040641764 0.44531587493838554 0.80998697940958697 1.2005766237343776 4.7930974639748456 2.733236374486296 0.41465027372032626
leaf_count=3081 310 769 87 377 1676 151
internal_value=0 0.00493082 -0.00752769 0.00986448 -0.00313604 -0.0101673
internal_weight=13.6203 8.78164 4.83862 5.23841 3.54322 3.63804
internal_count=6451 3132 3319 687 2445 3232
is_linear=0
shrinkage=0.025


Tree=177
num_leaves=7
num_cat=0
split_feature=27 24 5 27 21 25
split_gain=1.69949 0.946368 0.803262 0.429996 0.141513 0.0945879
threshold=0.10864472761750223 -3.6522214412689205 4.746612787246705 0.72676369547843944 -0.15999218076467511 -0.61149841547012318
decision_type=2 2 2 2 2 2
left_child=2 5 4 -3 -1 -2
right_child=1 3 -4 -5 -6 -7
leaf_value=0 0.0043011251405062198 -0.010832718921673312 -0.0028292199130958364 0.00080624308996021755 0.010726579112877575 -0.00023859688862564604
leaf_weight=0.12914250047469966 1.6289909874103612 5.776004762206866 0.76397965654905409 0.48092161047679827 4.8630368179510706 0.28248345026076904
leaf_count=141 101 5194 442 90 401 101
internal_value=0 -0.00598499 0.0074093 -0.00942215 0.0102333 0.00303868
internal_weight=13.9246 8.1684 5.75616 6.25693 4.99218 1.91147
internal_count=6470 5486 984 5284 542 202
is_linear=0
shrinkage=0.025


Tree=178
num_leaves=7
num_cat=0
split_feature=27 5 25 21 18 6
split_gain=2.38091 1.30479 0.464391 0.109743 0.10915 0.0774735
threshold=0.16882523149251941 4.0397942066192636 -4.2557942867279044 0.0042810691520571717 1.1788150072097781 3.5513194799423222
decision_type=2 2 2 2 2 2
left_child=1 3 -2 -1 -4 -3
right_child=2 5 4 -5 -6 -7
leaf_value=0 0.00057599792631146327 0 -0.012013161772810739 0.010854208948957268 0 -0.0053424741349320367
leaf_weight=0.46165209448372468 0.69998356830910768 0.2175297297653741 4.9879582827197737 5.17412490418792 0.12073120145942073 1.3460477330445426
leaf_count=302 45 14 4591 526 5 976
internal_value=-0.00156416 0.0060551 -0.0100184 0.0103078 -0.0116552 -0.00449654
internal_weight=13.008 7.19935 5.80867 5.63578 5.10869 1.56358
internal_count=6459 1818 4641 828 4596 990
is_linear=0
shrinkage=0.025


Tree=179
num_leaves=6
num_cat=0
split_feature=21 6 26 25 15
split_gain=1.56913 1.07283 0.765139 0.0903153 0.0818434
threshold=0.0042810691520571717 3.3542866706848149 -0.88267394900321949 -4.5818357467651358 2.9351965188980107
decision_type=2 2 2 2 2
left_child=4 2 -2 -3 -1
right_child=1 3 -4 -5 -6
leaf_value=-0.0093791647411109163 0.011134646157433759 0 -0.00077424925510280094 -0.0054338642651242438 0
leaf_weight=2.9672024504106971 5.8282137263086016 0.59292815685330413 2.68720078648039 1.4035742058476888 0.10051101651333727
leaf_count=3164 504 55 1586 1151 14
internal_value=0 0.0046193 0.00801799 -0.00435393 -0.00897399
internal_weight=13.5796 10.5119 8.51541 1.9965 3.06771
internal_count=6474 3296 2090 1206 3178
is_linear=0
shrinkage=0.025


Tree=180
num_leaves=7
num_cat=0
split_feature=26 5 26 22 19 6
split_gain=1.70575 1.14329 0.515536 0.244183 0.20001 0.087791
threshold=-0.9357011318206786 4.0397942066192636 -0.38902664184570307 -0.099524945020675645 0.54007327556610119 3.5513194799423222
decision_type=2 2 2 2 2 2
left_child=1 3 4 -1 -2 -3
right_child=2 5 -4 -5 -6 -7
leaf_value=0 -0.010290871610003322 0 0.0016603674045279364 0.01094835381313942 0 -0.0050055375649769628
leaf_weight=0.44148705849511305 4.7249223069884465 0.25385749994893547 0.66073106067778997 5.2873863108834485 0.66201843717863074 1.2558676639819166
leaf_count=444 4409 11 109 399 140 936
internal_value=0 0.00618261 -0.00735896 0.0100354 -0.00933367 -0.00395594
internal_weight=13.2863 7.2386 6.04767 5.72887 5.38694 1.50973
internal_count=6448 1790 4658 843 4549 947
is_linear=0
shrinkage=0.025


Tree=181
num_leaves=6
num_cat=0
split_feature=22 17 7 24 11
split_gain=1.50413 1.27975 0.744339 0.485537 0.289689
threshold=0.75029388070106517 0.52343070507049572 5.0708143711090097 0.1963445991277695 2.2054876089096074
decision_type=2 2 2 2 2
left_child=1 2 -1 -3 -2
right_child=4 3 -4 -5 -6
leaf_value=-0.012676741699289985 -0.00051853044470111427 0.0062762378934534298 0.0015254742351427499 -0.0031907316580910335 0.0093461445326958291
leaf_weight=4.3667616504171729 0.30395690471050407 3.3558462256551138 0.82211400069354557 0.77394460260256881 3.946854179019283
leaf_count=4982 70 284 275 594 228
internal_value=0 -0.00485998 -0.0101688 0.00304171 0.00806614
internal_weight=13.5695 9.31867 5.18888 4.12979 4.25081
internal_count=6433 6135 5257 878 298
is_linear=0
shrinkage=0.025


Tree=182
num_leaves=7
num_cat=0
split_feature=21 22 27 12 20 17
split_gain=1.76792 0.943176 0.435539 0.306482 0.210617 0.06489
threshold=0.97342437505722057 0.75029388070106517 0.72676369547843944 2.8749662637710576 1.3875110149383547 -0.26949732005596155
decision_type=2 2 2 2 2 2
left_child=1 2 -1 -2 -5 -3
right_child=3 5 -4 4 -6 -7
leaf_value=-0.01093922826668463 -0.00059049243884750312 0 0.00079905255304004808 0.0099605556540216592 0 0.0039488593328573527
leaf_weight=6.1733753961452731 0.4891353041748524 0.29697087412932877 0.48343332779768378 3.9473821164283436 0.49722207835293364 1.4773091756651409
leaf_count=5837 82 49 95 215 112 92
internal_value=-0.000209613 -0.00633684 -0.00957351 0.00755115 0.00894717 0.00298716
internal_weight=13.3648 8.43109 6.65681 4.93374 4.4446 1.77428
internal_count=6482 6073 5932 409 327 141
is_linear=0
shrinkage=0.025


Tree=183
num_leaves=7
num_cat=0
split_feature=22 26 12 5 6 16
split_gain=1.65923 1.13419 0.485466 0.37776 0.198293 0.0356946
threshold=0.75029388070106517 -1.0081937313079832 5.9152367115020761 4.0237820148468026 3.5796792507171635 0.55418094992637645
decision_type=2 2 2 2 2 2
left_child=1 3 -3 -1 5 -2
right_child=4 2 -4 -5 -6 -7
leaf_value=0.0062210565952532902 0.0095456971844553942 -0.011500674553828846 0.00040770811889993819 -0.0024256058194475003 0 0
leaf_weight=2.331201784239965 3.6386404272707304 5.02694224762672 1.0705752946087157 0.70008944784058247 0.38816619929275464 0.37040026151225891
leaf_count=215 128 5036 370 557 74 97
internal_value=0 -0.00529485 -0.00960499 0.00317902 0.00825848 0.00921399
internal_weight=13.526 9.12881 6.09752 3.03129 4.39721 4.00904
internal_count=6477 6178 5406 772 299 225
is_linear=0
shrinkage=0.025


Tree=184
num_leaves=5
num_cat=0
split_feature=22 26 5 22
split_gain=1.9149 0.925266 0.810796 0.186677
threshold=0.033334886655211456 -0.89381685853004444 4.0397942066192636 0.78722152113914501
decision_type=2 2 2 2
left_child=-1 2 -2 -3
right_child=1 3 -4 -5
leaf_value=-0.010453310260549077 0.010860555745263309 -0.005518329681169846 -0.0025480133898994166 0.00075565030521835739
leaf_weight=3.878944588053856 5.4021974663919536 1.5609480174680341 0.77241670309740573 0.93720080200000655
leaf_count=4632 398 901 400 128
internal_value=-0.0014966 0.00440997 0.00823433 -0.00339671
internal_weight=12.5517 8.67276 6.17461 2.49815
internal_count=6459 1827 798 1029
is_linear=0
shrinkage=0.025


Tree=185
num_leaves=6
num_cat=0
split_feature=22 6 26 1 20
split_gain=1.91293 1.12789 0.835555 0.254987 0.119207
threshold=0.033334886655211456 2.9649147987365727 -0.84910276532173146 6.4247455596923837 -0.70819541811943043
decision_type=2 2 2 2 2
left_child=3 2 -2 -1 -3
right_child=1 4 -4 -5 -6
leaf_value=-0.010715664277998773 0.011767640893640416 4.1580838410446007e-05 -0.0013493729653954315 3.5178882226663069e-05 -0.0054645733915192679
leaf_weight=3.554771348673968 5.60135963986977 0.54638397067901712 1.8543722219546888 0.27318739111797175 1.5382645709614733
leaf_count=4478 296 45 708 35 827
internal_value=-0.000284667 0.00507247 0.00877137 -0.00965507 -0.00412839
internal_weight=13.3683 9.54038 7.45573 3.82796 2.08465
internal_count=6389 1876 1004 4513 872
is_linear=0
shrinkage=0.025


Tree=186
num_leaves=7
num_cat=0
split_feature=27 13 13 14 22 21
split_gain=1.3382 1.01868 0.468225 0.280722 0.225882 0.18482
threshold=0.16680668294429782 3.1040562391281132 5.4501395225524911 0.28304356336593633 0.75029388070106517 1.7831944823265078
decision_type=2 2 2 2 2 2
left_child=1 5 4 -4 -2 -1
right_child=2 -3 3 -5 -6 -7
leaf_value=-0.0054153777872887159 -0.0100791439077087 0.0097551197495444573 0.004667183090535096 -0.0028932519925879085 0 0.00099200064519367847
leaf_weight=1.4348376534180713 3.7339442289958242 4.8379239598361892 1.0926954008391474 0.68536529314587813 0.52031217963667575 0.4266065225820056
leaf_count=1148 4003 620 317 312 76 10
internal_value=0 0.0056846 -0.00644536 0.000846338 -0.00897898 -0.00338324
internal_weight=12.7317 6.69937 6.03232 1.77806 4.25426 1.86144
internal_count=6486 1778 4708 629 4079 1158
is_linear=0
shrinkage=0.025


Tree=187
num_leaves=7
num_cat=0
split_feature=21 27 6 27 12 20
split_gain=1.64521 0.446558 0.500261 0.431071 0.264926 0.203123
threshold=0.94285640120506298 0.13103462755680087 3.0476137399673466 0.72676369547843944 2.8749662637710576 1.3875110149383547
decision_type=2 2 2 2 2 2
left_child=1 2 -1 -3 -2 -6
right_child=4 3 -4 -5 5 -7
leaf_value=0.0052272950071743009 -0.00040673232075948899 -0.010411271331385079 -0.0045260992816785047 0.00098341629962948938 0.0096201765545905274 0
leaf_weight=1.8295185874376314 0.46142541416338723 4.5807805603908491 1.167457508650841 0.45104458265996061 3.9087938634984312 0.47032952024892427
leaf_count=123 91 4866 990 85 215 117
internal_value=-9.45193e-05 -0.00616727 0.000191995 -0.00878579 0.00735864 0.00862388
internal_weight=12.8694 8.0288 2.99698 5.03183 4.84055 4.37912
internal_count=6487 6064 1113 4951 423 332
is_linear=0
shrinkage=0.025


Tree=188
num_leaves=7
num_cat=0
split_feature=25 13 26 27 2 21
split_gain=1.27093 1.22573 0.479672 0.457445 0.090191 0.0887315
threshold=0.74756243824958812 3.1717847585678105 -1.0396567583084104 0.72676369547843944 1.6447262763977053 1.3755028247833254
decision_type=2 2 2 2 2 2
left_child=1 5 -2 -4 -3 -1
right_child=2 4 3 -5 -6 -7
leaf_value=-0.0054480540930553992 0.0011887646083480637 0 -0.011193023611264889 0.00092829291644805638 0.0096445497098326706 0
leaf_weight=1.6593835087624031 1.0101267293284761 0.081934867928794008 3.8309873996913666 0.454197056533303 5.1789552086556796 0.47553757578134526
leaf_count=932 293 59 4425 91 658 40
internal_value=-0.000588083 0.00463736 -0.00720112 -0.0094271 0.00931563 -0.00446435
internal_weight=12.6911 7.39581 5.29531 4.28518 5.26089 2.13492
internal_count=6498 1689 4809 4516 717 972
is_linear=0
shrinkage=0.025


Tree=189
num_leaves=7
num_cat=0
split_feature=22 17 7 5 25 13
split_gain=1.63467 1.10099 0.699295 0.345991 0.22094 0.175796
threshold=0.7221142351627351 0.71312040090560924 5.0708143711090097 3.6611475944519047 -0.61149841547012318 2.9677381515502934
decision_type=2 2 2 2 2 2
left_child=1 2 -1 -3 5 -2
right_child=4 3 -4 -5 -6 -7
leaf_value=-0.012275488115861662 0 0.0059348513764641321 0.0014274878434013736 -0.0023730234741386859 -7.9733310897800089e-05 0.0098174589144345448
leaf_weight=4.82595494083216 0.33300352375954423 2.1991086364723746 0.82908760232385237 0.6025503168493741 0.35507508082082573 3.6465136976985377
leaf_count=5360 59 221 283 246 110 151
internal_value=0 -0.00569358 -0.00995279 0.00297125 0.00791947 0.00897621
internal_weight=12.7913 8.4567 5.65504 2.80166 4.33459 3.97952
internal_count=6430 6110 5643 467 320 210
is_linear=0
shrinkage=0.025


Tree=190
num_leaves=6
num_cat=0
split_feature=21 13 26 21 15
split_gain=1.46796 0.940229 0.467364 0.176598 0.0720089
threshold=0.0042810691520571717 3.1536731719970708 -0.88419196009635914 1.3755028247833254 2.9351965188980107
decision_type=2 2 2 2 2
left_child=4 3 -3 -2 -1
right_child=1 2 -4 -5 -6
leaf_value=-0.0090255368489780934 -0.0057618065016158092 0.010321311215791176 0 0.00061056835317447981 0
leaf_weight=2.8142504786374061 1.2978384230300415 5.3712706176447673 2.5849982260551778 0.69756351877003897 0.094349481973040272
leaf_count=3181 1069 575 1550 55 15
internal_value=0 0.00466892 0.00792021 -0.00379652 -0.00864857
internal_weight=12.8603 9.95167 7.95627 1.9954 2.9086
internal_count=6445 3249 2125 1124 3196
is_linear=0
shrinkage=0.025


Tree=191
num_leaves=7
num_cat=0
split_feature=25 13 17 25 19 16
split_gain=1.6417 1.12028 0.504461 0.262357 0.107375 0.0924237
threshold=0.48660917580127722 2.9677381515502934 1.1572020649909975 5.2771704196929941 -0.42811937630176539 -1.1504657268524168
decision_type=2 2 2 2 2 2
left_child=1 5 3 -2 -3 -1
right_child=2 4 -4 -5 -6 -7
leaf_value=0 -0.011053956516380879 0 0.001347677660139766 0 0.0099936623105113236 -0.0051343149015264065
leaf_weight=0.42452592479821749 3.8641433647935628 0.1037807511165737 0.79484432862955134 0.77347382609877957 5.7461309702484868 1.2109973351325605
leaf_count=29 4361 87 72 488 656 758
internal_value=-0.000116819 0.00574395 -0.00767401 -0.00976574 0.00962978 -0.00399616
internal_weight=12.9179 7.48543 5.43246 4.63762 5.84991 1.63552
internal_count=6451 1530 4921 4849 743 787
is_linear=0
shrinkage=0.025


Tree=192
num_leaves=6
num_cat=0
split_feature=6 26 24 22 21
split_gain=1.47975 1.09491 0.327376 0.268031 0.125082
threshold=3.3542866706848149 -0.88267394900321949 0.45376531779766088 0.78722152113914501 1.7831944823265078
decision_type=2 2 2 2 2
left_child=1 2 -1 -3 -2
right_child=4 3 -4 -5 -6
leaf_value=0.0107383103030202 -0.0088786926056443616 -0.0050068156096240539 -0.00042593612409529309 0.0018971631312495393 0
leaf_weight=5.6724006181611903 2.7010135768432533 3.0273297599414937 0.28903366644954065 1.0554275260801658 0.2372597733628935
leaf_count=475 2532 2910 388 116 17
internal_value=0.00035318 0.00514468 0.00967946 -0.00247207 -0.00816254
internal_weight=12.9825 10.0442 5.96143 4.08276 2.93827
internal_count=6438 3889 863 3026 2549
is_linear=0
shrinkage=0.025


Tree=193
num_leaves=7
num_cat=0
split_feature=21 19 7 13 13 20
split_gain=1.43478 0.94079 0.675432 0.38924 0.32442 0.217527
threshold=0.94285640120506298 0.20129314064979556 5.0708143711090097 2.9677381515502934 2.220696330070496 1.3875110149383547
decision_type=2 2 2 2 2 2
left_child=1 2 -1 -3 -2 -6
right_child=4 3 -4 -5 5 -7
leaf_value=-0.011875953465361086 -0.0008025492389646153 -0.0028443643962631736 0.0015232188828443963 0.0057291399527545231 0.010062770857807426 0
leaf_weight=3.882026176353973 0.31432151590706858 0.74968667364737518 0.79997284067940189 2.5811201075994177 4.1496070281791617 0.38901653398352198
leaf_count=4887 85 434 265 432 220 124
internal_value=0.000377963 -0.00486588 -0.0093367 0.00250025 0.00774605 0.00910366
internal_weight=12.8658 8.01281 4.682 3.33081 4.85295 4.53862
internal_count=6447 6018 5152 866 429 344
is_linear=0
shrinkage=0.025


Tree=194
num_leaves=7
num_cat=0
split_feature=26 6 26 18 24 26
split_gain=1.21092 1.05179 0.501405 0.241322 0.238251 0.0567939
threshold=-0.9318101406097411 4.0995640754699716 -0.38902664184570307 0.46228502690792089 0.45376531779766088 -0.36093486845493311
decision_type=2 2 2 2 2 2
left_child=1 4 3 -2 -1 -4
right_child=2 -3 5 -5 -6 -7
leaf_value=0.0097147045934682236 -0.010238643097715782 -0.0045928610495725121 0.0031597218341740396 0 -0.00012555885087018256 -0.00011718121372556757
leaf_weight=5.1036205791024258 3.8616481477729394 1.1838013490050796 0.39732536046358291 1.028835804776463 0.24262682039261552 0.22858632037241466
leaf_count=445 4170 983 27 266 413 79
internal_value=-0.000495256 0.0049084 -0.0067786 -0.00886992 0.00881918 0.0018115
internal_weight=12.0464 6.53005 5.5164 4.89048 5.34625 0.625912
internal_count=6383 1841 4542 4436 858 106
is_linear=0
shrinkage=0.025


Tree=195
num_leaves=7
num_cat=0
split_feature=21 19 6 13 26 24
split_gain=1.60006 1.61951 0.502113 0.296482 0.134573 0.0327774
threshold=0.97342437505722057 0.20129314064979556 3.5513194799423222 2.220696330070496 -0.80622163414955128 -3.5456136465072627
decision_type=2 2 2 2 2 2
left_child=1 5 -3 -2 -5 -1
right_child=3 2 -4 4 -6 -7
leaf_value=0 -0.00078696818939049155 0.0067120079390662092 -0.0030999625243077109 0.0092964222229676239 0 -0.012497077208562761
leaf_weight=0.060632173786871024 0.31114671617979173 2.7790670340691581 0.77305058631463897 3.6759061373450095 0.52016136731253926 4.3524624242709251
leaf_count=13 83 370 486 179 131 5172
internal_value=-0.000460874 -0.00633346 0.00328187 0.00713269 0.00850817 -0.0123691
internal_weight=12.4724 7.96521 3.55212 4.50721 4.19607 4.41309
internal_count=6434 6041 856 393 310 5185
is_linear=0
shrinkage=0.025


Tree=196
num_leaves=6
num_cat=0
split_feature=22 17 2 5 6
split_gain=1.17892 0.995466 0.562504 0.293916 0.213424
threshold=0.78722152113914501 0.78811946511268627 1.0000000180025095e-35 3.6611475944519047 3.4437289237976079
decision_type=2 2 2 2 2
left_child=1 2 -1 -3 -2
right_child=4 3 -4 -5 -6
leaf_value=0.00087183385953350202 0.0074086064166279794 0.0056067438685937741 -0.011763335396744352 -0.0021091143568064239 -0.00046771280057640742
leaf_weight=0.89514880568458277 3.0483837783904177 1.9304879209012145 4.8433913664994179 0.53128301860851923 0.31843653344549228
leaf_count=191 191 145 5556 194 78
internal_value=-0.00121146 -0.00584912 -0.00972213 0.00280649 0.00608234
internal_weight=11.5671 8.20031 5.73854 2.46177 3.36682
internal_count=6355 6086 5747 339 269
is_linear=0
shrinkage=0.025


Tree=197
num_leaves=7
num_cat=0
split_feature=21 19 26 13 5 20
split_gain=1.13907 1.08941 0.54067 0.349512 0.269511 0.259062
threshold=0.94285640120506298 0.28302469849586492 -0.38902664184570307 2.9677381515502934 4.0619351863861093 1.2703143954277041
decision_type=2 2 2 2 2 2
left_child=1 2 -1 -3 5 -2
right_child=4 3 -4 -5 -6 -7
leaf_value=-0.0121985302526753 0.0087327637326146644 -0.002534502124166063 0.0011053588561321136 0.0056776538884574512 -0.00093972482164638197 -0.00040611845876788611
leaf_weight=4.0590117153478786 3.5055772593041188 0.66544107999652657 0.43493605224648479 2.43484310630447 0.31378891802160058 0.38448582337150572
leaf_count=5238 208 357 86 281 80 133
internal_value=-0.000568441 -0.00558952 -0.0103486 0.00266699 0.00593197 0.00740607
internal_weight=11.7981 7.59423 4.49395 3.10028 4.20385 3.89006
internal_count=6383 5962 5324 638 421 341
is_linear=0
shrinkage=0.025


Tree=198
num_leaves=6
num_cat=0
split_feature=21 6 26 21 24
split_gain=1.2383 0.864748 0.30897 0.17882 0.0732934
threshold=0.0042810691520571717 3.2804559469223027 -0.79668352007865895 1.7831944823265078 -4.7590053081512442
decision_type=2 2 2 2 2
left_child=4 2 -2 -3 -1
right_child=1 3 -4 -5 -6
leaf_value=0 0.0094754261933245841 -0.0053893738620613548 0 0.00090508929986331537 -0.0080621360121294477
leaf_weight=0.28523021479486521 5.9504415863266322 1.5742999853318909 1.995923008507815 0.4528296097414567 2.5123467437952067
leaf_count=21 851 1248 1136 19 3135
internal_value=0.00031798 0.00471766 0.00781191 -0.00345035 -0.00753298
internal_weight=12.7711 9.97349 7.94636 2.02713 2.79758
internal_count=6410 3254 1987 1267 3156
is_linear=0
shrinkage=0.025


Tree=199
num_leaves=7
num_cat=0
split_feature=22 13 26 11 21 25
split_gain=1.25369 0.78987 0.296865 0.190418 0.135631 0.0205651
threshold=0.78722152113914501 4.2883481979370126 -0.88267394900321949 2.2054876089096074 1.2945517897605898 -0.90327578783035267
decision_type=2 2 2 2 2 2
left_child=1 4 -3 -2 -1 -5
right_child=3 2 -4 5 -6 -7
leaf_value=-0.010599010892007434 -9.6988288269357671e-05 0.0047377855641006182 -0.0024160679858746732 0.0080848745705598916 0 0
leaf_weight=3.6629488758371718 0.40805355750490102 2.1048147614419581 1.7933006163693788 2.8402756166033223 0.52503459321451362 0.37792368247028152
leaf_count=4128 62 308 1608 119 62 84
internal_value=-0.000571202 -0.00558608 0.00123599 0.00664296 -0.00983328 0.00779713
internal_weight=11.7124 8.0861 3.89812 3.62625 4.18798 3.2182
internal_count=6371 6106 1916 265 4190 203
is_linear=0
shrinkage=0.025


Tree=200
num_leaves=6
num_cat=0
split_feature=13 25 27 19 25
split_gain=1.32943 1.14036 0.527145 0.113905 0.0672663
threshold=3.1717847585678105 0.74756243824958812 0.092306349426507964 -0.42811937630176539 -4.5818357467651358
decision_type=2 2 2 2 2
left_child=4 3 -3 -2 -1
right_child=1 2 -4 -5 -6
leaf_value=0 0 0.0033158609460378786 -0.0064557236390291083 0.010156175757343452 -0.0085032907925568415
leaf_weight=0.66820771554193958 0.10578761966462469 1.0896208925842072 2.9256407819921151 5.2709067644354928 2.326838076365676
leaf_count=78 86 83 3223 620 2330
internal_value=9.17902e-05 0.00488408 -0.0027424 0.00975888 -0.00781053
internal_weight=12.387 9.39196 4.01526 5.37669 2.99505
internal_count=6420 4012 3306 706 2408
is_linear=0
shrinkage=0.025


Tree=201
num_leaves=7
num_cat=0
split_feature=21 19 12 23 24 16
split_gain=1.4874 1.29239 0.288627 0.186244 0.182175 0.0856387
threshold=0.94285640120506298 0.49783010780811315 2.8749662637710576 -4.188002109527587 -3.5456136465072627 -0.20073484629392621
decision_type=2 2 2 2 2 2
left_child=1 4 -2 -4 -1 -3
right_child=2 5 3 -5 -6 -7
leaf_value=0 -0.0010477847767328843 -6.6992115556889075e-05 0 0.0085837592247965232 -0.012394110089677753 0.0042874039036759131
leaf_weight=0.39720646663045034 0.34989221522118885 0.30408481333142878 0.55551552885299349 3.3656645280061639 4.7808659845977672 1.8623134697409112
leaf_count=47 89 98 135 199 5683 219
internal_value=-0.00172349 -0.00727597 0.00592502 0.00748632 -0.0116804 0.00318377
internal_weight=11.6155 7.34447 4.27107 3.92118 5.17807 2.1664
internal_count=6470 6047 423 334 5730 317
is_linear=0
shrinkage=0.025


Tree=202
num_leaves=7
num_cat=0
split_feature=17 22 7 24 3 5
split_gain=1.14381 0.847852 0.659901 0.591987 0.299951 0.16594
threshold=0.48624041676521307 0.7221142351627351 5.0708143711090097 0.45376531779766088 1.0983543992042544 3.9173800945281987
decision_type=2 2 2 2 2 2
left_child=1 2 -1 4 -2 -3
right_child=3 5 -4 -5 -6 -7
leaf_value=-0.011393676878975951 -0.00044888703212790502 0.0049433636932521832 0.0016457785164000613 -0.0024039704158174335 0.0099097555055472995 -0.001035521839455545
leaf_weight=3.6905101320189715 0.28918146432260972 1.728940852743108 0.78455596051207965 0.63424252664481162 4.9261957392154727 0.27117577489116218
leaf_count=4888 106 84 262 629 378 87
internal_value=0.00047653 -0.00483143 -0.00878588 0.00644699 0.00878498 0.00307926
internal_weight=12.3248 6.47518 4.47507 5.84962 5.21538 2.00012
internal_count=6434 5321 5150 1113 484 171
is_linear=0
shrinkage=0.025


Tree=203
num_leaves=7
num_cat=0
split_feature=27 13 19 27 22 8
split_gain=1.2534 0.667818 0.36027 0.436884 0.219016 0.0472119
threshold=0.17022262513637546 2.220696330070496 0.54007327556610119 0.72676369547843944 -0.099524945020675645 2.9516937732696538
decision_type=2 2 2 2 2 2
left_child=1 -1 3 -2 -3 -4
right_child=2 4 5 -5 -6 -7
leaf_value=-0.0030903332851621402 -0.010305434844916668 0 -0.00049002369035530474 0.0010814847811265191 0.0090209100462273518 0.0023657753519538997
leaf_weight=0.85582284506381245 3.9860561809000501 0.4465732930912053 0.20734834884206055 0.43304431244905561 5.0283987268994679 0.72738775642937981
leaf_count=668 4452 573 109 94 590 31
internal_value=-0.000193603 0.00529542 -0.0067107 -0.00854428 0.00805231 0.000800034
internal_weight=11.6846 6.33079 5.35384 4.4191 5.47497 0.934736
internal_count=6517 1831 4686 4546 1163 140
is_linear=0
shrinkage=0.025


Tree=204
num_leaves=7
num_cat=0
split_feature=6 25 7 27 13 21
split_gain=1.29944 1.28948 0.331172 0.0839129 0.0442855 0.0278129
threshold=3.0701851844787602 0.74756243824958812 5.0708143711090097 0.31404937803745275 4.0124621391296396 1.7831944823265078
decision_type=2 2 2 2 2 2
left_child=1 3 -3 -1 5 -2
right_child=4 2 -4 -5 -6 -7
leaf_value=0.0099908229093894317 -0.0090328925587317768 -0.0066072935179272881 0.0016782271899774038 0 0 0
leaf_weight=4.4932308339411957 2.790036323629467 2.5042732390429596 0.76901909468870133 0.53310755018901534 0.1762227153230923 0.25894471706124012
leaf_count=333 2789 2706 260 235 121 24
internal_value=-0.000521046 0.00412304 -0.00406745 0.00944873 -0.00847336 -0.00876405
internal_weight=11.5248 8.29963 3.27329 5.02634 3.2252 3.04898
internal_count=6468 3534 2966 568 2934 2813
is_linear=0
shrinkage=0.025


Tree=205
num_leaves=7
num_cat=0
split_feature=27 5 19 0 24 24
split_gain=1.03085 0.888405 0.400162 0.378735 0.287776 0.0867188
threshold=0.17022262513637546 4.0397942066192636 0.54007327556610119 0.33183918893337255 0.45376531779766088 -5.4155149459838858
decision_type=2 2 2 2 2 2
left_child=1 4 3 -2 -1 -3
right_child=2 5 -4 -5 -6 -7
leaf_value=0.010482822362862682 0.0011959788329813311 4.5811538410859258e-05 0.00168677479463988 -0.0088128819750936584 -0.00027318408118432407 -0.0043582191257151874
leaf_weight=4.8572099967532267 0.42561054547695665 0.43844755640020583 1.0867448943608904 4.0685277976081125 0.26476274960805302 1.1168571585767493
leaf_count=416 122 22 143 4381 430 965
internal_value=0.000713847 0.00592892 -0.00478826 -0.00707604 0.00944906 -0.00307529
internal_weight=12.2582 6.67728 5.58088 4.49414 5.12197 1.5553
internal_count=6479 1833 4646 4503 846 987
is_linear=0
shrinkage=0.025


Tree=206
num_leaves=7
num_cat=0
split_feature=21 19 7 6 13 20
split_gain=1.09515 0.740801 0.648169 0.353774 0.270507 0.195014
threshold=0.94285640120506298 0.20129314064979556 5.0708143711090097 3.2106449604034428 2.220696330070496 1.3875110149383547
decision_type=2 2 2 2 2 2
left_child=1 2 -1 -3 -2 -6
right_child=4 3 -4 -5 5 -7
leaf_value=-0.0112248950229639 -0.00075852080769954477 0.0054433154227122903 0.0016649854041176149 -0.0026933866719628281 0.0089884591693422805 0
leaf_weight=3.6207118139172962 0.31082345903269004 2.1641832600944331 0.77024499178514805 0.95580148979206558 3.712534809288627 0.4946263832898693
leaf_count=4934 81 304 264 566 212 113
internal_value=0 -0.00463223 -0.00861565 0.00205735 0.0066112 0.00795073
internal_weight=12.0289 7.51094 4.39096 3.11998 4.51798 4.20716
internal_count=6474 6068 5198 870 406 325
is_linear=0
shrinkage=0.025


Tree=207
num_leaves=7
num_cat=0
split_feature=22 17 7 11 11 23
split_gain=1.25311 0.937773 0.717429 0.325214 0.181528 0.095898
threshold=0.75029388070106517 0.5706164836883546 5.0708143711090097 4.0202670097351083 2.2054876089096074 -4.8647899627685538
decision_type=2 2 2 2 2 2
left_child=1 2 -1 -3 -2 -6
right_child=4 3 -4 -5 5 -7
leaf_value=-0.011690309690705834 0 -0.0021041364994697624 0.0018542561464465061 0.0057334488443108933 0 0.0092137635552192853
leaf_weight=3.8632789292751113 0.41861267469357688 1.0290152409797886 0.744172217666346 2.2619074925460154 0.36336822459270512 3.2373074252973311
leaf_count=5158 63 417 273 312 85 136
internal_value=0.000287153 -0.00447835 -0.00902563 0.00273792 0.00763601 0.00862195
internal_weight=11.9177 7.89837 4.60745 3.29092 4.01929 3.60068
internal_count=6444 6160 5431 729 284 221
is_linear=0
shrinkage=0.025


Tree=208
num_leaves=7
num_cat=0
split_feature=26 5 26 18 24 6
split_gain=1.16885 0.908713 0.305675 0.266246 0.25483 0.0724902
threshold=-0.9318101406097411 4.0397942066192636 -0.38902664184570307 0.53299450874328624 0.45376531779766088 3.5513194799423222
decision_type=2 2 2 2 2 2
left_child=1 4 3 -2 -1 -3
right_child=2 5 -4 -5 -6 -7
leaf_value=0.0096576715623078527 -0.0097113171818044054 0 0.00081055591516204914 0 -0.00023974735762135251 -0.0047218420135339591
leaf_weight=4.7803071607631864 3.5669146867694508 0.23433591138746113 0.48049499558692321 0.85837081394856785 0.25546841613322602 1.173909983528574
leaf_count=436 4278 13 107 183 448 969
internal_value=-0.000272152 0.00492559 -0.00677061 -0.0082502 0.00866351 -0.00379611
internal_weight=11.3498 6.44402 4.90578 4.42529 5.03578 1.40825
internal_count=6434 1866 4568 4461 884 982
is_linear=0
shrinkage=0.025


Tree=209
num_leaves=7
num_cat=0
split_feature=25 6 27 27 19 21
split_gain=1.27371 1.29754 0.395107 0.228791 0.0738531 0.0574204
threshold=0.48660917580127722 3.190449714660645 0.72676369547843944 0.074448272585868849 -0.18970216810703275 1.7831944823265078
decision_type=2 2 2 2 2 2
left_child=1 4 3 -2 -1 -3
right_child=2 5 -4 -5 -6 -7
leaf_value=0 0 -0.0054916278497855872 0.0012455541190490259 -0.010306121182864475 0.010069831475531118 0
leaf_weight=0.45048635305283813 0.79018946255382605 1.5054227448163144 0.4060831713140941 3.3844283428661583 4.71754783034703 0.23162337142275635
leaf_count=156 328 997 84 4468 393 16
internal_value=-0.000301606 0.0049232 -0.00728896 -0.00902674 0.0096109 -0.00487793
internal_weight=11.4858 6.90508 4.5807 4.17462 5.16803 1.73705
internal_count=6442 1562 4880 4796 549 1013
is_linear=0
shrinkage=0.025


Tree=210
num_leaves=6
num_cat=0
split_feature=21 13 26 21 15
split_gain=1.06874 0.774184 0.389245 0.156123 0.045042
threshold=0.0042810691520571717 3.4484940767288212 -0.80622163414955128 1.3755028247833254 -0.73206302523612965
decision_type=2 2 2 2 2
left_child=4 3 -3 -2 -1
right_child=1 2 -4 -5 -6
leaf_value=0 -0.0050790572152531214 0.0094355052924297508 -0.0002426080057626691 0.00068175381598376396 -0.0077703478601802052
leaf_weight=0.18370866957047871 1.4715620095012112 5.2097709121335347 1.5479925587751502 0.70305513303173928 2.3186437689073509
leaf_count=79 1303 795 1125 56 3101
internal_value=0 0.00427166 0.00752658 -0.0031683 -0.00742614
internal_weight=11.4347 8.93238 6.75776 2.17462 2.50235
internal_count=6459 3279 1920 1359 3180
is_linear=0
shrinkage=0.025


Tree=211
num_leaves=5
num_cat=0
split_feature=13 27 14 21
split_gain=1.2389 1.03428 0.284188 0.138826
threshold=2.9677381515502934 0.17022262513637546 0.32966649532318121 0.0042810691520571717
decision_type=2 2 2 2
left_child=-1 3 -3 -2
right_child=1 2 -4 -5
leaf_value=-0.0086792781690672709 0 0.0010668768606506443 -0.0059687844385887916 0.0097099734730556192
leaf_weight=2.340054728258111 0.26415777070360302 2.6470832201084704 1.7224607824100528 4.3778728546967614
leaf_count=2146 276 2395 1214 426
internal_value=-0.00010627 0.00397662 -0.00274468 0.00909405
internal_weight=11.3516 9.01157 4.36954 4.64203
internal_count=6457 4311 3609 702
is_linear=0
shrinkage=0.025


Tree=212
num_leaves=7
num_cat=0
split_feature=21 6 15 21 16 15
split_gain=0.932489 0.692005 0.335457 0.13836 0.0628555 0.0526517
threshold=0.0042810691520571717 3.190449714660645 0.35107326507568365 1.7831944823265078 1.3912338018417361 2.9351965188980107
decision_type=2 2 2 2 2 2
left_child=4 2 -2 -3 5 -1
right_child=1 3 -4 -5 -6 -7
leaf_value=-0.0075980558008256777 0.009112741974811751 -0.0047528141477827289 0 0.00067726891766229801 0 0
leaf_weight=2.2708680870819098 4.801829609925333 1.5258532602238117 1.8875201461887625 0.46697584725916375 0.14109146776172554 0.082618783471843815
leaf_count=3070 1366 1287 537 23 61 13
internal_value=0 0.00414653 0.00719006 -0.00301216 -0.00680989 -0.00725305
internal_weight=11.1768 8.68218 6.68935 1.99283 2.49458 2.35349
internal_count=6357 3213 1903 1310 3144 3083
is_linear=0
shrinkage=0.025


Tree=213
num_leaves=7
num_cat=0
split_feature=21 27 22 6 15 27
split_gain=1.01671 0.457982 0.416395 0.281223 0.201881 0.0505918
threshold=0.94285640120506298 0.70671871304512035 0.75029388070106517 4.1528427600860605 0.84153923392295849 0.75492718815803539
decision_type=2 2 2 2 2 2
left_child=1 2 -1 4 -2 -3
right_child=3 5 -4 -5 -6 -7
leaf_value=-0.0099165211299923652 0.0078437995295212188 0.0030534873974795498 0.00048537277474020566 -0.0013126207957551421 -0.00024516022359928787 0
leaf_weight=5.0694514270835498 3.1689997964713266 0.39998492800077645 1.157067669322714 0.39292126413783979 0.31143723960849445 0.21359671384561807
leaf_count=5865 228 47 129 105 84 69
internal_value=-0.0015698 -0.0062594 -0.00807155 0.00486794 0.0066652 0.00182655
internal_weight=10.7135 6.8401 6.22652 3.87336 3.48044 0.613582
internal_count=6527 6110 5994 417 312 116
is_linear=0
shrinkage=0.025


Tree=214
num_leaves=6
num_cat=0
split_feature=6 25 26 22 21
split_gain=1.30376 0.965175 0.439438 0.149511 0.0850413
threshold=3.2804559469223027 0.74756243824958812 -1.0148006677627561 0.037176083773374564 1.7831944823265078
decision_type=2 2 2 2 2
left_child=1 3 -3 -1 -2
right_child=4 2 -4 -5 -6
leaf_value=0 -0.0083864880792330846 0.0030908385961174768 -0.0058544450281321683 0.009963204022814488 0
leaf_weight=0.14152295992971442 2.5163186935496937 1.0172305398882593 2.7162457953454586 4.961833412598935 0.25012691254960362
leaf_count=176 2650 57 3090 471 19
internal_value=9.14921e-05 0.00495333 -0.00232737 0.00941414 -0.0078246
internal_weight=11.6033 8.83683 3.73348 5.10336 2.76645
internal_count=6463 3794 3147 647 2669
is_linear=0
shrinkage=0.025


Tree=215
num_leaves=7
num_cat=0
split_feature=21 13 6 21 20 16
split_gain=0.913759 0.62946 0.287272 0.114133 0.0456475 0.045894
threshold=0.0042810691520571717 3.1536731719970708 -0.41821086406707758 1.7831944823265078 2.7943589687347417 1.3912338018417361
decision_type=2 2 2 2 2 2
left_child=4 3 -3 -2 5 -1
right_child=1 2 -4 -5 -6 -7
leaf_value=-0.0076261159232060786 -0.004448429220096136 -0.0005091080892906688 0.0080079389722677013 0.00045096752982339727 0 0
leaf_weight=2.2847373810946028 1.5651506244394098 0.79424283204571011 6.1717490984810874 0.4674231307581066 0.09000560108324851 0.16196388153548458
leaf_count=3101 1151 235 1885 23 27 50
internal_value=0 0.00382352 0.00670758 -0.00291344 -0.00697295 -0.00728292
internal_weight=11.5353 8.99857 6.96599 2.03257 2.53671 2.4467
internal_count=6472 3294 2120 1174 3178 3151
is_linear=0
shrinkage=0.025


Tree=216
num_leaves=6
num_cat=0
split_feature=6 25 26 21 19
split_gain=0.995954 1.17055 0.30301 0.281474 0.122503
threshold=3.2804559469223027 0.74756243824958812 -1.0148006677627561 1.7831944823265078 -0.18970216810703275
decision_type=2 2 2 2 2
left_child=1 4 -3 -2 -1
right_child=3 2 -4 -5 -6
leaf_value=0 -0.0081624803143345737 0.0018389822459269596 -0.0058327409563168515 0.00073114869505320047 0.010090467061889919
leaf_weight=0.42649048510429555 2.4830315870822246 0.80002430610329556 2.7021611891832444 0.45641250332118932 4.9803146837512013
leaf_count=178 2640 56 3146 21 472
internal_value=0.000447286 0.0046464 -0.00329428 -0.00640355 0.00950198
internal_weight=11.8484 8.90899 3.50219 2.93944 5.40681
internal_count=6513 3852 3202 2661 650
is_linear=0
shrinkage=0.025


Tree=217
num_leaves=7
num_cat=0
split_feature=21 13 26 21 15 16
split_gain=0.9763 0.681688 0.477777 0.145721 0.047591 0.0476406
threshold=0.0042810691520571717 2.9677381515502934 -0.88267394900321949 1.7831944823265078 2.9351965188980107 1.3912338018417361
decision_type=2 2 2 2 2 2
left_child=4 3 -3 -2 5 -1
right_child=1 2 -4 -5 -6 -7
leaf_value=-0.0075806412639888819 -0.0050203225755144007 0.0095225482214457233 -0.00033520464891737521 0.00066807498376549772 0 0
leaf_weight=2.2691688175691542 1.1850270431968946 5.020671807236794 2.292417111868418 0.46610208234051231 0.083720640694082138 0.15608003790839564
leaf_count=3095 996 658 1563 23 16 60
internal_value=7.37903e-05 0.00424863 0.00704355 -0.00317977 -0.00690684 -0.00722829
internal_weight=11.4732 8.96422 7.31309 1.65113 2.50897 2.42525
internal_count=6411 3240 2221 1019 3171 3155
is_linear=0
shrinkage=0.025


Tree=218
num_leaves=7
num_cat=0
split_feature=27 6 26 24 5 26
split_gain=0.842844 0.62622 0.408129 0.177285 0.0744705 0.0602083
threshold=0.17022262513637546 4.0995640754699716 -0.38902664184570307 0.45376531779766088 4.0237820148468026 -0.36093486845493311
decision_type=2 2 2 2 2 2
left_child=1 3 -2 -1 -3 -4
right_child=2 4 5 -5 -6 -7
leaf_value=0.0084749512776538267 -0.0076695307281594641 1.2490561718133388e-05 0.0031771856134038007 0 -0.0040305306397929791 -0.00020913354231906893
leaf_weight=4.2691769896082405 4.3469054466149828 0.25995916029569333 0.37242366580176167 0.20851662462882803 1.0513370039152503 0.24381523256306525
leaf_count=433 4491 107 25 388 895 88
internal_value=-8.02803e-05 0.00446745 -0.00559199 0.00765204 -0.00286382 0.00173115
internal_weight=10.7521 5.78899 4.96314 4.47769 1.3113 0.616239
internal_count=6427 1823 4604 821 1002 113
is_linear=0
shrinkage=0.025


Tree=219
num_leaves=7
num_cat=0
split_feature=22 13 15 25 6 6
split_gain=1.14255 0.852094 0.271601 0.156274 0.103979 0.0236245
threshold=0.75029388070106517 4.2883481979370126 0.17790450900793078 -0.27216422557830805 3.5513194799423222 1.4513150453567507
decision_type=2 2 2 2 2 2
left_child=1 5 -3 4 -2 -1
right_child=3 2 -4 -5 -6 -7
leaf_value=0 0.0080459465682504918 0.0047228876878309184 -0.0021539596204896076 0 0 -0.010247630975259993
leaf_weight=0.17966139618147314 2.9937465772381993 2.200740046508145 1.5526125180804227 0.28955255701293925 0.33304442476946849 3.4472163596110477
leaf_count=98 135 946 1038 101 66 4144
internal_value=-0.000331995 -0.00540009 0.00155874 0.00641729 0.0073718 -0.0100556
internal_weight=10.9966 7.38023 3.75335 3.61634 3.32679 3.62688
internal_count=6528 6226 1984 302 201 4242
is_linear=0
shrinkage=0.025


Tree=220
num_leaves=7
num_cat=0
split_feature=6 26 14 22 15 22
split_gain=1.02153 0.670389 0.266665 0.22695 0.107771 0.131165
threshold=3.0701851844787602 -0.88267394900321949 0.10100539773702623 -0.099524945020675645 1.2612855434417727 0.92108449339866649
decision_type=2 2 2 2 2 2
left_child=1 3 -3 -1 5 -2
right_child=4 2 -4 -5 -6 -7
leaf_value=-0.00015783724480882694 -0.0085848454139536776 0.0023660274145731451 -0.0045414980628554853 0.0092228985313413513 0 0
leaf_weight=0.23694700193300366 2.2056513021816517 0.92653019887438803 2.664647301829973 4.3208056165385633 0.36532987029568165 0.50345634686527763
leaf_count=295 2762 942 1928 386 138 48
internal_value=0 0.00441873 -0.00169204 0.00825385 -0.00687568 -0.00763234
internal_weight=11.2234 8.14893 3.59118 4.55775 3.07444 2.70911
internal_count=6499 3551 2870 681 2948 2810
is_linear=0
shrinkage=0.025


Tree=221
num_leaves=7
num_cat=0
split_feature=22 17 27 12 11 16
split_gain=0.82122 0.865414 0.468129 0.258193 0.0806886 0.026674
threshold=0.78722152113914501 0.6637384593486787 0.72676369547843944 2.8749662637710576 2.2054876089096074 0.5786511003971101
decision_type=2 2 2 2 2 2
left_child=1 2 -1 -3 -2 -6
right_child=4 3 -4 -5 5 -7
leaf_value=-0.010643320183555863 0 -0.0019883015460932401 0.0011632867264855444 0.0050850014465586698 0.0065633422144799518 0
leaf_weight=4.2246202435453597 0.32989038218511302 0.53830169610591871 0.42464814093545999 2.4616554066597018 2.258210302847147 0.28942336133331981
leaf_count=5492 57 215 88 357 111 89
internal_value=-0.000544689 -0.00463977 -0.00887323 0.0025851 0.00558325 0.00626233
internal_weight=10.5267 7.64923 4.64927 2.99996 2.87752 2.54763
internal_count=6409 6152 5580 572 257 200
is_linear=0
shrinkage=0.025


Tree=222
num_leaves=7
num_cat=0
split_feature=22 17 12 13 16 15
split_gain=1.20369 1.12075 0.281456 0.192022 0.0666144 0.0230201
threshold=0.75029388070106517 0.52343070507049572 3.0119251012802128 2.5990464687347417 0.5786511003971101 -1.4563037157058714
decision_type=2 2 2 2 2 2
left_child=1 5 -3 -2 -5 -1
right_child=3 2 -4 4 -6 -7
leaf_value=0 -0.00031166175826029973 -0.0023536889416688016 0.0048696491032956778 0.0079970173114497275 0 -0.011215697886050131
leaf_weight=0.064797571340023175 0.22402516845613751 0.60991079252198721 2.8984664748131763 2.7956403498683362 0.3716576883161905 3.7276110578495718
leaf_count=32 57 301 576 140 102 5231
internal_value=-0.000821066 -0.00588127 0.00223412 0.00634108 0.0074796 -0.0111008
internal_weight=10.6921 7.30079 3.50838 3.39132 3.1673 3.79241
internal_count=6439 6140 877 299 242 5263
is_linear=0
shrinkage=0.025


Tree=223
num_leaves=7
num_cat=0
split_feature=22 17 12 12 23 13
split_gain=1.29491 0.836248 0.254064 0.206157 0.169825 0.157401
threshold=0.75029388070106517 0.64970400929451 3.0119251012802128 7.2268977165222177 -4.8647899627685538 2.5990464687347417
decision_type=2 2 2 2 2 2
left_child=1 3 -3 -1 -2 -6
right_child=4 2 -4 -5 5 -7
leaf_value=-0.010925801848141906 -6.6430603754039127e-05 -0.0023557960698181307 0.0045831505612362747 0 0 0.0082190045436147698
leaf_weight=4.2398745078135107 0.33234816778713172 0.60347033086873159 2.1969885680737207 0.27037703864334606 0.16427022340940345 3.1898304532587645
leaf_count=5559 102 253 329 22 45 161
internal_value=-0.000948767 -0.00621145 0.00173506 -0.0101208 0.00633628 0.00737889
internal_weight=10.9972 7.31071 2.80046 4.51025 3.68645 3.3541
internal_count=6471 6163 582 5581 308 206
is_linear=0
shrinkage=0.025


Tree=224
num_leaves=6
num_cat=0
split_feature=21 6 27 27 20
split_gain=0.820813 0.460692 0.296939 0.135713 0.0409273
threshold=0.0042810691520571717 2.9287770986557011 0.2252323776483536 0.10207171365618707 2.7943589687347417
decision_type=2 2 2 2 2
left_child=4 2 -2 -3 -1
right_child=1 3 -4 -5 -6
leaf_value=-0.0073337627566450771 0.0082467801991705798 0.00076298015569001049 0 -0.0042808895807659496 0
leaf_weight=2.1647117780048588 3.7506504656885209 1.2650121713450064 2.1044868864119053 1.1555830952347603 0.090512731319904449
leaf_count=3166 354 365 1405 1149 30
internal_value=0 0.00339748 0.00614229 -0.0020647 -0.00704183
internal_weight=10.531 8.27573 5.85514 2.4206 2.25522
internal_count=6469 3273 1759 1514 3196
is_linear=0
shrinkage=0.025


Tree=225
num_leaves=7
num_cat=0
split_feature=21 19 27 12 13 23
split_gain=1.24962 0.632298 0.464879 0.263858 0.210827 0.104699
threshold=0.94285640120506298 0.20129314064979556 0.72676369547843944 2.8749662637710576 2.9677381515502934 -6.3330190181732169
decision_type=2 2 2 2 2 2
left_child=1 2 -1 -2 -3 -5
right_child=3 4 -4 5 -6 -7
leaf_value=-0.010836188111671597 -0.00047768064924302097 -0.0021144284138675646 0.0011038554574427605 0 0.0041819848333799724 0.0089859907130522033
leaf_weight=3.3339402208912365 0.46496330658555951 0.60918530487470013 0.43687288340879593 0.37480001201038282 2.0884748788485012 3.5865639970434131
leaf_count=5158 87 434 90 104 415 223
internal_value=0 -0.00525553 -0.00889959 0.00701784 0.00149833 0.0083707
internal_weight=10.8948 6.46847 3.77081 4.42633 2.69766 3.96136
internal_count=6511 6097 5248 414 849 327
is_linear=0
shrinkage=0.025


Tree=226
num_leaves=7
num_cat=0
split_feature=22 13 21 11 21 26
split_gain=0.832842 0.760209 0.246885 0.173291 0.149642 0.0451633
threshold=0.75029388070106517 4.2883481979370126 0.016100777313113216 2.2054876089096074 1.2945517897605898 -0.79093852639198292
decision_type=2 2 2 2 2 2
left_child=1 4 -3 -2 -1 -5
right_child=3 2 -4 5 -6 -7
leaf_value=-0.0097980536572617721 -0.00016847501324792214 -0.0022294871301658113 0.0044281322111430748 0.0075393325610265674 0 0
leaf_weight=2.995398255734472 0.36432662124570958 0.71488944803059018 3.0029348873576964 2.5114728550688605 0.50807094131596375 0.44562658219365348
leaf_count=4132 69 955 1010 126 60 101
internal_value=0 -0.00433763 0.00188657 0.00590929 -0.00890322 0.0070789
internal_weight=10.5427 7.22129 3.71782 3.32143 3.50347 2.9571
internal_count=6453 6157 1965 296 4192 227
is_linear=0
shrinkage=0.025


Tree=227
num_leaves=7
num_cat=0
split_feature=21 6 25 21 16 1
split_gain=0.77061 0.492917 0.241351 0.131472 0.0408971 0.0312352
threshold=0.0042810691520571717 3.3542866706848149 2.6970440149307255 1.7831944823265078 1.3912338018417361 6.5687987804412851
decision_type=2 2 2 2 2 2
left_child=4 2 -2 -3 5 -1
right_child=1 3 -4 -5 -6 -7
leaf_value=-0.0072079781547209195 0.0075072599761078357 -0.0043691672441041199 -0.00014710366137454616 0.00081416786212483579 0 0
leaf_weight=2.1231692770670652 5.1419011082325579 1.4112918670034558 1.1640322800740248 0.44221879058750335 0.15181281076729636 0.10545746905336262
leaf_count=3095 1296 1220 767 21 62 28
internal_value=0 0.00344999 0.00610132 -0.0025288 -0.00663592 -0.00696393
internal_weight=10.5399 8.15944 6.30593 1.85351 2.38044 2.22863
internal_count=6489 3304 2063 1241 3185 3123
is_linear=0
shrinkage=0.025


Tree=228
num_leaves=7
num_cat=0
split_feature=22 13 14 21 25 4
split_gain=0.884582 0.764535 0.296174 0.154652 0.130282 0.125143
threshold=0.75029388070106517 4.2883481979370126 0.22933653742074969 1.2945517897605898 -0.27216422557830805 4.9818773269653329
decision_type=2 2 2 2 2 2
left_child=1 3 -3 -1 5 -2
right_child=4 2 -4 -5 -6 -7
leaf_value=-0.0093107393051941739 0.0083255615116013312 0.0054732883662066793 -0.0017800568454072374 0 0 0
leaf_weight=3.0169468971689644 2.9198938542394908 1.987086841483688 1.7551775580541287 0.48179050631006237 0.29794360241066886 0.33603064676572092
leaf_count=4129 161 1051 899 60 100 52
internal_value=0.000403073 -0.00368367 0.00228405 -0.00839061 0.00674646 0.00755116
internal_weight=10.7949 7.241 3.74226 3.49874 3.55387 3.25592
internal_count=6452 6139 1950 4189 313 213
is_linear=0
shrinkage=0.025


Tree=229
num_leaves=7
num_cat=0
split_feature=21 13 25 21 16 15
split_gain=0.834698 0.515513 0.301692 0.121387 0.0410294 0.0431465
threshold=0.0042810691520571717 3.1717847585678105 2.6970440149307255 1.3755028247833254 1.3912338018417361 2.9351965188980107
decision_type=2 2 2 2 2 2
left_child=4 3 -3 -2 5 -1
right_child=1 2 -4 -5 -6 -7
leaf_value=-0.0070259759007309094 -0.0043023103975185226 0.0081399568317324835 -0.00022755396978362303 0.00064317995564897121 0 0
leaf_weight=2.0742475752558693 1.0566023704996022 5.5252280093700392 1.4132101537761625 0.69593734617228609 0.14799912473245047 0.079259235302742925
leaf_count=3094 1086 1355 803 58 61 19
internal_value=0.000174141 0.004059 0.00653063 -0.00239078 -0.00637358 -0.00671176
internal_weight=10.9925 8.69098 6.93844 1.75254 2.30151 2.15351
internal_count=6476 3302 2158 1144 3174 3113
is_linear=0
shrinkage=0.025


Tree=230
num_leaves=6
num_cat=0
split_feature=21 13 25 17 16
split_gain=0.900637 0.545022 0.281717 0.0486661 0.0386208
threshold=0.0042810691520571717 3.1717847585678105 2.6970440149307255 1.1572020649909975 1.3912338018417361
decision_type=2 2 2 2 2
left_child=4 3 -3 -2 -1
right_child=1 2 -4 -5 -6
leaf_value=-0.0069579994663666314 -0.003327025903774219 0.0083400525531249804 -6.8031429237284672e-05 0 0
leaf_weight=2.0494965573816457 1.2186963459571396 5.4217831378082337 1.3085712927313577 0.59879173434455868 0.15452941288822319
leaf_count=3118 1101 1313 776 77 59
internal_value=0.000238421 0.00426673 0.00684029 -0.00237389 -0.00663511
internal_weight=10.7519 8.54784 6.73035 1.81749 2.20403
internal_count=6444 3267 2089 1178 3177
is_linear=0
shrinkage=0.025


Tree=231
num_leaves=6
num_cat=0
split_feature=21 13 23 21 24
split_gain=0.805262 0.639293 0.229973 0.11492 0.0484686
threshold=0.0042810691520571717 3.4484940767288212 -5.5032112598419181 1.3755028247833254 -4.7590053081512442
decision_type=2 2 2 2 2
left_child=4 3 -3 -2 -1
right_child=1 2 -4 -5 -6
leaf_value=0 -0.0044110607555433792 -0.0001302731845943879 0.0080756033052084963 0.00043549010492507987 -0.0067002912133490231
leaf_weight=0.25804570908076163 1.4456311850590267 0.67806507868954113 5.8532377203009682 0.66472194885136549 2.0134682498246557
leaf_count=23 1284 218 1695 52 3127
internal_value=0.000185545 0.00400916 0.00699459 -0.00277274 -0.00625578
internal_weight=10.9132 8.64166 6.5313 2.11035 2.27151
internal_count=6399 3249 1913 1336 3150
is_linear=0
shrinkage=0.025


Tree=232
num_leaves=7
num_cat=0
split_feature=6 26 22 26 21 24
split_gain=0.746604 0.707841 0.277338 0.216427 0.107812 0.0636732
threshold=3.3542866706848149 -0.88267394900321949 0.033334886655211456 -0.38902664184570307 1.7831944823265078 -5.4155149459838858
decision_type=2 2 2 2 2 2
left_child=1 2 -1 -3 5 -2
right_child=4 3 -4 -5 -6 -7
leaf_value=-0.00037773383484915779 0 -0.0046241244794237536 0.0089394001334954822 0.0017277942606430596 0 -0.0075184019562307778
leaf_weight=0.50585631324429314 0.28389249136671479 2.8041800575920202 4.3259791030977794 0.6026521002568187 0.30724456842290226 1.990707152916003
leaf_count=572 20 2916 320 110 23 2501
internal_value=0 0.00367345 0.00763224 -0.00239772 -0.00616304 -0.00698927
internal_weight=10.8205 8.23867 4.83184 3.40683 2.58184 2.2746
internal_count=6462 3918 892 3026 2544 2521
is_linear=0
shrinkage=0.025


Tree=233
num_leaves=7
num_cat=0
split_feature=21 24 27 13 23 11
split_gain=0.778935 0.530028 0.442107 0.178557 0.21026 0.0754533
threshold=0.94285640120506298 -3.5456136465072627 0.72676369547843944 2.220696330070496 -4.2797057628631583 2.2416878938674931
decision_type=2 2 2 2 2 2
left_child=1 5 -3 -2 -5 -1
right_child=3 2 -4 4 -6 -7
leaf_value=-0.0004911752436652265 -0.0007111075195993104 -0.0099710808203972903 0.0012257463575557721 -0.00044472698518158968 0.0071524615127219714 0.0032715429932892088
leaf_weight=0.21594707660551637 0.30822284417809021 4.2620060722474591 0.41355843833298411 0.45394136874529101 2.911664706247393 1.2239432400456278
leaf_count=63 94 5802 88 139 195 95
internal_value=-0.00118525 -0.00554783 -0.00821312 0.00436804 0.0057273 0.0017935
internal_weight=9.78928 6.11545 4.67556 3.67383 3.36561 1.43989
internal_count=6476 6048 5890 428 334 158
is_linear=0
shrinkage=0.025


Tree=234
num_leaves=7
num_cat=0
split_feature=26 12 26 18 22 26
split_gain=0.946384 0.556494 0.350924 0.404506 0.100414 0.0577215
threshold=-0.99777647852897633 2.6188119649887089 -0.38902664184570307 0.46228502690792089 -0.25465190410614008 -0.36093486845493311
decision_type=2 2 2 2 2 2
left_child=1 -1 3 -2 -3 -4
right_child=2 4 5 -5 -6 -7
leaf_value=-0.0023945760852609006 -0.0089602267232467333 0 0.0031135129284048952 0.00062094871338299912 0.0089850709066624079 -0.00018139437581279896
leaf_weight=0.63500449726052455 3.9843670404370641 0.11093661141785593 0.366346288647037 1.4858768325539129 3.6949456213478697 0.2417610068223438
leaf_count=455 5001 204 25 375 326 82
internal_value=0 0.00585551 -0.00491654 -0.00670706 0.00851983 0.00169529
internal_weight=10.5192 4.44089 6.07835 5.47024 3.80588 0.608107
internal_count=6468 985 5483 5376 530 107
is_linear=0
shrinkage=0.025


Tree=235
num_leaves=7
num_cat=0
split_feature=13 25 25 14 2 22
split_gain=0.772038 0.619019 0.286231 0.236209 0.0857657 0.0617503
threshold=3.7144480943679814 0.74756243824958812 -4.5818357467651358 0.13948641717433932 1.6011350750923159 1.0576506257057192
decision_type=2 2 2 2 2 2
left_child=2 4 -1 -3 -2 -4
right_child=1 3 5 -5 -6 -7
leaf_value=0.00061364723380873858 0 0.0018987475677367657 -0.0082415454522261535 -0.0047749684918169475 0.0082237283976314812 0
leaf_weight=0.89852448591045719 0.081804005501908583 0.83241613143764004 2.5104868245180119 2.0132502039778046 3.7956186816372792 0.15501506562577549
leaf_count=81 56 1126 3188 1517 426 14
internal_value=0 0.00400092 -0.00586779 -0.00206022 0.00780822 -0.00784313
internal_weight=10.2871 6.72309 3.56403 2.84567 3.87742 2.6655
internal_count=6408 3125 3283 2643 482 3202
is_linear=0
shrinkage=0.025


Tree=236
num_leaves=7
num_cat=0
split_feature=27 5 12 18 14 24
split_gain=0.736051 0.47002 0.310208 0.257377 0.210951 0.149051
threshold=0.13103462755680087 4.746612787246705 5.8255107402801523 0.46228502690792089 0.26536184549331671 0.45376531779766088
decision_type=2 2 2 2 2 2
left_child=1 5 3 -2 -4 -1
right_child=2 -3 4 -5 -6 -7
leaf_value=0.0083319287659062886 -0.0081129598063623895 -0.002238862027676391 0.0044348303875888879 0.00016891219975305395 -0.0021834846097327542 0
leaf_weight=3.8922260506114981 3.3125544897011423 0.63204042797951832 0.81534141628435441 1.0549476987653177 0.52010184394748649 0.17859447481896484
leaf_count=395 4326 478 213 317 276 344
internal_value=0 0.00516274 -0.00433803 -0.00642291 0.00118176 0.00760159
internal_weight=10.4058 4.70286 5.70295 4.3675 1.33544 4.07082
internal_count=6349 1217 5132 4643 489 739
is_linear=0
shrinkage=0.025


Tree=237
num_leaves=6
num_cat=0
split_feature=21 13 6 21 15
split_gain=0.852778 0.430639 0.429174 0.116103 0.0436016
threshold=0.0042810691520571717 2.9677381515502934 -0.41821086406707758 1.3755028247833254 2.9351965188980107
decision_type=2 2 2 2 2
left_child=4 3 -3 -2 -1
right_child=1 2 -4 -5 -6
leaf_value=-0.0070275043599270287 -0.004009855056313536 -0.0017634925967259262 0.0079326265213031152 0.00077327420688027659 0
leaf_weight=2.0581367626728038 1.0033731904695722 0.50840437737497168 6.1969754609635865 0.63247874373337243 0.07510485218517704
leaf_count=3164 972 215 2032 48 15
internal_value=0 0.00398315 0.00622427 -0.00202946 -0.0067116
internal_weight=10.4745 8.34123 6.70538 1.63585 2.13324
internal_count=6446 3267 2247 1020 3179
is_linear=0
shrinkage=0.025


Tree=238
num_leaves=7
num_cat=0
split_feature=22 17 13 12 25 4
split_gain=1.00009 0.795057 0.241413 0.229484 0.143872 0.128721
threshold=0.75029388070106517 0.52343070507049572 4.1089906692504892 7.2268977165222177 -0.27216422557830805 4.9818773269653329
decision_type=2 2 2 2 2 2
left_child=1 3 -3 -1 5 -2
right_child=4 2 -4 -5 -6 -7
leaf_value=-0.010699811089513338 0.0075971027405247436 -0.0020229064608635575 0.0045816438985284069 0 0 0
leaf_weight=3.4758977972742291 2.7827763745954153 1.1576973093215204 2.0746770863443089 0.235705259561655 0.3240490733005571 0.35472516252775665
leaf_count=5266 149 616 259 15 103 50
internal_value=-0.000655421 -0.00543531 0.00166504 -0.00974291 0.00574033 0.00673154
internal_weight=10.4055 6.94398 3.23237 3.7116 3.46155 3.1375
internal_count=6458 6156 875 5281 302 199
is_linear=0
shrinkage=0.025


Tree=239
num_leaves=7
num_cat=0
split_feature=26 6 0 22 21 2
split_gain=0.874548 0.365495 0.264815 0.319761 0.0930027 0.0495021
threshold=-1.0081937313079832 4.6642110347747812 0.33183918893337255 0.75029388070106517 0.038207763805985458 -0.10659305378794669
decision_type=2 2 2 2 2 2
left_child=1 4 5 -4 -1 -2
right_child=2 -3 3 -5 -6 -7
leaf_value=0 -0.00031809057905073953 -0.0016347755252425792 -0.0084831375593826495 0.00032572287516525068 0.0079431302464947375 0.0026633001990431404
leaf_weight=0.22842958325054574 0.27821926453907508 0.53497422043437826 4.1849730576941511 1.3084917120395401 3.1960306339533417 0.16750923659856187
leaf_count=174 105 466 5205 192 259 20
internal_value=-0.000294948 0.00523298 -0.00525897 -0.0066339 0.00738125 0.00107124
internal_weight=9.89863 3.95943 5.93919 5.49346 3.42446 0.445729
internal_count=6421 899 5522 5397 433 125
is_linear=0
shrinkage=0.025


Tree=240
num_leaves=7
num_cat=0
split_feature=6 27 24 14 21 24
split_gain=0.730031 0.733097 0.240105 0.217919 0.05846 0.0549418
threshold=3.3542866706848149 0.2252323776483536 0.45376531779766088 0.10100539773702623 1.7831944823265078 -5.4155149459838858
decision_type=2 2 2 2 2 2
left_child=1 2 -1 -3 5 -2
right_child=4 3 -4 -5 -6 -7
leaf_value=0.0087816027171505415 0 0.0015339605115823501 -0.00032526108246400711 -0.004902250083494257 0 -0.0070043547324440698
leaf_weight=4.5678725820107502 0.27096297976095285 0.76507193148063413 0.26490051305154327 2.3541180658285157 0.24671562807634462 1.9892137971801276
leaf_count=471 24 1019 409 1997 21 2565
internal_value=0 0.00377166 0.00773523 -0.00258133 -0.00601965 -0.00651922
internal_weight=10.4589 7.95196 4.83277 3.11919 2.50689 2.26018
internal_count=6506 3896 880 3016 2610 2589
is_linear=0
shrinkage=0.025


Tree=241
num_leaves=7
num_cat=0
split_feature=22 6 26 21 26 19
split_gain=0.890633 0.476785 0.465551 0.0499302 0.0436316 0.0491315
threshold=0.033334886655211456 3.190449714660645 -0.88267394900321949 1.7831944823265078 -1.1287466883659361 0.34236119687557226
decision_type=2 2 2 2 2 2
left_child=4 2 -2 -3 -1 -6
right_child=1 3 -4 -5 5 -7
leaf_value=0 0.0085921303659343608 -0.0035799842002671627 -0.0010154952501411733 0 -0.0081743719207050172 0
leaf_weight=0.19161942726714221 3.9412396233456088 1.2905186813331964 1.8264476927361104 0.17903507011942554 2.4560885630198759 0.19018290018357209
leaf_count=95 282 772 802 7 4308 135
internal_value=-0.000860978 0.00322885 0.00591047 -0.0027637 -0.00749456 -0.00781936
internal_weight=10.0751 7.23724 5.76769 1.46955 2.83789 2.64627
internal_count=6401 1863 1084 779 4538 4443
is_linear=0
shrinkage=0.025


Tree=242
num_leaves=7
num_cat=0
split_feature=13 21 15 21 19 15
split_gain=0.686689 0.501882 0.321412 0.248546 0.10674 0.0121157
threshold=3.7144480943679814 0.0042810691520571717 0.35107326507568365 1.2945517897605898 0.80217230319976818 0.3563427478075028
decision_type=2 2 2 2 2 2
left_child=3 -2 -3 4 -1 -5
right_child=1 2 -4 5 -6 -7
leaf_value=-0.0079148576336552142 -0.0028419267897667527 0.0084848600810923033 -0.00024379082763993621 0 0 0.001335875359556123
leaf_weight=2.3263156758112027 0.86000787375451171 4.1221102645649808 1.4861171043376087 0.21285862528748101 0.5011969523038714 0.58559937102836557
leaf_count=3145 1427 1174 486 49 91 26
internal_value=0 0.00406905 0.00655798 -0.00526704 -0.00707891 0.000642751
internal_weight=10.0942 6.46824 5.60823 3.62597 2.82751 0.798458
internal_count=6398 3087 1660 3311 3236 75
is_linear=0
shrinkage=0.025


Tree=243
num_leaves=7
num_cat=0
split_feature=26 5 22 12 22 25
split_gain=0.68084 0.339909 0.309581 0.346435 0.0691042 0.0305181
threshold=-1.0081937313079832 4.746612787246705 0.75029388070106517 5.9152367115020761 -0.25465190410614008 -0.61149841547012318
decision_type=2 2 2 2 2 2
left_child=1 4 3 -2 -1 -4
right_child=2 -3 5 -5 -6 -7
leaf_value=0 -0.0084992819971324279 -0.001673555913152686 0.0020343018054564082 0.00077991450307850522 0.0073096432523868729 0
leaf_weight=0.095629022682261033 3.794627739207499 0.53493105778761663 1.1877791318656816 0.87733471037427069 3.0739388432739361 0.26392436592141155
leaf_count=181 4986 431 108 367 277 92
internal_value=-0.000277764 0.00468757 -0.00460025 -0.00660819 0.00689338 0.00100633
internal_weight=9.82816 3.7045 6.12367 4.67196 3.16957 1.4517
internal_count=6442 889 5553 5353 458 200
is_linear=0
shrinkage=0.025


Tree=244
num_leaves=7
num_cat=0
split_feature=6 27 14 24 18 24
split_gain=0.699194 0.399202 0.239939 0.214095 0.169395 0.0764889
threshold=2.9649147987365727 0.2252323776483536 0.10100539773702623 0.1963445991277695 0.52170851826667797 -5.4155149459838858
decision_type=2 2 2 2 2 2
left_child=1 3 -3 -1 5 -2
right_child=4 2 -4 -5 -6 -7
leaf_value=0.0082705192231812951 0 0.0027290660894615064 -0.0038896942692040557 -0.0002648146715202579 0 -0.0072876303290445631
leaf_weight=3.7321955667575826 0.26111356267938468 0.8347749134882182 2.3844752941768093 0.25819514988324943 0.97269617571510014 1.9996003910091529
leaf_count=300 16 868 1834 353 255 2828
internal_value=0.000204287 0.0042407 -0.000796893 0.00718293 -0.00514643 -0.00667948
internal_weight=10.4431 7.20964 3.21925 3.99039 3.23341 2.26071
internal_count=6454 3355 2702 653 3099 2844
is_linear=0
shrinkage=0.025


Tree=245
num_leaves=6
num_cat=0
split_feature=21 6 26 22 20
split_gain=0.756585 0.581167 0.235713 0.0426188 0.0342223
threshold=0.0042810691520571717 3.3542866706848149 -0.88267394900321949 0.96863451600074779 2.7943589687347417
decision_type=2 2 2 2 2
left_child=4 2 -2 -3 -1
right_child=1 3 -4 -5 -6
leaf_value=-0.0066535248454974959 0.0084097510613987125 -0.0036570937703102185 0 0 0
leaf_weight=1.9275583619782994 4.0645867802741114 1.2567329643825358 2.2641291529689633 0.31139794117189001 0.083416663917887379
leaf_count=3128 488 1194 1565 24 30
internal_value=0 0.0038137 0.00660189 -0.002947 -0.00637902
internal_weight=9.90782 7.89685 6.32872 1.56813 2.01098
internal_count=6429 3271 2053 1218 3158
is_linear=0
shrinkage=0.025


Tree=246
num_leaves=6
num_cat=0
split_feature=21 6 25 27 16
split_gain=0.626086 0.48084 0.199701 0.108369 0.0401637
threshold=0.0042810691520571717 3.0476137399673466 2.6970440149307255 0.067607447504997267 1.3912338018417361
decision_type=2 2 2 2 2
left_child=4 2 -2 -3 -1
right_child=1 3 -4 -5 -6
leaf_value=-0.0065133386673069359 0.0072002633484018856 0.00038700951958869293 0 -0.0042744470880683961 0
leaf_weight=1.8974967143585684 4.6888383836921985 0.78174808529729523 1.3411344339547211 1.2222417875454992 0.14324990300156049
leaf_count=3093 1158 213 740 1217 60
internal_value=0 0.00308179 0.00585015 -0.00258553 -0.00616402
internal_weight=10.0747 8.03396 6.02997 2.00399 2.04075
internal_count=6481 3328 1898 1430 3153
is_linear=0
shrinkage=0.025


Tree=247
num_leaves=7
num_cat=0
split_feature=13 25 18 27 19 16
split_gain=0.605054 0.395162 0.351317 0.1608 0.0789627 0.0725513
threshold=4.0124621391296396 0.74756243824958812 0.52170851826667797 0.067607447504997267 -0.18970216810703275 1.3912338018417361
decision_type=2 2 2 2 2 2
left_child=2 4 5 -3 -2 -1
right_child=1 3 -4 -5 -6 -7
leaf_value=-0.0078884464839359143 0 0.0017115079630806746 0.0010851875221414866 -0.0037587896180619191 0.0074378706230216404 0
leaf_weight=2.7743653435791207 0.17215368628967587 0.6926260993786858 1.3576531102044098 1.7945188004523513 2.8805231130791071 0.18390047028515244
leaf_count=3507 97 35 298 2193 257 82
internal_value=0 0.00379518 -0.00492921 -0.00127501 0.00692897 -0.00742239
internal_weight=9.85574 5.53982 4.31592 2.48714 3.05268 2.95827
internal_count=6469 2582 3887 2228 354 3589
is_linear=0
shrinkage=0.025


Tree=248
num_leaves=7
num_cat=0
split_feature=26 6 19 27 21 6
split_gain=0.723329 0.389703 0.381704 0.342089 0.108918 0.0440268
threshold=-0.99777647852897633 4.6642110347747812 0.54007327556610119 0.72676369547843944 -0.15999218076467511 3.0701851844787602
decision_type=2 2 2 2 2 2
left_child=1 4 3 -2 -1 -4
right_child=2 -3 5 -5 -6 -7
leaf_value=0 -0.0081910017333263491 -0.001753551066636077 0.0027939804943615597 0.0011472646790487426 0.0080771494850839891 0
leaf_weight=0.13039812453644151 4.3447074577088642 0.56241700225291413 1.0081998554960589 0.42264106243965205 3.3614422984683188 0.1567397325488854
leaf_count=154 5209 479 97 92 322 93
internal_value=0 0.00526482 -0.00428907 -0.00655974 0.00749814 0.00177325
internal_weight=9.98655 4.05426 5.93229 4.76735 3.49184 1.16494
internal_count=6446 955 5491 5301 476 190
is_linear=0
shrinkage=0.025


Tree=249
num_leaves=5
num_cat=0
split_feature=21 13 14 21
split_gain=0.854203 0.455249 0.273785 0.0811954
threshold=0.0042810691520571717 3.1536731719970708 0.64991149306297313 1.3755028247833254
decision_type=2 2 2 2
left_child=-1 3 -3 -2
right_child=1 2 -4 -5
leaf_value=-0.0066235063340943923 -0.0035123996478224049 0.0081475632548187547 0 0.00036730212428469572
leaf_weight=1.9032157180699876 1.1538054657066803 4.9659219090426632 1.5207228335311809 0.65424268541391928
leaf_count=3155 1111 1657 477 56
internal_value=0.000233334 0.00417608 0.00653433 -0.00195178
internal_weight=10.1979 8.29469 6.48664 1.80805
internal_count=6456 3301 2134 1167
is_linear=0
shrinkage=0.025


Tree=250
num_leaves=7
num_cat=0
split_feature=21 13 13 21 20 22
split_gain=0.722671 0.419941 0.18921 0.178871 0.164327 0.0943841
threshold=0.94285640120506298 4.1089906692504892 2.220696330070496 0.016100777313113216 1.3875110149383547 0.78722152113914501
decision_type=2 2 2 2 2 2
left_child=1 5 -2 -3 -4 -1
right_child=2 3 4 -5 -6 -7
leaf_value=-0.0080864286282985014 -0.00044217877401161342 -0.0021246042371245964 0.0078268022206790001 0.0035406338596300786 0 0
leaf_weight=2.3114937894388281 0.26830750363296862 0.6898341826272375 3.2690373556761192 2.5519690888759214 0.43980380050197698 0.59591283904592263
leaf_count=3742 89 1115 216 1066 122 86
internal_value=0.000102945 -0.00384942 0.00565047 0.00101921 0.00680971 -0.00728027
internal_weight=10.1264 6.14921 3.97715 3.2418 3.70884 2.90741
internal_count=6436 6009 427 2181 338 3828
is_linear=0
shrinkage=0.025


Tree=251
num_leaves=7
num_cat=0
split_feature=27 5 27 18 24 6
split_gain=0.731021 0.456 0.28531 0.237753 0.165867 0.0551898
threshold=0.17022262513637546 4.0397942066192636 0.72676369547843944 0.46228502690792089 0.45376531779766088 3.9494613409042363
decision_type=2 2 2 2 2 2
left_child=1 4 3 -2 -1 -3
right_child=2 5 -4 -5 -6 -7
leaf_value=0.0080181571171163216 -0.0084965059057366572 0 0.0012275731025401066 0 0 -0.0032055077681804769
leaf_weight=3.766895413078601 2.9636683039534546 0.3827513442665802 0.40482542155950785 1.06468758772462 0.20964866040230834 0.86707410117378458
leaf_count=430 4272 57 93 280 419 913
internal_value=0 0.00443071 -0.00521078 -0.00687158 0.00715826 -0.00203147
internal_weight=9.65955 5.22637 4.43318 4.02836 3.97654 1.24983
internal_count=6464 1819 4645 4552 849 970
is_linear=0
shrinkage=0.025


Tree=252
num_leaves=7
num_cat=0
split_feature=13 22 15 17 26 15
split_gain=0.717475 0.456227 0.432213 0.301626 0.158762 0.12302
threshold=4.2375118732452401 0.78722152113914501 0.35107326507568365 0.0085342894308269041 -1.0220356583595274 1.2612855434417727
decision_type=2 2 2 2 2 2
left_child=1 5 3 -2 -4 -1
right_child=2 -3 4 -5 -6 -7
leaf_value=-0.0087032008655537219 -0.00072408080004741405 0.0015966075314472379 0.0013271357541771783 0.0086086006415352478 -0.0043701740482969161 0
leaf_weight=3.0218467315062303 0.43674480738991439 1.3099865297153881 0.55338170836330391 3.3697540605207905 0.85049672290915601 0.35079036447132228
leaf_count=4026 576 129 22 935 663 152
internal_value=-2.80933e-05 -0.00519859 0.00427679 0.00702495 -0.00186568 -0.00796172
internal_weight=9.893 4.68262 5.21038 3.8065 1.40388 3.37264
internal_count=6503 4307 2196 1511 685 4178
is_linear=0
shrinkage=0.025


Tree=253
num_leaves=7
num_cat=0
split_feature=6 25 26 17 2 18
split_gain=0.550373 0.6086 0.262914 0.109103 0.068325 0.0107799
threshold=3.3542866706848149 0.74756243824958812 -1.0148006677627561 1.1572020649909975 1.6011350750923159 0.53299450874328624
decision_type=2 2 2 2 2 2
left_child=1 4 -3 -2 -1 -5
right_child=3 2 -4 5 -6 -7
leaf_value=0 -0.0059836750671667738 0.0021278987322333625 -0.0048514470455934926 -0.00023501383011300411 0.0076960672211910516 0.0010945811535577543
leaf_weight=0.077229901638929621 1.8353838265866218 0.82868911635887377 2.3883520291710738 0.2188572130689862 4.3779957575570734 0.38282652152702212
leaf_count=56 2430 58 3125 81 655 4
internal_value=0.000245027 0.00364477 -0.00209216 -0.00487225 0.00736406 0
internal_weight=10.1093 7.67227 3.21704 2.43707 4.45523 0.601684
internal_count=6409 3894 3183 2515 711 85
is_linear=0
shrinkage=0.025


Tree=254
num_leaves=7
num_cat=0
split_feature=24 13 21 11 14 23
split_gain=0.683997 0.546699 0.243775 0.173499 0.138783 0.0959478
threshold=-3.5456136465072627 5.4501395225524911 0.97342437505722057 2.2054876089096074 0.35053466260433203 -5.5032112598419181
decision_type=2 2 2 2 2 2
left_child=3 2 -2 -1 -3 -5
right_child=1 4 -4 5 -6 -7
leaf_value=-0.00063097967739939866 -0.0093610427226695023 0.0042355556575882922 0 0 -0.0010692169583101459 0.0066302263644365646
leaf_weight=0.27128457097569514 3.510774948506878 1.0528608671265827 1.1609148295174234 0.29747522569232421 0.46980847846134555 2.4464505281575839
leaf_count=73 5292 344 196 97 220 168
internal_value=-0.000970709 -0.0049999 -0.00783311 0.00448239 0.00207566 0.005876
internal_weight=9.20957 6.19436 4.67169 3.01521 1.52267 2.74393
internal_count=6390 6052 5488 338 564 265
is_linear=0
shrinkage=0.025


Tree=255
num_leaves=7
num_cat=0
split_feature=26 5 24 12 21 25
split_gain=0.729109 0.345477 0.299398 0.360795 0.101786 0.0320755
threshold=-1.0081937313079832 4.746612787246705 -3.6522214412689205 5.9152367115020761 0.038207763805985458 -0.61149841547012318
decision_type=2 2 2 2 2 2
left_child=1 4 5 -4 -1 -2
right_child=2 -3 3 -5 -6 -7
leaf_value=0 0.0021134163897986885 -0.0014651511048696597 -0.0084039944018867076 0.00093192984951813549 0.0080320448230745793 0
leaf_weight=0.1240632594344796 1.166073991837038 0.49479782434354991 3.5075557607888186 0.8809127250642631 3.1004869366370258 0.24969843479630061
leaf_count=168 102 426 4943 368 289 107
internal_value=0 0.00540629 -0.00431155 -0.00636599 0.00747032 0.00108075
internal_weight=9.52359 3.71935 5.80424 4.38847 3.22455 1.41577
internal_count=6403 883 5520 5311 457 209
is_linear=0
shrinkage=0.025


Tree=256
num_leaves=6
num_cat=0
split_feature=27 25 5 13 17
split_gain=0.754024 0.555359 0.394697 0.186164 0.125755
threshold=0.13103462755680087 0.74756243824958812 4.746612787246705 4.5981433391571054 -0.074007134884595857
decision_type=2 2 2 2 2
left_child=2 3 4 -2 -1
right_child=1 -3 -4 -5 -6
leaf_value=0 -0.0018602128040934999 -0.009208806137756308 -0.002136695438367078 0.0039621521335259004 0.0075090928622980856
leaf_weight=0.25420120685885228 1.3934532714629315 2.5698883445547835 0.6222692847077268 1.447549845157482 3.4251360813577776
leaf_count=233 925 4124 494 148 532
internal_value=-0.00063953 -0.00538442 0.00434307 0.000944138 0.00675865
internal_weight=9.7125 5.41089 4.30161 2.841 3.67934
internal_count=6456 5197 1259 1073 765
is_linear=0
shrinkage=0.025


Tree=257
num_leaves=7
num_cat=0
split_feature=26 24 5 21 18 25
split_gain=1.15978 0.415525 0.359912 0.0659841 0.0394624 0.0230797
threshold=-0.9999369978904723 -3.6522214412689205 4.746612787246705 0.038207763805985458 -0.48833377659320826 -0.61149841547012318
decision_type=2 2 2 2 2 2
left_child=2 5 3 -1 -3 -2
right_child=1 4 -4 -5 -6 -7
leaf_value=0 0.0016529343306193834 0 -0.0017265538977183548 0.0075197763837685479 -0.0097958081291542095 -2.0046034895174187e-05
leaf_weight=0.19694302812786268 1.0465538415774061 0.3154428106972772 0.54298830736661319 3.1949927869463863 3.7721022917794471 0.26630180416759675
leaf_count=182 104 358 453 326 4934 98
internal_value=-0.00183676 -0.00733446 0.00489101 0.00709265 -0.00948224 0.000576441
internal_weight=9.33532 5.4004 3.93492 3.39194 4.08755 1.31286
internal_count=6455 5494 961 508 5292 202
is_linear=0
shrinkage=0.025


Tree=258
num_leaves=7
num_cat=0
split_feature=6 26 22 14 21 24
split_gain=0.60998 0.375535 0.185773 0.177501 0.0708047 0.0587495
threshold=3.0476137399673466 -0.88267394900321949 0.033334886655211456 0.10100539773702623 1.2945517897605898 -5.4155149459838858
decision_type=2 2 2 2 2 2
left_child=1 2 -1 -3 5 -2
right_child=4 3 -4 -5 -6 -7
leaf_value=-0.00029160891078001456 0 0.0018054386247834564 0.0072267727197575741 -0.0038695827127390075 0 -0.0072723951074203782
leaf_weight=0.27248237329695291 0.35209571046289112 0.69880920475043273 3.2817262990429299 2.3338579100345669 0.47234328737249587 1.9158096229475632
leaf_count=428 31 907 250 1884 59 2874
internal_value=-0.000469594 0.00293198 0.0060862 -0.001474 -0.00606576 -0.00672855
internal_weight=9.32712 6.58688 3.55421 3.03267 2.74025 2.26791
internal_count=6433 3469 678 2791 2964 2905
is_linear=0
shrinkage=0.025


Tree=259
num_leaves=7
num_cat=0
split_feature=26 5 26 19 22 26
split_gain=0.707872 0.362188 0.323552 0.294442 0.0893633 0.0557571
threshold=-0.99777647852897633 4.746612787246705 -0.38902664184570307 0.54007327556610119 -0.25465190410614008 -0.36093486845493311
decision_type=2 2 2 2 2 2
left_child=1 4 3 -2 -1 -4
right_child=2 -3 5 -5 -6 -7
leaf_value=0 -0.0079733811880857292 -0.0016687464005582645 0.0030916358887895777 0.00050894955994753384 0.0077542633312552836 -0.00013704454714455512
leaf_weight=0.11562820308609012 4.0808230398797605 0.53047459747904202 0.35803564852540148 1.0031413425858771 3.3180909151778906 0.23682072671363119
leaf_count=213 5164 432 27 189 320 83
internal_value=0 0.00510195 -0.00442485 -0.00625742 0.00725822 0.0017154
internal_weight=9.64301 3.96419 5.67882 5.08396 3.43372 0.594856
internal_count=6428 965 5463 5353 533 110
is_linear=0
shrinkage=0.025


Tree=260
num_leaves=7
num_cat=0
split_feature=27 5 26 22 24 23
split_gain=0.531749 0.481601 0.270934 0.259459 0.239983 0.0547925
threshold=0.16882523149251941 4.746612787246705 -0.38902664184570307 0.78722152113914501 0.45376531779766088 -1.333789527416229
decision_type=2 2 2 2 2 2
left_child=1 4 3 -2 -1 -4
right_child=2 -3 5 -5 -6 -7
leaf_value=0.0082881163807816179 -0.0072105825093979753 -0.0025009884038555258 -0.00010826006025103578 0.00062454830673818861 -0.00042780833606975623 0.0030918154101381677
leaf_weight=4.2927285022124124 3.1848959791495872 0.69811675068558532 0.2221583167265635 0.8859405929542844 0.29734020282921836 0.35975788532232389
leaf_count=584 4432 577 80 124 663 33
internal_value=0.000580035 0.00466574 -0.0034276 -0.00541205 0.00714312 0.00174779
internal_weight=9.94094 5.28819 4.65275 4.07084 4.59007 0.581916
internal_count=6493 1824 4669 4556 1247 113
is_linear=0
shrinkage=0.025


Tree=261
num_leaves=7
num_cat=0
split_feature=13 22 15 21 26 13
split_gain=0.642995 0.615278 0.394356 0.316129 0.130293 0.0402799
threshold=4.2883481979370126 0.78722152113914501 0.35107326507568365 0.016100777313113216 -1.0081937313079832 3.1040562391281132
decision_type=2 2 2 2 2 2
left_child=1 -1 3 -2 -4 -3
right_child=2 5 4 -5 -6 -7
leaf_value=-0.0092163339302169904 -0.0010466463842095472 0 0.00089920716327827042 0.0080116298659395884 -0.0042938657815163065 0.0028702845258853612
leaf_weight=2.95178407808271 0.44766494415307567 0.37222921663487785 0.47653068334329873 2.9862262904571253 0.82327341190830317 1.0593142394864115
leaf_count=4224 733 73 23 740 653 59
internal_value=-0.00114895 -0.00579975 0.00328252 0.00616927 -0.00219528 0.00196149
internal_weight=9.11702 4.38333 4.7337 3.43389 1.2998 1.43154
internal_count=6505 4356 2149 1473 676 132
is_linear=0
shrinkage=0.025


Tree=262
num_leaves=6
num_cat=0
split_feature=13 15 21 24 26
split_gain=0.858454 0.403979 0.430899 0.325964 0.128143
threshold=4.0124621391296396 0.35107326507568365 0.016100777313113216 -5.4155149459838858 -1.0081937313079832
decision_type=2 2 2 2 2
left_child=3 2 -2 -1 -3
right_child=1 4 -4 -5 -6
leaf_value=0.00078427766379596828 -0.0014831470050474891 0.0010823187793897731 0.0088084827167786654 -0.0083318236164276385 -0.0039585762568631029
leaf_weight=0.79727906324478715 0.54010253819069465 0.56280955045076553 3.7827096752953366 2.8683682221999334 0.92609915174034518
leaf_count=53 929 27 955 3843 707
internal_value=-0.000210936 0.00420445 0.00674641 -0.00631934 -0.0017242
internal_weight=9.47737 5.81172 4.32281 3.66565 1.48891
internal_count=6514 2618 1884 3896 734
is_linear=0
shrinkage=0.025


Tree=263
num_leaves=6
num_cat=0
split_feature=21 19 6 20 27
split_gain=0.951394 0.708784 0.137355 0.153065 0.0485175
threshold=0.94285640120506298 0.20129314064979556 4.694951295852662 1.3875110149383547 0.16298390924930575
decision_type=2 2 2 2 2
left_child=1 -1 3 -2 -3
right_child=2 4 -4 -5 -6
leaf_value=-0.010181675694094896 0.007011371936538795 0.0025600433687585594 -0.00020144694083808928 0 -0.0001409708066257507
leaf_weight=3.0756131400448794 2.8986474080847993 1.7919161023819472 0.22941955822170701 0.47807173693581706 0.6791043458651983
leaf_count=5166 236 390 59 129 454
internal_value=-0.00121387 -0.00622343 0.00490425 0.00591044 0.00138361
internal_weight=9.15277 5.54663 3.60614 3.37672 2.47102
internal_count=6434 6010 424 365 844
is_linear=0
shrinkage=0.025


Tree=264
num_leaves=7
num_cat=0
split_feature=26 19 5 0 1 21
split_gain=0.590938 0.354029 0.345187 0.323766 0.0612452 0.0497146
threshold=-1.0081937313079832 0.54007327556610119 4.746612787246705 0.33183918893337255 4.0667455196380624 0.038207763805985458
decision_type=2 2 2 2 2 2
left_child=2 3 5 -2 -3 -1
right_child=1 4 -4 -5 -6 -7
leaf_value=0 0.0012120344605093588 0.0031266401737485927 -0.0015721970924028996 -0.007648309280119326 -0.00022307786887826883 0.0075940106183954503
leaf_weight=0.17317162054314472 0.42152716337295704 1.0426945621729826 0.50704359318842751 4.3346515911071037 0.21653990175400384 2.8221370785831823
leaf_count=166 129 95 408 5241 110 278
internal_value=0 -0.00370786 0.00506236 -0.00600371 0.00183403 0.00724801
internal_weight=9.51777 6.01541 3.50235 4.75618 1.25923 2.99531
internal_count=6427 5575 852 5370 205 444
is_linear=0
shrinkage=0.025


Tree=265
num_leaves=7
num_cat=0
split_feature=6 25 14 21 2 24
split_gain=0.593614 0.594129 0.260009 0.110724 0.0902981 0.0836819
threshold=2.8988200426101689 0.74756243824958812 0.13948641717433932 1.2945517897605898 1.6011350750923159 -5.4155149459838858
decision_type=2 2 2 2 2 2
left_child=1 4 -3 5 -1 -2
right_child=3 2 -4 -5 -6 -7
leaf_value=0 0 0.0020000826073855319 -0.005051230393206145 0 0.0080575066638730684 -0.006855784350069085
leaf_weight=0.088295945133723186 0.40139176826051026 0.8959012594968957 1.7962412671804484 0.65836619067704294 3.6677137059123197 1.873269063718908
leaf_count=58 31 1136 1583 65 424 3112
internal_value=0 0.00384735 -0.00211737 -0.0050405 0.00760416 -0.00610073
internal_weight=9.38118 6.44815 2.69214 2.93303 3.75601 2.27466
internal_count=6409 3201 2719 3208 482 3143
is_linear=0
shrinkage=0.025


Tree=266
num_leaves=7
num_cat=0
split_feature=21 7 19 26 12 18
split_gain=0.616476 0.392577 0.441248 0.188445 0.148142 0.0526133
threshold=0.97342437505722057 5.0708143711090097 0.49783010780811315 -0.80622163414955128 2.8749662637710576 0.004425700521096588
decision_type=2 2 2 2 2 2
left_child=1 2 -1 4 -2 -3
right_child=3 5 -4 -5 -6 -7
leaf_value=-0.0094928028960076551 -3.9821505331190247e-05 -3.3320862497616194e-05 0.00075104106603587342 -0.00088345739295582352 0.0066514511086336343 0.0030839767225402095
leaf_weight=3.4724958809638338 0.3747302317060538 0.23217909388404212 1.3365187525741928 0.40241860019159492 2.6559368951129727 0.46078495547772036
leaf_count=5523 70 211 299 140 183 57
internal_value=-0.000937628 -0.00502307 -0.00707704 0.00396489 0.00553616 0.00182973
internal_weight=8.93506 5.50198 4.80901 3.43309 3.03067 0.692964
internal_count=6483 6090 5822 393 253 268
is_linear=0
shrinkage=0.025


Tree=267
num_leaves=7
num_cat=0
split_feature=26 5 0 24 18 2
split_gain=0.550271 0.51592 0.31186 0.23641 0.126831 0.0429397
threshold=-0.88267394900321949 4.0397942066192636 0.33183918893337255 0.45376531779766088 0.83700874447822582 -0.10659305378794669
decision_type=2 2 2 2 2 2
left_child=1 3 5 -1 -4 -2
right_child=2 -3 4 -5 -6 -7
leaf_value=0.007608717209277552 -2.5765011835669118e-05 -0.0029239389117796878 -0.0080137096064516414 -0.00057683800005455118 0 0.0026840739802731425
leaf_weight=4.2676430048086331 0.22728564266435569 1.3142318009122389 2.5626103796566899 0.32126503828840203 0.28208255355275458 0.1625719721996578
leaf_count=696 97 1214 3660 779 29 18
internal_value=-5.64375e-07 0.00334609 -0.00519044 0.00638189 -0.0071976 0.00138632
internal_weight=9.13769 5.90314 3.23455 4.58891 2.84469 0.389858
internal_count=6493 2689 3804 1475 3689 115
is_linear=0
shrinkage=0.025


Tree=268
num_leaves=7
num_cat=0
split_feature=26 25 27 12 13 22
split_gain=0.463061 0.330009 0.342237 0.268175 0.219687 0.0538359
threshold=-1.0081937313079832 0.41873484849929815 0.72676369547843944 2.6188119649887089 4.1089906692504892 -0.25465190410614008
decision_type=2 2 2 2 2 2
left_child=3 4 -3 -1 -2 -5
right_child=1 2 -4 5 -6 -7
leaf_value=-0.0013332505365953849 -0.002279877935051319 -0.0084636566496755807 0.0011169956812853547 0 0.0040576356953956642 0.0067167734295164499
leaf_weight=0.47605379693050087 1.1992503007204507 2.5641095864411914 0.42476235101639748 0.08140807773088532 1.7619581119433858 2.6743330859062548
leaf_count=412 855 4450 93 170 237 272
internal_value=0 -0.00350742 -0.00647283 0.00433516 0.00088605 0.00634847
internal_weight=9.18188 5.95008 2.98887 3.23179 2.96121 2.75574
internal_count=6489 5635 4543 854 1092 442
is_linear=0
shrinkage=0.025


Tree=269
num_leaves=7
num_cat=0
split_feature=21 19 7 12 20 12
split_gain=0.596712 0.32712 0.474415 0.17513 0.149945 0.0442006
threshold=0.94285640120506298 0.63685172796249401 5.0708143711090097 2.8749662637710576 0.87975242733955394 2.4567506313323979
decision_type=2 2 2 2 2 2
left_child=1 2 -1 -2 -5 -3
right_child=3 5 -4 4 -6 -7
leaf_value=-0.0085346945557593142 -0.00045181225012858327 -4.4150226644846597e-05 0.0017829229756878295 0.0072359819832398644 0 0.0026310997004714877
leaf_weight=3.7911228125303751 0.44570487472810816 0.19679401492612658 0.70082093996097672 2.7016050680649646 0.55385186615603732 1.0456864222214788
leaf_count=5558 90 99 276 201 139 76
internal_value=0 -0.00400003 -0.00617528 0.00480857 0.00612329 0.0015102
internal_weight=9.43559 5.73442 4.49194 3.70116 3.25546 1.24248
internal_count=6439 6009 5834 430 340 175
is_linear=0
shrinkage=0.025


Tree=270
num_leaves=7
num_cat=0
split_feature=21 19 1 13 6 20
split_gain=0.598912 0.459654 0.35021 0.160964 0.144598 0.138111
threshold=0.94285640120506298 0.20129314064979556 0.11251632124185564 2.9677381515502934 4.694951295852662 1.3875110149383547
decision_type=2 2 2 2 2 2
left_child=1 2 -1 -3 5 -2
right_child=4 3 -4 -5 -6 -7
leaf_value=0.00087647512329772645 0.0070070763946092048 -0.0016445100647996308 -0.0091919764888857541 0.0038479429492105596 -0.00023979364020541638 0
leaf_weight=0.48582511210406698 2.9398906169844858 0.52455495144022313 2.6351802904318902 1.981147097507346 0.23811610613483924 0.36845642025582481
leaf_count=151 224 432 5007 410 61 121
internal_value=0 -0.00389079 -0.00728041 0.00153588 0.00499752 0.00604419
internal_weight=9.17317 5.62671 3.12101 2.5057 3.54646 3.30835
internal_count=6406 6000 5158 842 406 345
is_linear=0
shrinkage=0.025


Tree=271
num_leaves=5
num_cat=0
split_feature=21 5 26 13
split_gain=0.741486 0.323072 0.355271 0.01516
threshold=0.23615141957998279 4.0237820148468026 -0.79668352007865895 3.4484940767288212
decision_type=2 2 2 2
left_child=-1 2 -2 -3
right_child=1 3 -4 -5
leaf_value=-0.0075294029529008686 0.0069234906981226994 -0.0029198598678886471 -0.0013336856775038809 0
leaf_weight=2.5497433502496278 4.2794645001195022 0.69277722717015411 1.2592028178405597 0.094023824320174754
leaf_count=4422 859 400 655 16
internal_value=-0.0016022 0.00250447 0.00471108 -0.00259802
internal_weight=8.87521 6.32547 5.53867 0.786801
internal_count=6352 1930 1514 416
is_linear=0
shrinkage=0.025


Tree=272
num_leaves=7
num_cat=0
split_feature=6 25 26 17 19 14
split_gain=0.509868 0.440757 0.256179 0.0932468 0.0747836 0.0275776
threshold=3.2804559469223027 0.74756243824958812 -1.0148006677627561 1.1572020649909975 -0.42811937630176539 -1.2284833788871763
decision_type=2 2 2 2 2 2
left_child=1 4 -3 5 -1 -2
right_child=3 2 -4 -5 -6 -7
leaf_value=0 0 0.0025298165781079073 -0.0043212433073647307 0 0.0073868595537124691 -0.0057745410269411787
leaf_weight=0.058906238758936857 0.20155519888430729 0.86904933755795388 2.2567536418937379 0.57341784516756877 3.916551044316293 1.6156546453785268
leaf_count=65 79 52 3126 78 588 2501
internal_value=0.000505251 0.00382751 -0.00126272 -0.0044307 0.00700001 -0.00546179
internal_weight=9.49189 7.10126 3.1258 2.39063 3.97546 1.81721
internal_count=6489 3831 3178 2658 653 2580
is_linear=0
shrinkage=0.025


Tree=273
num_leaves=7
num_cat=0
split_feature=26 22 27 5 21 25
split_gain=0.527764 0.299628 0.349724 0.265501 0.0892839 0.0245607
threshold=-1.0081937313079832 0.78722152113914501 0.72676369547843944 4.746612787246705 0.038207763805985458 -0.61149841547012318
decision_type=2 2 2 2 2 2
left_child=3 2 -2 4 -1 -3
right_child=1 5 -4 -5 -6 -7
leaf_value=0 -0.0079042450147602961 0.0020396595184370386 0.0013508826798753657 -0.001321156801872641 0.0069021372924897729 0
leaf_weight=0.1287657436187154 3.9422839750804997 1.1078740837256189 0.390781364738359 0.47191498891697836 2.7523139497170632 0.22292245475546213
leaf_count=177 5373 87 87 425 276 82
internal_value=-3.1477e-05 -0.00402475 -0.00612336 0.00433715 0.00630718 0.00126055
internal_weight=9.01686 5.66386 4.33307 3.35299 2.88108 1.3308
internal_count=6507 5629 5460 878 453 169
is_linear=0
shrinkage=0.025


Tree=274
num_leaves=7
num_cat=0
split_feature=21 5 14 19 16 15
split_gain=0.46544 0.380788 0.282207 0.0370939 0.0292724 0.0307801
threshold=0.0042810691520571717 4.0397942066192636 0.3914469331502915 0.9169307053089143 1.3912338018417361 2.9351965188980107
decision_type=2 2 2 2 2 2
left_child=4 2 -2 -3 5 -1
right_child=1 3 -4 -5 -6 -7
leaf_value=-0.0057296863684612349 0.0072733711697387064 -0.0033645920932922711 -0.00010744471544074332 0 0 0
leaf_weight=1.6422094553054192 4.1159490661266318 0.79420792605742452 2.3629610420648532 0.18742182001005858 0.13947209508478398 0.070323581614502362
leaf_count=3109 1680 613 991 11 66 18
internal_value=0 0.00297622 0.00516273 -0.0026627 -0.00513288 -0.00544238
internal_weight=9.31254 7.46054 6.47891 0.98163 1.85201 1.71253
internal_count=6488 3295 2671 624 3193 3127
is_linear=0
shrinkage=0.025


Tree=275
num_leaves=7
num_cat=0
split_feature=21 6 15 21 15 15
split_gain=0.446218 0.337099 0.251929 0.0835266 0.0322044 0.0298688
threshold=0.0042810691520571717 3.190449714660645 0.33399999141693121 1.7831944823265078 -0.73206302523612965 2.9351965188980107
decision_type=2 2 2 2 2 2
left_child=4 2 -2 -3 -1 -6
right_child=1 3 -4 -5 5 -7
leaf_value=0 0.0072059256747018276 -0.0034653861280208361 -0.00010961600152641393 0.00049396976900168224 -0.0055822657908479985 0
leaf_weight=0.14365677411842637 3.7830893346799712 1.2766388516756704 1.8258379966609934 0.43080587231088419 1.5843963954830536 0.070338239296688809
leaf_count=71 1381 1290 561 18 3074 18
internal_value=0 0.0030223 0.0053061 -0.00191106 -0.00494714 -0.00529406
internal_weight=9.11476 7.31637 5.60893 1.70744 1.79839 1.65473
internal_count=6413 3250 1942 1308 3163 3092
is_linear=0
shrinkage=0.025


Tree=276
num_leaves=7
num_cat=0
split_feature=21 27 19 27 13 23
split_gain=0.600177 0.311046 0.296443 0.151347 0.14726 0.0460202
threshold=0.94285640120506298 0.70671871304512035 0.20129314064979556 0.30254539847373968 2.220696330070496 -1.333789527416229
decision_type=2 2 2 2 2 2
left_child=1 2 -1 4 -2 -3
right_child=3 5 -4 -5 -6 -7
leaf_value=-0.0082031663698784712 -1.7550220202170622e-05 0 0 -0.00015791917930939973 0.0070453815287781904 0.0029806851857268443
leaf_weight=2.8441376360642607 0.2034195873129655 0.19637964045978151 2.162610690229485 0.54362077871337522 2.9475022864135099 0.36920463946808002
leaf_count=5105 73 74 833 147 208 43
internal_value=0 -0.00397568 -0.00585098 0.00489116 0.00609156 0.00184474
internal_weight=9.26688 5.57233 5.00675 3.69454 3.15092 0.565584
internal_count=6483 6055 5938 428 281 117
is_linear=0
shrinkage=0.025


Tree=277
num_leaves=7
num_cat=0
split_feature=13 25 17 15 26 24
split_gain=0.704632 0.324604 0.168759 0.168757 0.109375 0.0986526
threshold=4.0124621391296396 2.6970440149307255 0.0085342894308269041 1.2612855434417727 -1.0396567583084104 -5.4155149459838858
decision_type=2 2 2 2 2 2
left_child=3 2 -2 5 -3 -1
right_child=1 4 -4 -5 -6 -7
leaf_value=0 -7.8357665644229551e-05 0.00094287506614942657 0.0071126694790013562 9.2711655362296177e-06 -0.0036848309468108294 -0.0080193689224838157
leaf_weight=0.3965292692191732 0.41467035320238244 0.53393450866860781 3.4218670512927929 0.46934627849986998 0.83892518960783491 2.4368609905068297
leaf_count=40 445 29 815 159 1299 3635
internal_value=-0.000565858 0.00361726 0.00602359 -0.00612159 -0.00157663 -0.00729272
internal_weight=8.51213 5.2094 3.83654 3.30274 1.37286 2.83339
internal_count=6422 2588 1260 3834 1328 3675
is_linear=0
shrinkage=0.025


Tree=278
num_leaves=7
num_cat=0
split_feature=27 27 19 5 24 23
split_gain=0.472652 0.321697 0.314318 0.313399 0.0962831 0.047819
threshold=0.13103462755680087 0.70671871304512035 0.54007327556610119 4.746612787246705 0.45376531779766088 -1.333789527416229
decision_type=2 2 2 2 2 2
left_child=3 2 -2 4 -1 -3
right_child=1 5 -4 -5 -6 -7
leaf_value=0.0066373211628419672 -0.0080000635254489499 0 0.00071555051909470225 -0.0018648414425951013 0 0.0030255203277819755
leaf_weight=3.3402507202627025 3.436703236446192 0.19606164159631589 0.93721182698209293 0.57569620347203443 0.15368365722679289 0.35797378888673836
leaf_count=394 4915 81 163 500 352 40
internal_value=0 -0.00407237 -0.00608025 0.00379702 0.00601434 0.00185729
internal_weight=8.99758 4.92795 4.37392 4.06963 3.49393 0.554035
internal_count=6445 5199 5078 1246 746 121
is_linear=0
shrinkage=0.025


Tree=279
num_leaves=7
num_cat=0
split_feature=27 19 6 18 21 23
split_gain=0.74117 0.365525 0.336684 0.119801 0.0450998 0.028706
threshold=0.10864472761750223 0.54007327556610119 4.0995640754699716 0.46228502690792089 0.038207763805985458 -4.0942981243133536
decision_type=2 2 2 2 2 2
left_child=2 3 4 -2 -1 -3
right_child=1 5 -4 -5 -6 -7
leaf_value=0 -0.0094897365127002628 -4.2760923914091436e-05 -0.0020916243786564077 0 0.0064443482336832697 0.0019271054485808848
leaf_weight=0.16925798898955768 3.0197340923186862 0.098938840936170891 0.61905977209607943 0.94515794401013398 2.6494436362590932 0.92144176807050804
leaf_count=122 4913 63 655 330 209 132
internal_value=-0.00217267 -0.00650824 0.00350481 -0.00849756 0.00608486 0.000821079
internal_weight=8.42303 4.98527 3.43776 3.96489 2.8187 1.02038
internal_count=6424 5438 986 5243 331 195
is_linear=0
shrinkage=0.025


Tree=280
num_leaves=7
num_cat=0
split_feature=19 13 21 6 26 14
split_gain=0.431691 0.415105 0.327583 0.245302 0.178507 0.0969108
threshold=0.20129314064979556 5.4501395225524911 1.1944395303726199 3.9318096637725835 -0.79492992162704457 0.35053466260433203
decision_type=2 2 2 2 2 2
left_child=1 2 -1 4 -2 -3
right_child=3 5 -4 -5 -6 -7
leaf_value=-0.0087962226569622982 0.0068126900458967401 0.0037605939951627569 0.00057206288365178849 -0.0014943735461533149 -0.00019588279006195171 -0.00064134130548279197
leaf_weight=2.6359364405216188 2.9404229584724826 0.90360101604892384 0.89797097768314404 0.48737874519792956 0.5600215234881033 0.34208867542838561
leaf_count=4829 379 339 100 409 244 162
internal_value=-1.54065e-05 -0.00396422 -0.00674291 0.00359446 0.00550048 0.00200537
internal_weight=8.76742 4.7796 3.53391 3.98782 3.50044 1.24569
internal_count=6462 5430 4929 1032 623 501
is_linear=0
shrinkage=0.025


Tree=281
num_leaves=7
num_cat=0
split_feature=22 13 14 17 13 23
split_gain=0.422507 0.47642 0.25472 0.157679 0.100579 0.0695623
threshold=0.78722152113914501 4.5427772998809823 0.3914469331502915 1.1572020649909975 2.5990464687347417 -4.8647899627685538
decision_type=2 2 2 2 2 2
left_child=1 3 -3 -1 -2 -6
right_child=4 2 -4 -5 5 -7
leaf_value=-0.0077239314576396673 0 0.0048359228999044204 -0.0021115403411463779 0 0 0.0061247945784876634
leaf_weight=2.6877469048467906 0.16147752702818285 2.1235797858753362 0.73371680916534376 0.76519716835173301 0.32755375110718921 2.3338615162901988
leaf_count=4520 45 1164 432 102 91 145
internal_value=0 -0.0029026 0.00204805 -0.00652686 0.00464487 0.0054986
internal_weight=9.13313 6.31024 2.8573 3.45294 2.82289 2.66142
internal_count=6499 6218 1596 4622 281 236
is_linear=0
shrinkage=0.025


Tree=282
num_leaves=7
num_cat=0
split_feature=6 25 7 17 1 14
split_gain=0.455317 0.385132 0.172651 0.0786049 0.0628177 0.0196585
threshold=3.2804559469223027 0.74756243824958812 5.0708143711090097 1.1572020649909975 1.7286303639411928 -1.2284833788871763
decision_type=2 2 2 2 2 2
left_child=1 4 -3 5 -1 -2
right_child=3 2 -4 -5 -6 -7
leaf_value=0 0 -0.0036232255087047804 0.0019638893281496406 0 0.0069181822224193548 -0.0055268875391951446
leaf_weight=0.072506878430431576 0.20641303487718698 2.3940076459275592 0.66389891965081904 0.59089560598658852 3.7554648916375299 1.4616407448829705
leaf_count=55 76 2881 254 80 593 2455
internal_value=0.000323082 0.00355346 -0.00116865 -0.00432791 0.00655902 -0.00526861
internal_weight=9.14483 6.88588 3.05791 2.25895 3.82797 1.66805
internal_count=6394 3783 3135 2611 648 2531
is_linear=0
shrinkage=0.025


Tree=283
num_leaves=7
num_cat=0
split_feature=6 25 26 2 21 24
split_gain=0.491111 0.378747 0.195812 0.0642563 0.0434508 0.0213963
threshold=3.3542866706848149 0.74756243824958812 -1.0148006677627561 1.6011350750923159 1.7831944823265078 -5.4155149459838858
decision_type=2 2 2 2 2 2
left_child=1 3 -3 -1 5 -2
right_child=4 2 -4 -5 -6 -7
leaf_value=0 0 0.0019741193064376169 -0.0040112358871282781 0.0066353260436274701 0 -0.005885575505993796
leaf_weight=0.07551616104319725 0.27894489534082834 0.78649526387380353 2.1578126548611181 3.6072922950224893 0.23034163919510309 1.6413105610172352
leaf_count=57 25 59 3126 596 20 2530
internal_value=0 0.00317784 -0.00138948 0.00624655 -0.00514829 -0.00559565
internal_weight=8.77771 6.62712 2.94431 3.68281 2.1506 1.92026
internal_count=6413 3838 3185 653 2575 2555
is_linear=0
shrinkage=0.025


Tree=284
num_leaves=7
num_cat=0
split_feature=13 15 22 22 26 18
split_gain=0.422508 0.360754 0.313545 0.213203 0.111302 0.109696
threshold=4.2226309776306161 0.35107326507568365 0.78722152113914501 -0.30454127490520472 -1.0081937313079832 0.53299450874328624
decision_type=2 2 2 2 2 2
left_child=2 3 5 -2 -3 -1
right_child=1 4 -4 -5 -6 -7
leaf_value=-0.0070857935199046722 -0.00037344567393603244 0.00090452889246564082 0.0015332257239324071 0.0077574864454281276 -0.0037978524937402149 0
leaf_weight=2.2725665976577152 0.30024155497812932 0.52523910373565741 1.2678355750576882 3.1237597732542781 0.74504395776239085 0.60811881400513801
leaf_count=3869 406 27 129 1097 642 231
internal_value=0 0.00391669 -0.0035509 0.00650411 -0.0016859 -0.00613468
internal_weight=8.84281 4.69428 4.14852 3.424 1.27028 2.88069
internal_count=6401 2172 4229 1503 669 4100
is_linear=0
shrinkage=0.025


Tree=285
num_leaves=7
num_cat=0
split_feature=6 26 14 24 24 21
split_gain=0.456264 0.392232 0.272831 0.134955 0.0473986 0.0656167
threshold=3.0476137399673466 -0.89381685853004444 0.10100539773702623 0.08673876523971559 -5.4155149459838858 1.7831944823265078
decision_type=2 2 2 2 2 2
left_child=1 3 -3 -1 -2 -6
right_child=4 2 -4 -5 5 -7
leaf_value=0.0070381288375707327 0 0.0024396200240893585 -0.0047109528946497163 0 -0.0062640032635592896 0
leaf_weight=2.9841318765866167 0.42791500809835303 0.79849612051111796 2.100468901291606 0.19763352005611512 1.8378265101910076 0.20698146492941294
leaf_count=274 33 960 1954 312 2913 17
internal_value=-7.61092e-05 0.00281133 -0.0016526 0.00616681 -0.00514312 -0.0056801
internal_weight=8.55345 6.08073 2.89897 3.18177 2.47272 2.04481
internal_count=6463 3500 2914 586 2963 2930
is_linear=0
shrinkage=0.025


Tree=286
num_leaves=7
num_cat=0
split_feature=21 22 27 26 12 11
split_gain=0.558087 0.366824 0.361739 0.135606 0.130762 0.0538331
threshold=0.94285640120506298 0.7221142351627351 0.72676369547843944 -0.80622163414955128 2.8749662637710576 2.2416878938674931
decision_type=2 2 2 2 2 2
left_child=1 2 -1 4 -2 -3
right_child=3 5 -4 -5 -6 -7
leaf_value=-0.0084421495948036121 0 -0.00021983588038951239 0.0012338529113314375 -0.00014978146740030911 0.0066231928394667079 0.0028271041961441881
leaf_weight=3.6268283866920683 0.34031138871796507 0.18836736136290699 0.41179935191757966 0.54169594825361844 2.56044893428043 1.153576939825143
leaf_count=5801 78 64 93 153 197 93
internal_value=-2.81711e-06 -0.00420453 -0.00662729 0.00442483 0.00562433 0.00157778
internal_weight=8.82303 5.38057 4.03863 3.44246 2.90076 1.34194
internal_count=6479 6051 5894 428 275 157
is_linear=0
shrinkage=0.025


Tree=287
num_leaves=6
num_cat=0
split_feature=6 21 15 24 21
split_gain=0.5545 0.345097 0.280652 0.17231 0.0523384
threshold=2.6114666461944585 0.016100777313113216 0.35107326507568365 -3.6522214412689205 1.7831944823265078
decision_type=2 2 2 2 2
left_child=1 -1 -3 -2 -5
right_child=3 2 -4 4 -6
leaf_value=-0.0021703853205762005 5.8002677868727287e-05 0.0077076830564567315 -0.00033841508191162484 -0.0071065716098695419 0
leaf_weight=0.70643200333870471 0.87443264563989975 3.3951719658070942 1.3846332937100667 1.9636205803144551 0.20145048416452471
leaf_count=1343 124 1020 472 3439 18
internal_value=0 0.00359152 0.00575642 -0.00512668 -0.00667218
internal_weight=8.52574 5.48624 4.77981 3.0395 2.16507
internal_count=6416 2835 1492 3581 3457
is_linear=0
shrinkage=0.025


Tree=288
num_leaves=7
num_cat=0
split_feature=21 14 5 27 15 15
split_gain=0.486018 0.411825 0.418121 0.178765 0.0310183 0.0290239
threshold=0.0042810691520571717 0.3914469331502915 4.0237820148468026 0.22361062467098239 -0.73206302523612965 2.9351965188980107
decision_type=2 2 2 2 2 2
left_child=4 2 -2 -3 -1 -6
right_child=1 3 -4 -5 5 -7
leaf_value=0 0.008262666847950767 0.0012463528502145551 -0.0014893066879805479 -0.0045793867066945765 -0.0054594466906788888 0
leaf_weight=0.13854941537101706 4.2391153049611603 1.4348056028393332 0.69495505485610909 0.92014122004911758 1.5468569896802358 0.06572518435859831
leaf_count=80 1658 437 455 745 3078 16
internal_value=0.000259846 0.00345981 0.00620171 -0.00174584 -0.00483168 -0.00517359
internal_weight=9.04015 7.28902 4.93407 2.35495 1.75113 1.61258
internal_count=6469 3295 2113 1182 3174 3094
is_linear=0
shrinkage=0.025


Tree=289
num_leaves=7
num_cat=0
split_feature=26 26 24 5 23 21
split_gain=0.415038 0.261061 0.227408 0.224738 0.0505127 0.0472588
threshold=-1.0081937313079832 -0.38902664184570307 -3.6522214412689205 4.746612787246705 -1.333789527416229 0.038207763805985458
decision_type=2 2 2 2 2 2
left_child=3 2 -2 5 -3 -1
right_child=1 4 -4 -5 -6 -7
leaf_value=0 0.00024603418468686905 -6.0970717002585214e-05 -0.0069472272010187019 -0.0011472094793082241 0.0029662967402217938 0.0062440799519431697
leaf_weight=0.17891401786982974 1.2684814893545988 0.21693124856392387 3.670516658179622 0.43794171439367335 0.36111891538166663 2.5165393585666607
leaf_count=169 201 78 5278 418 36 287
internal_value=0 -0.00350471 -0.00527657 0.00400128 0.00167345 0.00585183
internal_weight=8.65044 5.51705 4.939 3.1334 0.57805 2.69545
internal_count=6467 5593 5479 874 114 456
is_linear=0
shrinkage=0.025


Tree=290
num_leaves=7
num_cat=0
split_feature=25 6 26 18 2 22
split_gain=0.713274 0.5229 0.32048 0.088193 0.0731706 0.0417758
threshold=0.74756243824958812 3.0701851844787602 -1.0359588265419004 1.1788150072097781 1.6011350750923159 0.92108449339866649
decision_type=2 2 2 2 2 2
left_child=1 4 -2 -4 -1 -3
right_child=2 5 3 -5 -6 -7
leaf_value=0 0.00075616008319699343 -0.0034318256296711142 -0.0088767122587311131 0 0.0072080739930692125 0
leaf_weight=0.081047832434706257 0.76032259663043111 1.1429742236723539 2.5003456844788166 0.11428252118639637 3.5478667399729602 0.52265822335903056
leaf_count=58 297 1068 4455 3 506 48
internal_value=-0.000892332 0.00338289 -0.006361 -0.00838896 0.00679474 -0.00263379
internal_weight=8.6695 5.29455 3.37495 2.61463 3.62891 1.66563
internal_count=6435 1680 4755 4458 564 1116
is_linear=0
shrinkage=0.025


Tree=291
num_leaves=6
num_cat=0
split_feature=22 13 26 19 19
split_gain=0.56895 0.346618 0.366473 0.0348948 0.0236478
threshold=0.033334886655211456 3.1717847585678105 -0.79668352007865895 -0.44192984700202936 0.34236119687557226
decision_type=2 2 2 2 2
left_child=4 3 -3 -2 -1
right_child=1 2 -4 -5 -6
leaf_value=-0.0071325471549119716 0 0.0070033570514930511 -0.0015305301095433579 -0.0034749102478674656 0
leaf_weight=2.0832320737154082 0.19819107869625441 3.7353905365962414 1.0383836927831001 0.85027529283615855 0.18670697984998685
leaf_count=4450 44 549 619 632 146
internal_value=-0.00165163 0.00205586 0.00467426 -0.00284141 -0.00689447
internal_weight=8.09218 5.82224 4.77377 1.04847 2.26994
internal_count=6440 1844 1168 676 4596
is_linear=0
shrinkage=0.025


Tree=292
num_leaves=7
num_cat=0
split_feature=21 7 22 3 20 7
split_gain=0.458525 0.333898 0.401265 0.109295 0.1308 0.0459084
threshold=0.94285640120506298 5.0708143711090097 0.7221142351627351 5.9767436981201181 0.87975242733955394 5.4622042179107675
decision_type=2 2 2 2 2 2
left_child=1 2 -1 4 -2 -3
right_child=3 5 -4 -5 -6 -7
leaf_value=-0.0084964156255469062 0.0061274071088198668 0.0030133323270062429 0.00095672087509719695 -0.00016149552405796269 0 0
leaf_weight=3.2237761597698409 2.3510581257323802 0.46229135055182258 1.2932055812852921 0.25802101095905516 0.54172824453416968 0.20238166975832428
leaf_count=5640 208 148 158 57 152 120
internal_value=-0.000162255 -0.00397474 -0.00605253 0.00393289 0.00496091 0.00192108
internal_weight=8.33246 5.18165 4.51698 3.15081 2.89279 0.664673
internal_count=6483 6066 5798 417 360 268
is_linear=0
shrinkage=0.025


Tree=293
num_leaves=7
num_cat=0
split_feature=6 21 14 21 4 18
split_gain=0.574811 0.334619 0.201508 0.0651449 0.0205732 0.0172509
threshold=2.8988200426101689 0.016100777313113216 0.42531791329383856 1.2945517897605898 3.6356726884841923 1.0272675752639773
decision_type=2 2 2 2 2 2
left_child=1 4 -3 5 -1 -2
right_child=3 2 -4 -5 -6 -7
leaf_value=-0.0025336981779353345 -0.0063479483758704953 0.007311226742550571 0 0 0 0
leaf_weight=0.7907106363782076 1.8073500657537809 3.3661796820233576 1.7059700484496714 0.53731736671761599 0.096561610698699951 0.11831270995025978
leaf_count=1572 3122 1105 629 62 1 17
internal_value=0 0.00352842 0.00564767 -0.00546406 -0.0020323 -0.00616857
internal_weight=8.4224 5.95942 5.07215 2.46298 0.887272 1.92566
internal_count=6508 3307 1734 3201 1573 3139
is_linear=0
shrinkage=0.025


Tree=294
num_leaves=6
num_cat=0
split_feature=21 6 15 21 15
split_gain=0.480686 0.261135 0.169022 0.0641319 0.0279185
threshold=0.016100777313113216 3.0476137399673466 0.35107326507568365 1.2945517897605898 2.9351965188980107
decision_type=2 2 2 2 2
left_child=4 2 -2 -3 -1
right_child=1 3 -4 -5 -6
leaf_value=-0.0054495297128097156 0.0067285201409383044 -0.0027908789572678927 0 0.00049861102231419199 0
leaf_weight=1.5646428304808067 3.4422093849316298 1.1906808921448826 1.6988089959086208 0.76008305037976231 0.066575768807524471
leaf_count=3284 1290 1340 528 64 16
internal_value=0 0.00318841 0.00522226 -0.00117331 -0.00517377
internal_weight=8.723 7.09178 5.14102 1.95076 1.63122
internal_count=6522 3222 1818 1404 3300
is_linear=0
shrinkage=0.025


Tree=295
num_leaves=7
num_cat=0
split_feature=27 6 26 18 17 23
split_gain=0.422431 0.473295 0.317069 0.174373 0.0617955 0.0483214
threshold=0.17022262513637546 4.0995640754699716 -0.38902664184570307 0.46228502690792089 -0.26949732005596155 -1.333789527416229
decision_type=2 2 2 2 2 2
left_child=1 4 3 -2 -1 -4
right_child=2 -3 5 -5 -6 -7
leaf_value=0 -0.0077020952109449307 -0.0029324259527196053 0 0 0.0068155845550629361 0.0029785721394905199
leaf_weight=0.25610332856740603 2.4319525737337249 0.80531538687864657 0.20307662867708132 1.0131456804083425 3.5567889108206145 0.35632467748655461
leaf_count=149 4244 1010 76 281 693 31
internal_value=0 0.00342717 -0.00409571 -0.00626902 0.00638121 0.00176506
internal_weight=8.62271 4.61821 4.0045 3.4451 3.81289 0.559401
internal_count=6484 1852 4632 4525 842 107
is_linear=0
shrinkage=0.025


Tree=296
num_leaves=7
num_cat=0
split_feature=22 17 27 0 11 25
split_gain=0.476056 0.344121 0.404537 0.143039 0.117251 0.0914168
threshold=0.75029388070106517 0.5706164836883546 0.72676369547843944 4.0013473033905038 2.2054876089096074 -0.27216422557830805
decision_type=2 2 2 2 2 2
left_child=1 2 -1 -3 -2 -6
right_child=4 3 -4 -5 5 -7
leaf_value=-0.0088551697617737773 -8.3981215976586924e-05 0.0034585595861456445 0.0014630186294363528 -0.001682782152872489 0.0061949484314485735 0
leaf_weight=2.7025270954945886 0.35437651195388786 1.7426365027495196 0.3689503400819375 0.71646157704526547 2.1128845914026906 0.26406165558000738
leaf_count=5287 74 388 79 360 135 87
internal_value=-7.15577e-05 -0.00383664 -0.0067029 0.000998814 0.00429462 0.00540911
internal_weight=8.2619 5.53058 3.07148 2.4591 2.73132 2.37695
internal_count=6410 6114 5366 748 296 222
is_linear=0
shrinkage=0.025


Tree=297
num_leaves=7
num_cat=0
split_feature=13 15 22 17 17 26
split_gain=0.333142 0.481707 0.376774 0.193835 0.165131 0.0580253
threshold=4.2375118732452401 0.31249164044857031 0.78722152113914501 0.012416504323482515 1.1572020649909975 -1.0081937313079832
decision_type=2 2 2 2 2 2
left_child=2 3 4 -2 -1 -3
right_child=1 5 -4 -5 -6 -7
leaf_value=-0.0078601583437918811 -0.00024787686920578939 0 0.0018305474723597404 0.0076812329318299028 0 -0.0038982016887842345
leaf_weight=2.1410322200827072 0.27964071009591895 0.28111826165695675 1.317717835998337 2.7069974766127416 0.69323046854697157 0.78957130186790869
leaf_count=4041 540 23 127 896 96 722
internal_value=0 0.00305526 -0.00367595 0.00646587 -0.00656821 -0.00291862
internal_weight=8.20931 4.05733 4.15198 2.98664 2.83426 1.07069
internal_count=6445 2181 4264 1436 4137 745
is_linear=0
shrinkage=0.025


Tree=298
num_leaves=7
num_cat=0
split_feature=27 5 18 19 22 6
split_gain=0.58749 0.306397 0.196698 0.110704 0.0785038 0.0317099
threshold=0.16882523149251941 4.0397942066192636 0.46228502690792089 0.54007327556610119 -0.099524945020675645 3.9318096637725835
decision_type=2 2 2 2 2 2
left_child=1 4 3 -2 -1 -3
right_child=2 5 -4 -5 -6 -7
leaf_value=0 -0.0080313459575967975 0 0 0 0.0062244352189344421 -0.0026557392589750114
leaf_weight=0.30548076872946728 2.5308996961830421 0.28233732390799537 1.1094223590116596 0.40099619758257166 3.0533082865040342 0.75445678380492609
leaf_count=431 4247 53 285 94 415 921
internal_value=-0.00117884 0.0031329 -0.00569887 -0.00724697 0.00560873 -0.00185475
internal_weight=8.4369 4.39558 4.04132 2.9319 3.35879 1.03679
internal_count=6446 1820 4626 4341 846 974
is_linear=0
shrinkage=0.025


Tree=299
num_leaves=6
num_cat=0
split_feature=19 21 6 4 17
split_gain=0.552719 0.513575 0.276919 0.138585 0.0223284
threshold=0.20129314064979556 0.97342437505722057 3.190449714660645 0.90473470091819774 1.3078045248985293
decision_type=2 2 2 2 2
left_child=1 -1 3 -2 -3
right_child=2 4 -4 -5 -6
leaf_value=-0.0090091712596643385 -9.0559801092441797e-05 0.0020006423706699409 -0.0019513470859299803 0.0063291286161912584 0
leaf_weight=2.7204801819043496 0.2534884046326632 1.4173379493586251 0.68110566462928535 2.7057612849494035 0.21545093832537521
leaf_count=5190 164 176 575 299 46
internal_value=-0.00181051 -0.00582516 0.00285974 0.00528253 0.00132988
internal_weight=7.99362 4.35327 3.64036 2.95925 1.63279
internal_count=6450 5412 1038 463 222
is_linear=0
shrinkage=0.025


Tree=300
num_leaves=7
num_cat=0
split_feature=22 13 21 15 11 16
split_gain=0.447153 0.253056 0.212492 0.179031 0.10036 0.020784
threshold=0.78722152113914501 4.2375118732452401 1.2945517897605898 0.31249164044857031 2.2054876089096074 0.5786511003971101
decision_type=2 2 2 2 2 2
left_child=1 2 -1 -3 -2 -6
right_child=4 3 -4 -5 5 -7
leaf_value=-0.0073034229779201949 0 0.0034742389946552815 0.00034085112680939272 -0.0022466810002200032 0.0059808564685686957 0
leaf_weight=2.2661891408461092 0.29683043388649855 2.1504735442540555 0.62666010737302702 0.82316478650864144 2.1039793973286582 0.26160105339658901
leaf_count=4088 55 1361 61 664 124 91
internal_value=0 -0.00304979 -0.00568872 0.000690984 0.00482518 0.00572159
internal_weight=8.5289 5.86649 2.89285 2.97364 2.66241 2.36558
internal_count=6444 6174 4149 2025 270 215
is_linear=0
shrinkage=0.025


Tree=301
num_leaves=7
num_cat=0
split_feature=22 17 2 5 11 23
split_gain=0.372281 0.369259 0.425692 0.128795 0.0476793 0.0202689
threshold=0.92108449339866649 0.64970400929451 1.0000000180025095e-35 4.0237820148468026 2.2416878938674931 -4.8647899627685538
decision_type=2 2 2 2 2 2
left_child=1 2 -1 -3 -2 -6
right_child=4 3 -4 -5 5 -7
leaf_value=0.001468292863346661 0 0.0035656823583812124 -0.0085518296096589713 -0.0013153706750856447 0 0.0049812523334340003
leaf_weight=0.73664057017595075 0.24095950447372194 2.0225432928746163 2.8631924439505383 0.43256189870953665 0.26858623151929362 1.704875670769979
leaf_count=201 40 382 5447 220 68 94
internal_value=0 -0.00313681 -0.0061131 0.00156193 0.00414414 0.00469474
internal_weight=8.26936 6.05494 3.59983 2.45511 2.21442 1.97346
internal_count=6452 6250 5648 602 202 162
is_linear=0
shrinkage=0.025


Tree=302
num_leaves=7
num_cat=0
split_feature=6 27 14 19 13 21
split_gain=0.449078 0.300056 0.230172 0.0798599 0.0209694 0.0371663
threshold=3.0476137399673466 0.17022262513637546 0.10100539773702623 -0.29002320766448969 3.4484940767288212 1.7831944823265078
decision_type=2 2 2 2 2 2
left_child=1 3 -3 -1 5 -2
right_child=4 2 -4 -5 -6 -7
leaf_value=0 -0.0062020248055248087 0.0023167298310470949 -0.0041876114815440346 0.0062525615431103729 0 0
leaf_weight=0.11103845338220741 1.5293684540938559 0.87435568518049001 2.1051787958167552 2.5170188619995315 0.41786867215887458 0.23159065365325648
leaf_count=63 2515 1039 2065 296 437 23
internal_value=-0.000471262 0.00254481 -0.00123998 0.00565528 -0.00547027 -0.00580618
internal_weight=7.78642 5.60759 2.97953 2.62806 2.17883 1.76096
internal_count=6438 3463 3104 359 2975 2538
is_linear=0
shrinkage=0.025


Tree=303
num_leaves=7
num_cat=0
split_feature=27 27 6 22 21 27
split_gain=0.386754 0.301307 0.276877 0.22742 0.0456387 0.0408402
threshold=0.10864472761750223 0.70671871304512035 4.0995640754699716 0.78722152113914501 0.038207763805985458 0.75492718815803539
decision_type=2 2 2 2 2 2
left_child=2 3 4 -2 -1 -3
right_child=1 5 -4 -5 -6 -7
leaf_value=0 -0.0073788359333309657 0.0028770994902316913 -0.0017234978446362258 0.00020085227129242129 0.0061232683979086863 0
leaf_weight=0.16277188933600051 3.3295308107917663 0.36547625013008644 0.5460574100143275 1.0283542287870657 2.6031061753892573 0.17661778548790608
leaf_count=123 5197 48 647 169 211 72
internal_value=-0.00018491 -0.0037899 0.00346814 -0.00577069 0.00574765 0.00184614
internal_weight=8.21191 4.89998 3.31194 4.35789 2.76588 0.542094
internal_count=6467 5486 981 5366 334 120
is_linear=0
shrinkage=0.025


Tree=304
num_leaves=6
num_cat=0
split_feature=21 13 25 20 15
split_gain=0.417804 0.298743 0.223987 0.0579642 0.0253179
threshold=0.0042810691520571717 3.1536731719970708 2.6970440149307255 0.60961639881134044 2.9351965188980107
decision_type=2 2 2 2 2
left_child=4 3 -3 -2 -1
right_child=1 2 -4 -5 -6
leaf_value=-0.0051706849483405051 -0.0030443041789895296 0.0065712714277601286 -0.00045180081561199068 0.00014083210001109445 0
leaf_weight=1.4507809686092512 1.1123446963265449 4.4816009902278893 1.0272242675819141 0.43414094688341709 0.064632974012056255
leaf_count=3114 1003 1368 801 146 16
internal_value=0 0.00294397 0.00507507 -0.0017708 -0.00490328
internal_weight=8.57072 7.05531 5.50883 1.54649 1.51541
internal_count=6448 3318 2169 1149 3130
is_linear=0
shrinkage=0.025


Tree=305
num_leaves=6
num_cat=0
split_feature=21 13 14 21 15
split_gain=0.353352 0.26843 0.15165 0.0488411 0.0266473
threshold=0.0042810691520571717 2.9677381515502934 0.55249565839767467 1.3755028247833254 -0.73206302523612965
decision_type=2 2 2 2 2
left_child=4 3 -3 -2 -1
right_child=1 2 -4 -5 -6
leaf_value=0 -0.0030023448871985461 0.0060389080162675515 0 0 -0.0049010079238293635
leaf_weight=0.14197815508850919 0.77796260407194473 3.9169393056781701 1.5248309634825998 0.3916570080909878 1.3824346967503511
leaf_count=79 980 1641 613 46 3087
internal_value=0 0.00269277 0.00469742 -0.00186925 -0.00457652
internal_weight=8.1358 6.61139 5.44177 1.16962 1.52441
internal_count=6446 3280 2254 1026 3166
is_linear=0
shrinkage=0.025


Tree=306
num_leaves=7
num_cat=0
split_feature=21 2 19 20 3 1
split_gain=0.507983 0.32153 0.219417 0.12939 0.132806 0.066938
threshold=0.97342437505722057 1.0000000180025095e-35 0.24858719855546954 0.87975242733955394 5.9767436981201181 1.0000000180025095e-35
decision_type=2 2 2 2 2 2
left_child=1 5 -3 4 -2 -1
right_child=3 2 -4 -5 -6 -7
leaf_value=-0.00036347637980691032 0.0063647530316406596 -0.0083292505489064271 0 -0.00020956699258455389 -2.1997938771871247e-05 0.0032211097487698532
leaf_weight=0.29441937844967458 2.3371609728201301 2.3201062457992521 1.7863944365781206 0.52109103955081071 0.25661561041488301 0.41401307150226785
leaf_count=134 205 5094 735 145 50 51
internal_value=-0.00026379 -0.00433903 -0.00638028 0.00405756 0.0053114 0.00162299
internal_weight=7.9298 4.81493 4.1065 3.11487 2.59378 0.708432
internal_count=6414 6014 5829 400 255 185
is_linear=0
shrinkage=0.025


Tree=307
num_leaves=7
num_cat=0
split_feature=27 5 18 18 0 21
split_gain=0.570069 0.334253 0.236304 0.0500342 0.0383535 0.0327385
threshold=0.16882523149251941 4.0397942066192636 0.33540251851081854 -0.48833377659320826 2.6248370409011845 -0.50067153573036183
decision_type=2 2 2 2 2 2
left_child=1 5 3 -2 -4 -1
right_child=2 -3 4 -5 -6 -7
leaf_value=0 0 -0.0018739800666485969 0.0019328101443559361 -0.0075831069197583954 -0.00066333338861313072 0.0063036348188366571
leaf_weight=0.056803808136465128 0.23333901317164496 0.9049901418165972 0.79348915612354154 2.2285769013069512 0.74170155826323025 3.3281021709572087
leaf_count=96 255 954 52 3991 421 733
internal_value=-0.000467533 0.00362821 -0.00513141 -0.00717736 0.000174295 0.00608493
internal_weight=8.287 4.2899 3.99711 2.46192 1.53519 3.38491
internal_count=6502 1783 4719 4246 473 829
is_linear=0
shrinkage=0.025


Tree=308
num_leaves=6
num_cat=0
split_feature=22 17 11 13 23
split_gain=0.716984 0.452742 0.134547 0.12938 0.0548114
threshold=0.75029388070106517 0.52343070507049572 2.2054876089096074 4.3822600841522226 -5.5032112598419181
decision_type=2 2 2 2 2
left_child=1 -1 -2 -3 -4
right_child=2 3 4 -5 -6
leaf_value=-0.0087585656719208257 -0.00019716177285240101 -0.0016542515289419087 0 0.0032056461165808911 0.0061919420151822016
leaf_weight=2.6364959883285337 0.35696409712545607 1.0521634202668795 0.21659962226112872 1.541122199159872 2.2170781583990902
leaf_count=5290 77 663 82 234 151
internal_value=-0.00111602 -0.00546718 0.00451143 0.000619853 0.00571092
internal_weight=8.02042 5.22978 2.79064 2.59329 2.43368
internal_count=6497 6187 310 897 233
is_linear=0
shrinkage=0.025


Tree=309
num_leaves=5
num_cat=0
split_feature=21 14 13 22
split_gain=0.393757 0.246476 0.222889 0.165437
threshold=0.0042810691520571717 0.44438557326793676 2.220696330070496 0.96863451600074779
decision_type=2 2 2 2
left_child=-1 2 -2 -3
right_child=1 3 -4 -5
leaf_value=-0.0049877625050883789 -0.00088541903532201043 -0.0039854864667566037 0.0062880471449035125 0.0016536955840752985
leaf_weight=1.4117157836953991 0.38829114491272765 1.2216619438495402 4.2157688013503503 0.81540440041135287
leaf_count=3165 322 956 1873 86
internal_value=0 0.0027273 0.0048863 -0.00126892
internal_weight=8.05284 6.64113 4.60406 2.03707
internal_count=6402 3237 2195 1042
is_linear=0
shrinkage=0.025


Tree=310
num_leaves=6
num_cat=0
split_feature=27 6 18 22 24
split_gain=0.569868 0.287928 0.153694 0.147127 0.0813873
threshold=0.16882523149251941 4.6642110347747812 0.46228502690792089 -0.099524945020675645 -5.8699815273284903
decision_type=2 2 2 2 2
left_child=1 3 4 -1 -2
right_child=2 -3 -4 -5 -6
leaf_value=-0.00010549987886156164 0 -0.0018040743612132374 0 0.0065904662480719689 -0.0070801320087645883
leaf_weight=0.23317598544053941 0.14027456080657508 0.57927068612116261 1.0058447907395018 3.5802435540681472 2.7260614141323458
leaf_count=574 5 655 270 578 4320
internal_value=-0.000489992 0.00355918 -0.00520503 0.00564431 -0.00653972
internal_weight=8.26487 4.39269 3.87218 3.81342 2.86634
internal_count=6402 1807 4595 1152 4325
is_linear=0
shrinkage=0.025


Tree=311
num_leaves=7
num_cat=0
split_feature=21 26 24 26 16 20
split_gain=0.395824 0.263107 0.241399 0.216392 0.0232745 0.0220865
threshold=0.0042810691520571717 -0.88267394900321949 0.45376531779766088 -0.38902664184570307 1.3912338018417361 2.7943589687347417
decision_type=2 2 2 2 2 2
left_child=4 2 -2 -3 5 -1
right_child=1 3 -4 -5 -6 -7
leaf_value=-0.0048385071112544411 0.0068331278024202878 -0.0039112547286953544 -0.00085610451766390122 0.0025700366655689588 0 0
leaf_weight=1.367314185525174 4.2748767192679216 1.94718493849723 0.36925024470110646 0.40430958579236298 0.12976589165918984 0.067579514596218249
leaf_count=3083 794 1898 573 51 59 17
internal_value=0.000357385 0.00327176 0.00544682 -0.000956668 -0.0042882 -0.00458477
internal_weight=8.56028 6.99562 4.64413 2.35149 1.56466 1.43489
internal_count=6475 3316 1367 1949 3159 3100
is_linear=0
shrinkage=0.025


Tree=312
num_leaves=7
num_cat=0
split_feature=27 5 26 24 22 26
split_gain=0.300944 0.321486 0.292992 0.106053 0.0979787 0.0465977
threshold=0.16882523149251941 4.0397942066192636 -0.38902664184570307 0.45376531779766088 1.4830462932586672 -0.36093486845493311
decision_type=2 2 2 2 2 2
left_child=1 3 4 -1 -2 -4
right_child=2 -3 5 -5 -6 -7
leaf_value=0.0062441988747773385 -0.0065113090802166795 -0.0021421473632502546 0.00297570534682008 0 0 0
leaf_weight=3.0172376345290108 3.0523232289542657 0.9842766537258284 0.34551994794310303 0.17725822979264183 0.25427560668322247 0.20041806384688232
leaf_count=407 4565 977 26 442 15 85
internal_value=0 0.00281706 -0.00360815 0.00548251 -0.00580752 0.00181204
internal_weight=8.03131 4.17877 3.85254 3.1945 3.3066 0.545938
internal_count=6517 1826 4691 849 4580 111
is_linear=0
shrinkage=0.025


Tree=313
num_leaves=7
num_cat=0
split_feature=27 6 18 19 24 0
split_gain=0.43522 0.356158 0.169632 0.0736784 0.073231 0.0309914
threshold=0.16882523149251941 3.3542866706848149 0.46228502690792089 -0.032326949760317795 -5.8699815273284903 3.597387552261353
decision_type=2 2 2 2 2 2
left_child=1 3 4 -1 -2 -3
right_child=2 5 -4 -5 -6 -7
leaf_value=0 0 0 0 0.0060318393841213812 -0.0074034691693172297 -0.0032568174414331686
leaf_weight=0.55827038991265032 0.15176711487583894 0.18928604757275003 0.95562679098657088 2.403936894468643 2.6497029658494284 0.8640462521052541
leaf_count=205 5 118 281 277 4355 1195
internal_value=-0.00174848 0.0021981 -0.00552691 0.0052961 -0.00691942 -0.00265995
internal_weight=7.77264 4.01554 3.7571 2.96221 2.80147 1.05333
internal_count=6436 1795 4641 482 4360 1313
is_linear=0
shrinkage=0.025


Tree=314
num_leaves=7
num_cat=0
split_feature=6 26 22 14 25 22
split_gain=0.429298 0.293846 0.214452 0.173716 0.102424 0.0212911
threshold=2.9649147987365727 -0.79668352007865895 0.033334886655211456 0.10100539773702623 -4.5818357467651358 1.0576506257057192
decision_type=2 2 2 2 2 2
left_child=1 2 -1 -3 -2 -6
right_child=4 3 -4 -5 5 -7
leaf_value=-0.00044251000972334443 0 0.0019237904985465572 0.0071402703679459417 -0.0039174207865563483 -0.0056759759302654486 0
leaf_weight=0.49931080617898249 0.68247040863207109 0.46673379260755599 3.5900221313168004 1.4230418930492303 1.644510669113515 0.093626030051382148
leaf_count=934 70 622 418 1476 2980 10
internal_value=0 0.00346173 0.00579268 -0.00121846 -0.00429271 -0.00545841
internal_weight=8.39972 5.97911 4.08933 1.88978 2.42061 1.73814
internal_count=6510 3450 1352 2098 3060 2990
is_linear=0
shrinkage=0.025


Tree=315
num_leaves=7
num_cat=0
split_feature=6 14 22 2 17 22
split_gain=0.300302 0.198598 0.205339 0.133772 0.0905701 0.0600374
threshold=2.8988200426101689 0.42531791329383856 -0.30454127490520472 2.9299526214599614 1.1572020649909975 0.92108449339866649
decision_type=2 2 2 2 2 2
left_child=1 2 -1 -3 5 -2
right_child=4 3 -4 -5 -6 -7
leaf_value=-0.00081495132748749411 -0.0057303896576272684 -0.0036782904228135518 0.0060866164497950202 0.001395966415003409 0 0
leaf_weight=0.39331772031255274 1.4919279357018242 0.88046071839744378 3.3689265895336575 0.91258205916346924 0.65215715757221904 0.49676267986069422
leaf_count=710 3041 699 1735 158 89 57
internal_value=0 0.00255008 0.0045985 -0.00104906 -0.00394721 -0.00501339
internal_weight=8.19613 5.55529 3.76224 1.79304 2.64085 1.98869
internal_count=6489 3302 2445 857 3187 3098
is_linear=0
shrinkage=0.025


Tree=316
num_leaves=7
num_cat=0
split_feature=22 13 21 23 4 25
split_gain=0.297379 0.317636 0.191288 0.149105 0.0728742 0.0499158
threshold=0.78722152113914501 4.2883481979370126 1.7831944823265078 -1.5514214038848875 5.0226852893829355 -0.35093617439270014
decision_type=2 2 2 2 2 2
left_child=1 2 -1 -3 5 -2
right_child=4 3 -4 -5 -6 -7
leaf_value=-0.0072524082527514813 0.0051761761630308902 -0.0013444878059967603 0.000285797756413898 0.003802832967098465 0 0
leaf_weight=2.2893248809596121 1.8727790722623472 1.3652507928145499 0.39756513311294828 1.5266633562641798 0.27992981589341059 0.2617547938716599
leaf_count=4164 132 1210 19 769 52 78
internal_value=0 -0.00272344 -0.00586356 0.00126862 0.00380589 0.00463002
internal_weight=7.99327 5.5788 2.68689 2.89191 2.41446 2.13453
internal_count=6424 6162 4183 1979 262 210
is_linear=0
shrinkage=0.025


Tree=317
num_leaves=6
num_cat=0
split_feature=21 14 12 27 15
split_gain=0.386583 0.279393 0.268587 0.0805722 0.0235336
threshold=0.016100777313113216 0.55249565839767467 2.8190652132034306 0.10864472761750223 2.9351965188980107
decision_type=2 2 2 2 2
left_child=4 2 -2 -3 -1
right_child=1 3 -4 -5 -6
leaf_value=-0.0049032802192666607 -0.0010075033627365518 0.00060294175614535289 0.0067539740084390388 -0.0032256589972395897 0
leaf_weight=1.3879250727586621 0.59631414986506559 0.56606064203515405 4.2979623461669689 1.126647704561037 0.061684036720180191
leaf_count=3213 345 117 1999 754 17
internal_value=0 0.00297777 0.00514539 -0.00151754 -0.00464023
internal_weight=8.03659 6.58698 4.89428 1.69271 1.44961
internal_count=6445 3215 2344 871 3230
is_linear=0
shrinkage=0.025


Tree=318
num_leaves=7
num_cat=0
split_feature=27 6 26 18 24 26
split_gain=0.325279 0.293294 0.260383 0.137662 0.132838 0.0445212
threshold=0.16882523149251941 4.6642110347747812 -0.38902664184570307 0.33540251851081854 0.45376531779766088 -0.36093486845493311
decision_type=2 2 2 2 2 2
left_child=1 4 3 -2 -1 -4
right_child=2 -3 5 -5 -6 -7
leaf_value=0.0066781054169147147 -0.0065391863223240214 -0.0017581331452554191 0.0030072007883412532 0 0 0
leaf_weight=3.533546806822415 2.0404703783588056 0.56358498150439107 0.34091251368226949 1.2403999703165025 0.21099806301026536 0.18397203739732493
leaf_count=567 4029 657 25 456 554 82
internal_value=0.000260527 0.00375774 -0.00287437 -0.00509566 0.00583324 0.00192502
internal_weight=8.11388 4.30813 3.80575 3.28087 3.74454 0.524885
internal_count=6370 1778 4592 4485 1121 107
is_linear=0
shrinkage=0.025


Tree=319
num_leaves=7
num_cat=0
split_feature=21 26 20 20 10 26
split_gain=0.318507 0.290186 0.183694 0.118103 0.118001 0.0423785
threshold=0.97342437505722057 -0.38902664184570307 1.4246398806571963 0.87975242733955394 1.0000000180025095e-35 -0.36093486845493311
decision_type=2 2 2 2 2 2
left_child=1 2 -1 4 -2 -3
right_child=3 5 -4 -5 -6 -7
leaf_value=-0.0067076342674006516 -7.8170753183862466e-05 0.0029550156332309491 0.00024374408309219792 -0.00041584340939210284 0.005632124289466316 0
leaf_weight=3.8216095949683222 0.23187607081490647 0.34849756199400872 0.59092951828097273 0.48487404654952104 2.106195701235265 0.1854907816305057
leaf_count=5680 43 24 246 147 211 74
internal_value=-0.000285746 -0.00349187 -0.00547773 0.0031744 0.0045467 0.00191135
internal_weight=7.76947 4.94653 4.41254 2.82295 2.33807 0.533988
internal_count=6425 6024 5926 401 254 98
is_linear=0
shrinkage=0.025


Tree=320
num_leaves=7
num_cat=0
split_feature=22 17 26 4 26 12
split_gain=0.338947 0.253826 0.354725 0.0890023 0.0933747 0.0833154
threshold=0.75029388070106517 0.5706164836883546 -0.38902664184570307 5.3236722946167001 -0.79668352007865895 3.0119251012802128
decision_type=2 2 2 2 2 2
left_child=1 2 -1 4 -2 -3
right_child=3 5 -4 -5 -6 -7
leaf_value=-0.0082564740222192037 0.0052789280769299472 -0.0012652840580568477 0.001321211031045041 -0.00015541349738055867 0 0.0026146916618741672
leaf_weight=2.3805567134077141 1.9424995036933983 0.43004030952943173 0.39602682623080898 0.16593455309339322 0.40896929588052455 1.7724545883029348
leaf_count=5287 151 260 93 40 101 466
internal_value=-0.000480764 -0.00367977 -0.00611555 0.00325417 0.004287 0.000636909
internal_weight=7.49648 4.97908 2.77658 2.5174 2.35147 2.20249
internal_count=6398 6106 5380 292 252 726
is_linear=0
shrinkage=0.025


Tree=321
num_leaves=7
num_cat=0
split_feature=27 27 6 24 22 23
split_gain=0.299064 0.27876 0.257083 0.106661 0.0767861 0.0451427
threshold=0.16882523149251941 0.70671871304512035 4.6642110347747812 0.45376531779766088 1.4830462932586672 -1.333789527416229
decision_type=2 2 2 2 2 2
left_child=2 4 3 -1 -2 -3
right_child=1 5 -4 -5 -6 -7
leaf_value=0.0059161467885811272 -0.006265919650775967 0 -0.0018212309952152835 0 0 0.0029055657568638465
leaf_weight=3.2676554207610029 2.9352454964009675 0.19472627164213918 0.58261803808454704 0.19171721320526547 0.26466263869951934 0.3590517646371153
leaf_count=570 4519 81 667 564 18 43
internal_value=0 -0.00348579 0.00298472 0.005131 -0.00566938 0.00175104
internal_weight=7.79568 3.75369 4.04199 3.45937 3.19991 0.553778
internal_count=6462 4661 1801 1134 4537 124
is_linear=0
shrinkage=0.025


Tree=322
num_leaves=6
num_cat=0
split_feature=26 6 27 19 14
split_gain=0.377733 0.23074 0.229684 0.120778 0.0430341
threshold=-0.99777647852897633 4.0995640754699716 0.72676369547843944 0.63685172796249401 0.11197760701179506
decision_type=2 2 2 2 2
left_child=1 -1 3 -2 -4
right_child=2 -3 4 -5 -6
leaf_value=0.0051932134093913545 -0.0069057104461999023 -0.0015937403825752403 0.0025271037976838124 0 -0.00018354320925752828
leaf_weight=2.3184391101822261 3.2399914147154054 0.52310092656989571 0.18097524844051793 0.64128057773632452 0.24810236418852583
leaf_count=312 5248 661 21 124 86
internal_value=-0.000968231 0.00292721 -0.00440044 -0.00597879 0.00108298
internal_weight=7.15189 2.84154 4.31035 3.88127 0.429078
internal_count=6452 973 5479 5372 107
is_linear=0
shrinkage=0.025


Tree=323
num_leaves=6
num_cat=0
split_feature=6 25 27 23 22
split_gain=0.415331 0.274683 0.128165 0.0879121 0.032034
threshold=3.3542866706848149 2.6970440149307255 0.092306349426507964 -4.0942981243133536 0.96863451600074779
decision_type=2 2 2 2 2
left_child=1 3 -3 -1 -2
right_child=4 2 -4 -5 -6
leaf_value=0 -0.0056416544885879855 0.0010630246478671298 -0.0039899272109298533 0.0054984022080976497 0
leaf_weight=0.23627119954471609 1.4509784589081389 0.53715936181833945 0.92563026841708052 4.2763069104148608 0.32394838749314647
leaf_count=58 2515 42 1855 1962 36
internal_value=-4.88887e-05 0.00260205 -0.00178045 0.00486883 -0.00522983
internal_weight=7.75029 5.97537 1.46279 4.51258 1.77493
internal_count=6468 3917 1897 2020 2551
is_linear=0
shrinkage=0.025


Tree=324
num_leaves=7
num_cat=0
split_feature=6 25 4 22 7 26
split_gain=0.372038 0.353718 0.100271 0.0768571 0.0656189 0.0468853
threshold=2.9649147987365727 2.6970440149307255 -0.43485568463802332 0.92108449339866649 -1.0353288054466245 -1.0148006677627561
decision_type=2 2 2 2 2 2
left_child=1 2 -1 4 -2 -3
right_child=3 5 -4 -5 -6 -7
leaf_value=0 0 0 0.0064951214222632716 0 -0.0054365680314615878 -0.0029745444514014544
leaf_weight=0.13894232055463351 0.30821227239357574 0.33529033546801656 4.2354926788084413 0.57866297166037828 1.5369530737971215 0.9318945074919609
leaf_count=53 104 35 1640 56 2924 1610
internal_value=0.000229663 0.0034824 0.00590561 -0.00374574 -0.00471531 -0.00192325
internal_weight=8.06545 5.64162 4.37443 2.42383 1.84517 1.26718
internal_count=6422 3338 1693 3084 3028 1645
is_linear=0
shrinkage=0.025


Tree=325
num_leaves=7
num_cat=0
split_feature=13 15 21 21 24 26
split_gain=0.360941 0.430027 0.263259 0.24942 0.189803 0.0297872
threshold=4.2883481979370126 0.35107326507568365 1.2945517897605898 0.016100777313113216 -4.7590053081512442 -1.0220356583595274
decision_type=2 2 2 2 2 2
left_child=2 3 4 -2 -1 -3
right_child=1 5 -4 -5 -6 -7
leaf_value=6.9293524659583793e-05 -0.00061619930877459227 0 0.0012416882335190716 0.0078783569301113781 -0.0074318450223431424 -0.003233451983073721
leaf_weight=0.66829900661832731 0.35761690300751148 0.19611029664520174 0.98969364859658515 2.7619107132959471 2.2375095268780569 0.66339218215398421
leaf_count=69 708 15 97 742 4184 639
internal_value=0 0.00333297 -0.00376122 0.00635502 -0.00596337 -0.00263212
internal_weight=7.87453 3.97903 3.8955 3.11953 2.90581 0.859502
internal_count=6454 2104 4350 1450 4253 654
is_linear=0
shrinkage=0.025


Tree=326
num_leaves=7
num_cat=0
split_feature=21 14 5 25 15 15
split_gain=0.323325 0.234647 0.268083 0.150576 0.021754 0.0205066
threshold=0.0042810691520571717 0.44438557326793676 4.0237820148468026 -2.5223152637481685 -0.73206302523612965 2.9351965188980107
decision_type=2 2 2 2 2 2
left_child=4 2 -2 -3 -1 -6
right_child=1 3 -4 -5 5 -7
leaf_value=0 0.0066809906159167529 0.0015809261321821312 -0.00097921304337260894 -0.0037893635177237866 -0.004522588078544932 0
leaf_weight=0.1342490961051227 3.9789778773028956 0.87224369428804482 0.72559239879956283 1.1117753226681086 1.2822751564526691 0.060608396623138217
leaf_count=76 1782 123 453 924 3099 17
internal_value=0.00017407 0.0029307 0.00495971 -0.00109194 -0.00396996 -0.00427057
internal_weight=8.16572 6.68859 4.70457 1.98402 1.47713 1.34288
internal_count=6474 3282 2235 1047 3192 3116
is_linear=0
shrinkage=0.025


Tree=327
num_leaves=5
num_cat=0
split_feature=21 25 23 17
split_gain=0.33545 0.209327 0.230175 0.0471714
threshold=0.0042810691520571717 2.6970440149307255 -0.025680625811219212 0.068684551864862456
decision_type=2 2 2 2
left_child=-1 2 -2 -3
right_child=1 3 -4 -5
leaf_value=-0.0048030084265944508 0.0059315889591683192 2.7756780580647618e-05 -0.00072734427464969881 -0.0027817682699815723
leaf_weight=1.3448396944768317 4.0718497372181437 0.3481972668032538 1.2762474920346001 0.80913252134632785
leaf_count=3161 1399 86 824 996
internal_value=0 0.00234535 0.00415492 -0.0015853
internal_weight=7.85027 6.50543 5.3481 1.15733
internal_count=6466 3305 2223 1082
is_linear=0
shrinkage=0.025


Tree=328
num_leaves=6
num_cat=0
split_feature=26 25 5 22 22
split_gain=0.679458 0.318346 0.204132 0.0487674 0.0141239
threshold=-1.0081937313079832 -3.7135810852050777 4.746612787246705 -0.085861478000879274 0.96863451600074779
decision_type=2 2 2 2 2
left_child=2 4 3 -1 -2
right_child=1 -3 -4 -5 -6
leaf_value=0 0 -0.0080101987260809224 -0.0010965223005017781 0.0059166189425909491 0.0014429893415985706
leaf_weight=0.085093118610530705 0.19155890316324065 3.6423744885123597 0.42000000830739725 2.4270247213644325 0.75429990973498207
leaf_count=227 75 5517 419 237 34
internal_value=-0.00184235 -0.0061165 0.00369757 0.00552743 0.000728357
internal_weight=7.52035 4.58823 2.93212 2.51212 0.945859
internal_count=6509 5626 883 464 109
is_linear=0
shrinkage=0.025


Tree=329
num_leaves=7
num_cat=0
split_feature=24 17 13 6 2 21
split_gain=0.567095 0.286343 0.0910493 0.0756544 0.0848803 0.040561
threshold=-3.5456136465072627 0.52343070507049572 4.2375118732452401 3.9701017141342168 1.6011350750923159 1.0622614026069643
decision_type=2 2 2 2 2 2
left_child=3 5 -3 4 -1 -2
right_child=1 2 -4 -5 -6 -7
leaf_value=0 -0.0084567898952093677 -0.0017717308633683378 0.002455488587653681 0 0.0050451397398449749 0
leaf_weight=0.12643236963776949 2.43644172628774 0.89754349446047887 1.3676501577647284 0.18158463155850757 2.1436920294472657 0.15238077726826293
leaf_count=29 5241 620 227 72 240 32
internal_value=-0.00210607 -0.00576517 0 0.00330707 0.00420877 -0.0081695
internal_weight=7.30573 4.85402 2.26519 2.45171 2.27012 2.58882
internal_count=6461 6120 847 341 269 5273
is_linear=0
shrinkage=0.025


Tree=330
num_leaves=7
num_cat=0
split_feature=13 15 22 21 21 27
split_gain=0.267268 0.328078 0.300417 0.201586 0.0533932 0.0350448
threshold=4.2375118732452401 0.35107326507568365 0.78722152113914501 0.016100777313113216 1.2945517897605898 0.10207171365618707
decision_type=2 2 2 2 2 2
left_child=2 3 4 -2 -1 -3
right_child=1 5 -4 -5 -6 -7
leaf_value=-0.0070137080445480046 -0.00060515732729173445 0 0.0013024296611877167 0.0066479046750397763 0 -0.0032854101395316422
leaf_weight=1.9420158733446449 0.35607268120475133 0.15111394782434207 1.1461806356710438 2.4995740522354026 0.40851622945046973 0.66678812256941455
leaf_count=4007 728 16 128 767 60 643
internal_value=-0.000664273 0.0021907 -0.00392335 0.00513837 -0.00647443 -0.00259785
internal_weight=7.17026 3.67355 3.49671 2.85565 2.35053 0.817902
internal_count=6349 2154 4195 1495 4067 659
is_linear=0
shrinkage=0.025


Tree=331
num_leaves=7
num_cat=0
split_feature=21 13 25 21 15 15
split_gain=0.251306 0.245784 0.182201 0.0639918 0.0231054 0.020598
threshold=0.0042810691520571717 3.1536731719970708 2.6970440149307255 1.3755028247833254 -0.73206302523612965 2.9351965188980107
decision_type=2 2 2 2 2 2
left_child=4 3 -3 -2 -1 -6
right_child=1 2 -4 -5 5 -7
leaf_value=0 -0.0032646264275510784 0.0057655821357077012 -0.00036372157114172881 0.00014499863168270031 -0.0045279692938740073 0
leaf_weight=0.13142668154432624 0.81992803408138548 4.0335855903649644 1.1227870844413699 0.61201622779481113 1.2732213125418632 0.059556851778325037
leaf_count=85 1081 1376 804 57 3093 16
internal_value=0 0.00219365 0.00429355 -0.00185576 -0.00395869 -0.00427514
internal_weight=8.05252 6.58832 5.15637 1.43194 1.4642 1.33278
internal_count=6512 3318 2180 1138 3194 3109
is_linear=0
shrinkage=0.025


Tree=332
num_leaves=6
num_cat=0
split_feature=13 25 21 21 25
split_gain=0.289041 0.344545 0.136577 0.132886 0.0526332
threshold=2.9677381515502934 2.6970440149307255 1.7831944823265078 0.0042810691520571717 5.2771704196929941
decision_type=2 2 2 2 2
left_child=2 3 -1 -2 -3
right_child=1 4 -4 -5 -6
leaf_value=-0.0053329988347126872 0 -0.0033374304374402192 0.00039711244233802886 0.0061476766146686766 0
leaf_weight=1.3571216576838194 0.49371416975009186 0.83895414300968674 0.39998881574138057 4.2769027032536542 0.4968672626400803
leaf_count=2130 815 1738 22 1443 273
internal_value=0 0.00275596 -0.003775 0.00523296 -0.00225231
internal_weight=7.86355 6.10644 1.75711 4.77062 1.33582
internal_count=6421 4269 2152 2258 2011
is_linear=0
shrinkage=0.025


Tree=333
num_leaves=7
num_cat=0
split_feature=6 25 14 24 2 0
split_gain=0.279406 0.207574 0.171391 0.0711364 0.0552789 0.0472545
threshold=2.8988200426101689 0.74756243824958812 0.13948641717433932 -5.4155149459838858 1.6011350750923159 6.277808904647828
decision_type=2 2 2 2 2 2
left_child=1 4 -3 -2 -1 -5
right_child=3 2 -4 5 -6 -7
leaf_value=0 0 0.0020273302693968962 -0.0036622458020264315 -0.0052828871628954341 0.0053797153794321716 0
leaf_weight=0.084043981951254287 0.37076721730409223 0.72832424171610943 1.6623210236630255 1.6587411779037209 2.6460778432392544 0.33720462838755327
leaf_count=60 28 1148 1651 3041 426 136
internal_value=0 0.00249069 -0.000884341 -0.00389645 0.004915 -0.00472674
internal_weight=7.48748 5.12077 2.39065 2.36671 2.73012 1.99595
internal_count=6490 3285 2799 3205 486 3177
is_linear=0
shrinkage=0.025


Tree=334
num_leaves=7
num_cat=0
split_feature=27 27 12 22 22 23
split_gain=0.361962 0.305894 0.183469 0.147066 0.0474473 0.0437217
threshold=0.098753247410058989 0.70671871304512035 2.6188119649887089 1.3153609633445742 -0.085861478000879274 -1.333789527416229
decision_type=2 2 2 2 2 2
left_child=2 3 -1 -2 -4 -3
right_child=1 5 4 -5 -6 -7
leaf_value=-0.001170973219528116 -0.0070049026796645325 0 0 0 0.0053813464730826585 0.0028548288289615706
leaf_weight=0.43218093178802552 3.7671008977704332 0.19550179869111162 0.093258672579396129 0.33588395329206822 2.1791791819996429 0.35619415184191883
leaf_count=431 5428 85 223 28 246 42
internal_value=-0.000815397 -0.00411415 0.00303624 -0.00609596 0.00495074 0.00171492
internal_weight=7.3593 4.65468 2.70462 4.10298 2.27244 0.551696
internal_count=6483 5583 900 5456 469 127
is_linear=0
shrinkage=0.025


Tree=335
num_leaves=7
num_cat=0
split_feature=21 13 14 21 15 15
split_gain=0.298428 0.246864 0.180351 0.0662107 0.0242609 0.0203549
threshold=0.0042810691520571717 2.9677381515502934 0.3914469331502915 1.7831944823265078 -0.73206302523612965 2.9351965188980107
decision_type=2 2 2 2 2 2
left_child=4 3 -3 -2 -1 -6
right_child=1 2 -4 -5 5 -7
leaf_value=0 -0.0031566342822932298 0.0063485194568507599 0 0.00033080682239833433 -0.0045107963971936704 0
leaf_weight=0.12740982548530166 0.79172554909018777 3.3626366459102428 1.9879994456077836 0.40888604961219244 1.2635628673324384 0.059484214078111219
leaf_count=80 1007 1436 845 23 3079 15
internal_value=7.78213e-06 0.0027437 0.00465539 -0.00165194 -0.00392872 -0.00425956
internal_weight=8.0017 6.55125 5.35064 1.20061 1.45046 1.32305
internal_count=6485 3311 2281 1030 3174 3094
is_linear=0
shrinkage=0.025


Tree=336
num_leaves=6
num_cat=0
split_feature=26 19 5 18 22
split_gain=0.53113 0.34739 0.181505 0.0509451 0.0502853
threshold=-0.9999369978904723 0.54007327556610119 4.746612787246705 0.53299450874328624 -0.25465190410614008
decision_type=2 2 2 2 2
left_child=2 3 4 -2 -1
right_child=1 -3 -4 -5 -6
leaf_value=0 -0.0081409036375596749 0.0010887336968830404 -0.0011008618545406453 0 0.0054243156779977377
leaf_weight=0.099391865285725411 2.8790567497690067 1.0323315858549902 0.42146641897124926 0.58003139839638596 2.5002345534758206
leaf_count=210 5108 200 447 227 310
internal_value=-0.00156883 -0.00543501 0.0032048 -0.00761353 0.00499028
internal_weight=7.51251 4.49142 3.02109 3.45909 2.59963
internal_count=6502 5535 967 5335 520
is_linear=0
shrinkage=0.025


Tree=337
num_leaves=7
num_cat=0
split_feature=26 26 5 22 21 26
split_gain=0.315268 0.278155 0.190819 0.165584 0.0515826 0.0417057
threshold=-1.0081937313079832 -0.38902664184570307 4.746612787246705 0.75029388070106517 0.038207763805985458 -0.36093486845493311
decision_type=2 2 2 2 2 2
left_child=2 3 4 -2 -1 -3
right_child=1 5 -4 -5 -6 -7
leaf_value=0 -0.0065374876799902636 0.0030202121319451002 -0.0010064979856275692 0 0.0058168163332321353 0
leaf_weight=0.09047865797038035 3.0989313014651998 0.32604802407877287 0.40586173556766869 0.97845497435264395 2.4404210224256531 0.16622062425449247
leaf_count=159 5276 22 421 166 294 72
internal_value=0 -0.00308908 0.00364978 -0.00517021 0.00539888 0.00202476
internal_weight=7.50642 4.56965 2.93676 4.07739 2.5309 0.492269
internal_count=6410 5536 874 5442 453 94
is_linear=0
shrinkage=0.025


Tree=338
num_leaves=7
num_cat=0
split_feature=27 19 5 0 18 6
split_gain=0.372622 0.250453 0.238807 0.0664548 0.0380958 0.0207791
threshold=0.13103462755680087 0.54007327556610119 4.0237820148468026 2.6429553031921391 0.53299450874328624 3.5513194799423222
decision_type=2 2 2 2 2 2
left_child=2 4 3 -1 -2 -4
right_child=1 -3 5 -5 -6 -7
leaf_value=0 -0.007154275738546368 0.00078825754189532603 0 0.0054590157874382789 0 -0.0023638895732126797
leaf_weight=0.086565845849691736 2.5550142351712575 0.84855825218619418 0.16795742573594896 2.3686756590268487 0.53682747049970192 0.64699249741352105
leaf_count=54 4767 177 11 419 206 796
internal_value=-0.00141557 -0.00484635 0.00239334 0.00488709 -0.00669668 -0.00178695
internal_weight=7.21059 3.9404 3.27019 2.45524 3.09184 0.81495
internal_count=6430 5150 1280 473 4973 807
is_linear=0
shrinkage=0.025


Tree=339
num_leaves=7
num_cat=0
split_feature=6 25 21 21 25 22
split_gain=0.259987 0.318658 0.116951 0.0608751 0.0563745 0.0191371
threshold=3.3542866706848149 2.6970440149307255 0.0042810691520571717 1.7831944823265078 5.2771704196929941 0.96863451600074779
decision_type=2 2 2 2 2 2
left_child=1 2 -1 5 -3 -2
right_child=3 4 -4 -5 -6 -7
leaf_value=0 -0.0048929071978593966 -0.003404337791689617 0.0057650116743704531 0 0 0
leaf_weight=0.49267170732127841 1.2747156396453645 0.85377419835640445 4.0845144683516992 0.25745127367554221 0.53383857119661116 0.32572824414819468
leaf_count=740 2486 1652 1296 22 252 34
internal_value=0 0.00238326 0.0048881 -0.00382266 -0.00225941 -0.00457679
internal_weight=7.82269 5.9648 4.57719 1.8579 1.38761 1.60044
internal_count=6482 3940 2036 2542 1904 2520
is_linear=0
shrinkage=0.025


Tree=340
num_leaves=7
num_cat=0
split_feature=26 5 22 24 6 23
split_gain=0.406725 0.28848 0.179773 0.164765 0.0389985 0.0180176
threshold=-0.88267394900321949 4.0237820148468026 0.78722152113914501 0.45376531779766088 3.9318096637725835 -3.1227128505706783
decision_type=2 2 2 2 2 2
left_child=1 3 -2 -1 -3 -4
right_child=2 4 5 -5 -6 -7
leaf_value=0.0062493631076210388 -0.0065172073100976547 0 -0.00010451294097852592 -0.00037184772146296057 -0.0028565165137383183 0.0014290790985419907
leaf_weight=3.5212076615498522 1.9397995218605504 0.31883971511160758 0.25728896145301405 0.27784596108358517 0.79924331480287947 0.60945802483183786
leaf_count=688 3657 72 93 733 1127 27
internal_value=-0.000359178 0.00271662 -0.00483712 0.00511868 -0.00193662 0.000207424
internal_weight=7.72368 4.91714 2.80655 3.79905 1.11808 0.866747
internal_count=6397 2620 3777 1421 1199 120
is_linear=0
shrinkage=0.025


Tree=341
num_leaves=7
num_cat=0
split_feature=26 26 5 22 26 22
split_gain=0.276946 0.270904 0.152823 0.132079 0.0409092 0.038496
threshold=-1.0081937313079832 -0.38902664184570307 4.746612787246705 1.3153609633445742 -0.36093486845493311 -0.25465190410614008
decision_type=2 2 2 2 2 2
left_child=2 3 5 -2 -3 -1
right_child=1 4 -4 -5 -6 -7
leaf_value=0 -0.0062883831502711348 0.0028375451513960649 -0.00097516997279521061 0 0 0.0049363304223741964
leaf_weight=0.082386952803063518 3.7837607544188359 0.35360105124709662 0.402788160892669 0.32262840728799336 0.17883875792176684 2.2404618885193486
leaf_count=189 5469 30 427 31 82 258
internal_value=-0.000393894 -0.00342418 0.00283275 -0.00539238 0.00178041 0.00456153
internal_weight=7.36447 4.63883 2.72564 4.10639 0.53244 2.32285
internal_count=6486 5612 874 5500 112 447
is_linear=0
shrinkage=0.025


Tree=342
num_leaves=5
num_cat=0
split_feature=26 25 5 9
split_gain=0.420572 0.241201 0.141632 0.0418682
threshold=-1.0081937313079832 0.74756243824958812 4.5029637813568124 0.95491883158683788
decision_type=2 2 2 2
left_child=2 -2 3 -1
right_child=1 -3 -4 -5
leaf_value=0 0 -0.0078572776859534496 -0.0010563065147763898 0.0046240616699039583
leaf_weight=0.076051167117839991 2.4490793530148949 2.0551636512700497 0.4108014053908845 2.0670975842895132
leaf_count=20 1208 4349 484 371
internal_value=-0.00231124 -0.0054742 0.00237078 0.00418222
internal_weight=7.05819 4.50424 2.55395 2.14315
internal_count=6432 5557 875 391
is_linear=0
shrinkage=0.025


Tree=343
num_leaves=7
num_cat=0
split_feature=21 12 14 15 15 13
split_gain=0.307176 0.211685 0.202016 0.0220232 0.0195328 0.0138245
threshold=0.0042810691520571717 2.8749662637710576 0.3914469331502915 -0.73206302523612965 2.9351965188980107 2.9677381515502934
decision_type=2 2 2 2 2 2
left_child=3 5 -3 -1 -5 -2
right_child=1 2 -4 4 -6 -7
leaf_value=0 -0.0019551047620849195 0.0063295358157869994 -1.2652250908016806e-05 -0.0044145550024830586 0 0
leaf_weight=0.13251376702100981 0.56544703795952944 3.5523496268742747 2.004575951021252 1.2379513471078092 0.057588641946495156 0.16358291334108799
leaf_count=80 519 1751 1017 3092 13 12
internal_value=0.000157111 0.00292721 0.00452724 -0.00385635 -0.00416784 -0.00148497
internal_weight=7.71401 6.28596 5.55693 1.42805 1.29554 0.72903
internal_count=6484 3299 2768 3185 3105 531
is_linear=0
shrinkage=0.025


Tree=344
num_leaves=7
num_cat=0
split_feature=21 19 20 13 13 20
split_gain=0.402501 0.473231 0.128922 0.120538 0.0883576 0.104273
threshold=0.94285640120506298 0.20129314064979556 2.0964454412460332 2.9677381515502934 2.220696330070496 0.87975242733955394
decision_type=2 2 2 2 2 2
left_child=1 2 -1 -3 -2 -6
right_child=4 3 -4 -5 5 -7
leaf_value=-0.0083203496609406732 -1.5847566350648598e-05 -0.0011430593646109381 0 0.0036047865899210747 0.005586576040670743 0
leaf_weight=2.2540243825387738 0.20566052742651697 0.41778815848010742 0.1903083546039851 1.8210376815422931 2.2463493866598587 0.54274883702237264
leaf_count=5060 87 443 65 408 186 152
internal_value=-0.00018134 -0.00388587 -0.0075256 0.00167783 0.0036372 0.00454623
internal_weight=7.67792 4.68316 2.44433 2.23883 2.99476 2.7891
internal_count=6401 5976 5125 851 425 338
is_linear=0
shrinkage=0.025


Tree=345
num_leaves=7
num_cat=0
split_feature=21 6 15 26 15 15
split_gain=0.313362 0.233128 0.165655 0.0580504 0.0224294 0.0191393
threshold=0.016100777313113216 3.0701851844787602 0.35107326507568365 -1.0081937313079832 -0.73206302523612965 2.9351965188980107
decision_type=2 2 2 2 2 2
left_child=4 2 -2 -3 -1 -6
right_child=1 3 -4 -5 5 -7
leaf_value=0 0.0065631022400868926 0.00036342851241203316 0 -0.0027556899961190236 -0.0042830280585290266 0
leaf_weight=0.12720080916005816 3.1665297612289578 1.0641791977141108 1.4803672074212952 0.69084300876966143 1.2104264213412532 0.057008957053767406
leaf_count=71 1269 343 514 1056 3177 15
internal_value=0.000429228 0.00310976 0.00507267 -0.00107006 -0.00370851 -0.00403347
internal_weight=7.79656 6.40192 4.6469 1.75502 1.39464 1.26744
internal_count=6445 3182 1783 1399 3263 3192
is_linear=0
shrinkage=0.025


Tree=346
num_leaves=7
num_cat=0
split_feature=13 26 14 21 22 21
split_gain=0.283674 0.196688 0.185341 0.16919 0.117576 0.0633046
threshold=4.0124621391296396 -0.88267394900321949 0.10100539773702623 1.1944395303726199 0.78722152113914501 0.0042810691520571717
decision_type=2 2 2 2 2 2
left_child=3 5 -3 4 -1 -2
right_child=1 2 -4 -5 -6 -7
leaf_value=-0.00638143530307771 0 0.0023197584342840531 -0.0037543924845582716 0.00066386454620736852 0 0.005721709868471799
leaf_weight=1.6437081902076904 0.11732693340673028 0.50807286921735784 1.3574388948782141 0.89749754716831365 0.63849073192977801 2.4060263084502367
leaf_count=3667 223 608 1492 100 94 280
internal_value=0 0.00297999 -0.000705107 -0.00338853 -0.00520204 0.00519311
internal_weight=7.56856 4.38887 1.86551 3.1797 2.2822 2.52335
internal_count=6464 2603 2100 3861 3761 503
is_linear=0
shrinkage=0.025


Tree=347
num_leaves=7
num_cat=0
split_feature=26 19 13 18 0 27
split_gain=0.359384 0.214632 0.134539 0.123741 0.0175962 0.0104069
threshold=-1.010767340660095 0.54007327556610119 2.9677381515502934 0.53299450874328624 5.1526005268096933 0.098753247410058989
decision_type=2 2 2 2 2 2
left_child=2 3 5 -2 -3 -1
right_child=1 4 -4 -5 -6 -7
leaf_value=-0.0015255009487196557 -0.0077890961311421775 0.0014299268175492473 0.0039939237227739266 0 0 0
leaf_weight=0.4605958834763445 2.7615959767681493 0.70466979386765149 1.8525300709716246 0.77711523823018058 0.2635838334717846 0.088810279965400696
leaf_count=606 5142 102 230 253 119 1
internal_value=-0.00236997 -0.00523037 0.00206044 -0.00678904 0.000334218 -0.00105728
internal_weight=6.9089 4.50696 2.40194 3.53871 0.968254 0.549406
internal_count=6453 5616 837 5395 221 607
is_linear=0
shrinkage=0.025


Tree=348
num_leaves=6
num_cat=0
split_feature=6 26 26 22 25
split_gain=0.324416 0.263829 0.189405 0.113801 0.0533559
threshold=2.9649147987365727 -0.84910276532173146 -0.38902664184570307 0.033334886655211456 -4.2557942867279044
decision_type=2 2 2 2 2
left_child=1 3 -3 -1 -2
right_child=4 2 -4 -5 -6
leaf_value=0 0 -0.0041787598707606613 0.0019328888640396315 0.0060450956359260734 -0.0050843233153717417
leaf_weight=0.35833569967871914 0.6826353991928048 1.4145578722545904 0.50545624996448157 2.9599741492384055 1.4618688499504058
leaf_count=584 92 2353 106 304 2995
internal_value=0 0.00259728 -0.00143258 0.00513989 -0.00432584
internal_weight=7.38283 5.23832 1.92001 3.31831 2.1445
internal_count=6434 3347 2459 888 3087
is_linear=0
shrinkage=0.025


Tree=349
num_leaves=6
num_cat=0
split_feature=21 13 15 21 15
split_gain=0.32028 0.238992 0.152561 0.0476541 0.0249481
threshold=0.0042810691520571717 3.4484940767288212 0.46928147971630102 1.3755028247833254 -0.73206302523612965
decision_type=2 2 2 2 2
left_child=4 3 -3 -2 -1
right_child=1 2 -4 -5 -6
leaf_value=0 -0.0025327231891508917 0.0063425285915095046 0 0.00022143841585749413 -0.0041969850055747319
leaf_weight=0.121298480342375 1.0378689815806863 3.5536555157541443 1.1320835234146214 0.57391393967554893 1.1774310208129461
leaf_count=71 1303 1479 394 53 3086
internal_value=0.000360788 0.00310035 0.00506768 -0.00118092 -0.00384707
internal_weight=7.59625 6.29752 4.68574 1.61178 1.29873
internal_count=6386 3229 1873 1356 3157
is_linear=0
shrinkage=0.025


end of trees

feature_importances:
Column_21=273
Column_22=200
Column_26=188
Column_13=171
Column_6=161
Column_27=157
Column_24=124
Column_17=88
Column_19=86
Column_5=70
Column_25=67
Column_15=59
Column_12=47
Column_2=44
Column_23=41
Column_18=37
Column_7=35
Column_14=35
Column_20=29
Column_11=28
Column_3=25
Column_16=22
Column_0=15
Column_4=9
Column_1=7
Column_8=3
Column_10=2
Column_9=1

parameters:
[boosting: gbdt]
[objective: binary]
[metric: binary_logloss]
[tree_learner: serial]
[device_type: cpu]
[data_sample_strategy: bagging]
[data: ]
[valid: ]
[num_iterations: 350]
[learning_rate: 0.025]
[num_leaves: 7]
[num_threads: 4]
[seed: 990042]
[deterministic: 0]
[force_col_wise: 0]
[force_row_wise: 0]
[histogram_pool_size: -1]
[max_depth: 3]
[min_data_in_leaf: 20]
[min_sum_hessian_in_leaf: 0.001]
[bagging_fraction: 0.8]
[pos_bagging_fraction: 1]
[neg_bagging_fraction: 1]
[bagging_freq: 1]
[bagging_seed: 990042]
[bagging_by_query: 0]
[feature_fraction: 0.8]
[feature_fraction_bynode: 1]
[feature_fraction_seed: 990042]
[extra_trees: 0]
[extra_seed: 11006]
[early_stopping_round: 0]
[early_stopping_min_delta: 0]
[first_metric_only: 0]
[max_delta_step: 0]
[lambda_l1: 0.25]
[lambda_l2: 5]
[linear_lambda: 0]
[min_gain_to_split: 0.01]
[drop_rate: 0.1]
[max_drop: 50]
[skip_drop: 0.5]
[xgboost_dart_mode: 0]
[uniform_drop: 0]
[drop_seed: 2657]
[top_rate: 0.2]
[other_rate: 0.1]
[min_data_per_group: 100]
[max_cat_threshold: 32]
[cat_l2: 10]
[cat_smooth: 10]
[max_cat_to_onehot: 4]
[top_k: 20]
[monotone_constraints: ]
[monotone_constraints_method: basic]
[monotone_penalty: 0]
[feature_contri: ]
[forcedsplits_filename: ]
[refit_decay_rate: 0.9]
[cegb_tradeoff: 1]
[cegb_penalty_split: 0]
[cegb_penalty_feature_lazy: ]
[cegb_penalty_feature_coupled: ]
[path_smooth: 0]
[interaction_constraints: ]
[verbosity: -1]
[saved_feature_importance_type: 0]
[use_quantized_grad: 0]
[num_grad_quant_bins: 4]
[quant_train_renew_leaf: 0]
[stochastic_rounding: 1]
[linear_tree: 0]
[max_bin: 255]
[max_bin_by_feature: ]
[min_data_in_bin: 3]
[bin_construct_sample_cnt: 200000]
[data_random_seed: 21835]
[is_enable_sparse: 1]
[enable_bundle: 1]
[use_missing: 1]
[zero_as_missing: 0]
[feature_pre_filter: 1]
[pre_partition: 0]
[two_round: 0]
[header: 0]
[label_column: ]
[weight_column: ]
[group_column: ]
[ignore_column: ]
[categorical_feature: ]
[forcedbins_filename: ]
[precise_float_parser: 0]
[parser_config_file: ]
[objective_seed: 18452]
[num_class: 1]
[is_unbalance: 0]
[scale_pos_weight: 1]
[sigmoid: 1]
[boost_from_average: 1]
[reg_sqrt: 0]
[alpha: 0.9]
[fair_c: 1]
[poisson_max_delta_step: 0.7]
[tweedie_variance_power: 1.5]
[lambdarank_truncation_level: 30]
[lambdarank_norm: 1]
[label_gain: ]
[lambdarank_position_bias_regularization: 0]
[eval_at: ]
[multi_error_top_k: 1]
[auc_mu_weights: ]
[num_machines: 1]
[local_listen_port: 12400]
[time_out: 120]
[machine_list_filename: ]
[machines: ]
[gpu_platform_id: -1]
[gpu_device_id: -1]
[gpu_device_id_list: ]
[gpu_use_dp: 0]
[num_gpu: 1]

end of parameters

pandas_categorical:null
