tree
version=v4
num_class=1
num_tree_per_iteration=1
label_index=0
max_feature_idx=29
objective=binary sigmoid:1
feature_names=Column_0 Column_1 Column_2 Column_3 Column_4 Column_5 Column_6 Column_7 Column_8 Column_9 Column_10 Column_11 Column_12 Column_13 Column_14 Column_15 Column_16 Column_17 Column_18 Column_19 Column_20 Column_21 Column_22 Column_23 Column_24 Column_25 Column_26 Column_27 Column_28 Column_29
feature_infos=[-5.1122441291809082:8.8582353591918945] [-5.5840373039245605:8.9988632202148438] [-5.920142650604248:9.2615432739257812] [-6.1321635246276855:11.453814506530762] [-5.7039012908935547:11.272500991821289] [-5.2645907402038574:9.7064008712768555] [-5.0588212013244629:7.1094374656677246] [-2.6070883274078369:8.3995761871337891] [-2.5736229419708252:8.6242380142211914] [-4.141392707824707:8.7811403274536133] [-3.9015097618103027:8.8804502487182617] [-3.0951642990112305:8.7231845855712891] [-2.8922345638275146:8.698756217956543] [-1.7980664968490601:8.4944190979003906] [-5.7203235626220703:5.5208940505981445] [-5.1695089340209961:6.7352347373962402] [-10.663614273071289:7.1673679351806641] [-4.056755542755127:4.5035881996154785] [-3.3370399475097656:2.5530338287353516] [-3.02276611328125:6.6505193710327148] [-10.828666687011719:6.4521923065185547] [-3.9398567676544189:4.6349334716796875] [-2.8914206027984619:8.2166194915771484] [-19.253122329711914:26.217466354370117] [-36.426158905029297:15.583721160888672] [-62.643627166748047:14.979232788085938] [-2.397939920425415:0.98987960815429688] [-1.2905910015106201:2.0972285270690918] [1:7] [0:7]
tree_sizes=884 875 862 889 895 885 892 874 891 874 891 869 898 852 876 894 894 896 904 898 876 867 901 878 873 877 860 870 862 874 898 897 870 901 900 876 790 878 879 868 878 896 877 762 878 856 791 861 874 896 878 864 866 888 901 878 881 865 876 878 883 846 877 795 869 876 757 854 846 845 862 865 867 580 876 797 900 852 837 842 877 862 872 865 873 861 858 835 898 900 744 875 885 862 899 863 882 878 895 886 885 797 882 793 796 856 858 781 879 879 884 908 909 902 881 880 873 857 904 879 854 851 897 911 877 869 860 888 848 792 859 859 880 904 874 884 890 909 842 884 864 799 871 887 885 883 887 783 906 870 860 866 883 865 882 778 860 865 853 884 890 777 851 784 879 863 846 855 840 864 864 692 884 690 786 855 884 863 877 896 774 781 879 880 844 787 756 866 838 762 884 869 870 871 885 875 866 847 885 780 857 857 877 873 910 751 785 891 681 875 853 897 769 820 873 866 784 888 780 839 808 758 885 879 762 873 878 898 877 883 679 888 873 851 839 898 863 769 763 752 854 750 874 767 878 866 757 861 867 886 871 741 888 907 886 888 848 897 871 668 883 852 899 901 876 888 897 857 873 896 851 888 791 871 765 675 865 873 855 773 847 879 758 856 842 871 846 661 839 915 862 786 731 889 876 857 855 844 896 788 780 851 891 770 863 865 863 741 738 758 854 868 736 846 884 790 590 851 888 789 853 867 887 790 888 875 833 780 871 769 781 870 844 845 763 880 878 854 851 743 868 875 750 748 889 668 871 849 767 904

Tree=0
num_leaves=7
num_cat=0
split_feature=22 6 17 2 16 20
split_gain=140.159 13.4693 12.0739 5.75305 1.22808 0.840512
threshold=0.1934856325387955 4.1054792404174814 0.89335909485816967 1.5768821239471438 1.2218641042709353 -0.34702825546264643
decision_type=2 2 2 2 2 2
left_child=2 3 4 -2 -1 -4
right_child=1 -3 5 -5 -6 -7
leaf_value=-0.1348628705234749 -0.099618436199858454 -0.10566624067887539 -0.098911251369989489 -0.054250795785466668 -0.095310194858114469 -0.085203512601605136
leaf_weight=28.015248063718907 0.64006970170885935 1.5528050081338722 0.54967963206581805 27.745752805843949 0.54157893499359389 2.0440689469687632
leaf_count=5021 168 276 109 681 79 93
internal_value=-0.095452 -0.0598234 -0.130039 -0.055953 -0.13425 -0.0893899
internal_weight=61.0892 29.9386 31.1506 28.3858 28.5568 2.59375
internal_count=6427 1125 5302 849 5100 202
is_linear=0
shrinkage=1


Tree=1
num_leaves=7
num_cat=0
split_feature=21 24 13 26 20 21
split_gain=127.818 17.2817 14.4844 6.77701 2.46061 0.750904
threshold=0.39285229146480566 -4.7665493488311759 3.087434053421021 -0.79614809155464161 1.5390615463256838 1.8658464550971987
decision_type=2 2 2 2 2 2
left_child=1 -1 5 -4 -3 -2
right_child=2 4 3 -5 -6 -7
leaf_value=0.012600510696425699 -0.012192700742589926 -0.039638747658935276 0.040737499030047801 -0.0025844623487446031 0 0.002047976049693537
leaf_weight=2.1357831013156128 1.9151144201168819 28.092767376569103 26.199831326375723 1.5250492586055724 1.0865046852268267 0.66737427236512292
leaf_count=51 516 4875 477 455 132 23
internal_value=-0.000535205 -0.0335147 0.0332843 0.0381327 -0.0384225 -0.00876457
internal_weight=61.6224 31.3151 30.3074 27.7249 29.1793 2.58249
internal_count=6529 5058 1471 932 5007 539
is_linear=0
shrinkage=0.025


Tree=2
num_leaves=7
num_cat=0
split_feature=21 24 13 23 2 2
split_gain=126.671 15.7686 12.154 2.87795 1.6248 0.23456
threshold=0.50400638580322277 -4.0009253025054923 3.0488374233245854 -5.2447137832641593 1.9394291639328005 4.0046634674072275
decision_type=2 2 2 2 2 2
left_child=1 -1 5 -3 -4 -2
right_child=2 3 4 -5 -6 -7
leaf_value=0.011824649827649669 2.7924913412508552e-05 0.00023112287797267162 0 -0.037713636911518605 0.039718075473901396 -0.0097554496644301492
leaf_weight=2.2135911859804756 0.38689142576186242 0.89501696970546873 0.92485243425471964 29.183333223860245 26.275530929153319 1.4681497087585738
leaf_count=92 76 111 181 5065 553 323
internal_value=0 -0.0319108 0.03478 -0.0365344 0.0387386 -0.00827118
internal_weight=61.3474 32.2919 29.0554 30.0784 27.2004 1.85504
internal_count=6401 5268 1133 5176 734 399
is_linear=0
shrinkage=0.025


Tree=3
num_leaves=7
num_cat=0
split_feature=24 17 6 24 3 23
split_gain=111.841 14.6103 8.07729 3.5667 2.65535 1.86755
threshold=-1.701981723308563 0.52343070507049572 3.3576247692108159 0.46378172934055334 1.1124424934387209 -7.2503614425659171
decision_type=2 2 2 2 2 2
left_child=2 5 4 -3 -1 -2
right_child=1 3 -4 -5 -6 -7
leaf_value=-0.0017185214604170452 0.00065221255978084114 0.01355509099367818 -0.0055442287600146129 -0.010824910290040478 0.038653569257382912 -0.037465149033973515
leaf_weight=0.3223041786113815 0.3212413020082775 3.633021955844014 1.4189197227242392 1.6971663589356465 22.450326050806325 27.741818508482538
leaf_count=119 35 194 319 578 370 4779
internal_value=-0.00259428 -0.0305374 0.0343873 0.00370518 0.0376506 -0.0368071
internal_weight=57.5848 33.3932 24.1915 5.33019 22.7726 28.0631
internal_count=6394 5586 808 772 489 4814
is_linear=0
shrinkage=0.025


Tree=4
num_leaves=7
num_cat=0
split_feature=22 6 27 17 8 27
split_gain=124.724 14.9011 6.91199 6.49183 0.403889 0.311568
threshold=0.12527042627334598 4.1054792404174814 0.22271215170621875 0.81750041246414196 2.3554333448410039 0.73299241065979015
decision_type=2 2 2 2 2 2
left_child=3 2 -2 5 -5 -1
right_child=1 -3 -4 4 -6 -7
leaf_value=-0.03720467305846898 0.039510517533682336 -0.01196153877556479 0.00015099258603544206 -0.0030322528922449906 0.0059214678401379875 -0.0012229009891360594
leaf_weight=25.969040752970621 28.339590843766931 1.9531220545759413 3.4341414496884672 1.0480133477831253 1.1837956733070312 0.86375271814176713
leaf_count=4749 404 344 600 163 83 70
internal_value=0.00120638 0.0318995 0.0360254 -0.0336812 0.00166321 -0.0366168
internal_weight=62.7915 33.7269 31.7737 29.0646 2.23181 26.8328
internal_count=6413 1348 1004 5065 246 4819
is_linear=0
shrinkage=0.025


Tree=5
num_leaves=7
num_cat=0
split_feature=22 13 17 2 24 21
split_gain=117.506 11.5469 10.2886 2.9724 2.50273 0.674756
threshold=0.21849723905324939 2.9750292301177983 0.57245939970016491 1.5768821239471438 0.46378172934055334 1.3620337843894961
decision_type=2 2 2 2 2 2
left_child=2 5 -1 -3 -4 -2
right_child=1 3 4 -5 -6 -7
leaf_value=-0.03615718360721485 -0.010649768597574666 -0.00076254593583349522 0.011356052426718544 0.038146239667601181 -0.0096705813701189886 0.0023394719043269554
leaf_weight=27.284256890590772 1.6863686825963697 0.74927465483779343 2.6861423780792384 26.841153111599851 1.5079744663089512 0.62007295835064713
leaf_count=4768 329 139 130 557 500 22
internal_value=0 0.0328375 -0.0313325 0.0369429 0.00196847 -0.00709104
internal_weight=61.3752 29.8969 31.4784 27.5904 4.19412 2.30644
internal_count=6445 1047 5398 696 630 351
is_linear=0
shrinkage=0.025


Tree=6
num_leaves=7
num_cat=0
split_feature=21 6 19 2 12 6
split_gain=99.057 13.3252 12.8658 4.54309 1.74122 0.983667
threshold=0.39285229146480566 3.3576247692108159 0.64071357250213634 1.5768821239471438 7.2460210323333749 3.2098838090896611
decision_type=2 2 2 2 2 2
left_child=2 3 4 -2 -1 -4
right_child=1 -3 5 -5 -6 -7
leaf_value=-0.035711292333366597 -0.0039363412609304095 -0.0091905851621468838 0.012736120381392366 0.036094624124519269 0.00062564274551987721 -0.003112345380702665
leaf_weight=27.450799469545025 0.60608014016179979 2.711250557913444 2.0270805582404132 25.397022608551197 0.32583393895765667 0.51877335156314064
leaf_count=4861 173 587 36 676 11 123
internal_value=-0.00123329 0.0294157 -0.0304893 0.0344756 -0.0350639 0.00875599
internal_weight=59.0368 28.7144 30.3225 26.0031 27.7766 2.54585
internal_count=6467 1436 5031 849 4872 159
is_linear=0
shrinkage=0.025


Tree=7
num_leaves=7
num_cat=0
split_feature=22 6 17 2 22 23
split_gain=103.731 12.4205 12.3133 3.5355 1.18474 1.08892
threshold=0.1934856325387955 3.7371568679809575 0.81750041246414196 1.9394291639328005 -0.25452753901481623 -5.2447137832641593
decision_type=2 2 2 2 2 2
left_child=2 3 5 -2 -4 -1
right_child=1 -3 4 -5 -6 -7
leaf_value=0 -0.0016312772323377528 -0.0094185013598190107 -0.0045179377179885693 0.036282096207510738 0.011357167997619766 -0.035217399233351147
leaf_weight=0.55027340631932631 0.8471074314438799 2.1658433026750563 0.69037937634857405 26.622142234409694 2.6177136533078729 27.69843593070982
leaf_count=67 210 368 177 540 85 5034
internal_value=-0.000401464 0.0305409 -0.0298333 0.0348493 0.00656671 -0.0346305
internal_weight=61.1919 29.6351 31.5568 27.4692 3.30809 28.2487
internal_count=6481 1118 5363 750 262 5101
is_linear=0
shrinkage=0.025


Tree=8
num_leaves=7
num_cat=0
split_feature=21 19 13 27 12 5
split_gain=97.0349 13.8502 12.3817 4.91882 1.70631 0.941134
threshold=0.35010628402233129 0.64071357250213634 3.0488374233245854 0.31324043869972235 7.2460210323333749 4.7693552970886239
decision_type=2 2 2 2 2 2
left_child=1 4 -2 -4 -1 -3
right_child=2 5 3 -5 -6 -7
leaf_value=-0.034551986198756719 -0.0085640357832058867 0.013306144811724624 0.036177972181832288 -0.00094982976540970503 0.00073917141296054808 -0.0027041325635939039
leaf_weight=26.89259929466062 2.639562244119591 2.317419170052744 26.966621579893403 1.7769523488823313 0.31322222168091585 0.4744959482923149
leaf_count=4677 578 66 518 467 10 97
internal_value=0.0008536 -0.0288365 0.0294676 0.0338968 -0.0338999 0.00979385
internal_weight=61.3809 29.9977 31.3831 28.7436 27.2058 2.79192
internal_count=6413 4850 1563 985 4687 163
is_linear=0
shrinkage=0.025


Tree=9
num_leaves=7
num_cat=0
split_feature=22 17 6 3 24 16
split_gain=96.1093 9.68775 9.50946 3.31829 1.18192 1.06415
threshold=0.21849723905324939 0.89335909485816967 4.1054792404174814 1.1124424934387209 0.24978028982877734 1.2218641042709353
decision_type=2 2 2 2 2 2
left_child=1 5 3 -2 -3 -1
right_child=2 4 -4 -5 -6 -7
leaf_value=-0.033574765577900824 -0.0016335460023011368 0.010595894263377157 -0.0089226260068729652 0.034607179776445708 -0.0049928030972142788 0
leaf_weight=27.692930150020409 0.85850550112082302 2.2412086118711154 1.4328612155513827 26.092933978419751 0.75656381133012462 0.5280508054420342
leaf_count=5141 193 44 254 588 172 87
internal_value=-0.000706629 -0.0289483 0.0298515 0.0331822 0.00521841 -0.0330049
internal_weight=59.6031 31.2188 28.3843 26.9514 2.99777 28.221
internal_count=6479 5444 1035 781 216 5228
is_linear=0
shrinkage=0.025


Tree=10
num_leaves=7
num_cat=0
split_feature=22 13 17 13 2 6
split_gain=93.5073 10.0137 9.243 3.01541 2.72044 0.333513
threshold=0.2278019115328789 2.9750292301177983 0.52343070507049572 4.2794315814971933 1.6290140151977541 3.2492717504501347
decision_type=2 2 2 2 2 2
left_child=2 5 -1 -4 -3 -2
right_child=1 4 3 -5 -6 -7
leaf_value=-0.03328350025072712 0.00073862614767374393 -0.00093292776248102109 -0.0099630225410652067 0.012611426466322224 0.03472762920133024 -0.0099466354030731553
leaf_weight=25.705614406964745 0.28301034064498054 0.77391196286771702 2.293373027467168 2.4417543046292849 26.248917049611919 1.6092790113762019
leaf_count=4645 15 142 619 132 549 320
internal_value=7.26121e-05 0.0298311 -0.0282388 0.00153435 0.033525 -0.00806523
internal_weight=59.3559 28.9151 30.4407 4.73513 27.0228 1.89229
internal_count=6422 1026 5396 751 691 335
is_linear=0
shrinkage=0.025


Tree=11
num_leaves=7
num_cat=0
split_feature=22 13 21 2 22 19
split_gain=90.7522 9.97737 6.77769 2.98408 1.47286 0.940414
threshold=0.2278019115328789 2.9750292301177983 0.41819508373737341 1.6290140151977541 0.036992715671658523 0.64071357250213634
decision_type=2 2 2 2 2 2
left_child=2 -2 5 -3 -4 -1
right_child=1 3 4 -5 -6 -7
leaf_value=-0.033501806685097169 -0.0083148463708045666 -0.0013502454615215774 -0.0084667442961957034 0.033936121848484539 0.007410210726978287 0
leaf_weight=25.230017835216138 1.9475757618783998 0.82732649281388404 1.9670796359423537 25.618051101977471 2.6686561523820274 0.58580612746300076
leaf_count=4522 334 151 536 542 273 75
internal_value=-0.000761556 0.0287762 -0.028653 0.0325943 0 -0.0328932
internal_weight=58.8445 28.393 30.4516 26.4454 4.63574 25.8158
internal_count=6433 1027 5406 693 809 4597
is_linear=0
shrinkage=0.025


Tree=12
num_leaves=7
num_cat=0
split_feature=22 5 17 26 22 27
split_gain=86.6435 8.82066 7.99842 3.71574 0.983897 0.419434
threshold=0.1934856325387955 4.7412192821502694 0.81750041246414196 -0.88385179638862599 -0.099203940480947481 0.73299241065979015
decision_type=2 2 2 2 2 2
left_child=2 3 5 -2 -4 -1
right_child=1 -3 4 -5 -6 -7
leaf_value=-0.033375950741534023 0.033585902138760469 -0.0089374636169040119 -0.0048992487004386378 0.00012096054322897983 0.00919467237732342 -0.00076703946013099641
leaf_weight=25.94630911335117 23.625365335494283 1.4626840652781528 0.75727952207671512 2.6805702343117472 2.008722767874132 0.88736675336258386
leaf_count=4997 396 211 209 510 53 78
internal_value=-0.00154829 0.027605 -0.0291156 0.0309394 0.00386126 -0.0327838
internal_weight=57.3683 27.7686 29.5997 26.3059 2.766 26.8337
internal_count=6454 1117 5337 906 262 5075
is_linear=0
shrinkage=0.025


Tree=13
num_leaves=7
num_cat=0
split_feature=22 6 21 26 13 19
split_gain=80.6751 10.1376 7.31829 3.99314 2.24294 1.01792
threshold=0.1934856325387955 4.1054792404174814 0.35010628402233129 -0.89532509446144093 4.4931042194366464 0.64071357250213634
decision_type=2 2 2 2 2 2
left_child=2 3 5 -2 -4 -1
right_child=1 -3 4 -5 -6 -7
leaf_value=-0.031593313163072033 0.033875849282657404 -0.0098706086357657208 -0.0088184406295610685 0 0.010457321292494576 0
leaf_weight=24.344188593036968 25.09494674263988 1.6439389820443455 2.7582938648411064 2.3690827196114723 2.3046691666822881 0.5224411656963629
leaf_count=4320 326 287 745 523 161 69
internal_value=0.000385583 0.0277957 -0.026256 0.0314158 0.000171045 -0.0309738
internal_weight=59.0376 29.108 29.9296 27.464 5.06296 24.8666
internal_count=6431 1136 5295 849 906 4389
is_linear=0
shrinkage=0.025


Tree=14
num_leaves=7
num_cat=0
split_feature=22 6 17 27 24 27
split_gain=82.0062 10.4335 8.90008 3.73364 2.60656 0.439702
threshold=0.1934856325387955 4.1054792404174814 0.52343070507049572 0.25838394463062292 0.44769060611724859 0.73299241065979015
decision_type=2 2 2 2 2 2
left_child=2 3 5 -2 -4 -1
right_child=1 -3 4 -5 -6 -7
leaf_value=-0.032083516833044376 0.03332646022398033 -0.010117881220193525 0.011527970933647852 0 -0.0096364838509650913 -0.0005480775501518568
leaf_weight=24.088177771482158 26.803023799788214 1.7030374610912975 3.0138326841988592 1.9887828270439047 1.6281810315558685 0.86618714052019541
leaf_count=4462 419 293 155 450 607 74
internal_value=0.000941581 0.0276588 -0.0264249 0.0312447 0.00230874 -0.0314717
internal_weight=60.0912 30.4948 29.5964 28.7918 4.64201 24.9544
internal_count=6460 1162 5298 869 762 4536
is_linear=0
shrinkage=0.025


Tree=15
num_leaves=7
num_cat=0
split_feature=22 13 17 27 24 21
split_gain=79.8433 10.7215 9.01651 3.25368 2.63352 0.428995
threshold=0.1934856325387955 2.9750292301177983 0.52343070507049572 0.31324043869972235 0.44769060611724859 1.8658464550971987
decision_type=2 2 2 2 2 2
left_child=2 5 -1 -3 -4 -2
right_child=1 3 4 -5 -6 -7
leaf_value=-0.031856338219917686 -0.011320465478534457 0.032763765542540069 0.011559091834646401 -9.4560107621062225e-05 -0.0097023247010156657 0.00097825220377182362
leaf_weight=24.514576007786676 1.9258867998723901 26.355880169488959 2.99560569244204 1.5712010654970061 1.6516710822470484 0.263523248664569
leaf_count=4582 376 416 148 340 581 4
internal_value=0.000445237 0.0269734 -0.0267064 0.0309917 0.00224263 -0.00931999
internal_weight=59.2783 30.1165 29.1619 27.9271 4.64728 2.18941
internal_count=6447 1136 5311 756 729 380
is_linear=0
shrinkage=0.025


Tree=16
num_leaves=7
num_cat=0
split_feature=22 6 17 2 13 0
split_gain=77.5886 8.53885 5.88055 3.69174 1.94049 0.362213
threshold=0.21849723905324939 3.7371568679809575 0.57245939970016491 1.5768821239471438 4.4554131031036386 3.6646796464920048
decision_type=2 2 2 2 2 2
left_child=2 3 -1 -2 -4 -3
right_child=1 5 4 -5 -6 -7
leaf_value=-0.030824760719802214 -0.0037539322480505525 0.00098517684315792709 -0.0087188698698567515 0.031598827991249738 0.0099014665264134331 -0.0098151088714680933
leaf_weight=24.954618389834653 0.57705383514986053 0.26275354303652321 2.0745411335956301 25.908605924982112 1.88518328074133 1.626902060525026
leaf_count=4803 149 3 542 566 89 346
internal_value=-0.000336681 0.0266554 -0.0270344 0.0301563 2.69437e-05 -0.00778109
internal_weight=57.2897 28.3753 28.9143 26.4857 3.95972 1.88966
internal_count=6498 1064 5434 715 631 349
is_linear=0
shrinkage=0.025


Tree=17
num_leaves=7
num_cat=0
split_feature=22 13 2 17 24 0
split_gain=72.3632 11.4562 5.4589 4.30202 1.79963 0.470484
threshold=0.12527042627334598 2.9750292301177983 1.5768821239471438 0.52343070507049572 0.44769060611724859 3.5861003398895268
decision_type=2 2 2 2 2 2
left_child=3 5 -3 -1 -5 -2
right_child=1 2 -4 4 -6 -7
leaf_value=-0.029952998587027505 0.00094720065482759301 -0.0044439334104613313 0.031452618072265813 0.0081382649907077702 -0.0098394879783114033 -0.012318042703102302
leaf_weight=23.235818973334975 0.26802716252859982 1.311921479296873 27.611214798525907 2.2029337882995601 1.6911914670490658 2.2172953102272004
leaf_count=4338 11 241 694 128 579 441
internal_value=0.000759844 0.0249254 0.0292251 -0.0265474 -0.000108894 -0.0103754
internal_weight=58.5384 31.4085 28.9231 27.1299 3.89413 2.48532
internal_count=6432 1387 935 5045 707 452
is_linear=0
shrinkage=0.025


Tree=18
num_leaves=7
num_cat=0
split_feature=21 26 19 5 22 26
split_gain=66.8435 8.45071 7.63479 5.41551 0.748445 0.447322
threshold=0.35010628402233129 -0.88267394900321949 0.64071357250213634 4.1350474357604989 0.98888972401618969 -0.38771194219589228
decision_type=2 2 2 2 2 2
left_child=2 3 5 -2 -3 -1
right_child=1 4 -4 -5 -6 -7
leaf_value=-0.030995417559720781 0.03110734845786128 -0.0092034067659226542 0.0057234355674682779 -0.0046096250234675933 0.0032316703815844353 -0.00048035391533678221
leaf_weight=23.869973128428686 23.122612053528435 2.5986616550362664 2.2296820222982197 1.2928872841875989 0.85525944730034087 0.88722626148956152
leaf_count=4607 489 785 167 213 64 77
internal_value=-0.00102722 0.0239904 -0.0267699 0.0285415 -0.00529474 -0.0303763
internal_weight=54.8563 27.8694 26.9869 24.4155 3.45392 24.7572
internal_count=6402 1551 4851 702 849 4684
is_linear=0
shrinkage=0.025


Tree=19
num_leaves=7
num_cat=0
split_feature=21 19 13 26 23 13
split_gain=64.8943 9.59623 7.7641 4.22746 2.17537 0.896324
threshold=0.48507140576839453 0.56599965691566478 3.087434053421021 -0.84879621863365162 -5.2447137832641593 2.9750292301177983
decision_type=2 2 2 2 2 2
left_child=1 4 -2 -4 -1 -3
right_child=2 5 3 -5 -6 -7
leaf_value=0.00064727803459337097 -0.0065310898201872249 -0.0031527609000730275 0.031091931777982935 -0.0025628664959781904 -0.030201601367970916 0.01150295825760342
leaf_weight=0.86907343845815077 2.2673411372816217 0.56696947506861706 23.105527669598821 1.3863946012570476 25.091079354053363 2.2436121349455789
leaf_count=109 431 136 319 433 4935 67
internal_value=-0.000482475 -0.0246657 0.0251115 0.0288634 -0.0290292 0.00762064
internal_weight=55.53 28.7707 26.7593 24.4919 25.9602 2.81058
internal_count=6430 5247 1183 752 5044 203
is_linear=0
shrinkage=0.025


Tree=20
num_leaves=7
num_cat=0
split_feature=22 6 17 26 13 16
split_gain=67.4152 8.74726 7.45918 3.00865 1.64106 1.02207
threshold=0.1934856325387955 3.7371568679809575 0.81750041246414196 -0.79614809155464161 3.5581232309341435 1.2218641042709353
decision_type=2 2 2 2 2 2
left_child=2 3 5 -2 -4 -1
right_child=1 -3 4 -5 -6 -7
leaf_value=-0.029582524578673317 0.030559820906007729 -0.0083070844570696505 -0.0064380469307680601 -0.00031020509161940529 0.011589650766111603 0
leaf_weight=24.387348802702043 25.436378406302545 2.0484163635992436 0.99965212924871538 1.5769619938801032 2.0206250413903035 0.49166760506341134
leaf_count=4981 435 379 214 345 46 77
internal_value=0.000450119 0.0251613 -0.0250126 0.0287955 0.00454979 -0.0289715
internal_weight=56.9611 29.0618 27.8993 27.0133 3.02028 24.879
internal_count=6477 1159 5318 780 260 5058
is_linear=0
shrinkage=0.025


Tree=21
num_leaves=7
num_cat=0
split_feature=22 5 3 17 24 27
split_gain=61.2851 10.4917 4.50921 3.95054 1.80392 0.722871
threshold=0.12527042627334598 3.9106251001358037 1.1124424934387209 0.52343070507049572 0.44769060611724859 0.73299241065979015
decision_type=2 2 2 2 2 2
left_child=3 2 -2 5 -5 -1
right_child=1 -3 -4 4 -6 -7
leaf_value=-0.029232558210859738 -0.0038453255823982738 -0.010265473406723069 0.029703004636584207 0.0083081621169523757 -0.0097192365699739994 0
leaf_weight=21.56757609179477 1.2161897810874567 2.4433151780976905 25.626401476270985 2.1552247817744496 1.7068904629559254 0.73857393424259399
leaf_count=4309 264 443 645 118 597 65
internal_value=8.94701e-05 0.0232423 0.0276216 -0.0251931 0 -0.0285462
internal_weight=55.4542 29.2859 26.8426 26.1683 3.86212 22.3062
internal_count=6441 1352 909 5089 715 4374
is_linear=0
shrinkage=0.025


Tree=22
num_leaves=7
num_cat=0
split_feature=22 5 17 26 22 24
split_gain=65.6003 7.29901 3.69191 2.96643 2.15141 0.451223
threshold=0.1934856325387955 4.037076711654664 0.52343070507049572 -0.79614809155464161 0.036992715671658523 -5.4408361911773673
decision_type=2 2 2 2 2 2
left_child=2 3 -1 -2 -4 -3
right_child=1 5 4 -5 -6 -7
leaf_value=-0.029416624666907112 0.029605502958068672 0.0014896356875371492 -0.010776342581165646 -0.00046685993681388539 0.0088446267448399393 -0.0093149940825591696
leaf_weight=22.936260056390896 23.823513350973379 0.63526928669307414 1.9103090500575484 1.6042266595759418 1.9891376712475901 1.599571743805426
leaf_count=4607 417 27 673 333 70 332
internal_value=-0.000626424 0.0242149 -0.0262109 0.0277379 -0.000719319 -0.00647291
internal_weight=54.4983 27.6626 26.8357 25.4277 3.89945 2.23484
internal_count=6459 1109 5350 750 743 359
is_linear=0
shrinkage=0.025


Tree=23
num_leaves=7
num_cat=0
split_feature=21 27 19 5 22 27
split_gain=59.5801 10.6058 7.99992 4.9072 0.953528 0.641355
threshold=0.30815713107585913 0.22439777851104739 0.64071357250213634 4.5145349502563485 0.78722152113914501 0.73299241065979015
decision_type=2 2 2 2 2 2
left_child=2 3 5 -2 -3 -1
right_child=1 4 -4 -5 -6 -7
leaf_value=-0.029414580733356399 0.029835116447225658 -0.012826863955684307 0.0065795212594941185 -0.0053302173530316715 0.0025114325852627455 0
leaf_weight=22.876272867666565 25.439483594906058 2.2582460230914871 2.4290170154417856 0.88335074693895776 0.90442632767371822 0.79450866801198472
leaf_count=4537 640 803 160 151 94 66
internal_value=0.000272849 0.0229744 -0.024743 0.027793 -0.00882333 -0.0287621
internal_weight=55.5853 29.4855 26.0998 26.3228 3.16267 23.6708
internal_count=6451 1688 4763 791 897 4603
is_linear=0
shrinkage=0.025


Tree=24
num_leaves=7
num_cat=0
split_feature=22 17 6 3 12 23
split_gain=51.2828 8.95264 6.80965 2.59113 1.38287 0.832441
threshold=0.2278019115328789 0.89335909485816967 4.1054792404174814 1.1124424934387209 3.0079162120819096 -5.2447137832641593
decision_type=2 2 2 2 2 2
left_child=1 5 3 -2 -3 -1
right_child=2 4 -4 -5 -6 -7
leaf_value=0 -0.0019773270884454754 -0.00495138312172965 -0.0083396340428039256 0.027660904771258849 0.01208373790133856 -0.02779163735319188
leaf_weight=0.51515607413603604 0.87640028994065389 0.78116835380205829 1.4437844835920248 22.429160364379641 2.5987764896126464 23.790729368338361
leaf_count=82 190 137 265 564 84 5122
internal_value=-0.000826408 -0.0224737 0.0228865 0.0261732 0.00679561 -0.0272221
internal_weight=52.4352 27.6858 24.7493 23.3056 3.37994 24.3059
internal_count=6444 5425 1019 754 221 5204
is_linear=0
shrinkage=0.025


Tree=25
num_leaves=7
num_cat=0
split_feature=21 6 24 27 27 0
split_gain=61.1745 9.78429 5.43071 3.84026 0.51708 0.371754
threshold=0.30815713107585913 3.7371568679809575 -5.4408361911773673 0.25838394463062292 0.73299241065979015 3.5861003398895268
decision_type=2 2 2 2 2 2
left_child=2 3 -1 -2 -4 -3
right_child=1 5 4 -5 -6 -7
leaf_value=0.0056982224312828803 0.029694044176350312 0.0005600190309537254 -0.029046046149281468 0 -7.0191442310741696e-05 -0.011565650152728034
leaf_weight=1.2539464132860327 24.631751996930696 0.29233757063047905 22.770322250318717 2.8688279697671524 0.85536524379858647 2.0704282372025773
leaf_count=24 442 16 4696 682 76 555
internal_value=0.000363186 0.0229278 -0.0258167 0.0270195 -0.0284108 -0.00985503
internal_weight=54.743 29.8633 24.8796 27.5006 23.6257 2.36277
internal_count=6491 1695 4796 1124 4772 571
is_linear=0
shrinkage=0.025


Tree=26
num_leaves=7
num_cat=0
split_feature=22 13 27 17 27 24
split_gain=49.1791 11.0983 9.76997 1.97596 0.62344 0.437102
threshold=0.036992715671658523 2.9750292301177983 0.22439777851104739 1.0059086084365847 0.73299241065979015 -7.9844117164611808
decision_type=2 2 2 2 2 2
left_child=3 5 -3 4 -1 -2
right_child=1 2 -4 -5 -6 -7
leaf_value=-0.027869907794288381 0.00050115843367308174 0.029032010394697771 -0.0067446556256257817 0 0 -0.013515927344197952
leaf_weight=20.070903486281175 0.28165135224116999 23.95882779307431 3.4137701329891561 1.3991375155164849 0.77076105744345014 2.7511838108184774
leaf_count=4465 5 404 813 133 73 567
internal_value=-0.000267546 0.0190823 0.0240245 -0.0255973 -0.0271751 -0.0119345
internal_weight=52.6462 30.4054 27.3726 22.2408 20.8417 3.03284
internal_count=6460 1789 1217 4671 4538 572
is_linear=0
shrinkage=0.025


Tree=27
num_leaves=7
num_cat=0
split_feature=22 6 17 26 12 16
split_gain=51.1226 7.15649 6.2914 3.84872 1.2197 0.917541
threshold=0.1934856325387955 4.1054792404174814 0.81750041246414196 -0.84879621863365162 3.0079162120819096 1.2218641042709353
decision_type=2 2 2 2 2 2
left_child=2 3 5 -2 -4 -1
right_child=1 -3 4 -5 -6 -7
leaf_value=-0.027525039198414425 0.027891831462088304 -0.0088358832851616123 -0.0055407377135509445 -0.0021741054174286797 0.01000348452104783 0
leaf_weight=22.727224600268535 22.84403196407948 1.5741253503947508 0.88404248788719941 1.7619447404867994 2.1231255331076682 0.4795837220735838
leaf_count=4991 397 300 158 454 103 80
internal_value=-0.00039986 0.0221722 -0.0230836 0.0255242 0.00404689 -0.026915
internal_weight=52.3941 26.1801 26.214 24.606 3.00717 23.2068
internal_count=6483 1151 5332 851 261 5071
is_linear=0
shrinkage=0.025


Tree=28
num_leaves=7
num_cat=0
split_feature=21 22 6 24 27 26
split_gain=48.8623 10.6145 4.05354 2.78864 0.728608 0.408695
threshold=0.17968884855508807 0.036992715671658523 4.1054792404174814 -4.7665493488311759 0.73299241065979015 -1.0006488561630247
decision_type=2 2 2 2 2 2
left_child=3 5 -3 -1 -5 -2
right_child=1 2 -4 4 -6 -7
leaf_value=0.0028003193038583021 0 0.026260151064610261 -0.0050927831456653271 -0.027744585146810021 0 -0.012300120538800694
leaf_weight=0.76053925749147566 0.91162105277180705 25.78405214485247 0.86180914897704397 20.442802848294381 0.72608974383911018 2.5980752311879796
leaf_count=34 162 941 189 4116 63 965
internal_value=-1.47839e-06 0.0193089 0.0244042 -0.0254424 -0.0270371 -0.0102503
internal_weight=52.085 30.1556 26.6459 21.9294 21.1689 3.5097
internal_count=6470 2257 1130 4213 4179 1127
is_linear=0
shrinkage=0.025


Tree=29
num_leaves=7
num_cat=0
split_feature=21 6 27 24 21 27
split_gain=50.9309 7.88646 5.59206 4.85492 0.600503 0.580503
threshold=0.30815713107585913 3.7371568679809575 0.25838394463062292 -5.1041293144226065 1.8658464550971987 0.73299241065979015
decision_type=2 2 2 2 2 2
left_child=3 2 -2 -1 -3 -5
right_child=1 4 -4 5 -6 -7
leaf_value=0.0052473965831110851 0.028081106144861076 -0.010978119029466576 -0.0033012567074025938 -0.027873551061364271 0.0017039204461690022 0
leaf_weight=1.247105741698763 23.27471010823502 2.015483658527955 2.5421758617740116 21.53561148035806 0.66131986340042193 0.80352542834589158
leaf_count=31 451 560 697 4646 21 72
internal_value=-5.91149e-05 0.0207641 0.0247538 -0.0246654 -0.0079617 -0.0272182
internal_weight=52.0799 28.4937 25.8169 23.5862 2.6768 22.3391
internal_count=6478 1729 1148 4749 581 4718
is_linear=0
shrinkage=0.025


Tree=30
num_leaves=7
num_cat=0
split_feature=21 6 19 23 26 6
split_gain=49.5983 6.88916 6.82977 1.74475 1.37279 0.914399
threshold=0.48507140576839453 3.5784200429916386 0.54205480217933666 -5.2447137832641593 -0.79614809155464161 2.8355497121810918
decision_type=2 2 2 2 2 2
left_child=2 4 3 -1 -2 -4
right_child=1 -3 5 -5 -6 -7
leaf_value=0.00052979416025732997 0.027489914626087977 -0.0075144399870690839 0.010216760387485353 -0.027122803915050949 0.00010050799118640477 -0.0038439873376577716
leaf_weight=0.84058861940866947 22.308986287214797 1.8590705021633755 2.0849990352871823 22.518978451611474 1.7126001073047543 0.688559413072653
leaf_count=106 384 410 42 4984 382 188
internal_value=0.000124106 0.0226632 -0.0220514 -0.0259894 0.0261063 0.00569482
internal_weight=52.0138 25.8807 26.1331 23.3596 24.0216 2.77356
internal_count=6496 1176 5320 5090 766 230
is_linear=0
shrinkage=0.025


Tree=31
num_leaves=7
num_cat=0
split_feature=22 13 19 27 21 21
split_gain=48.7876 7.43809 3.02449 2.99356 2.00989 0.724082
threshold=0.1934856325387955 2.9750292301177983 0.24896066635847094 0.31324043869972235 0.98258668184280407 0.23580289632081988
decision_type=2 2 2 2 2 2
left_child=2 -2 4 -3 -1 -4
right_child=1 3 5 -5 -6 -7
leaf_value=-0.02643127378117658 -0.0081657823727087769 0.027363173127355797 -0.0051797088259578792 -0.0018320816304329146 0.00028979780987230865 0.006818435091361489
leaf_weight=21.175844625919133 2.0459164283820455 23.56061108654831 1.0758807578240515 1.2975160861969914 1.2780864236992773 1.3096850698930209
leaf_count=4904 379 409 273 352 124 37
internal_value=0.000377934 0.0219388 -0.0225286 0.0255783 -0.0249069 0.000717736
internal_weight=51.7435 26.904 24.8395 24.8581 22.4539 2.38557
internal_count=6478 1140 5338 761 5028 310
is_linear=0
shrinkage=0.025


Tree=32
num_leaves=7
num_cat=0
split_feature=22 6 26 17 27 12
split_gain=43.3635 9.57256 6.6341 1.22899 0.684563 0.109882
threshold=0.036992715671658523 4.1054792404174814 -0.88267394900321949 1.1326639056205752 0.73299241065979015 3.0079162120819096
decision_type=2 2 2 2 2 2
left_child=3 2 -2 4 -1 -5
right_child=1 -3 -4 5 -6 -7
leaf_value=-0.026412892796367417 0.027117072192116329 -0.011925079015929041 -0.0023503728418869554 -0.0022042960699282621 0 0.0027672352485205772
leaf_weight=18.828318030515227 23.135704023239676 2.4767121758777639 4.3868868430727153 0.41814974189037357 0.72765367216197674 0.53043214773060754
leaf_count=4520 479 447 851 71 72 19
internal_value=0.000102858 0.0182642 0.0225888 -0.0245947 -0.0256816 0
internal_weight=50.5039 29.9993 27.5226 20.5046 19.556 0.948582
internal_count=6459 1777 1330 4682 4592 90
is_linear=0
shrinkage=0.025


Tree=33
num_leaves=7
num_cat=0
split_feature=22 6 26 17 0 24
split_gain=41.1367 10.5663 6.94285 1.94978 0.395791 0.245926
threshold=0.036992715671658523 3.1897164583206181 -0.88267394900321949 1.0059086084365847 3.5861003398895268 0.46378172934055334
decision_type=2 2 2 2 2 2
left_child=3 2 -2 -1 -3 -5
right_child=1 4 -4 5 -6 -7
leaf_value=-0.026303212122866078 0.027253403429446738 0.00041002567472148745 -0.0037103911533952361 0.0041447096774312837 -0.012737230105771134 -0.0031213325399297668
leaf_weight=19.029179719567768 21.992510366777431 0.30576730391476248 3.7057437537005162 0.80254190618870669 3.2384369918145239 0.54880245373351499
leaf_count=4550 294 27 764 14 744 114
internal_value=-0.000452881 0.0173564 0.0227077 -0.0246376 -0.0112953 7.56051e-05
internal_weight=49.623 29.2425 25.6983 20.3805 3.5442 1.35134
internal_count=6507 1829 1058 4678 771 128
is_linear=0
shrinkage=0.025


Tree=34
num_leaves=7
num_cat=0
split_feature=22 13 26 17 21 5
split_gain=40.4886 8.01698 3.69748 2.80083 1.08435 0.726994
threshold=0.12527042627334598 2.9750292301177983 -0.88385179638862599 0.81750041246414196 0.98258668184280407 3.2420519590377812
decision_type=2 2 2 2 2 2
left_child=3 -2 -3 4 -1 -5
right_child=1 2 -4 5 -6 -7
leaf_value=-0.02546475896824478 -0.0094068992732846326 0.026425136108921516 -0.00093352940827366574 0.006821375245083354 0.00063487520409466014 -0.0053200722246991468
leaf_weight=20.145422726811383 2.4318334270501536 20.89901092695073 2.6329149330849715 1.2853591176099137 0.30475112033309315 0.86554313672240812
leaf_count=4832 459 332 561 54 34 196
internal_value=-0.000334842 0.0192111 0.0235178 -0.0224279 -0.0247819 0.000757902
internal_weight=48.5648 25.9638 23.5319 22.6011 20.4502 2.1509
internal_count=6468 1352 893 5116 4866 250
is_linear=0
shrinkage=0.025


Tree=35
num_leaves=7
num_cat=0
split_feature=22 13 21 19 2 13
split_gain=37.9143 7.49444 3.16795 2.37302 2.33771 0.466037
threshold=0.1934856325387955 2.9750292301177983 0.98258668184280407 0.24896066635847094 1.5768821239471438 3.5581232309341435
decision_type=2 2 2 2 2 2
left_child=2 -2 3 -1 -3 -4
right_child=1 4 5 -5 -6 -7
leaf_value=-0.025484107489754434 -0.0098721880397053836 -0.0021541720431366238 -0.0031884311764880202 0 0.025101246179853015 0.0067537428469560115
leaf_weight=20.131024620030082 1.8355661549721869 0.86877545487368735 0.54330019780900229 2.0421831420389926 20.849484138307162 1.1936119309393687
leaf_count=4892 370 166 118 301 601 12
internal_value=-0.000921405 0.01948 -0.0211283 -0.0233677 0.023578 0.00265784
internal_weight=47.4639 23.5538 23.9101 22.1732 21.7183 1.73691
internal_count=6460 1137 5323 5193 767 130
is_linear=0
shrinkage=0.025


Tree=36
num_leaves=6
num_cat=0
split_feature=21 24 13 17 27
split_gain=39.998 6.13081 4.81471 2.08355 1.68223
threshold=0.48507140576839453 -4.7665493488311759 2.2132625579833989 0.57245939970016491 0.22271215170621875
decision_type=2 2 2 2 2
left_child=1 -1 -2 -3 -4
right_child=2 3 4 -5 -6
leaf_value=0.0077096485240065911 -0.006752307810765185 -0.025270072519771036 0.025888411651235694 0.00049356030992424456 0.00095768449203533607
leaf_weight=1.7971381936222339 1.1503436540951977 21.109146119677465 20.117092103348117 1.4069514567381691 2.8033391551580271
leaf_count=47 226 4886 395 327 568
internal_value=0.000341329 -0.0201859 0.0211961 -0.0236359 0.0237806
internal_weight=48.384 24.3132 24.0708 22.5161 22.9204
internal_count=6449 5260 1189 5213 963
is_linear=0
shrinkage=0.025


Tree=37
num_leaves=7
num_cat=0
split_feature=22 17 13 2 12 23
split_gain=37.9381 5.18281 5.14187 2.07787 1.02839 0.747241
threshold=0.1934856325387955 0.81750041246414196 2.6076993942260747 1.5768821239471438 3.0079162120819096 -5.2447137832641593
decision_type=2 2 2 2 2 2
left_child=1 5 -2 -4 -3 -1
right_child=2 4 3 -5 -6 -7
leaf_value=0 -0.0063925649804533365 -0.0050651212482988681 -0.0018493593476265734 0.024421633653134617 0.0092154813644145933 -0.025154272244827178
leaf_weight=0.49408700253116578 1.773620049702006 0.84249318606452961 0.83591328380862506 21.01030728360638 2.1032973080873489 20.318196952168364
leaf_count=67 275 166 170 656 106 5005
internal_value=-0.000436524 -0.0207849 0.0198681 0.0230264 0.00372743 -0.0245465
internal_weight=47.3779 23.7581 23.6198 21.8462 2.94579 20.8123
internal_count=6445 5344 1101 826 272 5072
is_linear=0
shrinkage=0.025


Tree=38
num_leaves=7
num_cat=0
split_feature=22 13 17 26 12 27
split_gain=37.0604 5.2812 4.96906 2.60642 0.971615 0.650224
threshold=0.21849723905324939 2.9750292301177983 0.81750041246414196 -0.79614809155464161 3.0079162120819096 0.73299241065979015
decision_type=2 2 2 2 2 2
left_child=2 -2 5 -3 -4 -1
right_child=1 3 4 -5 -6 -7
leaf_value=-0.025231150438396584 -0.0066211141801739903 0.024900542462347675 -0.005011687810752904 -0.0019345438419621623 0.0088289454123475705 0
leaf_weight=19.759183210320778 1.799581403669438 19.922466128249656 0.84431783965555895 1.267161116178612 2.0923896685708314 0.74403060309123148
leaf_count=5026 332 383 159 333 117 77
internal_value=-0.000685921 0.0196839 -0.0208321 0.0229942 0.0034118 -0.0245378
internal_weight=46.4291 22.9892 23.4399 21.1896 2.93671 20.5032
internal_count=6427 1048 5379 716 276 5103
is_linear=0
shrinkage=0.025


Tree=39
num_leaves=7
num_cat=0
split_feature=22 13 17 24 2 27
split_gain=35.7254 6.20877 5.53697 1.76331 1.63709 0.582671
threshold=0.21849723905324939 2.9750292301177983 0.57245939970016491 0.44769060611724859 1.5768821239471438 0.73299241065979015
decision_type=2 2 2 2 2 2
left_child=2 -2 5 -4 -3 -1
right_child=1 4 3 -5 -6 -7
leaf_value=-0.025198924892293074 -0.0075566075952853452 -0.0010712506158218819 0.0096906061216242428 -0.0078130992185613483 0.024618284976113146 0
leaf_weight=18.597938203194651 1.9958298081764976 0.72835743433097633 3.0740760035114354 1.4410857196198774 20.768170352384914 0.78185556939570133
leaf_count=4736 370 143 136 500 556 78
internal_value=0 0.019755 -0.0196957 0.00227719 0.0234741 -0.0244885
internal_weight=47.3873 23.4924 23.895 4.51516 21.4965 19.3798
internal_count=6519 1069 5450 636 699 4814
is_linear=0
shrinkage=0.025


Tree=40
num_leaves=7
num_cat=0
split_feature=21 26 6 24 22 26
split_gain=32.9185 8.17276 5.55732 1.37536 1.14748 0.626445
threshold=0.17968884855508807 -0.88267394900321949 4.1054792404174814 -5.9030199050903311 0.78722152113914501 -0.38771194219589228
decision_type=2 2 2 2 2 2
left_child=3 2 -2 -1 -3 -5
right_child=1 4 -4 5 -6 -7
leaf_value=0.0011055013433785069 0.024653734344521273 -0.012491761797163164 -0.0073143212076056986 -0.025135987061635109 0.00326754360789222 0
leaf_weight=0.465654476312923 19.978934507118545 3.1732627891469738 1.3445718899019983 17.734507895307619 1.0859608065220525 0.76917325326939945
leaf_count=11 556 1123 415 4152 106 75
internal_value=-0.00148469 0.0157264 0.0213941 -0.0233955 -0.00820396 -0.024382
internal_weight=44.5521 25.5827 21.3235 18.9693 4.25922 18.5037
internal_count=6438 2200 971 4238 1229 4227
is_linear=0
shrinkage=0.025


Tree=41
num_leaves=7
num_cat=0
split_feature=21 19 6 2 23 6
split_gain=35.2952 5.95091 5.09706 2.03331 1.49544 0.76604
threshold=0.48507140576839453 0.54205480217933666 3.3257547616958623 1.5768821239471438 -5.2447137832641593 3.2098838090896611
decision_type=2 2 2 2 2 2
left_child=1 4 3 -2 -1 -3
right_child=2 5 -4 -5 -6 -7
leaf_value=0.00057769092488333632 -0.0026044845363409116 0.0096719198559464016 -0.0049094357505433221 0.024619948314325998 -0.024687529055322895 -0.0032980047888942717
leaf_weight=0.80893115914660185 0.43804808013374597 2.1826691248570564 2.4485831025522193 21.057075096992776 19.477114620938664 0.64028460212284688
leaf_count=110 132 63 477 592 4932 177
internal_value=0.000542469 -0.0193463 0.0199799 0.0234424 -0.0235179 0.00570354
internal_weight=47.0527 23.109 23.9437 21.4951 20.286 2.82295
internal_count=6483 5282 1201 724 5042 240
is_linear=0
shrinkage=0.025


Tree=42
num_leaves=7
num_cat=0
split_feature=21 6 24 26 5 21
split_gain=31.8881 6.53425 4.29002 4.17328 0.641675 0.387734
threshold=0.22058650106191638 3.3576247692108159 -4.7665493488311759 -0.84879621863365162 -0.18124487996101377 1.8658464550971987
decision_type=2 2 2 2 2 2
left_child=2 3 -1 -2 -4 -3
right_child=1 5 4 -5 -6 -7
leaf_value=0.0054758942222137659 0.02488146332065904 -0.0089577934303035206 0 -0.0021084429382505509 -0.024726486870693228 0.0010434009121215845
leaf_weight=1.3166118812514493 20.215807577478706 2.6787759221042502 0.80080217053183034 2.8272417875123201 17.090052679559445 0.7353656943887471
leaf_count=31 420 796 98 807 4212 29
internal_value=0.000567204 0.0172251 -0.0209384 0.0215616 -0.0239268 -0.0067209
internal_weight=45.6647 26.4572 19.2075 23.043 17.8909 3.41414
internal_count=6393 2052 4341 1227 4310 825
is_linear=0
shrinkage=0.025


Tree=43
num_leaves=6
num_cat=0
split_feature=24 17 6 24 26
split_gain=29.7848 5.3889 4.23313 1.7883 1.66478
threshold=-1.2213861942291258 0.52343070507049572 4.1054792404174814 0.44769060611724859 -0.88385179638862599
decision_type=2 2 2 2 2
left_child=2 -2 4 -3 -1
right_child=1 3 -4 -5 -6
leaf_value=0.023286898034235629 -0.024587259809633596 0.0097781906127602358 -0.006697033799223203 -0.007859736904595507 0
leaf_weight=16.480218805430926 17.842839868302693 2.952199888881295 1.2584826714592043 1.4992420507478526 2.443289245915369
leaf_count=357 4565 142 287 602 480
internal_value=-0.00154011 -0.0196 0.0180922 0.00216113 0.0210572
internal_weight=42.4763 22.2943 20.182 4.45144 18.9235
internal_count=6433 5309 1124 744 837
is_linear=0
shrinkage=0.025


Tree=44
num_leaves=7
num_cat=0
split_feature=21 13 19 3 27 21
split_gain=34.7914 6.00953 3.62193 2.73559 0.760101 0.421747
threshold=0.35010628402233129 3.0488374233245854 0.64071357250213634 1.1810124516487124 0.73299241065979015 1.8658464550971987
decision_type=2 2 2 2 2 2
left_child=2 5 4 -3 -1 -2
right_child=1 3 -4 -5 -6 -7
leaf_value=-0.024665223877946903 -0.0094317306754763113 -0.0031976315260457359 0.0032897376572217276 0.024146660789753242 0 0.0011691146249576251
leaf_weight=17.801012519921649 1.7834444645559444 0.88639154238626616 1.7988862511701871 21.77070025971625 0.68889230338390817 0.71294063131790597
leaf_count=4661 552 237 163 756 68 31
internal_value=0.000504569 0.018706 -0.0210508 0.0224662 -0.0238811 -0.00681002
internal_weight=45.4423 25.1535 20.2888 22.6571 18.4899 2.49639
internal_count=6468 1576 4892 993 4729 583
is_linear=0
shrinkage=0.025


Tree=45
num_leaves=7
num_cat=0
split_feature=22 17 13 13 12 6
split_gain=27.7895 8.53113 2.53512 2.30262 0.768607 0.616868
threshold=0.50168022513389599 0.52343070507049572 3.5581232309341435 3.0488374233245854 7.2460210323333749 -0.46515849232673639
decision_type=2 2 2 2 2 2
left_child=1 4 -3 -2 -1 -5
right_child=3 2 -4 5 -6 -7
leaf_value=-0.024174319602872064 -0.0026258002530694102 -0.0075891679576094318 0.012565960363860672 0 0 0.023093895296152481
leaf_weight=18.385146726766841 0.98491663415916519 2.0168945061741388 4.3455699965707026 0.36279461195227192 0.34982327790930767 15.686152261507228
leaf_count=5019 176 543 276 92 16 294
internal_value=-0.000797032 -0.0164549 0.00509869 0.0204882 -0.02357 0.0224904
internal_weight=42.1313 25.0974 6.36246 17.0339 18.735 16.0489
internal_count=6416 5854 819 562 5035 386
is_linear=0
shrinkage=0.025


Tree=46
num_leaves=6
num_cat=0
split_feature=21 13 26 22 22
split_gain=31.0605 7.04178 4.90993 1.10917 0.296275
threshold=0.17968884855508807 2.9750292301177983 -0.8810753822326659 0.87065240740776073 1.7472424507141116
decision_type=2 2 2 2 2
left_child=3 4 -3 -1 -2
right_child=1 2 -4 -5 -6
leaf_value=-0.024123259075061528 -0.010338433733343278 0.024164054075805404 -0.0024595495795285147 0.00034439800486299682 0.00040332091693951919
leaf_weight=16.904463414015485 2.8470656063291275 19.228003616008216 3.720039464969882 0.54855324683012341 0.2431815406307577
leaf_count=4175 771 497 998 42 2
internal_value=-0.000727108 0.0154241 0.0199567 -0.0231704 -0.00899375
internal_weight=43.4913 26.0383 22.948 17.453 3.09025
internal_count=6485 2268 1495 4217 773
is_linear=0
shrinkage=0.025


Tree=47
num_leaves=7
num_cat=0
split_feature=21 6 22 26 5 15
split_gain=29.2431 6.11872 3.97474 3.67118 0.559371 0.193799
threshold=0.30815713107585913 3.7371568679809575 0.98888972401618969 -0.84879621863365162 -0.18124487996101377 1.2584255933761599
decision_type=2 2 2 2 2 2
left_child=2 3 4 -2 -1 -3
right_child=1 5 -4 -5 -6 -7
leaf_value=0 0.023898952334049248 -0.0096183961292834533 0.0050182454723616907 -0.0025248407658853907 -0.024213119711137411 0
leaf_weight=0.8544344338006401 18.763317059958361 1.8143254522001364 1.3449929940979917 2.2962843447749028 17.083946114726132 0.43925625202245999
leaf_count=122 447 535 31 687 4605 34
internal_value=-0.000357211 0.0168196 -0.0205683 0.0208463 -0.0234349 -0.0083793
internal_weight=42.5966 23.3132 19.2834 21.0596 17.9384 2.25358
internal_count=6461 1703 4758 1134 4727 569
is_linear=0
shrinkage=0.025


Tree=48
num_leaves=7
num_cat=0
split_feature=22 13 27 27 0 17
split_gain=27.8643 6.66661 3.85693 0.624254 0.295101 0.264112
threshold=0.036992715671658523 2.9750292301177983 0.22439777851104739 0.73299241065979015 3.5861003398895268 1.0059086084365847
decision_type=2 2 2 2 2 2
left_child=3 4 -3 5 -2 -1
right_child=1 2 -4 -5 -6 -7
leaf_value=-0.023097883847728595 0.00041131159568722349 0.023612769676604792 -0.00087435739727373613 0 -0.010014938757908244 -0.00042842453423426908
leaf_weight=15.115450880839495 0.31090692631551364 18.703385091677777 3.840548939886502 0.70886864827480067 2.7303255719598383 1.0988302152254608
leaf_count=4466 24 403 796 75 544 140
internal_value=0 0.0153829 0.0198128 -0.0215464 -0.00857882 -0.0223193
internal_weight=42.5083 25.5852 22.5439 16.9231 3.04123 16.2143
internal_count=6448 1767 1199 4681 568 4606
is_linear=0
shrinkage=0.025


Tree=49
num_leaves=7
num_cat=0
split_feature=22 6 17 3 24 0
split_gain=24.9265 4.75064 4.73122 2.02106 1.66252 0.284505
threshold=0.1934856325387955 3.7371568679809575 0.52343070507049572 1.1810124516487124 0.44769060611724859 3.6646796464920048
decision_type=2 2 2 2 2 2
left_child=2 3 -1 -2 -4 -3
right_child=1 5 4 -5 -6 -7
leaf_value=-0.023324006065718376 -0.0023526457135757614 0.00076344099709484874 0.0093263919844747429 0.02190870181243644 -0.0076713367888982045 -0.0086632973331268581
leaf_weight=16.201211469189733 0.86832151451381534 0.25843883119523425 2.9624498522607601 17.659895227756351 1.4866263454896396 1.6914505345630457
leaf_count=4592 222 3 145 534 590 379
internal_value=-0.000895545 0.0165804 -0.0183233 0.0202477 0.00193139 -0.00686421
internal_weight=41.1284 20.4781 20.6503 18.5282 4.44908 1.94989
internal_count=6465 1138 5327 756 735 382
is_linear=0
shrinkage=0.025


Tree=50
num_leaves=7
num_cat=0
split_feature=22 6 26 21 27 5
split_gain=26.4624 6.7496 4.10971 0.807331 0.750592 0.32869
threshold=0.036992715671658523 3.3576247692108159 -0.88267394900321949 1.8658464550971987 0.73299241065979015 3.7529095411300664
decision_type=2 2 2 2 2 2
left_child=3 2 -2 4 -1 -3
right_child=1 5 -4 -5 -6 -7
leaf_value=-0.02238925909321746 0.02367121013378538 0.00036705477477211096 -0.0012078797373332893 0.00038740133216893635 0 -0.010040316906164051
leaf_weight=15.272743836481821 19.228823863260921 0.62892601982457508 3.878080143040278 0.33876042859628874 0.63596656039590094 2.6933530856331345
leaf_count=4574 324 129 785 12 70 581
internal_value=0.000697441 0.0153162 0.0198013 -0.0207965 -0.0215313 -0.0082823
internal_weight=42.6767 26.4292 23.1069 16.2475 15.9087 3.32228
internal_count=6475 1819 1109 4656 4644 710
is_linear=0
shrinkage=0.025


Tree=51
num_leaves=7
num_cat=0
split_feature=24 27 6 5 3 27
split_gain=27.0579 4.81461 2.69081 2.29087 1.29473 0.734137
threshold=-1.7583426833152769 0.12788855284452441 4.1054792404174814 4.0155036449432382 1.1124424934387209 0.73299241065979015
decision_type=2 2 2 2 2 2
left_child=2 3 4 -2 -1 -3
right_child=1 5 -4 -5 -6 -7
leaf_value=-0.0016477770810307609 0.0098852620380187259 -0.023223666080732799 -0.0041887680450863685 -0.009154851545927857 0.022210688979631629 0
leaf_weight=0.30225473956671223 3.66088881378528 15.934278977831127 0.81835463413153675 2.1878228816494811 18.202239069098141 0.66345782385906282
leaf_count=114 311 4626 199 614 517 79
internal_value=0 -0.0169007 0.0193123 0.00125008 0.0212875 -0.0223948
internal_weight=41.7693 22.4464 19.3228 5.84871 18.5045 16.5977
internal_count=6460 5630 830 925 631 4705
is_linear=0
shrinkage=0.025


Tree=52
num_leaves=7
num_cat=0
split_feature=22 6 26 2 24 18
split_gain=25.3686 4.58534 2.67927 1.76812 0.607468 0.526297
threshold=0.1934856325387955 4.1054792404174814 -1.0006488561630247 1.5768821239471438 0.44769060611724859 0.46648944914340978
decision_type=2 2 2 2 2 2
left_child=2 3 4 -2 -1 -4
right_child=1 -3 5 -5 -6 -7
leaf_value=0.005191111481477155 -0.001933368278453378 -0.007423045411347258 -0.022560695259234445 0.021511589669317377 -0.0053720693425053853 0
leaf_weight=2.3934362234140312 0.82200524420478061 1.4785489421337832 15.485013192548646 18.827072184212739 1.252150090615032 0.47233312414027828
leaf_count=199 162 304 4512 668 434 145
internal_value=-0.000180764 0.0168676 -0.018503 0.020084 0 -0.0219504
internal_weight=40.7306 21.1276 19.6029 19.6491 3.64559 15.9573
internal_count=6424 1134 5290 830 633 4657
is_linear=0
shrinkage=0.025


Tree=53
num_leaves=7
num_cat=0
split_feature=21 19 12 2 23 12
split_gain=23.9371 4.60268 3.17604 1.44322 1.16642 0.32503
threshold=0.48507140576839453 0.64071357250213634 2.8698732852935795 1.5768821239471438 -5.2447137832641593 2.4625332355499272
decision_type=2 2 2 2 2 2
left_child=1 4 -2 -4 -1 -3
right_child=2 5 3 -5 -6 -7
leaf_value=0.00025970690322659346 -0.004828656865587741 -0.0013127287786350505 -0.0021181748985337591 0.020924178595399662 -0.022584061887675741 0.0078281347312402737
leaf_weight=0.80019279694534517 1.3636935609101808 0.35592540079960544 0.38227121275849896 17.985418882744852 16.549620527628576 1.8498482597351538
leaf_count=113 220 102 124 832 4915 65
internal_value=0 -0.0176062 0.0172381 0.0198265 -0.0214284 0.00559838
internal_weight=39.287 19.5556 19.7314 18.3677 17.3498 2.20577
internal_count=6371 5195 1176 956 5028 167
is_linear=0
shrinkage=0.025


Tree=54
num_leaves=7
num_cat=0
split_feature=21 19 6 26 23 6
split_gain=25.4893 4.37255 4.33636 1.77509 1.23237 0.401062
threshold=0.48507140576839453 0.64071357250213634 3.7371568679809575 -0.79614809155464161 -5.2447137832641593 3.0555793046951298
decision_type=2 2 2 2 2 2
left_child=1 4 3 -2 -1 -3
right_child=2 5 -4 -5 -6 -7
leaf_value=0.00022148505530283447 0.022223223984427859 0.0075864384251898833 -0.0062455100220288858 -0.00059526741051554096 -0.023573210801422179 -0.0020200719794602954
leaf_weight=0.80264844262274593 17.016288410901328 1.743976155703421 1.7990068195504125 1.4928408970008629 16.531168184039416 0.45129119645571325
leaf_count=109 409 34 390 392 4989 134
internal_value=-0.00051694 -0.0187481 0.0170082 0.0203818 -0.0223886 0.00471154
internal_weight=39.8372 19.5291 20.3081 18.5091 17.3338 2.19527
internal_count=6457 5266 1191 801 5098 168
is_linear=0
shrinkage=0.025


Tree=55
num_leaves=7
num_cat=0
split_feature=21 6 22 2 27 21
split_gain=24.4829 4.19803 3.28761 2.3054 0.760139 0.409401
threshold=0.35010628402233129 3.7371568679809575 0.92618376016616832 1.5768821239471438 0.73299241065979015 1.8658464550971987
decision_type=2 2 2 2 2 2
left_child=2 3 4 -2 -1 -3
right_child=1 5 -4 -5 -6 -7
leaf_value=-0.022952062893929329 -0.0037160953584035959 -0.0084191720753786642 0.0042992234135365006 0.021261309135781659 0 0.0015591824006679195
leaf_weight=15.538541481975702 0.61330173717579484 1.6179614159045734 1.3048017304972734 18.572260024724528 0.66694264009129334 0.65966017928440113
leaf_count=4715 187 515 42 854 72 24
internal_value=-3.59383e-05 0.0161422 -0.0193247 0.0196013 -0.0220868 -0.0055847
internal_weight=38.9735 21.4632 17.5103 19.1856 16.2055 2.27762
internal_count=6409 1580 4829 1041 4787 539
is_linear=0
shrinkage=0.025


Tree=56
num_leaves=7
num_cat=0
split_feature=21 26 22 13 27 22
split_gain=21.0409 5.54549 3.61812 3.2933 0.778314 0.275637
threshold=0.30815713107585913 -0.88267394900321949 0.92618376016616832 2.2132625579833989 0.73299241065979015 0.98888972401618969
decision_type=2 2 2 2 2 2
left_child=2 3 4 -2 -1 -3
right_child=1 5 -4 -5 -6 -7
leaf_value=-0.02273629556413043 -0.005115263602998881 -0.0089516758051544319 0.0048438873242536602 0.021706167079207389 0 0.00037141879717232364
leaf_weight=15.145433386875084 0.96069516119314968 2.5113122068578373 1.4397720236447629 16.870204723323695 0.64694865862839002 0.55613756796810765
leaf_count=4647 225 838 40 574 67 68
internal_value=-0.00087722 0.0143948 -0.0187516 0.0191836 -0.0218508 -0.00730407
internal_weight=38.1305 20.8983 17.2322 17.8309 15.7924 3.06745
internal_count=6459 1705 4754 799 4714 906
is_linear=0
shrinkage=0.025


Tree=57
num_leaves=7
num_cat=0
split_feature=22 6 26 17 27 22
split_gain=20.1021 6.28778 4.21403 0.710541 0.627234 0.485959
threshold=0.036992715671658523 3.1897164583206181 -0.88267394900321949 1.1326639056205752 0.73299241065979015 0.98888972401618969
decision_type=2 2 2 2 2 2
left_child=3 2 -2 4 -1 -3
right_child=1 5 -4 -5 -6 -7
leaf_value=-0.021767314795697566 0.022083871013141854 -0.011453389536556528 -0.0030389325018586209 0 0 0.00083735439278660988
leaf_weight=13.574765955243487 16.383401582686936 2.5236545961233783 3.2971664466022039 0.95798935933271501 0.71146444085752669 0.69483775144908566
leaf_count=4467 284 729 749 91 78 36
internal_value=-0.000833045 0.0128808 0.0178587 -0.0198354 -0.0208809 -0.00914435
internal_weight=38.1433 22.8991 19.6806 15.2442 14.2862 3.21849
internal_count=6434 1798 1033 4636 4545 765
is_linear=0
shrinkage=0.025


Tree=58
num_leaves=7
num_cat=0
split_feature=22 6 26 3 12 27
split_gain=21.412 3.54578 2.67246 1.80145 0.668585 0.574029
threshold=0.21849723905324939 4.1054792404174814 -1.029378294944763 1.1810124516487124 3.0079162120819096 0.73299241065979015
decision_type=2 2 2 2 2 2
left_child=2 3 4 -2 -1 -4
right_child=1 -3 5 -5 -6 -7
leaf_value=-0.0048415944754343614 -0.0022463169545604701 -0.0062341881112932896 -0.021314618924078051 0.020616405940696855 0.0063722243217665788 0
leaf_weight=1.1233687177009444 0.84034066181630507 1.2558398913242843 15.264141526306044 16.831970337079838 1.9796585177537052 0.71965809626272026
leaf_count=325 199 263 4901 593 140 84
internal_value=-0.000565371 0.0161098 -0.0172728 0.018998 0.00105875 -0.0205337
internal_weight=38.015 18.9282 19.0868 17.6723 3.10303 15.9838
internal_count=6505 1055 5450 792 465 4985
is_linear=0
shrinkage=0.025


Tree=59
num_leaves=7
num_cat=0
split_feature=21 19 6 26 27 5
split_gain=19.3098 4.93655 4.05498 1.93663 0.638752 0.577096
threshold=0.48507140576839453 0.54205480217933666 3.7371568679809575 -0.89373555779457081 0.73299241065979015 4.037076711654664
decision_type=2 2 2 2 2 2
left_child=1 4 3 -2 -1 -3
right_child=2 5 -4 -5 -6 -7
leaf_value=-0.021746128390645287 0.021698095952013045 0.0088757829441103563 -0.0062999581136988338 -0.00019725964917379683 0 -0.0025531707074693457
leaf_weight=14.991671961062821 14.806016771850413 2.2758314852835606 1.8135826800134953 2.1494505519222011 0.70320998720126304 0.55733470342238423
leaf_count=4875 270 63 402 533 77 179
internal_value=-7.85965e-05 -0.0162568 0.0156892 0.0192249 -0.0209173 0.005635
internal_weight=37.2971 18.528 18.7691 16.9555 15.6949 2.83317
internal_count=6399 5194 1205 803 4952 242
is_linear=0
shrinkage=0.025


Tree=60
num_leaves=7
num_cat=0
split_feature=21 26 13 24 22 27
split_gain=19.0642 6.68285 3.73634 1.94939 0.844073 0.739797
threshold=0.17968884855508807 -0.88267394900321949 2.2132625579833989 -4.7665493488311759 0.78722152113914501 0.73299241065979015
decision_type=2 2 2 2 2 2
left_child=3 2 -2 -1 -3 -5
right_child=1 4 -4 5 -6 -7
leaf_value=0.0026780688490354882 -0.0057034026177473478 -0.011710942153070432 0.021777255596381245 -0.021544014448571083 0.0022773508422029472 0
leaf_weight=0.83163910603616287 1.1074100180412703 2.9144818004278927 17.774898843606934 13.264272366330257 1.0465546275372615 0.62765656912233758
leaf_count=33 268 1142 725 4113 114 65
internal_value=5.80351e-05 0.0135033 0.0190472 -0.0186201 -0.0081091 -0.0205973
internal_weight=37.5669 22.8433 18.8823 14.7236 3.96104 13.8919
internal_count=6460 2249 993 4211 1256 4178
is_linear=0
shrinkage=0.025


Tree=61
num_leaves=7
num_cat=0
split_feature=22 13 3 27 21 21
split_gain=19.4611 5.50876 3.02047 0.698785 0.390853 0.218102
threshold=0.036992715671658523 2.9750292301177983 1.1124424934387209 0.73299241065979015 1.3620337843894961 1.2812116146087649
decision_type=2 2 2 2 2 2
left_child=3 4 -3 5 -2 -1
right_child=1 2 -4 -5 -6 -7
leaf_value=-0.020612186642030295 -0.010256793789453609 -0.0043419053847617954 0.020258347175018128 0 0.00071051212202513517 0
leaf_weight=13.114848996512587 2.2996092900866674 1.3359976749925433 18.695775922416942 0.603103431407363 0.63148687966167916 0.46109516458818767
leaf_count=4555 541 366 854 64 33 39
internal_value=0 0.0134252 0.0178284 -0.019272 -0.00814759 -0.0201737
internal_weight=37.1419 22.9629 20.0318 14.179 2.9311 13.5759
internal_count=6452 1794 1220 4658 574 4594
is_linear=0
shrinkage=0.025


Tree=62
num_leaves=7
num_cat=0
split_feature=21 22 5 26 5 19
split_gain=20.0077 3.78735 3.10072 1.316 0.948292 0.22981
threshold=0.48507140576839453 0.74892738461494457 4.0155036449432382 -0.79614809155464161 -0.18124487996101377 0.94190043210983287
decision_type=2 2 2 2 2 2
left_child=1 4 3 -2 -1 -4
right_child=2 -3 5 -5 -6 -7
leaf_value=0 0.020557751481090639 0.0054467421314698611 -0.0067162793467420339 -0.00011107443636111812 -0.021071235481332325 0.00091063825896774977
leaf_weight=1.1921431535447524 16.01406864379533 1.8303892305411853 1.231879848637617 1.4042541027301947 15.269041938183364 0.40140793658792961
leaf_count=155 548 91 244 405 5058 7
internal_value=1.30208e-05 -0.0163709 0.0161363 0.0189595 -0.0197918 -0.00462611
internal_weight=37.3432 18.2916 19.0516 17.4183 16.4612 1.63329
internal_count=6508 5304 1204 953 5213 251
is_linear=0
shrinkage=0.025


Tree=63
num_leaves=6
num_cat=0
split_feature=21 27 13 22 19
split_gain=18.7004 5.70206 2.53003 1.88001 0.99235
threshold=0.17968884855508807 0.16831453144550326 2.2132625579833989 0.87065240740776073 0.54205480217933666
decision_type=2 2 2 2 2
left_child=3 2 -2 -1 -3
right_child=1 4 -4 -5 -6
leaf_value=-0.021518024535514713 -0.0039523025977770713 -0.0092873888599193585 0.021209130382854553 0.0021603021046535599 0.0040817152520219585
leaf_weight=13.451609906594964 0.78992409989587287 4.3004771390988017 15.204148663266094 0.87727786618052128 1.2105359933048019
leaf_count=4179 210 1473 478 42 77
internal_value=-0.000820251 0.0127655 0.0190234 -0.0195612 -0.00521144
internal_weight=35.834 21.5051 15.9941 14.3289 5.51101
internal_count=6459 2238 688 4221 1550
is_linear=0
shrinkage=0.025


Tree=64
num_leaves=7
num_cat=0
split_feature=24 17 6 5 3 7
split_gain=19.4285 4.65461 2.18493 1.78891 1.23207 1.02151
threshold=-1.701981723308563 0.57245939970016491 4.1054792404174814 3.1634904146194462 1.1124424934387209 5.0630395412445077
decision_type=2 2 2 2 2 2
left_child=2 5 4 -3 -1 -2
right_child=1 3 -4 -5 -6 -7
leaf_value=-0.0017674128472221148 -0.021772055844321278 0.010073153122329943 -0.0037324596325727538 -0.007444010248679034 0.020425581957696178 0
leaf_weight=0.32744749553967878 13.517637342651144 3.5307390868547364 0.76990613818634202 1.4105017380206843 16.233441572781885 1.2847498703340523
leaf_count=119 4681 264 200 412 532 241
internal_value=0.00049306 -0.0146809 0.017476 0.00321505 0.0193888 -0.0202738
internal_weight=37.0744 19.7436 17.3308 4.94124 16.5609 14.8024
internal_count=6449 5598 851 676 651 4922
is_linear=0
shrinkage=0.025


Tree=65
num_leaves=7
num_cat=0
split_feature=21 19 6 26 5 12
split_gain=16.9386 5.60665 3.04651 1.80167 1.08618 0.659123
threshold=0.48507140576839453 0.54205480217933666 4.1054792404174814 -0.84879621863365162 -0.18124487996101377 2.4625332355499272
decision_type=2 2 2 2 2 2
left_child=1 4 3 -2 -1 -3
right_child=2 5 -4 -5 -6 -7
leaf_value=0 0.020440692177133513 -0.0025142918151108886 -0.004964614845195392 -0.00073006738982441281 -0.021730786885771403 0.0099250480734504199
leaf_weight=1.1313031497411454 15.215927191544328 0.57337620909674969 1.5632161237299431 1.8460195849183954 13.674675657268379 2.642612326744711
leaf_count=150 409 155 294 501 4864 95
internal_value=0.000413408 -0.0147545 0.0153711 0.0182205 -0.0202726 0.0067661
internal_weight=36.6471 18.022 18.6252 17.0619 14.806 3.21599
internal_count=6468 5264 1204 910 5014 250
is_linear=0
shrinkage=0.025


Tree=66
num_leaves=6
num_cat=0
split_feature=21 6 22 27 21
split_gain=18.1163 3.93796 2.72213 2.29179 0.330558
threshold=0.23580289632081988 3.3576247692108159 0.87065240740776073 0.22439777851104739 1.8658464550971987
decision_type=2 2 2 2 2
left_child=2 3 -1 -2 -3
right_child=1 4 -4 -5 -6
leaf_value=-0.021242024792394093 0.020846349201279785 -0.00768774966253885 0.003624361868473416 0 0.0011973845333710315
leaf_weight=13.079754733742446 14.439735769934492 2.2487643459462556 1.2219531170558173 3.2554521687561637 0.67394728318322439
leaf_count=4421 331 776 47 830 26
internal_value=0 0.0136658 -0.0184051 0.0175818 -0.0053874
internal_weight=34.9196 20.6179 14.3017 17.6952 2.92271
internal_count=6431 1963 4468 1161 802
is_linear=0
shrinkage=0.025


Tree=67
num_leaves=7
num_cat=0
split_feature=22 21 6 19 26 23
split_gain=17.1465 3.66573 2.85194 1.1093 1.07503 0.49629
threshold=0.29352374374866491 1.0182929039001467 3.5784200429916386 0.2825732976198197 -0.79614809155464161 -0.34870237112045283
decision_type=2 2 2 2 2 2
left_child=1 3 4 -1 -2 -3
right_child=2 5 -4 -5 -6 -7
leaf_value=-0.020210466678282211 0.020211767775817673 0.0080314694420100582 -0.0052591160240728803 0 0 -0.0024938532190941901
leaf_weight=14.560283306171192 14.146978654607665 2.0345878454972994 1.0047745700576332 1.7252349545015011 1.3083543120883412 0.48776393852312949
leaf_count=5199 294 50 282 299 272 103
internal_value=-1.05369e-05 -0.0147547 0.0160578 -0.0185144 0.018696 0.0048605
internal_weight=35.268 18.8079 16.4601 16.2855 15.4553 2.52235
internal_count=6499 5651 848 5498 566 153
is_linear=0
shrinkage=0.025


Tree=68
num_leaves=7
num_cat=0
split_feature=22 6 17 27 13 12
split_gain=16 3.05543 1.68357 1.6453 0.798418 0.311696
threshold=0.1934856325387955 4.1054792404174814 0.97847893834114086 0.2029673829674721 5.444207191467286 3.0079162120819096
decision_type=2 2 2 2 2 2
left_child=2 3 4 -2 -1 -4
right_child=1 -3 5 -5 -6 -7
leaf_value=-0.019965732409017844 0.019784831778062187 -0.0060386064742312152 -0.0030480179502524614 0 0 0.0048997836546454867
leaf_weight=12.6906042600167 13.41503962228308 1.2523983687278804 0.59430491621605952 2.6808108653640366 1.4285933970531903 1.292552057188004
leaf_count=4815 313 282 105 548 358 53
internal_value=-0.000439662 0.0141876 -0.0161944 0.0171158 -0.0185134 0.00109347
internal_weight=33.3543 17.3482 16.0061 16.0959 14.1192 1.88686
internal_count=6474 1143 5331 861 5173 158
is_linear=0
shrinkage=0.025


Tree=69
num_leaves=7
num_cat=0
split_feature=18 13 19 27 3 13
split_gain=15.9195 2.7013 2.22784 1.50429 0.852622 0.646639
threshold=0.15345969051122668 2.9750292301177983 0.27605158090591436 0.21454410254955295 3.5825777053833012 5.444207191467286
decision_type=2 2 2 2 2 2
left_child=2 -2 5 -3 -4 -1
right_child=1 3 4 -5 -6 -7
leaf_value=-0.020168483561346866 -0.0037833293971869051 0.020049921069620429 0.0067518661056634108 0 -0.0058118005796669375 0
leaf_weight=11.739657518221067 1.9904801400552994 13.559553111961575 2.1884975845168806 2.0388997263798947 1.2098962406453209 1.5773728454078071
leaf_count=4200 492 328 161 506 361 406
internal_value=0 0.014777 -0.0152001 0.0177923 0.000737652 -0.0186996
internal_weight=34.3044 17.5889 16.7154 15.5985 3.39839 13.317
internal_count=6454 1326 5128 834 522 4606
is_linear=0
shrinkage=0.025


Tree=70
num_leaves=7
num_cat=0
split_feature=22 6 17 2 26 9
split_gain=17.0466 3.16174 2.42198 1.35674 0.658909 0.629438
threshold=0.1934856325387955 4.1054792404174814 0.89335909485816967 1.5768821239471438 -0.38771194219589228 2.7077882289886479
decision_type=2 2 2 2 2 2
left_child=2 3 4 -2 -1 -4
right_child=1 -3 5 -5 -6 -7
leaf_value=-0.020685061666645368 -0.0016395272350635188 -0.006048344204797761 -0.004375891209699544 0.018927340215136021 0 0.0068228996901019733
leaf_weight=12.608986222476229 0.7798349388758713 1.2607641636568576 0.78639571249368545 16.215447352209594 0.6776178606378388 1.5954078627401029
leaf_count=5040 172 286 165 674 88 43
internal_value=0 0.0146933 -0.0165092 0.0175413 -0.0197357 0.00181923
internal_weight=33.9245 18.256 15.6684 16.9953 13.2866 2.3818
internal_count=6468 1132 5336 846 5128 208
is_linear=0
shrinkage=0.025


Tree=71
num_leaves=7
num_cat=0
split_feature=22 26 6 7 22 19
split_gain=15.4293 4.63688 4.16492 0.610155 0.427271 0.110934
threshold=0.036992715671658523 -0.88267394900321949 4.1054792404174814 -1.0835801362991331 0.78722152113914501 0.34387528896331793
decision_type=2 2 2 2 2 2
left_child=3 2 -2 -1 -3 -5
right_child=1 4 -4 5 -6 -7
leaf_value=0 0.019984125996536369 -0.0091711048537324626 -0.0067939269393508962 -0.020088830611202965 0.0011592069190410309 0
leaf_weight=0.40687923986115393 15.819919376750482 2.7796686410729303 1.4604186947690312 11.345440543955188 0.83296265738317732 0.59114098382997404
leaf_count=42 506 845 349 4472 122 162
internal_value=-0.000493981 0.0116379 0.0164237 -0.0188243 -0.00677337 -0.0196311
internal_weight=33.2364 20.893 17.2803 12.3435 3.61263 11.9366
internal_count=6498 1822 855 4676 967 4634
is_linear=0
shrinkage=0.025


Tree=72
num_leaves=7
num_cat=0
split_feature=22 6 19 2 27 13
split_gain=16.6927 3.14069 1.4334 1.28415 0.689539 0.60191
threshold=0.1934856325387955 4.1054792404174814 0.14174750447273257 1.5768821239471438 0.73299241065979015 4.2794315814971933
decision_type=2 2 2 2 2 2
left_child=2 3 4 -2 -1 -4
right_child=1 -3 5 -5 -6 -7
leaf_value=-0.019334914775173948 -0.0014246533670179407 -0.0059047398438131019 -0.0051928437574061794 0.019095325719281367 0 0.0057122198015623765
leaf_weight=12.207992673793338 0.75784982688492775 1.2351365949725721 1.2367250853567378 16.612374926538905 0.60172559617785815 1.3751155343779826
leaf_count=4634 165 283 462 701 68 130
internal_value=0.000666396 0.0150464 -0.0158126 0.0178023 -0.0183578 0
internal_weight=34.0269 18.6054 15.4216 17.3702 12.8097 2.61184
internal_count=6443 1149 5294 866 4702 592
is_linear=0
shrinkage=0.025


Tree=73
num_leaves=4
num_cat=0
split_feature=22 6 21
split_gain=15.9625 4.19763 1.65693
threshold=0.036992715671658523 4.1054792404174814 0.17968884855508807
decision_type=2 2 2
left_child=-1 2 -2
right_child=1 -3 -4
leaf_value=-0.019663959106630206 -0.0011615457881660935 -0.008571122494423709 0.017535883647141055
leaf_weight=12.049991353909716 2.0423035559943008 1.9220807926612895 16.325805640779436
leaf_count=4678 431 442 934
internal_value=-0.000939027 0.0116234 0.0153858
internal_weight=32.3402 20.2902 18.3681
internal_count=6485 1807 1365
is_linear=0
shrinkage=0.025


Tree=74
num_leaves=7
num_cat=0
split_feature=22 6 27 21 17 18
split_gain=15.6261 2.9989 1.80086 1.6152 0.54783 0.136337
threshold=0.1934856325387955 4.1054792404174814 0.16831453144550326 0.98258668184280407 0.89335909485816967 0.15345969051122668
decision_type=2 2 2 2 2 2
left_child=3 2 -2 4 -1 -5
right_child=1 -3 -4 5 -6 -7
leaf_value=-0.020409747601987327 0.019471588544191634 -0.0061317781861329537 -0.00021798623399560272 -0.0015385560279709176 0 0.0036771074745528529
leaf_weight=12.334224554011598 12.665161534299843 1.2903756463783782 2.601969271345296 0.36360789404716243 0.72922071014181788 1.060216944577405
leaf_count=5022 234 280 603 61 113 67
internal_value=-0.00113645 0.0135099 0.0165816 -0.0173679 -0.0195137 0.00121141
internal_weight=31.0448 16.5575 15.2671 14.4873 13.0634 1.42382
internal_count=6380 1117 837 5263 5135 128
is_linear=0
shrinkage=0.025


Tree=75
num_leaves=6
num_cat=0
split_feature=21 6 27 24 20
split_gain=15.1431 4.22602 2.62694 0.707232 0.316009
threshold=0.17968884855508807 3.3576247692108159 0.22439777851104739 -4.7665493488311759 0.60938546061515819
decision_type=2 2 2 2 2
left_child=3 2 -2 -1 -3
right_child=1 4 -4 -5 -6
leaf_value=0.00017007135264248446 0.019816372281656187 -0.0089573160035267951 -0.0010150261234233438 -0.019885791610813868 0.00059914976669235228
leaf_weight=0.43356085004052403 13.734578174102358 2.2355594607070084 3.4592736225749823 11.299204403447218 0.66762388293864194
leaf_count=34 363 835 971 4218 83
internal_value=-0.000426256 0.0117544 0.0160592 -0.0189418 -0.00698015
internal_weight=31.8298 20.097 17.1939 11.7328 2.90318
internal_count=6504 2252 1334 4252 918
is_linear=0
shrinkage=0.025


Tree=76
num_leaves=7
num_cat=0
split_feature=22 6 27 27 7 0
split_gain=13.0655 4.43397 3.54849 0.737238 0.708991 0.226275
threshold=0.036992715671658523 3.3576247692108159 0.25838394463062292 0.73299241065979015 -1.0835801362991331 3.6041877269744877
decision_type=2 2 2 2 2 2
left_child=3 2 -2 4 -1 -3
right_child=1 5 -4 -5 -6 -7
leaf_value=0.00040895631624349833 0.019627363774864154 0.00026837624659220555 -0.0040414661519156394 0.00035382245803438809 -0.019301769265847618 -0.0086923128648361409
leaf_weight=0.35220626430236812 15.153655088681267 0.26887457302655038 2.5524564412771715 0.53259642745251845 10.3760443830688 2.7272107059834525
leaf_count=33 404 20 728 67 4489 678
internal_value=0.000179865 0.0114012 0.0158015 -0.0172278 -0.018333 -0.00744155
internal_weight=31.963 20.7022 17.7061 11.2608 10.7283 2.99609
internal_count=6419 1830 1132 4589 4522 698
is_linear=0
shrinkage=0.025


Tree=77
num_leaves=7
num_cat=0
split_feature=21 13 24 27 13 15
split_gain=12.8552 3.1223 2.72825 1.05412 1.04523 0.166504
threshold=0.48507140576839453 3.0488374233245854 -4.0009253025054923 0.25838394463062292 5.444207191467286 1.2584255933761599
decision_type=2 2 2 2 2 2
left_child=2 5 -1 -3 -4 -2
right_child=1 3 4 -5 -6 -7
leaf_value=0.0045621110539974226 -0.0069993359093246978 0.018917404817234973 -0.019457530693410302 0 0 0.00016451281415160254
leaf_weight=1.607351828133688 1.364891028322744 12.414955679385455 11.973245317727558 1.6120315069856577 1.7638197001069791 0.36913868295960117
leaf_count=90 389 322 4765 447 407 32
internal_value=-0.000117977 0.0135822 -0.0143769 0.017115 -0.0175525 -0.00555636
internal_weight=31.1054 15.761 15.3444 14.027 13.7371 1.73403
internal_count=6452 1190 5262 769 5172 421
is_linear=0
shrinkage=0.025


Tree=78
num_leaves=7
num_cat=0
split_feature=21 13 24 26 27 0
split_gain=11.3878 4.01116 1.75977 1.51234 0.717417 0.174377
threshold=0.23580289632081988 3.1696397066116337 -4.7665493488311759 -0.8810753822326659 0.73299241065979015 3.5861003398895268
decision_type=2 2 2 2 2 2
left_child=2 5 -1 -3 -4 -2
right_child=1 3 4 -5 -6 -7
leaf_value=0.0027367640905068477 0 0.018387533686712584 -0.01957476349155695 0 0 -0.008819382077127463
leaf_weight=0.92075119772926228 0.34569574164925443 11.556387600896414 10.854168271092927 3.0470823984651334 0.60139813236310224 2.0657601343991701
leaf_count=37 69 373 4324 813 69 707
internal_value=-0.00107495 0.0108385 -0.016219 0.0154056 -0.0184911 -0.00771028
internal_weight=29.3912 17.0149 12.3763 14.6035 11.4556 2.41146
internal_count=6392 1962 4430 1186 4393 776
is_linear=0
shrinkage=0.025


Tree=79
num_leaves=7
num_cat=0
split_feature=24 17 6 13 27 4
split_gain=13.1792 3.74659 1.81587 1.66125 0.702117 0.615262
threshold=-1.701981723308563 0.57245939970016491 3.7371568679809575 3.5581232309341435 0.73299241065979015 0.8081347942352296
decision_type=2 2 2 2 2 2
left_child=2 4 5 -3 -2 -1
right_child=1 3 -4 -5 -6 -7
leaf_value=0 -0.020095177814960931 -0.007281977855240704 -0.0030165596776659961 0.0096383462879683114 0 0.017979180600495633
leaf_weight=0.67171541810967283 11.47455478872871 1.4554301270109125 1.1480851641099423 3.2625775490887463 0.62400931795127768 12.80864472009125
leaf_count=163 4851 470 275 214 80 446
internal_value=0 -0.0134452 0.0147892 0.00271447 -0.0190634 0.0170497
internal_weight=31.445 16.8166 14.6284 4.71801 12.0986 13.4804
internal_count=6499 5615 884 684 4931 609
is_linear=0
shrinkage=0.025


Tree=80
num_leaves=7
num_cat=0
split_feature=22 17 13 7 12 25
split_gain=12.2923 3.71747 1.50598 1.08386 0.958378 0.735856
threshold=0.45654875040054327 0.66221347451210033 2.6076993942260747 5.0630395412445077 3.0079162120819096 0.32468231022357946
decision_type=2 2 2 2 2 2
left_child=1 3 -2 -1 -3 -4
right_child=2 4 5 -5 -6 -7
leaf_value=-0.020715603741919959 -0.0030658917470227955 -0.0050292573362395194 0.017752454964692965 0 0.0082503258002907635 -0.00040710190245790289
leaf_weight=11.427620281989226 0.63508084451313962 1.0041973551851691 10.700451370968945 1.140951529087032 2.9835341959260404 0.5640710136212882
leaf_count=5008 144 236 300 229 287 160
internal_value=-0.0013747 -0.013867 0.0145968 -0.0190449 0.00327336 0.0166132
internal_weight=28.4559 16.5563 11.8996 12.5686 3.98773 11.2645
internal_count=6364 5760 604 5237 523 460
is_linear=0
shrinkage=0.025


Tree=81
num_leaves=7
num_cat=0
split_feature=18 27 13 13 26 19
split_gain=11.7419 2.50874 2.0422 1.64276 1.22664 0.357465
threshold=0.15345969051122668 0.12788855284452441 2.2132625579833989 4.2794315814971933 -0.89373555779457081 0.56599965691566478
decision_type=2 2 2 2 2 2
left_child=1 3 -2 -1 -4 -3
right_child=2 5 4 -5 -6 -7
leaf_value=-0.0078435168170154432 -0.0045298926103372137 -0.019379455556104621 0.018094250483146695 0.0090548014631688187 0 0
leaf_weight=1.8607366469514115 0.96326531638624047 10.100896012358131 11.421415878721744 2.4456088855513372 2.5541292578855055 0.58467696642037559
leaf_count=775 244 4207 481 60 613 100
internal_value=-0.000285535 -0.0139416 0.013165 0.000790451 0.0155863 -0.0186365
internal_weight=29.9307 14.9919 14.9388 4.30635 13.9755 10.6856
internal_count=6480 5142 1338 835 1094 4307
is_linear=0
shrinkage=0.025


Tree=82
num_leaves=7
num_cat=0
split_feature=21 19 5 20 6 2
split_gain=10.4678 5.35408 1.20131 0.9484 0.716273 0.380349
threshold=0.96427011489868175 0.49911202490329748 4.0764338970184335 1.5390615463256838 3.9463615417480473 1.5768821239471438
decision_type=2 2 2 2 2 2
left_child=1 3 5 -1 -3 -2
right_child=2 4 -4 -5 -6 -7
leaf_value=-0.018568449712127254 0 0.010333140149515764 -0.0018007703457415154 0.00012451620385007148 -0.0025621313369911941 0.01766922815553874
leaf_weight=13.556793188472517 0.12274544278625121 3.4630272839276577 0.74645418082946058 1.0711891307728354 0.60404168115928758 9.6511356825940293
leaf_count=5557 25 148 89 193 167 295
internal_value=-0.00063452 -0.0111616 0.0152389 -0.0171981 0.00737188 0.0171323
internal_weight=29.2154 18.6951 10.5203 14.628 4.06707 9.77388
internal_count=6474 6065 409 5750 315 320
is_linear=0
shrinkage=0.025


Tree=83
num_leaves=7
num_cat=0
split_feature=21 19 13 13 4 2
split_gain=11.0002 4.89668 1.61497 1.45288 0.745274 0.545999
threshold=0.89711949229240429 0.24896066635847094 2.9750292301177983 2.2132625579833989 -0.21814061701297757 1.5768821239471438
decision_type=2 2 2 2 2 2
left_child=1 4 -3 -2 -1 -5
right_child=3 2 -4 5 -6 -7
leaf_value=0 -0.0027396386317121873 -0.0062700813945400814 0.010264972863456926 -0.00034643309440755008 -0.01957125474404316 0.018210813303583154
leaf_weight=1.1890079140721379 0.56698477361351152 1.4014452483097546 4.388152700586943 0.16761971119558339 11.184066690679176 10.61263190989848
leaf_count=187 106 391 322 39 5095 334
internal_value=0 -0.0111977 0.00463238 0.0155853 -0.0181661 0.0175079
internal_weight=29.5099 18.1627 5.7896 11.3472 12.3731 10.7803
internal_count=6474 5995 713 479 5282 373
is_linear=0
shrinkage=0.025


Tree=84
num_leaves=7
num_cat=0
split_feature=21 19 13 13 20 2
split_gain=10.8085 4.55304 1.4305 1.12717 1.00151 0.34967
threshold=0.89711949229240429 0.34387528896331793 2.2132625579833989 2.9750292301177983 1.5390615463256838 1.5768821239471438
decision_type=2 2 2 2 2 2
left_child=1 4 -2 -3 -1 -4
right_child=2 3 5 -5 -6 -7
leaf_value=-0.018606064201152833 -0.002642941839627076 -0.0045766669509437431 0 0.0099975336554655458 0.00031478338098915511 0.018130351224068496
leaf_weight=11.809615656791726 0.55146891652839158 1.0069352152931959 0.10497042170027171 3.7525175765331369 1.0544401600200206 10.780491011508273
leaf_count=5237 97 290 33 225 149 330
internal_value=0.000269475 -0.0108115 0.0158193 0.00550869 -0.0170513 0.0176856
internal_weight=29.0604 17.6235 11.4369 4.75945 12.8641 10.8855
internal_count=6361 5901 460 515 5386 363
is_linear=0
shrinkage=0.025


Tree=85
num_leaves=7
num_cat=0
split_feature=27 6 25 27 17 17
split_gain=9.30549 4.43786 1.28113 0.566127 0.276935 0.239484
threshold=0.17005534470081332 4.1054792404174814 -3.7828489542007442 0.73299241065979015 -0.54805681109428395 1.2845509648323061
decision_type=2 2 2 2 2 2
left_child=1 4 -2 -4 -1 -3
right_child=2 5 3 -5 -6 -7
leaf_value=0 0.0017616443573054523 -0.0091817030600938286 -0.017206500097198384 0 0.016731592357217391 0.0001973939334240572
leaf_weight=0.11518744277418669 1.1415618666214875 2.3925673039047974 10.667721492762206 0.61034631682559926 12.162555401882855 0.35142683080630366
leaf_count=40 65 937 4472 96 755 32
internal_value=-0.000761946 0.0107914 -0.0141811 -0.0162242 0.0163726 -0.00782155
internal_weight=27.4414 15.0217 12.4196 11.2781 12.2777 2.74399
internal_count=6397 1764 4633 4568 795 969
is_linear=0
shrinkage=0.025


Tree=86
num_leaves=7
num_cat=0
split_feature=21 24 12 2 16 10
split_gain=11.3206 2.9202 2.14715 0.863419 0.502751 0.0485514
threshold=0.54474982619285595 -4.7665493488311759 2.8698732852935795 1.5768821239471438 1.2218641042709353 1.8385151624679568
decision_type=2 2 2 2 2 2
left_child=1 -1 5 -4 -3 -2
right_child=2 4 3 -5 -6 -7
leaf_value=0.0046457022519381715 -0.005370795941488986 -0.019647256512305408 -0.0015052131172323896 0.016351433986571823 0 0
leaf_weight=1.4762808364757809 1.0203087374393351 11.832810745283494 0.31374049431178619 11.565682436717905 0.40001935116015452 0.12190009973710392
leaf_count=53 200 5236 105 712 95 10
internal_value=-0.00198993 -0.0155057 0.0122467 0.0152034 -0.0189426 -0.00483039
internal_weight=26.7307 13.7091 13.0216 11.8794 12.2328 1.14221
internal_count=6411 5384 1027 817 5331 210
is_linear=0
shrinkage=0.025


Tree=87
num_leaves=7
num_cat=0
split_feature=21 24 13 17 4 20
split_gain=9.72502 3.96118 1.47316 1.41399 0.0744034 0.0121369
threshold=0.8790453076362611 -3.6407675743103023 2.270145177841187 0.55268770456314098 4.691638946533204 1.3875287771224978
decision_type=2 2 2 2 2 2
left_child=1 4 -2 -3 -1 -4
right_child=2 3 5 -5 -6 -7
leaf_value=0.0073640181816076351 -0.0030124169176503506 -0.01847737855147033 0.017084681508172859 0 0 0
leaf_weight=2.4733239563647706 0.61405284129432303 11.951024025343939 9.3072028128080966 2.4310964310425343 0.38421649899100874 0.74625104031292799
leaf_count=84 122 5237 251 591 59 125
internal_value=-0.00046663 -0.0111937 0.0145102 -0.0159058 0.00675714 0.0166407
internal_weight=27.9072 17.2397 10.6675 14.3821 2.85754 10.0535
internal_count=6469 5971 498 5828 143 376
is_linear=0
shrinkage=0.025


Tree=88
num_leaves=7
num_cat=0
split_feature=22 13 26 5 18 3
split_gain=8.70959 3.96884 2.01418 0.608548 0.526538 0.0563957
threshold=0.036992715671658523 2.9750292301177983 -0.88267394900321949 -0.18124487996101377 0.54179316759109508 -0.22755627334117887
decision_type=2 2 2 2 2 2
left_child=3 -2 -3 5 -5 -1
right_child=1 2 -4 4 -6 -7
leaf_value=-0.00084435241491743421 -0.0088740865296219468 0.017729312965802112 -0.00084910631361044759 -0.016524271382229488 0.00019877738102557502 0.0024934024974083762
leaf_weight=0.36864949463051744 1.992170465207894 12.134512839169474 3.2841122341633282 9.4617230609728686 0.36272017480223517 0.18795053483336488
leaf_count=78 576 407 799 4532 66 12
internal_value=0 0.00991486 0.0142272 -0.0145147 -0.0156265 0.000387398
internal_weight=27.7918 17.4108 15.4186 10.381 9.82444 0.5566
internal_count=6470 1782 1206 4688 4598 90
is_linear=0
shrinkage=0.025


Tree=89
num_leaves=7
num_cat=0
split_feature=21 26 19 7 5 22
split_gain=9.97988 2.22193 1.86955 1.01204 0.864993 0.555846
threshold=0.50400638580322277 -0.9308314025402068 0.56599965691566478 5.0630395412445077 4.0155036449432382 0.78722152113914501
decision_type=2 2 2 2 2 2
left_child=2 4 3 -1 -2 -3
right_child=1 5 -4 -5 -6 -7
leaf_value=-0.018694890010112705 0.017573850612419159 -0.0069860200886902347 0.0023071712797016869 0.00030090454061041782 -0.00034238903242315749 0.003274798049521624
leaf_weight=10.249825894075913 9.7857721680484211 1.7747658173902885 1.883417921111685 1.0845776773639944 0.93093529739417213 1.3291636650101279
leaf_count=4861 279 608 228 248 150 105
internal_value=-0.000738842 0.0119529 -0.0139908 -0.0169589 0.016006 -0.00251136
internal_weight=27.0385 13.8206 13.2178 11.3344 10.7167 3.10393
internal_count=6479 1142 5337 5109 429 713
is_linear=0
shrinkage=0.025


Tree=90
num_leaves=6
num_cat=0
split_feature=21 24 17 13 2
split_gain=9.10424 3.36344 1.45819 1.16291 0.383347
threshold=0.96427011489868175 -4.7665493488311759 0.55268770456314098 2.2132625579833989 1.5768821239471438
decision_type=2 2 2 2 2
left_child=1 -1 -3 -2 -5
right_child=3 2 -4 4 -6
leaf_value=0.0066275827889714636 -0.0023104450943117745 -0.017781151881206037 0 0 0.016781311582225587
leaf_weight=2.2465568646730434 0.5043057278089681 11.802300708266555 2.645653688465246 0.1322004648973224 9.2743953516765014
leaf_count=71 94 5335 618 22 304
internal_value=-0.000557846 -0.0109835 -0.0150432 0.0143788 0.0161987
internal_weight=26.6054 16.6945 14.448 9.9109 9.4066
internal_count=6444 6024 5953 420 326
is_linear=0
shrinkage=0.025


Tree=91
num_leaves=7
num_cat=0
split_feature=24 17 5 13 25 12
split_gain=8.8295 3.1508 1.41622 1.00893 0.857275 0.762886
threshold=-1.7583426833152769 0.81750041246414196 4.1350474357604989 5.444207191467286 0.32468231022357946 3.0079162120819096
decision_type=2 2 2 2 2 2
left_child=2 3 4 -2 -1 -3
right_child=1 5 -4 -5 -6 -7
leaf_value=0.017025790625250923 -0.017824503641009772 -0.003619561561437501 -0.0027399776169164305 0 -0.00038757192463088062 0.0088754555559611668
leaf_weight=10.819834081688894 9.8769464166398375 0.74137998637161162 0.90822799090528938 1.6666759490763059 0.96829534816788587 2.5261269801412709
leaf_count=394 4869 162 216 454 221 125
internal_value=0.00054747 -0.010817 0.0134685 -0.015735 0.0155337 0.00480998
internal_weight=27.5075 14.8111 12.6964 11.5436 11.7881 3.26751
internal_count=6441 5610 831 5323 615 287
is_linear=0
shrinkage=0.025


Tree=92
num_leaves=7
num_cat=0
split_feature=22 6 27 8 22 19
split_gain=9.4606 2.7213 2.17057 0.514164 0.239593 0.0694239
threshold=0.036992715671658523 3.1897164583206181 0.22271215170621875 -0.79248350858688343 0.98888972401618969 0.34387528896331793
decision_type=2 2 2 2 2 2
left_child=3 2 -2 -1 -3 -5
right_child=1 4 -4 5 -6 -7
leaf_value=2.0214099215152759e-05 0.017355448901824982 -0.007205002598880331 -0.0016997861424355469 -0.017605233362580533 0.00060184779437672334 0
leaf_weight=0.3895105408300904 11.173808663617821 2.1138398228504225 3.0454992250597561 8.6445859516825259 0.68836494919378299 0.56557164108380753
leaf_count=42 283 702 768 4463 36 157
internal_value=-0.000579609 0.00966993 0.0135685 -0.0162692 -0.00532948 -0.0171626
internal_weight=26.6212 17.0215 14.2193 9.59967 2.8022 9.21016
internal_count=6451 1789 1051 4662 738 4620
is_linear=0
shrinkage=0.025


Tree=93
num_leaves=7
num_cat=0
split_feature=21 19 13 13 7 2
split_gain=8.93779 3.86834 1.41796 1.28185 0.992652 0.391518
threshold=0.8790453076362611 0.24896066635847094 2.2132625579833989 2.9750292301177983 5.0630395412445077 1.6290140151977541
decision_type=2 2 2 2 2 2
left_child=1 4 -2 -3 -1 -4
right_child=2 3 5 -5 -6 -7
leaf_value=-0.018644602114996977 -0.0029107258942212529 -0.0055881719422726057 0 0.009339751393319027 0.00025528600748889982 0.017018752222149599
leaf_weight=10.013986686433787 0.60431052127387275 1.2764865057251871 0.12967882037628342 3.917964462787495 1.0872816328919714 9.8990567371365596
leaf_count=5043 116 396 35 316 239 356
internal_value=0 -0.0105142 0.0143783 0.0041167 -0.0169009 0.0164577
internal_weight=26.9288 16.2957 10.633 5.19445 11.1013 10.0287
internal_count=6501 5994 507 712 5282 391
is_linear=0
shrinkage=0.025


Tree=94
num_leaves=7
num_cat=0
split_feature=18 17 13 3 13 24
split_gain=8.81842 1.7062 1.6612 1.00011 0.994529 0.605722
threshold=0.15345969051122668 0.55268770456314098 2.9750292301177983 1.1124424934387209 4.1047751903533944 -4.7665493488311759
decision_type=2 2 2 2 2 2
left_child=1 5 -2 -4 -3 -1
right_child=2 4 3 -5 -6 -7
leaf_value=0.00032883875689364512 -0.0029603625184067795 -0.0065201619766345545 -0.0014366011970418501 0.016000223864195754 0.0070265627348023545 -0.017970993187189737
leaf_weight=0.32098020651028392 1.783138574392068 1.302322521398309 0.74831236517638799 10.700360563292632 2.1866994937590789 9.0524604036036198
leaf_count=18 495 514 183 663 151 4482
internal_value=-0.000595305 -0.0131634 0.0115387 0.0143903 0.000371731 -0.0170131
internal_weight=26.0943 12.8625 13.2318 11.4487 3.48902 9.37344
internal_count=6506 5165 1341 846 665 4500
is_linear=0
shrinkage=0.025


Tree=95
num_leaves=7
num_cat=0
split_feature=21 22 13 7 2 5
split_gain=9.31772 3.2967 1.19194 0.864383 0.464112 0.0916139
threshold=0.89711949229240429 0.74892738461494457 2.2132625579833989 5.0630395412445077 1.6290140151977541 4.0534253120422372
decision_type=2 2 2 2 2 2
left_child=1 3 -2 -1 -4 -3
right_child=2 5 4 -5 -6 -7
leaf_value=-0.016918193663469368 -0.0023305959570102323 0.0067941233074326479 -0.00021809010279445304 0.00027158113452724304 0.017060075967719822 0
leaf_weight=11.966642064464397 0.51348241925006632 2.1065149879141241 0.15435794001677905 1.0851578461879388 9.7796999092970491 0.38690285218763154
leaf_count=5590 104 58 37 243 339 70
internal_value=0 -0.01109 0.0146087 -0.0154634 0.01639 0.00601129
internal_weight=25.9928 15.5452 10.4475 13.0518 9.93406 2.49342
internal_count=6441 5961 480 5833 376 128
is_linear=0
shrinkage=0.025


Tree=96
num_leaves=7
num_cat=0
split_feature=22 6 26 27 18 5
split_gain=7.9725 3.00839 2.78574 0.660395 0.568945 0.155269
threshold=0.036992715671658523 3.3576247692108159 -0.88267394900321949 0.73299241065979015 0.54179316759109508 3.7529095411300664
decision_type=2 2 2 2 2 2
left_child=3 2 -2 4 -1 -3
right_child=1 5 -4 -5 -6 -7
leaf_value=-0.017245320338182504 0.017603796277233196 0 -0.0032393220247624237 0.0005052055900758893 0.00029558154967110166 -0.0077561297721609329
leaf_weight=8.3301513517653785 11.136017063428881 0.49371701772906762 2.8978571051557092 0.52707158241537477 0.331650490479661 2.0386513415433001
leaf_count=4524 305 120 790 77 62 568
internal_value=-0.000337369 0.0091063 0.0132512 -0.0150128 -0.0162538 -0.00658263
internal_weight=25.7551 16.5662 14.0339 9.18887 8.6618 2.53237
internal_count=6446 1783 1095 4663 4586 688
is_linear=0
shrinkage=0.025


Tree=97
num_leaves=7
num_cat=0
split_feature=22 13 26 5 0 26
split_gain=7.64244 3.13115 2.31524 0.671965 0.20264 0.0897288
threshold=0.036992715671658523 2.9750292301177983 -0.88267394900321949 -0.18124487996101377 3.5861003398895268 -1.1297530531883238
decision_type=2 2 2 2 2 2
left_child=3 4 -3 -1 -2 -5
right_child=1 2 -4 5 -6 -7
leaf_value=0.00069233987087158474 0.00014212403128209241 0.017178850871727755 -0.0020454792830465929 0 -0.0085475630974721911 -0.016113018641281222
leaf_weight=0.50547621533042075 0.25531815621070864 11.332808820356149 3.1517600593942889 0.49124245571147263 1.9320114578003993 8.1722136791358899
leaf_count=85 23 412 840 100 549 4468
internal_value=0 0.00918931 0.0132235 -0.0144206 -0.00727042 -0.0156905
internal_weight=25.8408 16.6719 14.4846 9.16893 2.18733 8.66346
internal_count=6477 1824 1252 4653 572 4568
is_linear=0
shrinkage=0.025


Tree=98
num_leaves=7
num_cat=0
split_feature=22 6 26 17 13 5
split_gain=7.33314 2.32241 1.5679 0.950339 0.95735 0.27623
threshold=0.12527042627334598 4.1054792404174814 -0.79410851001739491 0.89335909485816967 5.444207191467286 4.0155036449432382
decision_type=2 2 2 2 2 2
left_child=3 2 -2 4 -1 -5
right_child=1 -3 -4 5 -6 -7
leaf_value=-0.016654350446176951 0.016048228711716198 -0.005887575587884341 -0.0020918409120980704 0.0044573449572186813 0.00076545250563324861 -0.0030653579616948361
leaf_weight=7.9296521664800839 11.963658380991545 1.3216136903502036 1.632292994938324 1.1379034171113733 1.0445030445553127 0.62888899480458338
leaf_count=4556 588 343 426 70 317 119
internal_value=0.000262244 0.0104754 0.0135574 -0.012347 -0.0146312 0.000569575
internal_weight=25.6585 14.9176 13.596 10.7409 8.97416 1.76679
internal_count=6419 1357 1014 5062 4873 189
is_linear=0
shrinkage=0.025


Tree=99
num_leaves=7
num_cat=0
split_feature=18 17 13 3 13 27
split_gain=7.26135 1.69727 1.6523 0.992254 0.905313 0.730694
threshold=0.15345969051122668 0.57245939970016491 2.9750292301177983 1.1810124516487124 4.2290732860565194 0.73299241065979015
decision_type=2 2 2 2 2 2
left_child=1 5 -2 -4 -3 -1
right_child=2 4 3 -5 -6 -7
leaf_value=-0.017125157765023536 -0.003240029012368847 -0.0057091259740582913 -0.0015372263988427581 0.01558641223932601 0.0073026923026861326 0.00061751204432394942
leaf_weight=8.0842782932013506 1.7004423699981988 1.1849926842842244 0.74183486925903608 10.532337928627383 2.0557031666103285 0.5073256882606082
leaf_count=4404 489 478 184 667 119 68
internal_value=0 -0.0117753 0.0110744 0.0139495 0.00120921 -0.0157759
internal_weight=24.8069 11.8323 12.9746 11.2742 3.2407 8.5916
internal_count=6409 5069 1340 851 597 4472
is_linear=0
shrinkage=0.025


Tree=100
num_leaves=7
num_cat=0
split_feature=27 6 22 27 24 5
split_gain=7.33021 3.48694 1.21916 0.683598 0.483167 0.191235
threshold=0.16282909363508227 4.1054792404174814 0.74892738461494457 0.73299241065979015 0.19004444777965548 4.0155036449432382
decision_type=2 2 2 2 2 2
left_child=1 4 3 -2 -1 -3
right_child=2 5 -4 -5 -6 -7
leaf_value=0.016400978924811873 -0.016583774652640503 6.7724839466549487e-05 0.0016275916298414618 0.00054483373769829882 0 -0.0080999621403289018
leaf_weight=9.7478471391950734 9.3461971729411708 0.38102842860098407 1.3537718179286446 0.50840972509468052 0.58693667715124398 2.0550173602532595
leaf_count=367 4516 115 150 86 371 847
internal_value=-0.000880995 0.0101453 -0.0130841 -0.0153934 0.0154598 -0.00679541
internal_weight=23.9792 12.7708 11.2084 9.85461 10.3348 2.43605
internal_count=6452 1700 4752 4602 738 962
is_linear=0
shrinkage=0.025


Tree=101
num_leaves=6
num_cat=0
split_feature=21 13 25 24 5
split_gain=7.06887 2.41608 1.41861 0.882566 0.66783
threshold=0.17968884855508807 2.2132625579833989 1.581714987754822 -4.7665493488311759 -0.18124487996101377
decision_type=2 2 2 2 2
left_child=3 -2 -3 -1 -5
right_child=1 2 -4 4 -6
leaf_value=0.0014277959159417779 -0.0065621066524885604 0.015397323810358118 -0.00071133118642785172 0.00044564460618070955 -0.016568380508791915
leaf_weight=0.63296394934878009 1.4103567892743765 11.958042240832581 2.8459515525464658 0.55140681430930349 7.6513932812522372
leaf_count=34 386 1014 847 105 4026
internal_value=0.000270067 0.00947293 0.0125872 -0.0134865 -0.0152156
internal_weight=25.0501 16.2144 14.804 8.83576 8.2028
internal_count=6412 2247 1861 4165 4131
is_linear=0
shrinkage=0.025


Tree=102
num_leaves=7
num_cat=0
split_feature=21 13 26 24 27 18
split_gain=7.6755 2.30163 1.37881 1.16914 0.70948 0.27077
threshold=0.23580289632081988 3.0488374233245854 -0.8810753822326659 -4.7665493488311759 0.73299241065979015 0.54179316759109508
decision_type=2 2 2 2 2 2
left_child=3 5 -3 -1 -5 -2
right_child=1 2 -4 4 -6 -7
leaf_value=0.0020580001228591382 -0.0069181205897132546 0.016879210752205637 0 -0.017021960775522003 0.00054485104708294047 0.00094190173142469184
leaf_weight=0.81647994628292409 1.4876759880135062 10.121699261551838 2.9149490197596597 8.0902722524187993 0.52018367461278181 0.95402792742243026
leaf_count=36 590 412 874 4334 69 127
internal_value=0.000282842 0.0102573 0.0138234 -0.0135402 -0.0156912 -0.00443775
internal_weight=24.9053 15.4784 13.0366 9.42694 8.61046 2.4417
internal_count=6442 2003 1286 4439 4403 717
is_linear=0
shrinkage=0.025


Tree=103
num_leaves=6
num_cat=0
split_feature=22 27 5 27 13
split_gain=6.96696 3.12928 1.28549 0.654102 0.472093
threshold=0.71719717979431163 0.10868319496512414 4.0155036449432382 0.73299241065979015 2.6076993942260747
decision_type=2 2 2 2 2
left_child=1 2 -1 -3 -2
right_child=4 3 -4 -5 -6
leaf_value=0.0091886395599181225 -0.00053964846054521188 -0.017253610302941598 -0.0057910013768721859 0.00022646241247671601 0.014249703733453099
leaf_weight=3.3120976161444586 0.23274120921268959 10.045215838472355 1.3949358912068417 0.56596141966292712 7.2243600512447301
leaf_count=251 57 5187 601 93 266
internal_value=-0.0014891 -0.0104699 0.00340926 -0.016147 0.0132551
internal_weight=22.7753 15.3182 4.70703 10.6112 7.4571
internal_count=6455 6132 852 5280 323
is_linear=0
shrinkage=0.025


Tree=104
num_leaves=6
num_cat=0
split_feature=21 27 5 24 19
split_gain=7.33758 2.81094 1.61095 0.920083 0.60969
threshold=0.22058650106191638 0.17005534470081332 4.0155036449432382 -4.7665493488311759 0.54205480217933666
decision_type=2 2 2 2 2
left_child=3 2 -2 -1 -3
right_child=1 4 -4 -5 -6
leaf_value=0.0011366843159847267 0.01661495126126343 -0.0075309847611382853 -0.0033632826680606263 -0.016856038066229477 0.0030428367560831619
leaf_weight=0.63764581349096161 9.5907263921690138 3.4784427534905253 0.68113968041143458 8.0114027605595783 1.1562549635418689
leaf_count=32 401 1363 252 4330 79
internal_value=-0.000996795 0.00863777 0.0142135 -0.0151412 -0.00403423
internal_weight=23.5556 14.9066 10.2719 8.64905 4.6347
internal_count=6457 2095 653 4362 1442
is_linear=0
shrinkage=0.025


Tree=105
num_leaves=7
num_cat=0
split_feature=21 22 5 7 3 13
split_gain=7.33128 2.71396 1.11068 0.871902 0.299904 0.0838019
threshold=0.96427011489868175 0.74892738461494457 4.0155036449432382 5.0630395412445077 1.1124424934387209 3.0488374233245854
decision_type=2 2 2 2 2 2
left_child=1 3 4 -1 -2 -3
right_child=2 5 -4 -5 -6 -7
leaf_value=-0.016550854722121321 0 0 -0.0024808621689761511 0.00050423566281999096 0.015659169494165747 0.0058841738369347094
leaf_weight=10.667262014423615 0.24601605322095288 0.40069678606232573 0.51044557680143121 1.0102746461634513 8.0632975054322724 1.9581124923133755
leaf_count=5622 54 70 95 242 287 70
internal_value=-0.000712704 -0.0108491 0.0130556 -0.0149918 0.015053 0.00506169
internal_weight=22.8561 14.0363 8.81976 11.6775 8.30931 2.35881
internal_count=6440 6004 436 5864 341 140
is_linear=0
shrinkage=0.025


Tree=106
num_leaves=7
num_cat=0
split_feature=27 6 22 18 24 15
split_gain=6.38732 3.16183 1.61232 0.513742 0.470004 0.185049
threshold=0.17005534470081332 4.1054792404174814 0.74892738461494457 0.35048253834247595 0.19004444777965548 1.2584255933761599
decision_type=2 2 2 2 2 2
left_child=1 4 3 -2 -1 -3
right_child=2 5 -4 -5 -6 -7
leaf_value=0.015813846588821245 -0.016703388413963096 -0.0077860096057088954 0.0027797249275469263 0 0 0.00011208283410902144
leaf_weight=9.457184190992848 7.9902390067582001 1.998053346134838 1.504523571289609 1.00582197055337 0.57930815214058462 0.35424215914099466
leaf_count=397 4162 944 158 312 413 42
internal_value=-0.000531967 0.0097534 -0.0123019 -0.0153627 0.0148629 -0.00647917
internal_weight=22.8894 12.3888 10.5006 8.99606 10.0365 2.3523
internal_count=6428 1796 4632 4474 810 986
is_linear=0
shrinkage=0.025


Tree=107
num_leaves=6
num_cat=0
split_feature=21 26 13 22 24
split_gain=7.34918 2.99455 1.89503 0.534687 0.179234
threshold=0.17968884855508807 -0.88267394900321949 2.2132625579833989 0.78722152113914501 -5.9030199050903311
decision_type=2 2 2 2 2
left_child=4 2 -2 -3 -1
right_child=1 3 -4 -5 -6
leaf_value=0 -0.0041244499654100233 -0.0091608300905885627 0.015970433129113844 0.0018282402630244684 -0.016404867052940846
leaf_weight=0.18883974378695789 0.89657526765949924 2.3227759017609055 10.752698411277377 0.97279557443107467 7.5688985944580072
leaf_count=12 254 1144 740 104 4164
internal_value=-0.0011974 0.00826501 0.0132743 -0.00601682 -0.0160111
internal_weight=22.7026 14.9448 11.6493 3.29557 7.75774
internal_count=6418 2242 994 1248 4176
is_linear=0
shrinkage=0.025


Tree=108
num_leaves=7
num_cat=0
split_feature=21 19 5 2 12 13
split_gain=6.74451 2.22148 1.66619 0.828693 0.450645 0.175012
threshold=0.48507140576839453 0.64071357250213634 4.0155036449432382 1.5768821239471438 7.2460210323333749 2.9750292301177983
decision_type=2 2 2 2 2 2
left_child=1 4 3 -2 -1 -3
right_child=2 5 -4 -5 -6 -7
leaf_value=-0.017633293406306223 -0.0018387935229759252 -0.00088756267329178772 -0.004425640655520471 0.014154462458983635 0 0.0054450778312705207
leaf_weight=8.6083039504301269 0.36372513079550017 0.32246132096042757 1.2340959500870656 10.111710669210877 0.2692493751819719 1.4636677822272757
leaf_count=5042 127 113 250 814 14 58
internal_value=-0.00122203 -0.0130012 0.0098115 0.0127806 -0.0168702 0.00356922
internal_weight=22.3732 10.6637 11.7095 10.4754 8.87755 1.78613
internal_count=6418 5227 1191 941 5056 171
is_linear=0
shrinkage=0.025


Tree=109
num_leaves=7
num_cat=0
split_feature=22 6 27 27 19 26
split_gain=6.18534 2.38897 2.18595 0.664594 0.0806769 0.0438967
threshold=0.036992715671658523 4.1054792404174814 0.17005534470081332 0.73299241065979015 0.34387528896331793 -0.35186640918254847
decision_type=2 2 2 2 2 2
left_child=3 2 -2 4 -1 -5
right_child=1 -3 -4 5 -6 -7
leaf_value=-0.015569552325560322 0.016467690884757052 -0.0067748997259638611 -0.0014470328681061488 0.0024326443931518803 0 -0.00033446213933535076
leaf_weight=6.7888055550283779 9.7824118066346255 1.5690832590335038 4.0775848405464776 0.20116711535956711 0.50939988731988695 0.27121562359388907
leaf_count=4399 336 449 1045 12 168 56
internal_value=0 0.0084826 0.0118795 -0.013697 -0.0151086 0.000847815
internal_weight=23.1997 15.4291 13.86 7.77059 7.29821 0.472383
internal_count=6465 1830 1381 4635 4567 68
is_linear=0
shrinkage=0.025


Tree=110
num_leaves=7
num_cat=0
split_feature=22 6 26 17 7 24
split_gain=6.37862 2.70421 1.89009 0.690933 0.103122 0.0867238
threshold=0.036992715671658523 3.1897164583206181 -0.79614809155464161 1.0059086084365847 1.9924429059028628 0.46378172934055334
decision_type=2 2 2 2 2 2
left_child=3 2 -2 -1 -3 -5
right_child=1 4 -4 5 -6 -7
leaf_value=-0.015590008715713375 0.015897265770289253 -0.0071817935611123629 -0.0029362822477120706 0.0026659977710919019 0 -0.0015920734207217461
leaf_weight=7.0411899820464914 10.907670360524206 1.7621917801734519 1.8162360954593157 0.6957832198240792 0.80501008668215934 0.41873163337004371
leaf_count=4544 465 554 580 15 210 116
internal_value=-3.25313e-05 0.00857464 0.0127863 -0.0137708 -0.00612976 5.036e-05
internal_weight=23.4468 15.2911 12.7239 8.1557 2.5672 1.11451
internal_count=6484 1809 1045 4675 764 131
is_linear=0
shrinkage=0.025


Tree=111
num_leaves=7
num_cat=0
split_feature=24 13 26 6 25 24
split_gain=6.56125 1.06705 0.994267 0.922895 0.703256 0.0459385
threshold=-1.7583426833152769 4.2794315814971933 -0.88267394900321949 3.1897164583206181 0.32468231022357946 -1.8292378783226011
decision_type=2 2 2 2 2 2
left_child=3 -2 -3 4 -1 -5
right_child=1 2 -4 5 -6 -7
leaf_value=0.014983565855949919 -0.015489858590164782 0.0060754288280253444 -0.0067053228076104938 -0.002602996098856167 -0.00069379881109842977 0.00013370223279633305
leaf_weight=8.1677415871818084 6.743712053721536 2.2635563743242528 2.8707507168146549 1.0340126813971435 0.72344516239536538 0.22018605616176401
leaf_count=277 3834 265 1527 328 197 13
internal_value=-0.000452752 -0.0112901 -0.000236494 0.0113612 0.0134674 -0.00140043
internal_weight=22.0234 11.878 5.13431 10.1454 8.89119 1.2542
internal_count=6441 5626 1792 815 474 341
is_linear=0
shrinkage=0.025


Tree=112
num_leaves=7
num_cat=0
split_feature=21 13 26 24 5 21
split_gain=5.24983 2.09144 1.26045 0.907498 0.697717 0.238234
threshold=0.22058650106191638 3.1696397066116337 -0.8810753822326659 -4.7665493488311759 -0.18124487996101377 1.8658464550971987
decision_type=2 2 2 2 2 2
left_child=3 5 -3 -1 -5 -2
right_child=1 2 -4 4 -6 -7
leaf_value=0.0016502964424081207 -0.0069768219820495348 0.015196238346188041 -0.00059119959073680121 0.00076966324364238965 -0.015917944311544634 0.00072747736596503836
leaf_weight=0.71297097724163894 1.8716783190611743 8.4558948402554943 2.6972915611986528 0.49731155627523538 7.100107284291882 0.62567556020803738
leaf_count=35 789 408 860 101 4260 26
internal_value=-0.000384676 0.00803346 0.0119901 -0.0125052 -0.0144575 -0.00501509
internal_weight=21.9609 13.6505 11.1532 8.31039 7.59742 2.49735
internal_count=6479 2083 1268 4396 4361 815
is_linear=0
shrinkage=0.025


Tree=113
num_leaves=7
num_cat=0
split_feature=21 13 3 27 22 21
split_gain=5.72899 2.10816 1.16236 0.604405 0.659839 0.214627
threshold=0.23580289632081988 3.0488374233245854 1.1124424934387209 0.73299241065979015 0.98888972401618969 1.8658464550971987
decision_type=2 2 2 2 2 2
left_child=3 5 -3 4 -1 -2
right_child=1 2 -4 -5 -6 -7
leaf_value=-0.01581778931374913 -0.0070454678628451319 -0.002440140418096164 0.014155555612707128 0.00072561621585922643 0.00065235476494138157 0.00046474201774903502
leaf_weight=7.0461055738560407 1.5428980138385662 0.86789035990659513 10.817687864575417 0.49605101096676651 0.494848099478986 0.67393027036450792
leaf_count=4330 692 283 988 71 22 31
internal_value=-0.000161151 0.00845812 0.0121866 -0.0130759 -0.0144094 -0.00515612
internal_weight=21.9394 13.9024 11.6856 8.037 7.54095 2.21683
internal_count=6417 1994 1271 4423 4352 723
is_linear=0
shrinkage=0.025


Tree=114
num_leaves=7
num_cat=0
split_feature=22 6 27 19 21 5
split_gain=5.30227 1.27602 0.856417 0.761917 0.75695 0.0406654
threshold=0.2278019115328789 4.1054792404174814 0.31324043869972235 0.56599965691566478 0.98258668184280407 3.4505153894424443
decision_type=2 2 2 2 2 2
left_child=3 2 -2 4 -1 -5
right_child=1 -3 -4 5 -6 -7
leaf_value=-0.014764769745900533 0.013813981785597888 -0.0038753597314411569 -0.00096548935151208402 0.0026002417324130713 0.00024757093577250648 0
leaf_weight=8.3325915810855786 8.6240646028600114 0.88937696762150231 1.312744831666351 0.57598951068939719 1.3493530412088155 0.1776774618338095
leaf_count=5226 426 256 320 5 133 77
internal_value=-0.000812556 0.00927477 0.0117734 -0.0112968 -0.012875 0.00146121
internal_weight=21.2618 10.8262 9.93681 10.4356 9.68194 0.753667
internal_count=6443 1002 746 5441 5359 82
is_linear=0
shrinkage=0.025


Tree=115
num_leaves=7
num_cat=0
split_feature=21 19 6 12 27 25
split_gain=5.69042 2.63135 1.08471 0.879963 0.7209 0.226348
threshold=0.93252128362655651 0.19825292378664019 3.3576247692108159 2.8698732852935795 0.73299241065979015 2.7557510137557988
decision_type=2 2 2 2 2 2
left_child=1 4 -3 -2 -1 -5
right_child=3 2 -4 5 -6 -7
leaf_value=-0.017028656414293731 -0.0016897951978688212 0.0080300960324510545 -0.0056331558052859707 0.014627469895655871 0.00059884896534355186 0
leaf_weight=7.6942871368082724 0.73947456770110687 3.5660019976057802 1.2974591987003803 7.0198994888050947 0.51243988040368993 0.6018296521360752
leaf_count=4999 103 330 528 232 82 115
internal_value=-0.000297358 -0.00959062 0.00274359 0.0119147 -0.0156447 0.0138763
internal_weight=21.4314 13.0702 4.86346 8.3612 8.20673 7.62173
internal_count=6389 5939 858 450 5081 347
is_linear=0
shrinkage=0.025


Tree=116
num_leaves=7
num_cat=0
split_feature=21 19 13 13 27 27
split_gain=5.27243 3.11185 1.06829 0.960658 0.696252 0.135882
threshold=0.98258668184280407 0.19825292378664019 2.9750292301177983 2.2132625579833989 0.73299241065979015 0.30262121558189398
decision_type=2 2 2 2 2 2
left_child=1 4 -3 -2 -1 -5
right_child=3 2 -4 5 -6 -7
leaf_value=-0.016832957461020912 -0.0022532853341823639 -0.0051309199843322731 0.0084473299854679659 0.014592983649627207 0.00053456391795955391 0
leaf_weight=7.7746976909256791 0.51389906261465323 1.213385375071083 4.1123977039096644 7.0460538958432153 0.52285237505566318 0.62457645556423802
leaf_count=5118 98 445 442 183 80 121
internal_value=0 -0.00863103 0.00376195 0.0120295 -0.0154791 0.0139913
internal_weight=21.8079 13.6233 5.32578 8.18453 8.29755 7.67063
internal_count=6487 6085 887 402 5198 304
is_linear=0
shrinkage=0.025


Tree=117
num_leaves=7
num_cat=0
split_feature=22 17 5 26 4 23
split_gain=4.61034 3.91157 1.42555 0.69364 0.244377 0.224492
threshold=0.74892738461494457 0.52343070507049572 3.6543366909027104 -0.38771194219589228 4.940324306488038 -5.7405617237091056
decision_type=2 2 2 2 2 2
left_child=1 3 -3 -1 5 -2
right_child=4 2 -4 -5 -6 -7
leaf_value=-0.017389429578681587 0 0.0098001891810598814 -0.0058398137052640877 0.00037045818510285361 0 0.013230259815707541
leaf_weight=7.9854718639835482 0.27276214060839254 4.679232030248385 1.2202441453264325 0.55431542007136325 0.4475653591507579 5.7756090068432959
leaf_count=5163 81 530 389 98 55 155
internal_value=-0.000670458 -0.00817773 0.00479686 -0.0160639 0.011772 0.0125706
internal_weight=20.9352 14.4393 5.89948 8.53979 6.49594 6.04837
internal_count=6471 6180 919 5261 291 236
is_linear=0
shrinkage=0.025


Tree=118
num_leaves=7
num_cat=0
split_feature=24 17 11 27 27 25
split_gain=4.59849 1.97275 0.905936 0.673342 0.636761 0.605412
threshold=-1.701981723308563 0.57245939970016491 2.222367644309998 0.12788855284452441 0.73299241065979015 0.43002949655056005
decision_type=2 2 2 2 2 2
left_child=2 4 -1 -3 -2 -4
right_child=1 3 5 -5 -6 -7
leaf_value=-0.0025962493416670906 -0.016082113925945347 0.0068585407633577518 0.013256059670099227 -0.0041364017272986107 0.00045181604432943797 -0.00072115584313097174
leaf_weight=0.6759415029227992 7.10477354787872 2.598017041018466 7.7588184790511132 1.2927758122823432 0.53866312824538898 0.74090554912982032
leaf_count=163 4825 193 451 480 83 214
internal_value=-0.00061574 -0.00966698 0.00971774 0.00223061 -0.0147047 0.0117589
internal_weight=20.7099 11.5342 9.17567 3.89079 7.64344 8.49972
internal_count=6409 5581 828 673 4908 665
is_linear=0
shrinkage=0.025


Tree=119
num_leaves=7
num_cat=0
split_feature=21 6 26 5 15 19
split_gain=4.31736 1.9324 1.41337 0.602321 0.384769 0.12815
threshold=0.17968884855508807 3.3576247692108159 -0.8810753822326659 -0.18124487996101377 2.9411590099334721 0.77216526865959179
decision_type=2 2 2 2 2 2
left_child=3 2 -2 -1 -5 -3
right_child=1 5 -4 4 -6 -7
leaf_value=0.0009581445753302566 0.01461444919569773 -0.0063677741104573044 -0.001135439937167192 -0.014487102967254221 0.00010269921934325348 0
leaf_weight=0.46352532536548174 8.132957469642859 2.0556447077979096 3.0080799150018711 6.3540760206960858 0.25312438499531698 0.33916211326140899
leaf_count=94 354 903 992 4095 15 16
internal_value=-0.000338006 0.00708401 0.0109403 -0.0121131 -0.0135862 -0.00527804
internal_weight=20.6066 13.5358 11.141 7.07073 6.6072 2.39481
internal_count=6469 2265 1346 4204 4110 919
is_linear=0
shrinkage=0.025


Tree=120
num_leaves=7
num_cat=0
split_feature=18 13 26 26 13 24
split_gain=5.45293 1.12099 0.851 0.768318 0.426686 0.257386
threshold=0.15345969051122668 2.2132625579833989 -1.0006488561630247 -0.89373555779457081 4.4554131031036386 -4.7665493488311759
decision_type=2 2 2 2 2 2
left_child=2 -2 4 -3 -1 -4
right_child=1 3 5 -5 -6 -7
leaf_value=-0.0044777368495907202 -0.0035453114146764687 0.013747467093835395 0 0 0.0047761363493951528 -0.015524805397818095
leaf_weight=1.0793905127065957 0.81513533367251412 7.4333916374889659 0.15462925142492157 2.1861241481092284 1.3470833497121928 7.0691545103036351
leaf_count=589 252 460 11 608 39 4485
internal_value=-0.00141426 0.00897075 -0.0122992 0.0113086 0 -0.0149937
internal_weight=20.0849 10.4347 9.65026 9.61952 2.42647 7.22378
internal_count=6444 1320 5124 1068 628 4496
is_linear=0
shrinkage=0.025


Tree=121
num_leaves=7
num_cat=0
split_feature=26 22 6 27 21 17
split_gain=5.04597 2.3089 2.07913 0.608184 0.386901 0.0859702
threshold=-0.99824875593185414 0.78722152113914501 4.6525022983551034 0.73299241065979015 0.040966661646962173 0.67299765348434459
decision_type=2 2 2 2 2 2
left_child=2 3 4 -2 -1 -3
right_child=1 5 -4 -5 -6 -7
leaf_value=0 -0.015145316328067083 0.0057458266918423246 -0.005009577668146914 0.00053973779415928053 0.015397858954380624 0
leaf_weight=0.38451450910361185 8.6161030505754717 1.8896510678023326 1.2389463658473676 0.52173308085184622 7.9189045472885482 0.32615232985699538
leaf_count=192 5214 77 495 85 293 87
internal_value=0 -0.00949843 0.0107428 -0.0139335 0.0145624 0.00490672
internal_weight=20.896 11.3536 9.54237 9.13784 8.30342 2.2158
internal_count=6443 5463 980 5299 485 164
is_linear=0
shrinkage=0.025


Tree=122
num_leaves=7
num_cat=0
split_feature=18 26 13 17 27 13
split_gain=4.82563 1.39314 0.935565 0.730293 0.632289 0.432379
threshold=0.15345969051122668 -0.89373555779457081 2.2132625579833989 0.72751823067665111 0.73299241065979015 4.1047751903533944
decision_type=2 2 2 2 2 2
left_child=3 2 -2 4 -1 -5
right_child=1 -3 -4 5 -6 -7
leaf_value=-0.014735767227685269 -0.0020831305275261472 -0.0028839790608736668 0.014126291997609364 -0.0044256177554971646 0.00078658801910728516 0.0049340246677426931
leaf_weight=7.0016416192520428 0.52686017547966812 2.1833301428268888 8.2110172801039862 0.89007149633835103 0.48622924610390317 1.3617261753533965
leaf_count=4714 180 677 513 308 78 61
internal_value=-0.000499724 0.0089122 0.0122915 -0.0109206 -0.013316 0
internal_weight=20.6609 10.9212 8.73788 9.73967 7.48787 2.2518
internal_count=6531 1370 693 5161 4792 369
is_linear=0
shrinkage=0.025


Tree=123
num_leaves=7
num_cat=0
split_feature=27 6 19 27 22 15
split_gain=3.84664 2.46252 0.917799 0.530659 0.508249 0.179557
threshold=0.17005534470081332 3.9463615417480473 0.54205480217933666 0.73299241065979015 -0.099203940480947481 1.2584255933761599
decision_type=2 2 2 2 2 2
left_child=1 4 3 -2 -1 -3
right_child=2 5 -4 -5 -6 -7
leaf_value=-0.00059592562117128062 -0.013551484284033515 -0.0073557380964604071 0.0019009386341697664 0.00061765729674054509 0.014199052686753755 0.00019900478553004568
leaf_weight=0.31239025799732179 7.5289617896778491 1.8684591291530517 1.2080453370726889 0.48188566201133642 7.8254210107552371 0.3242686277226311
leaf_count=342 4370 1014 140 89 361 48
internal_value=-0.000514023 0.0080382 -0.00999367 -0.012309 0.0131447 -0.00600788
internal_weight=19.5494 10.3305 9.21889 8.01085 8.13781 2.19273
internal_count=6364 1765 4599 4459 703 1062
is_linear=0
shrinkage=0.025


Tree=124
num_leaves=7
num_cat=0
split_feature=21 13 26 24 27 15
split_gain=3.90524 1.98921 1.16406 0.589798 0.680468 0.0984227
threshold=0.17968884855508807 2.9750292301177983 -0.8810753822326659 -4.7665493488311759 0.73299241065979015 1.2584255933761599
decision_type=2 2 2 2 2 2
left_child=3 5 -3 -1 -5 -2
right_child=1 2 -4 4 -6 -7
leaf_value=0.00096225545203943547 -0.0065017456896671807 0.014237918616050064 -0.00054107867074092446 -0.014454128785634644 0.0011435813319933214 0
leaf_weight=0.5820925041043673 1.8050315838336239 8.1741700308339187 2.9350390307808985 5.9806537882250286 0.42349966283654783 0.40354487641889125
leaf_count=36 706 474 1012 4136 63 50
internal_value=0 0.00711893 0.0109893 -0.0112331 -0.0128255 -0.00560114
internal_weight=20.304 13.3178 11.1092 6.98625 6.40415 2.20858
internal_count=6477 2242 1486 4235 4199 756
is_linear=0
shrinkage=0.025


Tree=125
num_leaves=7
num_cat=0
split_feature=26 6 24 26 0 11
split_gain=3.66697 3.36781 1.33852 0.552059 0.134068 0.0439053
threshold=-0.94134211540222157 3.3576247692108159 -3.6407675743103023 -0.38771194219589228 3.5861003398895268 2.9080908298492436
decision_type=2 2 2 2 2 2
left_child=1 -1 5 -4 -3 -2
right_child=2 4 3 -5 -6 -7
leaf_value=0.014533072489271446 0 0 -0.013605293565601318 0.00067323527921372874 -0.0083913947407375476 0.0038504148512775076
leaf_weight=8.0394178442365973 0.16555280485772428 0.29121332848444526 7.6385631321900282 0.50318555213743721 2.0749398707266664 1.4351211394678101
leaf_count=427 29 111 4490 96 1184 124
internal_value=-1.24254e-05 0.00830891 -0.00912781 -0.0123269 -0.00750042 0.00320883
internal_weight=20.148 10.4056 9.74242 8.14175 2.36615 1.60067
internal_count=6461 1722 4739 4586 1295 153
is_linear=0
shrinkage=0.025


Tree=126
num_leaves=7
num_cat=0
split_feature=21 19 5 13 13 23
split_gain=4.35123 2.83936 0.889753 0.650923 0.387952 0.16919
threshold=0.93252128362655651 0.49911202490329748 4.0155036449432382 5.444207191467286 2.9750292301177983 -6.3330190181732169
decision_type=2 2 2 2 2 2
left_child=1 3 5 -1 -3 -2
right_child=2 4 -4 -5 -6 -7
leaf_value=-0.01498219951835387 0 -0.0015164683074815354 -0.0018863026559352775 0 0.0082794882796779767 0.014112811399159757
leaf_weight=7.9457049037591805 0.55134392497711804 0.43966440837539211 0.72348343627527345 1.5374123001383848 2.7313491040549707 6.7434816219028999
leaf_count=5195 121 168 105 516 127 248
internal_value=0.000308536 -0.00761775 0.011419 -0.0131358 0.00605953 0.0134774
internal_weight=20.6724 12.6541 8.01831 9.48312 3.17101 7.29483
internal_count=6480 6006 474 5711 295 369
is_linear=0
shrinkage=0.025


Tree=127
num_leaves=7
num_cat=0
split_feature=27 5 24 27 22 24
split_gain=5.12665 2.47562 0.682973 0.576612 0.65143 0.120058
threshold=0.16831453144550326 4.037076711654664 0.088698435574769988 0.73299241065979015 0.78722152113914501 -5.9030199050903311
decision_type=2 2 2 2 2 2
left_child=1 2 -1 4 -2 -3
right_child=3 5 -4 -5 -6 -7
leaf_value=0.014765080202763762 -0.015384603133841351 0 -0.0010589923328093605 0.00077195037680712129 0.00029655953886512066 -0.0069219623271023177
leaf_weight=8.2604163071227958 6.9081100860348652 0.30281610722886343 0.41689044500526584 0.4786968673870432 0.82226111227646459 1.7477360472257712
leaf_count=380 4476 15 465 91 122 944
internal_value=-0.000951642 0.00862903 0.0134387 -0.0124722 -0.0137643 -0.00593407
internal_weight=18.9369 10.7279 8.67731 8.20907 7.73037 2.05055
internal_count=6493 1804 845 4689 4598 959
is_linear=0
shrinkage=0.025


Tree=128
num_leaves=7
num_cat=0
split_feature=22 17 7 5 11 23
split_gain=3.94925 3.57578 0.948649 0.778839 0.29031 0.157354
threshold=0.71719717979431163 0.66221347451210033 5.0630395412445077 4.0155036449432382 2.222367644309998 -4.8643739223480216
decision_type=2 2 2 2 2 2
left_child=1 2 -1 -3 -2 -6
right_child=4 3 -4 -5 5 -7
leaf_value=-0.016526349958591816 0 0.0093115508603495763 0.00099083331626384388 -0.0032881462543950593 0 0.013072076271067419
leaf_weight=7.4408514882525214 0.46004793397150834 3.9415367199544553 0.88346053316490714 0.72301095444709051 0.36763030184374645 5.6615740150009515
leaf_count=5257 72 355 240 222 100 153
internal_value=0 -0.0071756 -0.014524 0.00602113 0.0115852 0.0125007
internal_weight=19.4781 12.9889 8.32431 4.66455 6.48925 6.0292
internal_count=6399 6074 5497 577 325 253
is_linear=0
shrinkage=0.025


Tree=129
num_leaves=6
num_cat=0
split_feature=21 19 7 13 6
split_gain=3.65376 2.04898 0.802328 0.633333 0.569507
threshold=1.0182929039001467 0.34387528896331793 5.0630395412445077 2.270145177841187 3.3576247692108159
decision_type=2 2 2 2 2
left_child=1 2 -1 -2 -3
right_child=3 4 -4 -5 -6
leaf_value=-0.014895169678901253 -0.0016365638678880632 0.0072233830677003869 0.00088237636119455228 0.011842760283487941 -0.0032883952280279719
leaf_weight=7.7660938660701522 0.42112900011124921 2.7579502285079793 0.90581187308998767 5.8357572033564793 0.7721733502257847
leaf_count=5356 88 199 244 270 329
internal_value=-0.000945537 -0.00823359 -0.01307 0.0100564 0.00361161
internal_weight=18.4589 12.202 8.67191 6.25689 3.53012
internal_count=6486 6128 5600 358 528
is_linear=0
shrinkage=0.025


Tree=130
num_leaves=7
num_cat=0
split_feature=21 22 13 7 13 16
split_gain=4.4047 2.28471 0.872121 0.799345 0.0202245 0.0122224
threshold=0.93252128362655651 0.78722152113914501 2.2132625579833989 5.0630395412445077 3.1053122282028203 0.87812802195549022
decision_type=2 2 2 2 2 2
left_child=1 3 -2 -1 -3 -4
right_child=2 4 5 -5 -6 -7
leaf_value=-0.014700158869800745 -0.0021604620989501833 0 0.013492439024662628 0.0009152266546521567 0.005684384743582108 0
leaf_weight=8.6054451233503642 0.52078870634431851 0.3903336936491536 6.282376374307205 0.90170406065590292 1.8438674478529717 0.46817528920655593
leaf_count=5644 101 56 218 250 60 104
internal_value=-5.29231e-06 -0.00855747 0.011155 -0.0129833 0.00536856 0.0131963
internal_weight=19.0127 11.7414 7.27134 9.50715 2.2342 6.75055
internal_count=6433 6010 423 5894 116 322
is_linear=0
shrinkage=0.025


Tree=131
num_leaves=7
num_cat=0
split_feature=22 6 26 5 15 0
split_gain=3.79765 1.91908 1.46338 0.54328 0.32708 0.100539
threshold=0.036992715671658523 3.1897164583206181 -0.79410851001739491 -0.18124487996101377 1.2584255933761599 3.5861003398895268
decision_type=2 2 2 2 2 2
left_child=3 2 -2 -1 -5 -3
right_child=1 5 -4 4 -6 -7
leaf_value=0.0010439834653073565 0.014275499177007298 0 -0.0025441457491712782 -0.013199045586072544 0 -0.0059921969433409704
leaf_weight=0.4509821682149785 9.3341263797628908 0.24086071999045033 1.7040613288409066 5.7554944982111937 0.38500633096555237 2.0256307628296781
leaf_count=87 480 28 574 4486 84 725
internal_value=0.00029276 0.00753741 0.0113056 -0.0107347 -0.0122411 -0.00510575
internal_weight=19.8962 13.3047 11.0382 6.59148 6.1405 2.26649
internal_count=6464 1807 1054 4657 4570 753
is_linear=0
shrinkage=0.025


Tree=132
num_leaves=7
num_cat=0
split_feature=26 6 19 26 22 21
split_gain=3.46361 2.34365 0.87699 0.494585 0.369488 0.195728
threshold=-0.9308314025402068 4.1054792404174814 0.54205480217933666 -0.38771194219589228 -0.099203940480947481 1.8658464550971987
decision_type=2 2 2 2 2 2
left_child=1 4 3 -2 -1 -3
right_child=2 5 -4 -5 -6 -7
leaf_value=0 -0.012957372163152223 -0.0072598133346554895 0.0019827112657861165 0.00058078140290971009 0.013828871348163373 0.00041027530449178957
leaf_weight=0.53003536164760578 6.8154690563242184 1.8733910563605598 1.2471164377493549 0.49436459582648051 7.8987746042985254 0.27342289389343921
leaf_count=400 4336 1023 148 97 449 8
internal_value=0 0.00805995 -0.00922185 -0.0116701 0.0129032 -0.00580482
internal_weight=19.1326 10.5756 8.55695 7.30983 8.42881 2.14681
internal_count=6461 1880 4581 4433 849 1031
is_linear=0
shrinkage=0.025


Tree=133
num_leaves=7
num_cat=0
split_feature=27 6 22 21 27 21
split_gain=3.5361 2.04554 0.767154 0.564318 0.5376 0.177477
threshold=0.17005534470081332 4.1054792404174814 0.74892738461494457 0.0067647821269929418 0.73299241065979015 1.8658464550971987
decision_type=2 2 2 2 2 2
left_child=1 3 4 -1 -2 -3
right_child=2 5 -4 -5 -6 -7
leaf_value=-0.00090270786209241817 -0.013292740210450731 -0.006765326184610585 0.0014529937729354401 0.013670436693462558 0.0007019496893806126 0.00038850192137687711
leaf_weight=0.34678302599059119 6.7963257686787966 1.7312172385136366 1.1682288724696261 7.6102860406244872 0.4936068238748702 0.27431420382345084
leaf_count=320 4430 970 146 470 91 7
internal_value=-0.000316605 0.00787442 -0.00977005 0.0124497 -0.0119365 -0.00531577
internal_weight=18.4208 9.9626 8.45816 7.95707 7.28993 2.00553
internal_count=6434 1767 4667 790 4521 977
is_linear=0
shrinkage=0.025


Tree=134
num_leaves=7
num_cat=0
split_feature=21 19 13 26 13 23
split_gain=4.67371 1.5382 0.830618 0.711662 0.584201 0.0981068
threshold=0.93252128362655651 0.19825292378664019 2.2132625579833989 -0.38771194219589228 2.9750292301177983 -6.3330190181732169
decision_type=2 2 2 2 2 2
left_child=1 3 -2 -1 -3 -4
right_child=2 4 5 -5 -6 -7
leaf_value=-0.015518928218763862 -0.0020320441577959085 -0.0044967751497366117 0 0.0009777377648508567 0.0056597439857396722 0.013598429868024637
leaf_weight=6.2430193077452723 0.50026884899125335 1.0808430926263097 0.58286185454926442 0.45581225030764549 3.0492222949542338 6.6611336341738934
leaf_count=5001 102 454 109 84 437 242
internal_value=0 -0.00914043 0.0111999 -0.0139241 0.00131022 0.0130808
internal_weight=18.5732 10.8289 7.74426 6.69883 4.13007 7.244
internal_count=6429 5976 453 5085 891 351
is_linear=0
shrinkage=0.025


Tree=135
num_leaves=7
num_cat=0
split_feature=21 26 5 5 22 16
split_gain=3.57671 1.771 1.1605 0.608516 0.495868 0.143715
threshold=0.17968884855508807 -0.88267394900321949 4.0155036449432382 -0.18124487996101377 0.78722152113914501 1.3924899101257326
decision_type=2 2 2 2 2 2
left_child=3 2 -2 -1 -3 -5
right_child=1 4 -4 5 -6 -7
leaf_value=0.0011264499429208842 0.013707394617570071 -0.0078112994532431278 -0.0023474156538603602 -0.01368009794528581 0.0022754349823060275 0
leaf_weight=0.43737012446217782 7.9260944199340866 1.9980606418394011 1.1644436915375989 5.2619670997519297 1.0675200885161755 0.21261907528969448
leaf_count=100 647 1142 359 3994 111 68
internal_value=-0.000184034 0.0067384 0.0111041 -0.0115561 -0.00429079 -0.0132201
internal_weight=18.0681 12.1561 9.09054 5.91196 3.06558 5.47459
internal_count=6421 2259 1006 4162 1253 4062
is_linear=0
shrinkage=0.025


Tree=136
num_leaves=7
num_cat=0
split_feature=26 6 24 26 22 18
split_gain=3.43387 2.12314 0.770797 0.540816 0.276258 0.185233
threshold=-0.9308314025402068 3.3576247692108159 -4.0009253025054923 -0.38771194219589228 0.036992715671658523 0.54179316759109508
decision_type=2 2 2 2 2 2
left_child=1 4 -2 -4 -1 -3
right_child=2 5 3 -5 -6 -7
leaf_value=0 0.0015614027181720491 -0.0063954362520297131 -0.013166412228288391 0.00076113246015319146 0.013692875667896058 0.00035736035414446205
leaf_weight=0.47399534557189493 1.1442708949762161 1.9635300170048142 6.5850057451389148 0.48279605632705891 7.1032582459156401 0.76517285592854012
leaf_count=278 138 1252 4413 99 223 139
internal_value=-4.35752e-06 0.00783444 -0.00955688 -0.0117759 0.0129113 -0.00468702
internal_weight=18.518 10.306 8.21207 7.0678 7.57725 2.7287
internal_count=6542 1892 4650 4512 501 1391
is_linear=0
shrinkage=0.025


Tree=137
num_leaves=7
num_cat=0
split_feature=27 5 18 22 27 6
split_gain=3.57994 2.05332 0.694132 0.652406 0.535932 0.145242
threshold=0.17005534470081332 4.037076711654664 0.45406088232994085 -0.099203940480947481 0.73299241065979015 3.9463615417480473
decision_type=2 2 2 2 2 2
left_child=1 3 4 -1 -2 -3
right_child=2 5 -4 -5 -6 -7
leaf_value=-0.0011316958886126978 -0.013517280282953925 8.5236775198928346e-05 0.00080436787692781525 0.01397149633514682 0.00064211410964890318 -0.0065431397937647491
leaf_weight=0.41142149746883649 6.1211683536166657 0.33428449646453273 1.4963987092050954 7.5919503618788458 0.50265747669618566 1.6545590299283501
leaf_count=455 4334 56 297 396 93 904
internal_value=-0.000101757 0.00803532 -0.00983742 0.0125778 -0.0120911 -0.00527083
internal_weight=18.1124 9.99222 8.12022 8.00337 6.62383 1.98884
internal_count=6535 1811 4724 851 4427 960
is_linear=0
shrinkage=0.025


Tree=138
num_leaves=7
num_cat=0
split_feature=21 22 5 17 27 4
split_gain=3.84401 1.46796 0.871331 0.795401 0.121596 0.0489081
threshold=0.96427011489868175 0.78722152113914501 4.0764338970184335 0.55268770456314098 0.30262121558189398 4.4027674198150644
decision_type=2 2 2 2 2 2
left_child=1 3 4 -1 -2 -3
right_child=2 5 -4 -5 -6 -7
leaf_value=-0.014484785432552983 0.012969206891813268 0.0043513726302469103 -0.0024724850072858503 0 0 0
leaf_weight=7.1770050000050123 5.5232444975990793 1.3973177518782893 0.52356671294546675 1.9992167358577715 0.62454865808831517 0.32255432449164789
leaf_count=5325 189 48 89 619 136 62
internal_value=-0.000713907 -0.00879934 0.0100686 -0.0120479 0.0123272 0.00367107
internal_weight=17.5675 10.8961 6.67136 9.17622 6.14779 1.71987
internal_count=6468 6054 414 5944 325 110
is_linear=0
shrinkage=0.025


Tree=139
num_leaves=7
num_cat=0
split_feature=18 19 12 3 0 16
split_gain=3.68222 0.878834 0.731188 0.554104 0.322518 0.181134
threshold=0.15345969051122668 0.24896066635847094 2.7682261466979985 1.1124424934387209 3.8813464641571049 1.6844246387481692
decision_type=2 2 2 2 2 2
left_child=1 5 -2 -4 -3 -1
right_child=2 4 3 -5 -6 -7
leaf_value=-0.013867658498224312 -0.0023019255369272859 0.0044888781781785257 -0.0010870983164996077 0.011457093371375824 -0.0033990000535896411 0
leaf_weight=5.6730770740541647 0.87461848932434705 1.4651624872058167 0.6459942219516942 7.8533550246502273 1.2035530678695066 0.16422649224114128
leaf_count=4460 232 144 171 923 459 26
internal_value=-0.000685609 -0.0101464 0.00800763 0.00999117 0.000219783 -0.0133773
internal_weight=17.88 8.50602 9.37397 8.49935 2.66872 5.8373
internal_count=6415 5089 1326 1094 603 4486
is_linear=0
shrinkage=0.025


Tree=140
num_leaves=7
num_cat=0
split_feature=27 6 24 27 24 5
split_gain=3.39493 2.0577 0.796767 0.513763 0.344034 0.118191
threshold=0.17005534470081332 4.1054792404174814 -3.6407675743103023 0.73299241065979015 0.19004444777965548 4.0155036449432382
decision_type=2 2 2 2 2 2
left_child=1 4 -2 -4 -1 -3
right_child=2 5 3 -5 -6 -7
leaf_value=0.014075416811947978 0.0018225026719188237 0 -0.012250946952040272 0.00087145364869510166 0 -0.0060912997830896917
leaf_weight=7.9236415116320149 1.4688877469016004 0.3517260232983962 6.3635036893538182 0.47184703187667754 0.49487080745166157 1.5339638638106405
leaf_count=404 173 113 4353 92 407 844
internal_value=0.000875846 0.00895721 -0.00827974 -0.0108316 0.0132207 -0.00494779
internal_weight=18.6084 10.3042 8.30424 6.83535 8.41851 1.88569
internal_count=6386 1768 4618 4445 811 957
is_linear=0
shrinkage=0.025


Tree=141
num_leaves=6
num_cat=0
split_feature=21 6 26 22 21
split_gain=3.91338 1.28046 0.932163 0.906618 0.134495
threshold=0.30815713107585913 3.3576247692108159 -0.79614809155464161 0.87065240740776073 1.8658464550971987
decision_type=2 2 2 2 2
left_child=3 2 -2 -1 -3
right_child=1 4 -4 -5 -6
leaf_value=-0.014179111025907963 0.012885716026949502 -0.0051561776773751886 -0.0015075843935295321 0.0015742757391430313 0.00036749427796816194
leaf_weight=5.7522158805877579 7.7853064936352885 1.4894145857397227 1.4492465536750376 0.89530037634540338 0.60089002409949888
leaf_count=4725 478 685 534 53 27
internal_value=-0.000579099 0.00718982 0.0104517 -0.0117558 -0.00354742
internal_weight=17.9724 11.3249 9.23455 6.64752 2.0903
internal_count=6502 1724 1012 4778 712
is_linear=0
shrinkage=0.025


Tree=142
num_leaves=7
num_cat=0
split_feature=21 19 7 13 13 25
split_gain=2.99063 1.89027 0.881414 0.658126 0.602895 0.290156
threshold=0.93252128362655651 0.24896066635847094 5.0630395412445077 2.9750292301177983 2.2132625579833989 2.6213028430938725
decision_type=2 2 2 2 2 2
left_child=1 2 -1 -3 -2 -6
right_child=4 3 -4 -5 5 -7
leaf_value=-0.014935466657932529 -0.0016084327564472437 -0.0038729162561803917 0.0013339634371420219 0.0070964295239589401 0.012342257422503861 0
leaf_weight=5.9330780807504215 0.4375029381189951 0.93923561091651198 0.80826721315679595 3.2605151001625927 5.5207003135292325 0.46960388821025834
leaf_count=4960 96 390 238 339 236 109
internal_value=0 -0.00713092 -0.0127151 0.00319226 0.00962438 0.011372
internal_weight=17.3689 10.9411 6.74135 4.19975 6.42781 5.9903
internal_count=6368 5927 5198 729 441 345
is_linear=0
shrinkage=0.025


Tree=143
num_leaves=7
num_cat=0
split_feature=27 6 18 27 24 21
split_gain=3.52422 1.97703 0.585181 0.574575 0.281875 0.169134
threshold=0.16282909363508227 4.1054792404174814 0.54179316759109508 0.73299241065979015 0.19004444777965548 1.8658464550971987
decision_type=2 2 2 2 2 2
left_child=1 4 3 -2 -1 -3
right_child=2 5 -4 -5 -6 -7
leaf_value=0.013090150248536195 -0.013763473443663214 -0.0066770505757475507 0.00037510523282076953 0.00078545377624872489 0 0.00033409728530144571
leaf_weight=7.0517077388649358 6.0161734449575297 1.7033333388972094 1.3423587650031548 0.47935512097319577 0.46926380827790115 0.26738036423921574
leaf_count=380 4456 971 202 90 377 6
internal_value=-0.000689568 0.00764509 -0.0103162 -0.0122715 0.0122825 -0.00527187
internal_weight=17.3296 9.49169 7.83789 6.49553 7.52097 1.97071
internal_count=6482 1734 4748 4546 757 977
is_linear=0
shrinkage=0.025


Tree=144
num_leaves=7
num_cat=0
split_feature=21 19 7 13 13 25
split_gain=3.10041 1.67271 0.779321 0.630361 0.256971 0.163111
threshold=0.93252128362655651 0.49911202490329748 5.0630395412445077 2.2132625579833989 2.9750292301177983 2.6213028430938725
decision_type=2 2 2 2 2 2
left_child=1 2 -1 -2 -3 -5
right_child=3 4 -4 5 -6 -7
leaf_value=-0.013884012296831384 -0.0017414127175505352 -0.0014028340370054813 0.0011964525127586818 0.011994339321466055 0.0061408810500807147 0
leaf_weight=7.0111903030046978 0.46166153435478818 0.42356315081997342 0.82533506899198972 5.4985897191654658 2.0510462086822372 0.49918824588530686
leaf_count=5423 98 172 247 230 129 100
internal_value=-0.000133502 -0.00769718 -0.0119615 0.00948529 0.00393884 0.0113166
internal_weight=16.7706 10.3111 7.83653 6.45944 2.47461 5.99778
internal_count=6399 5971 5670 428 301 330
is_linear=0
shrinkage=0.025


Tree=145
num_leaves=7
num_cat=0
split_feature=26 6 22 12 2 21
split_gain=3.25693 1.65444 1.29173 0.718914 0.0717012 0.0429286
threshold=-0.99824875593185414 4.1054792404174814 0.74892738461494457 5.8975436687469491 4.168177843093873 0.17968884855508807
decision_type=2 2 2 2 2 2
left_child=1 5 3 -2 -4 -1
right_child=2 -3 4 -5 -6 -7
leaf_value=0 -0.01489129086523204 -0.0048631358263055372 0.0037717656805799334 0.00027891932510223921 -5.5302657141850538e-05 0.012847510050931427
leaf_weight=0.3377486218232687 6.0092152096040063 1.2199241383423212 1.5512269353494046 1.1989447983796706 0.26849409045826167 5.5723142275528517
leaf_count=118 4880 658 136 356 56 183
internal_value=-0.00117577 0.00827843 -0.00937733 -0.0127753 0.00266409 0.0125495
internal_weight=16.1579 7.12999 9.02788 7.20816 1.81972 5.91006
internal_count=6387 959 5428 5236 192 301
is_linear=0
shrinkage=0.025


Tree=146
num_leaves=7
num_cat=0
split_feature=27 6 18 27 22 6
split_gain=2.56427 2.16236 0.713977 0.58915 0.134956 0.0851751
threshold=0.16282909363508227 3.3576247692108159 0.46648944914340978 0.73299241065979015 0.036992715671658523 2.9222741127014165
decision_type=2 2 2 2 2 2
left_child=1 4 3 -2 -1 -4
right_child=2 -3 5 -5 -6 -7
leaf_value=0 -0.013436424185027421 -0.0062880988570072141 0.0028578274438634099 0.00095873839126252845 0.012432709868355438 -0.0011233679162481411
leaf_weight=0.41564100244431923 5.6105832456523776 2.0474978929560166 1.34930636381614 0.45826055211364281 5.9126517813128885 0.29973940849595226
leaf_count=219 4366 1270 147 88 198 146
internal_value=-0.00134998 0.00629253 -0.00934853 -0.0118427 0.0118935 0.000893612
internal_weight=16.0937 8.37579 7.71789 6.06884 6.32829 1.64905
internal_count=6434 1687 4747 4454 417 293
is_linear=0
shrinkage=0.025


Tree=147
num_leaves=6
num_cat=0
split_feature=21 6 27 24 21
split_gain=2.71095 1.43309 0.979602 0.216613 0.160248
threshold=0.0067647821269929418 3.3576247692108159 0.22439777851104739 -4.7665493488311759 1.8658464550971987
decision_type=2 2 2 2 2
left_child=3 2 -2 -1 -3
right_child=1 4 -4 -5 -6
leaf_value=0 0.013005250869993504 -0.0057678615441950683 -0.0002809353428282989 -0.011450280329160232 0.00040185034886112796
leaf_weight=0.28726623181137245 6.9666152956415299 2.0879753336193967 3.3403284710875596 3.9783156504418029 0.59253846370847885
leaf_count=21 473 1205 1550 3190 28
internal_value=0.000175424 0.00602646 0.00960582 -0.0106034 -0.00421653
internal_weight=17.253 12.9875 10.3069 4.26558 2.68051
internal_count=6467 3256 2023 3211 1233
is_linear=0
shrinkage=0.025


Tree=148
num_leaves=7
num_cat=0
split_feature=27 5 26 18 22 6
split_gain=3.26632 1.84073 0.706537 0.704691 0.364536 0.130187
threshold=0.17005534470081332 4.037076711654664 -0.38771194219589228 0.54179316759109508 -0.25452753901481623 3.9463615417480473
decision_type=2 2 2 2 2 2
left_child=1 4 3 -2 -1 -3
right_child=2 5 -4 -5 -6 -7
leaf_value=-0.00025486578867308854 -0.014349544700801032 3.9422039624337426e-06 0.0015932214127216057 0.0004766275086113725 0.01280630475769888 -0.0062770318234143105
leaf_weight=0.26015023498621292 5.2640571775627913 0.31797134818771144 0.69568027380591768 1.1281391521770272 7.1820154683737218 1.5936442356760379
leaf_count=324 4356 53 111 191 507 919
internal_value=-0.000442634 0.00745786 -0.010158 -0.0121235 0.0119285 -0.00508095
internal_weight=16.4417 9.35378 7.08788 6.3922 7.44217 1.91162
internal_count=6461 1803 4658 4547 831 972
is_linear=0
shrinkage=0.025


Tree=149
num_leaves=7
num_cat=0
split_feature=21 6 24 3 27 0
split_gain=2.77542 1.64836 0.738095 0.626338 0.586683 0.0606728
threshold=0.30815713107585913 3.3576247692108159 -4.7665493488311759 1.1124424934387209 0.73299241065979015 3.5861003398895268
decision_type=2 2 2 2 2 2
left_child=2 3 -1 -2 -4 -3
right_child=1 5 4 -5 -6 -7
leaf_value=0.0018095174340960901 -0.0010006870622387574 0 -0.013247805035992315 0.012539124322515137 0.0010117800625422252 -0.0055754639863312893
leaf_weight=0.86596211334108453 0.75294458310236034 0.27250878878112317 5.0605759491809312 7.8585796459374251 0.4519923772313631 1.57066478273191
leaf_count=44 236 46 4642 746 73 649
internal_value=0 0.00706843 -0.00919713 0.0109634 -0.011559 -0.00493017
internal_weight=16.8332 10.4547 6.37853 8.61152 5.51257 1.84317
internal_count=6436 1677 4759 982 4715 695
is_linear=0
shrinkage=0.025


Tree=150
num_leaves=7
num_cat=0
split_feature=22 17 7 5 11 5
split_gain=2.60231 1.63986 0.829262 0.794256 0.272593 0.0558142
threshold=0.71719717979431163 0.52343070507049572 5.0630395412445077 3.6543366909027104 2.222367644309998 0.55934008955955516
decision_type=2 2 2 2 2 2
left_child=1 2 -1 -3 -2 -6
right_child=4 3 -4 -5 5 -7
leaf_value=-0.014471900200928499 0 0.0070073294552096196 0.0012934323715550057 -0.0048140163539834449 0 0.010664095310556334
leaf_weight=5.6868203439516964 0.51045390576473337 3.4765204936702503 0.79379265815077804 1.0604434515407772 0.28056007524719451 4.4245928497839486
leaf_count=4974 81 498 237 399 70 163
internal_value=-0.00048772 -0.00691066 -0.0122741 0.00251366 0.00921004 0.0103364
internal_weight=16.2332 11.0176 6.48061 4.53696 5.21561 4.70515
internal_count=6422 6108 5211 897 314 233
is_linear=0
shrinkage=0.025


Tree=151
num_leaves=7
num_cat=0
split_feature=27 6 19 24 22 21
split_gain=3.16437 1.56572 0.779971 0.305367 0.199479 0.140141
threshold=0.17005534470081332 4.1054792404174814 0.54205480217933666 0.19004444777965548 0.78722152113914501 1.8658464550971987
decision_type=2 2 2 2 2 2
left_child=1 3 4 -1 -2 -3
right_child=2 5 -4 -5 -6 -7
leaf_value=0.012510083184329222 -0.012634734551970004 -0.0057810442220110544 0.0014662863617353945 0 0 0.00031234047595761109
leaf_weight=6.9156799289266946 5.9793372937565428 1.5000583508954148 1.2454515185818307 0.48944035637396144 0.39883341247332271 0.26845891959965218
leaf_count=393 4480 984 155 418 56 7
internal_value=-0.000287795 0.00763192 -0.00956106 0.0116165 -0.0119618 -0.00438524
internal_weight=16.7973 9.17364 7.62362 7.40512 6.37817 1.76852
internal_count=6493 1802 4691 811 4536 991
is_linear=0
shrinkage=0.025


Tree=152
num_leaves=7
num_cat=0
split_feature=21 19 7 5 13 23
split_gain=2.96253 1.75914 0.836868 0.702467 0.592746 0.0924701
threshold=0.93252128362655651 0.24896066635847094 5.0630395412445077 4.0155036449432382 2.9750292301177983 -6.3330190181732169
decision_type=2 2 2 2 2 2
left_child=1 2 -1 5 -3 -2
right_child=3 4 -4 -5 -6 -7
leaf_value=-0.014697176746158691 0 -0.0036570363318169474 0.0012522593500570002 -0.0016593645920142926 0.0067639385642511473 0.012483085314909378
leaf_weight=5.4877968868968328 0.52540023151959747 0.90003175724268647 0.80270617425412627 0.68786054037627753 3.224628326293896 5.2421031480334923
leaf_count=5081 110 401 249 106 359 229
internal_value=8.57072e-06 -0.00691334 -0.0124551 0.00986505 0.00304715 0.0119523
internal_weight=16.8705 10.4152 6.2905 6.45536 4.12466 5.7675
internal_count=6535 6090 5330 445 760 339
is_linear=0
shrinkage=0.025


Tree=153
num_leaves=7
num_cat=0
split_feature=27 6 12 15 18 15
split_gain=2.04215 1.69256 0.816913 0.518884 0.162969 0.121788
threshold=0.17005534470081332 3.3257547616958623 5.3421790599823007 0.17059252411127093 1.1912137866020205 1.2584255933761599
decision_type=2 2 2 2 2 2
left_child=1 -1 4 -4 -2 -3
right_child=2 5 3 -5 -6 -7
leaf_value=0.010968763916708604 -0.012407300724923078 -0.0060721132560955463 0.0058225098577155505 -0.0041608058681586943 0 0
leaf_weight=6.041069787606828 4.3823567260405989 2.0507203506349474 1.4968247818324019 1.2439834250908459 0.15819402362103563 0.31632661417825136
leaf_count=447 3698 1304 318 608 5 57
internal_value=-0.00082263 0.00582144 -0.00825026 0.000723157 -0.0118622 -0.00499553
internal_weight=15.6895 8.40812 7.28136 2.74081 4.54055 2.36705
internal_count=6437 1808 4629 926 3703 1361
is_linear=0
shrinkage=0.025


Tree=154
num_leaves=7
num_cat=0
split_feature=27 6 19 24 18 15
split_gain=2.6862 1.5177 0.940732 0.375275 0.24994 0.118775
threshold=0.17005534470081332 4.1054792404174814 0.54205480217933666 0.44769060611724859 0.80072763562202465 1.2584255933761599
decision_type=2 2 2 2 2 2
left_child=1 3 4 -1 -2 -3
right_child=2 5 -4 -5 -6 -7
leaf_value=0.012008632113396539 -0.013011208670290934 -0.0058281198159912135 0.002140625522756861 -0.00043204575809585154 0 1.385868720219337e-06
leaf_weight=6.3568577433907176 5.6969105149255492 1.4936480482720069 1.1775013996957566 0.28339784131821932 0.32968190907558881 0.32511473889462639
leaf_count=420 4467 955 141 410 36 40
internal_value=-0.000936113 0.00668766 -0.00947242 0.0109832 -0.01225 -0.00463257
internal_weight=15.6631 8.45902 7.20409 6.64026 6.02659 1.81876
internal_count=6469 1825 4644 830 4503 995
is_linear=0
shrinkage=0.025


Tree=155
num_leaves=6
num_cat=0
split_feature=21 6 25 27 15
split_gain=2.49387 1.32323 0.878889 0.158918 0.109702
threshold=0.0067647821269929418 3.3576247692108159 2.6968808174133305 0.098548602312803282 2.9411590099334721
decision_type=2 2 2 2 2
left_child=4 2 -2 -3 -1
right_child=1 3 -4 -5 -6
leaf_value=-0.011007501902688848 0.011674822751101859 0.0001049200491134636 -0.0016587191908582219 -0.0059585238700437257 0
leaf_weight=3.699434178757659 8.2350726877921243 1.2252680054807563 1.5855228859290935 1.38459511934343 0.10533884018514061
leaf_count=3184 1231 322 777 919 11
internal_value=2.60335e-05 0.00573444 0.00926708 -0.00409201 -0.0105796
internal_weight=16.2352 12.4305 9.8206 2.60986 3.80477
internal_count=6444 3249 2008 1241 3195
is_linear=0
shrinkage=0.025


Tree=156
num_leaves=7
num_cat=0
split_feature=22 17 13 0 23 4
split_gain=2.57071 1.69705 0.719137 0.628969 0.234607 0.150602
threshold=0.71719717979431163 0.52343070507049572 3.5581232309341435 0.19879305362701419 -5.5024769306182852 4.940324306488038
decision_type=2 2 2 2 2 2
left_child=1 3 -3 -1 -2 -6
right_child=4 2 -4 -5 5 -7
leaf_value=0.0008961806678312224 0 -0.0041919272373365122 0.0069942879345688685 -0.014297312090806822 0.010712802370047811 0
leaf_weight=0.48490577402844603 0.31692417887097679 1.3588301059571675 3.1546663748304127 5.5464021410589339 4.4531001820068932 0.41248186552547839
leaf_count=117 96 559 345 5159 169 57
internal_value=-0.000495902 -0.00702739 0.00253643 -0.0126567 0.0091049 0.0100212
internal_weight=15.7273 10.5448 4.5135 6.03131 5.18251 4.86558
internal_count=6502 6180 904 5276 322 226
is_linear=0
shrinkage=0.025


Tree=157
num_leaves=7
num_cat=0
split_feature=21 19 5 21 23 22
split_gain=2.88141 2.1619 0.500871 0.310472 0.148084 0.0632025
threshold=0.98258668184280407 0.24896066635847094 4.0155036449432382 0.0067647821269929418 -6.0362484455108634 0.82723981142044078
decision_type=2 2 2 2 2 2
left_child=1 5 4 -3 -2 -1
right_child=2 3 -4 -5 -6 -7
leaf_value=-0.015003141428574777 0 -0.0020103580779961823 -0.0012860172108794038 0.0055174802513666479 0.011016781302690813 0
leaf_weight=5.7683951020735531 0.45528594050847448 1.0017842057277446 0.59143395934370335 3.0475054580747383 4.4307789535960191 0.082002854178426676
leaf_count=5404 108 447 87 308 188 8
internal_value=-0.00165467 -0.00862506 0.00845079 0.00288268 0.0103159 -0.0148241
internal_weight=15.3772 9.89969 5.4775 4.04929 4.88606 5.8504
internal_count=6550 6167 383 755 296 5412
is_linear=0
shrinkage=0.025


Tree=158
num_leaves=7
num_cat=0
split_feature=22 6 27 12 15 0
split_gain=2.13822 1.28124 1.07828 0.46524 0.30349 0.0769091
threshold=0.036992715671658523 3.3576247692108159 0.31324043869972235 5.8975436687469491 0.72455710172653209 3.6041877269744877
decision_type=2 2 2 2 2 2
left_child=3 2 -2 4 -1 -3
right_child=1 5 -4 -5 -6 -7
leaf_value=-0.011732706779300201 0.012253499083537655 0 -0.0022867170658177746 0.0011954844278819362 0 -0.0051133395409730699
leaf_weight=4.1003657802793922 7.428679270007704 0.2075379130255891 1.5679610154838881 0.43156645739509247 0.71352930175635254 1.8324162327189695
leaf_count=4284 525 15 592 161 219 699
internal_value=0 0.00589008 0.00936123 -0.00872549 -0.0104077 -0.00430669
internal_weight=16.2821 11.0366 8.99664 5.24546 4.8139 2.03995
internal_count=6495 1831 1117 4664 4503 714
is_linear=0
shrinkage=0.025


Tree=159
num_leaves=7
num_cat=0
split_feature=27 6 22 27 21 2
split_gain=2.2207 1.27341 1.15364 0.530411 0.316397 0.0473188
threshold=0.12788855284452441 4.6525022983551034 0.74892738461494457 0.73299241065979015 0.040966661646962173 4.0614480972290048
decision_type=2 2 2 2 2 2
left_child=1 4 3 -2 -1 -4
right_child=2 -3 5 -5 -6 -7
leaf_value=-0.00019529887682159086 -0.012639478365135862 -0.0043095587370085391 0.0037552329379612957 0.0008600817457198181 0.011930053889925629 0
leaf_weight=0.23518882725329682 6.028607976746569 1.1176466345641527 1.5061810772749593 0.47191731663770031 5.5173635166065651 0.30540320009458799
leaf_count=276 4984 563 114 93 369 56
internal_value=-0.000484303 0.00721015 -0.00763292 -0.0111681 0.0109928 0.00302122
internal_weight=15.1823 6.8702 8.31211 6.50053 5.75255 1.81158
internal_count=6455 1208 5247 5077 645 170
is_linear=0
shrinkage=0.025


Tree=160
num_leaves=7
num_cat=0
split_feature=18 26 13 16 19 25
split_gain=2.75817 0.653881 0.514991 0.467745 0.337734 0.140007
threshold=0.15345969051122668 -0.89373555779457081 2.2132625579833989 1.2218641042709353 0.61738777160644542 -4.3370885848999015
decision_type=2 2 2 2 2 2
left_child=3 2 -2 4 -1 -3
right_child=1 5 -4 -5 -6 -7
leaf_value=-0.01248113010538591 -0.0012563829346233842 0.0014214173976925808 0.011182709716581592 0.00083700388846513893 0 -0.0037323805107863416
leaf_weight=5.5777490923428559 0.39976682131964469 0.64187154307728667 5.4810105718788691 0.54728259172406968 0.87958177890686773 1.4152141772065077
leaf_count=4838 168 21 456 105 162 668
internal_value=-0.00114876 0.00682086 0.00957394 -0.00978011 -0.011198 -0.0013709
internal_weight=14.9425 7.93786 5.88078 7.00461 6.45733 2.05709
internal_count=6418 1313 624 5105 5000 689
is_linear=0
shrinkage=0.025


Tree=161
num_leaves=6
num_cat=0
split_feature=21 6 25 26 15
split_gain=2.38784 1.62156 0.799719 0.232535 0.102403
threshold=0.0067647821269929418 2.9008637666702275 2.6968808174133305 -1.0090993046760557 2.9411590099334721
decision_type=2 2 2 2 2
left_child=4 2 -2 -3 -1
right_child=1 3 -4 -5 -6
leaf_value=-0.0105632599066005 0.012378247007890794 0.00046644679807888718 -0.001157646932177114 -0.0066288567566436781 0
leaf_weight=3.4917076312849562 7.8378332316788129 1.4954565504012864 1.4469365972181547 1.723324577367747 0.10192467417073192
leaf_count=3166 1032 336 695 1219 10
internal_value=0.000486911 0.00592214 0.0101644 -0.0042936 -0.0101396
internal_weight=16.0972 12.5036 9.28477 3.21878 3.59363
internal_count=6458 3282 1727 1555 3176
is_linear=0
shrinkage=0.025


Tree=162
num_leaves=7
num_cat=0
split_feature=21 19 5 13 20 12
split_gain=2.65401 1.83487 0.582469 0.564812 0.273749 0.197527
threshold=0.93252128362655651 0.19825292378664019 4.0534253120422372 2.9750292301177983 1.3875287771224978 7.2460210323333749
decision_type=2 2 2 2 2 2
left_child=1 5 4 -3 -2 -1
right_child=2 3 -4 -5 -6 -7
leaf_value=-0.013846618249876666 0.011847380734179515 -0.0036145941739503308 -0.0014910930018531459 0.0065130380192112069 0 0
leaf_weight=5.1978329154153453 5.1155544720022599 0.89831877902179247 0.62782939616590727 3.3104817244020524 0.44146102709055401 0.28855670947814349
leaf_count=5073 235 447 105 419 126 22
internal_value=0 -0.00719886 0.00895632 0.00288381 0.0108759 -0.0132167
internal_weight=15.88 9.69519 6.18484 4.2088 5.55702 5.48639
internal_count=6427 5961 466 866 361 5095
is_linear=0
shrinkage=0.025


Tree=163
num_leaves=6
num_cat=0
split_feature=21 6 5 18 24
split_gain=1.91389 1.24682 0.744382 0.190002 0.153983
threshold=0.019692956469953064 2.9008637666702275 -0.25967426598072046 0.52892732620239269 -4.7665493488311759
decision_type=2 2 2 2 2
left_child=4 2 -2 -3 -1
right_child=1 3 -4 -5 -6
leaf_value=0 -0.0022327590105209595 -0.0060485610719555501 0.010804601416092807 0.00039621842284879249 -0.010394088291602205
leaf_weight=0.29400982998777125 0.68525999150006001 1.7500652595117565 7.547567250840074 1.2311612668127052 3.4656909987897979
leaf_count=24 211 1251 1469 241 3233
internal_value=-7.49048e-06 0.00482719 0.00881351 -0.0040231 -0.00966562
internal_weight=14.9738 11.2141 8.23283 2.98123 3.7597
internal_count=6429 3172 1680 1492 3257
is_linear=0
shrinkage=0.025


Tree=164
num_leaves=7
num_cat=0
split_feature=18 13 13 3 2 16
split_gain=1.87458 0.740526 0.526595 0.501054 0.256616 0.0831533
threshold=0.15345969051122668 4.2794315814971933 2.2132625579833989 1.1124424934387209 2.7947340011596684 1.3924899101257326
decision_type=2 2 2 2 2 2
left_child=1 5 -2 -4 -3 -1
right_child=2 4 3 -5 -6 -7
leaf_value=-0.011214293246550724 -0.0021297029423017312 -0.0023311730947692534 -0.0012849217579359905 0.010005253935288968 0.0044840962809189278 0
leaf_weight=3.8788933116156841 0.57864467073522963 1.9854693274901367 0.65848311765876122 6.7238193781377049 1.2786181236078844 0.20783279445458891
leaf_count=3372 231 1542 171 894 143 81
internal_value=0 -0.00700257 0.00660818 0.00838124 0.000680001 -0.0108243
internal_weight=15.3118 7.35081 7.96095 7.3823 3.26409 4.08673
internal_count=6434 5138 1296 1065 1685 3453
is_linear=0
shrinkage=0.025


Tree=165
num_leaves=7
num_cat=0
split_feature=27 6 24 21 21 21
split_gain=2.60362 1.21165 1.12383 0.39066 0.333138 0.0563831
threshold=0.12970096617937091 4.6525022983551034 -3.6407675743103023 0.96427011489868175 0.17968884855508807 1.3620337843894961
decision_type=2 2 2 2 2 2
left_child=1 4 5 -4 -1 -2
right_child=2 -3 3 -5 -6 -7
leaf_value=-8.7352285709378397e-05 0.0036336248852591618 -0.003989454296247876 -0.013283760567476269 0 0.012131943802316547 0
leaf_weight=0.38523273309692818 1.4618341880559445 1.0517336768461971 5.2292721243939004 1.1838072444807037 5.8130625164849334 0.19335405630408775
leaf_count=332 122 561 4865 178 336 67
internal_value=-0.000425472 0.00767916 -0.00833812 -0.0116945 0.0111145 0.0027431
internal_weight=15.3183 7.25003 8.06827 6.41308 6.1983 1.65519
internal_count=6461 1229 5232 5043 668 189
is_linear=0
shrinkage=0.025


Tree=166
num_leaves=7
num_cat=0
split_feature=22 13 17 29 16 6
split_gain=1.9552 1.69066 0.715431 0.189691 0.0895763 0.0793857
threshold=0.82723981142044078 4.2290732860565194 0.52343070507049572 3.5000000000000004 0.57662907242774974 1.4616325497627261
decision_type=2 2 2 2 2 2
left_child=1 5 -3 -2 -5 -1
right_child=3 2 -4 4 -6 -7
leaf_value=0 0 -0.0035022592480974946 0.0073538315203036725 0.0099865478349394129 0 -0.012703872420754195
leaf_weight=0.22928307890833632 0.38009424335177833 2.2354837555394624 2.9215700482163811 3.5344543970204545 0.38903319457313035 4.8103207308013225
leaf_count=80 41 1740 254 123 90 4100
internal_value=-0.000286262 -0.00599951 0.00262511 0.00852793 0.00943977 -0.0123596
internal_weight=14.5002 10.1967 5.15705 4.30358 3.92349 5.0396
internal_count=6428 6174 1994 254 213 4180
is_linear=0
shrinkage=0.025


Tree=167
num_leaves=7
num_cat=0
split_feature=25 13 7 26 21 16
split_gain=2.11865 1.78777 0.55899 0.465414 0.146515 0.0882405
threshold=0.76001298427581798 2.9750292301177983 5.0630395412445077 -1.0148830413818357 0.0067647821269929418 -1.1767151355743406
decision_type=2 2 2 2 2 2
left_child=1 5 3 -2 -3 -1
right_child=2 4 -4 -5 -6 -7
leaf_value=0 0.00010919734036331883 0 0.0014556523340317961 -0.012354405263208064 0.01150194557899268 -0.0063374787899553378
leaf_weight=0.4638208418618891 1.0446214722833236 0.43281782593112428 0.7520201394218019 3.9291673713014479 7.0246288745547645 1.5373741821167621
leaf_count=28 374 143 229 4152 716 835
internal_value=0 0.00638406 -0.00827738 -0.0103676 0.0109703 -0.00544294
internal_weight=15.1845 9.45864 5.72581 4.97379 7.45745 2.0012
internal_count=6477 1722 4755 4526 859 863
is_linear=0
shrinkage=0.025


Tree=168
num_leaves=7
num_cat=0
split_feature=24 17 13 23 16 6
split_gain=2.77275 1.55305 0.456068 0.224574 0.21922 0.0664556
threshold=-3.512504935264587 0.57245939970016491 4.1047751903533944 -7.2503614425659171 0.57662907242774974 3.2098838090896611
decision_type=2 2 2 2 2 2
left_child=4 3 -3 -2 5 -1
right_child=1 2 -4 -5 -6 -7
leaf_value=0.010629306938469708 0 -0.0030017465312474228 0.0060814347719387978 -0.01374865195580555 0 0
leaf_weight=3.8466613995697125 0.23627217737521178 1.3271040166582682 2.3382512902608141 5.5776158457956617 0.6025714058196171 0.48408509875298467
leaf_count=129 55 560 200 5326 134 80
internal_value=-0.00100959 -0.00802206 0.00223704 -0.0131117 0.00909109 0.0101326
internal_weight=14.4126 9.47924 3.66536 5.81389 4.93332 4.33075
internal_count=6484 6141 760 5381 343 209
is_linear=0
shrinkage=0.025


Tree=169
num_leaves=7
num_cat=0
split_feature=22 17 13 23 12 11
split_gain=2.48699 2.1689 0.626439 0.270245 0.217905 0.199905
threshold=0.71719717979431163 0.57245939970016491 4.1047751903533944 -6.3330190181732169 7.2460210323333749 2.2494516372680669
decision_type=2 2 2 2 2 2
left_child=1 4 -3 -2 -1 -5
right_child=3 2 -4 5 -6 -7
leaf_value=-0.014405788766137457 -0.00041920308253793356 -0.0031161782739725623 0.0076124670246278687 0 0 0.01064203009681406
leaf_weight=5.3772935157248849 0.13979420412215393 1.3515561754320513 2.7533855923538795 0.47075600814423602 0.27843692028545763 4.4810043860270525
leaf_count=5355 96 560 208 69 21 173
internal_value=-0.000623123 -0.00727524 0.00362219 0.00879617 -0.0137595 0.00976427
internal_weight=14.8522 9.76067 4.10494 5.09155 5.65573 4.95176
internal_count=6482 6144 768 338 5376 242
is_linear=0
shrinkage=0.025


Tree=170
num_leaves=7
num_cat=0
split_feature=6 25 26 24 8 1
split_gain=1.69917 1.61274 0.520255 0.477033 0.206163 0.10587
threshold=2.9008637666702275 0.76001298427581798 -1.0148830413818357 -5.4408361911773673 -0.79248350858688343 1.730003893375397
decision_type=2 2 2 2 2 2
left_child=1 5 -3 -2 -5 -1
right_child=3 2 -4 4 -6 -7
leaf_value=0 0.0009902391833693546 0.0028535733067406254 -0.0071009227159380814 0 -0.011383285727956339 0.011119933838185036
leaf_weight=0.085304202810218999 0.76107714296085749 0.89379861850466014 3.1650558877154262 0.39244436497392632 3.5353010585458842 5.6502155519920052
leaf_count=69 39 38 2680 71 3099 443
internal_value=-2.46154e-05 0.00505032 -0.0038538 -0.00840618 -0.0104619 0.0107938
internal_weight=14.4832 9.79437 4.05885 4.68882 3.92775 5.73552
internal_count=6439 3230 2718 3209 3170 512
is_linear=0
shrinkage=0.025


Tree=171
num_leaves=5
num_cat=0
split_feature=17 22 24 12
split_gain=2.05677 2.33387 0.85835 0.398489
threshold=0.4898486882448197 0.74892738461494457 0.44769060611724859 2.8698732852935795
decision_type=2 2 2 2
left_child=1 -1 3 -2
right_child=2 -3 -4 -5
leaf_value=-0.014166987364601646 -0.00066519189386654142 0.0051117565514514542 -0.0034139696480519096 0.010710601746866959
leaf_weight=5.2297895695810439 0.47894623554020643 2.5023772064741934 0.85273142076766806 5.6598182655579876
leaf_count=5133 89 150 658 418
internal_value=-0.000812603 -0.00787965 0.00650857 0.00936177
internal_weight=14.7237 7.73217 6.9915 6.13876
internal_count=6448 5283 1165 507
is_linear=0
shrinkage=0.025


Tree=172
num_leaves=7
num_cat=0
split_feature=21 19 7 13 13 3
split_gain=1.79764 0.937531 0.761668 0.509076 0.440224 0.159641
threshold=0.96427011489868175 0.19825292378664019 5.0630395412445077 2.270145177841187 3.1053122282028203 1.1810124516487124
decision_type=2 2 2 2 2 2
left_child=1 2 -1 -2 -3 -5
right_child=3 4 -4 5 -6 -7
leaf_value=-0.013024924241150005 -0.0017759200490606896 -0.0036825263658972979 0.0015676097107309422 0 0.0052442584493033453 0.0099836255415286651
leaf_weight=4.4386035856659856 0.48345550536760207 0.92708650192798847 0.74023033678531636 0.16300607321318228 2.7374841877026483 4.5874416082879179
leaf_count=4940 113 490 235 49 410 267
internal_value=-0.000384047 -0.00642457 -0.0105797 0.00736389 0.00144274 0.00936875
internal_weight=14.0773 8.8434 5.17883 5.2339 3.66457 4.75045
internal_count=6504 6075 5175 429 900 316
is_linear=0
shrinkage=0.025


Tree=173
num_leaves=5
num_cat=0
split_feature=21 6 25 21
split_gain=2.1867 1.06661 0.71106 0.125714
threshold=0.0067647821269929418 3.3576247692108159 2.6968808174133305 1.8658464550971987
decision_type=2 2 2 2
left_child=-1 2 -2 -3
right_child=1 3 -4 -5
leaf_value=-0.0099647669266026001 0.01105514169263876 -0.0049149048981419544 -0.0012224022360186062 0.00035211438890323616
leaf_weight=3.2068963226338392 7.8495039838817302 1.790326512360479 1.5343967013468498 0.56114897347288195
leaf_count=3230 1283 1170 780 27
internal_value=0.00041971 0.00576024 0.00888601 -0.00342321
internal_weight=14.9423 11.7354 9.3839 2.35148
internal_count=6490 3260 2063 1197
is_linear=0
shrinkage=0.025


Tree=174
num_leaves=6
num_cat=0
split_feature=21 6 26 24 21
split_gain=1.62019 1.03499 0.707049 0.166786 0.130157
threshold=0.0067647821269929418 3.3257547616958623 -0.88267394900321949 -4.7665493488311759 1.8658464550971987
decision_type=2 2 2 2 2
left_child=3 2 -2 -1 -3
right_child=1 4 -4 -5 -6
leaf_value=0 0.011233413980526656 -0.0051248655025646541 -0.00039223136985197711 -0.0093502611210988292 0.00031427075440044479
leaf_weight=0.24529708968475494 6.1481224909075518 1.8436335145743208 2.7651046133396449 3.014251719949244 0.56456048969994288
leaf_count=19 481 1209 1495 3165 28
internal_value=0.000315358 0.00506156 0.00833277 -0.00849766 -0.00365459
internal_weight=14.581 11.3214 8.91323 3.25955 2.40819
internal_count=6397 3213 1976 3184 1237
is_linear=0
shrinkage=0.025


Tree=175
num_leaves=7
num_cat=0
split_feature=22 13 14 13 21 16
split_gain=2.00494 1.47863 0.484699 0.29317 0.227318 0.184443
threshold=0.74892738461494457 4.389430284500123 0.38966494798660284 2.9750292301177983 1.8658464550971987 0.57662907242774974
decision_type=2 2 2 2 2 2
left_child=1 4 -3 -2 -1 -5
right_child=3 2 -4 5 -6 -7
leaf_value=-0.012569687088637633 -0.00048873404040743846 0.0059977990866435307 -0.0032537894047766228 0.010708344171026632 0 0
leaf_weight=4.6210864026870677 0.21131109434645701 3.4352563726642984 1.0365127860713981 4.0002460351388436 0.43776100710965682 0.40469162672525261
leaf_count=4345 63 1291 473 138 30 103
internal_value=0 -0.00597242 0.0026079 0.00874131 -0.0117046 0.00987306
internal_weight=14.1469 9.53062 4.47177 4.61625 5.05885 4.40494
internal_count=6443 6139 1764 304 4375 241
is_linear=0
shrinkage=0.025


Tree=176
num_leaves=7
num_cat=0
split_feature=22 21 7 12 13 16
split_gain=1.85623 1.05643 0.61981 0.229632 0.219101 0.157016
threshold=0.74892738461494457 0.98258668184280407 5.0630395412445077 2.8698732852935795 2.6076993942260747 0.57662907242774974
decision_type=2 2 2 2 2 2
left_child=1 2 -1 -3 -2 -6
right_child=4 3 -4 -5 5 -7
leaf_value=-0.010948774567072527 -6.3294813206630867e-05 -0.0013958762582106535 0.0015383380995698877 0.0056004216254840139 0.01047809758477182 0
leaf_weight=6.1562560460661171 0.17095262763905417 0.41855878697242621 0.74043521894054709 2.0640681520890212 4.1525808647056692 0.46439735373132851
leaf_count=5616 46 86 239 148 151 107
internal_value=0.000286179 -0.00522059 -0.0089997 0.00344105 0.00886845 0.00971002
internal_weight=14.1672 9.37932 6.89669 2.48263 4.78793 4.61698
internal_count=6393 6089 5855 234 304 258
is_linear=0
shrinkage=0.025


Tree=177
num_leaves=7
num_cat=0
split_feature=21 22 7 13 3 4
split_gain=1.72958 0.999575 0.639596 0.465789 0.212978 0.0677851
threshold=0.93252128362655651 0.74892738461494457 5.0630395412445077 2.2132625579833989 1.1810124516487124 4.4203855991363534
decision_type=2 2 2 2 2 2
left_child=1 2 -1 -2 -5 -3
right_child=3 5 -4 4 -6 -7
leaf_value=-0.011492123412613834 -0.0015680916396125539 0.0042048280662061533 0.0014406071233998468 0 0.010059528633476693 0
leaf_weight=5.9900215986635867 0.45366792840650383 1.4828158799500668 0.75317148956673907 0.22216524496616319 4.6908447308524046 0.34747706464258943
leaf_count=5628 98 61 242 64 280 74
internal_value=-9.83697e-06 -0.00613662 -0.00951706 0.00741405 0.00924653 0.00325246
internal_weight=13.9402 8.57349 6.74319 5.36668 4.91301 1.83029
internal_count=6447 6005 5870 442 344 135
is_linear=0
shrinkage=0.025


Tree=178
num_leaves=7
num_cat=0
split_feature=13 24 25 21 26 13
split_gain=1.66676 1.3868 0.976034 0.492815 0.179816 0.0661707
threshold=4.2290732860565194 -3.6407675743103023 2.6968808174133305 0.019692956469953064 -1.0113424658775327 2.9750292301177983
decision_type=2 2 2 2 2 2
left_child=1 5 3 -2 -4 -1
right_child=2 -3 4 -5 -6 -7
leaf_value=0 -0.001071434676007345 -0.011694754232062891 0.00097501661572031446 0.011346255115322626 -0.0053626657102569478 0.0045461226064824204
leaf_weight=0.31584704018314402 0.42421629937598471 4.6981125776219415 0.44262277641246317 5.3052517146934406 1.1428460282404556 1.732074459265277
leaf_count=64 406 4161 18 639 1078 87
internal_value=0 -0.00688879 0.00627116 0.00977349 -0.00324736 0.00372466
internal_weight=14.061 6.74603 7.31494 5.72947 1.58547 2.04792
internal_count=6453 4312 2141 1045 1096 151
is_linear=0
shrinkage=0.025


Tree=179
num_leaves=7
num_cat=0
split_feature=21 19 7 26 5 13
split_gain=1.63993 0.915595 0.603102 0.421517 0.366696 0.184561
threshold=0.96427011489868175 0.49911202490329748 5.0630395412445077 -0.80664408206939686 4.0155036449432382 2.9750292301177983
decision_type=2 2 2 2 2 2
left_child=1 2 -1 4 -2 -3
right_child=3 5 -4 -5 -6 -7
leaf_value=-0.011076924722477925 0.010781879982555965 -0.001221341768828107 0.0014003999835309503 -0.0012038610590395359 -0.0005162100393369519 0.0049974009274198561
leaf_weight=5.6942934215621772 4.2257943025324494 0.3837275926198348 0.76322601042920712 0.51976087669027116 0.44993053158395913 1.7543079547831437
leaf_count=5458 197 170 246 155 75 126
internal_value=0 -0.00566071 -0.00908915 0.00760269 0.00934381 0.00293199
internal_weight=13.791 8.59555 6.45752 5.19549 4.67572 2.13804
internal_count=6427 6000 5704 427 272 296
is_linear=0
shrinkage=0.025


Tree=180
num_leaves=6
num_cat=0
split_feature=21 6 25 24 21
split_gain=1.50821 0.922006 0.572991 0.143806 0.111666
threshold=0.019692956469953064 3.3576247692108159 2.6968808174133305 -4.7665493488311759 1.8658464550971987
decision_type=2 2 2 2 2
left_child=3 2 -2 -1 -3
right_child=1 4 -4 -5 -6
leaf_value=0 0.009979351240384883 -0.0048394166025880793 -0.0010960766745249562 -0.0093050421804671962 0.00016790780061201648
leaf_weight=0.26231806035502758 6.8226189559863979 1.7754571637051406 1.4290825424177453 3.0006876338593447 0.58510980027494941
leaf_count=24 1229 1173 731 3301 29
internal_value=0 0.00466517 0.00789976 -0.00854154 -0.00347819
internal_weight=13.8753 10.6123 8.2517 3.26301 2.36057
internal_count=6487 3162 1960 3325 1202
is_linear=0
shrinkage=0.025


Tree=181
num_leaves=6
num_cat=0
split_feature=22 13 17 13 25
split_gain=1.80861 1.35656 0.316818 0.243791 0.13283
threshold=0.71719717979431163 4.389430284500123 0.52343070507049572 2.6076993942260747 -0.60654777288436879
decision_type=2 2 2 2 2
left_child=1 -1 -3 -2 -5
right_child=3 2 -4 4 -6
leaf_value=-0.011658342381788173 -0.00035643201618835784 -0.0017921916543484973 0.0056241122912444813 0.0096399110861148524 0
leaf_weight=4.7417840574053098 0.20523374632466662 1.9469159403815863 2.1888217870437074 4.0157178664740059 0.35233373688242853
leaf_count=4393 50 1529 221 175 98
internal_value=-0.000182049 -0.00616771 0.00237863 0.00793704 0.00897613
internal_weight=13.4508 8.87752 4.13574 4.57329 4.36805
internal_count=6466 6143 1750 323 273
is_linear=0
shrinkage=0.025


Tree=182
num_leaves=7
num_cat=0
split_feature=21 19 13 5 16 13
split_gain=1.83259 1.01 0.575764 0.434322 0.217181 0.175482
threshold=0.96427011489868175 0.49911202490329748 5.444207191467286 4.0155036449432382 0.68586707115173351 2.9750292301177983
decision_type=2 2 2 2 2 2
left_child=1 2 -1 4 -2 -3
right_child=3 5 -4 -5 -6 -7
leaf_value=-0.012383063386105564 0.010300362898245836 -0.001241604876645791 0.00039340742456715408 -0.0012595563177521651 0 0.0047488788516551602
leaf_weight=4.8435623963014205 4.1685895301779974 0.38636702092480879 1.288104935614683 0.56896625089575525 0.48771260555076867 1.8349365219182798
leaf_count=5234 200 185 512 94 137 135
internal_value=-0.000242778 -0.00654529 -0.0101665 0.00749503 0.00931031 0.00270319
internal_weight=13.5782 8.35297 6.13167 5.22527 4.6563 2.2213
internal_count=6497 6066 5746 431 337 320
is_linear=0
shrinkage=0.025


Tree=183
num_leaves=7
num_cat=0
split_feature=21 19 2 5 3 12
split_gain=1.67978 0.811142 0.516723 0.378997 0.188359 0.129233
threshold=0.93252128362655651 0.49911202490329748 1.0000000180025095e-35 4.0534253120422372 1.1124424934387209 2.4625332355499272
decision_type=2 2 2 2 2 2
left_child=1 2 -1 4 -2 -3
right_child=3 5 -4 -5 -6 -7
leaf_value=0.00090818415755165209 0 -0.00087722824849003332 -0.010997332976598535 -0.00098555007603711255 0.0098993387740472661 0.0042322609486028498
leaf_weight=0.84569817691953897 0.2041954784072012 0.33693809687247256 5.4898315130849369 0.5380671698367222 4.3199944099251297 1.6353259015741057
leaf_count=178 57 164 5559 90 286 135
internal_value=0 -0.00604161 -0.00915715 0.00748747 0.00913976 0.00245985
internal_weight=13.3701 8.30779 6.33553 5.06226 4.52419 1.97226
internal_count=6469 6036 5737 433 343 299
is_linear=0
shrinkage=0.025


Tree=184
num_leaves=7
num_cat=0
split_feature=27 13 22 17 22 20
split_gain=1.73702 0.935829 0.7977 0.263335 0.153897 0.0214781
threshold=0.12970096617937091 2.270145177841187 0.78722152113914501 0.66221347451210033 -0.25452753901481623 1.6119499802589419
decision_type=2 2 2 2 2 2
left_child=1 -1 3 -2 -3 -4
right_child=2 4 5 -5 -6 -7
leaf_value=-0.0036532781902534014 -0.011657487153815666 0 0.0027260540172130889 0 0.010218013101352041 0
leaf_weight=0.94642728361941397 4.4142205775060575 0.14065706578548987 1.2109443761291911 1.4696555961563715 5.0303155505025643 0.21908518814598199
leaf_count=556 4664 227 81 406 449 66
internal_value=-0.00069255 0.00633047 -0.00725951 -0.0101205 0.0096699 0.00225621
internal_weight=13.4313 6.1174 7.31391 5.88388 5.17097 1.43003
internal_count=6449 1232 5217 5070 676 147
is_linear=0
shrinkage=0.025


Tree=185
num_leaves=6
num_cat=0
split_feature=21 13 25 18 22
split_gain=1.63711 0.972531 0.525425 0.103432 0.100917
threshold=0.0067647821269929418 3.1696397066116337 2.6968808174133305 0.52892732620239269 0.87065240740776073
decision_type=2 2 2 2 2
left_child=4 3 -3 -2 -1
right_child=1 2 -4 -5 -6
leaf_value=-0.0088516549650850661 -0.0046877275852769415 0.010508214503742622 -0.00049610908295508811 3.4622147390314975e-05 0
leaf_weight=2.811713460760076 1.4264630699108232 7.1804330774175451 1.6031397647311676 0.89043999513523875 0.27762637648265798
leaf_count=3214 978 1303 799 171 24
internal_value=0.000815885 0.00549966 0.00859492 -0.00323519 -0.00823806
internal_weight=14.1898 11.1005 8.78357 2.3169 3.08934
internal_count=6489 3251 2102 1149 3238
is_linear=0
shrinkage=0.025


Tree=186
num_leaves=6
num_cat=0
split_feature=21 13 23 24 8
split_gain=1.40922 1.00781 0.516821 0.115152 0.0734564
threshold=0.0067647821269929418 2.9750292301177983 -3.1211365461349483 -4.7665493488311759 -0.79248350858688343
decision_type=2 2 2 2 2
left_child=3 4 -3 -1 -2
right_child=1 2 -4 -5 -6
leaf_value=0 0 -0.00077123327394910837 0.0097343252602464011 -0.0089900827406292315 -0.0051498521013236655
leaf_weight=0.27997353751561638 0.3710349909742946 1.5959114395809573 7.0674699552328093 2.8232686940682479 1.4797502521832926
leaf_count=24 35 507 1690 3187 998
internal_value=0 0.00454478 0.0077676 -0.0083155 -0.00428756
internal_weight=13.6174 10.5142 8.66338 3.10324 1.85079
internal_count=6441 3230 2197 3211 1033
is_linear=0
shrinkage=0.025


Tree=187
num_leaves=7
num_cat=0
split_feature=22 13 14 23 5 14
split_gain=1.35612 1.16716 0.483578 0.163419 0.0721999 0.0451339
threshold=0.78722152113914501 4.389430284500123 0.25502334535121923 -5.5024769306182852 4.0764338970184335 3.5527719259262089
decision_type=2 2 2 2 2 2
left_child=1 5 -3 -2 -5 -1
right_child=3 2 -4 4 -6 -7
leaf_value=-0.011512309092348297 -0.00014516498323361153 0.0058098194095238887 -0.0033187118755447298 0.0077760541903924719 0 0
leaf_weight=4.681576218477856 0.16960198850574704 2.6447415257498506 1.6041447296884142 3.0173106785077848 0.4229665173916145 0.047455529449507483
leaf_count=4365 81 1043 741 115 64 8
internal_value=-0.00158244 -0.00629549 0.00175668 0.00626213 0.00721737 -0.0113573
internal_weight=12.5878 8.97792 4.24889 3.60988 3.44028 4.72903
internal_count=6417 6157 1784 260 179 4373
is_linear=0
shrinkage=0.025


Tree=188
num_leaves=7
num_cat=0
split_feature=27 6 26 18 22 1
split_gain=1.47512 1.10858 0.470854 0.331425 0.161043 0.0870815
threshold=0.17005534470081332 3.9463615417480473 -0.38771194219589228 0.33628776669502264 -0.25452753901481623 6.4128239154815683
decision_type=2 2 2 2 2 2
left_child=1 4 3 -2 -1 -3
right_child=2 5 -4 -5 -6 -7
leaf_value=0 -0.010477915037096726 -0.0049163187367152091 0.0017356151550488516 0 0.010469969654184084 0
leaf_weight=0.14387132380215906 3.7929671855090419 1.2469537839788243 0.61451455685164535 1.5760291155747834 5.3818887207962689 0.32584571773622872
leaf_count=234 4075 1019 106 460 473 46
internal_value=0 0.0060382 -0.00661652 -0.00855119 0.00992771 -0.00383295
internal_weight=13.0821 7.09856 5.98351 5.369 5.52576 1.5728
internal_count=6413 1772 4641 4535 707 1065
is_linear=0
shrinkage=0.025


Tree=189
num_leaves=6
num_cat=0
split_feature=21 5 27 24 2
split_gain=1.30523 0.931418 0.608772 0.112778 0.0527221
threshold=0.0067647821269929418 4.037076711654664 0.22439777851104739 -4.7665493488311759 3.6744810342788701
decision_type=2 2 2 2 2
left_child=3 2 -2 -1 -3
right_child=1 4 -4 -5 -6
leaf_value=0 0.010264821375510529 0 -0.00025337377913970202 -0.0085863670706722173 -0.0049362113250322054
leaf_weight=0.26669954328099299 6.0210481405083538 0.11899175791768257 3.0473922479068278 2.6729515042316061 1.3408756853168595
leaf_count=25 853 5 1734 3171 643
internal_value=8.74311e-05 0.00454451 0.00745215 -0.00789756 -0.00433779
internal_weight=13.468 10.5283 9.06844 2.93965 1.45987
internal_count=6431 3235 2587 3196 648
is_linear=0
shrinkage=0.025


Tree=190
num_leaves=7
num_cat=0
split_feature=21 19 7 5 13 3
split_gain=1.29802 0.833836 0.705316 0.519821 0.275873 0.191999
threshold=0.96427011489868175 0.2825732976198197 5.0630395412445077 3.7852709293365483 2.9750292301177983 1.1124424934387209
decision_type=2 2 2 2 2 2
left_child=1 2 -1 5 -3 -2
right_child=3 4 -4 -5 -6 -7
leaf_value=-0.012055585320890756 0 -0.0024144773943382855 0.0016681479625109382 -0.0022295349388673134 0.0048229344267130304 0.0093235650135563061
leaf_weight=4.3957033248516382 0.21540796535555262 0.6383721250604143 0.70987989109562466 0.50798375005251717 2.2293367184829549 4.0453672702860786
leaf_count=5136 56 353 236 121 275 258
internal_value=-0.000561977 -0.00587691 -0.00964771 0.00614431 0.0019069 0.00848228
internal_weight=12.7421 7.97329 5.10558 4.76876 2.86771 4.26078
internal_count=6435 6000 5372 435 628 314
is_linear=0
shrinkage=0.025


Tree=191
num_leaves=7
num_cat=0
split_feature=27 6 22 21 21 23
split_gain=1.72483 1.28668 0.574883 0.221029 0.192404 0.0216989
threshold=0.22439777851104739 3.3576247692108159 0.78722152113914501 0.0067647821269929418 1.8658464550971987 -3.1211365461349483
decision_type=2 2 2 2 2 2
left_child=1 3 -2 -1 -3 -4
right_child=2 4 5 -5 -6 -7
leaf_value=0 -0.011038540876286484 -0.0058272629236964385 0 0.010582851864977946 0.0008052662195792966 0.001970311537478528
leaf_weight=0.51843940571415981 3.832390595198377 2.1225911559959063 0.2399728094751481 5.4777540079958271 0.47827634034911159 0.68711675287340757
leaf_count=370 3743 1789 100 482 16 26
internal_value=-0.000451425 0.00511915 -0.00862157 0.00970328 -0.00405792 0.00119868
internal_weight=13.3565 8.59706 4.75948 5.99619 2.60087 0.92709
internal_count=6526 2657 3869 852 1805 126
is_linear=0
shrinkage=0.025


Tree=192
num_leaves=7
num_cat=0
split_feature=27 5 22 22 17 24
split_gain=1.7804 0.987287 0.502586 0.295494 0.200259 0.0857578
threshold=0.17005534470081332 4.1350474357604989 0.74892738461494457 -0.099203940480947481 0.66221347451210033 -5.4408361911773673
decision_type=2 2 2 2 2 2
left_child=1 3 4 -1 -2 -3
right_child=2 5 -4 -5 -6 -7
leaf_value=-0.00028905652141001834 -0.011438290245550976 0 0.00087025234368052801 0.010563345657611217 0 -0.0046220104244636554
leaf_weight=0.27591972389200226 3.6046556619548937 0.40179843886289734 1.2544294081744736 5.2983384252001997 1.2699163288707493 1.1859248316322917
leaf_count=472 4186 19 145 433 332 918
internal_value=-0.000516489 0.00592106 -0.00788111 0.00955243 -0.0100664 -0.0034531
internal_weight=13.291 7.16198 6.129 5.57426 4.87457 1.58772
internal_count=6505 1842 4663 905 4518 937
is_linear=0
shrinkage=0.025


Tree=193
num_leaves=7
num_cat=0
split_feature=27 12 22 27 22 9
split_gain=1.17679 0.776202 0.583381 0.456448 0.163317 0.0450712
threshold=0.12970096617937091 2.6107920408248906 0.74892738461494457 0.73299241065979015 -0.25452753901481623 2.0179917812347417
decision_type=2 2 2 2 2 2
left_child=1 -1 3 -2 -3 -4
right_child=2 4 5 -5 -6 -7
leaf_value=-0.0034436334037168206 -0.010107192622448413 0 0 0.0012448225668245908 0.0092938282960229584 0.0028085778992729222
leaf_weight=0.89750339058809903 5.2118474296148634 0.17073305006488215 0.14222504477947939 0.41169120186532371 4.6311356869118754 1.4108847446404977
leaf_count=528 4973 294 50 91 434 135
internal_value=-0.000424632 0.00542275 -0.00590152 -0.00849308 0.00862885 0.00184886
internal_weight=12.876 5.69937 7.17665 5.62354 4.80187 1.55311
internal_count=6505 1256 5249 5064 728 185
is_linear=0
shrinkage=0.025


Tree=194
num_leaves=7
num_cat=0
split_feature=22 17 27 5 13 23
split_gain=1.21594 1.59867 0.618727 0.484131 0.202642 0.113353
threshold=0.71719717979431163 0.55268770456314098 0.73299241065979015 4.0155036449432382 2.6076993942260747 -5.5024769306182852
decision_type=2 2 2 2 2 2
left_child=1 2 -1 -3 -2 -6
right_child=4 3 -4 -5 5 -7
leaf_value=-0.012582335915620397 -0.00019467001063059287 0.0070105999785769401 0.0014372430744006967 -0.002715155504981576 0 0.0090070572900040596
leaf_weight=4.259112806626943 0.19010289764264676 3.4859756122677936 0.38065443316008885 0.67323193349875499 0.37389563929900749 3.7638357856267248
leaf_count=5213 53 532 83 279 92 181
internal_value=0.000250526 -0.00423436 -0.0106349 0.00413115 0.00742092 0.00836986
internal_weight=13.1268 8.79897 4.63977 4.15921 4.32783 4.13773
internal_count=6433 6107 5296 811 326 273
is_linear=0
shrinkage=0.025


Tree=195
num_leaves=7
num_cat=0
split_feature=22 17 27 5 13 16
split_gain=1.04995 1.46568 0.589057 0.459121 0.191952 0.0913296
threshold=0.71719717979431163 0.66221347451210033 0.73299241065979015 4.0155036449432382 2.6076993942260747 0.6084599792957307
decision_type=2 2 2 2 2 2
left_child=1 2 -1 -3 -2 -6
right_child=4 3 -4 -5 5 -7
leaf_value=-0.01188475392120884 -0.00027030236932268684 0.0070865266530528402 0.0014803985635862588 -0.002530576987822573 0.0083053654858060363 0
leaf_weight=4.7830107487643527 0.19985360041027966 2.9803616161079849 0.37506592704448838 0.65481743681448268 3.3137255920300963 0.49347477590345068
leaf_count=5456 52 351 78 229 161 113
internal_value=0 -0.00433678 -0.0100473 0.00416819 0.00663737 0.00765722
internal_weight=12.8003 8.79326 5.15808 3.63518 4.00705 3.8072
internal_count=6440 6114 5534 580 326 274
is_linear=0
shrinkage=0.025


Tree=196
num_leaves=7
num_cat=0
split_feature=21 22 17 13 3 17
split_gain=1.69614 1.07849 0.647779 0.398288 0.168198 0.0161003
threshold=0.96427011489868175 0.74892738461494457 0.81750041246414196 2.2132625579833989 1.1810124516487124 -0.26355150341987604
decision_type=2 2 2 2 2 2
left_child=1 2 -1 -2 -5 -3
right_child=3 5 -4 4 -6 -7
leaf_value=-0.013011605317751413 -0.0014914368891899945 0 0.00082587303069263482 0 0.0090907030204325067 0.003216663644973616
leaf_weight=5.0238998267705028 0.43825923436088476 0.28292571546626266 0.94909374690905668 0.20119907087064337 4.1232267120794859 1.5296271784754933
leaf_count=5693 105 43 182 57 265 93
internal_value=-0.0013421 -0.00729121 -0.0108689 0.00649622 0.00834168 0.00290519
internal_weight=12.5482 7.78555 5.97299 4.76269 4.32443 1.81255
internal_count=6438 6011 5875 427 322 136
is_linear=0
shrinkage=0.025


Tree=197
num_leaves=7
num_cat=0
split_feature=27 24 13 24 20 18
split_gain=1.59499 0.945562 0.702032 0.109706 0.0336356 0.0275774
threshold=0.12970096617937091 -3.6407675743103023 2.2132625579833989 0.19004444777965548 -0.037091746926307671 1.1912137866020205
decision_type=2 2 2 2 2 2
left_child=2 4 -1 -4 -2 -3
right_child=1 5 3 -5 -6 -7
leaf_value=-0.0030664945812862638 0 -0.011313508423734613 0.0091668305047818439 0 0.0030098125792013945 0
leaf_weight=0.82901803033018939 0.11820165114477288 4.8694881342780718 4.3871158275578637 0.34286655230971508 1.4547568672860502 0.035347262048162409
leaf_count=555 29 5011 359 329 160 3
internal_value=-0.00136846 -0.00776743 0.0056434 0.00860365 0.002387 -0.011216
internal_weight=12.0368 6.47779 5.559 4.72998 1.57296 4.90484
internal_count=6446 5203 1243 688 189 5014
is_linear=0
shrinkage=0.025


Tree=198
num_leaves=7
num_cat=0
split_feature=27 5 24 0 17 17
split_gain=1.1029 0.789911 0.569107 0.399731 0.100459 0.092564
threshold=0.12788855284452441 4.0155036449432382 -3.6407675743103023 0.19879305362701419 0.64668095111846935 0.06541857868433
decision_type=2 2 2 2 2 2
left_child=1 5 4 -4 -2 -1
right_child=2 -3 3 -5 -6 -7
leaf_value=0 0.0039665230307834544 -0.0025864053549984759 0.0013027713889291886 -0.0088548456962943035 -0.00056534899145154892 0.010332445578168578
leaf_weight=0.46651713900791936 1.4130676864369887 1.3306156307007766 0.41055370790127188 5.1874825371960469 0.21598536203964602 4.0011553818694665
leaf_count=157 84 774 106 4951 99 270
internal_value=0.000508905 0.00646809 -0.00445087 -0.00725699 0.00244963 0.0097667
internal_weight=13.0254 5.79829 7.22709 5.59804 1.62905 4.46767
internal_count=6441 1201 5240 5057 183 427
is_linear=0
shrinkage=0.025


Tree=199
num_leaves=6
num_cat=0
split_feature=21 6 25 26 22
split_gain=1.31053 0.879126 0.408284 0.232031 0.0721427
threshold=0.019692956469953064 2.9008637666702275 2.6968808174133305 -1.0062996149063108 0.87065240740776073
decision_type=2 2 2 2 2
left_child=4 2 -2 -3 -1
right_child=1 3 -4 -5 -6
leaf_value=-0.0081755333753516582 0.010243287122068019 0.0010858598731816119 -9.5660829904099017e-05 -0.0056649710215267105 0
leaf_weight=2.5327993041973982 5.5477449780883017 1.5164853006135675 1.4722550027581744 1.192051388807158 0.2832897416956256
leaf_count=3236 985 349 673 1119 31
internal_value=0.000402714 0.00496809 0.00841717 -0.00282178 -0.0076582
internal_weight=12.5446 9.72854 7.02 2.70854 2.81609
internal_count=6393 3126 1658 1468 3267
is_linear=0
shrinkage=0.025


Tree=200
num_leaves=7
num_cat=0
split_feature=21 24 7 5 26 10
split_gain=1.30754 0.912065 0.674162 0.321595 0.163901 0.0422356
threshold=0.96427011489868175 -3.6407675743103023 5.0630395412445077 4.0155036449432382 -0.80664408206939686 2.0564994812011723
decision_type=2 2 2 2 2 2
left_child=1 5 -3 4 -2 -1
right_child=3 2 -4 -5 -6 -7
leaf_value=0 0.0092117398509398343 -0.011254850686504855 0.0017989184030247401 -0.00090446195579680071 0 0.0038554915883397228
leaf_weight=0.25654138848040009 3.6162251302885124 5.1622134788922267 0.67838051426224399 0.5105093796737491 0.54040791347506445 1.5353192559487068
leaf_count=36 200 5639 233 88 144 109
internal_value=0 -0.00552058 -0.00903172 0.00668651 0.00828618 0.0032275
internal_weight=12.2996 7.63245 5.84059 4.66714 4.15663 1.79186
internal_count=6449 6017 5872 432 344 145
is_linear=0
shrinkage=0.025


Tree=201
num_leaves=7
num_cat=0
split_feature=13 22 21 15 6 16
split_gain=1.37675 1.13584 0.627477 0.395844 0.027717 0.0254666
threshold=4.2290732860565194 0.78722152113914501 0.019692956469953064 0.3465066552162171 3.7625218629837041 1.8996515274047854
decision_type=2 2 2 2 2 2
left_child=1 5 -2 -4 -3 -1
right_child=2 4 3 -5 -6 -7
leaf_value=-0.011019337039156411 -0.0026311073400062234 0.0038386707438516493 0.010480431869985006 -3.9287808302283117e-05 0 0
leaf_weight=3.9900976744102081 0.7829889379099767 1.5026653001768862 4.2470782341624727 1.3924556487909283 0.28399403791991051 0.083331533111049683
leaf_count=4116 998 75 749 397 49 37
internal_value=0 -0.00639625 0.00603602 0.00849776 0.00340092 -0.0108884
internal_weight=12.2826 5.86009 6.42252 5.63953 1.78666 4.07343
internal_count=6421 4277 2144 1146 124 4153
is_linear=0
shrinkage=0.025


Tree=202
num_leaves=7
num_cat=0
split_feature=27 6 19 27 22 8
split_gain=1.32929 0.760187 0.63742 0.490825 0.208586 0.0918528
threshold=0.12970096617937091 4.6525022983551034 0.54205480217933666 0.73299241065979015 -0.099203940480947481 2.9039324522018437
decision_type=2 2 2 2 2 2
left_child=1 4 3 -2 -1 -4
right_child=2 -3 5 -5 -6 -7
leaf_value=0 -0.010516261114641877 -0.003061199951751652 -0.00055729561886655877 0.0013716171178336494 0.0099922214207995141 0.0037059842733010748
leaf_weight=0.18705629332544038 4.8210714353663207 0.84530844355322177 0.29036634752992529 0.36465811118250702 4.6329419574540225 1.146192768239416
leaf_count=307 4945 575 128 87 380 52
internal_value=0 0.00620843 -0.00600943 -0.00880376 0.00920147 0.00210973
internal_weight=12.2876 5.66531 6.62229 5.18573 4.82 1.43656
internal_count=6474 1262 5212 5032 687 180
is_linear=0
shrinkage=0.025


Tree=203
num_leaves=7
num_cat=0
split_feature=21 19 13 13 13 2
split_gain=1.14448 0.698051 0.502437 0.408876 0.163642 0.153934
threshold=0.93252128362655651 0.40145985782146459 5.444207191467286 2.270145177841187 2.9750292301177983 1.5768821239471438
decision_type=2 2 2 2 2 2
left_child=1 2 -1 -2 -3 -5
right_child=3 4 -4 5 -6 -7
leaf_value=-0.010452179184986282 -0.0014883998153304174 -0.0012636831524975717 0.00080618419512117176 0 0.0044382972178356765 0.0091734657701308241
leaf_weight=4.0547810954230954 0.44741863681701932 0.40172181195521295 1.186893010024505 0.11136689892737184 1.8769129098218398 4.1529351543067605
leaf_count=5039 113 227 505 30 184 306
internal_value=0 -0.00476895 -0.00814363 0.00665834 0.00239684 0.00852971
internal_weight=12.232 7.52031 5.24167 4.71172 2.27863 4.2643
internal_count=6404 5955 5544 449 411 336
is_linear=0
shrinkage=0.025


Tree=204
num_leaves=7
num_cat=0
split_feature=21 19 27 6 20 12
split_gain=1.23093 0.86175 0.627875 0.418562 0.228274 0.117191
threshold=0.93252128362655651 0.49911202490329748 0.73299241065979015 4.1382005214691171 1.3875287771224978 2.6107920408248906
decision_type=2 2 2 2 2 2
left_child=1 2 -1 4 -2 -3
right_child=3 5 -4 -5 -6 -7
leaf_value=-0.012222620754174749 0.0086416428712865548 -0.00084334244579428383 0.0016044861002961171 -0.0020009650653438323 -0.00020823756987623301 0.0039713135617748798
leaf_weight=4.6373560778301908 3.5221134677194645 0.32609394187602436 0.35220888788171567 0.52811037693754759 0.37024060670228198 1.5717537175078176
leaf_count=5615 207 163 82 121 126 126
internal_value=-0.00160255 -0.00684333 -0.0103064 0.00519775 0.00745323 0.00222631
internal_weight=11.3079 6.88741 4.98956 4.42046 3.89235 1.89785
internal_count=6440 5986 5697 454 333 289
is_linear=0
shrinkage=0.025


Tree=205
num_leaves=6
num_cat=0
split_feature=21 5 25 16 24
split_gain=1.05248 0.674092 0.565719 0.0661376 0.0513587
threshold=0.0067647821269929418 4.037076711654664 2.6968808174133305 1.3924899101257326 -5.4408361911773673
decision_type=2 2 2 2 2
left_child=3 2 -2 -1 -3
right_child=1 4 -4 -5 -6
leaf_value=-0.0079726343640662157 0.0087119339182846391 0 -0.0016580246614043464 0 -0.0043271156832503906
leaf_weight=2.3838067203178084 6.9372786325075122 0.34002600418170903 1.3887214690184917 0.15536636917386193 1.0461096725266532
leaf_count=3122 1689 19 934 56 626
internal_value=0 0.0039522 0.00654016 -0.0075346 -0.00356379
internal_weight=12.2513 9.71214 8.326 2.53917 1.38614
internal_count=6446 3268 2623 3178 645
is_linear=0
shrinkage=0.025


Tree=206
num_leaves=6
num_cat=0
split_feature=21 13 25 21 15
split_gain=1.34261 0.805964 0.586227 0.116085 0.0477284
threshold=0.0067647821269929418 2.9750292301177983 2.6968808174133305 1.8658464550971987 -0.69066178798675526
decision_type=2 2 2 2 2
left_child=4 3 -3 -2 -1
right_child=1 2 -4 -5 -6
leaf_value=0 -0.0045864634581716168 0.010131843336804256 -0.0011406152366499292 0.00040726856457625474 -0.0079020156255818191
leaf_weight=0.18608163439421366 1.3730086489922531 6.934206646466917 1.370059511518775 0.51395577902439971 2.3653220115411395
leaf_count=85 1021 1404 809 24 3128
internal_value=0.000968151 0.00529357 0.00807258 -0.0030106 -0.00754671
internal_weight=12.7426 10.1912 8.30427 1.88696 2.5514
internal_count=6471 3258 2213 1045 3213
is_linear=0
shrinkage=0.025


Tree=207
num_leaves=7
num_cat=0
split_feature=26 13 22 27 21 10
split_gain=1.00789 0.584351 0.547303 0.438286 0.136496 0.0545936
threshold=-1.0062996149063108 2.2132625579833989 0.78722152113914501 0.73299241065979015 -0.16148892045021054 1.8385151624679568
decision_type=2 2 2 2 2 2
left_child=1 -1 3 -2 -3 -4
right_child=2 4 5 -5 -6 -7
leaf_value=-0.0025913889275997609 -0.0093599064570050374 0 -6.6547566894468934e-05 0.0013996047265595814 0.0089698695474709229 0.0030659713315768209
leaf_weight=0.71588592133048212 5.3499200766491413 0.12770110439305415 0.094553542105131672 0.3818361427693161 3.8804045957222115 1.483147565522813
leaf_count=458 5321 134 17 88 309 159
internal_value=-0.000180861 0.00557621 -0.005163 -0.00774261 0.00835749 0.00202018
internal_weight=12.0334 4.72399 7.30946 5.73176 4.00811 1.5777
internal_count=6486 901 5585 5409 443 176
is_linear=0
shrinkage=0.025


Tree=208
num_leaves=5
num_cat=0
split_feature=21 13 26 1
split_gain=1.06497 0.616481 0.463624 0.0454159
threshold=0.0067647821269929418 2.2132625579833989 -0.88267394900321949 6.5939443111419687
decision_type=2 2 2 2
left_child=3 -2 -3 -1
right_child=1 2 -4 -5
leaf_value=-0.0077245618786295619 -0.0035333896647337889 0.0089201291714220005 -0.00020212951154962913 0
leaf_weight=2.3092028750288605 0.88708776938801648 5.7969646500350773 2.9382890707565821 0.10783067902229948
leaf_count=3142 479 974 1795 35
internal_value=9.44879e-06 0.00419935 0.00644005 -0.00741447
internal_weight=12.0394 9.62234 8.73525 2.41703
internal_count=6425 3248 2769 3177
is_linear=0
shrinkage=0.025


Tree=209
num_leaves=7
num_cat=0
split_feature=13 26 22 15 21 21
split_gain=1.20457 0.760038 0.395539 0.333507 0.162757 0.149478
threshold=4.0095963478088388 -0.88267394900321949 0.82723981142044078 0.17059252411127093 1.2812116146087649 0.0067647821269929418
decision_type=2 2 2 2 2 2
left_child=2 5 4 -3 -1 -2
right_child=1 3 -4 -5 -6 -7
leaf_value=-0.010040684104651046 0 0.0021283173927024125 0.0007196464149743755 -0.0058850956239325817 0 0.0095499552565015359
leaf_weight=3.0933071862564252 0.15521276948493312 1.4118956624370187 1.1937151368110788 1.2607034917018607 0.68712721837800916 3.9345399447993259
leaf_count=3724 203 962 102 1116 72 275
internal_value=-0.000266024 0.00491231 -0.00686601 -0.00220894 -0.00901891 0.00890878
internal_weight=11.7365 6.76235 4.97415 2.6726 3.78043 4.08975
internal_count=6454 2556 3898 2078 3796 478
is_linear=0
shrinkage=0.025


Tree=210
num_leaves=7
num_cat=0
split_feature=6 25 27 21 22 12
split_gain=1.38231 0.764084 0.339625 0.138854 0.0859444 0.0161206
threshold=2.9008637666702275 0.76001298427581798 0.092444248497486128 0.17968884855508807 1.7472424507141116 4.3019502162933358
decision_type=2 2 2 2 2 2
left_child=1 3 -3 -1 5 -2
right_child=4 2 -4 -5 -6 -7
leaf_value=0 -0.0094656195886445426 0.0026014098567020611 -0.0053387961823774741 0.0090006548990321979 0 0
leaf_weight=0.29691505585287803 2.9465312222637303 0.83066562366002505 2.5699511813982099 4.2341207802091958 0.17078679194673885 0.2773185175283287
leaf_count=138 2971 39 2664 380 6 225
internal_value=-0.000819078 0.0041869 -0.00226132 0.00832963 -0.00878728 -0.00923859
internal_weight=11.3263 7.93165 3.40062 4.53104 3.39464 3.22385
internal_count=6423 3221 2703 518 3202 3196
is_linear=0
shrinkage=0.025


Tree=211
num_leaves=7
num_cat=0
split_feature=21 19 13 13 3 13
split_gain=1.10894 0.602198 0.462166 0.314143 0.216777 0.0659707
threshold=0.93252128362655651 0.64071357250213634 5.444207191467286 2.2132625579833989 1.1124424934387209 2.9750292301177983
decision_type=2 2 2 2 2 2
left_child=1 2 -1 -2 -5 -3
right_child=3 5 -4 4 -6 -7
leaf_value=-0.0097547546141357779 -0.0010383831558096743 -4.4314700650793429e-05 0.00082762411663980817 -0.00020607132002526215 0.0089704982993948183 0.0036031459301365358
leaf_weight=4.6141601525414444 0.36928607182926487 0.188629099560785 1.1673914252169195 0.15308823145460326 4.0065070720811491 1.2805503716808742
leaf_count=5283 99 115 503 59 283 70
internal_value=0 -0.00490009 -0.00764542 0.00647039 0.00802229 0.00249642
internal_weight=11.7796 7.25073 5.78155 4.52888 4.1596 1.46918
internal_count=6412 5971 5786 441 342 185
is_linear=0
shrinkage=0.025


Tree=212
num_leaves=6
num_cat=0
split_feature=21 6 27 27 24
split_gain=1.06284 0.636124 0.308187 0.0926889 0.086151
threshold=0.0067647821269929418 3.3257547616958623 0.31324043869972235 0.098548602312803282 -4.7665493488311759
decision_type=2 2 2 2 2
left_child=4 2 -2 -3 -1
right_child=1 3 -4 -5 -6
leaf_value=0 0.0088379645661239674 0.00010369893951748986 0 -0.0041835547020418959 -0.0076866326654074562
leaf_weight=0.26685146367526558 5.6200051710839016 1.0425115596372054 1.7641271653228612 1.0059045634079664 2.3233977840864117
leaf_count=24 889 302 1084 916 3213
internal_value=0.000260701 0.00445607 0.00717142 -0.00258915 -0.00706493
internal_weight=12.0228 9.43255 7.38413 2.04842 2.59025
internal_count=6428 3191 1973 1218 3237
is_linear=0
shrinkage=0.025


Tree=213
num_leaves=7
num_cat=0
split_feature=6 21 14 22 11 21
split_gain=1.17628 0.702152 0.302219 0.219599 0.0685726 0.0237326
threshold=2.9751008749008183 0.019692956469953064 0.55060869455337536 0.92618376016616832 2.7524881362915044 1.8658464550971987
decision_type=2 2 2 2 2 2
left_child=1 4 -3 5 -1 -2
right_child=3 2 -4 -5 -6 -7
leaf_value=0 -0.0088907927240450928 0.00923481409832109 0 0 -0.0041566091115425845 0
leaf_weight=0.19689074781490301 2.493146344721028 5.0645016925518576 1.7908524324302559 0.69619204394984979 1.2061025609982605 0.32744375063339237
leaf_count=3 3000 1234 473 54 1648 28
internal_value=0 0.00471664 0.00751443 -0.00718949 -0.0031706 -0.00859302
internal_weight=11.7751 8.25835 6.85535 3.51678 1.40299 2.82059
internal_count=6440 3358 1707 3082 1651 3028
is_linear=0
shrinkage=0.025


Tree=214
num_leaves=7
num_cat=0
split_feature=6 26 14 24 22 8
split_gain=1.04333 0.986207 0.300045 0.239713 0.0966127 0.115685
threshold=3.3257547616958623 -0.88385179638862599 0.10002287104725839 0.44769060611724859 0.98888972401618969 -0.79248350858688343
decision_type=2 2 2 2 2 2
left_child=1 3 -3 -1 5 -2
right_child=4 2 -4 -5 -6 -7
leaf_value=0.01005936440603388 0 0.0021384175493558868 -0.0052085382689968859 -7.9189743816028983e-05 0 -0.0080362172551035494
leaf_weight=5.2683766207519502 0.37172299130907127 1.0347249671031016 2.8668319100615918 0.23135944940077013 0.35624135719262984 2.2048108643175519
leaf_count=428 67 994 2027 381 29 2519
internal_value=0.000631295 0.00476062 -0.00245125 0.009203 -0.00647519 -0.00720203
internal_weight=12.3341 9.40129 3.90156 5.49974 2.93278 2.57653
internal_count=6445 3830 3021 809 2615 2586
is_linear=0
shrinkage=0.025


Tree=215
num_leaves=7
num_cat=0
split_feature=22 17 26 5 29 16
split_gain=1.16946 1.05637 0.551108 0.32021 0.133826 0.126536
threshold=0.78722152113914501 0.66221347451210033 -0.38771194219589228 4.0155036449432382 3.5000000000000004 0.57662907242774974
decision_type=2 2 2 2 2 2
left_child=1 2 -1 -3 -2 -6
right_child=4 3 -4 -5 5 -7
leaf_value=-0.011749773601660561 0 0.005576399992460338 0.0013141644640934438 -0.0023167995831881094 0.0082578872186824491 0
leaf_weight=4.2328172646921303 0.25956374203087795 2.5233598198683471 0.40052791107882502 0.58934626144036872 3.0761769263626779 0.32054488020366978
leaf_count=5451 40 359 96 225 147 91
internal_value=-0.000117542 -0.00518847 -0.00987573 0.00280472 0.00669508 0.00749472
internal_weight=11.4023 7.74605 4.63335 3.11271 3.65629 3.39672
internal_count=6409 6131 5547 584 278 238
is_linear=0
shrinkage=0.025


Tree=216
num_leaves=6
num_cat=0
split_feature=21 6 25 21 16
split_gain=1.08878 0.799889 0.556574 0.101176 0.059409
threshold=0.0067647821269929418 3.3576247692108159 2.6968808174133305 1.8658464550971987 1.3924899101257326
decision_type=2 2 2 2 2
left_child=4 2 -2 -3 -1
right_child=1 3 -4 -5 -6
leaf_value=-0.0075245536726722025 0.009678532677521787 -0.0046590314631910091 -0.0012931132405511877 0.00011543107519349882 0
leaf_weight=2.2454964489807039 6.4620146143133734 1.3894535989275025 1.2227768876982734 0.54076182865537692 0.15756475865418895
leaf_count=3200 1246 1203 764 26 64
internal_value=0.000511458 0.0046192 0.00761847 -0.00330135 -0.00709917
internal_weight=12.0181 9.61501 7.68479 1.93022 2.40306
internal_count=6503 3239 2010 1229 3264
is_linear=0
shrinkage=0.025


Tree=217
num_leaves=7
num_cat=0
split_feature=21 19 7 5 16 5
split_gain=0.940787 0.642516 0.514601 0.273401 0.185445 0.11692
threshold=0.93252128362655651 0.56599965691566478 5.0630395412445077 4.0155036449432382 0.65645599365234386 3.9106251001358037
decision_type=2 2 2 2 2 2
left_child=1 2 -1 4 -2 -3
right_child=3 5 -4 -5 -6 -7
leaf_value=-0.0095018383837527851 0.0088271783417043937 0.0044522886178680037 0.0015823884741944232 -0.00072157209122049228 0 -0.00051278283186617158
leaf_weight=4.5855932203376142 3.4976639422457088 1.3280658596559076 0.70865542185492802 0.47677168485824939 0.4414762102314852 0.46721525409520825
leaf_count=5496 203 70 258 94 144 171
internal_value=0.000181672 -0.00417109 -0.00736309 0.00633769 0.00781698 0.00281385
internal_weight=11.5054 7.08953 5.29425 4.41591 3.93914 1.79528
internal_count=6436 5995 5754 441 347 241
is_linear=0
shrinkage=0.025


Tree=218
num_leaves=6
num_cat=0
split_feature=21 6 5 24 21
split_gain=0.799166 0.551342 0.459395 0.0899986 0.0829847
threshold=0.0067647821269929418 3.1897164583206181 -0.25967426598072046 -4.7665493488311759 1.8658464550971987
decision_type=2 2 2 2 2
left_child=3 2 -2 -1 -3
right_child=1 4 -4 -5 -6
leaf_value=0 -0.0018682098997389901 -0.0039557608723226412 0.0080414252532375208 -0.0073943788467362333 0.00012181780962717436
leaf_weight=0.2523010963632254 0.59195294209348492 1.6452854161325379 6.1507856320422416 2.2180187024787319 0.53663913207128633
leaf_count=21 207 1307 1666 3219 27
internal_value=0 0.00340106 0.00621416 -0.00673057 -0.00269603
internal_weight=11.395 8.92466 6.74274 2.47032 2.18192
internal_count=6447 3207 1873 3240 1334
is_linear=0
shrinkage=0.025


Tree=219
num_leaves=7
num_cat=0
split_feature=6 25 26 22 1 25
split_gain=0.869462 0.691723 0.329857 0.167148 0.0948619 0.0495204
threshold=2.9008637666702275 0.76001298427581798 -1.0148830413818357 0.92618376016616832 6.4128239154815683 -8.5009303092956525
decision_type=2 2 2 2 2 2
left_child=1 5 -3 4 -2 -1
right_child=3 2 -4 -5 -6 -7
leaf_value=0 -0.0076827566107288501 0.0027084827874698375 -0.005103953783403347 0 0 0.0085231506848140095
leaf_weight=0.15204449533484865 2.8144640576538231 0.83203605704329708 2.462892314135388 0.73280800110660482 0.39271054590426491 4.335473030070716
leaf_count=12 3065 37 2661 51 94 499
internal_value=0 0.00438624 -0.00193423 -0.00576857 -0.00699832 0.0082594
internal_weight=11.7224 7.78245 3.29493 3.93998 3.20717 4.48752
internal_count=6419 3209 2698 3210 3159 511
is_linear=0
shrinkage=0.025


Tree=220
num_leaves=6
num_cat=0
split_feature=21 6 26 24 26
split_gain=1.19191 0.580721 0.44224 0.218162 0.169627
threshold=0.22058650106191638 2.9008637666702275 -0.79614809155464161 -4.7665493488311759 -1.0062996149063108
decision_type=2 2 2 2 2
left_child=3 2 -2 -1 -3
right_child=1 4 -4 -5 -6
leaf_value=1.1316308130965291e-05 0.0092622177134730997 0.00092044437105560462 -0.00079943394295217305 -0.0091231964735365764 -0.004828641927806015
leaf_weight=0.39739474822999854 4.5729869451242848 1.3247424080182102 1.3291375635671991 2.9134547227076855 0.96208886168096786
leaf_count=32 427 248 623 4353 785
internal_value=-0.000317869 0.00412392 0.00709562 -0.00792758 -0.00229417
internal_weight=11.4998 8.18896 5.90212 3.31085 2.28683
internal_count=6468 2083 1050 4385 1033
is_linear=0
shrinkage=0.025


Tree=221
num_leaves=6
num_cat=0
split_feature=21 13 25 15 8
split_gain=0.983689 0.76558 0.323411 0.0580192 0.0522332
threshold=0.019692956469953064 3.1696397066116337 2.6968808174133305 2.9411590099334721 -0.79248350858688343
decision_type=2 2 2 2 2
left_child=3 4 -3 -1 -2
right_child=1 2 -4 -5 -6
leaf_value=-0.0077202659752331794 0 0.0085652567691137209 -0.00022987873771054685 0 -0.0043920387698148022
leaf_weight=2.295428429533787 0.36089447150880016 5.979546674341691 1.3655101482800089 0.086193653696682193 1.4111596516850091
leaf_count=3283 37 1255 747 14 1124
internal_value=0 0.00391378 0.00699303 -0.00734807 -0.00366624
internal_weight=11.4987 9.11711 7.34506 2.38162 1.77205
internal_count=6460 3163 2002 3297 1161
is_linear=0
shrinkage=0.025


Tree=222
num_leaves=7
num_cat=0
split_feature=13 25 22 17 26 17
split_gain=0.805653 0.551329 0.43978 0.295237 0.207891 0.180241
threshold=4.0095963478088388 2.6968808174133305 0.78722152113914501 0.0095175788737833517 -1.0148830413818357 1.1326639056205752
decision_type=2 2 2 2 2 2
left_child=2 3 5 -2 -3 -1
right_child=1 4 -4 -5 -6 -7
leaf_value=-0.0091631422768163034 -0.00045539144685548976 0.0015707503588118035 0.0015006963893876048 0.0088765175235808475 -0.0049952221467255064 0
leaf_weight=2.7667414993375137 0.60664951786020527 0.57937379121722177 1.2928396502393296 4.1073594563240476 1.0623146341058598 0.90706141380360339
leaf_count=3684 446 31 115 804 1302 115
internal_value=0 0.00444883 -0.00528879 0.00741593 -0.00229893 -0.0078864
internal_weight=11.3223 6.3557 4.96664 4.71401 1.64169 3.6738
internal_count=6497 2583 3914 1250 1333 3799
is_linear=0
shrinkage=0.025


Tree=223
num_leaves=7
num_cat=0
split_feature=21 22 7 5 16 13
split_gain=1.08383 0.419354 0.524632 0.411185 0.147425 0.0509571
threshold=0.93252128362655651 0.71719717979431163 5.0630395412445077 4.0534253120422372 0.87812802195549022 2.9750292301177983
decision_type=2 2 2 2 2 2
left_child=1 2 -1 4 -2 -3
right_child=3 5 -4 -5 -6 -7
leaf_value=-0.009425855748353926 0.0089986151716756405 -0.00021949567386499993 0.0016813124058340824 -0.0016370621824191097 0 0.0027031761588546237
leaf_weight=4.8235319293235079 3.6335642522972198 0.18585189571604122 0.68655270448653016 0.45391475249198254 0.34438599452550978 1.2307897695427525
leaf_count=5576 240 63 250 102 113 82
internal_value=0 -0.00512124 -0.00730578 0.00621731 0.00822228 0.00147346
internal_weight=11.3586 6.92673 5.51008 4.43186 3.97795 1.41664
internal_count=6426 5971 5826 455 353 145
is_linear=0
shrinkage=0.025


Tree=224
num_leaves=6
num_cat=0
split_feature=22 6 26 0 26
split_gain=1.26207 0.634063 0.563368 0.04384 0.024773
threshold=0.036992715671658523 3.0745900869369511 -0.79614809155464161 3.5861003398895268 -1.1297530531883238
decision_type=2 2 2 2 2
left_child=4 2 -2 -3 -1
right_child=1 3 -4 -5 -6
leaf_value=0 0.0091574235827482104 0 -0.0016525189911346981 -0.0038055811025878789 -0.0089817844330335461
leaf_weight=0.25080884530325365 5.1497740169143063 0.20329223207954772 1.1855957752413804 1.4709797136456471 2.8435565252075339
leaf_count=99 439 34 576 763 4587
internal_value=-0.000946964 0.00378071 0.00674649 -0.00315214 -0.00873269
internal_weight=11.104 8.00964 6.33537 1.67427 3.09437
internal_count=6498 1812 1015 797 4686
is_linear=0
shrinkage=0.025


Tree=225
num_leaves=7
num_cat=0
split_feature=25 6 26 22 1 16
split_gain=1.14609 0.730228 0.411239 0.0671616 0.0616841 0.0238128
threshold=0.76001298427581798 3.1897164583206181 -1.0148830413818357 0.98888972401618969 1.7819609642028811 0.44851921498775488
decision_type=2 2 2 2 2 2
left_child=1 4 5 -3 -1 -2
right_child=2 3 -4 -5 -6 -7
leaf_value=0 -8.8746162626244591e-05 -0.0044616983851353048 -0.01059097850701691 0 0.0075308592215521239 0.001692654302648497
leaf_weight=0.077834840758441604 0.2238807501853447 1.4517021425563141 3.0519310551499075 0.39570388765423548 4.5213047182442097 0.67539101067086449
leaf_count=76 252 1041 4394 30 553 123
internal_value=-0.00201897 0.00338944 -0.00850556 -0.00355333 0.00722757 0.000490378
internal_weight=10.3977 6.44655 3.9512 1.84741 4.59914 0.899272
internal_count=6469 1700 4769 1071 629 375
is_linear=0
shrinkage=0.025


Tree=226
num_leaves=7
num_cat=0
split_feature=21 13 25 18 15 16
split_gain=1.01907 0.632918 0.369206 0.116923 0.0528835 0.0552452
threshold=0.019692956469953064 2.9750292301177983 2.6968808174133305 0.54179316759109508 2.9411590099334721 1.3924899101257326
decision_type=2 2 2 2 2 2
left_child=4 3 -3 -2 5 -1
right_child=1 2 -4 -5 -6 -7
leaf_value=-0.0074942554431884738 -0.0044464237074220902 0.0088766178800178328 -0.0003958944652787541 0.00046886031951455114 0 0
leaf_weight=2.2050868302721955 1.0826327981667399 6.2009720431815367 1.3861810411290205 0.69923330164601782 0.083579200596432091 0.15977312015093037
leaf_count=3234 883 1365 787 137 12 64
internal_value=0.000589698 0.00461233 0.00720167 -0.00267239 -0.00672724 -0.00708923
internal_weight=11.8175 9.36902 7.58715 1.78187 2.44844 2.36486
internal_count=6482 3172 2152 1020 3310 3298
is_linear=0
shrinkage=0.025


Tree=227
num_leaves=7
num_cat=0
split_feature=17 22 7 12 24 11
split_gain=0.71976 0.695368 0.623781 0.54349 0.278093 0.0871638
threshold=0.4898486882448197 0.71719717979431163 5.0630395412445077 2.8698732852935795 0.44769060611724859 2.392156839370728
decision_type=2 2 2 2 2 2
left_child=1 2 -1 -2 -5 -3
right_child=3 5 -4 4 -6 -7
leaf_value=-0.0107428534949255 -0.0026465636744156897 -0.00026219883397614823 0.0018309538471120023 0.0087398978580766808 -0.00059212591603184281 0.0039610293374236164
leaf_weight=3.332857138702821 0.85928016691832443 0.30162518700672114 0.66253390285419289 4.3368033776860102 0.29843352076204599 1.7020679626293711
leaf_count=4886 301 76 239 402 454 105
internal_value=0 -0.00434071 -0.00810424 0.00480807 0.00749492 0.00269958
internal_weight=11.4936 5.99908 3.99539 5.49452 4.63524 2.00369
internal_count=6463 5306 5125 1157 856 181
is_linear=0
shrinkage=0.025


Tree=228
num_leaves=7
num_cat=0
split_feature=26 6 22 27 21 11
split_gain=0.9076 0.524629 0.413637 0.42218 0.118625 0.0460133
threshold=-0.99824875593185414 4.6525022983551034 0.74892738461494457 0.73299241065979015 -0.16148892045021054 2.6385000944137578
decision_type=2 2 2 2 2 2
left_child=1 4 3 -2 -1 -4
right_child=2 -3 5 -5 -6 -7
leaf_value=0 -0.008794432646553706 -0.002303099704293756 -9.7883255824469733e-05 0.0015278498336500712 0.0087278345313257268 0.0026293581389028983
leaf_weight=0.10943595563730957 4.8155937358751544 0.68130202140309837 0.1454660390227217 0.35995647122035723 3.8547641670993471 1.3731002655476912
leaf_count=138 5234 495 38 85 343 145
internal_value=0 0.00560121 -0.00475708 -0.00706432 0.00818379 0.00153462
internal_weight=11.3396 4.6455 6.69412 5.17555 3.9642 1.51857
internal_count=6478 976 5502 5319 481 183
is_linear=0
shrinkage=0.025


Tree=229
num_leaves=7
num_cat=0
split_feature=21 24 7 5 3 13
split_gain=0.737968 0.40874 0.525775 0.300865 0.170374 0.0364163
threshold=0.93252128362655651 -3.6407675743103023 5.0630395412445077 4.0155036449432382 1.1124424934387209 2.9750292301177983
decision_type=2 2 2 2 2 2
left_child=1 5 -3 4 -2 -1
right_child=3 2 -4 -5 -6 -7
leaf_value=0 -0.00022432739048931969 -0.0096718010527133101 0.0015914570815242779 -0.0017114837335532344 0.0072213640186629142 0.0023329669292508691
leaf_weight=0.16094035728019651 0.15100531572534315 4.5528448463919631 0.6990699514208244 0.43528937682276581 3.2364751923269068 1.21623866999289
leaf_count=59 56 5598 255 99 279 98
internal_value=-0.00127165 -0.00536758 -0.00751795 0.00413936 0.00620843 0.00131772
internal_weight=10.4519 6.62909 5.25191 3.82277 3.38748 1.37718
internal_count=6444 6010 5853 434 335 157
is_linear=0
shrinkage=0.025


Tree=230
num_leaves=5
num_cat=0
split_feature=21 6 25 27
split_gain=1.01411 0.605268 0.373163 0.0792384
threshold=0.0067647821269929418 3.3576247692108159 2.6968808174133305 0.098548602312803282
decision_type=2 2 2 2
left_child=-1 2 -2 -3
right_child=1 3 -4 -5
leaf_value=-0.0071525516989529988 0.0087888027639993656 0 -0.00048109219377856239 -0.0039679895224404077
leaf_weight=2.0867080033967804 5.859299492043645 1.0336179785299462 1.3610488280392017 0.95686723847757083
leaf_count=3191 1244 316 767 911
internal_value=0.000328326 0.0043832 0.00704808 -0.00251643
internal_weight=11.2975 9.21083 7.22035 1.99049
internal_count=6429 3238 2011 1227
is_linear=0
shrinkage=0.025


Tree=231
num_leaves=7
num_cat=0
split_feature=22 17 27 5 13 16
split_gain=0.9459 0.676034 0.522563 0.215051 0.146901 0.110848
threshold=0.71719717979431163 0.66221347451210033 0.73299241065979015 4.0155036449432382 2.6076993942260747 0.57662907242774974
decision_type=2 2 2 2 2 2
left_child=1 2 -1 -3 -2 -6
right_child=4 3 -4 -5 5 -7
leaf_value=-0.010840374287975529 -0.00017945358198936324 0.0042936804566214076 0.0014643286653641919 -0.0020882882451217421 0.0072039282082536453 0
leaf_weight=4.0921086652815575 0.19903871990391087 2.1333058471791451 0.37309092818759371 0.54865456954576064 2.9130865369297685 0.43420772773970373
leaf_count=5486 56 351 87 227 160 111
internal_value=-0.000825445 -0.00538422 -0.00892151 0.00166506 0.00540569 0.0063951
internal_weight=10.6935 7.14716 4.4652 2.68196 3.54633 3.34729
internal_count=6478 6151 5573 578 327 271
is_linear=0
shrinkage=0.025


Tree=232
num_leaves=7
num_cat=0
split_feature=27 19 13 18 0 18
split_gain=1.09564 0.566508 0.41311 0.187852 0.0647608 0.0603536
threshold=0.098548602312803282 0.54205480217933666 2.2132625579833989 0.80072763562202465 5.3796977996826181 -0.23431517928838727
decision_type=2 2 2 2 2 2
left_child=2 3 -1 -2 -3 -4
right_child=1 4 5 -5 -6 -7
leaf_value=-0.0020916991308626491 -0.010315096112065556 0.0028830698699711648 0 0 -0.00052378247442340549 0.0075424370470974778
leaf_weight=0.61481395648297654 4.4753963065923017 1.2033376475374096 0.14952210763294749 0.38707355084625295 0.16930731786851527 3.2162125324248336
leaf_count=449 5289 120 130 64 93 304
internal_value=-0.00199415 -0.00699175 0.00467241 -0.00950373 0.00140084 0.00716677
internal_weight=10.2157 6.23511 3.98055 4.86247 1.37264 3.36573
internal_count=6449 5566 883 5353 213 434
is_linear=0
shrinkage=0.025


Tree=233
num_leaves=7
num_cat=0
split_feature=6 25 7 21 24 19
split_gain=0.818049 1.00667 0.280238 0.160899 0.0879166 0.0770996
threshold=3.1897164583206181 0.76001298427581798 5.0630395412445077 1.8658464550971987 -5.4408361911773673 -0.4305517971515655
decision_type=2 2 2 2 2 2
left_child=1 5 -3 4 -2 -1
right_child=3 2 -4 -5 -6 -7
leaf_value=0 0 -0.0056553377489598862 0.0017929344079815489 0 -0.0077646671347917605 0.009202588426877505
leaf_weight=0.062557643810578045 0.34511853993171904 2.5001354960731992 0.66134957288159046 0.54852479341207061 2.0858961752310288 4.8558630969855567
leaf_count=47 26 2776 242 31 2749 581
internal_value=0.000201989 0.00428566 -0.00318758 -0.0058352 -0.00707782 0.00890478
internal_weight=11.0594 8.07991 3.16149 2.97954 2.43101 4.91842
internal_count=6452 3646 3018 2806 2775 628
is_linear=0
shrinkage=0.025


Tree=234
num_leaves=7
num_cat=0
split_feature=6 25 7 1 0 24
split_gain=0.916364 0.750849 0.237419 0.118836 0.0916464 0.0821195
threshold=2.8355497121810918 0.76001298427581798 5.0630395412445077 6.4128239154815683 1.8557548522949221 -5.9030199050903311
decision_type=2 2 2 2 2 2
left_child=1 4 -3 5 -1 -2
right_child=3 2 -4 -5 -6 -7
leaf_value=0 0 -0.005022079602173277 0.0017584478075671822 0 0.0086270621761662999 -0.0080365312905569791
leaf_weight=0.078976774635520886 0.27314293570816595 2.1614360300445701 0.67085095355287183 0.49004762619006204 4.252747849059233 2.5321297318405414
leaf_count=62 21 2420 238 94 442 3177
internal_value=0 0.00417332 -0.00252077 -0.00659568 0.00822546 -0.00746659
internal_weight=10.4593 7.16401 2.83229 3.29532 4.33172 2.80527
internal_count=6454 3162 2658 3292 504 3198
is_linear=0
shrinkage=0.025


Tree=235
num_leaves=7
num_cat=0
split_feature=27 6 26 22 24 26
split_gain=0.756609 0.807962 0.412999 0.278143 0.180683 0.0570507
threshold=0.16831453144550326 4.1054792404174814 -0.38771194219589228 0.78722152113914501 0.44769060611724859 -0.35186640918254847
decision_type=2 2 2 2 2 2
left_child=1 4 3 -2 -1 -4
right_child=2 -3 5 -5 -6 -7
leaf_value=0.0087557415098788796 -0.009005906898844852 -0.0040162266506224608 0.0032446661823967628 0.00013134278339015497 0 -7.7496678442887364e-05
leaf_weight=4.2297707066463772 3.5988813534022484 1.0519786071854467 0.3394492806692142 0.87040293010068115 0.18989714263079793 0.19293700125126623
leaf_count=407 4442 992 27 124 369 84
internal_value=-0.000191339 0.00422921 -0.00534885 -0.00743664 0.00794538 0.00192906
internal_weight=10.4733 5.47165 5.00167 4.46928 4.41967 0.532386
internal_count=6445 1768 4677 4566 776 111
is_linear=0
shrinkage=0.025


Tree=236
num_leaves=7
num_cat=0
split_feature=6 21 14 21 15 26
split_gain=0.722273 0.553713 0.267195 0.220486 0.0465009 0.0406377
threshold=2.9008637666702275 0.019692956469953064 0.55060869455337536 1.1683329343795779 2.9411590099334721 -1.00289911031723
decision_type=2 2 2 2 2 2
left_child=1 -1 -3 4 -2 -5
right_child=3 2 -4 5 -6 -7
leaf_value=-0.0029690765538625268 -0.007451104683564855 0.0083735511036577403 0 0.0019921362374243213 0 -0.00072470295553334052
leaf_weight=1.117036471954634 2.5018999422864008 4.4212229378645134 1.6798475170071467 0.78955392538045999 0.092524641233467153 0.27882595163828205
leaf_count=1562 3113 1183 483 32 18 70
internal_value=0 0.00406041 0.00666805 -0.00537186 -0.00714253 0.000240262
internal_weight=10.8809 7.21811 6.10107 3.6628 2.59442 1.06838
internal_count=6461 3228 1666 3233 3131 102
is_linear=0
shrinkage=0.025


Tree=237
num_leaves=6
num_cat=0
split_feature=6 27 14 18 24
split_gain=0.846291 0.670873 0.318361 0.104564 0.0995497
threshold=2.9751008749008183 0.22439777851104739 0.10002287104725839 0.54179316759109508 0.088698435574769988
decision_type=2 2 2 2 2
left_child=1 4 -3 -2 -1
right_child=3 2 -4 -5 -6
leaf_value=0.0081769763594772334 -0.0077433112055896773 0.0022869273952790359 -0.0054660349498774335 0 0
leaf_weight=3.8586574349501461 2.3034817517655033 0.92354165195865823 2.1965420366832404 0.85290603598696169 0.36637788012012595
leaf_count=279 2846 856 1837 236 356
internal_value=-0.00030543 0.00357549 -0.00240636 -0.00675845 0.00758043
internal_weight=10.5015 7.34512 3.12008 3.15639 4.22504
internal_count=6410 3328 2693 3082 635
is_linear=0
shrinkage=0.025


Tree=238
num_leaves=6
num_cat=0
split_feature=6 25 7 23 0
split_gain=1.10611 0.866084 0.271839 0.0648055 0.0435436
threshold=3.1897164583206181 0.76001298427581798 5.0630395412445077 0.82477039098739635 3.5861003398895268
decision_type=2 2 2 2 2
left_child=1 3 -3 -1 -2
right_child=4 2 -4 -5 -6
leaf_value=0.0086878630948183221 0 -0.0054520002262831817 0.0018546968127385996 0 -0.0083889493926682813
leaf_weight=4.6484926922603336 0.3189382268537887 2.3885023706206998 0.64376183020794986 0.29906026514800021 2.1468956800090382
leaf_count=575 398 2764 237 62 2378
internal_value=-2.90461e-05 0.00407545 -0.00293375 0.00831493 -0.00798266
internal_weight=10.4457 7.97982 3.03226 4.94755 2.46583
internal_count=6414 3638 3001 637 2776
is_linear=0
shrinkage=0.025


Tree=239
num_leaves=6
num_cat=0
split_feature=21 6 26 24 27
split_gain=0.63945 0.502155 0.294253 0.0780536 0.0760209
threshold=0.0067647821269929418 3.2828766107559209 -0.88267394900321949 -4.7665493488311759 0.098548602312803282
decision_type=2 2 2 2 2
left_child=3 2 -2 -1 -3
right_child=1 4 -4 -5 -6
leaf_value=0 0.0081999559019658025 0 0 -0.0064008497560067192 -0.0039376748805818569
leaf_weight=0.22360654955264214 4.1982759885358965 0.95992446670425102 2.5367573787989377 1.9039868150102854 0.95751444908455596
leaf_count=21 451 307 1536 3176 950
internal_value=2.85591e-05 0.00348266 0.00608543 -0.00573073 -0.00254657
internal_weight=10.7801 8.65247 6.73503 2.12759 1.91744
internal_count=6441 3244 1987 3197 1257
is_linear=0
shrinkage=0.025


Tree=240
num_leaves=7
num_cat=0
split_feature=6 26 26 15 22 22
split_gain=0.79727 0.795357 0.295741 0.14651 0.132308 0.0664848
threshold=2.8165165185928349 -0.88267394900321949 -0.38771194219589228 0.72455710172653209 -0.099203940480947481 1.7472424507141116
decision_type=2 2 2 2 2 2
left_child=1 4 -3 5 -1 -2
right_child=3 2 -4 -5 -6 -7
leaf_value=0 -0.0083628694520734119 -0.0057687622852577239 0.0019798269095693513 0 0.0084674974609726082 0
leaf_weight=0.15282384503007085 2.269934488365835 2.2693528041199902 0.51886325702071179 0.81485695242008649 3.8008527419588063 0.12317077349871386
leaf_count=205 2935 2504 98 341 330 4
internal_value=-0.000681922 0.00332643 -0.003179 -0.00676212 0.00782554 -0.00794682
internal_weight=9.94985 6.74189 2.78822 3.20796 3.95368 2.39311
internal_count=6417 3137 2602 3280 535 2939
is_linear=0
shrinkage=0.025


Tree=241
num_leaves=6
num_cat=0
split_feature=6 21 24 25 2
split_gain=0.860838 0.58753 0.295086 0.26023 0.0339026
threshold=2.9008637666702275 0.019692956469953064 -5.4408361911773673 2.6968808174133305 4.7919359207153329
decision_type=2 2 2 2 2
left_child=1 4 -2 -3 -1
right_child=2 3 -4 -5 -6
leaf_value=-0.003592124335948332 0.00072408105841684689 0.0084033553236830989 -0.0080215942361756293 0 0
leaf_weight=1.0177085359464397 0.70915205247001756 4.8923671213560738 2.681701258807152 1.3443620240650487 0.10626298189163197
leaf_count=1566 35 1007 3185 690 1
internal_value=0 0.00426811 -0.00610613 0.00690605 -0.00303635
internal_weight=10.7516 7.3607 3.39085 6.23673 1.12397
internal_count=6484 3264 3220 1697 1567
is_linear=0
shrinkage=0.025


Tree=242
num_leaves=7
num_cat=0
split_feature=26 6 0 19 2 21
split_gain=0.824858 0.54166 0.342925 0.295367 0.0414914 0.0328536
threshold=-0.99824875593185414 4.1054792404174814 0.19879305362701419 0.54205480217933666 -0.10347792878746985 0.17968884855508807
decision_type=2 2 2 2 2 2
left_child=1 5 4 -4 -2 -1
right_child=2 -3 3 -5 -6 -7
leaf_value=0 0 -0.0028016168740703762 -0.0089901105834726668 0.00015631330191029743 0.0026860925325444436 0.0078395118884764994
leaf_weight=0.22901770438329627 0.21862551117374096 0.76949201651586907 4.3178004896944913 0.9958674218141822 0.16193864793603996 2.8815568794925639
leaf_count=123 100 661 5154 188 10 177
internal_value=-0.00119095 0.00438308 -0.00584701 -0.00742518 0.00144994 0.00756246
internal_weight=9.5743 3.88007 5.69423 5.31367 0.380564 3.11057
internal_count=6413 961 5452 5342 110 300
is_linear=0
shrinkage=0.025


Tree=243
num_leaves=6
num_cat=0
split_feature=21 6 25 21 16
split_gain=0.757118 0.546811 0.30642 0.0677165 0.0491923
threshold=0.0067647821269929418 3.3576247692108159 2.6968808174133305 1.8658464550971987 1.3924899101257326
decision_type=2 2 2 2 2
left_child=4 2 -2 -3 -1
right_child=1 3 -4 -5 -6
leaf_value=-0.0066321765399416773 0.0080784550186854664 -0.0037353503136739311 -0.00033019205809300565 0 0
leaf_weight=1.9169099899736477 5.5161228046927118 1.3520411529279952 1.3304299109258861 0.56414021283853788 0.14469427832227655
leaf_count=3183 1263 1214 768 33 60
internal_value=0.000143497 0.00381232 0.00646718 -0.00258754 -0.00622339
internal_weight=10.8243 8.76273 6.84655 1.91618 2.0616
internal_count=6521 3278 2031 1247 3243
is_linear=0
shrinkage=0.025


Tree=244
num_leaves=7
num_cat=0
split_feature=25 5 26 26 19 5
split_gain=0.499363 0.607813 0.487176 0.438587 0.164271 0.0391059
threshold=0.76001298427581798 3.9106251001358037 -1.029378294944763 -0.38771194219589228 -0.45090688765048975 4.037076711654664
decision_type=2 2 2 2 2 2
left_child=1 4 5 -4 -1 -2
right_child=2 -3 3 -5 -6 -7
leaf_value=-6.5465950325220085e-05 0.0030427257499116064 -0.0033614620793520032 -0.0096409524631741114 0.0014119701697371577 0.007504866194399407 0
leaf_weight=0.17975168607154035 0.95433387184311846 1.2898920071420432 2.6861779920254776 0.36856337678909801 4.7004583823218127 0.16482666393494583
leaf_count=160 91 734 4316 92 803 245
internal_value=0 0.0034752 -0.00439497 -0.00748278 0.00670143 0.00223933
internal_weight=10.344 6.1701 4.1739 3.05474 4.88021 1.11916
internal_count=6441 1697 4744 4408 963 336
is_linear=0
shrinkage=0.025


Tree=245
num_leaves=7
num_cat=0
split_feature=22 27 5 19 29 16
split_gain=0.923781 0.51799 0.230526 0.203874 0.134789 0.093999
threshold=0.78722152113914501 0.12788855284452441 3.6543366909027104 0.40145985782146459 3.5000000000000004 0.63077071309089672
decision_type=2 2 2 2 2 2
left_child=1 2 -1 -3 -2 -6
right_child=4 3 -4 -5 5 -7
leaf_value=0.0040272884322506784 -0.00012340862531231412 -0.0098452306439603052 -0.0025900306145974447 0 0.006799245363649062 0
leaf_weight=1.8395418598447579 0.25050718017519136 3.8394113923059194 0.74794195843423938 0.5950092450257215 2.487799672326219 0.31375095203838999
leaf_count=273 39 4893 805 185 146 93
internal_value=-0.00156502 -0.00584728 0.000844478 -0.00879258 0.0050241 0.0060696
internal_weight=10.074 7.0219 2.58748 4.43442 3.05206 2.80155
internal_count=6434 6156 1078 5078 278 239
is_linear=0
shrinkage=0.025


Tree=246
num_leaves=6
num_cat=0
split_feature=6 21 14 22 2
split_gain=0.815948 0.530225 0.283158 0.238985 0.0318668
threshold=2.9008637666702275 0.019692956469953064 0.55060869455337536 0.92618376016616832 4.7919359207153329
decision_type=2 2 2 2 2
left_child=1 4 -3 -2 -1
right_child=3 2 -4 -5 -6
leaf_value=-0.0034213143443692314 -0.0078699905174844029 0.0083956159919699493 0 0.00026321691101247188 0
leaf_weight=0.98042832430292015 2.4619220448330457 4.2931395767482172 1.6739482193625006 0.82377047598129127 0.10564681887626648
leaf_count=1602 3120 1201 469 59 1
internal_value=0 0.00404036 0.00660235 -0.00614823 -0.00286874
internal_weight=10.3389 7.05316 5.96709 3.28569 1.08608
internal_count=6452 3273 1670 3179 1603
is_linear=0
shrinkage=0.025


Tree=247
num_leaves=7
num_cat=0
split_feature=27 5 27 24 19 6
split_gain=0.939427 0.57257 0.415391 0.191858 0.189672 0.0601679
threshold=0.16282909363508227 4.0155036449432382 0.70618626475334179 0.44769060611724859 0.56599965691566478 3.9463615417480473
decision_type=2 2 2 2 2 2
left_child=1 3 4 -1 -2 -3
right_child=2 5 -4 -5 -6 -7
leaf_value=0.0088502499708079437 -0.0089115668972164913 0 0.0017731703502945385 -5.9003535895440751e-06 0 -0.0034841957092452123
leaf_weight=4.0560311978661048 3.5882610264634422 0.36641731217241591 0.5451474098554171 0.20120436481010973 0.64903757278079854 0.9200425477574754
leaf_count=392 4499 58 120 389 126 905
internal_value=0 0.00502114 -0.00573116 0.00797943 -0.00781043 -0.00233455
internal_weight=10.3261 5.5437 4.78245 4.25724 4.2373 1.28646
internal_count=6489 1744 4745 781 4625 963
is_linear=0
shrinkage=0.025


Tree=248
num_leaves=7
num_cat=0
split_feature=21 19 5 15 13 3
split_gain=0.930715 0.870242 0.266079 0.231552 0.202153 0.119891
threshold=0.93252128362655651 0.2825732976198197 4.0155036449432382 1.1307998895645144 2.9750292301177983 1.1810124516487124
decision_type=2 2 2 2 2 2
left_child=1 3 5 -1 -3 -2
right_child=2 4 -4 -5 -6 -7
leaf_value=-0.010782494739770828 0 -0.0016426465016744852 -0.00092694737800911491 0 0.0045976191642849327 0.007766069633519084
leaf_weight=3.2306385144438541 0.22753301171178497 0.51208883174695108 0.50305580750864454 0.47051241121152987 2.2682426343781117 3.4318490184523398
leaf_count=5245 61 372 100 145 291 290
internal_value=-0.000225524 -0.00519996 0.0054489 -0.00966142 0.00232795 0.00707629
internal_weight=10.6439 6.48148 4.16244 3.70115 2.78033 3.65938
internal_count=6504 6053 451 5390 663 351
is_linear=0
shrinkage=0.025


Tree=249
num_leaves=7
num_cat=0
split_feature=21 19 4 9 12 26
split_gain=0.697178 0.366158 0.466482 0.221162 0.129123 0.0935404
threshold=0.98258668184280407 0.19825292378664019 -0.21814061701297757 1.0434789061546328 2.6107920408248906 -0.80664408206939686
decision_type=2 2 2 2 2 2
left_child=1 2 -1 -2 -3 -5
right_child=3 4 -4 5 -6 -7
leaf_value=0.0013623420019010252 -0.00076632907877613454 -0.0017943516615100412 -0.0095171733623385761 0.0073191711428200971 0.0030395592553400502 0
leaf_weight=0.71112789576000102 0.39546492470253758 0.54331438566441681 2.8510818982940691 2.9029625842558753 2.2976929619799193 0.47371390499756616
leaf_count=182 71 385 4979 201 507 120
internal_value=0 -0.00424919 -0.00708808 0.00511874 0.000763309 0.00660012
internal_weight=10.1754 6.40322 3.56221 3.77214 2.84101 3.37668
internal_count=6445 6053 5161 392 892 321
is_linear=0
shrinkage=0.025


Tree=250
num_leaves=7
num_cat=0
split_feature=22 12 11 17 15 16
split_gain=0.796935 0.675029 0.192623 0.178705 0.146233 0.141593
threshold=0.71719717979431163 5.2760717868804941 2.222367644309998 0.94870305061340343 0.2939916998147965 0.57662907242774974
decision_type=2 2 2 2 2 2
left_child=1 3 -2 -1 -3 -4
right_child=2 4 5 -5 -6 -7
leaf_value=-0.0099297970368496819 -0.00062551361030183464 0.0041851389680624311 0.0073579576451252501 0 -0.0010855708232654496 0
leaf_weight=3.0893268550171342 0.27784051616617977 1.5636636356575766 2.7142886796355019 1.1439046161831354 0.78351629864118866 0.30338153769844201
leaf_count=4965 75 573 153 200 404 108
internal_value=-0.000693766 -0.00504219 0.0050413 -0.00861909 0.00203363 0.00640729
internal_weight=9.87592 6.58041 3.29551 4.23323 2.34718 3.01767
internal_count=6478 6142 336 5165 977 261
is_linear=0
shrinkage=0.025


Tree=251
num_leaves=6
num_cat=0
split_feature=26 6 22 24 1
split_gain=0.809022 0.533181 0.195261 0.138179 0.0685204
threshold=-0.88267394900321949 3.3576247692108159 1.4960820674896242 0.44769060611724859 6.4128239154815683
decision_type=2 2 2 2 2
left_child=1 3 -2 -1 -3
right_child=2 4 -4 -5 -6
leaf_value=0.0067506782248468568 -0.009030108767130984 -0.0042067734019205823 0 0 0
leaf_weight=3.7453543138799437 3.327951341419976 1.6076199483795788 0.24117457549436938 0.21329836830773263 0.29955210281696043
leaf_count=438 3803 1731 14 420 56
internal_value=-0.00269006 0.00220958 -0.00806265 0.0059031 -0.00327557
internal_weight=9.43495 5.86582 3.56913 3.95865 1.90717
internal_count=6462 2645 3817 858 1787
is_linear=0
shrinkage=0.025


Tree=252
num_leaves=7
num_cat=0
split_feature=27 6 26 21 21 26
split_gain=0.789495 0.50098 0.35796 0.372142 0.151311 0.0594564
threshold=0.12970096617937091 4.6525022983551034 -0.38771194219589228 0.98258668184280407 -0.16148892045021054 -0.35186640918254847
decision_type=2 2 2 2 2 2
left_child=1 4 3 -2 -1 -4
right_child=2 -3 5 -5 -6 -7
leaf_value=0 -0.0089593465955221576 -0.0023599360838517211 0.0032538579424847718 0.00035910993282036683 0.0084440396281848865 -0.00014237084650241963
leaf_weight=0.15137889611651179 3.3288100672070868 0.69205650940057228 0.32649144445895217 1.6391827501647638 3.9335789915057831 0.20273754830122914
leaf_count=210 4869 576 22 251 475 83
internal_value=0 0.00516674 -0.00470559 -0.00661984 0.00772686 0.00187023
internal_weight=10.2742 4.77701 5.49722 4.96799 4.08496 0.529229
internal_count=6486 1261 5225 5120 685 105
is_linear=0
shrinkage=0.025


Tree=253
num_leaves=7
num_cat=0
split_feature=13 25 22 21 21 27
split_gain=0.692987 0.502683 0.369413 0.279528 0.241859 0.174407
threshold=4.0095963478088388 2.6968808174133305 0.87065240740776073 0.0067647821269929418 1.8658464550971987 0.092444248497486128
decision_type=2 2 2 2 2 2
left_child=2 3 4 -2 -1 -3
right_child=1 5 -4 -5 -6 -7
leaf_value=-0.0088046275945546423 -0.00061345022723799294 0.001383416568459774 0.0013960443851496901 0.0086315192833018844 0.00018592877556632473 -0.0046049569688200931
leaf_weight=2.5409636467666137 0.33044785927995679 0.53541651068371698 1.1034301427098396 4.0812658504473802 0.51934646401787166 0.99807680969024659
leaf_count=3779 493 30 89 773 27 1267
internal_value=0 0.0044679 -0.00483956 0.00731696 -0.0073346 -0.00209889
internal_weight=10.1089 5.94521 4.16374 4.41171 3.06031 1.53349
internal_count=6458 2563 3895 1266 3806 1297
is_linear=0
shrinkage=0.025


Tree=254
num_leaves=7
num_cat=0
split_feature=21 19 5 5 5 20
split_gain=0.982971 0.713494 0.260122 0.163922 0.161488 0.120464
threshold=0.93252128362655651 0.2825732976198197 4.0155036449432382 4.1350474357604989 0.21274886280298236 2.1181167364120488
decision_type=2 2 2 2 2 2
left_child=1 5 4 -3 -2 -1
right_child=2 3 -4 -5 -6 -7
leaf_value=-0.010702235018372253 -6.0284933587136691e-06 0.0038346891481820058 -0.0011101462645096334 -0.0017330181637914756 0.0074872666269986945 0
leaf_weight=3.2581312632355552 0.26719734161452002 1.8767756489760361 0.52995588337944344 0.50098015615731117 3.1857624092262995 0.23330013325903554
leaf_count=5320 87 258 101 373 265 81
internal_value=-0.00136507 -0.00636132 0.00474436 0.00143499 0.00650745 -0.0101254
internal_weight=9.8521 5.86919 3.98292 2.37776 3.45296 3.49143
internal_count=6485 6032 453 631 352 5401
is_linear=0
shrinkage=0.025


Tree=255
num_leaves=7
num_cat=0
split_feature=27 13 26 25 21 26
split_gain=0.614841 0.430563 0.350658 0.401057 0.143913 0.054778
threshold=0.12970096617937091 2.2132625579833989 -0.38771194219589228 0.43002949655056005 0.18773660063743594 -0.35186640918254847
decision_type=2 2 2 2 2 2
left_child=1 -1 3 -2 -3 -4
right_child=2 4 5 -5 -6 -7
leaf_value=-0.0022936576113839332 2.3794417712076855e-05 0 0.0032505086782399365 -0.0092762624769508698 0.0078012874052360405 -3.5495037700505831e-06
leaf_weight=0.66389816593073181 2.5998430514882784 0.35610865399576175 0.32599976479468751 2.5030050940076762 3.4732073074992513 0.20842113211983804
leaf_count=562 969 358 26 4204 315 89
internal_value=0 0.0044315 -0.00431269 -0.00625259 0.00694394 0.00199546
internal_weight=10.1305 4.49321 5.63727 5.10285 3.82932 0.534421
internal_count=6523 1235 5288 5173 673 115
is_linear=0
shrinkage=0.025


Tree=256
num_leaves=7
num_cat=0
split_feature=26 5 22 21 24 24
split_gain=1.01459 0.464777 0.445156 0.112488 0.0487057 0.036888
threshold=-0.96854642033576954 4.0155036449432382 0.78722152113914501 0.22058650106191638 -4.0009253025054923 -5.4408361911773673
decision_type=2 2 2 2 2 2
left_child=1 3 4 -1 -2 -3
right_child=2 5 -4 -5 -6 -7
leaf_value=0 0 0 0.00107552386158204 0.0080822192257397358 -0.0091257285123636425 -0.0029238914795487185
leaf_weight=0.30951385865410008 0.068443479482084846 0.3010523132397791 1.213272819182748 3.348748793687264 3.8923823118384462 0.76405987714315415
leaf_count=237 8 19 153 285 4914 795
internal_value=-0.00102798 0.00465605 -0.00656931 0.00740724 -0.00890201 -0.00207931
internal_weight=9.89747 4.72337 5.1741 3.65826 3.96083 1.06511
internal_count=6411 1336 5075 522 4922 814
is_linear=0
shrinkage=0.025


Tree=257
num_leaves=7
num_cat=0
split_feature=26 5 26 24 18 26
split_gain=0.43158 0.612048 0.378814 0.247436 0.0894235 0.0603558
threshold=-0.88267394900321949 4.037076711654664 -0.38771194219589228 0.44769060611724859 1.1912137866020205 -0.35186640918254847
decision_type=2 2 2 2 2 2
left_child=1 3 4 -1 -2 -4
right_child=2 -3 5 -5 -6 -7
leaf_value=0.0073390617027726986 -0.0078036460979491592 -0.0039741798781967536 0.0032327447862066138 -0.00074400840359199446 0 -0.0001835060371648564
leaf_weight=4.2471012278510898 3.018873312830693 1.3099749434659314 0.32684031130338553 0.34429225116400619 0.12084959783533111 0.2075749521027318
leaf_count=658 3725 1192 25 766 3 91
internal_value=-0.000720536 0.00241363 -0.00496465 0.00600943 -0.00728879 0.00180953
internal_weight=9.57551 5.90137 3.67414 4.59139 3.13972 0.534415
internal_count=6460 2616 3844 1424 3728 116
is_linear=0
shrinkage=0.025


Tree=258
num_leaves=7
num_cat=0
split_feature=21 7 19 23 16 7
split_gain=0.720281 0.421786 0.315696 0.23043 0.13282 0.0485484
threshold=0.93252128362655651 5.0630395412445077 0.64071357250213634 0.66878905892372142 0.71491739153862011 5.3931529521942148
decision_type=2 2 2 2 2 2
left_child=1 2 -1 4 -2 -3
right_child=3 5 -4 -5 -6 -7
leaf_value=-0.0093555131605400198 0.0068498287423416643 0.0029817636497483781 0.00025547996340721102 -0.0010936454931076238 0 0
leaf_weight=3.8854912386450451 2.6566116966496347 0.4194192065115202 0.89602841699525004 0.61835294515913108 0.33120086053531839 0.22160502850601915
leaf_count=5550 172 126 183 136 136 129
internal_value=-0.00130167 -0.00566944 -0.00770555 0.00401796 0.00588067 0.0017784
internal_weight=9.02871 5.42254 4.78152 3.60617 2.98781 0.641024
internal_count=6432 5988 5733 444 308 255
is_linear=0
shrinkage=0.025


Tree=259
num_leaves=5
num_cat=0
split_feature=21 13 25 16
split_gain=0.588594 0.441012 0.3027 0.0432238
threshold=0.0067647821269929418 2.2132625579833989 2.6968808174133305 1.3924899101257326
decision_type=2 2 2 2
left_child=3 -2 -3 -1
right_child=1 2 -4 -5
leaf_value=-0.0060913244412367437 -0.0030060434731306804 0.0071171260607279345 -0.00072748717473256281 0
leaf_weight=1.738331975204346 0.78866369940806169 5.9382411591977871 1.2680114285612942 0.14120746997286904
leaf_count=3148 474 1772 942 65
internal_value=0 0.00333884 0.00549218 -0.00569349
internal_weight=9.87446 7.99492 7.20625 1.87954
internal_count=6401 3188 2714 3213
is_linear=0
shrinkage=0.025


Tree=260
num_leaves=7
num_cat=0
split_feature=26 19 0 13 21 1
split_gain=0.582158 0.524853 0.43474 0.380433 0.103421 0.0901302
threshold=-0.99824875593185414 0.54205480217933666 0.19879305362701419 2.2132625579833989 -0.16148892045021054 4.2681381702423105
decision_type=2 2 2 2 2 2
left_child=3 2 -2 -1 -5 -3
right_child=1 5 -4 4 -6 -7
leaf_value=-0.0018629883095529931 0.001671987262766506 0.0039651475862055915 -0.0087549146762550684 0 0.0076944848017406753 -0.00037093350241288961
leaf_weight=0.56832964546993014 0.34088258730480436 1.3373543661800793 4.0475302497579833 0.11194253422581857 3.3480188573157648 0.19133135941228818
leaf_count=472 100 102 5168 155 349 102
internal_value=0 -0.00373978 -0.00682016 0.00483621 0.00712609 0.00259668
internal_weight=9.94539 5.9171 4.38841 4.02829 3.45996 1.52869
internal_count=6448 5472 5268 976 504 204
is_linear=0
shrinkage=0.025


Tree=261
num_leaves=7
num_cat=0
split_feature=26 13 0 22 21 2
split_gain=0.709981 0.33637 0.307504 0.22576 0.0934985 0.0422229
threshold=-0.99824875593185414 2.270145177841187 0.19879305362701419 0.74892738461494457 0.18773660063743594 -0.10347792878746985
decision_type=2 2 2 2 2 2
left_child=1 -1 5 -4 -3 -2
right_child=2 4 3 -5 -6 -7
leaf_value=-0.0017778491883967786 0 0 -0.0082496233514612917 0 0.0072130472400269794 0.0026893622162221689
leaf_weight=0.57282613281859118 0.22428272686374839 0.22684327158640405 3.9779454440940754 1.1837008697148119 2.9699881154301693 0.16103208561980853
leaf_count=487 102 240 5206 185 242 9
internal_value=-0.00077166 0.00431929 -0.00523149 -0.00680022 0.00659235 0.00142521
internal_weight=9.31662 3.76966 5.54696 5.16165 3.19683 0.385315
internal_count=6471 969 5502 5391 482 111
is_linear=0
shrinkage=0.025


Tree=262
num_leaves=7
num_cat=0
split_feature=13 25 22 17 27 7
split_gain=0.654195 0.404912 0.380387 0.245422 0.12459 0.121697
threshold=4.2290732860565194 2.6968808174133305 0.82723981142044078 0.0095175788737833517 0.092444248497486128 -1.0835801362991331
decision_type=2 2 2 2 2 2
left_child=2 3 5 -2 -3 -1
right_child=1 4 -4 -5 -6 -7
leaf_value=0 -0.00038701385194524218 0.0011758966410125794 0.0016239968809391718 0.0085623875647071728 -0.0038101132671361001 -0.0076609107119053254
leaf_weight=0.37985759474031544 0.32769042832660522 0.48232926457421832 1.3553916434066193 3.6466602484906616 0.83017274717713008 2.9085582815532689
leaf_count=105 344 24 111 714 1091 4051
internal_value=0.000238626 0.00485641 -0.00416271 0.00732356 -0.00150764 -0.00684274
internal_weight=9.93066 5.28685 4.64381 3.97435 1.3125 3.28842
internal_count=6440 2173 4267 1058 1115 4156
is_linear=0
shrinkage=0.025


Tree=263
num_leaves=7
num_cat=0
split_feature=26 5 26 22 24 24
split_gain=0.509602 0.620809 0.310214 0.334149 0.256492 0.0628499
threshold=-0.88267394900321949 4.037076711654664 -0.38771194219589228 0.78722152113914501 0.44769060611724859 -5.4408361911773673
decision_type=2 2 2 2 2 2
left_child=1 4 3 -2 -1 -3
right_child=2 5 -4 -5 -6 -7
leaf_value=0.0083144106792456714 -0.0083019820932420125 0 0.0018025271375127043 0.00087580185680766415 -0.00053133879250071622 -0.0040233735885258316
leaf_weight=4.7242930372267438 2.4898786239064075 0.39400297368410964 0.53108098811935622 0.80199576019367658 0.31092820258709242 1.0647192835349413
leaf_count=680 3595 21 108 113 744 1182
internal_value=0.00033606 0.00400445 -0.00392493 -0.00613244 0.00715279 -0.00301963
internal_weight=10.3169 6.49394 3.82296 3.29187 5.03522 1.45872
internal_count=6443 2627 3816 3708 1424 1203
is_linear=0
shrinkage=0.025


Tree=264
num_leaves=7
num_cat=0
split_feature=26 0 13 22 18 1
split_gain=0.550437 0.300368 0.280411 0.273461 0.0401747 0.0398198
threshold=-1.0090993046760557 0.19879305362701419 2.270145177841187 0.74892738461494457 -0.23431517928838727 1.0000000180025095e-35
decision_type=2 2 2 2 2 2
left_child=2 5 -1 -3 -4 -2
right_child=1 3 4 -5 -6 -7
leaf_value=-0.0017190424852999476 0 -0.0082071402659128195 0 0.00015476157198149139 0.0061615764501676794 0.0026685543760304412
leaf_weight=0.53987901204527622 0.21033189025911259 4.010558126406977 0.16635827512072898 1.202122044531279 2.5900068308837945 0.16416878406016622
leaf_count=448 101 5264 134 188 284 10
internal_value=-0.00121381 -0.00495863 0.00354331 -0.00653512 0.00582353 0.00148723
internal_weight=8.88342 5.58718 3.29624 5.21268 2.75637 0.374501
internal_count=6429 5563 866 5452 418 111
is_linear=0
shrinkage=0.025


Tree=265
num_leaves=7
num_cat=0
split_feature=13 25 22 21 26 15
split_gain=0.68424 0.439723 0.300929 0.240298 0.151446 0.118389
threshold=4.0095963478088388 2.6968808174133305 0.78722152113914501 0.0067647821269929418 -1.0148830413818357 1.2584255933761599
decision_type=2 2 2 2 2 2
left_child=2 3 5 -2 -3 -1
right_child=1 4 -4 -5 -6 -7
leaf_value=-0.0079987718933072112 -0.00047176659138131082 0.0012541469117524147 0.00085571377840765607 0.0081608999504687307 -0.0042966277937578224 0
leaf_weight=2.6189127926627411 0.29483764142059943 0.5228553247216039 1.1735137815230698 3.9825086982782523 0.92094539093159256 0.33014046185053292
leaf_count=3662 466 31 114 792 1272 139
internal_value=0 0.00429467 -0.00502016 0.00695861 -0.00190317 -0.00721212
internal_weight=9.84371 5.72115 4.12257 4.27735 1.4438 2.94905
internal_count=6476 2561 3915 1258 1303 3801
is_linear=0
shrinkage=0.025


Tree=266
num_leaves=7
num_cat=0
split_feature=13 22 15 17 27 23
split_gain=0.613091 0.486627 0.371597 0.223821 0.119073 0.0240499
threshold=4.2424738407135019 0.82723981142044078 0.3465066552162171 0.0095175788737833517 0.10159657523036005 1.0000000180025095e-35
decision_type=2 2 2 2 2 2
left_child=1 -1 3 -2 -4 -3
right_child=2 5 4 -5 -6 -7
leaf_value=-0.0079816823041329883 -0.00040903769639918507 0.0024260770877766024 0.00097814867177592317 0.0078066971041375957 -0.0039139750016017544 0
leaf_weight=3.0292747335697641 0.35618952088407274 1.0302100489680013 0.4832095273886805 3.324253642851545 0.77604456276094425 0.38256170309978177
leaf_count=4204 563 68 22 932 617 44
internal_value=-5.78513e-05 -0.0049123 0.00395386 0.00651396 -0.00175642 0.00178627
internal_weight=9.38174 4.44205 4.9397 3.68044 1.25925 1.41277
internal_count=6450 4316 2134 1495 639 112
is_linear=0
shrinkage=0.025


Tree=267
num_leaves=7
num_cat=0
split_feature=13 25 22 17 26 14
split_gain=0.814304 0.53248 0.249272 0.158195 0.0681399 0.0195672
threshold=4.0095963478088388 2.6968808174133305 0.98888972401618969 0.0095175788737833517 -1.0396538376808164 3.5527719259262089
decision_type=2 2 2 2 2 2
left_child=2 3 5 -2 -3 -1
right_child=1 4 -4 -5 -6 -7
leaf_value=-0.0087731907377082748 0 0 4.4730818166546293e-05 0.0075884572513381827 -0.0041136672471526661 0
leaf_weight=2.740755886210537 0.4650095166107352 0.25939397685579002 0.87964842459041381 3.4561376771489449 0.91535508673405275 0.035123841393215005
leaf_count=3814 439 23 67 796 1262 12
internal_value=-0.00151662 0.00334237 -0.00703017 0.00659547 -0.00305194 -0.00866305
internal_weight=8.75142 5.0959 3.65553 3.92115 1.17475 2.77588
internal_count=6413 2520 3893 1235 1285 3826
is_linear=0
shrinkage=0.025


Tree=268
num_leaves=7
num_cat=0
split_feature=26 19 6 22 21 0
split_gain=0.797335 0.473231 0.325611 0.176991 0.105006 0.0451366
threshold=-0.99824875593185414 0.54205480217933666 4.6525022983551034 0.78722152113914501 -0.16148892045021054 5.3796977996826181
decision_type=2 2 2 2 2 2
left_child=2 3 4 -2 -1 -3
right_child=1 5 -4 -5 -6 -7
leaf_value=0 -0.0089292231620571212 0.0027195281719204008 -0.0015822778266217389 0 0.0074235667475302594 -8.3932618610723423e-07
leaf_weight=0.11459927969917805 3.7974410565475409 1.1150445650928302 0.53322090738947725 0.57070395215851011 3.1445030633840365 0.21179620429029444
leaf_count=140 5230 104 479 76 320 88
internal_value=-0.000708728 -0.00540164 0.00469193 -0.0079414 0.00681164 0.00163994
internal_weight=9.48731 5.69499 3.79232 4.36815 3.2591 1.32684
internal_count=6437 5498 939 5306 460 192
is_linear=0
shrinkage=0.025


Tree=269
num_leaves=7
num_cat=0
split_feature=13 25 21 17 24 26
split_gain=0.576862 0.406952 0.321667 0.22722 0.185735 0.137039
threshold=4.0095963478088388 2.6968808174133305 1.1683329343795779 0.0095175788737833517 -4.7665493488311759 -1.0148830413818357
decision_type=2 2 2 2 2 2
left_child=2 3 4 -2 -1 -3
right_child=1 5 -4 -5 -6 -7
leaf_value=0 -0.00025252593975067498 0.0012486367636294125 0.0014748231923418648 0.0082567173569672667 -0.0077635702263589698 -0.0039968056825459555
leaf_weight=0.6469972021877769 0.42851445431369928 0.51471975448657736 1.1877991781475428 3.8688114991782641 2.3392338328230835 0.8663435308735643
leaf_count=64 434 29 104 828 3741 1246
internal_value=0.000479757 0.00459298 -0.00388816 0.00705648 -0.00639175 -0.00161584
internal_weight=9.85242 5.67839 4.17403 4.29733 2.98623 1.38106
internal_count=6446 2537 3909 1262 3805 1275
is_linear=0
shrinkage=0.025


Tree=270
num_leaves=7
num_cat=0
split_feature=26 19 6 21 21 13
split_gain=0.689466 0.60904 0.346743 0.163173 0.0944725 0.0486603
threshold=-0.99824875593185414 0.56599965691566478 4.6525022983551034 0.98258668184280407 -0.16148892045021054 3.0488374233245854
decision_type=2 2 2 2 2 2
left_child=2 3 4 -2 -1 -3
right_child=1 5 -4 -5 -6 -7
leaf_value=0 -0.0093174636917452251 0 -0.0018233922931554184 0 0.0072289011461324926 0.0033510136131661922
leaf_weight=0.10890852520969962 3.1872377211802814 0.13386503644142056 0.58116749569308002 1.2216077200682773 3.1501527252767123 1.2116640223612192
leaf_count=150 5040 80 496 221 336 98
internal_value=-0.000600647 -0.00498718 0.00436842 -0.0080439 0.00666474 0.00248991
internal_weight=9.5946 5.75437 3.84023 4.40885 3.25906 1.34553
internal_count=6421 5439 982 5261 486 178
is_linear=0
shrinkage=0.025


Tree=271
num_leaves=7
num_cat=0
split_feature=6 21 14 21 24 15
split_gain=0.520295 0.404662 0.278056 0.166034 0.0809573 0.0318932
threshold=2.9008637666702275 0.019692956469953064 0.55060869455337536 1.1683329343795779 -5.4408361911773673 0.13595525175333026
decision_type=2 2 2 2 2 2
left_child=1 -1 -3 4 -2 -5
right_child=3 2 -4 5 -6 -7
leaf_value=-0.0024364637036326667 0 0.0077131105926397762 -0.00022851484812971333 -0.00062543490986430696 -0.0069662412944821233 0.0017663518523745065
leaf_weight=0.97114435287221557 0.40357053143088739 4.0666296807612525 1.5040190234103645 0.2584555839130187 1.8209391989112194 0.74994248521397822
leaf_count=1617 33 1210 480 67 3041 39
internal_value=0 0.00358672 0.00588381 -0.00463284 -0.00623008 0.000102789
internal_weight=9.7747 6.54179 5.57065 3.23291 2.22451 1.0084
internal_count=6487 3307 1690 3180 3074 106
is_linear=0
shrinkage=0.025


Tree=272
num_leaves=6
num_cat=0
split_feature=6 26 22 19 24
split_gain=0.565166 0.366629 0.264094 0.168611 0.104989
threshold=2.9008637666702275 -0.79614809155464161 0.036992715671658523 -0.30494323372840876 -5.4408361911773673
decision_type=2 2 2 2 2
left_child=1 2 -1 -3 -2
right_child=4 3 -4 -5 -6
leaf_value=-0.00092346527945232938 0 0.0014964092336311611 0.0071511820691830697 -0.0043053665330493353 -0.0066066242172614538
leaf_weight=0.41332016812521022 0.46154323391965624 0.37877630977163779 3.9358594932600681 1.5152977079815171 2.49669449270732
leaf_count=847 30 331 387 1700 3174
internal_value=-0.000473611 0.00290406 0.00563183 -0.00199474 -0.00573331
internal_weight=9.20149 6.24325 4.34918 1.89407 2.95824
internal_count=6469 3265 1234 2031 3204
is_linear=0
shrinkage=0.025


Tree=273
num_leaves=7
num_cat=0
split_feature=17 22 5 26 12 11
split_gain=0.655975 0.753289 0.300701 0.22321 0.119307 0.0539362
threshold=0.4898486882448197 0.78722152113914501 4.0155036449432382 -0.88267394900321949 7.2460210323333749 2.4522743225097661
decision_type=2 2 2 2 2 2
left_child=1 4 3 -2 -1 -3
right_child=2 5 -4 -5 -6 -7
leaf_value=-0.0099581377286050588 0.0075421079355870689 0 -0.0017193955238150524 -0.00016105818534728543 0 0.0034634688564434504
leaf_weight=3.0740405087963159 2.6486321654992935 0.20752286014612753 0.78878497008190596 0.96673023370385669 0.21876752717071202 1.4175383761794362
leaf_count=5220 313 57 325 506 20 73
internal_value=-0.000970045 -0.00548662 0.00364441 0.00585882 -0.00935717 0.0025557
internal_weight=9.32202 4.91787 4.40415 3.61536 3.29281 1.62506
internal_count=6514 5370 1144 819 5240 130
is_linear=0
shrinkage=0.025


Tree=274
num_leaves=6
num_cat=0
split_feature=21 5 14 20 20
split_gain=0.426407 0.394961 0.310151 0.0290667 0.0209746
threshold=0.0067647821269929418 4.037076711654664 0.39564071595668798 2.8009536266326909 1.0776700377464297
decision_type=2 2 2 2 2
left_child=3 2 -2 -1 -3
right_child=1 4 -4 -5 -6
leaf_value=-0.0056995731963942302 0.0070952338183697047 -0.0034765630091608182 -0.000466994730947661 0 0
leaf_weight=1.6196360942594763 3.9697094596631359 0.8203180959462768 2.2740394215106789 0.086546511287451611 0.18097778555238619
leaf_count=3196 1634 586 946 25 29
internal_value=-6.26504e-05 0.00238557 0.00480225 -0.00541821 -0.0030883
internal_weight=8.95123 7.24504 6.24375 1.70618 1.0013
internal_count=6416 3195 2580 3221 615
is_linear=0
shrinkage=0.025


Tree=275
num_leaves=5
num_cat=0
split_feature=6 25 7 23
split_gain=0.690162 0.528987 0.236271 0.10512
threshold=3.3576247692108159 0.76001298427581798 5.0630395412445077 -0.025680625811219212
decision_type=2 2 2 2
left_child=1 3 -3 -1
right_child=-2 2 -4 -5
leaf_value=0.0072866150660766049 -0.0069367486006124942 -0.004945832639155376 0.0018292772943107928 0
leaf_weight=3.5484412975347368 1.8946169439132061 2.1114591181394649 0.61195663522084931 0.72312179982327496
leaf_count=461 2559 2914 229 242
internal_value=-0.000467307 0.00292502 -0.00241555 0.00647051
internal_weight=8.8896 6.99498 2.72342 4.27156
internal_count=6405 3846 3143 703
is_linear=0
shrinkage=0.025


Tree=276
num_leaves=7
num_cat=0
split_feature=21 19 13 13 20 20
split_gain=0.690266 0.668781 0.20421 0.202443 0.1077 0.101667
threshold=0.93252128362655651 0.19825292378664019 2.2132625579833989 2.9750292301177983 2.1181167364120488 1.3875287771224978
decision_type=2 2 2 2 2 2
left_child=1 4 -2 -3 -1 -4
right_child=2 3 5 -5 -6 -7
leaf_value=-0.0093698182698218873 -0.00074990879479231787 -0.0018934601959561172 0.0070865123266286786 0.0042689526158564617 0 0
leaf_weight=2.83649718372908 0.33493014411942601 0.5496830415540902 2.7796906669864261 2.3051770548736386 0.20619185129180539 0.46401137052453112
leaf_count=5109 97 446 215 426 62 128
internal_value=-0.000141306 -0.00458602 0.00485867 0.00183674 -0.00878483 0.00629953
internal_weight=9.47618 5.89755 3.57863 2.85486 3.04269 3.2437
internal_count=6483 6043 440 872 5171 343
is_linear=0
shrinkage=0.025


Tree=277
num_leaves=7
num_cat=0
split_feature=26 6 19 18 0 22
split_gain=0.708767 0.406353 0.368535 0.206852 0.051073 0.0210058
threshold=-0.99824875593185414 4.1054792404174814 0.54205480217933666 0.45406088232994085 5.3796977996826181 -0.099203940480947481
decision_type=2 2 2 2 2 2
left_child=1 5 3 -2 -4 -1
right_child=2 -3 4 -5 -6 -7
leaf_value=0 -0.009406561377122551 -0.0023984518494124803 0.0024481100579883601 0 -0.00051147080629799222 0.0067570421694186202
leaf_weight=0.21183765544992672 3.0455061255488545 0.69126676736050274 1.0592109686476758 1.1435631725544224 0.1314438994595547 2.7734731109521822
leaf_count=119 4926 654 112 333 89 183
internal_value=-0.00159126 0.00372756 -0.00587295 -0.00796258 0.000962585 0.00654235
internal_weight=9.0563 3.67658 5.37972 4.18907 1.19065 2.98531
internal_count=6416 956 5460 5259 201 302
is_linear=0
shrinkage=0.025


Tree=278
num_leaves=7
num_cat=0
split_feature=21 7 19 5 3 7
split_gain=0.527162 0.27961 0.414408 0.193912 0.126457 0.043974
threshold=0.93252128362655651 5.0630395412445077 0.19825292378664019 4.0155036449432382 1.1124424934387209 5.3931529521942148
decision_type=2 2 2 2 2 2
left_child=1 2 -1 4 -2 -3
right_child=3 5 -4 -5 -6 -7
leaf_value=-0.0085489008424714224 0 0.0028848384330619455 0.00052739722131855819 -0.00064839453409839013 0.006949174995510044 0
leaf_weight=2.5080788802224561 0.19289255863986987 0.41592747023969412 2.4815890084355487 0.44190329617413215 3.1338438491256966 0.20564221600216115
leaf_count=4935 55 121 876 97 288 121
internal_value=0 -0.00356191 -0.00540459 0.00471393 0.00613845 0.00176886
internal_weight=9.37988 5.61124 4.98967 3.76864 3.32674 0.62157
internal_count=6493 6053 5811 440 343 242
is_linear=0
shrinkage=0.025


Tree=279
num_leaves=6
num_cat=0
split_feature=6 25 7 22 14
split_gain=0.483305 0.458366 0.206181 0.170809 0.0828959
threshold=2.9008637666702275 0.76001298427581798 5.0630395412445077 0.92618376016616832 1.9605646133422854
decision_type=2 2 2 2 2
left_child=1 4 -3 -2 -1
right_child=3 2 -4 -5 -6
leaf_value=0.0071700676404843249 -0.0063777057587157395 -0.0044428567035949482 0.001832423209682425 0.00017387244178685888 0
leaf_weight=3.2834014212348852 2.2201167928360523 1.9626049588514436 0.60924345057719609 0.82019580565975037 0.18575897551272635
leaf_count=430 3130 2526 239 57 79
internal_value=0 0.00322686 -0.00190249 -0.00482392 0.00664566
internal_weight=9.08132 6.04101 2.57185 3.04031 3.46916
internal_count=6461 3274 2765 3187 509
is_linear=0
shrinkage=0.025


Tree=280
num_leaves=7
num_cat=0
split_feature=6 26 14 18 22 24
split_gain=0.47063 0.364803 0.20501 0.124517 0.102876 0.0514565
threshold=2.9008637666702275 -0.88267394900321949 0.10002287104725839 0.52892732620239269 -0.099203940480947481 -5.4408361911773673
decision_type=2 2 2 2 2 2
left_child=1 4 -3 5 -1 -2
right_child=3 2 -4 -5 -6 -7
leaf_value=0 0 0.0021839696117094821 -0.0039821772073125221 0 0.0070643591311374716 -0.0063547013056418078
leaf_weight=0.14601037530155769 0.24359254247974615 0.72596871785208383 2.0747880601011275 0.96849996280798212 3.288707781201083 1.7209600125752331
leaf_count=241 17 835 1858 268 342 2951
internal_value=0 0.00343694 -0.00120728 -0.00451091 0.00643571 -0.00586107
internal_weight=9.16853 6.23547 2.80076 2.93305 3.43472 1.96455
internal_count=6512 3276 2693 3236 583 2968
is_linear=0
shrinkage=0.025


Tree=281
num_leaves=7
num_cat=0
split_feature=26 13 19 26 17 5
split_gain=0.393 0.295405 0.27337 0.308395 0.0625135 0.0500404
threshold=-0.99824875593185414 2.2132625579833989 0.54205480217933666 -0.38771194219589228 -0.56262263655662526 4.037076711654664
decision_type=2 2 2 2 2 2
left_child=1 -1 3 -2 -3 -4
right_child=2 4 5 -5 -6 -7
leaf_value=-0.0015642602325963489 -0.0069268311219940829 0 0.0027964288176726172 0.0014349169490383868 0.0067273699186025633 -0.0001204501544092563
leaf_weight=0.51680561122702817 3.8661612541036443 0.068620457925136047 1.1704083429467571 0.37334427029418327 3.0849653400218808 0.15343411391950201
leaf_count=481 5221 36 114 108 455 82
internal_value=0 0.00423772 -0.00291761 -0.005136 0.00633125 0.0016421
internal_weight=9.23374 3.67039 5.56335 4.23951 3.15359 1.32384
internal_count=6497 972 5525 5329 491 196
is_linear=0
shrinkage=0.025


Tree=282
num_leaves=6
num_cat=0
split_feature=6 25 17 26 25
split_gain=0.500362 0.450677 0.168862 0.0821019 0.0389811
threshold=3.3257547616958623 2.6968808174133305 0.0095175788737833517 -1.0148830413818357 -4.3370885848999015
decision_type=2 2 2 2 2
left_child=1 2 -1 -3 -2
right_child=4 3 -4 -5 -6
leaf_value=0 0 0.00016091980755971914 0.006935120567092657 -0.0039953309146525473 -0.0059112656460705354
leaf_weight=1.0191638446722207 0.60841225058538873 0.33728916220570671 4.3284675014292588 1.1559778780047052 1.5406244207624693
leaf_count=763 80 34 1269 1747 2526
internal_value=0 0.00302763 0.00575843 -0.00269299 -0.00534428
internal_weight=8.98994 6.8409 5.34763 1.49327 2.14904
internal_count=6419 3813 2032 1781 2606
is_linear=0
shrinkage=0.025


Tree=283
num_leaves=7
num_cat=0
split_feature=26 22 13 21 21 25
split_gain=0.696989 0.472652 0.301429 0.11461 0.0906755 0.0334409
threshold=-0.99824875593185414 0.78722152113914501 2.2132625579833989 0.98258668184280407 -0.16148892045021054 -0.2204560190439224
decision_type=2 2 2 2 2 2
left_child=2 3 -1 -2 -4 -3
right_child=1 5 4 -5 -6 -7
leaf_value=-0.0013987490169302783 -0.0083385969186397704 0.0026255426275846646 0 0 0.0073312855380719359 0
leaf_weight=0.48367576263990519 3.3023488473754696 1.2719511527247958 0.10225833876393231 0.93477511444507388 3.1411330737246312 0.25013095949543629
leaf_count=473 5210 85 148 172 344 89
internal_value=-0.000114537 -0.00464936 0.00482571 -0.00739872 0.00679751 0.00185054
internal_weight=9.48627 5.75921 3.72707 4.23712 3.24339 1.52208
internal_count=6521 5556 965 5382 492 174
is_linear=0
shrinkage=0.025


Tree=284
num_leaves=7
num_cat=0
split_feature=6 25 26 1 16 24
split_gain=0.456548 0.313625 0.140011 0.0812473 0.0525308 0.042136
threshold=2.9008637666702275 0.50449648499488842 -1.0148830413818357 6.4128239154815683 0.50864669680595409 -5.9030199050903311
decision_type=2 2 2 2 2 2
left_child=1 4 -3 5 -1 -2
right_child=3 2 -4 -5 -6 -7
leaf_value=0.0063290025228692221 0 0.0015870398010665297 -0.0034657149179944343 0 0 -0.0060136721971532237
leaf_weight=2.9249774552336025 0.2703927075199325 0.61586268491373664 2.0294562451945239 0.44368604966439296 0.28703389887232322 2.2665654909797013
leaf_count=407 24 38 2729 89 39 3075
internal_value=0 0.00302981 -0.00120328 -0.00482345 0.00588712 -0.00560114
internal_weight=8.83797 5.85733 2.64532 2.98064 3.21201 2.53696
internal_count=6401 3213 2767 3188 446 3099
is_linear=0
shrinkage=0.025


Tree=285
num_leaves=7
num_cat=0
split_feature=22 27 18 11 4 26
split_gain=0.518563 0.286856 0.34247 0.112803 0.0952851 0.033445
threshold=0.71719717979431163 0.73299241065979015 0.45406088232994085 2.4522743225097661 0.89846274256706249 -0.35186640918254847
decision_type=2 2 2 2 2 2
left_child=1 2 -1 -2 -5 -3
right_child=3 5 -4 4 -6 -7
leaf_value=-0.0081309674067925799 -0.00017501144293911871 0.0025664436007987955 0.00067633460434707467 0 0.0057574389081243259 0
leaf_weight=4.0030879974492564 0.36440631209552554 0.18066635672585107 1.2439134789128727 0.099316646010266019 2.4198456243029796 0.17285848422761763
leaf_count=5660 88 14 392 66 180 78
internal_value=-0.000857998 -0.0045345 -0.00612187 0.00383694 0.00497896 0.00157143
internal_weight=8.48409 5.60053 5.247 2.88357 2.51916 0.353525
internal_count=6478 6144 6052 334 246 92
is_linear=0
shrinkage=0.025


Tree=286
num_leaves=7
num_cat=0
split_feature=6 25 26 17 15 22
split_gain=0.530629 0.405976 0.157362 0.11489 0.0964605 0.0114944
threshold=2.9008637666702275 2.6968808174133305 -1.0148830413818357 0.01237989077344537 0.55293270945549022 0.92618376016616832
decision_type=2 2 2 2 2 2
left_child=1 3 -3 -1 5 -2
right_child=4 2 -4 -5 -6 -7
leaf_value=0 -0.0061679108784097299 0.0012591538246630864 -0.0044054548421230228 0.0071205041859420618 0 0
leaf_weight=0.81377125638573478 1.5644718669136639 0.52531319521222031 0.99091277318257176 3.8407979569346935 0.98500995710128325 0.33271385656553309
leaf_count=623 2634 27 1584 1047 477 34
internal_value=0 0.00365685 -0.00202348 0.00624424 -0.00480865 -0.00593012
internal_weight=9.05299 6.1708 1.51623 4.65457 2.8822 1.89719
internal_count=6426 3281 1611 1670 3145 2668
is_linear=0
shrinkage=0.025


Tree=287
num_leaves=5
num_cat=0
split_feature=21 13 14 24
split_gain=0.504236 0.396782 0.272554 0.0497454
threshold=0.0067647821269929418 2.2132625579833989 0.39564071595668798 -4.7665493488311759
decision_type=2 2 2 2
left_child=3 -2 -3 -1
right_child=1 2 -4 -5
leaf_value=0 -0.0025855499744971812 0.007658590520288131 0 -0.0052736503425881284
leaf_weight=0.21731352235656243 0.71198632292362152 4.3865823145843024 2.6285375712868699 1.5054425247981267
leaf_count=20 505 1739 1003 3194
internal_value=0.000593968 0.00365918 0.00562536 -0.00472098
internal_weight=9.44986 7.72711 7.01512 1.72276
internal_count=6461 3247 2742 3214
is_linear=0
shrinkage=0.025


Tree=288
num_leaves=7
num_cat=0
split_feature=22 17 11 16 25 11
split_gain=0.696453 0.328897 0.14218 0.0878737 0.0794747 0.0717531
threshold=0.82723981142044078 0.66221347451210033 4.0180003643035898 0.55543774366378795 6.294715642929078 2.222367644309998
decision_type=2 2 2 2 2 2
left_child=1 4 -3 5 -1 -2
right_child=3 2 -4 -5 -6 -7
leaf_value=-0.00921360123408267 0 -0.0023884101671912527 0.0029646912363252079 0 0 0.0052388658822643732
leaf_weight=3.4152660989129804 0.24414654733846042 0.65519767197110956 1.4398456627204721 0.38104340285644855 0.23250481705326809 1.8337229716526051
leaf_count=5451 45 371 219 98 195 101
internal_value=-0.00290813 -0.00653755 0 0.00343071 -0.00876722 0.00449032
internal_weight=8.20173 5.74281 2.09504 2.45891 3.64777 2.07787
internal_count=6480 6236 590 244 5646 146
is_linear=0
shrinkage=0.025


Tree=289
num_leaves=7
num_cat=0
split_feature=21 19 27 5 26 12
split_gain=0.392903 0.42452 0.463725 0.194234 0.194508 0.0677745
threshold=0.93252128362655651 0.49911202490329748 0.73299241065979015 4.0155036449432382 -0.80664408206939686 2.4625332355499272
decision_type=2 2 2 2 2 2
left_child=1 2 -1 4 -2 -3
right_child=3 5 -4 -5 -6 -7
leaf_value=-0.0091602318277781494 0.0064743428961128186 -0.00037693312217463107 0.0017662064939836294 -0.0012738914238998504 -0.00059995710317056836 0.0031248365760157483
leaf_weight=3.1943256991671665 2.504338816339442 0.25072233953324019 0.32352817988430604 0.37951607353170391 0.34950016206130374 1.3721104420765184
leaf_count=5584 211 163 85 103 147 141
internal_value=-0.000688167 -0.00409014 -0.0069747 0.00316071 0.00498179 0.00176399
internal_weight=8.37404 5.14069 3.51785 3.23336 2.85384 1.62283
internal_count=6434 5973 5669 461 358 304
is_linear=0
shrinkage=0.025


Tree=290
num_leaves=7
num_cat=0
split_feature=22 13 14 21 29 23
split_gain=0.420288 0.478679 0.267132 0.117669 0.105075 0.0489325
threshold=0.78722152113914501 4.4061126708984384 0.38966494798660284 1.2812116146087649 3.5000000000000004 -5.7405617237091056
decision_type=2 2 2 2 2 2
left_child=1 3 -3 -1 -2 -6
right_child=4 2 -4 -5 5 -7
leaf_value=-0.0079477831642013365 -3.0020436396300539e-05 0.0046840109214646274 -0.0023860636635133965 0 0 0.0056123298055531807
leaf_weight=2.5558851155619782 0.28132105269105556 2.1644944175459391 0.77162430162934459 0.61822194873820979 0.20886582269304232 2.3423719296079071
leaf_count=4347 41 1287 489 76 79 161
internal_value=0 -0.00338971 0.00170576 -0.007028 0.00415193 0.00515529
internal_weight=8.94278 6.11023 2.93612 3.17411 2.83256 2.55124
internal_count=6480 6199 1776 4423 281 240
is_linear=0
shrinkage=0.025


Tree=291
num_leaves=6
num_cat=0
split_feature=5 26 14 24 2
split_gain=0.435855 0.408274 0.201429 0.179304 0.0289217
threshold=4.037076711654664 -0.88267394900321949 0.10002287104725839 0.44769060611724859 3.6744810342788701
decision_type=2 2 2 2 2
left_child=1 3 -3 -1 -2
right_child=4 2 -4 -5 -6
leaf_value=0.0071713974893994649 0 0.0018935921924772151 -0.0041108602293056405 -0.00023361728498200751 -0.0051522094688105161
leaf_weight=4.1212519207037976 0.1238778402966999 0.95375619384503929 2.3099798658677173 0.27084336921325292 1.3857108120428163
leaf_count=671 50 1172 2299 767 1513
internal_value=0.000106413 0.00309379 -0.00151582 0.00616803 -0.0048232
internal_weight=9.16542 7.65583 3.26374 4.3921 1.50959
internal_count=6472 4909 3471 1438 1563
is_linear=0
shrinkage=0.025


Tree=292
num_leaves=6
num_cat=0
split_feature=21 23 14 24 18
split_gain=0.422413 0.49806 0.30819 0.0530642 0.0356114
threshold=0.019692956469953064 -0.025680625811219212 0.36807613074779516 -4.7665493488311759 0.67366957664489757
decision_type=2 2 2 2 2
left_child=3 2 -2 -1 -3
right_child=1 4 -4 -5 -6
leaf_value=0 0.0080993170944486572 -0.0036348121692922498 0 -0.0052916762464707365 0
leaf_weight=0.20903145844931703 3.5619300713024131 1.0059842394111909 2.3625633410447335 1.5114730687309927 0.56301955308663298
leaf_count=18 1275 876 944 3261 92
internal_value=0 0.00303183 0.0058121 -0.00471126 -0.0029481
internal_weight=9.214 7.4935 5.92449 1.7205 1.569
internal_count=6466 3187 2219 3279 968
is_linear=0
shrinkage=0.025


Tree=293
num_leaves=7
num_cat=0
split_feature=26 13 26 22 21 26
split_gain=0.387428 0.273225 0.266471 0.209839 0.0986633 0.0556426
threshold=-1.0062996149063108 2.2132625579833989 -0.38771194219589228 0.87065240740776073 0.18773660063743594 -0.35186640918254847
decision_type=2 2 2 2 2 2
left_child=1 -1 3 -2 -3 -4
right_child=2 4 5 -5 -6 -7
leaf_value=-0.0015546693171104124 -0.006632699750630586 0 0.0031725188782144604 0.00030340040378765251 0.0066955922203977159 -8.5829190627511058e-05
leaf_weight=0.51021858512467622 3.9894126150356897 0.22828919183666618 0.31442155707190977 1.0399614994312285 2.6771437928182422 0.19530974884401064
leaf_count=455 5352 225 24 128 230 87
internal_value=0 0.00385494 -0.00333305 -0.00513906 0.00597797 0.00184477
internal_weight=8.95476 3.41565 5.53911 5.02937 2.90543 0.509731
internal_count=6501 910 5591 5480 455 111
is_linear=0
shrinkage=0.025


Tree=294
num_leaves=7
num_cat=0
split_feature=26 22 13 21 19 21
split_gain=0.843564 0.354058 0.316704 0.0975321 0.0807725 0.0259059
threshold=-0.99824875593185414 0.74892738461494457 2.2132625579833989 -0.16148892045021054 0.56599965691566478 1.3620337843894961
decision_type=2 2 2 2 2 2
left_child=2 4 -1 -4 -2 -3
right_child=1 5 3 -5 -6 -7
leaf_value=-0.0016276260273951249 -0.008816843328135605 0.0017513348806690084 0 0.0071841536780059868 0 -7.7448567721187371e-05
leaf_weight=0.52448061249742783 3.3103796887735375 1.102986919962859 0.11204383960284836 3.0323243592538343 0.24677837160561455 0.24892591901880212
leaf_count=477 5237 111 148 345 85 80
internal_value=-0.00121022 -0.0061666 0.00443231 0.00658919 -0.00834239 0.000634746
internal_weight=8.57792 4.90907 3.66885 3.14437 3.55716 1.35191
internal_count=6483 5513 970 493 5322 191
is_linear=0
shrinkage=0.025


Tree=295
num_leaves=7
num_cat=0
split_feature=26 5 24 22 6 14
split_gain=0.72239 0.390085 0.194945 0.153344 0.0462975 0.0312923
threshold=-0.88267394900321949 4.037076711654664 0.44769060611724859 1.4960820674896242 3.9463615417480473 -0.69129422307014454
decision_type=2 2 2 2 2 2
left_child=1 2 -1 5 -3 -2
right_child=3 4 -4 -5 -6 -7
leaf_value=0.0068559131250141752 0 0 -0.00046453596409083865 0 -0.0033335721187389626 -0.0081404179139929114
leaf_weight=4.0043159626784472 0.28282125963778604 0.32531972897777428 0.28953008165262861 0.22614187406725239 0.90043617331139103 2.4319467869299842
leaf_count=681 112 66 771 13 1123 3680
internal_value=-0.00124795 0.00301091 0.00570546 -0.00689109 -0.00242575 -0.00782956
internal_weight=8.46051 5.5196 4.29385 2.94091 1.22576 2.71477
internal_count=6446 2641 1452 3805 1189 3792
is_linear=0
shrinkage=0.025


Tree=296
num_leaves=7
num_cat=0
split_feature=24 17 27 5 13 25
split_gain=0.45005 0.499301 0.464765 0.15236 0.10334 0.117362
threshold=-3.6407675743103023 0.66221347451210033 0.73299241065979015 4.0155036449432382 2.6076993942260747 -0.60654777288436879
decision_type=2 2 2 2 2 2
left_child=4 2 -2 -3 -1 -6
right_child=1 3 -4 -5 5 -7
leaf_value=0 -0.0092052546912391228 0.0040987504679923592 0.0017698941598400478 -0.001300745216210821 0.0063230111496398152 0
leaf_weight=0.16188683657674152 2.9922855114073177 1.9907633206748871 0.31939070356747823 0.45711293366912276 2.4138020944628815 0.31300180503239916
leaf_count=52 5464 361 76 235 163 104
internal_value=0 -0.0033785 -0.00696686 0.00205496 0.00448198 0.00537288
internal_weight=8.64824 5.75955 3.31168 2.44788 2.88869 2.7268
internal_count=6455 6136 5540 596 319 267
is_linear=0
shrinkage=0.025


Tree=297
num_leaves=7
num_cat=0
split_feature=6 21 6 24 21 2
split_gain=0.348888 0.2928 0.172327 0.105745 0.142959 0.0211073
threshold=2.9008637666702275 0.019692956469953064 -0.15775569528341291 -5.4408361911773673 1.2812116146087649 4.7919359207153329
decision_type=2 2 2 2 2 2
left_child=1 5 -3 -2 -5 -1
right_child=3 2 -4 4 -6 -7
leaf_value=-0.0025832516661230829 0 -0.00017002206750361886 0.0062719546426564347 -0.0064945406006108337 0 0
leaf_weight=0.76945061917285773 0.52348851834540289 0.8242277056815509 3.9799044419705751 1.7681923846030261 0.73510897091182403 0.096935100853443146
leaf_count=1598 32 270 1408 3095 72 1
internal_value=0 0.00287207 0.00500619 -0.00402496 -0.0051126 -0.00207706
internal_weight=8.69731 5.67052 4.80413 3.02679 2.5033 0.866386
internal_count=6476 3277 1678 3199 3167 1599
is_linear=0
shrinkage=0.025


Tree=298
num_leaves=7
num_cat=0
split_feature=17 24 24 14 23 13
split_gain=0.491386 0.561827 0.248234 0.23041 0.0942082 0.059403
threshold=0.52343070507049572 -3.512504935264587 0.44769060611724859 0.59997487068176281 -7.2503614425659171 2.9750292301177983
decision_type=2 2 2 2 2 2
left_child=1 5 3 -2 -3 -1
right_child=2 4 -4 -5 -6 -7
leaf_value=-0.00011597696409401347 0.0069189177706404179 0 -0.0015956900501767528 -0.00069431347484675589 -0.0086533317919980125 0.0031694063985256518
leaf_weight=0.17422742152120907 3.1164150311633425 0.18958739488880372 0.50383385907844047 0.48167746805847844 2.8265629660800191 1.5785429314819337
leaf_count=67 297 56 598 152 5198 119
internal_value=-0.000536276 -0.00458157 0.00341339 0.00536175 -0.0081095 0.00207322
internal_weight=8.87085 4.76892 4.10193 3.59809 3.01615 1.75277
internal_count=6487 5440 1047 449 5254 186
is_linear=0
shrinkage=0.025


Tree=299
num_leaves=6
num_cat=0
split_feature=21 6 25 27 24
split_gain=0.394541 0.272125 0.306041 0.147292 0.0442171
threshold=0.019692956469953064 2.9008637666702275 2.6968808174133305 0.10159657523036005 -4.7665493488311759
decision_type=2 2 2 2 2
left_child=4 2 -2 -3 -1
right_child=1 3 -4 -5 -6
leaf_value=0 0.0071501980140245506 0.0012833326819794322 -0.00094972292874096061 -0.0039960671551808975 -0.0050309028800919094
leaf_weight=0.21572034445125599 3.9147848559405247 1.2854524319373015 1.0173766308362244 0.82252180214527459 1.4446112586319939
leaf_count=19 993 348 685 1137 3278
internal_value=2.10264e-05 0.0030379 0.00521313 -0.00125927 -0.00451009
internal_weight=8.70047 7.04014 4.93216 2.10797 1.66033
internal_count=6460 3163 1678 1485 3297
is_linear=0
shrinkage=0.025


Tree=300
num_leaves=6
num_cat=0
split_feature=6 25 21 21 27
split_gain=0.356709 0.346685 0.166937 0.113585 0.0708362
threshold=3.3576247692108159 2.6968808174133305 0.0067647821269929418 1.8658464550971987 0.092444248497486128
decision_type=2 2 2 2 2
left_child=1 2 -1 -2 -3
right_child=3 4 -4 -5 -6
leaf_value=-0.00021840713359792021 -0.0055799529751238809 0.00016789323787558651 0.0062692025098408559 0 -0.0035588892541628574
leaf_weight=0.57439460273963039 1.6689859099860771 0.31106010237999715 4.5203998539327586 0.4954028311476576 1.0778881008573078
leaf_count=758 2576 31 1233 30 1834
internal_value=0 0.00274118 0.00517275 -0.00436738 -0.0022678
internal_weight=8.64813 6.48374 5.09479 2.16439 1.38895
internal_count=6462 3856 1991 2606 1865
is_linear=0
shrinkage=0.025


Tree=301
num_leaves=7
num_cat=0
split_feature=26 22 13 21 24 0
split_gain=0.826355 0.3577 0.295039 0.0830979 0.035725 0.0165228
threshold=-1.0006488561630247 0.78722152113914501 2.2132625579833989 -0.16148892045021054 -4.0009253025054923 5.2617816925048837
decision_type=2 2 2 2 2 2
left_child=2 4 -1 -4 -2 -3
right_child=1 5 3 -5 -6 -7
leaf_value=-0.0016323331438097334 0 0.001452104949005874 0 0.0067521330030499739 -0.0088546956305591198 0
leaf_weight=0.52637818811126669 0.067759636527626177 0.99607898503745651 0.10218528036421126 2.9194562253760519 3.411332788053187 0.20776061157812364
leaf_count=484 10 92 149 341 5312 76
internal_value=-0.00171462 -0.00655394 0.00403899 0.00620774 -0.00866866 0.000611079
internal_weight=8.23095 4.68293 3.54802 3.02164 3.47909 1.20384
internal_count=6464 5490 974 490 5322 168
is_linear=0
shrinkage=0.025


Tree=302
num_leaves=7
num_cat=0
split_feature=21 19 7 3 16 12
split_gain=0.322494 0.466429 0.531644 0.14843 0.10018 0.0781874
threshold=0.98258668184280407 0.49911202490329748 5.0630395412445077 5.9412488937377939 0.72389987111091625 2.4625332355499272
decision_type=2 2 2 2 2 2
left_child=1 2 -1 4 -2 -3
right_child=3 5 -4 -5 -6 -7
leaf_value=-0.0092510998000447566 0.0056424984978408104 -0.00029300794294199122 0.0019926881541365046 -0.00080407212427602162 0 0.0036326167309681232
leaf_weight=3.014408929710044 2.3476131353600076 0.23563739247038018 0.56993294535277517 0.36724218475865189 0.31126813957962429 1.4029425731314402
leaf_count=5504 182 153 249 72 124 134
internal_value=-0.000238521 -0.00343029 -0.00661588 0.00319674 0.00472955 0.00233112
internal_weight=8.24905 5.22292 3.58434 3.02612 2.65888 1.63858
internal_count=6418 6040 5753 378 306 287
is_linear=0
shrinkage=0.025


Tree=303
num_leaves=6
num_cat=0
split_feature=26 6 19 19 8
split_gain=0.496631 0.339746 0.263691 0.0486318 0.0427367
threshold=-0.9308314025402068 3.3576247692108159 0.56599965691566478 -0.42166130244731898 -0.79248350858688343
decision_type=2 2 2 2 2
left_child=1 3 -2 -1 -3
right_child=2 4 -4 -5 -6
leaf_value=0 -0.0072556793497431278 0 0.00068224576915365326 0.005921135834311593 -0.0030579007028367499
leaf_weight=0.055900116723933357 2.9991062921271809 0.27140346539817961 0.82704336714596127 3.0982629948302929 0.97587589264730923
leaf_count=50 4418 51 140 454 1303
internal_value=-0.00119786 0.00273561 -0.00541725 0.00557602 -0.00216079
internal_weight=8.22759 4.40144 3.82615 3.15416 1.24728
internal_count=6416 1858 4558 504 1354
is_linear=0
shrinkage=0.025


Tree=304
num_leaves=7
num_cat=0
split_feature=21 24 27 9 3 10
split_gain=0.372047 0.309492 0.352967 0.185536 0.113389 0.0280791
threshold=0.93252128362655651 -3.6407675743103023 0.73299241065979015 1.0434789061546328 1.1124424934387209 1.8385151624679568
decision_type=2 2 2 2 2 2
left_child=1 5 -3 -2 -5 -1
right_child=3 2 -4 4 -6 -7
leaf_value=0 -0.00072205072453750173 -0.0072551128615798242 0.001718881359033804 0 0.0066418164418147255 0.0026100162060470841
leaf_weight=0.18764636157720804 0.3682937897392552 3.4645858362619042 0.32814781881461375 0.18163320086023338 2.827237771358341 1.225067649669654
leaf_count=28 77 5742 85 61 300 120
internal_value=0.000248611 -0.00265816 -0.00523194 0.00438746 0.00585359 0.0019688
internal_weight=8.58261 5.20545 3.79273 3.37716 3.00887 1.41271
internal_count=6413 5975 5827 438 361 148
is_linear=0
shrinkage=0.025


Tree=305
num_leaves=7
num_cat=0
split_feature=6 26 14 22 22 21
split_gain=0.38764 0.285885 0.183052 0.096566 0.0938631 0.149101
threshold=2.9008637666702275 -0.88267394900321949 0.28121988475322729 -0.099203940480947481 0.92618376016616832 1.8658464550971987
decision_type=2 2 2 2 2 2
left_child=1 3 -3 -1 5 -2
right_child=4 2 -4 -5 -6 -7
leaf_value=0 -0.0065038150355491743 0.0017603293561257176 -0.0040659798760856571 0.0065246719371406499 0 6.99147499941514e-05
leaf_weight=0.15004249371850198 1.6724918905929378 1.476162776742058 1.1252192884639951 3.0797267687485146 0.63059152357163828 0.47560060909017909
leaf_count=248 3111 1615 1053 347 54 27
internal_value=0 0.00321362 -0.000954411 0.0058704 -0.00409464 -0.00514317
internal_weight=8.60984 5.83115 2.60138 3.22977 2.77868 2.14809
internal_count=6455 3263 2668 595 3192 3138
is_linear=0
shrinkage=0.025


Tree=306
num_leaves=7
num_cat=0
split_feature=27 5 26 19 24 26
split_gain=0.322701 0.316965 0.297176 0.175167 0.121618 0.051796
threshold=0.17005534470081332 4.1350474357604989 -0.38771194219589228 0.56599965691566478 0.44769060611724859 -0.35186640918254847
decision_type=2 2 2 2 2 2
left_child=1 4 3 -2 -1 -4
right_child=2 -3 5 -5 -6 -7
leaf_value=0.0064471005105518307 -0.0070525423150806042 -0.0019803545600122802 0.0031508134686932688 1.7187547300421332e-05 0 0
leaf_weight=3.2176297822370548 2.7540604768400962 0.96463194700299926 0.3139539882504323 0.7056509680187445 0.18182336742029281 0.18088039226131503
leaf_count=427 4448 914 29 130 462 88
internal_value=0 0.0031147 -0.00351831 -0.00571388 0.0056228 0.00192598
internal_weight=8.31863 4.36409 3.95455 3.45971 3.39945 0.494834
internal_count=6498 1803 4695 4578 889 117
is_linear=0
shrinkage=0.025


Tree=307
num_leaves=6
num_cat=0
split_feature=6 21 23 15 22
split_gain=0.399177 0.270901 0.145322 0.0630386 0.0300669
threshold=3.3576247692108159 0.0067647821269929418 -3.1211365461349483 1.2584255933761599 0.87065240740776073
decision_type=2 2 2 2 2
left_child=1 4 -3 -2 -1
right_child=3 2 -4 -5 -6
leaf_value=-0.0025731247085793406 -0.0052472147886578726 0 0.0061299581428980385 0 0
leaf_weight=0.79332257768692205 1.6172770533066794 1.3781711037554476 4.2415158802541564 0.31357257261515759 0.16160458026570268
leaf_count=1870 2461 502 1523 126 7
internal_value=0 0.00303604 0.00491399 -0.00453905 -0.00181263
internal_weight=8.50546 6.57461 5.61969 1.93085 0.954927
internal_count=6489 3902 2025 2587 1877
is_linear=0
shrinkage=0.025


Tree=308
num_leaves=6
num_cat=0
split_feature=21 23 23 15 2
split_gain=0.383646 0.380812 0.19085 0.0291424 0.0239774
threshold=0.019692956469953064 -0.058995997533202164 -3.1211365461349483 2.9411590099334721 4.042673110961915
decision_type=2 2 2 2 2
left_child=3 2 -2 -1 -3
right_child=1 4 -4 -5 -6
leaf_value=-0.0051565732866114189 0 0 0.0066977789233031706 0 -0.0030198059852733486
leaf_weight=1.4424330049623675 1.5579432205704495 0.70843600608714019 4.022898013517989 0.066457319542678195 0.94259705155309348
leaf_count=3267 555 428 1634 13 549
internal_value=0 0.00266213 0.00519438 -0.00484979 -0.00242791
internal_weight=8.74076 7.23187 5.58084 1.50889 1.65103
internal_count=6446 3166 2189 3280 977
is_linear=0
shrinkage=0.025


Tree=309
num_leaves=6
num_cat=0
split_feature=6 26 14 24 14
split_gain=0.381299 0.274176 0.197279 0.087262 0.0317635
threshold=3.2828766107559209 -0.88267394900321949 0.10002287104725839 0.44769060611724859 -0.73991063237190235
decision_type=2 2 2 2 2
left_child=1 3 -3 -1 -2
right_child=4 2 -4 -5 -6
leaf_value=0.00589705465847598 0 0.0020931843092108454 -0.0039710650033629993 0 -0.0053226790959945034
leaf_weight=3.2920160790981758 0.50612013810314271 0.71494652495493971 1.9708860239406929 0.15826786288562278 1.4960550622454318
leaf_count=421 236 978 1990 358 2445
internal_value=0 0.00257998 -0.00123206 0.00526022 -0.00484231
internal_weight=8.13829 6.13612 2.68583 3.45028 2.00218
internal_count=6428 3747 2968 779 2681
is_linear=0
shrinkage=0.025


Tree=310
num_leaves=7
num_cat=0
split_feature=26 26 12 18 22 26
split_gain=0.423015 0.380185 0.256218 0.196807 0.055754 0.049624
threshold=-1.0006488561630247 -0.38771194219589228 2.6107920408248906 0.45406088232994085 -0.25452753901481623 -0.35186640918254847
decision_type=2 2 2 2 2 2
left_child=2 3 -1 -2 -4 -3
right_child=1 5 4 -5 -6 -7
leaf_value=-0.0018469581984576723 -0.0084215575443723472 0.0031513855565314 0 0 0.0056661367076029151 0
leaf_weight=0.55685021436511339 2.8658831507218565 0.31013322571379831 0.099729948382447087 1.2806716889062952 2.5462575430246939 0.16842827557411499
leaf_count=465 5014 25 211 369 310 86
internal_value=-0.00127438 -0.00476969 0.00284184 -0.00689522 0.00520854 0.00199117
internal_weight=7.82795 4.62512 3.20284 4.14655 2.64599 0.478562
internal_count=6480 5494 986 5383 521 111
is_linear=0
shrinkage=0.025


Tree=311
num_leaves=7
num_cat=0
split_feature=26 26 13 22 21 26
split_gain=0.440857 0.282753 0.277393 0.195209 0.0737963 0.050272
threshold=-0.99824875593185414 -0.38771194219589228 2.2132625579833989 0.78722152113914501 0.17968884855508807 -0.35186640918254847
decision_type=2 2 2 2 2 2
left_child=2 3 -1 -2 -4 -3
right_child=1 5 4 -5 -6 -7
leaf_value=-0.0014193869314101499 -0.0068571619466043163 0.0030908715895785008 0 0.00011603521461138523 0.0068699605345737703 0
leaf_weight=0.48779892653692547 3.5582206956096343 0.31842320629584719 0.18645043397191363 0.98614266869844858 2.6449906504712999 0.17869706527562801
leaf_count=477 5260 28 233 161 264 90
internal_value=0 -0.00350212 0.00427977 -0.00542105 0.00633903 0.00187808
internal_weight=8.36072 5.04148 3.31924 4.54436 2.83144 0.49712
internal_count=6513 5539 974 5421 497 118
is_linear=0
shrinkage=0.025


Tree=312
num_leaves=6
num_cat=0
split_feature=6 21 14 24 2
split_gain=0.564574 0.316522 0.23557 0.0971116 0.0182397
threshold=2.9008637666702275 0.019692956469953064 0.42063668370246893 -5.4408361911773673 4.7919359207153329
decision_type=2 2 2 2 2
left_child=1 4 -3 -2 -1
right_child=3 2 -4 -5 -6
leaf_value=-0.0023103927929861647 0 0.0075896389222817693 0 -0.0060570079952446225 0
leaf_weight=0.73397600735552249 0.43431160424370352 3.3069897784371278 1.6270394623825266 2.1114014364175091 0.095278240740299225
leaf_count=1626 34 1067 615 3150 1
internal_value=0 0.00376602 0.00577471 -0.00515093 -0.00181523
internal_weight=8.309 5.76328 4.93403 2.54571 0.829254
internal_count=6493 3309 1682 3184 1627
is_linear=0
shrinkage=0.025


Tree=313
num_leaves=7
num_cat=0
split_feature=27 26 13 18 22 26
split_gain=0.335563 0.317391 0.278432 0.167682 0.0572736 0.0458716
threshold=0.16282909363508227 -0.38771194219589228 2.9750292301177983 0.46648944914340978 -0.25452753901481623 -0.35186640918254847
decision_type=2 2 2 2 2 2
left_child=2 3 -1 -2 -4 -3
right_child=1 5 4 -5 -6 -7
leaf_value=-0.0016678530790573418 -0.0073363395862805344 0.0030864805310159777 0 0 0.0059389965818852364 0
leaf_weight=1.0103140150222314 2.5141901037550274 0.31817898859662819 0.095877200148607122 1.0549140760522275 2.926297778965818 0.17811780510237429
leaf_count=1049 4393 27 200 275 430 88
internal_value=0 -0.00368723 0.00309418 -0.0059132 0.00551253 0.00200036
internal_weight=8.09789 4.0654 4.03249 3.5691 3.02217 0.496297
internal_count=6462 4783 1679 4668 630 115
is_linear=0
shrinkage=0.025


Tree=314
num_leaves=7
num_cat=0
split_feature=6 25 21 21 22 26
split_gain=0.297208 0.414268 0.172801 0.114573 0.11788 0.1121
threshold=2.9008637666702275 2.6968808174133305 0.019692956469953064 1.2812116146087649 0.98888972401618969 -1.0148830413818357
decision_type=2 2 2 2 2 2
left_child=1 2 -1 4 -2 -3
right_child=3 5 -4 -5 -6 -7
leaf_value=-0.00013701135924361929 -0.0059825701527966473 0.00059839169794726778 0.0069495253751818559 0.00015916058621635442 0 -0.0042544130933924772
leaf_weight=0.44968552240607085 1.5108834377479077 0.39520515335607342 3.8076471287713503 0.83361751852498844 0.51670142431976263 0.93544866322736175
leaf_count=679 3085 28 993 81 41 1560
internal_value=0 0.00304013 0.00585615 -0.0033438 -0.00476192 -0.00249159
internal_weight=8.44919 5.58799 4.25733 2.8612 2.02758 1.33065
internal_count=6467 3260 1672 3207 3126 1588
is_linear=0
shrinkage=0.025


Tree=315
num_leaves=6
num_cat=0
split_feature=18 16 11 16 19
split_gain=0.463362 0.19439 0.171956 0.164775 0.0468567
threshold=0.15345969051122668 1.2218641042709353 2.222367644309998 0.57662907242774974 0.34387528896331793
decision_type=2 2 2 2 2
left_child=1 4 -2 -4 -1
right_child=2 -3 3 -5 -6
leaf_value=-0.0073167998802260064 -0.0013532646902130376 0.00050645130764247583 0.0055084791061045281 -0.00052640603447453075 0
leaf_weight=2.1572208508914636 0.41224900446104573 0.39330707497356332 3.7943782924885454 0.53422744631643571 0.94438345447997551
leaf_count=4608 217 108 869 251 395
internal_value=-0.000952474 -0.00524584 0.00263901 0.00421075 -0.00660911
internal_weight=8.23577 3.49491 4.74085 4.32861 3.1016
internal_count=6448 5111 1337 1120 5003
is_linear=0
shrinkage=0.025


Tree=316
num_leaves=4
num_cat=0
split_feature=21 13 25
split_gain=0.412241 0.291015 0.27298
threshold=0.0067647821269929418 2.2132625579833989 2.6968808174133305
decision_type=2 2 2
left_child=-1 -2 -3
right_child=1 2 -4
leaf_value=-0.0047125719807930427 -0.0021430386274531666 0.0064967219107088863 -0.00089770554813874679
leaf_weight=1.3140838887211428 0.62107283375735267 5.4117280037971796 1.0353473177074191
leaf_count=3185 498 1809 928
internal_value=0.000124971 0.0031221 0.00488982
internal_weight=8.38223 7.06815 6.44708
internal_count=6420 3235 2737
is_linear=0
shrinkage=0.025


Tree=317
num_leaves=7
num_cat=0
split_feature=21 19 5 20 20 13
split_gain=0.621132 0.318401 0.165091 0.122327 0.0930271 0.0218134
threshold=0.98258668184280407 0.64071357250213634 4.0764338970184335 1.3875287771224978 1.5390615463256838 2.9750292301177983
decision_type=2 2 2 2 2 2
left_child=1 4 3 -2 -1 -3
right_child=2 5 -4 -5 -6 -7
leaf_value=-0.0086643090734182578 0.0059330122109003715 0 -0.00097755073825298543 0 0 0.001674797384956842
leaf_weight=3.2424597360968623 2.3268289736661254 0.16956647388724355 0.33430603805754788 0.3320429032028186 0.48957701740982873 0.85326553304548725
leaf_count=5704 201 118 88 123 205 69
internal_value=-0.00216166 -0.00611198 0.00322958 0.00486745 -0.00801267 0.000679971
internal_weight=7.74805 4.75487 2.99318 2.65887 3.73204 1.02283
internal_count=6508 6096 412 324 5909 187
is_linear=0
shrinkage=0.025


Tree=318
num_leaves=7
num_cat=0
split_feature=6 14 22 3 24 17
split_gain=0.329533 0.157541 0.194143 0.121171 0.10059 0.0792
threshold=2.9008637666702275 0.39564071595668798 -0.30478858947753901 2.3217220306396489 -5.4408361911773673 1.1326639056205752
decision_type=2 2 2 2 2 2
left_child=1 2 -1 -3 -2 -6
right_child=4 3 -4 -5 5 -7
leaf_value=-0.00059007092298955582 0.00010752110430586331 -0.0031325931402186495 0.0064189117447867178 0.0017226910476736712 -0.00551464195994587 0
leaf_weight=0.35240776726095679 0.62732697025057893 0.81541193252269328 3.253389148037968 1.3407037199103795 1.4865503832334073 0.75465215177973721
leaf_count=679 41 643 1642 327 3024 104
internal_value=0.000305901 0.0033707 0.00506281 -0.000145924 -0.00328596 -0.0045173
internal_weight=8.63044 5.76191 3.6058 2.15612 2.86853 2.2412
internal_count=6460 3291 2321 970 3169 3128
is_linear=0
shrinkage=0.025


Tree=319
num_leaves=6
num_cat=0
split_feature=6 25 21 2 0
split_gain=0.461529 0.320984 0.15747 0.0714152 0.0352421
threshold=3.3576247692108159 2.6968808174133305 0.0067647821269929418 2.9268667697906499 3.5861003398895268
decision_type=2 2 2 2 2
left_child=1 2 -1 -3 -2
right_child=4 3 -4 -5 -6
leaf_value=-0.00019072125855463647 0 -0.0035289739465295678 0.0060996605329527442 0.00018341633700639457 -0.0059466117894062592
leaf_weight=0.55246816230282991 0.25140305934291962 0.93537702295543546 4.3616429742523906 0.43367666273661598 1.5538271285658991
leaf_count=786 294 1514 1271 303 2290
internal_value=-0.000128704 0.00264507 0.00502252 -0.0021509 -0.0055515
internal_weight=8.0884 6.28316 4.91411 1.36905 1.80523
internal_count=6458 3874 2057 1817 2584
is_linear=0
shrinkage=0.025


Tree=320
num_leaves=7
num_cat=0
split_feature=27 22 12 24 24 25
split_gain=0.503168 0.462535 0.252778 0.0894352 0.0386027 0.0245942
threshold=0.12970096617937091 0.78722152113914501 2.8698732852935795 0.44769060611724859 -4.0009253025054923 -0.2204560190439224
decision_type=2 2 2 2 2 2
left_child=2 4 -1 -4 -2 -3
right_child=1 5 3 -5 -6 -7
leaf_value=-0.0018097034191709707 0 0.0021821825651954221 0.0057911777105676644 0 -0.0085829509942224082 0
leaf_weight=0.72976020701025879 0.060203584638657381 1.0425085503229636 2.676367753058003 0.14655075405971718 3.0576210342005652 0.24396608604001802
leaf_count=625 8 68 327 288 5039 82
internal_value=-0.00179231 -0.00558911 0.00269959 0.00507584 -0.00837548 0.00146013
internal_weight=7.95698 4.4043 3.55268 2.82292 3.11782 1.28647
internal_count=6437 5197 1240 615 5047 150
is_linear=0
shrinkage=0.025


Tree=321
num_leaves=7
num_cat=0
split_feature=13 15 21 21 24 25
split_gain=0.347986 0.373596 0.271944 0.211279 0.115997 0.0467185
threshold=4.0095963478088388 0.30205787718296057 0.019692956469953064 1.2278906106948855 -4.7665493488311759 -3.018020391464233
decision_type=2 2 2 2 2 2
left_child=3 2 -2 4 -1 -3
right_child=1 5 -4 -5 -6 -7
leaf_value=0 -0.00079686729298604942 0 0.0078489248651368183 0.00094341932695632619 -0.0065738920271151587 -0.0030647196724997482
leaf_weight=0.58579198700317681 0.37082509164065447 0.23238248395500705 2.9977888106950559 1.0759823277330722 1.8998899763264492 0.8543863092545505
leaf_count=61 880 21 841 105 3726 786
internal_value=0 0.00353931 0.00624287 -0.00340126 -0.00549084 -0.00205834
internal_weight=8.01705 4.45538 3.36861 3.56166 2.48568 1.08677
internal_count=6420 2528 1721 3892 3787 807
is_linear=0
shrinkage=0.025


Tree=322
num_leaves=7
num_cat=0
split_feature=13 22 15 21 7 26
split_gain=0.357026 0.389956 0.320091 0.217866 0.106018 0.079136
threshold=4.2290732860565194 0.78722152113914501 0.3465066552162171 0.019692956469953064 -1.0835801362991331 -1.0543754100799558
decision_type=2 2 2 2 2 2
left_child=1 4 3 -2 -1 -4
right_child=2 -3 5 -5 -6 -7
leaf_value=0 -0.00057289804575604995 0.0017349923774234316 0.00044044356150752705 0.0072098521000670823 -0.0077172694337257807 -0.0034969945387159484
leaf_weight=0.35639065864234076 0.32668005601954098 1.4204178798063365 0.31757115625077859 2.8146444935664476 2.0575305019738153 0.73726360629916576
leaf_count=109 751 132 14 741 4093 629
internal_value=0 -0.00383107 0.00318825 0.00577803 -0.00691056 -0.00189453
internal_weight=8.0305 3.83434 4.19616 3.14132 2.41392 1.05483
internal_count=6469 4334 2135 1492 4202 643
is_linear=0
shrinkage=0.025


Tree=323
num_leaves=6
num_cat=0
split_feature=18 17 26 13 19
split_gain=0.45042 0.134585 0.127661 0.153138 0.0397127
threshold=0.15345969051122668 0.81750041246414196 -0.79614809155464161 2.2132625579833989 0.64071357250213634
decision_type=2 2 2 2 2
left_child=1 -1 3 -2 -4
right_child=2 -3 4 -5 -6
leaf_value=-0.0067239056285234612 -0.00062753152377657091 0 -0.0022519499381362675 0.0051941398748390055 0.0003019327737228914
leaf_weight=2.1448460139890817 0.30924656950810492 1.0222887238160181 0.47499121650798759 3.4681801806000294 0.34005935548339039
leaf_count=4839 213 248 386 695 30
internal_value=-0.00111573 -0.00540856 0.00246924 0.00391951 -0.000768191
internal_weight=7.75961 3.16713 4.59248 3.77743 0.815051
internal_count=6411 5087 1324 908 416
is_linear=0
shrinkage=0.025


Tree=324
num_leaves=7
num_cat=0
split_feature=6 25 21 24 2 15
split_gain=0.295713 0.276005 0.155268 0.110052 0.0781759 0.0713009
threshold=2.9008637666702275 2.6968808174133305 0.019692956469953064 -5.4408361911773673 2.9268667697906499 1.2584255933761599
decision_type=2 2 2 2 2 2
left_child=1 2 -1 -2 -3 -5
right_child=3 4 -4 5 -6 -7
leaf_value=-0.00024449301707834002 1.5029911153948797e-05 -0.0034281656714311506 0.0060642157764965073 -0.0058458330236232058 0.00043351813794819516 0
leaf_weight=0.44888122754491622 0.57135625186492722 0.91294204421683367 3.5866744292361545 1.7293518827082155 0.3928337385168561 0.30926846401598584
leaf_count=684 34 1448 1013 3007 148 140
internal_value=0 0.002568 0.0049238 -0.00391472 -0.00185269 -0.00513235
internal_weight=7.95131 5.34133 4.03556 2.60998 1.30578 2.03862
internal_count=6474 3293 1697 3181 1596 3147
is_linear=0
shrinkage=0.025


Tree=325
num_leaves=7
num_cat=0
split_feature=21 26 19 9 16 26
split_gain=0.293252 0.311669 0.288236 0.145054 0.111858 0.0364077
threshold=0.93252128362655651 -0.38771194219589228 0.24896066635847094 1.0434789061546328 0.57662907242774974 -0.35186640918254847
decision_type=2 2 2 2 2 2
left_child=1 2 -1 -2 -5 -3
right_child=3 5 -4 4 -6 -7
leaf_value=-0.0079085379209630942 -0.00082890462333598623 0.0030396815337816168 0.00015135455496167202 0.0056144618447656926 0 0
leaf_weight=2.2453865022889659 0.34957545666839029 0.31712896536919288 1.9080843583342355 2.4685086977733595 0.40047859761398275 0.15043624983081816
leaf_count=5177 79 27 725 238 137 80
internal_value=-7.15177e-06 -0.0032997 -0.00546294 0.00309114 0.00458623 0.00219628
internal_weight=7.8396 4.62104 4.15347 3.21856 2.86899 0.467565
internal_count=6463 6009 5902 454 375 107
is_linear=0
shrinkage=0.025


Tree=326
num_leaves=7
num_cat=0
split_feature=26 5 19 24 18 6
split_gain=0.42719 0.286923 0.133913 0.110991 0.0896571 0.0208115
threshold=-0.93421044945716847 4.1350474357604989 0.56599965691566478 0.44769060611724859 0.54179316759109508 3.5972884893417363
decision_type=2 2 2 2 2 2
left_child=1 3 4 -1 -2 -3
right_child=2 5 -4 -5 -6 -7
leaf_value=0.0059201050358600182 -0.0069096858029956566 0 0 0 0 -0.0026008722130450375
leaf_weight=3.0939378152361319 2.5900577422962678 0.15947837904968754 0.69624400018801669 0.184132019367098 0.56916096075292433 0.72201179583498742
leaf_count=450 4331 14 138 479 154 893
internal_value=-0.00112012 0.00257379 -0.00501421 0.00508804 -0.00612744 -0.00209035
internal_weight=8.01502 4.15956 3.85546 3.27807 3.15922 0.88149
internal_count=6459 1836 4623 929 4485 907
is_linear=0
shrinkage=0.025


Tree=327
num_leaves=6
num_cat=0
split_feature=6 25 21 22 26
split_gain=0.423339 0.29471 0.164406 0.0957053 0.0749506
threshold=2.9008637666702275 2.6968808174133305 0.019692956469953064 0.92618376016616832 -1.0396538376808164
decision_type=2 2 2 2 2
left_child=1 2 -1 -2 -3
right_child=3 4 -4 -5 -6
leaf_value=-0.00016357737540191722 -0.0055277084169543331 0.00052904016060535328 0.0066341820051528475 0 -0.0031983435541888317
leaf_weight=0.42646805323602155 1.930037573372829 0.37473064946243539 3.7155843078107864 0.63050219631986681 0.98275535694847327
leaf_count=674 3159 22 987 57 1585
internal_value=0 0.00327554 0.00554395 -0.00448284 -0.00157947
internal_weight=8.06008 5.49954 4.14205 2.56054 1.35749
internal_count=6484 3268 1661 3216 1607
is_linear=0
shrinkage=0.025


Tree=328
num_leaves=7
num_cat=0
split_feature=22 17 27 5 16 11
split_gain=0.316844 0.423275 0.426113 0.127147 0.0785185 0.0558341
threshold=0.78722152113914501 0.72751823067665111 0.73299241065979015 4.0155036449432382 0.55543774366378795 2.2494516372680669
decision_type=2 2 2 2 2 2
left_child=1 2 -1 -3 5 -2
right_child=4 3 -4 -5 -6 -7
leaf_value=-0.0087672511176855941 0 0.0038248084181008654 0.0016645149516955988 -0.0011169836042103831 0 0.0049262938343668794
leaf_weight=2.8980372784662909 0.25069631896622091 1.6817899253837825 0.33702339448063856 0.3849041855210088 0.32019153550209001 1.8787372288279582
leaf_count=5641 50 259 88 188 105 120
internal_value=-0.000271184 -0.00335562 -0.00657075 0.0018809 0.00333719 0.00430352
internal_weight=7.75138 5.30175 3.23506 2.06669 2.44963 2.12943
internal_count=6451 6176 5729 447 275 170
is_linear=0
shrinkage=0.025


Tree=329
num_leaves=6
num_cat=0
split_feature=5 25 17 25 2
split_gain=0.224686 0.297381 0.192323 0.0475153 0.0255055
threshold=4.0155036449432382 2.6968808174133305 0.01237989077344537 5.5810749530792245 3.6744810342788701
decision_type=2 2 2 2 2
left_child=1 2 -1 -3 -2
right_child=4 3 -4 -5 -6
leaf_value=-0.00063786731397041593 0 -0.0035418766097903699 0.0056726152449358171 0 -0.0045789806511176067
leaf_weight=0.83910266158636648 0.10999722617088981 0.92035556625887671 3.8794816992794949 0.50529957227809064 1.2358935699921856
leaf_count=957 48 2007 1622 273 1506
internal_value=-0.000281836 0.00154534 0.0041565 -0.00263377 -0.00425342
internal_weight=7.49013 6.14424 4.71858 1.42566 1.34589
internal_count=6413 4859 2579 2280 1554
is_linear=0
shrinkage=0.025


Tree=330
num_leaves=6
num_cat=0
split_feature=6 25 23 26 0
split_gain=0.373067 0.265636 0.166592 0.0932086 0.0375944
threshold=3.3576247692108159 2.6968808174133305 -0.025680625811219212 -1.0148830413818357 3.5861003398895268
decision_type=2 2 2 2 2
left_child=1 2 -1 -3 -2
right_child=4 3 -4 -5 -6
leaf_value=0.0058949647427545895 0 0.00068848562854946862 -0.00036716771360312988 -0.0035441246713913115 -0.0053427900452246001
leaf_weight=4.1515124696616104 0.23408446421672113 0.40533405326277705 0.55971676432818718 1.0763706265915969 1.5651465864229974
leaf_count=1676 306 30 339 1852 2274
internal_value=0 0.00248751 0.00470141 -0.00178409 -0.00490988
internal_weight=7.99216 6.19293 4.71123 1.4817 1.79923
internal_count=6477 3897 2015 1882 2580
is_linear=0
shrinkage=0.025


Tree=331
num_leaves=7
num_cat=0
split_feature=26 13 26 19 26 17
split_gain=0.250582 0.23579 0.229238 0.201726 0.0500369 0.0479362
threshold=-0.99824875593185414 2.2132625579833989 -0.38771194219589228 0.54205480217933666 -0.35186640918254847 -0.0078407153487205488
decision_type=2 2 2 2 2 2
left_child=1 -1 3 -2 -4 -3
right_child=2 5 4 -5 -6 -7
leaf_value=-0.001546870410662801 -0.0061669271177946855 0 0.0030623916327883684 0.00045706945140364802 0 0.0057700981888543397
leaf_weight=0.50998703502409659 3.4955308472999604 0.26505217750309462 0.30636818929997389 1.0033559057264936 0.17416416818014102 2.4269190879349476
leaf_count=483 5142 203 22 188 85 300
internal_value=0 0.00318356 -0.00271363 -0.00456868 0.00183685 0.00531524
internal_weight=8.18138 3.20196 4.97942 4.49889 0.480532 2.69197
internal_count=6423 986 5437 5330 107 503
is_linear=0
shrinkage=0.025


Tree=332
num_leaves=7
num_cat=0
split_feature=13 15 22 17 17 27
split_gain=0.266564 0.383 0.301899 0.145762 0.122719 0.0552388
threshold=4.2290732860565194 0.3465066552162171 0.78722152113914501 0.01237989077344537 1.1326639056205752 0.056002331897616393
decision_type=2 2 2 2 2 2
left_child=2 3 4 -2 -1 -3
right_child=1 5 -4 -5 -6 -7
leaf_value=-0.0069558038547042726 0 0 0.0016829911538125621 0.0069236559022001001 0 -0.0035089325476403005
leaf_weight=1.8448016332622508 0.29978214841321493 0.22009533693199035 1.2411416965369424 2.8781909663521219 0.71196573221823189 0.72429769462542026
leaf_count=4051 589 16 123 959 108 609
internal_value=0 0.00301887 -0.00308008 0.00591945 -0.00580302 -0.00245944
internal_weight=7.92028 4.12237 3.79791 3.17797 2.55677 0.944393
internal_count=6455 2173 4282 1548 4159 625
is_linear=0
shrinkage=0.025


Tree=333
num_leaves=7
num_cat=0
split_feature=6 21 14 21 25 5
split_gain=0.280903 0.229664 0.176364 0.12274 0.0547795 0.0174806
threshold=2.9008637666702275 0.019692956469953064 0.39564071595668798 1.2812116146087649 -4.7287168502807608 3.8847303390502934
decision_type=2 2 2 2 2 2
left_child=1 5 -3 4 -2 -1
right_child=3 2 -4 -5 -6 -7
leaf_value=-0.002251293388192536 0 0.0062343158539915821 0 0.00010688505920296134 -0.0058065882682145319 0
leaf_weight=0.69138270131224988 0.41276603106962295 2.8666990215715487 1.7874689313066481 0.81380912232270919 1.4224539539191028 0.094154320657253265
leaf_count=1599 51 1038 644 79 3107 1
internal_value=0 0.00258767 0.00450032 -0.00371664 -0.00516444 -0.00175996
internal_weight=8.08873 5.4397 4.65417 2.64903 1.83522 0.785537
internal_count=6519 3282 1682 3237 3158 1600
is_linear=0
shrinkage=0.025


Tree=334
num_leaves=6
num_cat=0
split_feature=21 23 14 24 18
split_gain=0.264846 0.255052 0.267089 0.0308344 0.018507
threshold=0.0067647821269929418 -0.025680625811219212 0.36807613074779516 -4.7665493488311759 0.67366957664489757
decision_type=2 2 2 2 2
left_child=3 2 -2 -1 -3
right_child=1 4 -4 -5 -6
leaf_value=0 0.0068623693161973219 -0.0022891999670192203 -0.00038633281165874637 -0.0042225164194550999 0
leaf_weight=0.21191248227842141 3.0773849141187384 0.86434078121965263 1.9937920471857067 1.2002599592342447 0.52080966454013833
leaf_count=23 1309 857 961 3210 91
internal_value=0 0.00254584 0.00461496 -0.00377292 -0.00173247
internal_weight=7.8685 6.45633 5.07118 1.41217 1.38515
internal_count=6451 3218 2270 3233 948
is_linear=0
shrinkage=0.025


Tree=335
num_leaves=7
num_cat=0
split_feature=6 21 14 15 2 18
split_gain=0.257669 0.217818 0.206358 0.100285 0.016726 0.0142612
threshold=2.9008637666702275 0.019692956469953064 0.42063668370246893 0.35767520964145666 4.7919359207153329 0.15345969051122668
decision_type=2 2 2 2 2 2
left_child=1 4 -3 -2 -1 -5
right_child=3 2 -4 5 -6 -7
leaf_value=-0.0021677590180792213 -0.0049419077627855289 0.006345598335302436 -0.00019805585797347003 -0.00036340591630383014 0 0.0011831664946139108
leaf_weight=0.67031333029262885 1.4046277100933369 2.8467033836823248 1.6730637830951307 0.29451232766041335 0.094154320657253265 0.86766398538020439
leaf_count=1598 2431 1067 622 588 1 155
internal_value=0 0.00255821 0.00443502 -0.00351968 -0.00167599 0
internal_weight=7.85104 5.28423 4.51977 2.5668 0.764468 1.16218
internal_count=6462 3288 1689 3174 1599 743
is_linear=0
shrinkage=0.025


Tree=336
num_leaves=7
num_cat=0
split_feature=26 26 22 6 24 26
split_gain=0.251433 0.245221 0.258523 0.188382 0.0582237 0.0484157
threshold=-1.0062996149063108 -0.38771194219589228 0.78722152113914501 4.6525022983551034 -0.12995164096355435 -0.35186640918254847
decision_type=2 2 2 2 2 2
left_child=3 2 -2 4 -1 -3
right_child=1 5 -4 -5 -6 -7
leaf_value=0.0054249180368026763 -0.0068452957020215524 0.0030158167508265825 0.00064300806915221307 -0.0012533730935624478 0 0
leaf_weight=2.2560428320066426 3.1820159225007956 0.31145992098390707 1.1648501154995754 0.46352491670768348 0.15892870858442654 0.16874595357512578
leaf_count=247 5276 25 158 479 176 86
internal_value=-1.59965e-05 -0.00301197 -0.00489943 0.00293782 0.00488788 0.00181478
internal_weight=7.70557 4.82707 4.34687 2.8785 2.41497 0.480206
internal_count=6447 5545 5434 902 423 111
is_linear=0
shrinkage=0.025


Tree=337
num_leaves=7
num_cat=0
split_feature=6 25 15 26 16 22
split_gain=0.260686 0.234057 0.0663087 0.0577551 0.0525154 0.0418075
threshold=2.9008637666702275 2.6968808174133305 0.35767520964145666 -1.0148830413818357 -0.11848437413573264 1.7472424507141116
decision_type=2 2 2 2 2 2
left_child=1 4 5 -3 -1 -2
right_child=2 3 -4 -5 -6 -7
leaf_value=0 -0.00534088697971144 0.0001668284306952787 0 -0.0030460948994484073 0.0049882987445716443 0
leaf_weight=0.45482419141626484 1.3594431421261108 0.3220018253850867 1.0897620699834076 0.94107798158984202 3.4023649668342841 0.11096061236457888
leaf_count=222 2452 27 732 1551 1439 4
internal_value=-6.1814e-05 0.00220368 -0.00388029 -0.00174981 0.0044609 -0.00489873
internal_weight=7.68043 5.12027 2.56017 1.26308 3.85719 1.4704
internal_count=6427 3239 3188 1578 1661 2456
is_linear=0
shrinkage=0.025


Tree=338
num_leaves=7
num_cat=0
split_feature=6 25 21 21 22 4
split_gain=0.254068 0.346505 0.144964 0.0781262 0.0914821 0.041253
threshold=2.9008637666702275 2.6968808174133305 0.019692956469953064 1.8658464550971987 0.92618376016616832 2.8744592666625981
decision_type=2 2 2 2 2 2
left_child=1 2 -1 4 -2 -3
right_child=3 5 -4 -5 -6 -7
leaf_value=-0.00016690174539520696 -0.0057974082424101601 -0.0034481095272644933 0.0059784390391902746 0 0 0
leaf_weight=0.42794381916974078 1.4960465432523058 0.93723218801096642 3.6399339195922948 0.5127238725835922 0.62796097408863705 0.14136227080598474
leaf_count=652 3101 1570 986 33 58 3
internal_value=-0.000101264 0.002143 0.00490714 -0.0038352 -0.0047562 -0.00271502
internal_weight=7.7832 5.14647 4.06788 2.63673 2.12401 1.07859
internal_count=6403 3211 1638 3192 3159 1573
is_linear=0
shrinkage=0.025


Tree=339
num_leaves=6
num_cat=0
split_feature=27 13 19 22 24
split_gain=0.43281 0.203883 0.0975543 0.0915713 0.0849434
threshold=0.16282909363508227 2.270145177841187 0.54205480217933666 1.3215615153312685 0.44769060611724859
decision_type=2 2 2 2 2
left_child=1 -1 3 -2 -3
right_child=2 4 -4 -5 -6
leaf_value=-0.0018737822363886951 -0.0072054989238642848 0.0049464479594717638 0 0 0
leaf_weight=0.58103479465899033 2.939793201336216 2.9900120854945276 0.59435162893350924 0.1369281942170345 0.17303039612124838
leaf_count=695 4619 509 143 5 484
internal_value=-0.00216312 0.00198845 -0.00582311 -0.0066297 0.00417673
internal_weight=7.41515 3.74408 3.67107 3.07672 3.16304
internal_count=6455 1688 4767 4624 993
is_linear=0
shrinkage=0.025


Tree=340
num_leaves=7
num_cat=0
split_feature=13 25 15 17 26 14
split_gain=0.277664 0.306624 0.145342 0.133133 0.0683688 0.0127179
threshold=4.0095963478088388 2.6968808174133305 0.35767520964145666 0.0095175788737833517 -1.0148830413818357 -0.177534244954586
decision_type=2 2 2 2 2 2
left_child=2 3 -1 -2 -3 -4
right_child=1 4 5 -5 -6 -7
leaf_value=-0.0053485554467085196 0 0.00021347194031588767 0.0011686865102852266 0.0063670648167137647 -0.0034289767970698453 0
leaf_weight=1.7825519460566286 0.3622564474535469 0.30270352956722468 0.91310951450577704 2.8897100329777459 0.75903248738541151 0.51258559457528441
leaf_count=2989 453 25 390 797 1272 498
internal_value=0 0.00274585 -0.00354782 0.00535504 -0.00203995 0.000140913
internal_weight=7.52195 4.3137 3.20825 3.25197 1.06174 1.4257
internal_count=6424 2547 3877 1250 1297 888
is_linear=0
shrinkage=0.025


Tree=341
num_leaves=7
num_cat=0
split_feature=13 22 15 17 26 16
split_gain=0.310522 0.386881 0.340672 0.162868 0.0466 0.02805
threshold=4.2290732860565194 0.78722152113914501 0.3465066552162171 0.0095175788737833517 -1.0090993046760557 -1.1767151355743406
decision_type=2 2 2 2 2 2
left_child=1 5 3 -2 -4 -1
right_child=2 -3 4 -5 -6 -7
leaf_value=0 -0.00018573533540063429 0.0017927560753274255 0 0.006818334543042457 -0.0032430489461038347 -0.0071776896091338069
leaf_weight=0.27362815268861651 0.29420566617409427 1.3350403617041591 0.2541090861777775 2.6793085699700896 0.66246946600404033 1.9908973159399466
leaf_count=41 583 128 21 927 611 4078
internal_value=-4.59965e-05 -0.00375408 0.00286375 0.00565958 -0.00226783 -0.00686771
internal_weight=7.48966 3.59957 3.89009 2.97351 0.916579 2.26453
internal_count=6389 4247 2142 1510 632 4119
is_linear=0
shrinkage=0.025


Tree=342
num_leaves=6
num_cat=0
split_feature=21 23 14 24 26
split_gain=0.324609 0.301435 0.256219 0.0297998 0.0131229
threshold=0.0067647821269929418 0.06247427128255368 0.36807613074779516 -4.7665493488311759 -0.99824875593185414
decision_type=2 2 2 2 2
left_child=3 2 -2 -1 -3
right_child=1 4 -4 -5 -6
leaf_value=0 0.0074458136331072185 0 0 -0.0040522822048778681 -0.0021768567216433245
leaf_weight=0.20951334014534939 3.2378656178862002 0.79936788577106199 2.0954780265492445 1.1872083045527686 0.54578470313572303
leaf_count=22 1350 250 972 3206 655
internal_value=0.00069674 0.00328796 0.00535728 -0.0036016 -0.00168793
internal_weight=8.07522 6.6785 5.33334 1.39672 1.34515
internal_count=6455 3227 2322 3228 905
is_linear=0
shrinkage=0.025


Tree=343
num_leaves=6
num_cat=0
split_feature=6 25 21 1 26
split_gain=0.345817 0.315136 0.123882 0.0745612 0.0550027
threshold=2.9008637666702275 2.6968808174133305 0.019692956469953064 6.4128239154815683 -1.0228783488273618
decision_type=2 2 2 2 2
left_child=1 2 -1 -2 -3
right_child=3 4 -4 -5 -6
leaf_value=0 -0.0053641785625975786 0 0.0059341393883577146 0 -0.0032932563321176598
leaf_weight=0.40911286384289258 1.8928964237729817 0.25581897718075197 3.7540768474573269 0.39379974156872766 0.99216445761339833
leaf_count=675 3082 20 1024 93 1573
internal_value=-8.58181e-05 0.00248886 0.00501917 -0.00456333 -0.00221346
internal_weight=7.69787 5.41117 4.16319 2.2867 1.24798
internal_count=6467 3292 1699 3175 1593
is_linear=0
shrinkage=0.025


Tree=344
num_leaves=7
num_cat=0
split_feature=13 22 25 21 26 23
split_gain=0.289298 0.22513 0.220939 0.134704 0.0826723 0.024847
threshold=4.0095963478088388 0.78722152113914501 2.6968808174133305 0.0067647821269929418 -1.0148830413818357 1.0000000180025095e-35
decision_type=2 2 2 2 2 2
left_child=1 -1 3 -2 -4 -3
right_child=2 5 4 -5 -6 -7
leaf_value=-0.0058607117527233812 -0.00016185999468303837 0.0018511703134576622 0.00074217423337655415 0.0059512138373172289 -0.0032265499660366738 0
leaf_weight=2.106838787962261 0.2351579501628297 0.91717806532324153 0.42222529643913709 3.014314151758299 0.72918065359772299 0.28412745910463855
leaf_count=3738 480 82 30 785 1274 41
internal_value=0 -0.00360791 0.0027802 0.00492123 -0.00133486 0.000874995
internal_weight=7.70902 3.30814 4.40088 3.24947 1.15141 1.20131
internal_count=6430 3861 2569 1265 1304 123
is_linear=0
shrinkage=0.025


Tree=345
num_leaves=5
num_cat=0
split_feature=5 25 21 26
split_gain=0.226719 0.35609 0.157898 0.0601587
threshold=4.037076711654664 2.6968808174133305 0.0067647821269929418 -1.0753670930862425
decision_type=2 2 2 2
left_child=1 2 -1 -3
right_child=-2 3 -4 -5
leaf_value=-0.00030280944651686376 -0.0038806505089801213 0 0.0057754603832948512 -0.0037669237818534818
leaf_weight=0.5694820264197914 1.3498617179920982 0.26825752856166207 4.5164650857532251 1.1294313045873421
leaf_count=920 1589 22 1672 2272
internal_value=0 0.00200304 0.00466247 -0.00277808
internal_weight=7.8335 6.48364 5.08595 1.39769
internal_count=6475 4886 2592 2294
is_linear=0
shrinkage=0.025


Tree=346
num_leaves=7
num_cat=0
split_feature=21 19 9 20 13 3
split_gain=0.397387 0.26601 0.161053 0.0829508 0.0577682 0.0335711
threshold=0.93252128362655651 0.19825292378664019 2.0003424882888798 2.1181167364120488 3.1053122282028203 1.1810124516487124
decision_type=2 2 2 2 2 2
left_child=1 3 -2 -1 -3 -4
right_child=2 4 5 -5 -6 -7
leaf_value=-0.0079779838463234568 -0.0010921869739369606 -0.0012443099346688621 0 0 0.0020315448342247649 0.0048773575079751504
leaf_weight=2.2016469955378857 0.61037406654941184 0.43298223532292501 0.15490612348367028 0.18031797776166048 1.7242776145467358 1.8850440392907328
leaf_count=5030 162 473 51 65 410 204
internal_value=-0.00182955 -0.00501936 0.00252661 -0.00742094 9.08669e-05 0.00450386
internal_weight=7.18955 4.53922 2.65032 2.38196 2.15726 2.03995
internal_count=6395 5978 417 5095 883 255
is_linear=0
shrinkage=0.025


Tree=347
num_leaves=7
num_cat=0
split_feature=26 22 5 19 22 6
split_gain=0.462015 0.212508 0.17165 0.114266 0.015749 0.0112661
threshold=-0.99824875593185414 0.78722152113914501 4.0155036449432382 0.40145985782146459 -0.099203940480947481 3.9463615417480473
decision_type=2 2 2 2 2 2
left_child=2 3 4 -2 -1 -4
right_child=1 -3 5 -5 -6 -7
leaf_value=0 -0.007819806300797285 0.00019011499218671868 0 0 0.0049237030941613946 -0.0015580409446844818
leaf_weight=0.19537139659223646 2.7769301948064826 1.0928537341496847 0.22101029573968833 0.51621610070651502 1.9951031829077694 0.52018588644568808
leaf_count=140 5070 158 36 199 175 609
internal_value=-0.00183766 -0.0053787 0.0027231 -0.0069808 0.0047133 -0.00105242
internal_weight=7.31767 4.386 2.93167 3.29315 2.19047 0.741196
internal_count=6387 5427 960 5269 315 645
is_linear=0
shrinkage=0.025


Tree=348
num_leaves=6
num_cat=0
split_feature=6 27 14 0 24
split_gain=0.296085 0.216438 0.219183 0.0308866 0.0140171
threshold=3.3576247692108159 0.16282909363508227 0.10002287104725839 3.5861003398895268 0.19004444777965548
decision_type=2 2 2 2 2
left_child=1 4 -3 -2 -1
right_child=3 2 -4 -5 -6
leaf_value=0.0047975574097298603 0 0.0023168734803633876 -0.0040004405441598908 -0.0051533383428812212 0
leaf_weight=2.3404055950340994 0.24017489793368429 0.85740576825992354 2.2404987561876624 1.4972226100489932 0.20170327938649268
leaf_count=228 303 1198 2253 2291 181
internal_value=-0.000526551 0.00181996 -0.00112922 -0.00476917 0.00460863
internal_weight=7.37741 5.64001 3.0979 1.7374 2.54211
internal_count=6454 3860 3451 2594 409
is_linear=0
shrinkage=0.025


Tree=349
num_leaves=7
num_cat=0
split_feature=6 25 21 15 26 18
split_gain=0.210729 0.204564 0.126042 0.0876481 0.085323 0.0213394
threshold=2.9008637666702275 2.6968808174133305 0.019692956469953064 0.35767520964145666 -1.0148830413818357 0.15345969051122668
decision_type=2 2 2 2 2 2
left_child=1 2 -1 -2 -3 -5
right_child=3 4 -4 5 -6 -7
leaf_value=-0.00014223752877974577 -0.0045443958454108504 0.00076977466392809846 0.0054184779951776275 -0.00061069402987857472 -0.0032336271011961788 0.0013937586538532421
leaf_weight=0.41969974929634224 1.4118094443037992 0.41476795615017181 3.4500076595231803 0.2934758553838035 0.98854224026399584 0.84944274513145501
leaf_count=677 2458 24 1008 592 1564 141
internal_value=0 0.00229424 0.00437053 -0.00320565 -0.00139718 0
internal_weight=7.82775 5.27302 3.86971 2.55473 1.40331 1.14292
internal_count=6464 3273 1685 3191 1588 733
is_linear=0
shrinkage=0.025


end of trees

feature_importances:
Column_21=234
Column_22=193
Column_13=175
Column_26=174
Column_6=167
Column_27=144
Column_24=125
Column_5=96
Column_19=93
Column_17=92
Column_25=73
Column_2=45
Column_18=44
Column_16=40
Column_7=39
Column_12=38
Column_23=38
Column_15=37
Column_3=32
Column_0=30
Column_14=30
Column_20=18
Column_11=15
Column_1=11
Column_4=10
Column_8=8
Column_9=6
Column_10=4
Column_29=4

parameters:
[boosting: gbdt]
[objective: binary]
[metric: binary_logloss]
[tree_learner: serial]
[device_type: cpu]
[data_sample_strategy: bagging]
[data: ]
[valid: ]
[num_iterations: 350]
[learning_rate: 0.025]
[num_leaves: 7]
[num_threads: 4]
[seed: 990003]
[deterministic: 0]
[force_col_wise: 0]
[force_row_wise: 0]
[histogram_pool_size: -1]
[max_depth: 3]
[min_data_in_leaf: 20]
[min_sum_hessian_in_leaf: 0.001]
[bagging_fraction: 0.8]
[pos_bagging_fraction: 1]
[neg_bagging_fraction: 1]
[bagging_freq: 1]
[bagging_seed: 990003]
[bagging_by_query: 0]
[feature_fraction: 0.8]
[feature_fraction_bynode: 1]
[feature_fraction_seed: 990003]
[extra_trees: 0]
[extra_seed: 21704]
[early_stopping_round: 0]
[early_stopping_min_delta: 0]
[first_metric_only: 0]
[max_delta_step: 0]
[lambda_l1: 0.25]
[lambda_l2: 5]
[linear_lambda: 0]
[min_gain_to_split: 0.01]
[drop_rate: 0.1]
[max_drop: 50]
[skip_drop: 0.5]
[xgboost_dart_mode: 0]
[uniform_drop: 0]
[drop_seed: 26851]
[top_rate: 0.2]
[other_rate: 0.1]
[min_data_per_group: 100]
[max_cat_threshold: 32]
[cat_l2: 10]
[cat_smooth: 10]
[max_cat_to_onehot: 4]
[top_k: 20]
[monotone_constraints: ]
[monotone_constraints_method: basic]
[monotone_penalty: 0]
[feature_contri: ]
[forcedsplits_filename: ]
[refit_decay_rate: 0.9]
[cegb_tradeoff: 1]
[cegb_penalty_split: 0]
[cegb_penalty_feature_lazy: ]
[cegb_penalty_feature_coupled: ]
[path_smooth: 0]
[interaction_constraints: ]
[verbosity: -1]
[saved_feature_importance_type: 0]
[use_quantized_grad: 0]
[num_grad_quant_bins: 4]
[quant_train_renew_leaf: 0]
[stochastic_rounding: 1]
[linear_tree: 0]
[max_bin: 255]
[max_bin_by_feature: ]
[min_data_in_bin: 3]
[bin_construct_sample_cnt: 200000]
[data_random_seed: 21707]
[is_enable_sparse: 1]
[enable_bundle: 1]
[use_missing: 1]
[zero_as_missing: 0]
[feature_pre_filter: 1]
[pre_partition: 0]
[two_round: 0]
[header: 0]
[label_column: ]
[weight_column: ]
[group_column: ]
[ignore_column: ]
[categorical_feature: ]
[forcedbins_filename: ]
[precise_float_parser: 0]
[parser_config_file: ]
[objective_seed: 9399]
[num_class: 1]
[is_unbalance: 0]
[scale_pos_weight: 1]
[sigmoid: 1]
[boost_from_average: 1]
[reg_sqrt: 0]
[alpha: 0.9]
[fair_c: 1]
[poisson_max_delta_step: 0.7]
[tweedie_variance_power: 1.5]
[lambdarank_truncation_level: 30]
[lambdarank_norm: 1]
[label_gain: ]
[lambdarank_position_bias_regularization: 0]
[eval_at: ]
[multi_error_top_k: 1]
[auc_mu_weights: ]
[num_machines: 1]
[local_listen_port: 12400]
[time_out: 120]
[machine_list_filename: ]
[machines: ]
[gpu_platform_id: -1]
[gpu_device_id: -1]
[gpu_device_id_list: ]
[gpu_use_dp: 0]
[num_gpu: 1]

end of parameters

pandas_categorical:null
